1 0 22 2341
2 0 2 1618
3 0 39 4371
4 0 2257 1180
5 0 2321 527
6 0 24 10278
7 0 215 535
8 0 129 9304
9 0 167 233
10 0 1521 4142
11 0 1523 2091
12 0 51 1294
13 0 72 557
14 0 217 1039
15 0 449 4111
16 0 33 4664
17 0 2326 4497
18 0 1043 566
19 0 1592 279
20 0 1041 2582
21 0 2563 405
22 0 216 1047
23 0 615 151
24 0 1431 4888
25 0 1287 313
26 0 89 155
27 0 1626 4123
28 0 1346 4156
29 0 339 285
30 0 267 8222
31 0 2595 31
32 0 32 6696
33 0 1831 2353
34 0 1283 302
35 0 103 107
36 0 6 2404
37 0 101 1069
38 0 2276 4142
39 0 704 1063
40 0 1753 569
41 0 1665 2217
42 0 97 4266
43 0 1416 2091
44 0 73 620
45 0 102 109
46 0 425 2094
47 0 1284 47
48 0 1877 6193
49 0 311 8249
50 0 125 690
51 0 310 8243
52 0 2217 181
53 0 21 309
54 0 2744 2102
55 1 2743 2103
56 0 2254 1592
57 0 2838 313
58 0 666 2106
59 0 1288 59
60 0 854 188
61 0 1285 61
62 0 1323 62
63 1 1284 63
64 0 1366 1729
65 0 2338 6721
66 0 1596 1110
67 0 1215 2123
68 0 7 6468
69 0 1975 117
70 0 2182 4198
71 0 2064 1095
72 0 55 2408
73 0 1999 5193
74 0 2097 203
75 0 489 4171
76 0 2277 4174
77 0 150 1101
78 0 422 590
79 0 1378 79
80 0 14 4690
81 0 1724 2137
82 0 126 722
83 0 203 595
84 0 77 12372
85 0 1974 1109
86 0 1207 2134
87 0 2596 87
88 0 1475 6232
89 0 2794 8281
90 0 1321 94
91 0 2420 91
92 0 210 604
93 0 447 93
94 0 1410 94
95 1 2595 95
96 0 132 9320
97 0 2022 1377
98 0 58 8546
99 0 2778 355
100 0 74 4708
101 0 387 4197
102 0 851 230
103 0 1598 103
104 0 2550 3176
105 0 3356 361
106 0 2707 110
107 0 3250 107
108 0 1656 124
109 0 1977 109
110 0 1684 110
111 1 102 111
112 0 1559 2672
113 0 2779 115
114 0 2597 115
115 0 1289 115
116 0 360 8308
117 0 1722 117
118 0 2492 118
119 1 2596 119
120 0 3404 1144
121 0 1723 121
122 0 2252 122
123 1 1288 123
124 0 1411 124
125 1 1722 125
126 1 1410 126
128 0 15 4802
129 0 45 1173
130 0 1498 1178
131 0 1634 391
132 0 1631 2189
133 0 1074 1413
134 0 301 6278
135 0 709 391
136 0 90 8346
137 0 2606 4489
138 0 96 6282
139 0 487 395
140 0 95 6284
141 0 218 1165
142 0 423 654
143 0 1741 143
144 0 1888 155
145 0 87 217
146 0 177 4306
147 0 200 2195
148 0 146 1428
149 0 770 157
150 0 616 182
151 0 2219 151
152 0 401 409
153 0 1771 155
154 0 179 4250
155 0 614 155
156 0 737 412
157 0 1528 157
158 1 737 414
159 1 614 159
160 0 35 12464
161 0 2156 677
162 0 158 8610
163 0 953 179
164 0 99 684
165 0 187 1189
166 0 364 678
167 1 2047 8359
168 0 1763 174
169 0 3090 2217
170 0 783 186
171 0 1740 171
172 0 100 1196
173 0 2216 173
174 0 1615 174
175 1 1740 175
176 0 2142 440
177 0 88 185
178 0 248 2226
179 1 88 187
180 0 359 8372
181 0 2157 181
182 0 782 182
183 1 615 183
184 0 2435 2232
185 0 1770 185
186 0 3062 186
187 1 1770 187
188 0 3100 188
189 1 2216 189
190 1 782 190
192 0 2027 4297
193 0 1667 2249
194 0 169 714
195 0 2138 227
196 0 147 1476
197 0 1491 709
198 0 689 2246
199 0 1379 199
200 0 2558 5320
201 0 601 217
202 0 2096 714
203 0 761 203
204 0 224 716
205 0 2637 205
206 0 1764 206
207 1 1378 207
208 0 2327 4560
209 0 3122 465
210 0 2396 8402
211 0 602 211
212 0 536 1236
213 0 1619 213
214 0 2220 214
215 1 2219 215
216 0 2633 218
217 0 2953 217
218 0 2221 218
219 1 601 219
220 0 2952 220
221 1 2952 221
222 1 2220 222
224 0 80 8432
225 0 2598 227
226 0 247 2274
227 0 1380 227
228 0 1976 229
229 0 934 229
230 0 2706 230
231 1 1379 231
232 0 2486 8424
233 0 762 233
234 0 2856 234
235 1 761 235
236 0 2523 236
237 1 1976 237
238 1 1763 238
240 0 1960 2288
241 0 2973 241
242 1 125 754
243 1 2597 243
244 0 2705 244
245 1 1975 245
246 1 2705 246
248 0 2926 248
249 1 87 249
250 1 2855 250
252 1 2926 252
256 0 8 12612
257 0 2209 5381
258 0 10 4870
259 0 1230 2339
260 0 1904 781
261 0 2490 341
262 0 136 8518
263 0 625 279
264 0 56 872
265 0 1278 905
266 0 351 3338
267 0 488 4363
268 0 1905 8461
269 0 338 301
270 0 426 2318
271 1 3321 335
272 0 156 12592
273 0 2266 341
274 0 199 2450
275 0 485 787
276 0 78 8532
277 0 379 4373
278 0 269 8470
279 0 708 279
280 0 1088 2392
281 0 2419 283
282 0 738 410
283 0 2004 283
284 0 445 796
285 0 446 285
286 0 1322 286
287 1 2418 287
288 0 1482 5024
289 0 59 8545
290 0 1674 2354
291 0 669 2339
292 0 1813 4900
293 0 500 4389
294 0 501 4390
295 0 706 295
296 0 1728 440
297 0 153 2345
298 0 739 314
299 0 670 299
300 0 291 4396
301 0 1978 301
302 0 1112 302
303 1 1283 303
304 0 19 880
305 0 2970 1329
306 0 384 370
307 0 1435 307
308 0 2314 8500
309 0 1031 309
310 0 626 310
311 1 625 311
312 0 599 376
313 0 1030 313
314 0 2250 314
315 1 1287 315
316 1 338 317
317 1 1030 317
318 1 1322 318
320 0 79 8656
321 0 165 2497
322 0 286 4450
323 0 760 331
324 0 2065 1350
325 0 2025 453
326 0 1377 327
327 0 3321 327
328 0 1624 4440
329 0 2820 1353
330 0 2841 362
331 0 2819 331
332 0 148 1356
333 0 581 333
334 0 2180 334
335 1 1377 335
336 0 1432 4944
337 0 376 8529
338 0 3032 1362
339 0 3031 339
340 0 381 2388
341 0 1833 341
342 0 2996 342
343 1 2995 343
344 0 1179 2392
345 0 2650 345
346 0 2854 346
347 1 2419 347
348 0 2416 348
349 1 446 349
350 1 1321 350
352 0 287 5472
353 0 1029 361
354 0 2269 482
355 0 2023 355
356 0 292 364
357 0 1599 357
358 0 2181 358
359 1 1598 359
360 0 3354 8552
361 0 2840 361
362 0 1672 362
363 1 2840 363
364 0 1282 364
365 1 1977 365
366 1 1282 366
368 0 1786 1392
369 1 468 4465
370 0 1673 370
371 1 2778 371
372 0 2491 372
373 1 2490 373
374 1 2491 374
376 0 2433 376
377 1 1029 377
378 1 1672 378
380 1 2432 380
384 0 294 8672
385 0 2158 421
386 0 436 4546
387 0 486 899
388 0 1188 1924
389 0 1767 2437
390 0 437 4486
391 0 915 391
392 0 293 488
393 0 671 425
394 0 1166 2442
395 0 1742 395
396 0 3147 1420
397 1 1631 2445
398 0 2179 398
399 1 1741 399
400 0 253 12688
401 0 402 8593
402 0 617 406
403 0 3121 403
404 0 618 1428
405 0 2167 405
406 0 2997 406
407 1 708 407
408 0 181 920
409 0 1769 409
410 0 2003 410
411 1 2003 411
412 0 2417 412
413 1 2563 413
414 1 2417 414
416 0 2405 426
417 0 935 421
418 0 898 422
419 0 2967 419
420 0 852 484
421 0 2049 421
422 0 914 422
423 1 914 423
424 0 1113 428
425 0 337 425
426 0 1257 426
427 1 670 427
428 0 2978 428
429 1 337 429
430 1 1112 430
432 0 37 4528
433 0 1195 433
434 0 952 434
435 1 952 435
436 0 853 436
437 1 2157 437
438 1 616 438
440 0 1343 440
441 1 1769 441
442 1 738 442
444 1 853 444
448 0 2261 4560
449 0 2562 453
450 0 1258 458
451 0 2024 451
452 0 1066 1476
453 0 1490 453
454 0 3380 454
455 1 2024 455
456 0 2809 8648
457 0 3324 457
458 0 222 458
459 1 760 459
460 0 3325 460
461 1 3324 461
462 1 2179 462
464 0 3366 496
465 0 2267 465
466 0 435 466
467 1 3121 467
468 1 78 8660
469 1 2266 469
470 1 2996 470
472 0 600 472
473 1 600 473
474 1 2854 474
476 1 2416 476
480 0 3053 1504
481 0 166 481
482 0 2122 482
483 1 2023 483
484 0 2585 484
485 1 934 485
486 1 851 486
488 0 1147 488
489 1 166 489
490 1 1257 490
492 1 292 492
496 0 2268 496
497 1 2267 497
498 1 2268 498
500 1 852 500
504 1 599 504
512 0 1 1622
513 0 635 6721
514 0 127 1618
515 0 1970 6659
516 0 70 10757
517 0 213 8725
518 0 363 4646
519 0 546 527
520 0 119 620
521 0 316 12809
522 0 2190 1550
523 0 800 8715
524 0 1882 4876
525 0 545 1549
526 0 870 2574
527 0 1131 527
528 0 539 696
529 0 208 721
530 0 180 666
531 0 604 2579
532 0 2298 2582
533 0 2658 2581
534 0 627 566
535 0 3418 535
536 0 333 632
537 0 613 665
538 0 230 666
539 0 605 539
540 0 211 4636
541 0 2686 541
542 0 1042 542
543 1 2685 543
544 0 121 684
545 0 122 681
546 0 2544 1571
547 0 705 551
548 0 245 2724
549 0 594 2597
550 1 3113 822
551 0 1141 551
552 1 969 2920
553 0 3238 569
554 0 2849 810
555 0 822 555
556 0 549 2604
557 0 1132 557
558 1 1042 574
559 1 1131 559
560 0 362 4660
561 0 1142 565
562 0 3136 570
563 0 3019 563
564 0 461 2612
565 0 1721 565
566 0 992 566
567 1 1141 567
568 0 3362 572
569 0 1286 569
570 0 2253 570
571 1 3136 571
572 0 1324 572
573 1 1285 573
574 1 1323 574
576 0 75 12868
577 0 206 737
578 0 1334 614
579 1 2781 8803
580 0 2414 4692
581 0 420 1605
582 0 458 8774
583 0 421 583
584 0 149 1612
585 0 714 8777
586 0 798 4682
587 0 2613 587
588 0 1139 590
589 0 2234 589
590 0 2232 590
591 1 421 591
592 0 2340 2768
593 0 803 721
594 0 805 595
595 1 202 1619
596 0 460 2644
597 0 214 597
598 1 0 1878
599 1 214 599
600 0 2415 604
601 0 2421 601
602 0 2222 602
603 1 2420 603
604 0 2233 604
605 1 2233 605
606 1 2232 606
608 0 246 2784
609 0 747 4705
610 0 204 611
611 0 823 611
612 0 1044 614
613 0 2051 613
614 0 1140 614
615 1 1140 615
616 0 699 1640
617 1 167 745
618 0 632 618
619 1 822 619
620 0 1332 620
621 1 72 621
622 1 1139 622
624 0 3239 632
625 0 1755 625
626 1 2252 634
627 1 203 627
628 0 1654 628
629 1 1721 629
630 1 1043 630
632 0 1331 632
633 1 3238 633
634 1 3135 634
636 1 1331 636
640 0 334 744
641 0 2166 901
642 0 228 5762
643 0 2155 675
644 0 184 9860
645 0 771 653
646 0 365 2694
647 0 2086 647
648 0 2165 905
649 0 335 681
650 0 229 1674
651 0 2640 651
652 0 3299 716
653 0 2085 653
654 0 917 654
655 1 2085 655
656 0 2345 916
657 0 3086 689
658 0 347 4754
659 0 1919 659
660 0 538 692
661 0 1618 661
662 0 3419 662
663 1 3418 663
664 0 2897 2712
665 0 2422 665
666 0 3061 666
667 1 613 667
668 0 3060 668
669 1 770 669
670 1 3060 670
672 0 1799 1697
673 0 1235 1697
674 0 984 8866
675 0 1381 675
676 0 983 8868
677 0 1617 677
678 0 991 678
679 1 2155 679
680 0 1006 1704
681 1 121 685
682 1 1256 938
683 1 3151 683
684 0 1616 684
685 1 1616 685
686 1 1615 686
688 0 1234 689
689 0 1752 689
690 0 1679 690
691 1 3152 691
692 0 2346 692
693 1 1617 693
694 1 991 694
696 0 3373 696
697 1 1752 697
698 1 3061 698
700 1 538 700
704 0 2470 709
705 0 715 713
706 0 1365 707
707 0 1212 707
708 0 988 1732
709 0 1211 709
710 0 3420 710
711 1 1211 711
712 0 168 744
713 0 2471 713
714 0 1681 714
715 1 2096 715
716 0 2522 716
717 1 2470 717
718 1 422 718
720 0 209 728
721 0 3085 721
722 0 1680 722
723 1 3153 723
724 0 1653 724
725 1 1618 725
726 1 3419 726
728 0 1925 728
729 1 208 729
730 1 1680 730
732 1 209 732
736 0 3359 4832
737 0 3297 737
738 0 3051 738
739 1 1380 739
740 0 1333 740
741 1 3297 741
742 1 1333 742
744 0 2807 744
745 1 334 745
746 1 168 746
748 1 1332 748
752 0 2516 752
753 1 3085 753
754 1 1679 754
756 1 1653 756
760 1 333 760
768 0 372 9026
769 0 2697 4897
770 0 587 13058
771 0 909 835
772 0 591 1828
773 0 998 2821
774 0 899 806
775 1 1130 783
776 0 1279 1928
777 0 908 841
778 0 1026 2826
779 0 2322 779
780 0 901 2828
781 0 1130 781
782 0 3111 782
783 1 2321 783
784 0 2343 1810
785 0 804 849
786 0 1590 2834
787 0 2324 787
788 0 597 820
789 0 484 789
790 0 3113 790
791 1 484 791
792 0 2146 793
793 0 1277 793
794 0 2145 794
795 1 2145 795
796 0 2144 796
797 1 445 797
798 1 2144 798
800 0 2584 868
801 0 1028 809
802 0 1677 4898
803 0 1676 803
804 0 1096 8996
805 0 2050 805
806 1 10 4902
807 1 705 807
808 0 2979 812
809 0 1979 809
810 0 1027 810
811 1 1027 811
812 0 1111 812
813 1 1978 813
814 1 1111 814
816 0 865 9008
817 0 1434 817
818 0 740 818
819 1 1434 819
820 0 20 820
821 1 20 821
822 1 626 822
824 0 598 824
825 1 1286 825
826 1 739 826
828 1 597 828
832 0 383 880
833 0 939 4929
834 0 940 4930
835 0 1535 835
836 0 1034 9028
837 0 1534 837
838 0 3112 838
839 1 1534 839
840 0 795 872
841 0 2649 841
842 1 908 843
843 1 3322 843
844 0 3337 844
845 1 3336 845
846 1 3111 846
848 0 1150 2896
849 0 1533 849
850 0 3134 850
851 1 804 851
852 0 2264 852
853 1 1533 853
854 1 3112 854
856 0 1926 856
857 1 2649 857
858 1 3134 858
860 1 2415 860
864 0 794 9056
865 0 1536 865
866 0 2583 866
867 1 1535 867
868 0 1470 868
869 1 2050 869
870 1 2583 870
872 0 1281 872
873 1 1028 873
874 1 2848 874
876 1 1281 876
880 0 1433 880
881 1 1433 881
882 1 383 882
884 1 19 884
888 1 598 888
896 0 2164 4993
897 1 1734 2947
898 0 2120 2946
899 0 3378 899
900 0 846 4996
901 0 1461 901
902 0 916 902
903 1 915 903
904 0 223 968
905 0 1078 905
906 0 1256 906
907 1 486 907
908 1 845 5004
909 1 2165 909
910 1 916 910
912 0 1481 5008
913 0 1017 913
914 0 3133 914
915 1 485 915
916 0 1463 916
917 1 2166 917
918 1 2997 918
920 0 2143 920
921 1 1277 921
922 1 180 922
924 1 2143 924
928 0 590 1952
929 0 123 929
930 0 2121 930
931 1 3377 931
932 1 590 1956
933 1 2049 933
934 1 898 934
936 0 3376 936
937 1 122 937
938 1 3376 938
940 1 2978 940
944 0 124 944
945 1 123 945
946 1 124 946
948 1 2345 948
952 1 2142 952
960 0 207 961
961 1 1490 965
962 0 3379 962
963 1 3378 963
964 0 1462 964
965 1 1461 965
966 1 3379 966
968 0 1280 968
969 1 3323 969
970 1 222 970
972 1 223 972
976 1 207 977
977 1 803 977
978 1 3133 978
980 1 1462 980
984 1 1925 984
992 0 18 992
993 1 206 993
994 1 2121 994
996 1 2584 996
1000 1 1280 1000
1008 1 18 1008
1024 0 131 13384
1025 0 151 1069
1026 0 1635 1411
1027 0 201 1171
1028 0 93 11276
1029 0 341 1101
1030 0 2110 1166
1031 0 508 5127
1032 0 672 1321
1033 0 1858 3097
1034 0 1869 9227
1035 0 962 3083
1036 0 1883 5644
1037 0 342 9229
1038 0 1138 1550
1039 0 2039 1039
1040 0 2080 1392
1041 0 44 1109
1042 0 174 13330
1043 0 356 1075
1044 0 192 3156
1045 0 1610 3093
1046 0 781 1078
1047 0 2994 1047
1048 0 2101 5272
1049 0 2603 1053
1050 0 1137 1562
1051 0 85 1051
1052 0 441 3100
1053 0 2256 1053
1054 0 1595 1054
1055 1 216 1055
1056 0 255 5296
1057 0 399 1081
1058 0 175 5170
1059 0 355 3107
1060 0 109 7204
1061 0 499 5157
1062 0 327 3110
1063 0 1660 1063
1064 0 1864 1640
1065 0 2859 1067
1066 0 2623 5162
1067 0 963 1067
1068 0 1315 5164
1069 0 1659 1069
1070 0 2189 1070
1071 1 1659 1071
1072 0 2149 3128
1073 0 954 1075
1074 0 778 1202
1075 0 1436 1075
1076 0 2355 1332
1077 0 357 1077
1078 0 2910 1078
1079 1 356 1079
1080 0 2766 1084
1081 0 3174 1081
1082 1 2107 1338
1083 1 2859 1083
1084 0 1658 1084
1085 1 1658 1085
1086 1 2766 1086
1088 0 2041 5193
1089 0 2507 7233
1090 0 2386 7234
1091 0 2711 1099
1092 0 189 5316
1093 0 419 9285
1094 0 1247 1110
1095 0 1597 1095
1096 0 698 3176
1097 0 86 1113
1098 0 759 1354
1099 0 2040 1099
1100 0 3184 1356
1101 0 2602 1101
1102 0 2708 1102
1103 1 2039 1103
1104 0 1243 1392
1105 0 2763 1617
1106 0 433 3154
1107 0 202 1107
1108 0 2265 1364
1109 0 1834 1109
1110 0 1319 1110
1111 1 1596 1111
1112 0 2431 1368
1113 0 2764 1113
1114 1 2078 1370
1115 1 85 1115
1116 0 3185 1116
1117 1 2602 1117
1118 1 1595 1118
1120 0 1863 3680
1121 0 492 1123
1122 0 432 3170
1123 0 1121 1123
1124 0 494 1252
1125 1 492 1127
1126 0 493 1126
1127 1 1597 1127
1128 0 2806 1256
1129 0 1227 1129
1130 0 2858 1130
1131 1 2858 1131
1132 1 101 1133
1133 1 150 1133
1134 1 2707 1134
1136 0 497 1140
1137 0 1756 1137
1138 0 3 1138
1139 1 2779 1139
1140 0 1248 1140
1141 1 1974 1141
1142 1 1247 1142
1144 0 2765 1144
1145 1 2764 1145
1146 1 3404 1146
1148 1 2765 1148
1152 0 185 3716
1153 0 1016 1921
1154 0 240 5251
1155 0 775 5251
1156 0 1064 1189
1157 0 842 9349
1158 0 366 3206
1159 1 217 1167
1160 0 221 1480
1161 0 1007 1193
1162 0 350 3210
1163 0 1760 1163
1164 0 329 3212
1165 0 1063 1165
1166 0 1639 1166
1167 1 3148 1167
1168 0 400 1177
1169 0 817 5265
1170 0 777 1234
1171 0 1772 1171
1172 0 537 1204
1173 0 2218 1173
1174 1 687 3222
1175 1 2218 1175
1176 0 2002 1178
1177 0 2423 1177
1178 0 1444 1178
1179 1 1771 1179
1180 0 1497 1180
1181 1 2256 1181
1182 1 1497 1182
1184 0 2723 1700
1185 0 1008 1187
1186 0 2153 3234
1187 0 1382 1187
1188 0 874 3236
1189 0 1009 1189
1190 1 990 1702
1191 1 1008 1191
1192 0 1509 1194
1193 1 100 1197
1194 0 1640 1194
1195 1 1007 1195
1196 0 2928 1196
1197 1 1063 1197
1198 1 1639 1198
1200 0 3203 1712
1201 0 2972 1201
1202 0 1443 1202
1203 1 953 1203
1204 0 3099 1204
1205 1 2217 1205
1206 1 781 1206
1208 0 3403 1208
1209 1 399 1209
1210 1 1443 1210
1212 1 3099 1212
1216 0 2634 1240
1217 0 776 1219
1218 0 2111 1226
1219 0 2063 1219
1220 0 2725 1732
1221 1 1065 1477
1222 0 2205 1222
1223 1 2063 1223
1224 0 2112 5320
1225 0 2636 1225
1226 0 2098 1226
1227 1 2097 1227
1228 1 219 3276
1229 1 2636 1229
1230 1 2110 1230
1232 0 1496 1240
1233 0 1071 1233
1234 0 434 1234
1235 1 201 1235
1236 0 1246 1236
1237 1 44 1237
1238 1 1246 1238
1240 0 2259 1240
1241 1 86 1241
1242 1 2633 1242
1244 1 1496 1244
1248 0 1068 1760
1249 0 1145 1249
1250 0 2139 1250
1251 1 2138 1251
1252 0 188 1252
1253 1 187 1253
1254 1 493 1254
1256 0 2140 1256
1257 1 2805 1257
1258 1 2139 1258
1260 1 2927 1260
1264 1 80 9456
1265 1 2972 1265
1266 1 777 1266
1268 1 536 1268
1272 1 3403 1272
1280 0 130 9544
1281 0 369 9475
1282 0 143 13570
1283 0 976 1299
1284 0 2083 1413
1285 0 340 1293
1286 0 367 3334
1287 0 2408 1287
1288 0 370 9482
1289 0 2651 1305
1290 0 758 3338
1291 1 759 1355
1292 0 903 3340
1293 0 2038 1293
1294 0 2109 1294
1295 1 2038 1295
1296 0 2226 1330
1297 0 1582 1329
1298 0 779 1330
1299 1 975 1307
1300 0 619 1364
1301 0 974 1301
1302 0 2356 1302
1303 1 2994 1303
1304 0 2430 1306
1305 0 975 1305
1306 0 2108 1306
1307 1 2429 1307
1308 1 339 1309
1309 1 974 1309
1310 1 2108 1310
1312 0 2081 1329
1313 0 2354 1317
1314 0 810 1322
1315 0 1698 1315
1316 0 995 3364
1317 0 1661 1317
1318 0 3196 1318
1319 1 1660 1319
1320 0 1228 1321
1321 0 1697 1321
1322 0 2188 1322
1323 1 1697 1323
1324 0 1901 1324
1325 1 2980 1325
1326 1 2188 1326
1328 0 1099 5424
1329 0 1699 1329
1330 0 2107 1330
1331 1 1435 1331
1332 0 1098 1332
1333 1 2354 1333
1334 1 2355 1334
1336 0 2837 1336
1337 1 2837 1337
1338 1 2879 1338
1340 1 3363 1340
1344 0 353 3394
1345 0 1013 1857
1346 0 1385 1347
1347 0 2963 1347
1348 0 1002 9540
1349 1 2265 1365
1350 0 1784 1350
1351 1 2064 1351
1352 0 1400 5448
1353 0 1669 1353
1354 0 52 1354
1355 1 2819 1355
1356 0 1691 1356
1357 1 340 1357
1358 1 51 1358
1360 0 620 3408
1361 0 1787 1361
1362 0 2078 1362
1363 1 3031 1363
1364 0 1785 1364
1365 1 1833 1365
1366 1 1784 1366
1368 0 2079 1368
1369 1 2650 1369
1370 1 2430 1370
1372 1 2431 1372
1376 0 1085 3424
1377 0 1242 1377
1378 0 4 1378
1379 1 2022 1379
1380 0 3054 1380
1381 1 2821 1381
1382 1 3196 1382
1384 0 2187 1384
1385 1 1227 1385
1386 1 2187 1386
1388 1 3054 1388
1392 1 1786 1393
1393 1 1242 1393
1394 1 3 1394
1396 1 1785 1396
1400 1 2079 1400
1408 0 2716 1414
1409 1 1352 5509
1410 0 1384 1411
1411 0 1548 1411
1412 0 996 3460
1413 0 1065 1413
1414 0 2407 1414
1415 1 1634 1415
1416 0 1005 1928
1417 0 1549 1417
1418 0 2247 1418
1419 1 1548 1419
1420 0 2812 1420
1421 1 3147 1421
1422 1 2109 1422
1424 0 1342 1456
1425 0 2082 1425
1426 0 1636 1426
1427 1 1635 1427
1428 0 3146 1428
1429 1 2082 1429
1430 1 617 1430
1432 1 1342 1464
1433 1 400 1433
1434 1 2002 1434
1436 1 3146 1436
1440 0 1084 3488
1441 0 2968 1441
1442 0 2406 1442
1443 1 2967 1443
1444 1 995 3492
1445 1 1064 1445
1446 1 2406 1446
1448 0 2141 1448
1449 1 671 1449
1450 1 2405 1450
1452 1 2811 1452
1456 0 3365 1456
1457 1 2081 1457
1458 1 778 1458
1460 1 3364 1460
1464 1 2141 1464
1472 0 2514 1488
1473 0 1073 1473
1474 0 2076 1474
1475 1 1384 1475
1476 0 3381 1476
1477 1 1073 1477
1478 1 3380 1478
1480 0 2635 1480
1481 1 2635 1481
1482 1 221 1482
1484 1 147 1484
1488 0 2260 1488
1489 1 3122 1489
1490 1 434 1490
1492 1 146 1492
1496 1 2259 1496
1504 0 1146 1504
1505 1 1145 1505
1506 1 3052 1506
1508 1 3053 1508
1512 1 1146 1512
1520 1 3365 1520
1536 0 1539 3680
1537 0 1367 1921
1538 0 2342 3602
1539 0 606 1555
1540 0 190 5700
1541 0 2319 9733
1542 0 990 1670
1543 0 2203 1543
1544 0 674 1577
1545 1 1805 5897
1546 0 2358 1802
1547 1 317 9739
1548 0 330 3596
1549 0 2037 1549
1550 0 1406 1550
1551 1 545 1551
1552 0 1751 1585
1553 0 676 3601
1554 0 728 5650
1555 0 2713 1555
1556 1 2264 1876
1557 0 677 1557
1558 0 2911 1558
1559 1 215 1559
1560 0 332 1624
1561 0 675 1561
1562 0 729 1562
1563 1 605 1563
1564 0 2255 1564
1565 1 2255 1565
1566 1 1137 1566
1568 0 431 3618
1569 1 1234 1713
1570 0 2543 1586
1571 0 1173 1571
1572 0 456 9764
1573 0 1133 1573
1574 1 430 3622
1575 1 704 1575
1576 0 3173 1592
1577 0 2545 1577
1578 0 1510 1578
1579 1 2544 1579
1580 1 99 1708
1581 1 1132 1581
1582 1 2189 1582
1584 0 864 9776
1585 0 1143 1585
1586 0 2227 1586
1587 1 2543 1587
1588 1 2254 1596
1589 1 1142 1589
1590 1 2910 1590
1592 0 1467 1592
1593 1 674 1593
1594 1 2253 1594
1596 1 3362 1596
1600 0 515 3656
1601 0 2546 1633
1602 0 1796 1603
1603 0 2712 1603
1604 0 1245 1620
1605 0 2731 1605
1606 0 2733 1606
1607 1 420 1607
1608 0 3334 5704
1609 1 149 1613
1610 0 170 1610
1611 1 2711 1611
1612 0 3186 1612
1613 1 3186 1613
1614 1 1138 1614
1616 0 128 1624
1617 0 1973 1617
1618 1 1 1622
1619 1 2712 1619
1620 0 191 1620
1621 1 1973 1621
1622 0 0 1878
1624 0 3171 1624
1625 1 2763 1625
1626 1 127 1626
1628 1 3185 1628
1632 0 2732 1636
1633 0 1120 1633
1634 0 631 1634
1635 1 1120 1635
1636 0 1469 1636
1637 1 2731 1637
1638 1 2732 1638
1640 0 1468 1640
1641 1 2545 1641
1642 1 631 1642
1644 1 1468 1644
1648 1 332 1656
1649 1 1755 1649
1650 1 2 1650
1652 1 3042 1652
1656 1 1467 1656
1664 0 226 3716
1665 0 843 1669
1666 0 2949 1670
1667 0 47 1667
1668 0 227 5764
1669 0 2084 1669
1670 0 2204 1670
1671 1 2203 1671
1672 0 989 1676
1673 0 1446 1673
1674 0 1445 1674
1675 1 1445 1675
1676 0 2724 1676
1677 1 2084 1677
1678 1 989 1678
1680 0 686 1684
1681 0 46 1681
1682 1 229 1690
1683 1 46 1683
1684 0 2950 1684
1685 1 45 1685
1686 1 2949 1686
1688 0 182 1688
1689 1 2422 1689
1690 1 1444 1690
1692 1 2950 1692
1696 0 1010 1697
1697 0 1144 1697
1698 0 2668 1698
1699 1 1381 1699
1700 0 2667 1700
1701 1 1009 1701
1702 1 2667 1702
1704 0 3374 1704
1705 1 1006 1705
1706 1 1509 1706
1708 1 2723 1708
1712 0 2542 1712
1713 1 1143 1713
1714 1 2542 1714
1716 1 537 1716
1720 1 3373 1720
1728 0 2515 1744
1729 0 1070 1729
1730 0 3308 1730
1731 1 1365 1731
1732 0 2666 1732
1733 1 2469 1733
1734 1 2204 1734
1736 0 716 1736
1737 1 715 1737
1738 1 169 1738
1740 1 988 1740
1744 0 1924 1744
1745 1 1070 1745
1746 1 126 1746
1748 1 1245 1748
1752 1 1924 1752
1760 0 3296 1760
1761 1 1144 1761
1762 1 3051 1762
1764 1 2666 1764
1768 1 2806 1768
1776 1 2515 1776
1792 0 726 5889
1793 0 2714 1795
1794 0 2089 1795
1795 0 1015 1795
1796 0 790 9988
1797 0 2961 1797
1798 0 2357 1798
1799 1 2714 1799
1800 0 1004 9992
1801 0 1014 1801
1802 0 2090 1802
1803 1 1014 1803
1804 0 1254 1804
1805 1 2037 1805
1806 1 2357 1806
1808 0 973 1812
1809 0 1750 1809
1810 0 1388 1810
1811 1 2713 1811
1812 0 1253 1812
1813 1 973 1813
1814 1 2356 1814
1816 0 2147 1816
1817 1 2146 1817
1818 1 2365 1818
1820 1 1253 1820
1824 0 1101 3872
1825 0 2021 1825
1826 0 1102 1826
1827 1 2885 1827
1828 0 1103 1828
1829 1 2960 1829
1830 1 1102 1830
1832 0 1696 1832
1833 1 1696 1833
1834 1 2880 1834
1836 1 2979 1836
1840 0 972 1840
1841 1 1750 1841
1842 1 2226 1842
1844 1 972 1844
1848 1 3172 1848
1856 0 2734 1858
1857 0 2962 1857
1858 0 2077 1858
1859 1 2962 1859
1860 0 2727 1860
1861 1 2961 1861
1862 1 2733 1862
1864 0 2359 1864
1865 1 1013 1865
1866 1 2358 1866
1868 1 148 1868
1872 0 1244 1872
1873 1 3123 1873
1874 1 2077 1874
1876 1 1244 1876
1880 1 3171 1880
1888 0 1695 1888
1889 1 2021 1889
1890 1 2847 1890
1892 1 1469 1892
1896 1 1695 1896
1904 1 1243 1904
1920 0 755 3968
1921 0 1011 1921
1922 1 1389 6018
1923 1 1015 1923
1924 0 1104 1924
1925 1 2083 1925
1926 1 2715 1926
1928 0 1255 1928
1929 1 1278 1929
1930 1 1255 1930
1932 1 1254 1932
1936 0 2344 1936
1937 1 1016 1937
1938 1 2343 1938
1940 1 2344 1940
1944 1 181 1944
1952 0 2887 1952
1953 1 1010 1953
1954 1 2886 1954
1956 1 1103 1956
1960 1 1005 1960
1968 1 2887 1968
1984 0 1067 1984
1985 1 1366 1985
1986 1 2076 1986
1988 1 1066 1988
1992 1 1279 1992
2000 1 2514 2000
2016 1 1067 2016
2048 0 397 7216
2049 0 69 14341
2050 0 1911 2323
2051 0 1675 2339
2052 0 76 14404
2053 0 152 2093
2054 0 2410 6406
2055 0 450 2063
2056 0 398 3128
2057 0 1885 3593
2058 0 277 10254
2059 0 927 2123
2060 0 262 11276
2061 0 547 2573
2062 0 424 2190
2063 0 1417 2063
2064 0 558 10544
2065 0 234 2329
2066 0 178 6290
2067 0 603 2131
2068 0 2659 2197
2069 0 511 3093
2070 0 2745 2078
2071 0 2743 2071
2072 0 1948 2329
2073 0 884 2201
2074 0 665 10266
2075 0 929 2075
2076 0 440 6172
2077 0 2688 2077
2078 0 1404 2078
2079 1 2594 2079
2080 0 108 14372
2081 0 2446 6193
2082 0 280 10275
2083 0 560 10275
2084 0 263 10284
2085 0 579 2149
2086 0 300 6182
2087 1 1968 2599
2088 0 529 2220
2089 1 3249 2155
2090 0 811 2346
2091 0 928 2091
2092 0 2150 3116
2093 0 2661 2093
2094 1 327 3118
2095 1 1416 2095
2096 0 258 2232
2097 0 828 2161
2098 0 3065 2102
2099 1 1583 2355
2100 0 2313 2356
2101 0 2482 2101
2102 0 993 2102
2103 1 3065 2103
2104 0 1344 2360
2105 1 1947 2361
2106 1 665 10298
2107 1 928 2107
2108 0 1345 2108
2109 1 2660 2109
2110 1 2744 2110
2112 0 2030 6465
2113 0 354 3139
2114 0 297 10562
2115 0 2307 2119
2116 0 390 6244
2117 0 580 2125
2118 0 871 2126
2119 0 1823 2119
2120 0 2444 2137
2121 1 2444 6233
2122 0 2578 2250
2123 0 961 2123
2124 0 833 2252
2125 0 960 2125
2126 0 1685 2126
2127 1 960 2127
2128 0 321 10328
2129 0 164 2257
2130 0 911 2386
2131 0 1220 2131
2132 0 932 2260
2133 0 1620 2133
2134 0 1320 2134
2135 1 3066 2135
2136 0 694 10328
2137 0 1216 2137
2138 0 3034 2138
2139 1 1215 2139
2140 0 2689 2140
2141 1 2688 2141
2142 1 1320 2142
2144 0 299 6242
2145 0 697 2153
2146 0 407 10338
2147 0 578 2147
2148 0 495 3172
2149 0 2483 2149
2150 0 2493 2150
2151 1 578 2151
2152 0 3249 2154
2153 0 2575 2153
2154 0 1414 2154
2155 1 927 2155
2156 0 1412 2156
2157 1 579 2157
2158 1 1684 2158
2160 0 408 10352
2161 0 1219 2161
2162 0 3406 2162
2163 1 1219 2163
2164 1 1248 3188
2165 1 2482 2165
2166 1 2492 2166
2168 0 2434 2168
2169 1 1723 2169
2170 1 3405 2170
2172 1 1411 2172
2176 0 1232 2945
2177 0 576 10371
2178 0 249 10386
2179 0 773 2183
2180 0 1529 2189
2181 0 752 2437
2182 0 531 2214
2183 0 1612 2183
2184 0 1939 2441
2185 0 883 2697
2186 0 568 2190
2187 0 1887 2187
2188 0 873 3212
2189 0 1049 2189
2190 0 1048 2190
2191 1 1048 2191
2192 0 196 10416
2193 0 765 10385
2194 0 348 2706
2195 0 1826 2195
2196 0 439 6292
2197 0 2438 2197
2198 0 2875 2198
2199 1 2742 2199
2200 0 232 10392
2201 0 1666 2201
2202 0 930 2202
2203 1 929 2203
2204 0 931 2204
2205 1 1528 2205
2206 1 930 2206
2208 0 1962 2218
2209 0 244 2721
2210 0 504 6306
2211 0 2154 2211
2212 0 391 6308
2213 1 933 2277
2214 0 1613 2214
2215 1 1612 2215
2216 0 1273 6312
2217 0 1630 2217
2218 0 1739 2218
2219 1 1739 2219
2220 0 2977 2220
2221 1 1630 2221
2222 1 424 2222
2224 0 1561 3248
2225 0 1562 2225
2226 0 1563 2226
2227 1 1562 2227
2228 0 530 2228
2229 1 2659 2229
2230 1 530 2230
2232 0 1961 2232
2233 1 1665 2233
2234 1 1961 2234
2236 1 529 2236
2240 0 1072 3265
2241 0 3271 6337
2242 0 1213 2243
2243 0 577 2243
2244 0 691 10436
2245 0 690 2245
2246 0 1765 2246
2247 1 689 2247
2248 0 3035 2250
2249 0 1530 2249
2250 0 2552 2250
2251 1 2638 2251
2252 1 1050 10444
2253 1 1529 2253
2254 1 1764 2254
2256 0 1218 2257
2257 1 163 2265
2258 1 177 6354
2259 1 602 2259
2260 0 1994 2260
2261 1 1619 2261
2262 1 3067 2262
2264 0 163 2264
2265 1 1666 2265
2266 1 3034 2266
2268 1 931 2268
2272 0 933 2276
2273 0 763 2273
2274 0 2587 2274
2275 1 577 2275
2276 0 2976 2276
2277 1 2975 2277
2278 1 2493 2278
2280 0 2551 2280
2281 1 762 2281
2282 1 2551 2282
2284 1 2976 2284
2288 1 2434 2296
2289 1 1218 2289
2290 1 247 2290
2292 1 932 2292
2296 1 1960 2296
2304 0 753 3457
2305 0 3074 2819
2306 0 352 11522
2307 0 707 2311
2308 0 394 6420
2309 0 2305 2821
2310 0 566 10502
2311 0 999 2311
2312 0 541 2840
2313 0 1079 2825
2314 0 836 2330
2315 0 1418 2315
2316 0 736 2332
2317 0 3189 2317
2318 1 50 3342
2319 1 1417 2319
2320 0 443 3352
2321 0 1087 2385
2322 0 912 2450
2323 0 1591 2323
2324 1 2262 6484
2325 1 707 2327
2326 0 1206 2326
2327 1 1591 2327
2328 0 3192 2360
2329 0 1725 2329
2330 0 1419 2330
2331 1 1418 2331
2332 0 1949 2332
2333 1 1948 2333
2334 1 2745 2334
2336 0 2312 2468
2337 0 1194 2465
2338 0 502 6434
2339 0 1193 2339
2340 0 551 10532
2341 0 2353 2341
2342 1 23 10534
2343 1 706 2343
2344 0 1585 2360
2345 0 3191 2345
2346 0 2071 2346
2347 1 669 2347
2348 0 1902 2348
2349 1 152 2349
2350 1 425 2350
2352 0 382 2416
2353 0 1583 2353
2354 0 1584 2354
2355 1 1674 2355
2356 0 994 2356
2357 1 21 2357
2358 1 993 2358
2360 0 1947 2360
2361 1 3191 2361
2362 1 1584 2362
2364 1 1344 2364
2368 0 2306 2373
2369 0 892 10561
2370 0 910 2371
2371 0 1214 2371
2372 0 1190 3396
2373 0 1191 2373
2374 0 2066 2374
2375 1 2306 2375
2376 0 969 2888
2377 1 1087 2393
2378 0 3248 2378
2379 1 1214 2379
2380 0 2646 2380
2381 1 580 2381
2382 1 2645 2382
2384 0 621 10576
2385 0 1832 2385
2386 0 2068 2386
2387 1 910 2387
2388 0 2263 2388
2389 1 1832 2389
2390 1 1206 2390
2392 0 835 2392
2393 1 1724 2393
2394 1 835 2394
2396 1 2689 2396
2400 0 2800 2912
2401 0 1192 2401
2402 0 1201 2402
2403 1 1192 2403
2404 0 2799 2404
2405 1 1191 2405
2406 1 2798 2406
2408 0 2647 2408
2409 1 3355 2409
2410 1 3248 2410
2412 1 2646 2412
2416 1 382 2928
2417 1 1831 2417
2418 1 1673 2418
2420 1 381 2420
2424 1 2433 2424
2432 0 438 6532
2433 1 1167 2953
2434 0 567 2438
2435 0 1916 2435
2436 0 913 2438
2437 0 1632 2437
2438 0 1766 2438
2439 1 1766 2439
2440 0 1148 2504
2441 0 1768 2441
2442 0 1938 2442
2443 1 1938 2443
2444 0 902 2444
2445 1 1767 2445
2446 1 567 2446
2448 0 1500 3472
2449 0 2168 2449
2450 0 1937 2450
2451 1 199 2451
2452 0 2440 2452
2453 1 2167 2453
2454 1 912 2454
2456 0 1727 2456
2457 1 1768 2457
2458 1 1937 2458
2460 1 736 2460
2464 0 813 10656
2465 0 3089 2465
2466 0 2070 2466
2467 1 1193 2467
2468 0 2159 2468
2469 1 2158 2469
2470 1 913 2470
2472 1 1343 2488
2473 1 3089 2473
2474 1 2070 2474
2476 1 2977 2476
2480 0 814 2480
2481 1 1194 2481
2482 1 2877 2482
2484 1 2312 2484
2488 1 1727 2488
2496 0 2579 2498
2497 0 1531 2497
2498 0 2069 2498
2499 1 1213 2499
2500 0 2561 2500
2501 1 2561 2501
2502 1 1765 2502
2504 0 834 2504
2505 1 1530 2505
2506 1 2578 2506
2508 1 833 2508
2512 0 3367 2512
2513 1 164 2513
2514 1 911 2514
2516 1 3367 2516
2520 1 834 2520
2528 0 2586 2528
2529 1 165 2529
2530 1 2069 2530
2532 1 2585 2532
2536 1 1147 2536
2544 1 3366 2544
2560 0 719 10896
2561 0 29 6913
2562 0 307 10786
2563 0 452 10755
2564 0 392 6788
2565 0 1969 2567
2566 0 564 10758
2567 0 1824 2567
2568 0 3338 2888
2569 0 2612 2633
2570 1 1025 2842
2571 1 1886 2699
2572 0 548 2588
2573 0 71 2573
2574 0 1405 2574
2575 1 546 2575
2576 0 393 6676
2577 0 3388 2609
2578 0 2296 6674
2579 0 1825 2579
2580 0 596 2612
2581 0 958 2581
2582 0 1024 2582
2583 1 1824 2583
2584 0 540 2712
2585 0 542 2585
2586 0 837 2586
2587 1 604 2587
2588 0 2300 2588
2589 1 547 2589
2590 1 1041 2590
2592 0 3017 2597
2593 1 1675 2851
2594 0 503 6690
2595 0 3018 2595
2596 0 2481 2612
2597 0 1968 2597
2598 0 869 2598
2599 1 3017 2599
2600 0 3168 6696
2601 0 1664 2601
2602 0 1415 2602
2603 1 1415 2603
2604 0 120 2604
2605 1 71 2605
2606 1 869 2606
2608 0 720 10800
2609 0 1830 2609
2610 0 867 2610
2611 1 3018 2611
2612 0 2347 2612
2613 1 2481 2613
2614 1 992 2614
2616 0 3237 2616
2617 1 3237 2617
2618 1 3236 2618
2620 1 548 2620
2624 0 645 10832
2625 0 3409 6721
2626 0 2067 2882
2627 1 1796 3651
2628 0 2194 2630
2629 0 959 2629
2630 0 1045 2630
2631 1 1823 2631
2632 0 968 2634
2633 0 2472 2633
2634 0 2197 2634
2635 1 2612 2635
2636 0 1177 2636
2637 1 959 2637
2638 1 870 2638
2640 0 2361 3664
2641 0 827 2641
2642 0 2196 2642
2643 1 603 2643
2644 0 2299 2644
2645 1 958 2645
2646 1 2298 2646
2648 0 2443 2648
2649 1 2443 2649
2650 1 2196 2650
2652 1 2299 2652
2656 0 970 2912
2657 0 205 2657
2658 1 629 10850
2659 1 204 2659
2660 0 3016 2660
2661 1 3016 2661
2662 1 1044 2662
2664 0 2576 2664
2665 1 2575 2665
2666 1 1414 2666
2668 1 119 2668
2672 0 1330 2672
2673 1 827 2673
2674 1 3406 2674
2676 1 460 2676
2680 1 1330 2680
2688 0 16 6848
2689 0 826 2753
2690 0 1991 2946
2691 0 1734 2691
2692 0 1492 2756
2693 0 772 2693
2694 0 1736 2694
2695 1 772 2695
2696 0 161 10888
2697 0 1886 2697
2698 0 1738 2698
2699 1 2639 2699
2700 0 225 2700
2701 1 771 2701
2702 1 423 2702
2704 0 2889 2960
2705 0 1233 2705
2706 0 1737 2706
2707 1 1825 2707
2708 0 2441 2708
2709 1 2658 2709
2710 1 1736 2710
2712 0 2442 2712
2713 1 883 2713
2714 1 1737 2714
2716 1 2441 2716
2720 0 1862 3744
2721 0 3088 2721
2722 0 1564 2722
2723 1 2154 2723
2724 1 185 3748
2725 1 244 2725
2726 1 364 2726
2728 0 3375 2728
2729 1 1664 2729
2730 1 1738 2730
2732 1 120 2732
2736 0 1959 2736
2737 1 1233 2737
2738 1 1563 2738
2740 1 2346 2740
2744 1 539 2744
2752 0 2519 6848
2753 1 635 6849
2754 0 2195 2754
2755 1 1212 2755
2756 0 1993 2756
2757 1 1491 2757
2758 1 2194 2758
2760 0 2577 2760
2761 1 2471 2761
2762 1 2577 2762
2764 1 224 2764
2768 0 1652 2768
2769 1 826 2769
2770 1 2195 2770
2772 1 1652 2772
2776 1 2442 2776
2784 0 17 2784
2785 1 205 2785
2786 1 246 2786
2788 1 245 2788
2792 1 2576 2792
2800 1 1959 2800
2816 0 732 12032
2817 0 2323 2819
2818 0 756 3842
2819 0 1231 2819
2820 0 900 2822
2821 0 1169 2821
2822 0 3110 2822
2823 1 998 2823
2824 0 1946 2856
2825 0 2019 2825
2826 0 2091 2826
2827 1 2322 2827
2828 0 1903 2828
2829 1 1903 2829
2830 1 900 2830
2832 0 444 2840
2833 1 1590 2835
2834 0 1025 2834
2835 1 2323 2835
2836 0 3144 2836
2837 1 3143 2837
2838 1 1024 2838
2840 1 443 3864
2841 1 541 2841
2842 1 836 2842
2844 1 444 2844
2848 0 971 2864
2849 0 2020 2849
2850 1 1101 3874
2851 1 1230 2851
2852 0 2304 2852
2853 1 2304 2853
2854 1 899 2854
2856 0 1587 2856
2857 1 2019 2857
2858 1 1026 2858
2860 1 1902 2860
2864 0 866 2864
2865 1 1830 2865
2866 1 866 2866
2868 1 596 2868
2872 1 1946 2872
2880 0 2648 2888
2881 0 1532 2881
2882 0 1202 2882
2883 1 909 2883
2884 1 1177 2892
2885 1 2305 2885
2886 1 2066 2886
2888 0 1178 2888
2889 1 2648 2889
2890 1 968 2890
2892 1 3337 2892
2896 0 1748 2896
2897 1 1532 2897
2898 1 2067 2898
2900 1 2263 2900
2904 1 1178 2904
2912 0 1537 2912
2913 1 1536 2913
2914 1 1201 2914
2916 1 2799 2916
2920 1 55 2920
2928 1 970 2928
2944 0 1149 3008
2945 0 1168 2945
2946 0 1735 2946
2947 1 1231 2947
2948 0 2303 2948
2949 1 1168 2949
2950 1 1735 2950
2952 0 1167 2952
2953 1 1078 2953
2954 1 1166 2954
2956 1 901 2956
2960 0 1936 2960
2961 1 1232 2961
2962 1 1936 2962
2964 1 2440 2964
2968 1 540 2968
2976 0 1935 2976
2977 1 3088 2977
2978 1 2120 2978
2980 1 2303 2980
2984 1 3375 2984
2992 1 1935 2992
3008 0 1992 3008
3009 1 1531 3009
3010 1 1991 3010
3012 1 1992 3012
3016 1 1148 3016
3024 1 1149 3024
3040 1 17 3040
3072 0 2106 3346
3073 0 236 7185
3074 0 396 7186
3075 0 878 11267
3076 0 1884 3596
3077 0 875 3205
3078 0 428 11270
3079 0 2202 3079
3080 0 569 3210
3081 0 877 11273
3082 0 1420 3098
3083 0 1759 3083
3084 0 1081 3340
3085 0 3188 3085
3086 0 328 3086
3087 1 2593 3087
3088 0 323 11344
3089 0 513 3153
3090 0 574 11282
3091 0 1912 3091
3092 0 1950 3100
3093 0 957 3093
3094 1 1319 3158
3095 1 3318 3095
3096 0 730 3608
3097 0 1758 3097
3098 0 442 3098
3099 1 1758 3099
3100 0 1857 3100
3101 1 1857 3101
3102 1 441 3102
3104 0 2332 7208
3105 0 2969 3361
3106 0 430 3110
3107 0 326 3107
3108 0 3344 3110
3109 0 1662 3109
3110 0 2909 3110
3111 1 326 3111
3112 1 2149 3132
3113 1 398 3129
3114 0 2151 3114
3115 1 962 3115
3116 0 1951 3116
3117 1 151 3117
3118 1 2150 3118
3120 0 476 11312
3121 0 956 3121
3122 0 1860 3122
3123 1 355 3123
3124 0 462 3124
3125 1 956 3125
3126 1 2909 3126
3128 0 1859 3128
3129 1 1858 3129
3130 1 1859 3130
3132 1 1950 3132
3136 0 2185 3184
3137 0 2730 3141
3138 0 325 3139
3139 0 3072 3139
3140 0 1995 3156
3141 0 1997 3141
3142 0 2201 3142
3143 1 2201 3143
3144 0 1413 3176
3145 0 1668 3145
3146 0 2198 3146
3147 1 961 3147
3148 0 872 3148
3149 1 3187 3149
3150 1 871 3150
3152 0 1249 3184
3153 0 1757 3153
3154 0 3033 3154
3155 1 3071 3155
3156 0 1621 3156
3157 1 1620 3157
3158 1 3070 3158
3160 0 1856 3160
3161 1 1757 3161
3162 1 3033 3162
3164 1 1856 3164
3168 1 2800 3936
3169 1 325 3171
3170 0 3343 3170
3171 1 354 3171
3172 0 1996 3172
3173 1 1996 3173
3174 1 3343 3174
3176 0 2186 3176
3177 1 697 3177
3178 1 1413 3178
3180 1 1412 3180
3184 0 1560 3184
3185 1 1756 3185
3186 1 432 3186
3188 1 1995 3188
3192 1 2185 3192
3200 0 532 3206
3201 0 876 11393
3202 0 3289 3234
3203 0 48 3203
3204 0 533 11396
3205 0 1611 3205
3206 0 688 3206
3207 1 1611 3207
3208 0 885 3224
3209 1 876 11401
3210 0 2099 3210
3211 1 1759 3211
3212 0 219 3212
3213 1 218 3213
3214 1 328 3214
3216 0 687 3220
3217 0 1501 3217
3218 0 2876 3218
3219 1 200 3219
3220 0 2437 3220
3221 1 1610 3221
3222 1 2875 3222
3224 0 1499 3224
3225 1 884 3225
3226 1 1498 3226
3228 1 2257 3228
3232 0 1778 3240
3233 1 874 3237
3234 0 1861 3234
3235 1 2153 3235
3236 0 186 3236
3237 1 186 3237
3238 1 531 3238
3240 0 3091 3240
3241 1 3090 3241
3242 1 3091 3242
3244 1 873 3244
3248 0 2436 3248
3249 1 1561 3249
3250 1 1860 3250
3252 1 2436 3252
3256 1 2435 3256
3264 0 1239 7360
3265 0 2804 3265
3266 0 2803 3266
3267 1 2803 3267
3268 0 534 3268
3269 1 3277 3269
3270 1 688 3270
3272 0 220 3272
3273 1 1667 3273
3274 1 2098 3274
3276 1 872 3276
3280 0 2513 3280
3281 1 1071 3281
3282 1 433 3282
3284 1 1994 3284
3288 1 2258 3288
3296 0 3288 3296
3297 1 2804 3297
3298 1 3288 3298
3300 1 494 3300
3304 1 2550 3304
3312 1 1560 3312
3328 0 480 15616
3329 0 997 3333
3330 0 757 7426
3331 0 49 3331
3332 0 1082 3334
3333 0 1609 3333
3334 0 2409 3334
3335 1 2408 3335
3336 0 887 7432
3337 0 2814 3337
3338 0 50 3338
3339 1 49 3339
3340 1 902 3468
3341 1 3188 3341
3342 1 1081 3342
3344 0 1250 3408
3345 0 235 3345
3346 0 1205 3346
3347 1 1911 3347
3348 0 3145 3348
3349 1 1609 3349
3350 1 1205 3350
3352 1 442 3354
3353 1 234 3353
3354 1 1419 3354
3356 1 1949 3356
3360 0 860 7456
3361 0 1229 3361
3362 1 110 7458
3363 1 1229 3363
3364 0 1083 3364
3365 1 1661 3365
3366 1 1082 3366
3368 1 1901 3372
3369 1 1228 3369
3370 1 810 3370
3372 1 3055 3372
3376 1 1582 3377
3377 1 2969 3377
3378 1 2106 3378
3380 1 994 3380
3384 1 3192 3384
3392 0 5 3424
3393 0 1086 3393
3394 0 2846 3394
3395 1 353 3395
3396 0 1692 3396
3397 1 1190 3397
3398 1 2065 3398
3400 0 1855 3400
3401 1 1668 3401
3402 1 758 3402
3404 1 1691 3404
3408 1 2360 3920
3409 1 1086 3409
3410 1 3032 3410
3412 1 619 3412
3416 1 1855 3416
3424 0 1694 3424
3425 1 1085 3425
3426 1 4 3426
3428 1 5 3428
3432 1 2186 3432
3440 1 1249 3440
3456 0 3330 3488
3457 1 752 3461
3458 1 3289 3490
3459 1 48 3459
3460 0 3382 3460
3461 1 996 3461
3462 1 366 3462
3464 0 2813 3464
3465 1 2813 3465
3466 1 350 3466
3468 1 2812 3468
3472 0 815 3472
3473 1 1500 3473
3474 1 2876 3474
3476 1 3145 3476
3480 1 1499 3480
3488 0 3290 3488
3489 1 2968 3489
3490 1 3329 3490
3492 1 1083 3492
3496 1 3290 3496
3504 1 814 3504
3520 0 2802 3520
3521 1 1072 3521
3522 1 2802 3522
3524 1 3381 3524
3528 1 220 3528
3536 1 2513 3536
3552 1 1084 3552
3584 0 2665 3652
3585 0 1798 3713
3586 0 518 7682
3587 0 3073 3587
3588 0 592 3620
3589 1 676 3605
3590 0 3391 3590
3591 1 2202 3591
3592 0 331 3608
3593 0 1512 3593
3594 0 1511 3594
3595 1 1511 3595
3596 0 1176 3596
3597 1 1884 3597
3598 1 1405 3598
3600 0 718 3728
3601 0 3389 3601
3602 0 2297 3602
3603 1 3389 3603
3604 1 686 3732
3605 1 957 3605
3606 1 2297 3606
3608 0 2148 3608
3609 1 675 3609
3610 1 729 3610
3612 1 330 3612
3616 0 3331 3744
3617 0 1663 3617
3618 0 1174 3618
3619 1 1173 3619
3620 0 1175 3620
3621 1 1662 3621
3622 1 1174 3622
3624 1 698 3688
3625 1 1663 3625
3626 1 1510 3626
3628 1 1175 3628
3632 0 3235 3632
3633 1 3388 3633
3634 1 3235 3634
3636 1 461 3636
3640 1 2148 3640
3648 0 514 3649
3649 0 1797 3649
3650 0 2193 3650
3651 1 3072 3651
3652 0 1540 3652
3653 1 2730 3653
3654 1 2193 3654
3656 0 1454 3656
3657 1 514 3657
3658 1 2197 3658
3660 1 1176 3660
3664 0 2341 3664
3665 1 513 3665
3666 1 2341 3666
3668 1 191 3668
3672 1 331 3672
3680 0 1119 3680
3681 1 1119 3681
3682 1 431 3682
3684 1 1539 3684
3688 1 1863 3688
3696 1 1559 3696
3712 0 717 3776
3713 0 1502 3713
3714 0 349 3714
3715 1 47 3715
3716 0 3276 3716
3717 1 3276 3717
3718 1 365 3718
3720 0 2898 3720
3721 1 1885 3721
3722 1 349 3722
3724 1 225 3724
3728 0 3204 3728
3729 1 1501 3729
3730 1 348 3730
3732 1 3204 3732
3736 1 2897 3736
3744 0 2722 3744
3745 1 1798 3745
3746 1 1861 3746
3748 1 2722 3748
3752 1 3374 3752
3760 1 3203 3760
3776 0 2900 3776
3777 1 1797 3777
3778 1 3308 3778
3780 1 2665 3780
3784 1 716 3784
3792 1 717 3792
3808 1 1862 3808
3840 0 2801 3904
3841 0 1012 3841
3842 0 1589 3842
3843 1 3073 3843
3844 0 1189 3844
3845 1 997 3845
3846 1 3391 3846
3848 0 1080 3848
3849 1 1079 3849
3850 1 2090 3850
3852 1 1080 3852
3856 0 1749 3856
3857 1 1749 3857
3858 1 1589 3858
3860 1 3144 3860
3864 1 2147 3864
3872 0 1588 3872
3873 1 2020 3873
3874 1 1588 3874
3876 1 591 3876
3880 1 1587 3880
3888 1 971 3888
3904 0 2360 3904
3905 1 1012 3905
3906 1 2846 3906
3908 1 1189 3908
3912 1 2359 3912
3920 1 1748 3920
3936 1 1694 3936
3968 0 2899 3968
3969 1 1011 3969
3970 1 755 3970
3972 1 1188 3972
3976 1 2898 3976
3984 1 2888 3984
4000 1 3330 4000
4032 1 2801 4032
4096 0 239 5761
4097 0 469 4401
4098 0 9 12550
4099 0 1761 4235
4100 0 1292 4245
4101 0 448 4125
4102 0 275 12302
4103 0 583 4167
4104 0 2241 4393
4105 0 2592 7177
4106 0 2245 5134
4107 0 1311 6155
4108 0 2129 4876
4109 0 1551 4237
4110 0 942 4622
4111 0 1348 4111
4112 0 251 12433
4113 0 2687 4125
4114 0 385 4210
4115 0 2294 12307
4116 0 1774 4245
4117 0 818 4245
4118 0 2293 12310
4119 0 2993 4119
4120 0 173 13336
4121 0 682 5145
4122 0 1303 4154
4123 0 1312 4123
4124 0 855 4252
4125 0 2565 4125
4126 0 1409 4126
4127 1 448 4127
4128 0 242 4265
4129 0 67 12385
4130 0 308 14370
4131 0 3138 4139
4132 0 290 12580
4133 0 703 5157
4134 0 742 4150
4135 0 2992 4135
4136 0 34 12344
4137 0 105 4265
4138 0 809 5162
4139 0 2242 4139
4140 0 945 4141
4141 0 2240 4141
4142 0 1347 4142
4143 1 1347 4143
4144 0 2698 4401
4145 0 946 4153
4146 0 505 4274
4147 0 1290 4147
4148 0 1657 4156
4149 0 2134 4149
4150 0 2379 4150
4151 1 2992 4151
4152 0 610 4664
4153 0 3433 12409
4154 0 2251 4154
4155 1 3137 4155
4156 0 1302 4156
4157 1 945 4157
4158 1 1302 4158
4160 0 416 7264
4161 0 237 5201
4162 0 298 14402
4163 0 746 4195
4164 0 386 4212
4165 0 3260 4293
4166 0 850 4198
4167 0 1350 4167
4168 0 104 4201
4169 0 1224 4681
4170 0 966 12362
4171 0 1687 4171
4172 0 1394 4300
4173 0 1451 4173
4174 0 1686 4174
4175 1 1686 4175
4176 0 830 6225
4177 0 3084 4689
4178 0 623 4434
4179 0 3030 4179
4180 0 1208 6228
4181 0 2922 4181
4182 0 3069 4182
4183 1 3212 4183
4184 0 683 5208
4185 0 1625 4185
4186 0 2223 4186
4187 1 1625 4187
4188 1 2414 4700
4189 1 447 4189
4190 1 1409 4190
4192 0 284 12640
4193 1 1599 4453
4194 1 384 4466
4195 0 1336 4195
4196 0 2183 6244
4197 0 2573 4197
4198 0 1335 4198
4199 1 1335 4199
4200 0 1226 4201
4201 0 3357 4201
4202 0 2857 4202
4203 1 103 4203
4204 0 388 4204
4205 1 387 4205
4206 1 2276 4206
4208 0 1474 6256
4209 0 468 4209
4210 0 176 4210
4211 1 1289 4211
4212 0 361 4212
4213 1 386 4213
4214 1 385 4214
4216 0 467 4216
4217 1 467 4217
4218 1 2251 4218
4220 1 1656 4220
4224 0 254 4528
4225 0 2509 5761
4226 0 2270 4546
4227 0 774 4231
4228 0 507 5254
4229 0 819 4741
4230 0 1638 5254
4231 0 3261 4231
4232 0 820 4745
4233 0 3119 4235
4234 0 1164 6282
4235 0 1505 4235
4236 0 3058 6284
4237 0 1293 4237
4238 0 1762 4238
4239 1 1761 4239
4240 0 2498 4500
4241 0 38 4497
4242 0 856 4246
4243 0 1773 4243
4244 0 857 6292
4245 0 1157 4245
4246 0 1575 4246
4247 1 1773 4247
4248 0 1495 4312
4249 0 2605 4249
4250 0 2103 4250
4251 1 3119 4251
4252 0 1359 4252
4253 1 1292 4253
4254 1 855 4254
4256 0 2955 4328
4257 0 1020 4769
4258 0 2381 4514
4259 0 1875 4259
4260 1 3166 6316
4261 0 106 4261
4262 0 3347 4262
4263 1 3346 4263
4264 0 1274 4776
4265 0 3401 4265
4266 0 1508 4266
4267 1 3138 4267
4268 0 2956 4268
4269 1 105 4269
4270 1 1762 4270
4272 0 3063 4274
4273 0 1291 4273
4274 0 2380 4274
4275 1 1290 4275
4276 0 36 4276
4277 1 1291 4277
4278 1 2379 4278
4280 0 2102 4280
4281 1 3401 4281
4282 1 2102 4282
4284 1 854 4284
4288 0 535 5316
4289 0 1055 4321
4290 0 1159 4306
4291 1 1645 6339
4292 0 1843 4294
4293 0 2026 4293
4294 0 1393 4294
4295 1 3260 4295
4296 0 1057 5320
4297 0 1688 4297
4298 1 797 4810
4299 1 1687 4299
4300 0 3301 4300
4301 1 2026 4301
4302 1 1393 4302
4304 0 1160 4312
4305 0 1158 4305
4306 0 1648 4306
4307 1 1158 4307
4308 0 1395 4308
4309 1 1157 4309
4310 1 3068 4310
4312 0 2954 4312
4313 1 2953 4313
4314 1 1159 4314
4316 1 1394 4316
4320 1 3165 6376
4321 0 2974 4321
4322 0 745 4322
4323 1 745 4323
4324 0 3259 4324
4325 1 2974 4325
4326 1 850 4326
4328 0 1643 4328
4329 1 104 4329
4330 1 2856 4330
4332 1 2955 4332
4336 0 256 4336
4337 1 2973 4337
4338 1 176 4338
4340 1 2704 4340
4344 1 2954 4344
4352 0 270 12564
4353 0 710 4359
4354 0 553 6434
4355 0 711 12547
4356 0 482 12564
4357 0 1600 4389
4358 0 1844 4486
4359 0 3263 4359
4360 0 905 5400
4361 0 906 5385
4362 0 1507 4490
4363 0 2851 4363
4364 0 1984 4366
4365 0 3141 4365
4366 0 1845 4366
4367 1 3140 4367
4368 0 2701 4380
4369 0 1222 4433
4370 0 2700 4378
4371 0 2699 4371
4372 0 1156 4500
4373 0 2921 4373
4374 0 624 4374
4375 1 624 4375
4376 0 2852 4378
4377 1 2699 4379
4378 0 2459 4378
4379 1 2851 4379
4380 0 1301 4380
4381 1 2564 4381
4382 1 2700 4382
4384 0 283 12704
4385 0 947 4393
4386 0 1200 6434
4387 0 2777 4387
4388 0 1109 4452
4389 0 1339 4389
4390 0 1873 4390
4391 1 500 4391
4392 0 1519 4520
4393 0 1601 4393
4394 0 2072 4394
4395 1 2241 4395
4396 0 1520 4396
4397 1 1600 4397
4398 1 1520 4398
4400 0 554 6448
4401 0 2170 4401
4402 0 741 4402
4403 1 2698 4403
4404 0 470 4404
4405 1 469 4405
4406 1 741 4406
4408 0 1603 4408
4409 1 946 4409
4410 1 2250 4410
4412 1 1301 4412
4416 0 2262 4436
4417 0 1269 4929
4418 0 1299 4434
4419 0 2581 4419
4420 0 1985 4428
4421 0 582 4421
4422 1 436 4550
4423 1 582 4423
4424 0 2842 4426
4425 1 488 4427
4426 0 2818 4426
4427 1 2818 4427
4428 0 1881 4428
4429 1 581 4429
4430 1 1984 4430
4432 0 285 4464
4433 0 377 4433
4434 0 2460 4434
4435 1 3030 4435
4436 0 1300 4436
4437 1 2921 4437
4438 1 623 4438
4440 0 1604 4440
4441 1 1624 4441
4442 1 2459 4442
4444 1 1300 4444
4448 0 1338 4449
4449 1 66 12641
4450 0 2582 4450
4451 1 2581 4451
4452 0 1471 4452
4453 1 1338 4453
4454 1 2181 4454
4456 0 54 4456
4457 1 3356 4457
4458 1 2841 4458
4460 1 291 4460
4464 0 2171 4464
4465 1 2170 4465
4466 1 285 4466
4468 1 3198 4468
4472 1 1603 4472
4480 0 1940 6529
4481 0 938 4993
4482 0 1390 5506
4483 1 38 4499
4484 0 1105 5508
4485 0 936 4485
4486 0 2497 4486
4487 1 709 4487
4488 0 524 12680
4489 0 1550 4489
4490 0 1982 4490
4491 1 487 4491
4492 0 2499 4492
4493 1 1550 4493
4494 1 1844 4494
4496 0 1155 12688
4497 0 1354 4497
4498 0 2104 4498
4499 1 3120 4499
4500 0 1357 4500
4501 1 1156 4501
4502 1 2497 4502
4504 1 252 12696
4505 1 2605 4505
4506 1 2103 4506
4508 1 2498 4508
4512 0 1054 4576
4513 1 1459 5025
4514 0 1874 4514
4515 1 1874 4515
4516 1 1356 4532
4517 1 935 4517
4518 1 1873 4518
4520 0 1602 4520
4521 1 1601 4521
4522 1 1507 4522
4524 1 1519 4524
4528 0 1356 4528
4529 1 37 4529
4530 1 2380 4530
4532 1 36 4532
4536 1 1602 4536
4544 0 1161 4552
4545 0 2607 4545
4546 0 2075 4546
4547 1 2580 4547
4548 0 2500 4548
4549 1 2025 4549
4550 1 1843 4550
4552 0 1053 4552
4553 1 2606 4553
4554 1 2842 4554
4556 1 2499 4556
4560 0 1355 4560
4561 1 1354 4561
4562 1 435 4562
4564 1 2261 4564
4568 1 1160 4568
4576 0 1472 4576
4577 1 1054 4577
4578 1 2269 4578
4580 1 1471 4580
4584 1 1053 4584
4592 1 1355 4592
4608 0 516 7688
4609 0 2609 5697
4610 0 519 13826
4611 0 1485 4867
4612 0 595 6692
4613 0 638 12805
4614 0 848 12806
4615 0 1349 4615
4616 0 2364 4634
4617 0 821 4649
4618 0 799 12810
4619 0 1627 4619
4620 0 845 4748
4621 0 944 4621
4622 0 2130 4622
4623 1 1348 4623
4624 0 3200 4884
4625 0 1223 4689
4626 0 1023 6674
4627 0 1920 4627
4628 0 1209 4692
4629 0 2133 4629
4630 0 3417 4630
4631 1 3211 4631
4632 0 684 5656
4633 0 543 4633
4634 0 2274 4634
4635 1 1626 4635
4636 0 2131 4636
4637 1 2686 4637
4638 1 2130 4638
4640 0 98 4776
4641 0 243 4769
4642 0 868 6690
4643 0 1021 4643
4644 0 1110 4900
4645 0 3210 4645
4646 0 11 4646
4647 1 3210 4647
4648 0 3001 4904
4649 0 1810 4649
4650 0 2275 4650
4651 1 821 4651
4652 1 1110 4908
4653 1 944 4653
4654 1 2275 4654
4656 0 1038 12848
4657 0 1754 4657
4658 0 1921 4658
4659 1 1920 4659
4660 0 2012 4660
4661 1 2133 4661
4662 1 362 4662
4664 0 1275 4664
4665 1 1753 4665
4666 1 2274 4666
4668 1 3361 4668
4672 0 647 14912
4673 0 2608 4929
4674 0 941 4678
4675 0 806 4675
4676 0 788 12868
4677 0 2572 4677
4678 0 13 4678
4679 1 1349 4679
4680 0 3039 4682
4681 0 2028 4681
4682 0 2614 4682
4683 1 2613 4683
4684 1 210 4700
4685 1 3335 4685
4686 1 941 4686
4688 0 3083 4690
4689 0 1972 4689
4690 0 1922 4690
4691 1 805 4691
4692 0 2132 4692
4693 1 2132 4693
4694 1 13 4694
4696 0 611 4696
4697 1 1223 4697
4698 1 2222 4698
4700 1 2131 4700
4704 0 1265 4832
4705 0 3358 4705
4706 0 633 4706
4707 1 746 4707
4708 0 2413 4708
4709 1 2572 4709
4710 1 1334 4710
4712 0 3305 4712
4713 1 3357 4713
4714 1 632 4714
4716 1 73 4716
4720 1 361 4724
4721 1 1754 4721
4722 1 1921 4722
4724 1 2413 4724
4728 1 610 4728
4736 0 786 12960
4737 0 882 6785
4738 0 1364 4739
4739 0 2087 4739
4740 1 1989 6790
4741 0 1019 4741
4742 0 847 4742
4743 1 2086 4743
4744 0 1430 5000
4745 0 1504 4745
4746 0 2615 4746
4747 1 1504 4747
4748 0 3059 4748
4749 1 819 4749
4750 1 2615 4750
4752 0 612 4760
4753 0 1018 4753
4754 0 1576 4754
4755 1 1919 4755
4756 1 818 4757
4757 1 1018 4757
4758 1 1575 4758
4760 0 2540 4760
4761 1 612 4761
4762 1 179 4762
4764 1 3059 4764
4768 0 1236 5792
4769 0 3223 4769
4770 0 1678 4770
4771 1 1020 4771
4772 0 3360 4772
4773 1 1019 4773
4774 1 363 4774
4776 1 242 4777
4777 1 820 4777
4778 1 97 4778
4780 1 98 4780
4784 1 2541 5808
4785 1 3223 4785
4786 1 1678 4786
4788 1 3360 4788
4792 1 1274 4792
4800 0 1210 4804
4801 1 938 5057
4802 0 1842 4802
4803 1 1364 4803
4804 0 2521 4804
4805 1 1210 4805
4806 1 1842 4806
4808 0 797 4808
4809 1 2027 4809
4810 1 2614 4810
4812 1 2521 4812
4816 0 1266 4816
4817 1 3084 4817
4818 1 14 4818
4820 1 1209 4820
4824 1 611 4824
4832 0 3306 4832
4833 1 3358 4833
4834 1 3306 4834
4836 1 3359 4836
4840 1 3305 4840
4848 1 1265 4848
4864 0 639 13060
4865 0 1170 6913
4866 0 2088 4867
4867 0 1171 4867
4868 0 789 13060
4869 1 1169 6917
4870 0 2619 4870
4871 1 2618 4871
4872 0 796 4936
4873 0 907 4873
4874 0 2850 4874
4875 1 2850 4875
4876 0 1129 4876
4877 1 1129 4877
4878 1 2129 4878
4880 0 1128 4888
4881 0 2325 4881
4882 0 2461 4882
4883 1 2324 4883
4884 0 2920 4884
4885 1 2920 4885
4886 1 3416 4886
4888 0 1276 4888
4889 1 1276 4889
4890 1 2364 4890
4892 1 1128 4892
4896 0 1037 13088
4897 0 1812 4897
4898 0 1484 4898
4899 1 1484 4899
4900 0 1483 4900
4901 1 1812 4901
4902 1 1483 4902
4904 0 1980 4904
4905 1 1979 4905
4906 1 2849 4906
4908 1 2918 4908
4912 1 1037 13104
4913 1 2697 4913
4914 1 740 4914
4916 1 2919 4916
4920 1 1275 4920
4928 0 1036 13120
4929 0 2571 4929
4930 0 3415 4930
4931 1 939 4931
4932 1 788 13124
4933 1 2571 4933
4934 1 940 4934
4936 0 3163 4936
4937 1 907 4937
4938 1 3038 4938
4940 1 1881 4940
4944 0 1267 4944
4945 1 1222 4945
4946 1 2460 4946
4948 1 3199 4948
4952 1 1431 4952
4960 0 3003 4960
4961 1 3003 4961
4962 1 2582 4962
4964 1 1109 4964
4968 1 795 4968
4976 1 1432 4976
4992 0 1237 6016
4993 0 1460 4993
4994 0 2271 4994
4995 1 2087 4995
4996 0 2999 4996
4997 1 1460 4997
4998 1 846 4998
5000 0 1981 5000
5001 1 2164 5001
5002 1 1981 5002
5004 1 2999 5004
5008 0 3201 5008
5009 1 1017 5009
5010 1 3132 5010
5012 1 2998 5012
5016 1 1430 5016
5024 0 1459 5024
5025 1 3222 5025
5026 1 1677 5026
5028 1 1482 5028
5032 1 1980 5032
5040 1 1481 5040
5056 0 2520 5056
5057 1 2607 5057
5058 1 2270 5058
5060 1 2520 5060
5064 1 796 5064
5072 1 1266 5072
5088 1 3221 5088
5120 0 272 13324
5121 0 724 5697
5122 0 12 5638
5123 0 2044 7171
5124 0 343 13324
5125 0 725 5637
5126 0 743 5158
5127 0 1351 5127
5128 0 2001 5272
5129 0 2982 5385
5130 0 808 5642
5131 0 1313 5131
5132 0 1062 5133
5133 0 1314 5133
5134 0 1408 5134
5135 1 1313 5135
5136 0 43 5201
5137 0 955 5169
5138 0 1136 5650
5139 0 977 5139
5140 0 463 7188
5141 0 510 5141
5142 0 2625 5142
5143 1 2993 5143
5144 1 1136 5658
5145 0 2604 5145
5146 0 2224 5146
5147 1 1312 5147
5148 1 2624 5150
5149 1 2603 5149
5150 1 1408 5150
5152 0 288 5536
5153 0 1122 5155
5154 0 744 5218
5155 0 2045 5155
5156 1 1339 5413
5157 0 2009 5157
5158 1 429 7206
5159 1 703 5159
5160 0 1438 5161
5161 0 673 5161
5162 0 2243 5162
5163 1 2242 5163
5164 0 2835 5164
5165 1 1314 5165
5166 1 2623 5166
5168 1 1436 5171
5169 0 1437 5169
5170 0 2225 5170
5171 1 954 5171
5172 0 498 5172
5173 1 498 5173
5174 1 742 5174
5176 1 2101 5304
5177 1 1437 5177
5178 1 2224 5178
5180 1 1657 5180
5184 0 466 5208
5185 0 1241 5217
5186 0 3414 5442
5187 1 2043 7235
5188 0 1397 13380
5189 0 2833 5189
5190 0 2206 5190
5191 1 1350 5191
5192 0 1399 13384
5193 0 1689 5193
5194 0 2709 5194
5195 1 2040 5195
5196 0 2834 5196
5197 1 2833 5197
5198 1 2708 5198
5200 0 465 13392
5201 0 2042 5201
5202 0 2385 5202
5203 1 3213 5203
5204 0 1622 5204
5205 1 43 5205
5206 1 3069 5206
5208 0 1623 5208
5209 1 682 5209
5210 1 2223 5210
5212 1 1622 5212
5216 1 3333 5736
5217 0 3215 5217
5218 0 2387 5218
5219 1 1121 5219
5220 0 702 5220
5221 1 702 5221
5222 1 743 5222
5224 1 53 5480
5225 1 1226 5225
5226 1 2857 5226
5228 1 2834 5228
5232 0 3294 5232
5233 1 3214 5233
5234 1 175 5234
5236 1 497 5236
5240 1 466 5240
5248 0 2510 13441
5249 0 1353 5505
5250 0 1383 5251
5251 0 2719 5251
5252 0 844 5764
5253 1 507 5255
5254 0 1391 5254
5255 1 774 5255
5256 0 1058 7304
5257 0 241 5257
5258 1 240 5259
5259 1 1760 5259
5260 0 2929 5260
5261 1 1062 5261
5262 1 1638 5262
5264 0 238 5265
5265 0 2424 5265
5266 0 1637 5266
5267 1 1772 5267
5268 0 1358 5268
5269 1 817 5269
5270 1 1637 5270
5272 0 1817 5272
5273 1 2423 5273
5274 1 2001 5274
5276 1 1358 5276
5280 0 1263 13472
5281 0 3097 5281
5282 0 506 5282
5283 1 1382 5283
5284 0 2010 5284
5285 1 2009 5285
5286 1 506 5286
5288 1 1508 5290
5289 1 241 5289
5290 1 3092 5290
5292 1 2928 5292
5296 0 3098 5296
5297 1 3097 5297
5298 1 505 5298
5300 1 3098 5300
5304 1 3402 5304
5312 0 1296 13504
5313 0 3027 5313
5314 0 1647 5314
5315 1 775 5315
5316 0 2832 5316
5317 1 2832 5317
5318 1 2205 5318
5320 0 2000 5320
5321 1 1688 5321
5322 1 2111 5322
5324 1 3301 5324
5328 1 1495 5336
5329 1 237 5329
5330 1 1647 5330
5332 1 535 5332
5336 1 2000 5336
5344 0 1056 5344
5345 1 1055 5345
5346 1 744 5346
5348 1 188 5348
5352 1 1056 5352
5360 1 255 5360
5376 0 1123 5409
5377 0 1106 5381
5378 0 1389 5890
5379 1 1171 5891
5380 0 2207 5382
5381 0 1352 5381
5382 0 1872 5382
5383 1 1351 5383
5384 0 1690 5448
5385 0 1805 5385
5386 0 1871 5386
5387 1 2982 5387
5388 0 904 5388
5389 1 2981 5389
5390 1 1871 5390
5392 0 1298 5456
5393 0 378 5393
5394 1 1298 5458
5395 1 976 5395
5396 0 1252 5396
5397 1 378 5397
5398 1 2625 5398
5400 0 1816 5400
5401 1 905 5401
5402 1 2458 5402
5404 1 904 5404
5408 0 1100 7456
5409 0 1340 5409
5410 0 2382 5410
5411 1 1122 5411
5412 0 289 5412
5413 1 499 5413
5414 1 1872 5414
5416 0 2836 5416
5417 1 672 5417
5418 1 809 5418
5420 1 2835 5420
5424 0 1581 5424
5425 1 1581 5425
5426 1 2225 5426
5428 1 1098 5428
5432 1 2836 5432
5440 0 1268 5952
5441 0 2031 5441
5442 0 2384 5442
5443 1 2963 5443
5444 0 1107 5444
5445 1 1106 5445
5446 1 2206 5446
5448 0 53 5448
5449 1 1689 5449
5450 1 52 5450
5452 1 1690 5452
5456 0 1251 5456
5457 1 377 5457
5458 1 2384 5458
5460 1 1251 5460
5464 1 1623 5464
5472 0 3293 5472
5473 1 1241 5473
5474 1 286 5474
5476 1 3197 5476
5480 1 3292 5480
5488 1 3293 5488
5504 0 1125 7552
5505 0 2032 5505
5506 0 2844 5506
5507 1 1383 5507
5508 0 2930 5508
5509 1 1105 5509
5510 1 1390 5510
5512 1 2246 5514
5513 1 1549 5513
5514 1 2843 5514
5516 1 2929 5516
5520 1 254 5552
5521 1 1353 5521
5522 1 1636 5522
5524 1 1357 5524
5528 1 1816 5528
5536 0 1341 5536
5537 1 1340 5537
5538 1 2381 5538
5540 1 288 5540
5544 1 3291 5544
5552 1 1341 5552
5568 0 2559 5568
5569 1 2031 5569
5570 1 2075 5570
5572 1 2930 5572
5576 1 2558 5576
5584 1 2260 5584
5600 1 287 5600
5632 0 172 13832
5633 0 1134 5665
5634 0 1172 5635
5635 0 807 5635
5636 0 1478 5652
5637 0 509 5637
5638 0 2627 5638
5639 1 508 5639
5640 0 1806 5896
5641 0 544 5641
5642 0 2191 5642
5643 1 807 5643
5644 0 1807 5644
5645 1 544 5645
5646 1 2190 5646
5648 0 1135 5680
5649 0 727 5649
5650 0 2912 5650
5651 1 727 5651
5652 0 685 5652
5653 1 509 5653
5654 1 2911 5654
5656 0 3170 5656
5657 1 543 5657
5658 1 728 5658
5660 1 684 5660
5664 0 1808 5672
5665 0 723 5665
5666 0 2669 5666
5667 1 1172 5667
5668 0 2011 5668
5669 1 1133 5669
5670 1 11 5670
5672 0 3333 5672
5673 1 673 5673
5674 1 808 5674
5676 1 1807 5676
5680 0 609 5680
5681 1 1134 5681
5682 1 1135 5682
5684 1 2011 5684
5688 1 609 5688
5696 0 700 5728
5697 0 2508 5697
5698 0 2388 5698
5699 1 806 5699
5700 0 2726 5700
5701 1 724 5701
5702 1 12 5702
5704 0 3040 5704
5705 1 3334 5705
5706 1 3039 5706
5708 1 3040 5708
5712 0 1923 5712
5713 1 1972 5713
5714 1 1922 5714
5716 1 190 5716
5720 1 683 5720
5728 0 3295 5728
5729 1 723 5729
5730 1 2387 5730
5732 1 3041 5732
5736 1 699 5736
5744 1 3294 5744
5760 0 1457 13952
5761 0 2114 5761
5762 0 2913 5762
5763 1 239 5763
5764 1 189 5828
5765 1 843 5765
5766 1 227 5766
5768 0 2113 5768
5769 1 2113 5769
5770 1 228 5770
5772 1 844 5772
5776 0 2541 5776
5777 1 238 5777
5778 1 2912 5778
5780 1 685 5780
5784 1 2540 5784
5792 0 3332 5792
5793 1 1235 5793
5794 1 2668 5794
5796 1 2010 5796
5800 1 3332 5800
5808 1 3202 5808
5824 0 1238 5824
5825 1 2508 5825
5826 1 3307 5826
5828 1 2725 5828
5832 1 2112 5832
5840 1 1923 5840
5856 1 3295 5856
5888 0 1579 5904
5889 0 2696 5889
5890 0 2383 5890
5891 1 2088 5891
5892 1 1806 5900
5893 1 725 5893
5894 1 2619 5894
5896 0 2935 5896
5897 1 906 5897
5898 1 2620 5898
5900 1 1882 5900
5904 0 1815 5904
5905 1 726 5905
5906 1 1388 5906
5908 1 1252 5908
5912 1 1815 5912
5920 0 1814 5920
5921 1 2696 5921
5922 1 2382 5922
5924 1 1813 5924
5928 1 3001 5928
5936 1 1814 5936
5952 0 2934 5952
5953 1 1268 5953
5954 1 2383 5954
5956 1 2726 5956
5960 1 2934 5960
5968 1 1267 5968
5984 1 3002 5984
6016 0 2163 6016
6017 1 2163 6017
6018 1 2936 6018
6020 1 1104 6020
6024 1 2935 6024
6032 1 3201 6032
6048 1 1236 6048
6080 1 1237 6080
6144 0 722 6689
6145 0 585 14339
6146 0 2506 7171
6147 0 879 7171
6148 0 831 6213
6149 0 880 7173
6150 0 1046 6662
6151 0 2308 6151
6152 0 695 14408
6153 0 1061 7177
6154 0 2984 6410
6155 0 1628 6155
6156 0 2702 6172
6157 1 3141 6413
6158 1 95 6286
6159 1 449 6159
6160 0 667 6194
6161 0 1217 6225
6162 0 2363 6674
6163 1 1912 7187
6164 0 1477 6676
6165 1 2565 6173
6166 0 2309 6166
6167 1 2308 6167
6168 0 555 6424
6169 0 1828 6169
6170 0 1403 6170
6171 1 1311 6171
6172 0 2566 6172
6173 1 2687 6173
6174 1 1403 6174
6176 0 1240 7264
6177 0 1337 6241
6178 1 2310 6438
6179 0 668 6179
6180 0 1878 6196
6181 0 2352 6181
6182 0 3345 6182
6183 1 3345 6183
6184 0 1629 6185
6185 1 1522 6187
6186 0 1522 6186
6187 1 1628 6187
6188 0 3167 6188
6189 1 2661 6189
6190 1 1521 6190
6192 0 257 6320
6193 0 1829 6193
6194 0 3064 6194
6195 1 667 6195
6196 0 2449 6196
6197 1 1877 6197
6198 1 3064 6198
6200 1 32 6712
6201 1 1828 6201
6202 1 666 6202
6204 1 1345 6204
6208 0 861 7264
6209 0 926 6211
6210 0 925 14402
6211 0 2337 6211
6212 0 1452 6220
6213 0 3410 6213
6214 1 299 6246
6215 1 2307 6215
6216 0 1162 6344
6217 0 2029 6217
6218 0 967 6218
6219 1 926 6219
6220 0 1880 6220
6221 1 1451 6221
6222 1 1685 6222
6224 0 1221 6225
6225 0 2445 6225
6226 0 2329 6226
6227 1 1220 6227
6228 0 2703 6228
6229 1 830 6229
6230 1 1207 6230
6232 0 1402 6232
6233 1 1216 6233
6234 1 1402 6234
6236 1 2702 6236
6240 0 3304 6248
6241 0 2574 6241
6242 0 2330 6242
6243 1 1336 6243
6244 0 1879 6244
6245 1 2573 6245
6246 1 2182 6246
6248 0 2331 6248
6249 1 2574 6249
6250 1 2330 6250
6252 1 1879 6252
6256 0 2184 6256
6257 1 2445 6257
6258 1 2329 6258
6260 1 1878 6260
6264 1 1474 6264
6272 0 751 6529
6273 0 2720 7297
6274 0 1047 6278
6275 0 1915 6275
6276 0 858 7300
6277 0 1552 6277
6278 0 1392 6278
6279 1 773 6279
6280 0 1494 6344
6281 0 1163 6281
6282 0 2553 6282
6283 1 1163 6283
6284 0 1776 6284
6285 1 1551 6285
6286 1 1047 6286
6288 0 1554 14480
6289 0 1827 6289
6290 1 198 6546
6291 1 1826 6291
6292 0 1775 6292
6293 1 1774 6293
6294 1 856 6294
6296 1 439 6300
6297 1 1827 6297
6298 1 178 6298
6300 1 1775 6300
6304 0 197 6320
6305 0 1876 6305
6306 0 2588 6306
6307 1 1875 6307
6308 0 2351 6308
6309 1 2351 6309
6310 1 300 6310
6312 0 1777 6312
6313 1 1629 6313
6314 1 96 6314
6316 1 1776 6316
6320 0 2448 6320
6321 1 1876 6321
6322 1 504 6322
6324 1 2448 6324
6328 1 257 6328
6336 0 1493 6848
6337 0 1645 6337
6338 0 1646 6338
6339 1 3270 6339
6340 0 832 6340
6341 1 831 6341
6342 1 1392 6342
6344 0 3165 6344
6345 1 1162 6345
6346 1 2552 6346
6348 1 832 6348
6352 0 3269 6352
6353 1 1217 6353
6354 1 3269 6354
6356 1 2703 6356
6360 1 1494 6360
6368 0 1644 6368
6369 1 1644 6369
6370 1 2587 6370
6372 1 390 6372
6376 1 1643 6376
6384 1 256 6384
6400 0 552 14624
6401 0 1124 7425
6402 0 1983 6410
6403 0 2336 6403
6404 0 2917 6916
6405 0 3142 6405
6406 0 2310 6406
6407 1 3262 6407
6408 0 1127 6920
6409 0 3190 6409
6410 0 2817 6410
6411 1 2983 6411
6412 0 3057 6412
6413 1 3189 6413
6414 1 1983 6414
6416 0 1557 6928
6417 0 2169 6417
6418 0 2105 6418
6419 1 3245 6419
6420 0 380 6420
6421 1 379 6421
6422 1 2309 6422
6424 0 1726 6424
6425 1 1725 6425
6426 1 3246 6426
6428 1 2701 6428
6432 0 1199 7456
6433 1 1965 14625
6434 0 111 6434
6435 1 668 6435
6436 0 2311 6436
6437 1 2352 6437
6438 1 501 6438
6440 0 2693 6440
6441 1 3190 6441
6442 1 2071 6442
6444 1 3056 6444
6448 0 471 6448
6449 1 2169 6449
6450 1 553 6450
6452 1 470 6452
6456 1 554 6456
6464 0 1180 6472
6465 0 1270 6465
6466 1 2817 6474
6467 1 2336 6467
6468 0 2411 6468
6469 1 3410 6469
6470 1 2410 6470
6472 0 3164 6472
6473 1 2029 6473
6474 1 3247 6474
6476 1 1880 6476
6480 0 2328 6480
6481 1 1221 6481
6482 1 2328 6482
6484 1 380 6484
6488 1 1179 6488
6496 0 1473 6496
6497 1 1337 6497
6498 1 1200 6498
6500 1 6 6500
6504 1 54 6504
6512 1 1473 6512
6528 0 1271 6529
6529 1 2334 7553
6530 0 112 6530
6531 1 1915 6531
6532 0 2212 6532
6533 1 751 6533
6534 1 437 6534
6536 0 2538 6536
6537 1 1939 6537
6538 1 1982 6538
6540 1 3057 6540
6544 0 198 6544
6545 1 2168 6545
6546 1 2104 6546
6548 1 438 6548
6552 1 1726 6552
6560 0 1272 6560
6561 1 1271 6561
6562 1 111 6562
6564 1 2311 6564
6568 1 1272 6568
6576 1 197 6576
6592 0 2560 6592
6593 1 1270 6593
6594 1 2579 6594
6596 1 2560 6596
6600 1 1161 6600
6608 1 2327 6608
6624 1 1472 6624
6656 0 721 14880
6657 0 637 14849
6658 0 1022 6659
6659 0 1914 6659
6660 0 881 6661
6661 1 69 14853
6662 0 2916 6662
6663 1 1969 6663
6664 0 1476 6680
6665 1 882 6793
6666 0 31 6666
6667 1 1627 6667
6668 0 943 6668
6669 1 943 6669
6670 1 942 6670
6672 0 1556 6800
6673 0 1957 6673
6674 0 1577 6674
6675 1 1022 6675
6676 0 2657 6676
6677 1 2657 6677
6678 1 1023 6678
6680 0 3169 6680
6681 1 542 6681
6682 1 2363 6682
6684 1 1476 6684
6688 1 2475 14896
6689 0 1811 6689
6690 1 307 14882
6691 1 1021 6691
6692 0 1943 6692
6693 1 594 6693
6694 1 868 6694
6696 0 1945 6696
6697 1 1810 6697
6698 1 31 6698
6700 1 3167 6700
6704 0 1558 6704
6705 1 1829 6705
6706 1 867 6706
6708 1 595 6708
6712 1 3168 6712
6720 0 1538 6752
6721 0 1971 6721
6722 1 1970 6723
6723 1 2337 6723
6724 0 2412 6724
6725 1 3409 6725
6726 1 1045 6726
6728 0 1453 6728
6729 1 2028 6729
6730 1 967 6730
6732 1 1452 6732
6736 0 2362 6736
6737 1 1971 6737
6738 1 2362 6738
6740 1 1208 6740
6744 1 1475 6744
6752 0 634 6752
6753 1 634 6753
6754 1 633 6754
6756 1 2412 6756
6760 1 3304 6760
6768 1 1558 6768
6784 0 1503 6785
6785 0 636 6785
6786 0 1990 6786
6787 1 1914 6787
6788 0 1989 6788
6789 1 881 6789
6790 1 1046 6790
6792 0 2539 6792
6793 1 1503 6793
6794 1 2553 6794
6796 1 3058 6796
6800 0 1958 6800
6801 1 1957 6801
6802 1 347 6802
6804 1 392 6804
6808 1 2539 6808
6816 1 2721 7840
6817 1 243 6817
6818 1 503 6818
6820 1 391 6820
6824 1 1273 6824
6832 1 1958 6832
6848 0 2339 6848
6849 1 2338 6849
6850 1 15 6850
6852 1 1492 6852
6856 1 1493 6856
6864 1 2339 6864
6880 1 16 6880
6912 0 1153 15104
6913 0 1956 6913
6914 0 1152 6914
6915 1 1170 6915
6916 0 2211 6916
6917 1 3142 6917
6918 1 2916 6918
6920 0 30 6920
6921 1 29 6921
6922 1 30 6922
6924 1 2917 6924
6928 0 1578 6928
6929 1 1956 6929
6930 1 1577 6930
6932 1 393 6932
6936 1 1127 6936
6944 0 1942 6944
6945 1 1811 6945
6946 1 502 6946
6948 1 1942 6948
6952 1 1945 6952
6960 1 1557 6960
6976 0 1151 6976
6977 1 1269 6977
6978 1 1151 6978
6980 1 2411 6980
6984 1 3163 6984
6992 1 1150 6992
7008 1 1537 7008
7040 0 1941 7040
7041 1 1940 7041
7042 1 1990 7042
7044 1 2211 7044
7048 1 2538 7048
7056 1 1556 7056
7072 1 1941 7072
7104 1 2519 7104
7168 0 816 7312
7169 0 2695 7425
7170 0 1421 7178
7171 0 1913 7171
7172 0 2350 7204
7173 0 2663 7173
7174 0 429 7174
7175 1 879 7175
7176 0 1059 15368
7177 0 2333 7177
7178 0 2244 7178
7179 1 2592 7179
7180 0 94 7180
7181 1 1061 7181
7182 1 2244 7182
7184 0 1555 7312
7185 0 3233 7185
7186 0 3317 7186
7187 1 3317 7187
7188 0 395 7188
7189 1 510 7189
7190 1 395 7190
7192 0 1060 7192
7193 1 1060 7193
7194 1 1420 7194
7196 1 440 7196
7200 0 1944 7712
7201 1 955 7217
7202 0 2589 7202
7203 1 2044 7203
7204 1 108 15396
7205 1 2662 7205
7206 1 3344 7206
7208 0 1952 7208
7209 1 2332 7209
7210 1 2243 7210
7212 1 1951 7212
7216 0 2447 7216
7217 1 2446 7217
7218 1 396 7218
7220 1 462 7220
7224 1 397 7224
7232 0 1998 7233
7233 0 2043 7233
7234 0 2200 7234
7235 1 2506 7235
7236 0 417 7236
7237 1 1997 7237
7238 1 2200 7238
7240 0 1401 7240
7241 1 1998 7241
7242 1 2709 7242
7244 1 3302 7244
7248 1 236 7249
7249 1 2042 7249
7250 1 2385 7250
7252 1 1621 7252
7256 1 1401 7256
7264 1 415 7392
7265 1 1240 7265
7266 1 2386 7266
7268 1 416 7268
7272 1 2331 7272
7280 1 2184 7280
7296 0 2100 7304
7297 0 2334 7297
7298 1 301 7302
7299 1 2719 7299
7300 0 302 7300
7301 1 3025 7301
7302 1 1391 7302
7304 0 886 7304
7305 1 2333 7305
7306 1 2099 7306
7308 1 94 7308
7312 0 2512 7312
7313 1 816 7313
7314 1 3316 7314
7316 1 857 7316
7320 1 885 7320
7328 0 2721 7328
7329 1 2720 7329
7330 1 2588 7330
7332 1 2350 7332
7336 1 1777 7336
7344 1 2447 7344
7360 0 415 7360
7361 1 3026 7361
7362 1 1646 7362
7364 1 534 7364
7368 1 1057 7368
7376 1 2512 7376
7392 1 1239 7392
7424 0 1955 7936
7425 0 2335 7425
7426 0 2845 7426
7427 1 2335 7427
7428 0 2210 7428
7429 1 2209 7429
7430 1 2409 7430
7432 0 2694 7432
7433 1 2694 7433
7434 1 757 7434
7436 1 903 7436
7440 0 556 7440
7441 1 235 7441
7442 1 2105 7442
7444 1 394 7444
7448 1 555 7448
7456 0 110 7456
7457 1 1123 7457
7458 1 1199 7458
7460 1 109 7460
7464 1 2693 7464
7472 1 1099 7472
7488 0 2933 7488
7489 1 2030 7489
7490 1 2845 7490
7492 1 3411 7492
7496 1 1400 7496
7504 1 1250 7504
7520 1 860 7520
7552 0 859 7552
7553 1 1124 7553
7554 1 2844 7554
7556 1 858 7556
7560 1 886 7560
7568 1 815 7568
7584 1 859 7584
7616 1 2559 7616
7680 0 1954 15872
7681 1 880 7685
7682 0 2192 7682
7683 1 1913 7683
7684 0 2664 7684
7685 1 2663 7685
7686 1 2915 7686
7688 0 2591 7688
7689 1 2591 7689
7690 1 2191 7690
7692 1 1883 7692
7696 0 3234 7696
7697 1 3233 7697
7698 1 2296 7698
7700 1 1477 7700
7704 1 3169 7704
7712 0 2590 7712
7713 1 722 7713
7714 1 2589 7714
7716 1 1943 7716
7720 1 1944 7720
7728 1 3234 7728
7744 1 515 7752
7745 1 2507 7745
7746 1 2192 7746
7748 1 2664 7748
7752 1 1453 7752
7760 1 2361 7760
7776 1 1538 7776
7808 0 517 7808
7809 1 1502 7809
7810 1 517 7810
7812 1 226 7812
7816 1 516 7816
7824 1 1555 7824
7840 1 3331 7840
7872 1 1238 7872
7936 0 1126 7936
7937 1 1955 7937
7938 1 756 7938
7940 1 2210 7940
7944 1 1126 7944
7952 1 1578 7952
7968 1 1100 7968
8000 1 2933 8000
8064 1 1125 8064
8192 0 231 8346
8193 0 250 8339
8194 0 276 8222
8195 0 405 8291
8196 0 264 8300
8197 0 265 8269
8198 0 368 9478
8199 0 841 9223
8200 0 266 8284
8201 0 312 8237
8202 0 427 10254
8203 0 490 8267
8204 0 2524 8364
8205 0 679 8221
8206 0 2237 8270
8207 0 1526 8207
8208 0 358 8245
8209 0 403 8529
8210 0 573 9242
8211 0 650 8275
8212 0 1527 8221
8213 0 678 8725
8214 0 1040 8726
8215 0 1593 8215
8216 0 680 8473
8217 0 320 8281
8218 0 838 10266
8219 1 89 8347
8220 0 769 8348
8221 0 1449 8221
8222 1 266 8286
8223 1 1526 8223
8224 0 336 8361
8225 0 894 8801
8226 0 561 10338
8227 0 964 8235
8228 0 496 9316
8229 0 981 10277
8230 0 849 12326
8231 0 2047 8231
8232 0 528 8364
8233 0 948 8489
8234 0 2768 8238
8235 0 2373 8235
8236 0 1094 8238
8237 0 2372 8237
8238 0 1847 8238
8239 1 2372 8239
8240 0 2631 8306
8241 0 404 8305
8242 0 780 9266
8243 0 3254 8243
8244 0 657 8372
8245 0 3045 8245
8246 0 268 8246
8247 1 3045 8247
8248 0 1115 8252
8249 0 3021 8249
8250 0 3103 8250
8251 1 310 8251
8252 0 2315 8252
8253 1 311 8253
8254 1 267 8254
8256 0 491 9283
8257 0 2400 8801
8258 0 651 9298
8259 0 824 8771
8260 0 2231 8774
8261 0 2643 8263
8262 0 1318 9286
8263 0 1822 8263
8264 0 2632 8282
8265 0 696 10313
8266 0 1090 10314
8267 0 3430 8267
8268 0 1683 8270
8269 0 2601 8269
8270 0 1705 8270
8271 1 2643 8271
8272 0 374 8656
8273 0 829 10321
8274 0 1649 12370
8275 0 1836 8275
8276 0 1655 8308
8277 0 1835 8277
8278 0 1850 8278
8279 1 1835 8279
8280 0 1706 8284
8281 0 1890 8281
8282 0 2456 8282
8283 1 3430 8283
8284 0 3396 8284
8285 1 265 8285
8286 1 1705 8286
8288 0 862 13408
8289 0 895 8417
8290 0 1793 12386
8291 0 2781 8291
8292 0 1317 9316
8293 1 264 8301
8294 0 1848 8294
8295 1 2990 8295
8296 0 1305 12392
8297 0 2600 8297
8298 1 1683 8302
8299 1 3250 8299
8300 0 118 8300
8301 1 2600 8301
8302 1 1847 8302
8304 0 1790 10352
8305 0 2924 8305
8306 0 2397 8306
8307 1 404 8307
8308 0 2291 8308
8309 1 3044 8309
8310 1 2291 8310
8312 0 3353 8312
8313 0 3432 8313
8314 1 2631 8314
8316 1 1655 8316
8320 0 183 9872
8321 0 802 8849
8322 0 2116 9347
8323 0 2904 8339
8324 0 2439 10388
8325 0 1369 9349
8326 0 897 8358
8327 0 1488 8327
8328 0 767 12440
8329 0 890 10377
8330 0 2248 8586
8331 0 3150 8331
8332 0 918 8844
8333 1 769 8349
8334 0 1092 8334
8335 1 3117 8335
8336 0 2792 8345
8337 0 1076 8593
8338 0 985 8850
8339 0 1918 8339
8340 0 921 10388
8341 0 3011 8341
8342 0 2395 8342
8343 1 3010 8343
8344 0 259 10392
8345 0 1889 8345
8346 0 2177 8346
8347 1 1888 8347
8348 0 2394 8348
8349 1 1527 8349
8350 1 2394 8350
8352 0 785 12464
8353 0 1196 8609
8354 0 3116 8358
8355 0 2137 8355
8356 0 982 10404
8357 0 2048 8357
8358 0 1614 8358
8359 1 3116 8359
8360 0 1307 8872
8361 0 3226 8361
8362 0 1641 8362
8363 1 3150 8363
8364 0 2215 8364
8365 1 2215 8365
8366 1 1614 8366
8368 0 655 12464
8369 0 3225 8369
8370 0 784 8370
8371 1 3254 8371
8372 0 3158 8372
8373 1 358 8373
8374 1 3115 8374
8376 0 3101 8376
8377 1 3225 8377
8378 1 783 8378
8380 1 3100 8380
8384 0 162 10440
8385 0 764 10433
8386 0 1259 8394
8387 1 2903 8403
8388 0 920 10436
8389 0 1489 8389
8390 0 2495 8390
8391 1 1488 8391
8392 0 1051 10440
8393 0 3128 8393
8394 0 1682 8394
8395 1 3398 8395
8396 0 3300 8396
8397 1 3397 8397
8398 1 1682 8398
8400 0 1852 9424
8401 0 2943 8401
8402 0 2124 8402
8403 1 3154 8403
8404 0 2125 8404
8405 1 3011 8405
8406 1 2124 8406
8408 1 162 10456
8409 1 1889 8409
8410 1 2632 8410
8412 1 3396 8412
8416 0 1516 8417
8417 0 2599 8417
8418 1 2137 8419
8419 1 2598 8419
8420 0 896 8420
8421 1 895 8421
8422 1 896 8422
8424 0 1642 8424
8425 1 2599 8425
8426 1 1641 8426
8428 1 2523 8428
8432 0 2925 8432
8433 1 2924 8433
8434 1 2396 8434
8436 1 359 8436
8440 1 2925 8440
8448 0 557 11536
8449 0 712 8459
8450 0 792 9986
8451 0 2966 8579
8452 0 1003 9988
8453 0 1032 8469
8454 0 1376 8455
8455 0 1000 8455
8456 0 641 9000
8457 0 1525 8459
8458 0 1704 8462
8459 0 1743 8459
8460 0 2770 8461
8461 0 1607 8461
8462 0 1846 8462
8463 1 1525 8463
8464 0 2489 8532
8465 0 1183 10513
8466 0 2683 8978
8467 0 2005 8467
8468 0 1464 8980
8469 0 483 8469
8470 0 2747 8470
8471 1 1592 8471
8472 0 1465 8984
8473 0 2428 8473
8474 0 2249 8474
8475 1 2004 8475
8476 0 116 8476
8477 1 679 8477
8478 1 2746 8478
8480 0 154 10529
8481 0 2775 10529
8482 0 2784 8546
8483 0 2533 8483
8484 0 2007 8485
8485 0 1897 8485
8486 0 1896 8486
8487 1 1896 8487
8488 0 1586 10536
8489 0 2839 8489
8490 0 949 8490
8491 1 948 8491
8492 0 1114 8492
8493 1 2769 8493
8494 1 1846 8494
8496 0 2006 8497
8497 0 155 8497
8498 0 951 8498
8499 1 2005 8499
8500 0 2290 8500
8501 1 1031 8501
8502 1 268 8502
8504 1 1114 8508
8505 1 2838 8505
8506 1 2249 8506
8508 1 2314 8508
8512 0 1035 11072
8513 0 295 8641
8514 0 1744 8515
8515 0 3243 8515
8516 0 1108 12612
8517 0 1001 8517
8518 1 135 10566
8519 1 1000 8519
8520 0 3162 9032
8521 0 2771 8521
8522 0 371 8522
8523 1 1743 8523
8524 0 117 8524
8525 1 2770 8525
8526 1 1704 8526
8528 0 1745 8530
8529 0 1788 8529
8530 0 1838 8530
8531 1 1744 8531
8532 0 1746 8532
8533 1 2489 8533
8534 1 1745 8534
8536 1 1926 9048
8537 1 2771 8537
8538 1 2853 8538
8540 1 116 8540
8544 0 1328 9056
8545 1 58 8547
8546 0 2532 8546
8547 1 2532 8547
8548 0 2531 8548
8549 1 2822 8549
8550 1 2531 8550
8552 0 1671 8552
8553 1 2839 8553
8554 1 1671 8554
8556 1 117 8556
8560 0 409 8560
8561 1 403 8561
8562 1 2783 8562
8564 1 2290 8564
8568 1 3353 8568
8576 0 1075 9601
8577 0 1077 9089
8578 0 1374 9090
8579 0 2403 8579
8580 0 1633 8581
8581 0 659 8581
8582 0 2496 8582
8583 1 1633 8583
8584 0 1906 8588
8585 0 3227 8585
8586 0 2178 8586
8587 1 1742 8587
8588 0 139 8588
8589 1 1905 8589
8590 1 2178 8590
8592 0 1185 9616
8593 0 2891 8593
8594 0 2118 8594
8595 1 2904 8595
8596 0 658 8596
8597 1 658 8597
8598 1 2905 8598
8600 0 768 8600
8601 1 401 8601
8602 1 2177 8602
8604 1 768 8604
8608 0 282 10656
8609 0 2680 8609
8610 0 2404 8610
8611 1 2403 8611
8612 0 2160 8612
8613 1 2048 8613
8614 1 897 8614
8616 1 293 8680
8617 1 336 8617
8618 1 2404 8618
8620 1 1113 8620
8624 0 1729 8624
8625 1 1195 8625
8626 1 951 8626
8628 1 657 8628
8632 1 1728 8632
8640 0 3129 8648
8641 0 2402 8641
8642 0 2123 8642
8643 1 2402 8643
8644 0 3326 8644
8645 1 1489 8645
8646 1 2495 8646
8648 0 2487 8648
8649 1 3128 8649
8650 1 1258 8650
8652 1 3325 8652
8656 0 2488 8656
8657 1 402 8657
8658 1 2123 8658
8660 1 2488 8660
8664 1 2487 8664
8672 0 2824 8672
8673 1 294 8673
8674 1 2122 8674
8676 1 2823 8676
8680 1 2486 8680
8688 1 79 8688
8704 0 562 10786
8705 0 733 11009
8706 0 629 10786
8707 0 1375 8963
8708 0 593 10788
8709 0 1033 8965
8710 0 1095 8742
8711 0 2320 8711
8712 0 317 9737
8713 0 1309 10761
8714 0 1712 12810
8715 0 318 8715
8716 0 2235 8780
8717 0 313 8717
8718 1 274 12814
8719 1 2320 8719
8720 0 2773 8977
8721 0 2017 8729
8722 0 1039 12818
8723 0 3282 8723
8724 0 2057 12820
8725 0 2369 8725
8726 0 2368 8726
8727 1 2368 8727
8728 0 643 8984
8729 0 801 8729
8730 0 2684 8730
8731 1 800 8731
8732 0 3395 8732
8733 1 678 8733
8734 1 2684 8734
8736 0 454 11808
8737 0 1720 8741
8738 0 3049 12834
8739 0 2374 8739
8740 0 1326 8996
8741 1 2059 8869
8742 0 457 8742
8743 1 3252 8743
8744 0 455 9768
8745 0 2053 8745
8746 0 2094 8746
8747 1 2373 8747
8748 0 1325 8748
8749 1 312 8749
8750 1 1094 8750
8752 0 2288 12848
8753 0 3020 8753
8754 0 628 8754
8755 1 3019 8755
8756 1 2347 10804
8757 1 1720 8757
8758 1 627 8758
8760 0 3102 8760
8761 1 3020 8761
8762 1 3102 8762
8764 1 1324 8764
8768 0 663 10818
8769 0 893 10817
8770 0 1650 8786
8771 0 649 8771
8772 0 1541 9796
8773 0 1929 8773
8774 0 1849 8774
8775 1 2642 8775
8776 0 1542 9800
8777 0 319 8777
8778 0 2095 8778
8779 1 318 8779
8780 0 1928 8780
8781 1 1928 8781
8782 1 2231 8782
8784 0 1651 10832
8785 1 2762 9809
8786 0 3241 8786
8787 1 649 8787
8788 0 2126 8788
8789 1 213 8789
8790 1 1849 8790
8792 0 1714 8792
8793 1 319 8793
8794 1 3240 8794
8796 1 3395 8796
8800 0 630 8802
8801 0 2052 8801
8802 0 2782 8802
8803 1 823 8803
8804 1 1848 8806
8805 1 2051 8805
8806 1 457 8806
8808 1 56 9064
8809 1 2052 8809
8810 1 2094 8810
8812 1 118 8812
8816 0 2399 8816
8817 1 2399 8817
8818 1 2782 8818
8820 1 1654 8820
8824 1 3239 8824
8832 0 660 9089
8833 0 2059 8837
8834 0 2641 8835
8835 0 2061 8835
8836 0 1718 9860
8837 0 3207 8837
8838 0 2464 8838
8839 1 2641 8839
8840 0 1715 8904
8841 0 314 8841
8842 0 160 8842
8843 1 2640 8843
8844 0 527 8844
8845 1 313 8845
8846 1 917 8846
8848 0 1372 9872
8849 0 2791 8849
8850 0 2466 8850
8851 1 1918 8851
8852 0 3009 8852
8853 1 3206 8853
8854 1 3009 8854
8856 0 3008 8856
8857 1 801 8857
8858 1 230 8858
8860 1 3008 8860
8864 0 1264 12960
8865 0 2060 8865
8866 0 159 8866
8867 1 2060 8867
8868 0 1719 8868
8869 1 1719 8869
8870 1 983 8870
8872 0 3372 8872
8873 1 335 8873
8874 1 159 8874
8876 1 527 8876
8880 0 3159 8880
8881 1 3086 8881
8882 1 984 8882
8884 1 3158 8884
8888 1 3101 8888
8896 0 1069 9920
8897 0 825 8897
8898 0 1841 8898
8899 1 824 8899
8900 0 3422 8900
8901 1 3207 8901
8902 1 2750 8902
8904 0 2808 8904
8905 1 714 8905
8906 1 1681 8906
8908 1 3299 8908
8912 0 986 8912
8913 1 802 8913
8914 1 985 8914
8916 1 2125 8916
8920 1 1714 8920
8928 0 2517 8928
8929 1 894 8929
8930 1 3050 8930
8932 1 3421 8932
8936 1 2807 8936
8944 1 2516 8944
8960 0 589 10016
8961 0 1898 8993
8962 0 1203 11010
8963 0 2884 8963
8964 0 1702 9988
8965 1 483 8981
8966 0 1703 8966
8967 1 1375 8967
8968 0 1428 9992
8969 0 713 8969
8970 0 2092 8970
8971 1 712 8971
8972 1 639 13068
8973 1 1904 8973
8974 1 1703 8974
8976 0 2736 9040
8977 0 2427 8977
8978 0 2462 8978
8979 1 3282 8979
8980 0 2529 8980
8981 1 1032 8981
8982 1 2462 8982
8984 0 2055 8984
8985 1 2427 8985
8986 1 2683 8986
8988 1 1464 8988
8992 0 1899 9000
8993 0 3284 8993
8994 0 950 8994
8995 1 2884 8995
8996 0 2530 8996
8997 1 1897 8997
8998 1 1095 8998
9000 0 2054 9000
9001 1 1898 9001
9002 1 949 9002
9004 1 1325 9004
9008 0 3160 9008
9009 1 3283 9009
9010 1 950 9010
9012 1 2529 9012
9016 1 2054 9016
9024 0 1427 10048
9025 0 2401 9025
9026 0 3242 9026
9027 1 3242 9027
9028 0 137 9028
9029 1 1033 9029
9030 1 136 9030
9032 0 1927 9032
9033 1 713 9033
9034 1 371 9034
9036 1 1927 9036
9040 0 1747 9040
9041 1 2772 9041
9042 1 3241 9042
9044 1 1746 9044
9048 1 3161 9048
9056 0 57 9056
9057 1 2400 9057
9058 1 57 9058
9060 1 2530 9060
9064 1 794 9064
9072 1 3160 9072
9088 0 1373 10112
9089 0 2681 9089
9090 0 2883 9090
9091 1 1374 9091
9092 0 138 9092
9093 1 659 9093
9094 1 2463 9094
9096 0 642 9096
9097 1 1077 9097
9098 1 2882 9098
9100 1 138 9100
9104 0 2682 9104
9105 1 1076 9105
9106 1 2682 9106
9108 1 1463 9108
9112 1 642 9112
9120 0 1327 9120
9121 1 2680 9121
9122 1 158 9122
9124 1 1326 9124
9128 1 641 9128
9136 1 3159 9136
9152 0 373 9152
9153 1 2401 9153
9154 1 372 9154
9156 1 137 9156
9160 1 2808 9160
9168 1 373 9168
9184 1 1327 9184
9216 0 81 9392
9217 0 978 13329
9218 0 1260 9354
9219 0 1386 9475
9220 0 1316 13348
9221 0 1448 9229
9222 0 1895 9478
9223 0 1821 9223
9224 0 1116 9272
9225 0 3175 9257
9226 0 1782 9230
9227 0 1820 9227
9228 0 3183 9484
9229 0 1803 9229
9230 0 1407 9230
9231 1 1820 9231
9232 0 1117 11312
9233 0 1700 9489
9234 0 2367 9746
9235 0 84 9235
9236 0 1371 9364
9237 1 357 9269
9238 0 1594 9238
9239 1 1593 9239
9240 0 1818 13336
9241 0 2793 9241
9242 0 2457 9242
9243 1 84 9243
9244 0 92 9244
9245 1 1448 9245
9246 1 1594 9246
9248 0 1198 13600
9249 0 475 11297
9250 0 3256 9378
9251 0 2046 9251
9252 0 1802 9253
9253 0 2828 9253
9254 1 1895 9510
9255 1 2046 9255
9256 0 1439 13352
9257 0 2865 9257
9258 0 572 9258
9259 1 963 9259
9260 1 455 9772
9261 1 1802 9261
9262 1 2767 9262
9264 0 1442 9266
9265 0 1801 9265
9266 0 2861 9266
9267 1 2860 9267
9268 1 656 9396
9269 1 1801 9269
9270 1 780 9270
9272 0 2867 9272
9273 1 3174 9273
9274 1 572 9274
9276 1 1115 9276
9280 0 2785 9568
9281 0 1543 9289
9282 0 1568 13378
9283 0 1795 9283
9284 0 1851 9300
9285 1 341 9293
9286 0 134 9286
9287 1 1821 9287
9288 0 1670 9544
9289 0 3127 9289
9290 0 133 9290
9291 1 490 9291
9292 0 2758 9292
9293 1 2601 9293
9294 1 133 9294
9296 0 1297 13392
9297 0 3125 9297
9298 0 2630 9298
9299 1 650 9299
9300 0 411 9300
9301 1 1834 9301
9302 1 1318 9302
9304 0 2757 9304
9305 1 2793 9305
9306 1 2456 9306
9308 1 2757 9308
9312 0 1865 9824
9313 0 2547 9313
9314 1 491 9315
9315 1 2780 9315
9316 0 2759 9316
9317 1 2828 9317
9318 1 1317 9318
9320 0 3352 9320
9321 1 3126 9321
9322 1 132 9322
9324 1 2758 9324
9328 1 496 9332
9329 1 3125 9329
9330 1 2630 9330
9332 1 3043 9332
9336 1 3352 9336
9344 0 1262 13448
9345 0 1368 9601
9346 0 1423 11394
9347 0 2062 9347
9348 0 2749 9350
9349 0 3313 9349
9350 0 2717 9350
9351 1 841 9351
9352 0 1447 9353
9353 0 1261 9353
9354 0 570 9354
9355 1 1260 9355
9356 0 1781 9356
9357 1 1447 9357
9358 1 1781 9358
9360 0 1730 9392
9361 1 2424 13457
9362 0 2117 9362
9363 1 2116 9363
9364 0 3314 9364
9365 1 3313 9365
9366 1 3314 9366
9368 0 91 9368
9369 1 2792 9369
9370 1 90 9370
9372 1 91 9372
9376 0 656 9392
9377 0 1515 9377
9378 0 2947 9378
9379 1 3255 9379
9380 0 2525 9380
9381 1 2958 9381
9382 1 2947 9382
9384 0 1779 9384
9385 1 2865 9385
9386 1 1640 9386
9388 1 2524 9388
9392 0 3157 9392
9393 1 2971 9393
9394 1 1442 9394
9396 1 3157 9396
9400 1 2866 9400
9408 0 1840 9410
9409 0 2944 9409
9410 1 1259 9418
9411 1 2062 9411
9412 0 2830 9412
9413 1 3312 9413
9414 1 2749 9414
9416 0 1853 9416
9417 1 3127 9417
9418 1 3310 9418
9420 1 3311 9420
9424 0 3156 9424
9425 1 2943 9425
9426 1 3155 9426
9428 1 1851 9428
9432 1 1852 9432
9440 0 2946 9440
9441 1 1515 9441
9442 1 2946 9442
9444 1 2829 9444
9448 1 3351 9448
9456 1 3156 9456
9472 0 1184 11536
9473 0 1545 13569
9474 0 1547 9475
9475 1 369 9483
9476 0 2748 9478
9477 1 1074 9605
9478 0 1783 9478
9479 1 368 9479
9480 0 1804 9481
9481 0 2678 9481
9482 0 1870 9482
9483 1 1869 9483
9484 0 2653 9484
9485 1 1803 9485
9486 1 1782 9486
9488 0 1580 13584
9489 0 2426 9489
9490 0 1387 9490
9491 1 1386 9491
9492 0 1701 9492
9493 1 1700 9493
9494 1 2747 9494
9496 0 1908 9496
9497 1 2651 9497
9498 1 2457 9498
9500 1 2652 9500
9504 0 1440 13600
9505 0 2534 9505
9506 0 3195 9506
9507 1 2533 9507
9508 0 1097 9508
9509 1 2959 9509
9510 1 3195 9510
9512 0 1900 9512
9513 1 2534 9513
9514 1 3194 9514
9516 1 1900 9516
9520 1 1699 9521
9521 1 2970 9521
9522 1 779 9522
9524 1 1097 9524
9528 1 3193 9528
9536 0 1186 9664
9537 0 1426 9537
9538 0 1839 9538
9539 1 1385 9539
9540 0 2760 9540
9541 1 1001 9541
9542 1 1783 9542
9544 0 1854 9544
9545 1 1669 9545
9546 1 370 9546
9548 1 3183 9548
9552 0 410 9552
9553 1 1787 9553
9554 1 1838 9554
9556 1 410 9556
9560 1 129 9560
9568 0 2548 9568
9569 1 2547 9569
9570 1 2784 9570
9572 1 2759 9572
9576 1 1670 9576
9584 1 409 9584
9600 0 1424 11648
9601 0 2679 9601
9602 1 2716 9606
9603 1 1547 9603
9604 0 3327 9604
9605 1 1368 9605
9606 1 2748 9606
9608 0 1907 9608
9609 1 2678 9609
9610 1 2247 9610
9612 1 1906 9612
9616 0 145 9616
9617 1 1075 9617
9618 1 2117 9618
9620 1 145 9620
9624 1 1907 9624
9632 0 3328 9632
9633 1 2679 9633
9634 1 3328 9634
9636 1 3327 9636
9640 1 2810 9640
9648 1 1729 9648
9664 0 2945 9664
9665 1 2944 9665
9666 1 1839 9666
9668 1 3326 9668
9672 1 1853 9672
9680 1 1185 9680
9696 1 2945 9696
9728 0 1455 11784
9729 0 2035 11777
9730 0 2629 9746
9731 0 1868 9731
9732 0 1866 9764
9733 0 2036 9733
9734 1 2627 13830
9735 1 2319 9735
9736 0 1716 9864
9737 0 2016 9737
9738 0 571 9738
9739 1 1868 9739
9740 0 3394 9740
9741 1 2036 9741
9742 1 1406 9742
9744 0 1479 13840
9745 0 607 9745
9746 0 2228 9746
9747 1 606 9747
9748 1 183 9876
9749 1 677 9749
9750 1 2367 9750
9752 0 1466 9752
9753 1 2016 9753
9754 1 2366 9754
9756 1 3394 9756
9760 0 1867 9761
9761 0 1800 9761
9762 1 2227 9778
9763 1 1867 9763
9764 0 2863 9764
9765 1 1866 9765
9766 1 456 9766
9768 0 2864 9768
9769 1 2864 9769
9770 1 571 9770
9772 1 2863 9772
9776 0 2862 9776
9777 1 1800 9777
9778 1 2861 9778
9780 1 2862 9780
9784 1 1466 9784
9792 0 793 10048
9793 0 2610 9793
9794 0 2230 9794
9795 1 1795 9795
9796 0 2761 9796
9797 1 419 9797
9798 1 2230 9798
9800 0 171 9800
9801 1 1542 9801
9802 1 170 9802
9804 1 1541 9804
9808 0 2762 9808
9809 1 3124 9809
9810 1 2629 9810
9812 1 2761 9812
9816 1 128 9816
9824 0 863 9824
9825 1 2546 9825
9826 1 630 9826
9828 1 1865 9828
9832 1 1864 9832
9840 1 863 9840
9856 0 1717 13952
9857 0 2468 9857
9858 0 1732 9858
9859 1 2061 9859
9860 1 184 11908
9861 1 842 9861
9862 1 2948 9862
9864 0 1780 9864
9865 1 1446 9865
9866 1 570 9866
9868 1 1780 9868
9872 0 2467 9872
9873 1 2467 9873
9874 1 2466 9874
9876 1 1371 9876
9880 1 182 9880
9888 0 1731 9888
9889 1 1799 9889
9890 1 1731 9890
9892 1 1718 9892
9896 1 1779 9896
9904 1 1730 9904
9920 0 987 9920
9921 1 1069 9921
9922 1 1840 9922
9924 1 987 9924
9928 1 1715 9928
9936 1 986 9936
9952 1 1068 9952
9984 0 2675 14080
9985 0 791 9985
9986 0 588 9986
9987 1 791 9987
9988 1 2760 10052
9989 1 790 9989
9990 1 1702 9990
9992 0 2677 9992
9993 1 2677 9993
9994 1 2881 9994
9996 1 1003 9996
10000 1 1479 14096
10001 1 2426 10001
10002 1 1387 10002
10004 1 1701 10004
10008 1 1465 10008
10016 0 3285 10016
10017 1 3284 10017
10018 1 588 10018
10020 1 1096 10020
10024 1 1899 10024
10032 1 864 10032
10048 0 2735 10048
10049 1 1426 10049
10050 1 792 10050
10052 1 1002 10052
10056 1 1427 10056
10064 1 2735 10064
10080 1 793 10080
10112 0 1187 10112
10113 1 1367 10113
10114 1 1373 10114
10116 1 1187 10116
10120 1 1004 10120
10128 1 1372 10128
10144 1 589 10144
10176 1 1186 10176
10240 0 839 10259
10241 0 840 10247
10242 0 1165 10378
10243 0 1310 10251
10244 0 919 10380
10245 0 1608 10501
10246 0 2797 10310
10247 0 451 10247
10248 0 1050 10380
10249 0 1513 11273
10250 0 1524 10251
10251 0 3229 10251
10252 0 62 10316
10253 0 2371 10253
10254 0 2986 10254
10255 1 450 10255
10256 0 922 10292
10257 0 260 10265
10258 1 2455 10330
10259 1 249 10387
10260 0 3013 10324
10261 0 2370 10261
10262 0 923 10262
10263 1 839 10263
10264 0 1909 10520
10265 0 3105 10265
10266 0 2455 10266
10267 1 838 10267
10268 1 1707 14364
10269 1 2370 10269
10270 1 276 10270
10272 0 1566 14370
10273 0 281 10529
10274 0 2152 11298
10275 0 3076 10275
10276 0 1967 10277
10277 1 22 10533
10278 0 2908 10278
10279 1 3046 10279
10280 0 1308 10792
10281 0 1964 10281
10282 0 2870 10282
10283 1 1523 10283
10284 0 2987 10284
10285 1 2371 10285
10286 1 2986 10286
10288 1 2287 14896
10289 0 980 10289
10290 0 559 10290
10291 1 559 10291
10292 0 2988 10292
10293 1 980 10293
10294 1 922 10294
10296 0 3104 10296
10297 1 3104 10297
10298 1 3103 10298
10300 1 2987 10300
10304 0 1693 11584
10305 0 2611 10817
10306 0 2873 10434
10307 1 3229 10315
10308 0 2236 10316
10309 0 61 10309
10310 0 135 10310
10311 1 1822 10311
10312 0 2473 10824
10313 0 3230 10313
10314 0 664 10314
10315 1 3429 10315
10316 1 2644 10318
10317 1 61 10317
10318 1 2236 10318
10320 0 1789 10576
10321 1 320 10329
10322 0 1837 10322
10323 1 1836 10323
10324 0 2796 10324
10325 1 3012 10325
10326 1 2796 10326
10328 0 2795 10328
10329 1 2794 10329
10330 1 664 10330
10332 1 2795 10332
10336 0 1791 10464
10337 0 474 10337
10338 0 2871 10338
10339 1 560 10339
10340 0 2484 10340
10341 1 2483 10341
10342 1 2989 10342
10344 1 2485 10472
10345 1 696 10345
10346 1 2870 10346
10348 1 263 10348
10352 0 322 10352
10353 1 828 10353
10354 1 407 10354
10356 1 2988 10356
10360 1 321 10360
10368 0 479 11648
10369 0 1514 11393
10370 0 1733 10882
10371 0 1917 10371
10372 1 2214 10412
10373 0 2741 10373
10374 1 24 10406
10375 1 2741 10375
10376 0 693 10440
10377 0 3228 10377
10378 0 1091 10378
10379 1 3228 10379
10380 0 2214 10380
10381 1 1049 10381
10382 1 1091 10382
10384 0 2175 14480
10385 0 195 10385
10386 0 2874 10386
10387 1 1917 10387
10388 0 2393 10388
10389 1 2438 10389
10390 1 2874 10390
10392 0 2755 10392
10393 1 259 10393
10394 1 231 10394
10396 1 2393 10396
10400 0 1963 10408
10401 0 3077 10401
10402 0 1565 10402
10403 1 3076 10403
10404 0 25 10404
10405 1 981 10405
10406 1 1613 10406
10408 0 2754 10408
10409 1 1963 10409
10410 1 1962 10410
10412 1 528 10412
10416 1 2754 10424
10417 1 195 10417
10418 1 248 10418
10420 1 921 10420
10424 1 258 10424
10432 0 2485 10464
10433 0 3272 10433
10434 0 2752 10434
10435 1 576 10435
10436 1 691 10692
10437 1 690 10437
10438 1 2494 10438
10440 0 3273 10440
10441 1 3272 10441
10442 1 1090 10442
10444 1 919 10444
10448 1 2873 10450
10449 1 764 10449
10450 1 2902 10450
10452 1 920 10452
10456 1 693 10456
10464 0 2753 10464
10465 1 763 10465
10466 1 2752 10466
10468 1 2484 10468
10472 1 2753 10472
10480 1 1790 10480
10496 0 692 10688
10497 0 1182 14593
10498 0 1910 10514
10499 0 3244 10499
10500 0 2691 10508
10501 0 734 10501
10502 0 2907 10502
10503 1 999 10503
10504 0 2453 14600
10505 0 891 10505
10506 0 2816 10506
10507 1 1524 10507
10508 0 2654 10508
10509 1 1607 10509
10510 1 426 10510
10512 0 2528 10516
10513 1 375 10577
10514 0 1204 10514
10515 1 1910 10515
10516 0 735 10516
10517 1 734 10517
10518 1 2906 10518
10520 0 233 10520
10521 1 233 10521
10522 1 1909 10522
10524 1 735 10524
10528 0 478 11552
10529 0 1966 10529
10530 0 812 10530
10531 1 280 10531
10532 0 23 10532
10533 1 1966 10533
10534 1 2907 10534
10536 0 2536 10536
10537 1 153 10537
10538 1 811 10538
10540 1 2691 10540
10544 1 408 10608
10545 1 154 10545
10546 1 558 10546
10548 1 2313 10548
10552 1 1585 10552
10560 0 2872 10562
10561 0 60 10561
10562 1 296 10690
10563 1 3243 10563
10564 0 3014 10564
10565 1 60 10565
10566 1 2797 10566
10568 0 1089 10568
10569 1 891 10569
10570 1 1089 10570
10572 1 2690 10572
10576 0 375 10576
10577 1 1788 10577
10578 1 1837 10578
10580 1 3013 10580
10584 1 1088 10584
10592 1 1693 11616
10593 1 59 10593
10594 1 2871 10594
10596 1 3014 10596
10600 1 3354 10600
10608 1 1789 10608
10624 0 296 10688
10625 1 890 10633
10626 0 2119 10626
10627 1 1916 10627
10628 0 2213 10628
10629 1 1632 10629
10630 1 566 10630
10632 0 2537 10632
10633 1 3227 10633
10634 1 1165 10634
10636 1 2213 10636
10640 0 2890 10640
10641 1 2890 10641
10642 1 2118 10642
10644 1 2439 10644
10648 1 232 10648
10656 0 2825 10656
10657 1 281 10657
10658 1 812 10658
10660 1 2159 10660
10664 1 2536 10664
10672 1 813 10672
10688 0 3369 10688
10689 1 295 10689
10690 1 2872 10690
10692 1 3368 10692
10696 1 692 10696
10704 1 374 10704
10720 1 2824 10720
10752 0 1988 14852
10753 0 2018 10761
10754 0 2229 11778
10755 0 3075 10755
10756 0 3424 11780
10757 0 2740 10757
10758 0 3425 10758
10759 1 451 10759
10760 0 2452 14856
10761 0 315 10761
10762 0 563 10762
10763 1 1309 10763
10764 0 2301 10764
10765 1 70 10765
10766 1 563 10766
10768 0 2287 14864
10769 0 3281 10769
10770 1 1203 11026
10771 1 3281 10771
10772 0 2480 10772
10773 1 2369 10773
10774 1 1040 10774
10776 0 644 10776
10777 1 2017 10777
10778 1 837 10778
10780 1 2300 10780
10784 0 2348 10788
10785 1 593 10789
10786 0 3426 10786
10787 1 3075 10787
10788 0 550 10788
10789 1 1967 10789
10790 1 3425 10790
10792 0 3386 10792
10793 1 1308 10793
10794 1 562 10794
10796 1 549 10796
10800 0 3387 10800
10801 1 3387 10801
10802 1 628 10802
10804 1 2480 10804
10808 1 3386 10808
10816 0 2474 10848
10817 0 2739 10817
10818 0 648 10818
10819 1 648 10819
10820 0 459 10820
10821 1 2739 10821
10822 1 458 10822
10824 1 161 10952
10825 1 2472 10825
10826 1 663 10826
10828 1 2235 10828
10832 0 2738 10832
10833 1 2738 10833
10834 1 1650 10834
10836 1 459 10836
10840 1 644 10840
10848 0 1329 10848
10849 1 893 10849
10850 1 561 10850
10852 1 3015 10852
10856 1 2473 10856
10864 1 1329 10864
10880 0 2392 10884
10881 1 636 14977
10882 0 2465 10882
10883 1 1733 10883
10884 0 3423 10884
10885 1 2740 10885
10886 1 2464 10886
10888 0 2896 10888
10889 1 314 10889
10890 1 160 10890
10892 1 918 10892
10896 0 2790 10896
10897 1 2790 10897
10898 1 2465 10898
10900 1 2392 10900
10904 1 2896 10904
10912 1 1307 10920
10913 1 3087 10913
10914 1 1564 10914
10916 1 982 10916
10920 1 3385 10920
10928 1 719 10928
10944 0 2518 10944
10945 1 825 10945
10946 1 2751 10946
10948 1 3422 10948
10952 1 3370 10952
10960 1 1651 10960
10976 1 2517 10976
11008 0 662 11072
11009 0 2774 11009
11010 0 3109 11010
11011 1 3074 11011
11012 0 2302 11012
11013 1 733 11013
11014 1 3109 11014
11016 1 2091 11018
11017 1 2018 11017
11018 1 3427 11018
11020 1 2301 11020
11024 0 3108 11024
11025 1 2773 11025
11026 1 3108 11026
11028 1 2528 11028
11032 1 643 11032
11040 0 1934 11040
11041 1 2774 11041
11042 1 3426 11042
11044 1 550 11044
11048 1 1586 11048
11056 1 865 11056
11072 0 3339 11072
11073 1 892 11073
11074 1 662 11074
11076 1 1034 11076
11080 1 3338 11080
11088 1 1747 11088
11104 1 1328 11104
11136 0 661 11136
11137 1 660 11137
11138 1 2119 11138
11140 1 2302 11140
11144 1 3384 11144
11152 1 2889 11152
11168 1 1934 11168
11200 1 661 11200
11264 0 754 11648
11265 0 453 11777
11266 0 1567 15362
11267 0 279 11267
11268 0 2479 11284
11269 1 278 11271
11270 0 278 11270
11271 1 840 11271
11272 0 2869 11304
11273 0 261 11273
11274 1 351 11530
11275 1 877 11275
11276 1 427 11278
11277 1 261 11277
11278 1 277 11278
11280 0 2478 11282
11281 0 512 11281
11282 0 83 11282
11283 1 83 11283
11284 0 2527 11284
11285 1 511 11285
11286 1 2478 11286
11288 0 2756 11288
11289 1 260 11289
11290 1 573 11290
11292 1 92 11292
11296 0 1118 11808
11297 0 2827 11297
11298 0 3342 11298
11299 1 279 11299
11300 0 477 11300
11301 1 2827 11301
11302 1 2908 11302
11304 1 2868 15400
11305 1 3175 11305
11306 1 2151 11306
11308 1 262 11308
11312 0 82 11312
11313 1 475 11313
11314 1 82 11314
11316 1 476 11316
11320 1 1116 11320
11328 0 2199 11330
11329 0 3231 11329
11330 0 324 11330
11331 1 324 11331
11332 0 2729 11332
11333 1 2729 11333
11334 1 134 11334
11336 0 63 11336
11337 1 3230 11337
11338 1 2198 11338
11340 1 62 11340
11344 0 193 11344
11345 1 512 11345
11346 1 323 11346
11348 1 192 11348
11352 1 2756 11352
11360 0 2549 11360
11361 1 474 11361
11362 1 3342 11362
11364 1 495 11364
11368 1 2549 11368
11376 1 322 11376
11392 0 2526 11396
11393 0 3279 11393
11394 0 575 11394
11395 1 575 11395
11396 0 3275 11396
11397 1 875 11397
11398 1 532 11398
11400 0 3274 11400
11401 1 1513 11401
11402 1 569 11402
11404 1 3274 11404
11408 0 194 11408
11409 1 194 11409
11410 1 574 11410
11412 1 2526 11412
11416 1 2755 11416
11424 0 3287 11424
11425 1 1514 11425
11426 1 2152 11426
11428 1 2525 11428
11432 1 1778 11432
11440 1 81 11440
11456 0 2901 11456
11457 1 3278 11457
11458 1 2901 11458
11460 1 533 11460
11464 1 3273 11464
11472 1 193 11472
11488 1 3287 11488
11520 0 2676 12032
11521 0 1546 11521
11522 0 3341 11522
11523 1 1546 11523
11524 1 1692 11588
11525 1 1608 11525
11526 1 367 11526
11528 0 2815 11528
11529 1 2814 11529
11530 1 2815 11530
11532 1 2653 11532
11536 1 556 15632
11537 1 1183 11537
11538 1 1204 11538
11540 1 2527 11540
11544 1 1908 11544
11552 0 2826 11552
11553 1 2826 11553
11554 1 3341 11554
11556 1 477 11556
11560 1 2535 11560
11568 1 557 11568
11584 0 1425 11584
11585 1 1425 11585
11586 1 352 11586
11588 1 2728 11588
11592 1 1854 11592
11600 1 620 11600
11616 1 2548 11616
11648 0 3383 11648
11649 1 753 11649
11650 1 1423 11650
11652 1 3382 11652
11656 1 3383 11656
11664 1 1184 11664
11680 1 478 11680
11712 1 1424 11712
11776 1 3423 11908
11777 0 3280 11777
11778 0 306 11778
11779 1 452 11779
11780 0 3393 11780
11781 1 2035 11781
11782 1 3424 11782
11784 0 305 11784
11785 1 1512 11785
11786 1 305 11786
11788 1 3393 11788
11792 0 731 11792
11793 1 3280 11793
11794 1 2228 11794
11796 1 2479 11796
11800 1 730 11800
11808 0 3286 11808
11809 1 453 11809
11810 1 306 11810
11812 1 592 11812
11816 1 454 11816
11824 1 1117 11824
11840 0 646 11840
11841 1 2610 11841
11842 1 2229 11842
11844 1 1540 11844
11848 1 1454 11848
11856 1 645 11856
11872 1 1118 11872
11904 0 1456 11904
11905 1 3279 11905
11906 1 1732 11906
11908 1 3275 11908
11912 1 1455 11912
11920 1 718 11920
11936 1 3286 11936
11968 1 2900 11968
12032 0 3340 12032
12033 1 732 12033
12034 1 3340 12034
12036 1 3392 12036
12040 1 2676 12040
12048 1 731 12048
12064 1 3285 12064
12096 1 3339 12096
12160 1 754 12160
12288 0 42 12369
12289 0 1294 12425
12290 0 2273 12810
12291 1 1486 12931
12292 0 1093 12302
12293 0 1450 12301
12294 0 3081 12358
12295 0 584 12295
12296 0 1295 12488
12297 0 525 12425
12298 0 1506 12426
12299 1 1505 12427
12300 0 1707 12316
12301 0 2239 12301
12302 0 2238 12302
12303 1 2238 12303
12304 0 2567 14360
12305 0 1891 12313
12306 0 1569 13330
12307 0 1892 12307
12308 1 1574 12438
12309 1 1892 12311
12310 0 1893 12310
12311 1 2293 12311
12312 0 1713 12824
12313 0 681 12313
12314 1 173 13338
12315 1 1891 12315
12316 0 271 12316
12317 1 1449 12317
12318 1 275 12318
12320 0 1517 12449
12321 0 1197 12577
12322 0 2073 12578
12323 0 309 12323
12324 0 2008 12325
12325 0 107 12325
12326 0 2378 12326
12327 1 2991 12327
12328 0 1304 12344
12329 0 3022 12329
12330 0 965 12330
12331 1 964 12331
12332 1 2239 12333
12333 1 3022 12333
12334 1 1093 12334
12336 0 2135 12337
12337 0 979 12337
12338 1 174 13362
12339 1 309 12339
12340 0 2316 12340
12341 1 2134 12341
12342 1 2378 12342
12344 0 2283 12344
12345 1 3021 12345
12346 1 1303 12346
12348 1 2315 12348
12352 0 414 13504
12353 0 748 12865
12354 0 1794 13378
12355 0 3029 12355
12356 0 1572 12357
12357 0 68 12357
12358 0 2278 12358
12359 1 583 12359
12360 0 1986 12364
12361 0 1225 12361
12362 0 3037 12362
12363 1 489 12363
12364 0 273 12364
12365 1 1450 12365
12366 1 2237 12366
12368 0 2172 12400
12369 0 2923 12369
12370 0 652 12370
12371 1 3029 12371
12372 0 2280 12372
12373 1 2922 12373
12374 1 2292 12374
12376 0 653 12376
12377 1 1890 12377
12378 1 652 12378
12380 1 1706 12380
12384 0 701 13408
12385 0 3216 12385
12386 0 406 12386
12387 1 405 12387
12388 0 389 12388
12389 1 67 12389
12390 1 849 12390
12392 0 65 12392
12393 1 1225 12393
12394 1 965 12394
12396 1 388 12396
12400 0 2398 12400
12401 1 2923 12401
12402 1 2397 12402
12404 1 360 12404
12408 1 1304 12408
12416 0 1458 13184
12417 0 1487 12419
12418 0 3348 12450
12419 0 1363 12419
12420 0 1573 12421
12421 1 525 12429
12422 0 1361 12422
12423 1 1487 12423
12424 0 2895 12936
12425 0 3400 12425
12426 0 345 12426
12427 1 3399 12427
12428 0 526 12428
12429 1 1293 12429
12430 1 1092 12430
12432 0 1574 12436
12433 0 2892 12433
12434 0 2176 12434
12435 1 250 12435
12436 0 1360 12436
12437 1 1573 12437
12438 1 1360 12438
12440 0 252 12440
12441 1 251 12441
12442 1 2176 12442
12444 1 1359 12444
12448 0 2136 12449
12449 0 3096 12449
12450 0 3094 12450
12451 1 2136 12451
12452 0 3258 12452
12453 1 106 12453
12454 1 3347 12454
12456 0 1518 12456
12457 1 1517 12457
12458 1 3093 12458
12460 1 2956 12460
12464 1 196 14512
12465 1 2135 12465
12466 1 784 12466
12468 1 35 12468
12472 1 34 12472
12480 0 2279 12484
12481 0 2942 12481
12482 0 2556 12482
12483 1 3028 12483
12484 0 1396 12484
12485 1 1572 12485
12486 1 2278 12486
12488 0 1052 12488
12489 1 1294 12489
12490 1 3036 12490
12492 1 3300 12492
12496 0 654 12496
12497 1 2942 12497
12498 1 1648 12498
12500 1 1395 12500
12504 1 653 12504
12512 0 1792 12512
12513 1 1516 12513
12514 1 1792 12514
12516 1 3258 12516
12520 1 1642 12520
12528 1 654 12528
12544 0 1429 13064
12545 0 2502 12549
12546 0 1894 12550
12547 0 2965 12547
12548 0 2128 13060
12549 1 710 12551
12550 0 3264 12550
12551 1 3263 12551
12552 0 1605 12616
12553 0 1606 12553
12554 1 2092 13066
12555 1 711 12555
12556 1 270 12572
12557 1 1606 12557
12558 1 1845 12558
12560 0 2056 13072
12561 0 40 12561
12562 1 1893 12566
12563 1 39 12563
12564 0 115 12564
12565 1 482 12565
12566 1 269 12566
12568 0 2284 12568
12569 1 680 12569
12570 1 2852 12570
12572 1 115 12572
12576 0 1933 13088
12577 0 2776 12577
12578 0 157 12578
12579 1 2776 12579
12580 0 3265 12580
12581 1 2007 12581
12582 1 3264 12582
12584 1 522 13608
12585 1 947 12585
12586 1 2072 12586
12588 1 290 12588
12592 0 2289 12592
12593 1 155 12593
12594 1 156 12594
12596 1 2289 12596
12600 1 2283 12600
12608 0 622 12624
12609 0 2941 12609
12610 0 2074 12610
12611 1 2964 12611
12612 0 2501 12612
12613 1 2501 12613
12614 1 8 12614
12616 1 130 13640
12617 1 1605 12617
12618 1 3037 12618
12620 1 1985 12620
12624 1 284 12656
12625 1 376 12625
12626 1 622 12626
12628 1 77 12628
12632 1 1604 12632
12640 0 66 12640
12641 1 2940 12641
12642 1 2073 12642
12644 1 1108 12644
12648 1 65 12648
12656 1 2171 12656
12672 0 2161 12676
12673 0 937 12673
12674 1 157 12706
12675 1 2965 12675
12676 0 140 12676
12677 1 936 12677
12678 1 2496 12678
12680 1 1052 12744
12681 1 524 12681
12682 1 1506 12682
12684 1 139 12684
12688 0 3131 12688
12689 1 2891 12689
12690 1 3131 12690
12692 1 1155 12692
12696 1 767 12696
12704 0 3349 12704
12705 1 1196 12705
12706 1 3348 12706
12708 1 2160 12708
12712 1 1518 12712
12720 1 253 12720
12736 0 3130 12736
12737 1 2941 12737
12738 1 2074 12738
12740 1 2500 12740
12744 1 3129 12744
12752 1 3130 12752
12768 1 283 12768
12800 0 1809 12840
12801 0 1930 12865
12802 0 1931 12866
12803 0 1486 12803
12804 1 2391 14980
12805 0 3209 12805
12806 0 2617 12806
12807 1 2617 12807
12808 0 2014 12812
12809 0 2015 12809
12810 0 2093 12810
12811 1 799 12811
12812 0 274 12812
12813 1 2014 12813
12814 1 2616 12814
12816 0 2286 13840
12817 0 41 12817
12818 0 2295 12818
12819 1 2294 12819
12820 0 212 12820
12821 1 212 12821
12822 1 1039 12822
12824 0 3007 12824
12825 1 3006 12825
12826 1 1712 12826
12828 1 211 12828
12832 0 2375 12833
12833 0 2672 12833
12834 0 2670 12834
12835 1 2374 12835
12836 0 2013 12836
12837 1 3209 12837
12838 1 848 12838
12840 0 1306 12840
12841 1 1809 12841
12842 1 2093 12842
12844 1 2013 12844
12848 0 2671 12848
12849 1 2671 12849
12850 1 1038 12850
12852 1 2012 12852
12856 1 33 12856
12864 0 2127 12868
12865 0 2570 12865
12866 0 3082 12866
12867 1 1930 12867
12868 0 2390 12868
12869 1 1929 12869
12870 1 3081 12870
12872 0 2569 12872
12873 1 1224 12873
12874 1 798 12874
12876 1 273 12876
12880 0 2737 12880
12881 1 41 12881
12882 1 1649 12882
12884 1 2126 12884
12888 1 1713 12888
12896 1 747 12897
12897 1 3216 12897
12898 1 3049 12898
12900 1 74 12900
12904 1 1305 12904
12912 1 2398 12912
12928 0 2058 12932
12929 0 2893 12929
12930 0 346 12930
12931 1 1363 12931
12932 0 787 12932
12933 1 2058 12933
12934 1 847 12934
12936 0 3219 12936
12937 1 3218 12937
12938 1 345 12938
12940 1 526 12940
12944 0 2789 12944
12945 1 2892 12945
12946 1 346 12946
12948 1 2057 12948
12952 1 3007 12952
12960 0 3095 12960
12961 1 3095 12961
12962 1 3094 12962
12964 1 786 12964
12968 1 1306 12968
12976 1 785 12976
12992 0 2788 12992
12993 1 2893 12993
12994 1 1841 12994
12996 1 787 12996
13000 1 2894 13000
13008 1 2788 13008
13024 1 1264 13024
13056 0 1932 13058
13057 0 3005 13057
13058 0 2272 13058
13059 1 1485 13059
13060 0 2674 13060
13061 1 638 13061
13062 1 9 13062
13064 0 640 13064
13065 1 3005 13065
13066 1 2272 13066
13068 1 2128 13068
13072 0 1480 13072
13073 1 40 13073
13074 1 2461 13074
13076 1 2056 13076
13080 1 2055 13080
13088 0 2673 13088
13089 1 2672 13089
13090 1 1932 13090
13092 1 2673 13092
13096 1 640 13096
13104 1 2288 13104
13120 0 2787 13120
13121 1 2570 13121
13122 1 1931 13122
13124 1 2127 13124
13128 1 3162 13128
13136 1 2736 13136
13152 1 1036 13152
13184 0 2162 13184
13185 1 937 13185
13186 1 2271 13186
13188 1 2161 13188
13192 1 1429 13192
13200 1 1480 13200
13216 1 1458 13216
13248 1 2787 13248
13312 0 608 13840
13313 0 1571 13317
13314 0 1819 13322
13315 1 878 15363
13316 0 2208 13572
13317 0 2318 13317
13318 0 1570 13318
13319 1 1570 13319
13320 0 2285 13336
13321 1 316 13833
13322 0 2622 13322
13323 1 1819 13323
13324 0 3182 13324
13325 1 342 13325
13326 1 1407 13326
13328 0 481 13584
13329 0 2425 13329
13330 1 651 13394
13331 1 977 13331
13332 0 2317 13332
13333 1 2317 13333
13334 1 1569 13334
13336 1 172 13848
13337 1 681 13337
13338 1 1818 13338
13340 1 271 13340
13344 0 2376 13856
13345 1 1197 13601
13346 0 1441 13346
13347 1 2045 13347
13348 0 2377 13348
13349 1 2008 13349
13350 1 2377 13350
13352 0 2868 13352
13353 1 1438 13353
13354 1 2622 13354
13356 1 1315 13356
13360 0 2173 13360
13361 1 978 13361
13362 1 1441 13362
13364 1 2316 13364
13368 1 2867 13368
13376 0 2389 13888
13377 0 1544 13377
13378 0 1398 13378
13379 1 1794 13379
13380 0 418 13380
13381 1 418 13381
13382 1 1397 13382
13384 1 1295 13512
13385 1 1543 13385
13386 1 1398 13386
13388 1 272 13388
13392 0 412 13392
13393 1 42 13393
13394 1 1568 13394
13396 1 411 13396
13400 1 465 13400
13408 1 701 13412
13409 1 3215 13409
13410 1 1793 13410
13412 1 1316 13412
13416 1 131 13416
13424 1 2172 13424
13440 0 2033 13441
13441 0 2115 13441
13442 0 2718 13442
13443 1 2115 13443
13444 0 1370 13444
13445 1 1369 13445
13446 1 2717 13446
13448 0 344 13448
13449 1 1261 13449
13450 1 344 13450
13452 1 343 13452
13456 0 2511 13456
13457 1 2510 13457
13458 1 3315 13458
13460 1 1370 13460
13464 1 1817 13464
13472 0 3178 13472
13473 1 3096 13473
13474 1 3256 13474
13476 1 3257 13476
13480 1 1262 13480
13488 1 655 13488
13504 0 2557 13504
13505 1 3027 13505
13506 1 2556 13506
13508 1 1396 13508
13512 1 2557 13512
13520 1 1296 13520
13536 1 3350 13536
13568 0 2786 13632
13569 0 2939 13569
13570 0 2938 13570
13571 1 2938 13571
13572 0 141 13572
13573 1 2208 13573
13574 1 1894 13574
13576 0 523 13576
13577 1 1804 13577
13578 1 1870 13578
13580 1 3182 13580
13584 0 144 13584
13585 1 2425 13585
13586 1 143 13586
13588 1 481 13588
13592 1 2284 13592
13600 0 522 13600
13601 1 2939 13601
13602 1 1440 13602
13604 1 289 13604
13608 1 1439 13608
13616 1 1580 13616
13632 0 2932 13632
13633 1 1544 13633
13634 1 3413 13634
13636 1 1107 13636
13640 1 1399 13640
13648 1 1297 13648
13664 1 2785 13664
13696 1 1457 14208
13697 1 2032 13697
13698 1 2937 13698
13700 1 140 13700
13704 1 523 13704
13712 1 144 13712
13728 1 3349 13728
13760 1 2931 13760
13824 0 2628 13826
13825 0 520 13825
13826 0 2914 13826
13827 1 519 13827
13828 1 789 14084
13829 1 2318 13829
13830 1 2914 13830
13832 0 3181 13832
13833 1 2015 13833
13834 1 2621 13834
13836 1 3181 13836
13840 0 3180 13840
13841 1 607 13841
13842 1 2628 13842
13844 1 1478 13844
13848 1 2285 13848
13856 1 862 13920
13857 1 2375 13857
13858 1 2669 13858
13860 1 2376 13860
13864 1 1808 13864
13872 1 608 13872
13888 0 413 13888
13889 1 2609 13889
13890 1 2388 13890
13892 1 2389 13892
13896 1 171 13896
13904 1 412 13904
13920 1 700 13920
13952 0 3179 13952
13953 1 2114 13953
13954 1 2913 13954
13956 1 1717 13956
13960 1 1716 13960
13968 1 3179 13968
13984 1 1263 13984
14016 1 413 14016
14080 0 521 14080
14081 1 520 14081
14082 1 587 14082
14084 1 2674 14084
14088 1 1428 14088
14096 1 1579 14096
14112 1 521 14112
14144 1 2786 14144
14208 1 2162 14208
14336 0 1711 14346
14337 0 2034 15361
14338 0 2477 14354
14339 0 2505 14339
14340 0 1987 14348
14341 0 2503 14341
14342 0 565 14342
14343 1 584 14343
14344 0 2451 14376
14345 0 889 14345
14346 0 2985 14346
14347 1 1310 14347
14348 0 1708 14348
14349 1 3023 14349
14350 1 2985 14350
14352 0 2174 14384
14353 0 2504 14353
14354 0 924 14354
14355 1 2504 14355
14356 1 76 14420
14357 1 2503 14357
14358 1 923 14358
14360 0 2454 14360
14361 1 3105 14361
14362 1 2454 14362
14364 1 2566 14364
14368 0 2282 14384
14369 0 1965 14369
14370 0 3048 14370
14371 1 308 14371
14372 0 2349 14372
14373 1 107 14373
14374 1 3047 14374
14376 0 1710 14376
14377 1 1964 14377
14378 1 1710 14378
14380 1 2450 14380
14384 0 2476 14384
14385 1 979 14385
14386 1 2476 14386
14388 1 2449 14388
14392 1 2282 14392
14400 0 3079 14528
14401 0 749 14401
14402 1 406 14434
14403 1 925 14403
14404 0 3080 14404
14405 1 68 14405
14406 1 3080 14406
14408 0 64 14408
14409 1 695 14409
14410 1 966 14410
14412 1 1986 14412
14416 0 2281 14416
14417 1 829 14417
14418 1 924 14418
14420 1 2280 14420
14424 1 694 14424
14432 0 473 14432
14433 1 473 14433
14434 1 298 14434
14436 1 389 14436
14440 1 64 14440
14448 1 2281 14448
14464 0 2555 14466
14465 0 3078 14465
14466 0 1362 14466
14467 1 1362 14467
14468 0 1553 14468
14469 1 1552 14469
14470 1 1361 14470
14472 0 1709 14472
14473 1 889 14473
14474 1 1164 14474
14476 1 1708 14476
14480 0 766 14480
14481 1 765 14481
14482 1 2175 14482
14484 1 1553 14484
14488 1 766 14488
14496 0 26 14496
14497 1 3077 14497
14498 1 1565 14498
14500 1 25 14500
14504 1 1709 14504
14512 1 2174 14512
14528 0 3268 14528
14529 1 3078 14529
14530 1 2555 14530
14532 1 3079 14532
14536 1 1051 14536
14544 1 3268 14544
14560 1 1791 14560
14592 1 2675 16128
14593 0 750 14593
14594 0 113 14594
14595 1 3244 14595
14596 0 2655 14596
14597 1 2502 14597
14598 1 565 14598
14600 0 1181 14600
14601 1 1181 14601
14602 1 2816 14602
14604 1 2654 14604
14608 0 114 14608
14609 1 1182 14609
14610 1 113 14610
14612 1 114 14612
14616 1 2453 14616
14624 0 472 14624
14625 1 2775 14625
14626 1 552 14626
14628 1 551 14628
14632 1 2692 14632
14640 1 471 14640
14656 1 2932 15680
14657 1 749 14657
14658 1 297 14658
14660 1 7 14660
14664 1 1180 14664
14672 1 621 14672
14688 1 472 14688
14720 0 1154 14720
14721 1 750 14721
14722 1 112 14722
14724 1 2212 14724
14728 1 2537 14728
14736 1 1154 14736
14752 1 282 14752
14784 1 3267 14784
14848 0 2391 14852
14849 0 28 14849
14850 0 586 14850
14851 1 585 14851
14852 0 2656 14852
14853 1 637 14853
14854 1 564 14854
14856 0 2568 14856
14857 1 315 14857
14858 1 1711 14858
14860 1 1987 14860
14864 0 3107 14864
14865 1 3106 14865
14866 1 2295 14866
14868 1 2656 14868
14872 1 2567 14872
14880 0 2475 14880
14881 1 721 14881
14882 1 3048 14882
14884 1 2348 14884
14888 1 2451 14888
14896 1 720 14896
14912 1 2390 14916
14913 1 748 14913
14914 1 647 14914
14916 1 75 14916
14920 1 2568 14920
14928 1 2737 14928
14944 1 2474 14944
14976 0 27 14976
14977 1 27 14977
14978 1 2554 14978
14980 1 1988 14980
14984 1 2895 14984
14992 1 2789 14992
15008 1 26 15008
15040 1 2518 15040
15104 1 1152 15106
15105 1 28 15105
15106 1 586 15106
15108 1 2655 15108
15112 1 2452 15112
15120 1 3107 15120
15136 1 1933 15136
15168 1 1035 15168
15232 1 1153 15232
15360 0 3177 15392
15361 0 3232 15361
15362 0 1422 15362
15363 1 2505 15363
15364 0 303 15364
15365 1 3024 15365
15366 1 428 15366
15368 0 888 15368
15369 1 888 15369
15370 1 1421 15370
15372 1 93 15372
15376 0 464 15376
15377 1 3232 15377
15378 1 2477 15378
15380 1 463 15380
15384 1 1059 15384
15392 0 1953 15392
15393 1 3176 15393
15394 1 1566 15394
15396 1 2349 15396
15400 1 1952 15400
15408 1 2173 15408
15424 1 1567 15426
15425 1 3231 15425
15426 1 2199 15426
15428 1 417 15428
15432 1 63 15432
15440 1 464 15440
15456 1 861 15456
15488 1 1554 15504
15489 1 2033 15489
15490 1 1422 15490
15492 1 302 15492
15496 1 1058 15496
15504 1 2511 15504
15520 1 3177 15520
15552 1 414 15552
15616 0 142 15616
15617 1 1545 15617
15618 1 142 15618
15620 1 141 15620
15624 1 887 15624
15632 1 480 15632
15648 1 1198 15648
15680 1 3412 15680
15744 1 479 15744
15872 0 304 15872
15873 1 2034 15873
15874 1 518 15874
15876 1 303 15876
15880 1 304 15880
15888 1 2286 15888
15904 1 1953 15904
15936 1 646 15936
16000 1 1456 16000
16128 1 1954 16128
