127
239
251
253
254
255
383
478
495
502
506
507
508
509
510
511
607
631
635
639
695
699
701
703
735
751
759
763
765
766
767
827
831
863
887
891
895
951
955
956
957
959
990
991
1004
1005
1007
1012
1013
1014
1015
1016
1017
1018
1019
1020
1021
1022
1151
1183
1214
1215
1247
1262
1263
1270
1275
1277
1278
1279
1359
1375
1390
1391
1398
1402
1406
1407
1439
1470
1471
1487
1502
1503
1518
1519
1526
1530
1531
1532
1533
1534
1583
1599
1615
1631
1647
1654
1655
1659
1662
1663
1695
1711
1719
1723
1725
1726
1727
1743
1759
1774
1775
1782
1783
1787
1789
1790
1855
1871
1887
1902
1903
1910
1911
1912
1913
1914
1915
1918
1951
1975
1979
1980
1981
1982
1999
2008
2009
2010
2011
2014
2024
2025
2026
2027
2028
2029
2030
2032
2033
2034
2035
2036
2037
2038
2040
2041
2042
2044
2111
2143
2159
2175
2235
2239
2271
2287
2299
2301
2302
2303
2366
2367
2399
2415
2428
2429
2430
2431
2491
2494
2495
2524
2525
2526
2527
2540
2541
2543
2550
2554
2555
2556
2557
2558
2623
2655
2671
2683
2687
2718
2743
2747
2750
2751
2780
2781
2782
2783
2796
2797
2799
2804
2805
2811
2812
2813
2814
2875
2878
2879
2911
2927
2935
2939
2940
2941
2942
2974
2999
3003
3004
3005
3006
3036
3037
3038
3052
3053
3060
3061
3062
3064
3065
3066
3068
3166
3167
3183
3198
3199
3230
3231
3259
3262
3263
3294
3295
3308
3309
3310
3311
3318
3323
3324
3325
3326
3390
3422
3423
3438
3439
3446
3450
3452
3453
3454
3486
3487
3515
3518
3548
3549
3550
3564
3565
3566
3574
3578
3580
3631
3647
3663
3679
3695
3707
3710
3742
3743
3759
3767
3771
3773
3774
3791
3804
3805
3806
3820
3821
3822
3824
3825
3826
3827
3828
3829
3830
3836
3887
3902
3919
3950
3958
3960
3961
3962
3964
3998
4016
4017
4018
4019
4020
4021
4022
4028
4048
4049
4050
4051
4052
4053
4054
4056
4057
4058
4060
4064
4065
4066
4067
4068
4069
4070
4072
4073
4074
4076
4080
4081
4082
4084
4088
4159
4191
4222
4223
4286
4287
4318
4319
4335
4349
4350
4351
4415
4447
4470
4478
4479
4542
4543
4574
4575
4591
4598
4602
4603
4604
4605
4606
4671
4703
4727
4731
4732
4733
4734
4735
4791
4795
4797
4798
4799
4830
4831
4847
4855
4856
4857
4858
4859
4860
4861
4862
4923
4927
4959
4982
4983
4987
4988
4989
4990
5047
5048
5049
5050
5051
5052
5053
5054
5080
5081
5082
5083
5086
5100
5101
5108
5109
5110
5112
5113
5114
5116
5183
5215
5246
5247
5310
5311
5342
5343
5359
5366
5373
5374
5436
5437
5439
5455
5471
5486
5487
5494
5500
5501
5502
5560
5561
5562
5563
5564
5565
5566
5583
5592
5593
5594
5595
5598
5608
5609
5610
5611
5622
5624
5625
5626
5628
5679
5695
5711
5727
5743
5750
5751
5755
5756
5757
5758
5791
5807
5815
5819
5821
5822
5839
5854
5870
5878
5880
5881
5882
5884
5947
5948
5949
5967
5998
6006
6008
6009
6010
6012
6072
6073
6074
6076
6104
6105
6106
6120
6121
6122
6124
6128
6129
6130
6132
6136
6207
6239
6271
6331
6332
6333
6334
6335
6366
6367
6383
6395
6396
6397
6398
6460
6461
6462
6463
6495
6518
6524
6525
6526
6587
6588
6589
6590
6616
6617
6618
6619
6620
6621
6622
6636
6637
6646
6648
6649
6650
6652
6719
6751
6767
6775
6779
6780
6781
6839
6843
6844
6845
6846
6876
6877
6878
6892
6893
6900
6901
6904
6905
6906
6908
6971
6972
6973
6974
7030
7036
7096
7097
7098
7100
7128
7129
7130
7132
7148
7156
7160
7231
7262
7263
7294
7326
7327
7355
7358
7390
7405
7414
7420
7484
7485
7486
7503
7518
7534
7542
7546
7548
7582
7608
7609
7610
7612
7640
7641
7642
7644
7648
7649
7650
7651
7652
7653
7654
7656
7657
7658
7660
7672
7727
7759
7774
7804
7838
7900
7916
7920
7921
7922
7924
7928
7996
8032
8033
8034
8035
8036
8037
8038
8040
8041
8042
8044
8056
8096
8097
8098
8099
8100
8101
8102
8104
8105
8106
8108
8112
8113
8114
8116
8120
8128
8129
8130
8131
8132
8133
8134
8136
8137
8138
8140
8144
8145
8146
8148
8152
8160
8161
8162
8164
8168
8176
8303
8318
8319
8382
8431
8443
8444
8445
8446
8447
8559
8572
8573
8574
8575
8636
8637
8638
8670
8687
8698
8699
8700
8701
8702
8799
8815
8823
8827
8830
8831
8887
8893
8894
8895
8927
8940
8941
8943
8951
8955
8956
8957
8958
9019
9023
9055
9071
9079
9083
9084
9085
9086
9143
9147
9148
9149
9150
9182
9196
9197
9204
9205
9206
9208
9209
9210
9212
9327
9342
9343
9375
9406
9407
9439
9454
9455
9462
9464
9465
9466
9467
9468
9469
9470
9551
9567
9582
9583
9590
9594
9596
9597
9598
9631
9660
9661
9662
9679
9694
9710
9712
9713
9714
9715
9716
9717
9718
9720
9721
9722
9724
9775
9791
9807
9823
9839
9846
9847
9851
9854
9887
9903
9911
9915
9917
9918
9935
9964
9965
9966
9974
9976
9977
9978
9980
10031
10043
10063
10094
10096
10097
10098
10099
10100
10101
10102
10104
10105
10106
10108
10160
10161
10162
10163
10164
10165
10166
10172
10200
10201
10202
10216
10217
10218
10220
10224
10225
10226
10228
10232
10303
10335
10351
10366
10367
10430
10431
10463
10479
10491
10492
10493
10494
10559
10591
10607
10620
10621
10622
10683
10684
10685
10686
10717
10718
10732
10733
10746
10748
10815
10847
10863
10871
10872
10873
10874
10875
10878
10910
10935
10942
10972
10973
10974
10988
10989
10997
11000
11001
11002
11004
11067
11120
11121
11122
11123
11124
11125
11126
11128
11129
11130
11132
11166
11184
11185
11186
11187
11188
11189
11190
11196
11216
11217
11218
11219
11220
11221
11222
11244
11248
11249
11250
11252
11256
11327
11358
11359
11375
11390
11422
11423
11451
11454
11486
11500
11501
11502
11510
11512
11513
11514
11516
11582
11614
11630
11638
11642
11644
11678
11708
11740
11756
11760
11761
11762
11764
11768
11823
11855
11894
11896
11897
11898
11934
11996
12012
12016
12017
12018
12020
12024
12144
12145
12146
12148
12152
12208
12209
12210
12212
12240
12241
12242
12244
12248
12256
12257
12258
12260
12264
12272
12351
12383
12399
12414
12415
12478
12479
12511
12527
12539
12541
12542
12607
12639
12655
12662
12664
12665
12666
12667
12668
12669
12670
12732
12733
12734
12766
12790
12792
12793
12794
12796
12863
12895
12911
12919
12920
12921
12922
12923
12924
12925
12926
12983
12987
12989
12990
13036
13037
13048
13049
13050
13052
13115
13174
13176
13177
13178
13180
13232
13233
13234
13235
13236
13237
13238
13240
13241
13242
13244
13272
13273
13274
13292
13296
13297
13298
13300
13304
13375
13407
13423
13438
13471
13502
13534
13550
13558
13560
13561
13562
13629
13647
13678
13686
13688
13689
13690
13692
13752
13753
13754
13756
13784
13785
13786
13800
13801
13802
13808
13809
13810
13812
13816
13871
13903
13942
13944
13945
13946
13948
14060
14072
14192
14193
14194
14196
14200
14256
14257
14258
14260
14264
14296
14312
14320
14399
14431
14447
14462
14523
14524
14525
14526
14588
14652
14653
14654
14710
14713
14716
14780
14809
14810
14828
14840
14968
14969
14970
14972
15006
15036
15068
15084
15092
15096
15164
15216
15217
15218
15220
15224
15280
15281
15282
15284
15288
15296
15297
15298
15299
15300
15301
15302
15304
15305
15306
15308
15312
15313
15314
15316
15320
15344
15454
15518
15548
15608
15676
15800
15832
15840
15841
15842
15844
15848
15856
15992
16064
16065
16066
16067
16068
16069
16070
16072
16073
16074
16076
16080
16081
16082
16084
16088
16112
16192
16193
16194
16195
16196
16197
16198
16200
16201
16202
16204
16208
16209
16210
16212
16216
16224
16225
16226
16228
16232
16240
16256
16257
16258
16259
16260
16261
16262
16264
16265
16266
16268
16272
16273
16274
16276
16280
16288
16289
16290
16292
16296
16304
16320
16321
16322
16324
16328
16336
16352
16511
16606
16623
16635
16636
16637
16638
16639
16764
16765
16767
16862
16879
16886
16888
16889
16890
16891
16892
16893
16894
16991
17015
17019
17023
17079
17083
17085
17087
17118
17119
17135
17143
17144
17145
17146
17147
17148
17149
17150
17211
17215
17247
17271
17272
17273
17274
17275
17276
17277
17335
17339
17340
17341
17374
17389
17396
17397
17398
17400
17401
17402
17404
17535
17567
17598
17599
17630
17631
17646
17647
17654
17659
17660
17661
17662
17743
17759
17774
17775
17786
17788
17789
17790
17823
17854
17871
17880
17881
17882
17883
17886
17902
17910
17912
17913
17914
17916
17967
17983
17999
18015
18031
18038
18039
18043
18046
18079
18095
18103
18107
18109
18110
18127
18142
18158
18166
18168
18169
18170
18172
18235
18255
18286
18294
18296
18297
18298
18300
18364
18392
18393
18394
18408
18409
18410
18412
18416
18417
18418
18420
18424
18495
18527
18543
18559
18619
18623
18654
18655
18671
18683
18684
18685
18686
18750
18751
18783
18799
18812
18813
18814
18875
18878
18908
18909
18910
18924
18925
18928
18929
18930
18931
18932
18933
18934
18936
18937
18938
18940
19007
19039
19055
19063
19067
19102
19127
19131
19133
19134
19164
19165
19166
19180
19181
19188
19189
19192
19193
19194
19196
19259
19262
19320
19321
19322
19324
19358
19388
19420
19424
19425
19426
19427
19428
19429
19430
19432
19433
19434
19436
19440
19441
19442
19444
19448
19519
19550
19551
19567
19582
19614
19615
19643
19646
19678
19692
19693
19694
19702
19708
19774
19791
19806
19822
19830
19834
19836
19870
19928
19929
19930
19932
19948
19952
19953
19954
19956
19960
20015
20047
20062
20086
20126
20188
20192
20193
20194
20195
20196
20197
20198
20200
20201
20202
20204
20208
20209
20210
20212
20216
20320
20321
20322
20323
20324
20325
20326
20328
20329
20330
20332
20344
20400
20401
20402
20404
20432
20433
20434
20436
20440
20448
20449
20450
20452
20456
20464
20575
20606
20607
20670
20671
20702
20703
20719
20732
20733
20734
20799
20831
20860
20861
20862
20926
20958
20982
20984
20985
20986
20988
21087
21111
21115
21117
21118
21175
21179
21181
21182
21214
21240
21241
21242
21244
21307
21366
21368
21369
21370
21372
21433
21434
21436
21464
21465
21466
21492
21496
21567
21599
21630
21694
21726
21742
21744
21745
21746
21747
21748
21749
21750
21756
21820
21821
21839
21870
21884
21944
21945
21946
21948
21976
21977
21978
21993
21994
22000
22001
22002
22004
22008
22063
22095
22134
22240
22241
22242
22243
22244
22245
22246
22248
22249
22250
22252
22256
22257
22258
22260
22264
22332
22368
22369
22370
22371
22372
22373
22374
22376
22377
22378
22380
22392
22432
22433
22434
22435
22436
22437
22438
22440
22441
22442
22444
22488
22496
22497
22498
22500
22504
22512
22591
22623
22654
22715
22716
22717
22718
22750
22780
22844
22845
22846
22902
22908
22972
23000
23001
23002
23004
23020
23024
23025
23026
23028
23032
23164
23228
23260
23276
23284
23288
23356
23416
23480
23512
23520
23521
23522
23524
23528
23536
23646
23710
23788
23792
23793
23794
23796
23868
23992
24024
24032
24033
24034
24036
24040
24048
24288
24289
24290
24292
24296
24304
24416
24417
24418
24420
24424
24480
24481
24482
24484
24488
24496
24512
24513
24514
24516
24520
24528
24544
24687
24702
24703
24766
24798
24815
24827
24828
24829
24830
24943
24956
24957
24958
25021
25022
25054
25078
25081
25082
25084
25183
25199
25207
25211
25214
25271
25275
25277
25278
25310
25324
25325
25328
25329
25330
25331
25332
25333
25334
25336
25337
25338
25340
25403
25464
25465
25466
25468
25532
25580
25584
25585
25586
25588
25592
25711
25726
25759
25790
25822
25838
25840
25841
25842
25843
25844
25845
25846
25848
25849
25850
25852
25935
25966
25974
25978
25980
26072
26073
26074
26096
26097
26098
26100
26104
26159
26191
26230
26348
26352
26353
26354
26356
26360
26464
26465
26466
26467
26468
26469
26470
26472
26473
26474
26476
26480
26481
26482
26484
26488
26544
26545
26546
26548
26584
26592
26593
26594
26596
26600
26608
26687
26719
26735
26750
26811
26814
26846
26876
26942
27004
27068
27100
27116
27120
27121
27122
27124
27257
27258
27294
27356
27372
27376
27377
27378
27380
27384
27504
27505
27506
27508
27512
27568
27569
27570
27572
27600
27601
27602
27604
27616
27617
27618
27620
27624
27632
27742
27806
27884
27888
27889
27890
27892
27896
28120
28144
28384
28385
28386
28388
28392
28400
28417
28419
28421
28423
28425
28427
28429
28433
28435
28437
28441
28449
28451
28453
28457
28465
28481
28483
28485
28489
28497
28512
28513
28514
28516
28520
28528
28592
28624
28640
28735
28767
28783
28798
28862
28894
28924
29046
29048
29049
29050
29052
29176
29304
29305
29306
29308
29420
29425
29426
29432
29560
29617
29618
29620
29656
29680
29936
29937
29938
29940
29944
30012
30072
30136
30168
30184
30192
30328
30432
30433
30434
30436
30440
30448
30560
30561
30562
30564
30568
30576
30592
30593
30594
30595
30596
30597
30598
30600
30601
30602
30604
30608
30609
30610
30612
30616
30624
30625
30626
30628
30632
30640
30688
30908
31036
31096
31216
31352
31600
31664
31680
31681
31682
31684
31688
31696
31712
31984
32128
32129
32130
32131
32132
32133
32134
32136
32137
32138
32140
32144
32145
32146
32148
32152
32160
32161
32162
32164
32168
32176
32224
32257
32259
32263
32265
32267
32269
32273
32275
32277
32281
32289
32291
32293
32297
32305
32321
32323
32329
32337
32353
32384
32385
32386
32387
32388
32389
32390
32392
32393
32394
32396
32400
32401
32402
32404
32408
32416
32417
32418
32420
32424
32432
32448
32449
32450
32452
32456
32464
32480
32512
32513
32514
32515
32516
32517
32518
32520
32521
32522
32524
32528
32529
32530
32532
32536
32544
32545
32546
32548
32552
32560
32576
32577
32578
32580
32584
32592
32608
32640
32641
32642
32644
32648
32656
32672
32704
32895
33007
33019
33021
33022
33023
33151
33212
33213
33246
33263
33270
33272
33273
33274
33275
33276
33277
33278
33375
33399
33403
33407
33463
33467
33469
33471
33503
33519
33527
33528
33529
33530
33531
33533
33534
33595
33599
33631
33655
33659
33719
33723
33724
33725
33758
33772
33773
33776
33777
33778
33779
33780
33781
33782
33784
33785
33786
33788
33919
33951
33982
33983
34015
34030
34031
34038
34043
34045
34046
34127
34143
34158
34159
34166
34170
34174
34207
34236
34237
34238
34255
34270
34286
34288
34289
34290
34291
34292
34293
34294
34296
34297
34298
34300
34351
34367
34383
34399
34415
34422
34423
34427
34430
34463
34479
34487
34491
34493
34494
34511
34542
34544
34545
34546
34547
34548
34549
34550
34552
34553
34554
34607
34619
34639
34670
34678
34680
34681
34682
34748
34777
34778
34792
34793
34794
34796
34800
34801
34802
34804
34808
34879
34911
34927
34943
35003
35007
35039
35055
35067
35069
35070
35134
35135
35167
35183
35196
35197
35198
35259
35260
35261
35262
35292
35293
35294
35308
35309
35318
35320
35321
35322
35324
35391
35423
35439
35447
35451
35486
35511
35515
35518
35548
35549
35550
35565
35572
35573
35576
35577
35578
35580
35643
35646
35708
35742
35760
35761
35762
35763
35764
35765
35766
35772
35804
35820
35824
35825
35826
35828
35832
35934
35935
35951
35966
35998
35999
36027
36030
36062
36076
36077
36078
36086
36092
36158
36175
36190
36206
36214
36218
36220
36254
36284
36316
36332
36336
36337
36338
36340
36344
36399
36431
36470
36510
36572
36588
36592
36593
36594
36596
36600
36728
36784
36785
36786
36788
36816
36817
36818
36820
36824
36832
36833
36834
36836
36840
36848
36927
36959
36990
36991
37054
37055
37086
37087
37103
37115
37117
37118
37183
37215
37238
37246
37308
37309
37310
37342
37366
37368
37369
37370
37372
37439
37471
37495
37499
37500
37501
37502
37559
37563
37565
37566
37598
37624
37625
37626
37628
37691
37750
37756
37816
37817
37818
37820
37848
37849
37850
37856
37857
37858
37859
37860
37861
37862
37864
37865
37866
37868
37872
37873
37874
37876
37880
37951
37983
38014
38047
38078
38110
38126
38134
38204
38205
38223
38254
38262
38266
38268
38328
38329
38330
38332
38360
38361
38362
38376
38377
38378
38384
38385
38386
38388
38392
38447
38479
38518
38524
38640
38641
38642
38644
38648
38716
38776
38840
38848
38849
38850
38851
38852
38853
38854
38856
38857
38858
38860
38864
38865
38866
38868
38872
38880
38881
38882
38884
38888
38896
38975
39007
39023
39038
39099
39100
39101
39102
39134
39164
39228
39229
39230
39286
39292
39356
39384
39385
39386
39388
39404
39416
39548
39582
39612
39644
39660
39668
39672
39740
39856
39857
39858
39860
39864
39896
39904
39905
39906
39908
39912
39920
40030
40094
40124
40172
40252
40376
40384
40385
40386
40387
40388
40389
40390
40392
40393
40394
40396
40400
40401
40402
40404
40408
40416
40417
40418
40420
40424
40432
40640
40641
40642
40643
40644
40645
40646
40648
40649
40650
40652
40656
40657
40658
40660
40664
40688
40800
40801
40802
40804
40808
40864
40865
40866
40868
40872
40880
40896
40897
40898
40900
40904
40912
40928
41071
41087
41150
41199
41211
41212
41213
41214
41327
41340
41341
41342
41404
41405
41406
41438
41464
41465
41466
41468
41567
41583
41591
41595
41598
41655
41659
41661
41662
41709
41720
41721
41722
41724
41787
41852
41916
41964
41968
41969
41970
41972
41976
42095
42143
42174
42222
42230
42233
42234
42236
42319
42350
42358
42362
42364
42428
42480
42481
42482
42484
42488
42543
42575
42614
42732
42736
42737
42738
42740
42744
42866
42868
42872
42928
42929
42930
42932
42984
42992
43071
43103
43119
43134
43195
43198
43260
43388
43452
43484
43488
43489
43490
43491
43492
43493
43494
43496
43497
43498
43500
43512
43640
43641
43642
43678
43740
43768
43888
43889
43890
43892
43896
43952
43953
43954
43956
43985
43986
43988
44000
44001
44002
44004
44008
44016
44126
44190
44268
44480
44481
44482
44483
44484
44485
44486
44488
44489
44490
44492
44496
44497
44498
44500
44504
44512
44513
44514
44516
44520
44528
44664
44736
44737
44738
44739
44740
44741
44742
44744
44745
44746
44748
44752
44753
44754
44756
44760
44784
44864
44865
44866
44867
44868
44869
44870
44872
44873
44874
44876
44880
44881
44882
44884
44888
44976
44992
44993
44994
44996
45000
45008
45024
45119
45151
45167
45182
45246
45308
45430
45432
45433
45434
45436
45500
45560
45688
45689
45690
45692
45804
45816
45944
46000
46001
46002
46004
46008
46040
46048
46049
46050
46052
46056
46064
46328
46456
46520
46552
46568
46576
46712
46832
46960
47024
47040
47041
47042
47044
47048
47056
47072
47292
47420
47576
47584
47585
47586
47588
47592
47736
47984
48048
48064
48065
48066
48068
48072
48080
48096
48576
48577
48578
48580
48584
48592
48608
48641
48643
48645
48647
48649
48651
48653
48657
48659
48661
48665
48673
48675
48677
48681
48689
48705
48707
48709
48713
48721
48737
48769
48771
48773
48777
48785
48801
48832
48833
48834
48836
48840
48848
48960
48961
48962
48964
48968
48976
48992
49024
49025
49026
49028
49032
49040
49056
49088
49279
49374
49391
49403
49404
49405
49406
49532
49533
49596
49597
49630
49654
49656
49657
49658
49660
49759
49783
49787
49847
49851
49853
49886
49912
49913
49914
49916
49979
50041
50042
50044
50108
50156
50161
50162
50164
50168
50335
50366
50398
50414
50422
50428
50511
50542
50550
50554
50556
50620
50648
50649
50650
50656
50657
50658
50659
50660
50661
50662
50664
50665
50666
50668
50672
50673
50674
50676
50680
50735
50767
50806
50928
50929
50930
50932
50936
51064
51160
51168
51169
51170
51172
51176
51184
51263
51295
51311
51387
51422
51452
51518
51580
51644
51676
51680
51681
51682
51683
51684
51685
51686
51688
51689
51690
51692
51696
51697
51698
51700
51704
51870
51932
51948
51956
51960
52144
52145
52146
52148
52192
52193
52194
52196
52200
52208
52318
52382
52460
52696
52704
52705
52706
52708
52712
52720
52928
52929
52930
52931
52932
52933
52934
52936
52937
52938
52940
52944
52945
52946
52948
52952
52960
52961
52962
52964
52968
52976
53088
53089
53090
53092
53096
53168
53184
53185
53186
53188
53192
53200
53216
53311
53343
53374
53438
53470
53500
53622
53628
53692
53752
53884
54008
54136
54200
54232
54240
54241
54242
54244
54248
54514
54516
54588
54712
54744
54752
54753
54754
54756
54760
54768
55008
55009
55010
55012
55016
55024
55136
55137
55138
55140
55144
55200
55201
55202
55204
55208
55232
55233
55234
55236
55240
55248
55264
55484
55612
55768
55776
55777
55778
55780
55784
55792
56240
56288
56768
56769
56770
56772
56776
56784
56800
56834
56835
56838
56839
56842
56843
56846
56850
56851
56854
56858
56866
56867
56870
56874
56882
56898
56899
56902
56906
56914
56930
56962
56963
56966
56970
56978
56994
57024
57025
57026
57028
57032
57040
57056
57184
57248
57280
57455
57470
57534
57566
57596
57724
57788
57848
58092
58096
58097
58098
58100
58104
58352
58608
58609
58610
58612
58616
58840
58849
58850
58852
58864
59120
59233
59234
59236
59240
59312
59360
59872
59873
59874
59876
59880
59888
60024
60144
60272
60336
60368
60384
60656
60864
60865
60866
60868
60872
60880
60896
61120
61121
61122
61124
61128
61136
61152
61184
61185
61186
61187
61188
61189
61190
61192
61193
61194
61196
61200
61201
61202
61204
61208
61216
61217
61218
61220
61224
61232
61248
61249
61250
61252
61256
61264
61280
61376
61816
62072
62192
62432
62704
63200
63328
63360
63361
63362
63364
63368
63376
63392
63424
63968
64256
64257
64258
64259
64260
64261
64262
64264
64265
64266
64268
64272
64273
64274
64276
64280
64288
64289
64290
64292
64296
64304
64320
64321
64322
64324
64328
64336
64352
64448
64513
64514
64515
64517
64518
64519
64521
64523
64525
64526
64529
64530
64531
64533
64534
64537
64538
64545
64546
64547
64549
64550
64553
64554
64561
64562
64577
64578
64579
64581
64582
64585
64586
64593
64594
64609
64610
64641
64642
64643
64645
64646
64649
64657
64658
64673
64674
64705
64706
64768
64769
64770
64771
64772
64773
64774
64776
64777
64778
64780
64784
64785
64786
64788
64792
64800
64801
64802
64804
64808
64816
64832
64833
64834
64836
64840
64848
64864
64896
64897
64898
64900
64904
64912
64928
64960
65024
65025
65026
65027
65028
65029
65030
65032
65033
65034
65036
65040
65041
65042
65044
65048
65056
65057
65058
65060
65064
65072
65088
65089
65090
65092
65096
65104
65120
65152
65153
65154
65156
65160
65168
65184
65216
65280
65281
65282
65284
65288
65296
65312
65344
65408
65663
65775
65787
65789
65790
65791
65919
66014
66031
66038
66042
66043
66044
66045
66046
66143
66167
66171
66175
66231
66235
66237
66239
66271
66287
66295
66299
66301
66302
66363
66367
66399
66423
66424
66425
66426
66427
66487
66491
66492
66493
66526
66540
66541
66544
66545
66546
66547
66548
66549
66550
66552
66553
66554
66556
66687
66719
66750
66751
66783
66798
66799
66806
66811
66813
66814
66895
66911
66926
66927
66934
66938
66942
66975
67006
67023
67038
67054
67056
67057
67058
67059
67060
67061
67062
67066
67068
67119
67135
67151
67167
67183
67190
67191
67195
67198
67231
67247
67255
67259
67261
67262
67279
67310
67318
67375
67387
67407
67438
67446
67448
67449
67450
67516
67544
67545
67546
67552
67553
67554
67555
67556
67557
67558
67560
67561
67562
67564
67568
67569
67570
67572
67576
67647
67679
67695
67711
67771
67775
67807
67823
67835
67837
67838
67902
67903
67935
67951
67964
67965
67966
68027
68030
68060
68061
68062
68076
68077
68086
68090
68092
68159
68191
68207
68215
68219
68254
68279
68283
68285
68286
68316
68317
68318
68332
68333
68340
68341
68348
68411
68414
68472
68473
68474
68476
68510
68540
68572
68576
68577
68578
68579
68580
68581
68582
68584
68585
68586
68588
68592
68593
68594
68596
68600
68671
68702
68703
68719
68734
68766
68767
68795
68798
68830
68844
68845
68846
68854
68860
68926
68943
68958
68974
68982
68986
68988
69022
69084
69088
69089
69090
69091
69092
69093
69094
69096
69097
69098
69100
69104
69105
69106
69108
69167
69199
69214
69238
69278
69340
69356
69360
69361
69362
69364
69496
69553
69554
69556
69584
69585
69586
69588
69592
69600
69601
69602
69604
69608
69616
69695
69727
69758
69759
69822
69823
69854
69855
69871
69883
69885
69886
69951
69983
70006
70014
70078
70110
70134
70138
70140
70207
70239
70263
70267
70268
70269
70270
70327
70331
70333
70334
70366
70392
70393
70394
70396
70459
70518
70520
70521
70522
70524
70584
70585
70586
70588
70616
70617
70618
70636
70640
70641
70642
70644
70648
70719
70751
70782
70815
70846
70878
70894
70902
70972
70973
70991
71022
71030
71036
71096
71097
71098
71100
71129
71130
71144
71145
71146
71152
71153
71154
71156
71160
71215
71247
71286
71292
71416
71484
71520
71521
71522
71523
71524
71525
71526
71528
71529
71530
71532
71544
71608
71640
71648
71649
71650
71652
71656
71664
71743
71775
71791
71867
71868
71869
71870
71902
71932
71996
71997
71998
72054
72060
72124
72152
72153
72154
72156
72172
72184
72316
72350
72380
72412
72428
72436
72440
72508
72568
72632
72664
72672
72673
72674
72676
72680
72688
72798
72862
72940
73020
73144
73176
73184
73185
73186
73188
73192
73200
73456
73568
73569
73570
73572
73576
73632
73633
73634
73636
73640
73648
73664
73665
73666
73668
73672
73680
73696
73839
73854
73855
73918
73967
73979
73980
73981
73982
74095
74108
74109
74110
74172
74173
74174
74206
74230
74234
74236
74335
74351
74359
74363
74366
74423
74427
74429
74430
74476
74477
74492
74555
74616
74617
74618
74620
74684
74732
74736
74737
74738
74740
74744
74863
74878
74911
74942
74990
74998
75000
75001
75002
75004
75087
75118
75126
75130
75132
75196
75248
75249
75250
75252
75256
75311
75343
75382
75500
75512
75632
75633
75634
75636
75640
75696
75697
75698
75700
75712
75713
75714
75715
75716
75717
75718
75720
75721
75722
75724
75728
75729
75730
75732
75736
75744
75745
75746
75748
75752
75760
75839
75871
75887
75902
75966
76028
76094
76156
76220
76252
76268
76408
76409
76410
76446
76508
76524
76532
76536
76656
76657
76658
76660
76664
76720
76721
76722
76724
76752
76753
76754
76756
76768
76769
76770
76772
76776
76784
76894
76958
77036
77048
77280
77281
77282
77284
77288
77296
77432
77552
77680
77696
77697
77698
77699
77700
77701
77702
77704
77705
77706
77708
77712
77713
77714
77716
77720
77728
77729
77730
77732
77736
77744
77760
77761
77762
77764
77768
77776
77792
77887
77919
77935
77950
78014
78046
78076
78198
78200
78201
78202
78204
78268
78328
78456
78457
78458
78460
78572
78584
78712
78768
78769
78770
78772
78776
78808
78832
79096
79164
79224
79288
79320
79336
79344
79480
79712
79713
79714
79716
79720
79728
79792
79808
79809
79810
79812
79816
79824
79840
80060
80188
80248
80344
80504
80752
80768
80769
80770
80771
80772
80773
80774
80776
80777
80778
80780
80784
80785
80786
80788
80792
80800
80801
80802
80804
80808
80816
80832
80833
80834
80836
80840
80848
80864
81280
81281
81282
81283
81284
81285
81286
81288
81289
81290
81292
81296
81297
81298
81300
81304
81312
81313
81314
81316
81320
81328
81376
81600
81601
81602
81604
81608
81616
81728
81729
81730
81732
81736
81744
81760
81792
81793
81794
81796
81800
81808
81824
81856
82047
82142
82159
82171
82173
82174
82300
82301
82398
82422
82424
82425
82426
82428
82527
82551
82555
82615
82619
82621
82654
82680
82681
82682
82684
82747
82808
82809
82810
82812
82876
82928
82929
82930
82932
82936
83103
83134
83166
83182
83190
83196
83279
83310
83318
83322
83324
83417
83418
83440
83441
83442
83444
83448
83503
83535
83574
83704
83832
83928
83936
83937
83938
83940
83944
83952
84031
84063
84079
84155
84190
84286
84348
84444
84460
84465
84466
84468
84472
84638
84700
84716
84724
84728
84856
84960
84961
84962
84964
84968
84976
85086
85150
85228
85464
85472
85473
85474
85476
85480
85488
85729
85732
85736
85744
85856
85857
85858
85860
85864
85968
85984
86079
86111
86142
86206
86238
86268
86390
86396
86520
86776
86904
86968
86976
86977
86978
86979
86980
86981
86982
86984
86985
86986
86988
86992
86993
86994
86996
87000
87024
87280
87281
87282
87284
87356
87480
87536
87776
87777
87778
87780
87784
87792
87904
87905
87906
87908
87912
87969
87970
87972
87976
88000
88001
88002
88004
88008
88016
88032
88252
88380
88536
88960
88961
88962
88963
88964
88965
88966
88968
88969
88970
88972
88976
88977
88978
88980
88984
88992
88993
88994
88996
89000
89008
89024
89025
89026
89028
89032
89040
89056
89328
89472
89473
89474
89475
89476
89477
89478
89480
89481
89482
89484
89488
89489
89490
89492
89496
89504
89505
89506
89508
89512
89520
89568
89728
89729
89730
89731
89732
89733
89734
89736
89737
89738
89740
89744
89745
89746
89748
89752
89760
89761
89762
89764
89768
89776
89952
89984
89985
89986
89988
89992
90000
90016
90048
90223
90238
90302
90334
90364
90492
90616
90860
90864
90865
90866
90868
90872
91000
91120
91376
91377
91378
91380
91384
91608
91632
91888
92000
92001
92002
92004
92008
92016
92080
92096
92097
92098
92100
92104
92112
92128
92656
92912
93040
93104
93136
93152
93424
93664
93920
93953
93955
93957
93961
93969
93985
94017
94048
94080
94081
94082
94084
94088
94096
94112
94144
94584
94840
95152
95168
95169
95170
95172
95176
95184
95472
95968
96096
96128
96129
96130
96132
96136
96144
96160
96192
97152
97153
97154
97156
97160
97168
97184
97216
97281
97282
97283
97285
97286
97287
97289
97290
97291
97293
97294
97297
97298
97299
97301
97302
97305
97306
97313
97314
97315
97317
97318
97321
97322
97329
97330
97345
97346
97347
97349
97350
97353
97354
97361
97362
97377
97378
97409
97410
97411
97413
97414
97417
97418
97425
97426
97441
97442
97473
97474
97537
97538
97539
97541
97542
97545
97546
97553
97554
97569
97570
97601
97602
97664
97665
97666
97668
97672
97680
97696
97793
97795
97797
97801
97809
97825
97857
97920
97921
97922
97924
97928
97936
97952
97984
98048
98049
98050
98052
98056
98064
98080
98112
98176
98431
98543
98555
98557
98558
98748
98749
98782
98806
98808
98809
98810
98812
98911
98935
98939
98999
99003
99005
99064
99065
99066
99131
99192
99193
99194
99260
99308
99312
99313
99314
99316
99320
99487
99518
99566
99574
99663
99694
99702
99706
99772
99824
99825
99826
99828
99832
99887
99919
99958
100082
100084
100088
100216
100312
100321
100322
100324
100328
100336
100415
100447
100463
100539
100670
100732
100796
100828
100844
100856
101022
101084
101100
101108
101112
101240
101296
101297
101298
101300
101312
101313
101314
101315
101316
101317
101318
101320
101321
101322
101324
101328
101329
101330
101332
101336
101344
101345
101346
101348
101352
101360
101470
101534
101612
101856
101857
101858
101860
101864
101872
102128
102320
102336
102337
102338
102340
102344
102352
102368
102463
102495
102526
102590
102622
102774
102844
102904
103036
103160
103288
103352
103360
103361
103362
103363
103364
103365
103366
103368
103369
103370
103372
103376
103377
103378
103380
103384
103392
103393
103394
103396
103400
103408
103740
103864
103896
103912
103920
104288
104289
104290
104292
104296
104384
104385
104386
104388
104392
104400
104416
104636
104764
104920
105392
105408
105409
105410
105412
105416
105424
105440
105856
105857
105858
105859
105860
105861
105862
105864
105865
105866
105868
105872
105873
105874
105876
105880
105888
105889
105890
105892
105896
105904
105920
105921
105922
105924
105928
105936
105952
106176
106177
106178
106180
106184
106192
106336
106368
106369
106370
106372
106376
106384
106400
106432
106607
106622
106686
106748
106876
106940
107000
107244
107256
107384
107504
107768
108016
108272
108400
108464
108480
108481
108482
108484
108488
108496
109025
109028
109032
109176
109424
109488
109504
109505
109506
109508
109512
109520
109536
110016
110017
110018
110020
110024
110032
110048
110272
110273
110274
110276
110280
110288
110400
110401
110402
110404
110408
110416
110464
110465
110466
110468
110472
110480
110496
110528
110968
111224
111536
111552
111553
111554
111556
111560
111568
111584
112480
112576
113536
113537
113538
113540
113544
113552
113568
113600
113665
113668
113669
113670
113671
113673
113676
113677
113678
113681
113683
113684
113685
113686
113689
113692
113697
113699
113700
113701
113702
113705
113708
113713
113716
113729
113732
113733
113734
113737
113740
113745
113748
113761
113764
113793
113795
113796
113797
113798
113801
113804
113809
113812
113825
113828
113857
113860
113921
113923
113924
113925
113926
113929
113932
113937
113940
113953
113956
113985
113988
114048
114049
114050
114052
114056
114064
114080
114112
114177
114179
114181
114185
114193
114209
114241
114305
114368
114496
114560
114910
114940
115068
115132
115192
115448
115576
115696
116184
116192
116193
116194
116196
116200
116208
116704
117216
117217
117218
117220
117224
117232
117680
117697
117698
117700
117704
117728
118240
118465
118466
118468
118472
118480
118624
118720
119744
119745
119746
119748
119752
119760
119776
120048
120288
120544
120672
120736
120768
121312
121728
121729
121730
121732
121736
121744
121760
121792
122240
122241
122242
122244
122248
122256
122272
122304
122368
122369
122370
122371
122372
122373
122374
122376
122377
122378
122380
122384
122385
122386
122388
122392
122400
122401
122402
122404
122408
122416
122432
122433
122434
122436
122440
122448
122464
122496
122497
122498
122500
122504
122512
122528
122560
122752
123632
124144
124384
124864
125408
126400
126656
126720
126721
126722
126724
126728
126736
126752
126784
126848
127936
128512
128514
128515
128516
128518
128520
128521
128522
128524
128528
128529
128530
128532
128536
128544
128545
128546
128548
128552
128560
128576
128577
128578
128580
128584
128592
128608
128640
128641
128642
128644
128648
128656
128672
128704
128896
129026
129028
129029
129030
129031
129034
129035
129036
129037
129038
129042
129043
129045
129046
129050
129052
129058
129060
129061
129062
129066
129068
129074
129076
129090
129091
129092
129093
129094
129098
129100
129106
129108
129122
129124
129154
129155
129156
129157
129158
129162
129164
129170
129172
129186
129188
129218
129220
129282
129283
129284
129285
129286
129290
129292
129298
129314
129316
129346
129348
129410
129412
129536
129537
129538
129539
129540
129541
129542
129544
129545
129546
129548
129552
129553
129554
129556
129560
129568
129569
129570
129572
129576
129584
129600
129601
129602
129604
129608
129616
129632
129664
129665
129666
129668
129672
129680
129696
129728
129792
129793
129794
129796
129800
129808
129824
129856
129920
130048
130049
130050
130051
130052
130053
130054
130056
130057
130058
130060
130064
130065
130066
130068
130072
130080
130081
130082
130084
130088
130096
130112
130113
130114
130116
130120
130128
130144
130176
130177
130178
130180
130184
130192
130208
130240
130304
130305
130306
130308
130312
130320
130336
130368
130432
130560
130561
130562
130564
130568
130576
130592
130624
130688
130816
131199
131311
131323
131325
131326
131327
131455
131550
131567
131574
131578
131579
131580
131581
131582
131679
131703
131707
131711
131767
131771
131773
131775
131807
131823
131831
131835
131837
131838
131899
131903
131935
131959
131963
132023
132027
132028
132029
132062
132076
132077
132084
132085
132086
132088
132089
132090
132092
132223
132255
132286
132287
132319
132334
132335
132342
132347
132349
132350
132431
132447
132462
132463
132470
132474
132478
132511
132542
132559
132574
132590
132598
132602
132604
132655
132671
132687
132703
132719
132726
132727
132731
132734
132767
132783
132791
132795
132797
132798
132815
132846
132848
132849
132850
132851
132852
132853
132854
132911
132923
132943
132974
132982
132984
132985
132986
133052
133080
133081
133082
133088
133089
133090
133091
133092
133093
133094
133096
133097
133098
133100
133104
133105
133106
133108
133112
133183
133215
133231
133247
133307
133311
133343
133359
133371
133373
133374
133438
133439
133471
133487
133500
133501
133502
133563
133566
133596
133597
133598
133612
133613
133622
133626
133628
133695
133727
133743
133755
133790
133815
133819
133821
133822
133852
133853
133854
133868
133869
133876
133877
133884
133947
133950
134012
134046
134076
134108
134112
134113
134114
134115
134116
134117
134118
134120
134121
134122
134124
134132
134136
134207
134238
134239
134255
134270
134302
134303
134331
134334
134366
134380
134381
134382
134390
134396
134462
134494
134510
134518
134522
134524
134558
134620
134636
134703
134735
134750
134774
134814
134876
134892
134896
134897
134898
134900
135032
135088
135089
135090
135092
135104
135105
135106
135107
135108
135109
135110
135112
135113
135114
135116
135120
135121
135122
135124
135128
135136
135137
135138
135140
135144
135152
135231
135263
135294
135295
135358
135359
135390
135391
135407
135419
135421
135422
135487
135519
135542
135550
135614
135646
135670
135674
135676
135743
135775
135799
135803
135804
135805
135806
135863
135867
135869
135870
135902
135928
135929
135930
135932
135995
136054
136060
136120
136121
136122
136124
136152
136153
136154
136172
136180
136184
136255
136287
136318
136351
136382
136414
136430
136438
136508
136509
136527
136558
136566
136570
136572
136632
136633
136634
136636
136664
136665
136666
136680
136681
136682
136696
136751
136783
136822
136828
136944
136945
136946
136948
136952
137020
137080
137144
137152
137153
137154
137155
137156
137157
137158
137160
137161
137162
137164
137168
137169
137170
137172
137176
137184
137185
137186
137188
137192
137200
137279
137311
137342
137403
137404
137405
137406
137438
137468
137532
137533
137534
137590
137596
137660
137688
137689
137690
137692
137708
137720
137852
137886
137916
137948
137964
137972
137976
138044
138168
138176
138177
138178
138179
138180
138181
138182
138184
138185
138186
138188
138192
138193
138194
138196
138200
138208
138209
138210
138212
138216
138334
138398
138428
138476
138556
138680
138712
138720
138721
138722
138724
138728
138992
139105
139106
139108
139112
139168
139169
139170
139172
139176
139184
139200
139201
139202
139204
139208
139216
139232
139375
139390
139391
139454
139503
139515
139516
139517
139518
139631
139644
139645
139646
139708
139709
139710
139742
139766
139770
139772
139871
139887
139895
139899
139902
139959
139963
139965
139966
140012
140013
140028
140091
140156
140220
140268
140276
140280
140399
140414
140447
140478
140526
140534
140536
140537
140538
140540
140623
140654
140662
140666
140668
140732
140784
140785
140786
140788
140792
140847
140879
140918
141036
141040
141041
141042
141044
141048
141168
141169
141170
141172
141176
141232
141233
141234
141236
141272
141280
141281
141282
141284
141288
141296
141375
141407
141423
141438
141499
141502
141564
141630
141692
141756
141788
141804
141944
141945
141946
141982
142044
142060
142072
142192
142193
142194
142196
142200
142257
142258
142260
142288
142289
142290
142292
142304
142305
142306
142308
142312
142320
142430
142494
142572
142584
142832
142968
143040
143041
143042
143043
143044
143045
143046
143048
143049
143050
143052
143056
143057
143058
143060
143064
143088
143216
143280
143296
143297
143298
143300
143304
143312
143328
143423
143455
143471
143486
143550
143582
143734
143736
143737
143738
143740
143804
143864
143992
143993
143994
143996
144108
144120
144248
144304
144305
144306
144308
144312
144344
144368
144632
144700
144760
144824
144856
144872
144880
145016
145136
145264
145328
145344
145345
145346
145348
145352
145360
145376
145596
145724
145880
146040
146288
146352
146368
146369
146370
146372
146376
146384
146400
146912
147136
147137
147138
147140
147144
147152
147264
147265
147266
147268
147272
147280
147296
147328
147329
147330
147332
147336
147344
147360
147392
147583
147678
147695
147707
147708
147709
147710
147836
147837
147934
147958
147960
147961
147962
147964
148063
148087
148091
148151
148155
148157
148190
148216
148217
148218
148220
148283
148344
148345
148346
148348
148412
148460
148468
148472
148639
148670
148702
148718
148726
148732
148815
148846
148854
148858
148860
148952
148953
148954
148984
149039
149071
149110
149232
149233
149234
149236
149240
149368
149464
149472
149473
149474
149476
149480
149488
149567
149599
149615
149691
149726
149756
149822
149884
149980
149996
150000
150001
150002
150004
150008
150174
150236
150252
150260
150264
150392
150496
150497
150498
150500
150504
150512
150622
150686
150764
151000
151024
151264
151265
151266
151268
151272
151280
151392
151393
151394
151396
151400
151424
151425
151426
151427
151428
151429
151430
151432
151433
151434
151436
151440
151441
151442
151444
151448
151456
151457
151458
151460
151464
151472
151488
151489
151490
151492
151496
151504
151520
151615
151647
151678
151742
151774
151804
151932
152056
152188
152312
152440
152504
152536
152816
152817
152818
152820
152892
153016
153048
153064
153072
153312
153313
153314
153316
153320
153328
153440
153441
153442
153444
153448
153504
153505
153506
153508
153512
153536
153537
153538
153540
153544
153552
153568
153788
153916
154072
154096
154560
154561
154562
154564
154568
154576
154592
154864
155104
155360
155392
155393
155394
155395
155396
155397
155398
155400
155401
155402
155404
155408
155409
155410
155412
155416
155424
155425
155426
155428
155432
155440
155456
155457
155458
155460
155464
155472
155488
155520
155521
155522
155524
155528
155536
155552
155584
155759
155774
155838
155870
155900
156028
156092
156152
156396
156400
156401
156402
156404
156408
156536
156656
156912
156913
156914
156916
156920
157144
157168
157424
157536
157537
157538
157540
157544
157552
157616
157664
158192
158328
158448
158576
158640
158672
158688
158960
159424
159425
159426
159428
159432
159440
159456
159489
159491
159493
159497
159505
159521
159553
159584
159616
159617
159618
159620
159624
159632
159648
159680
160120
160376
160496
160688
161008
161504
161536
161537
161538
161539
161540
161541
161542
161544
161545
161546
161548
161552
161553
161554
161556
161560
161568
161569
161570
161572
161576
161584
161600
161601
161602
161604
161608
161616
161632
161664
161665
161666
161668
161672
161680
161696
161728
162560
162561
162562
162563
162564
162565
162566
162568
162569
162570
162572
162576
162577
162578
162580
162584
162592
162593
162594
162596
162600
162608
162624
162625
162626
162628
162632
162640
162656
162752
163200
163201
163202
163204
163208
163216
163232
163329
163331
163333
163337
163345
163361
163393
163456
163457
163458
163460
163464
163472
163488
163520
163584
163585
163586
163588
163592
163600
163616
163648
163712
163967
164079
164091
164093
164094
164284
164285
164318
164342
164346
164348
164447
164471
164475
164535
164539
164541
164600
164601
164602
164667
164796
164844
164848
164849
164850
164852
164856
165023
165054
165102
165110
165199
165230
165238
165242
165308
165360
165361
165362
165364
165368
165423
165455
165494
165616
165617
165618
165620
165624
165752
165856
165857
165858
165860
165864
165872
165951
165983
165999
166075
166206
166268
166332
166364
166380
166392
166558
166620
166636
166644
166648
166833
166834
166836
166880
166881
166882
166884
166888
166896
167006
167070
167148
167408
167664
167856
167872
167873
167874
167876
167880
167888
167904
167999
168031
168062
168126
168158
168310
168380
168572
168696
168888
168920
168929
168930
168932
168936
168944
169276
169400
169432
169448
169456
169712
169920
169921
169922
169924
169928
169936
169952
170172
170300
170456
170928
170944
170945
170946
170948
170952
170960
170976
171457
171458
171464
171472
171488
171712
171713
171714
171716
171720
171728
171936
171968
172143
172158
172222
172284
172412
172476
172536
172780
172792
173040
173552
173808
173936
173952
173953
173954
173955
173956
173957
173958
173960
173961
173962
173964
173968
173969
173970
173972
173976
173984
173985
173986
173988
173992
174000
174048
174560
174561
174562
174564
174568
174712
174960
175072
175552
175553
175554
175556
175560
175568
175584
175808
175809
175810
175812
175816
175824
175938
175940
175944
175952
176000
176001
176002
176004
176008
176016
176032
176064
176504
176760
177072
177920
177921
177922
177923
177924
177925
177926
177928
177929
177930
177932
177936
177937
177938
177940
177944
177952
177953
177954
177956
177960
177968
177984
177985
177986
177988
177992
178000
178016
178048
178049
178050
178052
178056
178064
178080
178112
178656
178944
178946
178947
178948
178949
178950
178952
178953
178954
178956
178960
178961
178962
178964
178968
178976
178977
178978
178980
178984
178992
179008
179009
179010
179012
179016
179024
179040
179136
179456
179457
179458
179459
179460
179461
179462
179464
179465
179466
179468
179472
179473
179474
179476
179480
179488
179489
179490
179492
179496
179504
179520
179521
179522
179524
179528
179536
179552
179713
179715
179717
179721
179729
179745
179777
179841
179904
179968
179969
179970
179972
179976
179984
180000
180032
180096
180446
180476
180604
180668
180728
180984
181232
181720
181728
181729
181730
181732
181736
181744
182000
182240
182752
182753
182754
182756
182760
182768
183216
183264
183776
184000
184001
184002
184004
184008
184016
184032
184160
184192
184193
184194
184196
184200
184208
184224
184256
185312
185824
186080
186208
186272
186304
186848
187328
187840
187906
187907
187910
187914
187922
187938
187970
188034
188096
188160
188161
188162
188164
188168
188176
188192
188224
188288
189168
189680
190304
190336
190337
190338
190340
190344
190352
190368
190944
191489
191491
191495
191497
191499
191501
191505
191507
191509
191513
191521
191523
191529
191537
191553
191555
191557
191561
191569
191585
191617
191619
191621
191625
191633
191649
191681
191745
191747
191749
191753
191761
191777
191809
191873
191936
192192
192256
192257
192258
192260
192264
192272
192288
192320
192384
192515
192519
192523
192527
192531
192535
192539
192547
192551
192555
192563
192579
192583
192587
192595
192611
192643
192647
192651
192659
192675
192707
192771
192775
192779
192787
192803
192835
192899
193027
193031
193035
193043
193059
193091
193155
193283
193539
193543
193547
193555
193571
193603
193667
193795
194051
194304
194305
194306
194308
194312
194320
194336
194368
194432
194562
194563
194564
194565
194566
194567
194570
194571
194572
194573
194574
194578
194579
194580
194581
194582
194586
194588
194594
194595
194596
194597
194598
194602
194604
194610
194612
194626
194627
194628
194629
194630
194634
194636
194642
194644
194658
194660
194690
194691
194692
194693
194694
194698
194700
194706
194708
194722
194724
194754
194756
194818
194819
194820
194821
194822
194826
194828
194834
194836
194850
194852
194882
194884
194946
194948
195074
195075
195076
195077
195078
195082
195084
195090
195092
195106
195108
195138
195140
195202
195204
195328
195329
195330
195332
195336
195344
195360
195392
195585
195586
195587
195589
195590
195593
195594
195601
195602
195617
195618
195649
195650
195713
195714
195840
195841
195842
195844
195848
195856
195872
195904
195968
196096
196097
196098
196100
196104
196112
196128
196160
196224
196352
196735
196847
196859
196861
196862
197086
197110
197114
197116
197215
197239
197243
197303
197307
197309
197435
197496
197497
197498
197564
197612
197616
197617
197618
197620
197624
197791
197822
197870
197878
197967
197998
198006
198010
198128
198129
198130
198132
198191
198223
198262
198384
198385
198386
198388
198520
198616
198624
198625
198626
198628
198632
198640
198719
198751
198767
198843
198974
199036
199132
199148
199326
199388
199404
199412
199544
199648
199649
199650
199652
199656
199664
199774
199838
199916
200161
200164
200168
200176
200432
200624
200642
200644
200648
200656
200672
200767
200799
200830
200894
200926
201078
201340
201464
201592
201656
201688
201712
202044
202168
202200
202216
202224
202480
202592
202593
202594
202596
202600
202624
202625
202626
202627
202628
202629
202630
202632
202633
202634
202636
202640
202641
202642
202644
202648
202656
202657
202658
202660
202664
202672
202688
202689
202690
202692
202696
202704
202720
202940
203068
203224
203712
203713
203714
203716
203720
203728
203744
204256
204640
204672
204673
204674
204676
204680
204688
204704
204736
204911
204926
204990
205052
205180
205244
205548
205688
205808
206072
206320
206576
206704
206720
206721
206722
206723
206724
206725
206726
206728
206729
206730
206732
206736
206737
206738
206740
206744
206752
206753
206754
206756
206760
206768
206784
206785
206786
206788
206792
206800
206816
207480
207728
207792
207824
207840
208576
208577
208578
208580
208584
208592
208768
208769
208770
208772
208776
208784
208800
208832
209272
209528
209840
210784
210816
210817
210818
210820
210824
210832
210848
210880
211712
211713
211714
211715
211716
211717
211718
211720
211721
211722
211724
211728
211729
211730
211732
211736
211744
211745
211746
211748
211752
211760
211776
211777
211778
211780
211784
211792
211808
211840
211841
211842
211844
211848
211856
211872
211904
212352
212353
212354
212356
212360
212368
212384
212672
212736
212737
212738
212740
212744
212752
212768
212800
212864
213214
213244
213372
213496
213752
213880
214000
214488
214512
214768
215008
215536
216032
216544
216800
216928
216960
216961
216962
216964
216968
216976
216992
218049
218050
218056
218064
218352
218848
218976
219008
219009
219010
219012
219016
219024
219040
219072
220032
220033
220034
220036
220040
220048
220064
220096
220544
220545
220546
220548
220552
220560
220576
220800
220801
220802
220804
220808
220816
220832
220928
220929
220930
220932
220936
220944
220960
220992
221056
221936
222448
223072
223104
223105
223106
223108
223112
223120
223136
223168
224960
225025
225152
227072
227073
227074
227076
227080
227088
227104
227136
227200
227330
227331
227336
227337
227338
227339
227340
227341
227342
227346
227347
227352
227353
227354
227356
227362
227363
227366
227368
227369
227370
227372
227378
227384
227394
227395
227398
227400
227401
227402
227404
227410
227416
227426
227432
227458
227459
227464
227465
227466
227468
227474
227480
227490
227496
227522
227528
227586
227587
227590
227592
227593
227594
227596
227602
227608
227618
227624
227650
227656
227714
227720
227842
227843
227846
227848
227849
227850
227852
227858
227864
227874
227880
227906
227912
227970
227976
228096
228097
228098
228100
228104
228112
228128
228160
228224
228353
228354
228355
228357
228358
228361
228362
228369
228370
228385
228386
228417
228418
228481
228482
228609
228610
228736
228865
228992
229120
229820
229880
230136
230264
230384
230896
231152
231392
232368
232384
232385
232386
232388
232392
232400
232416
233408
234432
234433
234434
234436
234440
234448
234464
235360
235394
235396
235400
235408
235456
236480
236929
236930
236932
236936
236944
236960
237248
237440
239488
239489
239490
239492
239496
239504
239520
239552
240096
240576
241088
241344
241472
241536
242624
243456
243457
243458
243460
243464
243472
243488
243520
243584
244480
244481
244482
244484
244488
244496
244512
244544
244608
244736
244737
244738
244739
244740
244741
244742
244744
244745
244746
244748
244752
244753
244754
244756
244760
244768
244769
244770
244772
244776
244784
244800
244801
244802
244804
244808
244816
244832
244864
244865
244866
244868
244872
244880
244896
244928
244992
244993
244994
244996
245000
245008
245024
245056
245120
245249
245504
247264
248288
248768
249728
250816
252800
253312
253440
253441
253442
253444
253448
253456
253472
253504
253568
253696
255872
257024
257025
257027
257028
257029
257030
257032
257033
257036
257040
257041
257042
257044
257048
257056
257057
257058
257060
257064
257072
257088
257089
257090
257092
257096
257104
257120
257152
257153
257154
257156
257160
257168
257184
257216
257280
257281
257282
257284
257288
257296
257312
257344
257408
257792
258051
258052
258053
258055
258056
258057
258058
258059
258060
258061
258062
258067
258068
258069
258070
258072
258073
258074
258076
258083
258084
258085
258086
258090
258092
258100
258104
258115
258116
258117
258120
258121
258122
258124
258132
258136
258148
258152
258179
258180
258181
258182
258184
258185
258186
258188
258196
258200
258212
258216
258244
258248
258307
258308
258309
258310
258312
258313
258314
258316
258324
258328
258340
258344
258372
258376
258436
258440
258563
258564
258565
258566
258568
258569
258570
258572
258580
258584
258596
258628
258632
258692
258696
258820
258824
259072
259073
259074
259075
259076
259077
259078
259080
259081
259082
259084
259088
259089
259090
259092
259096
259104
259105
259106
259108
259112
259120
259136
259137
259138
259140
259144
259152
259168
259200
259201
259202
259204
259208
259216
259232
259264
259328
259329
259330
259332
259336
259344
259360
259392
259456
259584
259585
259586
259588
259592
259600
259616
259648
259712
259840
260096
260097
260098
260099
260100
260101
260102
260104
260105
260106
260108
260112
260113
260114
260116
260120
260128
260129
260130
260132
260136
260144
260160
260161
260162
260164
260168
260176
260192
260224
260225
260226
260228
260232
260240
260256
260288
260352
260353
260354
260356
260360
260368
260384
260416
260480
260608
260609
260610
260612
260616
260624
260640
260672
260736
260864
261120
261121
261122
261124
261128
261136
261152
261184
261248
261376
261632
262271
262383
262395
262397
262398
262399
262527
262622
262639
262646
262650
262651
262652
262653
262654
262751
262775
262779
262783
262839
262843
262845
262847
262879
262895
262903
262907
262909
262910
262971
262975
263007
263031
263035
263095
263099
263100
263101
263134
263148
263149
263156
263157
263158
263160
263161
263162
263164
263295
263327
263358
263359
263391
263406
263407
263414
263419
263421
263422
263503
263519
263534
263535
263542
263546
263550
263583
263614
263631
263646
263662
263670
263674
263676
263727
263743
263759
263775
263791
263798
263799
263803
263806
263839
263855
263863
263867
263869
263870
263887
263918
263926
263983
263995
264015
264046
264054
264056
264057
264058
264124
264152
264153
264154
264168
264169
264170
264172
264176
264177
264178
264180
264184
264255
264287
264303
264319
264379
264383
264415
264431
264443
264445
264446
264510
264511
264543
264559
264572
264573
264574
264635
264638
264668
264669
264670
264684
264685
264694
264698
264700
264767
264799
264815
264823
264827
264862
264887
264891
264893
264894
264924
264925
264926
264940
264941
264948
264949
264956
265019
265022
265084
265118
265148
265180
265196
265204
265208
265279
265310
265311
265327
265342
265374
265375
265403
265406
265438
265452
265453
265454
265462
265468
265534
265551
265566
265582
265590
265594
265596
265630
265692
265696
265697
265698
265699
265700
265701
265702
265704
265705
265706
265708
265775
265807
265822
265846
265886
265948
265964
265968
265969
265970
265972
266104
266160
266161
266162
266164
266176
266177
266178
266179
266180
266181
266182
266184
266185
266186
266188
266192
266193
266194
266196
266200
266208
266209
266210
266212
266216
266224
266303
266335
266366
266367
266430
266431
266462
266463
266479
266491
266493
266494
266559
266591
266614
266622
266686
266718
266742
266746
266748
266815
266847
266871
266875
266876
266877
266878
266935
266939
266941
266942
266974
267000
267001
267002
267004
267067
267126
267132
267192
267193
267194
267196
267224
267225
267226
267244
267252
267256
267327
267359
267390
267423
267454
267486
267510
267580
267581
267599
267630
267638
267642
267644
267704
267705
267706
267708
267736
267737
267738
267752
267753
267754
267768
267823
267855
267894
267900
268024
268092
268152
268216
268224
268225
268226
268227
268228
268229
268230
268232
268233
268234
268236
268240
268241
268242
268244
268248
268264
268272
268351
268383
268399
268414
268475
268476
268477
268478
268510
268540
268604
268605
268606
268662
268668
268732
268760
268761
268762
268764
268780
268792
268924
268988
269020
269036
269044
269048
269116
269240
269272
269406
269470
269500
269548
269628
269752
269784
269792
269793
269794
269796
269800
270064
270176
270177
270178
270180
270184
270208
270209
270210
270211
270212
270213
270214
270216
270217
270218
270220
270224
270225
270226
270228
270232
270240
270241
270242
270244
270248
270256
270272
270273
270274
270276
270280
270288
270304
270447
270462
270463
270526
270575
270587
270588
270589
270590
270703
270716
270717
270718
270780
270781
270782
270814
270838
270842
270844
270943
270959
270967
270971
270974
271031
271035
271037
271038
271084
271085
271100
271163
271228
271292
271340
271348
271352
271471
271486
271519
271550
271598
271606
271608
271609
271610
271612
271695
271726
271734
271738
271740
271804
271856
271857
271858
271860
271864
271919
271951
271990
272108
272120
272240
272241
272242
272244
272248
272304
272305
272306
272308
272344
272360
272368
272447
272479
272495
272510
272571
272574
272636
272702
272764
272828
272860
272876
273016
273017
273018
273054
273116
273132
273140
273144
273264
273265
273266
273268
273272
273328
273329
273330
273332
273360
273361
273362
273364
273392
273502
273566
273644
273656
273888
273889
273890
273892
273896
273904
274040
274160
274288
274304
274305
274306
274307
274308
274309
274310
274312
274313
274314
274316
274320
274321
274322
274324
274328
274336
274337
274338
274340
274344
274352
274368
274369
274370
274372
274376
274384
274400
274495
274527
274543
274558
274622
274684
274806
274808
274809
274810
274812
274876
274936
275064
275065
275066
275068
275180
275192
275320
275376
275377
275378
275380
275384
275416
275440
275704
275772
275832
275896
275928
275944
275952
276088
276336
276352
276353
276354
276355
276356
276357
276358
276360
276361
276362
276364
276368
276369
276370
276372
276376
276384
276385
276386
276388
276392
276400
276416
276417
276418
276420
276424
276432
276668
276796
276856
276952
277112
277360
277424
277440
277441
277442
277444
277448
277456
277984
278209
278210
278212
278216
278224
278336
278337
278338
278340
278344
278352
278368
278400
278401
278402
278404
278408
278416
278432
278464
278655
278750
278767
278779
278780
278781
278782
278908
278909
279006
279030
279032
279033
279034
279036
279135
279159
279163
279223
279227
279229
279262
279288
279289
279290
279292
279355
279416
279417
279418
279420
279484
279532
279540
279544
279711
279742
279774
279790
279798
279804
279887
279918
279926
279930
279932
280024
280025
280026
280056
280111
280143
280182
280312
280440
280536
280552
280560
280639
280671
280687
280763
280798
280828
280894
280956
281052
281068
281072
281073
281074
281076
281080
281246
281308
281324
281332
281336
281464
281568
281569
281570
281572
281576
281584
281694
281758
281836
282072
282080
282081
282082
282084
282088
282096
282336
282337
282338
282340
282344
282352
282464
282465
282466
282468
282472
282544
282560
282561
282562
282564
282568
282576
282592
282719
282750
282814
282846
282876
282998
283004
283128
283260
283384
283512
283576
283608
283888
283889
283890
283892
283964
284088
284120
284144
284384
284385
284386
284388
284392
284400
284513
284514
284516
284520
284576
284577
284578
284580
284584
284608
284609
284610
284612
284616
284624
284640
284860
284988
285144
285168
285664
285936
286080
286081
286082
286083
286084
286085
286086
286088
286089
286090
286092
286096
286097
286098
286100
286104
286112
286113
286114
286116
286120
286128
286176
286432
286560
286592
286593
286594
286596
286600
286608
286624
286656
286831
286846
286910
286942
286972
287100
287164
287468
287472
287473
287474
287476
287480
287608
287728
287984
287985
287986
287988
287992
288216
288240
288496
288608
288609
288610
288612
288616
288624
288688
288736
289264
289400
289520
289648
289712
289744
289760
290032
290272
290528
290561
290563
290565
290569
290577
290593
290625
290656
290688
290689
290690
290692
290696
290704
290720
290752
291192
291448
291760
292080
292576
292704
292736
292737
292738
292740
292744
292752
292768
292800
293824
294272
294273
294274
294276
294280
294288
294304
294401
294403
294409
294417
294433
294465
294528
294529
294530
294532
294536
294544
294560
294592
294656
294657
294658
294660
294664
294672
294688
294720
294784
295039
295151
295163
295165
295166
295356
295357
295390
295414
295416
295417
295418
295420
295519
295543
295547
295607
295611
295613
295672
295673
295674
295739
295868
295916
295920
295921
295922
295924
295928
296095
296126
296174
296182
296271
296302
296310
296314
296380
296432
296433
296434
296436
296440
296495
296527
296566
296688
296689
296690
296692
296696
296824
296920
296936
296944
297023
297055
297071
297147
297278
297340
297404
297436
297452
297464
297630
297692
297708
297716
297720
297904
297905
297906
297908
297968
298078
298142
298220
298464
298465
298466
298468
298472
298480
298736
298928
298944
298945
298946
298948
298952
298960
298976
299071
299103
299134
299198
299230
299382
299452
299512
299644
299768
299960
299992
300000
300001
300002
300004
300008
300016
300348
300472
300504
300520
300528
300784
300992
300993
300994
300996
301000
301008
301024
301244
301372
301528
302000
302048
302528
302529
302530
302532
302536
302544
302560
302784
302785
302786
302788
302792
302800
302848
302849
302850
302851
302852
302853
302854
302856
302857
302858
302860
302864
302865
302866
302868
302872
302880
302881
302882
302884
302888
302896
302912
302913
302914
302916
302920
302928
302944
302976
302977
302978
302980
302984
302992
303008
303040
303215
303230
303294
303356
303484
303548
303608
303864
304112
304376
304624
304880
305008
305072
305632
305633
305634
305636
305640
305784
306032
306096
306128
306144
306624
306625
306626
306628
306632
306640
306656
306880
306881
306882
306884
306888
306896
307008
307009
307010
307012
307016
307024
307072
307073
307074
307076
307080
307088
307104
307136
307576
307832
308144
308192
309120
309121
309122
309124
309128
309136
309152
309184
309728
310208
310720
310784
310785
310786
310787
310788
310789
310790
310792
310793
310794
310796
310800
310801
310802
310804
310808
310816
310817
310818
310820
310824
310832
310848
310849
310850
310852
310856
310864
310880
310912
310913
310914
310916
310920
310928
310944
310976
311040
311041
311042
311044
311048
311056
311072
311104
311168
311518
311548
311676
311740
311800
312056
312184
312304
312792
312800
312801
312802
312804
312808
312816
313072
313312
313824
313825
313826
313828
313832
313840
314288
314336
314848
315072
315073
315074
315076
315080
315088
315104
315232
315328
316384
316656
316896
317152
317280
317344
317376
317920
318848
318849
318850
318852
318856
318864
318880
318912
318978
318979
318982
318986
318994
319010
319042
319106
319168
319232
319233
319234
319236
319240
319248
319264
319296
319360
320240
320752
320992
321376
322016
323008
323072
323073
323074
323075
323076
323077
323078
323080
323081
323082
323084
323088
323089
323090
323092
323096
323104
323105
323106
323108
323112
323120
323136
323137
323138
323140
323144
323152
323168
323200
323201
323202
323204
323208
323216
323232
323264
323328
323329
323330
323332
323336
323344
323360
323392
323456
323587
323591
323595
323599
323603
323607
323611
323619
323623
323627
323635
323651
323655
323659
323667
323683
323715
323719
323723
323731
323747
323779
323843
323847
323851
323859
323875
323907
323971
324099
324103
324107
324115
324131
324163
324227
324355
324611
324615
324619
324627
324643
324675
324739
324867
325120
325121
325122
325123
325124
325125
325126
325128
325129
325130
325132
325136
325137
325138
325140
325144
325152
325153
325154
325156
325160
325168
325184
325185
325186
325188
325192
325200
325216
325248
325249
325250
325252
325256
325264
325280
325312
325504
325633
325635
325639
325641
325643
325645
325649
325651
325657
325665
325667
325669
325673
325681
325697
325699
325701
325705
325713
325729
325761
325763
325765
325769
325777
325793
325825
325889
325891
325893
325897
325905
325921
325953
326017
326145
326147
326149
326153
326161
326177
326209
326273
326400
326401
326402
326404
326408
326416
326432
326464
326657
326658
326659
326661
326662
326665
326666
326673
326674
326689
326690
326721
326722
326785
326786
326912
326913
326914
326916
326920
326928
326944
326976
327040
327168
327169
327170
327172
327176
327184
327200
327232
327296
327424
327807
327919
327931
327933
327934
328158
328182
328186
328188
328287
328311
328315
328375
328379
328381
328507
328568
328569
328570
328636
328684
328689
328692
328696
328863
328894
328942
328950
329039
329070
329078
329082
329200
329201
329202
329204
329263
329295
329334
329592
329688
329696
329697
329698
329700
329704
329712
329791
329823
329839
329915
330046
330108
330204
330220
330398
330460
330476
330484
330616
330720
330721
330722
330724
330728
330736
330846
330910
330988
331232
331233
331234
331236
331240
331248
331504
331712
331713
331714
331716
331720
331728
331744
331839
331871
331902
331966
331998
332150
332412
332536
332664
332728
332760
332784
333116
333240
333272
333288
333296
333666
333668
333672
333760
333761
333762
333764
333768
333776
333792
334012
334140
334296
334816
335328
335712
335744
335745
335746
335748
335752
335760
335776
335808
335983
335998
336062
336124
336252
336316
336620
336760
337144
337392
337776
337840
337857
337858
337860
337864
337872
337888
338552
338800
338864
338896
338912
339424
339840
339841
339842
339844
339848
339856
339872
339904
340344
340600
340912
341856
341888
341889
341890
341892
341896
341904
341920
341952
342913
342914
342916
342928
342944
342976
343424
343425
343426
343428
343432
343440
343456
343872
343936
344286
344316
344444
344568
344824
344952
345072
345560
345584
346080
347104
347616
347872
347904
347905
347906
347907
347908
347909
347910
347912
347913
347914
347916
347920
347921
347922
347924
347928
347936
347937
347938
347940
347944
347952
347968
347969
347970
347972
347976
347984
348000
348096
349120
349121
349122
349124
349128
349136
349424
349920
350144
351104
351105
351106
351108
351112
351120
351136
351168
351616
351617
351618
351620
351624
351632
351648
351873
351876
351880
351888
351904
352000
352001
352002
352004
352008
352016
352032
352064
352128
353008
353520
354144
355840
355841
355842
355843
355844
355845
355846
355848
355849
355850
355852
355856
355857
355858
355860
355864
355872
355873
355874
355876
355880
355888
355904
355905
355906
355908
355912
355920
355936
355968
355969
355970
355972
355976
355984
356000
356032
356096
356097
356098
356100
356104
356112
356128
356160
356224
357312
357888
357889
357891
357892
357893
357894
357896
357897
357898
357900
357904
357905
357906
357908
357912
357920
357921
357922
357924
357928
357936
357952
357953
357954
357956
357960
357968
357984
358016
358017
358018
358020
358024
358032
358048
358080
358272
358912
358913
358914
358915
358916
358917
358918
358920
358921
358922
358924
358928
358929
358930
358932
358936
358944
358945
358946
358948
358952
358960
358976
358977
358978
358980
358984
358992
359008
359040
359041
359042
359044
359048
359056
359072
359104
359425
359426
359427
359429
359430
359433
359434
359441
359442
359457
359458
359489
359490
359553
359554
359681
359682
359808
359936
359937
359938
359940
359944
359952
359968
360000
360064
360192
360892
360952
361208
361336
361456
361968
362464
363440
363456
363457
363458
363460
363464
363472
363488
364000
364480
365504
365505
365506
365508
365512
365520
365536
366432
366528
367552
368000
368001
368002
368004
368008
368016
368032
368064
368320
368384
368385
368386
368388
368392
368400
368416
368448
368512
370624
371648
372160
372416
372544
372608
373696
374656
375680
375809
375812
375813
375814
375817
375820
375825
375828
375841
375844
375873
375876
375937
375940
376065
376068
376192
376320
376321
376322
376324
376328
376336
376352
376384
376448
376576
378336
379360
380608
380672
380673
380674
380676
380680
380688
380704
380736
381888
382978
382979
382982
382983
382987
382990
382994
382995
382998
383002
383010
383011
383014
383018
383026
383042
383043
383046
383058
383074
383106
383107
383110
383114
383122
383138
383170
383234
383235
383238
383242
383250
383266
383298
383362
383490
383491
383494
383498
383506
383522
383554
383618
383746
383872
384384
384512
384513
384514
384516
384520
384528
384544
384576
384640
384768
385030
385038
385039
385046
385054
385062
385063
385070
385078
385094
385102
385110
385126
385158
385159
385166
385174
385190
385222
385286
385287
385294
385302
385318
385350
385414
385542
385543
385550
385558
385574
385606
385670
385798
386054
386055
386062
386070
386086
386118
386182
386310
386566
387078
387086
387094
387110
387142
387206
387334
387590
388102
388608
388609
388610
388612
388616
388624
388640
388672
388736
388864
389121
389123
389124
389125
389126
389127
389128
389129
389130
389131
389132
389133
389134
389137
389139
389140
389141
389142
389144
389145
389146
389148
389153
389155
389156
389157
389158
389160
389161
389162
389164
389169
389172
389176
389185
389187
389188
389189
389190
389192
389193
389194
389196
389201
389204
389208
389217
389220
389224
389249
389251
389252
389253
389254
389256
389257
389258
389260
389265
389268
389272
389281
389284
389288
389313
389316
389320
389377
389379
389380
389381
389382
389384
389385
389386
389388
389393
389396
389400
389409
389412
389416
389441
389444
389448
389505
389508
389512
389633
389635
389636
389637
389638
389640
389641
389642
389644
389649
389652
389656
389665
389668
389672
389697
389700
389704
389761
389764
389768
389889
389892
389896
390145
390147
390148
390149
390150
390152
390153
390154
390156
390161
390164
390168
390177
390180
390184
390209
390212
390216
390273
390276
390280
390401
390404
390408
390656
390657
390658
390660
390664
390672
390688
390720
390784
391169
391170
391171
391172
391173
391174
391177
391178
391180
391185
391186
391188
391201
391202
391204
391233
391234
391236
391297
391298
391300
391425
391426
391428
391680
391681
391682
391684
391688
391696
391712
391744
391808
391936
392192
392193
392194
392196
392200
392208
392224
392256
392320
392448
392704
393343
393455
393467
393469
393470
393694
393718
393722
393724
393823
393847
393851
393911
393915
393917
394043
394172
394220
394228
394232
394399
394430
394478
394486
394575
394606
394614
394618
394799
394831
394870
394992
394993
394994
394996
395128
395224
395232
395233
395234
395236
395240
395248
395327
395359
395375
395451
395582
395644
395740
395756
395934
395996
396012
396020
396256
396257
396258
396260
396264
396382
396446
396524
396768
396769
396770
396772
396776
397040
397232
397248
397249
397250
397252
397256
397264
397280
397375
397407
397438
397502
397534
397686
397948
398072
398264
398296
398652
398776
398808
398824
399088
399296
399297
399298
399300
399304
399312
399328
399548
399676
399832
400321
400322
400328
400336
400352
400864
401248
401281
401284
401288
401296
401312
401344
401519
401534
401598
401660
401788
401852
402156
402680
402928
403184
403312
403376
403424
404088
404336
404400
404432
404448
404960
405184
405185
405186
405188
405192
405200
405248
405249
405250
405251
405252
405253
405254
405256
405257
405258
405260
405264
405265
405266
405268
405272
405280
405281
405282
405284
405288
405296
405312
405313
405314
405316
405320
405328
405344
405376
405377
405378
405380
405384
405392
405408
405440
405880
406136
406448
407424
407425
407426
407428
407432
407440
407456
407488
408512
409280
409344
409345
409346
409348
409352
409360
409376
409408
409472
409822
409852
409980
410104
410360
410488
411096
411376
411616
412144
412640
413152
413408
413440
413441
413442
413443
413444
413445
413446
413448
413449
413450
413452
413456
413457
413458
413460
413464
413472
413473
413474
413476
413480
413488
413504
413505
413506
413508
413512
413520
413536
413568
413569
413570
413572
413576
413584
413600
413632
414960
415456
415584
415648
415680
417152
417153
417154
417156
417160
417168
417184
417536
417537
417538
417540
417544
417552
417568
417600
417664
418544
419056
419680
421568
421632
421633
421634
421636
421640
421648
421664
421696
421760
423424
423425
423426
423427
423428
423429
423430
423432
423433
423434
423436
423440
423441
423442
423444
423448
423456
423457
423458
423460
423464
423472
423488
423489
423490
423492
423496
423504
423520
423552
423553
423554
423556
423560
423568
423584
423616
423680
423681
423682
423684
423688
423696
423712
423744
423808
424704
424705
424706
424708
424712
424720
424736
424768
425344
425472
425473
425474
425476
425480
425488
425504
425536
425600
425728
426428
426488
426744
426992
427504
427760
428000
428976
429024
429536
430016
431072
432064
433088
433600
433856
433920
433921
433922
433924
433928
433936
433952
433984
436097
436098
436100
436112
436128
436704
437696
437952
438016
438017
438018
438020
438024
438032
438048
438080
438144
440064
440065
440066
440068
440072
440080
440096
440128
440192
441088
441089
441090
441092
441096
441104
441120
441152
441600
441601
441602
441604
441608
441616
441632
441664
441856
441857
441858
441860
441864
441872
441888
441920
441984
442112
443872
444896
446144
446208
446209
446210
446212
446216
446224
446240
446272
446336
449920
450050
450304
453633
453635
453637
453641
453649
453665
453697
453761
453889
454144
454145
454146
454148
454152
454160
454176
454208
454272
454400
454659
454660
454661
454662
454663
454667
454669
454672
454673
454674
454675
454676
454677
454678
454680
454681
454682
454684
454691
454692
454693
454694
454704
454705
454706
454708
454712
454723
454724
454725
454726
454732
454736
454737
454738
454740
454744
454756
454768
454787
454788
454789
454790
454796
454800
454801
454802
454804
454808
454820
454832
454852
454864
454915
454916
454917
454918
454928
454929
454930
454932
454936
454948
454960
454980
454992
455044
455056
455171
455172
455173
455174
455180
455184
455185
455186
455188
455192
455204
455216
455236
455248
455300
455312
455428
455440
455683
455684
455685
455686
455692
455696
455697
455698
455700
455704
455716
455728
455748
455760
455812
455824
455940
455952
456192
456193
456194
456196
456200
456208
456224
456256
456320
456448
456705
456706
456707
456708
456709
456710
456713
456714
456716
456721
456722
456724
456737
456738
456740
456769
456770
456772
456833
456834
456836
456961
456962
456964
457217
457218
457220
457472
457729
457730
457984
458240
459640
459760
460272
460528
460768
461792
462304
462784
464736
464768
464769
464770
464772
464776
464784
464800
464832
466816
468864
468865
468866
468868
468872
468880
468896
468928
470720
470785
470788
470792
470800
470816
470912
472960
473857
473858
473860
473864
473872
473888
473920
474496
474880
478976
478977
478978
478980
478984
478992
479008
479040
479104
480192
481152
482176
482688
482944
483072
483331
483339
483347
483351
483355
483363
483367
483371
483379
483395
483399
483403
483411
483427
483459
483463
483467
483475
483491
483523
483587
483591
483595
483603
483619
483651
483715
483843
483847
483851
483859
483875
483907
483971
484099
484355
484359
484363
484371
484387
484419
484483
484611
484867
485248
485379
485383
485387
485395
485411
485443
485507
485635
485891
486403
486912
486913
486914
486916
486920
486928
486944
486976
487040
487168
487425
487427
487433
487435
487437
487441
487443
487445
487449
487457
487459
487461
487465
487473
487489
487491
487493
487497
487505
487521
487553
487555
487557
487561
487569
487585
487617
487681
487683
487689
487697
487713
487745
487809
487937
487939
487941
487945
487953
487969
488001
488065
488193
488449
488451
488453
488457
488465
488481
488513
488577
488705
488960
488961
488962
488964
488968
488976
488992
489024
489088
489216
489472
489473
489474
489475
489476
489477
489478
489480
489481
489482
489484
489488
489489
489490
489492
489496
489504
489505
489506
489508
489512
489520
489536
489537
489538
489540
489544
489552
489568
489600
489601
489602
489604
489608
489616
489632
489664
489728
489729
489730
489732
489736
489744
489760
489792
489856
489984
489985
489986
489988
489992
490000
490016
490048
490112
490240
490497
490498
491008
491541
491543
491545
491547
491549
491551
491577
491579
491581
491605
491607
491609
491611
491613
491637
491641
491669
491671
491673
491675
491677
491705
491733
491737
491797
491799
491801
491803
491805
491829
491833
491861
491865
491925
491929
492053
492055
492057
492059
492061
492085
492089
492117
492121
492181
492185
492309
492313
492565
492567
492569
492571
492573
492597
492601
492629
492633
492693
492697
492821
492825
493077
493081
493589
493591
493593
493595
493597
493625
493653
493657
493717
493721
493845
493849
494101
494105
494528
494613
494617
495637
495639
495641
495643
495645
495669
495673
495701
495705
495765
495769
495893
495897
496149
496153
496576
496661
496665
497536
497685
497689
499456
499733
499735
499737
499739
499741
499765
499769
499797
499801
499861
499865
499989
499993
500245
500249
500757
500761
501632
501781
501785
503809
503811
503813
503815
503817
503819
503821
503825
503827
503829
503833
503841
503843
503845
503849
503857
503873
503875
503877
503881
503889
503905
503937
503939
503941
503945
503953
503969
504001
504065
504067
504069
504073
504081
504097
504129
504193
504321
504323
504325
504329
504337
504353
504385
504449
504577
504833
504835
504837
504841
504849
504865
504897
504961
505089
505345
505600
506624
506880
506881
506882
506884
506888
506896
506912
506944
507008
507136
507392
507913
507915
507917
507919
507929
507931
507933
507949
507961
507977
507979
507981
507993
508009
508041
508043
508045
508057
508105
508169
508171
508173
508185
508201
508233
508297
508425
508427
508429
508441
508457
508489
508553
508681
508937
508939
508941
508953
508969
509001
509065
509193
509449
509961
509963
509965
509977
509993
510025
510089
510217
510473
510985
511744
512009
512011
512013
512025
512041
512073
512137
512265
512521
513033
514048
514049
514050
514051
514054
514056
514057
514058
514060
514064
514065
514066
514072
514080
514081
514082
514084
514088
514096
514112
514113
514114
514116
514120
514128
514144
514176
514177
514178
514180
514184
514192
514208
514240
514304
514305
514306
514308
514312
514320
514336
514368
514432
514560
514561
514562
514564
514568
514576
514592
514624
514688
514816
515584
516099
516102
516103
516104
516105
516106
516107
516110
516112
516113
516114
516115
516116
516117
516118
516120
516121
516122
516124
516131
516134
516136
516137
516138
516140
516144
516145
516146
516148
516152
516163
516166
516168
516169
516170
516172
516177
516180
516184
516200
516208
516227
516230
516232
516233
516234
516240
516241
516242
516244
516248
516264
516272
516296
516304
516355
516358
516360
516361
516362
516364
516368
516369
516370
516372
516376
516392
516400
516424
516432
516488
516496
516611
516614
516616
516617
516618
516620
516624
516625
516626
516628
516632
516648
516656
516680
516688
516744
516752
516872
516880
517123
517126
517128
517129
517130
517132
517136
517137
517138
517140
517144
517160
517168
517192
517256
517264
517384
517392
517640
517648
518144
518145
518146
518147
518148
518149
518150
518152
518153
518154
518156
518160
518161
518162
518164
518168
518176
518177
518178
518180
518184
518192
518208
518209
518210
518212
518216
518224
518240
518272
518273
518274
518276
518280
518288
518304
518336
518400
518401
518402
518404
518408
518416
518432
518464
518528
518656
518657
518658
518660
518664
518672
518688
518720
518784
518912
519168
519169
519170
519172
519176
519184
519200
519232
519296
519424
519680
520192
520193
520194
520195
520196
520197
520198
520200
520201
520202
520204
520208
520209
520210
520212
520216
520224
520225
520226
520228
520232
520240
520256
520257
520258
520260
520264
520272
520288
520320
520321
520322
520324
520328
520336
520352
520384
520448
520449
520450
520452
520456
520464
520480
520512
520576
520704
520705
520706
520708
520712
520720
520736
520768
520832
520960
521216
521217
521218
521220
521224
521232
521248
521280
521344
521472
521728
522240
522241
522242
522244
522248
522256
522272
522304
522368
522496
522752
523264
524351
524415
524463
524479
524527
524539
524541
524542
524543
524607
524671
524719
524735
524766
524783
524790
524794
524795
524796
524797
524798
524863
524895
524919
524923
524927
524983
524987
524989
524991
525023
525039
525047
525051
525053
525054
525115
525119
525151
525175
525179
525231
525239
525243
525244
525245
525278
525292
525293
525300
525301
525302
525304
525305
525306
525308
525375
525439
525471
525487
525502
525503
525535
525550
525551
525558
525563
525565
525566
525631
525647
525663
525678
525679
525686
525690
525694
525727
525743
525758
525775
525790
525806
525814
525818
525820
525871
525887
525903
525919
525935
525942
525943
525947
525950
525983
525999
526007
526011
526013
526014
526031
526062
526070
526139
526159
526190
526198
526200
526201
526202
526268
526296
526297
526298
526312
526313
526314
526316
526320
526321
526322
526324
526328
526399
526431
526447
526463
526511
526523
526527
526559
526575
526587
526589
526590
526654
526655
526687
526703
526716
526717
526718
526767
526779
526782
526812
526813
526814
526828
526829
526838
526842
526844
526911
526943
526959
526967
526971
527006
527031
527035
527037
527038
527068
527069
527070
527084
527085
527092
527093
527100
527163
527166
527228
527262
527292
527324
527340
527348
527352
527423
527454
527455
527471
527486
527518
527519
527535
527547
527550
527582
527596
527597
527598
527606
527612
527678
527695
527710
527726
527734
527738
527740
527774
527836
527852
527919
527951
527966
527990
528030
528092
528108
528112
528113
528114
528116
528248
528304
528305
528306
528308
528336
528337
528338
528340
528344
528352
528353
528354
528356
528360
528368
528447
528479
528510
528511
528559
528574
528575
528606
528607
528623
528635
528637
528638
528703
528735
528758
528766
528815
528830
528862
528886
528890
528892
528959
528991
529015
529019
529020
529021
529022
529071
529079
529083
529085
529086
529118
529144
529145
529146
529148
529211
529270
529276
529336
529337
529338
529340
529368
529369
529370
529388
529396
529400
529471
529503
529534
529567
529583
529598
529630
529646
529654
529724
529725
529743
529774
529782
529786
529788
529848
529849
529850
529852
529880
529881
529882
529896
529897
529898
529912
529967
529999
530038
530044
530168
530236
530296
530360
530392
530408
530416
530495
530527
530543
530558
530607
530619
530620
530621
530622
530654
530684
530748
530749
530750
530806
530812
530876
530904
530905
530906
530908
530924
530936
531068
531102
531132
531164
531180
531188
531192
531260
531384
531392
531393
531394
531395
531396
531397
531398
531400
531401
531402
531404
531408
531409
531410
531412
531416
531550
531614
531644
531692
531772
531896
531928
531936
531937
531938
531940
531944
532208
532320
532321
532322
532324
532328
532352
532354
532355
532356
532357
532358
532360
532361
532362
532364
532368
532370
532372
532376
532384
532385
532386
532388
532392
532400
532416
532417
532418
532420
532424
532432
532448
532543
532591
532606
532607
532655
532670
532671
532719
532731
532732
532733
532734
532799
532847
532860
532861
532862
532911
532924
532925
532926
532958
532982
532986
532988
533055
533087
533103
533111
533115
533118
533175
533179
533181
533182
533228
533229
533244
533307
533372
533436
533484
533492
533496
533567
533615
533630
533663
533679
533694
533742
533750
533752
533753
533754
533756
533839
533870
533878
533882
533884
533948
534000
534001
534002
534004
534008
534063
534095
534134
534252
534264
534384
534385
534386
534388
534392
534448
534449
534450
534452
534488
534504
534512
534591
534623
534639
534654
534703
534715
534718
534780
534846
534908
534972
535020
535160
535161
535162
535198
535260
535276
535284
535288
535408
535409
535410
535412
535416
535472
535473
535474
535476
535504
535505
535506
535508
535536
535646
535710
535788
535800
536048
536184
536304
536432
536448
536449
536450
536451
536452
536453
536454
536456
536457
536458
536460
536464
536465
536466
536468
536472
536480
536481
536482
536484
536488
536496
536528
536544
536639
536671
536687
536702
536751
536766
536798
536828
536950
536952
536953
536954
536956
537020
537080
537208
537209
537210
537212
537324
537336
537464
537520
537521
537522
537524
537528
537560
537584
537848
537976
538040
538072
538088
538096
538232
538480
538544
538812
538940
539000
539096
539256
539504
539568
539584
539585
539586
539588
539592
539600
540128
540352
540353
540354
540356
540360
540368
540416
540417
540418
540419
540420
540421
540422
540424
540425
540426
540428
540432
540433
540434
540436
540440
540448
540449
540450
540452
540456
540464
540480
540481
540482
540484
540488
540496
540512
540544
540545
540546
540548
540552
540560
540576
540608
540735
540799
540847
540863
540894
540911
540923
540924
540925
540926
540991
541052
541053
541103
541150
541174
541176
541177
541178
541180
541247
541279
541303
541307
541359
541367
541371
541373
541406
541432
541433
541434
541436
541499
541560
541561
541562
541564
541628
541676
541684
541688
541759
541855
541871
541886
541918
541934
541942
541948
542031
542062
542070
542074
542076
542168
542169
542170
542200
542255
542287
542326
542456
542584
542680
542696
542704
542783
542815
542831
542895
542907
542942
542972
543038
543100
543196
543212
543216
543217
543218
543220
543224
543390
543452
543468
543476
543480
543608
543712
543713
543714
543716
543720
543728
543838
543902
543980
544216
544240
544480
544481
544482
544484
544488
544496
544608
544609
544610
544612
544616
544688
544720
544736
544831
544863
544894
544943
544958
544990
545020
545142
545148
545272
545404
545528
545656
545720
545752
546032
546033
546034
546036
546108
546232
546264
546280
546288
546528
546529
546530
546532
546536
546544
546656
546657
546658
546660
546664
546720
546721
546722
546724
546728
546784
547004
547132
547288
547312
547776
547777
547778
547780
547784
547792
547808
548080
548320
548576
548608
548609
548610
548611
548612
548613
548614
548616
548617
548618
548620
548624
548625
548626
548628
548632
548640
548641
548642
548644
548648
548656
548672
548673
548674
548676
548680
548688
548704
548736
548737
548738
548740
548744
548752
548768
548800
548927
548975
548990
549039
549054
549086
549116
549244
549368
549612
549616
549617
549618
549620
549624
549752
549872
550128
550129
550130
550132
550136
550360
550384
550640
550752
550753
550754
550756
550760
550768
550832
550880
551408
551544
551664
551792
551856
551888
551904
552176
552672
552704
552705
552706
552707
552708
552709
552710
552712
552713
552714
552716
552720
552721
552722
552724
552728
552736
552737
552738
552740
552744
552752
552768
552769
552770
552772
552776
552784
552800
552832
552833
552834
552836
552840
552848
552864
553336
553592
553712
553904
554224
554720
554848
554880
554881
554882
554884
554888
554896
554912
555968
556418
556420
556424
556432
556448
556545
556547
556549
556553
556561
556577
556609
556672
556673
556674
556676
556680
556688
556704
556736
556800
556801
556802
556804
556808
556816
556832
556864
556928
557119
557183
557231
557247
557295
557307
557309
557310
557375
557487
557500
557501
557534
557558
557560
557561
557562
557564
557631
557663
557687
557691
557743
557751
557755
557757
557816
557817
557818
557883
558012
558060
558064
558065
558066
558068
558072
558143
558239
558255
558270
558318
558326
558415
558446
558454
558458
558524
558576
558577
558578
558580
558584
558639
558671
558710
558832
558833
558834
558836
558840
558968
559064
559080
559088
559167
559199
559215
559279
559291
559422
559484
559548
559580
559596
559608
559774
559836
559852
559860
559864
560048
560049
560050
560052
560112
560222
560286
560364
560624
560880
561072
561104
561120
561215
561247
561278
561327
561342
561374
561526
561596
561656
561788
561912
562104
562136
562144
562145
562146
562148
562152
562160
562492
562616
562648
562664
562672
562928
563136
563137
563138
563140
563144
563152
563168
563388
563516
563672
564144
564160
564161
564162
564164
564168
564176
564192
564672
564673
564674
564676
564680
564688
564704
564928
564929
564930
564932
564936
564944
565088
565120
565121
565122
565124
565128
565136
565152
565184
565311
565359
565423
565438
565500
565628
565692
565752
565996
566008
566256
566520
566768
567024
567152
567216
567776
567777
567778
567780
567784
567928
568176
568240
568288
568768
568769
568770
568772
568776
568784
568800
569025
569026
569028
569032
569040
569152
569153
569154
569156
569160
569168
569216
569217
569218
569220
569224
569232
569248
569280
569720
569976
570288
570336
571328
571872
572160
572162
572163
572164
572165
572166
572168
572170
572172
572176
572177
572178
572180
572184
572192
572193
572194
572196
572200
572208
572224
572225
572226
572228
572232
572240
572256
572352
572864
572929
572931
572933
572937
572945
572961
572993
573057
573120
573184
573185
573186
573188
573192
573200
573216
573248
573312
573503
573615
573662
573692
573820
573884
573944
574200
574328
574936
574944
574945
574946
574948
574952
574960
575216
575456
575968
575969
575970
575972
575976
575984
576432
576480
576992
577216
577217
577218
577220
577224
577232
577248
577376
577472
578528
578800
579040
579296
579424
579488
579520
580064
580544
581056
581122
581123
581126
581130
581138
581154
581186
581250
581312
581376
581377
581378
581380
581384
581392
581408
581440
581504
582384
582896
583520
584160
585152
585408
585472
585473
585474
585476
585480
585488
585504
585536
585600
587648
588544
588545
588546
588548
588552
588560
588576
588608
588801
588802
588803
588805
588806
588809
588817
588818
588833
588834
588865
588866
588929
588930
589056
589057
589058
589060
589064
589072
589088
589120
589184
589312
589313
589314
589316
589320
589328
589344
589376
589440
589568
589887
589951
589999
590015
590063
590075
590077
590078
590143
590255
590302
590326
590330
590332
590399
590431
590455
590459
590511
590519
590523
590525
590651
590712
590713
590714
590780
590828
590832
590833
590834
590836
590840
590911
591007
591023
591038
591086
591094
591183
591214
591222
591226
591344
591345
591346
591348
591407
591439
591478
591736
591832
591840
591841
591842
591844
591848
591856
591935
591967
591983
592047
592059
592190
592252
592348
592364
592542
592604
592620
592628
592760
592864
592865
592866
592868
592872
592880
592990
593054
593132
593376
593377
593378
593380
593384
593392
593648
593840
593872
593888
593983
594015
594046
594095
594110
594142
594294
594556
594680
594808
594872
594904
594928
595260
595384
595416
595432
595440
595808
595809
595810
595812
595816
595936
596156
596284
596440
596928
596929
596930
596932
596936
596944
596960
597472
597856
597888
597890
597892
597896
597904
597920
597952
598079
598127
598142
598191
598206
598268
598396
598460
598764
598904
599024
599288
599536
599920
599984
600000
600001
600002
600004
600008
600016
600032
600696
600944
601008
601040
601056
601568
601984
601985
601986
601988
601992
602000
602016
602048
602488
602744
603056
604000
604096
605056
605057
605058
605060
605064
605072
605088
605120
605568
605569
605570
605572
605576
605584
605600
605696
605698
605699
605700
605702
605704
605705
605706
605708
605712
605713
605714
605716
605720
605728
605729
605730
605732
605736
605744
605760
605761
605762
605764
605768
605776
605792
605824
605825
605826
605828
605832
605840
605856
605888
605952
605953
605954
605956
605960
605968
605984
606016
606080
606271
606383
606430
606460
606588
606712
606968
607096
607216
607728
608224
608752
609248
609760
610016
610144
611264
611265
611266
611268
611272
611280
611568
612064
612192
612256
612288
613248
613249
613250
613252
613256
613264
613280
613312
613760
613761
613762
613764
613768
613776
613792
614016
614017
614018
614020
614024
614032
614048
614144
614145
614146
614148
614152
614160
614176
614208
614272
615152
615664
616288
616384
618240
618241
618242
618244
618248
618256
618272
618304
618368
619456
620416
621440
621568
621569
621570
621571
621572
621573
621574
621576
621577
621578
621580
621584
621585
621586
621588
621592
621600
621601
621602
621604
621608
621616
621632
621633
621634
621636
621640
621648
621664
621696
621697
621698
621700
621704
621712
621728
621760
621824
621825
621826
621828
621832
621840
621856
621888
621952
622080
622081
622082
622084
622088
622096
622112
622144
622208
622336
622655
622767
623036
623096
623352
623480
623600
624112
624368
624608
625584
625600
625601
625602
625604
625608
625616
625632
626144
626624
627648
627649
627650
627652
627656
627664
627680
628576
628672
629696
630144
630145
630146
630148
630152
630160
630176
630208
630464
630656
632768
633312
633792
634304
634560
634688
634752
635840
637696
637697
637698
637700
637704
637712
637728
637760
637824
637953
637955
637956
637957
637958
637961
637964
637969
637972
637985
637988
638017
638020
638081
638084
638209
638212
638336
638464
638465
638466
638468
638472
638480
638496
638528
638592
638720
640480
641504
641984
642752
644032
646016
646144
646146
646147
646148
646149
646150
646152
646153
646154
646156
646160
646161
646162
646164
646168
646176
646177
646178
646180
646184
646192
646208
646210
646212
646216
646224
646240
646272
646273
646274
646276
646280
646288
646304
646336
646400
646401
646402
646404
646408
646416
646432
646464
646528
646656
646657
646658
646660
646664
646672
646688
646720
646784
646912
647173
647174
647175
647182
647183
647189
647190
647191
647197
647198
647205
647206
647207
647214
647221
647222
647237
647238
647239
647245
647246
647253
647254
647269
647270
647301
647302
647303
647309
647310
647317
647318
647333
647334
647365
647366
647429
647430
647431
647437
647438
647445
647446
647461
647462
647493
647494
647557
647558
647685
647686
647687
647694
647701
647702
647717
647718
647749
647750
647813
647814
647941
647942
648197
648198
648199
648205
648206
648213
648214
648229
648230
648261
648262
648325
648326
648453
648454
648709
648710
649221
649222
649223
649229
649230
649237
649238
649253
649254
649285
649286
649349
649350
649477
649478
649733
649734
650240
650241
650242
650243
650244
650245
650246
650248
650249
650250
650252
650256
650257
650258
650260
650264
650272
650273
650274
650276
650280
650288
650304
650305
650306
650308
650312
650320
650336
650368
650369
650370
650372
650376
650384
650400
650432
650496
650497
650498
650500
650504
650512
650528
650560
650624
651008
651266
651267
651270
651271
651275
651278
651282
651283
651286
651290
651298
651299
651302
651314
651330
651331
651334
651338
651346
651362
651394
651395
651398
651402
651410
651426
651458
651522
651523
651526
651530
651538
651554
651586
651650
651778
651779
651782
651786
651794
651810
651842
651906
652034
652290
652291
652294
652298
652306
652322
652354
652418
652546
652800
652802
652804
652808
652816
652832
652864
652928
653314
653316
653317
653318
653322
653324
653330
653332
653346
653348
653378
653380
653442
653444
653570
653572
653824
653825
653826
653828
653832
653840
653856
653888
653952
654080
654336
654337
654338
654340
654344
654352
654368
654400
654464
654592
654848
655423
655487
655535
655551
655599
655611
655613
655614
655679
655791
655838
655862
655866
655868
655935
655967
655991
655995
656047
656055
656059
656061
656187
656316
656364
656372
656376
656447
656543
656559
656574
656622
656630
656719
656750
656758
656762
656943
656975
657014
657136
657137
657138
657140
657272
657368
657377
657378
657384
657392
657471
657503
657519
657583
657595
657726
657788
657884
657900
658078
658140
658156
658164
658400
658401
658402
658404
658408
658526
658590
658668
659184
659376
659392
659393
659394
659396
659400
659408
659424
659519
659551
659582
659631
659646
659678
659830
660092
660216
660408
660440
660796
660920
660952
660968
661232
661440
661441
661442
661444
661448
661456
661472
661692
661820
661976
662464
662465
662466
662468
662472
662480
662496
663008
663424
663425
663426
663428
663432
663440
663456
663488
663615
663663
663678
663727
663742
663804
663932
663996
664300
664824
665072
665328
665456
665520
665568
666232
666480
666544
666576
666592
667329
667332
667336
667344
667520
667521
667522
667524
667528
667536
667552
667584
668024
668280
668592
669632
670656
671424
671488
671489
671490
671492
671496
671504
671520
671552
671616
671807
671919
671966
671996
672124
672248
672504
672632
673240
673520
674288
674784
675552
675680
675714
675716
675720
675728
675744
675776
677104
677600
677728
677792
677824
678848
679680
679681
679682
679684
679688
679696
679712
679744
679808
680688
681200
681824
683712
683776
683777
683778
683780
683784
683792
683808
683840
683904
685825
685826
685828
685832
685856
685888
685952
686081
686085
686087
686089
686093
686097
686099
686101
686105
686113
686115
686117
686121
686129
686145
686147
686149
686153
686161
686177
686209
686213
686217
686225
686241
686273
686337
686339
686341
686345
686353
686369
686401
686465
686593
686595
686597
686601
686609
686625
686657
686721
686848
686849
686850
686852
686856
686864
686880
686912
687617
687744
687872
688191
688303
688572
688632
688888
689136
689648
689904
690144
691120
691168
692160
694208
695232
695744
695808
695809
695810
695811
695812
695813
695814
695816
695817
695818
695820
695824
695825
695826
695828
695832
695840
695841
695842
695844
695848
695856
695872
695873
695874
695876
695880
695888
695904
695936
695937
695938
695940
695944
695952
695968
696000
696192
698240
698241
698242
698244
698248
698256
698272
698848
699840
700288
702208
702209
702210
702212
702216
702224
702240
702272
702336
703232
703234
703236
703240
703248
703264
703296
703746
703752
703760
703776
703808
704000
704001
704002
704004
704008
704016
704032
704064
704128
704256
706016
707040
708288
711680
711681
711682
711683
711684
711685
711686
711688
711689
711690
711692
711696
711697
711698
711700
711704
711712
711713
711714
711716
711720
711728
711744
711745
711746
711748
711752
711760
711776
711808
711809
711810
711812
711816
711824
711840
711872
711936
711937
711938
711940
711944
711952
711968
712000
712064
712192
712193
712194
712196
712200
712208
712224
712256
712320
712448
714624
715776
715777
715778
715779
715782
715784
715785
715786
715788
715792
715793
715794
715796
715800
715808
715809
715810
715812
715816
715824
715840
715841
715842
715844
715848
715856
715872
715904
715905
715906
715908
715912
715920
715936
715968
716032
716033
716034
716036
716040
716048
716064
716096
716160
716544
716803
716807
716811
716819
716835
716867
716931
717059
717315
717824
717826
717827
717828
717830
717832
717833
717834
717836
717840
717842
717844
717848
717856
717857
717858
717860
717864
717872
717888
717889
717890
717892
717896
717904
717920
717952
717953
717954
717956
717960
717968
717984
718016
718080
718081
718082
718084
718088
718096
718112
718144
718208
718849
718850
718851
718852
718853
718854
718857
718858
718860
718865
718866
718868
718881
718882
718884
718913
718914
718916
718977
718978
718980
719105
719106
719108
719361
719362
719364
719616
719872
719873
719874
719876
719880
719888
719904
719936
720000
720128
720384
720959
721071
721784
721904
722416
722672
722912
723936
724928
726880
726912
726913
726914
726916
726920
726928
726944
726976
728000
728960
731008
731009
731010
731012
731016
731024
731040
731072
732864
733056
735104
736000
736001
736002
736004
736008
736016
736032
736064
736128
736640
736768
736770
736772
736776
736784
736800
736832
736896
737024
741248
743296
744320
744832
745088
745216
747392
749312
749569
749571
749573
749575
749577
749579
749581
749585
749587
749589
749593
749601
749603
749605
749609
749617
749633
749635
749637
749641
749649
749665
749697
749699
749701
749705
749713
749729
749761
749825
749827
749829
749833
749841
749857
749889
749953
750081
750083
750085
750089
750097
750113
750145
750209
750337
750593
750595
750597
750601
750609
750625
750657
750721
750849
751105
751360
751617
751618
751619
751621
751624
751625
751626
751628
751633
751634
751640
751649
751650
751656
751681
751682
751688
751745
751746
751752
751873
751874
751880
752129
752130
752136
752384
752640
752641
752642
752644
752648
752656
752672
752704
752768
752896
753152
756672
758720
761216
761344
761345
761346
761348
761352
761360
761376
761408
761472
763776
765953
765955
765956
765957
765958
765959
765961
765963
765964
765965
765966
765971
765974
765977
765980
765985
765987
765988
765989
765990
765993
765996
766001
766004
766017
766019
766020
766021
766022
766025
766028
766033
766036
766049
766052
766081
766083
766084
766085
766086
766089
766092
766097
766113
766116
766145
766148
766209
766211
766212
766213
766214
766217
766220
766225
766228
766241
766244
766273
766276
766337
766340
766465
766467
766468
766469
766470
766473
766476
766481
766484
766497
766500
766529
766532
766593
766596
766721
766724
766977
766979
766980
766981
766982
766985
766988
766993
766996
767009
767012
767041
767044
767105
767108
767233
767236
767489
767492
767744
768768
769024
769025
769026
769028
769032
769040
769056
769088
769152
769280
769536
770060
770061
770076
770077
770078
770092
770093
770108
770124
770125
770126
770140
770156
770188
770189
770204
770220
770252
770316
770317
770318
770332
770348
770380
770444
770572
770573
770574
770588
770604
770636
770700
770828
771084
771085
771086
771100
771116
771148
771212
771340
771596
772108
772109
772110
772124
772140
772172
772236
772364
772620
773132
774145
774147
774151
774153
774155
774156
774157
774161
774163
774169
774172
774177
774179
774181
774185
774188
774193
774209
774211
774217
774220
774225
774241
774273
774275
774277
774281
774284
774289
774305
774337
774401
774403
774405
774409
774412
774417
774433
774465
774529
774657
774659
774661
774665
774668
774673
774689
774721
774785
774913
775169
775171
775173
775177
775180
775185
775201
775233
775297
775425
775681
776204
777216
777218
777220
777224
777232
777248
777280
777344
777472
777728
778242
778243
778245
778246
778247
778248
778249
778250
778251
778252
778253
778254
778256
778257
778258
778259
778260
778261
778262
778264
778265
778266
778268
778274
778275
778277
778278
778280
778281
778282
778284
778288
778289
778290
778292
778296
778306
778307
778309
778310
778312
778313
778314
778316
778320
778321
778322
778324
778328
778338
778344
778352
778370
778371
778373
778374
778376
778377
778378
778380
778384
778385
778386
778388
778392
778402
778408
778416
778434
778440
778448
778498
778499
778501
778502
778504
778505
778506
778508
778512
778513
778514
778516
778520
778530
778536
778544
778562
778568
778576
778626
778632
778640
778754
778755
778757
778758
778760
778761
778762
778764
778768
778769
778770
778772
778776
778786
778792
778800
778818
778824
778832
778882
778888
778896
779010
779016
779024
779266
779267
779269
779270
779272
779273
779274
779276
779280
779281
779282
779284
779288
779298
779304
779312
779330
779336
779344
779394
779400
779408
779522
779528
779536
779778
779784
779792
780290
780291
780293
780294
780296
780297
780298
780300
780304
780305
780306
780308
780312
780322
780328
780336
780354
780360
780368
780418
780424
780432
780546
780552
780560
780802
780808
780816
781312
781313
781314
781316
781320
781328
781344
781376
781440
781568
782337
782338
782339
782340
782341
782342
782344
782345
782346
782348
782353
782354
782356
782360
782369
782370
782372
782376
782401
782402
782404
782408
782465
782466
782468
782472
782593
782594
782596
782600
782849
782850
782852
782856
783360
783361
783362
783364
783368
783376
783392
783424
783488
783616
783872
784384
784385
784386
784388
784392
784400
784416
784448
784512
784640
784896
785408
786463
786495
786511
786519
786527
786535
786543
786551
786559
786591
786623
786639
786647
786655
786671
786679
786683
786685
786686
786711
786719
786743
786751
786767
786775
786783
786791
786799
786807
786839
786847
786871
786895
786903
786910
786934
786938
786940
787007
787023
787031
787039
787047
787055
787063
787067
787127
787131
787133
787151
787159
787175
787223
787231
787255
787259
787279
787287
787303
787351
787388
787436
787444
787448
787487
787519
787535
787551
787559
787567
787575
787615
787646
787663
787671
787687
787694
787702
787743
787767
787791
787815
787822
787830
787834
787863
787999
788015
788047
788055
788071
788086
788247
788344
788440
788456
788464
788511
788543
788559
788567
788575
788583
788591
788599
788639
788667
788687
788695
788711
788759
788767
788791
788798
788815
788823
788839
788860
788887
788956
788972
789071
789079
789095
789150
789212
789228
789236
789271
789535
789583
789591
789598
789607
789662
789740
789783
789984
789985
789986
789988
789992
790256
790448
790464
790465
790466
790468
790472
790480
790496
790559
790591
790607
790615
790623
790631
790639
790647
790654
790687
790718
790735
790743
790750
790759
790807
790815
790839
790863
790871
790887
790902
790935
791071
791119
791127
791143
791164
791288
791319
791480
791512
791583
791631
791639
791655
791831
791868
791992
792024
792040
792512
792513
792514
792516
792520
792528
792607
792655
792663
792679
792764
792855
792892
793048
793536
793537
793538
793540
793544
793552
794080
794464
794496
794497
794498
794500
794504
794512
794528
794560
794655
794687
794703
794711
794719
794727
794735
794743
794750
794783
794814
794831
794839
794855
794876
794903
794911
794935
794959
794967
794983
795004
795031
795068
795167
795215
795223
795239
795372
795415
795679
795727
795735
795751
795896
796144
796528
796592
796703
796751
796759
796775
796951
797304
797552
797616
797648
798176
798592
798593
798594
798596
798600
798608
798624
798656
798751
798799
798807
798823
798999
799096
799352
799664
800642
800644
800656
800672
800704
801728
802496
802561
802562
802568
802576
802592
802624
802688
802847
802879
802895
802903
802911
802919
802927
802935
802975
803023
803031
803038
803047
803068
803095
803103
803127
803151
803159
803175
803196
803223
803320
803359
803407
803415
803431
803576
803607
803704
803871
803919
803927
803943
804119
804312
804895
804943
804951
804967
805143
805360
805856
806368
806624
806752
806848
806943
806991
806999
807015
807191
808176
808672
808800
808864
808896
809920
810368
810369
810370
810372
810376
810384
810400
810496
810497
810498
810499
810500
810501
810502
810504
810505
810506
810508
810512
810513
810514
810516
810520
810528
810529
810530
810532
810536
810544
810560
810561
810562
810564
810568
810576
810592
810624
810625
810626
810628
810632
810640
810656
810688
810752
810753
810754
810756
810760
810768
810784
810816
810880
811039
811087
811095
811111
811287
811760
812272
812896
814848
814849
814850
814852
814856
814864
814880
814912
814976
817024
818560
818688
818689
818690
818692
818696
818704
818720
818752
818816
818944
819231
819263
819279
819287
819295
819303
819311
819319
819359
819407
819415
819431
819479
819487
819511
819535
819543
819559
819607
819644
819704
819743
819791
819799
819815
819960
819991
820208
820255
820303
820311
820327
820503
820720
820976
821279
821327
821335
821351
821527
822192
822752
823232
823327
823375
823383
823399
823575
824288
825280
826304
826816
826880
826881
826882
826883
826884
826885
826886
826888
826889
826890
826892
826896
826897
826898
826900
826904
826912
826913
826914
826916
826920
826928
826944
826945
826946
826948
826952
826960
826976
827008
827009
827010
827012
827016
827024
827040
827072
827136
827137
827138
827140
827144
827152
827168
827200
827264
827423
827471
827479
827495
827671
829920
830912
831168
831296
831360
834304
834305
834306
834308
834312
834320
834336
834368
835072
835073
835074
835076
835080
835088
835104
835136
835200
835328
835615
835663
835671
835687
835863
837088
838112
839360
843136
843264
843265
843266
843268
843272
843280
843296
843328
843392
843520
846848
846849
846850
846851
846852
846853
846854
846856
846857
846858
846860
846864
846865
846866
846868
846872
846880
846881
846882
846884
846888
846896
846912
846913
846914
846916
846920
846928
846944
846976
846977
846978
846980
846984
846992
847008
847040
847104
847105
847106
847108
847112
847120
847136
847168
847232
847360
847361
847362
847364
847368
847376
847392
847424
847488
847616
847875
847879
847883
847891
847907
847939
848003
848131
848387
848899
849408
849409
849410
849412
849416
849424
849440
849472
849536
849921
849923
849929
849937
849953
849985
850049
850177
850433
850688
850944
850945
850946
850948
850952
850960
850976
851008
851072
851200
851456
851999
852031
852047
852055
852063
852071
852079
852087
852127
852175
852183
852199
852247
852255
852279
852303
852311
852327
852375
852511
852559
852567
852583
852759
852856
852976
853023
853071
853079
853095
853271
853488
853984
854047
854095
854103
854119
854295
855008
855520
856000
856095
856143
856151
856167
856343
857952
858048
859072
860032
860191
860239
860247
860263
860439
862144
864128
866176
867200
867712
867840
867841
867842
867844
867848
867856
867872
867904
867968
868383
868431
868439
868455
868631
872194
872196
872200
872224
872256
873408
875392
875904
876032
876033
876034
876036
876040
876048
876064
876096
876160
876288
880128
880129
880130
880132
880136
880144
880160
880192
880256
880384
882176
882177
882178
882180
882184
882192
882208
882240
882304
883200
883201
883202
883204
883208
883216
883232
883264
883328
883712
883713
883714
883716
883720
883728
883744
883776
883840
883968
884224
884767
884815
884823
884839
885015
887744
889792
892288
892416
892417
892418
892420
892424
892432
892448
892480
892544
892672
899840
900097
900100
900608
901125
901127
901133
901135
901141
901143
901149
901157
901159
901165
901173
901189
901191
901197
901205
901221
901253
901255
901261
901269
901285
901317
901381
901383
901389
901397
901413
901445
901509
901637
901639
901645
901653
901669
901701
901765
901893
902149
902151
902157
902165
902181
902213
902277
902405
902661
903173
903175
903181
903189
903205
903237
903301
903429
903685
904197
905221
905223
905229
905237
905253
905285
905349
905477
905733
906245
907266
907267
907269
907270
907274
907282
907298
907330
907394
907522
907778
908288
908289
908290
908292
908296
908304
908320
908352
908416
908544
908800
909317
909318
909319
909320
909321
909322
909323
909324
909325
909326
909333
909334
909338
909344
909345
909346
909347
909348
909349
909350
909352
909353
909354
909356
909360
909361
909362
909364
909368
909381
909382
909384
909385
909386
909388
909408
909409
909410
909412
909416
909424
909445
909446
909448
909449
909450
909452
909464
909472
909473
909474
909476
909480
909488
909512
909536
909573
909574
909576
909577
909578
909580
909592
909600
909601
909602
909604
909608
909616
909640
909664
909704
909728
909829
909830
909832
909833
909834
909836
909856
909857
909858
909860
909864
909872
909896
909920
909960
909984
910088
910112
910341
910342
910344
910345
910346
910348
910360
910368
910369
910370
910372
910376
910384
910408
910432
910472
910496
910600
910624
910856
910880
911365
911366
911368
911369
911370
911372
911384
911392
911393
911394
911396
911400
911408
911432
911456
911496
911520
911624
911648
911880
911904
912384
912385
912386
912388
912392
912400
912416
912448
912512
912640
912896
913409
913410
913411
913412
913413
913414
913416
913417
913418
913420
913425
913426
913428
913432
913441
913442
913444
913448
913473
913474
913476
913480
913537
913538
913540
913544
913665
913666
913668
913672
913921
913922
913924
913928
914433
914434
914436
914440
914944
915457
915458
915460
915968
916480
917543
917547
917551
917559
917563
917567
917607
917611
917615
917623
917627
917675
917687
917691
917739
917799
917803
917807
917815
917819
917863
917867
917927
917931
918055
918059
918063
918071
918075
918119
918123
918183
918187
918311
918315
918567
918571
918575
918583
918587
918631
918635
918695
918699
918823
918827
919079
919083
919280
919520
919591
919595
919599
919607
919611
919655
919659
919719
919723
919847
919851
920103
920107
920544
920615
920619
921056
921536
921639
921643
921647
921655
921659
921703
921707
921767
921771
921895
921899
922151
922155
922663
922667
923584
923687
923691
924608
925568
925735
925739
925743
925751
925755
925799
925803
925867
925991
925995
926247
926251
926759
926763
927783
927787
929472
929536
929537
929538
929540
929544
929552
929568
929600
929664
929831
929835
933632
933927
933931
933935
933943
933947
933991
933995
934055
934059
934183
934187
934439
934443
934951
934955
935975
935979
937728
937729
937730
937732
937736
937744
937760
937792
937856
938023
938027
941440
941570
941576
941584
941600
941632
941824
942119
942123
945920
947713
947714
947716
947720
947728
947744
947776
947840
948225
948229
948233
948241
948257
948289
948353
948481
948737
948992
949760
950311
950315
950319
950327
950331
950375
950379
950439
950443
950567
950571
950823
950827
951335
951339
952359
952363
954407
954411
957952
957953
957954
957956
957960
957968
957984
958016
958080
958208
958503
958507
960384
962304
964352
965376
965888
966144
966661
966662
966663
966669
966671
966673
966675
966677
966678
966679
966681
966683
966685
966693
966694
966695
966699
966701
966702
966705
966707
966709
966710
966713
966726
966727
966733
966734
966739
966742
966745
966757
966758
966769
966789
966790
966791
966797
966798
966801
966803
966805
966806
966809
966821
966822
966833
966853
966854
966865
966917
966918
966919
966925
966926
966929
966931
966933
966934
966937
966949
966950
966961
966981
966982
966993
967045
967046
967057
967173
967174
967175
967181
967182
967185
967187
967189
967190
967193
967205
967206
967217
967237
967238
967301
967302
967313
967429
967430
967441
967685
967686
967687
967693
967694
967697
967699
967701
967702
967705
967717
967718
967729
967749
967750
967761
967813
967814
967825
967941
967942
967953
968197
968198
968209
968709
968710
968711
968717
968718
968721
968723
968725
968726
968729
968741
968742
968753
968773
968774
968785
968837
968838
968849
968965
968966
968977
969221
969222
969233
969733
969734
969745
970496
970757
970758
970759
970765
970766
970769
970771
970773
970774
970777
970789
970790
970801
970821
970822
970833
970885
970886
970897
971013
971014
971025
971269
971270
971281
971781
971782
971793
972805
972806
972817
973824
973825
973826
973828
973832
973840
973856
973888
973952
974080
974336
974850
974851
974854
974855
974859
974866
974867
974870
974874
974882
974883
974886
974890
974898
974914
974915
974918
974922
974930
974946
974978
974979
974982
974986
974994
975010
975042
975106
975107
975110
975114
975122
975138
975170
975234
975362
975363
975366
975378
975394
975426
975490
975618
975874
975875
975878
975882
975890
975906
975938
976002
976130
976386
976898
976899
976902
976906
976914
976930
976962
977026
977154
977410
977920
977921
977922
977924
977928
977936
977952
977984
978048
978176
978432
978944
978945
978946
978947
978948
978949
978950
978952
978953
978954
978956
978960
978961
978962
978964
978968
978976
978977
978978
978980
978984
978992
979008
979009
979010
979012
979016
979024
979040
979072
979073
979074
979076
979080
979088
979104
979136
979200
979201
979202
979204
979208
979216
979232
979264
979328
979456
979457
979458
979460
979464
979472
979488
979520
979584
979712
979968
979969
979970
979972
979976
979984
980000
980032
980096
980224
980480
980993
980994
980996
982016
983047
983055
983063
983071
983079
983082
983083
983086
983087
983089
983090
983091
983093
983094
983095
983098
983099
983102
983107
983111
983115
983119
983123
983127
983131
983139
983143
983147
983153
983154
983155
983157
983158
983161
983162
983175
983183
983191
983207
983210
983211
983214
983217
983218
983219
983221
983222
983226
983239
983251
983274
983281
983282
983299
983303
983307
983311
983315
983319
983323
983331
983335
983338
983339
983342
983345
983346
983347
983349
983350
983353
983354
983363
983367
983371
983379
983395
983409
983410
983427
983431
983435
983443
983459
983466
983473
983474
983491
983559
983567
983575
983591
983594
983595
983598
983601
983602
983603
983605
983606
983610
983619
983623
983627
983635
983651
983658
983665
983666
983687
983722
983729
983730
983811
983815
983819
983827
983843
983850
983857
983858
983875
983939
984071
984079
984087
984103
984106
984107
984110
984113
984114
984115
984117
984118
984121
984122
984131
984135
984139
984147
984163
984170
984177
984178
984199
984234
984241
984242
984259
984323
984327
984331
984339
984355
984362
984369
984370
984387
984451
984583
984618
984625
984626
984643
984835
985095
985103
985111
985127
985130
985131
985134
985137
985138
985139
985141
985142
985145
985146
985155
985159
985163
985171
985187
985194
985201
985202
985223
985258
985265
985266
985283
985347
985351
985355
985363
985379
985386
985393
985394
985411
985475
985607
985642
985649
985650
985667
985859
986119
986154
986161
986162
986179
986371
987143
987151
987159
987175
987178
987179
987182
987185
987186
987187
987189
987190
987193
987194
987203
987207
987211
987219
987235
987249
987250
987271
987306
987313
987314
987395
987399
987403
987411
987427
987434
987441
987442
987459
987523
987655
987690
987697
987698
987715
987907
988167
988202
988209
988210
988227
988419
989056
989191
989226
989233
989234
989251
989443
991239
991247
991255
991271
991274
991275
991278
991281
991282
991283
991285
991286
991289
991290
991299
991303
991307
991315
991331
991338
991345
991346
991367
991402
991409
991410
991427
991491
991495
991499
991507
991523
991530
991537
991538
991555
991619
991751
991786
991793
991794
991811
992003
992263
992298
992305
992306
992323
992515
993152
993287
993322
993329
993330
993347
993539
995072
995335
995370
995377
995378
995395
995587
998912
999429
999431
999437
999439
999447
999453
999461
999463
999466
999467
999469
999470
999473
999474
999475
999477
999478
999482
999491
999493
999495
999499
999501
999507
999523
999525
999530
999537
999538
999557
999559
999565
999573
999589
999594
999601
999602
999619
999621
999683
999685
999687
999691
999693
999699
999715
999717
999722
999729
999730
999747
999749
999811
999813
999941
999943
999949
999957
999973
999978
999985
999986
1000003
1000005
1000069
1000195
1000197
1000453
1000455
1000461
1000469
1000485
1000490
1000497
1000498
1000515
1000517
1000581
1000707
1000709
1000965
1001477
1001479
1001485
1001493
1001509
1001514
1001521
1001522
1001539
1001541
1001605
1001731
1001733
1001989
1002501
1003264
1003525
1003527
1003533
1003541
1003557
1003562
1003569
1003570
1003587
1003589
1003653
1003779
1003781
1004037
1004549
1005573
1007618
1007619
1007622
1007623
1007626
1007627
1007630
1007634
1007635
1007638
1007642
1007650
1007651
1007654
1007658
1007665
1007666
1007682
1007683
1007686
1007690
1007698
1007714
1007746
1007747
1007750
1007754
1007762
1007778
1007810
1007874
1007875
1007878
1007882
1007890
1007906
1007938
1008002
1008130
1008131
1008134
1008138
1008146
1008162
1008194
1008258
1008386
1008642
1008643
1008646
1008650
1008658
1008674
1008706
1008770
1008898
1009154
1009666
1009667
1009670
1009674
1009682
1009698
1009730
1009794
1009922
1010178
1010690
1011200
1011713
1011715
1011721
1011729
1011745
1011777
1011841
1011969
1012225
1012737
1013248
1013760
1013761
1013762
1013764
1013768
1013776
1013792
1013824
1013888
1014016
1014272
1014784
1015817
1015819
1015821
1015823
1015826
1015827
1015829
1015830
1015831
1015833
1015834
1015835
1015837
1015838
1015841
1015843
1015845
1015847
1015849
1015851
1015853
1015857
1015858
1015859
1015861
1015862
1015865
1015866
1015873
1015875
1015877
1015879
1015881
1015883
1015885
1015889
1015891
1015893
1015897
1015898
1015905
1015907
1015909
1015913
1015921
1015922
1015945
1015947
1015949
1015954
1015955
1015957
1015958
1015961
1015962
1015969
1015971
1015973
1015977
1015985
1015986
1016001
1016003
1016005
1016009
1016017
1016018
1016033
1016073
1016075
1016077
1016082
1016083
1016085
1016086
1016089
1016090
1016097
1016099
1016101
1016105
1016113
1016114
1016129
1016131
1016133
1016137
1016145
1016161
1016201
1016210
1016225
1016257
1016329
1016331
1016333
1016338
1016339
1016341
1016342
1016345
1016346
1016353
1016355
1016357
1016361
1016369
1016370
1016385
1016387
1016389
1016393
1016401
1016402
1016417
1016457
1016466
1016481
1016513
1016585
1016594
1016609
1016641
1016841
1016843
1016845
1016850
1016851
1016853
1016854
1016857
1016858
1016865
1016867
1016869
1016873
1016881
1016882
1016897
1016899
1016901
1016905
1016913
1016914
1016929
1016969
1016978
1016993
1017025
1017097
1017106
1017121
1017153
1017353
1017362
1017377
1017409
1017865
1017867
1017869
1017874
1017875
1017877
1017878
1017881
1017882
1017889
1017891
1017893
1017897
1017905
1017906
1017921
1017923
1017925
1017929
1017937
1017938
1017953
1017993
1018002
1018017
1018049
1018121
1018130
1018145
1018177
1018377
1018386
1018401
1018433
1018889
1018898
1018913
1018945
1019913
1019915
1019917
1019922
1019923
1019925
1019926
1019929
1019930
1019937
1019939
1019941
1019945
1019953
1019954
1019969
1019971
1019973
1019977
1019985
1019986
1020001
1020041
1020050
1020065
1020097
1020169
1020178
1020193
1020225
1020425
1020434
1020449
1020481
1020937
1020946
1020961
1020993
1021961
1021970
1021985
1022017
1023488
1024009
1024011
1024013
1024018
1024019
1024021
1024022
1024025
1024026
1024033
1024035
1024037
1024041
1024049
1024050
1024065
1024067
1024069
1024073
1024081
1024082
1024097
1024137
1024146
1024161
1024193
1024265
1024274
1024289
1024321
1024521
1024530
1024545
1024577
1025033
1025042
1025057
1025089
1026057
1026066
1026081
1026113
1028096
1028097
1028098
1028099
1028100
1028101
1028102
1028105
1028108
1028112
1028113
1028114
1028116
1028120
1028128
1028129
1028130
1028132
1028144
1028160
1028161
1028162
1028164
1028168
1028176
1028192
1028224
1028225
1028226
1028228
1028232
1028240
1028256
1028288
1028352
1028353
1028354
1028356
1028360
1028368
1028384
1028416
1028480
1028608
1028609
1028610
1028612
1028616
1028624
1028640
1028672
1028736
1028864
1029120
1029121
1029122
1029124
1029128
1029136
1029152
1029184
1029248
1029376
1029632
1031168
1032197
1032198
1032199
1032201
1032203
1032204
1032205
1032206
1032208
1032209
1032210
1032211
1032212
1032213
1032214
1032217
1032220
1032224
1032225
1032226
1032227
1032228
1032229
1032230
1032232
1032233
1032234
1032236
1032240
1032241
1032242
1032244
1032248
1032261
1032262
1032265
1032268
1032272
1032273
1032274
1032276
1032280
1032288
1032289
1032290
1032292
1032296
1032304
1032325
1032326
1032329
1032332
1032336
1032337
1032338
1032340
1032344
1032353
1032354
1032360
1032368
1032400
1032416
1032453
1032454
1032457
1032460
1032464
1032465
1032466
1032468
1032480
1032481
1032482
1032484
1032488
1032496
1032528
1032544
1032592
1032608
1032709
1032710
1032713
1032716
1032720
1032721
1032722
1032724
1032728
1032736
1032737
1032738
1032740
1032744
1032752
1032784
1032800
1032848
1032864
1032976
1032992
1033221
1033222
1033225
1033228
1033232
1033233
1033234
1033236
1033240
1033248
1033249
1033250
1033252
1033256
1033264
1033296
1033312
1033360
1033376
1033488
1033504
1033744
1033760
1034245
1034246
1034249
1034252
1034256
1034257
1034258
1034260
1034264
1034272
1034273
1034274
1034276
1034280
1034288
1034320
1034336
1034384
1034512
1034528
1034768
1034784
1035280
1035296
1036288
1036289
1036290
1036291
1036292
1036293
1036294
1036296
1036297
1036298
1036300
1036304
1036305
1036306
1036308
1036312
1036320
1036321
1036322
1036324
1036328
1036336
1036352
1036353
1036354
1036356
1036360
1036368
1036384
1036416
1036417
1036418
1036420
1036424
1036432
1036448
1036480
1036544
1036545
1036546
1036548
1036552
1036560
1036576
1036608
1036672
1036800
1036801
1036802
1036804
1036808
1036816
1036832
1036864
1036928
1037056
1037312
1037313
1037314
1037316
1037320
1037328
1037344
1037376
1037440
1037568
1037824
1038336
1038337
1038338
1038340
1038344
1038352
1038368
1038400
1038464
1038592
1038848
1039360
1040384
1040385
1040386
1040387
1040388
1040389
1040390
1040392
1040393
1040394
1040396
1040400
1040401
1040402
1040404
1040408
1040416
1040417
1040418
1040420
1040424
1040432
1040448
1040449
1040450
1040452
1040456
1040464
1040480
1040512
1040513
1040514
1040516
1040520
1040528
1040544
1040576
1040640
1040641
1040642
1040644
1040648
1040656
1040672
1040704
1040768
1040896
1040897
1040898
1040900
1040904
1040912
1040928
1040960
1041024
1041152
1041408
1041409
1041410
1041412
1041416
1041424
1041440
1041472
1041536
1041664
1041920
1042432
1042433
1042434
1042436
1042440
1042448
1042464
1042496
1042560
1042688
1042944
1043456
1044480
1044481
1044482
1044484
1044488
1044496
1044512
1044544
1044608
1044736
1044992
1045504
1046528
1048639
1048695
1048701
1048702
1048703
1048767
1048823
1048829
1048830
1048831
1048879
1048891
1048893
1048895
1048923
1048925
1048926
1048927
1048943
1048951
1048955
1048957
1048958
1048959
1048989
1048991
1049007
1049019
1049021
1049023
1049051
1049053
1049054
1049055
1049071
1049078
1049079
1049082
1049083
1049084
1049085
1049086
1049151
1049167
1049183
1049199
1049207
1049213
1049214
1049215
1049255
1049263
1049271
1049279
1049295
1049311
1049319
1049327
1049335
1049341
1049342
1049367
1049375
1049383
1049391
1049399
1049403
1049405
1049407
1049423
1049431
1049435
1049437
1049438
1049439
1049447
1049455
1049463
1049467
1049469
1049470
1049503
1049511
1049519
1049527
1049531
1049532
1049533
1049551
1049563
1049565
1049566
1049575
1049580
1049581
1049588
1049589
1049590
1049592
1049593
1049594
1049596
1049631
1049647
1049655
1049663
1049693
1049695
1049711
1049719
1049725
1049726
1049727
1049759
1049775
1049783
1049790
1049791
1049821
1049823
1049838
1049839
1049846
1049847
1049853
1049854
1049887
1049903
1049911
1049917
1049919
1049947
1049949
1049951
1049966
1049967
1049974
1049975
1049978
1049981
1049982
1050013
1050015
1050031
1050039
1050043
1050045
1050046
1050075
1050077
1050078
1050094
1050102
1050106
1050108
1050159
1050167
1050175
1050191
1050205
1050207
1050223
1050230
1050231
1050237
1050238
1050287
1050295
1050302
1050319
1050333
1050350
1050358
1050391
1050399
1050407
1050415
1050423
1050429
1050447
1050455
1050459
1050461
1050462
1050471
1050478
1050486
1050488
1050489
1050490
1050519
1050535
1050556
1050584
1050585
1050586
1050600
1050601
1050602
1050604
1050608
1050609
1050610
1050612
1050616
1050655
1050671
1050687
1050719
1050735
1050743
1050750
1050751
1050783
1050799
1050815
1050847
1050863
1050871
1050877
1050878
1050911
1050927
1050939
1050941
1050942
1050943
1050971
1050973
1050974
1050975
1050991
1050999
1051003
1051004
1051005
1051006
1051037
1051039
1051055
1051067
1051069
1051070
1051099
1051100
1051101
1051102
1051116
1051117
1051126
1051130
1051132
1051167
1051183
1051199
1051231
1051247
1051255
1051262
1051294
1051295
1051303
1051311
1051319
1051326
1051356
1051357
1051358
1051367
1051372
1051373
1051380
1051381
1051388
1051415
1051423
1051431
1051439
1051447
1051451
1051453
1051454
1051471
1051479
1051483
1051485
1051486
1051495
1051516
1051549
1051550
1051559
1051580
1051612
1051628
1051636
1051640
1051679
1051695
1051711
1051741
1051742
1051743
1051759
1051767
1051773
1051774
1051806
1051807
1051823
1051838
1051869
1051870
1051884
1051885
1051886
1051894
1051900
1051935
1051951
1051959
1051963
1051965
1051966
1051995
1051997
1051998
1052014
1052022
1052026
1052028
1052061
1052062
1052124
1052140
1052191
1052207
1052239
1052253
1052278
1052318
1052327
1052380
1052396
1052400
1052401
1052402
1052404
1052439
1052455
1052536
1052592
1052593
1052594
1052596
1052624
1052625
1052626
1052628
1052632
1052640
1052641
1052642
1052644
1052648
1052656
1052727
1052735
1052791
1052797
1052798
1052799
1052855
1052862
1052863
1052894
1052919
1052925
1052926
1052975
1052983
1052987
1052989
1052991
1053019
1053022
1053023
1053039
1053046
1053047
1053051
1053053
1053054
1053085
1053087
1053103
1053111
1053115
1053117
1053118
1053147
1053149
1053150
1053174
1053178
1053180
1053239
1053247
1053263
1053279
1053295
1053303
1053308
1053309
1053310
1053351
1053359
1053367
1053374
1053391
1053406
1053415
1053432
1053433
1053434
1053436
1053463
1053471
1053479
1053487
1053495
1053499
1053501
1053519
1053527
1053531
1053533
1053534
1053543
1053558
1053564
1053591
1053597
1053607
1053624
1053625
1053626
1053628
1053656
1053657
1053658
1053676
1053684
1053688
1053727
1053743
1053751
1053759
1053791
1053807
1053815
1053821
1053822
1053855
1053871
1053879
1053886
1053917
1053918
1053934
1053942
1053983
1053999
1054007
1054011
1054012
1054013
1054043
1054062
1054070
1054074
1054076
1054109
1054136
1054137
1054138
1054140
1054168
1054169
1054170
1054184
1054185
1054186
1054200
1054239
1054255
1054263
1054287
1054301
1054326
1054332
1054456
1054487
1054503
1054524
1054584
1054648
1054680
1054696
1054704
1054751
1054767
1054775
1054783
1054815
1054831
1054839
1054845
1054846
1054879
1054895
1054903
1054908
1054909
1054910
1054942
1054972
1055007
1055023
1055031
1055035
1055036
1055037
1055038
1055067
1055069
1055070
1055094
1055100
1055133
1055164
1055192
1055193
1055194
1055196
1055212
1055224
1055263
1055279
1055287
1055311
1055356
1055390
1055399
1055420
1055452
1055468
1055476
1055480
1055511
1055527
1055548
1055672
1055704
1055775
1055791
1055799
1055837
1055838
1055902
1055932
1055980
1056060
1056184
1056216
1056224
1056225
1056226
1056228
1056232
1056496
1056608
1056609
1056610
1056612
1056616
1056672
1056673
1056674
1056676
1056680
1056688
1056704
1056705
1056706
1056708
1056712
1056720
1056736
1056831
1056887
1056893
1056894
1056895
1056958
1056959
1057015
1057020
1057021
1057022
1057071
1057083
1057085
1057087
1057115
1057117
1057118
1057119
1057135
1057143
1057147
1057148
1057149
1057150
1057181
1057183
1057199
1057211
1057212
1057213
1057214
1057243
1057245
1057246
1057270
1057274
1057276
1057343
1057359
1057375
1057391
1057399
1057405
1057406
1057447
1057455
1057463
1057470
1057487
1057511
1057516
1057517
1057532
1057559
1057567
1057575
1057583
1057591
1057595
1057597
1057615
1057623
1057627
1057629
1057630
1057639
1057660
1057693
1057703
1057724
1057772
1057780
1057784
1057823
1057839
1057847
1057855
1057885
1057887
1057903
1057911
1057917
1057918
1057951
1057967
1057975
1057982
1058013
1058030
1058038
1058040
1058041
1058042
1058044
1058079
1058095
1058103
1058107
1058109
1058139
1058141
1058142
1058158
1058166
1058170
1058172
1058205
1058236
1058288
1058289
1058290
1058292
1058296
1058335
1058351
1058359
1058383
1058397
1058422
1058471
1058540
1058552
1058583
1058599
1058672
1058673
1058674
1058676
1058680
1058736
1058737
1058738
1058740
1058776
1058792
1058800
1058863
1058879
1058911
1058927
1058935
1058942
1058975
1058991
1059006
1059068
1059119
1059131
1059133
1059134
1059163
1059165
1059166
1059196
1059229
1059260
1059292
1059308
1059359
1059375
1059448
1059449
1059450
1059486
1059495
1059548
1059564
1059572
1059576
1059607
1059623
1059696
1059697
1059698
1059700
1059704
1059760
1059761
1059762
1059764
1059792
1059793
1059794
1059796
1059824
1059871
1059887
1059933
1059934
1059998
1060076
1060088
1060336
1060472
1060592
1060720
1060784
1060816
1060832
1060919
1060927
1060983
1060989
1060990
1061047
1061054
1061086
1061116
1061167
1061175
1061179
1061181
1061211
1061213
1061214
1061238
1061240
1061241
1061242
1061244
1061277
1061308
1061368
1061431
1061455
1061496
1061497
1061498
1061500
1061543
1061612
1061624
1061655
1061671
1061752
1061808
1061809
1061810
1061812
1061816
1061848
1061872
1061919
1061935
1061943
1061981
1062136
1062204
1062264
1062328
1062360
1062376
1062384
1062520
1062768
1062784
1062785
1062786
1062787
1062788
1062789
1062790
1062792
1062793
1062794
1062796
1062800
1062801
1062802
1062804
1062808
1062816
1062817
1062818
1062820
1062824
1062832
1062943
1062959
1062967
1063100
1063228
1063288
1063384
1063544
1063792
1063856
1063872
1063873
1063874
1063876
1063880
1063888
1064416
1064640
1064641
1064642
1064644
1064648
1064656
1064704
1064705
1064707
1064708
1064709
1064710
1064712
1064713
1064714
1064716
1064720
1064721
1064722
1064724
1064728
1064736
1064737
1064740
1064744
1064752
1064768
1064769
1064770
1064772
1064776
1064784
1064800
1064832
1064833
1064834
1064836
1064840
1064848
1064864
1064896
1065023
1065079
1065085
1065086
1065087
1065151
1065182
1065207
1065212
1065213
1065214
1065263
1065275
1065277
1065279
1065307
1065309
1065310
1065311
1065327
1065335
1065339
1065340
1065341
1065342
1065373
1065375
1065391
1065403
1065405
1065435
1065437
1065438
1065462
1065464
1065465
1065466
1065468
1065535
1065551
1065567
1065583
1065591
1065597
1065598
1065639
1065647
1065655
1065679
1065694
1065703
1065720
1065721
1065722
1065724
1065751
1065759
1065767
1065775
1065783
1065787
1065789
1065807
1065815
1065819
1065821
1065822
1065831
1065848
1065849
1065850
1065852
1065879
1065885
1065895
1065916
1065964
1065972
1065976
1066015
1066031
1066039
1066047
1066077
1066079
1066095
1066103
1066109
1066110
1066143
1066159
1066167
1066174
1066205
1066206
1066222
1066230
1066236
1066271
1066287
1066295
1066299
1066301
1066331
1066333
1066350
1066358
1066362
1066364
1066397
1066456
1066457
1066458
1066488
1066543
1066551
1066575
1066589
1066614
1066663
1066744
1066775
1066791
1066872
1066968
1066984
1066992
1067039
1067055
1067071
1067103
1067119
1067127
1067133
1067134
1067167
1067183
1067230
1067260
1067295
1067311
1067323
1067325
1067326
1067355
1067357
1067358
1067388
1067421
1067484
1067500
1067504
1067505
1067506
1067508
1067512
1067551
1067567
1067599
1067678
1067687
1067740
1067756
1067764
1067768
1067799
1067815
1067896
1068000
1068001
1068002
1068004
1068008
1068016
1068063
1068079
1068087
1068125
1068126
1068190
1068268
1068504
1068528
1068768
1068769
1068770
1068772
1068776
1068784
1068896
1068897
1068898
1068900
1068904
1068976
1069008
1069024
1069111
1069119
1069175
1069181
1069182
1069239
1069246
1069278
1069308
1069359
1069367
1069371
1069373
1069403
1069405
1069406
1069430
1069436
1069469
1069560
1069623
1069647
1069692
1069735
1069816
1069847
1069863
1069944
1070040
1070111
1070127
1070135
1070173
1070320
1070321
1070322
1070324
1070396
1070520
1070552
1070568
1070576
1070816
1070817
1070818
1070820
1070824
1070832
1070944
1070945
1070946
1070948
1070952
1071008
1071009
1071010
1071012
1071016
1071072
1071135
1071151
1071159
1071292
1071420
1071576
1071600
1072096
1072368
1072608
1072864
1072896
1072897
1072898
1072899
1072900
1072901
1072902
1072904
1072905
1072906
1072908
1072912
1072913
1072914
1072916
1072920
1072928
1072929
1072930
1072932
1072936
1072944
1072960
1072961
1072962
1072964
1072968
1072976
1072992
1073056
1073088
1073215
1073271
1073277
1073278
1073342
1073374
1073404
1073455
1073467
1073469
1073499
1073501
1073502
1073532
1073565
1073596
1073656
1073743
1073831
1073900
1073904
1073905
1073906
1073908
1073912
1073943
1073959
1074040
1074160
1074207
1074223
1074231
1074269
1074416
1074417
1074418
1074420
1074424
1074648
1074672
1074928
1075040
1075041
1075042
1075044
1075048
1075056
1075120
1075168
1075231
1075247
1075696
1075952
1076080
1076144
1076176
1076192
1076464
1076960
1076993
1076995
1076997
1077001
1077009
1077025
1077057
1077088
1077303
1077624
1077880
1078000
1078192
1078512
1079008
1079136
1079168
1079169
1079170
1079172
1079176
1079184
1079200
1080256
1080704
1080705
1080706
1080708
1080712
1080720
1080736
1080832
1080833
1080834
1080835
1080836
1080837
1080838
1080840
1080841
1080842
1080844
1080848
1080849
1080850
1080852
1080856
1080864
1080865
1080866
1080868
1080872
1080880
1080896
1080897
1080898
1080900
1080904
1080912
1080928
1080960
1080961
1080962
1080964
1080968
1080976
1080992
1081024
1081088
1081089
1081090
1081092
1081096
1081104
1081120
1081152
1081216
1081407
1081463
1081469
1081470
1081471
1081535
1081591
1081597
1081598
1081647
1081659
1081661
1081663
1081691
1081693
1081694
1081695
1081711
1081719
1081723
1081725
1081726
1081757
1081759
1081775
1081787
1081788
1081789
1081819
1081821
1081822
1081846
1081848
1081849
1081850
1081852
1081919
1081935
1081951
1081967
1081975
1081981
1081982
1082023
1082031
1082039
1082063
1082087
1082104
1082105
1082106
1082135
1082143
1082151
1082159
1082167
1082171
1082173
1082191
1082199
1082203
1082205
1082206
1082215
1082263
1082269
1082279
1082300
1082348
1082352
1082353
1082354
1082356
1082360
1082399
1082415
1082423
1082431
1082461
1082463
1082479
1082487
1082493
1082494
1082527
1082543
1082551
1082558
1082589
1082606
1082614
1082655
1082671
1082679
1082683
1082685
1082715
1082717
1082718
1082734
1082742
1082746
1082781
1082812
1082864
1082865
1082866
1082868
1082872
1082911
1082927
1082935
1082959
1082973
1082998
1083047
1083120
1083121
1083122
1083124
1083128
1083159
1083175
1083256
1083352
1083368
1083376
1083423
1083439
1083455
1083487
1083503
1083511
1083517
1083518
1083551
1083567
1083679
1083695
1083707
1083709
1083710
1083739
1083741
1083742
1083772
1083805
1083836
1083868
1083884
1083896
1083935
1083951
1083983
1084062
1084071
1084124
1084140
1084148
1084152
1084183
1084199
1084336
1084337
1084338
1084340
1084400
1084447
1084463
1084471
1084509
1084510
1084574
1084652
1084912
1085168
1085360
1085392
1085408
1085495
1085503
1085559
1085565
1085566
1085623
1085630
1085662
1085743
1085751
1085755
1085757
1085787
1085789
1085790
1085814
1085853
1085884
1085944
1086007
1086031
1086076
1086119
1086200
1086231
1086247
1086392
1086424
1086432
1086433
1086434
1086436
1086440
1086448
1086495
1086511
1086519
1086780
1086904
1086936
1086952
1086960
1087216
1087424
1087425
1087426
1087428
1087432
1087440
1087456
1087519
1087535
1087543
1087676
1087804
1087960
1088432
1088480
1088960
1088961
1088962
1088964
1088968
1088976
1088992
1089216
1089217
1089218
1089220
1089224
1089232
1089376
1089440
1089472
1089599
1089655
1089661
1089662
1089726
1089788
1089839
1089851
1089853
1089883
1089885
1089886
1089916
1089949
1089980
1090040
1090127
1090215
1090284
1090296
1090327
1090343
1090544
1090591
1090607
1090615
1090653
1090808
1091056
1091312
1091440
1091504
1091615
1091631
1092064
1092065
1092066
1092068
1092072
1092216
1092464
1092528
1092560
1092576
1093056
1093057
1093058
1093060
1093064
1093072
1093088
1093312
1093313
1093314
1093316
1093320
1093328
1093440
1093441
1093442
1093444
1093448
1093456
1093568
1093687
1094008
1094264
1094576
1094624
1095552
1095553
1095554
1095556
1095560
1095568
1095584
1095616
1096160
1096640
1097152
1097216
1097217
1097218
1097219
1097220
1097221
1097222
1097224
1097225
1097226
1097228
1097232
1097233
1097234
1097236
1097240
1097248
1097249
1097250
1097252
1097256
1097264
1097280
1097281
1097282
1097284
1097288
1097296
1097312
1097344
1097345
1097346
1097348
1097352
1097360
1097376
1097408
1097472
1097473
1097474
1097476
1097480
1097488
1097504
1097536
1097600
1097791
1097847
1097853
1097854
1097950
1097980
1098031
1098043
1098045
1098075
1098077
1098078
1098108
1098141
1098172
1098232
1098319
1098407
1098488
1098519
1098535
1098736
1098783
1098799
1098807
1098845
1099224
1099232
1099233
1099234
1099236
1099240
1099248
1099504
1099744
1099807
1099823
1100256
1100257
1100258
1100260
1100264
1100272
1100720
1100768
1101280
1101504
1101505
1101506
1101508
1101512
1101520
1101536
1101664
1101760
1101879
1102816
1103088
1103328
1103584
1103712
1103776
1103808
1104352
1105344
1105408
1105410
1105411
1105412
1105414
1105416
1105417
1105418
1105420
1105424
1105425
1105426
1105428
1105432
1105440
1105442
1105444
1105448
1105456
1105472
1105473
1105474
1105476
1105480
1105488
1105504
1105536
1105537
1105538
1105540
1105544
1105552
1105568
1105600
1105664
1105665
1105666
1105668
1105672
1105680
1105696
1105728
1106672
1107184
1107424
1107808
1108448
1109440
1109696
1109760
1109761
1109762
1109764
1109768
1109776
1109792
1109824
1111936
1112833
1112836
1112840
1112848
1112864
1112896
1113090
1113091
1113093
1113094
1113097
1113098
1113106
1113121
1113122
1113153
1113154
1113217
1113218
1113344
1113345
1113346
1113348
1113352
1113360
1113376
1113408
1113472
1113600
1113601
1113602
1113604
1113608
1113616
1113632
1113664
1113728
1113856
1114175
1114231
1114237
1114238
1114239
1114303
1114359
1114365
1114366
1114415
1114427
1114429
1114431
1114459
1114461
1114462
1114463
1114479
1114487
1114491
1114493
1114494
1114525
1114527
1114543
1114555
1114557
1114587
1114589
1114590
1114614
1114618
1114620
1114687
1114703
1114719
1114735
1114743
1114749
1114750
1114791
1114799
1114807
1114831
1114855
1114903
1114911
1114919
1114927
1114935
1114939
1114941
1114959
1114967
1114971
1114973
1114974
1114983
1115000
1115001
1115002
1115031
1115037
1115047
1115068
1115116
1115120
1115121
1115122
1115124
1115128
1115167
1115183
1115191
1115199
1115229
1115231
1115247
1115255
1115261
1115262
1115295
1115311
1115319
1115326
1115357
1115374
1115382
1115423
1115439
1115447
1115453
1115483
1115485
1115486
1115502
1115510
1115514
1115549
1115632
1115633
1115634
1115636
1115679
1115695
1115703
1115727
1115741
1115766
1115927
1115943
1116024
1116120
1116128
1116129
1116130
1116132
1116136
1116144
1116191
1116207
1116223
1116255
1116271
1116279
1116285
1116286
1116319
1116335
1116447
1116463
1116475
1116477
1116478
1116507
1116509
1116510
1116540
1116573
1116636
1116652
1116703
1116719
1116751
1116830
1116839
1116892
1116908
1116916
1116951
1116967
1117048
1117152
1117153
1117154
1117156
1117160
1117168
1117215
1117231
1117277
1117278
1117342
1117420
1117664
1117665
1117666
1117668
1117672
1117680
1117936
1118128
1118160
1118176
1118263
1118271
1118327
1118333
1118334
1118391
1118398
1118430
1118511
1118519
1118523
1118525
1118555
1118557
1118558
1118582
1118621
1118775
1118799
1118844
1118887
1118968
1118999
1119015
1119096
1119160
1119192
1119216
1119263
1119279
1119287
1119325
1119548
1119672
1119704
1119720
1119728
1120096
1120097
1120098
1120100
1120104
1120224
1120287
1120303
1120311
1120444
1120572
1120728
1121248
1121760
1122144
1122208
1122240
1122367
1122423
1122429
1122430
1122494
1122556
1122607
1122619
1122621
1122651
1122653
1122654
1122684
1122717
1122748
1122895
1122983
1123052
1123095
1123111
1123192
1123312
1123359
1123375
1123383
1123421
1123576
1123824
1124208
1124272
1124288
1124289
1124290
1124292
1124296
1124304
1124320
1124383
1124399
1124984
1125232
1125296
1125328
1125344
1125856
1126272
1126273
1126274
1126276
1126280
1126288
1126304
1126336
1126455
1126776
1127032
1127344
1128288
1128320
1128321
1128322
1128324
1128328
1128336
1128352
1128384
1129344
1129345
1129346
1129348
1129352
1129360
1129376
1129408
1129856
1129857
1129858
1129860
1129864
1129872
1129888
1130176
1130240
1130241
1130242
1130244
1130248
1130256
1130272
1130304
1130368
1130559
1130615
1130621
1130622
1130718
1130799
1130811
1130813
1130843
1130845
1130846
1130876
1130909
1131000
1131087
1131175
1131256
1131287
1131303
1131384
1131504
1131551
1131567
1131575
1131613
1131992
1132016
1132512
1132575
1132591
1133040
1133536
1134048
1134304
1134432
1134647
1135552
1135553
1135554
1135556
1135560
1135568
1135856
1136352
1136480
1136576
1137536
1137537
1137538
1137540
1137544
1137552
1137568
1137600
1138049
1138050
1138052
1138056
1138064
1138080
1138304
1138305
1138306
1138308
1138312
1138320
1138336
1138432
1138433
1138434
1138436
1138440
1138448
1138464
1138496
1138560
1139440
1139952
1140576
1140672
1142529
1142656
1143744
1144320
1144321
1144323
1144324
1144325
1144326
1144328
1144329
1144330
1144332
1144336
1144337
1144340
1144344
1144352
1144353
1144354
1144356
1144360
1144368
1144384
1144385
1144386
1144388
1144392
1144400
1144416
1144448
1144449
1144450
1144452
1144456
1144464
1144480
1144512
1144704
1144833
1144835
1144837
1144839
1144841
1144843
1144845
1144849
1144851
1144853
1144857
1144865
1144867
1144869
1144873
1144881
1144897
1144899
1144901
1144905
1144913
1144929
1144961
1144963
1144965
1144969
1144977
1144993
1145025
1145089
1145091
1145093
1145097
1145105
1145121
1145153
1145217
1145345
1145347
1145349
1145353
1145361
1145377
1145409
1145473
1145601
1145728
1145857
1145858
1145859
1145861
1145862
1145865
1145866
1145873
1145874
1145889
1145890
1145921
1145922
1145985
1145986
1146113
1146114
1146240
1146368
1146369
1146370
1146372
1146376
1146384
1146400
1146432
1146496
1146624
1146943
1146999
1147005
1147006
1147183
1147195
1147197
1147227
1147229
1147230
1147293
1147324
1147384
1147471
1147559
1147640
1147671
1147687
1147768
1147888
1147935
1147951
1147959
1147997
1148400
1148656
1148959
1148975
1149872
1149888
1149889
1149890
1149892
1149896
1149904
1149920
1150432
1150912
1151031
1151936
1151937
1151938
1151940
1151944
1151952
1151968
1152864
1152960
1153984
1154432
1154433
1154434
1154436
1154440
1154448
1154464
1154496
1154752
1154944
1157056
1157600
1158080
1158592
1158848
1158976
1159040
1160128
1161088
1162112
1162241
1162244
1162245
1162246
1162249
1162252
1162257
1162260
1162273
1162276
1162305
1162308
1162369
1162372
1162497
1162500
1162624
1162752
1162753
1162754
1162756
1162760
1162768
1162784
1162816
1162880
1163008
1164768
1165792
1167040
1168320
1170304
1170816
1170944
1170945
1170946
1170948
1170952
1170960
1170976
1171008
1171072
1171200
1175296
1177088
1177089
1177090
1177092
1177096
1177104
1177120
1177152
1177216
1177601
1177602
1177603
1177604
1177605
1177606
1177609
1177610
1177612
1177617
1177618
1177633
1177634
1177636
1177665
1177666
1177668
1177729
1177730
1177732
1177857
1177858
1177860
1178112
1178113
1178114
1178116
1178120
1178128
1178144
1178176
1178240
1178368
1178624
1178625
1178626
1178628
1178632
1178640
1178656
1178688
1178752
1178880
1179136
1179711
1179767
1179773
1179774
1179775
1179839
1179895
1179901
1179902
1179951
1179963
1179965
1179967
1179995
1179997
1179998
1179999
1180015
1180023
1180027
1180029
1180030
1180061
1180063
1180079
1180091
1180093
1180123
1180125
1180126
1180150
1180154
1180156
1180223
1180239
1180255
1180271
1180279
1180285
1180286
1180327
1180335
1180343
1180367
1180391
1180439
1180447
1180455
1180463
1180471
1180475
1180477
1180495
1180503
1180507
1180509
1180510
1180519
1180567
1180573
1180583
1180604
1180652
1180660
1180664
1180703
1180719
1180727
1180735
1180765
1180767
1180783
1180791
1180797
1180798
1180831
1180847
1180855
1180862
1180893
1180910
1180918
1180959
1180975
1180983
1180987
1180989
1181019
1181021
1181022
1181038
1181046
1181050
1181085
1181215
1181231
1181239
1181263
1181277
1181302
1181351
1181424
1181425
1181426
1181428
1181463
1181479
1181560
1181656
1181664
1181665
1181666
1181668
1181672
1181680
1181727
1181743
1181759
1181791
1181807
1181815
1181821
1181822
1181855
1181871
1181983
1181999
1182011
1182013
1182014
1182043
1182045
1182046
1182076
1182109
1182172
1182188
1182239
1182255
1182287
1182366
1182375
1182428
1182444
1182452
1182487
1182503
1182688
1182689
1182690
1182692
1182696
1182751
1182767
1182775
1182813
1182814
1182878
1182956
1183472
1183664
1183680
1183681
1183682
1183684
1183688
1183696
1183712
1183799
1183807
1183863
1183869
1183870
1183927
1183934
1183966
1184047
1184055
1184059
1184061
1184091
1184093
1184094
1184118
1184157
1184311
1184335
1184380
1184423
1184504
1184535
1184551
1184696
1184728
1184799
1184815
1184823
1184861
1185084
1185208
1185240
1185256
1185520
1185728
1185729
1185730
1185732
1185736
1185744
1185760
1185823
1185839
1185847
1185980
1186108
1186264
1186752
1186753
1186754
1186756
1186760
1186768
1186784
1187296
1187680
1187744
1187776
1187903
1187959
1187965
1187966
1188030
1188092
1188143
1188155
1188157
1188187
1188189
1188190
1188220
1188253
1188284
1188431
1188519
1188588
1188631
1188647
1188895
1188911
1188919
1188957
1189112
1189360
1189616
1189744
1189808
1189856
1189935
1190520
1190768
1190832
1190864
1190880
1191616
1191617
1191618
1191620
1191624
1191632
1191872
1191991
1192312
1192568
1192880
1193856
1193857
1193858
1193860
1193864
1193872
1193888
1193920
1194944
1195712
1195776
1195777
1195780
1195784
1195792
1195808
1195840
1195904
1196095
1196151
1196157
1196158
1196254
1196284
1196335
1196347
1196349
1196379
1196381
1196382
1196412
1196445
1196536
1196623
1196711
1196792
1196823
1196839
1196920
1197087
1197103
1197111
1197149
1197528
1197808
1198048
1198111
1198127
1198576
1199072
1199840
1199968
1200000
1200001
1200002
1200004
1200008
1200016
1200032
1200064
1200183
1201392
1201888
1202016
1202080
1202112
1203136
1203968
1203969
1203970
1203972
1203976
1203984
1204000
1204032
1204096
1204976
1205488
1206112
1208000
1208065
1208192
1210112
1210113
1210114
1210116
1210120
1210128
1210144
1210176
1210240
1210369
1210371
1210373
1210375
1210377
1210379
1210381
1210385
1210387
1210389
1210393
1210401
1210403
1210405
1210409
1210417
1210433
1210435
1210437
1210441
1210449
1210465
1210497
1210499
1210501
1210505
1210513
1210529
1210561
1210625
1210627
1210629
1210633
1210641
1210657
1210689
1210753
1210881
1210883
1210885
1210889
1210897
1210913
1210945
1211009
1211136
1211137
1211138
1211140
1211144
1211152
1211168
1211200
1211392
1211393
1211395
1211396
1211397
1211398
1211400
1211401
1211404
1211408
1211409
1211410
1211412
1211416
1211424
1211425
1211426
1211428
1211432
1211440
1211456
1211457
1211458
1211460
1211464
1211472
1211488
1211520
1211521
1211522
1211524
1211528
1211536
1211552
1211584
1211648
1211649
1211650
1211652
1211656
1211664
1211680
1211712
1211776
1211904
1211905
1211906
1211908
1211912
1211920
1211936
1211968
1212032
1212160
1212479
1212535
1212541
1212542
1212719
1212731
1212733
1212763
1212765
1212766
1212829
1212860
1212920
1213007
1213095
1213176
1213207
1213223
1213424
1213471
1213487
1213495
1213533
1213936
1214192
1214432
1214495
1214511
1215456
1216448
1216567
1217504
1218496
1219520
1220032
1220288
1222528
1222529
1222530
1222532
1222536
1222544
1222560
1223136
1224128
1224384
1224512
1224576
1226496
1226497
1226498
1226500
1226504
1226512
1226528
1226560
1226624
1227520
1227521
1227522
1227524
1227528
1227536
1227552
1227584
1228032
1228033
1228034
1228036
1228040
1228048
1228064
1228096
1228288
1228289
1228290
1228292
1228296
1228304
1228320
1228352
1228416
1228544
1230304
1231328
1232576
1232768
1236480
1236482
1236484
1236488
1236496
1236512
1236544
1236608
1236736
1238912
1240065
1240067
1240069
1240073
1240081
1240097
1240129
1240193
1240321
1240832
1241095
1241107
1241155
1241219
1241347
1241603
1242880
1243136
1243137
1243138
1243139
1243140
1243141
1243142
1243144
1243145
1243146
1243148
1243152
1243153
1243154
1243156
1243160
1243168
1243169
1243170
1243172
1243176
1243184
1243200
1243201
1243202
1243204
1243208
1243216
1243232
1243264
1243265
1243266
1243268
1243272
1243280
1243296
1243328
1243392
1243393
1243394
1243396
1243400
1243408
1243424
1243456
1243520
1243648
1243649
1243650
1243652
1243656
1243664
1243680
1243712
1243776
1243904
1244160
1244161
1244162
1244164
1244168
1244176
1244192
1244224
1244288
1244416
1244672
1245247
1245303
1245309
1245310
1245487
1245499
1245501
1245531
1245533
1245534
1245597
1245775
1245863
1245975
1245991
1246072
1246192
1246239
1246255
1246263
1246301
1246704
1246960
1247200
1247263
1247279
1248224
1248736
1249216
1249335
1251168
1251200
1251201
1251202
1251204
1251208
1251216
1251232
1251264
1252288
1253248
1255296
1255297
1255298
1255300
1255304
1255312
1255328
1255360
1257152
1257344
1259392
1260288
1260289
1260290
1260292
1260296
1260304
1260320
1260352
1260416
1260928
1261312
1265536
1266624
1267584
1268608
1269120
1269376
1269504
1271680
1275392
1275393
1275394
1275396
1275400
1275408
1275424
1275456
1275520
1275648
1275905
1275906
1275907
1275909
1275910
1275912
1275913
1275914
1275916
1275921
1275922
1275928
1275937
1275938
1275944
1275969
1275970
1275976
1276033
1276034
1276040
1276161
1276162
1276168
1276417
1276418
1276424
1276672
1276928
1276929
1276930
1276932
1276936
1276944
1276960
1276992
1277056
1277184
1277440
1280960
1283008
1283968
1285504
1288064
1290241
1290245
1290249
1290251
1290253
1290257
1290259
1290261
1290265
1290273
1290275
1290277
1290281
1290289
1290305
1290307
1290309
1290313
1290321
1290337
1290369
1290371
1290373
1290377
1290385
1290401
1290433
1290497
1290499
1290501
1290505
1290513
1290529
1290561
1290625
1290753
1290755
1290757
1290761
1290769
1290785
1290817
1290881
1291009
1291265
1291267
1291269
1291273
1291281
1291297
1291329
1291393
1291521
1291777
1292032
1292288
1292289
1292292
1292293
1292294
1292296
1292297
1292298
1292300
1292304
1292305
1292306
1292308
1292312
1292320
1292321
1292322
1292324
1292328
1292336
1292352
1292353
1292354
1292356
1292360
1292368
1292384
1292416
1292417
1292420
1292424
1292432
1292448
1292480
1292544
1292545
1292546
1292548
1292552
1292560
1292576
1292608
1292672
1292800
1292801
1292802
1292804
1292808
1292816
1292832
1292864
1292928
1293056
1293312
1293313
1293314
1293316
1293320
1293328
1293344
1293376
1293440
1293568
1293824
1294346
1294347
1294348
1294349
1294350
1294351
1294364
1294365
1294366
1294378
1294379
1294380
1294381
1294382
1294394
1294396
1294410
1294411
1294412
1294413
1294414
1294428
1294442
1294444
1294474
1294475
1294476
1294477
1294478
1294490
1294492
1294506
1294508
1294538
1294540
1294602
1294603
1294604
1294605
1294606
1294618
1294620
1294634
1294636
1294666
1294668
1294730
1294732
1294858
1294859
1294860
1294861
1294862
1294874
1294876
1294890
1294892
1294922
1294924
1294986
1294988
1295114
1295116
1295370
1295371
1295372
1295373
1295374
1295388
1295402
1295404
1295434
1295436
1295498
1295500
1295626
1295628
1295882
1295884
1296394
1296395
1296396
1296397
1296398
1296410
1296412
1296426
1296428
1296458
1296460
1296522
1296524
1296650
1296652
1296906
1296908
1297418
1297420
1298442
1298443
1298444
1298445
1298446
1298458
1298460
1298474
1298476
1298506
1298508
1298570
1298572
1298698
1298700
1298954
1298956
1299466
1299468
1300480
1300481
1300482
1300483
1300484
1300485
1300486
1300488
1300489
1300490
1300492
1300496
1300497
1300498
1300500
1300504
1300512
1300513
1300514
1300516
1300520
1300528
1300544
1300545
1300546
1300548
1300552
1300560
1300576
1300608
1300609
1300610
1300612
1300616
1300624
1300640
1300672
1300736
1300737
1300738
1300740
1300744
1300752
1300768
1300800
1300864
1300992
1300993
1300994
1300996
1301000
1301008
1301024
1301056
1301120
1301248
1302016
1302532
1302533
1302534
1302535
1302540
1302541
1302542
1302550
1302556
1302564
1302565
1302566
1302572
1302580
1302596
1302597
1302598
1302604
1302628
1302660
1302661
1302662
1302668
1302676
1302692
1302724
1302788
1302789
1302790
1302796
1302804
1302820
1302852
1302916
1303044
1303045
1303046
1303052
1303060
1303076
1303108
1303172
1303300
1303556
1303557
1303558
1303564
1303572
1303588
1303620
1303684
1303812
1304068
1304580
1304581
1304582
1304588
1304596
1304612
1304644
1304708
1304836
1305092
1305600
1305601
1305604
1305608
1305616
1305632
1305664
1305728
1305856
1306625
1306627
1306628
1306629
1306632
1306633
1306634
1306636
1306641
1306644
1306648
1306657
1306660
1306664
1306689
1306692
1306696
1306753
1306756
1306760
1306881
1306884
1306888
1307137
1307140
1307144
1307648
1307649
1307650
1307652
1307656
1307664
1307680
1307712
1307776
1307904
1308160
1308672
1308673
1308674
1308676
1308680
1308688
1308704
1308736
1308800
1308928
1309184
1309696
1310751
1310783
1310807
1310815
1310839
1310845
1310846
1310847
1310879
1310911
1310935
1310943
1310967
1310973
1310974
1311007
1311023
1311035
1311037
1311039
1311067
1311069
1311070
1311071
1311087
1311095
1311099
1311101
1311102
1311133
1311135
1311151
1311163
1311165
1311191
1311195
1311197
1311198
1311222
1311226
1311228
1311263
1311295
1311311
1311319
1311327
1311343
1311351
1311357
1311358
1311391
1311399
1311407
1311415
1311439
1311447
1311463
1311511
1311519
1311527
1311535
1311543
1311547
1311549
1311567
1311575
1311579
1311581
1311582
1311591
1311645
1311655
1311676
1311724
1311732
1311736
1311775
1311791
1311799
1311807
1311831
1311837
1311839
1311855
1311863
1311869
1311870
1311903
1311919
1311927
1311934
1311959
1311965
1311982
1311990
1312031
1312047
1312055
1312059
1312061
1312091
1312093
1312094
1312110
1312118
1312122
1312157
1312287
1312303
1312311
1312335
1312343
1312349
1312374
1312423
1312535
1312551
1312632
1312728
1312744
1312752
1312799
1312815
1312831
1312855
1312863
1312879
1312887
1312893
1312894
1312927
1312943
1312983
1313055
1313071
1313083
1313085
1313086
1313111
1313115
1313117
1313118
1313148
1313181
1313244
1313260
1313311
1313327
1313359
1313367
1313438
1313447
1313500
1313516
1313524
1313559
1313575
1313823
1313839
1313847
1313879
1313885
1313886
1313950
1314028
1314272
1314273
1314274
1314276
1314280
1314544
1314736
1314753
1314754
1314756
1314768
1314784
1314847
1314871
1314879
1314903
1314911
1314935
1314941
1314942
1314975
1314999
1315006
1315031
1315038
1315103
1315119
1315127
1315131
1315133
1315163
1315165
1315166
1315190
1315229
1315359
1315383
1315407
1315415
1315452
1315495
1315576
1315607
1315623
1315768
1315800
1315871
1315887
1315895
1315927
1315933
1316156
1316280
1316312
1316328
1316800
1316801
1316802
1316804
1316808
1316816
1316895
1316911
1316919
1316951
1317052
1317180
1317336
1318368
1318752
1318784
1318785
1318786
1318788
1318792
1318800
1318816
1318848
1318943
1318975
1318999
1319007
1319031
1319037
1319038
1319071
1319102
1319127
1319164
1319199
1319215
1319227
1319229
1319255
1319259
1319261
1319262
1319292
1319325
1319356
1319455
1319503
1319511
1319591
1319660
1319703
1319719
1319967
1319983
1319991
1320023
1320029
1320184
1320432
1320816
1320880
1320991
1321007
1321047
1321592
1321840
1321904
1321936
1322464
1322880
1322881
1322882
1322884
1322888
1322896
1322912
1322944
1323039
1323063
1323095
1323384
1323640
1323952
1324928
1324929
1324930
1324932
1324936
1324944
1324960
1324992
1326016
1326848
1326849
1326850
1326852
1326856
1326864
1326880
1326912
1326976
1327135
1327167
1327191
1327199
1327223
1327229
1327230
1327263
1327319
1327326
1327356
1327391
1327407
1327419
1327421
1327447
1327451
1327453
1327454
1327484
1327517
1327608
1327647
1327695
1327703
1327783
1327864
1327895
1327911
1327992
1328159
1328175
1328183
1328215
1328221
1328600
1329183
1329199
1329239
1329648
1330144
1330656
1330912
1331040
1331136
1331231
1331255
1331287
1332464
1332960
1333088
1333152
1333184
1334657
1334658
1334664
1334672
1334688
1335040
1335041
1335042
1335044
1335048
1335056
1335072
1335104
1335168
1335327
1335383
1336048
1336560
1337184
1339137
1339264
1341312
1342848
1342976
1342977
1342978
1342980
1342984
1342992
1343008
1343040
1343104
1343232
1343519
1343551
1343575
1343583
1343607
1343613
1343614
1343647
1343703
1343775
1343791
1343803
1343805
1343831
1343835
1343837
1343838
1343901
1343932
1343992
1344031
1344079
1344087
1344167
1344248
1344279
1344295
1344496
1344543
1344559
1344567
1344599
1344605
1345008
1345264
1345567
1345583
1345623
1346480
1347040
1347615
1347639
1347671
1348576
1349568
1351104
1351360
1351425
1351428
1351432
1351440
1351456
1351488
1351552
1351711
1351767
1354208
1355200
1355456
1355584
1355648
1357696
1359360
1359361
1359362
1359364
1359368
1359376
1359392
1359424
1359488
1359616
1359903
1359959
1361376
1362400
1363648
1367424
1367552
1367553
1367554
1367556
1367560
1367568
1367584
1367616
1367680
1367808
1371649
1371650
1371652
1371656
1371664
1371712
1371776
1371904
1372162
1372163
1372167
1372170
1372171
1372174
1372178
1372179
1372186
1372194
1372195
1372198
1372202
1372210
1372226
1372227
1372230
1372234
1372242
1372258
1372290
1372291
1372294
1372298
1372306
1372322
1372354
1372418
1372419
1372426
1372434
1372450
1372482
1372546
1372674
1372675
1372678
1372682
1372690
1372706
1372738
1372802
1372930
1373186
1373187
1373190
1373194
1373202
1373218
1373250
1373314
1373442
1373696
1373697
1373698
1373700
1373704
1373712
1373728
1373760
1373824
1374209
1374211
1374213
1374217
1374225
1374241
1374273
1374337
1374465
1374721
1375234
1375488
1375744
1376287
1376319
1376343
1376351
1376375
1376381
1376382
1376415
1376471
1376543
1376559
1376571
1376573
1376599
1376603
1376605
1376606
1376669
1376799
1376847
1376855
1376935
1377047
1377063
1377144
1377264
1377311
1377327
1377335
1377367
1377373
1377776
1378272
1378335
1378351
1378391
1379296
1379808
1380288
1380383
1380407
1380439
1382240
1382336
1384320
1384479
1384535
1388416
1390464
1391488
1391616
1391618
1391619
1391620
1391622
1391624
1391625
1391626
1391628
1391632
1391633
1391634
1391636
1391640
1391648
1391649
1391650
1391652
1391656
1391664
1391680
1391682
1391684
1391688
1391696
1391712
1391744
1391745
1391746
1391748
1391752
1391760
1391776
1391808
1391872
1391873
1391874
1391876
1391880
1391888
1391904
1391936
1392000
1392384
1392671
1392727
1396480
1396481
1396482
1396484
1396488
1396496
1396512
1396544
1397696
1399680
1400576
1404416
1404417
1404418
1404420
1404424
1404432
1404448
1404480
1404544
1404672
1406464
1406465
1406468
1406472
1406480
1406496
1406528
1406592
1406977
1406979
1406981
1406985
1406993
1407009
1407041
1407105
1407233
1407489
1407492
1407504
1407520
1407552
1407616
1408000
1408001
1408002
1408004
1408008
1408016
1408032
1408064
1408128
1408256
1408512
1409055
1409111
1412032
1414080
1416576
1423360
1423361
1423362
1423363
1423364
1423365
1423366
1423368
1423369
1423370
1423372
1423376
1423377
1423378
1423380
1423384
1423392
1423393
1423394
1423396
1423400
1423408
1423424
1423425
1423426
1423428
1423432
1423440
1423456
1423488
1423489
1423490
1423492
1423496
1423504
1423520
1423552
1423616
1423617
1423618
1423620
1423624
1423632
1423648
1423680
1423744
1423872
1423873
1423874
1423876
1423880
1423888
1423904
1423936
1424000
1424128
1424384
1424385
1424386
1424388
1424392
1424400
1424416
1424448
1424512
1424640
1424896
1429248
1431552
1431553
1431554
1431555
1431556
1431557
1431558
1431561
1431564
1431568
1431569
1431570
1431572
1431576
1431584
1431585
1431586
1431588
1431592
1431600
1431616
1431617
1431618
1431620
1431624
1431632
1431648
1431680
1431681
1431682
1431684
1431688
1431696
1431712
1431744
1431808
1431809
1431810
1431812
1431816
1431824
1431840
1431872
1431936
1432064
1432065
1432066
1432068
1432072
1432080
1432096
1432128
1432192
1432320
1433088
1433606
1433614
1433622
1433638
1433670
1433734
1433862
1434118
1434630
1435648
1435649
1435651
1435652
1435653
1435654
1435656
1435657
1435660
1435664
1435665
1435666
1435668
1435672
1435680
1435681
1435684
1435688
1435696
1435712
1435713
1435714
1435716
1435720
1435728
1435744
1435776
1435777
1435778
1435780
1435784
1435792
1435808
1435840
1435904
1435905
1435906
1435908
1435912
1435920
1435936
1435968
1436032
1436160
1436161
1436162
1436164
1436168
1436176
1436192
1436224
1436288
1436416
1437697
1437698
1437699
1437700
1437701
1437702
1437704
1437705
1437706
1437708
1437713
1437714
1437716
1437720
1437729
1437730
1437732
1437736
1437761
1437762
1437764
1437768
1437825
1437826
1437828
1437832
1437953
1437954
1437956
1437960
1438209
1438210
1438212
1438216
1438721
1438722
1438724
1438728
1439232
1439744
1439745
1439746
1439748
1439752
1439760
1439776
1439808
1439872
1440000
1440256
1440768
1441807
1441823
1441831
1441835
1441839
1441843
1441847
1441851
1441855
1441871
1441887
1441895
1441899
1441903
1441911
1441915
1441917
1441918
1441931
1441935
1441947
1441951
1441959
1441963
1441967
1441971
1441975
1441979
1441995
1441999
1442011
1442023
1442027
1442079
1442087
1442091
1442095
1442099
1442103
1442107
1442109
1442139
1442141
1442142
1442151
1442155
1442163
1442187
1442191
1442203
1442205
1442215
1442219
1442227
1442251
1442319
1442335
1442343
1442351
1442355
1442359
1442363
1442383
1442407
1442411
1442419
1442447
1442459
1442471
1442483
1442507
1442575
1442583
1442599
1442603
1442611
1442699
1442831
1442847
1442855
1442859
1442863
1442867
1442871
1442875
1442895
1442909
1442919
1442923
1442931
1442955
1442959
1442971
1442983
1442987
1442995
1443019
1443111
1443115
1443123
1443211
1443343
1443367
1443371
1443379
1443467
1443568
1443808
1443855
1443871
1443879
1443883
1443887
1443891
1443895
1443899
1443919
1443943
1443947
1443955
1443979
1443983
1443995
1444007
1444011
1444019
1444043
1444111
1444135
1444139
1444147
1444235
1444367
1444391
1444395
1444403
1444491
1444832
1444879
1444903
1444907
1444915
1445003
1445344
1445824
1445903
1445919
1445927
1445931
1445935
1445939
1445943
1445947
1445967
1445991
1445995
1446003
1446027
1446031
1446043
1446055
1446059
1446067
1446091
1446159
1446183
1446187
1446195
1446283
1446415
1446439
1446443
1446451
1446927
1446951
1446955
1446963
1447051
1447872
1447951
1447975
1447979
1447987
1448075
1449856
1449999
1450015
1450023
1450027
1450031
1450035
1450039
1450043
1450063
1450087
1450091
1450099
1450123
1450127
1450139
1450151
1450155
1450163
1450187
1450255
1450279
1450283
1450291
1450379
1450511
1450535
1450539
1450547
1450635
1451023
1451047
1451051
1451059
1451147
1452047
1452071
1452075
1452083
1452171
1453760
1453824
1453825
1453826
1453828
1453832
1453840
1453856
1453888
1453952
1454095
1454119
1454123
1454131
1454219
1456000
1457920
1458191
1458207
1458215
1458219
1458223
1458227
1458231
1458235
1458255
1458279
1458283
1458291
1458315
1458319
1458331
1458343
1458347
1458355
1458379
1458447
1458471
1458475
1458483
1458571
1458703
1458727
1458731
1458739
1458827
1459215
1459239
1459243
1459251
1459339
1460239
1460263
1460267
1460275
1460363
1462016
1462017
1462018
1462020
1462024
1462032
1462048
1462080
1462144
1462287
1462311
1462315
1462323
1462411
1465728
1466112
1466383
1466407
1466411
1466419
1466507
1470208
1472000
1472001
1472002
1472004
1472008
1472016
1472032
1472064
1472128
1472256
1472513
1472515
1472517
1472521
1472529
1472545
1472577
1472641
1472769
1473025
1473280
1473536
1473537
1473540
1473544
1473552
1473568
1473600
1473664
1473792
1474048
1474575
1474591
1474599
1474603
1474607
1474611
1474615
1474619
1474639
1474663
1474667
1474675
1474699
1474703
1474715
1474727
1474731
1474739
1474763
1474831
1474855
1474859
1474867
1474955
1475087
1475111
1475115
1475123
1475211
1475599
1475623
1475627
1475635
1475723
1476623
1476647
1476651
1476659
1476747
1478671
1478695
1478699
1478707
1478795
1482496
1482767
1482791
1482795
1482803
1482891
1486592
1488640
1489664
1490176
1490432
1490959
1490983
1490987
1490995
1491083
1494784
1498624
1499138
1499139
1499142
1499143
1499146
1499147
1499150
1499154
1499155
1499158
1499162
1499170
1499171
1499174
1499178
1499186
1499202
1499203
1499206
1499210
1499218
1499234
1499266
1499267
1499270
1499274
1499282
1499298
1499330
1499394
1499395
1499398
1499402
1499410
1499426
1499458
1499522
1499650
1499651
1499654
1499658
1499666
1499682
1499714
1499778
1499906
1500162
1500163
1500166
1500170
1500178
1500194
1500226
1500290
1500418
1500674
1501186
1501187
1501190
1501194
1501202
1501218
1501250
1501314
1501442
1501698
1502209
1502210
1502720
1503234
1503235
1503236
1503237
1503238
1503242
1503248
1503249
1503250
1503252
1503256
1503266
1503268
1503280
1503298
1503300
1503312
1503362
1503364
1503376
1503490
1503492
1503504
1503746
1503748
1503760
1504258
1504260
1504272
1504768
1505280
1505281
1505282
1505284
1505288
1505296
1505312
1505344
1505408
1505536
1505792
1506304
1507347
1507349
1507351
1507355
1507357
1507359
1507379
1507381
1507383
1507387
1507389
1507413
1507419
1507421
1507445
1507475
1507477
1507479
1507483
1507485
1507507
1507509
1507539
1507541
1507603
1507605
1507607
1507611
1507613
1507635
1507637
1507667
1507669
1507731
1507733
1507859
1507861
1507863
1507867
1507869
1507891
1507893
1507923
1507925
1507987
1507989
1508115
1508117
1508371
1508373
1508375
1508379
1508381
1508403
1508405
1508435
1508437
1508499
1508501
1508627
1508629
1508883
1508885
1509395
1509397
1509399
1509403
1509405
1509427
1509429
1509459
1509461
1509523
1509525
1509651
1509653
1509907
1509909
1510419
1510421
1511443
1511445
1511447
1511451
1511453
1511475
1511477
1511509
1511571
1511573
1511699
1511701
1511955
1511957
1512467
1512469
1513344
1513491
1513493
1515539
1515541
1515543
1515547
1515549
1515571
1515573
1515603
1515605
1515667
1515669
1515795
1515797
1516051
1516053
1516563
1516565
1517440
1517587
1517589
1519635
1519637
1522432
1522688
1522690
1522692
1522696
1522704
1522720
1522752
1522816
1522944
1523731
1523733
1523735
1523739
1523741
1523763
1523765
1523795
1523797
1523859
1523861
1523987
1523989
1524243
1524245
1524755
1524757
1525779
1525781
1527552
1527827
1527829
1531906
1531907
1531910
1531911
1531912
1531913
1531914
1531915
1531916
1531917
1531918
1531922
1531923
1531925
1531926
1531928
1531929
1531930
1531932
1531939
1531942
1531945
1531948
1531954
1531960
1531970
1531971
1531974
1531976
1531977
1531978
1531980
1531986
1531992
1532002
1532008
1532034
1532035
1532038
1532040
1532041
1532042
1532044
1532050
1532056
1532066
1532072
1532098
1532104
1532162
1532163
1532166
1532168
1532169
1532170
1532172
1532178
1532184
1532194
1532226
1532232
1532290
1532296
1532418
1532419
1532422
1532424
1532425
1532426
1532428
1532434
1532440
1532450
1532456
1532482
1532488
1532546
1532552
1532674
1532680
1532930
1532931
1532934
1532936
1532937
1532938
1532940
1532946
1532952
1532962
1532968
1532994
1533000
1533058
1533064
1533186
1533192
1533442
1533448
1533954
1533955
1533958
1533960
1533961
1533962
1533964
1533970
1533976
1533986
1533992
1534018
1534024
1534082
1534088
1534210
1534216
1534466
1534472
1534978
1534984
1535488
1536001
1536003
1536005
1536009
1536017
1536033
1536065
1536129
1536257
1536513
1537025
1537536
1538048
1538049
1538050
1538052
1538056
1538064
1538080
1538112
1538176
1538304
1538560
1539072
1540099
1540103
1540107
1540111
1540115
1540117
1540119
1540120
1540121
1540122
1540123
1540125
1540129
1540131
1540133
1540135
1540137
1540139
1540141
1540145
1540147
1540149
1540152
1540153
1540154
1540156
1540163
1540167
1540171
1540179
1540181
1540184
1540185
1540186
1540195
1540201
1540216
1540225
1540227
1540229
1540231
1540233
1540235
1540237
1540241
1540243
1540245
1540248
1540249
1540250
1540252
1540257
1540259
1540261
1540265
1540273
1540280
1540289
1540291
1540293
1540297
1540305
1540312
1540321
1540355
1540359
1540363
1540371
1540373
1540376
1540377
1540378
1540385
1540387
1540389
1540393
1540401
1540408
1540419
1540440
1540481
1540483
1540485
1540489
1540497
1540504
1540513
1540545
1540611
1540615
1540619
1540627
1540629
1540632
1540633
1540634
1540636
1540641
1540643
1540645
1540649
1540657
1540664
1540675
1540696
1540705
1540737
1540739
1540741
1540745
1540753
1540760
1540769
1540801
1540867
1540888
1540897
1540993
1541123
1541127
1541131
1541139
1541141
1541144
1541145
1541146
1541148
1541153
1541155
1541157
1541161
1541169
1541176
1541187
1541208
1541217
1541249
1541251
1541253
1541257
1541265
1541272
1541281
1541313
1541379
1541400
1541409
1541505
1541635
1541656
1541665
1541761
1542147
1542151
1542155
1542163
1542165
1542168
1542169
1542170
1542172
1542177
1542179
1542181
1542185
1542193
1542200
1542211
1542232
1542273
1542275
1542277
1542281
1542289
1542296
1542305
1542337
1542403
1542424
1542433
1542529
1542659
1542680
1542689
1542785
1543171
1543192
1543201
1543297
1544195
1544199
1544203
1544211
1544213
1544216
1544217
1544218
1544220
1544225
1544227
1544229
1544233
1544241
1544248
1544259
1544280
1544289
1544321
1544323
1544325
1544329
1544337
1544344
1544353
1544385
1544451
1544472
1544481
1544577
1544707
1544728
1544737
1544833
1545219
1545240
1545249
1545345
1546243
1546264
1546273
1546369
1548290
1548291
1548294
1548295
1548299
1548302
1548306
1548307
1548309
1548310
1548312
1548313
1548314
1548321
1548322
1548323
1548325
1548326
1548329
1548337
1548338
1548344
1548354
1548355
1548358
1548362
1548370
1548376
1548385
1548386
1548417
1548418
1548419
1548421
1548422
1548425
1548433
1548434
1548440
1548449
1548450
1548481
1548482
1548546
1548547
1548550
1548554
1548562
1548568
1548577
1548578
1548610
1548673
1548674
1548802
1548803
1548806
1548810
1548818
1548824
1548833
1548834
1548866
1548929
1548930
1549058
1549314
1549315
1549318
1549322
1549330
1549336
1549345
1549346
1549378
1549441
1549442
1549570
1549826
1550338
1550339
1550342
1550346
1550354
1550360
1550369
1550370
1550402
1550465
1550466
1550594
1550850
1551362
1552385
1552387
1552389
1552393
1552401
1552408
1552417
1552449
1552513
1552641
1552897
1553409
1554432
1554433
1554436
1554440
1554448
1554464
1554496
1554560
1554688
1554944
1555456
1556484
1556485
1556486
1556487
1556489
1556490
1556491
1556492
1556493
1556494
1556496
1556497
1556498
1556499
1556500
1556501
1556502
1556504
1556505
1556506
1556508
1556512
1556513
1556514
1556515
1556516
1556517
1556518
1556520
1556521
1556522
1556524
1556528
1556529
1556530
1556532
1556536
1556548
1556549
1556550
1556553
1556554
1556556
1556560
1556561
1556562
1556564
1556568
1556576
1556577
1556578
1556580
1556584
1556592
1556612
1556613
1556614
1556617
1556618
1556620
1556624
1556625
1556626
1556628
1556632
1556640
1556641
1556642
1556644
1556648
1556656
1556676
1556688
1556704
1556740
1556741
1556742
1556745
1556746
1556748
1556752
1556753
1556754
1556756
1556760
1556768
1556769
1556770
1556772
1556776
1556784
1556804
1556816
1556832
1556868
1556880
1556896
1556996
1556997
1556998
1557001
1557002
1557004
1557008
1557009
1557010
1557012
1557016
1557024
1557025
1557026
1557028
1557032
1557040
1557060
1557072
1557088
1557124
1557136
1557152
1557252
1557264
1557280
1557508
1557509
1557510
1557513
1557514
1557516
1557520
1557521
1557522
1557524
1557528
1557536
1557537
1557538
1557540
1557544
1557552
1557572
1557584
1557600
1557636
1557648
1557664
1557764
1557776
1557792
1558020
1558032
1558048
1558532
1558533
1558534
1558537
1558538
1558540
1558544
1558545
1558546
1558548
1558552
1558560
1558561
1558562
1558564
1558568
1558576
1558596
1558608
1558624
1558660
1558672
1558688
1558788
1558800
1558816
1559044
1559056
1559072
1559556
1559568
1559584
1560580
1560581
1560582
1560585
1560586
1560588
1560592
1560593
1560594
1560596
1560600
1560608
1560609
1560610
1560612
1560616
1560624
1560644
1560656
1560672
1560708
1560720
1560736
1560836
1560848
1560864
1561092
1561104
1561120
1561604
1561616
1561632
1562624
1562625
1562626
1562628
1562632
1562640
1562656
1562688
1562752
1562880
1563136
1564674
1564675
1564676
1564677
1564678
1564680
1564681
1564682
1564684
1564688
1564689
1564690
1564692
1564696
1564706
1564708
1564712
1564720
1564738
1564740
1564744
1564752
1564802
1564804
1564808
1564816
1564930
1564932
1564936
1564944
1565186
1565188
1565192
1565200
1565698
1565700
1565704
1565712
1566720
1566721
1566722
1566724
1566728
1566736
1566752
1566784
1566848
1566976
1567232
1567744
1568768
1568769
1568770
1568772
1568776
1568784
1568800
1568832
1568896
1569024
1569280
1569792
1570816
1572895
1572923
1572926
1572927
1572959
1572987
1572990
1572991
1573015
1573021
1573022
1573023
1573037
1573038
1573039
1573047
1573051
1573053
1573054
1573055
1573070
1573071
1573079
1573085
1573086
1573087
1573101
1573102
1573103
1573111
1573115
1573117
1573118
1573151
1573159
1573167
1573175
1573179
1573182
1573183
1573203
1573207
1573211
1573215
1573223
1573231
1573235
1573239
1573243
1573246
1573259
1573263
1573267
1573271
1573275
1573277
1573278
1573279
1573287
1573291
1573293
1573294
1573295
1573299
1573303
1573307
1573309
1573310
1573327
1573331
1573335
1573339
1573341
1573342
1573351
1573357
1573358
1573363
1573366
1573370
1573372
1573391
1573399
1573403
1573407
1573422
1573423
1573431
1573435
1573438
1573439
1573455
1573463
1573467
1573471
1573486
1573487
1573495
1573499
1573502
1573519
1573527
1573531
1573534
1573535
1573549
1573550
1573551
1573559
1573563
1573566
1573582
1573583
1573591
1573595
1573597
1573598
1573613
1573614
1573655
1573659
1573663
1573671
1573678
1573679
1573687
1573691
1573694
1573719
1573723
1573735
1573742
1573771
1573775
1573779
1573783
1573787
1573790
1573799
1573803
1573805
1573806
1573811
1573820
1573835
1573843
1573868
1573876
1573880
1573903
1573911
1573919
1573935
1573943
1573947
1573951
1573967
1573975
1573983
1573999
1574007
1574011
1574014
1574031
1574039
1574045
1574046
1574047
1574061
1574062
1574063
1574071
1574075
1574077
1574078
1574094
1574095
1574103
1574109
1574110
1574125
1574126
1574134
1574159
1574167
1574175
1574191
1574199
1574203
1574223
1574227
1574231
1574235
1574254
1574259
1574262
1574266
1574283
1574287
1574291
1574295
1574299
1574301
1574302
1574311
1574315
1574317
1574318
1574323
1574350
1574355
1574415
1574423
1574431
1574446
1574447
1574455
1574459
1574462
1574479
1574487
1574510
1574518
1574543
1574551
1574555
1574557
1574558
1574573
1574574
1574606
1574671
1574679
1574695
1574702
1574739
1574776
1574795
1574803
1574872
1574888
1574896
1574939
1574943
1574971
1574974
1574975
1575003
1575007
1575035
1575038
1575063
1575067
1575069
1575070
1575071
1575085
1575087
1575095
1575099
1575101
1575102
1575118
1575119
1575127
1575131
1575133
1575134
1575149
1575150
1575195
1575199
1575207
1575215
1575223
1575227
1575230
1575251
1575255
1575259
1575271
1575283
1575292
1575307
1575311
1575315
1575319
1575323
1575325
1575326
1575335
1575339
1575341
1575342
1575347
1575371
1575374
1575379
1575388
1575404
1575439
1575447
1575451
1575455
1575471
1575479
1575483
1575486
1575503
1575511
1575515
1575534
1575567
1575575
1575579
1575581
1575582
1575597
1575630
1575644
1575660
1575668
1575695
1575703
1575707
1575719
1575726
1575819
1575827
1575951
1575959
1575963
1575967
1575983
1575991
1575995
1575998
1576015
1576023
1576027
1576030
1576079
1576087
1576091
1576093
1576094
1576109
1576110
1576142
1576172
1576207
1576215
1576219
1576231
1576275
1576331
1576339
1576463
1576471
1576475
1576494
1576688
1576880
1576912
1576928
1576991
1577019
1577022
1577023
1577055
1577083
1577086
1577111
1577117
1577118
1577119
1577133
1577134
1577135
1577143
1577147
1577149
1577150
1577166
1577167
1577175
1577181
1577182
1577197
1577198
1577247
1577255
1577263
1577271
1577275
1577278
1577299
1577303
1577307
1577319
1577331
1577334
1577355
1577359
1577363
1577367
1577371
1577373
1577374
1577383
1577387
1577389
1577390
1577395
1577422
1577427
1577487
1577495
1577499
1577503
1577518
1577519
1577527
1577531
1577534
1577551
1577559
1577563
1577582
1577596
1577615
1577623
1577627
1577629
1577630
1577645
1577646
1577678
1577720
1577743
1577751
1577755
1577767
1577774
1577811
1577867
1577875
1577912
1577944
1578007
1578015
1578031
1578039
1578043
1578063
1578071
1578135
1578141
1578142
1578157
1578158
1578190
1578255
1578263
1578300
1578323
1578379
1578387
1578424
1578456
1578472
1578511
1578519
1578542
1579035
1579039
1579067
1579070
1579099
1579159
1579163
1579165
1579166
1579181
1579182
1579196
1579214
1579291
1579303
1579324
1579347
1579403
1579411
1579480
1579535
1579543
1579547
1579566
1579968
1579969
1579970
1579972
1579976
1579984
1580047
1580055
1580059
1580512
1580896
1580928
1580929
1580930
1580932
1580936
1580944
1580960
1580992
1581087
1581115
1581118
1581119
1581151
1581179
1581182
1581207
1581213
1581214
1581215
1581229
1581230
1581231
1581239
1581243
1581245
1581246
1581262
1581263
1581271
1581277
1581278
1581293
1581294
1581308
1581343
1581351
1581359
1581367
1581371
1581374
1581395
1581399
1581403
1581415
1581427
1581436
1581451
1581455
1581459
1581463
1581467
1581469
1581470
1581479
1581483
1581485
1581486
1581491
1581500
1581515
1581518
1581523
1581583
1581591
1581595
1581599
1581614
1581615
1581623
1581627
1581630
1581647
1581655
1581659
1581678
1581711
1581719
1581723
1581725
1581726
1581741
1581742
1581774
1581804
1581847
1581851
1581863
1581870
1581907
1581963
1581971
1582095
1582103
1582111
1582127
1582135
1582139
1582142
1582159
1582167
1582223
1582231
1582237
1582238
1582253
1582254
1582286
1582328
1582351
1582359
1582375
1582419
1582475
1582483
1582576
1582607
1582615
1582619
1582638
1582960
1583024
1583131
1583135
1583163
1583166
1583195
1583255
1583259
1583261
1583262
1583277
1583278
1583310
1583387
1583399
1583443
1583499
1583507
1583631
1583639
1583643
1583662
1583736
1583984
1584048
1584080
1584143
1584151
1584155
1585024
1585025
1585026
1585028
1585032
1585040
1585056
1585183
1585211
1585214
1585303
1585309
1585310
1585325
1585326
1585358
1585447
1585491
1585528
1585547
1585555
1585679
1585687
1585691
1585710
1585784
1586096
1586191
1586199
1587072
1587073
1587074
1587076
1587080
1587088
1587104
1587227
1588160
1588928
1588992
1588993
1588994
1588996
1589000
1589008
1589024
1589056
1589120
1589279
1589307
1589310
1589311
1589343
1589371
1589374
1589399
1589405
1589406
1589407
1589421
1589422
1589423
1589431
1589435
1589437
1589438
1589454
1589455
1589463
1589469
1589470
1589485
1589486
1589500
1589535
1589543
1589551
1589559
1589563
1589566
1589587
1589591
1589595
1589607
1589619
1589628
1589643
1589647
1589651
1589655
1589659
1589661
1589662
1589671
1589675
1589677
1589678
1589683
1589707
1589710
1589715
1589752
1589775
1589783
1589787
1589791
1589806
1589807
1589815
1589819
1589822
1589839
1589847
1589851
1589870
1589903
1589911
1589915
1589917
1589918
1589933
1589934
1589966
1590008
1590031
1590039
1590043
1590055
1590062
1590099
1590136
1590155
1590163
1590287
1590295
1590303
1590319
1590327
1590331
1590334
1590351
1590359
1590415
1590423
1590429
1590430
1590445
1590446
1590478
1590543
1590551
1590567
1590611
1590667
1590675
1590744
1590799
1590807
1590811
1590830
1591323
1591327
1591355
1591358
1591387
1591447
1591451
1591453
1591454
1591469
1591470
1591502
1591579
1591591
1591635
1591691
1591699
1591792
1591823
1591831
1591835
1592288
1592335
1592343
1592347
1593056
1593184
1593375
1593403
1593406
1593495
1593501
1593502
1593517
1593518
1593550
1593639
1593683
1593739
1593747
1593871
1593879
1593883
1593902
1594383
1594391
1594608
1595104
1595232
1595296
1595419
1596352
1597184
1597185
1597186
1597188
1597192
1597200
1597216
1597248
1597312
1597471
1597499
1597502
1597591
1597597
1597598
1597613
1597614
1597646
1597735
1597779
1597835
1597843
1597967
1597975
1597979
1597998
1598192
1598479
1598487
1598704
1599328
1599515
1601281
1601284
1601288
1601312
1601344
1601408
1603456
1604992
1605121
1605122
1605124
1605136
1605152
1605184
1605248
1605376
1605663
1605691
1605694
1605695
1605727
1605755
1605758
1605783
1605789
1605790
1605791
1605805
1605806
1605807
1605815
1605819
1605821
1605822
1605838
1605839
1605847
1605853
1605854
1605869
1605870
1605919
1605927
1605935
1605943
1605947
1605950
1605971
1605975
1605979
1605991
1606003
1606027
1606031
1606035
1606039
1606043
1606045
1606046
1606055
1606059
1606061
1606062
1606067
1606076
1606091
1606094
1606099
1606136
1606159
1606167
1606171
1606175
1606190
1606191
1606199
1606203
1606206
1606223
1606231
1606235
1606254
1606287
1606295
1606299
1606302
1606317
1606318
1606350
1606392
1606415
1606423
1606427
1606439
1606446
1606539
1606547
1606640
1606671
1606679
1606687
1606703
1606711
1606715
1606718
1606735
1606743
1606799
1606807
1606813
1606814
1606829
1606830
1606862
1606927
1606935
1606951
1606995
1607051
1607059
1607152
1607183
1607191
1607214
1607408
1607707
1607711
1607739
1607742
1607771
1607831
1607835
1607837
1607838
1607853
1607854
1607886
1607963
1607975
1608019
1608075
1608083
1608207
1608215
1608219
1608238
1608624
1608719
1608727
1608731
1609759
1609787
1609790
1609879
1609885
1609886
1609901
1609902
1609934
1610023
1610067
1610123
1610131
1610255
1610263
1610267
1610286
1610720
1610767
1610775
1611712
1611803
1612736
1613248
1613504
1613696
1613855
1613883
1613886
1613975
1613981
1613982
1613997
1613998
1614030
1614119
1614163
1614219
1614227
1614351
1614359
1614363
1614382
1614863
1614871
1615899
1616352
1617344
1617600
1617728
1617792
1619840
1620736
1620737
1620738
1620740
1620744
1620752
1620768
1620800
1620992
1620993
1620994
1620995
1620996
1620997
1620998
1621000
1621001
1621002
1621004
1621008
1621009
1621010
1621012
1621016
1621024
1621025
1621026
1621028
1621032
1621040
1621056
1621057
1621058
1621060
1621064
1621072
1621088
1621120
1621121
1621122
1621124
1621128
1621136
1621152
1621184
1621248
1621249
1621250
1621252
1621256
1621264
1621280
1621312
1621376
1621504
1621505
1621506
1621508
1621512
1621520
1621536
1621568
1621632
1621760
1622047
1622075
1622078
1622167
1622173
1622174
1622189
1622190
1622222
1622311
1622355
1622411
1622419
1622543
1622551
1622555
1622574
1623055
1623063
1623520
1624091
1624544
1625792
1629696
1629698
1629700
1629704
1629712
1629728
1629760
1629824
1629952
1634048
1637120
1637376
1637377
1637378
1637380
1637384
1637392
1637408
1637440
1637504
1637632
1637888
1638431
1638459
1638462
1638463
1638495
1638523
1638526
1638551
1638557
1638558
1638559
1638573
1638574
1638575
1638583
1638587
1638589
1638590
1638606
1638607
1638615
1638621
1638622
1638637
1638638
1638687
1638695
1638703
1638711
1638715
1638718
1638739
1638743
1638747
1638759
1638771
1638795
1638799
1638803
1638807
1638811
1638813
1638814
1638823
1638827
1638829
1638830
1638835
1638859
1638862
1638867
1638927
1638935
1638939
1638943
1638958
1638959
1638967
1638971
1638974
1638991
1638999
1639003
1639022
1639055
1639063
1639067
1639069
1639070
1639085
1639086
1639118
1639183
1639191
1639195
1639207
1639214
1639251
1639288
1639307
1639315
1639408
1639439
1639447
1639455
1639471
1639479
1639483
1639486
1639503
1639511
1639567
1639575
1639581
1639582
1639597
1639598
1639630
1639695
1639703
1639719
1639763
1639819
1639827
1639920
1639951
1639959
1639963
1639982
1640416
1640475
1640479
1640507
1640510
1640539
1640599
1640603
1640605
1640606
1640621
1640622
1640654
1640731
1640743
1640787
1640843
1640851
1640975
1640983
1640987
1641006
1641440
1641487
1641495
1641499
1641952
1642527
1642555
1642558
1642647
1642653
1642654
1642669
1642670
1642702
1642791
1642835
1642891
1642899
1643023
1643031
1643035
1643054
1643543
1644384
1644571
1645504
1646464
1646623
1646651
1646654
1646743
1646749
1646750
1646765
1646766
1646798
1646887
1646931
1646987
1646995
1647119
1647127
1647131
1647150
1647631
1647639
1648576
1648667
1650560
1652608
1653632
1653760
1653761
1653762
1653763
1653764
1653765
1653766
1653768
1653769
1653770
1653772
1653776
1653777
1653778
1653780
1653784
1653792
1653793
1653794
1653796
1653800
1653808
1653824
1653825
1653826
1653828
1653832
1653840
1653856
1653888
1653889
1653890
1653892
1653896
1653904
1653920
1653952
1654016
1654017
1654018
1654020
1654024
1654032
1654048
1654080
1654144
1654272
1654273
1654274
1654276
1654280
1654288
1654304
1654336
1654400
1654528
1654815
1654843
1654846
1654935
1654941
1654942
1654957
1654958
1654990
1655079
1655123
1655179
1655187
1655311
1655319
1655323
1655342
1655823
1655831
1656859
1659840
1661824
1662336
1662592
1662720
1668608
1668609
1668610
1668612
1668616
1668624
1668640
1668672
1668736
1669123
1669129
1669153
1669185
1669249
1669377
1670144
1670145
1670146
1670148
1670152
1670160
1670176
1670208
1670272
1670400
1670656
1671199
1671227
1671230
1671319
1671325
1671326
1671341
1671342
1671374
1671463
1671507
1671563
1671571
1671695
1671703
1671707
1671726
1672207
1672215
1673243
1674176
1676224
1678720
1686272
1686528
1686529
1686530
1686532
1686536
1686544
1686560
1686592
1686656
1686784
1687040
1693696
1693698
1693700
1693701
1693702
1693704
1693705
1693706
1693708
1693712
1693713
1693714
1693716
1693720
1693728
1693729
1693730
1693732
1693736
1693744
1693760
1693761
1693762
1693764
1693768
1693776
1693792
1693824
1693825
1693826
1693828
1693832
1693840
1693856
1693888
1693952
1693953
1693954
1693956
1693960
1693968
1693984
1694016
1694080
1694208
1694209
1694210
1694212
1694216
1694224
1694240
1694272
1694336
1694464
1694720
1694722
1694724
1694728
1694736
1694752
1694784
1694848
1694976
1695232
1695749
1695750
1695751
1695758
1695765
1695766
1695781
1695782
1695813
1695814
1695877
1695878
1696005
1696006
1696261
1696262
1696773
1696774
1697797
1697798
1698816
1698817
1698818
1698820
1698824
1698832
1698848
1698880
1698944
1699072
1699842
1699843
1699846
1699858
1699874
1699906
1699970
1700098
1700354
1700866
1701376
1701888
1701889
1701890
1701892
1701896
1701904
1701920
1701952
1702016
1702144
1702400
1702912
1703951
1703967
1703979
1703983
1703995
1703998
1703999
1704015
1704031
1704043
1704047
1704059
1704062
1704079
1704087
1704093
1704094
1704095
1704109
1704110
1704111
1704119
1704123
1704125
1704126
1704142
1704143
1704151
1704157
1704158
1704171
1704173
1704174
1704207
1704223
1704231
1704235
1704239
1704247
1704251
1704254
1704271
1704275
1704279
1704283
1704295
1704299
1704307
1704331
1704335
1704339
1704343
1704347
1704349
1704350
1704359
1704363
1704365
1704366
1704371
1704398
1704403
1704463
1704471
1704475
1704479
1704491
1704494
1704495
1704503
1704507
1704510
1704527
1704535
1704539
1704555
1704558
1704591
1704599
1704603
1704605
1704606
1704621
1704622
1704654
1704719
1704727
1704731
1704743
1704747
1704750
1704787
1704843
1704851
1704975
1704983
1704991
1705003
1705007
1705015
1705019
1705022
1705039
1705047
1705067
1705103
1705111
1705117
1705118
1705131
1705133
1705134
1705166
1705231
1705239
1705255
1705259
1705299
1705355
1705363
1705487
1705495
1705499
1705515
1705518
1705712
1705952
1705999
1706011
1706015
1706027
1706031
1706043
1706046
1706063
1706075
1706091
1706127
1706135
1706139
1706141
1706142
1706157
1706158
1706190
1706255
1706267
1706279
1706283
1706323
1706379
1706387
1706511
1706519
1706523
1706539
1706542
1706976
1707023
1707031
1707035
1707051
1707968
1708047
1708063
1708075
1708079
1708091
1708094
1708111
1708139
1708175
1708183
1708189
1708190
1708203
1708205
1708206
1708238
1708303
1708327
1708331
1708371
1708427
1708435
1708559
1708567
1708571
1708587
1708590
1709071
1709079
1709099
1710016
1710095
1710107
1710123
1711040
1712000
1712143
1712159
1712171
1712175
1712187
1712190
1712207
1712235
1712271
1712279
1712285
1712286
1712299
1712301
1712302
1712334
1712399
1712423
1712427
1712467
1712523
1712531
1712655
1712663
1712667
1712683
1712686
1713167
1713175
1713195
1714191
1714203
1714219
1715904
1716096
1716239
1716267
1718144
1720064
1720335
1720351
1720363
1720367
1720379
1720382
1720399
1720427
1720463
1720471
1720477
1720478
1720491
1720493
1720494
1720526
1720591
1720615
1720619
1720659
1720715
1720723
1720847
1720855
1720859
1720875
1720878
1721359
1721367
1721387
1722383
1722395
1722411
1724288
1724431
1724459
1728256
1728527
1728555
1732352
1734400
1734657
1734659
1734661
1734665
1734673
1734689
1734721
1734785
1734913
1735169
1735424
1735680
1735681
1735682
1735684
1735688
1735696
1735712
1735744
1735808
1735936
1736719
1736735
1736747
1736751
1736763
1736766
1736783
1736811
1736847
1736855
1736861
1736862
1736875
1736877
1736878
1736910
1736975
1736999
1737003
1737043
1737099
1737107
1737231
1737239
1737243
1737259
1737262
1737743
1737751
1737771
1738767
1738779
1738795
1740815
1740843
1744385
1744388
1744392
1744400
1744448
1744512
1744911
1744939
1746816
1750784
1751808
1752064
1752065
1752066
1752068
1752072
1752080
1752096
1752128
1752192
1752320
1752576
1753103
1753131
1760256
1760257
1760258
1760260
1760264
1760272
1760288
1760320
1760384
1760512
1760768
1764352
1764353
1764354
1764356
1764360
1764368
1764384
1764416
1764480
1764608
1766400
1766401
1766402
1766404
1766408
1766416
1766432
1766464
1766528
1766656
1767424
1767425
1767426
1767428
1767432
1767440
1767456
1767488
1767552
1767680
1767936
1768448
1769479
1769487
1769491
1769493
1769495
1769497
1769499
1769501
1769503
1769511
1769519
1769523
1769525
1769527
1769531
1769533
1769534
1769541
1769543
1769549
1769551
1769555
1769557
1769559
1769561
1769563
1769565
1769573
1769575
1769581
1769587
1769589
1769615
1769619
1769621
1769623
1769625
1769627
1769629
1769630
1769645
1769646
1769651
1769653
1769657
1769669
1769671
1769677
1769678
1769683
1769685
1769689
1769701
1769735
1769743
1769747
1769751
1769753
1769755
1769757
1769767
1769779
1769781
1769785
1769799
1769805
1769811
1769817
1769829
1769863
1769867
1769875
1769877
1769881
1769925
1769991
1769999
1770003
1770005
1770007
1770009
1770011
1770013
1770023
1770030
1770035
1770037
1770041
1770053
1770055
1770061
1770067
1770069
1770073
1770085
1770131
1770133
1770137
1770181
1770247
1770259
1770261
1770265
1770309
1770503
1770511
1770515
1770517
1770519
1770521
1770523
1770525
1770535
1770547
1770549
1770553
1770565
1770567
1770573
1770579
1770581
1770585
1770597
1770631
1770643
1770645
1770649
1770693
1770759
1770771
1770773
1770777
1770821
1771015
1771027
1771029
1771033
1771077
1771527
1771535
1771539
1771541
1771543
1771545
1771547
1771549
1771559
1771571
1771573
1771577
1771589
1771591
1771597
1771603
1771605
1771609
1771621
1771655
1771667
1771669
1771673
1771717
1771783
1771795
1771797
1771801
1772039
1772051
1772053
1772057
1772101
1772551
1772563
1772565
1772569
1772613
1773575
1773583
1773587
1773589
1773591
1773593
1773595
1773597
1773607
1773619
1773621
1773625
1773637
1773639
1773645
1773651
1773653
1773657
1773669
1773703
1773715
1773717
1773721
1773765
1773831
1773843
1773845
1773849
1773893
1774087
1774099
1774101
1774105
1774149
1774599
1774611
1774613
1774617
1774661
1775488
1775623
1775635
1775637
1775641
1775685
1777671
1777679
1777683
1777685
1777687
1777689
1777691
1777693
1777703
1777715
1777717
1777721
1777733
1777735
1777741
1777747
1777749
1777753
1777765
1777799
1777811
1777813
1777817
1777861
1777927
1777939
1777941
1777945
1777989
1778183
1778195
1778197
1778201
1778245
1778695
1778707
1778709
1778713
1778757
1779584
1779719
1779731
1779733
1779737
1779781
1781767
1781779
1781781
1781785
1781829
1784576
1784832
1784833
1784834
1784836
1784840
1784848
1784864
1784896
1784960
1785088
1785344
1785863
1785871
1785875
1785877
1785879
1785881
1785883
1785885
1785895
1785907
1785909
1785913
1785925
1785927
1785933
1785939
1785941
1785945
1785957
1785991
1786003
1786005
1786009
1786053
1786119
1786131
1786133
1786137
1786181
1786375
1786387
1786389
1786393
1786437
1786887
1786899
1786901
1786905
1786949
1787911
1787923
1787925
1787929
1787973
1789959
1789971
1789973
1789977
1790021
1794055
1794067
1794069
1794073
1794117
1798145
1798147
1798149
1798153
1798161
1798177
1798209
1798273
1798401
1798657
1799169
1799680
1800193
1800194
1800200
1801216
1802249
1802250
1802251
1802253
1802254
1802255
1802265
1802266
1802267
1802269
1802270
1802282
1802285
1802286
1802298
1802313
1802314
1802315
1802317
1802318
1802329
1802330
1802345
1802346
1802377
1802378
1802379
1802381
1802382
1802393
1802394
1802409
1802410
1802441
1802442
1802505
1802506
1802507
1802509
1802510
1802521
1802522
1802537
1802538
1802569
1802570
1802633
1802634
1802761
1802762
1802763
1802765
1802766
1802777
1802778
1802793
1802794
1802825
1802826
1802889
1802890
1803017
1803018
1803273
1803274
1803275
1803277
1803278
1803289
1803290
1803305
1803306
1803337
1803338
1803401
1803402
1803529
1803530
1803785
1803786
1804297
1804298
1804299
1804301
1804302
1804313
1804314
1804330
1804361
1804362
1804425
1804426
1804553
1804554
1804809
1804810
1805321
1805322
1806345
1806346
1806347
1806349
1806350
1806361
1806362
1806377
1806378
1806409
1806410
1806473
1806474
1806601
1806602
1806857
1806858
1807369
1807370
1808393
1808394
1810441
1810442
1810443
1810445
1810446
1810457
1810458
1810473
1810474
1810505
1810506
1810569
1810570
1810697
1810698
1810953
1810954
1811465
1811466
1812489
1812490
1814529
1814531
1814532
1814533
1814534
1814537
1814538
1814540
1814545
1814548
1814561
1814564
1814593
1814596
1814657
1814660
1814785
1814788
1815041
1815044
1815553
1815556
1816576
1816577
1816578
1816580
1816584
1816592
1816608
1816640
1816704
1816832
1817088
1817600
1818625
1818627
1818629
1818631
1818633
1818634
1818635
1818636
1818637
1818638
1818640
1818641
1818642
1818643
1818644
1818645
1818646
1818648
1818649
1818650
1818652
1818657
1818659
1818661
1818665
1818666
1818668
1818673
1818676
1818688
1818689
1818690
1818691
1818692
1818693
1818694
1818696
1818697
1818698
1818700
1818704
1818705
1818706
1818708
1818712
1818720
1818721
1818722
1818724
1818728
1818736
1818753
1818755
1818757
1818761
1818762
1818764
1818768
1818769
1818770
1818772
1818776
1818785
1818816
1818817
1818818
1818820
1818824
1818832
1818848
1818881
1818883
1818885
1818889
1818890
1818892
1818896
1818897
1818898
1818900
1818904
1818913
1818928
1818944
1818945
1818946
1818948
1818952
1818960
1818976
1819009
1819024
1819072
1819137
1819139
1819141
1819145
1819146
1819148
1819152
1819153
1819154
1819156
1819160
1819169
1819184
1819200
1819201
1819202
1819204
1819208
1819216
1819232
1819265
1819280
1819328
1819393
1819408
1819456
1819649
1819651
1819653
1819657
1819658
1819660
1819664
1819665
1819666
1819668
1819672
1819681
1819712
1819713
1819714
1819716
1819720
1819728
1819744
1819777
1819792
1819840
1819905
1819920
1819968
1820161
1820176
1820224
1820673
1820675
1820677
1820681
1820682
1820684
1820688
1820689
1820690
1820692
1820696
1820705
1820720
1820736
1820737
1820738
1820740
1820744
1820752
1820768
1820801
1820816
1820864
1820929
1820944
1820992
1821185
1821200
1821248
1821697
1821712
1821760
1822721
1822723
1822725
1822729
1822730
1822732
1822736
1822737
1822738
1822740
1822744
1822753
1822768
1822784
1822785
1822786
1822788
1822792
1822800
1822816
1822849
1822864
1822912
1822977
1822992
1823040
1823233
1823248
1823296
1823745
1823760
1823808
1824768
1824769
1824770
1824772
1824776
1824784
1824800
1824832
1824896
1825024
1825280
1825792
1826818
1826819
1826820
1826821
1826822
1826824
1826825
1826826
1826828
1826832
1826833
1826834
1826836
1826840
1826850
1826852
1826856
1826864
1826882
1826884
1826888
1826896
1826946
1826948
1826952
1826960
1827074
1827076
1827080
1827088
1827330
1827332
1827336
1827344
1827842
1827844
1827848
1827856
1828866
1828868
1828872
1828880
1829888
1830913
1830914
1830916
1830920
1831936
1832960
1835023
1835037
1835039
1835055
1835069
1835071
1835083
1835086
1835087
1835094
1835095
1835099
1835101
1835102
1835103
1835111
1835115
1835118
1835119
1835126
1835127
1835131
1835133
1835134
1835151
1835155
1835159
1835163
1835165
1835167
1835177
1835179
1835181
1835183
1835187
1835191
1835193
1835195
1835197
1835205
1835207
1835209
1835211
1835213
1835214
1835215
1835219
1835221
1835222
1835223
1835225
1835227
1835229
1835230
1835239
1835241
1835243
1835245
1835246
1835251
1835254
1835257
1835271
1835275
1835277
1835279
1835287
1835291
1835293
1835295
1835303
1835307
1835309
1835311
1835319
1835323
1835325
1835335
1835339
1835341
1835343
1835350
1835351
1835355
1835357
1835367
1835371
1835373
1835374
1835382
1835403
1835405
1835407
1835411
1835415
1835419
1835421
1835435
1835437
1835443
1835461
1835463
1835465
1835467
1835469
1835475
1835477
1835478
1835481
1835493
1835497
1835527
1835531
1835535
1835543
1835547
1835549
1835551
1835559
1835563
1835567
1835575
1835579
1835581
1835591
1835595
1835598
1835599
1835606
1835607
1835611
1835613
1835614
1835623
1835627
1835630
1835638
1835655
1835659
1835663
1835671
1835675
1835677
1835687
1835689
1835691
1835693
1835705
1835717
1835719
1835721
1835723
1835725
1835726
1835731
1835733
1835734
1835737
1835753
1835783
1835787
1835791
1835799
1835803
1835805
1835815
1835819
1835847
1835851
1835853
1835854
1835862
1835911
1835915
1835923
1835945
1835973
1835977
1836045
1836047
1836061
1836063
1836077
1836079
1836093
1836107
1836109
1836110
1836111
1836118
1836119
1836123
1836125
1836126
1836135
1836139
1836141
1836142
1836150
1836173
1836175
1836179
1836183
1836187
1836189
1836201
1836203
1836205
1836211
1836217
1836229
1836231
1836233
1836235
1836237
1836238
1836243
1836245
1836246
1836249
1836261
1836265
1836295
1836299
1836301
1836303
1836311
1836315
1836317
1836327
1836331
1836333
1836359
1836363
1836365
1836366
1836374
1836423
1836427
1836429
1836435
1836485
1836489
1836551
1836555
1836557
1836559
1836567
1836571
1836573
1836583
1836587
1836589
1836615
1836619
1836621
1836622
1836630
1836679
1836683
1836685
1836691
1836713
1836741
1836745
1836807
1836811
1836813
1837071
1837085
1837087
1837103
1837117
1837131
1837134
1837135
1837142
1837143
1837147
1837149
1837150
1837159
1837163
1837166
1837174
1837199
1837203
1837207
1837211
1837213
1837225
1837227
1837229
1837235
1837241
1837253
1837255
1837257
1837259
1837261
1837262
1837267
1837269
1837270
1837273
1837289
1837319
1837323
1837325
1837327
1837335
1837339
1837341
1837351
1837355
1837357
1837383
1837387
1837389
1837390
1837398
1837447
1837451
1837453
1837459
1837481
1837509
1837513
1837579
1837583
1837591
1837595
1837597
1837607
1837611
1837643
1837646
1837654
1837703
1837707
1837737
1837765
1837769
1837831
1837835
1838093
1838095
1838109
1838125
1838155
1838157
1838158
1838166
1838221
1838227
1838249
1838277
1838281
1838343
1838347
1838349
1838560
1838599
1838603
1838605
1839040
1839119
1839133
1839135
1839151
1839165
1839179
1839182
1839183
1839190
1839191
1839195
1839197
1839198
1839207
1839211
1839214
1839222
1839247
1839251
1839255
1839259
1839261
1839273
1839275
1839277
1839283
1839289
1839301
1839303
1839305
1839307
1839309
1839310
1839315
1839317
1839318
1839321
1839333
1839337
1839367
1839371
1839373
1839375
1839383
1839387
1839389
1839399
1839403
1839405
1839431
1839435
1839437
1839438
1839446
1839499
1839501
1839507
1839529
1839557
1839561
1839623
1839627
1839631
1839639
1839643
1839645
1839655
1839659
1839687
1839691
1839694
1839702
1839751
1839755
1839763
1839785
1839813
1839817
1839879
1839883
1839885
1840141
1840143
1840157
1840173
1840203
1840205
1840206
1840214
1840269
1840275
1840297
1840325
1840329
1840391
1840395
1840397
1840647
1840651
1840653
1841088
1841167
1841181
1841227
1841230
1841238
1841299
1841321
1841349
1841353
1841415
1841419
1841421
1841671
1841675
1842112
1842189
1843072
1843215
1843229
1843231
1843247
1843261
1843275
1843278
1843279
1843286
1843287
1843291
1843293
1843294
1843303
1843307
1843310
1843318
1843343
1843347
1843351
1843355
1843357
1843369
1843371
1843373
1843379
1843385
1843397
1843399
1843401
1843403
1843405
1843406
1843411
1843413
1843414
1843417
1843429
1843433
1843463
1843467
1843469
1843471
1843479
1843483
1843485
1843495
1843499
1843501
1843527
1843531
1843533
1843534
1843542
1843591
1843595
1843597
1843603
1843625
1843653
1843657
1843719
1843723
1843727
1843735
1843739
1843741
1843751
1843755
1843783
1843787
1843790
1843798
1843847
1843851
1843859
1843881
1843909
1843913
1843975
1843979
1843981
1844237
1844239
1844253
1844269
1844299
1844301
1844302
1844310
1844365
1844371
1844393
1844421
1844425
1844487
1844491
1844493
1844743
1844747
1844749
1845263
1845277
1845323
1845326
1845334
1845395
1845417
1845445
1845449
1845511
1845515
1845517
1845767
1845771
1846285
1847168
1847311
1847325
1847371
1847374
1847382
1847443
1847465
1847493
1847497
1847559
1847563
1847565
1847815
1847819
1848333
1849216
1851136
1851407
1851421
1851423
1851439
1851453
1851467
1851470
1851471
1851478
1851479
1851483
1851485
1851486
1851495
1851499
1851502
1851510
1851535
1851539
1851543
1851547
1851549
1851561
1851563
1851565
1851571
1851577
1851589
1851591
1851593
1851595
1851597
1851598
1851603
1851605
1851606
1851609
1851621
1851625
1851655
1851659
1851661
1851663
1851671
1851675
1851677
1851687
1851691
1851693
1851719
1851723
1851725
1851734
1851783
1851787
1851789
1851795
1851845
1851849
1851911
1851915
1851919
1851927
1851931
1851933
1851943
1851947
1851975
1851979
1851982
1851990
1852039
1852043
1852051
1852073
1852101
1852105
1852167
1852171
1852429
1852431
1852445
1852461
1852491
1852493
1852494
1852502
1852557
1852563
1852585
1852613
1852617
1852679
1852683
1852685
1852935
1852939
1852941
1853455
1853469
1853515
1853518
1853526
1853587
1853609
1853637
1853641
1853703
1853707
1853709
1853959
1853963
1854477
1855503
1855517
1855563
1855566
1855574
1855635
1855657
1855685
1855689
1855751
1855755
1855757
1856007
1856011
1856525
1858944
1859072
1859073
1859074
1859076
1859080
1859088
1859104
1859136
1859200
1859328
1859599
1859613
1859659
1859662
1859670
1859731
1859753
1859781
1859785
1859847
1859851
1859853
1860103
1860107
1860621
1867264
1867791
1867805
1867807
1867823
1867837
1867851
1867854
1867855
1867862
1867863
1867867
1867869
1867870
1867879
1867883
1867886
1867894
1867919
1867923
1867927
1867931
1867933
1867945
1867947
1867949
1867955
1867961
1867973
1867975
1867977
1867979
1867981
1867982
1867987
1867989
1867990
1867993
1868005
1868009
1868039
1868043
1868045
1868047
1868055
1868059
1868061
1868071
1868075
1868077
1868103
1868107
1868109
1868110
1868118
1868167
1868171
1868173
1868179
1868201
1868229
1868233
1868295
1868299
1868303
1868311
1868315
1868317
1868327
1868331
1868359
1868363
1868366
1868374
1868423
1868427
1868435
1868457
1868485
1868489
1868551
1868555
1868557
1868813
1868815
1868829
1868845
1868875
1868877
1868878
1868886
1868941
1868947
1868969
1868997
1869001
1869063
1869067
1869069
1869319
1869323
1869325
1869839
1869853
1869899
1869902
1869910
1869971
1869993
1870021
1870025
1870087
1870091
1870093
1870347
1870861
1871887
1871901
1871947
1871950
1871958
1872019
1872041
1872069
1872073
1872135
1872139
1872141
1872391
1872395
1872909
1875456
1875457
1875458
1875460
1875464
1875472
1875488
1875520
1875584
1875712
1875983
1875997
1876043
1876046
1876054
1876115
1876137
1876165
1876169
1876231
1876235
1876237
1876487
1876491
1877005
1882880
1883137
1883140
1883152
1883168
1883200
1883264
1883648
1884175
1884189
1884235
1884238
1884246
1884307
1884329
1884357
1884361
1884423
1884427
1884429
1884679
1884683
1885197
1891840
1895426
1895428
1895432
1895440
1895456
1895488
1895552
1895680
1896450
1896451
1896458
1896466
1896482
1896514
1896578
1896706
1896962
1897474
1897984
1898497
1899520
1900551
1900559
1900565
1900567
1900573
1900575
1900583
1900591
1900597
1900599
1900605
1900615
1900619
1900622
1900623
1900630
1900631
1900635
1900637
1900638
1900647
1900651
1900654
1900661
1900662
1900679
1900687
1900691
1900693
1900695
1900699
1900701
1900711
1900713
1900715
1900717
1900723
1900725
1900729
1900741
1900743
1900745
1900747
1900749
1900750
1900755
1900757
1900758
1900761
1900777
1900807
1900811
1900813
1900815
1900821
1900823
1900827
1900829
1900839
1900843
1900845
1900853
1900871
1900875
1900877
1900878
1900886
1900935
1900939
1900941
1900947
1900949
1900969
1900997
1901001
1901063
1901067
1901071
1901077
1901079
1901083
1901085
1901095
1901099
1901109
1901127
1901131
1901134
1901141
1901142
1901191
1901195
1901203
1901205
1901225
1901253
1901257
1901319
1901323
1901325
1901333
1901575
1901581
1901583
1901589
1901591
1901597
1901607
1901613
1901621
1901639
1901643
1901645
1901646
1901654
1901703
1901709
1901715
1901717
1901737
1901765
1901769
1901831
1901835
1901837
1901845
1902087
1902091
1902093
1902101
1902599
1902607
1902613
1902615
1902621
1902631
1902645
1902663
1902667
1902670
1902677
1902678
1902727
1902739
1902741
1902761
1902789
1902793
1902855
1902859
1902861
1902869
1903111
1903115
1903125
1903623
1903629
1903637
1904647
1904655
1904661
1904663
1904669
1904679
1904693
1904711
1904715
1904718
1904725
1904726
1904775
1904787
1904789
1904809
1904837
1904841
1904903
1904907
1904909
1904917
1905159
1905163
1905173
1905671
1905677
1905685
1906695
1906709
1908743
1908751
1908757
1908759
1908765
1908775
1908789
1908807
1908811
1908814
1908821
1908822
1908871
1908883
1908885
1908905
1908933
1908937
1908999
1909003
1909005
1909013
1909255
1909259
1909269
1909767
1909773
1909781
1910791
1910805
1912839
1912853
1915904
1915905
1915906
1915908
1915912
1915920
1915936
1915968
1916032
1916160
1916416
1916935
1916943
1916949
1916951
1916957
1916967
1916981
1916999
1917003
1917006
1917013
1917014
1917063
1917075
1917077
1917097
1917125
1917129
1917191
1917195
1917197
1917205
1917447
1917451
1917461
1917959
1917965
1917973
1918983
1918997
1920768
1921031
1921045
1924608
1925127
1925141
1928704
1930752
1931776
1932288
1933315
1933319
1933321
1933322
1933323
1933324
1933325
1933326
1933327
1933331
1933335
1933337
1933338
1933339
1933341
1933342
1933346
1933347
1933350
1933351
1933353
1933354
1933355
1933356
1933357
1933358
1933362
1933363
1933366
1933369
1933370
1933383
1933385
1933386
1933387
1933388
1933389
1933390
1933398
1933401
1933402
1933404
1933410
1933411
1933414
1933417
1933418
1933420
1933426
1933443
1933447
1933449
1933451
1933452
1933453
1933454
1933459
1933465
1933466
1933468
1933475
1933478
1933481
1933484
1933490
1933507
1933509
1933513
1933514
1933516
1933538
1933571
1933575
1933577
1933578
1933579
1933580
1933581
1933582
1933587
1933593
1933594
1933596
1933602
1933603
1933606
1933609
1933610
1933612
1933618
1933641
1933642
1933644
1933666
1933699
1933705
1933706
1933708
1933730
1933827
1933831
1933833
1933834
1933835
1933836
1933837
1933838
1933843
1933849
1933850
1933852
1933858
1933859
1933862
1933865
1933866
1933868
1933874
1933891
1933897
1933898
1933900
1933922
1933955
1933961
1933962
1933964
1933986
1934083
1934089
1934090
1934092
1934114
1934339
1934343
1934345
1934346
1934347
1934348
1934349
1934350
1934355
1934361
1934362
1934364
1934370
1934371
1934374
1934377
1934378
1934380
1934386
1934403
1934409
1934410
1934412
1934434
1934467
1934473
1934474
1934476
1934595
1934601
1934602
1934604
1934626
1934851
1934857
1934858
1934860
1934882
1935363
1935367
1935369
1935370
1935371
1935372
1935373
1935374
1935379
1935385
1935386
1935388
1935394
1935395
1935398
1935401
1935402
1935404
1935410
1935427
1935433
1935434
1935436
1935458
1935491
1935497
1935498
1935500
1935522
1935619
1935625
1935626
1935628
1935650
1935875
1935881
1935882
1935884
1935906
1936387
1936393
1936394
1936396
1936418
1937411
1937415
1937417
1937418
1937419
1937420
1937421
1937422
1937427
1937433
1937434
1937436
1937442
1937443
1937446
1937449
1937450
1937452
1937458
1937475
1937481
1937482
1937484
1937506
1937539
1937545
1937546
1937548
1937570
1937667
1937673
1937674
1937676
1937698
1937923
1937929
1937930
1937932
1937954
1938435
1938441
1938442
1938444
1938466
1939459
1939465
1939466
1939468
1939490
1940992
1941507
1941511
1941513
1941514
1941515
1941516
1941517
1941518
1941523
1941529
1941530
1941532
1941538
1941539
1941542
1941545
1941546
1941548
1941554
1941571
1941577
1941578
1941580
1941602
1941635
1941641
1941642
1941644
1941666
1941763
1941769
1941770
1941772
1941794
1942019
1942025
1942026
1942028
1942050
1942531
1942537
1942538
1942540
1942562
1943555
1943561
1943562
1943564
1943586
1945603
1945609
1945610
1945612
1945634
1947648
1947649
1947650
1947652
1947656
1947664
1947680
1947712
1947776
1947904
1948160
1948672
1949700
1949701
1949702
1949703
1949708
1949709
1949710
1949718
1949732
1949733
1949734
1949740
1949748
1949764
1949765
1949766
1949772
1949780
1949796
1949828
1949829
1949830
1949836
1949844
1949860
1949892
1949956
1949957
1949958
1949964
1949972
1949988
1950020
1950084
1950212
1950213
1950214
1950220
1950228
1950244
1950276
1950340
1950468
1950724
1950725
1950726
1950732
1950756
1950788
1950852
1950980
1951236
1951748
1951749
1951750
1951756
1951764
1951780
1951812
1951876
1952004
1952260
1952772
1953796
1953797
1953798
1953804
1953812
1953828
1953860
1953924
1954052
1954308
1954820
1955840
1955841
1955842
1955844
1955848
1955856
1955872
1955904
1955968
1956096
1956352
1956864
1957888
1957889
1957890
1957891
1957892
1957893
1957894
1957896
1957897
1957898
1957900
1957904
1957905
1957906
1957908
1957912
1957920
1957921
1957922
1957924
1957928
1957936
1957952
1957953
1957954
1957956
1957960
1957968
1957984
1958016
1958017
1958018
1958020
1958024
1958032
1958048
1958080
1958144
1958145
1958146
1958148
1958152
1958160
1958176
1958208
1958272
1958400
1958401
1958402
1958404
1958408
1958416
1958432
1958464
1958528
1958656
1958912
1958913
1958914
1958916
1958920
1958928
1958944
1958976
1959040
1959168
1959424
1959936
1959937
1959938
1959940
1959944
1959952
1959968
1960000
1960064
1960192
1960448
1960960
1961985
1961986
1961988
1961992
1964032
1966087
1966094
1966095
1966103
1966110
1966111
1966117
1966119
1966123
1966125
1966126
1966127
1966131
1966133
1966135
1966139
1966141
1966142
1966151
1966153
1966155
1966157
1966158
1966159
1966164
1966165
1966166
1966167
1966169
1966171
1966172
1966173
1966174
1966178
1966179
1966180
1966181
1966182
1966183
1966185
1966186
1966187
1966188
1966189
1966190
1966195
1966196
1966197
1966198
1966201
1966204
1966211
1966213
1966214
1966215
1966219
1966221
1966222
1966223
1966227
1966229
1966230
1966231
1966235
1966237
1966238
1966243
1966245
1966246
1966247
1966251
1966253
1966254
1966259
1966261
1966262
1966277
1966278
1966279
1966281
1966283
1966285
1966286
1966293
1966294
1966297
1966306
1966307
1966308
1966309
1966310
1966313
1966314
1966316
1966322
1966324
1966339
1966341
1966343
1966347
1966349
1966350
1966351
1966355
1966357
1966359
1966363
1966365
1966366
1966371
1966373
1966375
1966379
1966381
1966382
1966387
1966389
1966403
1966405
1966407
1966411
1966413
1966414
1966419
1966420
1966421
1966422
1966428
1966434
1966435
1966436
1966437
1966438
1966441
1966442
1966444
1966452
1966467
1966469
1966471
1966475
1966477
1966478
1966483
1966485
1966499
1966501
1966502
1966531
1966533
1966537
1966548
1966562
1966564
1966598
1966599
1966606
1966607
1966614
1966615
1966622
1966629
1966630
1966631
1966635
1966637
1966638
1966643
1966645
1966646
1966662
1966663
1966665
1966667
1966669
1966670
1966676
1966677
1966678
1966681
1966684
1966690
1966691
1966692
1966693
1966694
1966697
1966698
1966700
1966706
1966708
1966723
1966725
1966726
1966727
1966731
1966733
1966734
1966739
1966741
1966742
1966755
1966757
1966758
1966787
1966789
1966790
1966793
1966818
1966820
1966851
1966853
1966854
1966855
1966859
1966861
1966862
1966867
1966869
1966870
1966883
1966885
1966886
1966915
1966917
1966918
1966921
1966932
1966946
1966948
1966979
1966981
1966982
1967111
1967118
1967119
1967127
1967134
1967141
1967143
1967147
1967149
1967150
1967155
1967157
1967175
1967177
1967179
1967181
1967182
1967188
1967189
1967190
1967193
1967196
1967202
1967203
1967204
1967205
1967206
1967209
1967210
1967212
1967220
1967235
1967237
1967238
1967239
1967243
1967245
1967246
1967251
1967253
1967254
1967267
1967269
1967270
1967299
1967301
1967302
1967305
1967316
1967330
1967332
1967365
1967367
1967371
1967373
1967374
1967379
1967381
1967397
1967427
1967429
1967444
1967458
1967460
1967491
1967493
1967622
1967623
1967630
1967638
1967653
1967654
1967686
1967689
1967700
1967714
1967716
1967747
1967749
1967750
1967875
1967877
1967878
1968135
1968142
1968143
1968151
1968158
1968165
1968167
1968171
1968173
1968174
1968179
1968181
1968199
1968201
1968203
1968205
1968206
1968212
1968213
1968214
1968217
1968220
1968226
1968227
1968228
1968229
1968230
1968233
1968234
1968236
1968242
1968244
1968259
1968261
1968262
1968263
1968267
1968269
1968270
1968275
1968277
1968278
1968291
1968293
1968294
1968325
1968326
1968329
1968340
1968354
1968356
1968387
1968389
1968391
1968395
1968397
1968398
1968403
1968405
1968419
1968421
1968451
1968453
1968457
1968468
1968482
1968484
1968515
1968517
1968518
1968646
1968647
1968654
1968662
1968677
1968678
1968710
1968713
1968724
1968738
1968740
1968771
1968773
1968774
1968899
1968901
1968902
1969159
1969166
1969189
1969225
1969236
1969250
1969252
1969283
1969285
1969286
1969411
1969413
1969670
1970183
1970190
1970191
1970199
1970206
1970213
1970215
1970219
1970221
1970222
1970227
1970229
1970247
1970249
1970251
1970253
1970254
1970260
1970261
1970262
1970265
1970268
1970274
1970275
1970276
1970277
1970278
1970281
1970282
1970284
1970290
1970292
1970307
1970309
1970310
1970311
1970315
1970317
1970318
1970323
1970325
1970326
1970339
1970341
1970342
1970371
1970373
1970374
1970377
1970388
1970402
1970404
1970435
1970437
1970439
1970443
1970445
1970446
1970451
1970453
1970467
1970469
1970499
1970501
1970505
1970516
1970530
1970532
1970563
1970565
1970566
1970694
1970695
1970702
1970710
1970725
1970726
1970758
1970761
1970772
1970786
1970788
1970819
1970821
1970822
1970947
1970949
1970950
1971207
1971214
1971237
1971273
1971284
1971298
1971300
1971331
1971333
1971334
1971459
1971461
1971718
1972231
1972238
1972261
1972297
1972308
1972322
1972324
1972355
1972357
1972358
1972483
1972485
1972742
1974279
1974286
1974287
1974295
1974302
1974309
1974311
1974315
1974317
1974318
1974323
1974325
1974343
1974345
1974347
1974349
1974350
1974356
1974357
1974358
1974361
1974364
1974370
1974371
1974372
1974373
1974374
1974377
1974378
1974380
1974386
1974388
1974403
1974405
1974406
1974407
1974411
1974413
1974414
1974419
1974421
1974422
1974435
1974437
1974438
1974467
1974469
1974470
1974473
1974498
1974500
1974531
1974533
1974535
1974539
1974541
1974542
1974547
1974549
1974563
1974565
1974595
1974597
1974601
1974612
1974626
1974628
1974659
1974661
1974790
1974791
1974798
1974806
1974821
1974822
1974854
1974857
1974868
1974882
1974884
1974915
1974917
1974918
1975043
1975045
1975046
1975303
1975310
1975333
1975369
1975380
1975394
1975396
1975427
1975429
1975430
1975555
1975557
1975814
1976327
1976334
1976357
1976393
1976404
1976418
1976420
1976451
1976453
1976454
1976579
1976581
1976838
1978112
1978375
1978382
1978405
1978441
1978452
1978466
1978468
1978499
1978501
1978502
1978627
1978629
1978886
1982471
1982478
1982479
1982487
1982494
1982501
1982503
1982507
1982509
1982510
1982515
1982517
1982535
1982537
1982539
1982541
1982542
1982548
1982549
1982550
1982553
1982556
1982562
1982563
1982564
1982565
1982566
1982569
1982570
1982572
1982578
1982580
1982595
1982597
1982598
1982599
1982603
1982605
1982606
1982611
1982613
1982614
1982627
1982629
1982630
1982659
1982661
1982662
1982665
1982676
1982690
1982692
1982723
1982725
1982727
1982731
1982733
1982734
1982739
1982741
1982755
1982757
1982787
1982789
1982793
1982804
1982818
1982820
1982851
1982853
1982854
1982982
1982983
1982990
1982998
1983013
1983014
1983046
1983049
1983060
1983074
1983076
1983107
1983109
1983110
1983235
1983237
1983238
1983495
1983502
1983525
1983561
1983572
1983586
1983588
1983619
1983621
1983622
1983749
1984006
1984519
1984526
1984549
1984585
1984596
1984610
1984612
1984643
1984645
1984646
1984771
1984773
1985030
1986304
1986567
1986574
1986597
1986633
1986644
1986658
1986660
1986691
1986693
1986694
1986819
1986821
1987078
1990144
1990663
1990670
1990693
1990729
1990740
1990754
1990756
1990787
1990789
1990790
1990915
1990917
1991174
1996801
1997824
1998851
1998855
1998858
1998859
1998862
1998863
1998867
1998871
1998874
1998875
1998878
1998883
1998885
1998887
1998891
1998893
1998894
1998899
1998901
1998906
1998915
1998919
1998921
1998922
1998923
1998925
1998926
1998931
1998932
1998933
1998934
1998937
1998938
1998940
1998946
1998947
1998948
1998949
1998950
1998953
1998954
1998956
1998964
1998979
1998981
1998982
1998983
1998986
1998987
1998989
1998990
1998995
1998997
1998998
1999002
1999011
1999013
1999014
1999043
1999045
1999046
1999049
1999050
1999060
1999074
1999076
1999107
1999109
1999111
1999114
1999115
1999117
1999118
1999123
1999125
1999130
1999139
1999141
1999146
1999171
1999173
1999177
1999178
1999188
1999202
1999204
1999235
1999237
1999238
1999242
1999363
1999366
1999367
1999370
1999371
1999374
1999379
1999382
1999386
1999395
1999397
1999398
1999427
1999430
1999433
1999434
1999444
1999458
1999460
1999491
1999493
1999494
1999498
1999619
1999621
1999622
1999626
1999875
1999879
1999882
1999883
1999886
1999891
1999898
1999907
1999909
1999914
1999939
1999945
1999946
1999956
1999970
1999972
2000003
2000005
2000006
2000010
2000131
2000133
2000138
2000387
2000390
2000394
2000899
2000903
2000906
2000907
2000910
2000915
2000922
2000931
2000933
2000938
2000963
2000969
2000970
2000980
2000994
2000996
2001027
2001029
2001030
2001034
2001155
2001157
2001162
2001411
2001414
2001418
2001923
2001930
2002947
2002951
2002954
2002955
2002958
2002963
2002970
2002979
2002981
2002986
2003011
2003017
2003018
2003028
2003042
2003044
2003075
2003077
2003078
2003082
2003203
2003205
2003210
2003459
2003462
2003466
2003971
2003978
2004995
2005002
2006528
2007043
2007047
2007050
2007051
2007054
2007059
2007066
2007075
2007077
2007082
2007107
2007113
2007114
2007124
2007138
2007140
2007171
2007173
2007174
2007178
2007299
2007301
2007306
2007555
2007558
2007562
2008067
2008074
2009091
2009098
2011139
2011146
2015233
2015235
2015236
2015237
2015238
2015239
2015241
2015243
2015244
2015245
2015246
2015249
2015251
2015252
2015253
2015254
2015257
2015260
2015267
2015268
2015269
2015270
2015276
2015281
2015284
2015297
2015299
2015300
2015301
2015302
2015305
2015308
2015313
2015316
2015329
2015330
2015332
2015361
2015363
2015364
2015365
2015366
2015369
2015372
2015377
2015380
2015396
2015425
2015428
2015489
2015491
2015492
2015493
2015494
2015497
2015500
2015505
2015508
2015521
2015524
2015553
2015556
2015617
2015620
2015745
2015747
2015748
2015749
2015750
2015753
2015756
2015761
2015764
2015777
2015780
2015809
2015812
2015873
2015876
2016001
2016004
2016257
2016259
2016260
2016261
2016262
2016265
2016268
2016273
2016276
2016289
2016292
2016321
2016324
2016385
2016388
2016513
2016516
2016769
2016772
2017281
2017283
2017284
2017285
2017286
2017289
2017292
2017297
2017300
2017313
2017316
2017345
2017348
2017409
2017412
2017537
2017540
2017793
2017796
2018305
2018308
2019329
2019331
2019332
2019333
2019334
2019337
2019340
2019345
2019348
2019361
2019364
2019393
2019396
2019457
2019460
2019585
2019588
2019841
2019844
2020353
2020356
2021377
2021380
2022400
2023426
2023427
2023430
2023442
2023458
2023490
2023554
2023682
2023938
2024450
2025474
2026496
2027520
2027521
2027522
2027524
2027528
2027536
2027552
2027584
2027648
2027776
2028032
2028544
2029568
2031619
2031623
2031627
2031631
2031634
2031635
2031637
2031638
2031639
2031641
2031642
2031643
2031645
2031646
2031651
2031652
2031653
2031654
2031655
2031658
2031659
2031660
2031661
2031662
2031665
2031666
2031667
2031668
2031669
2031670
2031673
2031674
2031676
2031681
2031682
2031683
2031685
2031686
2031687
2031689
2031690
2031691
2031693
2031694
2031697
2031698
2031699
2031701
2031702
2031705
2031706
2031714
2031715
2031716
2031717
2031718
2031722
2031724
2031729
2031730
2031732
2031745
2031746
2031747
2031749
2031750
2031751
2031753
2031754
2031755
2031757
2031758
2031761
2031762
2031763
2031765
2031766
2031769
2031770
2031777
2031778
2031779
2031781
2031782
2031785
2031786
2031793
2031794
2031796
2031809
2031810
2031811
2031813
2031814
2031817
2031818
2031825
2031826
2031841
2031842
2031844
2031875
2031879
2031883
2031890
2031891
2031893
2031894
2031897
2031898
2031907
2031908
2031909
2031910
2031914
2031916
2031921
2031922
2031924
2031937
2031938
2031939
2031941
2031942
2031945
2031946
2031953
2031954
2031969
2031970
2031972
2032001
2032002
2032003
2032005
2032006
2032009
2032010
2032017
2032018
2032033
2032034
2032036
2032065
2032066
2032131
2032135
2032139
2032146
2032147
2032149
2032150
2032153
2032154
2032163
2032164
2032165
2032166
2032170
2032172
2032177
2032178
2032180
2032193
2032194
2032195
2032197
2032198
2032201
2032202
2032209
2032210
2032225
2032226
2032228
2032258
2032259
2032261
2032262
2032265
2032266
2032274
2032289
2032290
2032321
2032322
2032387
2032402
2032420
2032449
2032450
2032513
2032514
2032643
2032647
2032651
2032658
2032659
2032661
2032662
2032665
2032666
2032675
2032676
2032677
2032678
2032682
2032684
2032689
2032690
2032692
2032705
2032706
2032707
2032709
2032710
2032713
2032714
2032721
2032722
2032738
2032740
2032769
2032770
2032771
2032773
2032774
2032777
2032778
2032785
2032786
2032801
2032802
2032804
2032833
2032834
2032899
2032914
2032932
2032961
2032962
2033025
2033026
2033155
2033170
2033188
2033217
2033218
2033281
2033282
2033667
2033671
2033675
2033682
2033683
2033685
2033686
2033689
2033690
2033699
2033700
2033701
2033702
2033706
2033708
2033713
2033714
2033716
2033729
2033730
2033731
2033733
2033734
2033737
2033738
2033745
2033746
2033761
2033762
2033764
2033793
2033794
2033795
2033797
2033798
2033801
2033802
2033809
2033810
2033825
2033826
2033828
2033857
2033858
2033923
2033938
2033956
2033985
2033986
2034049
2034050
2034179
2034194
2034212
2034241
2034242
2034305
2034306
2034691
2034706
2034724
2034753
2034754
2034817
2034818
2035715
2035719
2035723
2035730
2035731
2035733
2035734
2035737
2035738
2035747
2035748
2035749
2035750
2035754
2035756
2035761
2035762
2035764
2035777
2035778
2035779
2035781
2035782
2035785
2035786
2035793
2035794
2035809
2035810
2035812
2035841
2035842
2035843
2035845
2035846
2035849
2035850
2035857
2035858
2035873
2035874
2035876
2035905
2035906
2035971
2035986
2036004
2036033
2036034
2036097
2036098
2036227
2036242
2036260
2036289
2036290
2036353
2036354
2036739
2036754
2036772
2036801
2036802
2036865
2036866
2037763
2037778
2037796
2037825
2037826
2037889
2037890
2039811
2039815
2039819
2039826
2039827
2039829
2039830
2039833
2039834
2039843
2039844
2039845
2039846
2039850
2039852
2039857
2039858
2039860
2039873
2039874
2039875
2039877
2039878
2039881
2039882
2039889
2039890
2039905
2039906
2039908
2039937
2039938
2039939
2039941
2039942
2039945
2039946
2039953
2039954
2039969
2039970
2039972
2040001
2040002
2040067
2040082
2040100
2040129
2040130
2040193
2040194
2040323
2040338
2040356
2040385
2040386
2040450
2040835
2040850
2040868
2040897
2040898
2040961
2040962
2041859
2041874
2041892
2041921
2041922
2041985
2041986
2043907
2043922
2043940
2043969
2043970
2044033
2044034
2046976
2048001
2048003
2048005
2048007
2048009
2048011
2048013
2048017
2048018
2048019
2048021
2048022
2048025
2048026
2048033
2048035
2048036
2048037
2048038
2048041
2048042
2048044
2048049
2048050
2048052
2048065
2048066
2048067
2048069
2048070
2048073
2048074
2048081
2048082
2048097
2048098
2048100
2048129
2048130
2048131
2048133
2048134
2048137
2048138
2048145
2048146
2048161
2048162
2048164
2048193
2048194
2048257
2048259
2048261
2048265
2048273
2048274
2048289
2048292
2048321
2048322
2048385
2048386
2048513
2048515
2048517
2048521
2048529
2048530
2048545
2048548
2048577
2048578
2048641
2048642
2048769
2049025
2049027
2049029
2049033
2049041
2049042
2049057
2049060
2049089
2049090
2049153
2049154
2049281
2049537
2050049
2050051
2050053
2050057
2050065
2050066
2050081
2050084
2050113
2050114
2050177
2050178
2050305
2050561
2051073
2052097
2052099
2052101
2052105
2052113
2052114
2052129
2052132
2052161
2052162
2052225
2052226
2052353
2052609
2053121
2054145
2056192
2056193
2056194
2056195
2056196
2056197
2056198
2056200
2056201
2056202
2056204
2056209
2056210
2056216
2056224
2056225
2056226
2056228
2056232
2056240
2056256
2056257
2056258
2056260
2056264
2056288
2056320
2056321
2056322
2056324
2056328
2056336
2056352
2056384
2056448
2056449
2056450
2056452
2056456
2056464
2056480
2056512
2056576
2056704
2056705
2056706
2056708
2056712
2056720
2056736
2056768
2056832
2056960
2057216
2057217
2057218
2057220
2057224
2057232
2057248
2057280
2057344
2057472
2057728
2058240
2058241
2058242
2058244
2058248
2058256
2058272
2058304
2058368
2058496
2058752
2059264
2060289
2062336
2064385
2064387
2064389
2064391
2064393
2064394
2064395
2064396
2064397
2064398
2064401
2064402
2064403
2064405
2064406
2064408
2064409
2064410
2064412
2064416
2064417
2064418
2064419
2064420
2064421
2064422
2064424
2064425
2064426
2064428
2064433
2064434
2064440
2064448
2064449
2064450
2064451
2064452
2064453
2064454
2064456
2064457
2064458
2064460
2064464
2064465
2064466
2064468
2064472
2064480
2064481
2064482
2064484
2064488
2064496
2064513
2064515
2064517
2064521
2064522
2064524
2064529
2064530
2064536
2064544
2064545
2064546
2064548
2064552
2064560
2064576
2064577
2064578
2064580
2064584
2064592
2064608
2064641
2064643
2064645
2064649
2064650
2064652
2064657
2064658
2064664
2064672
2064673
2064674
2064676
2064680
2064688
2064705
2064706
2064708
2064720
2064736
2064769
2064800
2064832
2064897
2064899
2064901
2064905
2064906
2064908
2064913
2064914
2064920
2064928
2064929
2064930
2064932
2064936
2064960
2064961
2064962
2064964
2064968
2064976
2064992
2065025
2065056
2065088
2065153
2065184
2065216
2065409
2065411
2065413
2065417
2065418
2065420
2065425
2065426
2065432
2065440
2065441
2065442
2065444
2065448
2065456
2065472
2065473
2065474
2065476
2065480
2065488
2065504
2065537
2065568
2065600
2065665
2065696
2065728
2065921
2065952
2065984
2066433
2066435
2066437
2066441
2066442
2066444
2066449
2066450
2066456
2066464
2066465
2066466
2066468
2066472
2066480
2066496
2066497
2066498
2066500
2066504
2066512
2066528
2066561
2066592
2066624
2066689
2066720
2066752
2066945
2066976
2067008
2067457
2067488
2067520
2068481
2068483
2068485
2068489
2068490
2068492
2068497
2068498
2068504
2068512
2068513
2068514
2068516
2068520
2068528
2068544
2068545
2068546
2068548
2068552
2068560
2068576
2068609
2068640
2068672
2068737
2068768
2068993
2069024
2069056
2069505
2069536
2069568
2070529
2070560
2070592
2072576
2072577
2072578
2072579
2072580
2072581
2072582
2072584
2072585
2072586
2072588
2072592
2072593
2072594
2072596
2072600
2072608
2072609
2072610
2072612
2072616
2072624
2072640
2072641
2072642
2072644
2072648
2072656
2072672
2072704
2072705
2072706
2072708
2072712
2072720
2072736
2072768
2072832
2072833
2072834
2072836
2072840
2072848
2072864
2072896
2072960
2073088
2073089
2073090
2073092
2073096
2073104
2073120
2073152
2073216
2073344
2073600
2073601
2073602
2073604
2073608
2073616
2073632
2073664
2073728
2073856
2074112
2074624
2074625
2074626
2074628
2074632
2074640
2074656
2074688
2074752
2074880
2075136
2075648
2076672
2076673
2076674
2076676
2076680
2076688
2076704
2076736
2076800
2076928
2077184
2077696
2078720
2080768
2080769
2080770
2080771
2080772
2080773
2080774
2080776
2080777
2080778
2080780
2080784
2080785
2080786
2080788
2080792
2080800
2080801
2080802
2080804
2080808
2080816
2080832
2080833
2080834
2080836
2080840
2080848
2080864
2080896
2080897
2080898
2080900
2080904
2080912
2080928
2080960
2081024
2081025
2081026
2081028
2081032
2081040
2081056
2081088
2081152
2081280
2081281
2081282
2081284
2081288
2081296
2081312
2081344
2081408
2081536
2081792
2081793
2081794
2081796
2081800
2081808
2081824
2081856
2081920
2082048
2082304
2082816
2082817
2082818
2082820
2082824
2082832
2082848
2082880
2082944
2083072
2083328
2083840
2084864
2084865
2084866
2084868
2084872
2084880
2084896
2084928
2084992
2085120
2085376
2085888
2086912
2088960
2088961
2088962
2088964
2088968
2088976
2088992
2089024
2089088
2089216
2089472
2089984
2091008
2093056
