0	0	1	0
0	167880	1	0
0	335760	1	0
0	151092	1	0
0	318972	1	0
0	134304	1	0
0	302184	1	0
0	117516	1	0
0	285396	1	0
0	100728	1	0
0	268608	1	0
0	83940	1	0
0	251820	1	0
0	67152	1	0
0	235032	1	0
0	50364	1	0
0	218244	1	0
0	33576	1	0
0	201456	1	0
0	16788	1	0
0	184668	1	0
0	0	2	1
0	167880	2	1
0	335760	2	1
0	151092	2	1
0	318972	2	1
0	134304	2	1
0	302184	2	1
0	117516	2	1
0	285396	2	1
0	100728	2	1
0	268608	2	1
0	83940	2	1
0	251820	2	1
0	67152	2	1
0	235032	2	1
0	50364	2	1
0	218244	2	1
0	33576	2	1
0	201456	2	1
0	16788	2	1
0	184668	2	1
0	324	2	25
0	168204	2	25
0	336084	2	25
0	151416	2	25
0	319296	2	25
0	134628	2	25
0	302508	2	25
0	117840	2	25
0	285720	2	25
0	101052	2	25
0	268932	2	25
0	84264	2	25
0	252144	2	25
0	67476	2	25
0	235356	2	25
0	50688	2	25
0	218568	2	25
0	33900	2	25
0	201780	2	25
0	17112	2	25
0	184992	2	25
0	397	2	33
0	168277	2	33
0	336157	2	33
0	151489	2	33
0	319369	2	33
0	134701	2	33
0	302581	2	33
0	117913	2	33
0	285793	2	33
0	101125	2	33
0	269005	2	33
0	84337	2	33
0	252217	2	33
0	67549	2	33
0	235429	2	33
0	50761	2	33
0	218641	2	33
0	33973	2	33
0	201853	2	33
0	17185	2	33
0	185065	2	33
0	457	2	37
0	168337	2	37
0	336217	2	37
0	151549	2	37
0	319429	2	37
0	134761	2	37
0	302641	2	37
0	117973	2	37
0	285853	2	37
0	101185	2	37
0	269065	2	37
0	84397	2	37
0	252277	2	37
0	67609	2	37
0	235489	2	37
0	50821	2	37
0	218701	2	37
0	34033	2	37
0	201913	2	37
0	17245	2	37
0	185125	2	37
0	472	1	38
0	168352	1	38
0	336232	1	38
0	151564	1	38
0	319444	1	38
0	134776	1	38
0	302656	1	38
0	117988	1	38
0	285868	1	38
0	101200	1	38
0	269080	1	38
0	84412	1	38
0	252292	1	38
0	67624	1	38
0	235504	1	38
0	50836	1	38
0	218716	1	38
0	34048	1	38
0	201928	1	38
0	17260	1	38
0	185140	1	38
0	472	2	39
0	168352	2	39
0	336232	2	39
0	151564	2	39
0	319444	2	39
0	134776	2	39
0	302656	2	39
0	117988	2	39
0	285868	2	39
0	101200	2	39
0	269080	2	39
0	84412	2	39
0	252292	2	39
0	67624	2	39
0	235504	2	39
0	50836	2	39
0	218716	2	39
0	34048	2	39
0	201928	2	39
0	17260	2	39
0	185140	2	39
0	515	1	48
0	168395	1	48
0	336275	1	48
0	151607	1	48
0	319487	1	48
0	134819	1	48
0	302699	1	48
0	118031	1	48
0	285911	1	48
0	101243	1	48
0	269123	1	48
0	84455	1	48
0	252335	1	48
0	67667	1	48
0	235547	1	48
0	50879	1	48
0	218759	1	48
0	34091	1	48
0	201971	1	48
0	17303	1	48
0	185183	1	48
0	515	2	49
0	168395	2	49
0	336275	2	49
0	151607	2	49
0	319487	2	49
0	134819	2	49
0	302699	2	49
0	118031	2	49
0	285911	2	49
0	101243	2	49
0	269123	2	49
0	84455	2	49
0	252335	2	49
0	67667	2	49
0	235547	2	49
0	50879	2	49
0	218759	2	49
0	34091	2	49
0	201971	2	49
0	17303	2	49
0	185183	2	49
0	985	2	97
0	168865	2	97
0	336745	2	97
0	152077	2	97
0	319957	2	97
0	135289	2	97
0	303169	2	97
0	118501	2	97
0	286381	2	97
0	101713	2	97
0	269593	2	97
0	84925	2	97
0	252805	2	97
0	68137	2	97
0	236017	2	97
0	51349	2	97
0	219229	2	97
0	34561	2	97
0	202441	2	97
0	17773	2	97
0	185653	2	97
0	1111	2	111
0	168991	2	111
0	336871	2	111
0	152203	2	111
0	320083	2	111
0	135415	2	111
0	303295	2	111
0	118627	2	111
0	286507	2	111
0	101839	2	111
0	269719	2	111
0	85051	2	111
0	252931	2	111
0	68263	2	111
0	236143	2	111
0	51475	2	111
0	219355	2	111
0	34687	2	111
0	202567	2	111
0	17899	2	111
0	185779	2	111
0	1720	1	164
0	169600	1	164
0	337480	1	164
0	152812	1	164
0	320692	1	164
0	136024	1	164
0	303904	1	164
0	119236	1	164
0	287116	1	164
0	102448	1	164
0	270328	1	164
0	85660	1	164
0	253540	1	164
0	68872	1	164
0	236752	1	164
0	52084	1	164
0	219964	1	164
0	35296	1	164
0	203176	1	164
0	18508	1	164
0	186388	1	164
0	1720	2	165
0	169600	2	165
0	337480	2	165
0	152812	2	165
0	320692	2	165
0	136024	2	165
0	303904	2	165
0	119236	2	165
0	287116	2	165
0	102448	2	165
0	270328	2	165
0	85660	2	165
0	253540	2	165
0	68872	2	165
0	236752	2	165
0	52084	2	165
0	219964	2	165
0	35296	2	165
0	203176	2	165
0	18508	2	165
0	186388	2	165
0	2302	2	209
0	170182	2	209
0	338062	2	209
0	153394	2	209
0	321274	2	209
0	136606	2	209
0	304486	2	209
0	119818	2	209
0	287698	2	209
0	103030	2	209
0	270910	2	209
0	86242	2	209
0	254122	2	209
0	69454	2	209
0	237334	2	209
0	52666	2	209
0	220546	2	209
0	35878	2	209
0	203758	2	209
0	19090	2	209
0	186970	2	209
0	2458	2	219
0	170338	2	219
0	338218	2	219
0	153550	2	219
0	321430	2	219
0	136762	2	219
0	304642	2	219
0	119974	2	219
0	287854	2	219
0	103186	2	219
0	271066	2	219
0	86398	2	219
0	254278	2	219
0	69610	2	219
0	237490	2	219
0	52822	2	219
0	220702	2	219
0	36034	2	219
0	203914	2	219
0	19246	2	219
0	187126	2	219
0	2461	2	225
0	170341	2	225
0	338221	2	225
0	153553	2	225
0	321433	2	225
0	136765	2	225
0	304645	2	225
0	119977	2	225
0	287857	2	225
0	103189	2	225
0	271069	2	225
0	86401	2	225
0	254281	2	225
0	69613	2	225
0	237493	2	225
0	52825	2	225
0	220705	2	225
0	36037	2	225
0	203917	2	225
0	19249	2	225
0	187129	2	225
0	3848	2	379
0	171728	2	379
0	339608	2	379
0	154940	2	379
0	322820	2	379
0	138152	2	379
0	306032	2	379
0	121364	2	379
0	289244	2	379
0	104576	2	379
0	272456	2	379
0	87788	2	379
0	255668	2	379
0	71000	2	379
0	238880	2	379
0	54212	2	379
0	222092	2	379
0	37424	2	379
0	205304	2	379
0	20636	2	379
0	188516	2	379
0	4416	1	438
0	172296	1	438
0	340176	1	438
0	155508	1	438
0	323388	1	438
0	138720	1	438
0	306600	1	438
0	121932	1	438
0	289812	1	438
0	105144	1	438
0	273024	1	438
0	88356	1	438
0	256236	1	438
0	71568	1	438
0	239448	1	438
0	54780	1	438
0	222660	1	438
0	37992	1	438
0	205872	1	438
0	21204	1	438
0	189084	1	438
0	4416	2	439
0	172296	2	439
0	340176	2	439
0	155508	2	439
0	323388	2	439
0	138720	2	439
0	306600	2	439
0	121932	2	439
0	289812	2	439
0	105144	2	439
0	273024	2	439
0	88356	2	439
0	256236	2	439
0	71568	2	439
0	239448	2	439
0	54780	2	439
0	222660	2	439
0	37992	2	439
0	205872	2	439
0	21204	2	439
0	189084	2	439
0	4417	1	440
0	172297	1	440
0	340177	1	440
0	155509	1	440
0	323389	1	440
0	138721	1	440
0	306601	1	440
0	121933	1	440
0	289813	1	440
0	105145	1	440
0	273025	1	440
0	88357	1	440
0	256237	1	440
0	71569	1	440
0	239449	1	440
0	54781	1	440
0	222661	1	440
0	37993	1	440
0	205873	1	440
0	21205	1	440
0	189085	1	440
0	4417	2	441
0	172297	2	441
0	340177	2	441
0	155509	2	441
0	323389	2	441
0	138721	2	441
0	306601	2	441
0	121933	2	441
0	289813	2	441
0	105145	2	441
0	273025	2	441
0	88357	2	441
0	256237	2	441
0	71569	2	441
0	239449	2	441
0	54781	2	441
0	222661	2	441
0	37993	2	441
0	205873	2	441
0	21205	2	441
0	189085	2	441
0	4418	2	443
0	172298	2	443
0	340178	2	443
0	155510	2	443
0	323390	2	443
0	138722	2	443
0	306602	2	443
0	121934	2	443
0	289814	2	443
0	105146	2	443
0	273026	2	443
0	88358	2	443
0	256238	2	443
0	71570	2	443
0	239450	2	443
0	54782	2	443
0	222662	2	443
0	37994	2	443
0	205874	2	443
0	21206	2	443
0	189086	2	443
0	4419	1	444
0	172299	1	444
0	340179	1	444
0	155511	1	444
0	323391	1	444
0	138723	1	444
0	306603	1	444
0	121935	1	444
0	289815	1	444
0	105147	1	444
0	273027	1	444
0	88359	1	444
0	256239	1	444
0	71571	1	444
0	239451	1	444
0	54783	1	444
0	222663	1	444
0	37995	1	444
0	205875	1	444
0	21207	1	444
0	189087	1	444
0	4419	2	445
0	172299	2	445
0	340179	2	445
0	155511	2	445
0	323391	2	445
0	138723	2	445
0	306603	2	445
0	121935	2	445
0	289815	2	445
0	105147	2	445
0	273027	2	445
0	88359	2	445
0	256239	2	445
0	71571	2	445
0	239451	2	445
0	54783	2	445
0	222663	2	445
0	37995	2	445
0	205875	2	445
0	21207	2	445
0	189087	2	445
0	4784	2	483
0	172664	2	483
0	340544	2	483
0	155876	2	483
0	323756	2	483
0	139088	2	483
0	306968	2	483
0	122300	2	483
0	290180	2	483
0	105512	2	483
0	273392	2	483
0	88724	2	483
0	256604	2	483
0	71936	2	483
0	239816	2	483
0	55148	2	483
0	223028	2	483
0	38360	2	483
0	206240	2	483
0	21572	2	483
0	189452	2	483
0	5275	2	535
0	173155	2	535
0	341035	2	535
0	156367	2	535
0	324247	2	535
0	139579	2	535
0	307459	2	535
0	122791	2	535
0	290671	2	535
0	106003	2	535
0	273883	2	535
0	89215	2	535
0	257095	2	535
0	72427	2	535
0	240307	2	535
0	55639	2	535
0	223519	2	535
0	38851	2	535
0	206731	2	535
0	22063	2	535
0	189943	2	535
0	5853	1	588
0	173733	1	588
0	341613	1	588
0	156945	1	588
0	324825	1	588
0	140157	1	588
0	308037	1	588
0	123369	1	588
0	291249	1	588
0	106581	1	588
0	274461	1	588
0	89793	1	588
0	257673	1	588
0	73005	1	588
0	240885	1	588
0	56217	1	588
0	224097	1	588
0	39429	1	588
0	207309	1	588
0	22641	1	588
0	190521	1	588
0	5853	2	589
0	173733	2	589
0	341613	2	589
0	156945	2	589
0	324825	2	589
0	140157	2	589
0	308037	2	589
0	123369	2	589
0	291249	2	589
0	106581	2	589
0	274461	2	589
0	89793	2	589
0	257673	2	589
0	73005	2	589
0	240885	2	589
0	56217	2	589
0	224097	2	589
0	39429	2	589
0	207309	2	589
0	22641	2	589
0	190521	2	589
0	5993	1	600
0	173873	1	600
0	341753	1	600
0	157085	1	600
0	324965	1	600
0	140297	1	600
0	308177	1	600
0	123509	1	600
0	291389	1	600
0	106721	1	600
0	274601	1	600
0	89933	1	600
0	257813	1	600
0	73145	1	600
0	241025	1	600
0	56357	1	600
0	224237	1	600
0	39569	1	600
0	207449	1	600
0	22781	1	600
0	190661	1	600
0	6091	2	605
0	173971	2	605
0	341851	2	605
0	157183	2	605
0	325063	2	605
0	140395	2	605
0	308275	2	605
0	123607	2	605
0	291487	2	605
0	106819	2	605
0	274699	2	605
0	90031	2	605
0	257911	2	605
0	73243	2	605
0	241123	2	605
0	56455	2	605
0	224335	2	605
0	39667	2	605
0	207547	2	605
0	22879	2	605
0	190759	2	605
0	6471	2	651
0	174351	2	651
0	342231	2	651
0	157563	2	651
0	325443	2	651
0	140775	2	651
0	308655	2	651
0	123987	2	651
0	291867	2	651
0	107199	2	651
0	275079	2	651
0	90411	2	651
0	258291	2	651
0	73623	2	651
0	241503	2	651
0	56835	2	651
0	224715	2	651
0	40047	2	651
0	207927	2	651
0	23259	2	651
0	191139	2	651
0	6486	2	653
0	174366	2	653
0	342246	2	653
0	157578	2	653
0	325458	2	653
0	140790	2	653
0	308670	2	653
0	124002	2	653
0	291882	2	653
0	107214	2	653
0	275094	2	653
0	90426	2	653
0	258306	2	653
0	73638	2	653
0	241518	2	653
0	56850	2	653
0	224730	2	653
0	40062	2	653
0	207942	2	653
0	23274	2	653
0	191154	2	653
0	7218	2	713
0	175098	2	713
0	342978	2	713
0	158310	2	713
0	326190	2	713
0	141522	2	713
0	309402	2	713
0	124734	2	713
0	292614	2	713
0	107946	2	713
0	275826	2	713
0	91158	2	713
0	259038	2	713
0	74370	2	713
0	242250	2	713
0	57582	2	713
0	225462	2	713
0	40794	2	713
0	208674	2	713
0	24006	2	713
0	191886	2	713
0	7551	2	733
0	175431	2	733
0	343311	2	733
0	158643	2	733
0	326523	2	733
0	141855	2	733
0	309735	2	733
0	125067	2	733
0	292947	2	733
0	108279	2	733
0	276159	2	733
0	91491	2	733
0	259371	2	733
0	74703	2	733
0	242583	2	733
0	57915	2	733
0	225795	2	733
0	41127	2	733
0	209007	2	733
0	24339	2	733
0	192219	2	733
0	7950	2	769
0	175830	2	769
0	343710	2	769
0	159042	2	769
0	326922	2	769
0	142254	2	769
0	310134	2	769
0	125466	2	769
0	293346	2	769
0	108678	2	769
0	276558	2	769
0	91890	2	769
0	259770	2	769
0	75102	2	769
0	242982	2	769
0	58314	2	769
0	226194	2	769
0	41526	2	769
0	209406	2	769
0	24738	2	769
0	192618	2	769
0	7968	2	773
0	175848	2	773
0	343728	2	773
0	159060	2	773
0	326940	2	773
0	142272	2	773
0	310152	2	773
0	125484	2	773
0	293364	2	773
0	108696	2	773
0	276576	2	773
0	91908	2	773
0	259788	2	773
0	75120	2	773
0	243000	2	773
0	58332	2	773
0	226212	2	773
0	41544	2	773
0	209424	2	773
0	24756	2	773
0	192636	2	773
0	7994	2	777
0	175874	2	777
0	343754	2	777
0	159086	2	777
0	326966	2	777
0	142298	2	777
0	310178	2	777
0	125510	2	777
0	293390	2	777
0	108722	2	777
0	276602	2	777
0	91934	2	777
0	259814	2	777
0	75146	2	777
0	243026	2	777
0	58358	2	777
0	226238	2	777
0	41570	2	777
0	209450	2	777
0	24782	2	777
0	192662	2	777
0	8281	2	797
0	176161	2	797
0	344041	2	797
0	159373	2	797
0	327253	2	797
0	142585	2	797
0	310465	2	797
0	125797	2	797
0	293677	2	797
0	109009	2	797
0	276889	2	797
0	92221	2	797
0	260101	2	797
0	75433	2	797
0	243313	2	797
0	58645	2	797
0	226525	2	797
0	41857	2	797
0	209737	2	797
0	25069	2	797
0	192949	2	797
0	8532	1	832
0	176412	1	832
0	344292	1	832
0	159624	1	832
0	327504	1	832
0	142836	1	832
0	310716	1	832
0	126048	1	832
0	293928	1	832
0	109260	1	832
0	277140	1	832
0	92472	1	832
0	260352	1	832
0	75684	1	832
0	243564	1	832
0	58896	1	832
0	226776	1	832
0	42108	1	832
0	209988	1	832
0	25320	1	832
0	193200	1	832
0	8532	2	833
0	176412	2	833
0	344292	2	833
0	159624	2	833
0	327504	2	833
0	142836	2	833
0	310716	2	833
0	126048	2	833
0	293928	2	833
0	109260	2	833
0	277140	2	833
0	92472	2	833
0	260352	2	833
0	75684	2	833
0	243564	2	833
0	58896	2	833
0	226776	2	833
0	42108	2	833
0	209988	2	833
0	25320	2	833
0	193200	2	833
0	9098	2	889
0	176978	2	889
0	344858	2	889
0	160190	2	889
0	328070	2	889
0	143402	2	889
0	311282	2	889
0	126614	2	889
0	294494	2	889
0	109826	2	889
0	277706	2	889
0	93038	2	889
0	260918	2	889
0	76250	2	889
0	244130	2	889
0	59462	2	889
0	227342	2	889
0	42674	2	889
0	210554	2	889
0	25886	2	889
0	193766	2	889
0	9225	2	907
0	177105	2	907
0	344985	2	907
0	160317	2	907
0	328197	2	907
0	143529	2	907
0	311409	2	907
0	126741	2	907
0	294621	2	907
0	109953	2	907
0	277833	2	907
0	93165	2	907
0	261045	2	907
0	76377	2	907
0	244257	2	907
0	59589	2	907
0	227469	2	907
0	42801	2	907
0	210681	2	907
0	26013	2	907
0	193893	2	907
0	9274	2	913
0	177154	2	913
0	345034	2	913
0	160366	2	913
0	328246	2	913
0	143578	2	913
0	311458	2	913
0	126790	2	913
0	294670	2	913
0	110002	2	913
0	277882	2	913
0	93214	2	913
0	261094	2	913
0	76426	2	913
0	244306	2	913
0	59638	2	913
0	227518	2	913
0	42850	2	913
0	210730	2	913
0	26062	2	913
0	193942	2	913
0	9854	2	981
0	177734	2	981
0	345614	2	981
0	160946	2	981
0	328826	2	981
0	144158	2	981
0	312038	2	981
0	127370	2	981
0	295250	2	981
0	110582	2	981
0	278462	2	981
0	93794	2	981
0	261674	2	981
0	77006	2	981
0	244886	2	981
0	60218	2	981
0	228098	2	981
0	43430	2	981
0	211310	2	981
0	26642	2	981
0	194522	2	981
0	10094	2	993
0	177974	2	993
0	345854	2	993
0	161186	2	993
0	329066	2	993
0	144398	2	993
0	312278	2	993
0	127610	2	993
0	295490	2	993
0	110822	2	993
0	278702	2	993
0	94034	2	993
0	261914	2	993
0	77246	2	993
0	245126	2	993
0	60458	2	993
0	228338	2	993
0	43670	2	993
0	211550	2	993
0	26882	2	993
0	194762	2	993
0	10095	1	994
0	177975	1	994
0	345855	1	994
0	161187	1	994
0	329067	1	994
0	144399	1	994
0	312279	1	994
0	127611	1	994
0	295491	1	994
0	110823	1	994
0	278703	1	994
0	94035	1	994
0	261915	1	994
0	77247	1	994
0	245127	1	994
0	60459	1	994
0	228339	1	994
0	43671	1	994
0	211551	1	994
0	26883	1	994
0	194763	1	994
0	10095	2	995
0	177975	2	995
0	345855	2	995
0	161187	2	995
0	329067	2	995
0	144399	2	995
0	312279	2	995
0	127611	2	995
0	295491	2	995
0	110823	2	995
0	278703	2	995
0	94035	2	995
0	261915	2	995
0	77247	2	995
0	245127	2	995
0	60459	2	995
0	228339	2	995
0	43671	2	995
0	211551	2	995
0	26883	2	995
0	194763	2	995
0	10097	2	999
0	177977	2	999
0	345857	2	999
0	161189	2	999
0	329069	2	999
0	144401	2	999
0	312281	2	999
0	127613	2	999
0	295493	2	999
0	110825	2	999
0	278705	2	999
0	94037	2	999
0	261917	2	999
0	77249	2	999
0	245129	2	999
0	60461	2	999
0	228341	2	999
0	43673	2	999
0	211553	2	999
0	26885	2	999
0	194765	2	999
0	10098	2	1001
0	177978	2	1001
0	345858	2	1001
0	161190	2	1001
0	329070	2	1001
0	144402	2	1001
0	312282	2	1001
0	127614	2	1001
0	295494	2	1001
0	110826	2	1001
0	278706	2	1001
0	94038	2	1001
0	261918	2	1001
0	77250	2	1001
0	245130	2	1001
0	60462	2	1001
0	228342	2	1001
0	43674	2	1001
0	211554	2	1001
0	26886	2	1001
0	194766	2	1001
0	10099	2	1003
0	177979	2	1003
0	345859	2	1003
0	161191	2	1003
0	329071	2	1003
0	144403	2	1003
0	312283	2	1003
0	127615	2	1003
0	295495	2	1003
0	110827	2	1003
0	278707	2	1003
0	94039	2	1003
0	261919	2	1003
0	77251	2	1003
0	245131	2	1003
0	60463	2	1003
0	228343	2	1003
0	43675	2	1003
0	211555	2	1003
0	26887	2	1003
0	194767	2	1003
0	10260	2	1023
0	178140	2	1023
0	346020	2	1023
0	161352	2	1023
0	329232	2	1023
0	144564	2	1023
0	312444	2	1023
0	127776	2	1023
0	295656	2	1023
0	110988	2	1023
0	278868	2	1023
0	94200	2	1023
0	262080	2	1023
0	77412	2	1023
0	245292	2	1023
0	60624	2	1023
0	228504	2	1023
0	43836	2	1023
0	211716	2	1023
0	27048	2	1023
0	194928	2	1023
0	10262	2	1027
0	178142	2	1027
0	346022	2	1027
0	161354	2	1027
0	329234	2	1027
0	144566	2	1027
0	312446	2	1027
0	127778	2	1027
0	295658	2	1027
0	110990	2	1027
0	278870	2	1027
0	94202	2	1027
0	262082	2	1027
0	77414	2	1027
0	245294	2	1027
0	60626	2	1027
0	228506	2	1027
0	43838	2	1027
0	211718	2	1027
0	27050	2	1027
0	194930	2	1027
0	10508	1	1052
0	178388	1	1052
0	346268	1	1052
0	161600	1	1052
0	329480	1	1052
0	144812	1	1052
0	312692	1	1052
0	128024	1	1052
0	295904	1	1052
0	111236	1	1052
0	279116	1	1052
0	94448	1	1052
0	262328	1	1052
0	77660	1	1052
0	245540	1	1052
0	60872	1	1052
0	228752	1	1052
0	44084	1	1052
0	211964	1	1052
0	27296	1	1052
0	195176	1	1052
0	10508	2	1053
0	178388	2	1053
0	346268	2	1053
0	161600	2	1053
0	329480	2	1053
0	144812	2	1053
0	312692	2	1053
0	128024	2	1053
0	295904	2	1053
0	111236	2	1053
0	279116	2	1053
0	94448	2	1053
0	262328	2	1053
0	77660	2	1053
0	245540	2	1053
0	60872	2	1053
0	228752	2	1053
0	44084	2	1053
0	211964	2	1053
0	27296	2	1053
0	195176	2	1053
0	10701	2	1069
0	178581	2	1069
0	346461	2	1069
0	161793	2	1069
0	329673	2	1069
0	145005	2	1069
0	312885	2	1069
0	128217	2	1069
0	296097	2	1069
0	111429	2	1069
0	279309	2	1069
0	94641	2	1069
0	262521	2	1069
0	77853	2	1069
0	245733	2	1069
0	61065	2	1069
0	228945	2	1069
0	44277	2	1069
0	212157	2	1069
0	27489	2	1069
0	195369	2	1069
0	10888	2	1089
0	178768	2	1089
0	346648	2	1089
0	161980	2	1089
0	329860	2	1089
0	145192	2	1089
0	313072	2	1089
0	128404	2	1089
0	296284	2	1089
0	111616	2	1089
0	279496	2	1089
0	94828	2	1089
0	262708	2	1089
0	78040	2	1089
0	245920	2	1089
0	61252	2	1089
0	229132	2	1089
0	44464	2	1089
0	212344	2	1089
0	27676	2	1089
0	195556	2	1089
0	11153	2	1121
0	179033	2	1121
0	346913	2	1121
0	162245	2	1121
0	330125	2	1121
0	145457	2	1121
0	313337	2	1121
0	128669	2	1121
0	296549	2	1121
0	111881	2	1121
0	279761	2	1121
0	95093	2	1121
0	262973	2	1121
0	78305	2	1121
0	246185	2	1121
0	61517	2	1121
0	229397	2	1121
0	44729	2	1121
0	212609	2	1121
0	27941	2	1121
0	195821	2	1121
0	11154	1	1122
0	179034	1	1122
0	346914	1	1122
0	162246	1	1122
0	330126	1	1122
0	145458	1	1122
0	313338	1	1122
0	128670	1	1122
0	296550	1	1122
0	111882	1	1122
0	279762	1	1122
0	95094	1	1122
0	262974	1	1122
0	78306	1	1122
0	246186	1	1122
0	61518	1	1122
0	229398	1	1122
0	44730	1	1122
0	212610	1	1122
0	27942	1	1122
0	195822	1	1122
0	11154	2	1123
0	179034	2	1123
0	346914	2	1123
0	162246	2	1123
0	330126	2	1123
0	145458	2	1123
0	313338	2	1123
0	128670	2	1123
0	296550	2	1123
0	111882	2	1123
0	279762	2	1123
0	95094	2	1123
0	262974	2	1123
0	78306	2	1123
0	246186	2	1123
0	61518	2	1123
0	229398	2	1123
0	44730	2	1123
0	212610	2	1123
0	27942	2	1123
0	195822	2	1123
0	11155	2	1125
0	179035	2	1125
0	346915	2	1125
0	162247	2	1125
0	330127	2	1125
0	145459	2	1125
0	313339	2	1125
0	128671	2	1125
0	296551	2	1125
0	111883	2	1125
0	279763	2	1125
0	95095	2	1125
0	262975	2	1125
0	78307	2	1125
0	246187	2	1125
0	61519	2	1125
0	229399	2	1125
0	44731	2	1125
0	212611	2	1125
0	27943	2	1125
0	195823	2	1125
0	11510	2	1155
0	179390	2	1155
0	347270	2	1155
0	162602	2	1155
0	330482	2	1155
0	145814	2	1155
0	313694	2	1155
0	129026	2	1155
0	296906	2	1155
0	112238	2	1155
0	280118	2	1155
0	95450	2	1155
0	263330	2	1155
0	78662	2	1155
0	246542	2	1155
0	61874	2	1155
0	229754	2	1155
0	45086	2	1155
0	212966	2	1155
0	28298	2	1155
0	196178	2	1155
0	12572	1	1260
0	180452	1	1260
0	348332	1	1260
0	163664	1	1260
0	331544	1	1260
0	146876	1	1260
0	314756	1	1260
0	130088	1	1260
0	297968	1	1260
0	113300	1	1260
0	281180	1	1260
0	96512	1	1260
0	264392	1	1260
0	79724	1	1260
0	247604	1	1260
0	62936	1	1260
0	230816	1	1260
0	46148	1	1260
0	214028	1	1260
0	29360	1	1260
0	197240	1	1260
0	12634	2	1263
0	180514	2	1263
0	348394	2	1263
0	163726	2	1263
0	331606	2	1263
0	146938	2	1263
0	314818	2	1263
0	130150	2	1263
0	298030	2	1263
0	113362	2	1263
0	281242	2	1263
0	96574	2	1263
0	264454	2	1263
0	79786	2	1263
0	247666	2	1263
0	62998	2	1263
0	230878	2	1263
0	46210	2	1263
0	214090	2	1263
0	29422	2	1263
0	197302	2	1263
0	12818	2	1279
0	180698	2	1279
0	348578	2	1279
0	163910	2	1279
0	331790	2	1279
0	147122	2	1279
0	315002	2	1279
0	130334	2	1279
0	298214	2	1279
0	113546	2	1279
0	281426	2	1279
0	96758	2	1279
0	264638	2	1279
0	79970	2	1279
0	247850	2	1279
0	63182	2	1279
0	231062	2	1279
0	46394	2	1279
0	214274	2	1279
0	29606	2	1279
0	197486	2	1279
0	12819	2	1281
0	180699	2	1281
0	348579	2	1281
0	163911	2	1281
0	331791	2	1281
0	147123	2	1281
0	315003	2	1281
0	130335	2	1281
0	298215	2	1281
0	113547	2	1281
0	281427	2	1281
0	96759	2	1281
0	264639	2	1281
0	79971	2	1281
0	247851	2	1281
0	63183	2	1281
0	231063	2	1281
0	46395	2	1281
0	214275	2	1281
0	29607	2	1281
0	197487	2	1281
0	13484	2	1347
0	181364	2	1347
0	349244	2	1347
0	164576	2	1347
0	332456	2	1347
0	147788	2	1347
0	315668	2	1347
0	131000	2	1347
0	298880	2	1347
0	114212	2	1347
0	282092	2	1347
0	97424	2	1347
0	265304	2	1347
0	80636	2	1347
0	248516	2	1347
0	63848	2	1347
0	231728	2	1347
0	47060	2	1347
0	214940	2	1347
0	30272	2	1347
0	198152	2	1347
0	14427	2	1443
0	182307	2	1443
0	350187	2	1443
0	165519	2	1443
0	333399	2	1443
0	148731	2	1443
0	316611	2	1443
0	131943	2	1443
0	299823	2	1443
0	115155	2	1443
0	283035	2	1443
0	98367	2	1443
0	266247	2	1443
0	81579	2	1443
0	249459	2	1443
0	64791	2	1443
0	232671	2	1443
0	48003	2	1443
0	215883	2	1443
0	31215	2	1443
0	199095	2	1443
0	14557	2	1455
0	182437	2	1455
0	350317	2	1455
0	165649	2	1455
0	333529	2	1455
0	148861	2	1455
0	316741	2	1455
0	132073	2	1455
0	299953	2	1455
0	115285	2	1455
0	283165	2	1455
0	98497	2	1455
0	266377	2	1455
0	81709	2	1455
0	249589	2	1455
0	64921	2	1455
0	232801	2	1455
0	48133	2	1455
0	216013	2	1455
0	31345	2	1455
0	199225	2	1455
0	14592	2	1457
0	182472	2	1457
0	350352	2	1457
0	165684	2	1457
0	333564	2	1457
0	148896	2	1457
0	316776	2	1457
0	132108	2	1457
0	299988	2	1457
0	115320	2	1457
0	283200	2	1457
0	98532	2	1457
0	266412	2	1457
0	81744	2	1457
0	249624	2	1457
0	64956	2	1457
0	232836	2	1457
0	48168	2	1457
0	216048	2	1457
0	31380	2	1457
0	199260	2	1457
0	14635	1	1458
0	182515	1	1458
0	350395	1	1458
0	165727	1	1458
0	333607	1	1458
0	148939	1	1458
0	316819	1	1458
0	132151	1	1458
0	300031	1	1458
0	115363	1	1458
0	283243	1	1458
0	98575	1	1458
0	266455	1	1458
0	81787	1	1458
0	249667	1	1458
0	64999	1	1458
0	232879	1	1458
0	48211	1	1458
0	216091	1	1458
0	31423	1	1458
0	199303	1	1458
0	14635	2	1459
0	182515	2	1459
0	350395	2	1459
0	165727	2	1459
0	333607	2	1459
0	148939	2	1459
0	316819	2	1459
0	132151	2	1459
0	300031	2	1459
0	115363	2	1459
0	283243	2	1459
0	98575	2	1459
0	266455	2	1459
0	81787	2	1459
0	249667	2	1459
0	64999	2	1459
0	232879	2	1459
0	48211	2	1459
0	216091	2	1459
0	31423	2	1459
0	199303	2	1459
0	14636	1	1460
0	182516	1	1460
0	350396	1	1460
0	165728	1	1460
0	333608	1	1460
0	148940	1	1460
0	316820	1	1460
0	132152	1	1460
0	300032	1	1460
0	115364	1	1460
0	283244	1	1460
0	98576	1	1460
0	266456	1	1460
0	81788	1	1460
0	249668	1	1460
0	65000	1	1460
0	232880	1	1460
0	48212	1	1460
0	216092	1	1460
0	31424	1	1460
0	199304	1	1460
0	14880	1	1484
0	182760	1	1484
0	350640	1	1484
0	165972	1	1484
0	333852	1	1484
0	149184	1	1484
0	317064	1	1484
0	132396	1	1484
0	300276	1	1484
0	115608	1	1484
0	283488	1	1484
0	98820	1	1484
0	266700	1	1484
0	82032	1	1484
0	249912	1	1484
0	65244	1	1484
0	233124	1	1484
0	48456	1	1484
0	216336	1	1484
0	31668	1	1484
0	199548	1	1484
0	14880	2	1485
0	182760	2	1485
0	350640	2	1485
0	165972	2	1485
0	333852	2	1485
0	149184	2	1485
0	317064	2	1485
0	132396	2	1485
0	300276	2	1485
0	115608	2	1485
0	283488	2	1485
0	98820	2	1485
0	266700	2	1485
0	82032	2	1485
0	249912	2	1485
0	65244	2	1485
0	233124	2	1485
0	48456	2	1485
0	216336	2	1485
0	31668	2	1485
0	199548	2	1485
0	14940	2	1489
0	182820	2	1489
0	350700	2	1489
0	166032	2	1489
0	333912	2	1489
0	149244	2	1489
0	317124	2	1489
0	132456	2	1489
0	300336	2	1489
0	115668	2	1489
0	283548	2	1489
0	98880	2	1489
0	266760	2	1489
0	82092	2	1489
0	249972	2	1489
0	65304	2	1489
0	233184	2	1489
0	48516	2	1489
0	216396	2	1489
0	31728	2	1489
0	199608	2	1489
0	14961	2	1493
0	182841	2	1493
0	350721	2	1493
0	166053	2	1493
0	333933	2	1493
0	149265	2	1493
0	317145	2	1493
0	132477	2	1493
0	300357	2	1493
0	115689	2	1493
0	283569	2	1493
0	98901	2	1493
0	266781	2	1493
0	82113	2	1493
0	249993	2	1493
0	65325	2	1493
0	233205	2	1493
0	48537	2	1493
0	216417	2	1493
0	31749	2	1493
0	199629	2	1493
0	14962	2	1495
0	182842	2	1495
0	350722	2	1495
0	166054	2	1495
0	333934	2	1495
0	149266	2	1495
0	317146	2	1495
0	132478	2	1495
0	300358	2	1495
0	115690	2	1495
0	283570	2	1495
0	98902	2	1495
0	266782	2	1495
0	82114	2	1495
0	249994	2	1495
0	65326	2	1495
0	233206	2	1495
0	48538	2	1495
0	216418	2	1495
0	31750	2	1495
0	199630	2	1495
0	15604	2	1559
0	183484	2	1559
0	351364	2	1559
0	166696	2	1559
0	334576	2	1559
0	149908	2	1559
0	317788	2	1559
0	133120	2	1559
0	301000	2	1559
0	116332	2	1559
0	284212	2	1559
0	99544	2	1559
0	267424	2	1559
0	82756	2	1559
0	250636	2	1559
0	65968	2	1559
0	233848	2	1559
0	49180	2	1559
0	217060	2	1559
0	32392	2	1559
0	200272	2	1559
0	16016	2	1619
0	183896	2	1619
0	351776	2	1619
0	167108	2	1619
0	334988	2	1619
0	150320	2	1619
0	318200	2	1619
0	133532	2	1619
0	301412	2	1619
0	116744	2	1619
0	284624	2	1619
0	99956	2	1619
0	267836	2	1619
0	83168	2	1619
0	251048	2	1619
0	66380	2	1619
0	234260	2	1619
0	49592	2	1619
0	217472	2	1619
0	32804	2	1619
0	200684	2	1619
0	16209	2	1641
0	184089	2	1641
0	351969	2	1641
0	167301	2	1641
0	335181	2	1641
0	150513	2	1641
0	318393	2	1641
0	133725	2	1641
0	301605	2	1641
0	116937	2	1641
0	284817	2	1641
0	100149	2	1641
0	268029	2	1641
0	83361	2	1641
0	251241	2	1641
0	66573	2	1641
0	234453	2	1641
0	49785	2	1641
0	217665	2	1641
0	32997	2	1641
0	200877	2	1641
0	16260	2	1649
0	184140	2	1649
0	352020	2	1649
0	167352	2	1649
0	335232	2	1649
0	150564	2	1649
0	318444	2	1649
0	133776	2	1649
0	301656	2	1649
0	116988	2	1649
0	284868	2	1649
0	100200	2	1649
0	268080	2	1649
0	83412	2	1649
0	251292	2	1649
0	66624	2	1649
0	234504	2	1649
0	49836	2	1649
0	217716	2	1649
0	33048	2	1649
0	200928	2	1649
0	16262	2	1653
0	184142	2	1653
0	352022	2	1653
0	167354	2	1653
0	335234	2	1653
0	150566	2	1653
0	318446	2	1653
0	133778	2	1653
0	301658	2	1653
0	116990	2	1653
0	284870	2	1653
0	100202	2	1653
0	268082	2	1653
0	83414	2	1653
0	251294	2	1653
0	66626	2	1653
0	234506	2	1653
0	49838	2	1653
0	217718	2	1653
0	33050	2	1653
0	200930	2	1653
0	16626	2	1705
0	184506	2	1705
0	352386	2	1705
0	167718	2	1705
0	335598	2	1705
0	150930	2	1705
0	318810	2	1705
0	134142	2	1705
0	302022	2	1705
0	117354	2	1705
0	285234	2	1705
0	100566	2	1705
0	268446	2	1705
0	83778	2	1705
0	251658	2	1705
0	66990	2	1705
0	234870	2	1705
0	50202	2	1705
0	218082	2	1705
0	33414	2	1705
0	201294	2	1705
0	16786	2	1725
0	184666	2	1725
0	352546	2	1725
0	167878	2	1725
0	335758	2	1725
0	151090	2	1725
0	318970	2	1725
0	134302	2	1725
0	302182	2	1725
0	117514	2	1725
0	285394	2	1725
0	100726	2	1725
0	268606	2	1725
0	83938	2	1725
0	251818	2	1725
0	67150	2	1725
0	235030	2	1725
0	50362	2	1725
0	218242	2	1725
0	33574	2	1725
0	201454	2	1725
0	16805	2	1727
0	184685	2	1727
0	17	2	1727
0	167897	2	1727
0	335777	2	1727
0	151109	2	1727
0	318989	2	1727
0	134321	2	1727
0	302201	2	1727
0	117533	2	1727
0	285413	2	1727
0	100745	2	1727
0	268625	2	1727
0	83957	2	1727
0	251837	2	1727
0	67169	2	1727
0	235049	2	1727
0	50381	2	1727
0	218261	2	1727
0	33593	2	1727
0	201473	2	1727
0	16978	1	1748
0	184858	1	1748
0	190	1	1748
0	168070	1	1748
0	335950	1	1748
0	151282	1	1748
0	319162	1	1748
0	134494	1	1748
0	302374	1	1748
0	117706	1	1748
0	285586	1	1748
0	100918	1	1748
0	268798	1	1748
0	84130	1	1748
0	252010	1	1748
0	67342	1	1748
0	235222	1	1748
0	50554	1	1748
0	218434	1	1748
0	33766	1	1748
0	201646	1	1748
0	16978	2	1749
0	184858	2	1749
0	190	2	1749
0	168070	2	1749
0	335950	2	1749
0	151282	2	1749
0	319162	2	1749
0	134494	2	1749
0	302374	2	1749
0	117706	2	1749
0	285586	2	1749
0	100918	2	1749
0	268798	2	1749
0	84130	2	1749
0	252010	2	1749
0	67342	2	1749
0	235222	2	1749
0	50554	2	1749
0	218434	2	1749
0	33766	2	1749
0	201646	2	1749
0	17042	2	1757
0	184922	2	1757
0	254	2	1757
0	168134	2	1757
0	336014	2	1757
0	151346	2	1757
0	319226	2	1757
0	134558	2	1757
0	302438	2	1757
0	117770	2	1757
0	285650	2	1757
0	100982	2	1757
0	268862	2	1757
0	84194	2	1757
0	252074	2	1757
0	67406	2	1757
0	235286	2	1757
0	50618	2	1757
0	218498	2	1757
0	33830	2	1757
0	201710	2	1757
0	17109	2	1769
0	184989	2	1769
0	321	2	1769
0	168201	2	1769
0	336081	2	1769
0	151413	2	1769
0	319293	2	1769
0	134625	2	1769
0	302505	2	1769
0	117837	2	1769
0	285717	2	1769
0	101049	2	1769
0	268929	2	1769
0	84261	2	1769
0	252141	2	1769
0	67473	2	1769
0	235353	2	1769
0	50685	2	1769
0	218565	2	1769
0	33897	2	1769
0	201777	2	1769
0	17168	2	1781
0	185048	2	1781
0	380	2	1781
0	168260	2	1781
0	336140	2	1781
0	151472	2	1781
0	319352	2	1781
0	134684	2	1781
0	302564	2	1781
0	117896	2	1781
0	285776	2	1781
0	101108	2	1781
0	268988	2	1781
0	84320	2	1781
0	252200	2	1781
0	67532	2	1781
0	235412	2	1781
0	50744	2	1781
0	218624	2	1781
0	33956	2	1781
0	201836	2	1781
0	17183	1	1782
0	185063	1	1782
0	395	1	1782
0	168275	1	1782
0	336155	1	1782
0	151487	1	1782
0	319367	1	1782
0	134699	1	1782
0	302579	1	1782
0	117911	1	1782
0	285791	1	1782
0	101123	1	1782
0	269003	1	1782
0	84335	1	1782
0	252215	1	1782
0	67547	1	1782
0	235427	1	1782
0	50759	1	1782
0	218639	1	1782
0	33971	1	1782
0	201851	1	1782
0	17183	2	1783
0	185063	2	1783
0	395	2	1783
0	168275	2	1783
0	336155	2	1783
0	151487	2	1783
0	319367	2	1783
0	134699	2	1783
0	302579	2	1783
0	117911	2	1783
0	285791	2	1783
0	101123	2	1783
0	269003	2	1783
0	84335	2	1783
0	252215	2	1783
0	67547	2	1783
0	235427	2	1783
0	50759	2	1783
0	218639	2	1783
0	33971	2	1783
0	201851	2	1783
0	17213	2	1787
0	185093	2	1787
0	425	2	1787
0	168305	2	1787
0	336185	2	1787
0	151517	2	1787
0	319397	2	1787
0	134729	2	1787
0	302609	2	1787
0	117941	2	1787
0	285821	2	1787
0	101153	2	1787
0	269033	2	1787
0	84365	2	1787
0	252245	2	1787
0	67577	2	1787
0	235457	2	1787
0	50789	2	1787
0	218669	2	1787
0	34001	2	1787
0	201881	2	1787
0	17224	2	1789
0	185104	2	1789
0	436	2	1789
0	168316	2	1789
0	336196	2	1789
0	151528	2	1789
0	319408	2	1789
0	134740	2	1789
0	302620	2	1789
0	117952	2	1789
0	285832	2	1789
0	101164	2	1789
0	269044	2	1789
0	84376	2	1789
0	252256	2	1789
0	67588	2	1789
0	235468	2	1789
0	50800	2	1789
0	218680	2	1789
0	34012	2	1789
0	201892	2	1789
0	17225	2	1791
0	185105	2	1791
0	437	2	1791
0	168317	2	1791
0	336197	2	1791
0	151529	2	1791
0	319409	2	1791
0	134741	2	1791
0	302621	2	1791
0	117953	2	1791
0	285833	2	1791
0	101165	2	1791
0	269045	2	1791
0	84377	2	1791
0	252257	2	1791
0	67589	2	1791
0	235469	2	1791
0	50801	2	1791
0	218681	2	1791
0	34013	2	1791
0	201893	2	1791
0	17243	1	1794
0	185123	1	1794
0	455	1	1794
0	168335	1	1794
0	336215	1	1794
0	151547	1	1794
0	319427	1	1794
0	134759	1	1794
0	302639	1	1794
0	117971	1	1794
0	285851	1	1794
0	101183	1	1794
0	269063	1	1794
0	84395	1	1794
0	252275	1	1794
0	67607	1	1794
0	235487	1	1794
0	50819	1	1794
0	218699	1	1794
0	34031	1	1794
0	201911	1	1794
0	17243	2	1795
0	185123	2	1795
0	455	2	1795
0	168335	2	1795
0	336215	2	1795
0	151547	2	1795
0	319427	2	1795
0	134759	2	1795
0	302639	2	1795
0	117971	2	1795
0	285851	2	1795
0	101183	2	1795
0	269063	2	1795
0	84395	2	1795
0	252275	2	1795
0	67607	2	1795
0	235487	2	1795
0	50819	2	1795
0	218699	2	1795
0	34031	2	1795
0	201911	2	1795
0	17257	1	1796
0	185137	1	1796
0	469	1	1796
0	168349	1	1796
0	336229	1	1796
0	151561	1	1796
0	319441	1	1796
0	134773	1	1796
0	302653	1	1796
0	117985	1	1796
0	285865	1	1796
0	101197	1	1796
0	269077	1	1796
0	84409	1	1796
0	252289	1	1796
0	67621	1	1796
0	235501	1	1796
0	50833	1	1796
0	218713	1	1796
0	34045	1	1796
0	201925	1	1796
0	17257	2	1797
0	185137	2	1797
0	469	2	1797
0	168349	2	1797
0	336229	2	1797
0	151561	2	1797
0	319441	2	1797
0	134773	2	1797
0	302653	2	1797
0	117985	2	1797
0	285865	2	1797
0	101197	2	1797
0	269077	2	1797
0	84409	2	1797
0	252289	2	1797
0	67621	2	1797
0	235501	2	1797
0	50833	2	1797
0	218713	2	1797
0	34045	2	1797
0	201925	2	1797
0	17318	2	1809
0	185198	2	1809
0	530	2	1809
0	168410	2	1809
0	336290	2	1809
0	151622	2	1809
0	319502	2	1809
0	134834	2	1809
0	302714	2	1809
0	118046	2	1809
0	285926	2	1809
0	101258	2	1809
0	269138	2	1809
0	84470	2	1809
0	252350	2	1809
0	67682	2	1809
0	235562	2	1809
0	50894	2	1809
0	218774	2	1809
0	34106	2	1809
0	201986	2	1809
0	17592	2	1829
0	185472	2	1829
0	804	2	1829
0	168684	2	1829
0	336564	2	1829
0	151896	2	1829
0	319776	2	1829
0	135108	2	1829
0	302988	2	1829
0	118320	2	1829
0	286200	2	1829
0	101532	2	1829
0	269412	2	1829
0	84744	2	1829
0	252624	2	1829
0	67956	2	1829
0	235836	2	1829
0	51168	2	1829
0	219048	2	1829
0	34380	2	1829
0	202260	2	1829
0	17596	2	1837
0	185476	2	1837
0	808	2	1837
0	168688	2	1837
0	336568	2	1837
0	151900	2	1837
0	319780	2	1837
0	135112	2	1837
0	302992	2	1837
0	118324	2	1837
0	286204	2	1837
0	101536	2	1837
0	269416	2	1837
0	84748	2	1837
0	252628	2	1837
0	67960	2	1837
0	235840	2	1837
0	51172	2	1837
0	219052	2	1837
0	34384	2	1837
0	202264	2	1837
0	17804	2	1847
0	185684	2	1847
0	1016	2	1847
0	168896	2	1847
0	336776	2	1847
0	152108	2	1847
0	319988	2	1847
0	135320	2	1847
0	303200	2	1847
0	118532	2	1847
0	286412	2	1847
0	101744	2	1847
0	269624	2	1847
0	84956	2	1847
0	252836	2	1847
0	68168	2	1847
0	236048	2	1847
0	51380	2	1847
0	219260	2	1847
0	34592	2	1847
0	202472	2	1847
0	18110	2	1891
0	185990	2	1891
0	1322	2	1891
0	169202	2	1891
0	337082	2	1891
0	152414	2	1891
0	320294	2	1891
0	135626	2	1891
0	303506	2	1891
0	118838	2	1891
0	286718	2	1891
0	102050	2	1891
0	269930	2	1891
0	85262	2	1891
0	253142	2	1891
0	68474	2	1891
0	236354	2	1891
0	51686	2	1891
0	219566	2	1891
0	34898	2	1891
0	202778	2	1891
0	18984	2	1949
0	186864	2	1949
0	2196	2	1949
0	170076	2	1949
0	337956	2	1949
0	153288	2	1949
0	321168	2	1949
0	136500	2	1949
0	304380	2	1949
0	119712	2	1949
0	287592	2	1949
0	102924	2	1949
0	270804	2	1949
0	86136	2	1949
0	254016	2	1949
0	69348	2	1949
0	237228	2	1949
0	52560	2	1949
0	220440	2	1949
0	35772	2	1949
0	203652	2	1949
0	19076	2	1965
0	186956	2	1965
0	2288	2	1965
0	170168	2	1965
0	338048	2	1965
0	153380	2	1965
0	321260	2	1965
0	136592	2	1965
0	304472	2	1965
0	119804	2	1965
0	287684	2	1965
0	103016	2	1965
0	270896	2	1965
0	86228	2	1965
0	254108	2	1965
0	69440	2	1965
0	237320	2	1965
0	52652	2	1965
0	220532	2	1965
0	35864	2	1965
0	203744	2	1965
0	19221	2	1981
0	187101	2	1981
0	2433	2	1981
0	170313	2	1981
0	338193	2	1981
0	153525	2	1981
0	321405	2	1981
0	136737	2	1981
0	304617	2	1981
0	119949	2	1981
0	287829	2	1981
0	103161	2	1981
0	271041	2	1981
0	86373	2	1981
0	254253	2	1981
0	69585	2	1981
0	237465	2	1981
0	52797	2	1981
0	220677	2	1981
0	36009	2	1981
0	203889	2	1981
0	19234	2	1983
0	187114	2	1983
0	2446	2	1983
0	170326	2	1983
0	338206	2	1983
0	153538	2	1983
0	321418	2	1983
0	136750	2	1983
0	304630	2	1983
0	119962	2	1983
0	287842	2	1983
0	103174	2	1983
0	271054	2	1983
0	86386	2	1983
0	254266	2	1983
0	69598	2	1983
0	237478	2	1983
0	52810	2	1983
0	220690	2	1983
0	36022	2	1983
0	203902	2	1983
0	19958	2	2041
0	187838	2	2041
0	3170	2	2041
0	171050	2	2041
0	338930	2	2041
0	154262	2	2041
0	322142	2	2041
0	137474	2	2041
0	305354	2	2041
0	120686	2	2041
0	288566	2	2041
0	103898	2	2041
0	271778	2	2041
0	87110	2	2041
0	254990	2	2041
0	70322	2	2041
0	238202	2	2041
0	53534	2	2041
0	221414	2	2041
0	36746	2	2041
0	204626	2	2041
0	20206	2	2065
0	188086	2	2065
0	3418	2	2065
0	171298	2	2065
0	339178	2	2065
0	154510	2	2065
0	322390	2	2065
0	137722	2	2065
0	305602	2	2065
0	120934	2	2065
0	288814	2	2065
0	104146	2	2065
0	272026	2	2065
0	87358	2	2065
0	255238	2	2065
0	70570	2	2065
0	238450	2	2065
0	53782	2	2065
0	221662	2	2065
0	36994	2	2065
0	204874	2	2065
0	20580	2	2097
0	188460	2	2097
0	3792	2	2097
0	171672	2	2097
0	339552	2	2097
0	154884	2	2097
0	322764	2	2097
0	138096	2	2097
0	305976	2	2097
0	121308	2	2097
0	289188	2	2097
0	104520	2	2097
0	272400	2	2097
0	87732	2	2097
0	255612	2	2097
0	70944	2	2097
0	238824	2	2097
0	54156	2	2097
0	222036	2	2097
0	37368	2	2097
0	205248	2	2097
0	21548	2	2183
0	189428	2	2183
0	4760	2	2183
0	172640	2	2183
0	340520	2	2183
0	155852	2	2183
0	323732	2	2183
0	139064	2	2183
0	306944	2	2183
0	122276	2	2183
0	290156	2	2183
0	105488	2	2183
0	273368	2	2183
0	88700	2	2183
0	256580	2	2183
0	71912	2	2183
0	239792	2	2183
0	55124	2	2183
0	223004	2	2183
0	38336	2	2183
0	206216	2	2183
0	21793	2	2197
0	189673	2	2197
0	5005	2	2197
0	172885	2	2197
0	340765	2	2197
0	156097	2	2197
0	323977	2	2197
0	139309	2	2197
0	307189	2	2197
0	122521	2	2197
0	290401	2	2197
0	105733	2	2197
0	273613	2	2197
0	88945	2	2197
0	256825	2	2197
0	72157	2	2197
0	240037	2	2197
0	55369	2	2197
0	223249	2	2197
0	38581	2	2197
0	206461	2	2197
0	22758	2	2283
0	190638	2	2283
0	5970	2	2283
0	173850	2	2283
0	341730	2	2283
0	157062	2	2283
0	324942	2	2283
0	140274	2	2283
0	308154	2	2283
0	123486	2	2283
0	291366	2	2283
0	106698	2	2283
0	274578	2	2283
0	89910	2	2283
0	257790	2	2283
0	73122	2	2283
0	241002	2	2283
0	56334	2	2283
0	224214	2	2283
0	39546	2	2283
0	207426	2	2283
0	22759	2	2285
0	190639	2	2285
0	5971	2	2285
0	173851	2	2285
0	341731	2	2285
0	157063	2	2285
0	324943	2	2285
0	140275	2	2285
0	308155	2	2285
0	123487	2	2285
0	291367	2	2285
0	106699	2	2285
0	274579	2	2285
0	89911	2	2285
0	257791	2	2285
0	73123	2	2285
0	241003	2	2285
0	56335	2	2285
0	224215	2	2285
0	39547	2	2285
0	207427	2	2285
0	22779	2	2289
0	190659	2	2289
0	5991	2	2289
0	173871	2	2289
0	341751	2	2289
0	157083	2	2289
0	324963	2	2289
0	140295	2	2289
0	308175	2	2289
0	123507	2	2289
0	291387	2	2289
0	106719	2	2289
0	274599	2	2289
0	89931	2	2289
0	257811	2	2289
0	73143	2	2289
0	241023	2	2289
0	56355	2	2289
0	224235	2	2289
0	39567	2	2289
0	207447	2	2289
0	23257	1	2332
0	191137	1	2332
0	6469	1	2332
0	174349	1	2332
0	342229	1	2332
0	157561	1	2332
0	325441	1	2332
0	140773	1	2332
0	308653	1	2332
0	123985	1	2332
0	291865	1	2332
0	107197	1	2332
0	275077	1	2332
0	90409	1	2332
0	258289	1	2332
0	73621	1	2332
0	241501	1	2332
0	56833	1	2332
0	224713	1	2332
0	40045	1	2332
0	207925	1	2332
0	23257	2	2333
0	191137	2	2333
0	6469	2	2333
0	174349	2	2333
0	342229	2	2333
0	157561	2	2333
0	325441	2	2333
0	140773	2	2333
0	308653	2	2333
0	123985	2	2333
0	291865	2	2333
0	107197	2	2333
0	275077	2	2333
0	90409	2	2333
0	258289	2	2333
0	73621	2	2333
0	241501	2	2333
0	56833	2	2333
0	224713	2	2333
0	40045	2	2333
0	207925	2	2333
0	23454	2	2359
0	191334	2	2359
0	6666	2	2359
0	174546	2	2359
0	342426	2	2359
0	157758	2	2359
0	325638	2	2359
0	140970	2	2359
0	308850	2	2359
0	124182	2	2359
0	292062	2	2359
0	107394	2	2359
0	275274	2	2359
0	90606	2	2359
0	258486	2	2359
0	73818	2	2359
0	241698	2	2359
0	57030	2	2359
0	224910	2	2359
0	40242	2	2359
0	208122	2	2359
0	23965	1	2422
0	191845	1	2422
0	7177	1	2422
0	175057	1	2422
0	342937	1	2422
0	158269	1	2422
0	326149	1	2422
0	141481	1	2422
0	309361	1	2422
0	124693	1	2422
0	292573	1	2422
0	107905	1	2422
0	275785	1	2422
0	91117	1	2422
0	258997	1	2422
0	74329	1	2422
0	242209	1	2422
0	57541	1	2422
0	225421	1	2422
0	40753	1	2422
0	208633	1	2422
0	23989	2	2429
0	191869	2	2429
0	7201	2	2429
0	175081	2	2429
0	342961	2	2429
0	158293	2	2429
0	326173	2	2429
0	141505	2	2429
0	309385	2	2429
0	124717	2	2429
0	292597	2	2429
0	107929	2	2429
0	275809	2	2429
0	91141	2	2429
0	259021	2	2429
0	74353	2	2429
0	242233	2	2429
0	57565	2	2429
0	225445	2	2429
0	40777	2	2429
0	208657	2	2429
0	24213	1	2444
0	192093	1	2444
0	7425	1	2444
0	175305	1	2444
0	343185	1	2444
0	158517	1	2444
0	326397	1	2444
0	141729	1	2444
0	309609	1	2444
0	124941	1	2444
0	292821	1	2444
0	108153	1	2444
0	276033	1	2444
0	91365	1	2444
0	259245	1	2444
0	74577	1	2444
0	242457	1	2444
0	57789	1	2444
0	225669	1	2444
0	41001	1	2444
0	208881	1	2444
0	24752	2	2481
0	192632	2	2481
0	7964	2	2481
0	175844	2	2481
0	343724	2	2481
0	159056	2	2481
0	326936	2	2481
0	142268	2	2481
0	310148	2	2481
0	125480	2	2481
0	293360	2	2481
0	108692	2	2481
0	276572	2	2481
0	91904	2	2481
0	259784	2	2481
0	75116	2	2481
0	242996	2	2481
0	58328	2	2481
0	226208	2	2481
0	41540	2	2481
0	209420	2	2481
0	24753	1	2482
0	192633	1	2482
0	7965	1	2482
0	175845	1	2482
0	343725	1	2482
0	159057	1	2482
0	326937	1	2482
0	142269	1	2482
0	310149	1	2482
0	125481	1	2482
0	293361	1	2482
0	108693	1	2482
0	276573	1	2482
0	91905	1	2482
0	259785	1	2482
0	75117	1	2482
0	242997	1	2482
0	58329	1	2482
0	226209	1	2482
0	41541	1	2482
0	209421	1	2482
0	24754	2	2485
0	192634	2	2485
0	7966	2	2485
0	175846	2	2485
0	343726	2	2485
0	159058	2	2485
0	326938	2	2485
0	142270	2	2485
0	310150	2	2485
0	125482	2	2485
0	293362	2	2485
0	108694	2	2485
0	276574	2	2485
0	91906	2	2485
0	259786	2	2485
0	75118	2	2485
0	242998	2	2485
0	58330	2	2485
0	226210	2	2485
0	41542	2	2485
0	209422	2	2485
0	25353	2	2539
0	193233	2	2539
0	8565	2	2539
0	176445	2	2539
0	344325	2	2539
0	159657	2	2539
0	327537	2	2539
0	142869	2	2539
0	310749	2	2539
0	126081	2	2539
0	293961	2	2539
0	109293	2	2539
0	277173	2	2539
0	92505	2	2539
0	260385	2	2539
0	75717	2	2539
0	243597	2	2539
0	58929	2	2539
0	226809	2	2539
0	42141	2	2539
0	210021	2	2539
0	25883	2	2613
0	193763	2	2613
0	9095	2	2613
0	176975	2	2613
0	344855	2	2613
0	160187	2	2613
0	328067	2	2613
0	143399	2	2613
0	311279	2	2613
0	126611	2	2613
0	294491	2	2613
0	109823	2	2613
0	277703	2	2613
0	93035	2	2613
0	260915	2	2613
0	76247	2	2613
0	244127	2	2613
0	59459	2	2613
0	227339	2	2613
0	42671	2	2613
0	210551	2	2613
0	26060	2	2633
0	193940	2	2633
0	9272	2	2633
0	177152	2	2633
0	345032	2	2633
0	160364	2	2633
0	328244	2	2633
0	143576	2	2633
0	311456	2	2633
0	126788	2	2633
0	294668	2	2633
0	110000	2	2633
0	277880	2	2633
0	93212	2	2633
0	261092	2	2633
0	76424	2	2633
0	244304	2	2633
0	59636	2	2633
0	227516	2	2633
0	42848	2	2633
0	210728	2	2633
0	26746	2	2701
0	194626	2	2701
0	9958	2	2701
0	177838	2	2701
0	345718	2	2701
0	161050	2	2701
0	328930	2	2701
0	144262	2	2701
0	312142	2	2701
0	127474	2	2701
0	295354	2	2701
0	110686	2	2701
0	278566	2	2701
0	93898	2	2701
0	261778	2	2701
0	77110	2	2701
0	244990	2	2701
0	60322	2	2701
0	228202	2	2701
0	43534	2	2701
0	211414	2	2701
0	26772	1	2708
0	194652	1	2708
0	9984	1	2708
0	177864	1	2708
0	345744	1	2708
0	161076	1	2708
0	328956	1	2708
0	144288	1	2708
0	312168	1	2708
0	127500	1	2708
0	295380	1	2708
0	110712	1	2708
0	278592	1	2708
0	93924	1	2708
0	261804	1	2708
0	77136	1	2708
0	245016	1	2708
0	60348	1	2708
0	228228	1	2708
0	43560	1	2708
0	211440	1	2708
0	26772	2	2709
0	194652	2	2709
0	9984	2	2709
0	177864	2	2709
0	345744	2	2709
0	161076	2	2709
0	328956	2	2709
0	144288	2	2709
0	312168	2	2709
0	127500	2	2709
0	295380	2	2709
0	110712	2	2709
0	278592	2	2709
0	93924	2	2709
0	261804	2	2709
0	77136	2	2709
0	245016	2	2709
0	60348	2	2709
0	228228	2	2709
0	43560	2	2709
0	211440	2	2709
0	27033	2	2727
0	194913	2	2727
0	10245	2	2727
0	178125	2	2727
0	346005	2	2727
0	161337	2	2727
0	329217	2	2727
0	144549	2	2727
0	312429	2	2727
0	127761	2	2727
0	295641	2	2727
0	110973	2	2727
0	278853	2	2727
0	94185	2	2727
0	262065	2	2727
0	77397	2	2727
0	245277	2	2727
0	60609	2	2727
0	228489	2	2727
0	43821	2	2727
0	211701	2	2727
0	27294	2	2745
0	195174	2	2745
0	10506	2	2745
0	178386	2	2745
0	346266	2	2745
0	161598	2	2745
0	329478	2	2745
0	144810	2	2745
0	312690	2	2745
0	128022	2	2745
0	295902	2	2745
0	111234	2	2745
0	279114	2	2745
0	94446	2	2745
0	262326	2	2745
0	77658	2	2745
0	245538	2	2745
0	60870	2	2745
0	228750	2	2745
0	44082	2	2745
0	211962	2	2745
0	29358	2	2923
0	197238	2	2923
0	12570	2	2923
0	180450	2	2923
0	348330	2	2923
0	163662	2	2923
0	331542	2	2923
0	146874	2	2923
0	314754	2	2923
0	130086	2	2923
0	297966	2	2923
0	113298	2	2923
0	281178	2	2923
0	96510	2	2923
0	264390	2	2923
0	79722	2	2923
0	247602	2	2923
0	62934	2	2923
0	230814	2	2923
0	46146	2	2923
0	214026	2	2923
0	29817	2	2979
0	197697	2	2979
0	13029	2	2979
0	180909	2	2979
0	348789	2	2979
0	164121	2	2979
0	332001	2	2979
0	147333	2	2979
0	315213	2	2979
0	130545	2	2979
0	298425	2	2979
0	113757	2	2979
0	281637	2	2979
0	96969	2	2979
0	264849	2	2979
0	80181	2	2979
0	248061	2	2979
0	63393	2	2979
0	231273	2	2979
0	46605	2	2979
0	214485	2	2979
0	29825	2	2981
0	197705	2	2981
0	13037	2	2981
0	180917	2	2981
0	348797	2	2981
0	164129	2	2981
0	332009	2	2981
0	147341	2	2981
0	315221	2	2981
0	130553	2	2981
0	298433	2	2981
0	113765	2	2981
0	281645	2	2981
0	96977	2	2981
0	264857	2	2981
0	80189	2	2981
0	248069	2	2981
0	63401	2	2981
0	231281	2	2981
0	46613	2	2981
0	214493	2	2981
0	30300	2	3043
0	198180	2	3043
0	13512	2	3043
0	181392	2	3043
0	349272	2	3043
0	164604	2	3043
0	332484	2	3043
0	147816	2	3043
0	315696	2	3043
0	131028	2	3043
0	298908	2	3043
0	114240	2	3043
0	282120	2	3043
0	97452	2	3043
0	265332	2	3043
0	80664	2	3043
0	248544	2	3043
0	63876	2	3043
0	231756	2	3043
0	47088	2	3043
0	214968	2	3043
0	30667	2	3073
0	198547	2	3073
0	13879	2	3073
0	181759	2	3073
0	349639	2	3073
0	164971	2	3073
0	332851	2	3073
0	148183	2	3073
0	316063	2	3073
0	131395	2	3073
0	299275	2	3073
0	114607	2	3073
0	282487	2	3073
0	97819	2	3073
0	265699	2	3073
0	81031	2	3073
0	248911	2	3073
0	64243	2	3073
0	232123	2	3073
0	47455	2	3073
0	215335	2	3073
0	31292	2	3143
0	199172	2	3143
0	14504	2	3143
0	182384	2	3143
0	350264	2	3143
0	165596	2	3143
0	333476	2	3143
0	148808	2	3143
0	316688	2	3143
0	132020	2	3143
0	299900	2	3143
0	115232	2	3143
0	283112	2	3143
0	98444	2	3143
0	266324	2	3143
0	81656	2	3143
0	249536	2	3143
0	64868	2	3143
0	232748	2	3143
0	48080	2	3143
0	215960	2	3143
0	31340	2	3147
0	199220	2	3147
0	14552	2	3147
0	182432	2	3147
0	350312	2	3147
0	165644	2	3147
0	333524	2	3147
0	148856	2	3147
0	316736	2	3147
0	132068	2	3147
0	299948	2	3147
0	115280	2	3147
0	283160	2	3147
0	98492	2	3147
0	266372	2	3147
0	81704	2	3147
0	249584	2	3147
0	64916	2	3147
0	232796	2	3147
0	48128	2	3147
0	216008	2	3147
0	32196	2	3219
0	200076	2	3219
0	15408	2	3219
0	183288	2	3219
0	351168	2	3219
0	166500	2	3219
0	334380	2	3219
0	149712	2	3219
0	317592	2	3219
0	132924	2	3219
0	300804	2	3219
0	116136	2	3219
0	284016	2	3219
0	99348	2	3219
0	267228	2	3219
0	82560	2	3219
0	250440	2	3219
0	65772	2	3219
0	233652	2	3219
0	48984	2	3219
0	216864	2	3219
0	32274	1	3226
0	200154	1	3226
0	15486	1	3226
0	183366	1	3226
0	351246	1	3226
0	166578	1	3226
0	334458	1	3226
0	149790	1	3226
0	317670	1	3226
0	133002	1	3226
0	300882	1	3226
0	116214	1	3226
0	284094	1	3226
0	99426	1	3226
0	267306	1	3226
0	82638	1	3226
0	250518	1	3226
0	65850	1	3226
0	233730	1	3226
0	49062	1	3226
0	216942	1	3226
0	32409	2	3245
0	200289	2	3245
0	15621	2	3245
0	183501	2	3245
0	351381	2	3245
0	166713	2	3245
0	334593	2	3245
0	149925	2	3245
0	317805	2	3245
0	133137	2	3245
0	301017	2	3245
0	116349	2	3245
0	284229	2	3245
0	99561	2	3245
0	267441	2	3245
0	82773	2	3245
0	250653	2	3245
0	65985	2	3245
0	233865	2	3245
0	49197	2	3245
0	217077	2	3245
0	32410	2	3247
0	200290	2	3247
0	15622	2	3247
0	183502	2	3247
0	351382	2	3247
0	166714	2	3247
0	334594	2	3247
0	149926	2	3247
0	317806	2	3247
0	133138	2	3247
0	301018	2	3247
0	116350	2	3247
0	284230	2	3247
0	99562	2	3247
0	267442	2	3247
0	82774	2	3247
0	250654	2	3247
0	65986	2	3247
0	233866	2	3247
0	49198	2	3247
0	217078	2	3247
0	32817	2	3283
0	200697	2	3283
0	16029	2	3283
0	183909	2	3283
0	351789	2	3283
0	167121	2	3283
0	335001	2	3283
0	150333	2	3283
0	318213	2	3283
0	133545	2	3283
0	301425	2	3283
0	116757	2	3283
0	284637	2	3283
0	99969	2	3283
0	267849	2	3283
0	83181	2	3283
0	251061	2	3283
0	66393	2	3283
0	234273	2	3283
0	49605	2	3283
0	217485	2	3283
0	33068	2	3305
0	200948	2	3305
0	16280	2	3305
0	184160	2	3305
0	352040	2	3305
0	167372	2	3305
0	335252	2	3305
0	150584	2	3305
0	318464	2	3305
0	133796	2	3305
0	301676	2	3305
0	117008	2	3305
0	284888	2	3305
0	100220	2	3305
0	268100	2	3305
0	83432	2	3305
0	251312	2	3305
0	66644	2	3305
0	234524	2	3305
0	49856	2	3305
0	217736	2	3305
0	33469	2	3329
0	201349	2	3329
0	16681	2	3329
0	184561	2	3329
0	352441	2	3329
0	167773	2	3329
0	335653	2	3329
0	150985	2	3329
0	318865	2	3329
0	134197	2	3329
0	302077	2	3329
0	117409	2	3329
0	285289	2	3329
0	100621	2	3329
0	268501	2	3329
0	83833	2	3329
0	251713	2	3329
0	67045	2	3329
0	234925	2	3329
0	50257	2	3329
0	218137	2	3329
0	33490	1	3330
0	201370	1	3330
0	16702	1	3330
0	184582	1	3330
0	352462	1	3330
0	167794	1	3330
0	335674	1	3330
0	151006	1	3330
0	318886	1	3330
0	134218	1	3330
0	302098	1	3330
0	117430	1	3330
0	285310	1	3330
0	100642	1	3330
0	268522	1	3330
0	83854	1	3330
0	251734	1	3330
0	67066	1	3330
0	234946	1	3330
0	50278	1	3330
0	218158	1	3330
0	33490	2	3331
0	201370	2	3331
0	16702	2	3331
0	184582	2	3331
0	352462	2	3331
0	167794	2	3331
0	335674	2	3331
0	151006	2	3331
0	318886	2	3331
0	134218	2	3331
0	302098	2	3331
0	117430	2	3331
0	285310	2	3331
0	100642	2	3331
0	268522	2	3331
0	83854	2	3331
0	251734	2	3331
0	67066	2	3331
0	234946	2	3331
0	50278	2	3331
0	218158	2	3331
0	33572	1	3342
0	201452	1	3342
0	16784	1	3342
0	184664	1	3342
0	352544	1	3342
0	167876	1	3342
0	335756	1	3342
0	151088	1	3342
0	318968	1	3342
0	134300	1	3342
0	302180	1	3342
0	117512	1	3342
0	285392	1	3342
0	100724	1	3342
0	268604	1	3342
0	83936	1	3342
0	251816	1	3342
0	67148	1	3342
0	235028	1	3342
0	50360	1	3342
0	218240	1	3342
0	33572	2	3343
0	201452	2	3343
0	16784	2	3343
0	184664	2	3343
0	352544	2	3343
0	167876	2	3343
0	335756	2	3343
0	151088	2	3343
0	318968	2	3343
0	134300	2	3343
0	302180	2	3343
0	117512	2	3343
0	285392	2	3343
0	100724	2	3343
0	268604	2	3343
0	83936	2	3343
0	251816	2	3343
0	67148	2	3343
0	235028	2	3343
0	50360	2	3343
0	218240	2	3343
0	33969	1	3372
0	201849	1	3372
0	17181	1	3372
0	185061	1	3372
0	393	1	3372
0	168273	1	3372
0	336153	1	3372
0	151485	1	3372
0	319365	1	3372
0	134697	1	3372
0	302577	1	3372
0	117909	1	3372
0	285789	1	3372
0	101121	1	3372
0	269001	1	3372
0	84333	1	3372
0	252213	1	3372
0	67545	1	3372
0	235425	1	3372
0	50757	1	3372
0	218637	1	3372
0	33969	2	3373
0	201849	2	3373
0	17181	2	3373
0	185061	2	3373
0	393	2	3373
0	168273	2	3373
0	336153	2	3373
0	151485	2	3373
0	319365	2	3373
0	134697	2	3373
0	302577	2	3373
0	117909	2	3373
0	285789	2	3373
0	101121	2	3373
0	269001	2	3373
0	84333	2	3373
0	252213	2	3373
0	67545	2	3373
0	235425	2	3373
0	50757	2	3373
0	218637	2	3373
0	33999	1	3376
0	201879	1	3376
0	17211	1	3376
0	185091	1	3376
0	423	1	3376
0	168303	1	3376
0	336183	1	3376
0	151515	1	3376
0	319395	1	3376
0	134727	1	3376
0	302607	1	3376
0	117939	1	3376
0	285819	1	3376
0	101151	1	3376
0	269031	1	3376
0	84363	1	3376
0	252243	1	3376
0	67575	1	3376
0	235455	1	3376
0	50787	1	3376
0	218667	1	3376
0	33999	2	3377
0	201879	2	3377
0	17211	2	3377
0	185091	2	3377
0	423	2	3377
0	168303	2	3377
0	336183	2	3377
0	151515	2	3377
0	319395	2	3377
0	134727	2	3377
0	302607	2	3377
0	117939	2	3377
0	285819	2	3377
0	101151	2	3377
0	269031	2	3377
0	84363	2	3377
0	252243	2	3377
0	67575	2	3377
0	235455	2	3377
0	50787	2	3377
0	218667	2	3377
0	34029	2	3379
0	201909	2	3379
0	17241	2	3379
0	185121	2	3379
0	453	2	3379
0	168333	2	3379
0	336213	2	3379
0	151545	2	3379
0	319425	2	3379
0	134757	2	3379
0	302637	2	3379
0	117969	2	3379
0	285849	2	3379
0	101181	2	3379
0	269061	2	3379
0	84393	2	3379
0	252273	2	3379
0	67605	2	3379
0	235485	2	3379
0	50817	2	3379
0	218697	2	3379
0	34590	2	3443
0	202470	2	3443
0	17802	2	3443
0	185682	2	3443
0	1014	2	3443
0	168894	2	3443
0	336774	2	3443
0	152106	2	3443
0	319986	2	3443
0	135318	2	3443
0	303198	2	3443
0	118530	2	3443
0	286410	2	3443
0	101742	2	3443
0	269622	2	3443
0	84954	2	3443
0	252834	2	3443
0	68166	2	3443
0	236046	2	3443
0	51378	2	3443
0	219258	2	3443
0	35001	2	3481
0	202881	2	3481
0	18213	2	3481
0	186093	2	3481
0	1425	2	3481
0	169305	2	3481
0	337185	2	3481
0	152517	2	3481
0	320397	2	3481
0	135729	2	3481
0	303609	2	3481
0	118941	2	3481
0	286821	2	3481
0	102153	2	3481
0	270033	2	3481
0	85365	2	3481
0	253245	2	3481
0	68577	2	3481
0	236457	2	3481
0	51789	2	3481
0	219669	2	3481
0	35082	2	3493
0	202962	2	3493
0	18294	2	3493
0	186174	2	3493
0	1506	2	3493
0	169386	2	3493
0	337266	2	3493
0	152598	2	3493
0	320478	2	3493
0	135810	2	3493
0	303690	2	3493
0	119022	2	3493
0	286902	2	3493
0	102234	2	3493
0	270114	2	3493
0	85446	2	3493
0	253326	2	3493
0	68658	2	3493
0	236538	2	3493
0	51870	2	3493
0	219750	2	3493
0	35925	2	3561
0	203805	2	3561
0	19137	2	3561
0	187017	2	3561
0	2349	2	3561
0	170229	2	3561
0	338109	2	3561
0	153441	2	3561
0	321321	2	3561
0	136653	2	3561
0	304533	2	3561
0	119865	2	3561
0	287745	2	3561
0	103077	2	3561
0	270957	2	3561
0	86289	2	3561
0	254169	2	3561
0	69501	2	3561
0	237381	2	3561
0	52713	2	3561
0	220593	2	3561
0	35940	2	3563
0	203820	2	3563
0	19152	2	3563
0	187032	2	3563
0	2364	2	3563
0	170244	2	3563
0	338124	2	3563
0	153456	2	3563
0	321336	2	3563
0	136668	2	3563
0	304548	2	3563
0	119880	2	3563
0	287760	2	3563
0	103092	2	3563
0	270972	2	3563
0	86304	2	3563
0	254184	2	3563
0	69516	2	3563
0	237396	2	3563
0	52728	2	3563
0	220608	2	3563
0	36218	2	3587
0	204098	2	3587
0	19430	2	3587
0	187310	2	3587
0	2642	2	3587
0	170522	2	3587
0	338402	2	3587
0	153734	2	3587
0	321614	2	3587
0	136946	2	3587
0	304826	2	3587
0	120158	2	3587
0	288038	2	3587
0	103370	2	3587
0	271250	2	3587
0	86582	2	3587
0	254462	2	3587
0	69794	2	3587
0	237674	2	3587
0	53006	2	3587
0	220886	2	3587
0	36235	1	3588
0	204115	1	3588
0	19447	1	3588
0	187327	1	3588
0	2659	1	3588
0	170539	1	3588
0	338419	1	3588
0	153751	1	3588
0	321631	1	3588
0	136963	1	3588
0	304843	1	3588
0	120175	1	3588
0	288055	1	3588
0	103387	1	3588
0	271267	1	3588
0	86599	1	3588
0	254479	1	3588
0	69811	1	3588
0	237691	1	3588
0	53023	1	3588
0	220903	1	3588
0	36817	2	3643
0	204697	2	3643
0	20029	2	3643
0	187909	2	3643
0	3241	2	3643
0	171121	2	3643
0	339001	2	3643
0	154333	2	3643
0	322213	2	3643
0	137545	2	3643
0	305425	2	3643
0	120757	2	3643
0	288637	2	3643
0	103969	2	3643
0	271849	2	3643
0	87181	2	3643
0	255061	2	3643
0	70393	2	3643
0	238273	2	3643
0	53605	2	3643
0	221485	2	3643
0	37359	2	3691
0	205239	2	3691
0	20571	2	3691
0	188451	2	3691
0	3783	2	3691
0	171663	2	3691
0	339543	2	3691
0	154875	2	3691
0	322755	2	3691
0	138087	2	3691
0	305967	2	3691
0	121299	2	3691
0	289179	2	3691
0	104511	2	3691
0	272391	2	3691
0	87723	2	3691
0	255603	2	3691
0	70935	2	3691
0	238815	2	3691
0	54147	2	3691
0	222027	2	3691
0	37730	2	3727
0	205610	2	3727
0	20942	2	3727
0	188822	2	3727
0	4154	2	3727
0	172034	2	3727
0	339914	2	3727
0	155246	2	3727
0	323126	2	3727
0	138458	2	3727
0	306338	2	3727
0	121670	2	3727
0	289550	2	3727
0	104882	2	3727
0	272762	2	3727
0	88094	2	3727
0	255974	2	3727
0	71306	2	3727
0	239186	2	3727
0	54518	2	3727
0	222398	2	3727
0	37731	2	3729
0	205611	2	3729
0	20943	2	3729
0	188823	2	3729
0	4155	2	3729
0	172035	2	3729
0	339915	2	3729
0	155247	2	3729
0	323127	2	3729
0	138459	2	3729
0	306339	2	3729
0	121671	2	3729
0	289551	2	3729
0	104883	2	3729
0	272763	2	3729
0	88095	2	3729
0	255975	2	3729
0	71307	2	3729
0	239187	2	3729
0	54519	2	3729
0	222399	2	3729
0	38092	2	3769
0	205972	2	3769
0	21304	2	3769
0	189184	2	3769
0	4516	2	3769
0	172396	2	3769
0	340276	2	3769
0	155608	2	3769
0	323488	2	3769
0	138820	2	3769
0	306700	2	3769
0	122032	2	3769
0	289912	2	3769
0	105244	2	3769
0	273124	2	3769
0	88456	2	3769
0	256336	2	3769
0	71668	2	3769
0	239548	2	3769
0	54880	2	3769
0	222760	2	3769
0	38334	2	3793
0	206214	2	3793
0	21546	2	3793
0	189426	2	3793
0	4758	2	3793
0	172638	2	3793
0	340518	2	3793
0	155850	2	3793
0	323730	2	3793
0	139062	2	3793
0	306942	2	3793
0	122274	2	3793
0	290154	2	3793
0	105486	2	3793
0	273366	2	3793
0	88698	2	3793
0	256578	2	3793
0	71910	2	3793
0	239790	2	3793
0	55122	2	3793
0	223002	2	3793
0	38509	2	3809
0	206389	2	3809
0	21721	2	3809
0	189601	2	3809
0	4933	2	3809
0	172813	2	3809
0	340693	2	3809
0	156025	2	3809
0	323905	2	3809
0	139237	2	3809
0	307117	2	3809
0	122449	2	3809
0	290329	2	3809
0	105661	2	3809
0	273541	2	3809
0	88873	2	3809
0	256753	2	3809
0	72085	2	3809
0	239965	2	3809
0	55297	2	3809
0	223177	2	3809
0	39476	2	3867
0	207356	2	3867
0	22688	2	3867
0	190568	2	3867
0	5900	2	3867
0	173780	2	3867
0	341660	2	3867
0	156992	2	3867
0	324872	2	3867
0	140204	2	3867
0	308084	2	3867
0	123416	2	3867
0	291296	2	3867
0	106628	2	3867
0	274508	2	3867
0	89840	2	3867
0	257720	2	3867
0	73052	2	3867
0	240932	2	3867
0	56264	2	3867
0	224144	2	3867
0	39500	2	3873
0	207380	2	3873
0	22712	2	3873
0	190592	2	3873
0	5924	2	3873
0	173804	2	3873
0	341684	2	3873
0	157016	2	3873
0	324896	2	3873
0	140228	2	3873
0	308108	2	3873
0	123440	2	3873
0	291320	2	3873
0	106652	2	3873
0	274532	2	3873
0	89864	2	3873
0	257744	2	3873
0	73076	2	3873
0	240956	2	3873
0	56288	2	3873
0	224168	2	3873
0	39531	2	3877
0	207411	2	3877
0	22743	2	3877
0	190623	2	3877
0	5955	2	3877
0	173835	2	3877
0	341715	2	3877
0	157047	2	3877
0	324927	2	3877
0	140259	2	3877
0	308139	2	3877
0	123471	2	3877
0	291351	2	3877
0	106683	2	3877
0	274563	2	3877
0	89895	2	3877
0	257775	2	3877
0	73107	2	3877
0	240987	2	3877
0	56319	2	3877
0	224199	2	3877
0	39565	1	3878
0	207445	1	3878
0	22777	1	3878
0	190657	1	3878
0	5989	1	3878
0	173869	1	3878
0	341749	1	3878
0	157081	1	3878
0	324961	1	3878
0	140293	1	3878
0	308173	1	3878
0	123505	1	3878
0	291385	1	3878
0	106717	1	3878
0	274597	1	3878
0	89929	1	3878
0	257809	1	3878
0	73141	1	3878
0	241021	1	3878
0	56353	1	3878
0	224233	1	3878
0	39565	2	3879
0	207445	2	3879
0	22777	2	3879
0	190657	2	3879
0	5989	2	3879
0	173869	2	3879
0	341749	2	3879
0	157081	2	3879
0	324961	2	3879
0	140293	2	3879
0	308173	2	3879
0	123505	2	3879
0	291385	2	3879
0	106717	2	3879
0	274597	2	3879
0	89929	2	3879
0	257809	2	3879
0	73141	2	3879
0	241021	2	3879
0	56353	2	3879
0	224233	2	3879
0	39756	2	3899
0	207636	2	3899
0	22968	2	3899
0	190848	2	3899
0	6180	2	3899
0	174060	2	3899
0	341940	2	3899
0	157272	2	3899
0	325152	2	3899
0	140484	2	3899
0	308364	2	3899
0	123696	2	3899
0	291576	2	3899
0	106908	2	3899
0	274788	2	3899
0	90120	2	3899
0	258000	2	3899
0	73332	2	3899
0	241212	2	3899
0	56544	2	3899
0	224424	2	3899
0	40457	2	3957
0	208337	2	3957
0	23669	2	3957
0	191549	2	3957
0	6881	2	3957
0	174761	2	3957
0	342641	2	3957
0	157973	2	3957
0	325853	2	3957
0	141185	2	3957
0	309065	2	3957
0	124397	2	3957
0	292277	2	3957
0	107609	2	3957
0	275489	2	3957
0	90821	2	3957
0	258701	2	3957
0	74033	2	3957
0	241913	2	3957
0	57245	2	3957
0	225125	2	3957
0	40742	2	3987
0	208622	2	3987
0	23954	2	3987
0	191834	2	3987
0	7166	2	3987
0	175046	2	3987
0	342926	2	3987
0	158258	2	3987
0	326138	2	3987
0	141470	2	3987
0	309350	2	3987
0	124682	2	3987
0	292562	2	3987
0	107894	2	3987
0	275774	2	3987
0	91106	2	3987
0	258986	2	3987
0	74318	2	3987
0	242198	2	3987
0	57530	2	3987
0	225410	2	3987
0	40975	2	4009
0	208855	2	4009
0	24187	2	4009
0	192067	2	4009
0	7399	2	4009
0	175279	2	4009
0	343159	2	4009
0	158491	2	4009
0	326371	2	4009
0	141703	2	4009
0	309583	2	4009
0	124915	2	4009
0	292795	2	4009
0	108127	2	4009
0	276007	2	4009
0	91339	2	4009
0	259219	2	4009
0	74551	2	4009
0	242431	2	4009
0	57763	2	4009
0	225643	2	4009
0	40999	2	4011
0	208879	2	4011
0	24211	2	4011
0	192091	2	4011
0	7423	2	4011
0	175303	2	4011
0	343183	2	4011
0	158515	2	4011
0	326395	2	4011
0	141727	2	4011
0	309607	2	4011
0	124939	2	4011
0	292819	2	4011
0	108151	2	4011
0	276031	2	4011
0	91363	2	4011
0	259243	2	4011
0	74575	2	4011
0	242455	2	4011
0	57787	2	4011
0	225667	2	4011
0	41107	2	4019
0	208987	2	4019
0	24319	2	4019
0	192199	2	4019
0	7531	2	4019
0	175411	2	4019
0	343291	2	4019
0	158623	2	4019
0	326503	2	4019
0	141835	2	4019
0	309715	2	4019
0	125047	2	4019
0	292927	2	4019
0	108259	2	4019
0	276139	2	4019
0	91471	2	4019
0	259351	2	4019
0	74683	2	4019
0	242563	2	4019
0	57895	2	4019
0	225775	2	4019
0	41118	2	4021
0	208998	2	4021
0	24330	2	4021
0	192210	2	4021
0	7542	2	4021
0	175422	2	4021
0	343302	2	4021
0	158634	2	4021
0	326514	2	4021
0	141846	2	4021
0	309726	2	4021
0	125058	2	4021
0	292938	2	4021
0	108270	2	4021
0	276150	2	4021
0	91482	2	4021
0	259362	2	4021
0	74694	2	4021
0	242574	2	4021
0	57906	2	4021
0	225786	2	4021
0	42106	2	4115
0	209986	2	4115
0	25318	2	4115
0	193198	2	4115
0	8530	2	4115
0	176410	2	4115
0	344290	2	4115
0	159622	2	4115
0	327502	2	4115
0	142834	2	4115
0	310714	2	4115
0	126046	2	4115
0	293926	2	4115
0	109258	2	4115
0	277138	2	4115
0	92470	2	4115
0	260350	2	4115
0	75682	2	4115
0	243562	2	4115
0	58894	2	4115
0	226774	2	4115
0	42136	2	4119
0	210016	2	4119
0	25348	2	4119
0	193228	2	4119
0	8560	2	4119
0	176440	2	4119
0	344320	2	4119
0	159652	2	4119
0	327532	2	4119
0	142864	2	4119
0	310744	2	4119
0	126076	2	4119
0	293956	2	4119
0	109288	2	4119
0	277168	2	4119
0	92500	2	4119
0	260380	2	4119
0	75712	2	4119
0	243592	2	4119
0	58924	2	4119
0	226804	2	4119
0	42137	2	4121
0	210017	2	4121
0	25349	2	4121
0	193229	2	4121
0	8561	2	4121
0	176441	2	4121
0	344321	2	4121
0	159653	2	4121
0	327533	2	4121
0	142865	2	4121
0	310745	2	4121
0	126077	2	4121
0	293957	2	4121
0	109289	2	4121
0	277169	2	4121
0	92501	2	4121
0	260381	2	4121
0	75713	2	4121
0	243593	2	4121
0	58925	2	4121
0	226805	2	4121
0	42138	2	4123
0	210018	2	4123
0	25350	2	4123
0	193230	2	4123
0	8562	2	4123
0	176442	2	4123
0	344322	2	4123
0	159654	2	4123
0	327534	2	4123
0	142866	2	4123
0	310746	2	4123
0	126078	2	4123
0	293958	2	4123
0	109290	2	4123
0	277170	2	4123
0	92502	2	4123
0	260382	2	4123
0	75714	2	4123
0	243594	2	4123
0	58926	2	4123
0	226806	2	4123
0	42211	1	4128
0	210091	1	4128
0	25423	1	4128
0	193303	1	4128
0	8635	1	4128
0	176515	1	4128
0	344395	1	4128
0	159727	1	4128
0	327607	1	4128
0	142939	1	4128
0	310819	1	4128
0	126151	1	4128
0	294031	1	4128
0	109363	1	4128
0	277243	1	4128
0	92575	1	4128
0	260455	1	4128
0	75787	1	4128
0	243667	1	4128
0	58999	1	4128
0	226879	1	4128
0	42211	2	4129
0	210091	2	4129
0	25423	2	4129
0	193303	2	4129
0	8635	2	4129
0	176515	2	4129
0	344395	2	4129
0	159727	2	4129
0	327607	2	4129
0	142939	2	4129
0	310819	2	4129
0	126151	2	4129
0	294031	2	4129
0	109363	2	4129
0	277243	2	4129
0	92575	2	4129
0	260455	2	4129
0	75787	2	4129
0	243667	2	4129
0	58999	2	4129
0	226879	2	4129
0	43239	2	4217
0	211119	2	4217
0	26451	2	4217
0	194331	2	4217
0	9663	2	4217
0	177543	2	4217
0	345423	2	4217
0	160755	2	4217
0	328635	2	4217
0	143967	2	4217
0	311847	2	4217
0	127179	2	4217
0	295059	2	4217
0	110391	2	4217
0	278271	2	4217
0	93603	2	4217
0	261483	2	4217
0	76815	2	4217
0	244695	2	4217
0	60027	2	4217
0	227907	2	4217
0	43256	1	4218
0	211136	1	4218
0	26468	1	4218
0	194348	1	4218
0	9680	1	4218
0	177560	1	4218
0	345440	1	4218
0	160772	1	4218
0	328652	1	4218
0	143984	1	4218
0	311864	1	4218
0	127196	1	4218
0	295076	1	4218
0	110408	1	4218
0	278288	1	4218
0	93620	1	4218
0	261500	1	4218
0	76832	1	4218
0	244712	1	4218
0	60044	1	4218
0	227924	1	4218
0	43618	2	4265
0	211498	2	4265
0	26830	2	4265
0	194710	2	4265
0	10042	2	4265
0	177922	2	4265
0	345802	2	4265
0	161134	2	4265
0	329014	2	4265
0	144346	2	4265
0	312226	2	4265
0	127558	2	4265
0	295438	2	4265
0	110770	2	4265
0	278650	2	4265
0	93982	2	4265
0	261862	2	4265
0	77194	2	4265
0	245074	2	4265
0	60406	2	4265
0	228286	2	4265
0	43619	2	4267
0	211499	2	4267
0	26831	2	4267
0	194711	2	4267
0	10043	2	4267
0	177923	2	4267
0	345803	2	4267
0	161135	2	4267
0	329015	2	4267
0	144347	2	4267
0	312227	2	4267
0	127559	2	4267
0	295439	2	4267
0	110771	2	4267
0	278651	2	4267
0	93983	2	4267
0	261863	2	4267
0	77195	2	4267
0	245075	2	4267
0	60407	2	4267
0	228287	2	4267
0	44095	2	4315
0	211975	2	4315
0	27307	2	4315
0	195187	2	4315
0	10519	2	4315
0	178399	2	4315
0	346279	2	4315
0	161611	2	4315
0	329491	2	4315
0	144823	2	4315
0	312703	2	4315
0	128035	2	4315
0	295915	2	4315
0	111247	2	4315
0	279127	2	4315
0	94459	2	4315
0	262339	2	4315
0	77671	2	4315
0	245551	2	4315
0	60883	2	4315
0	228763	2	4315
0	44096	1	4316
0	211976	1	4316
0	27308	1	4316
0	195188	1	4316
0	10520	1	4316
0	178400	1	4316
0	346280	1	4316
0	161612	1	4316
0	329492	1	4316
0	144824	1	4316
0	312704	1	4316
0	128036	1	4316
0	295916	1	4316
0	111248	1	4316
0	279128	1	4316
0	94460	1	4316
0	262340	1	4316
0	77672	1	4316
0	245552	1	4316
0	60884	1	4316
0	228764	1	4316
0	44500	2	4355
0	212380	2	4355
0	27712	2	4355
0	195592	2	4355
0	10924	2	4355
0	178804	2	4355
0	346684	2	4355
0	162016	2	4355
0	329896	2	4355
0	145228	2	4355
0	313108	2	4355
0	128440	2	4355
0	296320	2	4355
0	111652	2	4355
0	279532	2	4355
0	94864	2	4355
0	262744	2	4355
0	78076	2	4355
0	245956	2	4355
0	61288	2	4355
0	229168	2	4355
0	44501	2	4357
0	212381	2	4357
0	27713	2	4357
0	195593	2	4357
0	10925	2	4357
0	178805	2	4357
0	346685	2	4357
0	162017	2	4357
0	329897	2	4357
0	145229	2	4357
0	313109	2	4357
0	128441	2	4357
0	296321	2	4357
0	111653	2	4357
0	279533	2	4357
0	94865	2	4357
0	262745	2	4357
0	78077	2	4357
0	245957	2	4357
0	61289	2	4357
0	229169	2	4357
0	45848	1	4490
0	213728	1	4490
0	29060	1	4490
0	196940	1	4490
0	12272	1	4490
0	180152	1	4490
0	348032	1	4490
0	163364	1	4490
0	331244	1	4490
0	146576	1	4490
0	314456	1	4490
0	129788	1	4490
0	297668	1	4490
0	113000	1	4490
0	280880	1	4490
0	96212	1	4490
0	264092	1	4490
0	79424	1	4490
0	247304	1	4490
0	62636	1	4490
0	230516	1	4490
0	45848	2	4491
0	213728	2	4491
0	29060	2	4491
0	196940	2	4491
0	12272	2	4491
0	180152	2	4491
0	348032	2	4491
0	163364	2	4491
0	331244	2	4491
0	146576	2	4491
0	314456	2	4491
0	129788	2	4491
0	297668	2	4491
0	113000	2	4491
0	280880	2	4491
0	96212	2	4491
0	264092	2	4491
0	79424	2	4491
0	247304	2	4491
0	62636	2	4491
0	230516	2	4491
0	46403	2	4537
0	214283	2	4537
0	29615	2	4537
0	197495	2	4537
0	12827	2	4537
0	180707	2	4537
0	348587	2	4537
0	163919	2	4537
0	331799	2	4537
0	147131	2	4537
0	315011	2	4537
0	130343	2	4537
0	298223	2	4537
0	113555	2	4537
0	281435	2	4537
0	96767	2	4537
0	264647	2	4537
0	79979	2	4537
0	247859	2	4537
0	63191	2	4537
0	231071	2	4537
0	47491	1	4650
0	215371	1	4650
0	30703	1	4650
0	198583	1	4650
0	13915	1	4650
0	181795	1	4650
0	349675	1	4650
0	165007	1	4650
0	332887	1	4650
0	148219	1	4650
0	316099	1	4650
0	131431	1	4650
0	299311	1	4650
0	114643	1	4650
0	282523	1	4650
0	97855	1	4650
0	265735	1	4650
0	81067	1	4650
0	248947	1	4650
0	64279	1	4650
0	232159	1	4650
0	47491	2	4651
0	215371	2	4651
0	30703	2	4651
0	198583	2	4651
0	13915	2	4651
0	181795	2	4651
0	349675	2	4651
0	165007	2	4651
0	332887	2	4651
0	148219	2	4651
0	316099	2	4651
0	131431	2	4651
0	299311	2	4651
0	114643	2	4651
0	282523	2	4651
0	97855	2	4651
0	265735	2	4651
0	81067	2	4651
0	248947	2	4651
0	64279	2	4651
0	232159	2	4651
0	47653	2	4675
0	215533	2	4675
0	30865	2	4675
0	198745	2	4675
0	14077	2	4675
0	181957	2	4675
0	349837	2	4675
0	165169	2	4675
0	333049	2	4675
0	148381	2	4675
0	316261	2	4675
0	131593	2	4675
0	299473	2	4675
0	114805	2	4675
0	282685	2	4675
0	98017	2	4675
0	265897	2	4675
0	81229	2	4675
0	249109	2	4675
0	64441	2	4675
0	232321	2	4675
0	48094	2	4705
0	215974	2	4705
0	31306	2	4705
0	199186	2	4705
0	14518	2	4705
0	182398	2	4705
0	350278	2	4705
0	165610	2	4705
0	333490	2	4705
0	148822	2	4705
0	316702	2	4705
0	132034	2	4705
0	299914	2	4705
0	115246	2	4705
0	283126	2	4705
0	98458	2	4705
0	266338	2	4705
0	81670	2	4705
0	249550	2	4705
0	64882	2	4705
0	232762	2	4705
0	48524	2	4749
0	216404	2	4749
0	31736	2	4749
0	199616	2	4749
0	14948	2	4749
0	182828	2	4749
0	350708	2	4749
0	166040	2	4749
0	333920	2	4749
0	149252	2	4749
0	317132	2	4749
0	132464	2	4749
0	300344	2	4749
0	115676	2	4749
0	283556	2	4749
0	98888	2	4749
0	266768	2	4749
0	82100	2	4749
0	249980	2	4749
0	65312	2	4749
0	233192	2	4749
0	48962	2	4789
0	216842	2	4789
0	32174	2	4789
0	200054	2	4789
0	15386	2	4789
0	183266	2	4789
0	351146	2	4789
0	166478	2	4789
0	334358	2	4789
0	149690	2	4789
0	317570	2	4789
0	132902	2	4789
0	300782	2	4789
0	116114	2	4789
0	283994	2	4789
0	99326	2	4789
0	267206	2	4789
0	82538	2	4789
0	250418	2	4789
0	65750	2	4789
0	233630	2	4789
0	49060	2	4795
0	216940	2	4795
0	32272	2	4795
0	200152	2	4795
0	15484	2	4795
0	183364	2	4795
0	351244	2	4795
0	166576	2	4795
0	334456	2	4795
0	149788	2	4795
0	317668	2	4795
0	133000	2	4795
0	300880	2	4795
0	116212	2	4795
0	284092	2	4795
0	99424	2	4795
0	267304	2	4795
0	82636	2	4795
0	250516	2	4795
0	65848	2	4795
0	233728	2	4795
0	49295	2	4817
0	217175	2	4817
0	32507	2	4817
0	200387	2	4817
0	15719	2	4817
0	183599	2	4817
0	351479	2	4817
0	166811	2	4817
0	334691	2	4817
0	150023	2	4817
0	317903	2	4817
0	133235	2	4817
0	301115	2	4817
0	116447	2	4817
0	284327	2	4817
0	99659	2	4817
0	267539	2	4817
0	82871	2	4817
0	250751	2	4817
0	66083	2	4817
0	233963	2	4817
0	49298	2	4823
0	217178	2	4823
0	32510	2	4823
0	200390	2	4823
0	15722	2	4823
0	183602	2	4823
0	351482	2	4823
0	166814	2	4823
0	334694	2	4823
0	150026	2	4823
0	317906	2	4823
0	133238	2	4823
0	301118	2	4823
0	116450	2	4823
0	284330	2	4823
0	99662	2	4823
0	267542	2	4823
0	82874	2	4823
0	250754	2	4823
0	66086	2	4823
0	233966	2	4823
0	49588	2	4847
0	217468	2	4847
0	32800	2	4847
0	200680	2	4847
0	16012	2	4847
0	183892	2	4847
0	351772	2	4847
0	167104	2	4847
0	334984	2	4847
0	150316	2	4847
0	318196	2	4847
0	133528	2	4847
0	301408	2	4847
0	116740	2	4847
0	284620	2	4847
0	99952	2	4847
0	267832	2	4847
0	83164	2	4847
0	251044	2	4847
0	66376	2	4847
0	234256	2	4847
0	49817	2	4857
0	217697	2	4857
0	33029	2	4857
0	200909	2	4857
0	16241	2	4857
0	184121	2	4857
0	352001	2	4857
0	167333	2	4857
0	335213	2	4857
0	150545	2	4857
0	318425	2	4857
0	133757	2	4857
0	301637	2	4857
0	116969	2	4857
0	284849	2	4857
0	100181	2	4857
0	268061	2	4857
0	83393	2	4857
0	251273	2	4857
0	66605	2	4857
0	234485	2	4857
0	50276	1	4900
0	218156	1	4900
0	33488	1	4900
0	201368	1	4900
0	16700	1	4900
0	184580	1	4900
0	352460	1	4900
0	167792	1	4900
0	335672	1	4900
0	151004	1	4900
0	318884	1	4900
0	134216	1	4900
0	302096	1	4900
0	117428	1	4900
0	285308	1	4900
0	100640	1	4900
0	268520	1	4900
0	83852	1	4900
0	251732	1	4900
0	67064	1	4900
0	234944	1	4900
0	50374	2	4909
0	218254	2	4909
0	33586	2	4909
0	201466	2	4909
0	16798	2	4909
0	184678	2	4909
0	10	2	4909
0	167890	2	4909
0	335770	2	4909
0	151102	2	4909
0	318982	2	4909
0	134314	2	4909
0	302194	2	4909
0	117526	2	4909
0	285406	2	4909
0	100738	2	4909
0	268618	2	4909
0	83950	2	4909
0	251830	2	4909
0	67162	2	4909
0	235042	2	4909
0	50375	2	4911
0	218255	2	4911
0	33587	2	4911
0	201467	2	4911
0	16799	2	4911
0	184679	2	4911
0	11	2	4911
0	167891	2	4911
0	335771	2	4911
0	151103	2	4911
0	318983	2	4911
0	134315	2	4911
0	302195	2	4911
0	117527	2	4911
0	285407	2	4911
0	100739	2	4911
0	268619	2	4911
0	83951	2	4911
0	251831	2	4911
0	67163	2	4911
0	235043	2	4911
0	50377	2	4915
0	218257	2	4915
0	33589	2	4915
0	201469	2	4915
0	16801	2	4915
0	184681	2	4915
0	13	2	4915
0	167893	2	4915
0	335773	2	4915
0	151105	2	4915
0	318985	2	4915
0	134317	2	4915
0	302197	2	4915
0	117529	2	4915
0	285409	2	4915
0	100741	2	4915
0	268621	2	4915
0	83953	2	4915
0	251833	2	4915
0	67165	2	4915
0	235045	2	4915
0	50772	2	4957
0	218652	2	4957
0	33984	2	4957
0	201864	2	4957
0	17196	2	4957
0	185076	2	4957
0	408	2	4957
0	168288	2	4957
0	336168	2	4957
0	151500	2	4957
0	319380	2	4957
0	134712	2	4957
0	302592	2	4957
0	117924	2	4957
0	285804	2	4957
0	101136	2	4957
0	269016	2	4957
0	84348	2	4957
0	252228	2	4957
0	67560	2	4957
0	235440	2	4957
0	50815	2	4961
0	218695	2	4961
0	34027	2	4961
0	201907	2	4961
0	17239	2	4961
0	185119	2	4961
0	451	2	4961
0	168331	2	4961
0	336211	2	4961
0	151543	2	4961
0	319423	2	4961
0	134755	2	4961
0	302635	2	4961
0	117967	2	4961
0	285847	2	4961
0	101179	2	4961
0	269059	2	4961
0	84391	2	4961
0	252271	2	4961
0	67603	2	4961
0	235483	2	4961
0	50889	2	4967
0	218769	2	4967
0	34101	2	4967
0	201981	2	4967
0	17313	2	4967
0	185193	2	4967
0	525	2	4967
0	168405	2	4967
0	336285	2	4967
0	151617	2	4967
0	319497	2	4967
0	134829	2	4967
0	302709	2	4967
0	118041	2	4967
0	285921	2	4967
0	101253	2	4967
0	269133	2	4967
0	84465	2	4967
0	252345	2	4967
0	67677	2	4967
0	235557	2	4967
0	50890	2	4969
0	218770	2	4969
0	34102	2	4969
0	201982	2	4969
0	17314	2	4969
0	185194	2	4969
0	526	2	4969
0	168406	2	4969
0	336286	2	4969
0	151618	2	4969
0	319498	2	4969
0	134830	2	4969
0	302710	2	4969
0	118042	2	4969
0	285922	2	4969
0	101254	2	4969
0	269134	2	4969
0	84466	2	4969
0	252346	2	4969
0	67678	2	4969
0	235558	2	4969
0	51537	2	5015
0	219417	2	5015
0	34749	2	5015
0	202629	2	5015
0	17961	2	5015
0	185841	2	5015
0	1173	2	5015
0	169053	2	5015
0	336933	2	5015
0	152265	2	5015
0	320145	2	5015
0	135477	2	5015
0	303357	2	5015
0	118689	2	5015
0	286569	2	5015
0	101901	2	5015
0	269781	2	5015
0	85113	2	5015
0	252993	2	5015
0	68325	2	5015
0	236205	2	5015
0	51868	2	5037
0	219748	2	5037
0	35080	2	5037
0	202960	2	5037
0	18292	2	5037
0	186172	2	5037
0	1504	2	5037
0	169384	2	5037
0	337264	2	5037
0	152596	2	5037
0	320476	2	5037
0	135808	2	5037
0	303688	2	5037
0	119020	2	5037
0	286900	2	5037
0	102232	2	5037
0	270112	2	5037
0	85444	2	5037
0	253324	2	5037
0	68656	2	5037
0	236536	2	5037
0	52651	2	5087
0	220531	2	5087
0	35863	2	5087
0	203743	2	5087
0	19075	2	5087
0	186955	2	5087
0	2287	2	5087
0	170167	2	5087
0	338047	2	5087
0	153379	2	5087
0	321259	2	5087
0	136591	2	5087
0	304471	2	5087
0	119803	2	5087
0	287683	2	5087
0	103015	2	5087
0	270895	2	5087
0	86227	2	5087
0	254107	2	5087
0	69439	2	5087
0	237319	2	5087
0	52664	2	5089
0	220544	2	5089
0	35876	2	5089
0	203756	2	5089
0	19088	2	5089
0	186968	2	5089
0	2300	2	5089
0	170180	2	5089
0	338060	2	5089
0	153392	2	5089
0	321272	2	5089
0	136604	2	5089
0	304484	2	5089
0	119816	2	5089
0	287696	2	5089
0	103028	2	5089
0	270908	2	5089
0	86240	2	5089
0	254120	2	5089
0	69452	2	5089
0	237332	2	5089
0	53021	2	5125
0	220901	2	5125
0	36233	2	5125
0	204113	2	5125
0	19445	2	5125
0	187325	2	5125
0	2657	2	5125
0	170537	2	5125
0	338417	2	5125
0	153749	2	5125
0	321629	2	5125
0	136961	2	5125
0	304841	2	5125
0	120173	2	5125
0	288053	2	5125
0	103385	2	5125
0	271265	2	5125
0	86597	2	5125
0	254477	2	5125
0	69809	2	5125
0	237689	2	5125
0	54417	2	5273
0	222297	2	5273
0	37629	2	5273
0	205509	2	5273
0	20841	2	5273
0	188721	2	5273
0	4053	2	5273
0	171933	2	5273
0	339813	2	5273
0	155145	2	5273
0	323025	2	5273
0	138357	2	5273
0	306237	2	5273
0	121569	2	5273
0	289449	2	5273
0	104781	2	5273
0	272661	2	5273
0	87993	2	5273
0	255873	2	5273
0	71205	2	5273
0	239085	2	5273
0	54779	2	5313
0	222659	2	5313
0	37991	2	5313
0	205871	2	5313
0	21203	2	5313
0	189083	2	5313
0	4415	2	5313
0	172295	2	5313
0	340175	2	5313
0	155507	2	5313
0	323387	2	5313
0	138719	2	5313
0	306599	2	5313
0	121931	2	5313
0	289811	2	5313
0	105143	2	5313
0	273023	2	5313
0	88355	2	5313
0	256235	2	5313
0	71567	2	5313
0	239447	2	5313
0	55295	2	5361
0	223175	2	5361
0	38507	2	5361
0	206387	2	5361
0	21719	2	5361
0	189599	2	5361
0	4931	2	5361
0	172811	2	5361
0	340691	2	5361
0	156023	2	5361
0	323903	2	5361
0	139235	2	5361
0	307115	2	5361
0	122447	2	5361
0	290327	2	5361
0	105659	2	5361
0	273539	2	5361
0	88871	2	5361
0	256751	2	5361
0	72083	2	5361
0	239963	2	5361
0	55507	2	5383
0	223387	2	5383
0	38719	2	5383
0	206599	2	5383
0	21931	2	5383
0	189811	2	5383
0	5143	2	5383
0	173023	2	5383
0	340903	2	5383
0	156235	2	5383
0	324115	2	5383
0	139447	2	5383
0	307327	2	5383
0	122659	2	5383
0	290539	2	5383
0	105871	2	5383
0	273751	2	5383
0	89083	2	5383
0	256963	2	5383
0	72295	2	5383
0	240175	2	5383
0	55634	2	5393
0	223514	2	5393
0	38846	2	5393
0	206726	2	5393
0	22058	2	5393
0	189938	2	5393
0	5270	2	5393
0	173150	2	5393
0	341030	2	5393
0	156362	2	5393
0	324242	2	5393
0	139574	2	5393
0	307454	2	5393
0	122786	2	5393
0	290666	2	5393
0	105998	2	5393
0	273878	2	5393
0	89210	2	5393
0	257090	2	5393
0	72422	2	5393
0	240302	2	5393
0	55931	1	5418
0	223811	1	5418
0	39143	1	5418
0	207023	1	5418
0	22355	1	5418
0	190235	1	5418
0	5567	1	5418
0	173447	1	5418
0	341327	1	5418
0	156659	1	5418
0	324539	1	5418
0	139871	1	5418
0	307751	1	5418
0	123083	1	5418
0	290963	1	5418
0	106295	1	5418
0	274175	1	5418
0	89507	1	5418
0	257387	1	5418
0	72719	1	5418
0	240599	1	5418
0	55931	2	5419
0	223811	2	5419
0	39143	2	5419
0	207023	2	5419
0	22355	2	5419
0	190235	2	5419
0	5567	2	5419
0	173447	2	5419
0	341327	2	5419
0	156659	2	5419
0	324539	2	5419
0	139871	2	5419
0	307751	2	5419
0	123083	2	5419
0	290963	2	5419
0	106295	2	5419
0	274175	2	5419
0	89507	2	5419
0	257387	2	5419
0	72719	2	5419
0	240599	2	5419
0	55932	2	5421
0	223812	2	5421
0	39144	2	5421
0	207024	2	5421
0	22356	2	5421
0	190236	2	5421
0	5568	2	5421
0	173448	2	5421
0	341328	2	5421
0	156660	2	5421
0	324540	2	5421
0	139872	2	5421
0	307752	2	5421
0	123084	2	5421
0	290964	2	5421
0	106296	2	5421
0	274176	2	5421
0	89508	2	5421
0	257388	2	5421
0	72720	2	5421
0	240600	2	5421
0	55997	2	5431
0	223877	2	5431
0	39209	2	5431
0	207089	2	5431
0	22421	2	5431
0	190301	2	5431
0	5633	2	5431
0	173513	2	5431
0	341393	2	5431
0	156725	2	5431
0	324605	2	5431
0	139937	2	5431
0	307817	2	5431
0	123149	2	5431
0	291029	2	5431
0	106361	2	5431
0	274241	2	5431
0	89573	2	5431
0	257453	2	5431
0	72785	2	5431
0	240665	2	5431
0	56351	2	5451
0	224231	2	5451
0	39563	2	5451
0	207443	2	5451
0	22775	2	5451
0	190655	2	5451
0	5987	2	5451
0	173867	2	5451
0	341747	2	5451
0	157079	2	5451
0	324959	2	5451
0	140291	2	5451
0	308171	2	5451
0	123503	2	5451
0	291383	2	5451
0	106715	2	5451
0	274595	2	5451
0	89927	2	5451
0	257807	2	5451
0	73139	2	5451
0	241019	2	5451
0	56645	1	5476
0	224525	1	5476
0	39857	1	5476
0	207737	1	5476
0	23069	1	5476
0	190949	1	5476
0	6281	1	5476
0	174161	1	5476
0	342041	1	5476
0	157373	1	5476
0	325253	1	5476
0	140585	1	5476
0	308465	1	5476
0	123797	1	5476
0	291677	1	5476
0	107009	1	5476
0	274889	1	5476
0	90221	1	5476
0	258101	1	5476
0	73433	1	5476
0	241313	1	5476
0	56645	2	5477
0	224525	2	5477
0	39857	2	5477
0	207737	2	5477
0	23069	2	5477
0	190949	2	5477
0	6281	2	5477
0	174161	2	5477
0	342041	2	5477
0	157373	2	5477
0	325253	2	5477
0	140585	2	5477
0	308465	2	5477
0	123797	2	5477
0	291677	2	5477
0	107009	2	5477
0	274889	2	5477
0	90221	2	5477
0	258101	2	5477
0	73433	2	5477
0	241313	2	5477
0	56810	2	5503
0	224690	2	5503
0	40022	2	5503
0	207902	2	5503
0	23234	2	5503
0	191114	2	5503
0	6446	2	5503
0	174326	2	5503
0	342206	2	5503
0	157538	2	5503
0	325418	2	5503
0	140750	2	5503
0	308630	2	5503
0	123962	2	5503
0	291842	2	5503
0	107174	2	5503
0	275054	2	5503
0	90386	2	5503
0	258266	2	5503
0	73598	2	5503
0	241478	2	5503
0	56829	1	5504
0	224709	1	5504
0	40041	1	5504
0	207921	1	5504
0	23253	1	5504
0	191133	1	5504
0	6465	1	5504
0	174345	1	5504
0	342225	1	5504
0	157557	1	5504
0	325437	1	5504
0	140769	1	5504
0	308649	1	5504
0	123981	1	5504
0	291861	1	5504
0	107193	1	5504
0	275073	1	5504
0	90405	1	5504
0	258285	1	5504
0	73617	1	5504
0	241497	1	5504
0	56829	2	5505
0	224709	2	5505
0	40041	2	5505
0	207921	2	5505
0	23253	2	5505
0	191133	2	5505
0	6465	2	5505
0	174345	2	5505
0	342225	2	5505
0	157557	2	5505
0	325437	2	5505
0	140769	2	5505
0	308649	2	5505
0	123981	2	5505
0	291861	2	5505
0	107193	2	5505
0	275073	2	5505
0	90405	2	5505
0	258285	2	5505
0	73617	2	5505
0	241497	2	5505
0	57104	1	5532
0	224984	1	5532
0	40316	1	5532
0	208196	1	5532
0	23528	1	5532
0	191408	1	5532
0	6740	1	5532
0	174620	1	5532
0	342500	1	5532
0	157832	1	5532
0	325712	1	5532
0	141044	1	5532
0	308924	1	5532
0	124256	1	5532
0	292136	1	5532
0	107468	1	5532
0	275348	1	5532
0	90680	1	5532
0	258560	1	5532
0	73892	1	5532
0	241772	1	5532
0	57106	2	5537
0	224986	2	5537
0	40318	2	5537
0	208198	2	5537
0	23530	2	5537
0	191410	2	5537
0	6742	2	5537
0	174622	2	5537
0	342502	2	5537
0	157834	2	5537
0	325714	2	5537
0	141046	2	5537
0	308926	2	5537
0	124258	2	5537
0	292138	2	5537
0	107470	2	5537
0	275350	2	5537
0	90682	2	5537
0	258562	2	5537
0	73894	2	5537
0	241774	2	5537
0	57460	2	5585
0	225340	2	5585
0	40672	2	5585
0	208552	2	5585
0	23884	2	5585
0	191764	2	5585
0	7096	2	5585
0	174976	2	5585
0	342856	2	5585
0	158188	2	5585
0	326068	2	5585
0	141400	2	5585
0	309280	2	5585
0	124612	2	5585
0	292492	2	5585
0	107824	2	5585
0	275704	2	5585
0	91036	2	5585
0	258916	2	5585
0	74248	2	5585
0	242128	2	5585
0	57465	2	5587
0	225345	2	5587
0	40677	2	5587
0	208557	2	5587
0	23889	2	5587
0	191769	2	5587
0	7101	2	5587
0	174981	2	5587
0	342861	2	5587
0	158193	2	5587
0	326073	2	5587
0	141405	2	5587
0	309285	2	5587
0	124617	2	5587
0	292497	2	5587
0	107829	2	5587
0	275709	2	5587
0	91041	2	5587
0	258921	2	5587
0	74253	2	5587
0	242133	2	5587
0	57578	2	5605
0	225458	2	5605
0	40790	2	5605
0	208670	2	5605
0	24002	2	5605
0	191882	2	5605
0	7214	2	5605
0	175094	2	5605
0	342974	2	5605
0	158306	2	5605
0	326186	2	5605
0	141518	2	5605
0	309398	2	5605
0	124730	2	5605
0	292610	2	5605
0	107942	2	5605
0	275822	2	5605
0	91154	2	5605
0	259034	2	5605
0	74366	2	5605
0	242246	2	5605
0	57761	1	5618
0	225641	1	5618
0	40973	1	5618
0	208853	1	5618
0	24185	1	5618
0	192065	1	5618
0	7397	1	5618
0	175277	1	5618
0	343157	1	5618
0	158489	1	5618
0	326369	1	5618
0	141701	1	5618
0	309581	1	5618
0	124913	1	5618
0	292793	1	5618
0	108125	1	5618
0	276005	1	5618
0	91337	1	5618
0	259217	1	5618
0	74549	1	5618
0	242429	1	5618
0	57761	2	5619
0	225641	2	5619
0	40973	2	5619
0	208853	2	5619
0	24185	2	5619
0	192065	2	5619
0	7397	2	5619
0	175277	2	5619
0	343157	2	5619
0	158489	2	5619
0	326369	2	5619
0	141701	2	5619
0	309581	2	5619
0	124913	2	5619
0	292793	2	5619
0	108125	2	5619
0	276005	2	5619
0	91337	2	5619
0	259217	2	5619
0	74549	2	5619
0	242429	2	5619
0	58151	2	5659
0	226031	2	5659
0	41363	2	5659
0	209243	2	5659
0	24575	2	5659
0	192455	2	5659
0	7787	2	5659
0	175667	2	5659
0	343547	2	5659
0	158879	2	5659
0	326759	2	5659
0	142091	2	5659
0	309971	2	5659
0	125303	2	5659
0	293183	2	5659
0	108515	2	5659
0	276395	2	5659
0	91727	2	5659
0	259607	2	5659
0	74939	2	5659
0	242819	2	5659
0	58626	2	5715
0	226506	2	5715
0	41838	2	5715
0	209718	2	5715
0	25050	2	5715
0	192930	2	5715
0	8262	2	5715
0	176142	2	5715
0	344022	2	5715
0	159354	2	5715
0	327234	2	5715
0	142566	2	5715
0	310446	2	5715
0	125778	2	5715
0	293658	2	5715
0	108990	2	5715
0	276870	2	5715
0	92202	2	5715
0	260082	2	5715
0	75414	2	5715
0	243294	2	5715
0	58997	1	5742
0	226877	1	5742
0	42209	1	5742
0	210089	1	5742
0	25421	1	5742
0	193301	1	5742
0	8633	1	5742
0	176513	1	5742
0	344393	1	5742
0	159725	1	5742
0	327605	1	5742
0	142937	1	5742
0	310817	1	5742
0	126149	1	5742
0	294029	1	5742
0	109361	1	5742
0	277241	1	5742
0	92573	1	5742
0	260453	1	5742
0	75785	1	5742
0	243665	1	5742
0	58997	2	5743
0	226877	2	5743
0	42209	2	5743
0	210089	2	5743
0	25421	2	5743
0	193301	2	5743
0	8633	2	5743
0	176513	2	5743
0	344393	2	5743
0	159725	2	5743
0	327605	2	5743
0	142937	2	5743
0	310817	2	5743
0	126149	2	5743
0	294029	2	5743
0	109361	2	5743
0	277241	2	5743
0	92573	2	5743
0	260453	2	5743
0	75785	2	5743
0	243665	2	5743
0	59445	1	5792
0	227325	1	5792
0	42657	1	5792
0	210537	1	5792
0	25869	1	5792
0	193749	1	5792
0	9081	1	5792
0	176961	1	5792
0	344841	1	5792
0	160173	1	5792
0	328053	1	5792
0	143385	1	5792
0	311265	1	5792
0	126597	1	5792
0	294477	1	5792
0	109809	1	5792
0	277689	1	5792
0	93021	1	5792
0	260901	1	5792
0	76233	1	5792
0	244113	1	5792
0	59445	2	5793
0	227325	2	5793
0	42657	2	5793
0	210537	2	5793
0	25869	2	5793
0	193749	2	5793
0	9081	2	5793
0	176961	2	5793
0	344841	2	5793
0	160173	2	5793
0	328053	2	5793
0	143385	2	5793
0	311265	2	5793
0	126597	2	5793
0	294477	2	5793
0	109809	2	5793
0	277689	2	5793
0	93021	2	5793
0	260901	2	5793
0	76233	2	5793
0	244113	2	5793
0	59902	2	5839
0	227782	2	5839
0	43114	2	5839
0	210994	2	5839
0	26326	2	5839
0	194206	2	5839
0	9538	2	5839
0	177418	2	5839
0	345298	2	5839
0	160630	2	5839
0	328510	2	5839
0	143842	2	5839
0	311722	2	5839
0	127054	2	5839
0	294934	2	5839
0	110266	2	5839
0	278146	2	5839
0	93478	2	5839
0	261358	2	5839
0	76690	2	5839
0	244570	2	5839
0	60042	2	5855
0	227922	2	5855
0	43254	2	5855
0	211134	2	5855
0	26466	2	5855
0	194346	2	5855
0	9678	2	5855
0	177558	2	5855
0	345438	2	5855
0	160770	2	5855
0	328650	2	5855
0	143982	2	5855
0	311862	2	5855
0	127194	2	5855
0	295074	2	5855
0	110406	2	5855
0	278286	2	5855
0	93618	2	5855
0	261498	2	5855
0	76830	2	5855
0	244710	2	5855
0	60344	2	5889
0	228224	2	5889
0	43556	2	5889
0	211436	2	5889
0	26768	2	5889
0	194648	2	5889
0	9980	2	5889
0	177860	2	5889
0	345740	2	5889
0	161072	2	5889
0	328952	2	5889
0	144284	2	5889
0	312164	2	5889
0	127496	2	5889
0	295376	2	5889
0	110708	2	5889
0	278588	2	5889
0	93920	2	5889
0	261800	2	5889
0	77132	2	5889
0	245012	2	5889
0	60865	2	5955
0	228745	2	5955
0	44077	2	5955
0	211957	2	5955
0	27289	2	5955
0	195169	2	5955
0	10501	2	5955
0	178381	2	5955
0	346261	2	5955
0	161593	2	5955
0	329473	2	5955
0	144805	2	5955
0	312685	2	5955
0	128017	2	5955
0	295897	2	5955
0	111229	2	5955
0	279109	2	5955
0	94441	2	5955
0	262321	2	5955
0	77653	2	5955
0	245533	2	5955
0	60866	1	5956
0	228746	1	5956
0	44078	1	5956
0	211958	1	5956
0	27290	1	5956
0	195170	1	5956
0	10502	1	5956
0	178382	1	5956
0	346262	1	5956
0	161594	1	5956
0	329474	1	5956
0	144806	1	5956
0	312686	1	5956
0	128018	1	5956
0	295898	1	5956
0	111230	1	5956
0	279110	1	5956
0	94442	1	5956
0	262322	1	5956
0	77654	1	5956
0	245534	1	5956
0	60866	2	5957
0	228746	2	5957
0	44078	2	5957
0	211958	2	5957
0	27290	2	5957
0	195170	2	5957
0	10502	2	5957
0	178382	2	5957
0	346262	2	5957
0	161594	2	5957
0	329474	2	5957
0	144806	2	5957
0	312686	2	5957
0	128018	2	5957
0	295898	2	5957
0	111230	2	5957
0	279110	2	5957
0	94442	2	5957
0	262322	2	5957
0	77654	2	5957
0	245534	2	5957
0	61050	2	5977
0	228930	2	5977
0	44262	2	5977
0	212142	2	5977
0	27474	2	5977
0	195354	2	5977
0	10686	2	5977
0	178566	2	5977
0	346446	2	5977
0	161778	2	5977
0	329658	2	5977
0	144990	2	5977
0	312870	2	5977
0	128202	2	5977
0	296082	2	5977
0	111414	2	5977
0	279294	2	5977
0	94626	2	5977
0	262506	2	5977
0	77838	2	5977
0	245718	2	5977
0	61101	2	5985
0	228981	2	5985
0	44313	2	5985
0	212193	2	5985
0	27525	2	5985
0	195405	2	5985
0	10737	2	5985
0	178617	2	5985
0	346497	2	5985
0	161829	2	5985
0	329709	2	5985
0	145041	2	5985
0	312921	2	5985
0	128253	2	5985
0	296133	2	5985
0	111465	2	5985
0	279345	2	5985
0	94677	2	5985
0	262557	2	5985
0	77889	2	5985
0	245769	2	5985
0	61349	2	6015
0	229229	2	6015
0	44561	2	6015
0	212441	2	6015
0	27773	2	6015
0	195653	2	6015
0	10985	2	6015
0	178865	2	6015
0	346745	2	6015
0	162077	2	6015
0	329957	2	6015
0	145289	2	6015
0	313169	2	6015
0	128501	2	6015
0	296381	2	6015
0	111713	2	6015
0	279593	2	6015
0	94925	2	6015
0	262805	2	6015
0	78137	2	6015
0	246017	2	6015
0	61738	2	6071
0	229618	2	6071
0	44950	2	6071
0	212830	2	6071
0	28162	2	6071
0	196042	2	6071
0	11374	2	6071
0	179254	2	6071
0	347134	2	6071
0	162466	2	6071
0	330346	2	6071
0	145678	2	6071
0	313558	2	6071
0	128890	2	6071
0	296770	2	6071
0	112102	2	6071
0	279982	2	6071
0	95314	2	6071
0	263194	2	6071
0	78526	2	6071
0	246406	2	6071
0	61750	2	6073
0	229630	2	6073
0	44962	2	6073
0	212842	2	6073
0	28174	2	6073
0	196054	2	6073
0	11386	2	6073
0	179266	2	6073
0	347146	2	6073
0	162478	2	6073
0	330358	2	6073
0	145690	2	6073
0	313570	2	6073
0	128902	2	6073
0	296782	2	6073
0	112114	2	6073
0	279994	2	6073
0	95326	2	6073
0	263206	2	6073
0	78538	2	6073
0	246418	2	6073
0	62263	2	6127
0	230143	2	6127
0	45475	2	6127
0	213355	2	6127
0	28687	2	6127
0	196567	2	6127
0	11899	2	6127
0	179779	2	6127
0	347659	2	6127
0	162991	2	6127
0	330871	2	6127
0	146203	2	6127
0	314083	2	6127
0	129415	2	6127
0	297295	2	6127
0	112627	2	6127
0	280507	2	6127
0	95839	2	6127
0	263719	2	6127
0	79051	2	6127
0	246931	2	6127
0	62264	1	6128
0	230144	1	6128
0	45476	1	6128
0	213356	1	6128
0	28688	1	6128
0	196568	1	6128
0	11900	1	6128
0	179780	1	6128
0	347660	1	6128
0	162992	1	6128
0	330872	1	6128
0	146204	1	6128
0	314084	1	6128
0	129416	1	6128
0	297296	1	6128
0	112628	1	6128
0	280508	1	6128
0	95840	1	6128
0	263720	1	6128
0	79052	1	6128
0	246932	1	6128
0	62264	2	6129
0	230144	2	6129
0	45476	2	6129
0	213356	2	6129
0	28688	2	6129
0	196568	2	6129
0	11900	2	6129
0	179780	2	6129
0	347660	2	6129
0	162992	2	6129
0	330872	2	6129
0	146204	2	6129
0	314084	2	6129
0	129416	2	6129
0	297296	2	6129
0	112628	2	6129
0	280508	2	6129
0	95840	2	6129
0	263720	2	6129
0	79052	2	6129
0	246932	2	6129
0	62287	2	6135
0	230167	2	6135
0	45499	2	6135
0	213379	2	6135
0	28711	2	6135
0	196591	2	6135
0	11923	2	6135
0	179803	2	6135
0	347683	2	6135
0	163015	2	6135
0	330895	2	6135
0	146227	2	6135
0	314107	2	6135
0	129439	2	6135
0	297319	2	6135
0	112651	2	6135
0	280531	2	6135
0	95863	2	6135
0	263743	2	6135
0	79075	2	6135
0	246955	2	6135
0	62757	2	6177
0	230637	2	6177
0	45969	2	6177
0	213849	2	6177
0	29181	2	6177
0	197061	2	6177
0	12393	2	6177
0	180273	2	6177
0	348153	2	6177
0	163485	2	6177
0	331365	2	6177
0	146697	2	6177
0	314577	2	6177
0	129909	2	6177
0	297789	2	6177
0	113121	2	6177
0	281001	2	6177
0	96333	2	6177
0	264213	2	6177
0	79545	2	6177
0	247425	2	6177
0	63662	2	6251
0	231542	2	6251
0	46874	2	6251
0	214754	2	6251
0	30086	2	6251
0	197966	2	6251
0	13298	2	6251
0	181178	2	6251
0	349058	2	6251
0	164390	2	6251
0	332270	2	6251
0	147602	2	6251
0	315482	2	6251
0	130814	2	6251
0	298694	2	6251
0	114026	2	6251
0	281906	2	6251
0	97238	2	6251
0	265118	2	6251
0	80450	2	6251
0	248330	2	6251
0	63738	2	6269
0	231618	2	6269
0	46950	2	6269
0	214830	2	6269
0	30162	2	6269
0	198042	2	6269
0	13374	2	6269
0	181254	2	6269
0	349134	2	6269
0	164466	2	6269
0	332346	2	6269
0	147678	2	6269
0	315558	2	6269
0	130890	2	6269
0	298770	2	6269
0	114102	2	6269
0	281982	2	6269
0	97314	2	6269
0	265194	2	6269
0	80526	2	6269
0	248406	2	6269
0	64046	2	6303
0	231926	2	6303
0	47258	2	6303
0	215138	2	6303
0	30470	2	6303
0	198350	2	6303
0	13682	2	6303
0	181562	2	6303
0	349442	2	6303
0	164774	2	6303
0	332654	2	6303
0	147986	2	6303
0	315866	2	6303
0	131198	2	6303
0	299078	2	6303
0	114410	2	6303
0	282290	2	6303
0	97622	2	6303
0	265502	2	6303
0	80834	2	6303
0	248714	2	6303
0	64275	2	6317
0	232155	2	6317
0	47487	2	6317
0	215367	2	6317
0	30699	2	6317
0	198579	2	6317
0	13911	2	6317
0	181791	2	6317
0	349671	2	6317
0	165003	2	6317
0	332883	2	6317
0	148215	2	6317
0	316095	2	6317
0	131427	2	6317
0	299307	2	6317
0	114639	2	6317
0	282519	2	6317
0	97851	2	6317
0	265731	2	6317
0	81063	2	6317
0	248943	2	6317
0	64276	2	6319
0	232156	2	6319
0	47488	2	6319
0	215368	2	6319
0	30700	2	6319
0	198580	2	6319
0	13912	2	6319
0	181792	2	6319
0	349672	2	6319
0	165004	2	6319
0	332884	2	6319
0	148216	2	6319
0	316096	2	6319
0	131428	2	6319
0	299308	2	6319
0	114640	2	6319
0	282520	2	6319
0	97852	2	6319
0	265732	2	6319
0	81064	2	6319
0	248944	2	6319
0	65280	2	6399
0	233160	2	6399
0	48492	2	6399
0	216372	2	6399
0	31704	2	6399
0	199584	2	6399
0	14916	2	6399
0	182796	2	6399
0	350676	2	6399
0	166008	2	6399
0	333888	2	6399
0	149220	2	6399
0	317100	2	6399
0	132432	2	6399
0	300312	2	6399
0	115644	2	6399
0	283524	2	6399
0	98856	2	6399
0	266736	2	6399
0	82068	2	6399
0	249948	2	6399
0	65300	2	6405
0	233180	2	6405
0	48512	2	6405
0	216392	2	6405
0	31724	2	6405
0	199604	2	6405
0	14936	2	6405
0	182816	2	6405
0	350696	2	6405
0	166028	2	6405
0	333908	2	6405
0	149240	2	6405
0	317120	2	6405
0	132452	2	6405
0	300332	2	6405
0	115664	2	6405
0	283544	2	6405
0	98876	2	6405
0	266756	2	6405
0	82088	2	6405
0	249968	2	6405
0	65646	2	6441
0	233526	2	6441
0	48858	2	6441
0	216738	2	6441
0	32070	2	6441
0	199950	2	6441
0	15282	2	6441
0	183162	2	6441
0	351042	2	6441
0	166374	2	6441
0	334254	2	6441
0	149586	2	6441
0	317466	2	6441
0	132798	2	6441
0	300678	2	6441
0	116010	2	6441
0	283890	2	6441
0	99222	2	6441
0	267102	2	6441
0	82434	2	6441
0	250314	2	6441
0	66040	2	6481
0	233920	2	6481
0	49252	2	6481
0	217132	2	6481
0	32464	2	6481
0	200344	2	6481
0	15676	2	6481
0	183556	2	6481
0	351436	2	6481
0	166768	2	6481
0	334648	2	6481
0	149980	2	6481
0	317860	2	6481
0	133192	2	6481
0	301072	2	6481
0	116404	2	6481
0	284284	2	6481
0	99616	2	6481
0	267496	2	6481
0	82828	2	6481
0	250708	2	6481
0	66374	2	6503
0	234254	2	6503
0	49586	2	6503
0	217466	2	6503
0	32798	2	6503
0	200678	2	6503
0	16010	2	6503
0	183890	2	6503
0	351770	2	6503
0	167102	2	6503
0	334982	2	6503
0	150314	2	6503
0	318194	2	6503
0	133526	2	6503
0	301406	2	6503
0	116738	2	6503
0	284618	2	6503
0	99950	2	6503
0	267830	2	6503
0	83162	2	6503
0	251042	2	6503
0	66389	2	6507
0	234269	2	6507
0	49601	2	6507
0	217481	2	6507
0	32813	2	6507
0	200693	2	6507
0	16025	2	6507
0	183905	2	6507
0	351785	2	6507
0	167117	2	6507
0	334997	2	6507
0	150329	2	6507
0	318209	2	6507
0	133541	2	6507
0	301421	2	6507
0	116753	2	6507
0	284633	2	6507
0	99965	2	6507
0	267845	2	6507
0	83177	2	6507
0	251057	2	6507
0	66659	2	6535
0	234539	2	6535
0	49871	2	6535
0	217751	2	6535
0	33083	2	6535
0	200963	2	6535
0	16295	2	6535
0	184175	2	6535
0	352055	2	6535
0	167387	2	6535
0	335267	2	6535
0	150599	2	6535
0	318479	2	6535
0	133811	2	6535
0	301691	2	6535
0	117023	2	6535
0	284903	2	6535
0	100235	2	6535
0	268115	2	6535
0	83447	2	6535
0	251327	2	6535
0	66746	2	6541
0	234626	2	6541
0	49958	2	6541
0	217838	2	6541
0	33170	2	6541
0	201050	2	6541
0	16382	2	6541
0	184262	2	6541
0	352142	2	6541
0	167474	2	6541
0	335354	2	6541
0	150686	2	6541
0	318566	2	6541
0	133898	2	6541
0	301778	2	6541
0	117110	2	6541
0	284990	2	6541
0	100322	2	6541
0	268202	2	6541
0	83534	2	6541
0	251414	2	6541
0	66841	2	6549
0	234721	2	6549
0	50053	2	6549
0	217933	2	6549
0	33265	2	6549
0	201145	2	6549
0	16477	2	6549
0	184357	2	6549
0	352237	2	6549
0	167569	2	6549
0	335449	2	6549
0	150781	2	6549
0	318661	2	6549
0	133993	2	6549
0	301873	2	6549
0	117205	2	6549
0	285085	2	6549
0	100417	2	6549
0	268297	2	6549
0	83629	2	6549
0	251509	2	6549
0	67116	2	6583
0	234996	2	6583
0	50328	2	6583
0	218208	2	6583
0	33540	2	6583
0	201420	2	6583
0	16752	2	6583
0	184632	2	6583
0	352512	2	6583
0	167844	2	6583
0	335724	2	6583
0	151056	2	6583
0	318936	2	6583
0	134268	2	6583
0	302148	2	6583
0	117480	2	6583
0	285360	2	6583
0	100692	2	6583
0	268572	2	6583
0	83904	2	6583
0	251784	2	6583
0	67118	2	6587
0	234998	2	6587
0	50330	2	6587
0	218210	2	6587
0	33542	2	6587
0	201422	2	6587
0	16754	2	6587
0	184634	2	6587
0	352514	2	6587
0	167846	2	6587
0	335726	2	6587
0	151058	2	6587
0	318938	2	6587
0	134270	2	6587
0	302150	2	6587
0	117482	2	6587
0	285362	2	6587
0	100694	2	6587
0	268574	2	6587
0	83906	2	6587
0	251786	2	6587
0	67415	2	6621
0	235295	2	6621
0	50627	2	6621
0	218507	2	6621
0	33839	2	6621
0	201719	2	6621
0	17051	2	6621
0	184931	2	6621
0	263	2	6621
0	168143	2	6621
0	336023	2	6621
0	151355	2	6621
0	319235	2	6621
0	134567	2	6621
0	302447	2	6621
0	117779	2	6621
0	285659	2	6621
0	100991	2	6621
0	268871	2	6621
0	84203	2	6621
0	252083	2	6621
0	67571	2	6633
0	235451	2	6633
0	50783	2	6633
0	218663	2	6633
0	33995	2	6633
0	201875	2	6633
0	17207	2	6633
0	185087	2	6633
0	419	2	6633
0	168299	2	6633
0	336179	2	6633
0	151511	2	6633
0	319391	2	6633
0	134723	2	6633
0	302603	2	6633
0	117935	2	6633
0	285815	2	6633
0	101147	2	6633
0	269027	2	6633
0	84359	2	6633
0	252239	2	6633
0	67618	2	6637
0	235498	2	6637
0	50830	2	6637
0	218710	2	6637
0	34042	2	6637
0	201922	2	6637
0	17254	2	6637
0	185134	2	6637
0	466	2	6637
0	168346	2	6637
0	336226	2	6637
0	151558	2	6637
0	319438	2	6637
0	134770	2	6637
0	302650	2	6637
0	117982	2	6637
0	285862	2	6637
0	101194	2	6637
0	269074	2	6637
0	84406	2	6637
0	252286	2	6637
0	68778	2	6747
0	236658	2	6747
0	51990	2	6747
0	219870	2	6747
0	35202	2	6747
0	203082	2	6747
0	18414	2	6747
0	186294	2	6747
0	1626	2	6747
0	169506	2	6747
0	337386	2	6747
0	152718	2	6747
0	320598	2	6747
0	135930	2	6747
0	303810	2	6747
0	119142	2	6747
0	287022	2	6747
0	102354	2	6747
0	270234	2	6747
0	85566	2	6747
0	253446	2	6747
0	68820	2	6753
0	236700	2	6753
0	52032	2	6753
0	219912	2	6753
0	35244	2	6753
0	203124	2	6753
0	18456	2	6753
0	186336	2	6753
0	1668	2	6753
0	169548	2	6753
0	337428	2	6753
0	152760	2	6753
0	320640	2	6753
0	135972	2	6753
0	303852	2	6753
0	119184	2	6753
0	287064	2	6753
0	102396	2	6753
0	270276	2	6753
0	85608	2	6753
0	253488	2	6753
0	69409	2	6807
0	237289	2	6807
0	52621	2	6807
0	220501	2	6807
0	35833	2	6807
0	203713	2	6807
0	19045	2	6807
0	186925	2	6807
0	2257	2	6807
0	170137	2	6807
0	338017	2	6807
0	153349	2	6807
0	321229	2	6807
0	136561	2	6807
0	304441	2	6807
0	119773	2	6807
0	287653	2	6807
0	102985	2	6807
0	270865	2	6807
0	86197	2	6807
0	254077	2	6807
0	69437	1	6810
0	237317	1	6810
0	52649	1	6810
0	220529	1	6810
0	35861	1	6810
0	203741	1	6810
0	19073	1	6810
0	186953	1	6810
0	2285	1	6810
0	170165	1	6810
0	338045	1	6810
0	153377	1	6810
0	321257	1	6810
0	136589	1	6810
0	304469	1	6810
0	119801	1	6810
0	287681	1	6810
0	103013	1	6810
0	270893	1	6810
0	86225	1	6810
0	254105	1	6810
0	69512	2	6823
0	237392	2	6823
0	52724	2	6823
0	220604	2	6823
0	35936	2	6823
0	203816	2	6823
0	19148	2	6823
0	187028	2	6823
0	2360	2	6823
0	170240	2	6823
0	338120	2	6823
0	153452	2	6823
0	321332	2	6823
0	136664	2	6823
0	304544	2	6823
0	119876	2	6823
0	287756	2	6823
0	103088	2	6823
0	270968	2	6823
0	86300	2	6823
0	254180	2	6823
0	69609	1	6826
0	237489	1	6826
0	52821	1	6826
0	220701	1	6826
0	36033	1	6826
0	203913	1	6826
0	19245	1	6826
0	187125	1	6826
0	2457	1	6826
0	170337	1	6826
0	338217	1	6826
0	153549	1	6826
0	321429	1	6826
0	136761	1	6826
0	304641	1	6826
0	119973	1	6826
0	287853	1	6826
0	103185	1	6826
0	271065	1	6826
0	86397	1	6826
0	254277	1	6826
0	69905	2	6855
0	237785	2	6855
0	53117	2	6855
0	220997	2	6855
0	36329	2	6855
0	204209	2	6855
0	19541	2	6855
0	187421	2	6855
0	2753	2	6855
0	170633	2	6855
0	338513	2	6855
0	153845	2	6855
0	321725	2	6855
0	137057	2	6855
0	304937	2	6855
0	120269	2	6855
0	288149	2	6855
0	103481	2	6855
0	271361	2	6855
0	86693	2	6855
0	254573	2	6855
0	70213	2	6885
0	238093	2	6885
0	53425	2	6885
0	221305	2	6885
0	36637	2	6885
0	204517	2	6885
0	19849	2	6885
0	187729	2	6885
0	3061	2	6885
0	170941	2	6885
0	338821	2	6885
0	154153	2	6885
0	322033	2	6885
0	137365	2	6885
0	305245	2	6885
0	120577	2	6885
0	288457	2	6885
0	103789	2	6885
0	271669	2	6885
0	87001	2	6885
0	254881	2	6885
0	70251	2	6889
0	238131	2	6889
0	53463	2	6889
0	221343	2	6889
0	36675	2	6889
0	204555	2	6889
0	19887	2	6889
0	187767	2	6889
0	3099	2	6889
0	170979	2	6889
0	338859	2	6889
0	154191	2	6889
0	322071	2	6889
0	137403	2	6889
0	305283	2	6889
0	120615	2	6889
0	288495	2	6889
0	103827	2	6889
0	271707	2	6889
0	87039	2	6889
0	254919	2	6889
0	71435	2	6991
0	239315	2	6991
0	54647	2	6991
0	222527	2	6991
0	37859	2	6991
0	205739	2	6991
0	21071	2	6991
0	188951	2	6991
0	4283	2	6991
0	172163	2	6991
0	340043	2	6991
0	155375	2	6991
0	323255	2	6991
0	138587	2	6991
0	306467	2	6991
0	121799	2	6991
0	289679	2	6991
0	105011	2	6991
0	272891	2	6991
0	88223	2	6991
0	256103	2	6991
0	71575	2	7003
0	239455	2	7003
0	54787	2	7003
0	222667	2	7003
0	37999	2	7003
0	205879	2	7003
0	21211	2	7003
0	189091	2	7003
0	4423	2	7003
0	172303	2	7003
0	340183	2	7003
0	155515	2	7003
0	323395	2	7003
0	138727	2	7003
0	306607	2	7003
0	121939	2	7003
0	289819	2	7003
0	105151	2	7003
0	273031	2	7003
0	88363	2	7003
0	256243	2	7003
0	71780	2	7031
0	239660	2	7031
0	54992	2	7031
0	222872	2	7031
0	38204	2	7031
0	206084	2	7031
0	21416	2	7031
0	189296	2	7031
0	4628	2	7031
0	172508	2	7031
0	340388	2	7031
0	155720	2	7031
0	323600	2	7031
0	138932	2	7031
0	306812	2	7031
0	122144	2	7031
0	290024	2	7031
0	105356	2	7031
0	273236	2	7031
0	88568	2	7031
0	256448	2	7031
0	71781	1	7032
0	239661	1	7032
0	54993	1	7032
0	222873	1	7032
0	38205	1	7032
0	206085	1	7032
0	21417	1	7032
0	189297	1	7032
0	4629	1	7032
0	172509	1	7032
0	340389	1	7032
0	155721	1	7032
0	323601	1	7032
0	138933	1	7032
0	306813	1	7032
0	122145	1	7032
0	290025	1	7032
0	105357	1	7032
0	273237	1	7032
0	88569	1	7032
0	256449	1	7032
0	71781	2	7033
0	239661	2	7033
0	54993	2	7033
0	222873	2	7033
0	38205	2	7033
0	206085	2	7033
0	21417	2	7033
0	189297	2	7033
0	4629	2	7033
0	172509	2	7033
0	340389	2	7033
0	155721	2	7033
0	323601	2	7033
0	138933	2	7033
0	306813	2	7033
0	122145	2	7033
0	290025	2	7033
0	105357	2	7033
0	273237	2	7033
0	88569	2	7033
0	256449	2	7033
0	71928	2	7047
0	239808	2	7047
0	55140	2	7047
0	223020	2	7047
0	38352	2	7047
0	206232	2	7047
0	21564	2	7047
0	189444	2	7047
0	4776	2	7047
0	172656	2	7047
0	340536	2	7047
0	155868	2	7047
0	323748	2	7047
0	139080	2	7047
0	306960	2	7047
0	122292	2	7047
0	290172	2	7047
0	105504	2	7047
0	273384	2	7047
0	88716	2	7047
0	256596	2	7047
0	71932	2	7049
0	239812	2	7049
0	55144	2	7049
0	223024	2	7049
0	38356	2	7049
0	206236	2	7049
0	21568	2	7049
0	189448	2	7049
0	4780	2	7049
0	172660	2	7049
0	340540	2	7049
0	155872	2	7049
0	323752	2	7049
0	139084	2	7049
0	306964	2	7049
0	122296	2	7049
0	290176	2	7049
0	105508	2	7049
0	273388	2	7049
0	88720	2	7049
0	256600	2	7049
0	72708	2	7111
0	240588	2	7111
0	55920	2	7111
0	223800	2	7111
0	39132	2	7111
0	207012	2	7111
0	22344	2	7111
0	190224	2	7111
0	5556	2	7111
0	173436	2	7111
0	341316	2	7111
0	156648	2	7111
0	324528	2	7111
0	139860	2	7111
0	307740	2	7111
0	123072	2	7111
0	290952	2	7111
0	106284	2	7111
0	274164	2	7111
0	89496	2	7111
0	257376	2	7111
0	72710	2	7115
0	240590	2	7115
0	55922	2	7115
0	223802	2	7115
0	39134	2	7115
0	207014	2	7115
0	22346	2	7115
0	190226	2	7115
0	5558	2	7115
0	173438	2	7115
0	341318	2	7115
0	156650	2	7115
0	324530	2	7115
0	139862	2	7115
0	307742	2	7115
0	123074	2	7115
0	290954	2	7115
0	106286	2	7115
0	274166	2	7115
0	89498	2	7115
0	257378	2	7115
0	73615	1	7200
0	241495	1	7200
0	56827	1	7200
0	224707	1	7200
0	40039	1	7200
0	207919	1	7200
0	23251	1	7200
0	191131	1	7200
0	6463	1	7200
0	174343	1	7200
0	342223	1	7200
0	157555	1	7200
0	325435	1	7200
0	140767	1	7200
0	308647	1	7200
0	123979	1	7200
0	291859	1	7200
0	107191	1	7200
0	275071	1	7200
0	90403	1	7200
0	258283	1	7200
0	73615	2	7201
0	241495	2	7201
0	56827	2	7201
0	224707	2	7201
0	40039	2	7201
0	207919	2	7201
0	23251	2	7201
0	191131	2	7201
0	6463	2	7201
0	174343	2	7201
0	342223	2	7201
0	157555	2	7201
0	325435	2	7201
0	140767	2	7201
0	308647	2	7201
0	123979	2	7201
0	291859	2	7201
0	107191	2	7201
0	275071	2	7201
0	90403	2	7201
0	258283	2	7201
0	74066	2	7255
0	241946	2	7255
0	57278	2	7255
0	225158	2	7255
0	40490	2	7255
0	208370	2	7255
0	23702	2	7255
0	191582	2	7255
0	6914	2	7255
0	174794	2	7255
0	342674	2	7255
0	158006	2	7255
0	325886	2	7255
0	141218	2	7255
0	309098	2	7255
0	124430	2	7255
0	292310	2	7255
0	107642	2	7255
0	275522	2	7255
0	90854	2	7255
0	258734	2	7255
0	74251	1	7266
0	242131	1	7266
0	57463	1	7266
0	225343	1	7266
0	40675	1	7266
0	208555	1	7266
0	23887	1	7266
0	191767	1	7266
0	7099	1	7266
0	174979	1	7266
0	342859	1	7266
0	158191	1	7266
0	326071	1	7266
0	141403	1	7266
0	309283	1	7266
0	124615	1	7266
0	292495	1	7266
0	107827	1	7266
0	275707	1	7266
0	91039	1	7266
0	258919	1	7266
0	74251	2	7267
0	242131	2	7267
0	57463	2	7267
0	225343	2	7267
0	40675	2	7267
0	208555	2	7267
0	23887	2	7267
0	191767	2	7267
0	7099	2	7267
0	174979	2	7267
0	342859	2	7267
0	158191	2	7267
0	326071	2	7267
0	141403	2	7267
0	309283	2	7267
0	124615	2	7267
0	292495	2	7267
0	107827	2	7267
0	275707	2	7267
0	91039	2	7267
0	258919	2	7267
0	74547	1	7286
0	242427	1	7286
0	57759	1	7286
0	225639	1	7286
0	40971	1	7286
0	208851	1	7286
0	24183	1	7286
0	192063	1	7286
0	7395	1	7286
0	175275	1	7286
0	343155	1	7286
0	158487	1	7286
0	326367	1	7286
0	141699	1	7286
0	309579	1	7286
0	124911	1	7286
0	292791	1	7286
0	108123	1	7286
0	276003	1	7286
0	91335	1	7286
0	259215	1	7286
0	74547	2	7287
0	242427	2	7287
0	57759	2	7287
0	225639	2	7287
0	40971	2	7287
0	208851	2	7287
0	24183	2	7287
0	192063	2	7287
0	7395	2	7287
0	175275	2	7287
0	343155	2	7287
0	158487	2	7287
0	326367	2	7287
0	141699	2	7287
0	309579	2	7287
0	124911	2	7287
0	292791	2	7287
0	108123	2	7287
0	276003	2	7287
0	91335	2	7287
0	259215	2	7287
0	74608	1	7290
0	242488	1	7290
0	57820	1	7290
0	225700	1	7290
0	41032	1	7290
0	208912	1	7290
0	24244	1	7290
0	192124	1	7290
0	7456	1	7290
0	175336	1	7290
0	343216	1	7290
0	158548	1	7290
0	326428	1	7290
0	141760	1	7290
0	309640	1	7290
0	124972	1	7290
0	292852	1	7290
0	108184	1	7290
0	276064	1	7290
0	91396	1	7290
0	259276	1	7290
0	74608	2	7291
0	242488	2	7291
0	57820	2	7291
0	225700	2	7291
0	41032	2	7291
0	208912	2	7291
0	24244	2	7291
0	192124	2	7291
0	7456	2	7291
0	175336	2	7291
0	343216	2	7291
0	158548	2	7291
0	326428	2	7291
0	141760	2	7291
0	309640	2	7291
0	124972	2	7291
0	292852	2	7291
0	108184	2	7291
0	276064	2	7291
0	91396	2	7291
0	259276	2	7291
0	74774	2	7303
0	242654	2	7303
0	57986	2	7303
0	225866	2	7303
0	41198	2	7303
0	209078	2	7303
0	24410	2	7303
0	192290	2	7303
0	7622	2	7303
0	175502	2	7303
0	343382	2	7303
0	158714	2	7303
0	326594	2	7303
0	141926	2	7303
0	309806	2	7303
0	125138	2	7303
0	293018	2	7303
0	108350	2	7303
0	276230	2	7303
0	91562	2	7303
0	259442	2	7303
0	74937	1	7312
0	242817	1	7312
0	58149	1	7312
0	226029	1	7312
0	41361	1	7312
0	209241	1	7312
0	24573	1	7312
0	192453	1	7312
0	7785	1	7312
0	175665	1	7312
0	343545	1	7312
0	158877	1	7312
0	326757	1	7312
0	142089	1	7312
0	309969	1	7312
0	125301	1	7312
0	293181	1	7312
0	108513	1	7312
0	276393	1	7312
0	91725	1	7312
0	259605	1	7312
0	75191	2	7345
0	243071	2	7345
0	58403	2	7345
0	226283	2	7345
0	41615	2	7345
0	209495	2	7345
0	24827	2	7345
0	192707	2	7345
0	8039	2	7345
0	175919	2	7345
0	343799	2	7345
0	159131	2	7345
0	327011	2	7345
0	142343	2	7345
0	310223	2	7345
0	125555	2	7345
0	293435	2	7345
0	108767	2	7345
0	276647	2	7345
0	91979	2	7345
0	259859	2	7345
0	75650	2	7391
0	243530	2	7391
0	58862	2	7391
0	226742	2	7391
0	42074	2	7391
0	209954	2	7391
0	25286	2	7391
0	193166	2	7391
0	8498	2	7391
0	176378	2	7391
0	344258	2	7391
0	159590	2	7391
0	327470	2	7391
0	142802	2	7391
0	310682	2	7391
0	126014	2	7391
0	293894	2	7391
0	109226	2	7391
0	277106	2	7391
0	92438	2	7391
0	260318	2	7391
0	75651	2	7393
0	243531	2	7393
0	58863	2	7393
0	226743	2	7393
0	42075	2	7393
0	209955	2	7393
0	25287	2	7393
0	193167	2	7393
0	8499	2	7393
0	176379	2	7393
0	344259	2	7393
0	159591	2	7393
0	327471	2	7393
0	142803	2	7393
0	310683	2	7393
0	126015	2	7393
0	293895	2	7393
0	109227	2	7393
0	277107	2	7393
0	92439	2	7393
0	260319	2	7393
0	75783	2	7413
0	243663	2	7413
0	58995	2	7413
0	226875	2	7413
0	42207	2	7413
0	210087	2	7413
0	25419	2	7413
0	193299	2	7413
0	8631	2	7413
0	176511	2	7413
0	344391	2	7413
0	159723	2	7413
0	327603	2	7413
0	142935	2	7413
0	310815	2	7413
0	126147	2	7413
0	294027	2	7413
0	109359	2	7413
0	277239	2	7413
0	92571	2	7413
0	260451	2	7413
0	75932	2	7429
0	243812	2	7429
0	59144	2	7429
0	227024	2	7429
0	42356	2	7429
0	210236	2	7429
0	25568	2	7429
0	193448	2	7429
0	8780	2	7429
0	176660	2	7429
0	344540	2	7429
0	159872	2	7429
0	327752	2	7429
0	143084	2	7429
0	310964	2	7429
0	126296	2	7429
0	294176	2	7429
0	109508	2	7429
0	277388	2	7429
0	92720	2	7429
0	260600	2	7429
0	76218	1	7460
0	244098	1	7460
0	59430	1	7460
0	227310	1	7460
0	42642	1	7460
0	210522	1	7460
0	25854	1	7460
0	193734	1	7460
0	9066	1	7460
0	176946	1	7460
0	344826	1	7460
0	160158	1	7460
0	328038	1	7460
0	143370	1	7460
0	311250	1	7460
0	126582	1	7460
0	294462	1	7460
0	109794	1	7460
0	277674	1	7460
0	93006	1	7460
0	260886	1	7460
0	77104	2	7529
0	244984	2	7529
0	60316	2	7529
0	228196	2	7529
0	43528	2	7529
0	211408	2	7529
0	26740	2	7529
0	194620	2	7529
0	9952	2	7529
0	177832	2	7529
0	345712	2	7529
0	161044	2	7529
0	328924	2	7529
0	144256	2	7529
0	312136	2	7529
0	127468	2	7529
0	295348	2	7529
0	110680	2	7529
0	278560	2	7529
0	93892	2	7529
0	261772	2	7529
0	77203	2	7535
0	245083	2	7535
0	60415	2	7535
0	228295	2	7535
0	43627	2	7535
0	211507	2	7535
0	26839	2	7535
0	194719	2	7535
0	10051	2	7535
0	177931	2	7535
0	345811	2	7535
0	161143	2	7535
0	329023	2	7535
0	144355	2	7535
0	312235	2	7535
0	127567	2	7535
0	295447	2	7535
0	110779	2	7535
0	278659	2	7535
0	93991	2	7535
0	261871	2	7535
0	77204	2	7537
0	245084	2	7537
0	60416	2	7537
0	228296	2	7537
0	43628	2	7537
0	211508	2	7537
0	26840	2	7537
0	194720	2	7537
0	10052	2	7537
0	177932	2	7537
0	345812	2	7537
0	161144	2	7537
0	329024	2	7537
0	144356	2	7537
0	312236	2	7537
0	127568	2	7537
0	295448	2	7537
0	110780	2	7537
0	278660	2	7537
0	93992	2	7537
0	261872	2	7537
0	77836	1	7590
0	245716	1	7590
0	61048	1	7590
0	228928	1	7590
0	44260	1	7590
0	212140	1	7590
0	27472	1	7590
0	195352	1	7590
0	10684	1	7590
0	178564	1	7590
0	346444	1	7590
0	161776	1	7590
0	329656	1	7590
0	144988	1	7590
0	312868	1	7590
0	128200	1	7590
0	296080	1	7590
0	111412	1	7590
0	279292	1	7590
0	94624	1	7590
0	262504	1	7590
0	77836	2	7591
0	245716	2	7591
0	61048	2	7591
0	228928	2	7591
0	44260	2	7591
0	212140	2	7591
0	27472	2	7591
0	195352	2	7591
0	10684	2	7591
0	178564	2	7591
0	346444	2	7591
0	161776	2	7591
0	329656	2	7591
0	144988	2	7591
0	312868	2	7591
0	128200	2	7591
0	296080	2	7591
0	111412	2	7591
0	279292	2	7591
0	94624	2	7591
0	262504	2	7591
0	78116	2	7611
0	245996	2	7611
0	61328	2	7611
0	229208	2	7611
0	44540	2	7611
0	212420	2	7611
0	27752	2	7611
0	195632	2	7611
0	10964	2	7611
0	178844	2	7611
0	346724	2	7611
0	162056	2	7611
0	329936	2	7611
0	145268	2	7611
0	313148	2	7611
0	128480	2	7611
0	296360	2	7611
0	111692	2	7611
0	279572	2	7611
0	94904	2	7611
0	262784	2	7611
0	78135	1	7614
0	246015	1	7614
0	61347	1	7614
0	229227	1	7614
0	44559	1	7614
0	212439	1	7614
0	27771	1	7614
0	195651	1	7614
0	10983	1	7614
0	178863	1	7614
0	346743	1	7614
0	162075	1	7614
0	329955	1	7614
0	145287	1	7614
0	313167	1	7614
0	128499	1	7614
0	296379	1	7614
0	111711	1	7614
0	279591	1	7614
0	94923	1	7614
0	262803	1	7614
0	78135	2	7615
0	246015	2	7615
0	61347	2	7615
0	229227	2	7615
0	44559	2	7615
0	212439	2	7615
0	27771	2	7615
0	195651	2	7615
0	10983	2	7615
0	178863	2	7615
0	346743	2	7615
0	162075	2	7615
0	329955	2	7615
0	145287	2	7615
0	313167	2	7615
0	128499	2	7615
0	296379	2	7615
0	111711	2	7615
0	279591	2	7615
0	94923	2	7615
0	262803	2	7615
0	78156	2	7621
0	246036	2	7621
0	61368	2	7621
0	229248	2	7621
0	44580	2	7621
0	212460	2	7621
0	27792	2	7621
0	195672	2	7621
0	11004	2	7621
0	178884	2	7621
0	346764	2	7621
0	162096	2	7621
0	329976	2	7621
0	145308	2	7621
0	313188	2	7621
0	128520	2	7621
0	296400	2	7621
0	111732	2	7621
0	279612	2	7621
0	94944	2	7621
0	262824	2	7621
0	78157	2	7623
0	246037	2	7623
0	61369	2	7623
0	229249	2	7623
0	44581	2	7623
0	212461	2	7623
0	27793	2	7623
0	195673	2	7623
0	11005	2	7623
0	178885	2	7623
0	346765	2	7623
0	162097	2	7623
0	329977	2	7623
0	145309	2	7623
0	313189	2	7623
0	128521	2	7623
0	296401	2	7623
0	111733	2	7623
0	279613	2	7623
0	94945	2	7623
0	262825	2	7623
0	79679	2	7775
0	247559	2	7775
0	62891	2	7775
0	230771	2	7775
0	46103	2	7775
0	213983	2	7775
0	29315	2	7775
0	197195	2	7775
0	12527	2	7775
0	180407	2	7775
0	348287	2	7775
0	163619	2	7775
0	331499	2	7775
0	146831	2	7775
0	314711	2	7775
0	130043	2	7775
0	297923	2	7775
0	113255	2	7775
0	281135	2	7775
0	96467	2	7775
0	264347	2	7775
0	79718	2	7781
0	247598	2	7781
0	62930	2	7781
0	230810	2	7781
0	46142	2	7781
0	214022	2	7781
0	29354	2	7781
0	197234	2	7781
0	12566	2	7781
0	180446	2	7781
0	348326	2	7781
0	163658	2	7781
0	331538	2	7781
0	146870	2	7781
0	314750	2	7781
0	130082	2	7781
0	297962	2	7781
0	113294	2	7781
0	281174	2	7781
0	96506	2	7781
0	264386	2	7781
0	79815	2	7789
0	247695	2	7789
0	63027	2	7789
0	230907	2	7789
0	46239	2	7789
0	214119	2	7789
0	29451	2	7789
0	197331	2	7789
0	12663	2	7789
0	180543	2	7789
0	348423	2	7789
0	163755	2	7789
0	331635	2	7789
0	146967	2	7789
0	314847	2	7789
0	130179	2	7789
0	298059	2	7789
0	113391	2	7789
0	281271	2	7789
0	96603	2	7789
0	264483	2	7789
0	79837	2	7795
0	247717	2	7795
0	63049	2	7795
0	230929	2	7795
0	46261	2	7795
0	214141	2	7795
0	29473	2	7795
0	197353	2	7795
0	12685	2	7795
0	180565	2	7795
0	348445	2	7795
0	163777	2	7795
0	331657	2	7795
0	146989	2	7795
0	314869	2	7795
0	130201	2	7795
0	298081	2	7795
0	113413	2	7795
0	281293	2	7795
0	96625	2	7795
0	264505	2	7795
0	79965	2	7805
0	247845	2	7805
0	63177	2	7805
0	231057	2	7805
0	46389	2	7805
0	214269	2	7805
0	29601	2	7805
0	197481	2	7805
0	12813	2	7805
0	180693	2	7805
0	348573	2	7805
0	163905	2	7805
0	331785	2	7805
0	147117	2	7805
0	314997	2	7805
0	130329	2	7805
0	298209	2	7805
0	113541	2	7805
0	281421	2	7805
0	96753	2	7805
0	264633	2	7805
0	80438	2	7853
0	248318	2	7853
0	63650	2	7853
0	231530	2	7853
0	46862	2	7853
0	214742	2	7853
0	30074	2	7853
0	197954	2	7853
0	13286	2	7853
0	181166	2	7853
0	349046	2	7853
0	164378	2	7853
0	332258	2	7853
0	147590	2	7853
0	315470	2	7853
0	130802	2	7853
0	298682	2	7853
0	114014	2	7853
0	281894	2	7853
0	97226	2	7853
0	265106	2	7853
0	80869	2	7897
0	248749	2	7897
0	64081	2	7897
0	231961	2	7897
0	47293	2	7897
0	215173	2	7897
0	30505	2	7897
0	198385	2	7897
0	13717	2	7897
0	181597	2	7897
0	349477	2	7897
0	164809	2	7897
0	332689	2	7897
0	148021	2	7897
0	315901	2	7897
0	131233	2	7897
0	299113	2	7897
0	114445	2	7897
0	282325	2	7897
0	97657	2	7897
0	265537	2	7897
0	81028	2	7919
0	248908	2	7919
0	64240	2	7919
0	232120	2	7919
0	47452	2	7919
0	215332	2	7919
0	30664	2	7919
0	198544	2	7919
0	13876	2	7919
0	181756	2	7919
0	349636	2	7919
0	164968	2	7919
0	332848	2	7919
0	148180	2	7919
0	316060	2	7919
0	131392	2	7919
0	299272	2	7919
0	114604	2	7919
0	282484	2	7919
0	97816	2	7919
0	265696	2	7919
0	82023	1	8002
0	249903	1	8002
0	65235	1	8002
0	233115	1	8002
0	48447	1	8002
0	216327	1	8002
0	31659	1	8002
0	199539	1	8002
0	14871	1	8002
0	182751	1	8002
0	350631	1	8002
0	165963	1	8002
0	333843	1	8002
0	149175	1	8002
0	317055	1	8002
0	132387	1	8002
0	300267	1	8002
0	115599	1	8002
0	283479	1	8002
0	98811	1	8002
0	266691	1	8002
0	82024	2	8005
0	249904	2	8005
0	65236	2	8005
0	233116	2	8005
0	48448	2	8005
0	216328	2	8005
0	31660	2	8005
0	199540	2	8005
0	14872	2	8005
0	182752	2	8005
0	350632	2	8005
0	165964	2	8005
0	333844	2	8005
0	149176	2	8005
0	317056	2	8005
0	132388	2	8005
0	300268	2	8005
0	115600	2	8005
0	283480	2	8005
0	98812	2	8005
0	266692	2	8005
0	82025	2	8007
0	249905	2	8007
0	65237	2	8007
0	233117	2	8007
0	48449	2	8007
0	216329	2	8007
0	31661	2	8007
0	199541	2	8007
0	14873	2	8007
0	182753	2	8007
0	350633	2	8007
0	165965	2	8007
0	333845	2	8007
0	149177	2	8007
0	317057	2	8007
0	132389	2	8007
0	300269	2	8007
0	115601	2	8007
0	283481	2	8007
0	98813	2	8007
0	266693	2	8007
0	82348	2	8041
0	250228	2	8041
0	65560	2	8041
0	233440	2	8041
0	48772	2	8041
0	216652	2	8041
0	31984	2	8041
0	199864	2	8041
0	15196	2	8041
0	183076	2	8041
0	350956	2	8041
0	166288	2	8041
0	334168	2	8041
0	149500	2	8041
0	317380	2	8041
0	132712	2	8041
0	300592	2	8041
0	115924	2	8041
0	283804	2	8041
0	99136	2	8041
0	267016	2	8041
0	82995	2	8097
0	250875	2	8097
0	66207	2	8097
0	234087	2	8097
0	49419	2	8097
0	217299	2	8097
0	32631	2	8097
0	200511	2	8097
0	15843	2	8097
0	183723	2	8097
0	351603	2	8097
0	166935	2	8097
0	334815	2	8097
0	150147	2	8097
0	318027	2	8097
0	133359	2	8097
0	301239	2	8097
0	116571	2	8097
0	284451	2	8097
0	99783	2	8097
0	267663	2	8097
0	83035	2	8103
0	250915	2	8103
0	66247	2	8103
0	234127	2	8103
0	49459	2	8103
0	217339	2	8103
0	32671	2	8103
0	200551	2	8103
0	15883	2	8103
0	183763	2	8103
0	351643	2	8103
0	166975	2	8103
0	334855	2	8103
0	150187	2	8103
0	318067	2	8103
0	133399	2	8103
0	301279	2	8103
0	116611	2	8103
0	284491	2	8103
0	99823	2	8103
0	267703	2	8103
0	83047	2	8105
0	250927	2	8105
0	66259	2	8105
0	234139	2	8105
0	49471	2	8105
0	217351	2	8105
0	32683	2	8105
0	200563	2	8105
0	15895	2	8105
0	183775	2	8105
0	351655	2	8105
0	166987	2	8105
0	334867	2	8105
0	150199	2	8105
0	318079	2	8105
0	133411	2	8105
0	301291	2	8105
0	116623	2	8105
0	284503	2	8105
0	99835	2	8105
0	267715	2	8105
0	83389	2	8131
0	251269	2	8131
0	66601	2	8131
0	234481	2	8131
0	49813	2	8131
0	217693	2	8131
0	33025	2	8131
0	200905	2	8131
0	16237	2	8131
0	184117	2	8131
0	351997	2	8131
0	167329	2	8131
0	335209	2	8131
0	150541	2	8131
0	318421	2	8131
0	133753	2	8131
0	301633	2	8131
0	116965	2	8131
0	284845	2	8131
0	100177	2	8131
0	268057	2	8131
0	83445	1	8134
0	251325	1	8134
0	66657	1	8134
0	234537	1	8134
0	49869	1	8134
0	217749	1	8134
0	33081	1	8134
0	200961	1	8134
0	16293	1	8134
0	184173	1	8134
0	352053	1	8134
0	167385	1	8134
0	335265	1	8134
0	150597	1	8134
0	318477	1	8134
0	133809	1	8134
0	301689	1	8134
0	117021	1	8134
0	284901	1	8134
0	100233	1	8134
0	268113	1	8134
0	83445	2	8135
0	251325	2	8135
0	66657	2	8135
0	234537	2	8135
0	49869	2	8135
0	217749	2	8135
0	33081	2	8135
0	200961	2	8135
0	16293	2	8135
0	184173	2	8135
0	352053	2	8135
0	167385	2	8135
0	335265	2	8135
0	150597	2	8135
0	318477	2	8135
0	133809	2	8135
0	301689	2	8135
0	117021	2	8135
0	284901	2	8135
0	100233	2	8135
0	268113	2	8135
0	83668	2	8165
0	251548	2	8165
0	66880	2	8165
0	234760	2	8165
0	50092	2	8165
0	217972	2	8165
0	33304	2	8165
0	201184	2	8165
0	16516	2	8165
0	184396	2	8165
0	352276	2	8165
0	167608	2	8165
0	335488	2	8165
0	150820	2	8165
0	318700	2	8165
0	134032	2	8165
0	301912	2	8165
0	117244	2	8165
0	285124	2	8165
0	100456	2	8165
0	268336	2	8165
0	84329	2	8245
0	252209	2	8245
0	67541	2	8245
0	235421	2	8245
0	50753	2	8245
0	218633	2	8245
0	33965	2	8245
0	201845	2	8245
0	17177	2	8245
0	185057	2	8245
0	389	2	8245
0	168269	2	8245
0	336149	2	8245
0	151481	2	8245
0	319361	2	8245
0	134693	2	8245
0	302573	2	8245
0	117905	2	8245
0	285785	2	8245
0	101117	2	8245
0	268997	2	8245
0	84344	2	8247
0	252224	2	8247
0	67556	2	8247
0	235436	2	8247
0	50768	2	8247
0	218648	2	8247
0	33980	2	8247
0	201860	2	8247
0	17192	2	8247
0	185072	2	8247
0	404	2	8247
0	168284	2	8247
0	336164	2	8247
0	151496	2	8247
0	319376	2	8247
0	134708	2	8247
0	302588	2	8247
0	117920	2	8247
0	285800	2	8247
0	101132	2	8247
0	269012	2	8247
0	84695	2	8287
0	252575	2	8287
0	67907	2	8287
0	235787	2	8287
0	51119	2	8287
0	218999	2	8287
0	34331	2	8287
0	202211	2	8287
0	17543	2	8287
0	185423	2	8287
0	755	2	8287
0	168635	2	8287
0	336515	2	8287
0	151847	2	8287
0	319727	2	8287
0	135059	2	8287
0	302939	2	8287
0	118271	2	8287
0	286151	2	8287
0	101483	2	8287
0	269363	2	8287
0	85053	2	8315
0	252933	2	8315
0	68265	2	8315
0	236145	2	8315
0	51477	2	8315
0	219357	2	8315
0	34689	2	8315
0	202569	2	8315
0	17901	2	8315
0	185781	2	8315
0	1113	2	8315
0	168993	2	8315
0	336873	2	8315
0	152205	2	8315
0	320085	2	8315
0	135417	2	8315
0	303297	2	8315
0	118629	2	8315
0	286509	2	8315
0	101841	2	8315
0	269721	2	8315
0	85054	2	8317
0	252934	2	8317
0	68266	2	8317
0	236146	2	8317
0	51478	2	8317
0	219358	2	8317
0	34690	2	8317
0	202570	2	8317
0	17902	2	8317
0	185782	2	8317
0	1114	2	8317
0	168994	2	8317
0	336874	2	8317
0	152206	2	8317
0	320086	2	8317
0	135418	2	8317
0	303298	2	8317
0	118630	2	8317
0	286510	2	8317
0	101842	2	8317
0	269722	2	8317
0	85055	2	8319
0	252935	2	8319
0	68267	2	8319
0	236147	2	8319
0	51479	2	8319
0	219359	2	8319
0	34691	2	8319
0	202571	2	8319
0	17903	2	8319
0	185783	2	8319
0	1115	2	8319
0	168995	2	8319
0	336875	2	8319
0	152207	2	8319
0	320087	2	8319
0	135419	2	8319
0	303299	2	8319
0	118631	2	8319
0	286511	2	8319
0	101843	2	8319
0	269723	2	8319
0	86083	2	8453
0	253963	2	8453
0	69295	2	8453
0	237175	2	8453
0	52507	2	8453
0	220387	2	8453
0	35719	2	8453
0	203599	2	8453
0	18931	2	8453
0	186811	2	8453
0	2143	2	8453
0	170023	2	8453
0	337903	2	8453
0	153235	2	8453
0	321115	2	8453
0	136447	2	8453
0	304327	2	8453
0	119659	2	8453
0	287539	2	8453
0	102871	2	8453
0	270751	2	8453
0	86223	2	8477
0	254103	2	8477
0	69435	2	8477
0	237315	2	8477
0	52647	2	8477
0	220527	2	8477
0	35859	2	8477
0	203739	2	8477
0	19071	2	8477
0	186951	2	8477
0	2283	2	8477
0	170163	2	8477
0	338043	2	8477
0	153375	2	8477
0	321255	2	8477
0	136587	2	8477
0	304467	2	8477
0	119799	2	8477
0	287679	2	8477
0	103011	2	8477
0	270891	2	8477
0	86887	2	8547
0	254767	2	8547
0	70099	2	8547
0	237979	2	8547
0	53311	2	8547
0	221191	2	8547
0	36523	2	8547
0	204403	2	8547
0	19735	2	8547
0	187615	2	8547
0	2947	2	8547
0	170827	2	8547
0	338707	2	8547
0	154039	2	8547
0	321919	2	8547
0	137251	2	8547
0	305131	2	8547
0	120463	2	8547
0	288343	2	8547
0	103675	2	8547
0	271555	2	8547
0	86888	2	8549
0	254768	2	8549
0	70100	2	8549
0	237980	2	8549
0	53312	2	8549
0	221192	2	8549
0	36524	2	8549
0	204404	2	8549
0	19736	2	8549
0	187616	2	8549
0	2948	2	8549
0	170828	2	8549
0	338708	2	8549
0	154040	2	8549
0	321920	2	8549
0	137252	2	8549
0	305132	2	8549
0	120464	2	8549
0	288344	2	8549
0	103676	2	8549
0	271556	2	8549
0	87037	2	8581
0	254917	2	8581
0	70249	2	8581
0	238129	2	8581
0	53461	2	8581
0	221341	2	8581
0	36673	2	8581
0	204553	2	8581
0	19885	2	8581
0	187765	2	8581
0	3097	2	8581
0	170977	2	8581
0	338857	2	8581
0	154189	2	8581
0	322069	2	8581
0	137401	2	8581
0	305281	2	8581
0	120613	2	8581
0	288493	2	8581
0	103825	2	8581
0	271705	2	8581
0	87487	2	8619
0	255367	2	8619
0	70699	2	8619
0	238579	2	8619
0	53911	2	8619
0	221791	2	8619
0	37123	2	8619
0	205003	2	8619
0	20335	2	8619
0	188215	2	8619
0	3547	2	8619
0	171427	2	8619
0	339307	2	8619
0	154639	2	8619
0	322519	2	8619
0	137851	2	8619
0	305731	2	8619
0	121063	2	8619
0	288943	2	8619
0	104275	2	8619
0	272155	2	8619
0	87677	2	8635
0	255557	2	8635
0	70889	2	8635
0	238769	2	8635
0	54101	2	8635
0	221981	2	8635
0	37313	2	8635
0	205193	2	8635
0	20525	2	8635
0	188405	2	8635
0	3737	2	8635
0	171617	2	8635
0	339497	2	8635
0	154829	2	8635
0	322709	2	8635
0	138041	2	8635
0	305921	2	8635
0	121253	2	8635
0	289133	2	8635
0	104465	2	8635
0	272345	2	8635
0	87717	1	8638
0	255597	1	8638
0	70929	1	8638
0	238809	1	8638
0	54141	1	8638
0	222021	1	8638
0	37353	1	8638
0	205233	1	8638
0	20565	1	8638
0	188445	1	8638
0	3777	1	8638
0	171657	1	8638
0	339537	1	8638
0	154869	1	8638
0	322749	1	8638
0	138081	1	8638
0	305961	1	8638
0	121293	1	8638
0	289173	1	8638
0	104505	1	8638
0	272385	1	8638
0	88296	2	8677
0	256176	2	8677
0	71508	2	8677
0	239388	2	8677
0	54720	2	8677
0	222600	2	8677
0	37932	2	8677
0	205812	2	8677
0	21144	2	8677
0	189024	2	8677
0	4356	2	8677
0	172236	2	8677
0	340116	2	8677
0	155448	2	8677
0	323328	2	8677
0	138660	2	8677
0	306540	2	8677
0	121872	2	8677
0	289752	2	8677
0	105084	2	8677
0	272964	2	8677
0	88624	2	8699
0	256504	2	8699
0	71836	2	8699
0	239716	2	8699
0	55048	2	8699
0	222928	2	8699
0	38260	2	8699
0	206140	2	8699
0	21472	2	8699
0	189352	2	8699
0	4684	2	8699
0	172564	2	8699
0	340444	2	8699
0	155776	2	8699
0	323656	2	8699
0	138988	2	8699
0	306868	2	8699
0	122200	2	8699
0	290080	2	8699
0	105412	2	8699
0	273292	2	8699
0	88717	1	8700
0	256597	1	8700
0	71929	1	8700
0	239809	1	8700
0	55141	1	8700
0	223021	1	8700
0	38353	1	8700
0	206233	1	8700
0	21565	1	8700
0	189445	1	8700
0	4777	1	8700
0	172657	1	8700
0	340537	1	8700
0	155869	1	8700
0	323749	1	8700
0	139081	1	8700
0	306961	1	8700
0	122293	1	8700
0	290173	1	8700
0	105505	1	8700
0	273385	1	8700
0	88718	2	8703
0	256598	2	8703
0	71930	2	8703
0	239810	2	8703
0	55142	2	8703
0	223022	2	8703
0	38354	2	8703
0	206234	2	8703
0	21566	2	8703
0	189446	2	8703
0	4778	2	8703
0	172658	2	8703
0	340538	2	8703
0	155870	2	8703
0	323750	2	8703
0	139082	2	8703
0	306962	2	8703
0	122294	2	8703
0	290174	2	8703
0	105506	2	8703
0	273386	2	8703
0	88867	2	8723
0	256747	2	8723
0	72079	2	8723
0	239959	2	8723
0	55291	2	8723
0	223171	2	8723
0	38503	2	8723
0	206383	2	8723
0	21715	2	8723
0	189595	2	8723
0	4927	2	8723
0	172807	2	8723
0	340687	2	8723
0	156019	2	8723
0	323899	2	8723
0	139231	2	8723
0	307111	2	8723
0	122443	2	8723
0	290323	2	8723
0	105655	2	8723
0	273535	2	8723
0	88881	1	8724
0	256761	1	8724
0	72093	1	8724
0	239973	1	8724
0	55305	1	8724
0	223185	1	8724
0	38517	1	8724
0	206397	1	8724
0	21729	1	8724
0	189609	1	8724
0	4941	1	8724
0	172821	1	8724
0	340701	1	8724
0	156033	1	8724
0	323913	1	8724
0	139245	1	8724
0	307125	1	8724
0	122457	1	8724
0	290337	1	8724
0	105669	1	8724
0	273549	1	8724
0	88881	2	8725
0	256761	2	8725
0	72093	2	8725
0	239973	2	8725
0	55305	2	8725
0	223185	2	8725
0	38517	2	8725
0	206397	2	8725
0	21729	2	8725
0	189609	2	8725
0	4941	2	8725
0	172821	2	8725
0	340701	2	8725
0	156033	2	8725
0	323913	2	8725
0	139245	2	8725
0	307125	2	8725
0	122457	2	8725
0	290337	2	8725
0	105669	2	8725
0	273549	2	8725
0	88882	2	8727
0	256762	2	8727
0	72094	2	8727
0	239974	2	8727
0	55306	2	8727
0	223186	2	8727
0	38518	2	8727
0	206398	2	8727
0	21730	2	8727
0	189610	2	8727
0	4942	2	8727
0	172822	2	8727
0	340702	2	8727
0	156034	2	8727
0	323914	2	8727
0	139246	2	8727
0	307126	2	8727
0	122458	2	8727
0	290338	2	8727
0	105670	2	8727
0	273550	2	8727
0	89354	2	8767
0	257234	2	8767
0	72566	2	8767
0	240446	2	8767
0	55778	2	8767
0	223658	2	8767
0	38990	2	8767
0	206870	2	8767
0	22202	2	8767
0	190082	2	8767
0	5414	2	8767
0	173294	2	8767
0	341174	2	8767
0	156506	2	8767
0	324386	2	8767
0	139718	2	8767
0	307598	2	8767
0	122930	2	8767
0	290810	2	8767
0	106142	2	8767
0	274022	2	8767
0	89645	2	8803
0	257525	2	8803
0	72857	2	8803
0	240737	2	8803
0	56069	2	8803
0	223949	2	8803
0	39281	2	8803
0	207161	2	8803
0	22493	2	8803
0	190373	2	8803
0	5705	2	8803
0	173585	2	8803
0	341465	2	8803
0	156797	2	8803
0	324677	2	8803
0	140009	2	8803
0	307889	2	8803
0	123221	2	8803
0	291101	2	8803
0	106433	2	8803
0	274313	2	8803
0	89785	2	8815
0	257665	2	8815
0	72997	2	8815
0	240877	2	8815
0	56209	2	8815
0	224089	2	8815
0	39421	2	8815
0	207301	2	8815
0	22633	2	8815
0	190513	2	8815
0	5845	2	8815
0	173725	2	8815
0	341605	2	8815
0	156937	2	8815
0	324817	2	8815
0	140149	2	8815
0	308029	2	8815
0	123361	2	8815
0	291241	2	8815
0	106573	2	8815
0	274453	2	8815
0	89890	2	8817
0	257770	2	8817
0	73102	2	8817
0	240982	2	8817
0	56314	2	8817
0	224194	2	8817
0	39526	2	8817
0	207406	2	8817
0	22738	2	8817
0	190618	2	8817
0	5950	2	8817
0	173830	2	8817
0	341710	2	8817
0	157042	2	8817
0	324922	2	8817
0	140254	2	8817
0	308134	2	8817
0	123466	2	8817
0	291346	2	8817
0	106678	2	8817
0	274558	2	8817
0	89906	1	8820
0	257786	1	8820
0	73118	1	8820
0	240998	1	8820
0	56330	1	8820
0	224210	1	8820
0	39542	1	8820
0	207422	1	8820
0	22754	1	8820
0	190634	1	8820
0	5966	1	8820
0	173846	1	8820
0	341726	1	8820
0	157058	1	8820
0	324938	1	8820
0	140270	1	8820
0	308150	1	8820
0	123482	1	8820
0	291362	1	8820
0	106694	1	8820
0	274574	1	8820
0	89923	2	8823
0	257803	2	8823
0	73135	2	8823
0	241015	2	8823
0	56347	2	8823
0	224227	2	8823
0	39559	2	8823
0	207439	2	8823
0	22771	2	8823
0	190651	2	8823
0	5983	2	8823
0	173863	2	8823
0	341743	2	8823
0	157075	2	8823
0	324955	2	8823
0	140287	2	8823
0	308167	2	8823
0	123499	2	8823
0	291379	2	8823
0	106711	2	8823
0	274591	2	8823
0	90401	1	8884
0	258281	1	8884
0	73613	1	8884
0	241493	1	8884
0	56825	1	8884
0	224705	1	8884
0	40037	1	8884
0	207917	1	8884
0	23249	1	8884
0	191129	1	8884
0	6461	1	8884
0	174341	1	8884
0	342221	1	8884
0	157553	1	8884
0	325433	1	8884
0	140765	1	8884
0	308645	1	8884
0	123977	1	8884
0	291857	1	8884
0	107189	1	8884
0	275069	1	8884
0	90401	2	8885
0	258281	2	8885
0	73613	2	8885
0	241493	2	8885
0	56825	2	8885
0	224705	2	8885
0	40037	2	8885
0	207917	2	8885
0	23249	2	8885
0	191129	2	8885
0	6461	2	8885
0	174341	2	8885
0	342221	2	8885
0	157553	2	8885
0	325433	2	8885
0	140765	2	8885
0	308645	2	8885
0	123977	2	8885
0	291857	2	8885
0	107189	2	8885
0	275069	2	8885
0	90432	2	8891
0	258312	2	8891
0	73644	2	8891
0	241524	2	8891
0	56856	2	8891
0	224736	2	8891
0	40068	2	8891
0	207948	2	8891
0	23280	2	8891
0	191160	2	8891
0	6492	2	8891
0	174372	2	8891
0	342252	2	8891
0	157584	2	8891
0	325464	2	8891
0	140796	2	8891
0	308676	2	8891
0	124008	2	8891
0	291888	2	8891
0	107220	2	8891
0	275100	2	8891
0	90819	2	8935
0	258699	2	8935
0	74031	2	8935
0	241911	2	8935
0	57243	2	8935
0	225123	2	8935
0	40455	2	8935
0	208335	2	8935
0	23667	2	8935
0	191547	2	8935
0	6879	2	8935
0	174759	2	8935
0	342639	2	8935
0	157971	2	8935
0	325851	2	8935
0	141183	2	8935
0	309063	2	8935
0	124395	2	8935
0	292275	2	8935
0	107607	2	8935
0	275487	2	8935
0	90946	1	8952
0	258826	1	8952
0	74158	1	8952
0	242038	1	8952
0	57370	1	8952
0	225250	1	8952
0	40582	1	8952
0	208462	1	8952
0	23794	1	8952
0	191674	1	8952
0	7006	1	8952
0	174886	1	8952
0	342766	1	8952
0	158098	1	8952
0	325978	1	8952
0	141310	1	8952
0	309190	1	8952
0	124522	1	8952
0	292402	1	8952
0	107734	1	8952
0	275614	1	8952
0	90946	2	8953
0	258826	2	8953
0	74158	2	8953
0	242038	2	8953
0	57370	2	8953
0	225250	2	8953
0	40582	2	8953
0	208462	2	8953
0	23794	2	8953
0	191674	2	8953
0	7006	2	8953
0	174886	2	8953
0	342766	2	8953
0	158098	2	8953
0	325978	2	8953
0	141310	2	8953
0	309190	2	8953
0	124522	2	8953
0	292402	2	8953
0	107734	2	8953
0	275614	2	8953
0	91008	2	8957
0	258888	2	8957
0	74220	2	8957
0	242100	2	8957
0	57432	2	8957
0	225312	2	8957
0	40644	2	8957
0	208524	2	8957
0	23856	2	8957
0	191736	2	8957
0	7068	2	8957
0	174948	2	8957
0	342828	2	8957
0	158160	2	8957
0	326040	2	8957
0	141372	2	8957
0	309252	2	8957
0	124584	2	8957
0	292464	2	8957
0	107796	2	8957
0	275676	2	8957
0	91037	1	8958
0	258917	1	8958
0	74249	1	8958
0	242129	1	8958
0	57461	1	8958
0	225341	1	8958
0	40673	1	8958
0	208553	1	8958
0	23885	1	8958
0	191765	1	8958
0	7097	1	8958
0	174977	1	8958
0	342857	1	8958
0	158189	1	8958
0	326069	1	8958
0	141401	1	8958
0	309281	1	8958
0	124613	1	8958
0	292493	1	8958
0	107825	1	8958
0	275705	1	8958
0	91037	2	8959
0	258917	2	8959
0	74249	2	8959
0	242129	2	8959
0	57461	2	8959
0	225341	2	8959
0	40673	2	8959
0	208553	2	8959
0	23885	2	8959
0	191765	2	8959
0	7097	2	8959
0	174977	2	8959
0	342857	2	8959
0	158189	2	8959
0	326069	2	8959
0	141401	2	8959
0	309281	2	8959
0	124613	2	8959
0	292493	2	8959
0	107825	2	8959
0	275705	2	8959
0	91127	2	8975
0	259007	2	8975
0	74339	2	8975
0	242219	2	8975
0	57551	2	8975
0	225431	2	8975
0	40763	2	8975
0	208643	2	8975
0	23975	2	8975
0	191855	2	8975
0	7187	2	8975
0	175067	2	8975
0	342947	2	8975
0	158279	2	8975
0	326159	2	8975
0	141491	2	8975
0	309371	2	8975
0	124703	2	8975
0	292583	2	8975
0	107915	2	8975
0	275795	2	8975
0	91333	2	8999
0	259213	2	8999
0	74545	2	8999
0	242425	2	8999
0	57757	2	8999
0	225637	2	8999
0	40969	2	8999
0	208849	2	8999
0	24181	2	8999
0	192061	2	8999
0	7393	2	8999
0	175273	2	8999
0	343153	2	8999
0	158485	2	8999
0	326365	2	8999
0	141697	2	8999
0	309577	2	8999
0	124909	2	8999
0	292789	2	8999
0	108121	2	8999
0	276001	2	8999
0	91560	2	9019
0	259440	2	9019
0	74772	2	9019
0	242652	2	9019
0	57984	2	9019
0	225864	2	9019
0	41196	2	9019
0	209076	2	9019
0	24408	2	9019
0	192288	2	9019
0	7620	2	9019
0	175500	2	9019
0	343380	2	9019
0	158712	2	9019
0	326592	2	9019
0	141924	2	9019
0	309804	2	9019
0	125136	2	9019
0	293016	2	9019
0	108348	2	9019
0	276228	2	9019
0	91614	2	9023
0	259494	2	9023
0	74826	2	9023
0	242706	2	9023
0	58038	2	9023
0	225918	2	9023
0	41250	2	9023
0	209130	2	9023
0	24462	2	9023
0	192342	2	9023
0	7674	2	9023
0	175554	2	9023
0	343434	2	9023
0	158766	2	9023
0	326646	2	9023
0	141978	2	9023
0	309858	2	9023
0	125190	2	9023
0	293070	2	9023
0	108402	2	9023
0	276282	2	9023
0	91887	2	9047
0	259767	2	9047
0	75099	2	9047
0	242979	2	9047
0	58311	2	9047
0	226191	2	9047
0	41523	2	9047
0	209403	2	9047
0	24735	2	9047
0	192615	2	9047
0	7947	2	9047
0	175827	2	9047
0	343707	2	9047
0	159039	2	9047
0	326919	2	9047
0	142251	2	9047
0	310131	2	9047
0	125463	2	9047
0	293343	2	9047
0	108675	2	9047
0	276555	2	9047
0	91899	2	9049
0	259779	2	9049
0	75111	2	9049
0	242991	2	9049
0	58323	2	9049
0	226203	2	9049
0	41535	2	9049
0	209415	2	9049
0	24747	2	9049
0	192627	2	9049
0	7959	2	9049
0	175839	2	9049
0	343719	2	9049
0	159051	2	9049
0	326931	2	9049
0	142263	2	9049
0	310143	2	9049
0	125475	2	9049
0	293355	2	9049
0	108687	2	9049
0	276567	2	9049
0	91900	1	9050
0	259780	1	9050
0	75112	1	9050
0	242992	1	9050
0	58324	1	9050
0	226204	1	9050
0	41536	1	9050
0	209416	1	9050
0	24748	1	9050
0	192628	1	9050
0	7960	1	9050
0	175840	1	9050
0	343720	1	9050
0	159052	1	9050
0	326932	1	9050
0	142264	1	9050
0	310144	1	9050
0	125476	1	9050
0	293356	1	9050
0	108688	1	9050
0	276568	1	9050
0	91964	2	9065
0	259844	2	9065
0	75176	2	9065
0	243056	2	9065
0	58388	2	9065
0	226268	2	9065
0	41600	2	9065
0	209480	2	9065
0	24812	2	9065
0	192692	2	9065
0	8024	2	9065
0	175904	2	9065
0	343784	2	9065
0	159116	2	9065
0	326996	2	9065
0	142328	2	9065
0	310208	2	9065
0	125540	2	9065
0	293420	2	9065
0	108752	2	9065
0	276632	2	9065
0	91974	2	9067
0	259854	2	9067
0	75186	2	9067
0	243066	2	9067
0	58398	2	9067
0	226278	2	9067
0	41610	2	9067
0	209490	2	9067
0	24822	2	9067
0	192702	2	9067
0	8034	2	9067
0	175914	2	9067
0	343794	2	9067
0	159126	2	9067
0	327006	2	9067
0	142338	2	9067
0	310218	2	9067
0	125550	2	9067
0	293430	2	9067
0	108762	2	9067
0	276642	2	9067
0	91975	2	9069
0	259855	2	9069
0	75187	2	9069
0	243067	2	9069
0	58399	2	9069
0	226279	2	9069
0	41611	2	9069
0	209491	2	9069
0	24823	2	9069
0	192703	2	9069
0	8035	2	9069
0	175915	2	9069
0	343795	2	9069
0	159127	2	9069
0	327007	2	9069
0	142339	2	9069
0	310219	2	9069
0	125551	2	9069
0	293431	2	9069
0	108763	2	9069
0	276643	2	9069
0	91976	1	9070
0	259856	1	9070
0	75188	1	9070
0	243068	1	9070
0	58400	1	9070
0	226280	1	9070
0	41612	1	9070
0	209492	1	9070
0	24824	1	9070
0	192704	1	9070
0	8036	1	9070
0	175916	1	9070
0	343796	1	9070
0	159128	1	9070
0	327008	1	9070
0	142340	1	9070
0	310220	1	9070
0	125552	1	9070
0	293432	1	9070
0	108764	1	9070
0	276644	1	9070
0	91976	2	9071
0	259856	2	9071
0	75188	2	9071
0	243068	2	9071
0	58400	2	9071
0	226280	2	9071
0	41612	2	9071
0	209492	2	9071
0	24824	2	9071
0	192704	2	9071
0	8036	2	9071
0	175916	2	9071
0	343796	2	9071
0	159128	2	9071
0	327008	2	9071
0	142340	2	9071
0	310220	2	9071
0	125552	2	9071
0	293432	2	9071
0	108764	2	9071
0	276644	2	9071
0	92228	2	9095
0	260108	2	9095
0	75440	2	9095
0	243320	2	9095
0	58652	2	9095
0	226532	2	9095
0	41864	2	9095
0	209744	2	9095
0	25076	2	9095
0	192956	2	9095
0	8288	2	9095
0	176168	2	9095
0	344048	2	9095
0	159380	2	9095
0	327260	2	9095
0	142592	2	9095
0	310472	2	9095
0	125804	2	9095
0	293684	2	9095
0	109016	2	9095
0	276896	2	9095
0	92546	1	9126
0	260426	1	9126
0	75758	1	9126
0	243638	1	9126
0	58970	1	9126
0	226850	1	9126
0	42182	1	9126
0	210062	1	9126
0	25394	1	9126
0	193274	1	9126
0	8606	1	9126
0	176486	1	9126
0	344366	1	9126
0	159698	1	9126
0	327578	1	9126
0	142910	1	9126
0	310790	1	9126
0	126122	1	9126
0	294002	1	9126
0	109334	1	9126
0	277214	1	9126
0	92546	2	9127
0	260426	2	9127
0	75758	2	9127
0	243638	2	9127
0	58970	2	9127
0	226850	2	9127
0	42182	2	9127
0	210062	2	9127
0	25394	2	9127
0	193274	2	9127
0	8606	2	9127
0	176486	2	9127
0	344366	2	9127
0	159698	2	9127
0	327578	2	9127
0	142910	2	9127
0	310790	2	9127
0	126122	2	9127
0	294002	2	9127
0	109334	2	9127
0	277214	2	9127
0	92715	2	9135
0	260595	2	9135
0	75927	2	9135
0	243807	2	9135
0	59139	2	9135
0	227019	2	9135
0	42351	2	9135
0	210231	2	9135
0	25563	2	9135
0	193443	2	9135
0	8775	2	9135
0	176655	2	9135
0	344535	2	9135
0	159867	2	9135
0	327747	2	9135
0	143079	2	9135
0	310959	2	9135
0	126291	2	9135
0	294171	2	9135
0	109503	2	9135
0	277383	2	9135
0	92716	2	9137
0	260596	2	9137
0	75928	2	9137
0	243808	2	9137
0	59140	2	9137
0	227020	2	9137
0	42352	2	9137
0	210232	2	9137
0	25564	2	9137
0	193444	2	9137
0	8776	2	9137
0	176656	2	9137
0	344536	2	9137
0	159868	2	9137
0	327748	2	9137
0	143080	2	9137
0	310960	2	9137
0	126292	2	9137
0	294172	2	9137
0	109504	2	9137
0	277384	2	9137
0	92718	2	9141
0	260598	2	9141
0	75930	2	9141
0	243810	2	9141
0	59142	2	9141
0	227022	2	9141
0	42354	2	9141
0	210234	2	9141
0	25566	2	9141
0	193446	2	9141
0	8778	2	9141
0	176658	2	9141
0	344538	2	9141
0	159870	2	9141
0	327750	2	9141
0	143082	2	9141
0	310962	2	9141
0	126294	2	9141
0	294174	2	9141
0	109506	2	9141
0	277386	2	9141
0	92865	2	9151
0	260745	2	9151
0	76077	2	9151
0	243957	2	9151
0	59289	2	9151
0	227169	2	9151
0	42501	2	9151
0	210381	2	9151
0	25713	2	9151
0	193593	2	9151
0	8925	2	9151
0	176805	2	9151
0	344685	2	9151
0	160017	2	9151
0	327897	2	9151
0	143229	2	9151
0	311109	2	9151
0	126441	2	9151
0	294321	2	9151
0	109653	2	9151
0	277533	2	9151
0	93030	2	9165
0	260910	2	9165
0	76242	2	9165
0	244122	2	9165
0	59454	2	9165
0	227334	2	9165
0	42666	2	9165
0	210546	2	9165
0	25878	2	9165
0	193758	2	9165
0	9090	2	9165
0	176970	2	9165
0	344850	2	9165
0	160182	2	9165
0	328062	2	9165
0	143394	2	9165
0	311274	2	9165
0	126606	2	9165
0	294486	2	9165
0	109818	2	9165
0	277698	2	9165
0	93217	2	9177
0	261097	2	9177
0	76429	2	9177
0	244309	2	9177
0	59641	2	9177
0	227521	2	9177
0	42853	2	9177
0	210733	2	9177
0	26065	2	9177
0	193945	2	9177
0	9277	2	9177
0	177157	2	9177
0	345037	2	9177
0	160369	2	9177
0	328249	2	9177
0	143581	2	9177
0	311461	2	9177
0	126793	2	9177
0	294673	2	9177
0	110005	2	9177
0	277885	2	9177
0	94172	2	9263
0	262052	2	9263
0	77384	2	9263
0	245264	2	9263
0	60596	2	9263
0	228476	2	9263
0	43808	2	9263
0	211688	2	9263
0	27020	2	9263
0	194900	2	9263
0	10232	2	9263
0	178112	2	9263
0	345992	2	9263
0	161324	2	9263
0	329204	2	9263
0	144536	2	9263
0	312416	2	9263
0	127748	2	9263
0	295628	2	9263
0	110960	2	9263
0	278840	2	9263
0	95228	2	9355
0	263108	2	9355
0	78440	2	9355
0	246320	2	9355
0	61652	2	9355
0	229532	2	9355
0	44864	2	9355
0	212744	2	9355
0	28076	2	9355
0	195956	2	9355
0	11288	2	9355
0	179168	2	9355
0	347048	2	9355
0	162380	2	9355
0	330260	2	9355
0	145592	2	9355
0	313472	2	9355
0	128804	2	9355
0	296684	2	9355
0	112016	2	9355
0	279896	2	9355
0	95266	2	9359
0	263146	2	9359
0	78478	2	9359
0	246358	2	9359
0	61690	2	9359
0	229570	2	9359
0	44902	2	9359
0	212782	2	9359
0	28114	2	9359
0	195994	2	9359
0	11326	2	9359
0	179206	2	9359
0	347086	2	9359
0	162418	2	9359
0	330298	2	9359
0	145630	2	9359
0	313510	2	9359
0	128842	2	9359
0	296722	2	9359
0	112054	2	9359
0	279934	2	9359
0	96366	2	9435
0	264246	2	9435
0	79578	2	9435
0	247458	2	9435
0	62790	2	9435
0	230670	2	9435
0	46002	2	9435
0	213882	2	9435
0	29214	2	9435
0	197094	2	9435
0	12426	2	9435
0	180306	2	9435
0	348186	2	9435
0	163518	2	9435
0	331398	2	9435
0	146730	2	9435
0	314610	2	9435
0	129942	2	9435
0	297822	2	9435
0	113154	2	9435
0	281034	2	9435
0	96593	2	9465
0	264473	2	9465
0	79805	2	9465
0	247685	2	9465
0	63017	2	9465
0	230897	2	9465
0	46229	2	9465
0	214109	2	9465
0	29441	2	9465
0	197321	2	9465
0	12653	2	9465
0	180533	2	9465
0	348413	2	9465
0	163745	2	9465
0	331625	2	9465
0	146957	2	9465
0	314837	2	9465
0	130169	2	9465
0	298049	2	9465
0	113381	2	9465
0	281261	2	9465
0	96594	2	9467
0	264474	2	9467
0	79806	2	9467
0	247686	2	9467
0	63018	2	9467
0	230898	2	9467
0	46230	2	9467
0	214110	2	9467
0	29442	2	9467
0	197322	2	9467
0	12654	2	9467
0	180534	2	9467
0	348414	2	9467
0	163746	2	9467
0	331626	2	9467
0	146958	2	9467
0	314838	2	9467
0	130170	2	9467
0	298050	2	9467
0	113382	2	9467
0	281262	2	9467
0	97348	2	9535
0	265228	2	9535
0	80560	2	9535
0	248440	2	9535
0	63772	2	9535
0	231652	2	9535
0	46984	2	9535
0	214864	2	9535
0	30196	2	9535
0	198076	2	9535
0	13408	2	9535
0	181288	2	9535
0	349168	2	9535
0	164500	2	9535
0	332380	2	9535
0	147712	2	9535
0	315592	2	9535
0	130924	2	9535
0	298804	2	9535
0	114136	2	9535
0	282016	2	9535
0	97457	2	9549
0	265337	2	9549
0	80669	2	9549
0	248549	2	9549
0	63881	2	9549
0	231761	2	9549
0	47093	2	9549
0	214973	2	9549
0	30305	2	9549
0	198185	2	9549
0	13517	2	9549
0	181397	2	9549
0	349277	2	9549
0	164609	2	9549
0	332489	2	9549
0	147821	2	9549
0	315701	2	9549
0	131033	2	9549
0	298913	2	9549
0	114245	2	9549
0	282125	2	9549
0	97655	1	9574
0	265535	1	9574
0	80867	1	9574
0	248747	1	9574
0	64079	1	9574
0	231959	1	9574
0	47291	1	9574
0	215171	1	9574
0	30503	1	9574
0	198383	1	9574
0	13715	1	9574
0	181595	1	9574
0	349475	1	9574
0	164807	1	9574
0	332687	1	9574
0	148019	1	9574
0	315899	1	9574
0	131231	1	9574
0	299111	1	9574
0	114443	1	9574
0	282323	1	9574
0	97655	2	9575
0	265535	2	9575
0	80867	2	9575
0	248747	2	9575
0	64079	2	9575
0	231959	2	9575
0	47291	2	9575
0	215171	2	9575
0	30503	2	9575
0	198383	2	9575
0	13715	2	9575
0	181595	2	9575
0	349475	2	9575
0	164807	2	9575
0	332687	2	9575
0	148019	2	9575
0	315899	2	9575
0	131231	2	9575
0	299111	2	9575
0	114443	2	9575
0	282323	2	9575
0	98032	2	9609
0	265912	2	9609
0	81244	2	9609
0	249124	2	9609
0	64456	2	9609
0	232336	2	9609
0	47668	2	9609
0	215548	2	9609
0	30880	2	9609
0	198760	2	9609
0	14092	2	9609
0	181972	2	9609
0	349852	2	9609
0	165184	2	9609
0	333064	2	9609
0	148396	2	9609
0	316276	2	9609
0	131608	2	9609
0	299488	2	9609
0	114820	2	9609
0	282700	2	9609
0	98045	2	9611
0	265925	2	9611
0	81257	2	9611
0	249137	2	9611
0	64469	2	9611
0	232349	2	9611
0	47681	2	9611
0	215561	2	9611
0	30893	2	9611
0	198773	2	9611
0	14105	2	9611
0	181985	2	9611
0	349865	2	9611
0	165197	2	9611
0	333077	2	9611
0	148409	2	9611
0	316289	2	9611
0	131621	2	9611
0	299501	2	9611
0	114833	2	9611
0	282713	2	9611
0	98993	2	9713
0	266873	2	9713
0	82205	2	9713
0	250085	2	9713
0	65417	2	9713
0	233297	2	9713
0	48629	2	9713
0	216509	2	9713
0	31841	2	9713
0	199721	2	9713
0	15053	2	9713
0	182933	2	9713
0	350813	2	9713
0	166145	2	9713
0	334025	2	9713
0	149357	2	9713
0	317237	2	9713
0	132569	2	9713
0	300449	2	9713
0	115781	2	9713
0	283661	2	9713
0	99550	2	9771
0	267430	2	9771
0	82762	2	9771
0	250642	2	9771
0	65974	2	9771
0	233854	2	9771
0	49186	2	9771
0	217066	2	9771
0	32398	2	9771
0	200278	2	9771
0	15610	2	9771
0	183490	2	9771
0	351370	2	9771
0	166702	2	9771
0	334582	2	9771
0	149914	2	9771
0	317794	2	9771
0	133126	2	9771
0	301006	2	9771
0	116338	2	9771
0	284218	2	9771
0	99658	1	9782
0	267538	1	9782
0	82870	1	9782
0	250750	1	9782
0	66082	1	9782
0	233962	1	9782
0	49294	1	9782
0	217174	1	9782
0	32506	1	9782
0	200386	1	9782
0	15718	1	9782
0	183598	1	9782
0	351478	1	9782
0	166810	1	9782
0	334690	1	9782
0	150022	1	9782
0	317902	1	9782
0	133234	1	9782
0	301114	1	9782
0	116446	1	9782
0	284326	1	9782
0	99658	2	9783
0	267538	2	9783
0	82870	2	9783
0	250750	2	9783
0	66082	2	9783
0	233962	2	9783
0	49294	2	9783
0	217174	2	9783
0	32506	2	9783
0	200386	2	9783
0	15718	2	9783
0	183598	2	9783
0	351478	2	9783
0	166810	2	9783
0	334690	2	9783
0	150022	2	9783
0	317902	2	9783
0	133234	2	9783
0	301114	2	9783
0	116446	2	9783
0	284326	2	9783
0	99730	2	9791
0	267610	2	9791
0	82942	2	9791
0	250822	2	9791
0	66154	2	9791
0	234034	2	9791
0	49366	2	9791
0	217246	2	9791
0	32578	2	9791
0	200458	2	9791
0	15790	2	9791
0	183670	2	9791
0	351550	2	9791
0	166882	2	9791
0	334762	2	9791
0	150094	2	9791
0	317974	2	9791
0	133306	2	9791
0	301186	2	9791
0	116518	2	9791
0	284398	2	9791
0	99821	2	9809
0	267701	2	9809
0	83033	2	9809
0	250913	2	9809
0	66245	2	9809
0	234125	2	9809
0	49457	2	9809
0	217337	2	9809
0	32669	2	9809
0	200549	2	9809
0	15881	2	9809
0	183761	2	9809
0	351641	2	9809
0	166973	2	9809
0	334853	2	9809
0	150185	2	9809
0	318065	2	9809
0	133397	2	9809
0	301277	2	9809
0	116609	2	9809
0	284489	2	9809
0	99847	2	9811
0	267727	2	9811
0	83059	2	9811
0	250939	2	9811
0	66271	2	9811
0	234151	2	9811
0	49483	2	9811
0	217363	2	9811
0	32695	2	9811
0	200575	2	9811
0	15907	2	9811
0	183787	2	9811
0	351667	2	9811
0	166999	2	9811
0	334879	2	9811
0	150211	2	9811
0	318091	2	9811
0	133423	2	9811
0	301303	2	9811
0	116635	2	9811
0	284515	2	9811
0	100226	1	9828
0	268106	1	9828
0	83438	1	9828
0	251318	1	9828
0	66650	1	9828
0	234530	1	9828
0	49862	1	9828
0	217742	1	9828
0	33074	1	9828
0	200954	1	9828
0	16286	1	9828
0	184166	1	9828
0	352046	1	9828
0	167378	1	9828
0	335258	1	9828
0	150590	1	9828
0	318470	1	9828
0	133802	1	9828
0	301682	1	9828
0	117014	1	9828
0	284894	1	9828
0	100228	2	9833
0	268108	2	9833
0	83440	2	9833
0	251320	2	9833
0	66652	2	9833
0	234532	2	9833
0	49864	2	9833
0	217744	2	9833
0	33076	2	9833
0	200956	2	9833
0	16288	2	9833
0	184168	2	9833
0	352048	2	9833
0	167380	2	9833
0	335260	2	9833
0	150592	2	9833
0	318472	2	9833
0	133804	2	9833
0	301684	2	9833
0	117016	2	9833
0	284896	2	9833
0	100229	2	9835
0	268109	2	9835
0	83441	2	9835
0	251321	2	9835
0	66653	2	9835
0	234533	2	9835
0	49865	2	9835
0	217745	2	9835
0	33077	2	9835
0	200957	2	9835
0	16289	2	9835
0	184169	2	9835
0	352049	2	9835
0	167381	2	9835
0	335261	2	9835
0	150593	2	9835
0	318473	2	9835
0	133805	2	9835
0	301685	2	9835
0	117017	2	9835
0	284897	2	9835
0	100230	1	9836
0	268110	1	9836
0	83442	1	9836
0	251322	1	9836
0	66654	1	9836
0	234534	1	9836
0	49866	1	9836
0	217746	1	9836
0	33078	1	9836
0	200958	1	9836
0	16290	1	9836
0	184170	1	9836
0	352050	1	9836
0	167382	1	9836
0	335262	1	9836
0	150594	1	9836
0	318474	1	9836
0	133806	1	9836
0	301686	1	9836
0	117018	1	9836
0	284898	1	9836
0	100230	2	9837
0	268110	2	9837
0	83442	2	9837
0	251322	2	9837
0	66654	2	9837
0	234534	2	9837
0	49866	2	9837
0	217746	2	9837
0	33078	2	9837
0	200958	2	9837
0	16290	2	9837
0	184170	2	9837
0	352050	2	9837
0	167382	2	9837
0	335262	2	9837
0	150594	2	9837
0	318474	2	9837
0	133806	2	9837
0	301686	2	9837
0	117018	2	9837
0	284898	2	9837
0	100311	2	9845
0	268191	2	9845
0	83523	2	9845
0	251403	2	9845
0	66735	2	9845
0	234615	2	9845
0	49947	2	9845
0	217827	2	9845
0	33159	2	9845
0	201039	2	9845
0	16371	2	9845
0	184251	2	9845
0	352131	2	9845
0	167463	2	9845
0	335343	2	9845
0	150675	2	9845
0	318555	2	9845
0	133887	2	9845
0	301767	2	9845
0	117099	2	9845
0	284979	2	9845
0	100568	2	9863
0	268448	2	9863
0	83780	2	9863
0	251660	2	9863
0	66992	2	9863
0	234872	2	9863
0	50204	2	9863
0	218084	2	9863
0	33416	2	9863
0	201296	2	9863
0	16628	2	9863
0	184508	2	9863
0	352388	2	9863
0	167720	2	9863
0	335600	2	9863
0	150932	2	9863
0	318812	2	9863
0	134144	2	9863
0	302024	2	9863
0	117356	2	9863
0	285236	2	9863
0	100650	2	9873
0	268530	2	9873
0	83862	2	9873
0	251742	2	9873
0	67074	2	9873
0	234954	2	9873
0	50286	2	9873
0	218166	2	9873
0	33498	2	9873
0	201378	2	9873
0	16710	2	9873
0	184590	2	9873
0	352470	2	9873
0	167802	2	9873
0	335682	2	9873
0	151014	2	9873
0	318894	2	9873
0	134226	2	9873
0	302106	2	9873
0	117438	2	9873
0	285318	2	9873
0	100737	2	9881
0	268617	2	9881
0	83949	2	9881
0	251829	2	9881
0	67161	2	9881
0	235041	2	9881
0	50373	2	9881
0	218253	2	9881
0	33585	2	9881
0	201465	2	9881
0	16797	2	9881
0	184677	2	9881
0	9	2	9881
0	167889	2	9881
0	335769	2	9881
0	151101	2	9881
0	318981	2	9881
0	134313	2	9881
0	302193	2	9881
0	117525	2	9881
0	285405	2	9881
0	101054	2	9917
0	268934	2	9917
0	84266	2	9917
0	252146	2	9917
0	67478	2	9917
0	235358	2	9917
0	50690	2	9917
0	218570	2	9917
0	33902	2	9917
0	201782	2	9917
0	17114	2	9917
0	184994	2	9917
0	326	2	9917
0	168206	2	9917
0	336086	2	9917
0	151418	2	9917
0	319298	2	9917
0	134630	2	9917
0	302510	2	9917
0	117842	2	9917
0	285722	2	9917
0	101190	2	9933
0	269070	2	9933
0	84402	2	9933
0	252282	2	9933
0	67614	2	9933
0	235494	2	9933
0	50826	2	9933
0	218706	2	9933
0	34038	2	9933
0	201918	2	9933
0	17250	2	9933
0	185130	2	9933
0	462	2	9933
0	168342	2	9933
0	336222	2	9933
0	151554	2	9933
0	319434	2	9933
0	134766	2	9933
0	302646	2	9933
0	117978	2	9933
0	285858	2	9933
0	101250	2	9937
0	269130	2	9937
0	84462	2	9937
0	252342	2	9937
0	67674	2	9937
0	235554	2	9937
0	50886	2	9937
0	218766	2	9937
0	34098	2	9937
0	201978	2	9937
0	17310	2	9937
0	185190	2	9937
0	522	2	9937
0	168402	2	9937
0	336282	2	9937
0	151614	2	9937
0	319494	2	9937
0	134826	2	9937
0	302706	2	9937
0	118038	2	9937
0	285918	2	9937
0	101481	2	9965
0	269361	2	9965
0	84693	2	9965
0	252573	2	9965
0	67905	2	9965
0	235785	2	9965
0	51117	2	9965
0	218997	2	9965
0	34329	2	9965
0	202209	2	9965
0	17541	2	9965
0	185421	2	9965
0	753	2	9965
0	168633	2	9965
0	336513	2	9965
0	151845	2	9965
0	319725	2	9965
0	135057	2	9965
0	302937	2	9965
0	118269	2	9965
0	286149	2	9965
0	101751	2	9987
0	269631	2	9987
0	84963	2	9987
0	252843	2	9987
0	68175	2	9987
0	236055	2	9987
0	51387	2	9987
0	219267	2	9987
0	34599	2	9987
0	202479	2	9987
0	17811	2	9987
0	185691	2	9987
0	1023	2	9987
0	168903	2	9987
0	336783	2	9987
0	152115	2	9987
0	319995	2	9987
0	135327	2	9987
0	303207	2	9987
0	118539	2	9987
0	286419	2	9987
0	102075	2	10019
0	269955	2	10019
0	85287	2	10019
0	253167	2	10019
0	68499	2	10019
0	236379	2	10019
0	51711	2	10019
0	219591	2	10019
0	34923	2	10019
0	202803	2	10019
0	18135	2	10019
0	186015	2	10019
0	1347	2	10019
0	169227	2	10019
0	337107	2	10019
0	152439	2	10019
0	320319	2	10019
0	135651	2	10019
0	303531	2	10019
0	118863	2	10019
0	286743	2	10019
0	102920	2	10091
0	270800	2	10091
0	86132	2	10091
0	254012	2	10091
0	69344	2	10091
0	237224	2	10091
0	52556	2	10091
0	220436	2	10091
0	35768	2	10091
0	203648	2	10091
0	18980	2	10091
0	186860	2	10091
0	2192	2	10091
0	170072	2	10091
0	337952	2	10091
0	153284	2	10091
0	321164	2	10091
0	136496	2	10091
0	304376	2	10091
0	119708	2	10091
0	287588	2	10091
0	103033	2	10101
0	270913	2	10101
0	86245	2	10101
0	254125	2	10101
0	69457	2	10101
0	237337	2	10101
0	52669	2	10101
0	220549	2	10101
0	35881	2	10101
0	203761	2	10101
0	19093	2	10101
0	186973	2	10101
0	2305	2	10101
0	170185	2	10101
0	338065	2	10101
0	153397	2	10101
0	321277	2	10101
0	136609	2	10101
0	304489	2	10101
0	119821	2	10101
0	287701	2	10101
0	103220	2	10125
0	271100	2	10125
0	86432	2	10125
0	254312	2	10125
0	69644	2	10125
0	237524	2	10125
0	52856	2	10125
0	220736	2	10125
0	36068	2	10125
0	203948	2	10125
0	19280	2	10125
0	187160	2	10125
0	2492	2	10125
0	170372	2	10125
0	338252	2	10125
0	153584	2	10125
0	321464	2	10125
0	136796	2	10125
0	304676	2	10125
0	120008	2	10125
0	287888	2	10125
0	103265	2	10135
0	271145	2	10135
0	86477	2	10135
0	254357	2	10135
0	69689	2	10135
0	237569	2	10135
0	52901	2	10135
0	220781	2	10135
0	36113	2	10135
0	203993	2	10135
0	19325	2	10135
0	187205	2	10135
0	2537	2	10135
0	170417	2	10135
0	338297	2	10135
0	153629	2	10135
0	321509	2	10135
0	136841	2	10135
0	304721	2	10135
0	120053	2	10135
0	287933	2	10135
0	103285	2	10139
0	271165	2	10139
0	86497	2	10139
0	254377	2	10139
0	69709	2	10139
0	237589	2	10139
0	52921	2	10139
0	220801	2	10139
0	36133	2	10139
0	204013	2	10139
0	19345	2	10139
0	187225	2	10139
0	2557	2	10139
0	170437	2	10139
0	338317	2	10139
0	153649	2	10139
0	321529	2	10139
0	136861	2	10139
0	304741	2	10139
0	120073	2	10139
0	287953	2	10139
0	103478	2	10163
0	271358	2	10163
0	86690	2	10163
0	254570	2	10163
0	69902	2	10163
0	237782	2	10163
0	53114	2	10163
0	220994	2	10163
0	36326	2	10163
0	204206	2	10163
0	19538	2	10163
0	187418	2	10163
0	2750	2	10163
0	170630	2	10163
0	338510	2	10163
0	153842	2	10163
0	321722	2	10163
0	137054	2	10163
0	304934	2	10163
0	120266	2	10163
0	288146	2	10163
0	104569	2	10261
0	272449	2	10261
0	87781	2	10261
0	255661	2	10261
0	70993	2	10261
0	238873	2	10261
0	54205	2	10261
0	222085	2	10261
0	37417	2	10261
0	205297	2	10261
0	20629	2	10261
0	188509	2	10261
0	3841	2	10261
0	171721	2	10261
0	339601	2	10261
0	154933	2	10261
0	322813	2	10261
0	138145	2	10261
0	306025	2	10261
0	121357	2	10261
0	289237	2	10261
0	105253	2	10305
0	273133	2	10305
0	88465	2	10305
0	256345	2	10305
0	71677	2	10305
0	239557	2	10305
0	54889	2	10305
0	222769	2	10305
0	38101	2	10305
0	205981	2	10305
0	21313	2	10305
0	189193	2	10305
0	4525	2	10305
0	172405	2	10305
0	340285	2	10305
0	155617	2	10305
0	323497	2	10305
0	138829	2	10305
0	306709	2	10305
0	122041	2	10305
0	289921	2	10305
0	105867	2	10351
0	273747	2	10351
0	89079	2	10351
0	256959	2	10351
0	72291	2	10351
0	240171	2	10351
0	55503	2	10351
0	223383	2	10351
0	38715	2	10351
0	206595	2	10351
0	21927	2	10351
0	189807	2	10351
0	5139	2	10351
0	173019	2	10351
0	340899	2	10351
0	156231	2	10351
0	324111	2	10351
0	139443	2	10351
0	307323	2	10351
0	122655	2	10351
0	290535	2	10351
0	106656	2	10421
0	274536	2	10421
0	89868	2	10421
0	257748	2	10421
0	73080	2	10421
0	240960	2	10421
0	56292	2	10421
0	224172	2	10421
0	39504	2	10421
0	207384	2	10421
0	22716	2	10421
0	190596	2	10421
0	5928	2	10421
0	173808	2	10421
0	341688	2	10421
0	157020	2	10421
0	324900	2	10421
0	140232	2	10421
0	308112	2	10421
0	123444	2	10421
0	291324	2	10421
0	106692	2	10437
0	274572	2	10437
0	89904	2	10437
0	257784	2	10437
0	73116	2	10437
0	240996	2	10437
0	56328	2	10437
0	224208	2	10437
0	39540	2	10437
0	207420	2	10437
0	22752	2	10437
0	190632	2	10437
0	5964	2	10437
0	173844	2	10437
0	341724	2	10437
0	157056	2	10437
0	324936	2	10437
0	140268	2	10437
0	308148	2	10437
0	123480	2	10437
0	291360	2	10437
0	106707	2	10439
0	274587	2	10439
0	89919	2	10439
0	257799	2	10439
0	73131	2	10439
0	241011	2	10439
0	56343	2	10439
0	224223	2	10439
0	39555	2	10439
0	207435	2	10439
0	22767	2	10439
0	190647	2	10439
0	5979	2	10439
0	173859	2	10439
0	341739	2	10439
0	157071	2	10439
0	324951	2	10439
0	140283	2	10439
0	308163	2	10439
0	123495	2	10439
0	291375	2	10439
0	106708	2	10441
0	274588	2	10441
0	89920	2	10441
0	257800	2	10441
0	73132	2	10441
0	241012	2	10441
0	56344	2	10441
0	224224	2	10441
0	39556	2	10441
0	207436	2	10441
0	22768	2	10441
0	190648	2	10441
0	5980	2	10441
0	173860	2	10441
0	341740	2	10441
0	157072	2	10441
0	324952	2	10441
0	140284	2	10441
0	308164	2	10441
0	123496	2	10441
0	291376	2	10441
0	106709	2	10443
0	274589	2	10443
0	89921	2	10443
0	257801	2	10443
0	73133	2	10443
0	241013	2	10443
0	56345	2	10443
0	224225	2	10443
0	39557	2	10443
0	207437	2	10443
0	22769	2	10443
0	190649	2	10443
0	5981	2	10443
0	173861	2	10443
0	341741	2	10443
0	157073	2	10443
0	324953	2	10443
0	140285	2	10443
0	308165	2	10443
0	123497	2	10443
0	291377	2	10443
0	107187	2	10479
0	275067	2	10479
0	90399	2	10479
0	258279	2	10479
0	73611	2	10479
0	241491	2	10479
0	56823	2	10479
0	224703	2	10479
0	40035	2	10479
0	207915	2	10479
0	23247	2	10479
0	191127	2	10479
0	6459	2	10479
0	174339	2	10479
0	342219	2	10479
0	157551	2	10479
0	325431	2	10479
0	140763	2	10479
0	308643	2	10479
0	123975	2	10479
0	291855	2	10479
0	107730	2	10517
0	275610	2	10517
0	90942	2	10517
0	258822	2	10517
0	74154	2	10517
0	242034	2	10517
0	57366	2	10517
0	225246	2	10517
0	40578	2	10517
0	208458	2	10517
0	23790	2	10517
0	191670	2	10517
0	7002	2	10517
0	174882	2	10517
0	342762	2	10517
0	158094	2	10517
0	325974	2	10517
0	141306	2	10517
0	309186	2	10517
0	124518	2	10517
0	292398	2	10517
0	107731	2	10519
0	275611	2	10519
0	90943	2	10519
0	258823	2	10519
0	74155	2	10519
0	242035	2	10519
0	57367	2	10519
0	225247	2	10519
0	40579	2	10519
0	208459	2	10519
0	23791	2	10519
0	191671	2	10519
0	7003	2	10519
0	174883	2	10519
0	342763	2	10519
0	158095	2	10519
0	325975	2	10519
0	141307	2	10519
0	309187	2	10519
0	124519	2	10519
0	292399	2	10519
0	107938	1	10534
0	275818	1	10534
0	91150	1	10534
0	259030	1	10534
0	74362	1	10534
0	242242	1	10534
0	57574	1	10534
0	225454	1	10534
0	40786	1	10534
0	208666	1	10534
0	23998	1	10534
0	191878	1	10534
0	7210	1	10534
0	175090	1	10534
0	342970	1	10534
0	158302	1	10534
0	326182	1	10534
0	141514	1	10534
0	309394	1	10534
0	124726	1	10534
0	292606	1	10534
0	107938	2	10535
0	275818	2	10535
0	91150	2	10535
0	259030	2	10535
0	74362	2	10535
0	242242	2	10535
0	57574	2	10535
0	225454	2	10535
0	40786	2	10535
0	208666	2	10535
0	23998	2	10535
0	191878	2	10535
0	7210	2	10535
0	175090	2	10535
0	342970	2	10535
0	158302	2	10535
0	326182	2	10535
0	141514	2	10535
0	309394	2	10535
0	124726	2	10535
0	292606	2	10535
0	108119	1	10550
0	275999	1	10550
0	91331	1	10550
0	259211	1	10550
0	74543	1	10550
0	242423	1	10550
0	57755	1	10550
0	225635	1	10550
0	40967	1	10550
0	208847	1	10550
0	24179	1	10550
0	192059	1	10550
0	7391	1	10550
0	175271	1	10550
0	343151	1	10550
0	158483	1	10550
0	326363	1	10550
0	141695	1	10550
0	309575	1	10550
0	124907	1	10550
0	292787	1	10550
0	108119	2	10551
0	275999	2	10551
0	91331	2	10551
0	259211	2	10551
0	74543	2	10551
0	242423	2	10551
0	57755	2	10551
0	225635	2	10551
0	40967	2	10551
0	208847	2	10551
0	24179	2	10551
0	192059	2	10551
0	7391	2	10551
0	175271	2	10551
0	343151	2	10551
0	158483	2	10551
0	326363	2	10551
0	141695	2	10551
0	309575	2	10551
0	124907	2	10551
0	292787	2	10551
0	108346	1	10570
0	276226	1	10570
0	91558	1	10570
0	259438	1	10570
0	74770	1	10570
0	242650	1	10570
0	57982	1	10570
0	225862	1	10570
0	41194	1	10570
0	209074	1	10570
0	24406	1	10570
0	192286	1	10570
0	7618	1	10570
0	175498	1	10570
0	343378	1	10570
0	158710	1	10570
0	326590	1	10570
0	141922	1	10570
0	309802	1	10570
0	125134	1	10570
0	293014	1	10570
0	108346	2	10571
0	276226	2	10571
0	91558	2	10571
0	259438	2	10571
0	74770	2	10571
0	242650	2	10571
0	57982	2	10571
0	225862	2	10571
0	41194	2	10571
0	209074	2	10571
0	24406	2	10571
0	192286	2	10571
0	7618	2	10571
0	175498	2	10571
0	343378	2	10571
0	158710	2	10571
0	326590	2	10571
0	141922	2	10571
0	309802	2	10571
0	125134	2	10571
0	293014	2	10571
0	108673	1	10588
0	276553	1	10588
0	91885	1	10588
0	259765	1	10588
0	75097	1	10588
0	242977	1	10588
0	58309	1	10588
0	226189	1	10588
0	41521	1	10588
0	209401	1	10588
0	24733	1	10588
0	192613	1	10588
0	7945	1	10588
0	175825	1	10588
0	343705	1	10588
0	159037	1	10588
0	326917	1	10588
0	142249	1	10588
0	310129	1	10588
0	125461	1	10588
0	293341	1	10588
0	108673	2	10589
0	276553	2	10589
0	91885	2	10589
0	259765	2	10589
0	75097	2	10589
0	242977	2	10589
0	58309	2	10589
0	226189	2	10589
0	41521	2	10589
0	209401	2	10589
0	24733	2	10589
0	192613	2	10589
0	7945	2	10589
0	175825	2	10589
0	343705	2	10589
0	159037	2	10589
0	326917	2	10589
0	142249	2	10589
0	310129	2	10589
0	125461	2	10589
0	293341	2	10589
0	108907	2	10607
0	276787	2	10607
0	92119	2	10607
0	259999	2	10607
0	75331	2	10607
0	243211	2	10607
0	58543	2	10607
0	226423	2	10607
0	41755	2	10607
0	209635	2	10607
0	24967	2	10607
0	192847	2	10607
0	8179	2	10607
0	176059	2	10607
0	343939	2	10607
0	159271	2	10607
0	327151	2	10607
0	142483	2	10607
0	310363	2	10607
0	125695	2	10607
0	293575	2	10607
0	109267	1	10646
0	277147	1	10646
0	92479	1	10646
0	260359	1	10646
0	75691	1	10646
0	243571	1	10646
0	58903	1	10646
0	226783	1	10646
0	42115	1	10646
0	209995	1	10646
0	25327	1	10646
0	193207	1	10646
0	8539	1	10646
0	176419	1	10646
0	344299	1	10646
0	159631	1	10646
0	327511	1	10646
0	142843	1	10646
0	310723	1	10646
0	126055	1	10646
0	293935	1	10646
0	109267	2	10647
0	277147	2	10647
0	92479	2	10647
0	260359	2	10647
0	75691	2	10647
0	243571	2	10647
0	58903	2	10647
0	226783	2	10647
0	42115	2	10647
0	209995	2	10647
0	25327	2	10647
0	193207	2	10647
0	8539	2	10647
0	176419	2	10647
0	344299	2	10647
0	159631	2	10647
0	327511	2	10647
0	142843	2	10647
0	310723	2	10647
0	126055	2	10647
0	293935	2	10647
0	109495	2	10659
0	277375	2	10659
0	92707	2	10659
0	260587	2	10659
0	75919	2	10659
0	243799	2	10659
0	59131	2	10659
0	227011	2	10659
0	42343	2	10659
0	210223	2	10659
0	25555	2	10659
0	193435	2	10659
0	8767	2	10659
0	176647	2	10659
0	344527	2	10659
0	159859	2	10659
0	327739	2	10659
0	143071	2	10659
0	310951	2	10659
0	126283	2	10659
0	294163	2	10659
0	110402	1	10732
0	278282	1	10732
0	93614	1	10732
0	261494	1	10732
0	76826	1	10732
0	244706	1	10732
0	60038	1	10732
0	227918	1	10732
0	43250	1	10732
0	211130	1	10732
0	26462	1	10732
0	194342	1	10732
0	9674	1	10732
0	177554	1	10732
0	345434	1	10732
0	160766	1	10732
0	328646	1	10732
0	143978	1	10732
0	311858	1	10732
0	127190	1	10732
0	295070	1	10732
0	110457	1	10742
0	278337	1	10742
0	93669	1	10742
0	261549	1	10742
0	76881	1	10742
0	244761	1	10742
0	60093	1	10742
0	227973	1	10742
0	43305	1	10742
0	211185	1	10742
0	26517	1	10742
0	194397	1	10742
0	9729	1	10742
0	177609	1	10742
0	345489	1	10742
0	160821	1	10742
0	328701	1	10742
0	144033	1	10742
0	311913	1	10742
0	127245	1	10742
0	295125	1	10742
0	110457	2	10743
0	278337	2	10743
0	93669	2	10743
0	261549	2	10743
0	76881	2	10743
0	244761	2	10743
0	60093	2	10743
0	227973	2	10743
0	43305	2	10743
0	211185	2	10743
0	26517	2	10743
0	194397	2	10743
0	9729	2	10743
0	177609	2	10743
0	345489	2	10743
0	160821	2	10743
0	328701	2	10743
0	144033	2	10743
0	311913	2	10743
0	127245	2	10743
0	295125	2	10743
0	111408	1	10814
0	279288	1	10814
0	94620	1	10814
0	262500	1	10814
0	77832	1	10814
0	245712	1	10814
0	61044	1	10814
0	228924	1	10814
0	44256	1	10814
0	212136	1	10814
0	27468	1	10814
0	195348	1	10814
0	10680	1	10814
0	178560	1	10814
0	346440	1	10814
0	161772	1	10814
0	329652	1	10814
0	144984	1	10814
0	312864	1	10814
0	128196	1	10814
0	296076	1	10814
0	111408	2	10815
0	279288	2	10815
0	94620	2	10815
0	262500	2	10815
0	77832	2	10815
0	245712	2	10815
0	61044	2	10815
0	228924	2	10815
0	44256	2	10815
0	212136	2	10815
0	27468	2	10815
0	195348	2	10815
0	10680	2	10815
0	178560	2	10815
0	346440	2	10815
0	161772	2	10815
0	329652	2	10815
0	144984	2	10815
0	312864	2	10815
0	128196	2	10815
0	296076	2	10815
0	111462	2	10817
0	279342	2	10817
0	94674	2	10817
0	262554	2	10817
0	77886	2	10817
0	245766	2	10817
0	61098	2	10817
0	228978	2	10817
0	44310	2	10817
0	212190	2	10817
0	27522	2	10817
0	195402	2	10817
0	10734	2	10817
0	178614	2	10817
0	346494	2	10817
0	161826	2	10817
0	329706	2	10817
0	145038	2	10817
0	312918	2	10817
0	128250	2	10817
0	296130	2	10817
0	112149	1	10900
0	280029	1	10900
0	95361	1	10900
0	263241	1	10900
0	78573	1	10900
0	246453	1	10900
0	61785	1	10900
0	229665	1	10900
0	44997	1	10900
0	212877	1	10900
0	28209	1	10900
0	196089	1	10900
0	11421	1	10900
0	179301	1	10900
0	347181	1	10900
0	162513	1	10900
0	330393	1	10900
0	145725	1	10900
0	313605	1	10900
0	128937	1	10900
0	296817	1	10900
0	112149	2	10901
0	280029	2	10901
0	95361	2	10901
0	263241	2	10901
0	78573	2	10901
0	246453	2	10901
0	61785	2	10901
0	229665	2	10901
0	44997	2	10901
0	212877	2	10901
0	28209	2	10901
0	196089	2	10901
0	11421	2	10901
0	179301	2	10901
0	347181	2	10901
0	162513	2	10901
0	330393	2	10901
0	145725	2	10901
0	313605	2	10901
0	128937	2	10901
0	296817	2	10901
0	112609	2	10951
0	280489	2	10951
0	95821	2	10951
0	263701	2	10951
0	79033	2	10951
0	246913	2	10951
0	62245	2	10951
0	230125	2	10951
0	45457	2	10951
0	213337	2	10951
0	28669	2	10951
0	196549	2	10951
0	11881	2	10951
0	179761	2	10951
0	347641	2	10951
0	162973	2	10951
0	330853	2	10951
0	146185	2	10951
0	314065	2	10951
0	129397	2	10951
0	297277	2	10951
0	112859	2	10979
0	280739	2	10979
0	96071	2	10979
0	263951	2	10979
0	79283	2	10979
0	247163	2	10979
0	62495	2	10979
0	230375	2	10979
0	45707	2	10979
0	213587	2	10979
0	28919	2	10979
0	196799	2	10979
0	12131	2	10979
0	180011	2	10979
0	347891	2	10979
0	163223	2	10979
0	331103	2	10979
0	146435	2	10979
0	314315	2	10979
0	129647	2	10979
0	297527	2	10979
0	112943	2	10983
0	280823	2	10983
0	96155	2	10983
0	264035	2	10983
0	79367	2	10983
0	247247	2	10983
0	62579	2	10983
0	230459	2	10983
0	45791	2	10983
0	213671	2	10983
0	29003	2	10983
0	196883	2	10983
0	12215	2	10983
0	180095	2	10983
0	347975	2	10983
0	163307	2	10983
0	331187	2	10983
0	146519	2	10983
0	314399	2	10983
0	129731	2	10983
0	297611	2	10983
0	113232	2	11011
0	281112	2	11011
0	96444	2	11011
0	264324	2	11011
0	79656	2	11011
0	247536	2	11011
0	62868	2	11011
0	230748	2	11011
0	46080	2	11011
0	213960	2	11011
0	29292	2	11011
0	197172	2	11011
0	12504	2	11011
0	180384	2	11011
0	348264	2	11011
0	163596	2	11011
0	331476	2	11011
0	146808	2	11011
0	314688	2	11011
0	130020	2	11011
0	297900	2	11011
0	113233	1	11012
0	281113	1	11012
0	96445	1	11012
0	264325	1	11012
0	79657	1	11012
0	247537	1	11012
0	62869	1	11012
0	230749	1	11012
0	46081	1	11012
0	213961	1	11012
0	29293	1	11012
0	197173	1	11012
0	12505	1	11012
0	180385	1	11012
0	348265	1	11012
0	163597	1	11012
0	331477	1	11012
0	146809	1	11012
0	314689	1	11012
0	130021	1	11012
0	297901	1	11012
0	113369	2	11031
0	281249	2	11031
0	96581	2	11031
0	264461	2	11031
0	79793	2	11031
0	247673	2	11031
0	63005	2	11031
0	230885	2	11031
0	46217	2	11031
0	214097	2	11031
0	29429	2	11031
0	197309	2	11031
0	12641	2	11031
0	180521	2	11031
0	348401	2	11031
0	163733	2	11031
0	331613	2	11031
0	146945	2	11031
0	314825	2	11031
0	130157	2	11031
0	298037	2	11031
0	113408	2	11037
0	281288	2	11037
0	96620	2	11037
0	264500	2	11037
0	79832	2	11037
0	247712	2	11037
0	63044	2	11037
0	230924	2	11037
0	46256	2	11037
0	214136	2	11037
0	29468	2	11037
0	197348	2	11037
0	12680	2	11037
0	180560	2	11037
0	348440	2	11037
0	163772	2	11037
0	331652	2	11037
0	146984	2	11037
0	314864	2	11037
0	130196	2	11037
0	298076	2	11037
0	113409	2	11039
0	281289	2	11039
0	96621	2	11039
0	264501	2	11039
0	79833	2	11039
0	247713	2	11039
0	63045	2	11039
0	230925	2	11039
0	46257	2	11039
0	214137	2	11039
0	29469	2	11039
0	197349	2	11039
0	12681	2	11039
0	180561	2	11039
0	348441	2	11039
0	163773	2	11039
0	331653	2	11039
0	146985	2	11039
0	314865	2	11039
0	130197	2	11039
0	298077	2	11039
0	114269	2	11101
0	282149	2	11101
0	97481	2	11101
0	265361	2	11101
0	80693	2	11101
0	248573	2	11101
0	63905	2	11101
0	231785	2	11101
0	47117	2	11101
0	214997	2	11101
0	30329	2	11101
0	198209	2	11101
0	13541	2	11101
0	181421	2	11101
0	349301	2	11101
0	164633	2	11101
0	332513	2	11101
0	147845	2	11101
0	315725	2	11101
0	131057	2	11101
0	298937	2	11101
0	114441	2	11109
0	282321	2	11109
0	97653	2	11109
0	265533	2	11109
0	80865	2	11109
0	248745	2	11109
0	64077	2	11109
0	231957	2	11109
0	47289	2	11109
0	215169	2	11109
0	30501	2	11109
0	198381	2	11109
0	13713	2	11109
0	181593	2	11109
0	349473	2	11109
0	164805	2	11109
0	332685	2	11109
0	148017	2	11109
0	315897	2	11109
0	131229	2	11109
0	299109	2	11109
0	114613	2	11125
0	282493	2	11125
0	97825	2	11125
0	265705	2	11125
0	81037	2	11125
0	248917	2	11125
0	64249	2	11125
0	232129	2	11125
0	47461	2	11125
0	215341	2	11125
0	30673	2	11125
0	198553	2	11125
0	13885	2	11125
0	181765	2	11125
0	349645	2	11125
0	164977	2	11125
0	332857	2	11125
0	148189	2	11125
0	316069	2	11125
0	131401	2	11125
0	299281	2	11125
0	114978	2	11185
0	282858	2	11185
0	98190	2	11185
0	266070	2	11185
0	81402	2	11185
0	249282	2	11185
0	64614	2	11185
0	232494	2	11185
0	47826	2	11185
0	215706	2	11185
0	31038	2	11185
0	198918	2	11185
0	14250	2	11185
0	182130	2	11185
0	350010	2	11185
0	165342	2	11185
0	333222	2	11185
0	148554	2	11185
0	316434	2	11185
0	131766	2	11185
0	299646	2	11185
0	116398	2	11315
0	284278	2	11315
0	99610	2	11315
0	267490	2	11315
0	82822	2	11315
0	250702	2	11315
0	66034	2	11315
0	233914	2	11315
0	49246	2	11315
0	217126	2	11315
0	32458	2	11315
0	200338	2	11315
0	15670	2	11315
0	183550	2	11315
0	351430	2	11315
0	166762	2	11315
0	334642	2	11315
0	149974	2	11315
0	317854	2	11315
0	133186	2	11315
0	301066	2	11315
0	116428	2	11319
0	284308	2	11319
0	99640	2	11319
0	267520	2	11319
0	82852	2	11319
0	250732	2	11319
0	66064	2	11319
0	233944	2	11319
0	49276	2	11319
0	217156	2	11319
0	32488	2	11319
0	200368	2	11319
0	15700	2	11319
0	183580	2	11319
0	351460	2	11319
0	166792	2	11319
0	334672	2	11319
0	150004	2	11319
0	317884	2	11319
0	133216	2	11319
0	301096	2	11319
0	116442	1	11322
0	284322	1	11322
0	99654	1	11322
0	267534	1	11322
0	82866	1	11322
0	250746	1	11322
0	66078	1	11322
0	233958	1	11322
0	49290	1	11322
0	217170	1	11322
0	32502	1	11322
0	200382	1	11322
0	15714	1	11322
0	183594	1	11322
0	351474	1	11322
0	166806	1	11322
0	334686	1	11322
0	150018	1	11322
0	317898	1	11322
0	133230	1	11322
0	301110	1	11322
0	116442	2	11323
0	284322	2	11323
0	99654	2	11323
0	267534	2	11323
0	82866	2	11323
0	250746	2	11323
0	66078	2	11323
0	233958	2	11323
0	49290	2	11323
0	217170	2	11323
0	32502	2	11323
0	200382	2	11323
0	15714	2	11323
0	183594	2	11323
0	351474	2	11323
0	166806	2	11323
0	334686	2	11323
0	150018	2	11323
0	317898	2	11323
0	133230	2	11323
0	301110	2	11323
0	116443	2	11325
0	284323	2	11325
0	99655	2	11325
0	267535	2	11325
0	82867	2	11325
0	250747	2	11325
0	66079	2	11325
0	233959	2	11325
0	49291	2	11325
0	217171	2	11325
0	32503	2	11325
0	200383	2	11325
0	15715	2	11325
0	183595	2	11325
0	351475	2	11325
0	166807	2	11325
0	334687	2	11325
0	150019	2	11325
0	317899	2	11325
0	133231	2	11325
0	301111	2	11325
0	116633	1	11336
0	284513	1	11336
0	99845	1	11336
0	267725	1	11336
0	83057	1	11336
0	250937	1	11336
0	66269	1	11336
0	234149	1	11336
0	49481	1	11336
0	217361	1	11336
0	32693	1	11336
0	200573	1	11336
0	15905	1	11336
0	183785	1	11336
0	351665	1	11336
0	166997	1	11336
0	334877	1	11336
0	150209	1	11336
0	318089	1	11336
0	133421	1	11336
0	301301	1	11336
0	116633	2	11337
0	284513	2	11337
0	99845	2	11337
0	267725	2	11337
0	83057	2	11337
0	250937	2	11337
0	66269	2	11337
0	234149	2	11337
0	49481	2	11337
0	217361	2	11337
0	32693	2	11337
0	200573	2	11337
0	15905	2	11337
0	183785	2	11337
0	351665	2	11337
0	166997	2	11337
0	334877	2	11337
0	150209	2	11337
0	318089	2	11337
0	133421	2	11337
0	301301	2	11337
0	116759	2	11345
0	284639	2	11345
0	99971	2	11345
0	267851	2	11345
0	83183	2	11345
0	251063	2	11345
0	66395	2	11345
0	234275	2	11345
0	49607	2	11345
0	217487	2	11345
0	32819	2	11345
0	200699	2	11345
0	16031	2	11345
0	183911	2	11345
0	351791	2	11345
0	167123	2	11345
0	335003	2	11345
0	150335	2	11345
0	318215	2	11345
0	133547	2	11345
0	301427	2	11345
0	116760	2	11347
0	284640	2	11347
0	99972	2	11347
0	267852	2	11347
0	83184	2	11347
0	251064	2	11347
0	66396	2	11347
0	234276	2	11347
0	49608	2	11347
0	217488	2	11347
0	32820	2	11347
0	200700	2	11347
0	16032	2	11347
0	183912	2	11347
0	351792	2	11347
0	167124	2	11347
0	335004	2	11347
0	150336	2	11347
0	318216	2	11347
0	133548	2	11347
0	301428	2	11347
0	117030	2	11373
0	284910	2	11373
0	100242	2	11373
0	268122	2	11373
0	83454	2	11373
0	251334	2	11373
0	66666	2	11373
0	234546	2	11373
0	49878	2	11373
0	217758	2	11373
0	33090	2	11373
0	200970	2	11373
0	16302	2	11373
0	184182	2	11373
0	352062	2	11373
0	167394	2	11373
0	335274	2	11373
0	150606	2	11373
0	318486	2	11373
0	133818	2	11373
0	301698	2	11373
0	117031	2	11375
0	284911	2	11375
0	100243	2	11375
0	268123	2	11375
0	83455	2	11375
0	251335	2	11375
0	66667	2	11375
0	234547	2	11375
0	49879	2	11375
0	217759	2	11375
0	33091	2	11375
0	200971	2	11375
0	16303	2	11375
0	184183	2	11375
0	352063	2	11375
0	167395	2	11375
0	335275	2	11375
0	150607	2	11375
0	318487	2	11375
0	133819	2	11375
0	301699	2	11375
0	117261	2	11393
0	285141	2	11393
0	100473	2	11393
0	268353	2	11393
0	83685	2	11393
0	251565	2	11393
0	66897	2	11393
0	234777	2	11393
0	50109	2	11393
0	217989	2	11393
0	33321	2	11393
0	201201	2	11393
0	16533	2	11393
0	184413	2	11393
0	352293	2	11393
0	167625	2	11393
0	335505	2	11393
0	150837	2	11393
0	318717	2	11393
0	134049	2	11393
0	301929	2	11393
0	117523	1	11418
0	285403	1	11418
0	100735	1	11418
0	268615	1	11418
0	83947	1	11418
0	251827	1	11418
0	67159	1	11418
0	235039	1	11418
0	50371	1	11418
0	218251	1	11418
0	33583	1	11418
0	201463	1	11418
0	16795	1	11418
0	184675	1	11418
0	7	1	11418
0	167887	1	11418
0	335767	1	11418
0	151099	1	11418
0	318979	1	11418
0	134311	1	11418
0	302191	1	11418
0	117523	2	11419
0	285403	2	11419
0	100735	2	11419
0	268615	2	11419
0	83947	2	11419
0	251827	2	11419
0	67159	2	11419
0	235039	2	11419
0	50371	2	11419
0	218251	2	11419
0	33583	2	11419
0	201463	2	11419
0	16795	2	11419
0	184675	2	11419
0	7	2	11419
0	167887	2	11419
0	335767	2	11419
0	151099	2	11419
0	318979	2	11419
0	134311	2	11419
0	302191	2	11419
0	118036	2	11467
0	285916	2	11467
0	101248	2	11467
0	269128	2	11467
0	84460	2	11467
0	252340	2	11467
0	67672	2	11467
0	235552	2	11467
0	50884	2	11467
0	218764	2	11467
0	34096	2	11467
0	201976	2	11467
0	17308	2	11467
0	185188	2	11467
0	520	2	11467
0	168400	2	11467
0	336280	2	11467
0	151612	2	11467
0	319492	2	11467
0	134824	2	11467
0	302704	2	11467
0	118256	1	11484
0	286136	1	11484
0	101468	1	11484
0	269348	1	11484
0	84680	1	11484
0	252560	1	11484
0	67892	1	11484
0	235772	1	11484
0	51104	1	11484
0	218984	1	11484
0	34316	1	11484
0	202196	1	11484
0	17528	1	11484
0	185408	1	11484
0	740	1	11484
0	168620	1	11484
0	336500	1	11484
0	151832	1	11484
0	319712	1	11484
0	135044	1	11484
0	302924	1	11484
0	118256	2	11485
0	286136	2	11485
0	101468	2	11485
0	269348	2	11485
0	84680	2	11485
0	252560	2	11485
0	67892	2	11485
0	235772	2	11485
0	51104	2	11485
0	218984	2	11485
0	34316	2	11485
0	202196	2	11485
0	17528	2	11485
0	185408	2	11485
0	740	2	11485
0	168620	2	11485
0	336500	2	11485
0	151832	2	11485
0	319712	2	11485
0	135044	2	11485
0	302924	2	11485
0	118266	2	11487
0	286146	2	11487
0	101478	2	11487
0	269358	2	11487
0	84690	2	11487
0	252570	2	11487
0	67902	2	11487
0	235782	2	11487
0	51114	2	11487
0	218994	2	11487
0	34326	2	11487
0	202206	2	11487
0	17538	2	11487
0	185418	2	11487
0	750	2	11487
0	168630	2	11487
0	336510	2	11487
0	151842	2	11487
0	319722	2	11487
0	135054	2	11487
0	302934	2	11487
0	118267	1	11488
0	286147	1	11488
0	101479	1	11488
0	269359	1	11488
0	84691	1	11488
0	252571	1	11488
0	67903	1	11488
0	235783	1	11488
0	51115	1	11488
0	218995	1	11488
0	34327	1	11488
0	202207	1	11488
0	17539	1	11488
0	185419	1	11488
0	751	1	11488
0	168631	1	11488
0	336511	1	11488
0	151843	1	11488
0	319723	1	11488
0	135055	1	11488
0	302935	1	11488
0	118294	1	11492
0	286174	1	11492
0	101506	1	11492
0	269386	1	11492
0	84718	1	11492
0	252598	1	11492
0	67930	1	11492
0	235810	1	11492
0	51142	1	11492
0	219022	1	11492
0	34354	1	11492
0	202234	1	11492
0	17566	1	11492
0	185446	1	11492
0	778	1	11492
0	168658	1	11492
0	336538	1	11492
0	151870	1	11492
0	319750	1	11492
0	135082	1	11492
0	302962	1	11492
0	118294	2	11493
0	286174	2	11493
0	101506	2	11493
0	269386	2	11493
0	84718	2	11493
0	252598	2	11493
0	67930	2	11493
0	235810	2	11493
0	51142	2	11493
0	219022	2	11493
0	34354	2	11493
0	202234	2	11493
0	17566	2	11493
0	185446	2	11493
0	778	2	11493
0	168658	2	11493
0	336538	2	11493
0	151870	2	11493
0	319750	2	11493
0	135082	2	11493
0	302962	2	11493
0	118307	2	11495
0	286187	2	11495
0	101519	2	11495
0	269399	2	11495
0	84731	2	11495
0	252611	2	11495
0	67943	2	11495
0	235823	2	11495
0	51155	2	11495
0	219035	2	11495
0	34367	2	11495
0	202247	2	11495
0	17579	2	11495
0	185459	2	11495
0	791	2	11495
0	168671	2	11495
0	336551	2	11495
0	151883	2	11495
0	319763	2	11495
0	135095	2	11495
0	302975	2	11495
0	118394	2	11511
0	286274	2	11511
0	101606	2	11511
0	269486	2	11511
0	84818	2	11511
0	252698	2	11511
0	68030	2	11511
0	235910	2	11511
0	51242	2	11511
0	219122	2	11511
0	34454	2	11511
0	202334	2	11511
0	17666	2	11511
0	185546	2	11511
0	878	2	11511
0	168758	2	11511
0	336638	2	11511
0	151970	2	11511
0	319850	2	11511
0	135182	2	11511
0	303062	2	11511
0	119706	2	11623
0	287586	2	11623
0	102918	2	11623
0	270798	2	11623
0	86130	2	11623
0	254010	2	11623
0	69342	2	11623
0	237222	2	11623
0	52554	2	11623
0	220434	2	11623
0	35766	2	11623
0	203646	2	11623
0	18978	2	11623
0	186858	2	11623
0	2190	2	11623
0	170070	2	11623
0	337950	2	11623
0	153282	2	11623
0	321162	2	11623
0	136494	2	11623
0	304374	2	11623
0	120522	2	11681
0	288402	2	11681
0	103734	2	11681
0	271614	2	11681
0	86946	2	11681
0	254826	2	11681
0	70158	2	11681
0	238038	2	11681
0	53370	2	11681
0	221250	2	11681
0	36582	2	11681
0	204462	2	11681
0	19794	2	11681
0	187674	2	11681
0	3006	2	11681
0	170886	2	11681
0	338766	2	11681
0	154098	2	11681
0	321978	2	11681
0	137310	2	11681
0	305190	2	11681
0	120773	2	11703
0	288653	2	11703
0	103985	2	11703
0	271865	2	11703
0	87197	2	11703
0	255077	2	11703
0	70409	2	11703
0	238289	2	11703
0	53621	2	11703
0	221501	2	11703
0	36833	2	11703
0	204713	2	11703
0	20045	2	11703
0	187925	2	11703
0	3257	2	11703
0	171137	2	11703
0	339017	2	11703
0	154349	2	11703
0	322229	2	11703
0	137561	2	11703
0	305441	2	11703
0	121278	2	11753
0	289158	2	11753
0	104490	2	11753
0	272370	2	11753
0	87702	2	11753
0	255582	2	11753
0	70914	2	11753
0	238794	2	11753
0	54126	2	11753
0	222006	2	11753
0	37338	2	11753
0	205218	2	11753
0	20550	2	11753
0	188430	2	11753
0	3762	2	11753
0	171642	2	11753
0	339522	2	11753
0	154854	2	11753
0	322734	2	11753
0	138066	2	11753
0	305946	2	11753
0	121345	2	11769
0	289225	2	11769
0	104557	2	11769
0	272437	2	11769
0	87769	2	11769
0	255649	2	11769
0	70981	2	11769
0	238861	2	11769
0	54193	2	11769
0	222073	2	11769
0	37405	2	11769
0	205285	2	11769
0	20617	2	11769
0	188497	2	11769
0	3829	2	11769
0	171709	2	11769
0	339589	2	11769
0	154921	2	11769
0	322801	2	11769
0	138133	2	11769
0	306013	2	11769
0	121753	1	11804
0	289633	1	11804
0	104965	1	11804
0	272845	1	11804
0	88177	1	11804
0	256057	1	11804
0	71389	1	11804
0	239269	1	11804
0	54601	1	11804
0	222481	1	11804
0	37813	1	11804
0	205693	1	11804
0	21025	1	11804
0	188905	1	11804
0	4237	1	11804
0	172117	1	11804
0	339997	1	11804
0	155329	1	11804
0	323209	1	11804
0	138541	1	11804
0	306421	1	11804
0	121753	2	11805
0	289633	2	11805
0	104965	2	11805
0	272845	2	11805
0	88177	2	11805
0	256057	2	11805
0	71389	2	11805
0	239269	2	11805
0	54601	2	11805
0	222481	2	11805
0	37813	2	11805
0	205693	2	11805
0	21025	2	11805
0	188905	2	11805
0	4237	2	11805
0	172117	2	11805
0	339997	2	11805
0	155329	2	11805
0	323209	2	11805
0	138541	2	11805
0	306421	2	11805
0	122141	2	11833
0	290021	2	11833
0	105353	2	11833
0	273233	2	11833
0	88565	2	11833
0	256445	2	11833
0	71777	2	11833
0	239657	2	11833
0	54989	2	11833
0	222869	2	11833
0	38201	2	11833
0	206081	2	11833
0	21413	2	11833
0	189293	2	11833
0	4625	2	11833
0	172505	2	11833
0	340385	2	11833
0	155717	2	11833
0	323597	2	11833
0	138929	2	11833
0	306809	2	11833
0	122189	2	11841
0	290069	2	11841
0	105401	2	11841
0	273281	2	11841
0	88613	2	11841
0	256493	2	11841
0	71825	2	11841
0	239705	2	11841
0	55037	2	11841
0	222917	2	11841
0	38249	2	11841
0	206129	2	11841
0	21461	2	11841
0	189341	2	11841
0	4673	2	11841
0	172553	2	11841
0	340433	2	11841
0	155765	2	11841
0	323645	2	11841
0	138977	2	11841
0	306857	2	11841
0	122436	2	11869
0	290316	2	11869
0	105648	2	11869
0	273528	2	11869
0	88860	2	11869
0	256740	2	11869
0	72072	2	11869
0	239952	2	11869
0	55284	2	11869
0	223164	2	11869
0	38496	2	11869
0	206376	2	11869
0	21708	2	11869
0	189588	2	11869
0	4920	2	11869
0	172800	2	11869
0	340680	2	11869
0	156012	2	11869
0	323892	2	11869
0	139224	2	11869
0	307104	2	11869
0	122437	2	11871
0	290317	2	11871
0	105649	2	11871
0	273529	2	11871
0	88861	2	11871
0	256741	2	11871
0	72073	2	11871
0	239953	2	11871
0	55285	2	11871
0	223165	2	11871
0	38497	2	11871
0	206377	2	11871
0	21709	2	11871
0	189589	2	11871
0	4921	2	11871
0	172801	2	11871
0	340681	2	11871
0	156013	2	11871
0	323893	2	11871
0	139225	2	11871
0	307105	2	11871
0	122456	2	11877
0	290336	2	11877
0	105668	2	11877
0	273548	2	11877
0	88880	2	11877
0	256760	2	11877
0	72092	2	11877
0	239972	2	11877
0	55304	2	11877
0	223184	2	11877
0	38516	2	11877
0	206396	2	11877
0	21728	2	11877
0	189608	2	11877
0	4940	2	11877
0	172820	2	11877
0	340700	2	11877
0	156032	2	11877
0	323912	2	11877
0	139244	2	11877
0	307124	2	11877
0	122479	2	11881
0	290359	2	11881
0	105691	2	11881
0	273571	2	11881
0	88903	2	11881
0	256783	2	11881
0	72115	2	11881
0	239995	2	11881
0	55327	2	11881
0	223207	2	11881
0	38539	2	11881
0	206419	2	11881
0	21751	2	11881
0	189631	2	11881
0	4963	2	11881
0	172843	2	11881
0	340723	2	11881
0	156055	2	11881
0	323935	2	11881
0	139267	2	11881
0	307147	2	11881
0	123067	2	11937
0	290947	2	11937
0	106279	2	11937
0	274159	2	11937
0	89491	2	11937
0	257371	2	11937
0	72703	2	11937
0	240583	2	11937
0	55915	2	11937
0	223795	2	11937
0	39127	2	11937
0	207007	2	11937
0	22339	2	11937
0	190219	2	11937
0	5551	2	11937
0	173431	2	11937
0	341311	2	11937
0	156643	2	11937
0	324523	2	11937
0	139855	2	11937
0	307735	2	11937
0	123068	1	11938
0	290948	1	11938
0	106280	1	11938
0	274160	1	11938
0	89492	1	11938
0	257372	1	11938
0	72704	1	11938
0	240584	1	11938
0	55916	1	11938
0	223796	1	11938
0	39128	1	11938
0	207008	1	11938
0	22340	1	11938
0	190220	1	11938
0	5552	1	11938
0	173432	1	11938
0	341312	1	11938
0	156644	1	11938
0	324524	1	11938
0	139856	1	11938
0	307736	1	11938
0	123068	2	11939
0	290948	2	11939
0	106280	2	11939
0	274160	2	11939
0	89492	2	11939
0	257372	2	11939
0	72704	2	11939
0	240584	2	11939
0	55916	2	11939
0	223796	2	11939
0	39128	2	11939
0	207008	2	11939
0	22340	2	11939
0	190220	2	11939
0	5552	2	11939
0	173432	2	11939
0	341312	2	11939
0	156644	2	11939
0	324524	2	11939
0	139856	2	11939
0	307736	2	11939
0	123154	2	11951
0	291034	2	11951
0	106366	2	11951
0	274246	2	11951
0	89578	2	11951
0	257458	2	11951
0	72790	2	11951
0	240670	2	11951
0	56002	2	11951
0	223882	2	11951
0	39214	2	11951
0	207094	2	11951
0	22426	2	11951
0	190306	2	11951
0	5638	2	11951
0	173518	2	11951
0	341398	2	11951
0	156730	2	11951
0	324610	2	11951
0	139942	2	11951
0	307822	2	11951
0	123463	2	11977
0	291343	2	11977
0	106675	2	11977
0	274555	2	11977
0	89887	2	11977
0	257767	2	11977
0	73099	2	11977
0	240979	2	11977
0	56311	2	11977
0	224191	2	11977
0	39523	2	11977
0	207403	2	11977
0	22735	2	11977
0	190615	2	11977
0	5947	2	11977
0	173827	2	11977
0	341707	2	11977
0	157039	2	11977
0	324919	2	11977
0	140251	2	11977
0	308131	2	11977
0	123755	2	11993
0	291635	2	11993
0	106967	2	11993
0	274847	2	11993
0	90179	2	11993
0	258059	2	11993
0	73391	2	11993
0	241271	2	11993
0	56603	2	11993
0	224483	2	11993
0	39815	2	11993
0	207695	2	11993
0	23027	2	11993
0	190907	2	11993
0	6239	2	11993
0	174119	2	11993
0	341999	2	11993
0	157331	2	11993
0	325211	2	11993
0	140543	2	11993
0	308423	2	11993
0	123774	2	11997
0	291654	2	11997
0	106986	2	11997
0	274866	2	11997
0	90198	2	11997
0	258078	2	11997
0	73410	2	11997
0	241290	2	11997
0	56622	2	11997
0	224502	2	11997
0	39834	2	11997
0	207714	2	11997
0	23046	2	11997
0	190926	2	11997
0	6258	2	11997
0	174138	2	11997
0	342018	2	11997
0	157350	2	11997
0	325230	2	11997
0	140562	2	11997
0	308442	2	11997
0	123994	2	12025
0	291874	2	12025
0	107206	2	12025
0	275086	2	12025
0	90418	2	12025
0	258298	2	12025
0	73630	2	12025
0	241510	2	12025
0	56842	2	12025
0	224722	2	12025
0	40054	2	12025
0	207934	2	12025
0	23266	2	12025
0	191146	2	12025
0	6478	2	12025
0	174358	2	12025
0	342238	2	12025
0	157570	2	12025
0	325450	2	12025
0	140782	2	12025
0	308662	2	12025
0	124255	2	12047
0	292135	2	12047
0	107467	2	12047
0	275347	2	12047
0	90679	2	12047
0	258559	2	12047
0	73891	2	12047
0	241771	2	12047
0	57103	2	12047
0	224983	2	12047
0	40315	2	12047
0	208195	2	12047
0	23527	2	12047
0	191407	2	12047
0	6739	2	12047
0	174619	2	12047
0	342499	2	12047
0	157831	2	12047
0	325711	2	12047
0	141043	2	12047
0	308923	2	12047
0	124609	1	12078
0	292489	1	12078
0	107821	1	12078
0	275701	1	12078
0	91033	1	12078
0	258913	1	12078
0	74245	1	12078
0	242125	1	12078
0	57457	1	12078
0	225337	1	12078
0	40669	1	12078
0	208549	1	12078
0	23881	1	12078
0	191761	1	12078
0	7093	1	12078
0	174973	1	12078
0	342853	1	12078
0	158185	1	12078
0	326065	1	12078
0	141397	1	12078
0	309277	1	12078
0	124609	2	12079
0	292489	2	12079
0	107821	2	12079
0	275701	2	12079
0	91033	2	12079
0	258913	2	12079
0	74245	2	12079
0	242125	2	12079
0	57457	2	12079
0	225337	2	12079
0	40669	2	12079
0	208549	2	12079
0	23881	2	12079
0	191761	2	12079
0	7093	2	12079
0	174973	2	12079
0	342853	2	12079
0	158185	2	12079
0	326065	2	12079
0	141397	2	12079
0	309277	2	12079
0	124622	2	12087
0	292502	2	12087
0	107834	2	12087
0	275714	2	12087
0	91046	2	12087
0	258926	2	12087
0	74258	2	12087
0	242138	2	12087
0	57470	2	12087
0	225350	2	12087
0	40682	2	12087
0	208562	2	12087
0	23894	2	12087
0	191774	2	12087
0	7106	2	12087
0	174986	2	12087
0	342866	2	12087
0	158198	2	12087
0	326078	2	12087
0	141410	2	12087
0	309290	2	12087
0	124905	2	12113
0	292785	2	12113
0	108117	2	12113
0	275997	2	12113
0	91329	2	12113
0	259209	2	12113
0	74541	2	12113
0	242421	2	12113
0	57753	2	12113
0	225633	2	12113
0	40965	2	12113
0	208845	2	12113
0	24177	2	12113
0	192057	2	12113
0	7389	2	12113
0	175269	2	12113
0	343149	2	12113
0	158481	2	12113
0	326361	2	12113
0	141693	2	12113
0	309573	2	12113
0	124978	2	12123
0	292858	2	12123
0	108190	2	12123
0	276070	2	12123
0	91402	2	12123
0	259282	2	12123
0	74614	2	12123
0	242494	2	12123
0	57826	2	12123
0	225706	2	12123
0	41038	2	12123
0	208918	2	12123
0	24250	2	12123
0	192130	2	12123
0	7462	2	12123
0	175342	2	12123
0	343222	2	12123
0	158554	2	12123
0	326434	2	12123
0	141766	2	12123
0	309646	2	12123
0	125161	2	12157
0	293041	2	12157
0	108373	2	12157
0	276253	2	12157
0	91585	2	12157
0	259465	2	12157
0	74797	2	12157
0	242677	2	12157
0	58009	2	12157
0	225889	2	12157
0	41221	2	12157
0	209101	2	12157
0	24433	2	12157
0	192313	2	12157
0	7645	2	12157
0	175525	2	12157
0	343405	2	12157
0	158737	2	12157
0	326617	2	12157
0	141949	2	12157
0	309829	2	12157
0	125459	1	12186
0	293339	1	12186
0	108671	1	12186
0	276551	1	12186
0	91883	1	12186
0	259763	1	12186
0	75095	1	12186
0	242975	1	12186
0	58307	1	12186
0	226187	1	12186
0	41519	1	12186
0	209399	1	12186
0	24731	1	12186
0	192611	1	12186
0	7943	1	12186
0	175823	1	12186
0	343703	1	12186
0	159035	1	12186
0	326915	1	12186
0	142247	1	12186
0	310127	1	12186
0	125459	2	12187
0	293339	2	12187
0	108671	2	12187
0	276551	2	12187
0	91883	2	12187
0	259763	2	12187
0	75095	2	12187
0	242975	2	12187
0	58307	2	12187
0	226187	2	12187
0	41519	2	12187
0	209399	2	12187
0	24731	2	12187
0	192611	2	12187
0	7943	2	12187
0	175823	2	12187
0	343703	2	12187
0	159035	2	12187
0	326915	2	12187
0	142247	2	12187
0	310127	2	12187
0	125500	2	12191
0	293380	2	12191
0	108712	2	12191
0	276592	2	12191
0	91924	2	12191
0	259804	2	12191
0	75136	2	12191
0	243016	2	12191
0	58348	2	12191
0	226228	2	12191
0	41560	2	12191
0	209440	2	12191
0	24772	2	12191
0	192652	2	12191
0	7984	2	12191
0	175864	2	12191
0	343744	2	12191
0	159076	2	12191
0	326956	2	12191
0	142288	2	12191
0	310168	2	12191
0	125693	2	12203
0	293573	2	12203
0	108905	2	12203
0	276785	2	12203
0	92117	2	12203
0	259997	2	12203
0	75329	2	12203
0	243209	2	12203
0	58541	2	12203
0	226421	2	12203
0	41753	2	12203
0	209633	2	12203
0	24965	2	12203
0	192845	2	12203
0	8177	2	12203
0	176057	2	12203
0	343937	2	12203
0	159269	2	12203
0	327149	2	12203
0	142481	2	12203
0	310361	2	12203
0	126012	2	12231
0	293892	2	12231
0	109224	2	12231
0	277104	2	12231
0	92436	2	12231
0	260316	2	12231
0	75648	2	12231
0	243528	2	12231
0	58860	2	12231
0	226740	2	12231
0	42072	2	12231
0	209952	2	12231
0	25284	2	12231
0	193164	2	12231
0	8496	2	12231
0	176376	2	12231
0	344256	2	12231
0	159588	2	12231
0	327468	2	12231
0	142800	2	12231
0	310680	2	12231
0	126050	1	12234
0	293930	1	12234
0	109262	1	12234
0	277142	1	12234
0	92474	1	12234
0	260354	1	12234
0	75686	1	12234
0	243566	1	12234
0	58898	1	12234
0	226778	1	12234
0	42110	1	12234
0	209990	1	12234
0	25322	1	12234
0	193202	1	12234
0	8534	1	12234
0	176414	1	12234
0	344294	1	12234
0	159626	1	12234
0	327506	1	12234
0	142838	1	12234
0	310718	1	12234
0	126050	2	12235
0	293930	2	12235
0	109262	2	12235
0	277142	2	12235
0	92474	2	12235
0	260354	2	12235
0	75686	2	12235
0	243566	2	12235
0	58898	2	12235
0	226778	2	12235
0	42110	2	12235
0	209990	2	12235
0	25322	2	12235
0	193202	2	12235
0	8534	2	12235
0	176414	2	12235
0	344294	2	12235
0	159626	2	12235
0	327506	2	12235
0	142838	2	12235
0	310718	2	12235
0	126051	1	12236
0	293931	1	12236
0	109263	1	12236
0	277143	1	12236
0	92475	1	12236
0	260355	1	12236
0	75687	1	12236
0	243567	1	12236
0	58899	1	12236
0	226779	1	12236
0	42111	1	12236
0	209991	1	12236
0	25323	1	12236
0	193203	1	12236
0	8535	1	12236
0	176415	1	12236
0	344295	1	12236
0	159627	1	12236
0	327507	1	12236
0	142839	1	12236
0	310719	1	12236
0	126102	2	12247
0	293982	2	12247
0	109314	2	12247
0	277194	2	12247
0	92526	2	12247
0	260406	2	12247
0	75738	2	12247
0	243618	2	12247
0	58950	2	12247
0	226830	2	12247
0	42162	2	12247
0	210042	2	12247
0	25374	2	12247
0	193254	2	12247
0	8586	2	12247
0	176466	2	12247
0	344346	2	12247
0	159678	2	12247
0	327558	2	12247
0	142890	2	12247
0	310770	2	12247
0	126118	2	12255
0	293998	2	12255
0	109330	2	12255
0	277210	2	12255
0	92542	2	12255
0	260422	2	12255
0	75754	2	12255
0	243634	2	12255
0	58966	2	12255
0	226846	2	12255
0	42178	2	12255
0	210058	2	12255
0	25390	2	12255
0	193270	2	12255
0	8602	2	12255
0	176482	2	12255
0	344362	2	12255
0	159694	2	12255
0	327574	2	12255
0	142906	2	12255
0	310786	2	12255
0	126143	2	12257
0	294023	2	12257
0	109355	2	12257
0	277235	2	12257
0	92567	2	12257
0	260447	2	12257
0	75779	2	12257
0	243659	2	12257
0	58991	2	12257
0	226871	2	12257
0	42203	2	12257
0	210083	2	12257
0	25415	2	12257
0	193295	2	12257
0	8627	2	12257
0	176507	2	12257
0	344387	2	12257
0	159719	2	12257
0	327599	2	12257
0	142931	2	12257
0	310811	2	12257
0	127188	2	12345
0	295068	2	12345
0	110400	2	12345
0	278280	2	12345
0	93612	2	12345
0	261492	2	12345
0	76824	2	12345
0	244704	2	12345
0	60036	2	12345
0	227916	2	12345
0	43248	2	12345
0	211128	2	12345
0	26460	2	12345
0	194340	2	12345
0	9672	2	12345
0	177552	2	12345
0	345432	2	12345
0	160764	2	12345
0	328644	2	12345
0	143976	2	12345
0	311856	2	12345
0	128031	2	12427
0	295911	2	12427
0	111243	2	12427
0	279123	2	12427
0	94455	2	12427
0	262335	2	12427
0	77667	2	12427
0	245547	2	12427
0	60879	2	12427
0	228759	2	12427
0	44091	2	12427
0	211971	2	12427
0	27303	2	12427
0	195183	2	12427
0	10515	2	12427
0	178395	2	12427
0	346275	2	12427
0	161607	2	12427
0	329487	2	12427
0	144819	2	12427
0	312699	2	12427
0	128517	2	12467
0	296397	2	12467
0	111729	2	12467
0	279609	2	12467
0	94941	2	12467
0	262821	2	12467
0	78153	2	12467
0	246033	2	12467
0	61365	2	12467
0	229245	2	12467
0	44577	2	12467
0	212457	2	12467
0	27789	2	12467
0	195669	2	12467
0	11001	2	12467
0	178881	2	12467
0	346761	2	12467
0	162093	2	12467
0	329973	2	12467
0	145305	2	12467
0	313185	2	12467
0	128899	1	12512
0	296779	1	12512
0	112111	1	12512
0	279991	1	12512
0	95323	1	12512
0	263203	1	12512
0	78535	1	12512
0	246415	1	12512
0	61747	1	12512
0	229627	1	12512
0	44959	1	12512
0	212839	1	12512
0	28171	1	12512
0	196051	1	12512
0	11383	1	12512
0	179263	1	12512
0	347143	1	12512
0	162475	1	12512
0	330355	1	12512
0	145687	1	12512
0	313567	1	12512
0	129410	2	12569
0	297290	2	12569
0	112622	2	12569
0	280502	2	12569
0	95834	2	12569
0	263714	2	12569
0	79046	2	12569
0	246926	2	12569
0	62258	2	12569
0	230138	2	12569
0	45470	2	12569
0	213350	2	12569
0	28682	2	12569
0	196562	2	12569
0	11894	2	12569
0	179774	2	12569
0	347654	2	12569
0	162986	2	12569
0	330866	2	12569
0	146198	2	12569
0	314078	2	12569
0	129444	2	12577
0	297324	2	12577
0	112656	2	12577
0	280536	2	12577
0	95868	2	12577
0	263748	2	12577
0	79080	2	12577
0	246960	2	12577
0	62292	2	12577
0	230172	2	12577
0	45504	2	12577
0	213384	2	12577
0	28716	2	12577
0	196596	2	12577
0	11928	2	12577
0	179808	2	12577
0	347688	2	12577
0	163020	2	12577
0	330900	2	12577
0	146232	2	12577
0	314112	2	12577
0	130212	2	12627
0	298092	2	12627
0	113424	2	12627
0	281304	2	12627
0	96636	2	12627
0	264516	2	12627
0	79848	2	12627
0	247728	2	12627
0	63060	2	12627
0	230940	2	12627
0	46272	2	12627
0	214152	2	12627
0	29484	2	12627
0	197364	2	12627
0	12696	2	12627
0	180576	2	12627
0	348456	2	12627
0	163788	2	12627
0	331668	2	12627
0	147000	2	12627
0	314880	2	12627
0	130586	2	12655
0	298466	2	12655
0	113798	2	12655
0	281678	2	12655
0	97010	2	12655
0	264890	2	12655
0	80222	2	12655
0	248102	2	12655
0	63434	2	12655
0	231314	2	12655
0	46646	2	12655
0	214526	2	12655
0	29858	2	12655
0	197738	2	12655
0	13070	2	12655
0	180950	2	12655
0	348830	2	12655
0	164162	2	12655
0	332042	2	12655
0	147374	2	12655
0	315254	2	12655
0	132035	2	12787
0	299915	2	12787
0	115247	2	12787
0	283127	2	12787
0	98459	2	12787
0	266339	2	12787
0	81671	2	12787
0	249551	2	12787
0	64883	2	12787
0	232763	2	12787
0	48095	2	12787
0	215975	2	12787
0	31307	2	12787
0	199187	2	12787
0	14519	2	12787
0	182399	2	12787
0	350279	2	12787
0	165611	2	12787
0	333491	2	12787
0	148823	2	12787
0	316703	2	12787
0	132256	2	12803
0	300136	2	12803
0	115468	2	12803
0	283348	2	12803
0	98680	2	12803
0	266560	2	12803
0	81892	2	12803
0	249772	2	12803
0	65104	2	12803
0	232984	2	12803
0	48316	2	12803
0	216196	2	12803
0	31528	2	12803
0	199408	2	12803
0	14740	2	12803
0	182620	2	12803
0	350500	2	12803
0	165832	2	12803
0	333712	2	12803
0	149044	2	12803
0	316924	2	12803
0	132430	2	12821
0	300310	2	12821
0	115642	2	12821
0	283522	2	12821
0	98854	2	12821
0	266734	2	12821
0	82066	2	12821
0	249946	2	12821
0	65278	2	12821
0	233158	2	12821
0	48490	2	12821
0	216370	2	12821
0	31702	2	12821
0	199582	2	12821
0	14914	2	12821
0	182794	2	12821
0	350674	2	12821
0	166006	2	12821
0	333886	2	12821
0	149218	2	12821
0	317098	2	12821
0	133520	1	12920
0	301400	1	12920
0	116732	1	12920
0	284612	1	12920
0	99944	1	12920
0	267824	1	12920
0	83156	1	12920
0	251036	1	12920
0	66368	1	12920
0	234248	1	12920
0	49580	1	12920
0	217460	1	12920
0	32792	1	12920
0	200672	1	12920
0	16004	1	12920
0	183884	1	12920
0	351764	1	12920
0	167096	1	12920
0	334976	1	12920
0	150308	1	12920
0	318188	1	12920
0	133520	2	12921
0	301400	2	12921
0	116732	2	12921
0	284612	2	12921
0	99944	2	12921
0	267824	2	12921
0	83156	2	12921
0	251036	2	12921
0	66368	2	12921
0	234248	2	12921
0	49580	2	12921
0	217460	2	12921
0	32792	2	12921
0	200672	2	12921
0	16004	2	12921
0	183884	2	12921
0	351764	2	12921
0	167096	2	12921
0	334976	2	12921
0	150308	2	12921
0	318188	2	12921
0	133622	2	12933
0	301502	2	12933
0	116834	2	12933
0	284714	2	12933
0	100046	2	12933
0	267926	2	12933
0	83258	2	12933
0	251138	2	12933
0	66470	2	12933
0	234350	2	12933
0	49682	2	12933
0	217562	2	12933
0	32894	2	12933
0	200774	2	12933
0	16106	2	12933
0	183986	2	12933
0	351866	2	12933
0	167198	2	12933
0	335078	2	12933
0	150410	2	12933
0	318290	2	12933
0	134309	1	12986
0	302189	1	12986
0	117521	1	12986
0	285401	1	12986
0	100733	1	12986
0	268613	1	12986
0	83945	1	12986
0	251825	1	12986
0	67157	1	12986
0	235037	1	12986
0	50369	1	12986
0	218249	1	12986
0	33581	1	12986
0	201461	1	12986
0	16793	1	12986
0	184673	1	12986
0	5	1	12986
0	167885	1	12986
0	335765	1	12986
0	151097	1	12986
0	318977	1	12986
0	134309	2	12987
0	302189	2	12987
0	117521	2	12987
0	285401	2	12987
0	100733	2	12987
0	268613	2	12987
0	83945	2	12987
0	251825	2	12987
0	67157	2	12987
0	235037	2	12987
0	50369	2	12987
0	218249	2	12987
0	33581	2	12987
0	201461	2	12987
0	16793	2	12987
0	184673	2	12987
0	5	2	12987
0	167885	2	12987
0	335765	2	12987
0	151097	2	12987
0	318977	2	12987
0	134496	1	13008
0	302376	1	13008
0	117708	1	13008
0	285588	1	13008
0	100920	1	13008
0	268800	1	13008
0	84132	1	13008
0	252012	1	13008
0	67344	1	13008
0	235224	1	13008
0	50556	1	13008
0	218436	1	13008
0	33768	1	13008
0	201648	1	13008
0	16980	1	13008
0	184860	1	13008
0	192	1	13008
0	168072	1	13008
0	335952	1	13008
0	151284	1	13008
0	319164	1	13008
0	134496	2	13009
0	302376	2	13009
0	117708	2	13009
0	285588	2	13009
0	100920	2	13009
0	268800	2	13009
0	84132	2	13009
0	252012	2	13009
0	67344	2	13009
0	235224	2	13009
0	50556	2	13009
0	218436	2	13009
0	33768	2	13009
0	201648	2	13009
0	16980	2	13009
0	184860	2	13009
0	192	2	13009
0	168072	2	13009
0	335952	2	13009
0	151284	2	13009
0	319164	2	13009
0	134497	1	13010
0	302377	1	13010
0	117709	1	13010
0	285589	1	13010
0	100921	1	13010
0	268801	1	13010
0	84133	1	13010
0	252013	1	13010
0	67345	1	13010
0	235225	1	13010
0	50557	1	13010
0	218437	1	13010
0	33769	1	13010
0	201649	1	13010
0	16981	1	13010
0	184861	1	13010
0	193	1	13010
0	168073	1	13010
0	335953	1	13010
0	151285	1	13010
0	319165	1	13010
0	134499	2	13015
0	302379	2	13015
0	117711	2	13015
0	285591	2	13015
0	100923	2	13015
0	268803	2	13015
0	84135	2	13015
0	252015	2	13015
0	67347	2	13015
0	235227	2	13015
0	50559	2	13015
0	218439	2	13015
0	33771	2	13015
0	201651	2	13015
0	16983	2	13015
0	184863	2	13015
0	195	2	13015
0	168075	2	13015
0	335955	2	13015
0	151287	2	13015
0	319167	2	13015
0	134512	2	13017
0	302392	2	13017
0	117724	2	13017
0	285604	2	13017
0	100936	2	13017
0	268816	2	13017
0	84148	2	13017
0	252028	2	13017
0	67360	2	13017
0	235240	2	13017
0	50572	2	13017
0	218452	2	13017
0	33784	2	13017
0	201664	2	13017
0	16996	2	13017
0	184876	2	13017
0	208	2	13017
0	168088	2	13017
0	335968	2	13017
0	151300	2	13017
0	319180	2	13017
0	134539	2	13021
0	302419	2	13021
0	117751	2	13021
0	285631	2	13021
0	100963	2	13021
0	268843	2	13021
0	84175	2	13021
0	252055	2	13021
0	67387	2	13021
0	235267	2	13021
0	50599	2	13021
0	218479	2	13021
0	33811	2	13021
0	201691	2	13021
0	17023	2	13021
0	184903	2	13021
0	235	2	13021
0	168115	2	13021
0	335995	2	13021
0	151327	2	13021
0	319207	2	13021
0	134657	1	13038
0	302537	1	13038
0	117869	1	13038
0	285749	1	13038
0	101081	1	13038
0	268961	1	13038
0	84293	1	13038
0	252173	1	13038
0	67505	1	13038
0	235385	1	13038
0	50717	1	13038
0	218597	1	13038
0	33929	1	13038
0	201809	1	13038
0	17141	1	13038
0	185021	1	13038
0	353	1	13038
0	168233	1	13038
0	336113	1	13038
0	151445	1	13038
0	319325	1	13038
0	134657	2	13039
0	302537	2	13039
0	117869	2	13039
0	285749	2	13039
0	101081	2	13039
0	268961	2	13039
0	84293	2	13039
0	252173	2	13039
0	67505	2	13039
0	235385	2	13039
0	50717	2	13039
0	218597	2	13039
0	33929	2	13039
0	201809	2	13039
0	17141	2	13039
0	185021	2	13039
0	353	2	13039
0	168233	2	13039
0	336113	2	13039
0	151445	2	13039
0	319325	2	13039
0	134820	2	13045
0	302700	2	13045
0	118032	2	13045
0	285912	2	13045
0	101244	2	13045
0	269124	2	13045
0	84456	2	13045
0	252336	2	13045
0	67668	2	13045
0	235548	2	13045
0	50880	2	13045
0	218760	2	13045
0	34092	2	13045
0	201972	2	13045
0	17304	2	13045
0	185184	2	13045
0	516	2	13045
0	168396	2	13045
0	336276	2	13045
0	151608	2	13045
0	319488	2	13045
0	134822	2	13049
0	302702	2	13049
0	118034	2	13049
0	285914	2	13049
0	101246	2	13049
0	269126	2	13049
0	84458	2	13049
0	252338	2	13049
0	67670	2	13049
0	235550	2	13049
0	50882	2	13049
0	218762	2	13049
0	34094	2	13049
0	201974	2	13049
0	17306	2	13049
0	185186	2	13049
0	518	2	13049
0	168398	2	13049
0	336278	2	13049
0	151610	2	13049
0	319490	2	13049
0	134889	2	13057
0	302769	2	13057
0	118101	2	13057
0	285981	2	13057
0	101313	2	13057
0	269193	2	13057
0	84525	2	13057
0	252405	2	13057
0	67737	2	13057
0	235617	2	13057
0	50949	2	13057
0	218829	2	13057
0	34161	2	13057
0	202041	2	13057
0	17373	2	13057
0	185253	2	13057
0	585	2	13057
0	168465	2	13057
0	336345	2	13057
0	151677	2	13057
0	319557	2	13057
0	135484	1	13104
0	303364	1	13104
0	118696	1	13104
0	286576	1	13104
0	101908	1	13104
0	269788	1	13104
0	85120	1	13104
0	253000	1	13104
0	68332	1	13104
0	236212	1	13104
0	51544	1	13104
0	219424	1	13104
0	34756	1	13104
0	202636	1	13104
0	17968	1	13104
0	185848	1	13104
0	1180	1	13104
0	169060	1	13104
0	336940	1	13104
0	152272	1	13104
0	320152	1	13104
0	135484	2	13105
0	303364	2	13105
0	118696	2	13105
0	286576	2	13105
0	101908	2	13105
0	269788	2	13105
0	85120	2	13105
0	253000	2	13105
0	68332	2	13105
0	236212	2	13105
0	51544	2	13105
0	219424	2	13105
0	34756	2	13105
0	202636	2	13105
0	17968	2	13105
0	185848	2	13105
0	1180	2	13105
0	169060	2	13105
0	336940	2	13105
0	152272	2	13105
0	320152	2	13105
0	135616	1	13118
0	303496	1	13118
0	118828	1	13118
0	286708	1	13118
0	102040	1	13118
0	269920	1	13118
0	85252	1	13118
0	253132	1	13118
0	68464	1	13118
0	236344	1	13118
0	51676	1	13118
0	219556	1	13118
0	34888	1	13118
0	202768	1	13118
0	18100	1	13118
0	185980	1	13118
0	1312	1	13118
0	169192	1	13118
0	337072	1	13118
0	152404	1	13118
0	320284	1	13118
0	135616	2	13119
0	303496	2	13119
0	118828	2	13119
0	286708	2	13119
0	102040	2	13119
0	269920	2	13119
0	85252	2	13119
0	253132	2	13119
0	68464	2	13119
0	236344	2	13119
0	51676	2	13119
0	219556	2	13119
0	34888	2	13119
0	202768	2	13119
0	18100	2	13119
0	185980	2	13119
0	1312	2	13119
0	169192	2	13119
0	337072	2	13119
0	152404	2	13119
0	320284	2	13119
0	135748	2	13131
0	303628	2	13131
0	118960	2	13131
0	286840	2	13131
0	102172	2	13131
0	270052	2	13131
0	85384	2	13131
0	253264	2	13131
0	68596	2	13131
0	236476	2	13131
0	51808	2	13131
0	219688	2	13131
0	35020	2	13131
0	202900	2	13131
0	18232	2	13131
0	186112	2	13131
0	1444	2	13131
0	169324	2	13131
0	337204	2	13131
0	152536	2	13131
0	320416	2	13131
0	136090	2	13161
0	303970	2	13161
0	119302	2	13161
0	287182	2	13161
0	102514	2	13161
0	270394	2	13161
0	85726	2	13161
0	253606	2	13161
0	68938	2	13161
0	236818	2	13161
0	52150	2	13161
0	220030	2	13161
0	35362	2	13161
0	203242	2	13161
0	18574	2	13161
0	186454	2	13161
0	1786	2	13161
0	169666	2	13161
0	337546	2	13161
0	152878	2	13161
0	320758	2	13161
0	136456	2	13205
0	304336	2	13205
0	119668	2	13205
0	287548	2	13205
0	102880	2	13205
0	270760	2	13205
0	86092	2	13205
0	253972	2	13205
0	69304	2	13205
0	237184	2	13205
0	52516	2	13205
0	220396	2	13205
0	35728	2	13205
0	203608	2	13205
0	18940	2	13205
0	186820	2	13205
0	2152	2	13205
0	170032	2	13205
0	337912	2	13205
0	153244	2	13205
0	321124	2	13205
0	136465	2	13211
0	304345	2	13211
0	119677	2	13211
0	287557	2	13211
0	102889	2	13211
0	270769	2	13211
0	86101	2	13211
0	253981	2	13211
0	69313	2	13211
0	237193	2	13211
0	52525	2	13211
0	220405	2	13211
0	35737	2	13211
0	203617	2	13211
0	18949	2	13211
0	186829	2	13211
0	2161	2	13211
0	170041	2	13211
0	337921	2	13211
0	153253	2	13211
0	321133	2	13211
0	136466	2	13213
0	304346	2	13213
0	119678	2	13213
0	287558	2	13213
0	102890	2	13213
0	270770	2	13213
0	86102	2	13213
0	253982	2	13213
0	69314	2	13213
0	237194	2	13213
0	52526	2	13213
0	220406	2	13213
0	35738	2	13213
0	203618	2	13213
0	18950	2	13213
0	186830	2	13213
0	2162	2	13213
0	170042	2	13213
0	337922	2	13213
0	153254	2	13213
0	321134	2	13213
0	136492	2	13217
0	304372	2	13217
0	119704	2	13217
0	287584	2	13217
0	102916	2	13217
0	270796	2	13217
0	86128	2	13217
0	254008	2	13217
0	69340	2	13217
0	237220	2	13217
0	52552	2	13217
0	220432	2	13217
0	35764	2	13217
0	203644	2	13217
0	18976	2	13217
0	186856	2	13217
0	2188	2	13217
0	170068	2	13217
0	337948	2	13217
0	153280	2	13217
0	321160	2	13217
0	136669	2	13233
0	304549	2	13233
0	119881	2	13233
0	287761	2	13233
0	103093	2	13233
0	270973	2	13233
0	86305	2	13233
0	254185	2	13233
0	69517	2	13233
0	237397	2	13233
0	52729	2	13233
0	220609	2	13233
0	35941	2	13233
0	203821	2	13233
0	19153	2	13233
0	187033	2	13233
0	2365	2	13233
0	170245	2	13233
0	338125	2	13233
0	153457	2	13233
0	321337	2	13233
0	136755	2	13241
0	304635	2	13241
0	119967	2	13241
0	287847	2	13241
0	103179	2	13241
0	271059	2	13241
0	86391	2	13241
0	254271	2	13241
0	69603	2	13241
0	237483	2	13241
0	52815	2	13241
0	220695	2	13241
0	36027	2	13241
0	203907	2	13241
0	19239	2	13241
0	187119	2	13241
0	2451	2	13241
0	170331	2	13241
0	338211	2	13241
0	153543	2	13241
0	321423	2	13241
0	136953	1	13256
0	304833	1	13256
0	120165	1	13256
0	288045	1	13256
0	103377	1	13256
0	271257	1	13256
0	86589	1	13256
0	254469	1	13256
0	69801	1	13256
0	237681	1	13256
0	53013	1	13256
0	220893	1	13256
0	36225	1	13256
0	204105	1	13256
0	19437	1	13256
0	187317	1	13256
0	2649	1	13256
0	170529	1	13256
0	338409	1	13256
0	153741	1	13256
0	321621	1	13256
0	136970	2	13259
0	304850	2	13259
0	120182	2	13259
0	288062	2	13259
0	103394	2	13259
0	271274	2	13259
0	86606	2	13259
0	254486	2	13259
0	69818	2	13259
0	237698	2	13259
0	53030	2	13259
0	220910	2	13259
0	36242	2	13259
0	204122	2	13259
0	19454	2	13259
0	187334	2	13259
0	2666	2	13259
0	170546	2	13259
0	338426	2	13259
0	153758	2	13259
0	321638	2	13259
0	137728	2	13327
0	305608	2	13327
0	120940	2	13327
0	288820	2	13327
0	104152	2	13327
0	272032	2	13327
0	87364	2	13327
0	255244	2	13327
0	70576	2	13327
0	238456	2	13327
0	53788	2	13327
0	221668	2	13327
0	37000	2	13327
0	204880	2	13327
0	20212	2	13327
0	188092	2	13327
0	3424	2	13327
0	171304	2	13327
0	339184	2	13327
0	154516	2	13327
0	322396	2	13327
0	138144	2	13367
0	306024	2	13367
0	121356	2	13367
0	289236	2	13367
0	104568	2	13367
0	272448	2	13367
0	87780	2	13367
0	255660	2	13367
0	70992	2	13367
0	238872	2	13367
0	54204	2	13367
0	222084	2	13367
0	37416	2	13367
0	205296	2	13367
0	20628	2	13367
0	188508	2	13367
0	3840	2	13367
0	171720	2	13367
0	339600	2	13367
0	154932	2	13367
0	322812	2	13367
0	138467	2	13395
0	306347	2	13395
0	121679	2	13395
0	289559	2	13395
0	104891	2	13395
0	272771	2	13395
0	88103	2	13395
0	255983	2	13395
0	71315	2	13395
0	239195	2	13395
0	54527	2	13395
0	222407	2	13395
0	37739	2	13395
0	205619	2	13395
0	20951	2	13395
0	188831	2	13395
0	4163	2	13395
0	172043	2	13395
0	339923	2	13395
0	155255	2	13395
0	323135	2	13395
0	138539	2	13407
0	306419	2	13407
0	121751	2	13407
0	289631	2	13407
0	104963	2	13407
0	272843	2	13407
0	88175	2	13407
0	256055	2	13407
0	71387	2	13407
0	239267	2	13407
0	54599	2	13407
0	222479	2	13407
0	37811	2	13407
0	205691	2	13407
0	21023	2	13407
0	188903	2	13407
0	4235	2	13407
0	172115	2	13407
0	339995	2	13407
0	155327	2	13407
0	323207	2	13407
0	138754	2	13419
0	306634	2	13419
0	121966	2	13419
0	289846	2	13419
0	105178	2	13419
0	273058	2	13419
0	88390	2	13419
0	256270	2	13419
0	71602	2	13419
0	239482	2	13419
0	54814	2	13419
0	222694	2	13419
0	38026	2	13419
0	205906	2	13419
0	21238	2	13419
0	189118	2	13419
0	4450	2	13419
0	172330	2	13419
0	340210	2	13419
0	155542	2	13419
0	323422	2	13419
0	139065	1	13448
0	306945	1	13448
0	122277	1	13448
0	290157	1	13448
0	105489	1	13448
0	273369	1	13448
0	88701	1	13448
0	256581	1	13448
0	71913	1	13448
0	239793	1	13448
0	55125	1	13448
0	223005	1	13448
0	38337	1	13448
0	206217	1	13448
0	21549	1	13448
0	189429	1	13448
0	4761	1	13448
0	172641	1	13448
0	340521	1	13448
0	155853	1	13448
0	323733	1	13448
0	139093	2	13461
0	306973	2	13461
0	122305	2	13461
0	290185	2	13461
0	105517	2	13461
0	273397	2	13461
0	88729	2	13461
0	256609	2	13461
0	71941	2	13461
0	239821	2	13461
0	55153	2	13461
0	223033	2	13461
0	38365	2	13461
0	206245	2	13461
0	21577	2	13461
0	189457	2	13461
0	4789	2	13461
0	172669	2	13461
0	340549	2	13461
0	155881	2	13461
0	323761	2	13461
0	139238	1	13482
0	307118	1	13482
0	122450	1	13482
0	290330	1	13482
0	105662	1	13482
0	273542	1	13482
0	88874	1	13482
0	256754	1	13482
0	72086	1	13482
0	239966	1	13482
0	55298	1	13482
0	223178	1	13482
0	38510	1	13482
0	206390	1	13482
0	21722	1	13482
0	189602	1	13482
0	4934	1	13482
0	172814	1	13482
0	340694	1	13482
0	156026	1	13482
0	323906	1	13482
0	139238	2	13483
0	307118	2	13483
0	122450	2	13483
0	290330	2	13483
0	105662	2	13483
0	273542	2	13483
0	88874	2	13483
0	256754	2	13483
0	72086	2	13483
0	239966	2	13483
0	55298	2	13483
0	223178	2	13483
0	38510	2	13483
0	206390	2	13483
0	21722	2	13483
0	189602	2	13483
0	4934	2	13483
0	172814	2	13483
0	340694	2	13483
0	156026	2	13483
0	323906	2	13483
0	139436	2	13515
0	307316	2	13515
0	122648	2	13515
0	290528	2	13515
0	105860	2	13515
0	273740	2	13515
0	89072	2	13515
0	256952	2	13515
0	72284	2	13515
0	240164	2	13515
0	55496	2	13515
0	223376	2	13515
0	38708	2	13515
0	206588	2	13515
0	21920	2	13515
0	189800	2	13515
0	5132	2	13515
0	173012	2	13515
0	340892	2	13515
0	156224	2	13515
0	324104	2	13515
0	139438	2	13519
0	307318	2	13519
0	122650	2	13519
0	290530	2	13519
0	105862	2	13519
0	273742	2	13519
0	89074	2	13519
0	256954	2	13519
0	72286	2	13519
0	240166	2	13519
0	55498	2	13519
0	223378	2	13519
0	38710	2	13519
0	206590	2	13519
0	21922	2	13519
0	189802	2	13519
0	5134	2	13519
0	173014	2	13519
0	340894	2	13519
0	156226	2	13519
0	324106	2	13519
0	139439	2	13521
0	307319	2	13521
0	122651	2	13521
0	290531	2	13521
0	105863	2	13521
0	273743	2	13521
0	89075	2	13521
0	256955	2	13521
0	72287	2	13521
0	240167	2	13521
0	55499	2	13521
0	223379	2	13521
0	38711	2	13521
0	206591	2	13521
0	21923	2	13521
0	189803	2	13521
0	5135	2	13521
0	173015	2	13521
0	340895	2	13521
0	156227	2	13521
0	324107	2	13521
0	139931	1	13564
0	307811	1	13564
0	123143	1	13564
0	291023	1	13564
0	106355	1	13564
0	274235	1	13564
0	89567	1	13564
0	257447	1	13564
0	72779	1	13564
0	240659	1	13564
0	55991	1	13564
0	223871	1	13564
0	39203	1	13564
0	207083	1	13564
0	22415	1	13564
0	190295	1	13564
0	5627	1	13564
0	173507	1	13564
0	341387	1	13564
0	156719	1	13564
0	324599	1	13564
0	139931	2	13565
0	307811	2	13565
0	123143	2	13565
0	291023	2	13565
0	106355	2	13565
0	274235	2	13565
0	89567	2	13565
0	257447	2	13565
0	72779	2	13565
0	240659	2	13565
0	55991	2	13565
0	223871	2	13565
0	39203	2	13565
0	207083	2	13565
0	22415	2	13565
0	190295	2	13565
0	5627	2	13565
0	173507	2	13565
0	341387	2	13565
0	156719	2	13565
0	324599	2	13565
0	140134	2	13597
0	308014	2	13597
0	123346	2	13597
0	291226	2	13597
0	106558	2	13597
0	274438	2	13597
0	89770	2	13597
0	257650	2	13597
0	72982	2	13597
0	240862	2	13597
0	56194	2	13597
0	224074	2	13597
0	39406	2	13597
0	207286	2	13597
0	22618	2	13597
0	190498	2	13597
0	5830	2	13597
0	173710	2	13597
0	341590	2	13597
0	156922	2	13597
0	324802	2	13597
0	140405	2	13623
0	308285	2	13623
0	123617	2	13623
0	291497	2	13623
0	106829	2	13623
0	274709	2	13623
0	90041	2	13623
0	257921	2	13623
0	73253	2	13623
0	241133	2	13623
0	56465	2	13623
0	224345	2	13623
0	39677	2	13623
0	207557	2	13623
0	22889	2	13623
0	190769	2	13623
0	6101	2	13623
0	173981	2	13623
0	341861	2	13623
0	157193	2	13623
0	325073	2	13623
0	140759	2	13661
0	308639	2	13661
0	123971	2	13661
0	291851	2	13661
0	107183	2	13661
0	275063	2	13661
0	90395	2	13661
0	258275	2	13661
0	73607	2	13661
0	241487	2	13661
0	56819	2	13661
0	224699	2	13661
0	40031	2	13661
0	207911	2	13661
0	23243	2	13661
0	191123	2	13661
0	6455	2	13661
0	174335	2	13661
0	342215	2	13661
0	157547	2	13661
0	325427	2	13661
0	141734	2	13745
0	309614	2	13745
0	124946	2	13745
0	292826	2	13745
0	108158	2	13745
0	276038	2	13745
0	91370	2	13745
0	259250	2	13745
0	74582	2	13745
0	242462	2	13745
0	57794	2	13745
0	225674	2	13745
0	41006	2	13745
0	208886	2	13745
0	24218	2	13745
0	192098	2	13745
0	7430	2	13745
0	175310	2	13745
0	343190	2	13745
0	158522	2	13745
0	326402	2	13745
0	141918	1	13752
0	309798	1	13752
0	125130	1	13752
0	293010	1	13752
0	108342	1	13752
0	276222	1	13752
0	91554	1	13752
0	259434	1	13752
0	74766	1	13752
0	242646	1	13752
0	57978	1	13752
0	225858	1	13752
0	41190	1	13752
0	209070	1	13752
0	24402	1	13752
0	192282	1	13752
0	7614	1	13752
0	175494	1	13752
0	343374	1	13752
0	158706	1	13752
0	326586	1	13752
0	142056	2	13773
0	309936	2	13773
0	125268	2	13773
0	293148	2	13773
0	108480	2	13773
0	276360	2	13773
0	91692	2	13773
0	259572	2	13773
0	74904	2	13773
0	242784	2	13773
0	58116	2	13773
0	225996	2	13773
0	41328	2	13773
0	209208	2	13773
0	24540	2	13773
0	192420	2	13773
0	7752	2	13773
0	175632	2	13773
0	343512	2	13773
0	158844	2	13773
0	326724	2	13773
0	142245	1	13786
0	310125	1	13786
0	125457	1	13786
0	293337	1	13786
0	108669	1	13786
0	276549	1	13786
0	91881	1	13786
0	259761	1	13786
0	75093	1	13786
0	242973	1	13786
0	58305	1	13786
0	226185	1	13786
0	41517	1	13786
0	209397	1	13786
0	24729	1	13786
0	192609	1	13786
0	7941	1	13786
0	175821	1	13786
0	343701	1	13786
0	159033	1	13786
0	326913	1	13786
0	142245	2	13787
0	310125	2	13787
0	125457	2	13787
0	293337	2	13787
0	108669	2	13787
0	276549	2	13787
0	91881	2	13787
0	259761	2	13787
0	75093	2	13787
0	242973	2	13787
0	58305	2	13787
0	226185	2	13787
0	41517	2	13787
0	209397	2	13787
0	24729	2	13787
0	192609	2	13787
0	7941	2	13787
0	175821	2	13787
0	343701	2	13787
0	159033	2	13787
0	326913	2	13787
0	142260	2	13789
0	310140	2	13789
0	125472	2	13789
0	293352	2	13789
0	108684	2	13789
0	276564	2	13789
0	91896	2	13789
0	259776	2	13789
0	75108	2	13789
0	242988	2	13789
0	58320	2	13789
0	226200	2	13789
0	41532	2	13789
0	209412	2	13789
0	24744	2	13789
0	192624	2	13789
0	7956	2	13789
0	175836	2	13789
0	343716	2	13789
0	159048	2	13789
0	326928	2	13789
0	142277	2	13791
0	310157	2	13791
0	125489	2	13791
0	293369	2	13791
0	108701	2	13791
0	276581	2	13791
0	91913	2	13791
0	259793	2	13791
0	75125	2	13791
0	243005	2	13791
0	58337	2	13791
0	226217	2	13791
0	41549	2	13791
0	209429	2	13791
0	24761	2	13791
0	192641	2	13791
0	7973	2	13791
0	175853	2	13791
0	343733	2	13791
0	159065	2	13791
0	326945	2	13791
0	142476	2	13813
0	310356	2	13813
0	125688	2	13813
0	293568	2	13813
0	108900	2	13813
0	276780	2	13813
0	92112	2	13813
0	259992	2	13813
0	75324	2	13813
0	243204	2	13813
0	58536	2	13813
0	226416	2	13813
0	41748	2	13813
0	209628	2	13813
0	24960	2	13813
0	192840	2	13813
0	8172	2	13813
0	176052	2	13813
0	343932	2	13813
0	159264	2	13813
0	327144	2	13813
0	142478	2	13817
0	310358	2	13817
0	125690	2	13817
0	293570	2	13817
0	108902	2	13817
0	276782	2	13817
0	92114	2	13817
0	259994	2	13817
0	75326	2	13817
0	243206	2	13817
0	58538	2	13817
0	226418	2	13817
0	41750	2	13817
0	209630	2	13817
0	24962	2	13817
0	192842	2	13817
0	8174	2	13817
0	176054	2	13817
0	343934	2	13817
0	159266	2	13817
0	327146	2	13817
0	142693	2	13841
0	310573	2	13841
0	125905	2	13841
0	293785	2	13841
0	109117	2	13841
0	276997	2	13841
0	92329	2	13841
0	260209	2	13841
0	75541	2	13841
0	243421	2	13841
0	58753	2	13841
0	226633	2	13841
0	41965	2	13841
0	209845	2	13841
0	25177	2	13841
0	193057	2	13841
0	8389	2	13841
0	176269	2	13841
0	344149	2	13841
0	159481	2	13841
0	327361	2	13841
0	142828	2	13857
0	310708	2	13857
0	126040	2	13857
0	293920	2	13857
0	109252	2	13857
0	277132	2	13857
0	92464	2	13857
0	260344	2	13857
0	75676	2	13857
0	243556	2	13857
0	58888	2	13857
0	226768	2	13857
0	42100	2	13857
0	209980	2	13857
0	25312	2	13857
0	193192	2	13857
0	8524	2	13857
0	176404	2	13857
0	344284	2	13857
0	159616	2	13857
0	327496	2	13857
0	143056	2	13869
0	310936	2	13869
0	126268	2	13869
0	294148	2	13869
0	109480	2	13869
0	277360	2	13869
0	92692	2	13869
0	260572	2	13869
0	75904	2	13869
0	243784	2	13869
0	59116	2	13869
0	226996	2	13869
0	42328	2	13869
0	210208	2	13869
0	25540	2	13869
0	193420	2	13869
0	8752	2	13869
0	176632	2	13869
0	344512	2	13869
0	159844	2	13869
0	327724	2	13869
0	143377	2	13917
0	311257	2	13917
0	126589	2	13917
0	294469	2	13917
0	109801	2	13917
0	277681	2	13917
0	93013	2	13917
0	260893	2	13917
0	76225	2	13917
0	244105	2	13917
0	59437	2	13917
0	227317	2	13917
0	42649	2	13917
0	210529	2	13917
0	25861	2	13917
0	193741	2	13917
0	9073	2	13917
0	176953	2	13917
0	344833	2	13917
0	160165	2	13917
0	328045	2	13917
0	143403	2	13919
0	311283	2	13919
0	126615	2	13919
0	294495	2	13919
0	109827	2	13919
0	277707	2	13919
0	93039	2	13919
0	260919	2	13919
0	76251	2	13919
0	244131	2	13919
0	59463	2	13919
0	227343	2	13919
0	42675	2	13919
0	210555	2	13919
0	25887	2	13919
0	193767	2	13919
0	9099	2	13919
0	176979	2	13919
0	344859	2	13919
0	160191	2	13919
0	328071	2	13919
0	143532	2	13933
0	311412	2	13933
0	126744	2	13933
0	294624	2	13933
0	109956	2	13933
0	277836	2	13933
0	93168	2	13933
0	261048	2	13933
0	76380	2	13933
0	244260	2	13933
0	59592	2	13933
0	227472	2	13933
0	42804	2	13933
0	210684	2	13933
0	26016	2	13933
0	193896	2	13933
0	9228	2	13933
0	177108	2	13933
0	344988	2	13933
0	160320	2	13933
0	328200	2	13933
0	143696	2	13953
0	311576	2	13953
0	126908	2	13953
0	294788	2	13953
0	110120	2	13953
0	278000	2	13953
0	93332	2	13953
0	261212	2	13953
0	76544	2	13953
0	244424	2	13953
0	59756	2	13953
0	227636	2	13953
0	42968	2	13953
0	210848	2	13953
0	26180	2	13953
0	194060	2	13953
0	9392	2	13953
0	177272	2	13953
0	345152	2	13953
0	160484	2	13953
0	328364	2	13953
0	143974	2	13981
0	311854	2	13981
0	127186	2	13981
0	295066	2	13981
0	110398	2	13981
0	278278	2	13981
0	93610	2	13981
0	261490	2	13981
0	76822	2	13981
0	244702	2	13981
0	60034	2	13981
0	227914	2	13981
0	43246	2	13981
0	211126	2	13981
0	26458	2	13981
0	194338	2	13981
0	9670	2	13981
0	177550	2	13981
0	345430	2	13981
0	160762	2	13981
0	328642	2	13981
0	144071	2	13989
0	311951	2	13989
0	127283	2	13989
0	295163	2	13989
0	110495	2	13989
0	278375	2	13989
0	93707	2	13989
0	261587	2	13989
0	76919	2	13989
0	244799	2	13989
0	60131	2	13989
0	228011	2	13989
0	43343	2	13989
0	211223	2	13989
0	26555	2	13989
0	194435	2	13989
0	9767	2	13989
0	177647	2	13989
0	345527	2	13989
0	160859	2	13989
0	328739	2	13989
0	144267	2	14001
0	312147	2	14001
0	127479	2	14001
0	295359	2	14001
0	110691	2	14001
0	278571	2	14001
0	93903	2	14001
0	261783	2	14001
0	77115	2	14001
0	244995	2	14001
0	60327	2	14001
0	228207	2	14001
0	43539	2	14001
0	211419	2	14001
0	26751	2	14001
0	194631	2	14001
0	9963	2	14001
0	177843	2	14001
0	345723	2	14001
0	161055	2	14001
0	328935	2	14001
0	144558	2	14023
0	312438	2	14023
0	127770	2	14023
0	295650	2	14023
0	110982	2	14023
0	278862	2	14023
0	94194	2	14023
0	262074	2	14023
0	77406	2	14023
0	245286	2	14023
0	60618	2	14023
0	228498	2	14023
0	43830	2	14023
0	211710	2	14023
0	27042	2	14023
0	194922	2	14023
0	10254	2	14023
0	178134	2	14023
0	346014	2	14023
0	161346	2	14023
0	329226	2	14023
0	144817	1	14036
0	312697	1	14036
0	128029	1	14036
0	295909	1	14036
0	111241	1	14036
0	279121	1	14036
0	94453	1	14036
0	262333	1	14036
0	77665	1	14036
0	245545	1	14036
0	60877	1	14036
0	228757	1	14036
0	44089	1	14036
0	211969	1	14036
0	27301	1	14036
0	195181	1	14036
0	10513	1	14036
0	178393	1	14036
0	346273	1	14036
0	161605	1	14036
0	329485	1	14036
0	144817	2	14037
0	312697	2	14037
0	128029	2	14037
0	295909	2	14037
0	111241	2	14037
0	279121	2	14037
0	94453	2	14037
0	262333	2	14037
0	77665	2	14037
0	245545	2	14037
0	60877	2	14037
0	228757	2	14037
0	44089	2	14037
0	211969	2	14037
0	27301	2	14037
0	195181	2	14037
0	10513	2	14037
0	178393	2	14037
0	346273	2	14037
0	161605	2	14037
0	329485	2	14037
0	144967	1	14054
0	312847	1	14054
0	128179	1	14054
0	296059	1	14054
0	111391	1	14054
0	279271	1	14054
0	94603	1	14054
0	262483	1	14054
0	77815	1	14054
0	245695	1	14054
0	61027	1	14054
0	228907	1	14054
0	44239	1	14054
0	212119	1	14054
0	27451	1	14054
0	195331	1	14054
0	10663	1	14054
0	178543	1	14054
0	346423	1	14054
0	161755	1	14054
0	329635	1	14054
0	144967	2	14055
0	312847	2	14055
0	128179	2	14055
0	296059	2	14055
0	111391	2	14055
0	279271	2	14055
0	94603	2	14055
0	262483	2	14055
0	77815	2	14055
0	245695	2	14055
0	61027	2	14055
0	228907	2	14055
0	44239	2	14055
0	212119	2	14055
0	27451	2	14055
0	195331	2	14055
0	10663	2	14055
0	178543	2	14055
0	346423	2	14055
0	161755	2	14055
0	329635	2	14055
0	144980	2	14059
0	312860	2	14059
0	128192	2	14059
0	296072	2	14059
0	111404	2	14059
0	279284	2	14059
0	94616	2	14059
0	262496	2	14059
0	77828	2	14059
0	245708	2	14059
0	61040	2	14059
0	228920	2	14059
0	44252	2	14059
0	212132	2	14059
0	27464	2	14059
0	195344	2	14059
0	10676	2	14059
0	178556	2	14059
0	346436	2	14059
0	161768	2	14059
0	329648	2	14059
0	145036	2	14063
0	312916	2	14063
0	128248	2	14063
0	296128	2	14063
0	111460	2	14063
0	279340	2	14063
0	94672	2	14063
0	262552	2	14063
0	77884	2	14063
0	245764	2	14063
0	61096	2	14063
0	228976	2	14063
0	44308	2	14063
0	212188	2	14063
0	27520	2	14063
0	195400	2	14063
0	10732	2	14063
0	178612	2	14063
0	346492	2	14063
0	161824	2	14063
0	329704	2	14063
0	146364	2	14191
0	314244	2	14191
0	129576	2	14191
0	297456	2	14191
0	112788	2	14191
0	280668	2	14191
0	96000	2	14191
0	263880	2	14191
0	79212	2	14191
0	247092	2	14191
0	62424	2	14191
0	230304	2	14191
0	45636	2	14191
0	213516	2	14191
0	28848	2	14191
0	196728	2	14191
0	12060	2	14191
0	179940	2	14191
0	347820	2	14191
0	163152	2	14191
0	331032	2	14191
0	146580	2	14207
0	314460	2	14207
0	129792	2	14207
0	297672	2	14207
0	113004	2	14207
0	280884	2	14207
0	96216	2	14207
0	264096	2	14207
0	79428	2	14207
0	247308	2	14207
0	62640	2	14207
0	230520	2	14207
0	45852	2	14207
0	213732	2	14207
0	29064	2	14207
0	196944	2	14207
0	12276	2	14207
0	180156	2	14207
0	348036	2	14207
0	163368	2	14207
0	331248	2	14207
0	146998	2	14253
0	314878	2	14253
0	130210	2	14253
0	298090	2	14253
0	113422	2	14253
0	281302	2	14253
0	96634	2	14253
0	264514	2	14253
0	79846	2	14253
0	247726	2	14253
0	63058	2	14253
0	230938	2	14253
0	46270	2	14253
0	214150	2	14253
0	29482	2	14253
0	197362	2	14253
0	12694	2	14253
0	180574	2	14253
0	348454	2	14253
0	163786	2	14253
0	331666	2	14253
0	147128	2	14263
0	315008	2	14263
0	130340	2	14263
0	298220	2	14263
0	113552	2	14263
0	281432	2	14263
0	96764	2	14263
0	264644	2	14263
0	79976	2	14263
0	247856	2	14263
0	63188	2	14263
0	231068	2	14263
0	46400	2	14263
0	214280	2	14263
0	29612	2	14263
0	197492	2	14263
0	12824	2	14263
0	180704	2	14263
0	348584	2	14263
0	163916	2	14263
0	331796	2	14263
0	149172	2	14451
0	317052	2	14451
0	132384	2	14451
0	300264	2	14451
0	115596	2	14451
0	283476	2	14451
0	98808	2	14451
0	266688	2	14451
0	82020	2	14451
0	249900	2	14451
0	65232	2	14451
0	233112	2	14451
0	48444	2	14451
0	216324	2	14451
0	31656	2	14451
0	199536	2	14451
0	14868	2	14451
0	182748	2	14451
0	350628	2	14451
0	165960	2	14451
0	333840	2	14451
0	149404	2	14479
0	317284	2	14479
0	132616	2	14479
0	300496	2	14479
0	115828	2	14479
0	283708	2	14479
0	99040	2	14479
0	266920	2	14479
0	82252	2	14479
0	250132	2	14479
0	65464	2	14479
0	233344	2	14479
0	48676	2	14479
0	216556	2	14479
0	31888	2	14479
0	199768	2	14479
0	15100	2	14479
0	182980	2	14479
0	350860	2	14479
0	166192	2	14479
0	334072	2	14479
0	149417	2	14481
0	317297	2	14481
0	132629	2	14481
0	300509	2	14481
0	115841	2	14481
0	283721	2	14481
0	99053	2	14481
0	266933	2	14481
0	82265	2	14481
0	250145	2	14481
0	65477	2	14481
0	233357	2	14481
0	48689	2	14481
0	216569	2	14481
0	31901	2	14481
0	199781	2	14481
0	15113	2	14481
0	182993	2	14481
0	350873	2	14481
0	166205	2	14481
0	334085	2	14481
0	149714	2	14515
0	317594	2	14515
0	132926	2	14515
0	300806	2	14515
0	116138	2	14515
0	284018	2	14515
0	99350	2	14515
0	267230	2	14515
0	82562	2	14515
0	250442	2	14515
0	65774	2	14515
0	233654	2	14515
0	48986	2	14515
0	216866	2	14515
0	32198	2	14515
0	200078	2	14515
0	15410	2	14515
0	183290	2	14515
0	351170	2	14515
0	166502	2	14515
0	334382	2	14515
0	149780	2	14523
0	317660	2	14523
0	132992	2	14523
0	300872	2	14523
0	116204	2	14523
0	284084	2	14523
0	99416	2	14523
0	267296	2	14523
0	82628	2	14523
0	250508	2	14523
0	65840	2	14523
0	233720	2	14523
0	49052	2	14523
0	216932	2	14523
0	32264	2	14523
0	200144	2	14523
0	15476	2	14523
0	183356	2	14523
0	351236	2	14523
0	166568	2	14523
0	334448	2	14523
0	150122	2	14549
0	318002	2	14549
0	133334	2	14549
0	301214	2	14549
0	116546	2	14549
0	284426	2	14549
0	99758	2	14549
0	267638	2	14549
0	82970	2	14549
0	250850	2	14549
0	66182	2	14549
0	234062	2	14549
0	49394	2	14549
0	217274	2	14549
0	32606	2	14549
0	200486	2	14549
0	15818	2	14549
0	183698	2	14549
0	351578	2	14549
0	166910	2	14549
0	334790	2	14549
0	150421	2	14575
0	318301	2	14575
0	133633	2	14575
0	301513	2	14575
0	116845	2	14575
0	284725	2	14575
0	100057	2	14575
0	267937	2	14575
0	83269	2	14575
0	251149	2	14575
0	66481	2	14575
0	234361	2	14575
0	49693	2	14575
0	217573	2	14575
0	32905	2	14575
0	200785	2	14575
0	16117	2	14575
0	183997	2	14575
0	351877	2	14575
0	167209	2	14575
0	335089	2	14575
0	150816	2	14605
0	318696	2	14605
0	134028	2	14605
0	301908	2	14605
0	117240	2	14605
0	285120	2	14605
0	100452	2	14605
0	268332	2	14605
0	83664	2	14605
0	251544	2	14605
0	66876	2	14605
0	234756	2	14605
0	50088	2	14605
0	217968	2	14605
0	33300	2	14605
0	201180	2	14605
0	16512	2	14605
0	184392	2	14605
0	352272	2	14605
0	167604	2	14605
0	335484	2	14605
0	151095	1	14618
0	318975	1	14618
0	134307	1	14618
0	302187	1	14618
0	117519	1	14618
0	285399	1	14618
0	100731	1	14618
0	268611	1	14618
0	83943	1	14618
0	251823	1	14618
0	67155	1	14618
0	235035	1	14618
0	50367	1	14618
0	218247	1	14618
0	33579	1	14618
0	201459	1	14618
0	16791	1	14618
0	184671	1	14618
0	3	1	14618
0	167883	1	14618
0	335763	1	14618
0	151095	2	14619
0	318975	2	14619
0	134307	2	14619
0	302187	2	14619
0	117519	2	14619
0	285399	2	14619
0	100731	2	14619
0	268611	2	14619
0	83943	2	14619
0	251823	2	14619
0	67155	2	14619
0	235035	2	14619
0	50367	2	14619
0	218247	2	14619
0	33579	2	14619
0	201459	2	14619
0	16791	2	14619
0	184671	2	14619
0	3	2	14619
0	167883	2	14619
0	335763	2	14619
0	151443	2	14647
0	319323	2	14647
0	134655	2	14647
0	302535	2	14647
0	117867	2	14647
0	285747	2	14647
0	101079	2	14647
0	268959	2	14647
0	84291	2	14647
0	252171	2	14647
0	67503	2	14647
0	235383	2	14647
0	50715	2	14647
0	218595	2	14647
0	33927	2	14647
0	201807	2	14647
0	17139	2	14647
0	185019	2	14647
0	351	2	14647
0	168231	2	14647
0	336111	2	14647
0	151492	2	14649
0	319372	2	14649
0	134704	2	14649
0	302584	2	14649
0	117916	2	14649
0	285796	2	14649
0	101128	2	14649
0	269008	2	14649
0	84340	2	14649
0	252220	2	14649
0	67552	2	14649
0	235432	2	14649
0	50764	2	14649
0	218644	2	14649
0	33976	2	14649
0	201856	2	14649
0	17188	2	14649
0	185068	2	14649
0	400	2	14649
0	168280	2	14649
0	336160	2	14649
0	151828	2	14677
0	319708	2	14677
0	135040	2	14677
0	302920	2	14677
0	118252	2	14677
0	286132	2	14677
0	101464	2	14677
0	269344	2	14677
0	84676	2	14677
0	252556	2	14677
0	67888	2	14677
0	235768	2	14677
0	51100	2	14677
0	218980	2	14677
0	34312	2	14677
0	202192	2	14677
0	17524	2	14677
0	185404	2	14677
0	736	2	14677
0	168616	2	14677
0	336496	2	14677
0	152268	2	14723
0	320148	2	14723
0	135480	2	14723
0	303360	2	14723
0	118692	2	14723
0	286572	2	14723
0	101904	2	14723
0	269784	2	14723
0	85116	2	14723
0	252996	2	14723
0	68328	2	14723
0	236208	2	14723
0	51540	2	14723
0	219420	2	14723
0	34752	2	14723
0	202632	2	14723
0	17964	2	14723
0	185844	2	14723
0	1176	2	14723
0	169056	2	14723
0	336936	2	14723
0	152270	2	14727
0	320150	2	14727
0	135482	2	14727
0	303362	2	14727
0	118694	2	14727
0	286574	2	14727
0	101906	2	14727
0	269786	2	14727
0	85118	2	14727
0	252998	2	14727
0	68330	2	14727
0	236210	2	14727
0	51542	2	14727
0	219422	2	14727
0	34754	2	14727
0	202634	2	14727
0	17966	2	14727
0	185846	2	14727
0	1178	2	14727
0	169058	2	14727
0	336938	2	14727
0	152523	2	14747
0	320403	2	14747
0	135735	2	14747
0	303615	2	14747
0	118947	2	14747
0	286827	2	14747
0	102159	2	14747
0	270039	2	14747
0	85371	2	14747
0	253251	2	14747
0	68583	2	14747
0	236463	2	14747
0	51795	2	14747
0	219675	2	14747
0	35007	2	14747
0	202887	2	14747
0	18219	2	14747
0	186099	2	14747
0	1431	2	14747
0	169311	2	14747
0	337191	2	14747
0	153192	2	14811
0	321072	2	14811
0	136404	2	14811
0	304284	2	14811
0	119616	2	14811
0	287496	2	14811
0	102828	2	14811
0	270708	2	14811
0	86040	2	14811
0	253920	2	14811
0	69252	2	14811
0	237132	2	14811
0	52464	2	14811
0	220344	2	14811
0	35676	2	14811
0	203556	2	14811
0	18888	2	14811
0	186768	2	14811
0	2100	2	14811
0	169980	2	14811
0	337860	2	14811
0	153343	2	14833
0	321223	2	14833
0	136555	2	14833
0	304435	2	14833
0	119767	2	14833
0	287647	2	14833
0	102979	2	14833
0	270859	2	14833
0	86191	2	14833
0	254071	2	14833
0	69403	2	14833
0	237283	2	14833
0	52615	2	14833
0	220495	2	14833
0	35827	2	14833
0	203707	2	14833
0	19039	2	14833
0	186919	2	14833
0	2251	2	14833
0	170131	2	14833
0	338011	2	14833
0	153739	2	14867
0	321619	2	14867
0	136951	2	14867
0	304831	2	14867
0	120163	2	14867
0	288043	2	14867
0	103375	2	14867
0	271255	2	14867
0	86587	2	14867
0	254467	2	14867
0	69799	2	14867
0	237679	2	14867
0	53011	2	14867
0	220891	2	14867
0	36223	2	14867
0	204103	2	14867
0	19435	2	14867
0	187315	2	14867
0	2647	2	14867
0	170527	2	14867
0	338407	2	14867
0	153756	2	14873
0	321636	2	14873
0	136968	2	14873
0	304848	2	14873
0	120180	2	14873
0	288060	2	14873
0	103392	2	14873
0	271272	2	14873
0	86604	2	14873
0	254484	2	14873
0	69816	2	14873
0	237696	2	14873
0	53028	2	14873
0	220908	2	14873
0	36240	2	14873
0	204120	2	14873
0	19452	2	14873
0	187332	2	14873
0	2664	2	14873
0	170544	2	14873
0	338424	2	14873
0	154468	2	14909
0	322348	2	14909
0	137680	2	14909
0	305560	2	14909
0	120892	2	14909
0	288772	2	14909
0	104104	2	14909
0	271984	2	14909
0	87316	2	14909
0	255196	2	14909
0	70528	2	14909
0	238408	2	14909
0	53740	2	14909
0	221620	2	14909
0	36952	2	14909
0	204832	2	14909
0	20164	2	14909
0	188044	2	14909
0	3376	2	14909
0	171256	2	14909
0	339136	2	14909
0	154511	1	14914
0	322391	1	14914
0	137723	1	14914
0	305603	1	14914
0	120935	1	14914
0	288815	1	14914
0	104147	1	14914
0	272027	1	14914
0	87359	1	14914
0	255239	1	14914
0	70571	1	14914
0	238451	1	14914
0	53783	1	14914
0	221663	1	14914
0	36995	1	14914
0	204875	1	14914
0	20207	1	14914
0	188087	1	14914
0	3419	1	14914
0	171299	1	14914
0	339179	1	14914
0	154511	2	14915
0	322391	2	14915
0	137723	2	14915
0	305603	2	14915
0	120935	2	14915
0	288815	2	14915
0	104147	2	14915
0	272027	2	14915
0	87359	2	14915
0	255239	2	14915
0	70571	2	14915
0	238451	2	14915
0	53783	2	14915
0	221663	2	14915
0	36995	2	14915
0	204875	2	14915
0	20207	2	14915
0	188087	2	14915
0	3419	2	14915
0	171299	2	14915
0	339179	2	14915
0	154512	1	14916
0	322392	1	14916
0	137724	1	14916
0	305604	1	14916
0	120936	1	14916
0	288816	1	14916
0	104148	1	14916
0	272028	1	14916
0	87360	1	14916
0	255240	1	14916
0	70572	1	14916
0	238452	1	14916
0	53784	1	14916
0	221664	1	14916
0	36996	1	14916
0	204876	1	14916
0	20208	1	14916
0	188088	1	14916
0	3420	1	14916
0	171300	1	14916
0	339180	1	14916
0	154751	2	14945
0	322631	2	14945
0	137963	2	14945
0	305843	2	14945
0	121175	2	14945
0	289055	2	14945
0	104387	2	14945
0	272267	2	14945
0	87599	2	14945
0	255479	2	14945
0	70811	2	14945
0	238691	2	14945
0	54023	2	14945
0	221903	2	14945
0	37235	2	14945
0	205115	2	14945
0	20447	2	14945
0	188327	2	14945
0	3659	2	14945
0	171539	2	14945
0	339419	2	14945
0	155008	2	14965
0	322888	2	14965
0	138220	2	14965
0	306100	2	14965
0	121432	2	14965
0	289312	2	14965
0	104644	2	14965
0	272524	2	14965
0	87856	2	14965
0	255736	2	14965
0	71068	2	14965
0	238948	2	14965
0	54280	2	14965
0	222160	2	14965
0	37492	2	14965
0	205372	2	14965
0	20704	2	14965
0	188584	2	14965
0	3916	2	14965
0	171796	2	14965
0	339676	2	14965
0	155713	2	15033
0	323593	2	15033
0	138925	2	15033
0	306805	2	15033
0	122137	2	15033
0	290017	2	15033
0	105349	2	15033
0	273229	2	15033
0	88561	2	15033
0	256441	2	15033
0	71773	2	15033
0	239653	2	15033
0	54985	2	15033
0	222865	2	15033
0	38197	2	15033
0	206077	2	15033
0	21409	2	15033
0	189289	2	15033
0	4621	2	15033
0	172501	2	15033
0	340381	2	15033
0	155879	2	15045
0	323759	2	15045
0	139091	2	15045
0	306971	2	15045
0	122303	2	15045
0	290183	2	15045
0	105515	2	15045
0	273395	2	15045
0	88727	2	15045
0	256607	2	15045
0	71939	2	15045
0	239819	2	15045
0	55151	2	15045
0	223031	2	15045
0	38363	2	15045
0	206243	2	15045
0	21575	2	15045
0	189455	2	15045
0	4787	2	15045
0	172667	2	15045
0	340547	2	15045
0	157088	2	15165
0	324968	2	15165
0	140300	2	15165
0	308180	2	15165
0	123512	2	15165
0	291392	2	15165
0	106724	2	15165
0	274604	2	15165
0	89936	2	15165
0	257816	2	15165
0	73148	2	15165
0	241028	2	15165
0	56360	2	15165
0	224240	2	15165
0	39572	2	15165
0	207452	2	15165
0	22784	2	15165
0	190664	2	15165
0	5996	2	15165
0	173876	2	15165
0	341756	2	15165
0	157251	2	15173
0	325131	2	15173
0	140463	2	15173
0	308343	2	15173
0	123675	2	15173
0	291555	2	15173
0	106887	2	15173
0	274767	2	15173
0	90099	2	15173
0	257979	2	15173
0	73311	2	15173
0	241191	2	15173
0	56523	2	15173
0	224403	2	15173
0	39735	2	15173
0	207615	2	15173
0	22947	2	15173
0	190827	2	15173
0	6159	2	15173
0	174039	2	15173
0	341919	2	15173
0	157581	1	15192
0	325461	1	15192
0	140793	1	15192
0	308673	1	15192
0	124005	1	15192
0	291885	1	15192
0	107217	1	15192
0	275097	1	15192
0	90429	1	15192
0	258309	1	15192
0	73641	1	15192
0	241521	1	15192
0	56853	1	15192
0	224733	1	15192
0	40065	1	15192
0	207945	1	15192
0	23277	1	15192
0	191157	1	15192
0	6489	1	15192
0	174369	1	15192
0	342249	1	15192
0	157581	2	15193
0	325461	2	15193
0	140793	2	15193
0	308673	2	15193
0	124005	2	15193
0	291885	2	15193
0	107217	2	15193
0	275097	2	15193
0	90429	2	15193
0	258309	2	15193
0	73641	2	15193
0	241521	2	15193
0	56853	2	15193
0	224733	2	15193
0	40065	2	15193
0	207945	2	15193
0	23277	2	15193
0	191157	2	15193
0	6489	2	15193
0	174369	2	15193
0	342249	2	15193
0	157781	2	15199
0	325661	2	15199
0	140993	2	15199
0	308873	2	15199
0	124205	2	15199
0	292085	2	15199
0	107417	2	15199
0	275297	2	15199
0	90629	2	15199
0	258509	2	15199
0	73841	2	15199
0	241721	2	15199
0	57053	2	15199
0	224933	2	15199
0	40265	2	15199
0	208145	2	15199
0	23477	2	15199
0	191357	2	15199
0	6689	2	15199
0	174569	2	15199
0	342449	2	15199
0	158121	2	15235
0	326001	2	15235
0	141333	2	15235
0	309213	2	15235
0	124545	2	15235
0	292425	2	15235
0	107757	2	15235
0	275637	2	15235
0	90969	2	15235
0	258849	2	15235
0	74181	2	15235
0	242061	2	15235
0	57393	2	15235
0	225273	2	15235
0	40605	2	15235
0	208485	2	15235
0	23817	2	15235
0	191697	2	15235
0	7029	2	15235
0	174909	2	15235
0	342789	2	15235
0	158385	2	15257
0	326265	2	15257
0	141597	2	15257
0	309477	2	15257
0	124809	2	15257
0	292689	2	15257
0	108021	2	15257
0	275901	2	15257
0	91233	2	15257
0	259113	2	15257
0	74445	2	15257
0	242325	2	15257
0	57657	2	15257
0	225537	2	15257
0	40869	2	15257
0	208749	2	15257
0	24081	2	15257
0	191961	2	15257
0	7293	2	15257
0	175173	2	15257
0	343053	2	15257
0	159046	1	15312
0	326926	1	15312
0	142258	1	15312
0	310138	1	15312
0	125470	1	15312
0	293350	1	15312
0	108682	1	15312
0	276562	1	15312
0	91894	1	15312
0	259774	1	15312
0	75106	1	15312
0	242986	1	15312
0	58318	1	15312
0	226198	1	15312
0	41530	1	15312
0	209410	1	15312
0	24742	1	15312
0	192622	1	15312
0	7954	1	15312
0	175834	1	15312
0	343714	1	15312
0	159046	2	15313
0	326926	2	15313
0	142258	2	15313
0	310138	2	15313
0	125470	2	15313
0	293350	2	15313
0	108682	2	15313
0	276562	2	15313
0	91894	2	15313
0	259774	2	15313
0	75106	2	15313
0	242986	2	15313
0	58318	2	15313
0	226198	2	15313
0	41530	2	15313
0	209410	2	15313
0	24742	2	15313
0	192622	2	15313
0	7954	2	15313
0	175834	2	15313
0	343714	2	15313
0	159123	2	15319
0	327003	2	15319
0	142335	2	15319
0	310215	2	15319
0	125547	2	15319
0	293427	2	15319
0	108759	2	15319
0	276639	2	15319
0	91971	2	15319
0	259851	2	15319
0	75183	2	15319
0	243063	2	15319
0	58395	2	15319
0	226275	2	15319
0	41607	2	15319
0	209487	2	15319
0	24819	2	15319
0	192699	2	15319
0	8031	2	15319
0	175911	2	15319
0	343791	2	15319
0	159359	2	15341
0	327239	2	15341
0	142571	2	15341
0	310451	2	15341
0	125783	2	15341
0	293663	2	15341
0	108995	2	15341
0	276875	2	15341
0	92207	2	15341
0	260087	2	15341
0	75419	2	15341
0	243299	2	15341
0	58631	2	15341
0	226511	2	15341
0	41843	2	15341
0	209723	2	15341
0	25055	2	15341
0	192935	2	15341
0	8267	2	15341
0	176147	2	15341
0	344027	2	15341
0	159360	2	15343
0	327240	2	15343
0	142572	2	15343
0	310452	2	15343
0	125784	2	15343
0	293664	2	15343
0	108996	2	15343
0	276876	2	15343
0	92208	2	15343
0	260088	2	15343
0	75420	2	15343
0	243300	2	15343
0	58632	2	15343
0	226512	2	15343
0	41844	2	15343
0	209724	2	15343
0	25056	2	15343
0	192936	2	15343
0	8268	2	15343
0	176148	2	15343
0	344028	2	15343
0	159361	2	15345
0	327241	2	15345
0	142573	2	15345
0	310453	2	15345
0	125785	2	15345
0	293665	2	15345
0	108997	2	15345
0	276877	2	15345
0	92209	2	15345
0	260089	2	15345
0	75421	2	15345
0	243301	2	15345
0	58633	2	15345
0	226513	2	15345
0	41845	2	15345
0	209725	2	15345
0	25057	2	15345
0	192937	2	15345
0	8269	2	15345
0	176149	2	15345
0	344029	2	15345
0	159623	2	15363
0	327503	2	15363
0	142835	2	15363
0	310715	2	15363
0	126047	2	15363
0	293927	2	15363
0	109259	2	15363
0	277139	2	15363
0	92471	2	15363
0	260351	2	15363
0	75683	2	15363
0	243563	2	15363
0	58895	2	15363
0	226775	2	15363
0	42107	2	15363
0	209987	2	15363
0	25319	2	15363
0	193199	2	15363
0	8531	2	15363
0	176411	2	15363
0	344291	2	15363
0	160051	2	15397
0	327931	2	15397
0	143263	2	15397
0	311143	2	15397
0	126475	2	15397
0	294355	2	15397
0	109687	2	15397
0	277567	2	15397
0	92899	2	15397
0	260779	2	15397
0	76111	2	15397
0	243991	2	15397
0	59323	2	15397
0	227203	2	15397
0	42535	2	15397
0	210415	2	15397
0	25747	2	15397
0	193627	2	15397
0	8959	2	15397
0	176839	2	15397
0	344719	2	15397
0	160777	2	15455
0	328657	2	15455
0	143989	2	15455
0	311869	2	15455
0	127201	2	15455
0	295081	2	15455
0	110413	2	15455
0	278293	2	15455
0	93625	2	15455
0	261505	2	15455
0	76837	2	15455
0	244717	2	15455
0	60049	2	15455
0	227929	2	15455
0	43261	2	15455
0	211141	2	15455
0	26473	2	15455
0	194353	2	15455
0	9685	2	15455
0	177565	2	15455
0	345445	2	15455
0	161040	2	15475
0	328920	2	15475
0	144252	2	15475
0	312132	2	15475
0	127464	2	15475
0	295344	2	15475
0	110676	2	15475
0	278556	2	15475
0	93888	2	15475
0	261768	2	15475
0	77100	2	15475
0	244980	2	15475
0	60312	2	15475
0	228192	2	15475
0	43524	2	15475
0	211404	2	15475
0	26736	2	15475
0	194616	2	15475
0	9948	2	15475
0	177828	2	15475
0	345708	2	15475
0	161194	1	15482
0	329074	1	15482
0	144406	1	15482
0	312286	1	15482
0	127618	1	15482
0	295498	1	15482
0	110830	1	15482
0	278710	1	15482
0	94042	1	15482
0	261922	1	15482
0	77254	1	15482
0	245134	1	15482
0	60466	1	15482
0	228346	1	15482
0	43678	1	15482
0	211558	1	15482
0	26890	1	15482
0	194770	1	15482
0	10102	1	15482
0	177982	1	15482
0	345862	1	15482
0	161344	2	15493
0	329224	2	15493
0	144556	2	15493
0	312436	2	15493
0	127768	2	15493
0	295648	2	15493
0	110980	2	15493
0	278860	2	15493
0	94192	2	15493
0	262072	2	15493
0	77404	2	15493
0	245284	2	15493
0	60616	2	15493
0	228496	2	15493
0	43828	2	15493
0	211708	2	15493
0	27040	2	15493
0	194920	2	15493
0	10252	2	15493
0	178132	2	15493
0	346012	2	15493
0	161603	1	15512
0	329483	1	15512
0	144815	1	15512
0	312695	1	15512
0	128027	1	15512
0	295907	1	15512
0	111239	1	15512
0	279119	1	15512
0	94451	1	15512
0	262331	1	15512
0	77663	1	15512
0	245543	1	15512
0	60875	1	15512
0	228755	1	15512
0	44087	1	15512
0	211967	1	15512
0	27299	1	15512
0	195179	1	15512
0	10511	1	15512
0	178391	1	15512
0	346271	1	15512
0	161603	2	15513
0	329483	2	15513
0	144815	2	15513
0	312695	2	15513
0	128027	2	15513
0	295907	2	15513
0	111239	2	15513
0	279119	2	15513
0	94451	2	15513
0	262331	2	15513
0	77663	2	15513
0	245543	2	15513
0	60875	2	15513
0	228755	2	15513
0	44087	2	15513
0	211967	2	15513
0	27299	2	15513
0	195179	2	15513
0	10511	2	15513
0	178391	2	15513
0	346271	2	15513
0	161751	2	15531
0	329631	2	15531
0	144963	2	15531
0	312843	2	15531
0	128175	2	15531
0	296055	2	15531
0	111387	2	15531
0	279267	2	15531
0	94599	2	15531
0	262479	2	15531
0	77811	2	15531
0	245691	2	15531
0	61023	2	15531
0	228903	2	15531
0	44235	2	15531
0	212115	2	15531
0	27447	2	15531
0	195327	2	15531
0	10659	2	15531
0	178539	2	15531
0	346419	2	15531
0	161752	2	15533
0	329632	2	15533
0	144964	2	15533
0	312844	2	15533
0	128176	2	15533
0	296056	2	15533
0	111388	2	15533
0	279268	2	15533
0	94600	2	15533
0	262480	2	15533
0	77812	2	15533
0	245692	2	15533
0	61024	2	15533
0	228904	2	15533
0	44236	2	15533
0	212116	2	15533
0	27448	2	15533
0	195328	2	15533
0	10660	2	15533
0	178540	2	15533
0	346420	2	15533
0	161753	1	15534
0	329633	1	15534
0	144965	1	15534
0	312845	1	15534
0	128177	1	15534
0	296057	1	15534
0	111389	1	15534
0	279269	1	15534
0	94601	1	15534
0	262481	1	15534
0	77813	1	15534
0	245693	1	15534
0	61025	1	15534
0	228905	1	15534
0	44237	1	15534
0	212117	1	15534
0	27449	1	15534
0	195329	1	15534
0	10661	1	15534
0	178541	1	15534
0	346421	1	15534
0	161753	2	15535
0	329633	2	15535
0	144965	2	15535
0	312845	2	15535
0	128177	2	15535
0	296057	2	15535
0	111389	2	15535
0	279269	2	15535
0	94601	2	15535
0	262481	2	15535
0	77813	2	15535
0	245693	2	15535
0	61025	2	15535
0	228905	2	15535
0	44237	2	15535
0	212117	2	15535
0	27449	2	15535
0	195329	2	15535
0	10661	2	15535
0	178541	2	15535
0	346421	2	15535
0	161779	1	15536
0	329659	1	15536
0	144991	1	15536
0	312871	1	15536
0	128203	1	15536
0	296083	1	15536
0	111415	1	15536
0	279295	1	15536
0	94627	1	15536
0	262507	1	15536
0	77839	1	15536
0	245719	1	15536
0	61051	1	15536
0	228931	1	15536
0	44263	1	15536
0	212143	1	15536
0	27475	1	15536
0	195355	1	15536
0	10687	1	15536
0	178567	1	15536
0	346447	1	15536
0	161779	2	15537
0	329659	2	15537
0	144991	2	15537
0	312871	2	15537
0	128203	2	15537
0	296083	2	15537
0	111415	2	15537
0	279295	2	15537
0	94627	2	15537
0	262507	2	15537
0	77839	2	15537
0	245719	2	15537
0	61051	2	15537
0	228931	2	15537
0	44263	2	15537
0	212143	2	15537
0	27475	2	15537
0	195355	2	15537
0	10687	2	15537
0	178567	2	15537
0	346447	2	15537
0	163983	2	15777
0	331863	2	15777
0	147195	2	15777
0	315075	2	15777
0	130407	2	15777
0	298287	2	15777
0	113619	2	15777
0	281499	2	15777
0	96831	2	15777
0	264711	2	15777
0	80043	2	15777
0	247923	2	15777
0	63255	2	15777
0	231135	2	15777
0	46467	2	15777
0	214347	2	15777
0	29679	2	15777
0	197559	2	15777
0	12891	2	15777
0	180771	2	15777
0	348651	2	15777
0	164507	2	15831
0	332387	2	15831
0	147719	2	15831
0	315599	2	15831
0	130931	2	15831
0	298811	2	15831
0	114143	2	15831
0	282023	2	15831
0	97355	2	15831
0	265235	2	15831
0	80567	2	15831
0	248447	2	15831
0	63779	2	15831
0	231659	2	15831
0	46991	2	15831
0	214871	2	15831
0	30203	2	15831
0	198083	2	15831
0	13415	2	15831
0	181295	2	15831
0	349175	2	15831
0	164581	2	15835
0	332461	2	15835
0	147793	2	15835
0	315673	2	15835
0	131005	2	15835
0	298885	2	15835
0	114217	2	15835
0	282097	2	15835
0	97429	2	15835
0	265309	2	15835
0	80641	2	15835
0	248521	2	15835
0	63853	2	15835
0	231733	2	15835
0	47065	2	15835
0	214945	2	15835
0	30277	2	15835
0	198157	2	15835
0	13489	2	15835
0	181369	2	15835
0	349249	2	15835
0	164639	2	15847
0	332519	2	15847
0	147851	2	15847
0	315731	2	15847
0	131063	2	15847
0	298943	2	15847
0	114275	2	15847
0	282155	2	15847
0	97487	2	15847
0	265367	2	15847
0	80699	2	15847
0	248579	2	15847
0	63911	2	15847
0	231791	2	15847
0	47123	2	15847
0	215003	2	15847
0	30335	2	15847
0	198215	2	15847
0	13547	2	15847
0	181427	2	15847
0	349307	2	15847
0	165599	2	15943
0	333479	2	15943
0	148811	2	15943
0	316691	2	15943
0	132023	2	15943
0	299903	2	15943
0	115235	2	15943
0	283115	2	15943
0	98447	2	15943
0	266327	2	15943
0	81659	2	15943
0	249539	2	15943
0	64871	2	15943
0	232751	2	15943
0	48083	2	15943
0	215963	2	15943
0	31295	2	15943
0	199175	2	15943
0	14507	2	15943
0	182387	2	15943
0	350267	2	15943
0	165734	2	15959
0	333614	2	15959
0	148946	2	15959
0	316826	2	15959
0	132158	2	15959
0	300038	2	15959
0	115370	2	15959
0	283250	2	15959
0	98582	2	15959
0	266462	2	15959
0	81794	2	15959
0	249674	2	15959
0	65006	2	15959
0	232886	2	15959
0	48218	2	15959
0	216098	2	15959
0	31430	2	15959
0	199310	2	15959
0	14642	2	15959
0	182522	2	15959
0	350402	2	15959
0	166002	2	15981
0	333882	2	15981
0	149214	2	15981
0	317094	2	15981
0	132426	2	15981
0	300306	2	15981
0	115638	2	15981
0	283518	2	15981
0	98850	2	15981
0	266730	2	15981
0	82062	2	15981
0	249942	2	15981
0	65274	2	15981
0	233154	2	15981
0	48486	2	15981
0	216366	2	15981
0	31698	2	15981
0	199578	2	15981
0	14910	2	15981
0	182790	2	15981
0	350670	2	15981
0	166804	2	16039
0	334684	2	16039
0	150016	2	16039
0	317896	2	16039
0	133228	2	16039
0	301108	2	16039
0	116440	2	16039
0	284320	2	16039
0	99652	2	16039
0	267532	2	16039
0	82864	2	16039
0	250744	2	16039
0	66076	2	16039
0	233956	2	16039
0	49288	2	16039
0	217168	2	16039
0	32500	2	16039
0	200380	2	16039
0	15712	2	16039
0	183592	2	16039
0	351472	2	16039
0	167122	2	16061
0	335002	2	16061
0	150334	2	16061
0	318214	2	16061
0	133546	2	16061
0	301426	2	16061
0	116758	2	16061
0	284638	2	16061
0	99970	2	16061
0	267850	2	16061
0	83182	2	16061
0	251062	2	16061
0	66394	2	16061
0	234274	2	16061
0	49606	2	16061
0	217486	2	16061
0	32818	2	16061
0	200698	2	16061
0	16030	2	16061
0	183910	2	16061
0	351790	2	16061
0	167207	2	16065
0	335087	2	16065
0	150419	2	16065
0	318299	2	16065
0	133631	2	16065
0	301511	2	16065
0	116843	2	16065
0	284723	2	16065
0	100055	2	16065
0	267935	2	16065
0	83267	2	16065
0	251147	2	16065
0	66479	2	16065
0	234359	2	16065
0	49691	2	16065
0	217571	2	16065
0	32903	2	16065
0	200783	2	16065
0	16115	2	16065
0	183995	2	16065
0	351875	2	16065
0	167338	2	16073
0	335218	2	16073
0	150550	2	16073
0	318430	2	16073
0	133762	2	16073
0	301642	2	16073
0	116974	2	16073
0	284854	2	16073
0	100186	2	16073
0	268066	2	16073
0	83398	2	16073
0	251278	2	16073
0	66610	2	16073
0	234490	2	16073
0	49822	2	16073
0	217702	2	16073
0	33034	2	16073
0	200914	2	16073
0	16246	2	16073
0	184126	2	16073
0	352006	2	16073
0	167377	2	16077
0	335257	2	16077
0	150589	2	16077
0	318469	2	16077
0	133801	2	16077
0	301681	2	16077
0	117013	2	16077
0	284893	2	16077
0	100225	2	16077
0	268105	2	16077
0	83437	2	16077
0	251317	2	16077
0	66649	2	16077
0	234529	2	16077
0	49861	2	16077
0	217741	2	16077
0	33073	2	16077
0	200953	2	16077
0	16285	2	16077
0	184165	2	16077
0	352045	2	16077
0	167602	2	16085
0	335482	2	16085
0	150814	2	16085
0	318694	2	16085
0	134026	2	16085
0	301906	2	16085
0	117238	2	16085
0	285118	2	16085
0	100450	2	16085
0	268330	2	16085
0	83662	2	16085
0	251542	2	16085
0	66874	2	16085
0	234754	2	16085
0	50086	2	16085
0	217966	2	16085
0	33298	2	16085
0	201178	2	16085
0	16510	2	16085
0	184390	2	16085
0	352270	2	16085
0	167762	2	16107
0	335642	2	16107
0	150974	2	16107
0	318854	2	16107
0	134186	2	16107
0	302066	2	16107
0	117398	2	16107
0	285278	2	16107
0	100610	2	16107
0	268490	2	16107
0	83822	2	16107
0	251702	2	16107
0	67034	2	16107
0	234914	2	16107
0	50246	2	16107
0	218126	2	16107
0	33458	2	16107
0	201338	2	16107
0	16670	2	16107
0	184550	2	16107
0	352430	2	16107
0	167795	2	16115
0	335675	2	16115
0	151007	2	16115
0	318887	2	16115
0	134219	2	16115
0	302099	2	16115
0	117431	2	16115
0	285311	2	16115
0	100643	2	16115
0	268523	2	16115
0	83855	2	16115
0	251735	2	16115
0	67067	2	16115
0	234947	2	16115
0	50279	2	16115
0	218159	2	16115
0	33491	2	16115
0	201371	2	16115
0	16703	2	16115
0	184583	2	16115
0	352463	2	16115
0	167881	1	16128
0	335761	1	16128
0	151093	1	16128
0	318973	1	16128
0	134305	1	16128
0	302185	1	16128
0	117517	1	16128
0	285397	1	16128
0	100729	1	16128
0	268609	1	16128
0	83941	1	16128
0	251821	1	16128
0	67153	1	16128
0	235033	1	16128
0	50365	1	16128
0	218245	1	16128
0	33577	1	16128
0	201457	1	16128
0	16789	1	16128
0	184669	1	16128
0	1	1	16128
0	167881	2	16129
0	335761	2	16129
0	151093	2	16129
0	318973	2	16129
0	134305	2	16129
0	302185	2	16129
0	117517	2	16129
0	285397	2	16129
0	100729	2	16129
0	268609	2	16129
0	83941	2	16129
0	251821	2	16129
0	67153	2	16129
0	235033	2	16129
0	50365	2	16129
0	218245	2	16129
0	33577	2	16129
0	201457	2	16129
0	16789	2	16129
0	184669	2	16129
0	1	2	16129
0	168348	1	16168
0	336228	1	16168
0	151560	1	16168
0	319440	1	16168
0	134772	1	16168
0	302652	1	16168
0	117984	1	16168
0	285864	1	16168
0	101196	1	16168
0	269076	1	16168
0	84408	1	16168
0	252288	1	16168
0	67620	1	16168
0	235500	1	16168
0	50832	1	16168
0	218712	1	16168
0	34044	1	16168
0	201924	1	16168
0	17256	1	16168
0	185136	1	16168
0	468	1	16168
0	168348	2	16169
0	336228	2	16169
0	151560	2	16169
0	319440	2	16169
0	134772	2	16169
0	302652	2	16169
0	117984	2	16169
0	285864	2	16169
0	101196	2	16169
0	269076	2	16169
0	84408	2	16169
0	252288	2	16169
0	67620	2	16169
0	235500	2	16169
0	50832	2	16169
0	218712	2	16169
0	34044	2	16169
0	201924	2	16169
0	17256	2	16169
0	185136	2	16169
0	468	2	16169
0	169111	2	16241
0	336991	2	16241
0	152323	2	16241
0	320203	2	16241
0	135535	2	16241
0	303415	2	16241
0	118747	2	16241
0	286627	2	16241
0	101959	2	16241
0	269839	2	16241
0	85171	2	16241
0	253051	2	16241
0	68383	2	16241
0	236263	2	16241
0	51595	2	16241
0	219475	2	16241
0	34807	2	16241
0	202687	2	16241
0	18019	2	16241
0	185899	2	16241
0	1231	2	16241
0	169705	2	16309
0	337585	2	16309
0	152917	2	16309
0	320797	2	16309
0	136129	2	16309
0	304009	2	16309
0	119341	2	16309
0	287221	2	16309
0	102553	2	16309
0	270433	2	16309
0	85765	2	16309
0	253645	2	16309
0	68977	2	16309
0	236857	2	16309
0	52189	2	16309
0	220069	2	16309
0	35401	2	16309
0	203281	2	16309
0	18613	2	16309
0	186493	2	16309
0	1825	2	16309
0	171638	2	16487
0	339518	2	16487
0	154850	2	16487
0	322730	2	16487
0	138062	2	16487
0	305942	2	16487
0	121274	2	16487
0	289154	2	16487
0	104486	2	16487
0	272366	2	16487
0	87698	2	16487
0	255578	2	16487
0	70910	2	16487
0	238790	2	16487
0	54122	2	16487
0	222002	2	16487
0	37334	2	16487
0	205214	2	16487
0	20546	2	16487
0	188426	2	16487
0	3758	2	16487
0	172111	2	16521
0	339991	2	16521
0	155323	2	16521
0	323203	2	16521
0	138535	2	16521
0	306415	2	16521
0	121747	2	16521
0	289627	2	16521
0	104959	2	16521
0	272839	2	16521
0	88171	2	16521
0	256051	2	16521
0	71383	2	16521
0	239263	2	16521
0	54595	2	16521
0	222475	2	16521
0	37807	2	16521
0	205687	2	16521
0	21019	2	16521
0	188899	2	16521
0	4231	2	16521
0	172665	1	16576
0	340545	1	16576
0	155877	1	16576
0	323757	1	16576
0	139089	1	16576
0	306969	1	16576
0	122301	1	16576
0	290181	1	16576
0	105513	1	16576
0	273393	1	16576
0	88725	1	16576
0	256605	1	16576
0	71937	1	16576
0	239817	1	16576
0	55149	1	16576
0	223029	1	16576
0	38361	1	16576
0	206241	1	16576
0	21573	1	16576
0	189453	1	16576
0	4785	1	16576
0	172665	2	16577
0	340545	2	16577
0	155877	2	16577
0	323757	2	16577
0	139089	2	16577
0	306969	2	16577
0	122301	2	16577
0	290181	2	16577
0	105513	2	16577
0	273393	2	16577
0	88725	2	16577
0	256605	2	16577
0	71937	2	16577
0	239817	2	16577
0	55149	2	16577
0	223029	2	16577
0	38361	2	16577
0	206241	2	16577
0	21573	2	16577
0	189453	2	16577
0	4785	2	16577
0	172744	2	16581
0	340624	2	16581
0	155956	2	16581
0	323836	2	16581
0	139168	2	16581
0	307048	2	16581
0	122380	2	16581
0	290260	2	16581
0	105592	2	16581
0	273472	2	16581
0	88804	2	16581
0	256684	2	16581
0	72016	2	16581
0	239896	2	16581
0	55228	2	16581
0	223108	2	16581
0	38440	2	16581
0	206320	2	16581
0	21652	2	16581
0	189532	2	16581
0	4864	2	16581
0	173200	2	16619
0	341080	2	16619
0	156412	2	16619
0	324292	2	16619
0	139624	2	16619
0	307504	2	16619
0	122836	2	16619
0	290716	2	16619
0	106048	2	16619
0	273928	2	16619
0	89260	2	16619
0	257140	2	16619
0	72472	2	16619
0	240352	2	16619
0	55684	2	16619
0	223564	2	16619
0	38896	2	16619
0	206776	2	16619
0	22108	2	16619
0	189988	2	16619
0	5320	2	16619
0	173259	2	16631
0	341139	2	16631
0	156471	2	16631
0	324351	2	16631
0	139683	2	16631
0	307563	2	16631
0	122895	2	16631
0	290775	2	16631
0	106107	2	16631
0	273987	2	16631
0	89319	2	16631
0	257199	2	16631
0	72531	2	16631
0	240411	2	16631
0	55743	2	16631
0	223623	2	16631
0	38955	2	16631
0	206835	2	16631
0	22167	2	16631
0	190047	2	16631
0	5379	2	16631
0	174025	2	16689
0	341905	2	16689
0	157237	2	16689
0	325117	2	16689
0	140449	2	16689
0	308329	2	16689
0	123661	2	16689
0	291541	2	16689
0	106873	2	16689
0	274753	2	16689
0	90085	2	16689
0	257965	2	16689
0	73297	2	16689
0	241177	2	16689
0	56509	2	16689
0	224389	2	16689
0	39721	2	16689
0	207601	2	16689
0	22933	2	16689
0	190813	2	16689
0	6145	2	16689
0	174352	1	16722
0	342232	1	16722
0	157564	1	16722
0	325444	1	16722
0	140776	1	16722
0	308656	1	16722
0	123988	1	16722
0	291868	1	16722
0	107200	1	16722
0	275080	1	16722
0	90412	1	16722
0	258292	1	16722
0	73624	1	16722
0	241504	1	16722
0	56836	1	16722
0	224716	1	16722
0	40048	1	16722
0	207928	1	16722
0	23260	1	16722
0	191140	1	16722
0	6472	1	16722
0	174352	2	16723
0	342232	2	16723
0	157564	2	16723
0	325444	2	16723
0	140776	2	16723
0	308656	2	16723
0	123988	2	16723
0	291868	2	16723
0	107200	2	16723
0	275080	2	16723
0	90412	2	16723
0	258292	2	16723
0	73624	2	16723
0	241504	2	16723
0	56836	2	16723
0	224716	2	16723
0	40048	2	16723
0	207928	2	16723
0	23260	2	16723
0	191140	2	16723
0	6472	2	16723
0	174367	1	16724
0	342247	1	16724
0	157579	1	16724
0	325459	1	16724
0	140791	1	16724
0	308671	1	16724
0	124003	1	16724
0	291883	1	16724
0	107215	1	16724
0	275095	1	16724
0	90427	1	16724
0	258307	1	16724
0	73639	1	16724
0	241519	1	16724
0	56851	1	16724
0	224731	1	16724
0	40063	1	16724
0	207943	1	16724
0	23275	1	16724
0	191155	1	16724
0	6487	1	16724
0	174367	2	16725
0	342247	2	16725
0	157579	2	16725
0	325459	2	16725
0	140791	2	16725
0	308671	2	16725
0	124003	2	16725
0	291883	2	16725
0	107215	2	16725
0	275095	2	16725
0	90427	2	16725
0	258307	2	16725
0	73639	2	16725
0	241519	2	16725
0	56851	2	16725
0	224731	2	16725
0	40063	2	16725
0	207943	2	16725
0	23275	2	16725
0	191155	2	16725
0	6487	2	16725
0	175364	2	16821
0	343244	2	16821
0	158576	2	16821
0	326456	2	16821
0	141788	2	16821
0	309668	2	16821
0	125000	2	16821
0	292880	2	16821
0	108212	2	16821
0	276092	2	16821
0	91424	2	16821
0	259304	2	16821
0	74636	2	16821
0	242516	2	16821
0	57848	2	16821
0	225728	2	16821
0	41060	2	16821
0	208940	2	16821
0	24272	2	16821
0	192152	2	16821
0	7484	2	16821
0	175523	2	16841
0	343403	2	16841
0	158735	2	16841
0	326615	2	16841
0	141947	2	16841
0	309827	2	16841
0	125159	2	16841
0	293039	2	16841
0	108371	2	16841
0	276251	2	16841
0	91583	2	16841
0	259463	2	16841
0	74795	2	16841
0	242675	2	16841
0	58007	2	16841
0	225887	2	16841
0	41219	2	16841
0	209099	2	16841
0	24431	2	16841
0	192311	2	16841
0	7643	2	16841
0	175648	2	16863
0	343528	2	16863
0	158860	2	16863
0	326740	2	16863
0	142072	2	16863
0	309952	2	16863
0	125284	2	16863
0	293164	2	16863
0	108496	2	16863
0	276376	2	16863
0	91708	2	16863
0	259588	2	16863
0	74920	2	16863
0	242800	2	16863
0	58132	2	16863
0	226012	2	16863
0	41344	2	16863
0	209224	2	16863
0	24556	2	16863
0	192436	2	16863
0	7768	2	16863
0	175849	1	16874
0	343729	1	16874
0	159061	1	16874
0	326941	1	16874
0	142273	1	16874
0	310153	1	16874
0	125485	1	16874
0	293365	1	16874
0	108697	1	16874
0	276577	1	16874
0	91909	1	16874
0	259789	1	16874
0	75121	1	16874
0	243001	1	16874
0	58333	1	16874
0	226213	1	16874
0	41545	1	16874
0	209425	1	16874
0	24757	1	16874
0	192637	1	16874
0	7969	1	16874
0	175849	2	16875
0	343729	2	16875
0	159061	2	16875
0	326941	2	16875
0	142273	2	16875
0	310153	2	16875
0	125485	2	16875
0	293365	2	16875
0	108697	2	16875
0	276577	2	16875
0	91909	2	16875
0	259789	2	16875
0	75121	2	16875
0	243001	2	16875
0	58333	2	16875
0	226213	2	16875
0	41545	2	16875
0	209425	2	16875
0	24757	2	16875
0	192637	2	16875
0	7969	2	16875
0	176228	2	16913
0	344108	2	16913
0	159440	2	16913
0	327320	2	16913
0	142652	2	16913
0	310532	2	16913
0	125864	2	16913
0	293744	2	16913
0	109076	2	16913
0	276956	2	16913
0	92288	2	16913
0	260168	2	16913
0	75500	2	16913
0	243380	2	16913
0	58712	2	16913
0	226592	2	16913
0	41924	2	16913
0	209804	2	16913
0	25136	2	16913
0	193016	2	16913
0	8348	2	16913
0	176413	1	16926
0	344293	1	16926
0	159625	1	16926
0	327505	1	16926
0	142837	1	16926
0	310717	1	16926
0	126049	1	16926
0	293929	1	16926
0	109261	1	16926
0	277141	1	16926
0	92473	1	16926
0	260353	1	16926
0	75685	1	16926
0	243565	1	16926
0	58897	1	16926
0	226777	1	16926
0	42109	1	16926
0	209989	1	16926
0	25321	1	16926
0	193201	1	16926
0	8533	1	16926
0	176413	2	16927
0	344293	2	16927
0	159625	2	16927
0	327505	2	16927
0	142837	2	16927
0	310717	2	16927
0	126049	2	16927
0	293929	2	16927
0	109261	2	16927
0	277141	2	16927
0	92473	2	16927
0	260353	2	16927
0	75685	2	16927
0	243565	2	16927
0	58897	2	16927
0	226777	2	16927
0	42109	2	16927
0	209989	2	16927
0	25321	2	16927
0	193201	2	16927
0	8533	2	16927
0	176687	2	16945
0	344567	2	16945
0	159899	2	16945
0	327779	2	16945
0	143111	2	16945
0	310991	2	16945
0	126323	2	16945
0	294203	2	16945
0	109535	2	16945
0	277415	2	16945
0	92747	2	16945
0	260627	2	16945
0	75959	2	16945
0	243839	2	16945
0	59171	2	16945
0	227051	2	16945
0	42383	2	16945
0	210263	2	16945
0	25595	2	16945
0	193475	2	16945
0	8807	2	16945
0	177496	2	17033
0	345376	2	17033
0	160708	2	17033
0	328588	2	17033
0	143920	2	17033
0	311800	2	17033
0	127132	2	17033
0	295012	2	17033
0	110344	2	17033
0	278224	2	17033
0	93556	2	17033
0	261436	2	17033
0	76768	2	17033
0	244648	2	17033
0	59980	2	17033
0	227860	2	17033
0	43192	2	17033
0	211072	2	17033
0	26404	2	17033
0	194284	2	17033
0	9616	2	17033
0	177562	2	17037
0	345442	2	17037
0	160774	2	17037
0	328654	2	17037
0	143986	2	17037
0	311866	2	17037
0	127198	2	17037
0	295078	2	17037
0	110410	2	17037
0	278290	2	17037
0	93622	2	17037
0	261502	2	17037
0	76834	2	17037
0	244714	2	17037
0	60046	2	17037
0	227926	2	17037
0	43258	2	17037
0	211138	2	17037
0	26470	2	17037
0	194350	2	17037
0	9682	2	17037
0	177563	2	17039
0	345443	2	17039
0	160775	2	17039
0	328655	2	17039
0	143987	2	17039
0	311867	2	17039
0	127199	2	17039
0	295079	2	17039
0	110411	2	17039
0	278291	2	17039
0	93623	2	17039
0	261503	2	17039
0	76835	2	17039
0	244715	2	17039
0	60047	2	17039
0	227927	2	17039
0	43259	2	17039
0	211139	2	17039
0	26471	2	17039
0	194351	2	17039
0	9683	2	17039
0	177614	2	17041
0	345494	2	17041
0	160826	2	17041
0	328706	2	17041
0	144038	2	17041
0	311918	2	17041
0	127250	2	17041
0	295130	2	17041
0	110462	2	17041
0	278342	2	17041
0	93674	2	17041
0	261554	2	17041
0	76886	2	17041
0	244766	2	17041
0	60098	2	17041
0	227978	2	17041
0	43310	2	17041
0	211190	2	17041
0	26522	2	17041
0	194402	2	17041
0	9734	2	17041
0	177615	1	17042
0	345495	1	17042
0	160827	1	17042
0	328707	1	17042
0	144039	1	17042
0	311919	1	17042
0	127251	1	17042
0	295131	1	17042
0	110463	1	17042
0	278343	1	17042
0	93675	1	17042
0	261555	1	17042
0	76887	1	17042
0	244767	1	17042
0	60099	1	17042
0	227979	1	17042
0	43311	1	17042
0	211191	1	17042
0	26523	1	17042
0	194403	1	17042
0	9735	1	17042
0	177780	2	17069
0	345660	2	17069
0	160992	2	17069
0	328872	2	17069
0	144204	2	17069
0	312084	2	17069
0	127416	2	17069
0	295296	2	17069
0	110628	2	17069
0	278508	2	17069
0	93840	2	17069
0	261720	2	17069
0	77052	2	17069
0	244932	2	17069
0	60264	2	17069
0	228144	2	17069
0	43476	2	17069
0	211356	2	17069
0	26688	2	17069
0	194568	2	17069
0	9900	2	17069
0	177867	2	17085
0	345747	2	17085
0	161079	2	17085
0	328959	2	17085
0	144291	2	17085
0	312171	2	17085
0	127503	2	17085
0	295383	2	17085
0	110715	2	17085
0	278595	2	17085
0	93927	2	17085
0	261807	2	17085
0	77139	2	17085
0	245019	2	17085
0	60351	2	17085
0	228231	2	17085
0	43563	2	17085
0	211443	2	17085
0	26775	2	17085
0	194655	2	17085
0	9987	2	17085
0	177879	2	17091
0	345759	2	17091
0	161091	2	17091
0	328971	2	17091
0	144303	2	17091
0	312183	2	17091
0	127515	2	17091
0	295395	2	17091
0	110727	2	17091
0	278607	2	17091
0	93939	2	17091
0	261819	2	17091
0	77151	2	17091
0	245031	2	17091
0	60363	2	17091
0	228243	2	17091
0	43575	2	17091
0	211455	2	17091
0	26787	2	17091
0	194667	2	17091
0	9999	2	17091
0	177928	2	17097
0	345808	2	17097
0	161140	2	17097
0	329020	2	17097
0	144352	2	17097
0	312232	2	17097
0	127564	2	17097
0	295444	2	17097
0	110776	2	17097
0	278656	2	17097
0	93988	2	17097
0	261868	2	17097
0	77200	2	17097
0	245080	2	17097
0	60412	2	17097
0	228292	2	17097
0	43624	2	17097
0	211504	2	17097
0	26836	2	17097
0	194716	2	17097
0	10048	2	17097
0	178389	2	17153
0	346269	2	17153
0	161601	2	17153
0	329481	2	17153
0	144813	2	17153
0	312693	2	17153
0	128025	2	17153
0	295905	2	17153
0	111237	2	17153
0	279117	2	17153
0	94449	2	17153
0	262329	2	17153
0	77661	2	17153
0	245541	2	17153
0	60873	2	17153
0	228753	2	17153
0	44085	2	17153
0	211965	2	17153
0	27297	2	17153
0	195177	2	17153
0	10509	2	17153
0	178582	2	17177
0	346462	2	17177
0	161794	2	17177
0	329674	2	17177
0	145006	2	17177
0	312886	2	17177
0	128218	2	17177
0	296098	2	17177
0	111430	2	17177
0	279310	2	17177
0	94642	2	17177
0	262522	2	17177
0	77854	2	17177
0	245734	2	17177
0	61066	2	17177
0	228946	2	17177
0	44278	2	17177
0	212158	2	17177
0	27490	2	17177
0	195370	2	17177
0	10702	2	17177
0	178769	2	17201
0	346649	2	17201
0	161981	2	17201
0	329861	2	17201
0	145193	2	17201
0	313073	2	17201
0	128405	2	17201
0	296285	2	17201
0	111617	2	17201
0	279497	2	17201
0	94829	2	17201
0	262709	2	17201
0	78041	2	17201
0	245921	2	17201
0	61253	2	17201
0	229133	2	17201
0	44465	2	17201
0	212345	2	17201
0	27677	2	17201
0	195557	2	17201
0	10889	2	17201
0	179036	2	17217
0	346916	2	17217
0	162248	2	17217
0	330128	2	17217
0	145460	2	17217
0	313340	2	17217
0	128672	2	17217
0	296552	2	17217
0	111884	2	17217
0	279764	2	17217
0	95096	2	17217
0	262976	2	17217
0	78308	2	17217
0	246188	2	17217
0	61520	2	17217
0	229400	2	17217
0	44732	2	17217
0	212612	2	17217
0	27944	2	17217
0	195824	2	17217
0	11156	2	17217
0	179163	2	17225
0	347043	2	17225
0	162375	2	17225
0	330255	2	17225
0	145587	2	17225
0	313467	2	17225
0	128799	2	17225
0	296679	2	17225
0	112011	2	17225
0	279891	2	17225
0	95223	2	17225
0	263103	2	17225
0	78435	2	17225
0	246315	2	17225
0	61647	2	17225
0	229527	2	17225
0	44859	2	17225
0	212739	2	17225
0	28071	2	17225
0	195951	2	17225
0	11283	2	17225
0	179189	2	17231
0	347069	2	17231
0	162401	2	17231
0	330281	2	17231
0	145613	2	17231
0	313493	2	17231
0	128825	2	17231
0	296705	2	17231
0	112037	2	17231
0	279917	2	17231
0	95249	2	17231
0	263129	2	17231
0	78461	2	17231
0	246341	2	17231
0	61673	2	17231
0	229553	2	17231
0	44885	2	17231
0	212765	2	17231
0	28097	2	17231
0	195977	2	17231
0	11309	2	17231
0	179212	2	17239
0	347092	2	17239
0	162424	2	17239
0	330304	2	17239
0	145636	2	17239
0	313516	2	17239
0	128848	2	17239
0	296728	2	17239
0	112060	2	17239
0	279940	2	17239
0	95272	2	17239
0	263152	2	17239
0	78484	2	17239
0	246364	2	17239
0	61696	2	17239
0	229576	2	17239
0	44908	2	17239
0	212788	2	17239
0	28120	2	17239
0	196000	2	17239
0	11332	2	17239
0	179213	2	17241
0	347093	2	17241
0	162425	2	17241
0	330305	2	17241
0	145637	2	17241
0	313517	2	17241
0	128849	2	17241
0	296729	2	17241
0	112061	2	17241
0	279941	2	17241
0	95273	2	17241
0	263153	2	17241
0	78485	2	17241
0	246365	2	17241
0	61697	2	17241
0	229577	2	17241
0	44909	2	17241
0	212789	2	17241
0	28121	2	17241
0	196001	2	17241
0	11333	2	17241
0	179768	2	17293
0	347648	2	17293
0	162980	2	17293
0	330860	2	17293
0	146192	2	17293
0	314072	2	17293
0	129404	2	17293
0	297284	2	17293
0	112616	2	17293
0	280496	2	17293
0	95828	2	17293
0	263708	2	17293
0	79040	2	17293
0	246920	2	17293
0	62252	2	17293
0	230132	2	17293
0	45464	2	17293
0	213344	2	17293
0	28676	2	17293
0	196556	2	17293
0	11888	2	17293
0	180129	2	17313
0	348009	2	17313
0	163341	2	17313
0	331221	2	17313
0	146553	2	17313
0	314433	2	17313
0	129765	2	17313
0	297645	2	17313
0	112977	2	17313
0	280857	2	17313
0	96189	2	17313
0	264069	2	17313
0	79401	2	17313
0	247281	2	17313
0	62613	2	17313
0	230493	2	17313
0	45825	2	17313
0	213705	2	17313
0	29037	2	17313
0	196917	2	17313
0	12249	2	17313
0	180311	2	17329
0	348191	2	17329
0	163523	2	17329
0	331403	2	17329
0	146735	2	17329
0	314615	2	17329
0	129947	2	17329
0	297827	2	17329
0	113159	2	17329
0	281039	2	17329
0	96371	2	17329
0	264251	2	17329
0	79583	2	17329
0	247463	2	17329
0	62795	2	17329
0	230675	2	17329
0	46007	2	17329
0	213887	2	17329
0	29219	2	17329
0	197099	2	17329
0	12431	2	17329
0	180312	2	17331
0	348192	2	17331
0	163524	2	17331
0	331404	2	17331
0	146736	2	17331
0	314616	2	17331
0	129948	2	17331
0	297828	2	17331
0	113160	2	17331
0	281040	2	17331
0	96372	2	17331
0	264252	2	17331
0	79584	2	17331
0	247464	2	17331
0	62796	2	17331
0	230676	2	17331
0	46008	2	17331
0	213888	2	17331
0	29220	2	17331
0	197100	2	17331
0	12432	2	17331
0	180313	2	17333
0	348193	2	17333
0	163525	2	17333
0	331405	2	17333
0	146737	2	17333
0	314617	2	17333
0	129949	2	17333
0	297829	2	17333
0	113161	2	17333
0	281041	2	17333
0	96373	2	17333
0	264253	2	17333
0	79585	2	17333
0	247465	2	17333
0	62797	2	17333
0	230677	2	17333
0	46009	2	17333
0	213889	2	17333
0	29221	2	17333
0	197101	2	17333
0	12433	2	17333
0	180491	2	17349
0	348371	2	17349
0	163703	2	17349
0	331583	2	17349
0	146915	2	17349
0	314795	2	17349
0	130127	2	17349
0	298007	2	17349
0	113339	2	17349
0	281219	2	17349
0	96551	2	17349
0	264431	2	17349
0	79763	2	17349
0	247643	2	17349
0	62975	2	17349
0	230855	2	17349
0	46187	2	17349
0	214067	2	17349
0	29399	2	17349
0	197279	2	17349
0	12611	2	17349
0	180629	2	17363
0	348509	2	17363
0	163841	2	17363
0	331721	2	17363
0	147053	2	17363
0	314933	2	17363
0	130265	2	17363
0	298145	2	17363
0	113477	2	17363
0	281357	2	17363
0	96689	2	17363
0	264569	2	17363
0	79901	2	17363
0	247781	2	17363
0	63113	2	17363
0	230993	2	17363
0	46325	2	17363
0	214205	2	17363
0	29537	2	17363
0	197417	2	17363
0	12749	2	17363
0	180700	2	17369
0	348580	2	17369
0	163912	2	17369
0	331792	2	17369
0	147124	2	17369
0	315004	2	17369
0	130336	2	17369
0	298216	2	17369
0	113548	2	17369
0	281428	2	17369
0	96760	2	17369
0	264640	2	17369
0	79972	2	17369
0	247852	2	17369
0	63184	2	17369
0	231064	2	17369
0	46396	2	17369
0	214276	2	17369
0	29608	2	17369
0	197488	2	17369
0	12820	2	17369
0	182098	2	17493
0	349978	2	17493
0	165310	2	17493
0	333190	2	17493
0	148522	2	17493
0	316402	2	17493
0	131734	2	17493
0	299614	2	17493
0	114946	2	17493
0	282826	2	17493
0	98158	2	17493
0	266038	2	17493
0	81370	2	17493
0	249250	2	17493
0	64582	2	17493
0	232462	2	17493
0	47794	2	17493
0	215674	2	17493
0	31006	2	17493
0	198886	2	17493
0	14218	2	17493
0	182821	2	17565
0	350701	2	17565
0	166033	2	17565
0	333913	2	17565
0	149245	2	17565
0	317125	2	17565
0	132457	2	17565
0	300337	2	17565
0	115669	2	17565
0	283549	2	17565
0	98881	2	17565
0	266761	2	17565
0	82093	2	17565
0	249973	2	17565
0	65305	2	17565
0	233185	2	17565
0	48517	2	17565
0	216397	2	17565
0	31729	2	17565
0	199609	2	17565
0	14941	2	17565
0	182843	2	17567
0	350723	2	17567
0	166055	2	17567
0	333935	2	17567
0	149267	2	17567
0	317147	2	17567
0	132479	2	17567
0	300359	2	17567
0	115691	2	17567
0	283571	2	17567
0	98903	2	17567
0	266783	2	17567
0	82115	2	17567
0	249995	2	17567
0	65327	2	17567
0	233207	2	17567
0	48539	2	17567
0	216419	2	17567
0	31751	2	17567
0	199631	2	17567
0	14963	2	17567
0	184122	1	17686
0	352002	1	17686
0	167334	1	17686
0	335214	1	17686
0	150546	1	17686
0	318426	1	17686
0	133758	1	17686
0	301638	1	17686
0	116970	1	17686
0	284850	1	17686
0	100182	1	17686
0	268062	1	17686
0	83394	1	17686
0	251274	1	17686
0	66606	1	17686
0	234486	1	17686
0	49818	1	17686
0	217698	1	17686
0	33030	1	17686
0	200910	1	17686
0	16242	1	17686
0	184122	2	17687
0	352002	2	17687
0	167334	2	17687
0	335214	2	17687
0	150546	2	17687
0	318426	2	17687
0	133758	2	17687
0	301638	2	17687
0	116970	2	17687
0	284850	2	17687
0	100182	2	17687
0	268062	2	17687
0	83394	2	17687
0	251274	2	17687
0	66606	2	17687
0	234486	2	17687
0	49818	2	17687
0	217698	2	17687
0	33030	2	17687
0	200910	2	17687
0	16242	2	17687
0	184124	2	17691
0	352004	2	17691
0	167336	2	17691
0	335216	2	17691
0	150548	2	17691
0	318428	2	17691
0	133760	2	17691
0	301640	2	17691
0	116972	2	17691
0	284852	2	17691
0	100184	2	17691
0	268064	2	17691
0	83396	2	17691
0	251276	2	17691
0	66608	2	17691
0	234488	2	17691
0	49820	2	17691
0	217700	2	17691
0	33032	2	17691
0	200912	2	17691
0	16244	2	17691
0	184667	1	17752
0	352547	1	17752
0	167879	1	17752
0	335759	1	17752
0	151091	1	17752
0	318971	1	17752
0	134303	1	17752
0	302183	1	17752
0	117515	1	17752
0	285395	1	17752
0	100727	1	17752
0	268607	1	17752
0	83939	1	17752
0	251819	1	17752
0	67151	1	17752
0	235031	1	17752
0	50363	1	17752
0	218243	1	17752
0	33575	1	17752
0	201455	1	17752
0	16787	1	17752
0	184667	2	17753
0	352547	2	17753
0	167879	2	17753
0	335759	2	17753
0	151091	2	17753
0	318971	2	17753
0	134303	2	17753
0	302183	2	17753
0	117515	2	17753
0	285395	2	17753
0	100727	2	17753
0	268607	2	17753
0	83939	2	17753
0	251819	2	17753
0	67151	2	17753
0	235031	2	17753
0	50363	2	17753
0	218243	2	17753
0	33575	2	17753
0	201455	2	17753
0	16787	2	17753
0	184859	2	17771
0	191	2	17771
0	168071	2	17771
0	335951	2	17771
0	151283	2	17771
0	319163	2	17771
0	134495	2	17771
0	302375	2	17771
0	117707	2	17771
0	285587	2	17771
0	100919	2	17771
0	268799	2	17771
0	84131	2	17771
0	252011	2	17771
0	67343	2	17771
0	235223	2	17771
0	50555	2	17771
0	218435	2	17771
0	33767	2	17771
0	201647	2	17771
0	16979	2	17771
0	185064	1	17790
0	396	1	17790
0	168276	1	17790
0	336156	1	17790
0	151488	1	17790
0	319368	1	17790
0	134700	1	17790
0	302580	1	17790
0	117912	1	17790
0	285792	1	17790
0	101124	1	17790
0	269004	1	17790
0	84336	1	17790
0	252216	1	17790
0	67548	1	17790
0	235428	1	17790
0	50760	1	17790
0	218640	1	17790
0	33972	1	17790
0	201852	1	17790
0	17184	1	17790
0	185064	2	17791
0	396	2	17791
0	168276	2	17791
0	336156	2	17791
0	151488	2	17791
0	319368	2	17791
0	134700	2	17791
0	302580	2	17791
0	117912	2	17791
0	285792	2	17791
0	101124	2	17791
0	269004	2	17791
0	84336	2	17791
0	252216	2	17791
0	67548	2	17791
0	235428	2	17791
0	50760	2	17791
0	218640	2	17791
0	33972	2	17791
0	201852	2	17791
0	17184	2	17791
0	185107	2	17795
0	439	2	17795
0	168319	2	17795
0	336199	2	17795
0	151531	2	17795
0	319411	2	17795
0	134743	2	17795
0	302623	2	17795
0	117955	2	17795
0	285835	2	17795
0	101167	2	17795
0	269047	2	17795
0	84379	2	17795
0	252259	2	17795
0	67591	2	17795
0	235471	2	17795
0	50803	2	17795
0	218683	2	17795
0	34015	2	17795
0	201895	2	17795
0	17227	2	17795
0	185124	2	17797
0	456	2	17797
0	168336	2	17797
0	336216	2	17797
0	151548	2	17797
0	319428	2	17797
0	134760	2	17797
0	302640	2	17797
0	117972	2	17797
0	285852	2	17797
0	101184	2	17797
0	269064	2	17797
0	84396	2	17797
0	252276	2	17797
0	67608	2	17797
0	235488	2	17797
0	50820	2	17797
0	218700	2	17797
0	34032	2	17797
0	201912	2	17797
0	17244	2	17797
0	185139	2	17799
0	471	2	17799
0	168351	2	17799
0	336231	2	17799
0	151563	2	17799
0	319443	2	17799
0	134775	2	17799
0	302655	2	17799
0	117987	2	17799
0	285867	2	17799
0	101199	2	17799
0	269079	2	17799
0	84411	2	17799
0	252291	2	17799
0	67623	2	17799
0	235503	2	17799
0	50835	2	17799
0	218715	2	17799
0	34047	2	17799
0	201927	2	17799
0	17259	2	17799
0	185182	2	17803
0	514	2	17803
0	168394	2	17803
0	336274	2	17803
0	151606	2	17803
0	319486	2	17803
0	134818	2	17803
0	302698	2	17803
0	118030	2	17803
0	285910	2	17803
0	101242	2	17803
0	269122	2	17803
0	84454	2	17803
0	252334	2	17803
0	67666	2	17803
0	235546	2	17803
0	50878	2	17803
0	218758	2	17803
0	34090	2	17803
0	201970	2	17803
0	17302	2	17803
0	185746	2	17845
0	1078	2	17845
0	168958	2	17845
0	336838	2	17845
0	152170	2	17845
0	320050	2	17845
0	135382	2	17845
0	303262	2	17845
0	118594	2	17845
0	286474	2	17845
0	101806	2	17845
0	269686	2	17845
0	85018	2	17845
0	252898	2	17845
0	68230	2	17845
0	236110	2	17845
0	51442	2	17845
0	219322	2	17845
0	34654	2	17845
0	202534	2	17845
0	17866	2	17845
0	185778	2	17847
0	1110	2	17847
0	168990	2	17847
0	336870	2	17847
0	152202	2	17847
0	320082	2	17847
0	135414	2	17847
0	303294	2	17847
0	118626	2	17847
0	286506	2	17847
0	101838	2	17847
0	269718	2	17847
0	85050	2	17847
0	252930	2	17847
0	68262	2	17847
0	236142	2	17847
0	51474	2	17847
0	219354	2	17847
0	34686	2	17847
0	202566	2	17847
0	17898	2	17847
0	186029	2	17877
0	1361	2	17877
0	169241	2	17877
0	337121	2	17877
0	152453	2	17877
0	320333	2	17877
0	135665	2	17877
0	303545	2	17877
0	118877	2	17877
0	286757	2	17877
0	102089	2	17877
0	269969	2	17877
0	85301	2	17877
0	253181	2	17877
0	68513	2	17877
0	236393	2	17877
0	51725	2	17877
0	219605	2	17877
0	34937	2	17877
0	202817	2	17877
0	18149	2	17877
0	186339	2	17919
0	1671	2	17919
0	169551	2	17919
0	337431	2	17919
0	152763	2	17919
0	320643	2	17919
0	135975	2	17919
0	303855	2	17919
0	119187	2	17919
0	287067	2	17919
0	102399	2	17919
0	270279	2	17919
0	85611	2	17919
0	253491	2	17919
0	68823	2	17919
0	236703	2	17919
0	52035	2	17919
0	219915	2	17919
0	35247	2	17919
0	203127	2	17919
0	18459	2	17919
0	186653	2	17935
0	1985	2	17935
0	169865	2	17935
0	337745	2	17935
0	153077	2	17935
0	320957	2	17935
0	136289	2	17935
0	304169	2	17935
0	119501	2	17935
0	287381	2	17935
0	102713	2	17935
0	270593	2	17935
0	85925	2	17935
0	253805	2	17935
0	69137	2	17935
0	237017	2	17935
0	52349	2	17935
0	220229	2	17935
0	35561	2	17935
0	203441	2	17935
0	18773	2	17935
0	186674	2	17941
0	2006	2	17941
0	169886	2	17941
0	337766	2	17941
0	153098	2	17941
0	320978	2	17941
0	136310	2	17941
0	304190	2	17941
0	119522	2	17941
0	287402	2	17941
0	102734	2	17941
0	270614	2	17941
0	85946	2	17941
0	253826	2	17941
0	69158	2	17941
0	237038	2	17941
0	52370	2	17941
0	220250	2	17941
0	35582	2	17941
0	203462	2	17941
0	18794	2	17941
0	187115	2	17991
0	2447	2	17991
0	170327	2	17991
0	338207	2	17991
0	153539	2	17991
0	321419	2	17991
0	136751	2	17991
0	304631	2	17991
0	119963	2	17991
0	287843	2	17991
0	103175	2	17991
0	271055	2	17991
0	86387	2	17991
0	254267	2	17991
0	69599	2	17991
0	237479	2	17991
0	52811	2	17991
0	220691	2	17991
0	36023	2	17991
0	203903	2	17991
0	19235	2	17991
0	187480	2	18025
0	2812	2	18025
0	170692	2	18025
0	338572	2	18025
0	153904	2	18025
0	321784	2	18025
0	137116	2	18025
0	304996	2	18025
0	120328	2	18025
0	288208	2	18025
0	103540	2	18025
0	271420	2	18025
0	86752	2	18025
0	254632	2	18025
0	69964	2	18025
0	237844	2	18025
0	53176	2	18025
0	221056	2	18025
0	36388	2	18025
0	204268	2	18025
0	19600	2	18025
0	187918	2	18063
0	3250	2	18063
0	171130	2	18063
0	339010	2	18063
0	154342	2	18063
0	322222	2	18063
0	137554	2	18063
0	305434	2	18063
0	120766	2	18063
0	288646	2	18063
0	103978	2	18063
0	271858	2	18063
0	87190	2	18063
0	255070	2	18063
0	70402	2	18063
0	238282	2	18063
0	53614	2	18063
0	221494	2	18063
0	36826	2	18063
0	204706	2	18063
0	20038	2	18063
0	188434	2	18117
0	3766	2	18117
0	171646	2	18117
0	339526	2	18117
0	154858	2	18117
0	322738	2	18117
0	138070	2	18117
0	305950	2	18117
0	121282	2	18117
0	289162	2	18117
0	104494	2	18117
0	272374	2	18117
0	87706	2	18117
0	255586	2	18117
0	70918	2	18117
0	238798	2	18117
0	54130	2	18117
0	222010	2	18117
0	37342	2	18117
0	205222	2	18117
0	20554	2	18117
0	188435	2	18119
0	3767	2	18119
0	171647	2	18119
0	339527	2	18119
0	154859	2	18119
0	322739	2	18119
0	138071	2	18119
0	305951	2	18119
0	121283	2	18119
0	289163	2	18119
0	104495	2	18119
0	272375	2	18119
0	87707	2	18119
0	255587	2	18119
0	70919	2	18119
0	238799	2	18119
0	54131	2	18119
0	222011	2	18119
0	37343	2	18119
0	205223	2	18119
0	20555	2	18119
0	188437	2	18123
0	3769	2	18123
0	171649	2	18123
0	339529	2	18123
0	154861	2	18123
0	322741	2	18123
0	138073	2	18123
0	305953	2	18123
0	121285	2	18123
0	289165	2	18123
0	104497	2	18123
0	272377	2	18123
0	87709	2	18123
0	255589	2	18123
0	70921	2	18123
0	238801	2	18123
0	54133	2	18123
0	222013	2	18123
0	37345	2	18123
0	205225	2	18123
0	20557	2	18123
0	188613	2	18147
0	3945	2	18147
0	171825	2	18147
0	339705	2	18147
0	155037	2	18147
0	322917	2	18147
0	138249	2	18147
0	306129	2	18147
0	121461	2	18147
0	289341	2	18147
0	104673	2	18147
0	272553	2	18147
0	87885	2	18147
0	255765	2	18147
0	71097	2	18147
0	238977	2	18147
0	54309	2	18147
0	222189	2	18147
0	37521	2	18147
0	205401	2	18147
0	20733	2	18147
0	188726	2	18155
0	4058	2	18155
0	171938	2	18155
0	339818	2	18155
0	155150	2	18155
0	323030	2	18155
0	138362	2	18155
0	306242	2	18155
0	121574	2	18155
0	289454	2	18155
0	104786	2	18155
0	272666	2	18155
0	87998	2	18155
0	255878	2	18155
0	71210	2	18155
0	239090	2	18155
0	54422	2	18155
0	222302	2	18155
0	37634	2	18155
0	205514	2	18155
0	20846	2	18155
0	189025	1	18180
0	4357	1	18180
0	172237	1	18180
0	340117	1	18180
0	155449	1	18180
0	323329	1	18180
0	138661	1	18180
0	306541	1	18180
0	121873	1	18180
0	289753	1	18180
0	105085	1	18180
0	272965	1	18180
0	88297	1	18180
0	256177	1	18180
0	71509	1	18180
0	239389	1	18180
0	54721	1	18180
0	222601	1	18180
0	37933	1	18180
0	205813	1	18180
0	21145	1	18180
0	189025	2	18181
0	4357	2	18181
0	172237	2	18181
0	340117	2	18181
0	155449	2	18181
0	323329	2	18181
0	138661	2	18181
0	306541	2	18181
0	121873	2	18181
0	289753	2	18181
0	105085	2	18181
0	272965	2	18181
0	88297	2	18181
0	256177	2	18181
0	71509	2	18181
0	239389	2	18181
0	54721	2	18181
0	222601	2	18181
0	37933	2	18181
0	205813	2	18181
0	21145	2	18181
0	189026	2	18183
0	4358	2	18183
0	172238	2	18183
0	340118	2	18183
0	155450	2	18183
0	323330	2	18183
0	138662	2	18183
0	306542	2	18183
0	121874	2	18183
0	289754	2	18183
0	105086	2	18183
0	272966	2	18183
0	88298	2	18183
0	256178	2	18183
0	71510	2	18183
0	239390	2	18183
0	54722	2	18183
0	222602	2	18183
0	37934	2	18183
0	205814	2	18183
0	21146	2	18183
0	189028	2	18187
0	4360	2	18187
0	172240	2	18187
0	340120	2	18187
0	155452	2	18187
0	323332	2	18187
0	138664	2	18187
0	306544	2	18187
0	121876	2	18187
0	289756	2	18187
0	105088	2	18187
0	272968	2	18187
0	88300	2	18187
0	256180	2	18187
0	71512	2	18187
0	239392	2	18187
0	54724	2	18187
0	222604	2	18187
0	37936	2	18187
0	205816	2	18187
0	21148	2	18187
0	189115	2	18207
0	4447	2	18207
0	172327	2	18207
0	340207	2	18207
0	155539	2	18207
0	323419	2	18207
0	138751	2	18207
0	306631	2	18207
0	121963	2	18207
0	289843	2	18207
0	105175	2	18207
0	273055	2	18207
0	88387	2	18207
0	256267	2	18207
0	71599	2	18207
0	239479	2	18207
0	54811	2	18207
0	222691	2	18207
0	38023	2	18207
0	205903	2	18207
0	21235	2	18207
0	190127	2	18275
0	5459	2	18275
0	173339	2	18275
0	341219	2	18275
0	156551	2	18275
0	324431	2	18275
0	139763	2	18275
0	307643	2	18275
0	122975	2	18275
0	290855	2	18275
0	106187	2	18275
0	274067	2	18275
0	89399	2	18275
0	257279	2	18275
0	72611	2	18275
0	240491	2	18275
0	55823	2	18275
0	223703	2	18275
0	39035	2	18275
0	206915	2	18275
0	22247	2	18275
0	190216	2	18285
0	5548	2	18285
0	173428	2	18285
0	341308	2	18285
0	156640	2	18285
0	324520	2	18285
0	139852	2	18285
0	307732	2	18285
0	123064	2	18285
0	290944	2	18285
0	106276	2	18285
0	274156	2	18285
0	89488	2	18285
0	257368	2	18285
0	72700	2	18285
0	240580	2	18285
0	55912	2	18285
0	223792	2	18285
0	39124	2	18285
0	207004	2	18285
0	22336	2	18285
0	190303	2	18299
0	5635	2	18299
0	173515	2	18299
0	341395	2	18299
0	156727	2	18299
0	324607	2	18299
0	139939	2	18299
0	307819	2	18299
0	123151	2	18299
0	291031	2	18299
0	106363	2	18299
0	274243	2	18299
0	89575	2	18299
0	257455	2	18299
0	72787	2	18299
0	240667	2	18299
0	55999	2	18299
0	223879	2	18299
0	39211	2	18299
0	207091	2	18299
0	22423	2	18299
0	190506	2	18325
0	5838	2	18325
0	173718	2	18325
0	341598	2	18325
0	156930	2	18325
0	324810	2	18325
0	140142	2	18325
0	308022	2	18325
0	123354	2	18325
0	291234	2	18325
0	106566	2	18325
0	274446	2	18325
0	89778	2	18325
0	257658	2	18325
0	72990	2	18325
0	240870	2	18325
0	56202	2	18325
0	224082	2	18325
0	39414	2	18325
0	207294	2	18325
0	22626	2	18325
0	190507	2	18327
0	5839	2	18327
0	173719	2	18327
0	341599	2	18327
0	156931	2	18327
0	324811	2	18327
0	140143	2	18327
0	308023	2	18327
0	123355	2	18327
0	291235	2	18327
0	106567	2	18327
0	274447	2	18327
0	89779	2	18327
0	257659	2	18327
0	72991	2	18327
0	240871	2	18327
0	56203	2	18327
0	224083	2	18327
0	39415	2	18327
0	207295	2	18327
0	22627	2	18327
0	190520	2	18329
0	5852	2	18329
0	173732	2	18329
0	341612	2	18329
0	156944	2	18329
0	324824	2	18329
0	140156	2	18329
0	308036	2	18329
0	123368	2	18329
0	291248	2	18329
0	106580	2	18329
0	274460	2	18329
0	89792	2	18329
0	257672	2	18329
0	73004	2	18329
0	240884	2	18329
0	56216	2	18329
0	224096	2	18329
0	39428	2	18329
0	207308	2	18329
0	22640	2	18329
0	190641	2	18341
0	5973	2	18341
0	173853	2	18341
0	341733	2	18341
0	157065	2	18341
0	324945	2	18341
0	140277	2	18341
0	308157	2	18341
0	123489	2	18341
0	291369	2	18341
0	106701	2	18341
0	274581	2	18341
0	89913	2	18341
0	257793	2	18341
0	73125	2	18341
0	241005	2	18341
0	56337	2	18341
0	224217	2	18341
0	39549	2	18341
0	207429	2	18341
0	22761	2	18341
0	190660	2	18343
0	5992	2	18343
0	173872	2	18343
0	341752	2	18343
0	157084	2	18343
0	324964	2	18343
0	140296	2	18343
0	308176	2	18343
0	123508	2	18343
0	291388	2	18343
0	106720	2	18343
0	274600	2	18343
0	89932	2	18343
0	257812	2	18343
0	73144	2	18343
0	241024	2	18343
0	56356	2	18343
0	224236	2	18343
0	39568	2	18343
0	207448	2	18343
0	22780	2	18343
0	191138	1	18382
0	6470	1	18382
0	174350	1	18382
0	342230	1	18382
0	157562	1	18382
0	325442	1	18382
0	140774	1	18382
0	308654	1	18382
0	123986	1	18382
0	291866	1	18382
0	107198	1	18382
0	275078	1	18382
0	90410	1	18382
0	258290	1	18382
0	73622	1	18382
0	241502	1	18382
0	56834	1	18382
0	224714	1	18382
0	40046	1	18382
0	207926	1	18382
0	23258	1	18382
0	191138	2	18383
0	6470	2	18383
0	174350	2	18383
0	342230	2	18383
0	157562	2	18383
0	325442	2	18383
0	140774	2	18383
0	308654	2	18383
0	123986	2	18383
0	291866	2	18383
0	107198	2	18383
0	275078	2	18383
0	90410	2	18383
0	258290	2	18383
0	73622	2	18383
0	241502	2	18383
0	56834	2	18383
0	224714	2	18383
0	40046	2	18383
0	207926	2	18383
0	23258	2	18383
0	191844	2	18427
0	7176	2	18427
0	175056	2	18427
0	342936	2	18427
0	158268	2	18427
0	326148	2	18427
0	141480	2	18427
0	309360	2	18427
0	124692	2	18427
0	292572	2	18427
0	107904	2	18427
0	275784	2	18427
0	91116	2	18427
0	258996	2	18427
0	74328	2	18427
0	242208	2	18427
0	57540	2	18427
0	225420	2	18427
0	40752	2	18427
0	208632	2	18427
0	23964	2	18427
0	191883	2	18431
0	7215	2	18431
0	175095	2	18431
0	342975	2	18431
0	158307	2	18431
0	326187	2	18431
0	141519	2	18431
0	309399	2	18431
0	124731	2	18431
0	292611	2	18431
0	107943	2	18431
0	275823	2	18431
0	91155	2	18431
0	259035	2	18431
0	74367	2	18431
0	242247	2	18431
0	57579	2	18431
0	225459	2	18431
0	40791	2	18431
0	208671	2	18431
0	24003	2	18431
0	191884	2	18433
0	7216	2	18433
0	175096	2	18433
0	342976	2	18433
0	158308	2	18433
0	326188	2	18433
0	141520	2	18433
0	309400	2	18433
0	124732	2	18433
0	292612	2	18433
0	107944	2	18433
0	275824	2	18433
0	91156	2	18433
0	259036	2	18433
0	74368	2	18433
0	242248	2	18433
0	57580	2	18433
0	225460	2	18433
0	40792	2	18433
0	208672	2	18433
0	24004	2	18433
0	192012	2	18439
0	7344	2	18439
0	175224	2	18439
0	343104	2	18439
0	158436	2	18439
0	326316	2	18439
0	141648	2	18439
0	309528	2	18439
0	124860	2	18439
0	292740	2	18439
0	108072	2	18439
0	275952	2	18439
0	91284	2	18439
0	259164	2	18439
0	74496	2	18439
0	242376	2	18439
0	57708	2	18439
0	225588	2	18439
0	40920	2	18439
0	208800	2	18439
0	24132	2	18439
0	192334	2	18453
0	7666	2	18453
0	175546	2	18453
0	343426	2	18453
0	158758	2	18453
0	326638	2	18453
0	141970	2	18453
0	309850	2	18453
0	125182	2	18453
0	293062	2	18453
0	108394	2	18453
0	276274	2	18453
0	91606	2	18453
0	259486	2	18453
0	74818	2	18453
0	242698	2	18453
0	58030	2	18453
0	225910	2	18453
0	41242	2	18453
0	209122	2	18453
0	24454	2	18453
0	192456	2	18459
0	7788	2	18459
0	175668	2	18459
0	343548	2	18459
0	158880	2	18459
0	326760	2	18459
0	142092	2	18459
0	309972	2	18459
0	125304	2	18459
0	293184	2	18459
0	108516	2	18459
0	276396	2	18459
0	91728	2	18459
0	259608	2	18459
0	74940	2	18459
0	242820	2	18459
0	58152	2	18459
0	226032	2	18459
0	41364	2	18459
0	209244	2	18459
0	24576	2	18459
0	192635	2	18485
0	7967	2	18485
0	175847	2	18485
0	343727	2	18485
0	159059	2	18485
0	326939	2	18485
0	142271	2	18485
0	310151	2	18485
0	125483	2	18485
0	293363	2	18485
0	108695	2	18485
0	276575	2	18485
0	91907	2	18485
0	259787	2	18485
0	75119	2	18485
0	242999	2	18485
0	58331	2	18485
0	226211	2	18485
0	41543	2	18485
0	209423	2	18485
0	24755	2	18485
0	192948	2	18521
0	8280	2	18521
0	176160	2	18521
0	344040	2	18521
0	159372	2	18521
0	327252	2	18521
0	142584	2	18521
0	310464	2	18521
0	125796	2	18521
0	293676	2	18521
0	109008	2	18521
0	276888	2	18521
0	92220	2	18521
0	260100	2	18521
0	75432	2	18521
0	243312	2	18521
0	58644	2	18521
0	226524	2	18521
0	41856	2	18521
0	209736	2	18521
0	25068	2	18521
0	192983	2	18525
0	8315	2	18525
0	176195	2	18525
0	344075	2	18525
0	159407	2	18525
0	327287	2	18525
0	142619	2	18525
0	310499	2	18525
0	125831	2	18525
0	293711	2	18525
0	109043	2	18525
0	276923	2	18525
0	92255	2	18525
0	260135	2	18525
0	75467	2	18525
0	243347	2	18525
0	58679	2	18525
0	226559	2	18525
0	41891	2	18525
0	209771	2	18525
0	25103	2	18525
0	193078	2	18531
0	8410	2	18531
0	176290	2	18531
0	344170	2	18531
0	159502	2	18531
0	327382	2	18531
0	142714	2	18531
0	310594	2	18531
0	125926	2	18531
0	293806	2	18531
0	109138	2	18531
0	277018	2	18531
0	92350	2	18531
0	260230	2	18531
0	75562	2	18531
0	243442	2	18531
0	58774	2	18531
0	226654	2	18531
0	41986	2	18531
0	209866	2	18531
0	25198	2	18531
0	193941	1	18598
0	9273	1	18598
0	177153	1	18598
0	345033	1	18598
0	160365	1	18598
0	328245	1	18598
0	143577	1	18598
0	311457	1	18598
0	126789	1	18598
0	294669	1	18598
0	110001	1	18598
0	277881	1	18598
0	93213	1	18598
0	261093	1	18598
0	76425	1	18598
0	244305	1	18598
0	59637	1	18598
0	227517	1	18598
0	42849	1	18598
0	210729	1	18598
0	26061	1	18598
0	193953	2	18601
0	9285	2	18601
0	177165	2	18601
0	345045	2	18601
0	160377	2	18601
0	328257	2	18601
0	143589	2	18601
0	311469	2	18601
0	126801	2	18601
0	294681	2	18601
0	110013	2	18601
0	277893	2	18601
0	93225	2	18601
0	261105	2	18601
0	76437	2	18601
0	244317	2	18601
0	59649	2	18601
0	227529	2	18601
0	42861	2	18601
0	210741	2	18601
0	26073	2	18601
0	194627	2	18661
0	9959	2	18661
0	177839	2	18661
0	345719	2	18661
0	161051	2	18661
0	328931	2	18661
0	144263	2	18661
0	312143	2	18661
0	127475	2	18661
0	295355	2	18661
0	110687	2	18661
0	278567	2	18661
0	93899	2	18661
0	261779	2	18661
0	77111	2	18661
0	244991	2	18661
0	60323	2	18661
0	228203	2	18661
0	43535	2	18661
0	211415	2	18661
0	26747	2	18661
0	194653	2	18663
0	9985	2	18663
0	177865	2	18663
0	345745	2	18663
0	161077	2	18663
0	328957	2	18663
0	144289	2	18663
0	312169	2	18663
0	127501	2	18663
0	295381	2	18663
0	110713	2	18663
0	278593	2	18663
0	93925	2	18663
0	261805	2	18663
0	77137	2	18663
0	245017	2	18663
0	60349	2	18663
0	228229	2	18663
0	43561	2	18663
0	211441	2	18663
0	26773	2	18663
0	194916	2	18697
0	10248	2	18697
0	178128	2	18697
0	346008	2	18697
0	161340	2	18697
0	329220	2	18697
0	144552	2	18697
0	312432	2	18697
0	127764	2	18697
0	295644	2	18697
0	110976	2	18697
0	278856	2	18697
0	94188	2	18697
0	262068	2	18697
0	77400	2	18697
0	245280	2	18697
0	60612	2	18697
0	228492	2	18697
0	43824	2	18697
0	211704	2	18697
0	27036	2	18697
0	195175	1	18710
0	10507	1	18710
0	178387	1	18710
0	346267	1	18710
0	161599	1	18710
0	329479	1	18710
0	144811	1	18710
0	312691	1	18710
0	128023	1	18710
0	295903	1	18710
0	111235	1	18710
0	279115	1	18710
0	94447	1	18710
0	262327	1	18710
0	77659	1	18710
0	245539	1	18710
0	60871	1	18710
0	228751	1	18710
0	44083	1	18710
0	211963	1	18710
0	27295	1	18710
0	195175	2	18711
0	10507	2	18711
0	178387	2	18711
0	346267	2	18711
0	161599	2	18711
0	329479	2	18711
0	144811	2	18711
0	312691	2	18711
0	128023	2	18711
0	295903	2	18711
0	111235	2	18711
0	279115	2	18711
0	94447	2	18711
0	262327	2	18711
0	77659	2	18711
0	245539	2	18711
0	60871	2	18711
0	228751	2	18711
0	44083	2	18711
0	211963	2	18711
0	27295	2	18711
0	195542	2	18751
0	10874	2	18751
0	178754	2	18751
0	346634	2	18751
0	161966	2	18751
0	329846	2	18751
0	145178	2	18751
0	313058	2	18751
0	128390	2	18751
0	296270	2	18751
0	111602	2	18751
0	279482	2	18751
0	94814	2	18751
0	262694	2	18751
0	78026	2	18751
0	245906	2	18751
0	61238	2	18751
0	229118	2	18751
0	44450	2	18751
0	212330	2	18751
0	27662	2	18751
0	196552	2	18847
0	11884	2	18847
0	179764	2	18847
0	347644	2	18847
0	162976	2	18847
0	330856	2	18847
0	146188	2	18847
0	314068	2	18847
0	129400	2	18847
0	297280	2	18847
0	112612	2	18847
0	280492	2	18847
0	95824	2	18847
0	263704	2	18847
0	79036	2	18847
0	246916	2	18847
0	62248	2	18847
0	230128	2	18847
0	45460	2	18847
0	213340	2	18847
0	28672	2	18847
0	197189	2	18901
0	12521	2	18901
0	180401	2	18901
0	348281	2	18901
0	163613	2	18901
0	331493	2	18901
0	146825	2	18901
0	314705	2	18901
0	130037	2	18901
0	297917	2	18901
0	113249	2	18901
0	281129	2	18901
0	96461	2	18901
0	264341	2	18901
0	79673	2	18901
0	247553	2	18901
0	62885	2	18901
0	230765	2	18901
0	46097	2	18901
0	213977	2	18901
0	29309	2	18901
0	197239	2	18905
0	12571	2	18905
0	180451	2	18905
0	348331	2	18905
0	163663	2	18905
0	331543	2	18905
0	146875	2	18905
0	314755	2	18905
0	130087	2	18905
0	297967	2	18905
0	113299	2	18905
0	281179	2	18905
0	96511	2	18905
0	264391	2	18905
0	79723	2	18905
0	247603	2	18905
0	62935	2	18905
0	230815	2	18905
0	46147	2	18905
0	214027	2	18905
0	29359	2	18905
0	197299	2	18911
0	12631	2	18911
0	180511	2	18911
0	348391	2	18911
0	163723	2	18911
0	331603	2	18911
0	146935	2	18911
0	314815	2	18911
0	130147	2	18911
0	298027	2	18911
0	113359	2	18911
0	281239	2	18911
0	96571	2	18911
0	264451	2	18911
0	79783	2	18911
0	247663	2	18911
0	62995	2	18911
0	230875	2	18911
0	46207	2	18911
0	214087	2	18911
0	29419	2	18911
0	197300	2	18913
0	12632	2	18913
0	180512	2	18913
0	348392	2	18913
0	163724	2	18913
0	331604	2	18913
0	146936	2	18913
0	314816	2	18913
0	130148	2	18913
0	298028	2	18913
0	113360	2	18913
0	281240	2	18913
0	96572	2	18913
0	264452	2	18913
0	79784	2	18913
0	247664	2	18913
0	62996	2	18913
0	230876	2	18913
0	46208	2	18913
0	214088	2	18913
0	29420	2	18913
0	198504	2	19025
0	13836	2	19025
0	181716	2	19025
0	349596	2	19025
0	164928	2	19025
0	332808	2	19025
0	148140	2	19025
0	316020	2	19025
0	131352	2	19025
0	299232	2	19025
0	114564	2	19025
0	282444	2	19025
0	97776	2	19025
0	265656	2	19025
0	80988	2	19025
0	248868	2	19025
0	64200	2	19025
0	232080	2	19025
0	47412	2	19025
0	215292	2	19025
0	30624	2	19025
0	199493	2	19101
0	14825	2	19101
0	182705	2	19101
0	350585	2	19101
0	165917	2	19101
0	333797	2	19101
0	149129	2	19101
0	317009	2	19101
0	132341	2	19101
0	300221	2	19101
0	115553	2	19101
0	283433	2	19101
0	98765	2	19101
0	266645	2	19101
0	81977	2	19101
0	249857	2	19101
0	65189	2	19101
0	233069	2	19101
0	48401	2	19101
0	216281	2	19101
0	31613	2	19101
0	199494	2	19103
0	14826	2	19103
0	182706	2	19103
0	350586	2	19103
0	165918	2	19103
0	333798	2	19103
0	149130	2	19103
0	317010	2	19103
0	132342	2	19103
0	300222	2	19103
0	115554	2	19103
0	283434	2	19103
0	98766	2	19103
0	266646	2	19103
0	81978	2	19103
0	249858	2	19103
0	65190	2	19103
0	233070	2	19103
0	48402	2	19103
0	216282	2	19103
0	31614	2	19103
0	199544	1	19108
0	14876	1	19108
0	182756	1	19108
0	350636	1	19108
0	165968	1	19108
0	333848	1	19108
0	149180	1	19108
0	317060	1	19108
0	132392	1	19108
0	300272	1	19108
0	115604	1	19108
0	283484	1	19108
0	98816	1	19108
0	266696	1	19108
0	82028	1	19108
0	249908	1	19108
0	65240	1	19108
0	233120	1	19108
0	48452	1	19108
0	216332	1	19108
0	31664	1	19108
0	199544	2	19109
0	14876	2	19109
0	182756	2	19109
0	350636	2	19109
0	165968	2	19109
0	333848	2	19109
0	149180	2	19109
0	317060	2	19109
0	132392	2	19109
0	300272	2	19109
0	115604	2	19109
0	283484	2	19109
0	98816	2	19109
0	266696	2	19109
0	82028	2	19109
0	249908	2	19109
0	65240	2	19109
0	233120	2	19109
0	48452	2	19109
0	216332	2	19109
0	31664	2	19109
0	199546	2	19113
0	14878	2	19113
0	182758	2	19113
0	350638	2	19113
0	165970	2	19113
0	333850	2	19113
0	149182	2	19113
0	317062	2	19113
0	132394	2	19113
0	300274	2	19113
0	115606	2	19113
0	283486	2	19113
0	98818	2	19113
0	266698	2	19113
0	82030	2	19113
0	249910	2	19113
0	65242	2	19113
0	233122	2	19113
0	48454	2	19113
0	216334	2	19113
0	31666	2	19113
0	199547	2	19115
0	14879	2	19115
0	182759	2	19115
0	350639	2	19115
0	165971	2	19115
0	333851	2	19115
0	149183	2	19115
0	317063	2	19115
0	132395	2	19115
0	300275	2	19115
0	115607	2	19115
0	283487	2	19115
0	98819	2	19115
0	266699	2	19115
0	82031	2	19115
0	249911	2	19115
0	65243	2	19115
0	233123	2	19115
0	48455	2	19115
0	216335	2	19115
0	31667	2	19115
0	199606	2	19125
0	14938	2	19125
0	182818	2	19125
0	350698	2	19125
0	166030	2	19125
0	333910	2	19125
0	149242	2	19125
0	317122	2	19125
0	132454	2	19125
0	300334	2	19125
0	115666	2	19125
0	283546	2	19125
0	98878	2	19125
0	266758	2	19125
0	82090	2	19125
0	249970	2	19125
0	65302	2	19125
0	233182	2	19125
0	48514	2	19125
0	216394	2	19125
0	31726	2	19125
0	199607	1	19126
0	14939	1	19126
0	182819	1	19126
0	350699	1	19126
0	166031	1	19126
0	333911	1	19126
0	149243	1	19126
0	317123	1	19126
0	132455	1	19126
0	300335	1	19126
0	115667	1	19126
0	283547	1	19126
0	98879	1	19126
0	266759	1	19126
0	82091	1	19126
0	249971	1	19126
0	65303	1	19126
0	233183	1	19126
0	48515	1	19126
0	216395	1	19126
0	31727	1	19126
0	200472	2	19211
0	15804	2	19211
0	183684	2	19211
0	351564	2	19211
0	166896	2	19211
0	334776	2	19211
0	150108	2	19211
0	317988	2	19211
0	133320	2	19211
0	301200	2	19211
0	116532	2	19211
0	284412	2	19211
0	99744	2	19211
0	267624	2	19211
0	82956	2	19211
0	250836	2	19211
0	66168	2	19211
0	234048	2	19211
0	49380	2	19211
0	217260	2	19211
0	32592	2	19211
0	200889	2	19255
0	16221	2	19255
0	184101	2	19255
0	351981	2	19255
0	167313	2	19255
0	335193	2	19255
0	150525	2	19255
0	318405	2	19255
0	133737	2	19255
0	301617	2	19255
0	116949	2	19255
0	284829	2	19255
0	100161	2	19255
0	268041	2	19255
0	83373	2	19255
0	251253	2	19255
0	66585	2	19255
0	234465	2	19255
0	49797	2	19255
0	217677	2	19255
0	33009	2	19255
0	201453	1	19290
0	16785	1	19290
0	184665	1	19290
0	352545	1	19290
0	167877	1	19290
0	335757	1	19290
0	151089	1	19290
0	318969	1	19290
0	134301	1	19290
0	302181	1	19290
0	117513	1	19290
0	285393	1	19290
0	100725	1	19290
0	268605	1	19290
0	83937	1	19290
0	251817	1	19290
0	67149	1	19290
0	235029	1	19290
0	50361	1	19290
0	218241	1	19290
0	33573	1	19290
0	201575	2	19295
0	16907	2	19295
0	184787	2	19295
0	119	2	19295
0	167999	2	19295
0	335879	2	19295
0	151211	2	19295
0	319091	2	19295
0	134423	2	19295
0	302303	2	19295
0	117635	2	19295
0	285515	2	19295
0	100847	2	19295
0	268727	2	19295
0	84059	2	19295
0	251939	2	19295
0	67271	2	19295
0	235151	2	19295
0	50483	2	19295
0	218363	2	19295
0	33695	2	19295
0	201645	2	19297
0	16977	2	19297
0	184857	2	19297
0	189	2	19297
0	168069	2	19297
0	335949	2	19297
0	151281	2	19297
0	319161	2	19297
0	134493	2	19297
0	302373	2	19297
0	117705	2	19297
0	285585	2	19297
0	100917	2	19297
0	268797	2	19297
0	84129	2	19297
0	252009	2	19297
0	67341	2	19297
0	235221	2	19297
0	50553	2	19297
0	218433	2	19297
0	33765	2	19297
0	201850	1	19316
0	17182	1	19316
0	185062	1	19316
0	394	1	19316
0	168274	1	19316
0	336154	1	19316
0	151486	1	19316
0	319366	1	19316
0	134698	1	19316
0	302578	1	19316
0	117910	1	19316
0	285790	1	19316
0	101122	1	19316
0	269002	1	19316
0	84334	1	19316
0	252214	1	19316
0	67546	1	19316
0	235426	1	19316
0	50758	1	19316
0	218638	1	19316
0	33970	1	19316
0	201850	2	19317
0	17182	2	19317
0	185062	2	19317
0	394	2	19317
0	168274	2	19317
0	336154	2	19317
0	151486	2	19317
0	319366	2	19317
0	134698	2	19317
0	302578	2	19317
0	117910	2	19317
0	285790	2	19317
0	101122	2	19317
0	269002	2	19317
0	84334	2	19317
0	252214	2	19317
0	67546	2	19317
0	235426	2	19317
0	50758	2	19317
0	218638	2	19317
0	33970	2	19317
0	201880	2	19321
0	17212	2	19321
0	185092	2	19321
0	424	2	19321
0	168304	2	19321
0	336184	2	19321
0	151516	2	19321
0	319396	2	19321
0	134728	2	19321
0	302608	2	19321
0	117940	2	19321
0	285820	2	19321
0	101152	2	19321
0	269032	2	19321
0	84364	2	19321
0	252244	2	19321
0	67576	2	19321
0	235456	2	19321
0	50788	2	19321
0	218668	2	19321
0	34000	2	19321
0	201910	1	19322
0	17242	1	19322
0	185122	1	19322
0	454	1	19322
0	168334	1	19322
0	336214	1	19322
0	151546	1	19322
0	319426	1	19322
0	134758	1	19322
0	302638	1	19322
0	117970	1	19322
0	285850	1	19322
0	101182	1	19322
0	269062	1	19322
0	84394	1	19322
0	252274	1	19322
0	67606	1	19322
0	235486	1	19322
0	50818	1	19322
0	218698	1	19322
0	34030	1	19322
0	201910	2	19323
0	17242	2	19323
0	185122	2	19323
0	454	2	19323
0	168334	2	19323
0	336214	2	19323
0	151546	2	19323
0	319426	2	19323
0	134758	2	19323
0	302638	2	19323
0	117970	2	19323
0	285850	2	19323
0	101182	2	19323
0	269062	2	19323
0	84394	2	19323
0	252274	2	19323
0	67606	2	19323
0	235486	2	19323
0	50818	2	19323
0	218698	2	19323
0	34030	2	19323
0	201980	1	19326
0	17312	1	19326
0	185192	1	19326
0	524	1	19326
0	168404	1	19326
0	336284	1	19326
0	151616	1	19326
0	319496	1	19326
0	134828	1	19326
0	302708	1	19326
0	118040	1	19326
0	285920	1	19326
0	101252	1	19326
0	269132	1	19326
0	84464	1	19326
0	252344	1	19326
0	67676	1	19326
0	235556	1	19326
0	50888	1	19326
0	218768	1	19326
0	34100	1	19326
0	202451	2	19353
0	17783	2	19353
0	185663	2	19353
0	995	2	19353
0	168875	2	19353
0	336755	2	19353
0	152087	2	19353
0	319967	2	19353
0	135299	2	19353
0	303179	2	19353
0	118511	2	19353
0	286391	2	19353
0	101723	2	19353
0	269603	2	19353
0	84935	2	19353
0	252815	2	19353
0	68147	2	19353
0	236027	2	19353
0	51359	2	19353
0	219239	2	19353
0	34571	2	19353
0	202471	1	19354
0	17803	1	19354
0	185683	1	19354
0	1015	1	19354
0	168895	1	19354
0	336775	1	19354
0	152107	1	19354
0	319987	1	19354
0	135319	1	19354
0	303199	1	19354
0	118531	1	19354
0	286411	1	19354
0	101743	1	19354
0	269623	1	19354
0	84955	1	19354
0	252835	1	19354
0	68167	1	19354
0	236047	1	19354
0	51379	1	19354
0	219259	1	19354
0	34591	1	19354
0	202471	2	19355
0	17803	2	19355
0	185683	2	19355
0	1015	2	19355
0	168895	2	19355
0	336775	2	19355
0	152107	2	19355
0	319987	2	19355
0	135319	2	19355
0	303199	2	19355
0	118531	2	19355
0	286411	2	19355
0	101743	2	19355
0	269623	2	19355
0	84955	2	19355
0	252835	2	19355
0	68167	2	19355
0	236047	2	19355
0	51379	2	19355
0	219259	2	19355
0	34591	2	19355
0	202713	2	19381
0	18045	2	19381
0	185925	2	19381
0	1257	2	19381
0	169137	2	19381
0	337017	2	19381
0	152349	2	19381
0	320229	2	19381
0	135561	2	19381
0	303441	2	19381
0	118773	2	19381
0	286653	2	19381
0	101985	2	19381
0	269865	2	19381
0	85197	2	19381
0	253077	2	19381
0	68409	2	19381
0	236289	2	19381
0	51621	2	19381
0	219501	2	19381
0	34833	2	19381
0	202963	1	19402
0	18295	1	19402
0	186175	1	19402
0	1507	1	19402
0	169387	1	19402
0	337267	1	19402
0	152599	1	19402
0	320479	1	19402
0	135811	1	19402
0	303691	1	19402
0	119023	1	19402
0	286903	1	19402
0	102235	1	19402
0	270115	1	19402
0	85447	1	19402
0	253327	1	19402
0	68659	1	19402
0	236539	1	19402
0	51871	1	19402
0	219751	1	19402
0	35083	1	19402
0	203241	2	19435
0	18573	2	19435
0	186453	2	19435
0	1785	2	19435
0	169665	2	19435
0	337545	2	19435
0	152877	2	19435
0	320757	2	19435
0	136089	2	19435
0	303969	2	19435
0	119301	2	19435
0	287181	2	19435
0	102513	2	19435
0	270393	2	19435
0	85725	2	19435
0	253605	2	19435
0	68937	2	19435
0	236817	2	19435
0	52149	2	19435
0	220029	2	19435
0	35361	2	19435
0	203561	2	19465
0	18893	2	19465
0	186773	2	19465
0	2105	2	19465
0	169985	2	19465
0	337865	2	19465
0	153197	2	19465
0	321077	2	19465
0	136409	2	19465
0	304289	2	19465
0	119621	2	19465
0	287501	2	19465
0	102833	2	19465
0	270713	2	19465
0	86045	2	19465
0	253925	2	19465
0	69257	2	19465
0	237137	2	19465
0	52469	2	19465
0	220349	2	19465
0	35681	2	19465
0	203994	2	19503
0	19326	2	19503
0	187206	2	19503
0	2538	2	19503
0	170418	2	19503
0	338298	2	19503
0	153630	2	19503
0	321510	2	19503
0	136842	2	19503
0	304722	2	19503
0	120054	2	19503
0	287934	2	19503
0	103266	2	19503
0	271146	2	19503
0	86478	2	19503
0	254358	2	19503
0	69690	2	19503
0	237570	2	19503
0	52902	2	19503
0	220782	2	19503
0	36114	2	19503
0	204116	2	19515
0	19448	2	19515
0	187328	2	19515
0	2660	2	19515
0	170540	2	19515
0	338420	2	19515
0	153752	2	19515
0	321632	2	19515
0	136964	2	19515
0	304844	2	19515
0	120176	2	19515
0	288056	2	19515
0	103388	2	19515
0	271268	2	19515
0	86600	2	19515
0	254480	2	19515
0	69812	2	19515
0	237692	2	19515
0	53024	2	19515
0	220904	2	19515
0	36236	2	19515
0	205973	2	19681
0	21305	2	19681
0	189185	2	19681
0	4517	2	19681
0	172397	2	19681
0	340277	2	19681
0	155609	2	19681
0	323489	2	19681
0	138821	2	19681
0	306701	2	19681
0	122033	2	19681
0	289913	2	19681
0	105245	2	19681
0	273125	2	19681
0	88457	2	19681
0	256337	2	19681
0	71669	2	19681
0	239549	2	19681
0	54881	2	19681
0	222761	2	19681
0	38093	2	19681
0	206215	1	19700
0	21547	1	19700
0	189427	1	19700
0	4759	1	19700
0	172639	1	19700
0	340519	1	19700
0	155851	1	19700
0	323731	1	19700
0	139063	1	19700
0	306943	1	19700
0	122275	1	19700
0	290155	1	19700
0	105487	1	19700
0	273367	1	19700
0	88699	1	19700
0	256579	1	19700
0	71911	1	19700
0	239791	1	19700
0	55123	1	19700
0	223003	1	19700
0	38335	1	19700
0	206215	2	19701
0	21547	2	19701
0	189427	2	19701
0	4759	2	19701
0	172639	2	19701
0	340519	2	19701
0	155851	2	19701
0	323731	2	19701
0	139063	2	19701
0	306943	2	19701
0	122275	2	19701
0	290155	2	19701
0	105487	2	19701
0	273367	2	19701
0	88699	2	19701
0	256579	2	19701
0	71911	2	19701
0	239791	2	19701
0	55123	2	19701
0	223003	2	19701
0	38335	2	19701
0	206903	2	19763
0	22235	2	19763
0	190115	2	19763
0	5447	2	19763
0	173327	2	19763
0	341207	2	19763
0	156539	2	19763
0	324419	2	19763
0	139751	2	19763
0	307631	2	19763
0	122963	2	19763
0	290843	2	19763
0	106175	2	19763
0	274055	2	19763
0	89387	2	19763
0	257267	2	19763
0	72599	2	19763
0	240479	2	19763
0	55811	2	19763
0	223691	2	19763
0	39023	2	19763
0	207001	2	19773
0	22333	2	19773
0	190213	2	19773
0	5545	2	19773
0	173425	2	19773
0	341305	2	19773
0	156637	2	19773
0	324517	2	19773
0	139849	2	19773
0	307729	2	19773
0	123061	2	19773
0	290941	2	19773
0	106273	2	19773
0	274153	2	19773
0	89485	2	19773
0	257365	2	19773
0	72697	2	19773
0	240577	2	19773
0	55909	2	19773
0	223789	2	19773
0	39121	2	19773
0	207002	1	19774
0	22334	1	19774
0	190214	1	19774
0	5546	1	19774
0	173426	1	19774
0	341306	1	19774
0	156638	1	19774
0	324518	1	19774
0	139850	1	19774
0	307730	1	19774
0	123062	1	19774
0	290942	1	19774
0	106274	1	19774
0	274154	1	19774
0	89486	1	19774
0	257366	1	19774
0	72698	1	19774
0	240578	1	19774
0	55910	1	19774
0	223790	1	19774
0	39122	1	19774
0	207002	2	19775
0	22334	2	19775
0	190214	2	19775
0	5546	2	19775
0	173426	2	19775
0	341306	2	19775
0	156638	2	19775
0	324518	2	19775
0	139850	2	19775
0	307730	2	19775
0	123062	2	19775
0	290942	2	19775
0	106274	2	19775
0	274154	2	19775
0	89486	2	19775
0	257366	2	19775
0	72698	2	19775
0	240578	2	19775
0	55910	2	19775
0	223790	2	19775
0	39122	2	19775
0	207306	2	19807
0	22638	2	19807
0	190518	2	19807
0	5850	2	19807
0	173730	2	19807
0	341610	2	19807
0	156942	2	19807
0	324822	2	19807
0	140154	2	19807
0	308034	2	19807
0	123366	2	19807
0	291246	2	19807
0	106578	2	19807
0	274458	2	19807
0	89790	2	19807
0	257670	2	19807
0	73002	2	19807
0	240882	2	19807
0	56214	2	19807
0	224094	2	19807
0	39426	2	19807
0	207357	2	19817
0	22689	2	19817
0	190569	2	19817
0	5901	2	19817
0	173781	2	19817
0	341661	2	19817
0	156993	2	19817
0	324873	2	19817
0	140205	2	19817
0	308085	2	19817
0	123417	2	19817
0	291297	2	19817
0	106629	2	19817
0	274509	2	19817
0	89841	2	19817
0	257721	2	19817
0	73053	2	19817
0	240933	2	19817
0	56265	2	19817
0	224145	2	19817
0	39477	2	19817
0	207412	2	19821
0	22744	2	19821
0	190624	2	19821
0	5956	2	19821
0	173836	2	19821
0	341716	2	19821
0	157048	2	19821
0	324928	2	19821
0	140260	2	19821
0	308140	2	19821
0	123472	2	19821
0	291352	2	19821
0	106684	2	19821
0	274564	2	19821
0	89896	2	19821
0	257776	2	19821
0	73108	2	19821
0	240988	2	19821
0	56320	2	19821
0	224200	2	19821
0	39532	2	19821
0	207446	1	19822
0	22778	1	19822
0	190658	1	19822
0	5990	1	19822
0	173870	1	19822
0	341750	1	19822
0	157082	1	19822
0	324962	1	19822
0	140294	1	19822
0	308174	1	19822
0	123506	1	19822
0	291386	1	19822
0	106718	1	19822
0	274598	1	19822
0	89930	1	19822
0	257810	1	19822
0	73142	1	19822
0	241022	1	19822
0	56354	1	19822
0	224234	1	19822
0	39566	1	19822
0	207446	2	19823
0	22778	2	19823
0	190658	2	19823
0	5990	2	19823
0	173870	2	19823
0	341750	2	19823
0	157082	2	19823
0	324962	2	19823
0	140294	2	19823
0	308174	2	19823
0	123506	2	19823
0	291386	2	19823
0	106718	2	19823
0	274598	2	19823
0	89930	2	19823
0	257810	2	19823
0	73142	2	19823
0	241022	2	19823
0	56354	2	19823
0	224234	2	19823
0	39566	2	19823
0	207637	2	19839
0	22969	2	19839
0	190849	2	19839
0	6181	2	19839
0	174061	2	19839
0	341941	2	19839
0	157273	2	19839
0	325153	2	19839
0	140485	2	19839
0	308365	2	19839
0	123697	2	19839
0	291577	2	19839
0	106909	2	19839
0	274789	2	19839
0	90121	2	19839
0	258001	2	19839
0	73333	2	19839
0	241213	2	19839
0	56545	2	19839
0	224425	2	19839
0	39757	2	19839
0	207713	2	19845
0	23045	2	19845
0	190925	2	19845
0	6257	2	19845
0	174137	2	19845
0	342017	2	19845
0	157349	2	19845
0	325229	2	19845
0	140561	2	19845
0	308441	2	19845
0	123773	2	19845
0	291653	2	19845
0	106985	2	19845
0	274865	2	19845
0	90197	2	19845
0	258077	2	19845
0	73409	2	19845
0	241289	2	19845
0	56621	2	19845
0	224501	2	19845
0	39833	2	19845
0	207905	2	19865
0	23237	2	19865
0	191117	2	19865
0	6449	2	19865
0	174329	2	19865
0	342209	2	19865
0	157541	2	19865
0	325421	2	19865
0	140753	2	19865
0	308633	2	19865
0	123965	2	19865
0	291845	2	19865
0	107177	2	19865
0	275057	2	19865
0	90389	2	19865
0	258269	2	19865
0	73601	2	19865
0	241481	2	19865
0	56813	2	19865
0	224693	2	19865
0	40025	2	19865
0	207924	2	19867
0	23256	2	19867
0	191136	2	19867
0	6468	2	19867
0	174348	2	19867
0	342228	2	19867
0	157560	2	19867
0	325440	2	19867
0	140772	2	19867
0	308652	2	19867
0	123984	2	19867
0	291864	2	19867
0	107196	2	19867
0	275076	2	19867
0	90408	2	19867
0	258288	2	19867
0	73620	2	19867
0	241500	2	19867
0	56832	2	19867
0	224712	2	19867
0	40044	2	19867
0	208880	1	19950
0	24212	1	19950
0	192092	1	19950
0	7424	1	19950
0	175304	1	19950
0	343184	1	19950
0	158516	1	19950
0	326396	1	19950
0	141728	1	19950
0	309608	1	19950
0	124940	1	19950
0	292820	1	19950
0	108152	1	19950
0	276032	1	19950
0	91364	1	19950
0	259244	1	19950
0	74576	1	19950
0	242456	1	19950
0	57788	1	19950
0	225668	1	19950
0	41000	1	19950
0	208880	2	19951
0	24212	2	19951
0	192092	2	19951
0	7424	2	19951
0	175304	2	19951
0	343184	2	19951
0	158516	2	19951
0	326396	2	19951
0	141728	2	19951
0	309608	2	19951
0	124940	2	19951
0	292820	2	19951
0	108152	2	19951
0	276032	2	19951
0	91364	2	19951
0	259244	2	19951
0	74576	2	19951
0	242456	2	19951
0	57788	2	19951
0	225668	2	19951
0	41000	2	19951
0	210000	2	20043
0	25332	2	20043
0	193212	2	20043
0	8544	2	20043
0	176424	2	20043
0	344304	2	20043
0	159636	2	20043
0	327516	2	20043
0	142848	2	20043
0	310728	2	20043
0	126060	2	20043
0	293940	2	20043
0	109272	2	20043
0	277152	2	20043
0	92484	2	20043
0	260364	2	20043
0	75696	2	20043
0	243576	2	20043
0	58908	2	20043
0	226788	2	20043
0	42120	2	20043
0	211120	2	20119
0	26452	2	20119
0	194332	2	20119
0	9664	2	20119
0	177544	2	20119
0	345424	2	20119
0	160756	2	20119
0	328636	2	20119
0	143968	2	20119
0	311848	2	20119
0	127180	2	20119
0	295060	2	20119
0	110392	2	20119
0	278272	2	20119
0	93604	2	20119
0	261484	2	20119
0	76816	2	20119
0	244696	2	20119
0	60028	2	20119
0	227908	2	20119
0	43240	2	20119
0	211439	2	20147
0	26771	2	20147
0	194651	2	20147
0	9983	2	20147
0	177863	2	20147
0	345743	2	20147
0	161075	2	20147
0	328955	2	20147
0	144287	2	20147
0	312167	2	20147
0	127499	2	20147
0	295379	2	20147
0	110711	2	20147
0	278591	2	20147
0	93923	2	20147
0	261803	2	20147
0	77135	2	20147
0	245015	2	20147
0	60347	2	20147
0	228227	2	20147
0	43559	2	20147
0	211961	2	20195
0	27293	2	20195
0	195173	2	20195
0	10505	2	20195
0	178385	2	20195
0	346265	2	20195
0	161597	2	20195
0	329477	2	20195
0	144809	2	20195
0	312689	2	20195
0	128021	2	20195
0	295901	2	20195
0	111233	2	20195
0	279113	2	20195
0	94445	2	20195
0	262325	2	20195
0	77657	2	20195
0	245537	2	20195
0	60869	2	20195
0	228749	2	20195
0	44081	2	20195
0	212960	2	20271
0	28292	2	20271
0	196172	2	20271
0	11504	2	20271
0	179384	2	20271
0	347264	2	20271
0	162596	2	20271
0	330476	2	20271
0	145808	2	20271
0	313688	2	20271
0	129020	2	20271
0	296900	2	20271
0	112232	2	20271
0	280112	2	20271
0	95444	2	20271
0	263324	2	20271
0	78656	2	20271
0	246536	2	20271
0	61868	2	20271
0	229748	2	20271
0	45080	2	20271
0	212961	1	20272
0	28293	1	20272
0	196173	1	20272
0	11505	1	20272
0	179385	1	20272
0	347265	1	20272
0	162597	1	20272
0	330477	1	20272
0	145809	1	20272
0	313689	1	20272
0	129021	1	20272
0	296901	1	20272
0	112233	1	20272
0	280113	1	20272
0	95445	1	20272
0	263325	1	20272
0	78657	1	20272
0	246537	1	20272
0	61869	1	20272
0	229749	1	20272
0	45081	1	20272
0	213951	2	20377
0	29283	2	20377
0	197163	2	20377
0	12495	2	20377
0	180375	2	20377
0	348255	2	20377
0	163587	2	20377
0	331467	2	20377
0	146799	2	20377
0	314679	2	20377
0	130011	2	20377
0	297891	2	20377
0	113223	2	20377
0	281103	2	20377
0	96435	2	20377
0	264315	2	20377
0	79647	2	20377
0	247527	2	20377
0	62859	2	20377
0	230739	2	20377
0	46071	2	20377
0	214023	2	20385
0	29355	2	20385
0	197235	2	20385
0	12567	2	20385
0	180447	2	20385
0	348327	2	20385
0	163659	2	20385
0	331539	2	20385
0	146871	2	20385
0	314751	2	20385
0	130083	2	20385
0	297963	2	20385
0	113295	2	20385
0	281175	2	20385
0	96507	2	20385
0	264387	2	20385
0	79719	2	20385
0	247599	2	20385
0	62931	2	20385
0	230811	2	20385
0	46143	2	20385
0	214024	1	20386
0	29356	1	20386
0	197236	1	20386
0	12568	1	20386
0	180448	1	20386
0	348328	1	20386
0	163660	1	20386
0	331540	1	20386
0	146872	1	20386
0	314752	1	20386
0	130084	1	20386
0	297964	1	20386
0	113296	1	20386
0	281176	1	20386
0	96508	1	20386
0	264388	1	20386
0	79720	1	20386
0	247600	1	20386
0	62932	1	20386
0	230812	1	20386
0	46144	1	20386
0	214024	2	20387
0	29356	2	20387
0	197236	2	20387
0	12568	2	20387
0	180448	2	20387
0	348328	2	20387
0	163660	2	20387
0	331540	2	20387
0	146872	2	20387
0	314752	2	20387
0	130084	2	20387
0	297964	2	20387
0	113296	2	20387
0	281176	2	20387
0	96508	2	20387
0	264388	2	20387
0	79720	2	20387
0	247600	2	20387
0	62932	2	20387
0	230812	2	20387
0	46144	2	20387
0	214025	2	20389
0	29357	2	20389
0	197237	2	20389
0	12569	2	20389
0	180449	2	20389
0	348329	2	20389
0	163661	2	20389
0	331541	2	20389
0	146873	2	20389
0	314753	2	20389
0	130085	2	20389
0	297965	2	20389
0	113297	2	20389
0	281177	2	20389
0	96509	2	20389
0	264389	2	20389
0	79721	2	20389
0	247601	2	20389
0	62933	2	20389
0	230813	2	20389
0	46145	2	20389
0	215552	1	20520
0	30884	1	20520
0	198764	1	20520
0	14096	1	20520
0	181976	1	20520
0	349856	1	20520
0	165188	1	20520
0	333068	1	20520
0	148400	1	20520
0	316280	1	20520
0	131612	1	20520
0	299492	1	20520
0	114824	1	20520
0	282704	1	20520
0	98036	1	20520
0	265916	1	20520
0	81248	1	20520
0	249128	1	20520
0	64460	1	20520
0	232340	1	20520
0	47672	1	20520
0	215552	2	20521
0	30884	2	20521
0	198764	2	20521
0	14096	2	20521
0	181976	2	20521
0	349856	2	20521
0	165188	2	20521
0	333068	2	20521
0	148400	2	20521
0	316280	2	20521
0	131612	2	20521
0	299492	2	20521
0	114824	2	20521
0	282704	2	20521
0	98036	2	20521
0	265916	2	20521
0	81248	2	20521
0	249128	2	20521
0	64460	2	20521
0	232340	2	20521
0	47672	2	20521
0	215564	2	20527
0	30896	2	20527
0	198776	2	20527
0	14108	2	20527
0	181988	2	20527
0	349868	2	20527
0	165200	2	20527
0	333080	2	20527
0	148412	2	20527
0	316292	2	20527
0	131624	2	20527
0	299504	2	20527
0	114836	2	20527
0	282716	2	20527
0	98048	2	20527
0	265928	2	20527
0	81260	2	20527
0	249140	2	20527
0	64472	2	20527
0	232352	2	20527
0	47684	2	20527
0	216941	2	20663
0	32273	2	20663
0	200153	2	20663
0	15485	2	20663
0	183365	2	20663
0	351245	2	20663
0	166577	2	20663
0	334457	2	20663
0	149789	2	20663
0	317669	2	20663
0	133001	2	20663
0	300881	2	20663
0	116213	2	20663
0	284093	2	20663
0	99425	2	20663
0	267305	2	20663
0	82637	2	20663
0	250517	2	20663
0	65849	2	20663
0	233729	2	20663
0	49061	2	20663
0	217469	2	20717
0	32801	2	20717
0	200681	2	20717
0	16013	2	20717
0	183893	2	20717
0	351773	2	20717
0	167105	2	20717
0	334985	2	20717
0	150317	2	20717
0	318197	2	20717
0	133529	2	20717
0	301409	2	20717
0	116741	2	20717
0	284621	2	20717
0	99953	2	20717
0	267833	2	20717
0	83165	2	20717
0	251045	2	20717
0	66377	2	20717
0	234257	2	20717
0	49589	2	20717
0	218157	2	20755
0	33489	2	20755
0	201369	2	20755
0	16701	2	20755
0	184581	2	20755
0	352461	2	20755
0	167793	2	20755
0	335673	2	20755
0	151005	2	20755
0	318885	2	20755
0	134217	2	20755
0	302097	2	20755
0	117429	2	20755
0	285309	2	20755
0	100641	2	20755
0	268521	2	20755
0	83853	2	20755
0	251733	2	20755
0	67065	2	20755
0	234945	2	20755
0	50277	2	20755
0	218239	2	20763
0	33571	2	20763
0	201451	2	20763
0	16783	2	20763
0	184663	2	20763
0	352543	2	20763
0	167875	2	20763
0	335755	2	20763
0	151087	2	20763
0	318967	2	20763
0	134299	2	20763
0	302179	2	20763
0	117511	2	20763
0	285391	2	20763
0	100723	2	20763
0	268603	2	20763
0	83935	2	20763
0	251815	2	20763
0	67147	2	20763
0	235027	2	20763
0	50359	2	20763
0	218258	2	20765
0	33590	2	20765
0	201470	2	20765
0	16802	2	20765
0	184682	2	20765
0	14	2	20765
0	167894	2	20765
0	335774	2	20765
0	151106	2	20765
0	318986	2	20765
0	134318	2	20765
0	302198	2	20765
0	117530	2	20765
0	285410	2	20765
0	100742	2	20765
0	268622	2	20765
0	83954	2	20765
0	251834	2	20765
0	67166	2	20765
0	235046	2	20765
0	50378	2	20765
0	218634	2	20801
0	33966	2	20801
0	201846	2	20801
0	17178	2	20801
0	185058	2	20801
0	390	2	20801
0	168270	2	20801
0	336150	2	20801
0	151482	2	20801
0	319362	2	20801
0	134694	2	20801
0	302574	2	20801
0	117906	2	20801
0	285786	2	20801
0	101118	2	20801
0	268998	2	20801
0	84330	2	20801
0	252210	2	20801
0	67542	2	20801
0	235422	2	20801
0	50754	2	20801
0	218636	2	20805
0	33968	2	20805
0	201848	2	20805
0	17180	2	20805
0	185060	2	20805
0	392	2	20805
0	168272	2	20805
0	336152	2	20805
0	151484	2	20805
0	319364	2	20805
0	134696	2	20805
0	302576	2	20805
0	117908	2	20805
0	285788	2	20805
0	101120	2	20805
0	269000	2	20805
0	84332	2	20805
0	252212	2	20805
0	67544	2	20805
0	235424	2	20805
0	50756	2	20805
0	218653	2	20807
0	33985	2	20807
0	201865	2	20807
0	17197	2	20807
0	185077	2	20807
0	409	2	20807
0	168289	2	20807
0	336169	2	20807
0	151501	2	20807
0	319381	2	20807
0	134713	2	20807
0	302593	2	20807
0	117925	2	20807
0	285805	2	20807
0	101137	2	20807
0	269017	2	20807
0	84349	2	20807
0	252229	2	20807
0	67561	2	20807
0	235441	2	20807
0	50773	2	20807
0	218666	2	20809
0	33998	2	20809
0	201878	2	20809
0	17210	2	20809
0	185090	2	20809
0	422	2	20809
0	168302	2	20809
0	336182	2	20809
0	151514	2	20809
0	319394	2	20809
0	134726	2	20809
0	302606	2	20809
0	117938	2	20809
0	285818	2	20809
0	101150	2	20809
0	269030	2	20809
0	84362	2	20809
0	252242	2	20809
0	67574	2	20809
0	235454	2	20809
0	50786	2	20809
0	218771	2	20813
0	34103	2	20813
0	201983	2	20813
0	17315	2	20813
0	185195	2	20813
0	527	2	20813
0	168407	2	20813
0	336287	2	20813
0	151619	2	20813
0	319499	2	20813
0	134831	2	20813
0	302711	2	20813
0	118043	2	20813
0	285923	2	20813
0	101255	2	20813
0	269135	2	20813
0	84467	2	20813
0	252347	2	20813
0	67679	2	20813
0	235559	2	20813
0	50891	2	20813
0	218831	2	20819
0	34163	2	20819
0	202043	2	20819
0	17375	2	20819
0	185255	2	20819
0	587	2	20819
0	168467	2	20819
0	336347	2	20819
0	151679	2	20819
0	319559	2	20819
0	134891	2	20819
0	302771	2	20819
0	118103	2	20819
0	285983	2	20819
0	101315	2	20819
0	269195	2	20819
0	84527	2	20819
0	252407	2	20819
0	67739	2	20819
0	235619	2	20819
0	50951	2	20819
0	218832	2	20821
0	34164	2	20821
0	202044	2	20821
0	17376	2	20821
0	185256	2	20821
0	588	2	20821
0	168468	2	20821
0	336348	2	20821
0	151680	2	20821
0	319560	2	20821
0	134892	2	20821
0	302772	2	20821
0	118104	2	20821
0	285984	2	20821
0	101316	2	20821
0	269196	2	20821
0	84528	2	20821
0	252408	2	20821
0	67740	2	20821
0	235620	2	20821
0	50952	2	20821
0	218975	2	20841
0	34307	2	20841
0	202187	2	20841
0	17519	2	20841
0	185399	2	20841
0	731	2	20841
0	168611	2	20841
0	336491	2	20841
0	151823	2	20841
0	319703	2	20841
0	135035	2	20841
0	302915	2	20841
0	118247	2	20841
0	286127	2	20841
0	101459	2	20841
0	269339	2	20841
0	84671	2	20841
0	252551	2	20841
0	67883	2	20841
0	235763	2	20841
0	51095	2	20841
0	219338	2	20875
0	34670	2	20875
0	202550	2	20875
0	17882	2	20875
0	185762	2	20875
0	1094	2	20875
0	168974	2	20875
0	336854	2	20875
0	152186	2	20875
0	320066	2	20875
0	135398	2	20875
0	303278	2	20875
0	118610	2	20875
0	286490	2	20875
0	101822	2	20875
0	269702	2	20875
0	85034	2	20875
0	252914	2	20875
0	68246	2	20875
0	236126	2	20875
0	51458	2	20875
0	219418	1	20890
0	34750	1	20890
0	202630	1	20890
0	17962	1	20890
0	185842	1	20890
0	1174	1	20890
0	169054	1	20890
0	336934	1	20890
0	152266	1	20890
0	320146	1	20890
0	135478	1	20890
0	303358	1	20890
0	118690	1	20890
0	286570	1	20890
0	101902	1	20890
0	269782	1	20890
0	85114	1	20890
0	252994	1	20890
0	68326	1	20890
0	236206	1	20890
0	51538	1	20890
0	219418	2	20891
0	34750	2	20891
0	202630	2	20891
0	17962	2	20891
0	185842	2	20891
0	1174	2	20891
0	169054	2	20891
0	336934	2	20891
0	152266	2	20891
0	320146	2	20891
0	135478	2	20891
0	303358	2	20891
0	118690	2	20891
0	286570	2	20891
0	101902	2	20891
0	269782	2	20891
0	85114	2	20891
0	252994	2	20891
0	68326	2	20891
0	236206	2	20891
0	51538	2	20891
0	219634	2	20905
0	34966	2	20905
0	202846	2	20905
0	18178	2	20905
0	186058	2	20905
0	1390	2	20905
0	169270	2	20905
0	337150	2	20905
0	152482	2	20905
0	320362	2	20905
0	135694	2	20905
0	303574	2	20905
0	118906	2	20905
0	286786	2	20905
0	102118	2	20905
0	269998	2	20905
0	85330	2	20905
0	253210	2	20905
0	68542	2	20905
0	236422	2	20905
0	51754	2	20905
0	219635	2	20907
0	34967	2	20907
0	202847	2	20907
0	18179	2	20907
0	186059	2	20907
0	1391	2	20907
0	169271	2	20907
0	337151	2	20907
0	152483	2	20907
0	320363	2	20907
0	135695	2	20907
0	303575	2	20907
0	118907	2	20907
0	286787	2	20907
0	102119	2	20907
0	269999	2	20907
0	85331	2	20907
0	253211	2	20907
0	68543	2	20907
0	236423	2	20907
0	51755	2	20907
0	219749	1	20920
0	35081	1	20920
0	202961	1	20920
0	18293	1	20920
0	186173	1	20920
0	1505	1	20920
0	169385	1	20920
0	337265	1	20920
0	152597	1	20920
0	320477	1	20920
0	135809	1	20920
0	303689	1	20920
0	119021	1	20920
0	286901	1	20920
0	102233	1	20920
0	270113	1	20920
0	85445	1	20920
0	253325	1	20920
0	68657	1	20920
0	236537	1	20920
0	51869	1	20920
0	220545	1	20990
0	35877	1	20990
0	203757	1	20990
0	19089	1	20990
0	186969	1	20990
0	2301	1	20990
0	170181	1	20990
0	338061	1	20990
0	153393	1	20990
0	321273	1	20990
0	136605	1	20990
0	304485	1	20990
0	119817	1	20990
0	287697	1	20990
0	103029	1	20990
0	270909	1	20990
0	86241	1	20990
0	254121	1	20990
0	69453	1	20990
0	237333	1	20990
0	52665	1	20990
0	220545	2	20991
0	35877	2	20991
0	203757	2	20991
0	19089	2	20991
0	186969	2	20991
0	2301	2	20991
0	170181	2	20991
0	338061	2	20991
0	153393	2	20991
0	321273	2	20991
0	136605	2	20991
0	304485	2	20991
0	119817	2	20991
0	287697	2	20991
0	103029	2	20991
0	270909	2	20991
0	86241	2	20991
0	254121	2	20991
0	69453	2	20991
0	237333	2	20991
0	52665	2	20991
0	220902	2	21011
0	36234	2	21011
0	204114	2	21011
0	19446	2	21011
0	187326	2	21011
0	2658	2	21011
0	170538	2	21011
0	338418	2	21011
0	153750	2	21011
0	321630	2	21011
0	136962	2	21011
0	304842	2	21011
0	120174	2	21011
0	288054	2	21011
0	103386	2	21011
0	271266	2	21011
0	86598	2	21011
0	254478	2	21011
0	69810	2	21011
0	237690	2	21011
0	53022	2	21011
0	221000	2	21019
0	36332	2	21019
0	204212	2	21019
0	19544	2	21019
0	187424	2	21019
0	2756	2	21019
0	170636	2	21019
0	338516	2	21019
0	153848	2	21019
0	321728	2	21019
0	137060	2	21019
0	304940	2	21019
0	120272	2	21019
0	288152	2	21019
0	103484	2	21019
0	271364	2	21019
0	86696	2	21019
0	254576	2	21019
0	69908	2	21019
0	237788	2	21019
0	53120	2	21019
0	221174	2	21031
0	36506	2	21031
0	204386	2	21031
0	19718	2	21031
0	187598	2	21031
0	2930	2	21031
0	170810	2	21031
0	338690	2	21031
0	154022	2	21031
0	321902	2	21031
0	137234	2	21031
0	305114	2	21031
0	120446	2	21031
0	288326	2	21031
0	103658	2	21031
0	271538	2	21031
0	86870	2	21031
0	254750	2	21031
0	70082	2	21031
0	237962	2	21031
0	53294	2	21031
0	221796	2	21093
0	37128	2	21093
0	205008	2	21093
0	20340	2	21093
0	188220	2	21093
0	3552	2	21093
0	171432	2	21093
0	339312	2	21093
0	154644	2	21093
0	322524	2	21093
0	137856	2	21093
0	305736	2	21093
0	121068	2	21093
0	288948	2	21093
0	104280	2	21093
0	272160	2	21093
0	87492	2	21093
0	255372	2	21093
0	70704	2	21093
0	238584	2	21093
0	53916	2	21093
0	222165	2	21131
0	37497	2	21131
0	205377	2	21131
0	20709	2	21131
0	188589	2	21131
0	3921	2	21131
0	171801	2	21131
0	339681	2	21131
0	155013	2	21131
0	322893	2	21131
0	138225	2	21131
0	306105	2	21131
0	121437	2	21131
0	289317	2	21131
0	104649	2	21131
0	272529	2	21131
0	87861	2	21131
0	255741	2	21131
0	71073	2	21131
0	238953	2	21131
0	54285	2	21131
0	222240	2	21143
0	37572	2	21143
0	205452	2	21143
0	20784	2	21143
0	188664	2	21143
0	3996	2	21143
0	171876	2	21143
0	339756	2	21143
0	155088	2	21143
0	322968	2	21143
0	138300	2	21143
0	306180	2	21143
0	121512	2	21143
0	289392	2	21143
0	104724	2	21143
0	272604	2	21143
0	87936	2	21143
0	255816	2	21143
0	71148	2	21143
0	239028	2	21143
0	54360	2	21143
0	222298	1	21150
0	37630	1	21150
0	205510	1	21150
0	20842	1	21150
0	188722	1	21150
0	4054	1	21150
0	171934	1	21150
0	339814	1	21150
0	155146	1	21150
0	323026	1	21150
0	138358	1	21150
0	306238	1	21150
0	121570	1	21150
0	289450	1	21150
0	104782	1	21150
0	272662	1	21150
0	87994	1	21150
0	255874	1	21150
0	71206	1	21150
0	239086	1	21150
0	54418	1	21150
0	222298	2	21151
0	37630	2	21151
0	205510	2	21151
0	20842	2	21151
0	188722	2	21151
0	4054	2	21151
0	171934	2	21151
0	339814	2	21151
0	155146	2	21151
0	323026	2	21151
0	138358	2	21151
0	306238	2	21151
0	121570	2	21151
0	289450	2	21151
0	104782	2	21151
0	272662	2	21151
0	87994	2	21151
0	255874	2	21151
0	71206	2	21151
0	239086	2	21151
0	54418	2	21151
0	222771	2	21185
0	38103	2	21185
0	205983	2	21185
0	21315	2	21185
0	189195	2	21185
0	4527	2	21185
0	172407	2	21185
0	340287	2	21185
0	155619	2	21185
0	323499	2	21185
0	138831	2	21185
0	306711	2	21185
0	122043	2	21185
0	289923	2	21185
0	105255	2	21185
0	273135	2	21185
0	88467	2	21185
0	256347	2	21185
0	71679	2	21185
0	239559	2	21185
0	54891	2	21185
0	222772	1	21186
0	38104	1	21186
0	205984	1	21186
0	21316	1	21186
0	189196	1	21186
0	4528	1	21186
0	172408	1	21186
0	340288	1	21186
0	155620	1	21186
0	323500	1	21186
0	138832	1	21186
0	306712	1	21186
0	122044	1	21186
0	289924	1	21186
0	105256	1	21186
0	273136	1	21186
0	88468	1	21186
0	256348	1	21186
0	71680	1	21186
0	239560	1	21186
0	54892	1	21186
0	222774	2	21191
0	38106	2	21191
0	205986	2	21191
0	21318	2	21191
0	189198	2	21191
0	4530	2	21191
0	172410	2	21191
0	340290	2	21191
0	155622	2	21191
0	323502	2	21191
0	138834	2	21191
0	306714	2	21191
0	122046	2	21191
0	289926	2	21191
0	105258	2	21191
0	273138	2	21191
0	88470	2	21191
0	256350	2	21191
0	71682	2	21191
0	239562	2	21191
0	54894	2	21191
0	223035	2	21217
0	38367	2	21217
0	206247	2	21217
0	21579	2	21217
0	189459	2	21217
0	4791	2	21217
0	172671	2	21217
0	340551	2	21217
0	155883	2	21217
0	323763	2	21217
0	139095	2	21217
0	306975	2	21217
0	122307	2	21217
0	290187	2	21217
0	105519	2	21217
0	273399	2	21217
0	88731	2	21217
0	256611	2	21217
0	71943	2	21217
0	239823	2	21217
0	55155	2	21217
0	223036	2	21219
0	38368	2	21219
0	206248	2	21219
0	21580	2	21219
0	189460	2	21219
0	4792	2	21219
0	172672	2	21219
0	340552	2	21219
0	155884	2	21219
0	323764	2	21219
0	139096	2	21219
0	306976	2	21219
0	122308	2	21219
0	290188	2	21219
0	105520	2	21219
0	273400	2	21219
0	88732	2	21219
0	256612	2	21219
0	71944	2	21219
0	239824	2	21219
0	55156	2	21219
0	223176	2	21235
0	38508	2	21235
0	206388	2	21235
0	21720	2	21235
0	189600	2	21235
0	4932	2	21235
0	172812	2	21235
0	340692	2	21235
0	156024	2	21235
0	323904	2	21235
0	139236	2	21235
0	307116	2	21235
0	122448	2	21235
0	290328	2	21235
0	105660	2	21235
0	273540	2	21235
0	88872	2	21235
0	256752	2	21235
0	72084	2	21235
0	239964	2	21235
0	55296	2	21235
0	223516	2	21255
0	38848	2	21255
0	206728	2	21255
0	22060	2	21255
0	189940	2	21255
0	5272	2	21255
0	173152	2	21255
0	341032	2	21255
0	156364	2	21255
0	324244	2	21255
0	139576	2	21255
0	307456	2	21255
0	122788	2	21255
0	290668	2	21255
0	106000	2	21255
0	273880	2	21255
0	89212	2	21255
0	257092	2	21255
0	72424	2	21255
0	240304	2	21255
0	55636	2	21255
0	224080	2	21305
0	39412	2	21305
0	207292	2	21305
0	22624	2	21305
0	190504	2	21305
0	5836	2	21305
0	173716	2	21305
0	341596	2	21305
0	156928	2	21305
0	324808	2	21305
0	140140	2	21305
0	308020	2	21305
0	123352	2	21305
0	291232	2	21305
0	106564	2	21305
0	274444	2	21305
0	89776	2	21305
0	257656	2	21305
0	72988	2	21305
0	240868	2	21305
0	56200	2	21305
0	224232	1	21322
0	39564	1	21322
0	207444	1	21322
0	22776	1	21322
0	190656	1	21322
0	5988	1	21322
0	173868	1	21322
0	341748	1	21322
0	157080	1	21322
0	324960	1	21322
0	140292	1	21322
0	308172	1	21322
0	123504	1	21322
0	291384	1	21322
0	106716	1	21322
0	274596	1	21322
0	89928	1	21322
0	257808	1	21322
0	73140	1	21322
0	241020	1	21322
0	56352	1	21322
0	224232	2	21323
0	39564	2	21323
0	207444	2	21323
0	22776	2	21323
0	190656	2	21323
0	5988	2	21323
0	173868	2	21323
0	341748	2	21323
0	157080	2	21323
0	324960	2	21323
0	140292	2	21323
0	308172	2	21323
0	123504	2	21323
0	291384	2	21323
0	106716	2	21323
0	274596	2	21323
0	89928	2	21323
0	257808	2	21323
0	73140	2	21323
0	241020	2	21323
0	56352	2	21323
0	224526	2	21381
0	39858	2	21381
0	207738	2	21381
0	23070	2	21381
0	190950	2	21381
0	6282	2	21381
0	174162	2	21381
0	342042	2	21381
0	157374	2	21381
0	325254	2	21381
0	140586	2	21381
0	308466	2	21381
0	123798	2	21381
0	291678	2	21381
0	107010	2	21381
0	274890	2	21381
0	90222	2	21381
0	258102	2	21381
0	73434	2	21381
0	241314	2	21381
0	56646	2	21381
0	224710	1	21400
0	40042	1	21400
0	207922	1	21400
0	23254	1	21400
0	191134	1	21400
0	6466	1	21400
0	174346	1	21400
0	342226	1	21400
0	157558	1	21400
0	325438	1	21400
0	140770	1	21400
0	308650	1	21400
0	123982	1	21400
0	291862	1	21400
0	107194	1	21400
0	275074	1	21400
0	90406	1	21400
0	258286	1	21400
0	73618	1	21400
0	241498	1	21400
0	56830	1	21400
0	224710	2	21401
0	40042	2	21401
0	207922	2	21401
0	23254	2	21401
0	191134	2	21401
0	6466	2	21401
0	174346	2	21401
0	342226	2	21401
0	157558	2	21401
0	325438	2	21401
0	140770	2	21401
0	308650	2	21401
0	123982	2	21401
0	291862	2	21401
0	107194	2	21401
0	275074	2	21401
0	90406	2	21401
0	258286	2	21401
0	73618	2	21401
0	241498	2	21401
0	56830	2	21401
0	225698	2	21473
0	41030	2	21473
0	208910	2	21473
0	24242	2	21473
0	192122	2	21473
0	7454	2	21473
0	175334	2	21473
0	343214	2	21473
0	158546	2	21473
0	326426	2	21473
0	141758	2	21473
0	309638	2	21473
0	124970	2	21473
0	292850	2	21473
0	108182	2	21473
0	276062	2	21473
0	91394	2	21473
0	259274	2	21473
0	74606	2	21473
0	242486	2	21473
0	57818	2	21473
0	225699	2	21475
0	41031	2	21475
0	208911	2	21475
0	24243	2	21475
0	192123	2	21475
0	7455	2	21475
0	175335	2	21475
0	343215	2	21475
0	158547	2	21475
0	326427	2	21475
0	141759	2	21475
0	309639	2	21475
0	124971	2	21475
0	292851	2	21475
0	108183	2	21475
0	276063	2	21475
0	91395	2	21475
0	259275	2	21475
0	74607	2	21475
0	242487	2	21475
0	57819	2	21475
0	225906	2	21513
0	41238	2	21513
0	209118	2	21513
0	24450	2	21513
0	192330	2	21513
0	7662	2	21513
0	175542	2	21513
0	343422	2	21513
0	158754	2	21513
0	326634	2	21513
0	141966	2	21513
0	309846	2	21513
0	125178	2	21513
0	293058	2	21513
0	108390	2	21513
0	276270	2	21513
0	91602	2	21513
0	259482	2	21513
0	74814	2	21513
0	242694	2	21513
0	58026	2	21513
0	226179	2	21545
0	41511	2	21545
0	209391	2	21545
0	24723	2	21545
0	192603	2	21545
0	7935	2	21545
0	175815	2	21545
0	343695	2	21545
0	159027	2	21545
0	326907	2	21545
0	142239	2	21545
0	310119	2	21545
0	125451	2	21545
0	293331	2	21545
0	108663	2	21545
0	276543	2	21545
0	91875	2	21545
0	259755	2	21545
0	75087	2	21545
0	242967	2	21545
0	58299	2	21545
0	226220	2	21547
0	41552	2	21547
0	209432	2	21547
0	24764	2	21547
0	192644	2	21547
0	7976	2	21547
0	175856	2	21547
0	343736	2	21547
0	159068	2	21547
0	326948	2	21547
0	142280	2	21547
0	310160	2	21547
0	125492	2	21547
0	293372	2	21547
0	108704	2	21547
0	276584	2	21547
0	91916	2	21547
0	259796	2	21547
0	75128	2	21547
0	243008	2	21547
0	58340	2	21547
0	226637	2	21597
0	41969	2	21597
0	209849	2	21597
0	25181	2	21597
0	193061	2	21597
0	8393	2	21597
0	176273	2	21597
0	344153	2	21597
0	159485	2	21597
0	327365	2	21597
0	142697	2	21597
0	310577	2	21597
0	125909	2	21597
0	293789	2	21597
0	109121	2	21597
0	277001	2	21597
0	92333	2	21597
0	260213	2	21597
0	75545	2	21597
0	243425	2	21597
0	58757	2	21597
0	226878	2	21619
0	42210	2	21619
0	210090	2	21619
0	25422	2	21619
0	193302	2	21619
0	8634	2	21619
0	176514	2	21619
0	344394	2	21619
0	159726	2	21619
0	327606	2	21619
0	142938	2	21619
0	310818	2	21619
0	126150	2	21619
0	294030	2	21619
0	109362	2	21619
0	277242	2	21619
0	92574	2	21619
0	260454	2	21619
0	75786	2	21619
0	243666	2	21619
0	58998	2	21619
0	227923	1	21724
0	43255	1	21724
0	211135	1	21724
0	26467	1	21724
0	194347	1	21724
0	9679	1	21724
0	177559	1	21724
0	345439	1	21724
0	160771	1	21724
0	328651	1	21724
0	143983	1	21724
0	311863	1	21724
0	127195	1	21724
0	295075	1	21724
0	110407	1	21724
0	278287	1	21724
0	93619	1	21724
0	261499	1	21724
0	76831	1	21724
0	244711	1	21724
0	60043	1	21724
0	227923	2	21725
0	43255	2	21725
0	211135	2	21725
0	26467	2	21725
0	194347	2	21725
0	9679	2	21725
0	177559	2	21725
0	345439	2	21725
0	160771	2	21725
0	328651	2	21725
0	143983	2	21725
0	311863	2	21725
0	127195	2	21725
0	295075	2	21725
0	110407	2	21725
0	278287	2	21725
0	93619	2	21725
0	261499	2	21725
0	76831	2	21725
0	244711	2	21725
0	60043	2	21725
0	228225	1	21742
0	43557	1	21742
0	211437	1	21742
0	26769	1	21742
0	194649	1	21742
0	9981	1	21742
0	177861	1	21742
0	345741	1	21742
0	161073	1	21742
0	328953	1	21742
0	144285	1	21742
0	312165	1	21742
0	127497	1	21742
0	295377	1	21742
0	110709	1	21742
0	278589	1	21742
0	93921	1	21742
0	261801	1	21742
0	77133	1	21742
0	245013	1	21742
0	60345	1	21742
0	228225	2	21743
0	43557	2	21743
0	211437	2	21743
0	26769	2	21743
0	194649	2	21743
0	9981	2	21743
0	177861	2	21743
0	345741	2	21743
0	161073	2	21743
0	328953	2	21743
0	144285	2	21743
0	312165	2	21743
0	127497	2	21743
0	295377	2	21743
0	110709	2	21743
0	278589	2	21743
0	93921	2	21743
0	261801	2	21743
0	77133	2	21743
0	245013	2	21743
0	60345	2	21743
0	228273	2	21745
0	43605	2	21745
0	211485	2	21745
0	26817	2	21745
0	194697	2	21745
0	10029	2	21745
0	177909	2	21745
0	345789	2	21745
0	161121	2	21745
0	329001	2	21745
0	144333	2	21745
0	312213	2	21745
0	127545	2	21745
0	295425	2	21745
0	110757	2	21745
0	278637	2	21745
0	93969	2	21745
0	261849	2	21745
0	77181	2	21745
0	245061	2	21745
0	60393	2	21745
0	228889	2	21811
0	44221	2	21811
0	212101	2	21811
0	27433	2	21811
0	195313	2	21811
0	10645	2	21811
0	178525	2	21811
0	346405	2	21811
0	161737	2	21811
0	329617	2	21811
0	144949	2	21811
0	312829	2	21811
0	128161	2	21811
0	296041	2	21811
0	111373	2	21811
0	279253	2	21811
0	94585	2	21811
0	262465	2	21811
0	77797	2	21811
0	245677	2	21811
0	61009	2	21811
0	229023	2	21823
0	44355	2	21823
0	212235	2	21823
0	27567	2	21823
0	195447	2	21823
0	10779	2	21823
0	178659	2	21823
0	346539	2	21823
0	161871	2	21823
0	329751	2	21823
0	145083	2	21823
0	312963	2	21823
0	128295	2	21823
0	296175	2	21823
0	111507	2	21823
0	279387	2	21823
0	94719	2	21823
0	262599	2	21823
0	77931	2	21823
0	245811	2	21823
0	61143	2	21823
0	229107	2	21835
0	44439	2	21835
0	212319	2	21835
0	27651	2	21835
0	195531	2	21835
0	10863	2	21835
0	178743	2	21835
0	346623	2	21835
0	161955	2	21835
0	329835	2	21835
0	145167	2	21835
0	313047	2	21835
0	128379	2	21835
0	296259	2	21835
0	111591	2	21835
0	279471	2	21835
0	94803	2	21835
0	262683	2	21835
0	78015	2	21835
0	245895	2	21835
0	61227	2	21835
0	229230	2	21845
0	44562	2	21845
0	212442	2	21845
0	27774	2	21845
0	195654	2	21845
0	10986	2	21845
0	178866	2	21845
0	346746	2	21845
0	162078	2	21845
0	329958	2	21845
0	145290	2	21845
0	313170	2	21845
0	128502	2	21845
0	296382	2	21845
0	111714	2	21845
0	279594	2	21845
0	94926	2	21845
0	262806	2	21845
0	78138	2	21845
0	246018	2	21845
0	61350	2	21845
0	230178	2	21943
0	45510	2	21943
0	213390	2	21943
0	28722	2	21943
0	196602	2	21943
0	11934	2	21943
0	179814	2	21943
0	347694	2	21943
0	163026	2	21943
0	330906	2	21943
0	146238	2	21943
0	314118	2	21943
0	129450	2	21943
0	297330	2	21943
0	112662	2	21943
0	280542	2	21943
0	95874	2	21943
0	263754	2	21943
0	79086	2	21943
0	246966	2	21943
0	62298	2	21943
0	230489	2	21961
0	45821	2	21961
0	213701	2	21961
0	29033	2	21961
0	196913	2	21961
0	12245	2	21961
0	180125	2	21961
0	348005	2	21961
0	163337	2	21961
0	331217	2	21961
0	146549	2	21961
0	314429	2	21961
0	129761	2	21961
0	297641	2	21961
0	112973	2	21961
0	280853	2	21961
0	96185	2	21961
0	264065	2	21961
0	79397	2	21961
0	247277	2	21961
0	62609	2	21961
0	230501	2	21965
0	45833	2	21965
0	213713	2	21965
0	29045	2	21965
0	196925	2	21965
0	12257	2	21965
0	180137	2	21965
0	348017	2	21965
0	163349	2	21965
0	331229	2	21965
0	146561	2	21965
0	314441	2	21965
0	129773	2	21965
0	297653	2	21965
0	112985	2	21965
0	280865	2	21965
0	96197	2	21965
0	264077	2	21965
0	79409	2	21965
0	247289	2	21965
0	62621	2	21965
0	230515	2	21971
0	45847	2	21971
0	213727	2	21971
0	29059	2	21971
0	196939	2	21971
0	12271	2	21971
0	180151	2	21971
0	348031	2	21971
0	163363	2	21971
0	331243	2	21971
0	146575	2	21971
0	314455	2	21971
0	129787	2	21971
0	297667	2	21971
0	112999	2	21971
0	280879	2	21971
0	96211	2	21971
0	264091	2	21971
0	79423	2	21971
0	247303	2	21971
0	62635	2	21971
0	231270	2	22033
0	46602	2	22033
0	214482	2	22033
0	29814	2	22033
0	197694	2	22033
0	13026	2	22033
0	180906	2	22033
0	348786	2	22033
0	164118	2	22033
0	331998	2	22033
0	147330	2	22033
0	315210	2	22033
0	130542	2	22033
0	298422	2	22033
0	113754	2	22033
0	281634	2	22033
0	96966	2	22033
0	264846	2	22033
0	80178	2	22033
0	248058	2	22033
0	63390	2	22033
0	232158	2	22103
0	47490	2	22103
0	215370	2	22103
0	30702	2	22103
0	198582	2	22103
0	13914	2	22103
0	181794	2	22103
0	349674	2	22103
0	165006	2	22103
0	332886	2	22103
0	148218	2	22103
0	316098	2	22103
0	131430	2	22103
0	299310	2	22103
0	114642	2	22103
0	282522	2	22103
0	97854	2	22103
0	265734	2	22103
0	81066	2	22103
0	248946	2	22103
0	64278	2	22103
0	232596	2	22145
0	47928	2	22145
0	215808	2	22145
0	31140	2	22145
0	199020	2	22145
0	14352	2	22145
0	182232	2	22145
0	350112	2	22145
0	165444	2	22145
0	333324	2	22145
0	148656	2	22145
0	316536	2	22145
0	131868	2	22145
0	299748	2	22145
0	115080	2	22145
0	282960	2	22145
0	98292	2	22145
0	266172	2	22145
0	81504	2	22145
0	249384	2	22145
0	64716	2	22145
0	232761	2	22155
0	48093	2	22155
0	215973	2	22155
0	31305	2	22155
0	199185	2	22155
0	14517	2	22155
0	182397	2	22155
0	350277	2	22155
0	165609	2	22155
0	333489	2	22155
0	148821	2	22155
0	316701	2	22155
0	132033	2	22155
0	299913	2	22155
0	115245	2	22155
0	283125	2	22155
0	98457	2	22155
0	266337	2	22155
0	81669	2	22155
0	249549	2	22155
0	64881	2	22155
0	232878	2	22163
0	48210	2	22163
0	216090	2	22163
0	31422	2	22163
0	199302	2	22163
0	14634	2	22163
0	182514	2	22163
0	350394	2	22163
0	165726	2	22163
0	333606	2	22163
0	148938	2	22163
0	316818	2	22163
0	132150	2	22163
0	300030	2	22163
0	115362	2	22163
0	283242	2	22163
0	98574	2	22163
0	266454	2	22163
0	81786	2	22163
0	249666	2	22163
0	64998	2	22163
0	233725	2	22245
0	49057	2	22245
0	216937	2	22245
0	32269	2	22245
0	200149	2	22245
0	15481	2	22245
0	183361	2	22245
0	351241	2	22245
0	166573	2	22245
0	334453	2	22245
0	149785	2	22245
0	317665	2	22245
0	132997	2	22245
0	300877	2	22245
0	116209	2	22245
0	284089	2	22245
0	99421	2	22245
0	267301	2	22245
0	82633	2	22245
0	250513	2	22245
0	65845	2	22245
0	233726	1	22246
0	49058	1	22246
0	216938	1	22246
0	32270	1	22246
0	200150	1	22246
0	15482	1	22246
0	183362	1	22246
0	351242	1	22246
0	166574	1	22246
0	334454	1	22246
0	149786	1	22246
0	317666	1	22246
0	132998	1	22246
0	300878	1	22246
0	116210	1	22246
0	284090	1	22246
0	99422	1	22246
0	267302	1	22246
0	82634	1	22246
0	250514	1	22246
0	65846	1	22246
0	234255	1	22308
0	49587	1	22308
0	217467	1	22308
0	32799	1	22308
0	200679	1	22308
0	16011	1	22308
0	183891	1	22308
0	351771	1	22308
0	167103	1	22308
0	334983	1	22308
0	150315	1	22308
0	318195	1	22308
0	133527	1	22308
0	301407	1	22308
0	116739	1	22308
0	284619	1	22308
0	99951	1	22308
0	267831	1	22308
0	83163	1	22308
0	251043	1	22308
0	66375	1	22308
0	234255	2	22309
0	49587	2	22309
0	217467	2	22309
0	32799	2	22309
0	200679	2	22309
0	16011	2	22309
0	183891	2	22309
0	351771	2	22309
0	167103	2	22309
0	334983	2	22309
0	150315	2	22309
0	318195	2	22309
0	133527	2	22309
0	301407	2	22309
0	116739	2	22309
0	284619	2	22309
0	99951	2	22309
0	267831	2	22309
0	83163	2	22309
0	251043	2	22309
0	66375	2	22309
0	234284	2	22313
0	49616	2	22313
0	217496	2	22313
0	32828	2	22313
0	200708	2	22313
0	16040	2	22313
0	183920	2	22313
0	351800	2	22313
0	167132	2	22313
0	335012	2	22313
0	150344	2	22313
0	318224	2	22313
0	133556	2	22313
0	301436	2	22313
0	116768	2	22313
0	284648	2	22313
0	99980	2	22313
0	267860	2	22313
0	83192	2	22313
0	251072	2	22313
0	66404	2	22313
0	234285	2	22315
0	49617	2	22315
0	217497	2	22315
0	32829	2	22315
0	200709	2	22315
0	16041	2	22315
0	183921	2	22315
0	351801	2	22315
0	167133	2	22315
0	335013	2	22315
0	150345	2	22315
0	318225	2	22315
0	133557	2	22315
0	301437	2	22315
0	116769	2	22315
0	284649	2	22315
0	99981	2	22315
0	267861	2	22315
0	83193	2	22315
0	251073	2	22315
0	66405	2	22315
0	234943	2	22373
0	50275	2	22373
0	218155	2	22373
0	33487	2	22373
0	201367	2	22373
0	16699	2	22373
0	184579	2	22373
0	352459	2	22373
0	167791	2	22373
0	335671	2	22373
0	151003	2	22373
0	318883	2	22373
0	134215	2	22373
0	302095	2	22373
0	117427	2	22373
0	285307	2	22373
0	100639	2	22373
0	268519	2	22373
0	83851	2	22373
0	251731	2	22373
0	67063	2	22373
0	235217	2	22391
0	50549	2	22391
0	218429	2	22391
0	33761	2	22391
0	201641	2	22391
0	16973	2	22391
0	184853	2	22391
0	185	2	22391
0	168065	2	22391
0	335945	2	22391
0	151277	2	22391
0	319157	2	22391
0	134489	2	22391
0	302369	2	22391
0	117701	2	22391
0	285581	2	22391
0	100913	2	22391
0	268793	2	22391
0	84125	2	22391
0	252005	2	22391
0	67337	2	22391
0	235296	2	22401
0	50628	2	22401
0	218508	2	22401
0	33840	2	22401
0	201720	2	22401
0	17052	2	22401
0	184932	2	22401
0	264	2	22401
0	168144	2	22401
0	336024	2	22401
0	151356	2	22401
0	319236	2	22401
0	134568	2	22401
0	302448	2	22401
0	117780	2	22401
0	285660	2	22401
0	100992	2	22401
0	268872	2	22401
0	84204	2	22401
0	252084	2	22401
0	67416	2	22401
0	235499	1	22416
0	50831	1	22416
0	218711	1	22416
0	34043	1	22416
0	201923	1	22416
0	17255	1	22416
0	185135	1	22416
0	467	1	22416
0	168347	1	22416
0	336227	1	22416
0	151559	1	22416
0	319439	1	22416
0	134771	1	22416
0	302651	1	22416
0	117983	1	22416
0	285863	1	22416
0	101195	1	22416
0	269075	1	22416
0	84407	1	22416
0	252287	1	22416
0	67619	1	22416
0	235499	2	22417
0	50831	2	22417
0	218711	2	22417
0	34043	2	22417
0	201923	2	22417
0	17255	2	22417
0	185135	2	22417
0	467	2	22417
0	168347	2	22417
0	336227	2	22417
0	151559	2	22417
0	319439	2	22417
0	134771	2	22417
0	302651	2	22417
0	117983	2	22417
0	285863	2	22417
0	101195	2	22417
0	269075	2	22417
0	84407	2	22417
0	252287	2	22417
0	67619	2	22417
0	236117	2	22459
0	51449	2	22459
0	219329	2	22459
0	34661	2	22459
0	202541	2	22459
0	17873	2	22459
0	185753	2	22459
0	1085	2	22459
0	168965	2	22459
0	336845	2	22459
0	152177	2	22459
0	320057	2	22459
0	135389	2	22459
0	303269	2	22459
0	118601	2	22459
0	286481	2	22459
0	101813	2	22459
0	269693	2	22459
0	85025	2	22459
0	252905	2	22459
0	68237	2	22459
0	237036	2	22525
0	52368	2	22525
0	220248	2	22525
0	35580	2	22525
0	203460	2	22525
0	18792	2	22525
0	186672	2	22525
0	2004	2	22525
0	169884	2	22525
0	337764	2	22525
0	153096	2	22525
0	320976	2	22525
0	136308	2	22525
0	304188	2	22525
0	119520	2	22525
0	287400	2	22525
0	102732	2	22525
0	270612	2	22525
0	85944	2	22525
0	253824	2	22525
0	69156	2	22525
0	237227	2	22541
0	52559	2	22541
0	220439	2	22541
0	35771	2	22541
0	203651	2	22541
0	18983	2	22541
0	186863	2	22541
0	2195	2	22541
0	170075	2	22541
0	337955	2	22541
0	153287	2	22541
0	321167	2	22541
0	136499	2	22541
0	304379	2	22541
0	119711	2	22541
0	287591	2	22541
0	102923	2	22541
0	270803	2	22541
0	86135	2	22541
0	254015	2	22541
0	69347	2	22541
0	237412	2	22567
0	52744	2	22567
0	220624	2	22567
0	35956	2	22567
0	203836	2	22567
0	19168	2	22567
0	187048	2	22567
0	2380	2	22567
0	170260	2	22567
0	338140	2	22567
0	153472	2	22567
0	321352	2	22567
0	136684	2	22567
0	304564	2	22567
0	119896	2	22567
0	287776	2	22567
0	103108	2	22567
0	270988	2	22567
0	86320	2	22567
0	254200	2	22567
0	69532	2	22567
0	237688	2	22595
0	53020	2	22595
0	220900	2	22595
0	36232	2	22595
0	204112	2	22595
0	19444	2	22595
0	187324	2	22595
0	2656	2	22595
0	170536	2	22595
0	338416	2	22595
0	153748	2	22595
0	321628	2	22595
0	136960	2	22595
0	304840	2	22595
0	120172	2	22595
0	288052	2	22595
0	103384	2	22595
0	271264	2	22595
0	86596	2	22595
0	254476	2	22595
0	69808	2	22595
0	237786	1	22598
0	53118	1	22598
0	220998	1	22598
0	36330	1	22598
0	204210	1	22598
0	19542	1	22598
0	187422	1	22598
0	2754	1	22598
0	170634	1	22598
0	338514	1	22598
0	153846	1	22598
0	321726	1	22598
0	137058	1	22598
0	304938	1	22598
0	120270	1	22598
0	288150	1	22598
0	103482	1	22598
0	271362	1	22598
0	86694	1	22598
0	254574	1	22598
0	69906	1	22598
0	238291	2	22629
0	53623	2	22629
0	221503	2	22629
0	36835	2	22629
0	204715	2	22629
0	20047	2	22629
0	187927	2	22629
0	3259	2	22629
0	171139	2	22629
0	339019	2	22629
0	154351	2	22629
0	322231	2	22629
0	137563	2	22629
0	305443	2	22629
0	120775	2	22629
0	288655	2	22629
0	103987	2	22629
0	271867	2	22629
0	87199	2	22629
0	255079	2	22629
0	70411	2	22629
0	238964	2	22703
0	54296	2	22703
0	222176	2	22703
0	37508	2	22703
0	205388	2	22703
0	20720	2	22703
0	188600	2	22703
0	3932	2	22703
0	171812	2	22703
0	339692	2	22703
0	155024	2	22703
0	322904	2	22703
0	138236	2	22703
0	306116	2	22703
0	121448	2	22703
0	289328	2	22703
0	104660	2	22703
0	272540	2	22703
0	87872	2	22703
0	255752	2	22703
0	71084	2	22703
0	239662	2	22777
0	54994	2	22777
0	222874	2	22777
0	38206	2	22777
0	206086	2	22777
0	21418	2	22777
0	189298	2	22777
0	4630	2	22777
0	172510	2	22777
0	340390	2	22777
0	155722	2	22777
0	323602	2	22777
0	138934	2	22777
0	306814	2	22777
0	122146	2	22777
0	290026	2	22777
0	105358	2	22777
0	273238	2	22777
0	88570	2	22777
0	256450	2	22777
0	71782	2	22777
0	239962	2	22799
0	55294	2	22799
0	223174	2	22799
0	38506	2	22799
0	206386	2	22799
0	21718	2	22799
0	189598	2	22799
0	4930	2	22799
0	172810	2	22799
0	340690	2	22799
0	156022	2	22799
0	323902	2	22799
0	139234	2	22799
0	307114	2	22799
0	122446	2	22799
0	290326	2	22799
0	105658	2	22799
0	273538	2	22799
0	88870	2	22799
0	256750	2	22799
0	72082	2	22799
0	240172	1	22822
0	55504	1	22822
0	223384	1	22822
0	38716	1	22822
0	206596	1	22822
0	21928	1	22822
0	189808	1	22822
0	5140	1	22822
0	173020	1	22822
0	340900	1	22822
0	156232	1	22822
0	324112	1	22822
0	139444	1	22822
0	307324	1	22822
0	122656	1	22822
0	290536	1	22822
0	105868	1	22822
0	273748	1	22822
0	89080	1	22822
0	256960	1	22822
0	72292	1	22822
0	240174	2	22827
0	55506	2	22827
0	223386	2	22827
0	38718	2	22827
0	206598	2	22827
0	21930	2	22827
0	189810	2	22827
0	5142	2	22827
0	173022	2	22827
0	340902	2	22827
0	156234	2	22827
0	324114	2	22827
0	139446	2	22827
0	307326	2	22827
0	122658	2	22827
0	290538	2	22827
0	105870	2	22827
0	273750	2	22827
0	89082	2	22827
0	256962	2	22827
0	72294	2	22827
0	241001	2	22891
0	56333	2	22891
0	224213	2	22891
0	39545	2	22891
0	207425	2	22891
0	22757	2	22891
0	190637	2	22891
0	5969	2	22891
0	173849	2	22891
0	341729	2	22891
0	157061	2	22891
0	324941	2	22891
0	140273	2	22891
0	308153	2	22891
0	123485	2	22891
0	291365	2	22891
0	106697	2	22891
0	274577	2	22891
0	89909	2	22891
0	257789	2	22891
0	73121	2	22891
0	241031	2	22895
0	56363	2	22895
0	224243	2	22895
0	39575	2	22895
0	207455	2	22895
0	22787	2	22895
0	190667	2	22895
0	5999	2	22895
0	173879	2	22895
0	341759	2	22895
0	157091	2	22895
0	324971	2	22895
0	140303	2	22895
0	308183	2	22895
0	123515	2	22895
0	291395	2	22895
0	106727	2	22895
0	274607	2	22895
0	89939	2	22895
0	257819	2	22895
0	73151	2	22895
0	241309	2	22933
0	56641	2	22933
0	224521	2	22933
0	39853	2	22933
0	207733	2	22933
0	23065	2	22933
0	190945	2	22933
0	6277	2	22933
0	174157	2	22933
0	342037	2	22933
0	157369	2	22933
0	325249	2	22933
0	140581	2	22933
0	308461	2	22933
0	123793	2	22933
0	291673	2	22933
0	107005	2	22933
0	274885	2	22933
0	90217	2	22933
0	258097	2	22933
0	73429	2	22933
0	241312	2	22939
0	56644	2	22939
0	224524	2	22939
0	39856	2	22939
0	207736	2	22939
0	23068	2	22939
0	190948	2	22939
0	6280	2	22939
0	174160	2	22939
0	342040	2	22939
0	157372	2	22939
0	325252	2	22939
0	140584	2	22939
0	308464	2	22939
0	123796	2	22939
0	291676	2	22939
0	107008	2	22939
0	274888	2	22939
0	90220	2	22939
0	258100	2	22939
0	73432	2	22939
0	241476	2	22953
0	56808	2	22953
0	224688	2	22953
0	40020	2	22953
0	207900	2	22953
0	23232	2	22953
0	191112	2	22953
0	6444	2	22953
0	174324	2	22953
0	342204	2	22953
0	157536	2	22953
0	325416	2	22953
0	140748	2	22953
0	308628	2	22953
0	123960	2	22953
0	291840	2	22953
0	107172	2	22953
0	275052	2	22953
0	90384	2	22953
0	258264	2	22953
0	73596	2	22953
0	241496	1	22956
0	56828	1	22956
0	224708	1	22956
0	40040	1	22956
0	207920	1	22956
0	23252	1	22956
0	191132	1	22956
0	6464	1	22956
0	174344	1	22956
0	342224	1	22956
0	157556	1	22956
0	325436	1	22956
0	140768	1	22956
0	308648	1	22956
0	123980	1	22956
0	291860	1	22956
0	107192	1	22956
0	275072	1	22956
0	90404	1	22956
0	258284	1	22956
0	73616	1	22956
0	241496	2	22957
0	56828	2	22957
0	224708	2	22957
0	40040	2	22957
0	207920	2	22957
0	23252	2	22957
0	191132	2	22957
0	6464	2	22957
0	174344	2	22957
0	342224	2	22957
0	157556	2	22957
0	325436	2	22957
0	140768	2	22957
0	308648	2	22957
0	123980	2	22957
0	291860	2	22957
0	107192	2	22957
0	275072	2	22957
0	90404	2	22957
0	258284	2	22957
0	73616	2	22957
0	242132	2	23011
0	57464	2	23011
0	225344	2	23011
0	40676	2	23011
0	208556	2	23011
0	23888	2	23011
0	191768	2	23011
0	7100	2	23011
0	174980	2	23011
0	342860	2	23011
0	158192	2	23011
0	326072	2	23011
0	141404	2	23011
0	309284	2	23011
0	124616	2	23011
0	292496	2	23011
0	107828	2	23011
0	275708	2	23011
0	91040	2	23011
0	258920	2	23011
0	74252	2	23011
0	242428	2	23035
0	57760	2	23035
0	225640	2	23035
0	40972	2	23035
0	208852	2	23035
0	24184	2	23035
0	192064	2	23035
0	7396	2	23035
0	175276	2	23035
0	343156	2	23035
0	158488	2	23035
0	326368	2	23035
0	141700	2	23035
0	309580	2	23035
0	124912	2	23035
0	292792	2	23035
0	108124	2	23035
0	276004	2	23035
0	91336	2	23035
0	259216	2	23035
0	74548	2	23035
0	242655	1	23070
0	57987	1	23070
0	225867	1	23070
0	41199	1	23070
0	209079	1	23070
0	24411	1	23070
0	192291	1	23070
0	7623	1	23070
0	175503	1	23070
0	343383	1	23070
0	158715	1	23070
0	326595	1	23070
0	141927	1	23070
0	309807	1	23070
0	125139	1	23070
0	293019	1	23070
0	108351	1	23070
0	276231	1	23070
0	91563	1	23070
0	259443	1	23070
0	74775	1	23070
0	242655	2	23071
0	57987	2	23071
0	225867	2	23071
0	41199	2	23071
0	209079	2	23071
0	24411	2	23071
0	192291	2	23071
0	7623	2	23071
0	175503	2	23071
0	343383	2	23071
0	158715	2	23071
0	326595	2	23071
0	141927	2	23071
0	309807	2	23071
0	125139	2	23071
0	293019	2	23071
0	108351	2	23071
0	276231	2	23071
0	91563	2	23071
0	259443	2	23071
0	74775	2	23071
0	242818	2	23085
0	58150	2	23085
0	226030	2	23085
0	41362	2	23085
0	209242	2	23085
0	24574	2	23085
0	192454	2	23085
0	7786	2	23085
0	175666	2	23085
0	343546	2	23085
0	158878	2	23085
0	326758	2	23085
0	142090	2	23085
0	309970	2	23085
0	125302	2	23085
0	293182	2	23085
0	108514	2	23085
0	276394	2	23085
0	91726	2	23085
0	259606	2	23085
0	74938	2	23085
0	243664	1	23168
0	58996	1	23168
0	226876	1	23168
0	42208	1	23168
0	210088	1	23168
0	25420	1	23168
0	193300	1	23168
0	8632	1	23168
0	176512	1	23168
0	344392	1	23168
0	159724	1	23168
0	327604	1	23168
0	142936	1	23168
0	310816	1	23168
0	126148	1	23168
0	294028	1	23168
0	109360	1	23168
0	277240	1	23168
0	92572	1	23168
0	260452	1	23168
0	75784	1	23168
0	243664	2	23169
0	58996	2	23169
0	226876	2	23169
0	42208	2	23169
0	210088	2	23169
0	25420	2	23169
0	193300	2	23169
0	8632	2	23169
0	176512	2	23169
0	344392	2	23169
0	159724	2	23169
0	327604	2	23169
0	142936	2	23169
0	310816	2	23169
0	126148	2	23169
0	294028	2	23169
0	109360	2	23169
0	277240	2	23169
0	92572	2	23169
0	260452	2	23169
0	75784	2	23169
0	244099	2	23211
0	59431	2	23211
0	227311	2	23211
0	42643	2	23211
0	210523	2	23211
0	25855	2	23211
0	193735	2	23211
0	9067	2	23211
0	176947	2	23211
0	344827	2	23211
0	160159	2	23211
0	328039	2	23211
0	143371	2	23211
0	311251	2	23211
0	126583	2	23211
0	294463	2	23211
0	109795	2	23211
0	277675	2	23211
0	93007	2	23211
0	260887	2	23211
0	76219	2	23211
0	244111	2	23213
0	59443	2	23213
0	227323	2	23213
0	42655	2	23213
0	210535	2	23213
0	25867	2	23213
0	193747	2	23213
0	9079	2	23213
0	176959	2	23213
0	344839	2	23213
0	160171	2	23213
0	328051	2	23213
0	143383	2	23213
0	311263	2	23213
0	126595	2	23213
0	294475	2	23213
0	109807	2	23213
0	277687	2	23213
0	93019	2	23213
0	260899	2	23213
0	76231	2	23213
0	244112	2	23215
0	59444	2	23215
0	227324	2	23215
0	42656	2	23215
0	210536	2	23215
0	25868	2	23215
0	193748	2	23215
0	9080	2	23215
0	176960	2	23215
0	344840	2	23215
0	160172	2	23215
0	328052	2	23215
0	143384	2	23215
0	311264	2	23215
0	126596	2	23215
0	294476	2	23215
0	109808	2	23215
0	277688	2	23215
0	93020	2	23215
0	260900	2	23215
0	76232	2	23215
0	244256	2	23231
0	59588	2	23231
0	227468	2	23231
0	42800	2	23231
0	210680	2	23231
0	26012	2	23231
0	193892	2	23231
0	9224	2	23231
0	177104	2	23231
0	344984	2	23231
0	160316	2	23231
0	328196	2	23231
0	143528	2	23231
0	311408	2	23231
0	126740	2	23231
0	294620	2	23231
0	109952	2	23231
0	277832	2	23231
0	93164	2	23231
0	261044	2	23231
0	76376	2	23231
0	244722	1	23286
0	60054	1	23286
0	227934	1	23286
0	43266	1	23286
0	211146	1	23286
0	26478	1	23286
0	194358	1	23286
0	9690	1	23286
0	177570	1	23286
0	345450	1	23286
0	160782	1	23286
0	328662	1	23286
0	143994	1	23286
0	311874	1	23286
0	127206	1	23286
0	295086	1	23286
0	110418	1	23286
0	278298	1	23286
0	93630	1	23286
0	261510	1	23286
0	76842	1	23286
0	244724	2	23291
0	60056	2	23291
0	227936	2	23291
0	43268	2	23291
0	211148	2	23291
0	26480	2	23291
0	194360	2	23291
0	9692	2	23291
0	177572	2	23291
0	345452	2	23291
0	160784	2	23291
0	328664	2	23291
0	143996	2	23291
0	311876	2	23291
0	127208	2	23291
0	295088	2	23291
0	110420	2	23291
0	278300	2	23291
0	93632	2	23291
0	261512	2	23291
0	76844	2	23291
0	245028	2	23323
0	60360	2	23323
0	228240	2	23323
0	43572	2	23323
0	211452	2	23323
0	26784	2	23323
0	194664	2	23323
0	9996	2	23323
0	177876	2	23323
0	345756	2	23323
0	161088	2	23323
0	328968	2	23323
0	144300	2	23323
0	312180	2	23323
0	127512	2	23323
0	295392	2	23323
0	110724	2	23323
0	278604	2	23323
0	93936	2	23323
0	261816	2	23323
0	77148	2	23323
0	245717	1	23386
0	61049	1	23386
0	228929	1	23386
0	44261	1	23386
0	212141	1	23386
0	27473	1	23386
0	195353	1	23386
0	10685	1	23386
0	178565	1	23386
0	346445	1	23386
0	161777	1	23386
0	329657	1	23386
0	144989	1	23386
0	312869	1	23386
0	128201	1	23386
0	296081	1	23386
0	111413	1	23386
0	279293	1	23386
0	94625	1	23386
0	262505	1	23386
0	77837	1	23386
0	245717	2	23387
0	61049	2	23387
0	228929	2	23387
0	44261	2	23387
0	212141	2	23387
0	27473	2	23387
0	195353	2	23387
0	10685	2	23387
0	178565	2	23387
0	346445	2	23387
0	161777	2	23387
0	329657	2	23387
0	144989	2	23387
0	312869	2	23387
0	128201	2	23387
0	296081	2	23387
0	111413	2	23387
0	279293	2	23387
0	94625	2	23387
0	262505	2	23387
0	77837	2	23387
0	247610	2	23547
0	62942	2	23547
0	230822	2	23547
0	46154	2	23547
0	214034	2	23547
0	29366	2	23547
0	197246	2	23547
0	12578	2	23547
0	180458	2	23547
0	348338	2	23547
0	163670	2	23547
0	331550	2	23547
0	146882	2	23547
0	314762	2	23547
0	130094	2	23547
0	297974	2	23547
0	113306	2	23547
0	281186	2	23547
0	96518	2	23547
0	264398	2	23547
0	79730	2	23547
0	247718	1	23556
0	63050	1	23556
0	230930	1	23556
0	46262	1	23556
0	214142	1	23556
0	29474	1	23556
0	197354	1	23556
0	12686	1	23556
0	180566	1	23556
0	348446	1	23556
0	163778	1	23556
0	331658	1	23556
0	146990	1	23556
0	314870	1	23556
0	130202	1	23556
0	298082	1	23556
0	113414	1	23556
0	281294	1	23556
0	96626	1	23556
0	264506	1	23556
0	79838	1	23556
0	247718	2	23557
0	63050	2	23557
0	230930	2	23557
0	46262	2	23557
0	214142	2	23557
0	29474	2	23557
0	197354	2	23557
0	12686	2	23557
0	180566	2	23557
0	348446	2	23557
0	163778	2	23557
0	331658	2	23557
0	146990	2	23557
0	314870	2	23557
0	130202	2	23557
0	298082	2	23557
0	113414	2	23557
0	281294	2	23557
0	96626	2	23557
0	264506	2	23557
0	79838	2	23557
0	247846	2	23579
0	63178	2	23579
0	231058	2	23579
0	46390	2	23579
0	214270	2	23579
0	29602	2	23579
0	197482	2	23579
0	12814	2	23579
0	180694	2	23579
0	348574	2	23579
0	163906	2	23579
0	331786	2	23579
0	147118	2	23579
0	314998	2	23579
0	130330	2	23579
0	298210	2	23579
0	113542	2	23579
0	281422	2	23579
0	96754	2	23579
0	264634	2	23579
0	79966	2	23579
0	248254	2	23633
0	63586	2	23633
0	231466	2	23633
0	46798	2	23633
0	214678	2	23633
0	30010	2	23633
0	197890	2	23633
0	13222	2	23633
0	181102	2	23633
0	348982	2	23633
0	164314	2	23633
0	332194	2	23633
0	147526	2	23633
0	315406	2	23633
0	130738	2	23633
0	298618	2	23633
0	113950	2	23633
0	281830	2	23633
0	97162	2	23633
0	265042	2	23633
0	80374	2	23633
0	248255	2	23635
0	63587	2	23635
0	231467	2	23635
0	46799	2	23635
0	214679	2	23635
0	30011	2	23635
0	197891	2	23635
0	13223	2	23635
0	181103	2	23635
0	348983	2	23635
0	164315	2	23635
0	332195	2	23635
0	147527	2	23635
0	315407	2	23635
0	130739	2	23635
0	298619	2	23635
0	113951	2	23635
0	281831	2	23635
0	97163	2	23635
0	265043	2	23635
0	80375	2	23635
0	248884	2	23703
0	64216	2	23703
0	232096	2	23703
0	47428	2	23703
0	215308	2	23703
0	30640	2	23703
0	198520	2	23703
0	13852	2	23703
0	181732	2	23703
0	349612	2	23703
0	164944	2	23703
0	332824	2	23703
0	148156	2	23703
0	316036	2	23703
0	131368	2	23703
0	299248	2	23703
0	114580	2	23703
0	282460	2	23703
0	97792	2	23703
0	265672	2	23703
0	81004	2	23703
0	249676	2	23763
0	65008	2	23763
0	232888	2	23763
0	48220	2	23763
0	216100	2	23763
0	31432	2	23763
0	199312	2	23763
0	14644	2	23763
0	182524	2	23763
0	350404	2	23763
0	165736	2	23763
0	333616	2	23763
0	148948	2	23763
0	316828	2	23763
0	132160	2	23763
0	300040	2	23763
0	115372	2	23763
0	283252	2	23763
0	98584	2	23763
0	266464	2	23763
0	81796	2	23763
0	249679	2	23769
0	65011	2	23769
0	232891	2	23769
0	48223	2	23769
0	216103	2	23769
0	31435	2	23769
0	199315	2	23769
0	14647	2	23769
0	182527	2	23769
0	350407	2	23769
0	165739	2	23769
0	333619	2	23769
0	148951	2	23769
0	316831	2	23769
0	132163	2	23769
0	300043	2	23769
0	115375	2	23769
0	283255	2	23769
0	98587	2	23769
0	266467	2	23769
0	81799	2	23769
0	249907	2	23793
0	65239	2	23793
0	233119	2	23793
0	48451	2	23793
0	216331	2	23793
0	31663	2	23793
0	199543	2	23793
0	14875	2	23793
0	182755	2	23793
0	350635	2	23793
0	165967	2	23793
0	333847	2	23793
0	149179	2	23793
0	317059	2	23793
0	132391	2	23793
0	300271	2	23793
0	115603	2	23793
0	283483	2	23793
0	98815	2	23793
0	266695	2	23793
0	82027	2	23793
0	250707	2	23863
0	66039	2	23863
0	233919	2	23863
0	49251	2	23863
0	217131	2	23863
0	32463	2	23863
0	200343	2	23863
0	15675	2	23863
0	183555	2	23863
0	351435	2	23863
0	166767	2	23863
0	334647	2	23863
0	149979	2	23863
0	317859	2	23863
0	133191	2	23863
0	301071	2	23863
0	116403	2	23863
0	284283	2	23863
0	99615	2	23863
0	267495	2	23863
0	82827	2	23863
0	251039	2	23905
0	66371	2	23905
0	234251	2	23905
0	49583	2	23905
0	217463	2	23905
0	32795	2	23905
0	200675	2	23905
0	16007	2	23905
0	183887	2	23905
0	351767	2	23905
0	167099	2	23905
0	334979	2	23905
0	150311	2	23905
0	318191	2	23905
0	133523	2	23905
0	301403	2	23905
0	116735	2	23905
0	284615	2	23905
0	99947	2	23905
0	267827	2	23905
0	83159	2	23905
0	251040	2	23907
0	66372	2	23907
0	234252	2	23907
0	49584	2	23907
0	217464	2	23907
0	32796	2	23907
0	200676	2	23907
0	16008	2	23907
0	183888	2	23907
0	351768	2	23907
0	167100	2	23907
0	334980	2	23907
0	150312	2	23907
0	318192	2	23907
0	133524	2	23907
0	301404	2	23907
0	116736	2	23907
0	284616	2	23907
0	99948	2	23907
0	267828	2	23907
0	83160	2	23907
0	251125	2	23929
0	66457	2	23929
0	234337	2	23929
0	49669	2	23929
0	217549	2	23929
0	32881	2	23929
0	200761	2	23929
0	16093	2	23929
0	183973	2	23929
0	351853	2	23929
0	167185	2	23929
0	335065	2	23929
0	150397	2	23929
0	318277	2	23929
0	133609	2	23929
0	301489	2	23929
0	116821	2	23929
0	284701	2	23929
0	100033	2	23929
0	267913	2	23929
0	83245	2	23929
0	251127	2	23933
0	66459	2	23933
0	234339	2	23933
0	49671	2	23933
0	217551	2	23933
0	32883	2	23933
0	200763	2	23933
0	16095	2	23933
0	183975	2	23933
0	351855	2	23933
0	167187	2	23933
0	335067	2	23933
0	150399	2	23933
0	318279	2	23933
0	133611	2	23933
0	301491	2	23933
0	116823	2	23933
0	284703	2	23933
0	100035	2	23933
0	267915	2	23933
0	83247	2	23933
0	251413	2	23987
0	66745	2	23987
0	234625	2	23987
0	49957	2	23987
0	217837	2	23987
0	33169	2	23987
0	201049	2	23987
0	16381	2	23987
0	184261	2	23987
0	352141	2	23987
0	167473	2	23987
0	335353	2	23987
0	150685	2	23987
0	318565	2	23987
0	133897	2	23987
0	301777	2	23987
0	117109	2	23987
0	284989	2	23987
0	100321	2	23987
0	268201	2	23987
0	83533	2	23987
0	252265	1	24060
0	67597	1	24060
0	235477	1	24060
0	50809	1	24060
0	218689	1	24060
0	34021	1	24060
0	201901	1	24060
0	17233	1	24060
0	185113	1	24060
0	445	1	24060
0	168325	1	24060
0	336205	1	24060
0	151537	1	24060
0	319417	1	24060
0	134749	1	24060
0	302629	1	24060
0	117961	1	24060
0	285841	1	24060
0	101173	1	24060
0	269053	1	24060
0	84385	1	24060
0	252265	2	24061
0	67597	2	24061
0	235477	2	24061
0	50809	2	24061
0	218689	2	24061
0	34021	2	24061
0	201901	2	24061
0	17233	2	24061
0	185113	2	24061
0	445	2	24061
0	168325	2	24061
0	336205	2	24061
0	151537	2	24061
0	319417	2	24061
0	134749	2	24061
0	302629	2	24061
0	117961	2	24061
0	285841	2	24061
0	101173	2	24061
0	269053	2	24061
0	84385	2	24061
0	252266	2	24063
0	67598	2	24063
0	235478	2	24063
0	50810	2	24063
0	218690	2	24063
0	34022	2	24063
0	201902	2	24063
0	17234	2	24063
0	185114	2	24063
0	446	2	24063
0	168326	2	24063
0	336206	2	24063
0	151538	2	24063
0	319418	2	24063
0	134750	2	24063
0	302630	2	24063
0	117962	2	24063
0	285842	2	24063
0	101174	2	24063
0	269054	2	24063
0	84386	2	24063
0	252384	2	24075
0	67716	2	24075
0	235596	2	24075
0	50928	2	24075
0	218808	2	24075
0	34140	2	24075
0	202020	2	24075
0	17352	2	24075
0	185232	2	24075
0	564	2	24075
0	168444	2	24075
0	336324	2	24075
0	151656	2	24075
0	319536	2	24075
0	134868	2	24075
0	302748	2	24075
0	118080	2	24075
0	285960	2	24075
0	101292	2	24075
0	269172	2	24075
0	84504	2	24075
0	252385	2	24077
0	67717	2	24077
0	235597	2	24077
0	50929	2	24077
0	218809	2	24077
0	34141	2	24077
0	202021	2	24077
0	17353	2	24077
0	185233	2	24077
0	565	2	24077
0	168445	2	24077
0	336325	2	24077
0	151657	2	24077
0	319537	2	24077
0	134869	2	24077
0	302749	2	24077
0	118081	2	24077
0	285961	2	24077
0	101293	2	24077
0	269173	2	24077
0	84505	2	24077
0	252599	2	24093
0	67931	2	24093
0	235811	2	24093
0	51143	2	24093
0	219023	2	24093
0	34355	2	24093
0	202235	2	24093
0	17567	2	24093
0	185447	2	24093
0	779	2	24093
0	168659	2	24093
0	336539	2	24093
0	151871	2	24093
0	319751	2	24093
0	135083	2	24093
0	302963	2	24093
0	118295	2	24093
0	286175	2	24093
0	101507	2	24093
0	269387	2	24093
0	84719	2	24093
0	252600	2	24095
0	67932	2	24095
0	235812	2	24095
0	51144	2	24095
0	219024	2	24095
0	34356	2	24095
0	202236	2	24095
0	17568	2	24095
0	185448	2	24095
0	780	2	24095
0	168660	2	24095
0	336540	2	24095
0	151872	2	24095
0	319752	2	24095
0	135084	2	24095
0	302964	2	24095
0	118296	2	24095
0	286176	2	24095
0	101508	2	24095
0	269388	2	24095
0	84720	2	24095
0	253406	2	24195
0	68738	2	24195
0	236618	2	24195
0	51950	2	24195
0	219830	2	24195
0	35162	2	24195
0	203042	2	24195
0	18374	2	24195
0	186254	2	24195
0	1586	2	24195
0	169466	2	24195
0	337346	2	24195
0	152678	2	24195
0	320558	2	24195
0	135890	2	24195
0	303770	2	24195
0	119102	2	24195
0	286982	2	24195
0	102314	2	24195
0	270194	2	24195
0	85526	2	24195
0	253966	2	24265
0	69298	2	24265
0	237178	2	24265
0	52510	2	24265
0	220390	2	24265
0	35722	2	24265
0	203602	2	24265
0	18934	2	24265
0	186814	2	24265
0	2146	2	24265
0	170026	2	24265
0	337906	2	24265
0	153238	2	24265
0	321118	2	24265
0	136450	2	24265
0	304330	2	24265
0	119662	2	24265
0	287542	2	24265
0	102874	2	24265
0	270754	2	24265
0	86086	2	24265
0	254104	1	24278
0	69436	1	24278
0	237316	1	24278
0	52648	1	24278
0	220528	1	24278
0	35860	1	24278
0	203740	1	24278
0	19072	1	24278
0	186952	1	24278
0	2284	1	24278
0	170164	1	24278
0	338044	1	24278
0	153376	1	24278
0	321256	1	24278
0	136588	1	24278
0	304468	1	24278
0	119800	1	24278
0	287680	1	24278
0	103012	1	24278
0	270892	1	24278
0	86224	1	24278
0	254104	2	24279
0	69436	2	24279
0	237316	2	24279
0	52648	2	24279
0	220528	2	24279
0	35860	2	24279
0	203740	2	24279
0	19072	2	24279
0	186952	2	24279
0	2284	2	24279
0	170164	2	24279
0	338044	2	24279
0	153376	2	24279
0	321256	2	24279
0	136588	2	24279
0	304468	2	24279
0	119800	2	24279
0	287680	2	24279
0	103012	2	24279
0	270892	2	24279
0	86224	2	24279
0	254179	2	24281
0	69511	2	24281
0	237391	2	24281
0	52723	2	24281
0	220603	2	24281
0	35935	2	24281
0	203815	2	24281
0	19147	2	24281
0	187027	2	24281
0	2359	2	24281
0	170239	2	24281
0	338119	2	24281
0	153451	2	24281
0	321331	2	24281
0	136663	2	24281
0	304543	2	24281
0	119875	2	24281
0	287755	2	24281
0	103087	2	24281
0	270967	2	24281
0	86299	2	24281
0	254276	2	24293
0	69608	2	24293
0	237488	2	24293
0	52820	2	24293
0	220700	2	24293
0	36032	2	24293
0	203912	2	24293
0	19244	2	24293
0	187124	2	24293
0	2456	2	24293
0	170336	2	24293
0	338216	2	24293
0	153548	2	24293
0	321428	2	24293
0	136760	2	24293
0	304640	2	24293
0	119972	2	24293
0	287852	2	24293
0	103184	2	24293
0	271064	2	24293
0	86396	2	24293
0	254413	2	24307
0	69745	2	24307
0	237625	2	24307
0	52957	2	24307
0	220837	2	24307
0	36169	2	24307
0	204049	2	24307
0	19381	2	24307
0	187261	2	24307
0	2593	2	24307
0	170473	2	24307
0	338353	2	24307
0	153685	2	24307
0	321565	2	24307
0	136897	2	24307
0	304777	2	24307
0	120109	2	24307
0	287989	2	24307
0	103321	2	24307
0	271201	2	24307
0	86533	2	24307
0	254445	2	24315
0	69777	2	24315
0	237657	2	24315
0	52989	2	24315
0	220869	2	24315
0	36201	2	24315
0	204081	2	24315
0	19413	2	24315
0	187293	2	24315
0	2625	2	24315
0	170505	2	24315
0	338385	2	24315
0	153717	2	24315
0	321597	2	24315
0	136929	2	24315
0	304809	2	24315
0	120141	2	24315
0	288021	2	24315
0	103353	2	24315
0	271233	2	24315
0	86565	2	24315
0	254471	1	24318
0	69803	1	24318
0	237683	1	24318
0	53015	1	24318
0	220895	1	24318
0	36227	1	24318
0	204107	1	24318
0	19439	1	24318
0	187319	1	24318
0	2651	1	24318
0	170531	1	24318
0	338411	1	24318
0	153743	1	24318
0	321623	1	24318
0	136955	1	24318
0	304835	1	24318
0	120167	1	24318
0	288047	1	24318
0	103379	1	24318
0	271259	1	24318
0	86591	1	24318
0	254472	2	24321
0	69804	2	24321
0	237684	2	24321
0	53016	2	24321
0	220896	2	24321
0	36228	2	24321
0	204108	2	24321
0	19440	2	24321
0	187320	2	24321
0	2652	2	24321
0	170532	2	24321
0	338412	2	24321
0	153744	2	24321
0	321624	2	24321
0	136956	2	24321
0	304836	2	24321
0	120168	2	24321
0	288048	2	24321
0	103380	2	24321
0	271260	2	24321
0	86592	2	24321
0	255350	2	24407
0	70682	2	24407
0	238562	2	24407
0	53894	2	24407
0	221774	2	24407
0	37106	2	24407
0	204986	2	24407
0	20318	2	24407
0	188198	2	24407
0	3530	2	24407
0	171410	2	24407
0	339290	2	24407
0	154622	2	24407
0	322502	2	24407
0	137834	2	24407
0	305714	2	24407
0	121046	2	24407
0	288926	2	24407
0	104258	2	24407
0	272138	2	24407
0	87470	2	24407
0	255584	2	24421
0	70916	2	24421
0	238796	2	24421
0	54128	2	24421
0	222008	2	24421
0	37340	2	24421
0	205220	2	24421
0	20552	2	24421
0	188432	2	24421
0	3764	2	24421
0	171644	2	24421
0	339524	2	24421
0	154856	2	24421
0	322736	2	24421
0	138068	2	24421
0	305948	2	24421
0	121280	2	24421
0	289160	2	24421
0	104492	2	24421
0	272372	2	24421
0	87704	2	24421
0	255598	2	24425
0	70930	2	24425
0	238810	2	24425
0	54142	2	24425
0	222022	2	24425
0	37354	2	24425
0	205234	2	24425
0	20566	2	24425
0	188446	2	24425
0	3778	2	24425
0	171658	2	24425
0	339538	2	24425
0	154870	2	24425
0	322750	2	24425
0	138082	2	24425
0	305962	2	24425
0	121294	2	24425
0	289174	2	24425
0	104506	2	24425
0	272386	2	24425
0	87718	2	24425
0	255907	2	24443
0	71239	2	24443
0	239119	2	24443
0	54451	2	24443
0	222331	2	24443
0	37663	2	24443
0	205543	2	24443
0	20875	2	24443
0	188755	2	24443
0	4087	2	24443
0	171967	2	24443
0	339847	2	24443
0	155179	2	24443
0	323059	2	24443
0	138391	2	24443
0	306271	2	24443
0	121603	2	24443
0	289483	2	24443
0	104815	2	24443
0	272695	2	24443
0	88027	2	24443
0	256058	2	24465
0	71390	2	24465
0	239270	2	24465
0	54602	2	24465
0	222482	2	24465
0	37814	2	24465
0	205694	2	24465
0	21026	2	24465
0	188906	2	24465
0	4238	2	24465
0	172118	2	24465
0	339998	2	24465
0	155330	2	24465
0	323210	2	24465
0	138542	2	24465
0	306422	2	24465
0	121754	2	24465
0	289634	2	24465
0	104966	2	24465
0	272846	2	24465
0	88178	2	24465
0	256059	1	24466
0	71391	1	24466
0	239271	1	24466
0	54603	1	24466
0	222483	1	24466
0	37815	1	24466
0	205695	1	24466
0	21027	1	24466
0	188907	1	24466
0	4239	1	24466
0	172119	1	24466
0	339999	1	24466
0	155331	1	24466
0	323211	1	24466
0	138543	1	24466
0	306423	1	24466
0	121755	1	24466
0	289635	1	24466
0	104967	1	24466
0	272847	1	24466
0	88179	1	24466
0	256059	2	24467
0	71391	2	24467
0	239271	2	24467
0	54603	2	24467
0	222483	2	24467
0	37815	2	24467
0	205695	2	24467
0	21027	2	24467
0	188907	2	24467
0	4239	2	24467
0	172119	2	24467
0	339999	2	24467
0	155331	2	24467
0	323211	2	24467
0	138543	2	24467
0	306423	2	24467
0	121755	2	24467
0	289635	2	24467
0	104967	2	24467
0	272847	2	24467
0	88179	2	24467
0	256137	2	24485
0	71469	2	24485
0	239349	2	24485
0	54681	2	24485
0	222561	2	24485
0	37893	2	24485
0	205773	2	24485
0	21105	2	24485
0	188985	2	24485
0	4317	2	24485
0	172197	2	24485
0	340077	2	24485
0	155409	2	24485
0	323289	2	24485
0	138621	2	24485
0	306501	2	24485
0	121833	2	24485
0	289713	2	24485
0	105045	2	24485
0	272925	2	24485
0	88257	2	24485
0	256185	2	24493
0	71517	2	24493
0	239397	2	24493
0	54729	2	24493
0	222609	2	24493
0	37941	2	24493
0	205821	2	24493
0	21153	2	24493
0	189033	2	24493
0	4365	2	24493
0	172245	2	24493
0	340125	2	24493
0	155457	2	24493
0	323337	2	24493
0	138669	2	24493
0	306549	2	24493
0	121881	2	24493
0	289761	2	24493
0	105093	2	24493
0	272973	2	24493
0	88305	2	24493
0	256328	2	24509
0	71660	2	24509
0	239540	2	24509
0	54872	2	24509
0	222752	2	24509
0	38084	2	24509
0	205964	2	24509
0	21296	2	24509
0	189176	2	24509
0	4508	2	24509
0	172388	2	24509
0	340268	2	24509
0	155600	2	24509
0	323480	2	24509
0	138812	2	24509
0	306692	2	24509
0	122024	2	24509
0	289904	2	24509
0	105236	2	24509
0	273116	2	24509
0	88448	2	24509
0	257217	2	24591
0	72549	2	24591
0	240429	2	24591
0	55761	2	24591
0	223641	2	24591
0	38973	2	24591
0	206853	2	24591
0	22185	2	24591
0	190065	2	24591
0	5397	2	24591
0	173277	2	24591
0	341157	2	24591
0	156489	2	24591
0	324369	2	24591
0	139701	2	24591
0	307581	2	24591
0	122913	2	24591
0	290793	2	24591
0	106125	2	24591
0	274005	2	24591
0	89337	2	24591
0	257320	2	24603
0	72652	2	24603
0	240532	2	24603
0	55864	2	24603
0	223744	2	24603
0	39076	2	24603
0	206956	2	24603
0	22288	2	24603
0	190168	2	24603
0	5500	2	24603
0	173380	2	24603
0	341260	2	24603
0	156592	2	24603
0	324472	2	24603
0	139804	2	24603
0	307684	2	24603
0	123016	2	24603
0	290896	2	24603
0	106228	2	24603
0	274108	2	24603
0	89440	2	24603
0	257333	2	24605
0	72665	2	24605
0	240545	2	24605
0	55877	2	24605
0	223757	2	24605
0	39089	2	24605
0	206969	2	24605
0	22301	2	24605
0	190181	2	24605
0	5513	2	24605
0	173393	2	24605
0	341273	2	24605
0	156605	2	24605
0	324485	2	24605
0	139817	2	24605
0	307697	2	24605
0	123029	2	24605
0	290909	2	24605
0	106241	2	24605
0	274121	2	24605
0	89453	2	24605
0	257654	2	24655
0	72986	2	24655
0	240866	2	24655
0	56198	2	24655
0	224078	2	24655
0	39410	2	24655
0	207290	2	24655
0	22622	2	24655
0	190502	2	24655
0	5834	2	24655
0	173714	2	24655
0	341594	2	24655
0	156926	2	24655
0	324806	2	24655
0	140138	2	24655
0	308018	2	24655
0	123350	2	24655
0	291230	2	24655
0	106562	2	24655
0	274442	2	24655
0	89774	2	24655
0	258282	1	24722
0	73614	1	24722
0	241494	1	24722
0	56826	1	24722
0	224706	1	24722
0	40038	1	24722
0	207918	1	24722
0	23250	1	24722
0	191130	1	24722
0	6462	1	24722
0	174342	1	24722
0	342222	1	24722
0	157554	1	24722
0	325434	1	24722
0	140766	1	24722
0	308646	1	24722
0	123978	1	24722
0	291858	1	24722
0	107190	1	24722
0	275070	1	24722
0	90402	1	24722
0	258282	2	24723
0	73614	2	24723
0	241494	2	24723
0	56826	2	24723
0	224706	2	24723
0	40038	2	24723
0	207918	2	24723
0	23250	2	24723
0	191130	2	24723
0	6462	2	24723
0	174342	2	24723
0	342222	2	24723
0	157554	2	24723
0	325434	2	24723
0	140766	2	24723
0	308646	2	24723
0	123978	2	24723
0	291858	2	24723
0	107190	2	24723
0	275070	2	24723
0	90402	2	24723
0	258918	1	24778
0	74250	1	24778
0	242130	1	24778
0	57462	1	24778
0	225342	1	24778
0	40674	1	24778
0	208554	1	24778
0	23886	1	24778
0	191766	1	24778
0	7098	1	24778
0	174978	1	24778
0	342858	1	24778
0	158190	1	24778
0	326070	1	24778
0	141402	1	24778
0	309282	1	24778
0	124614	1	24778
0	292494	1	24778
0	107826	1	24778
0	275706	1	24778
0	91038	1	24778
0	258918	2	24779
0	74250	2	24779
0	242130	2	24779
0	57462	2	24779
0	225342	2	24779
0	40674	2	24779
0	208554	2	24779
0	23886	2	24779
0	191766	2	24779
0	7098	2	24779
0	174978	2	24779
0	342858	2	24779
0	158190	2	24779
0	326070	2	24779
0	141402	2	24779
0	309282	2	24779
0	124614	2	24779
0	292494	2	24779
0	107826	2	24779
0	275706	2	24779
0	91038	2	24779
0	259020	2	24793
0	74352	2	24793
0	242232	2	24793
0	57564	2	24793
0	225444	2	24793
0	40776	2	24793
0	208656	2	24793
0	23988	2	24793
0	191868	2	24793
0	7200	2	24793
0	175080	2	24793
0	342960	2	24793
0	158292	2	24793
0	326172	2	24793
0	141504	2	24793
0	309384	2	24793
0	124716	2	24793
0	292596	2	24793
0	107928	2	24793
0	275808	2	24793
0	91140	2	24793
0	259214	1	24818
0	74546	1	24818
0	242426	1	24818
0	57758	1	24818
0	225638	1	24818
0	40970	1	24818
0	208850	1	24818
0	24182	1	24818
0	192062	1	24818
0	7394	1	24818
0	175274	1	24818
0	343154	1	24818
0	158486	1	24818
0	326366	1	24818
0	141698	1	24818
0	309578	1	24818
0	124910	1	24818
0	292790	1	24818
0	108122	1	24818
0	276002	1	24818
0	91334	1	24818
0	259214	2	24819
0	74546	2	24819
0	242426	2	24819
0	57758	2	24819
0	225638	2	24819
0	40970	2	24819
0	208850	2	24819
0	24182	2	24819
0	192062	2	24819
0	7394	2	24819
0	175274	2	24819
0	343154	2	24819
0	158486	2	24819
0	326366	2	24819
0	141698	2	24819
0	309578	2	24819
0	124910	2	24819
0	292790	2	24819
0	108122	2	24819
0	276002	2	24819
0	91334	2	24819
0	259252	2	24823
0	74584	2	24823
0	242464	2	24823
0	57796	2	24823
0	225676	2	24823
0	41008	2	24823
0	208888	2	24823
0	24220	2	24823
0	192100	2	24823
0	7432	2	24823
0	175312	2	24823
0	343192	2	24823
0	158524	2	24823
0	326404	2	24823
0	141736	2	24823
0	309616	2	24823
0	124948	2	24823
0	292828	2	24823
0	108160	2	24823
0	276040	2	24823
0	91372	2	24823
0	259441	2	24831
0	74773	2	24831
0	242653	2	24831
0	57985	2	24831
0	225865	2	24831
0	41197	2	24831
0	209077	2	24831
0	24409	2	24831
0	192289	2	24831
0	7621	2	24831
0	175501	2	24831
0	343381	2	24831
0	158713	2	24831
0	326593	2	24831
0	141925	2	24831
0	309805	2	24831
0	125137	2	24831
0	293017	2	24831
0	108349	2	24831
0	276229	2	24831
0	91561	2	24831
0	259495	2	24833
0	74827	2	24833
0	242707	2	24833
0	58039	2	24833
0	225919	2	24833
0	41251	2	24833
0	209131	2	24833
0	24463	2	24833
0	192343	2	24833
0	7675	2	24833
0	175555	2	24833
0	343435	2	24833
0	158767	2	24833
0	326647	2	24833
0	141979	2	24833
0	309859	2	24833
0	125191	2	24833
0	293071	2	24833
0	108403	2	24833
0	276283	2	24833
0	91615	2	24833
0	259604	2	24839
0	74936	2	24839
0	242816	2	24839
0	58148	2	24839
0	226028	2	24839
0	41360	2	24839
0	209240	2	24839
0	24572	2	24839
0	192452	2	24839
0	7784	2	24839
0	175664	2	24839
0	343544	2	24839
0	158876	2	24839
0	326756	2	24839
0	142088	2	24839
0	309968	2	24839
0	125300	2	24839
0	293180	2	24839
0	108512	2	24839
0	276392	2	24839
0	91724	2	24839
0	259781	2	24855
0	75113	2	24855
0	242993	2	24855
0	58325	2	24855
0	226205	2	24855
0	41537	2	24855
0	209417	2	24855
0	24749	2	24855
0	192629	2	24855
0	7961	2	24855
0	175841	2	24855
0	343721	2	24855
0	159053	2	24855
0	326933	2	24855
0	142265	2	24855
0	310145	2	24855
0	125477	2	24855
0	293357	2	24855
0	108689	2	24855
0	276569	2	24855
0	91901	2	24855
0	260094	2	24877
0	75426	2	24877
0	243306	2	24877
0	58638	2	24877
0	226518	2	24877
0	41850	2	24877
0	209730	2	24877
0	25062	2	24877
0	192942	2	24877
0	8274	2	24877
0	176154	2	24877
0	344034	2	24877
0	159366	2	24877
0	327246	2	24877
0	142578	2	24877
0	310458	2	24877
0	125790	2	24877
0	293670	2	24877
0	109002	2	24877
0	276882	2	24877
0	92214	2	24877
0	260884	2	24955
0	76216	2	24955
0	244096	2	24955
0	59428	2	24955
0	227308	2	24955
0	42640	2	24955
0	210520	2	24955
0	25852	2	24955
0	193732	2	24955
0	9064	2	24955
0	176944	2	24955
0	344824	2	24955
0	160156	2	24955
0	328036	2	24955
0	143368	2	24955
0	311248	2	24955
0	126580	2	24955
0	294460	2	24955
0	109792	2	24955
0	277672	2	24955
0	93004	2	24955
0	260885	2	24957
0	76217	2	24957
0	244097	2	24957
0	59429	2	24957
0	227309	2	24957
0	42641	2	24957
0	210521	2	24957
0	25853	2	24957
0	193733	2	24957
0	9065	2	24957
0	176945	2	24957
0	344825	2	24957
0	160157	2	24957
0	328037	2	24957
0	143369	2	24957
0	311249	2	24957
0	126581	2	24957
0	294461	2	24957
0	109793	2	24957
0	277673	2	24957
0	93005	2	24957
0	260911	2	24959
0	76243	2	24959
0	244123	2	24959
0	59455	2	24959
0	227335	2	24959
0	42667	2	24959
0	210547	2	24959
0	25879	2	24959
0	193759	2	24959
0	9091	2	24959
0	176971	2	24959
0	344851	2	24959
0	160183	2	24959
0	328063	2	24959
0	143395	2	24959
0	311275	2	24959
0	126607	2	24959
0	294487	2	24959
0	109819	2	24959
0	277699	2	24959
0	93031	2	24959
0	261359	2	24999
0	76691	2	24999
0	244571	2	24999
0	59903	2	24999
0	227783	2	24999
0	43115	2	24999
0	210995	2	24999
0	26327	2	24999
0	194207	2	24999
0	9539	2	24999
0	177419	2	24999
0	345299	2	24999
0	160631	2	24999
0	328511	2	24999
0	143843	2	24999
0	311723	2	24999
0	127055	2	24999
0	294935	2	24999
0	110267	2	24999
0	278147	2	24999
0	93479	2	24999
0	261360	1	25000
0	76692	1	25000
0	244572	1	25000
0	59904	1	25000
0	227784	1	25000
0	43116	1	25000
0	210996	1	25000
0	26328	1	25000
0	194208	1	25000
0	9540	1	25000
0	177420	1	25000
0	345300	1	25000
0	160632	1	25000
0	328512	1	25000
0	143844	1	25000
0	311724	1	25000
0	127056	1	25000
0	294936	1	25000
0	110268	1	25000
0	278148	1	25000
0	93480	1	25000
0	261548	2	25015
0	76880	2	25015
0	244760	2	25015
0	60092	2	25015
0	227972	2	25015
0	43304	2	25015
0	211184	2	25015
0	26516	2	25015
0	194396	2	25015
0	9728	2	25015
0	177608	2	25015
0	345488	2	25015
0	160820	2	25015
0	328700	2	25015
0	144032	2	25015
0	311912	2	25015
0	127244	2	25015
0	295124	2	25015
0	110456	2	25015
0	278336	2	25015
0	93668	2	25015
0	261812	2	25039
0	77144	2	25039
0	245024	2	25039
0	60356	2	25039
0	228236	2	25039
0	43568	2	25039
0	211448	2	25039
0	26780	2	25039
0	194660	2	25039
0	9992	2	25039
0	177872	2	25039
0	345752	2	25039
0	161084	2	25039
0	328964	2	25039
0	144296	2	25039
0	312176	2	25039
0	127508	2	25039
0	295388	2	25039
0	110720	2	25039
0	278600	2	25039
0	93932	2	25039
0	262337	2	25087
0	77669	2	25087
0	245549	2	25087
0	60881	2	25087
0	228761	2	25087
0	44093	2	25087
0	211973	2	25087
0	27305	2	25087
0	195185	2	25087
0	10517	2	25087
0	178397	2	25087
0	346277	2	25087
0	161609	2	25087
0	329489	2	25087
0	144821	2	25087
0	312701	2	25087
0	128033	2	25087
0	295913	2	25087
0	111245	2	25087
0	279125	2	25087
0	94457	2	25087
0	262503	2	25099
0	77835	2	25099
0	245715	2	25099
0	61047	2	25099
0	228927	2	25099
0	44259	2	25099
0	212139	2	25099
0	27471	2	25099
0	195351	2	25099
0	10683	2	25099
0	178563	2	25099
0	346443	2	25099
0	161775	2	25099
0	329655	2	25099
0	144987	2	25099
0	312867	2	25099
0	128199	2	25099
0	296079	2	25099
0	111411	2	25099
0	279291	2	25099
0	94623	2	25099
0	262525	2	25101
0	77857	2	25101
0	245737	2	25101
0	61069	2	25101
0	228949	2	25101
0	44281	2	25101
0	212161	2	25101
0	27493	2	25101
0	195373	2	25101
0	10705	2	25101
0	178585	2	25101
0	346465	2	25101
0	161797	2	25101
0	329677	2	25101
0	145009	2	25101
0	312889	2	25101
0	128221	2	25101
0	296101	2	25101
0	111433	2	25101
0	279313	2	25101
0	94645	2	25101
0	262802	2	25123
0	78134	2	25123
0	246014	2	25123
0	61346	2	25123
0	229226	2	25123
0	44558	2	25123
0	212438	2	25123
0	27770	2	25123
0	195650	2	25123
0	10982	2	25123
0	178862	2	25123
0	346742	2	25123
0	162074	2	25123
0	329954	2	25123
0	145286	2	25123
0	313166	2	25123
0	128498	2	25123
0	296378	2	25123
0	111710	2	25123
0	279590	2	25123
0	94922	2	25123
0	263939	2	25213
0	79271	2	25213
0	247151	2	25213
0	62483	2	25213
0	230363	2	25213
0	45695	2	25213
0	213575	2	25213
0	28907	2	25213
0	196787	2	25213
0	12119	2	25213
0	179999	2	25213
0	347879	2	25213
0	163211	2	25213
0	331091	2	25213
0	146423	2	25213
0	314303	2	25213
0	129635	2	25213
0	297515	2	25213
0	112847	2	25213
0	280727	2	25213
0	96059	2	25213
0	264328	2	25243
0	79660	2	25243
0	247540	2	25243
0	62872	2	25243
0	230752	2	25243
0	46084	2	25243
0	213964	2	25243
0	29296	2	25243
0	197176	2	25243
0	12508	2	25243
0	180388	2	25243
0	348268	2	25243
0	163600	2	25243
0	331480	2	25243
0	146812	2	25243
0	314692	2	25243
0	130024	2	25243
0	297904	2	25243
0	113236	2	25243
0	281116	2	25243
0	96448	2	25243
0	264475	2	25255
0	79807	2	25255
0	247687	2	25255
0	63019	2	25255
0	230899	2	25255
0	46231	2	25255
0	214111	2	25255
0	29443	2	25255
0	197323	2	25255
0	12655	2	25255
0	180535	2	25255
0	348415	2	25255
0	163747	2	25255
0	331627	2	25255
0	146959	2	25255
0	314839	2	25255
0	130171	2	25255
0	298051	2	25255
0	113383	2	25255
0	281263	2	25255
0	96595	2	25255
0	264903	2	25287
0	80235	2	25287
0	248115	2	25287
0	63447	2	25287
0	231327	2	25287
0	46659	2	25287
0	214539	2	25287
0	29871	2	25287
0	197751	2	25287
0	13083	2	25287
0	180963	2	25287
0	348843	2	25287
0	164175	2	25287
0	332055	2	25287
0	147387	2	25287
0	315267	2	25287
0	130599	2	25287
0	298479	2	25287
0	113811	2	25287
0	281691	2	25287
0	97023	2	25287
0	265536	2	25349
0	80868	2	25349
0	248748	2	25349
0	64080	2	25349
0	231960	2	25349
0	47292	2	25349
0	215172	2	25349
0	30504	2	25349
0	198384	2	25349
0	13716	2	25349
0	181596	2	25349
0	349476	2	25349
0	164808	2	25349
0	332688	2	25349
0	148020	2	25349
0	315900	2	25349
0	131232	2	25349
0	299112	2	25349
0	114444	2	25349
0	282324	2	25349
0	97656	2	25349
0	265913	2	25373
0	81245	2	25373
0	249125	2	25373
0	64457	2	25373
0	232337	2	25373
0	47669	2	25373
0	215549	2	25373
0	30881	2	25373
0	198761	2	25373
0	14093	2	25373
0	181973	2	25373
0	349853	2	25373
0	165185	2	25373
0	333065	2	25373
0	148397	2	25373
0	316277	2	25373
0	131609	2	25373
0	299489	2	25373
0	114821	2	25373
0	282701	2	25373
0	98033	2	25373
0	267015	2	25485
0	82347	2	25485
0	250227	2	25485
0	65559	2	25485
0	233439	2	25485
0	48771	2	25485
0	216651	2	25485
0	31983	2	25485
0	199863	2	25485
0	15195	2	25485
0	183075	2	25485
0	350955	2	25485
0	166287	2	25485
0	334167	2	25485
0	149499	2	25485
0	317379	2	25485
0	132711	2	25485
0	300591	2	25485
0	115923	2	25485
0	283803	2	25485
0	99135	2	25485
0	267034	2	25487
0	82366	2	25487
0	250246	2	25487
0	65578	2	25487
0	233458	2	25487
0	48790	2	25487
0	216670	2	25487
0	32002	2	25487
0	199882	2	25487
0	15214	2	25487
0	183094	2	25487
0	350974	2	25487
0	166306	2	25487
0	334186	2	25487
0	149518	2	25487
0	317398	2	25487
0	132730	2	25487
0	300610	2	25487
0	115942	2	25487
0	283822	2	25487
0	99154	2	25487
0	267611	1	25514
0	82943	1	25514
0	250823	1	25514
0	66155	1	25514
0	234035	1	25514
0	49367	1	25514
0	217247	1	25514
0	32579	1	25514
0	200459	1	25514
0	15791	1	25514
0	183671	1	25514
0	351551	1	25514
0	166883	1	25514
0	334763	1	25514
0	150095	1	25514
0	317975	1	25514
0	133307	1	25514
0	301187	1	25514
0	116519	1	25514
0	284399	1	25514
0	99731	1	25514
0	267728	1	25522
0	83060	1	25522
0	250940	1	25522
0	66272	1	25522
0	234152	1	25522
0	49484	1	25522
0	217364	1	25522
0	32696	1	25522
0	200576	1	25522
0	15908	1	25522
0	183788	1	25522
0	351668	1	25522
0	167000	1	25522
0	334880	1	25522
0	150212	1	25522
0	318092	1	25522
0	133424	1	25522
0	301304	1	25522
0	116636	1	25522
0	284516	1	25522
0	99848	1	25522
0	268035	2	25557
0	83367	2	25557
0	251247	2	25557
0	66579	2	25557
0	234459	2	25557
0	49791	2	25557
0	217671	2	25557
0	33003	2	25557
0	200883	2	25557
0	16215	2	25557
0	184095	2	25557
0	351975	2	25557
0	167307	2	25557
0	335187	2	25557
0	150519	2	25557
0	318399	2	25557
0	133731	2	25557
0	301611	2	25557
0	116943	2	25557
0	284823	2	25557
0	100155	2	25557
0	268112	2	25569
0	83444	2	25569
0	251324	2	25569
0	66656	2	25569
0	234536	2	25569
0	49868	2	25569
0	217748	2	25569
0	33080	2	25569
0	200960	2	25569
0	16292	2	25569
0	184172	2	25569
0	352052	2	25569
0	167384	2	25569
0	335264	2	25569
0	150596	2	25569
0	318476	2	25569
0	133808	2	25569
0	301688	2	25569
0	117020	2	25569
0	284900	2	25569
0	100232	2	25569
0	268996	2	25627
0	84328	2	25627
0	252208	2	25627
0	67540	2	25627
0	235420	2	25627
0	50752	2	25627
0	218632	2	25627
0	33964	2	25627
0	201844	2	25627
0	17176	2	25627
0	185056	2	25627
0	388	2	25627
0	168268	2	25627
0	336148	2	25627
0	151480	2	25627
0	319360	2	25627
0	134692	2	25627
0	302572	2	25627
0	117904	2	25627
0	285784	2	25627
0	101116	2	25627
0	269011	2	25631
0	84343	2	25631
0	252223	2	25631
0	67555	2	25631
0	235435	2	25631
0	50767	2	25631
0	218647	2	25631
0	33979	2	25631
0	201859	2	25631
0	17191	2	25631
0	185071	2	25631
0	403	2	25631
0	168283	2	25631
0	336163	2	25631
0	151495	2	25631
0	319375	2	25631
0	134707	2	25631
0	302587	2	25631
0	117919	2	25631
0	285799	2	25631
0	101131	2	25631
0	269131	1	25640
0	84463	1	25640
0	252343	1	25640
0	67675	1	25640
0	235555	1	25640
0	50887	1	25640
0	218767	1	25640
0	34099	1	25640
0	201979	1	25640
0	17311	1	25640
0	185191	1	25640
0	523	1	25640
0	168403	1	25640
0	336283	1	25640
0	151615	1	25640
0	319495	1	25640
0	134827	1	25640
0	302707	1	25640
0	118039	1	25640
0	285919	1	25640
0	101251	1	25640
0	269131	2	25641
0	84463	2	25641
0	252343	2	25641
0	67675	2	25641
0	235555	2	25641
0	50887	2	25641
0	218767	2	25641
0	34099	2	25641
0	201979	2	25641
0	17311	2	25641
0	185191	2	25641
0	523	2	25641
0	168403	2	25641
0	336283	2	25641
0	151615	2	25641
0	319495	2	25641
0	134827	2	25641
0	302707	2	25641
0	118039	2	25641
0	285919	2	25641
0	101251	2	25641
0	269144	2	25643
0	84476	2	25643
0	252356	2	25643
0	67688	2	25643
0	235568	2	25643
0	50900	2	25643
0	218780	2	25643
0	34112	2	25643
0	201992	2	25643
0	17324	2	25643
0	185204	2	25643
0	536	2	25643
0	168416	2	25643
0	336296	2	25643
0	151628	2	25643
0	319508	2	25643
0	134840	2	25643
0	302720	2	25643
0	118052	2	25643
0	285932	2	25643
0	101264	2	25643
0	269362	2	25669
0	84694	2	25669
0	252574	2	25669
0	67906	2	25669
0	235786	2	25669
0	51118	2	25669
0	218998	2	25669
0	34330	2	25669
0	202210	2	25669
0	17542	2	25669
0	185422	2	25669
0	754	2	25669
0	168634	2	25669
0	336514	2	25669
0	151846	2	25669
0	319726	2	25669
0	135058	2	25669
0	302938	2	25669
0	118270	2	25669
0	286150	2	25669
0	101482	2	25669
0	269632	2	25683
0	84964	2	25683
0	252844	2	25683
0	68176	2	25683
0	236056	2	25683
0	51388	2	25683
0	219268	2	25683
0	34600	2	25683
0	202480	2	25683
0	17812	2	25683
0	185692	2	25683
0	1024	2	25683
0	168904	2	25683
0	336784	2	25683
0	152116	2	25683
0	319996	2	25683
0	135328	2	25683
0	303208	2	25683
0	118540	2	25683
0	286420	2	25683
0	101752	2	25683
0	270273	2	25731
0	85605	2	25731
0	253485	2	25731
0	68817	2	25731
0	236697	2	25731
0	52029	2	25731
0	219909	2	25731
0	35241	2	25731
0	203121	2	25731
0	18453	2	25731
0	186333	2	25731
0	1665	2	25731
0	169545	2	25731
0	337425	2	25731
0	152757	2	25731
0	320637	2	25731
0	135969	2	25731
0	303849	2	25731
0	119181	2	25731
0	287061	2	25731
0	102393	2	25731
0	270888	2	25791
0	86220	2	25791
0	254100	2	25791
0	69432	2	25791
0	237312	2	25791
0	52644	2	25791
0	220524	2	25791
0	35856	2	25791
0	203736	2	25791
0	19068	2	25791
0	186948	2	25791
0	2280	2	25791
0	170160	2	25791
0	338040	2	25791
0	153372	2	25791
0	321252	2	25791
0	136584	2	25791
0	304464	2	25791
0	119796	2	25791
0	287676	2	25791
0	103008	2	25791
0	270889	1	25792
0	86221	1	25792
0	254101	1	25792
0	69433	1	25792
0	237313	1	25792
0	52645	1	25792
0	220525	1	25792
0	35857	1	25792
0	203737	1	25792
0	19069	1	25792
0	186949	1	25792
0	2281	1	25792
0	170161	1	25792
0	338041	1	25792
0	153373	1	25792
0	321253	1	25792
0	136585	1	25792
0	304465	1	25792
0	119797	1	25792
0	287677	1	25792
0	103009	1	25792
0	271060	1	25806
0	86392	1	25806
0	254272	1	25806
0	69604	1	25806
0	237484	1	25806
0	52816	1	25806
0	220696	1	25806
0	36028	1	25806
0	203908	1	25806
0	19240	1	25806
0	187120	1	25806
0	2452	1	25806
0	170332	1	25806
0	338212	1	25806
0	153544	1	25806
0	321424	1	25806
0	136756	1	25806
0	304636	1	25806
0	119968	1	25806
0	287848	1	25806
0	103180	1	25806
0	271060	2	25807
0	86392	2	25807
0	254272	2	25807
0	69604	2	25807
0	237484	2	25807
0	52816	2	25807
0	220696	2	25807
0	36028	2	25807
0	203908	2	25807
0	19240	2	25807
0	187120	2	25807
0	2452	2	25807
0	170332	2	25807
0	338212	2	25807
0	153544	2	25807
0	321424	2	25807
0	136756	2	25807
0	304636	2	25807
0	119968	2	25807
0	287848	2	25807
0	103180	2	25807
0	271061	2	25809
0	86393	2	25809
0	254273	2	25809
0	69605	2	25809
0	237485	2	25809
0	52817	2	25809
0	220697	2	25809
0	36029	2	25809
0	203909	2	25809
0	19241	2	25809
0	187121	2	25809
0	2453	2	25809
0	170333	2	25809
0	338213	2	25809
0	153545	2	25809
0	321425	2	25809
0	136757	2	25809
0	304637	2	25809
0	119969	2	25809
0	287849	2	25809
0	103181	2	25809
0	272020	2	25885
0	87352	2	25885
0	255232	2	25885
0	70564	2	25885
0	238444	2	25885
0	53776	2	25885
0	221656	2	25885
0	36988	2	25885
0	204868	2	25885
0	20200	2	25885
0	188080	2	25885
0	3412	2	25885
0	171292	2	25885
0	339172	2	25885
0	154504	2	25885
0	322384	2	25885
0	137716	2	25885
0	305596	2	25885
0	120928	2	25885
0	288808	2	25885
0	104140	2	25885
0	272136	2	25891
0	87468	2	25891
0	255348	2	25891
0	70680	2	25891
0	238560	2	25891
0	53892	2	25891
0	221772	2	25891
0	37104	2	25891
0	204984	2	25891
0	20316	2	25891
0	188196	2	25891
0	3528	2	25891
0	171408	2	25891
0	339288	2	25891
0	154620	2	25891
0	322500	2	25891
0	137832	2	25891
0	305712	2	25891
0	121044	2	25891
0	288924	2	25891
0	104256	2	25891
0	272384	2	25913
0	87716	2	25913
0	255596	2	25913
0	70928	2	25913
0	238808	2	25913
0	54140	2	25913
0	222020	2	25913
0	37352	2	25913
0	205232	2	25913
0	20564	2	25913
0	188444	2	25913
0	3776	2	25913
0	171656	2	25913
0	339536	2	25913
0	154868	2	25913
0	322748	2	25913
0	138080	2	25913
0	305960	2	25913
0	121292	2	25913
0	289172	2	25913
0	104504	2	25913
0	273134	1	25974
0	88466	1	25974
0	256346	1	25974
0	71678	1	25974
0	239558	1	25974
0	54890	1	25974
0	222770	1	25974
0	38102	1	25974
0	205982	1	25974
0	21314	1	25974
0	189194	1	25974
0	4526	1	25974
0	172406	1	25974
0	340286	1	25974
0	155618	1	25974
0	323498	1	25974
0	138830	1	25974
0	306710	1	25974
0	122042	1	25974
0	289922	1	25974
0	105254	1	25974
0	273352	2	25981
0	88684	2	25981
0	256564	2	25981
0	71896	2	25981
0	239776	2	25981
0	55108	2	25981
0	222988	2	25981
0	38320	2	25981
0	206200	2	25981
0	21532	2	25981
0	189412	2	25981
0	4744	2	25981
0	172624	2	25981
0	340504	2	25981
0	155836	2	25981
0	323716	2	25981
0	139048	2	25981
0	306928	2	25981
0	122260	2	25981
0	290140	2	25981
0	105472	2	25981
0	273458	2	25987
0	88790	2	25987
0	256670	2	25987
0	72002	2	25987
0	239882	2	25987
0	55214	2	25987
0	223094	2	25987
0	38426	2	25987
0	206306	2	25987
0	21638	2	25987
0	189518	2	25987
0	4850	2	25987
0	172730	2	25987
0	340610	2	25987
0	155942	2	25987
0	323822	2	25987
0	139154	2	25987
0	307034	2	25987
0	122366	2	25987
0	290246	2	25987
0	105578	2	25987
0	274174	2	26071
0	89506	2	26071
0	257386	2	26071
0	72718	2	26071
0	240598	2	26071
0	55930	2	26071
0	223810	2	26071
0	39142	2	26071
0	207022	2	26071
0	22354	2	26071
0	190234	2	26071
0	5566	2	26071
0	173446	2	26071
0	341326	2	26071
0	156658	2	26071
0	324538	2	26071
0	139870	2	26071
0	307750	2	26071
0	123082	2	26071
0	290962	2	26071
0	106294	2	26071
0	274236	2	26075
0	89568	2	26075
0	257448	2	26075
0	72780	2	26075
0	240660	2	26075
0	55992	2	26075
0	223872	2	26075
0	39204	2	26075
0	207084	2	26075
0	22416	2	26075
0	190296	2	26075
0	5628	2	26075
0	173508	2	26075
0	341388	2	26075
0	156720	2	26075
0	324600	2	26075
0	139932	2	26075
0	307812	2	26075
0	123144	2	26075
0	291024	2	26075
0	106356	2	26075
0	274237	1	26076
0	89569	1	26076
0	257449	1	26076
0	72781	1	26076
0	240661	1	26076
0	55993	1	26076
0	223873	1	26076
0	39205	1	26076
0	207085	1	26076
0	22417	1	26076
0	190297	1	26076
0	5629	1	26076
0	173509	1	26076
0	341389	1	26076
0	156721	1	26076
0	324601	1	26076
0	139933	1	26076
0	307813	1	26076
0	123145	1	26076
0	291025	1	26076
0	106357	1	26076
0	274237	2	26077
0	89569	2	26077
0	257449	2	26077
0	72781	2	26077
0	240661	2	26077
0	55993	2	26077
0	223873	2	26077
0	39205	2	26077
0	207085	2	26077
0	22417	2	26077
0	190297	2	26077
0	5629	2	26077
0	173509	2	26077
0	341389	2	26077
0	156721	2	26077
0	324601	2	26077
0	139933	2	26077
0	307813	2	26077
0	123145	2	26077
0	291025	2	26077
0	106357	2	26077
0	274573	2	26101
0	89905	2	26101
0	257785	2	26101
0	73117	2	26101
0	240997	2	26101
0	56329	2	26101
0	224209	2	26101
0	39541	2	26101
0	207421	2	26101
0	22753	2	26101
0	190633	2	26101
0	5965	2	26101
0	173845	2	26101
0	341725	2	26101
0	157057	2	26101
0	324937	2	26101
0	140269	2	26101
0	308149	2	26101
0	123481	2	26101
0	291361	2	26101
0	106693	2	26101
0	274850	2	26125
0	90182	2	26125
0	258062	2	26125
0	73394	2	26125
0	241274	2	26125
0	56606	2	26125
0	224486	2	26125
0	39818	2	26125
0	207698	2	26125
0	23030	2	26125
0	190910	2	26125
0	6242	2	26125
0	174122	2	26125
0	342002	2	26125
0	157334	2	26125
0	325214	2	26125
0	140546	2	26125
0	308426	2	26125
0	123758	2	26125
0	291638	2	26125
0	106970	2	26125
0	274928	2	26133
0	90260	2	26133
0	258140	2	26133
0	73472	2	26133
0	241352	2	26133
0	56684	2	26133
0	224564	2	26133
0	39896	2	26133
0	207776	2	26133
0	23108	2	26133
0	190988	2	26133
0	6320	2	26133
0	174200	2	26133
0	342080	2	26133
0	157412	2	26133
0	325292	2	26133
0	140624	2	26133
0	308504	2	26133
0	123836	2	26133
0	291716	2	26133
0	107048	2	26133
0	275068	1	26142
0	90400	1	26142
0	258280	1	26142
0	73612	1	26142
0	241492	1	26142
0	56824	1	26142
0	224704	1	26142
0	40036	1	26142
0	207916	1	26142
0	23248	1	26142
0	191128	1	26142
0	6460	1	26142
0	174340	1	26142
0	342220	1	26142
0	157552	1	26142
0	325432	1	26142
0	140764	1	26142
0	308644	1	26142
0	123976	1	26142
0	291856	1	26142
0	107188	1	26142
0	275068	2	26143
0	90400	2	26143
0	258280	2	26143
0	73612	2	26143
0	241492	2	26143
0	56824	2	26143
0	224704	2	26143
0	40036	2	26143
0	207916	2	26143
0	23248	2	26143
0	191128	2	26143
0	6460	2	26143
0	174340	2	26143
0	342220	2	26143
0	157552	2	26143
0	325432	2	26143
0	140764	2	26143
0	308644	2	26143
0	123976	2	26143
0	291856	2	26143
0	107188	2	26143
0	275613	2	26183
0	90945	2	26183
0	258825	2	26183
0	74157	2	26183
0	242037	2	26183
0	57369	2	26183
0	225249	2	26183
0	40581	2	26183
0	208461	2	26183
0	23793	2	26183
0	191673	2	26183
0	7005	2	26183
0	174885	2	26183
0	342765	2	26183
0	158097	2	26183
0	325977	2	26183
0	141309	2	26183
0	309189	2	26183
0	124521	2	26183
0	292401	2	26183
0	107733	2	26183
0	275819	2	26213
0	91151	2	26213
0	259031	2	26213
0	74363	2	26213
0	242243	2	26213
0	57575	2	26213
0	225455	2	26213
0	40787	2	26213
0	208667	2	26213
0	23999	2	26213
0	191879	2	26213
0	7211	2	26213
0	175091	2	26213
0	342971	2	26213
0	158303	2	26213
0	326183	2	26213
0	141515	2	26213
0	309395	2	26213
0	124727	2	26213
0	292607	2	26213
0	107939	2	26213
0	276227	2	26245
0	91559	2	26245
0	259439	2	26245
0	74771	2	26245
0	242651	2	26245
0	57983	2	26245
0	225863	2	26245
0	41195	2	26245
0	209075	2	26245
0	24407	2	26245
0	192287	2	26245
0	7619	2	26245
0	175499	2	26245
0	343379	2	26245
0	158711	2	26245
0	326591	2	26245
0	141923	2	26245
0	309803	2	26245
0	125135	2	26245
0	293015	2	26245
0	108347	2	26245
0	276361	2	26273
0	91693	2	26273
0	259573	2	26273
0	74905	2	26273
0	242785	2	26273
0	58117	2	26273
0	225997	2	26273
0	41329	2	26273
0	209209	2	26273
0	24541	2	26273
0	192421	2	26273
0	7753	2	26273
0	175633	2	26273
0	343513	2	26273
0	158845	2	26273
0	326725	2	26273
0	142057	2	26273
0	309937	2	26273
0	125269	2	26273
0	293149	2	26273
0	108481	2	26273
0	276554	2	26299
0	91886	2	26299
0	259766	2	26299
0	75098	2	26299
0	242978	2	26299
0	58310	2	26299
0	226190	2	26299
0	41522	2	26299
0	209402	2	26299
0	24734	2	26299
0	192614	2	26299
0	7946	2	26299
0	175826	2	26299
0	343706	2	26299
0	159038	2	26299
0	326918	2	26299
0	142250	2	26299
0	310130	2	26299
0	125462	2	26299
0	293342	2	26299
0	108674	2	26299
0	277020	2	26345
0	92352	2	26345
0	260232	2	26345
0	75564	2	26345
0	243444	2	26345
0	58776	2	26345
0	226656	2	26345
0	41988	2	26345
0	209868	2	26345
0	25200	2	26345
0	193080	2	26345
0	8412	2	26345
0	176292	2	26345
0	344172	2	26345
0	159504	2	26345
0	327384	2	26345
0	142716	2	26345
0	310596	2	26345
0	125928	2	26345
0	293808	2	26345
0	109140	2	26345
0	277213	2	26373
0	92545	2	26373
0	260425	2	26373
0	75757	2	26373
0	243637	2	26373
0	58969	2	26373
0	226849	2	26373
0	42181	2	26373
0	210061	2	26373
0	25393	2	26373
0	193273	2	26373
0	8605	2	26373
0	176485	2	26373
0	344365	2	26373
0	159697	2	26373
0	327577	2	26373
0	142909	2	26373
0	310789	2	26373
0	126121	2	26373
0	294001	2	26373
0	109333	2	26373
0	277354	2	26385
0	92686	2	26385
0	260566	2	26385
0	75898	2	26385
0	243778	2	26385
0	59110	2	26385
0	226990	2	26385
0	42322	2	26385
0	210202	2	26385
0	25534	2	26385
0	193414	2	26385
0	8746	2	26385
0	176626	2	26385
0	344506	2	26385
0	159838	2	26385
0	327718	2	26385
0	143050	2	26385
0	310930	2	26385
0	126262	2	26385
0	294142	2	26385
0	109474	2	26385
0	277782	2	26433
0	93114	2	26433
0	260994	2	26433
0	76326	2	26433
0	244206	2	26433
0	59538	2	26433
0	227418	2	26433
0	42750	2	26433
0	210630	2	26433
0	25962	2	26433
0	193842	2	26433
0	9174	2	26433
0	177054	2	26433
0	344934	2	26433
0	160266	2	26433
0	328146	2	26433
0	143478	2	26433
0	311358	2	26433
0	126690	2	26433
0	294570	2	26433
0	109902	2	26433
0	277783	1	26434
0	93115	1	26434
0	260995	1	26434
0	76327	1	26434
0	244207	1	26434
0	59539	1	26434
0	227419	1	26434
0	42751	1	26434
0	210631	1	26434
0	25963	1	26434
0	193843	1	26434
0	9175	1	26434
0	177055	1	26434
0	344935	1	26434
0	160267	1	26434
0	328147	1	26434
0	143479	1	26434
0	311359	1	26434
0	126691	1	26434
0	294571	1	26434
0	109903	1	26434
0	277783	2	26435
0	93115	2	26435
0	260995	2	26435
0	76327	2	26435
0	244207	2	26435
0	59539	2	26435
0	227419	2	26435
0	42751	2	26435
0	210631	2	26435
0	25963	2	26435
0	193843	2	26435
0	9175	2	26435
0	177055	2	26435
0	344935	2	26435
0	160267	2	26435
0	328147	2	26435
0	143479	2	26435
0	311359	2	26435
0	126691	2	26435
0	294571	2	26435
0	109903	2	26435
0	278576	2	26507
0	93908	2	26507
0	261788	2	26507
0	77120	2	26507
0	245000	2	26507
0	60332	2	26507
0	228212	2	26507
0	43544	2	26507
0	211424	2	26507
0	26756	2	26507
0	194636	2	26507
0	9968	2	26507
0	177848	2	26507
0	345728	2	26507
0	161060	2	26507
0	328940	2	26507
0	144272	2	26507
0	312152	2	26507
0	127484	2	26507
0	295364	2	26507
0	110696	2	26507
0	278850	2	26533
0	94182	2	26533
0	262062	2	26533
0	77394	2	26533
0	245274	2	26533
0	60606	2	26533
0	228486	2	26533
0	43818	2	26533
0	211698	2	26533
0	27030	2	26533
0	194910	2	26533
0	10242	2	26533
0	178122	2	26533
0	346002	2	26533
0	161334	2	26533
0	329214	2	26533
0	144546	2	26533
0	312426	2	26533
0	127758	2	26533
0	295638	2	26533
0	110970	2	26533
0	279289	1	26570
0	94621	1	26570
0	262501	1	26570
0	77833	1	26570
0	245713	1	26570
0	61045	1	26570
0	228925	1	26570
0	44257	1	26570
0	212137	1	26570
0	27469	1	26570
0	195349	1	26570
0	10681	1	26570
0	178561	1	26570
0	346441	1	26570
0	161773	1	26570
0	329653	1	26570
0	144985	1	26570
0	312865	1	26570
0	128197	1	26570
0	296077	1	26570
0	111409	1	26570
0	279289	2	26571
0	94621	2	26571
0	262501	2	26571
0	77833	2	26571
0	245713	2	26571
0	61045	2	26571
0	228925	2	26571
0	44257	2	26571
0	212137	2	26571
0	27469	2	26571
0	195349	2	26571
0	10681	2	26571
0	178561	2	26571
0	346441	2	26571
0	161773	2	26571
0	329653	2	26571
0	144985	2	26571
0	312865	2	26571
0	128197	2	26571
0	296077	2	26571
0	111409	2	26571
0	279932	2	26619
0	95264	2	26619
0	263144	2	26619
0	78476	2	26619
0	246356	2	26619
0	61688	2	26619
0	229568	2	26619
0	44900	2	26619
0	212780	2	26619
0	28112	2	26619
0	195992	2	26619
0	11324	2	26619
0	179204	2	26619
0	347084	2	26619
0	162416	2	26619
0	330296	2	26619
0	145628	2	26619
0	313508	2	26619
0	128840	2	26619
0	296720	2	26619
0	112052	2	26619
0	280030	1	26626
0	95362	1	26626
0	263242	1	26626
0	78574	1	26626
0	246454	1	26626
0	61786	1	26626
0	229666	1	26626
0	44998	1	26626
0	212878	1	26626
0	28210	1	26626
0	196090	1	26626
0	11422	1	26626
0	179302	1	26626
0	347182	1	26626
0	162514	1	26626
0	330394	1	26626
0	145726	1	26626
0	313606	1	26626
0	128938	1	26626
0	296818	1	26626
0	112150	1	26626
0	280617	2	26673
0	95949	2	26673
0	263829	2	26673
0	79161	2	26673
0	247041	2	26673
0	62373	2	26673
0	230253	2	26673
0	45585	2	26673
0	213465	2	26673
0	28797	2	26673
0	196677	2	26673
0	12009	2	26673
0	179889	2	26673
0	347769	2	26673
0	163101	2	26673
0	330981	2	26673
0	146313	2	26673
0	314193	2	26673
0	129525	2	26673
0	297405	2	26673
0	112737	2	26673
0	280618	2	26675
0	95950	2	26675
0	263830	2	26675
0	79162	2	26675
0	247042	2	26675
0	62374	2	26675
0	230254	2	26675
0	45586	2	26675
0	213466	2	26675
0	28798	2	26675
0	196678	2	26675
0	12010	2	26675
0	179890	2	26675
0	347770	2	26675
0	163102	2	26675
0	330982	2	26675
0	146314	2	26675
0	314194	2	26675
0	129526	2	26675
0	297406	2	26675
0	112738	2	26675
0	281006	2	26715
0	96338	2	26715
0	264218	2	26715
0	79550	2	26715
0	247430	2	26715
0	62762	2	26715
0	230642	2	26715
0	45974	2	26715
0	213854	2	26715
0	29186	2	26715
0	197066	2	26715
0	12398	2	26715
0	180278	2	26715
0	348158	2	26715
0	163490	2	26715
0	331370	2	26715
0	146702	2	26715
0	314582	2	26715
0	129914	2	26715
0	297794	2	26715
0	113126	2	26715
0	281114	2	26741
0	96446	2	26741
0	264326	2	26741
0	79658	2	26741
0	247538	2	26741
0	62870	2	26741
0	230750	2	26741
0	46082	2	26741
0	213962	2	26741
0	29294	2	26741
0	197174	2	26741
0	12506	2	26741
0	180386	2	26741
0	348266	2	26741
0	163598	2	26741
0	331478	2	26741
0	146810	2	26741
0	314690	2	26741
0	130022	2	26741
0	297902	2	26741
0	113234	2	26741
0	281123	2	26743
0	96455	2	26743
0	264335	2	26743
0	79667	2	26743
0	247547	2	26743
0	62879	2	26743
0	230759	2	26743
0	46091	2	26743
0	213971	2	26743
0	29303	2	26743
0	197183	2	26743
0	12515	2	26743
0	180395	2	26743
0	348275	2	26743
0	163607	2	26743
0	331487	2	26743
0	146819	2	26743
0	314699	2	26743
0	130031	2	26743
0	297911	2	26743
0	113243	2	26743
0	281125	2	26747
0	96457	2	26747
0	264337	2	26747
0	79669	2	26747
0	247549	2	26747
0	62881	2	26747
0	230761	2	26747
0	46093	2	26747
0	213973	2	26747
0	29305	2	26747
0	197185	2	26747
0	12517	2	26747
0	180397	2	26747
0	348277	2	26747
0	163609	2	26747
0	331489	2	26747
0	146821	2	26747
0	314701	2	26747
0	130033	2	26747
0	297913	2	26747
0	113245	2	26747
0	281250	2	26771
0	96582	2	26771
0	264462	2	26771
0	79794	2	26771
0	247674	2	26771
0	63006	2	26771
0	230886	2	26771
0	46218	2	26771
0	214098	2	26771
0	29430	2	26771
0	197310	2	26771
0	12642	2	26771
0	180522	2	26771
0	348402	2	26771
0	163734	2	26771
0	331614	2	26771
0	146946	2	26771
0	314826	2	26771
0	130158	2	26771
0	298038	2	26771
0	113370	2	26771
0	281363	2	26779
0	96695	2	26779
0	264575	2	26779
0	79907	2	26779
0	247787	2	26779
0	63119	2	26779
0	230999	2	26779
0	46331	2	26779
0	214211	2	26779
0	29543	2	26779
0	197423	2	26779
0	12755	2	26779
0	180635	2	26779
0	348515	2	26779
0	163847	2	26779
0	331727	2	26779
0	147059	2	26779
0	314939	2	26779
0	130271	2	26779
0	298151	2	26779
0	113483	2	26779
0	281977	2	26827
0	97309	2	26827
0	265189	2	26827
0	80521	2	26827
0	248401	2	26827
0	63733	2	26827
0	231613	2	26827
0	46945	2	26827
0	214825	2	26827
0	30157	2	26827
0	198037	2	26827
0	13369	2	26827
0	181249	2	26827
0	349129	2	26827
0	164461	2	26827
0	332341	2	26827
0	147673	2	26827
0	315553	2	26827
0	130885	2	26827
0	298765	2	26827
0	114097	2	26827
0	282089	2	26839
0	97421	2	26839
0	265301	2	26839
0	80633	2	26839
0	248513	2	26839
0	63845	2	26839
0	231725	2	26839
0	47057	2	26839
0	214937	2	26839
0	30269	2	26839
0	198149	2	26839
0	13481	2	26839
0	181361	2	26839
0	349241	2	26839
0	164573	2	26839
0	332453	2	26839
0	147785	2	26839
0	315665	2	26839
0	130997	2	26839
0	298877	2	26839
0	114209	2	26839
0	282322	1	26854
0	97654	1	26854
0	265534	1	26854
0	80866	1	26854
0	248746	1	26854
0	64078	1	26854
0	231958	1	26854
0	47290	1	26854
0	215170	1	26854
0	30502	1	26854
0	198382	1	26854
0	13714	1	26854
0	181594	1	26854
0	349474	1	26854
0	164806	1	26854
0	332686	1	26854
0	148018	1	26854
0	315898	1	26854
0	131230	1	26854
0	299110	1	26854
0	114442	1	26854
0	282322	2	26855
0	97654	2	26855
0	265534	2	26855
0	80866	2	26855
0	248746	2	26855
0	64078	2	26855
0	231958	2	26855
0	47290	2	26855
0	215170	2	26855
0	30502	2	26855
0	198382	2	26855
0	13714	2	26855
0	181594	2	26855
0	349474	2	26855
0	164806	2	26855
0	332686	2	26855
0	148018	2	26855
0	315898	2	26855
0	131230	2	26855
0	299110	2	26855
0	114442	2	26855
0	282859	2	26905
0	98191	2	26905
0	266071	2	26905
0	81403	2	26905
0	249283	2	26905
0	64615	2	26905
0	232495	2	26905
0	47827	2	26905
0	215707	2	26905
0	31039	2	26905
0	198919	2	26905
0	14251	2	26905
0	182131	2	26905
0	350011	2	26905
0	165343	2	26905
0	333223	2	26905
0	148555	2	26905
0	316435	2	26905
0	131767	2	26905
0	299647	2	26905
0	114979	2	26905
0	282955	2	26915
0	98287	2	26915
0	266167	2	26915
0	81499	2	26915
0	249379	2	26915
0	64711	2	26915
0	232591	2	26915
0	47923	2	26915
0	215803	2	26915
0	31135	2	26915
0	199015	2	26915
0	14347	2	26915
0	182227	2	26915
0	350107	2	26915
0	165439	2	26915
0	333319	2	26915
0	148651	2	26915
0	316531	2	26915
0	131863	2	26915
0	299743	2	26915
0	115075	2	26915
0	282956	1	26916
0	98288	1	26916
0	266168	1	26916
0	81500	1	26916
0	249380	1	26916
0	64712	1	26916
0	232592	1	26916
0	47924	1	26916
0	215804	1	26916
0	31136	1	26916
0	199016	1	26916
0	14348	1	26916
0	182228	1	26916
0	350108	1	26916
0	165440	1	26916
0	333320	1	26916
0	148652	1	26916
0	316532	1	26916
0	131864	1	26916
0	299744	1	26916
0	115076	1	26916
0	282956	2	26917
0	98288	2	26917
0	266168	2	26917
0	81500	2	26917
0	249380	2	26917
0	64712	2	26917
0	232592	2	26917
0	47924	2	26917
0	215804	2	26917
0	31136	2	26917
0	199016	2	26917
0	14348	2	26917
0	182228	2	26917
0	350108	2	26917
0	165440	2	26917
0	333320	2	26917
0	148652	2	26917
0	316532	2	26917
0	131864	2	26917
0	299744	2	26917
0	115076	2	26917
0	282957	2	26919
0	98289	2	26919
0	266169	2	26919
0	81501	2	26919
0	249381	2	26919
0	64713	2	26919
0	232593	2	26919
0	47925	2	26919
0	215805	2	26919
0	31137	2	26919
0	199017	2	26919
0	14349	2	26919
0	182229	2	26919
0	350109	2	26919
0	165441	2	26919
0	333321	2	26919
0	148653	2	26919
0	316533	2	26919
0	131865	2	26919
0	299745	2	26919
0	115077	2	26919
0	282958	1	26920
0	98290	1	26920
0	266170	1	26920
0	81502	1	26920
0	249382	1	26920
0	64714	1	26920
0	232594	1	26920
0	47926	1	26920
0	215806	1	26920
0	31138	1	26920
0	199018	1	26920
0	14350	1	26920
0	182230	1	26920
0	350110	1	26920
0	165442	1	26920
0	333322	1	26920
0	148654	1	26920
0	316534	1	26920
0	131866	1	26920
0	299746	1	26920
0	115078	1	26920
0	282958	2	26921
0	98290	2	26921
0	266170	2	26921
0	81502	2	26921
0	249382	2	26921
0	64714	2	26921
0	232594	2	26921
0	47926	2	26921
0	215806	2	26921
0	31138	2	26921
0	199018	2	26921
0	14350	2	26921
0	182230	2	26921
0	350110	2	26921
0	165442	2	26921
0	333322	2	26921
0	148654	2	26921
0	316534	2	26921
0	131866	2	26921
0	299746	2	26921
0	115078	2	26921
0	283015	2	26927
0	98347	2	26927
0	266227	2	26927
0	81559	2	26927
0	249439	2	26927
0	64771	2	26927
0	232651	2	26927
0	47983	2	26927
0	215863	2	26927
0	31195	2	26927
0	199075	2	26927
0	14407	2	26927
0	182287	2	26927
0	350167	2	26927
0	165499	2	26927
0	333379	2	26927
0	148711	2	26927
0	316591	2	26927
0	131923	2	26927
0	299803	2	26927
0	115135	2	26927
0	283042	2	26935
0	98374	2	26935
0	266254	2	26935
0	81586	2	26935
0	249466	2	26935
0	64798	2	26935
0	232678	2	26935
0	48010	2	26935
0	215890	2	26935
0	31222	2	26935
0	199102	2	26935
0	14434	2	26935
0	182314	2	26935
0	350194	2	26935
0	165526	2	26935
0	333406	2	26935
0	148738	2	26935
0	316618	2	26935
0	131950	2	26935
0	299830	2	26935
0	115162	2	26935
0	283043	1	26936
0	98375	1	26936
0	266255	1	26936
0	81587	1	26936
0	249467	1	26936
0	64799	1	26936
0	232679	1	26936
0	48011	1	26936
0	215891	1	26936
0	31223	1	26936
0	199103	1	26936
0	14435	1	26936
0	182315	1	26936
0	350195	1	26936
0	165527	1	26936
0	333407	1	26936
0	148739	1	26936
0	316619	1	26936
0	131951	1	26936
0	299831	1	26936
0	115163	1	26936
0	283043	2	26937
0	98375	2	26937
0	266255	2	26937
0	81587	2	26937
0	249467	2	26937
0	64799	2	26937
0	232679	2	26937
0	48011	2	26937
0	215891	2	26937
0	31223	2	26937
0	199103	2	26937
0	14435	2	26937
0	182315	2	26937
0	350195	2	26937
0	165527	2	26937
0	333407	2	26937
0	148739	2	26937
0	316619	2	26937
0	131951	2	26937
0	299831	2	26937
0	115163	2	26937
0	283801	2	26989
0	99133	2	26989
0	267013	2	26989
0	82345	2	26989
0	250225	2	26989
0	65557	2	26989
0	233437	2	26989
0	48769	2	26989
0	216649	2	26989
0	31981	2	26989
0	199861	2	26989
0	15193	2	26989
0	183073	2	26989
0	350953	2	26989
0	166285	2	26989
0	334165	2	26989
0	149497	2	26989
0	317377	2	26989
0	132709	2	26989
0	300589	2	26989
0	115921	2	26989
0	284279	1	27048
0	99611	1	27048
0	267491	1	27048
0	82823	1	27048
0	250703	1	27048
0	66035	1	27048
0	233915	1	27048
0	49247	1	27048
0	217127	1	27048
0	32459	1	27048
0	200339	1	27048
0	15671	1	27048
0	183551	1	27048
0	351431	1	27048
0	166763	1	27048
0	334643	1	27048
0	149975	1	27048
0	317855	1	27048
0	133187	1	27048
0	301067	1	27048
0	116399	1	27048
0	284325	2	27053
0	99657	2	27053
0	267537	2	27053
0	82869	2	27053
0	250749	2	27053
0	66081	2	27053
0	233961	2	27053
0	49293	2	27053
0	217173	2	27053
0	32505	2	27053
0	200385	2	27053
0	15717	2	27053
0	183597	2	27053
0	351477	2	27053
0	166809	2	27053
0	334689	2	27053
0	150021	2	27053
0	317901	2	27053
0	133233	2	27053
0	301113	2	27053
0	116445	2	27053
0	284514	2	27065
0	99846	2	27065
0	267726	2	27065
0	83058	2	27065
0	250938	2	27065
0	66270	2	27065
0	234150	2	27065
0	49482	2	27065
0	217362	2	27065
0	32694	2	27065
0	200574	2	27065
0	15906	2	27065
0	183786	2	27065
0	351666	2	27065
0	166998	2	27065
0	334878	2	27065
0	150210	2	27065
0	318090	2	27065
0	133422	2	27065
0	301302	2	27065
0	116634	2	27065
0	284527	2	27067
0	99859	2	27067
0	267739	2	27067
0	83071	2	27067
0	250951	2	27067
0	66283	2	27067
0	234163	2	27067
0	49495	2	27067
0	217375	2	27067
0	32707	2	27067
0	200587	2	27067
0	15919	2	27067
0	183799	2	27067
0	351679	2	27067
0	167011	2	27067
0	334891	2	27067
0	150223	2	27067
0	318103	2	27067
0	133435	2	27067
0	301315	2	27067
0	116647	2	27067
0	284645	1	27080
0	99977	1	27080
0	267857	1	27080
0	83189	1	27080
0	251069	1	27080
0	66401	1	27080
0	234281	1	27080
0	49613	1	27080
0	217493	1	27080
0	32825	1	27080
0	200705	1	27080
0	16037	1	27080
0	183917	1	27080
0	351797	1	27080
0	167129	1	27080
0	335009	1	27080
0	150341	1	27080
0	318221	1	27080
0	133553	1	27080
0	301433	1	27080
0	116765	1	27080
0	285160	2	27125
0	100492	2	27125
0	268372	2	27125
0	83704	2	27125
0	251584	2	27125
0	66916	2	27125
0	234796	2	27125
0	50128	2	27125
0	218008	2	27125
0	33340	2	27125
0	201220	2	27125
0	16552	2	27125
0	184432	2	27125
0	352312	2	27125
0	167644	2	27125
0	335524	2	27125
0	150856	2	27125
0	318736	2	27125
0	134068	2	27125
0	301948	2	27125
0	117280	2	27125
0	285404	1	27140
0	100736	1	27140
0	268616	1	27140
0	83948	1	27140
0	251828	1	27140
0	67160	1	27140
0	235040	1	27140
0	50372	1	27140
0	218252	1	27140
0	33584	1	27140
0	201464	1	27140
0	16796	1	27140
0	184676	1	27140
0	8	1	27140
0	167888	1	27140
0	335768	1	27140
0	151100	1	27140
0	318980	1	27140
0	134312	1	27140
0	302192	1	27140
0	117524	1	27140
0	285404	2	27141
0	100736	2	27141
0	268616	2	27141
0	83948	2	27141
0	251828	2	27141
0	67160	2	27141
0	235040	2	27141
0	50372	2	27141
0	218252	2	27141
0	33584	2	27141
0	201464	2	27141
0	16796	2	27141
0	184676	2	27141
0	8	2	27141
0	167888	2	27141
0	335768	2	27141
0	151100	2	27141
0	318980	2	27141
0	134312	2	27141
0	302192	2	27141
0	117524	2	27141
0	285855	1	27178
0	101187	1	27178
0	269067	1	27178
0	84399	1	27178
0	252279	1	27178
0	67611	1	27178
0	235491	1	27178
0	50823	1	27178
0	218703	1	27178
0	34035	1	27178
0	201915	1	27178
0	17247	1	27178
0	185127	1	27178
0	459	1	27178
0	168339	1	27178
0	336219	1	27178
0	151551	1	27178
0	319431	1	27178
0	134763	1	27178
0	302643	1	27178
0	117975	1	27178
0	285856	2	27181
0	101188	2	27181
0	269068	2	27181
0	84400	2	27181
0	252280	2	27181
0	67612	2	27181
0	235492	2	27181
0	50824	2	27181
0	218704	2	27181
0	34036	2	27181
0	201916	2	27181
0	17248	2	27181
0	185128	2	27181
0	460	2	27181
0	168340	2	27181
0	336220	2	27181
0	151552	2	27181
0	319432	2	27181
0	134764	2	27181
0	302644	2	27181
0	117976	2	27181
0	285857	2	27183
0	101189	2	27183
0	269069	2	27183
0	84401	2	27183
0	252281	2	27183
0	67613	2	27183
0	235493	2	27183
0	50825	2	27183
0	218705	2	27183
0	34037	2	27183
0	201917	2	27183
0	17249	2	27183
0	185129	2	27183
0	461	2	27183
0	168341	2	27183
0	336221	2	27183
0	151553	2	27183
0	319433	2	27183
0	134765	2	27183
0	302645	2	27183
0	117977	2	27183
0	286137	2	27201
0	101469	2	27201
0	269349	2	27201
0	84681	2	27201
0	252561	2	27201
0	67893	2	27201
0	235773	2	27201
0	51105	2	27201
0	218985	2	27201
0	34317	2	27201
0	202197	2	27201
0	17529	2	27201
0	185409	2	27201
0	741	2	27201
0	168621	2	27201
0	336501	2	27201
0	151833	2	27201
0	319713	2	27201
0	135045	2	27201
0	302925	2	27201
0	118257	2	27201
0	286197	2	27209
0	101529	2	27209
0	269409	2	27209
0	84741	2	27209
0	252621	2	27209
0	67953	2	27209
0	235833	2	27209
0	51165	2	27209
0	219045	2	27209
0	34377	2	27209
0	202257	2	27209
0	17589	2	27209
0	185469	2	27209
0	801	2	27209
0	168681	2	27209
0	336561	2	27209
0	151893	2	27209
0	319773	2	27209
0	135105	2	27209
0	302985	2	27209
0	118317	2	27209
0	287092	2	27297
0	102424	2	27297
0	270304	2	27297
0	85636	2	27297
0	253516	2	27297
0	68848	2	27297
0	236728	2	27297
0	52060	2	27297
0	219940	2	27297
0	35272	2	27297
0	203152	2	27297
0	18484	2	27297
0	186364	2	27297
0	1696	2	27297
0	169576	2	27297
0	337456	2	27297
0	152788	2	27297
0	320668	2	27297
0	136000	2	27297
0	303880	2	27297
0	119212	2	27297
0	287587	1	27328
0	102919	1	27328
0	270799	1	27328
0	86131	1	27328
0	254011	1	27328
0	69343	1	27328
0	237223	1	27328
0	52555	1	27328
0	220435	1	27328
0	35767	1	27328
0	203647	1	27328
0	18979	1	27328
0	186859	1	27328
0	2191	1	27328
0	170071	1	27328
0	337951	1	27328
0	153283	1	27328
0	321163	1	27328
0	136495	1	27328
0	304375	1	27328
0	119707	1	27328
0	287587	2	27329
0	102919	2	27329
0	270799	2	27329
0	86131	2	27329
0	254011	2	27329
0	69343	2	27329
0	237223	2	27329
0	52555	2	27329
0	220435	2	27329
0	35767	2	27329
0	203647	2	27329
0	18979	2	27329
0	186859	2	27329
0	2191	2	27329
0	170071	2	27329
0	337951	2	27329
0	153283	2	27329
0	321163	2	27329
0	136495	2	27329
0	304375	2	27329
0	119707	2	27329
0	287600	2	27335
0	102932	2	27335
0	270812	2	27335
0	86144	2	27335
0	254024	2	27335
0	69356	2	27335
0	237236	2	27335
0	52568	2	27335
0	220448	2	27335
0	35780	2	27335
0	203660	2	27335
0	18992	2	27335
0	186872	2	27335
0	2204	2	27335
0	170084	2	27335
0	337964	2	27335
0	153296	2	27335
0	321176	2	27335
0	136508	2	27335
0	304388	2	27335
0	119720	2	27335
0	287689	2	27349
0	103021	2	27349
0	270901	2	27349
0	86233	2	27349
0	254113	2	27349
0	69445	2	27349
0	237325	2	27349
0	52657	2	27349
0	220537	2	27349
0	35869	2	27349
0	203749	2	27349
0	19081	2	27349
0	186961	2	27349
0	2293	2	27349
0	170173	2	27349
0	338053	2	27349
0	153385	2	27349
0	321265	2	27349
0	136597	2	27349
0	304477	2	27349
0	119809	2	27349
0	287690	2	27351
0	103022	2	27351
0	270902	2	27351
0	86234	2	27351
0	254114	2	27351
0	69446	2	27351
0	237326	2	27351
0	52658	2	27351
0	220538	2	27351
0	35870	2	27351
0	203750	2	27351
0	19082	2	27351
0	186962	2	27351
0	2294	2	27351
0	170174	2	27351
0	338054	2	27351
0	153386	2	27351
0	321266	2	27351
0	136598	2	27351
0	304478	2	27351
0	119810	2	27351
0	287930	2	27373
0	103262	2	27373
0	271142	2	27373
0	86474	2	27373
0	254354	2	27373
0	69686	2	27373
0	237566	2	27373
0	52898	2	27373
0	220778	2	27373
0	36110	2	27373
0	203990	2	27373
0	19322	2	27373
0	187202	2	27373
0	2534	2	27373
0	170414	2	27373
0	338294	2	27373
0	153626	2	27373
0	321506	2	27373
0	136838	2	27373
0	304718	2	27373
0	120050	2	27373
0	287931	1	27374
0	103263	1	27374
0	271143	1	27374
0	86475	1	27374
0	254355	1	27374
0	69687	1	27374
0	237567	1	27374
0	52899	1	27374
0	220779	1	27374
0	36111	1	27374
0	203991	1	27374
0	19323	1	27374
0	187203	1	27374
0	2535	1	27374
0	170415	1	27374
0	338295	1	27374
0	153627	1	27374
0	321507	1	27374
0	136839	1	27374
0	304719	1	27374
0	120051	1	27374
0	287931	2	27375
0	103263	2	27375
0	271143	2	27375
0	86475	2	27375
0	254355	2	27375
0	69687	2	27375
0	237567	2	27375
0	52899	2	27375
0	220779	2	27375
0	36111	2	27375
0	203991	2	27375
0	19323	2	27375
0	187203	2	27375
0	2535	2	27375
0	170415	2	27375
0	338295	2	27375
0	153627	2	27375
0	321507	2	27375
0	136839	2	27375
0	304719	2	27375
0	120051	2	27375
0	287932	2	27377
0	103264	2	27377
0	271144	2	27377
0	86476	2	27377
0	254356	2	27377
0	69688	2	27377
0	237568	2	27377
0	52900	2	27377
0	220780	2	27377
0	36112	2	27377
0	203992	2	27377
0	19324	2	27377
0	187204	2	27377
0	2536	2	27377
0	170416	2	27377
0	338296	2	27377
0	153628	2	27377
0	321508	2	27377
0	136840	2	27377
0	304720	2	27377
0	120052	2	27377
0	288031	2	27383
0	103363	2	27383
0	271243	2	27383
0	86575	2	27383
0	254455	2	27383
0	69787	2	27383
0	237667	2	27383
0	52999	2	27383
0	220879	2	27383
0	36211	2	27383
0	204091	2	27383
0	19423	2	27383
0	187303	2	27383
0	2635	2	27383
0	170515	2	27383
0	338395	2	27383
0	153727	2	27383
0	321607	2	27383
0	136939	2	27383
0	304819	2	27383
0	120151	2	27383
0	288127	2	27391
0	103459	2	27391
0	271339	2	27391
0	86671	2	27391
0	254551	2	27391
0	69883	2	27391
0	237763	2	27391
0	53095	2	27391
0	220975	2	27391
0	36307	2	27391
0	204187	2	27391
0	19519	2	27391
0	187399	2	27391
0	2731	2	27391
0	170611	2	27391
0	338491	2	27391
0	153823	2	27391
0	321703	2	27391
0	137035	2	27391
0	304915	2	27391
0	120247	2	27391
0	288606	2	27449
0	103938	2	27449
0	271818	2	27449
0	87150	2	27449
0	255030	2	27449
0	70362	2	27449
0	238242	2	27449
0	53574	2	27449
0	221454	2	27449
0	36786	2	27449
0	204666	2	27449
0	19998	2	27449
0	187878	2	27449
0	3210	2	27449
0	171090	2	27449
0	338970	2	27449
0	154302	2	27449
0	322182	2	27449
0	137514	2	27449
0	305394	2	27449
0	120726	2	27449
0	288654	1	27450
0	103986	1	27450
0	271866	1	27450
0	87198	1	27450
0	255078	1	27450
0	70410	1	27450
0	238290	1	27450
0	53622	1	27450
0	221502	1	27450
0	36834	1	27450
0	204714	1	27450
0	20046	1	27450
0	187926	1	27450
0	3258	1	27450
0	171138	1	27450
0	339018	1	27450
0	154350	1	27450
0	322230	1	27450
0	137562	1	27450
0	305442	1	27450
0	120774	1	27450
0	288654	2	27451
0	103986	2	27451
0	271866	2	27451
0	87198	2	27451
0	255078	2	27451
0	70410	2	27451
0	238290	2	27451
0	53622	2	27451
0	221502	2	27451
0	36834	2	27451
0	204714	2	27451
0	20046	2	27451
0	187926	2	27451
0	3258	2	27451
0	171138	2	27451
0	339018	2	27451
0	154350	2	27451
0	322230	2	27451
0	137562	2	27451
0	305442	2	27451
0	120774	2	27451
0	290022	2	27577
0	105354	2	27577
0	273234	2	27577
0	88566	2	27577
0	256446	2	27577
0	71778	2	27577
0	239658	2	27577
0	54990	2	27577
0	222870	2	27577
0	38202	2	27577
0	206082	2	27577
0	21414	2	27577
0	189294	2	27577
0	4626	2	27577
0	172506	2	27577
0	340386	2	27577
0	155718	2	27577
0	323598	2	27577
0	138930	2	27577
0	306810	2	27577
0	122142	2	27577
0	290320	2	27603
0	105652	2	27603
0	273532	2	27603
0	88864	2	27603
0	256744	2	27603
0	72076	2	27603
0	239956	2	27603
0	55288	2	27603
0	223168	2	27603
0	38500	2	27603
0	206380	2	27603
0	21712	2	27603
0	189592	2	27603
0	4924	2	27603
0	172804	2	27603
0	340684	2	27603
0	156016	2	27603
0	323896	2	27603
0	139228	2	27603
0	307108	2	27603
0	122440	2	27603
0	290664	2	27633
0	105996	2	27633
0	273876	2	27633
0	89208	2	27633
0	257088	2	27633
0	72420	2	27633
0	240300	2	27633
0	55632	2	27633
0	223512	2	27633
0	38844	2	27633
0	206724	2	27633
0	22056	2	27633
0	189936	2	27633
0	5268	2	27633
0	173148	2	27633
0	341028	2	27633
0	156360	2	27633
0	324240	2	27633
0	139572	2	27633
0	307452	2	27633
0	122784	2	27633
0	290673	2	27635
0	106005	2	27635
0	273885	2	27635
0	89217	2	27635
0	257097	2	27635
0	72429	2	27635
0	240309	2	27635
0	55641	2	27635
0	223521	2	27635
0	38853	2	27635
0	206733	2	27635
0	22065	2	27635
0	189945	2	27635
0	5277	2	27635
0	173157	2	27635
0	341037	2	27635
0	156369	2	27635
0	324249	2	27635
0	139581	2	27635
0	307461	2	27635
0	122793	2	27635
0	290951	2	27653
0	106283	2	27653
0	274163	2	27653
0	89495	2	27653
0	257375	2	27653
0	72707	2	27653
0	240587	2	27653
0	55919	2	27653
0	223799	2	27653
0	39131	2	27653
0	207011	2	27653
0	22343	2	27653
0	190223	2	27653
0	5555	2	27653
0	173435	2	27653
0	341315	2	27653
0	156647	2	27653
0	324527	2	27653
0	139859	2	27653
0	307739	2	27653
0	123071	2	27653
0	291636	2	27707
0	106968	2	27707
0	274848	2	27707
0	90180	2	27707
0	258060	2	27707
0	73392	2	27707
0	241272	2	27707
0	56604	2	27707
0	224484	2	27707
0	39816	2	27707
0	207696	2	27707
0	23028	2	27707
0	190908	2	27707
0	6240	2	27707
0	174120	2	27707
0	342000	2	27707
0	157332	2	27707
0	325212	2	27707
0	140544	2	27707
0	308424	2	27707
0	123756	2	27707
0	291658	2	27709
0	106990	2	27709
0	274870	2	27709
0	90202	2	27709
0	258082	2	27709
0	73414	2	27709
0	241294	2	27709
0	56626	2	27709
0	224506	2	27709
0	39838	2	27709
0	207718	2	27709
0	23050	2	27709
0	190930	2	27709
0	6262	2	27709
0	174142	2	27709
0	342022	2	27709
0	157354	2	27709
0	325234	2	27709
0	140566	2	27709
0	308446	2	27709
0	123778	2	27709
0	292490	2	27771
0	107822	2	27771
0	275702	2	27771
0	91034	2	27771
0	258914	2	27771
0	74246	2	27771
0	242126	2	27771
0	57458	2	27771
0	225338	2	27771
0	40670	2	27771
0	208550	2	27771
0	23882	2	27771
0	191762	2	27771
0	7094	2	27771
0	174974	2	27771
0	342854	2	27771
0	158186	2	27771
0	326066	2	27771
0	141398	2	27771
0	309278	2	27771
0	124610	2	27771
0	292505	2	27773
0	107837	2	27773
0	275717	2	27773
0	91049	2	27773
0	258929	2	27773
0	74261	2	27773
0	242141	2	27773
0	57473	2	27773
0	225353	2	27773
0	40685	2	27773
0	208565	2	27773
0	23897	2	27773
0	191777	2	27773
0	7109	2	27773
0	174989	2	27773
0	342869	2	27773
0	158201	2	27773
0	326081	2	27773
0	141413	2	27773
0	309293	2	27773
0	124625	2	27773
0	292592	2	27783
0	107924	2	27783
0	275804	2	27783
0	91136	2	27783
0	259016	2	27783
0	74348	2	27783
0	242228	2	27783
0	57560	2	27783
0	225440	2	27783
0	40772	2	27783
0	208652	2	27783
0	23984	2	27783
0	191864	2	27783
0	7196	2	27783
0	175076	2	27783
0	342956	2	27783
0	158288	2	27783
0	326168	2	27783
0	141500	2	27783
0	309380	2	27783
0	124712	2	27783
0	292692	2	27789
0	108024	2	27789
0	275904	2	27789
0	91236	2	27789
0	259116	2	27789
0	74448	2	27789
0	242328	2	27789
0	57660	2	27789
0	225540	2	27789
0	40872	2	27789
0	208752	2	27789
0	24084	2	27789
0	191964	2	27789
0	7296	2	27789
0	175176	2	27789
0	343056	2	27789
0	158388	2	27789
0	326268	2	27789
0	141600	2	27789
0	309480	2	27789
0	124812	2	27789
0	292694	2	27793
0	108026	2	27793
0	275906	2	27793
0	91238	2	27793
0	259118	2	27793
0	74450	2	27793
0	242330	2	27793
0	57662	2	27793
0	225542	2	27793
0	40874	2	27793
0	208754	2	27793
0	24086	2	27793
0	191966	2	27793
0	7298	2	27793
0	175178	2	27793
0	343058	2	27793
0	158390	2	27793
0	326270	2	27793
0	141602	2	27793
0	309482	2	27793
0	124814	2	27793
0	292786	2	27797
0	108118	2	27797
0	275998	2	27797
0	91330	2	27797
0	259210	2	27797
0	74542	2	27797
0	242422	2	27797
0	57754	2	27797
0	225634	2	27797
0	40966	2	27797
0	208846	2	27797
0	24178	2	27797
0	192058	2	27797
0	7390	2	27797
0	175270	2	27797
0	343150	2	27797
0	158482	2	27797
0	326362	2	27797
0	141694	2	27797
0	309574	2	27797
0	124906	2	27797
0	293013	1	27822
0	108345	1	27822
0	276225	1	27822
0	91557	1	27822
0	259437	1	27822
0	74769	1	27822
0	242649	1	27822
0	57981	1	27822
0	225861	1	27822
0	41193	1	27822
0	209073	1	27822
0	24405	1	27822
0	192285	1	27822
0	7617	1	27822
0	175497	1	27822
0	343377	1	27822
0	158709	1	27822
0	326589	1	27822
0	141921	1	27822
0	309801	1	27822
0	125133	1	27822
0	293013	2	27823
0	108345	2	27823
0	276225	2	27823
0	91557	2	27823
0	259437	2	27823
0	74769	2	27823
0	242649	2	27823
0	57981	2	27823
0	225861	2	27823
0	41193	2	27823
0	209073	2	27823
0	24405	2	27823
0	192285	2	27823
0	7617	2	27823
0	175497	2	27823
0	343377	2	27823
0	158709	2	27823
0	326589	2	27823
0	141921	2	27823
0	309801	2	27823
0	125133	2	27823
0	293043	2	27825
0	108375	2	27825
0	276255	2	27825
0	91587	2	27825
0	259467	2	27825
0	74799	2	27825
0	242679	2	27825
0	58011	2	27825
0	225891	2	27825
0	41223	2	27825
0	209103	2	27825
0	24435	2	27825
0	192315	2	27825
0	7647	2	27825
0	175527	2	27825
0	343407	2	27825
0	158739	2	27825
0	326619	2	27825
0	141951	2	27825
0	309831	2	27825
0	125163	2	27825
0	293063	2	27827
0	108395	2	27827
0	276275	2	27827
0	91607	2	27827
0	259487	2	27827
0	74819	2	27827
0	242699	2	27827
0	58031	2	27827
0	225911	2	27827
0	41243	2	27827
0	209123	2	27827
0	24455	2	27827
0	192335	2	27827
0	7667	2	27827
0	175547	2	27827
0	343427	2	27827
0	158759	2	27827
0	326639	2	27827
0	141971	2	27827
0	309851	2	27827
0	125183	2	27827
0	293340	1	27840
0	108672	1	27840
0	276552	1	27840
0	91884	1	27840
0	259764	1	27840
0	75096	1	27840
0	242976	1	27840
0	58308	1	27840
0	226188	1	27840
0	41520	1	27840
0	209400	1	27840
0	24732	1	27840
0	192612	1	27840
0	7944	1	27840
0	175824	1	27840
0	343704	1	27840
0	159036	1	27840
0	326916	1	27840
0	142248	1	27840
0	310128	1	27840
0	125460	1	27840
0	293340	2	27841
0	108672	2	27841
0	276552	2	27841
0	91884	2	27841
0	259764	2	27841
0	75096	2	27841
0	242976	2	27841
0	58308	2	27841
0	226188	2	27841
0	41520	2	27841
0	209400	2	27841
0	24732	2	27841
0	192612	2	27841
0	7944	2	27841
0	175824	2	27841
0	343704	2	27841
0	159036	2	27841
0	326916	2	27841
0	142248	2	27841
0	310128	2	27841
0	125460	2	27841
0	293574	1	27852
0	108906	1	27852
0	276786	1	27852
0	92118	1	27852
0	259998	1	27852
0	75330	1	27852
0	243210	1	27852
0	58542	1	27852
0	226422	1	27852
0	41754	1	27852
0	209634	1	27852
0	24966	1	27852
0	192846	1	27852
0	8178	1	27852
0	176058	1	27852
0	343938	1	27852
0	159270	1	27852
0	327150	1	27852
0	142482	1	27852
0	310362	1	27852
0	125694	1	27852
0	293574	2	27853
0	108906	2	27853
0	276786	2	27853
0	92118	2	27853
0	259998	2	27853
0	75330	2	27853
0	243210	2	27853
0	58542	2	27853
0	226422	2	27853
0	41754	2	27853
0	209634	2	27853
0	24966	2	27853
0	192846	2	27853
0	8178	2	27853
0	176058	2	27853
0	343938	2	27853
0	159270	2	27853
0	327150	2	27853
0	142482	2	27853
0	310362	2	27853
0	125694	2	27853
0	293893	1	27878
0	109225	1	27878
0	277105	1	27878
0	92437	1	27878
0	260317	1	27878
0	75649	1	27878
0	243529	1	27878
0	58861	1	27878
0	226741	1	27878
0	42073	1	27878
0	209953	1	27878
0	25285	1	27878
0	193165	1	27878
0	8497	1	27878
0	176377	1	27878
0	344257	1	27878
0	159589	1	27878
0	327469	1	27878
0	142801	1	27878
0	310681	1	27878
0	126013	1	27878
0	294933	2	27977
0	110265	2	27977
0	278145	2	27977
0	93477	2	27977
0	261357	2	27977
0	76689	2	27977
0	244569	2	27977
0	59901	2	27977
0	227781	2	27977
0	43113	2	27977
0	210993	2	27977
0	26325	2	27977
0	194205	2	27977
0	9537	2	27977
0	177417	2	27977
0	345297	2	27977
0	160629	2	27977
0	328509	2	27977
0	143841	2	27977
0	311721	2	27977
0	127053	2	27977
0	295069	1	27986
0	110401	1	27986
0	278281	1	27986
0	93613	1	27986
0	261493	1	27986
0	76825	1	27986
0	244705	1	27986
0	60037	1	27986
0	227917	1	27986
0	43249	1	27986
0	211129	1	27986
0	26461	1	27986
0	194341	1	27986
0	9673	1	27986
0	177553	1	27986
0	345433	1	27986
0	160765	1	27986
0	328645	1	27986
0	143977	1	27986
0	311857	1	27986
0	127189	1	27986
0	295069	2	27987
0	110401	2	27987
0	278281	2	27987
0	93613	2	27987
0	261493	2	27987
0	76825	2	27987
0	244705	2	27987
0	60037	2	27987
0	227917	2	27987
0	43249	2	27987
0	211129	2	27987
0	26461	2	27987
0	194341	2	27987
0	9673	2	27987
0	177553	2	27987
0	345433	2	27987
0	160765	2	27987
0	328645	2	27987
0	143977	2	27987
0	311857	2	27987
0	127189	2	27987
0	295737	2	28031
0	111069	2	28031
0	278949	2	28031
0	94281	2	28031
0	262161	2	28031
0	77493	2	28031
0	245373	2	28031
0	60705	2	28031
0	228585	2	28031
0	43917	2	28031
0	211797	2	28031
0	27129	2	28031
0	195009	2	28031
0	10341	2	28031
0	178221	2	28031
0	346101	2	28031
0	161433	2	28031
0	329313	2	28031
0	144645	2	28031
0	312525	2	28031
0	127857	2	28031
0	295893	2	28055
0	111225	2	28055
0	279105	2	28055
0	94437	2	28055
0	262317	2	28055
0	77649	2	28055
0	245529	2	28055
0	60861	2	28055
0	228741	2	28055
0	44073	2	28055
0	211953	2	28055
0	27285	2	28055
0	195165	2	28055
0	10497	2	28055
0	178377	2	28055
0	346257	2	28055
0	161589	2	28055
0	329469	2	28055
0	144801	2	28055
0	312681	2	28055
0	128013	2	28055
0	296816	2	28123
0	112148	2	28123
0	280028	2	28123
0	95360	2	28123
0	263240	2	28123
0	78572	2	28123
0	246452	2	28123
0	61784	2	28123
0	229664	2	28123
0	44996	2	28123
0	212876	2	28123
0	28208	2	28123
0	196088	2	28123
0	11420	2	28123
0	179300	2	28123
0	347180	2	28123
0	162512	2	28123
0	330392	2	28123
0	145724	2	28123
0	313604	2	28123
0	128936	2	28123
0	296897	2	28129
0	112229	2	28129
0	280109	2	28129
0	95441	2	28129
0	263321	2	28129
0	78653	2	28129
0	246533	2	28129
0	61865	2	28129
0	229745	2	28129
0	45077	2	28129
0	212957	2	28129
0	28289	2	28129
0	196169	2	28129
0	11501	2	28129
0	179381	2	28129
0	347261	2	28129
0	162593	2	28129
0	330473	2	28129
0	145805	2	28129
0	313685	2	28129
0	129017	2	28129
0	297276	2	28175
0	112608	2	28175
0	280488	2	28175
0	95820	2	28175
0	263700	2	28175
0	79032	2	28175
0	246912	2	28175
0	62244	2	28175
0	230124	2	28175
0	45456	2	28175
0	213336	2	28175
0	28668	2	28175
0	196548	2	28175
0	11880	2	28175
0	179760	2	28175
0	347640	2	28175
0	162972	2	28175
0	330852	2	28175
0	146184	2	28175
0	314064	2	28175
0	129396	2	28175
0	297327	2	28181
0	112659	2	28181
0	280539	2	28181
0	95871	2	28181
0	263751	2	28181
0	79083	2	28181
0	246963	2	28181
0	62295	2	28181
0	230175	2	28181
0	45507	2	28181
0	213387	2	28181
0	28719	2	28181
0	196599	2	28181
0	11931	2	28181
0	179811	2	28181
0	347691	2	28181
0	163023	2	28181
0	330903	2	28181
0	146235	2	28181
0	314115	2	28181
0	129447	2	28181
0	297784	2	28231
0	113116	2	28231
0	280996	2	28231
0	96328	2	28231
0	264208	2	28231
0	79540	2	28231
0	247420	2	28231
0	62752	2	28231
0	230632	2	28231
0	45964	2	28231
0	213844	2	28231
0	29176	2	28231
0	197056	2	28231
0	12388	2	28231
0	180268	2	28231
0	348148	2	28231
0	163480	2	28231
0	331360	2	28231
0	146692	2	28231
0	314572	2	28231
0	129904	2	28231
0	298690	2	28297
0	114022	2	28297
0	281902	2	28297
0	97234	2	28297
0	265114	2	28297
0	80446	2	28297
0	248326	2	28297
0	63658	2	28297
0	231538	2	28297
0	46870	2	28297
0	214750	2	28297
0	30082	2	28297
0	197962	2	28297
0	13294	2	28297
0	181174	2	28297
0	349054	2	28297
0	164386	2	28297
0	332266	2	28297
0	147598	2	28297
0	315478	2	28297
0	130810	2	28297
0	298692	2	28301
0	114024	2	28301
0	281904	2	28301
0	97236	2	28301
0	265116	2	28301
0	80448	2	28301
0	248328	2	28301
0	63660	2	28301
0	231540	2	28301
0	46872	2	28301
0	214752	2	28301
0	30084	2	28301
0	197964	2	28301
0	13296	2	28301
0	181176	2	28301
0	349056	2	28301
0	164388	2	28301
0	332268	2	28301
0	147600	2	28301
0	315480	2	28301
0	130812	2	28301
0	299645	2	28395
0	114977	2	28395
0	282857	2	28395
0	98189	2	28395
0	266069	2	28395
0	81401	2	28395
0	249281	2	28395
0	64613	2	28395
0	232493	2	28395
0	47825	2	28395
0	215705	2	28395
0	31037	2	28395
0	198917	2	28395
0	14249	2	28395
0	182129	2	28395
0	350009	2	28395
0	165341	2	28395
0	333221	2	28395
0	148553	2	28395
0	316433	2	28395
0	131765	2	28395
0	299946	2	28415
0	115278	2	28415
0	283158	2	28415
0	98490	2	28415
0	266370	2	28415
0	81702	2	28415
0	249582	2	28415
0	64914	2	28415
0	232794	2	28415
0	48126	2	28415
0	216006	2	28415
0	31338	2	28415
0	199218	2	28415
0	14550	2	28415
0	182430	2	28415
0	350310	2	28415
0	165642	2	28415
0	333522	2	28415
0	148854	2	28415
0	316734	2	28415
0	132066	2	28415
0	301015	2	28497
0	116347	2	28497
0	284227	2	28497
0	99559	2	28497
0	267439	2	28497
0	82771	2	28497
0	250651	2	28497
0	65983	2	28497
0	233863	2	28497
0	49195	2	28497
0	217075	2	28497
0	32407	2	28497
0	200287	2	28497
0	15619	2	28497
0	183499	2	28497
0	351379	2	28497
0	166711	2	28497
0	334591	2	28497
0	149923	2	28497
0	317803	2	28497
0	133135	2	28497
0	301300	2	28517
0	116632	2	28517
0	284512	2	28517
0	99844	2	28517
0	267724	2	28517
0	83056	2	28517
0	250936	2	28517
0	66268	2	28517
0	234148	2	28517
0	49480	2	28517
0	217360	2	28517
0	32692	2	28517
0	200572	2	28517
0	15904	2	28517
0	183784	2	28517
0	351664	2	28517
0	166996	2	28517
0	334876	2	28517
0	150208	2	28517
0	318088	2	28517
0	133420	2	28517
0	301346	2	28527
0	116678	2	28527
0	284558	2	28527
0	99890	2	28527
0	267770	2	28527
0	83102	2	28527
0	250982	2	28527
0	66314	2	28527
0	234194	2	28527
0	49526	2	28527
0	217406	2	28527
0	32738	2	28527
0	200618	2	28527
0	15950	2	28527
0	183830	2	28527
0	351710	2	28527
0	167042	2	28527
0	334922	2	28527
0	150254	2	28527
0	318134	2	28527
0	133466	2	28527
0	301429	2	28537
0	116761	2	28537
0	284641	2	28537
0	99973	2	28537
0	267853	2	28537
0	83185	2	28537
0	251065	2	28537
0	66397	2	28537
0	234277	2	28537
0	49609	2	28537
0	217489	2	28537
0	32821	2	28537
0	200701	2	28537
0	16033	2	28537
0	183913	2	28537
0	351793	2	28537
0	167125	2	28537
0	335005	2	28537
0	150337	2	28537
0	318217	2	28537
0	133549	2	28537
0	301783	2	28589
0	117115	2	28589
0	284995	2	28589
0	100327	2	28589
0	268207	2	28589
0	83539	2	28589
0	251419	2	28589
0	66751	2	28589
0	234631	2	28589
0	49963	2	28589
0	217843	2	28589
0	33175	2	28589
0	201055	2	28589
0	16387	2	28589
0	184267	2	28589
0	352147	2	28589
0	167479	2	28589
0	335359	2	28589
0	150691	2	28589
0	318571	2	28589
0	133903	2	28589
0	302190	1	28630
0	117522	1	28630
0	285402	1	28630
0	100734	1	28630
0	268614	1	28630
0	83946	1	28630
0	251826	1	28630
0	67158	1	28630
0	235038	1	28630
0	50370	1	28630
0	218250	1	28630
0	33582	1	28630
0	201462	1	28630
0	16794	1	28630
0	184674	1	28630
0	6	1	28630
0	167886	1	28630
0	335766	1	28630
0	151098	1	28630
0	318978	1	28630
0	134310	1	28630
0	302190	2	28631
0	117522	2	28631
0	285402	2	28631
0	100734	2	28631
0	268614	2	28631
0	83946	2	28631
0	251826	2	28631
0	67158	2	28631
0	235038	2	28631
0	50370	2	28631
0	218250	2	28631
0	33582	2	28631
0	201462	2	28631
0	16794	2	28631
0	184674	2	28631
0	6	2	28631
0	167886	2	28631
0	335766	2	28631
0	151098	2	28631
0	318978	2	28631
0	134310	2	28631
0	302567	2	28657
0	117899	2	28657
0	285779	2	28657
0	101111	2	28657
0	268991	2	28657
0	84323	2	28657
0	252203	2	28657
0	67535	2	28657
0	235415	2	28657
0	50747	2	28657
0	218627	2	28657
0	33959	2	28657
0	201839	2	28657
0	17171	2	28657
0	185051	2	28657
0	383	2	28657
0	168263	2	28657
0	336143	2	28657
0	151475	2	28657
0	319355	2	28657
0	134687	2	28657
0	302703	2	28669
0	118035	2	28669
0	285915	2	28669
0	101247	2	28669
0	269127	2	28669
0	84459	2	28669
0	252339	2	28669
0	67671	2	28669
0	235551	2	28669
0	50883	2	28669
0	218763	2	28669
0	34095	2	28669
0	201975	2	28669
0	17307	2	28669
0	185187	2	28669
0	519	2	28669
0	168399	2	28669
0	336279	2	28669
0	151611	2	28669
0	319491	2	28669
0	134823	2	28669
0	302947	2	28693
0	118279	2	28693
0	286159	2	28693
0	101491	2	28693
0	269371	2	28693
0	84703	2	28693
0	252583	2	28693
0	67915	2	28693
0	235795	2	28693
0	51127	2	28693
0	219007	2	28693
0	34339	2	28693
0	202219	2	28693
0	17551	2	28693
0	185431	2	28693
0	763	2	28693
0	168643	2	28693
0	336523	2	28693
0	151855	2	28693
0	319735	2	28693
0	135067	2	28693
0	302961	2	28695
0	118293	2	28695
0	286173	2	28695
0	101505	2	28695
0	269385	2	28695
0	84717	2	28695
0	252597	2	28695
0	67929	2	28695
0	235809	2	28695
0	51141	2	28695
0	219021	2	28695
0	34353	2	28695
0	202233	2	28695
0	17565	2	28695
0	185445	2	28695
0	777	2	28695
0	168657	2	28695
0	336537	2	28695
0	151869	2	28695
0	319749	2	28695
0	135081	2	28695
0	303903	2	28791
0	119235	2	28791
0	287115	2	28791
0	102447	2	28791
0	270327	2	28791
0	85659	2	28791
0	253539	2	28791
0	68871	2	28791
0	236751	2	28791
0	52083	2	28791
0	219963	2	28791
0	35295	2	28791
0	203175	2	28791
0	18507	2	28791
0	186387	2	28791
0	1719	2	28791
0	169599	2	28791
0	337479	2	28791
0	152811	2	28791
0	320691	2	28791
0	136023	2	28791
0	303905	2	28793
0	119237	2	28793
0	287117	2	28793
0	102449	2	28793
0	270329	2	28793
0	85661	2	28793
0	253541	2	28793
0	68873	2	28793
0	236753	2	28793
0	52085	2	28793
0	219965	2	28793
0	35297	2	28793
0	203177	2	28793
0	18509	2	28793
0	186389	2	28793
0	1721	2	28793
0	169601	2	28793
0	337481	2	28793
0	152813	2	28793
0	320693	2	28793
0	136025	2	28793
0	303907	2	28797
0	119239	2	28797
0	287119	2	28797
0	102451	2	28797
0	270331	2	28797
0	85663	2	28797
0	253543	2	28797
0	68875	2	28797
0	236755	2	28797
0	52087	2	28797
0	219967	2	28797
0	35299	2	28797
0	203179	2	28797
0	18511	2	28797
0	186391	2	28797
0	1723	2	28797
0	169603	2	28797
0	337483	2	28797
0	152815	2	28797
0	320695	2	28797
0	136027	2	28797
0	304259	2	28833
0	119591	2	28833
0	287471	2	28833
0	102803	2	28833
0	270683	2	28833
0	86015	2	28833
0	253895	2	28833
0	69227	2	28833
0	237107	2	28833
0	52439	2	28833
0	220319	2	28833
0	35651	2	28833
0	203531	2	28833
0	18863	2	28833
0	186743	2	28833
0	2075	2	28833
0	169955	2	28833
0	337835	2	28833
0	153167	2	28833
0	321047	2	28833
0	136379	2	28833
0	304260	2	28835
0	119592	2	28835
0	287472	2	28835
0	102804	2	28835
0	270684	2	28835
0	86016	2	28835
0	253896	2	28835
0	69228	2	28835
0	237108	2	28835
0	52440	2	28835
0	220320	2	28835
0	35652	2	28835
0	203532	2	28835
0	18864	2	28835
0	186744	2	28835
0	2076	2	28835
0	169956	2	28835
0	337836	2	28835
0	153168	2	28835
0	321048	2	28835
0	136380	2	28835
0	304785	2	28871
0	120117	2	28871
0	287997	2	28871
0	103329	2	28871
0	271209	2	28871
0	86541	2	28871
0	254421	2	28871
0	69753	2	28871
0	237633	2	28871
0	52965	2	28871
0	220845	2	28871
0	36177	2	28871
0	204057	2	28871
0	19389	2	28871
0	187269	2	28871
0	2601	2	28871
0	170481	2	28871
0	338361	2	28871
0	153693	2	28871
0	321573	2	28871
0	136905	2	28871
0	304834	2	28879
0	120166	2	28879
0	288046	2	28879
0	103378	2	28879
0	271258	2	28879
0	86590	2	28879
0	254470	2	28879
0	69802	2	28879
0	237682	2	28879
0	53014	2	28879
0	220894	2	28879
0	36226	2	28879
0	204106	2	28879
0	19438	2	28879
0	187318	2	28879
0	2650	2	28879
0	170530	2	28879
0	338410	2	28879
0	153742	2	28879
0	321622	2	28879
0	136954	2	28879
0	304851	2	28881
0	120183	2	28881
0	288063	2	28881
0	103395	2	28881
0	271275	2	28881
0	86607	2	28881
0	254487	2	28881
0	69819	2	28881
0	237699	2	28881
0	53031	2	28881
0	220911	2	28881
0	36243	2	28881
0	204123	2	28881
0	19455	2	28881
0	187335	2	28881
0	2667	2	28881
0	170547	2	28881
0	338427	2	28881
0	153759	2	28881
0	321639	2	28881
0	136971	2	28881
0	305053	2	28903
0	120385	2	28903
0	288265	2	28903
0	103597	2	28903
0	271477	2	28903
0	86809	2	28903
0	254689	2	28903
0	70021	2	28903
0	237901	2	28903
0	53233	2	28903
0	221113	2	28903
0	36445	2	28903
0	204325	2	28903
0	19657	2	28903
0	187537	2	28903
0	2869	2	28903
0	170749	2	28903
0	338629	2	28903
0	153961	2	28903
0	321841	2	28903
0	137173	2	28903
0	305342	2	28935
0	120674	2	28935
0	288554	2	28935
0	103886	2	28935
0	271766	2	28935
0	87098	2	28935
0	254978	2	28935
0	70310	2	28935
0	238190	2	28935
0	53522	2	28935
0	221402	2	28935
0	36734	2	28935
0	204614	2	28935
0	19946	2	28935
0	187826	2	28935
0	3158	2	28935
0	171038	2	28935
0	338918	2	28935
0	154250	2	28935
0	322130	2	28935
0	137462	2	28935
0	305792	2	28991
0	121124	2	28991
0	289004	2	28991
0	104336	2	28991
0	272216	2	28991
0	87548	2	28991
0	255428	2	28991
0	70760	2	28991
0	238640	2	28991
0	53972	2	28991
0	221852	2	28991
0	37184	2	28991
0	205064	2	28991
0	20396	2	28991
0	188276	2	28991
0	3608	2	28991
0	171488	2	28991
0	339368	2	28991
0	154700	2	28991
0	322580	2	28991
0	137912	2	28991
0	305914	2	29001
0	121246	2	29001
0	289126	2	29001
0	104458	2	29001
0	272338	2	29001
0	87670	2	29001
0	255550	2	29001
0	70882	2	29001
0	238762	2	29001
0	54094	2	29001
0	221974	2	29001
0	37306	2	29001
0	205186	2	29001
0	20518	2	29001
0	188398	2	29001
0	3730	2	29001
0	171610	2	29001
0	339490	2	29001
0	154822	2	29001
0	322702	2	29001
0	138034	2	29001
0	306420	1	29062
0	121752	1	29062
0	289632	1	29062
0	104964	1	29062
0	272844	1	29062
0	88176	1	29062
0	256056	1	29062
0	71388	1	29062
0	239268	1	29062
0	54600	1	29062
0	222480	1	29062
0	37812	1	29062
0	205692	1	29062
0	21024	1	29062
0	188904	1	29062
0	4236	1	29062
0	172116	1	29062
0	339996	1	29062
0	155328	1	29062
0	323208	1	29062
0	138540	1	29062
0	306420	2	29063
0	121752	2	29063
0	289632	2	29063
0	104964	2	29063
0	272844	2	29063
0	88176	2	29063
0	256056	2	29063
0	71388	2	29063
0	239268	2	29063
0	54600	2	29063
0	222480	2	29063
0	37812	2	29063
0	205692	2	29063
0	21024	2	29063
0	188904	2	29063
0	4236	2	29063
0	172116	2	29063
0	339996	2	29063
0	155328	2	29063
0	323208	2	29063
0	138540	2	29063
0	306496	2	29069
0	121828	2	29069
0	289708	2	29069
0	105040	2	29069
0	272920	2	29069
0	88252	2	29069
0	256132	2	29069
0	71464	2	29069
0	239344	2	29069
0	54676	2	29069
0	222556	2	29069
0	37888	2	29069
0	205768	2	29069
0	21100	2	29069
0	188980	2	29069
0	4312	2	29069
0	172192	2	29069
0	340072	2	29069
0	155404	2	29069
0	323284	2	29069
0	138616	2	29069
0	306636	2	29081
0	121968	2	29081
0	289848	2	29081
0	105180	2	29081
0	273060	2	29081
0	88392	2	29081
0	256272	2	29081
0	71604	2	29081
0	239484	2	29081
0	54816	2	29081
0	222696	2	29081
0	38028	2	29081
0	205908	2	29081
0	21240	2	29081
0	189120	2	29081
0	4452	2	29081
0	172332	2	29081
0	340212	2	29081
0	155544	2	29081
0	323424	2	29081
0	138756	2	29081
0	306808	2	29095
0	122140	2	29095
0	290020	2	29095
0	105352	2	29095
0	273232	2	29095
0	88564	2	29095
0	256444	2	29095
0	71776	2	29095
0	239656	2	29095
0	54988	2	29095
0	222868	2	29095
0	38200	2	29095
0	206080	2	29095
0	21412	2	29095
0	189292	2	29095
0	4624	2	29095
0	172504	2	29095
0	340384	2	29095
0	155716	2	29095
0	323596	2	29095
0	138928	2	29095
0	306948	2	29121
0	122280	2	29121
0	290160	2	29121
0	105492	2	29121
0	273372	2	29121
0	88704	2	29121
0	256584	2	29121
0	71916	2	29121
0	239796	2	29121
0	55128	2	29121
0	223008	2	29121
0	38340	2	29121
0	206220	2	29121
0	21552	2	29121
0	189432	2	29121
0	4764	2	29121
0	172644	2	29121
0	340524	2	29121
0	155856	2	29121
0	323736	2	29121
0	139068	2	29121
0	306974	2	29125
0	122306	2	29125
0	290186	2	29125
0	105518	2	29125
0	273398	2	29125
0	88730	2	29125
0	256610	2	29125
0	71942	2	29125
0	239822	2	29125
0	55154	2	29125
0	223034	2	29125
0	38366	2	29125
0	206246	2	29125
0	21578	2	29125
0	189458	2	29125
0	4790	2	29125
0	172670	2	29125
0	340550	2	29125
0	155882	2	29125
0	323762	2	29125
0	139094	2	29125
0	307123	2	29159
0	122455	2	29159
0	290335	2	29159
0	105667	2	29159
0	273547	2	29159
0	88879	2	29159
0	256759	2	29159
0	72091	2	29159
0	239971	2	29159
0	55303	2	29159
0	223183	2	29159
0	38515	2	29159
0	206395	2	29159
0	21727	2	29159
0	189607	2	29159
0	4939	2	29159
0	172819	2	29159
0	340699	2	29159
0	156031	2	29159
0	323911	2	29159
0	139243	2	29159
0	307320	1	29170
0	122652	1	29170
0	290532	1	29170
0	105864	1	29170
0	273744	1	29170
0	89076	1	29170
0	256956	1	29170
0	72288	1	29170
0	240168	1	29170
0	55500	1	29170
0	223380	1	29170
0	38712	1	29170
0	206592	1	29170
0	21924	1	29170
0	189804	1	29170
0	5136	1	29170
0	173016	1	29170
0	340896	1	29170
0	156228	1	29170
0	324108	1	29170
0	139440	1	29170
0	307320	2	29171
0	122652	2	29171
0	290532	2	29171
0	105864	2	29171
0	273744	2	29171
0	89076	2	29171
0	256956	2	29171
0	72288	2	29171
0	240168	2	29171
0	55500	2	29171
0	223380	2	29171
0	38712	2	29171
0	206592	2	29171
0	21924	2	29171
0	189804	2	29171
0	5136	2	29171
0	173016	2	29171
0	340896	2	29171
0	156228	2	29171
0	324108	2	29171
0	139440	2	29171
0	307565	2	29191
0	122897	2	29191
0	290777	2	29191
0	106109	2	29191
0	273989	2	29191
0	89321	2	29191
0	257201	2	29191
0	72533	2	29191
0	240413	2	29191
0	55745	2	29191
0	223625	2	29191
0	38957	2	29191
0	206837	2	29191
0	22169	2	29191
0	190049	2	29191
0	5381	2	29191
0	173261	2	29191
0	341141	2	29191
0	156473	2	29191
0	324353	2	29191
0	139685	2	29191
0	308321	2	29229
0	123653	2	29229
0	291533	2	29229
0	106865	2	29229
0	274745	2	29229
0	90077	2	29229
0	257957	2	29229
0	73289	2	29229
0	241169	2	29229
0	56501	2	29229
0	224381	2	29229
0	39713	2	29229
0	207593	2	29229
0	22925	2	29229
0	190805	2	29229
0	6137	2	29229
0	174017	2	29229
0	341897	2	29229
0	157229	2	29229
0	325109	2	29229
0	140441	2	29229
0	308332	2	29231
0	123664	2	29231
0	291544	2	29231
0	106876	2	29231
0	274756	2	29231
0	90088	2	29231
0	257968	2	29231
0	73300	2	29231
0	241180	2	29231
0	56512	2	29231
0	224392	2	29231
0	39724	2	29231
0	207604	2	29231
0	22936	2	29231
0	190816	2	29231
0	6148	2	29231
0	174028	2	29231
0	341908	2	29231
0	157240	2	29231
0	325120	2	29231
0	140452	2	29231
0	308435	2	29247
0	123767	2	29247
0	291647	2	29247
0	106979	2	29247
0	274859	2	29247
0	90191	2	29247
0	258071	2	29247
0	73403	2	29247
0	241283	2	29247
0	56615	2	29247
0	224495	2	29247
0	39827	2	29247
0	207707	2	29247
0	23039	2	29247
0	190919	2	29247
0	6251	2	29247
0	174131	2	29247
0	342011	2	29247
0	157343	2	29247
0	325223	2	29247
0	140555	2	29247
0	308640	2	29267
0	123972	2	29267
0	291852	2	29267
0	107184	2	29267
0	275064	2	29267
0	90396	2	29267
0	258276	2	29267
0	73608	2	29267
0	241488	2	29267
0	56820	2	29267
0	224700	2	29267
0	40032	2	29267
0	207912	2	29267
0	23244	2	29267
0	191124	2	29267
0	6456	2	29267
0	174336	2	29267
0	342216	2	29267
0	157548	2	29267
0	325428	2	29267
0	140760	2	29267
0	308922	2	29283
0	124254	2	29283
0	292134	2	29283
0	107466	2	29283
0	275346	2	29283
0	90678	2	29283
0	258558	2	29283
0	73890	2	29283
0	241770	2	29283
0	57102	2	29283
0	224982	2	29283
0	40314	2	29283
0	208194	2	29283
0	23526	2	29283
0	191406	2	29283
0	6738	2	29283
0	174618	2	29283
0	342498	2	29283
0	157830	2	29283
0	325710	2	29283
0	141042	2	29283
0	309061	2	29299
0	124393	2	29299
0	292273	2	29299
0	107605	2	29299
0	275485	2	29299
0	90817	2	29299
0	258697	2	29299
0	74029	2	29299
0	241909	2	29299
0	57241	2	29299
0	225121	2	29299
0	40453	2	29299
0	208333	2	29299
0	23665	2	29299
0	191545	2	29299
0	6877	2	29299
0	174757	2	29299
0	342637	2	29299
0	157969	2	29299
0	325849	2	29299
0	141181	2	29299
0	309276	2	29323
0	124608	2	29323
0	292488	2	29323
0	107820	2	29323
0	275700	2	29323
0	91032	2	29323
0	258912	2	29323
0	74244	2	29323
0	242124	2	29323
0	57456	2	29323
0	225336	2	29323
0	40668	2	29323
0	208548	2	29323
0	23880	2	29323
0	191760	2	29323
0	7092	2	29323
0	174972	2	29323
0	342852	2	29323
0	158184	2	29323
0	326064	2	29323
0	141396	2	29323
0	309369	2	29333
0	124701	2	29333
0	292581	2	29333
0	107913	2	29333
0	275793	2	29333
0	91125	2	29333
0	259005	2	29333
0	74337	2	29333
0	242217	2	29333
0	57549	2	29333
0	225429	2	29333
0	40761	2	29333
0	208641	2	29333
0	23973	2	29333
0	191853	2	29333
0	7185	2	29333
0	175065	2	29333
0	342945	2	29333
0	158277	2	29333
0	326157	2	29333
0	141489	2	29333
0	309717	2	29363
0	125049	2	29363
0	292929	2	29363
0	108261	2	29363
0	276141	2	29363
0	91473	2	29363
0	259353	2	29363
0	74685	2	29363
0	242565	2	29363
0	57897	2	29363
0	225777	2	29363
0	41109	2	29363
0	208989	2	29363
0	24321	2	29363
0	192201	2	29363
0	7533	2	29363
0	175413	2	29363
0	343293	2	29363
0	158625	2	29363
0	326505	2	29363
0	141837	2	29363
0	309718	2	29365
0	125050	2	29365
0	292930	2	29365
0	108262	2	29365
0	276142	2	29365
0	91474	2	29365
0	259354	2	29365
0	74686	2	29365
0	242566	2	29365
0	57898	2	29365
0	225778	2	29365
0	41110	2	29365
0	208990	2	29365
0	24322	2	29365
0	192202	2	29365
0	7534	2	29365
0	175414	2	29365
0	343294	2	29365
0	158626	2	29365
0	326506	2	29365
0	141838	2	29365
0	310126	2	29403
0	125458	2	29403
0	293338	2	29403
0	108670	2	29403
0	276550	2	29403
0	91882	2	29403
0	259762	2	29403
0	75094	2	29403
0	242974	2	29403
0	58306	2	29403
0	226186	2	29403
0	41518	2	29403
0	209398	2	29403
0	24730	2	29403
0	192610	2	29403
0	7942	2	29403
0	175822	2	29403
0	343702	2	29403
0	159034	2	29403
0	326914	2	29403
0	142246	2	29403
0	310158	1	29406
0	125490	1	29406
0	293370	1	29406
0	108702	1	29406
0	276582	1	29406
0	91914	1	29406
0	259794	1	29406
0	75126	1	29406
0	243006	1	29406
0	58338	1	29406
0	226218	1	29406
0	41550	1	29406
0	209430	1	29406
0	24762	1	29406
0	192642	1	29406
0	7974	1	29406
0	175854	1	29406
0	343734	1	29406
0	159066	1	29406
0	326946	1	29406
0	142278	1	29406
0	310158	2	29407
0	125490	2	29407
0	293370	2	29407
0	108702	2	29407
0	276582	2	29407
0	91914	2	29407
0	259794	2	29407
0	75126	2	29407
0	243006	2	29407
0	58338	2	29407
0	226218	2	29407
0	41550	2	29407
0	209430	2	29407
0	24762	2	29407
0	192642	2	29407
0	7974	2	29407
0	175854	2	29407
0	343734	2	29407
0	159066	2	29407
0	326946	2	29407
0	142278	2	29407
0	310679	2	29455
0	126011	2	29455
0	293891	2	29455
0	109223	2	29455
0	277103	2	29455
0	92435	2	29455
0	260315	2	29455
0	75647	2	29455
0	243527	2	29455
0	58859	2	29455
0	226739	2	29455
0	42071	2	29455
0	209951	2	29455
0	25283	2	29455
0	193163	2	29455
0	8495	2	29455
0	176375	2	29455
0	344255	2	29455
0	159587	2	29455
0	327467	2	29455
0	142799	2	29455
0	310742	2	29459
0	126074	2	29459
0	293954	2	29459
0	109286	2	29459
0	277166	2	29459
0	92498	2	29459
0	260378	2	29459
0	75710	2	29459
0	243590	2	29459
0	58922	2	29459
0	226802	2	29459
0	42134	2	29459
0	210014	2	29459
0	25346	2	29459
0	193226	2	29459
0	8558	2	29459
0	176438	2	29459
0	344318	2	29459
0	159650	2	29459
0	327530	2	29459
0	142862	2	29459
0	310851	2	29471
0	126183	2	29471
0	294063	2	29471
0	109395	2	29471
0	277275	2	29471
0	92607	2	29471
0	260487	2	29471
0	75819	2	29471
0	243699	2	29471
0	59031	2	29471
0	226911	2	29471
0	42243	2	29471
0	210123	2	29471
0	25455	2	29471
0	193335	2	29471
0	8667	2	29471
0	176547	2	29471
0	344427	2	29471
0	159759	2	29471
0	327639	2	29471
0	142971	2	29471
0	310939	2	29477
0	126271	2	29477
0	294151	2	29477
0	109483	2	29477
0	277363	2	29477
0	92695	2	29477
0	260575	2	29477
0	75907	2	29477
0	243787	2	29477
0	59119	2	29477
0	226999	2	29477
0	42331	2	29477
0	210211	2	29477
0	25543	2	29477
0	193423	2	29477
0	8755	2	29477
0	176635	2	29477
0	344515	2	29477
0	159847	2	29477
0	327727	2	29477
0	143059	2	29477
0	311102	2	29503
0	126434	2	29503
0	294314	2	29503
0	109646	2	29503
0	277526	2	29503
0	92858	2	29503
0	260738	2	29503
0	76070	2	29503
0	243950	2	29503
0	59282	2	29503
0	227162	2	29503
0	42494	2	29503
0	210374	2	29503
0	25706	2	29503
0	193586	2	29503
0	8918	2	29503
0	176798	2	29503
0	344678	2	29503
0	160010	2	29503
0	327890	2	29503
0	143222	2	29503
0	311104	2	29507
0	126436	2	29507
0	294316	2	29507
0	109648	2	29507
0	277528	2	29507
0	92860	2	29507
0	260740	2	29507
0	76072	2	29507
0	243952	2	29507
0	59284	2	29507
0	227164	2	29507
0	42496	2	29507
0	210376	2	29507
0	25708	2	29507
0	193588	2	29507
0	8920	2	29507
0	176800	2	29507
0	344680	2	29507
0	160012	2	29507
0	327892	2	29507
0	143224	2	29507
0	311325	2	29525
0	126657	2	29525
0	294537	2	29525
0	109869	2	29525
0	277749	2	29525
0	93081	2	29525
0	260961	2	29525
0	76293	2	29525
0	244173	2	29525
0	59505	2	29525
0	227385	2	29525
0	42717	2	29525
0	210597	2	29525
0	25929	2	29525
0	193809	2	29525
0	9141	2	29525
0	177021	2	29525
0	344901	2	29525
0	160233	2	29525
0	328113	2	29525
0	143445	2	29525
0	311326	2	29527
0	126658	2	29527
0	294538	2	29527
0	109870	2	29527
0	277750	2	29527
0	93082	2	29527
0	260962	2	29527
0	76294	2	29527
0	244174	2	29527
0	59506	2	29527
0	227386	2	29527
0	42718	2	29527
0	210598	2	29527
0	25930	2	29527
0	193810	2	29527
0	9142	2	29527
0	177022	2	29527
0	344902	2	29527
0	160234	2	29527
0	328114	2	29527
0	143446	2	29527
0	311850	2	29559
0	127182	2	29559
0	295062	2	29559
0	110394	2	29559
0	278274	2	29559
0	93606	2	29559
0	261486	2	29559
0	76818	2	29559
0	244698	2	29559
0	60030	2	29559
0	227910	2	29559
0	43242	2	29559
0	211122	2	29559
0	26454	2	29559
0	194334	2	29559
0	9666	2	29559
0	177546	2	29559
0	345426	2	29559
0	160758	2	29559
0	328638	2	29559
0	143970	2	29559
0	311855	1	29560
0	127187	1	29560
0	295067	1	29560
0	110399	1	29560
0	278279	1	29560
0	93611	1	29560
0	261491	1	29560
0	76823	1	29560
0	244703	1	29560
0	60035	1	29560
0	227915	1	29560
0	43247	1	29560
0	211127	1	29560
0	26459	1	29560
0	194339	1	29560
0	9671	1	29560
0	177551	1	29560
0	345431	1	29560
0	160763	1	29560
0	328643	1	29560
0	143975	1	29560
0	311855	2	29561
0	127187	2	29561
0	295067	2	29561
0	110399	2	29561
0	278279	2	29561
0	93611	2	29561
0	261491	2	29561
0	76823	2	29561
0	244703	2	29561
0	60035	2	29561
0	227915	2	29561
0	43247	2	29561
0	211127	2	29561
0	26459	2	29561
0	194339	2	29561
0	9671	2	29561
0	177551	2	29561
0	345431	2	29561
0	160763	2	29561
0	328643	2	29561
0	143975	2	29561
0	312029	2	29579
0	127361	2	29579
0	295241	2	29579
0	110573	2	29579
0	278453	2	29579
0	93785	2	29579
0	261665	2	29579
0	76997	2	29579
0	244877	2	29579
0	60209	2	29579
0	228089	2	29579
0	43421	2	29579
0	211301	2	29579
0	26633	2	29579
0	194513	2	29579
0	9845	2	29579
0	177725	2	29579
0	345605	2	29579
0	160937	2	29579
0	328817	2	29579
0	144149	2	29579
0	312042	2	29581
0	127374	2	29581
0	295254	2	29581
0	110586	2	29581
0	278466	2	29581
0	93798	2	29581
0	261678	2	29581
0	77010	2	29581
0	244890	2	29581
0	60222	2	29581
0	228102	2	29581
0	43434	2	29581
0	211314	2	29581
0	26646	2	29581
0	194526	2	29581
0	9858	2	29581
0	177738	2	29581
0	345618	2	29581
0	160950	2	29581
0	328830	2	29581
0	144162	2	29581
0	312148	1	29590
0	127480	1	29590
0	295360	1	29590
0	110692	1	29590
0	278572	1	29590
0	93904	1	29590
0	261784	1	29590
0	77116	1	29590
0	244996	1	29590
0	60328	1	29590
0	228208	1	29590
0	43540	1	29590
0	211420	1	29590
0	26752	1	29590
0	194632	1	29590
0	9964	1	29590
0	177844	1	29590
0	345724	1	29590
0	161056	1	29590
0	328936	1	29590
0	144268	1	29590
0	312148	2	29591
0	127480	2	29591
0	295360	2	29591
0	110692	2	29591
0	278572	2	29591
0	93904	2	29591
0	261784	2	29591
0	77116	2	29591
0	244996	2	29591
0	60328	2	29591
0	228208	2	29591
0	43540	2	29591
0	211420	2	29591
0	26752	2	29591
0	194632	2	29591
0	9964	2	29591
0	177844	2	29591
0	345724	2	29591
0	161056	2	29591
0	328936	2	29591
0	144268	2	29591
0	312172	1	29594
0	127504	1	29594
0	295384	1	29594
0	110716	1	29594
0	278596	1	29594
0	93928	1	29594
0	261808	1	29594
0	77140	1	29594
0	245020	1	29594
0	60352	1	29594
0	228232	1	29594
0	43564	1	29594
0	211444	1	29594
0	26776	1	29594
0	194656	1	29594
0	9988	1	29594
0	177868	1	29594
0	345748	1	29594
0	161080	1	29594
0	328960	1	29594
0	144292	1	29594
0	312172	2	29595
0	127504	2	29595
0	295384	2	29595
0	110716	2	29595
0	278596	2	29595
0	93928	2	29595
0	261808	2	29595
0	77140	2	29595
0	245020	2	29595
0	60352	2	29595
0	228232	2	29595
0	43564	2	29595
0	211444	2	29595
0	26776	2	29595
0	194656	2	29595
0	9988	2	29595
0	177868	2	29595
0	345748	2	29595
0	161080	2	29595
0	328960	2	29595
0	144292	2	29595
0	312173	2	29597
0	127505	2	29597
0	295385	2	29597
0	110717	2	29597
0	278597	2	29597
0	93929	2	29597
0	261809	2	29597
0	77141	2	29597
0	245021	2	29597
0	60353	2	29597
0	228233	2	29597
0	43565	2	29597
0	211445	2	29597
0	26777	2	29597
0	194657	2	29597
0	9989	2	29597
0	177869	2	29597
0	345749	2	29597
0	161081	2	29597
0	328961	2	29597
0	144293	2	29597
0	312222	2	29603
0	127554	2	29603
0	295434	2	29603
0	110766	2	29603
0	278646	2	29603
0	93978	2	29603
0	261858	2	29603
0	77190	2	29603
0	245070	2	29603
0	60402	2	29603
0	228282	2	29603
0	43614	2	29603
0	211494	2	29603
0	26826	2	29603
0	194706	2	29603
0	10038	2	29603
0	177918	2	29603
0	345798	2	29603
0	161130	2	29603
0	329010	2	29603
0	144342	2	29603
0	312698	1	29630
0	128030	1	29630
0	295910	1	29630
0	111242	1	29630
0	279122	1	29630
0	94454	1	29630
0	262334	1	29630
0	77666	1	29630
0	245546	1	29630
0	60878	1	29630
0	228758	1	29630
0	44090	1	29630
0	211970	1	29630
0	27302	1	29630
0	195182	1	29630
0	10514	1	29630
0	178394	1	29630
0	346274	1	29630
0	161606	1	29630
0	329486	1	29630
0	144818	1	29630
0	312861	2	29649
0	128193	2	29649
0	296073	2	29649
0	111405	2	29649
0	279285	2	29649
0	94617	2	29649
0	262497	2	29649
0	77829	2	29649
0	245709	2	29649
0	61041	2	29649
0	228921	2	29649
0	44253	2	29649
0	212133	2	29649
0	27465	2	29649
0	195345	2	29649
0	10677	2	29649
0	178557	2	29649
0	346437	2	29649
0	161769	2	29649
0	329649	2	29649
0	144981	2	29649
0	313566	2	29709
0	128898	2	29709
0	296778	2	29709
0	112110	2	29709
0	279990	2	29709
0	95322	2	29709
0	263202	2	29709
0	78534	2	29709
0	246414	2	29709
0	61746	2	29709
0	229626	2	29709
0	44958	2	29709
0	212838	2	29709
0	28170	2	29709
0	196050	2	29709
0	11382	2	29709
0	179262	2	29709
0	347142	2	29709
0	162474	2	29709
0	330354	2	29709
0	145686	2	29709
0	314017	2	29757
0	129349	2	29757
0	297229	2	29757
0	112561	2	29757
0	280441	2	29757
0	95773	2	29757
0	263653	2	29757
0	78985	2	29757
0	246865	2	29757
0	62197	2	29757
0	230077	2	29757
0	45409	2	29757
0	213289	2	29757
0	28621	2	29757
0	196501	2	29757
0	11833	2	29757
0	179713	2	29757
0	347593	2	29757
0	162925	2	29757
0	330805	2	29757
0	146137	2	29757
0	314077	2	29763
0	129409	2	29763
0	297289	2	29763
0	112621	2	29763
0	280501	2	29763
0	95833	2	29763
0	263713	2	29763
0	79045	2	29763
0	246925	2	29763
0	62257	2	29763
0	230137	2	29763
0	45469	2	29763
0	213349	2	29763
0	28681	2	29763
0	196561	2	29763
0	11893	2	29763
0	179773	2	29763
0	347653	2	29763
0	162985	2	29763
0	330865	2	29763
0	146197	2	29763
0	314245	2	29775
0	129577	2	29775
0	297457	2	29775
0	112789	2	29775
0	280669	2	29775
0	96001	2	29775
0	263881	2	29775
0	79213	2	29775
0	247093	2	29775
0	62425	2	29775
0	230305	2	29775
0	45637	2	29775
0	213517	2	29775
0	28849	2	29775
0	196729	2	29775
0	12061	2	29775
0	179941	2	29775
0	347821	2	29775
0	163153	2	29775
0	331033	2	29775
0	146365	2	29775
0	314449	2	29797
0	129781	2	29797
0	297661	2	29797
0	112993	2	29797
0	280873	2	29797
0	96205	2	29797
0	264085	2	29797
0	79417	2	29797
0	247297	2	29797
0	62629	2	29797
0	230509	2	29797
0	45841	2	29797
0	213721	2	29797
0	29053	2	29797
0	196933	2	29797
0	12265	2	29797
0	180145	2	29797
0	348025	2	29797
0	163357	2	29797
0	331237	2	29797
0	146569	2	29797
0	314457	2	29799
0	129789	2	29799
0	297669	2	29799
0	113001	2	29799
0	280881	2	29799
0	96213	2	29799
0	264093	2	29799
0	79425	2	29799
0	247305	2	29799
0	62637	2	29799
0	230517	2	29799
0	45849	2	29799
0	213729	2	29799
0	29061	2	29799
0	196941	2	29799
0	12273	2	29799
0	180153	2	29799
0	348033	2	29799
0	163365	2	29799
0	331245	2	29799
0	146577	2	29799
0	314462	2	29803
0	129794	2	29803
0	297674	2	29803
0	113006	2	29803
0	280886	2	29803
0	96218	2	29803
0	264098	2	29803
0	79430	2	29803
0	247310	2	29803
0	62642	2	29803
0	230522	2	29803
0	45854	2	29803
0	213734	2	29803
0	29066	2	29803
0	196946	2	29803
0	12278	2	29803
0	180158	2	29803
0	348038	2	29803
0	163370	2	29803
0	331250	2	29803
0	146582	2	29803
0	315237	2	29867
0	130569	2	29867
0	298449	2	29867
0	113781	2	29867
0	281661	2	29867
0	96993	2	29867
0	264873	2	29867
0	80205	2	29867
0	248085	2	29867
0	63417	2	29867
0	231297	2	29867
0	46629	2	29867
0	214509	2	29867
0	29841	2	29867
0	197721	2	29867
0	13053	2	29867
0	180933	2	29867
0	348813	2	29867
0	164145	2	29867
0	332025	2	29867
0	147357	2	29867
0	316160	2	29951
0	131492	2	29951
0	299372	2	29951
0	114704	2	29951
0	282584	2	29951
0	97916	2	29951
0	265796	2	29951
0	81128	2	29951
0	249008	2	29951
0	64340	2	29951
0	232220	2	29951
0	47552	2	29951
0	215432	2	29951
0	30764	2	29951
0	198644	2	29951
0	13976	2	29951
0	181856	2	29951
0	349736	2	29951
0	165068	2	29951
0	332948	2	29951
0	148280	2	29951
0	317053	1	30030
0	132385	1	30030
0	300265	1	30030
0	115597	1	30030
0	283477	1	30030
0	98809	1	30030
0	266689	1	30030
0	82021	1	30030
0	249901	1	30030
0	65233	1	30030
0	233113	1	30030
0	48445	1	30030
0	216325	1	30030
0	31657	1	30030
0	199537	1	30030
0	14869	1	30030
0	182749	1	30030
0	350629	1	30030
0	165961	1	30030
0	333841	1	30030
0	149173	1	30030
0	317097	2	30033
0	132429	2	30033
0	300309	2	30033
0	115641	2	30033
0	283521	2	30033
0	98853	2	30033
0	266733	2	30033
0	82065	2	30033
0	249945	2	30033
0	65277	2	30033
0	233157	2	30033
0	48489	2	30033
0	216369	2	30033
0	31701	2	30033
0	199581	2	30033
0	14913	2	30033
0	182793	2	30033
0	350673	2	30033
0	166005	2	30033
0	333885	2	30033
0	149217	2	30033
0	318072	2	30141
0	133404	2	30141
0	301284	2	30141
0	116616	2	30141
0	284496	2	30141
0	99828	2	30141
0	267708	2	30141
0	83040	2	30141
0	250920	2	30141
0	66252	2	30141
0	234132	2	30141
0	49464	2	30141
0	217344	2	30141
0	32676	2	30141
0	200556	2	30141
0	15888	2	30141
0	183768	2	30141
0	351648	2	30141
0	166980	2	30141
0	334860	2	30141
0	150192	2	30141
0	318110	2	30147
0	133442	2	30147
0	301322	2	30147
0	116654	2	30147
0	284534	2	30147
0	99866	2	30147
0	267746	2	30147
0	83078	2	30147
0	250958	2	30147
0	66290	2	30147
0	234170	2	30147
0	49502	2	30147
0	217382	2	30147
0	32714	2	30147
0	200594	2	30147
0	15926	2	30147
0	183806	2	30147
0	351686	2	30147
0	167018	2	30147
0	334898	2	30147
0	150230	2	30147
0	318187	2	30169
0	133519	2	30169
0	301399	2	30169
0	116731	2	30169
0	284611	2	30169
0	99943	2	30169
0	267823	2	30169
0	83155	2	30169
0	251035	2	30169
0	66367	2	30169
0	234247	2	30169
0	49579	2	30169
0	217459	2	30169
0	32791	2	30169
0	200671	2	30169
0	16003	2	30169
0	183883	2	30169
0	351763	2	30169
0	167095	2	30169
0	334975	2	30169
0	150307	2	30169
0	318289	2	30183
0	133621	2	30183
0	301501	2	30183
0	116833	2	30183
0	284713	2	30183
0	100045	2	30183
0	267925	2	30183
0	83257	2	30183
0	251137	2	30183
0	66469	2	30183
0	234349	2	30183
0	49681	2	30183
0	217561	2	30183
0	32893	2	30183
0	200773	2	30183
0	16105	2	30183
0	183985	2	30183
0	351865	2	30183
0	167197	2	30183
0	335077	2	30183
0	150409	2	30183
0	318697	1	30222
0	134029	1	30222
0	301909	1	30222
0	117241	1	30222
0	285121	1	30222
0	100453	1	30222
0	268333	1	30222
0	83665	1	30222
0	251545	1	30222
0	66877	1	30222
0	234757	1	30222
0	50089	1	30222
0	217969	1	30222
0	33301	1	30222
0	201181	1	30222
0	16513	1	30222
0	184393	1	30222
0	352273	1	30222
0	167605	1	30222
0	335485	1	30222
0	150817	1	30222
0	318892	2	30231
0	134224	2	30231
0	302104	2	30231
0	117436	2	30231
0	285316	2	30231
0	100648	2	30231
0	268528	2	30231
0	83860	2	30231
0	251740	2	30231
0	67072	2	30231
0	234952	2	30231
0	50284	2	30231
0	218164	2	30231
0	33496	2	30231
0	201376	2	30231
0	16708	2	30231
0	184588	2	30231
0	352468	2	30231
0	167800	2	30231
0	335680	2	30231
0	151012	2	30231
0	318976	2	30241
0	134308	2	30241
0	302188	2	30241
0	117520	2	30241
0	285400	2	30241
0	100732	2	30241
0	268612	2	30241
0	83944	2	30241
0	251824	2	30241
0	67156	2	30241
0	235036	2	30241
0	50368	2	30241
0	218248	2	30241
0	33580	2	30241
0	201460	2	30241
0	16792	2	30241
0	184672	2	30241
0	4	2	30241
0	167884	2	30241
0	335764	2	30241
0	151096	2	30241
0	319324	2	30281
0	134656	2	30281
0	302536	2	30281
0	117868	2	30281
0	285748	2	30281
0	101080	2	30281
0	268960	2	30281
0	84292	2	30281
0	252172	2	30281
0	67504	2	30281
0	235384	2	30281
0	50716	2	30281
0	218596	2	30281
0	33928	2	30281
0	201808	2	30281
0	17140	2	30281
0	185020	2	30281
0	352	2	30281
0	168232	2	30281
0	336112	2	30281
0	151444	2	30281
0	319416	2	30289
0	134748	2	30289
0	302628	2	30289
0	117960	2	30289
0	285840	2	30289
0	101172	2	30289
0	269052	2	30289
0	84384	2	30289
0	252264	2	30289
0	67596	2	30289
0	235476	2	30289
0	50808	2	30289
0	218688	2	30289
0	34020	2	30289
0	201900	2	30289
0	17232	2	30289
0	185112	2	30289
0	444	2	30289
0	168324	2	30289
0	336204	2	30289
0	151536	2	30289
0	319430	2	30291
0	134762	2	30291
0	302642	2	30291
0	117974	2	30291
0	285854	2	30291
0	101186	2	30291
0	269066	2	30291
0	84398	2	30291
0	252278	2	30291
0	67610	2	30291
0	235490	2	30291
0	50822	2	30291
0	218702	2	30291
0	34034	2	30291
0	201914	2	30291
0	17246	2	30291
0	185126	2	30291
0	458	2	30291
0	168338	2	30291
0	336218	2	30291
0	151550	2	30291
0	319970	2	30341
0	135302	2	30341
0	303182	2	30341
0	118514	2	30341
0	286394	2	30341
0	101726	2	30341
0	269606	2	30341
0	84938	2	30341
0	252818	2	30341
0	68150	2	30341
0	236030	2	30341
0	51362	2	30341
0	219242	2	30341
0	34574	2	30341
0	202454	2	30341
0	17786	2	30341
0	185666	2	30341
0	998	2	30341
0	168878	2	30341
0	336758	2	30341
0	152090	2	30341
0	320151	2	30355
0	135483	2	30355
0	303363	2	30355
0	118695	2	30355
0	286575	2	30355
0	101907	2	30355
0	269787	2	30355
0	85119	2	30355
0	252999	2	30355
0	68331	2	30355
0	236211	2	30355
0	51543	2	30355
0	219423	2	30355
0	34755	2	30355
0	202635	2	30355
0	17967	2	30355
0	185847	2	30355
0	1179	2	30355
0	169059	2	30355
0	336939	2	30355
0	152271	2	30355
0	320280	2	30365
0	135612	2	30365
0	303492	2	30365
0	118824	2	30365
0	286704	2	30365
0	102036	2	30365
0	269916	2	30365
0	85248	2	30365
0	253128	2	30365
0	68460	2	30365
0	236340	2	30365
0	51672	2	30365
0	219552	2	30365
0	34884	2	30365
0	202764	2	30365
0	18096	2	30365
0	185976	2	30365
0	1308	2	30365
0	169188	2	30365
0	337068	2	30365
0	152400	2	30365
0	320282	2	30369
0	135614	2	30369
0	303494	2	30369
0	118826	2	30369
0	286706	2	30369
0	102038	2	30369
0	269918	2	30369
0	85250	2	30369
0	253130	2	30369
0	68462	2	30369
0	236342	2	30369
0	51674	2	30369
0	219554	2	30369
0	34886	2	30369
0	202766	2	30369
0	18098	2	30369
0	185978	2	30369
0	1310	2	30369
0	169190	2	30369
0	337070	2	30369
0	152402	2	30369
0	320283	2	30371
0	135615	2	30371
0	303495	2	30371
0	118827	2	30371
0	286707	2	30371
0	102039	2	30371
0	269919	2	30371
0	85251	2	30371
0	253131	2	30371
0	68463	2	30371
0	236343	2	30371
0	51675	2	30371
0	219555	2	30371
0	34887	2	30371
0	202767	2	30371
0	18099	2	30371
0	185979	2	30371
0	1311	2	30371
0	169191	2	30371
0	337071	2	30371
0	152403	2	30371
0	321250	2	30457
0	136582	2	30457
0	304462	2	30457
0	119794	2	30457
0	287674	2	30457
0	103006	2	30457
0	270886	2	30457
0	86218	2	30457
0	254098	2	30457
0	69430	2	30457
0	237310	2	30457
0	52642	2	30457
0	220522	2	30457
0	35854	2	30457
0	203734	2	30457
0	19066	2	30457
0	186946	2	30457
0	2278	2	30457
0	170158	2	30457
0	338038	2	30457
0	153370	2	30457
0	321421	2	30473
0	136753	2	30473
0	304633	2	30473
0	119965	2	30473
0	287845	2	30473
0	103177	2	30473
0	271057	2	30473
0	86389	2	30473
0	254269	2	30473
0	69601	2	30473
0	237481	2	30473
0	52813	2	30473
0	220693	2	30473
0	36025	2	30473
0	203905	2	30473
0	19237	2	30473
0	187117	2	30473
0	2449	2	30473
0	170329	2	30473
0	338209	2	30473
0	153541	2	30473
0	321422	2	30475
0	136754	2	30475
0	304634	2	30475
0	119966	2	30475
0	287846	2	30475
0	103178	2	30475
0	271058	2	30475
0	86390	2	30475
0	254270	2	30475
0	69602	2	30475
0	237482	2	30475
0	52814	2	30475
0	220694	2	30475
0	36026	2	30475
0	203906	2	30475
0	19238	2	30475
0	187118	2	30475
0	2450	2	30475
0	170330	2	30475
0	338210	2	30475
0	153542	2	30475
0	321620	1	30496
0	136952	1	30496
0	304832	1	30496
0	120164	1	30496
0	288044	1	30496
0	103376	1	30496
0	271256	1	30496
0	86588	1	30496
0	254468	1	30496
0	69800	1	30496
0	237680	1	30496
0	53012	1	30496
0	220892	1	30496
0	36224	1	30496
0	204104	1	30496
0	19436	1	30496
0	187316	1	30496
0	2648	1	30496
0	170528	1	30496
0	338408	1	30496
0	153740	1	30496
0	321620	2	30497
0	136952	2	30497
0	304832	2	30497
0	120164	2	30497
0	288044	2	30497
0	103376	2	30497
0	271256	2	30497
0	86588	2	30497
0	254468	2	30497
0	69800	2	30497
0	237680	2	30497
0	53012	2	30497
0	220892	2	30497
0	36224	2	30497
0	204104	2	30497
0	19436	2	30497
0	187316	2	30497
0	2648	2	30497
0	170528	2	30497
0	338408	2	30497
0	153740	2	30497
0	321637	2	30499
0	136969	2	30499
0	304849	2	30499
0	120181	2	30499
0	288061	2	30499
0	103393	2	30499
0	271273	2	30499
0	86605	2	30499
0	254485	2	30499
0	69817	2	30499
0	237697	2	30499
0	53029	2	30499
0	220909	2	30499
0	36241	2	30499
0	204121	2	30499
0	19453	2	30499
0	187333	2	30499
0	2665	2	30499
0	170545	2	30499
0	338425	2	30499
0	153757	2	30499
0	322131	2	30549
0	137463	2	30549
0	305343	2	30549
0	120675	2	30549
0	288555	2	30549
0	103887	2	30549
0	271767	2	30549
0	87099	2	30549
0	254979	2	30549
0	70311	2	30549
0	238191	2	30549
0	53523	2	30549
0	221403	2	30549
0	36735	2	30549
0	204615	2	30549
0	19947	2	30549
0	187827	2	30549
0	3159	2	30549
0	171039	2	30549
0	338919	2	30549
0	154251	2	30549
0	322132	2	30551
0	137464	2	30551
0	305344	2	30551
0	120676	2	30551
0	288556	2	30551
0	103888	2	30551
0	271768	2	30551
0	87100	2	30551
0	254980	2	30551
0	70312	2	30551
0	238192	2	30551
0	53524	2	30551
0	221404	2	30551
0	36736	2	30551
0	204616	2	30551
0	19948	2	30551
0	187828	2	30551
0	3160	2	30551
0	171040	2	30551
0	338920	2	30551
0	154252	2	30551
0	322474	2	30591
0	137806	2	30591
0	305686	2	30591
0	121018	2	30591
0	288898	2	30591
0	104230	2	30591
0	272110	2	30591
0	87442	2	30591
0	255322	2	30591
0	70654	2	30591
0	238534	2	30591
0	53866	2	30591
0	221746	2	30591
0	37078	2	30591
0	204958	2	30591
0	20290	2	30591
0	188170	2	30591
0	3502	2	30591
0	171382	2	30591
0	339262	2	30591
0	154594	2	30591
0	322528	2	30597
0	137860	2	30597
0	305740	2	30597
0	121072	2	30597
0	288952	2	30597
0	104284	2	30597
0	272164	2	30597
0	87496	2	30597
0	255376	2	30597
0	70708	2	30597
0	238588	2	30597
0	53920	2	30597
0	221800	2	30597
0	37132	2	30597
0	205012	2	30597
0	20344	2	30597
0	188224	2	30597
0	3556	2	30597
0	171436	2	30597
0	339316	2	30597
0	154648	2	30597
0	322540	2	30603
0	137872	2	30603
0	305752	2	30603
0	121084	2	30603
0	288964	2	30603
0	104296	2	30603
0	272176	2	30603
0	87508	2	30603
0	255388	2	30603
0	70720	2	30603
0	238600	2	30603
0	53932	2	30603
0	221812	2	30603
0	37144	2	30603
0	205024	2	30603
0	20356	2	30603
0	188236	2	30603
0	3568	2	30603
0	171448	2	30603
0	339328	2	30603
0	154660	2	30603
0	322809	2	30625
0	138141	2	30625
0	306021	2	30625
0	121353	2	30625
0	289233	2	30625
0	104565	2	30625
0	272445	2	30625
0	87777	2	30625
0	255657	2	30625
0	70989	2	30625
0	238869	2	30625
0	54201	2	30625
0	222081	2	30625
0	37413	2	30625
0	205293	2	30625
0	20625	2	30625
0	188505	2	30625
0	3837	2	30625
0	171717	2	30625
0	339597	2	30625
0	154929	2	30625
0	323226	2	30693
0	138558	2	30693
0	306438	2	30693
0	121770	2	30693
0	289650	2	30693
0	104982	2	30693
0	272862	2	30693
0	88194	2	30693
0	256074	2	30693
0	71406	2	30693
0	239286	2	30693
0	54618	2	30693
0	222498	2	30693
0	37830	2	30693
0	205710	2	30693
0	21042	2	30693
0	188922	2	30693
0	4254	2	30693
0	172134	2	30693
0	340014	2	30693
0	155346	2	30693
0	323250	2	30695
0	138582	2	30695
0	306462	2	30695
0	121794	2	30695
0	289674	2	30695
0	105006	2	30695
0	272886	2	30695
0	88218	2	30695
0	256098	2	30695
0	71430	2	30695
0	239310	2	30695
0	54642	2	30695
0	222522	2	30695
0	37854	2	30695
0	205734	2	30695
0	21066	2	30695
0	188946	2	30695
0	4278	2	30695
0	172158	2	30695
0	340038	2	30695
0	155370	2	30695
0	323334	2	30707
0	138666	2	30707
0	306546	2	30707
0	121878	2	30707
0	289758	2	30707
0	105090	2	30707
0	272970	2	30707
0	88302	2	30707
0	256182	2	30707
0	71514	2	30707
0	239394	2	30707
0	54726	2	30707
0	222606	2	30707
0	37938	2	30707
0	205818	2	30707
0	21150	2	30707
0	189030	2	30707
0	4362	2	30707
0	172242	2	30707
0	340122	2	30707
0	155454	2	30707
0	323590	2	30731
0	138922	2	30731
0	306802	2	30731
0	122134	2	30731
0	290014	2	30731
0	105346	2	30731
0	273226	2	30731
0	88558	2	30731
0	256438	2	30731
0	71770	2	30731
0	239650	2	30731
0	54982	2	30731
0	222862	2	30731
0	38194	2	30731
0	206074	2	30731
0	21406	2	30731
0	189286	2	30731
0	4618	2	30731
0	172498	2	30731
0	340378	2	30731
0	155710	2	30731
0	323594	2	30735
0	138926	2	30735
0	306806	2	30735
0	122138	2	30735
0	290018	2	30735
0	105350	2	30735
0	273230	2	30735
0	88562	2	30735
0	256442	2	30735
0	71774	2	30735
0	239654	2	30735
0	54986	2	30735
0	222866	2	30735
0	38198	2	30735
0	206078	2	30735
0	21410	2	30735
0	189290	2	30735
0	4622	2	30735
0	172502	2	30735
0	340382	2	30735
0	155714	2	30735
0	324180	2	30783
0	139512	2	30783
0	307392	2	30783
0	122724	2	30783
0	290604	2	30783
0	105936	2	30783
0	273816	2	30783
0	89148	2	30783
0	257028	2	30783
0	72360	2	30783
0	240240	2	30783
0	55572	2	30783
0	223452	2	30783
0	38784	2	30783
0	206664	2	30783
0	21996	2	30783
0	189876	2	30783
0	5208	2	30783
0	173088	2	30783
0	340968	2	30783
0	156300	2	30783
0	324181	2	30785
0	139513	2	30785
0	307393	2	30785
0	122725	2	30785
0	290605	2	30785
0	105937	2	30785
0	273817	2	30785
0	89149	2	30785
0	257029	2	30785
0	72361	2	30785
0	240241	2	30785
0	55573	2	30785
0	223453	2	30785
0	38785	2	30785
0	206665	2	30785
0	21997	2	30785
0	189877	2	30785
0	5209	2	30785
0	173089	2	30785
0	340969	2	30785
0	156301	2	30785
0	324182	2	30787
0	139514	2	30787
0	307394	2	30787
0	122726	2	30787
0	290606	2	30787
0	105938	2	30787
0	273818	2	30787
0	89150	2	30787
0	257030	2	30787
0	72362	2	30787
0	240242	2	30787
0	55574	2	30787
0	223454	2	30787
0	38786	2	30787
0	206666	2	30787
0	21998	2	30787
0	189878	2	30787
0	5210	2	30787
0	173090	2	30787
0	340970	2	30787
0	156302	2	30787
0	324238	2	30791
0	139570	2	30791
0	307450	2	30791
0	122782	2	30791
0	290662	2	30791
0	105994	2	30791
0	273874	2	30791
0	89206	2	30791
0	257086	2	30791
0	72418	2	30791
0	240298	2	30791
0	55630	2	30791
0	223510	2	30791
0	38842	2	30791
0	206722	2	30791
0	22054	2	30791
0	189934	2	30791
0	5266	2	30791
0	173146	2	30791
0	341026	2	30791
0	156358	2	30791
0	324598	2	30815
0	139930	2	30815
0	307810	2	30815
0	123142	2	30815
0	291022	2	30815
0	106354	2	30815
0	274234	2	30815
0	89566	2	30815
0	257446	2	30815
0	72778	2	30815
0	240658	2	30815
0	55990	2	30815
0	223870	2	30815
0	39202	2	30815
0	207082	2	30815
0	22414	2	30815
0	190294	2	30815
0	5626	2	30815
0	173506	2	30815
0	341386	2	30815
0	156718	2	30815
0	324950	2	30847
0	140282	2	30847
0	308162	2	30847
0	123494	2	30847
0	291374	2	30847
0	106706	2	30847
0	274586	2	30847
0	89918	2	30847
0	257798	2	30847
0	73130	2	30847
0	241010	2	30847
0	56342	2	30847
0	224222	2	30847
0	39554	2	30847
0	207434	2	30847
0	22766	2	30847
0	190646	2	30847
0	5978	2	30847
0	173858	2	30847
0	341738	2	30847
0	157070	2	30847
0	325425	2	30875
0	140757	2	30875
0	308637	2	30875
0	123969	2	30875
0	291849	2	30875
0	107181	2	30875
0	275061	2	30875
0	90393	2	30875
0	258273	2	30875
0	73605	2	30875
0	241485	2	30875
0	56817	2	30875
0	224697	2	30875
0	40029	2	30875
0	207909	2	30875
0	23241	2	30875
0	191121	2	30875
0	6453	2	30875
0	174333	2	30875
0	342213	2	30875
0	157545	2	30875
0	325426	2	30877
0	140758	2	30877
0	308638	2	30877
0	123970	2	30877
0	291850	2	30877
0	107182	2	30877
0	275062	2	30877
0	90394	2	30877
0	258274	2	30877
0	73606	2	30877
0	241486	2	30877
0	56818	2	30877
0	224698	2	30877
0	40030	2	30877
0	207910	2	30877
0	23242	2	30877
0	191122	2	30877
0	6454	2	30877
0	174334	2	30877
0	342214	2	30877
0	157546	2	30877
0	325447	2	30879
0	140779	2	30879
0	308659	2	30879
0	123991	2	30879
0	291871	2	30879
0	107203	2	30879
0	275083	2	30879
0	90415	2	30879
0	258295	2	30879
0	73627	2	30879
0	241507	2	30879
0	56839	2	30879
0	224719	2	30879
0	40051	2	30879
0	207931	2	30879
0	23263	2	30879
0	191143	2	30879
0	6475	2	30879
0	174355	2	30879
0	342235	2	30879
0	157567	2	30879
0	325708	2	30905
0	141040	2	30905
0	308920	2	30905
0	124252	2	30905
0	292132	2	30905
0	107464	2	30905
0	275344	2	30905
0	90676	2	30905
0	258556	2	30905
0	73888	2	30905
0	241768	2	30905
0	57100	2	30905
0	224980	2	30905
0	40312	2	30905
0	208192	2	30905
0	23524	2	30905
0	191404	2	30905
0	6736	2	30905
0	174616	2	30905
0	342496	2	30905
0	157828	2	30905
0	326398	2	30987
0	141730	2	30987
0	309610	2	30987
0	124942	2	30987
0	292822	2	30987
0	108154	2	30987
0	276034	2	30987
0	91366	2	30987
0	259246	2	30987
0	74578	2	30987
0	242458	2	30987
0	57790	2	30987
0	225670	2	30987
0	41002	2	30987
0	208882	2	30987
0	24214	2	30987
0	192094	2	30987
0	7426	2	30987
0	175306	2	30987
0	343186	2	30987
0	158518	2	30987
0	326400	2	30991
0	141732	2	30991
0	309612	2	30991
0	124944	2	30991
0	292824	2	30991
0	108156	2	30991
0	276036	2	30991
0	91368	2	30991
0	259248	2	30991
0	74580	2	30991
0	242460	2	30991
0	57792	2	30991
0	225672	2	30991
0	41004	2	30991
0	208884	2	30991
0	24216	2	30991
0	192096	2	30991
0	7428	2	30991
0	175308	2	30991
0	343188	2	30991
0	158520	2	30991
0	326423	2	30995
0	141755	2	30995
0	309635	2	30995
0	124967	2	30995
0	292847	2	30995
0	108179	2	30995
0	276059	2	30995
0	91391	2	30995
0	259271	2	30995
0	74603	2	30995
0	242483	2	30995
0	57815	2	30995
0	225695	2	30995
0	41027	2	30995
0	208907	2	30995
0	24239	2	30995
0	192119	2	30995
0	7451	2	30995
0	175331	2	30995
0	343211	2	30995
0	158543	2	30995
0	326581	1	31004
0	141913	1	31004
0	309793	1	31004
0	125125	1	31004
0	293005	1	31004
0	108337	1	31004
0	276217	1	31004
0	91549	1	31004
0	259429	1	31004
0	74761	1	31004
0	242641	1	31004
0	57973	1	31004
0	225853	1	31004
0	41185	1	31004
0	209065	1	31004
0	24397	1	31004
0	192277	1	31004
0	7609	1	31004
0	175489	1	31004
0	343369	1	31004
0	158701	1	31004
0	326581	2	31005
0	141913	2	31005
0	309793	2	31005
0	125125	2	31005
0	293005	2	31005
0	108337	2	31005
0	276217	2	31005
0	91549	2	31005
0	259429	2	31005
0	74761	2	31005
0	242641	2	31005
0	57973	2	31005
0	225853	2	31005
0	41185	2	31005
0	209065	2	31005
0	24397	2	31005
0	192277	2	31005
0	7609	2	31005
0	175489	2	31005
0	343369	2	31005
0	158701	2	31005
0	326582	1	31006
0	141914	1	31006
0	309794	1	31006
0	125126	1	31006
0	293006	1	31006
0	108338	1	31006
0	276218	1	31006
0	91550	1	31006
0	259430	1	31006
0	74762	1	31006
0	242642	1	31006
0	57974	1	31006
0	225854	1	31006
0	41186	1	31006
0	209066	1	31006
0	24398	1	31006
0	192278	1	31006
0	7610	1	31006
0	175490	1	31006
0	343370	1	31006
0	158702	1	31006
0	326582	2	31007
0	141914	2	31007
0	309794	2	31007
0	125126	2	31007
0	293006	2	31007
0	108338	2	31007
0	276218	2	31007
0	91550	2	31007
0	259430	2	31007
0	74762	2	31007
0	242642	2	31007
0	57974	2	31007
0	225854	2	31007
0	41186	2	31007
0	209066	2	31007
0	24398	2	31007
0	192278	2	31007
0	7610	2	31007
0	175490	2	31007
0	343370	2	31007
0	158702	2	31007
0	326585	2	31013
0	141917	2	31013
0	309797	2	31013
0	125129	2	31013
0	293009	2	31013
0	108341	2	31013
0	276221	2	31013
0	91553	2	31013
0	259433	2	31013
0	74765	2	31013
0	242645	2	31013
0	57977	2	31013
0	225857	2	31013
0	41189	2	31013
0	209069	2	31013
0	24401	2	31013
0	192281	2	31013
0	7613	2	31013
0	175493	2	31013
0	343373	2	31013
0	158705	2	31013
0	326912	2	31055
0	142244	2	31055
0	310124	2	31055
0	125456	2	31055
0	293336	2	31055
0	108668	2	31055
0	276548	2	31055
0	91880	2	31055
0	259760	2	31055
0	75092	2	31055
0	242972	2	31055
0	58304	2	31055
0	226184	2	31055
0	41516	2	31055
0	209396	2	31055
0	24728	2	31055
0	192608	2	31055
0	7940	2	31055
0	175820	2	31055
0	343700	2	31055
0	159032	2	31055
0	326944	2	31059
0	142276	2	31059
0	310156	2	31059
0	125488	2	31059
0	293368	2	31059
0	108700	2	31059
0	276580	2	31059
0	91912	2	31059
0	259792	2	31059
0	75124	2	31059
0	243004	2	31059
0	58336	2	31059
0	226216	2	31059
0	41548	2	31059
0	209428	2	31059
0	24760	2	31059
0	192640	2	31059
0	7972	2	31059
0	175852	2	31059
0	343732	2	31059
0	159064	2	31059
0	327004	2	31063
0	142336	2	31063
0	310216	2	31063
0	125548	2	31063
0	293428	2	31063
0	108760	2	31063
0	276640	2	31063
0	91972	2	31063
0	259852	2	31063
0	75184	2	31063
0	243064	2	31063
0	58396	2	31063
0	226276	2	31063
0	41608	2	31063
0	209488	2	31063
0	24820	2	31063
0	192700	2	31063
0	8032	2	31063
0	175912	2	31063
0	343792	2	31063
0	159124	2	31063
0	327242	2	31077
0	142574	2	31077
0	310454	2	31077
0	125786	2	31077
0	293666	2	31077
0	108998	2	31077
0	276878	2	31077
0	92210	2	31077
0	260090	2	31077
0	75422	2	31077
0	243302	2	31077
0	58634	2	31077
0	226514	2	31077
0	41846	2	31077
0	209726	2	31077
0	25058	2	31077
0	192938	2	31077
0	8270	2	31077
0	176150	2	31077
0	344030	2	31077
0	159362	2	31077
0	327528	2	31099
0	142860	2	31099
0	310740	2	31099
0	126072	2	31099
0	293952	2	31099
0	109284	2	31099
0	277164	2	31099
0	92496	2	31099
0	260376	2	31099
0	75708	2	31099
0	243588	2	31099
0	58920	2	31099
0	226800	2	31099
0	42132	2	31099
0	210012	2	31099
0	25344	2	31099
0	193224	2	31099
0	8556	2	31099
0	176436	2	31099
0	344316	2	31099
0	159648	2	31099
0	328360	2	31175
0	143692	2	31175
0	311572	2	31175
0	126904	2	31175
0	294784	2	31175
0	110116	2	31175
0	277996	2	31175
0	93328	2	31175
0	261208	2	31175
0	76540	2	31175
0	244420	2	31175
0	59752	2	31175
0	227632	2	31175
0	42964	2	31175
0	210844	2	31175
0	26176	2	31175
0	194056	2	31175
0	9388	2	31175
0	177268	2	31175
0	345148	2	31175
0	160480	2	31175
0	328361	2	31177
0	143693	2	31177
0	311573	2	31177
0	126905	2	31177
0	294785	2	31177
0	110117	2	31177
0	277997	2	31177
0	93329	2	31177
0	261209	2	31177
0	76541	2	31177
0	244421	2	31177
0	59753	2	31177
0	227633	2	31177
0	42965	2	31177
0	210845	2	31177
0	26177	2	31177
0	194057	2	31177
0	9389	2	31177
0	177269	2	31177
0	345149	2	31177
0	160481	2	31177
0	328639	1	31218
0	143971	1	31218
0	311851	1	31218
0	127183	1	31218
0	295063	1	31218
0	110395	1	31218
0	278275	1	31218
0	93607	1	31218
0	261487	1	31218
0	76819	1	31218
0	244699	1	31218
0	60031	1	31218
0	227911	1	31218
0	43243	1	31218
0	211123	1	31218
0	26455	1	31218
0	194335	1	31218
0	9667	1	31218
0	177547	1	31218
0	345427	1	31218
0	160759	1	31218
0	328640	2	31221
0	143972	2	31221
0	311852	2	31221
0	127184	2	31221
0	295064	2	31221
0	110396	2	31221
0	278276	2	31221
0	93608	2	31221
0	261488	2	31221
0	76820	2	31221
0	244700	2	31221
0	60032	2	31221
0	227912	2	31221
0	43244	2	31221
0	211124	2	31221
0	26456	2	31221
0	194336	2	31221
0	9668	2	31221
0	177548	2	31221
0	345428	2	31221
0	160760	2	31221
0	328641	2	31223
0	143973	2	31223
0	311853	2	31223
0	127185	2	31223
0	295065	2	31223
0	110397	2	31223
0	278277	2	31223
0	93609	2	31223
0	261489	2	31223
0	76821	2	31223
0	244701	2	31223
0	60033	2	31223
0	227913	2	31223
0	43245	2	31223
0	211125	2	31223
0	26457	2	31223
0	194337	2	31223
0	9669	2	31223
0	177549	2	31223
0	345429	2	31223
0	160761	2	31223
0	328827	1	31236
0	144159	1	31236
0	312039	1	31236
0	127371	1	31236
0	295251	1	31236
0	110583	1	31236
0	278463	1	31236
0	93795	1	31236
0	261675	1	31236
0	77007	1	31236
0	244887	1	31236
0	60219	1	31236
0	228099	1	31236
0	43431	1	31236
0	211311	1	31236
0	26643	1	31236
0	194523	1	31236
0	9855	1	31236
0	177735	1	31236
0	345615	1	31236
0	160947	1	31236
0	328828	2	31239
0	144160	2	31239
0	312040	2	31239
0	127372	2	31239
0	295252	2	31239
0	110584	2	31239
0	278464	2	31239
0	93796	2	31239
0	261676	2	31239
0	77008	2	31239
0	244888	2	31239
0	60220	2	31239
0	228100	2	31239
0	43432	2	31239
0	211312	2	31239
0	26644	2	31239
0	194524	2	31239
0	9856	2	31239
0	177736	2	31239
0	345616	2	31239
0	160948	2	31239
0	328932	1	31248
0	144264	1	31248
0	312144	1	31248
0	127476	1	31248
0	295356	1	31248
0	110688	1	31248
0	278568	1	31248
0	93900	1	31248
0	261780	1	31248
0	77112	1	31248
0	244992	1	31248
0	60324	1	31248
0	228204	1	31248
0	43536	1	31248
0	211416	1	31248
0	26748	1	31248
0	194628	1	31248
0	9960	1	31248
0	177840	1	31248
0	345720	1	31248
0	161052	1	31248
0	328932	2	31249
0	144264	2	31249
0	312144	2	31249
0	127476	2	31249
0	295356	2	31249
0	110688	2	31249
0	278568	2	31249
0	93900	2	31249
0	261780	2	31249
0	77112	2	31249
0	244992	2	31249
0	60324	2	31249
0	228204	2	31249
0	43536	2	31249
0	211416	2	31249
0	26748	2	31249
0	194628	2	31249
0	9960	2	31249
0	177840	2	31249
0	345720	2	31249
0	161052	2	31249
0	328933	2	31251
0	144265	2	31251
0	312145	2	31251
0	127477	2	31251
0	295357	2	31251
0	110689	2	31251
0	278569	2	31251
0	93901	2	31251
0	261781	2	31251
0	77113	2	31251
0	244993	2	31251
0	60325	2	31251
0	228205	2	31251
0	43537	2	31251
0	211417	2	31251
0	26749	2	31251
0	194629	2	31251
0	9961	2	31251
0	177841	2	31251
0	345721	2	31251
0	161053	2	31251
0	328934	1	31252
0	144266	1	31252
0	312146	1	31252
0	127478	1	31252
0	295358	1	31252
0	110690	1	31252
0	278570	1	31252
0	93902	1	31252
0	261782	1	31252
0	77114	1	31252
0	244994	1	31252
0	60326	1	31252
0	228206	1	31252
0	43538	1	31252
0	211418	1	31252
0	26750	1	31252
0	194630	1	31252
0	9962	1	31252
0	177842	1	31252
0	345722	1	31252
0	161054	1	31252
0	329007	2	31259
0	144339	2	31259
0	312219	2	31259
0	127551	2	31259
0	295431	2	31259
0	110763	2	31259
0	278643	2	31259
0	93975	2	31259
0	261855	2	31259
0	77187	2	31259
0	245067	2	31259
0	60399	2	31259
0	228279	2	31259
0	43611	2	31259
0	211491	2	31259
0	26823	2	31259
0	194703	2	31259
0	10035	2	31259
0	177915	2	31259
0	345795	2	31259
0	161127	2	31259
0	329051	2	31269
0	144383	2	31269
0	312263	2	31269
0	127595	2	31269
0	295475	2	31269
0	110807	2	31269
0	278687	2	31269
0	94019	2	31269
0	261899	2	31269
0	77231	2	31269
0	245111	2	31269
0	60443	2	31269
0	228323	2	31269
0	43655	2	31269
0	211535	2	31269
0	26867	2	31269
0	194747	2	31269
0	10079	2	31269
0	177959	2	31269
0	345839	2	31269
0	161171	2	31269
0	329300	2	31295
0	144632	2	31295
0	312512	2	31295
0	127844	2	31295
0	295724	2	31295
0	111056	2	31295
0	278936	2	31295
0	94268	2	31295
0	262148	2	31295
0	77480	2	31295
0	245360	2	31295
0	60692	2	31295
0	228572	2	31295
0	43904	2	31295
0	211784	2	31295
0	27116	2	31295
0	194996	2	31295
0	10328	2	31295
0	178208	2	31295
0	346088	2	31295
0	161420	2	31295
0	329484	1	31318
0	144816	1	31318
0	312696	1	31318
0	128028	1	31318
0	295908	1	31318
0	111240	1	31318
0	279120	1	31318
0	94452	1	31318
0	262332	1	31318
0	77664	1	31318
0	245544	1	31318
0	60876	1	31318
0	228756	1	31318
0	44088	1	31318
0	211968	1	31318
0	27300	1	31318
0	195180	1	31318
0	10512	1	31318
0	178392	1	31318
0	346272	1	31318
0	161604	1	31318
0	329484	2	31319
0	144816	2	31319
0	312696	2	31319
0	128028	2	31319
0	295908	2	31319
0	111240	2	31319
0	279120	2	31319
0	94452	2	31319
0	262332	2	31319
0	77664	2	31319
0	245544	2	31319
0	60876	2	31319
0	228756	2	31319
0	44088	2	31319
0	211968	2	31319
0	27300	2	31319
0	195180	2	31319
0	10512	2	31319
0	178392	2	31319
0	346272	2	31319
0	161604	2	31319
0	329634	1	31336
0	144966	1	31336
0	312846	1	31336
0	128178	1	31336
0	296058	1	31336
0	111390	1	31336
0	279270	1	31336
0	94602	1	31336
0	262482	1	31336
0	77814	1	31336
0	245694	1	31336
0	61026	1	31336
0	228906	1	31336
0	44238	1	31336
0	212118	1	31336
0	27450	1	31336
0	195330	1	31336
0	10662	1	31336
0	178542	1	31336
0	346422	1	31336
0	161754	1	31336
0	329634	2	31337
0	144966	2	31337
0	312846	2	31337
0	128178	2	31337
0	296058	2	31337
0	111390	2	31337
0	279270	2	31337
0	94602	2	31337
0	262482	2	31337
0	77814	2	31337
0	245694	2	31337
0	61026	2	31337
0	228906	2	31337
0	44238	2	31337
0	212118	2	31337
0	27450	2	31337
0	195330	2	31337
0	10662	2	31337
0	178542	2	31337
0	346422	2	31337
0	161754	2	31337
0	330258	2	31377
0	145590	2	31377
0	313470	2	31377
0	128802	2	31377
0	296682	2	31377
0	112014	2	31377
0	279894	2	31377
0	95226	2	31377
0	263106	2	31377
0	78438	2	31377
0	246318	2	31377
0	61650	2	31377
0	229530	2	31377
0	44862	2	31377
0	212742	2	31377
0	28074	2	31377
0	195954	2	31377
0	11286	2	31377
0	179166	2	31377
0	347046	2	31377
0	162378	2	31377
0	330284	2	31379
0	145616	2	31379
0	313496	2	31379
0	128828	2	31379
0	296708	2	31379
0	112040	2	31379
0	279920	2	31379
0	95252	2	31379
0	263132	2	31379
0	78464	2	31379
0	246344	2	31379
0	61676	2	31379
0	229556	2	31379
0	44888	2	31379
0	212768	2	31379
0	28100	2	31379
0	195980	2	31379
0	11312	2	31379
0	179192	2	31379
0	347072	2	31379
0	162404	2	31379
0	330349	1	31384
0	145681	1	31384
0	313561	1	31384
0	128893	1	31384
0	296773	1	31384
0	112105	1	31384
0	279985	1	31384
0	95317	1	31384
0	263197	1	31384
0	78529	1	31384
0	246409	1	31384
0	61741	1	31384
0	229621	1	31384
0	44953	1	31384
0	212833	1	31384
0	28165	1	31384
0	196045	1	31384
0	11377	1	31384
0	179257	1	31384
0	347137	1	31384
0	162469	1	31384
0	330349	2	31385
0	145681	2	31385
0	313561	2	31385
0	128893	2	31385
0	296773	2	31385
0	112105	2	31385
0	279985	2	31385
0	95317	2	31385
0	263197	2	31385
0	78529	2	31385
0	246409	2	31385
0	61741	2	31385
0	229621	2	31385
0	44953	2	31385
0	212833	2	31385
0	28165	2	31385
0	196045	2	31385
0	11377	2	31385
0	179257	2	31385
0	347137	2	31385
0	162469	2	31385
0	330848	2	31419
0	146180	2	31419
0	314060	2	31419
0	129392	2	31419
0	297272	2	31419
0	112604	2	31419
0	280484	2	31419
0	95816	2	31419
0	263696	2	31419
0	79028	2	31419
0	246908	2	31419
0	62240	2	31419
0	230120	2	31419
0	45452	2	31419
0	213332	2	31419
0	28664	2	31419
0	196544	2	31419
0	11876	2	31419
0	179756	2	31419
0	347636	2	31419
0	162968	2	31419
0	331095	2	31445
0	146427	2	31445
0	314307	2	31445
0	129639	2	31445
0	297519	2	31445
0	112851	2	31445
0	280731	2	31445
0	96063	2	31445
0	263943	2	31445
0	79275	2	31445
0	247155	2	31445
0	62487	2	31445
0	230367	2	31445
0	45699	2	31445
0	213579	2	31445
0	28911	2	31445
0	196791	2	31445
0	12123	2	31445
0	180003	2	31445
0	347883	2	31445
0	163215	2	31445
0	331096	2	31447
0	146428	2	31447
0	314308	2	31447
0	129640	2	31447
0	297520	2	31447
0	112852	2	31447
0	280732	2	31447
0	96064	2	31447
0	263944	2	31447
0	79276	2	31447
0	247156	2	31447
0	62488	2	31447
0	230368	2	31447
0	45700	2	31447
0	213580	2	31447
0	28912	2	31447
0	196792	2	31447
0	12124	2	31447
0	180004	2	31447
0	347884	2	31447
0	163216	2	31447
0	331097	2	31449
0	146429	2	31449
0	314309	2	31449
0	129641	2	31449
0	297521	2	31449
0	112853	2	31449
0	280733	2	31449
0	96065	2	31449
0	263945	2	31449
0	79277	2	31449
0	247157	2	31449
0	62489	2	31449
0	230369	2	31449
0	45701	2	31449
0	213581	2	31449
0	28913	2	31449
0	196793	2	31449
0	12125	2	31449
0	180005	2	31449
0	347885	2	31449
0	163217	2	31449
0	331142	2	31453
0	146474	2	31453
0	314354	2	31453
0	129686	2	31453
0	297566	2	31453
0	112898	2	31453
0	280778	2	31453
0	96110	2	31453
0	263990	2	31453
0	79322	2	31453
0	247202	2	31453
0	62534	2	31453
0	230414	2	31453
0	45746	2	31453
0	213626	2	31453
0	28958	2	31453
0	196838	2	31453
0	12170	2	31453
0	180050	2	31453
0	347930	2	31453
0	163262	2	31453
0	331521	2	31511
0	146853	2	31511
0	314733	2	31511
0	130065	2	31511
0	297945	2	31511
0	113277	2	31511
0	281157	2	31511
0	96489	2	31511
0	264369	2	31511
0	79701	2	31511
0	247581	2	31511
0	62913	2	31511
0	230793	2	31511
0	46125	2	31511
0	214005	2	31511
0	29337	2	31511
0	197217	2	31511
0	12549	2	31511
0	180429	2	31511
0	348309	2	31511
0	163641	2	31511
0	331610	2	31515
0	146942	2	31515
0	314822	2	31515
0	130154	2	31515
0	298034	2	31515
0	113366	2	31515
0	281246	2	31515
0	96578	2	31515
0	264458	2	31515
0	79790	2	31515
0	247670	2	31515
0	63002	2	31515
0	230882	2	31515
0	46214	2	31515
0	214094	2	31515
0	29426	2	31515
0	197306	2	31515
0	12638	2	31515
0	180518	2	31515
0	348398	2	31515
0	163730	2	31515
0	331663	2	31521
0	146995	2	31521
0	314875	2	31521
0	130207	2	31521
0	298087	2	31521
0	113419	2	31521
0	281299	2	31521
0	96631	2	31521
0	264511	2	31521
0	79843	2	31521
0	247723	2	31521
0	63055	2	31521
0	230935	2	31521
0	46267	2	31521
0	214147	2	31521
0	29479	2	31521
0	197359	2	31521
0	12691	2	31521
0	180571	2	31521
0	348451	2	31521
0	163783	2	31521
0	331664	2	31523
0	146996	2	31523
0	314876	2	31523
0	130208	2	31523
0	298088	2	31523
0	113420	2	31523
0	281300	2	31523
0	96632	2	31523
0	264512	2	31523
0	79844	2	31523
0	247724	2	31523
0	63056	2	31523
0	230936	2	31523
0	46268	2	31523
0	214148	2	31523
0	29480	2	31523
0	197360	2	31523
0	12692	2	31523
0	180572	2	31523
0	348452	2	31523
0	163784	2	31523
0	331665	1	31524
0	146997	1	31524
0	314877	1	31524
0	130209	1	31524
0	298089	1	31524
0	113421	1	31524
0	281301	1	31524
0	96633	1	31524
0	264513	1	31524
0	79845	1	31524
0	247725	1	31524
0	63057	1	31524
0	230937	1	31524
0	46269	1	31524
0	214149	1	31524
0	29481	1	31524
0	197361	1	31524
0	12693	1	31524
0	180573	1	31524
0	348453	1	31524
0	163785	1	31524
0	331985	2	31553
0	147317	2	31553
0	315197	2	31553
0	130529	2	31553
0	298409	2	31553
0	113741	2	31553
0	281621	2	31553
0	96953	2	31553
0	264833	2	31553
0	80165	2	31553
0	248045	2	31553
0	63377	2	31553
0	231257	2	31553
0	46589	2	31553
0	214469	2	31553
0	29801	2	31553
0	197681	2	31553
0	13013	2	31553
0	180893	2	31553
0	348773	2	31553
0	164105	2	31553
0	332680	2	31617
0	148012	2	31617
0	315892	2	31617
0	131224	2	31617
0	299104	2	31617
0	114436	2	31617
0	282316	2	31617
0	97648	2	31617
0	265528	2	31617
0	80860	2	31617
0	248740	2	31617
0	64072	2	31617
0	231952	2	31617
0	47284	2	31617
0	215164	2	31617
0	30496	2	31617
0	198376	2	31617
0	13708	2	31617
0	181588	2	31617
0	349468	2	31617
0	164800	2	31617
0	333615	2	31697
0	148947	2	31697
0	316827	2	31697
0	132159	2	31697
0	300039	2	31697
0	115371	2	31697
0	283251	2	31697
0	98583	2	31697
0	266463	2	31697
0	81795	2	31697
0	249675	2	31697
0	65007	2	31697
0	232887	2	31697
0	48219	2	31697
0	216099	2	31697
0	31431	2	31697
0	199311	2	31697
0	14643	2	31697
0	182523	2	31697
0	350403	2	31697
0	165735	2	31697
0	334084	2	31735
0	149416	2	31735
0	317296	2	31735
0	132628	2	31735
0	300508	2	31735
0	115840	2	31735
0	283720	2	31735
0	99052	2	31735
0	266932	2	31735
0	82264	2	31735
0	250144	2	31735
0	65476	2	31735
0	233356	2	31735
0	48688	2	31735
0	216568	2	31735
0	31900	2	31735
0	199780	2	31735
0	15112	2	31735
0	182992	2	31735
0	350872	2	31735
0	166204	2	31735
0	334341	2	31755
0	149673	2	31755
0	317553	2	31755
0	132885	2	31755
0	300765	2	31755
0	116097	2	31755
0	283977	2	31755
0	99309	2	31755
0	267189	2	31755
0	82521	2	31755
0	250401	2	31755
0	65733	2	31755
0	233613	2	31755
0	48945	2	31755
0	216825	2	31755
0	32157	2	31755
0	200037	2	31755
0	15369	2	31755
0	183249	2	31755
0	351129	2	31755
0	166461	2	31755
0	334685	2	31793
0	150017	2	31793
0	317897	2	31793
0	133229	2	31793
0	301109	2	31793
0	116441	2	31793
0	284321	2	31793
0	99653	2	31793
0	267533	2	31793
0	82865	2	31793
0	250745	2	31793
0	66077	2	31793
0	233957	2	31793
0	49289	2	31793
0	217169	2	31793
0	32501	2	31793
0	200381	2	31793
0	15713	2	31793
0	183593	2	31793
0	351473	2	31793
0	166805	2	31793
0	334695	2	31795
0	150027	2	31795
0	317907	2	31795
0	133239	2	31795
0	301119	2	31795
0	116451	2	31795
0	284331	2	31795
0	99663	2	31795
0	267543	2	31795
0	82875	2	31795
0	250755	2	31795
0	66087	2	31795
0	233967	2	31795
0	49299	2	31795
0	217179	2	31795
0	32511	2	31795
0	200391	2	31795
0	15723	2	31795
0	183603	2	31795
0	351483	2	31795
0	166815	2	31795
0	334697	2	31799
0	150029	2	31799
0	317909	2	31799
0	133241	2	31799
0	301121	2	31799
0	116453	2	31799
0	284333	2	31799
0	99665	2	31799
0	267545	2	31799
0	82877	2	31799
0	250757	2	31799
0	66089	2	31799
0	233969	2	31799
0	49301	2	31799
0	217181	2	31799
0	32513	2	31799
0	200393	2	31799
0	15725	2	31799
0	183605	2	31799
0	351485	2	31799
0	166817	2	31799
0	334698	2	31801
0	150030	2	31801
0	317910	2	31801
0	133242	2	31801
0	301122	2	31801
0	116454	2	31801
0	284334	2	31801
0	99666	2	31801
0	267546	2	31801
0	82878	2	31801
0	250758	2	31801
0	66090	2	31801
0	233970	2	31801
0	49302	2	31801
0	217182	2	31801
0	32514	2	31801
0	200394	2	31801
0	15726	2	31801
0	183606	2	31801
0	351486	2	31801
0	166818	2	31801
0	334863	2	31809
0	150195	2	31809
0	318075	2	31809
0	133407	2	31809
0	301287	2	31809
0	116619	2	31809
0	284499	2	31809
0	99831	2	31809
0	267711	2	31809
0	83043	2	31809
0	250923	2	31809
0	66255	2	31809
0	234135	2	31809
0	49467	2	31809
0	217347	2	31809
0	32679	2	31809
0	200559	2	31809
0	15891	2	31809
0	183771	2	31809
0	351651	2	31809
0	166983	2	31809
0	335483	1	31854
0	150815	1	31854
0	318695	1	31854
0	134027	1	31854
0	301907	1	31854
0	117239	1	31854
0	285119	1	31854
0	100451	1	31854
0	268331	1	31854
0	83663	1	31854
0	251543	1	31854
0	66875	1	31854
0	234755	1	31854
0	50087	1	31854
0	217967	1	31854
0	33299	1	31854
0	201179	1	31854
0	16511	1	31854
0	184391	1	31854
0	352271	1	31854
0	167603	1	31854
0	335678	2	31879
0	151010	2	31879
0	318890	2	31879
0	134222	2	31879
0	302102	2	31879
0	117434	2	31879
0	285314	2	31879
0	100646	2	31879
0	268526	2	31879
0	83858	2	31879
0	251738	2	31879
0	67070	2	31879
0	234950	2	31879
0	50282	2	31879
0	218162	2	31879
0	33494	2	31879
0	201374	2	31879
0	16706	2	31879
0	184586	2	31879
0	352466	2	31879
0	167798	2	31879
0	335762	2	31883
0	151094	2	31883
0	318974	2	31883
0	134306	2	31883
0	302186	2	31883
0	117518	2	31883
0	285398	2	31883
0	100730	2	31883
0	268610	2	31883
0	83942	2	31883
0	251822	2	31883
0	67154	2	31883
0	235034	2	31883
0	50366	2	31883
0	218246	2	31883
0	33578	2	31883
0	201458	2	31883
0	16790	2	31883
0	184670	2	31883
0	2	2	31883
0	167882	2	31883
0	335819	2	31893
0	151151	2	31893
0	319031	2	31893
0	134363	2	31893
0	302243	2	31893
0	117575	2	31893
0	285455	2	31893
0	100787	2	31893
0	268667	2	31893
0	83999	2	31893
0	251879	2	31893
0	67211	2	31893
0	235091	2	31893
0	50423	2	31893
0	218303	2	31893
0	33635	2	31893
0	201515	2	31893
0	16847	2	31893
0	184727	2	31893
0	59	2	31893
0	167939	2	31893
0	336110	1	31920
0	151442	1	31920
0	319322	1	31920
0	134654	1	31920
0	302534	1	31920
0	117866	1	31920
0	285746	1	31920
0	101078	1	31920
0	268958	1	31920
0	84290	1	31920
0	252170	1	31920
0	67502	1	31920
0	235382	1	31920
0	50714	1	31920
0	218594	1	31920
0	33926	1	31920
0	201806	1	31920
0	17138	1	31920
0	185018	1	31920
0	350	1	31920
0	168230	1	31920
0	336110	2	31921
0	151442	2	31921
0	319322	2	31921
0	134654	2	31921
0	302534	2	31921
0	117866	2	31921
0	285746	2	31921
0	101078	2	31921
0	268958	2	31921
0	84290	2	31921
0	252170	2	31921
0	67502	2	31921
0	235382	2	31921
0	50714	2	31921
0	218594	2	31921
0	33926	2	31921
0	201806	2	31921
0	17138	2	31921
0	185018	2	31921
0	350	2	31921
0	168230	2	31921
0	336301	2	31939
0	151633	2	31939
0	319513	2	31939
0	134845	2	31939
0	302725	2	31939
0	118057	2	31939
0	285937	2	31939
0	101269	2	31939
0	269149	2	31939
0	84481	2	31939
0	252361	2	31939
0	67693	2	31939
0	235573	2	31939
0	50905	2	31939
0	218785	2	31939
0	34117	2	31939
0	201997	2	31939
0	17329	2	31939
0	185209	2	31939
0	541	2	31939
0	168421	2	31939
0	336507	2	31973
0	151839	2	31973
0	319719	2	31973
0	135051	2	31973
0	302931	2	31973
0	118263	2	31973
0	286143	2	31973
0	101475	2	31973
0	269355	2	31973
0	84687	2	31973
0	252567	2	31973
0	67899	2	31973
0	235779	2	31973
0	51111	2	31973
0	218991	2	31973
0	34323	2	31973
0	202203	2	31973
0	17535	2	31973
0	185415	2	31973
0	747	2	31973
0	168627	2	31973
0	336508	2	31975
0	151840	2	31975
0	319720	2	31975
0	135052	2	31975
0	302932	2	31975
0	118264	2	31975
0	286144	2	31975
0	101476	2	31975
0	269356	2	31975
0	84688	2	31975
0	252568	2	31975
0	67900	2	31975
0	235780	2	31975
0	51112	2	31975
0	218992	2	31975
0	34324	2	31975
0	202204	2	31975
0	17536	2	31975
0	185416	2	31975
0	748	2	31975
0	168628	2	31975
0	336545	2	31983
0	151877	2	31983
0	319757	2	31983
0	135089	2	31983
0	302969	2	31983
0	118301	2	31983
0	286181	2	31983
0	101513	2	31983
0	269393	2	31983
0	84725	2	31983
0	252605	2	31983
0	67937	2	31983
0	235817	2	31983
0	51149	2	31983
0	219029	2	31983
0	34361	2	31983
0	202241	2	31983
0	17573	2	31983
0	185453	2	31983
0	785	2	31983
0	168665	2	31983
0	336546	2	31985
0	151878	2	31985
0	319758	2	31985
0	135090	2	31985
0	302970	2	31985
0	118302	2	31985
0	286182	2	31985
0	101514	2	31985
0	269394	2	31985
0	84726	2	31985
0	252606	2	31985
0	67938	2	31985
0	235818	2	31985
0	51150	2	31985
0	219030	2	31985
0	34362	2	31985
0	202242	2	31985
0	17574	2	31985
0	185454	2	31985
0	786	2	31985
0	168666	2	31985
0	337452	2	32055
0	152784	2	32055
0	320664	2	32055
0	135996	2	32055
0	303876	2	32055
0	119208	2	32055
0	287088	2	32055
0	102420	2	32055
0	270300	2	32055
0	85632	2	32055
0	253512	2	32055
0	68844	2	32055
0	236724	2	32055
0	52056	2	32055
0	219936	2	32055
0	35268	2	32055
0	203148	2	32055
0	18480	2	32055
0	186360	2	32055
0	1692	2	32055
0	169572	2	32055
0	338051	2	32113
0	153383	2	32113
0	321263	2	32113
0	136595	2	32113
0	304475	2	32113
0	119807	2	32113
0	287687	2	32113
0	103019	2	32113
0	270899	2	32113
0	86231	2	32113
0	254111	2	32113
0	69443	2	32113
0	237323	2	32113
0	52655	2	32113
0	220535	2	32113
0	35867	2	32113
0	203747	2	32113
0	19079	2	32113
0	186959	2	32113
0	2291	2	32113
0	170171	2	32113
0	338111	2	32115
0	153443	2	32115
0	321323	2	32115
0	136655	2	32115
0	304535	2	32115
0	119867	2	32115
0	287747	2	32115
0	103079	2	32115
0	270959	2	32115
0	86291	2	32115
0	254171	2	32115
0	69503	2	32115
0	237383	2	32115
0	52715	2	32115
0	220595	2	32115
0	35927	2	32115
0	203807	2	32115
0	19139	2	32115
0	187019	2	32115
0	2351	2	32115
0	170231	2	32115
0	338141	2	32123
0	153473	2	32123
0	321353	2	32123
0	136685	2	32123
0	304565	2	32123
0	119897	2	32123
0	287777	2	32123
0	103109	2	32123
0	270989	2	32123
0	86321	2	32123
0	254201	2	32123
0	69533	2	32123
0	237413	2	32123
0	52745	2	32123
0	220625	2	32123
0	35957	2	32123
0	203837	2	32123
0	19169	2	32123
0	187049	2	32123
0	2381	2	32123
0	170261	2	32123
0	338304	2	32153
0	153636	2	32153
0	321516	2	32153
0	136848	2	32153
0	304728	2	32153
0	120060	2	32153
0	287940	2	32153
0	103272	2	32153
0	271152	2	32153
0	86484	2	32153
0	254364	2	32153
0	69696	2	32153
0	237576	2	32153
0	52908	2	32153
0	220788	2	32153
0	36120	2	32153
0	204000	2	32153
0	19332	2	32153
0	187212	2	32153
0	2544	2	32153
0	170424	2	32153
0	338403	2	32157
0	153735	2	32157
0	321615	2	32157
0	136947	2	32157
0	304827	2	32157
0	120159	2	32157
0	288039	2	32157
0	103371	2	32157
0	271251	2	32157
0	86583	2	32157
0	254463	2	32157
0	69795	2	32157
0	237675	2	32157
0	53007	2	32157
0	220887	2	32157
0	36219	2	32157
0	204099	2	32157
0	19431	2	32157
0	187311	2	32157
0	2643	2	32157
0	170523	2	32157
0	338404	2	32159
0	153736	2	32159
0	321616	2	32159
0	136948	2	32159
0	304828	2	32159
0	120160	2	32159
0	288040	2	32159
0	103372	2	32159
0	271252	2	32159
0	86584	2	32159
0	254464	2	32159
0	69796	2	32159
0	237676	2	32159
0	53008	2	32159
0	220888	2	32159
0	36220	2	32159
0	204100	2	32159
0	19432	2	32159
0	187312	2	32159
0	2644	2	32159
0	170524	2	32159
0	338405	1	32160
0	153737	1	32160
0	321617	1	32160
0	136949	1	32160
0	304829	1	32160
0	120161	1	32160
0	288041	1	32160
0	103373	1	32160
0	271253	1	32160
0	86585	1	32160
0	254465	1	32160
0	69797	1	32160
0	237677	1	32160
0	53009	1	32160
0	220889	1	32160
0	36221	1	32160
0	204101	1	32160
0	19433	1	32160
0	187313	1	32160
0	2645	1	32160
0	170525	1	32160
0	339663	2	32291
0	154995	2	32291
0	322875	2	32291
0	138207	2	32291
0	306087	2	32291
0	121419	2	32291
0	289299	2	32291
0	104631	2	32291
0	272511	2	32291
0	87843	2	32291
0	255723	2	32291
0	71055	2	32291
0	238935	2	32291
0	54267	2	32291
0	222147	2	32291
0	37479	2	32291
0	205359	2	32291
0	20691	2	32291
0	188571	2	32291
0	3903	2	32291
0	171783	2	32291
0	340658	2	32361
0	155990	2	32361
0	323870	2	32361
0	139202	2	32361
0	307082	2	32361
0	122414	2	32361
0	290294	2	32361
0	105626	2	32361
0	273506	2	32361
0	88838	2	32361
0	256718	2	32361
0	72050	2	32361
0	239930	2	32361
0	55262	2	32361
0	223142	2	32361
0	38474	2	32361
0	206354	2	32361
0	21686	2	32361
0	189566	2	32361
0	4898	2	32361
0	172778	2	32361
0	340904	2	32407
0	156236	2	32407
0	324116	2	32407
0	139448	2	32407
0	307328	2	32407
0	122660	2	32407
0	290540	2	32407
0	105872	2	32407
0	273752	2	32407
0	89084	2	32407
0	256964	2	32407
0	72296	2	32407
0	240176	2	32407
0	55508	2	32407
0	223388	2	32407
0	38720	2	32407
0	206600	2	32407
0	21932	2	32407
0	189812	2	32407
0	5144	2	32407
0	173024	2	32407
0	341140	2	32443
0	156472	2	32443
0	324352	2	32443
0	139684	2	32443
0	307564	2	32443
0	122896	2	32443
0	290776	2	32443
0	106108	2	32443
0	273988	2	32443
0	89320	2	32443
0	257200	2	32443
0	72532	2	32443
0	240412	2	32443
0	55744	2	32443
0	223624	2	32443
0	38956	2	32443
0	206836	2	32443
0	22168	2	32443
0	190048	2	32443
0	5380	2	32443
0	173260	2	32443
0	341717	1	32482
0	157049	1	32482
0	324929	1	32482
0	140261	1	32482
0	308141	1	32482
0	123473	1	32482
0	291353	1	32482
0	106685	1	32482
0	274565	1	32482
0	89897	1	32482
0	257777	1	32482
0	73109	1	32482
0	240989	1	32482
0	56321	1	32482
0	224201	1	32482
0	39533	1	32482
0	207413	1	32482
0	22745	1	32482
0	190625	1	32482
0	5957	1	32482
0	173837	1	32482
0	341717	2	32483
0	157049	2	32483
0	324929	2	32483
0	140261	2	32483
0	308141	2	32483
0	123473	2	32483
0	291353	2	32483
0	106685	2	32483
0	274565	2	32483
0	89897	2	32483
0	257777	2	32483
0	73109	2	32483
0	240989	2	32483
0	56321	2	32483
0	224201	2	32483
0	39533	2	32483
0	207413	2	32483
0	22745	2	32483
0	190625	2	32483
0	5957	2	32483
0	173837	2	32483
0	341755	2	32491
0	157087	2	32491
0	324967	2	32491
0	140299	2	32491
0	308179	2	32491
0	123511	2	32491
0	291391	2	32491
0	106723	2	32491
0	274603	2	32491
0	89935	2	32491
0	257815	2	32491
0	73147	2	32491
0	241027	2	32491
0	56359	2	32491
0	224239	2	32491
0	39571	2	32491
0	207451	2	32491
0	22783	2	32491
0	190663	2	32491
0	5995	2	32491
0	173875	2	32491
0	342233	1	32526
0	157565	1	32526
0	325445	1	32526
0	140777	1	32526
0	308657	1	32526
0	123989	1	32526
0	291869	1	32526
0	107201	1	32526
0	275081	1	32526
0	90413	1	32526
0	258293	1	32526
0	73625	1	32526
0	241505	1	32526
0	56837	1	32526
0	224717	1	32526
0	40049	1	32526
0	207929	1	32526
0	23261	1	32526
0	191141	1	32526
0	6473	1	32526
0	174353	1	32526
0	342248	2	32529
0	157580	2	32529
0	325460	2	32529
0	140792	2	32529
0	308672	2	32529
0	124004	2	32529
0	291884	2	32529
0	107216	2	32529
0	275096	2	32529
0	90428	2	32529
0	258308	2	32529
0	73640	2	32529
0	241520	2	32529
0	56852	2	32529
0	224732	2	32529
0	40064	2	32529
0	207944	2	32529
0	23276	2	32529
0	191156	2	32529
0	6488	2	32529
0	174368	2	32529
0	342494	2	32577
0	157826	2	32577
0	325706	2	32577
0	141038	2	32577
0	308918	2	32577
0	124250	2	32577
0	292130	2	32577
0	107462	2	32577
0	275342	2	32577
0	90674	2	32577
0	258554	2	32577
0	73886	2	32577
0	241766	2	32577
0	57098	2	32577
0	224978	2	32577
0	40310	2	32577
0	208190	2	32577
0	23522	2	32577
0	191402	2	32577
0	6734	2	32577
0	174614	2	32577
0	342962	2	32627
0	158294	2	32627
0	326174	2	32627
0	141506	2	32627
0	309386	2	32627
0	124718	2	32627
0	292598	2	32627
0	107930	2	32627
0	275810	2	32627
0	91142	2	32627
0	259022	2	32627
0	74354	2	32627
0	242234	2	32627
0	57566	2	32627
0	225446	2	32627
0	40778	2	32627
0	208658	2	32627
0	23990	2	32627
0	191870	2	32627
0	7202	2	32627
0	175082	2	32627
0	342964	2	32631
0	158296	2	32631
0	326176	2	32631
0	141508	2	32631
0	309388	2	32631
0	124720	2	32631
0	292600	2	32631
0	107932	2	32631
0	275812	2	32631
0	91144	2	32631
0	259024	2	32631
0	74356	2	32631
0	242236	2	32631
0	57568	2	32631
0	225448	2	32631
0	40780	2	32631
0	208660	2	32631
0	23992	2	32631
0	191872	2	32631
0	7204	2	32631
0	175084	2	32631
0	343144	2	32657
0	158476	2	32657
0	326356	2	32657
0	141688	2	32657
0	309568	2	32657
0	124900	2	32657
0	292780	2	32657
0	108112	2	32657
0	275992	2	32657
0	91324	2	32657
0	259204	2	32657
0	74536	2	32657
0	242416	2	32657
0	57748	2	32657
0	225628	2	32657
0	40960	2	32657
0	208840	2	32657
0	24172	2	32657
0	192052	2	32657
0	7384	2	32657
0	175264	2	32657
0	343713	2	32715
0	159045	2	32715
0	326925	2	32715
0	142257	2	32715
0	310137	2	32715
0	125469	2	32715
0	293349	2	32715
0	108681	2	32715
0	276561	2	32715
0	91893	2	32715
0	259773	2	32715
0	75105	2	32715
0	242985	2	32715
0	58317	2	32715
0	226197	2	32715
0	41529	2	32715
0	209409	2	32715
0	24741	2	32715
0	192621	2	32715
0	7953	2	32715
0	175833	2	32715
0	343730	2	32717
0	159062	2	32717
0	326942	2	32717
0	142274	2	32717
0	310154	2	32717
0	125486	2	32717
0	293366	2	32717
0	108698	2	32717
0	276578	2	32717
0	91910	2	32717
0	259790	2	32717
0	75122	2	32717
0	243002	2	32717
0	58334	2	32717
0	226214	2	32717
0	41546	2	32717
0	209426	2	32717
0	24758	2	32717
0	192638	2	32717
0	7970	2	32717
0	175850	2	32717
0	345444	2	32859
0	160776	2	32859
0	328656	2	32859
0	143988	2	32859
0	311868	2	32859
0	127200	2	32859
0	295080	2	32859
0	110412	2	32859
0	278292	2	32859
0	93624	2	32859
0	261504	2	32859
0	76836	2	32859
0	244716	2	32859
0	60048	2	32859
0	227928	2	32859
0	43260	2	32859
0	211140	2	32859
0	26472	2	32859
0	194352	2	32859
0	9684	2	32859
0	177564	2	32859
0	345846	2	32901
0	161178	2	32901
0	329058	2	32901
0	144390	2	32901
0	312270	2	32901
0	127602	2	32901
0	295482	2	32901
0	110814	2	32901
0	278694	2	32901
0	94026	2	32901
0	261906	2	32901
0	77238	2	32901
0	245118	2	32901
0	60450	2	32901
0	228330	2	32901
0	43662	2	32901
0	211542	2	32901
0	26874	2	32901
0	194754	2	32901
0	10086	2	32901
0	177966	2	32901
0	345861	2	32905
0	161193	2	32905
0	329073	2	32905
0	144405	2	32905
0	312285	2	32905
0	127617	2	32905
0	295497	2	32905
0	110829	2	32905
0	278709	2	32905
0	94041	2	32905
0	261921	2	32905
0	77253	2	32905
0	245133	2	32905
0	60465	2	32905
0	228345	2	32905
0	43677	2	32905
0	211557	2	32905
0	26889	2	32905
0	194769	2	32905
0	10101	2	32905
0	177981	2	32905
0	346270	2	32939
0	161602	2	32939
0	329482	2	32939
0	144814	2	32939
0	312694	2	32939
0	128026	2	32939
0	295906	2	32939
0	111238	2	32939
0	279118	2	32939
0	94450	2	32939
0	262330	2	32939
0	77662	2	32939
0	245542	2	32939
0	60874	2	32939
0	228754	2	32939
0	44086	2	32939
0	211966	2	32939
0	27298	2	32939
0	195178	2	32939
0	10510	2	32939
0	178390	2	32939
0	346463	1	32956
0	161795	1	32956
0	329675	1	32956
0	145007	1	32956
0	312887	1	32956
0	128219	1	32956
0	296099	1	32956
0	111431	1	32956
0	279311	1	32956
0	94643	1	32956
0	262523	1	32956
0	77855	1	32956
0	245735	1	32956
0	61067	1	32956
0	228947	1	32956
0	44279	1	32956
0	212159	1	32956
0	27491	1	32956
0	195371	1	32956
0	10703	1	32956
0	178583	1	32956
0	346463	2	32957
0	161795	2	32957
0	329675	2	32957
0	145007	2	32957
0	312887	2	32957
0	128219	2	32957
0	296099	2	32957
0	111431	2	32957
0	279311	2	32957
0	94643	2	32957
0	262523	2	32957
0	77855	2	32957
0	245735	2	32957
0	61067	2	32957
0	228947	2	32957
0	44279	2	32957
0	212159	2	32957
0	27491	2	32957
0	195371	2	32957
0	10703	2	32957
0	178583	2	32957
0	346614	2	32969
0	161946	2	32969
0	329826	2	32969
0	145158	2	32969
0	313038	2	32969
0	128370	2	32969
0	296250	2	32969
0	111582	2	32969
0	279462	2	32969
0	94794	2	32969
0	262674	2	32969
0	78006	2	32969
0	245886	2	32969
0	61218	2	32969
0	229098	2	32969
0	44430	2	32969
0	212310	2	32969
0	27642	2	32969
0	195522	2	32969
0	10854	2	32969
0	178734	2	32969
0	346615	2	32971
0	161947	2	32971
0	329827	2	32971
0	145159	2	32971
0	313039	2	32971
0	128371	2	32971
0	296251	2	32971
0	111583	2	32971
0	279463	2	32971
0	94795	2	32971
0	262675	2	32971
0	78007	2	32971
0	245887	2	32971
0	61219	2	32971
0	229099	2	32971
0	44431	2	32971
0	212311	2	32971
0	27643	2	32971
0	195523	2	32971
0	10855	2	32971
0	178735	2	32971
0	347626	2	33073
0	162958	2	33073
0	330838	2	33073
0	146170	2	33073
0	314050	2	33073
0	129382	2	33073
0	297262	2	33073
0	112594	2	33073
0	280474	2	33073
0	95806	2	33073
0	263686	2	33073
0	79018	2	33073
0	246898	2	33073
0	62230	2	33073
0	230110	2	33073
0	45442	2	33073
0	213322	2	33073
0	28654	2	33073
0	196534	2	33073
0	11866	2	33073
0	179746	2	33073
0	347649	1	33076
0	162981	1	33076
0	330861	1	33076
0	146193	1	33076
0	314073	1	33076
0	129405	1	33076
0	297285	1	33076
0	112617	1	33076
0	280497	1	33076
0	95829	1	33076
0	263709	1	33076
0	79041	1	33076
0	246921	1	33076
0	62253	1	33076
0	230133	1	33076
0	45465	1	33076
0	213345	1	33076
0	28677	1	33076
0	196557	1	33076
0	11889	1	33076
0	179769	1	33076
0	348020	2	33117
0	163352	2	33117
0	331232	2	33117
0	146564	2	33117
0	314444	2	33117
0	129776	2	33117
0	297656	2	33117
0	112988	2	33117
0	280868	2	33117
0	96200	2	33117
0	264080	2	33117
0	79412	2	33117
0	247292	2	33117
0	62624	2	33117
0	230504	2	33117
0	45836	2	33117
0	213716	2	33117
0	29048	2	33117
0	196928	2	33117
0	12260	2	33117
0	180140	2	33117
0	348334	2	33145
0	163666	2	33145
0	331546	2	33145
0	146878	2	33145
0	314758	2	33145
0	130090	2	33145
0	297970	2	33145
0	113302	2	33145
0	281182	2	33145
0	96514	2	33145
0	264394	2	33145
0	79726	2	33145
0	247606	2	33145
0	62938	2	33145
0	230818	2	33145
0	46150	2	33145
0	214030	2	33145
0	29362	2	33145
0	197242	2	33145
0	12574	2	33145
0	180454	2	33145
0	348581	2	33179
0	163913	2	33179
0	331793	2	33179
0	147125	2	33179
0	315005	2	33179
0	130337	2	33179
0	298217	2	33179
0	113549	2	33179
0	281429	2	33179
0	96761	2	33179
0	264641	2	33179
0	79973	2	33179
0	247853	2	33179
0	63185	2	33179
0	231065	2	33179
0	46397	2	33179
0	214277	2	33179
0	29609	2	33179
0	197489	2	33179
0	12821	2	33179
0	180701	2	33179
0	348594	2	33185
0	163926	2	33185
0	331806	2	33185
0	147138	2	33185
0	315018	2	33185
0	130350	2	33185
0	298230	2	33185
0	113562	2	33185
0	281442	2	33185
0	96774	2	33185
0	264654	2	33185
0	79986	2	33185
0	247866	2	33185
0	63198	2	33185
0	231078	2	33185
0	46410	2	33185
0	214290	2	33185
0	29622	2	33185
0	197502	2	33185
0	12834	2	33185
0	180714	2	33185
0	349136	2	33241
0	164468	2	33241
0	332348	2	33241
0	147680	2	33241
0	315560	2	33241
0	130892	2	33241
0	298772	2	33241
0	114104	2	33241
0	281984	2	33241
0	97316	2	33241
0	265196	2	33241
0	80528	2	33241
0	248408	2	33241
0	63740	2	33241
0	231620	2	33241
0	46952	2	33241
0	214832	2	33241
0	30164	2	33241
0	198044	2	33241
0	13376	2	33241
0	181256	2	33241
0	349138	2	33245
0	164470	2	33245
0	332350	2	33245
0	147682	2	33245
0	315562	2	33245
0	130894	2	33245
0	298774	2	33245
0	114106	2	33245
0	281986	2	33245
0	97318	2	33245
0	265198	2	33245
0	80530	2	33245
0	248410	2	33245
0	63742	2	33245
0	231622	2	33245
0	46954	2	33245
0	214834	2	33245
0	30166	2	33245
0	198046	2	33245
0	13378	2	33245
0	181258	2	33245
0	349203	2	33253
0	164535	2	33253
0	332415	2	33253
0	147747	2	33253
0	315627	2	33253
0	130959	2	33253
0	298839	2	33253
0	114171	2	33253
0	282051	2	33253
0	97383	2	33253
0	265263	2	33253
0	80595	2	33253
0	248475	2	33253
0	63807	2	33253
0	231687	2	33253
0	47019	2	33253
0	214899	2	33253
0	30231	2	33253
0	198111	2	33253
0	13443	2	33253
0	181323	2	33253
0	349235	2	33257
0	164567	2	33257
0	332447	2	33257
0	147779	2	33257
0	315659	2	33257
0	130991	2	33257
0	298871	2	33257
0	114203	2	33257
0	282083	2	33257
0	97415	2	33257
0	265295	2	33257
0	80627	2	33257
0	248507	2	33257
0	63839	2	33257
0	231719	2	33257
0	47051	2	33257
0	214931	2	33257
0	30263	2	33257
0	198143	2	33257
0	13475	2	33257
0	181355	2	33257
0	349478	2	33275
0	164810	2	33275
0	332690	2	33275
0	148022	2	33275
0	315902	2	33275
0	131234	2	33275
0	299114	2	33275
0	114446	2	33275
0	282326	2	33275
0	97658	2	33275
0	265538	2	33275
0	80870	2	33275
0	248750	2	33275
0	64082	2	33275
0	231962	2	33275
0	47294	2	33275
0	215174	2	33275
0	30506	2	33275
0	198386	2	33275
0	13718	2	33275
0	181598	2	33275
0	349479	2	33277
0	164811	2	33277
0	332691	2	33277
0	148023	2	33277
0	315903	2	33277
0	131235	2	33277
0	299115	2	33277
0	114447	2	33277
0	282327	2	33277
0	97659	2	33277
0	265539	2	33277
0	80871	2	33277
0	248751	2	33277
0	64083	2	33277
0	231963	2	33277
0	47295	2	33277
0	215175	2	33277
0	30507	2	33277
0	198387	2	33277
0	13719	2	33277
0	181599	2	33277
0	349855	2	33317
0	165187	2	33317
0	333067	2	33317
0	148399	2	33317
0	316279	2	33317
0	131611	2	33317
0	299491	2	33317
0	114823	2	33317
0	282703	2	33317
0	98035	2	33317
0	265915	2	33317
0	81247	2	33317
0	249127	2	33317
0	64459	2	33317
0	232339	2	33317
0	47671	2	33317
0	215551	2	33317
0	30883	2	33317
0	198763	2	33317
0	14095	2	33317
0	181975	2	33317
0	349859	2	33321
0	165191	2	33321
0	333071	2	33321
0	148403	2	33321
0	316283	2	33321
0	131615	2	33321
0	299495	2	33321
0	114827	2	33321
0	282707	2	33321
0	98039	2	33321
0	265919	2	33321
0	81251	2	33321
0	249131	2	33321
0	64463	2	33321
0	232343	2	33321
0	47675	2	33321
0	215555	2	33321
0	30887	2	33321
0	198767	2	33321
0	14099	2	33321
0	181979	2	33321
0	349979	1	33338
0	165311	1	33338
0	333191	1	33338
0	148523	1	33338
0	316403	1	33338
0	131735	1	33338
0	299615	1	33338
0	114947	1	33338
0	282827	1	33338
0	98159	1	33338
0	266039	1	33338
0	81371	1	33338
0	249251	1	33338
0	64583	1	33338
0	232463	1	33338
0	47795	1	33338
0	215675	1	33338
0	31007	1	33338
0	198887	1	33338
0	14219	1	33338
0	182099	1	33338
0	350489	2	33389
0	165821	2	33389
0	333701	2	33389
0	149033	2	33389
0	316913	2	33389
0	132245	2	33389
0	300125	2	33389
0	115457	2	33389
0	283337	2	33389
0	98669	2	33389
0	266549	2	33389
0	81881	2	33389
0	249761	2	33389
0	65093	2	33389
0	232973	2	33389
0	48305	2	33389
0	216185	2	33389
0	31517	2	33389
0	199397	2	33389
0	14729	2	33389
0	182609	2	33389
0	350590	2	33397
0	165922	2	33397
0	333802	2	33397
0	149134	2	33397
0	317014	2	33397
0	132346	2	33397
0	300226	2	33397
0	115558	2	33397
0	283438	2	33397
0	98770	2	33397
0	266650	2	33397
0	81982	2	33397
0	249862	2	33397
0	65194	2	33397
0	233074	2	33397
0	48406	2	33397
0	216286	2	33397
0	31618	2	33397
0	199498	2	33397
0	14830	2	33397
0	182710	2	33397
0	350702	2	33421
0	166034	2	33421
0	333914	2	33421
0	149246	2	33421
0	317126	2	33421
0	132458	2	33421
0	300338	2	33421
0	115670	2	33421
0	283550	2	33421
0	98882	2	33421
0	266762	2	33421
0	82094	2	33421
0	249974	2	33421
0	65306	2	33421
0	233186	2	33421
0	48518	2	33421
0	216398	2	33421
0	31730	2	33421
0	199610	2	33421
0	14942	2	33421
0	182822	2	33421
0	351250	2	33459
0	166582	2	33459
0	334462	2	33459
0	149794	2	33459
0	317674	2	33459
0	133006	2	33459
0	300886	2	33459
0	116218	2	33459
0	284098	2	33459
0	99430	2	33459
0	267310	2	33459
0	82642	2	33459
0	250522	2	33459
0	65854	2	33459
0	233734	2	33459
0	49066	2	33459
0	216946	2	33459
0	32278	2	33459
0	200158	2	33459
0	15490	2	33459
0	183370	2	33459
0	351366	2	33471
0	166698	2	33471
0	334578	2	33471
0	149910	2	33471
0	317790	2	33471
0	133122	2	33471
0	301002	2	33471
0	116334	2	33471
0	284214	2	33471
0	99546	2	33471
0	267426	2	33471
0	82758	2	33471
0	250638	2	33471
0	65970	2	33471
0	233850	2	33471
0	49182	2	33471
0	217062	2	33471
0	32394	2	33471
0	200274	2	33471
0	15606	2	33471
0	183486	2	33471
0	351456	2	33477
0	166788	2	33477
0	334668	2	33477
0	150000	2	33477
0	317880	2	33477
0	133212	2	33477
0	301092	2	33477
0	116424	2	33477
0	284304	2	33477
0	99636	2	33477
0	267516	2	33477
0	82848	2	33477
0	250728	2	33477
0	66060	2	33477
0	233940	2	33477
0	49272	2	33477
0	217152	2	33477
0	32484	2	33477
0	200364	2	33477
0	15696	2	33477
0	183576	2	33477
0	352005	1	33520
0	167337	1	33520
0	335217	1	33520
0	150549	1	33520
0	318429	1	33520
0	133761	1	33520
0	301641	1	33520
0	116973	1	33520
0	284853	1	33520
0	100185	1	33520
0	268065	1	33520
0	83397	1	33520
0	251277	1	33520
0	66609	1	33520
0	234489	1	33520
0	49821	1	33520
0	217701	1	33520
0	33033	1	33520
0	200913	1	33520
0	16245	1	33520
0	184125	1	33520
0	352005	2	33521
0	167337	2	33521
0	335217	2	33521
0	150549	2	33521
0	318429	2	33521
0	133761	2	33521
0	301641	2	33521
0	116973	2	33521
0	284853	2	33521
0	100185	2	33521
0	268065	2	33521
0	83397	2	33521
0	251277	2	33521
0	66609	2	33521
0	234489	2	33521
0	49821	2	33521
0	217701	2	33521
0	33033	2	33521
0	200913	2	33521
0	16245	2	33521
0	184125	2	33521
0	352059	2	33529
0	167391	2	33529
0	335271	2	33529
0	150603	2	33529
0	318483	2	33529
0	133815	2	33529
0	301695	2	33529
0	117027	2	33529
0	284907	2	33529
0	100239	2	33529
0	268119	2	33529
0	83451	2	33529
0	251331	2	33529
0	66663	2	33529
0	234543	2	33529
0	49875	2	33529
0	217755	2	33529
0	33087	2	33529
0	200967	2	33529
0	16299	2	33529
0	184179	2	33529
0	352061	2	33531
0	167393	2	33531
0	335273	2	33531
0	150605	2	33531
0	318485	2	33531
0	133817	2	33531
0	301697	2	33531
0	117029	2	33531
0	284909	2	33531
0	100241	2	33531
0	268121	2	33531
0	83453	2	33531
0	251333	2	33531
0	66665	2	33531
0	234545	2	33531
0	49877	2	33531
0	217757	2	33531
0	33089	2	33531
0	200969	2	33531
0	16301	2	33531
0	184181	2	33531
