127	0	21
255	1	21
1225	3	21
32812	5	21
31061	7	21
1345	11	21
19991	12	21
20257	13	21
11620	15	21
15516	16	21
30413	17	21
32461	19	21
21617	21	21
2283	23	21
7492	24	21
13178	25	21
10046	26	21
10101	27	21
9986	28	21
9989	29	21
6475	30	21
19450	31	21
944	32	21
1861	33	21
2225	34	21
4258	35	21
13222	36	21
21281	37	21
1631	38	21
3171	39	21
9302	41	7
1828	42	21
30284	47	21
7280	48	21
12803	49	21
19033	51	21
28168	55	21
27869	57	21
1885	59	21
6421	60	21
20060	61	21
19060	63	21
4219	67	21
27350	69	21
1602	71	21
7907	72	21
2728	73	21
5841	76	21
2314	79	21
30540	81	21
2420	82	21
414	83	21
3116	84	21
27268	85	21
24496	86	21
31674	87	21
1238	88	21
13284	89	21
1473	91	21
1839	92	21
28678	93	21
25304	95	21
9465	96	21
9502	97	21
4941	98	21
24827	99	21
28695	101	21
1381	103	21
8412	104	21
10078	105	21
16600	107	21
1795	108	21
22055	109	21
13208	110	21
21255	111	21
23175	112	21
4410	113	21
22643	116	21
22645	117	21
12987	119	21
19598	121	21
24790	123	21
4374	124	21
22760	125	21
20618	126	21
24754	129	21
32790	131	21
5979	132	21
5981	133	21
738	134	21
13468	135	21
28601	137	21
25432	139	21
4157	140	21
17772	141	21
10449	142	21
11785	143	21
21689	145	21
43	146	21
16435	147	21
3848	148	21
15880	149	21
17189	151	21
10142	152	21
14950	153	21
8289	154	21
8291	155	21
28169	159	21
538	160	21
880	161	21
1467	162	21
13985	163	21
12631	164	21
12634	165	21
233	167	21
14932	169	21
19690	171	21
10876	173	21
19620	175	21
8097	176	21
28001	177	21
28161	179	21
20799	180	21
3970	181	7
7143	181	14
26838	183	21
18533	185	21
28826	187	21
1810	188	21
19697	189	21
15869	190	21
15872	191	21
17724	193	21
12834	195	21
29021	197	21
8197	198	21
14400	199	21
25517	201	21
24792	203	21
16597	205	21
21539	207	21
12685	208	21
20417	209	21
20402	210	21
21878	211	21
21202	212	21
21205	213	21
23155	215	21
6919	216	21
6925	217	21
13878	218	21
19983	219	21
3868	220	21
207	221	21
7081	222	21
13852	223	21
252	224	21
1977	225	21
10242	226	21
32418	227	21
27615	231	21
25800	233	21
13693	235	21
19327	237	21
15309	238	21
24059	239	21
24051	240	21
27629	241	21
15535	242	21
15546	243	21
26960	245	21
31510	249	21
13939	250	21
22294	251	21
4004	252	21
28778	253	21
7380	254	21
28199	255	21
14324	256	21
22890	257	21
3502	258	21
6576	259	21
735	260	21
662	261	21
8287	262	21
8294	263	21
21328	265	21
20940	266	21
20942	267	21
18143	268	21
28473	269	21
28364	270	21
27	272	21
19228	273	21
3159	274	21
18426	275	21
18420	276	21
18438	277	21
13838	278	21
13840	279	21
27089	281	21
27561	283	21
31751	285	21
2005	286	21
29085	287	21
29081	288	21
30269	289	21
19548	290	21
20191	291	21
856	293	21
17333	294	21
19677	295	21
12580	296	21
904	297	21
14182	298	21
22687	299	21
5577	300	21
3826	301	21
6561	302	21
19650	303	21
28056	305	21
9982	307	21
18199	309	21
7030	310	21
183	311	21
182	312	21
16955	313	21
16602	315	21
32317	317	21
7855	318	21
7880	319	21
23398	321	21
32851	323	21
9382	326	21
23549	327	21
32323	329	21
27200	331	21
23916	332	21
23967	333	21
571	334	21
22200	335	21
21988	336	21
21991	337	21
21884	338	21
28689	339	21
3368	341	21
15145	343	21
30985	345	21
29108	347	21
20666	348	21
20680	349	21
9537	351	21
13168	352	21
21188	353	21
26214	355	21
23501	356	21
23537	357	21
15917	359	21
236	362	21
3612	363	21
14405	364	21
29414	367	21
31822	369	21
1841	372	21
15073	373	21
18267	375	21
21485	376	21
21487	377	21
2521	378	21
15451	379	21
15000	381	21
11034	383	21
6354	385	21
22087	386	21
3557	387	21
26738	389	21
20613	390	21
16389	391	21
22026	392	21
1904	393	21
10906	394	21
18568	395	21
15550	396	21
4750	397	21
14624	398	21
18886	399	21
26826	401	21
3497	402	21
6560	403	21
852	405	21
23078	407	21
5598	408	21
11554	409	21
13970	410	21
4301	411	21
4071	413	21
30497	415	21
30649	417	21
19359	418	21
19887	419	21
810	420	21
812	421	21
1159	422	21
30351	423	21
29246	425	21
1221	426	21
31227	427	21
30667	429	21
4165	431	21
23059	432	21
23092	433	21
30832	435	21
24988	437	21
12517	438	21
12519	439	21
6990	440	21
6995	441	21
6357	442	21
6361	443	21
4679	444	21
4682	445	21
2624	446	21
16125	447	21
14649	448	21
30422	453	21
15431	455	21
927	458	21
26873	459	21
20139	461	21
18731	463	21
28634	465	21
3538	466	21
17390	467	21
481	468	21
2609	469	21
24014	471	21
12192	473	21
907	475	21
22236	478	21
25885	479	21
7042	480	21
10883	481	21
4713	482	21
4723	483	21
8187	484	21
3559	485	21
4865	486	21
30696	487	21
1254	488	21
13293	489	21
31519	491	21
19194	493	21
18410	495	21
14416	496	21
14425	497	21
4056	498	21
931	499	21
18057	501	21
26472	504	21
30910	505	21
32845	507	21
27754	509	21
2967	510	21
12618	511	21
31299	513	21
30488	515	21
120	516	21
28888	517	21
28716	519	21
3874	521	21
364	522	21
9865	523	21
15685	525	21
5698	526	21
31022	527	21
31085	529	21
4949	530	21
9119	531	21
21165	532	21
29006	533	21
21665	534	21
29684	535	21
568	538	21
1127	539	21
20663	540	21
2982	541	21
1197	543	21
5814	544	21
10562	545	21
30514	547	21
14513	549	21
1781	550	21
11616	551	21
11535	552	21
19290	553	21
163	554	21
959	555	21
1709	556	21
28033	557	21
2536	558	21
4843	559	21
29768	563	21
23134	565	21
13593	566	21
21857	567	21
285	569	21
15520	570	21
15522	571	21
10997	572	21
18606	573	21
4695	574	21
4697	575	21
17452	576	21
10416	577	21
2528	579	21
30988	581	21
30773	583	21
1293	584	21
18780	585	21
2306	586	21
14361	587	21
477	588	21
952	589	21
334	591	21
22770	593	21
27492	595	21
2396	596	21
22730	597	21
1607	598	21
3125	599	21
859	600	21
1699	601	21
21105	603	21
7600	604	21
13379	605	21
974	607	21
27973	609	21
27721	611	21
24726	613	21
11309	615	21
2287	617	21
28254	619	21
28690	620	21
28728	621	21
220	622	21
19241	623	21
19133	625	21
18680	627	21
28267	629	21
22019	631	21
2669	632	21
25357	633	21
10929	634	21
18500	635	21
15649	636	21
15651	637	21
20502	639	21
30596	641	21
17041	642	21
1035	643	21
6499	645	21
30584	647	21
1584	648	21
21803	649	21
223	650	21
447	651	21
2852	652	21
5420	653	21
26572	655	21
230	656	21
19679	657	21
460	658	21
19661	659	21
29410	661	21
22724	663	21
18946	665	21
3233	666	21
18736	667	21
27245	669	21
1612	670	21
10756	671	21
2819	673	21
25862	675	21
20656	677	21
11029	678	21
406	681	21
33059	683	21
9787	685	21
3437	686	21
9875	687	21
24662	689	21
10350	691	21
4369	694	21
8089	695	21
6699	696	21
6741	697	21
2378	699	21
25175	701	21
2377	703	21
21271	706	21
18441	707	21
32304	709	21
542	710	21
1002	711	21
22376	712	21
22378	713	21
19931	715	21
19669	717	21
21622	719	21
2592	720	21
4951	721	21
32779	723	21
23953	725	21
122	726	21
6889	727	21
28040	729	21
30899	731	21
173	732	21
9445	733	21
596	735	21
18792	739	21
4313	740	21
10868	741	21
12744	742	21
23966	743	21
13893	744	21
23282	745	21
755	746	21
5535	747	21
6562	748	21
3911	749	21
1573	751	21
20037	752	21
6879	753	21
3555	754	21
16470	755	21
27903	759	21
218	760	21
7164	763	21
28445	765	21
6650	767	21
11405	768	21
11464	769	21
1626	770	21
10874	771	21
733	772	21
1455	773	21
7758	774	21
29901	775	21
858	776	21
6222	777	21
752	780	21
2930	781	21
1816	785	21
822	786	21
8554	787	21
2381	790	21
14782	791	21
5187	792	21
7890	793	21
5201	794	21
11413	795	21
2197	796	21
4205	797	21
10233	798	21
17430	799	21
682	801	21
17016	802	21
24282	803	21
25870	805	21
25659	807	21
147	808	21
22797	809	21
8128	811	21
22571	812	21
22573	813	21
1429	814	21
9743	815	21
32302	817	21
395	818	21
30743	819	21
26631	822	21
13112	824	21
28536	825	21
2589	826	21
24881	827	21
3931	828	21
1253	829	21
7613	830	21
13402	831	21
8119	832	21
8122	833	21
15672	834	21
24599	835	21
5731	836	21
10419	837	21
10259	838	21
17475	839	21
18178	841	21
23250	843	21
4613	844	21
4615	845	21
20461	846	21
30725	847	21
7250	848	21
23969	849	21
488	850	21
22184	851	21
21959	853	21
7599	856	21
30154	857	21
7593	858	21
1344	859	21
15434	860	21
31984	861	21
7	862	21
20265	863	21
17241	865	21
1383	867	21
24753	869	21
142	870	21
4402	871	21
24777	873	21
22170	875	21
5280	876	21
9687	877	21
3483	879	21
1647	880	21
21885	881	21
819	882	21
20806	883	21
20749	884	21
26686	885	21
26673	887	21
7391	888	21
13006	889	21
370	890	21
378	891	21
3262	892	21
724	893	21
3433	894	21
3456	895	21
16096	896	21
25141	897	21
1736	899	21
18768	900	21
18909	901	21
24580	902	21
1055	906	21
23998	907	21
341	908	7
9302	908	14
25250	909	21
650	910	21
24283	911	21
1669	912	21
3242	913	21
18033	915	21
5821	916	21
10576	917	21
21158	918	21
29782	919	21
8086	920	21
18060	921	21
13125	922	21
23339	923	21
263	924	21
20269	925	21
10955	926	21
3587	927	21
19675	929	21
3927	930	21
18652	931	21
3308	932	21
28143	935	21
2849	936	21
5400	937	21
2630	938	21
17426	939	21
86	942	21
564	943	21
32980	945	21
32315	947	21
10262	948	21
18186	949	21
346	950	21
21559	951	21
3099	952	21
2300	953	21
30195	954	21
31638	955	21
32026	957	21
7161	958	21
15536	959	21
3323	960	21
32552	961	21
24994	963	21
24908	965	21
2435	966	21
23890	967	21
23830	969	21
3426	971	21
31394	973	21
29845	974	21
29927	975	21
32295	977	21
22454	978	21
1559	980	21
21766	981	21
2851	982	21
2561	984	21
3937	985	21
4464	986	21
8266	987	21
15344	988	21
5219	990	21
9577	991	21
8717	992	21
12395	993	21
3828	994	21
7066	995	21
7050	996	21
11481	997	21
5553	998	21
5558	999	21
1869	1000	21
5495	1001	21
5021	1002	21
5453	1003	21
26036	1005	21
2793	1006	21
25953	1007	21
11324	1009	21
6527	1010	21
17986	1011	21
17921	1013	21
32474	1017	21
761	1018	21
1508	1019	21
7459	1020	21
28729	1021	21
206	1022	21
27477	1023	21
22127	1024	21
22138	1025	21
3610	1026	21
3613	1027	21
17920	1028	21
20780	1029	21
21733	1034	21
3882	1035	21
9368	1036	21
25303	1037	21
15296	1038	21
25125	1039	21
14812	1041	21
13639	1042	21
3998	1045	21
11849	1046	21
6617	1047	21
21953	1049	21
589	1050	21
14247	1051	21
367	1052	21
734	1053	21
16850	1055	21
83	1056	21
2452	1057	21
16563	1059	21
31855	1061	21
14532	1062	21
14146	1065	21
7775	1066	21
13683	1067	21
2182	1068	21
4175	1069	21
26223	1071	21
2382	1072	21
23525	1073	21
31806	1075	21
1357	1079	21
30638	1081	21
32193	1083	21
15987	1085	21
2431	1086	21
8601	1087	21
8064	1088	21
8066	1089	21
1368	1091	21
16535	1092	21
27821	1093	21
314	1094	21
24195	1095	21
11629	1096	21
31347	1097	21
13075	1098	7
24205	1098	14
10641	1099	21
16341	1101	21
6227	1103	21
5246	1104	21
135	1105	21
3336	1107	21
23695	1109	21
15282	1111	21
1278	1112	21
9883	1113	21
26931	1114	21
2202	1115	21
26260	1117	21
25240	1119	21
20422	1120	21
20424	1121	21
3770	1122	21
3774	1123	21
3599	1124	21
3602	1125	21
14043	1127	21
24269	1129	21
28842	1131	21
3408	1132	21
473	1133	21
2677	1134	21
16319	1135	21
28135	1137	21
77	1138	21
621	1139	21
5943	1140	21
9987	1143	21
1128	1144	21
24391	1145	21
11579	1146	21
29499	1147	21
24964	1150	21
24967	1151	21
2647	1154	21
5055	1155	21
3143	1156	21
21862	1157	21
25206	1158	21
22124	1160	21
22137	1161	21
22076	1162	21
22085	1163	21
1063	1164	21
27483	1165	21
10265	1166	21
17487	1167	21
646	1168	21
28890	1169	21
9931	1170	21
26328	1171	21
627	1172	21
23897	1173	21
12738	1174	21
23820	1175	21
22596	1177	21
234	1178	21
18591	1179	21
10999	1180	21
18618	1181	21
597	1185	21
53	1186	21
18937	1187	21
1072	1188	21
28900	1189	21
116	1190	21
26285	1191	21
25871	1193	21
25774	1195	21
5938	1196	21
5940	1197	21
10575	1198	21
10577	1199	21
2685	1200	21
16000	1201	21
312	1202	21
8666	1203	21
14409	1204	21
30568	1205	21
21893	1206	21
32533	1207	21
8459	1208	21
27384	1209	21
29961	1211	21
30984	1213	21
30492	1215	21
33035	1217	21
1245	1221	21
92	1222	21
24894	1223	21
24890	1224	21
26031	1225	21
23051	1226	21
23089	1227	21
1706	1229	21
27329	1231	21
17162	1235	21
1325	1236	21
21486	1237	21
16159	1240	21
16162	1241	21
6303	1243	21
9638	1244	21
6046	1245	21
3655	1246	21
3749	1247	21
9360	1251	21
9335	1253	21
2842	1254	21
26302	1255	21
957	1256	21
12338	1257	21
991	1258	21
1946	1259	21
2322	1260	21
4447	1261	21
1700	1262	21
1702	1263	21
22122	1264	21
22136	1265	21
21866	1266	21
21876	1267	21
26507	1268	21
7385	1269	21
19756	1271	21
4409	1272	21
24603	1273	21
23117	1275	21
6164	1276	21
29799	1277	21
9349	1278	21
9353	1279	21
8926	1280	21
8929	1281	21
1244	1282	21
20516	1283	21
5290	1284	21
5297	1285	21
33088	1287	21
556	1288	21
21764	1289	21
32330	1291	21
32322	1292	21
557	1293	21
31224	1295	21
29198	1297	21
58	1299	21
25150	1300	21
2652	1301	21
4995	1302	21
9199	1303	21
6194	1304	21
6196	1305	21
26326	1307	21
2578	1308	21
4924	1309	21
941	1310	21
13783	1311	21
7123	1312	21
17110	1313	21
29843	1315	21
15797	1317	21
357	1319	7
3500	1320	21
6566	1321	21
613	1322	21
6274	1323	21
13205	1324	21
21249	1325	21
11335	1326	21
9733	1327	21
8481	1328	21
24611	1329	21
13738	1330	21
22067	1331	21
2004	1332	21
12047	1333	21
4646	1334	21
10878	1335	21
1183	1336	21
23044	1337	21
20511	1339	21
2200	1340	21
29712	1341	21
24207	1342	21
31427	1343	21
31480	1345	21
15	1346	21
12375	1347	21
496	1348	21
3759	1349	21
6329	1350	21
6370	1351	21
13926	1352	21
22272	1353	21
3975	1354	21
5667	1355	21
7353	1356	21
27779	1357	21
108	1358	21
22750	1359	21
3344	1360	21
6299	1361	21
4119	1363	21
154	1364	21
25041	1365	21
27894	1367	21
105	1368	21
27782	1369	21
27731	1371	21
24004	1372	21
25825	1373	21
7650	1374	21
10727	1375	21
25302	1377	21
184	1378	21
21704	1379	21
13191	1380	21
23431	1381	21
10669	1385	21
4426	1386	21
10996	1387	21
32856	1389	21
16322	1392	21
23296	1393	21
29186	1394	21
29188	1395	21
232	1396	21
2258	1397	21
13749	1399	21
13616	1400	21
31340	1401	21
10473	1402	21
10475	1403	21
1168	1404	21
26552	1405	21
1827	1408	21
28705	1409	21
866	1410	21
19212	1411	21
18873	1413	21
14022	1414	21
22434	1415	21
4888	1418	21
16537	1420	21
9691	1422	21
9698	1423	21
1908	1424	21
1910	1425	21
27323	1427	21
620	1428	21
14938	1429	21
14856	1430	21
14859	1431	21
8894	1432	21
15494	1433	21
7914	1435	21
2588	1436	21
16074	1437	21
5888	1438	21
10695	1439	21
51	1440	21
24048	1441	21
15141	1442	21
15156	1443	21
3703	1444	21
3714	1445	21
681	1446	21
341	1447	14
1336	1447	7
20602	1448	21
32179	1449	21
8460	1450	21
26615	1451	21
27385	1452	21
29820	1453	21
1686	1454	21
3275	1455	21
403	1456	21
10765	1457	21
20318	1458	21
20336	1459	21
17280	1460	21
17297	1461	21
3859	1462	21
17274	1463	21
753	1464	21
17246	1465	21
6830	1466	21
6833	1467	21
2646	1468	21
345	1469	21
10154	1470	21
18551	1471	21
5916	1473	21
13574	1474	21
9188	1475	21
11153	1476	21
11155	1477	21
4912	1478	21
24711	1479	21
27442	1481	21
3441	1482	21
2217	1483	21
5851	1484	21
5853	1485	21
554	1486	21
13405	1487	21
7553	1488	21
7555	1489	21
3856	1490	21
16991	1491	21
2349	1492	21
14614	1493	21
12434	1494	21
14263	1495	21
1881	1496	21
9628	1497	21
10480	1498	21
896	1499	21
155	1500	21
4376	1501	21
28714	1503	21
17976	1505	21
2326	1506	21
14300	1507	21
102	1508	21
32769	1509	21
2211	1512	21
7845	1513	21
6044	1514	21
619	1515	21
10943	1516	21
14726	1517	21
32887	1519	21
1727	1520	21
3113	1521	21
18189	1523	21
12915	1524	21
20808	1525	21
20408	1526	21
21995	1527	21
21920	1528	21
21923	1529	21
13558	1530	14
3802	1532	21
25255	1537	21
8454	1539	21
45	1541	21
26	1542	21
27939	1543	21
21954	1545	21
11	1546	21
30684	1547	21
16545	1548	21
32279	1549	21
4046	1550	21
2219	1551	21
7633	1552	21
29604	1553	21
1491	1554	21
2905	1555	21
15353	1556	21
19267	1557	21
4876	1558	21
8988	1559	21
8091	1560	21
14217	1561	21
13230	1563	21
541	1564	21
28868	1565	21
6557	1566	21
2090	1567	21
17779	1568	21
3991	1569	21
270	1570	21
26448	1571	21
14693	1572	21
23387	1573	21
754	1574	21
1495	1575	21
19833	1576	21
780	1577	21
4657	1578	21
1994	1579	21
7893	1580	21
11997	1581	21
1677	1583	21
867	1585	21
10378	1587	21
20483	1588	21
1564	1589	21
313	1592	21
30116	1593	21
31092	1595	21
24127	1596	21
29302	1597	21
1228	1598	21
2130	1599	21
4488	1600	21
8308	1601	21
29682	1603	21
26121	1604	21
31063	1605	21
17689	1607	21
11653	1608	21
19479	1609	21
13531	1610	21
21753	1611	21
19908	1613	21
16251	1614	21
16398	1615	21
5700	1618	21
10361	1619	21
8243	1620	21
30483	1621	21
24421	1622	21
26278	1623	21
2067	1624	21
3949	1625	21
25127	1627	21
13657	1628	21
13659	1629	21
685	1631	21
329	1632	21
31782	1633	21
20459	1634	14
20652	1635	21
16282	1636	21
16427	1637	21
2342	1638	21
22658	1639	21
15271	1640	21
23996	1641	21
21996	1642	21
22010	1643	21
21983	1644	21
21993	1645	21
8209	1646	21
14421	1647	21
21402	1648	21
26336	1649	21
23911	1650	21
23965	1651	21
1937	1652	21
6992	1653	21
1862	1654	21
6730	1655	21
982	1656	21
1931	1657	21
24922	1658	21
31991	1659	21
8819	1660	21
7114	1661	21
29589	1663	21
5334	1664	21
32447	1665	21
21359	1666	21
31410	1667	21
226	1668	21
30060	1669	21
29634	1671	21
926	1672	21
1826	1673	21
7507	1674	21
19546	1675	21
22833	1676	21
30073	1677	21
29902	1678	21
29936	1679	21
228	1680	21
29300	1681	21
7645	1682	21
7647	1683	21
13342	1684	21
21654	1685	21
9092	1686	21
4542	1687	21
421	1688	21
32540	1689	21
1181	1690	21
32877	1691	21
10998	1692	21
29536	1693	21
32301	1695	21
10694	1696	21
10720	1697	21
18649	1700	21
28119	1701	21
3334	1702	21
14017	1704	21
22426	1705	21
25583	1707	21
1340	1708	21
27970	1709	21
27709	1710	21
27712	1711	21
224	1712	21
20993	1713	21
7930	1714	21
2078	1715	21
21080	1717	21
14124	1718	21
1477	1719	21
22994	1720	21
1434	1721	21
5469	1722	21
9993	1723	21
1544	1724	21
3000	1725	21
4163	1726	21
17782	1727	21
3	1728	21
13615	1729	21
54	1731	21
10703	1733	14
20803	1734	21
4101	1736	21
21273	1737	21
21213	1738	21
32740	1739	21
23831	1741	21
1543	1742	21
14658	1743	21
248	1744	21
6986	1745	21
5101	1746	21
6745	1747	21
2984	1748	21
5642	1749	21
9949	1750	21
8365	1752	21
412	1753	21
20768	1754	21
26871	1755	21
10235	1756	21
17434	1757	21
283	1758	21
22009	1759	21
21947	1760	21
21957	1761	21
33008	1763	21
5842	1764	21
10615	1765	21
11390	1766	21
11395	1767	21
1749	1768	21
8547	1769	21
8447	1770	21
8450	1771	21
227	1772	21
6495	1773	21
267	1774	21
26312	1775	21
518	1776	21
12355	1777	21
468	1778	21
11966	1779	21
4799	1780	21
8842	1781	21
253	1782	21
507	1783	21
15956	1784	21
5696	1786	21
10353	1787	21
6976	1788	21
6998	1789	21
3761	1790	21
3777	1791	21
1490	1792	21
3399	1793	21
4077	1794	21
7548	1795	21
1974	1796	21
1978	1797	21
1756	1798	21
1759	1799	21
57	1800	21
28534	1801	21
114	1802	21
28485	1803	21
895	1804	21
1797	1805	21
5758	1806	21
10467	1807	21
3322	1808	21
6260	1809	21
60	1810	21
20098	1811	21
19513	1813	21
32630	1815	21
3419	1816	21
785	1817	21
22329	1818	21
28060	1819	21
1712	1820	21
2755	1821	21
15323	1822	21
24081	1823	21
331	1824	21
24700	1825	21
24096	1826	21
24106	1827	21
13114	1828	21
21090	1829	21
2062	1830	21
25535	1831	21
3907	1832	21
22203	1833	21
21701	1834	21
21712	1835	21
21388	1836	21
21391	1837	21
2563	1838	21
31574	1839	21
18466	1840	21
32266	1843	21
33026	1845	21
5609	1846	21
10190	1847	21
4881	1848	21
25051	1849	21
21257	1850	21
18894	1851	21
6145	1852	21
18808	1853	21
4220	1854	21
7817	1855	21
1829	1856	21
20981	1857	21
868	1858	21
19076	1859	21
1590	1860	21
18064	1861	21
372	1863	21
21051	1865	21
14	1866	21
31406	1867	21
216	1868	21
2195	1869	21
156	1870	21
633	1871	21
4897	1872	21
9027	1873	21
19531	1875	21
9080	1876	21
9480	1877	21
10180	1878	21
17334	1879	21
7136	1880	21
17892	1881	21
13058	1882	21
13069	1883	21
19225	1884	21
19244	1885	21
3872	1886	21
18955	1887	21
18729	1888	21
18741	1889	21
1170	1890	21
14259	1891	21
27622	1893	21
30852	1895	21
8088	1896	21
14212	1897	21
2660	1898	21
5079	1899	21
46	1900	21
93	1901	21
29	1902	21
11985	1903	21
30871	1905	21
11575	1906	21
2844	1907	21
22587	1908	21
23623	1909	21
15416	1910	21
25225	1911	21
9386	1912	21
18906	1913	21
139	1914	21
29638	1915	21
4635	1916	21
7469	1917	21
578	1918	21
777	1919	21
522	1920	21
27584	1921	21
33002	1923	21
237	1924	21
6706	1925	21
22877	1927	21
17421	1928	21
24864	1929	21
1854	1930	21
1071	1931	21
1831	1932	21
11894	1933	21
17580	1934	21
31243	1935	21
18607	1936	21
13440	1937	21
31426	1939	21
1435	1940	21
21639	1941	21
7248	1942	21
30710	1943	21
3553	1944	21
16102	1945	21
960	1946	21
15121	1947	21
10097	1948	21
10112	1949	21
9862	1950	21
9866	1951	21
1481	1952	21
8320	1953	21
4066	1954	21
4076	1955	21
10	1956	21
30853	1957	21
692	1958	21
20623	1959	21
1366	1960	21
25362	1961	21
7451	1962	21
25358	1963	21
21234	1964	21
29097	1965	21
8060	1966	21
30372	1967	21
7580	1968	21
15355	1969	14
24205	1969	7
4020	1970	21
4345	1971	21
20456	1973	21
8026	1974	21
27031	1975	21
15280	1976	21
24012	1977	21
333	1978	21
24820	1979	21
20894	1980	21
20904	1981	21
3971	1982	21
7346	1983	21
13989	1984	21
27263	1985	21
8757	1986	21
9709	1987	21
28828	1989	21
38	1990	21
27780	1991	21
12927	1992	21
12897	1993	21
7402	1994	21
13025	1995	21
9077	1996	21
13964	1997	21
6172	1998	21
11170	1999	21
19577	2000	21
28447	2001	21
18090	2002	21
21071	2003	21
214	2004	21
11648	2005	21
603	2006	21
14169	2007	21
5849	2008	21
10628	2009	21
3003	2010	21
31672	2011	21
464	2012	21
30203	2013	21
7688	2014	21
32530	2015	21
562	2016	21
21877	2017	21
546	2018	21
22453	2019	21
56	2020	21
28824	2021	21
25882	2023	21
22773	2024	21
22783	2025	21
3967	2026	21
16595	2027	21
4485	2028	21
8302	2029	21
3082	2030	21
6351	2031	21
13386	2032	21
10609	2033	21
1104	2036	21
1106	2037	21
15203	2038	7
27826	2039	21
2256	2040	21
5235	2041	21
19	2042	21
1058	2043	21
10292	2044	21
17532	2045	21
41	2046	21
3412	2047	21
31603	2049	21
1240	2050	21
6500	2051	21
29133	2052	21
29886	2053	21
10719	2055	21
17330	2056	21
19487	2057	21
451	2058	21
19344	2059	21
13620	2060	21
32400	2061	21
9675	2062	21
17607	2063	14
30078	2063	7
1091	2064	21
21395	2065	21
7020	2066	21
600	2067	21
1087	2068	21
1588	2069	21
2550	2070	21
27681	2071	21
2	2072	21
30966	2073	21
625	2074	21
1801	2075	21
369	2076	21
13492	2077	21
409	2078	21
10781	2079	21
67	2080	21
31643	2081	21
1117	2083	21
1116	2084	21
32718	2085	21
616	2086	21
14849	2087	21
9725	2088	21
16789	2089	21
2823	2090	21
13679	2091	21
362	2092	21
21641	2093	21
7681	2094	21
10857	2095	21
10220	2096	21
17407	2097	21
309	2098	21
2697	2099	21
161	2100	21
23650	2101	21
0	2102	21
29694	2103	21
2859	2104	21
17263	2105	21
2784	2106	21
16909	2107	21
16	2108	21
32771	2109	21
36	2110	21
11693	2112	21
11695	2113	21
1609	2114	21
623	2115	21
17	2116	21
23629	2117	21
665	2118	21
27876	2119	21
624	2120	21
3051	2121	21
13945	2122	21
5795	2124	21
5574	2125	21
78	2126	21
15086	2127	21
31469	2129	21
683	2130	21
12645	2131	7
1919	2132	21
855	2133	21
2026	2134	21
225	2135	21
4945	2136	21
9112	2137	21
870	2138	21
18098	2139	21
24	2140	21
25932	2141	21
1031	2142	21
23734	2143	21
11530	2144	21
19282	2145	21
20	2146	21
5142	2147	21
82	2148	21
16885	2149	21
8580	2150	21
23798	2151	21
88	2152	21
18947	2153	21
1681	2154	21
18847	2155	21
7439	2156	21
31315	2157	21
24151	2158	21
21244	2159	21
113	2160	21
7328	2161	21
7891	2162	21
31389	2163	21
70	2164	21
29922	2165	21
2124	2166	21
10465	2167	21
8057	2168	21
14156	2169	21
52	2170	21
11793	2171	21
136	2172	21
21155	2173	21
42	2174	21
17819	2175	21
29973	2177	21
40	2178	21
11245	2180	21
26694	2181	21
8776	2182	21
15281	2183	21
929	2184	21
23259	2185	21
563	2186	21
25162	2187	21
4	2188	21
27986	2189	21
269	2190	21
23784	2191	21
2576	2192	21
16057	2193	21
32	2194	3
582	2195	21
2122	2196	21
29221	2197	21
2159	2198	21
32494	2199	21
21	2200	21
13987	2201	21
166	2202	21
31944	2203	21
31905	2205	21
514	2206	21
937	2207	21
23609	2208	21
23618	2209	21
899	2211	21
112	2212	21
28740	2213	21
15388	2214	21
15394	2215	21
1548	2216	21
30059	2217	21
178	2218	21
2161	2219	21
11056	2220	21
11081	2221	21
5656	2222	21
10279	2223	21
5	2224	21
28303	2225	21
9	2226	21
306	2227	21
5052	2228	21
2651	2229	21
32	2230	18
64	2230	3
27059	2231	21
17642	2232	21
26590	2233	21
211	2234	21
11084	2235	21
1630	2236	21
3169	2237	21
1125	2238	21
15991	2239	21
35	2240	21
11634	2241	21
66	2242	21
31767	2243	21
50	2244	21
32733	2245	21
18	2246	21
4993	2248	21
5114	2249	21
1053	2250	21
31037	2251	21
1649	2252	21
12762	2253	21
65	2254	21
25297	2255	21
169	2256	21
9105	2257	21
925	2258	21
12208	2259	21
4132	2260	21
32485	2261	21
84	2262	21
1118	2263	21
34	2264	21
16462	2265	21
964	2266	21
20310	2267	21
12238	2268	21
12242	2269	21
973	2270	21
12226	2271	21
68	2272	21
16736	2273	21
5779	2274	21
5781	2275	21
1689	2276	21
11194	2277	21
28	2278	21
4514	2279	21
6	2280	21
432	2281	21
12427	2282	21
13854	2283	21
1952	2284	21
13849	2285	21
13777	2286	21
13780	2287	21
2190	2288	21
4191	2289	21
76	2290	21
25338	2291	21
208	2292	21
29905	2293	21
1823	2294	21
2756	2295	21
144	2296	7
22733	2297	21
14014	2298	21
22420	2299	21
4684	2300	21
23959	2301	21
75	2302	21
23275	2303	21
1888	2304	21
21033	2305	21
205	2306	21
9072	2307	21
7085	2308	21
29366	2309	21
149	2310	21
31715	2311	21
153	2312	21
4563	2313	21
291	2314	21
27158	2315	21
7171	2316	21
11852	2317	21
15391	2318	21
24187	2319	21
368	2320	21
215	2321	21
3239	2322	21
11085	2323	21
2319	2324	21
14447	2325	21
284	2326	21
29708	2327	21
104	2328	21
32501	2329	21
4647	2330	21
8588	2331	21
4073	2332	21
7540	2333	21
1740	2334	21
3373	2335	21
90	2336	21
28379	2337	21
259	2338	21
355	2339	21
64	2340	18
80	2340	3
354	2341	21
909	2342	21
1911	2343	21
160	2344	21
12575	2345	21
3792	2346	21
4289	2347	21
5204	2348	21
12913	2349	21
7093	2350	21
4375	2351	21
1	2352	21
1102	2354	21
19622	2355	21
141	2356	21
24037	2358	21
27122	2359	21
615	2360	21
27107	2361	21
165	2362	21
29386	2363	21
972	2364	21
572	2365	21
7487	2366	21
30004	2367	21
913	2368	21
2204	2369	21
448	2370	21
2505	2371	21
162	2372	21
27957	2373	21
404	2374	21
26880	2375	21
1216	2376	21
18706	2377	21
1723	2378	21
14931	2379	21
33	2380	21
26874	2381	21
2370	2382	21
29214	2383	21
472	2384	21
29049	2385	21
1452	2386	21
2835	2387	21
130	2388	21
6229	2389	21
262	2390	21
18973	2391	21
99	2392	21
26888	2393	21
894	2394	21
26455	2395	21
144	2396	14
324	2396	7
5339	2397	21
212	2398	21
1065	2399	21
146	2400	21
27733	2401	21
1230	2402	21
3354	2403	21
13758	2404	21
22090	2405	21
240	2406	21
4033	2407	21
893	2408	21
26311	2409	21
910	2410	21
3922	2411	21
7918	2412	21
965	2413	21
712	2414	21
9988	2415	21
645	2416	21
16607	2417	21
69	2418	21
26584	2419	21
81	2420	21
11866	2421	21
10121	2422	21
11476	2423	21
8685	2424	21
8701	2425	21
7873	2426	21
7884	2427	21
15377	2428	21
24162	2429	21
4430	2430	21
30448	2431	21
258	2432	21
31631	2433	21
170	2434	21
32194	2435	21
340	2436	21
32165	2437	21
138	2438	21
31543	2439	21
659	2440	21
15674	2441	21
297	2442	21
11140	2443	21
3890	2444	21
7188	2445	21
1796	2446	21
13521	2447	21
98	2448	21
278	2449	21
37	2450	21
18278	2451	21
150	2452	21
30701	2453	21
1619	2456	21
4591	2457	21
4552	2458	21
8421	2459	21
3158	2460	21
452	2461	21
2405	2462	21
14912	2463	21
6010	2464	21
2857	2465	21
695	2466	21
454	2467	21
134	2468	21
31878	2469	21
1134	2470	21
21200	2471	21
4816	2472	21
17993	2473	21
1161	2474	21
25033	2475	21
324	2476	14
332	2476	7
31813	2477	21
3020	2478	21
17686	2479	21
6907	2480	21
6912	2481	21
3614	2482	21
3618	2483	21
2718	2484	21
2721	2485	21
1154	2486	21
24482	2487	21
2145	2488	21
12	2490	21
16810	2491	21
727	2492	21
26098	2493	21
667	2494	21
2458	2495	21
661	2496	21
24684	2497	21
1715	2498	21
6277	2499	21
1765	2500	21
7126	2501	21
1896	2502	21
12149	2503	21
594	2504	21
26558	2505	21
332	2506	14
552	2506	7
27562	2507	21
23984	2508	21
24865	2509	21
664	2510	21
24770	2511	21
8047	2512	21
14138	2513	21
12731	2514	21
20501	2515	21
20486	2516	21
23414	2517	21
2369	2518	21
23400	2519	21
290	2520	21
25042	2521	21
100	2522	21
31864	2523	21
4093	2524	21
14592	2525	21
2560	2526	21
31824	2527	21
8522	2528	21
14926	2529	21
321	2530	21
24636	2531	21
1023	2532	21
26317	2533	21
22	2534	21
26048	2535	21
11361	2536	21
11372	2537	21
4892	2538	21
9018	2539	21
7483	2540	21
29900	2541	21
567	2542	21
2174	2543	21
15581	2544	21
24456	2545	21
337	2546	21
31475	2547	21
1114	2548	21
29802	2549	21
769	2550	21
6308	2551	21
14732	2552	21
23441	2553	21
2117	2554	21
26523	2555	21
85	2556	21
2658	2557	21
256	2558	21
28857	2559	21
390	2560	21
27925	2561	21
145	2562	21
26727	2563	21
25	2564	21
29828	2565	21
23756	2566	21
23928	2567	21
581	2568	21
2050	2569	21
552	2570	14
2626	2570	7
4944	2571	21
48	2572	21
15752	2573	21
723	2574	21
725	2575	21
194	2576	21
25965	2577	21
21662	2578	21
21699	2579	21
7219	2580	21
22135	2581	21
21865	2582	21
21875	2583	21
13	2584	21
19166	2585	21
97	2586	21
18382	2587	21
73	2588	21
25375	2589	21
10558	2590	21
17955	2591	21
12510	2592	21
17179	2593	21
744	2594	21
17159	2595	21
1460	2596	21
17026	2597	21
1019	2598	21
20264	2599	21
1461	2600	21
17240	2601	21
180	2602	21
16959	2603	21
862	2604	21
16973	2605	21
89	2606	21
10315	2607	21
1761	2608	21
19501	2609	21
6814	2610	21
6959	2611	21
10516	2612	21
10520	2613	21
796	2614	21
10515	2615	21
96	2616	21
450	2617	21
1205	2618	21
14648	2619	21
794	2620	21
19647	2621	21
168	2622	21
1093	2623	21
80	2624	18
320	2624	3
274	2626	21
17373	2627	21
128	2628	21
19829	2629	21
1443	2630	21
984	2632	21
986	2633	21
17332	2634	21
19624	2635	21
5900	2636	21
10726	2637	21
16961	2638	21
16965	2639	21
4594	2640	21
6304	2641	21
320	2642	14
330	2642	7
1373	2643	21
3414	2644	21
2966	2645	21
642	2646	21
11377	2647	21
14840	2648	21
23594	2649	21
265	2650	21
15712	2651	21
129	2652	21
32815	2653	21
1643	2654	21
20185	2655	21
385	2656	21
19945	2657	21
320	2658	4
511	2658	14
643	2658	3
1704	2659	21
1770	2660	21
28762	2661	21
901	2662	21
20127	2663	21
456	2664	21
12256	2665	21
323	2666	21
1766	2667	21
133	2668	21
19621	2669	21
466	2670	21
8715	2671	21
6296	2672	21
4781	2674	21
8808	2675	21
8442	2676	21
8449	2677	21
1379	2678	21
11240	2679	21
11074	2680	21
18727	2681	21
330	2682	14
4887	2682	7
11367	2683	21
644	2684	21
23628	2685	21
680	2686	21
29461	2687	21
1280	2688	21
18493	2689	21
15131	2690	21
15177	2691	21
13826	2692	21
13829	2693	21
1320	2694	21
1692	2695	21
164	2696	21
3938	2697	21
2874	2698	21
747	2699	21
4980	2700	21
9169	2701	21
1101	2702	21
31634	2703	21
8099	2704	21
30617	2705	21
1126	2706	21
30288	2707	21
1195	2708	21
2340	2709	21
639	2710	21
18482	2711	21
8	2712	21
20832	2713	21
132	2714	21
27363	2715	21
3343	2716	21
6297	2717	21
530	2718	21
23812	2719	21
705	2720	21
29487	2721	21
140	2722	21
281	2723	21
325	2724	21
21977	2725	21
12035	2726	21
12056	2727	21
10866	2728	21
10882	2729	21
4711	2730	21
4722	2731	21
3085	2732	21
23445	2733	21
152	2734	21
2380	2736	21
30559	2737	21
72	2738	21
3913	2739	21
553	2740	21
4919	2741	21
387	2742	21
28280	2743	21
2098	2744	21
4011	2745	21
8957	2746	21
15599	2747	21
384	2748	21
25237	2749	21
266	2750	21
19415	2751	21
8880	2752	21
15468	2753	21
2950	2754	21
16998	2755	21
15904	2756	21
19227	2757	21
956	2758	21
10095	2759	21
8645	2760	21
8693	2761	21
5231	2762	21
9600	2763	21
1542	2764	21
942	2765	21
672	2766	21
25359	2767	21
1047	2768	21
30204	2769	21
424	2770	21
1566	2771	21
697	2772	21
16429	2773	21
16302	2774	21
16305	2775	21
192	2776	21
393	2777	21
2138	2778	21
31593	2779	21
3004	2780	21
12656	2781	21
428	2782	21
18948	2783	21
422	2784	21
18720	2785	21
14050	2786	21
14057	2787	21
6151	2788	21
11136	2789	21
648	2790	21
31361	2791	21
1015	2792	21
12236	2793	21
322	2794	21
1653	2795	21
1153	2796	21
30253	2797	21
2762	2798	21
23150	2799	21
386	2800	21
580	2801	21
834	2802	21
196	2803	21
846	2804	21
30430	2805	21
516	2806	21
906	2807	21
905	2808	21
4155	2809	21
400	2810	21
31069	2811	21
261	2812	21
25729	2813	21
1465	2814	21
21674	2815	21
16146	2816	21
25215	2817	21
832	2818	21
25803	2819	21
5711	2820	21
31924	2821	21
903	2822	21
31592	2823	21
5708	2824	21
29984	2825	21
44	2826	21
23257	2827	21
209	2828	21
32576	2829	21
745	2830	21
5475	2831	21
1025	2832	21
1526	2833	21
1721	2834	21
13687	2835	21
7995	2836	21
14044	2837	21
5786	2838	21
5788	2839	21
1355	2840	21
7514	2841	21
197	2842	21
32477	2843	21
693	2844	21
436	2845	21
1319	2846	21
32110	2847	21
25857	2848	21
17665	2849	21
6291	2850	21
6293	2851	21
394	2852	21
14576	2853	21
1236	2854	21
11406	2855	21
2627	2856	21
23003	2857	21
8898	2858	21
15501	2859	21
7476	2860	21
30785	2861	21
641	2862	21
16190	2863	21
511	2864	7
555	2864	14
29631	2865	21
264	2866	21
5800	2867	21
137	2868	21
1090	2869	21
512	2870	21
1111	2871	21
3075	2872	21
15966	2873	21
3530	2874	21
12763	2875	21
3421	2876	21
2980	2877	21
1173	2878	21
19088	2879	21
1083	2880	21
2118	2881	21
863	2882	21
29934	2883	21
172	2884	21
27226	2885	21
1097	2886	21
17700	2887	21
416	2888	21
23706	2889	21
1274	2890	21
2490	2891	21
1764	2892	21
17229	2893	21
1017	2894	21
16412	2895	21
4978	2896	21
28148	2897	21
536	2898	21
3162	2899	21
3473	2900	21
22176	2901	21
14010	2902	21
22413	2903	21
525	2904	21
10902	2905	21
517	2906	21
1089	2907	21
296	2908	21
1177	2910	21
30717	2911	21
361	2912	21
9767	2913	21
4075	2914	21
24193	2915	21
610	2916	21
31091	2917	21
1209	2918	21
31056	2919	21
106	2920	21
8720	2921	21
1454	2922	21
1456	2923	21
2018	2924	21
16442	2925	21
2216	2926	21
1785	2927	21
1311	2928	21
15742	2929	21
3950	2930	21
17457	2931	21
357	2932	14
576	2932	7
714	2933	21
706	2934	21
25578	2935	21
513	2936	21
16732	2937	21
458	2938	21
11745	2939	21
4990	2940	21
11204	2941	21
4170	2942	21
1615	2943	21
1246	2944	21
21376	2945	21
11018	2946	21
11020	2947	21
647	2948	21
28043	2949	21
268	2950	21
9049	2951	21
401	2952	21
21418	2953	21
9263	2954	21
16097	2955	21
1100	2956	21
3903	2957	21
521	2958	21
7017	2959	21
336	2960	21
30885	2961	21
537	2962	21
12945	2963	21
308	2964	21
31025	2965	21
3014	2966	21
4605	2967	21
520	2968	21
1419	2969	21
5692	2970	21
30612	2971	21
515	2972	21
28865	2973	21
1780	2974	21
1782	2975	21
523	2976	21
4747	2977	21
6029	2978	21
10920	2979	21
12642	2980	21
20331	2981	21
7173	2982	21
19982	2983	21
11445	2984	21
11449	2985	21
5476	2986	21
5479	2987	21
2866	2988	21
5446	2989	21
15525	2990	21
15532	2991	21
4497	2992	21
2899	2993	21
131	2994	21
28820	2995	21
408	2996	21
25877	2997	21
640	2998	21
25820	2999	21
1446	3000	21
20682	3001	21
7294	3002	21
2583	3003	21
2337	3004	21
23214	3005	21
417	3006	21
1026	3007	21
1022	3008	21
344	3009	21
2740	3010	21
25624	3011	21
5004	3012	21
9215	3013	21
545	3014	21
29261	3015	21
871	3016	21
11358	3017	21
609	3018	21
4039	3019	21
276	3020	21
3108	3021	21
49	3022	21
17857	3023	21
260	3024	21
23109	3025	21
15125	3026	21
15174	3027	21
12453	3028	21
15080	3029	21
897	3030	21
22764	3031	21
418	3032	21
23975	3033	21
74	3034	21
8489	3035	21
898	3036	21
19304	3037	21
10244	3038	21
17450	3039	21
17420	3040	21
24819	3041	21
1734	3042	21
20903	3043	21
1864	3044	21
3597	3045	21
210	3046	21
10155	3047	21
1772	3048	21
28022	3049	21
585	3050	21
4867	3051	21
1033	3052	21
16371	3053	21
1412	3054	21
289	3055	21
2397	3056	21
29249	3057	21
847	3058	21
31272	3059	21
588	3060	21
18012	3061	21
21187	3062	21
29039	3063	21
453	3064	21
29956	3065	21
8621	3066	21
8623	3067	21
1224	3068	21
1226	3069	21
9073	3070	21
9075	3071	21
12734	3072	21
20507	3073	21
1232	3074	21
23726	3075	21
21678	3076	21
21681	3077	21
529	3078	21
272	3079	21
9211	3080	21
16014	3081	21
461	3082	21
402	3083	21
293	3084	21
24788	3085	21
273	3086	21
27750	3087	21
388	3088	21
12901	3089	21
543	3090	21
3251	3091	21
933	3092	21
13019	3093	21
292	3094	21
25272	3095	21
288	3096	21
16649	3097	21
4486	3098	21
8329	3099	21
673	3100	21
32054	3101	21
10136	3102	21
19268	3103	21
363	3104	21
3292	3105	21
12842	3106	21
1462	3107	21
1840	3108	21
28648	3109	21
280	3110	21
30666	3111	21
392	3112	21
433	3113	21
576	3114	14
767	3114	7
2029	3115	21
544	3116	21
32558	3117	21
716	3118	21
5288	3119	21
657	3120	21
721	3121	21
783	3122	21
2148	3123	21
767	3124	14
831	3124	7
31852	3125	21
6641	3126	21
6648	3127	21
1777	3128	21
7488	3129	21
15301	3130	21
24045	3131	21
24044	3132	21
27417	3133	21
548	3134	21
4354	3135	21
766	3136	21
32690	3137	21
561	3138	21
28511	3139	21
1760	3140	21
1800	3141	21
2289	3142	21
22802	3143	21
586	3144	21
22665	3145	21
878	3146	21
28182	3147	21
3160	3148	21
27484	3149	21
26863	3150	21
26897	3151	21
2095	3152	21
21020	3153	21
663	3154	21
29772	3155	21
3586	3156	21
3611	3157	21
275	3158	21
27642	3159	21
595	3160	21
7080	3161	21
2650	3162	21
4131	3163	21
282	3164	21
27408	3165	21
671	3166	21
679	3168	21
1348	3169	21
20518	3170	21
23881	3171	21
2439	3172	21
23877	3173	21
352	3174	21
26677	3175	21
356	3176	21
21160	3177	21
1570	3178	21
21784	3179	21
3407	3180	21
4735	3181	21
1982	3182	21
12109	3183	21
3050	3184	21
9616	3185	21
1284	3186	21
32759	3187	21
528	3188	21
21454	3189	21
1014	3190	21
23470	3191	21
10767	3192	21
7512	3193	21
2264	3194	21
27019	3195	21
715	3196	21
690	3197	21
3166	3198	21
29810	3199	21
524	3200	21
19213	3201	21
818	3202	21
18357	3203	21
358	3204	21
14214	3205	21
1273	3206	21
31805	3207	21
643	3208	18
651	3208	3
816	3209	21
575	3210	21
30028	3211	21
2058	3212	21
24869	3213	21
3310	3214	21
6237	3215	21
1395	3216	21
28234	3217	21
10396	3218	21
10398	3219	21
2419	3220	21
1802	3221	21
17006	3222	21
17221	3223	21
2512	3224	21
15129	3225	21
381	3226	21
762	3227	21
1458	3228	21
26288	3229	21
353	3230	21
1380	3231	21
2841	3232	21
7026	3233	21
2046	3234	21
22153	3235	21
1595	3236	21
2033	3237	21
676	3238	21
649	3239	21
5517	3240	21
5520	3241	21
1767	3242	21
14964	3243	21
13508	3244	21
20319	3245	21
2952	3246	21
12379	3247	21
1998	3248	21
10098	3249	21
5462	3250	21
10017	3251	21
405	3252	21
2321	3253	21
1347	3254	21
32720	3255	21
1404	3256	21
688	3257	21
782	3258	21
31906	3259	21
4253	3260	21
4261	3261	21
902	3262	21
1763	3263	21
7217	3264	21
1466	3265	21
3077	3266	21
2748	3267	21
3194	3268	21
16785	3269	21
8981	3270	21
15643	3271	21
18514	3272	21
27520	3273	21
5497	3274	21
47	3275	21
5109	3276	21
9400	3277	21
2801	3278	21
2615	3279	21
2141	3280	21
6663	3281	21
7354	3282	21
12938	3283	21
1081	3284	21
3495	3285	21
1469	3286	21
13473	3287	21
547	3288	21
31185	3289	21
2990	3290	21
16517	3291	21
177	3292	21
11044	3293	21
549	3294	21
677	3295	21
1996	3296	21
25454	3297	21
519	3298	21
9808	3299	21
2125	3300	21
29185	3301	21
1124	3302	21
30653	3303	21
3732	3304	21
3772	3305	21
1147	3306	21
9971	3307	21
2944	3308	21
4277	3309	21
577	3310	21
786	3311	21
1289	3312	21
24270	3313	21
257	3314	21
11069	3315	21
328	3316	21
360	3317	21
193	3318	21
28627	3319	21
5805	3320	21
6618	3321	21
584	3322	21
7944	3323	21
14654	3324	21
3509	3325	21
5646	3326	21
26864	3327	21
2736	3328	21
5211	3329	21
7249	3330	21
12743	3331	21
4292	3332	21
22295	3333	21
3819	3334	21
26090	3335	21
579	3336	21
26075	3337	21
704	3338	21
25933	3339	21
434	3340	21
6355	3341	21
431	3342	21
861	3343	21
3055	3344	21
5780	3345	21
790	3346	21
30515	3347	21
1554	3348	21
31952	3349	21
798	3350	21
31609	3351	21
2426	3352	21
4641	3353	21
4550	3354	21
8417	3355	21
187	3356	21
5491	3357	21
2421	3358	21
15850	3359	21
1034	3360	21
2808	3361	21
3627	3362	21
3740	3363	21
708	3364	21
26692	3365	21
1151	3366	21
30190	3367	21
914	3368	21
24380	3369	21
5016	3370	21
9238	3371	21
2353	3372	21
2355	3373	21
5018	3374	21
9242	3375	21
1560	3376	21
3032	3377	21
1219	3378	21
2387	3379	21
551	3380	21
13426	3381	21
148	3382	21
10214	3383	21
1066	3384	21
28133	3385	21
711	3386	21
6270	3387	21
2376	3388	21
23541	3389	21
884	3390	21
1747	3391	21
703	3392	21
5358	3393	21
6978	3394	21
1964	3395	21
1912	3396	21
9726	3397	21
532	3398	21
1146	3399	21
176	3400	21
31034	3401	21
4821	3402	21
1610	3403	21
1599	3404	21
9662	3405	21
1522	3406	21
14102	3407	21
1210	3408	21
9529	3410	21
16473	3411	21
2843	3412	21
16437	3413	21
4627	3414	21
15882	3415	21
2529	3416	21
29337	3417	21
2845	3418	21
30623	3419	21
8830	3420	21
30616	3421	21
2203	3422	21
21226	3423	21
9684	3424	21
30949	3425	21
1207	3426	21
16719	3427	21
655	3428	21
27038	3429	21
1288	3430	21
1415	3431	21
1021	3432	21
31285	3433	21
1335	3434	21
304	3435	21
4765	3436	21
11543	3437	21
1708	3438	21
1738	3439	21
17100	3440	21
17104	3441	21
1405	3442	21
16584	3443	21
854	3444	21
7046	3445	21
2858	3446	21
11497	3447	21
1095	3448	21
24225	3449	21
277	3450	21
21570	3451	21
4238	3452	21
26930	3453	21
13728	3454	21
13730	3455	21
2743	3456	21
101	3457	21
709	3458	21
16608	3459	21
8792	3460	21
15311	3461	21
1272	3462	21
29501	3463	21
3228	3464	21
6096	3465	21
2108	3466	21
25837	3467	21
3042	3468	21
15037	3469	21
2621	3470	21
29437	3471	21
535	3472	21
32048	3473	21
687	3474	21
689	3475	21
1013	3476	21
713	3477	21
691	3478	21
14422	3479	21
4285	3480	21
24422	3481	21
1457	3482	21
25527	3483	21
4942	3484	21
24876	3485	21
8662	3486	21
8698	3487	21
1305	3488	21
30708	3489	21
13619	3490	21
21892	3491	21
749	3492	21
1486	3493	21
1843	3494	21
6674	3495	21
1174	3496	21
9999	3497	21
1062	3498	21
32675	3499	21
720	3500	21
19376	3501	21
1175	3502	21
32949	3503	21
326	3504	21
32896	3505	21
1190	3506	21
29770	3507	21
17902	3508	21
20224	3509	21
2035	3510	21
20140	3511	21
814	3512	21
16762	3513	21
19020	3514	21
19024	3515	21
14711	3516	21
14714	3517	21
1268	3518	21
1403	3519	21
1141	3520	21
800	3521	21
1085	3522	21
32542	3523	21
1707	3524	21
2502	3525	21
739	3526	21
17262	3527	21
3795	3528	21
6904	3529	21
652	3530	21
15507	3531	21
1703	3532	21
18061	3533	21
1558	3534	21
17963	3535	21
1426	3536	21
27142	3537	21
607	3538	21
31948	3539	21
9797	3540	21
16900	3541	21
26144	3542	21
26319	3543	21
3825	3544	21
12363	3545	21
935	3546	21
11949	3547	21
5191	3548	21
26104	3549	21
24892	3550	21
25348	3551	21
7022	3552	21
26950	3553	21
2065	3554	21
11171	3555	21
660	3556	21
31828	3557	21
13739	3558	21
22065	3559	21
3951	3560	21
7308	3561	21
6021	3562	21
10904	3563	21
1046	3564	21
15604	3565	21
1997	3566	21
1349	3567	21
961	3568	21
20292	3569	21
19058	3570	21
19062	3571	21
18037	3572	21
18040	3573	21
1094	3574	21
32446	3575	21
4742	3576	21
2557	3577	21
3451	3578	21
6478	3579	21
675	3580	21
4440	3581	21
4181	3582	21
21239	3583	21
1143	3584	21
1824	3585	21
3985	3586	21
7374	3587	21
2094	3588	21
4003	3589	21
1287	3590	21
28710	3591	21
911	3592	21
28526	3593	21
1069	3594	21
6446	3595	21
617	3596	21
14883	3597	21
776	3598	21
16300	3599	21
8178	3600	21
14365	3601	21
201	3602	21
28625	3603	21
1656	3604	21
10909	3605	21
497	3606	21
249	3607	21
3585	3608	21
12011	3609	21
2749	3610	21
21599	3611	21
1657	3612	21
4364	3613	21
791	3614	21
1029	3615	21
1451	3616	21
2833	3617	21
1343	3618	21
7356	3619	21
770	3620	21
15842	3621	21
4281	3622	21
23909	3623	21
830	3624	21
13807	3625	21
1535	3626	21
26066	3627	21
1057	3628	21
13537	3629	21
768	3630	21
1331	3632	21
2682	3633	21
14643	3634	21
23303	3635	21
5576	3636	21
12041	3637	21
917	3638	21
11810	3639	21
2097	3640	21
13053	3641	21
12951	3642	21
12953	3643	21
1016	3644	21
22624	3645	21
1394	3646	21
17060	3647	21
1018	3648	21
27997	3649	21
804	3650	21
587	3651	21
1625	3652	21
29813	3653	21
3481	3654	21
15028	3655	21
8275	3656	21
14528	3657	21
2765	3658	21
6267	3659	21
4825	3660	21
32844	3661	21
593	3662	21
338	3663	21
2773	3664	21
2331	3665	21
5407	3666	21
5509	3667	21
9370	3668	21
16262	3669	21
1518	3670	21
25497	3671	21
1054	3672	21
25286	3673	21
1038	3674	21
27854	3675	21
1337	3676	21
831	3677	14
839	3677	7
774	3678	21
806	3679	21
2501	3680	21
27942	3681	21
1045	3682	21
26865	3683	21
719	3684	21
1646	3685	21
7725	3686	21
13595	3687	21
4361	3688	21
16845	3689	21
7801	3690	21
13723	3691	21
1178	3692	21
32972	3693	21
1070	3694	21
2092	3695	21
2028	3696	21
18950	3697	21
1351	3698	21
2654	3699	21
1050	3700	21
25483	3701	21
9085	3702	21
15817	3703	21
200	3704	21
11662	3705	21
4315	3706	21
10977	3707	21
2181	3708	21
1629	3709	21
1668	3710	21
8480	3711	21
3889	3712	21
17552	3713	21
1834	3714	21
3543	3715	21
2109	3716	21
27327	3717	21
3818	3718	21
2734	3719	21
305	3720	21
32911	3721	21
7641	3722	21
26715	3723	21
3619	3724	21
9145	3725	21
9515	3726	21
12372	3727	21
8551	3728	21
11459	3729	21
4631	3730	21
5542	3731	21
1711	3732	21
28170	3733	21
1648	3734	21
14914	3735	21
1088	3736	21
27118	3737	21
592	3738	21
1295	3739	21
15647	3740	21
15654	3741	21
1516	3742	21
6760	3743	21
1271	3744	21
16617	3745	21
7500	3746	21
29236	3747	21
4078	3748	21
29298	3749	21
1078	3750	21
32915	3751	21
1269	3752	21
32434	3753	21
1309	3754	21
30981	3755	21
2785	3756	21
16805	3757	21
1037	3758	21
2215	3759	21
1315	3760	21
30325	3761	21
1569	3762	21
32567	3763	21
1267	3764	21
4575	3765	21
2045	3766	21
21955	3767	21
7578	3768	21
13337	3769	21
5271	3770	21
5273	3771	21
1410	3772	21
22039	3773	21
775	3774	21
31266	3775	21
1551	3776	21
1794	3777	21
1547	3778	21
9511	3779	21
1208	3780	21
31383	3781	21
17524	3782	21
19480	3783	21
1793	3784	21
27636	3785	21
1641	3786	21
27946	3787	21
1048	3788	21
23242	3789	21
1160	3790	21
1662	3791	21
2562	3792	21
4893	3793	21
1475	3794	21
8319	3795	21
2738	3796	21
23121	3797	21
1098	3798	21
30532	3799	21
560	3800	21
29705	3801	21
22046	3802	21
22049	3803	21
1188	3804	21
1549	3805	21
391	3806	21
17760	3807	21
7489	3808	21
13172	3809	21
6082	3810	21
11017	3811	21
840	3812	21
3946	3813	21
1052	3814	21
4432	3815	21
1084	3816	21
14140	3817	21
1463	3818	21
9919	3819	21
795	3820	21
7838	3821	21
1915	3822	21
20237	3823	21
2020	3824	21
365	3825	21
15831	3826	21
15834	3827	21
802	3828	21
26925	3829	21
4047	3830	21
21194	3831	21
420	3832	21
2408	3833	21
1077	3834	21
1109	3835	21
4616	3836	21
4625	3837	21
6517	3838	21
11707	3839	21
1514	3840	21
17789	3841	21
300	3842	21
32962	3843	21
1905	3844	21
3667	3845	21
4363	3846	21
11057	3847	21
1172	3848	21
32969	3849	21
1640	3850	21
21836	3851	21
1397	3852	21
20005	3853	21
2060	3854	21
17046	3855	21
2173	3856	21
18264	3857	21
792	3858	21
30268	3859	21
4319	3860	21
32933	3861	21
2392	3862	21
27403	3863	21
1825	3864	21
19715	3865	21
3092	3866	21
9648	3867	21
836	3868	21
24357	3869	21
1438	3870	21
16914	3871	21
6215	3872	21
6218	3873	21
4884	3874	21
25057	3875	21
4372	3876	21
8095	3877	21
1568	3878	21
3048	3879	21
4773	3880	21
18491	3881	21
1301	3882	21
24615	3883	21
1515	3884	21
1149	3885	21
1212	3886	21
30720	3887	21
1422	3888	21
13436	3889	21
202	3890	21
18158	3891	21
527	3892	21
5769	3893	21
1285	3894	21
30779	3895	21
1762	3896	21
30057	3897	21
2599	3898	21
2601	3899	21
2983	3900	21
9912	3901	21
4064	3902	21
30100	3903	21
5772	3904	21
10490	3905	21
4110	3906	21
10686	3907	21
1180	3908	21
1682	3909	21
1553	3910	21
31004	3911	21
1307	3912	21
32914	3913	21
1587	3914	21
1673	3915	21
1096	3916	21
32262	3917	21
1400	3918	21
27707	3919	21
2113	3920	21
26238	3921	21
1650	3922	21
1713	3923	21
1257	3924	21
2461	3925	21
4813	3926	21
8870	3927	21
2074	3928	21
26886	3929	21
198	3930	21
26833	3931	21
12919	3932	21
20814	3933	21
20810	3934	21
27448	3935	21
3036	3936	21
26762	3937	21
1150	3938	21
5194	3939	21
1396	3940	21
24222	3941	21
591	3942	21
32297	3943	21
1144	3944	21
23390	3945	21
4822	3946	21
6840	3947	21
2948	3948	21
3635	3949	21
2510	3950	21
23757	3951	21
1988	3952	21
6314	3953	21
4749	3954	21
19975	3955	21
16401	3956	21
16449	3957	21
5523	3958	21
5534	3959	21
3313	3960	21
1363	3961	21
2013	3962	21
5624	3963	21
1164	3964	21
7334	3965	21
1555	3966	21
28497	3967	21
1579	3968	21
17388	3969	21
2404	3970	21
30626	3971	21
8822	3972	21
29642	3973	21
3788	3974	21
5550	3975	21
1082	3976	21
1286	3977	21
1985	3978	21
30961	3979	21
839	3980	14
1204	3980	7
18323	3981	21
555	3982	7
1056	3982	14
15449	3983	21
3402	3984	21
11024	3985	21
2960	3986	21
17285	3987	21
12509	3988	21
17193	3989	21
1719	3990	21
6729	3991	21
1428	3992	21
28137	3993	21
1317	3994	21
27791	3995	21
4665	3996	21
22781	3997	21
2016	3998	21
784	3999	21
531	4000	21
28861	4001	21
2951	4002	21
11600	4003	21
5593	4004	21
3858	4005	21
3857	4006	21
17107	4007	21
7938	4008	21
13936	4009	21
8809	4010	21
8811	4011	21
1989	4012	21
9514	4013	21
1049	4014	21
31001	4015	21
1586	4016	21
23342	4017	21
8954	4018	21
15593	4019	21
5982	4020	21
5991	4021	21
2480	4022	21
7911	4023	21
8174	4024	21
14358	4025	21
1024	4026	21
28192	4027	21
1270	4028	21
28769	4029	21
1776	4030	21
1786	4031	21
2429	4032	21
23954	4033	21
2335	4034	21
23201	4035	21
9095	4036	21
9097	4037	21
17106	4038	21
17121	4039	21
1768	4040	21
1788	4041	21
611	4042	21
2121	4043	21
2644	4044	21
25231	4045	21
1356	4046	21
9326	4047	21
3528	4048	21
23865	4049	21
1980	4050	21
16886	4051	21
2668	4052	21
7651	4053	21
1113	4054	21
29691	4055	21
2481	4056	21
19957	4057	21
1642	4058	21
16356	4059	21
1444	4060	14
4126	4060	7
13460	4061	21
15460	4062	21
24291	4063	21
1459	4064	21
26299	4065	21
1534	4066	21
25500	4067	21
2556	4068	21
10077	4069	21
1182	4070	21
24801	4071	21
1539	4072	21
12947	4073	21
10212	4074	21
11782	4075	21
583	4076	21
32868	4077	21
14301	4078	21
22854	4079	21
14342	4080	21
22921	4081	21
8985	4082	21
15650	4083	21
4227	4084	21
10500	4085	21
1176	4086	21
4463	4087	21
4841	4088	21
8922	4089	21
21520	4090	21
29456	4091	21
1402	4092	21
32124	4093	21
1300	4094	21
808	4096	21
31158	4097	21
4217	4098	21
4718	4099	21
457	4100	21
912	4101	21
1237	4102	21
26607	4103	21
3930	4104	21
3982	4105	21
1316	4106	21
31451	4107	21
771	4108	21
25767	4109	21
1332	4110	21
31472	4111	21
1302	4112	21
22161	4113	21
2375	4114	21
22697	4115	21
1213	4116	21
31135	4117	21
7453	4118	21
26338	4119	21
1027	4120	21
12387	4121	21
1990	4122	21
6994	4123	21
5528	4124	21
5531	4125	21
5310	4126	21
9736	4127	21
4546	4128	21
8409	4129	21
2742	4130	21
16573	4131	21
2485	4132	21
21420	4133	21
1580	4134	21
28770	4135	21
7014	4136	21
19996	4137	21
2726	4138	21
9479	4139	21
1214	4140	21
23476	4141	21
1545	4142	21
32515	4143	21
2674	4144	21
14459	4145	21
2131	4146	21
14188	4147	21
2613	4148	21
29425	4149	21
2486	4150	21
1399	4151	21
1550	4152	21
24797	4153	21
2940	4154	21
6474	4155	21
15589	4156	21
24470	4157	21
14137	4158	21
22621	4159	21
4974	4160	21
11840	4161	21
2476	4162	21
10171	4163	21
850	4164	21
31857	4165	21
9877	4166	21
10034	4167	21
2698	4168	21
3852	4169	21
3784	4170	21
24845	4171	21
3135	4172	21
21854	4173	21
298	4174	21
5060	4175	21
2107	4176	21
294	4177	21
608	4178	21
28191	4179	21
539	4180	21
25699	4181	21
1275	4182	21
1277	4183	21
1676	4184	21
2667	4185	21
10975	4186	21
18575	4187	21
3342	4188	21
14933	4189	21
2943	4190	21
27998	4191	21
204	4192	21
24979	4193	21
3409	4194	21
23744	4195	21
3800	4196	21
22147	4197	21
1283	4198	21
3038	4199	21
2031	4200	21
30563	4201	21
20863	4202	21
20865	4203	21
20472	4204	21
23218	4205	21
5267	4206	21
23157	4207	21
2147	4208	21
30641	4209	21
2518	4210	21
12486	4211	21
1142	4212	21
32164	4213	21
13573	4214	21
21824	4215	21
2781	4216	21
2783	4217	21
7282	4218	21
12807	4219	21
1204	4220	14
1220	4220	7
4573	4221	21
1056	4222	7
1984	4222	14
19426	4223	21
2129	4224	21
4197	4225	21
1769	4226	21
28751	4227	21
3438	4228	21
2236	4229	21
1798	4230	21
12241	4231	21
1079	4232	21
28777	4233	21
8405	4234	21
14736	4235	21
87	4236	21
16454	4237	21
167	4238	21
4709	4239	21
4933	4240	21
15837	4241	21
778	4242	21
3981	4243	21
1645	4244	21
4766	4245	21
1986	4246	21
26282	4247	21
1984	4248	7
2048	4248	14
25883	4249	21
1565	4250	21
25692	4251	21
2048	4252	7
2294	4252	14
32982	4253	21
1333	4254	21
2496	4255	21
8217	4256	21
14433	4257	21
2338	4258	21
4478	4259	21
21197	4260	21
21204	4261	21
23910	4262	21
23964	4263	21
5562	4264	21
6991	4265	21
3744	4266	21
3755	4267	21
1020	4268	21
13641	4269	21
3411	4270	21
4743	4271	21
5566	4272	21
4683	4273	21
4883	4274	21
7359	4275	21
3205	4276	21
18554	4277	21
389	4278	21
2361	4279	21
3227	4280	21
2076	4281	21
2622	4282	21
8242	4283	21
2010	4284	21
22042	4285	21
13002	4286	21
20945	4287	21
1809	4288	21
28502	4289	21
3403	4290	21
4727	4291	21
3202	4292	21
11307	4293	21
1044	4294	21
16911	4295	21
736	4296	21
15745	4297	21
1140	4298	21
32646	4299	21
8177	4300	21
14370	4301	21
1158	4302	21
426	4303	21
2513	4304	21
2640	4305	21
2112	4306	21
25230	4307	21
7523	4308	21
13238	4309	21
2504	4310	21
22824	4311	21
19229	4312	21
19245	4313	21
18943	4314	21
18956	4315	21
9500	4316	21
9504	4317	21
9470	4318	21
9473	4319	21
1120	4320	21
26836	4321	21
7274	4322	21
15694	4323	21
3418	4324	21
28603	4325	21
1080	4326	21
4587	4327	21
2774	4328	21
5285	4329	21
2012	4330	21
14540	4331	21
1220	4332	14
2357	4332	7
7142	4333	21
4193	4334	21
29908	4335	21
10646	4336	21
17376	4337	21
8103	4338	21
14237	4339	21
1858	4340	21
22128	4341	21
4734	4342	21
449	4343	21
651	4344	18
2115	4344	3
2771	4345	21
2739	4346	21
2671	4347	21
2270	4348	21
27103	4349	21
7168	4350	21
12594	4351	21
12592	4352	21
19681	4353	21
7780	4354	21
17839	4355	21
1536	4356	21
17462	4357	21
1129	4358	21
3450	4359	21
7423	4360	21
21026	4361	21
3306	4362	21
5607	4363	21
2242	4364	21
3196	4365	21
4103	4366	21
24236	4367	21
13355	4368	21
23622	4369	21
2607	4370	21
2850	4371	21
11597	4372	21
12166	4373	21
2958	4374	21
9830	4375	21
2233	4376	21
32821	4377	21
1291	4378	21
32528	4379	21
2001	4380	21
23577	4381	21
5332	4382	21
23203	4383	21
4240	4384	21
7877	4385	21
3102	4386	21
3526	4387	21
2123	4388	21
32990	4389	21
1581	4390	21
28557	4391	21
3067	4392	21
1040	4393	21
3186	4394	21
27799	4395	21
2017	4396	21
2517	4397	21
1678	4398	21
21935	4399	21
2681	4400	21
25470	4401	21
2628	4402	21
25112	4403	21
1411	4404	21
31493	4405	21
2275	4406	21
30702	4407	21
1582	4408	21
25369	4409	21
3128	4410	21
16249	4411	21
1086	4412	21
24647	4413	21
1030	4414	21
30840	4415	21
2508	4416	21
28419	4417	21
18025	4418	21
19799	4419	21
599	4420	21
1189	4421	21
5347	4422	21
5354	4423	21
1593	4424	21
25385	4425	21
2000	4426	21
31648	4427	21
2052	4428	21
23725	4429	21
6339	4430	21
6376	4431	21
4367	4432	21
11064	4433	21
1442	4434	21
30307	4435	21
30300	4436	21
31965	4437	21
465	4438	21
10502	4439	21
1185	4440	21
8227	4441	21
2800	4442	21
29680	4443	21
2155	4444	21
32437	4445	21
842	4446	21
7148	4447	21
1184	4448	21
22631	4449	21
3252	4450	21
16868	4451	21
2234	4452	21
1162	4453	21
3406	4454	21
18829	4455	21
4368	4456	21
29860	4457	21
2139	4458	21
31444	4459	21
2293	4460	21
2057	4461	21
1339	4462	21
32185	4463	21
2333	4464	21
32802	4465	21
1303	4466	21
1430	4467	21
2683	4468	21
2675	4469	21
2565	4470	21
848	4471	21
2061	4472	21
9328	4473	21
1279	4474	21
28612	4475	21
18651	4476	21
19120	4477	21
4610	4478	21
8524	4479	21
7534	4480	21
25196	4481	21
17670	4482	21
26627	4483	21
1364	4484	21
31479	4485	21
1352	4486	21
21528	4487	21
787	4488	21
31517	4489	21
4530	4490	21
8379	4491	21
1577	4492	21
27349	4493	21
2477	4494	21
1418	4495	21
1979	4496	21
18393	4497	21
1847	4498	21
10692	4499	21
6063	4500	21
10984	4501	21
1520	4502	21
12298	4503	21
3425	4504	21
4771	4505	21
779	4506	21
17514	4507	21
2730	4508	21
2053	4509	21
2116	4510	21
25597	4511	21
24214	4512	21
31438	4513	21
1304	4514	21
31724	4515	21
2317	4516	21
29170	4517	21
4444	4518	21
30890	4519	21
799	4520	21
28579	4521	21
1981	4522	21
19071	4523	21
2575	4524	21
14556	4525	21
24900	4526	21
27423	4527	21
4603	4528	21
14947	4529	21
1774	4530	21
20080	4531	21
1882	4532	21
20020	4533	21
13220	4534	21
21277	4535	21
7457	4536	21
28185	4537	21
3978	4538	21
27975	4539	21
26834	4540	21
26844	4541	21
4859	4542	21
29574	4543	21
2299	4544	21
30668	4545	21
4188	4546	21
1688	4547	21
1658	4548	21
32813	4549	21
3794	4550	21
11979	4551	21
2311	4552	21
18669	4553	21
5193	4554	21
17907	4555	21
1523	4556	21
25209	4557	21
24938	4558	21
31202	4559	21
4037	4560	21
29297	4561	21
8486	4562	21
14870	4563	21
2366	4564	21
4283	4565	21
3023	4566	21
29674	4567	21
3311	4568	21
29935	4569	21
8709	4570	21
10089	4571	21
8646	4572	21
8687	4573	21
2608	4574	21
28007	4575	21
1028	4576	21
1541	4577	21
1517	4578	21
18203	4579	21
628	4580	21
20519	4581	21
1239	4582	21
23788	4583	21
21788	4584	21
21791	4585	21
3184	4586	21
2302	4587	21
1398	4588	21
1294	4589	21
2724	4590	21
19443	4591	21
2083	4592	21
28171	4593	21
2500	4594	21
27426	4595	21
3965	4596	21
27119	4597	21
1835	4598	21
3547	4599	21
2516	4600	21
31452	4601	21
1672	4602	21
31580	4603	21
3623	4604	21
20251	4605	21
2846	4606	21
6790	4607	21
2044	4608	21
15134	4609	21
3520	4610	21
23859	4611	21
3816	4612	21
18371	4613	21
8098	4614	21
27110	4615	21
1334	4616	21
28835	4617	21
2489	4618	21
19932	4619	21
4741	4620	21
16423	4621	21
2330	4622	21
1192	4623	21
1222	4624	21
11070	4625	21
3304	4626	21
7049	4627	21
5403	4628	21
17143	4629	21
3115	4630	21
5892	4631	21
2111	4632	21
17056	4633	21
1557	4634	21
28481	4635	21
2722	4636	21
2873	4637	21
728	4638	21
6272	4639	21
2003	4640	21
28852	4641	21
4880	4642	21
27971	4643	21
1674	4644	21
26827	4645	21
815	4646	21
396	4647	21
2305	4648	21
2235	4649	21
2632	4650	21
5026	4651	21
1987	4652	21
5984	4653	21
3843	4654	21
23862	4655	21
1521	4656	21
1165	4657	21
2032	4658	21
2532	4659	21
2524	4660	21
32560	4661	21
5398	4662	21
3523	4663	21
1993	4664	21
21499	4665	21
2604	4666	21
1406	4667	21
1152	4668	21
31909	4669	21
12727	4670	21
20494	4671	21
20492	4672	21
23529	4673	21
23374	4674	21
23377	4675	21
1166	4676	21
1666	4677	21
6465	4678	21
6831	4679	21
3851	4680	21
17340	4681	21
11375	4682	21
11391	4683	21
5383	4684	21
5394	4685	21
5600	4686	21
429	4687	21
9434	4688	21
16361	4689	21
4095	4690	21
21480	4691	21
2965	4692	21
19683	4693	21
2279	4694	21
30397	4695	21
13549	4696	21
18266	4697	21
12703	4698	21
1169	4699	21
1529	4700	21
30461	4701	21
1367	4702	21
7626	4703	21
7570	4704	21
13322	4705	21
2011	4706	21
17867	4707	21
7852	4708	21
7878	4709	21
1614	4710	21
21851	4711	21
2634	4712	21
16352	4713	21
5967	4714	21
27485	4715	21
7337	4716	21
27274	4717	21
1156	4718	21
27187	4719	21
4472	4720	21
8281	4721	21
1076	4722	21
32288	4723	21
1060	4724	21
19331	4725	21
2059	4726	21
656	4727	21
2492	4728	21
2947	4729	21
9422	4730	21
30884	4731	21
9067	4732	21
15787	4733	21
5637	4734	21
19303	4735	21
1299	4736	21
25968	4737	21
2105	4738	21
20149	4739	21
3886	4740	21
20148	4741	21
2009	4742	21
28444	4743	21
2478	4744	21
32133	4745	21
17339	4746	21
17341	4747	21
5590	4748	21
16430	4749	21
7836	4750	21
570	4751	21
2295	4752	21
25780	4753	21
2015	4754	21
772	4755	21
195	4756	21
26441	4757	21
2389	4758	21
25113	4759	21
1594	4760	21
32363	4761	21
2171	4762	21
4172	4763	21
2494	4764	21
3090	4765	21
3303	4766	21
14937	4767	21
2327	4768	21
27728	4769	21
707	4770	21
31075	4771	21
3525	4772	21
19718	4773	21
6020	4774	21
23675	4775	21
2602	4776	21
2143	4777	21
5117	4778	21
2789	4779	21
3867	4780	21
1538	4781	21
2077	4782	21
31070	4783	21
2341	4784	21
26771	4785	21
1527	4786	21
19340	4787	21
8549	4788	21
11457	4789	21
5498	4790	21
10031	4791	21
4968	4792	21
25022	4793	21
8871	4794	21
8873	4795	21
2110	4796	21
27513	4797	21
3309	4798	21
28156	4799	21
2423	4800	21
23940	4801	21
22079	4802	21
22082	4803	21
7290	4804	21
25827	4805	21
2731	4806	21
25577	4807	21
3084	4808	21
22103	4809	21
2373	4810	21
15057	4811	21
6850	4812	21
17603	4813	21
3995	4814	21
7392	4815	21
7127	4816	21
12516	4817	21
12500	4818	21
16915	4819	21
16853	4820	21
16857	4821	21
4382	4822	21
15655	4823	21
3410	4824	21
5632	4825	21
2230	4826	21
32096	4827	21
2818	4828	21
5363	4829	21
2239	4830	21
23584	4831	21
2975	4832	21
19114	4833	21
2362	4834	21
1530	4835	21
3283	4836	21
6195	4837	21
7403	4838	21
13027	4839	21
2251	4840	21
9819	4841	21
3312	4842	21
3136	4843	21
1589	4844	21
10075	4845	21
938	4846	21
1850	4847	21
2584	4848	21
4936	4849	21
9364	4850	21
16252	4851	21
10826	4852	21
18366	4853	21
4456	4854	21
24659	4855	21
7396	4856	21
13014	4857	21
4241	4858	21
7853	4859	21
2267	4860	21
17301	4861	7
2238	4862	21
23575	4863	21
2025	4864	21
22906	4865	21
1110	4866	21
5591	4867	21
21476	4868	21
29401	4869	21
6041	4870	21
7949	4871	21
8617	4872	21
15071	4873	21
3668	4874	21
3670	4875	21
2531	4876	21
25931	4877	21
2271	4878	21
32423	4879	21
1531	4880	21
2303	4881	21
3914	4882	21
30215	4883	21
1992	4884	21
32735	4885	21
1613	4886	21
29569	4887	21
1598	4888	21
2665	4889	21
4987	4890	21
18773	4891	21
8737	4892	21
5205	4893	21
3404	4894	21
31071	4895	21
2115	4896	18
5863	4896	3
2360	4897	21
2246	4898	21
2187	4899	21
2323	4900	21
4449	4901	21
3011	4902	21
32866	4903	21
8795	4904	21
15317	4905	21
3044	4906	21
5759	4907	21
7034	4908	21
10113	4909	21
9867	4910	21
9872	4911	21
111	4912	21
159	4913	21
3299	4914	21
3302	4915	21
823	4916	21
20812	4917	21
20784	4918	21
27188	4919	21
14311	4920	21
27153	4921	21
2298	4922	21
1995	4923	21
1206	4924	21
17155	4925	21
29460	4926	21
29462	4927	21
3498	4928	21
32562	4929	21
1546	4930	21
3521	4931	21
1939	4932	21
1966	4933	21
2199	4934	21
26387	4935	21
833	4936	21
4005	4937	21
1262	4938	21
2470	4939	21
5592	4940	21
15187	4941	21
3397	4942	21
3401	4943	21
95	4944	21
2936	4945	21
5144	4946	21
5170	4947	21
7639	4948	21
13449	4949	21
2297	4950	21
31337	4951	21
1092	4952	21
32313	4953	21
1837	4954	21
3549	4955	21
1346	4956	21
2633	4957	21
4218	4958	21
7813	4959	21
4133	4960	21
7655	4961	21
3436	4962	21
2183	4963	21
1064	4964	21
4580	4965	21
2935	4966	21
2939	4967	21
2837	4968	21
2840	4969	21
3305	4970	21
16542	4971	21
9552	4972	21
16529	4973	21
2257	4974	21
29726	4975	21
14984	4976	21
3012	4977	21
2606	4978	21
27961	4979	21
7932	4980	21
1690	4981	21
2137	4982	21
27387	4983	21
1276	4984	21
31248	4985	21
2515	4986	21
31978	4987	21
2390	4988	21
2406	4989	21
2779	4990	21
5294	4991	21
3256	4992	21
6027	4993	21
2548	4994	21
18714	4995	21
2959	4996	21
11542	4997	21
2642	4998	21
2027	4999	21
2049	5000	21
533	5001	21
490	5002	21
3696	5003	21
2296	5004	21
7562	5005	21
4860	5006	21
11694	5007	21
19404	5008	21
20121	5009	21
7179	5010	21
20313	5011	21
7445	5012	21
12625	5013	21
3427	5014	21
6432	5015	21
15242	5016	21
22201	5017	21
286	5018	21
22183	5019	21
20977	5020	21
20987	5021	21
3620	5022	21
3738	5023	21
2153	5024	21
32493	5025	21
3524	5026	21
4134	5027	21
2484	5028	21
28093	5029	21
2328	5030	21
22638	5031	21
4659	5032	21
11398	5033	21
1148	5034	21
29530	5035	21
17742	5036	21
17745	5037	21
10716	5038	21
8296	5039	21
8048	5040	21
32837	5041	21
2103	5042	21
2619	5043	21
2051	5044	21
11887	5045	21
8553	5046	21
8650	5047	21
1108	5048	21
29561	5049	21
2356	5050	21
30605	5051	21
8970	5052	21
15623	5053	21
2266	5054	21
9841	5055	21
2080	5056	21
27519	5057	21
1519	5058	21
1583	5059	21
2334	5060	21
22648	5061	21
1061	5062	21
16278	5063	21
16292	5064	21
16294	5065	21
2358	5066	21
22503	5067	21
2611	5068	21
4984	5069	21
11731	5070	21
12251	5071	21
1032	5072	21
16841	5073	21
7010	5074	21
13824	5075	21
4212	5076	21
15538	5077	21
2388	5078	21
26586	5079	21
2372	5080	21
10774	5081	21
2579	5082	21
1525	5083	21
1644	5084	21
25103	5085	21
13201	5086	21
21242	5087	21
4465	5088	21
8268	5089	21
2424	5090	21
8664	5091	21
4316	5092	21
30321	5093	21
1601	5094	21
32739	5095	21
3229	5096	21
6098	5097	21
1691	5098	21
3284	5099	21
2626	5100	14
4982	5100	7
5451	5101	21
1621	5102	21
23527	5103	21
13003	5104	21
20947	5105	21
18341	5106	21
18345	5107	21
1664	5108	21
1792	5109	21
2043	5110	21
7728	5111	21
22520	5112	21
30316	5113	21
4211	5114	21
20398	5115	21
2073	5116	21
5757	5117	21
2729	5118	21
29171	5119	21
4061	5120	21
7305	5121	21
1773	5122	21
11561	5123	21
732	5124	21
1453	5125	21
3993	5126	21
23405	5127	21
2254	5128	21
30223	5129	21
807	5130	21
32705	5131	21
4795	5132	21
24176	5133	21
7033	5134	21
10083	5135	21
2906	5136	21
10063	5137	21
2339	5138	21
4480	5139	21
9030	5140	21
15728	5141	21
3622	5142	21
3008	5143	21
1983	5144	21
7264	5145	21
1578	5146	21
3026	5147	21
2039	5148	21
1561	5149	21
2047	5150	21
17741	5151	21
10127	5152	21
12284	5153	21
11047	5154	21
5782	5155	21
5168	5156	21
5179	5157	21
2942	5158	21
23468	5159	21
835	5160	21
26803	5161	21
1537	5162	21
1784	5163	21
3190	5164	21
20261	5165	21
5560	5166	21
3039	5167	21
5254	5168	21
9641	5169	21
3786	5170	21
2019	5171	21
2357	5172	14
2364	5172	7
31225	5173	21
4576	5174	21
8082	5175	21
1778	5176	21
22032	5177	21
4094	5178	21
7961	5179	21
4577	5180	21
8465	5181	21
4686	5182	21
4712	5183	21
2055	5184	21
28294	5185	21
1068	5186	21
28795	5187	21
1585	5188	21
3089	5189	21
1145	5190	21
26150	5191	21
2091	5192	21
1836	5193	21
2970	5194	21
28572	5195	21
3529	5196	21
18531	5197	21
3137	5198	21
18288	5199	21
4130	5200	21
15312	5201	21
2114	5202	21
17075	5203	21
3934	5204	21
4970	5205	21
7108	5206	21
31159	5207	21
2989	5208	21
28108	5209	21
14218	5210	21
14220	5211	21
14294	5212	21
22841	5213	21
4300	5214	21
30525	5215	21
3074	5216	21
2639	5217	21
1292	5218	21
30476	5219	21
5570	5220	21
3812	5221	21
8644	5222	21
8689	5223	21
2491	5224	21
25071	5225	21
2008	5226	21
13561	5227	21
5429	5228	21
5529	5229	21
6147	5230	21
11129	5231	21
3201	5232	21
6715	5233	21
13523	5234	21
21738	5235	21
3386	5236	21
6367	5237	21
1036	5238	21
26707	5239	21
8905	5240	21
18594	5241	21
3076	5242	21
32574	5243	21
2610	5244	21
29896	5245	21
1532	5246	21
1779	5247	21
2040	5248	21
1897	5249	21
1999	5250	21
22526	5251	21
9457	5252	21
9497	5253	21
3666	5254	21
3673	5255	21
2503	5256	21
27130	5257	21
2949	5258	21
19922	5259	21
2364	5260	14
3790	5260	7
18397	5261	21
3806	5262	21
30761	5263	21
2231	5264	21
19306	5265	21
10247	5266	21
17455	5267	21
2007	5268	21
26164	5269	21
11654	5270	21
11665	5271	21
4226	5272	21
7828	5273	21
2493	5274	21
25887	5275	21
4733	5276	21
11414	5277	21
1808	5278	21
28532	5279	21
2056	5280	21
28350	5281	21
2087	5282	21
26460	5283	21
3432	5284	21
15003	5285	21
4819	5286	21
16726	5287	21
2732	5288	21
23103	5289	21
4757	5290	21
23914	5291	21
6043	5292	21
23690	5293	21
2543	5294	21
30803	5295	21
2075	5296	21
2542	5297	21
3225	5298	21
19128	5299	21
3131	5300	21
16723	5301	21
27300	5302	21
27451	5303	21
9551	5304	21
16513	5305	21
13889	5306	21
22158	5307	21
469	5308	21
19877	5309	21
4832	5310	21
16177	5311	21
13404	5312	21
13407	5313	21
9081	5314	21
15810	5315	21
4929	5316	21
16067	5317	21
4636	5318	21
8575	5319	21
5868	5320	21
10661	5321	21
2946	5322	21
4638	5323	21
5748	5324	21
29999	5325	21
803	5326	21
11895	5327	21
2483	5328	21
5826	5329	21
1832	5330	21
21506	5331	21
3536	5332	21
32679	5333	21
2104	5334	21
4320	5335	21
3195	5336	21
3197	5337	21
2243	5338	21
21319	5339	21
1563	5340	21
2177	5341	21
2393	5342	21
25107	5343	21
1900	5344	21
3660	5345	21
3926	5346	21
31483	5347	21
2487	5348	21
18180	5349	21
3870	5350	21
24087	5351	21
559	5352	21
28584	5353	21
2499	5354	21
2089	5355	21
2451	5356	21
28209	5357	21
5968	5358	21
5996	5359	21
2371	5360	21
4538	5361	21
2041	5362	21
28800	5363	21
3346	5364	21
3348	5365	21
8018	5366	21
30328	5367	21
2507	5368	21
2265	5369	21
1217	5370	21
21331	5371	21
22537	5372	21
30338	5373	21
2063	5374	21
32900	5375	21
2248	5376	21
31423	5377	21
4299	5378	21
30991	5379	21
4059	5380	21
30766	5381	21
8987	5382	21
8989	5383	21
2071	5384	21
26419	5385	21
2245	5386	21
31943	5387	21
2519	5388	21
31513	5389	21
19927	5390	21
19980	5391	21
7143	5392	7
8606	5392	14
18416	5393	21
8218	5394	21
18167	5395	21
10126	5396	21
968	5397	21
2540	5398	21
26791	5399	21
3466	5400	21
6034	5401	21
3249	5402	21
18900	5403	21
3506	5404	21
3508	5405	21
7124	5406	21
5473	5407	21
13035	5408	21
13060	5409	21
4459	5410	21
22663	5411	21
18238	5412	21
27290	5413	21
14974	5414	21
631	5415	21
3007	5416	21
29892	5417	21
12547	5418	21
18418	5419	21
13791	5420	21
13795	5421	21
1115	5422	21
13609	5423	21
14390	5424	21
22993	5425	21
20506	5426	21
20508	5427	21
20500	5428	21
23666	5429	21
21561	5430	21
21564	5431	21
1341	5432	21
30459	5433	21
5009	5434	21
9430	5435	21
2301	5436	21
32686	5437	21
2261	5438	21
4460	5439	21
12949	5440	21
20864	5441	21
16354	5442	21
16358	5443	21
1680	5444	21
16353	5445	21
11381	5446	21
11394	5447	21
5389	5448	21
5392	5449	21
4159	5450	21
7703	5451	21
4453	5452	21
6206	5453	21
1533	5454	21
24646	5455	21
3187	5456	21
2482	5457	21
3416	5458	21
16024	5459	21
4758	5460	21
28039	5461	21
8790	5462	21
27786	5463	21
1660	5464	21
27735	5465	21
4571	5466	21
23595	5467	21
2237	5468	21
19940	5469	21
2127	5470	21
19570	5471	21
3071	5472	21
11680	5473	21
6692	5474	21
6733	5475	21
3170	5476	21
3172	5477	21
2313	5478	21
29763	5479	21
3200	5480	21
32677	5481	21
2064	5482	21
4588	5483	21
2255	5484	21
18301	5485	21
1414	5486	21
26266	5487	21
2618	5488	21
6184	5489	21
3464	5490	21
19704	5491	21
3247	5492	21
2725	5493	21
2294	5494	7
2973	5494	14
30437	5495	21
2539	5496	21
5323	5497	21
4513	5498	21
29272	5499	21
4158	5500	21
29711	5501	21
12970	5502	21
12977	5503	21
1298	5504	21
2538	5505	21
5215	5506	21
8756	5507	21
5304	5508	21
29597	5509	21
4979	5510	21
18759	5511	21
1661	5512	21
24787	5513	21
2941	5514	21
1112	5515	21
8807	5516	21
15338	5517	21
24005	5518	21
25869	5519	21
17346	5520	21
17348	5521	21
17344	5522	21
12613	5523	21
4269	5524	21
6013	5525	21
9055	5526	21
425	5527	21
3918	5528	21
26593	5529	21
4070	5530	21
11037	5531	21
17276	5532	21
17296	5533	21
16439	5534	21
1136	5535	21
7111	5536	21
16377	5537	21
1617	5538	21
5286	5539	21
3053	5540	21
32503	5541	21
3216	5542	21
27293	5543	21
3068	5544	21
25943	5545	21
5829	5546	21
4339	5547	21
2325	5548	21
31012	5549	21
2281	5550	21
30578	5551	21
3782	5552	21
21971	5553	21
4029	5554	21
26306	5555	21
2545	5556	21
26076	5557	21
2509	5558	21
5248	5559	21
3840	5560	21
23226	5561	21
2201	5562	21
13750	5563	21
2495	5564	21
31842	5565	21
2753	5566	21
2974	5567	21
2072	5568	21
26435	5569	21
3787	5570	21
13580	5571	21
2786	5572	21
14546	5573	21
2571	5574	21
29270	5575	21
3917	5576	21
24548	5577	21
4123	5578	21
30175	5579	21
7574	5580	21
31758	5581	21
2547	5582	21
31668	5583	21
7144	5584	21
12549	5585	21
4089	5586	21
7632	5587	21
4322	5588	21
15600	5589	21
1223	5590	21
5948	5591	21
16515	5592	21
25560	5593	21
2169	5594	21
17493	5595	21
2167	5596	21
5775	5597	21
2024	5598	21
2986	5599	21
12719	5600	21
20479	5601	21
1926	5602	21
21024	5603	21
2066	5604	21
20686	5605	21
13100	5606	21
26091	5607	21
7266	5608	21
24822	5609	21
2541	5610	21
24802	5611	21
3246	5612	21
12262	5613	21
2079	5614	21
11559	5615	21
9267	5616	21
16105	5617	21
2276	5618	21
4357	5619	21
3465	5620	21
3496	5621	21
1860	5622	21
3590	5623	21
25090	5624	21
3790	5625	14
4035	5625	7
2957	5626	21
23816	5627	21
2120	5628	21
3537	5629	21
3192	5630	21
31234	5631	21
2806	5632	21
5343	5633	21
3078	5634	21
13171	5635	21
2152	5636	21
3045	5637	21
4331	5638	21
25769	5639	21
3133	5640	21
10847	5641	21
1611	5642	21
31545	5643	21
2525	5644	21
3480	5645	21
5091	5646	21
9366	5647	21
5608	5648	21
10188	5649	21
9741	5650	21
16815	5651	21
5810	5652	21
26944	5653	21
4223	5654	21
4231	5655	21
2175	5656	21
29514	5657	21
7221	5658	21
12689	5659	21
5116	5660	21
25281	5661	21
2787	5662	21
28735	5663	21
6258	5664	21
11304	5665	21
10463	5666	21
17817	5667	21
6072	5668	21
25936	5669	21
2497	5670	21
6228	5671	21
2135	5672	21
20897	5673	21
3984	5674	21
28162	5675	21
3910	5676	21
5699	5677	21
1627	5678	21
20818	5679	21
7220	5680	21
22181	5681	21
2945	5682	21
3211	5683	21
4746	5684	21
27887	5685	21
2081	5686	21
31877	5687	21
2249	5688	21
32275	5689	21
2973	5690	7
3005	5690	14
377	5691	21
2792	5692	21
16856	5693	21
2572	5694	21
28643	5695	21
3522	5696	21
28683	5697	21
27253	5698	21
27287	5699	21
3902	5700	21
27216	5701	21
2186	5702	21
29015	5703	21
29013	5704	21
29853	5705	21
4224	5706	21
22097	5707	21
3815	5708	21
7679	5709	21
3855	5710	21
16907	5711	21
24168	5712	21
30886	5713	21
2689	5714	21
9446	5715	21
2309	5716	21
30457	5717	21
3834	5718	21
20066	5719	21
773	5720	21
17350	5721	21
12184	5722	21
12200	5723	21
241	5724	21
12140	5725	21
2880	5726	21
12672	5727	21
4745	5728	21
16303	5729	21
612	5730	21
23492	5731	21
3871	5732	21
5257	5734	21
9647	5735	21
203	5736	21
1605	5737	21
3680	5738	21
3706	5739	21
5262	5740	21
9656	5741	21
1233	5742	21
2415	5743	21
2573	5744	21
31955	5745	21
2954	5746	21
31612	5747	21
2635	5748	21
2310	5750	21
32912	5751	21
3785	5752	21
32430	5753	21
1336	5754	14
1991	5754	7
32378	5755	21
3064	5756	21
3073	5757	21
3621	5758	21
3218	5759	21
2972	5760	21
28649	5761	21
3552	5762	21
5031	5763	21
6937	5764	21
6944	5765	21
3494	5766	21
26913	5767	21
2136	5768	21
4895	5769	21
3989	5770	21
4777	5771	21
2603	5772	21
20070	5773	21
5230	5774	21
17113	5775	21
8339	5776	21
12270	5777	21
3822	5778	21
19638	5779	21
16495	5780	21
24868	5781	21
8619	5782	21
8626	5783	21
3434	5784	21
7490	5785	21
3069	5786	21
4798	5787	21
3405	5788	21
31351	5789	21
5112	5790	21
9405	5791	21
7375	5792	21
7377	5793	21
13246	5794	21
21320	5795	21
4853	5796	21
24436	5797	21
3675	5798	21
20228	5799	21
2817	5800	21
16982	5801	21
3838	5802	21
16766	5803	21
15321	5804	21
24077	5805	21
958	5806	21
26462	5807	21
864	5808	21
26415	5809	21
5456	5810	21
9984	5811	21
3440	5812	21
12677	5813	21
3221	5814	21
3338	5815	21
4469	5816	21
22654	5817	21
3231	5818	21
12422	5819	21
2170	5820	21
4151	5821	21
2184	5822	21
29832	5823	21
1991	5824	14
2023	5824	7
17738	5825	21
3088	5826	21
31341	5827	21
4021	5828	21
12191	5829	21
3072	5830	21
4340	5831	21
5017	5832	21
6645	5833	21
4871	5834	21
25039	5835	21
5454	5836	21
26235	5837	21
26292	5838	21
26339	5839	21
9449	5840	21
16385	5841	21
3990	5842	21
28346	5843	21
7800	5844	21
7260	5845	21
2977	5846	21
29406	5847	21
14906	5848	21
3307	5849	21
4229	5850	21
7834	5851	21
7802	5852	21
24375	5853	21
4448	5854	21
4450	5855	21
12808	5856	21
12810	5857	21
3849	5858	21
25105	5859	21
2023	5860	14
2119	5860	7
31727	5861	21
4040	5862	21
21537	5863	21
4297	5864	21
4423	5865	21
3925	5866	21
9166	5867	21
2551	5868	21
25974	5869	21
3319	5870	21
6273	5871	21
7743	5872	21
31565	5873	21
30391	5874	21
30400	5875	21
3066	5876	21
31772	5877	21
2636	5878	21
32206	5879	21
2620	5880	21
32112	5881	21
4370	5882	21
15644	5883	21
3223	5884	21
19124	5885	21
2444	5886	21
4675	5887	21
1507	5888	21
1509	5889	21
4099	5890	21
3854	5891	21
3043	5892	21
16604	5893	21
2673	5894	21
5573	5895	21
4044	5896	21
13653	5897	21
4156	5898	21
2979	5899	21
21902	5900	21
29838	5901	21
29090	5902	21
30331	5903	21
4162	5904	21
32649	5905	21
3254	5906	21
32089	5907	21
21552	5908	21
21554	5909	21
4276	5910	21
19786	5911	21
838	5912	21
31106	5913	21
3841	5914	21
26068	5915	21
4918	5916	21
24859	5917	21
6143	5918	21
33078	5919	21
3420	5920	21
3624	5921	21
2232	5922	21
12182	5923	21
2374	5924	21
4512	5925	21
2479	5926	21
8657	5927	21
3920	5928	21
2587	5929	21
4828	5930	21
24987	5931	21
4917	5932	21
30443	5933	21
4582	5934	21
6109	5935	21
3791	5936	21
6032	5937	21
4572	5938	21
25322	5939	21
7038	5940	21
32314	5941	21
2737	5942	21
2747	5943	21
7531	5944	21
820	5945	21
4529	5946	21
7924	5947	21
6048	5948	21
32151	5949	21
5030	5950	21
30842	5951	21
12823	5952	21
20659	5953	21
10820	5954	21
10824	5955	21
10630	5956	21
10633	5957	21
2733	5958	21
2735	5959	21
2993	5960	21
2088	5961	21
16056	5962	21
16080	5963	21
3877	5964	21
3887	5965	21
3823	5966	21
19838	5967	21
4986	5968	21
30782	5969	21
4991	5970	21
25161	5971	21
2263	5972	21
32375	5973	21
2425	5974	21
8667	5975	21
4293	5976	21
7942	5977	21
4035	5978	14
4508	5978	7
29859	5979	21
4182	5980	21
11063	5981	21
12621	5982	21
12623	5983	21
3824	5984	21
12054	5985	21
11950	5986	21
11954	5987	21
10685	5988	21
10688	5989	21
7605	5990	21
24248	5991	21
3875	5992	21
19222	5993	21
10009	5994	21
10024	5995	21
8536	5996	21
8546	5997	21
3327	5998	21
4067	5999	21
3803	6000	21
14909	6001	21
8729	6002	21
15191	6003	21
5063	6004	21
25271	6005	21
5825	6006	21
21625	6007	21
3189	6008	21
19096	6009	21
2523	6010	21
7329	6011	21
3021	6012	21
23364	6013	21
4807	6014	21
8858	6015	21
3185	6016	21
4116	6017	21
2250	6018	21
31163	6019	21
4176	6020	21
31494	6021	21
4023	6022	21
2262	6023	21
4306	6024	21
7629	6025	21
3017	6026	21
26534	6027	21
4455	6028	21
32083	6029	21
2953	6030	21
28285	6031	21
4911	6032	21
25805	6033	21
17146	6034	21
17194	6035	21
3842	6036	21
14936	6037	21
9233	6038	21
4789	6039	21
7596	6040	21
2359	6041	21
4102	6042	21
4104	6043	21
3783	6044	21
32084	6045	21
1281	6046	21
12492	6047	21
4053	6048	21
30279	6049	21
5847	6050	21
32569	6051	21
3798	6052	21
10617	6053	21
3813	6054	21
3435	6055	21
4790	6056	21
18546	6057	21
4330	6058	21
32394	6059	21
3799	6060	21
3112	6061	21
6403	6062	21
27835	6063	21
7569	6064	21
12425	6065	21
8147	6066	21
23166	6067	21
4060	6068	21
33109	6069	21
13425	6070	21
21606	6071	21
13841	6072	21
13853	6073	21
13695	6074	21
13698	6075	21
696	6076	21
20629	6077	21
20413	6078	21
22086	6079	21
21488	6080	21
21491	6081	21
7473	6082	21
26498	6083	21
26483	6084	21
29058	6085	21
4084	6086	21
2741	6087	21
5568	6088	21
9436	6089	21
4966	6090	21
5812	6091	21
5575	6092	21
801	6093	21
3070	6094	21
7822	6095	21
7977	6096	21
7700	6097	21
22381	6098	21
30166	6099	21
21556	6100	21
21563	6101	21
2978	6102	21
2964	6103	21
2955	6104	21
20383	6105	21
3065	6106	21
32891	6107	21
5255	6108	21
26258	6109	21
5032	6110	21
25201	6111	21
4147	6112	21
20022	6113	21
17342	6114	21
1528	6115	21
12128	6116	21
12136	6117	21
6853	6118	21
23304	6119	21
23289	6120	21
23889	6121	21
5093	6122	21
5141	6123	21
11970	6124	21
11975	6125	21
407	6126	21
10729	6127	21
4504	6128	21
4507	6129	21
7056	6130	21
10178	6131	21
5648	6132	21
26372	6133	21
21682	6134	21
21692	6135	21
8404	6136	21
23694	6137	21
3933	6138	21
1436	6139	21
3793	6140	21
28494	6141	21
2612	6142	21
13295	6143	21
3277	6144	21
23315	6145	21
5622	6146	21
23273	6147	21
5503	6148	21
2924	6149	21
3278	6150	21
23655	6151	21
6182	6152	21
19391	6153	21
4027	6154	21
22061	6155	21
7833	6156	21
7835	6157	21
1478	6158	21
2883	6159	21
5000	6160	21
32030	6161	21
8548	6162	21
23931	6163	21
6818	6164	21
500	6165	21
2205	6166	21
3145	6167	21
4927	6168	21
31926	6169	21
3808	6170	21
25530	6171	21
25428	6172	21
25468	6173	21
2761	6174	21
25394	6175	21
3274	6176	21
3276	6177	21
5832	6178	21
12471	6179	21
5806	6180	21
10546	6181	21
3781	6182	21
5767	6183	21
6094	6184	21
11039	6185	21
2191	6186	21
13684	6187	21
5123	6188	21
25444	6189	21
2723	6190	21
15480	6191	21
15667	6192	21
24591	6193	21
7299	6194	21
12839	6195	21
2745	6196	21
26670	6197	21
2259	6198	21
14054	6199	21
4471	6200	21
22651	6201	21
5037	6202	21
25178	6203	21
4202	6204	21
7785	6205	21
4091	6206	21
29055	6207	21
4246	6208	21
17939	6209	21
1157	6210	21
1652	6211	21
3847	6212	21
5629	6213	21
4177	6214	21
28064	6215	21
2876	6216	21
10003	6217	21
3127	6218	21
32024	6219	21
4154	6220	21
32561	6221	21
2881	6222	21
5472	6223	21
14991	6224	21
14993	6225	21
7721	6226	21
15032	6227	21
8589	6228	21
15027	6229	21
5029	6230	21
10960	6231	21
3863	6232	21
2172	6233	21
2240	6234	21
31055	6235	21
3830	6236	21
25839	6237	21
2962	6238	21
27321	6239	21
3817	6240	21
5601	6241	21
4347	6242	21
18026	6243	21
4055	6244	21
24745	6245	21
483	6246	21
7992	6247	21
2700	6248	21
23088	6249	21
15140	6250	21
15155	6251	21
2815	6252	21
14554	6253	21
5434	6254	21
5527	6255	21
5247	6256	21
30508	6257	21
4570	6258	21
7537	6259	21
3006	6260	21
23335	6261	21
2106	6262	21
19893	6263	21
3866	6264	21
18201	6265	21
3482	6266	21
6534	6267	21
8019	6268	21
14085	6269	21
4467	6270	21
28004	6271	21
3188	6272	21
17083	6273	21
4200	6274	21
17835	6275	21
15407	6276	21
24211	6277	21
2549	6278	21
23614	6279	21
3894	6280	21
4774	6281	21
5585	6282	21
23678	6283	21
6761	6284	21
12075	6285	21
6405	6286	21
5604	6287	21
4393	6288	21
25984	6289	21
8354	6290	21
23773	6291	21
3895	6292	21
28257	6293	21
2176	6294	21
32668	6295	21
4185	6296	21
23523	6297	21
4208	6298	21
22024	6299	21
22020	6300	21
27437	6301	21
1953	6302	21
1960	6303	21
3932	6304	21
24643	6305	21
1562	6306	21
4290	6307	21
4793	6308	21
5252	6309	21
3081	6310	21
28595	6311	21
4726	6312	21
2488	6313	21
2168	6314	21
18038	6315	21
12044	6316	21
12059	6317	21
222	6318	21
6377	6319	21
4019	6320	21
6345	6321	21
20851	6322	21
27877	6323	21
3255	6324	21
6025	6325	21
3835	6326	21
4120	6327	21
4036	6328	21
32003	6329	21
5603	6330	21
10981	6331	21
3001	6332	21
9602	6333	21
4394	6334	21
16601	6335	21
6083	6336	21
11019	6337	21
2241	6338	21
1427	6339	21
5090	6340	21
7983	6341	21
3335	6342	21
28134	6343	21
3320	6344	21
28083	6345	21
3208	6346	21
27603	6347	21
2666	6348	21
27646	6349	21
4264	6350	21
2898	6351	21
3452	6352	21
15138	6353	21
4282	6354	21
1194	6355	21
4428	6356	21
8146	6357	21
4578	6358	21
24785	6359	21
8763	6360	21
3279	6361	21
1365	6362	21
30850	6363	21
3942	6364	21
17744	6365	21
5605	6366	21
19879	6367	21
3850	6368	21
16220	6369	21
4524	6370	21
4628	6371	21
4407	6372	21
30711	6373	21
5716	6374	21
10391	6375	21
3041	6376	21
3846	6377	21
2365	6378	21
5725	6379	21
6074	6380	21
3422	6381	21
7840	6382	21
7842	6383	21
7092	6384	21
12448	6385	21
2908	6386	21
2933	6387	21
3096	6388	21
6018	6389	21
4872	6390	21
7243	6391	21
6011	6392	21
18896	6393	21
24544	6394	21
24567	6395	21
7296	6396	21
12833	6397	21
7089	6398	21
17393	6399	21
4910	6400	21
20893	6401	21
2969	6402	21
23168	6403	21
12855	6404	21
12863	6405	21
23563	6406	21
30992	6407	21
8370	6408	21
2427	6409	21
3878	6410	21
3049	6411	21
2985	6412	21
12856	6413	21
3002	6414	21
12805	6415	21
12774	6416	21
24769	6417	21
6009	6418	21
6803	6419	21
4215	6420	21
15541	6421	21
8042	6422	21
16687	6423	21
4117	6424	21
31486	6425	21
13747	6426	21
13754	6427	21
4508	6428	14
4516	6428	7
10148	6429	21
4153	6430	21
4216	6431	21
5275	6432	21
3413	6433	21
14934	6434	21
2816	6435	21
26370	6436	21
28325	6437	21
17787	6438	21
19657	6439	21
376	6440	21
17287	6441	21
12455	6442	21
3844	6443	21
12426	6444	21
13833	6445	21
4169	6446	21
11784	6447	21
4391	6448	21
22611	6449	21
4083	6450	21
5701	6451	21
3463	6452	21
25776	6453	21
7760	6454	21
13658	6455	21
9906	6456	21
6457	6457	21
4390	6458	21
2581	6459	21
2754	6460	21
14586	6461	21
3906	6462	21
5687	6463	21
788	6464	21
2790	6465	21
2727	6466	21
2759	6467	21
6398	6468	21
8725	6469	21
4207	6470	21
22149	6471	21
22837	6472	21
9164	6473	21
26536	6474	21
30252	6475	21
4601	6476	21
3010	6477	21
7016	6478	21
25753	6479	21
3024	6480	21
5720	6481	21
3240	6482	21
6118	6483	21
2614	6484	21
24998	6485	21
16017	6486	21
16342	6487	21
2691	6488	21
5135	6489	21
6075	6490	21
11003	6491	21
2180	6492	21
16315	6493	21
3649	6494	21
18451	6495	21
6017	6496	21
17183	6497	21
6693	6498	21
6739	6499	21
3897	6500	21
23981	6501	21
7405	6502	21
7407	6503	21
4516	6504	14
5682	6504	7
28158	6505	21
1873	6506	21
1875	6507	21
8938	6508	21
16248	6509	21
7658	6510	21
13481	6511	21
3315	6512	21
6705	6513	21
5742	6514	21
6585	6515	21
5857	6516	21
11750	6517	21
3980	6518	21
28166	6519	21
4280	6520	21
27972	6521	21
6089	6522	21
27724	6523	21
10119	6524	21
5771	6525	21
10261	6526	21
4545	6527	21
4549	6528	21
15077	6529	21
2346	6530	21
4493	6531	21
2428	6532	21
21389	6533	21
1135	6534	21
2222	6535	21
4725	6536	21
4284	6537	21
5630	6538	21
15841	6539	21
1248	6540	21
4681	6541	21
22399	6542	21
22402	6543	21
5186	6544	21
12214	6545	21
14475	6546	21
23107	6547	21
22498	6548	21
28181	6549	21
27937	6550	21
27981	6551	21
26860	6552	21
26896	6553	21
3976	6554	21
26828	6555	21
8249	6556	21
3467	6557	21
1597	6558	21
3105	6559	21
7642	6560	21
13454	6561	21
4209	6562	21
30259	6563	21
6388	6564	21
6860	6565	21
3814	6566	21
30267	6567	21
21763	6568	21
3132	6569	21
4344	6570	21
30362	6571	21
10487	6572	21
10513	6573	21
1039	6574	21
19242	6575	21
10076	6576	21
10080	6577	21
245	6578	21
235	6579	21
3266	6580	21
18853	6581	21
25459	6582	21
25472	6583	21
9858	6584	21
9871	6585	21
7416	6586	21
9137	6587	21
2751	6588	21
5241	6589	21
3005	6590	7
4266	6590	14
4520	6591	21
4836	6592	21
29344	6593	21
4042	6594	21
5816	6595	21
4629	6596	21
6365	6597	21
3845	6598	21
29271	6599	21
5682	6600	14
10325	6600	7
31327	6601	21
15197	6602	21
17199	6603	21
16217	6604	21
16232	6605	21
13488	6606	21
13499	6607	21
9194	6608	21
4146	6609	21
6442	6610	21
28822	6611	21
4849	6612	21
19692	6613	21
3832	6614	21
17890	6615	21
1720	6616	21
20890	6617	21
2769	6618	21
23699	6619	21
23455	6620	21
23458	6621	21
5614	6622	21
10430	6623	21
5234	6624	21
9606	6625	21
2533	6626	21
4805	6627	21
29342	6628	21
31611	6629	21
881	6630	21
1741	6631	21
1382	6632	21
2703	6633	21
2465	6634	21
2473	6635	21
5203	6636	21
9547	6637	21
4833	6638	21
29345	6639	21
4265	6640	21
28283	6641	21
6321	6642	21
11404	6643	21
4412	6644	21
33064	6645	21
4268	6646	21
11267	6647	21
7519	6648	21
18035	6649	21
4107	6650	21
29764	6651	21
3104	6652	21
32708	6653	21
4971	6654	21
6697	6655	21
4729	6656	21
14650	6657	21
3900	6658	21
1371	6659	21
21437	6660	21
21439	6661	21
2140	6662	21
1312	6663	21
12440	6664	21
14555	6665	21
4266	6666	7
4267	6666	14
12645	6667	14
26070	6667	7
4761	6668	21
3101	6669	21
5645	6670	21
25572	6671	21
4894	6672	21
24689	6673	21
3250	6674	21
9783	6675	21
4296	6676	21
24763	6677	21
919	6678	21
5717	6679	21
5922	6680	21
18260	6681	21
3472	6682	21
6545	6683	21
3898	6684	21
28889	6685	21
4025	6686	21
20305	6687	21
2021	6688	21
17192	6689	21
6713	6690	21
6716	6691	21
5033	6692	21
25155	6693	21
14758	6694	21
4454	6695	21
5401	6696	21
6433	6697	21
1943	6698	21
3730	6699	21
4457	6700	21
30468	6701	21
3916	6702	21
14481	6703	21
3896	6704	21
7825	6705	21
6131	6706	21
19831	6707	21
8346	6708	21
8552	6709	21
1633	6710	21
10865	6711	21
3909	6712	21
23189	6713	21
12498	6714	21
21557	6715	21
6090	6716	21
11032	6717	21
4303	6718	21
7272	6719	21
4915	6720	21
11078	6721	21
4909	6722	21
7120	6723	21
5572	6724	21
18370	6725	21
1771	6726	21
22018	6727	21
4755	6728	21
12311	6729	21
5559	6730	21
12001	6731	21
7077	6732	21
21664	6733	21
21495	6734	21
28875	6735	21
4976	6736	21
26310	6737	21
3944	6738	21
26080	6739	21
5309	6740	21
11383	6741	21
3086	6742	21
4063	6743	21
6461	6744	21
11613	6745	21
7031	6746	21
17327	6747	21
17319	6748	21
18930	6749	21
12531	6750	21
17836	6751	21
4940	6752	21
22615	6753	21
4166	6754	21
21837	6755	21
5794	6756	21
20008	6757	21
5414	6758	21
5515	6759	21
1524	6760	21
17239	6761	21
6816	6762	21
12158	6763	21
4748	6764	21
28453	6765	21
4329	6766	21
17856	6767	21
4519	6768	21
2995	6769	21
2963	6770	21
18922	6771	21
6035	6772	21
10932	6773	21
3864	6774	21
26879	6775	21
3424	6776	21
28413	6777	21
4210	6778	21
7793	6779	21
3224	6780	21
18659	6781	21
6026	6782	21
16876	6783	21
8532	6784	21
8543	6785	21
9265	6786	21
4178	6787	21
4533	6788	21
2278	6789	21
3080	6790	21
29296	6791	21
15952	6792	21
24942	6793	21
4509	6794	21
4045	6795	21
4644	6796	21
4868	6797	21
2221	6798	21
4251	6799	21
3957	6800	21
28080	6801	21
5623	6802	21
23539	6803	21
11183	6804	21
24474	6805	21
7425	6806	21
7432	6807	21
5743	6808	21
10438	6809	21
4079	6810	21
7552	6811	21
16443	6812	21
16457	6813	21
175	6814	21
16456	6815	21
5364	6816	21
16368	6817	21
3797	6818	21
16626	6819	21
3220	6820	21
19110	6821	21
494	6822	21
985	6823	21
4148	6824	21
32944	6825	21
7971	6826	21
14000	6827	21
3972	6828	21
7685	6829	21
5737	6830	21
17116	6831	21
2961	6832	21
23819	6833	21
5432	6834	21
17088	6835	21
3905	6836	21
20035	6837	21
3853	6838	21
20277	6839	21
3893	6840	21
11571	6841	21
5561	6842	21
23886	6843	21
14706	6844	21
14713	6845	21
2827	6846	21
2829	6847	21
2971	6848	21
29572	6849	21
4998	6850	21
26780	6851	21
22001	6852	21
22012	6853	21
1496	6854	21
3396	6855	21
6226	6856	21
28548	6857	21
4982	6858	14
6224	6858	7
25371	6859	21
3810	6860	21
6225	6861	21
9176	6862	21
15981	6863	21
3789	6864	21
28798	6865	21
4328	6866	21
26250	6867	21
3807	6868	21
25287	6869	21
2253	6870	21
30388	6871	21
3199	6872	21
3973	6873	21
4818	6874	21
7101	6875	21
3831	6876	21
28669	6877	21
3444	6878	21
4126	6879	14
4327	6879	7
3204	6880	21
18547	6881	21
6047	6882	21
11311	6883	21
1899	6884	21
3656	6885	21
3862	6886	21
12438	6887	21
4221	6888	21
7819	6889	21
3837	6890	21
4041	6891	21
5356	6892	21
9535	6893	21
4312	6894	21
6129	6895	21
8962	6896	21
1833	6897	21
7994	6898	21
3540	6899	21
4852	6900	21
5305	6901	21
8907	6902	21
15515	6903	21
3924	6904	21
23154	6905	21
4343	6906	21
19793	6907	21
9811	6908	21
17324	6909	21
7140	6910	21
10725	6911	21
12525	6912	21
17551	6913	21
4332	6914	21
7773	6915	21
3833	6916	21
31316	6917	21
7955	6918	21
5200	6919	21
8485	6920	21
30566	6921	21
2277	6922	21
18067	6923	21
5504	6924	21
10042	6925	21
3805	6926	21
25859	6927	21
4052	6928	21
25098	6929	21
8151	6930	21
14316	6931	21
2623	6932	21
32079	6933	21
3193	6934	21
6059	6935	21
5245	6936	21
4528	6937	21
3929	6938	21
6456	6939	21
3988	6940	21
23174	6941	21
5302	6942	21
20043	6943	21
11593	6944	21
12163	6945	21
4267	6946	7
5184	6946	14
6128	6947	21
4398	6948	21
4352	6949	21
4555	6950	21
30428	6951	21
380	6952	21
1757	6953	21
7518	6954	21
29182	6955	21
8105	6956	21
30398	6957	21
4302	6958	21
1133	6959	21
3821	6960	21
24916	6961	21
4517	6962	21
9700	6963	21
3941	6964	21
25700	6965	21
4145	6966	21
26160	6967	21
23391	6968	21
23832	6969	21
4840	6970	21
8927	6971	21
5870	6972	21
20718	6973	21
7029	6974	21
25452	6975	21
4026	6976	21
25426	6977	21
4913	6978	21
3232	6979	21
3263	6980	21
21446	6981	21
4030	6982	21
32510	6983	21
2185	6984	21
24360	6985	21
8614	6986	21
8616	6987	21
9530	6988	21
16475	6989	21
10414	6990	21
10423	6991	21
3956	6992	21
28580	6993	21
3869	6994	21
7154	6995	21
3908	6996	21
21334	6997	21
6486	6998	21
6847	6999	21
14042	7000	21
22467	7001	21
13520	7002	21
21732	7003	21
3626	7004	21
23960	7005	21
13802	7006	21
22193	7007	21
21672	7008	21
21705	7009	21
7267	7010	21
31961	7011	21
2527	7012	21
31587	7013	21
8165	7014	21
7925	7015	21
5371	7016	21
5377	7017	21
10257	7018	21
19337	7019	21
2119	7020	14
4115	7020	7
31982	7021	21
20420	7022	21
7850	7023	21
3448	7024	21
28823	7025	21
27749	7026	21
27788	7027	21
15859	7028	21
15862	7029	21
6004	7030	21
6008	7031	21
5989	7032	21
5992	7033	21
2802	7034	21
16348	7035	21
13870	7036	21
18422	7037	21
5768	7038	21
23307	7039	21
5633	7040	21
25460	7041	21
7107	7042	21
25122	7043	21
4006	7044	21
13066	7045	21
15257	7046	21
23955	7047	21
8050	7048	21
14144	7049	21
4098	7050	21
28288	7051	21
5625	7052	21
23852	7053	21
10229	7054	21
17422	7055	21
17414	7056	21
24412	7057	21
15333	7058	21
24105	7059	21
746	7060	21
1480	7061	21
7702	7062	21
13553	7063	21
4378	7064	21
10629	7065	21
4804	7066	21
32263	7067	21
4406	7068	21
4898	7069	21
6279	7070	21
14359	7071	21
5003	7072	21
13391	7073	21
5115	7074	21
32264	7075	21
12477	7076	21
25119	7077	21
4318	7078	21
30329	7079	21
7967	7080	21
32405	7081	21
8101	7082	21
30619	7083	21
8102	7084	21
14235	7085	21
4413	7086	21
6126	7087	21
10359	7088	21
17644	7089	21
3969	7090	21
20809	7091	21
4753	7092	21
27376	7093	21
3139	7094	21
21852	7095	21
4298	7096	21
2207	7097	21
4085	7098	21
13042	7099	21
4422	7100	21
26270	7101	21
11850	7102	21
3532	7103	21
5664	7104	21
10294	7105	21
6420	7106	21
11539	7107	21
4008	7108	21
15339	7109	21
12779	7110	21
20583	7111	21
20553	7112	21
24399	7113	21
24069	7114	21
24072	7115	21
15866	7116	21
24857	7117	21
143	7118	21
287	7119	21
12423	7120	21
17374	7121	21
3130	7122	21
28737	7123	21
7115	7124	21
16598	7125	21
3258	7126	21
14873	7127	21
5202	7128	21
26051	7129	21
5185	7130	21
23243	7131	21
5597	7132	21
7530	7133	21
4124	7134	21
30177	7135	21
7622	7136	21
32290	7137	21
7970	7138	21
30192	7139	21
22739	7140	21
8078	7141	21
3596	7142	21
3598	7143	21
3964	7144	21
14011	7145	21
7368	7146	21
12964	7147	21
13023	7148	21
13030	7149	21
2042	7150	21
21009	7151	21
4586	7152	21
27777	7153	21
4106	7154	21
27572	7155	21
4834	7156	21
29346	7157	21
4810	7158	21
31502	7159	21
4214	7160	21
7805	7161	21
3052	7162	21
5774	7163	21
4847	7164	21
4776	7165	21
4762	7166	21
5190	7167	21
3022	7168	21
9939	7169	21
5244	7170	21
15272	7171	21
3577	7172	21
7904	7173	21
5243	7174	21
13143	7175	21
13961	7176	21
19737	7177	21
6042	7178	21
28706	7179	21
3936	7180	21
25515	7181	21
22099	7182	21
22132	7183	21
5584	7184	21
25751	7185	21
3901	7186	21
25095	7187	21
12968	7188	21
20895	7189	21
17062	7190	21
17066	7191	21
3009	7192	21
17051	7193	21
1859	7194	21
3588	7195	21
8876	7196	21
11656	7197	21
5222	7198	21
32127	7199	21
351	7200	21
702	7201	21
6443	7202	21
11920	7203	21
4451	7204	21
15734	7205	21
5183	7206	21
6384	7207	21
22716	7208	21
28744	7209	21
28742	7210	21
28891	7211	21
6257	7212	21
28175	7213	21
4661	7214	21
23898	7215	21
4559	7216	21
23528	7217	21
3966	7218	21
31342	7219	21
4074	7220	21
24198	7221	21
12185	7222	21
12201	7223	21
9702	7224	21
9713	7225	21
8908	7226	21
24378	7227	21
3958	7228	21
28121	7229	21
5804	7230	21
23388	7231	21
3129	7232	21
25875	7233	21
16754	7234	21
16769	7235	21
16701	7236	21
16712	7237	21
5652	7238	21
6449	7239	21
6386	7240	21
7410	7241	21
4785	7242	21
11295	7243	21
6606	7244	21
11844	7245	21
9149	7246	21
17078	7247	21
4760	7248	21
30734	7249	21
16954	7250	21
16968	7251	21
5885	7252	21
16713	7253	21
8713	7254	21
11467	7255	21
10840	7256	21
10877	7257	21
5736	7258	21
3449	7259	21
21846	7260	21
21870	7261	21
4928	7262	21
9083	7263	21
6598	7264	21
11859	7265	21
1107	7266	21
2166	7267	21
3829	7268	21
16313	7269	21
4541	7270	21
18297	7271	21
3471	7272	21
31422	7273	21
8825	7274	21
1130	7275	21
2179	7276	21
24328	7277	21
6335	7278	21
19188	7279	21
4270	7280	21
6505	7281	21
2269	7282	21
11710	7283	21
5455	7284	21
5485	7285	21
718	7286	21
1425	7287	21
4437	7288	21
15706	7289	21
1970	7290	21
1973	7291	21
4348	7292	21
5192	7293	21
4336	7294	21
32938	7295	21
4967	7296	21
32267	7297	21
2794	7298	21
16964	7299	21
6185	7300	21
6211	7301	21
1775	7302	21
3431	7303	21
4161	7304	21
31995	7305	21
5683	7306	21
5975	7307	21
2791	7308	21
5314	7309	21
4955	7310	21
9130	7311	21
2086	7312	21
3987	7313	21
6127	7314	21
25619	7315	21
4149	7316	21
31083	7317	21
5214	7318	21
12328	7319	21
10582	7320	21
7739	7321	21
2638	7322	21
7275	7323	21
6135	7324	21
27816	7325	21
7528	7326	21
26580	7327	21
10506	7328	21
10517	7329	21
31807	7330	21
32924	7331	21
5793	7332	21
28659	7333	21
5038	7334	21
25291	7335	21
3861	7336	21
27016	7337	21
4537	7338	21
8393	7339	21
6012	7340	21
18835	7341	21
12684	7342	21
21786	7343	21
9184	7344	21
15967	7345	21
7592	7346	21
29442	7347	21
4414	7348	21
18770	7349	21
3219	7350	21
4532	7351	21
4360	7352	21
32429	7353	21
4087	7354	21
16704	7355	21
10215	7356	21
4510	7357	21
23348	7358	21
7094	7359	21
6385	7360	21
26287	7361	21
6394	7362	21
23920	7363	21
3207	7364	21
23696	7365	21
8195	7366	21
24628	7367	21
4014	7368	21
7428	7369	21
3047	7370	21
5765	7371	21
8914	7372	21
15528	7373	21
5005	7374	21
25026	7375	21
4271	7376	21
1191	7377	21
3033	7378	21
21567	7379	21
8740	7380	21
10174	7381	21
12584	7382	21
13491	7383	21
5756	7384	21
29700	7385	21
3019	7386	21
28457	7387	21
5854	7388	21
2605	7389	21
12716	7390	21
20473	7391	21
5393	7392	21
5397	7393	21
5378	7394	21
5381	7395	21
1705	7396	21
31430	7397	21
27647	7398	21
27649	7399	21
4304	7400	21
7623	7401	21
4314	7402	21
32105	7403	21
4806	7404	21
24244	7405	21
8853	7406	21
15421	7407	21
4115	7408	14
5611	7408	7
31507	7409	21
3321	7410	21
6266	7411	21
1637	7412	21
1639	7413	21
12686	7414	21
17604	7415	21
4150	7416	21
27797	7417	21
8955	7418	21
30690	7419	21
4122	7420	21
4307	7421	21
9063	7422	21
31963	7423	21
3839	7424	21
31833	7425	21
5872	7426	21
5265	7427	21
10143	7428	21
17489	7429	21
5617	7430	21
29847	7431	21
5628	7432	21
7807	7433	21
5199	7434	21
23779	7435	21
5856	7436	21
18085	7437	21
3114	7438	21
9673	7439	21
13359	7440	21
21503	7441	21
2151	7442	21
31035	7443	21
3940	7444	21
6602	7445	21
7456	7446	21
32704	7447	21
4164	7448	21
22113	7449	21
4152	7450	21
4184	7451	21
4784	7452	21
7028	7453	21
5911	7454	21
5636	7455	21
8774	7456	21
30906	7457	21
4737	7458	21
23740	7459	21
2708	7460	21
2710	7461	21
7247	7462	21
17651	7463	21
9596	7464	21
16591	7465	21
7063	7466	21
12333	7467	21
6755	7468	21
988	7469	21
9152	7470	21
25256	7471	21
3035	7472	21
3960	7473	21
3879	7474	21
19609	7475	21
19305	7476	21
19308	7477	21
4024	7478	21
28697	7479	21
2670	7480	21
7281	7481	21
3479	7482	21
22072	7483	21
17519	7484	21
17544	7485	21
5232	7486	21
23130	7487	21
6605	7488	21
10550	7489	21
7258	7490	21
7162	7491	21
4389	7492	21
5752	7493	21
4058	7494	21
30952	7495	21
4294	7496	21
27874	7497	21
5153	7498	21
5155	7499	21
6399	7500	21
6757	7501	21
7486	7502	21
30056	7503	21
13927	7504	21
22274	7505	21
3977	7506	21
27932	7507	21
7233	7508	21
23097	7509	21
5171	7510	21
5181	7511	21
4351	7512	21
30366	7513	21
3885	7514	21
20288	7515	21
3628	7516	21
6774	7517	21
4452	7518	21
27808	7519	21
4518	7520	21
5681	7521	21
13522	7522	21
21736	7523	21
21728	7524	21
27478	7525	21
5586	7526	21
15170	7527	21
3733	7528	21
3771	7529	21
8181	7530	21
8183	7531	21
22306	7532	21
28903	7533	21
534	7534	21
26340	7535	21
12330	7536	21
12392	7537	21
10072	7538	21
10085	7539	21
9802	7540	21
9805	7541	21
4861	7542	21
8958	7543	21
4521	7544	21
28702	7545	21
8353	7546	21
10204	7547	21
4574	7548	21
24812	7549	21
7471	7550	21
28980	7551	21
4490	7552	21
29199	7553	21
5660	7554	21
921	7555	21
4642	7556	21
24848	7557	21
5612	7558	21
18781	7559	21
4461	7560	21
5184	7561	7
5216	7561	14
7059	7562	21
24917	7563	21
4975	7564	21
23053	7565	21
4848	7566	21
27872	7567	21
3248	7568	21
32875	7569	21
5028	7570	21
32760	7571	21
23475	7572	21
23880	7573	21
8904	7574	21
26656	7575	21
3996	7576	21
28712	7577	21
4870	7578	21
28437	7579	21
5685	7580	21
6510	7581	21
16391	7582	21
16445	7583	21
5086	7584	21
16228	7585	21
4022	7586	21
10838	7587	21
4068	7588	21
1308	7589	21
1171	7590	21
2292	7591	21
7146	7592	21
17537	7593	21
5647	7594	21
7686	7595	21
5567	7596	21
19098	7597	21
4288	7598	21
27882	7599	21
11144	7600	21
3469	7601	21
4687	7602	21
4715	7603	21
24484	7604	21
24487	7605	21
3899	7606	21
21034	7607	21
5580	7608	21
24723	7609	21
7326	7610	21
26733	7611	21
3027	7612	21
26714	7613	21
1322	7614	21
2586	7615	21
7183	7616	21
12622	7617	21
12502	7618	21
16970	7619	21
15835	7620	21
15839	7621	21
15452	7622	21
15455	7623	21
7481	7624	21
29808	7625	21
5746	7626	21
32521	7627	21
4826	7628	21
24347	7629	21
5251	7630	21
9980	7631	21
4728	7632	21
31318	7633	21
4274	7634	21
31168	7635	21
7104	7636	21
24807	7637	21
5260	7638	21
27150	7639	21
3098	7640	21
2758	7641	21
3801	7642	21
19803	7643	21
4824	7644	21
28084	7645	21
5581	7646	21
28000	7647	21
12480	7648	21
25283	7649	21
5740	7650	21
32906	7651	21
5754	7652	21
29702	7653	21
5697	7654	21
32550	7655	21
6391	7656	21
13033	7657	21
3468	7658	21
28840	7659	21
7293	7660	21
26072	7661	21
11315	7662	21
11318	7663	21
4310	7664	21
32172	7665	21
5705	7666	21
6506	7667	21
7013	7668	21
26022	7669	21
5855	7670	21
12247	7671	21
3992	7672	21
1618	7673	21
6134	7674	21
11112	7675	21
3417	7676	21
22110	7677	21
7218	7678	21
10336	7679	21
7443	7680	21
19208	7681	21
9965	7682	21
6596	7683	21
5611	7684	14
7003	7684	7
5639	7685	21
4272	7686	21
32483	7687	21
4732	7688	21
31402	7689	21
4794	7690	21
2315	7691	21
4730	7692	21
4856	7693	21
6393	7694	21
6427	7695	21
4051	7696	21
26394	7697	21
10209	7698	21
4643	7699	21
9270	7700	21
16111	7701	21
7032	7702	21
10014	7703	21
7023	7704	21
24371	7705	21
7155	7706	21
2991	7707	21
3811	7708	21
17141	7709	21
3928	7710	21
31720	7711	21
4744	7712	21
23279	7713	21
4650	7714	21
22771	7715	21
4392	7716	21
33009	7717	21
4082	7718	21
7543	7719	21
5399	7720	21
30999	7721	21
5216	7722	7
7004	7722	14
32476	7723	21
4338	7724	21
29096	7725	21
8159	7726	21
18797	7727	21
6595	7728	21
6682	7729	21
18612	7730	21
19095	7731	21
10773	7732	21
27371	7733	21
4792	7734	21
27900	7735	21
7498	7736	21
23511	7737	21
5619	7738	21
30110	7739	21
7045	7740	21
31293	7741	21
4756	7742	21
31230	7743	21
5046	7744	21
5067	7745	21
7794	7746	21
23518	7747	21
7770	7748	21
13674	7749	21
14226	7750	21
14258	7751	21
14240	7752	21
22774	7753	21
27803	7754	21
27951	7755	21
16286	7756	21
16420	7757	21
2711	7758	21
2720	7759	21
4511	7760	21
14801	7761	21
10150	7762	21
6387	7763	21
4820	7764	21
8017	7765	21
4543	7766	21
31208	7767	21
30272	7768	21
30280	7769	21
1628	7770	21
3165	7771	21
4540	7772	21
30529	7773	21
12324	7774	21
12389	7775	21
7053	7776	21
12030	7777	21
6609	7778	21
11503	7779	21
7388	7780	21
13000	7781	21
7475	7782	21
1103	7783	21
4482	7784	21
29200	7785	21
6483	7786	21
6485	7787	21
5579	7788	21
19628	7789	21
19619	7790	21
19623	7791	21
15730	7792	21
15733	7793	21
219	7794	21
4199	7795	21
9180	7796	21
32130	7797	21
7008	7798	21
13464	7799	21
12846	7800	21
20698	7801	21
11798	7802	21
11802	7803	21
5963	7804	21
5966	7805	21
4050	7806	21
29903	7807	21
5808	7808	21
25598	7809	21
7009	7810	21
18933	7811	21
18816	7812	21
18819	7813	21
13984	7814	21
22371	7815	21
5809	7816	21
29746	7817	21
5589	7818	21
32641	7819	21
4547	7820	21
11446	7821	21
4770	7822	21
31305	7823	21
6417	7824	21
17217	7825	21
2956	7826	21
15132	7827	21
6232	7828	21
6344	7829	21
4702	7830	21
4704	7831	21
5303	7832	21
5569	7833	21
5563	7834	21
27315	7835	21
6102	7836	21
2580	7837	21
6130	7838	21
23554	7839	21
6636	7840	21
6638	7841	21
6069	7842	21
27768	7843	21
5913	7844	21
19629	7845	21
16471	7846	21
17024	7847	21
5710	7848	21
25582	7849	21
4092	7850	21
3025	7851	21
13986	7852	21
22375	7853	21
5418	7854	21
10234	7855	21
3664	7856	21
3672	7857	21
3280	7858	21
6189	7859	21
20736	7860	21
26449	7861	21
2988	7862	21
26382	7863	21
8746	7864	21
20307	7865	21
8716	7866	21
12280	7867	21
11763	7868	21
11800	7869	21
4835	7870	21
8911	7871	21
4752	7872	21
2544	7873	21
8030	7874	21
31263	7875	21
7996	7876	21
14046	7877	21
5627	7878	21
27498	7879	21
4914	7880	21
24725	7881	21
13331	7882	21
16208	7883	21
11526	7884	21
19312	7885	21
3235	7886	21
23613	7887	21
7583	7888	21
25797	7889	21
6440	7890	21
28825	7891	21
6104	7892	21
27790	7893	21
12472	7894	21
629	7895	21
14092	7896	21
22545	7897	21
8163	7898	21
27170	7899	21
7169	7900	21
31143	7901	21
4420	7902	21
32685	7903	21
4866	7904	21
4557	7905	21
2511	7906	21
30542	7907	21
7134	7908	21
18283	7909	21
3018	7910	21
32678	7911	21
4400	7912	21
27152	7913	21
5631	7914	21
6397	7915	21
27453	7916	21
27486	7917	21
7096	7918	21
15158	7919	21
13787	7920	21
13790	7921	21
3974	7922	21
4031	7923	21
4879	7924	21
11099	7925	21
8775	7926	21
19008	7927	21
4335	7928	21
32967	7929	21
14111	7930	21
22578	7931	21
9281	7932	21
16130	7933	21
8374	7934	21
8577	7935	21
5874	7936	21
30032	7937	21
4796	7938	21
31404	7939	21
6158	7940	21
11952	7941	21
7745	7942	21
13631	7943	21
12135	7944	21
12343	7945	21
9239	7946	21
11909	7947	21
8032	7948	21
22582	7949	21
25625	7950	21
28764	7951	21
4800	7952	21
28073	7953	21
5188	7954	21
18087	7955	21
5007	7956	21
25183	7957	21
4817	7958	21
28111	7959	21
6070	7960	21
16962	7961	21
2555	7962	21
4763	7963	21
4731	7964	21
17094	7965	21
3106	7966	21
22116	7967	21
4738	7968	21
18856	7969	21
1635	7970	21
3178	7971	21
20575	7972	21
24806	7973	21
24246	7974	21
24249	7975	21
1889	7976	21
21031	7977	21
12469	7978	21
7386	7979	21
5496	7980	21
10027	7981	21
4108	7982	21
18162	7983	21
7151	7984	21
30665	7985	21
7263	7986	21
33102	7987	21
7021	7988	21
7055	7989	21
5887	7990	21
27243	7991	21
4525	7992	21
25840	7993	21
9226	7994	21
16041	7995	21
8189	7996	21
27196	7997	21
18766	7998	21
27810	7999	21
5206	8000	21
29614	8001	21
7064	8002	21
12370	8003	21
10021	8004	21
10026	8005	21
9711	8006	21
9715	8007	21
3057	8008	21
9618	8009	21
7804	8010	21
13729	8011	21
6190	8012	21
18949	8013	21
6100	8014	21
18721	8015	21
5621	8016	21
5651	8017	21
7004	8018	7
7137	8018	14
28841	8019	21
8261	8020	21
14505	8021	21
8766	8022	21
19021	8023	21
4028	8024	21
4556	8025	21
5330	8026	21
6028	8027	21
6073	8028	21
32416	8029	21
5613	8030	21
25395	8031	21
4864	8032	21
5119	8033	21
4160	8034	21
5595	8035	21
7073	8036	21
16634	8037	21
7141	8038	21
17639	8039	21
9008	8040	21
15690	8041	21
3331	8042	21
6276	8043	21
8337	8044	21
8511	8045	21
29256	8046	21
29265	8047	21
5428	8048	21
29622	8049	21
7153	8050	21
19015	8051	21
9676	8052	21
2981	8053	21
10276	8054	21
28341	8055	21
24353	8056	21
24363	8057	21
25083	8058	21
26145	8059	21
11495	8060	21
12176	8061	21
7005	8062	21
30392	8063	21
4395	8064	21
22826	8065	21
5198	8066	21
26094	8067	21
8768	8068	21
2454	8069	21
24377	8070	21
24409	8071	21
4054	8072	21
22335	8073	21
7953	8074	21
24174	8075	21
22681	8076	21
30505	8077	21
7577	8078	21
29385	8079	21
4896	8080	21
31846	8081	21
311	8082	21
8544	8083	21
1789	8084	21
3459	8085	21
5739	8086	21
28749	8087	21
7318	8088	21
20111	8089	21
16665	8090	21
17156	8091	21
2656	8092	21
5072	8093	21
7091	8094	21
8455	8095	21
9433	8096	21
9447	8097	21
5282	8098	21
9635	8099	21
3191	8100	21
5942	8101	21
7252	8102	21
12749	8103	21
17385	8104	21
22799	8105	21
22772	8106	21
22782	8107	21
5035	8108	21
9271	8109	21
6624	8110	21
6722	8111	21
8832	8112	21
30889	8113	21
9458	8114	21
9498	8115	21
9643	8116	21
25770	8117	21
5659	8118	21
28743	8119	21
5635	8120	21
26185	8121	21
11491	8122	21
5301	8123	21
4548	8124	21
2368	8125	21
9120	8126	21
9122	8127	21
2559	8128	21
25067	8129	21
5015	8130	21
5139	8131	21
3904	8132	21
33019	8133	21
2291	8134	21
4387	8135	21
6016	8136	21
24978	8137	21
21549	8138	21
21572	8139	21
6441	8140	21
20095	8141	21
9716	8142	21
19521	8143	21
12926	8144	21
24775	8145	21
7069	8146	21
12403	8147	21
5189	8148	21
5406	8149	21
5599	8150	21
2273	8151	21
6077	8152	21
1242	8153	21
8550	8154	21
8568	8155	21
9172	8156	21
32731	8157	21
2329	8158	21
23258	8159	21
10168	8160	21
17312	8161	21
7765	8162	21
18360	8163	21
12529	8164	21
17747	8165	21
4273	8166	21
17133	8167	21
10599	8168	21
18028	8169	21
5835	8170	21
10138	8171	21
4740	8172	21
27658	8173	21
10177	8174	21
5308	8175	21
7057	8176	21
28715	8177	21
2247	8178	21
28629	8179	21
4342	8180	21
10181	8181	21
5587	8182	21
8839	8183	21
5691	8184	21
7542	8185	21
5860	8186	21
4401	8187	21
7246	8188	21
23936	8189	21
6093	8190	21
23605	8191	21
5653	8192	21
6419	8193	21
6323	8194	21
19505	8195	21
4287	8196	21
27435	8197	21
3428	8198	21
15124	8199	21
7649	8200	21
29632	8201	21
8785	8202	21
27420	8203	21
15240	8204	21
7781	8205	21
31692	8206	21
31694	8207	21
4366	8208	21
32995	8209	21
19048	8210	21
19216	8211	21
9991	8212	21
10002	8213	21
3097	8214	21
26381	8215	21
10266	8216	21
27469	8217	21
3107	8218	21
5877	8219	21
7041	8220	21
30222	8221	21
7043	8222	21
32669	8223	21
7505	8224	21
32624	8225	21
9608	8226	21
25694	8227	21
7288	8228	21
19423	8229	21
17992	8230	21
27005	8231	21
5409	8232	21
26305	8233	21
12132	8234	21
12342	8235	21
7015	8236	21
11333	8237	21
8185	8238	21
8878	8239	21
7130	8240	21
26425	8241	21
24352	8242	21
24362	8243	21
7276	8244	21
12795	8245	21
1003	8246	21
1010	8247	21
3567	8248	21
3574	8249	21
3361	8250	21
6331	8251	21
4311	8252	21
31662	8253	21
5564	8254	21
31246	8255	21
7242	8256	21
14118	8257	21
7138	8258	21
19817	8259	21
1743	8260	21
3378	8261	21
3209	8262	21
7767	8263	21
8173	8264	21
22950	8265	21
8833	8266	21
16662	8267	21
21177	8268	21
29026	8269	21
5878	8270	21
29766	8271	21
8220	8272	21
14439	8273	21
7193	8274	21
19825	8275	21
5274	8276	21
2564	8277	21
3215	8278	21
2157	8279	21
3203	8280	21
9829	8281	21
4062	8282	21
30953	8283	21
13462	8284	21
13494	8285	21
4779	8286	21
8804	8287	21
7435	8288	21
16947	8289	21
7132	8290	21
7135	8291	21
24336	8292	21
4579	8293	21
7441	8294	21
17756	8295	21
4736	8296	21
10291	8297	21
7297	8298	21
24013	8299	21
7236	8300	21
23267	8301	21
7011	8302	21
23045	8303	21
1902	8304	21
3662	8305	21
7379	8306	21
28761	8307	21
4100	8308	21
20695	8309	21
8132	8310	21
2498	8311	21
7025	8312	21
9526	8313	21
7371	8314	21
28183	8315	21
7902	8316	21
17292	8317	21
16418	8318	21
16432	8319	21
12479	8320	21
16176	8321	21
3034	8322	21
12452	8323	21
2987	8324	21
27185	8325	21
8724	8326	21
23644	8327	21
13999	8328	21
22397	8329	21
15922	8330	21
24893	8331	21
8068	8332	21
3919	8333	21
6328	8334	21
6371	8335	21
7287	8336	21
7271	8337	21
11700	8338	21
19616	8339	21
10363	8340	21
11719	8341	21
13318	8342	21
21432	8343	21
5620	8344	21
1540	8345	21
8357	8346	21
27454	8347	21
3037	8348	21
26876	8349	21
4882	8350	21
4346	8351	21
5745	8352	21
23408	8353	21
7618	8354	21
16178	8355	21
6409	8356	21
22666	8357	21
4327	8358	14
4358	8358	7
7147	8359	21
5663	8360	21
8361	8361	21
5661	8362	21
26430	8363	21
7254	8364	21
30880	8365	21
5212	8366	21
7203	8367	21
7367	8368	21
6280	8369	21
5034	8370	21
29476	8371	21
5059	8372	21
7024	8373	21
4090	8374	21
32406	8375	21
9522	8376	21
32353	8377	21
4286	8378	21
30996	8379	21
5405	8380	21
10039	8381	21
5674	8382	21
30864	8383	21
7083	8384	21
32789	8385	21
23084	8386	21
7302	8387	21
8849	8388	21
14844	8389	21
6535	8390	21
6884	8391	21
4475	8392	21
8293	8393	21
7301	8394	21
23502	8395	21
8467	8396	21
23611	8397	21
4854	8398	21
28090	8399	21
8134	8400	21
28132	8401	21
7007	8402	21
23684	8403	21
6601	8404	21
11496	8405	21
8072	8406	21
14911	8407	21
7898	8408	21
15018	8409	21
5221	8410	21
31950	8411	21
12777	8412	21
4416	8413	21
3646	8414	21
3648	8415	21
5777	8416	21
10499	8417	21
7273	8418	21
18149	8419	21
13017	8420	21
20970	8421	21
7204	8422	21
28671	8423	21
4032	8424	21
6610	8425	21
4602	8426	21
23674	8427	21
6015	8428	21
6390	8429	21
7040	8430	21
32728	8431	21
7027	8432	21
26176	8433	21
8708	8434	21
9731	8435	21
15513	8436	21
24372	8437	21
5886	8438	21
22634	8439	21
10714	8440	21
18221	8441	21
5643	8442	21
25568	8443	21
8240	8444	21
27043	8445	21
6224	8446	14
6238	8446	7
9880	8447	21
4874	8448	21
22904	8449	21
4291	8450	21
22288	8451	21
5013	8452	21
25471	8453	21
7278	8454	21
25411	8455	21
9704	8456	21
9714	8457	21
2788	8458	21
29582	8459	21
4863	8460	21
32417	8461	21
5097	8462	21
9378	8463	21
27553	8464	21
5655	8465	21
3809	8466	21
32006	8467	21
7888	8468	21
24712	8469	21
8934	8470	21
28786	8471	21
5811	8472	21
25849	8473	21
8440	8474	21
14796	8475	21
2997	8476	21
3126	8477	21
5002	8478	21
2274	8479	21
14945	8480	21
14957	8481	21
13493	8482	21
13496	8483	21
6913	8484	21
12295	8485	21
8521	8486	21
30579	8487	21
7502	8488	21
33054	8489	21
5801	8490	21
4851	8491	21
5001	8492	21
19892	8493	21
3881	8494	21
19804	8495	21
5240	8496	21
5242	8497	21
5132	8498	21
9438	8499	21
2188	8500	21
29889	8501	21
12079	8502	21
11941	8503	21
250	8504	21
17351	8505	21
17323	8506	21
19130	8507	21
4436	8508	21
18165	8509	21
8723	8510	21
22662	8511	21
8123	8512	21
9028	8513	21
5840	8514	21
23456	8515	21
4468	8516	21
7467	8517	21
4764	8518	21
22918	8519	21
9556	8520	21
25491	8521	21
25163	8522	21
25166	8523	21
4973	8524	21
32921	8525	21
14336	8526	21
22911	8527	21
5969	8528	21
10436	8529	21
11943	8530	21
11953	8531	21
8214	8532	21
24650	8533	21
28833	8534	21
28871	8535	21
7389	8536	21
28538	8537	21
7387	8538	21
12539	8539	21
4786	8540	21
28458	8541	21
5802	8542	21
5521	8543	21
21067	8544	21
26333	8545	21
23888	8546	21
23902	8547	21
23087	8548	21
23098	8549	21
22481	8550	21
22484	8551	21
4526	8552	21
30502	8553	21
12103	8554	21
12331	8555	21
6817	8556	21
6961	8557	21
5833	8558	21
27060	8559	21
6054	8560	21
29794	8561	21
5618	8562	21
22189	8563	21
3717	8564	21
6929	8565	21
7131	8566	21
32344	8567	21
8845	8568	21
32386	8569	21
2757	8570	21
32359	8571	21
5583	8572	21
9006	8573	21
4878	8574	21
32109	8575	21
4034	8576	21
27793	8577	21
7105	8578	21
15896	8579	21
4716	8580	21
4719	8581	21
20134	8582	21
20152	8583	21
7054	8584	21
11821	8585	21
11657	8586	21
11667	8587	21
3684	8588	21
3709	8589	21
25546	8590	21
26152	8591	21
6472	8592	21
12186	8593	21
10197	8594	21
28201	8595	21
8818	8596	21
9625	8597	21
8487	8598	21
14872	8599	21
6658	8600	21
6684	8601	21
5912	8602	21
25735	8603	21
6253	8604	21
15444	8605	21
4632	8606	21
12537	8607	21
7036	8608	21
7707	8609	21
12483	8610	21
24242	8611	21
2910	8612	21
2912	8613	21
2308	8614	21
4419	8615	21
6078	8616	21
12702	8617	21
10236	8618	21
17436	8619	21
17432	8620	21
25409	8621	21
15645	8622	21
1306	8623	21
7076	8624	21
26672	8625	21
5300	8626	21
4405	8627	21
4350	8628	21
8979	8629	21
9175	8630	21
15965	8631	21
15249	8632	21
12771	8633	21
2617	8634	21
4996	8635	21
5796	8636	21
16688	8637	21
953	8638	21
955	8639	21
5680	8640	21
26478	8641	21
10317	8642	21
26279	8643	21
2770	8644	21
22768	8645	21
4278	8646	21
25679	8647	21
4523	8648	21
32499	8649	21
3100	8650	21
9078	8651	21
13599	8652	21
26755	8653	21
9557	8654	21
16524	8655	21
4802	8656	21
22977	8657	21
7363	8658	21
20898	8659	21
12654	8660	21
28157	8661	21
6504	8662	21
17089	8663	21
4168	8664	21
32292	8665	21
13146	8666	21
5450	8667	21
4396	8668	21
15849	8669	21
7434	8670	21
19671	8671	21
7635	8672	21
17734	8673	21
2976	8674	21
2054	8675	21
9161	8676	21
15923	8677	21
8007	8678	21
19941	8679	21
11323	8680	21
19069	8681	21
10571	8682	21
5753	8683	21
7795	8684	21
10225	8685	21
7012	8686	21
3912	8687	21
4886	8688	21
31980	8689	21
7565	8690	21
7139	8691	21
15568	8692	21
24433	8693	21
7906	8694	21
19232	8695	21
10043	8696	21
10100	8697	21
9467	8698	21
9503	8699	21
8680	8700	21
8684	8701	21
8292	8702	21
8295	8703	21
3997	8704	21
20965	8705	21
7019	8706	21
668	8707	21
9109	8708	21
25124	8709	21
8771	8710	21
25458	8711	21
7285	8712	21
24690	8713	21
8167	8714	21
14346	8715	21
10283	8716	21
25085	8717	21
7072	8718	21
28015	8719	21
26952	8720	21
27358	8721	21
251	8722	21
503	8723	21
10860	8724	21
10864	8725	21
7843	8726	21
7846	8727	21
15016	8728	21
23806	8729	21
7652	8730	21
6401	8731	21
7035	8732	21
31137	8733	21
8216	8734	21
7277	8735	21
5331	8736	21
7256	8737	21
8712	8738	21
19880	8739	21
16181	8740	21
16221	8741	21
5644	8742	21
28314	8743	21
5596	8744	21
19645	8745	21
6851	8746	21
12267	8747	21
9815	8748	21
9856	8749	21
6019	8750	21
3865	8751	21
6553	8752	21
6577	8753	21
6038	8754	21
31575	8755	21
7145	8756	21
32861	8757	21
7037	8758	21
3961	8759	21
21247	8760	21
29119	8761	21
8474	8762	21
30561	8763	21
6450	8764	21
10213	8765	21
2002	8766	21
19234	8767	21
18385	8768	21
18432	8769	21
12532	8770	21
17874	8771	21
6108	8772	21
11066	8773	21
8054	8774	21
30475	8775	21
4780	8776	21
6439	8777	21
8557	8778	21
14972	8779	21
5208	8780	21
23110	8781	21
8245	8782	21
27938	8783	21
5217	8784	21
16404	8785	21
5571	8786	21
5196	8787	21
5744	8788	21
31087	8789	21
9538	8790	21
16505	8791	21
25383	8792	21
25518	8793	21
5413	8794	21
4531	8795	21
8940	8796	21
27633	8797	21
6429	8798	21
23922	8799	21
6058	8800	21
23698	8801	21
10561	8802	21
17961	8803	21
19648	8804	21
19694	8805	21
7269	8806	21
19605	8807	21
7458	8808	21
32556	8809	21
4858	8810	21
5307	8811	21
31890	8812	21
33081	8813	21
4700	8814	21
4707	8815	21
28984	8816	21
28986	8817	21
28937	8818	21
29263	8819	21
1137	8820	21
2226	8821	21
828	8822	21
1638	8823	21
5864	8824	21
6652	8825	21
9384	8826	21
25512	8827	21
7006	8828	21
28802	8829	21
7165	8830	21
7177	8831	21
11892	8832	21
12027	8833	21
4295	8834	21
32536	8835	21
7286	8836	21
27726	8837	21
7103	8838	21
19462	8839	21
7521	8840	21
5690	8841	21
7978	8842	21
16016	8843	21
5588	8844	21
15870	8845	21
14617	8846	21
23311	8847	21
22139	8848	21
22190	8849	21
21965	8850	21
22002	8851	21
7068	8852	21
25550	8853	21
19298	8854	21
21028	8855	21
10923	8856	21
8786	8857	21
9550	8858	21
4857	8859	21
4855	8860	21
8564	8861	21
4043	8862	21
29812	8863	21
8901	8864	21
8903	8865	21
22888	8866	21
30687	8867	21
5693	8868	21
32778	8869	21
7333	8870	21
32565	8871	21
4225	8872	21
22133	8873	21
23602	8874	21
31253	8875	21
5615	8876	21
9021	8877	21
7257	8878	21
24764	8879	21
12596	8880	21
28577	8881	21
8592	8882	21
15034	8883	21
606	8884	21
1203	8885	21
8747	8886	21
15226	8887	21
15210	8888	21
18953	8889	21
14598	8890	21
14613	8891	21
13059	8892	21
13070	8893	21
5261	8894	21
9995	8895	21
8135	8896	21
14285	8897	21
7986	8898	21
7974	8899	21
5276	8900	21
25879	8901	21
10443	8902	21
4778	8903	21
15013	8904	21
15255	8905	21
9219	8906	21
16028	8907	21
7792	8908	21
13785	8909	21
7378	8910	21
24092	8911	21
23994	8912	21
25410	8913	21
12768	8914	21
24570	8915	21
5197	8916	21
2146	8917	21
5706	8918	21
10325	8919	14
10371	8919	7
7270	8920	21
32013	8921	21
8193	8922	21
30809	8923	21
6014	8924	21
5941	8925	21
4850	8926	21
12798	8927	21
5108	8928	21
23067	8929	21
5722	8930	21
26726	8931	21
11596	8932	21
19389	8933	21
21424	8934	21
29325	8935	21
13955	8936	21
27524	8937	21
11696	8938	21
28585	8939	21
28573	8940	21
7149	8941	21
5565	8942	21
33120	8943	21
4408	8944	21
33036	8945	21
8797	8946	21
23484	8947	21
5930	8948	21
32763	8949	21
10565	8950	21
32590	8951	21
1385	8952	21
2709	8953	21
3651	8954	21
3752	8955	21
10623	8956	21
10632	8957	21
415	8958	21
829	8959	21
7231	8960	21
30749	8961	21
5649	8962	21
28328	8963	21
6071	8964	21
25854	8965	21
6086	8966	21
14930	8967	21
12936	8968	21
20842	8969	21
20827	8970	21
27585	8971	21
3429	8972	21
6436	8973	21
5130	8974	21
28965	8975	21
5918	8976	21
29497	8977	21
4829	8978	21
8900	8979	21
7515	8980	21
29169	8981	21
9048	8982	21
10231	8983	21
7954	8984	21
30526	8985	21
24452	8986	21
31625	8987	21
8906	8988	21
31620	8989	21
12105	8990	21
12326	8991	21
7039	8992	21
11437	8993	21
9437	8994	21
16365	8995	21
8399	8996	21
30602	8997	21
698	8998	21
1386	8999	21
24017	9000	21
24019	9001	21
7303	9002	21
26208	9003	21
7560	9004	21
25658	9005	21
558	9006	21
1503	9007	21
4787	9008	21
28701	9009	21
3968	9010	21
824	9011	21
3962	9012	21
26825	9013	21
9572	9014	21
31002	9015	21
21820	9016	21
29751	9017	21
471	9018	21
940	9019	21
7079	9020	21
21968	9021	21
730	9022	21
1449	9023	21
4983	9024	21
11205	9025	21
2746	9026	21
23127	9027	21
14305	9028	21
14371	9029	21
5040	9030	21
23023	9031	21
10541	9032	21
8156	9033	21
1787	9034	21
3455	9035	21
24240	9036	21
24247	9037	21
7192	9038	21
9010	9039	21
5689	9040	21
22957	9041	21
10658	9042	21
18124	9043	21
6639	9044	21
3013	9045	21
5830	9046	21
10592	9047	21
4720	9048	21
4724	9049	21
4705	9050	21
4708	9051	21
6651	9052	21
11942	9053	21
7561	9054	21
27960	9055	21
4768	9056	21
26795	9057	21
4809	9058	21
30644	9059	21
30631	9060	21
31619	9061	21
4114	9062	21
31512	9063	21
6033	9064	21
10928	9065	21
7159	9066	21
12578	9067	21
189	9068	21
10086	9069	21
9444	9070	21
9448	9071	21
9404	9072	21
9407	9073	21
7499	9074	21
8836	9075	21
13162	9076	21
21178	9077	21
13796	9078	21
16287	9079	21
4890	9080	21
25066	9081	21
15198	9082	21
17271	9083	21
6893	9084	21
6909	9085	21
6210	9086	21
6221	9087	21
21075	9088	21
27487	9089	21
27421	9090	21
27433	9091	21
7340	9092	21
27379	9093	21
12446	9094	21
14803	9095	21
6062	9096	21
10986	9097	21
4038	9098	21
32245	9099	21
4969	9100	21
31933	9101	21
8497	9102	21
8504	9103	21
7067	9104	21
13279	9105	21
6023	9106	21
25891	9107	21
10288	9108	21
17525	9109	21
6039	9110	21
6055	9111	21
20653	9112	21
25811	9113	21
5678	9114	21
8170	9115	21
24272	9116	21
28265	9117	21
10379	9118	21
17679	9119	21
7227	9120	21
31779	9121	21
6458	9122	21
17244	9123	21
6085	9124	21
16963	9125	21
869	9126	21
1718	9127	21
12756	9128	21
20914	9129	21
21435	9130	21
29343	9131	21
9652	9132	21
16681	9133	21
3952	9134	21
26341	9135	21
62	9136	21
12368	9137	21
11961	9138	21
11974	9139	21
10721	9140	21
10724	9141	21
7075	9142	21
11488	9143	21
6451	9144	21
11594	9145	21
8930	9146	21
12162	9147	21
6079	9148	21
22551	9149	21
5047	9150	21
9294	9151	21
9391	9152	21
9482	9153	21
7047	9154	21
19203	9155	21
7556	9156	21
7766	9157	21
4772	9158	21
19725	9159	21
8303	9160	21
605	9161	21
12711	9162	21
30878	9163	21
849	9164	21
6155	9165	21
10255	9166	21
10185	9167	21
14006	9168	21
19064	9169	21
9549	9170	21
13152	9171	21
7905	9172	21
9324	9173	21
10411	9174	21
10413	9175	21
7894	9176	21
12373	9177	21
11976	9178	21
12039	9179	21
11767	9180	21
11808	9181	21
4539	9182	21
13677	9183	21
6115	9184	21
29862	9185	21
4558	9186	21
8432	9187	21
10253	9188	21
8798	9189	21
7383	9190	21
28827	9191	21
7412	9192	21
6081	9193	21
4358	9194	14
7525	9194	7
19571	9195	21
7607	9196	21
23664	9197	21
7692	9198	21
32764	9199	21
10731	9200	21
32754	9201	21
7181	9202	21
25580	9203	21
13346	9204	21
24909	9205	21
8397	9206	21
14905	9207	21
9518	9208	21
22886	9209	21
7952	9210	21
32457	9211	21
4326	9212	21
32440	9213	21
9548	9214	21
2796	9215	21
4086	9216	21
32490	9217	21
4397	9218	21
4797	9219	21
5315	9220	21
29603	9221	21
5797	9222	21
18635	9223	21
1945	9224	21
3737	9225	21
7202	9226	21
26881	9227	21
7472	9228	21
29470	9229	21
6133	9230	21
32004	9231	21
23253	9232	21
23260	9233	21
9689	9234	21
30171	9235	21
7506	9236	21
30582	9237	21
8368	9238	21
30546	9239	21
12891	9240	21
20764	9241	21
20354	9242	21
13606	9243	21
4769	9244	21
28525	9245	21
13627	9246	21
21906	9247	21
1857	9248	21
3584	9249	21
7589	9250	21
29493	9251	21
7195	9252	21
16699	9253	21
27450	9254	21
15010	9255	21
6031	9256	21
29648	9257	21
14281	9258	21
27318	9259	21
7694	9260	21
18616	9261	21
5718	9262	21
10395	9263	21
4830	9264	21
8902	9265	21
5803	9266	21
13086	9267	21
16787	9268	21
16933	9269	21
10961	9270	21
18553	9271	21
8793	9272	21
24071	9273	21
23869	9274	21
23883	9275	21
21948	9276	21
21958	9277	21
27262	9278	21
27264	9279	21
7494	9280	21
32785	9281	21
8341	9282	21
7497	9283	21
9144	9284	21
32259	9285	21
7259	9286	21
29920	9287	21
7889	9288	21
32836	9289	21
7572	9290	21
7232	9291	21
9257	9292	21
11948	9293	21
8721	9294	21
13815	9295	21
1370	9296	21
2680	9297	21
27406	9298	21
27418	9299	21
5709	9300	21
7724	9301	21
14509	9302	21
14516	9303	21
7558	9304	21
19463	9305	21
4377	9306	21
8104	9307	21
8953	9308	21
18707	9309	21
14128	9310	21
22605	9311	21
7118	9312	21
6110	9313	21
29229	9314	21
29235	9315	21
4634	9316	21
31203	9317	21
6238	9318	14
6239	9318	7
6422	9319	21
4118	9320	21
29546	9321	21
7325	9322	21
8752	9323	21
8203	9324	21
31033	9325	21
10967	9326	21
28432	9327	21
18055	9328	21
10269	9329	21
7418	9330	21
13052	9331	21
7720	9332	21
10319	9333	21
16644	9334	21
17142	9335	21
8821	9336	21
8883	9337	21
7951	9338	21
27897	9339	21
7211	9340	21
30640	9341	21
8848	9342	21
31862	9343	21
7100	9344	21
7576	9345	21
7324	9346	21
5919	9347	21
5582	9348	21
22100	9349	21
7440	9350	21
30314	9351	21
22313	9352	21
29646	9353	21
29627	9354	21
29637	9355	21
13139	9356	21
29482	9357	21
3281	9358	21
3291	9359	21
7975	9360	21
28550	9361	21
7255	9362	21
16784	9363	21
21135	9364	21
28962	9365	21
28948	9366	21
29347	9367	21
4275	9368	21
18990	9369	21
7648	9370	21
1290	9371	21
8783	9372	21
31503	9373	21
7525	9374	14
12421	9374	7
3144	9375	21
7510	9376	21
29163	9377	21
4788	9378	21
30846	9379	21
17358	9380	21
26118	9381	21
8805	9382	21
1282	9383	21
5085	9384	21
11933	9385	21
7735	9386	21
8912	9387	21
7791	9388	21
11270	9389	21
7224	9390	21
22735	9391	21
7931	9392	21
11052	9393	21
4739	9394	21
33062	9395	21
4362	9396	21
33050	9397	21
9621	9398	21
19919	9399	21
5224	9400	21
11429	9401	21
7466	9402	21
32578	9403	21
8127	9404	21
18645	9405	21
6444	9406	21
11795	9407	21
11527	9408	21
19276	9409	21
9593	9410	21
14222	9411	21
8781	9412	21
27571	9413	21
7503	9414	21
8201	9415	21
9924	9416	21
6396	9417	21
2690	9418	21
5133	9419	21
7335	9420	21
19452	9421	21
8075	9422	21
24566	9423	21
10375	9424	21
17671	9425	21
9024	9426	21
15741	9427	21
22599	9428	21
23634	9429	21
5065	9430	21
9325	9431	21
4515	9432	21
22080	9433	21
2443	9434	21
4680	9435	21
23319	9436	21
23326	9437	21
5914	9438	21
7117	9439	21
22756	9440	21
22792	9441	21
7262	9442	21
33074	9443	21
17821	9444	21
17824	9445	21
4814	9446	21
8872	9447	21
4862	9448	21
21831	9449	21
9881	9450	21
17000	9451	21
5971	9452	21
5998	9453	21
5863	9454	18
7084	9454	3
25790	9455	21
10200	9456	21
5416	9457	21
6915	9458	21
6938	9459	21
14107	9460	21
22572	9461	21
12829	9462	21
20669	9463	21
11083	9464	21
11087	9465	21
10305	9466	21
10308	9467	21
947	9468	21
1867	9469	21
14160	9470	21
30345	9471	21
15930	9472	21
24907	9473	21
8107	9474	21
14244	9475	21
5686	9476	21
29932	9477	21
7215	9478	21
29807	9479	21
7751	9480	21
24349	9481	21
5338	9482	21
9789	9483	21
8067	9484	21
18069	9485	21
10332	9486	21
26179	9487	21
9206	9488	21
32472	9489	21
10567	9490	21
7956	9491	21
11490	9492	21
21366	9493	21
10586	9494	21
31391	9495	21
6597	9496	21
3921	9497	21
5694	9498	21
30872	9499	21
14968	9500	21
23801	9501	21
7597	9502	21
31467	9503	21
5036	9504	21
32180	9505	21
14429	9506	21
23050	9507	21
10211	9508	21
9354	9509	21
7199	9510	21
23803	9511	21
8071	9512	21
27748	9513	21
10775	9514	21
10782	9515	21
8422	9516	21
8424	9517	21
8126	9518	21
27140	9519	21
4977	9520	21
32198	9521	21
7198	9522	21
31605	9523	21
8142	9524	21
31761	9525	21
4527	9526	21
24223	9527	21
4801	9528	21
31613	9529	21
1927	9530	21
1934	9531	21
14544	9532	21
5721	9533	21
8966	9534	21
15615	9535	21
7436	9536	21
18783	9537	21
4604	9538	21
8513	9539	21
12430	9540	21
32601	9541	21
32296	9542	21
32486	9543	21
19651	9544	21
19696	9545	21
4424	9546	21
19608	9547	21
12347	9548	21
12367	9549	21
12187	9550	21
12202	9551	21
11076	9552	21
11086	9553	21
5333	9554	21
9776	9555	21
7178	9556	21
20078	9557	21
19334	9558	21
19345	9559	21
7916	9560	21
33001	9561	21
7682	9562	21
32018	9563	21
6460	9564	21
17245	9565	21
5259	9566	21
16428	9567	21
7228	9568	21
24791	9569	21
7317	9570	21
31949	9571	21
7261	9572	21
31849	9573	21
4341	9574	21
8035	9575	21
9812	9576	21
19153	9577	21
8297	9578	21
18222	9579	21
18155	9580	21
18166	9581	21
8385	9582	21
14700	9583	21
7051	9584	21
7549	9585	21
8013	9586	21
31003	9587	21
8271	9588	21
24935	9589	21
5807	9590	21
1218	9591	21
13654	9592	21
13661	9593	21
10140	9594	21
19543	9595	21
8852	9596	21
32117	9597	21
11095	9598	21
18804	9599	21
12905	9600	21
27285	9601	21
12441	9602	21
14594	9603	21
8162	9604	21
23197	9605	21
4873	9606	21
8982	9607	21
2437	9608	21
4664	9609	21
4498	9610	21
4505	9611	21
4999	9612	21
13140	9613	21
7450	9614	21
9051	9615	21
5695	9616	21
26571	9617	21
12827	9618	21
32411	9619	21
8188	9620	21
31803	9621	21
7163	9622	21
20122	9623	21
7116	9624	21
17168	9625	21
4359	9626	21
27071	9627	21
7529	9628	21
26604	9629	21
3015	9630	21
2436	9631	21
12852	9632	21
12854	9633	21
20938	9634	21
21019	9635	21
5044	9636	21
19872	9637	21
7442	9638	21
19867	9639	21
8270	9640	21
14132	9641	21
9243	9642	21
9245	9643	21
17631	9644	21
17633	9645	21
6654	9646	21
5824	9647	21
7397	9648	21
31090	9649	21
7526	9650	21
27859	9651	21
10892	9652	21
23763	9653	21
6389	9654	21
31174	9655	21
8285	9656	21
23220	9657	21
5384	9658	21
5395	9659	21
25370	9660	21
25513	9661	21
9879	9662	21
8406	9663	21
13862	9664	21
16438	9665	21
16324	9666	21
16364	9667	21
10313	9668	21
18228	9669	21
16996	9670	21
17214	9671	21
7676	9672	21
16397	9673	21
11168	9674	21
18864	9675	21
8996	9676	21
15668	9677	21
7102	9678	21
14154	9679	21
3329	9680	21
19072	9681	21
8039	9682	21
31700	9683	21
15320	9684	21
28812	9685	21
19586	9686	21
976	9687	21
8124	9688	21
11967	9689	21
6024	9690	21
11077	9691	21
13469	9692	21
18224	9693	21
13390	9694	21
18163	9695	21
3804	9696	21
8694	9697	21
7381	9698	21
8186	9699	21
12223	9700	21
12277	9701	21
11203	9702	21
11206	9703	21
11486	9704	21
19432	9705	21
7196	9706	21
26453	9707	21
15328	9708	21
24089	9709	21
7150	9710	21
18878	9711	21
17737	9712	21
17748	9713	21
7716	9714	21
32732	9715	21
2772	9716	21
5281	9717	21
21275	9718	21
29160	9719	21
24369	9720	21
30794	9721	21
5815	9722	21
865	9723	21
5859	9724	21
19839	9725	21
8023	9726	21
32957	9727	21
31074	9728	21
31382	9729	21
157	9730	21
4953	9731	21
3589	9732	21
3591	9733	21
10118	9734	21
4072	9735	21
7240	9736	21
32918	9737	21
7210	9738	21
25422	9739	21
8411	9740	21
10380	9741	21
7157	9742	21
19239	9743	21
19116	9744	21
19131	9745	21
9746	9746	21
19113	9747	21
10534	9748	21
10124	9749	21
12835	9750	21
20679	9751	21
20665	9752	21
25934	9753	21
7452	9754	21
25898	9755	21
5218	9756	21
25337	9757	21
2252	9758	21
14003	9759	21
5823	9760	21
5843	9761	21
7321	9762	21
26393	9763	21
15825	9764	21
15836	9765	21
10739	9766	21
844	9767	21
22214	9768	21
23732	9769	21
7229	9770	21
22801	9771	21
22659	9772	21
22668	9773	21
7950	9774	21
9595	9775	21
4535	9776	21
22690	9777	21
1464	9778	21
2856	9779	21
6435	9780	21
11567	9781	21
3986	9782	21
7376	9783	21
5714	9784	21
26663	9785	21
22285	9786	21
28675	9787	21
7336	9788	21
27234	9789	21
14455	9790	21
14465	9791	21
5410	9792	21
9894	9793	21
23143	9794	21
30930	9795	21
7208	9796	21
33087	9797	21
10377	9798	21
32922	9799	21
7897	9800	21
7937	9801	21
7921	9802	21
7684	9803	21
12817	9804	21
20648	9805	21
20646	9806	21
25693	9807	21
10476	9808	21
10479	9809	21
1476	9810	21
2879	9811	21
10948	9812	21
18530	9813	21
13756	9814	21
18836	9815	21
7960	9816	21
30534	9817	21
7491	9818	21
13176	9819	21
4180	9820	21
29841	9821	21
24533	9822	21
24536	9823	21
7678	9824	21
10638	9825	21
13363	9826	21
21510	9827	21
5594	9828	21
10160	9829	21
10144	9830	21
15179	9831	21
7097	9832	21
12458	9833	21
12450	9834	21
14958	9835	21
14260	9836	21
14264	9837	21
14221	9838	21
14224	9839	21
5022	9840	21
9249	9841	21
6852	9842	21
19508	9843	21
8258	9844	21
14499	9845	21
13760	9846	21
22094	9847	21
7444	9848	21
19938	9849	21
7517	9850	21
19557	9851	21
12726	9852	21
21853	9853	21
7677	9854	21
26183	9855	21
7990	9856	21
31112	9857	21
5839	9858	21
31065	9859	21
7316	9860	21
14037	9861	21
28146	9862	21
28184	9863	21
28107	9864	21
28139	9865	21
5799	9866	21
28075	9867	21
12954	9868	21
6265	9869	21
12934	9870	21
20838	9871	21
20443	9872	21
22669	9873	21
2244	9874	21
22299	9875	21
10944	9876	21
11175	9877	21
21173	9878	21
29020	9879	21
3939	9880	21
7284	9881	21
17752	9882	21
20253	9883	21
17017	9884	21
17228	9885	21
5228	9886	21
16411	9887	21
21512	9888	21
29446	9889	21
5014	9890	21
32095	9891	21
12582	9892	21
17542	9893	21
8255	9894	21
9568	9895	21
21369	9896	21
21371	9897	21
7226	9898	21
7936	9899	21
7958	9900	21
5263	9901	21
7474	9902	21
32365	9903	21
8579	9904	21
15024	9905	21
7976	9906	21
10966	9907	21
7740	9908	21
21980	9909	21
7291	9910	21
25865	9911	21
5889	9912	21
10699	9913	21
1073	9914	21
21094	9915	21
19965	9916	21
19984	9917	21
19881	9918	21
19897	9919	21
19864	9920	21
19876	9921	21
7982	9922	21
11177	9923	21
8344	9924	21
23581	9925	21
2440	9926	21
4668	9927	21
12657	9928	21
20364	9929	21
5120	9930	21
9418	9931	21
1746	9932	21
1748	9933	21
26494	9934	21
29416	9935	21
10542	9936	21
17926	9937	21
10032	9938	21
10094	9939	21
3726	9940	21
3767	9941	21
8286	9942	21
8016	9943	21
9143	9944	21
25473	9945	21
9885	9946	21
10045	9947	21
9398	9948	21
16724	9949	21
8837	9950	21
27545	9951	21
7082	9952	21
30491	9953	21
14678	9954	21
23360	9955	21
8278	9956	21
32614	9957	21
8263	9958	21
12914	9959	21
12104	9960	21
12126	9961	21
23924	9962	21
23968	9963	21
1471	9964	21
2870	9965	21
5042	9966	21
9285	9967	21
8937	9968	21
9160	9969	21
9212	9970	21
18798	9971	21
9277	9972	21
16123	9973	21
15189	9974	21
16497	9975	21
6156	9976	21
24984	9977	21
4925	9978	21
24781	9979	21
20467	9980	21
20684	9981	21
20683	9982	21
4989	9983	21
7214	9984	21
24837	9985	21
487	9986	21
971	9987	21
4088	9988	21
28448	9989	21
3217	9990	21
29836	9991	21
20372	9992	21
29650	9993	21
7409	9994	21
28542	9995	21
12813	9996	21
26167	9997	21
11660	9998	21
11663	9999	21
8014	10000	21
18157	10001	21
8972	10002	21
15627	10003	21
9231	10004	21
14623	10005	21
8801	10006	21
28718	10007	21
8787	10008	21
27429	10009	21
7099	10010	21
27362	10011	21
7319	10012	21
28506	10013	21
8418	10014	21
24758	10015	21
4689	10016	21
8656	10017	21
4308	10018	21
22398	10019	21
8707	10020	21
31630	10021	21
15764	10022	21
32118	10023	21
8736	10024	21
32015	10025	21
8179	10026	21
14367	10027	21
4754	10028	21
29529	10029	21
9818	10030	21
30181	10031	21
5679	10032	21
32538	10033	21
8022	10034	21
32991	10035	21
7501	10036	21
33039	10037	21
25889	10038	21
25896	10039	21
8816	10040	21
24833	10041	21
5871	10042	21
27197	10043	21
8338	10044	21
17132	10045	21
7509	10046	21
26374	10047	21
8425	10048	21
8029	10049	21
7090	10050	21
28851	10051	21
7460	10052	21
13116	10053	21
3883	10054	21
3578	10055	21
5311	10056	21
11384	10057	21
7603	10058	21
21005	10059	21
4404	10060	21
3650	10061	21
7463	10062	21
7567	10063	21
15284	10064	21
24018	10065	21
7619	10066	21
11972	10067	21
11655	10068	21
11666	10069	21
8069	10070	21
22761	10071	21
7462	10072	21
31577	10073	21
7052	10074	21
11659	10075	21
7119	10076	21
8130	10077	21
5102	10078	21
5143	10079	21
7920	10080	21
24817	10081	21
8010	10082	21
27904	10083	21
13286	10084	21
485	10085	21
16472	10086	21
17025	10087	21
4685	10088	21
23904	10089	21
793	10090	21
13547	10091	21
9331	10092	21
9333	10093	21
8719	10094	21
17830	10095	21
8812	10096	21
28126	10097	21
10427	10098	21
22712	10099	21
21095	10100	21
21097	10101	21
21089	10102	21
28723	10103	21
7323	10104	21
28636	10105	21
7394	10106	21
28586	10107	21
7098	10108	21
7110	10109	21
6411	10110	21
28736	10111	21
5675	10112	21
20099	10113	21
20093	10114	21
2037	10115	21
13865	10116	21
8732	10117	21
6507	10118	21
11688	10119	21
7571	10120	21
8139	10121	21
8025	10122	21
14327	10123	21
12563	10124	21
18952	10125	21
17873	10126	21
17877	10127	21
7339	10128	21
17862	10129	21
20607	10130	21
25280	10131	21
8983	10132	21
25046	10133	21
13237	10134	21
13239	10135	21
12603	10136	21
19976	10137	21
16403	10138	21
16450	10139	21
16204	10140	21
16214	10141	21
9580	10142	21
31794	10143	21
7084	10144	18
7573	10144	3
31714	10145	21
8342	10146	21
17224	10147	21
14988	10148	21
23767	10149	21
7309	10150	21
12858	10151	21
13439	10152	21
21629	10153	21
8015	10154	21
31671	10155	21
9355	10156	21
32280	10157	21
7575	10158	21
12484	10159	21
7133	10160	21
21532	10161	21
21166	10162	21
29008	10163	21
28994	10164	21
7683	10165	21
8036	10166	21
6413	10167	21
8040	10168	21
24678	10169	21
5317	10170	21
9757	10171	21
6554	10172	21
6582	10173	21
4192	10174	21
4194	10175	21
8835	10176	21
17638	10177	21
4997	10178	21
13776	10179	21
5926	10180	21
27375	10181	21
8257	10182	21
9640	10183	21
8874	10184	21
12552	10185	21
15786	10186	21
15788	10187	21
8248	10188	21
8369	10189	21
29522	10190	21
29619	10191	21
8453	10192	21
19915	10193	21
16261	10194	21
16405	10195	21
7705	10196	21
25509	10197	21
8844	10198	21
23983	10199	21
12943	10200	21
31936	10201	21
16641	10202	21
25731	10203	21
21963	10204	21
22000	10205	21
29880	10206	21
5817	10207	21
7984	10208	21
10968	10209	21
7365	10210	21
26408	10211	21
12494	10212	21
16711	10213	21
10163	10214	21
13668	10215	21
11848	10216	21
943	10217	21
16296	10218	21
16425	10219	21
7513	10220	21
23480	10221	21
7591	10222	21
14297	10223	21
8256	10224	21
32908	10225	21
5828	10226	21
12410	10227	21
7234	10228	21
25436	10229	21
4334	10230	21
4544	10231	21
2684	10232	21
5122	10233	21
7495	10234	21
28721	10235	21
19118	10236	21
19132	10237	21
12432	10238	21
18684	10239	21
7966	10240	21
16892	10241	21
5707	10242	21
31042	10243	21
7527	10244	21
32160	10245	21
9148	10246	21
10232	10247	21
5415	10248	21
5512	10249	21
7200	10250	21
5715	10251	21
10666	10252	21
18135	10253	21
9046	10254	21
17728	10255	21
14195	10256	21
22709	10257	21
14191	10258	21
22703	10259	21
21123	10260	21
28943	10261	21
28929	10262	21
29191	10263	21
9594	10264	21
28569	10265	21
10169	10266	21
19059	10267	21
17571	10268	21
28357	10269	21
8352	10270	21
18384	10271	21
7194	10272	21
4442	10273	21
9235	10274	21
33045	10275	21
8949	10276	21
18704	10277	21
12746	10278	21
20527	10279	21
20471	10280	21
23205	10281	21
5677	10282	21
23191	10283	21
8585	10284	21
15022	10285	21
2877	10286	21
5465	10287	21
8820	10288	21
9627	10289	21
10489	10290	21
10514	10291	21
7928	10292	21
26774	10293	21
20357	10294	21
26841	10295	21
5213	10296	21
26784	10297	21
7230	10298	21
32046	10299	21
8722	10300	21
30349	10301	21
14647	10302	21
27236	10303	21
2534	10304	21
4839	10305	21
6410	10306	21
30050	10307	21
13156	10308	21
21167	10309	21
3592	10310	21
6720	10311	21
12932	10312	21
32999	10313	21
7351	10314	21
4429	10315	21
8868	10316	21
15448	10317	21
12499	10318	21
24266	10319	21
23223	10320	21
23761	10321	21
8076	10322	21
22780	10323	21
7744	10324	21
29850	10325	21
12648	10326	21
24648	10327	21
318	10328	21
2600	10329	21
12990	10330	21
20925	10331	21
20551	10332	21
24365	10333	21
24326	10334	21
24329	10335	21
8596	10336	21
8598	10337	21
6160	10338	21
23645	10339	21
8451	10340	21
31209	10341	21
7533	10342	21
29620	10343	21
4887	10344	14
7913	10344	7
29590	10345	21
7074	10346	21
5813	10347	21
6040	10348	21
25925	10349	21
7304	10350	21
12847	10351	21
4421	10352	21
13392	10353	21
12883	10354	21
32216	10355	21
7675	10356	21
29663	10357	21
310	10358	21
23454	10359	21
6471	10360	21
11647	10361	21
7086	10362	21
32898	10363	21
7071	10364	21
729	10365	21
12775	10366	21
24805	10367	21
1790	10368	21
3461	10369	21
12437	10370	21
28672	10371	21
13305	10372	21
6050	10373	21
11923	10374	21
11963	10375	21
2456	10376	21
4696	10377	21
7044	10378	21
11060	10379	21
18613	10380	21
27648	10381	21
12571	10382	21
19152	10383	21
9847	10384	21
9851	10385	21
9671	10386	21
9674	10387	21
6056	10388	21
10971	10389	21
7979	10390	21
31188	10391	21
22909	10392	21
23196	10393	21
9737	10394	21
30179	10395	21
19065	10396	21
19079	10397	21
12566	10398	21
19023	10399	21
5089	10400	21
25487	10401	21
13098	10402	21
21060	10403	21
8133	10404	21
8992	10405	21
6146	10406	21
11127	10407	21
7348	10408	21
20874	10409	21
7511	10410	21
29876	10411	21
7470	10412	21
31367	10413	21
24192	10414	21
24199	10415	21
24145	10416	21
30033	10417	21
29472	10418	21
29481	10419	21
14283	10420	21
22820	10421	21
22818	10422	21
27977	10423	21
8784	10424	21
26892	10425	21
1898	10426	21
13847	10427	21
8754	10428	21
32059	10429	21
7106	10430	21
8730	10431	21
7611	10432	21
6448	10433	21
29390	10434	21
31871	10435	21
2163	10436	21
2664	10437	21
10880	10438	21
10885	10439	21
7883	10440	21
7887	10441	21
7787	10442	21
7790	10443	21
7201	10444	21
20715	10445	21
7310	10446	21
26308	10447	21
7137	10448	7
8074	10448	14
25404	10449	21
7738	10450	21
32889	10451	21
7289	10452	21
26253	10453	21
8131	10454	21
25290	10455	21
7634	10456	21
29575	10457	21
5819	10458	21
10574	10459	21
2535	10460	21
654	10461	21
7656	10462	21
31511	10463	21
7969	10464	21
13996	10465	21
3317	10466	21
6251	10467	21
8706	10468	21
9009	10469	21
8995	10470	21
9133	10471	21
15238	10472	21
5684	10473	21
7943	10474	21
31883	10475	21
6230	10476	21
6343	10477	21
2379	10478	21
4554	10479	21
10123	10480	21
18498	10481	21
9524	10482	21
26502	10483	21
10228	10484	21
13325	10485	21
13311	10486	21
28461	10487	21
10195	10488	21
25894	10489	21
5463	10490	21
5488	10491	21
9195	10492	21
15986	10493	21
10901	10494	21
20202	10495	21
6782	10496	21
20067	10497	21
27867	10498	21
27879	10499	21
13273	10500	21
26609	10501	21
1552	10502	21
6455	10503	21
8555	10504	21
23913	10505	21
22031	10506	21
22160	10507	21
14529	10508	21
14531	10509	21
8343	10510	21
26130	10511	21
7070	10512	21
31166	10513	21
17965	10514	21
26972	10515	21
3796	10516	21
6999	10517	21
6957	10518	21
6972	10519	21
6676	10520	21
6690	10521	21
8161	10522	21
30969	10523	21
4823	10524	21
8888	10525	21
8175	10526	21
14360	10527	21
3630	10528	21
3731	10529	21
6066	10530	21
6068	10531	21
20734	10532	21
26417	10533	21
12975	10534	21
12978	10535	21
8366	10536	21
4808	10537	21
7573	10538	18
13979	10538	3
31151	10539	21
11482	10540	21
11516	10541	21
7736	10542	21
10908	10543	21
9929	10544	21
10067	10545	21
7927	10546	21
17863	10547	21
10285	10548	21
28348	10549	21
2150	10550	21
4113	10551	21
15381	10552	21
24169	10553	21
24167	10554	21
30858	10555	21
9340	10556	21
9351	10557	21
15614	10558	21
24511	10559	21
8919	10560	21
29138	10561	21
12665	10562	21
21393	10563	21
8396	10564	21
17998	10565	21
9630	10566	21
16646	10567	21
24724	10568	21
25835	10569	21
1131	10570	21
2214	10571	21
4201	10572	21
7783	10573	21
8865	10574	21
15443	10575	21
12884	10576	21
26751	10577	21
12640	10578	21
879	10579	21
8145	10580	21
18912	10581	21
2441	10582	21
4670	10583	21
8782	10584	21
28315	10585	21
7690	10586	21
8743	10587	21
1592	10588	21
3095	10589	21
3694	10590	21
6883	10591	21
1725	10592	21
3347	10593	21
7588	10594	21
28666	10595	21
9258	10596	21
25243	10597	21
21591	10598	21
21677	10599	21
9513	10600	21
16380	10601	21
8727	10602	21
24826	10603	21
6758	10604	21
12061	10605	21
4534	10606	21
8387	10607	21
8710	10608	21
19497	10609	21
6261	10610	21
31312	10611	21
10594	10612	21
8149	10613	21
14187	10614	21
27095	10615	21
8410	10616	21
9944	10617	21
7637	10618	21
24267	10619	21
7541	10620	21
31412	10621	21
12130	10622	21
12341	10623	21
6834	10624	21
243	10625	21
9516	10626	21
31006	10627	21
8414	10628	21
30609	10629	21
12940	10630	21
24795	10631	21
13344	10632	21
18125	10633	21
10117	10634	21
10869	10635	21
8155	10636	21
32272	10637	21
7750	10638	21
29891	10639	21
10151	10640	21
25441	10641	21
7279	10642	21
19419	10643	21
7710	10644	21
29744	10645	21
3031	10646	21
5734	10647	21
4590	10648	21
7915	10649	21
1261	10650	21
2468	10651	21
15932	10652	21
5220	10653	21
13546	10654	21
21780	10655	21
14755	10656	21
14757	10657	21
2767	10658	21
5272	10659	21
10741	10660	21
18242	10661	21
3836	10662	21
22162	10663	21
7814	10664	21
6559	10665	21
12407	10666	21
5458	10667	21
7923	10668	21
25851	10669	21
8419	10670	21
14761	10671	21
6665	10672	21
11947	10673	21
7709	10674	21
25364	10675	21
26177	10676	21
26180	10677	21
5087	10678	21
20160	10679	21
8605	10680	21
15050	10681	21
9940	10682	21
9947	10683	21
10732	10684	21
10637	10685	21
8773	10686	21
30281	10687	21
2854	10688	21
5424	10689	21
15718	10690	21
32085	10691	21
13518	10692	21
26379	10693	21
19492	10694	21
1855	10695	21
7900	10696	21
16399	10697	21
5616	10698	21
21676	10699	21
8381	10700	21
13548	10701	21
9619	10702	21
25614	10703	21
5915	10704	21
26178	10705	21
8951	10706	21
25424	10707	21
16463	10708	21
25649	10709	21
7364	10710	21
9099	10711	21
13302	10712	21
16186	10713	21
1492	10714	21
190	10715	21
8669	10716	21
15147	10717	21
7587	10718	21
25599	10719	21
11939	10720	21
12600	10721	21
16163	10722	21
16174	10723	21
5457	10724	21
5483	10725	21
8731	10726	21
6324	10727	21
4483	10728	21
23227	10729	21
9597	10730	21
16896	10731	21
7594	10732	21
13367	10733	21
13380	10734	21
13382	10735	21
10536	10736	21
9546	10737	21
9362	10738	21
15196	10739	21
9222	10740	21
16034	10741	21
506	10742	21
1007	10743	21
12554	10744	21
24338	10745	21
5048	10746	21
9298	10747	21
6445	10748	21
26124	10749	21
8950	10750	21
15585	10751	21
31669	10752	21
31735	10753	21
9003	10754	21
15682	10755	21
13957	10756	21
22321	10757	21
7557	10758	21
24340	10759	21
7945	10760	21
19185	10761	21
8578	10762	21
15142	10763	21
7968	10764	21
26962	10765	21
9532	10766	21
32436	10767	21
7674	10768	21
9525	10769	21
3676	10770	21
3698	10771	21
3488	10772	21
19618	10773	21
5278	10774	21
9571	10775	21
9612	10776	21
9614	10777	21
7713	10778	21
29757	10779	21
4096	10780	21
29415	10781	21
21109	10782	21
28918	10783	21
28911	10784	21
28989	10785	21
6030	10786	21
28465	10787	21
8799	10788	21
24103	10789	21
8728	10790	21
19874	10791	21
11169	10792	21
11180	10793	21
2133	10794	21
13289	10795	21
9147	10796	21
27467	10797	21
7821	10798	21
22129	10799	21
7393	10800	21
27381	10801	21
8767	10802	21
25187	10803	21
8005	10804	21
30553	10805	21
8141	10806	21
8813	10807	21
10665	10808	21
18095	10809	21
7784	10810	21
7786	10811	21
5402	10812	21
9882	10813	21
379	10814	21
758	10815	21
16222	10816	21
16234	10817	21
1297	10818	21
15543	10819	21
15569	10820	21
24435	10821	21
20349	10822	21
26095	10823	21
5417	10824	21
5510	10825	21
5088	10826	21
23093	10827	21
13263	10828	21
29548	10829	21
7903	10830	21
32343	10831	21
13533	10832	21
27017	10833	21
12428	10834	21
28662	10835	21
10132	10836	21
28259	10837	21
14441	10838	21
23070	10839	21
5827	10840	21
33003	10841	21
14508	10842	21
14515	10843	21
7331	10844	21
26170	10845	21
7447	10846	21
20163	10847	21
10149	10848	21
11544	10849	21
8777	10850	21
30908	10851	21
10130	10852	21
28429	10853	21
6088	10854	21
11028	10855	21
7209	10856	21
29269	10857	21
8867	10858	21
12505	10859	21
8038	10860	21
32253	10861	21
7206	10862	21
29811	10863	21
12667	10864	21
27814	10865	21
7355	10866	21
31595	10867	21
10114	10868	21
12638	10869	21
22373	10870	21
30157	10871	21
9390	10872	21
32250	10873	21
31717	10874	21
31725	10875	21
10179	10876	21
11487	10877	21
7714	10878	21
10556	10879	21
10557	10880	21
28565	10881	21
6395	10882	21
30068	10883	21
8726	10884	21
29898	10885	21
8711	10886	21
10855	10887	21
21588	10888	21
29524	10889	21
7798	10890	21
30054	10891	21
24786	10892	21
6087	10893	21
7216	10894	21
29867	10895	21
9179	10896	21
31939	10897	21
5713	10898	21
31753	10899	21
7313	10900	21
7315	10901	21
10748	10902	21
18254	10903	21
10199	10904	21
19948	10905	21
10167	10906	21
7769	10907	21
6240	10908	21
11281	10909	21
7848	10910	21
7872	10911	21
13189	10912	21
7663	10913	21
8241	10914	21
12725	10915	21
7564	10916	21
32358	10917	21
9020	10918	21
27559	10919	21
8789	10920	21
31827	10921	21
11036	10922	21
22223	10923	21
1179	10924	21
22296	10925	21
7448	10926	21
30738	10927	21
8466	10928	21
8350	10929	21
16827	10930	21
10894	10931	21
18027	10932	21
18029	10933	21
8395	10934	21
31118	10935	21
7962	10936	21
25330	10937	21
14174	10938	21
26112	10939	21
16131	10940	21
16133	10941	21
16015	10942	21
32544	10943	21
7223	10944	21
23406	10945	21
8388	10946	21
2574	10947	21
8606	10948	7
8827	10948	14
18469	10949	21
5702	10950	21
10365	10951	21
5236	10952	21
9613	10953	21
4981	10954	21
26445	10955	21
8806	10956	21
15336	10957	21
6481	10958	21
6843	10959	21
3873	10960	21
19215	10961	21
13083	10962	21
19168	10963	21
10135	10964	21
18318	10965	21
12804	10966	21
29527	10967	21
7595	10968	21
9517	10969	21
9520	10970	21
12867	10971	21
8345	10972	21
23747	10973	21
17481	10974	21
26369	10975	21
12721	10976	21
14463	10977	21
5873	10978	21
10670	10979	21
7704	10980	21
19446	10981	21
3265	10982	21
6163	10983	21
4957	10984	21
4964	10985	21
15664	10986	21
24585	10987	21
10165	10988	21
2367	10989	21
29466	10990	21
29468	10991	21
13373	10992	21
9182	10993	21
11184	10994	21
18882	10995	21
16467	10996	21
17021	10997	21
21430	10998	21
29335	10999	21
8779	11000	21
15287	11001	21
10116	11002	21
26265	11003	21
10216	11004	21
23663	11005	21
3959	11006	21
28351	11007	21
7579	11008	21
28278	11009	21
5548	11010	21
5552	11011	21
5163	11012	21
5166	11013	21
10428	11014	21
25543	11015	21
10246	11016	21
11632	11017	21
9569	11018	21
16544	11019	21
15263	11020	21
20027	11021	21
11606	11022	21
19406	11023	21
8229	11024	21
10945	11025	21
12958	11026	21
20879	11027	21
8348	11028	21
27077	11029	21
14167	11030	21
14170	11031	21
22513	11032	21
30304	11033	21
13173	11034	21
30076	11035	21
6941	11036	21
6993	11037	21
3747	11038	21
3757	11039	21
8496	11040	21
14889	11041	21
10690	11042	21
11392	11043	21
8534	11044	21
8545	11045	21
9217	11046	21
25074	11047	21
21131	11048	21
28955	11049	21
28953	11050	21
29407	11051	21
9065	11052	21
31964	11053	21
8893	11054	21
31581	11055	21
13298	11056	21
20250	11057	21
17913	11058	21
19911	11059	21
5094	11060	21
16408	11061	21
13310	11062	21
15055	11063	21
7712	11064	21
29919	11065	21
8349	11066	21
29678	11067	21
8137	11068	21
10134	11069	21
9163	11070	21
25220	11071	21
10579	11072	21
31397	11073	21
10310	11074	21
11189	11075	21
6239	11076	14
7478	11076	7
23683	11077	21
14533	11078	21
23194	11079	21
7343	11080	21
17490	11081	21
14632	11082	21
12573	11083	21
8563	11084	21
28145	11085	21
7122	11086	21
17237	11087	21
10895	11088	21
16956	11089	21
2795	11090	21
5322	11091	21
5729	11092	21
32466	11093	21
7332	11094	21
31378	11095	21
8828	11096	21
8890	11097	21
1728	11098	21
3352	11099	21
1437	11100	21
2807	11101	21
12737	11102	21
26599	11103	21
7895	11104	21
31309	11105	21
10433	11106	21
29433	11107	21
5103	11108	21
9389	11109	21
4921	11110	21
15798	11111	21
7980	11112	21
23514	11113	21
12490	11114	21
27531	11115	21
12409	11116	21
32886	11117	21
7708	11118	21
32767	11119	21
7604	11120	21
30161	11121	21
30137	11122	21
31914	11123	21
2034	11124	21
12609	11125	21
470	11126	21
19894	11127	21
10193	11128	21
19858	11129	21
8814	11130	21
19853	11131	21
7899	11132	21
8994	11133	21
7327	11134	21
26434	11135	21
12543	11136	21
18304	11137	21
16284	11138	21
30363	11139	21
8430	11140	21
14779	11141	21
7438	11142	21
13589	11143	21
13514	11144	21
25488	11145	21
7478	11146	14
7479	11146	7
32125	11147	21
12417	11148	21
31491	11149	21
8861	11150	21
5858	11151	21
9574	11152	21
9936	11153	21
9683	11154	21
9708	11155	21
9623	11156	21
17957	11157	21
8372	11158	21
30598	11159	21
14769	11160	21
27543	11161	21
27516	11162	21
29295	11163	21
6797	11164	21
22297	11165	21
13910	11166	21
26224	11167	21
23532	11168	21
23545	11169	21
12723	11170	21
23413	11171	21
10318	11172	21
9654	11173	21
13312	11174	21
13199	11175	21
8222	11176	21
31788	11177	21
4633	11178	21
8561	11179	21
17880	11180	21
17894	11181	21
17828	11182	21
17838	11183	21
3093	11184	21
5850	11185	21
31660	11186	21
32414	11187	21
8933	11188	21
13158	11189	21
8817	11190	21
31987	11191	21
10587	11192	21
28604	11193	21
8961	11194	21
19109	11195	21
8194	11196	21
14394	11197	21
18123	11198	21
10893	11199	21
4186	11200	21
18339	11201	21
13519	11202	21
21918	11203	21
15466	11204	21
24302	11205	21
12676	11206	21
10580	11207	21
7620	11208	21
28831	11209	21
10936	11210	21
11298	11211	21
9536	11212	21
23256	11213	21
10192	11214	21
28102	11215	21
28095	11216	21
28098	11217	21
8340	11218	21
23728	11219	21
6322	11220	21
11439	11221	21
5430	11222	21
5524	11223	21
13135	11224	21
29771	11225	21
13502	11226	21
32622	11227	21
10131	11228	21
25929	11229	21
10268	11230	21
11651	11231	21
22346	11232	21
30118	11233	21
7621	11234	21
11973	11235	21
11903	11236	21
11913	11237	21
23	11238	21
17216	11239	21
7901	11240	21
16935	11241	21
21086	11242	21
28539	11243	21
28517	11244	21
28529	11245	21
7382	11246	21
28305	11247	21
12728	11248	21
14913	11249	21
10371	11250	14
11502	11250	7
11514	11251	21
19300	11252	21
19307	11253	21
17495	11254	21
26391	11255	21
9629	11256	21
16642	11257	21
23631	11258	21
31276	11259	21
8083	11260	21
8317	11261	21
7854	11262	21
29086	11263	21
7829	11264	21
30277	11265	21
13437	11266	21
32458	11267	21
9053	11268	21
31958	11269	21
14983	11270	21
15043	11271	21
8426	11272	21
30202	11273	21
10431	11274	21
32512	11275	21
9050	11276	21
11704	11277	21
8967	11278	21
32042	11279	21
12521	11280	21
20015	11281	21
13918	11282	21
19014	11283	21
10425	11284	21
31379	11285	21
7395	11286	21
10494	11287	21
8012	11288	21
31553	11289	21
9563	11290	21
16575	11291	21
10525	11292	21
17204	11293	21
6763	11294	21
6924	11295	21
7088	11296	21
23178	11297	21
14338	11298	21
22915	11299	21
29509	11300	21
29519	11301	21
15012	11302	21
29418	11303	21
6425	11304	21
11489	11305	21
9636	11306	21
20104	11307	21
8932	11308	21
22656	11309	21
7746	11310	21
17813	11311	21
10328	11312	21
11742	11313	21
2344	11314	21
4489	11315	21
13809	11316	21
24149	11317	21
6955	11318	21
6971	11319	21
6939	11320	21
6950	11321	21
12704	11322	21
20451	11323	21
20450	11324	21
22798	11325	21
22652	11326	21
22655	11327	21
11589	11328	21
11937	11329	21
21184	11330	21
29034	11331	21
6479	11332	21
29964	11333	21
6244	11334	21
6341	11335	21
4136	11336	21
7661	11337	21
8006	11338	21
16806	11339	21
22867	11340	21
22869	11341	21
8077	11342	21
14192	11343	21
20730	11344	21
26335	11345	21
12309	11346	21
12384	11347	21
5056	11348	21
5058	11349	21
2084	11350	21
28140	11351	21
27277	11352	21
27289	11353	21
7322	11354	21
26464	11355	21
7849	11356	21
22144	11357	21
9565	11358	21
22051	11359	21
9061	11360	21
24852	11361	21
8157	11362	21
11212	11363	21
20457	11364	21
31705	11365	21
10763	11366	21
10854	11367	21
8207	11368	21
14419	11369	21
9533	11370	21
20258	11371	21
188	11372	21
17290	11373	21
6954	11374	21
6970	11375	21
6677	11376	21
6688	11377	21
9011	11378	21
15696	11379	21
2455	11380	21
4694	11381	21
14527	11382	21
14551	11383	21
9385	11384	21
9477	11385	21
9173	11386	21
17033	11387	21
6255	11388	21
11306	11389	21
7078	11390	21
29723	11391	21
22448	11392	21
22451	11393	21
26831	11394	21
26843	11395	21
13692	11396	21
13702	11397	21
5443	11398	21
9957	11399	21
6101	11400	21
27781	11401	21
22264	11402	21
27792	11403	21
7352	11404	21
27729	11405	21
8028	11406	21
27036	11407	21
8053	11408	21
22661	11409	21
25595	11410	21
29805	11411	21
17859	11412	21
12910	11413	21
9084	11414	21
22604	11415	21
8769	11416	21
32074	11417	21
1075	11418	21
2102	11419	21
7482	11420	21
32811	11421	21
6153	11422	21
14364	11423	21
12887	11424	21
29739	11425	21
13085	11426	21
19966	11427	21
10827	11428	21
18424	11429	21
10164	11430	21
17884	11431	21
30341	11432	21
14230	11433	21
12439	11434	21
14159	11435	21
6599	11436	21
11861	11437	21
16173	11438	21
25249	11439	21
15757	11440	21
24709	11441	21
8351	11442	21
23917	11443	21
12400	11444	21
23246	11445	21
7563	11446	21
30995	11447	21
9910	11448	21
10060	11449	21
11602	11450	21
19425	11451	21
14025	11452	21
22440	11453	21
10207	11454	21
11547	11455	21
3175	11456	21
3182	11457	21
1388	11458	21
2714	11459	21
7496	11460	21
28864	11461	21
7295	11462	21
26026	11463	21
8009	11464	21
26010	11465	21
3141	11466	21
5939	11467	21
7988	11468	21
14032	11469	21
21373	11470	21
21380	11471	21
5375	11472	21
9844	11473	21
5738	11474	21
24734	11475	21
8037	11476	21
30565	11477	21
22741	11478	21
8403	11479	21
7320	11480	21
18688	11481	21
8021	11482	21
33048	11483	21
2744	11484	21
5227	11485	21
8695	11486	21
8699	11487	21
1959	11488	21
1962	11489	21
2351	11490	21
4502	11491	21
7695	11492	21
13539	11493	21
8144	11494	21
14302	11495	21
13077	11496	21
2082	11497	21
7349	11498	21
27920	11499	21
12710	11500	21
23043	11501	21
7590	11502	21
29431	11503	21
12497	11504	21
15442	11505	21
7806	11506	21
24381	11507	21
7948	11508	21
8952	11509	21
5151	11510	21
5176	11511	21
5862	11512	21
9781	11513	21
7061	11514	21
14286	11515	21
8744	11516	21
11111	11517	21
29455	11518	21
9261	11519	21
12983	11520	21
27823	11521	21
7167	11522	21
5676	11523	21
15821	11524	21
15824	11525	21
3058	11526	21
5785	11527	21
8581	11528	21
8675	11529	21
21722	11530	21
29851	11531	21
11089	11532	21
26015	11533	21
6615	11534	21
6712	11535	21
5008	11536	21
9223	11537	21
10311	11538	21
24455	11539	21
7964	11540	21
14270	11541	21
16065	11542	21
25110	11543	21
8112	11544	21
14252	11545	21
6626	11546	21
10590	11547	21
11826	11548	21
32936	11549	21
5324	11550	21
9762	11551	21
8184	11552	21
32907	11553	21
14836	11554	21
14900	11555	21
9838	11556	21
9849	11557	21
9000	11558	21
15676	11559	21
12416	11560	21
9171	11561	21
7917	11562	21
10914	11563	21
10206	11564	21
30466	11565	21
8829	11566	21
32234	11567	21
14090	11568	21
8468	11569	21
8755	11570	21
29819	11571	21
8458	11572	21
31308	11573	21
10940	11574	21
29629	11575	21
8008	11576	21
27278	11577	21
9150	11578	21
27148	11579	21
12604	11580	21
19943	11581	21
19764	11582	21
19768	11583	21
10959	11584	21
19753	11585	21
15495	11586	21
15497	11587	21
8011	11588	21
28882	11589	21
12611	11590	21
20290	11591	21
19051	11592	21
19218	11593	21
19204	11594	21
19162	11595	21
12077	11596	21
989	11597	21
8373	11598	21
19002	11599	21
8125	11600	21
23358	11601	21
14280	11602	21
21832	11603	21
24026	11604	21
26456	11605	21
12636	11606	21
33055	11607	21
8959	11608	21
27579	11609	21
15447	11610	21
15454	11611	21
10569	11612	21
17975	11613	21
8441	11614	21
8448	11615	21
15675	11616	21
24605	11617	21
16581	11618	21
20432	11619	21
1432	11620	21
21635	11621	21
5750	11622	21
10452	11623	21
10309	11624	21
30283	11625	21
21241	11626	21
29109	11627	21
8090	11628	21
30390	11629	21
484	11630	21
6821	11631	21
8046	11632	21
8969	11633	21
18624	11634	21
27664	11635	21
12649	11636	21
25951	11637	21
7455	11638	21
27324	11639	21
7437	11640	21
20208	11641	21
10139	11642	21
26000	11643	21
10529	11644	21
14627	11645	21
12982	11646	21
26244	11647	21
17456	11648	21
17458	11649	21
8718	11650	21
25868	11651	21
10758	11652	21
10821	11653	21
4125	11654	21
7640	11655	21
9057	11656	21
14694	11657	21
7207	11658	21
28992	11659	21
5357	11660	21
9839	11661	21
8931	11662	21
18552	11663	21
10374	11664	21
19582	11665	21
26013	11666	21
30736	11667	21
15698	11668	21
28273	11669	21
13105	11670	21
30071	11671	21
7946	11672	21
29595	11673	21
9203	11674	21
10068	11675	21
30140	11676	21
30142	11677	21
22932	11678	21
22956	11679	21
5671	11680	21
5673	11681	21
10208	11682	21
8158	11683	21
13594	11684	21
21859	11685	21
21133	11686	21
467	11687	21
11525	11688	21
19587	11689	21
14677	11690	21
4630	11691	21
8738	11692	21
31979	11693	21
5408	11694	21
9890	11695	21
10890	11696	21
28598	11697	21
9578	11698	21
32260	11699	21
9534	11700	21
16571	11701	21
10189	11702	21
10191	11703	21
16295	11704	21
25390	11705	21
6268	11706	21
28087	11707	21
16756	11708	21
16770	11709	21
12495	11710	21
16751	11711	21
1051	11712	21
11275	11713	21
9170	11714	21
15489	11715	21
179	11716	21
359	11717	21
3173	11718	21
10867	11719	21
14298	11720	21
22848	11721	21
10141	11722	21
8603	11723	21
7545	11724	21
2132	11725	21
7742	11726	21
30881	11727	21
6166	11728	21
11161	11729	21
9573	11730	21
16552	11731	21
3369	11732	21
3394	11733	21
10239	11734	21
17827	11735	21
8742	11736	21
20126	11737	21
8714	11738	21
12255	11739	21
5927	11740	21
30211	11741	21
5054	11742	21
9307	11743	21
9146	11744	21
25288	11745	21
8199	11746	21
30531	11747	21
9274	11748	21
25221	11749	21
6294	11750	21
6302	11751	21
12838	11752	21
12840	11753	21
22034	11754	21
29950	11755	21
19631	11756	21
19686	11757	21
10832	11758	21
10872	11759	21
8823	11760	21
31551	11761	21
10952	11762	21
32583	11763	21
12652	11764	21
27428	11765	21
14920	11766	21
14923	11767	21
14246	11768	21
14249	11769	21
24160	11770	21
30581	11771	21
9178	11772	21
30571	11773	21
3339	11774	21
6290	11775	21
7222	11776	21
23600	11777	21
12415	11778	21
24719	11779	21
22945	11780	21
22947	11781	21
9207	11782	21
16006	11783	21
17684	11784	21
19594	11785	21
1596	11786	21
27186	11787	21
94	11788	21
11546	11789	21
7446	11790	21
29624	11791	21
13856	11792	21
27291	11793	21
15475	11794	21
24318	11795	21
6498	11796	21
6856	11797	21
14001	11798	21
22400	11799	21
7606	11800	21
13389	11801	21
12402	11802	21
12447	11803	21
7508	11804	21
13209	11805	21
23906	11806	21
26745	11807	21
13530	11808	21
31304	11809	21
7680	11810	21
30599	11811	21
12972	11812	21
12974	11813	21
3734	11814	21
6942	11815	21
11610	11816	21
15358	11817	21
14084	11818	21
22530	11819	21
13304	11820	21
28058	11821	21
12431	11822	21
27383	11823	21
2648	11824	21
5057	11825	21
11494	11826	21
10341	11827	21
12896	11828	21
17865	11829	21
11857	11830	21
19746	11831	21
5818	11832	21
10570	11833	21
6502	11834	21
28047	11835	21
28041	11836	21
28172	11837	21
15558	11838	21
23850	11839	21
1870	11840	21
1877	11841	21
8052	11842	21
23520	11843	21
12444	11844	21
28038	11845	21
17758	11846	21
26736	11847	21
22814	11848	21
23736	11849	21
27193	11850	21
10678	11851	21
10240	11852	21
26269	11853	21
12668	11854	21
25233	11855	21
4935	11856	21
9096	11857	21
5798	11858	21
20036	11859	21
18517	11860	21
27526	11861	21
7559	11862	21
17185	11863	21
10157	11864	21
14777	11865	21
12909	11866	21
27475	11867	21
20252	11868	21
20327	11869	21
17227	11870	21
17289	11871	21
15135	11872	21
15139	11873	21
3671	11874	21
3674	11875	21
13253	11876	21
21333	11877	21
12799	11878	21
20619	11879	21
20562	11880	21
24572	11881	21
24555	11882	21
24558	11883	21
20576	11884	21
24818	11885	21
24811	11886	21
8462	11887	21
10161	11888	21
13696	11889	21
22550	11890	21
30360	11891	21
6426	11892	21
28490	11893	21
7464	11894	21
28318	11895	21
2569	11896	21
4907	11897	21
10426	11898	21
18483	11899	21
9162	11900	21
16271	11901	21
12786	11902	21
31819	11903	21
12565	11904	21
30348	11905	21
8478	11906	21
14857	11907	21
8070	11908	21
28855	11909	21
6022	11910	21
24490	11911	21
12995	11912	21
20991	11913	21
12653	11914	21
27863	11915	21
14094	11916	21
32609	11917	21
9553	11918	21
9918	11919	21
13424	11920	21
21618	11921	21
7892	11922	21
11418	11923	21
24946	11924	21
31616	11925	21
2596	11926	21
4958	11927	21
12461	11928	21
24097	11929	21
10254	11930	21
25707	11931	21
9540	11932	21
25691	11933	21
9026	11934	21
15721	11935	21
7152	11936	21
12564	11937	21
12442	11938	21
14616	11939	21
604	11940	21
14596	11941	21
2865	11942	21
14581	11943	21
5741	11944	21
26723	11945	21
10563	11946	21
31386	11947	21
29826	11948	21
29918	11949	21
15302	11950	21
24047	11951	21
24046	11952	21
12918	11953	21
12683	11954	21
22084	11955	21
6452	11956	21
11697	11957	21
8960	11958	21
32049	11959	21
8948	11960	21
15913	11961	21
15656	11962	21
9718	11963	21
18472	11964	21
19005	11965	21
9262	11966	21
15413	11967	21
9512	11968	21
18960	11969	21
13078	11970	21
16923	11971	21
16258	11972	21
25331	11973	21
6756	11974	21
6927	11975	21
22367	11976	21
30148	11977	21
29293	11978	21
29303	11979	21
13131	11980	21
29266	11981	21
12476	11982	21
7959	11983	21
18996	11984	21
18998	11985	21
7837	11986	21
7844	11987	21
6861	11988	21
6863	11989	21
8843	11990	21
13313	11991	21
3206	11992	21
6053	11993	21
13863	11994	21
16663	11995	21
17566	11996	21
26334	11997	21
6759	11998	21
23963	11999	21
20418	12000	21
22196	12001	21
3739	12002	21
3742	12003	21
8452	12004	21
16311	12005	21
8041	12006	21
4902	12007	21
4985	12008	21
22916	12009	21
9313	12010	21
9236	12011	21
9287	12012	21
32178	12013	21
13144	12014	21
24962	12015	21
12979	12016	21
20958	12017	21
20590	12018	21
25003	12019	21
24996	12020	21
24999	12021	21
7546	12022	21
13280	12023	21
3198	12024	21
6037	12025	21
13040	12026	21
21008	12027	21
20657	12028	21
25855	12029	21
7696	12030	21
25841	12031	21
10147	12032	21
32927	12033	21
8947	12034	21
32455	12035	21
8831	12036	21
30857	12037	21
17429	12038	21
25293	12039	21
9383	12040	21
25277	12041	21
7722	12042	21
32758	12043	21
9062	12044	21
32546	12045	21
13314	12046	21
21425	12047	21
12714	12048	21
24529	12049	21
10162	12050	21
26601	12051	21
17648	12052	21
7691	12053	21
6767	12054	21
12084	12055	21
12507	12056	21
17095	12057	21
8056	12058	21
30369	12059	21
5100	12060	21
21531	12061	21
9724	12062	21
9821	12063	21
10583	12064	21
26247	12065	21
23587	12066	21
23704	12067	21
7689	12068	21
6703	12069	21
13383	12070	21
24296	12071	21
15215	12072	21
32132	12073	21
7087	12074	21
14457	12075	21
12443	12076	21
23875	12077	21
1358	12078	21
2657	12079	21
13413	12080	21
21585	12081	21
21212	12082	21
28902	12083	21
28687	12084	21
28727	12085	21
7922	12086	21
25533	12087	21
24853	12088	21
24866	12089	21
12770	12090	21
24651	12091	21
8847	12092	21
16707	12093	21
12424	12094	21
2546	12095	21
13148	12096	21
21152	12097	21
22363	12098	21
30141	12099	21
8897	12100	21
31590	12101	21
7963	12102	21
32214	12103	21
29618	12104	21
29645	12105	21
13132	12106	21
29292	12107	21
9151	12108	21
15212	12109	21
13416	12110	21
27242	12111	21
936	12112	21
1846	12113	21
20207	12114	21
20220	12115	21
16906	12116	21
16910	12117	21
16839	12118	21
16842	12119	21
11669	12120	21
9528	12121	21
526	12122	21
20321	12123	21
7908	12124	21
19972	12125	21
18374	12126	21
18430	12127	21
8259	12128	21
18219	12129	21
22092	12130	21
14982	12131	21
12451	12132	21
31414	12133	21
15382	12134	21
31010	12135	21
10137	12136	21
30713	12137	21
13617	12138	21
25419	12139	21
11534	12140	21
12066	12141	21
10326	12142	21
10344	12143	21
13142	12144	21
30539	12145	21
759	12146	21
5543	12147	21
12941	12148	21
14541	12149	21
10196	12150	21
28101	12151	21
16807	12152	21
16949	12153	21
922	12154	21
1819	12155	21
11420	12156	21
11471	12157	21
10223	12158	21
11219	12159	21
10090	12160	21
10110	12161	21
3360	12162	21
9870	12163	21
1327	12164	21
1074	12165	21
17375	12166	21
4048	12167	21
15564	12168	21
27427	12169	21
7912	12170	21
27111	12171	21
10173	12172	21
12841	12173	21
8753	12174	21
26295	12175	21
25908	12176	21
25910	12177	21
17981	12178	21
17983	12179	21
5820	12180	21
21224	12181	21
14320	12182	21
18812	12183	21
10560	12184	21
17959	12185	21
443	12186	21
885	12187	21
3470	12188	21
6511	12189	21
1947	12190	21
1972	12191	21
20400	12192	21
31646	12193	21
21004	12194	21
21036	12195	21
9047	12196	21
16745	12197	21
23115	12198	21
30896	12199	21
22684	12200	21
31695	12201	21
4923	12202	21
9074	12203	21
10764	12204	21
18280	12205	21
4658	12206	21
23843	12207	21
3270	12208	21
14445	12209	21
21473	12210	21
29397	12211	21
29352	12212	21
31658	12213	21
7581	12214	21
27963	12215	21
30353	12216	21
32806	12217	21
12706	12218	21
32847	12219	21
9392	12220	21
9483	12221	21
12881	12222	21
15941	12223	21
9168	12224	21
15937	12225	21
14785	12226	21
14792	12227	21
7697	12228	21
29693	12229	21
4174	12230	21
7733	12231	21
7347	12232	21
24374	12233	21
7128	12234	21
12518	12235	21
12456	12236	21
15159	12237	21
14362	12238	21
15044	12239	21
3516	12240	21
3519	12241	21
14558	12242	21
24218	12243	21
7896	12244	21
13538	12245	21
17210	12246	21
17283	12247	21
15114	12248	21
15172	12249	21
14917	12250	21
14952	12251	21
17695	12252	21
26666	12253	21
16072	12254	21
16083	12255	21
13476	12256	21
13484	12257	21
14233	12258	21
14257	12259	21
7748	12260	21
13637	12261	21
17387	12262	21
18716	12263	21
8380	12264	21
29560	12265	21
17845	12266	21
31529	12267	21
10369	12268	21
11747	12269	21
5890	12270	21
27256	12271	21
21092	12272	21
28829	12273	21
25873	12274	21
25886	12275	21
10871	12276	21
10884	12277	21
10856	12278	21
10859	12279	21
9519	12280	21
15115	12281	21
13137	12282	21
2142	12283	21
13978	12284	21
31860	12285	21
7238	12286	21
31754	12287	21
16957	12288	21
16969	12289	21
6305	12290	21
11386	12291	21
16474	12292	21
16476	12293	21
3566	12294	21
3575	12295	21
1474	12296	21
13010	12297	21
12666	12298	21
12528	12299	21
14348	12300	21
27027	12301	21
28053	12302	21
28176	12303	21
7774	12304	21
13681	12305	21
2900	12306	21
5526	12307	21
6402	12308	21
11565	12309	21
3372	12310	21
3374	12311	21
8875	12312	21
32833	12313	21
6656	12314	21
8824	12315	21
29827	12316	21
31539	12317	21
13316	12318	21
8886	12319	21
10555	12320	21
8200	12321	21
10568	12322	21
17973	12323	21
10133	12324	21
28421	12325	21
10429	12326	21
26211	12327	21
13327	12328	21
5723	12329	21
9622	12330	21
33103	12331	21
14738	12332	21
15066	12333	21
8653	12334	21
15119	12335	21
12785	12336	21
15603	12337	21
9091	12338	21
15827	12339	21
27045	12340	21
19792	12341	21
10907	12342	21
19119	12343	21
2212	12344	21
4234	12345	21
13930	12346	21
22286	12347	21
18936	12348	21
18954	12349	21
8993	12350	21
18932	12351	21
18813	12352	21
18823	12353	21
11502	12354	14
24073	12354	7
28198	12355	21
12806	12356	21
20631	12357	21
8734	12358	21
25236	12359	21
25219	12360	21
25222	12361	21
8171	12362	21
22960	12363	21
10115	12364	21
26994	12365	21
5068	12366	21
9330	12367	21
1844	12368	21
3562	12369	21
13774	12370	21
30031	12371	21
21339	12372	21
29243	12373	21
8044	12374	21
31252	12375	21
2686	12376	21
5126	12377	21
14309	12378	21
22868	12379	21
12435	12380	21
30433	12381	21
12429	12382	21
26963	12383	21
13873	12384	21
109	12385	21
18695	12386	21
18732	12387	21
12520	12388	21
13585	12389	21
15193	12390	21
16758	12391	21
8607	12392	21
15054	12393	21
7706	12394	21
7823	12395	21
10198	12396	21
10264	12397	21
12981	12398	21
23160	12399	21
10210	12400	21
22239	12401	21
9541	12402	21
12501	12403	21
8020	12404	21
33011	12405	21
12591	12406	21
17528	12407	21
7401	12408	21
28698	12409	21
26613	12410	21
28661	12411	21
12436	12412	21
18822	12413	21
8963	12414	21
15914	12415	21
8791	12416	21
9603	12417	21
1353	12418	21
9192	12419	21
9278	12420	21
32157	12421	21
12401	12422	21
18675	12423	21
10578	12424	21
26976	12425	21
8136	12426	21
14287	12427	21
15594	12428	21
32823	12429	21
4213	12430	21
20759	12431	21
13196	12432	21
31570	12433	21
12524	12434	21
15327	12435	21
25084	12436	21
9246	12437	21
1940	12438	21
3724	12439	21
1361	12440	21
2663	12441	21
27488	12442	21
27495	12443	21
22269	12444	21
28025	12445	21
12675	12446	21
29328	12447	21
12682	12448	21
22166	12449	21
20490	12450	21
23495	12451	21
5893	12452	21
23491	12453	21
10226	12454	21
18161	12455	21
12651	12456	21
3994	12457	21
10523	12458	21
31606	12459	21
13860	12460	21
19684	12461	21
15217	12462	21
15294	12463	21
5320	12464	21
9755	12465	21
7427	12466	21
7429	12467	21
7480	12468	21
8860	12469	21
12911	12470	21
15791	12471	21
29793	12472	21
32324	12473	21
10581	12474	21
32776	12475	21
10762	12476	21
32749	12477	21
10324	12478	21
30836	12479	21
12551	12480	21
21651	12481	21
5006	12482	21
6141	12483	21
13074	12484	21
29526	12485	21
10260	12486	21
20963	12487	21
13759	12488	21
31531	12489	21
7535	12490	21
29251	12491	21
10376	12492	21
31046	12493	21
10122	12494	21
29275	12495	21
9653	12496	21
809	12497	21
12078	12498	21
20182	12499	21
10272	12500	21
10258	12501	21
8169	12502	21
10227	12503	21
8433	12504	21
14786	12505	21
8877	12506	21
24384	12507	21
10386	12508	21
16860	12509	21
16534	12510	21
32219	12511	21
13147	12512	21
21150	12513	21
8815	12514	21
8770	12515	21
10435	12516	21
11775	12517	21
12875	12518	21
26413	12519	21
8427	12520	21
14781	12521	21
28553	12522	21
28707	12523	21
13076	12524	21
28523	12525	21
7935	12526	21
28301	12527	21
3629	12528	21
3728	12529	21
7468	12530	21
29262	12531	21
10671	12532	21
10527	12533	21
10524	12534	21
18978	12535	21
7225	12536	21
27624	12537	21
9221	12538	21
16032	12539	21
10905	12540	21
13899	12541	21
13136	12542	21
13317	12543	21
8045	12544	21
14134	12545	21
29223	12546	21
29288	12547	21
13097	12548	21
7754	12549	21
15626	12550	21
24531	12551	21
14049	12552	21
14056	12553	21
17410	12554	21
27190	12555	21
10222	12556	21
13697	12557	21
31357	12558	21
32986	12559	21
10256	12560	21
25982	12561	21
24562	12562	21
24571	12563	21
14077	12564	21
22517	12565	21
8371	12566	21
14674	12567	21
1409	12568	21
2752	12569	21
22816	12570	21
27479	12571	21
22146	12572	21
22194	12573	21
21973	12574	21
22006	12575	21
10128	12576	21
12365	12577	21
11955	12578	21
11971	12579	21
9288	12580	21
9350	12581	21
14334	12582	21
8470	12583	21
9264	12584	21
5928	12585	21
12759	12586	21
32128	12587	21
10456	12588	21
11790	12589	21
12792	12590	21
25275	12591	21
3513	12592	21
6587	12593	21
7861	12594	21
13827	12595	21
6282	12596	21
11340	12597	21
4946	12598	21
9114	12599	21
13967	12600	21
23451	12601	21
10385	12602	21
7625	12603	21
9208	12604	21
13256	12605	21
14749	12606	21
15074	12607	21
7197	12608	21
20238	12609	21
12024	12610	21
12028	12611	21
9429	12612	21
9432	12613	21
12445	12614	21
13297	12615	21
8024	12616	21
22736	12617	21
9463	12618	21
16402	12619	21
23995	12620	21
25645	12621	21
10390	12622	21
17699	12623	21
9102	12624	21
9132	12625	21
2401	12626	21
4597	12627	21
9076	12628	21
27053	12629	21
9273	12630	21
30244	12631	21
17427	12632	21
27214	12633	21
10903	12634	21
2036	12635	21
13872	12636	21
18938	12637	21
7796	12638	21
17882	12639	21
22318	12640	21
27527	12641	21
17315	12642	21
27607	12643	21
29159	12644	21
31990	12645	21
9260	12646	21
27720	12647	21
10899	12648	21
8356	12649	21
14815	12650	21
23551	12651	21
9586	12652	21
16577	12653	21
20813	12654	21
20815	12655	21
20811	12656	21
27460	12657	21
27316	12658	21
27319	12659	21
1906	12660	21
3669	12661	21
24165	12662	21
30775	12663	21
13506	12664	21
25746	12665	21
14020	12666	21
31222	12667	21
11124	12668	21
11215	12669	21
22455	12670	21
22479	12671	21
28756	12672	21
28894	12673	21
16682	12674	21
28178	12675	21
7341	12676	21
27419	12677	21
14842	12678	21
27400	12679	21
751	12680	21
10038	12681	21
8582	12682	21
8674	12683	21
4470	12684	21
8277	12685	21
12110	12686	21
20284	12687	21
13504	12688	21
17260	12689	21
15058	12690	21
15095	12691	21
13869	12692	21
27127	12693	21
8558	12694	21
23921	12695	21
23574	12696	21
18282	12697	21
5895	12698	21
10708	12699	21
22206	12700	21
30604	12701	21
8244	12702	21
12700	12703	21
11591	12704	21
11601	12705	21
6199	12706	21
5319	12707	21
8153	12708	21
8968	12709	21
7187	12710	21
12629	12711	21
12614	12712	21
20133	12713	21
16710	12714	21
16714	12715	21
16528	12716	21
16531	12717	21
1493	12718	21
2909	12719	21
14109	12720	21
25775	12721	21
12637	12722	21
10183	12723	21
10120	12724	21
19103	12725	21
16782	12726	21
14634	12727	21
3475	12728	21
12732	12729	21
8964	12730	21
32036	12731	21
32035	12732	21
33027	12733	21
4567	12734	21
4569	12735	21
12561	12736	21
27956	12737	21
27672	12738	21
22728	12739	21
12408	12740	21
28954	12741	21
13610	12742	21
12567	12743	21
1941	12744	21
20274	12745	21
12506	12746	21
17250	12747	21
13079	12748	21
17226	12749	21
10218	12750	21
23941	12751	21
6854	12752	21
6896	12753	21
22430	12754	21
30228	12755	21
12459	12756	21
27881	12757	21
8358	12758	21
9157	12759	21
14266	12760	21
32188	12761	21
13923	12762	21
27909	12763	21
3719	12764	21
6918	12765	21
8437	12766	21
8439	12767	21
13296	12768	21
25629	12769	21
26665	12770	21
28471	12771	21
8750	12772	21
19412	12773	21
9771	12774	21
25996	12775	21
17413	12776	21
31572	12777	21
12752	12778	21
25001	12779	21
13931	12780	21
26919	12781	21
5880	12782	21
10683	12783	21
15596	12784	21
16816	12785	21
13306	12786	21
21410	12787	21
21408	12788	21
28724	12789	21
12917	12790	21
27482	12791	21
12890	12792	21
26895	12793	21
13009	12794	21
13832	12795	21
11520	12796	21
11641	12797	21
11521	12798	21
19776	12799	21
7815	12800	21
13748	12801	21
14279	12802	21
22813	12803	21
39	12804	21
23961	12805	21
8758	12806	21
23724	12807	21
10145	12808	21
23540	12809	21
21615	12810	21
29562	12811	21
13578	12812	21
31547	12813	21
4782	12814	21
8810	12815	21
5831	12816	21
29496	12817	21
12433	12818	21
31746	12819	21
3222	12820	21
6084	12821	21
17368	12822	21
19641	12823	21
21756	12824	21
29669	12825	21
8247	12826	21
31861	12827	21
11555	12828	21
23437	12829	21
13704	12830	21
27392	12831	21
3659	12832	21
6828	12833	21
13303	12834	21
32384	12835	21
13235	12836	21
21303	12837	21
13226	12838	21
31007	12839	21
30813	12840	21
30822	12841	21
17443	12842	21
25861	12843	21
14681	12844	21
23366	12845	21
18042	12846	21
27079	12847	21
14172	12848	21
20069	12849	21
1884	12850	21
20295	12851	21
19736	12852	21
19823	12853	21
12581	12854	21
19800	12855	21
14075	12856	21
13857	12857	21
11207	12858	21
18926	12859	21
15261	12860	21
13976	12861	21
6784	12862	21
12111	12863	21
13334	12864	21
18118	12865	21
9205	12866	21
32020	12867	21
6198	12868	21
11210	12869	21
8556	12870	21
8637	12871	21
12412	12872	21
24746	12873	21
12550	12874	21
27757	12875	21
5865	12876	21
10655	12877	21
12419	12878	21
21697	12879	21
17366	12880	21
12106	12881	21
10153	12882	21
26173	12883	21
11683	12884	21
12219	12885	21
10146	12886	21
717	12887	21
15185	12888	21
32305	12889	21
10744	12890	21
10841	12891	21
14759	12892	21
14766	12893	21
8129	12894	21
22048	12895	21
6231	12896	21
26169	12897	21
16496	12898	21
25415	12899	21
14234	12900	21
22766	12901	21
8154	12902	21
28670	12903	21
9272	12904	21
18875	12905	21
9224	12906	21
30273	12907	21
10270	12908	21
17497	12909	21
28793	12910	21
28899	12911	21
7909	12912	21
20236	12913	21
12017	12914	21
12032	12915	21
11751	12916	21
11761	12917	21
30724	12918	21
30726	12919	21
2288	12920	21
4381	12921	21
21326	12922	21
29226	12923	21
8859	12924	21
21951	12925	21
24088	12926	21
24090	12927	21
8739	12928	21
18931	12929	21
12722	12930	21
17837	12931	21
13288	12932	21
13290	12933	21
10925	12934	21
28031	12935	21
8384	12936	21
23833	12937	21
13922	12938	21
27490	12939	21
12828	12940	21
26089	12941	21
872	12942	21
19126	12943	21
20594	12944	21
25082	12945	21
9564	12946	21
25068	12947	21
12522	12948	21
22779	12949	21
6916	12950	21
6979	12951	21
3718	12952	21
3764	12953	21
10551	12954	21
30425	12955	21
12067	12956	21
12302	12957	21
11258	12958	21
18971	12959	21
12553	12960	21
13979	12961	18
14175	12961	3
14009	12962	21
14772	12963	21
14730	12964	21
21888	12965	21
12643	12966	21
29923	12967	21
9567	12968	21
29628	12969	21
9201	12970	21
14661	12971	21
9359	12972	21
9472	12973	21
10238	12974	21
30201	12975	21
15206	12976	21
18437	12977	21
17878	12978	21
17893	12979	21
17864	12980	21
17875	12981	21
13095	12982	21
1211	12983	21
21558	12984	21
21560	12985	21
1314	12986	21
2570	12987	21
27141	12988	21
27143	12989	21
13366	12990	21
21516	12991	21
14024	12992	21
22438	12993	21
22337	12994	21
26191	12995	21
11712	12996	21
12239	12997	21
6462	12998	21
11615	12999	21
29421	13000	21
29491	13001	21
19361	13002	21
31697	13003	21
8765	13004	21
21655	13005	21
9088	13006	21
9090	13007	21
6996	13008	21
7002	13009	21
6969	13010	21
6974	13011	21
6687	13012	21
6691	13013	21
6632	13014	21
6649	13015	21
13463	13016	21
26731	13017	21
13438	13018	21
26716	13019	21
21406	13020	21
28180	13021	21
27935	13022	21
27980	13023	21
12470	13024	21
27789	13025	21
26437	13026	21
26447	13027	21
15291	13028	21
20063	13029	21
15216	13030	21
20136	13031	21
5931	13032	21
10769	13033	21
10286	13034	21
17521	13035	21
7182	13036	21
12620	13037	21
4317	13038	21
7989	13039	21
3701	13040	21
3713	13041	21
27058	13042	21
32639	13043	21
12681	13044	21
20410	13045	21
20409	13046	21
22008	13047	21
3382	13048	21
3385	13049	21
20441	13050	21
30699	13051	21
7454	13052	21
10938	13053	21
17974	13054	21
19763	13055	21
5719	13056	21
10397	13057	21
3683	13058	21
3710	13059	21
12769	13060	21
27398	13061	21
14638	13062	21
14992	13063	21
16501	13064	21
25538	13065	21
22403	13066	21
22789	13067	21
1739	13068	21
3371	13069	21
11518	13070	21
20311	13071	21
17161	13072	21
17176	13073	21
6678	13074	21
6689	13075	21
2902	13076	21
5506	13077	21
3267	13078	21
6167	13079	21
12815	13080	21
28293	13081	21
10224	13082	21
25814	13083	21
12464	13084	21
12882	13085	21
10158	13086	21
17198	13087	21
14939	13088	21
14954	13089	21
13270	13090	21
14805	13091	21
10634	13092	21
19395	13093	21
12404	13094	21
28363	13095	21
10552	13096	21
30986	13097	21
8251	13098	21
30494	13099	21
107	13100	21
11239	13101	21
10284	13102	21
18725	13103	21
1389	13104	21
2716	13105	21
13731	13106	21
26359	13107	21
13008	13108	21
26446	13109	21
10608	13110	21
11908	13111	21
12405	13112	21
27240	13113	21
13150	13114	21
20411	13115	21
12635	13116	21
30998	13117	21
4386	13118	21
4388	13119	21
5253	13120	21
16314	13121	21
12641	13122	21
19952	13123	21
12766	13124	21
16370	13125	21
10635	13126	21
18111	13127	21
11021	13128	21
11364	13129	21
13417	13130	21
21592	13131	21
14521	13132	21
25927	13133	21
14319	13134	21
25793	13135	21
8138	13136	21
32770	13137	21
12680	13138	21
23329	13139	21
7484	13140	21
21801	13141	21
11002	13142	21
31235	13143	21
6717	13144	21
12025	13145	21
12696	13146	21
26538	13147	21
3362	13148	21
3388	13149	21
2391	13150	21
19100	13151	21
11540	13152	21
19301	13153	21
13218	13154	21
4926	13155	21
10356	13156	21
10362	13157	21
12478	13158	21
12601	13159	21
13881	13160	21
20315	13161	21
2887	13162	21
17200	13163	21
14942	13164	21
14956	13165	21
14797	13166	21
14807	13167	21
19038	13168	21
28049	13169	21
13705	13170	21
25747	13171	21
22765	13172	21
22767	13173	21
8991	13174	21
20614	13175	21
12866	13176	21
28322	13177	21
12530	13178	21
19656	13179	21
12701	13180	21
13563	13181	21
5419	13182	21
5516	13183	21
5499	13184	21
15562	13185	21
12092	13186	21
12098	13187	21
5861	13188	21
10647	13189	21
7566	13190	21
10642	13191	21
27208	13192	21
31484	13193	21
13190	13194	21
31187	13195	21
17482	13196	21
26371	13197	21
9926	13198	21
13185	13199	21
12597	13200	21
19958	13201	21
118	13202	21
19903	13203	21
12513	13204	21
17286	13205	21
12895	13206	21
16985	13207	21
12782	13208	21
16893	13209	21
17223	13210	21
17288	13211	21
16406	13212	21
16451	13213	21
16207	13214	21
16210	13215	21
6586	13216	21
6589	13217	21
10564	13218	21
31107	13219	21
31095	13220	21
31954	13221	21
13712	13222	21
28561	13223	21
9196	13224	21
15988	13225	21
8869	13226	21
15450	13227	21
13350	13228	21
13352	13229	21
22626	13230	21
22628	13231	21
10896	13232	21
17275	13233	21
6917	13234	21
6980	13235	21
3723	13236	21
3765	13237	21
8483	13238	21
14680	13239	21
14031	13240	21
14033	13241	21
9749	13242	21
16828	13243	21
13073	13244	21
21944	13245	21
6497	13246	21
6880	13247	21
8398	13248	21
32865	13249	21
29874	13250	21
29899	13251	21
7698	13252	21
8879	13253	21
10526	13254	21
17040	13255	21
2290	13256	21
4385	13257	21
1234	13258	21
2417	13259	21
13357	13260	21
29494	13261	21
12493	13262	21
16458	13263	21
5229	13264	21
26215	13265	21
11773	13266	21
11812	13267	21
21179	13268	21
21181	13269	21
25367	13270	21
25511	13271	21
19847	13272	21
28654	13273	21
13082	13274	21
22893	13275	21
8364	13276	21
25852	13277	21
3083	13278	21
11703	13279	21
5949	13280	21
10806	13281	21
9216	13282	21
24637	13283	21
10400	13284	21
17979	13285	21
10521	13286	21
18256	13287	21
10715	13288	21
18207	13289	21
13195	13290	21
33097	13291	21
13081	13292	21
18407	13293	21
13361	13294	21
7627	13295	21
8192	13296	21
31286	13297	21
945	13298	21
6723	13299	21
15290	13300	21
11269	13301	21
9372	13302	21
9468	13303	21
15511	13304	21
24368	13305	21
12014	13306	21
12021	13307	21
14173	13308	21
2096	13309	21
12822	13310	21
8977	13311	21
6490	13312	21
6492	13313	21
14381	13314	21
10312	13315	21
9878	13316	21
16994	13317	21
12418	13318	21
32988	13319	21
20674	13320	21
20676	13321	21
20672	13322	21
26023	13323	21
9367	13324	21
23033	13325	21
4418	13326	21
8182	13327	21
14443	13328	21
14450	13329	21
13188	13330	21
32183	13331	21
24235	13332	21
9657	13333	21
9371	13334	21
16268	13335	21
14329	13336	21
16831	13337	21
5783	13338	21
5790	13339	21
6539	13340	21
6541	13341	21
10540	13342	21
11936	13343	21
10889	13344	21
27918	13345	21
12491	13346	21
16175	13347	21
29464	13348	21
32722	13349	21
8759	13350	21
24058	13351	21
12085	13352	21
12323	13353	21
987	13354	21
11265	13355	21
15915	13356	21
23958	13357	21
21049	13358	21
23274	13359	21
10384	13360	21
22793	13361	21
14969	13362	21
14979	13363	21
10460	13364	21
17812	13365	21
4279	13366	21
21817	13367	21
887	13368	21
1752	13369	21
14633	13370	21
26227	13371	21
2653	13372	21
5066	13373	21
12467	13374	21
27705	13375	21
20923	13376	21
28329	13377	21
13080	13378	21
17800	13379	21
12414	13380	21
18899	13381	21
15186	13382	21
16838	13383	21
9744	13384	21
13678	13385	21
24673	13386	21
24683	13387	21
13914	13388	21
28312	13389	21
8735	13390	21
19643	13391	21
10842	13392	21
18367	13393	21
8211	13394	21
8213	13395	21
14041	13396	21
22472	13397	21
21077	13398	21
13540	13399	21
8074	13400	7
10548	13400	14
28430	13401	21
29164	13402	21
10230	13403	21
14428	13404	21
10458	13405	21
2625	13406	21
5012	13407	21
20100	13408	21
20306	13409	21
12227	13410	21
11208	13411	21
11787	13412	21
11799	13413	21
7479	13414	14
10314	13414	7
32651	13415	21
13544	13416	21
26758	13417	21
14553	13418	21
14557	13419	21
14539	13420	21
14542	13421	21
12751	13422	21
15252	13423	21
23719	13424	21
23733	13425	21
6369	13426	21
6382	13427	21
6353	13428	21
6356	13429	21
10372	13430	21
10166	13431	21
14120	13432	21
23626	13433	21
22169	13434	21
25600	13435	21
8416	13436	21
14756	13437	21
15565	13438	21
27795	13439	21
12523	13440	21
26154	13441	21
12475	13442	21
25399	13443	21
8274	13444	21
27770	13445	21
9327	13446	21
23477	13447	21
11456	13448	21
11477	13449	21
5539	13450	21
5555	13451	21
5167	13452	21
5180	13453	21
20356	13454	21
27979	13455	21
16396	13456	21
16447	13457	21
16340	13458	21
16343	13459	21
4411	13460	21
8168	13461	21
12661	13462	21
21745	13463	21
13933	13464	21
13935	13465	21
14103	13466	21
28597	13467	21
12406	13468	21
15631	13469	21
10636	13470	21
31403	13471	21
8945	13472	21
31396	13473	21
1901	13474	21
12081	13475	21
12421	13476	14
14079	13476	7
27652	13477	21
3285	13478	21
6200	13479	21
12099	13480	21
7939	13481	21
13110	13482	21
21083	13483	21
21079	13484	21
27985	13485	21
5092	13486	21
27933	13487	21
27870	13488	21
27880	13489	21
16078	13490	21
16081	13491	21
12646	13492	21
26600	13493	21
31355	13494	21
32361	13495	21
13197	13496	21
30401	13497	21
8087	13498	21
14210	13499	21
24252	13500	21
24276	13501	21
11257	13502	21
15750	13503	21
30909	13504	21
13505	13505	21
15293	13506	21
24030	13507	21
13257	13508	21
31250	13509	21
14225	13510	21
27025	13511	21
10156	13512	21
16989	13513	21
7121	13514	21
12504	13515	21
6378	13516	21
6383	13517	21
6219	13518	21
6223	13519	21
6204	13520	21
6207	13521	21
12980	13522	21
20116	13523	21
11517	13524	21
12245	13525	21
14097	13526	21
14213	13527	21
14227	13528	21
22754	13529	21
22405	13530	21
28877	13531	21
5466	13532	21
5468	13533	21
10616	13534	21
32657	13535	21
13096	13536	21
31915	13537	21
15579	13538	21
31899	13539	21
13001	13540	21
20950	13541	21
12997	13542	21
28462	13543	21
12420	13544	21
28449	13545	21
20924	13546	21
26856	13547	21
20751	13548	21
26718	13549	21
3457	13550	21
6489	13551	21
10766	13552	21
18290	13553	21
20726	13554	21
23937	13555	21
6835	13556	21
6846	13557	21
18525	13558	21
27539	13559	21
9814	13560	21
9855	13561	21
5760	13562	21
10469	13563	21
7237	13564	21
12720	13565	21
24075	13566	21
24099	13567	21
12168	13568	21
28815	13569	21
12468	13570	21
27723	13571	21
16089	13572	21
16182	13573	21
31110	13574	21
13470	13575	21
13187	13576	21
31398	13577	21
14073	13578	21
11506	13579	21
11581	13580	21
19364	13581	21
13109	13582	21
21081	13583	21
13925	13584	21
28079	13585	21
21317	13586	21
27117	13587	21
9588	13588	21
16579	13589	21
10316	13590	21
25688	13591	21
8471	13592	21
14845	13593	21
10547	13594	21
18880	13595	21
9345	13596	21
9348	13597	21
5834	13598	21
10600	13599	21
5866	13600	21
666	13601	21
10651	13602	21
32689	13603	21
13124	13604	21
29778	13605	21
12644	13606	21
10531	13607	21
21550	13608	21
21573	13609	21
14382	13610	21
22979	13611	21
12874	13612	21
12876	13613	21
19826	13614	21
28677	13615	21
12413	13616	21
14471	13617	21
21114	13618	21
28977	13619	21
28975	13620	21
29584	13621	21
22210	13622	21
23285	13623	21
23208	13624	21
23221	13625	21
12715	13626	21
23204	13627	21
13929	13628	21
28765	13629	21
12463	13630	21
28074	13631	21
13917	13632	21
27076	13633	21
14751	13634	21
15076	13635	21
24112	13636	21
10537	13637	21
5459	13638	21
9975	13639	21
10355	13640	21
15395	13641	21
9369	13642	21
9361	13643	21
7816	13644	21
29994	13645	21
12466	13646	21
27412	13647	21
15364	13648	21
15860	13649	21
12555	13650	21
15802	13651	21
12925	13652	21
25685	13653	21
3690	13654	21
6412	13655	21
2637	13656	21
19843	13657	21
15990	13658	21
15993	13659	21
4142	13660	21
4144	13661	21
873	13662	21
1726	13663	21
12872	13664	21
14580	13665	21
6161	13666	21
11152	13667	21
15665	13668	21
32442	13669	21
8143	13670	21
8863	13671	21
10314	13672	14
10338	13672	7
30865	13673	21
15671	13674	21
10343	13675	21
13888	13676	21
32892	13677	21
12536	13678	21
32773	13679	21
12542	13680	21
17594	13681	21
10342	13682	21
32960	13683	21
9752	13684	21
25962	13685	21
4583	13686	21
8477	13687	21
15553	13688	21
19904	13689	21
19495	13690	21
19970	13691	21
16390	13692	21
16444	13693	21
12994	13694	21
669	13695	21
10831	13696	21
32593	13697	21
12758	13698	21
17846	13699	21
22234	13700	21
17716	13701	21
30521	13702	21
33038	13703	21
12898	13704	21
28623	13705	21
8935	13706	21
7265	13707	21
14664	13708	21
27995	13709	21
19708	13710	21
27702	13711	21
18800	13712	21
18807	13713	21
8586	13714	21
8677	13715	21
11268	13716	21
19122	13717	21
3264	13718	21
6169	13719	21
9748	13720	21
9842	13721	21
13047	13722	21
21013	13723	21
12655	13724	21
28393	13725	21
26525	13726	21
26528	13727	21
10640	13728	21
29267	13729	21
22466	13730	21
22473	13731	21
7608	13732	21
13393	13733	21
15253	13734	21
15928	13735	21
7609	13736	21
13395	13737	21
17617	13738	21
26551	13739	21
13418	13740	21
29538	13741	21
1498	13742	21
2918	13743	21
10280	13744	21
10282	13745	21
13216	13746	21
21270	13747	21
18709	13748	21
27766	13749	21
10745	13750	21
19646	13751	21
999	13752	21
1001	13753	21
15509	13754	21
1338	13755	21
13358	13756	21
21175	13757	21
8031	13758	21
14108	13759	21
15660	13760	21
24578	13761	21
20687	13762	21
26300	13763	21
14275	13764	21
23934	13765	21
7810	13766	21
22179	13767	21
13326	13768	21
13412	13769	21
13093	13770	21
30763	13771	21
7358	13772	21
12946	13773	21
5946	13774	21
10794	13775	21
9575	13776	21
16556	13777	21
11998	13778	21
3375	13779	21
10664	13780	21
19860	13781	21
5986	13782	21
5988	13783	21
26348	13784	21
26429	13785	21
1250	13786	21
2448	13787	21
4349	13788	21
8051	13789	21
920	13790	21
1815	13791	21
13526	13792	21
32205	13793	21
32040	13794	21
32111	13795	21
3876	13796	21
7160	13797	21
12789	13798	21
32163	13799	21
21523	13800	21
27212	13801	21
8884	13802	21
15476	13803	21
13308	13804	21
31618	13805	21
15920	13806	21
32217	13807	21
13324	13808	21
31904	13809	21
6695	13810	21
19971	13811	21
19969	13812	21
19985	13813	21
19885	13814	21
19898	13815	21
16226	13816	21
16230	13817	21
16068	13818	21
16071	13819	21
7737	13820	21
28832	13821	21
19734	13822	21
19929	13823	21
8400	13824	21
11440	13825	21
13527	13826	21
15477	13827	21
7465	13828	21
32506	13829	21
9186	13830	21
32072	13831	21
12659	13832	21
28468	13833	21
9007	13834	21
26018	13835	21
10589	13836	21
25754	13837	21
11965	13838	21
11969	13839	21
9280	13840	21
9337	13841	21
20998	13842	21
21000	13843	21
8751	13844	21
25705	13845	21
10501	13846	21
10504	13847	21
9649	13848	21
31639	13849	21
19837	13850	21
19888	13851	21
5104	13852	21
16229	13853	21
21163	13854	21
29003	13855	21
28999	13856	21
29747	13857	21
5050	13858	21
9300	13859	21
14179	13860	21
18717	13861	21
10482	13862	21
10508	13863	21
18409	13864	21
18413	13865	21
8624	13866	21
8627	13867	21
20630	13868	21
20632	13869	21
20416	13870	21
22134	13871	21
13088	13872	21
22107	13873	21
8941	13874	21
12826	13875	21
14060	13876	21
14563	13877	21
14284	13878	21
11671	13879	21
17757	13880	21
13011	13881	21
18622	13882	21
9760	13883	21
12879	13884	21
10203	13885	21
13300	13886	21
31050	13887	21
5366	13888	21
5391	13889	21
8367	13890	21
29970	13891	21
13732	13892	21
10327	13893	21
16647	13894	21
17144	13895	21
14662	13896	21
28774	13897	21
10439	13898	21
26219	13899	21
11595	13900	21
22241	13901	21
12986	13902	21
22975	13903	21
28377	13904	21
28380	13905	21
20392	13906	21
25920	13907	21
3151	13908	21
5961	13909	21
10800	13910	21
10807	13911	21
24441	13912	21
30074	13913	21
6930	13914	21
6988	13915	21
3736	13916	21
3773	13917	21
12778	13918	21
20581	13919	21
20566	13920	21
24652	13921	21
8562	13922	21
24616	13923	21
19299	13924	21
20038	13925	21
11603	13926	21
12180	13927	21
12788	13928	21
32714	13929	21
13541	13930	21
18258	13931	21
17242	13932	21
17294	13933	21
17170	13934	21
17174	13935	21
17127	13936	21
17169	13937	21
5125	13938	21
9427	13939	21
3533	13940	21
6620	13941	21
9634	13942	21
32239	13943	21
14631	13944	21
32920	13945	21
12880	13946	21
30914	13947	21
12462	13948	21
25743	13949	21
17491	13950	21
27504	13951	21
6468	13952	21
6470	13953	21
13626	13954	21
15974	13955	21
25724	13956	21
31303	13957	21
9275	13958	21
16119	13959	21
16093	13960	21
25135	13961	21
12087	13962	21
12317	13963	21
9908	13964	21
10059	13965	21
13885	13966	21
31785	13967	21
17563	13968	21
13242	13969	21
16048	13970	21
24831	13971	21
14045	13972	21
14047	13973	21
12595	13974	21
28694	13975	21
14676	13976	21
27457	13977	21
20412	13978	21
22178	13979	21
4844	13980	21
4846	13981	21
27557	13982	21
16683	13983	21
10532	13984	21
31401	13985	21
10348	13986	21
30855	13987	21
339	13988	21
25129	13989	21
13225	13990	21
25079	13991	21
2884	13992	21
2886	13993	21
13867	13994	21
22660	13995	21
13560	13996	21
13586	13997	21
21164	13998	21
32752	13999	21
1866	14000	21
1868	14001	21
28650	14002	21
28684	14003	21
13934	14004	21
28682	14005	21
14089	14006	21
27259	14007	21
7420	14008	21
7422	14009	21
4676	14010	21
4678	14011	21
10373	14012	21
17721	14013	21
10454	14014	21
18070	14015	21
10585	14016	21
29227	14017	21
29007	14018	21
29009	14019	21
13154	14020	21
29774	14021	21
13141	14022	21
21139	14023	21
17912	14024	21
21170	14025	21
10601	14026	21
29285	14027	21
10656	14028	21
32702	14029	21
9664	14030	21
23486	14031	21
13372	14032	21
32175	14033	21
9259	14034	21
17584	14035	21
2320	14036	21
4443	14037	21
9291	14038	21
16170	14039	21
28785	14040	21
28898	14041	21
13101	14042	21
26283	14043	21
25273	14044	21
25310	14045	21
12790	14046	21
25232	14047	21
15758	14048	21
15851	14049	21
8997	14050	21
24681	14051	21
9620	14052	21
30939	14053	21
502	14054	21
1000	14055	21
21238	14056	21
29104	14057	21
8236	14058	21
8239	14059	21
15500	14060	21
24356	14061	21
21138	14062	21
28967	14063	21
28960	14064	21
29471	14065	21
12674	14066	21
29946	14067	21
23030	14068	21
30847	14069	21
15403	14070	21
16165	14071	21
3679	14072	21
3689	14073	21
22850	14074	21
27819	14075	21
12660	14076	21
31314	14077	21
10593	14078	21
10747	14079	21
14015	14080	21
30224	14081	21
14005	14082	21
32724	14083	21
10549	14084	21
10760	14085	21
12694	14086	21
22396	14087	21
7170	14088	21
19810	14089	21
15375	14090	21
18677	14091	21
20381	14092	21
8939	14093	21
11062	14094	21
18711	14095	21
13903	14096	21
31043	14097	21
22411	14098	21
27511	14099	21
13107	14100	21
28392	14101	21
15219	14102	21
19252	14103	21
15903	14104	21
27849	14105	21
21330	14106	21
29232	14107	21
10751	14108	21
31180	14109	21
2445	14110	21
4677	14111	21
11922	14112	21
19836	14113	21
19990	14114	21
20260	14115	21
8493	14116	21
8495	14117	21
10533	14118	21
27842	14119	21
12717	14120	21
23281	14121	21
15248	14122	21
23079	14123	21
10381	14124	21
17683	14125	21
10921	14126	21
28362	14127	21
10897	14128	21
18404	14129	21
9159	14130	21
10044	14131	21
427	14132	21
11179	14133	21
19595	14134	21
20212	14135	21
12868	14136	21
18776	14137	21
13861	14138	21
24287	14139	21
11536	14140	21
12107	14141	21
25229	14142	21
32187	14143	21
15618	14144	21
20442	14145	21
16778	14146	21
16908	14147	21
22593	14148	21
30412	14149	21
13340	14150	21
28460	14151	21
9601	14152	21
22637	14153	21
16493	14154	21
25846	14155	21
12781	14156	21
23036	14157	21
12559	14158	21
16746	14159	21
9276	14160	21
32150	14161	21
14082	14162	21
30330	14163	21
4487	14164	21
8306	14165	21
5934	14166	21
10776	14167	21
2336	14168	21
4474	14169	21
13183	14170	21
23382	14171	21
11522	14172	21
19258	14173	21
10346	14174	21
13128	14175	21
13891	14176	21
30575	14177	21
22693	14178	21
30520	14179	21
13157	14180	21
32888	14181	21
13091	14182	21
17909	14183	21
11524	14184	21
9001	14185	21
10370	14186	21
27923	14187	21
20744	14188	21
23682	14189	21
14733	14190	21
14743	14191	21
13855	14192	21
23040	14193	21
5445	14194	21
5452	14195	21
10595	14196	21
11317	14197	21
15510	14198	21
15542	14199	21
3652	14200	21
3746	14201	21
8909	14202	21
15519	14203	21
12266	14204	21
12286	14205	21
6737	14206	21
6752	14207	21
6579	14208	21
6593	14209	21
23630	14210	21
31274	14211	21
12639	14212	21
32021	14213	21
15184	14214	21
32207	14215	21
8191	14216	21
29635	14217	21
10891	14218	21
18852	14219	21
14391	14220	21
30806	14221	21
13321	14222	21
21438	14223	21
9678	14224	21
9688	14225	21
21698	14226	21
21711	14227	21
21385	14228	21
21394	14229	21
20339	14230	21
28491	14231	21
13480	14232	21
13482	14233	21
12482	14234	21
30474	14235	21
21151	14236	21
21153	14237	21
5537	14238	21
5545	14239	21
15567	14240	21
28859	14241	21
28733	14242	21
22290	14243	21
12538	14244	21
12599	14245	21
4900	14246	21
9033	14247	21
9155	14248	21
29788	14249	21
10331	14250	21
29724	14251	21
1485	14252	21
1487	14253	21
5894	14254	21
10706	14255	21
22913	14256	21
30723	14257	21
10768	14258	21
10858	14259	21
13181	14260	21
13611	14261	21
13371	14262	21
21524	14263	21
8885	14264	21
30659	14265	21
13868	14266	21
32551	14267	21
2194	14268	21
13206	14269	21
8827	14270	7
8889	14270	14
23039	14271	21
8881	14272	21
15305	14273	21
17988	14274	21
15517	14275	21
11022	14276	21
26988	14277	21
7919	14278	21
24239	14279	21
10087	14280	21
10108	14281	21
10006	14282	21
10022	14283	21
9701	14284	21
9712	14285	21
15763	14286	21
15855	14287	21
21045	14288	21
399	14289	21
18763	14290	21
27804	14291	21
6769	14292	21
6935	14293	21
10737	14294	21
18263	14295	21
13515	14296	21
25948	14297	21
17897	14298	21
18314	14299	21
9581	14300	21
16566	14301	21
8851	14302	21
15425	14303	21
5365	14304	21
9828	14305	21
23099	14306	21
23231	14307	21
5345	14308	21
9745	14309	21
15386	14310	21
28059	14311	21
12724	14312	21
23867	14313	21
3625	14314	21
6766	14315	21
8943	14316	21
12844	14317	21
11754	14318	21
11757	14319	21
14116	14320	21
27251	14321	21
12931	14322	21
27756	14323	21
13134	14324	21
14876	14325	21
15652	14326	21
24569	14327	21
9721	14328	21
9803	14329	21
3286	14330	21
18657	14331	21
12859	14332	21
12861	14333	21
18733	14334	21
18737	14335	21
13966	14336	21
18582	14337	21
12690	14338	21
11058	14339	21
14745	14340	21
31399	14341	21
12697	14342	21
26242	14343	21
11867	14344	21
12012	14345	21
12526	14346	21
29701	14347	21
21978	14348	21
21981	14349	21
13229	14350	21
22633	14351	21
14966	14352	21
32508	14353	21
21137	14354	21
1375	14355	21
13364	14356	21
32102	14357	21
15756	14358	21
16924	14359	21
8376	14360	21
31054	14361	21
23137	14362	21
30948	14363	21
13127	14364	21
30576	14365	21
15420	14366	21
15190	14367	21
20800	14368	21
27364	14369	21
13111	14370	21
26575	14371	21
15976	14372	21
13108	14373	21
17841	14374	21
23321	14375	21
8360	14376	21
28478	14377	21
12527	14378	21
26724	14379	21
13947	14380	21
26158	14381	21
7239	14382	21
10440	14383	21
8762	14384	21
8084	14385	21
12705	14386	21
26776	14387	21
3697	14388	21
3700	14389	21
459	14390	21
11760	14391	21
7398	14392	21
13018	14393	21
17431	14394	21
25453	14395	21
12800	14396	21
25437	14397	21
14752	14398	21
23474	14399	21
8975	14400	21
31809	14401	21
14274	14402	21
8971	14403	21
14276	14404	21
8965	14405	21
14965	14406	21
18004	14407	21
12886	14408	21
13642	14409	21
13309	14410	21
30964	14411	21
6634	14412	21
6726	14413	21
21749	14414	21
29657	14415	21
10330	14416	21
22791	14417	21
8658	14418	21
8696	14419	21
12767	14420	21
33072	14421	21
9156	14422	21
8990	14423	21
19383	14424	21
20109	14425	21
16631	14426	21
25762	14427	21
9225	14428	21
16039	14429	21
12535	14430	21
27601	14431	21
27522	14432	21
29806	14433	21
13138	14434	21
31544	14435	21
13511	14436	21
20341	14437	21
11103	14438	21
26034	14439	21
12460	14440	21
25977	14441	21
15275	14442	21
16044	14443	21
16565	14444	21
25635	14445	21
13411	14446	21
13465	14447	21
12709	14448	21
29760	14449	21
12985	14450	21
29452	14451	21
875	14452	21
1730	14453	21
23131	14454	21
13708	14455	21
12699	14456	21
26700	14457	21
14076	14458	21
23571	14459	21
15445	14460	21
26422	14461	21
24743	14462	21
31889	14463	21
15412	14464	21
27178	14465	21
10937	14466	21
25655	14467	21
16632	14468	21
25715	14469	21
12736	14470	21
23919	14471	21
13090	14472	21
22164	14473	21
19716	14474	21
25779	14475	21
15306	14476	21
16605	14477	21
4553	14478	21
8423	14479	21
2149	14480	21
22377	14481	21
21172	14482	21
29018	14483	21
29011	14484	21
29834	14485	21
22362	14486	21
30139	14487	21
13356	14488	21
31938	14489	21
14074	14490	21
18611	14491	21
29689	14492	21
2208	14493	21
16727	14494	21
13121	14495	21
12664	14496	21
28369	14497	21
20582	14498	21
20584	14499	21
1313	14500	21
24698	14501	21
20606	14502	21
20552	14503	21
13509	14504	21
19630	14505	21
21433	14506	21
31816	14507	21
13332	14508	21
16684	14509	21
9174	14510	21
14814	14511	21
17135	14512	21
13711	14513	21
15084	14514	21
15099	14515	21
1735	14516	21
13700	14517	21
15964	14518	21
16304	14519	21
3370	14520	21
3395	14521	21
13394	14522	21
13396	14523	21
10954	14524	21
18540	14525	21
10548	14526	7
12587	14526	14
27631	14527	21
12928	14528	21
27581	14529	21
3581	14530	21
3608	14531	21
12899	14532	21
17868	14533	21
9209	14534	21
16336	14535	21
14171	14536	21
27088	14537	21
20729	14538	21
19302	14539	21
13227	14540	21
16045	14541	21
21843	14542	21
21867	14543	21
14351	14544	21
2591	14545	21
14940	14546	21
14955	14547	21
14251	14548	21
14262	14549	21
22705	14550	21
15387	14551	21
5730	14552	21
10417	14553	21
2998	14554	21
5670	14555	21
15232	14556	21
25566	14557	21
7929	14558	21
28129	14559	21
10339	14560	21
28035	14561	21
13977	14562	21
28020	14563	21
10539	14564	21
26229	14565	21
23556	14566	21
23685	14567	21
2798	14568	21
5328	14569	21
21542	14570	21
25097	14571	21
8944	14572	21
30960	14573	21
7584	14574	21
13349	14575	21
20678	14576	21
20685	14577	21
20580	14578	21
24863	14579	21
24348	14580	21
24351	14581	21
8383	14582	21
14696	14583	21
14427	14584	21
27029	14585	21
14268	14586	21
32621	14587	21
17761	14588	21
17765	14589	21
16027	14590	21
16349	14591	21
18619	14592	21
18621	14593	21
12210	14594	21
20158	14595	21
12894	14596	21
28663	14597	21
13113	14598	21
28656	14599	21
21343	14600	21
11133	14601	21
15390	14602	21
33022	14603	21
2996	14604	21
5666	14605	21
18961	14606	21
22096	14607	21
13200	14608	21
23447	14609	21
15587	14610	21
32632	14611	21
3153	14612	21
18054	14613	21
8472	14614	21
14847	14615	21
4010	14616	21
7421	14617	21
857	14618	21
1695	14619	21
17131	14620	21
17181	14621	21
5096	14622	21
16225	14623	21
8516	14624	21
8541	14625	21
12670	14626	21
17587	14627	21
13123	14628	21
14725	14629	21
10941	14630	21
11325	14631	21
13510	14632	21
18328	14633	21
23302	14634	21
23774	14635	21
17303	14636	21
18588	14637	21
27544	14638	21
27546	14639	21
10947	14640	21
31165	14641	21
3499	14642	21
6564	14643	21
6437	14644	21
11570	14645	21
1655	14646	21
3214	14647	21
5921	14648	21
10750	14649	21
1830	14650	21
3535	14651	21
10445	14652	21
17788	14653	21
10738	14654	21
18236	14655	21
14438	14656	21
14440	14657	21
2593	14658	21
15876	14659	21
21065	14660	21
26330	14661	21
12740	14662	21
23899	14663	21
12707	14664	21
23818	14665	21
18868	14666	21
10663	14667	21
19274	14668	21
20042	14669	21
18508	14670	21
19042	14671	21
11874	14672	21
28540	14673	21
18964	14674	21
18981	14675	21
4620	14676	21
4622	14677	21
5145	14678	21
5173	14679	21
8498	14680	21
8505	14681	21
13871	14682	21
29071	14683	21
9717	14684	21
30983	14685	21
21191	14686	21
29045	14687	21
17577	14688	21
30012	14689	21
10323	14690	21
24977	14691	21
10898	14692	21
32817	14693	21
12902	14694	21
28116	14695	21
14067	14696	21
18604	14697	21
15298	14698	21
27227	14699	21
18299	14700	21
18302	14701	21
15573	14702	21
28466	14703	21
21141	14704	21
17359	14705	21
16054	14706	21
31288	14707	21
20588	14708	21
31975	14709	21
11093	14710	21
21680	14711	21
6768	14712	21
12088	14713	21
13120	14714	21
15765	14715	21
21511	14716	21
31900	14717	21
13630	14718	21
21912	14719	21
13198	14720	21
30485	14721	21
15250	14722	21
23284	14723	21
21025	14724	21
21039	14725	21
1965	14726	21
1976	14727	21
13570	14728	21
30327	14729	21
30326	14730	21
32943	14731	21
13982	14732	21
32119	14733	21
9756	14734	21
9758	14735	21
10201	14736	21
11343	14737	21
12754	14738	21
25773	14739	21
3164	14740	21
5980	14741	21
20509	14742	21
12583	14743	21
10347	14744	21
19550	14745	21
12562	14746	21
18934	14747	21
18925	14748	21
18929	14749	21
12713	14750	21
18809	14751	21
4244	14752	21
7859	14753	21
13884	14754	21
33066	14755	21
9054	14756	21
31360	14757	21
11705	14758	21
12235	14759	21
15716	14760	21
29443	14761	21
13301	14762	21
32078	14763	21
8889	14764	7
13612	14764	14
30828	14765	21
25610	14766	21
26189	14767	21
9210	14768	21
25435	14769	21
13571	14770	21
32755	14771	21
21879	14772	21
23873	14773	21
6142	14774	21
11123	14775	21
826	14776	21
12923	14777	21
6771	14778	21
6781	14779	21
10735	14780	21
32662	14781	21
13624	14782	21
27764	14783	21
11246	14784	21
11327	14785	21
8469	14786	21
14841	14787	21
20599	14788	21
20634	14789	21
20579	14790	21
24851	14791	21
24844	14792	21
24847	14793	21
20550	14794	21
31576	14795	21
13646	14796	21
32676	14797	21
15237	14798	21
31425	14799	21
13944	14800	21
14753	14801	21
6528	14802	21
6878	14803	21
12647	14804	21
31820	14805	21
13323	14806	21
31797	14807	21
10553	14808	21
11855	14809	21
2860	14810	21
5435	14811	21
14164	14812	21
14166	14813	21
20933	14814	21
28422	14815	21
16700	14816	21
25812	14817	21
19285	14818	21
28754	14819	21
13906	14820	21
26197	14821	21
17396	14822	21
23872	14823	21
31328	14824	21
31419	14825	21
12170	14826	21
12361	14827	21
12308	14828	21
12321	14829	21
13213	14830	21
30894	14831	21
9476	14832	21
9487	14833	21
13044	14834	21
13046	14835	21
22523	14836	21
21818	14837	21
7913	14838	14
12534	14838	7
21613	14839	21
2414	14840	21
4621	14841	21
12094	14842	21
12101	14843	21
14470	14844	21
28319	14845	21
20524	14846	21
20531	14847	21
1198	14848	21
23265	14849	21
20972	14850	21
20975	14851	21
2797	14852	21
5326	14853	21
12878	14854	21
13339	14855	21
29381	14856	21
29387	14857	21
14588	14858	21
14591	14859	21
13251	14860	21
18053	14861	21
14296	14862	21
21471	14863	21
15409	14864	21
31756	14865	21
4906	14866	21
4908	14867	21
12912	14868	21
20802	14869	21
14804	14870	21
14808	14871	21
3180	14872	21
3183	14873	21
21108	14874	21
13169	14875	21
24714	14876	21
32071	14877	21
10809	14878	21
18352	14879	21
10652	14880	21
11934	14881	21
7048	14882	21
11376	14883	21
3379	14884	21
3381	14885	21
20889	14886	21
20892	14887	21
10791	14888	21
10808	14889	21
23482	14890	21
28251	14891	21
28212	14892	21
29473	14893	21
10194	14894	21
21872	14895	21
12811	14896	21
26256	14897	21
12870	14898	21
23616	14899	21
11677	14900	21
12215	14901	21
14349	14902	21
12558	14903	21
21605	14904	21
21687	14905	21
12569	14906	21
17511	14907	21
3446	14908	21
6469	14909	21
10432	14910	21
20138	14911	21
10170	14912	21
22679	14913	21
12378	14914	21
12398	14915	21
11465	14916	21
11480	14917	21
438	14918	21
11389	14919	21
10710	14920	21
10713	14921	21
12888	14922	21
28527	14923	21
12544	14924	21
18340	14925	21
6183	14926	21
11199	14927	21
14430	14928	21
23054	14929	21
12615	14930	21
20150	14931	21
19468	14932	21
19472	14933	21
12557	14934	21
19444	14935	21
10338	14936	14
14007	14936	7
32482	14937	21
13894	14938	21
18456	14939	21
21168	14940	21
24469	14941	21
17439	14942	21
10408	14943	21
9056	14944	21
15767	14945	21
13983	14946	21
32195	14947	21
13628	14948	21
33028	14949	21
13937	14950	21
27507	14951	21
15459	14952	21
19477	14953	21
29649	14954	21
30038	14955	21
10334	14956	21
30000	14957	21
18698	14958	21
22727	14959	21
16951	14960	21
16966	14961	21
6306	14962	21
6317	14963	21
5157	14964	21
5164	14965	21
13883	14966	21
26443	14967	21
25189	14968	21
25199	14969	21
10172	14970	21
17320	14971	21
17300	14972	21
423	14973	21
18671	14974	21
9035	14975	21
14070	14976	21
13542	14977	21
21821	14978	21
27356	14979	21
14123	14980	21
33083	14981	21
13410	14982	21
17496	14983	21
19500	14984	21
20161	14985	21
11833	14986	21
11687	14987	21
17419	14988	21
14396	14989	21
13876	14990	21
18446	14991	21
946	14992	21
1865	14993	21
14977	14994	21
23749	14995	21
13512	14996	21
18377	14997	21
15194	14998	21
20217	14999	21
19610	15000	21
19625	15001	21
15735	15002	21
15746	15003	21
20688	15004	21
20712	15005	21
12139	15006	21
12143	15007	21
12124	15008	21
12127	15009	21
17360	15010	21
18179	15011	21
8559	15012	21
14976	15013	21
22156	15014	21
22198	15015	21
21012	15016	21
21022	15017	21
15247	15018	21
32068	15019	21
12757	15020	21
33005	15021	21
8855	15022	21
31972	15023	21
15417	15024	21
32011	15025	21
4698	15026	21
8672	15027	21
11740	15028	21
19602	15029	21
7018	15030	21
8703	15031	21
8632	15032	21
8642	15033	21
17609	15034	21
26928	15035	21
30682	15036	21
30751	15037	21
15230	15038	21
19750	15039	21
14403	15040	21
13328	15041	21
9282	15042	21
16132	15043	21
1685	15044	21
3273	15045	21
18664	15046	21
18666	15047	21
6868	15048	21
6905	15049	21
17361	15050	21
19832	15051	21
12761	15052	21
30788	15053	21
1849	15054	21
3571	15055	21
7865	15056	21
7867	15057	21
22817	15058	21
23006	15059	21
14374	15060	21
12587	15061	7
13084	15061	14
14395	15062	21
33020	15063	21
3324	15064	21
6264	15065	21
13612	15066	7
13613	15066	14
25652	15067	21
7244	15068	21
23677	15069	21
10649	15070	21
10711	15071	21
18495	15072	21
18504	15073	21
13259	15074	21
31279	15075	21
20922	15076	21
30917	15077	21
16790	15078	21
16792	15079	21
14295	15080	21
23031	15081	21
15266	15082	21
9187	15083	21
21932	15084	21
27411	15085	21
7741	15086	21
13623	15087	21
7568	15088	21
31585	15089	21
15276	15090	21
25809	15091	21
15345	15092	21
33051	15093	21
14101	15094	21
33052	15095	21
15205	15096	21
33070	15097	21
22439	15098	21
22441	15099	21
16092	15100	21
32120	15101	21
15188	15102	21
32101	15103	21
20011	15104	21
20271	15105	21
17321	15106	21
17325	15107	21
19169	15108	21
19180	15109	21
5960	15110	21
5962	15111	21
8882	15112	21
17424	15113	21
8760	15114	21
1200	15115	21
15234	15116	21
21035	15117	21
26410	15118	21
28343	15119	21
28333	15120	21
28336	15121	21
3487	15122	21
6547	15123	21
21161	15124	21
2777	15125	21
6080	15126	21
11013	15127	21
14818	15128	21
23557	15129	21
22500	15130	21
28725	15131	21
19172	15132	21
19236	15133	21
12546	15134	21
18434	15135	21
18195	15136	21
18205	15137	21
20386	15138	21
23153	15139	21
6157	15140	21
11224	15141	21
3443	15142	21
6463	15143	21
13084	15144	7
13119	15144	14
28440	15145	21
11564	15146	21
12141	15147	21
13119	15148	7
17298	15148	7
17306	15148	7
27596	15149	21
15905	15150	21
19995	15151	21
11881	15152	21
19781	15153	21
12585	15154	21
20146	15155	21
12869	15156	21
20059	15157	21
1620	15158	21
3150	15159	21
14657	15160	21
14659	15161	21
4439	15162	21
8221	15163	21
4434	15164	21
8212	15165	21
14717	15166	21
23471	15167	21
8612	15168	21
23856	15169	21
20880	15170	21
20882	15171	21
20493	15172	21
23542	15173	21
10322	15174	21
23515	15175	21
16586	15176	21
16612	15177	21
2901	15178	21
2927	15179	21
17383	15180	21
30472	15181	21
15268	15182	21
32182	15183	21
9570	15184	21
7693	15185	21
13089	15186	21
32587	15187	21
17417	15188	21
23015	15189	21
1231	15190	21
2411	15191	21
4751	15192	21
8749	15193	21
6669	15194	21
6671	15195	21
9729	15196	21
9792	15197	21
13399	15198	21
13406	15199	21
13384	15200	21
31993	15201	21
22230	15202	21
15245	15203	21
22649	15204	21
30484	15205	21
5945	15206	21
5924	15207	21
27067	15208	21
27069	15209	21
16776	15210	21
19905	15211	21
18229	15212	21
18380	15213	21
22614	15214	21
30442	15215	21
14034	15216	21
22461	15217	21
10942	15218	21
18518	15219	21
14494	15220	21
14587	15221	21
17674	15222	21
31713	15223	21
10535	15224	21
22519	15225	21
15555	15226	21
24668	15227	21
13572	15228	21
32757	15229	21
21052	15230	21
23840	15231	21
8761	15232	21
28693	15233	21
7753	15234	21
13645	15235	21
13211	15236	21
15749	15237	21
23562	15238	21
31249	15239	21
13962	15240	21
31655	15241	21
13900	15242	21
22231	15243	21
10648	15244	21
22007	15245	21
11633	15246	21
19445	15247	21
13859	15248	21
28042	15249	21
14434	15250	21
14460	15251	21
11097	15252	21
11195	15253	21
5471	15254	21
5478	15255	21
10219	15256	21
17405	15257	21
17397	15258	21
23543	15259	21
21382	15260	21
20380	15261	21
12172	15262	21
12362	15263	21
9898	15264	21
10004	15265	21
9974	15266	21
17139	15267	21
17572	15268	21
26475	15269	21
20361	15270	21
21058	15271	21
14478	15272	21
27284	15273	21
26433	15274	21
26436	15275	21
4140	15276	21
7668	15277	21
10351	15278	21
17630	15279	21
13757	15280	21
25092	15281	21
15478	15282	21
24322	15283	21
15208	15284	21
19565	15285	21
17954	15286	21
26956	15287	21
15686	15288	21
24621	15289	21
14208	15290	21
14091	15291	21
11673	15292	21
19606	15293	21
9388	15294	21
16293	15295	21
8794	15296	21
15315	15297	21
13993	15298	21
32428	15299	21
16832	15300	21
22647	15301	21
9241	15302	21
16066	15303	21
6572	15304	21
6574	15305	21
5342	15306	21
5344	15307	21
12190	15308	21
12203	15309	21
11072	15310	21
11082	15311	21
1423	15312	21
2780	15313	21
1243	15314	21
2434	15315	21
11142	15316	21
18833	15317	21
1421	15318	21
2776	15319	21
3442	15320	21
6491	15321	21
10917	15322	21
25888	15323	21
9232	15324	21
16049	15325	21
13430	15326	21
18183	15327	21
16498	15328	21
25457	15329	21
21961	15330	21
21999	15331	21
14289	15332	21
29141	15333	21
14618	15334	21
32076	15335	21
13330	15336	21
32547	15337	21
14273	15338	21
27414	15339	21
12481	15340	21
16235	15341	21
15544	15342	21
15548	15343	21
15340	15344	21
15343	15345	21
13543	15346	21
21774	15347	21
13341	15348	21
21474	15349	21
17669	15350	21
26625	15351	21
21917	15352	21
21919	15353	21
9655	15354	21
9996	15355	21
15580	15356	21
32168	15357	21
9914	15358	21
9921	15359	21
10302	15360	21
10304	15361	21
22328	15362	21
30088	15363	21
8402	15364	21
30113	15365	21
11438	15366	21
11453	15367	21
10970	15368	21
11181	15369	21
21669	15370	21
21671	15371	21
2014	15372	21
16491	15373	21
16477	15374	21
23717	15375	21
23620	15376	21
23657	15377	21
15481	15378	21
15483	15379	21
12773	15380	21
26550	15381	21
15563	15382	21
20564	15383	21
13431	15384	21
21616	15385	21
15879	15386	21
15894	15387	21
4948	15388	21
24854	15389	21
16036	15390	21
29459	15391	21
28951	15392	21
29388	15393	21
10448	15394	21
17793	15395	21
19431	15396	21
19435	15397	21
15223	15398	21
19256	15399	21
8648	15400	21
15110	15401	21
13921	15402	21
31798	15403	21
13529	15404	21
27306	15405	21
15118	15406	21
14468	15407	21
16479	15408	21
26120	15409	21
17353	15410	21
18449	15411	21
10992	15412	21
19729	15413	21
18084	15414	21
19866	15415	21
13958	15416	21
14668	15417	21
16099	15418	21
32751	15419	21
15348	15420	21
23863	15421	21
12765	15422	21
22025	15423	21
21962	15424	21
26125	15425	21
11576	15426	21
10522	15427	21
13409	15428	21
19562	15429	21
14079	15430	14
21221	15430	7
26939	15431	21
13963	15432	21
28554	15433	21
24934	15434	21
15549	15435	21
11015	15436	21
18639	15437	21
11528	15438	21
19280	15439	21
15246	15440	21
22787	15441	21
13249	15442	21
18073	15443	21
2878	15444	21
5467	15445	21
10611	15446	21
18046	15447	21
15557	15448	21
25315	15449	21
10399	15450	21
11756	15451	21
14343	15452	21
22923	15453	21
7585	15454	21
13351	15455	21
15662	15456	21
24581	15457	21
15958	15458	21
19749	15459	21
14397	15460	21
23005	15461	21
15485	15462	21
16740	15463	21
1665	15464	21
1318	15465	21
13887	15466	21
18814	15467	21
18481	15468	21
28332	15469	21
13265	15470	21
21353	15471	21
7999	15472	21
14051	15473	21
7718	15474	21
13583	15475	21
14117	15476	21
27267	15477	21
15192	15478	21
26619	15479	21
24241	15480	21
32248	15481	21
3030	15482	21
5732	15483	21
18630	15484	21
27674	15485	21
25676	15486	21
25665	15487	21
25969	15488	21
27744	15489	21
16833	15490	21
25956	15491	21
4988	15492	21
9185	15493	21
6508	15494	21
11692	15495	21
20569	15496	21
24696	15497	21
10704	15498	21
17967	15499	21
12935	15500	21
23313	15501	21
17637	15502	21
32917	15503	21
13212	15504	21
21262	15505	21
13886	15506	21
16836	15507	21
14133	15508	21
19127	15509	21
9218	15510	21
33099	15511	21
630	15512	21
1251	15513	21
10951	15514	21
11165	15515	21
15269	15516	21
23992	15517	21
7213	15518	21
21383	15519	21
12669	15520	21
21576	15521	21
14472	15522	21
14570	15523	21
14086	15524	21
26710	15525	21
26706	15526	21
17565	15527	21
6149	15528	21
11134	15529	21
12533	15530	21
17896	15531	21
13068	15532	21
13072	15533	21
1009	15534	21
1012	15535	21
7910	15536	21
13882	15537	21
13880	15538	21
20239	15539	21
19682	15540	21
19700	15541	21
2595	15542	21
15895	15543	21
15537	15544	21
15547	15545	21
13567	15546	21
21814	15547	21
20930	15548	21
28378	15549	21
20389	15550	21
29567	15551	21
29550	15552	21
18100	15553	21
16288	15554	21
25514	15555	21
15586	15556	21
22131	15557	21
15635	15558	21
24545	15559	21
13898	15560	21
14619	15561	21
15233	15562	21
27915	15563	21
10933	15564	21
10935	15565	21
11672	15566	21
19493	15567	21
22548	15568	21
30357	15569	21
27030	15570	21
27032	15571	21
17406	15572	21
17408	15573	21
17377	15574	21
22182	15575	21
14645	15576	21
22083	15577	21
13041	15578	21
13065	15579	21
30256	15580	21
20616	15581	21
13716	15582	21
30014	15583	21
8514	15584	21
8540	15585	21
24715	15586	21
30047	15587	21
29525	15588	21
29621	15589	21
6643	15590	21
11907	15591	21
16183	15592	21
25258	15593	21
20565	15594	21
21990	15595	21
15606	15596	21
1229	15597	21
8079	15598	21
14196	15599	21
20670	15600	21
14278	15601	21
7547	15602	21
13282	15603	21
3568	15604	21
6681	15605	21
14376	15606	21
15380	15607	21
8092	15608	21
14219	15609	21
16510	15610	21
16615	15611	21
15251	15612	21
31366	15613	21
30115	15614	21
30121	15615	21
13948	15616	21
30034	15617	21
13166	15618	21
29967	15619	21
12662	15620	21
29197	15621	21
13129	15622	21
31011	15623	21
15433	15624	21
24254	15625	21
15947	15626	21
31310	15627	21
13960	15628	21
31195	15629	21
29306	15630	21
30075	15631	21
13153	15632	21
1122	15633	21
6348	15634	21
6359	15635	21
27052	15636	21
27054	15637	21
16257	15638	21
29554	15639	21
15677	15640	21
32370	15641	21
22213	15642	21
31024	15643	21
10354	15644	21
31258	15645	21
20407	15646	21
29911	15647	21
13710	15648	21
30048	15649	21
13618	15650	21
12820	15651	21
15491	15652	21
28086	15653	21
12957	15654	21
14203	15655	21
10455	15656	21
12873	15657	21
13640	15658	21
32884	15659	21
14325	15660	21
13634	15661	21
8980	15662	21
15641	15663	21
12903	15664	21
26444	15665	21
13015	15666	21
21735	15667	21
13180	15668	21
12755	15669	21
15950	15670	21
31392	15671	21
11630	15672	21
19439	15673	21
9039	15674	21
9041	15675	21
26983	15676	21
26985	15677	21
16753	15678	21
16768	15679	21
5994	15680	21
6005	15681	21
1604	15682	21
3119	15683	21
22243	15684	21
26273	15685	21
9204	15686	21
25251	15687	21
24275	15688	21
24284	15689	21
15663	15690	21
24667	15691	21
6787	15692	21
12113	15693	21
13315	15694	21
30450	15695	21
25924	15696	21
25926	15697	21
15410	15698	21
32371	15699	21
15267	15700	21
24064	15701	21
14125	15702	21
14147	15703	21
14185	15704	21
18703	15705	21
20491	15706	21
22941	15707	21
15936	15708	21
15938	15709	21
5291	15710	21
5298	15711	21
9795	15712	21
16898	15713	21
11297	15714	21
11448	15715	21
13353	15716	21
26399	15717	21
15371	15718	21
27902	15719	21
9005	15720	21
20984	15721	21
20805	15722	21
27416	15723	21
27388	15724	21
27391	15725	21
6513	15726	21
11714	15727	21
3503	15728	21
6571	15729	21
12534	15730	14
12691	15730	7
25787	15731	21
13980	15732	21
22364	15733	21
5238	15734	21
25704	15735	21
4476	15736	21
8288	15737	21
20103	15738	21
20308	15739	21
12231	15740	21
12281	15741	21
11211	15742	21
11221	15743	21
15465	15744	21
16189	15745	21
3353	15746	21
3355	15747	21
14679	15748	21
15025	15749	21
22590	15750	21
30407	15751	21
15424	15752	21
32278	15753	21
16009	15754	21
29577	15755	21
15418	15756	21
24209	15757	21
24237	15758	21
32203	15759	21
13217	15760	21
26740	15761	21
10559	15762	21
11862	15763	21
4228	15764	21
7832	15765	21
14673	15766	21
23352	15767	21
24522	15768	21
31711	15769	21
13902	15770	21
23021	15771	21
14036	15772	21
22457	15773	21
19930	15774	21
19981	15775	21
18405	15776	21
18417	15777	21
1567	15778	21
17834	15779	21
15297	15780	21
32221	15781	21
14004	15782	21
31908	15783	21
22340	15784	21
33080	15785	21
16330	15786	21
16332	15787	21
13408	15788	21
24779	15789	21
13709	15790	21
31031	15791	21
13414	15792	21
31508	15793	21
14303	15794	21
26402	15795	21
17394	15796	21
27691	15797	21
11285	15798	21
11432	15799	21
14267	15800	21
16921	15801	21
26226	15802	21
26752	15803	21
13507	15804	21
19900	15805	21
18259	15806	21
18396	15807	21
9154	15808	21
31017	15809	21
11253	15810	21
11291	15811	21
13938	15812	21
22292	15813	21
12692	15814	21
28818	15815	21
12814	15816	21
27739	15817	21
15634	15818	21
27693	15819	21
9363	15820	21
9462	15821	21
2847	15822	21
17065	15823	21
882	15824	21
2836	15825	21
22896	15826	21
23187	15827	21
24497	15828	21
31676	15829	21
1439	15830	21
2811	15831	21
10612	15832	21
10622	15833	21
975	15834	21
1918	15835	21
20860	15836	21
20867	15837	21
20475	15838	21
23252	15839	21
22711	15840	21
22714	15841	21
16858	15842	21
20009	15843	21
11090	15844	21
18745	15845	21
17558	15846	21
20322	15847	21
19165	15848	21
19233	15849	21
18381	15850	21
18431	15851	21
18174	15852	21
18191	15853	21
9772	15854	21
16862	15855	21
17509	15856	21
23606	15857	21
16843	15858	21
16854	15859	21
13241	15860	21
28412	15861	21
20384	15862	21
32070	15863	21
13210	15864	21
18335	15865	21
10543	15866	21
25718	15867	21
12939	15868	21
27943	15869	21
15582	15870	21
16409	15871	21
9668	15872	21
9670	15873	21
15924	15874	21
28324	15875	21
15326	15876	21
30469	15877	21
13890	15878	21
14486	15879	21
14272	15880	21
27174	15881	21
14411	15882	21
33024	15883	21
20846	15884	21
27798	15885	21
20743	15886	21
30940	15887	21
12993	15888	21
19702	15889	21
19482	15890	21
19486	15891	21
15530	15892	21
15533	15893	21
14318	15894	21
27839	15895	21
15308	15896	21
32226	15897	21
14007	15898	14
14023	15898	7
31913	15899	21
30356	15900	21
32809	15901	21
24518	15902	21
15278	15903	21
18231	15904	21
27292	15905	21
20352	15906	21
26855	15907	21
24321	15908	21
25843	15909	21
12589	15910	21
19600	15911	21
25208	15912	21
32167	15913	21
21127	15914	21
31617	15915	21
13798	15916	21
2223	15917	21
10755	15918	21
10757	15919	21
5045	15920	21
23014	15921	21
9693	15922	21
9695	15923	21
2590	15924	21
4947	15925	21
23064	15926	21
25594	15927	21
15200	15928	21
17529	15929	21
11033	15930	21
11035	15931	21
1654	15932	21
21898	15933	21
15983	15934	21
15989	15935	21
2220	15936	21
4249	15937	21
10650	15938	21
7235	15939	21
17188	15940	21
17202	15941	21
16763	15942	21
16767	15943	21
397	15944	21
16609	15945	21
15661	15946	21
29001	15947	21
29753	15948	21
32696	15949	21
15551	15950	21
18287	15951	21
10956	15952	21
18544	15953	21
17384	15954	21
13022	15955	21
17299	15956	21
15458	15957	21
8049	15958	21
14142	15959	21
22394	15960	21
22401	15961	21
20498	15962	21
9722	15963	21
14377	15964	21
15978	15965	21
13892	15966	21
23000	15967	21
10994	15968	21
25959	15969	21
24889	15970	21
25346	15971	21
21589	15972	21
21619	15973	21
14299	15974	21
18774	15975	21
29616	15976	21
29644	15977	21
29498	15978	21
29507	15979	21
4257	15980	21
4259	15981	21
4606	15982	21
8517	15983	21
22221	15984	21
26140	15985	21
10278	15986	21
17510	15987	21
11355	15988	21
19112	15989	21
1804	15990	21
12590	15991	21
15740	15992	21
15743	15993	21
17818	15994	21
17820	15995	21
15349	15996	21
25711	15997	21
25710	15998	21
26056	15999	21
13092	16000	21
23248	16001	21
5223	16002	21
9585	16003	21
12933	16004	21
26412	16005	21
14402	16006	21
27217	16007	21
18655	16008	21
18679	16009	21
10995	16010	21
25738	16011	21
8509	16012	21
8535	16013	21
13644	16014	21
18336	16015	21
13240	16016	21
31374	16017	21
14333	16018	21
30739	16019	21
11878	16020	21
11904	16021	21
14315	16022	21
14317	16023	21
3638	16024	21
6795	16025	21
20342	16026	21
23073	16027	21
7981	16028	21
14018	16029	21
17355	16030	21
28779	16031	21
25698	16032	21
25709	16033	21
12816	16034	21
25689	16035	21
25059	16036	21
25339	16037	21
4171	16038	21
7727	16039	21
20643	16040	21
13613	16041	7
18474	16041	14
9579	16042	21
32200	16043	21
13991	16044	21
32376	16045	21
15260	16046	21
25816	16047	21
27382	16048	21
27425	16049	21
12871	16050	21
23727	16051	21
6347	16052	21
6358	16053	21
1731	16054	21
1733	16055	21
11885	16056	21
12023	16057	21
13250	16058	21
21327	16059	21
12877	16060	21
20738	16061	21
18248	16062	21
18389	16063	21
2395	16064	21
4585	16065	21
8976	16066	21
24564	16067	21
7449	16068	21
31363	16069	21
13122	16070	21
23404	16071	21
2433	16072	21
4655	16073	21
5844	16074	21
10619	16075	21
3087	16076	21
5838	16077	21
15688	16078	21
24625	16079	21
11091	16080	21
11213	16081	21
21422	16082	21
32349	16083	21
1806	16084	21
3492	16085	21
10528	16086	21
17899	16087	21
14961	16088	21
14476	16089	21
17356	16090	21
29780	16091	21
19097	16092	21
19147	16093	21
14660	16094	21
19047	16095	21
27713	16096	21
32307	16097	21
17753	16098	21
19670	16099	21
14635	16100	21
23389	16101	21
18388	16102	21
18365	16103	21
13194	16104	21
25845	16105	21
11397	16106	21
11473	16107	21
11363	16108	21
11373	16109	21
20943	16110	21
28501	16111	21
15559	16112	21
24850	16113	21
12712	16114	21
20466	16115	21
20458	16116	21
22965	16117	21
4962	16118	21
4965	16119	21
13362	16120	21
32273	16121	21
15313	16122	21
24065	16123	21
20538	16124	21
28034	16125	21
14035	16126	21
27000	16127	21
254	16128	21
509	16129	21
14095	16130	21
32976	16131	21
9730	16132	21
16938	16133	21
20337	16134	21
25047	16135	21
17365	16136	21
19674	16137	21
26929	16138	21
28549	16139	21
13184	16140	21
27502	16141	21
10930	16142	21
28505	16143	21
17825	16144	21
26830	16145	21
13665	16146	21
21964	16147	21
10202	16148	21
30006	16149	21
17465	16150	21
26109	16151	21
11552	16152	21
12133	16153	21
9887	16154	21
9897	16155	21
491	16156	21
979	16157	21
17472	16158	21
24738	16159	21
7947	16160	21
24619	16161	21
1616	16162	21
3142	16163	21
15998	16164	21
25008	16165	21
4254	16166	21
7875	16167	21
12371	16168	21
12396	16169	21
3046	16170	21
5763	16171	21
22617	16172	21
30446	16173	21
17759	16174	21
17851	16175	21
14722	16176	21
23427	16177	21
11117	16178	21
1324	16179	21
15224	16180	21
20151	16181	21
18724	16182	21
18739	16183	21
9129	16184	21
9140	16185	21
14715	16186	21
19044	16187	21
13202	16188	21
15925	16189	21
13204	16190	21
32849	16191	21
27697	16192	21
31345	16193	21
23325	16194	21
23328	16195	21
15270	16196	21
19297	16197	21
15241	16198	21
22123	16199	21
18132	16200	21
30188	16201	21
13875	16202	21
32331	16203	21
13243	16204	21
31057	16205	21
15239	16206	21
32742	16207	21
21744	16208	21
10447	16209	21
13974	16210	21
32618	16211	21
12812	16212	21
31985	16213	21
19411	16214	21
20125	16215	21
16675	16216	21
17171	16217	21
31114	16218	21
25192	16219	21
9424	16220	21
9431	16221	21
3692	16222	21
3699	16223	21
12892	16224	21
20766	16225	21
20758	16226	21
26829	16227	21
13104	16228	21
26816	16229	21
11143	16230	21
23035	16231	21
14639	16232	21
25253	16233	21
17409	16234	21
17826	16235	21
12588	16236	21
28425	16237	21
10667	16238	21
11945	16239	21
174	16240	21
16433	16241	21
16169	16242	21
16172	16243	21
14200	16244	21
28450	16245	21
8998	16246	21
23679	16247	21
17415	16248	21
29581	16249	21
29144	16250	21
30737	16251	21
10916	16252	21
18473	16253	21
10030	16254	21
10092	16255	21
9970	16256	21
10011	16257	21
31598	16258	21
31621	16259	21
16484	16260	21
31505	16261	21
18463	16262	21
23718	16263	21
6326	16264	21
55	16265	21
5920	16266	21
10843	16267	21
20561	16268	21
21987	16269	21
17769	16270	21
26757	16271	21
9069	16272	21
15790	16273	21
12678	16274	21
14307	16275	21
14474	16276	21
5901	16277	21
14383	16278	21
27228	16279	21
9127	16280	21
335	16281	21
8920	16282	21
24403	16283	21
14875	16284	21
14882	16285	21
8058	16286	21
14158	16287	21
27238	16288	21
27281	16289	21
14388	16290	21
14608	16291	21
17013	16292	21
17015	16293	21
10913	16294	21
30250	16295	21
13968	16296	21
13682	16297	21
13513	16298	21
32717	16299	21
14925	16300	21
21627	16301	21
14813	16302	21
23555	16303	21
17005	16304	21
17218	16305	21
15572	16306	21
16941	16307	21
4699	16308	21
4706	16309	21
15669	16310	21
28451	16311	21
10900	16312	21
18444	16313	21
18443	16314	21
19138	16315	21
18172	16316	21
18211	16317	21
15243	16318	21
27508	16319	21
14093	16320	21
2400	16321	21
12698	16322	21
22575	16323	21
15695	16324	21
15697	16325	21
17093	16326	21
17267	16327	21
14291	16328	21
16894	16329	21
15679	16330	21
16555	16331	21
16780	16332	21
16928	16333	21
18386	16334	21
18433	16335	21
18332	16336	21
18343	16337	21
24158	16338	21
30498	16339	21
29213	16340	21
29215	16341	21
14392	16342	21
22997	16343	21
24472	16344	21
31652	16345	21
15408	16346	21
32839	16347	21
5749	16348	21
10450	16349	21
6764	16350	21
12073	16351	21
10088	16352	21
10109	16353	21
9491	16354	21
9507	16355	21
2926	16356	21
2937	16357	21
13975	16358	21
31499	16359	21
15379	16360	21
32438	16361	21
1930	16362	21
1932	16363	21
12929	16364	21
27608	16365	21
12691	16366	14
12693	16366	7
30247	16367	21
30208	16368	21
32650	16369	21
13503	16370	21
32643	16371	21
14691	16372	21
27461	16373	21
18884	16374	21
18940	16375	21
14178	16376	21
18730	16377	21
12830	16378	21
26038	16379	21
15939	16380	21
30639	16381	21
13954	16382	21
30009	16383	21
19719	16384	21
19727	16385	21
11837	16386	21
24577	16387	21
3152	16388	21
5959	16389	21
23429	16390	21
31103	16391	21
13186	16392	21
30058	16393	21
29842	16394	21
29926	16395	21
15921	16396	21
24891	16397	21
8280	16398	21
14537	16399	21
20460	16400	21
31709	16401	21
13614	16402	21
13825	16403	21
15605	16404	21
28105	16405	21
7933	16406	21
31082	16407	21
15274	16408	21
26127	16409	21
11583	16410	21
12156	16411	21
17372	16412	21
27367	16413	21
17762	16414	21
17822	16415	21
15446	16416	21
15453	16417	21
10730	16418	21
10852	16419	21
26582	16420	21
31136	16421	21
10597	16422	21
32348	16423	21
12924	16424	21
14817	16425	21
13919	16426	21
6473	16427	21
16047	16428	21
27057	16429	21
16459	16430	21
14467	16431	21
16585	16432	21
25682	16433	21
13034	16434	21
21015	16435	21
22501	16436	21
23558	16437	21
21409	16438	21
28867	16439	21
12937	16440	21
20844	16441	21
20829	16442	21
27616	16443	21
27609	16444	21
27612	16445	21
573	16446	21
13845	16447	21
24949	16448	21
25228	16449	21
12671	16450	21
21656	16451	21
24118	16452	21
28726	16453	21
19175	16454	21
19237	16455	21
10057	16456	21
10106	16457	21
3750	16458	21
3753	16459	21
17310	16460	21
19266	16461	21
13532	16462	21
17928	16463	21
28492	16464	21
28535	16465	21
13901	16466	21
24843	16467	21
14121	16468	21
14890	16469	21
8305	16470	21
8330	16471	21
16547	16472	21
30482	16473	21
8382	16474	21
23409	16475	21
4239	16476	21
17518	16477	21
3603	16478	21
6738	16479	21
13643	16480	21
21933	16481	21
8390	16482	21
14709	16483	21
14496	16484	21
27286	16485	21
21661	16486	21
21694	16487	21
13525	16488	21
26651	16489	21
29391	16490	21
29412	16491	21
29331	16492	21
31554	16493	21
15436	16494	21
24260	16495	21
14998	16496	21
23782	16497	21
11030	16498	21
18663	16499	21
6165	16500	21
11159	16501	21
20754	16502	21
28499	16503	21
22145	16504	21
22152	16505	21
11185	16506	21
11050	16507	21
10483	16508	21
26849	16509	21
26355	16510	21
26823	16511	21
3134	16512	21
5925	16513	21
20348	16514	21
23065	16515	21
8788	16516	21
15303	16517	21
13126	16518	21
18918	16519	21
13478	16520	21
13485	16521	21
8272	16522	21
30688	16523	21
12663	16524	21
21807	16525	21
16635	16526	21
32326	16527	21
23025	16528	21
23032	16529	21
4669	16530	21
4671	16531	21
13335	16532	21
21464	16533	21
14008	16534	21
32489	16535	21
13534	16536	21
32210	16537	21
21507	16538	21
32087	16539	21
17367	16540	21
29364	16541	21
9103	16542	21
9136	16543	21
14064	16544	21
25036	16545	21
6555	16546	21
6588	16547	21
20946	16548	21
20948	16549	21
18355	16550	21
18359	16551	21
13247	16552	21
18354	16553	21
9059	16554	21
15773	16555	21
13255	16556	21
27180	16557	21
12730	16558	21
16851	16559	21
2616	16560	21
32014	16561	21
21494	16562	21
27732	16563	21
24203	16564	21
28881	16565	21
20049	16566	21
20289	16567	21
18962	16568	21
19217	16569	21
15209	16570	21
18860	16571	21
15405	16572	21
21590	16573	21
17682	16574	21
26646	16575	21
1006	16576	21
1008	16577	21
13877	16578	21
19710	16579	21
20365	16580	21
21037	16581	21
18376	16582	21
18429	16583	21
8660	16584	21
8697	16585	21
1260	16586	21
21392	16587	21
8618	16588	21
8625	16589	21
14313	16590	21
22874	16591	21
31102	16592	21
13956	16593	21
8085	16594	21
14206	16595	21
16488	16596	21
16490	16597	21
22249	16598	21
26426	16599	21
13946	16600	21
17662	16601	21
14683	16602	21
32393	16603	21
30506	16604	21
17720	16605	21
25349	16606	21
25504	16607	21
8314	16608	21
8316	16609	21
29207	16610	21
29277	16611	21
9013	16612	21
30729	16613	21
9116	16614	21
15865	16615	21
10915	16616	21
18577	16617	21
17479	16618	21
26365	16619	21
21335	16620	21
27106	16621	21
28602	16622	21
28720	16623	21
21074	16624	21
27431	16625	21
14207	16626	21
14211	16627	21
13916	16628	21
26853	16629	21
7477	16630	21
13149	16631	21
14480	16632	21
23123	16633	21
13981	16634	21
32215	16635	21
25366	16636	21
32154	16637	21
24230	16638	21
31459	16639	21
31457	16640	21
32057	16641	21
11585	16642	21
19370	16643	21
4827	16644	21
8896	16645	21
12157	16646	21
3827	16647	21
12297	16648	21
498	16649	21
3365	16650	21
3391	16651	21
20347	16652	21
25475	16653	21
25782	16654	21
26262	16655	21
23624	16656	21
23385	16657	21
4693	16658	21
8663	16659	21
17357	16660	21
1372	16661	21
14337	16662	21
30728	16663	21
13167	16664	21
13175	16665	21
28926	16666	21
29592	16667	21
14331	16668	21
22903	16669	21
951	16670	21
1874	16671	21
8936	16672	21
13245	16673	21
3124	16674	21
5908	16675	21
1683	16676	21
3269	16677	21
21254	16678	21
29129	16679	21
17468	16680	21
30590	16681	21
13145	16682	21
21146	16683	21
15901	16684	21
26935	16685	21
2069	16686	21
22246	16687	21
22216	16688	21
23901	16689	21
21844	16690	21
6583	16691	21
12708	16692	21
22964	16693	21
22029	16694	21
20839	16695	21
28947	16696	21
32585	16697	21
18674	16698	21
18676	16699	21
13666	16700	21
13691	16701	21
15658	16702	21
32082	16703	21
13299	16704	21
22081	16705	21
15846	16706	21
24830	16707	21
20578	16708	21
30902	16709	21
11722	16710	21
19597	16711	21
15622	16712	21
24525	16713	21
23356	16714	21
23642	16715	21
26654	16716	21
28464	16717	21
18133	16718	21
19862	16719	21
8659	16720	21
15127	16721	21
319	16722	21
638	16723	21
1783	16724	21
3447	16725	21
13517	16726	21
28409	16727	21
15612	16728	21
32909	16729	21
14630	16730	21
28607	16731	21
17919	16732	21
14653	16733	21
15789	16734	21
15795	16735	21
10912	16736	21
18465	16737	21
18457	16738	21
22188	16739	21
21663	16740	21
21700	16741	21
17533	16742	21
17535	16743	21
20396	16744	21
27205	16745	21
15337	16746	21
24102	16747	21
24057	16748	21
27878	16749	21
13151	16750	21
27832	16751	21
7701	16752	21
13551	16753	21
12819	16754	21
17302	16755	21
22304	16756	21
28028	16757	21
2285	16758	21
30585	16759	21
15684	16760	21
27072	16761	21
16516	16762	21
25562	16763	21
20637	16764	21
26721	16765	21
13415	16766	21
31223	16767	21
23112	16768	21
23244	16769	21
14902	16770	21
14943	16771	21
22588	16772	21
8140	16773	21
15363	16774	21
13734	16775	21
9732	16776	21
16799	16777	21
26128	16778	21
30257	16779	21
30255	16780	21
31356	16781	21
11698	16782	21
12230	16783	21
23061	16784	21
1416	16785	14
10703	16785	7
10743	16786	21
27298	16787	21
8073	16788	21
14184	16789	21
5976	16790	21
6001	16791	21
8946	16792	21
31418	16793	21
12161	16794	21
12357	16795	21
11932	16796	21
11968	16797	21
15753	16798	21
15832	16799	21
25389	16800	21
25521	16801	21
9997	16802	21
10000	16803	21
15351	16804	21
30070	16805	21
15361	16806	21
21144	16807	21
15362	16808	21
24135	16809	21
24131	16810	21
29518	16811	21
29050	16812	21
29059	16813	21
4920	16814	21
9068	16815	21
6512	16816	21
6548	16817	21
17575	16818	21
19974	16819	21
16400	16820	21
16448	16821	21
16201	16822	21
16037	16823	21
14373	16824	21
15610	16825	21
9036	16826	21
9043	16827	21
31804	16828	21
32452	16829	21
17956	16830	21
32286	16831	21
14671	16832	21
23637	16833	21
10186	16834	21
17345	16835	21
11628	16836	21
11819	16837	21
11748	16838	21
11759	16839	21
20752	16840	21
26730	16841	21
26594	16842	21
26597	16843	21
21881	16844	21
26294	16845	21
12108	16846	21
12329	16847	21
11877	16848	21
12019	16849	21
5447	16850	21
5449	16851	21
21416	16852	21
31322	16853	21
12449	16854	21
31320	16855	21
20539	16856	21
28692	16857	21
23993	16858	21
25498	16859	21
9925	16860	21
10074	16861	21
9064	16862	21
15781	16863	21
16117	16864	21
16205	16865	21
14282	16866	21
24904	16867	21
19083	16868	21
19108	16869	21
16104	16870	21
16196	16871	21
10700	16872	21
10702	16873	21
445	16874	21
889	16875	21
6171	16876	21
6177	16877	21
20474	16878	21
23276	16879	21
20463	16880	21
20350	16881	21
993	16882	21
1950	16883	21
21134	16884	21
31970	16885	21
16001	16886	21
32161	16887	21
442	16888	21
19220	16889	21
10001	16890	21
10005	16891	21
9920	16892	21
9923	16893	21
9969	16894	21
10010	16895	21
21056	16896	21
15881	16897	21
15902	16898	21
18329	16899	21
17480	16900	21
14507	16901	21
14719	16902	21
23504	16903	21
11102	16904	21
11201	16905	21
21315	16906	21
28624	16907	21
4204	16908	21
7788	16909	21
4138	16910	21
7671	16911	21
10358	16912	21
10420	16913	21
13182	16914	21
22470	16915	21
18686	16916	21
20018	16917	21
15576	16918	21
31269	16919	21
14293	16920	21
30933	16921	21
9719	16922	21
16791	16923	21
13170	16924	21
21192	16925	21
7189	16926	21
7191	16927	21
10418	16928	21
17743	16929	21
20445	16930	21
22713	16931	21
10974	16932	21
32786	16933	21
4128	16934	21
7646	16935	21
21115	16936	21
29189	16937	21
14663	16938	21
30755	16939	21
16486	16940	21
26002	16941	21
26585	16942	21
26587	16943	21
10850	16944	21
10861	16945	21
10759	16946	21
18401	16947	21
16149	16948	21
16151	16949	21
17906	16950	21
27302	16951	21
17590	16952	21
28384	16953	21
22499	16954	21
32653	16955	21
11523	16956	21
22157	16957	21
21982	16958	21
28222	16959	21
28220	16960	21
28791	16961	21
9686	16962	21
16735	16963	21
16871	16964	21
16878	16965	21
15365	16966	21
31996	16967	21
17576	16968	21
21162	16969	21
14500	16970	21
14590	16971	21
9158	16972	21
25065	16973	21
31020	16974	21
31026	16975	21
30741	16976	21
17622	16977	21
20937	16978	21
21018	16979	21
13051	16980	21
19850	16981	21
24111	16982	21
26007	16983	21
12269	16984	21
12287	16985	21
3234	16986	21
6107	16987	21
8055	16988	21
14152	16989	21
10544	16990	21
17930	16991	21
18045	16992	21
27085	16993	21
15761	16994	21
31951	16995	21
14323	16996	21
31851	16997	21
15803	16998	21
19667	16999	21
6454	17000	21
6822	17001	21
20543	17002	21
21003	17003	21
21001	17004	21
28792	17005	21
17598	17006	21
28226	17007	21
12083	17008	21
12314	17009	21
6786	17010	21
6943	17011	21
12145	17012	21
12346	17013	21
11916	17014	21
11957	17015	21
17641	17016	21
28806	17017	21
13099	17018	21
12729	17019	21
15350	17020	21
26114	17021	21
13368	17022	21
31273	17023	21
14139	17024	21
30462	17025	21
18005	17026	21
27138	17027	21
20793	17028	21
20795	17029	21
14239	17030	21
14611	17031	21
14448	17032	21
14451	17033	21
12791	17034	21
20605	17035	21
20547	17036	21
24285	17037	21
7670	17038	21
7673	17039	21
6400	17040	21
11501	17041	21
8733	17042	21
15199	17043	21
15160	17044	21
15180	17045	21
13836	17046	21
13851	17047	21
13690	17048	21
13701	17049	21
13564	17050	21
32942	17051	21
12753	17052	21
22271	17053	21
12955	17054	21
20883	17055	21
20385	17056	21
27218	17057	21
23760	17058	21
23783	17059	21
15970	17060	21
16308	17061	21
19360	17062	21
20092	17063	21
18610	17064	21
11492	17065	21
18346	17066	21
18361	17067	21
18066	17068	21
18077	17069	21
28360	17070	21
16003	17071	21
16541	17072	21
30016	17073	21
20847	17074	21
27817	17075	21
11105	17076	21
16627	17077	21
24639	17078	21
24649	17079	21
11401	17080	21
11454	17081	21
10816	17082	21
10819	17083	21
7342	17084	21
12916	17085	21
13911	17086	21
22244	17087	21
22229	17088	21
25311	17089	21
24074	17090	21
25131	17091	21
12783	17092	21
25002	17093	21
14189	17094	21
22387	17095	21
7957	17096	21
13973	17097	21
1820	17098	21
1822	17099	21
15561	17100	21
25949	17101	21
10910	17102	21
18995	17103	21
21148	17104	21
28983	17105	21
28934	17106	21
614	17107	21
12474	17108	21
31567	17109	21
19575	17110	21
27988	17111	21
18086	17112	21
27330	17113	21
17567	17114	21
19555	17115	21
15235	17116	21
28987	17117	21
28907	17118	21
29281	17119	21
1384	17120	21
2707	17121	21
476	17122	21
3609	17123	21
10441	17124	21
11779	17125	21
5929	17126	21
27351	17127	21
14479	17128	21
30913	17129	21
14072	17130	21
32655	17131	21
20597	17132	21
25128	17133	21
22931	17134	21
22421	17135	21
14646	17136	21
32620	17137	21
29117	17138	21
20592	17139	21
28958	17140	21
32115	17141	21
17952	17142	21
32086	17143	21
11101	17144	21
25398	17145	21
14667	17146	21
32820	17147	21
13625	17148	21
32795	17149	21
13907	17150	21
22444	17151	21
670	17152	21
1330	17153	21
13233	17154	21
31018	17155	21
27102	17156	21
27105	17157	21
13215	17158	21
29878	17159	21
15926	17160	21
28655	17161	21
11915	17162	21
16011	17163	21
21427	17164	21
31540	17165	21
14105	17166	21
18641	17167	21
20166	17168	21
20230	17169	21
11999	17170	21
12050	17171	21
11940	17172	21
11951	17173	21
13260	17174	21
21345	17175	21
4167	17176	21
7719	17177	21
21346	17178	21
21348	17179	21
15995	17180	21
2913	17181	21
9521	17182	21
17232	17183	21
13555	17184	21
32334	17185	21
14088	17186	21
32948	17187	21
20876	17188	21
20900	17189	21
20854	17190	21
27905	17191	21
17569	17192	21
27892	17193	21
16029	17194	21
31477	17195	21
15426	17196	21
29872	17197	21
8570	17198	21
15040	17199	21
8034	17200	21
14114	17201	21
16334	17202	21
25429	17203	21
27818	17204	21
27959	17205	21
13103	17206	21
30044	17207	21
13895	17208	21
22692	17209	21
25167	17210	21
25191	17211	21
20496	17212	21
23709	17213	21
21044	17214	21
25194	17215	21
3548	17216	21
3550	17217	21
28062	17218	21
28177	17219	21
13896	17220	21
12741	17221	21
14063	17222	21
23745	17223	21
5293	17224	21
5295	17225	21
21350	17226	21
21357	17227	21
18865	17228	21
18879	17229	21
17739	17230	21
17749	17231	21
9972	17232	21
17137	17233	21
13874	17234	21
19243	17235	21
79	17236	21
15181	17237	21
3763	17238	21
3778	17239	21
3607	17240	21
3617	17241	21
16629	17242	21
24957	17243	21
15236	17244	21
29244	17245	21
11068	17246	21
11071	17247	21
15909	17248	21
28618	17249	21
9220	17250	21
25450	17251	21
30105	17252	21
31173	17253	21
13248	17254	21
31138	17255	21
4811	17256	21
8866	17257	21
21519	17258	21
29467	17259	21
17313	17260	21
18587	17261	21
11065	17262	21
11067	17263	21
20757	17264	21
22045	17265	21
22685	17266	21
30511	17267	21
6544	17268	21
6551	17269	21
6064	17270	21
7350	17271	21
18599	17272	21
27654	17273	21
29239	17274	21
29260	17275	21
29258	17276	21
8507	17277	21
30715	17278	21
30735	17279	21
11556	17280	21
19325	17281	21
25730	17282	21
25732	17283	21
20371	17284	21
31885	17285	21
14718	17286	21
21208	17287	21
26168	17288	21
26322	17289	21
21063	17290	21
25987	17291	21
2386	17292	21
4568	17293	21
26813	17294	21
28524	17295	21
28408	17296	21
28411	17297	21
8651	17298	21
15117	17299	21
13369	17300	21
30302	17301	21
14019	17302	21
8891	17303	21
18653	17304	21
33123	17305	21
20593	17306	21
23042	17307	21
14704	17308	21
14712	17309	21
14862	17310	21
14887	17311	21
15428	17312	21
15430	17313	21
6301	17314	21
10679	17315	21
23449	17316	21
31129	17317	21
29310	17318	21
32355	17319	21
15319	17320	21
26675	17321	21
15946	17322	21
21504	17323	21
20405	17324	21
27415	17325	21
995	17326	21
6963	17327	21
6975	17328	21
6997	17329	21
3760	17330	21
3776	17331	21
3604	17332	21
3615	17333	21
9334	17334	21
16212	17335	21
10241	17336	21
17444	17337	21
17440	17338	21
24095	17339	21
15304	17340	21
25690	17341	21
9935	17342	21
9937	17343	21
4445	17344	21
8232	17345	21
11828	17346	21
17205	17347	21
15900	17348	21
17278	17349	21
16918	17350	21
15845	17351	21
15461	17352	21
16761	17353	21
1694	17354	21
3290	17355	21
21169	17356	21
21863	17357	21
15201	17358	21
15632	17359	21
22267	17360	21
27974	17361	21
16362	17362	21
16376	17363	21
16347	17364	21
16357	17365	21
13959	17366	21
11174	17367	21
2227	17368	21
2229	17369	21
16061	17370	21
17119	17371	21
14737	17372	21
14793	17373	21
21894	17374	21
21118	17375	21
4383	17376	21
8115	17377	21
17306	17378	14
18048	17378	7
18048	17379	14
33121	17379	7
14193	17380	21
8429	17381	21
13244	17382	21
29278	17383	21
29276	17384	21
31370	17385	21
12784	17386	21
25109	17387	21
9191	17388	21
15979	17389	21
6139	17390	21
11114	17391	21
4916	17392	21
9060	17393	21
13587	17394	21
21847	17395	21
14665	17396	21
17057	17397	21
7699	17398	21
29703	17399	21
13950	17400	21
27369	17401	21
15783	17402	21
24751	17403	21
18320	17404	21
13203	17405	21
6501	17406	21
11772	17407	21
2775	17408	21
5287	17409	21
17470	17410	21
26358	17411	21
26357	17412	21
26867	17413	21
10707	17414	21
10709	17415	21
1488	17416	21
2932	17417	21
22708	17418	21
22710	17419	21
12818	17420	21
30322	17421	21
30296	17422	21
31408	17423	21
29912	17424	21
29939	17425	21
22315	17426	21
29937	17427	21
14071	17428	21
30218	17429	21
23485	17430	21
23494	17431	21
6295	17432	21
11362	17433	21
15264	17434	21
24804	17435	21
14175	17436	18
17382	17436	3
27688	17437	21
10300	17438	21
10307	17439	21
7212	17440	21
722	17441	21
20650	17442	21
17719	17443	21
14564	17444	21
23233	17445	21
9071	17446	21
15794	17447	21
21059	17448	21
25433	17449	21
12679	17450	21
6197	17451	21
20671	17452	21
26011	17453	21
25994	17454	21
25997	17455	21
32747	17456	21
32780	17457	21
30015	17458	21
30042	17459	21
29500	17460	21
29508	17461	21
7369	17462	21
12966	17463	21
23331	17464	21
28880	17465	21
10320	17466	21
28708	17467	21
20444	17468	21
27472	17469	21
3970	17470	14
15355	17470	7
15047	17471	21
15927	17472	21
24901	17473	21
22140	17474	21
22191	17475	21
21967	17476	21
22003	17477	21
18082	17478	21
28657	17479	21
17620	17480	21
28307	17481	21
17314	17482	21
18580	17483	21
299	17484	21
23095	17485	21
14048	17486	21
22485	17487	21
16180	17488	21
25759	17489	21
9626	17490	21
16640	17491	21
923	17492	21
1821	17493	21
21772	17494	21
22077	17495	21
20482	17496	21
23327	17497	21
8362	17498	21
10298	17499	21
21310	17500	21
25973	17501	21
14838	17502	21
14855	17503	21
11842	17504	21
19722	17505	21
19720	17506	21
26847	17507	21
15492	17508	21
24344	17509	21
15971	17510	21
24972	17511	21
20740	17512	21
28513	17513	21
7624	17514	21
13421	17515	21
3511	17516	21
3518	17517	21
20345	17518	21
13338	17519	21
10340	17520	21
30185	17521	21
229	17522	21
19626	17523	21
10718	17524	21
10728	17525	21
14695	17526	21
15035	17527	21
3212	17528	21
6065	17529	21
13360	17530	21
30387	17531	21
6097	17532	21
6099	17533	21
15775	17534	21
16984	17535	21
16738	17536	21
16749	17537	21
24888	17538	21
32155	17539	21
21415	17540	21
26368	17541	21
17555	17542	21
18924	17543	21
14304	17544	21
32532	17545	21
14181	17546	21
25009	17547	21
21104	17548	21
32184	17549	21
12906	17550	21
20792	17551	21
20791	17552	21
27272	17553	21
21073	17554	21
27247	17555	21
10949	17556	21
18532	17557	21
21908	17558	21
21989	17559	21
5845	17560	21
10621	17561	21
13174	17562	21
21198	17563	21
7539	17564	21
13268	17565	21
2469	17566	21
2471	17567	21
14012	17568	21
30274	17569	21
20732	17570	21
26378	17571	21
22825	17572	21
22827	17573	21
20157	17574	21
20227	17575	21
16637	17576	21
20143	17577	21
19449	17578	21
19484	17579	21
14863	17580	21
32804	17581	21
20446	17582	21
25952	17583	21
18647	17584	21
31498	17585	21
17380	17586	21
18096	17587	21
17997	17588	21
32761	17589	21
9190	17590	21
30791	17591	21
14908	17592	21
23680	17593	21
13163	17594	21
21180	17595	21
20574	17596	21
26470	17597	21
14744	17598	21
31903	17599	21
17592	17600	21
22497	17601	21
7831	17602	21
13775	17603	21
20797	17604	21
24760	17605	21
17464	17606	21
28236	17607	21
17477	17608	21
14290	17609	21
6246	17610	21
28029	17611	21
9356	17612	21
32256	17613	21
23368	17614	21
31048	17615	21
15997	17616	21
25091	17617	21
14484	17618	21
14577	17619	21
963	17620	21
1895	17621	21
14675	17622	21
29403	17623	21
14062	17624	21
31919	17625	21
17474	17626	21
18697	17627	21
13536	17628	21
25752	17629	21
18237	17630	21
21726	17631	21
24707	17632	21
24835	17633	21
26153	17634	21
26320	17635	21
8956	17636	21
15597	17637	21
14215	17638	21
22740	17639	21
12796	17640	21
25505	17641	21
23989	17642	21
25501	17643	21
1494	17644	21
2911	17645	21
11980	17646	21
10753	17647	21
14497	17648	21
23144	17649	21
28844	17650	21
28872	17651	21
13115	17652	21
28819	17653	21
27730	17654	21
27740	17655	21
13307	17656	21
27690	17657	21
17416	17658	21
31733	17659	21
13192	17660	21
26806	17661	21
7390	17662	21
13004	17663	21
17522	17664	21
19490	17665	21
15540	17666	21
24408	17667	21
23973	17668	21
24093	17669	21
13012	17670	21
20962	17671	21
20959	17672	21
25043	17673	21
15760	17674	21
15861	17675	21
10360	17676	21
17646	17677	21
13231	17678	21
21297	17679	21
7657	17680	21
13479	17681	21
13770	17682	21
13779	17683	21
14406	17684	21
23020	17685	21
12900	17686	21
20781	17687	21
1591	17688	21
27121	17689	21
21378	17690	21
21381	17691	21
3351	17692	21
3358	17693	21
1813	17694	21
3505	17695	21
22547	17696	21
14341	17697	21
6514	17698	21
6866	17699	21
19506	17700	21
20165	17701	21
2030	17702	21
444	17703	21
29268	17704	21
31335	17705	21
22344	17706	21
31420	17707	21
29985	17708	21
29987	17709	21
14087	17710	21
14201	17711	21
15808	17712	21
17991	17713	21
30680	17714	21
30956	17715	21
12315	17716	21
12318	17717	21
6794	17718	21
6947	17719	21
17916	17720	21
26092	17721	21
21062	17722	21
25876	17723	21
22759	17724	21
22794	17725	21
16538	17726	21
32656	17727	21
13562	17728	21
1408	17729	21
27640	17730	21
24654	17731	21
7654	17732	21
13474	17733	21
22560	17734	21
27182	17735	21
29692	17736	21
32527	17737	21
26969	17738	21
27368	17739	21
14729	17740	21
26327	17741	21
25998	17742	21
26037	17743	21
3945	17744	21
23058	17745	21
17034	17746	21
14690	17747	21
31096	17748	21
31384	17749	21
30781	17750	21
25726	17751	21
2038	17752	21
3892	17753	21
28374	17754	21
28839	17755	21
27815	17756	21
27958	17757	21
20355	17758	21
27767	17759	21
21261	17760	21
21652	17761	21
26769	17762	21
28507	17763	21
23825	17764	21
23827	17765	21
6666	17766	21
6673	17767	21
14637	17768	21
27328	17769	21
3860	17770	21
7129	17771	21
16050	17772	21
25089	17773	21
11519	17774	21
26859	17775	21
20571	17776	21
21921	17777	21
15202	17778	21
19988	17779	21
10584	17780	21
18000	17781	21
8392	17782	21
8394	17783	21
5669	17784	21
10303	17785	21
11533	17786	21
11650	17787	21
8826	17788	21
15370	17789	21
475	17790	21
948	17791	21
10321	17792	21
17574	17793	21
635	17794	21
2474	17795	21
598	17796	21
13224	17797	21
1753	17798	21
1755	17799	21
18001	17800	21
18039	17801	21
4189	17802	21
7761	17803	21
6254	17804	21
11300	17805	21
17559	17806	21
30646	17807	21
21278	17808	21
30892	17809	21
15591	17810	21
16812	17811	21
28050	17812	21
27024	17813	21
18488	17814	21
30086	17815	21
11061	17816	21
8434	17817	21
17556	17818	21
14626	17819	21
21193	17820	21
21195	17821	21
9316	17822	21
32196	17823	21
32063	17824	21
32069	17825	21
16639	17826	21
32424	17827	21
17382	17828	18
18625	17828	3
22515	17829	21
22507	17830	21
30967	17831	21
15406	17832	21
27577	17833	21
15376	17834	21
30574	17835	21
15462	17836	21
23570	17837	21
18245	17838	21
18390	17839	21
25257	17840	21
29952	17841	21
20353	17842	21
31898	17843	21
7809	17844	21
13737	17845	21
13267	17846	21
13269	17847	21
14747	17848	21
23489	17849	21
15401	17850	21
27619	17851	21
17379	17852	21
31073	17853	21
20944	17854	21
20951	17855	21
20763	17856	21
26882	17857	21
15571	17858	21
26404	17859	21
26911	17860	21
26918	17861	21
17900	17862	21
21101	17863	21
13556	17864	21
25819	17865	21
9022	17866	21
15715	17867	21
28560	17868	21
28709	17869	21
2704	17870	21
16424	17871	21
14253	17872	21
14255	17873	21
22287	17874	21
22289	17875	21
5156	17876	21
25522	17877	21
9566	17878	21
25506	17879	21
20340	17880	21
24771	17881	21
17381	17882	21
22482	17883	21
23842	17884	21
23891	17885	21
23503	17886	21
23538	17887	21
4135	17888	21
7659	17889	21
17371	17890	21
29578	17891	21
17369	17892	21
32427	17893	21
11678	17894	21
11774	17895	21
18331	17896	21
27405	17897	21
17476	17898	21
19456	17899	21
13951	17900	21
29252	17901	21
28961	17902	21
29479	17903	21
10349	17904	21
17626	17905	21
15754	17906	21
16179	17907	21
17453	17908	21
17460	17909	21
17446	17910	21
25980	17911	21
20452	17912	21
25964	17913	21
20771	17914	21
13997	17915	21
24688	17916	21
24701	17917	21
8325	17918	21
8335	17919	21
15352	17920	21
24116	17921	21
20346	17922	21
27441	17923	21
14987	17924	21
15133	17925	21
6546	17926	21
11755	17927	21
14265	17928	21
14919	17929	21
18454	17930	21
28077	17931	21
16628	17932	21
28066	17933	21
25121	17934	21
25132	17935	21
24101	17936	21
24104	17937	21
7186	17938	21
12627	17939	21
12568	17940	21
19081	17941	21
18593	17942	21
18597	17943	21
18555	17944	21
18558	17945	21
26424	17946	21
28347	17947	21
13557	17948	21
28298	17949	21
18609	17950	21
33071	17951	21
15609	17952	21
32998	17953	21
23101	17954	21
25482	17955	21
26563	17956	21
26565	17957	21
26537	17958	21
30278	17959	21
21449	17960	21
29361	17961	21
8307	17962	21
8309	17963	21
14387	17964	21
30819	17965	21
20399	17966	21
25354	17967	21
10205	17968	21
17378	17969	21
17370	17970	21
21709	17971	21
13397	17972	21
21575	17973	21
14770	17974	21
23510	17975	21
19540	17976	21
28848	17977	21
16007	17978	21
27967	17979	21
23182	17980	21
23215	17981	21
12070	17982	21
12307	17983	21
6779	17984	21
6936	17985	21
16846	17986	21
16848	17987	21
4438	17988	21
33115	17989	21
7338	17990	21
12908	17991	21
17363	17992	21
29992	17993	21
12540	17994	7
15203	17994	14
13453	17995	21
9651	17996	21
16694	17997	21
20639	17998	21
25563	17999	21
20821	18000	21
26832	18001	21
22283	18002	21
31730	18003	21
31726	18004	21
32244	18005	21
29752	18006	21
30027	18007	21
11119	18008	21
18791	18009	21
23799	18010	21
23947	18011	21
6864	18012	21
246	18013	21
32025	18014	21
32027	18015	21
15996	18016	21
24420	18017	21
23151	18018	21
20476	18019	21
17905	18020	21
33117	18021	21
9853	18022	21
9869	18023	21
8321	18024	21
8334	18025	21
14141	18026	21
22627	18027	21
17386	18028	21
28238	18029	21
10627	18030	21
18072	18031	21
20595	18032	21
33136	18033	21
20414	18034	21
21787	18035	21
20434	18036	21
22450	18037	21
8299	18038	21
14569	18039	21
19350	18040	21
20097	18041	21
11674	18042	21
12224	18043	21
110	18044	21
11441	18045	21
21565	18046	21
28213	18047	21
18969	18048	21
19176	18049	21
18244	18050	21
18392	18051	21
11504	18052	21
19135	18053	21
9813	18054	21
9854	18055	21
20401	18056	21
23163	18057	21
5233	18058	21
9604	18059	21
17128	18060	21
23572	18061	21
11402	18062	21
11462	18063	21
8652	18064	21
8692	18065	21
17402	18066	21
23836	18067	21
21182	18068	21
23411	18069	21
31564	18070	21
32402	18071	21
10668	18072	21
18139	18073	21
11094	18074	21
31101	18075	21
24446	18076	21
32843	18077	21
14186	18078	21
18699	18079	21
14622	18080	21
27885	18081	21
27883	18082	21
13718	18083	21
22691	18084	21
27671	18085	21
16485	18086	21
22752	18087	21
10572	18088	21
17980	18089	21
15372	18090	21
28651	18091	21
27156	18092	21
32468	18093	21
15473	18094	21
31994	18095	21
24315	18096	21
24394	18097	21
4803	18098	21
24950	18099	21
15109	18100	21
15167	18101	21
3725	18102	21
3768	18103	21
15556	18104	21
24675	18105	21
4666	18106	21
8620	18107	21
8741	18108	21
15214	18109	21
15213	18110	21
19221	18111	21
19184	18112	21
19199	18113	21
18294	18114	21
18305	18115	21
22245	18116	21
22247	18117	21
22217	18118	21
23956	18119	21
23656	18120	21
23669	18121	21
21568	18122	21
21577	18123	21
20495	18124	21
23580	18125	21
13094	18126	21
23970	18127	21
22174	18128	21
22185	18129	21
15347	18130	21
21956	18131	21
15828	18132	21
15838	18133	21
10993	18134	21
19082	18135	21
14059	18136	21
17022	18137	21
6201	18138	21
6203	18139	21
22033	18140	21
22117	18141	21
22281	18142	21
28528	18143	21
24808	18144	21
24821	18145	21
20896	18146	21
20905	18147	21
11679	18148	21
19507	18149	21
6057	18150	21
10973	18151	21
17712	18152	21
1401	18153	21
9165	18154	21
15931	18155	21
3579	18156	21
3606	18157	21
20437	18158	21
32932	18159	21
22258	18160	21
27474	18161	21
21521	18162	21
27219	18163	21
3643	18164	21
6800	18165	21
9111	18166	21
15857	18167	21
21785	18168	21
29709	18169	21
17624	18170	21
26562	18171	21
26554	18172	21
22151	18173	21
21685	18174	21
29630	18175	21
29241	18176	21
31244	18177	21
15231	18178	21
24623	18179	21
13102	18180	21
21068	18181	21
21064	18182	21
26103	18183	21
24870	18184	21
24883	18185	21
21030	18186	21
21041	18187	21
20716	18188	21
20719	18189	21
13680	18190	21
29242	18191	21
22465	18192	21
30271	18193	21
15512	18194	21
837	18195	21
19398	18196	21
28261	18197	21
17661	18198	21
26165	18199	21
20534	18200	21
24574	18201	21
20929	18202	21
26739	18203	21
26735	18204	21
21729	18205	21
9284	18206	21
9286	18207	21
3325	18208	21
19061	18209	21
10457	18210	21
17806	18211	21
2304	18212	21
22601	18213	21
19333	18214	21
24073	18215	14
28186	18215	7
11702	18216	21
19545	18217	21
17814	18218	21
26818	18219	21
19668	18220	21
19680	18221	21
15438	18222	21
19430	18223	21
11824	18224	21
12296	18225	21
10887	18226	21
11986	18227	21
14131	18228	21
33111	18229	21
24063	18230	21
24070	18231	21
15292	18232	21
817	18233	21
14795	18234	21
14806	18235	21
28009	18236	21
28165	18237	21
27352	18238	21
27473	18239	21
15070	18240	21
15081	18241	21
10696	18242	21
10722	18243	21
23548	18244	21
23578	18245	21
21050	18246	21
31105	18247	21
11079	18248	21
18734	18249	21
14135	18250	21
18665	18251	21
4956	18252	21
4963	18253	21
19828	18254	21
19883	18255	21
19263	18256	21
19813	18257	21
13592	18258	21
32498	18259	21
3138	18260	21
5933	18261	21
28092	18262	21
28136	18263	21
13864	18264	21
366	18265	21
14585	18266	21
2093	18267	21
15963	18268	21
24960	18269	21
12612	18270	21
20081	18271	21
20058	18272	21
20062	18273	21
11624	18274	21
11627	18275	21
11573	18276	21
12411	18277	21
17467	18278	21
26345	18279	21
26343	18280	21
26414	18281	21
14321	18282	21
32848	18283	21
1424	18284	21
2782	18285	21
11006	18286	21
24068	18287	21
21624	18288	21
27273	18289	21
27248	18290	21
27258	18291	21
21441	18292	21
25014	18293	21
21468	18294	21
28096	18295	21
16979	18296	21
16993	18297	21
15888	18298	21
15892	18299	21
15884	18300	21
15887	18301	21
11092	18302	21
11188	18303	21
17944	18304	21
14724	18305	21
17953	18306	21
26954	18307	21
13953	18308	21
29640	18309	21
5507	18310	21
5547	18311	21
279	18312	21
30191	18313	21
14119	18314	21
20131	18315	21
19424	18316	21
19434	18317	21
11113	18318	21
11115	18319	21
16643	18320	21
24140	18321	21
17256	18322	21
17273	18323	21
7095	18324	21
15102	18325	21
1186	18326	21
14461	18327	21
4002	18328	21
7406	18329	21
11096	18330	21
18753	18331	21
17560	18332	21
20343	18333	21
23106	18334	21
23237	18335	21
11098	18336	21
18757	18337	21
14501	18338	21
14589	18339	21
1851	18340	21
1853	18341	21
4190	18342	21
7763	18343	21
2696	18344	21
13535	18345	21
16265	18346	21
32143	18347	21
4592	18348	21
8494	18349	21
12797	18350	21
25507	18351	21
14820	18352	21
24762	18353	21
9070	18354	21
15792	18355	21
18638	18356	21
27685	18357	21
18988	18358	21
27993	18359	21
11150	18360	21
18840	18361	21
11038	18362	21
11045	18363	21
14432	18364	21
23056	18365	21
20426	18366	21
22298	18367	21
1042	18368	21
20218	18369	21
16899	18370	21
16913	18371	21
15737	18372	21
15747	18373	21
22680	18374	21
33061	18375	21
33004	18376	21
33076	18377	21
9876	18378	21
17044	18379	21
7715	18380	21
13577	18381	21
622	18382	21
1235	18383	21
1470	18384	21
2868	18385	21
17423	18386	21
28335	18387	21
10911	18388	21
26052	18389	21
18003	18390	21
27100	18391	21
13467	18392	21
21670	18393	21
7166	18394	21
19614	18395	21
6234	18396	21
6334	18397	21
27034	18398	21
21250	18399	21
15259	18400	21
26659	18401	21
18615	18402	21
27762	18403	21
14843	18404	21
23598	18405	21
2834	18406	21
5390	18407	21
9544	18408	21
9911	18409	21
15910	18410	21
29359	18411	21
14078	18412	21
32902	18413	21
20589	18414	21
24981	18415	21
3236	18416	21
6111	18417	21
21450	18418	21
22062	18419	21
9966	18420	21
17145	18421	21
21804	18422	21
23576	18423	21
16593	18424	21
25672	18425	21
6404	18426	21
11509	18427	21
7424	18428	21
7431	18429	21
20478	18430	21
20480	18431	21
20465	18432	21
23094	18433	21
22471	18434	21
22474	18435	21
7414	18436	21
13045	18437	21
21683	18438	21
21693	18439	21
5023	18440	21
9251	18441	21
15801	18442	21
26405	18443	21
17309	18444	21
27344	18445	21
31624	18446	21
31916	18447	21
15800	18448	21
32347	18449	21
10388	18450	21
17697	18451	21
8359	18452	21
14652	18453	21
14727	18454	21
23433	18455	21
9927	18456	21
17112	18457	21
12688	18458	21
20423	18459	21
20415	18460	21
22121	18461	21
20866	18462	21
20869	18463	21
22291	18464	21
28816	18465	21
15601	18466	21
20214	18467	21
16533	18468	21
16874	18469	21
16031	18470	21
25152	18471	21
22861	18472	21
30658	18473	21
12693	18474	14
13558	18474	7
29785	18475	21
15356	18476	21
32589	18477	21
17337	18478	21
19873	18479	21
7516	18480	21
699	18481	21
29084	18482	21
30285	18483	21
763	18484	21
765	18485	21
10924	18486	21
18487	18487	21
13858	18488	21
15162	18489	21
14562	18490	21
14602	18491	21
23990	18492	21
25063	18493	21
16808	18494	21
22858	18495	21
24664	18496	21
24671	18497	21
6248	18498	21
10922	18499	21
11247	18500	21
18959	18501	21
18958	18502	21
19635	18503	21
13214	18504	21
28415	18505	21
24517	18506	21
31703	18507	21
29439	18508	21
29504	18509	21
13559	18510	21
27338	18511	21
14716	18512	21
11631	18513	21
16592	18514	21
17114	18515	21
23336	18516	21
31352	18517	21
20558	18518	21
24486	18519	21
5764	18520	21
5766	18521	21
23082	18522	21
23096	18523	21
20711	18524	21
20721	18525	21
15657	18526	21
27813	18527	21
21806	18528	21
29732	18529	21
22580	18530	21
22583	18531	21
10061	18532	21
10065	18533	21
9766	18534	21
9769	18535	21
10680	18536	21
10687	18537	21
9002	18538	21
15680	18539	21
5956	18540	21
5965	18541	21
6103	18542	21
11053	18543	21
8310	18544	21
8318	18545	21
8208	18546	21
30854	18547	21
18838	18548	21
17568	18549	21
29840	18550	21
32768	18551	21
23705	18552	21
23716	18553	21
22744	18554	21
22747	18555	21
20468	18556	21
22927	18557	21
21043	18558	21
21569	18559	21
21196	18560	21
21203	18561	21
17770	18562	21
17860	18563	21
13671	18564	21
29938	18565	21
15807	18566	21
15833	18567	21
21047	18568	21
22758	18569	21
22030	18570	21
22159	18571	21
16478	18572	21
27653	18573	21
30367	18574	21
31255	18575	21
14277	18576	21
25476	18577	21
5460	18578	21
5486	18579	21
21882	18580	21
25416	18581	21
9202	18582	21
25344	18583	21
10491	18584	21
10493	18585	21
21768	18586	21
32554	18587	21
19634	18588	21
19636	18589	21
12961	18590	21
17831	18591	21
17783	18592	21
32700	18593	21
20368	18594	21
25351	18595	21
15769	18596	21
24729	18597	21
860	18598	21
1701	18599	21
10624	18600	21
10631	18601	21
6250	18602	21
6252	18603	21
18459	18604	21
33042	18605	21
22186	18606	21
22202	18607	21
7205	18608	21
21040	18609	21
12843	18610	21
20692	18611	21
20638	18612	21
26151	18613	21
11048	18614	21
11075	18615	21
16051	18616	21
16076	18617	21
12117	18618	21
12123	18619	21
20367	18620	21
22050	18621	21
15673	18622	21
20390	18623	21
17561	18624	21
14023	18625	14
24153	18625	7
18523	18626	21
30959	18627	21
10705	18628	21
10712	18629	21
14861	18630	21
14893	18631	21
12802	18632	21
20625	18633	21
20621	18634	21
25440	18635	21
20359	18636	21
20363	18637	21
8000	18638	21
14053	18639	21
17316	18640	21
18738	18641	21
18583	18642	21
27617	18643	21
15616	18644	21
32174	18645	21
15912	18646	21
33046	18647	21
10672	18648	21
18146	18649	21
22584	18650	21
25544	18651	21
13354	18652	21
25238	18653	21
13742	18654	21
13744	18655	21
9933	18656	21
9958	18657	21
15778	18658	21
32973	18659	21
7461	18660	21
13118	18661	21
2332	18662	21
4466	18663	21
15357	18664	21
15471	18665	21
11167	18666	21
32881	18667	21
14080	18668	21
32871	18669	21
12695	18670	21
21324	18671	21
2803	18672	21
5337	18673	21
23024	18674	21
17500	18675	21
14967	18676	21
31369	18677	21
8999	18678	21
24642	18679	21
12147	18680	21
12348	18681	21
11338	18682	21
11379	18683	21
19806	18684	21
19821	18685	21
19755	18686	21
19766	18687	21
22224	18688	21
33135	18689	21
14065	18690	21
13912	18691	21
13908	18692	21
26039	18693	21
22908	18694	21
20470	18695	21
1004	18696	21
1011	18697	21
27222	18698	21
21546	18699	21
21880	18700	21
27390	18701	21
32149	18702	21
33129	18703	21
20907	18704	21
28771	18705	21
11635	18706	21
20142	18707	21
16728	18708	21
16764	18709	21
247	18710	21
495	18711	21
15583	18712	21
24460	18713	21
17329	18714	21
20118	18715	21
13879	18716	21
28808	18717	21
19578	18718	21
20204	18719	21
30	18720	21
18793	18721	21
26926	18722	21
28546	18723	21
9884	18724	21
16379	18725	21
17010	18726	21
24824	18727	21
20373	18728	21
27871	18729	21
7856	18730	21
7881	18731	21
3040	18732	21
5751	18733	21
20727	18734	21
27734	18735	21
22069	18736	21
26741	18737	21
21185	18738	21
26993	18739	21
16253	18740	21
16255	18741	21
16100	18742	21
32859	18743	21
13528	18744	21
24629	18745	21
16091	18746	21
23815	18747	21
11436	18748	21
11452	18749	21
8630	18750	21
8641	18751	21
19801	18752	21
19805	18753	21
841	18754	21
11046	18755	21
20440	18756	21
32897	18757	21
31239	18758	21
31321	18759	21
21246	18760	21
30580	18761	21
10733	18762	21
10828	18763	21
5970	18764	21
24138	18765	21
17395	18766	21
2286	18767	21
2193	18768	21
22446	18769	21
21309	18770	21
28006	18771	21
16554	18772	21
17087	18773	21
11116	18774	21
18817	18775	21
9754	18776	21
9845	18777	21
9682	18778	21
30172	18779	21
13990	18780	21
32312	18781	21
20431	18782	21
30958	18783	21
15574	18784	21
31892	18785	21
27198	18786	21
28668	18787	21
25213	18788	21
25245	18789	21
14771	18790	21
23498	18791	21
19270	18792	21
20045	18793	21
18528	18794	21
19045	18795	21
26442	18796	21
28354	18797	21
12989	18798	21
28353	18799	21
16090	18800	21
32835	18801	21
20600	18802	21
26021	18803	21
17950	18804	21
28012	18805	21
21448	18806	21
29384	18807	21
29371	18808	21
31791	18809	21
20770	18810	21
30064	18811	21
29570	18812	21
29599	18813	21
1845	18814	21
3564	18815	21
14452	18816	21
23083	18817	21
18601	18818	21
24914	18819	21
21085	18820	21
28479	18821	21
26691	18822	21
26725	18823	21
20772	18824	21
27373	18825	21
21125	18826	21
28233	18827	21
1121	18828	21
21992	18829	21
15940	18830	21
32230	18831	21
21106	18832	21
30011	18833	21
2209	18834	21
22469	18835	21
5665	18836	21
10296	18837	21
25798	18838	21
28297	18839	21
19309	18840	21
19341	18841	21
6281	18842	21
11346	18843	21
14572	18844	21
20931	18845	21
12304	18846	21
12382	18847	21
11994	18848	21
12048	18849	21
11783	18850	21
11786	18851	21
15486	18852	21
24334	18853	21
11131	18854	21
11434	18855	21
10780	18856	21
10783	18857	21
17557	18858	21
19907	18859	21
11262	18860	21
11416	18861	21
17578	18862	21
29849	18863	21
23547	18864	21
23915	18865	21
16129	18866	21
16136	18867	21
20002	18868	21
20268	18869	21
12119	18870	21
12336	18871	21
6810	18872	21
6966	18873	21
21813	18874	21
29743	18875	21
29730	18876	21
32615	18877	21
21210	18878	21
28138	18879	21
23702	18880	21
23715	18881	21
21650	18882	21
21659	18883	21
22496	18884	21
26744	18885	21
14985	18886	21
15130	18887	21
15300	18888	21
19321	18889	21
6428	18890	21
27449	18891	21
18460	18892	21
23063	18893	21
8984	18894	21
15648	18895	21
21720	18896	21
2068	18897	21
11681	18898	21
12045	18899	21
9464	18900	21
9501	18901	21
14973	18902	21
27845	18903	21
1440	18904	21
2813	18905	21
21221	18906	14
21593	18906	7
21679	18907	21
15691	18908	21
24633	18909	21
12545	18910	21
18364	18911	21
13699	18912	21
13703	18913	21
13660	18914	21
13663	18915	21
14190	18916	21
22701	18917	21
12718	18918	21
20477	18919	21
20469	18920	21
23171	18921	21
20816	18922	21
20819	18923	21
21396	18924	21
32502	18925	21
20382	18926	21
31771	18927	21
9015	18928	21
15703	18929	21
8264	18930	21
14510	18931	21
18273	18932	21
27340	18933	21
11435	18934	21
11451	18935	21
11320	18936	21
11331	18937	21
22356	18938	21
30129	18939	21
30128	18940	21
31615	18941	21
14721	18942	21
14800	18943	21
7752	18944	21
13651	18945	21
21078	18946	21
22208	18947	21
5425	18948	21
5427	18949	21
25785	18950	21
26264	18951	21
11825	18952	21
11964	18953	21
1811	18954	21
3501	18955	21
4233	18956	21
7841	18957	21
1659	18958	21
27694	18959	21
26373	18960	21
28326	18961	21
17776	18962	21
19659	18963	21
13915	18964	21
28486	18965	21
17908	18966	21
23147	18967	21
21773	18968	21
22078	18969	21
22317	18970	21
29940	18971	21
6362	18972	21
6381	18973	21
6346	18974	21
6360	18975	21
9213	18976	21
16018	18977	21
11345	18978	21
11347	18979	21
15700	18980	21
15707	18981	21
7811	18982	21
13741	18983	21
14417	18984	21
14424	18985	21
14860	18986	21
11120	18987	21
1724	18988	21
3345	18989	21
20438	18990	21
33096	18991	21
16013	18992	21
25035	18993	21
25027	18994	21
33032	18995	21
16508	18996	21
25696	18997	21
16063	18998	21
16070	18999	21
30501	19000	21
30595	19001	21
27409	19002	21
32529	19003	21
29067	19004	21
31868	19005	21
17994	19006	21
27035	19007	21
22211	19008	21
31077	19009	21
27801	19010	21
32652	19011	21
8604	19012	21
15056	19013	21
31629	19014	21
32228	19015	21
28910	19016	21
28978	19017	21
14379	19018	21
30352	19019	21
17605	19020	21
32397	19021	21
18112	19022	21
30608	19023	21
7345	19024	21
12922	19025	21
21084	19026	21
29153	19027	21
18452	19028	21
26556	19029	21
16010	19030	21
25029	19031	21
11789	19032	21
19666	19033	21
19878	19034	21
19896	19035	21
19475	19036	21
19489	19037	21
17494	19038	21
19471	19039	21
22489	19040	21
22333	19041	21
9320	19042	21
9346	19043	21
9295	19044	21
32186	19045	21
1431	19046	21
25967	19047	21
25542	19048	21
25545	19049	21
71	19050	21
24147	19051	21
8223	19052	21
14444	19053	21
14864	19054	21
17586	19055	21
30562	19056	21
32146	19057	21
14970	19058	21
23738	19059	21
22013	19060	21
25526	19061	21
20533	19062	21
25464	19063	21
25374	19064	21
25406	19065	21
21007	19066	21
21010	19067	21
9785	19068	21
16883	19069	21
5284	19070	21
9694	19071	21
6646	19072	21
11911	19073	21
6653	19074	21
6679	19075	21
13370	19076	21
18152	19077	21
24141	19078	21
29930	19079	21
29767	19080	21
29776	19081	21
1923	19082	21
1925	19083	21
28402	19084	21
32901	19085	21
6283	19086	21
11344	19087	21
3167	19088	21
5985	19089	21
10982	19090	21
10989	19091	21
13422	19092	21
32487	19093	21
22512	19094	21
32208	19095	21
13588	19096	21
31557	19097	21
21206	19098	21
23764	19099	21
11238	19100	21
11243	19101	21
11233	19102	21
11237	19103	21
11163	19104	21
11166	19105	21
17667	19106	21
26621	19107	21
7065	19108	21
12394	19109	21
12258	19110	21
12263	19111	21
11758	19112	21
11762	19113	21
5907	19114	21
5910	19115	21
17160	19116	21
17175	19117	21
14885	19118	21
618	19119	21
26106	19120	21
26304	19121	21
12339	19122	21
12344	19123	21
371	19124	21
9964	19125	21
9253	19126	21
9256	19127	21
4791	19128	21
6815	19129	21
16638	19130	21
25725	19131	21
13165	19132	21
30049	19133	21
29528	19134	21
29623	19135	21
9615	19136	21
16621	19137	21
7756	19138	21
29890	19139	21
14269	19140	21
874	19141	21
14915	19142	21
14951	19143	21
16326	19144	21
19963	19145	21
18351	19146	21
18363	19147	21
18071	19148	21
18074	19149	21
15265	19150	21
23985	19151	21
8686	19152	21
8702	19153	21
7874	19154	21
7885	19155	21
8508	19156	21
8530	19157	21
17615	19158	21
18293	19159	21
15463	19160	21
32122	19161	21
19324	19162	21
20074	19163	21
14021	19164	21
19074	19165	21
20633	19166	21
20636	19167	21
6235	19168	21
11264	19169	21
10382	19170	21
17685	19171	21
15128	19172	21
15176	19173	21
13823	19174	21
22175	19175	21
760	19176	21
1506	19177	21
30778	19178	21
31226	19179	21
14828	19180	21
31573	19181	21
15911	19182	21
22106	19183	21
22300	19184	21
31240	19185	21
21325	19186	21
29224	19187	21
11580	19188	21
31109	19189	21
5327	19190	21
5329	19191	21
4609	19192	21
8529	19193	21
17579	19194	21
20376	19195	21
20591	19196	21
32270	19197	21
21759	19198	21
22068	19199	21
25955	19200	21
26087	19201	21
14773	19202	21
14798	19203	21
4139	19204	21
7666	19205	21
20642	19206	21
31331	19207	21
21061	19208	21
30938	19209	21
9527	19210	21
16469	19211	21
15104	19212	21
15163	19213	21
14560	19214	21
14600	19215	21
15613	19216	21
24509	19217	21
17937	19218	21
30111	19219	21
31116	19220	21
31196	19221	21
21048	19222	21
32067	19223	21
22366	19224	21
30718	19225	21
5360	19226	21
5388	19227	21
7723	19228	21
13591	19229	21
3259	19230	21
6152	19231	21
7504	19232	21
29110	19233	21
29106	19234	21
30486	19235	21
8510	19236	21
18362	19237	21
3147	19238	21
18344	19239	21
15942	19240	21
26309	19241	21
6808	19242	21
12351	19243	21
9973	19244	21
10013	19245	21
13130	19246	21
29029	19247	21
13155	19248	21
29800	19249	21
11043	19250	21
18682	19251	21
20778	19252	21
33125	19253	21
8231	19254	21
8238	19255	21
29069	19256	21
30163	19257	21
2915	19258	21
2922	19259	21
8528	19260	21
8531	19261	21
7643	19262	21
13456	19263	21
4934	19264	21
9094	19265	21
14871	19266	21
30385	19267	21
21232	19268	21
29179	19269	21
29177	19270	21
30934	19271	21
21147	19272	21
29641	19273	21
29576	19274	21
29602	19275	21
11919	19276	21
11956	19277	21
17484	19278	21
26376	19279	21
18030	19280	21
27074	19281	21
18569	19282	21
18571	19283	21
5209	19284	21
9559	19285	21
20761	19286	21
28223	19287	21
2882	19288	21
5474	19289	21
845	19290	21
1671	19291	21
5776	19292	21
10497	19293	21
4522	19294	21
8363	19295	21
1600	19296	21
3111	19297	21
5444	19298	21
9952	19299	21
17411	19300	21
1215	19301	21
21222	19302	21
29127	19303	21
15999	19304	21
30606	19305	21
16481	19306	21
16614	19307	21
3328	19308	21
6271	19309	21
20481	19310	21
23837	19311	21
21398	19312	21
23786	19313	21
9177	19314	21
15953	19315	21
382	19316	21
764	19317	21
9240	19318	21
16064	19319	21
3028	19320	21
5728	19321	21
2134	19322	21
4081	19323	21
23394	19324	21
23396	19325	21
13866	19326	21
17295	19327	21
1716	19328	21
3330	19329	21
10886	19330	21
12155	19331	21
9545	19332	21
16503	19333	21
13036	19334	21
13062	19335	21
28928	19336	21
30941	19337	21
22563	19338	21
30334	19339	21
20690	19340	21
20714	19341	21
20617	19342	21
25396	19343	21
25379	19344	21
25382	19345	21
14525	19346	21
14550	19347	21
15432	19348	21
31474	19349	21
15289	19350	21
27906	19351	21
5638	19352	21
10245	19353	21
5733	19354	21
5735	19355	21
15373	19356	21
16203	19357	21
20572	19358	21
13348	19359	21
14962	19360	21
19161	19361	21
19158	19362	21
19231	19363	21
18892	19364	21
18945	19365	21
18519	19366	21
18863	19367	21
2702	19368	21
5154	19369	21
20556	19370	21
27203	19371	21
21757	19372	21
32116	19373	21
22383	19374	21
30169	19375	21
30084	19376	21
30499	19377	21
30455	19378	21
30463	19379	21
2566	19380	21
4901	19381	21
20641	19382	21
20645	19383	21
24213	19384	21
22636	19385	21
15969	19386	21
19939	19387	21
17634	19388	21
19569	19389	21
12005	19390	21
12053	19391	21
12049	19392	21
12052	19393	21
29587	19394	21
32738	19395	21
20433	19396	21
21835	19397	21
14418	19398	21
23038	19399	21
8525	19400	21
8527	19401	21
1360	19402	21
2661	19403	21
21603	19404	21
31488	19405	21
30337	19406	21
30552	19407	21
27532	19408	21
28052	19409	21
16655	19410	21
17150	19411	21
24765	19412	21
31911	19413	21
15670	19414	21
20546	19415	21
20542	19416	21
30879	19417	21
6464	19418	21
11622	19419	21
15402	19420	21
32242	19421	21
16480	19422	21
31162	19423	21
9289	19424	21
16157	19425	21
15590	19426	21
16811	19427	21
18750	19428	21
18914	19429	21
14232	19430	21
14238	19431	21
17466	19432	21
26406	19433	21
13941	19434	21
13943	19435	21
26781	19436	21
31874	19437	21
3594	19438	21
3601	19439	21
20733	19440	21
27831	19441	21
22380	19442	21
32484	19443	21
19584	19444	21
20210	19445	21
20159	19446	21
20193	19447	21
15493	19448	21
24346	19449	21
31429	19450	21
32364	19451	21
21042	19452	21
21119	19453	21
13451	19454	21
13459	19455	21
22884	19456	21
31330	19457	21
24273	19458	21
31506	19459	21
21314	19460	21
31027	19461	21
11917	19462	21
11927	19463	21
21765	19464	21
21767	19465	21
20870	19466	21
28151	19467	21
21755	19468	21
27458	19469	21
15006	19470	21
15152	19471	21
21176	19472	21
29024	19473	21
21107	19474	21
29909	19475	21
18536	19476	21
27555	19477	21
16127	19478	21
1350	19479	21
29092	19480	21
18337	19481	21
29334	19482	21
31578	19483	21
21136	19484	21
26957	19485	21
21130	19486	21
31940	19487	21
22361	19488	21
31910	19489	21
7307	19490	21
12853	19491	21
18013	19492	21
18015	19493	21
5650	19494	21
10267	19495	21
20084	19496	21
20299	19497	21
19085	19498	21
19141	19499	21
15211	19500	21
17307	19501	21
13117	19502	21
21096	19503	21
21066	19504	21
26286	19505	21
171	19506	21
25312	19507	21
24404	19508	21
24415	19509	21
24358	19510	21
24361	19511	21
15552	19512	21
17564	19513	21
4001	19514	21
7404	19515	21
24416	19516	21
24732	19517	21
3272	19518	21
6176	19519	21
22428	19520	21
32505	19521	21
15617	19522	21
24523	19523	21
19269	19524	21
19328	19525	21
16098	19526	21
17621	19527	21
27065	19528	21
28621	19529	21
18672	19530	21
18683	19531	21
21264	19532	21
24000	19533	21
11711	19534	21
11720	19535	21
17308	19536	21
19318	19537	21
2830	19538	21
5385	19539	21
18041	19540	21
31153	19541	21
17936	19542	21
27466	19543	21
17803	19544	21
26835	19545	21
21900	19546	21
27135	19547	21
1892	19548	21
3645	19549	21
20548	19550	21
31789	19551	21
11636	19552	21
11661	19553	21
21469	19554	21
31844	19555	21
14697	19556	21
15038	19557	21
20429	19558	21
31405	19559	21
13219	19560	21
30849	19561	21
18047	19562	21
30538	19563	21
18901	19564	21
26479	19565	21
22829	19566	21
28748	19567	21
19375	19568	21
19385	19569	21
14526	19570	21
23184	19571	21
21793	19572	21
32415	19573	21
20484	19574	21
23821	19575	21
14904	19576	21
14944	19577	21
6236	19578	21
11266	19579	21
12093	19580	21
12320	19581	21
11284	19582	21
11430	19583	21
15972	19584	21
16310	19585	21
21429	19586	21
31030	19587	21
5501	19588	21
10037	19589	21
9416	19590	21
9441	19591	21
21322	19592	21
31126	19593	21
14731	19594	21
33040	19595	21
13740	19596	21
13828	19597	21
17904	19598	21
28082	19599	21
23509	19600	21
31186	19601	21
13565	19602	21
21810	19603	21
13722	19604	21
22038	19605	21
29687	19606	21
29996	19607	21
17672	19608	21
17707	19609	21
29082	19610	21
29833	19611	21
3458	19612	21
19485	19613	21
27436	19614	21
17797	19615	21
21743	19616	21
32294	19617	21
15218	19618	21
19699	19619	21
19534	19620	21
19678	19621	21
19422	19622	21
19433	19623	21
12253	19624	21
12257	19625	21
11743	19626	21
11746	19627	21
8456	19628	21
14833	19629	21
23636	19630	21
23639	19631	21
23320	19632	21
28467	19633	21
18136	19634	21
19865	19635	21
3527	19636	21
6608	19637	21
13159	19638	21
26792	19639	21
24289	19640	21
28150	19641	21
20397	19642	21
21717	19643	21
6809	19644	21
6965	19645	21
5361	19646	21
5387	19647	21
4196	19648	21
29027	19649	21
13161	19650	21
29917	19651	21
17911	19652	21
27062	19653	21
22219	19654	21
27772	19655	21
21292	19656	21
14292	19657	21
14666	19658	21
15011	19659	21
21404	19660	21
29382	19661	21
29369	19662	21
31773	19663	21
14013	19664	21
32947	19665	21
22527	19666	21
32946	19667	21
29370	19668	21
32698	19669	21
28912	19670	21
32573	19671	21
21792	19672	21
32588	19673	21
23585	19674	21
33132	19675	21
16025	19676	21
33058	19677	21
3287	19678	21
6202	19679	21
13329	19680	21
21453	19681	21
5269	19682	21
9669	19683	21
17613	19684	21
29523	19685	21
29274	19686	21
29147	19687	21
11794	19688	21
11797	19689	21
19442	19690	21
19466	19691	21
21128	19692	21
21143	19693	21
21218	19694	21
30180	19695	21
30097	19696	21
30975	19697	21
21713	19698	21
29958	19699	21
4767	19700	21
8780	19701	21
374	19702	21
14595	19703	21
15244	19704	21
21230	19705	21
21228	19706	21
28673	19707	21
15602	19708	21
20603	19709	21
9598	19710	21
9954	19711	21
12687	19712	21
20421	19713	21
20419	19714	21
22168	19715	21
20949	19716	21
20952	19717	21
11009	19718	21
18628	19719	21
13271	19720	21
23758	19721	21
21761	19722	21
29991	19723	21
20430	19724	21
20488	19725	21
3454	19726	21
6484	19727	21
17763	19728	21
26788	19729	21
12965	19730	21
12967	19731	21
14209	19732	21
22732	19733	21
21156	19734	21
31176	19735	21
29719	19736	21
32459	19737	21
31884	19738	21
31960	19739	21
18458	19740	21
31586	19741	21
21771	19742	21
32930	19743	21
31888	19744	21
31962	19745	21
18094	19746	21
32426	19747	21
21260	19748	21
21653	19749	21
15378	19750	21
31918	19751	21
4565	19752	21
8445	19753	21
11699	19754	21
17606	19755	21
17105	19756	21
17120	19757	21
16507	19758	21
17063	19759	21
28551	19760	21
18527	19761	21
17471	19762	21
26352	19763	21
17751	19764	21
26773	19765	21
3665	19766	21
6837	19767	21
10946	19768	21
18526	19769	21
12278	19770	21
12283	19771	21
6728	19772	21
6732	19773	21
5137	19774	21
5140	19775	21
21770	19776	21
29688	19777	21
17030	19778	21
17235	19779	21
14322	19780	21
23795	19781	21
14288	19782	21
28476	19783	21
20739	19784	21
27402	19785	21
21777	19786	21
29699	19787	21
21100	19788	21
4179	19789	21
18468	19790	21
27500	19791	21
22251	19792	21
26722	19793	21
19373	19794	21
20147	19795	21
16651	19796	21
16750	19797	21
24928	19798	21
30036	19799	21
15360	19800	21
29513	19801	21
12956	19802	21
20875	19803	21
710	19804	21
16624	19805	21
5789	19806	21
5792	19807	21
949	19808	21
20986	19809	21
20976	19810	21
28202	19811	21
17927	19812	21
18985	19813	21
15918	19814	21
16266	19815	21
8841	19816	21
15399	19817	21
6212	19818	21
6214	19819	21
8033	19820	21
14112	19821	21
1123	19822	21
2198	19823	21
21126	19824	21
31792	19825	21
4121	19826	21
18427	19827	21
20884	19828	21
20891	19829	21
20504	19830	21
23712	19831	21
22734	19832	21
22737	19833	21
8219	19834	21
14437	19835	21
14148	19836	21
18673	19837	21
2585	19838	21
4938	19839	21
9900	19840	21
17035	19841	21
16633	19842	21
25717	19843	21
10434	19844	21
17768	19845	21
10657	19846	21
18122	19847	21
20748	19848	21
28470	19849	21
17949	19850	21
19868	19851	21
21265	19852	21
20586	19853	21
11875	19854	21
32941	19855	21
22207	19856	21
28124	19857	21
27201	19858	21
27231	19859	21
20585	19860	21
31787	19861	21
21235	19862	21
21690	19863	21
2430	19864	21
4649	19865	21
2162	19866	21
4137	19867	21
13667	19868	21
13694	19869	21
15954	19870	21
19935	19871	21
11294	19872	21
19050	19873	21
21248	19874	21
29121	19875	21
29113	19876	21
30535	19877	21
14816	19878	21
14948	19879	21
24508	19880	21
31693	19881	21
19989	19882	21
20016	19883	21
14127	19884	21
31706	19885	21
6106	19886	21
11059	19887	21
19387	19888	21
24179	19889	21
1729	19890	21
11385	19891	21
1928	19892	21
1935	19893	21
16540	19894	21
25593	19895	21
23235	19896	21
31723	19897	21
19523	19898	21
28382	19899	21
5373	19900	21
5380	19901	21
14498	19902	21
31686	19903	21
19279	19904	21
20046	19905	21
18529	19906	21
19046	19907	21
10187	19908	21
17347	19909	21
17343	19910	21
20077	19911	21
16610	19912	21
1132	19913	21
18002	19914	21
27393	19915	21
24159	19916	21
31569	19917	21
21754	19918	21
32794	19919	21
6707	19920	21
6714	19921	21
22620	19922	21
22622	19923	21
9899	19924	21
9960	19925	21
9609	19926	21
25697	19927	21
14177	19928	21
32586	19929	21
14066	19930	21
32913	19931	21
21267	19932	21
22958	19933	21
24501	19934	21
31682	19935	21
15367	19936	21
30065	19937	21
15944	19938	21
29895	19939	21
25571	19940	21
26166	19941	21
26108	19942	21
23294	19943	21
20536	19944	21
24022	19945	21
23011	19946	21
26025	19947	21
20338	19948	21
26009	19949	21
2101	19950	21
4017	19951	21
23341	19952	21
30458	19953	21
5936	19954	21
10778	19955	21
14328	19956	21
22897	19957	21
22522	19958	21
30319	19959	21
17611	19960	21
32850	19961	21
15608	19962	21
32840	19963	21
32807	19964	21
32814	19965	21
10462	19966	21
11796	19967	21
23122	19968	21
23124	19969	21
2410	19970	21
4614	19971	21
21647	19972	21
21657	19973	21
21614	19974	21
30512	19975	21
18262	19976	21
18398	19977	21
23384	19978	21
30746	19979	21
15916	19980	21
17196	19981	21
17072	19982	21
17187	19983	21
17989	19984	21
26110	19985	21
11551	19986	21
12134	19987	21
15985	19988	21
15992	19989	21
9297	19990	21
31627	19991	21
9214	19992	21
16020	19993	21
15689	19994	21
24627	19995	21
18799	19996	21
18876	19997	21
17732	19998	21
17735	19999	21
9234	20000	21
16053	20001	21
16272	20002	21
16279	20003	21
22256	20004	21
27505	20005	21
10040	20006	21
10033	20007	21
20915	20008	21
28790	20009	21
19525	20010	21
20178	20011	21
16809	20012	21
16948	20013	21
9902	20014	21
17037	20015	21
11776	20016	21
19654	20017	21
21800	20018	21
22412	20019	21
4379	20020	21
8108	20021	21
10481	20022	21
17850	20023	21
25650	20024	21
26209	20025	21
21072	20026	21
25081	20027	21
8800	20028	21
15325	20029	21
17562	20030	21
23347	20031	21
31701	20032	21
33073	20033	21
4611	20034	21
8526	20035	21
21266	20036	21
29145	20037	21
20620	20038	21
25463	20039	21
20537	20040	21
24695	20041	21
12969	20042	21
12976	20043	21
5127	20044	21
5129	20045	21
9734	20046	21
16803	20047	21
17399	20048	21
23667	20049	21
20908	20050	21
28142	20051	21
17029	20052	21
17234	20053	21
6811	20054	21
6956	20055	21
8407	20056	21
14740	20057	21
21751	20058	21
29660	20059	21
23499	20060	21
2384	20061	21
21121	20062	21
29299	20063	21
21796	20064	21
31988	20065	21
9452	20066	21
16421	20067	21
5875	20068	21
10674	20069	21
14458	20070	21
23091	20071	21
16783	20072	21
16930	20073	21
25547	20074	21
25826	20075	21
25768	20076	21
25777	20077	21
17718	20078	21
26703	20079	21
20746	20080	21
32389	20081	21
21463	20082	21
31856	20083	21
9723	20084	21
9824	20085	21
23330	20086	21
32531	20087	21
26535	20088	21
32699	20089	21
22322	20090	21
24428	20091	21
24923	20092	21
29916	20093	21
13673	20094	21
22443	20095	21
30313	20096	21
32638	20097	21
17807	20098	21
17833	20099	21
18520	20100	21
27605	20101	21
14927	20102	21
14929	20103	21
22475	20104	21
28230	20105	21
17610	20106	21
19539	20107	21
23561	20108	21
30046	20109	21
14522	20110	21
14547	20111	21
22905	20112	21
30731	20113	21
30730	20114	21
32346	20115	21
17990	20116	21
19795	20117	21
2537	20118	21
4845	20119	21
9951	20120	21
9962	20121	21
11191	20122	21
11231	20123	21
20731	20124	21
19494	20125	21
18023	20126	21
19798	20127	21
19397	20128	21
242	20129	21
16482	20130	21
25786	20131	21
11135	20132	21
11137	20133	21
15816	20134	21
15823	20135	21
24333	20136	21
31561	20137	21
25673	20138	21
25592	20139	21
30117	20140	21
30119	20141	21
29237	20142	21
31201	20143	21
25744	20144	21
30254	20145	21
4337	20146	21
8059	20147	21
3349	20148	21
3357	20149	21
24794	20150	21
31930	20151	21
13719	20152	21
13812	20153	21
17713	20154	21
26688	20155	21
26687	20156	21
28024	20157	21
21579	20158	21
23826	20159	21
22242	20160	21
23375	20161	21
17301	20162	14
17607	20162	7
21775	20163	21
18626	20164	21
27668	20165	21
17593	20166	21
26511	20167	21
26509	20168	21
29775	20169	21
17931	20170	21
17933	20171	21
14375	20172	21
33126	20173	21
8408	20174	21
14742	20175	21
15334	20176	21
15341	20177	21
30439	20178	21
33017	20179	21
29132	20180	21
24042	20181	21
13952	20182	21
29502	20183	21
23462	20184	21
31140	20185	21
31021	20186	21
31364	20187	21
13566	20188	21
30022	20189	21
14326	20190	21
22944	20191	21
22540	20192	21
26001	20193	21
1201	20194	21
2352	20195	21
9379	20196	21
9381	20197	21
30138	20198	21
31455	20199	21
15814	20200	21
32633	20201	21
15638	20202	21
21426	20203	21
21714	20204	21
27396	20205	21
5277	20206	21
9681	20207	21
23974	20208	21
31559	20209	21
2809	20210	21
5348	20211	21
18083	20212	21
27146	20213	21
14236	20214	21
22769	20215	21
13444	20216	21
28487	20217	21
11145	20218	21
32880	20219	21
19257	20220	21
28334	20221	21
17445	20222	21
26069	20223	21
21715	20224	21
23262	20225	21
17591	20226	21
28789	20227	21
20700	20228	21
20707	20229	21
20693	20230	21
26194	20231	21
26187	20232	21
25034	20233	21
11248	20234	21
17077	20235	21
18584	20236	21
18595	20237	21
22204	20238	21
32518	20239	21
22324	20240	21
30260	20241	21
15578	20242	21
30041	20243	21
6520	20244	21
6873	20245	21
8260	20246	21
14503	20247	21
20833	20248	21
23190	20249	21
17438	20250	21
22270	20251	21
7653	20252	21
13472	20253	21
9994	20254	21
17167	20255	21
25813	20256	21
25815	20257	21
24789	20258	21
31927	20259	21
20344	20260	21
31664	20261	21
15359	20262	21
32681	20263	21
20427	20264	21
26798	20265	21
22227	20266	21
25108	20267	21
26980	20268	21
26987	20269	21
13909	20270	21
22240	20271	21
11458	20272	21
11478	20273	21
5541	20274	21
5556	20275	21
5484	20276	21
5494	20277	21
21428	20278	21
29332	20279	21
11031	20280	21
11368	20281	21
20559	20282	21
28849	20283	21
20425	20284	21
27968	20285	21
26808	20286	21
26839	20287	21
20485	20288	21
32863	20289	21
27855	20290	21
23343	20291	21
4446	20292	21
8234	20293	21
21447	20294	21
31696	20295	21
5997	20296	21
6007	20297	21
17664	20298	21
30444	20299	21
21609	20300	21
27255	20301	21
28344	20302	21
28356	20303	21
28190	20304	21
28200	20305	21
17917	20306	21
26275	20307	21
11984	20308	21
12043	20309	21
6332	20310	21
6372	20311	21
20541	20312	21
32766	20313	21
32600	20314	21
18573	20315	21
24573	20316	21
31835	20317	21
6366	20318	21
6368	20319	21
11049	20320	21
18690	20321	21
10277	20322	21
17508	20323	21
8196	20324	21
14398	20325	21
9117	20326	21
9124	20327	21
20487	20328	21
31161	20329	21
18692	20330	21
27745	20331	21
22677	20332	21
29962	20333	21
20567	20334	21
14493	20335	21
31442	20336	21
32372	20337	21
30423	20338	21
31280	20339	21
30152	20340	21
31160	20341	21
21207	20342	21
25343	20343	21
24951	20344	21
32177	20345	21
11008	20346	21
11354	20347	21
12821	20348	21
20655	20349	21
20640	20350	21
25581	20351	21
18134	20352	21
18159	20353	21
12617	20354	21
20216	20355	21
18858	20356	21
18862	20357	21
17708	20358	21
17711	20359	21
8523	20360	21
14748	20361	21
17785	20362	21
17871	20363	21
6186	20364	21
11192	20365	21
10969	20366	21
18564	20367	21
12062	20368	21
12300	20369	21
11834	20370	21
17910	20371	21
22990	20372	21
23072	20373	21
22686	20374	21
30513	20375	21
17435	20376	21
17437	20377	21
9408	20378	21
10081	20379	21
10050	20380	21
10062	20381	21
17018	20382	21
27194	20383	21
12772	20384	21
20570	20385	21
8332	20386	21
8336	20387	21
1510	20388	21
1513	20389	21
9357	20390	21
16387	20391	21
15322	20392	21
28846	20393	21
19775	20394	21
19949	20395	21
17666	20396	21
19617	20397	21
18992	20398	21
19070	20399	21
14482	20400	21
14538	20401	21
24164	20402	21
28801	20403	21
19547	20404	21
20190	20405	21
11890	20406	21
12026	20407	21
31463	20408	21
24970	20409	21
21157	20410	21
29683	20411	21
21342	20412	21
31270	20413	21
13471	20414	21
13495	20415	21
6770	20416	21
20428	20417	21
23789	20418	21
26137	20419	21
11599	20420	21
12167	20421	21
24528	20422	21
24535	20423	21
9358	20424	21
9455	20425	21
30522	20426	21
32842	20427	21
24622	20428	21
32450	20429	21
20388	20430	21
21593	20431	14
24152	20431	7
11308	20432	21
27050	20433	21
22359	20434	21
21750	20435	21
15899	20436	21
16243	20437	21
20557	20438	21
32092	20439	21
2914	20440	21
2921	20441	21
26616	20442	21
28442	20443	21
2422	20444	21
28732	20445	21
20994	20446	21
28772	20447	21
20828	20448	21
28081	20449	21
16729	20450	21
16765	20451	21
6762	20452	21
12069	20453	21
8298	20454	21
8324	20455	21
22326	20456	21
32748	20457	21
811	20458	21
602	20459	21
18198	20460	21
27269	20461	21
21779	20462	21
21781	20463	21
3539	20464	21
6631	20465	21
16238	20466	21
19163	20467	21
18230	20468	21
18378	20469	21
15107	20470	21
15113	20471	21
21154	20472	21
25834	20473	21
19316	20474	21
27098	20475	21
5464	20476	21
5489	20477	21
843	20478	21
18702	20479	21
14830	20480	21
14922	20481	21
5891	20482	21
10701	20483	21
11637	20484	21
32709	20485	21
28919	20486	21
24458	20487	21
18286	20488	21
18412	20489	21
17660	20490	21
32997	20491	21
14641	20492	21
31946	20493	21
19447	20494	21
20145	20495	21
18705	20496	21
18708	20497	21
16553	20498	21
26008	20499	21
5010	20500	21
9227	20501	21
22995	20502	21
23075	20503	21
11791	20504	21
11801	20505	21
14669	20506	21
23346	20507	21
26936	20508	21
28555	20509	21
14518	20510	21
18007	20511	21
19714	20512	21
19918	20513	21
18253	20514	21
27314	20515	21
28952	20516	21
31901	20517	21
23371	20518	21
23373	20519	21
20351	20520	21
20723	20521	21
20706	20522	21
20709	20523	21
7180	20524	21
12616	20525	21
12496	20526	21
16772	20527	21
16748	20528	21
16752	20529	21
16734	20530	21
16737	20531	21
23322	20532	21
23324	20533	21
19084	20534	21
19140	20535	21
18175	20536	21
18213	20537	21
22803	20538	21
33118	20539	21
6775	20540	21
12095	20541	21
5316	20542	21
5353	20543	21
21220	20544	21
30266	20545	21
14038	20546	21
27021	20547	21
21231	20548	21
32910	20549	21
15709	20550	21
15736	20551	21
24117	20552	21
28843	20553	21
19760	20554	21
19942	20555	21
11319	20556	21
11329	20557	21
11713	20558	21
12240	20559	21
22602	20560	21
30432	20561	21
21258	20562	21
28750	20563	21
20960	20564	21
20983	20565	21
20804	20566	21
27404	20567	21
27294	20568	21
27297	20569	21
17073	20570	21
17257	20571	21
6858	20572	21
6899	20573	21
7827	20574	21
13768	20575	21
21111	20576	21
23069	20577	21
16012	20578	21
32636	20579	21
16350	20580	21
25449	20581	21
14366	20582	21
14368	20583	21
8164	20584	21
14340	20585	21
16532	20586	21
16606	20587	21
18572	20588	21
27613	20589	21
25226	20590	21
25235	20591	21
30805	20592	21
30811	20593	21
23979	20594	21
24561	20595	21
15457	20596	21
16743	20597	21
21421	20598	21
29320	20599	21
29318	20600	21
31471	20601	21
13600	20602	21
13607	20603	21
17659	20604	21
20013	20605	21
11548	20606	21
12131	20607	21
25093	20608	21
25017	20609	21
12243	20610	21
12259	20611	21
9796	20612	21
9807	20613	21
23349	20614	21
23638	20615	21
29074	20616	21
32497	20617	21
30787	20618	21
30793	20619	21
24056	20620	21
27954	20621	21
20774	20622	21
26877	20623	21
14762	20624	21
14764	20625	21
29658	20626	21
31204	20627	21
21332	20628	21
27096	20629	21
22969	20630	21
28578	20631	21
20535	20632	21
25403	20633	21
23417	20634	21
23505	20635	21
18107	20636	21
18194	20637	21
26418	20638	21
27499	20639	21
26383	20640	21
28187	20641	21
25634	20642	21
25636	20643	21
18474	20644	7
23972	20644	7
24001	20644	7
31582	20645	21
19261	20646	21
20048	20647	21
11611	20648	21
19413	20649	21
9720	20650	21
9817	20651	21
966	20652	21
20096	20653	21
19349	20654	21
19420	20655	21
18088	20656	21
27129	20657	21
21407	20658	21
28500	20659	21
20755	20660	21
24849	20661	21
2165	20662	21
4143	20663	21
21479	20664	21
21481	20665	21
27755	20666	21
32841	20667	21
24506	20668	21
27320	20669	21
21462	20670	21
27173	20671	21
21443	20672	21
27223	20673	21
7268	20674	21
12780	20675	21
10182	20676	21
17338	20677	21
16216	20678	21
16231	20679	21
12465	20680	21
15545	20681	21
17690	20682	21
26500	20683	21
13075	20684	14
20459	20684	7
23892	20685	21
21972	20686	21
22005	20687	21
22305	20688	21
28037	20689	21
18462	20690	21
19019	20691	21
5306	20692	21
9728	20693	21
9763	20694	21
9765	20695	21
20404	20696	21
23165	20697	21
20807	20698	21
26793	20699	21
12745	20700	21
20525	20701	21
20497	20702	21
23619	20703	21
23579	20704	21
23582	20705	21
2678	20706	21
5111	20707	21
22812	20708	21
26277	20709	21
25833	20710	21
25878	20711	21
25789	20712	21
25821	20713	21
10028	20714	21
10071	20715	21
1842	20716	21
3558	20717	21
3983	20718	21
7370	20719	21
18192	20720	21
27261	20721	21
24040	20722	21
25675	20723	21
5207	20724	21
9555	20725	21
13706	20726	21
13801	20727	21
16113	20728	21
19890	20729	21
18016	20730	21
19802	20731	21
10488	20732	21
26862	20733	21
7384	20734	21
12992	20735	21
28403	20736	21
28522	20737	21
22807	20738	21
24816	20739	21
3237	20740	21
6113	20741	21
17032	20742	21
26126	20743	21
24478	20744	21
24485	20745	21
15207	20746	21
27533	20747	21
27529	20748	21
30282	20749	21
18348	20750	21
21966	20751	21
1886	20752	21
3633	20753	21
3953	20754	21
7312	20755	21
24295	20756	21
31879	20757	21
21411	20758	21
28097	20759	21
16087	20760	21
16944	20761	21
3979	20762	21
7362	20763	21
3061	20764	21
3063	20765	21
29667	20766	21
31837	20767	21
24031	20768	21
32692	20769	21
1737	20770	21
3367	20771	21
21290	20772	21
29181	20773	21
29180	20774	21
30950	20775	21
2409	20776	21
4612	20777	21
2888	20778	21
2895	20779	21
4943	20780	21
9108	20781	21
13419	20782	21
21596	20783	21
20840	20784	21
27765	20785	21
27547	20786	21
27525	20787	21
22491	20788	21
32612	20789	21
20375	20790	21
25596	20791	21
21046	20792	21
25176	20793	21
12071	20794	21
12305	20795	21
9891	20796	21
10047	20797	21
3545	20798	21
6642	20799	21
9505	20800	21
9510	20801	21
9138	20802	21
9142	20803	21
2472	20804	21
2475	20805	21
2629	20806	21
5020	20807	21
916	20808	21
1807	20809	21
7532	20810	21
13254	20811	21
890	20812	21
892	20813	21
22215	20814	21
23949	20815	21
23100	20816	21
23217	20817	21
17570	20818	21
26471	20819	21
17206	20820	21
17284	20821	21
6933	20822	21
6989	20823	21
504	20824	21
6984	20825	21
25561	20826	21
26162	20827	21
21171	20828	21
25407	20829	21
22301	20830	21
32775	20831	21
30315	20832	21
32765	20833	21
16299	20834	21
16301	20835	21
27011	20836	21
27092	20837	21
11026	20838	21
18656	20839	21
2312	20840	21
29157	20841	21
29066	20842	21
30122	20843	21
5279	20844	21
9685	20845	21
29438	20846	21
29503	20847	21
24495	20848	21
32797	20849	21
27530	20850	21
28085	20851	21
21338	20852	21
27108	20853	21
18507	20854	21
27771	20855	21
21099	20856	21
25806	20857	21
3485	20858	21
6540	20859	21
21400	20860	21
25325	20861	21
18751	20862	21
18895	20863	21
25474	20864	21
25528	20865	21
24586	20866	21
24877	20867	21
24382	20868	21
24385	20869	21
22314	20870	21
27600	20871	21
11670	20872	21
17585	20873	21
7175	20874	21
12608	20875	21
12607	20876	21
19978	20877	21
16410	20878	21
16414	20879	21
13752	20880	21
13755	20881	21
15195	20882	21
16990	20883	21
16897	20884	21
16912	20885	21
16611	20886	21
16622	20887	21
24559	20888	21
28271	20889	21
4775	20890	21
8796	20891	21
3542	20892	21
6637	20893	21
9913	20894	21
17059	20895	21
22370	20896	21
30153	20897	21
30146	20898	21
32090	20899	21
15687	20900	21
32081	20901	21
13920	20902	21
22261	20903	21
22260	20904	21
27476	20905	21
15087	20906	21
15101	20907	21
15072	20908	21
15082	20909	21
30099	20910	21
30101	20911	21
2126	20912	21
28796	20913	21
13221	20914	21
30877	20915	21
22250	20916	21
23378	20917	21
10788	20918	21
18316	20919	21
7660	20920	21
7662	20921	21
21497	20922	21
29609	20923	21
23980	20924	21
21461	20925	21
17619	20926	21
32311	20927	21
21405	20928	21
31626	20929	21
21798	20930	21
32062	20931	21
16022	20932	21
28070	20933	21
21055	20934	21
23879	20935	21
16094	20936	21
28567	20937	21
16138	20938	21
19056	20939	21
28930	20940	21
29738	20941	21
7797	20942	21
13715	20943	21
15619	20944	21
24519	20945	21
9836	20946	21
16953	20947	21
22521	20948	21
30541	20949	21
21815	20950	21
29745	20951	21
22597	20952	21
30419	20953	21
28208	20954	21
28784	20955	21
28780	20956	21
28896	20957	21
20167	20958	21
20231	20959	21
19649	20960	21
19695	20961	21
19459	20962	21
19470	20963	21
16290	20964	21
25377	20965	21
26807	20966	21
28521	20967	21
18321	20968	21
18356	20969	21
21103	20970	21
29287	20971	21
29158	20972	21
30838	20973	21
17945	20974	21
26941	20975	21
9777	20976	21
9804	20977	21
5321	20978	21
25966	20979	21
21548	20980	21
29495	20981	21
29362	20982	21
31739	20983	21
13441	20984	21
21633	20985	21
15435	20986	21
24258	20987	21
16882	20988	21
26014	20989	21
7344	20990	21
12920	20991	21
7808	20992	21
13743	20993	21
2568	20994	21
4905	20995	21
3253	20996	21
6140	20997	21
22511	20998	21
31213	20999	21
31211	21000	21
31600	21001	21
1817	21002	21
3512	21003	21
18309	21004	21
18326	21005	21
22330	21006	21
30760	21007	21
5657	21008	21
10281	21009	21
1199	21010	21
2348	21011	21
22589	21012	21
33119	21013	21
16676	21014	21
17172	21015	21
9397	21016	21
9406	21017	21
4417	21018	21
8180	21019	21
15723	21020	21
24680	21021	21
25713	21022	21
27444	21023	21
26750	21024	21
26866	21025	21
18232	21026	21
23907	21027	21
6776	21028	21
6934	21029	21
20628	21030	21
20635	21031	21
20608	21032	21
25292	21033	21
21643	21034	21
21646	21035	21
17070	21036	21
17255	21037	21
15659	21038	21
16901	21039	21
22678	21040	21
32670	21041	21
1504	21042	21
1511	21043	21
23287	21044	21
30132	21045	21
27007	21046	21
32637	21047	21
18486	21048	21
18815	21049	21
9639	21050	21
16660	21051	21
30358	21052	21
32975	21053	21
20776	21054	21
32635	21055	21
24335	21056	21
29831	21057	21
10939	21058	21
30251	21059	21
8457	21060	21
14819	21061	21
2466	21062	21
8688	21063	21
19514	21064	21
20171	21065	21
14809	21066	21
14903	21067	21
21102	21068	21
32236	21069	21
27241	21070	21
27283	21071	21
14575	21072	21
14610	21073	21
13054	21074	21
13057	21075	21
14960	21076	21
17209	21077	21
13995	21078	21
22391	21079	21
22844	21080	21
30635	21081	21
15116	21082	21
15171	21083	21
15060	21084	21
15096	21085	21
8300	21086	21
8326	21087	21
20523	21088	21
20530	21089	21
6948	21090	21
6952	21091	21
6275	21092	21
6278	21093	21
11088	21094	21
19724	21095	21
16237	21096	21
16382	21097	21
5124	21098	21
9425	21099	21
11125	21100	21
18802	21101	21
5110	21102	21
9402	21103	21
22276	21104	21
28249	21105	21
17636	21106	21
19560	21107	21
21236	21108	21
33010	21109	21
5972	21110	21
10834	21111	21
18496	21112	21
18503	21113	21
22334	21114	21
30098	21115	21
1323	21116	21
30776	21117	21
25137	21118	21
27443	21119	21
9110	21120	21
9135	21121	21
22635	21122	21
33037	21123	21
22248	21124	21
32832	21125	21
28932	21126	21
31376	21127	21
21098	21128	21
30770	21129	21
12290	21130	21
12376	21131	21
11982	21132	21
12042	21133	21
11769	21134	21
11811	21135	21
3241	21136	21
6120	21137	21
17777	21138	21
17799	21139	21
22495	21140	21
26096	21141	21
11408	21142	21
11469	21143	21
8665	21144	21
8668	21145	21
33063	21146	21
33094	21147	21
10299	21148	21
10306	21149	21
932	21150	21
1838	21151	21
18897	21152	21
27944	21153	21
11107	21154	21
11202	21155	21
4640	21156	21
23787	21157	21
21451	21158	21
31732	21159	21
12610	21160	21
20272	21161	21
17028	21162	21
17248	21163	21
16307	21164	21
16318	21165	21
24122	21166	21
31045	21167	21
14380	21168	21
16903	21169	21
21600	21170	21
21686	21171	21
9784	21172	21
9790	21173	21
21904	21174	21
21986	21175	21
10654	21176	21
18117	21177	21
21076	21178	21
28067	21179	21
22966	21180	21
23876	21181	21
4581	21182	21
8473	21183	21
7113	21184	21
12489	21185	21
12487	21186	21
16434	21187	21
16316	21188	21
16320	21189	21
5296	21190	21
5299	21191	21
15960	21192	21
24956	21193	21
199	21194	21
29713	21195	21
540	21196	21
14656	21197	21
10644	21198	21
18101	21199	21
28637	21200	21
28681	21201	21
17948	21202	21
28352	21203	21
17688	21204	21
28289	21205	21
22508	21206	21
31306	21207	21
20369	21208	21
29626	21209	21
21113	21210	21
30637	21211	21
1803	21212	21
3486	21213	21
17703	21214	21
17710	21215	21
14271	21216	21
20320	21217	21
12299	21218	21
12380	21219	21
10041	21220	21
10099	21221	21
9825	21222	21
9864	21223	21
8253	21224	21
14491	21225	21
15575	21226	21
14483	21227	21
19769	21228	21
28594	21229	21
27651	21230	21
28100	21231	21
5770	21232	21
10486	21233	21
4049	21234	21
7493	21235	21
3340	21236	21
6292	21237	21
14356	21238	21
33012	21239	21
20014	21240	21
20273	21241	21
19013	21242	21
19200	21243	21
9953	21244	21
9963	21245	21
12984	21246	21
17844	21247	21
17866	21248	21
17876	21249	21
24920	21250	21
32539	21251	21
21901	21252	21
27397	21253	21
13401	21254	21
13403	21255	21
21607	21256	21
30643	21257	21
16678	21258	21
32352	21259	21
11054	21260	21
18701	21261	21
18603	21262	21
18889	21263	21
15805	21264	21
15830	21265	21
16952	21266	21
16967	21267	21
6307	21268	21
6318	21269	21
3477	21270	21
6525	21271	21
16139	21272	21
25227	21273	21
17883	21274	21
17895	21275	21
17869	21276	21
17872	21277	21
22568	21278	21
30384	21279	21
13725	21280	21
13817	21281	21
6187	21282	21
6213	21283	21
2178	21284	21
13584	21285	21
22991	21286	21
30800	21287	21
11223	21288	21
18935	21289	21
20377	21290	21
31387	21291	21
1883	21292	21
20256	21293	21
18968	21294	21
19183	21295	21
18265	21296	21
18268	21297	21
23978	21298	21
28722	21299	21
9423	21300	21
16346	21301	21
15951	21302	21
24940	21303	21
28966	21304	21
28968	21305	21
16645	21306	21
25737	21307	21
21087	21308	21
28717	21309	21
25423	21310	21
25466	21311	21
9832	21312	21
9835	21313	21
25902	21314	21
24011	21315	21
24740	21316	21
24855	21317	21
16033	21318	21
16035	21319	21
4494	21320	21
4496	21321	21
797	21322	21
1576	21323	21
6095	21324	21
11041	21325	21
22355	21326	21
29136	21327	21
25588	21328	21
26182	21329	21
21214	21330	21
25438	21331	21
3691	21332	21
20200	21333	21
11921	21334	21
19841	21335	21
17938	21336	21
26943	21337	21
26942	21338	21
31377	21339	21
30744	21340	21
30771	21341	21
24301	21342	21
31525	21343	21
30298	21344	21
32541	21345	21
26467	21346	21
27481	21347	21
1252	21348	21
15173	21349	21
13816	21350	21
13819	21351	21
15943	21352	21
19928	21353	21
17608	21354	21
18402	21355	21
27673	21356	21
27680	21357	21
15523	21358	21
31608	21359	21
27542	21360	21
27549	21361	21
22316	21362	21
29893	21363	21
13016	21364	21
20968	21365	21
18820	21366	21
18824	21367	21
14369	21368	21
14372	21369	21
31524	21370	21
31526	21371	21
20694	21372	21
20717	21373	21
1489	21374	21
25895	21375	21
12089	21376	21
12091	21377	21
6558	21378	21
6584	21379	21
3110	21380	21
5883	21381	21
9314	21382	21
32199	21383	21
24896	21384	21
1342	21385	21
21842	21386	21
29796	21387	21
18277	21388	21
27346	21389	21
23292	21390	21
23604	21391	21
17755	21392	21
18939	21393	21
18513	21394	21
27518	21395	21
22755	21396	21
30615	21397	21
888	21398	21
1754	21399	21
2522	21400	21
4815	21401	21
21903	21402	21
32818	21403	21
21716	21404	21
27700	21405	21
20439	21406	21
28404	21407	21
11577	21408	21
19408	21409	21
21492	21410	21
32254	21411	21
16267	21412	21
16269	21413	21
20697	21414	21
20699	21415	21
20691	21416	21
26163	21417	21
2853	21418	21
26159	21419	21
10736	21420	21
10836	21421	21
22490	21422	21
23780	21423	21
17843	21424	21
26846	21425	21
16509	21426	21
17054	21427	21
29521	21428	21
32475	21429	21
19542	21430	21
20188	21431	21
11883	21432	21
12022	21433	21
30527	21434	21
30533	21435	21
11249	21436	21
11282	21437	21
13735	21438	21
22059	21439	21
26974	21440	21
26996	21441	21
17486	21442	21
26377	21443	21
20489	21444	21
31154	21445	21
7628	21446	21
13429	21447	21
15588	21448	21
24476	21449	21
5947	21450	21
10796	21451	21
419	21452	21
27630	21453	21
22431	21454	21
24438	21455	21
24716	21456	21
24798	21457	21
12114	21458	21
12116	21459	21
24220	21460	21
31447	21461	21
21419	21462	21
31880	21463	21
4355	21464	21
8063	21465	21
12624	21466	21
20275	21467	21
16492	21468	21
20025	21469	21
18502	21470	21
18505	21471	21
20259	21472	21
20329	21473	21
12327	21474	21
12391	21475	21
3582	21476	21
6702	21477	21
21826	21478	21
22115	21479	21
20742	21480	21
20859	21481	21
20435	21482	21
27621	21483	21
9409	21484	21
16331	21485	21
5312	21486	21
9740	21487	21
15366	21488	21
24142	21489	21
6364	21490	21
6380	21491	21
5995	21492	21
6006	21493	21
24617	21494	21
28758	21495	21
25632	21496	21
26201	21497	21
22967	21498	21
25447	21499	21
24177	21500	21
25193	21501	21
4652	21502	21
8597	21503	21
7687	21504	21
13524	21505	21
22509	21506	21
30297	21507	21
30293	21508	21
31019	21509	21
30869	21510	21
30895	21511	21
9478	21512	21
9488	21513	21
15595	21514	21
24480	21515	21
21259	21516	21
21628	21517	21
21907	21518	21
31912	21519	21
11296	21520	21
19025	21521	21
23333	21522	21
30742	21523	21
15404	21524	21
30845	21525	21
17801	21526	21
26820	21527	21
17940	21528	21
151	21529	21
10036	21530	21
10096	21531	21
9460	21532	21
9499	21533	21
24491	21534	21
31707	21535	21
30436	21536	21
24337	21537	21
14723	21538	21
15067	21539	21
19601	21540	21
20215	21541	21
16567	21542	21
16890	21543	21
21274	21544	21
21284	21545	21
6392	21546	21
11485	21547	21
11483	21548	21
12036	21549	21
9450	21550	21
9492	21551	21
31466	21552	21
31468	21553	21
18535	21554	21
31504	21555	21
16140	21556	21
25205	21557	21
25203	21558	21
26146	21559	21
24953	21560	21
25368	21561	21
16521	21562	21
16527	21563	21
28381	21564	21
28391	21565	21
28372	21566	21
28838	21567	21
20664	21568	21
25906	21569	21
18445	21570	21
19453	21571	21
22312	21572	21
32737	21573	21
24468	21574	21
30207	21575	21
14413	21576	21
14415	21577	21
14442	21578	21
14449	21579	21
9037	21580	21
9044	21581	21
21216	21582	21
26325	21583	21
12216	21584	21
12276	21585	21
11200	21586	21
11236	21587	21
17687	21588	21
26652	21589	21
6487	21590	21
6494	21591	21
18543	21592	21
27567	21593	21
15906	21594	21
19967	21595	21
11403	21596	21
11463	21597	21
10833	21598	21
10873	21599	21
13579	21600	21
21834	21601	21
21299	21602	21
21306	21603	21
23344	21604	21
30888	21605	21
30824	21606	21
29161	21607	21
9411	21608	21
16351	21609	21
9646	21610	21
16672	21611	21
8304	21612	21
14574	21613	21
2820	21614	21
5367	21615	21
18423	21616	21
18439	21617	21
2383	21618	21
4562	21619	21
27718	21620	21
28128	21621	21
26951	21622	21
28017	21623	21
18844	21624	21
30567	21625	21
29795	21626	21
29803	21627	21
11261	21628	21
18980	21629	21
17924	21630	21
26907	21631	21
26845	21632	21
26890	21633	21
26804	21634	21
26837	21635	21
6418	21636	21
12120	21637	21
12082	21638	21
12313	21639	21
9903	21640	21
10055	21641	21
18154	21642	21
27221	21643	21
14778	21644	21
14802	21645	21
23424	21646	21
31649	21647	21
21132	21648	21
30040	21649	21
21263	21650	21
30002	21651	21
24126	21652	21
31537	21653	21
17668	21654	21
32623	21655	21
26924	21656	21
28544	21657	21
18512	21658	21
18869	21659	21
19496	21660	21
19689	21661	21
15852	21662	21
24842	21663	21
23229	21664	21
29944	21665	21
8572	21666	21
14999	21667	21
21626	21668	21
30752	21669	21
9375	21670	21
16273	21671	21
7373	21672	21
12973	21673	21
16689	21674	21
16695	21675	21
7998	21676	21
1155	21677	21
3541	21678	21
6635	21679	21
17722	21680	21
32396	21681	21
31518	21682	21
32380	21683	21
21057	21684	21
33139	21685	21
16236	21686	21
17211	21687	21
15560	21688	21
16394	21689	21
17914	21690	21
25524	21691	21
22142	21692	21
22192	21693	21
22091	21694	21
22130	21695	21
22205	21696	21
33098	21697	21
21397	21698	21
33131	21699	21
18024	21700	21
18338	21701	21
24001	21702	14
25648	21702	7
25648	21703	14
32282	21703	7
24217	21704	21
31443	21705	21
11055	21706	21
11080	21707	21
6630	21708	21
11886	21709	21
18511	21710	21
28667	21711	21
21500	21712	21
25244	21713	21
29540	21714	21
30170	21715	21
18043	21716	21
27083	21717	21
24257	21718	21
24280	21719	21
7717	21720	21
13581	21721	21
14514	21722	21
14517	21723	21
3954	21724	21
7314	21725	21
30798	21726	21
33060	21727	21
22865	21728	21
30664	21729	21
30663	21730	21
30748	21731	21
4560	21732	21
8436	21733	21
15636	21734	21
24547	21735	21
19121	21736	21
19123	21737	21
4673	21738	21
8631	21739	21
22860	21740	21
30656	21741	21
1258	21742	21
2463	21743	21
15256	21744	21
23900	21745	21
307	21746	21
23544	21747	21
23402	21748	21
23412	21749	21
16588	21750	21
25680	21751	21
15727	21752	21
15729	21753	21
22533	21754	21
28776	21755	21
19461	21756	21
486	21757	21
482	21758	21
16466	21759	21
6628	21760	21
28605	21761	21
18633	21762	21
27679	21763	21
24288	21764	21
24341	21765	21
22929	21766	21
27727	21767	21
22410	21768	21
1571	21769	21
30312	21770	21
32555	21771	21
11040	21772	21
11042	21773	21
10603	21774	21
11897	21775	21
8655	21776	21
15122	21777	21
20379	21778	21
28370	21779	21
17946	21780	21
19738	21781	21
22308	21782	21
32762	21783	21
21237	21784	21
31123	21785	21
21727	21786	21
22809	21787	21
20747	21788	21
26648	21789	21
15005	21790	21
15041	21791	21
18484	21792	21
27252	21793	21
17428	21794	21
25242	21795	21
10605	21796	21
10607	21797	21
17804	21798	21
17829	21799	21
21423	21800	21
29323	21801	21
4950	21802	21
9121	21803	21
29666	21804	21
27013	21805	21
16239	21806	21
19785	21807	21
24993	21808	21
32010	21809	21
21365	21810	21
27124	21811	21
8265	21812	21
14512	21813	21
15955	21814	21
17243	21815	21
15019	21816	21
15151	21817	21
21883	21818	21
27380	21819	21
10675	21820	21
10677	21821	21
8116	21822	21
8118	21823	21
20725	21824	21
28243	21825	21
21748	21826	21
30792	21827	21
15762	21828	21
31953	21829	21
22504	21830	21
31610	21831	21
22331	21832	21
23522	21833	21
14180	21834	21
22683	21835	21
24306	21836	21
24390	21837	21
19094	21838	21
19146	21839	21
18170	21840	21
27254	21841	21
13771	21842	21
13778	21843	21
8857	21844	21
15429	21845	21
21313	21846	21
29661	21847	21
11682	21848	21
12221	21849	21
21518	21850	21
28279	21851	21
14851	21852	21
14858	21853	21
12944	21854	21
20856	21855	21
20462	21856	21
23047	21857	21
20026	21858	21
22879	21859	21
9453	21860	21
1387	21861	21
24201	21862	21
26143	21863	21
11608	21864	21
12174	21865	21
24983	21866	21
32002	21867	21
28906	21868	21
24975	21869	21
22569	21870	21
30386	21871	21
17364	21872	21
28638	21873	21
25350	21874	21
20615	21875	21
24424	21876	21
27202	21877	21
13650	21878	21
13652	21879	21
21465	21880	21
21467	21881	21
20789	21882	21
26347	21883	21
8311	21884	21
14584	21885	21
14583	21886	21
31688	21887	21
9435	21888	21
16363	21889	21
21217	21890	21
30162	21891	21
4305	21892	21
32281	21893	21
32173	21894	21
32181	21895	21
15919	21896	21
24887	21897	21
24886	21898	21
25461	21899	21
24658	21900	21
24693	21901	21
22235	21902	21
23376	21903	21
27746	21904	21
27787	21905	21
22598	21906	21
27736	21907	21
17091	21908	21
17266	21909	21
6877	21910	21
6888	21911	21
22493	21912	21
33086	21913	21
20936	21914	21
30918	21915	21
15957	21916	21
16298	21917	21
24166	21918	21
25184	21919	21
6480	21920	21
6842	21921	21
15392	21922	21
24189	21923	21
24185	21924	21
31264	21925	21
31220	21926	21
31229	21927	21
22936	21928	21
22959	21929	21
22414	21930	21
26216	21931	21
11777	21932	21
11814	21933	21
550	21934	21
26491	21935	21
4501	21936	21
4503	21937	21
20378	21938	21
21356	21939	21
15307	21940	21
24055	21941	21
295	21942	21
22800	21943	21
22277	21944	21
22667	21945	21
16114	21946	21
33110	21947	21
22252	21948	21
30745	21949	21
25601	21950	21
26188	21951	21
25031	21952	21
25434	21953	21
4691	21954	21
4717	21955	21
19390	21956	21
20113	21957	21
16664	21958	21
25772	21959	21
7601	21960	21
13381	21961	21
12849	21962	21
20702	21963	21
20601	21964	21
25202	21965	21
24197	21966	21
24200	21967	21
25484	21968	21
25532	21969	21
2399	21970	21
4593	21971	21
16587	21972	21
25662	21973	21
24025	21974	21
28018	21975	21
21140	21976	21
27361	21977	21
17736	21978	21
26719	21979	21
6603	21980	21
6685	21981	21
21833	21982	21
21840	21983	21
15279	21984	21
24010	21985	21
3213	21986	21
6067	21987	21
22303	21988	21
28614	21989	21
19794	21990	21
24515	21991	21
32064	21992	21
32271	21993	21
21544	21994	21
32225	21995	21
11765	21996	21
19633	21997	21
11510	21998	21
12100	21999	21
28272	22000	21
28274	22001	21
22354	22002	21
31492	22003	21
18193	22004	21
18204	22005	21
30528	22006	21
33043	22007	21
29165	22008	21
22859	22009	21
21493	22010	21
26123	22011	21
13576	22012	21
21830	22013	21
14039	22014	21
22463	22015	21
7755	22016	21
13649	22017	21
22352	22018	21
28741	22019	21
19374	22020	21
20102	22021	21
16652	22022	21
17147	22023	21
18700	22024	21
18735	22025	21
26970	22026	21
28574	22027	21
18455	22028	21
19066	22029	21
9990	22030	21
17164	22031	21
4589	22032	21
8488	22033	21
14981	22034	21
22846	22035	21
14350	22036	21
22934	22037	21
14684	22038	21
23370	22039	21
11109	22040	21
18778	22041	21
25838	22042	21
25880	22043	21
3943	22044	21
26611	22045	21
20750	22046	21
31869	22047	21
18018	22048	21
27047	22049	21
6488	22050	21
11658	22051	21
14161	22052	21
14168	22053	21
1917	22054	21
3688	22055	21
17502	22056	21
17504	22057	21
6532	22058	21
11732	22059	21
14083	22060	21
22528	22061	21
14735	22062	21
15064	22063	21
21215	22064	21
21323	22065	21
10734	22066	21
10830	22067	21
19827	22068	21
19882	22069	21
19262	22070	21
19811	22071	21
27250	22072	21
20374	22073	21
22828	22074	21
23156	22075	21
25945	22076	21
26083	22077	21
11348	22078	21
11387	22079	21
22358	22080	21
31742	22081	21
15768	22082	21
29866	22083	21
29717	22084	21
29906	22085	21
18516	22086	21
19035	22087	21
1848	22088	21
3569	22089	21
16460	22090	21
17182	22091	21
17068	22092	21
17109	22093	21
29868	22094	21
29870	22095	21
9739	22096	21
9834	22097	21
21914	22098	21
29855	22099	21
13234	22100	21
21301	22101	21
2869	22102	21
2871	22103	21
21794	22104	21
27347	22105	21
17612	22106	21
5289	22107	21
21403	22108	21
30943	22109	21
5359	22110	21
25716	22111	21
24656	22112	21
29883	22113	21
7991	22114	21
26991	22115	21
24597	22116	21
24677	22117	21
30214	22118	21
30216	22119	21
11010	22120	21
18632	22121	21
14389	22122	21
18843	22123	21
16716	22124	21
25828	22125	21
11541	22126	21
12125	22127	21
22562	22128	21
30375	22129	21
17625	22130	21
26564	22131	21
26560	22132	21
30821	22133	21
17331	22134	21
20183	22135	21
18789	22136	21
18919	22137	21
1812	22138	21
13751	22139	21
24924	22140	21
29484	22141	21
28935	22142	21
31259	22143	21
12794	22144	21
20611	22145	21
1359	22146	21
25306	22147	21
25263	22148	21
25254	22149	21
20360	22150	21
22073	22151	21
16142	22152	21
16167	22153	21
4105	22154	21
7602	22155	21
27134	22156	21
28640	22157	21
18764	22158	21
18904	22159	21
8647	22160	21
8690	22161	21
12764	22162	21
20555	22163	21
7726	22164	21
13597	22165	21
26887	22166	21
26899	22167	21
398	22168	21
26885	22169	21
26679	22170	21
26682	22171	21
20453	22172	21
32047	22173	21
24926	22174	21
32695	22175	21
22885	22176	21
25136	22177	21
2460	22178	21
4703	22179	21
23397	22180	21
31080	22181	21
22832	22182	21
32824	22183	21
20649	22184	21
29441	22185	21
9373	22186	21
9469	22187	21
23435	22188	21
28252	22189	21
23125	22190	21
23132	22191	21
11574	22192	21
19400	22193	21
20724	22194	21
24756	22195	21
1893	22196	21
12138	22197	21
15439	22198	21
24264	22199	21
21110	22200	21
28628	22201	21
28587	22202	21
28617	22203	21
27949	22204	21
27983	22205	21
16141	22206	21
27919	22207	21
26508	22208	21
26685	22209	21
13724	22210	21
22044	22211	21
21229	22212	21
26711	22213	21
30777	22214	21
30870	22215	21
28231	22216	21
30537	22217	21
21414	22218	21
32341	22219	21
18247	22220	21
31242	22221	21
19520	22222	21
19522	22223	21
14176	22224	21
22676	22225	21
22672	22226	21
26296	22227	21
13026	22228	21
13028	22229	21
11770	22230	21
19640	22231	21
15962	22232	21
28922	22233	21
22810	22234	21
25741	22235	21
13629	22236	21
21910	22237	21
11244	22238	21
11400	22239	21
27093	22240	21
28631	22241	21
25099	22242	21
25102	22243	21
10102	22244	21
10107	22245	21
9485	22246	21
9489	22247	21
9309	22248	21
9312	22249	21
20544	22250	21
21976	22251	21
18765	22252	21
18905	22253	21
9387	22254	21
25378	22255	21
15094	22256	21
15098	22257	21
15090	22258	21
15093	22259	21
17441	22260	21
26249	22261	21
22671	22262	21
29357	22263	21
26643	22264	21
26650	22265	21
26624	22266	21
31579	22267	21
5688	22268	21
10337	22269	21
5662	22270	21
10290	22271	21
20909	22272	21
25492	22273	21
23982	22274	21
25646	22275	21
15898	22276	21
20545	22277	21
1447	22278	21
2826	22279	21
23354	22280	21
32306	22281	21
23340	22282	21
23438	22283	21
21070	22284	21
30905	22285	21
30303	22286	21
32274	22287	21
15642	22288	21
24556	22289	21
18559	22290	21
27592	22291	21
22262	22292	21
29695	22293	21
3364	22294	21
3392	22295	21
24208	22296	21
28810	22297	21
21795	22298	21
28876	22299	21
4012	22300	21
28885	22301	21
7408	22302	21
28856	22303	21
26581	22304	21
28438	22305	21
20403	22306	21
28389	22307	21
478	22308	21
954	22309	21
1814	22310	21
3507	22311	21
21116	22312	21
28931	22313	21
28924	22314	21
29131	22315	21
13423	22316	21
21610	22317	21
5098	22318	21
9380	22319	21
6529	22320	21
11806	22321	21
15469	22322	21
30127	22323	21
22353	22324	21
31081	22325	21
11749	22326	21
19612	22327	21
27706	22328	21
27708	22329	21
24825	22330	21
24873	22331	21
24373	22332	21
24407	22333	21
15045	22334	21
23849	22335	21
4491	22336	21
8313	22337	21
29063	22338	21
20785	22339	21
2218	22340	21
4245	22341	21
14980	22342	21
23777	22343	21
4667	22344	21
8622	22345	21
22348	22346	21
22350	22347	21
18605	22348	21
27635	22349	21
18979	22350	21
19182	22351	21
9917	22352	21
10064	22353	21
18747	22354	21
23908	22355	21
30340	22356	21
30554	22357	21
24593	22358	21
26812	22359	21
13228	22360	21
21291	22361	21
6136	22362	21
11108	22363	21
20769	22364	21
1163	22365	21
26499	22366	21
26783	22367	21
28292	22368	21
28304	22369	21
7417	22370	21
13050	22371	21
2812	22372	21
2814	22373	21
9032	22374	21
9034	22375	21
1574	22376	21
3060	22377	21
11498	22378	21
16971	22379	21
21054	22380	21
32701	22381	21
27503	22382	21
27506	22383	21
6363	22384	21
6379	22385	21
2925	22386	21
5540	22387	21
30693	22388	21
32968	22389	21
1505	22390	21
1512	22391	21
91	22392	21
9868	22393	21
3387	22394	21
3398	22395	21
9339	22396	21
16218	22397	21
17714	22398	21
17731	22399	21
4057	22400	21
21256	22401	21
16625	22402	21
22673	22403	21
7987	22404	21
14030	22405	21
22432	22406	21
30231	22407	21
13767	22408	21
13769	22409	21
1679	22410	21
3261	22411	21
2701	22412	21
5152	22413	21
2224	22414	21
4256	22415	21
7926	22416	21
13913	22417	21
5210	22418	21
9561	22419	21
18020	22420	21
27051	22421	21
22984	22422	21
22986	22423	21
16774	22424	21
19160	22425	21
21336	22426	21
2577	22427	21
25749	22428	21
32337	22429	21
6091	22430	21
23601	22431	21
7172	22432	21
12602	22433	21
12586	22434	21
19491	22435	21
19343	22436	21
19347	22437	21
17305	22438	21
19342	22439	21
2832	22440	21
2839	22441	21
24184	22442	21
31218	22443	21
14826	22444	21
32421	22445	21
9779	22446	21
16875	22447	21
16323	22448	21
25413	22449	21
25004	22450	21
26301	22451	21
12121	22452	21
12337	22453	21
9942	22454	21
10079	22455	21
6530	22456	21
11728	22457	21
6524	22458	21
6526	22459	21
27299	22460	21
27452	22461	21
22052	22462	21
22173	22463	21
24028	22464	21
26602	22465	21
3631	22466	21
6778	22467	21
22823	22468	21
23133	22469	21
10693	22470	21
18177	22471	21
16775	22472	21
19164	22473	21
14971	22474	21
15120	22475	21
13319	22476	21
31433	22477	21
10972	22478	21
18570	22479	21
14520	22480	21
14545	22481	21
6256	22482	21
6349	22483	21
10698	22484	21
10723	22485	21
18032	22486	21
27068	22487	21
21002	22488	21
28803	22489	21
19554	22490	21
20194	22491	21
11841	22492	21
11898	22493	21
22613	22494	21
30440	22495	21
15384	22496	21
24175	22497	21
24114	22498	21
30954	22499	21
30669	22500	21
30678	22501	21
5105	22502	21
9393	22503	21
12159	22504	21
12356	22505	21
11350	22506	21
19105	22507	21
18654	22508	21
18678	22509	21
17052	22510	21
17247	22511	21
16281	22512	21
16317	22513	21
22876	22514	21
30677	22515	21
18509	22516	21
27962	22517	21
22538	22518	21
27955	22519	21
26384	22520	21
28331	22521	21
24332	22522	21
25627	22523	21
8113	22524	21
8120	22525	21
16870	22526	21
33068	22527	21
1196	22528	21
28424	22529	21
28417	22530	21
28420	22531	21
4247	22532	21
7864	22533	21
19436	22534	21
19476	22535	21
13277	22536	21
21379	22537	21
20406	22538	21
21960	22539	21
21305	22540	21
21308	22541	21
24925	22542	21
29639	22543	21
29571	22544	21
29600	22545	21
7311	22546	21
12860	22547	21
7536	22548	21
13262	22549	21
15720	22550	21
15722	22551	21
23506	22552	21
31182	22553	21
30229	22554	21
30249	22555	21
29079	22556	21
32596	22557	21
16794	22558	21
25909	22559	21
22835	22560	21
30587	22561	21
14846	22562	21
14848	22563	21
981	22564	21
1929	22565	21
5195	22566	21
9531	22567	21
16925	22568	21
26097	22569	21
23239	22570	21
23280	22571	21
5522	22572	21
5533	22573	21
14783	22574	21
14790	22575	21
29140	22576	21
32985	22577	21
22919	22578	21
22926	22579	21
25799	22580	21
32285	22581	21
14739	22582	21
23453	22583	21
24608	22584	21
33138	22585	21
13689	22586	21
21997	22587	21
12199	22588	21
12204	22589	21
11664	22590	21
11668	22591	21
11569	22592	21
11572	22593	21
876	22594	21
1732	22595	21
18497	22596	21
27501	22597	21
2462	22598	21
2464	22599	21
20824	22600	21
31332	22601	21
16937	22602	21
26063	22603	21
20370	22604	21
29608	22605	21
22595	22606	21
30454	22607	21
23987	22608	21
24009	22609	21
19028	22610	21
19206	22611	21
18828	22612	21
18867	22613	21
8413	22614	21
14750	22615	21
3653	22616	21
6819	22617	21
26480	22618	21
28375	22619	21
24439	22620	21
25915	22621	21
7803	22622	21
13727	22623	21
9079	22624	21
15806	22625	21
16859	22626	21
22970	22627	21
7158	22628	21
12576	22629	21
12574	22630	21
19202	22631	21
18303	22632	21
18307	22633	21
18289	22634	21
18292	22635	21
17505	22636	21
17513	22637	21
21746	22638	21
30241	22639	21
22834	22640	21
31718	22641	21
19104	22642	21
19150	22643	21
18712	22644	21
18722	22645	21
8565	22646	21
14986	22647	21
22534	22648	21
22743	22649	21
14027	22650	21
32899	22651	21
28921	22652	21
32727	22653	21
22417	22654	21
32684	22655	21
18249	22656	21
27308	22657	21
27303	22658	21
29123	22659	21
14308	22660	21
22866	22661	21
11537	22662	21
19294	22663	21
19291	22664	21
25117	22665	21
8610	22666	21
31393	22667	21
24339	22668	21
25829	22669	21
22311	22670	21
25674	22671	21
15751	22672	21
20249	22673	21
12086	22674	21
12316	22675	21
6783	22676	21
6945	22677	21
6516	22678	21
6870	22679	21
30965	22680	21
30973	22681	21
22612	22682	21
27639	22683	21
21741	22684	21
28738	22685	21
19357	22686	21
4972	22687	21
11689	22688	21
12225	22689	21
20221	22690	21
20240	22691	21
1750	22692	21
3389	22693	21
30393	22694	21
30395	22695	21
22027	22696	21
30025	22697	21
30024	22698	21
31108	22699	21
15126	22700	21
15175	22701	21
3743	22702	21
3756	22703	21
23553	22704	21
27440	22705	21
22452	22706	21
22483	22707	21
20510	22708	21
23771	22709	21
22849	22710	21
30764	22711	21
20822	22712	21
26922	22713	21
13949	22714	21
17071	22715	21
8913	22716	21
15526	22717	21
24590	22718	21
24592	22719	21
27160	22720	21
32683	22721	21
12836	22722	21
20681	22723	21
20677	22724	21
26060	22725	21
26043	22726	21
26046	22727	21
22393	22728	21
30183	22729	21
28945	22730	21
32016	22731	21
15262	22732	21
32007	22733	21
26466	22734	21
27296	22735	21
28366	22736	21
30866	22737	21
2438	22738	21
14741	22739	21
27591	22740	21
27593	22741	21
10407	22742	21
17730	22743	21
19000	22744	21
19007	22745	21
29220	22746	21
29286	22747	21
29152	22748	21
30820	22749	21
6836	22750	21
12188	22751	21
5249	22752	21
29563	22753	21
18251	22754	21
32318	22755	21
21555	22756	21
21562	22757	21
10442	22758	21
32514	22759	21
4931	22760	21
9089	22761	21
22279	22762	21
244	22763	21
19784	22764	21
19954	22765	21
16333	22766	21
16372	22767	21
29312	22768	21
31407	22769	21
31181	22770	21
31207	22771	21
29282	22772	21
29291	22773	21
4654	22774	21
4656	22775	21
5882	22776	21
5884	22777	21
14355	22778	21
18818	22779	21
24974	22780	21
24997	22781	21
997	22782	21
1957	22783	21
2318	22784	21
22625	22785	21
25016	22786	21
25020	22787	21
19087	22788	21
19089	22789	21
30465	22790	21
32000	22791	21
24493	22792	21
32816	22793	21
11484	22794	21
12265	22795	21
6694	22796	21
6736	22797	21
1227	22798	21
2403	22799	21
24504	22800	21
31687	22801	21
22553	22802	21
32984	22803	21
24253	22804	21
31485	22805	21
20106	22806	21
20309	22807	21
12234	22808	21
12282	22809	21
9843	22810	21
9846	22811	21
10610	22812	21
18051	22813	21
11604	22814	21
26990	22815	21
27637	22816	21
30518	22817	21
24152	22818	14
30079	22818	7
30182	22819	21
30102	22820	21
31193	22821	21
12787	22822	21
20598	22823	21
20596	22824	21
25116	22825	21
9098	22826	21
9101	22827	21
14869	22828	21
33057	22829	21
8464	22830	21
24782	22831	21
18562	22832	21
22302	22833	21
27588	22834	21
30194	22835	21
11587	22836	21
12195	22837	21
21311	22838	21
28027	22839	21
22674	22840	21
28147	22841	21
27304	22842	21
27326	22843	21
492	22844	21
6911	22845	21
6841	22846	21
6844	22847	21
22808	22848	21
25165	22849	21
28959	22850	21
30270	22851	21
20826	22852	21
28071	22853	21
16693	22854	21
17173	22855	21
11493	22856	21
15161	22857	21
14559	22858	21
14599	22859	21
21797	22860	21
23944	22861	21
20825	22862	21
20877	22863	21
27044	22864	21
32955	22865	21
10263	22866	21
17483	22867	21
8611	22868	21
15061	22869	21
21925	22870	21
21949	22871	21
14571	22872	21
14607	22873	21
14534	22874	21
30977	22875	21
21431	22876	21
31588	22877	21
31245	22878	21
31254	22879	21
2687	22880	21
5128	22881	21
14640	22882	21
23297	22883	21
23295	22884	21
25300	22885	21
21666	22886	21
21702	22887	21
21850	22888	21
21873	22889	21
7330	22890	21
12893	22891	21
2206	22892	21
4222	22893	21
17208	22894	21
17282	22895	21
6928	22896	21
6987	22897	21
6337	22898	21
6375	22899	21
29154	22900	21
30530	22901	21
19289	22902	21
20053	22903	21
6791	22904	21
28759	22905	21
19353	22906	21
19993	22907	21
11729	22908	21
12252	22909	21
9587	22910	21
9946	22911	21
16504	22912	21
16506	22913	21
28807	22914	21
28901	22915	21
26261	22916	21
26274	22917	21
23659	22918	21
23670	22919	21
2394	22920	21
23615	22921	21
26389	22922	21
26411	22923	21
3580	22924	21
6698	22925	21
11605	22926	21
19402	22927	21
21312	22928	21
28874	22929	21
28873	22930	21
28904	22931	21
20279	22932	21
20333	22933	21
19207	22934	21
19223	22935	21
10012	22936	21
10025	22937	21
9707	22938	21
9710	22939	21
26398	22940	21
28339	22941	21
24345	22942	21
25866	22943	21
24884	22944	21
31786	22945	21
18825	22946	21
20019	22947	21
18490	22948	21
19018	22949	21
19925	22950	21
19979	22951	21
18400	22952	21
18415	22953	21
13782	22954	21
13793	22955	21
686	22956	21
1362	22957	21
6132	22958	21
11100	22959	21
18524	22960	21
27537	22961	21
24902	22962	21
30851	22963	21
17809	22964	21
26811	22965	21
21352	22966	21
21354	22967	21
30625	22968	21
31297	22969	21
31237	22970	21
31262	22971	21
8921	22972	21
8928	22973	21
12179	22974	21
12183	22975	21
12175	22976	21
12178	22977	21
27189	22978	21
27224	22979	21
16523	22980	21
16530	22981	21
16543	22982	21
16869	22983	21
20932	22984	21
21016	22985	21
20668	22986	21
25979	22987	21
22935	22988	21
25975	22989	21
16668	22990	21
16670	22991	21
23419	22992	21
23844	22993	21
18965	22994	21
19173	22995	21
7863	22996	21
7870	22997	21
24500	22998	21
32979	22999	21
9052	23000	21
15759	23001	21
11856	23002	21
19748	23003	21
28477	23004	21
28489	23005	21
24691	23006	21
24702	23007	21
658	23008	21
24568	23009	21
2158	23010	21
4129	23011	21
19354	23012	21
28141	23013	21
17023	23014	21
17231	23015	21
16277	23016	21
16280	23017	21
5283	23018	21
9692	23019	21
22226	23020	21
31745	23021	21
23796	23022	21
6857	23023	21
22095	23024	21
30010	23025	21
17134	23026	21
25143	23027	21
26945	23028	21
28570	23029	21
10352	23030	21
17632	23031	21
5064	23032	21
9323	23033	21
1417	23034	21
2768	23035	21
15678	23036	21
24609	23037	21
1967	23038	21
1969	23039	21
17478	23040	21
26439	23041	21
21069	23042	21
28306	23043	21
24294	23044	21
31409	23045	21
21280	23046	21
29168	23047	21
29167	23048	21
30882	23049	21
22549	23050	21
25760	23051	21
6298	23052	21
6300	23053	21
27342	23054	21
30258	23055	21
31549	23056	21
32399	23057	21
18271	23058	21
18306	23059	21
30230	23060	21
32783	23061	21
18608	23062	21
32665	23063	21
27809	23064	21
27811	23065	21
11843	23066	21
11996	23067	21
2699	23068	21
5148	23069	21
2968	23070	21
5610	23071	21
5313	23072	21
9742	23073	21
29665	23074	21
29339	23075	21
19363	23076	21
28215	23077	21
9104	23078	21
15844	23079	21
30005	23080	21
30039	23081	21
29490	23082	21
29516	23083	21
3923	23084	21
7253	23085	21
6284	23086	21
6310	23087	21
24161	23088	21
30610	23089	21
30536	23090	21
30545	23091	21
26495	23092	21
22987	23093	21
10470	23094	21
10477	23095	21
21640	23096	21
21642	23097	21
13897	23098	21
22218	23099	21
7940	23100	21
13940	23101	21
14384	23102	21
22983	23103	21
15959	23104	21
24954	23105	21
28455	23106	21
28863	23107	21
19712	23108	21
28854	23109	21
25960	23110	21
25963	23111	21
9666	23112	21
25818	23113	21
20455	23114	21
1256	23115	21
22104	23116	21
30021	23117	21
22898	23118	21
23950	23119	21
158	23120	21
23946	23121	21
23686	23122	21
22699	23123	21
7306	23124	21
12851	23125	21
5640	23126	21
10249	23127	21
15474	23128	21
24316	23129	21
21891	23130	21
29824	23131	21
29064	23132	21
31000	23133	21
30519	23134	21
30603	23135	21
20017	23136	21
27586	23137	21
19322	23138	21
20073	23139	21
18467	23140	21
20266	23141	21
17027	23142	21
17048	23143	21
28923	23144	21
18515	23145	21
22567	23146	21
31923	23147	21
13274	23148	21
21368	23149	21
24635	23150	21
31823	23151	21
16120	23152	21
16209	23153	21
5368	23154	21
5370	23155	21
14821	23156	21
19144	23157	21
18181	23158	21
18217	23159	21
21584	23160	21
28688	23161	21
18989	23162	21
19187	23163	21
9928	23164	21
10070	23165	21
2766	23166	21
5270	23167	21
637	23168	21
1265	23169	21
17995	23170	21
32659	23171	21
22700	23172	21
27758	23173	21
26759	23174	21
32495	23175	21
24024	23176	21
26148	23177	21
24930	23178	21
25393	23179	21
21279	23180	21
29166	23181	21
29076	23182	21
30225	23183	21
6798	23184	21
6949	23185	21
23308	23186	21
23610	23187	21
29120	23188	21
29122	23189	21
29118	23190	21
30569	23191	21
30464	23192	21
31358	23193	21
8062	23194	21
14165	23195	21
11675	23196	21
12212	23197	21
21747	23198	21
25355	23199	21
21601	23200	21
31764	23201	21
19730	23202	21
19934	23203	21
18284	23204	21
18411	23205	21
26401	23206	21
28340	23207	21
28313	23208	21
28316	23209	21
2679	23210	21
5113	23211	21
20540	23212	21
24108	23213	21
7430	23214	21
7433	23215	21
7544	23216	21
13276	23217	21
16589	23218	21
25666	23219	21
6953	23220	21
6962	23221	21
9315	23222	21
9341	23223	21
5074	23224	21
29480	23225	21
21525	23226	21
32170	23227	21
26775	23228	21
26782	23229	21
15286	23230	21
15288	23231	21
24113	23232	21
32373	23233	21
29652	23234	21
31281	23235	21
22586	23236	21
28878	23237	21
20689	23238	21
26313	23239	21
20512	23240	21
23948	23241	21
23183	23242	21
23216	23243	21
22688	23244	21
27752	23245	21
6289	23246	21
29925	23247	21
18687	23248	21
27741	23249	21
11511	23250	21
15456	23251	21
19246	23252	21
19611	23253	21
6568	23254	21
28520	23255	21
30383	23256	21
30389	23257	21
27638	23258	21
30052	23259	21
6801	23260	21
6951	23261	21
16062	23262	21
16069	23263	21
20911	23264	21
20999	23265	21
20995	23266	21
28752	23267	21
19393	23268	21
316	23269	21
5147	23270	21
9461	23271	21
20728	23272	21
25485	23273	21
5160	23274	21
5162	23275	21
25848	23276	21
25884	23277	21
24392	23278	21
24395	23279	21
12473	23280	21
15897	23281	21
15873	23282	21
15877	23283	21
15705	23284	21
15708	23285	21
12488	23286	21
16452	23287	21
13830	23288	21
13834	23289	21
13029	23290	21
13032	23291	21
15534	23292	21
24400	23293	21
19358	23294	21
28781	23295	21
22505	23296	21
26232	23297	21
25145	23298	21
25269	23299	21
26141	23300	21
26318	23301	21
22492	23302	21
25520	23303	21
22111	23304	21
22120	23305	21
3642	23306	21
3741	23307	21
23559	23308	21
28117	23309	21
16514	23310	21
16852	23311	21
21233	23312	21
31117	23313	21
29218	23314	21
32996	23315	21
3376	23316	21
3383	23317	21
18209	23318	21
18223	23319	21
13490	23320	21
13500	23321	21
7941	23322	21
13942	23323	21
9605	23324	21
9607	23325	21
23673	23326	21
23722	23327	21
23627	23328	21
23662	23329	21
17934	23330	21
27991	23331	21
20990	23332	21
21027	23333	21
20000	23334	21
20004	23335	21
17317	23336	21
18058	23337	21
17412	23338	21
24279	23339	21
19527	23340	21
26346	23341	21
21112	23342	21
28552	23343	21
24607	23344	21
24614	23345	21
6138	23346	21
27824	23347	21
21294	23348	21
29187	23349	21
21742	23350	21
30452	23351	21
24027	23352	21
29798	23353	21
21190	23354	21
29043	23355	21
20878	23356	21
20901	23357	21
20853	23358	21
27917	23359	21
27910	23360	21
27913	23361	21
22830	23362	21
23029	23363	21
31072	23364	21
31381	23365	21
21268	23366	21
29148	23367	21
4399	23368	21
30650	23369	21
17129	23370	21
17186	23371	21
16185	23372	21
16224	23373	21
11726	23374	21
19580	23375	21
16154	23376	21
16161	23377	21
31558	23378	21
30156	23379	21
22863	23380	21
31931	23381	21
12072	23382	21
12306	23383	21
11263	23384	21
11415	23385	21
2260	23386	21
4325	23387	21
17701	23388	21
26431	23389	21
20735	23390	21
28390	23391	21
22351	23392	21
24397	23393	21
20703	23394	21
20705	23395	21
20654	23396	21
25823	23397	21
25564	23398	21
25567	23399	21
14829	23400	21
14921	23401	21
21399	23402	21
24767	23403	21
16539	23404	21
24583	23405	21
22307	23406	21
21183	23407	21
4607	23408	21
8519	23409	21
24467	23410	21
24477	23411	21
19277	23412	21
20047	23413	21
15554	23414	21
16777	23415	21
14620	23416	21
17212	23417	21
16247	23418	21
16395	23419	21
8375	23420	21
14682	23421	21
2582	23422	21
4932	23423	21
15398	23424	21
15400	23425	21
21823	23426	21
29756	23427	21
24737	23428	21
24761	23429	21
16321	23430	21
20006	23431	21
10963	23432	21
10965	23433	21
22310	23434	21
25993	23435	21
12206	23436	21
12232	23437	21
11118	23438	21
30706	23439	21
26484	23440	21
27829	23441	21
8148	23442	21
14310	23443	21
24465	23444	21
31654	23445	21
14822	23446	21
14916	23447	21
26973	23448	21
18986	23449	21
24464	23450	21
27710	23451	21
18787	23452	21
18917	23453	21
9293	23454	21
16150	23455	21
1296	23456	21
21436	23457	21
21211	23458	21
28699	23459	21
28383	23460	21
28515	23461	21
26764	23462	21
28241	23463	21
9266	23464	21
16195	23465	21
29553	23466	21
32734	23467	21
24186	23468	21
31292	23469	21
29910	23470	21
32327	23471	21
16106	23472	21
25159	23473	21
22606	23474	21
22608	23475	21
24129	23476	21
29409	23477	21
21673	23478	21
21706	23479	21
18489	23480	21
19017	23481	21
18796	23482	21
27850	23483	21
22404	23484	21
28003	23485	21
16549	23486	21
17084	23487	21
6680	23488	21
11962	23489	21
14824	23490	21
14918	23491	21
28925	23492	21
32658	23493	21
26768	23494	21
31881	23495	21
27644	23496	21
27719	23497	21
26533	23498	21
32227	23499	21
22408	23500	21
32224	23501	21
31708	23502	21
24263	23503	21
22406	23504	21
22458	23505	21
27022	23506	21
28633	23507	21
13013	23508	21
20964	23509	21
13761	23510	21
13786	23511	21
480	23512	21
20233	23513	21
18629	23514	21
18951	23515	21
9456	23516	21
9484	23517	21
2706	23518	21
5161	23519	21
16546	23520	21
25603	23521	21
25609	23522	21
30767	23523	21
9806	23524	21
9810	23525	21
9791	23526	21
9794	23527	21
29547	23528	21
29549	23529	21
29308	23530	21
30361	23531	21
3103	23532	21
5869	23533	21
17488	23534	21
26380	23535	21
11888	23536	21
930	23537	21
27843	23538	21
22525	23539	21
22456	23540	21
22480	23541	21
22384	23542	21
32403	23543	21
18324	23544	21
18358	23545	21
348	23546	21
25534	23547	21
25445	23548	21
25456	23549	21
12801	23550	21
25072	23551	21
6477	23552	21
11640	23553	21
15681	23554	21
15683	23555	21
3947	23556	21
7300	23557	21
30344	23558	21
32961	23559	21
19535	23560	21
28394	23561	21
19311	23562	21
20079	23563	21
18586	23564	21
18596	23565	21
24595	23566	21
31776	23567	21
22323	23568	21
32893	23569	21
29142	23570	21
32774	23571	21
23633	23572	21
23665	23573	21
25712	23574	21
26255	23575	21
26248	23576	21
26251	23577	21
566	23578	21
4206	23579	21
18492	23580	21
18494	23581	21
30411	23582	21
32822	23583	21
27606	23584	21
32782	23585	21
5470	23586	21
5477	23587	21
22839	23588	21
23146	23589	21
3657	23590	21
3751	23591	21
15277	23592	21
24006	23593	21
327	23594	21
24413	23595	21
24921	23596	21
28883	23597	21
28014	23598	21
28167	23599	21
17096	23600	21
17268	23601	21
15051	23602	21
15078	23603	21
6342	23604	21
11431	23605	21
4648	23606	21
8590	23607	21
28730	23608	21
28886	23609	21
20090	23610	21
20302	23611	21
12217	23612	21
12274	23613	21
11007	23614	21
11234	23615	21
26742	23616	21
30370	23617	21
13904	23618	21
23068	23619	21
28753	23620	21
28893	23621	21
20117	23622	21
20312	23623	21
17163	23624	21
17177	23625	21
15374	23626	21
17158	23627	21
22222	23628	21
32422	23629	21
22280	23630	21
28488	23631	21
26720	23632	21
26732	23633	21
20713	23634	21
20722	23635	21
5837	23636	21
10606	23637	21
15804	23638	21
15829	23639	21
6434	23640	21
6805	23641	21
14431	23642	21
14456	23643	21
25892	23644	21
26059	23645	21
26050	23646	21
26099	23647	21
11419	23648	21
11122	23649	21
3658	23650	21
6826	23651	21
4458	23652	21
8254	23653	21
23034	23654	21
28242	23655	21
28228	23656	21
28794	23657	21
10471	23658	21
10478	23659	21
8850	23660	21
15415	23661	21
25783	23662	21
26263	23663	21
21496	23664	21
23661	23665	21
16030	23666	21
25061	23667	21
19326	23668	21
20075	23669	21
16599	23670	21
25687	23671	21
18375	23672	21
18428	23673	21
13810	23674	21
13846	23675	21
21243	23676	21
32616	23677	21
15702	23678	21
15704	23679	21
18470	23680	21
18480	23681	21
18464	23682	21
23887	23683	21
23497	23684	21
23534	23685	21
30359	23686	21
31251	23687	21
31689	23688	21
26555	23689	21
22883	23690	21
29677	23691	21
21475	23692	21
31917	23693	21
26748	23694	21
32197	23695	21
21758	23696	21
29672	23697	21
29607	23698	21
29613	23699	21
17322	23700	21
19077	23701	21
18065	23702	21
18076	23703	21
13596	23704	21
13598	23705	21
17958	23706	21
18291	23707	21
27337	23708	21
32223	23709	21
11835	23710	21
11872	23711	21
6112	23712	21
6114	23713	21
30226	23714	21
32473	23715	21
16008	23716	21
24139	23717	21
21886	23718	21
32243	23719	21
22555	23720	21
30368	23721	21
26542	23722	21
26620	23723	21
10403	23724	21
32385	23725	21
21890	23726	21
29822	23727	21
13717	23728	21
30055	23729	21
30583	23730	21
27805	23731	21
20587	23732	21
32882	23733	21
21805	23734	21
32564	23735	21
23332	23736	21
31371	23737	21
22912	23738	21
30979	23739	21
20568	23740	21
24686	23741	21
24669	23742	21
24672	23743	21
15815	23744	21
15822	23745	21
17002	23746	21
17265	23747	21
15069	23748	21
23870	23749	21
19632	23750	21
19687	23751	21
17847	23752	21
17885	23753	21
18830	23754	21
27914	23755	21
3054	23756	21
5778	23757	21
16819	23758	21
24245	23759	21
9747	23760	21
16824	23761	21
22494	23762	21
26337	23763	21
25481	23764	21
25531	23765	21
24841	23766	21
24880	23767	21
8673	23768	21
8683	23769	21
17964	23770	21
26984	23771	21
27551	23772	21
28775	23773	21
25681	23774	21
26221	23775	21
26139	23776	21
23369	23777	21
24895	23778	21
27279	23779	21
21498	23780	21
21703	23781	21
18138	23782	21
33128	23783	21
15933	23784	21
24911	23785	21
24823	23786	21
24872	23787	21
24776	23788	21
24813	23789	21
4899	23790	21
9031	23791	21
8002	23792	21
8004	23793	21
17996	23794	21
27012	23795	21
27008	23796	21
31413	23797	21
13720	23798	21
22036	23799	21
18521	23800	21
18557	23801	21
17676	23802	21
26638	23803	21
14098	23804	21
22556	23805	21
18976	23806	21
18983	23807	21
19091	23808	21
28091	23809	21
23314	23810	21
27922	23811	21
16184	23812	21
16223	23813	21
24516	23814	21
25388	23815	21
16620	23816	21
25706	23817	21
26778	23818	21
32713	23819	21
27125	23820	21
27446	23821	21
14996	23822	21
15137	23823	21
18625	23824	18
32954	23824	3
32966	23825	21
5935	23826	21
27372	23827	21
28576	23828	21
28713	23829	21
6269	23830	21
11322	23831	21
26506	23832	21
32093	23833	21
16596	23834	21
25677	23835	21
18031	23836	21
27066	23837	21
7782	23838	21
7789	23839	21
9650	23840	21
9998	23841	21
23977	23842	21
24406	23843	21
23355	23844	21
31029	23845	21
24251	23846	21
32449	23847	21
24944	23848	21
31859	23849	21
31802	23850	21
31829	23851	21
19512	23852	21
20170	23853	21
16793	23854	21
16940	23855	21
30796	23856	21
30817	23857	21
7664	23858	21
13489	23859	21
18534	23860	21
32298	23861	21
1572	23862	21
3056	23863	21
6640	23864	21
6647	23865	21
15934	23866	21
24913	23867	21
21580	23868	21
25299	23869	21
24029	23870	21
25123	23871	21
21444	23872	21
32413	23873	21
30683	23874	21
32462	23875	21
21288	23876	21
30931	23877	21
26546	23878	21
28410	23879	21
18009	23880	21
19789	23881	21
1376	23882	21
2692	23883	21
22418	23884	21
30213	23885	21
30206	23886	21
32591	23887	21
29052	23888	21
29060	23889	21
10614	23890	21
11905	23891	21
9401	23892	21
9403	23893	21
10602	23894	21
11896	23895	21
24121	23896	21
24778	23897	21
22442	23898	21
22449	23899	21
9268	23900	21
16109	23901	21
20872	23902	21
28019	23903	21
12541	23904	21
18225	23905	21
17550	23906	21
17554	23907	21
17536	23908	21
17539	23909	21
19186	23910	21
19240	23911	21
10069	23912	21
10084	23913	21
3705	23914	21
3715	23915	21
30479	23916	21
32340	23917	21
6696	23918	21
11983	23919	21
9322	23920	21
9347	23921	21
17627	23922	21
26570	23923	21
26569	23924	21
30426	23925	21
22565	23926	21
30380	23927	21
20301	23928	21
20317	23929	21
12273	23930	21
12288	23931	21
6744	23932	21
6748	23933	21
6740	23934	21
6743	23935	21
26119	23936	21
26307	23937	21
1880	23938	21
12349	23939	21
6855	23940	21
6897	23941	21
12228	23942	21
12279	23943	21
6718	23944	21
12016	23945	21
23743	23946	21
23750	23947	21
18749	23948	21
18893	23949	21
8895	23950	21
15496	23951	21
23012	23952	21
28747	23953	21
27528	23954	21
23444	23955	21
16095	23956	21
25139	23957	21
17009	23958	21
17098	23959	21
4904	23960	21
9040	23961	21
14636	23962	21
23290	23963	21
23288	23964	21
23720	23965	21
23500	23966	21
23536	23967	21
4323	23968	21
8001	23969	21
30079	23970	14
30092	23970	7
32444	23971	21
24265	23972	21
25822	23973	21
17583	23974	21
20173	23975	21
15346	23976	21
27812	23977	21
26492	23978	21
28510	23979	21
24749	23980	21
24860	23981	21
21412	23982	21
26281	23983	21
12000	23984	21
12051	23985	21
10825	23986	21
10862	23987	21
6531	23988	21
6881	23989	21
18710	23990	21
31743	23991	21
23589	23992	21
33124	23993	21
23224	23994	21
23240	23995	21
17725	23996	21
17733	23997	21
6607	23998	21
11846	23999	21
19264	24000	21
20033	24001	21
11582	24002	21
12151	24003	21
17531	24004	21
17538	24005	21
22557	24006	21
22559	24007	21
14642	24008	21
23301	24009	21
23300	24010	21
26030	24011	21
11190	24012	21
11230	24013	21
22040	24014	21
22165	24015	21
22357	24016	21
31736	24017	21
20054	24018	21
20291	24019	21
19054	24020	21
19219	24021	21
18854	24022	21
18857	24023	21
14490	24024	21
14492	24025	21
22407	24026	21
30237	24027	21
23823	24028	21
22345	24029	21
21363	24030	21
21387	24031	21
9303	24032	21
9310	24033	21
21017	24034	21
28860	24035	21
28446	24036	21
28484	24037	21
22098	24038	21
22105	24039	21
5634	24040	21
10237	24041	21
22506	24042	21
32808	24043	21
15710	24044	21
1407	24045	21
24492	24046	21
30897	24047	21
11549	24048	21
19314	24049	21
11283	24050	21
11289	24051	21
20549	24052	21
24327	24053	21
505	24054	21
1005	24055	21
2659	24056	21
5077	24057	21
8942	24058	21
15570	24059	21
5578	24060	21
10129	24061	21
10125	24062	21
12055	24063	21
9490	24064	21
9506	24065	21
9128	24066	21
9139	24067	21
6233	24068	21
11260	24069	21
19745	24070	21
19752	24071	21
3363	24072	21
6327	24073	21
11450	24074	21
11455	24075	21
11330	24076	21
11334	24077	21
11290	24078	21
11293	24079	21
5836	24080	21
10604	24081	21
14435	24082	21
23060	24083	21
6765	24084	21
19772	24085	21
14511	24086	21
32981	24087	21
13278	24088	21
21374	24089	21
8803	24090	21
15331	24091	21
12673	24092	21
20395	24093	21
20387	24094	21
21578	24095	21
21538	24096	21
21541	24097	21
16936	24098	21
16943	24099	21
28909	24100	21
29765	24101	21
25630	24102	21
25654	24103	21
26914	24104	21
26916	24105	21
25414	24106	21
25462	24107	21
9822	24108	21
9861	24109	21
26906	24110	21
26689	24111	21
22266	24112	21
7109	24113	21
27618	24114	21
27620	24115	21
21209	24116	21
27004	24117	21
24899	24118	21
25352	24119	21
22510	24120	21
22514	24121	21
27822	24122	21
29676	24123	21
17815	24124	21
19673	24125	21
22871	24126	21
22878	24127	21
9542	24128	21
16499	24129	21
16483	24130	21
22187	24131	21
22088	24132	21
22125	24133	21
1805	24134	21
3490	24135	21
25018	24136	21
25101	24137	21
17595	24138	21
26515	24139	21
16152	24140	21
16158	24141	21
19386	24142	21
20089	24143	21
16666	24144	21
17157	24145	21
5977	24146	21
6002	24147	21
26138	24148	21
26316	24149	21
25954	24150	21
26086	24151	21
22609	24152	21
23202	24153	21
19615	24154	21
19627	24155	21
19339	24156	21
24085	24157	21
5848	24158	21
10626	24159	21
13764	24160	21
13788	24161	21
31777	24162	21
32445	24163	21
217	24164	21
28088	24165	21
23535	24166	21
23546	24167	21
21189	24168	21
23410	24169	21
10598	24170	21
11893	24171	21
22623	24172	21
22630	24173	21
12205	24174	21
12268	24175	21
11187	24176	21
11228	24177	21
7812	24178	21
29993	24179	21
29383	24180	21
31854	24181	21
16335	24182	21
25431	24183	21
27163	24184	21
27165	24185	21
30685	24186	21
30753	24187	21
26530	24188	21
28884	24189	21
20065	24190	21
20294	24191	21
19808	24192	21
19822	24193	21
18068	24194	21
18078	24195	21
1890	24196	21
12122	24197	21
18623	24198	21
22379	24199	21
21117	24200	21
31009	24201	21
8061	24202	21
14163	24203	21
21985	24204	21
21994	24205	21
23671	24206	21
23721	24207	21
21667	24208	21
29611	24209	21
16489	24210	21
17039	24211	21
15484	24212	21
28189	24213	21
13568	24214	21
21816	24215	21
19273	24216	21
19590	24217	21
3632	24218	21
6780	24219	21
10498	24220	21
17870	24221	21
20124	24222	21
20314	24223	21
19125	24224	21
19129	24225	21
18667	24226	21
18670	24227	21
18130	24228	21
27211	24229	21
25210	24230	21
25212	24231	21
22838	24232	21
23926	24233	21
23929	24234	21
31416	24235	21
31236	24236	21
31319	24237	21
23465	24238	21
31169	24239	21
25420	24240	21
25465	24241	21
21975	24242	21
29023	24243	21
12515	24244	21
17269	24245	21
16891	24246	21
16895	24247	21
16877	24248	21
16880	24249	21
24250	24250	21
24274	24251	21
19317	24252	21
27209	24253	21
26367	24254	21
28323	24255	21
14670	24256	21
15015	24257	21
22892	24258	21
30707	24259	21
20741	24260	21
26524	24261	21
26493	24262	21
29506	24263	21
3177	24264	21
3179	24265	21
9377	24266	21
16275	24267	21
24313	24268	21
24393	24269	21
15220	24270	21
19895	24271	21
19473	24272	21
19488	24273	21
17492	24274	21
781	24275	21
14692	24276	21
23383	24277	21
3094	24278	21
5852	24279	21
1500	24280	21
1502	24281	21
9873	24282	21
12291	24283	21
16522	24284	21
25570	24285	21
24366	24286	21
24402	24287	21
31778	24288	21
31853	24289	21
16040	24290	21
16042	24291	21
4324	24292	21
8003	24293	21
29531	24294	21
29537	24295	21
21597	24296	21
31774	24297	21
16464	24298	21
17102	24299	21
9025	24300	21
15719	24301	21
25991	24302	21
26035	24303	21
22237	24304	21
25978	24305	21
12325	24306	21
12390	24307	21
12015	24308	21
12031	24309	21
11899	24310	21
11912	24311	21
17977	24312	21
17985	24313	21
15085	24314	21
15100	24315	21
15031	24316	21
15042	24317	21
7058	24318	21
12060	24319	21
12029	24320	21
12034	24321	21
6316	24322	21
6320	24323	21
6312	24324	21
6315	24325	21
26349	24326	21
28459	24327	21
18105	24328	21
19855	24329	21
22889	24330	21
30689	24331	21
28002	24332	21
28163	24333	21
22265	24334	21
27969	24335	21
26810	24336	21
26840	24337	21
9738	24338	21
9833	24339	21
22804	24340	21
30719	24341	21
9198	24342	21
9200	24343	21
30900	24344	21
31599	24345	21
10740	24346	21
18240	24347	21
17616	24348	21
26549	24349	21
26541	24350	21
30399	24351	21
11617	24352	21
11623	24353	21
19068	24354	21
19080	24355	21
18589	24356	21
18592	24357	21
22462	24358	21
22464	24359	21
6287	24360	21
6313	24361	21
3636	24362	21
3735	24363	21
30377	24364	21
32987	24365	21
4250	24366	21
4252	24367	21
29062	24368	21
30063	24369	21
29856	24370	21
29864	24371	21
11562	24372	21
11568	24373	21
2824	24374	21
5374	24375	21
9677	24376	21
9703	24377	21
14672	24378	21
23350	24379	21
6625	24380	21
11891	24381	21
21505	24382	21
30467	24383	21
30335	24384	21
33049	24385	21
15414	24386	21
24224	24387	21
11512	24388	21
19251	24389	21
15204	24390	21
18208	24391	21
2904	24392	21
5508	24393	21
26617	24394	21
26698	24395	21
26540	24396	21
21604	24397	21
16156	24398	21
32189	24399	21
22536	24400	21
32796	24401	21
25683	24402	21
26222	24403	21
25106	24404	21
25115	24405	21
4403	24406	21
8152	24407	21
9399	24408	21
30876	24409	21
26111	24410	21
27590	24411	21
21285	24412	21
25076	24413	21
4992	24414	21
9193	24415	21
14129	24416	21
22607	24417	21
12832	24418	21
20675	24419	21
20464	24420	21
23081	24421	21
22925	24422	21
22928	24423	21
446	24424	21
891	24425	21
10451	24426	21
10453	24427	21
22753	24428	21
22786	24429	21
24727	24430	21
31872	24431	21
17596	24432	21
26517	24433	21
17463	24434	21
28188	24435	21
19310	24436	21
26438	24437	21
24990	24438	21
25000	24439	21
19403	24440	21
19409	24441	21
10530	24442	21
17903	24443	21
17901	24444	21
19968	24445	21
19830	24446	21
19884	24447	21
19777	24448	21
19814	24449	21
21545	24450	21
29485	24451	21
29350	24452	21
31640	24453	21
30123	24454	21
31076	24455	21
26770	24456	21
28508	24457	21
24444	24458	21
24858	24459	21
31440	24460	21
31501	24461	21
30839	24462	21
30848	24463	21
8700	24464	21
8705	24465	21
8639	24466	21
8643	24467	21
8635	24468	21
8638	24469	21
12264	24470	21
12285	24471	21
115	24472	21
231	24473	21
10505	24474	21
10518	24475	21
28946	24476	21
31977	24477	21
31976	24478	21
32356	24479	21
12959	24480	21
20881	24481	21
20779	24482	21
27109	24483	21
21355	24484	21
21358	24485	21
22843	24486	21
32454	24487	21
30406	24488	21
32412	24489	21
22836	24490	21
33107	24491	21
22273	24492	21
22275	24493	21
17253	24494	21
17272	24495	21
980	24496	21
6910	24497	21
6838	24498	21
6848	24499	21
18566	24500	21
18590	24501	21
741	24502	21
30186	24503	21
30184	24504	21
32480	24505	21
20028	24506	21
20278	24507	21
20276	24508	21
20332	24509	21
19944	24510	21
19962	24511	21
11378	24512	21
11393	24513	21
5382	24514	21
5396	24515	21
26481	24516	21
28426	24517	21
18044	24518	21
19809	24519	21
19537	24520	21
28398	24521	21
26532	24522	21
31348	24523	21
29706	24524	21
29714	24525	21
25007	24526	21
28696	24527	21
25342	24528	21
25502	24529	21
22066	24530	21
22180	24531	21
9426	24532	21
9428	24533	21
18227	24534	21
18373	24535	21
16802	24536	21
32144	24537	21
16384	24538	21
16441	24539	21
13804	24540	21
13843	24541	21
8282	24542	21
8284	24543	21
25173	24544	21
32141	24545	21
25118	24546	21
25120	24547	21
24620	24548	21
24644	24549	21
14330	24550	21
22901	24551	21
15075	24552	21
23878	24553	21
501	24554	21
998	24555	21
7818	24556	21
7820	24557	21
10813	24558	21
10823	24559	21
21937	24560	21
29881	24561	21
11553	24562	21
19320	24563	21
19315	24564	21
27365	24565	21
14784	24566	21
14791	24567	21
16052	24568	21
16077	24569	21
19365	24570	21
19448	24571	21
9679	24572	21
9705	24573	21
2558	24574	21
29373	24575	21
6262	24576	21
28065	24577	21
16686	24578	21
25788	24579	21
5762	24580	21
10474	24581	21
28971	24582	21
32730	24583	21
22539	24584	21
32664	24585	21
25010	24586	21
25045	24587	21
22325	24588	21
30558	24589	21
8834	24590	21
15385	24591	21
17702	24592	21
17709	24593	21
22845	24594	21
32029	24595	21
10273	24596	21
17501	24597	21
28205	24598	21
29051	24599	21
28970	24600	21
29539	24601	21
2999	24602	21
5672	24603	21
3423	24604	21
6424	24605	21
28023	24606	21
441	24607	21
17108	24608	21
17122	24609	21
16613	24610	21
16623	24611	21
15779	24612	21
15867	24613	21
11550	24614	21
17304	24615	21
13797	24616	21
13837	24617	21
20034	24618	21
20282	24619	21
17076	24620	21
17259	24621	21
16867	24622	21
16905	24623	21
15150	24624	21
15154	24625	21
15146	24626	21
15149	24627	21
18233	24628	21
18379	24629	21
20503	24630	21
23697	24631	21
19585	24632	21
19503	24633	21
16548	24634	21
25607	24635	21
22327	24636	21
30573	24637	21
22429	24638	21
30239	24639	21
29651	24640	21
32852	24641	21
30671	24642	21
30679	24643	21
29139	24644	21
32883	24645	21
30929	24646	21
24443	24647	21
10787	24648	21
32772	24649	21
18542	24650	21
27565	24651	21
27514	24652	21
26800	24653	21
21120	24654	21
28938	24655	21
28936	24656	21
29255	24657	21
4477	24658	21
8290	24659	21
10152	24660	21
16453	24661	21
15878	24662	21
15893	24663	21
15863	24664	21
15874	24665	21
22757	24666	21
30586	24667	21
30196	24668	21
32277	24669	21
29974	24670	21
30067	24671	21
14655	24672	21
23323	24673	21
21088	24674	21
28686	24675	21
2210	24676	21
4230	24677	21
1634	24678	21
3176	24679	21
24613	24680	21
24834	24681	21
21456	24682	21
27166	24683	21
25590	24684	21
25642	24685	21
19773	24686	21
28606	24687	21
23379	24688	21
23401	24689	21
24143	24690	21
30814	24691	21
11991	24692	21
11993	24693	21
17680	24694	21
26644	24695	21
15487	24696	21
16741	24697	21
23735	24698	21
25259	24699	21
23338	24700	21
30035	24701	21
29968	24702	21
29997	24703	21
29653	24704	21
30588	24705	21
1942	24706	21
1968	24707	21
11764	24708	21
11805	24709	21
8899	24710	21
15503	24711	21
21858	24712	21
21860	24713	21
24307	24714	21
31532	24715	21
22476	24716	21
22486	24717	21
14204	24718	21
18713	24719	21
15008	24720	21
23793	24721	21
191	24722	21
383	24723	21
4000	24724	21
13031	24725	21
3556	24726	21
6661	24727	21
20647	24728	21
24002	24729	21
6515	24730	21
6867	24731	21
16026	24732	21
25055	24733	21
13387	24734	21
21551	24735	21
24550	24736	21
24557	24737	21
6542	24738	21
28480	24739	21
15524	24740	21
15531	24741	21
29365	24742	21
29367	24743	21
29360	24744	21
31722	24745	21
29698	24746	21
32545	24747	21
22425	24748	21
22427	24749	21
22561	24750	21
26690	24751	21
29146	24752	21
29877	24753	21
25086	24754	21
32580	24755	21
27541	24756	21
27548	24757	21
23312	24758	21
30768	24759	21
9023	24760	21
31839	24761	21
21129	24762	21
27355	24763	21
22089	24764	21
22126	24765	21
14069	24766	21
22502	24767	21
2705	24768	21
5159	24769	21
22054	24770	21
29972	24771	21
28915	24772	21
32745	24773	21
23428	24774	21
23854	24775	21
3727	24776	21
6931	24777	21
574	24778	21
1139	24779	21
27836	24780	21
27964	24781	21
16327	24782	21
16366	24783	21
10777	24784	21
10779	24785	21
26629	24786	21
32291	24787	21
25904	24788	21
32460	24789	21
31887	24790	21
31893	24791	21
8838	24792	21
15393	24793	21
22460	24794	21
30265	24795	21
30264	24796	21
32925	24797	21
31793	24798	21
31801	24799	21
11023	24800	21
32831	24801	21
20782	24802	21
28647	24803	21
28204	24804	21
23460	24805	21
19260	24806	21
20029	24807	21
11396	24808	21
11422	24809	21
15717	24810	21
24665	24811	21
11860	24812	21
12008	24813	21
27802	24814	21
27950	24815	21
16285	24816	21
16419	24817	21
375	24818	21
750	24819	21
10159	24820	21
17270	24821	21
16359	24822	21
16374	24823	21
16344	24824	21
16355	24825	21
29114	24826	21
29857	24827	21
19367	24828	21
28221	24829	21
908	24830	21
1791	24831	21
1445	24832	21
2822	24833	21
410	24834	21
17795	24835	21
2597	24836	21
4960	24837	21
2992	24838	21
5658	24839	21
11147	24840	21
30789	24841	21
21527	24842	21
27215	24843	21
18091	24844	21
27177	24845	21
31434	24846	21
31496	24847	21
25151	24848	21
31945	24849	21
31516	24850	21
31431	24851	21
10591	24852	21
18014	24853	21
4598	24854	21
4600	24855	21
6159	24856	21
11148	24857	21
13601	24858	21
13608	24859	21
21718	24860	21
28811	24861	21
9394	24862	21
9396	24863	21
24799	24864	21
31935	24865	21
21477	24866	21
27161	24867	21
22365	24868	21
25644	24869	21
16717	24870	21
16757	24871	21
25985	24872	21
26032	24873	21
24660	24874	21
24694	24875	21
4499	24876	21
4506	24877	21
14701	24878	21
14703	24879	21
4837	24880	21
8915	24881	21
24157	24882	21
30343	24883	21
29400	24884	21
32703	24885	21
1696	24886	21
14896	24887	21
2553	24888	21
21452	24889	21
14835	24890	21
23701	24891	21
17398	24892	21
19392	24893	21
16465	24894	21
18421	24895	21
13799	24896	21
13839	24897	21
16691	24898	21
16698	24899	21
1714	24900	21
3326	24901	21
21142	24902	21
28974	24903	21
17354	24904	21
928	24905	21
19530	24906	21
19533	24907	21
30827	24908	21
30829	24909	21
29420	24910	21
32237	24911	21
29734	24912	21
30013	24913	21
22731	24914	21
27776	24915	21
26622	24916	21
29942	24917	21
22037	24918	21
32366	24919	21
16679	24920	21
25784	24921	21
10295	24922	21
10297	24923	21
28920	24924	21
32746	24925	21
30323	24926	21
32534	24927	21
16821	24928	21
25941	24929	21
18762	24930	21
19235	24931	21
10052	24932	21
10104	24933	21
9992	24934	21
373	24935	21
9290	24936	21
16144	24937	21
9474	24938	21
16415	24939	21
17935	24940	21
18295	24941	21
11336	24942	21
19529	24943	21
30090	24944	21
30694	24945	21
17691	24946	21
26660	24947	21
23306	24948	21
32056	24949	21
16919	24950	21
16976	24951	21
1450	24952	21
16992	24953	21
14603	24954	21
14615	24955	21
2931	24956	21
2934	24957	21
5703	24958	21
10367	24959	21
18987	24960	21
19012	24961	21
11578	24962	21
19356	24963	21
25781	24964	21
25807	24965	21
10401	24966	21
17723	24967	21
20783	24968	21
28658	24969	21
28239	24970	21
28338	24971	21
29068	24972	21
32640	24973	21
11804	24974	21
11820	24975	21
10507	24976	21
17881	24977	21
13669	24978	21
21970	24979	21
10798	24980	21
31199	24981	21
27003	24982	21
28155	24983	21
23778	24984	21
23939	24985	21
23161	24986	21
23170	24987	21
8428	24988	21
14775	24989	21
29216	24990	21
31385	24991	21
30783	24992	21
30874	24993	21
25087	24994	21
31333	24995	21
29670	24996	21
29988	24997	21
5544	24998	21
5557	24999	21
5174	25000	21
5177	25001	21
11685	25002	21
19519	25003	21
4242	25004	21
22199	25005	21
21014	25006	21
21023	25007	21
14099	25008	21
22558	25009	21
26639	25010	21
26641	25011	21
23552	25012	21
31747	25013	21
12334	25014	21
12393	25015	21
3721	25016	21
6604	25017	21
6613	25018	21
28568	25019	21
3948	25020	21
24021	25021	21
24008	25022	21
25981	25023	21
25569	25024	21
25579	25025	21
29156	25026	21
29884	25027	21
25195	25028	21
25198	25029	21
26522	25030	21
27833	25031	21
8312	25032	21
31014	25033	21
30556	25034	21
33053	25035	21
12577	25036	21
12579	25037	21
12548	25038	21
18436	25039	21
18395	25040	21
18399	25041	21
8599	25042	21
8602	25043	21
21930	25044	21
32869	25045	21
2672	25046	21
5099	25047	21
2272	25048	21
1099	25049	21
4333	25050	21
25742	25051	21
27678	25052	21
28114	25053	21
30697	25054	21
32858	25055	21
10392	25056	21
17704	25057	21
8778	25058	21
15285	25059	21
14487	25060	21
14579	25061	21
27556	25062	21
24262	25063	21
24163	25064	21
30947	25065	21
28250	25066	21
28805	25067	21
19561	25068	21
20197	25069	21
14061	25070	21
20179	25071	21
21783	25072	21
21790	25073	21
22887	25074	21
22419	25075	21
32568	25076	21
32647	25077	21
22842	25078	21
25917	25079	21
16796	25080	21
32362	25081	21
11724	25082	21
19576	25083	21
11946	25084	21
19869	25085	21
20362	25086	21
20989	25087	21
1416	25088	7
12540	25088	14
21612	25089	21
24300	25090	21
31523	25091	21
27137	25092	21
32522	25093	21
30197	25094	21
31177	25095	21
29035	25096	21
29982	25097	21
2554	25098	21
4877	25099	21
19159	25100	21
19230	25101	21
18890	25102	21
18944	25103	21
17673	25104	21
10512	25105	21
21895	25106	21
29830	25107	21
29077	25108	21
30243	25109	21
29427	25110	21
32707	25111	21
14502	25112	21
23152	25113	21
10919	25114	21
18479	25115	21
18475	25116	21
25872	25117	21
10829	25118	21
10870	25119	21
17754	25120	21
26809	25121	21
4415	25122	21
8176	25123	21
15640	25124	21
24553	25125	21
30238	25126	21
30240	25127	21
24153	25128	14
30080	25128	7
32787	25129	21
24003	25130	21
24364	25131	21
8515	25132	21
31311	25133	21
17328	25134	21
19812	25135	21
16107	25136	21
16198	25137	21
16088	25138	21
16206	25139	21
21440	25140	21
31790	25141	21
24488	25142	21
32377	25143	21
21417	25144	21
29313	25145	21
3260	25146	21
6154	25147	21
24367	25148	21
28010	25149	21
26946	25150	21
27353	25151	21
25900	25152	21
26071	25153	21
11312	25154	21
19055	25155	21
16564	25156	21
25633	25157	21
21321	25158	21
29230	25159	21
29205	25160	21
31028	25161	21
9299	25162	21
9301	25163	21
29715	25164	21
31415	25165	21
12146	25166	21
12353	25167	21
9968	25168	21
10015	25169	21
6660	25170	21
19852	25171	21
9631	25172	21
9977	25173	21
28011	25174	21
26921	25175	21
27643	25176	21
1321	25177	21
23566	25178	21
31748	25179	21
21286	25180	21
3963	25181	21
21889	25182	21
2643	25183	21
29017	25184	21
32581	25185	21
11423	25186	21
11425	25187	21
24150	25188	21
28755	25189	21
19399	25190	21
20119	25191	21
16680	25192	21
17165	25193	21
18631	25194	21
27676	25195	21
21856	25196	21
27311	25197	21
11788	25198	21
19664	25199	21
14194	25200	21
22707	25201	21
10953	25202	21
11259	25203	21
11299	25204	21
30320	25205	21
23550	25206	21
23681	25207	21
17079	25208	21
17261	25209	21
15059	25210	21
23857	25211	21
4195	25212	21
7772	25213	21
27159	25214	21
28660	25215	21
25185	25216	21
25188	25217	21
19362	25218	21
20094	25219	21
11000	25220	21
28787	25221	21
271	25222	21
24918	25223	21
24906	25224	21
28076	25225	21
27080	25226	21
27114	25227	21
27348	25228	21
32525	25229	21
21848	25230	21
27370	25231	21
9321	25232	21
16193	25233	21
950	25234	21
1872	25235	21
28361	25236	21
28504	25237	21
17526	25238	21
19481	25239	21
22721	25240	21
22745	25241	21
8840	25242	21
15397	25243	21
4243	25244	21
7857	25245	21
6629	25246	21
11884	25247	21
29044	25248	21
29046	25249	21
6683	25250	21
6686	25251	21
22564	25252	21
30378	25253	21
10250	25254	21
10252	25255	21
1622	25256	21
3154	25257	21
27049	25258	21
32628	25259	21
14136	25260	21
22619	25261	21
16636	25262	21
32392	25263	21
26927	25264	21
27465	25265	21
9582	25266	21
16570	25267	21
10625	25268	21
27116	25269	21
18636	25270	21
18644	25271	21
27191	25272	21
28674	25273	21
17582	25274	21
28645	25275	21
30780	25276	21
26561	25277	21
24310	25278	21
31535	25279	21
31534	25280	21
32642	25281	21
16995	25282	21
17213	25283	21
16786	25284	21
16934	25285	21
15566	25286	21
24429	25287	21
24427	25288	21
27978	25289	21
16393	25290	21
16446	25291	21
15856	25292	21
15891	25293	21
22895	25294	21
23186	25295	21
7730	25296	21
13604	25297	21
24128	25298	21
29565	25299	21
30503	25300	21
31876	25301	21
23139	25302	21
30336	25303	21
25612	25304	21
26190	25305	21
11708	25306	21
12237	25307	21
29975	25308	21
29981	25309	21
13736	25310	21
32919	25311	21
27099	25312	21
27101	25313	21
7972	25314	21
14002	25315	21
20796	25316	21
27445	25317	21
14994	25318	21
15136	25319	21
1697	25320	21
3295	25321	21
15607	25322	21
24498	25323	21
14312	25324	21
22872	25325	21
30333	25326	21
27563	25327	21
8401	25328	21
14728	25329	21
10985	25330	21
10987	25331	21
22682	25332	21
30507	25333	21
29126	25334	21
29128	25335	21
29103	25336	21
30460	25337	21
9773	25338	21
16866	25339	21
15818	25340	21
15820	25341	21
24708	25342	21
27941	25343	21
16263	25344	21
16407	25345	21
8476	25346	21
14854	25347	21
8027	25348	21
14100	25349	21
18092	25350	21
18128	25351	21
14699	25352	21
23395	25353	21
27886	25354	21
27888	25355	21
27515	25356	21
30915	25357	21
13633	25358	21
21916	25359	21
11701	25360	21
28407	25361	21
26544	25362	21
30487	25363	21
19665	25364	21
10287	25365	21
14216	25366	21
14223	25367	21
9376	25368	21
9471	25369	21
8978	25370	21
15637	25371	21
4183	25372	21
7749	25373	21
4013	25374	21
7426	25375	21
32140	25376	21
32211	25377	21
21442	25378	21
31832	25379	21
8764	25380	21
15258	25381	21
15254	25382	21
23731	25383	21
23654	25384	21
23668	25385	21
23560	25386	21
23617	25387	21
16145	25388	21
16171	25389	21
11863	25390	21
11871	25391	21
19732	25392	21
19863	25393	21
26785	25394	21
28514	25395	21
24178	25396	21
28258	25397	21
9237	25398	21
16059	25399	21
16264	25400	21
25341	25401	21
28991	25402	21
32169	25403	21
23361	25404	21
23817	25405	21
24155	25406	21
31989	25407	21
29664	25408	21
29983	25409	21
25144	25410	21
31821	25411	21
16551	25412	21
25613	25413	21
1751	25414	21
1758	25415	21
25493	25416	21
25495	25417	21
25170	25418	21
32137	25419	21
15714	25420	21
15739	25421	21
5421	25422	21
5518	25423	21
22880	25424	21
26132	25425	21
21470	25426	21
29392	25427	21
20622	25428	21
26681	25429	21
24115	25430	21
32543	25431	21
19026	25432	21
28054	25433	21
23442	25434	21
30091	25435	21
21401	25436	21
26058	25437	21
24137	25438	21
25853	25439	21
9329	25440	21
9336	25441	21
11051	25442	21
18694	25443	21
18140	25444	21
18142	25445	21
7858	25446	21
7860	25447	21
8267	25448	21
8269	25449	21
12144	25450	21
20087	25451	21
20082	25452	21
23751	25453	21
26653	25454	21
28469	25455	21
24626	25456	21
26019	25457	21
17650	25458	21
17657	25459	21
26591	25460	21
28434	25461	21
28405	25462	21
28850	25463	21
27846	25464	21
27848	25465	21
5250	25466	21
9633	25467	21
22319	25468	21
30043	25469	21
29804	25470	21
29814	25471	21
29769	25472	21
29777	25473	21
18447	25474	21
18784	25475	21
18269	25476	21
24542	25477	21
28395	25478	21
28847	25479	21
19259	25480	21
19946	25481	21
18311	25482	21
18350	25483	21
4891	25484	21
9016	25485	21
1717	25486	21
3332	25487	21
26971	25488	21
28575	25489	21
18563	25490	21
19067	25491	21
16800	25492	21
25918	25493	21
18080	25494	21
18984	25495	21
11588	25496	21
19378	25497	21
25332	25498	21
25496	25499	21
22056	25500	21
29980	25501	21
27006	25502	21
27014	25503	21
4617	25504	21
4624	25505	21
3146	25506	21
18330	25507	21
22577	25508	21
22579	25509	21
2855	25510	21
5426	25511	21
26693	25512	21
26695	25513	21
2715	25514	21
2717	25515	21
29231	25516	21
29233	25517	21
25005	25518	21
25058	25519	21
10366	25520	21
10368	25521	21
2641	25522	21
5043	25523	21
26516	25524	21
26518	25525	21
26482	25526	21
29801	25527	21
13160	25528	21
21174	25529	21
16654	25530	21
17149	25531	21
24524	25532	21
24526	25533	21
4069	25534	21
16667	25535	21
21318	25536	21
29212	25537	21
28044	25538	21
28173	25539	21
2085	25540	21
221	25541	21
20849	25542	21
27927	25543	21
22881	25544	21
27627	25545	21
26817	25546	21
32293	25547	21
30200	25548	21
31179	25549	21
21943	25550	21
21946	25551	21
21282	25552	21
30893	25553	21
30681	25554	21
30774	25555	21
23997	25556	21
23999	25557	21
23991	25558	21
25294	25559	21
25070	25560	21
25080	25561	21
28048	25562	21
28174	25563	21
27893	25564	21
27929	25565	21
16023	25566	21
16192	25567	21
2416	25568	21
2418	25569	21
2526	25570	21
15975	25571	21
26923	25572	21
28995	25573	21
3677	25574	21
28203	25575	21
26476	25576	21
28359	25577	21
6503	25578	21
28739	25579	21
19369	25580	21
19371	25581	21
14495	25582	21
23140	25583	21
30414	25584	21
30480	25585	21
24154	25586	21
30289	25587	21
30923	25588	21
30925	25589	21
30921	25590	21
32238	25591	21
16653	25592	21
17154	25593	21
17623	25594	21
19553	25595	21
22706	25596	21
27763	25597	21
11879	25598	21
19778	25599	21
16703	25600	21
16705	25601	21
6175	25602	21
18874	25603	21
26959	25604	21
26966	25605	21
26953	25606	21
32191	25607	21
30205	25608	21
32162	25609	21
9967	25610	21
17126	25611	21
17125	25612	21
18974	25613	21
13745	25614	21
13753	25615	21
29755	25616	21
30029	25617	21
3484	25618	21
6538	25619	21
25756	25620	21
25750	25621	21
10689	25622	21
18173	25623	21
1684	25624	21
11173	25625	21
4187	25626	21
7757	25627	21
5538	25628	21
5554	25629	21
1963	25630	21
1975	25631	21
23809	25632	21
23951	25633	21
569	25634	21
22118	25635	21
9410	25636	21
16325	25637	21
1744	25638	21
3380	25639	21
7934	25640	21
13928	25641	21
1938	25642	21
1971	25643	21
11110	25644	21
32744	25645	21
23430	25646	21
23853	25647	21
24314	25648	21
31541	25649	21
22953	25650	21
22963	25651	21
9735	25652	21
9831	25653	21
8301	25654	21
8327	25655	21
24156	25656	21
32872	25657	21
3640	25658	21
20061	25659	21
20051	25660	21
28757	25661	21
23316	25662	21
23318	25663	21
23310	25664	21
27422	25665	21
14907	25666	21
14946	25667	21
2631	25668	21
5024	25669	21
9167	25670	21
15935	25671	21
29070	25672	21
32398	25673	21
6144	25674	21
27852	25675	21
16121	25676	21
25181	25677	21
17635	25678	21
26592	25679	21
26539	25680	21
31228	25681	21
967	25682	21
1903	25683	21
24457	25684	21
24742	25685	21
8916	25686	21
8918	25687	21
8490	25688	21
14877	25689	21
14760	25690	21
14767	25691	21
24461	25692	21
24463	25693	21
16561	25694	21
25651	25695	21
15030	25696	21
23824	25697	21
17403	25698	21
19394	25699	21
8463	25700	21
14831	25701	21
25663	25702	21
26213	25703	21
26122	25704	21
26157	25705	21
14363	25706	21
22954	25707	21
31783	25708	21
24297	25709	21
22806	25710	21
30883	25711	21
25172	25712	21
32031	25713	21
24035	25714	21
32571	25715	21
23055	25716	21
23090	25717	21
28933	25718	21
32240	25719	21
22698	25720	21
31928	25721	21
19293	25722	21
20056	25723	21
11612	25724	21
12177	25725	21
24829	25726	21
24875	25727	21
17614	25728	21
26545	25729	21
8322	25730	21
8333	25731	21
17007	25732	21
23672	25733	21
22263	25734	21
27496	25735	21
10927	25736	21
28104	25737	21
23466	25738	21
31146	25739	21
8518	25740	21
8520	25741	21
19016	25742	21
19201	25743	21
15036	25744	21
15039	25745	21
22023	25746	21
22154	25747	21
5784	25748	21
5791	25749	21
29750	25750	21
30026	25751	21
25373	25752	21
32232	25753	21
26676	25754	21
28475	25755	21
28463	25756	21
28472	25757	21
31635	25758	21
31637	25759	21
8910	25760	21
15521	25761	21
11621	25762	21
19428	25763	21
24453	25764	21
24554	25765	21
16468	25766	21
19137	25767	21
18171	25768	21
18210	25769	21
20667	25770	21
25548	25771	21
16997	25772	21
17215	25773	21
16788	25774	21
25893	25775	21
23851	25776	21
23895	25777	21
23805	25778	21
23808	25779	21
24717	25780	21
30993	25781	21
16677	25782	21
16702	25783	21
13545	25784	21
21778	25785	21
9318	25786	21
16188	25787	21
4564	25788	21
8443	25789	21
12457	25790	21
15178	25791	21
3754	25792	21
3758	25793	21
3356	25794	21
3359	25795	21
16773	25796	21
17085	25797	21
23142	25798	21
30928	25799	21
11684	25800	21
2450	25801	21
16798	25802	21
31241	25803	21
15440	25804	21
16708	25805	21
11470	25806	21
11475	25807	21
5532	25808	21
5536	25809	21
5352	25810	21
5355	25811	21
13005	25812	21
13007	25813	21
17923	25814	21
26344	25815	21
22675	25816	21
28691	25817	21
684	25818	21
16213	25819	21
24299	25820	21
27889	25821	21
23765	25822	21
23933	25823	21
6824	25824	21
12171	25825	21
23855	25826	21
23896	25827	21
23516	25828	21
23526	25829	21
18788	25830	21
27841	25831	21
30716	25832	21
33075	25833	21
8166	25834	21
14344	25835	21
3161	25836	21
5974	25837	21
13772	25838	21
22112	25839	21
20801	25840	21
27374	25841	21
22254	25842	21
28630	25843	21
28590	25844	21
28619	25845	21
9886	25846	21
17008	25847	21
17003	25848	21
22141	25849	21
13622	25850	21
18319	25851	21
15776	25852	21
24747	25853	21
29135	25854	21
31400	25855	21
29716	25856	21
30657	25857	21
5525	25858	21
10073	25859	21
15780	25860	21
15868	25861	21
8512	25862	21
8538	25863	21
28908	25864	21
31368	25865	21
11730	25866	21
12249	25867	21
18831	25868	21
31128	25869	21
16690	25870	21
16697	25871	21
21082	25872	21
28179	25873	21
17184	25874	21
17201	25875	21
17166	25876	21
17178	25877	21
16706	25878	21
16709	25879	21
16153	25880	21
16160	25881	21
20394	25882	21
21708	25883	21
2920	25884	21
2923	25885	21
21911	25886	21
21913	25887	21
27992	25888	21
28164	25889	21
1433	25890	21
2799	25891	21
18640	25892	21
18642	25893	21
15699	25894	21
24641	25895	21
30695	25896	21
32857	25897	21
22715	25898	21
32826	25899	21
5106	25900	21
9395	25901	21
22220	25902	21
32310	25903	21
30193	25904	21
31198	25905	21
8190	25906	21
14386	25907	21
18506	25908	21
20132	25909	21
20120	25910	21
20123	25911	21
1933	25912	21
1936	25913	21
22694	25914	21
30523	25915	21
29396	25916	21
29398	25917	21
29394	25918	21
31902	25919	21
9665	25920	21
9672	25921	21
17773	25922	21
17775	25923	21
23334	25924	21
30405	25925	21
31267	25926	21
31894	25927	21
25615	25928	21
25622	25929	21
25621	25930	21
30089	25931	21
17852	25932	21
17889	25933	21
31741	25934	21
31749	25935	21
6105	25936	21
27761	25937	21
17675	25938	21
26634	25939	21
23179	25940	21
23181	25941	21
31093	25942	21
31210	25943	21
29816	25944	21
29914	25945	21
24437	25946	21
28766	25947	21
21091	25948	21
2099	25949	21
5039	25950	21
9279	25951	21
29718	25952	21
32276	25953	21
29971	25954	21
30066	25955	21
22320	25956	21
30072	25957	21
26531	25958	21
29598	25959	21
25720	25960	21
26231	25961	21
11865	25962	21
18169	25963	21
10293	25964	21
17534	25965	21
21582	25966	21
27280	25967	21
27195	25968	21
32706	25969	21
30104	25970	21
31124	25971	21
24180	25972	21
33084	25973	21
3884	25974	21
7176	25975	21
29445	25976	21
29451	25977	21
6627	25978	21
11880	25979	21
15419	25980	21
24232	25981	21
23759	25982	21
23930	25983	21
22057	25984	21
29976	25985	21
8226	25986	21
8228	25987	21
2100	25988	21
4015	25989	21
24303	25990	21
24305	25991	21
22870	25992	21
30670	25993	21
8583	25994	21
15017	25995	21
27521	25996	21
28046	25997	21
31104	25998	21
31388	25999	21
19265	26000	21
4759	26001	21
19275	26002	21
23206	26003	21
30339	26004	21
2280	26005	21
22717	26006	21
30549	26007	21
19377	26008	21
20105	26009	21
18627	26010	21
19106	26011	21
26172	26012	21
26324	26013	21
21887	26014	21
8628	26015	21
6708	26016	21
6746	26017	21
29787	26018	21
29789	26019	21
23452	26020	21
31113	26021	21
32496	26022	21
32597	26023	21
27438	26024	21
27447	26025	21
26756	26026	21
26869	26027	21
11642	26028	21
19458	26029	21
24530	26030	21
24532	26031	21
28942	26032	21
28944	26033	21
28917	26034	21
29057	26035	21
19536	26036	21
28400	26037	21
3445	26038	21
6467	26039	21
22433	26040	21
30233	26041	21
30085	26042	21
32846	26043	21
30317	26044	21
32791	26045	21
24937	26046	21
31294	26047	21
6192	26048	21
6217	26049	21
30382	26050	21
32905	26051	21
32903	26052	21
32953	26053	21
32419	26054	21
32464	26055	21
32367	26056	21
31497	26057	21
16825	26058	21
30489	26059	21
19351	26060	21
26290	26061	21
23748	26062	21
23923	26063	21
6804	26064	21
6807	26065	21
4688	26066	21
8654	26067	21
27126	26068	21
27945	26069	21
8080	26070	21
14198	26071	21
28227	26072	21
28237	26073	21
12658	26074	21
20366	26075	21
20358	26076	21
20906	26077	21
20529	26078	21
20532	26079	21
9560	26080	21
9562	26081	21
19281	26082	21
19283	26083	21
23114	26084	21
30500	26085	21
18779	26086	21
27828	26087	21
26485	26088	21
30589	26089	21
18499	26090	21
18501	26091	21
11838	26092	21
25372	26093	21
19637	26094	21
19691	26095	21
15854	26096	21
15890	26097	21
13049	26098	21
13056	26099	21
701	26100	21
1392	26101	21
7732	26102	21
7734	26103	21
24645	26104	21
31831	26105	21
21457	26106	21
27171	26107	21
24343	26108	21
24350	26109	21
10566	26110	21
17969	26111	21
19713	26112	21
19917	26113	21
19509	26114	21
19655	26115	21
31675	26116	21
31677	26117	21
31670	26118	21
32463	26119	21
22382	26120	21
32404	26121	21
29088	26122	21
32391	26123	21
13965	26124	21
22336	26125	21
6247	26126	21
11286	26127	21
22988	26128	21
30808	26129	21
21269	26130	21
29150	26131	21
9123	26132	21
9126	26133	21
9131	26134	21
15885	26135	21
25935	26136	21
26077	26137	21
10918	26138	21
26064	26139	21
4651	26140	21
8595	26141	21
813	26142	21
1608	26143	21
25551	26144	21
28562	26145	21
24948	26146	21
25386	26147	21
24718	26148	21
31301	26149	21
5436	26150	21
9941	26151	21
21340	26152	21
29245	26153	21
21583	26154	21
28144	26155	21
17031	26156	21
17236	26157	21
15009	26158	21
15144	26159	21
15984	26160	21
24992	26161	21
18308	26162	21
18347	26163	21
27015	26164	21
32594	26165	21
30911	26166	21
31008	26167	21
30292	26168	21
30823	26169	21
6453	26170	21
11598	26171	21
22459	26172	21
30263	26173	21
30262	26174	21
32916	26175	21
14519	26176	21
23180	26177	21
19323	26178	21
19330	26179	21
19278	26180	21
7241	26181	21
3296	26182	21
3298	26183	21
22616	26184	21
30762	26185	21
17011	26186	21
17225	26187	21
6792	26188	21
6946	26189	21
28993	26190	21
32526	26191	21
23845	26192	21
29844	26193	21
24471	26194	21
32793	26195	21
22857	26196	21
26074	26197	21
11321	26198	21
11332	26199	21
29031	26200	21
29053	26201	21
14352	26202	21
22938	26203	21
26801	26204	21
28518	26205	21
24204	26206	21
28295	26207	21
1894	26208	21
3647	26209	21
6060	26210	21
10979	26211	21
12748	26212	21
12750	26213	21
21361	26214	21
27120	26215	21
19372	26216	21
19851	26217	21
21445	26218	21
29354	26219	21
29353	26220	21
31665	26221	21
29837	26222	21
29858	26223	21
29065	26224	21
30543	26225	21
28997	26226	21
28963	26227	21
9413	26228	21
9439	26229	21
21513	26230	21
29448	26231	21
29422	26232	21
31974	26233	21
24292	26234	21
24383	26235	21
4111	26236	21
7614	26237	21
7665	26238	21
7672	26239	21
21300	26240	21
21307	26241	21
22309	26242	21
31094	26243	21
239	26244	21
479	26245	21
7768	26246	21
13670	26247	21
4127	26248	21
7644	26249	21
19845	26250	21
19891	26251	21
11209	26252	21
11220	26253	21
18891	26254	21
18898	26255	21
15314	26256	21
24067	26257	21
24052	26258	21
28115	26259	21
16844	26260	21
16855	26261	21
21630	26262	21
29580	26263	21
29579	26264	21
32431	26265	21
23418	26266	21
28149	26267	21
23762	26268	21
23932	26269	21
23145	26270	21
23261	26271	21
12942	26272	21
20852	26273	21
20850	26274	21
27865	26275	21
27858	26276	21
27861	26277	21
4639	26278	21
8573	26279	21
25842	26280	21
25881	26281	21
24049	26282	21
24396	26283	21
29432	26284	21
32712	26285	21
18137	26286	21
30801	26287	21
23828	26288	21
23839	26289	21
626	26290	21
23838	26291	21
19502	26292	21
19593	26293	21
21740	26294	21
632	26295	21
23135	26296	21
23169	26297	21
3091	26298	21
5846	26299	21
3560	26300	21
6668	26301	21
3316	26302	21
6249	26303	21
25174	26304	21
25197	26305	21
31866	26306	21
31957	26307	21
31542	26308	21
31614	26309	21
24588	26310	21
31769	26311	21
30901	26312	21
31005	26313	21
7799	26314	21
31329	26315	21
10888	26316	21
11252	26317	21
8386	26318	21
14702	26319	21
28990	26320	21
31044	26321	21
31032	26322	21
31752	26323	21
19511	26324	21
20168	26325	21
11851	26326	21
19735	26327	21
11901	26328	21
31663	26329	21
31644	26330	21
32671	26331	21
20454	26332	21
30714	26333	21
2861	26334	21
17099	26335	21
6117	26336	21
6124	26337	21
30404	26338	21
30449	26339	21
12169	26340	21
12360	26341	21
11359	26342	21
11371	26343	21
22516	26344	21
30309	26345	21
30295	26346	21
31326	26347	21
31275	26348	21
31300	26349	21
22341	26350	21
31298	26351	21
18119	26352	21
27179	26353	21
10484	26354	21
10510	26355	21
28396	26356	21
28845	26357	21
17469	26358	21
26356	26359	21
26354	26360	21
26794	26361	21
19417	26362	21
20128	26363	21
16696	26364	21
25808	26365	21
25765	26366	21
28296	26367	21
24255	26368	21
25817	26369	21
5726	26370	21
10410	26371	21
499	26372	21
994	26373	21
15369	26374	21
24148	26375	21
24144	26376	21
30003	26377	21
21413	26378	21
29966	26379	21
26746	26380	21
31527	26381	21
24730	26382	21
32810	26383	21
13223	26384	21
21283	26385	21
21502	26386	21
29430	26387	21
29429	26388	21
32012	26389	21
5268	26390	21
9667	26391	21
24317	26392	21
24319	26393	21
29447	26394	21
29449	26395	21
29436	26396	21
32055	26397	21
17389	26398	21
19382	26399	21
14746	26400	21
23464	26401	21
9296	26402	21
16155	26403	21
9907	26404	21
10058	26405	21
24796	26406	21
31932	26407	21
23752	26408	21
31339	26409	21
29685	26410	21
32470	26411	21
22021	26412	21
27936	26413	21
23111	26414	21
23241	26415	21
29022	26416	21
29028	26417	21
29016	26418	21
29879	26419	21
740	26420	21
17080	26421	21
5422	26422	21
9916	26423	21
22981	26424	21
27890	26425	21
24227	26426	21
32077	26427	21
17447	26428	21
26024	26429	21
12831	26430	21
20673	26431	21
11178	26432	21
11182	26433	21
10421	26434	21
10424	26435	21
30509	26436	21
32557	26437	21
16110	26438	21
16112	26439	21
30654	26440	21
30674	26441	21
653	26442	21
32626	26443	21
22415	26444	21
27626	26445	21
13106	26446	21
26903	26447	21
15111	26448	21
15168	26449	21
13806	26450	21
13844	26451	21
18234	26452	21
25380	26453	21
2413	26454	21
4619	26455	21
16002	26456	21
25015	26457	21
14867	26458	21
14892	26459	21
16128	26460	21
16135	26461	21
5480	26462	21
10008	26463	21
23415	26464	21
23841	26465	21
16902	26466	21
24663	26467	21
22973	26468	21
29955	26469	21
29748	26470	21
32471	26471	21
29075	26472	21
22847	26473	21
31766	26474	21
31848	26475	21
2156	26476	21
29594	26477	21
18907	26478	21
18910	26479	21
26174	26480	21
26218	26481	21
25096	26482	21
32100	26483	21
16004	26484	21
25019	26485	21
992	26486	21
1948	26487	21
23781	26488	21
31344	26489	21
14865	26490	21
31271	26491	21
28905	26492	21
32513	26493	21
8854	26494	21
15423	26495	21
18565	26496	21
30551	26497	21
30547	26498	21
31359	26499	21
29731	26500	21
30017	26501	21
22811	26502	21
1444	26503	7
26070	26503	14
23149	26504	21
23263	26505	21
15584	26506	21
24462	26507	21
9183	26508	21
31981	26509	21
29424	26510	21
32409	26511	21
24931	26512	21
33006	26513	21
7747	26514	21
13635	26515	21
3678	26516	21
3704	26517	21
27996	26518	21
28160	26519	21
27335	26520	21
27468	26521	21
17922	26522	21
27456	26523	21
19581	26524	21
19583	26525	21
24947	26526	21
31738	26527	21
22603	26528	21
33091	26529	21
9584	26530	21
16572	26531	21
4952	26532	21
4954	26533	21
10983	26534	21
10990	26535	21
181	26536	21
21295	26537	21
24426	26538	21
28113	26539	21
27169	26540	21
27271	26541	21
29005	26542	21
29791	26543	21
20627	26544	21
26683	26545	21
22930	26546	21
28746	26547	21
19379	26548	21
20107	26549	21
16650	26550	21
17152	26551	21
10785	26552	21
10810	26553	21
25023	26554	21
28949	26555	21
25223	26556	21
28286	26557	21
17694	26558	21
19603	26559	21
7771	26560	21
13676	26561	21
13275	26562	21
21370	26563	21
16801	26564	21
25913	26565	21
25911	26566	21
8846	26567	21
5411	26568	21
9896	26569	21
694	26570	21
1378	26571	21
21927	26572	21
27407	26573	21
11592	26574	21
30868	26575	21
30691	26576	21
32350	26577	21
32332	26578	21
32488	26579	21
22368	26580	21
32138	26581	21
18775	26582	21
18913	26583	21
26360	26584	21
28317	26585	21
17781	26586	21
19653	26587	21
2778	26588	21
5292	26589	21
26420	26590	21
28646	26591	21
19504	26592	21
20164	26593	21
18746	26594	21
6188	26595	21
11025	26596	21
18658	26597	21
28264	26598	21
28809	26599	21
19579	26600	21
20205	26601	21
16863	26602	21
16904	26603	21
17696	26604	21
26668	26605	21
12619	26606	21
17548	26607	21
10849	26608	21
18368	26609	21
22542	26610	21
32803	26611	21
23337	26612	21
29915	26613	21
29733	26614	21
32634	26615	21
15165	26616	21
15182	26617	21
3766	26618	21
3779	26619	21
3708	26620	21
3711	26621	21
20955	26622	21
28582	26623	21
18561	26624	21
19075	26625	21
7283	26626	21
12809	26627	21
30092	26628	14
30807	26628	7
30815	26629	21
17941	26630	21
18300	26631	21
8377	26632	21
14686	26633	21
24640	26634	21
31826	26635	21
17677	26636	21
19588	26637	21
31775	26638	21
31795	26639	21
24231	26640	21
31461	26641	21
31454	26642	21
31983	26643	21
23676	26644	21
23723	26645	21
22762	26646	21
22646	26647	21
24503	26648	21
31685	26649	21
31683	26650	21
33014	26651	21
25944	26652	21
26082	26653	21
21719	26654	21
31920	26655	21
28217	26656	21
28224	26657	21
10333	26658	21
17597	26659	21
8802	26660	21
15329	26661	21
20181	26662	21
20235	26663	21
20115	26664	21
20130	26665	21
20101	26666	21
20112	26667	21
3504	26668	21
6573	26669	21
18241	26670	21
18243	26671	21
14597	26672	21
14612	26673	21
14250	26674	21
14261	26675	21
21909	26676	21
27399	26677	21
26958	26678	21
26965	26679	21
23116	26680	21
30898	26681	21
13632	26682	21
26696	26683	21
25736	26684	21
32829	26685	21
2712	26686	21
2719	26687	21
10554	26688	21
17947	26689	21
30660	26690	21
32788	26691	21
23293	26692	21
24871	26693	21
24657	26694	21
24692	26695	21
5712	26696	21
10383	26697	21
30591	26698	21
30618	26699	21
1329	26700	21
9141	26701	21
26350	26702	21
28310	26703	21
24430	26704	21
25326	26705	21
24419	26706	21
25792	26707	21
16166	26708	21
16168	26709	21
17020	26710	21
17230	26711	21
16241	26712	21
25356	26713	21
22409	26714	21
30198	26715	21
21145	26716	21
28979	26717	21
28972	26718	21
29558	26719	21
23596	26720	21
23603	26721	21
5993	26722	21
10881	26723	21
4710	26724	21
4721	26725	21
22821	26726	21
31716	26727	21
31435	26728	21
32368	26729	21
21529	26730	21
29469	26731	21
29314	26732	21
31495	26733	21
31622	26734	21
32439	26735	21
21634	26736	21
21636	26737	21
21632	26738	21
32433	26739	21
4937	26740	21
4939	26741	21
25510	26742	21
25523	26743	21
25401	26744	21
25412	26745	21
21871	26746	21
21874	26747	21
17053	26748	21
17064	26749	21
27192	26750	21
28665	26751	21
11977	26752	21
12038	26753	21
6325	26754	21
886	26755	21
22360	26756	21
30136	26757	21
30134	26758	21
31834	26759	21
15411	26760	21
16685	26761	21
23755	26762	21
23927	26763	21
6812	26764	21
6958	26765	21
22468	26766	21
30275	26767	21
30149	26768	21
32166	26769	21
14113	26770	21
14115	26771	21
2891	26772	21
2893	26773	21
14150	26774	21
22642	26775	21
29686	26776	21
29707	26777	21
8114	26778	21
8121	26779	21
23113	26780	21
30045	26781	21
29817	26782	21
29913	26783	21
22546	26784	21
26252	26785	21
24286	26786	21
25289	26787	21
5438	26788	21
5530	26789	21
21811	26790	21
29741	26791	21
29740	26792	21
4551	26793	21
19027	26794	21
19205	26795	21
18310	26796	21
18349	26797	21
22338	26798	21
25623	26799	21
24123	26800	21
30019	26801	21
23421	26802	21
23847	26803	21
15948	26804	21
24936	26805	21
14910	26806	21
2412	26807	21
14776	26808	21
31190	26809	21
13432	26810	21
18190	26811	21
17599	26812	21
26521	26813	21
26519	26814	21
29965	26815	21
29174	26816	21
29195	26817	21
9938	26818	21
9948	26819	21
22016	26820	21
25480	26821	21
25478	26822	21
25529	26823	21
24838	26824	21
24878	26825	21
8670	26826	21
8681	26827	21
14523	26828	21
14548	26829	21
5318	26830	21
9751	26831	21
10175	26832	21
17326	26833	21
17318	26834	21
18877	26835	21
18848	26836	21
18859	26837	21
2407	26838	21
4608	26839	21
17335	26840	21
19754	26841	21
2805	26842	21
5341	26843	21
30438	26844	21
33016	26845	21
24560	26846	21
31750	26847	21
8482	26848	21
28558	26849	21
24939	26850	21
25381	26851	21
20563	26852	21
31956	26853	21
2760	26854	21
5258	26855	21
15770	26856	21
24731	26857	21
24780	26858	21
24814	26859	21
26626	26860	21
26628	26861	21
13820	26862	21
13831	26863	21
26487	26864	21
28367	26865	21
17942	26866	21
19739	26867	21
11128	26868	21
11130	26869	21
20554	26870	21
24411	26871	21
24091	26872	21
24094	26873	21
24502	26874	21
33013	26875	21
17649	26876	21
17656	26877	21
32507	26878	21
32613	26879	21
24202	26880	21
28013	26881	21
23357	26882	21
23814	26883	21
32139	26884	21
32145	26885	21
3476	26886	21
6523	26887	21
8106	26888	21
14242	26889	21
6891	26890	21
6908	26891	21
6208	26892	21
6220	26893	21
24212	26894	21
25217	26895	21
14335	26896	21
18805	26897	21
8560	26898	21
14978	26899	21
17652	26900	21
17654	26901	21
21611	26902	21
18188	26903	21
5606	26904	21
10184	26905	21
23141	26906	21
30951	26907	21
14651	26908	21
23317	26909	21
23309	26910	21
3120	26911	21
27081	26912	21
27115	26913	21
7174	26914	21
12606	26915	21
12485	26916	21
16378	26917	21
15744	26918	21
15748	26919	21
12862	26920	21
12865	26921	21
29102	26922	21
32610	26923	21
18114	26924	21
18200	26925	21
12040	26926	21
12058	26927	21
12020	26928	21
12033	26929	21
9440	26930	21
9443	26931	21
14393	26932	21
22999	26933	21
12560	26934	21
18881	26935	21
17746	26936	21
17750	26937	21
17655	26938	21
17658	26939	21
19854	26940	21
19388	26941	21
23158	26942	21
28245	26943	21
1651	26944	21
31219	26945	21
11146	26946	21
11172	26947	21
5118	26948	21
9414	26949	21
22372	26950	21
30155	26951	21
24442	26952	21
32268	26953	21
32050	26954	21
32058	26955	21
23380	26956	21
32425	26957	21
21631	26958	21
27266	26959	21
31731	26960	21
31737	26961	21
24546	26962	21
32691	26963	21
29247	26964	21
29253	26965	21
29105	26966	21
30478	26967	21
10976	26968	21
11328	26969	21
6119	26970	21
6121	26971	21
15772	26972	21
15774	26973	21
3880	26974	21
19701	26975	21
19478	26976	21
455	26977	21
17546	26978	21
17549	26979	21
10248	26980	21
11626	26981	21
1482	26982	21
2890	26983	21
22856	26984	21
26073	26985	21
26047	26986	21
26057	26987	21
462	26988	21
3515	26989	21
32504	26990	21
32563	26991	21
19010	26992	21
19198	26993	21
18761	26994	21
27866	26995	21
26763	26996	21
28193	26997	21
24078	26998	21
25701	26999	21
23461	27000	21
26331	27001	21
24618	27002	21
25455	27003	21
22532	27004	21
25439	27005	21
26496	27006	21
26779	27007	21
6920	27008	21
6982	27009	21
6700	27010	21
11990	27011	21
29372	27012	21
32693	27013	21
22910	27014	21
27857	27015	21
21458	27016	21
29376	27017	21
14423	27018	21
2662	27019	21
30083	27020	21
32834	27021	21
29835	27022	21
29904	27023	21
29250	27024	21
31287	27025	21
17853	27026	21
17888	27027	21
22541	27028	21
23592	27029	21
28368	27030	21
28836	27031	21
19740	27032	21
19933	27033	21
11305	27034	21
11444	27035	21
17805	27036	21
26805	27037	21
11723	27038	21
4425	27039	21
24033	27040	21
26883	27041	21
26858	27042	21
26868	27043	21
26465	27044	21
26737	27045	21
23108	27046	21
23238	27047	21
742	27048	21
1472	27049	21
6799	27050	21
6806	27051	21
4479	27052	21
4481	27053	21
934	27054	21
19857	27055	21
29061	27056	21
29555	27057	21
13427	27058	21
32383	27059	21
2863	27060	21
5441	27061	21
13252	27062	21
18052	27063	21
748	27064	21
1484	27065	21
6052	27066	21
10964	27067	21
30620	27068	21
33079	27069	21
19355	27070	21
20088	27071	21
6600	27072	21
11832	27073	21
11829	27074	21
19036	27075	21
16864	27076	21
25990	27077	21
25989	27078	21
30907	27079	21
4112	27080	21
7616	27081	21
21459	27082	21
29378	27083	21
29351	27084	21
31830	27085	21
23976	27086	21
24354	27087	21
10459	27088	21
17810	27089	21
7826	27090	21
13766	27091	21
27020	27092	21
32611	27093	21
14306	27094	21
22862	27095	21
5075	27096	21
5082	27097	21
15692	27098	21
24631	27099	21
28253	27100	21
28256	27101	21
24132	27102	21
28788	27103	21
4462	27104	21
8262	27105	21
14357	27106	21
22946	27107	21
29865	27108	21
31353	27109	21
29722	27110	21
32582	27111	21
7824	27112	21
13762	27113	21
14126	27114	21
2567	27115	21
24927	27116	21
29933	27117	21
14853	27118	21
31929	27119	21
11302	27120	21
19040	27121	21
22445	27122	21
22447	27123	21
13603	27124	21
13605	27125	21
9932	27126	21
17082	27127	21
27489	27128	21
27717	27129	21
29355	27130	21
32687	27131	21
23700	27132	21
23714	27133	21
21648	27134	21
21658	27135	21
24932	27136	21
30613	27137	21
16884	27138	21
26017	27139	21
2070	27140	21
3955	27141	21
18748	27142	21
27856	27143	21
17808	27144	21
17832	27145	21
11505	27146	21
18419	27147	21
17840	27148	21
17879	27149	21
26908	27150	21
26910	27151	21
26902	27152	21
27424	27153	21
21969	27154	21
22004	27155	21
4353	27156	21
731	27157	21
2343	27158	21
3915	27159	21
1241	27160	21
8591	27161	21
2994	27162	21
28530	27163	21
24828	27164	21
24874	27165	21
24783	27166	21
24815	27167	21
10404	27168	21
11752	27169	21
23810	27170	21
23952	27171	21
22610	27172	21
23651	27173	21
3168	27174	21
5987	27175	21
2713	27176	21
5172	27177	21
11461	27178	21
11479	27179	21
8691	27180	21
8704	27181	21
8539	27182	21
8542	27183	21
23583	27184	21
24612	27185	21
5923	27186	21
10754	27187	21
9658	27188	21
16692	27189	21
8389	27190	21
14707	27191	21
24109	27192	21
31500	27193	21
18453	27194	21
27695	27195	21
25559	27196	21
26161	27197	21
11644	27198	21
12196	27199	21
5226	27200	21
9591	27201	21
1949	27202	21
1951	27203	21
4009	27204	21
7419	27205	21
2520	27206	21
22852	27207	21
5071	27208	21
5073	27209	21
26245	27210	21
26284	27211	21
24331	27212	21
25295	27213	21
24309	27214	21
25279	27215	21
16536	27216	21
25586	27217	21
20007	27218	21
20270	27219	21
19006	27220	21
19197	27221	21
19189	27222	21
19192	27223	21
5069	27224	21
9332	27225	21
22554	27226	21
33033	27227	21
25999	27228	21
32289	27229	21
30795	27230	21
32479	27231	21
29087	27232	21
32045	27233	21
16108	27234	21
16199	27235	21
15980	27236	21
15982	27237	21
15811	27238	21
15813	27239	21
4007	27240	21
7415	27241	21
8649	27242	21
15112	27243	21
18756	27244	21
27794	27245	21
27632	27246	21
27751	27247	21
25922	27248	21
30173	27249	21
6518	27250	21
11709	27251	21
8772	27252	21
15273	27253	21
19743	27254	21
19937	27255	21
19551	27256	21
28418	27257	21
23188	27258	21
30971	27259	21
26632	27260	21
26709	27261	21
17727	27262	21
32432	27263	21
19517	27264	21
28373	27265	21
28371	27266	21
31596	27267	21
2453	27268	21
4690	27269	21
26062	27270	21
26101	27271	21
23255	27272	21
23268	27273	21
23037	27274	21
23046	27275	21
29399	27276	21
29405	27277	21
8172	27278	21
14354	27279	21
9759	27280	21
9768	27281	21
3489	27282	21
22071	27283	21
26396	27284	21
26403	27285	21
26390	27286	21
27722	27287	21
22386	27288	21
23488	27289	21
21905	27290	21
2552	27291	21
29091	27292	21
32805	27293	21
17960	27294	21
17962	27295	21
12907	27296	21
20794	27297	21
20786	27298	21
27220	27299	21
26938	27300	21
27207	27301	21
9979	27302	21
9985	27303	21
17951	27304	21
18285	27305	21
23519	27306	21
31194	27307	21
17541	27308	21
26452	27309	21
26385	27310	21
27582	27311	21
11839	27312	21
19717	27313	21
19705	27314	21
23228	27315	21
2514	27316	21
27550	27317	21
12148	27318	21
12189	27319	21
7550	27320	21
13287	27321	21
29010	27322	21
32579	27323	21
28830	27324	21
28870	27325	21
28503	27326	21
28537	27327	21
4173	27328	21
7731	27329	21
22332	27330	21
30095	27331	21
30093	27332	21
30859	27333	21
9338	27334	21
9352	27335	21
24038	27336	21
28652	27337	21
18790	27338	21
18920	27339	21
10217	27340	21
17401	27341	21
17400	27342	21
23713	27343	21
22738	27344	21
22748	27345	21
28782	27346	21
28897	27347	21
12824	27348	21
20661	27349	21
20449	27350	21
22785	27351	21
22629	27352	21
22632	27353	21
6813	27354	21
12153	27355	21
14839	27356	21
14928	27357	21
20926	27358	21
20928	27359	21
20916	27360	21
28302	27361	21
22212	27362	21
25795	27363	21
27131	27364	21
32299	27365	21
26589	27366	21
26596	27367	21
26501	27368	21
29593	27369	21
17336	27370	21
19820	27371	21
12598	27372	21
19824	27373	21
18075	27374	21
18079	27375	21
13291	27376	21
13294	27377	21
24050	27378	21
31698	27379	21
9888	27380	21
17012	27381	21
10415	27382	21
10422	27383	21
7636	27384	21
13443	27385	21
21769	27386	21
32441	27387	21
26559	27388	21
30875	27389	21
20651	27390	21
25778	27391	21
25748	27392	21
25764	27393	21
26004	27394	21
26040	27395	21
24679	27396	21
24682	27397	21
5349	27398	21
5351	27399	21
10066	27400	21
10082	27401	21
3702	27402	21
6894	27403	21
29095	27404	21
32606	27405	21
22543	27406	21
27670	27407	21
28269	27408	21
31659	27409	21
26851	27410	21
26893	27411	21
13813	27412	21
13848	27413	21
26933	27414	21
30614	27415	21
30550	27416	21
30577	27417	21
21731	27418	21
28131	27419	21
20843	27420	21
20845	27421	21
20837	27422	21
27737	27423	21
27494	27424	21
27497	27425	21
22955	27426	21
30769	27427	21
5641	27428	21
10251	27429	21
30114	27430	21
30120	27431	21
30096	27432	21
30955	27433	21
30354	27434	21
30945	27435	21
1913	27436	21
18772	27437	21
16804	27438	21
16945	27439	21
24450	27440	21
32830	27441	21
10645	27442	21
11926	27443	21
11925	27444	21
29727	27445	21
16658	27446	21
25757	27447	21
8355	27448	21
14644	27449	21
3891	27450	21
7190	27451	21
24520	27452	21
24800	27453	21
16731	27454	21
16733	27455	21
11271	27456	21
18991	27457	21
10784	27458	21
10812	27459	21
28969	27460	21
31550	27461	21
23483	27462	21
23493	27463	21
11156	27464	21
18855	27465	21
1497	27466	21
2916	27467	21
17778	27468	21
26767	27469	21
25069	27470	21
28282	27471	21
9786	27472	21
9793	27473	21
30621	27474	21
30830	27475	21
9292	27476	21
16148	27477	21
16779	27478	21
22805	27479	21
23102	27480	21
23234	27481	21
25052	27482	21
30835	27483	21
31808	27484	21
31814	27485	21
5879	27486	21
10681	27487	21
10792	27488	21
10817	27489	21
14197	27490	21
14199	27491	21
14243	27492	21
14245	27493	21
30365	27494	21
30371	27495	21
6288	27496	21
11351	27497	21
22943	27498	21
30759	27499	21
17692	27500	21
26662	27501	21
26661	27502	21
32103	27503	21
21434	27504	21
29341	27505	21
29316	27506	21
31453	27507	21
27176	27508	21
27183	27509	21
18567	27510	21
27598	27511	21
15929	27512	21
24905	27513	21
24897	27514	21
26889	27515	21
20996	27516	21
21032	27517	21
18239	27518	21
18383	27519	21
17771	27520	21
30786	27521	21
15299	27522	21
24041	27523	21
24039	27524	21
27233	27525	21
14453	27526	21
14464	27527	21
29823	27528	21
29825	27529	21
29821	27530	21
32201	27531	21
24124	27532	21
32107	27533	21
13388	27534	21
21553	27535	21
29012	27536	21
29861	27537	21
25890	27538	21
25897	27539	21
9727	27540	21
28592	27541	21
8593	27542	21
8600	27543	21
30642	27544	21
30648	27545	21
29134	27546	21
32467	27547	21
28998	27548	21
31089	27549	21
29542	27550	21
32729	27551	21
3654	27552	21
3748	27553	21
29321	27554	21
29556	27555	21
24973	27556	21
32005	27557	21
31058	27558	21
31086	27559	21
20861	27560	21
20868	27561	21
7357	27562	21
27984	27563	21
26875	27564	21
26878	27565	21
10795	27566	21
10797	27567	21
4994	27568	21
9197	27569	21
29336	27570	21
29338	27571	21
19731	27572	21
19926	27573	21
18270	27574	21
27334	27575	21
7485	27576	21
13164	27577	21
23846	27578	21
23893	27579	21
23507	27580	21
31184	27581	21
1863	27582	21
3595	27583	21
30103	27584	21
31084	27585	21
21734	27586	21
22047	27587	21
18786	27588	21
31744	27589	21
24958	27590	21
24965	27591	21
8864	27592	21
15441	27593	21
9269	27594	21
32131	27595	21
25728	27596	21
25850	27597	21
23739	27598	21
23741	27599	21
16055	27600	21
16079	27601	21
3243	27602	21
3245	27603	21
24510	27604	21
24512	27605	21
24259	27606	21
24261	27607	21
12096	27608	21
12322	27609	21
11287	27610	21
11433	27611	21
13647	27612	21
21939	27613	21
23692	27614	21
23730	27615	21
2398	27616	21
23649	27617	21
24386	27618	21
28268	27619	21
24538	27620	21
25970	27621	21
4903	27622	21
9038	27623	21
24713	27624	21
28263	27625	21
13347	27626	21
21484	27627	21
27853	27628	21
27860	27629	21
21219	27630	21
29073	27631	21
29072	27632	21
30189	27633	21
23943	27634	21
23957	27635	21
23211	27636	21
23222	27637	21
20899	27638	21
20902	27639	21
3453	27640	21
6482	27641	21
8574	27642	21
8576	27643	21
19366	27644	21
28219	27645	21
1255	27646	21
2457	27647	21
24036	27648	21
25678	27649	21
15666	27650	21
24589	27651	21
14399	27652	21
14401	27653	21
11193	27654	21
11232	27655	21
20967	27656	21
20974	27657	21
20961	27658	21
28620	27659	21
28593	27660	21
28596	27661	21
21455	27662	21
21490	27663	21
30453	27664	21
32339	27665	21
30342	27666	21
32491	27667	21
32142	27668	21
32212	27669	21
24594	27670	21
31589	27671	21
30957	27672	21
30989	27673	21
30750	27674	21
33089	27675	21
18999	27676	21
19193	27677	21
15021	27678	21
23813	27679	21
30220	27680	21
31183	27681	21
9816	27682	21
9857	27683	21
9107	27684	21
24836	27685	21
6242	27686	21
6340	27687	21
27940	27688	21
27982	27689	21
27898	27690	21
27931	27691	21
27921	27692	21
27924	27693	21
3573	27694	21
3576	27695	21
7372	27696	21
12971	27697	21
3534	27698	21
6622	27699	21
27604	27700	21
27614	27701	21
26421	27702	21
28345	27703	21
24370	27704	21
24405	27705	21
4309	27706	21
7973	27707	21
435	27708	21
3333	27709	21
18471	27710	21
25298	27711	21
9454	27712	21
9495	27713	21
16309	27714	21
25402	27715	21
22518	27716	21
26240	27717	21
21724	27718	21
26276	27719	21
11988	27720	21
11995	27721	21
1247	27722	21
2442	27723	21
6036	27724	21
10934	27725	21
28365	27726	21
28834	27727	21
27806	27728	21
27953	27729	21
16289	27730	21
16422	27731	21
21272	27732	21
30856	27733	21
24136	27734	21
25164	27735	21
19336	27736	21
19346	27737	21
21535	27738	21
29477	27739	21
29457	27740	21
32147	27741	21
31679	27742	21
32798	27743	21
24969	27744	21
30727	27745	21
29307	27746	21
29413	27747	21
29374	27748	21
31815	27749	21
9539	27750	21
9905	27751	21
5437	27752	21
26202	27753	21
23469	27754	21
31150	27755	21
19544	27756	21
20189	27757	21
16829	27758	21
16960	27759	21
23459	27760	21
23487	27761	21
11690	27762	21
19526	27763	21
14353	27764	21
22940	27765	21
21924	27766	21
29869	27767	21
23018	27768	21
23041	27769	21
2530	27770	21
4831	27771	21
8233	27772	21
8235	27773	21
11836	27774	21
19711	27775	21
19706	27776	21
7847	27777	21
12848	27778	21
20704	27779	21
20499	27780	21
23653	27781	21
6178	27782	21
6181	27783	21
32017	27784	21
32121	27785	21
24233	27786	21
31845	27787	21
12319	27788	21
12388	27789	21
12009	27790	21
12013	27791	21
11718	27792	21
11721	27793	21
27009	27794	21
27090	27795	21
1354	27796	21
2649	27797	21
15628	27798	21
15630	27799	21
302	27800	21
18218	27801	21
10957	27802	21
11314	27803	21
25602	27804	21
26192	27805	21
23422	27806	21
31131	27807	21
5362	27808	21
9823	27809	21
30164	27810	21
32283	27811	21
25168	27812	21
32135	27813	21
29349	27814	21
32249	27815	21
31710	27816	21
31937	27817	21
14488	27818	21
23129	27819	21
16929	27820	21
16931	27821	21
825	27822	21
1632	27823	21
5131	27824	21
5138	27825	21
14621	27826	21
17277	27827	21
8923	27828	21
8925	27829	21
18034	27830	21
18036	27831	21
18017	27832	21
27661	27833	21
31873	27834	21
31875	27835	21
21375	27836	21
21377	27837	21
24448	27838	21
24748	27839	21
821	27840	21
1624	27841	21
1921	27842	21
3695	27843	21
1956	27844	21
1958	27845	21
22015	27846	21
22150	27847	21
16720	27848	21
25755	27849	21
21822	27850	21
29754	27851	21
2385	27852	21
4566	27853	21
11255	27854	21
23797	27855	21
20041	27856	21
20286	27857	21
19037	27858	21
19214	27859	21
9983	27860	21
10019	27861	21
18841	27862	21
27899	27863	21
24432	27864	21
28679	27865	21
25012	27866	21
25305	27867	21
24379	27868	21
24410	27869	21
9481	27870	21
16426	27871	21
31448	27872	21
31450	27873	21
14685	27874	21
23372	27875	21
23381	27876	21
31059	27877	21
7251	27878	21
12747	27879	21
3491	27880	21
3493	27881	21
14874	27882	21
14880	27883	21
13285	27884	21
13292	27885	21
13377	27886	21
21534	27887	21
14256	27888	21
22795	27889	21
13621	27890	21
21896	27891	21
18691	27892	21
27774	27893	21
13552	27894	21
13554	27895	21
20956	27896	21
20980	27897	21
13024	27898	21
28711	27899	21
27357	27900	21
27360	27901	21
14504	27902	21
14506	27903	21
10835	27904	21
10837	27905	21
13721	27906	21
13814	27907	21
31231	27908	21
31317	27909	21
31139	27910	21
31167	27911	21
11254	27912	21
11316	27913	21
3561	27914	21
6670	27915	21
14404	27916	21
23016	27917	21
15949	27918	21
16291	27919	21
13664	27920	21
21984	27921	21
29654	27922	21
30069	27923	21
28613	27924	21
28616	27925	21
25056	27926	21
25448	27927	21
4662	27928	21
8613	27929	21
22591	27930	21
30410	27931	21
30403	27932	21
31417	27933	21
30927	27934	21
31013	27935	21
9981	27936	21
10018	27937	21
11563	27938	21
19335	27939	21
3366	27940	21
6333	27941	21
21762	27942	21
27317	27943	21
30318	27944	21
32792	27945	21
18617	27946	21
32862	27947	21
185	27948	21
16582	27949	21
10051	27950	21
10103	27951	21
9837	27952	21
9848	27953	21
19352	27954	21
20085	27955	21
16630	27956	21
17130	27957	21
18966	27958	21
19174	27959	21
9904	27960	21
10056	27961	21
26468	27962	21
28125	27963	21
28005	27964	21
28008	27965	21
28950	27966	21
29056	27967	21
29690	27968	21
29710	27969	21
13550	27970	21
32566	27971	21
28214	27972	21
28216	27973	21
12064	27974	21
16917	27975	21
21316	27976	21
29209	27977	21
14825	27978	21
23569	27979	21
9770	27980	21
9800	27981	21
29149	27982	21
29151	27983	21
29137	27984	21
30676	27985	21
4109	27986	21
7610	27987	21
14895	27988	21
14899	27989	21
14881	27990	21
14884	27991	21
9250	27992	21
9252	27993	21
24215	27994	21
25218	27995	21
24945	27996	21
32106	27997	21
30143	27998	21
31157	27999	21
14720	28000	21
23420	28001	21
23416	28002	21
26298	28003	21
25336	28004	21
25499	28005	21
8892	28006	21
15490	28007	21
2645	28008	21
5051	28009	21
14378	28010	21
22972	28011	21
3935	28012	21
9012	28013	21
30409	28014	21
30477	28015	21
9113	28016	21
9115	28017	21
15514	28018	21
15539	28019	21
25628	28020	21
24015	28021	21
11727	28022	21
12248	28023	21
22831	28024	21
23162	28025	21
19770	28026	21
26117	28027	21
24898	28028	21
25361	28029	21
9248	28030	21
9255	28031	21
31119	28032	21
31125	28033	21
13590	28034	21
18298	28035	21
26940	28036	21
31295	28037	21
31233	28038	21
31260	28039	21
22435	28040	21
23524	28041	21
25766	28042	21
26257	28043	21
25190	28044	21
25200	28045	21
21522	28046	21
32156	28047	21
30841	28048	21
33112	28049	21
22339	28050	21
30107	28051	21
30081	28052	21
30290	28053	21
7876	28054	21
7886	28055	21
24459	28056	21
31636	28057	21
31632	28058	21
32316	28059	21
26802	28060	21
32220	28061	21
31642	28062	21
31907	28063	21
21149	28064	21
28985	28065	21
28981	28066	21
29615	28067	21
24206	28068	21
31445	28069	21
23986	28070	21
24995	28071	21
2848	28072	21
5412	28073	21
700	28074	21
1390	28075	21
24423	28076	21
25324	28077	21
25323	28078	21
28311	28079	21
21915	28080	21
21922	28081	21
26948	28082	21
28563	28083	21
22390	28084	21
22392	28085	21
16202	28086	21
31712	28087	21
15620	28088	21
33000	28089	21
31967	28090	21
31973	28091	21
29423	28092	21
32222	28093	21
18160	28094	21
27229	28095	21
14582	28096	21
14593	28097	21
21776	28098	21
29697	28099	21
20871	28100	21
27990	28101	21
19538	28102	21
19563	28103	21
3226	28104	21
6092	28105	21
23440	28106	21
23521	28107	21
5340	28108	21
23198	28109	21
30209	28110	21
32663	28111	21
24311	28112	21
25847	28113	21
9632	28114	21
16648	28115	21
18916	28116	21
24985	28117	21
12570	28118	21
19134	28119	21
18681	28120	21
18685	28121	21
9042	28122	21
9045	28123	21
11771	28124	21
19642	28125	21
14780	28126	21
23513	28127	21
3314	28128	21
6245	28129	21
18975	28130	21
19170	28131	21
18777	28132	21
27825	28133	21
32023	28134	21
32104	28135	21
17498	28136	21
26397	28137	21
22952	28138	21
22962	28139	21
13998	28140	21
22395	28141	21
20820	28142	21
28123	28143	21
22819	28144	21
24575	28145	21
27552	28146	21
32159	28147	21
13648	28148	21
21941	28149	21
19295	28150	21
20057	28151	21
18537	28152	21
19057	28153	21
25626	28154	21
26205	28155	21
25048	28156	21
25451	28157	21
24481	28158	21
24483	28159	21
11250	28160	21
18957	28161	21
17898	28162	21
18888	28163	21
18598	28164	21
20255	28165	21
19723	28166	21
19923	28167	21
16270	28168	21
16413	28169	21
24431	28170	21
28512	28171	21
24752	28172	21
24862	28173	21
3016	28174	21
5704	28175	21
2750	28176	21
5239	28177	21
21938	28178	21
21945	28179	21
9247	28180	21
9254	28181	21
23687	28182	21
31307	28183	21
29541	28184	21
32320	28185	21
30294	28186	21
31100	28187	21
16881	28188	21
26012	28189	21
18826	28190	21
26113	28191	21
11557	28192	21
12137	28193	21
31155	28194	21
30441	28195	21
5944	28196	21
10790	28197	21
16245	28198	21
24418	28199	21
16147	28200	21
33113	28201	21
24543	28202	21
33122	28203	21
6536	28204	21
11739	28205	21
30632	28206	21
31673	28207	21
29380	28208	21
32517	28209	21
19899	28210	21
19973	28211	21
19644	28212	21
19693	28213	21
19685	28214	21
19688	28215	21
22670	28216	21
31238	28217	21
1920	28218	21
3693	28219	21
10639	28220	21
18089	28221	21
24133	28222	21
29605	28223	21
29408	28224	21
29417	28225	21
9106	28226	21
15848	28227	21
14407	28228	21
23022	28229	21
9017	28230	21
9019	28231	21
30473	28232	21
33031	28233	21
5431	28234	21
9930	28235	21
25638	28236	21
26204	28237	21
11738	28238	21
19599	28239	21
24454	28240	21
31628	28241	21
29610	28242	21
29643	28243	21
29492	28244	21
29517	28245	21
7413	28246	21
13043	28247	21
4595	28248	21
8499	28249	21
10464	28250	21
32548	28251	21
17970	28252	21
32874	28253	21
25282	28254	21
25284	28255	21
13038	28256	21
13063	28257	21
11500	28258	21
17180	28259	21
31130	28260	21
33104	28261	21
31560	28262	21
31562	28263	21
25207	28264	21
31334	28265	21
29671	28266	21
29989	28267	21
15693	28268	21
16889	28269	21
16187	28270	21
25264	28271	21
3639	28272	21
6793	28273	21
24125	28274	21
32648	28275	21
32627	28276	21
32940	28277	21
27704	28278	21
27711	28279	21
8279	28280	21
14535	28281	21
27046	28282	21
32625	28283	21
29098	28284	21
32741	28285	21
29696	28286	21
30001	28287	21
19440	28288	21
28309	28289	21
21287	28290	21
29176	28291	21
29089	28292	21
30916	28293	21
7156	28294	21
12572	28295	21
12556	28296	21
18742	28297	21
18719	28298	21
18723	28299	21
17512	28300	21
17515	28301	21
9365	28302	21
16254	28303	21
14810	28304	21
18967	28305	21
1916	28306	21
3686	28307	21
8246	28308	21
14477	28309	21
3593	28310	21
3600	28311	21
23436	28312	21
23457	28313	21
29596	28314	21
29606	28315	21
29194	28316	21
29202	28317	21
7638	28318	21
13447	28319	21
32974	28320	21
33018	28321	21
30435	28322	21
30456	28323	21
3439	28324	21
19396	28325	21
16518	28326	21
16520	28327	21
2907	28328	21
5513	28329	21
30124	28330	21
31462	28331	21
15864	28332	21
15875	28333	21
27523	28334	21
27602	28335	21
26497	28336	21
28376	28337	21
11686	28338	21
32231	28339	21
29115	28340	21
32619	28341	21
19102	28342	21
19149	28343	21
19049	28344	21
28063	28345	21
10620	28346	21
18062	28347	21
27696	28348	21
29190	28349	21
29178	28350	21
30942	28351	21
4561	28352	21
8438	28353	21
19464	28354	21
19467	28355	21
16242	28356	21
25318	28357	21
17220	28358	21
17222	28359	21
6788	28360	21
12115	28361	21
6895	28362	21
123	28363	21
5386	28364	21
9859	28365	21
30168	28366	21
25169	28367	21
30447	28368	21
31291	28369	21
23776	28370	21
23938	28371	21
23159	28372	21
30946	28373	21
23013	28374	21
32041	28375	21
11157	28376	21
11164	28377	21
6137	28378	21
29887	28379	21
29882	28380	21
32873	28381	21
5404	28382	21
5502	28383	21
30364	28384	21
32904	28385	21
27023	28386	21
28600	28387	21
14068	28388	21
28719	28389	21
27394	28390	21
27430	28391	21
26708	28392	21
26717	28393	21
1623	28394	21
3156	28395	21
19835	28396	21
19842	28397	21
22974	28398	21
23066	28399	21
24959	28400	21
24966	28401	21
4441	28402	21
8225	28403	21
30408	28404	21
32777	28405	21
32682	28406	21
32736	28407	21
22114	28408	21
29948	28409	21
20855	28410	21
26824	28411	21
13811	28412	21
13818	28413	21
8887	28414	21
15482	28415	21
17842	28416	21
26107	28417	21
20910	28418	21
26291	28419	21
23753	28420	21
23925	28421	21
6416	28422	21
11531	28423	21
11529	28424	21
23688	28425	21
11001	28426	21
18614	28427	21
13713	28428	21
22022	28429	21
17004	28430	21
17219	28431	21
6785	28432	21
6940	28433	21
13746	28434	21
22075	28435	21
21509	28436	21
32088	28437	21
18548	28438	21
27574	28439	21
23392	28440	21
23399	28441	21
22840	28442	21
30628	28443	21
11987	28444	21
12046	28445	21
11778	28446	21
11815	28447	21
5626	28448	21
10221	28449	21
19498	28450	21
19589	28451	21
26364	28452	21
28321	28453	21
32958	28454	21
32993	28455	21
5264	28456	21
9660	28457	21
29679	28458	21
29681	28459	21
29656	28460	21
30987	28461	21
9826	28462	21
9863	28463	21
22722	28464	21
30555	28465	21
16550	28466	21
25611	28467	21
29943	28468	21
29963	28469	21
13726	28470	21
32854	28471	21
25761	28472	21
32351	28473	21
26342	28474	21
26440	28475	21
18660	28476	21
27714	28477	21
24130	28478	21
31867	28479	21
31515	28480	21
31601	28481	21
8273	28482	21
14524	28483	21
8224	28484	21
14446	28485	21
27026	28486	21
28609	28487	21
10653	28488	21
18115	28489	21
12063	28490	21
12160	28491	21
26772	28492	21
28509	28493	21
18275	28494	21
18408	28495	21
4645	28496	21
8584	28497	21
19410	28498	21
19401	28499	21
3121	28500	21
5903	28501	21
24991	28502	21
29032	28503	21
19510	28504	21
20213	28505	21
15225	28506	21
20209	28507	21
24576	28508	21
24661	28509	21
12068	28510	21
12303	28511	21
6773	28512	21
6932	28513	21
18576	28514	21
18578	28515	21
5904	28516	21
5906	28517	21
20030	28518	21
20219	28519	21
20186	28520	21
20198	28521	21
19516	28522	21
20175	28523	21
21053	28524	21
23971	28525	21
23272	28526	21
23286	28527	21
2345	28528	21
23269	28529	21
23164	28530	21
23167	28531	21
24320	28532	21
31548	28533	21
4365	28534	21
8081	28535	21
6985	28536	21
7001	28537	21
6964	28538	21
6968	28539	21
6672	28540	21
6675	28541	21
17816	28542	21
17823	28543	21
13261	28544	21
21347	28545	21
11803	28546	21
19249	28547	21
29673	28548	21
29675	28549	21
29668	28550	21
31941	28551	21
19287	28552	21
20052	28553	21
14469	28554	21
20246	28555	21
19709	28556	21
19913	28557	21
11272	28558	21
11424	28559	21
23800	28560	21
23807	28561	21
29203	28562	21
28939	28563	21
11073	28564	21
26982	28565	21
26520	28566	21
26527	28567	21
26486	28568	21
29888	28569	21
28206	28570	21
28783	28571	21
25719	28572	21
26234	28573	21
11853	28574	21
12003	28575	21
18144	28576	21
18151	28577	21
25062	28578	21
25064	28579	21
9874	28580	21
12293	28581	21
2903	28582	21
2929	28583	21
29377	28584	21
29379	28585	21
15046	28586	21
19999	28587	21
9153	28588	21
15908	28589	21
15907	28590	21
20223	28591	21
18883	28592	21
18941	28593	21
14566	28594	21
14605	28595	21
11196	28596	21
11507	28597	21
9543	28598	21
9909	28599	21
30548	28600	21
32001	28601	21
6285	28602	21
6311	28603	21
2867	28604	21
5448	28605	21
23790	28606	21
23942	28607	21
23621	28608	21
23658	28609	21
17854	28610	21
17861	28611	21
25914	28612	21
25916	28613	21
24007	28614	21
31836	28615	21
18849	28616	21
27908	28617	21
27907	28618	21
31078	28619	21
22436	28620	21
31144	28621	21
31653	28622	21
32867	28623	21
30212	28624	21
30276	28625	21
30150	28626	21
32190	28627	21
32126	28628	21
32134	28629	21
2506	28630	21
4783	28631	21
11132	28632	21
11139	28633	21
26566	28634	21
26573	28635	21
26547	28636	21
30544	28637	21
11584	28638	21
19368	28639	21
27265	28640	21
27275	28641	21
14549	28642	21
14552	28643	21
8973	28644	21
15629	28645	21
6621	28646	21
6623	28647	21
23291	28648	21
25874	28649	21
10761	28650	21
18274	28651	21
7985	28652	21
14026	28653	21
15368	28654	21
24146	28655	21
6735	28656	21
6751	28657	21
6581	28658	21
6592	28659	21
3293	28660	21
3300	28661	21
12991	28662	21
20927	28663	21
20919	28664	21
28291	28665	21
28210	28666	21
28266	28667	21
3155	28668	21
3157	28669	21
10978	28670	21
10980	28671	21
10335	28672	21
17601	28673	21
25671	28674	21
26217	28675	21
25094	28676	21
25126	28677	21
2825	28678	21
5376	28679	21
24226	28680	21
24803	28681	21
21855	28682	21
32674	28683	21
22718	28684	21
22742	28685	21
24191	28686	21
1413	28687	21
14149	28688	21
31436	28689	21
1468	28690	21
2864	28691	21
3294	28692	21
3301	28693	21
4637	28694	21
8569	28695	21
4431	28696	21
8206	28697	21
25270	28698	21
25309	28699	21
24389	28700	21
24398	28701	21
27048	28702	21
32511	28703	21
24941	28704	21
24943	28705	21
12209	28706	21
61	28707	21
1856	28708	21
6742	28709	21
24759	28710	21
28276	28711	21
17681	28712	21
19592	28713	21
3174	28714	21
3181	28715	21
19573	28716	21
26116	28717	21
24910	28718	21
25360	28719	21
10364	28720	21
17653	28721	21
18391	28722	21
18435	28723	21
8676	28724	21
8679	28725	21
14153	28726	21
32983	28727	21
30379	28728	21
30381	28729	21
29273	28730	21
31354	28731	21
31349	28732	21
31421	28733	21
12220	28734	21
12222	28735	21
18560	28736	21
18585	28737	21
2655	28738	21
5070	28739	21
3544	28740	21
19818	28741	21
15295	28742	21
24034	28743	21
24032	28744	21
26842	28745	21
24507	28746	21
31691	28747	21
31690	28748	21
33047	28749	21
4384	28750	21
8117	28751	21
16312	28752	21
25405	28753	21
23407	28754	21
31038	28755	21
14052	28756	21
30287	28757	21
28610	28758	21
28622	28759	21
28599	28760	21
28608	28761	21
5372	28762	21
5379	28763	21
18108	28764	21
27162	28765	21
5335	28766	21
9780	28767	21
22585	28768	21
23635	28769	21
25427	28770	21
25467	28771	21
16661	28772	21
33029	28773	21
10799	28774	21
18333	28775	21
1603	28776	21
24757	28777	21
962	28778	21
20296	28779	21
19815	28780	21
19819	28781	21
19329	28782	21
19332	28783	21
18102	28784	21
18104	28785	21
19271	28786	21
18522	28787	21
13707	28788	21
20244	28789	21
20242	28790	21
20323	28791	21
12628	28792	21
12630	28793	21
12511	28794	21
17197	28795	21
16211	28796	21
16215	28797	21
15505	28798	21
15508	28799	21
11499	28800	21
12090	28801	21
14787	28802	21
14789	28803	21
27517	28804	21
27564	28805	21
27554	28806	21
31583	28807	21
26388	28808	21
28099	28809	21
26366	28810	21
27257	28811	21
22600	28812	21
30424	28813	21
26588	28814	21
26595	28815	21
21349	28816	21
29257	28817	21
15782	28818	21
15871	28819	21
24060	28820	21
24062	28821	21
24054	28822	21
27778	28823	21
27573	28824	21
27583	28825	21
11508	28826	21
11869	28827	21
10643	28828	21
18097	28829	21
30698	28830	21
33065	28831	21
17311	28832	21
18414	28833	21
8629	28834	21
8640	28835	21
21752	28836	21
29662	28837	21
29655	28838	21
30891	28839	21
30747	28840	21
30772	28841	21
16337	28842	21
16339	28843	21
30130	28844	21
918	28845	21
26577	28846	21
21868	28847	21
26900	28848	21
27331	28849	21
16576	28850	21
16583	28851	21
13448	28852	21
13450	28853	21
6565	28854	21
6567	28855	21
15973	28856	21
24976	28857	21
3681	28858	21
3707	28859	21
14878	28860	21
23647	28861	21
29729	28862	21
32978	28863	21
16818	28864	21
25946	28865	21
32629	28866	21
32631	28867	21
6875	28868	21
12250	28869	21
12626	28870	21
12633	28871	21
12605	28872	21
19960	28873	21
19920	28874	21
19924	28875	21
19906	28876	21
19909	28877	21
3888	28878	21
7184	28879	21
2164	28880	21
4141	28881	21
26134	28882	21
26315	28883	21
25950	28884	21
26085	28885	21
26078	28886	21
26081	28887	21
11733	28888	21
11735	28889	21
30634	28890	21
31942	28891	21
29206	28892	21
31053	28893	21
11538	28894	21
19296	28895	21
19288	28896	21
24687	28897	21
25733	28898	21
25740	28899	21
28543	28900	21
28559	28901	21
10345	28902	21
17618	28903	21
10752	28904	21
18261	28905	21
31699	28906	21
31719	28907	21
15624	28908	21
33067	28909	21
24624	28910	21
31811	28911	21
22423	28912	21
30221	28913	21
16487	28914	21
23270	28915	21
23048	28916	21
23085	28917	21
12948	28918	21
20862	28919	21
20848	28920	21
27834	28921	21
27827	28922	21
27830	28923	21
12514	28924	21
17251	28925	21
6845	28926	21
6849	28927	21
6493	28928	21
6496	28929	21
13763	28930	21
13789	28931	21
14811	28932	21
20247	28933	21
20243	28934	21
20324	28935	21
6533	28936	21
11734	28937	21
16494	28938	21
25536	28939	21
2862	28940	21
5439	28941	21
11882	28942	21
19783	28943	21
21337	28944	21
29240	28945	21
10988	28946	21
10991	28947	21
30867	28948	21
30873	28949	21
6431	28950	21
11560	28951	21
18837	28952	21
27896	28953	21
16781	28954	21
23905	28955	21
30645	28956	21
30647	28957	21
19247	28958	21
19254	28959	21
16715	28960	21
16755	28961	21
22853	28962	21
22855	28963	21
8150	28964	21
14314	28965	21
14959	28966	21
23746	28967	21
23742	28968	21
26850	28969	21
30080	28970	14
30227	28970	7
30227	28971	14
32781	28971	7
21829	28972	21
32725	28973	21
22618	28974	21
23648	28975	21
5225	28976	21
9589	28977	21
16823	28978	21
25942	28979	21
23359	28980	21
31036	28981	21
1041	28982	21
18448	28983	21
5761	28984	21
10472	28985	21
6415	28986	21
11545	28987	21
11929	28988	21
19846	28989	21
5076	28990	21
5083	28991	21
11845	28992	21
11847	28993	21
22723	28994	21
22746	28995	21
25268	28996	21
25308	28997	21
25224	28998	21
25234	28999	21
17207	29000	21
17281	29001	21
16926	29002	21
16980	29003	21
6336	29004	21
6373	29005	21
16795	29006	21
25903	29007	21
25901	29008	21
29612	29009	21
19951	29010	21
19964	29011	21
16369	29012	21
16373	29013	21
13685	29014	21
13688	29015	21
17811	29016	21
26814	29017	21
1722	29018	21
3341	29019	21
14989	29020	21
23769	29021	21
23903	29022	21
23962	29023	21
23848	29024	21
23894	29025	21
23802	29026	21
23834	29027	21
32136	29028	21
32209	29029	21
29573	29030	21
29601	29031	21
5061	29032	21
9319	29033	21
26642	29034	21
26649	29035	21
17794	29036	21
17796	29037	21
26529	29038	21
27493	29039	21
23173	29040	21
23210	29041	21
20920	29042	21
21006	29043	21
15994	29044	21
17252	29045	21
17540	29046	21
26450	29047	21
26822	29048	21
32500	29049	21
20560	29050	21
24534	29051	21
15766	29052	21
15858	29053	21
15007	29054	21
23791	29055	21
343	29056	21
14426	29057	21
4232	29058	21
7839	29059	21
15809	29060	21
31925	29061	21
4065	29062	21
7524	29063	21
16718	29064	21
25830	29065	21
23299	29066	21
23772	29067	21
15143	29068	21
15157	29069	21
13784	29070	21
13794	29071	21
16797	29072	21
25907	29073	21
16722	29074	21
25836	29075	21
25832	29076	21
29954	29077	21
11618	29078	21
11625	29079	21
14143	29080	21
14145	29081	21
6168	29082	21
6170	29083	21
17516	29084	21
19474	29085	21
29704	29086	21
32321	29087	21
19707	29088	21
19912	29089	21
18246	29090	21
18387	29091	21
23426	29092	21
31099	29093	21
3109	29094	21
5881	29095	21
18093	29096	21
27136	29097	21
27132	29098	21
30051	29099	21
29532	29100	21
29625	29101	21
27796	29102	21
27947	29103	21
26469	29104	21
27934	29105	21
11337	29106	21
27655	29107	21
17449	29108	21
17451	29109	21
17392	29110	21
23266	29111	21
5481	29112	21
5492	29113	21
22937	29114	21
27133	29115	21
25328	29116	21
25353	29117	21
21293	29118	21
30622	29119	21
5158	29120	21
5165	29121	21
16019	29122	21
16021	29123	21
8160	29124	21
14332	29125	21
23118	29126	21
30904	29127	21
30903	29128	21
32098	29129	21
26065	29130	21
26102	29131	21
24856	29132	21
24867	29133	21
20982	29134	21
20985	29135	21
30692	29136	21
32951	29137	21
28414	29138	21
28853	29139	21
11614	29140	21
19418	29141	21
21737	29142	21
21739	29143	21
20225	29144	21
20241	29145	21
20141	29146	21
20154	29147	21
20072	29148	21
20076	29149	21
20068	29150	21
19997	29151	21
27145	29152	21
29329	29153	21
5755	29154	21
10461	29155	21
12074	29156	21
12076	29157	21
13281	29158	21
13283	29159	21
20031	29160	21
20280	29161	21
19031	29162	21
1742	29163	21
15052	29164	21
15091	29165	21
14096	29166	21
22552	29167	21
24043	29168	21
27377	29169	21
2693	29170	21
2695	29171	21
12244	29172	21
12260	29173	21
12229	29174	21
20184	29175	21
32073	29176	21
32075	29177	21
14205	29178	21
22726	29179	21
4584	29180	21
8479	29181	21
29210	29182	21
29279	29183	21
29004	29184	21
29792	29185	21
18885	29186	21
25321	29187	21
23590	29188	21
32963	29189	21
21122	29190	21
28941	29191	21
28914	29192	21
29030	29193	21
6459	29194	21
11609	29195	21
29228	29196	21
29234	29197	21
29222	29198	21
31152	29199	21
6116	29200	21
6123	29201	21
9775	29202	21
9801	29203	21
13994	29204	21
22389	29205	21
2128	29206	21
25100	29207	21
9342	29208	21
9344	29209	21
30700	29210	21
32860	29211	21
25314	29212	21
25316	29213	21
17067	29214	21
20010	29215	21
18478	29216	21
19009	29217	21
18754	29218	21
18845	29219	21
22894	29220	21
22924	29221	21
20777	29222	21
27075	29223	21
14410	29224	21
23026	29225	21
25267	29226	21
25307	29227	21
9475	29228	21
9486	29229	21
20526	29230	21
20528	29231	21
6902	29232	21
6906	29233	21
6898	29234	21
6901	29235	21
15389	29236	21
24183	29237	21
24181	29238	21
31172	29239	21
29192	29240	21
29201	29241	21
17038	29242	21
26135	29243	21
3531	29244	21
6616	29245	21
16671	29246	21
16674	29247	21
27645	29248	21
27760	29249	21
21934	29250	21
21936	29251	21
26510	29252	21
28385	29253	21
17966	29254	21
19759	29255	21
15853	29256	21
24840	29257	21
25606	29258	21
26186	29259	21
25028	29260	21
32038	29261	21
25260	29262	21
25262	29263	21
4812	29264	21
15968	29265	21
4080	29266	21
7554	29267	21
1710	29268	21
3318	29269	21
14578	29270	21
23249	29271	21
11149	29272	21
18842	29273	21
29304	29274	21
29475	29275	21
29474	29276	21
32204	29277	21
27807	29278	21
30825	29279	21
27155	29280	21
32870	29281	21
7582	29282	21
13345	29283	21
15724	29284	21
15731	29285	21
25939	29286	21
32218	29287	21
16574	29288	21
17103	29289	21
32345	29290	21
32492	29291	21
31247	29292	21
31323	29293	21
30291	29294	21
30572	29295	21
27225	29296	21
27235	29297	21
21571	29298	21
21574	29299	21
5500	29300	21
10035	29301	21
19524	29302	21
20177	29303	21
11864	29304	21
12010	29305	21
18806	29306	21
27862	29307	21
27333	29308	21
27464	29309	21
15049	29310	21
15089	29311	21
7830	29312	21
13773	29313	21
22639	29314	21
33116	29315	21
14868	29316	21
23632	29317	21
29945	29318	21
29947	29319	21
25589	29320	21
29294	29321	21
4433	29322	21
8210	29323	21
26576	29324	21
28768	29325	21
19441	29326	21
7060	29327	21
16721	29328	21
16760	29329	21
9082	29330	21
15812	29331	21
13177	29332	21
13179	29333	21
13385	29334	21
21547	29335	21
24610	29336	21
31796	29337	21
31530	29338	21
32481	29339	21
32060	29340	21
32269	29341	21
22374	29342	21
30159	29343	21
30133	29344	21
32261	29345	21
30721	29346	21
32864	29347	21
31678	29348	21
32952	29349	21
13365	29350	21
21514	29351	21
26543	29352	21
28406	29353	21
18600	29354	21
19086	29355	21
977	29356	21
1922	29357	21
27753	29358	21
30165	29359	21
15577	29360	21
24449	29361	21
12301	29362	21
12381	29363	21
11412	29364	21
11468	29365	21
5514	29366	21
5551	29367	21
16927	29368	21
16981	29369	21
14573	29370	21
14609	29371	21
970	29372	21
1909	29373	21
14104	29374	21
22566	29375	21
19454	29376	21
19457	29377	21
21587	29378	21
21645	29379	21
10786	29380	21
18312	29381	21
20773	29382	21
27002	29383	21
26986	29384	21
26989	29385	21
26765	29386	21
32465	29387	21
28956	29388	21
32251	29389	21
29647	29390	21
29809	29391	21
19844	29392	21
28196	29393	21
5876	29394	21
10676	29395	21
25024	29396	21
32044	29397	21
29101	29398	21
33105	29399	21
24376	29400	21
31597	29401	21
2196	29402	21
4203	29403	21
8043	29404	21
14130	29405	21
1799	29406	21
3478	29407	21
15945	29408	21
24929	29409	21
6921	29410	21
6983	29411	21
5505	29412	21
5546	29413	21
25204	29414	21
28016	29415	21
18811	29416	21
27868	29417	21
17499	29418	21
19465	29419	21
18752	29420	21
26045	29421	21
18116	29422	21
32697	29423	21
16058	29424	21
16060	29425	21
10789	29426	21
10815	29427	21
22093	29428	21
30008	29429	21
30007	29430	21
31886	29431	21
11151	29432	21
11176	29433	21
25038	29434	21
32051	29435	21
19518	29436	21
20174	29437	21
11858	29438	21
12007	29439	21
9228	29440	21
9230	29441	21
28731	29442	21
28887	29443	21
20091	29444	21
20303	29445	21
17136	29446	21
17190	29447	21
17081	29448	21
17117	29449	21
20756	29450	21
26797	29451	21
24552	29452	21
33133	29453	21
4235	29454	21
4237	29455	21
15527	29456	21
15529	29457	21
8856	29458	21
15427	29459	21
7411	29460	21
13039	29461	21
13835	29462	21
13850	29463	21
13487	29464	21
13498	29465	21
23439	29466	21
31115	29467	21
14565	29468	21
14604	29469	21
7762	29470	21
7764	29471	21
24582	29472	21
31870	29473	21
18769	29474	21
18908	29475	21
21515	29476	21
21517	29477	21
26618	29478	21
26701	29479	21
10931	29480	21
11292	29481	21
18120	29482	21
18127	29483	21
32592	29484	21
32598	29485	21
31522	29486	21
32390	29487	21
29749	29488	21
32303	29489	21
22535	29490	21
31232	29491	21
31023	29492	21
31365	29493	21
29742	29494	21
30023	29495	21
19541	29496	21
20187	29497	21
16826	29498	21
16958	29499	21
21501	29500	21
29428	29501	21
12345	29502	21
12366	29503	21
10007	29504	21
10023	29505	21
3605	29506	21
3616	29507	21
4484	29508	21
8315	29509	21
2872	29510	21
17140	29511	21
437	29512	21
7776	29513	21
10394	29514	21
17706	29515	21
2917	29516	21
2919	29517	21
26503	29518	21
26505	29519	21
26490	29520	21
29290	29521	21
6543	29522	21
6550	29523	21
10538	29524	21
17918	29525	21
12294	29526	21
12377	29527	21
6923	29528	21
31	29529	21
3729	29530	21
3769	29531	21
6662	29532	21
6664	29533	21
20830	29534	21
27628	29535	21
9412	29536	21
16329	29537	21
6619	29538	21
11868	29539	21
23128	29540	21
23251	29541	21
22976	29542	21
33106	29543	21
26904	29544	21
27784	29545	21
6407	29546	21
11515	29547	21
30524	29548	21
33041	29549	21
16115	29550	21
25171	29551	21
8587	29552	21
8678	29553	21
25049	29554	21
25442	29555	21
21586	29556	21
21644	29557	21
8745	29558	21
15222	29559	21
1138	29560	21
2228	29561	21
29759	29562	21
32715	29563	21
22998	29564	21
27901	29565	21
30804	29566	21
30810	29567	21
27994	29568	21
28159	29569	21
23792	29570	21
23945	29571	21
23177	29572	21
23213	29573	21
18485	29574	21
27276	29575	21
27078	29576	21
27113	29577	21
5149	29578	21
5175	29579	21
939	29580	21
1852	29581	21
29204	29582	21
32094	29583	21
29419	29584	21
31060	29585	21
14162	29586	21
30493	29587	21
23446	29588	21
23448	29589	21
1377	29590	21
2694	29591	21
27147	29592	21
27149	29593	21
12885	29594	21
20753	29595	21
13497	29596	21
13501	29597	21
13458	29598	21
13461	29599	21
9761	29600	21
30972	29601	21
7361	29602	21
12952	29603	21
4674	29604	21
8633	29605	21
17968	29606	21
26978	29607	21
24466	29608	21
25923	29609	21
22041	29610	21
29960	29611	21
29959	29612	21
29217	29613	21
17929	29614	21
26915	29615	21
18887	29616	21
18942	29617	21
17849	29618	21
17886	29619	21
23443	29620	21
31121	29621	21
8475	29622	21
14852	29623	21
25030	29624	21
32878	29625	21
25214	29626	21
25246	29627	21
10573	29628	21
17982	29629	21
4427	29630	21
8198	29631	21
25146	29632	21
25156	29633	21
30311	29634	21
30299	29635	21
15467	29636	21
24304	29637	21
29659	29638	21
31296	29639	21
30470	29640	21
30495	29641	21
30937	29642	21
31016	29643	21
30564	29644	21
33056	29645	21
996	29646	21
1955	29647	21
1391	29648	21
1393	29649	21
16164	29650	21
25239	29651	21
19994	29652	21
20263	29653	21
18993	29654	21
19190	29655	21
18276	29656	21
18406	29657	21
30355	29658	21
32971	29659	21
30176	29660	21
30178	29661	21
30174	29662	21
32435	29663	21
3685	29664	21
6869	29665	21
24499	29666	21
31591	29667	21
22238	29668	21
26041	29669	21
11226	29670	21
11241	29671	21
10509	29672	21
10519	29673	21
27952	29674	21
32549	29675	21
30926	29676	21
30932	29677	21
25745	29678	21
26246	29679	21
23586	29680	21
23703	29681	21
19313	29682	21
19338	29683	21
23573	29684	21
31221	29685	21
31041	29686	21
31373	29687	21
6772	29688	21
25365	29689	21
24919	29690	21
26147	29691	21
24955	29692	21
25392	29693	21
24256	29694	21
31489	29695	21
31487	29696	21
32329	29697	21
29839	29698	21
29924	29699	21
4672	29700	21
8636	29701	21
22108	29702	21
28225	29703	21
25714	29704	21
26228	29705	21
25138	29706	21
25265	29707	21
8378	29708	21
14688	29709	21
10926	29710	21
11288	29711	21
11273	29712	21
30924	29713	21
23002	29714	21
23009	29715	21
29829	29716	21
32784	29717	21
28556	29718	21
31062	29719	21
8608	29720	21
8634	29721	21
10029	29722	21
10091	29723	21
3722	29724	21
6922	29725	21
8215	29726	21
14454	29727	21
20155	29728	21
20180	29729	21
20172	29730	21
28837	29731	21
19744	29732	21
19751	29733	21
9583	29734	21
9943	29735	21
15725	29736	21
15732	29737	21
22369	29738	21
30151	29739	21
30125	29740	21
31514	29741	21
31473	29742	21
31481	29743	21
17485	29744	21
26375	29745	21
26361	29746	21
26999	29747	21
25723	29748	21
25802	29749	21
32037	29750	21
32039	29751	21
15053	29752	21
15092	29753	21
16739	29754	21
25858	29755	21
8250	29756	21
14485	29757	21
17069	29758	21
17254	29759	21
10746	29760	21
18250	29761	21
726	29762	21
1441	29763	21
13445	29764	21
32451	29765	21
30306	29766	21
32443	29767	21
17473	29768	21
18696	29769	21
26196	29770	21
26198	29771	21
23463	29772	21
31142	29773	21
13972	29774	21
22349	29775	21
25154	29776	21
25276	29777	21
25032	29778	21
25111	29779	21
23517	29780	21
31192	29781	21
30106	29782	21
31132	29783	21
1818	29784	21
3514	29785	21
24565	29786	21
31755	29787	21
8420	29788	21
14763	29789	21
4248	29790	21
7866	29791	21
29099	29792	21
29852	29793	21
3337	29794	21
6286	29795	21
15464	29796	21
24298	29797	21
8347	29798	21
14629	29799	21
14628	29800	21
20222	29801	21
4959	29802	21
4961	29803	21
14794	29804	21
23531	29805	21
23530	29806	21
25617	29807	21
25025	29808	21
32033	29809	21
30145	29810	21
32894	29811	21
18851	29812	21
27911	29813	21
26949	29814	21
28564	29815	21
18539	29816	21
19053	29817	21
9576	29818	21
16558	29819	21
21199	29820	21
21201	29821	21
13374	29822	21
21530	29823	21
20448	29824	21
22796	29825	21
29019	29826	21
1119	29827	21
21602	29828	21
29543	29829	21
17984	29830	21
17987	29831	21
5150	29832	21
9466	29833	21
19414	29834	21
19416	29835	21
7298	29836	21
12837	29837	21
19437	29838	21
20135	29839	21
11766	29840	21
11807	29841	21
1479	29842	21
2885	29843	21
22074	29844	21
29995	29845	21
10596	29846	21
18022	29847	21
10673	29848	21
18148	29849	21
13582	29850	21
21839	29851	21
22992	29852	21
30802	29853	21
14029	29854	21
18579	29855	21
23138	29856	21
30922	29857	21
30920	29858	21
31362	29859	21
29736	29860	21
30020	29861	21
18510	29862	21
19029	29863	21
9690	29864	21
9697	29865	21
15470	29866	21
24312	29867	21
5423	29868	21
5519	29869	21
30199	29870	21
32524	29871	21
27157	29872	21
32680	29873	21
27660	29874	21
28103	29875	21
20912	29876	21
28061	29877	21
24706	29878	21
28456	29879	21
24601	29880	21
26005	29881	21
25558	29882	21
25565	29883	21
23496	29884	21
23533	29885	21
27097	29886	21
28632	29887	21
23052	29888	21
30860	29889	21
25604	29890	21
25620	29891	21
25616	29892	21
31164	29893	21
11676	29894	21
12650	29895	21
19499	29896	21
25477	29897	21
9895	29898	21
10049	29899	21
9637	29900	21
16656	29901	21
23230	29902	21
23277	29903	21
22763	29904	21
30594	29905	21
9029	29906	21
15726	29907	21
30630	29908	21
31470	29909	21
31458	29910	21
32080	29911	21
29389	29912	21
29818	29913	21
5897	29914	21
5899	29915	21
21276	29916	21
29162	29917	21
29155	29918	21
30812	29919	21
22695	29920	21
22776	29921	21
20918	29922	21
28814	29923	21
25794	29924	21
26268	29925	21
11935	29926	21
11938	29927	21
18921	29928	21
18923	29929	21
757	29930	21
1501	29931	21
15396	29932	21
16673	29933	21
18010	29934	21
19788	29935	21
30236	29936	21
30242	29937	21
29078	29938	21
32595	29939	21
29111	29940	21
32325	29941	21
11715	29942	21
11717	29943	21
21897	29944	21
21899	29945	21
12733	29946	21
20505	29947	21
20447	29948	21
22751	29949	21
4623	29950	21
4626	29951	21
7551	29952	21
29301	29953	21
29173	29954	21
30978	29955	21
24710	29956	21
28496	29957	21
25739	29958	21
26243	29959	21
743	29960	21
26239	29961	21
15784	29962	21
33090	29963	21
8491	29964	21
14879	29965	21
29375	29966	21
29591	29967	21
13446	29968	21
32456	29969	21
18839	29970	21
18846	29971	21
12080	29972	21
19992	29973	21
29175	29974	21
29196	29975	21
9956	29976	21
9959	29977	21
22592	29978	21
27701	29979	21
25140	29980	21
25142	29981	21
25134	29982	21
26055	29983	21
23120	29984	21
23247	29985	21
29000	29986	21
31380	29987	21
23467	29988	21
31148	29989	21
18252	29990	21
27312	29991	21
27310	29992	21
31594	29993	21
21225	29994	21
29083	29995	21
5902	29996	21
5909	29997	21
24784	29998	21
31922	29999	21
31921	30000	21
33044	30001	21
25037	30002	21
25044	30003	21
17600	30004	21
19532	30005	21
20086	30006	21
20300	30007	21
12213	30008	21
12272	30009	21
12154	30010	21
12193	30011	21
25937	30012	21
31338	30013	21
21362	30014	21
21386	30015	21
21289	30016	21
30944	30017	21
6719	30018	21
12018	30019	21
7862	30020	21
7869	30021	21
24171	30022	21
25186	30023	21
30235	30024	21
31197	30025	21
16038	30026	21
25073	30027	21
25912	30028	21
25919	30029	21
5025	30030	21
5027	30031	21
1667	30032	21
3238	30033	21
31760	30034	21
32123	30035	21
29454	30036	21
32300	30037	21
21251	30038	21
29125	30039	21
12760	30040	21
17848	30041	21
22388	30042	21
23490	30043	21
3661	30044	21
3663	30045	21
16590	30046	21
25664	30047	21
7522	30048	21
13236	30049	21
26395	30050	21
28337	30051	21
24342	30052	21
25864	30053	21
14708	30054	21
14710	30055	21
21819	30056	21
29762	30057	21
29761	30058	21
32721	30059	21
31039	30060	21
31372	30061	21
30722	30062	21
30980	30063	21
24632	30064	21
24634	30065	21
19639	30066	21
28493	30067	21
11126	30068	21
11216	30069	21
15840	30070	21
20003	30071	21
6423	30072	21
6796	30073	21
565	30074	21
13686	30075	21
12999	30076	21
20941	30077	21
18202	30078	21
18206	30079	21
18126	30080	21
18129	30081	21
16297	30082	21
25387	30083	21
3393	30084	21
6374	30085	21
14561	30086	21
23225	30087	21
22968	30088	21
26297	30089	21
12112	30090	21
12332	30091	21
11301	30092	21
11443	30093	21
13336	30094	21
21466	30095	21
22719	30096	21
27769	30097	21
3163	30098	21
5978	30099	21
22017	30100	21
26049	30101	21
25721	30102	21
25844	30103	21
14963	30104	21
19902	30105	21
11256	30106	21
11411	30107	21
23193	30108	21
30974	30109	21
19101	30110	21
19148	30111	21
14924	30112	21
14935	30113	21
26473	30114	21
28533	30115	21
26353	30116	21
26894	30117	21
26702	30118	21
26705	30119	21
28642	30120	21
31528	30121	21
22109	30122	21
22119	30123	21
27538	30124	21
27540	30125	21
25417	30126	21
29815	30127	21
14241	30128	21
14248	30129	21
19774	30130	21
28589	30131	21
28588	30132	21
30919	30133	21
26392	30134	21
27759	30135	21
10402	30136	21
17717	30137	21
20083	30138	21
20298	30139	21
20297	30140	21
20316	30141	21
19139	30142	21
19155	30143	21
5654	30144	21
10275	30145	21
12889	30146	21
20760	30147	21
20745	30148	21
26610	30149	21
26603	30150	21
26606	30151	21
20176	30152	21
20234	30153	21
20110	30154	21
20114	30155	21
19348	30156	21
19986	30157	21
11280	30158	21
32333	30159	21
30332	30160	21
31375	30161	21
30732	30162	21
30740	30163	21
23432	30164	21
23434	30165	21
32617	30166	21
32939	30167	21
4875	30168	21
8986	30169	21
21581	30170	21
26293	30171	21
25329	30172	21
25494	30173	21
22053	30174	21
22171	30175	21
13924	30176	21
22268	30177	21
16436	30178	21
16455	30179	21
16219	30180	21
16233	30181	21
16075	30182	21
16085	30183	21
13333	30184	21
21460	30185	21
20835	30186	21
1310	30187	21
23425	30188	21
31097	30189	21
30158	30190	21
30160	30191	21
30131	30192	21
31858	30193	21
24521	30194	21
25961	30195	21
28211	30196	21
2363	30197	21
25727	30198	21
26237	30199	21
23567	30200	21
23693	30201	21
22014	30202	21
23912	30203	21
16345	30204	21
25443	30205	21
21608	30206	21
29552	30207	21
29100	30208	21
30434	30209	21
6777	30210	21
12097	30211	21
6659	30212	21
11931	30213	21
11928	30214	21
32945	30215	21
15598	30216	21
31667	30217	21
31424	30218	21
31490	30219	21
32338	30220	21
32360	30221	21
5602	30222	21
10176	30223	21
18743	30224	21
19167	30225	21
9893	30226	21
10048	30227	21
27336	30228	21
31343	30229	21
7360	30230	21
12950	30231	21
18872	30232	21
26400	30233	21
24434	30234	21
28813	30235	21
25791	30236	21
26267	30237	21
22228	30238	21
25247	30239	21
1663	30240	21
3230	30241	21
2160	30242	21
13475	30243	21
8435	30244	21
14788	30245	21
11274	30246	21
18997	30247	21
18327	30248	21
27401	30249	21
26657	30250	21
32257	30251	21
31765	30252	21
31847	30253	21
23754	30254	21
23766	30255	21
29093	30256	21
32604	30257	21
32603	30258	21
32935	30259	21
27665	30260	21
28109	30261	21
23591	30262	21
23707	30263	21
19107	30264	21
19151	30265	21
18715	30266	21
18718	30267	21
26630	30268	21
31666	30269	21
30232	30270	21
30234	30271	21
30087	30272	21
30611	30273	21
30593	30274	21
30601	30275	21
6563	30276	21
11781	30277	21
5668	30278	21
10301	30279	21
3210	30280	21
6061	30281	21
10329	30282	21
17589	30283	21
24053	30284	21
27738	30285	21
27682	30286	21
27692	30287	21
3079	30288	21
5822	30289	21
21223	30290	21
29080	30291	21
17784	30292	21
26777	30293	21
14436	30294	21
23062	30295	21
15498	30296	21
24359	30297	21
23365	30298	21
23367	30299	21
18794	30300	21
27847	30301	21
22978	30302	21
30784	30303	21
18994	30304	21
19191	30305	21
15014	30306	21
15148	30307	21
18006	30308	21
18325	30309	21
9889	30310	21
17014	30311	21
29322	30312	21
29545	30313	21
4618	30314	21
8537	30315	21
5169	30316	21
9494	30317	21
1698	30318	21
3297	30319	21
25179	30320	21
32148	30321	21
31464	30322	21
32381	30323	21
30402	30324	21
31290	30325	21
26975	30326	21
26997	30327	21
17645	30328	21
17647	30329	21
28653	30330	21
28685	30331	21
25285	30332	21
25296	30333	21
25075	30334	21
25078	30335	21
10243	30336	21
17448	30337	21
17418	30338	21
24699	30339	21
20710	30340	21
20720	30341	21
31897	30342	21
33127	30343	21
18121	30344	21
19856	30345	21
21240	30346	21
29107	30347	21
2804	30348	21
23119	30349	21
16500	30350	21
25540	30351	21
11186	30352	21
11227	30353	21
1871	30354	21
1878	30355	21
23640	30356	21
28255	30357	21
17643	30358	21
19566	30359	21
9750	30360	21
16830	30361	21
11341	30362	21
19093	30363	21
7185	30364	21
12632	30365	21
489	30366	21
20199	30367	21
11910	30368	21
11914	30369	21
6122	30370	21
6125	30371	21
17074	30372	21
17258	30373	21
16328	30374	21
16367	30375	21
25771	30376	21
26259	30377	21
23612	30378	21
31261	30379	21
5867	30380	21
10659	30381	21
19549	30382	21
20192	30383	21
16834	30384	21
25958	30385	21
18758	30386	21
18760	30387	21
7851	30388	21
13805	30389	21
30704	30390	21
33069	30391	21
20836	30392	21
27725	30393	21
6633	30394	21
6725	30395	21
24417	30396	21
25391	30397	21
186	30398	21
29633	30399	21
29463	30400	21
32171	30401	21
11827	30402	21
19703	30403	21
11251	30404	21
11407	30405	21
21928	30406	21
21952	30407	21
11121	30408	21
18795	30409	21
1887	30410	21
12102	30411	21
23607	30412	21
31256	30413	21
30082	30414	21
31133	30415	21
11326	30416	21
19073	30417	21
14837	30418	21
23588	30419	21
23689	30420	21
23729	30421	21
22775	30422	21
22784	30423	21
16250	30424	21
25319	30425	21
25317	30426	21
26852	30427	21
24604	30428	21
24606	30429	21
32956	30430	21
32992	30431	21
16861	30432	21
25986	30433	21
16502	30434	21
17050	30435	21
3554	30436	21
6657	30437	21
19421	30438	21
20129	30439	21
26351	30440	21
26432	30441	21
6611	30442	21
19742	30443	21
5433	30444	21
9934	30445	21
23871	30446	21
23884	30447	21
21950	30448	21
29894	30449	21
9915	30450	21
9922	30451	21
9093	30452	21
9100	30453	21
21526	30454	21
29465	30455	21
16134	30456	21
16137	30457	21
15592	30458	21
16813	30459	21
25722	30460	21
26233	30461	21
23643	30462	21
23652	30463	21
851	30464	21
8492	30465	21
9558	30466	21
16526	30467	21
29358	30468	21
33082	30469	21
12904	30470	21
20788	30471	21
14462	30472	21
14466	30473	21
14055	30474	21
14058	30475	21
5325	30476	21
9764	30477	21
117	30478	21
13021	30479	21
17507	30480	21
28069	30481	21
27055	30482	21
27413	30483	21
17999	30484	21
27018	30485	21
15711	30486	21
24655	30487	21
24653	30488	21
26142	30489	21
11607	30490	21
12173	30491	21
17111	30492	21
17123	30493	21
17058	30494	21
17061	30495	21
1202	30496	21
2354	30497	21
1264	30498	21
1266	30499	21
13672	30500	21
21974	30501	21
20969	30502	21
20971	30503	21
20957	30504	21
28583	30505	21
24986	30506	21
24989	30507	21
13932	30508	21
22282	30509	21
22278	30510	21
28355	30511	21
28330	30512	21
28342	30513	21
26362	30514	21
26416	30515	21
30712	30516	21
32478	30517	21
31120	30518	21
31395	30519	21
29846	30520	21
29928	30521	21
11930	30522	21
19848	30523	21
3350	30524	21
19142	30525	21
19030	30526	21
28045	30527	21
6612	30528	21
6709	30529	21
3149	30530	21
5954	30531	21
24750	30532	21
24861	30533	21
16512	30534	21
25556	30535	21
22255	30536	21
27112	30537	21
10802	30538	21
10804	30539	21
10691	30540	21
10717	30541	21
22028	30542	21
29941	30543	21
29520	30544	21
29617	30545	21
22574	30546	21
22581	30547	21
6981	30548	21
7000	30549	21
59	30550	21
6753	30551	21
6724	30552	21
6727	30553	21
12211	30554	21
12271	30555	21
6701	30556	21
11992	30557	21
17517	30558	21
900	30559	21
20001	30560	21
20267	30561	21
12118	30562	21
12335	30563	21
11889	30564	21
474	30565	21
18235	30566	21
26044	30567	21
23104	30568	21
23236	30569	21
19250	30570	21
20024	30571	21
11566	30572	21
12142	30573	21
29340	30574	21
31602	30575	21
15518	30576	21
32926	30577	21
22815	30578	21
27204	30579	21
6406	30580	21
11513	30581	21
30126	30582	21
31538	30583	21
10660	30584	21
10662	30585	21
17915	30586	21
18257	30587	21
11197	30588	21
18903	30589	21
5095	30590	21
9374	30591	21
30481	30592	21
33034	30593	21
10466	30594	21
10468	30595	21
6734	30596	21
6750	30597	21
6580	30598	21
6591	30599	21
6590	30600	21
6594	30601	21
6549	30602	21
6552	30603	21
23423	30604	21
23508	30605	21
31566	30606	21
31568	30607	21
25608	30608	21
26210	30609	21
27587	30610	21
28078	30611	21
28976	30612	21
29773	30613	21
29002	30614	21
32572	30615	21
21483	30616	21
29411	30617	21
15026	30618	21
15029	30619	21
10485	30620	21
10511	30621	21
22544	30622	21
30350	30623	21
20624	30624	21
20626	30625	21
1369	30626	21
25408	30627	21
21861	30628	21
21864	30629	21
2831	30630	21
2838	30631	21
30655	30632	21
30675	30633	21
5053	30634	21
9305	30635	21
21482	30636	21
21489	30637	21
18661	30638	21
18668	30639	21
20886	30640	21
20888	30641	21
20787	30642	21
27232	30643	21
27172	30644	21
27175	30645	21
17425	30646	21
17461	30647	21
17459	30648	21
26303	30649	21
23305	30650	21
26115	30651	21
24584	30652	21
31763	30653	21
19001	30654	21
19195	30655	21
18801	30656	21
18927	30657	21
19771	30658	21
27989	30659	21
25006	30660	21
440	30661	21
737	30662	21
17043	30663	21
18106	30664	21
27164	30665	21
10749	30666	21
10844	30667	21
12998	30668	21
20939	30669	21
18164	30670	21
18168	30671	21
18150	30672	21
18153	30673	21
27743	30674	21
27785	30675	21
27594	30676	21
27625	30677	21
2282	30678	21
32965	30679	21
31437	30680	21
32369	30681	21
30418	30682	21
31277	30683	21
6569	30684	21
2192	30685	21
6521	30686	21
28431	30687	21
1374	30688	21
2688	30689	21
17764	30690	21
17855	30691	21
12857	30692	21
12864	30693	21
9590	30694	21
9592	30695	21
16560	30696	21
25639	30697	21
25587	30698	21
32008	30699	21
8252	30700	21
14489	30701	21
30799	30702	21
33095	30703	21
33015	30704	21
33093	30705	21
20520	30706	21
20522	30707	21
20514	30708	21
23835	30709	21
22948	30710	21
22951	30711	21
30305	30712	21
31217	30713	21
27322	30714	21
27462	30715	21
26787	30716	21
26796	30717	21
24514	30718	21
31812	30719	21
12930	30720	21
20831	30721	21
20823	30722	21
27510	30723	21
29033	30724	21
29054	30725	21
28973	30726	21
29566	30727	21
8484	30728	21
14866	30729	21
14625	30730	21
19226	30731	21
15108	30732	21
15166	30733	21
8444	30734	21
8446	30735	21
29356	30736	21
29583	30737	21
27566	30738	21
27568	30739	21
16103	30740	21
25153	30741	21
3257	30742	21
6148	30743	21
22778	30744	21
30607	30745	21
21252	30746	21
27041	30747	21
25050	30748	21
32061	30749	21
6823	30750	21
6829	30751	21
11831	30752	21
19779	30753	21
1693	30754	21
3288	30755	21
7399	30756	21
13020	30757	21
10618	30758	21
18059	30759	21
30963	30760	21
30990	30761	21
30756	30762	21
30765	30763	21
25363	30764	21
22232	30765	21
24773	30766	21
24739	30767	21
6263	30768	21
11313	30769	21
10405	30770	21
11753	30771	21
301	30772	21
23219	30773	21
23473	30774	21
31156	30775	21
10697	30776	21
18184	30777	21
16942	30778	21
16987	30779	21
16744	30780	21
16747	30781	21
20262	30782	21
20330	30783	21
17238	30784	21
17293	30785	21
6960	30786	21
6973	30787	21
5487	30788	21
5490	30789	21
13193	30790	21
21227	30791	21
9661	30792	21
9663	30793	21
2763	30794	21
32019	30795	21
14995	30796	21
15002	30797	21
5932	30798	21
10771	30799	21
27703	30800	21
28122	30801	21
27999	30802	21
28030	30803	21
11590	30804	21
30592	30805	21
30415	30806	21
32950	30807	21
6430	30808	21
11558	30809	21
31533	30810	21
31552	30811	21
23298	30812	21
28153	30813	21
4869	30814	21
8974	30815	21
13455	30816	21
13457	30817	21
9451	30818	21
16381	30819	21
6447	30820	21
11586	30821	21
9610	30822	21
9617	30823	21
15472	30824	21
16730	30825	21
30421	30826	21
32828	30827	21
24600	30828	21
26006	30829	21
11011	30830	21
11353	30831	21
18549	30832	21
18556	30833	21
3148	30834	21
5952	30835	21
27512	30836	21
28700	30837	21
27325	30838	21
27463	30839	21
27181	30840	21
27184	30841	21
15383	30842	21
24173	30843	21
24170	30844	21
30982	30845	21
7292	30846	21
12825	30847	21
8204	30848	21
14412	30849	21
18461	30850	21
23271	30851	21
20992	30852	21
21029	30853	21
19292	30854	21
20055	30855	21
16568	30856	21
17097	30857	21
23351	30858	21
23353	30859	21
2875	30860	21
5461	30861	21
17506	30862	21
19469	30863	21
25734	30864	21
26241	30865	21
25158	30866	21
25278	30867	21
26934	30868	21
32750	30869	21
19591	30870	21
20211	30871	21
20203	30872	21
20206	30873	21
20436	30874	21
22488	30875	21
4260	30876	21
4263	30877	21
439	30878	21
877	30879	21
18755	30880	21
27434	30881	21
14975	30882	21
15123	30883	21
6667	30884	21
11944	30885	21
25053	30886	21
32065	30887	21
21543	30888	21
28734	30889	21
25591	30890	21
26175	30891	21
26171	30892	21
26323	30893	21
24579	30894	21
26033	30895	21
25670	30896	21
25702	30897	21
9778	30898	21
16873	30899	21
13376	30900	21
21536	30901	21
15621	30902	21
16837	30903	21
430	30904	21
4599	30905	21
23386	30906	21
31067	30907	21
29483	30908	21
29512	30909	21
27650	30910	21
27657	30911	21
3634	30912	21
24915	30913	21
17767	30914	21
17858	30915	21
26386	30916	21
26409	30917	21
26407	30918	21
28057	30919	21
29225	30920	21
32660	30921	21
26905	30922	21
27742	30923	21
19558	30924	21
20195	30925	21
18810	30926	21
18821	30927	21
15755	30928	21
24705	30929	21
24704	30930	21
26054	30931	21
11277	30932	21
11427	30933	21
1675	30934	21
21929	30935	21
11027	30936	21
11365	30937	21
31563	30938	21
32401	30939	21
31641	30940	21
32287	30941	21
21926	30942	21
21942	30943	21
24447	30944	21
31324	30945	21
31175	30946	21
31206	30947	21
31147	30948	21
31171	30949	21
12207	30950	21
12233	30951	21
10437	30952	21
17774	30953	21
19284	30954	21
28195	30955	21
24086	30956	21
25703	30957	21
4596	30958	21
8501	30959	21
29363	30960	21
32688	30961	21
22900	30962	21
27851	30963	21
24076	30964	21
24100	30965	21
13037	30966	21
20997	30967	21
9306	30968	21
9308	30969	21
26236	30970	21
31520	30971	21
21595	30972	21
29535	30973	21
29534	30974	21
32308	30975	21
756	30976	21
1499	30977	21
13905	30978	21
22233	30979	21
22225	30980	21
24882	30981	21
24401	30982	21
24414	30983	21
24098	30984	21
24107	30985	21
7062	30986	21
12289	30987	21
11818	30988	21
11823	30989	21
11813	30990	21
11817	30991	21
11649	30992	21
11652	30993	21
7520	30994	21
13232	30995	21
24549	30996	21
31740	30997	21
6150	30998	21
27873	30999	21
28218	31000	21
28327	31001	21
17792	31002	21
19660	31003	21
13087	31004	21
20335	31005	21
12374	31006	21
12397	31007	21
10093	31008	21
10111	31009	21
9496	31010	21
9509	31011	21
7879	31012	21
7882	31013	21
5256	31014	21
9645	31015	21
24479	31016	21
31661	31017	21
31623	31018	21
31863	31019	21
31734	31020	21
31757	31021	21
30416	31022	21
30431	31023	21
4930	31024	21
9087	31025	21
6570	31026	21
11792	31027	21
20765	31028	21
20767	31029	21
20737	31030	21
26461	31031	21
26454	31032	21
26457	31033	21
5336	31034	21
9782	31035	21
30510	31036	21
30516	31037	21
29453	31038	21
32202	31039	21
29434	31040	21
32108	31041	21
11981	31042	21
12006	31043	21
27154	31044	21
28773	31045	21
19451	31046	21
20144	31047	21
11780	31048	21
11816	31049	21
17678	31050	21
26640	31051	21
26635	31052	21
31799	31053	21
8109	31054	21
8111	31055	21
2764	31056	21
5266	31057	21
463	31058	21
924	31059	21
22980	31060	21
30790	31061	21
2284	31062	21
4373	31063	21
6414	31064	21
11638	31065	21
18011	31066	21
27037	31067	21
21845	31068	21
21869	31069	21
19380	31070	21
28240	31071	21
16887	31072	21
26020	31073	21
27056	31074	21
27063	31075	21
15316	31076	21
15318	31077	21
20701	31078	21
20708	31079	21
1420	31080	21
25867	31081	21
25860	31082	21
25863	31083	21
15324	31084	21
24083	31085	21
24079	31086	21
28436	31087	21
26553	31088	21
26608	31089	21
9892	31090	21
17019	31091	21
10289	31092	21
17527	31093	21
17442	31094	21
25824	31095	21
32097	31096	21
31460	31097	21
5078	31098	21
5080	31099	21
23646	31100	21
31289	31101	21
21344	31102	21
27104	31103	21
6209	31104	21
11225	31105	21
26664	31106	21
26671	31107	21
26623	31108	21
31555	31109	21
16569	31110	21
25641	31111	21
25640	31112	21
32158	31113	21
20917	31114	21
28260	31115	21
28244	31116	21
28247	31117	21
17790	31118	21
26786	31119	21
12065	31120	21
15106	31121	21
26981	31122	21
28581	31123	21
18648	31124	21
28433	31125	21
27663	31126	21
28106	31127	21
25539	31128	21
25541	31129	21
20032	31130	21
20281	31131	21
12150	31132	21
12350	31133	21
6859	31134	21
6900	31135	21
7112	31136	21
25508	31137	21
14473	31138	21
14567	31139	21
3377	31140	21
3384	31141	21
27305	31142	21
27455	31143	21
22058	31144	21
29978	31145	21
22064	31146	21
29986	31147	21
24194	31148	21
24196	31149	21
24182	31150	21
31200	31151	21
10811	31152	21
10822	31153	21
26105	31154	21
26423	31155	21
19726	31156	21
18744	31157	21
19405	31158	21
19427	31159	21
26734	31160	21
27295	31161	21
29348	31162	21
32694	31163	21
22996	31164	21
23076	31165	21
6509	31166	21
6862	31167	21
25040	31168	21
33108	31169	21
25552	31170	21
25575	31171	21
16525	31172	21
28611	31173	21
20283	31174	21
20334	31175	21
12354	31176	21
12369	31177	21
12194	31178	21
12198	31179	21
6575	31180	21
6578	31181	21
25376	31182	21
25516	31183	21
22101	31184	21
30018	31185	21
18637	31186	21
27683	31187	21
11532	31188	21
22477	31189	21
9189	31190	21
31992	31191	21
29969	31192	21
29998	31193	21
28262	31194	21
28817	31195	21
25804	31196	21
26272	31197	21
12850	31198	21
26271	31199	21
5041	31200	21
9283	31201	21
24720	31202	21
31759	31203	21
11706	31204	21
19552	31205	21
21508	31206	21
29440	31207	21
28927	31208	21
29172	31209	21
27698	31210	21
28120	31211	21
28118	31212	21
28130	31213	21
28026	31214	21
28036	31215	21
26995	31216	21
26998	31217	21
6749	31218	21
6754	31219	21
5178	31220	21
5182	31221	21
5081	31222	21
5084	31223	21
13343	31224	21
21478	31225	21
18541	31226	21
27570	31227	21
23004	31228	21
30818	31229	21
21186	31230	21
29037	31231	21
29025	31232	21
32570	31233	21
14850	31234	21
23608	31235	21
20393	31236	21
21695	31237	21
2894	31238	21
2897	31239	21
24229	31240	21
31476	31241	21
29305	31242	21
32258	31243	21
22209	31244	21
23209	31245	21
13992	31246	21
22385	31247	21
3775	31248	21
3780	31249	21
3712	31250	21
3716	31251	21
1876	31252	21
1879	31253	21
21093	31254	21
28866	31255	21
26029	31256	21
26042	31257	21
11229	31258	21
11242	31259	21
8328	31260	21
8331	31261	21
30308	31262	21
30310	31263	21
20169	31264	21
20232	31265	21
12002	31266	21
238	31267	21
10853	31268	21
10863	31269	21
5724	31270	21
10406	31271	21
18550	31272	21
27576	31273	21
27575	31274	21
32354	31275	21
25584	31276	21
25668	31277	21
9599	31278	21
9955	31279	21
8431	31280	21
31191	31281	21
30633	31282	21
31838	31283	21
27667	31284	21
32801	31285	21
9181	31286	21
15961	31287	21
11691	31288	21
19528	31289	21
24451	31290	21
31818	31291	21
15283	31292	21
24016	31293	21
23988	31294	21
25130	31295	21
25104	31296	21
25114	31297	21
29284	31298	21
32672	31299	21
32577	31300	21
32584	31301	21
27535	31302	21
27610	31303	21
31633	31304	21
32387	31305	21
19090	31306	21
19099	31307	21
17090	31308	21
26195	31309	21
19574	31310	21
20201	31311	21
19987	31312	21
20021	31313	21
18081	31314	21
20254	31315	21
19721	31316	21
19728	31317	21
1187	31318	21
2324	31319	21
3268	31320	21
18861	31321	21
21533	31322	21
21540	31323	21
26955	31324	21
32246	31325	21
31704	31326	21
31934	31327	21
14385	31328	21
22985	31329	21
24110	31330	21
25486	31331	21
24722	31332	21
24846	31333	21
11104	31334	21
18767	31335	21
508	31336	21
510	31337	21
15502	31338	21
15504	31339	21
22063	31340	21
22070	31341	21
22422	31342	21
30219	31343	21
30217	31344	21
32743	31345	21
25157	31346	21
31986	31347	21
27800	31348	21
27948	31349	21
16283	31350	21
16417	31351	21
23363	31352	21
32176	31353	21
29486	31354	21
29488	31355	21
27838	31356	21
27965	31357	21
15310	31358	21
24061	31359	21
21782	31360	21
21789	31361	21
28428	31362	21
32559	31363	21
22060	31364	21
22177	31365	21
8533	31366	21
14941	31367	21
11906	31368	21
19816	31369	21
15826	31370	21
24809	31371	21
9774	31372	21
31762	31373	21
22982	31374	21
27891	31375	21
13969	31376	21
22343	31377	21
1249	31378	21
2446	31379	21
6655	31380	21
11924	31381	21
12310	31382	21
12385	31383	21
12383	31384	21
12399	31385	21
12359	31386	21
12364	31387	21
11370	31388	21
11374	31389	21
8503	31390	21
8506	31391	21
5773	31392	21
10492	31393	21
6173	31394	21
6180	31395	21
21849	31396	21
29786	31397	21
30636	31398	21
30844	31399	21
30376	31400	21
30396	31401	21
24774	31402	21
24810	31403	21
17115	31404	21
24277	31405	21
15611	31406	21
24505	31407	21
26645	31408	21
26647	31409	21
25899	31410	21
26061	31411	21
23136	31412	21
23254	31413	21
22437	31414	21
27611	31415	21
2347	31416	21
4495	31417	21
5983	31418	21
5990	31419	21
3117	31420	21
5896	31421	21
27662	31422	21
32469	31423	21
31999	31424	21
32255	31425	21
32233	31426	21
32241	31427	21
19663	31428	21
25573	31429	21
27028	31430	21
33023	31431	21
32043	31432	21
32113	31433	21
26790	31434	21
28516	31435	21
28495	31436	21
28498	31437	21
17086	31438	21
17264	31439	21
15065	31440	21
15068	31441	21
23017	31442	21
31810	31443	21
6926	31444	21
20328	31445	21
17233	31446	21
17291	31447	21
16416	31448	21
16431	31449	21
5482	31450	21
5493	31451	21
17588	31452	21
26504	31453	21
19272	31454	21
20040	31455	21
20039	31456	21
20285	31457	21
19782	31458	21
19953	31459	21
19901	31460	21
19936	31461	21
24903	31462	21
27783	31463	21
27589	31464	21
27623	31465	21
18963	31466	21
19171	31467	21
9901	31468	21
10053	31469	21
21472	31470	21
29395	31471	21
29393	31472	21
31895	31473	21
4842	31474	21
8924	31475	21
11160	31476	21
11162	31477	21
23001	31478	21
23008	31479	21
14832	31480	21
14834	31481	21
29094	31482	21
32607	31483	21
19211	31484	21
19224	31485	21
10016	31486	21
10020	31487	21
9642	31488	21
411	31489	21
31651	31490	21
31657	31491	21
31645	31492	21
32726	31493	21
10357	31494	21
17640	31495	21
6556	31496	21
11768	31497	21
26699	31498	21
26729	31499	21
23625	31500	21
31268	31501	21
12739	31502	21
20515	31503	21
20513	31504	21
23822	31505	21
21838	31506	21
21841	31507	21
21723	31508	21
26093	31509	21
11409	31510	21
11466	31511	21
5511	31512	21
5549	31513	21
7366	31514	21
12960	31515	21
28232	31516	21
28797	31517	21
5134	31518	21
5136	31519	21
15169	31520	21
15183	31521	21
14949	31522	21
14953	31523	21
13483	31524	21
13486	31525	21
5062	31526	21
25266	31527	21
3118	31528	21
5898	31529	21
14339	31530	21
22917	31531	21
11276	31532	21
11428	31533	21
21940	31534	21
29885	31535	21
11854	31536	21
19741	31537	21
7598	31538	21
13375	31539	21
7777	31540	21
7779	31541	21
18476	31542	21
26028	31543	21
23049	31544	21
23086	31545	21
16005	31546	21
25021	31547	21
28664	31548	21
28676	31549	21
25241	31550	21
25252	31551	21
24278	31552	21
24281	31553	21
16244	31554	21
16392	31555	21
27687	31556	21
32537	31557	21
11410	31558	21
11417	31559	21
16920	31560	21
16977	31561	21
16865	31562	21
25992	31563	21
17791	31564	21
17798	31565	21
21360	31566	21
21384	31567	21
5237	31568	21
9611	31569	21
27675	31570	21
27677	31571	21
21245	31572	21
29116	31573	21
29112	31574	21
30517	31575	21
17045	31576	21
17047	31577	21
2821	31578	21
5369	31579	21
2810	31580	21
5350	31581	21
21159	31582	21
28996	31583	21
23568	31584	21
31215	31585	21
30301	31586	21
32099	31587	21
1914	31588	21
3682	31589	21
22529	31590	21
22531	31591	21
18185	31592	21
18187	31593	21
15646	31594	21
15653	31595	21
26633	31596	21
28454	31597	21
24596	31598	21
26003	31599	21
25011	31600	21
31411	31601	21
29317	31602	21
30061	31603	21
29848	31604	21
29929	31605	21
18334	31606	21
27410	31607	21
16386	31608	21
16388	31609	21
16511	31610	21
25554	31611	21
22257	31612	21
27288	31613	21
26451	31614	21
26463	31615	21
13061	31616	21
13071	31617	21
9554	31618	21
16519	31619	21
23512	31620	21
31189	31621	21
21329	31622	21
27094	31623	21
22933	31624	21
32827	31625	21
30420	31626	21
31278	31627	21
25148	31628	21
31302	31629	21
3551	31630	21
26761	31631	21
12921	31632	21
20817	31633	21
20762	31634	21
26870	31635	21
26854	31636	21
26857	31637	21
25957	31638	21
26088	31639	21
23195	31640	21
30976	31641	21
30624	31642	21
31205	31643	21
31145	31644	21
31170	31645	21
20162	31646	21
20229	31647	21
16932	31648	21
16983	31649	21
16975	31650	21
16972	31651	21
2144	31652	21
18141	31653	21
10545	31654	21
17932	31655	21
9788	31656	21
16888	31657	21
9624	31658	21
16725	31659	21
24293	31660	21
28821	31661	21
4885	31662	21
9004	31663	21
11004	31664	21
18620	31665	21
26363	31666	21
28320	31667	21
17780	31668	21
19652	31669	21
4838	31670	21
8917	31671	21
19859	31672	21
25574	31673	21
24066	31674	21
28112	31675	21
23597	31676	21
23710	31677	21
6876	31678	21
6887	31679	21
3999	31680	21
7400	31681	21
18113	31682	21
27168	31683	21
16557	31684	21
16559	31685	21
8415	31686	21
14754	31687	21
17628	31688	21
26568	31689	21
17036	31690	21
30826	31691	21
19381	31692	21
20108	31693	21
16657	31694	21
17151	31695	21
14081	31696	21
22524	31697	21
29435	31698	21
32710	31699	21
26667	31700	21
26669	31701	21
10389	31702	21
32192	31703	21
14543	31704	21
23207	31705	21
17391	31706	21
19384	31707	21
26655	31708	21
26678	31709	21
10393	31710	21
32252	31711	21
5011	31712	21
9229	31713	21
18650	31714	21
27699	31715	21
25345	31716	21
25503	31717	21
9945	31718	21
17101	31719	21
4198	31720	21
7778	31721	21
28308	31722	21
28349	31723	21
24513	31724	21
28300	31725	21
8461	31726	21
14827	31727	21
15330	31728	21
15332	31729	21
24290	31730	21
25831	31731	21
22702	31732	21
22704	31733	21
7965	31734	21
13988	31735	21
27144	31736	21
27151	31737	21
21730	31738	21
27976	31739	21
26848	31740	21
26891	31741	21
26427	31742	21
26458	31743	21
22293	31744	21
27509	31745	21
24330	31746	21
25856	31747	21
8100	31748	21
14231	31749	21
11900	31750	21
19807	31751	21
21721	31752	21
25525	31753	21
20610	31754	21
20612	31755	21
20604	31756	21
25248	31757	21
24268	31758	21
24271	31759	21
22851	31760	21
27820	31761	21
9820	31762	21
9860	31763	21
2189	31764	21
29897	31765	21
29183	31766	21
30962	31767	21
29402	31768	21
29404	31769	21
14891	31770	21
14894	31771	21
6051	31772	21
10962	31773	21
25555	31774	21
25557	31775	21
15048	31776	21
15088	31777	21
30346	31778	21
32964	31779	21
5121	31780	21
9420	31781	21
30935	31782	21
31015	31783	21
29309	31784	21
30997	31785	21
14016	31786	21
22424	31787	21
25667	31788	21
25661	31789	21
17433	31790	21
25446	31791	21
7245	31792	21
12735	31793	21
124	31794	21
15229	31795	21
15221	31796	21
19961	31797	21
16360	31798	21
16375	31799	21
16073	31800	21
16084	31801	21
16256	31802	21
24537	31803	21
22641	31804	21
22664	31805	21
5957	31806	21
5964	31807	21
1670	31808	21
3244	31809	21
16101	31810	21
25149	31811	21
29124	31812	21
29130	31813	21
9419	31814	21
9421	31815	21
16246	31816	21
25313	31817	21
25133	31818	21
25261	31819	21
18109	31820	21
18196	31821	21
4097	31822	21
7586	31823	21
23450	31824	21
23866	31825	21
4536	31826	21
8391	31827	21
10588	31828	21
18008	31829	21
28957	31830	21
29254	31831	21
28913	31832	21
31079	31833	21
29042	31834	21
29048	31835	21
28964	31836	21
29505	31837	21
22891	31838	21
30757	31839	21
26557	31840	21
28416	31841	21
18019	31842	21
19796	31843	21
19111	31844	21
19115	31845	21
18643	31846	21
18646	31847	21
9644	31848	21
16669	31849	21
30429	31850	21
31283	31851	21
8276	31852	21
14530	31853	21
1606	31854	21
3123	31855	21
15105	31856	21
15164	31857	21
13800	31858	21
22143	31859	21
19041	31860	21
19043	31861	21
31111	31862	21
31390	31863	21
10793	31864	21
10818	31865	21
31066	31866	21
31068	31867	21
31064	31868	21
32645	31869	21
26636	31870	21
26712	31871	21
17729	31872	21
32448	31873	21
8500	31874	21
8502	31875	21
24323	31876	21
24325	31877	21
4016	31878	21
4018	31879	21
29211	31880	21
29280	31881	21
493	31882	21
983	31883	21
28545	31884	21
28703	31885	21
28397	31886	21
28519	31887	21
18313	31888	21
18353	31889	21
9852	31890	21
18477	31891	21
11399	31892	21
11460	31893	21
11339	31894	21
11380	31895	21
19672	31896	21
19676	31897	21
10805	31898	21
18342	31899	21
13320	31900	21
18103	31901	21
18099	31902	21
32753	31903	21
31141	31904	21
32716	31905	21
26766	31906	21
26789	31907	21
19438	31908	21
121	31909	21
18689	31910	21
18728	31911	21
32535	31912	21
32553	31913	21
32516	31914	21
32523	31915	21
6476	31916	21
6839	31917	21
3430	31918	21
6438	31919	21
853	31920	21
1687	31921	21
19596	31922	21
19607	31923	21
24216	31924	21
31441	31925	21
31439	31926	21
31800	31927	21
3140	31928	21
5937	31929	21
990	31930	21
1944	31931	21
5747	31932	21
10446	31933	21
27558	31934	21
27580	31935	21
27578	31936	21
32407	31937	21
17203	31938	21
17279	31939	21
16922	31940	21
16978	31941	21
14568	31942	21
14606	31943	21
9118	31944	21
9125	31945	21
28547	31946	21
28704	31947	21
19034	31948	21
19210	31949	21
18834	31950	21
18871	31951	21
28248	31952	21
28804	31953	21
19559	31954	21
20196	31955	21
20012	31956	21
20023	31957	21
32335	31958	21
32929	31959	21
30324	31960	21
32928	31961	21
31817	31962	21
31825	31963	21
30053	31964	21
30077	31965	21
29921	31966	21
29931	31967	21
6309	31968	21
6319	31969	21
12845	31970	21
20696	31971	21
20644	31972	21
25660	31973	21
24020	31974	21
24023	31975	21
13781	31976	21
13792	31977	21
13398	31978	21
29511	31979	21
29311	31980	21
31325	31981	21
11421	31982	21
11472	31983	21
8671	31984	21
8682	31985	21
27666	31986	21
32799	31987	21
17042	31988	21
17049	31989	21
9659	31990	21
32382	31991	21
27128	31992	21
28358	31993	21
26474	31994	21
28680	31995	21
27244	31996	21
27246	31997	21
9415	31998	21
16338	31999	21
3644	32000	21
6802	32001	21
24210	32002	21
31432	32003	21
31428	32004	21
31556	32005	21
13636	32006	21
13638	32007	21
25147	32008	21
30994	32009	21
30504	32010	21
30597	32011	21
24885	32012	21
25301	32013	21
25088	32014	21
32091	32015	21
24539	32016	21
24563	32017	21
16116	32018	21
16126	32019	21
601	32020	21
1193	32021	21
29184	32022	21
30970	32023	21
26743	32024	21
26861	32025	21
24494	32026	21
25940	32027	21
30144	32028	21
32009	32029	21
26583	32030	21
26605	32031	21
26598	32032	21
31336	32033	21
9680	32034	21
9706	32035	21
5973	32036	21
5999	32037	21
29248	32038	21
32667	32039	21
22729	32040	21
27775	32041	21
15793	32042	21
24766	32043	21
24755	32044	21
30816	32045	21
26977	32046	21
26979	32047	21
3271	32048	21
6174	32049	21
14157	32050	21
22653	32051	21
13048	32052	21
13055	32053	21
12593	32054	21
19698	32055	21
19658	32056	21
19662	32057	21
15796	32058	21
15799	32059	21
12164	32060	21
12358	32061	21
6871	32062	21
6874	32063	21
11725	32064	21
28858	32065	21
27884	32066	21
27926	32067	21
27844	32068	21
27875	32069	21
26947	32070	21
30703	32071	21
16939	32072	21
16986	32073	21
6350	32074	21
11442	32075	21
4692	32076	21
8661	32077	21
20775	32078	21
2154	32079	21
17520	32080	21
17545	32081	21
15335	32082	21
15342	32083	21
13264	32084	21
21351	32085	21
21638	32086	21
29588	32087	21
19286	32088	21
20050	32089	21
16562	32090	21
17092	32091	21
4889	32092	21
24638	32093	21
24440	32094	21
31728	32095	21
25631	32096	21
26200	32097	21
16578	32098	21
16580	32099	21
17581	32100	21
19515	32101	21
6241	32102	21
6338	32103	21
5953	32104	21
5955	32105	21
2402	32106	21
14898	32107	21
26961	32108	21
28571	32109	21
16820	32110	21
28423	32111	21
13064	32112	21
13067	32113	21
12793	32114	21
20609	32115	21
20391	32116	21
21660	32117	21
21620	32118	21
21623	32119	21
12292	32120	21
16240	32121	21
9523	32122	21
16461	32123	21
2889	32124	21
2896	32125	21
25537	32126	21
26149	32127	21
11619	32128	21
12181	32129	21
22914	32130	21
23200	32131	21
31702	32132	21
31721	32133	21
31684	32134	21
33025	32135	21
1448	32136	21
2828	32137	21
30417	32138	21
32825	32139	21
24527	32140	21
32711	32141	21
22822	32142	21
28531	32143	21
28441	32144	21
28482	32145	21
26697	32146	21
26728	32147	21
17523	32148	21
17547	32149	21
19143	32150	21
19156	32151	21
18216	32152	21
18220	32153	21
18212	32154	21
18215	32155	21
7125	32156	21
12512	32157	21
12508	32158	21
17124	32159	21
16082	32160	21
16086	32161	21
16043	32162	21
16046	32163	21
5958	32164	21
10814	32165	21
32800	32166	21
32819	32167	21
27840	32168	21
27966	32169	21
24674	32170	21
31850	32171	21
30135	32172	21
31149	32173	21
14536	32174	21
23199	32175	21
22882	32176	21
28879	32177	21
26131	32178	21
26314	32179	21
25947	32180	21
26084	32181	21
11352	32182	21
11388	32183	21
13821	32184	21
22172	32185	21
12152	32186	21
12352	32187	21
3745	32188	21
20304	32189	21
17138	32190	21
17191	32191	21
6710	32192	21
6747	32193	21
26912	32194	21
28439	32195	21
20953	32196	21
20978	32197	21
20798	32198	21
27332	32199	21
26917	32200	21
26920	32201	21
27366	32202	21
27378	32203	21
27354	32204	21
32756	32205	21
10851	32206	21
18403	32207	21
17055	32208	21
17249	32209	21
15033	32210	21
23829	32211	21
30246	32212	21
30248	32213	21
14028	32214	21
32895	32215	21
13675	32216	21
21979	32217	21
21812	32218	21
32661	32219	21
9827	32220	21
26067	32221	21
24744	32222	21
31891	32223	21
13477	32224	21
21684	32225	21
21808	32226	21
29735	32227	21
29728	32228	21
32599	32229	21
27641	32230	21
28094	32231	21
23564	32232	21
23691	32233	21
31680	32234	21
32420	32235	21
19136	32236	21
19154	32237	21
18726	32238	21
18740	32239	21
17543	32240	21
17553	32241	21
21296	32242	21
21298	32243	21
3563	32244	21
3565	32245	21
19319	32246	21
20071	32247	21
11639	32248	21
19455	32249	21
24839	32250	21
24879	32251	21
24387	32252	21
31607	32253	21
14888	32254	21
23660	32255	21
8323	32256	21
14601	32257	21
22864	32258	21
30662	32259	21
30661	32260	21
32838	32261	21
30471	32262	21
30496	32263	21
26199	32264	21
26332	32265	21
23874	32266	21
23885	32267	21
23861	32268	21
23864	32269	21
15488	32270	21
16742	32271	21
5146	32272	21
9459	32273	21
21637	32274	21
29586	32275	21
29368	32276	21
32319	32277	21
14705	32278	21
23403	32279	21
28235	32280	21
28799	32281	21
27669	32282	21
28110	32283	21
23593	32284	21
23708	32285	21
18662	32286	21
27716	32287	21
27560	32288	21
28068	32289	21
10387	32290	21
17693	32291	21
19834	32292	21
19886	32293	21
16191	32294	21
16227	32295	21
31882	32296	21
31959	32297	21
17454	32298	21
26207	32299	21
25647	32300	21
25657	32301	21
5917	32302	21
10742	32303	21
29551	32304	21
29557	32305	21
13428	32306	21
32388	32307	21
22899	32308	21
30705	32309	21
30147	32310	21
32114	32311	21
1483	32312	21
2892	32313	21
18226	32314	21
18372	32315	21
23019	32316	21
30834	32317	21
21802	32318	21
29725	32319	21
4663	32320	21
8615	32321	21
29238	32322	21
29259	32323	21
29219	32324	21
31127	32325	21
9134	32326	21
15889	32327	21
6537	32328	21
11741	32329	21
28270	32330	21
28275	32331	21
18279	32332	21
18281	32333	21
16259	32334	21
24445	32335	21
25334	32336	21
30862	32337	21
29327	32338	21
32328	32339	21
17978	32340	21
19765	32341	21
13442	32342	21
18197	32343	21
9304	32344	21
9311	32345	21
978	32346	21
1924	32347	21
16118	32348	21
25177	32349	21
30094	32350	21
30887	32351	21
19003	32352	21
19196	32353	21
18803	32354	21
18928	32355	21
24598	32356	21
31781	32357	21
31780	32358	21
33130	32359	21
1954	32360	21
1961	32361	21
17362	32362	21
21038	32363	21
103	32364	21
18440	32365	21
17887	32366	21
17891	32367	21
7868	32368	21
7871	32369	21
7759	32370	21
13656	32371	21
28452	32372	21
28862	32373	21
27895	32374	21
27930	32375	21
23071	32376	21
23080	32377	21
26512	32378	21
28386	32379	21
17972	32380	21
19762	32381	21
23641	32382	21
31284	32383	21
30109	32384	21
31134	32385	21
14202	32386	21
22720	32387	21
6614	32388	21
6711	32389	21
19840	32390	21
19889	32391	21
19780	32392	21
19790	32393	21
27534	32394	21
28055	32395	21
11303	32396	21
32890	32397	21
25758	32398	21
26254	32399	21
23599	32400	21
23711	32401	21
25921	32402	21
28299	32403	21
17726	32404	21
915	32405	21
8748	32406	21
15228	32407	21
15227	32408	21
20293	32409	21
19063	32410	21
19078	32411	21
19011	32412	21
19022	32413	21
19407	32414	21
31896	32415	21
31446	32416	21
32374	32417	21
30427	32418	21
31282	32419	21
32602	32420	21
32934	32421	21
12503	32422	21
16988	32423	21
16946	32424	21
16950	32425	21
16814	32426	21
16817	32427	21
8205	32428	21
14414	32429	21
4660	32430	21
8609	32431	21
26488	32432	21
27309	32433	21
27301	32434	21
29907	32435	21
32336	32436	21
32342	32437	21
27033	32438	21
27040	32439	21
27084	32440	21
27086	32441	21
13133	32442	21
21124	32443	21
15354	32444	21
24120	32445	21
24119	32446	21
28869	32447	21
26053	32448	21
26100	32449	21
23245	32450	21
23283	32451	21
23074	32452	21
23077	32453	21
26489	32454	21
29264	32455	21
17148	32456	21
17195	32457	21
6721	32458	21
6731	32459	21
6825	32460	21
6832	32461	21
3282	32462	21
6193	32463	21
8566	32464	21
23770	32465	21
6191	32466	21
6216	32467	21
8567	32468	21
14990	32469	21
31650	32470	21
31656	32471	21
17629	32472	21
19556	32473	21
30261	32474	21
30286	32475	21
22902	32476	21
30709	32477	21
883	32478	21
1745	32479	21
24355	32480	21
31584	32481	21
12454	32482	21
15103	32483	21
15079	32484	21
15083	32485	21
14765	32486	21
14768	32487	21
2350	32488	21
4500	32489	21
2316	32490	21
4435	32491	21
25643	32492	21
26206	32493	21
23478	32494	21
23481	32495	21
14734	32496	21
15063	32497	21
24308	32498	21
24388	32499	21
8571	32500	21
14997	32501	21
19248	32502	21
19255	32503	21
19253	32504	21
20064	32505	21
6914	32506	21
6977	32507	21
3720	32508	21
3762	32509	21
14151	32510	21
22644	32511	21
13272	32512	21
21364	32513	21
27536	32514	21
30843	32515	21
25060	32516	21
30807	32517	14
33142	32517	7
674	32518	21
18850	32519	21
22922	32520	21
27864	32521	21
19733	32522	21
19758	32523	21
13733	32524	21
13822	32525	21
636	32526	21
1263	32527	21
3415	32528	21
6408	32529	21
22155	32530	21
22197	32531	21
21011	32532	21
21021	32533	21
18970	32534	21
19177	32535	21
6330	32536	21
28152	32537	21
23768	32538	21
23935	32539	21
6827	32540	21
6967	32541	21
30652	32542	21
30673	32543	21
4922	32544	21
24768	32545	21
21696	32546	21
21710	32547	21
21566	32548	21
29510	32549	21
14420	32550	21
32977	32551	21
24968	32552	21
28760	32553	21
25637	32554	21
26203	32555	21
11736	32556	21
12254	32557	21
1556	32558	21
21760	32559	21
30373	32560	21
30394	32561	21
24219	32562	21
31449	32563	21
14886	32564	21
14897	32565	21
30686	32566	21
30754	32567	21
25333	32568	21
30557	32569	21
14155	32570	21
22650	32571	21
26212	32572	21
26225	32573	21
11809	32574	21
11822	32575	21
6000	32576	21
6003	32577	21
29977	32578	21
29979	32579	21
27070	32580	21
27073	32581	21
22696	32582	21
22777	32583	21
14229	32584	21
14254	32585	21
29038	32586	21
29040	32587	21
29036	32588	21
29990	32589	21
6045	32590	21
10950	32591	21
6865	32592	21
6903	32593	21
6892	32594	21
18450	32595	21
18442	32596	21
18902	32597	21
23105	32598	21
27439	32599	21
32855	32600	21
32885	32601	21
25430	32602	21
25469	32603	21
24676	32604	21
24685	32605	21
26968	32606	21
28194	32607	21
17530	32608	21
19483	32609	21
26637	32610	21
26713	32611	21
10409	32612	21
32453	32613	21
5950	32614	21
10801	32615	21
19747	32616	21
28566	32617	21
11958	32618	21
11960	32619	21
30374	32620	21
31257	32621	21
19032	32622	21
19209	32623	21
18832	32624	21
18870	32625	21
20248	32626	21
20326	32627	21
19916	32628	21
19977	32629	21
11426	32630	21
11474	32631	21
11214	32632	21
11217	32633	21
31768	32634	21
31770	32635	21
29315	32636	21
31313	32637	21
11310	32638	21
11447	32639	21
29585	32640	21
31546	32641	21
29330	32642	21
32673	32643	21
15639	32644	21
24551	32645	21
29143	32646	21
29875	32647	21
9976	32648	21
9978	32649	21
27087	32650	21
32654	32651	21
31536	32652	21
32395	32653	21
31098	32654	21
32379	32655	21
4255	32656	21
4262	32657	21
9066	32658	21
15785	32659	21
24425	32660	21
27480	32661	21
22148	32662	21
22195	32663	21
21675	32664	21
21707	32665	21
5727	32666	21
10412	32667	21
20954	32668	21
28541	32669	21
25585	32670	21
25669	32671	21
15499	32672	21
15506	32673	21
26513	32674	21
28387	32675	21
17971	32676	21
19761	32677	21
9014	32678	21
15701	32679	21
11737	32680	21
11744	32681	21
11978	32682	21
12004	32683	21
17766	32684	21
26749	32685	21
26747	32686	21
31947	32687	21
31521	32688	21
31604	32689	21
5019	32690	21
9244	32691	21
9417	32692	21
9442	32693	21
27491	32694	21
28032	32695	21
16603	32696	21
17118	32697	21
15777	32698	21
24741	32699	21
6886	32700	21
6890	32701	21
6882	32702	21
6885	32703	21
25160	32704	21
32129	32705	21
27139	32706	21
28644	32707	21
18574	32708	21
18581	32709	21
9753	32710	21
16835	32711	21
16194	32712	21
25274	32713	21
7631	32714	21
13435	32715	21
634	32716	21
1259	32717	21
6162	32718	21
11154	32719	21
22942	32720	21
22949	32721	21
969	32722	21
1907	32723	21
3460	32724	21
3462	32725	21
9317	32726	21
9343	32727	21
20658	32728	21
26704	32729	21
18322	32730	21
27395	32731	21
22920	32732	21
30733	32733	21
10495	32734	21
31088	32735	21
10444	32736	21
17786	32737	21
7729	32738	21
13602	32739	21
7612	32740	21
13400	32741	21
3029	32742	21
17740	32743	21
24793	32744	21
28277	32745	21
24221	32746	21
25796	32747	21
30347	32748	21
30560	32749	21
12129	32750	21
12340	32751	21
9950	32752	21
9961	32753	21
30167	32754	21
30187	32755	21
30108	32756	21
31265	32757	21
17663	32758	21
26614	32759	21
26612	32760	21
28154	32761	21
12962	32762	21
20885	32763	21
20834	32764	21
2268	32765	21
27656	32766	21
27659	32767	21
21688	32768	21
21691	32769	21
29444	32770	21
29450	32771	21
29426	32772	21
31997	32773	21
20841	32774	21
26815	32775	21
7630	32776	21
13433	32777	21
25605	32778	21
25684	32779	21
24952	32780	21
31968	32781	21
15847	32782	21
15886	32783	21
31966	32784	21
32247	32785	21
29758	32786	21
30030	32787	21
10839	32788	21
10846	32789	21
18131	32790	21
18156	32791	21
21594	32792	21
29533	32793	21
16143	32794	21
25211	32795	21
24703	32796	21
24832	32797	21
32022	32798	21
32028	32799	21
27313	32800	21
27459	32801	21
15023	32802	21
15153	32803	21
25801	32804	21
33085	32805	21
4492	32806	21
23264	32807	21
31784	32808	21
33134	32809	21
20156	32810	21
20226	32811	21
6076	32812	21
11005	32813	21
14122	32814	21
22594	32815	21
31122	32816	21
33101	32817	21
23126	32818	21
30912	32819	21
17715	32820	21
19613	32821	21
12963	32822	21
20887	32823	21
20873	32824	21
28021	32825	21
26964	32826	21
26967	32827	21
18317	32828	21
27389	32829	21
31647	32830	21
32410	32831	21
18272	32832	21
32357	32833	21
6820	32834	21
12165	32835	21
18369	32836	21
18425	32837	21
18176	32838	21
18214	32839	21
14901	32840	21
19998	32841	21
6259	32842	21
6352	32843	21
11876	32844	21
11902	32845	21
23794	32846	21
31350	32847	21
16999	32848	21
17001	32849	21
30445	32850	21
30451	32851	21
6466	32852	21
19429	32853	21
23148	32854	21
30936	32855	21
14345	32856	21
14347	32857	21
7615	32858	21
7617	32859	21
23362	32860	21
31040	32861	21
13655	32862	21
13662	32863	21
18147	32864	21
19871	32865	21
26932	32866	21
27206	32867	21
11643	32868	21
19460	32869	21
15633	32870	21
24541	32871	21
11349	32872	21
11356	32873	21
25553	32874	21
25576	32875	21
18827	32876	21
18866	32877	21
19092	32878	21
19145	32879	21
19039	32880	21
28051	32881	21
18056	32882	21
18063	32883	21
32970	32884	21
33007	32885	21
8230	32886	21
8237	32887	21
10770	32888	21
10772	32889	21
24961	32890	21
24963	32891	21
32608	32892	21
32937	32893	21
22907	32894	21
32923	32895	21
27167	32896	21
27270	32897	21
25686	32898	21
32309	32899	21
12996	32900	21
20935	32901	21
20934	32902	21
28435	32903	21
1575	32904	21
3062	32905	21
11012	32906	21
18634	32907	21
21809	32908	21
29737	32909	21
15625	32910	21
16840	32911	21
22939	32912	21
33077	32913	21
2676	32914	21
5107	32915	21
3583	32916	21
6704	32917	21
28443	32918	21
28483	32919	21
24666	32920	21
24697	32921	21
24980	32922	21
31998	32923	21
18296	32924	21
32989	32925	21
16849	32926	21
25976	32927	21
31049	32928	21
31051	32929	21
31047	32930	21
32284	32931	21
16124	32932	21
33021	32933	21
30833	32934	21
32879	32935	21
24473	32936	21
32876	32937	21
1326	32938	21
2594	32939	21
30627	32940	21
30629	32941	21
12218	32942	21
12275	32943	21
11198	32944	21
11235	32945	21
27634	32946	21
28089	32947	21
17925	32948	21
26909	32949	21
26901	32950	21
27237	32951	21
11014	32952	21
27689	32953	21
213	32954	21
6179	32955	21
7711	32956	21
13569	32957	21
16822	32958	21
16847	32959	21
31969	32960	21
31971	32961	21
16872	32962	21
16879	32963	21
21825	32964	21
32723	32965	21
23027	32966	21
27916	32967	21
11218	32968	21
11222	32969	21
11138	32970	21
11141	32971	21
22989	32972	21
30797	32973	21
15020	32974	21
23811	32975	21
14110	32976	21
22576	32977	21
20966	32978	21
20973	32979	21
20790	32980	21
27260	32981	21
27039	32982	21
27042	32983	21
18693	32984	21
27747	32985	21
16383	32986	21
16440	32987	21
13803	32988	21
13842	32989	21
24228	32990	21
31456	32991	21
25938	32992	21
26079	32993	21
11342	32994	21
11382	32995	21
32032	32996	21
32052	32997	21
23472	32998	21
23479	32999	21
3546	33000	21
6644	33001	21
29014	33002	21
29797	33003	21
23737	33004	21
23918	33005	21
22035	33006	21
22163	33007	21
32034	33008	21
32053	33009	21
22873	33010	21
22875	33011	21
16916	33012	21
16974	33013	21
15843	33014	21
15883	33015	21
4380	33016	21
8110	33017	21
7667	33018	21
7669	33019	21
14823	33020	21
23565	33021	21
3570	33022	21
3572	33023	21
26514	33024	21
28388	33025	21
30861	33026	21
30863	33027	21
1167	33028	21
8096	33029	21
25418	33030	21
25425	33031	21
28767	33032	21
28895	33033	21
20137	33034	21
20153	33035	21
16759	33036	21
16771	33037	21
16616	33038	21
16619	33039	21
8862	33040	21
15437	33041	21
16306	33042	21
25397	33043	21
25327	33044	21
28763	33045	21
27569	33046	21
28072	33047	21
27061	33048	21
27064	33049	21
5049	33050	21
23028	33051	21
10274	33052	21
17503	33053	21
6522	33054	21
11716	33055	21
24234	33056	21
31465	33057	21
32605	33058	21
32666	33059	21
22725	33060	21
27773	33061	21
10271	33062	21
11645	33063	21
12246	33064	21
12261	33065	21
9799	33066	21
9809	33067	21
22971	33068	21
23057	33069	21
22284	33070	21
28635	33071	21
14228	33072	21
27123	33073	21
26992	33074	21
27001	33075	21
827	33076	21
1636	33077	21
29458	33078	21
29478	33079	21
13378	33080	21
32213	33081	21
28399	33082	21
28401	33083	21
27010	33084	21
28591	33085	21
25013	33086	21
25421	33087	21
3637	33088	21
6789	33089	21
24475	33090	21
25930	33091	21
31214	33092	21
31216	33093	21
31212	33094	21
31681	33095	21
25054	33096	21
25077	33097	21
18049	33098	21
27091	33099	21
26156	33100	21
26321	33101	21
25972	33102	21
25983	33103	21
2307	33104	21
22961	33105	21
14698	33106	21
23393	33107	21
29957	33108	21
30062	33109	21
29854	33110	21
29863	33111	21
15422	33112	21
24238	33113	21
24188	33114	21
24190	33115	21
24134	33116	21
29636	33117	21
29559	33118	21
29568	33119	21
5346	33120	21
9798	33121	21
5951	33122	21
10803	33123	21
30651	33124	21
30672	33125	21
27239	33126	21
27282	33127	21
26428	33128	21
26459	33129	21
3687	33130	21
6872	33131	21
3510	33132	21
3517	33133	21
17404	33134	21
23882	33135	21
23775	33136	21
23785	33137	21
28982	33138	21
28988	33139	21
28940	33140	21
29289	33141	21
13452	33142	21
21649	33143	21
8202	33144	21
14408	33145	21
16594	33146	21
16618	33147	21
3289	33148	21
6205	33149	21
342	33150	21
20858	33151	21
20857	33152	21
27928	33153	21
16197	33154	21
16200	33155	21
22259	33156	21
27432	33157	21
21998	33158	21
22011	33159	21
3390	33160	21
3400	33161	21
32509	33162	21
32931	33163	21
27345	33164	21
27471	33165	21
15062	33166	21
15097	33167	21
16274	33168	21
16276	33169	21
27213	33170	21
32520	33171	21
21827	33172	21
27359	33173	21
21372	33174	21
29283	33175	21
11870	33176	21
11873	33177	21
2213	33178	21
4236	33179	21
26230	33180	21
26280	33181	21
26181	33182	21
26220	33183	21
14687	33184	21
14689	33185	21
7993	33186	21
14040	33187	21
26016	33188	21
26027	33189	21
25653	33190	21
25656	33191	21
29544	33192	21
29564	33193	21
29333	33194	21
31571	33195	21
28639	33196	21
28641	33197	21
20044	33198	21
20287	33199	21
19787	33200	21
19955	33201	21
19947	33202	21
19950	33203	21
9086	33204	21
15819	33205	21
11106	33206	21
18771	33207	21
22253	33208	21
26898	33209	21
26872	33210	21
26884	33211	21
20979	33212	21
20988	33213	21
9058	33214	21
15771	33215	21
26578	33216	21
31052	33217	21
29208	33218	21
32408	33219	21
26658	33220	21
26680	33221	21
17705	33222	21
32265	33223	21
23192	33224	21
28246	33225	21
24172	33226	21
25763	33227	21
19791	33228	21
19956	33229	21
19910	33230	21
19921	33231	21
4371	33232	21
8093	33233	21
25384	33234	21
25519	33235	21
25479	33236	21
25489	33237	21
26753	33238	21
26760	33239	21
12037	33240	21
12057	33241	21
9493	33242	21
9508	33243	21
2928	33244	21
2938	33245	21
23172	33246	21
26133	33247	21
23345	33248	21
23804	33249	21
4473	33250	21
8283	33251	21
19568	33252	21
19572	33253	21
19564	33254	21
19567	33255	21
22416	33256	21
30210	33257	21
2459	33258	21
4701	33259	21
21302	33260	21
21304	33261	21
11360	33262	21
19117	33263	21
32959	33264	21
32994	33265	21
24721	33266	21
31865	33267	21
24728	33268	21
24735	33269	21
31841	33270	21
31843	33271	21
18538	33272	21
19052	33273	21
20245	33274	21
20325	33275	21
12312	33276	21
12386	33277	21
10054	33278	21
10105	33279	21
9840	33280	21
9850	33281	21
29324	33282	21
29326	33283	21
29319	33284	21
31478	33285	21
18182	33286	21
27249	33287	21
17943	33288	21
26937	33289	21
27343	33290	21
27470	33291	21
27199	33292	21
27230	33293	21
23232	33294	21
23278	33295	21
23185	33296	21
30968	33297	21
26567	33298	21
26574	33299	21
26548	33300	21
30570	33301	21
27339	33302	21
27341	33303	21
21367	33304	21
21390	33305	21
29951	33306	21
29953	33307	21
29949	33308	21
31840	33309	21
28284	33310	21
28287	33311	21
17698	33312	21
19604	33313	21
30831	33314	21
30837	33315	21
13516	33316	21
21725	33317	21
20660	33318	21
20662	33319	21
10875	33320	21
10879	33321	21
10845	33322	21
10848	33323	21
18545	33324	21
32235	33325	21
24933	33326	21
33114	33327	21
16659	33328	21
17153	33329	21
16122	33330	21
32153	33331	21
27837	33332	21
31346	33333	21
11646	33334	21
12197	33335	21
14106	33336	21
22570	33337	21
1328	33338	21
2598	33339	21
27597	33340	21
27599	33341	21
27595	33342	21
32644	33343	21
25905	33344	21
25928	33345	21
25182	33346	21
32152	33347	21
19797	33348	21
19959	33349	21
11366	33350	21
11369	33351	21
13714	33352	21
13808	33353	21
19861	33354	21
19875	33355	21
19757	33356	21
19767	33357	21
8594	33358	21
30600	33359	21
13420	33360	21
21598	33361	21
3059	33362	21
5787	33363	21
10682	33364	21
10684	33365	21
11278	33366	21
19004	33367	21
6049	33368	21
10958	33369	21
24489	33370	21
31729	33371	21
4356	33372	21
8065	33373	21
9696	33374	21
9699	33375	21
8094	33376	21
22749	33377	21
26129	33378	21
26136	33379	21
18145	33380	21
19870	33381	21
11158	33382	21
27912	33383	21
12742	33384	21
20521	33385	21
20517	33386	21
23868	33387	21
23007	33388	21
23010	33389	21
26579	33390	21
28427	33391	21
24540	33392	21
25971	33393	21
25216	33394	21
32066	33395	21
13971	33396	21
22347	33397	21
18602	33398	21
26289	33399	21
25320	33400	21
25490	33401	21
22043	33402	21
22167	33403	21
18977	33404	21
19181	33405	21
19179	33406	21
19238	33407	21
18911	33408	21
18915	33409	21
18782	33410	21
18785	33411	21
10613	33412	21
18050	33413	21
28229	33414	21
30245	33415	21
25695	33416	21
25708	33417	21
22478	33418	21
22487	33419	21
13207	33420	21
21253	33421	21
2467	33422	21
4714	33423	21
18982	33424	21
27987	33425	21
10496	33426	21
10503	33427	21
11016	33428	21
11357	33429	21
26754	33430	21
32519	33431	21
6243	33432	21
11279	33433	21
27082	33434	21
28626	33435	21
24912	33436	21
28615	33437	21
27307	33438	21
31178	33439	21
13575	33440	21
21828	33441	21
29784	33442	21
29790	33443	21
29721	33444	21
32575	33445	21
28281	33446	21
28290	33447	21
24243	33448	21
25810	33449	21
26819	33450	21
26821	33451	21
28207	33452	21
29193	33453	21
11918	33454	21
11959	33455	21
15001	33456	21
15004	33457	21
1891	33458	21
3641	33459	21
14183	33460	21
22689	33461	21
25618	33462	21
26193	33463	21
26184	33464	21
26329	33465	21
23858	33466	21
23860	33467	21
24587	33468	21
24670	33469	21
4321	33470	21
7997	33471	21
25340	33472	21
25347	33473	21
17602	33474	21
26526	33475	21
12776	33476	21
20577	33477	21
20573	33478	21
24772	33479	21
24733	33480	21
24736	33481	21
2432	33482	21
4653	33483	21
31482	33484	21
31509	33485	21
11989	33486	21
19914	33487	21
16260	33488	21
25335	33489	21
21931	33490	21
29873	33491	21
29871	33492	21
32853	33493	21
27684	33494	21
27686	33495	21
18315	33496	21
27386	33497	21
15479	33498	21
24324	33499	21
7538	33500	21
13266	33501	21
13258	33502	21
21341	33503	21
13765	33504	21
22102	33505	21
20913	33506	21
28197	33507	21
17802	33508	21
26799	33509	21
25549	33510	21
26155	33511	21
24971	33512	21
25400	33513	21
24082	33514	21
24084	33515	21
24080	33516	21
28474	33517	21
26674	33518	21
26684	33519	21
2447	33520	21
2449	33521	21
3122	33522	21
5905	33523	21
28745	33524	21
28892	33525	21
3474	33526	21
6519	33527	21
12988	33528	21
20921	33529	21
17349	33530	21
17352	33531	21
15713	33532	21
15738	33533	21
17573	33534	21
26477	33535	21
21799	33536	21
29720	33537	21
22342	33538	21
30112	33539	21
13434	33540	21
21621	33541	21
18110	33542	21
19849	33543	21
23176	33544	21
23212	33545	21
22640	33546	21
33030	33547	21
5440	33548	21
5442	33549	21
22788	33550	21
22790	33551	21
27715	33552	21
28127	33553	21
27210	33554	21
32719	33555	21
13466	33556	21
21668	33557	21
14774	33558	21
14799	33559	21
18972	33560	21
19178	33561	21
18255	33562	21
18394	33563	21
22657	33564	21
30490	33565	21
25988	33566	21
25995	33567	21
15977	33568	21
24982	33569	21
18021	33570	21
33092	33571	21
30758	33572	21
33100	33573	21
11830	33574	21
19157	33575	21
29489	33576	21
29515	33577	21
29781	33578	21
29783	33579	21
29779	33580	21
32229	33581	21
29041	33582	21
29047	33583	21
28916	33584	21
30037	33585	21
25180	33586	21
33137	33587	21
24630	33588	21
33140	33589	21
24602	33590	21
33141	33591	21
