0	1	21	1
1	3	21	2
2	5	21	2
3	7	21	3
4	9	21	2
5	11	21	3
6	13	21	3
7	15	21	4
8	17	21	2
9	19	21	3
10	21	21	3
11	23	21	4
12	25	21	3
13	27	21	4
14	29	21	4
15	31	21	5
16	33	21	2
17	35	21	3
18	37	21	3
19	39	21	4
20	41	21	3
21	43	21	4
22	45	21	4
23	47	21	5
24	49	21	3
25	51	21	4
26	53	21	4
27	55	21	5
28	57	21	4
29	59	21	5
30	61	21	5
31	63	21	6
32	65	21	2
33	67	21	3
34	69	21	3
35	71	21	4
36	73	21	3
37	75	21	4
38	77	21	4
39	79	21	5
40	81	21	3
41	83	21	4
42	85	21	4
43	87	21	5
44	89	21	4
45	91	21	5
46	93	21	5
47	95	21	6
48	97	21	3
49	99	21	4
50	101	21	4
51	103	21	5
52	105	21	4
53	107	21	5
54	109	21	5
55	111	21	6
56	113	21	4
57	115	21	5
58	117	21	5
59	119	21	6
60	121	21	5
61	123	21	6
62	125	21	6
63	127	21	7
64	129	21	2
65	131	21	3
66	133	21	3
67	135	21	4
68	137	21	3
69	139	21	4
70	141	21	4
71	143	21	5
72	145	21	3
73	147	21	4
74	149	21	4
75	151	21	5
76	153	21	4
77	155	21	5
78	157	21	5
79	159	21	6
80	161	21	3
81	163	21	4
82	165	21	4
83	167	21	5
84	169	21	4
85	171	21	5
86	173	21	5
87	175	21	6
88	177	21	4
89	179	21	5
90	181	21	5
91	183	21	6
92	185	21	5
93	187	21	6
94	189	21	6
95	191	21	7
96	193	21	3
97	195	21	4
98	197	21	4
99	199	21	5
100	201	21	4
101	203	21	5
102	205	21	5
103	207	21	6
104	209	21	4
105	211	21	5
106	213	21	5
107	215	21	6
108	217	21	5
109	219	21	6
110	221	21	6
111	223	21	7
112	225	21	4
113	227	21	5
114	229	21	5
115	231	21	6
116	233	21	5
117	235	21	6
118	237	21	6
119	239	21	7
120	241	21	5
121	243	21	6
122	245	21	6
123	247	21	7
124	249	21	6
125	251	21	7
126	253	21	7
127	255	21	8
128	257	21	2
129	259	21	3
130	261	21	3
131	263	21	4
132	265	21	3
133	267	21	4
134	269	21	4
135	271	21	5
136	273	21	3
137	275	21	4
138	277	21	4
139	279	21	5
140	281	21	4
141	283	21	5
142	285	21	5
143	287	21	6
144	289	21	3
145	291	21	4
146	293	21	4
147	295	21	5
148	297	21	4
149	299	21	5
150	301	21	5
151	303	21	6
152	305	21	4
153	307	21	5
154	309	21	5
155	311	21	6
156	313	21	5
157	315	21	6
158	317	21	6
159	319	21	7
160	321	21	3
161	323	21	4
162	325	21	4
163	327	21	5
164	329	21	4
165	331	21	5
166	333	21	5
167	335	21	6
168	337	21	4
169	339	21	5
170	341	21	5
171	343	21	6
172	345	21	5
173	347	21	6
174	349	21	6
175	351	21	7
176	353	21	4
177	355	21	5
178	357	21	5
179	359	21	6
180	361	21	5
181	363	21	6
182	365	21	6
183	367	21	7
184	369	21	5
185	371	21	6
186	373	21	6
187	375	21	7
188	377	21	6
189	379	21	7
190	381	21	7
191	383	21	8
192	385	21	3
193	387	21	4
194	389	21	4
195	391	21	5
196	393	21	4
197	395	21	5
198	397	21	5
199	399	21	6
200	401	21	4
201	403	21	5
202	405	21	5
203	407	21	6
204	409	21	5
205	411	21	6
206	413	21	6
207	415	21	7
208	417	21	4
209	419	21	5
210	421	21	5
211	423	21	6
212	425	21	5
213	427	21	6
214	429	21	6
215	431	21	7
216	433	21	5
217	435	21	6
218	437	21	6
219	439	21	7
220	441	21	6
221	443	21	7
222	445	21	7
223	447	21	8
224	449	21	4
225	451	21	5
226	453	21	5
227	455	21	6
228	457	21	5
229	459	21	6
230	461	21	6
231	463	21	7
232	465	21	5
233	467	21	6
234	469	21	6
235	471	21	7
236	473	21	6
237	475	21	7
238	477	21	7
239	479	21	8
240	481	21	5
241	483	21	6
242	485	21	6
243	487	21	7
244	489	21	6
245	491	21	7
246	493	21	7
247	495	21	8
248	497	21	6
249	499	21	7
250	501	21	7
251	503	21	8
252	505	21	7
253	507	21	8
254	509	21	8
255	511	21	9
256	513	21	2
257	515	21	3
258	517	21	3
259	519	21	4
260	521	21	3
261	523	21	4
262	525	21	4
263	527	21	5
264	529	21	3
265	531	21	4
266	533	21	4
267	535	21	5
268	537	21	4
269	539	21	5
270	541	21	5
271	543	21	6
272	545	21	3
273	547	21	4
274	549	21	4
275	551	21	5
276	553	21	4
277	555	21	5
278	557	21	5
279	559	21	6
280	561	21	4
281	563	21	5
282	565	21	5
283	567	21	6
284	569	21	5
285	571	21	6
286	573	21	6
287	575	21	7
288	577	21	3
289	579	21	4
290	581	21	4
291	583	21	5
292	585	21	4
293	587	21	5
294	589	21	5
295	591	21	6
296	593	21	4
297	595	21	5
298	597	21	5
299	599	21	6
300	601	21	5
301	603	21	6
302	605	21	6
303	607	21	7
304	609	21	4
305	611	21	5
306	613	21	5
307	615	21	6
308	617	21	5
309	619	21	6
310	621	21	6
311	623	21	7
312	625	21	5
313	627	21	6
314	629	21	6
315	631	21	7
316	633	21	6
317	635	21	7
318	637	21	7
319	639	21	8
320	641	21	3
321	643	21	4
322	645	21	4
323	647	21	5
324	649	21	4
325	651	21	5
326	653	21	5
327	655	21	6
328	657	21	4
329	659	21	5
330	661	21	5
331	663	21	6
332	665	21	5
333	667	21	6
334	669	21	6
335	671	21	7
336	673	21	4
337	675	21	5
338	677	21	5
339	679	21	6
340	681	21	5
341	683	21	6
342	685	21	6
343	687	21	7
344	689	21	5
345	691	21	6
346	693	21	6
347	695	21	7
348	697	21	6
349	699	21	7
350	701	21	7
351	703	21	8
352	705	21	4
353	707	21	5
354	709	21	5
355	711	21	6
356	713	21	5
357	715	21	6
358	717	21	6
359	719	21	7
360	721	21	5
361	723	21	6
362	725	21	6
363	727	21	7
364	729	21	6
365	731	21	7
366	733	21	7
367	735	21	8
368	737	21	5
369	739	21	6
370	741	21	6
371	743	21	7
372	745	21	6
373	747	21	7
374	749	21	7
375	751	21	8
376	753	21	6
377	755	21	7
378	757	21	7
379	759	21	8
380	761	21	7
381	763	21	8
382	765	21	8
383	767	21	9
384	769	21	3
385	771	21	4
386	773	21	4
387	775	21	5
388	777	21	4
389	779	21	5
390	781	21	5
391	783	21	6
392	785	21	4
393	787	21	5
394	789	21	5
395	791	21	6
396	793	21	5
397	795	21	6
398	797	21	6
399	799	21	7
400	801	21	4
401	803	21	5
402	805	21	5
403	807	21	6
404	809	21	5
405	811	21	6
406	813	21	6
407	815	21	7
408	817	21	5
409	819	21	6
410	821	21	6
411	823	21	7
412	825	21	6
413	827	21	7
414	829	21	7
415	831	21	8
416	833	21	4
417	835	21	5
418	837	21	5
419	839	21	6
420	841	21	5
421	843	21	6
422	845	21	6
423	847	21	7
424	849	21	5
425	851	21	6
426	853	21	6
427	855	21	7
428	857	21	6
429	859	21	7
430	861	21	7
431	863	21	8
432	865	21	5
433	867	21	6
434	869	21	6
435	871	21	7
436	873	21	6
437	875	21	7
438	877	21	7
439	879	21	8
440	881	21	6
441	883	21	7
442	885	21	7
443	887	21	8
444	889	21	7
445	891	21	8
446	893	21	8
447	895	21	9
448	897	21	4
449	899	21	5
450	901	21	5
451	903	21	6
452	905	21	5
453	907	21	6
454	909	21	6
455	911	21	7
456	913	21	5
457	915	21	6
458	917	21	6
459	919	21	7
460	921	21	6
461	923	21	7
462	925	21	7
463	927	21	8
464	929	21	5
465	931	21	6
466	933	21	6
467	935	21	7
468	937	21	6
469	939	21	7
470	941	21	7
471	943	21	8
472	945	21	6
473	947	21	7
474	949	21	7
475	951	21	8
476	953	21	7
477	955	21	8
478	957	21	8
479	959	21	9
480	961	21	5
481	963	21	6
482	965	21	6
483	967	21	7
484	969	21	6
485	971	21	7
486	973	21	7
487	975	21	8
488	977	21	6
489	979	21	7
490	981	21	7
491	983	21	8
492	985	21	7
493	987	21	8
494	989	21	8
495	991	21	9
496	993	21	6
497	995	21	7
498	997	21	7
499	999	21	8
500	1001	21	7
501	1003	21	8
502	1005	21	8
503	1007	21	9
504	1009	21	7
505	1011	21	8
506	1013	21	8
507	1015	21	9
508	1017	21	8
509	1019	21	9
510	1021	21	9
511	1025	21	2
512	1027	21	3
513	1029	21	3
514	1031	21	4
515	1033	21	3
516	1035	21	4
517	1037	21	4
518	1039	21	5
519	1041	21	3
520	1043	21	4
521	1045	21	4
522	1047	21	5
523	1049	21	4
524	1051	21	5
525	1053	21	5
526	1055	21	6
527	1057	21	3
528	1059	21	4
529	1061	21	4
530	1063	21	5
531	1065	21	4
532	1067	21	5
533	1069	21	5
534	1071	21	6
535	1073	21	4
536	1075	21	5
537	1077	21	5
538	1079	21	6
539	1081	21	5
540	1083	21	6
541	1085	21	6
542	1087	21	7
543	1089	21	3
544	1091	21	4
545	1093	21	4
546	1095	21	5
547	1097	21	4
548	1099	21	5
549	1101	21	5
550	1103	21	6
551	1105	21	4
552	1107	21	5
553	1109	21	5
554	1111	21	6
555	1113	21	5
556	1115	21	6
557	1117	21	6
558	1119	21	7
559	1121	21	4
560	1123	21	5
561	1125	21	5
562	1127	21	6
563	1129	21	5
564	1131	21	6
565	1133	21	6
566	1135	21	7
567	1137	21	5
568	1139	21	6
569	1141	21	6
570	1143	21	7
571	1145	21	6
572	1147	21	7
573	1149	21	7
574	1151	21	8
575	1153	21	3
576	1155	21	4
577	1157	21	4
578	1159	21	5
579	1161	21	4
580	1163	21	5
581	1165	21	5
582	1167	21	6
583	1169	21	4
584	1171	21	5
585	1173	21	5
586	1175	21	6
587	1177	21	5
588	1179	21	6
589	1181	21	6
590	1183	21	7
591	1185	21	4
592	1187	21	5
593	1189	21	5
594	1191	21	6
595	1193	21	5
596	1195	21	6
597	1197	21	6
598	1199	21	7
599	1201	21	5
600	1203	21	6
601	1205	21	6
602	1207	21	7
603	1209	21	6
604	1211	21	7
605	1213	21	7
606	1215	21	8
607	1217	21	4
608	1219	21	5
609	1221	21	5
610	1223	21	6
611	1225	21	5
612	1227	21	6
613	1229	21	6
614	1231	21	7
615	1233	21	5
616	1235	21	6
617	1237	21	6
618	1239	21	7
619	1241	21	6
620	1243	21	7
621	1245	21	7
622	1247	21	8
623	1249	21	5
624	1251	21	6
625	1253	21	6
626	1255	21	7
627	1257	21	6
628	1259	21	7
629	1261	21	7
630	1263	21	8
631	1265	21	6
632	1267	21	7
633	1269	21	7
634	1271	21	8
635	1273	21	7
636	1275	21	8
637	1277	21	8
638	1279	21	9
639	1281	21	3
640	1283	21	4
641	1285	21	4
642	1287	21	5
643	1289	21	4
644	1291	21	5
645	1293	21	5
646	1295	21	6
647	1297	21	4
648	1299	21	5
649	1301	21	5
650	1303	21	6
651	1305	21	5
652	1307	21	6
653	1309	21	6
654	1311	21	7
655	1313	21	4
656	1315	21	5
657	1317	21	5
658	1319	21	6
659	1321	21	5
660	1323	21	6
661	1325	21	6
662	1327	21	7
663	1329	21	5
664	1331	21	6
665	1333	21	6
666	1335	21	7
667	1337	21	6
668	1339	21	7
669	1341	21	7
670	1343	21	8
671	1345	21	4
672	1347	21	5
673	1349	21	5
674	1351	21	6
675	1353	21	5
676	1355	21	6
677	1357	21	6
678	1359	21	7
679	1361	21	5
680	1363	21	6
681	1365	21	6
682	1367	21	7
683	1369	21	6
684	1371	21	7
685	1373	21	7
686	1375	21	8
687	1377	21	5
688	1379	21	6
689	1381	21	6
690	1383	21	7
691	1385	21	6
692	1387	21	7
693	1389	21	7
694	1391	21	8
695	1393	21	6
696	1395	21	7
697	1397	21	7
698	1399	21	8
699	1401	21	7
700	1403	21	8
701	1405	21	8
702	1407	21	9
703	1409	21	4
704	1411	21	5
705	1413	21	5
706	1415	21	6
707	1417	21	5
708	1419	21	6
709	1421	21	6
710	1423	21	7
711	1425	21	5
712	1427	21	6
713	1429	21	6
714	1431	21	7
715	1433	21	6
716	1435	21	7
717	1437	21	7
718	1439	21	8
719	1441	21	5
720	1443	21	6
721	1445	21	6
722	1447	21	7
723	1449	21	6
724	1451	21	7
725	1453	21	7
726	1455	21	8
727	1457	21	6
728	1459	21	7
729	1461	21	7
730	1463	21	8
731	1465	21	7
732	1467	21	8
733	1469	21	8
734	1471	21	9
735	1473	21	5
736	1475	21	6
737	1477	21	6
738	1479	21	7
739	1481	21	6
740	1483	21	7
741	1485	21	7
742	1487	21	8
743	1489	21	6
744	1491	21	7
745	1493	21	7
746	1495	21	8
747	1497	21	7
748	1499	21	8
749	1501	21	8
750	1503	21	9
751	1505	21	6
752	1507	21	7
753	1509	21	7
754	1511	21	8
755	1513	21	7
756	1515	21	8
757	1517	21	8
758	1519	21	9
759	1521	21	7
760	1523	21	8
761	1525	21	8
762	1527	21	9
763	1529	21	8
764	1531	21	9
765	1533	21	9
766	1537	21	3
767	1539	21	4
768	1541	21	4
769	1543	21	5
770	1545	21	4
771	1547	21	5
772	1549	21	5
773	1551	21	6
774	1553	21	4
775	1555	21	5
776	1557	21	5
777	1559	21	6
778	1561	21	5
779	1563	21	6
780	1565	21	6
781	1567	21	7
782	1569	21	4
783	1571	21	5
784	1573	21	5
785	1575	21	6
786	1577	21	5
787	1579	21	6
788	1581	21	6
789	1583	21	7
790	1585	21	5
791	1587	21	6
792	1589	21	6
793	1591	21	7
794	1593	21	6
795	1595	21	7
796	1597	21	7
797	1599	21	8
798	1601	21	4
799	1603	21	5
800	1605	21	5
801	1607	21	6
802	1609	21	5
803	1611	21	6
804	1613	21	6
805	1615	21	7
806	1617	21	5
807	1619	21	6
808	1621	21	6
809	1623	21	7
810	1625	21	6
811	1627	21	7
812	1629	21	7
813	1631	21	8
814	1633	21	5
815	1635	21	6
816	1637	21	6
817	1639	21	7
818	1641	21	6
819	1643	21	7
820	1645	21	7
821	1647	21	8
822	1649	21	6
823	1651	21	7
824	1653	21	7
825	1655	21	8
826	1657	21	7
827	1659	21	8
828	1661	21	8
829	1663	21	9
830	1665	21	4
831	1667	21	5
832	1669	21	5
833	1671	21	6
834	1673	21	5
835	1675	21	6
836	1677	21	6
837	1679	21	7
838	1681	21	5
839	1683	21	6
840	1685	21	6
841	1687	21	7
842	1689	21	6
843	1691	21	7
844	1693	21	7
845	1695	21	8
846	1697	21	5
847	1699	21	6
848	1701	21	6
849	1703	21	7
850	1705	21	6
851	1707	21	7
852	1709	21	7
853	1711	21	8
854	1713	21	6
855	1715	21	7
856	1717	21	7
857	1719	21	8
858	1721	21	7
859	1723	21	8
860	1725	21	8
861	1727	21	9
862	1729	21	5
863	1731	21	6
864	1733	21	6
865	1735	21	7
866	1737	21	6
867	1739	21	7
868	1741	21	7
869	1743	21	8
870	1745	21	6
871	1747	21	7
872	1749	21	7
873	1751	21	8
874	1753	21	7
875	1755	21	8
876	1757	21	8
877	1759	21	9
878	1761	21	6
879	1763	21	7
880	1765	21	7
881	1767	21	8
882	1769	21	7
883	1771	21	8
884	1773	21	8
885	1775	21	9
886	1777	21	7
887	1779	21	8
888	1781	21	8
889	1783	21	9
890	1785	21	8
891	1787	21	9
892	1789	21	9
893	1793	21	4
894	1795	21	5
895	1797	21	5
896	1799	21	6
897	1801	21	5
898	1803	21	6
899	1805	21	6
900	1807	21	7
901	1809	21	5
902	1811	21	6
903	1813	21	6
904	1815	21	7
905	1817	21	6
906	1819	21	7
907	1821	21	7
908	1823	21	8
909	1825	21	5
910	1827	21	6
911	1829	21	6
912	1831	21	7
913	1833	21	6
914	1835	21	7
915	1837	21	7
916	1839	21	8
917	1841	21	6
918	1843	21	7
919	1845	21	7
920	1847	21	8
921	1849	21	7
922	1851	21	8
923	1853	21	8
924	1855	21	9
925	1857	21	5
926	1859	21	6
927	1861	21	6
928	1863	21	7
929	1865	21	6
930	1867	21	7
931	1869	21	7
932	1871	21	8
933	1873	21	6
934	1875	21	7
935	1877	21	7
936	1879	21	8
937	1881	21	7
938	1883	21	8
939	1885	21	8
940	1887	21	9
941	1889	21	6
942	1891	21	7
943	1893	21	7
944	1895	21	8
945	1897	21	7
946	1899	21	8
947	1901	21	8
948	1903	21	9
949	1905	21	7
950	1907	21	8
951	1909	21	8
952	1911	21	9
953	1913	21	8
954	1915	21	9
955	1917	21	9
956	1921	21	5
957	1923	21	6
958	1925	21	6
959	1927	21	7
960	1929	21	6
961	1931	21	7
962	1933	21	7
963	1935	21	8
964	1937	21	6
965	1939	21	7
966	1941	21	7
967	1943	21	8
968	1945	21	7
969	1947	21	8
970	1949	21	8
971	1951	21	9
972	1953	21	6
973	1955	21	7
974	1957	21	7
975	1959	21	8
976	1961	21	7
977	1963	21	8
978	1965	21	8
979	1967	21	9
980	1969	21	7
981	1971	21	8
982	1973	21	8
983	1975	21	9
984	1977	21	8
985	1979	21	9
986	1981	21	9
987	1985	21	6
988	1987	21	7
989	1989	21	7
990	1991	21	8
991	1993	21	7
992	1995	21	8
993	1997	21	8
994	1999	21	9
995	2001	21	7
996	2003	21	8
997	2005	21	8
998	2007	21	9
999	2009	21	8
1000	2011	21	9
1001	2013	21	9
1002	2017	21	7
1003	2019	21	8
1004	2021	21	8
1005	2023	21	9
1006	2025	21	8
1007	2027	21	9
1008	2029	21	9
1009	2033	21	8
1010	2035	21	9
1011	2037	21	9
1012	2041	21	9
1013	2051	21	3
1014	2053	21	3
1015	2055	21	4
1016	2057	21	3
1017	2059	21	4
1018	2061	21	4
1019	2063	21	5
1020	2065	21	3
1021	2067	21	4
1022	2069	21	4
1023	2071	21	5
1024	2073	21	4
1025	2075	21	5
1026	2077	21	5
1027	2079	21	6
1028	2081	21	3
1029	2083	21	4
1030	2085	21	4
1031	2087	21	5
1032	2089	21	4
1033	2091	21	5
1034	2093	21	5
1035	2095	21	6
1036	2097	21	4
1037	2099	21	5
1038	2101	21	5
1039	2103	21	6
1040	2105	21	5
1041	2107	21	6
1042	2109	21	6
1043	2111	21	7
1044	2113	21	3
1045	2115	21	4
1046	2117	21	4
1047	2119	21	5
1048	2121	21	4
1049	2123	21	5
1050	2125	21	5
1051	2127	21	6
1052	2129	21	4
1053	2131	21	5
1054	2133	21	5
1055	2135	21	6
1056	2137	21	5
1057	2139	21	6
1058	2141	21	6
1059	2143	21	7
1060	2145	21	4
1061	2147	21	5
1062	2149	21	5
1063	2151	21	6
1064	2153	21	5
1065	2155	21	6
1066	2157	21	6
1067	2159	21	7
1068	2161	21	5
1069	2163	21	6
1070	2165	21	6
1071	2167	21	7
1072	2169	21	6
1073	2171	21	7
1074	2173	21	7
1075	2175	21	8
1076	2177	21	3
1077	2179	21	4
1078	2181	21	4
1079	2183	21	5
1080	2185	21	4
1081	2187	21	5
1082	2189	21	5
1083	2191	21	6
1084	2193	21	4
1085	2195	21	5
1086	2197	21	5
1087	2199	21	6
1088	2201	21	5
1089	2203	21	6
1090	2205	21	6
1091	2207	21	7
1092	2209	21	4
1093	2211	21	5
1094	2213	21	5
1095	2215	21	6
1096	2217	21	5
1097	2219	21	6
1098	2221	21	6
1099	2223	21	7
1100	2225	21	5
1101	2227	21	6
1102	2229	21	6
1103	2231	21	7
1104	2233	21	6
1105	2235	21	7
1106	2237	21	7
1107	2239	21	8
1108	2241	21	4
1109	2243	21	5
1110	2245	21	5
1111	2247	21	6
1112	2249	21	5
1113	2251	21	6
1114	2253	21	6
1115	2255	21	7
1116	2257	21	5
1117	2259	21	6
1118	2261	21	6
1119	2263	21	7
1120	2265	21	6
1121	2267	21	7
1122	2269	21	7
1123	2271	21	8
1124	2273	21	5
1125	2275	21	6
1126	2277	21	6
1127	2279	21	7
1128	2281	21	6
1129	2283	21	7
1130	2285	21	7
1131	2287	21	8
1132	2289	21	6
1133	2291	21	7
1134	2293	21	7
1135	2295	21	8
1136	2297	21	7
1137	2299	21	8
1138	2301	21	8
1139	2303	21	9
1140	2305	21	3
1141	2307	21	4
1142	2309	21	4
1143	2311	21	5
1144	2313	21	4
1145	2315	21	5
1146	2317	21	5
1147	2319	21	6
1148	2321	21	4
1149	2323	21	5
1150	2325	21	5
1151	2327	21	6
1152	2329	21	5
1153	2331	21	6
1154	2333	21	6
1155	2335	21	7
1156	2337	21	4
1157	2339	21	5
1158	2341	21	5
1159	2343	21	6
1160	2345	21	5
1161	2347	21	6
1162	2349	21	6
1163	2351	21	7
1164	2353	21	5
1165	2355	21	6
1166	2357	21	6
1167	2359	21	7
1168	2361	21	6
1169	2363	21	7
1170	2365	21	7
1171	2367	21	8
1172	2369	21	4
1173	2371	21	5
1174	2373	21	5
1175	2375	21	6
1176	2377	21	5
1177	2379	21	6
1178	2381	21	6
1179	2383	21	7
1180	2385	21	5
1181	2387	21	6
1182	2389	21	6
1183	2391	21	7
1184	2393	21	6
1185	2395	21	7
1186	2397	21	7
1187	2399	21	8
1188	2401	21	5
1189	2403	21	6
1190	2405	21	6
1191	2407	21	7
1192	2409	21	6
1193	2411	21	7
1194	2413	21	7
1195	2415	21	8
1196	2417	21	6
1197	2419	21	7
1198	2421	21	7
1199	2423	21	8
1200	2425	21	7
1201	2427	21	8
1202	2429	21	8
1203	2431	21	9
1204	2433	21	4
1205	2435	21	5
1206	2437	21	5
1207	2439	21	6
1208	2441	21	5
1209	2443	21	6
1210	2445	21	6
1211	2447	21	7
1212	2449	21	5
1213	2451	21	6
1214	2453	21	6
1215	2455	21	7
1216	2457	21	6
1217	2459	21	7
1218	2461	21	7
1219	2463	21	8
1220	2465	21	5
1221	2467	21	6
1222	2469	21	6
1223	2471	21	7
1224	2473	21	6
1225	2475	21	7
1226	2477	21	7
1227	2479	21	8
1228	2481	21	6
1229	2483	21	7
1230	2485	21	7
1231	2487	21	8
1232	2489	21	7
1233	2491	21	8
1234	2493	21	8
1235	2495	21	9
1236	2497	21	5
1237	2499	21	6
1238	2501	21	6
1239	2503	21	7
1240	2505	21	6
1241	2507	21	7
1242	2509	21	7
1243	2511	21	8
1244	2513	21	6
1245	2515	21	7
1246	2517	21	7
1247	2519	21	8
1248	2521	21	7
1249	2523	21	8
1250	2525	21	8
1251	2527	21	9
1252	2529	21	6
1253	2531	21	7
1254	2533	21	7
1255	2535	21	8
1256	2537	21	7
1257	2539	21	8
1258	2541	21	8
1259	2543	21	9
1260	2545	21	7
1261	2547	21	8
1262	2549	21	8
1263	2551	21	9
1264	2553	21	8
1265	2555	21	9
1266	2557	21	9
1267	2561	21	3
1268	2563	21	4
1269	2565	21	4
1270	2567	21	5
1271	2569	21	4
1272	2571	21	5
1273	2573	21	5
1274	2575	21	6
1275	2577	21	4
1276	2579	21	5
1277	2581	21	5
1278	2583	21	6
1279	2585	21	5
1280	2587	21	6
1281	2589	21	6
1282	2591	21	7
1283	2593	21	4
1284	2595	21	5
1285	2597	21	5
1286	2599	21	6
1287	2601	21	5
1288	2603	21	6
1289	2605	21	6
1290	2607	21	7
1291	2609	21	5
1292	2611	21	6
1293	2613	21	6
1294	2615	21	7
1295	2617	21	6
1296	2619	21	7
1297	2621	21	7
1298	2623	21	8
1299	2625	21	4
1300	2627	21	5
1301	2629	21	5
1302	2631	21	6
1303	2633	21	5
1304	2635	21	6
1305	2637	21	6
1306	2639	21	7
1307	2641	21	5
1308	2643	21	6
1309	2645	21	6
1310	2647	21	7
1311	2649	21	6
1312	2651	21	7
1313	2653	21	7
1314	2655	21	8
1315	2657	21	5
1316	2659	21	6
1317	2661	21	6
1318	2663	21	7
1319	2665	21	6
1320	2667	21	7
1321	2669	21	7
1322	2671	21	8
1323	2673	21	6
1324	2675	21	7
1325	2677	21	7
1326	2679	21	8
1327	2681	21	7
1328	2683	21	8
1329	2685	21	8
1330	2687	21	9
1331	2689	21	4
1332	2691	21	5
1333	2693	21	5
1334	2695	21	6
1335	2697	21	5
1336	2699	21	6
1337	2701	21	6
1338	2703	21	7
1339	2705	21	5
1340	2707	21	6
1341	2709	21	6
1342	2711	21	7
1343	2713	21	6
1344	2715	21	7
1345	2717	21	7
1346	2719	21	8
1347	2721	21	5
1348	2723	21	6
1349	2725	21	6
1350	2727	21	7
1351	2729	21	6
1352	2731	21	7
1353	2733	21	7
1354	2735	21	8
1355	2737	21	6
1356	2739	21	7
1357	2741	21	7
1358	2743	21	8
1359	2745	21	7
1360	2747	21	8
1361	2749	21	8
1362	2751	21	9
1363	2753	21	5
1364	2755	21	6
1365	2757	21	6
1366	2759	21	7
1367	2761	21	6
1368	2763	21	7
1369	2765	21	7
1370	2767	21	8
1371	2769	21	6
1372	2771	21	7
1373	2773	21	7
1374	2775	21	8
1375	2777	21	7
1376	2779	21	8
1377	2781	21	8
1378	2783	21	9
1379	2785	21	6
1380	2787	21	7
1381	2789	21	7
1382	2791	21	8
1383	2793	21	7
1384	2795	21	8
1385	2797	21	8
1386	2799	21	9
1387	2801	21	7
1388	2803	21	8
1389	2805	21	8
1390	2807	21	9
1391	2809	21	8
1392	2811	21	9
1393	2813	21	9
1394	2817	21	4
1395	2819	21	5
1396	2821	21	5
1397	2823	21	6
1398	2825	21	5
1399	2827	21	6
1400	2829	21	6
1401	2831	21	7
1402	2833	21	5
1403	2835	21	6
1404	2837	21	6
1405	2839	21	7
1406	2841	21	6
1407	2843	21	7
1408	2845	21	7
1409	2847	21	8
1410	2849	21	5
1411	2851	21	6
1412	2853	21	6
1413	2855	21	7
1414	2857	21	6
1415	2859	21	7
1416	2861	21	7
1417	2863	21	8
1418	2865	21	6
1419	2867	21	7
1420	2869	21	7
1421	2871	21	8
1422	2873	21	7
1423	2875	21	8
1424	2877	21	8
1425	2879	21	9
1426	2881	21	5
1427	2883	21	6
1428	2885	21	6
1429	2887	21	7
1430	2889	21	6
1431	2891	21	7
1432	2893	21	7
1433	2895	21	8
1434	2897	21	6
1435	2899	21	7
1436	2901	21	7
1437	2903	21	8
1438	2905	21	7
1439	2907	21	8
1440	2909	21	8
1441	2911	21	9
1442	2913	21	6
1443	2915	21	7
1444	2917	21	7
1445	2919	21	8
1446	2921	21	7
1447	2923	21	8
1448	2925	21	8
1449	2927	21	9
1450	2929	21	7
1451	2931	21	8
1452	2933	21	8
1453	2935	21	9
1454	2937	21	8
1455	2939	21	9
1456	2941	21	9
1457	2945	21	5
1458	2947	21	6
1459	2949	21	6
1460	2951	21	7
1461	2953	21	6
1462	2955	21	7
1463	2957	21	7
1464	2959	21	8
1465	2961	21	6
1466	2963	21	7
1467	2965	21	7
1468	2967	21	8
1469	2969	21	7
1470	2971	21	8
1471	2973	21	8
1472	2975	21	9
1473	2977	21	6
1474	2979	21	7
1475	2981	21	7
1476	2983	21	8
1477	2985	21	7
1478	2987	21	8
1479	2989	21	8
1480	2991	21	9
1481	2993	21	7
1482	2995	21	8
1483	2997	21	8
1484	2999	21	9
1485	3001	21	8
1486	3003	21	9
1487	3005	21	9
1488	3009	21	6
1489	3011	21	7
1490	3013	21	7
1491	3015	21	8
1492	3017	21	7
1493	3019	21	8
1494	3021	21	8
1495	3023	21	9
1496	3025	21	7
1497	3027	21	8
1498	3029	21	8
1499	3031	21	9
1500	3033	21	8
1501	3035	21	9
1502	3037	21	9
1503	3041	21	7
1504	3043	21	8
1505	3045	21	8
1506	3047	21	9
1507	3049	21	8
1508	3051	21	9
1509	3053	21	9
1510	3057	21	8
1511	3059	21	9
1512	3061	21	9
1513	3065	21	9
1514	3075	21	4
1515	3077	21	4
1516	3079	21	5
1517	3081	21	4
1518	3083	21	5
1519	3085	21	5
1520	3087	21	6
1521	3089	21	4
1522	3091	21	5
1523	3093	21	5
1524	3095	21	6
1525	3097	21	5
1526	3099	21	6
1527	3101	21	6
1528	3103	21	7
1529	3105	21	4
1530	3107	21	5
1531	3109	21	5
1532	3111	21	6
1533	3113	21	5
1534	3115	21	6
1535	3117	21	6
1536	3119	21	7
1537	3121	21	5
1538	3123	21	6
1539	3125	21	6
1540	3127	21	7
1541	3129	21	6
1542	3131	21	7
1543	3133	21	7
1544	3135	21	8
1545	3137	21	4
1546	3139	21	5
1547	3141	21	5
1548	3143	21	6
1549	3145	21	5
1550	3147	21	6
1551	3149	21	6
1552	3151	21	7
1553	3153	21	5
1554	3155	21	6
1555	3157	21	6
1556	3159	21	7
1557	3161	21	6
1558	3163	21	7
1559	3165	21	7
1560	3167	21	8
1561	3169	21	5
1562	3171	21	6
1563	3173	21	6
1564	3175	21	7
1565	3177	21	6
1566	3179	21	7
1567	3181	21	7
1568	3183	21	8
1569	3185	21	6
1570	3187	21	7
1571	3189	21	7
1572	3191	21	8
1573	3193	21	7
1574	3195	21	8
1575	3197	21	8
1576	3199	21	9
1577	3201	21	4
1578	3203	21	5
1579	3205	21	5
1580	3207	21	6
1581	3209	21	5
1582	3211	21	6
1583	3213	21	6
1584	3215	21	7
1585	3217	21	5
1586	3219	21	6
1587	3221	21	6
1588	3223	21	7
1589	3225	21	6
1590	3227	21	7
1591	3229	21	7
1592	3231	21	8
1593	3233	21	5
1594	3235	21	6
1595	3237	21	6
1596	3239	21	7
1597	3241	21	6
1598	3243	21	7
1599	3245	21	7
1600	3247	21	8
1601	3249	21	6
1602	3251	21	7
1603	3253	21	7
1604	3255	21	8
1605	3257	21	7
1606	3259	21	8
1607	3261	21	8
1608	3263	21	9
1609	3265	21	5
1610	3267	21	6
1611	3269	21	6
1612	3271	21	7
1613	3273	21	6
1614	3275	21	7
1615	3277	21	7
1616	3279	21	8
1617	3281	21	6
1618	3283	21	7
1619	3285	21	7
1620	3287	21	8
1621	3289	21	7
1622	3291	21	8
1623	3293	21	8
1624	3295	21	9
1625	3297	21	6
1626	3299	21	7
1627	3301	21	7
1628	3303	21	8
1629	3305	21	7
1630	3307	21	8
1631	3309	21	8
1632	3311	21	9
1633	3313	21	7
1634	3315	21	8
1635	3317	21	8
1636	3319	21	9
1637	3321	21	8
1638	3323	21	9
1639	3325	21	9
1640	3329	21	4
1641	3331	21	5
1642	3333	21	5
1643	3335	21	6
1644	3337	21	5
1645	3339	21	6
1646	3341	21	6
1647	3343	21	7
1648	3345	21	5
1649	3347	21	6
1650	3349	21	6
1651	3351	21	7
1652	3353	21	6
1653	3355	21	7
1654	3357	21	7
1655	3359	21	8
1656	3361	21	5
1657	3363	21	6
1658	3365	21	6
1659	3367	21	7
1660	3369	21	6
1661	3371	21	7
1662	3373	21	7
1663	3375	21	8
1664	3377	21	6
1665	3379	21	7
1666	3381	21	7
1667	3383	21	8
1668	3385	21	7
1669	3387	21	8
1670	3389	21	8
1671	3391	21	9
1672	3393	21	5
1673	3395	21	6
1674	3397	21	6
1675	3399	21	7
1676	3401	21	6
1677	3403	21	7
1678	3405	21	7
1679	3407	21	8
1680	3409	21	6
1681	3411	21	7
1682	3413	21	7
1683	3415	21	8
1684	3417	21	7
1685	3419	21	8
1686	3421	21	8
1687	3423	21	9
1688	3425	21	6
1689	3427	21	7
1690	3429	21	7
1691	3431	21	8
1692	3433	21	7
1693	3435	21	8
1694	3437	21	8
1695	3439	21	9
1696	3441	21	7
1697	3443	21	8
1698	3445	21	8
1699	3447	21	9
1700	3449	21	8
1701	3451	21	9
1702	3453	21	9
1703	3457	21	5
1704	3459	21	6
1705	3461	21	6
1706	3463	21	7
1707	3465	21	6
1708	3467	21	7
1709	3469	21	7
1710	3471	21	8
1711	3473	21	6
1712	3475	21	7
1713	3477	21	7
1714	3479	21	8
1715	3481	21	7
1716	3483	21	8
1717	3485	21	8
1718	3487	21	9
1719	3489	21	6
1720	3491	21	7
1721	3493	21	7
1722	3495	21	8
1723	3497	21	7
1724	3499	21	8
1725	3501	21	8
1726	3503	21	9
1727	3505	21	7
1728	3507	21	8
1729	3509	21	8
1730	3511	21	9
1731	3513	21	8
1732	3515	21	9
1733	3517	21	9
1734	3521	21	6
1735	3523	21	7
1736	3525	21	7
1737	3527	21	8
1738	3529	21	7
1739	3531	21	8
1740	3533	21	8
1741	3535	21	9
1742	3537	21	7
1743	3539	21	8
1744	3541	21	8
1745	3543	21	9
1746	3545	21	8
1747	3547	21	9
1748	3549	21	9
1749	3553	21	7
1750	3555	21	8
1751	3557	21	8
1752	3559	21	9
1753	3561	21	8
1754	3563	21	9
1755	3565	21	9
1756	3569	21	8
1757	3571	21	9
1758	3573	21	9
1759	3577	21	9
1760	3585	21	4
1761	3587	21	5
1762	3589	21	5
1763	3591	21	6
1764	3593	21	5
1765	3595	21	6
1766	3597	21	6
1767	3599	21	7
1768	3601	21	5
1769	3603	21	6
1770	3605	21	6
1771	3607	21	7
1772	3609	21	6
1773	3611	21	7
1774	3613	21	7
1775	3615	21	8
1776	3617	21	5
1777	3619	21	6
1778	3621	21	6
1779	3623	21	7
1780	3625	21	6
1781	3627	21	7
1782	3629	21	7
1783	3631	21	8
1784	3633	21	6
1785	3635	21	7
1786	3637	21	7
1787	3639	21	8
1788	3641	21	7
1789	3643	21	8
1790	3645	21	8
1791	3647	21	9
1792	3649	21	5
1793	3651	21	6
1794	3653	21	6
1795	3655	21	7
1796	3657	21	6
1797	3659	21	7
1798	3661	21	7
1799	3663	21	8
1800	3665	21	6
1801	3667	21	7
1802	3669	21	7
1803	3671	21	8
1804	3673	21	7
1805	3675	21	8
1806	3677	21	8
1807	3679	21	9
1808	3681	21	6
1809	3683	21	7
1810	3685	21	7
1811	3687	21	8
1812	3689	21	7
1813	3691	21	8
1814	3693	21	8
1815	3695	21	9
1816	3697	21	7
1817	3699	21	8
1818	3701	21	8
1819	3703	21	9
1820	3705	21	8
1821	3707	21	9
1822	3709	21	9
1823	3713	21	5
1824	3715	21	6
1825	3717	21	6
1826	3719	21	7
1827	3721	21	6
1828	3723	21	7
1829	3725	21	7
1830	3727	21	8
1831	3729	21	6
1832	3731	21	7
1833	3733	21	7
1834	3735	21	8
1835	3737	21	7
1836	3739	21	8
1837	3741	21	8
1838	3743	21	9
1839	3745	21	6
1840	3747	21	7
1841	3749	21	7
1842	3751	21	8
1843	3753	21	7
1844	3755	21	8
1845	3757	21	8
1846	3759	21	9
1847	3761	21	7
1848	3763	21	8
1849	3765	21	8
1850	3767	21	9
1851	3769	21	8
1852	3771	21	9
1853	3773	21	9
1854	3777	21	6
1855	3779	21	7
1856	3781	21	7
1857	3783	21	8
1858	3785	21	7
1859	3787	21	8
1860	3789	21	8
1861	3791	21	9
1862	3793	21	7
1863	3795	21	8
1864	3797	21	8
1865	3799	21	9
1866	3801	21	8
1867	3803	21	9
1868	3805	21	9
1869	3809	21	7
1870	3811	21	8
1871	3813	21	8
1872	3815	21	9
1873	3817	21	8
1874	3819	21	9
1875	3821	21	9
1876	3825	21	8
1877	3827	21	9
1878	3829	21	9
1879	3833	21	9
1880	3841	21	5
1881	3843	21	6
1882	3845	21	6
1883	3847	21	7
1884	3849	21	6
1885	3851	21	7
1886	3853	21	7
1887	3855	21	8
1888	3857	21	6
1889	3859	21	7
1890	3861	21	7
1891	3863	21	8
1892	3865	21	7
1893	3867	21	8
1894	3869	21	8
1895	3871	21	9
1896	3873	21	6
1897	3875	21	7
1898	3877	21	7
1899	3879	21	8
1900	3881	21	7
1901	3883	21	8
1902	3885	21	8
1903	3887	21	9
1904	3889	21	7
1905	3891	21	8
1906	3893	21	8
1907	3895	21	9
1908	3897	21	8
1909	3899	21	9
1910	3901	21	9
1911	3905	21	6
1912	3907	21	7
1913	3909	21	7
1914	3911	21	8
1915	3913	21	7
1916	3915	21	8
1917	3917	21	8
1918	3919	21	9
1919	3921	21	7
1920	3923	21	8
1921	3925	21	8
1922	3927	21	9
1923	3929	21	8
1924	3931	21	9
1925	3933	21	9
1926	3937	21	7
1927	3939	21	8
1928	3941	21	8
1929	3943	21	9
1930	3945	21	8
1931	3947	21	9
1932	3949	21	9
1933	3953	21	8
1934	3955	21	9
1935	3957	21	9
1936	3961	21	9
1937	3969	21	6
1938	3971	21	7
1939	3973	21	7
1940	3975	21	8
1941	3977	21	7
1942	3979	21	8
1943	3981	21	8
1944	3983	21	9
1945	3985	21	7
1946	3987	21	8
1947	3989	21	8
1948	3991	21	9
1949	3993	21	8
1950	3995	21	9
1951	3997	21	9
1952	4001	21	7
1953	4003	21	8
1954	4005	21	8
1955	4007	21	9
1956	4009	21	8
1957	4011	21	9
1958	4013	21	9
1959	4017	21	8
1960	4019	21	9
1961	4021	21	9
1962	4025	21	9
1963	4033	21	7
1964	4035	21	8
1965	4037	21	8
1966	4039	21	9
1967	4041	21	8
1968	4043	21	9
1969	4045	21	9
1970	4049	21	8
1971	4051	21	9
1972	4053	21	9
1973	4057	21	9
1974	4065	21	8
1975	4067	21	9
1976	4069	21	9
1977	4073	21	9
1978	4081	21	9
1979	4105	21	3
1980	4107	21	4
1981	4109	21	4
1982	4111	21	5
1983	4113	21	3
1984	4115	21	4
1985	4117	21	4
1986	4119	21	5
1987	4121	21	4
1988	4123	21	5
1989	4125	21	5
1990	4127	21	6
1991	4129	21	3
1992	4131	21	4
1993	4133	21	4
1994	4135	21	5
1995	4137	21	4
1996	4139	21	5
1997	4141	21	5
1998	4143	21	6
1999	4145	21	4
2000	4147	21	5
2001	4149	21	5
2002	4151	21	6
2003	4153	21	5
2004	4155	21	6
2005	4157	21	6
2006	4159	21	7
2007	4161	21	3
2008	4163	21	4
2009	4165	21	4
2010	4167	21	5
2011	4169	21	4
2012	4171	21	5
2013	4173	21	5
2014	4175	21	6
2015	4177	21	4
2016	4179	21	5
2017	4181	21	5
2018	4183	21	6
2019	4185	21	5
2020	4187	21	6
2021	4189	21	6
2022	4191	21	7
2023	4193	21	4
2024	4195	21	5
2025	4197	21	5
2026	4199	21	6
2027	4201	21	5
2028	4203	21	6
2029	4205	21	6
2030	4207	21	7
2031	4209	21	5
2032	4211	21	6
2033	4213	21	6
2034	4215	21	7
2035	4217	21	6
2036	4219	21	7
2037	4221	21	7
2038	4223	21	8
2039	4225	21	3
2040	4227	21	4
2041	4229	21	4
2042	4231	21	5
2043	4233	21	4
2044	4235	21	5
2045	4237	21	5
2046	4239	21	6
2047	4241	21	4
2048	4243	21	5
2049	4245	21	5
2050	4247	21	6
2051	4249	21	5
2052	4251	21	6
2053	4253	21	6
2054	4255	21	7
2055	4257	21	4
2056	4259	21	5
2057	4261	21	5
2058	4263	21	6
2059	4265	21	5
2060	4267	21	6
2061	4269	21	6
2062	4271	21	7
2063	4273	21	5
2064	4275	21	6
2065	4277	21	6
2066	4279	21	7
2067	4281	21	6
2068	4283	21	7
2069	4285	21	7
2070	4287	21	8
2071	4289	21	4
2072	4291	21	5
2073	4293	21	5
2074	4295	21	6
2075	4297	21	5
2076	4299	21	6
2077	4301	21	6
2078	4303	21	7
2079	4305	21	5
2080	4307	21	6
2081	4309	21	6
2082	4311	21	7
2083	4313	21	6
2084	4315	21	7
2085	4317	21	7
2086	4319	21	8
2087	4321	21	5
2088	4323	21	6
2089	4325	21	6
2090	4327	21	7
2091	4329	21	6
2092	4331	21	7
2093	4333	21	7
2094	4335	21	8
2095	4337	21	6
2096	4339	21	7
2097	4341	21	7
2098	4343	21	8
2099	4345	21	7
2100	4347	21	8
2101	4349	21	8
2102	4351	21	9
2103	4353	21	3
2104	4355	21	4
2105	4357	21	4
2106	4359	21	5
2107	4361	21	4
2108	4363	21	5
2109	4365	21	5
2110	4367	21	6
2111	4369	21	4
2112	4371	21	5
2113	4373	21	5
2114	4375	21	6
2115	4377	21	5
2116	4379	21	6
2117	4381	21	6
2118	4383	21	7
2119	4385	21	4
2120	4387	21	5
2121	4389	21	5
2122	4391	21	6
2123	4393	21	5
2124	4395	21	6
2125	4397	21	6
2126	4399	21	7
2127	4401	21	5
2128	4403	21	6
2129	4405	21	6
2130	4407	21	7
2131	4409	21	6
2132	4411	21	7
2133	4413	21	7
2134	4415	21	8
2135	4417	21	4
2136	4419	21	5
2137	4421	21	5
2138	4423	21	6
2139	4425	21	5
2140	4427	21	6
2141	4429	21	6
2142	4431	21	7
2143	4433	21	5
2144	4435	21	6
2145	4437	21	6
2146	4439	21	7
2147	4441	21	6
2148	4443	21	7
2149	4445	21	7
2150	4447	21	8
2151	4449	21	5
2152	4451	21	6
2153	4453	21	6
2154	4455	21	7
2155	4457	21	6
2156	4459	21	7
2157	4461	21	7
2158	4463	21	8
2159	4465	21	6
2160	4467	21	7
2161	4469	21	7
2162	4471	21	8
2163	4473	21	7
2164	4475	21	8
2165	4477	21	8
2166	4479	21	9
2167	4481	21	4
2168	4483	21	5
2169	4485	21	5
2170	4487	21	6
2171	4489	21	5
2172	4491	21	6
2173	4493	21	6
2174	4495	21	7
2175	4497	21	5
2176	4499	21	6
2177	4501	21	6
2178	4503	21	7
2179	4505	21	6
2180	4507	21	7
2181	4509	21	7
2182	4511	21	8
2183	4513	21	5
2184	4515	21	6
2185	4517	21	6
2186	4519	21	7
2187	4521	21	6
2188	4523	21	7
2189	4525	21	7
2190	4527	21	8
2191	4529	21	6
2192	4531	21	7
2193	4533	21	7
2194	4535	21	8
2195	4537	21	7
2196	4539	21	8
2197	4541	21	8
2198	4543	21	9
2199	4545	21	5
2200	4547	21	6
2201	4549	21	6
2202	4551	21	7
2203	4553	21	6
2204	4555	21	7
2205	4557	21	7
2206	4559	21	8
2207	4561	21	6
2208	4563	21	7
2209	4565	21	7
2210	4567	21	8
2211	4569	21	7
2212	4571	21	8
2213	4573	21	8
2214	4575	21	9
2215	4577	21	6
2216	4579	21	7
2217	4581	21	7
2218	4583	21	8
2219	4585	21	7
2220	4587	21	8
2221	4589	21	8
2222	4591	21	9
2223	4593	21	7
2224	4595	21	8
2225	4597	21	8
2226	4599	21	9
2227	4601	21	8
2228	4603	21	9
2229	4605	21	9
2230	4611	21	4
2231	4613	21	4
2232	4615	21	5
2233	4617	21	4
2234	4619	21	5
2235	4621	21	5
2236	4623	21	6
2237	4625	21	4
2238	4627	21	5
2239	4629	21	5
2240	4631	21	6
2241	4633	21	5
2242	4635	21	6
2243	4637	21	6
2244	4639	21	7
2245	4641	21	4
2246	4643	21	5
2247	4645	21	5
2248	4647	21	6
2249	4649	21	5
2250	4651	21	6
2251	4653	21	6
2252	4655	21	7
2253	4657	21	5
2254	4659	21	6
2255	4661	21	6
2256	4663	21	7
2257	4665	21	6
2258	4667	21	7
2259	4669	21	7
2260	4671	21	8
2261	4673	21	4
2262	4675	21	5
2263	4677	21	5
2264	4679	21	6
2265	4681	21	5
2266	4683	21	6
2267	4685	21	6
2268	4687	21	7
2269	4689	21	5
2270	4691	21	6
2271	4693	21	6
2272	4695	21	7
2273	4697	21	6
2274	4699	21	7
2275	4701	21	7
2276	4703	21	8
2277	4705	21	5
2278	4707	21	6
2279	4709	21	6
2280	4711	21	7
2281	4713	21	6
2282	4715	21	7
2283	4717	21	7
2284	4719	21	8
2285	4721	21	6
2286	4723	21	7
2287	4725	21	7
2288	4727	21	8
2289	4729	21	7
2290	4731	21	8
2291	4733	21	8
2292	4735	21	9
2293	4737	21	4
2294	4739	21	5
2295	4741	21	5
2296	4743	21	6
2297	4745	21	5
2298	4747	21	6
2299	4749	21	6
2300	4751	21	7
2301	4753	21	5
2302	4755	21	6
2303	4757	21	6
2304	4759	21	7
2305	4761	21	6
2306	4763	21	7
2307	4765	21	7
2308	4767	21	8
2309	4769	21	5
2310	4771	21	6
2311	4773	21	6
2312	4775	21	7
2313	4777	21	6
2314	4779	21	7
2315	4781	21	7
2316	4783	21	8
2317	4785	21	6
2318	4787	21	7
2319	4789	21	7
2320	4791	21	8
2321	4793	21	7
2322	4795	21	8
2323	4797	21	8
2324	4799	21	9
2325	4801	21	5
2326	4803	21	6
2327	4805	21	6
2328	4807	21	7
2329	4809	21	6
2330	4811	21	7
2331	4813	21	7
2332	4815	21	8
2333	4817	21	6
2334	4819	21	7
2335	4821	21	7
2336	4823	21	8
2337	4825	21	7
2338	4827	21	8
2339	4829	21	8
2340	4831	21	9
2341	4833	21	6
2342	4835	21	7
2343	4837	21	7
2344	4839	21	8
2345	4841	21	7
2346	4843	21	8
2347	4845	21	8
2348	4847	21	9
2349	4849	21	7
2350	4851	21	8
2351	4853	21	8
2352	4855	21	9
2353	4857	21	8
2354	4859	21	9
2355	4861	21	9
2356	4865	21	4
2357	4867	21	5
2358	4869	21	5
2359	4871	21	6
2360	4873	21	5
2361	4875	21	6
2362	4877	21	6
2363	4879	21	7
2364	4881	21	5
2365	4883	21	6
2366	4885	21	6
2367	4887	21	7
2368	4889	21	6
2369	4891	21	7
2370	4893	21	7
2371	4895	21	8
2372	4897	21	5
2373	4899	21	6
2374	4901	21	6
2375	4903	21	7
2376	4905	21	6
2377	4907	21	7
2378	4909	21	7
2379	4911	21	8
2380	4913	21	6
2381	4915	21	7
2382	4917	21	7
2383	4919	21	8
2384	4921	21	7
2385	4923	21	8
2386	4925	21	8
2387	4927	21	9
2388	4929	21	5
2389	4931	21	6
2390	4933	21	6
2391	4935	21	7
2392	4937	21	6
2393	4939	21	7
2394	4941	21	7
2395	4943	21	8
2396	4945	21	6
2397	4947	21	7
2398	4949	21	7
2399	4951	21	8
2400	4953	21	7
2401	4955	21	8
2402	4957	21	8
2403	4959	21	9
2404	4961	21	6
2405	4963	21	7
2406	4965	21	7
2407	4967	21	8
2408	4969	21	7
2409	4971	21	8
2410	4973	21	8
2411	4975	21	9
2412	4977	21	7
2413	4979	21	8
2414	4981	21	8
2415	4983	21	9
2416	4985	21	8
2417	4987	21	9
2418	4989	21	9
2419	4993	21	5
2420	4995	21	6
2421	4997	21	6
2422	4999	21	7
2423	5001	21	6
2424	5003	21	7
2425	5005	21	7
2426	5007	21	8
2427	5009	21	6
2428	5011	21	7
2429	5013	21	7
2430	5015	21	8
2431	5017	21	7
2432	5019	21	8
2433	5021	21	8
2434	5023	21	9
2435	5025	21	6
2436	5027	21	7
2437	5029	21	7
2438	5031	21	8
2439	5033	21	7
2440	5035	21	8
2441	5037	21	8
2442	5039	21	9
2443	5041	21	7
2444	5043	21	8
2445	5045	21	8
2446	5047	21	9
2447	5049	21	8
2448	5051	21	9
2449	5053	21	9
2450	5057	21	6
2451	5059	21	7
2452	5061	21	7
2453	5063	21	8
2454	5065	21	7
2455	5067	21	8
2456	5069	21	8
2457	5071	21	9
2458	5073	21	7
2459	5075	21	8
2460	5077	21	8
2461	5079	21	9
2462	5081	21	8
2463	5083	21	9
2464	5085	21	9
2465	5089	21	7
2466	5091	21	8
2467	5093	21	8
2468	5095	21	9
2469	5097	21	8
2470	5099	21	9
2471	5101	21	9
2472	5105	21	8
2473	5107	21	9
2474	5109	21	9
2475	5113	21	9
2476	5123	21	4
2477	5125	21	4
2478	5127	21	5
2479	5129	21	4
2480	5131	21	5
2481	5133	21	5
2482	5135	21	6
2483	5137	21	4
2484	5139	21	5
2485	5141	21	5
2486	5143	21	6
2487	5145	21	5
2488	5147	21	6
2489	5149	21	6
2490	5151	21	7
2491	5153	21	4
2492	5155	21	5
2493	5157	21	5
2494	5159	21	6
2495	5161	21	5
2496	5163	21	6
2497	5165	21	6
2498	5167	21	7
2499	5169	21	5
2500	5171	21	6
2501	5173	21	6
2502	5175	21	7
2503	5177	21	6
2504	5179	21	7
2505	5181	21	7
2506	5183	21	8
2507	5185	21	4
2508	5187	21	5
2509	5189	21	5
2510	5191	21	6
2511	5193	21	5
2512	5195	21	6
2513	5197	21	6
2514	5199	21	7
2515	5201	21	5
2516	5203	21	6
2517	5205	21	6
2518	5207	21	7
2519	5209	21	6
2520	5211	21	7
2521	5213	21	7
2522	5215	21	8
2523	5217	21	5
2524	5219	21	6
2525	5221	21	6
2526	5223	21	7
2527	5225	21	6
2528	5227	21	7
2529	5229	21	7
2530	5231	21	8
2531	5233	21	6
2532	5235	21	7
2533	5237	21	7
2534	5239	21	8
2535	5241	21	7
2536	5243	21	8
2537	5245	21	8
2538	5247	21	9
2539	5249	21	4
2540	5251	21	5
2541	5253	21	5
2542	5255	21	6
2543	5257	21	5
2544	5259	21	6
2545	5261	21	6
2546	5263	21	7
2547	5265	21	5
2548	5267	21	6
2549	5269	21	6
2550	5271	21	7
2551	5273	21	6
2552	5275	21	7
2553	5277	21	7
2554	5279	21	8
2555	5281	21	5
2556	5283	21	6
2557	5285	21	6
2558	5287	21	7
2559	5289	21	6
2560	5291	21	7
2561	5293	21	7
2562	5295	21	8
2563	5297	21	6
2564	5299	21	7
2565	5301	21	7
2566	5303	21	8
2567	5305	21	7
2568	5307	21	8
2569	5309	21	8
2570	5311	21	9
2571	5313	21	5
2572	5315	21	6
2573	5317	21	6
2574	5319	21	7
2575	5321	21	6
2576	5323	21	7
2577	5325	21	7
2578	5327	21	8
2579	5329	21	6
2580	5331	21	7
2581	5333	21	7
2582	5335	21	8
2583	5337	21	7
2584	5339	21	8
2585	5341	21	8
2586	5343	21	9
2587	5345	21	6
2588	5347	21	7
2589	5349	21	7
2590	5351	21	8
2591	5353	21	7
2592	5355	21	8
2593	5357	21	8
2594	5359	21	9
2595	5361	21	7
2596	5363	21	8
2597	5365	21	8
2598	5367	21	9
2599	5369	21	8
2600	5371	21	9
2601	5373	21	9
2602	5377	21	4
2603	5379	21	5
2604	5381	21	5
2605	5383	21	6
2606	5385	21	5
2607	5387	21	6
2608	5389	21	6
2609	5391	21	7
2610	5393	21	5
2611	5395	21	6
2612	5397	21	6
2613	5399	21	7
2614	5401	21	6
2615	5403	21	7
2616	5405	21	7
2617	5407	21	8
2618	5409	21	5
2619	5411	21	6
2620	5413	21	6
2621	5415	21	7
2622	5417	21	6
2623	5419	21	7
2624	5421	21	7
2625	5423	21	8
2626	5425	21	6
2627	5427	21	7
2628	5429	21	7
2629	5431	21	8
2630	5433	21	7
2631	5435	21	8
2632	5437	21	8
2633	5439	21	9
2634	5441	21	5
2635	5443	21	6
2636	5445	21	6
2637	5447	21	7
2638	5449	21	6
2639	5451	21	7
2640	5453	21	7
2641	5455	21	8
2642	5457	21	6
2643	5459	21	7
2644	5461	21	7
2645	5463	21	8
2646	5465	21	7
2647	5467	21	8
2648	5469	21	8
2649	5471	21	9
2650	5473	21	6
2651	5475	21	7
2652	5477	21	7
2653	5479	21	8
2654	5481	21	7
2655	5483	21	8
2656	5485	21	8
2657	5487	21	9
2658	5489	21	7
2659	5491	21	8
2660	5493	21	8
2661	5495	21	9
2662	5497	21	8
2663	5499	21	9
2664	5501	21	9
2665	5505	21	5
2666	5507	21	6
2667	5509	21	6
2668	5511	21	7
2669	5513	21	6
2670	5515	21	7
2671	5517	21	7
2672	5519	21	8
2673	5521	21	6
2674	5523	21	7
2675	5525	21	7
2676	5527	21	8
2677	5529	21	7
2678	5531	21	8
2679	5533	21	8
2680	5535	21	9
2681	5537	21	6
2682	5539	21	7
2683	5541	21	7
2684	5543	21	8
2685	5545	21	7
2686	5547	21	8
2687	5549	21	8
2688	5551	21	9
2689	5553	21	7
2690	5555	21	8
2691	5557	21	8
2692	5559	21	9
2693	5561	21	8
2694	5563	21	9
2695	5565	21	9
2696	5569	21	6
2697	5571	21	7
2698	5573	21	7
2699	5575	21	8
2700	5577	21	7
2701	5579	21	8
2702	5581	21	8
2703	5583	21	9
2704	5585	21	7
2705	5587	21	8
2706	5589	21	8
2707	5591	21	9
2708	5593	21	8
2709	5595	21	9
2710	5597	21	9
2711	5601	21	7
2712	5603	21	8
2713	5605	21	8
2714	5607	21	9
2715	5609	21	8
2716	5611	21	9
2717	5613	21	9
2718	5617	21	8
2719	5619	21	9
2720	5621	21	9
2721	5625	21	9
2722	5635	21	5
2723	5637	21	5
2724	5639	21	6
2725	5641	21	5
2726	5643	21	6
2727	5645	21	6
2728	5647	21	7
2729	5649	21	5
2730	5651	21	6
2731	5653	21	6
2732	5655	21	7
2733	5657	21	6
2734	5659	21	7
2735	5661	21	7
2736	5663	21	8
2737	5665	21	5
2738	5667	21	6
2739	5669	21	6
2740	5671	21	7
2741	5673	21	6
2742	5675	21	7
2743	5677	21	7
2744	5679	21	8
2745	5681	21	6
2746	5683	21	7
2747	5685	21	7
2748	5687	21	8
2749	5689	21	7
2750	5691	21	8
2751	5693	21	8
2752	5695	21	9
2753	5697	21	5
2754	5699	21	6
2755	5701	21	6
2756	5703	21	7
2757	5705	21	6
2758	5707	21	7
2759	5709	21	7
2760	5711	21	8
2761	5713	21	6
2762	5715	21	7
2763	5717	21	7
2764	5719	21	8
2765	5721	21	7
2766	5723	21	8
2767	5725	21	8
2768	5727	21	9
2769	5729	21	6
2770	5731	21	7
2771	5733	21	7
2772	5735	21	8
2773	5737	21	7
2774	5739	21	8
2775	5741	21	8
2776	5743	21	9
2777	5745	21	7
2778	5747	21	8
2779	5749	21	8
2780	5751	21	9
2781	5753	21	8
2782	5755	21	9
2783	5757	21	9
2784	5761	21	5
2785	5763	21	6
2786	5765	21	6
2787	5767	21	7
2788	5769	21	6
2789	5771	21	7
2790	5773	21	7
2791	5775	21	8
2792	5777	21	6
2793	5779	21	7
2794	5781	21	7
2795	5783	21	8
2796	5785	21	7
2797	5787	21	8
2798	5789	21	8
2799	5791	21	9
2800	5793	21	6
2801	5795	21	7
2802	5797	21	7
2803	5799	21	8
2804	5801	21	7
2805	5803	21	8
2806	5805	21	8
2807	5807	21	9
2808	5809	21	7
2809	5811	21	8
2810	5813	21	8
2811	5815	21	9
2812	5817	21	8
2813	5819	21	9
2814	5821	21	9
2815	5825	21	6
2816	5827	21	7
2817	5829	21	7
2818	5831	21	8
2819	5833	21	7
2820	5835	21	8
2821	5837	21	8
2822	5839	21	9
2823	5841	21	7
2824	5843	21	8
2825	5845	21	8
2826	5847	21	9
2827	5849	21	8
2828	5851	21	9
2829	5853	21	9
2830	5857	21	7
2831	5859	21	8
2832	5861	21	8
2833	5863	21	9
2834	5865	21	8
2835	5867	21	9
2836	5869	21	9
2837	5873	21	8
2838	5875	21	9
2839	5877	21	9
2840	5881	21	9
2841	5889	21	5
2842	5891	21	6
2843	5893	21	6
2844	5895	21	7
2845	5897	21	6
2846	5899	21	7
2847	5901	21	7
2848	5903	21	8
2849	5905	21	6
2850	5907	21	7
2851	5909	21	7
2852	5911	21	8
2853	5913	21	7
2854	5915	21	8
2855	5917	21	8
2856	5919	21	9
2857	5921	21	6
2858	5923	21	7
2859	5925	21	7
2860	5927	21	8
2861	5929	21	7
2862	5931	21	8
2863	5933	21	8
2864	5935	21	9
2865	5937	21	7
2866	5939	21	8
2867	5941	21	8
2868	5943	21	9
2869	5945	21	8
2870	5947	21	9
2871	5949	21	9
2872	5953	21	6
2873	5955	21	7
2874	5957	21	7
2875	5959	21	8
2876	5961	21	7
2877	5963	21	8
2878	5965	21	8
2879	5967	21	9
2880	5969	21	7
2881	5971	21	8
2882	5973	21	8
2883	5975	21	9
2884	5977	21	8
2885	5979	21	9
2886	5981	21	9
2887	5985	21	7
2888	5987	21	8
2889	5989	21	8
2890	5991	21	9
2891	5993	21	8
2892	5995	21	9
2893	5997	21	9
2894	6001	21	8
2895	6003	21	9
2896	6005	21	9
2897	6009	21	9
2898	6017	21	6
2899	6019	21	7
2900	6021	21	7
2901	6023	21	8
2902	6025	21	7
2903	6027	21	8
2904	6029	21	8
2905	6031	21	9
2906	6033	21	7
2907	6035	21	8
2908	6037	21	8
2909	6039	21	9
2910	6041	21	8
2911	6043	21	9
2912	6045	21	9
2913	6049	21	7
2914	6051	21	8
2915	6053	21	8
2916	6055	21	9
2917	6057	21	8
2918	6059	21	9
2919	6061	21	9
2920	6065	21	8
2921	6067	21	9
2922	6069	21	9
2923	6073	21	9
2924	6081	21	7
2925	6083	21	8
2926	6085	21	8
2927	6087	21	9
2928	6089	21	8
2929	6091	21	9
2930	6093	21	9
2931	6097	21	8
2932	6099	21	9
2933	6101	21	9
2934	6105	21	9
2935	6113	21	8
2936	6115	21	9
2937	6117	21	9
2938	6121	21	9
2939	6129	21	9
2940	6151	21	5
2941	6153	21	4
2942	6155	21	5
2943	6157	21	5
2944	6159	21	6
2945	6161	21	4
2946	6163	21	5
2947	6165	21	5
2948	6167	21	6
2949	6169	21	5
2950	6171	21	6
2951	6173	21	6
2952	6175	21	7
2953	6177	21	4
2954	6179	21	5
2955	6181	21	5
2956	6183	21	6
2957	6185	21	5
2958	6187	21	6
2959	6189	21	6
2960	6191	21	7
2961	6193	21	5
2962	6195	21	6
2963	6197	21	6
2964	6199	21	7
2965	6201	21	6
2966	6203	21	7
2967	6205	21	7
2968	6207	21	8
2969	6209	21	4
2970	6211	21	5
2971	6213	21	5
2972	6215	21	6
2973	6217	21	5
2974	6219	21	6
2975	6221	21	6
2976	6223	21	7
2977	6225	21	5
2978	6227	21	6
2979	6229	21	6
2980	6231	21	7
2981	6233	21	6
2982	6235	21	7
2983	6237	21	7
2984	6239	21	8
2985	6241	21	5
2986	6243	21	6
2987	6245	21	6
2988	6247	21	7
2989	6249	21	6
2990	6251	21	7
2991	6253	21	7
2992	6255	21	8
2993	6257	21	6
2994	6259	21	7
2995	6261	21	7
2996	6263	21	8
2997	6265	21	7
2998	6267	21	8
2999	6269	21	8
3000	6271	21	9
3001	6273	21	4
3002	6275	21	5
3003	6277	21	5
3004	6279	21	6
3005	6281	21	5
3006	6283	21	6
3007	6285	21	6
3008	6287	21	7
3009	6289	21	5
3010	6291	21	6
3011	6293	21	6
3012	6295	21	7
3013	6297	21	6
3014	6299	21	7
3015	6301	21	7
3016	6303	21	8
3017	6305	21	5
3018	6307	21	6
3019	6309	21	6
3020	6311	21	7
3021	6313	21	6
3022	6315	21	7
3023	6317	21	7
3024	6319	21	8
3025	6321	21	6
3026	6323	21	7
3027	6325	21	7
3028	6327	21	8
3029	6329	21	7
3030	6331	21	8
3031	6333	21	8
3032	6335	21	9
3033	6337	21	5
3034	6339	21	6
3035	6341	21	6
3036	6343	21	7
3037	6345	21	6
3038	6347	21	7
3039	6349	21	7
3040	6351	21	8
3041	6353	21	6
3042	6355	21	7
3043	6357	21	7
3044	6359	21	8
3045	6361	21	7
3046	6363	21	8
3047	6365	21	8
3048	6367	21	9
3049	6369	21	6
3050	6371	21	7
3051	6373	21	7
3052	6375	21	8
3053	6377	21	7
3054	6379	21	8
3055	6381	21	8
3056	6383	21	9
3057	6385	21	7
3058	6387	21	8
3059	6389	21	8
3060	6391	21	9
3061	6393	21	8
3062	6395	21	9
3063	6397	21	9
3064	6401	21	4
3065	6403	21	5
3066	6405	21	5
3067	6407	21	6
3068	6409	21	5
3069	6411	21	6
3070	6413	21	6
3071	6415	21	7
3072	6417	21	5
3073	6419	21	6
3074	6421	21	6
3075	6423	21	7
3076	6425	21	6
3077	6427	21	7
3078	6429	21	7
3079	6431	21	8
3080	6433	21	5
3081	6435	21	6
3082	6437	21	6
3083	6439	21	7
3084	6441	21	6
3085	6443	21	7
3086	6445	21	7
3087	6447	21	8
3088	6449	21	6
3089	6451	21	7
3090	6453	21	7
3091	6455	21	8
3092	6457	21	7
3093	6459	21	8
3094	6461	21	8
3095	6463	21	9
3096	6465	21	5
3097	6467	21	6
3098	6469	21	6
3099	6471	21	7
3100	6473	21	6
3101	6475	21	7
3102	6477	21	7
3103	6479	21	8
3104	6481	21	6
3105	6483	21	7
3106	6485	21	7
3107	6487	21	8
3108	6489	21	7
3109	6491	21	8
3110	6493	21	8
3111	6495	21	9
3112	6497	21	6
3113	6499	21	7
3114	6501	21	7
3115	6503	21	8
3116	6505	21	7
3117	6507	21	8
3118	6509	21	8
3119	6511	21	9
3120	6513	21	7
3121	6515	21	8
3122	6517	21	8
3123	6519	21	9
3124	6521	21	8
3125	6523	21	9
3126	6525	21	9
3127	6529	21	5
3128	6531	21	6
3129	6533	21	6
3130	6535	21	7
3131	6537	21	6
3132	6539	21	7
3133	6541	21	7
3134	6543	21	8
3135	6545	21	6
3136	6547	21	7
3137	6549	21	7
3138	6551	21	8
3139	6553	21	7
3140	6555	21	8
3141	6557	21	8
3142	6559	21	9
3143	6561	21	6
3144	6563	21	7
3145	6565	21	7
3146	6567	21	8
3147	6569	21	7
3148	6571	21	8
3149	6573	21	8
3150	6575	21	9
3151	6577	21	7
3152	6579	21	8
3153	6581	21	8
3154	6583	21	9
3155	6585	21	8
3156	6587	21	9
3157	6589	21	9
3158	6593	21	6
3159	6595	21	7
3160	6597	21	7
3161	6599	21	8
3162	6601	21	7
3163	6603	21	8
3164	6605	21	8
3165	6607	21	9
3166	6609	21	7
3167	6611	21	8
3168	6613	21	8
3169	6615	21	9
3170	6617	21	8
3171	6619	21	9
3172	6621	21	9
3173	6625	21	7
3174	6627	21	8
3175	6629	21	8
3176	6631	21	9
3177	6633	21	8
3178	6635	21	9
3179	6637	21	9
3180	6641	21	8
3181	6643	21	9
3182	6645	21	9
3183	6649	21	9
3184	6659	21	5
3185	6661	21	5
3186	6663	21	6
3187	6665	21	5
3188	6667	21	6
3189	6669	21	6
3190	6671	21	7
3191	6673	21	5
3192	6675	21	6
3193	6677	21	6
3194	6679	21	7
3195	6681	21	6
3196	6683	21	7
3197	6685	21	7
3198	6687	21	8
3199	6689	21	5
3200	6691	21	6
3201	6693	21	6
3202	6695	21	7
3203	6697	21	6
3204	6699	21	7
3205	6701	21	7
3206	6703	21	8
3207	6705	21	6
3208	6707	21	7
3209	6709	21	7
3210	6711	21	8
3211	6713	21	7
3212	6715	21	8
3213	6717	21	8
3214	6719	21	9
3215	6721	21	5
3216	6723	21	6
3217	6725	21	6
3218	6727	21	7
3219	6729	21	6
3220	6731	21	7
3221	6733	21	7
3222	6735	21	8
3223	6737	21	6
3224	6739	21	7
3225	6741	21	7
3226	6743	21	8
3227	6745	21	7
3228	6747	21	8
3229	6749	21	8
3230	6751	21	9
3231	6753	21	6
3232	6755	21	7
3233	6757	21	7
3234	6759	21	8
3235	6761	21	7
3236	6763	21	8
3237	6765	21	8
3238	6767	21	9
3239	6769	21	7
3240	6771	21	8
3241	6773	21	8
3242	6775	21	9
3243	6777	21	8
3244	6779	21	9
3245	6781	21	9
3246	6785	21	5
3247	6787	21	6
3248	6789	21	6
3249	6791	21	7
3250	6793	21	6
3251	6795	21	7
3252	6797	21	7
3253	6799	21	8
3254	6801	21	6
3255	6803	21	7
3256	6805	21	7
3257	6807	21	8
3258	6809	21	7
3259	6811	21	8
3260	6813	21	8
3261	6815	21	9
3262	6817	21	6
3263	6819	21	7
3264	6821	21	7
3265	6823	21	8
3266	6825	21	7
3267	6827	21	8
3268	6829	21	8
3269	6831	21	9
3270	6833	21	7
3271	6835	21	8
3272	6837	21	8
3273	6839	21	9
3274	6841	21	8
3275	6843	21	9
3276	6845	21	9
3277	6849	21	6
3278	6851	21	7
3279	6853	21	7
3280	6855	21	8
3281	6857	21	7
3282	6859	21	8
3283	6861	21	8
3284	6863	21	9
3285	6865	21	7
3286	6867	21	8
3287	6869	21	8
3288	6871	21	9
3289	6873	21	8
3290	6875	21	9
3291	6877	21	9
3292	6881	21	7
3293	6883	21	8
3294	6885	21	8
3295	6887	21	9
3296	6889	21	8
3297	6891	21	9
3298	6893	21	9
3299	6897	21	8
3300	6899	21	9
3301	6901	21	9
3302	6905	21	9
3303	6913	21	5
3304	6915	21	6
3305	6917	21	6
3306	6919	21	7
3307	6921	21	6
3308	6923	21	7
3309	6925	21	7
3310	6927	21	8
3311	6929	21	6
3312	6931	21	7
3313	6933	21	7
3314	6935	21	8
3315	6937	21	7
3316	6939	21	8
3317	6941	21	8
3318	6943	21	9
3319	6945	21	6
3320	6947	21	7
3321	6949	21	7
3322	6951	21	8
3323	6953	21	7
3324	6955	21	8
3325	6957	21	8
3326	6959	21	9
3327	6961	21	7
3328	6963	21	8
3329	6965	21	8
3330	6967	21	9
3331	6969	21	8
3332	6971	21	9
3333	6973	21	9
3334	6977	21	6
3335	6979	21	7
3336	6981	21	7
3337	6983	21	8
3338	6985	21	7
3339	6987	21	8
3340	6989	21	8
3341	6991	21	9
3342	6993	21	7
3343	6995	21	8
3344	6997	21	8
3345	6999	21	9
3346	7001	21	8
3347	7003	21	9
3348	7005	21	9
3349	7009	21	7
3350	7011	21	8
3351	7013	21	8
3352	7015	21	9
3353	7017	21	8
3354	7019	21	9
3355	7021	21	9
3356	7025	21	8
3357	7027	21	9
3358	7029	21	9
3359	7033	21	9
3360	7041	21	6
3361	7043	21	7
3362	7045	21	7
3363	7047	21	8
3364	7049	21	7
3365	7051	21	8
3366	7053	21	8
3367	7055	21	9
3368	7057	21	7
3369	7059	21	8
3370	7061	21	8
3371	7063	21	9
3372	7065	21	8
3373	7067	21	9
3374	7069	21	9
3375	7073	21	7
3376	7075	21	8
3377	7077	21	8
3378	7079	21	9
3379	7081	21	8
3380	7083	21	9
3381	7085	21	9
3382	7089	21	8
3383	7091	21	9
3384	7093	21	9
3385	7097	21	9
3386	7105	21	7
3387	7107	21	8
3388	7109	21	8
3389	7111	21	9
3390	7113	21	8
3391	7115	21	9
3392	7117	21	9
3393	7121	21	8
3394	7123	21	9
3395	7125	21	9
3396	7129	21	9
3397	7137	21	8
3398	7139	21	9
3399	7141	21	9
3400	7145	21	9
3401	7153	21	9
3402	7173	21	5
3403	7175	21	6
3404	7177	21	5
3405	7179	21	6
3406	7181	21	6
3407	7183	21	7
3408	7185	21	5
3409	7187	21	6
3410	7189	21	6
3411	7191	21	7
3412	7193	21	6
3413	7195	21	7
3414	7197	21	7
3415	7199	21	8
3416	7201	21	5
3417	7203	21	6
3418	7205	21	6
3419	7207	21	7
3420	7209	21	6
3421	7211	21	7
3422	7213	21	7
3423	7215	21	8
3424	7217	21	6
3425	7219	21	7
3426	7221	21	7
3427	7223	21	8
3428	7225	21	7
3429	7227	21	8
3430	7229	21	8
3431	7231	21	9
3432	7233	21	5
3433	7235	21	6
3434	7237	21	6
3435	7239	21	7
3436	7241	21	6
3437	7243	21	7
3438	7245	21	7
3439	7247	21	8
3440	7249	21	6
3441	7251	21	7
3442	7253	21	7
3443	7255	21	8
3444	7257	21	7
3445	7259	21	8
3446	7261	21	8
3447	7263	21	9
3448	7265	21	6
3449	7267	21	7
3450	7269	21	7
3451	7271	21	8
3452	7273	21	7
3453	7275	21	8
3454	7277	21	8
3455	7279	21	9
3456	7281	21	7
3457	7283	21	8
3458	7285	21	8
3459	7287	21	9
3460	7289	21	8
3461	7291	21	9
3462	7293	21	9
3463	7297	21	5
3464	7299	21	6
3465	7301	21	6
3466	7303	21	7
3467	7305	21	6
3468	7307	21	7
3469	7309	21	7
3470	7311	21	8
3471	7313	21	6
3472	7315	21	7
3473	7317	21	7
3474	7319	21	8
3475	7321	21	7
3476	7323	21	8
3477	7325	21	8
3478	7327	21	9
3479	7329	21	6
3480	7331	21	7
3481	7333	21	7
3482	7335	21	8
3483	7337	21	7
3484	7339	21	8
3485	7341	21	8
3486	7343	21	9
3487	7345	21	7
3488	7347	21	8
3489	7349	21	8
3490	7351	21	9
3491	7353	21	8
3492	7355	21	9
3493	7357	21	9
3494	7361	21	6
3495	7363	21	7
3496	7365	21	7
3497	7367	21	8
3498	7369	21	7
3499	7371	21	8
3500	7373	21	8
3501	7375	21	9
3502	7377	21	7
3503	7379	21	8
3504	7381	21	8
3505	7383	21	9
3506	7385	21	8
3507	7387	21	9
3508	7389	21	9
3509	7393	21	7
3510	7395	21	8
3511	7397	21	8
3512	7399	21	9
3513	7401	21	8
3514	7403	21	9
3515	7405	21	9
3516	7409	21	8
3517	7411	21	9
3518	7413	21	9
3519	7417	21	9
3520	7425	21	5
3521	7427	21	6
3522	7429	21	6
3523	7431	21	7
3524	7433	21	6
3525	7435	21	7
3526	7437	21	7
3527	7439	21	8
3528	7441	21	6
3529	7443	21	7
3530	7445	21	7
3531	7447	21	8
3532	7449	21	7
3533	7451	21	8
3534	7453	21	8
3535	7455	21	9
3536	7457	21	6
3537	7459	21	7
3538	7461	21	7
3539	7463	21	8
3540	7465	21	7
3541	7467	21	8
3542	7469	21	8
3543	7471	21	9
3544	7473	21	7
3545	7475	21	8
3546	7477	21	8
3547	7479	21	9
3548	7481	21	8
3549	7483	21	9
3550	7485	21	9
3551	7489	21	6
3552	7491	21	7
3553	7493	21	7
3554	7495	21	8
3555	7497	21	7
3556	7499	21	8
3557	7501	21	8
3558	7503	21	9
3559	7505	21	7
3560	7507	21	8
3561	7509	21	8
3562	7511	21	9
3563	7513	21	8
3564	7515	21	9
3565	7517	21	9
3566	7521	21	7
3567	7523	21	8
3568	7525	21	8
3569	7527	21	9
3570	7529	21	8
3571	7531	21	9
3572	7533	21	9
3573	7537	21	8
3574	7539	21	9
3575	7541	21	9
3576	7545	21	9
3577	7553	21	6
3578	7555	21	7
3579	7557	21	7
3580	7559	21	8
3581	7561	21	7
3582	7563	21	8
3583	7565	21	8
3584	7567	21	9
3585	7569	21	7
3586	7571	21	8
3587	7573	21	8
3588	7575	21	9
3589	7577	21	8
3590	7579	21	9
3591	7581	21	9
3592	7585	21	7
3593	7587	21	8
3594	7589	21	8
3595	7591	21	9
3596	7593	21	8
3597	7595	21	9
3598	7597	21	9
3599	7601	21	8
3600	7603	21	9
3601	7605	21	9
3602	7609	21	9
3603	7617	21	7
3604	7619	21	8
3605	7621	21	8
3606	7623	21	9
3607	7625	21	8
3608	7627	21	9
3609	7629	21	9
3610	7633	21	8
3611	7635	21	9
3612	7637	21	9
3613	7641	21	9
3614	7649	21	8
3615	7651	21	9
3616	7653	21	9
3617	7657	21	9
3618	7665	21	9
3619	7683	21	6
3620	7685	21	6
3621	7687	21	7
3622	7689	21	6
3623	7691	21	7
3624	7693	21	7
3625	7695	21	8
3626	7697	21	6
3627	7699	21	7
3628	7701	21	7
3629	7703	21	8
3630	7705	21	7
3631	7707	21	8
3632	7709	21	8
3633	7711	21	9
3634	7713	21	6
3635	7715	21	7
3636	7717	21	7
3637	7719	21	8
3638	7721	21	7
3639	7723	21	8
3640	7725	21	8
3641	7727	21	9
3642	7729	21	7
3643	7731	21	8
3644	7733	21	8
3645	7735	21	9
3646	7737	21	8
3647	7739	21	9
3648	7741	21	9
3649	7745	21	6
3650	7747	21	7
3651	7749	21	7
3652	7751	21	8
3653	7753	21	7
3654	7755	21	8
3655	7757	21	8
3656	7759	21	9
3657	7761	21	7
3658	7763	21	8
3659	7765	21	8
3660	7767	21	9
3661	7769	21	8
3662	7771	21	9
3663	7773	21	9
3664	7777	21	7
3665	7779	21	8
3666	7781	21	8
3667	7783	21	9
3668	7785	21	8
3669	7787	21	9
3670	7789	21	9
3671	7793	21	8
3672	7795	21	9
3673	7797	21	9
3674	7801	21	9
3675	7809	21	6
3676	7811	21	7
3677	7813	21	7
3678	7815	21	8
3679	7817	21	7
3680	7819	21	8
3681	7821	21	8
3682	7823	21	9
3683	7825	21	7
3684	7827	21	8
3685	7829	21	8
3686	7831	21	9
3687	7833	21	8
3688	7835	21	9
3689	7837	21	9
3690	7841	21	7
3691	7843	21	8
3692	7845	21	8
3693	7847	21	9
3694	7849	21	8
3695	7851	21	9
3696	7853	21	9
3697	7857	21	8
3698	7859	21	9
3699	7861	21	9
3700	7865	21	9
3701	7873	21	7
3702	7875	21	8
3703	7877	21	8
3704	7879	21	9
3705	7881	21	8
3706	7883	21	9
3707	7885	21	9
3708	7889	21	8
3709	7891	21	9
3710	7893	21	9
3711	7897	21	9
3712	7905	21	8
3713	7907	21	9
3714	7909	21	9
3715	7913	21	9
3716	7921	21	9
3717	7937	21	6
3718	7939	21	7
3719	7941	21	7
3720	7943	21	8
3721	7945	21	7
3722	7947	21	8
3723	7949	21	8
3724	7951	21	9
3725	7953	21	7
3726	7955	21	8
3727	7957	21	8
3728	7959	21	9
3729	7961	21	8
3730	7963	21	9
3731	7965	21	9
3732	7969	21	7
3733	7971	21	8
3734	7973	21	8
3735	7975	21	9
3736	7977	21	8
3737	7979	21	9
3738	7981	21	9
3739	7985	21	8
3740	7987	21	9
3741	7989	21	9
3742	7993	21	9
3743	8001	21	7
3744	8003	21	8
3745	8005	21	8
3746	8007	21	9
3747	8009	21	8
3748	8011	21	9
3749	8013	21	9
3750	8017	21	8
3751	8019	21	9
3752	8021	21	9
3753	8025	21	9
3754	8033	21	8
3755	8035	21	9
3756	8037	21	9
3757	8041	21	9
3758	8049	21	9
3759	8065	21	7
3760	8067	21	8
3761	8069	21	8
3762	8071	21	9
3763	8073	21	8
3764	8075	21	9
3765	8077	21	9
3766	8081	21	8
3767	8083	21	9
3768	8085	21	9
3769	8089	21	9
3770	8097	21	8
3771	8099	21	9
3772	8101	21	9
3773	8105	21	9
3774	8113	21	9
3775	8129	21	8
3776	8131	21	9
3777	8133	21	9
3778	8137	21	9
3779	8145	21	9
3780	8161	21	9
3781	8225	21	3
3782	8227	21	4
3783	8229	21	4
3784	8231	21	5
3785	8233	21	4
3786	8235	21	5
3787	8237	21	5
3788	8239	21	6
3789	8241	21	4
3790	8243	21	5
3791	8245	21	5
3792	8247	21	6
3793	8249	21	5
3794	8251	21	6
3795	8253	21	6
3796	8255	21	7
3797	8257	21	3
3798	8259	21	4
3799	8261	21	4
3800	8263	21	5
3801	8265	21	4
3802	8267	21	5
3803	8269	21	5
3804	8271	21	6
3805	8273	21	4
3806	8275	21	5
3807	8277	21	5
3808	8279	21	6
3809	8281	21	5
3810	8283	21	6
3811	8285	21	6
3812	8287	21	7
3813	8289	21	4
3814	8291	21	5
3815	8293	21	5
3816	8295	21	6
3817	8297	21	5
3818	8299	21	6
3819	8301	21	6
3820	8303	21	7
3821	8305	21	5
3822	8307	21	6
3823	8309	21	6
3824	8311	21	7
3825	8313	21	6
3826	8315	21	7
3827	8317	21	7
3828	8319	21	8
3829	8321	21	3
3830	8323	21	4
3831	8325	21	4
3832	8327	21	5
3833	8329	21	4
3834	8331	21	5
3835	8333	21	5
3836	8335	21	6
3837	8337	21	4
3838	8339	21	5
3839	8341	21	5
3840	8343	21	6
3841	8345	21	5
3842	8347	21	6
3843	8349	21	6
3844	8351	21	7
3845	8353	21	4
3846	8355	21	5
3847	8357	21	5
3848	8359	21	6
3849	8361	21	5
3850	8363	21	6
3851	8365	21	6
3852	8367	21	7
3853	8369	21	5
3854	8371	21	6
3855	8373	21	6
3856	8375	21	7
3857	8377	21	6
3858	8379	21	7
3859	8381	21	7
3860	8383	21	8
3861	8385	21	4
3862	8387	21	5
3863	8389	21	5
3864	8391	21	6
3865	8393	21	5
3866	8395	21	6
3867	8397	21	6
3868	8399	21	7
3869	8401	21	5
3870	8403	21	6
3871	8405	21	6
3872	8407	21	7
3873	8409	21	6
3874	8411	21	7
3875	8413	21	7
3876	8415	21	8
3877	8417	21	5
3878	8419	21	6
3879	8421	21	6
3880	8423	21	7
3881	8425	21	6
3882	8427	21	7
3883	8429	21	7
3884	8431	21	8
3885	8433	21	6
3886	8435	21	7
3887	8437	21	7
3888	8439	21	8
3889	8441	21	7
3890	8443	21	8
3891	8445	21	8
3892	8447	21	9
3893	8451	21	4
3894	8453	21	4
3895	8455	21	5
3896	8457	21	4
3897	8459	21	5
3898	8461	21	5
3899	8463	21	6
3900	8465	21	4
3901	8467	21	5
3902	8469	21	5
3903	8471	21	6
3904	8473	21	5
3905	8475	21	6
3906	8477	21	6
3907	8479	21	7
3908	8481	21	4
3909	8483	21	5
3910	8485	21	5
3911	8487	21	6
3912	8489	21	5
3913	8491	21	6
3914	8493	21	6
3915	8495	21	7
3916	8497	21	5
3917	8499	21	6
3918	8501	21	6
3919	8503	21	7
3920	8505	21	6
3921	8507	21	7
3922	8509	21	7
3923	8511	21	8
3924	8513	21	4
3925	8515	21	5
3926	8517	21	5
3927	8519	21	6
3928	8521	21	5
3929	8523	21	6
3930	8525	21	6
3931	8527	21	7
3932	8529	21	5
3933	8531	21	6
3934	8533	21	6
3935	8535	21	7
3936	8537	21	6
3937	8539	21	7
3938	8541	21	7
3939	8543	21	8
3940	8545	21	5
3941	8547	21	6
3942	8549	21	6
3943	8551	21	7
3944	8553	21	6
3945	8555	21	7
3946	8557	21	7
3947	8559	21	8
3948	8561	21	6
3949	8563	21	7
3950	8565	21	7
3951	8567	21	8
3952	8569	21	7
3953	8571	21	8
3954	8573	21	8
3955	8575	21	9
3956	8577	21	4
3957	8579	21	5
3958	8581	21	5
3959	8583	21	6
3960	8585	21	5
3961	8587	21	6
3962	8589	21	6
3963	8591	21	7
3964	8593	21	5
3965	8595	21	6
3966	8597	21	6
3967	8599	21	7
3968	8601	21	6
3969	8603	21	7
3970	8605	21	7
3971	8607	21	8
3972	8609	21	5
3973	8611	21	6
3974	8613	21	6
3975	8615	21	7
3976	8617	21	6
3977	8619	21	7
3978	8621	21	7
3979	8623	21	8
3980	8625	21	6
3981	8627	21	7
3982	8629	21	7
3983	8631	21	8
3984	8633	21	7
3985	8635	21	8
3986	8637	21	8
3987	8639	21	9
3988	8641	21	5
3989	8643	21	6
3990	8645	21	6
3991	8647	21	7
3992	8649	21	6
3993	8651	21	7
3994	8653	21	7
3995	8655	21	8
3996	8657	21	6
3997	8659	21	7
3998	8661	21	7
3999	8663	21	8
4000	8665	21	7
4001	8667	21	8
4002	8669	21	8
4003	8671	21	9
4004	8673	21	6
4005	8675	21	7
4006	8677	21	7
4007	8679	21	8
4008	8681	21	7
4009	8683	21	8
4010	8685	21	8
4011	8687	21	9
4012	8689	21	7
4013	8691	21	8
4014	8693	21	8
4015	8695	21	9
4016	8697	21	8
4017	8699	21	9
4018	8701	21	9
4019	8707	21	4
4020	8709	21	4
4021	8711	21	5
4022	8713	21	4
4023	8715	21	5
4024	8717	21	5
4025	8719	21	6
4026	8721	21	4
4027	8723	21	5
4028	8725	21	5
4029	8727	21	6
4030	8729	21	5
4031	8731	21	6
4032	8733	21	6
4033	8735	21	7
4034	8737	21	4
4035	8739	21	5
4036	8741	21	5
4037	8743	21	6
4038	8745	21	5
4039	8747	21	6
4040	8749	21	6
4041	8751	21	7
4042	8753	21	5
4043	8755	21	6
4044	8757	21	6
4045	8759	21	7
4046	8761	21	6
4047	8763	21	7
4048	8765	21	7
4049	8767	21	8
4050	8769	21	4
4051	8771	21	5
4052	8773	21	5
4053	8775	21	6
4054	8777	21	5
4055	8779	21	6
4056	8781	21	6
4057	8783	21	7
4058	8785	21	5
4059	8787	21	6
4060	8789	21	6
4061	8791	21	7
4062	8793	21	6
4063	8795	21	7
4064	8797	21	7
4065	8799	21	8
4066	8801	21	5
4067	8803	21	6
4068	8805	21	6
4069	8807	21	7
4070	8809	21	6
4071	8811	21	7
4072	8813	21	7
4073	8815	21	8
4074	8817	21	6
4075	8819	21	7
4076	8821	21	7
4077	8823	21	8
4078	8825	21	7
4079	8827	21	8
4080	8829	21	8
4081	8831	21	9
4082	8833	21	4
4083	8835	21	5
4084	8837	21	5
4085	8839	21	6
4086	8841	21	5
4087	8843	21	6
4088	8845	21	6
4089	8847	21	7
4090	8849	21	5
4091	8851	21	6
4092	8853	21	6
4093	8855	21	7
4094	8857	21	6
4095	8859	21	7
4096	8861	21	7
4097	8863	21	8
4098	8865	21	5
4099	8867	21	6
4100	8869	21	6
4101	8871	21	7
4102	8873	21	6
4103	8875	21	7
4104	8877	21	7
4105	8879	21	8
4106	8881	21	6
4107	8883	21	7
4108	8885	21	7
4109	8887	21	8
4110	8889	21	7
4111	8891	21	8
4112	8893	21	8
4113	8895	21	9
4114	8897	21	5
4115	8899	21	6
4116	8901	21	6
4117	8903	21	7
4118	8905	21	6
4119	8907	21	7
4120	8909	21	7
4121	8911	21	8
4122	8913	21	6
4123	8915	21	7
4124	8917	21	7
4125	8919	21	8
4126	8921	21	7
4127	8923	21	8
4128	8925	21	8
4129	8927	21	9
4130	8929	21	6
4131	8931	21	7
4132	8933	21	7
4133	8935	21	8
4134	8937	21	7
4135	8939	21	8
4136	8941	21	8
4137	8943	21	9
4138	8945	21	7
4139	8947	21	8
4140	8949	21	8
4141	8951	21	9
4142	8953	21	8
4143	8955	21	9
4144	8957	21	9
4145	8963	21	5
4146	8965	21	5
4147	8967	21	6
4148	8969	21	5
4149	8971	21	6
4150	8973	21	6
4151	8975	21	7
4152	8977	21	5
4153	8979	21	6
4154	8981	21	6
4155	8983	21	7
4156	8985	21	6
4157	8987	21	7
4158	8989	21	7
4159	8991	21	8
4160	8993	21	5
4161	8995	21	6
4162	8997	21	6
4163	8999	21	7
4164	9001	21	6
4165	9003	21	7
4166	9005	21	7
4167	9007	21	8
4168	9009	21	6
4169	9011	21	7
4170	9013	21	7
4171	9015	21	8
4172	9017	21	7
4173	9019	21	8
4174	9021	21	8
4175	9023	21	9
4176	9025	21	5
4177	9027	21	6
4178	9029	21	6
4179	9031	21	7
4180	9033	21	6
4181	9035	21	7
4182	9037	21	7
4183	9039	21	8
4184	9041	21	6
4185	9043	21	7
4186	9045	21	7
4187	9047	21	8
4188	9049	21	7
4189	9051	21	8
4190	9053	21	8
4191	9055	21	9
4192	9057	21	6
4193	9059	21	7
4194	9061	21	7
4195	9063	21	8
4196	9065	21	7
4197	9067	21	8
4198	9069	21	8
4199	9071	21	9
4200	9073	21	7
4201	9075	21	8
4202	9077	21	8
4203	9079	21	9
4204	9081	21	8
4205	9083	21	9
4206	9085	21	9
4207	9089	21	5
4208	9091	21	6
4209	9093	21	6
4210	9095	21	7
4211	9097	21	6
4212	9099	21	7
4213	9101	21	7
4214	9103	21	8
4215	9105	21	6
4216	9107	21	7
4217	9109	21	7
4218	9111	21	8
4219	9113	21	7
4220	9115	21	8
4221	9117	21	8
4222	9119	21	9
4223	9121	21	6
4224	9123	21	7
4225	9125	21	7
4226	9127	21	8
4227	9129	21	7
4228	9131	21	8
4229	9133	21	8
4230	9135	21	9
4231	9137	21	7
4232	9139	21	8
4233	9141	21	8
4234	9143	21	9
4235	9145	21	8
4236	9147	21	9
4237	9149	21	9
4238	9153	21	6
4239	9155	21	7
4240	9157	21	7
4241	9159	21	8
4242	9161	21	7
4243	9163	21	8
4244	9165	21	8
4245	9167	21	9
4246	9169	21	7
4247	9171	21	8
4248	9173	21	8
4249	9175	21	9
4250	9177	21	8
4251	9179	21	9
4252	9181	21	9
4253	9185	21	7
4254	9187	21	8
4255	9189	21	8
4256	9191	21	9
4257	9193	21	8
4258	9195	21	9
4259	9197	21	9
4260	9201	21	8
4261	9203	21	9
4262	9205	21	9
4263	9209	21	9
4264	9221	21	4
4265	9223	21	5
4266	9225	21	4
4267	9227	21	5
4268	9229	21	5
4269	9231	21	6
4270	9233	21	4
4271	9235	21	5
4272	9237	21	5
4273	9239	21	6
4274	9241	21	5
4275	9243	21	6
4276	9245	21	6
4277	9247	21	7
4278	9249	21	4
4279	9251	21	5
4280	9253	21	5
4281	9255	21	6
4282	9257	21	5
4283	9259	21	6
4284	9261	21	6
4285	9263	21	7
4286	9265	21	5
4287	9267	21	6
4288	9269	21	6
4289	9271	21	7
4290	9273	21	6
4291	9275	21	7
4292	9277	21	7
4293	9279	21	8
4294	9281	21	4
4295	9283	21	5
4296	9285	21	5
4297	9287	21	6
4298	9289	21	5
4299	9291	21	6
4300	9293	21	6
4301	9295	21	7
4302	9297	21	5
4303	9299	21	6
4304	9301	21	6
4305	9303	21	7
4306	9305	21	6
4307	9307	21	7
4308	9309	21	7
4309	9311	21	8
4310	9313	21	5
4311	9315	21	6
4312	9317	21	6
4313	9319	21	7
4314	9321	21	6
4315	9323	21	7
4316	9325	21	7
4317	9327	21	8
4318	9329	21	6
4319	9331	21	7
4320	9333	21	7
4321	9335	21	8
4322	9337	21	7
4323	9339	21	8
4324	9341	21	8
4325	9343	21	9
4326	9345	21	4
4327	9347	21	5
4328	9349	21	5
4329	9351	21	6
4330	9353	21	5
4331	9355	21	6
4332	9357	21	6
4333	9359	21	7
4334	9361	21	5
4335	9363	21	6
4336	9365	21	6
4337	9367	21	7
4338	9369	21	6
4339	9371	21	7
4340	9373	21	7
4341	9375	21	8
4342	9377	21	5
4343	9379	21	6
4344	9381	21	6
4345	9383	21	7
4346	9385	21	6
4347	9387	21	7
4348	9389	21	7
4349	9391	21	8
4350	9393	21	6
4351	9395	21	7
4352	9397	21	7
4353	9399	21	8
4354	9401	21	7
4355	9403	21	8
4356	9405	21	8
4357	9407	21	9
4358	9409	21	5
4359	9411	21	6
4360	9413	21	6
4361	9415	21	7
4362	9417	21	6
4363	9419	21	7
4364	9421	21	7
4365	9423	21	8
4366	9425	21	6
4367	9427	21	7
4368	9429	21	7
4369	9431	21	8
4370	9433	21	7
4371	9435	21	8
4372	9437	21	8
4373	9439	21	9
4374	9441	21	6
4375	9443	21	7
4376	9445	21	7
4377	9447	21	8
4378	9449	21	7
4379	9451	21	8
4380	9453	21	8
4381	9455	21	9
4382	9457	21	7
4383	9459	21	8
4384	9461	21	8
4385	9463	21	9
4386	9465	21	8
4387	9467	21	9
4388	9469	21	9
4389	9475	21	5
4390	9477	21	5
4391	9479	21	6
4392	9481	21	5
4393	9483	21	6
4394	9485	21	6
4395	9487	21	7
4396	9489	21	5
4397	9491	21	6
4398	9493	21	6
4399	9495	21	7
4400	9497	21	6
4401	9499	21	7
4402	9501	21	7
4403	9503	21	8
4404	9505	21	5
4405	9507	21	6
4406	9509	21	6
4407	9511	21	7
4408	9513	21	6
4409	9515	21	7
4410	9517	21	7
4411	9519	21	8
4412	9521	21	6
4413	9523	21	7
4414	9525	21	7
4415	9527	21	8
4416	9529	21	7
4417	9531	21	8
4418	9533	21	8
4419	9535	21	9
4420	9537	21	5
4421	9539	21	6
4422	9541	21	6
4423	9543	21	7
4424	9545	21	6
4425	9547	21	7
4426	9549	21	7
4427	9551	21	8
4428	9553	21	6
4429	9555	21	7
4430	9557	21	7
4431	9559	21	8
4432	9561	21	7
4433	9563	21	8
4434	9565	21	8
4435	9567	21	9
4436	9569	21	6
4437	9571	21	7
4438	9573	21	7
4439	9575	21	8
4440	9577	21	7
4441	9579	21	8
4442	9581	21	8
4443	9583	21	9
4444	9585	21	7
4445	9587	21	8
4446	9589	21	8
4447	9591	21	9
4448	9593	21	8
4449	9595	21	9
4450	9597	21	9
4451	9601	21	5
4452	9603	21	6
4453	9605	21	6
4454	9607	21	7
4455	9609	21	6
4456	9611	21	7
4457	9613	21	7
4458	9615	21	8
4459	9617	21	6
4460	9619	21	7
4461	9621	21	7
4462	9623	21	8
4463	9625	21	7
4464	9627	21	8
4465	9629	21	8
4466	9631	21	9
4467	9633	21	6
4468	9635	21	7
4469	9637	21	7
4470	9639	21	8
4471	9641	21	7
4472	9643	21	8
4473	9645	21	8
4474	9647	21	9
4475	9649	21	7
4476	9651	21	8
4477	9653	21	8
4478	9655	21	9
4479	9657	21	8
4480	9659	21	9
4481	9661	21	9
4482	9665	21	6
4483	9667	21	7
4484	9669	21	7
4485	9671	21	8
4486	9673	21	7
4487	9675	21	8
4488	9677	21	8
4489	9679	21	9
4490	9681	21	7
4491	9683	21	8
4492	9685	21	8
4493	9687	21	9
4494	9689	21	8
4495	9691	21	9
4496	9693	21	9
4497	9697	21	7
4498	9699	21	8
4499	9701	21	8
4500	9703	21	9
4501	9705	21	8
4502	9707	21	9
4503	9709	21	9
4504	9713	21	8
4505	9715	21	9
4506	9717	21	9
4507	9721	21	9
4508	9731	21	5
4509	9733	21	5
4510	9735	21	6
4511	9737	21	5
4512	9739	21	6
4513	9741	21	6
4514	9743	21	7
4515	9745	21	5
4516	9747	21	6
4517	9749	21	6
4518	9751	21	7
4519	9753	21	6
4520	9755	21	7
4521	9757	21	7
4522	9759	21	8
4523	9761	21	5
4524	9763	21	6
4525	9765	21	6
4526	9767	21	7
4527	9769	21	6
4528	9771	21	7
4529	9773	21	7
4530	9775	21	8
4531	9777	21	6
4532	9779	21	7
4533	9781	21	7
4534	9783	21	8
4535	9785	21	7
4536	9787	21	8
4537	9789	21	8
4538	9791	21	9
4539	9793	21	5
4540	9795	21	6
4541	9797	21	6
4542	9799	21	7
4543	9801	21	6
4544	9803	21	7
4545	9805	21	7
4546	9807	21	8
4547	9809	21	6
4548	9811	21	7
4549	9813	21	7
4550	9815	21	8
4551	9817	21	7
4552	9819	21	8
4553	9821	21	8
4554	9823	21	9
4555	9825	21	6
4556	9827	21	7
4557	9829	21	7
4558	9831	21	8
4559	9833	21	7
4560	9835	21	8
4561	9837	21	8
4562	9839	21	9
4563	9841	21	7
4564	9843	21	8
4565	9845	21	8
4566	9847	21	9
4567	9849	21	8
4568	9851	21	9
4569	9853	21	9
4570	9857	21	5
4571	9859	21	6
4572	9861	21	6
4573	9863	21	7
4574	9865	21	6
4575	9867	21	7
4576	9869	21	7
4577	9871	21	8
4578	9873	21	6
4579	9875	21	7
4580	9877	21	7
4581	9879	21	8
4582	9881	21	7
4583	9883	21	8
4584	9885	21	8
4585	9887	21	9
4586	9889	21	6
4587	9891	21	7
4588	9893	21	7
4589	9895	21	8
4590	9897	21	7
4591	9899	21	8
4592	9901	21	8
4593	9903	21	9
4594	9905	21	7
4595	9907	21	8
4596	9909	21	8
4597	9911	21	9
4598	9913	21	8
4599	9915	21	9
4600	9917	21	9
4601	9921	21	6
4602	9923	21	7
4603	9925	21	7
4604	9927	21	8
4605	9929	21	7
4606	9931	21	8
4607	9933	21	8
4608	9935	21	9
4609	9937	21	7
4610	9939	21	8
4611	9941	21	8
4612	9943	21	9
4613	9945	21	8
4614	9947	21	9
4615	9949	21	9
4616	9953	21	7
4617	9955	21	8
4618	9957	21	8
4619	9959	21	9
4620	9961	21	8
4621	9963	21	9
4622	9965	21	9
4623	9969	21	8
4624	9971	21	9
4625	9973	21	9
4626	9977	21	9
4627	9987	21	6
4628	9989	21	6
4629	9991	21	7
4630	9993	21	6
4631	9995	21	7
4632	9997	21	7
4633	9999	21	8
4634	10001	21	6
4635	10003	21	7
4636	10005	21	7
4637	10007	21	8
4638	10009	21	7
4639	10011	21	8
4640	10013	21	8
4641	10015	21	9
4642	10017	21	6
4643	10019	21	7
4644	10021	21	7
4645	10023	21	8
4646	10025	21	7
4647	10027	21	8
4648	10029	21	8
4649	10031	21	9
4650	10033	21	7
4651	10035	21	8
4652	10037	21	8
4653	10039	21	9
4654	10041	21	8
4655	10043	21	9
4656	10045	21	9
4657	10049	21	6
4658	10051	21	7
4659	10053	21	7
4660	10055	21	8
4661	10057	21	7
4662	10059	21	8
4663	10061	21	8
4664	10063	21	9
4665	10065	21	7
4666	10067	21	8
4667	10069	21	8
4668	10071	21	9
4669	10073	21	8
4670	10075	21	9
4671	10077	21	9
4672	10081	21	7
4673	10083	21	8
4674	10085	21	8
4675	10087	21	9
4676	10089	21	8
4677	10091	21	9
4678	10093	21	9
4679	10097	21	8
4680	10099	21	9
4681	10101	21	9
4682	10105	21	9
4683	10113	21	6
4684	10115	21	7
4685	10117	21	7
4686	10119	21	8
4687	10121	21	7
4688	10123	21	8
4689	10125	21	8
4690	10127	21	9
4691	10129	21	7
4692	10131	21	8
4693	10133	21	8
4694	10135	21	9
4695	10137	21	8
4696	10139	21	9
4697	10141	21	9
4698	10145	21	7
4699	10147	21	8
4700	10149	21	8
4701	10151	21	9
4702	10153	21	8
4703	10155	21	9
4704	10157	21	9
4705	10161	21	8
4706	10163	21	9
4707	10165	21	9
4708	10169	21	9
4709	10177	21	7
4710	10179	21	8
4711	10181	21	8
4712	10183	21	9
4713	10185	21	8
4714	10187	21	9
4715	10189	21	9
4716	10193	21	8
4717	10195	21	9
4718	10197	21	9
4719	10201	21	9
4720	10209	21	8
4721	10211	21	9
4722	10213	21	9
4723	10217	21	9
4724	10225	21	9
4725	10251	21	5
4726	10253	21	5
4727	10255	21	6
4728	10257	21	4
4729	10259	21	5
4730	10261	21	5
4731	10263	21	6
4732	10265	21	5
4733	10267	21	6
4734	10269	21	6
4735	10271	21	7
4736	10273	21	4
4737	10275	21	5
4738	10277	21	5
4739	10279	21	6
4740	10281	21	5
4741	10283	21	6
4742	10285	21	6
4743	10287	21	7
4744	10289	21	5
4745	10291	21	6
4746	10293	21	6
4747	10295	21	7
4748	10297	21	6
4749	10299	21	7
4750	10301	21	7
4751	10303	21	8
4752	10305	21	4
4753	10307	21	5
4754	10309	21	5
4755	10311	21	6
4756	10313	21	5
4757	10315	21	6
4758	10317	21	6
4759	10319	21	7
4760	10321	21	5
4761	10323	21	6
4762	10325	21	6
4763	10327	21	7
4764	10329	21	6
4765	10331	21	7
4766	10333	21	7
4767	10335	21	8
4768	10337	21	5
4769	10339	21	6
4770	10341	21	6
4771	10343	21	7
4772	10345	21	6
4773	10347	21	7
4774	10349	21	7
4775	10351	21	8
4776	10353	21	6
4777	10355	21	7
4778	10357	21	7
4779	10359	21	8
4780	10361	21	7
4781	10363	21	8
4782	10365	21	8
4783	10367	21	9
4784	10369	21	4
4785	10371	21	5
4786	10373	21	5
4787	10375	21	6
4788	10377	21	5
4789	10379	21	6
4790	10381	21	6
4791	10383	21	7
4792	10385	21	5
4793	10387	21	6
4794	10389	21	6
4795	10391	21	7
4796	10393	21	6
4797	10395	21	7
4798	10397	21	7
4799	10399	21	8
4800	10401	21	5
4801	10403	21	6
4802	10405	21	6
4803	10407	21	7
4804	10409	21	6
4805	10411	21	7
4806	10413	21	7
4807	10415	21	8
4808	10417	21	6
4809	10419	21	7
4810	10421	21	7
4811	10423	21	8
4812	10425	21	7
4813	10427	21	8
4814	10429	21	8
4815	10431	21	9
4816	10433	21	5
4817	10435	21	6
4818	10437	21	6
4819	10439	21	7
4820	10441	21	6
4821	10443	21	7
4822	10445	21	7
4823	10447	21	8
4824	10449	21	6
4825	10451	21	7
4826	10453	21	7
4827	10455	21	8
4828	10457	21	7
4829	10459	21	8
4830	10461	21	8
4831	10463	21	9
4832	10465	21	6
4833	10467	21	7
4834	10469	21	7
4835	10471	21	8
4836	10473	21	7
4837	10475	21	8
4838	10477	21	8
4839	10479	21	9
4840	10481	21	7
4841	10483	21	8
4842	10485	21	8
4843	10487	21	9
4844	10489	21	8
4845	10491	21	9
4846	10493	21	9
4847	10499	21	5
4848	10501	21	5
4849	10503	21	6
4850	10505	21	5
4851	10507	21	6
4852	10509	21	6
4853	10511	21	7
4854	10513	21	5
4855	10515	21	6
4856	10517	21	6
4857	10519	21	7
4858	10521	21	6
4859	10523	21	7
4860	10525	21	7
4861	10527	21	8
4862	10529	21	5
4863	10531	21	6
4864	10533	21	6
4865	10535	21	7
4866	10537	21	6
4867	10539	21	7
4868	10541	21	7
4869	10543	21	8
4870	10545	21	6
4871	10547	21	7
4872	10549	21	7
4873	10551	21	8
4874	10553	21	7
4875	10555	21	8
4876	10557	21	8
4877	10559	21	9
4878	10561	21	5
4879	10563	21	6
4880	10565	21	6
4881	10567	21	7
4882	10569	21	6
4883	10571	21	7
4884	10573	21	7
4885	10575	21	8
4886	10577	21	6
4887	10579	21	7
4888	10581	21	7
4889	10583	21	8
4890	10585	21	7
4891	10587	21	8
4892	10589	21	8
4893	10591	21	9
4894	10593	21	6
4895	10595	21	7
4896	10597	21	7
4897	10599	21	8
4898	10601	21	7
4899	10603	21	8
4900	10605	21	8
4901	10607	21	9
4902	10609	21	7
4903	10611	21	8
4904	10613	21	8
4905	10615	21	9
4906	10617	21	8
4907	10619	21	9
4908	10621	21	9
4909	10625	21	5
4910	10627	21	6
4911	10629	21	6
4912	10631	21	7
4913	10633	21	6
4914	10635	21	7
4915	10637	21	7
4916	10639	21	8
4917	10641	21	6
4918	10643	21	7
4919	10645	21	7
4920	10647	21	8
4921	10649	21	7
4922	10651	21	8
4923	10653	21	8
4924	10655	21	9
4925	10657	21	6
4926	10659	21	7
4927	10661	21	7
4928	10663	21	8
4929	10665	21	7
4930	10667	21	8
4931	10669	21	8
4932	10671	21	9
4933	10673	21	7
4934	10675	21	8
4935	10677	21	8
4936	10679	21	9
4937	10681	21	8
4938	10683	21	9
4939	10685	21	9
4940	10689	21	6
4941	10691	21	7
4942	10693	21	7
4943	10695	21	8
4944	10697	21	7
4945	10699	21	8
4946	10701	21	8
4947	10703	21	9
4948	10705	21	7
4949	10707	21	8
4950	10709	21	8
4951	10711	21	9
4952	10713	21	8
4953	10715	21	9
4954	10717	21	9
4955	10721	21	7
4956	10723	21	8
4957	10725	21	8
4958	10727	21	9
4959	10729	21	8
4960	10731	21	9
4961	10733	21	9
4962	10737	21	8
4963	10739	21	9
4964	10741	21	9
4965	10745	21	9
4966	10755	21	5
4967	10757	21	5
4968	10759	21	6
4969	10761	21	5
4970	10763	21	6
4971	10765	21	6
4972	10767	21	7
4973	10769	21	5
4974	10771	21	6
4975	10773	21	6
4976	10775	21	7
4977	10777	21	6
4978	10779	21	7
4979	10781	21	7
4980	10783	21	8
4981	10785	21	5
4982	10787	21	6
4983	10789	21	6
4984	10791	21	7
4985	10793	21	6
4986	10795	21	7
4987	10797	21	7
4988	10799	21	8
4989	10801	21	6
4990	10803	21	7
4991	10805	21	7
4992	10807	21	8
4993	10809	21	7
4994	10811	21	8
4995	10813	21	8
4996	10815	21	9
4997	10817	21	5
4998	10819	21	6
4999	10821	21	6
5000	10823	21	7
5001	10825	21	6
5002	10827	21	7
5003	10829	21	7
5004	10831	21	8
5005	10833	21	6
5006	10835	21	7
5007	10837	21	7
5008	10839	21	8
5009	10841	21	7
5010	10843	21	8
5011	10845	21	8
5012	10847	21	9
5013	10849	21	6
5014	10851	21	7
5015	10853	21	7
5016	10855	21	8
5017	10857	21	7
5018	10859	21	8
5019	10861	21	8
5020	10863	21	9
5021	10865	21	7
5022	10867	21	8
5023	10869	21	8
5024	10871	21	9
5025	10873	21	8
5026	10875	21	9
5027	10877	21	9
5028	10881	21	5
5029	10883	21	6
5030	10885	21	6
5031	10887	21	7
5032	10889	21	6
5033	10891	21	7
5034	10893	21	7
5035	10895	21	8
5036	10897	21	6
5037	10899	21	7
5038	10901	21	7
5039	10903	21	8
5040	10905	21	7
5041	10907	21	8
5042	10909	21	8
5043	10911	21	9
5044	10913	21	6
5045	10915	21	7
5046	10917	21	7
5047	10919	21	8
5048	10921	21	7
5049	10923	21	8
5050	10925	21	8
5051	10927	21	9
5052	10929	21	7
5053	10931	21	8
5054	10933	21	8
5055	10935	21	9
5056	10937	21	8
5057	10939	21	9
5058	10941	21	9
5059	10945	21	6
5060	10947	21	7
5061	10949	21	7
5062	10951	21	8
5063	10953	21	7
5064	10955	21	8
5065	10957	21	8
5066	10959	21	9
5067	10961	21	7
5068	10963	21	8
5069	10965	21	8
5070	10967	21	9
5071	10969	21	8
5072	10971	21	9
5073	10973	21	9
5074	10977	21	7
5075	10979	21	8
5076	10981	21	8
5077	10983	21	9
5078	10985	21	8
5079	10987	21	9
5080	10989	21	9
5081	10993	21	8
5082	10995	21	9
5083	10997	21	9
5084	11001	21	9
5085	11011	21	6
5086	11013	21	6
5087	11015	21	7
5088	11017	21	6
5089	11019	21	7
5090	11021	21	7
5091	11023	21	8
5092	11025	21	6
5093	11027	21	7
5094	11029	21	7
5095	11031	21	8
5096	11033	21	7
5097	11035	21	8
5098	11037	21	8
5099	11039	21	9
5100	11041	21	6
5101	11043	21	7
5102	11045	21	7
5103	11047	21	8
5104	11049	21	7
5105	11051	21	8
5106	11053	21	8
5107	11055	21	9
5108	11057	21	7
5109	11059	21	8
5110	11061	21	8
5111	11063	21	9
5112	11065	21	8
5113	11067	21	9
5114	11069	21	9
5115	11073	21	6
5116	11075	21	7
5117	11077	21	7
5118	11079	21	8
5119	11081	21	7
5120	11083	21	8
5121	11085	21	8
5122	11087	21	9
5123	11089	21	7
5124	11091	21	8
5125	11093	21	8
5126	11095	21	9
5127	11097	21	8
5128	11099	21	9
5129	11101	21	9
5130	11105	21	7
5131	11107	21	8
5132	11109	21	8
5133	11111	21	9
5134	11113	21	8
5135	11115	21	9
5136	11117	21	9
5137	11121	21	8
5138	11123	21	9
5139	11125	21	9
5140	11129	21	9
5141	11137	21	6
5142	11139	21	7
5143	11141	21	7
5144	11143	21	8
5145	11145	21	7
5146	11147	21	8
5147	11149	21	8
5148	11151	21	9
5149	11153	21	7
5150	11155	21	8
5151	11157	21	8
5152	11159	21	9
5153	11161	21	8
5154	11163	21	9
5155	11165	21	9
5156	11169	21	7
5157	11171	21	8
5158	11173	21	8
5159	11175	21	9
5160	11177	21	8
5161	11179	21	9
5162	11181	21	9
5163	11185	21	8
5164	11187	21	9
5165	11189	21	9
5166	11193	21	9
5167	11201	21	7
5168	11203	21	8
5169	11205	21	8
5170	11207	21	9
5171	11209	21	8
5172	11211	21	9
5173	11213	21	9
5174	11217	21	8
5175	11219	21	9
5176	11221	21	9
5177	11225	21	9
5178	11233	21	8
5179	11235	21	9
5180	11237	21	9
5181	11241	21	9
5182	11249	21	9
5183	11271	21	6
5184	11273	21	5
5185	11275	21	6
5186	11277	21	6
5187	11279	21	7
5188	11281	21	5
5189	11283	21	6
5190	11285	21	6
5191	11287	21	7
5192	11289	21	6
5193	11291	21	7
5194	11293	21	7
5195	11295	21	8
5196	11297	21	5
5197	11299	21	6
5198	11301	21	6
5199	11303	21	7
5200	11305	21	6
5201	11307	21	7
5202	11309	21	7
5203	11311	21	8
5204	11313	21	6
5205	11315	21	7
5206	11317	21	7
5207	11319	21	8
5208	11321	21	7
5209	11323	21	8
5210	11325	21	8
5211	11327	21	9
5212	11329	21	5
5213	11331	21	6
5214	11333	21	6
5215	11335	21	7
5216	11337	21	6
5217	11339	21	7
5218	11341	21	7
5219	11343	21	8
5220	11345	21	6
5221	11347	21	7
5222	11349	21	7
5223	11351	21	8
5224	11353	21	7
5225	11355	21	8
5226	11357	21	8
5227	11359	21	9
5228	11361	21	6
5229	11363	21	7
5230	11365	21	7
5231	11367	21	8
5232	11369	21	7
5233	11371	21	8
5234	11373	21	8
5235	11375	21	9
5236	11377	21	7
5237	11379	21	8
5238	11381	21	8
5239	11383	21	9
5240	11385	21	8
5241	11387	21	9
5242	11389	21	9
5243	11393	21	5
5244	11395	21	6
5245	11397	21	6
5246	11399	21	7
5247	11401	21	6
5248	11403	21	7
5249	11405	21	7
5250	11407	21	8
5251	11409	21	6
5252	11411	21	7
5253	11413	21	7
5254	11415	21	8
5255	11417	21	7
5256	11419	21	8
5257	11421	21	8
5258	11423	21	9
5259	11425	21	6
5260	11427	21	7
5261	11429	21	7
5262	11431	21	8
5263	11433	21	7
5264	11435	21	8
5265	11437	21	8
5266	11439	21	9
5267	11441	21	7
5268	11443	21	8
5269	11445	21	8
5270	11447	21	9
5271	11449	21	8
5272	11451	21	9
5273	11453	21	9
5274	11457	21	6
5275	11459	21	7
5276	11461	21	7
5277	11463	21	8
5278	11465	21	7
5279	11467	21	8
5280	11469	21	8
5281	11471	21	9
5282	11473	21	7
5283	11475	21	8
5284	11477	21	8
5285	11479	21	9
5286	11481	21	8
5287	11483	21	9
5288	11485	21	9
5289	11489	21	7
5290	11491	21	8
5291	11493	21	8
5292	11495	21	9
5293	11497	21	8
5294	11499	21	9
5295	11501	21	9
5296	11505	21	8
5297	11507	21	9
5298	11509	21	9
5299	11513	21	9
5300	11523	21	6
5301	11525	21	6
5302	11527	21	7
5303	11529	21	6
5304	11531	21	7
5305	11533	21	7
5306	11535	21	8
5307	11537	21	6
5308	11539	21	7
5309	11541	21	7
5310	11543	21	8
5311	11545	21	7
5312	11547	21	8
5313	11549	21	8
5314	11551	21	9
5315	11553	21	6
5316	11555	21	7
5317	11557	21	7
5318	11559	21	8
5319	11561	21	7
5320	11563	21	8
5321	11565	21	8
5322	11567	21	9
5323	11569	21	7
5324	11571	21	8
5325	11573	21	8
5326	11575	21	9
5327	11577	21	8
5328	11579	21	9
5329	11581	21	9
5330	11585	21	6
5331	11587	21	7
5332	11589	21	7
5333	11591	21	8
5334	11593	21	7
5335	11595	21	8
5336	11597	21	8
5337	11599	21	9
5338	11601	21	7
5339	11603	21	8
5340	11605	21	8
5341	11607	21	9
5342	11609	21	8
5343	11611	21	9
5344	11613	21	9
5345	11617	21	7
5346	11619	21	8
5347	11621	21	8
5348	11623	21	9
5349	11625	21	8
5350	11627	21	9
5351	11629	21	9
5352	11633	21	8
5353	11635	21	9
5354	11637	21	9
5355	11641	21	9
5356	11649	21	6
5357	11651	21	7
5358	11653	21	7
5359	11655	21	8
5360	11657	21	7
5361	11659	21	8
5362	11661	21	8
5363	11663	21	9
5364	11665	21	7
5365	11667	21	8
5366	11669	21	8
5367	11671	21	9
5368	11673	21	8
5369	11675	21	9
5370	11677	21	9
5371	11681	21	7
5372	11683	21	8
5373	11685	21	8
5374	11687	21	9
5375	11689	21	8
5376	11691	21	9
5377	11693	21	9
5378	11697	21	8
5379	11699	21	9
5380	11701	21	9
5381	11705	21	9
5382	11713	21	7
5383	11715	21	8
5384	11717	21	8
5385	11719	21	9
5386	11721	21	8
5387	11723	21	9
5388	11725	21	9
5389	11729	21	8
5390	11731	21	9
5391	11733	21	9
5392	11737	21	9
5393	11745	21	8
5394	11747	21	9
5395	11749	21	9
5396	11753	21	9
5397	11761	21	9
5398	11779	21	6
5399	11781	21	6
5400	11783	21	7
5401	11785	21	6
5402	11787	21	7
5403	11789	21	7
5404	11791	21	8
5405	11793	21	6
5406	11795	21	7
5407	11797	21	7
5408	11799	21	8
5409	11801	21	7
5410	11803	21	8
5411	11805	21	8
5412	11807	21	9
5413	11809	21	6
5414	11811	21	7
5415	11813	21	7
5416	11815	21	8
5417	11817	21	7
5418	11819	21	8
5419	11821	21	8
5420	11823	21	9
5421	11825	21	7
5422	11827	21	8
5423	11829	21	8
5424	11831	21	9
5425	11833	21	8
5426	11835	21	9
5427	11837	21	9
5428	11841	21	6
5429	11843	21	7
5430	11845	21	7
5431	11847	21	8
5432	11849	21	7
5433	11851	21	8
5434	11853	21	8
5435	11855	21	9
5436	11857	21	7
5437	11859	21	8
5438	11861	21	8
5439	11863	21	9
5440	11865	21	8
5441	11867	21	9
5442	11869	21	9
5443	11873	21	7
5444	11875	21	8
5445	11877	21	8
5446	11879	21	9
5447	11881	21	8
5448	11883	21	9
5449	11885	21	9
5450	11889	21	8
5451	11891	21	9
5452	11893	21	9
5453	11897	21	9
5454	11905	21	6
5455	11907	21	7
5456	11909	21	7
5457	11911	21	8
5458	11913	21	7
5459	11915	21	8
5460	11917	21	8
5461	11919	21	9
5462	11921	21	7
5463	11923	21	8
5464	11925	21	8
5465	11927	21	9
5466	11929	21	8
5467	11931	21	9
5468	11933	21	9
5469	11937	21	7
5470	11939	21	8
5471	11941	21	8
5472	11943	21	9
5473	11945	21	8
5474	11947	21	9
5475	11949	21	9
5476	11953	21	8
5477	11955	21	9
5478	11957	21	9
5479	11961	21	9
5480	11969	21	7
5481	11971	21	8
5482	11973	21	8
5483	11975	21	9
5484	11977	21	8
5485	11979	21	9
5486	11981	21	9
5487	11985	21	8
5488	11987	21	9
5489	11989	21	9
5490	11993	21	9
5491	12001	21	8
5492	12003	21	9
5493	12005	21	9
5494	12009	21	9
5495	12017	21	9
5496	12035	21	7
5497	12037	21	7
5498	12039	21	8
5499	12041	21	7
5500	12043	21	8
5501	12045	21	8
5502	12047	21	9
5503	12049	21	7
5504	12051	21	8
5505	12053	21	8
5506	12055	21	9
5507	12057	21	8
5508	12059	21	9
5509	12061	21	9
5510	12065	21	7
5511	12067	21	8
5512	12069	21	8
5513	12071	21	9
5514	12073	21	8
5515	12075	21	9
5516	12077	21	9
5517	12081	21	8
5518	12083	21	9
5519	12085	21	9
5520	12089	21	9
5521	12097	21	7
5522	12099	21	8
5523	12101	21	8
5524	12103	21	9
5525	12105	21	8
5526	12107	21	9
5527	12109	21	9
5528	12113	21	8
5529	12115	21	9
5530	12117	21	9
5531	12121	21	9
5532	12129	21	8
5533	12131	21	9
5534	12133	21	9
5535	12137	21	9
5536	12145	21	9
5537	12161	21	7
5538	12163	21	8
5539	12165	21	8
5540	12167	21	9
5541	12169	21	8
5542	12171	21	9
5543	12173	21	9
5544	12177	21	8
5545	12179	21	9
5546	12181	21	9
5547	12185	21	9
5548	12193	21	8
5549	12195	21	9
5550	12197	21	9
5551	12201	21	9
5552	12209	21	9
5553	12225	21	8
5554	12227	21	9
5555	12229	21	9
5556	12233	21	9
5557	12241	21	9
5558	12257	21	9
5559	12313	21	5
5560	12315	21	6
5561	12317	21	6
5562	12319	21	7
5563	12321	21	4
5564	12323	21	5
5565	12325	21	5
5566	12327	21	6
5567	12329	21	5
5568	12331	21	6
5569	12333	21	6
5570	12335	21	7
5571	12337	21	5
5572	12339	21	6
5573	12341	21	6
5574	12343	21	7
5575	12345	21	6
5576	12347	21	7
5577	12349	21	7
5578	12351	21	8
5579	12353	21	4
5580	12355	21	5
5581	12357	21	5
5582	12359	21	6
5583	12361	21	5
5584	12363	21	6
5585	12365	21	6
5586	12367	21	7
5587	12369	21	5
5588	12371	21	6
5589	12373	21	6
5590	12375	21	7
5591	12377	21	6
5592	12379	21	7
5593	12381	21	7
5594	12383	21	8
5595	12385	21	5
5596	12387	21	6
5597	12389	21	6
5598	12391	21	7
5599	12393	21	6
5600	12395	21	7
5601	12397	21	7
5602	12399	21	8
5603	12401	21	6
5604	12403	21	7
5605	12405	21	7
5606	12407	21	8
5607	12409	21	7
5608	12411	21	8
5609	12413	21	8
5610	12415	21	9
5611	12417	21	4
5612	12419	21	5
5613	12421	21	5
5614	12423	21	6
5615	12425	21	5
5616	12427	21	6
5617	12429	21	6
5618	12431	21	7
5619	12433	21	5
5620	12435	21	6
5621	12437	21	6
5622	12439	21	7
5623	12441	21	6
5624	12443	21	7
5625	12445	21	7
5626	12447	21	8
5627	12449	21	5
5628	12451	21	6
5629	12453	21	6
5630	12455	21	7
5631	12457	21	6
5632	12459	21	7
5633	12461	21	7
5634	12463	21	8
5635	12465	21	6
5636	12467	21	7
5637	12469	21	7
5638	12471	21	8
5639	12473	21	7
5640	12475	21	8
5641	12477	21	8
5642	12479	21	9
5643	12481	21	5
5644	12483	21	6
5645	12485	21	6
5646	12487	21	7
5647	12489	21	6
5648	12491	21	7
5649	12493	21	7
5650	12495	21	8
5651	12497	21	6
5652	12499	21	7
5653	12501	21	7
5654	12503	21	8
5655	12505	21	7
5656	12507	21	8
5657	12509	21	8
5658	12511	21	9
5659	12513	21	6
5660	12515	21	7
5661	12517	21	7
5662	12519	21	8
5663	12521	21	7
5664	12523	21	8
5665	12525	21	8
5666	12527	21	9
5667	12529	21	7
5668	12531	21	8
5669	12533	21	8
5670	12535	21	9
5671	12537	21	8
5672	12539	21	9
5673	12541	21	9
5674	12547	21	5
5675	12549	21	5
5676	12551	21	6
5677	12553	21	5
5678	12555	21	6
5679	12557	21	6
5680	12559	21	7
5681	12561	21	5
5682	12563	21	6
5683	12565	21	6
5684	12567	21	7
5685	12569	21	6
5686	12571	21	7
5687	12573	21	7
5688	12575	21	8
5689	12577	21	5
5690	12579	21	6
5691	12581	21	6
5692	12583	21	7
5693	12585	21	6
5694	12587	21	7
5695	12589	21	7
5696	12591	21	8
5697	12593	21	6
5698	12595	21	7
5699	12597	21	7
5700	12599	21	8
5701	12601	21	7
5702	12603	21	8
5703	12605	21	8
5704	12607	21	9
5705	12609	21	5
5706	12611	21	6
5707	12613	21	6
5708	12615	21	7
5709	12617	21	6
5710	12619	21	7
5711	12621	21	7
5712	12623	21	8
5713	12625	21	6
5714	12627	21	7
5715	12629	21	7
5716	12631	21	8
5717	12633	21	7
5718	12635	21	8
5719	12637	21	8
5720	12639	21	9
5721	12641	21	6
5722	12643	21	7
5723	12645	21	7
5724	12647	21	8
5725	12649	21	7
5726	12651	21	8
5727	12653	21	8
5728	12655	21	9
5729	12657	21	7
5730	12659	21	8
5731	12661	21	8
5732	12663	21	9
5733	12665	21	8
5734	12667	21	9
5735	12669	21	9
5736	12673	21	5
5737	12675	21	6
5738	12677	21	6
5739	12679	21	7
5740	12681	21	6
5741	12683	21	7
5742	12685	21	7
5743	12687	21	8
5744	12689	21	6
5745	12691	21	7
5746	12693	21	7
5747	12695	21	8
5748	12697	21	7
5749	12699	21	8
5750	12701	21	8
5751	12703	21	9
5752	12705	21	6
5753	12707	21	7
5754	12709	21	7
5755	12711	21	8
5756	12713	21	7
5757	12715	21	8
5758	12717	21	8
5759	12719	21	9
5760	12721	21	7
5761	12723	21	8
5762	12725	21	8
5763	12727	21	9
5764	12729	21	8
5765	12731	21	9
5766	12733	21	9
5767	12737	21	6
5768	12739	21	7
5769	12741	21	7
5770	12743	21	8
5771	12745	21	7
5772	12747	21	8
5773	12749	21	8
5774	12751	21	9
5775	12753	21	7
5776	12755	21	8
5777	12757	21	8
5778	12759	21	9
5779	12761	21	8
5780	12763	21	9
5781	12765	21	9
5782	12769	21	7
5783	12771	21	8
5784	12773	21	8
5785	12775	21	9
5786	12777	21	8
5787	12779	21	9
5788	12781	21	9
5789	12785	21	8
5790	12787	21	9
5791	12789	21	9
5792	12793	21	9
5793	12805	21	5
5794	12807	21	6
5795	12809	21	5
5796	12811	21	6
5797	12813	21	6
5798	12815	21	7
5799	12817	21	5
5800	12819	21	6
5801	12821	21	6
5802	12823	21	7
5803	12825	21	6
5804	12827	21	7
5805	12829	21	7
5806	12831	21	8
5807	12833	21	5
5808	12835	21	6
5809	12837	21	6
5810	12839	21	7
5811	12841	21	6
5812	12843	21	7
5813	12845	21	7
5814	12847	21	8
5815	12849	21	6
5816	12851	21	7
5817	12853	21	7
5818	12855	21	8
5819	12857	21	7
5820	12859	21	8
5821	12861	21	8
5822	12863	21	9
5823	12865	21	5
5824	12867	21	6
5825	12869	21	6
5826	12871	21	7
5827	12873	21	6
5828	12875	21	7
5829	12877	21	7
5830	12879	21	8
5831	12881	21	6
5832	12883	21	7
5833	12885	21	7
5834	12887	21	8
5835	12889	21	7
5836	12891	21	8
5837	12893	21	8
5838	12895	21	9
5839	12897	21	6
5840	12899	21	7
5841	12901	21	7
5842	12903	21	8
5843	12905	21	7
5844	12907	21	8
5845	12909	21	8
5846	12911	21	9
5847	12913	21	7
5848	12915	21	8
5849	12917	21	8
5850	12919	21	9
5851	12921	21	8
5852	12923	21	9
5853	12925	21	9
5854	12929	21	5
5855	12931	21	6
5856	12933	21	6
5857	12935	21	7
5858	12937	21	6
5859	12939	21	7
5860	12941	21	7
5861	12943	21	8
5862	12945	21	6
5863	12947	21	7
5864	12949	21	7
5865	12951	21	8
5866	12953	21	7
5867	12955	21	8
5868	12957	21	8
5869	12959	21	9
5870	12961	21	6
5871	12963	21	7
5872	12965	21	7
5873	12967	21	8
5874	12969	21	7
5875	12971	21	8
5876	12973	21	8
5877	12975	21	9
5878	12977	21	7
5879	12979	21	8
5880	12981	21	8
5881	12983	21	9
5882	12985	21	8
5883	12987	21	9
5884	12989	21	9
5885	12993	21	6
5886	12995	21	7
5887	12997	21	7
5888	12999	21	8
5889	13001	21	7
5890	13003	21	8
5891	13005	21	8
5892	13007	21	9
5893	13009	21	7
5894	13011	21	8
5895	13013	21	8
5896	13015	21	9
5897	13017	21	8
5898	13019	21	9
5899	13021	21	9
5900	13025	21	7
5901	13027	21	8
5902	13029	21	8
5903	13031	21	9
5904	13033	21	8
5905	13035	21	9
5906	13037	21	9
5907	13041	21	8
5908	13043	21	9
5909	13045	21	9
5910	13049	21	9
5911	13059	21	6
5912	13061	21	6
5913	13063	21	7
5914	13065	21	6
5915	13067	21	7
5916	13069	21	7
5917	13071	21	8
5918	13073	21	6
5919	13075	21	7
5920	13077	21	7
5921	13079	21	8
5922	13081	21	7
5923	13083	21	8
5924	13085	21	8
5925	13087	21	9
5926	13089	21	6
5927	13091	21	7
5928	13093	21	7
5929	13095	21	8
5930	13097	21	7
5931	13099	21	8
5932	13101	21	8
5933	13103	21	9
5934	13105	21	7
5935	13107	21	8
5936	13109	21	8
5937	13111	21	9
5938	13113	21	8
5939	13115	21	9
5940	13117	21	9
5941	13121	21	6
5942	13123	21	7
5943	13125	21	7
5944	13127	21	8
5945	13129	21	7
5946	13131	21	8
5947	13133	21	8
5948	13135	21	9
5949	13137	21	7
5950	13139	21	8
5951	13141	21	8
5952	13143	21	9
5953	13145	21	8
5954	13147	21	9
5955	13149	21	9
5956	13153	21	7
5957	13155	21	8
5958	13157	21	8
5959	13159	21	9
5960	13161	21	8
5961	13163	21	9
5962	13165	21	9
5963	13169	21	8
5964	13171	21	9
5965	13173	21	9
5966	13177	21	9
5967	13185	21	6
5968	13187	21	7
5969	13189	21	7
5970	13191	21	8
5971	13193	21	7
5972	13195	21	8
5973	13197	21	8
5974	13199	21	9
5975	13201	21	7
5976	13203	21	8
5977	13205	21	8
5978	13207	21	9
5979	13209	21	8
5980	13211	21	9
5981	13213	21	9
5982	13217	21	7
5983	13219	21	8
5984	13221	21	8
5985	13223	21	9
5986	13225	21	8
5987	13227	21	9
5988	13229	21	9
5989	13233	21	8
5990	13235	21	9
5991	13237	21	9
5992	13241	21	9
5993	13249	21	7
5994	13251	21	8
5995	13253	21	8
5996	13255	21	9
5997	13257	21	8
5998	13259	21	9
5999	13261	21	9
6000	13265	21	8
6001	13267	21	9
6002	13269	21	9
6003	13273	21	9
6004	13281	21	8
6005	13283	21	9
6006	13285	21	9
6007	13289	21	9
6008	13297	21	9
6009	13319	21	6
6010	13321	21	5
6011	13323	21	6
6012	13325	21	6
6013	13327	21	7
6014	13329	21	5
6015	13331	21	6
6016	13333	21	6
6017	13335	21	7
6018	13337	21	6
6019	13339	21	7
6020	13341	21	7
6021	13343	21	8
6022	13345	21	5
6023	13347	21	6
6024	13349	21	6
6025	13351	21	7
6026	13353	21	6
6027	13355	21	7
6028	13357	21	7
6029	13359	21	8
6030	13361	21	6
6031	13363	21	7
6032	13365	21	7
6033	13367	21	8
6034	13369	21	7
6035	13371	21	8
6036	13373	21	8
6037	13375	21	9
6038	13377	21	5
6039	13379	21	6
6040	13381	21	6
6041	13383	21	7
6042	13385	21	6
6043	13387	21	7
6044	13389	21	7
6045	13391	21	8
6046	13393	21	6
6047	13395	21	7
6048	13397	21	7
6049	13399	21	8
6050	13401	21	7
6051	13403	21	8
6052	13405	21	8
6053	13407	21	9
6054	13409	21	6
6055	13411	21	7
6056	13413	21	7
6057	13415	21	8
6058	13417	21	7
6059	13419	21	8
6060	13421	21	8
6061	13423	21	9
6062	13425	21	7
6063	13427	21	8
6064	13429	21	8
6065	13431	21	9
6066	13433	21	8
6067	13435	21	9
6068	13437	21	9
6069	13441	21	5
6070	13443	21	6
6071	13445	21	6
6072	13447	21	7
6073	13449	21	6
6074	13451	21	7
6075	13453	21	7
6076	13455	21	8
6077	13457	21	6
6078	13459	21	7
6079	13461	21	7
6080	13463	21	8
6081	13465	21	7
6082	13467	21	8
6083	13469	21	8
6084	13471	21	9
6085	13473	21	6
6086	13475	21	7
6087	13477	21	7
6088	13479	21	8
6089	13481	21	7
6090	13483	21	8
6091	13485	21	8
6092	13487	21	9
6093	13489	21	7
6094	13491	21	8
6095	13493	21	8
6096	13495	21	9
6097	13497	21	8
6098	13499	21	9
6099	13501	21	9
6100	13505	21	6
6101	13507	21	7
6102	13509	21	7
6103	13511	21	8
6104	13513	21	7
6105	13515	21	8
6106	13517	21	8
6107	13519	21	9
6108	13521	21	7
6109	13523	21	8
6110	13525	21	8
6111	13527	21	9
6112	13529	21	8
6113	13531	21	9
6114	13533	21	9
6115	13537	21	7
6116	13539	21	8
6117	13541	21	8
6118	13543	21	9
6119	13545	21	8
6120	13547	21	9
6121	13549	21	9
6122	13553	21	8
6123	13555	21	9
6124	13557	21	9
6125	13561	21	9
6126	13571	21	6
6127	13573	21	6
6128	13575	21	7
6129	13577	21	6
6130	13579	21	7
6131	13581	21	7
6132	13583	21	8
6133	13585	21	6
6134	13587	21	7
6135	13589	21	7
6136	13591	21	8
6137	13593	21	7
6138	13595	21	8
6139	13597	21	8
6140	13599	21	9
6141	13601	21	6
6142	13603	21	7
6143	13605	21	7
6144	13607	21	8
6145	13609	21	7
6146	13611	21	8
6147	13613	21	8
6148	13615	21	9
6149	13617	21	7
6150	13619	21	8
6151	13621	21	8
6152	13623	21	9
6153	13625	21	8
6154	13627	21	9
6155	13629	21	9
6156	13633	21	6
6157	13635	21	7
6158	13637	21	7
6159	13639	21	8
6160	13641	21	7
6161	13643	21	8
6162	13645	21	8
6163	13647	21	9
6164	13649	21	7
6165	13651	21	8
6166	13653	21	8
6167	13655	21	9
6168	13657	21	8
6169	13659	21	9
6170	13661	21	9
6171	13665	21	7
6172	13667	21	8
6173	13669	21	8
6174	13671	21	9
6175	13673	21	8
6176	13675	21	9
6177	13677	21	9
6178	13681	21	8
6179	13683	21	9
6180	13685	21	9
6181	13689	21	9
6182	13697	21	6
6183	13699	21	7
6184	13701	21	7
6185	13703	21	8
6186	13705	21	7
6187	13707	21	8
6188	13709	21	8
6189	13711	21	9
6190	13713	21	7
6191	13715	21	8
6192	13717	21	8
6193	13719	21	9
6194	13721	21	8
6195	13723	21	9
6196	13725	21	9
6197	13729	21	7
6198	13731	21	8
6199	13733	21	8
6200	13735	21	9
6201	13737	21	8
6202	13739	21	9
6203	13741	21	9
6204	13745	21	8
6205	13747	21	9
6206	13749	21	9
6207	13753	21	9
6208	13761	21	7
6209	13763	21	8
6210	13765	21	8
6211	13767	21	9
6212	13769	21	8
6213	13771	21	9
6214	13773	21	9
6215	13777	21	8
6216	13779	21	9
6217	13781	21	9
6218	13785	21	9
6219	13793	21	8
6220	13795	21	9
6221	13797	21	9
6222	13801	21	9
6223	13809	21	9
6224	13829	21	6
6225	13831	21	7
6226	13833	21	6
6227	13835	21	7
6228	13837	21	7
6229	13839	21	8
6230	13841	21	6
6231	13843	21	7
6232	13845	21	7
6233	13847	21	8
6234	13849	21	7
6235	13851	21	8
6236	13853	21	8
6237	13855	21	9
6238	13857	21	6
6239	13859	21	7
6240	13861	21	7
6241	13863	21	8
6242	13865	21	7
6243	13867	21	8
6244	13869	21	8
6245	13871	21	9
6246	13873	21	7
6247	13875	21	8
6248	13877	21	8
6249	13879	21	9
6250	13881	21	8
6251	13883	21	9
6252	13885	21	9
6253	13889	21	6
6254	13891	21	7
6255	13893	21	7
6256	13895	21	8
6257	13897	21	7
6258	13899	21	8
6259	13901	21	8
6260	13903	21	9
6261	13905	21	7
6262	13907	21	8
6263	13909	21	8
6264	13911	21	9
6265	13913	21	8
6266	13915	21	9
6267	13917	21	9
6268	13921	21	7
6269	13923	21	8
6270	13925	21	8
6271	13927	21	9
6272	13929	21	8
6273	13931	21	9
6274	13933	21	9
6275	13937	21	8
6276	13939	21	9
6277	13941	21	9
6278	13945	21	9
6279	13953	21	6
6280	13955	21	7
6281	13957	21	7
6282	13959	21	8
6283	13961	21	7
6284	13963	21	8
6285	13965	21	8
6286	13967	21	9
6287	13969	21	7
6288	13971	21	8
6289	13973	21	8
6290	13975	21	9
6291	13977	21	8
6292	13979	21	9
6293	13981	21	9
6294	13985	21	7
6295	13987	21	8
6296	13989	21	8
6297	13991	21	9
6298	13993	21	8
6299	13995	21	9
6300	13997	21	9
6301	14001	21	8
6302	14003	21	9
6303	14005	21	9
6304	14009	21	9
6305	14017	21	7
6306	14019	21	8
6307	14021	21	8
6308	14023	21	9
6309	14025	21	8
6310	14027	21	9
6311	14029	21	9
6312	14033	21	8
6313	14035	21	9
6314	14037	21	9
6315	14041	21	9
6316	14049	21	8
6317	14051	21	9
6318	14053	21	9
6319	14057	21	9
6320	14065	21	9
6321	14083	21	7
6322	14085	21	7
6323	14087	21	8
6324	14089	21	7
6325	14091	21	8
6326	14093	21	8
6327	14095	21	9
6328	14097	21	7
6329	14099	21	8
6330	14101	21	8
6331	14103	21	9
6332	14105	21	8
6333	14107	21	9
6334	14109	21	9
6335	14113	21	7
6336	14115	21	8
6337	14117	21	8
6338	14119	21	9
6339	14121	21	8
6340	14123	21	9
6341	14125	21	9
6342	14129	21	8
6343	14131	21	9
6344	14133	21	9
6345	14137	21	9
6346	14145	21	7
6347	14147	21	8
6348	14149	21	8
6349	14151	21	9
6350	14153	21	8
6351	14155	21	9
6352	14157	21	9
6353	14161	21	8
6354	14163	21	9
6355	14165	21	9
6356	14169	21	9
6357	14177	21	8
6358	14179	21	9
6359	14181	21	9
6360	14185	21	9
6361	14193	21	9
6362	14209	21	7
6363	14211	21	8
6364	14213	21	8
6365	14215	21	9
6366	14217	21	8
6367	14219	21	9
6368	14221	21	9
6369	14225	21	8
6370	14227	21	9
6371	14229	21	9
6372	14233	21	9
6373	14241	21	8
6374	14243	21	9
6375	14245	21	9
6376	14249	21	9
6377	14257	21	9
6378	14273	21	8
6379	14275	21	9
6380	14277	21	9
6381	14281	21	9
6382	14289	21	9
6383	14305	21	9
6384	14351	21	7
6385	14353	21	5
6386	14355	21	6
6387	14357	21	6
6388	14359	21	7
6389	14361	21	6
6390	14363	21	7
6391	14365	21	7
6392	14367	21	8
6393	14369	21	5
6394	14371	21	6
6395	14373	21	6
6396	14375	21	7
6397	14377	21	6
6398	14379	21	7
6399	14381	21	7
6400	14383	21	8
6401	14385	21	6
6402	14387	21	7
6403	14389	21	7
6404	14391	21	8
6405	14393	21	7
6406	14395	21	8
6407	14397	21	8
6408	14399	21	9
6409	14401	21	5
6410	14403	21	6
6411	14405	21	6
6412	14407	21	7
6413	14409	21	6
6414	14411	21	7
6415	14413	21	7
6416	14415	21	8
6417	14417	21	6
6418	14419	21	7
6419	14421	21	7
6420	14423	21	8
6421	14425	21	7
6422	14427	21	8
6423	14429	21	8
6424	14431	21	9
6425	14433	21	6
6426	14435	21	7
6427	14437	21	7
6428	14439	21	8
6429	14441	21	7
6430	14443	21	8
6431	14445	21	8
6432	14447	21	9
6433	14449	21	7
6434	14451	21	8
6435	14453	21	8
6436	14455	21	9
6437	14457	21	8
6438	14459	21	9
6439	14461	21	9
6440	14465	21	5
6441	14467	21	6
6442	14469	21	6
6443	14471	21	7
6444	14473	21	6
6445	14475	21	7
6446	14477	21	7
6447	14479	21	8
6448	14481	21	6
6449	14483	21	7
6450	14485	21	7
6451	14487	21	8
6452	14489	21	7
6453	14491	21	8
6454	14493	21	8
6455	14495	21	9
6456	14497	21	6
6457	14499	21	7
6458	14501	21	7
6459	14503	21	8
6460	14505	21	7
6461	14507	21	8
6462	14509	21	8
6463	14511	21	9
6464	14513	21	7
6465	14515	21	8
6466	14517	21	8
6467	14519	21	9
6468	14521	21	8
6469	14523	21	9
6470	14525	21	9
6471	14529	21	6
6472	14531	21	7
6473	14533	21	7
6474	14535	21	8
6475	14537	21	7
6476	14539	21	8
6477	14541	21	8
6478	14543	21	9
6479	14545	21	7
6480	14547	21	8
6481	14549	21	8
6482	14551	21	9
6483	14553	21	8
6484	14555	21	9
6485	14557	21	9
6486	14561	21	7
6487	14563	21	8
6488	14565	21	8
6489	14567	21	9
6490	14569	21	8
6491	14571	21	9
6492	14573	21	9
6493	14577	21	8
6494	14579	21	9
6495	14581	21	9
6496	14585	21	9
6497	14595	21	6
6498	14597	21	6
6499	14599	21	7
6500	14601	21	6
6501	14603	21	7
6502	14605	21	7
6503	14607	21	8
6504	14609	21	6
6505	14611	21	7
6506	14613	21	7
6507	14615	21	8
6508	14617	21	7
6509	14619	21	8
6510	14621	21	8
6511	14623	21	9
6512	14625	21	6
6513	14627	21	7
6514	14629	21	7
6515	14631	21	8
6516	14633	21	7
6517	14635	21	8
6518	14637	21	8
6519	14639	21	9
6520	14641	21	7
6521	14643	21	8
6522	14645	21	8
6523	14647	21	9
6524	14649	21	8
6525	14651	21	9
6526	14653	21	9
6527	14657	21	6
6528	14659	21	7
6529	14661	21	7
6530	14663	21	8
6531	14665	21	7
6532	14667	21	8
6533	14669	21	8
6534	14671	21	9
6535	14673	21	7
6536	14675	21	8
6537	14677	21	8
6538	14679	21	9
6539	14681	21	8
6540	14683	21	9
6541	14685	21	9
6542	14689	21	7
6543	14691	21	8
6544	14693	21	8
6545	14695	21	9
6546	14697	21	8
6547	14699	21	9
6548	14701	21	9
6549	14705	21	8
6550	14707	21	9
6551	14709	21	9
6552	14713	21	9
6553	14721	21	6
6554	14723	21	7
6555	14725	21	7
6556	14727	21	8
6557	14729	21	7
6558	14731	21	8
6559	14733	21	8
6560	14735	21	9
6561	14737	21	7
6562	14739	21	8
6563	14741	21	8
6564	14743	21	9
6565	14745	21	8
6566	14747	21	9
6567	14749	21	9
6568	14753	21	7
6569	14755	21	8
6570	14757	21	8
6571	14759	21	9
6572	14761	21	8
6573	14763	21	9
6574	14765	21	9
6575	14769	21	8
6576	14771	21	9
6577	14773	21	9
6578	14777	21	9
6579	14785	21	7
6580	14787	21	8
6581	14789	21	8
6582	14791	21	9
6583	14793	21	8
6584	14795	21	9
6585	14797	21	9
6586	14801	21	8
6587	14803	21	9
6588	14805	21	9
6589	14809	21	9
6590	14817	21	8
6591	14819	21	9
6592	14821	21	9
6593	14825	21	9
6594	14833	21	9
6595	14853	21	6
6596	14855	21	7
6597	14857	21	6
6598	14859	21	7
6599	14861	21	7
6600	14863	21	8
6601	14865	21	6
6602	14867	21	7
6603	14869	21	7
6604	14871	21	8
6605	14873	21	7
6606	14875	21	8
6607	14877	21	8
6608	14879	21	9
6609	14881	21	6
6610	14883	21	7
6611	14885	21	7
6612	14887	21	8
6613	14889	21	7
6614	14891	21	8
6615	14893	21	8
6616	14895	21	9
6617	14897	21	7
6618	14899	21	8
6619	14901	21	8
6620	14903	21	9
6621	14905	21	8
6622	14907	21	9
6623	14909	21	9
6624	14913	21	6
6625	14915	21	7
6626	14917	21	7
6627	14919	21	8
6628	14921	21	7
6629	14923	21	8
6630	14925	21	8
6631	14927	21	9
6632	14929	21	7
6633	14931	21	8
6634	14933	21	8
6635	14935	21	9
6636	14937	21	8
6637	14939	21	9
6638	14941	21	9
6639	14945	21	7
6640	14947	21	8
6641	14949	21	8
6642	14951	21	9
6643	14953	21	8
6644	14955	21	9
6645	14957	21	9
6646	14961	21	8
6647	14963	21	9
6648	14965	21	9
6649	14969	21	9
6650	14977	21	6
6651	14979	21	7
6652	14981	21	7
6653	14983	21	8
6654	14985	21	7
6655	14987	21	8
6656	14989	21	8
6657	14991	21	9
6658	14993	21	7
6659	14995	21	8
6660	14997	21	8
6661	14999	21	9
6662	15001	21	8
6663	15003	21	9
6664	15005	21	9
6665	15009	21	7
6666	15011	21	8
6667	15013	21	8
6668	15015	21	9
6669	15017	21	8
6670	15019	21	9
6671	15021	21	9
6672	15025	21	8
6673	15027	21	9
6674	15029	21	9
6675	15033	21	9
6676	15041	21	7
6677	15043	21	8
6678	15045	21	8
6679	15047	21	9
6680	15049	21	8
6681	15051	21	9
6682	15053	21	9
6683	15057	21	8
6684	15059	21	9
6685	15061	21	9
6686	15065	21	9
6687	15073	21	8
6688	15075	21	9
6689	15077	21	9
6690	15081	21	9
6691	15089	21	9
6692	15107	21	7
6693	15109	21	7
6694	15111	21	8
6695	15113	21	7
6696	15115	21	8
6697	15117	21	8
6698	15119	21	9
6699	15121	21	7
6700	15123	21	8
6701	15125	21	8
6702	15127	21	9
6703	15129	21	8
6704	15131	21	9
6705	15133	21	9
6706	15137	21	7
6707	15139	21	8
6708	15141	21	8
6709	15143	21	9
6710	15145	21	8
6711	15147	21	9
6712	15149	21	9
6713	15153	21	8
6714	15155	21	9
6715	15157	21	9
6716	15161	21	9
6717	15169	21	7
6718	15171	21	8
6719	15173	21	8
6720	15175	21	9
6721	15177	21	8
6722	15179	21	9
6723	15181	21	9
6724	15185	21	8
6725	15187	21	9
6726	15189	21	9
6727	15193	21	9
6728	15201	21	8
6729	15203	21	9
6730	15205	21	9
6731	15209	21	9
6732	15217	21	9
6733	15233	21	7
6734	15235	21	8
6735	15237	21	8
6736	15239	21	9
6737	15241	21	8
6738	15243	21	9
6739	15245	21	9
6740	15249	21	8
6741	15251	21	9
6742	15253	21	9
6743	15257	21	9
6744	15265	21	8
6745	15267	21	9
6746	15269	21	9
6747	15273	21	9
6748	15281	21	9
6749	15297	21	8
6750	15299	21	9
6751	15301	21	9
6752	15305	21	9
6753	15313	21	9
6754	15329	21	9
6755	15369	21	6
6756	15371	21	7
6757	15373	21	7
6758	15375	21	8
6759	15377	21	6
6760	15379	21	7
6761	15381	21	7
6762	15383	21	8
6763	15385	21	7
6764	15387	21	8
6765	15389	21	8
6766	15391	21	9
6767	15393	21	6
6768	15395	21	7
6769	15397	21	7
6770	15399	21	8
6771	15401	21	7
6772	15403	21	8
6773	15405	21	8
6774	15407	21	9
6775	15409	21	7
6776	15411	21	8
6777	15413	21	8
6778	15415	21	9
6779	15417	21	8
6780	15419	21	9
6781	15421	21	9
6782	15425	21	6
6783	15427	21	7
6784	15429	21	7
6785	15431	21	8
6786	15433	21	7
6787	15435	21	8
6788	15437	21	8
6789	15439	21	9
6790	15441	21	7
6791	15443	21	8
6792	15445	21	8
6793	15447	21	9
6794	15449	21	8
6795	15451	21	9
6796	15453	21	9
6797	15457	21	7
6798	15459	21	8
6799	15461	21	8
6800	15463	21	9
6801	15465	21	8
6802	15467	21	9
6803	15469	21	9
6804	15473	21	8
6805	15475	21	9
6806	15477	21	9
6807	15481	21	9
6808	15489	21	6
6809	15491	21	7
6810	15493	21	7
6811	15495	21	8
6812	15497	21	7
6813	15499	21	8
6814	15501	21	8
6815	15503	21	9
6816	15505	21	7
6817	15507	21	8
6818	15509	21	8
6819	15511	21	9
6820	15513	21	8
6821	15515	21	9
6822	15517	21	9
6823	15521	21	7
6824	15523	21	8
6825	15525	21	8
6826	15527	21	9
6827	15529	21	8
6828	15531	21	9
6829	15533	21	9
6830	15537	21	8
6831	15539	21	9
6832	15541	21	9
6833	15545	21	9
6834	15553	21	7
6835	15555	21	8
6836	15557	21	8
6837	15559	21	9
6838	15561	21	8
6839	15563	21	9
6840	15565	21	9
6841	15569	21	8
6842	15571	21	9
6843	15573	21	9
6844	15577	21	9
6845	15585	21	8
6846	15587	21	9
6847	15589	21	9
6848	15593	21	9
6849	15601	21	9
6850	15619	21	7
6851	15621	21	7
6852	15623	21	8
6853	15625	21	7
6854	15627	21	8
6855	15629	21	8
6856	15631	21	9
6857	15633	21	7
6858	15635	21	8
6859	15637	21	8
6860	15639	21	9
6861	15641	21	8
6862	15643	21	9
6863	15645	21	9
6864	15649	21	7
6865	15651	21	8
6866	15653	21	8
6867	15655	21	9
6868	15657	21	8
6869	15659	21	9
6870	15661	21	9
6871	15665	21	8
6872	15667	21	9
6873	15669	21	9
6874	15673	21	9
6875	15681	21	7
6876	15683	21	8
6877	15685	21	8
6878	15687	21	9
6879	15689	21	8
6880	15691	21	9
6881	15693	21	9
6882	15697	21	8
6883	15699	21	9
6884	15701	21	9
6885	15705	21	9
6886	15713	21	8
6887	15715	21	9
6888	15717	21	9
6889	15721	21	9
6890	15729	21	9
6891	15745	21	7
6892	15747	21	8
6893	15749	21	8
6894	15751	21	9
6895	15753	21	8
6896	15755	21	9
6897	15757	21	9
6898	15761	21	8
6899	15763	21	9
6900	15765	21	9
6901	15769	21	9
6902	15777	21	8
6903	15779	21	9
6904	15781	21	9
6905	15785	21	9
6906	15793	21	9
6907	15809	21	8
6908	15811	21	9
6909	15813	21	9
6910	15817	21	9
6911	15825	21	9
6912	15841	21	9
6913	15877	21	7
6914	15879	21	8
6915	15881	21	7
6916	15883	21	8
6917	15885	21	8
6918	15887	21	9
6919	15889	21	7
6920	15891	21	8
6921	15893	21	8
6922	15895	21	9
6923	15897	21	8
6924	15899	21	9
6925	15901	21	9
6926	15905	21	7
6927	15907	21	8
6928	15909	21	8
6929	15911	21	9
6930	15913	21	8
6931	15915	21	9
6932	15917	21	9
6933	15921	21	8
6934	15923	21	9
6935	15925	21	9
6936	15929	21	9
6937	15937	21	7
6938	15939	21	8
6939	15941	21	8
6940	15943	21	9
6941	15945	21	8
6942	15947	21	9
6943	15949	21	9
6944	15953	21	8
6945	15955	21	9
6946	15957	21	9
6947	15961	21	9
6948	15969	21	8
6949	15971	21	9
6950	15973	21	9
6951	15977	21	9
6952	15985	21	9
6953	16001	21	7
6954	16003	21	8
6955	16005	21	8
6956	16007	21	9
6957	16009	21	8
6958	16011	21	9
6959	16013	21	9
6960	16017	21	8
6961	16019	21	9
6962	16021	21	9
6963	16025	21	9
6964	16033	21	8
6965	16035	21	9
6966	16037	21	9
6967	16041	21	9
6968	16049	21	9
6969	16065	21	8
6970	16067	21	9
6971	16069	21	9
6972	16073	21	9
6973	16081	21	9
6974	16097	21	9
6975	16131	21	8
6976	16133	21	8
6977	16135	21	9
6978	16137	21	8
6979	16139	21	9
6980	16141	21	9
6981	16145	21	8
6982	16147	21	9
6983	16149	21	9
6984	16153	21	9
6985	16161	21	8
6986	16163	21	9
6987	16165	21	9
6988	16169	21	9
6989	16177	21	9
6990	16193	21	8
6991	16195	21	9
6992	16197	21	9
6993	16201	21	9
6994	16209	21	9
6995	16225	21	9
6996	16257	21	8
6997	16259	21	9
6998	16261	21	9
6999	16265	21	9
7000	16273	21	9
7001	16289	21	9
7002	16321	21	9
7003	16513	7	3
7004	16515	21	4
7005	16517	21	4
7006	16519	21	5
7007	16521	21	4
7008	16523	21	5
7009	16525	21	5
7010	16527	21	6
7011	16529	21	4
7012	16531	21	5
7013	16533	21	5
7014	16535	21	6
7015	16537	21	5
7016	16539	21	6
7017	16541	21	6
7018	16543	21	7
7019	16545	21	4
7020	16547	21	5
7021	16549	21	5
7022	16551	21	6
7023	16553	21	5
7024	16555	21	6
7025	16557	21	6
7026	16559	21	7
7027	16561	21	5
7028	16563	21	6
7029	16565	21	6
7030	16567	21	7
7031	16569	21	6
7032	16571	21	7
7033	16573	21	7
7034	16575	21	8
7035	16577	21	4
7036	16579	21	5
7037	16581	21	5
7038	16583	21	6
7039	16585	21	5
7040	16587	21	6
7041	16589	21	6
7042	16591	21	7
7043	16593	21	5
7044	16595	21	6
7045	16597	21	6
7046	16599	21	7
7047	16601	21	6
7048	16603	21	7
7049	16605	21	7
7050	16607	21	8
7051	16609	21	5
7052	16611	21	6
7053	16613	21	6
7054	16615	21	7
7055	16617	21	6
7056	16619	21	7
7057	16621	21	7
7058	16623	21	8
7059	16625	21	6
7060	16627	21	7
7061	16629	21	7
7062	16631	21	8
7063	16633	21	7
7064	16635	21	8
7065	16637	21	8
7066	16639	21	9
7067	16643	21	4
7068	16645	21	4
7069	16647	21	5
7070	16649	21	4
7071	16651	21	5
7072	16653	21	5
7073	16655	21	6
7074	16657	21	4
7075	16659	21	5
7076	16661	21	5
7077	16663	21	6
7078	16665	21	5
7079	16667	21	6
7080	16669	21	6
7081	16671	21	7
7082	16673	21	4
7083	16675	21	5
7084	16677	21	5
7085	16679	21	6
7086	16681	21	5
7087	16683	21	6
7088	16685	21	6
7089	16687	21	7
7090	16689	21	5
7091	16691	21	6
7092	16693	21	6
7093	16695	21	7
7094	16697	21	6
7095	16699	21	7
7096	16701	21	7
7097	16703	21	8
7098	16705	21	4
7099	16707	21	5
7100	16709	21	5
7101	16711	21	6
7102	16713	21	5
7103	16715	21	6
7104	16717	21	6
7105	16719	21	7
7106	16721	21	5
7107	16723	21	6
7108	16725	21	6
7109	16727	21	7
7110	16729	21	6
7111	16731	21	7
7112	16733	21	7
7113	16735	21	8
7114	16737	21	5
7115	16739	21	6
7116	16741	21	6
7117	16743	21	7
7118	16745	21	6
7119	16747	21	7
7120	16749	21	7
7121	16751	21	8
7122	16753	21	6
7123	16755	21	7
7124	16757	21	7
7125	16759	21	8
7126	16761	21	7
7127	16763	21	8
7128	16765	21	8
7129	16767	21	9
7130	16771	21	5
7131	16773	21	5
7132	16775	21	6
7133	16777	21	5
7134	16779	21	6
7135	16781	21	6
7136	16783	21	7
7137	16785	21	5
7138	16787	21	6
7139	16789	21	6
7140	16791	21	7
7141	16793	21	6
7142	16795	21	7
7143	16797	21	7
7144	16799	21	8
7145	16801	21	5
7146	16803	21	6
7147	16805	21	6
7148	16807	21	7
7149	16809	21	6
7150	16811	21	7
7151	16813	21	7
7152	16815	21	8
7153	16817	21	6
7154	16819	21	7
7155	16821	21	7
7156	16823	21	8
7157	16825	21	7
7158	16827	21	8
7159	16829	21	8
7160	16831	21	9
7161	16833	21	5
7162	16835	21	6
7163	16837	21	6
7164	16839	21	7
7165	16841	21	6
7166	16843	21	7
7167	16845	21	7
7168	16847	21	8
7169	16849	21	6
7170	16851	21	7
7171	16853	21	7
7172	16855	21	8
7173	16857	21	7
7174	16859	21	8
7175	16861	21	8
7176	16863	21	9
7177	16865	21	6
7178	16867	21	7
7179	16869	21	7
7180	16871	21	8
7181	16873	21	7
7182	16875	21	8
7183	16877	21	8
7184	16879	21	9
7185	16881	21	7
7186	16883	21	8
7187	16885	21	8
7188	16887	21	9
7189	16889	21	8
7190	16891	21	9
7191	16893	21	9
7192	16901	21	4
7193	16903	21	5
7194	16905	21	4
7195	16907	21	5
7196	16909	21	5
7197	16911	21	6
7198	16913	21	4
7199	16915	21	5
7200	16917	21	5
7201	16919	21	6
7202	16921	21	5
7203	16923	21	6
7204	16925	21	6
7205	16927	21	7
7206	16929	21	4
7207	16931	21	5
7208	16933	21	5
7209	16935	21	6
7210	16937	21	5
7211	16939	21	6
7212	16941	21	6
7213	16943	21	7
7214	16945	21	5
7215	16947	21	6
7216	16949	21	6
7217	16951	21	7
7218	16953	21	6
7219	16955	21	7
7220	16957	21	7
7221	16959	21	8
7222	16961	21	4
7223	16963	21	5
7224	16965	21	5
7225	16967	21	6
7226	16969	21	5
7227	16971	21	6
7228	16973	21	6
7229	16975	21	7
7230	16977	21	5
7231	16979	21	6
7232	16981	21	6
7233	16983	21	7
7234	16985	21	6
7235	16987	21	7
7236	16989	21	7
7237	16991	21	8
7238	16993	21	5
7239	16995	21	6
7240	16997	21	6
7241	16999	21	7
7242	17001	21	6
7243	17003	21	7
7244	17005	21	7
7245	17007	21	8
7246	17009	21	6
7247	17011	21	7
7248	17013	21	7
7249	17015	21	8
7250	17017	21	7
7251	17019	21	8
7252	17021	21	8
7253	17023	21	9
7254	17027	21	5
7255	17029	21	5
7256	17031	21	6
7257	17033	21	5
7258	17035	21	6
7259	17037	21	6
7260	17039	21	7
7261	17041	21	5
7262	17043	21	6
7263	17045	21	6
7264	17047	21	7
7265	17049	21	6
7266	17051	21	7
7267	17053	21	7
7268	17055	21	8
7269	17057	21	5
7270	17059	21	6
7271	17061	21	6
7272	17063	21	7
7273	17065	21	6
7274	17067	21	7
7275	17069	21	7
7276	17071	21	8
7277	17073	21	6
7278	17075	21	7
7279	17077	21	7
7280	17079	21	8
7281	17081	21	7
7282	17083	21	8
7283	17085	21	8
7284	17087	21	9
7285	17089	21	5
7286	17091	21	6
7287	17093	21	6
7288	17095	21	7
7289	17097	21	6
7290	17099	21	7
7291	17101	21	7
7292	17103	21	8
7293	17105	21	6
7294	17107	21	7
7295	17109	21	7
7296	17111	21	8
7297	17113	21	7
7298	17115	21	8
7299	17117	21	8
7300	17119	21	9
7301	17121	21	6
7302	17123	21	7
7303	17125	21	7
7304	17127	21	8
7305	17129	21	7
7306	17131	21	8
7307	17133	21	8
7308	17135	21	9
7309	17137	21	7
7310	17139	21	8
7311	17141	21	8
7312	17143	21	9
7313	17145	21	8
7314	17147	21	9
7315	17149	21	9
7316	17155	21	5
7317	17157	21	5
7318	17159	21	6
7319	17161	21	5
7320	17163	21	6
7321	17165	21	6
7322	17167	21	7
7323	17169	21	5
7324	17171	21	6
7325	17173	21	6
7326	17175	21	7
7327	17177	21	6
7328	17179	21	7
7329	17181	21	7
7330	17183	21	8
7331	17185	21	5
7332	17187	21	6
7333	17189	21	6
7334	17191	21	7
7335	17193	21	6
7336	17195	21	7
7337	17197	21	7
7338	17199	21	8
7339	17201	21	6
7340	17203	21	7
7341	17205	21	7
7342	17207	21	8
7343	17209	21	7
7344	17211	21	8
7345	17213	21	8
7346	17215	21	9
7347	17217	21	5
7348	17219	21	6
7349	17221	21	6
7350	17223	21	7
7351	17225	21	6
7352	17227	21	7
7353	17229	21	7
7354	17231	21	8
7355	17233	21	6
7356	17235	21	7
7357	17237	21	7
7358	17239	21	8
7359	17241	21	7
7360	17243	21	8
7361	17245	21	8
7362	17247	21	9
7363	17249	21	6
7364	17251	21	7
7365	17253	21	7
7366	17255	21	8
7367	17257	21	7
7368	17259	21	8
7369	17261	21	8
7370	17263	21	9
7371	17265	21	7
7372	17267	21	8
7373	17269	21	8
7374	17271	21	9
7375	17273	21	8
7376	17275	21	9
7377	17277	21	9
7378	17283	21	6
7379	17285	21	6
7380	17287	21	7
7381	17289	21	6
7382	17291	21	7
7383	17293	21	7
7384	17295	21	8
7385	17297	21	6
7386	17299	21	7
7387	17301	21	7
7388	17303	21	8
7389	17305	21	7
7390	17307	21	8
7391	17309	21	8
7392	17311	21	9
7393	17313	21	6
7394	17315	21	7
7395	17317	21	7
7396	17319	21	8
7397	17321	21	7
7398	17323	21	8
7399	17325	21	8
7400	17327	21	9
7401	17329	21	7
7402	17331	21	8
7403	17333	21	8
7404	17335	21	9
7405	17337	21	8
7406	17339	21	9
7407	17341	21	9
7408	17345	21	6
7409	17347	21	7
7410	17349	21	7
7411	17351	21	8
7412	17353	21	7
7413	17355	21	8
7414	17357	21	8
7415	17359	21	9
7416	17361	21	7
7417	17363	21	8
7418	17365	21	8
7419	17367	21	9
7420	17369	21	8
7421	17371	21	9
7422	17373	21	9
7423	17377	21	7
7424	17379	21	8
7425	17381	21	8
7426	17383	21	9
7427	17385	21	8
7428	17387	21	9
7429	17389	21	9
7430	17393	21	8
7431	17395	21	9
7432	17397	21	9
7433	17401	21	9
7434	17417	21	4
7435	17419	21	5
7436	17421	21	5
7437	17423	21	6
7438	17425	21	4
7439	17427	21	5
7440	17429	21	5
7441	17431	21	6
7442	17433	21	5
7443	17435	21	6
7444	17437	21	6
7445	17439	21	7
7446	17441	21	4
7447	17443	21	5
7448	17445	21	5
7449	17447	21	6
7450	17449	21	5
7451	17451	21	6
7452	17453	21	6
7453	17455	21	7
7454	17457	21	5
7455	17459	21	6
7456	17461	21	6
7457	17463	21	7
7458	17465	21	6
7459	17467	21	7
7460	17469	21	7
7461	17471	21	8
7462	17473	21	4
7463	17475	21	5
7464	17477	21	5
7465	17479	21	6
7466	17481	21	5
7467	17483	21	6
7468	17485	21	6
7469	17487	21	7
7470	17489	21	5
7471	17491	21	6
7472	17493	21	6
7473	17495	21	7
7474	17497	21	6
7475	17499	21	7
7476	17501	21	7
7477	17503	21	8
7478	17505	21	5
7479	17507	21	6
7480	17509	21	6
7481	17511	21	7
7482	17513	21	6
7483	17515	21	7
7484	17517	21	7
7485	17519	21	8
7486	17521	21	6
7487	17523	21	7
7488	17525	21	7
7489	17527	21	8
7490	17529	21	7
7491	17531	21	8
7492	17533	21	8
7493	17535	21	9
7494	17539	21	5
7495	17541	21	5
7496	17543	21	6
7497	17545	21	5
7498	17547	21	6
7499	17549	21	6
7500	17551	21	7
7501	17553	21	5
7502	17555	21	6
7503	17557	21	6
7504	17559	21	7
7505	17561	21	6
7506	17563	21	7
7507	17565	21	7
7508	17567	21	8
7509	17569	21	5
7510	17571	21	6
7511	17573	21	6
7512	17575	21	7
7513	17577	21	6
7514	17579	21	7
7515	17581	21	7
7516	17583	21	8
7517	17585	21	6
7518	17587	21	7
7519	17589	21	7
7520	17591	21	8
7521	17593	21	7
7522	17595	21	8
7523	17597	21	8
7524	17599	21	9
7525	17601	21	5
7526	17603	21	6
7527	17605	21	6
7528	17607	21	7
7529	17609	21	6
7530	17611	21	7
7531	17613	21	7
7532	17615	21	8
7533	17617	21	6
7534	17619	21	7
7535	17621	21	7
7536	17623	21	8
7537	17625	21	7
7538	17627	21	8
7539	17629	21	8
7540	17631	21	9
7541	17633	21	6
7542	17635	21	7
7543	17637	21	7
7544	17639	21	8
7545	17641	21	7
7546	17643	21	8
7547	17645	21	8
7548	17647	21	9
7549	17649	21	7
7550	17651	21	8
7551	17653	21	8
7552	17655	21	9
7553	17657	21	8
7554	17659	21	9
7555	17661	21	9
7556	17667	21	5
7557	17669	21	5
7558	17671	21	6
7559	17673	21	5
7560	17675	21	6
7561	17677	21	6
7562	17679	21	7
7563	17681	21	5
7564	17683	21	6
7565	17685	21	6
7566	17687	21	7
7567	17689	21	6
7568	17691	21	7
7569	17693	21	7
7570	17695	21	8
7571	17697	21	5
7572	17699	21	6
7573	17701	21	6
7574	17703	21	7
7575	17705	21	6
7576	17707	21	7
7577	17709	21	7
7578	17711	21	8
7579	17713	21	6
7580	17715	21	7
7581	17717	21	7
7582	17719	21	8
7583	17721	21	7
7584	17723	21	8
7585	17725	21	8
7586	17727	21	9
7587	17729	21	5
7588	17731	21	6
7589	17733	21	6
7590	17735	21	7
7591	17737	21	6
7592	17739	21	7
7593	17741	21	7
7594	17743	21	8
7595	17745	21	6
7596	17747	21	7
7597	17749	21	7
7598	17751	21	8
7599	17753	21	7
7600	17755	21	8
7601	17757	21	8
7602	17759	21	9
7603	17761	21	6
7604	17763	21	7
7605	17765	21	7
7606	17767	21	8
7607	17769	21	7
7608	17771	21	8
7609	17773	21	8
7610	17775	21	9
7611	17777	21	7
7612	17779	21	8
7613	17781	21	8
7614	17783	21	9
7615	17785	21	8
7616	17787	21	9
7617	17789	21	9
7618	17795	21	6
7619	17797	21	6
7620	17799	21	7
7621	17801	21	6
7622	17803	21	7
7623	17805	21	7
7624	17807	21	8
7625	17809	21	6
7626	17811	21	7
7627	17813	21	7
7628	17815	21	8
7629	17817	21	7
7630	17819	21	8
7631	17821	21	8
7632	17823	21	9
7633	17825	21	6
7634	17827	21	7
7635	17829	21	7
7636	17831	21	8
7637	17833	21	7
7638	17835	21	8
7639	17837	21	8
7640	17839	21	9
7641	17841	21	7
7642	17843	21	8
7643	17845	21	8
7644	17847	21	9
7645	17849	21	8
7646	17851	21	9
7647	17853	21	9
7648	17857	21	6
7649	17859	21	7
7650	17861	21	7
7651	17863	21	8
7652	17865	21	7
7653	17867	21	8
7654	17869	21	8
7655	17871	21	9
7656	17873	21	7
7657	17875	21	8
7658	17877	21	8
7659	17879	21	9
7660	17881	21	8
7661	17883	21	9
7662	17885	21	9
7663	17889	21	7
7664	17891	21	8
7665	17893	21	8
7666	17895	21	9
7667	17897	21	8
7668	17899	21	9
7669	17901	21	9
7670	17905	21	8
7671	17907	21	9
7672	17909	21	9
7673	17913	21	9
7674	17925	21	5
7675	17927	21	6
7676	17929	21	5
7677	17931	21	6
7678	17933	21	6
7679	17935	21	7
7680	17937	21	5
7681	17939	21	6
7682	17941	21	6
7683	17943	21	7
7684	17945	21	6
7685	17947	21	7
7686	17949	21	7
7687	17951	21	8
7688	17953	21	5
7689	17955	21	6
7690	17957	21	6
7691	17959	21	7
7692	17961	21	6
7693	17963	21	7
7694	17965	21	7
7695	17967	21	8
7696	17969	21	6
7697	17971	21	7
7698	17973	21	7
7699	17975	21	8
7700	17977	21	7
7701	17979	21	8
7702	17981	21	8
7703	17983	21	9
7704	17985	21	5
7705	17987	21	6
7706	17989	21	6
7707	17991	21	7
7708	17993	21	6
7709	17995	21	7
7710	17997	21	7
7711	17999	21	8
7712	18001	21	6
7713	18003	21	7
7714	18005	21	7
7715	18007	21	8
7716	18009	21	7
7717	18011	21	8
7718	18013	21	8
7719	18015	21	9
7720	18017	21	6
7721	18019	21	7
7722	18021	21	7
7723	18023	21	8
7724	18025	21	7
7725	18027	21	8
7726	18029	21	8
7727	18031	21	9
7728	18033	21	7
7729	18035	21	8
7730	18037	21	8
7731	18039	21	9
7732	18041	21	8
7733	18043	21	9
7734	18045	21	9
7735	18051	21	6
7736	18053	21	6
7737	18055	21	7
7738	18057	21	6
7739	18059	21	7
7740	18061	21	7
7741	18063	21	8
7742	18065	21	6
7743	18067	21	7
7744	18069	21	7
7745	18071	21	8
7746	18073	21	7
7747	18075	21	8
7748	18077	21	8
7749	18079	21	9
7750	18081	21	6
7751	18083	21	7
7752	18085	21	7
7753	18087	21	8
7754	18089	21	7
7755	18091	21	8
7756	18093	21	8
7757	18095	21	9
7758	18097	21	7
7759	18099	21	8
7760	18101	21	8
7761	18103	21	9
7762	18105	21	8
7763	18107	21	9
7764	18109	21	9
7765	18113	21	6
7766	18115	21	7
7767	18117	21	7
7768	18119	21	8
7769	18121	21	7
7770	18123	21	8
7771	18125	21	8
7772	18127	21	9
7773	18129	21	7
7774	18131	21	8
7775	18133	21	8
7776	18135	21	9
7777	18137	21	8
7778	18139	21	9
7779	18141	21	9
7780	18145	21	7
7781	18147	21	8
7782	18149	21	8
7783	18151	21	9
7784	18153	21	8
7785	18155	21	9
7786	18157	21	9
7787	18161	21	8
7788	18163	21	9
7789	18165	21	9
7790	18169	21	9
7791	18179	21	6
7792	18181	21	6
7793	18183	21	7
7794	18185	21	6
7795	18187	21	7
7796	18189	21	7
7797	18191	21	8
7798	18193	21	6
7799	18195	21	7
7800	18197	21	7
7801	18199	21	8
7802	18201	21	7
7803	18203	21	8
7804	18205	21	8
7805	18207	21	9
7806	18209	21	6
7807	18211	21	7
7808	18213	21	7
7809	18215	21	8
7810	18217	21	7
7811	18219	21	8
7812	18221	21	8
7813	18223	21	9
7814	18225	21	7
7815	18227	21	8
7816	18229	21	8
7817	18231	21	9
7818	18233	21	8
7819	18235	21	9
7820	18237	21	9
7821	18241	21	6
7822	18243	21	7
7823	18245	21	7
7824	18247	21	8
7825	18249	21	7
7826	18251	21	8
7827	18253	21	8
7828	18255	21	9
7829	18257	21	7
7830	18259	21	8
7831	18261	21	8
7832	18263	21	9
7833	18265	21	8
7834	18267	21	9
7835	18269	21	9
7836	18273	21	7
7837	18275	21	8
7838	18277	21	8
7839	18279	21	9
7840	18281	21	8
7841	18283	21	9
7842	18285	21	9
7843	18289	21	8
7844	18291	21	9
7845	18293	21	9
7846	18297	21	9
7847	18307	21	7
7848	18309	21	7
7849	18311	21	8
7850	18313	21	7
7851	18315	21	8
7852	18317	21	8
7853	18319	21	9
7854	18321	21	7
7855	18323	21	8
7856	18325	21	8
7857	18327	21	9
7858	18329	21	8
7859	18331	21	9
7860	18333	21	9
7861	18337	21	7
7862	18339	21	8
7863	18341	21	8
7864	18343	21	9
7865	18345	21	8
7866	18347	21	9
7867	18349	21	9
7868	18353	21	8
7869	18355	21	9
7870	18357	21	9
7871	18361	21	9
7872	18369	21	7
7873	18371	21	8
7874	18373	21	8
7875	18375	21	9
7876	18377	21	8
7877	18379	21	9
7878	18381	21	9
7879	18385	21	8
7880	18387	21	9
7881	18389	21	9
7882	18393	21	9
7883	18401	21	8
7884	18403	21	9
7885	18405	21	9
7886	18409	21	9
7887	18417	21	9
7888	18451	21	5
7889	18453	21	5
7890	18455	21	6
7891	18457	21	5
7892	18459	21	6
7893	18461	21	6
7894	18463	21	7
7895	18465	21	4
7896	18467	21	5
7897	18469	21	5
7898	18471	21	6
7899	18473	21	5
7900	18475	21	6
7901	18477	21	6
7902	18479	21	7
7903	18481	21	5
7904	18483	21	6
7905	18485	21	6
7906	18487	21	7
7907	18489	21	6
7908	18491	21	7
7909	18493	21	7
7910	18495	21	8
7911	18497	21	4
7912	18499	21	5
7913	18501	21	5
7914	18503	21	6
7915	18505	21	5
7916	18507	21	6
7917	18509	21	6
7918	18511	21	7
7919	18513	21	5
7920	18515	21	6
7921	18517	21	6
7922	18519	21	7
7923	18521	21	6
7924	18523	21	7
7925	18525	21	7
7926	18527	21	8
7927	18529	21	5
7928	18531	21	6
7929	18533	21	6
7930	18535	21	7
7931	18537	21	6
7932	18539	21	7
7933	18541	21	7
7934	18543	21	8
7935	18545	21	6
7936	18547	21	7
7937	18549	21	7
7938	18551	21	8
7939	18553	21	7
7940	18555	21	8
7941	18557	21	8
7942	18559	21	9
7943	18563	21	5
7944	18565	21	5
7945	18567	21	6
7946	18569	21	5
7947	18571	21	6
7948	18573	21	6
7949	18575	21	7
7950	18577	21	5
7951	18579	21	6
7952	18581	21	6
7953	18583	21	7
7954	18585	21	6
7955	18587	21	7
7956	18589	21	7
7957	18591	21	8
7958	18593	21	5
7959	18595	21	6
7960	18597	21	6
7961	18599	21	7
7962	18601	21	6
7963	18603	21	7
7964	18605	21	7
7965	18607	21	8
7966	18609	21	6
7967	18611	21	7
7968	18613	21	7
7969	18615	21	8
7970	18617	21	7
7971	18619	21	8
7972	18621	21	8
7973	18623	21	9
7974	18625	21	5
7975	18627	21	6
7976	18629	21	6
7977	18631	21	7
7978	18633	21	6
7979	18635	21	7
7980	18637	21	7
7981	18639	21	8
7982	18641	21	6
7983	18643	21	7
7984	18645	21	7
7985	18647	21	8
7986	18649	21	7
7987	18651	21	8
7988	18653	21	8
7989	18655	21	9
7990	18657	21	6
7991	18659	21	7
7992	18661	21	7
7993	18663	21	8
7994	18665	21	7
7995	18667	21	8
7996	18669	21	8
7997	18671	21	9
7998	18673	21	7
7999	18675	21	8
8000	18677	21	8
8001	18679	21	9
8002	18681	21	8
8003	18683	21	9
8004	18685	21	9
8005	18691	21	5
8006	18693	21	5
8007	18695	21	6
8008	18697	21	5
8009	18699	21	6
8010	18701	21	6
8011	18703	21	7
8012	18705	21	5
8013	18707	21	6
8014	18709	21	6
8015	18711	21	7
8016	18713	21	6
8017	18715	21	7
8018	18717	21	7
8019	18719	21	8
8020	18721	21	5
8021	18723	21	6
8022	18725	21	6
8023	18727	21	7
8024	18729	21	6
8025	18731	21	7
8026	18733	21	7
8027	18735	21	8
8028	18737	21	6
8029	18739	21	7
8030	18741	21	7
8031	18743	21	8
8032	18745	21	7
8033	18747	21	8
8034	18749	21	8
8035	18751	21	9
8036	18753	21	5
8037	18755	21	6
8038	18757	21	6
8039	18759	21	7
8040	18761	21	6
8041	18763	21	7
8042	18765	21	7
8043	18767	21	8
8044	18769	21	6
8045	18771	21	7
8046	18773	21	7
8047	18775	21	8
8048	18777	21	7
8049	18779	21	8
8050	18781	21	8
8051	18783	21	9
8052	18785	21	6
8053	18787	21	7
8054	18789	21	7
8055	18791	21	8
8056	18793	21	7
8057	18795	21	8
8058	18797	21	8
8059	18799	21	9
8060	18801	21	7
8061	18803	21	8
8062	18805	21	8
8063	18807	21	9
8064	18809	21	8
8065	18811	21	9
8066	18813	21	9
8067	18819	21	6
8068	18821	21	6
8069	18823	21	7
8070	18825	21	6
8071	18827	21	7
8072	18829	21	7
8073	18831	21	8
8074	18833	21	6
8075	18835	21	7
8076	18837	21	7
8077	18839	21	8
8078	18841	21	7
8079	18843	21	8
8080	18845	21	8
8081	18847	21	9
8082	18849	21	6
8083	18851	21	7
8084	18853	21	7
8085	18855	21	8
8086	18857	21	7
8087	18859	21	8
8088	18861	21	8
8089	18863	21	9
8090	18865	21	7
8091	18867	21	8
8092	18869	21	8
8093	18871	21	9
8094	18873	21	8
8095	18875	21	9
8096	18877	21	9
8097	18881	21	6
8098	18883	21	7
8099	18885	21	7
8100	18887	21	8
8101	18889	21	7
8102	18891	21	8
8103	18893	21	8
8104	18895	21	9
8105	18897	21	7
8106	18899	21	8
8107	18901	21	8
8108	18903	21	9
8109	18905	21	8
8110	18907	21	9
8111	18909	21	9
8112	18913	21	7
8113	18915	21	8
8114	18917	21	8
8115	18919	21	9
8116	18921	21	8
8117	18923	21	9
8118	18925	21	9
8119	18929	21	8
8120	18931	21	9
8121	18933	21	9
8122	18937	21	9
8123	18949	21	5
8124	18951	21	6
8125	18953	21	5
8126	18955	21	6
8127	18957	21	6
8128	18959	21	7
8129	18961	21	5
8130	18963	21	6
8131	18965	21	6
8132	18967	21	7
8133	18969	21	6
8134	18971	21	7
8135	18973	21	7
8136	18975	21	8
8137	18977	21	5
8138	18979	21	6
8139	18981	21	6
8140	18983	21	7
8141	18985	21	6
8142	18987	21	7
8143	18989	21	7
8144	18991	21	8
8145	18993	21	6
8146	18995	21	7
8147	18997	21	7
8148	18999	21	8
8149	19001	21	7
8150	19003	21	8
8151	19005	21	8
8152	19007	21	9
8153	19009	21	5
8154	19011	21	6
8155	19013	21	6
8156	19015	21	7
8157	19017	21	6
8158	19019	21	7
8159	19021	21	7
8160	19023	21	8
8161	19025	21	6
8162	19027	21	7
8163	19029	21	7
8164	19031	21	8
8165	19033	21	7
8166	19035	21	8
8167	19037	21	8
8168	19039	21	9
8169	19041	21	6
8170	19043	21	7
8171	19045	21	7
8172	19047	21	8
8173	19049	21	7
8174	19051	21	8
8175	19053	21	8
8176	19055	21	9
8177	19057	21	7
8178	19059	21	8
8179	19061	21	8
8180	19063	21	9
8181	19065	21	8
8182	19067	21	9
8183	19069	21	9
8184	19075	21	6
8185	19077	21	6
8186	19079	21	7
8187	19081	21	6
8188	19083	21	7
8189	19085	21	7
8190	19087	21	8
8191	19089	21	6
8192	19091	21	7
8193	19093	21	7
8194	19095	21	8
8195	19097	21	7
8196	19099	21	8
8197	19101	21	8
8198	19103	21	9
8199	19105	21	6
8200	19107	21	7
8201	19109	21	7
8202	19111	21	8
8203	19113	21	7
8204	19115	21	8
8205	19117	21	8
8206	19119	21	9
8207	19121	21	7
8208	19123	21	8
8209	19125	21	8
8210	19127	21	9
8211	19129	21	8
8212	19131	21	9
8213	19133	21	9
8214	19137	21	6
8215	19139	21	7
8216	19141	21	7
8217	19143	21	8
8218	19145	21	7
8219	19147	21	8
8220	19149	21	8
8221	19151	21	9
8222	19153	21	7
8223	19155	21	8
8224	19157	21	8
8225	19159	21	9
8226	19161	21	8
8227	19163	21	9
8228	19165	21	9
8229	19169	21	7
8230	19171	21	8
8231	19173	21	8
8232	19175	21	9
8233	19177	21	8
8234	19179	21	9
8235	19181	21	9
8236	19185	21	8
8237	19187	21	9
8238	19189	21	9
8239	19193	21	9
8240	19203	21	6
8241	19205	21	6
8242	19207	21	7
8243	19209	21	6
8244	19211	21	7
8245	19213	21	7
8246	19215	21	8
8247	19217	21	6
8248	19219	21	7
8249	19221	21	7
8250	19223	21	8
8251	19225	21	7
8252	19227	21	8
8253	19229	21	8
8254	19231	21	9
8255	19233	21	6
8256	19235	21	7
8257	19237	21	7
8258	19239	21	8
8259	19241	21	7
8260	19243	21	8
8261	19245	21	8
8262	19247	21	9
8263	19249	21	7
8264	19251	21	8
8265	19253	21	8
8266	19255	21	9
8267	19257	21	8
8268	19259	21	9
8269	19261	21	9
8270	19265	21	6
8271	19267	21	7
8272	19269	21	7
8273	19271	21	8
8274	19273	21	7
8275	19275	21	8
8276	19277	21	8
8277	19279	21	9
8278	19281	21	7
8279	19283	21	8
8280	19285	21	8
8281	19287	21	9
8282	19289	21	8
8283	19291	21	9
8284	19293	21	9
8285	19297	21	7
8286	19299	21	8
8287	19301	21	8
8288	19303	21	9
8289	19305	21	8
8290	19307	21	9
8291	19309	21	9
8292	19313	21	8
8293	19315	21	9
8294	19317	21	9
8295	19321	21	9
8296	19331	21	7
8297	19333	21	7
8298	19335	21	8
8299	19337	21	7
8300	19339	21	8
8301	19341	21	8
8302	19343	21	9
8303	19345	21	7
8304	19347	21	8
8305	19349	21	8
8306	19351	21	9
8307	19353	21	8
8308	19355	21	9
8309	19357	21	9
8310	19361	21	7
8311	19363	21	8
8312	19365	21	8
8313	19367	21	9
8314	19369	21	8
8315	19371	21	9
8316	19373	21	9
8317	19377	21	8
8318	19379	21	9
8319	19381	21	9
8320	19385	21	9
8321	19393	21	7
8322	19395	21	8
8323	19397	21	8
8324	19399	21	9
8325	19401	21	8
8326	19403	21	9
8327	19405	21	9
8328	19409	21	8
8329	19411	21	9
8330	19413	21	9
8331	19417	21	9
8332	19425	21	8
8333	19427	21	9
8334	19429	21	9
8335	19433	21	9
8336	19441	21	9
8337	19467	21	6
8338	19469	21	6
8339	19471	21	7
8340	19473	21	5
8341	19475	21	6
8342	19477	21	6
8343	19479	21	7
8344	19481	21	6
8345	19483	21	7
8346	19485	21	7
8347	19487	21	8
8348	19489	21	5
8349	19491	21	6
8350	19493	21	6
8351	19495	21	7
8352	19497	21	6
8353	19499	21	7
8354	19501	21	7
8355	19503	21	8
8356	19505	21	6
8357	19507	21	7
8358	19509	21	7
8359	19511	21	8
8360	19513	21	7
8361	19515	21	8
8362	19517	21	8
8363	19519	21	9
8364	19521	21	5
8365	19523	21	6
8366	19525	21	6
8367	19527	21	7
8368	19529	21	6
8369	19531	21	7
8370	19533	21	7
8371	19535	21	8
8372	19537	21	6
8373	19539	21	7
8374	19541	21	7
8375	19543	21	8
8376	19545	21	7
8377	19547	21	8
8378	19549	21	8
8379	19551	21	9
8380	19553	21	6
8381	19555	21	7
8382	19557	21	7
8383	19559	21	8
8384	19561	21	7
8385	19563	21	8
8386	19565	21	8
8387	19567	21	9
8388	19569	21	7
8389	19571	21	8
8390	19573	21	8
8391	19575	21	9
8392	19577	21	8
8393	19579	21	9
8394	19581	21	9
8395	19587	21	6
8396	19589	21	6
8397	19591	21	7
8398	19593	21	6
8399	19595	21	7
8400	19597	21	7
8401	19599	21	8
8402	19601	21	6
8403	19603	21	7
8404	19605	21	7
8405	19607	21	8
8406	19609	21	7
8407	19611	21	8
8408	19613	21	8
8409	19615	21	9
8410	19617	21	6
8411	19619	21	7
8412	19621	21	7
8413	19623	21	8
8414	19625	21	7
8415	19627	21	8
8416	19629	21	8
8417	19631	21	9
8418	19633	21	7
8419	19635	21	8
8420	19637	21	8
8421	19639	21	9
8422	19641	21	8
8423	19643	21	9
8424	19645	21	9
8425	19649	21	6
8426	19651	21	7
8427	19653	21	7
8428	19655	21	8
8429	19657	21	7
8430	19659	21	8
8431	19661	21	8
8432	19663	21	9
8433	19665	21	7
8434	19667	21	8
8435	19669	21	8
8436	19671	21	9
8437	19673	21	8
8438	19675	21	9
8439	19677	21	9
8440	19681	21	7
8441	19683	21	8
8442	19685	21	8
8443	19687	21	9
8444	19689	21	8
8445	19691	21	9
8446	19693	21	9
8447	19697	21	8
8448	19699	21	9
8449	19701	21	9
8450	19705	21	9
8451	19715	21	6
8452	19717	21	6
8453	19719	21	7
8454	19721	21	6
8455	19723	21	7
8456	19725	21	7
8457	19727	21	8
8458	19729	21	6
8459	19731	21	7
8460	19733	21	7
8461	19735	21	8
8462	19737	21	7
8463	19739	21	8
8464	19741	21	8
8465	19743	21	9
8466	19745	21	6
8467	19747	21	7
8468	19749	21	7
8469	19751	21	8
8470	19753	21	7
8471	19755	21	8
8472	19757	21	8
8473	19759	21	9
8474	19761	21	7
8475	19763	21	8
8476	19765	21	8
8477	19767	21	9
8478	19769	21	8
8479	19771	21	9
8480	19773	21	9
8481	19777	21	6
8482	19779	21	7
8483	19781	21	7
8484	19783	21	8
8485	19785	21	7
8486	19787	21	8
8487	19789	21	8
8488	19791	21	9
8489	19793	21	7
8490	19795	21	8
8491	19797	21	8
8492	19799	21	9
8493	19801	21	8
8494	19803	21	9
8495	19805	21	9
8496	19809	21	7
8497	19811	21	8
8498	19813	21	8
8499	19815	21	9
8500	19817	21	8
8501	19819	21	9
8502	19821	21	9
8503	19825	21	8
8504	19827	21	9
8505	19829	21	9
8506	19833	21	9
8507	19843	21	7
8508	19845	21	7
8509	19847	21	8
8510	19849	21	7
8511	19851	21	8
8512	19853	21	8
8513	19855	21	9
8514	19857	21	7
8515	19859	21	8
8516	19861	21	8
8517	19863	21	9
8518	19865	21	8
8519	19867	21	9
8520	19869	21	9
8521	19873	21	7
8522	19875	21	8
8523	19877	21	8
8524	19879	21	9
8525	19881	21	8
8526	19883	21	9
8527	19885	21	9
8528	19889	21	8
8529	19891	21	9
8530	19893	21	9
8531	19897	21	9
8532	19905	21	7
8533	19907	21	8
8534	19909	21	8
8535	19911	21	9
8536	19913	21	8
8537	19915	21	9
8538	19917	21	9
8539	19921	21	8
8540	19923	21	9
8541	19925	21	9
8542	19929	21	9
8543	19937	21	8
8544	19939	21	9
8545	19941	21	9
8546	19945	21	9
8547	19953	21	9
8548	19973	21	6
8549	19975	21	7
8550	19977	21	6
8551	19979	21	7
8552	19981	21	7
8553	19983	21	8
8554	19985	21	6
8555	19987	21	7
8556	19989	21	7
8557	19991	21	8
8558	19993	21	7
8559	19995	21	8
8560	19997	21	8
8561	19999	21	9
8562	20001	21	6
8563	20003	21	7
8564	20005	21	7
8565	20007	21	8
8566	20009	21	7
8567	20011	21	8
8568	20013	21	8
8569	20015	21	9
8570	20017	21	7
8571	20019	21	8
8572	20021	21	8
8573	20023	21	9
8574	20025	21	8
8575	20027	21	9
8576	20029	21	9
8577	20033	21	6
8578	20035	21	7
8579	20037	21	7
8580	20039	21	8
8581	20041	21	7
8582	20043	21	8
8583	20045	21	8
8584	20047	21	9
8585	20049	21	7
8586	20051	21	8
8587	20053	21	8
8588	20055	21	9
8589	20057	21	8
8590	20059	21	9
8591	20061	21	9
8592	20065	21	7
8593	20067	21	8
8594	20069	21	8
8595	20071	21	9
8596	20073	21	8
8597	20075	21	9
8598	20077	21	9
8599	20081	21	8
8600	20083	21	9
8601	20085	21	9
8602	20089	21	9
8603	20099	21	7
8604	20101	21	7
8605	20103	21	8
8606	20105	21	7
8607	20107	21	8
8608	20109	21	8
8609	20111	21	9
8610	20113	21	7
8611	20115	21	8
8612	20117	21	8
8613	20119	21	9
8614	20121	21	8
8615	20123	21	9
8616	20125	21	9
8617	20129	21	7
8618	20131	21	8
8619	20133	21	8
8620	20135	21	9
8621	20137	21	8
8622	20139	21	9
8623	20141	21	9
8624	20145	21	8
8625	20147	21	9
8626	20149	21	9
8627	20153	21	9
8628	20161	21	7
8629	20163	21	8
8630	20165	21	8
8631	20167	21	9
8632	20169	21	8
8633	20171	21	9
8634	20173	21	9
8635	20177	21	8
8636	20179	21	9
8637	20181	21	9
8638	20185	21	9
8639	20193	21	8
8640	20195	21	9
8641	20197	21	9
8642	20201	21	9
8643	20209	21	9
8644	20227	21	7
8645	20229	21	7
8646	20231	21	8
8647	20233	21	7
8648	20235	21	8
8649	20237	21	8
8650	20239	21	9
8651	20241	21	7
8652	20243	21	8
8653	20245	21	8
8654	20247	21	9
8655	20249	21	8
8656	20251	21	9
8657	20253	21	9
8658	20257	21	7
8659	20259	21	8
8660	20261	21	8
8661	20263	21	9
8662	20265	21	8
8663	20267	21	9
8664	20269	21	9
8665	20273	21	8
8666	20275	21	9
8667	20277	21	9
8668	20281	21	9
8669	20289	21	7
8670	20291	21	8
8671	20293	21	8
8672	20295	21	9
8673	20297	21	8
8674	20299	21	9
8675	20301	21	9
8676	20305	21	8
8677	20307	21	9
8678	20309	21	9
8679	20313	21	9
8680	20321	21	8
8681	20323	21	9
8682	20325	21	9
8683	20329	21	9
8684	20337	21	9
8685	20355	21	8
8686	20357	21	8
8687	20359	21	9
8688	20361	21	8
8689	20363	21	9
8690	20365	21	9
8691	20369	21	8
8692	20371	21	9
8693	20373	21	9
8694	20377	21	9
8695	20385	21	8
8696	20387	21	9
8697	20389	21	9
8698	20393	21	9
8699	20401	21	9
8700	20417	21	8
8701	20419	21	9
8702	20421	21	9
8703	20425	21	9
8704	20433	21	9
8705	20449	21	9
8706	20521	21	5
8707	20523	21	6
8708	20525	21	6
8709	20527	21	7
8710	20529	21	5
8711	20531	21	6
8712	20533	21	6
8713	20535	21	7
8714	20537	21	6
8715	20539	21	7
8716	20541	21	7
8717	20543	21	8
8718	20545	21	4
8719	20547	21	5
8720	20549	21	5
8721	20551	21	6
8722	20553	21	5
8723	20555	21	6
8724	20557	21	6
8725	20559	21	7
8726	20561	21	5
8727	20563	21	6
8728	20565	21	6
8729	20567	21	7
8730	20569	21	6
8731	20571	21	7
8732	20573	21	7
8733	20575	21	8
8734	20577	21	5
8735	20579	21	6
8736	20581	21	6
8737	20583	21	7
8738	20585	21	6
8739	20587	21	7
8740	20589	21	7
8741	20591	21	8
8742	20593	21	6
8743	20595	21	7
8744	20597	21	7
8745	20599	21	8
8746	20601	21	7
8747	20603	21	8
8748	20605	21	8
8749	20607	21	9
8750	20611	21	5
8751	20613	21	5
8752	20615	21	6
8753	20617	21	5
8754	20619	21	6
8755	20621	21	6
8756	20623	21	7
8757	20625	21	5
8758	20627	21	6
8759	20629	21	6
8760	20631	21	7
8761	20633	21	6
8762	20635	21	7
8763	20637	21	7
8764	20639	21	8
8765	20641	21	5
8766	20643	21	6
8767	20645	21	6
8768	20647	21	7
8769	20649	21	6
8770	20651	21	7
8771	20653	21	7
8772	20655	21	8
8773	20657	21	6
8774	20659	21	7
8775	20661	21	7
8776	20663	21	8
8777	20665	21	7
8778	20667	21	8
8779	20669	21	8
8780	20671	21	9
8781	20673	21	5
8782	20675	21	6
8783	20677	21	6
8784	20679	21	7
8785	20681	21	6
8786	20683	21	7
8787	20685	21	7
8788	20687	21	8
8789	20689	21	6
8790	20691	21	7
8791	20693	21	7
8792	20695	21	8
8793	20697	21	7
8794	20699	21	8
8795	20701	21	8
8796	20703	21	9
8797	20705	21	6
8798	20707	21	7
8799	20709	21	7
8800	20711	21	8
8801	20713	21	7
8802	20715	21	8
8803	20717	21	8
8804	20719	21	9
8805	20721	21	7
8806	20723	21	8
8807	20725	21	8
8808	20727	21	9
8809	20729	21	8
8810	20731	21	9
8811	20733	21	9
8812	20739	21	5
8813	20741	21	5
8814	20743	21	6
8815	20745	21	5
8816	20747	21	6
8817	20749	21	6
8818	20751	21	7
8819	20753	21	5
8820	20755	21	6
8821	20757	21	6
8822	20759	21	7
8823	20761	21	6
8824	20763	21	7
8825	20765	21	7
8826	20767	21	8
8827	20769	21	5
8828	20771	21	6
8829	20773	21	6
8830	20775	21	7
8831	20777	21	6
8832	20779	21	7
8833	20781	21	7
8834	20783	21	8
8835	20785	21	6
8836	20787	21	7
8837	20789	21	7
8838	20791	21	8
8839	20793	21	7
8840	20795	21	8
8841	20797	21	8
8842	20799	21	9
8843	20801	21	5
8844	20803	21	6
8845	20805	21	6
8846	20807	21	7
8847	20809	21	6
8848	20811	21	7
8849	20813	21	7
8850	20815	21	8
8851	20817	21	6
8852	20819	21	7
8853	20821	21	7
8854	20823	21	8
8855	20825	21	7
8856	20827	21	8
8857	20829	21	8
8858	20831	21	9
8859	20833	21	6
8860	20835	21	7
8861	20837	21	7
8862	20839	21	8
8863	20841	21	7
8864	20843	21	8
8865	20845	21	8
8866	20847	21	9
8867	20849	21	7
8868	20851	21	8
8869	20853	21	8
8870	20855	21	9
8871	20857	21	8
8872	20859	21	9
8873	20861	21	9
8874	20867	21	6
8875	20869	21	6
8876	20871	21	7
8877	20873	21	6
8878	20875	21	7
8879	20877	21	7
8880	20879	21	8
8881	20881	21	6
8882	20883	21	7
8883	20885	21	7
8884	20887	21	8
8885	20889	21	7
8886	20891	21	8
8887	20893	21	8
8888	20895	21	9
8889	20897	21	6
8890	20899	21	7
8891	20901	21	7
8892	20903	21	8
8893	20905	21	7
8894	20907	21	8
8895	20909	21	8
8896	20911	21	9
8897	20913	21	7
8898	20915	21	8
8899	20917	21	8
8900	20919	21	9
8901	20921	21	8
8902	20923	21	9
8903	20925	21	9
8904	20929	21	6
8905	20931	21	7
8906	20933	21	7
8907	20935	21	8
8908	20937	21	7
8909	20939	21	8
8910	20941	21	8
8911	20943	21	9
8912	20945	21	7
8913	20947	21	8
8914	20949	21	8
8915	20951	21	9
8916	20953	21	8
8917	20955	21	9
8918	20957	21	9
8919	20961	21	7
8920	20963	21	8
8921	20965	21	8
8922	20967	21	9
8923	20969	21	8
8924	20971	21	9
8925	20973	21	9
8926	20977	21	8
8927	20979	21	9
8928	20981	21	9
8929	20985	21	9
8930	20999	21	6
8931	21001	21	5
8932	21003	21	6
8933	21005	21	6
8934	21007	21	7
8935	21009	21	5
8936	21011	21	6
8937	21013	21	6
8938	21015	21	7
8939	21017	21	6
8940	21019	21	7
8941	21021	21	7
8942	21023	21	8
8943	21025	21	5
8944	21027	21	6
8945	21029	21	6
8946	21031	21	7
8947	21033	21	6
8948	21035	21	7
8949	21037	21	7
8950	21039	21	8
8951	21041	21	6
8952	21043	21	7
8953	21045	21	7
8954	21047	21	8
8955	21049	21	7
8956	21051	21	8
8957	21053	21	8
8958	21055	21	9
8959	21057	21	5
8960	21059	21	6
8961	21061	21	6
8962	21063	21	7
8963	21065	21	6
8964	21067	21	7
8965	21069	21	7
8966	21071	21	8
8967	21073	21	6
8968	21075	21	7
8969	21077	21	7
8970	21079	21	8
8971	21081	21	7
8972	21083	21	8
8973	21085	21	8
8974	21087	21	9
8975	21089	21	6
8976	21091	21	7
8977	21093	21	7
8978	21095	21	8
8979	21097	21	7
8980	21099	21	8
8981	21101	21	8
8982	21103	21	9
8983	21105	21	7
8984	21107	21	8
8985	21109	21	8
8986	21111	21	9
8987	21113	21	8
8988	21115	21	9
8989	21117	21	9
8990	21123	21	6
8991	21125	21	6
8992	21127	21	7
8993	21129	21	6
8994	21131	21	7
8995	21133	21	7
8996	21135	21	8
8997	21137	21	6
8998	21139	21	7
8999	21141	21	7
9000	21143	21	8
9001	21145	21	7
9002	21147	21	8
9003	21149	21	8
9004	21151	21	9
9005	21153	21	6
9006	21155	21	7
9007	21157	21	7
9008	21159	21	8
9009	21161	21	7
9010	21163	21	8
9011	21165	21	8
9012	21167	21	9
9013	21169	21	7
9014	21171	21	8
9015	21173	21	8
9016	21175	21	9
9017	21177	21	8
9018	21179	21	9
9019	21181	21	9
9020	21185	21	6
9021	21187	21	7
9022	21189	21	7
9023	21191	21	8
9024	21193	21	7
9025	21195	21	8
9026	21197	21	8
9027	21199	21	9
9028	21201	21	7
9029	21203	21	8
9030	21205	21	8
9031	21207	21	9
9032	21209	21	8
9033	21211	21	9
9034	21213	21	9
9035	21217	21	7
9036	21219	21	8
9037	21221	21	8
9038	21223	21	9
9039	21225	21	8
9040	21227	21	9
9041	21229	21	9
9042	21233	21	8
9043	21235	21	9
9044	21237	21	9
9045	21241	21	9
9046	21251	21	6
9047	21253	21	6
9048	21255	21	7
9049	21257	21	6
9050	21259	21	7
9051	21261	21	7
9052	21263	21	8
9053	21265	21	6
9054	21267	21	7
9055	21269	21	7
9056	21271	21	8
9057	21273	21	7
9058	21275	21	8
9059	21277	21	8
9060	21279	21	9
9061	21281	21	6
9062	21283	21	7
9063	21285	21	7
9064	21287	21	8
9065	21289	21	7
9066	21291	21	8
9067	21293	21	8
9068	21295	21	9
9069	21297	21	7
9070	21299	21	8
9071	21301	21	8
9072	21303	21	9
9073	21305	21	8
9074	21307	21	9
9075	21309	21	9
9076	21313	21	6
9077	21315	21	7
9078	21317	21	7
9079	21319	21	8
9080	21321	21	7
9081	21323	21	8
9082	21325	21	8
9083	21327	21	9
9084	21329	21	7
9085	21331	21	8
9086	21333	21	8
9087	21335	21	9
9088	21337	21	8
9089	21339	21	9
9090	21341	21	9
9091	21345	21	7
9092	21347	21	8
9093	21349	21	8
9094	21351	21	9
9095	21353	21	8
9096	21355	21	9
9097	21357	21	9
9098	21361	21	8
9099	21363	21	9
9100	21365	21	9
9101	21369	21	9
9102	21379	21	7
9103	21381	21	7
9104	21383	21	8
9105	21385	21	7
9106	21387	21	8
9107	21389	21	8
9108	21391	21	9
9109	21393	21	7
9110	21395	21	8
9111	21397	21	8
9112	21399	21	9
9113	21401	21	8
9114	21403	21	9
9115	21405	21	9
9116	21409	21	7
9117	21411	21	8
9118	21413	21	8
9119	21415	21	9
9120	21417	21	8
9121	21419	21	9
9122	21421	21	9
9123	21425	21	8
9124	21427	21	9
9125	21429	21	9
9126	21433	21	9
9127	21441	21	7
9128	21443	21	8
9129	21445	21	8
9130	21447	21	9
9131	21449	21	8
9132	21451	21	9
9133	21453	21	9
9134	21457	21	8
9135	21459	21	9
9136	21461	21	9
9137	21465	21	9
9138	21473	21	8
9139	21475	21	9
9140	21477	21	9
9141	21481	21	9
9142	21489	21	9
9143	21515	21	6
9144	21517	21	6
9145	21519	21	7
9146	21521	21	5
9147	21523	21	6
9148	21525	21	6
9149	21527	21	7
9150	21529	21	6
9151	21531	21	7
9152	21533	21	7
9153	21535	21	8
9154	21537	21	5
9155	21539	21	6
9156	21541	21	6
9157	21543	21	7
9158	21545	21	6
9159	21547	21	7
9160	21549	21	7
9161	21551	21	8
9162	21553	21	6
9163	21555	21	7
9164	21557	21	7
9165	21559	21	8
9166	21561	21	7
9167	21563	21	8
9168	21565	21	8
9169	21567	21	9
9170	21569	21	5
9171	21571	21	6
9172	21573	21	6
9173	21575	21	7
9174	21577	21	6
9175	21579	21	7
9176	21581	21	7
9177	21583	21	8
9178	21585	21	6
9179	21587	21	7
9180	21589	21	7
9181	21591	21	8
9182	21593	21	7
9183	21595	21	8
9184	21597	21	8
9185	21599	21	9
9186	21601	21	6
9187	21603	21	7
9188	21605	21	7
9189	21607	21	8
9190	21609	21	7
9191	21611	21	8
9192	21613	21	8
9193	21615	21	9
9194	21617	21	7
9195	21619	21	8
9196	21621	21	8
9197	21623	21	9
9198	21625	21	8
9199	21627	21	9
9200	21629	21	9
9201	21635	21	6
9202	21637	21	6
9203	21639	21	7
9204	21641	21	6
9205	21643	21	7
9206	21645	21	7
9207	21647	21	8
9208	21649	21	6
9209	21651	21	7
9210	21653	21	7
9211	21655	21	8
9212	21657	21	7
9213	21659	21	8
9214	21661	21	8
9215	21663	21	9
9216	21665	21	6
9217	21667	21	7
9218	21669	21	7
9219	21671	21	8
9220	21673	21	7
9221	21675	21	8
9222	21677	21	8
9223	21679	21	9
9224	21681	21	7
9225	21683	21	8
9226	21685	21	8
9227	21687	21	9
9228	21689	21	8
9229	21691	21	9
9230	21693	21	9
9231	21697	21	6
9232	21699	21	7
9233	21701	21	7
9234	21703	21	8
9235	21705	21	7
9236	21707	21	8
9237	21709	21	8
9238	21711	21	9
9239	21713	21	7
9240	21715	21	8
9241	21717	21	8
9242	21719	21	9
9243	21721	21	8
9244	21723	21	9
9245	21725	21	9
9246	21729	21	7
9247	21731	21	8
9248	21733	21	8
9249	21735	21	9
9250	21737	21	8
9251	21739	21	9
9252	21741	21	9
9253	21745	21	8
9254	21747	21	9
9255	21749	21	9
9256	21753	21	9
9257	21763	21	6
9258	21765	21	6
9259	21767	21	7
9260	21769	21	6
9261	21771	21	7
9262	21773	21	7
9263	21775	21	8
9264	21777	21	6
9265	21779	21	7
9266	21781	21	7
9267	21783	21	8
9268	21785	21	7
9269	21787	21	8
9270	21789	21	8
9271	21791	21	9
9272	21793	21	6
9273	21795	21	7
9274	21797	21	7
9275	21799	21	8
9276	21801	21	7
9277	21803	21	8
9278	21805	21	8
9279	21807	21	9
9280	21809	21	7
9281	21811	21	8
9282	21813	21	8
9283	21815	21	9
9284	21817	21	8
9285	21819	21	9
9286	21821	21	9
9287	21825	21	6
9288	21827	21	7
9289	21829	21	7
9290	21831	21	8
9291	21833	21	7
9292	21835	21	8
9293	21837	21	8
9294	21839	21	9
9295	21841	21	7
9296	21843	21	8
9297	21845	21	8
9298	21847	21	9
9299	21849	21	8
9300	21851	21	9
9301	21853	21	9
9302	21857	21	7
9303	21859	21	8
9304	21861	21	8
9305	21863	21	9
9306	21865	21	8
9307	21867	21	9
9308	21869	21	9
9309	21873	21	8
9310	21875	21	9
9311	21877	21	9
9312	21881	21	9
9313	21891	21	7
9314	21893	21	7
9315	21895	21	8
9316	21897	21	7
9317	21899	21	8
9318	21901	21	8
9319	21903	21	9
9320	21905	21	7
9321	21907	21	8
9322	21909	21	8
9323	21911	21	9
9324	21913	21	8
9325	21915	21	9
9326	21917	21	9
9327	21921	21	7
9328	21923	21	8
9329	21925	21	8
9330	21927	21	9
9331	21929	21	8
9332	21931	21	9
9333	21933	21	9
9334	21937	21	8
9335	21939	21	9
9336	21941	21	9
9337	21945	21	9
9338	21953	21	7
9339	21955	21	8
9340	21957	21	8
9341	21959	21	9
9342	21961	21	8
9343	21963	21	9
9344	21965	21	9
9345	21969	21	8
9346	21971	21	9
9347	21973	21	9
9348	21977	21	9
9349	21985	21	8
9350	21987	21	9
9351	21989	21	9
9352	21993	21	9
9353	22001	21	9
9354	22023	21	7
9355	22025	21	6
9356	22027	21	7
9357	22029	21	7
9358	22031	21	8
9359	22033	21	6
9360	22035	21	7
9361	22037	21	7
9362	22039	21	8
9363	22041	21	7
9364	22043	21	8
9365	22045	21	8
9366	22047	21	9
9367	22049	21	6
9368	22051	21	7
9369	22053	21	7
9370	22055	21	8
9371	22057	21	7
9372	22059	21	8
9373	22061	21	8
9374	22063	21	9
9375	22065	21	7
9376	22067	21	8
9377	22069	21	8
9378	22071	21	9
9379	22073	21	8
9380	22075	21	9
9381	22077	21	9
9382	22081	21	6
9383	22083	21	7
9384	22085	21	7
9385	22087	21	8
9386	22089	21	7
9387	22091	21	8
9388	22093	21	8
9389	22095	21	9
9390	22097	21	7
9391	22099	21	8
9392	22101	21	8
9393	22103	21	9
9394	22105	21	8
9395	22107	21	9
9396	22109	21	9
9397	22113	21	7
9398	22115	21	8
9399	22117	21	8
9400	22119	21	9
9401	22121	21	8
9402	22123	21	9
9403	22125	21	9
9404	22129	21	8
9405	22131	21	9
9406	22133	21	9
9407	22137	21	9
9408	22147	21	7
9409	22149	21	7
9410	22151	21	8
9411	22153	21	7
9412	22155	21	8
9413	22157	21	8
9414	22159	21	9
9415	22161	21	7
9416	22163	21	8
9417	22165	21	8
9418	22167	21	9
9419	22169	21	8
9420	22171	21	9
9421	22173	21	9
9422	22177	21	7
9423	22179	21	8
9424	22181	21	8
9425	22183	21	9
9426	22185	21	8
9427	22187	21	9
9428	22189	21	9
9429	22193	21	8
9430	22195	21	9
9431	22197	21	9
9432	22201	21	9
9433	22209	21	7
9434	22211	21	8
9435	22213	21	8
9436	22215	21	9
9437	22217	21	8
9438	22219	21	9
9439	22221	21	9
9440	22225	21	8
9441	22227	21	9
9442	22229	21	9
9443	22233	21	9
9444	22241	21	8
9445	22243	21	9
9446	22245	21	9
9447	22249	21	9
9448	22257	21	9
9449	22275	21	7
9450	22277	21	7
9451	22279	21	8
9452	22281	21	7
9453	22283	21	8
9454	22285	21	8
9455	22287	21	9
9456	22289	21	7
9457	22291	21	8
9458	22293	21	8
9459	22295	21	9
9460	22297	21	8
9461	22299	21	9
9462	22301	21	9
9463	22305	21	7
9464	22307	21	8
9465	22309	21	8
9466	22311	21	9
9467	22313	21	8
9468	22315	21	9
9469	22317	21	9
9470	22321	21	8
9471	22323	21	9
9472	22325	21	9
9473	22329	21	9
9474	22337	21	7
9475	22339	21	8
9476	22341	21	8
9477	22343	21	9
9478	22345	21	8
9479	22347	21	9
9480	22349	21	9
9481	22353	21	8
9482	22355	21	9
9483	22357	21	9
9484	22361	21	9
9485	22369	21	8
9486	22371	21	9
9487	22373	21	9
9488	22377	21	9
9489	22385	21	9
9490	22403	21	8
9491	22405	21	8
9492	22407	21	9
9493	22409	21	8
9494	22411	21	9
9495	22413	21	9
9496	22417	21	8
9497	22419	21	9
9498	22421	21	9
9499	22425	21	9
9500	22433	21	8
9501	22435	21	9
9502	22437	21	9
9503	22441	21	9
9504	22449	21	9
9505	22465	21	8
9506	22467	21	9
9507	22469	21	9
9508	22473	21	9
9509	22481	21	9
9510	22497	21	9
9511	22551	21	7
9512	22553	21	6
9513	22555	21	7
9514	22557	21	7
9515	22559	21	8
9516	22561	21	5
9517	22563	21	6
9518	22565	21	6
9519	22567	21	7
9520	22569	21	6
9521	22571	21	7
9522	22573	21	7
9523	22575	21	8
9524	22577	21	6
9525	22579	21	7
9526	22581	21	7
9527	22583	21	8
9528	22585	21	7
9529	22587	21	8
9530	22589	21	8
9531	22591	21	9
9532	22593	21	5
9533	22595	21	6
9534	22597	21	6
9535	22599	21	7
9536	22601	21	6
9537	22603	21	7
9538	22605	21	7
9539	22607	21	8
9540	22609	21	6
9541	22611	21	7
9542	22613	21	7
9543	22615	21	8
9544	22617	21	7
9545	22619	21	8
9546	22621	21	8
9547	22623	21	9
9548	22625	21	6
9549	22627	21	7
9550	22629	21	7
9551	22631	21	8
9552	22633	21	7
9553	22635	21	8
9554	22637	21	8
9555	22639	21	9
9556	22641	21	7
9557	22643	21	8
9558	22645	21	8
9559	22647	21	9
9560	22649	21	8
9561	22651	21	9
9562	22653	21	9
9563	22659	21	6
9564	22661	21	6
9565	22663	21	7
9566	22665	21	6
9567	22667	21	7
9568	22669	21	7
9569	22671	21	8
9570	22673	21	6
9571	22675	21	7
9572	22677	21	7
9573	22679	21	8
9574	22681	21	7
9575	22683	21	8
9576	22685	21	8
9577	22687	21	9
9578	22689	21	6
9579	22691	21	7
9580	22693	21	7
9581	22695	21	8
9582	22697	21	7
9583	22699	21	8
9584	22701	21	8
9585	22703	21	9
9586	22705	21	7
9587	22707	21	8
9588	22709	21	8
9589	22711	21	9
9590	22713	21	8
9591	22715	21	9
9592	22717	21	9
9593	22721	21	6
9594	22723	21	7
9595	22725	21	7
9596	22727	21	8
9597	22729	21	7
9598	22731	21	8
9599	22733	21	8
9600	22735	21	9
9601	22737	21	7
9602	22739	21	8
9603	22741	21	8
9604	22743	21	9
9605	22745	21	8
9606	22747	21	9
9607	22749	21	9
9608	22753	21	7
9609	22755	21	8
9610	22757	21	8
9611	22759	21	9
9612	22761	21	8
9613	22763	21	9
9614	22765	21	9
9615	22769	21	8
9616	22771	21	9
9617	22773	21	9
9618	22777	21	9
9619	22787	21	6
9620	22789	21	6
9621	22791	21	7
9622	22793	21	6
9623	22795	21	7
9624	22797	21	7
9625	22799	21	8
9626	22801	21	6
9627	22803	21	7
9628	22805	21	7
9629	22807	21	8
9630	22809	21	7
9631	22811	21	8
9632	22813	21	8
9633	22815	21	9
9634	22817	21	6
9635	22819	21	7
9636	22821	21	7
9637	22823	21	8
9638	22825	21	7
9639	22827	21	8
9640	22829	21	8
9641	22831	21	9
9642	22833	21	7
9643	22835	21	8
9644	22837	21	8
9645	22839	21	9
9646	22841	21	8
9647	22843	21	9
9648	22845	21	9
9649	22849	21	6
9650	22851	21	7
9651	22853	21	7
9652	22855	21	8
9653	22857	21	7
9654	22859	21	8
9655	22861	21	8
9656	22863	21	9
9657	22865	21	7
9658	22867	21	8
9659	22869	21	8
9660	22871	21	9
9661	22873	21	8
9662	22875	21	9
9663	22877	21	9
9664	22881	21	7
9665	22883	21	8
9666	22885	21	8
9667	22887	21	9
9668	22889	21	8
9669	22891	21	9
9670	22893	21	9
9671	22897	21	8
9672	22899	21	9
9673	22901	21	9
9674	22905	21	9
9675	22915	21	7
9676	22917	21	7
9677	22919	21	8
9678	22921	21	7
9679	22923	21	8
9680	22925	21	8
9681	22927	21	9
9682	22929	21	7
9683	22931	21	8
9684	22933	21	8
9685	22935	21	9
9686	22937	21	8
9687	22939	21	9
9688	22941	21	9
9689	22945	21	7
9690	22947	21	8
9691	22949	21	8
9692	22951	21	9
9693	22953	21	8
9694	22955	21	9
9695	22957	21	9
9696	22961	21	8
9697	22963	21	9
9698	22965	21	9
9699	22969	21	9
9700	22977	21	7
9701	22979	21	8
9702	22981	21	8
9703	22983	21	9
9704	22985	21	8
9705	22987	21	9
9706	22989	21	9
9707	22993	21	8
9708	22995	21	9
9709	22997	21	9
9710	23001	21	9
9711	23009	21	8
9712	23011	21	9
9713	23013	21	9
9714	23017	21	9
9715	23025	21	9
9716	23047	21	7
9717	23049	21	6
9718	23051	21	7
9719	23053	21	7
9720	23055	21	8
9721	23057	21	6
9722	23059	21	7
9723	23061	21	7
9724	23063	21	8
9725	23065	21	7
9726	23067	21	8
9727	23069	21	8
9728	23071	21	9
9729	23073	21	6
9730	23075	21	7
9731	23077	21	7
9732	23079	21	8
9733	23081	21	7
9734	23083	21	8
9735	23085	21	8
9736	23087	21	9
9737	23089	21	7
9738	23091	21	8
9739	23093	21	8
9740	23095	21	9
9741	23097	21	8
9742	23099	21	9
9743	23101	21	9
9744	23105	21	6
9745	23107	21	7
9746	23109	21	7
9747	23111	21	8
9748	23113	21	7
9749	23115	21	8
9750	23117	21	8
9751	23119	21	9
9752	23121	21	7
9753	23123	21	8
9754	23125	21	8
9755	23127	21	9
9756	23129	21	8
9757	23131	21	9
9758	23133	21	9
9759	23137	21	7
9760	23139	21	8
9761	23141	21	8
9762	23143	21	9
9763	23145	21	8
9764	23147	21	9
9765	23149	21	9
9766	23153	21	8
9767	23155	21	9
9768	23157	21	9
9769	23161	21	9
9770	23171	21	7
9771	23173	21	7
9772	23175	21	8
9773	23177	21	7
9774	23179	21	8
9775	23181	21	8
9776	23183	21	9
9777	23185	21	7
9778	23187	21	8
9779	23189	21	8
9780	23191	21	9
9781	23193	21	8
9782	23195	21	9
9783	23197	21	9
9784	23201	21	7
9785	23203	21	8
9786	23205	21	8
9787	23207	21	9
9788	23209	21	8
9789	23211	21	9
9790	23213	21	9
9791	23217	21	8
9792	23219	21	9
9793	23221	21	9
9794	23225	21	9
9795	23233	21	7
9796	23235	21	8
9797	23237	21	8
9798	23239	21	9
9799	23241	21	8
9800	23243	21	9
9801	23245	21	9
9802	23249	21	8
9803	23251	21	9
9804	23253	21	9
9805	23257	21	9
9806	23265	21	8
9807	23267	21	9
9808	23269	21	9
9809	23273	21	9
9810	23281	21	9
9811	23299	21	7
9812	23301	21	7
9813	23303	21	8
9814	23305	21	7
9815	23307	21	8
9816	23309	21	8
9817	23311	21	9
9818	23313	21	7
9819	23315	21	8
9820	23317	21	8
9821	23319	21	9
9822	23321	21	8
9823	23323	21	9
9824	23325	21	9
9825	23329	21	7
9826	23331	21	8
9827	23333	21	8
9828	23335	21	9
9829	23337	21	8
9830	23339	21	9
9831	23341	21	9
9832	23345	21	8
9833	23347	21	9
9834	23349	21	9
9835	23353	21	9
9836	23361	21	7
9837	23363	21	8
9838	23365	21	8
9839	23367	21	9
9840	23369	21	8
9841	23371	21	9
9842	23373	21	9
9843	23377	21	8
9844	23379	21	9
9845	23381	21	9
9846	23385	21	9
9847	23393	21	8
9848	23395	21	9
9849	23397	21	9
9850	23401	21	9
9851	23409	21	9
9852	23427	21	8
9853	23429	21	8
9854	23431	21	9
9855	23433	21	8
9856	23435	21	9
9857	23437	21	9
9858	23441	21	8
9859	23443	21	9
9860	23445	21	9
9861	23449	21	9
9862	23457	21	8
9863	23459	21	9
9864	23461	21	9
9865	23465	21	9
9866	23473	21	9
9867	23489	21	8
9868	23491	21	9
9869	23493	21	9
9870	23497	21	9
9871	23505	21	9
9872	23521	21	9
9873	23565	21	7
9874	23567	21	8
9875	23569	21	6
9876	23571	21	7
9877	23573	21	7
9878	23575	21	8
9879	23577	21	7
9880	23579	21	8
9881	23581	21	8
9882	23583	21	9
9883	23585	21	6
9884	23587	21	7
9885	23589	21	7
9886	23591	21	8
9887	23593	21	7
9888	23595	21	8
9889	23597	21	8
9890	23599	21	9
9891	23601	21	7
9892	23603	21	8
9893	23605	21	8
9894	23607	21	9
9895	23609	21	8
9896	23611	21	9
9897	23613	21	9
9898	23617	21	6
9899	23619	21	7
9900	23621	21	7
9901	23623	21	8
9902	23625	21	7
9903	23627	21	8
9904	23629	21	8
9905	23631	21	9
9906	23633	21	7
9907	23635	21	8
9908	23637	21	8
9909	23639	21	9
9910	23641	21	8
9911	23643	21	9
9912	23645	21	9
9913	23649	21	7
9914	23651	21	8
9915	23653	21	8
9916	23655	21	9
9917	23657	21	8
9918	23659	21	9
9919	23661	21	9
9920	23665	21	8
9921	23667	21	9
9922	23669	21	9
9923	23673	21	9
9924	23683	21	7
9925	23685	21	7
9926	23687	21	8
9927	23689	21	7
9928	23691	21	8
9929	23693	21	8
9930	23695	21	9
9931	23697	21	7
9932	23699	21	8
9933	23701	21	8
9934	23703	21	9
9935	23705	21	8
9936	23707	21	9
9937	23709	21	9
9938	23713	21	7
9939	23715	21	8
9940	23717	21	8
9941	23719	21	9
9942	23721	21	8
9943	23723	21	9
9944	23725	21	9
9945	23729	21	8
9946	23731	21	9
9947	23733	21	9
9948	23737	21	9
9949	23745	21	7
9950	23747	21	8
9951	23749	21	8
9952	23751	21	9
9953	23753	21	8
9954	23755	21	9
9955	23757	21	9
9956	23761	21	8
9957	23763	21	9
9958	23765	21	9
9959	23769	21	9
9960	23777	21	8
9961	23779	21	9
9962	23781	21	9
9963	23785	21	9
9964	23793	21	9
9965	23811	21	7
9966	23813	21	7
9967	23815	21	8
9968	23817	21	7
9969	23819	21	8
9970	23821	21	8
9971	23823	21	9
9972	23825	21	7
9973	23827	21	8
9974	23829	21	8
9975	23831	21	9
9976	23833	21	8
9977	23835	21	9
9978	23837	21	9
9979	23841	21	7
9980	23843	21	8
9981	23845	21	8
9982	23847	21	9
9983	23849	21	8
9984	23851	21	9
9985	23853	21	9
9986	23857	21	8
9987	23859	21	9
9988	23861	21	9
9989	23865	21	9
9990	23873	21	7
9991	23875	21	8
9992	23877	21	8
9993	23879	21	9
9994	23881	21	8
9995	23883	21	9
9996	23885	21	9
9997	23889	21	8
9998	23891	21	9
9999	23893	21	9
10000	23897	21	9
10001	23905	21	8
10002	23907	21	9
10003	23909	21	9
10004	23913	21	9
10005	23921	21	9
10006	23939	21	8
10007	23941	21	8
10008	23943	21	9
10009	23945	21	8
10010	23947	21	9
10011	23949	21	9
10012	23953	21	8
10013	23955	21	9
10014	23957	21	9
10015	23961	21	9
10016	23969	21	8
10017	23971	21	9
10018	23973	21	9
10019	23977	21	9
10020	23985	21	9
10021	24001	21	8
10022	24003	21	9
10023	24005	21	9
10024	24009	21	9
10025	24017	21	9
10026	24033	21	9
10027	24071	21	8
10028	24073	21	7
10029	24075	21	8
10030	24077	21	8
10031	24079	21	9
10032	24081	21	7
10033	24083	21	8
10034	24085	21	8
10035	24087	21	9
10036	24089	21	8
10037	24091	21	9
10038	24093	21	9
10039	24097	21	7
10040	24099	21	8
10041	24101	21	8
10042	24103	21	9
10043	24105	21	8
10044	24107	21	9
10045	24109	21	9
10046	24113	21	8
10047	24115	21	9
10048	24117	21	9
10049	24121	21	9
10050	24129	21	7
10051	24131	21	8
10052	24133	21	8
10053	24135	21	9
10054	24137	21	8
10055	24139	21	9
10056	24141	21	9
10057	24145	21	8
10058	24147	21	9
10059	24149	21	9
10060	24153	21	9
10061	24161	21	8
10062	24163	21	9
10063	24165	21	9
10064	24169	21	9
10065	24177	21	9
10066	24195	21	8
10067	24197	21	8
10068	24199	21	9
10069	24201	21	8
10070	24203	21	9
10071	24205	21	9
10072	24209	21	8
10073	24211	21	9
10074	24213	21	9
10075	24217	21	9
10076	24225	21	8
10077	24227	21	9
10078	24229	21	9
10079	24233	21	9
10080	24241	21	9
10081	24257	21	8
10082	24259	21	9
10083	24261	21	9
10084	24265	21	9
10085	24273	21	9
10086	24289	21	9
10087	24323	21	8
10088	24325	21	8
10089	24327	21	9
10090	24329	21	8
10091	24331	21	9
10092	24333	21	9
10093	24337	21	8
10094	24339	21	9
10095	24341	21	9
10096	24345	21	9
10097	24353	21	8
10098	24355	21	9
10099	24357	21	9
10100	24361	21	9
10101	24369	21	9
10102	24385	21	8
10103	24387	21	9
10104	24389	21	9
10105	24393	21	9
10106	24401	21	9
10107	24417	21	9
10108	24451	21	9
10109	24453	21	9
10110	24457	21	9
10111	24465	21	9
10112	24481	21	9
10113	24513	21	9
10114	24673	21	5
10115	24675	21	6
10116	24677	21	6
10117	24679	21	7
10118	24681	21	6
10119	24683	21	7
10120	24685	21	7
10121	24687	21	8
10122	24689	21	6
10123	24691	21	7
10124	24693	21	7
10125	24695	21	8
10126	24697	21	7
10127	24699	21	8
10128	24701	21	8
10129	24703	21	9
10130	24707	21	5
10131	24709	21	5
10132	24711	21	6
10133	24713	21	5
10134	24715	21	6
10135	24717	21	6
10136	24719	21	7
10137	24721	21	5
10138	24723	21	6
10139	24725	21	6
10140	24727	21	7
10141	24729	21	6
10142	24731	21	7
10143	24733	21	7
10144	24735	21	8
10145	24737	21	5
10146	24739	21	6
10147	24741	21	6
10148	24743	21	7
10149	24745	21	6
10150	24747	21	7
10151	24749	21	7
10152	24751	21	8
10153	24753	21	6
10154	24755	21	7
10155	24757	21	7
10156	24759	21	8
10157	24761	21	7
10158	24763	21	8
10159	24765	21	8
10160	24767	21	9
10161	24769	21	5
10162	24771	21	6
10163	24773	21	6
10164	24775	21	7
10165	24777	21	6
10166	24779	21	7
10167	24781	21	7
10168	24783	21	8
10169	24785	21	6
10170	24787	21	7
10171	24789	21	7
10172	24791	21	8
10173	24793	21	7
10174	24795	21	8
10175	24797	21	8
10176	24799	21	9
10177	24801	21	6
10178	24803	21	7
10179	24805	21	7
10180	24807	21	8
10181	24809	21	7
10182	24811	21	8
10183	24813	21	8
10184	24815	21	9
10185	24817	21	7
10186	24819	21	8
10187	24821	21	8
10188	24823	21	9
10189	24825	21	8
10190	24827	21	9
10191	24829	21	9
10192	24837	21	5
10193	24839	21	6
10194	24841	21	5
10195	24843	21	6
10196	24845	21	6
10197	24847	21	7
10198	24849	21	5
10199	24851	21	6
10200	24853	21	6
10201	24855	21	7
10202	24857	21	6
10203	24859	21	7
10204	24861	21	7
10205	24863	21	8
10206	24865	21	5
10207	24867	21	6
10208	24869	21	6
10209	24871	21	7
10210	24873	21	6
10211	24875	21	7
10212	24877	21	7
10213	24879	21	8
10214	24881	21	6
10215	24883	21	7
10216	24885	21	7
10217	24887	21	8
10218	24889	21	7
10219	24891	21	8
10220	24893	21	8
10221	24895	21	9
10222	24897	21	5
10223	24899	21	6
10224	24901	21	6
10225	24903	21	7
10226	24905	21	6
10227	24907	21	7
10228	24909	21	7
10229	24911	21	8
10230	24913	21	6
10231	24915	21	7
10232	24917	21	7
10233	24919	21	8
10234	24921	21	7
10235	24923	21	8
10236	24925	21	8
10237	24927	21	9
10238	24929	21	6
10239	24931	21	7
10240	24933	21	7
10241	24935	21	8
10242	24937	21	7
10243	24939	21	8
10244	24941	21	8
10245	24943	21	9
10246	24945	21	7
10247	24947	21	8
10248	24949	21	8
10249	24951	21	9
10250	24953	21	8
10251	24955	21	9
10252	24957	21	9
10253	24963	21	6
10254	24965	21	6
10255	24967	21	7
10256	24969	21	6
10257	24971	21	7
10258	24973	21	7
10259	24975	21	8
10260	24977	21	6
10261	24979	21	7
10262	24981	21	7
10263	24983	21	8
10264	24985	21	7
10265	24987	21	8
10266	24989	21	8
10267	24991	21	9
10268	24993	21	6
10269	24995	21	7
10270	24997	21	7
10271	24999	21	8
10272	25001	21	7
10273	25003	21	8
10274	25005	21	8
10275	25007	21	9
10276	25009	21	7
10277	25011	21	8
10278	25013	21	8
10279	25015	21	9
10280	25017	21	8
10281	25019	21	9
10282	25021	21	9
10283	25025	21	6
10284	25027	21	7
10285	25029	21	7
10286	25031	21	8
10287	25033	21	7
10288	25035	21	8
10289	25037	21	8
10290	25039	21	9
10291	25041	21	7
10292	25043	21	8
10293	25045	21	8
10294	25047	21	9
10295	25049	21	8
10296	25051	21	9
10297	25053	21	9
10298	25057	21	7
10299	25059	21	8
10300	25061	21	8
10301	25063	21	9
10302	25065	21	8
10303	25067	21	9
10304	25069	21	9
10305	25073	21	8
10306	25075	21	9
10307	25077	21	9
10308	25081	21	9
10309	25095	21	6
10310	25097	21	5
10311	25099	21	6
10312	25101	21	6
10313	25103	21	7
10314	25105	21	5
10315	25107	21	6
10316	25109	21	6
10317	25111	21	7
10318	25113	21	6
10319	25115	21	7
10320	25117	21	7
10321	25119	21	8
10322	25121	21	5
10323	25123	21	6
10324	25125	21	6
10325	25127	21	7
10326	25129	21	6
10327	25131	21	7
10328	25133	21	7
10329	25135	21	8
10330	25137	21	6
10331	25139	21	7
10332	25141	21	7
10333	25143	21	8
10334	25145	21	7
10335	25147	21	8
10336	25149	21	8
10337	25151	21	9
10338	25153	21	5
10339	25155	21	6
10340	25157	21	6
10341	25159	21	7
10342	25161	21	6
10343	25163	21	7
10344	25165	21	7
10345	25167	21	8
10346	25169	21	6
10347	25171	21	7
10348	25173	21	7
10349	25175	21	8
10350	25177	21	7
10351	25179	21	8
10352	25181	21	8
10353	25183	21	9
10354	25185	21	6
10355	25187	21	7
10356	25189	21	7
10357	25191	21	8
10358	25193	21	7
10359	25195	21	8
10360	25197	21	8
10361	25199	21	9
10362	25201	21	7
10363	25203	21	8
10364	25205	21	8
10365	25207	21	9
10366	25209	21	8
10367	25211	21	9
10368	25213	21	9
10369	25219	21	6
10370	25221	21	6
10371	25223	21	7
10372	25225	21	6
10373	25227	21	7
10374	25229	21	7
10375	25231	21	8
10376	25233	21	6
10377	25235	21	7
10378	25237	21	7
10379	25239	21	8
10380	25241	21	7
10381	25243	21	8
10382	25245	21	8
10383	25247	21	9
10384	25249	21	6
10385	25251	21	7
10386	25253	21	7
10387	25255	21	8
10388	25257	21	7
10389	25259	21	8
10390	25261	21	8
10391	25263	21	9
10392	25265	21	7
10393	25267	21	8
10394	25269	21	8
10395	25271	21	9
10396	25273	21	8
10397	25275	21	9
10398	25277	21	9
10399	25281	21	6
10400	25283	21	7
10401	25285	21	7
10402	25287	21	8
10403	25289	21	7
10404	25291	21	8
10405	25293	21	8
10406	25295	21	9
10407	25297	21	7
10408	25299	21	8
10409	25301	21	8
10410	25303	21	9
10411	25305	21	8
10412	25307	21	9
10413	25309	21	9
10414	25313	21	7
10415	25315	21	8
10416	25317	21	8
10417	25319	21	9
10418	25321	21	8
10419	25323	21	9
10420	25325	21	9
10421	25329	21	8
10422	25331	21	9
10423	25333	21	9
10424	25337	21	9
10425	25349	21	6
10426	25351	21	7
10427	25353	21	6
10428	25355	21	7
10429	25357	21	7
10430	25359	21	8
10431	25361	21	6
10432	25363	21	7
10433	25365	21	7
10434	25367	21	8
10435	25369	21	7
10436	25371	21	8
10437	25373	21	8
10438	25375	21	9
10439	25377	21	6
10440	25379	21	7
10441	25381	21	7
10442	25383	21	8
10443	25385	21	7
10444	25387	21	8
10445	25389	21	8
10446	25391	21	9
10447	25393	21	7
10448	25395	21	8
10449	25397	21	8
10450	25399	21	9
10451	25401	21	8
10452	25403	21	9
10453	25405	21	9
10454	25409	21	6
10455	25411	21	7
10456	25413	21	7
10457	25415	21	8
10458	25417	21	7
10459	25419	21	8
10460	25421	21	8
10461	25423	21	9
10462	25425	21	7
10463	25427	21	8
10464	25429	21	8
10465	25431	21	9
10466	25433	21	8
10467	25435	21	9
10468	25437	21	9
10469	25441	21	7
10470	25443	21	8
10471	25445	21	8
10472	25447	21	9
10473	25449	21	8
10474	25451	21	9
10475	25453	21	9
10476	25457	21	8
10477	25459	21	9
10478	25461	21	9
10479	25465	21	9
10480	25475	21	7
10481	25477	21	7
10482	25479	21	8
10483	25481	21	7
10484	25483	21	8
10485	25485	21	8
10486	25487	21	9
10487	25489	21	7
10488	25491	21	8
10489	25493	21	8
10490	25495	21	9
10491	25497	21	8
10492	25499	21	9
10493	25501	21	9
10494	25505	21	7
10495	25507	21	8
10496	25509	21	8
10497	25511	21	9
10498	25513	21	8
10499	25515	21	9
10500	25517	21	9
10501	25521	21	8
10502	25523	21	9
10503	25525	21	9
10504	25529	21	9
10505	25537	21	7
10506	25539	21	8
10507	25541	21	8
10508	25543	21	9
10509	25545	21	8
10510	25547	21	9
10511	25549	21	9
10512	25553	21	8
10513	25555	21	9
10514	25557	21	9
10515	25561	21	9
10516	25569	21	8
10517	25571	21	9
10518	25573	21	9
10519	25577	21	9
10520	25585	21	9
10521	25613	21	6
10522	25615	21	7
10523	25617	21	5
10524	25619	21	6
10525	25621	21	6
10526	25623	21	7
10527	25625	21	6
10528	25627	21	7
10529	25629	21	7
10530	25631	21	8
10531	25633	21	5
10532	25635	21	6
10533	25637	21	6
10534	25639	21	7
10535	25641	21	6
10536	25643	21	7
10537	25645	21	7
10538	25647	21	8
10539	25649	21	6
10540	25651	21	7
10541	25653	21	7
10542	25655	21	8
10543	25657	21	7
10544	25659	21	8
10545	25661	21	8
10546	25663	21	9
10547	25665	21	5
10548	25667	21	6
10549	25669	21	6
10550	25671	21	7
10551	25673	21	6
10552	25675	21	7
10553	25677	21	7
10554	25679	21	8
10555	25681	21	6
10556	25683	21	7
10557	25685	21	7
10558	25687	21	8
10559	25689	21	7
10560	25691	21	8
10561	25693	21	8
10562	25695	21	9
10563	25697	21	6
10564	25699	21	7
10565	25701	21	7
10566	25703	21	8
10567	25705	21	7
10568	25707	21	8
10569	25709	21	8
10570	25711	21	9
10571	25713	21	7
10572	25715	21	8
10573	25717	21	8
10574	25719	21	9
10575	25721	21	8
10576	25723	21	9
10577	25725	21	9
10578	25731	21	6
10579	25733	21	6
10580	25735	21	7
10581	25737	21	6
10582	25739	21	7
10583	25741	21	7
10584	25743	21	8
10585	25745	21	6
10586	25747	21	7
10587	25749	21	7
10588	25751	21	8
10589	25753	21	7
10590	25755	21	8
10591	25757	21	8
10592	25759	21	9
10593	25761	21	6
10594	25763	21	7
10595	25765	21	7
10596	25767	21	8
10597	25769	21	7
10598	25771	21	8
10599	25773	21	8
10600	25775	21	9
10601	25777	21	7
10602	25779	21	8
10603	25781	21	8
10604	25783	21	9
10605	25785	21	8
10606	25787	21	9
10607	25789	21	9
10608	25793	21	6
10609	25795	21	7
10610	25797	21	7
10611	25799	21	8
10612	25801	21	7
10613	25803	21	8
10614	25805	21	8
10615	25807	21	9
10616	25809	21	7
10617	25811	21	8
10618	25813	21	8
10619	25815	21	9
10620	25817	21	8
10621	25819	21	9
10622	25821	21	9
10623	25825	21	7
10624	25827	21	8
10625	25829	21	8
10626	25831	21	9
10627	25833	21	8
10628	25835	21	9
10629	25837	21	9
10630	25841	21	8
10631	25843	21	9
10632	25845	21	9
10633	25849	21	9
10634	25861	21	6
10635	25863	21	7
10636	25865	21	6
10637	25867	21	7
10638	25869	21	7
10639	25871	21	8
10640	25873	21	6
10641	25875	21	7
10642	25877	21	7
10643	25879	21	8
10644	25881	21	7
10645	25883	21	8
10646	25885	21	8
10647	25887	21	9
10648	25889	21	6
10649	25891	21	7
10650	25893	21	7
10651	25895	21	8
10652	25897	21	7
10653	25899	21	8
10654	25901	21	8
10655	25903	21	9
10656	25905	21	7
10657	25907	21	8
10658	25909	21	8
10659	25911	21	9
10660	25913	21	8
10661	25915	21	9
10662	25917	21	9
10663	25921	21	6
10664	25923	21	7
10665	25925	21	7
10666	25927	21	8
10667	25929	21	7
10668	25931	21	8
10669	25933	21	8
10670	25935	21	9
10671	25937	21	7
10672	25939	21	8
10673	25941	21	8
10674	25943	21	9
10675	25945	21	8
10676	25947	21	9
10677	25949	21	9
10678	25953	21	7
10679	25955	21	8
10680	25957	21	8
10681	25959	21	9
10682	25961	21	8
10683	25963	21	9
10684	25965	21	9
10685	25969	21	8
10686	25971	21	9
10687	25973	21	9
10688	25977	21	9
10689	25987	21	7
10690	25989	21	7
10691	25991	21	8
10692	25993	21	7
10693	25995	21	8
10694	25997	21	8
10695	25999	21	9
10696	26001	21	7
10697	26003	21	8
10698	26005	21	8
10699	26007	21	9
10700	26009	21	8
10701	26011	21	9
10702	26013	21	9
10703	26017	21	7
10704	26019	21	8
10705	26021	21	8
10706	26023	21	9
10707	26025	21	8
10708	26027	21	9
10709	26029	21	9
10710	26033	21	8
10711	26035	21	9
10712	26037	21	9
10713	26041	21	9
10714	26049	21	7
10715	26051	21	8
10716	26053	21	8
10717	26055	21	9
10718	26057	21	8
10719	26059	21	9
10720	26061	21	9
10721	26065	21	8
10722	26067	21	9
10723	26069	21	9
10724	26073	21	9
10725	26081	21	8
10726	26083	21	9
10727	26085	21	9
10728	26089	21	9
10729	26097	21	9
10730	26119	21	7
10731	26121	21	6
10732	26123	21	7
10733	26125	21	7
10734	26127	21	8
10735	26129	21	6
10736	26131	21	7
10737	26133	21	7
10738	26135	21	8
10739	26137	21	7
10740	26139	21	8
10741	26141	21	8
10742	26143	21	9
10743	26145	21	6
10744	26147	21	7
10745	26149	21	7
10746	26151	21	8
10747	26153	21	7
10748	26155	21	8
10749	26157	21	8
10750	26159	21	9
10751	26161	21	7
10752	26163	21	8
10753	26165	21	8
10754	26167	21	9
10755	26169	21	8
10756	26171	21	9
10757	26173	21	9
10758	26177	21	6
10759	26179	21	7
10760	26181	21	7
10761	26183	21	8
10762	26185	21	7
10763	26187	21	8
10764	26189	21	8
10765	26191	21	9
10766	26193	21	7
10767	26195	21	8
10768	26197	21	8
10769	26199	21	9
10770	26201	21	8
10771	26203	21	9
10772	26205	21	9
10773	26209	21	7
10774	26211	21	8
10775	26213	21	8
10776	26215	21	9
10777	26217	21	8
10778	26219	21	9
10779	26221	21	9
10780	26225	21	8
10781	26227	21	9
10782	26229	21	9
10783	26233	21	9
10784	26243	21	7
10785	26245	21	7
10786	26247	21	8
10787	26249	21	7
10788	26251	21	8
10789	26253	21	8
10790	26255	21	9
10791	26257	21	7
10792	26259	21	8
10793	26261	21	8
10794	26263	21	9
10795	26265	21	8
10796	26267	21	9
10797	26269	21	9
10798	26273	21	7
10799	26275	21	8
10800	26277	21	8
10801	26279	21	9
10802	26281	21	8
10803	26283	21	9
10804	26285	21	9
10805	26289	21	8
10806	26291	21	9
10807	26293	21	9
10808	26297	21	9
10809	26305	21	7
10810	26307	21	8
10811	26309	21	8
10812	26311	21	9
10813	26313	21	8
10814	26315	21	9
10815	26317	21	9
10816	26321	21	8
10817	26323	21	9
10818	26325	21	9
10819	26329	21	9
10820	26337	21	8
10821	26339	21	9
10822	26341	21	9
10823	26345	21	9
10824	26353	21	9
10825	26373	21	7
10826	26375	21	8
10827	26377	21	7
10828	26379	21	8
10829	26381	21	8
10830	26383	21	9
10831	26385	21	7
10832	26387	21	8
10833	26389	21	8
10834	26391	21	9
10835	26393	21	8
10836	26395	21	9
10837	26397	21	9
10838	26401	21	7
10839	26403	21	8
10840	26405	21	8
10841	26407	21	9
10842	26409	21	8
10843	26411	21	9
10844	26413	21	9
10845	26417	21	8
10846	26419	21	9
10847	26421	21	9
10848	26425	21	9
10849	26433	21	7
10850	26435	21	8
10851	26437	21	8
10852	26439	21	9
10853	26441	21	8
10854	26443	21	9
10855	26445	21	9
10856	26449	21	8
10857	26451	21	9
10858	26453	21	9
10859	26457	21	9
10860	26465	21	8
10861	26467	21	9
10862	26469	21	9
10863	26473	21	9
10864	26481	21	9
10865	26499	21	8
10866	26501	21	8
10867	26503	21	9
10868	26505	21	8
10869	26507	21	9
10870	26509	21	9
10871	26513	21	8
10872	26515	21	9
10873	26517	21	9
10874	26521	21	9
10875	26529	21	8
10876	26531	21	9
10877	26533	21	9
10878	26537	21	9
10879	26545	21	9
10880	26561	21	8
10881	26563	21	9
10882	26565	21	9
10883	26569	21	9
10884	26577	21	9
10885	26593	21	9
10886	26651	21	7
10887	26653	21	7
10888	26655	21	8
10889	26657	21	5
10890	26659	21	6
10891	26661	21	6
10892	26663	21	7
10893	26665	21	6
10894	26667	21	7
10895	26669	21	7
10896	26671	21	8
10897	26673	21	6
10898	26675	21	7
10899	26677	21	7
10900	26679	21	8
10901	26681	21	7
10902	26683	21	8
10903	26685	21	8
10904	26687	21	9
10905	26689	21	5
10906	26691	21	6
10907	26693	21	6
10908	26695	21	7
10909	26697	21	6
10910	26699	21	7
10911	26701	21	7
10912	26703	21	8
10913	26705	21	6
10914	26707	21	7
10915	26709	21	7
10916	26711	21	8
10917	26713	21	7
10918	26715	21	8
10919	26717	21	8
10920	26719	21	9
10921	26721	21	6
10922	26723	21	7
10923	26725	21	7
10924	26727	21	8
10925	26729	21	7
10926	26731	21	8
10927	26733	21	8
10928	26735	21	9
10929	26737	21	7
10930	26739	21	8
10931	26741	21	8
10932	26743	21	9
10933	26745	21	8
10934	26747	21	9
10935	26749	21	9
10936	26755	21	6
10937	26757	21	6
10938	26759	21	7
10939	26761	21	6
10940	26763	21	7
10941	26765	21	7
10942	26767	21	8
10943	26769	21	6
10944	26771	21	7
10945	26773	21	7
10946	26775	21	8
10947	26777	21	7
10948	26779	21	8
10949	26781	21	8
10950	26783	21	9
10951	26785	21	6
10952	26787	21	7
10953	26789	21	7
10954	26791	21	8
10955	26793	21	7
10956	26795	21	8
10957	26797	21	8
10958	26799	21	9
10959	26801	21	7
10960	26803	21	8
10961	26805	21	8
10962	26807	21	9
10963	26809	21	8
10964	26811	21	9
10965	26813	21	9
10966	26817	21	6
10967	26819	21	7
10968	26821	21	7
10969	26823	21	8
10970	26825	21	7
10971	26827	21	8
10972	26829	21	8
10973	26831	21	9
10974	26833	21	7
10975	26835	21	8
10976	26837	21	8
10977	26839	21	9
10978	26841	21	8
10979	26843	21	9
10980	26845	21	9
10981	26849	21	7
10982	26851	21	8
10983	26853	21	8
10984	26855	21	9
10985	26857	21	8
10986	26859	21	9
10987	26861	21	9
10988	26865	21	8
10989	26867	21	9
10990	26869	21	9
10991	26873	21	9
10992	26885	21	6
10993	26887	21	7
10994	26889	21	6
10995	26891	21	7
10996	26893	21	7
10997	26895	21	8
10998	26897	21	6
10999	26899	21	7
11000	26901	21	7
11001	26903	21	8
11002	26905	21	7
11003	26907	21	8
11004	26909	21	8
11005	26911	21	9
11006	26913	21	6
11007	26915	21	7
11008	26917	21	7
11009	26919	21	8
11010	26921	21	7
11011	26923	21	8
11012	26925	21	8
11013	26927	21	9
11014	26929	21	7
11015	26931	21	8
11016	26933	21	8
11017	26935	21	9
11018	26937	21	8
11019	26939	21	9
11020	26941	21	9
11021	26945	21	6
11022	26947	21	7
11023	26949	21	7
11024	26951	21	8
11025	26953	21	7
11026	26955	21	8
11027	26957	21	8
11028	26959	21	9
11029	26961	21	7
11030	26963	21	8
11031	26965	21	8
11032	26967	21	9
11033	26969	21	8
11034	26971	21	9
11035	26973	21	9
11036	26977	21	7
11037	26979	21	8
11038	26981	21	8
11039	26983	21	9
11040	26985	21	8
11041	26987	21	9
11042	26989	21	9
11043	26993	21	8
11044	26995	21	9
11045	26997	21	9
11046	27001	21	9
11047	27011	21	7
11048	27013	21	7
11049	27015	21	8
11050	27017	21	7
11051	27019	21	8
11052	27021	21	8
11053	27023	21	9
11054	27025	21	7
11055	27027	21	8
11056	27029	21	8
11057	27031	21	9
11058	27033	21	8
11059	27035	21	9
11060	27037	21	9
11061	27041	21	7
11062	27043	21	8
11063	27045	21	8
11064	27047	21	9
11065	27049	21	8
11066	27051	21	9
11067	27053	21	9
11068	27057	21	8
11069	27059	21	9
11070	27061	21	9
11071	27065	21	9
11072	27073	21	7
11073	27075	21	8
11074	27077	21	8
11075	27079	21	9
11076	27081	21	8
11077	27083	21	9
11078	27085	21	9
11079	27089	21	8
11080	27091	21	9
11081	27093	21	9
11082	27097	21	9
11083	27105	21	8
11084	27107	21	9
11085	27109	21	9
11086	27113	21	9
11087	27121	21	9
11088	27143	21	7
11089	27145	21	6
11090	27147	21	7
11091	27149	21	7
11092	27151	21	8
11093	27153	21	6
11094	27155	21	7
11095	27157	21	7
11096	27159	21	8
11097	27161	21	7
11098	27163	21	8
11099	27165	21	8
11100	27167	21	9
11101	27169	21	6
11102	27171	21	7
11103	27173	21	7
11104	27175	21	8
11105	27177	21	7
11106	27179	21	8
11107	27181	21	8
11108	27183	21	9
11109	27185	21	7
11110	27187	21	8
11111	27189	21	8
11112	27191	21	9
11113	27193	21	8
11114	27195	21	9
11115	27197	21	9
11116	27201	21	6
11117	27203	21	7
11118	27205	21	7
11119	27207	21	8
11120	27209	21	7
11121	27211	21	8
11122	27213	21	8
11123	27215	21	9
11124	27217	21	7
11125	27219	21	8
11126	27221	21	8
11127	27223	21	9
11128	27225	21	8
11129	27227	21	9
11130	27229	21	9
11131	27233	21	7
11132	27235	21	8
11133	27237	21	8
11134	27239	21	9
11135	27241	21	8
11136	27243	21	9
11137	27245	21	9
11138	27249	21	8
11139	27251	21	9
11140	27253	21	9
11141	27257	21	9
11142	27267	21	7
11143	27269	21	7
11144	27271	21	8
11145	27273	21	7
11146	27275	21	8
11147	27277	21	8
11148	27279	21	9
11149	27281	21	7
11150	27283	21	8
11151	27285	21	8
11152	27287	21	9
11153	27289	21	8
11154	27291	21	9
11155	27293	21	9
11156	27297	21	7
11157	27299	21	8
11158	27301	21	8
11159	27303	21	9
11160	27305	21	8
11161	27307	21	9
11162	27309	21	9
11163	27313	21	8
11164	27315	21	9
11165	27317	21	9
11166	27321	21	9
11167	27329	21	7
11168	27331	21	8
11169	27333	21	8
11170	27335	21	9
11171	27337	21	8
11172	27339	21	9
11173	27341	21	9
11174	27345	21	8
11175	27347	21	9
11176	27349	21	9
11177	27353	21	9
11178	27361	21	8
11179	27363	21	9
11180	27365	21	9
11181	27369	21	9
11182	27377	21	9
11183	27397	21	7
11184	27399	21	8
11185	27401	21	7
11186	27403	21	8
11187	27405	21	8
11188	27407	21	9
11189	27409	21	7
11190	27411	21	8
11191	27413	21	8
11192	27415	21	9
11193	27417	21	8
11194	27419	21	9
11195	27421	21	9
11196	27425	21	7
11197	27427	21	8
11198	27429	21	8
11199	27431	21	9
11200	27433	21	8
11201	27435	21	9
11202	27437	21	9
11203	27441	21	8
11204	27443	21	9
11205	27445	21	9
11206	27449	21	9
11207	27457	21	7
11208	27459	21	8
11209	27461	21	8
11210	27463	21	9
11211	27465	21	8
11212	27467	21	9
11213	27469	21	9
11214	27473	21	8
11215	27475	21	9
11216	27477	21	9
11217	27481	21	9
11218	27489	21	8
11219	27491	21	9
11220	27493	21	9
11221	27497	21	9
11222	27505	21	9
11223	27523	21	8
11224	27525	21	8
11225	27527	21	9
11226	27529	21	8
11227	27531	21	9
11228	27533	21	9
11229	27537	21	8
11230	27539	21	9
11231	27541	21	9
11232	27545	21	9
11233	27553	21	8
11234	27555	21	9
11235	27557	21	9
11236	27561	21	9
11237	27569	21	9
11238	27585	21	8
11239	27587	21	9
11240	27589	21	9
11241	27593	21	9
11242	27601	21	9
11243	27617	21	9
11244	27663	21	8
11245	27665	21	6
11246	27667	21	7
11247	27669	21	7
11248	27671	21	8
11249	27673	21	7
11250	27675	21	8
11251	27677	21	8
11252	27679	21	9
11253	27681	21	6
11254	27683	21	7
11255	27685	21	7
11256	27687	21	8
11257	27689	21	7
11258	27691	21	8
11259	27693	21	8
11260	27695	21	9
11261	27697	21	7
11262	27699	21	8
11263	27701	21	8
11264	27703	21	9
11265	27705	21	8
11266	27707	21	9
11267	27709	21	9
11268	27713	21	6
11269	27715	21	7
11270	27717	21	7
11271	27719	21	8
11272	27721	21	7
11273	27723	21	8
11274	27725	21	8
11275	27727	21	9
11276	27729	21	7
11277	27731	21	8
11278	27733	21	8
11279	27735	21	9
11280	27737	21	8
11281	27739	21	9
11282	27741	21	9
11283	27745	21	7
11284	27747	21	8
11285	27749	21	8
11286	27751	21	9
11287	27753	21	8
11288	27755	21	9
11289	27757	21	9
11290	27761	21	8
11291	27763	21	9
11292	27765	21	9
11293	27769	21	9
11294	27779	21	7
11295	27781	21	7
11296	27783	21	8
11297	27785	21	7
11298	27787	21	8
11299	27789	21	8
11300	27791	21	9
11301	27793	21	7
11302	27795	21	8
11303	27797	21	8
11304	27799	21	9
11305	27801	21	8
11306	27803	21	9
11307	27805	21	9
11308	27809	21	7
11309	27811	21	8
11310	27813	21	8
11311	27815	21	9
11312	27817	21	8
11313	27819	21	9
11314	27821	21	9
11315	27825	21	8
11316	27827	21	9
11317	27829	21	9
11318	27833	21	9
11319	27841	21	7
11320	27843	21	8
11321	27845	21	8
11322	27847	21	9
11323	27849	21	8
11324	27851	21	9
11325	27853	21	9
11326	27857	21	8
11327	27859	21	9
11328	27861	21	9
11329	27865	21	9
11330	27873	21	8
11331	27875	21	9
11332	27877	21	9
11333	27881	21	9
11334	27889	21	9
11335	27909	21	7
11336	27911	21	8
11337	27913	21	7
11338	27915	21	8
11339	27917	21	8
11340	27919	21	9
11341	27921	21	7
11342	27923	21	8
11343	27925	21	8
11344	27927	21	9
11345	27929	21	8
11346	27931	21	9
11347	27933	21	9
11348	27937	21	7
11349	27939	21	8
11350	27941	21	8
11351	27943	21	9
11352	27945	21	8
11353	27947	21	9
11354	27949	21	9
11355	27953	21	8
11356	27955	21	9
11357	27957	21	9
11358	27961	21	9
11359	27969	21	7
11360	27971	21	8
11361	27973	21	8
11362	27975	21	9
11363	27977	21	8
11364	27979	21	9
11365	27981	21	9
11366	27985	21	8
11367	27987	21	9
11368	27989	21	9
11369	27993	21	9
11370	28001	21	8
11371	28003	21	9
11372	28005	21	9
11373	28009	21	9
11374	28017	21	9
11375	28035	21	8
11376	28037	21	8
11377	28039	21	9
11378	28041	21	8
11379	28043	21	9
11380	28045	21	9
11381	28049	21	8
11382	28051	21	9
11383	28053	21	9
11384	28057	21	9
11385	28065	21	8
11386	28067	21	9
11387	28069	21	9
11388	28073	21	9
11389	28081	21	9
11390	28097	21	8
11391	28099	21	9
11392	28101	21	9
11393	28105	21	9
11394	28113	21	9
11395	28129	21	9
11396	28167	21	8
11397	28169	21	7
11398	28171	21	8
11399	28173	21	8
11400	28175	21	9
11401	28177	21	7
11402	28179	21	8
11403	28181	21	8
11404	28183	21	9
11405	28185	21	8
11406	28187	21	9
11407	28189	21	9
11408	28193	21	7
11409	28195	21	8
11410	28197	21	8
11411	28199	21	9
11412	28201	21	8
11413	28203	21	9
11414	28205	21	9
11415	28209	21	8
11416	28211	21	9
11417	28213	21	9
11418	28217	21	9
11419	28225	21	7
11420	28227	21	8
11421	28229	21	8
11422	28231	21	9
11423	28233	21	8
11424	28235	21	9
11425	28237	21	9
11426	28241	21	8
11427	28243	21	9
11428	28245	21	9
11429	28249	21	9
11430	28257	21	8
11431	28259	21	9
11432	28261	21	9
11433	28265	21	9
11434	28273	21	9
11435	28291	21	8
11436	28293	21	8
11437	28295	21	9
11438	28297	21	8
11439	28299	21	9
11440	28301	21	9
11441	28305	21	8
11442	28307	21	9
11443	28309	21	9
11444	28313	21	9
11445	28321	21	8
11446	28323	21	9
11447	28325	21	9
11448	28329	21	9
11449	28337	21	9
11450	28353	21	8
11451	28355	21	9
11452	28357	21	9
11453	28361	21	9
11454	28369	21	9
11455	28385	21	9
11456	28421	21	8
11457	28423	21	9
11458	28425	21	8
11459	28427	21	9
11460	28429	21	9
11461	28433	21	8
11462	28435	21	9
11463	28437	21	9
11464	28441	21	9
11465	28449	21	8
11466	28451	21	9
11467	28453	21	9
11468	28457	21	9
11469	28465	21	9
11470	28481	21	8
11471	28483	21	9
11472	28485	21	9
11473	28489	21	9
11474	28497	21	9
11475	28513	21	9
11476	28547	21	9
11477	28549	21	9
11478	28553	21	9
11479	28561	21	9
11480	28577	21	9
11481	28609	21	9
11482	28729	21	7
11483	28731	21	8
11484	28733	21	8
11485	28735	21	9
11486	28737	21	5
11487	28739	21	6
11488	28741	21	6
11489	28743	21	7
11490	28745	21	6
11491	28747	21	7
11492	28749	21	7
11493	28751	21	8
11494	28753	21	6
11495	28755	21	7
11496	28757	21	7
11497	28759	21	8
11498	28761	21	7
11499	28763	21	8
11500	28765	21	8
11501	28767	21	9
11502	28769	21	6
11503	28771	21	7
11504	28773	21	7
11505	28775	21	8
11506	28777	21	7
11507	28779	21	8
11508	28781	21	8
11509	28783	21	9
11510	28785	21	7
11511	28787	21	8
11512	28789	21	8
11513	28791	21	9
11514	28793	21	8
11515	28795	21	9
11516	28797	21	9
11517	28803	21	6
11518	28805	21	6
11519	28807	21	7
11520	28809	21	6
11521	28811	21	7
11522	28813	21	7
11523	28815	21	8
11524	28817	21	6
11525	28819	21	7
11526	28821	21	7
11527	28823	21	8
11528	28825	21	7
11529	28827	21	8
11530	28829	21	8
11531	28831	21	9
11532	28833	21	6
11533	28835	21	7
11534	28837	21	7
11535	28839	21	8
11536	28841	21	7
11537	28843	21	8
11538	28845	21	8
11539	28847	21	9
11540	28849	21	7
11541	28851	21	8
11542	28853	21	8
11543	28855	21	9
11544	28857	21	8
11545	28859	21	9
11546	28861	21	9
11547	28865	21	6
11548	28867	21	7
11549	28869	21	7
11550	28871	21	8
11551	28873	21	7
11552	28875	21	8
11553	28877	21	8
11554	28879	21	9
11555	28881	21	7
11556	28883	21	8
11557	28885	21	8
11558	28887	21	9
11559	28889	21	8
11560	28891	21	9
11561	28893	21	9
11562	28897	21	7
11563	28899	21	8
11564	28901	21	8
11565	28903	21	9
11566	28905	21	8
11567	28907	21	9
11568	28909	21	9
11569	28913	21	8
11570	28915	21	9
11571	28917	21	9
11572	28921	21	9
11573	28933	21	6
11574	28935	21	7
11575	28937	21	6
11576	28939	21	7
11577	28941	21	7
11578	28943	21	8
11579	28945	21	6
11580	28947	21	7
11581	28949	21	7
11582	28951	21	8
11583	28953	21	7
11584	28955	21	8
11585	28957	21	8
11586	28959	21	9
11587	28961	21	6
11588	28963	21	7
11589	28965	21	7
11590	28967	21	8
11591	28969	21	7
11592	28971	21	8
11593	28973	21	8
11594	28975	21	9
11595	28977	21	7
11596	28979	21	8
11597	28981	21	8
11598	28983	21	9
11599	28985	21	8
11600	28987	21	9
11601	28989	21	9
11602	28993	21	6
11603	28995	21	7
11604	28997	21	7
11605	28999	21	8
11606	29001	21	7
11607	29003	21	8
11608	29005	21	8
11609	29007	21	9
11610	29009	21	7
11611	29011	21	8
11612	29013	21	8
11613	29015	21	9
11614	29017	21	8
11615	29019	21	9
11616	29021	21	9
11617	29025	21	7
11618	29027	21	8
11619	29029	21	8
11620	29031	21	9
11621	29033	21	8
11622	29035	21	9
11623	29037	21	9
11624	29041	21	8
11625	29043	21	9
11626	29045	21	9
11627	29049	21	9
11628	29059	21	7
11629	29061	21	7
11630	29063	21	8
11631	29065	21	7
11632	29067	21	8
11633	29069	21	8
11634	29071	21	9
11635	29073	21	7
11636	29075	21	8
11637	29077	21	8
11638	29079	21	9
11639	29081	21	8
11640	29083	21	9
11641	29085	21	9
11642	29089	21	7
11643	29091	21	8
11644	29093	21	8
11645	29095	21	9
11646	29097	21	8
11647	29099	21	9
11648	29101	21	9
11649	29105	21	8
11650	29107	21	9
11651	29109	21	9
11652	29113	21	9
11653	29121	21	7
11654	29123	21	8
11655	29125	21	8
11656	29127	21	9
11657	29129	21	8
11658	29131	21	9
11659	29133	21	9
11660	29137	21	8
11661	29139	21	9
11662	29141	21	9
11663	29145	21	9
11664	29153	21	8
11665	29155	21	9
11666	29157	21	9
11667	29161	21	9
11668	29169	21	9
11669	29193	21	6
11670	29195	21	7
11671	29197	21	7
11672	29199	21	8
11673	29201	21	6
11674	29203	21	7
11675	29205	21	7
11676	29207	21	8
11677	29209	21	7
11678	29211	21	8
11679	29213	21	8
11680	29215	21	9
11681	29217	21	6
11682	29219	21	7
11683	29221	21	7
11684	29223	21	8
11685	29225	21	7
11686	29227	21	8
11687	29229	21	8
11688	29231	21	9
11689	29233	21	7
11690	29235	21	8
11691	29237	21	8
11692	29239	21	9
11693	29241	21	8
11694	29243	21	9
11695	29245	21	9
11696	29249	21	6
11697	29251	21	7
11698	29253	21	7
11699	29255	21	8
11700	29257	21	7
11701	29259	21	8
11702	29261	21	8
11703	29263	21	9
11704	29265	21	7
11705	29267	21	8
11706	29269	21	8
11707	29271	21	9
11708	29273	21	8
11709	29275	21	9
11710	29277	21	9
11711	29281	21	7
11712	29283	21	8
11713	29285	21	8
11714	29287	21	9
11715	29289	21	8
11716	29291	21	9
11717	29293	21	9
11718	29297	21	8
11719	29299	21	9
11720	29301	21	9
11721	29305	21	9
11722	29315	21	7
11723	29317	21	7
11724	29319	21	8
11725	29321	21	7
11726	29323	21	8
11727	29325	21	8
11728	29327	21	9
11729	29329	21	7
11730	29331	21	8
11731	29333	21	8
11732	29335	21	9
11733	29337	21	8
11734	29339	21	9
11735	29341	21	9
11736	29345	21	7
11737	29347	21	8
11738	29349	21	8
11739	29351	21	9
11740	29353	21	8
11741	29355	21	9
11742	29357	21	9
11743	29361	21	8
11744	29363	21	9
11745	29365	21	9
11746	29369	21	9
11747	29377	21	7
11748	29379	21	8
11749	29381	21	8
11750	29383	21	9
11751	29385	21	8
11752	29387	21	9
11753	29389	21	9
11754	29393	21	8
11755	29395	21	9
11756	29397	21	9
11757	29401	21	9
11758	29409	21	8
11759	29411	21	9
11760	29413	21	9
11761	29417	21	9
11762	29425	21	9
11763	29445	21	7
11764	29447	21	8
11765	29449	21	7
11766	29451	21	8
11767	29453	21	8
11768	29455	21	9
11769	29457	21	7
11770	29459	21	8
11771	29461	21	8
11772	29463	21	9
11773	29465	21	8
11774	29467	21	9
11775	29469	21	9
11776	29473	21	7
11777	29475	21	8
11778	29477	21	8
11779	29479	21	9
11780	29481	21	8
11781	29483	21	9
11782	29485	21	9
11783	29489	21	8
11784	29491	21	9
11785	29493	21	9
11786	29497	21	9
11787	29505	21	7
11788	29507	21	8
11789	29509	21	8
11790	29511	21	9
11791	29513	21	8
11792	29515	21	9
11793	29517	21	9
11794	29521	21	8
11795	29523	21	9
11796	29525	21	9
11797	29529	21	9
11798	29537	21	8
11799	29539	21	9
11800	29541	21	9
11801	29545	21	9
11802	29553	21	9
11803	29571	21	8
11804	29573	21	8
11805	29575	21	9
11806	29577	21	8
11807	29579	21	9
11808	29581	21	9
11809	29585	21	8
11810	29587	21	9
11811	29589	21	9
11812	29593	21	9
11813	29601	21	8
11814	29603	21	9
11815	29605	21	9
11816	29609	21	9
11817	29617	21	9
11818	29633	21	8
11819	29635	21	9
11820	29637	21	9
11821	29641	21	9
11822	29649	21	9
11823	29665	21	9
11824	29711	21	8
11825	29713	21	6
11826	29715	21	7
11827	29717	21	7
11828	29719	21	8
11829	29721	21	7
11830	29723	21	8
11831	29725	21	8
11832	29727	21	9
11833	29729	21	6
11834	29731	21	7
11835	29733	21	7
11836	29735	21	8
11837	29737	21	7
11838	29739	21	8
11839	29741	21	8
11840	29743	21	9
11841	29745	21	7
11842	29747	21	8
11843	29749	21	8
11844	29751	21	9
11845	29753	21	8
11846	29755	21	9
11847	29757	21	9
11848	29761	21	6
11849	29763	21	7
11850	29765	21	7
11851	29767	21	8
11852	29769	21	7
11853	29771	21	8
11854	29773	21	8
11855	29775	21	9
11856	29777	21	7
11857	29779	21	8
11858	29781	21	8
11859	29783	21	9
11860	29785	21	8
11861	29787	21	9
11862	29789	21	9
11863	29793	21	7
11864	29795	21	8
11865	29797	21	8
11866	29799	21	9
11867	29801	21	8
11868	29803	21	9
11869	29805	21	9
11870	29809	21	8
11871	29811	21	9
11872	29813	21	9
11873	29817	21	9
11874	29827	21	7
11875	29829	21	7
11876	29831	21	8
11877	29833	21	7
11878	29835	21	8
11879	29837	21	8
11880	29839	21	9
11881	29841	21	7
11882	29843	21	8
11883	29845	21	8
11884	29847	21	9
11885	29849	21	8
11886	29851	21	9
11887	29853	21	9
11888	29857	21	7
11889	29859	21	8
11890	29861	21	8
11891	29863	21	9
11892	29865	21	8
11893	29867	21	9
11894	29869	21	9
11895	29873	21	8
11896	29875	21	9
11897	29877	21	9
11898	29881	21	9
11899	29889	21	7
11900	29891	21	8
11901	29893	21	8
11902	29895	21	9
11903	29897	21	8
11904	29899	21	9
11905	29901	21	9
11906	29905	21	8
11907	29907	21	9
11908	29909	21	9
11909	29913	21	9
11910	29921	21	8
11911	29923	21	9
11912	29925	21	9
11913	29929	21	9
11914	29937	21	9
11915	29957	21	7
11916	29959	21	8
11917	29961	21	7
11918	29963	21	8
11919	29965	21	8
11920	29967	21	9
11921	29969	21	7
11922	29971	21	8
11923	29973	21	8
11924	29975	21	9
11925	29977	21	8
11926	29979	21	9
11927	29981	21	9
11928	29985	21	7
11929	29987	21	8
11930	29989	21	8
11931	29991	21	9
11932	29993	21	8
11933	29995	21	9
11934	29997	21	9
11935	30001	21	8
11936	30003	21	9
11937	30005	21	9
11938	30009	21	9
11939	30017	21	7
11940	30019	21	8
11941	30021	21	8
11942	30023	21	9
11943	30025	21	8
11944	30027	21	9
11945	30029	21	9
11946	30033	21	8
11947	30035	21	9
11948	30037	21	9
11949	30041	21	9
11950	30049	21	8
11951	30051	21	9
11952	30053	21	9
11953	30057	21	9
11954	30065	21	9
11955	30083	21	8
11956	30085	21	8
11957	30087	21	9
11958	30089	21	8
11959	30091	21	9
11960	30093	21	9
11961	30097	21	8
11962	30099	21	9
11963	30101	21	9
11964	30105	21	9
11965	30113	21	8
11966	30115	21	9
11967	30117	21	9
11968	30121	21	9
11969	30129	21	9
11970	30145	21	8
11971	30147	21	9
11972	30149	21	9
11973	30153	21	9
11974	30161	21	9
11975	30177	21	9
11976	30217	21	7
11977	30219	21	8
11978	30221	21	8
11979	30223	21	9
11980	30225	21	7
11981	30227	21	8
11982	30229	21	8
11983	30231	21	9
11984	30233	21	8
11985	30235	21	9
11986	30237	21	9
11987	30241	21	7
11988	30243	21	8
11989	30245	21	8
11990	30247	21	9
11991	30249	21	8
11992	30251	21	9
11993	30253	21	9
11994	30257	21	8
11995	30259	21	9
11996	30261	21	9
11997	30265	21	9
11998	30273	21	7
11999	30275	21	8
12000	30277	21	8
12001	30279	21	9
12002	30281	21	8
12003	30283	21	9
12004	30285	21	9
12005	30289	21	8
12006	30291	21	9
12007	30293	21	9
12008	30297	21	9
12009	30305	21	8
12010	30307	21	9
12011	30309	21	9
12012	30313	21	9
12013	30321	21	9
12014	30339	21	8
12015	30341	21	8
12016	30343	21	9
12017	30345	21	8
12018	30347	21	9
12019	30349	21	9
12020	30353	21	8
12021	30355	21	9
12022	30357	21	9
12023	30361	21	9
12024	30369	21	8
12025	30371	21	9
12026	30373	21	9
12027	30377	21	9
12028	30385	21	9
12029	30401	21	8
12030	30403	21	9
12031	30405	21	9
12032	30409	21	9
12033	30417	21	9
12034	30433	21	9
12035	30469	21	8
12036	30471	21	9
12037	30473	21	8
12038	30475	21	9
12039	30477	21	9
12040	30481	21	8
12041	30483	21	9
12042	30485	21	9
12043	30489	21	9
12044	30497	21	8
12045	30499	21	9
12046	30501	21	9
12047	30505	21	9
12048	30513	21	9
12049	30529	21	8
12050	30531	21	9
12051	30533	21	9
12052	30537	21	9
12053	30545	21	9
12054	30561	21	9
12055	30595	21	9
12056	30597	21	9
12057	30601	21	9
12058	30609	21	9
12059	30625	21	9
12060	30657	21	9
12061	30751	21	9
12062	30753	21	6
12063	30755	21	7
12064	30757	21	7
12065	30759	21	8
12066	30761	21	7
12067	30763	21	8
12068	30765	21	8
12069	30767	21	9
12070	30769	21	7
12071	30771	21	8
12072	30773	21	8
12073	30775	21	9
12074	30777	21	8
12075	30779	21	9
12076	30781	21	9
12077	30785	21	6
12078	30787	21	7
12079	30789	21	7
12080	30791	21	8
12081	30793	21	7
12082	30795	21	8
12083	30797	21	8
12084	30799	21	9
12085	30801	21	7
12086	30803	21	8
12087	30805	21	8
12088	30807	21	9
12089	30809	21	8
12090	30811	21	9
12091	30813	21	9
12092	30817	21	7
12093	30819	21	8
12094	30821	21	8
12095	30823	21	9
12096	30825	21	8
12097	30827	21	9
12098	30829	21	9
12099	30833	21	8
12100	30835	21	9
12101	30837	21	9
12102	30841	21	9
12103	30851	21	7
12104	30853	21	7
12105	30855	21	8
12106	30857	21	7
12107	30859	21	8
12108	30861	21	8
12109	30863	21	9
12110	30865	21	7
12111	30867	21	8
12112	30869	21	8
12113	30871	21	9
12114	30873	21	8
12115	30875	21	9
12116	30877	21	9
12117	30881	21	7
12118	30883	21	8
12119	30885	21	8
12120	30887	21	9
12121	30889	21	8
12122	30891	21	9
12123	30893	21	9
12124	30897	21	8
12125	30899	21	9
12126	30901	21	9
12127	30905	21	9
12128	30913	21	7
12129	30915	21	8
12130	30917	21	8
12131	30919	21	9
12132	30921	21	8
12133	30923	21	9
12134	30925	21	9
12135	30929	21	8
12136	30931	21	9
12137	30933	21	9
12138	30937	21	9
12139	30945	21	8
12140	30947	21	9
12141	30949	21	9
12142	30953	21	9
12143	30961	21	9
12144	30981	21	7
12145	30983	21	8
12146	30985	21	7
12147	30987	21	8
12148	30989	21	8
12149	30991	21	9
12150	30993	21	7
12151	30995	21	8
12152	30997	21	8
12153	30999	21	9
12154	31001	21	8
12155	31003	21	9
12156	31005	21	9
12157	31009	21	7
12158	31011	21	8
12159	31013	21	8
12160	31015	21	9
12161	31017	21	8
12162	31019	21	9
12163	31021	21	9
12164	31025	21	8
12165	31027	21	9
12166	31029	21	9
12167	31033	21	9
12168	31041	21	7
12169	31043	21	8
12170	31045	21	8
12171	31047	21	9
12172	31049	21	8
12173	31051	21	9
12174	31053	21	9
12175	31057	21	8
12176	31059	21	9
12177	31061	21	9
12178	31065	21	9
12179	31073	21	8
12180	31075	21	9
12181	31077	21	9
12182	31081	21	9
12183	31089	21	9
12184	31107	21	8
12185	31109	21	8
12186	31111	21	9
12187	31113	21	8
12188	31115	21	9
12189	31117	21	9
12190	31121	21	8
12191	31123	21	9
12192	31125	21	9
12193	31129	21	9
12194	31137	21	8
12195	31139	21	9
12196	31141	21	9
12197	31145	21	9
12198	31153	21	9
12199	31169	21	8
12200	31171	21	9
12201	31173	21	9
12202	31177	21	9
12203	31185	21	9
12204	31201	21	9
12205	31241	21	7
12206	31243	21	8
12207	31245	21	8
12208	31247	21	9
12209	31249	21	7
12210	31251	21	8
12211	31253	21	8
12212	31255	21	9
12213	31257	21	8
12214	31259	21	9
12215	31261	21	9
12216	31265	21	7
12217	31267	21	8
12218	31269	21	8
12219	31271	21	9
12220	31273	21	8
12221	31275	21	9
12222	31277	21	9
12223	31281	21	8
12224	31283	21	9
12225	31285	21	9
12226	31289	21	9
12227	31297	21	7
12228	31299	21	8
12229	31301	21	8
12230	31303	21	9
12231	31305	21	8
12232	31307	21	9
12233	31309	21	9
12234	31313	21	8
12235	31315	21	9
12236	31317	21	9
12237	31321	21	9
12238	31329	21	8
12239	31331	21	9
12240	31333	21	9
12241	31337	21	9
12242	31345	21	9
12243	31363	21	8
12244	31365	21	8
12245	31367	21	9
12246	31369	21	8
12247	31371	21	9
12248	31373	21	9
12249	31377	21	8
12250	31379	21	9
12251	31381	21	9
12252	31385	21	9
12253	31393	21	8
12254	31395	21	9
12255	31397	21	9
12256	31401	21	9
12257	31409	21	9
12258	31425	21	8
12259	31427	21	9
12260	31429	21	9
12261	31433	21	9
12262	31441	21	9
12263	31457	21	9
12264	31493	21	8
12265	31495	21	9
12266	31497	21	8
12267	31499	21	9
12268	31501	21	9
12269	31505	21	8
12270	31507	21	9
12271	31509	21	9
12272	31513	21	9
12273	31521	21	8
12274	31523	21	9
12275	31525	21	9
12276	31529	21	9
12277	31537	21	9
12278	31553	21	8
12279	31555	21	9
12280	31557	21	9
12281	31561	21	9
12282	31569	21	9
12283	31585	21	9
12284	31619	21	9
12285	31621	21	9
12286	31625	21	9
12287	31633	21	9
12288	31649	21	9
12289	31681	21	9
12290	31761	21	7
12291	31763	21	8
12292	31765	21	8
12293	31767	21	9
12294	31769	21	8
12295	31771	21	9
12296	31773	21	9
12297	31777	21	7
12298	31779	21	8
12299	31781	21	8
12300	31783	21	9
12301	31785	21	8
12302	31787	21	9
12303	31789	21	9
12304	31793	21	8
12305	31795	21	9
12306	31797	21	9
12307	31801	21	9
12308	31809	21	7
12309	31811	21	8
12310	31813	21	8
12311	31815	21	9
12312	31817	21	8
12313	31819	21	9
12314	31821	21	9
12315	31825	21	8
12316	31827	21	9
12317	31829	21	9
12318	31833	21	9
12319	31841	21	8
12320	31843	21	9
12321	31845	21	9
12322	31849	21	9
12323	31857	21	9
12324	31875	21	8
12325	31877	21	8
12326	31879	21	9
12327	31881	21	8
12328	31883	21	9
12329	31885	21	9
12330	31889	21	8
12331	31891	21	9
12332	31893	21	9
12333	31897	21	9
12334	31905	21	8
12335	31907	21	9
12336	31909	21	9
12337	31913	21	9
12338	31921	21	9
12339	31937	21	8
12340	31939	21	9
12341	31941	21	9
12342	31945	21	9
12343	31953	21	9
12344	31969	21	9
12345	32005	21	8
12346	32007	21	9
12347	32009	21	8
12348	32011	21	9
12349	32013	21	9
12350	32017	21	8
12351	32019	21	9
12352	32021	21	9
12353	32025	21	9
12354	32033	21	8
12355	32035	21	9
12356	32037	21	9
12357	32041	21	9
12358	32049	21	9
12359	32065	21	8
12360	32067	21	9
12361	32069	21	9
12362	32073	21	9
12363	32081	21	9
12364	32097	21	9
12365	32131	21	9
12366	32133	21	9
12367	32137	21	9
12368	32145	21	9
12369	32161	21	9
12370	32193	21	9
12371	32265	21	8
12372	32267	21	9
12373	32269	21	9
12374	32273	21	8
12375	32275	21	9
12376	32277	21	9
12377	32281	21	9
12378	32289	21	8
12379	32291	21	9
12380	32293	21	9
12381	32297	21	9
12382	32305	21	9
12383	32321	21	8
12384	32323	21	9
12385	32325	21	9
12386	32329	21	9
12387	32337	21	9
12388	32353	21	9
12389	32387	21	9
12390	32389	21	9
12391	32393	21	9
12392	32401	21	9
12393	32417	21	9
12394	32449	21	9
12395	32517	21	9
12396	32521	21	9
12397	32529	21	9
12398	32545	21	9
12399	32577	21	9
12400	33289	21	4
12401	33291	21	5
12402	33293	21	5
12403	33295	21	6
12404	33297	21	4
12405	33299	21	5
12406	33301	21	5
12407	33303	21	6
12408	33305	21	5
12409	33307	21	6
12410	33309	21	6
12411	33311	21	7
12412	33313	21	4
12413	33315	21	5
12414	33317	21	5
12415	33319	21	6
12416	33321	21	5
12417	33323	21	6
12418	33325	21	6
12419	33327	21	7
12420	33329	21	5
12421	33331	21	6
12422	33333	21	6
12423	33335	21	7
12424	33337	21	6
12425	33339	21	7
12426	33341	21	7
12427	33343	21	8
12428	33347	21	5
12429	33349	21	5
12430	33351	21	6
12431	33353	21	5
12432	33355	21	6
12433	33357	21	6
12434	33359	21	7
12435	33361	21	5
12436	33363	21	6
12437	33365	21	6
12438	33367	21	7
12439	33369	21	6
12440	33371	21	7
12441	33373	21	7
12442	33375	21	8
12443	33377	21	5
12444	33379	21	6
12445	33381	21	6
12446	33383	21	7
12447	33385	21	6
12448	33387	21	7
12449	33389	21	7
12450	33391	21	8
12451	33393	21	6
12452	33395	21	7
12453	33397	21	7
12454	33399	21	8
12455	33401	21	7
12456	33403	21	8
12457	33405	21	8
12458	33407	21	9
12459	33411	21	5
12460	33413	21	5
12461	33415	21	6
12462	33417	21	5
12463	33419	21	6
12464	33421	21	6
12465	33423	21	7
12466	33425	21	5
12467	33427	21	6
12468	33429	21	6
12469	33431	21	7
12470	33433	21	6
12471	33435	21	7
12472	33437	21	7
12473	33439	21	8
12474	33441	21	5
12475	33443	21	6
12476	33445	21	6
12477	33447	21	7
12478	33449	21	6
12479	33451	21	7
12480	33453	21	7
12481	33455	21	8
12482	33457	21	6
12483	33459	21	7
12484	33461	21	7
12485	33463	21	8
12486	33465	21	7
12487	33467	21	8
12488	33469	21	8
12489	33471	21	9
12490	33475	21	6
12491	33477	21	6
12492	33479	21	7
12493	33481	21	6
12494	33483	21	7
12495	33485	21	7
12496	33487	21	8
12497	33489	21	6
12498	33491	21	7
12499	33493	21	7
12500	33495	21	8
12501	33497	21	7
12502	33499	21	8
12503	33501	21	8
12504	33503	21	9
12505	33505	21	6
12506	33507	21	7
12507	33509	21	7
12508	33511	21	8
12509	33513	21	7
12510	33515	21	8
12511	33517	21	8
12512	33519	21	9
12513	33521	21	7
12514	33523	21	8
12515	33525	21	8
12516	33527	21	9
12517	33529	21	8
12518	33531	21	9
12519	33533	21	9
12520	33541	21	5
12521	33543	21	6
12522	33545	21	5
12523	33547	21	6
12524	33549	21	6
12525	33551	21	7
12526	33553	21	5
12527	33555	21	6
12528	33557	21	6
12529	33559	21	7
12530	33561	21	6
12531	33563	21	7
12532	33565	21	7
12533	33567	21	8
12534	33569	21	5
12535	33571	21	6
12536	33573	21	6
12537	33575	21	7
12538	33577	21	6
12539	33579	21	7
12540	33581	21	7
12541	33583	21	8
12542	33585	21	6
12543	33587	21	7
12544	33589	21	7
12545	33591	21	8
12546	33593	21	7
12547	33595	21	8
12548	33597	21	8
12549	33599	21	9
12550	33603	21	6
12551	33605	21	6
12552	33607	21	7
12553	33609	21	6
12554	33611	21	7
12555	33613	21	7
12556	33615	21	8
12557	33617	21	6
12558	33619	21	7
12559	33621	21	7
12560	33623	21	8
12561	33625	21	7
12562	33627	21	8
12563	33629	21	8
12564	33631	21	9
12565	33633	21	6
12566	33635	21	7
12567	33637	21	7
12568	33639	21	8
12569	33641	21	7
12570	33643	21	8
12571	33645	21	8
12572	33647	21	9
12573	33649	21	7
12574	33651	21	8
12575	33653	21	8
12576	33655	21	9
12577	33657	21	8
12578	33659	21	9
12579	33661	21	9
12580	33667	21	6
12581	33669	21	6
12582	33671	21	7
12583	33673	21	6
12584	33675	21	7
12585	33677	21	7
12586	33679	21	8
12587	33681	21	6
12588	33683	21	7
12589	33685	21	7
12590	33687	21	8
12591	33689	21	7
12592	33691	21	8
12593	33693	21	8
12594	33695	21	9
12595	33697	21	6
12596	33699	21	7
12597	33701	21	7
12598	33703	21	8
12599	33705	21	7
12600	33707	21	8
12601	33709	21	8
12602	33711	21	9
12603	33713	21	7
12604	33715	21	8
12605	33717	21	8
12606	33719	21	9
12607	33721	21	8
12608	33723	21	9
12609	33725	21	9
12610	33731	21	7
12611	33733	21	7
12612	33735	21	8
12613	33737	21	7
12614	33739	21	8
12615	33741	21	8
12616	33743	21	9
12617	33745	21	7
12618	33747	21	8
12619	33749	21	8
12620	33751	21	9
12621	33753	21	8
12622	33755	21	9
12623	33757	21	9
12624	33761	21	7
12625	33763	21	8
12626	33765	21	8
12627	33767	21	9
12628	33769	21	8
12629	33771	21	9
12630	33773	21	9
12631	33777	21	8
12632	33779	21	9
12633	33781	21	9
12634	33785	21	9
12635	33809	21	4
12636	33811	21	5
12637	33813	21	5
12638	33815	21	6
12639	33817	21	5
12640	33819	21	6
12641	33821	21	6
12642	33823	21	7
12643	33825	21	4
12644	33827	21	5
12645	33829	21	5
12646	33831	21	6
12647	33833	21	5
12648	33835	21	6
12649	33837	21	6
12650	33839	21	7
12651	33841	21	5
12652	33843	21	6
12653	33845	21	6
12654	33847	21	7
12655	33849	21	6
12656	33851	21	7
12657	33853	21	7
12658	33855	21	8
12659	33859	21	5
12660	33861	21	5
12661	33863	21	6
12662	33865	21	5
12663	33867	21	6
12664	33869	21	6
12665	33871	21	7
12666	33873	21	5
12667	33875	21	6
12668	33877	21	6
12669	33879	21	7
12670	33881	21	6
12671	33883	21	7
12672	33885	21	7
12673	33887	21	8
12674	33889	21	5
12675	33891	21	6
12676	33893	21	6
12677	33895	21	7
12678	33897	21	6
12679	33899	21	7
12680	33901	21	7
12681	33903	21	8
12682	33905	21	6
12683	33907	21	7
12684	33909	21	7
12685	33911	21	8
12686	33913	21	7
12687	33915	21	8
12688	33917	21	8
12689	33919	21	9
12690	33923	21	5
12691	33925	21	5
12692	33927	21	6
12693	33929	21	5
12694	33931	21	6
12695	33933	21	6
12696	33935	21	7
12697	33937	21	5
12698	33939	21	6
12699	33941	21	6
12700	33943	21	7
12701	33945	21	6
12702	33947	21	7
12703	33949	21	7
12704	33951	21	8
12705	33953	21	5
12706	33955	21	6
12707	33957	21	6
12708	33959	21	7
12709	33961	21	6
12710	33963	21	7
12711	33965	21	7
12712	33967	21	8
12713	33969	21	6
12714	33971	21	7
12715	33973	21	7
12716	33975	21	8
12717	33977	21	7
12718	33979	21	8
12719	33981	21	8
12720	33983	21	9
12721	33987	21	6
12722	33989	21	6
12723	33991	21	7
12724	33993	21	6
12725	33995	21	7
12726	33997	21	7
12727	33999	21	8
12728	34001	21	6
12729	34003	21	7
12730	34005	21	7
12731	34007	21	8
12732	34009	21	7
12733	34011	21	8
12734	34013	21	8
12735	34015	21	9
12736	34017	21	6
12737	34019	21	7
12738	34021	21	7
12739	34023	21	8
12740	34025	21	7
12741	34027	21	8
12742	34029	21	8
12743	34031	21	9
12744	34033	21	7
12745	34035	21	8
12746	34037	21	8
12747	34039	21	9
12748	34041	21	8
12749	34043	21	9
12750	34045	21	9
12751	34053	21	5
12752	34055	21	6
12753	34057	21	5
12754	34059	21	6
12755	34061	21	6
12756	34063	21	7
12757	34065	21	5
12758	34067	21	6
12759	34069	21	6
12760	34071	21	7
12761	34073	21	6
12762	34075	21	7
12763	34077	21	7
12764	34079	21	8
12765	34081	21	5
12766	34083	21	6
12767	34085	21	6
12768	34087	21	7
12769	34089	21	6
12770	34091	21	7
12771	34093	21	7
12772	34095	21	8
12773	34097	21	6
12774	34099	21	7
12775	34101	21	7
12776	34103	21	8
12777	34105	21	7
12778	34107	21	8
12779	34109	21	8
12780	34111	21	9
12781	34115	21	6
12782	34117	21	6
12783	34119	21	7
12784	34121	21	6
12785	34123	21	7
12786	34125	21	7
12787	34127	21	8
12788	34129	21	6
12789	34131	21	7
12790	34133	21	7
12791	34135	21	8
12792	34137	21	7
12793	34139	21	8
12794	34141	21	8
12795	34143	21	9
12796	34145	21	6
12797	34147	21	7
12798	34149	21	7
12799	34151	21	8
12800	34153	21	7
12801	34155	21	8
12802	34157	21	8
12803	34159	21	9
12804	34161	21	7
12805	34163	21	8
12806	34165	21	8
12807	34167	21	9
12808	34169	21	8
12809	34171	21	9
12810	34173	21	9
12811	34179	21	6
12812	34181	21	6
12813	34183	21	7
12814	34185	21	6
12815	34187	21	7
12816	34189	21	7
12817	34191	21	8
12818	34193	21	6
12819	34195	21	7
12820	34197	21	7
12821	34199	21	8
12822	34201	21	7
12823	34203	21	8
12824	34205	21	8
12825	34207	21	9
12826	34209	21	6
12827	34211	21	7
12828	34213	21	7
12829	34215	21	8
12830	34217	21	7
12831	34219	21	8
12832	34221	21	8
12833	34223	21	9
12834	34225	21	7
12835	34227	21	8
12836	34229	21	8
12837	34231	21	9
12838	34233	21	8
12839	34235	21	9
12840	34237	21	9
12841	34243	21	7
12842	34245	21	7
12843	34247	21	8
12844	34249	21	7
12845	34251	21	8
12846	34253	21	8
12847	34255	21	9
12848	34257	21	7
12849	34259	21	8
12850	34261	21	8
12851	34263	21	9
12852	34265	21	8
12853	34267	21	9
12854	34269	21	9
12855	34273	21	7
12856	34275	21	8
12857	34277	21	8
12858	34279	21	9
12859	34281	21	8
12860	34283	21	9
12861	34285	21	9
12862	34289	21	8
12863	34291	21	9
12864	34293	21	9
12865	34297	21	9
12866	34313	21	5
12867	34315	21	6
12868	34317	21	6
12869	34319	21	7
12870	34321	21	5
12871	34323	21	6
12872	34325	21	6
12873	34327	21	7
12874	34329	21	6
12875	34331	21	7
12876	34333	21	7
12877	34335	21	8
12878	34337	21	5
12879	34339	21	6
12880	34341	21	6
12881	34343	21	7
12882	34345	21	6
12883	34347	21	7
12884	34349	21	7
12885	34351	21	8
12886	34353	21	6
12887	34355	21	7
12888	34357	21	7
12889	34359	21	8
12890	34361	21	7
12891	34363	21	8
12892	34365	21	8
12893	34367	21	9
12894	34371	21	6
12895	34373	21	6
12896	34375	21	7
12897	34377	21	6
12898	34379	21	7
12899	34381	21	7
12900	34383	21	8
12901	34385	21	6
12902	34387	21	7
12903	34389	21	7
12904	34391	21	8
12905	34393	21	7
12906	34395	21	8
12907	34397	21	8
12908	34399	21	9
12909	34401	21	6
12910	34403	21	7
12911	34405	21	7
12912	34407	21	8
12913	34409	21	7
12914	34411	21	8
12915	34413	21	8
12916	34415	21	9
12917	34417	21	7
12918	34419	21	8
12919	34421	21	8
12920	34423	21	9
12921	34425	21	8
12922	34427	21	9
12923	34429	21	9
12924	34435	21	6
12925	34437	21	6
12926	34439	21	7
12927	34441	21	6
12928	34443	21	7
12929	34445	21	7
12930	34447	21	8
12931	34449	21	6
12932	34451	21	7
12933	34453	21	7
12934	34455	21	8
12935	34457	21	7
12936	34459	21	8
12937	34461	21	8
12938	34463	21	9
12939	34465	21	6
12940	34467	21	7
12941	34469	21	7
12942	34471	21	8
12943	34473	21	7
12944	34475	21	8
12945	34477	21	8
12946	34479	21	9
12947	34481	21	7
12948	34483	21	8
12949	34485	21	8
12950	34487	21	9
12951	34489	21	8
12952	34491	21	9
12953	34493	21	9
12954	34499	21	7
12955	34501	21	7
12956	34503	21	8
12957	34505	21	7
12958	34507	21	8
12959	34509	21	8
12960	34511	21	9
12961	34513	21	7
12962	34515	21	8
12963	34517	21	8
12964	34519	21	9
12965	34521	21	8
12966	34523	21	9
12967	34525	21	9
12968	34529	21	7
12969	34531	21	8
12970	34533	21	8
12971	34535	21	9
12972	34537	21	8
12973	34539	21	9
12974	34541	21	9
12975	34545	21	8
12976	34547	21	9
12977	34549	21	9
12978	34553	21	9
12979	34565	21	6
12980	34567	21	7
12981	34569	21	6
12982	34571	21	7
12983	34573	21	7
12984	34575	21	8
12985	34577	21	6
12986	34579	21	7
12987	34581	21	7
12988	34583	21	8
12989	34585	21	7
12990	34587	21	8
12991	34589	21	8
12992	34591	21	9
12993	34593	21	6
12994	34595	21	7
12995	34597	21	7
12996	34599	21	8
12997	34601	21	7
12998	34603	21	8
12999	34605	21	8
13000	34607	21	9
13001	34609	21	7
13002	34611	21	8
13003	34613	21	8
13004	34615	21	9
13005	34617	21	8
13006	34619	21	9
13007	34621	21	9
13008	34627	21	7
13009	34629	21	7
13010	34631	21	8
13011	34633	21	7
13012	34635	21	8
13013	34637	21	8
13014	34639	21	9
13015	34641	21	7
13016	34643	21	8
13017	34645	21	8
13018	34647	21	9
13019	34649	21	8
13020	34651	21	9
13021	34653	21	9
13022	34657	21	7
13023	34659	21	8
13024	34661	21	8
13025	34663	21	9
13026	34665	21	8
13027	34667	21	9
13028	34669	21	9
13029	34673	21	8
13030	34675	21	9
13031	34677	21	9
13032	34681	21	9
13033	34691	21	7
13034	34693	21	7
13035	34695	21	8
13036	34697	21	7
13037	34699	21	8
13038	34701	21	8
13039	34703	21	9
13040	34705	21	7
13041	34707	21	8
13042	34709	21	8
13043	34711	21	9
13044	34713	21	8
13045	34715	21	9
13046	34717	21	9
13047	34721	21	7
13048	34723	21	8
13049	34725	21	8
13050	34727	21	9
13051	34729	21	8
13052	34731	21	9
13053	34733	21	9
13054	34737	21	8
13055	34739	21	9
13056	34741	21	9
13057	34745	21	9
13058	34755	21	8
13059	34757	21	8
13060	34759	21	9
13061	34761	21	8
13062	34763	21	9
13063	34765	21	9
13064	34769	21	8
13065	34771	21	9
13066	34773	21	9
13067	34777	21	9
13068	34785	21	8
13069	34787	21	9
13070	34789	21	9
13071	34793	21	9
13072	34801	21	9
13073	34851	21	5
13074	34853	21	5
13075	34855	21	6
13076	34857	21	5
13077	34859	21	6
13078	34861	21	6
13079	34863	21	7
13080	34865	21	5
13081	34867	21	6
13082	34869	21	6
13083	34871	21	7
13084	34873	21	6
13085	34875	21	7
13086	34877	21	7
13087	34879	21	8
13088	34883	21	5
13089	34885	21	5
13090	34887	21	6
13091	34889	21	5
13092	34891	21	6
13093	34893	21	6
13094	34895	21	7
13095	34897	21	5
13096	34899	21	6
13097	34901	21	6
13098	34903	21	7
13099	34905	21	6
13100	34907	21	7
13101	34909	21	7
13102	34911	21	8
13103	34913	21	5
13104	34915	21	6
13105	34917	21	6
13106	34919	21	7
13107	34921	21	6
13108	34923	21	7
13109	34925	21	7
13110	34927	21	8
13111	34929	21	6
13112	34931	21	7
13113	34933	21	7
13114	34935	21	8
13115	34937	21	7
13116	34939	21	8
13117	34941	21	8
13118	34943	21	9
13119	34947	21	5
13120	34949	21	5
13121	34951	21	6
13122	34953	21	5
13123	34955	21	6
13124	34957	21	6
13125	34959	21	7
13126	34961	21	5
13127	34963	21	6
13128	34965	21	6
13129	34967	21	7
13130	34969	21	6
13131	34971	21	7
13132	34973	21	7
13133	34975	21	8
13134	34977	21	5
13135	34979	21	6
13136	34981	21	6
13137	34983	21	7
13138	34985	21	6
13139	34987	21	7
13140	34989	21	7
13141	34991	21	8
13142	34993	21	6
13143	34995	21	7
13144	34997	21	7
13145	34999	21	8
13146	35001	21	7
13147	35003	21	8
13148	35005	21	8
13149	35007	21	9
13150	35011	21	6
13151	35013	21	6
13152	35015	21	7
13153	35017	21	6
13154	35019	21	7
13155	35021	21	7
13156	35023	21	8
13157	35025	21	6
13158	35027	21	7
13159	35029	21	7
13160	35031	21	8
13161	35033	21	7
13162	35035	21	8
13163	35037	21	8
13164	35039	21	9
13165	35041	21	6
13166	35043	21	7
13167	35045	21	7
13168	35047	21	8
13169	35049	21	7
13170	35051	21	8
13171	35053	21	8
13172	35055	21	9
13173	35057	21	7
13174	35059	21	8
13175	35061	21	8
13176	35063	21	9
13177	35065	21	8
13178	35067	21	9
13179	35069	21	9
13180	35077	21	5
13181	35079	21	6
13182	35081	21	5
13183	35083	21	6
13184	35085	21	6
13185	35087	21	7
13186	35089	21	5
13187	35091	21	6
13188	35093	21	6
13189	35095	21	7
13190	35097	21	6
13191	35099	21	7
13192	35101	21	7
13193	35103	21	8
13194	35105	21	5
13195	35107	21	6
13196	35109	21	6
13197	35111	21	7
13198	35113	21	6
13199	35115	21	7
13200	35117	21	7
13201	35119	21	8
13202	35121	21	6
13203	35123	21	7
13204	35125	21	7
13205	35127	21	8
13206	35129	21	7
13207	35131	21	8
13208	35133	21	8
13209	35135	21	9
13210	35139	21	6
13211	35141	21	6
13212	35143	21	7
13213	35145	21	6
13214	35147	21	7
13215	35149	21	7
13216	35151	21	8
13217	35153	21	6
13218	35155	21	7
13219	35157	21	7
13220	35159	21	8
13221	35161	21	7
13222	35163	21	8
13223	35165	21	8
13224	35167	21	9
13225	35169	21	6
13226	35171	21	7
13227	35173	21	7
13228	35175	21	8
13229	35177	21	7
13230	35179	21	8
13231	35181	21	8
13232	35183	21	9
13233	35185	21	7
13234	35187	21	8
13235	35189	21	8
13236	35191	21	9
13237	35193	21	8
13238	35195	21	9
13239	35197	21	9
13240	35203	21	6
13241	35205	21	6
13242	35207	21	7
13243	35209	21	6
13244	35211	21	7
13245	35213	21	7
13246	35215	21	8
13247	35217	21	6
13248	35219	21	7
13249	35221	21	7
13250	35223	21	8
13251	35225	21	7
13252	35227	21	8
13253	35229	21	8
13254	35231	21	9
13255	35233	21	6
13256	35235	21	7
13257	35237	21	7
13258	35239	21	8
13259	35241	21	7
13260	35243	21	8
13261	35245	21	8
13262	35247	21	9
13263	35249	21	7
13264	35251	21	8
13265	35253	21	8
13266	35255	21	9
13267	35257	21	8
13268	35259	21	9
13269	35261	21	9
13270	35267	21	7
13271	35269	21	7
13272	35271	21	8
13273	35273	21	7
13274	35275	21	8
13275	35277	21	8
13276	35279	21	9
13277	35281	21	7
13278	35283	21	8
13279	35285	21	8
13280	35287	21	9
13281	35289	21	8
13282	35291	21	9
13283	35293	21	9
13284	35297	21	7
13285	35299	21	8
13286	35301	21	8
13287	35303	21	9
13288	35305	21	8
13289	35307	21	9
13290	35309	21	9
13291	35313	21	8
13292	35315	21	9
13293	35317	21	9
13294	35321	21	9
13295	35337	21	5
13296	35339	21	6
13297	35341	21	6
13298	35343	21	7
13299	35345	21	5
13300	35347	21	6
13301	35349	21	6
13302	35351	21	7
13303	35353	21	6
13304	35355	21	7
13305	35357	21	7
13306	35359	21	8
13307	35361	21	5
13308	35363	21	6
13309	35365	21	6
13310	35367	21	7
13311	35369	21	6
13312	35371	21	7
13313	35373	21	7
13314	35375	21	8
13315	35377	21	6
13316	35379	21	7
13317	35381	21	7
13318	35383	21	8
13319	35385	21	7
13320	35387	21	8
13321	35389	21	8
13322	35391	21	9
13323	35395	21	6
13324	35397	21	6
13325	35399	21	7
13326	35401	21	6
13327	35403	21	7
13328	35405	21	7
13329	35407	21	8
13330	35409	21	6
13331	35411	21	7
13332	35413	21	7
13333	35415	21	8
13334	35417	21	7
13335	35419	21	8
13336	35421	21	8
13337	35423	21	9
13338	35425	21	6
13339	35427	21	7
13340	35429	21	7
13341	35431	21	8
13342	35433	21	7
13343	35435	21	8
13344	35437	21	8
13345	35439	21	9
13346	35441	21	7
13347	35443	21	8
13348	35445	21	8
13349	35447	21	9
13350	35449	21	8
13351	35451	21	9
13352	35453	21	9
13353	35459	21	6
13354	35461	21	6
13355	35463	21	7
13356	35465	21	6
13357	35467	21	7
13358	35469	21	7
13359	35471	21	8
13360	35473	21	6
13361	35475	21	7
13362	35477	21	7
13363	35479	21	8
13364	35481	21	7
13365	35483	21	8
13366	35485	21	8
13367	35487	21	9
13368	35489	21	6
13369	35491	21	7
13370	35493	21	7
13371	35495	21	8
13372	35497	21	7
13373	35499	21	8
13374	35501	21	8
13375	35503	21	9
13376	35505	21	7
13377	35507	21	8
13378	35509	21	8
13379	35511	21	9
13380	35513	21	8
13381	35515	21	9
13382	35517	21	9
13383	35523	21	7
13384	35525	21	7
13385	35527	21	8
13386	35529	21	7
13387	35531	21	8
13388	35533	21	8
13389	35535	21	9
13390	35537	21	7
13391	35539	21	8
13392	35541	21	8
13393	35543	21	9
13394	35545	21	8
13395	35547	21	9
13396	35549	21	9
13397	35553	21	7
13398	35555	21	8
13399	35557	21	8
13400	35559	21	9
13401	35561	21	8
13402	35563	21	9
13403	35565	21	9
13404	35569	21	8
13405	35571	21	9
13406	35573	21	9
13407	35577	21	9
13408	35589	21	6
13409	35591	21	7
13410	35593	21	6
13411	35595	21	7
13412	35597	21	7
13413	35599	21	8
13414	35601	21	6
13415	35603	21	7
13416	35605	21	7
13417	35607	21	8
13418	35609	21	7
13419	35611	21	8
13420	35613	21	8
13421	35615	21	9
13422	35617	21	6
13423	35619	21	7
13424	35621	21	7
13425	35623	21	8
13426	35625	21	7
13427	35627	21	8
13428	35629	21	8
13429	35631	21	9
13430	35633	21	7
13431	35635	21	8
13432	35637	21	8
13433	35639	21	9
13434	35641	21	8
13435	35643	21	9
13436	35645	21	9
13437	35651	21	7
13438	35653	21	7
13439	35655	21	8
13440	35657	21	7
13441	35659	21	8
13442	35661	21	8
13443	35663	21	9
13444	35665	21	7
13445	35667	21	8
13446	35669	21	8
13447	35671	21	9
13448	35673	21	8
13449	35675	21	9
13450	35677	21	9
13451	35681	21	7
13452	35683	21	8
13453	35685	21	8
13454	35687	21	9
13455	35689	21	8
13456	35691	21	9
13457	35693	21	9
13458	35697	21	8
13459	35699	21	9
13460	35701	21	9
13461	35705	21	9
13462	35715	21	7
13463	35717	21	7
13464	35719	21	8
13465	35721	21	7
13466	35723	21	8
13467	35725	21	8
13468	35727	21	9
13469	35729	21	7
13470	35731	21	8
13471	35733	21	8
13472	35735	21	9
13473	35737	21	8
13474	35739	21	9
13475	35741	21	9
13476	35745	21	7
13477	35747	21	8
13478	35749	21	8
13479	35751	21	9
13480	35753	21	8
13481	35755	21	9
13482	35757	21	9
13483	35761	21	8
13484	35763	21	9
13485	35765	21	9
13486	35769	21	9
13487	35779	21	8
13488	35781	21	8
13489	35783	21	9
13490	35785	21	8
13491	35787	21	9
13492	35789	21	9
13493	35793	21	8
13494	35795	21	9
13495	35797	21	9
13496	35801	21	9
13497	35809	21	8
13498	35811	21	9
13499	35813	21	9
13500	35817	21	9
13501	35825	21	9
13502	35859	21	6
13503	35861	21	6
13504	35863	21	7
13505	35865	21	6
13506	35867	21	7
13507	35869	21	7
13508	35871	21	8
13509	35873	21	5
13510	35875	21	6
13511	35877	21	6
13512	35879	21	7
13513	35881	21	6
13514	35883	21	7
13515	35885	21	7
13516	35887	21	8
13517	35889	21	6
13518	35891	21	7
13519	35893	21	7
13520	35895	21	8
13521	35897	21	7
13522	35899	21	8
13523	35901	21	8
13524	35903	21	9
13525	35907	21	6
13526	35909	21	6
13527	35911	21	7
13528	35913	21	6
13529	35915	21	7
13530	35917	21	7
13531	35919	21	8
13532	35921	21	6
13533	35923	21	7
13534	35925	21	7
13535	35927	21	8
13536	35929	21	7
13537	35931	21	8
13538	35933	21	8
13539	35935	21	9
13540	35937	21	6
13541	35939	21	7
13542	35941	21	7
13543	35943	21	8
13544	35945	21	7
13545	35947	21	8
13546	35949	21	8
13547	35951	21	9
13548	35953	21	7
13549	35955	21	8
13550	35957	21	8
13551	35959	21	9
13552	35961	21	8
13553	35963	21	9
13554	35965	21	9
13555	35971	21	6
13556	35973	21	6
13557	35975	21	7
13558	35977	21	6
13559	35979	21	7
13560	35981	21	7
13561	35983	21	8
13562	35985	21	6
13563	35987	21	7
13564	35989	21	7
13565	35991	21	8
13566	35993	21	7
13567	35995	21	8
13568	35997	21	8
13569	35999	21	9
13570	36001	21	6
13571	36003	21	7
13572	36005	21	7
13573	36007	21	8
13574	36009	21	7
13575	36011	21	8
13576	36013	21	8
13577	36015	21	9
13578	36017	21	7
13579	36019	21	8
13580	36021	21	8
13581	36023	21	9
13582	36025	21	8
13583	36027	21	9
13584	36029	21	9
13585	36035	21	7
13586	36037	21	7
13587	36039	21	8
13588	36041	21	7
13589	36043	21	8
13590	36045	21	8
13591	36047	21	9
13592	36049	21	7
13593	36051	21	8
13594	36053	21	8
13595	36055	21	9
13596	36057	21	8
13597	36059	21	9
13598	36061	21	9
13599	36065	21	7
13600	36067	21	8
13601	36069	21	8
13602	36071	21	9
13603	36073	21	8
13604	36075	21	9
13605	36077	21	9
13606	36081	21	8
13607	36083	21	9
13608	36085	21	9
13609	36089	21	9
13610	36101	21	6
13611	36103	21	7
13612	36105	21	6
13613	36107	21	7
13614	36109	21	7
13615	36111	21	8
13616	36113	21	6
13617	36115	21	7
13618	36117	21	7
13619	36119	21	8
13620	36121	21	7
13621	36123	21	8
13622	36125	21	8
13623	36127	21	9
13624	36129	21	6
13625	36131	21	7
13626	36133	21	7
13627	36135	21	8
13628	36137	21	7
13629	36139	21	8
13630	36141	21	8
13631	36143	21	9
13632	36145	21	7
13633	36147	21	8
13634	36149	21	8
13635	36151	21	9
13636	36153	21	8
13637	36155	21	9
13638	36157	21	9
13639	36163	21	7
13640	36165	21	7
13641	36167	21	8
13642	36169	21	7
13643	36171	21	8
13644	36173	21	8
13645	36175	21	9
13646	36177	21	7
13647	36179	21	8
13648	36181	21	8
13649	36183	21	9
13650	36185	21	8
13651	36187	21	9
13652	36189	21	9
13653	36193	21	7
13654	36195	21	8
13655	36197	21	8
13656	36199	21	9
13657	36201	21	8
13658	36203	21	9
13659	36205	21	9
13660	36209	21	8
13661	36211	21	9
13662	36213	21	9
13663	36217	21	9
13664	36227	21	7
13665	36229	21	7
13666	36231	21	8
13667	36233	21	7
13668	36235	21	8
13669	36237	21	8
13670	36239	21	9
13671	36241	21	7
13672	36243	21	8
13673	36245	21	8
13674	36247	21	9
13675	36249	21	8
13676	36251	21	9
13677	36253	21	9
13678	36257	21	7
13679	36259	21	8
13680	36261	21	8
13681	36263	21	9
13682	36265	21	8
13683	36267	21	9
13684	36269	21	9
13685	36273	21	8
13686	36275	21	9
13687	36277	21	9
13688	36281	21	9
13689	36291	21	8
13690	36293	21	8
13691	36295	21	9
13692	36297	21	8
13693	36299	21	9
13694	36301	21	9
13695	36305	21	8
13696	36307	21	9
13697	36309	21	9
13698	36313	21	9
13699	36321	21	8
13700	36323	21	9
13701	36325	21	9
13702	36329	21	9
13703	36337	21	9
13704	36361	21	6
13705	36363	21	7
13706	36365	21	7
13707	36367	21	8
13708	36369	21	6
13709	36371	21	7
13710	36373	21	7
13711	36375	21	8
13712	36377	21	7
13713	36379	21	8
13714	36381	21	8
13715	36383	21	9
13716	36385	21	6
13717	36387	21	7
13718	36389	21	7
13719	36391	21	8
13720	36393	21	7
13721	36395	21	8
13722	36397	21	8
13723	36399	21	9
13724	36401	21	7
13725	36403	21	8
13726	36405	21	8
13727	36407	21	9
13728	36409	21	8
13729	36411	21	9
13730	36413	21	9
13731	36419	21	7
13732	36421	21	7
13733	36423	21	8
13734	36425	21	7
13735	36427	21	8
13736	36429	21	8
13737	36431	21	9
13738	36433	21	7
13739	36435	21	8
13740	36437	21	8
13741	36439	21	9
13742	36441	21	8
13743	36443	21	9
13744	36445	21	9
13745	36449	21	7
13746	36451	21	8
13747	36453	21	8
13748	36455	21	9
13749	36457	21	8
13750	36459	21	9
13751	36461	21	9
13752	36465	21	8
13753	36467	21	9
13754	36469	21	9
13755	36473	21	9
13756	36483	21	7
13757	36485	21	7
13758	36487	21	8
13759	36489	21	7
13760	36491	21	8
13761	36493	21	8
13762	36495	21	9
13763	36497	21	7
13764	36499	21	8
13765	36501	21	8
13766	36503	21	9
13767	36505	21	8
13768	36507	21	9
13769	36509	21	9
13770	36513	21	7
13771	36515	21	8
13772	36517	21	8
13773	36519	21	9
13774	36521	21	8
13775	36523	21	9
13776	36525	21	9
13777	36529	21	8
13778	36531	21	9
13779	36533	21	9
13780	36537	21	9
13781	36547	21	8
13782	36549	21	8
13783	36551	21	9
13784	36553	21	8
13785	36555	21	9
13786	36557	21	9
13787	36561	21	8
13788	36563	21	9
13789	36565	21	9
13790	36569	21	9
13791	36577	21	8
13792	36579	21	9
13793	36581	21	9
13794	36585	21	9
13795	36593	21	9
13796	36613	21	7
13797	36615	21	8
13798	36617	21	7
13799	36619	21	8
13800	36621	21	8
13801	36623	21	9
13802	36625	21	7
13803	36627	21	8
13804	36629	21	8
13805	36631	21	9
13806	36633	21	8
13807	36635	21	9
13808	36637	21	9
13809	36641	21	7
13810	36643	21	8
13811	36645	21	8
13812	36647	21	9
13813	36649	21	8
13814	36651	21	9
13815	36653	21	9
13816	36657	21	8
13817	36659	21	9
13818	36661	21	9
13819	36665	21	9
13820	36675	21	8
13821	36677	21	8
13822	36679	21	9
13823	36681	21	8
13824	36683	21	9
13825	36685	21	9
13826	36689	21	8
13827	36691	21	9
13828	36693	21	9
13829	36697	21	9
13830	36705	21	8
13831	36707	21	9
13832	36709	21	9
13833	36713	21	9
13834	36721	21	9
13835	36739	21	8
13836	36741	21	8
13837	36743	21	9
13838	36745	21	8
13839	36747	21	9
13840	36749	21	9
13841	36753	21	8
13842	36755	21	9
13843	36757	21	9
13844	36761	21	9
13845	36769	21	8
13846	36771	21	9
13847	36773	21	9
13848	36777	21	9
13849	36785	21	9
13850	36803	21	9
13851	36805	21	9
13852	36809	21	9
13853	36817	21	9
13854	36833	21	9
13855	36937	21	5
13856	36939	21	6
13857	36941	21	6
13858	36943	21	7
13859	36945	21	5
13860	36947	21	6
13861	36949	21	6
13862	36951	21	7
13863	36953	21	6
13864	36955	21	7
13865	36957	21	7
13866	36959	21	8
13867	36961	21	5
13868	36963	21	6
13869	36965	21	6
13870	36967	21	7
13871	36969	21	6
13872	36971	21	7
13873	36973	21	7
13874	36975	21	8
13875	36977	21	6
13876	36979	21	7
13877	36981	21	7
13878	36983	21	8
13879	36985	21	7
13880	36987	21	8
13881	36989	21	8
13882	36991	21	9
13883	36995	21	5
13884	36997	21	5
13885	36999	21	6
13886	37001	21	5
13887	37003	21	6
13888	37005	21	6
13889	37007	21	7
13890	37009	21	5
13891	37011	21	6
13892	37013	21	6
13893	37015	21	7
13894	37017	21	6
13895	37019	21	7
13896	37021	21	7
13897	37023	21	8
13898	37025	21	5
13899	37027	21	6
13900	37029	21	6
13901	37031	21	7
13902	37033	21	6
13903	37035	21	7
13904	37037	21	7
13905	37039	21	8
13906	37041	21	6
13907	37043	21	7
13908	37045	21	7
13909	37047	21	8
13910	37049	21	7
13911	37051	21	8
13912	37053	21	8
13913	37055	21	9
13914	37059	21	6
13915	37061	21	6
13916	37063	21	7
13917	37065	21	6
13918	37067	21	7
13919	37069	21	7
13920	37071	21	8
13921	37073	21	6
13922	37075	21	7
13923	37077	21	7
13924	37079	21	8
13925	37081	21	7
13926	37083	21	8
13927	37085	21	8
13928	37087	21	9
13929	37089	21	6
13930	37091	21	7
13931	37093	21	7
13932	37095	21	8
13933	37097	21	7
13934	37099	21	8
13935	37101	21	8
13936	37103	21	9
13937	37105	21	7
13938	37107	21	8
13939	37109	21	8
13940	37111	21	9
13941	37113	21	8
13942	37115	21	9
13943	37117	21	9
13944	37125	21	5
13945	37127	21	6
13946	37129	21	5
13947	37131	21	6
13948	37133	21	6
13949	37135	21	7
13950	37137	21	5
13951	37139	21	6
13952	37141	21	6
13953	37143	21	7
13954	37145	21	6
13955	37147	21	7
13956	37149	21	7
13957	37151	21	8
13958	37153	21	5
13959	37155	21	6
13960	37157	21	6
13961	37159	21	7
13962	37161	21	6
13963	37163	21	7
13964	37165	21	7
13965	37167	21	8
13966	37169	21	6
13967	37171	21	7
13968	37173	21	7
13969	37175	21	8
13970	37177	21	7
13971	37179	21	8
13972	37181	21	8
13973	37183	21	9
13974	37187	21	6
13975	37189	21	6
13976	37191	21	7
13977	37193	21	6
13978	37195	21	7
13979	37197	21	7
13980	37199	21	8
13981	37201	21	6
13982	37203	21	7
13983	37205	21	7
13984	37207	21	8
13985	37209	21	7
13986	37211	21	8
13987	37213	21	8
13988	37215	21	9
13989	37217	21	6
13990	37219	21	7
13991	37221	21	7
13992	37223	21	8
13993	37225	21	7
13994	37227	21	8
13995	37229	21	8
13996	37231	21	9
13997	37233	21	7
13998	37235	21	8
13999	37237	21	8
14000	37239	21	9
14001	37241	21	8
14002	37243	21	9
14003	37245	21	9
14004	37251	21	6
14005	37253	21	6
14006	37255	21	7
14007	37257	21	6
14008	37259	21	7
14009	37261	21	7
14010	37263	21	8
14011	37265	21	6
14012	37267	21	7
14013	37269	21	7
14014	37271	21	8
14015	37273	21	7
14016	37275	21	8
14017	37277	21	8
14018	37279	21	9
14019	37281	21	6
14020	37283	21	7
14021	37285	21	7
14022	37287	21	8
14023	37289	21	7
14024	37291	21	8
14025	37293	21	8
14026	37295	21	9
14027	37297	21	7
14028	37299	21	8
14029	37301	21	8
14030	37303	21	9
14031	37305	21	8
14032	37307	21	9
14033	37309	21	9
14034	37315	21	7
14035	37317	21	7
14036	37319	21	8
14037	37321	21	7
14038	37323	21	8
14039	37325	21	8
14040	37327	21	9
14041	37329	21	7
14042	37331	21	8
14043	37333	21	8
14044	37335	21	9
14045	37337	21	8
14046	37339	21	9
14047	37341	21	9
14048	37345	21	7
14049	37347	21	8
14050	37349	21	8
14051	37351	21	9
14052	37353	21	8
14053	37355	21	9
14054	37357	21	9
14055	37361	21	8
14056	37363	21	9
14057	37365	21	9
14058	37369	21	9
14059	37387	21	6
14060	37389	21	6
14061	37391	21	7
14062	37393	21	5
14063	37395	21	6
14064	37397	21	6
14065	37399	21	7
14066	37401	21	6
14067	37403	21	7
14068	37405	21	7
14069	37407	21	8
14070	37409	21	5
14071	37411	21	6
14072	37413	21	6
14073	37415	21	7
14074	37417	21	6
14075	37419	21	7
14076	37421	21	7
14077	37423	21	8
14078	37425	21	6
14079	37427	21	7
14080	37429	21	7
14081	37431	21	8
14082	37433	21	7
14083	37435	21	8
14084	37437	21	8
14085	37439	21	9
14086	37443	21	6
14087	37445	21	6
14088	37447	21	7
14089	37449	21	6
14090	37451	21	7
14091	37453	21	7
14092	37455	21	8
14093	37457	21	6
14094	37459	21	7
14095	37461	21	7
14096	37463	21	8
14097	37465	21	7
14098	37467	21	8
14099	37469	21	8
14100	37471	21	9
14101	37473	21	6
14102	37475	21	7
14103	37477	21	7
14104	37479	21	8
14105	37481	21	7
14106	37483	21	8
14107	37485	21	8
14108	37487	21	9
14109	37489	21	7
14110	37491	21	8
14111	37493	21	8
14112	37495	21	9
14113	37497	21	8
14114	37499	21	9
14115	37501	21	9
14116	37507	21	6
14117	37509	21	6
14118	37511	21	7
14119	37513	21	6
14120	37515	21	7
14121	37517	21	7
14122	37519	21	8
14123	37521	21	6
14124	37523	21	7
14125	37525	21	7
14126	37527	21	8
14127	37529	21	7
14128	37531	21	8
14129	37533	21	8
14130	37535	21	9
14131	37537	21	6
14132	37539	21	7
14133	37541	21	7
14134	37543	21	8
14135	37545	21	7
14136	37547	21	8
14137	37549	21	8
14138	37551	21	9
14139	37553	21	7
14140	37555	21	8
14141	37557	21	8
14142	37559	21	9
14143	37561	21	8
14144	37563	21	9
14145	37565	21	9
14146	37571	21	7
14147	37573	21	7
14148	37575	21	8
14149	37577	21	7
14150	37579	21	8
14151	37581	21	8
14152	37583	21	9
14153	37585	21	7
14154	37587	21	8
14155	37589	21	8
14156	37591	21	9
14157	37593	21	8
14158	37595	21	9
14159	37597	21	9
14160	37601	21	7
14161	37603	21	8
14162	37605	21	8
14163	37607	21	9
14164	37609	21	8
14165	37611	21	9
14166	37613	21	9
14167	37617	21	8
14168	37619	21	9
14169	37621	21	9
14170	37625	21	9
14171	37637	21	6
14172	37639	21	7
14173	37641	21	6
14174	37643	21	7
14175	37645	21	7
14176	37647	21	8
14177	37649	21	6
14178	37651	21	7
14179	37653	21	7
14180	37655	21	8
14181	37657	21	7
14182	37659	21	8
14183	37661	21	8
14184	37663	21	9
14185	37665	21	6
14186	37667	21	7
14187	37669	21	7
14188	37671	21	8
14189	37673	21	7
14190	37675	21	8
14191	37677	21	8
14192	37679	21	9
14193	37681	21	7
14194	37683	21	8
14195	37685	21	8
14196	37687	21	9
14197	37689	21	8
14198	37691	21	9
14199	37693	21	9
14200	37699	21	7
14201	37701	21	7
14202	37703	21	8
14203	37705	21	7
14204	37707	21	8
14205	37709	21	8
14206	37711	21	9
14207	37713	21	7
14208	37715	21	8
14209	37717	21	8
14210	37719	21	9
14211	37721	21	8
14212	37723	21	9
14213	37725	21	9
14214	37729	21	7
14215	37731	21	8
14216	37733	21	8
14217	37735	21	9
14218	37737	21	8
14219	37739	21	9
14220	37741	21	9
14221	37745	21	8
14222	37747	21	9
14223	37749	21	9
14224	37753	21	9
14225	37763	21	7
14226	37765	21	7
14227	37767	21	8
14228	37769	21	7
14229	37771	21	8
14230	37773	21	8
14231	37775	21	9
14232	37777	21	7
14233	37779	21	8
14234	37781	21	8
14235	37783	21	9
14236	37785	21	8
14237	37787	21	9
14238	37789	21	9
14239	37793	21	7
14240	37795	21	8
14241	37797	21	8
14242	37799	21	9
14243	37801	21	8
14244	37803	21	9
14245	37805	21	9
14246	37809	21	8
14247	37811	21	9
14248	37813	21	9
14249	37817	21	9
14250	37827	21	8
14251	37829	21	8
14252	37831	21	9
14253	37833	21	8
14254	37835	21	9
14255	37837	21	9
14256	37841	21	8
14257	37843	21	9
14258	37845	21	9
14259	37849	21	9
14260	37857	21	8
14261	37859	21	9
14262	37861	21	9
14263	37865	21	9
14264	37873	21	9
14265	37907	21	6
14266	37909	21	6
14267	37911	21	7
14268	37913	21	6
14269	37915	21	7
14270	37917	21	7
14271	37919	21	8
14272	37921	21	5
14273	37923	21	6
14274	37925	21	6
14275	37927	21	7
14276	37929	21	6
14277	37931	21	7
14278	37933	21	7
14279	37935	21	8
14280	37937	21	6
14281	37939	21	7
14282	37941	21	7
14283	37943	21	8
14284	37945	21	7
14285	37947	21	8
14286	37949	21	8
14287	37951	21	9
14288	37955	21	6
14289	37957	21	6
14290	37959	21	7
14291	37961	21	6
14292	37963	21	7
14293	37965	21	7
14294	37967	21	8
14295	37969	21	6
14296	37971	21	7
14297	37973	21	7
14298	37975	21	8
14299	37977	21	7
14300	37979	21	8
14301	37981	21	8
14302	37983	21	9
14303	37985	21	6
14304	37987	21	7
14305	37989	21	7
14306	37991	21	8
14307	37993	21	7
14308	37995	21	8
14309	37997	21	8
14310	37999	21	9
14311	38001	21	7
14312	38003	21	8
14313	38005	21	8
14314	38007	21	9
14315	38009	21	8
14316	38011	21	9
14317	38013	21	9
14318	38019	21	6
14319	38021	21	6
14320	38023	21	7
14321	38025	21	6
14322	38027	21	7
14323	38029	21	7
14324	38031	21	8
14325	38033	21	6
14326	38035	21	7
14327	38037	21	7
14328	38039	21	8
14329	38041	21	7
14330	38043	21	8
14331	38045	21	8
14332	38047	21	9
14333	38049	21	6
14334	38051	21	7
14335	38053	21	7
14336	38055	21	8
14337	38057	21	7
14338	38059	21	8
14339	38061	21	8
14340	38063	21	9
14341	38065	21	7
14342	38067	21	8
14343	38069	21	8
14344	38071	21	9
14345	38073	21	8
14346	38075	21	9
14347	38077	21	9
14348	38083	21	7
14349	38085	21	7
14350	38087	21	8
14351	38089	21	7
14352	38091	21	8
14353	38093	21	8
14354	38095	21	9
14355	38097	21	7
14356	38099	21	8
14357	38101	21	8
14358	38103	21	9
14359	38105	21	8
14360	38107	21	9
14361	38109	21	9
14362	38113	21	7
14363	38115	21	8
14364	38117	21	8
14365	38119	21	9
14366	38121	21	8
14367	38123	21	9
14368	38125	21	9
14369	38129	21	8
14370	38131	21	9
14371	38133	21	9
14372	38137	21	9
14373	38149	21	6
14374	38151	21	7
14375	38153	21	6
14376	38155	21	7
14377	38157	21	7
14378	38159	21	8
14379	38161	21	6
14380	38163	21	7
14381	38165	21	7
14382	38167	21	8
14383	38169	21	7
14384	38171	21	8
14385	38173	21	8
14386	38175	21	9
14387	38177	21	6
14388	38179	21	7
14389	38181	21	7
14390	38183	21	8
14391	38185	21	7
14392	38187	21	8
14393	38189	21	8
14394	38191	21	9
14395	38193	21	7
14396	38195	21	8
14397	38197	21	8
14398	38199	21	9
14399	38201	21	8
14400	38203	21	9
14401	38205	21	9
14402	38211	21	7
14403	38213	21	7
14404	38215	21	8
14405	38217	21	7
14406	38219	21	8
14407	38221	21	8
14408	38223	21	9
14409	38225	21	7
14410	38227	21	8
14411	38229	21	8
14412	38231	21	9
14413	38233	21	8
14414	38235	21	9
14415	38237	21	9
14416	38241	21	7
14417	38243	21	8
14418	38245	21	8
14419	38247	21	9
14420	38249	21	8
14421	38251	21	9
14422	38253	21	9
14423	38257	21	8
14424	38259	21	9
14425	38261	21	9
14426	38265	21	9
14427	38275	21	7
14428	38277	21	7
14429	38279	21	8
14430	38281	21	7
14431	38283	21	8
14432	38285	21	8
14433	38287	21	9
14434	38289	21	7
14435	38291	21	8
14436	38293	21	8
14437	38295	21	9
14438	38297	21	8
14439	38299	21	9
14440	38301	21	9
14441	38305	21	7
14442	38307	21	8
14443	38309	21	8
14444	38311	21	9
14445	38313	21	8
14446	38315	21	9
14447	38317	21	9
14448	38321	21	8
14449	38323	21	9
14450	38325	21	9
14451	38329	21	9
14452	38339	21	8
14453	38341	21	8
14454	38343	21	9
14455	38345	21	8
14456	38347	21	9
14457	38349	21	9
14458	38353	21	8
14459	38355	21	9
14460	38357	21	9
14461	38361	21	9
14462	38369	21	8
14463	38371	21	9
14464	38373	21	9
14465	38377	21	9
14466	38385	21	9
14467	38411	21	7
14468	38413	21	7
14469	38415	21	8
14470	38417	21	6
14471	38419	21	7
14472	38421	21	7
14473	38423	21	8
14474	38425	21	7
14475	38427	21	8
14476	38429	21	8
14477	38431	21	9
14478	38433	21	6
14479	38435	21	7
14480	38437	21	7
14481	38439	21	8
14482	38441	21	7
14483	38443	21	8
14484	38445	21	8
14485	38447	21	9
14486	38449	21	7
14487	38451	21	8
14488	38453	21	8
14489	38455	21	9
14490	38457	21	8
14491	38459	21	9
14492	38461	21	9
14493	38467	21	7
14494	38469	21	7
14495	38471	21	8
14496	38473	21	7
14497	38475	21	8
14498	38477	21	8
14499	38479	21	9
14500	38481	21	7
14501	38483	21	8
14502	38485	21	8
14503	38487	21	9
14504	38489	21	8
14505	38491	21	9
14506	38493	21	9
14507	38497	21	7
14508	38499	21	8
14509	38501	21	8
14510	38503	21	9
14511	38505	21	8
14512	38507	21	9
14513	38509	21	9
14514	38513	21	8
14515	38515	21	9
14516	38517	21	9
14517	38521	21	9
14518	38531	21	7
14519	38533	21	7
14520	38535	21	8
14521	38537	21	7
14522	38539	21	8
14523	38541	21	8
14524	38543	21	9
14525	38545	21	7
14526	38547	21	8
14527	38549	21	8
14528	38551	21	9
14529	38553	21	8
14530	38555	21	9
14531	38557	21	9
14532	38561	21	7
14533	38563	21	8
14534	38565	21	8
14535	38567	21	9
14536	38569	21	8
14537	38571	21	9
14538	38573	21	9
14539	38577	21	8
14540	38579	21	9
14541	38581	21	9
14542	38585	21	9
14543	38595	21	8
14544	38597	21	8
14545	38599	21	9
14546	38601	21	8
14547	38603	21	9
14548	38605	21	9
14549	38609	21	8
14550	38611	21	9
14551	38613	21	9
14552	38617	21	9
14553	38625	21	8
14554	38627	21	9
14555	38629	21	9
14556	38633	21	9
14557	38641	21	9
14558	38661	21	7
14559	38663	21	8
14560	38665	21	7
14561	38667	21	8
14562	38669	21	8
14563	38671	21	9
14564	38673	21	7
14565	38675	21	8
14566	38677	21	8
14567	38679	21	9
14568	38681	21	8
14569	38683	21	9
14570	38685	21	9
14571	38689	21	7
14572	38691	21	8
14573	38693	21	8
14574	38695	21	9
14575	38697	21	8
14576	38699	21	9
14577	38701	21	9
14578	38705	21	8
14579	38707	21	9
14580	38709	21	9
14581	38713	21	9
14582	38723	21	8
14583	38725	21	8
14584	38727	21	9
14585	38729	21	8
14586	38731	21	9
14587	38733	21	9
14588	38737	21	8
14589	38739	21	9
14590	38741	21	9
14591	38745	21	9
14592	38753	21	8
14593	38755	21	9
14594	38757	21	9
14595	38761	21	9
14596	38769	21	9
14597	38787	21	8
14598	38789	21	8
14599	38791	21	9
14600	38793	21	8
14601	38795	21	9
14602	38797	21	9
14603	38801	21	8
14604	38803	21	9
14605	38805	21	9
14606	38809	21	9
14607	38817	21	8
14608	38819	21	9
14609	38821	21	9
14610	38825	21	9
14611	38833	21	9
14612	38851	21	9
14613	38853	21	9
14614	38857	21	9
14615	38865	21	9
14616	38881	21	9
14617	38951	21	7
14618	38953	21	6
14619	38955	21	7
14620	38957	21	7
14621	38959	21	8
14622	38961	21	6
14623	38963	21	7
14624	38965	21	7
14625	38967	21	8
14626	38969	21	7
14627	38971	21	8
14628	38973	21	8
14629	38975	21	9
14630	38979	21	6
14631	38981	21	6
14632	38983	21	7
14633	38985	21	6
14634	38987	21	7
14635	38989	21	7
14636	38991	21	8
14637	38993	21	6
14638	38995	21	7
14639	38997	21	7
14640	38999	21	8
14641	39001	21	7
14642	39003	21	8
14643	39005	21	8
14644	39007	21	9
14645	39009	21	6
14646	39011	21	7
14647	39013	21	7
14648	39015	21	8
14649	39017	21	7
14650	39019	21	8
14651	39021	21	8
14652	39023	21	9
14653	39025	21	7
14654	39027	21	8
14655	39029	21	8
14656	39031	21	9
14657	39033	21	8
14658	39035	21	9
14659	39037	21	9
14660	39043	21	6
14661	39045	21	6
14662	39047	21	7
14663	39049	21	6
14664	39051	21	7
14665	39053	21	7
14666	39055	21	8
14667	39057	21	6
14668	39059	21	7
14669	39061	21	7
14670	39063	21	8
14671	39065	21	7
14672	39067	21	8
14673	39069	21	8
14674	39071	21	9
14675	39073	21	6
14676	39075	21	7
14677	39077	21	7
14678	39079	21	8
14679	39081	21	7
14680	39083	21	8
14681	39085	21	8
14682	39087	21	9
14683	39089	21	7
14684	39091	21	8
14685	39093	21	8
14686	39095	21	9
14687	39097	21	8
14688	39099	21	9
14689	39101	21	9
14690	39107	21	7
14691	39109	21	7
14692	39111	21	8
14693	39113	21	7
14694	39115	21	8
14695	39117	21	8
14696	39119	21	9
14697	39121	21	7
14698	39123	21	8
14699	39125	21	8
14700	39127	21	9
14701	39129	21	8
14702	39131	21	9
14703	39133	21	9
14704	39137	21	7
14705	39139	21	8
14706	39141	21	8
14707	39143	21	9
14708	39145	21	8
14709	39147	21	9
14710	39149	21	9
14711	39153	21	8
14712	39155	21	9
14713	39157	21	9
14714	39161	21	9
14715	39173	21	6
14716	39175	21	7
14717	39177	21	6
14718	39179	21	7
14719	39181	21	7
14720	39183	21	8
14721	39185	21	6
14722	39187	21	7
14723	39189	21	7
14724	39191	21	8
14725	39193	21	7
14726	39195	21	8
14727	39197	21	8
14728	39199	21	9
14729	39201	21	6
14730	39203	21	7
14731	39205	21	7
14732	39207	21	8
14733	39209	21	7
14734	39211	21	8
14735	39213	21	8
14736	39215	21	9
14737	39217	21	7
14738	39219	21	8
14739	39221	21	8
14740	39223	21	9
14741	39225	21	8
14742	39227	21	9
14743	39229	21	9
14744	39235	21	7
14745	39237	21	7
14746	39239	21	8
14747	39241	21	7
14748	39243	21	8
14749	39245	21	8
14750	39247	21	9
14751	39249	21	7
14752	39251	21	8
14753	39253	21	8
14754	39255	21	9
14755	39257	21	8
14756	39259	21	9
14757	39261	21	9
14758	39265	21	7
14759	39267	21	8
14760	39269	21	8
14761	39271	21	9
14762	39273	21	8
14763	39275	21	9
14764	39277	21	9
14765	39281	21	8
14766	39283	21	9
14767	39285	21	9
14768	39289	21	9
14769	39299	21	7
14770	39301	21	7
14771	39303	21	8
14772	39305	21	7
14773	39307	21	8
14774	39309	21	8
14775	39311	21	9
14776	39313	21	7
14777	39315	21	8
14778	39317	21	8
14779	39319	21	9
14780	39321	21	8
14781	39323	21	9
14782	39325	21	9
14783	39329	21	7
14784	39331	21	8
14785	39333	21	8
14786	39335	21	9
14787	39337	21	8
14788	39339	21	9
14789	39341	21	9
14790	39345	21	8
14791	39347	21	9
14792	39349	21	9
14793	39353	21	9
14794	39363	21	8
14795	39365	21	8
14796	39367	21	9
14797	39369	21	8
14798	39371	21	9
14799	39373	21	9
14800	39377	21	8
14801	39379	21	9
14802	39381	21	9
14803	39385	21	9
14804	39393	21	8
14805	39395	21	9
14806	39397	21	9
14807	39401	21	9
14808	39409	21	9
14809	39435	21	7
14810	39437	21	7
14811	39439	21	8
14812	39441	21	6
14813	39443	21	7
14814	39445	21	7
14815	39447	21	8
14816	39449	21	7
14817	39451	21	8
14818	39453	21	8
14819	39455	21	9
14820	39457	21	6
14821	39459	21	7
14822	39461	21	7
14823	39463	21	8
14824	39465	21	7
14825	39467	21	8
14826	39469	21	8
14827	39471	21	9
14828	39473	21	7
14829	39475	21	8
14830	39477	21	8
14831	39479	21	9
14832	39481	21	8
14833	39483	21	9
14834	39485	21	9
14835	39491	21	7
14836	39493	21	7
14837	39495	21	8
14838	39497	21	7
14839	39499	21	8
14840	39501	21	8
14841	39503	21	9
14842	39505	21	7
14843	39507	21	8
14844	39509	21	8
14845	39511	21	9
14846	39513	21	8
14847	39515	21	9
14848	39517	21	9
14849	39521	21	7
14850	39523	21	8
14851	39525	21	8
14852	39527	21	9
14853	39529	21	8
14854	39531	21	9
14855	39533	21	9
14856	39537	21	8
14857	39539	21	9
14858	39541	21	9
14859	39545	21	9
14860	39555	21	7
14861	39557	21	7
14862	39559	21	8
14863	39561	21	7
14864	39563	21	8
14865	39565	21	8
14866	39567	21	9
14867	39569	21	7
14868	39571	21	8
14869	39573	21	8
14870	39575	21	9
14871	39577	21	8
14872	39579	21	9
14873	39581	21	9
14874	39585	21	7
14875	39587	21	8
14876	39589	21	8
14877	39591	21	9
14878	39593	21	8
14879	39595	21	9
14880	39597	21	9
14881	39601	21	8
14882	39603	21	9
14883	39605	21	9
14884	39609	21	9
14885	39619	21	8
14886	39621	21	8
14887	39623	21	9
14888	39625	21	8
14889	39627	21	9
14890	39629	21	9
14891	39633	21	8
14892	39635	21	9
14893	39637	21	9
14894	39641	21	9
14895	39649	21	8
14896	39651	21	9
14897	39653	21	9
14898	39657	21	9
14899	39665	21	9
14900	39685	21	7
14901	39687	21	8
14902	39689	21	7
14903	39691	21	8
14904	39693	21	8
14905	39695	21	9
14906	39697	21	7
14907	39699	21	8
14908	39701	21	8
14909	39703	21	9
14910	39705	21	8
14911	39707	21	9
14912	39709	21	9
14913	39713	21	7
14914	39715	21	8
14915	39717	21	8
14916	39719	21	9
14917	39721	21	8
14918	39723	21	9
14919	39725	21	9
14920	39729	21	8
14921	39731	21	9
14922	39733	21	9
14923	39737	21	9
14924	39747	21	8
14925	39749	21	8
14926	39751	21	9
14927	39753	21	8
14928	39755	21	9
14929	39757	21	9
14930	39761	21	8
14931	39763	21	9
14932	39765	21	9
14933	39769	21	9
14934	39777	21	8
14935	39779	21	9
14936	39781	21	9
14937	39785	21	9
14938	39793	21	9
14939	39811	21	8
14940	39813	21	8
14941	39815	21	9
14942	39817	21	8
14943	39819	21	9
14944	39821	21	9
14945	39825	21	8
14946	39827	21	9
14947	39829	21	9
14948	39833	21	9
14949	39841	21	8
14950	39843	21	9
14951	39845	21	9
14952	39849	21	9
14953	39857	21	9
14954	39875	21	9
14955	39877	21	9
14956	39881	21	9
14957	39889	21	9
14958	39905	21	9
14959	39957	21	7
14960	39959	21	8
14961	39961	21	7
14962	39963	21	8
14963	39965	21	8
14964	39967	21	9
14965	39969	21	6
14966	39971	21	7
14967	39973	21	7
14968	39975	21	8
14969	39977	21	7
14970	39979	21	8
14971	39981	21	8
14972	39983	21	9
14973	39985	21	7
14974	39987	21	8
14975	39989	21	8
14976	39991	21	9
14977	39993	21	8
14978	39995	21	9
14979	39997	21	9
14980	40003	21	7
14981	40005	21	7
14982	40007	21	8
14983	40009	21	7
14984	40011	21	8
14985	40013	21	8
14986	40015	21	9
14987	40017	21	7
14988	40019	21	8
14989	40021	21	8
14990	40023	21	9
14991	40025	21	8
14992	40027	21	9
14993	40029	21	9
14994	40033	21	7
14995	40035	21	8
14996	40037	21	8
14997	40039	21	9
14998	40041	21	8
14999	40043	21	9
15000	40045	21	9
15001	40049	21	8
15002	40051	21	9
15003	40053	21	9
15004	40057	21	9
15005	40067	21	7
15006	40069	21	7
15007	40071	21	8
15008	40073	21	7
15009	40075	21	8
15010	40077	21	8
15011	40079	21	9
15012	40081	21	7
15013	40083	21	8
15014	40085	21	8
15015	40087	21	9
15016	40089	21	8
15017	40091	21	9
15018	40093	21	9
15019	40097	21	7
15020	40099	21	8
15021	40101	21	8
15022	40103	21	9
15023	40105	21	8
15024	40107	21	9
15025	40109	21	9
15026	40113	21	8
15027	40115	21	9
15028	40117	21	9
15029	40121	21	9
15030	40131	21	8
15031	40133	21	8
15032	40135	21	9
15033	40137	21	8
15034	40139	21	9
15035	40141	21	9
15036	40145	21	8
15037	40147	21	9
15038	40149	21	9
15039	40153	21	9
15040	40161	21	8
15041	40163	21	9
15042	40165	21	9
15043	40169	21	9
15044	40177	21	9
15045	40197	21	7
15046	40199	21	8
15047	40201	21	7
15048	40203	21	8
15049	40205	21	8
15050	40207	21	9
15051	40209	21	7
15052	40211	21	8
15053	40213	21	8
15054	40215	21	9
15055	40217	21	8
15056	40219	21	9
15057	40221	21	9
15058	40225	21	7
15059	40227	21	8
15060	40229	21	8
15061	40231	21	9
15062	40233	21	8
15063	40235	21	9
15064	40237	21	9
15065	40241	21	8
15066	40243	21	9
15067	40245	21	9
15068	40249	21	9
15069	40259	21	8
15070	40261	21	8
15071	40263	21	9
15072	40265	21	8
15073	40267	21	9
15074	40269	21	9
15075	40273	21	8
15076	40275	21	9
15077	40277	21	9
15078	40281	21	9
15079	40289	21	8
15080	40291	21	9
15081	40293	21	9
15082	40297	21	9
15083	40305	21	9
15084	40323	21	8
15085	40325	21	8
15086	40327	21	9
15087	40329	21	8
15088	40331	21	9
15089	40333	21	9
15090	40337	21	8
15091	40339	21	9
15092	40341	21	9
15093	40345	21	9
15094	40353	21	8
15095	40355	21	9
15096	40357	21	9
15097	40361	21	9
15098	40369	21	9
15099	40387	21	9
15100	40389	21	9
15101	40393	21	9
15102	40401	21	9
15103	40417	21	9
15104	40459	21	8
15105	40461	21	8
15106	40463	21	9
15107	40465	21	7
15108	40467	21	8
15109	40469	21	8
15110	40471	21	9
15111	40473	21	8
15112	40475	21	9
15113	40477	21	9
15114	40481	21	7
15115	40483	21	8
15116	40485	21	8
15117	40487	21	9
15118	40489	21	8
15119	40491	21	9
15120	40493	21	9
15121	40497	21	8
15122	40499	21	9
15123	40501	21	9
15124	40505	21	9
15125	40515	21	8
15126	40517	21	8
15127	40519	21	9
15128	40521	21	8
15129	40523	21	9
15130	40525	21	9
15131	40529	21	8
15132	40531	21	9
15133	40533	21	9
15134	40537	21	9
15135	40545	21	8
15136	40547	21	9
15137	40549	21	9
15138	40553	21	9
15139	40561	21	9
15140	40579	21	8
15141	40581	21	8
15142	40583	21	9
15143	40585	21	8
15144	40587	21	9
15145	40589	21	9
15146	40593	21	8
15147	40595	21	9
15148	40597	21	9
15149	40601	21	9
15150	40609	21	8
15151	40611	21	9
15152	40613	21	9
15153	40617	21	9
15154	40625	21	9
15155	40643	21	9
15156	40645	21	9
15157	40649	21	9
15158	40657	21	9
15159	40673	21	9
15160	40709	21	8
15161	40711	21	9
15162	40713	21	8
15163	40715	21	9
15164	40717	21	9
15165	40721	21	8
15166	40723	21	9
15167	40725	21	9
15168	40729	21	9
15169	40737	21	8
15170	40739	21	9
15171	40741	21	9
15172	40745	21	9
15173	40753	21	9
15174	40771	21	9
15175	40773	21	9
15176	40777	21	9
15177	40785	21	9
15178	40801	21	9
15179	40835	21	9
15180	40837	21	9
15181	40841	21	9
15182	40849	21	9
15183	40865	21	9
15184	41121	21	5
15185	41123	21	6
15186	41125	21	6
15187	41127	21	7
15188	41129	21	6
15189	41131	21	7
15190	41133	21	7
15191	41135	21	8
15192	41137	21	6
15193	41139	21	7
15194	41141	21	7
15195	41143	21	8
15196	41145	21	7
15197	41147	21	8
15198	41149	21	8
15199	41151	21	9
15200	41155	21	6
15201	41157	21	6
15202	41159	21	7
15203	41161	21	6
15204	41163	21	7
15205	41165	21	7
15206	41167	21	8
15207	41169	21	6
15208	41171	21	7
15209	41173	21	7
15210	41175	21	8
15211	41177	21	7
15212	41179	21	8
15213	41181	21	8
15214	41183	21	9
15215	41185	21	6
15216	41187	21	7
15217	41189	21	7
15218	41191	21	8
15219	41193	21	7
15220	41195	21	8
15221	41197	21	8
15222	41199	21	9
15223	41201	21	7
15224	41203	21	8
15225	41205	21	8
15226	41207	21	9
15227	41209	21	8
15228	41211	21	9
15229	41213	21	9
15230	41223	21	6
15231	41225	21	5
15232	41227	21	6
15233	41229	21	6
15234	41231	21	7
15235	41233	21	5
15236	41235	21	6
15237	41237	21	6
15238	41239	21	7
15239	41241	21	6
15240	41243	21	7
15241	41245	21	7
15242	41247	21	8
15243	41249	21	5
15244	41251	21	6
15245	41253	21	6
15246	41255	21	7
15247	41257	21	6
15248	41259	21	7
15249	41261	21	7
15250	41263	21	8
15251	41265	21	6
15252	41267	21	7
15253	41269	21	7
15254	41271	21	8
15255	41273	21	7
15256	41275	21	8
15257	41277	21	8
15258	41279	21	9
15259	41283	21	6
15260	41285	21	6
15261	41287	21	7
15262	41289	21	6
15263	41291	21	7
15264	41293	21	7
15265	41295	21	8
15266	41297	21	6
15267	41299	21	7
15268	41301	21	7
15269	41303	21	8
15270	41305	21	7
15271	41307	21	8
15272	41309	21	8
15273	41311	21	9
15274	41313	21	6
15275	41315	21	7
15276	41317	21	7
15277	41319	21	8
15278	41321	21	7
15279	41323	21	8
15280	41325	21	8
15281	41327	21	9
15282	41329	21	7
15283	41331	21	8
15284	41333	21	8
15285	41335	21	9
15286	41337	21	8
15287	41339	21	9
15288	41341	21	9
15289	41347	21	6
15290	41349	21	6
15291	41351	21	7
15292	41353	21	6
15293	41355	21	7
15294	41357	21	7
15295	41359	21	8
15296	41361	21	6
15297	41363	21	7
15298	41365	21	7
15299	41367	21	8
15300	41369	21	7
15301	41371	21	8
15302	41373	21	8
15303	41375	21	9
15304	41377	21	6
15305	41379	21	7
15306	41381	21	7
15307	41383	21	8
15308	41385	21	7
15309	41387	21	8
15310	41389	21	8
15311	41391	21	9
15312	41393	21	7
15313	41395	21	8
15314	41397	21	8
15315	41399	21	9
15316	41401	21	8
15317	41403	21	9
15318	41405	21	9
15319	41411	21	7
15320	41413	21	7
15321	41415	21	8
15322	41417	21	7
15323	41419	21	8
15324	41421	21	8
15325	41423	21	9
15326	41425	21	7
15327	41427	21	8
15328	41429	21	8
15329	41431	21	9
15330	41433	21	8
15331	41435	21	9
15332	41437	21	9
15333	41441	21	7
15334	41443	21	8
15335	41445	21	8
15336	41447	21	9
15337	41449	21	8
15338	41451	21	9
15339	41453	21	9
15340	41457	21	8
15341	41459	21	9
15342	41461	21	9
15343	41465	21	9
15344	41483	21	6
15345	41485	21	6
15346	41487	21	7
15347	41489	21	5
15348	41491	21	6
15349	41493	21	6
15350	41495	21	7
15351	41497	21	6
15352	41499	21	7
15353	41501	21	7
15354	41503	21	8
15355	41505	21	5
15356	41507	21	6
15357	41509	21	6
15358	41511	21	7
15359	41513	21	6
15360	41515	21	7
15361	41517	21	7
15362	41519	21	8
15363	41521	21	6
15364	41523	21	7
15365	41525	21	7
15366	41527	21	8
15367	41529	21	7
15368	41531	21	8
15369	41533	21	8
15370	41535	21	9
15371	41539	21	6
15372	41541	21	6
15373	41543	21	7
15374	41545	21	6
15375	41547	21	7
15376	41549	21	7
15377	41551	21	8
15378	41553	21	6
15379	41555	21	7
15380	41557	21	7
15381	41559	21	8
15382	41561	21	7
15383	41563	21	8
15384	41565	21	8
15385	41567	21	9
15386	41569	21	6
15387	41571	21	7
15388	41573	21	7
15389	41575	21	8
15390	41577	21	7
15391	41579	21	8
15392	41581	21	8
15393	41583	21	9
15394	41585	21	7
15395	41587	21	8
15396	41589	21	8
15397	41591	21	9
15398	41593	21	8
15399	41595	21	9
15400	41597	21	9
15401	41603	21	6
15402	41605	21	6
15403	41607	21	7
15404	41609	21	6
15405	41611	21	7
15406	41613	21	7
15407	41615	21	8
15408	41617	21	6
15409	41619	21	7
15410	41621	21	7
15411	41623	21	8
15412	41625	21	7
15413	41627	21	8
15414	41629	21	8
15415	41631	21	9
15416	41633	21	6
15417	41635	21	7
15418	41637	21	7
15419	41639	21	8
15420	41641	21	7
15421	41643	21	8
15422	41645	21	8
15423	41647	21	9
15424	41649	21	7
15425	41651	21	8
15426	41653	21	8
15427	41655	21	9
15428	41657	21	8
15429	41659	21	9
15430	41661	21	9
15431	41667	21	7
15432	41669	21	7
15433	41671	21	8
15434	41673	21	7
15435	41675	21	8
15436	41677	21	8
15437	41679	21	9
15438	41681	21	7
15439	41683	21	8
15440	41685	21	8
15441	41687	21	9
15442	41689	21	8
15443	41691	21	9
15444	41693	21	9
15445	41697	21	7
15446	41699	21	8
15447	41701	21	8
15448	41703	21	9
15449	41705	21	8
15450	41707	21	9
15451	41709	21	9
15452	41713	21	8
15453	41715	21	9
15454	41717	21	9
15455	41721	21	9
15456	41735	21	7
15457	41737	21	6
15458	41739	21	7
15459	41741	21	7
15460	41743	21	8
15461	41745	21	6
15462	41747	21	7
15463	41749	21	7
15464	41751	21	8
15465	41753	21	7
15466	41755	21	8
15467	41757	21	8
15468	41759	21	9
15469	41761	21	6
15470	41763	21	7
15471	41765	21	7
15472	41767	21	8
15473	41769	21	7
15474	41771	21	8
15475	41773	21	8
15476	41775	21	9
15477	41777	21	7
15478	41779	21	8
15479	41781	21	8
15480	41783	21	9
15481	41785	21	8
15482	41787	21	9
15483	41789	21	9
15484	41795	21	7
15485	41797	21	7
15486	41799	21	8
15487	41801	21	7
15488	41803	21	8
15489	41805	21	8
15490	41807	21	9
15491	41809	21	7
15492	41811	21	8
15493	41813	21	8
15494	41815	21	9
15495	41817	21	8
15496	41819	21	9
15497	41821	21	9
15498	41825	21	7
15499	41827	21	8
15500	41829	21	8
15501	41831	21	9
15502	41833	21	8
15503	41835	21	9
15504	41837	21	9
15505	41841	21	8
15506	41843	21	9
15507	41845	21	9
15508	41849	21	9
15509	41859	21	7
15510	41861	21	7
15511	41863	21	8
15512	41865	21	7
15513	41867	21	8
15514	41869	21	8
15515	41871	21	9
15516	41873	21	7
15517	41875	21	8
15518	41877	21	8
15519	41879	21	9
15520	41881	21	8
15521	41883	21	9
15522	41885	21	9
15523	41889	21	7
15524	41891	21	8
15525	41893	21	8
15526	41895	21	9
15527	41897	21	8
15528	41899	21	9
15529	41901	21	9
15530	41905	21	8
15531	41907	21	9
15532	41909	21	9
15533	41913	21	9
15534	41923	21	8
15535	41925	21	8
15536	41927	21	9
15537	41929	21	8
15538	41931	21	9
15539	41933	21	9
15540	41937	21	8
15541	41939	21	9
15542	41941	21	9
15543	41945	21	9
15544	41953	21	8
15545	41955	21	9
15546	41957	21	9
15547	41961	21	9
15548	41969	21	9
15549	42005	21	6
15550	42007	21	7
15551	42009	21	6
15552	42011	21	7
15553	42013	21	7
15554	42015	21	8
15555	42017	21	5
15556	42019	21	6
15557	42021	21	6
15558	42023	21	7
15559	42025	21	6
15560	42027	21	7
15561	42029	21	7
15562	42031	21	8
15563	42033	21	6
15564	42035	21	7
15565	42037	21	7
15566	42039	21	8
15567	42041	21	7
15568	42043	21	8
15569	42045	21	8
15570	42047	21	9
15571	42051	21	6
15572	42053	21	6
15573	42055	21	7
15574	42057	21	6
15575	42059	21	7
15576	42061	21	7
15577	42063	21	8
15578	42065	21	6
15579	42067	21	7
15580	42069	21	7
15581	42071	21	8
15582	42073	21	7
15583	42075	21	8
15584	42077	21	8
15585	42079	21	9
15586	42081	21	6
15587	42083	21	7
15588	42085	21	7
15589	42087	21	8
15590	42089	21	7
15591	42091	21	8
15592	42093	21	8
15593	42095	21	9
15594	42097	21	7
15595	42099	21	8
15596	42101	21	8
15597	42103	21	9
15598	42105	21	8
15599	42107	21	9
15600	42109	21	9
15601	42115	21	6
15602	42117	21	6
15603	42119	21	7
15604	42121	21	6
15605	42123	21	7
15606	42125	21	7
15607	42127	21	8
15608	42129	21	6
15609	42131	21	7
15610	42133	21	7
15611	42135	21	8
15612	42137	21	7
15613	42139	21	8
15614	42141	21	8
15615	42143	21	9
15616	42145	21	6
15617	42147	21	7
15618	42149	21	7
15619	42151	21	8
15620	42153	21	7
15621	42155	21	8
15622	42157	21	8
15623	42159	21	9
15624	42161	21	7
15625	42163	21	8
15626	42165	21	8
15627	42167	21	9
15628	42169	21	8
15629	42171	21	9
15630	42173	21	9
15631	42179	21	7
15632	42181	21	7
15633	42183	21	8
15634	42185	21	7
15635	42187	21	8
15636	42189	21	8
15637	42191	21	9
15638	42193	21	7
15639	42195	21	8
15640	42197	21	8
15641	42199	21	9
15642	42201	21	8
15643	42203	21	9
15644	42205	21	9
15645	42209	21	7
15646	42211	21	8
15647	42213	21	8
15648	42215	21	9
15649	42217	21	8
15650	42219	21	9
15651	42221	21	9
15652	42225	21	8
15653	42227	21	9
15654	42229	21	9
15655	42233	21	9
15656	42247	21	7
15657	42249	21	6
15658	42251	21	7
15659	42253	21	7
15660	42255	21	8
15661	42257	21	6
15662	42259	21	7
15663	42261	21	7
15664	42263	21	8
15665	42265	21	7
15666	42267	21	8
15667	42269	21	8
15668	42271	21	9
15669	42273	21	6
15670	42275	21	7
15671	42277	21	7
15672	42279	21	8
15673	42281	21	7
15674	42283	21	8
15675	42285	21	8
15676	42287	21	9
15677	42289	21	7
15678	42291	21	8
15679	42293	21	8
15680	42295	21	9
15681	42297	21	8
15682	42299	21	9
15683	42301	21	9
15684	42307	21	7
15685	42309	21	7
15686	42311	21	8
15687	42313	21	7
15688	42315	21	8
15689	42317	21	8
15690	42319	21	9
15691	42321	21	7
15692	42323	21	8
15693	42325	21	8
15694	42327	21	9
15695	42329	21	8
15696	42331	21	9
15697	42333	21	9
15698	42337	21	7
15699	42339	21	8
15700	42341	21	8
15701	42343	21	9
15702	42345	21	8
15703	42347	21	9
15704	42349	21	9
15705	42353	21	8
15706	42355	21	9
15707	42357	21	9
15708	42361	21	9
15709	42371	21	7
15710	42373	21	7
15711	42375	21	8
15712	42377	21	7
15713	42379	21	8
15714	42381	21	8
15715	42383	21	9
15716	42385	21	7
15717	42387	21	8
15718	42389	21	8
15719	42391	21	9
15720	42393	21	8
15721	42395	21	9
15722	42397	21	9
15723	42401	21	7
15724	42403	21	8
15725	42405	21	8
15726	42407	21	9
15727	42409	21	8
15728	42411	21	9
15729	42413	21	9
15730	42417	21	8
15731	42419	21	9
15732	42421	21	9
15733	42425	21	9
15734	42435	21	8
15735	42437	21	8
15736	42439	21	9
15737	42441	21	8
15738	42443	21	9
15739	42445	21	9
15740	42449	21	8
15741	42451	21	9
15742	42453	21	9
15743	42457	21	9
15744	42465	21	8
15745	42467	21	9
15746	42469	21	9
15747	42473	21	9
15748	42481	21	9
15749	42507	21	7
15750	42509	21	7
15751	42511	21	8
15752	42513	21	6
15753	42515	21	7
15754	42517	21	7
15755	42519	21	8
15756	42521	21	7
15757	42523	21	8
15758	42525	21	8
15759	42527	21	9
15760	42529	21	6
15761	42531	21	7
15762	42533	21	7
15763	42535	21	8
15764	42537	21	7
15765	42539	21	8
15766	42541	21	8
15767	42543	21	9
15768	42545	21	7
15769	42547	21	8
15770	42549	21	8
15771	42551	21	9
15772	42553	21	8
15773	42555	21	9
15774	42557	21	9
15775	42563	21	7
15776	42565	21	7
15777	42567	21	8
15778	42569	21	7
15779	42571	21	8
15780	42573	21	8
15781	42575	21	9
15782	42577	21	7
15783	42579	21	8
15784	42581	21	8
15785	42583	21	9
15786	42585	21	8
15787	42587	21	9
15788	42589	21	9
15789	42593	21	7
15790	42595	21	8
15791	42597	21	8
15792	42599	21	9
15793	42601	21	8
15794	42603	21	9
15795	42605	21	9
15796	42609	21	8
15797	42611	21	9
15798	42613	21	9
15799	42617	21	9
15800	42627	21	7
15801	42629	21	7
15802	42631	21	8
15803	42633	21	7
15804	42635	21	8
15805	42637	21	8
15806	42639	21	9
15807	42641	21	7
15808	42643	21	8
15809	42645	21	8
15810	42647	21	9
15811	42649	21	8
15812	42651	21	9
15813	42653	21	9
15814	42657	21	7
15815	42659	21	8
15816	42661	21	8
15817	42663	21	9
15818	42665	21	8
15819	42667	21	9
15820	42669	21	9
15821	42673	21	8
15822	42675	21	9
15823	42677	21	9
15824	42681	21	9
15825	42691	21	8
15826	42693	21	8
15827	42695	21	9
15828	42697	21	8
15829	42699	21	9
15830	42701	21	9
15831	42705	21	8
15832	42707	21	9
15833	42709	21	9
15834	42713	21	9
15835	42721	21	8
15836	42723	21	9
15837	42725	21	9
15838	42729	21	9
15839	42737	21	9
15840	42759	21	8
15841	42761	21	7
15842	42763	21	8
15843	42765	21	8
15844	42767	21	9
15845	42769	21	7
15846	42771	21	8
15847	42773	21	8
15848	42775	21	9
15849	42777	21	8
15850	42779	21	9
15851	42781	21	9
15852	42785	21	7
15853	42787	21	8
15854	42789	21	8
15855	42791	21	9
15856	42793	21	8
15857	42795	21	9
15858	42797	21	9
15859	42801	21	8
15860	42803	21	9
15861	42805	21	9
15862	42809	21	9
15863	42819	21	8
15864	42821	21	8
15865	42823	21	9
15866	42825	21	8
15867	42827	21	9
15868	42829	21	9
15869	42833	21	8
15870	42835	21	9
15871	42837	21	9
15872	42841	21	9
15873	42849	21	8
15874	42851	21	9
15875	42853	21	9
15876	42857	21	9
15877	42865	21	9
15878	42883	21	8
15879	42885	21	8
15880	42887	21	9
15881	42889	21	8
15882	42891	21	9
15883	42893	21	9
15884	42897	21	8
15885	42899	21	9
15886	42901	21	9
15887	42905	21	9
15888	42913	21	8
15889	42915	21	9
15890	42917	21	9
15891	42921	21	9
15892	42929	21	9
15893	42947	21	9
15894	42949	21	9
15895	42953	21	9
15896	42961	21	9
15897	42977	21	9
15898	43051	21	7
15899	43053	21	7
15900	43055	21	8
15901	43057	21	6
15902	43059	21	7
15903	43061	21	7
15904	43063	21	8
15905	43065	21	7
15906	43067	21	8
15907	43069	21	8
15908	43071	21	9
15909	43075	21	6
15910	43077	21	6
15911	43079	21	7
15912	43081	21	6
15913	43083	21	7
15914	43085	21	7
15915	43087	21	8
15916	43089	21	6
15917	43091	21	7
15918	43093	21	7
15919	43095	21	8
15920	43097	21	7
15921	43099	21	8
15922	43101	21	8
15923	43103	21	9
15924	43105	21	6
15925	43107	21	7
15926	43109	21	7
15927	43111	21	8
15928	43113	21	7
15929	43115	21	8
15930	43117	21	8
15931	43119	21	9
15932	43121	21	7
15933	43123	21	8
15934	43125	21	8
15935	43127	21	9
15936	43129	21	8
15937	43131	21	9
15938	43133	21	9
15939	43139	21	6
15940	43141	21	6
15941	43143	21	7
15942	43145	21	6
15943	43147	21	7
15944	43149	21	7
15945	43151	21	8
15946	43153	21	6
15947	43155	21	7
15948	43157	21	7
15949	43159	21	8
15950	43161	21	7
15951	43163	21	8
15952	43165	21	8
15953	43167	21	9
15954	43169	21	6
15955	43171	21	7
15956	43173	21	7
15957	43175	21	8
15958	43177	21	7
15959	43179	21	8
15960	43181	21	8
15961	43183	21	9
15962	43185	21	7
15963	43187	21	8
15964	43189	21	8
15965	43191	21	9
15966	43193	21	8
15967	43195	21	9
15968	43197	21	9
15969	43203	21	7
15970	43205	21	7
15971	43207	21	8
15972	43209	21	7
15973	43211	21	8
15974	43213	21	8
15975	43215	21	9
15976	43217	21	7
15977	43219	21	8
15978	43221	21	8
15979	43223	21	9
15980	43225	21	8
15981	43227	21	9
15982	43229	21	9
15983	43233	21	7
15984	43235	21	8
15985	43237	21	8
15986	43239	21	9
15987	43241	21	8
15988	43243	21	9
15989	43245	21	9
15990	43249	21	8
15991	43251	21	9
15992	43253	21	9
15993	43257	21	9
15994	43271	21	7
15995	43273	21	6
15996	43275	21	7
15997	43277	21	7
15998	43279	21	8
15999	43281	21	6
16000	43283	21	7
16001	43285	21	7
16002	43287	21	8
16003	43289	21	7
16004	43291	21	8
16005	43293	21	8
16006	43295	21	9
16007	43297	21	6
16008	43299	21	7
16009	43301	21	7
16010	43303	21	8
16011	43305	21	7
16012	43307	21	8
16013	43309	21	8
16014	43311	21	9
16015	43313	21	7
16016	43315	21	8
16017	43317	21	8
16018	43319	21	9
16019	43321	21	8
16020	43323	21	9
16021	43325	21	9
16022	43331	21	7
16023	43333	21	7
16024	43335	21	8
16025	43337	21	7
16026	43339	21	8
16027	43341	21	8
16028	43343	21	9
16029	43345	21	7
16030	43347	21	8
16031	43349	21	8
16032	43351	21	9
16033	43353	21	8
16034	43355	21	9
16035	43357	21	9
16036	43361	21	7
16037	43363	21	8
16038	43365	21	8
16039	43367	21	9
16040	43369	21	8
16041	43371	21	9
16042	43373	21	9
16043	43377	21	8
16044	43379	21	9
16045	43381	21	9
16046	43385	21	9
16047	43395	21	7
16048	43397	21	7
16049	43399	21	8
16050	43401	21	7
16051	43403	21	8
16052	43405	21	8
16053	43407	21	9
16054	43409	21	7
16055	43411	21	8
16056	43413	21	8
16057	43415	21	9
16058	43417	21	8
16059	43419	21	9
16060	43421	21	9
16061	43425	21	7
16062	43427	21	8
16063	43429	21	8
16064	43431	21	9
16065	43433	21	8
16066	43435	21	9
16067	43437	21	9
16068	43441	21	8
16069	43443	21	9
16070	43445	21	9
16071	43449	21	9
16072	43459	21	8
16073	43461	21	8
16074	43463	21	9
16075	43465	21	8
16076	43467	21	9
16077	43469	21	9
16078	43473	21	8
16079	43475	21	9
16080	43477	21	9
16081	43481	21	9
16082	43489	21	8
16083	43491	21	9
16084	43493	21	9
16085	43497	21	9
16086	43505	21	9
16087	43531	21	7
16088	43533	21	7
16089	43535	21	8
16090	43537	21	6
16091	43539	21	7
16092	43541	21	7
16093	43543	21	8
16094	43545	21	7
16095	43547	21	8
16096	43549	21	8
16097	43551	21	9
16098	43553	21	6
16099	43555	21	7
16100	43557	21	7
16101	43559	21	8
16102	43561	21	7
16103	43563	21	8
16104	43565	21	8
16105	43567	21	9
16106	43569	21	7
16107	43571	21	8
16108	43573	21	8
16109	43575	21	9
16110	43577	21	8
16111	43579	21	9
16112	43581	21	9
16113	43587	21	7
16114	43589	21	7
16115	43591	21	8
16116	43593	21	7
16117	43595	21	8
16118	43597	21	8
16119	43599	21	9
16120	43601	21	7
16121	43603	21	8
16122	43605	21	8
16123	43607	21	9
16124	43609	21	8
16125	43611	21	9
16126	43613	21	9
16127	43617	21	7
16128	43619	21	8
16129	43621	21	8
16130	43623	21	9
16131	43625	21	8
16132	43627	21	9
16133	43629	21	9
16134	43633	21	8
16135	43635	21	9
16136	43637	21	9
16137	43641	21	9
16138	43651	21	7
16139	43653	21	7
16140	43655	21	8
16141	43657	21	7
16142	43659	21	8
16143	43661	21	8
16144	43663	21	9
16145	43665	21	7
16146	43667	21	8
16147	43669	21	8
16148	43671	21	9
16149	43673	21	8
16150	43675	21	9
16151	43677	21	9
16152	43681	21	7
16153	43683	21	8
16154	43685	21	8
16155	43687	21	9
16156	43689	21	8
16157	43691	21	9
16158	43693	21	9
16159	43697	21	8
16160	43699	21	9
16161	43701	21	9
16162	43705	21	9
16163	43715	21	8
16164	43717	21	8
16165	43719	21	9
16166	43721	21	8
16167	43723	21	9
16168	43725	21	9
16169	43729	21	8
16170	43731	21	9
16171	43733	21	9
16172	43737	21	9
16173	43745	21	8
16174	43747	21	9
16175	43749	21	9
16176	43753	21	9
16177	43761	21	9
16178	43783	21	8
16179	43785	21	7
16180	43787	21	8
16181	43789	21	8
16182	43791	21	9
16183	43793	21	7
16184	43795	21	8
16185	43797	21	8
16186	43799	21	9
16187	43801	21	8
16188	43803	21	9
16189	43805	21	9
16190	43809	21	7
16191	43811	21	8
16192	43813	21	8
16193	43815	21	9
16194	43817	21	8
16195	43819	21	9
16196	43821	21	9
16197	43825	21	8
16198	43827	21	9
16199	43829	21	9
16200	43833	21	9
16201	43843	21	8
16202	43845	21	8
16203	43847	21	9
16204	43849	21	8
16205	43851	21	9
16206	43853	21	9
16207	43857	21	8
16208	43859	21	9
16209	43861	21	9
16210	43865	21	9
16211	43873	21	8
16212	43875	21	9
16213	43877	21	9
16214	43881	21	9
16215	43889	21	9
16216	43907	21	8
16217	43909	21	8
16218	43911	21	9
16219	43913	21	8
16220	43915	21	9
16221	43917	21	9
16222	43921	21	8
16223	43923	21	9
16224	43925	21	9
16225	43929	21	9
16226	43937	21	8
16227	43939	21	9
16228	43941	21	9
16229	43945	21	9
16230	43953	21	9
16231	43971	21	9
16232	43973	21	9
16233	43977	21	9
16234	43985	21	9
16235	44001	21	9
16236	44055	21	8
16237	44057	21	7
16238	44059	21	8
16239	44061	21	8
16240	44063	21	9
16241	44065	21	6
16242	44067	21	7
16243	44069	21	7
16244	44071	21	8
16245	44073	21	7
16246	44075	21	8
16247	44077	21	8
16248	44079	21	9
16249	44081	21	7
16250	44083	21	8
16251	44085	21	8
16252	44087	21	9
16253	44089	21	8
16254	44091	21	9
16255	44093	21	9
16256	44099	21	7
16257	44101	21	7
16258	44103	21	8
16259	44105	21	7
16260	44107	21	8
16261	44109	21	8
16262	44111	21	9
16263	44113	21	7
16264	44115	21	8
16265	44117	21	8
16266	44119	21	9
16267	44121	21	8
16268	44123	21	9
16269	44125	21	9
16270	44129	21	7
16271	44131	21	8
16272	44133	21	8
16273	44135	21	9
16274	44137	21	8
16275	44139	21	9
16276	44141	21	9
16277	44145	21	8
16278	44147	21	9
16279	44149	21	9
16280	44153	21	9
16281	44163	21	7
16282	44165	21	7
16283	44167	21	8
16284	44169	21	7
16285	44171	21	8
16286	44173	21	8
16287	44175	21	9
16288	44177	21	7
16289	44179	21	8
16290	44181	21	8
16291	44183	21	9
16292	44185	21	8
16293	44187	21	9
16294	44189	21	9
16295	44193	21	7
16296	44195	21	8
16297	44197	21	8
16298	44199	21	9
16299	44201	21	8
16300	44203	21	9
16301	44205	21	9
16302	44209	21	8
16303	44211	21	9
16304	44213	21	9
16305	44217	21	9
16306	44227	21	8
16307	44229	21	8
16308	44231	21	9
16309	44233	21	8
16310	44235	21	9
16311	44237	21	9
16312	44241	21	8
16313	44243	21	9
16314	44245	21	9
16315	44249	21	9
16316	44257	21	8
16317	44259	21	9
16318	44261	21	9
16319	44265	21	9
16320	44273	21	9
16321	44295	21	8
16322	44297	21	7
16323	44299	21	8
16324	44301	21	8
16325	44303	21	9
16326	44305	21	7
16327	44307	21	8
16328	44309	21	8
16329	44311	21	9
16330	44313	21	8
16331	44315	21	9
16332	44317	21	9
16333	44321	21	7
16334	44323	21	8
16335	44325	21	8
16336	44327	21	9
16337	44329	21	8
16338	44331	21	9
16339	44333	21	9
16340	44337	21	8
16341	44339	21	9
16342	44341	21	9
16343	44345	21	9
16344	44355	21	8
16345	44357	21	8
16346	44359	21	9
16347	44361	21	8
16348	44363	21	9
16349	44365	21	9
16350	44369	21	8
16351	44371	21	9
16352	44373	21	9
16353	44377	21	9
16354	44385	21	8
16355	44387	21	9
16356	44389	21	9
16357	44393	21	9
16358	44401	21	9
16359	44419	21	8
16360	44421	21	8
16361	44423	21	9
16362	44425	21	8
16363	44427	21	9
16364	44429	21	9
16365	44433	21	8
16366	44435	21	9
16367	44437	21	9
16368	44441	21	9
16369	44449	21	8
16370	44451	21	9
16371	44453	21	9
16372	44457	21	9
16373	44465	21	9
16374	44483	21	9
16375	44485	21	9
16376	44489	21	9
16377	44497	21	9
16378	44513	21	9
16379	44555	21	8
16380	44557	21	8
16381	44559	21	9
16382	44561	21	7
16383	44563	21	8
16384	44565	21	8
16385	44567	21	9
16386	44569	21	8
16387	44571	21	9
16388	44573	21	9
16389	44577	21	7
16390	44579	21	8
16391	44581	21	8
16392	44583	21	9
16393	44585	21	8
16394	44587	21	9
16395	44589	21	9
16396	44593	21	8
16397	44595	21	9
16398	44597	21	9
16399	44601	21	9
16400	44611	21	8
16401	44613	21	8
16402	44615	21	9
16403	44617	21	8
16404	44619	21	9
16405	44621	21	9
16406	44625	21	8
16407	44627	21	9
16408	44629	21	9
16409	44633	21	9
16410	44641	21	8
16411	44643	21	9
16412	44645	21	9
16413	44649	21	9
16414	44657	21	9
16415	44675	21	8
16416	44677	21	8
16417	44679	21	9
16418	44681	21	8
16419	44683	21	9
16420	44685	21	9
16421	44689	21	8
16422	44691	21	9
16423	44693	21	9
16424	44697	21	9
16425	44705	21	8
16426	44707	21	9
16427	44709	21	9
16428	44713	21	9
16429	44721	21	9
16430	44739	21	9
16431	44741	21	9
16432	44745	21	9
16433	44753	21	9
16434	44769	21	9
16435	44807	21	9
16436	44809	21	8
16437	44811	21	9
16438	44813	21	9
16439	44817	21	8
16440	44819	21	9
16441	44821	21	9
16442	44825	21	9
16443	44833	21	8
16444	44835	21	9
16445	44837	21	9
16446	44841	21	9
16447	44849	21	9
16448	44867	21	9
16449	44869	21	9
16450	44873	21	9
16451	44881	21	9
16452	44897	21	9
16453	44931	21	9
16454	44933	21	9
16455	44937	21	9
16456	44945	21	9
16457	44961	21	9
16458	45145	21	7
16459	45147	21	8
16460	45149	21	8
16461	45151	21	9
16462	45153	21	6
16463	45155	21	7
16464	45157	21	7
16465	45159	21	8
16466	45161	21	7
16467	45163	21	8
16468	45165	21	8
16469	45167	21	9
16470	45169	21	7
16471	45171	21	8
16472	45173	21	8
16473	45175	21	9
16474	45177	21	8
16475	45179	21	9
16476	45181	21	9
16477	45187	21	6
16478	45189	21	6
16479	45191	21	7
16480	45193	21	6
16481	45195	21	7
16482	45197	21	7
16483	45199	21	8
16484	45201	21	6
16485	45203	21	7
16486	45205	21	7
16487	45207	21	8
16488	45209	21	7
16489	45211	21	8
16490	45213	21	8
16491	45215	21	9
16492	45217	21	6
16493	45219	21	7
16494	45221	21	7
16495	45223	21	8
16496	45225	21	7
16497	45227	21	8
16498	45229	21	8
16499	45231	21	9
16500	45233	21	7
16501	45235	21	8
16502	45237	21	8
16503	45239	21	9
16504	45241	21	8
16505	45243	21	9
16506	45245	21	9
16507	45251	21	7
16508	45253	21	7
16509	45255	21	8
16510	45257	21	7
16511	45259	21	8
16512	45261	21	8
16513	45263	21	9
16514	45265	21	7
16515	45267	21	8
16516	45269	21	8
16517	45271	21	9
16518	45273	21	8
16519	45275	21	9
16520	45277	21	9
16521	45281	21	7
16522	45283	21	8
16523	45285	21	8
16524	45287	21	9
16525	45289	21	8
16526	45291	21	9
16527	45293	21	9
16528	45297	21	8
16529	45299	21	9
16530	45301	21	9
16531	45305	21	9
16532	45319	21	7
16533	45321	21	6
16534	45323	21	7
16535	45325	21	7
16536	45327	21	8
16537	45329	21	6
16538	45331	21	7
16539	45333	21	7
16540	45335	21	8
16541	45337	21	7
16542	45339	21	8
16543	45341	21	8
16544	45343	21	9
16545	45345	21	6
16546	45347	21	7
16547	45349	21	7
16548	45351	21	8
16549	45353	21	7
16550	45355	21	8
16551	45357	21	8
16552	45359	21	9
16553	45361	21	7
16554	45363	21	8
16555	45365	21	8
16556	45367	21	9
16557	45369	21	8
16558	45371	21	9
16559	45373	21	9
16560	45379	21	7
16561	45381	21	7
16562	45383	21	8
16563	45385	21	7
16564	45387	21	8
16565	45389	21	8
16566	45391	21	9
16567	45393	21	7
16568	45395	21	8
16569	45397	21	8
16570	45399	21	9
16571	45401	21	8
16572	45403	21	9
16573	45405	21	9
16574	45409	21	7
16575	45411	21	8
16576	45413	21	8
16577	45415	21	9
16578	45417	21	8
16579	45419	21	9
16580	45421	21	9
16581	45425	21	8
16582	45427	21	9
16583	45429	21	9
16584	45433	21	9
16585	45443	21	7
16586	45445	21	7
16587	45447	21	8
16588	45449	21	7
16589	45451	21	8
16590	45453	21	8
16591	45455	21	9
16592	45457	21	7
16593	45459	21	8
16594	45461	21	8
16595	45463	21	9
16596	45465	21	8
16597	45467	21	9
16598	45469	21	9
16599	45473	21	7
16600	45475	21	8
16601	45477	21	8
16602	45479	21	9
16603	45481	21	8
16604	45483	21	9
16605	45485	21	9
16606	45489	21	8
16607	45491	21	9
16608	45493	21	9
16609	45497	21	9
16610	45507	21	8
16611	45509	21	8
16612	45511	21	9
16613	45513	21	8
16614	45515	21	9
16615	45517	21	9
16616	45521	21	8
16617	45523	21	9
16618	45525	21	9
16619	45529	21	9
16620	45537	21	8
16621	45539	21	9
16622	45541	21	9
16623	45545	21	9
16624	45553	21	9
16625	45581	21	7
16626	45583	21	8
16627	45585	21	6
16628	45587	21	7
16629	45589	21	7
16630	45591	21	8
16631	45593	21	7
16632	45595	21	8
16633	45597	21	8
16634	45599	21	9
16635	45601	21	6
16636	45603	21	7
16637	45605	21	7
16638	45607	21	8
16639	45609	21	7
16640	45611	21	8
16641	45613	21	8
16642	45615	21	9
16643	45617	21	7
16644	45619	21	8
16645	45621	21	8
16646	45623	21	9
16647	45625	21	8
16648	45627	21	9
16649	45629	21	9
16650	45635	21	7
16651	45637	21	7
16652	45639	21	8
16653	45641	21	7
16654	45643	21	8
16655	45645	21	8
16656	45647	21	9
16657	45649	21	7
16658	45651	21	8
16659	45653	21	8
16660	45655	21	9
16661	45657	21	8
16662	45659	21	9
16663	45661	21	9
16664	45665	21	7
16665	45667	21	8
16666	45669	21	8
16667	45671	21	9
16668	45673	21	8
16669	45675	21	9
16670	45677	21	9
16671	45681	21	8
16672	45683	21	9
16673	45685	21	9
16674	45689	21	9
16675	45699	21	7
16676	45701	21	7
16677	45703	21	8
16678	45705	21	7
16679	45707	21	8
16680	45709	21	8
16681	45711	21	9
16682	45713	21	7
16683	45715	21	8
16684	45717	21	8
16685	45719	21	9
16686	45721	21	8
16687	45723	21	9
16688	45725	21	9
16689	45729	21	7
16690	45731	21	8
16691	45733	21	8
16692	45735	21	9
16693	45737	21	8
16694	45739	21	9
16695	45741	21	9
16696	45745	21	8
16697	45747	21	9
16698	45749	21	9
16699	45753	21	9
16700	45763	21	8
16701	45765	21	8
16702	45767	21	9
16703	45769	21	8
16704	45771	21	9
16705	45773	21	9
16706	45777	21	8
16707	45779	21	9
16708	45781	21	9
16709	45785	21	9
16710	45793	21	8
16711	45795	21	9
16712	45797	21	9
16713	45801	21	9
16714	45809	21	9
16715	45831	21	8
16716	45833	21	7
16717	45835	21	8
16718	45837	21	8
16719	45839	21	9
16720	45841	21	7
16721	45843	21	8
16722	45845	21	8
16723	45847	21	9
16724	45849	21	8
16725	45851	21	9
16726	45853	21	9
16727	45857	21	7
16728	45859	21	8
16729	45861	21	8
16730	45863	21	9
16731	45865	21	8
16732	45867	21	9
16733	45869	21	9
16734	45873	21	8
16735	45875	21	9
16736	45877	21	9
16737	45881	21	9
16738	45891	21	8
16739	45893	21	8
16740	45895	21	9
16741	45897	21	8
16742	45899	21	9
16743	45901	21	9
16744	45905	21	8
16745	45907	21	9
16746	45909	21	9
16747	45913	21	9
16748	45921	21	8
16749	45923	21	9
16750	45925	21	9
16751	45929	21	9
16752	45937	21	9
16753	45955	21	8
16754	45957	21	8
16755	45959	21	9
16756	45961	21	8
16757	45963	21	9
16758	45965	21	9
16759	45969	21	8
16760	45971	21	9
16761	45973	21	9
16762	45977	21	9
16763	45985	21	8
16764	45987	21	9
16765	45989	21	9
16766	45993	21	9
16767	46001	21	9
16768	46019	21	9
16769	46021	21	9
16770	46025	21	9
16771	46033	21	9
16772	46049	21	9
16773	46103	21	8
16774	46105	21	7
16775	46107	21	8
16776	46109	21	8
16777	46111	21	9
16778	46113	21	6
16779	46115	21	7
16780	46117	21	7
16781	46119	21	8
16782	46121	21	7
16783	46123	21	8
16784	46125	21	8
16785	46127	21	9
16786	46129	21	7
16787	46131	21	8
16788	46133	21	8
16789	46135	21	9
16790	46137	21	8
16791	46139	21	9
16792	46141	21	9
16793	46147	21	7
16794	46149	21	7
16795	46151	21	8
16796	46153	21	7
16797	46155	21	8
16798	46157	21	8
16799	46159	21	9
16800	46161	21	7
16801	46163	21	8
16802	46165	21	8
16803	46167	21	9
16804	46169	21	8
16805	46171	21	9
16806	46173	21	9
16807	46177	21	7
16808	46179	21	8
16809	46181	21	8
16810	46183	21	9
16811	46185	21	8
16812	46187	21	9
16813	46189	21	9
16814	46193	21	8
16815	46195	21	9
16816	46197	21	9
16817	46201	21	9
16818	46211	21	7
16819	46213	21	7
16820	46215	21	8
16821	46217	21	7
16822	46219	21	8
16823	46221	21	8
16824	46223	21	9
16825	46225	21	7
16826	46227	21	8
16827	46229	21	8
16828	46231	21	9
16829	46233	21	8
16830	46235	21	9
16831	46237	21	9
16832	46241	21	7
16833	46243	21	8
16834	46245	21	8
16835	46247	21	9
16836	46249	21	8
16837	46251	21	9
16838	46253	21	9
16839	46257	21	8
16840	46259	21	9
16841	46261	21	9
16842	46265	21	9
16843	46275	21	8
16844	46277	21	8
16845	46279	21	9
16846	46281	21	8
16847	46283	21	9
16848	46285	21	9
16849	46289	21	8
16850	46291	21	9
16851	46293	21	9
16852	46297	21	9
16853	46305	21	8
16854	46307	21	9
16855	46309	21	9
16856	46313	21	9
16857	46321	21	9
16858	46343	21	8
16859	46345	21	7
16860	46347	21	8
16861	46349	21	8
16862	46351	21	9
16863	46353	21	7
16864	46355	21	8
16865	46357	21	8
16866	46359	21	9
16867	46361	21	8
16868	46363	21	9
16869	46365	21	9
16870	46369	21	7
16871	46371	21	8
16872	46373	21	8
16873	46375	21	9
16874	46377	21	8
16875	46379	21	9
16876	46381	21	9
16877	46385	21	8
16878	46387	21	9
16879	46389	21	9
16880	46393	21	9
16881	46403	21	8
16882	46405	21	8
16883	46407	21	9
16884	46409	21	8
16885	46411	21	9
16886	46413	21	9
16887	46417	21	8
16888	46419	21	9
16889	46421	21	9
16890	46425	21	9
16891	46433	21	8
16892	46435	21	9
16893	46437	21	9
16894	46441	21	9
16895	46449	21	9
16896	46467	21	8
16897	46469	21	8
16898	46471	21	9
16899	46473	21	8
16900	46475	21	9
16901	46477	21	9
16902	46481	21	8
16903	46483	21	9
16904	46485	21	9
16905	46489	21	9
16906	46497	21	8
16907	46499	21	9
16908	46501	21	9
16909	46505	21	9
16910	46513	21	9
16911	46531	21	9
16912	46533	21	9
16913	46537	21	9
16914	46545	21	9
16915	46561	21	9
16916	46605	21	8
16917	46607	21	9
16918	46609	21	7
16919	46611	21	8
16920	46613	21	8
16921	46615	21	9
16922	46617	21	8
16923	46619	21	9
16924	46621	21	9
16925	46625	21	7
16926	46627	21	8
16927	46629	21	8
16928	46631	21	9
16929	46633	21	8
16930	46635	21	9
16931	46637	21	9
16932	46641	21	8
16933	46643	21	9
16934	46645	21	9
16935	46649	21	9
16936	46659	21	8
16937	46661	21	8
16938	46663	21	9
16939	46665	21	8
16940	46667	21	9
16941	46669	21	9
16942	46673	21	8
16943	46675	21	9
16944	46677	21	9
16945	46681	21	9
16946	46689	21	8
16947	46691	21	9
16948	46693	21	9
16949	46697	21	9
16950	46705	21	9
16951	46723	21	8
16952	46725	21	8
16953	46727	21	9
16954	46729	21	8
16955	46731	21	9
16956	46733	21	9
16957	46737	21	8
16958	46739	21	9
16959	46741	21	9
16960	46745	21	9
16961	46753	21	8
16962	46755	21	9
16963	46757	21	9
16964	46761	21	9
16965	46769	21	9
16966	46787	21	9
16967	46789	21	9
16968	46793	21	9
16969	46801	21	9
16970	46817	21	9
16971	46855	21	9
16972	46857	21	8
16973	46859	21	9
16974	46861	21	9
16975	46865	21	8
16976	46867	21	9
16977	46869	21	9
16978	46873	21	9
16979	46881	21	8
16980	46883	21	9
16981	46885	21	9
16982	46889	21	9
16983	46897	21	9
16984	46915	21	9
16985	46917	21	9
16986	46921	21	9
16987	46929	21	9
16988	46945	21	9
16989	46979	21	9
16990	46981	21	9
16991	46985	21	9
16992	46993	21	9
16993	47009	21	9
16994	47151	21	9
16995	47153	21	7
16996	47155	21	8
16997	47157	21	8
16998	47159	21	9
16999	47161	21	8
17000	47163	21	9
17001	47165	21	9
17002	47171	21	7
17003	47173	21	7
17004	47175	21	8
17005	47177	21	7
17006	47179	21	8
17007	47181	21	8
17008	47183	21	9
17009	47185	21	7
17010	47187	21	8
17011	47189	21	8
17012	47191	21	9
17013	47193	21	8
17014	47195	21	9
17015	47197	21	9
17016	47201	21	7
17017	47203	21	8
17018	47205	21	8
17019	47207	21	9
17020	47209	21	8
17021	47211	21	9
17022	47213	21	9
17023	47217	21	8
17024	47219	21	9
17025	47221	21	9
17026	47225	21	9
17027	47235	21	7
17028	47237	21	7
17029	47239	21	8
17030	47241	21	7
17031	47243	21	8
17032	47245	21	8
17033	47247	21	9
17034	47249	21	7
17035	47251	21	8
17036	47253	21	8
17037	47255	21	9
17038	47257	21	8
17039	47259	21	9
17040	47261	21	9
17041	47265	21	7
17042	47267	21	8
17043	47269	21	8
17044	47271	21	9
17045	47273	21	8
17046	47275	21	9
17047	47277	21	9
17048	47281	21	8
17049	47283	21	9
17050	47285	21	9
17051	47289	21	9
17052	47299	21	8
17053	47301	21	8
17054	47303	21	9
17055	47305	21	8
17056	47307	21	9
17057	47309	21	9
17058	47313	21	8
17059	47315	21	9
17060	47317	21	9
17061	47321	21	9
17062	47329	21	8
17063	47331	21	9
17064	47333	21	9
17065	47337	21	9
17066	47345	21	9
17067	47367	21	8
17068	47369	21	7
17069	47371	21	8
17070	47373	21	8
17071	47375	21	9
17072	47377	21	7
17073	47379	21	8
17074	47381	21	8
17075	47383	21	9
17076	47385	21	8
17077	47387	21	9
17078	47389	21	9
17079	47393	21	7
17080	47395	21	8
17081	47397	21	8
17082	47399	21	9
17083	47401	21	8
17084	47403	21	9
17085	47405	21	9
17086	47409	21	8
17087	47411	21	9
17088	47413	21	9
17089	47417	21	9
17090	47427	21	8
17091	47429	21	8
17092	47431	21	9
17093	47433	21	8
17094	47435	21	9
17095	47437	21	9
17096	47441	21	8
17097	47443	21	9
17098	47445	21	9
17099	47449	21	9
17100	47457	21	8
17101	47459	21	9
17102	47461	21	9
17103	47465	21	9
17104	47473	21	9
17105	47491	21	8
17106	47493	21	8
17107	47495	21	9
17108	47497	21	8
17109	47499	21	9
17110	47501	21	9
17111	47505	21	8
17112	47507	21	9
17113	47509	21	9
17114	47513	21	9
17115	47521	21	8
17116	47523	21	9
17117	47525	21	9
17118	47529	21	9
17119	47537	21	9
17120	47555	21	9
17121	47557	21	9
17122	47561	21	9
17123	47569	21	9
17124	47585	21	9
17125	47629	21	8
17126	47631	21	9
17127	47633	21	7
17128	47635	21	8
17129	47637	21	8
17130	47639	21	9
17131	47641	21	8
17132	47643	21	9
17133	47645	21	9
17134	47649	21	7
17135	47651	21	8
17136	47653	21	8
17137	47655	21	9
17138	47657	21	8
17139	47659	21	9
17140	47661	21	9
17141	47665	21	8
17142	47667	21	9
17143	47669	21	9
17144	47673	21	9
17145	47683	21	8
17146	47685	21	8
17147	47687	21	9
17148	47689	21	8
17149	47691	21	9
17150	47693	21	9
17151	47697	21	8
17152	47699	21	9
17153	47701	21	9
17154	47705	21	9
17155	47713	21	8
17156	47715	21	9
17157	47717	21	9
17158	47721	21	9
17159	47729	21	9
17160	47747	21	8
17161	47749	21	8
17162	47751	21	9
17163	47753	21	8
17164	47755	21	9
17165	47757	21	9
17166	47761	21	8
17167	47763	21	9
17168	47765	21	9
17169	47769	21	9
17170	47777	21	8
17171	47779	21	9
17172	47781	21	9
17173	47785	21	9
17174	47793	21	9
17175	47811	21	9
17176	47813	21	9
17177	47817	21	9
17178	47825	21	9
17179	47841	21	9
17180	47879	21	9
17181	47881	21	8
17182	47883	21	9
17183	47885	21	9
17184	47889	21	8
17185	47891	21	9
17186	47893	21	9
17187	47897	21	9
17188	47905	21	8
17189	47907	21	9
17190	47909	21	9
17191	47913	21	9
17192	47921	21	9
17193	47939	21	9
17194	47941	21	9
17195	47945	21	9
17196	47953	21	9
17197	47969	21	9
17198	48003	21	9
17199	48005	21	9
17200	48009	21	9
17201	48017	21	9
17202	48033	21	9
17203	48153	21	8
17204	48155	21	9
17205	48157	21	9
17206	48161	21	7
17207	48163	21	8
17208	48165	21	8
17209	48167	21	9
17210	48169	21	8
17211	48171	21	9
17212	48173	21	9
17213	48177	21	8
17214	48179	21	9
17215	48181	21	9
17216	48185	21	9
17217	48195	21	8
17218	48197	21	8
17219	48199	21	9
17220	48201	21	8
17221	48203	21	9
17222	48205	21	9
17223	48209	21	8
17224	48211	21	9
17225	48213	21	9
17226	48217	21	9
17227	48225	21	8
17228	48227	21	9
17229	48229	21	9
17230	48233	21	9
17231	48241	21	9
17232	48259	21	8
17233	48261	21	8
17234	48263	21	9
17235	48265	21	8
17236	48267	21	9
17237	48269	21	9
17238	48273	21	8
17239	48275	21	9
17240	48277	21	9
17241	48281	21	9
17242	48289	21	8
17243	48291	21	9
17244	48293	21	9
17245	48297	21	9
17246	48305	21	9
17247	48323	21	9
17248	48325	21	9
17249	48329	21	9
17250	48337	21	9
17251	48353	21	9
17252	48391	21	9
17253	48393	21	8
17254	48395	21	9
17255	48397	21	9
17256	48401	21	8
17257	48403	21	9
17258	48405	21	9
17259	48409	21	9
17260	48417	21	8
17261	48419	21	9
17262	48421	21	9
17263	48425	21	9
17264	48433	21	9
17265	48451	21	9
17266	48453	21	9
17267	48457	21	9
17268	48465	21	9
17269	48481	21	9
17270	48515	21	9
17271	48517	21	9
17272	48521	21	9
17273	48529	21	9
17274	48545	21	9
17275	48653	21	9
17276	48657	21	8
17277	48659	21	9
17278	48661	21	9
17279	48665	21	9
17280	48673	21	8
17281	48675	21	9
17282	48677	21	9
17283	48681	21	9
17284	48689	21	9
17285	48707	21	9
17286	48709	21	9
17287	48713	21	9
17288	48721	21	9
17289	48737	21	9
17290	48771	21	9
17291	48773	21	9
17292	48777	21	9
17293	48785	21	9
17294	48801	21	9
17295	48905	21	9
17296	48913	21	9
17297	48929	21	9
17298	49539	7	6
17299	49541	21	6
17300	49543	21	7
17301	49545	21	6
17302	49547	21	7
17303	49549	21	7
17304	49551	21	8
17305	49553	21	6
17306	49555	21	7
17307	49557	21	7
17308	49559	21	8
17309	49561	21	7
17310	49563	21	8
17311	49565	21	8
17312	49567	21	9
17313	49569	21	6
17314	49571	21	7
17315	49573	21	7
17316	49575	21	8
17317	49577	21	7
17318	49579	21	8
17319	49581	21	8
17320	49583	21	9
17321	49585	21	7
17322	49587	21	8
17323	49589	21	8
17324	49591	21	9
17325	49593	21	8
17326	49595	21	9
17327	49597	21	9
17328	49603	21	7
17329	49605	21	7
17330	49607	21	8
17331	49609	21	7
17332	49611	21	8
17333	49613	21	8
17334	49615	21	9
17335	49617	21	7
17336	49619	21	8
17337	49621	21	8
17338	49623	21	9
17339	49625	21	8
17340	49627	21	9
17341	49629	21	9
17342	49633	21	7
17343	49635	21	8
17344	49637	21	8
17345	49639	21	9
17346	49641	21	8
17347	49643	21	9
17348	49645	21	9
17349	49649	21	8
17350	49651	21	9
17351	49653	21	9
17352	49657	21	9
17353	49677	21	6
17354	49679	21	7
17355	49681	21	5
17356	49683	21	6
17357	49685	21	6
17358	49687	21	7
17359	49689	21	6
17360	49691	21	7
17361	49693	21	7
17362	49695	21	8
17363	49697	21	5
17364	49699	21	6
17365	49701	21	6
17366	49703	21	7
17367	49705	21	6
17368	49707	21	7
17369	49709	21	7
17370	49711	21	8
17371	49713	21	6
17372	49715	21	7
17373	49717	21	7
17374	49719	21	8
17375	49721	21	7
17376	49723	21	8
17377	49725	21	8
17378	49727	21	9
17379	49731	21	6
17380	49733	21	6
17381	49735	21	7
17382	49737	21	6
17383	49739	21	7
17384	49741	21	7
17385	49743	21	8
17386	49745	21	6
17387	49747	21	7
17388	49749	21	7
17389	49751	21	8
17390	49753	21	7
17391	49755	21	8
17392	49757	21	8
17393	49759	21	9
17394	49761	21	6
17395	49763	21	7
17396	49765	21	7
17397	49767	21	8
17398	49769	21	7
17399	49771	21	8
17400	49773	21	8
17401	49775	21	9
17402	49777	21	7
17403	49779	21	8
17404	49781	21	8
17405	49783	21	9
17406	49785	21	8
17407	49787	21	9
17408	49789	21	9
17409	49797	21	6
17410	49799	21	7
17411	49801	21	6
17412	49803	21	7
17413	49805	21	7
17414	49807	21	8
17415	49809	21	6
17416	49811	21	7
17417	49813	21	7
17418	49815	21	8
17419	49817	21	7
17420	49819	21	8
17421	49821	21	8
17422	49823	21	9
17423	49825	21	6
17424	49827	21	7
17425	49829	21	7
17426	49831	21	8
17427	49833	21	7
17428	49835	21	8
17429	49837	21	8
17430	49839	21	9
17431	49841	21	7
17432	49843	21	8
17433	49845	21	8
17434	49847	21	9
17435	49849	21	8
17436	49851	21	9
17437	49853	21	9
17438	49859	21	7
17439	49861	21	7
17440	49863	21	8
17441	49865	21	7
17442	49867	21	8
17443	49869	21	8
17444	49871	21	9
17445	49873	21	7
17446	49875	21	8
17447	49877	21	8
17448	49879	21	9
17449	49881	21	8
17450	49883	21	9
17451	49885	21	9
17452	49889	21	7
17453	49891	21	8
17454	49893	21	8
17455	49895	21	9
17456	49897	21	8
17457	49899	21	9
17458	49901	21	9
17459	49905	21	8
17460	49907	21	9
17461	49909	21	9
17462	49913	21	9
17463	49927	21	7
17464	49929	21	6
17465	49931	21	7
17466	49933	21	7
17467	49935	21	8
17468	49937	21	6
17469	49939	21	7
17470	49941	21	7
17471	49943	21	8
17472	49945	21	7
17473	49947	21	8
17474	49949	21	8
17475	49951	21	9
17476	49953	21	6
17477	49955	21	7
17478	49957	21	7
17479	49959	21	8
17480	49961	21	7
17481	49963	21	8
17482	49965	21	8
17483	49967	21	9
17484	49969	21	7
17485	49971	21	8
17486	49973	21	8
17487	49975	21	9
17488	49977	21	8
17489	49979	21	9
17490	49981	21	9
17491	49987	21	7
17492	49989	21	7
17493	49991	21	8
17494	49993	21	7
17495	49995	21	8
17496	49997	21	8
17497	49999	21	9
17498	50001	21	7
17499	50003	21	8
17500	50005	21	8
17501	50007	21	9
17502	50009	21	8
17503	50011	21	9
17504	50013	21	9
17505	50017	21	7
17506	50019	21	8
17507	50021	21	8
17508	50023	21	9
17509	50025	21	8
17510	50027	21	9
17511	50029	21	9
17512	50033	21	8
17513	50035	21	9
17514	50037	21	9
17515	50041	21	9
17516	50053	21	7
17517	50055	21	8
17518	50057	21	7
17519	50059	21	8
17520	50061	21	8
17521	50063	21	9
17522	50065	21	7
17523	50067	21	8
17524	50069	21	8
17525	50071	21	9
17526	50073	21	8
17527	50075	21	9
17528	50077	21	9
17529	50081	21	7
17530	50083	21	8
17531	50085	21	8
17532	50087	21	9
17533	50089	21	8
17534	50091	21	9
17535	50093	21	9
17536	50097	21	8
17537	50099	21	9
17538	50101	21	9
17539	50105	21	9
17540	50115	21	8
17541	50117	21	8
17542	50119	21	9
17543	50121	21	8
17544	50123	21	9
17545	50125	21	9
17546	50129	21	8
17547	50131	21	9
17548	50133	21	9
17549	50137	21	9
17550	50145	21	8
17551	50147	21	9
17552	50149	21	9
17553	50153	21	9
17554	50161	21	9
17555	50201	21	6
17556	50203	21	7
17557	50205	21	7
17558	50207	21	8
17559	50209	21	5
17560	50211	21	6
17561	50213	21	6
17562	50215	21	7
17563	50217	21	6
17564	50219	21	7
17565	50221	21	7
17566	50223	21	8
17567	50225	21	6
17568	50227	21	7
17569	50229	21	7
17570	50231	21	8
17571	50233	21	7
17572	50235	21	8
17573	50237	21	8
17574	50239	21	9
17575	50243	21	6
17576	50245	21	6
17577	50247	21	7
17578	50249	21	6
17579	50251	21	7
17580	50253	21	7
17581	50255	21	8
17582	50257	21	6
17583	50259	21	7
17584	50261	21	7
17585	50263	21	8
17586	50265	21	7
17587	50267	21	8
17588	50269	21	8
17589	50271	21	9
17590	50273	21	6
17591	50275	21	7
17592	50277	21	7
17593	50279	21	8
17594	50281	21	7
17595	50283	21	8
17596	50285	21	8
17597	50287	21	9
17598	50289	21	7
17599	50291	21	8
17600	50293	21	8
17601	50295	21	9
17602	50297	21	8
17603	50299	21	9
17604	50301	21	9
17605	50309	21	6
17606	50311	21	7
17607	50313	21	6
17608	50315	21	7
17609	50317	21	7
17610	50319	21	8
17611	50321	21	6
17612	50323	21	7
17613	50325	21	7
17614	50327	21	8
17615	50329	21	7
17616	50331	21	8
17617	50333	21	8
17618	50335	21	9
17619	50337	21	6
17620	50339	21	7
17621	50341	21	7
17622	50343	21	8
17623	50345	21	7
17624	50347	21	8
17625	50349	21	8
17626	50351	21	9
17627	50353	21	7
17628	50355	21	8
17629	50357	21	8
17630	50359	21	9
17631	50361	21	8
17632	50363	21	9
17633	50365	21	9
17634	50371	21	7
17635	50373	21	7
17636	50375	21	8
17637	50377	21	7
17638	50379	21	8
17639	50381	21	8
17640	50383	21	9
17641	50385	21	7
17642	50387	21	8
17643	50389	21	8
17644	50391	21	9
17645	50393	21	8
17646	50395	21	9
17647	50397	21	9
17648	50401	21	7
17649	50403	21	8
17650	50405	21	8
17651	50407	21	9
17652	50409	21	8
17653	50411	21	9
17654	50413	21	9
17655	50417	21	8
17656	50419	21	9
17657	50421	21	9
17658	50425	21	9
17659	50439	21	7
17660	50441	21	6
17661	50443	21	7
17662	50445	21	7
17663	50447	21	8
17664	50449	21	6
17665	50451	21	7
17666	50453	21	7
17667	50455	21	8
17668	50457	21	7
17669	50459	21	8
17670	50461	21	8
17671	50463	21	9
17672	50465	21	6
17673	50467	21	7
17674	50469	21	7
17675	50471	21	8
17676	50473	21	7
17677	50475	21	8
17678	50477	21	8
17679	50479	21	9
17680	50481	21	7
17681	50483	21	8
17682	50485	21	8
17683	50487	21	9
17684	50489	21	8
17685	50491	21	9
17686	50493	21	9
17687	50499	21	7
17688	50501	21	7
17689	50503	21	8
17690	50505	21	7
17691	50507	21	8
17692	50509	21	8
17693	50511	21	9
17694	50513	21	7
17695	50515	21	8
17696	50517	21	8
17697	50519	21	9
17698	50521	21	8
17699	50523	21	9
17700	50525	21	9
17701	50529	21	7
17702	50531	21	8
17703	50533	21	8
17704	50535	21	9
17705	50537	21	8
17706	50539	21	9
17707	50541	21	9
17708	50545	21	8
17709	50547	21	9
17710	50549	21	9
17711	50553	21	9
17712	50565	21	7
17713	50567	21	8
17714	50569	21	7
17715	50571	21	8
17716	50573	21	8
17717	50575	21	9
17718	50577	21	7
17719	50579	21	8
17720	50581	21	8
17721	50583	21	9
17722	50585	21	8
17723	50587	21	9
17724	50589	21	9
17725	50593	21	7
17726	50595	21	8
17727	50597	21	8
17728	50599	21	9
17729	50601	21	8
17730	50603	21	9
17731	50605	21	9
17732	50609	21	8
17733	50611	21	9
17734	50613	21	9
17735	50617	21	9
17736	50627	21	8
17737	50629	21	8
17738	50631	21	9
17739	50633	21	8
17740	50635	21	9
17741	50637	21	9
17742	50641	21	8
17743	50643	21	9
17744	50645	21	9
17745	50649	21	9
17746	50657	21	8
17747	50659	21	9
17748	50661	21	9
17749	50665	21	9
17750	50673	21	9
17751	50701	21	7
17752	50703	21	8
17753	50705	21	6
17754	50707	21	7
17755	50709	21	7
17756	50711	21	8
17757	50713	21	7
17758	50715	21	8
17759	50717	21	8
17760	50719	21	9
17761	50721	21	6
17762	50723	21	7
17763	50725	21	7
17764	50727	21	8
17765	50729	21	7
17766	50731	21	8
17767	50733	21	8
17768	50735	21	9
17769	50737	21	7
17770	50739	21	8
17771	50741	21	8
17772	50743	21	9
17773	50745	21	8
17774	50747	21	9
17775	50749	21	9
17776	50755	21	7
17777	50757	21	7
17778	50759	21	8
17779	50761	21	7
17780	50763	21	8
17781	50765	21	8
17782	50767	21	9
17783	50769	21	7
17784	50771	21	8
17785	50773	21	8
17786	50775	21	9
17787	50777	21	8
17788	50779	21	9
17789	50781	21	9
17790	50785	21	7
17791	50787	21	8
17792	50789	21	8
17793	50791	21	9
17794	50793	21	8
17795	50795	21	9
17796	50797	21	9
17797	50801	21	8
17798	50803	21	9
17799	50805	21	9
17800	50809	21	9
17801	50821	21	7
17802	50823	21	8
17803	50825	21	7
17804	50827	21	8
17805	50829	21	8
17806	50831	21	9
17807	50833	21	7
17808	50835	21	8
17809	50837	21	8
17810	50839	21	9
17811	50841	21	8
17812	50843	21	9
17813	50845	21	9
17814	50849	21	7
17815	50851	21	8
17816	50853	21	8
17817	50855	21	9
17818	50857	21	8
17819	50859	21	9
17820	50861	21	9
17821	50865	21	8
17822	50867	21	9
17823	50869	21	9
17824	50873	21	9
17825	50883	21	8
17826	50885	21	8
17827	50887	21	9
17828	50889	21	8
17829	50891	21	9
17830	50893	21	9
17831	50897	21	8
17832	50899	21	9
17833	50901	21	9
17834	50905	21	9
17835	50913	21	8
17836	50915	21	9
17837	50917	21	9
17838	50921	21	9
17839	50929	21	9
17840	50951	21	8
17841	50953	21	7
17842	50955	21	8
17843	50957	21	8
17844	50959	21	9
17845	50961	21	7
17846	50963	21	8
17847	50965	21	8
17848	50967	21	9
17849	50969	21	8
17850	50971	21	9
17851	50973	21	9
17852	50977	21	7
17853	50979	21	8
17854	50981	21	8
17855	50983	21	9
17856	50985	21	8
17857	50987	21	9
17858	50989	21	9
17859	50993	21	8
17860	50995	21	9
17861	50997	21	9
17862	51001	21	9
17863	51011	21	8
17864	51013	21	8
17865	51015	21	9
17866	51017	21	8
17867	51019	21	9
17868	51021	21	9
17869	51025	21	8
17870	51027	21	9
17871	51029	21	9
17872	51033	21	9
17873	51041	21	8
17874	51043	21	9
17875	51045	21	9
17876	51049	21	9
17877	51057	21	9
17878	51077	21	8
17879	51079	21	9
17880	51081	21	8
17881	51083	21	9
17882	51085	21	9
17883	51089	21	8
17884	51091	21	9
17885	51093	21	9
17886	51097	21	9
17887	51105	21	8
17888	51107	21	9
17889	51109	21	9
17890	51113	21	9
17891	51121	21	9
17892	51139	21	9
17893	51141	21	9
17894	51145	21	9
17895	51153	21	9
17896	51169	21	9
17897	51251	21	7
17898	51253	21	7
17899	51255	21	8
17900	51257	21	7
17901	51259	21	8
17902	51261	21	8
17903	51263	21	9
17904	51267	21	6
17905	51269	21	6
17906	51271	21	7
17907	51273	21	6
17908	51275	21	7
17909	51277	21	7
17910	51279	21	8
17911	51281	21	6
17912	51283	21	7
17913	51285	21	7
17914	51287	21	8
17915	51289	21	7
17916	51291	21	8
17917	51293	21	8
17918	51295	21	9
17919	51297	21	6
17920	51299	21	7
17921	51301	21	7
17922	51303	21	8
17923	51305	21	7
17924	51307	21	8
17925	51309	21	8
17926	51311	21	9
17927	51313	21	7
17928	51315	21	8
17929	51317	21	8
17930	51319	21	9
17931	51321	21	8
17932	51323	21	9
17933	51325	21	9
17934	51333	21	6
17935	51335	21	7
17936	51337	21	6
17937	51339	21	7
17938	51341	21	7
17939	51343	21	8
17940	51345	21	6
17941	51347	21	7
17942	51349	21	7
17943	51351	21	8
17944	51353	21	7
17945	51355	21	8
17946	51357	21	8
17947	51359	21	9
17948	51361	21	6
17949	51363	21	7
17950	51365	21	7
17951	51367	21	8
17952	51369	21	7
17953	51371	21	8
17954	51373	21	8
17955	51375	21	9
17956	51377	21	7
17957	51379	21	8
17958	51381	21	8
17959	51383	21	9
17960	51385	21	8
17961	51387	21	9
17962	51389	21	9
17963	51395	21	7
17964	51397	21	7
17965	51399	21	8
17966	51401	21	7
17967	51403	21	8
17968	51405	21	8
17969	51407	21	9
17970	51409	21	7
17971	51411	21	8
17972	51413	21	8
17973	51415	21	9
17974	51417	21	8
17975	51419	21	9
17976	51421	21	9
17977	51425	21	7
17978	51427	21	8
17979	51429	21	8
17980	51431	21	9
17981	51433	21	8
17982	51435	21	9
17983	51437	21	9
17984	51441	21	8
17985	51443	21	9
17986	51445	21	9
17987	51449	21	9
17988	51463	21	7
17989	51465	21	6
17990	51467	21	7
17991	51469	21	7
17992	51471	21	8
17993	51473	21	6
17994	51475	21	7
17995	51477	21	7
17996	51479	21	8
17997	51481	21	7
17998	51483	21	8
17999	51485	21	8
18000	51487	21	9
18001	51489	21	6
18002	51491	21	7
18003	51493	21	7
18004	51495	21	8
18005	51497	21	7
18006	51499	21	8
18007	51501	21	8
18008	51503	21	9
18009	51505	21	7
18010	51507	21	8
18011	51509	21	8
18012	51511	21	9
18013	51513	21	8
18014	51515	21	9
18015	51517	21	9
18016	51523	21	7
18017	51525	21	7
18018	51527	21	8
18019	51529	21	7
18020	51531	21	8
18021	51533	21	8
18022	51535	21	9
18023	51537	21	7
18024	51539	21	8
18025	51541	21	8
18026	51543	21	9
18027	51545	21	8
18028	51547	21	9
18029	51549	21	9
18030	51553	21	7
18031	51555	21	8
18032	51557	21	8
18033	51559	21	9
18034	51561	21	8
18035	51563	21	9
18036	51565	21	9
18037	51569	21	8
18038	51571	21	9
18039	51573	21	9
18040	51577	21	9
18041	51589	21	7
18042	51591	21	8
18043	51593	21	7
18044	51595	21	8
18045	51597	21	8
18046	51599	21	9
18047	51601	21	7
18048	51603	21	8
18049	51605	21	8
18050	51607	21	9
18051	51609	21	8
18052	51611	21	9
18053	51613	21	9
18054	51617	21	7
18055	51619	21	8
18056	51621	21	8
18057	51623	21	9
18058	51625	21	8
18059	51627	21	9
18060	51629	21	9
18061	51633	21	8
18062	51635	21	9
18063	51637	21	9
18064	51641	21	9
18065	51651	21	8
18066	51653	21	8
18067	51655	21	9
18068	51657	21	8
18069	51659	21	9
18070	51661	21	9
18071	51665	21	8
18072	51667	21	9
18073	51669	21	9
18074	51673	21	9
18075	51681	21	8
18076	51683	21	9
18077	51685	21	9
18078	51689	21	9
18079	51697	21	9
18080	51725	21	7
18081	51727	21	8
18082	51729	21	6
18083	51731	21	7
18084	51733	21	7
18085	51735	21	8
18086	51737	21	7
18087	51739	21	8
18088	51741	21	8
18089	51743	21	9
18090	51745	21	6
18091	51747	21	7
18092	51749	21	7
18093	51751	21	8
18094	51753	21	7
18095	51755	21	8
18096	51757	21	8
18097	51759	21	9
18098	51761	21	7
18099	51763	21	8
18100	51765	21	8
18101	51767	21	9
18102	51769	21	8
18103	51771	21	9
18104	51773	21	9
18105	51779	21	7
18106	51781	21	7
18107	51783	21	8
18108	51785	21	7
18109	51787	21	8
18110	51789	21	8
18111	51791	21	9
18112	51793	21	7
18113	51795	21	8
18114	51797	21	8
18115	51799	21	9
18116	51801	21	8
18117	51803	21	9
18118	51805	21	9
18119	51809	21	7
18120	51811	21	8
18121	51813	21	8
18122	51815	21	9
18123	51817	21	8
18124	51819	21	9
18125	51821	21	9
18126	51825	21	8
18127	51827	21	9
18128	51829	21	9
18129	51833	21	9
18130	51845	21	7
18131	51847	21	8
18132	51849	21	7
18133	51851	21	8
18134	51853	21	8
18135	51855	21	9
18136	51857	21	7
18137	51859	21	8
18138	51861	21	8
18139	51863	21	9
18140	51865	21	8
18141	51867	21	9
18142	51869	21	9
18143	51873	21	7
18144	51875	21	8
18145	51877	21	8
18146	51879	21	9
18147	51881	21	8
18148	51883	21	9
18149	51885	21	9
18150	51889	21	8
18151	51891	21	9
18152	51893	21	9
18153	51897	21	9
18154	51907	21	8
18155	51909	21	8
18156	51911	21	9
18157	51913	21	8
18158	51915	21	9
18159	51917	21	9
18160	51921	21	8
18161	51923	21	9
18162	51925	21	9
18163	51929	21	9
18164	51937	21	8
18165	51939	21	9
18166	51941	21	9
18167	51945	21	9
18168	51953	21	9
18169	51975	21	8
18170	51977	21	7
18171	51979	21	8
18172	51981	21	8
18173	51983	21	9
18174	51985	21	7
18175	51987	21	8
18176	51989	21	8
18177	51991	21	9
18178	51993	21	8
18179	51995	21	9
18180	51997	21	9
18181	52001	21	7
18182	52003	21	8
18183	52005	21	8
18184	52007	21	9
18185	52009	21	8
18186	52011	21	9
18187	52013	21	9
18188	52017	21	8
18189	52019	21	9
18190	52021	21	9
18191	52025	21	9
18192	52035	21	8
18193	52037	21	8
18194	52039	21	9
18195	52041	21	8
18196	52043	21	9
18197	52045	21	9
18198	52049	21	8
18199	52051	21	9
18200	52053	21	9
18201	52057	21	9
18202	52065	21	8
18203	52067	21	9
18204	52069	21	9
18205	52073	21	9
18206	52081	21	9
18207	52101	21	8
18208	52103	21	9
18209	52105	21	8
18210	52107	21	9
18211	52109	21	9
18212	52113	21	8
18213	52115	21	9
18214	52117	21	9
18215	52121	21	9
18216	52129	21	8
18217	52131	21	9
18218	52133	21	9
18219	52137	21	9
18220	52145	21	9
18221	52163	21	9
18222	52165	21	9
18223	52169	21	9
18224	52177	21	9
18225	52193	21	9
18226	52251	21	8
18227	52253	21	8
18228	52255	21	9
18229	52257	21	6
18230	52259	21	7
18231	52261	21	7
18232	52263	21	8
18233	52265	21	7
18234	52267	21	8
18235	52269	21	8
18236	52271	21	9
18237	52273	21	7
18238	52275	21	8
18239	52277	21	8
18240	52279	21	9
18241	52281	21	8
18242	52283	21	9
18243	52285	21	9
18244	52291	21	7
18245	52293	21	7
18246	52295	21	8
18247	52297	21	7
18248	52299	21	8
18249	52301	21	8
18250	52303	21	9
18251	52305	21	7
18252	52307	21	8
18253	52309	21	8
18254	52311	21	9
18255	52313	21	8
18256	52315	21	9
18257	52317	21	9
18258	52321	21	7
18259	52323	21	8
18260	52325	21	8
18261	52327	21	9
18262	52329	21	8
18263	52331	21	9
18264	52333	21	9
18265	52337	21	8
18266	52339	21	9
18267	52341	21	9
18268	52345	21	9
18269	52357	21	7
18270	52359	21	8
18271	52361	21	7
18272	52363	21	8
18273	52365	21	8
18274	52367	21	9
18275	52369	21	7
18276	52371	21	8
18277	52373	21	8
18278	52375	21	9
18279	52377	21	8
18280	52379	21	9
18281	52381	21	9
18282	52385	21	7
18283	52387	21	8
18284	52389	21	8
18285	52391	21	9
18286	52393	21	8
18287	52395	21	9
18288	52397	21	9
18289	52401	21	8
18290	52403	21	9
18291	52405	21	9
18292	52409	21	9
18293	52419	21	8
18294	52421	21	8
18295	52423	21	9
18296	52425	21	8
18297	52427	21	9
18298	52429	21	9
18299	52433	21	8
18300	52435	21	9
18301	52437	21	9
18302	52441	21	9
18303	52449	21	8
18304	52451	21	9
18305	52453	21	9
18306	52457	21	9
18307	52465	21	9
18308	52487	21	8
18309	52489	21	7
18310	52491	21	8
18311	52493	21	8
18312	52495	21	9
18313	52497	21	7
18314	52499	21	8
18315	52501	21	8
18316	52503	21	9
18317	52505	21	8
18318	52507	21	9
18319	52509	21	9
18320	52513	21	7
18321	52515	21	8
18322	52517	21	8
18323	52519	21	9
18324	52521	21	8
18325	52523	21	9
18326	52525	21	9
18327	52529	21	8
18328	52531	21	9
18329	52533	21	9
18330	52537	21	9
18331	52547	21	8
18332	52549	21	8
18333	52551	21	9
18334	52553	21	8
18335	52555	21	9
18336	52557	21	9
18337	52561	21	8
18338	52563	21	9
18339	52565	21	9
18340	52569	21	9
18341	52577	21	8
18342	52579	21	9
18343	52581	21	9
18344	52585	21	9
18345	52593	21	9
18346	52613	21	8
18347	52615	21	9
18348	52617	21	8
18349	52619	21	9
18350	52621	21	9
18351	52625	21	8
18352	52627	21	9
18353	52629	21	9
18354	52633	21	9
18355	52641	21	8
18356	52643	21	9
18357	52645	21	9
18358	52649	21	9
18359	52657	21	9
18360	52675	21	9
18361	52677	21	9
18362	52681	21	9
18363	52689	21	9
18364	52705	21	9
18365	52749	21	8
18366	52751	21	9
18367	52753	21	7
18368	52755	21	8
18369	52757	21	8
18370	52759	21	9
18371	52761	21	8
18372	52763	21	9
18373	52765	21	9
18374	52769	21	7
18375	52771	21	8
18376	52773	21	8
18377	52775	21	9
18378	52777	21	8
18379	52779	21	9
18380	52781	21	9
18381	52785	21	8
18382	52787	21	9
18383	52789	21	9
18384	52793	21	9
18385	52803	21	8
18386	52805	21	8
18387	52807	21	9
18388	52809	21	8
18389	52811	21	9
18390	52813	21	9
18391	52817	21	8
18392	52819	21	9
18393	52821	21	9
18394	52825	21	9
18395	52833	21	8
18396	52835	21	9
18397	52837	21	9
18398	52841	21	9
18399	52849	21	9
18400	52869	21	8
18401	52871	21	9
18402	52873	21	8
18403	52875	21	9
18404	52877	21	9
18405	52881	21	8
18406	52883	21	9
18407	52885	21	9
18408	52889	21	9
18409	52897	21	8
18410	52899	21	9
18411	52901	21	9
18412	52905	21	9
18413	52913	21	9
18414	52931	21	9
18415	52933	21	9
18416	52937	21	9
18417	52945	21	9
18418	52961	21	9
18419	52999	21	9
18420	53001	21	8
18421	53003	21	9
18422	53005	21	9
18423	53009	21	8
18424	53011	21	9
18425	53013	21	9
18426	53017	21	9
18427	53025	21	8
18428	53027	21	9
18429	53029	21	9
18430	53033	21	9
18431	53041	21	9
18432	53059	21	9
18433	53061	21	9
18434	53065	21	9
18435	53073	21	9
18436	53089	21	9
18437	53125	21	9
18438	53129	21	9
18439	53137	21	9
18440	53153	21	9
18441	53353	21	7
18442	53355	21	8
18443	53357	21	8
18444	53359	21	9
18445	53361	21	7
18446	53363	21	8
18447	53365	21	8
18448	53367	21	9
18449	53369	21	8
18450	53371	21	9
18451	53373	21	9
18452	53381	21	6
18453	53383	21	7
18454	53385	21	6
18455	53387	21	7
18456	53389	21	7
18457	53391	21	8
18458	53393	21	6
18459	53395	21	7
18460	53397	21	7
18461	53399	21	8
18462	53401	21	7
18463	53403	21	8
18464	53405	21	8
18465	53407	21	9
18466	53409	21	6
18467	53411	21	7
18468	53413	21	7
18469	53415	21	8
18470	53417	21	7
18471	53419	21	8
18472	53421	21	8
18473	53423	21	9
18474	53425	21	7
18475	53427	21	8
18476	53429	21	8
18477	53431	21	9
18478	53433	21	8
18479	53435	21	9
18480	53437	21	9
18481	53443	21	7
18482	53445	21	7
18483	53447	21	8
18484	53449	21	7
18485	53451	21	8
18486	53453	21	8
18487	53455	21	9
18488	53457	21	7
18489	53459	21	8
18490	53461	21	8
18491	53463	21	9
18492	53465	21	8
18493	53467	21	9
18494	53469	21	9
18495	53473	21	7
18496	53475	21	8
18497	53477	21	8
18498	53479	21	9
18499	53481	21	8
18500	53483	21	9
18501	53485	21	9
18502	53489	21	8
18503	53491	21	9
18504	53493	21	9
18505	53497	21	9
18506	53511	21	7
18507	53513	21	6
18508	53515	21	7
18509	53517	21	7
18510	53519	21	8
18511	53521	21	6
18512	53523	21	7
18513	53525	21	7
18514	53527	21	8
18515	53529	21	7
18516	53531	21	8
18517	53533	21	8
18518	53535	21	9
18519	53537	21	6
18520	53539	21	7
18521	53541	21	7
18522	53543	21	8
18523	53545	21	7
18524	53547	21	8
18525	53549	21	8
18526	53551	21	9
18527	53553	21	7
18528	53555	21	8
18529	53557	21	8
18530	53559	21	9
18531	53561	21	8
18532	53563	21	9
18533	53565	21	9
18534	53571	21	7
18535	53573	21	7
18536	53575	21	8
18537	53577	21	7
18538	53579	21	8
18539	53581	21	8
18540	53583	21	9
18541	53585	21	7
18542	53587	21	8
18543	53589	21	8
18544	53591	21	9
18545	53593	21	8
18546	53595	21	9
18547	53597	21	9
18548	53601	21	7
18549	53603	21	8
18550	53605	21	8
18551	53607	21	9
18552	53609	21	8
18553	53611	21	9
18554	53613	21	9
18555	53617	21	8
18556	53619	21	9
18557	53621	21	9
18558	53625	21	9
18559	53637	21	7
18560	53639	21	8
18561	53641	21	7
18562	53643	21	8
18563	53645	21	8
18564	53647	21	9
18565	53649	21	7
18566	53651	21	8
18567	53653	21	8
18568	53655	21	9
18569	53657	21	8
18570	53659	21	9
18571	53661	21	9
18572	53665	21	7
18573	53667	21	8
18574	53669	21	8
18575	53671	21	9
18576	53673	21	8
18577	53675	21	9
18578	53677	21	9
18579	53681	21	8
18580	53683	21	9
18581	53685	21	9
18582	53689	21	9
18583	53699	21	8
18584	53701	21	8
18585	53703	21	9
18586	53705	21	8
18587	53707	21	9
18588	53709	21	9
18589	53713	21	8
18590	53715	21	9
18591	53717	21	9
18592	53721	21	9
18593	53729	21	8
18594	53731	21	9
18595	53733	21	9
18596	53737	21	9
18597	53745	21	9
18598	53775	21	8
18599	53777	21	6
18600	53779	21	7
18601	53781	21	7
18602	53783	21	8
18603	53785	21	7
18604	53787	21	8
18605	53789	21	8
18606	53791	21	9
18607	53793	21	6
18608	53795	21	7
18609	53797	21	7
18610	53799	21	8
18611	53801	21	7
18612	53803	21	8
18613	53805	21	8
18614	53807	21	9
18615	53809	21	7
18616	53811	21	8
18617	53813	21	8
18618	53815	21	9
18619	53817	21	8
18620	53819	21	9
18621	53821	21	9
18622	53827	21	7
18623	53829	21	7
18624	53831	21	8
18625	53833	21	7
18626	53835	21	8
18627	53837	21	8
18628	53839	21	9
18629	53841	21	7
18630	53843	21	8
18631	53845	21	8
18632	53847	21	9
18633	53849	21	8
18634	53851	21	9
18635	53853	21	9
18636	53857	21	7
18637	53859	21	8
18638	53861	21	8
18639	53863	21	9
18640	53865	21	8
18641	53867	21	9
18642	53869	21	9
18643	53873	21	8
18644	53875	21	9
18645	53877	21	9
18646	53881	21	9
18647	53893	21	7
18648	53895	21	8
18649	53897	21	7
18650	53899	21	8
18651	53901	21	8
18652	53903	21	9
18653	53905	21	7
18654	53907	21	8
18655	53909	21	8
18656	53911	21	9
18657	53913	21	8
18658	53915	21	9
18659	53917	21	9
18660	53921	21	7
18661	53923	21	8
18662	53925	21	8
18663	53927	21	9
18664	53929	21	8
18665	53931	21	9
18666	53933	21	9
18667	53937	21	8
18668	53939	21	9
18669	53941	21	9
18670	53945	21	9
18671	53955	21	8
18672	53957	21	8
18673	53959	21	9
18674	53961	21	8
18675	53963	21	9
18676	53965	21	9
18677	53969	21	8
18678	53971	21	9
18679	53973	21	9
18680	53977	21	9
18681	53985	21	8
18682	53987	21	9
18683	53989	21	9
18684	53993	21	9
18685	54001	21	9
18686	54023	21	8
18687	54025	21	7
18688	54027	21	8
18689	54029	21	8
18690	54031	21	9
18691	54033	21	7
18692	54035	21	8
18693	54037	21	8
18694	54039	21	9
18695	54041	21	8
18696	54043	21	9
18697	54045	21	9
18698	54049	21	7
18699	54051	21	8
18700	54053	21	8
18701	54055	21	9
18702	54057	21	8
18703	54059	21	9
18704	54061	21	9
18705	54065	21	8
18706	54067	21	9
18707	54069	21	9
18708	54073	21	9
18709	54083	21	8
18710	54085	21	8
18711	54087	21	9
18712	54089	21	8
18713	54091	21	9
18714	54093	21	9
18715	54097	21	8
18716	54099	21	9
18717	54101	21	9
18718	54105	21	9
18719	54113	21	8
18720	54115	21	9
18721	54117	21	9
18722	54121	21	9
18723	54129	21	9
18724	54149	21	8
18725	54151	21	9
18726	54153	21	8
18727	54155	21	9
18728	54157	21	9
18729	54161	21	8
18730	54163	21	9
18731	54165	21	9
18732	54169	21	9
18733	54177	21	8
18734	54179	21	9
18735	54181	21	9
18736	54185	21	9
18737	54193	21	9
18738	54211	21	9
18739	54213	21	9
18740	54217	21	9
18741	54225	21	9
18742	54241	21	9
18743	54299	21	8
18744	54301	21	8
18745	54303	21	9
18746	54305	21	6
18747	54307	21	7
18748	54309	21	7
18749	54311	21	8
18750	54313	21	7
18751	54315	21	8
18752	54317	21	8
18753	54319	21	9
18754	54321	21	7
18755	54323	21	8
18756	54325	21	8
18757	54327	21	9
18758	54329	21	8
18759	54331	21	9
18760	54333	21	9
18761	54339	21	7
18762	54341	21	7
18763	54343	21	8
18764	54345	21	7
18765	54347	21	8
18766	54349	21	8
18767	54351	21	9
18768	54353	21	7
18769	54355	21	8
18770	54357	21	8
18771	54359	21	9
18772	54361	21	8
18773	54363	21	9
18774	54365	21	9
18775	54369	21	7
18776	54371	21	8
18777	54373	21	8
18778	54375	21	9
18779	54377	21	8
18780	54379	21	9
18781	54381	21	9
18782	54385	21	8
18783	54387	21	9
18784	54389	21	9
18785	54393	21	9
18786	54405	21	7
18787	54407	21	8
18788	54409	21	7
18789	54411	21	8
18790	54413	21	8
18791	54415	21	9
18792	54417	21	7
18793	54419	21	8
18794	54421	21	8
18795	54423	21	9
18796	54425	21	8
18797	54427	21	9
18798	54429	21	9
18799	54433	21	7
18800	54435	21	8
18801	54437	21	8
18802	54439	21	9
18803	54441	21	8
18804	54443	21	9
18805	54445	21	9
18806	54449	21	8
18807	54451	21	9
18808	54453	21	9
18809	54457	21	9
18810	54467	21	8
18811	54469	21	8
18812	54471	21	9
18813	54473	21	8
18814	54475	21	9
18815	54477	21	9
18816	54481	21	8
18817	54483	21	9
18818	54485	21	9
18819	54489	21	9
18820	54497	21	8
18821	54499	21	9
18822	54501	21	9
18823	54505	21	9
18824	54513	21	9
18825	54535	21	8
18826	54537	21	7
18827	54539	21	8
18828	54541	21	8
18829	54543	21	9
18830	54545	21	7
18831	54547	21	8
18832	54549	21	8
18833	54551	21	9
18834	54553	21	8
18835	54555	21	9
18836	54557	21	9
18837	54561	21	7
18838	54563	21	8
18839	54565	21	8
18840	54567	21	9
18841	54569	21	8
18842	54571	21	9
18843	54573	21	9
18844	54577	21	8
18845	54579	21	9
18846	54581	21	9
18847	54585	21	9
18848	54595	21	8
18849	54597	21	8
18850	54599	21	9
18851	54601	21	8
18852	54603	21	9
18853	54605	21	9
18854	54609	21	8
18855	54611	21	9
18856	54613	21	9
18857	54617	21	9
18858	54625	21	8
18859	54627	21	9
18860	54629	21	9
18861	54633	21	9
18862	54641	21	9
18863	54661	21	8
18864	54663	21	9
18865	54665	21	8
18866	54667	21	9
18867	54669	21	9
18868	54673	21	8
18869	54675	21	9
18870	54677	21	9
18871	54681	21	9
18872	54689	21	8
18873	54691	21	9
18874	54693	21	9
18875	54697	21	9
18876	54705	21	9
18877	54723	21	9
18878	54725	21	9
18879	54729	21	9
18880	54737	21	9
18881	54753	21	9
18882	54799	21	9
18883	54801	21	7
18884	54803	21	8
18885	54805	21	8
18886	54807	21	9
18887	54809	21	8
18888	54811	21	9
18889	54813	21	9
18890	54817	21	7
18891	54819	21	8
18892	54821	21	8
18893	54823	21	9
18894	54825	21	8
18895	54827	21	9
18896	54829	21	9
18897	54833	21	8
18898	54835	21	9
18899	54837	21	9
18900	54841	21	9
18901	54851	21	8
18902	54853	21	8
18903	54855	21	9
18904	54857	21	8
18905	54859	21	9
18906	54861	21	9
18907	54865	21	8
18908	54867	21	9
18909	54869	21	9
18910	54873	21	9
18911	54881	21	8
18912	54883	21	9
18913	54885	21	9
18914	54889	21	9
18915	54897	21	9
18916	54917	21	8
18917	54919	21	9
18918	54921	21	8
18919	54923	21	9
18920	54925	21	9
18921	54929	21	8
18922	54931	21	9
18923	54933	21	9
18924	54937	21	9
18925	54945	21	8
18926	54947	21	9
18927	54949	21	9
18928	54953	21	9
18929	54961	21	9
18930	54979	21	9
18931	54981	21	9
18932	54985	21	9
18933	54993	21	9
18934	55009	21	9
18935	55047	21	9
18936	55049	21	8
18937	55051	21	9
18938	55053	21	9
18939	55057	21	8
18940	55059	21	9
18941	55061	21	9
18942	55065	21	9
18943	55073	21	8
18944	55075	21	9
18945	55077	21	9
18946	55081	21	9
18947	55089	21	9
18948	55107	21	9
18949	55109	21	9
18950	55113	21	9
18951	55121	21	9
18952	55137	21	9
18953	55173	21	9
18954	55177	21	9
18955	55185	21	9
18956	55201	21	9
18957	55351	21	9
18958	55353	21	8
18959	55355	21	9
18960	55357	21	9
18961	55363	21	7
18962	55365	21	7
18963	55367	21	8
18964	55369	21	7
18965	55371	21	8
18966	55373	21	8
18967	55375	21	9
18968	55377	21	7
18969	55379	21	8
18970	55381	21	8
18971	55383	21	9
18972	55385	21	8
18973	55387	21	9
18974	55389	21	9
18975	55393	21	7
18976	55395	21	8
18977	55397	21	8
18978	55399	21	9
18979	55401	21	8
18980	55403	21	9
18981	55405	21	9
18982	55409	21	8
18983	55411	21	9
18984	55413	21	9
18985	55417	21	9
18986	55429	21	7
18987	55431	21	8
18988	55433	21	7
18989	55435	21	8
18990	55437	21	8
18991	55439	21	9
18992	55441	21	7
18993	55443	21	8
18994	55445	21	8
18995	55447	21	9
18996	55449	21	8
18997	55451	21	9
18998	55453	21	9
18999	55457	21	7
19000	55459	21	8
19001	55461	21	8
19002	55463	21	9
19003	55465	21	8
19004	55467	21	9
19005	55469	21	9
19006	55473	21	8
19007	55475	21	9
19008	55477	21	9
19009	55481	21	9
19010	55491	21	8
19011	55493	21	8
19012	55495	21	9
19013	55497	21	8
19014	55499	21	9
19015	55501	21	9
19016	55505	21	8
19017	55507	21	9
19018	55509	21	9
19019	55513	21	9
19020	55521	21	8
19021	55523	21	9
19022	55525	21	9
19023	55529	21	9
19024	55537	21	9
19025	55559	21	8
19026	55561	21	7
19027	55563	21	8
19028	55565	21	8
19029	55567	21	9
19030	55569	21	7
19031	55571	21	8
19032	55573	21	8
19033	55575	21	9
19034	55577	21	8
19035	55579	21	9
19036	55581	21	9
19037	55585	21	7
19038	55587	21	8
19039	55589	21	8
19040	55591	21	9
19041	55593	21	8
19042	55595	21	9
19043	55597	21	9
19044	55601	21	8
19045	55603	21	9
19046	55605	21	9
19047	55609	21	9
19048	55619	21	8
19049	55621	21	8
19050	55623	21	9
19051	55625	21	8
19052	55627	21	9
19053	55629	21	9
19054	55633	21	8
19055	55635	21	9
19056	55637	21	9
19057	55641	21	9
19058	55649	21	8
19059	55651	21	9
19060	55653	21	9
19061	55657	21	9
19062	55665	21	9
19063	55685	21	8
19064	55687	21	9
19065	55689	21	8
19066	55691	21	9
19067	55693	21	9
19068	55697	21	8
19069	55699	21	9
19070	55701	21	9
19071	55705	21	9
19072	55713	21	8
19073	55715	21	9
19074	55717	21	9
19075	55721	21	9
19076	55729	21	9
19077	55747	21	9
19078	55749	21	9
19079	55753	21	9
19080	55761	21	9
19081	55777	21	9
19082	55823	21	9
19083	55825	21	7
19084	55827	21	8
19085	55829	21	8
19086	55831	21	9
19087	55833	21	8
19088	55835	21	9
19089	55837	21	9
19090	55841	21	7
19091	55843	21	8
19092	55845	21	8
19093	55847	21	9
19094	55849	21	8
19095	55851	21	9
19096	55853	21	9
19097	55857	21	8
19098	55859	21	9
19099	55861	21	9
19100	55865	21	9
19101	55875	21	8
19102	55877	21	8
19103	55879	21	9
19104	55881	21	8
19105	55883	21	9
19106	55885	21	9
19107	55889	21	8
19108	55891	21	9
19109	55893	21	9
19110	55897	21	9
19111	55905	21	8
19112	55907	21	9
19113	55909	21	9
19114	55913	21	9
19115	55921	21	9
19116	55941	21	8
19117	55943	21	9
19118	55945	21	8
19119	55947	21	9
19120	55949	21	9
19121	55953	21	8
19122	55955	21	9
19123	55957	21	9
19124	55961	21	9
19125	55969	21	8
19126	55971	21	9
19127	55973	21	9
19128	55977	21	9
19129	55985	21	9
19130	56003	21	9
19131	56005	21	9
19132	56009	21	9
19133	56017	21	9
19134	56033	21	9
19135	56071	21	9
19136	56073	21	8
19137	56075	21	9
19138	56077	21	9
19139	56081	21	8
19140	56083	21	9
19141	56085	21	9
19142	56089	21	9
19143	56097	21	8
19144	56099	21	9
19145	56101	21	9
19146	56105	21	9
19147	56113	21	9
19148	56131	21	9
19149	56133	21	9
19150	56137	21	9
19151	56145	21	9
19152	56161	21	9
19153	56197	21	9
19154	56201	21	9
19155	56209	21	9
19156	56225	21	9
19157	56349	21	9
19158	56353	21	7
19159	56355	21	8
19160	56357	21	8
19161	56359	21	9
19162	56361	21	8
19163	56363	21	9
19164	56365	21	9
19165	56369	21	8
19166	56371	21	9
19167	56373	21	9
19168	56377	21	9
19169	56387	21	8
19170	56389	21	8
19171	56391	21	9
19172	56393	21	8
19173	56395	21	9
19174	56397	21	9
19175	56401	21	8
19176	56403	21	9
19177	56405	21	9
19178	56409	21	9
19179	56417	21	8
19180	56419	21	9
19181	56421	21	9
19182	56425	21	9
19183	56433	21	9
19184	56453	21	8
19185	56455	21	9
19186	56457	21	8
19187	56459	21	9
19188	56461	21	9
19189	56465	21	8
19190	56467	21	9
19191	56469	21	9
19192	56473	21	9
19193	56481	21	8
19194	56483	21	9
19195	56485	21	9
19196	56489	21	9
19197	56497	21	9
19198	56515	21	9
19199	56517	21	9
19200	56521	21	9
19201	56529	21	9
19202	56545	21	9
19203	56583	21	9
19204	56585	21	8
19205	56587	21	9
19206	56589	21	9
19207	56593	21	8
19208	56595	21	9
19209	56597	21	9
19210	56601	21	9
19211	56609	21	8
19212	56611	21	9
19213	56613	21	9
19214	56617	21	9
19215	56625	21	9
19216	56643	21	9
19217	56645	21	9
19218	56649	21	9
19219	56657	21	9
19220	56673	21	9
19221	56709	21	9
19222	56713	21	9
19223	56721	21	9
19224	56737	21	9
19225	56849	21	8
19226	56851	21	9
19227	56853	21	9
19228	56857	21	9
19229	56865	21	8
19230	56867	21	9
19231	56869	21	9
19232	56873	21	9
19233	56881	21	9
19234	56899	21	9
19235	56901	21	9
19236	56905	21	9
19237	56913	21	9
19238	56929	21	9
19239	56965	21	9
19240	56969	21	9
19241	56977	21	9
19242	56993	21	9
19243	57097	21	9
19244	57105	21	9
19245	57121	21	9
19246	57569	21	7
19247	57571	21	8
19248	57573	21	8
19249	57575	21	9
19250	57577	21	8
19251	57579	21	9
19252	57581	21	9
19253	57585	21	8
19254	57587	21	9
19255	57589	21	9
19256	57593	21	9
19257	57609	21	6
19258	57611	21	7
19259	57613	21	7
19260	57615	21	8
19261	57617	21	6
19262	57619	21	7
19263	57621	21	7
19264	57623	21	8
19265	57625	21	7
19266	57627	21	8
19267	57629	21	8
19268	57631	21	9
19269	57633	21	6
19270	57635	21	7
19271	57637	21	7
19272	57639	21	8
19273	57641	21	7
19274	57643	21	8
19275	57645	21	8
19276	57647	21	9
19277	57649	21	7
19278	57651	21	8
19279	57653	21	8
19280	57655	21	9
19281	57657	21	8
19282	57659	21	9
19283	57661	21	9
19284	57667	21	7
19285	57669	21	7
19286	57671	21	8
19287	57673	21	7
19288	57675	21	8
19289	57677	21	8
19290	57679	21	9
19291	57681	21	7
19292	57683	21	8
19293	57685	21	8
19294	57687	21	9
19295	57689	21	8
19296	57691	21	9
19297	57693	21	9
19298	57697	21	7
19299	57699	21	8
19300	57701	21	8
19301	57703	21	9
19302	57705	21	8
19303	57707	21	9
19304	57709	21	9
19305	57713	21	8
19306	57715	21	9
19307	57717	21	9
19308	57721	21	9
19309	57733	21	7
19310	57735	21	8
19311	57737	21	7
19312	57739	21	8
19313	57741	21	8
19314	57743	21	9
19315	57745	21	7
19316	57747	21	8
19317	57749	21	8
19318	57751	21	9
19319	57753	21	8
19320	57755	21	9
19321	57757	21	9
19322	57761	21	7
19323	57763	21	8
19324	57765	21	8
19325	57767	21	9
19326	57769	21	8
19327	57771	21	9
19328	57773	21	9
19329	57777	21	8
19330	57779	21	9
19331	57781	21	9
19332	57785	21	9
19333	57795	21	8
19334	57797	21	8
19335	57799	21	9
19336	57801	21	8
19337	57803	21	9
19338	57805	21	9
19339	57809	21	8
19340	57811	21	9
19341	57813	21	9
19342	57817	21	9
19343	57825	21	8
19344	57827	21	9
19345	57829	21	9
19346	57833	21	9
19347	57841	21	9
19348	57871	21	8
19349	57873	21	6
19350	57875	21	7
19351	57877	21	7
19352	57879	21	8
19353	57881	21	7
19354	57883	21	8
19355	57885	21	8
19356	57887	21	9
19357	57889	21	6
19358	57891	21	7
19359	57893	21	7
19360	57895	21	8
19361	57897	21	7
19362	57899	21	8
19363	57901	21	8
19364	57903	21	9
19365	57905	21	7
19366	57907	21	8
19367	57909	21	8
19368	57911	21	9
19369	57913	21	8
19370	57915	21	9
19371	57917	21	9
19372	57923	21	7
19373	57925	21	7
19374	57927	21	8
19375	57929	21	7
19376	57931	21	8
19377	57933	21	8
19378	57935	21	9
19379	57937	21	7
19380	57939	21	8
19381	57941	21	8
19382	57943	21	9
19383	57945	21	8
19384	57947	21	9
19385	57949	21	9
19386	57953	21	7
19387	57955	21	8
19388	57957	21	8
19389	57959	21	9
19390	57961	21	8
19391	57963	21	9
19392	57965	21	9
19393	57969	21	8
19394	57971	21	9
19395	57973	21	9
19396	57977	21	9
19397	57989	21	7
19398	57991	21	8
19399	57993	21	7
19400	57995	21	8
19401	57997	21	8
19402	57999	21	9
19403	58001	21	7
19404	58003	21	8
19405	58005	21	8
19406	58007	21	9
19407	58009	21	8
19408	58011	21	9
19409	58013	21	9
19410	58017	21	7
19411	58019	21	8
19412	58021	21	8
19413	58023	21	9
19414	58025	21	8
19415	58027	21	9
19416	58029	21	9
19417	58033	21	8
19418	58035	21	9
19419	58037	21	9
19420	58041	21	9
19421	58051	21	8
19422	58053	21	8
19423	58055	21	9
19424	58057	21	8
19425	58059	21	9
19426	58061	21	9
19427	58065	21	8
19428	58067	21	9
19429	58069	21	9
19430	58073	21	9
19431	58081	21	8
19432	58083	21	9
19433	58085	21	9
19434	58089	21	9
19435	58097	21	9
19436	58121	21	7
19437	58123	21	8
19438	58125	21	8
19439	58127	21	9
19440	58129	21	7
19441	58131	21	8
19442	58133	21	8
19443	58135	21	9
19444	58137	21	8
19445	58139	21	9
19446	58141	21	9
19447	58145	21	7
19448	58147	21	8
19449	58149	21	8
19450	58151	21	9
19451	58153	21	8
19452	58155	21	9
19453	58157	21	9
19454	58161	21	8
19455	58163	21	9
19456	58165	21	9
19457	58169	21	9
19458	58179	21	8
19459	58181	21	8
19460	58183	21	9
19461	58185	21	8
19462	58187	21	9
19463	58189	21	9
19464	58193	21	8
19465	58195	21	9
19466	58197	21	9
19467	58201	21	9
19468	58209	21	8
19469	58211	21	9
19470	58213	21	9
19471	58217	21	9
19472	58225	21	9
19473	58245	21	8
19474	58247	21	9
19475	58249	21	8
19476	58251	21	9
19477	58253	21	9
19478	58257	21	8
19479	58259	21	9
19480	58261	21	9
19481	58265	21	9
19482	58273	21	8
19483	58275	21	9
19484	58277	21	9
19485	58281	21	9
19486	58289	21	9
19487	58307	21	9
19488	58309	21	9
19489	58313	21	9
19490	58321	21	9
19491	58337	21	9
19492	58397	21	8
19493	58399	21	9
19494	58401	21	6
19495	58403	21	7
19496	58405	21	7
19497	58407	21	8
19498	58409	21	7
19499	58411	21	8
19500	58413	21	8
19501	58415	21	9
19502	58417	21	7
19503	58419	21	8
19504	58421	21	8
19505	58423	21	9
19506	58425	21	8
19507	58427	21	9
19508	58429	21	9
19509	58435	21	7
19510	58437	21	7
19511	58439	21	8
19512	58441	21	7
19513	58443	21	8
19514	58445	21	8
19515	58447	21	9
19516	58449	21	7
19517	58451	21	8
19518	58453	21	8
19519	58455	21	9
19520	58457	21	8
19521	58459	21	9
19522	58461	21	9
19523	58465	21	7
19524	58467	21	8
19525	58469	21	8
19526	58471	21	9
19527	58473	21	8
19528	58475	21	9
19529	58477	21	9
19530	58481	21	8
19531	58483	21	9
19532	58485	21	9
19533	58489	21	9
19534	58501	21	7
19535	58503	21	8
19536	58505	21	7
19537	58507	21	8
19538	58509	21	8
19539	58511	21	9
19540	58513	21	7
19541	58515	21	8
19542	58517	21	8
19543	58519	21	9
19544	58521	21	8
19545	58523	21	9
19546	58525	21	9
19547	58529	21	7
19548	58531	21	8
19549	58533	21	8
19550	58535	21	9
19551	58537	21	8
19552	58539	21	9
19553	58541	21	9
19554	58545	21	8
19555	58547	21	9
19556	58549	21	9
19557	58553	21	9
19558	58563	21	8
19559	58565	21	8
19560	58567	21	9
19561	58569	21	8
19562	58571	21	9
19563	58573	21	9
19564	58577	21	8
19565	58579	21	9
19566	58581	21	9
19567	58585	21	9
19568	58593	21	8
19569	58595	21	9
19570	58597	21	9
19571	58601	21	9
19572	58609	21	9
19573	58633	21	7
19574	58635	21	8
19575	58637	21	8
19576	58639	21	9
19577	58641	21	7
19578	58643	21	8
19579	58645	21	8
19580	58647	21	9
19581	58649	21	8
19582	58651	21	9
19583	58653	21	9
19584	58657	21	7
19585	58659	21	8
19586	58661	21	8
19587	58663	21	9
19588	58665	21	8
19589	58667	21	9
19590	58669	21	9
19591	58673	21	8
19592	58675	21	9
19593	58677	21	9
19594	58681	21	9
19595	58691	21	8
19596	58693	21	8
19597	58695	21	9
19598	58697	21	8
19599	58699	21	9
19600	58701	21	9
19601	58705	21	8
19602	58707	21	9
19603	58709	21	9
19604	58713	21	9
19605	58721	21	8
19606	58723	21	9
19607	58725	21	9
19608	58729	21	9
19609	58737	21	9
19610	58757	21	8
19611	58759	21	9
19612	58761	21	8
19613	58763	21	9
19614	58765	21	9
19615	58769	21	8
19616	58771	21	9
19617	58773	21	9
19618	58777	21	9
19619	58785	21	8
19620	58787	21	9
19621	58789	21	9
19622	58793	21	9
19623	58801	21	9
19624	58819	21	9
19625	58821	21	9
19626	58825	21	9
19627	58833	21	9
19628	58849	21	9
19629	58895	21	9
19630	58897	21	7
19631	58899	21	8
19632	58901	21	8
19633	58903	21	9
19634	58905	21	8
19635	58907	21	9
19636	58909	21	9
19637	58913	21	7
19638	58915	21	8
19639	58917	21	8
19640	58919	21	9
19641	58921	21	8
19642	58923	21	9
19643	58925	21	9
19644	58929	21	8
19645	58931	21	9
19646	58933	21	9
19647	58937	21	9
19648	58947	21	8
19649	58949	21	8
19650	58951	21	9
19651	58953	21	8
19652	58955	21	9
19653	58957	21	9
19654	58961	21	8
19655	58963	21	9
19656	58965	21	9
19657	58969	21	9
19658	58977	21	8
19659	58979	21	9
19660	58981	21	9
19661	58985	21	9
19662	58993	21	9
19663	59013	21	8
19664	59015	21	9
19665	59017	21	8
19666	59019	21	9
19667	59021	21	9
19668	59025	21	8
19669	59027	21	9
19670	59029	21	9
19671	59033	21	9
19672	59041	21	8
19673	59043	21	9
19674	59045	21	9
19675	59049	21	9
19676	59057	21	9
19677	59075	21	9
19678	59077	21	9
19679	59081	21	9
19680	59089	21	9
19681	59105	21	9
19682	59145	21	8
19683	59147	21	9
19684	59149	21	9
19685	59153	21	8
19686	59155	21	9
19687	59157	21	9
19688	59161	21	9
19689	59169	21	8
19690	59171	21	9
19691	59173	21	9
19692	59177	21	9
19693	59185	21	9
19694	59203	21	9
19695	59205	21	9
19696	59209	21	9
19697	59217	21	9
19698	59233	21	9
19699	59269	21	9
19700	59273	21	9
19701	59281	21	9
19702	59297	21	9
19703	59451	21	9
19704	59453	21	9
19705	59459	21	7
19706	59461	21	7
19707	59463	21	8
19708	59465	21	7
19709	59467	21	8
19710	59469	21	8
19711	59471	21	9
19712	59473	21	7
19713	59475	21	8
19714	59477	21	8
19715	59479	21	9
19716	59481	21	8
19717	59483	21	9
19718	59485	21	9
19719	59489	21	7
19720	59491	21	8
19721	59493	21	8
19722	59495	21	9
19723	59497	21	8
19724	59499	21	9
19725	59501	21	9
19726	59505	21	8
19727	59507	21	9
19728	59509	21	9
19729	59513	21	9
19730	59525	21	7
19731	59527	21	8
19732	59529	21	7
19733	59531	21	8
19734	59533	21	8
19735	59535	21	9
19736	59537	21	7
19737	59539	21	8
19738	59541	21	8
19739	59543	21	9
19740	59545	21	8
19741	59547	21	9
19742	59549	21	9
19743	59553	21	7
19744	59555	21	8
19745	59557	21	8
19746	59559	21	9
19747	59561	21	8
19748	59563	21	9
19749	59565	21	9
19750	59569	21	8
19751	59571	21	9
19752	59573	21	9
19753	59577	21	9
19754	59587	21	8
19755	59589	21	8
19756	59591	21	9
19757	59593	21	8
19758	59595	21	9
19759	59597	21	9
19760	59601	21	8
19761	59603	21	9
19762	59605	21	9
19763	59609	21	9
19764	59617	21	8
19765	59619	21	9
19766	59621	21	9
19767	59625	21	9
19768	59633	21	9
19769	59657	21	7
19770	59659	21	8
19771	59661	21	8
19772	59663	21	9
19773	59665	21	7
19774	59667	21	8
19775	59669	21	8
19776	59671	21	9
19777	59673	21	8
19778	59675	21	9
19779	59677	21	9
19780	59681	21	7
19781	59683	21	8
19782	59685	21	8
19783	59687	21	9
19784	59689	21	8
19785	59691	21	9
19786	59693	21	9
19787	59697	21	8
19788	59699	21	9
19789	59701	21	9
19790	59705	21	9
19791	59715	21	8
19792	59717	21	8
19793	59719	21	9
19794	59721	21	8
19795	59723	21	9
19796	59725	21	9
19797	59729	21	8
19798	59731	21	9
19799	59733	21	9
19800	59737	21	9
19801	59745	21	8
19802	59747	21	9
19803	59749	21	9
19804	59753	21	9
19805	59761	21	9
19806	59781	21	8
19807	59783	21	9
19808	59785	21	8
19809	59787	21	9
19810	59789	21	9
19811	59793	21	8
19812	59795	21	9
19813	59797	21	9
19814	59801	21	9
19815	59809	21	8
19816	59811	21	9
19817	59813	21	9
19818	59817	21	9
19819	59825	21	9
19820	59843	21	9
19821	59845	21	9
19822	59849	21	9
19823	59857	21	9
19824	59873	21	9
19825	59919	21	9
19826	59921	21	7
19827	59923	21	8
19828	59925	21	8
19829	59927	21	9
19830	59929	21	8
19831	59931	21	9
19832	59933	21	9
19833	59937	21	7
19834	59939	21	8
19835	59941	21	8
19836	59943	21	9
19837	59945	21	8
19838	59947	21	9
19839	59949	21	9
19840	59953	21	8
19841	59955	21	9
19842	59957	21	9
19843	59961	21	9
19844	59971	21	8
19845	59973	21	8
19846	59975	21	9
19847	59977	21	8
19848	59979	21	9
19849	59981	21	9
19850	59985	21	8
19851	59987	21	9
19852	59989	21	9
19853	59993	21	9
19854	60001	21	8
19855	60003	21	9
19856	60005	21	9
19857	60009	21	9
19858	60017	21	9
19859	60037	21	8
19860	60039	21	9
19861	60041	21	8
19862	60043	21	9
19863	60045	21	9
19864	60049	21	8
19865	60051	21	9
19866	60053	21	9
19867	60057	21	9
19868	60065	21	8
19869	60067	21	9
19870	60069	21	9
19871	60073	21	9
19872	60081	21	9
19873	60099	21	9
19874	60101	21	9
19875	60105	21	9
19876	60113	21	9
19877	60129	21	9
19878	60169	21	8
19879	60171	21	9
19880	60173	21	9
19881	60177	21	8
19882	60179	21	9
19883	60181	21	9
19884	60185	21	9
19885	60193	21	8
19886	60195	21	9
19887	60197	21	9
19888	60201	21	9
19889	60209	21	9
19890	60227	21	9
19891	60229	21	9
19892	60233	21	9
19893	60241	21	9
19894	60257	21	9
19895	60293	21	9
19896	60297	21	9
19897	60305	21	9
19898	60321	21	9
19899	60449	21	7
19900	60451	21	8
19901	60453	21	8
19902	60455	21	9
19903	60457	21	8
19904	60459	21	9
19905	60461	21	9
19906	60465	21	8
19907	60467	21	9
19908	60469	21	9
19909	60473	21	9
19910	60483	21	8
19911	60485	21	8
19912	60487	21	9
19913	60489	21	8
19914	60491	21	9
19915	60493	21	9
19916	60497	21	8
19917	60499	21	9
19918	60501	21	9
19919	60505	21	9
19920	60513	21	8
19921	60515	21	9
19922	60517	21	9
19923	60521	21	9
19924	60529	21	9
19925	60549	21	8
19926	60551	21	9
19927	60553	21	8
19928	60555	21	9
19929	60557	21	9
19930	60561	21	8
19931	60563	21	9
19932	60565	21	9
19933	60569	21	9
19934	60577	21	8
19935	60579	21	9
19936	60581	21	9
19937	60585	21	9
19938	60593	21	9
19939	60611	21	9
19940	60613	21	9
19941	60617	21	9
19942	60625	21	9
19943	60641	21	9
19944	60681	21	8
19945	60683	21	9
19946	60685	21	9
19947	60689	21	8
19948	60691	21	9
19949	60693	21	9
19950	60697	21	9
19951	60705	21	8
19952	60707	21	9
19953	60709	21	9
19954	60713	21	9
19955	60721	21	9
19956	60739	21	9
19957	60741	21	9
19958	60745	21	9
19959	60753	21	9
19960	60769	21	9
19961	60805	21	9
19962	60809	21	9
19963	60817	21	9
19964	60833	21	9
19965	60945	21	8
19966	60947	21	9
19967	60949	21	9
19968	60953	21	9
19969	60961	21	8
19970	60963	21	9
19971	60965	21	9
19972	60969	21	9
19973	60977	21	9
19974	60995	21	9
19975	60997	21	9
19976	61001	21	9
19977	61009	21	9
19978	61025	21	9
19979	61061	21	9
19980	61065	21	9
19981	61073	21	9
19982	61089	21	9
19983	61193	21	9
19984	61201	21	9
19985	61217	21	9
19986	61561	21	9
19987	61573	21	7
19988	61575	21	8
19989	61577	21	7
19990	61579	21	8
19991	61581	21	8
19992	61583	21	9
19993	61585	21	7
19994	61587	21	8
19995	61589	21	8
19996	61591	21	9
19997	61593	21	8
19998	61595	21	9
19999	61597	21	9
20000	61601	21	7
20001	61603	21	8
20002	61605	21	8
20003	61607	21	9
20004	61609	21	8
20005	61611	21	9
20006	61613	21	9
20007	61617	21	8
20008	61619	21	9
20009	61621	21	9
20010	61625	21	9
20011	61635	21	8
20012	61637	21	8
20013	61639	21	9
20014	61641	21	8
20015	61643	21	9
20016	61645	21	9
20017	61649	21	8
20018	61651	21	9
20019	61653	21	9
20020	61657	21	9
20021	61665	21	8
20022	61667	21	9
20023	61669	21	9
20024	61673	21	9
20025	61681	21	9
20026	61705	21	7
20027	61707	21	8
20028	61709	21	8
20029	61711	21	9
20030	61713	21	7
20031	61715	21	8
20032	61717	21	8
20033	61719	21	9
20034	61721	21	8
20035	61723	21	9
20036	61725	21	9
20037	61729	21	7
20038	61731	21	8
20039	61733	21	8
20040	61735	21	9
20041	61737	21	8
20042	61739	21	9
20043	61741	21	9
20044	61745	21	8
20045	61747	21	9
20046	61749	21	9
20047	61753	21	9
20048	61763	21	8
20049	61765	21	8
20050	61767	21	9
20051	61769	21	8
20052	61771	21	9
20053	61773	21	9
20054	61777	21	8
20055	61779	21	9
20056	61781	21	9
20057	61785	21	9
20058	61793	21	8
20059	61795	21	9
20060	61797	21	9
20061	61801	21	9
20062	61809	21	9
20063	61829	21	8
20064	61831	21	9
20065	61833	21	8
20066	61835	21	9
20067	61837	21	9
20068	61841	21	8
20069	61843	21	9
20070	61845	21	9
20071	61849	21	9
20072	61857	21	8
20073	61859	21	9
20074	61861	21	9
20075	61865	21	9
20076	61873	21	9
20077	61891	21	9
20078	61893	21	9
20079	61897	21	9
20080	61905	21	9
20081	61921	21	9
20082	61969	21	7
20083	61971	21	8
20084	61973	21	8
20085	61975	21	9
20086	61977	21	8
20087	61979	21	9
20088	61981	21	9
20089	61985	21	7
20090	61987	21	8
20091	61989	21	8
20092	61991	21	9
20093	61993	21	8
20094	61995	21	9
20095	61997	21	9
20096	62001	21	8
20097	62003	21	9
20098	62005	21	9
20099	62009	21	9
20100	62019	21	8
20101	62021	21	8
20102	62023	21	9
20103	62025	21	8
20104	62027	21	9
20105	62029	21	9
20106	62033	21	8
20107	62035	21	9
20108	62037	21	9
20109	62041	21	9
20110	62049	21	8
20111	62051	21	9
20112	62053	21	9
20113	62057	21	9
20114	62065	21	9
20115	62085	21	8
20116	62087	21	9
20117	62089	21	8
20118	62091	21	9
20119	62093	21	9
20120	62097	21	8
20121	62099	21	9
20122	62101	21	9
20123	62105	21	9
20124	62113	21	8
20125	62115	21	9
20126	62117	21	9
20127	62121	21	9
20128	62129	21	9
20129	62147	21	9
20130	62149	21	9
20131	62153	21	9
20132	62161	21	9
20133	62177	21	9
20134	62217	21	8
20135	62219	21	9
20136	62221	21	9
20137	62225	21	8
20138	62227	21	9
20139	62229	21	9
20140	62233	21	9
20141	62241	21	8
20142	62243	21	9
20143	62245	21	9
20144	62249	21	9
20145	62257	21	9
20146	62275	21	9
20147	62277	21	9
20148	62281	21	9
20149	62289	21	9
20150	62305	21	9
20151	62341	21	9
20152	62345	21	9
20153	62353	21	9
20154	62369	21	9
20155	62497	21	7
20156	62499	21	8
20157	62501	21	8
20158	62503	21	9
20159	62505	21	8
20160	62507	21	9
20161	62509	21	9
20162	62513	21	8
20163	62515	21	9
20164	62517	21	9
20165	62521	21	9
20166	62531	21	8
20167	62533	21	8
20168	62535	21	9
20169	62537	21	8
20170	62539	21	9
20171	62541	21	9
20172	62545	21	8
20173	62547	21	9
20174	62549	21	9
20175	62553	21	9
20176	62561	21	8
20177	62563	21	9
20178	62565	21	9
20179	62569	21	9
20180	62577	21	9
20181	62597	21	8
20182	62599	21	9
20183	62601	21	8
20184	62603	21	9
20185	62605	21	9
20186	62609	21	8
20187	62611	21	9
20188	62613	21	9
20189	62617	21	9
20190	62625	21	8
20191	62627	21	9
20192	62629	21	9
20193	62633	21	9
20194	62641	21	9
20195	62659	21	9
20196	62661	21	9
20197	62665	21	9
20198	62673	21	9
20199	62689	21	9
20200	62729	21	8
20201	62731	21	9
20202	62733	21	9
20203	62737	21	8
20204	62739	21	9
20205	62741	21	9
20206	62745	21	9
20207	62753	21	8
20208	62755	21	9
20209	62757	21	9
20210	62761	21	9
20211	62769	21	9
20212	62787	21	9
20213	62789	21	9
20214	62793	21	9
20215	62801	21	9
20216	62817	21	9
20217	62853	21	9
20218	62857	21	9
20219	62865	21	9
20220	62881	21	9
20221	62993	21	8
20222	62995	21	9
20223	62997	21	9
20224	63001	21	9
20225	63009	21	8
20226	63011	21	9
20227	63013	21	9
20228	63017	21	9
20229	63025	21	9
20230	63043	21	9
20231	63045	21	9
20232	63049	21	9
20233	63057	21	9
20234	63073	21	9
20235	63109	21	9
20236	63113	21	9
20237	63121	21	9
20238	63137	21	9
20239	63241	21	9
20240	63249	21	9
20241	63265	21	9
20242	63555	21	8
20243	63557	21	8
20244	63559	21	9
20245	63561	21	8
20246	63563	21	9
20247	63565	21	9
20248	63569	21	8
20249	63571	21	9
20250	63573	21	9
20251	63577	21	9
20252	63585	21	8
20253	63587	21	9
20254	63589	21	9
20255	63593	21	9
20256	63601	21	9
20257	63621	21	8
20258	63623	21	9
20259	63625	21	8
20260	63627	21	9
20261	63629	21	9
20262	63633	21	8
20263	63635	21	9
20264	63637	21	9
20265	63641	21	9
20266	63649	21	8
20267	63651	21	9
20268	63653	21	9
20269	63657	21	9
20270	63665	21	9
20271	63683	21	9
20272	63685	21	9
20273	63689	21	9
20274	63697	21	9
20275	63713	21	9
20276	63753	21	8
20277	63755	21	9
20278	63757	21	9
20279	63761	21	8
20280	63763	21	9
20281	63765	21	9
20282	63769	21	9
20283	63777	21	8
20284	63779	21	9
20285	63781	21	9
20286	63785	21	9
20287	63793	21	9
20288	63811	21	9
20289	63813	21	9
20290	63817	21	9
20291	63825	21	9
20292	63841	21	9
20293	63877	21	9
20294	63881	21	9
20295	63889	21	9
20296	63905	21	9
20297	64017	21	8
20298	64019	21	9
20299	64021	21	9
20300	64025	21	9
20301	64033	21	8
20302	64035	21	9
20303	64037	21	9
20304	64041	21	9
20305	64049	21	9
20306	64067	21	9
20307	64069	21	9
20308	64073	21	9
20309	64081	21	9
20310	64097	21	9
20311	64133	21	9
20312	64137	21	9
20313	64145	21	9
20314	64161	21	9
20315	64265	21	9
20316	64273	21	9
20317	64289	21	9
20318	64545	21	8
20319	64547	21	9
20320	64549	21	9
20321	64553	21	9
20322	64561	21	9
20323	64579	21	9
20324	64581	21	9
20325	64585	21	9
20326	64593	21	9
20327	64609	21	9
20328	64645	21	9
20329	64649	21	9
20330	64657	21	9
20331	64673	21	9
20332	64777	21	9
20333	64785	21	9
20334	64801	21	9
20335	65041	21	9
20336	65057	21	9
20337	67651	21	5
20338	67653	21	5
20339	67655	21	6
20340	67657	21	5
20341	67659	21	6
20342	67661	21	6
20343	67663	21	7
20344	67665	21	5
20345	67667	21	6
20346	67669	21	6
20347	67671	21	7
20348	67673	21	6
20349	67675	21	7
20350	67677	21	7
20351	67679	21	8
20352	67683	21	6
20353	67685	21	6
20354	67687	21	7
20355	67689	21	6
20356	67691	21	7
20357	67693	21	7
20358	67695	21	8
20359	67697	21	6
20360	67699	21	7
20361	67701	21	7
20362	67703	21	8
20363	67705	21	7
20364	67707	21	8
20365	67709	21	8
20366	67711	21	9
20367	67717	21	5
20368	67719	21	6
20369	67721	21	5
20370	67723	21	6
20371	67725	21	6
20372	67727	21	7
20373	67729	21	5
20374	67731	21	6
20375	67733	21	6
20376	67735	21	7
20377	67737	21	6
20378	67739	21	7
20379	67741	21	7
20380	67743	21	8
20381	67747	21	6
20382	67749	21	6
20383	67751	21	7
20384	67753	21	6
20385	67755	21	7
20386	67757	21	7
20387	67759	21	8
20388	67761	21	6
20389	67763	21	7
20390	67765	21	7
20391	67767	21	8
20392	67769	21	7
20393	67771	21	8
20394	67773	21	8
20395	67775	21	9
20396	67779	21	6
20397	67781	21	6
20398	67783	21	7
20399	67785	21	6
20400	67787	21	7
20401	67789	21	7
20402	67791	21	8
20403	67793	21	6
20404	67795	21	7
20405	67797	21	7
20406	67799	21	8
20407	67801	21	7
20408	67803	21	8
20409	67805	21	8
20410	67807	21	9
20411	67811	21	7
20412	67813	21	7
20413	67815	21	8
20414	67817	21	7
20415	67819	21	8
20416	67821	21	8
20417	67823	21	9
20418	67825	21	7
20419	67827	21	8
20420	67829	21	8
20421	67831	21	9
20422	67833	21	8
20423	67835	21	9
20424	67837	21	9
20425	67849	21	5
20426	67851	21	6
20427	67853	21	6
20428	67855	21	7
20429	67857	21	5
20430	67859	21	6
20431	67861	21	6
20432	67863	21	7
20433	67865	21	6
20434	67867	21	7
20435	67869	21	7
20436	67871	21	8
20437	67875	21	6
20438	67877	21	6
20439	67879	21	7
20440	67881	21	6
20441	67883	21	7
20442	67885	21	7
20443	67887	21	8
20444	67889	21	6
20445	67891	21	7
20446	67893	21	7
20447	67895	21	8
20448	67897	21	7
20449	67899	21	8
20450	67901	21	8
20451	67903	21	9
20452	67907	21	6
20453	67909	21	6
20454	67911	21	7
20455	67913	21	6
20456	67915	21	7
20457	67917	21	7
20458	67919	21	8
20459	67921	21	6
20460	67923	21	7
20461	67925	21	7
20462	67927	21	8
20463	67929	21	7
20464	67931	21	8
20465	67933	21	8
20466	67935	21	9
20467	67939	21	7
20468	67941	21	7
20469	67943	21	8
20470	67945	21	7
20471	67947	21	8
20472	67949	21	8
20473	67951	21	9
20474	67953	21	7
20475	67955	21	8
20476	67957	21	8
20477	67959	21	9
20478	67961	21	8
20479	67963	21	9
20480	67965	21	9
20481	67973	21	6
20482	67975	21	7
20483	67977	21	6
20484	67979	21	7
20485	67981	21	7
20486	67983	21	8
20487	67985	21	6
20488	67987	21	7
20489	67989	21	7
20490	67991	21	8
20491	67993	21	7
20492	67995	21	8
20493	67997	21	8
20494	67999	21	9
20495	68003	21	7
20496	68005	21	7
20497	68007	21	8
20498	68009	21	7
20499	68011	21	8
20500	68013	21	8
20501	68015	21	9
20502	68017	21	7
20503	68019	21	8
20504	68021	21	8
20505	68023	21	9
20506	68025	21	8
20507	68027	21	9
20508	68029	21	9
20509	68035	21	7
20510	68037	21	7
20511	68039	21	8
20512	68041	21	7
20513	68043	21	8
20514	68045	21	8
20515	68047	21	9
20516	68049	21	7
20517	68051	21	8
20518	68053	21	8
20519	68055	21	9
20520	68057	21	8
20521	68059	21	9
20522	68061	21	9
20523	68067	21	8
20524	68069	21	8
20525	68071	21	9
20526	68073	21	8
20527	68075	21	9
20528	68077	21	9
20529	68081	21	8
20530	68083	21	9
20531	68085	21	9
20532	68089	21	9
20533	68113	21	5
20534	68115	21	6
20535	68117	21	6
20536	68119	21	7
20537	68121	21	6
20538	68123	21	7
20539	68125	21	7
20540	68127	21	8
20541	68131	21	6
20542	68133	21	6
20543	68135	21	7
20544	68137	21	6
20545	68139	21	7
20546	68141	21	7
20547	68143	21	8
20548	68145	21	6
20549	68147	21	7
20550	68149	21	7
20551	68151	21	8
20552	68153	21	7
20553	68155	21	8
20554	68157	21	8
20555	68159	21	9
20556	68163	21	6
20557	68165	21	6
20558	68167	21	7
20559	68169	21	6
20560	68171	21	7
20561	68173	21	7
20562	68175	21	8
20563	68177	21	6
20564	68179	21	7
20565	68181	21	7
20566	68183	21	8
20567	68185	21	7
20568	68187	21	8
20569	68189	21	8
20570	68191	21	9
20571	68195	21	7
20572	68197	21	7
20573	68199	21	8
20574	68201	21	7
20575	68203	21	8
20576	68205	21	8
20577	68207	21	9
20578	68209	21	7
20579	68211	21	8
20580	68213	21	8
20581	68215	21	9
20582	68217	21	8
20583	68219	21	9
20584	68221	21	9
20585	68229	21	6
20586	68231	21	7
20587	68233	21	6
20588	68235	21	7
20589	68237	21	7
20590	68239	21	8
20591	68241	21	6
20592	68243	21	7
20593	68245	21	7
20594	68247	21	8
20595	68249	21	7
20596	68251	21	8
20597	68253	21	8
20598	68255	21	9
20599	68259	21	7
20600	68261	21	7
20601	68263	21	8
20602	68265	21	7
20603	68267	21	8
20604	68269	21	8
20605	68271	21	9
20606	68273	21	7
20607	68275	21	8
20608	68277	21	8
20609	68279	21	9
20610	68281	21	8
20611	68283	21	9
20612	68285	21	9
20613	68291	21	7
20614	68293	21	7
20615	68295	21	8
20616	68297	21	7
20617	68299	21	8
20618	68301	21	8
20619	68303	21	9
20620	68305	21	7
20621	68307	21	8
20622	68309	21	8
20623	68311	21	9
20624	68313	21	8
20625	68315	21	9
20626	68317	21	9
20627	68323	21	8
20628	68325	21	8
20629	68327	21	9
20630	68329	21	8
20631	68331	21	9
20632	68333	21	9
20633	68337	21	8
20634	68339	21	9
20635	68341	21	9
20636	68345	21	9
20637	68361	21	6
20638	68363	21	7
20639	68365	21	7
20640	68367	21	8
20641	68369	21	6
20642	68371	21	7
20643	68373	21	7
20644	68375	21	8
20645	68377	21	7
20646	68379	21	8
20647	68381	21	8
20648	68383	21	9
20649	68387	21	7
20650	68389	21	7
20651	68391	21	8
20652	68393	21	7
20653	68395	21	8
20654	68397	21	8
20655	68399	21	9
20656	68401	21	7
20657	68403	21	8
20658	68405	21	8
20659	68407	21	9
20660	68409	21	8
20661	68411	21	9
20662	68413	21	9
20663	68419	21	7
20664	68421	21	7
20665	68423	21	8
20666	68425	21	7
20667	68427	21	8
20668	68429	21	8
20669	68431	21	9
20670	68433	21	7
20671	68435	21	8
20672	68437	21	8
20673	68439	21	9
20674	68441	21	8
20675	68443	21	9
20676	68445	21	9
20677	68451	21	8
20678	68453	21	8
20679	68455	21	9
20680	68457	21	8
20681	68459	21	9
20682	68461	21	9
20683	68465	21	8
20684	68467	21	9
20685	68469	21	9
20686	68473	21	9
20687	68485	21	7
20688	68487	21	8
20689	68489	21	7
20690	68491	21	8
20691	68493	21	8
20692	68495	21	9
20693	68497	21	7
20694	68499	21	8
20695	68501	21	8
20696	68503	21	9
20697	68505	21	8
20698	68507	21	9
20699	68509	21	9
20700	68515	21	8
20701	68517	21	8
20702	68519	21	9
20703	68521	21	8
20704	68523	21	9
20705	68525	21	9
20706	68529	21	8
20707	68531	21	9
20708	68533	21	9
20709	68537	21	9
20710	68547	21	8
20711	68549	21	8
20712	68551	21	9
20713	68553	21	8
20714	68555	21	9
20715	68557	21	9
20716	68561	21	8
20717	68563	21	9
20718	68565	21	9
20719	68569	21	9
20720	68579	21	9
20721	68581	21	9
20722	68585	21	9
20723	68593	21	9
20724	68643	21	6
20725	68645	21	6
20726	68647	21	7
20727	68649	21	6
20728	68651	21	7
20729	68653	21	7
20730	68655	21	8
20731	68657	21	6
20732	68659	21	7
20733	68661	21	7
20734	68663	21	8
20735	68665	21	7
20736	68667	21	8
20737	68669	21	8
20738	68671	21	9
20739	68675	21	6
20740	68677	21	6
20741	68679	21	7
20742	68681	21	6
20743	68683	21	7
20744	68685	21	7
20745	68687	21	8
20746	68689	21	6
20747	68691	21	7
20748	68693	21	7
20749	68695	21	8
20750	68697	21	7
20751	68699	21	8
20752	68701	21	8
20753	68703	21	9
20754	68707	21	7
20755	68709	21	7
20756	68711	21	8
20757	68713	21	7
20758	68715	21	8
20759	68717	21	8
20760	68719	21	9
20761	68721	21	7
20762	68723	21	8
20763	68725	21	8
20764	68727	21	9
20765	68729	21	8
20766	68731	21	9
20767	68733	21	9
20768	68741	21	6
20769	68743	21	7
20770	68745	21	6
20771	68747	21	7
20772	68749	21	7
20773	68751	21	8
20774	68753	21	6
20775	68755	21	7
20776	68757	21	7
20777	68759	21	8
20778	68761	21	7
20779	68763	21	8
20780	68765	21	8
20781	68767	21	9
20782	68771	21	7
20783	68773	21	7
20784	68775	21	8
20785	68777	21	7
20786	68779	21	8
20787	68781	21	8
20788	68783	21	9
20789	68785	21	7
20790	68787	21	8
20791	68789	21	8
20792	68791	21	9
20793	68793	21	8
20794	68795	21	9
20795	68797	21	9
20796	68803	21	7
20797	68805	21	7
20798	68807	21	8
20799	68809	21	7
20800	68811	21	8
20801	68813	21	8
20802	68815	21	9
20803	68817	21	7
20804	68819	21	8
20805	68821	21	8
20806	68823	21	9
20807	68825	21	8
20808	68827	21	9
20809	68829	21	9
20810	68835	21	8
20811	68837	21	8
20812	68839	21	9
20813	68841	21	8
20814	68843	21	9
20815	68845	21	9
20816	68849	21	8
20817	68851	21	9
20818	68853	21	9
20819	68857	21	9
20820	68873	21	6
20821	68875	21	7
20822	68877	21	7
20823	68879	21	8
20824	68881	21	6
20825	68883	21	7
20826	68885	21	7
20827	68887	21	8
20828	68889	21	7
20829	68891	21	8
20830	68893	21	8
20831	68895	21	9
20832	68899	21	7
20833	68901	21	7
20834	68903	21	8
20835	68905	21	7
20836	68907	21	8
20837	68909	21	8
20838	68911	21	9
20839	68913	21	7
20840	68915	21	8
20841	68917	21	8
20842	68919	21	9
20843	68921	21	8
20844	68923	21	9
20845	68925	21	9
20846	68931	21	7
20847	68933	21	7
20848	68935	21	8
20849	68937	21	7
20850	68939	21	8
20851	68941	21	8
20852	68943	21	9
20853	68945	21	7
20854	68947	21	8
20855	68949	21	8
20856	68951	21	9
20857	68953	21	8
20858	68955	21	9
20859	68957	21	9
20860	68963	21	8
20861	68965	21	8
20862	68967	21	9
20863	68969	21	8
20864	68971	21	9
20865	68973	21	9
20866	68977	21	8
20867	68979	21	9
20868	68981	21	9
20869	68985	21	9
20870	68997	21	7
20871	68999	21	8
20872	69001	21	7
20873	69003	21	8
20874	69005	21	8
20875	69007	21	9
20876	69009	21	7
20877	69011	21	8
20878	69013	21	8
20879	69015	21	9
20880	69017	21	8
20881	69019	21	9
20882	69021	21	9
20883	69027	21	8
20884	69029	21	8
20885	69031	21	9
20886	69033	21	8
20887	69035	21	9
20888	69037	21	9
20889	69041	21	8
20890	69043	21	9
20891	69045	21	9
20892	69049	21	9
20893	69059	21	8
20894	69061	21	8
20895	69063	21	9
20896	69065	21	8
20897	69067	21	9
20898	69069	21	9
20899	69073	21	8
20900	69075	21	9
20901	69077	21	9
20902	69081	21	9
20903	69091	21	9
20904	69093	21	9
20905	69097	21	9
20906	69105	21	9
20907	69137	21	6
20908	69139	21	7
20909	69141	21	7
20910	69143	21	8
20911	69145	21	7
20912	69147	21	8
20913	69149	21	8
20914	69151	21	9
20915	69155	21	7
20916	69157	21	7
20917	69159	21	8
20918	69161	21	7
20919	69163	21	8
20920	69165	21	8
20921	69167	21	9
20922	69169	21	7
20923	69171	21	8
20924	69173	21	8
20925	69175	21	9
20926	69177	21	8
20927	69179	21	9
20928	69181	21	9
20929	69187	21	7
20930	69189	21	7
20931	69191	21	8
20932	69193	21	7
20933	69195	21	8
20934	69197	21	8
20935	69199	21	9
20936	69201	21	7
20937	69203	21	8
20938	69205	21	8
20939	69207	21	9
20940	69209	21	8
20941	69211	21	9
20942	69213	21	9
20943	69219	21	8
20944	69221	21	8
20945	69223	21	9
20946	69225	21	8
20947	69227	21	9
20948	69229	21	9
20949	69233	21	8
20950	69235	21	9
20951	69237	21	9
20952	69241	21	9
20953	69253	21	7
20954	69255	21	8
20955	69257	21	7
20956	69259	21	8
20957	69261	21	8
20958	69263	21	9
20959	69265	21	7
20960	69267	21	8
20961	69269	21	8
20962	69271	21	9
20963	69273	21	8
20964	69275	21	9
20965	69277	21	9
20966	69283	21	8
20967	69285	21	8
20968	69287	21	9
20969	69289	21	8
20970	69291	21	9
20971	69293	21	9
20972	69297	21	8
20973	69299	21	9
20974	69301	21	9
20975	69305	21	9
20976	69315	21	8
20977	69317	21	8
20978	69319	21	9
20979	69321	21	8
20980	69323	21	9
20981	69325	21	9
20982	69329	21	8
20983	69331	21	9
20984	69333	21	9
20985	69337	21	9
20986	69347	21	9
20987	69349	21	9
20988	69353	21	9
20989	69361	21	9
20990	69385	21	7
20991	69387	21	8
20992	69389	21	8
20993	69391	21	9
20994	69393	21	7
20995	69395	21	8
20996	69397	21	8
20997	69399	21	9
20998	69401	21	8
20999	69403	21	9
21000	69405	21	9
21001	69411	21	8
21002	69413	21	8
21003	69415	21	9
21004	69417	21	8
21005	69419	21	9
21006	69421	21	9
21007	69425	21	8
21008	69427	21	9
21009	69429	21	9
21010	69433	21	9
21011	69443	21	8
21012	69445	21	8
21013	69447	21	9
21014	69449	21	8
21015	69451	21	9
21016	69453	21	9
21017	69457	21	8
21018	69459	21	9
21019	69461	21	9
21020	69465	21	9
21021	69475	21	9
21022	69477	21	9
21023	69481	21	9
21024	69489	21	9
21025	69509	21	8
21026	69511	21	9
21027	69513	21	8
21028	69515	21	9
21029	69517	21	9
21030	69521	21	8
21031	69523	21	9
21032	69525	21	9
21033	69529	21	9
21034	69539	21	9
21035	69541	21	9
21036	69545	21	9
21037	69553	21	9
21038	69571	21	9
21039	69573	21	9
21040	69577	21	9
21041	69585	21	9
21042	69769	21	5
21043	69771	21	6
21044	69773	21	6
21045	69775	21	7
21046	69777	21	5
21047	69779	21	6
21048	69781	21	6
21049	69783	21	7
21050	69785	21	6
21051	69787	21	7
21052	69789	21	7
21053	69791	21	8
21054	69795	21	6
21055	69797	21	6
21056	69799	21	7
21057	69801	21	6
21058	69803	21	7
21059	69805	21	7
21060	69807	21	8
21061	69809	21	6
21062	69811	21	7
21063	69813	21	7
21064	69815	21	8
21065	69817	21	7
21066	69819	21	8
21067	69821	21	8
21068	69823	21	9
21069	69827	21	6
21070	69829	21	6
21071	69831	21	7
21072	69833	21	6
21073	69835	21	7
21074	69837	21	7
21075	69839	21	8
21076	69841	21	6
21077	69843	21	7
21078	69845	21	7
21079	69847	21	8
21080	69849	21	7
21081	69851	21	8
21082	69853	21	8
21083	69855	21	9
21084	69859	21	7
21085	69861	21	7
21086	69863	21	8
21087	69865	21	7
21088	69867	21	8
21089	69869	21	8
21090	69871	21	9
21091	69873	21	7
21092	69875	21	8
21093	69877	21	8
21094	69879	21	9
21095	69881	21	8
21096	69883	21	9
21097	69885	21	9
21098	69897	21	5
21099	69899	21	6
21100	69901	21	6
21101	69903	21	7
21102	69905	21	5
21103	69907	21	6
21104	69909	21	6
21105	69911	21	7
21106	69913	21	6
21107	69915	21	7
21108	69917	21	7
21109	69919	21	8
21110	69923	21	6
21111	69925	21	6
21112	69927	21	7
21113	69929	21	6
21114	69931	21	7
21115	69933	21	7
21116	69935	21	8
21117	69937	21	6
21118	69939	21	7
21119	69941	21	7
21120	69943	21	8
21121	69945	21	7
21122	69947	21	8
21123	69949	21	8
21124	69951	21	9
21125	69955	21	6
21126	69957	21	6
21127	69959	21	7
21128	69961	21	6
21129	69963	21	7
21130	69965	21	7
21131	69967	21	8
21132	69969	21	6
21133	69971	21	7
21134	69973	21	7
21135	69975	21	8
21136	69977	21	7
21137	69979	21	8
21138	69981	21	8
21139	69983	21	9
21140	69987	21	7
21141	69989	21	7
21142	69991	21	8
21143	69993	21	7
21144	69995	21	8
21145	69997	21	8
21146	69999	21	9
21147	70001	21	7
21148	70003	21	8
21149	70005	21	8
21150	70007	21	9
21151	70009	21	8
21152	70011	21	9
21153	70013	21	9
21154	70021	21	6
21155	70023	21	7
21156	70025	21	6
21157	70027	21	7
21158	70029	21	7
21159	70031	21	8
21160	70033	21	6
21161	70035	21	7
21162	70037	21	7
21163	70039	21	8
21164	70041	21	7
21165	70043	21	8
21166	70045	21	8
21167	70047	21	9
21168	70051	21	7
21169	70053	21	7
21170	70055	21	8
21171	70057	21	7
21172	70059	21	8
21173	70061	21	8
21174	70063	21	9
21175	70065	21	7
21176	70067	21	8
21177	70069	21	8
21178	70071	21	9
21179	70073	21	8
21180	70075	21	9
21181	70077	21	9
21182	70083	21	7
21183	70085	21	7
21184	70087	21	8
21185	70089	21	7
21186	70091	21	8
21187	70093	21	8
21188	70095	21	9
21189	70097	21	7
21190	70099	21	8
21191	70101	21	8
21192	70103	21	9
21193	70105	21	8
21194	70107	21	9
21195	70109	21	9
21196	70115	21	8
21197	70117	21	8
21198	70119	21	9
21199	70121	21	8
21200	70123	21	9
21201	70125	21	9
21202	70129	21	8
21203	70131	21	9
21204	70133	21	9
21205	70137	21	9
21206	70163	21	6
21207	70165	21	6
21208	70167	21	7
21209	70169	21	6
21210	70171	21	7
21211	70173	21	7
21212	70175	21	8
21213	70179	21	6
21214	70181	21	6
21215	70183	21	7
21216	70185	21	6
21217	70187	21	7
21218	70189	21	7
21219	70191	21	8
21220	70193	21	6
21221	70195	21	7
21222	70197	21	7
21223	70199	21	8
21224	70201	21	7
21225	70203	21	8
21226	70205	21	8
21227	70207	21	9
21228	70211	21	6
21229	70213	21	6
21230	70215	21	7
21231	70217	21	6
21232	70219	21	7
21233	70221	21	7
21234	70223	21	8
21235	70225	21	6
21236	70227	21	7
21237	70229	21	7
21238	70231	21	8
21239	70233	21	7
21240	70235	21	8
21241	70237	21	8
21242	70239	21	9
21243	70243	21	7
21244	70245	21	7
21245	70247	21	8
21246	70249	21	7
21247	70251	21	8
21248	70253	21	8
21249	70255	21	9
21250	70257	21	7
21251	70259	21	8
21252	70261	21	8
21253	70263	21	9
21254	70265	21	8
21255	70267	21	9
21256	70269	21	9
21257	70277	21	6
21258	70279	21	7
21259	70281	21	6
21260	70283	21	7
21261	70285	21	7
21262	70287	21	8
21263	70289	21	6
21264	70291	21	7
21265	70293	21	7
21266	70295	21	8
21267	70297	21	7
21268	70299	21	8
21269	70301	21	8
21270	70303	21	9
21271	70307	21	7
21272	70309	21	7
21273	70311	21	8
21274	70313	21	7
21275	70315	21	8
21276	70317	21	8
21277	70319	21	9
21278	70321	21	7
21279	70323	21	8
21280	70325	21	8
21281	70327	21	9
21282	70329	21	8
21283	70331	21	9
21284	70333	21	9
21285	70339	21	7
21286	70341	21	7
21287	70343	21	8
21288	70345	21	7
21289	70347	21	8
21290	70349	21	8
21291	70351	21	9
21292	70353	21	7
21293	70355	21	8
21294	70357	21	8
21295	70359	21	9
21296	70361	21	8
21297	70363	21	9
21298	70365	21	9
21299	70371	21	8
21300	70373	21	8
21301	70375	21	9
21302	70377	21	8
21303	70379	21	9
21304	70381	21	9
21305	70385	21	8
21306	70387	21	9
21307	70389	21	9
21308	70393	21	9
21309	70409	21	6
21310	70411	21	7
21311	70413	21	7
21312	70415	21	8
21313	70417	21	6
21314	70419	21	7
21315	70421	21	7
21316	70423	21	8
21317	70425	21	7
21318	70427	21	8
21319	70429	21	8
21320	70431	21	9
21321	70435	21	7
21322	70437	21	7
21323	70439	21	8
21324	70441	21	7
21325	70443	21	8
21326	70445	21	8
21327	70447	21	9
21328	70449	21	7
21329	70451	21	8
21330	70453	21	8
21331	70455	21	9
21332	70457	21	8
21333	70459	21	9
21334	70461	21	9
21335	70467	21	7
21336	70469	21	7
21337	70471	21	8
21338	70473	21	7
21339	70475	21	8
21340	70477	21	8
21341	70479	21	9
21342	70481	21	7
21343	70483	21	8
21344	70485	21	8
21345	70487	21	9
21346	70489	21	8
21347	70491	21	9
21348	70493	21	9
21349	70499	21	8
21350	70501	21	8
21351	70503	21	9
21352	70505	21	8
21353	70507	21	9
21354	70509	21	9
21355	70513	21	8
21356	70515	21	9
21357	70517	21	9
21358	70521	21	9
21359	70533	21	7
21360	70535	21	8
21361	70537	21	7
21362	70539	21	8
21363	70541	21	8
21364	70543	21	9
21365	70545	21	7
21366	70547	21	8
21367	70549	21	8
21368	70551	21	9
21369	70553	21	8
21370	70555	21	9
21371	70557	21	9
21372	70563	21	8
21373	70565	21	8
21374	70567	21	9
21375	70569	21	8
21376	70571	21	9
21377	70573	21	9
21378	70577	21	8
21379	70579	21	9
21380	70581	21	9
21381	70585	21	9
21382	70595	21	8
21383	70597	21	8
21384	70599	21	9
21385	70601	21	8
21386	70603	21	9
21387	70605	21	9
21388	70609	21	8
21389	70611	21	9
21390	70613	21	9
21391	70617	21	9
21392	70627	21	9
21393	70629	21	9
21394	70633	21	9
21395	70641	21	9
21396	70691	21	6
21397	70693	21	6
21398	70695	21	7
21399	70697	21	6
21400	70699	21	7
21401	70701	21	7
21402	70703	21	8
21403	70705	21	6
21404	70707	21	7
21405	70709	21	7
21406	70711	21	8
21407	70713	21	7
21408	70715	21	8
21409	70717	21	8
21410	70719	21	9
21411	70723	21	6
21412	70725	21	6
21413	70727	21	7
21414	70729	21	6
21415	70731	21	7
21416	70733	21	7
21417	70735	21	8
21418	70737	21	6
21419	70739	21	7
21420	70741	21	7
21421	70743	21	8
21422	70745	21	7
21423	70747	21	8
21424	70749	21	8
21425	70751	21	9
21426	70755	21	7
21427	70757	21	7
21428	70759	21	8
21429	70761	21	7
21430	70763	21	8
21431	70765	21	8
21432	70767	21	9
21433	70769	21	7
21434	70771	21	8
21435	70773	21	8
21436	70775	21	9
21437	70777	21	8
21438	70779	21	9
21439	70781	21	9
21440	70789	21	6
21441	70791	21	7
21442	70793	21	6
21443	70795	21	7
21444	70797	21	7
21445	70799	21	8
21446	70801	21	6
21447	70803	21	7
21448	70805	21	7
21449	70807	21	8
21450	70809	21	7
21451	70811	21	8
21452	70813	21	8
21453	70815	21	9
21454	70819	21	7
21455	70821	21	7
21456	70823	21	8
21457	70825	21	7
21458	70827	21	8
21459	70829	21	8
21460	70831	21	9
21461	70833	21	7
21462	70835	21	8
21463	70837	21	8
21464	70839	21	9
21465	70841	21	8
21466	70843	21	9
21467	70845	21	9
21468	70851	21	7
21469	70853	21	7
21470	70855	21	8
21471	70857	21	7
21472	70859	21	8
21473	70861	21	8
21474	70863	21	9
21475	70865	21	7
21476	70867	21	8
21477	70869	21	8
21478	70871	21	9
21479	70873	21	8
21480	70875	21	9
21481	70877	21	9
21482	70883	21	8
21483	70885	21	8
21484	70887	21	9
21485	70889	21	8
21486	70891	21	9
21487	70893	21	9
21488	70897	21	8
21489	70899	21	9
21490	70901	21	9
21491	70905	21	9
21492	70921	21	6
21493	70923	21	7
21494	70925	21	7
21495	70927	21	8
21496	70929	21	6
21497	70931	21	7
21498	70933	21	7
21499	70935	21	8
21500	70937	21	7
21501	70939	21	8
21502	70941	21	8
21503	70943	21	9
21504	70947	21	7
21505	70949	21	7
21506	70951	21	8
21507	70953	21	7
21508	70955	21	8
21509	70957	21	8
21510	70959	21	9
21511	70961	21	7
21512	70963	21	8
21513	70965	21	8
21514	70967	21	9
21515	70969	21	8
21516	70971	21	9
21517	70973	21	9
21518	70979	21	7
21519	70981	21	7
21520	70983	21	8
21521	70985	21	7
21522	70987	21	8
21523	70989	21	8
21524	70991	21	9
21525	70993	21	7
21526	70995	21	8
21527	70997	21	8
21528	70999	21	9
21529	71001	21	8
21530	71003	21	9
21531	71005	21	9
21532	71011	21	8
21533	71013	21	8
21534	71015	21	9
21535	71017	21	8
21536	71019	21	9
21537	71021	21	9
21538	71025	21	8
21539	71027	21	9
21540	71029	21	9
21541	71033	21	9
21542	71045	21	7
21543	71047	21	8
21544	71049	21	7
21545	71051	21	8
21546	71053	21	8
21547	71055	21	9
21548	71057	21	7
21549	71059	21	8
21550	71061	21	8
21551	71063	21	9
21552	71065	21	8
21553	71067	21	9
21554	71069	21	9
21555	71075	21	8
21556	71077	21	8
21557	71079	21	9
21558	71081	21	8
21559	71083	21	9
21560	71085	21	9
21561	71089	21	8
21562	71091	21	9
21563	71093	21	9
21564	71097	21	9
21565	71107	21	8
21566	71109	21	8
21567	71111	21	9
21568	71113	21	8
21569	71115	21	9
21570	71117	21	9
21571	71121	21	8
21572	71123	21	9
21573	71125	21	9
21574	71129	21	9
21575	71139	21	9
21576	71141	21	9
21577	71145	21	9
21578	71153	21	9
21579	71187	21	7
21580	71189	21	7
21581	71191	21	8
21582	71193	21	7
21583	71195	21	8
21584	71197	21	8
21585	71199	21	9
21586	71203	21	7
21587	71205	21	7
21588	71207	21	8
21589	71209	21	7
21590	71211	21	8
21591	71213	21	8
21592	71215	21	9
21593	71217	21	7
21594	71219	21	8
21595	71221	21	8
21596	71223	21	9
21597	71225	21	8
21598	71227	21	9
21599	71229	21	9
21600	71235	21	7
21601	71237	21	7
21602	71239	21	8
21603	71241	21	7
21604	71243	21	8
21605	71245	21	8
21606	71247	21	9
21607	71249	21	7
21608	71251	21	8
21609	71253	21	8
21610	71255	21	9
21611	71257	21	8
21612	71259	21	9
21613	71261	21	9
21614	71267	21	8
21615	71269	21	8
21616	71271	21	9
21617	71273	21	8
21618	71275	21	9
21619	71277	21	9
21620	71281	21	8
21621	71283	21	9
21622	71285	21	9
21623	71289	21	9
21624	71301	21	7
21625	71303	21	8
21626	71305	21	7
21627	71307	21	8
21628	71309	21	8
21629	71311	21	9
21630	71313	21	7
21631	71315	21	8
21632	71317	21	8
21633	71319	21	9
21634	71321	21	8
21635	71323	21	9
21636	71325	21	9
21637	71331	21	8
21638	71333	21	8
21639	71335	21	9
21640	71337	21	8
21641	71339	21	9
21642	71341	21	9
21643	71345	21	8
21644	71347	21	9
21645	71349	21	9
21646	71353	21	9
21647	71363	21	8
21648	71365	21	8
21649	71367	21	9
21650	71369	21	8
21651	71371	21	9
21652	71373	21	9
21653	71377	21	8
21654	71379	21	9
21655	71381	21	9
21656	71385	21	9
21657	71395	21	9
21658	71397	21	9
21659	71401	21	9
21660	71409	21	9
21661	71433	21	7
21662	71435	21	8
21663	71437	21	8
21664	71439	21	9
21665	71441	21	7
21666	71443	21	8
21667	71445	21	8
21668	71447	21	9
21669	71449	21	8
21670	71451	21	9
21671	71453	21	9
21672	71459	21	8
21673	71461	21	8
21674	71463	21	9
21675	71465	21	8
21676	71467	21	9
21677	71469	21	9
21678	71473	21	8
21679	71475	21	9
21680	71477	21	9
21681	71481	21	9
21682	71491	21	8
21683	71493	21	8
21684	71495	21	9
21685	71497	21	8
21686	71499	21	9
21687	71501	21	9
21688	71505	21	8
21689	71507	21	9
21690	71509	21	9
21691	71513	21	9
21692	71523	21	9
21693	71525	21	9
21694	71529	21	9
21695	71537	21	9
21696	71557	21	8
21697	71559	21	9
21698	71561	21	8
21699	71563	21	9
21700	71565	21	9
21701	71569	21	8
21702	71571	21	9
21703	71573	21	9
21704	71577	21	9
21705	71587	21	9
21706	71589	21	9
21707	71593	21	9
21708	71601	21	9
21709	71619	21	9
21710	71621	21	9
21711	71625	21	9
21712	71633	21	9
21713	71751	21	7
21714	71753	21	6
21715	71755	21	7
21716	71757	21	7
21717	71759	21	8
21718	71761	21	6
21719	71763	21	7
21720	71765	21	7
21721	71767	21	8
21722	71769	21	7
21723	71771	21	8
21724	71773	21	8
21725	71775	21	9
21726	71779	21	7
21727	71781	21	7
21728	71783	21	8
21729	71785	21	7
21730	71787	21	8
21731	71789	21	8
21732	71791	21	9
21733	71793	21	7
21734	71795	21	8
21735	71797	21	8
21736	71799	21	9
21737	71801	21	8
21738	71803	21	9
21739	71805	21	9
21740	71813	21	6
21741	71815	21	7
21742	71817	21	6
21743	71819	21	7
21744	71821	21	7
21745	71823	21	8
21746	71825	21	6
21747	71827	21	7
21748	71829	21	7
21749	71831	21	8
21750	71833	21	7
21751	71835	21	8
21752	71837	21	8
21753	71839	21	9
21754	71843	21	7
21755	71845	21	7
21756	71847	21	8
21757	71849	21	7
21758	71851	21	8
21759	71853	21	8
21760	71855	21	9
21761	71857	21	7
21762	71859	21	8
21763	71861	21	8
21764	71863	21	9
21765	71865	21	8
21766	71867	21	9
21767	71869	21	9
21768	71875	21	7
21769	71877	21	7
21770	71879	21	8
21771	71881	21	7
21772	71883	21	8
21773	71885	21	8
21774	71887	21	9
21775	71889	21	7
21776	71891	21	8
21777	71893	21	8
21778	71895	21	9
21779	71897	21	8
21780	71899	21	9
21781	71901	21	9
21782	71907	21	8
21783	71909	21	8
21784	71911	21	9
21785	71913	21	8
21786	71915	21	9
21787	71917	21	9
21788	71921	21	8
21789	71923	21	9
21790	71925	21	9
21791	71929	21	9
21792	71945	21	6
21793	71947	21	7
21794	71949	21	7
21795	71951	21	8
21796	71953	21	6
21797	71955	21	7
21798	71957	21	7
21799	71959	21	8
21800	71961	21	7
21801	71963	21	8
21802	71965	21	8
21803	71967	21	9
21804	71971	21	7
21805	71973	21	7
21806	71975	21	8
21807	71977	21	7
21808	71979	21	8
21809	71981	21	8
21810	71983	21	9
21811	71985	21	7
21812	71987	21	8
21813	71989	21	8
21814	71991	21	9
21815	71993	21	8
21816	71995	21	9
21817	71997	21	9
21818	72003	21	7
21819	72005	21	7
21820	72007	21	8
21821	72009	21	7
21822	72011	21	8
21823	72013	21	8
21824	72015	21	9
21825	72017	21	7
21826	72019	21	8
21827	72021	21	8
21828	72023	21	9
21829	72025	21	8
21830	72027	21	9
21831	72029	21	9
21832	72035	21	8
21833	72037	21	8
21834	72039	21	9
21835	72041	21	8
21836	72043	21	9
21837	72045	21	9
21838	72049	21	8
21839	72051	21	9
21840	72053	21	9
21841	72057	21	9
21842	72069	21	7
21843	72071	21	8
21844	72073	21	7
21845	72075	21	8
21846	72077	21	8
21847	72079	21	9
21848	72081	21	7
21849	72083	21	8
21850	72085	21	8
21851	72087	21	9
21852	72089	21	8
21853	72091	21	9
21854	72093	21	9
21855	72099	21	8
21856	72101	21	8
21857	72103	21	9
21858	72105	21	8
21859	72107	21	9
21860	72109	21	9
21861	72113	21	8
21862	72115	21	9
21863	72117	21	9
21864	72121	21	9
21865	72131	21	8
21866	72133	21	8
21867	72135	21	9
21868	72137	21	8
21869	72139	21	9
21870	72141	21	9
21871	72145	21	8
21872	72147	21	9
21873	72149	21	9
21874	72153	21	9
21875	72163	21	9
21876	72165	21	9
21877	72169	21	9
21878	72177	21	9
21879	72211	21	7
21880	72213	21	7
21881	72215	21	8
21882	72217	21	7
21883	72219	21	8
21884	72221	21	8
21885	72223	21	9
21886	72227	21	7
21887	72229	21	7
21888	72231	21	8
21889	72233	21	7
21890	72235	21	8
21891	72237	21	8
21892	72239	21	9
21893	72241	21	7
21894	72243	21	8
21895	72245	21	8
21896	72247	21	9
21897	72249	21	8
21898	72251	21	9
21899	72253	21	9
21900	72259	21	7
21901	72261	21	7
21902	72263	21	8
21903	72265	21	7
21904	72267	21	8
21905	72269	21	8
21906	72271	21	9
21907	72273	21	7
21908	72275	21	8
21909	72277	21	8
21910	72279	21	9
21911	72281	21	8
21912	72283	21	9
21913	72285	21	9
21914	72291	21	8
21915	72293	21	8
21916	72295	21	9
21917	72297	21	8
21918	72299	21	9
21919	72301	21	9
21920	72305	21	8
21921	72307	21	9
21922	72309	21	9
21923	72313	21	9
21924	72325	21	7
21925	72327	21	8
21926	72329	21	7
21927	72331	21	8
21928	72333	21	8
21929	72335	21	9
21930	72337	21	7
21931	72339	21	8
21932	72341	21	8
21933	72343	21	9
21934	72345	21	8
21935	72347	21	9
21936	72349	21	9
21937	72355	21	8
21938	72357	21	8
21939	72359	21	9
21940	72361	21	8
21941	72363	21	9
21942	72365	21	9
21943	72369	21	8
21944	72371	21	9
21945	72373	21	9
21946	72377	21	9
21947	72387	21	8
21948	72389	21	8
21949	72391	21	9
21950	72393	21	8
21951	72395	21	9
21952	72397	21	9
21953	72401	21	8
21954	72403	21	9
21955	72405	21	9
21956	72409	21	9
21957	72419	21	9
21958	72421	21	9
21959	72425	21	9
21960	72433	21	9
21961	72457	21	7
21962	72459	21	8
21963	72461	21	8
21964	72463	21	9
21965	72465	21	7
21966	72467	21	8
21967	72469	21	8
21968	72471	21	9
21969	72473	21	8
21970	72475	21	9
21971	72477	21	9
21972	72483	21	8
21973	72485	21	8
21974	72487	21	9
21975	72489	21	8
21976	72491	21	9
21977	72493	21	9
21978	72497	21	8
21979	72499	21	9
21980	72501	21	9
21981	72505	21	9
21982	72515	21	8
21983	72517	21	8
21984	72519	21	9
21985	72521	21	8
21986	72523	21	9
21987	72525	21	9
21988	72529	21	8
21989	72531	21	9
21990	72533	21	9
21991	72537	21	9
21992	72547	21	9
21993	72549	21	9
21994	72553	21	9
21995	72561	21	9
21996	72581	21	8
21997	72583	21	9
21998	72585	21	8
21999	72587	21	9
22000	72589	21	9
22001	72593	21	8
22002	72595	21	9
22003	72597	21	9
22004	72601	21	9
22005	72611	21	9
22006	72613	21	9
22007	72617	21	9
22008	72625	21	9
22009	72643	21	9
22010	72645	21	9
22011	72649	21	9
22012	72657	21	9
22013	72741	21	7
22014	72743	21	8
22015	72745	21	7
22016	72747	21	8
22017	72749	21	8
22018	72751	21	9
22019	72753	21	7
22020	72755	21	8
22021	72757	21	8
22022	72759	21	9
22023	72761	21	8
22024	72763	21	9
22025	72765	21	9
22026	72771	21	7
22027	72773	21	7
22028	72775	21	8
22029	72777	21	7
22030	72779	21	8
22031	72781	21	8
22032	72783	21	9
22033	72785	21	7
22034	72787	21	8
22035	72789	21	8
22036	72791	21	9
22037	72793	21	8
22038	72795	21	9
22039	72797	21	9
22040	72803	21	8
22041	72805	21	8
22042	72807	21	9
22043	72809	21	8
22044	72811	21	9
22045	72813	21	9
22046	72817	21	8
22047	72819	21	9
22048	72821	21	9
22049	72825	21	9
22050	72837	21	7
22051	72839	21	8
22052	72841	21	7
22053	72843	21	8
22054	72845	21	8
22055	72847	21	9
22056	72849	21	7
22057	72851	21	8
22058	72853	21	8
22059	72855	21	9
22060	72857	21	8
22061	72859	21	9
22062	72861	21	9
22063	72867	21	8
22064	72869	21	8
22065	72871	21	9
22066	72873	21	8
22067	72875	21	9
22068	72877	21	9
22069	72881	21	8
22070	72883	21	9
22071	72885	21	9
22072	72889	21	9
22073	72899	21	8
22074	72901	21	8
22075	72903	21	9
22076	72905	21	8
22077	72907	21	9
22078	72909	21	9
22079	72913	21	8
22080	72915	21	9
22081	72917	21	9
22082	72921	21	9
22083	72931	21	9
22084	72933	21	9
22085	72937	21	9
22086	72945	21	9
22087	72969	21	7
22088	72971	21	8
22089	72973	21	8
22090	72975	21	9
22091	72977	21	7
22092	72979	21	8
22093	72981	21	8
22094	72983	21	9
22095	72985	21	8
22096	72987	21	9
22097	72989	21	9
22098	72995	21	8
22099	72997	21	8
22100	72999	21	9
22101	73001	21	8
22102	73003	21	9
22103	73005	21	9
22104	73009	21	8
22105	73011	21	9
22106	73013	21	9
22107	73017	21	9
22108	73027	21	8
22109	73029	21	8
22110	73031	21	9
22111	73033	21	8
22112	73035	21	9
22113	73037	21	9
22114	73041	21	8
22115	73043	21	9
22116	73045	21	9
22117	73049	21	9
22118	73059	21	9
22119	73061	21	9
22120	73065	21	9
22121	73073	21	9
22122	73093	21	8
22123	73095	21	9
22124	73097	21	8
22125	73099	21	9
22126	73101	21	9
22127	73105	21	8
22128	73107	21	9
22129	73109	21	9
22130	73113	21	9
22131	73123	21	9
22132	73125	21	9
22133	73129	21	9
22134	73137	21	9
22135	73155	21	9
22136	73157	21	9
22137	73161	21	9
22138	73169	21	9
22139	73235	21	8
22140	73237	21	8
22141	73239	21	9
22142	73241	21	8
22143	73243	21	9
22144	73245	21	9
22145	73251	21	8
22146	73253	21	8
22147	73255	21	9
22148	73257	21	8
22149	73259	21	9
22150	73261	21	9
22151	73265	21	8
22152	73267	21	9
22153	73269	21	9
22154	73273	21	9
22155	73283	21	8
22156	73285	21	8
22157	73287	21	9
22158	73289	21	8
22159	73291	21	9
22160	73293	21	9
22161	73297	21	8
22162	73299	21	9
22163	73301	21	9
22164	73305	21	9
22165	73315	21	9
22166	73317	21	9
22167	73321	21	9
22168	73329	21	9
22169	73349	21	8
22170	73351	21	9
22171	73353	21	8
22172	73355	21	9
22173	73357	21	9
22174	73361	21	8
22175	73363	21	9
22176	73365	21	9
22177	73369	21	9
22178	73379	21	9
22179	73381	21	9
22180	73385	21	9
22181	73393	21	9
22182	73411	21	9
22183	73413	21	9
22184	73417	21	9
22185	73425	21	9
22186	73481	21	8
22187	73483	21	9
22188	73485	21	9
22189	73489	21	8
22190	73491	21	9
22191	73493	21	9
22192	73497	21	9
22193	73507	21	9
22194	73509	21	9
22195	73513	21	9
22196	73521	21	9
22197	73539	21	9
22198	73541	21	9
22199	73545	21	9
22200	73553	21	9
22201	73605	21	9
22202	73609	21	9
22203	73617	21	9
22204	74019	21	6
22205	74021	21	6
22206	74023	21	7
22207	74025	21	6
22208	74027	21	7
22209	74029	21	7
22210	74031	21	8
22211	74033	21	6
22212	74035	21	7
22213	74037	21	7
22214	74039	21	8
22215	74041	21	7
22216	74043	21	8
22217	74045	21	8
22218	74047	21	9
22219	74051	21	6
22220	74053	21	6
22221	74055	21	7
22222	74057	21	6
22223	74059	21	7
22224	74061	21	7
22225	74063	21	8
22226	74065	21	6
22227	74067	21	7
22228	74069	21	7
22229	74071	21	8
22230	74073	21	7
22231	74075	21	8
22232	74077	21	8
22233	74079	21	9
22234	74083	21	7
22235	74085	21	7
22236	74087	21	8
22237	74089	21	7
22238	74091	21	8
22239	74093	21	8
22240	74095	21	9
22241	74097	21	7
22242	74099	21	8
22243	74101	21	8
22244	74103	21	9
22245	74105	21	8
22246	74107	21	9
22247	74109	21	9
22248	74117	21	6
22249	74119	21	7
22250	74121	21	6
22251	74123	21	7
22252	74125	21	7
22253	74127	21	8
22254	74129	21	6
22255	74131	21	7
22256	74133	21	7
22257	74135	21	8
22258	74137	21	7
22259	74139	21	8
22260	74141	21	8
22261	74143	21	9
22262	74147	21	7
22263	74149	21	7
22264	74151	21	8
22265	74153	21	7
22266	74155	21	8
22267	74157	21	8
22268	74159	21	9
22269	74161	21	7
22270	74163	21	8
22271	74165	21	8
22272	74167	21	9
22273	74169	21	8
22274	74171	21	9
22275	74173	21	9
22276	74179	21	7
22277	74181	21	7
22278	74183	21	8
22279	74185	21	7
22280	74187	21	8
22281	74189	21	8
22282	74191	21	9
22283	74193	21	7
22284	74195	21	8
22285	74197	21	8
22286	74199	21	9
22287	74201	21	8
22288	74203	21	9
22289	74205	21	9
22290	74211	21	8
22291	74213	21	8
22292	74215	21	9
22293	74217	21	8
22294	74219	21	9
22295	74221	21	9
22296	74225	21	8
22297	74227	21	9
22298	74229	21	9
22299	74233	21	9
22300	74259	21	6
22301	74261	21	6
22302	74263	21	7
22303	74265	21	6
22304	74267	21	7
22305	74269	21	7
22306	74271	21	8
22307	74275	21	6
22308	74277	21	6
22309	74279	21	7
22310	74281	21	6
22311	74283	21	7
22312	74285	21	7
22313	74287	21	8
22314	74289	21	6
22315	74291	21	7
22316	74293	21	7
22317	74295	21	8
22318	74297	21	7
22319	74299	21	8
22320	74301	21	8
22321	74303	21	9
22322	74307	21	6
22323	74309	21	6
22324	74311	21	7
22325	74313	21	6
22326	74315	21	7
22327	74317	21	7
22328	74319	21	8
22329	74321	21	6
22330	74323	21	7
22331	74325	21	7
22332	74327	21	8
22333	74329	21	7
22334	74331	21	8
22335	74333	21	8
22336	74335	21	9
22337	74339	21	7
22338	74341	21	7
22339	74343	21	8
22340	74345	21	7
22341	74347	21	8
22342	74349	21	8
22343	74351	21	9
22344	74353	21	7
22345	74355	21	8
22346	74357	21	8
22347	74359	21	9
22348	74361	21	8
22349	74363	21	9
22350	74365	21	9
22351	74373	21	6
22352	74375	21	7
22353	74377	21	6
22354	74379	21	7
22355	74381	21	7
22356	74383	21	8
22357	74385	21	6
22358	74387	21	7
22359	74389	21	7
22360	74391	21	8
22361	74393	21	7
22362	74395	21	8
22363	74397	21	8
22364	74399	21	9
22365	74403	21	7
22366	74405	21	7
22367	74407	21	8
22368	74409	21	7
22369	74411	21	8
22370	74413	21	8
22371	74415	21	9
22372	74417	21	7
22373	74419	21	8
22374	74421	21	8
22375	74423	21	9
22376	74425	21	8
22377	74427	21	9
22378	74429	21	9
22379	74435	21	7
22380	74437	21	7
22381	74439	21	8
22382	74441	21	7
22383	74443	21	8
22384	74445	21	8
22385	74447	21	9
22386	74449	21	7
22387	74451	21	8
22388	74453	21	8
22389	74455	21	9
22390	74457	21	8
22391	74459	21	9
22392	74461	21	9
22393	74467	21	8
22394	74469	21	8
22395	74471	21	9
22396	74473	21	8
22397	74475	21	9
22398	74477	21	9
22399	74481	21	8
22400	74483	21	9
22401	74485	21	9
22402	74489	21	9
22403	74507	21	7
22404	74509	21	7
22405	74511	21	8
22406	74513	21	6
22407	74515	21	7
22408	74517	21	7
22409	74519	21	8
22410	74521	21	7
22411	74523	21	8
22412	74525	21	8
22413	74527	21	9
22414	74531	21	7
22415	74533	21	7
22416	74535	21	8
22417	74537	21	7
22418	74539	21	8
22419	74541	21	8
22420	74543	21	9
22421	74545	21	7
22422	74547	21	8
22423	74549	21	8
22424	74551	21	9
22425	74553	21	8
22426	74555	21	9
22427	74557	21	9
22428	74563	21	7
22429	74565	21	7
22430	74567	21	8
22431	74569	21	7
22432	74571	21	8
22433	74573	21	8
22434	74575	21	9
22435	74577	21	7
22436	74579	21	8
22437	74581	21	8
22438	74583	21	9
22439	74585	21	8
22440	74587	21	9
22441	74589	21	9
22442	74595	21	8
22443	74597	21	8
22444	74599	21	9
22445	74601	21	8
22446	74603	21	9
22447	74605	21	9
22448	74609	21	8
22449	74611	21	9
22450	74613	21	9
22451	74617	21	9
22452	74629	21	7
22453	74631	21	8
22454	74633	21	7
22455	74635	21	8
22456	74637	21	8
22457	74639	21	9
22458	74641	21	7
22459	74643	21	8
22460	74645	21	8
22461	74647	21	9
22462	74649	21	8
22463	74651	21	9
22464	74653	21	9
22465	74659	21	8
22466	74661	21	8
22467	74663	21	9
22468	74665	21	8
22469	74667	21	9
22470	74669	21	9
22471	74673	21	8
22472	74675	21	9
22473	74677	21	9
22474	74681	21	9
22475	74691	21	8
22476	74693	21	8
22477	74695	21	9
22478	74697	21	8
22479	74699	21	9
22480	74701	21	9
22481	74705	21	8
22482	74707	21	9
22483	74709	21	9
22484	74713	21	9
22485	74723	21	9
22486	74725	21	9
22487	74729	21	9
22488	74737	21	9
22489	74789	21	6
22490	74791	21	7
22491	74793	21	6
22492	74795	21	7
22493	74797	21	7
22494	74799	21	8
22495	74801	21	6
22496	74803	21	7
22497	74805	21	7
22498	74807	21	8
22499	74809	21	7
22500	74811	21	8
22501	74813	21	8
22502	74815	21	9
22503	74819	21	6
22504	74821	21	6
22505	74823	21	7
22506	74825	21	6
22507	74827	21	7
22508	74829	21	7
22509	74831	21	8
22510	74833	21	6
22511	74835	21	7
22512	74837	21	7
22513	74839	21	8
22514	74841	21	7
22515	74843	21	8
22516	74845	21	8
22517	74847	21	9
22518	74851	21	7
22519	74853	21	7
22520	74855	21	8
22521	74857	21	7
22522	74859	21	8
22523	74861	21	8
22524	74863	21	9
22525	74865	21	7
22526	74867	21	8
22527	74869	21	8
22528	74871	21	9
22529	74873	21	8
22530	74875	21	9
22531	74877	21	9
22532	74885	21	6
22533	74887	21	7
22534	74889	21	6
22535	74891	21	7
22536	74893	21	7
22537	74895	21	8
22538	74897	21	6
22539	74899	21	7
22540	74901	21	7
22541	74903	21	8
22542	74905	21	7
22543	74907	21	8
22544	74909	21	8
22545	74911	21	9
22546	74915	21	7
22547	74917	21	7
22548	74919	21	8
22549	74921	21	7
22550	74923	21	8
22551	74925	21	8
22552	74927	21	9
22553	74929	21	7
22554	74931	21	8
22555	74933	21	8
22556	74935	21	9
22557	74937	21	8
22558	74939	21	9
22559	74941	21	9
22560	74947	21	7
22561	74949	21	7
22562	74951	21	8
22563	74953	21	7
22564	74955	21	8
22565	74957	21	8
22566	74959	21	9
22567	74961	21	7
22568	74963	21	8
22569	74965	21	8
22570	74967	21	9
22571	74969	21	8
22572	74971	21	9
22573	74973	21	9
22574	74979	21	8
22575	74981	21	8
22576	74983	21	9
22577	74985	21	8
22578	74987	21	9
22579	74989	21	9
22580	74993	21	8
22581	74995	21	9
22582	74997	21	9
22583	75001	21	9
22584	75019	21	7
22585	75021	21	7
22586	75023	21	8
22587	75025	21	6
22588	75027	21	7
22589	75029	21	7
22590	75031	21	8
22591	75033	21	7
22592	75035	21	8
22593	75037	21	8
22594	75039	21	9
22595	75043	21	7
22596	75045	21	7
22597	75047	21	8
22598	75049	21	7
22599	75051	21	8
22600	75053	21	8
22601	75055	21	9
22602	75057	21	7
22603	75059	21	8
22604	75061	21	8
22605	75063	21	9
22606	75065	21	8
22607	75067	21	9
22608	75069	21	9
22609	75075	21	7
22610	75077	21	7
22611	75079	21	8
22612	75081	21	7
22613	75083	21	8
22614	75085	21	8
22615	75087	21	9
22616	75089	21	7
22617	75091	21	8
22618	75093	21	8
22619	75095	21	9
22620	75097	21	8
22621	75099	21	9
22622	75101	21	9
22623	75107	21	8
22624	75109	21	8
22625	75111	21	9
22626	75113	21	8
22627	75115	21	9
22628	75117	21	9
22629	75121	21	8
22630	75123	21	9
22631	75125	21	9
22632	75129	21	9
22633	75141	21	7
22634	75143	21	8
22635	75145	21	7
22636	75147	21	8
22637	75149	21	8
22638	75151	21	9
22639	75153	21	7
22640	75155	21	8
22641	75157	21	8
22642	75159	21	9
22643	75161	21	8
22644	75163	21	9
22645	75165	21	9
22646	75171	21	8
22647	75173	21	8
22648	75175	21	9
22649	75177	21	8
22650	75179	21	9
22651	75181	21	9
22652	75185	21	8
22653	75187	21	9
22654	75189	21	9
22655	75193	21	9
22656	75203	21	8
22657	75205	21	8
22658	75207	21	9
22659	75209	21	8
22660	75211	21	9
22661	75213	21	9
22662	75217	21	8
22663	75219	21	9
22664	75221	21	9
22665	75225	21	9
22666	75235	21	9
22667	75237	21	9
22668	75241	21	9
22669	75249	21	9
22670	75283	21	7
22671	75285	21	7
22672	75287	21	8
22673	75289	21	7
22674	75291	21	8
22675	75293	21	8
22676	75295	21	9
22677	75299	21	7
22678	75301	21	7
22679	75303	21	8
22680	75305	21	7
22681	75307	21	8
22682	75309	21	8
22683	75311	21	9
22684	75313	21	7
22685	75315	21	8
22686	75317	21	8
22687	75319	21	9
22688	75321	21	8
22689	75323	21	9
22690	75325	21	9
22691	75331	21	7
22692	75333	21	7
22693	75335	21	8
22694	75337	21	7
22695	75339	21	8
22696	75341	21	8
22697	75343	21	9
22698	75345	21	7
22699	75347	21	8
22700	75349	21	8
22701	75351	21	9
22702	75353	21	8
22703	75355	21	9
22704	75357	21	9
22705	75363	21	8
22706	75365	21	8
22707	75367	21	9
22708	75369	21	8
22709	75371	21	9
22710	75373	21	9
22711	75377	21	8
22712	75379	21	9
22713	75381	21	9
22714	75385	21	9
22715	75397	21	7
22716	75399	21	8
22717	75401	21	7
22718	75403	21	8
22719	75405	21	8
22720	75407	21	9
22721	75409	21	7
22722	75411	21	8
22723	75413	21	8
22724	75415	21	9
22725	75417	21	8
22726	75419	21	9
22727	75421	21	9
22728	75427	21	8
22729	75429	21	8
22730	75431	21	9
22731	75433	21	8
22732	75435	21	9
22733	75437	21	9
22734	75441	21	8
22735	75443	21	9
22736	75445	21	9
22737	75449	21	9
22738	75459	21	8
22739	75461	21	8
22740	75463	21	9
22741	75465	21	8
22742	75467	21	9
22743	75469	21	9
22744	75473	21	8
22745	75475	21	9
22746	75477	21	9
22747	75481	21	9
22748	75491	21	9
22749	75493	21	9
22750	75497	21	9
22751	75505	21	9
22752	75531	21	8
22753	75533	21	8
22754	75535	21	9
22755	75537	21	7
22756	75539	21	8
22757	75541	21	8
22758	75543	21	9
22759	75545	21	8
22760	75547	21	9
22761	75549	21	9
22762	75555	21	8
22763	75557	21	8
22764	75559	21	9
22765	75561	21	8
22766	75563	21	9
22767	75565	21	9
22768	75569	21	8
22769	75571	21	9
22770	75573	21	9
22771	75577	21	9
22772	75587	21	8
22773	75589	21	8
22774	75591	21	9
22775	75593	21	8
22776	75595	21	9
22777	75597	21	9
22778	75601	21	8
22779	75603	21	9
22780	75605	21	9
22781	75609	21	9
22782	75619	21	9
22783	75621	21	9
22784	75625	21	9
22785	75633	21	9
22786	75653	21	8
22787	75655	21	9
22788	75657	21	8
22789	75659	21	9
22790	75661	21	9
22791	75665	21	8
22792	75667	21	9
22793	75669	21	9
22794	75673	21	9
22795	75683	21	9
22796	75685	21	9
22797	75689	21	9
22798	75697	21	9
22799	75715	21	9
22800	75717	21	9
22801	75721	21	9
22802	75729	21	9
22803	75851	21	7
22804	75853	21	7
22805	75855	21	8
22806	75857	21	6
22807	75859	21	7
22808	75861	21	7
22809	75863	21	8
22810	75865	21	7
22811	75867	21	8
22812	75869	21	8
22813	75871	21	9
22814	75875	21	7
22815	75877	21	7
22816	75879	21	8
22817	75881	21	7
22818	75883	21	8
22819	75885	21	8
22820	75887	21	9
22821	75889	21	7
22822	75891	21	8
22823	75893	21	8
22824	75895	21	9
22825	75897	21	8
22826	75899	21	9
22827	75901	21	9
22828	75909	21	6
22829	75911	21	7
22830	75913	21	6
22831	75915	21	7
22832	75917	21	7
22833	75919	21	8
22834	75921	21	6
22835	75923	21	7
22836	75925	21	7
22837	75927	21	8
22838	75929	21	7
22839	75931	21	8
22840	75933	21	8
22841	75935	21	9
22842	75939	21	7
22843	75941	21	7
22844	75943	21	8
22845	75945	21	7
22846	75947	21	8
22847	75949	21	8
22848	75951	21	9
22849	75953	21	7
22850	75955	21	8
22851	75957	21	8
22852	75959	21	9
22853	75961	21	8
22854	75963	21	9
22855	75965	21	9
22856	75971	21	7
22857	75973	21	7
22858	75975	21	8
22859	75977	21	7
22860	75979	21	8
22861	75981	21	8
22862	75983	21	9
22863	75985	21	7
22864	75987	21	8
22865	75989	21	8
22866	75991	21	9
22867	75993	21	8
22868	75995	21	9
22869	75997	21	9
22870	76003	21	8
22871	76005	21	8
22872	76007	21	9
22873	76009	21	8
22874	76011	21	9
22875	76013	21	9
22876	76017	21	8
22877	76019	21	9
22878	76021	21	9
22879	76025	21	9
22880	76043	21	7
22881	76045	21	7
22882	76047	21	8
22883	76049	21	6
22884	76051	21	7
22885	76053	21	7
22886	76055	21	8
22887	76057	21	7
22888	76059	21	8
22889	76061	21	8
22890	76063	21	9
22891	76067	21	7
22892	76069	21	7
22893	76071	21	8
22894	76073	21	7
22895	76075	21	8
22896	76077	21	8
22897	76079	21	9
22898	76081	21	7
22899	76083	21	8
22900	76085	21	8
22901	76087	21	9
22902	76089	21	8
22903	76091	21	9
22904	76093	21	9
22905	76099	21	7
22906	76101	21	7
22907	76103	21	8
22908	76105	21	7
22909	76107	21	8
22910	76109	21	8
22911	76111	21	9
22912	76113	21	7
22913	76115	21	8
22914	76117	21	8
22915	76119	21	9
22916	76121	21	8
22917	76123	21	9
22918	76125	21	9
22919	76131	21	8
22920	76133	21	8
22921	76135	21	9
22922	76137	21	8
22923	76139	21	9
22924	76141	21	9
22925	76145	21	8
22926	76147	21	9
22927	76149	21	9
22928	76153	21	9
22929	76165	21	7
22930	76167	21	8
22931	76169	21	7
22932	76171	21	8
22933	76173	21	8
22934	76175	21	9
22935	76177	21	7
22936	76179	21	8
22937	76181	21	8
22938	76183	21	9
22939	76185	21	8
22940	76187	21	9
22941	76189	21	9
22942	76195	21	8
22943	76197	21	8
22944	76199	21	9
22945	76201	21	8
22946	76203	21	9
22947	76205	21	9
22948	76209	21	8
22949	76211	21	9
22950	76213	21	9
22951	76217	21	9
22952	76227	21	8
22953	76229	21	8
22954	76231	21	9
22955	76233	21	8
22956	76235	21	9
22957	76237	21	9
22958	76241	21	8
22959	76243	21	9
22960	76245	21	9
22961	76249	21	9
22962	76259	21	9
22963	76261	21	9
22964	76265	21	9
22965	76273	21	9
22966	76307	21	7
22967	76309	21	7
22968	76311	21	8
22969	76313	21	7
22970	76315	21	8
22971	76317	21	8
22972	76319	21	9
22973	76323	21	7
22974	76325	21	7
22975	76327	21	8
22976	76329	21	7
22977	76331	21	8
22978	76333	21	8
22979	76335	21	9
22980	76337	21	7
22981	76339	21	8
22982	76341	21	8
22983	76343	21	9
22984	76345	21	8
22985	76347	21	9
22986	76349	21	9
22987	76355	21	7
22988	76357	21	7
22989	76359	21	8
22990	76361	21	7
22991	76363	21	8
22992	76365	21	8
22993	76367	21	9
22994	76369	21	7
22995	76371	21	8
22996	76373	21	8
22997	76375	21	9
22998	76377	21	8
22999	76379	21	9
23000	76381	21	9
23001	76387	21	8
23002	76389	21	8
23003	76391	21	9
23004	76393	21	8
23005	76395	21	9
23006	76397	21	9
23007	76401	21	8
23008	76403	21	9
23009	76405	21	9
23010	76409	21	9
23011	76421	21	7
23012	76423	21	8
23013	76425	21	7
23014	76427	21	8
23015	76429	21	8
23016	76431	21	9
23017	76433	21	7
23018	76435	21	8
23019	76437	21	8
23020	76439	21	9
23021	76441	21	8
23022	76443	21	9
23023	76445	21	9
23024	76451	21	8
23025	76453	21	8
23026	76455	21	9
23027	76457	21	8
23028	76459	21	9
23029	76461	21	9
23030	76465	21	8
23031	76467	21	9
23032	76469	21	9
23033	76473	21	9
23034	76483	21	8
23035	76485	21	8
23036	76487	21	9
23037	76489	21	8
23038	76491	21	9
23039	76493	21	9
23040	76497	21	8
23041	76499	21	9
23042	76501	21	9
23043	76505	21	9
23044	76515	21	9
23045	76517	21	9
23046	76521	21	9
23047	76529	21	9
23048	76555	21	8
23049	76557	21	8
23050	76559	21	9
23051	76561	21	7
23052	76563	21	8
23053	76565	21	8
23054	76567	21	9
23055	76569	21	8
23056	76571	21	9
23057	76573	21	9
23058	76579	21	8
23059	76581	21	8
23060	76583	21	9
23061	76585	21	8
23062	76587	21	9
23063	76589	21	9
23064	76593	21	8
23065	76595	21	9
23066	76597	21	9
23067	76601	21	9
23068	76611	21	8
23069	76613	21	8
23070	76615	21	9
23071	76617	21	8
23072	76619	21	9
23073	76621	21	9
23074	76625	21	8
23075	76627	21	9
23076	76629	21	9
23077	76633	21	9
23078	76643	21	9
23079	76645	21	9
23080	76649	21	9
23081	76657	21	9
23082	76677	21	8
23083	76679	21	9
23084	76681	21	8
23085	76683	21	9
23086	76685	21	9
23087	76689	21	8
23088	76691	21	9
23089	76693	21	9
23090	76697	21	9
23091	76707	21	9
23092	76709	21	9
23093	76713	21	9
23094	76721	21	9
23095	76739	21	9
23096	76741	21	9
23097	76745	21	9
23098	76753	21	9
23099	76839	21	8
23100	76841	21	7
23101	76843	21	8
23102	76845	21	8
23103	76847	21	9
23104	76849	21	7
23105	76851	21	8
23106	76853	21	8
23107	76855	21	9
23108	76857	21	8
23109	76859	21	9
23110	76861	21	9
23111	76867	21	7
23112	76869	21	7
23113	76871	21	8
23114	76873	21	7
23115	76875	21	8
23116	76877	21	8
23117	76879	21	9
23118	76881	21	7
23119	76883	21	8
23120	76885	21	8
23121	76887	21	9
23122	76889	21	8
23123	76891	21	9
23124	76893	21	9
23125	76899	21	8
23126	76901	21	8
23127	76903	21	9
23128	76905	21	8
23129	76907	21	9
23130	76909	21	9
23131	76913	21	8
23132	76915	21	9
23133	76917	21	9
23134	76921	21	9
23135	76933	21	7
23136	76935	21	8
23137	76937	21	7
23138	76939	21	8
23139	76941	21	8
23140	76943	21	9
23141	76945	21	7
23142	76947	21	8
23143	76949	21	8
23144	76951	21	9
23145	76953	21	8
23146	76955	21	9
23147	76957	21	9
23148	76963	21	8
23149	76965	21	8
23150	76967	21	9
23151	76969	21	8
23152	76971	21	9
23153	76973	21	9
23154	76977	21	8
23155	76979	21	9
23156	76981	21	9
23157	76985	21	9
23158	76995	21	8
23159	76997	21	8
23160	76999	21	9
23161	77001	21	8
23162	77003	21	9
23163	77005	21	9
23164	77009	21	8
23165	77011	21	9
23166	77013	21	9
23167	77017	21	9
23168	77027	21	9
23169	77029	21	9
23170	77033	21	9
23171	77041	21	9
23172	77067	21	8
23173	77069	21	8
23174	77071	21	9
23175	77073	21	7
23176	77075	21	8
23177	77077	21	8
23178	77079	21	9
23179	77081	21	8
23180	77083	21	9
23181	77085	21	9
23182	77091	21	8
23183	77093	21	8
23184	77095	21	9
23185	77097	21	8
23186	77099	21	9
23187	77101	21	9
23188	77105	21	8
23189	77107	21	9
23190	77109	21	9
23191	77113	21	9
23192	77123	21	8
23193	77125	21	8
23194	77127	21	9
23195	77129	21	8
23196	77131	21	9
23197	77133	21	9
23198	77137	21	8
23199	77139	21	9
23200	77141	21	9
23201	77145	21	9
23202	77155	21	9
23203	77157	21	9
23204	77161	21	9
23205	77169	21	9
23206	77189	21	8
23207	77191	21	9
23208	77193	21	8
23209	77195	21	9
23210	77197	21	9
23211	77201	21	8
23212	77203	21	9
23213	77205	21	9
23214	77209	21	9
23215	77219	21	9
23216	77221	21	9
23217	77225	21	9
23218	77233	21	9
23219	77251	21	9
23220	77253	21	9
23221	77257	21	9
23222	77265	21	9
23223	77331	21	8
23224	77333	21	8
23225	77335	21	9
23226	77337	21	8
23227	77339	21	9
23228	77341	21	9
23229	77347	21	8
23230	77349	21	8
23231	77351	21	9
23232	77353	21	8
23233	77355	21	9
23234	77357	21	9
23235	77361	21	8
23236	77363	21	9
23237	77365	21	9
23238	77369	21	9
23239	77379	21	8
23240	77381	21	8
23241	77383	21	9
23242	77385	21	8
23243	77387	21	9
23244	77389	21	9
23245	77393	21	8
23246	77395	21	9
23247	77397	21	9
23248	77401	21	9
23249	77411	21	9
23250	77413	21	9
23251	77417	21	9
23252	77425	21	9
23253	77445	21	8
23254	77447	21	9
23255	77449	21	8
23256	77451	21	9
23257	77453	21	9
23258	77457	21	8
23259	77459	21	9
23260	77461	21	9
23261	77465	21	9
23262	77475	21	9
23263	77477	21	9
23264	77481	21	9
23265	77489	21	9
23266	77507	21	9
23267	77509	21	9
23268	77513	21	9
23269	77521	21	9
23270	77579	21	9
23271	77581	21	9
23272	77585	21	8
23273	77587	21	9
23274	77589	21	9
23275	77593	21	9
23276	77603	21	9
23277	77605	21	9
23278	77609	21	9
23279	77617	21	9
23280	77635	21	9
23281	77637	21	9
23282	77641	21	9
23283	77649	21	9
23284	77701	21	9
23285	77705	21	9
23286	77713	21	9
23287	77977	21	7
23288	77979	21	8
23289	77981	21	8
23290	77983	21	9
23291	77987	21	7
23292	77989	21	7
23293	77991	21	8
23294	77993	21	7
23295	77995	21	8
23296	77997	21	8
23297	77999	21	9
23298	78001	21	7
23299	78003	21	8
23300	78005	21	8
23301	78007	21	9
23302	78009	21	8
23303	78011	21	9
23304	78013	21	9
23305	78019	21	7
23306	78021	21	7
23307	78023	21	8
23308	78025	21	7
23309	78027	21	8
23310	78029	21	8
23311	78031	21	9
23312	78033	21	7
23313	78035	21	8
23314	78037	21	8
23315	78039	21	9
23316	78041	21	8
23317	78043	21	9
23318	78045	21	9
23319	78051	21	8
23320	78053	21	8
23321	78055	21	9
23322	78057	21	8
23323	78059	21	9
23324	78061	21	9
23325	78065	21	8
23326	78067	21	9
23327	78069	21	9
23328	78073	21	9
23329	78091	21	7
23330	78093	21	7
23331	78095	21	8
23332	78097	21	6
23333	78099	21	7
23334	78101	21	7
23335	78103	21	8
23336	78105	21	7
23337	78107	21	8
23338	78109	21	8
23339	78111	21	9
23340	78115	21	7
23341	78117	21	7
23342	78119	21	8
23343	78121	21	7
23344	78123	21	8
23345	78125	21	8
23346	78127	21	9
23347	78129	21	7
23348	78131	21	8
23349	78133	21	8
23350	78135	21	9
23351	78137	21	8
23352	78139	21	9
23353	78141	21	9
23354	78147	21	7
23355	78149	21	7
23356	78151	21	8
23357	78153	21	7
23358	78155	21	8
23359	78157	21	8
23360	78159	21	9
23361	78161	21	7
23362	78163	21	8
23363	78165	21	8
23364	78167	21	9
23365	78169	21	8
23366	78171	21	9
23367	78173	21	9
23368	78179	21	8
23369	78181	21	8
23370	78183	21	9
23371	78185	21	8
23372	78187	21	9
23373	78189	21	9
23374	78193	21	8
23375	78195	21	9
23376	78197	21	9
23377	78201	21	9
23378	78213	21	7
23379	78215	21	8
23380	78217	21	7
23381	78219	21	8
23382	78221	21	8
23383	78223	21	9
23384	78225	21	7
23385	78227	21	8
23386	78229	21	8
23387	78231	21	9
23388	78233	21	8
23389	78235	21	9
23390	78237	21	9
23391	78243	21	8
23392	78245	21	8
23393	78247	21	9
23394	78249	21	8
23395	78251	21	9
23396	78253	21	9
23397	78257	21	8
23398	78259	21	9
23399	78261	21	9
23400	78265	21	9
23401	78275	21	8
23402	78277	21	8
23403	78279	21	9
23404	78281	21	8
23405	78283	21	9
23406	78285	21	9
23407	78289	21	8
23408	78291	21	9
23409	78293	21	9
23410	78297	21	9
23411	78307	21	9
23412	78309	21	9
23413	78313	21	9
23414	78321	21	9
23415	78357	21	7
23416	78359	21	8
23417	78361	21	7
23418	78363	21	8
23419	78365	21	8
23420	78367	21	9
23421	78371	21	7
23422	78373	21	7
23423	78375	21	8
23424	78377	21	7
23425	78379	21	8
23426	78381	21	8
23427	78383	21	9
23428	78385	21	7
23429	78387	21	8
23430	78389	21	8
23431	78391	21	9
23432	78393	21	8
23433	78395	21	9
23434	78397	21	9
23435	78403	21	7
23436	78405	21	7
23437	78407	21	8
23438	78409	21	7
23439	78411	21	8
23440	78413	21	8
23441	78415	21	9
23442	78417	21	7
23443	78419	21	8
23444	78421	21	8
23445	78423	21	9
23446	78425	21	8
23447	78427	21	9
23448	78429	21	9
23449	78435	21	8
23450	78437	21	8
23451	78439	21	9
23452	78441	21	8
23453	78443	21	9
23454	78445	21	9
23455	78449	21	8
23456	78451	21	9
23457	78453	21	9
23458	78457	21	9
23459	78469	21	7
23460	78471	21	8
23461	78473	21	7
23462	78475	21	8
23463	78477	21	8
23464	78479	21	9
23465	78481	21	7
23466	78483	21	8
23467	78485	21	8
23468	78487	21	9
23469	78489	21	8
23470	78491	21	9
23471	78493	21	9
23472	78499	21	8
23473	78501	21	8
23474	78503	21	9
23475	78505	21	8
23476	78507	21	9
23477	78509	21	9
23478	78513	21	8
23479	78515	21	9
23480	78517	21	9
23481	78521	21	9
23482	78531	21	8
23483	78533	21	8
23484	78535	21	9
23485	78537	21	8
23486	78539	21	9
23487	78541	21	9
23488	78545	21	8
23489	78547	21	9
23490	78549	21	9
23491	78553	21	9
23492	78563	21	9
23493	78565	21	9
23494	78569	21	9
23495	78577	21	9
23496	78603	21	8
23497	78605	21	8
23498	78607	21	9
23499	78609	21	7
23500	78611	21	8
23501	78613	21	8
23502	78615	21	9
23503	78617	21	8
23504	78619	21	9
23505	78621	21	9
23506	78627	21	8
23507	78629	21	8
23508	78631	21	9
23509	78633	21	8
23510	78635	21	9
23511	78637	21	9
23512	78641	21	8
23513	78643	21	9
23514	78645	21	9
23515	78649	21	9
23516	78659	21	8
23517	78661	21	8
23518	78663	21	9
23519	78665	21	8
23520	78667	21	9
23521	78669	21	9
23522	78673	21	8
23523	78675	21	9
23524	78677	21	9
23525	78681	21	9
23526	78691	21	9
23527	78693	21	9
23528	78697	21	9
23529	78705	21	9
23530	78725	21	8
23531	78727	21	9
23532	78729	21	8
23533	78731	21	9
23534	78733	21	9
23535	78737	21	8
23536	78739	21	9
23537	78741	21	9
23538	78745	21	9
23539	78755	21	9
23540	78757	21	9
23541	78761	21	9
23542	78769	21	9
23543	78787	21	9
23544	78789	21	9
23545	78793	21	9
23546	78801	21	9
23547	78887	21	8
23548	78889	21	7
23549	78891	21	8
23550	78893	21	8
23551	78895	21	9
23552	78897	21	7
23553	78899	21	8
23554	78901	21	8
23555	78903	21	9
23556	78905	21	8
23557	78907	21	9
23558	78909	21	9
23559	78915	21	7
23560	78917	21	7
23561	78919	21	8
23562	78921	21	7
23563	78923	21	8
23564	78925	21	8
23565	78927	21	9
23566	78929	21	7
23567	78931	21	8
23568	78933	21	8
23569	78935	21	9
23570	78937	21	8
23571	78939	21	9
23572	78941	21	9
23573	78947	21	8
23574	78949	21	8
23575	78951	21	9
23576	78953	21	8
23577	78955	21	9
23578	78957	21	9
23579	78961	21	8
23580	78963	21	9
23581	78965	21	9
23582	78969	21	9
23583	78981	21	7
23584	78983	21	8
23585	78985	21	7
23586	78987	21	8
23587	78989	21	8
23588	78991	21	9
23589	78993	21	7
23590	78995	21	8
23591	78997	21	8
23592	78999	21	9
23593	79001	21	8
23594	79003	21	9
23595	79005	21	9
23596	79011	21	8
23597	79013	21	8
23598	79015	21	9
23599	79017	21	8
23600	79019	21	9
23601	79021	21	9
23602	79025	21	8
23603	79027	21	9
23604	79029	21	9
23605	79033	21	9
23606	79043	21	8
23607	79045	21	8
23608	79047	21	9
23609	79049	21	8
23610	79051	21	9
23611	79053	21	9
23612	79057	21	8
23613	79059	21	9
23614	79061	21	9
23615	79065	21	9
23616	79075	21	9
23617	79077	21	9
23618	79081	21	9
23619	79089	21	9
23620	79115	21	8
23621	79117	21	8
23622	79119	21	9
23623	79121	21	7
23624	79123	21	8
23625	79125	21	8
23626	79127	21	9
23627	79129	21	8
23628	79131	21	9
23629	79133	21	9
23630	79139	21	8
23631	79141	21	8
23632	79143	21	9
23633	79145	21	8
23634	79147	21	9
23635	79149	21	9
23636	79153	21	8
23637	79155	21	9
23638	79157	21	9
23639	79161	21	9
23640	79171	21	8
23641	79173	21	8
23642	79175	21	9
23643	79177	21	8
23644	79179	21	9
23645	79181	21	9
23646	79185	21	8
23647	79187	21	9
23648	79189	21	9
23649	79193	21	9
23650	79203	21	9
23651	79205	21	9
23652	79209	21	9
23653	79217	21	9
23654	79237	21	8
23655	79239	21	9
23656	79241	21	8
23657	79243	21	9
23658	79245	21	9
23659	79249	21	8
23660	79251	21	9
23661	79253	21	9
23662	79257	21	9
23663	79267	21	9
23664	79269	21	9
23665	79273	21	9
23666	79281	21	9
23667	79299	21	9
23668	79301	21	9
23669	79305	21	9
23670	79313	21	9
23671	79381	21	8
23672	79383	21	9
23673	79385	21	8
23674	79387	21	9
23675	79389	21	9
23676	79395	21	8
23677	79397	21	8
23678	79399	21	9
23679	79401	21	8
23680	79403	21	9
23681	79405	21	9
23682	79409	21	8
23683	79411	21	9
23684	79413	21	9
23685	79417	21	9
23686	79427	21	8
23687	79429	21	8
23688	79431	21	9
23689	79433	21	8
23690	79435	21	9
23691	79437	21	9
23692	79441	21	8
23693	79443	21	9
23694	79445	21	9
23695	79449	21	9
23696	79459	21	9
23697	79461	21	9
23698	79465	21	9
23699	79473	21	9
23700	79493	21	8
23701	79495	21	9
23702	79497	21	8
23703	79499	21	9
23704	79501	21	9
23705	79505	21	8
23706	79507	21	9
23707	79509	21	9
23708	79513	21	9
23709	79523	21	9
23710	79525	21	9
23711	79529	21	9
23712	79537	21	9
23713	79555	21	9
23714	79557	21	9
23715	79561	21	9
23716	79569	21	9
23717	79627	21	9
23718	79629	21	9
23719	79633	21	8
23720	79635	21	9
23721	79637	21	9
23722	79641	21	9
23723	79651	21	9
23724	79653	21	9
23725	79657	21	9
23726	79665	21	9
23727	79683	21	9
23728	79685	21	9
23729	79689	21	9
23730	79697	21	9
23731	79749	21	9
23732	79753	21	9
23733	79761	21	9
23734	79951	21	9
23735	79953	21	7
23736	79955	21	8
23737	79957	21	8
23738	79959	21	9
23739	79961	21	8
23740	79963	21	9
23741	79965	21	9
23742	79971	21	8
23743	79973	21	8
23744	79975	21	9
23745	79977	21	8
23746	79979	21	9
23747	79981	21	9
23748	79985	21	8
23749	79987	21	9
23750	79989	21	9
23751	79993	21	9
23752	80005	21	7
23753	80007	21	8
23754	80009	21	7
23755	80011	21	8
23756	80013	21	8
23757	80015	21	9
23758	80017	21	7
23759	80019	21	8
23760	80021	21	8
23761	80023	21	9
23762	80025	21	8
23763	80027	21	9
23764	80029	21	9
23765	80035	21	8
23766	80037	21	8
23767	80039	21	9
23768	80041	21	8
23769	80043	21	9
23770	80045	21	9
23771	80049	21	8
23772	80051	21	9
23773	80053	21	9
23774	80057	21	9
23775	80067	21	8
23776	80069	21	8
23777	80071	21	9
23778	80073	21	8
23779	80075	21	9
23780	80077	21	9
23781	80081	21	8
23782	80083	21	9
23783	80085	21	9
23784	80089	21	9
23785	80099	21	9
23786	80101	21	9
23787	80105	21	9
23788	80113	21	9
23789	80139	21	8
23790	80141	21	8
23791	80143	21	9
23792	80145	21	7
23793	80147	21	8
23794	80149	21	8
23795	80151	21	9
23796	80153	21	8
23797	80155	21	9
23798	80157	21	9
23799	80163	21	8
23800	80165	21	8
23801	80167	21	9
23802	80169	21	8
23803	80171	21	9
23804	80173	21	9
23805	80177	21	8
23806	80179	21	9
23807	80181	21	9
23808	80185	21	9
23809	80195	21	8
23810	80197	21	8
23811	80199	21	9
23812	80201	21	8
23813	80203	21	9
23814	80205	21	9
23815	80209	21	8
23816	80211	21	9
23817	80213	21	9
23818	80217	21	9
23819	80227	21	9
23820	80229	21	9
23821	80233	21	9
23822	80241	21	9
23823	80261	21	8
23824	80263	21	9
23825	80265	21	8
23826	80267	21	9
23827	80269	21	9
23828	80273	21	8
23829	80275	21	9
23830	80277	21	9
23831	80281	21	9
23832	80291	21	9
23833	80293	21	9
23834	80297	21	9
23835	80305	21	9
23836	80323	21	9
23837	80325	21	9
23838	80329	21	9
23839	80337	21	9
23840	80405	21	8
23841	80407	21	9
23842	80409	21	8
23843	80411	21	9
23844	80413	21	9
23845	80419	21	8
23846	80421	21	8
23847	80423	21	9
23848	80425	21	8
23849	80427	21	9
23850	80429	21	9
23851	80433	21	8
23852	80435	21	9
23853	80437	21	9
23854	80441	21	9
23855	80451	21	8
23856	80453	21	8
23857	80455	21	9
23858	80457	21	8
23859	80459	21	9
23860	80461	21	9
23861	80465	21	8
23862	80467	21	9
23863	80469	21	9
23864	80473	21	9
23865	80483	21	9
23866	80485	21	9
23867	80489	21	9
23868	80497	21	9
23869	80517	21	8
23870	80519	21	9
23871	80521	21	8
23872	80523	21	9
23873	80525	21	9
23874	80529	21	8
23875	80531	21	9
23876	80533	21	9
23877	80537	21	9
23878	80547	21	9
23879	80549	21	9
23880	80553	21	9
23881	80561	21	9
23882	80579	21	9
23883	80581	21	9
23884	80585	21	9
23885	80593	21	9
23886	80651	21	9
23887	80653	21	9
23888	80657	21	8
23889	80659	21	9
23890	80661	21	9
23891	80665	21	9
23892	80675	21	9
23893	80677	21	9
23894	80681	21	9
23895	80689	21	9
23896	80707	21	9
23897	80709	21	9
23898	80713	21	9
23899	80721	21	9
23900	80773	21	9
23901	80777	21	9
23902	80785	21	9
23903	80937	21	8
23904	80939	21	9
23905	80941	21	9
23906	80945	21	8
23907	80947	21	9
23908	80949	21	9
23909	80953	21	9
23910	80963	21	8
23911	80965	21	8
23912	80967	21	9
23913	80969	21	8
23914	80971	21	9
23915	80973	21	9
23916	80977	21	8
23917	80979	21	9
23918	80981	21	9
23919	80985	21	9
23920	80995	21	9
23921	80997	21	9
23922	81001	21	9
23923	81009	21	9
23924	81029	21	8
23925	81031	21	9
23926	81033	21	8
23927	81035	21	9
23928	81037	21	9
23929	81041	21	8
23930	81043	21	9
23931	81045	21	9
23932	81049	21	9
23933	81059	21	9
23934	81061	21	9
23935	81065	21	9
23936	81073	21	9
23937	81091	21	9
23938	81093	21	9
23939	81097	21	9
23940	81105	21	9
23941	81163	21	9
23942	81165	21	9
23943	81169	21	8
23944	81171	21	9
23945	81173	21	9
23946	81177	21	9
23947	81187	21	9
23948	81189	21	9
23949	81193	21	9
23950	81201	21	9
23951	81219	21	9
23952	81221	21	9
23953	81225	21	9
23954	81233	21	9
23955	81285	21	9
23956	81289	21	9
23957	81297	21	9
23958	81429	21	9
23959	81433	21	9
23960	81443	21	9
23961	81445	21	9
23962	81449	21	9
23963	81457	21	9
23964	81475	21	9
23965	81477	21	9
23966	81481	21	9
23967	81489	21	9
23968	81541	21	9
23969	81545	21	9
23970	81553	21	9
23971	81681	21	9
23972	82565	7	6
23973	82567	21	7
23974	82569	21	6
23975	82571	21	7
23976	82573	21	7
23977	82575	21	8
23978	82577	21	6
23979	82579	21	7
23980	82581	21	7
23981	82583	21	8
23982	82585	21	7
23983	82587	21	8
23984	82589	21	8
23985	82591	21	9
23986	82595	21	7
23987	82597	21	7
23988	82599	21	8
23989	82601	21	7
23990	82603	21	8
23991	82605	21	8
23992	82607	21	9
23993	82609	21	7
23994	82611	21	8
23995	82613	21	8
23996	82615	21	9
23997	82617	21	8
23998	82619	21	9
23999	82621	21	9
24000	82627	21	7
24001	82629	21	7
24002	82631	21	8
24003	82633	21	7
24004	82635	21	8
24005	82637	21	8
24006	82639	21	9
24007	82641	21	7
24008	82643	21	8
24009	82645	21	8
24010	82647	21	9
24011	82649	21	8
24012	82651	21	9
24013	82653	21	9
24014	82659	21	8
24015	82661	21	8
24016	82663	21	9
24017	82665	21	8
24018	82667	21	9
24019	82669	21	9
24020	82673	21	8
24021	82675	21	9
24022	82677	21	9
24023	82681	21	9
24024	82699	21	7
24025	82701	21	7
24026	82703	21	8
24027	82705	21	6
24028	82707	21	7
24029	82709	21	7
24030	82711	21	8
24031	82713	21	7
24032	82715	21	8
24033	82717	21	8
24034	82719	21	9
24035	82723	21	7
24036	82725	21	7
24037	82727	21	8
24038	82729	21	7
24039	82731	21	8
24040	82733	21	8
24041	82735	21	9
24042	82737	21	7
24043	82739	21	8
24044	82741	21	8
24045	82743	21	9
24046	82745	21	8
24047	82747	21	9
24048	82749	21	9
24049	82755	21	7
24050	82757	21	7
24051	82759	21	8
24052	82761	21	7
24053	82763	21	8
24054	82765	21	8
24055	82767	21	9
24056	82769	21	7
24057	82771	21	8
24058	82773	21	8
24059	82775	21	9
24060	82777	21	8
24061	82779	21	9
24062	82781	21	9
24063	82787	21	8
24064	82789	21	8
24065	82791	21	9
24066	82793	21	8
24067	82795	21	9
24068	82797	21	9
24069	82801	21	8
24070	82803	21	9
24071	82805	21	9
24072	82809	21	9
24073	82823	21	8
24074	82825	21	7
24075	82827	21	8
24076	82829	21	8
24077	82831	21	9
24078	82833	21	7
24079	82835	21	8
24080	82837	21	8
24081	82839	21	9
24082	82841	21	8
24083	82843	21	9
24084	82845	21	9
24085	82851	21	8
24086	82853	21	8
24087	82855	21	9
24088	82857	21	8
24089	82859	21	9
24090	82861	21	9
24091	82865	21	8
24092	82867	21	9
24093	82869	21	9
24094	82873	21	9
24095	82883	21	8
24096	82885	21	8
24097	82887	21	9
24098	82889	21	8
24099	82891	21	9
24100	82893	21	9
24101	82897	21	8
24102	82899	21	9
24103	82901	21	9
24104	82905	21	9
24105	82915	21	9
24106	82917	21	9
24107	82921	21	9
24108	82929	21	9
24109	82985	21	6
24110	82987	21	7
24111	82989	21	7
24112	82991	21	8
24113	82993	21	6
24114	82995	21	7
24115	82997	21	7
24116	82999	21	8
24117	83001	21	7
24118	83003	21	8
24119	83005	21	8
24120	83007	21	9
24121	83011	21	6
24122	83013	21	6
24123	83015	21	7
24124	83017	21	6
24125	83019	21	7
24126	83021	21	7
24127	83023	21	8
24128	83025	21	6
24129	83027	21	7
24130	83029	21	7
24131	83031	21	8
24132	83033	21	7
24133	83035	21	8
24134	83037	21	8
24135	83039	21	9
24136	83043	21	7
24137	83045	21	7
24138	83047	21	8
24139	83049	21	7
24140	83051	21	8
24141	83053	21	8
24142	83055	21	9
24143	83057	21	7
24144	83059	21	8
24145	83061	21	8
24146	83063	21	9
24147	83065	21	8
24148	83067	21	9
24149	83069	21	9
24150	83079	21	7
24151	83081	21	6
24152	83083	21	7
24153	83085	21	7
24154	83087	21	8
24155	83089	21	6
24156	83091	21	7
24157	83093	21	7
24158	83095	21	8
24159	83097	21	7
24160	83099	21	8
24161	83101	21	8
24162	83103	21	9
24163	83107	21	7
24164	83109	21	7
24165	83111	21	8
24166	83113	21	7
24167	83115	21	8
24168	83117	21	8
24169	83119	21	9
24170	83121	21	7
24171	83123	21	8
24172	83125	21	8
24173	83127	21	9
24174	83129	21	8
24175	83131	21	9
24176	83133	21	9
24177	83139	21	7
24178	83141	21	7
24179	83143	21	8
24180	83145	21	7
24181	83147	21	8
24182	83149	21	8
24183	83151	21	9
24184	83153	21	7
24185	83155	21	8
24186	83157	21	8
24187	83159	21	9
24188	83161	21	8
24189	83163	21	9
24190	83165	21	9
24191	83171	21	8
24192	83173	21	8
24193	83175	21	9
24194	83177	21	8
24195	83179	21	9
24196	83181	21	9
24197	83185	21	8
24198	83187	21	9
24199	83189	21	9
24200	83193	21	9
24201	83211	21	7
24202	83213	21	7
24203	83215	21	8
24204	83217	21	6
24205	83219	21	7
24206	83221	21	7
24207	83223	21	8
24208	83225	21	7
24209	83227	21	8
24210	83229	21	8
24211	83231	21	9
24212	83235	21	7
24213	83237	21	7
24214	83239	21	8
24215	83241	21	7
24216	83243	21	8
24217	83245	21	8
24218	83247	21	9
24219	83249	21	7
24220	83251	21	8
24221	83253	21	8
24222	83255	21	9
24223	83257	21	8
24224	83259	21	9
24225	83261	21	9
24226	83267	21	7
24227	83269	21	7
24228	83271	21	8
24229	83273	21	7
24230	83275	21	8
24231	83277	21	8
24232	83279	21	9
24233	83281	21	7
24234	83283	21	8
24235	83285	21	8
24236	83287	21	9
24237	83289	21	8
24238	83291	21	9
24239	83293	21	9
24240	83299	21	8
24241	83301	21	8
24242	83303	21	9
24243	83305	21	8
24244	83307	21	9
24245	83309	21	9
24246	83313	21	8
24247	83315	21	9
24248	83317	21	9
24249	83321	21	9
24250	83335	21	8
24251	83337	21	7
24252	83339	21	8
24253	83341	21	8
24254	83343	21	9
24255	83345	21	7
24256	83347	21	8
24257	83349	21	8
24258	83351	21	9
24259	83353	21	8
24260	83355	21	9
24261	83357	21	9
24262	83363	21	8
24263	83365	21	8
24264	83367	21	9
24265	83369	21	8
24266	83371	21	9
24267	83373	21	9
24268	83377	21	8
24269	83379	21	9
24270	83381	21	9
24271	83385	21	9
24272	83395	21	8
24273	83397	21	8
24274	83399	21	9
24275	83401	21	8
24276	83403	21	9
24277	83405	21	9
24278	83409	21	8
24279	83411	21	9
24280	83413	21	9
24281	83417	21	9
24282	83427	21	9
24283	83429	21	9
24284	83433	21	9
24285	83441	21	9
24286	83477	21	7
24287	83479	21	8
24288	83481	21	7
24289	83483	21	8
24290	83485	21	8
24291	83487	21	9
24292	83491	21	7
24293	83493	21	7
24294	83495	21	8
24295	83497	21	7
24296	83499	21	8
24297	83501	21	8
24298	83503	21	9
24299	83505	21	7
24300	83507	21	8
24301	83509	21	8
24302	83511	21	9
24303	83513	21	8
24304	83515	21	9
24305	83517	21	9
24306	83523	21	7
24307	83525	21	7
24308	83527	21	8
24309	83529	21	7
24310	83531	21	8
24311	83533	21	8
24312	83535	21	9
24313	83537	21	7
24314	83539	21	8
24315	83541	21	8
24316	83543	21	9
24317	83545	21	8
24318	83547	21	9
24319	83549	21	9
24320	83555	21	8
24321	83557	21	8
24322	83559	21	9
24323	83561	21	8
24324	83563	21	9
24325	83565	21	9
24326	83569	21	8
24327	83571	21	9
24328	83573	21	9
24329	83577	21	9
24330	83591	21	8
24331	83593	21	7
24332	83595	21	8
24333	83597	21	8
24334	83599	21	9
24335	83601	21	7
24336	83603	21	8
24337	83605	21	8
24338	83607	21	9
24339	83609	21	8
24340	83611	21	9
24341	83613	21	9
24342	83619	21	8
24343	83621	21	8
24344	83623	21	9
24345	83625	21	8
24346	83627	21	9
24347	83629	21	9
24348	83633	21	8
24349	83635	21	9
24350	83637	21	9
24351	83641	21	9
24352	83651	21	8
24353	83653	21	8
24354	83655	21	9
24355	83657	21	8
24356	83659	21	9
24357	83661	21	9
24358	83665	21	8
24359	83667	21	9
24360	83669	21	9
24361	83673	21	9
24362	83683	21	9
24363	83685	21	9
24364	83689	21	9
24365	83697	21	9
24366	83723	21	8
24367	83725	21	8
24368	83727	21	9
24369	83729	21	7
24370	83731	21	8
24371	83733	21	8
24372	83735	21	9
24373	83737	21	8
24374	83739	21	9
24375	83741	21	9
24376	83747	21	8
24377	83749	21	8
24378	83751	21	9
24379	83753	21	8
24380	83755	21	9
24381	83757	21	9
24382	83761	21	8
24383	83763	21	9
24384	83765	21	9
24385	83769	21	9
24386	83779	21	8
24387	83781	21	8
24388	83783	21	9
24389	83785	21	8
24390	83787	21	9
24391	83789	21	9
24392	83793	21	8
24393	83795	21	9
24394	83797	21	9
24395	83801	21	9
24396	83811	21	9
24397	83813	21	9
24398	83817	21	9
24399	83825	21	9
24400	83847	21	9
24401	83849	21	8
24402	83851	21	9
24403	83853	21	9
24404	83857	21	8
24405	83859	21	9
24406	83861	21	9
24407	83865	21	9
24408	83875	21	9
24409	83877	21	9
24410	83881	21	9
24411	83889	21	9
24412	83907	21	9
24413	83909	21	9
24414	83913	21	9
24415	83921	21	9
24416	84051	21	7
24417	84053	21	7
24418	84055	21	8
24419	84057	21	7
24420	84059	21	8
24421	84061	21	8
24422	84063	21	9
24423	84067	21	7
24424	84069	21	7
24425	84071	21	8
24426	84073	21	7
24427	84075	21	8
24428	84077	21	8
24429	84079	21	9
24430	84081	21	7
24431	84083	21	8
24432	84085	21	8
24433	84087	21	9
24434	84089	21	8
24435	84091	21	9
24436	84093	21	9
24437	84103	21	7
24438	84105	21	6
24439	84107	21	7
24440	84109	21	7
24441	84111	21	8
24442	84113	21	6
24443	84115	21	7
24444	84117	21	7
24445	84119	21	8
24446	84121	21	7
24447	84123	21	8
24448	84125	21	8
24449	84127	21	9
24450	84131	21	7
24451	84133	21	7
24452	84135	21	8
24453	84137	21	7
24454	84139	21	8
24455	84141	21	8
24456	84143	21	9
24457	84145	21	7
24458	84147	21	8
24459	84149	21	8
24460	84151	21	9
24461	84153	21	8
24462	84155	21	9
24463	84157	21	9
24464	84163	21	7
24465	84165	21	7
24466	84167	21	8
24467	84169	21	7
24468	84171	21	8
24469	84173	21	8
24470	84175	21	9
24471	84177	21	7
24472	84179	21	8
24473	84181	21	8
24474	84183	21	9
24475	84185	21	8
24476	84187	21	9
24477	84189	21	9
24478	84195	21	8
24479	84197	21	8
24480	84199	21	9
24481	84201	21	8
24482	84203	21	9
24483	84205	21	9
24484	84209	21	8
24485	84211	21	9
24486	84213	21	9
24487	84217	21	9
24488	84235	21	7
24489	84237	21	7
24490	84239	21	8
24491	84241	21	6
24492	84243	21	7
24493	84245	21	7
24494	84247	21	8
24495	84249	21	7
24496	84251	21	8
24497	84253	21	8
24498	84255	21	9
24499	84259	21	7
24500	84261	21	7
24501	84263	21	8
24502	84265	21	7
24503	84267	21	8
24504	84269	21	8
24505	84271	21	9
24506	84273	21	7
24507	84275	21	8
24508	84277	21	8
24509	84279	21	9
24510	84281	21	8
24511	84283	21	9
24512	84285	21	9
24513	84291	21	7
24514	84293	21	7
24515	84295	21	8
24516	84297	21	7
24517	84299	21	8
24518	84301	21	8
24519	84303	21	9
24520	84305	21	7
24521	84307	21	8
24522	84309	21	8
24523	84311	21	9
24524	84313	21	8
24525	84315	21	9
24526	84317	21	9
24527	84323	21	8
24528	84325	21	8
24529	84327	21	9
24530	84329	21	8
24531	84331	21	9
24532	84333	21	9
24533	84337	21	8
24534	84339	21	9
24535	84341	21	9
24536	84345	21	9
24537	84359	21	8
24538	84361	21	7
24539	84363	21	8
24540	84365	21	8
24541	84367	21	9
24542	84369	21	7
24543	84371	21	8
24544	84373	21	8
24545	84375	21	9
24546	84377	21	8
24547	84379	21	9
24548	84381	21	9
24549	84387	21	8
24550	84389	21	8
24551	84391	21	9
24552	84393	21	8
24553	84395	21	9
24554	84397	21	9
24555	84401	21	8
24556	84403	21	9
24557	84405	21	9
24558	84409	21	9
24559	84419	21	8
24560	84421	21	8
24561	84423	21	9
24562	84425	21	8
24563	84427	21	9
24564	84429	21	9
24565	84433	21	8
24566	84435	21	9
24567	84437	21	9
24568	84441	21	9
24569	84451	21	9
24570	84453	21	9
24571	84457	21	9
24572	84465	21	9
24573	84501	21	7
24574	84503	21	8
24575	84505	21	7
24576	84507	21	8
24577	84509	21	8
24578	84511	21	9
24579	84515	21	7
24580	84517	21	7
24581	84519	21	8
24582	84521	21	7
24583	84523	21	8
24584	84525	21	8
24585	84527	21	9
24586	84529	21	7
24587	84531	21	8
24588	84533	21	8
24589	84535	21	9
24590	84537	21	8
24591	84539	21	9
24592	84541	21	9
24593	84547	21	7
24594	84549	21	7
24595	84551	21	8
24596	84553	21	7
24597	84555	21	8
24598	84557	21	8
24599	84559	21	9
24600	84561	21	7
24601	84563	21	8
24602	84565	21	8
24603	84567	21	9
24604	84569	21	8
24605	84571	21	9
24606	84573	21	9
24607	84579	21	8
24608	84581	21	8
24609	84583	21	9
24610	84585	21	8
24611	84587	21	9
24612	84589	21	9
24613	84593	21	8
24614	84595	21	9
24615	84597	21	9
24616	84601	21	9
24617	84615	21	8
24618	84617	21	7
24619	84619	21	8
24620	84621	21	8
24621	84623	21	9
24622	84625	21	7
24623	84627	21	8
24624	84629	21	8
24625	84631	21	9
24626	84633	21	8
24627	84635	21	9
24628	84637	21	9
24629	84643	21	8
24630	84645	21	8
24631	84647	21	9
24632	84649	21	8
24633	84651	21	9
24634	84653	21	9
24635	84657	21	8
24636	84659	21	9
24637	84661	21	9
24638	84665	21	9
24639	84675	21	8
24640	84677	21	8
24641	84679	21	9
24642	84681	21	8
24643	84683	21	9
24644	84685	21	9
24645	84689	21	8
24646	84691	21	9
24647	84693	21	9
24648	84697	21	9
24649	84707	21	9
24650	84709	21	9
24651	84713	21	9
24652	84721	21	9
24653	84747	21	8
24654	84749	21	8
24655	84751	21	9
24656	84753	21	7
24657	84755	21	8
24658	84757	21	8
24659	84759	21	9
24660	84761	21	8
24661	84763	21	9
24662	84765	21	9
24663	84771	21	8
24664	84773	21	8
24665	84775	21	9
24666	84777	21	8
24667	84779	21	9
24668	84781	21	9
24669	84785	21	8
24670	84787	21	9
24671	84789	21	9
24672	84793	21	9
24673	84803	21	8
24674	84805	21	8
24675	84807	21	9
24676	84809	21	8
24677	84811	21	9
24678	84813	21	9
24679	84817	21	8
24680	84819	21	9
24681	84821	21	9
24682	84825	21	9
24683	84835	21	9
24684	84837	21	9
24685	84841	21	9
24686	84849	21	9
24687	84871	21	9
24688	84873	21	8
24689	84875	21	9
24690	84877	21	9
24691	84881	21	8
24692	84883	21	9
24693	84885	21	9
24694	84889	21	9
24695	84899	21	9
24696	84901	21	9
24697	84905	21	9
24698	84913	21	9
24699	84931	21	9
24700	84933	21	9
24701	84937	21	9
24702	84945	21	9
24703	85035	21	8
24704	85037	21	8
24705	85039	21	9
24706	85041	21	7
24707	85043	21	8
24708	85045	21	8
24709	85047	21	9
24710	85049	21	8
24711	85051	21	9
24712	85053	21	9
24713	85059	21	7
24714	85061	21	7
24715	85063	21	8
24716	85065	21	7
24717	85067	21	8
24718	85069	21	8
24719	85071	21	9
24720	85073	21	7
24721	85075	21	8
24722	85077	21	8
24723	85079	21	9
24724	85081	21	8
24725	85083	21	9
24726	85085	21	9
24727	85091	21	8
24728	85093	21	8
24729	85095	21	9
24730	85097	21	8
24731	85099	21	9
24732	85101	21	9
24733	85105	21	8
24734	85107	21	9
24735	85109	21	9
24736	85113	21	9
24737	85127	21	8
24738	85129	21	7
24739	85131	21	8
24740	85133	21	8
24741	85135	21	9
24742	85137	21	7
24743	85139	21	8
24744	85141	21	8
24745	85143	21	9
24746	85145	21	8
24747	85147	21	9
24748	85149	21	9
24749	85155	21	8
24750	85157	21	8
24751	85159	21	9
24752	85161	21	8
24753	85163	21	9
24754	85165	21	9
24755	85169	21	8
24756	85171	21	9
24757	85173	21	9
24758	85177	21	9
24759	85187	21	8
24760	85189	21	8
24761	85191	21	9
24762	85193	21	8
24763	85195	21	9
24764	85197	21	9
24765	85201	21	8
24766	85203	21	9
24767	85205	21	9
24768	85209	21	9
24769	85219	21	9
24770	85221	21	9
24771	85225	21	9
24772	85233	21	9
24773	85259	21	8
24774	85261	21	8
24775	85263	21	9
24776	85265	21	7
24777	85267	21	8
24778	85269	21	8
24779	85271	21	9
24780	85273	21	8
24781	85275	21	9
24782	85277	21	9
24783	85283	21	8
24784	85285	21	8
24785	85287	21	9
24786	85289	21	8
24787	85291	21	9
24788	85293	21	9
24789	85297	21	8
24790	85299	21	9
24791	85301	21	9
24792	85305	21	9
24793	85315	21	8
24794	85317	21	8
24795	85319	21	9
24796	85321	21	8
24797	85323	21	9
24798	85325	21	9
24799	85329	21	8
24800	85331	21	9
24801	85333	21	9
24802	85337	21	9
24803	85347	21	9
24804	85349	21	9
24805	85353	21	9
24806	85361	21	9
24807	85383	21	9
24808	85385	21	8
24809	85387	21	9
24810	85389	21	9
24811	85393	21	8
24812	85395	21	9
24813	85397	21	9
24814	85401	21	9
24815	85411	21	9
24816	85413	21	9
24817	85417	21	9
24818	85425	21	9
24819	85443	21	9
24820	85445	21	9
24821	85449	21	9
24822	85457	21	9
24823	85525	21	8
24824	85527	21	9
24825	85529	21	8
24826	85531	21	9
24827	85533	21	9
24828	85539	21	8
24829	85541	21	8
24830	85543	21	9
24831	85545	21	8
24832	85547	21	9
24833	85549	21	9
24834	85553	21	8
24835	85555	21	9
24836	85557	21	9
24837	85561	21	9
24838	85571	21	8
24839	85573	21	8
24840	85575	21	9
24841	85577	21	8
24842	85579	21	9
24843	85581	21	9
24844	85585	21	8
24845	85587	21	9
24846	85589	21	9
24847	85593	21	9
24848	85603	21	9
24849	85605	21	9
24850	85609	21	9
24851	85617	21	9
24852	85639	21	9
24853	85641	21	8
24854	85643	21	9
24855	85645	21	9
24856	85649	21	8
24857	85651	21	9
24858	85653	21	9
24859	85657	21	9
24860	85667	21	9
24861	85669	21	9
24862	85673	21	9
24863	85681	21	9
24864	85699	21	9
24865	85701	21	9
24866	85705	21	9
24867	85713	21	9
24868	85771	21	9
24869	85773	21	9
24870	85777	21	8
24871	85779	21	9
24872	85781	21	9
24873	85785	21	9
24874	85795	21	9
24875	85797	21	9
24876	85801	21	9
24877	85809	21	9
24878	85827	21	9
24879	85829	21	9
24880	85833	21	9
24881	85841	21	9
24882	85897	21	9
24883	85905	21	9
24884	86185	21	7
24885	86187	21	8
24886	86189	21	8
24887	86191	21	9
24888	86193	21	7
24889	86195	21	8
24890	86197	21	8
24891	86199	21	9
24892	86201	21	8
24893	86203	21	9
24894	86205	21	9
24895	86211	21	7
24896	86213	21	7
24897	86215	21	8
24898	86217	21	7
24899	86219	21	8
24900	86221	21	8
24901	86223	21	9
24902	86225	21	7
24903	86227	21	8
24904	86229	21	8
24905	86231	21	9
24906	86233	21	8
24907	86235	21	9
24908	86237	21	9
24909	86243	21	8
24910	86245	21	8
24911	86247	21	9
24912	86249	21	8
24913	86251	21	9
24914	86253	21	9
24915	86257	21	8
24916	86259	21	9
24917	86261	21	9
24918	86265	21	9
24919	86283	21	7
24920	86285	21	7
24921	86287	21	8
24922	86289	21	6
24923	86291	21	7
24924	86293	21	7
24925	86295	21	8
24926	86297	21	7
24927	86299	21	8
24928	86301	21	8
24929	86303	21	9
24930	86307	21	7
24931	86309	21	7
24932	86311	21	8
24933	86313	21	7
24934	86315	21	8
24935	86317	21	8
24936	86319	21	9
24937	86321	21	7
24938	86323	21	8
24939	86325	21	8
24940	86327	21	9
24941	86329	21	8
24942	86331	21	9
24943	86333	21	9
24944	86339	21	7
24945	86341	21	7
24946	86343	21	8
24947	86345	21	7
24948	86347	21	8
24949	86349	21	8
24950	86351	21	9
24951	86353	21	7
24952	86355	21	8
24953	86357	21	8
24954	86359	21	9
24955	86361	21	8
24956	86363	21	9
24957	86365	21	9
24958	86371	21	8
24959	86373	21	8
24960	86375	21	9
24961	86377	21	8
24962	86379	21	9
24963	86381	21	9
24964	86385	21	8
24965	86387	21	9
24966	86389	21	9
24967	86393	21	9
24968	86407	21	8
24969	86409	21	7
24970	86411	21	8
24971	86413	21	8
24972	86415	21	9
24973	86417	21	7
24974	86419	21	8
24975	86421	21	8
24976	86423	21	9
24977	86425	21	8
24978	86427	21	9
24979	86429	21	9
24980	86435	21	8
24981	86437	21	8
24982	86439	21	9
24983	86441	21	8
24984	86443	21	9
24985	86445	21	9
24986	86449	21	8
24987	86451	21	9
24988	86453	21	9
24989	86457	21	9
24990	86467	21	8
24991	86469	21	8
24992	86471	21	9
24993	86473	21	8
24994	86475	21	9
24995	86477	21	9
24996	86481	21	8
24997	86483	21	9
24998	86485	21	9
24999	86489	21	9
25000	86499	21	9
25001	86501	21	9
25002	86505	21	9
25003	86513	21	9
25004	86551	21	8
25005	86553	21	7
25006	86555	21	8
25007	86557	21	8
25008	86559	21	9
25009	86563	21	7
25010	86565	21	7
25011	86567	21	8
25012	86569	21	7
25013	86571	21	8
25014	86573	21	8
25015	86575	21	9
25016	86577	21	7
25017	86579	21	8
25018	86581	21	8
25019	86583	21	9
25020	86585	21	8
25021	86587	21	9
25022	86589	21	9
25023	86595	21	7
25024	86597	21	7
25025	86599	21	8
25026	86601	21	7
25027	86603	21	8
25028	86605	21	8
25029	86607	21	9
25030	86609	21	7
25031	86611	21	8
25032	86613	21	8
25033	86615	21	9
25034	86617	21	8
25035	86619	21	9
25036	86621	21	9
25037	86627	21	8
25038	86629	21	8
25039	86631	21	9
25040	86633	21	8
25041	86635	21	9
25042	86637	21	9
25043	86641	21	8
25044	86643	21	9
25045	86645	21	9
25046	86649	21	9
25047	86663	21	8
25048	86665	21	7
25049	86667	21	8
25050	86669	21	8
25051	86671	21	9
25052	86673	21	7
25053	86675	21	8
25054	86677	21	8
25055	86679	21	9
25056	86681	21	8
25057	86683	21	9
25058	86685	21	9
25059	86691	21	8
25060	86693	21	8
25061	86695	21	9
25062	86697	21	8
25063	86699	21	9
25064	86701	21	9
25065	86705	21	8
25066	86707	21	9
25067	86709	21	9
25068	86713	21	9
25069	86723	21	8
25070	86725	21	8
25071	86727	21	9
25072	86729	21	8
25073	86731	21	9
25074	86733	21	9
25075	86737	21	8
25076	86739	21	9
25077	86741	21	9
25078	86745	21	9
25079	86755	21	9
25080	86757	21	9
25081	86761	21	9
25082	86769	21	9
25083	86795	21	8
25084	86797	21	8
25085	86799	21	9
25086	86801	21	7
25087	86803	21	8
25088	86805	21	8
25089	86807	21	9
25090	86809	21	8
25091	86811	21	9
25092	86813	21	9
25093	86819	21	8
25094	86821	21	8
25095	86823	21	9
25096	86825	21	8
25097	86827	21	9
25098	86829	21	9
25099	86833	21	8
25100	86835	21	9
25101	86837	21	9
25102	86841	21	9
25103	86851	21	8
25104	86853	21	8
25105	86855	21	9
25106	86857	21	8
25107	86859	21	9
25108	86861	21	9
25109	86865	21	8
25110	86867	21	9
25111	86869	21	9
25112	86873	21	9
25113	86883	21	9
25114	86885	21	9
25115	86889	21	9
25116	86897	21	9
25117	86919	21	9
25118	86921	21	8
25119	86923	21	9
25120	86925	21	9
25121	86929	21	8
25122	86931	21	9
25123	86933	21	9
25124	86937	21	9
25125	86947	21	9
25126	86949	21	9
25127	86953	21	9
25128	86961	21	9
25129	86979	21	9
25130	86981	21	9
25131	86985	21	9
25132	86993	21	9
25133	87083	21	8
25134	87085	21	8
25135	87087	21	9
25136	87089	21	7
25137	87091	21	8
25138	87093	21	8
25139	87095	21	9
25140	87097	21	8
25141	87099	21	9
25142	87101	21	9
25143	87107	21	7
25144	87109	21	7
25145	87111	21	8
25146	87113	21	7
25147	87115	21	8
25148	87117	21	8
25149	87119	21	9
25150	87121	21	7
25151	87123	21	8
25152	87125	21	8
25153	87127	21	9
25154	87129	21	8
25155	87131	21	9
25156	87133	21	9
25157	87139	21	8
25158	87141	21	8
25159	87143	21	9
25160	87145	21	8
25161	87147	21	9
25162	87149	21	9
25163	87153	21	8
25164	87155	21	9
25165	87157	21	9
25166	87161	21	9
25167	87175	21	8
25168	87177	21	7
25169	87179	21	8
25170	87181	21	8
25171	87183	21	9
25172	87185	21	7
25173	87187	21	8
25174	87189	21	8
25175	87191	21	9
25176	87193	21	8
25177	87195	21	9
25178	87197	21	9
25179	87203	21	8
25180	87205	21	8
25181	87207	21	9
25182	87209	21	8
25183	87211	21	9
25184	87213	21	9
25185	87217	21	8
25186	87219	21	9
25187	87221	21	9
25188	87225	21	9
25189	87235	21	8
25190	87237	21	8
25191	87239	21	9
25192	87241	21	8
25193	87243	21	9
25194	87245	21	9
25195	87249	21	8
25196	87251	21	9
25197	87253	21	9
25198	87257	21	9
25199	87267	21	9
25200	87269	21	9
25201	87273	21	9
25202	87281	21	9
25203	87307	21	8
25204	87309	21	8
25205	87311	21	9
25206	87313	21	7
25207	87315	21	8
25208	87317	21	8
25209	87319	21	9
25210	87321	21	8
25211	87323	21	9
25212	87325	21	9
25213	87331	21	8
25214	87333	21	8
25215	87335	21	9
25216	87337	21	8
25217	87339	21	9
25218	87341	21	9
25219	87345	21	8
25220	87347	21	9
25221	87349	21	9
25222	87353	21	9
25223	87363	21	8
25224	87365	21	8
25225	87367	21	9
25226	87369	21	8
25227	87371	21	9
25228	87373	21	9
25229	87377	21	8
25230	87379	21	9
25231	87381	21	9
25232	87385	21	9
25233	87395	21	9
25234	87397	21	9
25235	87401	21	9
25236	87409	21	9
25237	87431	21	9
25238	87433	21	8
25239	87435	21	9
25240	87437	21	9
25241	87441	21	8
25242	87443	21	9
25243	87445	21	9
25244	87449	21	9
25245	87459	21	9
25246	87461	21	9
25247	87465	21	9
25248	87473	21	9
25249	87491	21	9
25250	87493	21	9
25251	87497	21	9
25252	87505	21	9
25253	87575	21	9
25254	87577	21	8
25255	87579	21	9
25256	87581	21	9
25257	87587	21	8
25258	87589	21	8
25259	87591	21	9
25260	87593	21	8
25261	87595	21	9
25262	87597	21	9
25263	87601	21	8
25264	87603	21	9
25265	87605	21	9
25266	87609	21	9
25267	87619	21	8
25268	87621	21	8
25269	87623	21	9
25270	87625	21	8
25271	87627	21	9
25272	87629	21	9
25273	87633	21	8
25274	87635	21	9
25275	87637	21	9
25276	87641	21	9
25277	87651	21	9
25278	87653	21	9
25279	87657	21	9
25280	87665	21	9
25281	87687	21	9
25282	87689	21	8
25283	87691	21	9
25284	87693	21	9
25285	87697	21	8
25286	87699	21	9
25287	87701	21	9
25288	87705	21	9
25289	87715	21	9
25290	87717	21	9
25291	87721	21	9
25292	87729	21	9
25293	87747	21	9
25294	87749	21	9
25295	87753	21	9
25296	87761	21	9
25297	87819	21	9
25298	87821	21	9
25299	87825	21	8
25300	87827	21	9
25301	87829	21	9
25302	87833	21	9
25303	87843	21	9
25304	87845	21	9
25305	87849	21	9
25306	87857	21	9
25307	87875	21	9
25308	87877	21	9
25309	87881	21	9
25310	87889	21	9
25311	87945	21	9
25312	87953	21	9
25313	88151	21	9
25314	88153	21	8
25315	88155	21	9
25316	88157	21	9
25317	88163	21	8
25318	88165	21	8
25319	88167	21	9
25320	88169	21	8
25321	88171	21	9
25322	88173	21	9
25323	88177	21	8
25324	88179	21	9
25325	88181	21	9
25326	88185	21	9
25327	88199	21	8
25328	88201	21	7
25329	88203	21	8
25330	88205	21	8
25331	88207	21	9
25332	88209	21	7
25333	88211	21	8
25334	88213	21	8
25335	88215	21	9
25336	88217	21	8
25337	88219	21	9
25338	88221	21	9
25339	88227	21	8
25340	88229	21	8
25341	88231	21	9
25342	88233	21	8
25343	88235	21	9
25344	88237	21	9
25345	88241	21	8
25346	88243	21	9
25347	88245	21	9
25348	88249	21	9
25349	88259	21	8
25350	88261	21	8
25351	88263	21	9
25352	88265	21	8
25353	88267	21	9
25354	88269	21	9
25355	88273	21	8
25356	88275	21	9
25357	88277	21	9
25358	88281	21	9
25359	88291	21	9
25360	88293	21	9
25361	88297	21	9
25362	88305	21	9
25363	88331	21	8
25364	88333	21	8
25365	88335	21	9
25366	88337	21	7
25367	88339	21	8
25368	88341	21	8
25369	88343	21	9
25370	88345	21	8
25371	88347	21	9
25372	88349	21	9
25373	88355	21	8
25374	88357	21	8
25375	88359	21	9
25376	88361	21	8
25377	88363	21	9
25378	88365	21	9
25379	88369	21	8
25380	88371	21	9
25381	88373	21	9
25382	88377	21	9
25383	88387	21	8
25384	88389	21	8
25385	88391	21	9
25386	88393	21	8
25387	88395	21	9
25388	88397	21	9
25389	88401	21	8
25390	88403	21	9
25391	88405	21	9
25392	88409	21	9
25393	88419	21	9
25394	88421	21	9
25395	88425	21	9
25396	88433	21	9
25397	88455	21	9
25398	88457	21	8
25399	88459	21	9
25400	88461	21	9
25401	88465	21	8
25402	88467	21	9
25403	88469	21	9
25404	88473	21	9
25405	88483	21	9
25406	88485	21	9
25407	88489	21	9
25408	88497	21	9
25409	88515	21	9
25410	88517	21	9
25411	88521	21	9
25412	88529	21	9
25413	88599	21	9
25414	88601	21	8
25415	88603	21	9
25416	88605	21	9
25417	88611	21	8
25418	88613	21	8
25419	88615	21	9
25420	88617	21	8
25421	88619	21	9
25422	88621	21	9
25423	88625	21	8
25424	88627	21	9
25425	88629	21	9
25426	88633	21	9
25427	88643	21	8
25428	88645	21	8
25429	88647	21	9
25430	88649	21	8
25431	88651	21	9
25432	88653	21	9
25433	88657	21	8
25434	88659	21	9
25435	88661	21	9
25436	88665	21	9
25437	88675	21	9
25438	88677	21	9
25439	88681	21	9
25440	88689	21	9
25441	88711	21	9
25442	88713	21	8
25443	88715	21	9
25444	88717	21	9
25445	88721	21	8
25446	88723	21	9
25447	88725	21	9
25448	88729	21	9
25449	88739	21	9
25450	88741	21	9
25451	88745	21	9
25452	88753	21	9
25453	88771	21	9
25454	88773	21	9
25455	88777	21	9
25456	88785	21	9
25457	88843	21	9
25458	88845	21	9
25459	88849	21	8
25460	88851	21	9
25461	88853	21	9
25462	88857	21	9
25463	88867	21	9
25464	88869	21	9
25465	88873	21	9
25466	88881	21	9
25467	88899	21	9
25468	88901	21	9
25469	88905	21	9
25470	88913	21	9
25471	88969	21	9
25472	88977	21	9
25473	89133	21	9
25474	89137	21	8
25475	89139	21	9
25476	89141	21	9
25477	89145	21	9
25478	89155	21	8
25479	89157	21	8
25480	89159	21	9
25481	89161	21	8
25482	89163	21	9
25483	89165	21	9
25484	89169	21	8
25485	89171	21	9
25486	89173	21	9
25487	89177	21	9
25488	89187	21	9
25489	89189	21	9
25490	89193	21	9
25491	89201	21	9
25492	89223	21	9
25493	89225	21	8
25494	89227	21	9
25495	89229	21	9
25496	89233	21	8
25497	89235	21	9
25498	89237	21	9
25499	89241	21	9
25500	89251	21	9
25501	89253	21	9
25502	89257	21	9
25503	89265	21	9
25504	89283	21	9
25505	89285	21	9
25506	89289	21	9
25507	89297	21	9
25508	89355	21	9
25509	89357	21	9
25510	89361	21	8
25511	89363	21	9
25512	89365	21	9
25513	89369	21	9
25514	89379	21	9
25515	89381	21	9
25516	89385	21	9
25517	89393	21	9
25518	89411	21	9
25519	89413	21	9
25520	89417	21	9
25521	89425	21	9
25522	89481	21	9
25523	89489	21	9
25524	89625	21	9
25525	89635	21	9
25526	89637	21	9
25527	89641	21	9
25528	89649	21	9
25529	89667	21	9
25530	89669	21	9
25531	89673	21	9
25532	89681	21	9
25533	89737	21	9
25534	89745	21	9
25535	89873	21	9
25536	90467	21	8
25537	90469	21	8
25538	90471	21	9
25539	90473	21	8
25540	90475	21	9
25541	90477	21	9
25542	90481	21	8
25543	90483	21	9
25544	90485	21	9
25545	90489	21	9
25546	90503	21	8
25547	90505	21	7
25548	90507	21	8
25549	90509	21	8
25550	90511	21	9
25551	90513	21	7
25552	90515	21	8
25553	90517	21	8
25554	90519	21	9
25555	90521	21	8
25556	90523	21	9
25557	90525	21	9
25558	90531	21	8
25559	90533	21	8
25560	90535	21	9
25561	90537	21	8
25562	90539	21	9
25563	90541	21	9
25564	90545	21	8
25565	90547	21	9
25566	90549	21	9
25567	90553	21	9
25568	90563	21	8
25569	90565	21	8
25570	90567	21	9
25571	90569	21	8
25572	90571	21	9
25573	90573	21	9
25574	90577	21	8
25575	90579	21	9
25576	90581	21	9
25577	90585	21	9
25578	90595	21	9
25579	90597	21	9
25580	90601	21	9
25581	90609	21	9
25582	90647	21	8
25583	90649	21	7
25584	90651	21	8
25585	90653	21	8
25586	90655	21	9
25587	90659	21	7
25588	90661	21	7
25589	90663	21	8
25590	90665	21	7
25591	90667	21	8
25592	90669	21	8
25593	90671	21	9
25594	90673	21	7
25595	90675	21	8
25596	90677	21	8
25597	90679	21	9
25598	90681	21	8
25599	90683	21	9
25600	90685	21	9
25601	90691	21	7
25602	90693	21	7
25603	90695	21	8
25604	90697	21	7
25605	90699	21	8
25606	90701	21	8
25607	90703	21	9
25608	90705	21	7
25609	90707	21	8
25610	90709	21	8
25611	90711	21	9
25612	90713	21	8
25613	90715	21	9
25614	90717	21	9
25615	90723	21	8
25616	90725	21	8
25617	90727	21	9
25618	90729	21	8
25619	90731	21	9
25620	90733	21	9
25621	90737	21	8
25622	90739	21	9
25623	90741	21	9
25624	90745	21	9
25625	90759	21	8
25626	90761	21	7
25627	90763	21	8
25628	90765	21	8
25629	90767	21	9
25630	90769	21	7
25631	90771	21	8
25632	90773	21	8
25633	90775	21	9
25634	90777	21	8
25635	90779	21	9
25636	90781	21	9
25637	90787	21	8
25638	90789	21	8
25639	90791	21	9
25640	90793	21	8
25641	90795	21	9
25642	90797	21	9
25643	90801	21	8
25644	90803	21	9
25645	90805	21	9
25646	90809	21	9
25647	90819	21	8
25648	90821	21	8
25649	90823	21	9
25650	90825	21	8
25651	90827	21	9
25652	90829	21	9
25653	90833	21	8
25654	90835	21	9
25655	90837	21	9
25656	90841	21	9
25657	90851	21	9
25658	90853	21	9
25659	90857	21	9
25660	90865	21	9
25661	90893	21	8
25662	90895	21	9
25663	90897	21	7
25664	90899	21	8
25665	90901	21	8
25666	90903	21	9
25667	90905	21	8
25668	90907	21	9
25669	90909	21	9
25670	90915	21	8
25671	90917	21	8
25672	90919	21	9
25673	90921	21	8
25674	90923	21	9
25675	90925	21	9
25676	90929	21	8
25677	90931	21	9
25678	90933	21	9
25679	90937	21	9
25680	90947	21	8
25681	90949	21	8
25682	90951	21	9
25683	90953	21	8
25684	90955	21	9
25685	90957	21	9
25686	90961	21	8
25687	90963	21	9
25688	90965	21	9
25689	90969	21	9
25690	90979	21	9
25691	90981	21	9
25692	90985	21	9
25693	90993	21	9
25694	91015	21	9
25695	91017	21	8
25696	91019	21	9
25697	91021	21	9
25698	91025	21	8
25699	91027	21	9
25700	91029	21	9
25701	91033	21	9
25702	91043	21	9
25703	91045	21	9
25704	91049	21	9
25705	91057	21	9
25706	91075	21	9
25707	91077	21	9
25708	91081	21	9
25709	91089	21	9
25710	91181	21	8
25711	91183	21	9
25712	91185	21	7
25713	91187	21	8
25714	91189	21	8
25715	91191	21	9
25716	91193	21	8
25717	91195	21	9
25718	91197	21	9
25719	91203	21	7
25720	91205	21	7
25721	91207	21	8
25722	91209	21	7
25723	91211	21	8
25724	91213	21	8
25725	91215	21	9
25726	91217	21	7
25727	91219	21	8
25728	91221	21	8
25729	91223	21	9
25730	91225	21	8
25731	91227	21	9
25732	91229	21	9
25733	91235	21	8
25734	91237	21	8
25735	91239	21	9
25736	91241	21	8
25737	91243	21	9
25738	91245	21	9
25739	91249	21	8
25740	91251	21	9
25741	91253	21	9
25742	91257	21	9
25743	91271	21	8
25744	91273	21	7
25745	91275	21	8
25746	91277	21	8
25747	91279	21	9
25748	91281	21	7
25749	91283	21	8
25750	91285	21	8
25751	91287	21	9
25752	91289	21	8
25753	91291	21	9
25754	91293	21	9
25755	91299	21	8
25756	91301	21	8
25757	91303	21	9
25758	91305	21	8
25759	91307	21	9
25760	91309	21	9
25761	91313	21	8
25762	91315	21	9
25763	91317	21	9
25764	91321	21	9
25765	91331	21	8
25766	91333	21	8
25767	91335	21	9
25768	91337	21	8
25769	91339	21	9
25770	91341	21	9
25771	91345	21	8
25772	91347	21	9
25773	91349	21	9
25774	91353	21	9
25775	91363	21	9
25776	91365	21	9
25777	91369	21	9
25778	91377	21	9
25779	91405	21	8
25780	91407	21	9
25781	91409	21	7
25782	91411	21	8
25783	91413	21	8
25784	91415	21	9
25785	91417	21	8
25786	91419	21	9
25787	91421	21	9
25788	91427	21	8
25789	91429	21	8
25790	91431	21	9
25791	91433	21	8
25792	91435	21	9
25793	91437	21	9
25794	91441	21	8
25795	91443	21	9
25796	91445	21	9
25797	91449	21	9
25798	91459	21	8
25799	91461	21	8
25800	91463	21	9
25801	91465	21	8
25802	91467	21	9
25803	91469	21	9
25804	91473	21	8
25805	91475	21	9
25806	91477	21	9
25807	91481	21	9
25808	91491	21	9
25809	91493	21	9
25810	91497	21	9
25811	91505	21	9
25812	91527	21	9
25813	91529	21	8
25814	91531	21	9
25815	91533	21	9
25816	91537	21	8
25817	91539	21	9
25818	91541	21	9
25819	91545	21	9
25820	91555	21	9
25821	91557	21	9
25822	91561	21	9
25823	91569	21	9
25824	91587	21	9
25825	91589	21	9
25826	91593	21	9
25827	91601	21	9
25828	91671	21	9
25829	91673	21	8
25830	91675	21	9
25831	91677	21	9
25832	91683	21	8
25833	91685	21	8
25834	91687	21	9
25835	91689	21	8
25836	91691	21	9
25837	91693	21	9
25838	91697	21	8
25839	91699	21	9
25840	91701	21	9
25841	91705	21	9
25842	91715	21	8
25843	91717	21	8
25844	91719	21	9
25845	91721	21	8
25846	91723	21	9
25847	91725	21	9
25848	91729	21	8
25849	91731	21	9
25850	91733	21	9
25851	91737	21	9
25852	91747	21	9
25853	91749	21	9
25854	91753	21	9
25855	91761	21	9
25856	91783	21	9
25857	91785	21	8
25858	91787	21	9
25859	91789	21	9
25860	91793	21	8
25861	91795	21	9
25862	91797	21	9
25863	91801	21	9
25864	91811	21	9
25865	91813	21	9
25866	91817	21	9
25867	91825	21	9
25868	91843	21	9
25869	91845	21	9
25870	91849	21	9
25871	91857	21	9
25872	91917	21	9
25873	91921	21	8
25874	91923	21	9
25875	91925	21	9
25876	91929	21	9
25877	91939	21	9
25878	91941	21	9
25879	91945	21	9
25880	91953	21	9
25881	91971	21	9
25882	91973	21	9
25883	91977	21	9
25884	91985	21	9
25885	92041	21	9
25886	92049	21	9
25887	92251	21	9
25888	92253	21	9
25889	92259	21	8
25890	92261	21	8
25891	92263	21	9
25892	92265	21	8
25893	92267	21	9
25894	92269	21	9
25895	92273	21	8
25896	92275	21	9
25897	92277	21	9
25898	92281	21	9
25899	92295	21	8
25900	92297	21	7
25901	92299	21	8
25902	92301	21	8
25903	92303	21	9
25904	92305	21	7
25905	92307	21	8
25906	92309	21	8
25907	92311	21	9
25908	92313	21	8
25909	92315	21	9
25910	92317	21	9
25911	92323	21	8
25912	92325	21	8
25913	92327	21	9
25914	92329	21	8
25915	92331	21	9
25916	92333	21	9
25917	92337	21	8
25918	92339	21	9
25919	92341	21	9
25920	92345	21	9
25921	92355	21	8
25922	92357	21	8
25923	92359	21	9
25924	92361	21	8
25925	92363	21	9
25926	92365	21	9
25927	92369	21	8
25928	92371	21	9
25929	92373	21	9
25930	92377	21	9
25931	92387	21	9
25932	92389	21	9
25933	92393	21	9
25934	92401	21	9
25935	92429	21	8
25936	92431	21	9
25937	92433	21	7
25938	92435	21	8
25939	92437	21	8
25940	92439	21	9
25941	92441	21	8
25942	92443	21	9
25943	92445	21	9
25944	92451	21	8
25945	92453	21	8
25946	92455	21	9
25947	92457	21	8
25948	92459	21	9
25949	92461	21	9
25950	92465	21	8
25951	92467	21	9
25952	92469	21	9
25953	92473	21	9
25954	92483	21	8
25955	92485	21	8
25956	92487	21	9
25957	92489	21	8
25958	92491	21	9
25959	92493	21	9
25960	92497	21	8
25961	92499	21	9
25962	92501	21	9
25963	92505	21	9
25964	92515	21	9
25965	92517	21	9
25966	92521	21	9
25967	92529	21	9
25968	92551	21	9
25969	92553	21	8
25970	92555	21	9
25971	92557	21	9
25972	92561	21	8
25973	92563	21	9
25974	92565	21	9
25975	92569	21	9
25976	92579	21	9
25977	92581	21	9
25978	92585	21	9
25979	92593	21	9
25980	92611	21	9
25981	92613	21	9
25982	92617	21	9
25983	92625	21	9
25984	92695	21	9
25985	92697	21	8
25986	92699	21	9
25987	92701	21	9
25988	92707	21	8
25989	92709	21	8
25990	92711	21	9
25991	92713	21	8
25992	92715	21	9
25993	92717	21	9
25994	92721	21	8
25995	92723	21	9
25996	92725	21	9
25997	92729	21	9
25998	92739	21	8
25999	92741	21	8
26000	92743	21	9
26001	92745	21	8
26002	92747	21	9
26003	92749	21	9
26004	92753	21	8
26005	92755	21	9
26006	92757	21	9
26007	92761	21	9
26008	92771	21	9
26009	92773	21	9
26010	92777	21	9
26011	92785	21	9
26012	92807	21	9
26013	92809	21	8
26014	92811	21	9
26015	92813	21	9
26016	92817	21	8
26017	92819	21	9
26018	92821	21	9
26019	92825	21	9
26020	92835	21	9
26021	92837	21	9
26022	92841	21	9
26023	92849	21	9
26024	92867	21	9
26025	92869	21	9
26026	92873	21	9
26027	92881	21	9
26028	92941	21	9
26029	92945	21	8
26030	92947	21	9
26031	92949	21	9
26032	92953	21	9
26033	92963	21	9
26034	92965	21	9
26035	92969	21	9
26036	92977	21	9
26037	92995	21	9
26038	92997	21	9
26039	93001	21	9
26040	93009	21	9
26041	93065	21	9
26042	93073	21	9
26043	93233	21	8
26044	93235	21	9
26045	93237	21	9
26046	93241	21	9
26047	93251	21	8
26048	93253	21	8
26049	93255	21	9
26050	93257	21	8
26051	93259	21	9
26052	93261	21	9
26053	93265	21	8
26054	93267	21	9
26055	93269	21	9
26056	93273	21	9
26057	93283	21	9
26058	93285	21	9
26059	93289	21	9
26060	93297	21	9
26061	93319	21	9
26062	93321	21	8
26063	93323	21	9
26064	93325	21	9
26065	93329	21	8
26066	93331	21	9
26067	93333	21	9
26068	93337	21	9
26069	93347	21	9
26070	93349	21	9
26071	93353	21	9
26072	93361	21	9
26073	93379	21	9
26074	93381	21	9
26075	93385	21	9
26076	93393	21	9
26077	93453	21	9
26078	93457	21	8
26079	93459	21	9
26080	93461	21	9
26081	93465	21	9
26082	93475	21	9
26083	93477	21	9
26084	93481	21	9
26085	93489	21	9
26086	93507	21	9
26087	93509	21	9
26088	93513	21	9
26089	93521	21	9
26090	93577	21	9
26091	93585	21	9
26092	93721	21	9
26093	93731	21	9
26094	93733	21	9
26095	93737	21	9
26096	93745	21	9
26097	93763	21	9
26098	93765	21	9
26099	93769	21	9
26100	93777	21	9
26101	93833	21	9
26102	93841	21	9
26103	93969	21	9
26104	94393	21	9
26105	94403	21	8
26106	94405	21	8
26107	94407	21	9
26108	94409	21	8
26109	94411	21	9
26110	94413	21	9
26111	94417	21	8
26112	94419	21	9
26113	94421	21	9
26114	94425	21	9
26115	94435	21	9
26116	94437	21	9
26117	94441	21	9
26118	94449	21	9
26119	94477	21	8
26120	94479	21	9
26121	94481	21	7
26122	94483	21	8
26123	94485	21	8
26124	94487	21	9
26125	94489	21	8
26126	94491	21	9
26127	94493	21	9
26128	94499	21	8
26129	94501	21	8
26130	94503	21	9
26131	94505	21	8
26132	94507	21	9
26133	94509	21	9
26134	94513	21	8
26135	94515	21	9
26136	94517	21	9
26137	94521	21	9
26138	94531	21	8
26139	94533	21	8
26140	94535	21	9
26141	94537	21	8
26142	94539	21	9
26143	94541	21	9
26144	94545	21	8
26145	94547	21	9
26146	94549	21	9
26147	94553	21	9
26148	94563	21	9
26149	94565	21	9
26150	94569	21	9
26151	94577	21	9
26152	94599	21	9
26153	94601	21	8
26154	94603	21	9
26155	94605	21	9
26156	94609	21	8
26157	94611	21	9
26158	94613	21	9
26159	94617	21	9
26160	94627	21	9
26161	94629	21	9
26162	94633	21	9
26163	94641	21	9
26164	94659	21	9
26165	94661	21	9
26166	94665	21	9
26167	94673	21	9
26168	94745	21	8
26169	94747	21	9
26170	94749	21	9
26171	94755	21	8
26172	94757	21	8
26173	94759	21	9
26174	94761	21	8
26175	94763	21	9
26176	94765	21	9
26177	94769	21	8
26178	94771	21	9
26179	94773	21	9
26180	94777	21	9
26181	94787	21	8
26182	94789	21	8
26183	94791	21	9
26184	94793	21	8
26185	94795	21	9
26186	94797	21	9
26187	94801	21	8
26188	94803	21	9
26189	94805	21	9
26190	94809	21	9
26191	94819	21	9
26192	94821	21	9
26193	94825	21	9
26194	94833	21	9
26195	94855	21	9
26196	94857	21	8
26197	94859	21	9
26198	94861	21	9
26199	94865	21	8
26200	94867	21	9
26201	94869	21	9
26202	94873	21	9
26203	94883	21	9
26204	94885	21	9
26205	94889	21	9
26206	94897	21	9
26207	94915	21	9
26208	94917	21	9
26209	94921	21	9
26210	94929	21	9
26211	94989	21	9
26212	94993	21	8
26213	94995	21	9
26214	94997	21	9
26215	95001	21	9
26216	95011	21	9
26217	95013	21	9
26218	95017	21	9
26219	95025	21	9
26220	95043	21	9
26221	95045	21	9
26222	95049	21	9
26223	95057	21	9
26224	95113	21	9
26225	95121	21	9
26226	95281	21	8
26227	95283	21	9
26228	95285	21	9
26229	95289	21	9
26230	95299	21	8
26231	95301	21	8
26232	95303	21	9
26233	95305	21	8
26234	95307	21	9
26235	95309	21	9
26236	95313	21	8
26237	95315	21	9
26238	95317	21	9
26239	95321	21	9
26240	95331	21	9
26241	95333	21	9
26242	95337	21	9
26243	95345	21	9
26244	95367	21	9
26245	95369	21	8
26246	95371	21	9
26247	95373	21	9
26248	95377	21	8
26249	95379	21	9
26250	95381	21	9
26251	95385	21	9
26252	95395	21	9
26253	95397	21	9
26254	95401	21	9
26255	95409	21	9
26256	95427	21	9
26257	95429	21	9
26258	95433	21	9
26259	95441	21	9
26260	95501	21	9
26261	95505	21	8
26262	95507	21	9
26263	95509	21	9
26264	95513	21	9
26265	95523	21	9
26266	95525	21	9
26267	95529	21	9
26268	95537	21	9
26269	95555	21	9
26270	95557	21	9
26271	95561	21	9
26272	95569	21	9
26273	95625	21	9
26274	95633	21	9
26275	95769	21	9
26276	95779	21	9
26277	95781	21	9
26278	95785	21	9
26279	95793	21	9
26280	95811	21	9
26281	95813	21	9
26282	95817	21	9
26283	95825	21	9
26284	95881	21	9
26285	95889	21	9
26286	96017	21	9
26287	96355	21	9
26288	96357	21	9
26289	96361	21	9
26290	96369	21	9
26291	96391	21	9
26292	96393	21	8
26293	96395	21	9
26294	96397	21	9
26295	96401	21	8
26296	96403	21	9
26297	96405	21	9
26298	96409	21	9
26299	96419	21	9
26300	96421	21	9
26301	96425	21	9
26302	96433	21	9
26303	96451	21	9
26304	96453	21	9
26305	96457	21	9
26306	96465	21	9
26307	96525	21	9
26308	96529	21	8
26309	96531	21	9
26310	96533	21	9
26311	96537	21	9
26312	96547	21	9
26313	96549	21	9
26314	96553	21	9
26315	96561	21	9
26316	96579	21	9
26317	96581	21	9
26318	96585	21	9
26319	96593	21	9
26320	96649	21	9
26321	96657	21	9
26322	96793	21	9
26323	96803	21	9
26324	96805	21	9
26325	96809	21	9
26326	96817	21	9
26327	96835	21	9
26328	96837	21	9
26329	96841	21	9
26330	96849	21	9
26331	96905	21	9
26332	96913	21	9
26333	97041	21	9
26334	97329	21	9
26335	97347	21	9
26336	97349	21	9
26337	97353	21	9
26338	97361	21	9
26339	97417	21	9
26340	97425	21	9
26341	97553	21	9
26342	99865	21	7
26343	99867	21	8
26344	99869	21	8
26345	99871	21	9
26346	99875	21	7
26347	99877	21	7
26348	99879	21	8
26349	99881	21	7
26350	99883	21	8
26351	99885	21	8
26352	99887	21	9
26353	99889	21	7
26354	99891	21	8
26355	99893	21	8
26356	99895	21	9
26357	99897	21	8
26358	99899	21	9
26359	99901	21	9
26360	99909	21	7
26361	99911	21	8
26362	99913	21	7
26363	99915	21	8
26364	99917	21	8
26365	99919	21	9
26366	99921	21	7
26367	99923	21	8
26368	99925	21	8
26369	99927	21	9
26370	99929	21	8
26371	99931	21	9
26372	99933	21	9
26373	99939	21	8
26374	99941	21	8
26375	99943	21	9
26376	99945	21	8
26377	99947	21	9
26378	99949	21	9
26379	99953	21	8
26380	99955	21	9
26381	99957	21	9
26382	99961	21	9
26383	99975	21	8
26384	99977	21	7
26385	99979	21	8
26386	99981	21	8
26387	99983	21	9
26388	99985	21	7
26389	99987	21	8
26390	99989	21	8
26391	99991	21	9
26392	99993	21	8
26393	99995	21	9
26394	99997	21	9
26395	100003	21	8
26396	100005	21	8
26397	100007	21	9
26398	100009	21	8
26399	100011	21	9
26400	100013	21	9
26401	100017	21	8
26402	100019	21	9
26403	100021	21	9
26404	100025	21	9
26405	100037	21	8
26406	100039	21	9
26407	100041	21	8
26408	100043	21	9
26409	100045	21	9
26410	100049	21	8
26411	100051	21	9
26412	100053	21	9
26413	100057	21	9
26414	100067	21	9
26415	100069	21	9
26416	100073	21	9
26417	100081	21	9
26418	100109	21	8
26419	100111	21	9
26420	100113	21	7
26421	100115	21	8
26422	100117	21	8
26423	100119	21	9
26424	100121	21	8
26425	100123	21	9
26426	100125	21	9
26427	100131	21	8
26428	100133	21	8
26429	100135	21	9
26430	100137	21	8
26431	100139	21	9
26432	100141	21	9
26433	100145	21	8
26434	100147	21	9
26435	100149	21	9
26436	100153	21	9
26437	100165	21	8
26438	100167	21	9
26439	100169	21	8
26440	100171	21	9
26441	100173	21	9
26442	100177	21	8
26443	100179	21	9
26444	100181	21	9
26445	100185	21	9
26446	100195	21	9
26447	100197	21	9
26448	100201	21	9
26449	100209	21	9
26450	100231	21	9
26451	100233	21	8
26452	100235	21	9
26453	100237	21	9
26454	100241	21	8
26455	100243	21	9
26456	100245	21	9
26457	100249	21	9
26458	100259	21	9
26459	100261	21	9
26460	100265	21	9
26461	100273	21	9
26462	100293	21	9
26463	100297	21	9
26464	100305	21	9
26465	100451	21	7
26466	100453	21	7
26467	100455	21	8
26468	100457	21	7
26469	100459	21	8
26470	100461	21	8
26471	100463	21	9
26472	100465	21	7
26473	100467	21	8
26474	100469	21	8
26475	100471	21	9
26476	100473	21	8
26477	100475	21	9
26478	100477	21	9
26479	100487	21	7
26480	100489	21	6
26481	100491	21	7
26482	100493	21	7
26483	100495	21	8
26484	100497	21	6
26485	100499	21	7
26486	100501	21	7
26487	100503	21	8
26488	100505	21	7
26489	100507	21	8
26490	100509	21	8
26491	100511	21	9
26492	100515	21	7
26493	100517	21	7
26494	100519	21	8
26495	100521	21	7
26496	100523	21	8
26497	100525	21	8
26498	100527	21	9
26499	100529	21	7
26500	100531	21	8
26501	100533	21	8
26502	100535	21	9
26503	100537	21	8
26504	100539	21	9
26505	100541	21	9
26506	100549	21	7
26507	100551	21	8
26508	100553	21	7
26509	100555	21	8
26510	100557	21	8
26511	100559	21	9
26512	100561	21	7
26513	100563	21	8
26514	100565	21	8
26515	100567	21	9
26516	100569	21	8
26517	100571	21	9
26518	100573	21	9
26519	100579	21	8
26520	100581	21	8
26521	100583	21	9
26522	100585	21	8
26523	100587	21	9
26524	100589	21	9
26525	100593	21	8
26526	100595	21	9
26527	100597	21	9
26528	100601	21	9
26529	100621	21	7
26530	100623	21	8
26531	100625	21	6
26532	100627	21	7
26533	100629	21	7
26534	100631	21	8
26535	100633	21	7
26536	100635	21	8
26537	100637	21	8
26538	100639	21	9
26539	100643	21	7
26540	100645	21	7
26541	100647	21	8
26542	100649	21	7
26543	100651	21	8
26544	100653	21	8
26545	100655	21	9
26546	100657	21	7
26547	100659	21	8
26548	100661	21	8
26549	100663	21	9
26550	100665	21	8
26551	100667	21	9
26552	100669	21	9
26553	100677	21	7
26554	100679	21	8
26555	100681	21	7
26556	100683	21	8
26557	100685	21	8
26558	100687	21	9
26559	100689	21	7
26560	100691	21	8
26561	100693	21	8
26562	100695	21	9
26563	100697	21	8
26564	100699	21	9
26565	100701	21	9
26566	100707	21	8
26567	100709	21	8
26568	100711	21	9
26569	100713	21	8
26570	100715	21	9
26571	100717	21	9
26572	100721	21	8
26573	100723	21	9
26574	100725	21	9
26575	100729	21	9
26576	100743	21	8
26577	100745	21	7
26578	100747	21	8
26579	100749	21	8
26580	100751	21	9
26581	100753	21	7
26582	100755	21	8
26583	100757	21	8
26584	100759	21	9
26585	100761	21	8
26586	100763	21	9
26587	100765	21	9
26588	100771	21	8
26589	100773	21	8
26590	100775	21	9
26591	100777	21	8
26592	100779	21	9
26593	100781	21	9
26594	100785	21	8
26595	100787	21	9
26596	100789	21	9
26597	100793	21	9
26598	100805	21	8
26599	100807	21	9
26600	100809	21	8
26601	100811	21	9
26602	100813	21	9
26603	100817	21	8
26604	100819	21	9
26605	100821	21	9
26606	100825	21	9
26607	100835	21	9
26608	100837	21	9
26609	100841	21	9
26610	100849	21	9
26611	100889	21	7
26612	100891	21	8
26613	100893	21	8
26614	100895	21	9
26615	100899	21	7
26616	100901	21	7
26617	100903	21	8
26618	100905	21	7
26619	100907	21	8
26620	100909	21	8
26621	100911	21	9
26622	100913	21	7
26623	100915	21	8
26624	100917	21	8
26625	100919	21	9
26626	100921	21	8
26627	100923	21	9
26628	100925	21	9
26629	100933	21	7
26630	100935	21	8
26631	100937	21	7
26632	100939	21	8
26633	100941	21	8
26634	100943	21	9
26635	100945	21	7
26636	100947	21	8
26637	100949	21	8
26638	100951	21	9
26639	100953	21	8
26640	100955	21	9
26641	100957	21	9
26642	100963	21	8
26643	100965	21	8
26644	100967	21	9
26645	100969	21	8
26646	100971	21	9
26647	100973	21	9
26648	100977	21	8
26649	100979	21	9
26650	100981	21	9
26651	100985	21	9
26652	100999	21	8
26653	101001	21	7
26654	101003	21	8
26655	101005	21	8
26656	101007	21	9
26657	101009	21	7
26658	101011	21	8
26659	101013	21	8
26660	101015	21	9
26661	101017	21	8
26662	101019	21	9
26663	101021	21	9
26664	101027	21	8
26665	101029	21	8
26666	101031	21	9
26667	101033	21	8
26668	101035	21	9
26669	101037	21	9
26670	101041	21	8
26671	101043	21	9
26672	101045	21	9
26673	101049	21	9
26674	101061	21	8
26675	101063	21	9
26676	101065	21	8
26677	101067	21	9
26678	101069	21	9
26679	101073	21	8
26680	101075	21	9
26681	101077	21	9
26682	101081	21	9
26683	101091	21	9
26684	101093	21	9
26685	101097	21	9
26686	101105	21	9
26687	101133	21	8
26688	101135	21	9
26689	101137	21	7
26690	101139	21	8
26691	101141	21	8
26692	101143	21	9
26693	101145	21	8
26694	101147	21	9
26695	101149	21	9
26696	101155	21	8
26697	101157	21	8
26698	101159	21	9
26699	101161	21	8
26700	101163	21	9
26701	101165	21	9
26702	101169	21	8
26703	101171	21	9
26704	101173	21	9
26705	101177	21	9
26706	101189	21	8
26707	101191	21	9
26708	101193	21	8
26709	101195	21	9
26710	101197	21	9
26711	101201	21	8
26712	101203	21	9
26713	101205	21	9
26714	101209	21	9
26715	101219	21	9
26716	101221	21	9
26717	101225	21	9
26718	101233	21	9
26719	101255	21	9
26720	101257	21	8
26721	101259	21	9
26722	101261	21	9
26723	101265	21	8
26724	101267	21	9
26725	101269	21	9
26726	101273	21	9
26727	101283	21	9
26728	101285	21	9
26729	101289	21	9
26730	101297	21	9
26731	101317	21	9
26732	101321	21	9
26733	101329	21	9
26734	101427	21	8
26735	101429	21	8
26736	101431	21	9
26737	101433	21	8
26738	101435	21	9
26739	101437	21	9
26740	101445	21	7
26741	101447	21	8
26742	101449	21	7
26743	101451	21	8
26744	101453	21	8
26745	101455	21	9
26746	101457	21	7
26747	101459	21	8
26748	101461	21	8
26749	101463	21	9
26750	101465	21	8
26751	101467	21	9
26752	101469	21	9
26753	101475	21	8
26754	101477	21	8
26755	101479	21	9
26756	101481	21	8
26757	101483	21	9
26758	101485	21	9
26759	101489	21	8
26760	101491	21	9
26761	101493	21	9
26762	101497	21	9
26763	101511	21	8
26764	101513	21	7
26765	101515	21	8
26766	101517	21	8
26767	101519	21	9
26768	101521	21	7
26769	101523	21	8
26770	101525	21	8
26771	101527	21	9
26772	101529	21	8
26773	101531	21	9
26774	101533	21	9
26775	101539	21	8
26776	101541	21	8
26777	101543	21	9
26778	101545	21	8
26779	101547	21	9
26780	101549	21	9
26781	101553	21	8
26782	101555	21	9
26783	101557	21	9
26784	101561	21	9
26785	101573	21	8
26786	101575	21	9
26787	101577	21	8
26788	101579	21	9
26789	101581	21	9
26790	101585	21	8
26791	101587	21	9
26792	101589	21	9
26793	101593	21	9
26794	101603	21	9
26795	101605	21	9
26796	101609	21	9
26797	101617	21	9
26798	101645	21	8
26799	101647	21	9
26800	101649	21	7
26801	101651	21	8
26802	101653	21	8
26803	101655	21	9
26804	101657	21	8
26805	101659	21	9
26806	101661	21	9
26807	101667	21	8
26808	101669	21	8
26809	101671	21	9
26810	101673	21	8
26811	101675	21	9
26812	101677	21	9
26813	101681	21	8
26814	101683	21	9
26815	101685	21	9
26816	101689	21	9
26817	101701	21	8
26818	101703	21	9
26819	101705	21	8
26820	101707	21	9
26821	101709	21	9
26822	101713	21	8
26823	101715	21	9
26824	101717	21	9
26825	101721	21	9
26826	101731	21	9
26827	101733	21	9
26828	101737	21	9
26829	101745	21	9
26830	101767	21	9
26831	101769	21	8
26832	101771	21	9
26833	101773	21	9
26834	101777	21	8
26835	101779	21	9
26836	101781	21	9
26837	101785	21	9
26838	101795	21	9
26839	101797	21	9
26840	101801	21	9
26841	101809	21	9
26842	101829	21	9
26843	101833	21	9
26844	101841	21	9
26845	101913	21	8
26846	101915	21	9
26847	101917	21	9
26848	101923	21	8
26849	101925	21	8
26850	101927	21	9
26851	101929	21	8
26852	101931	21	9
26853	101933	21	9
26854	101937	21	8
26855	101939	21	9
26856	101941	21	9
26857	101945	21	9
26858	101957	21	8
26859	101959	21	9
26860	101961	21	8
26861	101963	21	9
26862	101965	21	9
26863	101969	21	8
26864	101971	21	9
26865	101973	21	9
26866	101977	21	9
26867	101987	21	9
26868	101989	21	9
26869	101993	21	9
26870	102001	21	9
26871	102023	21	9
26872	102025	21	8
26873	102027	21	9
26874	102029	21	9
26875	102033	21	8
26876	102035	21	9
26877	102037	21	9
26878	102041	21	9
26879	102051	21	9
26880	102053	21	9
26881	102057	21	9
26882	102065	21	9
26883	102085	21	9
26884	102089	21	9
26885	102097	21	9
26886	102157	21	9
26887	102161	21	8
26888	102163	21	9
26889	102165	21	9
26890	102169	21	9
26891	102179	21	9
26892	102181	21	9
26893	102185	21	9
26894	102193	21	9
26895	102213	21	9
26896	102217	21	9
26897	102225	21	9
26898	102281	21	9
26899	102289	21	9
26900	102601	21	7
26901	102603	21	8
26902	102605	21	8
26903	102607	21	9
26904	102609	21	7
26905	102611	21	8
26906	102613	21	8
26907	102615	21	9
26908	102617	21	8
26909	102619	21	9
26910	102621	21	9
26911	102627	21	8
26912	102629	21	8
26913	102631	21	9
26914	102633	21	8
26915	102635	21	9
26916	102637	21	9
26917	102641	21	8
26918	102643	21	9
26919	102645	21	9
26920	102649	21	9
26921	102669	21	7
26922	102671	21	8
26923	102673	21	6
26924	102675	21	7
26925	102677	21	7
26926	102679	21	8
26927	102681	21	7
26928	102683	21	8
26929	102685	21	8
26930	102687	21	9
26931	102691	21	7
26932	102693	21	7
26933	102695	21	8
26934	102697	21	7
26935	102699	21	8
26936	102701	21	8
26937	102703	21	9
26938	102705	21	7
26939	102707	21	8
26940	102709	21	8
26941	102711	21	9
26942	102713	21	8
26943	102715	21	9
26944	102717	21	9
26945	102725	21	7
26946	102727	21	8
26947	102729	21	7
26948	102731	21	8
26949	102733	21	8
26950	102735	21	9
26951	102737	21	7
26952	102739	21	8
26953	102741	21	8
26954	102743	21	9
26955	102745	21	8
26956	102747	21	9
26957	102749	21	9
26958	102755	21	8
26959	102757	21	8
26960	102759	21	9
26961	102761	21	8
26962	102763	21	9
26963	102765	21	9
26964	102769	21	8
26965	102771	21	9
26966	102773	21	9
26967	102777	21	9
26968	102791	21	8
26969	102793	21	7
26970	102795	21	8
26971	102797	21	8
26972	102799	21	9
26973	102801	21	7
26974	102803	21	8
26975	102805	21	8
26976	102807	21	9
26977	102809	21	8
26978	102811	21	9
26979	102813	21	9
26980	102819	21	8
26981	102821	21	8
26982	102823	21	9
26983	102825	21	8
26984	102827	21	9
26985	102829	21	9
26986	102833	21	8
26987	102835	21	9
26988	102837	21	9
26989	102841	21	9
26990	102853	21	8
26991	102855	21	9
26992	102857	21	8
26993	102859	21	9
26994	102861	21	9
26995	102865	21	8
26996	102867	21	9
26997	102869	21	9
26998	102873	21	9
26999	102883	21	9
27000	102885	21	9
27001	102889	21	9
27002	102897	21	9
27003	102939	21	8
27004	102941	21	8
27005	102943	21	9
27006	102947	21	7
27007	102949	21	7
27008	102951	21	8
27009	102953	21	7
27010	102955	21	8
27011	102957	21	8
27012	102959	21	9
27013	102961	21	7
27014	102963	21	8
27015	102965	21	8
27016	102967	21	9
27017	102969	21	8
27018	102971	21	9
27019	102973	21	9
27020	102981	21	7
27021	102983	21	8
27022	102985	21	7
27023	102987	21	8
27024	102989	21	8
27025	102991	21	9
27026	102993	21	7
27027	102995	21	8
27028	102997	21	8
27029	102999	21	9
27030	103001	21	8
27031	103003	21	9
27032	103005	21	9
27033	103011	21	8
27034	103013	21	8
27035	103015	21	9
27036	103017	21	8
27037	103019	21	9
27038	103021	21	9
27039	103025	21	8
27040	103027	21	9
27041	103029	21	9
27042	103033	21	9
27043	103047	21	8
27044	103049	21	7
27045	103051	21	8
27046	103053	21	8
27047	103055	21	9
27048	103057	21	7
27049	103059	21	8
27050	103061	21	8
27051	103063	21	9
27052	103065	21	8
27053	103067	21	9
27054	103069	21	9
27055	103075	21	8
27056	103077	21	8
27057	103079	21	9
27058	103081	21	8
27059	103083	21	9
27060	103085	21	9
27061	103089	21	8
27062	103091	21	9
27063	103093	21	9
27064	103097	21	9
27065	103109	21	8
27066	103111	21	9
27067	103113	21	8
27068	103115	21	9
27069	103117	21	9
27070	103121	21	8
27071	103123	21	9
27072	103125	21	9
27073	103129	21	9
27074	103139	21	9
27075	103141	21	9
27076	103145	21	9
27077	103153	21	9
27078	103181	21	8
27079	103183	21	9
27080	103185	21	7
27081	103187	21	8
27082	103189	21	8
27083	103191	21	9
27084	103193	21	8
27085	103195	21	9
27086	103197	21	9
27087	103203	21	8
27088	103205	21	8
27089	103207	21	9
27090	103209	21	8
27091	103211	21	9
27092	103213	21	9
27093	103217	21	8
27094	103219	21	9
27095	103221	21	9
27096	103225	21	9
27097	103237	21	8
27098	103239	21	9
27099	103241	21	8
27100	103243	21	9
27101	103245	21	9
27102	103249	21	8
27103	103251	21	9
27104	103253	21	9
27105	103257	21	9
27106	103267	21	9
27107	103269	21	9
27108	103273	21	9
27109	103281	21	9
27110	103303	21	9
27111	103305	21	8
27112	103307	21	9
27113	103309	21	9
27114	103313	21	8
27115	103315	21	9
27116	103317	21	9
27117	103321	21	9
27118	103331	21	9
27119	103333	21	9
27120	103337	21	9
27121	103345	21	9
27122	103365	21	9
27123	103369	21	9
27124	103377	21	9
27125	103475	21	8
27126	103477	21	8
27127	103479	21	9
27128	103481	21	8
27129	103483	21	9
27130	103485	21	9
27131	103493	21	7
27132	103495	21	8
27133	103497	21	7
27134	103499	21	8
27135	103501	21	8
27136	103503	21	9
27137	103505	21	7
27138	103507	21	8
27139	103509	21	8
27140	103511	21	9
27141	103513	21	8
27142	103515	21	9
27143	103517	21	9
27144	103523	21	8
27145	103525	21	8
27146	103527	21	9
27147	103529	21	8
27148	103531	21	9
27149	103533	21	9
27150	103537	21	8
27151	103539	21	9
27152	103541	21	9
27153	103545	21	9
27154	103559	21	8
27155	103561	21	7
27156	103563	21	8
27157	103565	21	8
27158	103567	21	9
27159	103569	21	7
27160	103571	21	8
27161	103573	21	8
27162	103575	21	9
27163	103577	21	8
27164	103579	21	9
27165	103581	21	9
27166	103587	21	8
27167	103589	21	8
27168	103591	21	9
27169	103593	21	8
27170	103595	21	9
27171	103597	21	9
27172	103601	21	8
27173	103603	21	9
27174	103605	21	9
27175	103609	21	9
27176	103621	21	8
27177	103623	21	9
27178	103625	21	8
27179	103627	21	9
27180	103629	21	9
27181	103633	21	8
27182	103635	21	9
27183	103637	21	9
27184	103641	21	9
27185	103651	21	9
27186	103653	21	9
27187	103657	21	9
27188	103665	21	9
27189	103693	21	8
27190	103695	21	9
27191	103697	21	7
27192	103699	21	8
27193	103701	21	8
27194	103703	21	9
27195	103705	21	8
27196	103707	21	9
27197	103709	21	9
27198	103715	21	8
27199	103717	21	8
27200	103719	21	9
27201	103721	21	8
27202	103723	21	9
27203	103725	21	9
27204	103729	21	8
27205	103731	21	9
27206	103733	21	9
27207	103737	21	9
27208	103749	21	8
27209	103751	21	9
27210	103753	21	8
27211	103755	21	9
27212	103757	21	9
27213	103761	21	8
27214	103763	21	9
27215	103765	21	9
27216	103769	21	9
27217	103779	21	9
27218	103781	21	9
27219	103785	21	9
27220	103793	21	9
27221	103815	21	9
27222	103817	21	8
27223	103819	21	9
27224	103821	21	9
27225	103825	21	8
27226	103827	21	9
27227	103829	21	9
27228	103833	21	9
27229	103843	21	9
27230	103845	21	9
27231	103849	21	9
27232	103857	21	9
27233	103877	21	9
27234	103881	21	9
27235	103889	21	9
27236	103963	21	9
27237	103965	21	9
27238	103971	21	8
27239	103973	21	8
27240	103975	21	9
27241	103977	21	8
27242	103979	21	9
27243	103981	21	9
27244	103985	21	8
27245	103987	21	9
27246	103989	21	9
27247	103993	21	9
27248	104005	21	8
27249	104007	21	9
27250	104009	21	8
27251	104011	21	9
27252	104013	21	9
27253	104017	21	8
27254	104019	21	9
27255	104021	21	9
27256	104025	21	9
27257	104035	21	9
27258	104037	21	9
27259	104041	21	9
27260	104049	21	9
27261	104071	21	9
27262	104073	21	8
27263	104075	21	9
27264	104077	21	9
27265	104081	21	8
27266	104083	21	9
27267	104085	21	9
27268	104089	21	9
27269	104099	21	9
27270	104101	21	9
27271	104105	21	9
27272	104113	21	9
27273	104133	21	9
27274	104137	21	9
27275	104145	21	9
27276	104205	21	9
27277	104209	21	8
27278	104211	21	9
27279	104213	21	9
27280	104217	21	9
27281	104227	21	9
27282	104229	21	9
27283	104233	21	9
27284	104241	21	9
27285	104261	21	9
27286	104265	21	9
27287	104273	21	9
27288	104329	21	9
27289	104337	21	9
27290	104551	21	9
27291	104553	21	8
27292	104555	21	9
27293	104557	21	9
27294	104561	21	8
27295	104563	21	9
27296	104565	21	9
27297	104569	21	9
27298	104583	21	8
27299	104585	21	7
27300	104587	21	8
27301	104589	21	8
27302	104591	21	9
27303	104593	21	7
27304	104595	21	8
27305	104597	21	8
27306	104599	21	9
27307	104601	21	8
27308	104603	21	9
27309	104605	21	9
27310	104611	21	8
27311	104613	21	8
27312	104615	21	9
27313	104617	21	8
27314	104619	21	9
27315	104621	21	9
27316	104625	21	8
27317	104627	21	9
27318	104629	21	9
27319	104633	21	9
27320	104645	21	8
27321	104647	21	9
27322	104649	21	8
27323	104651	21	9
27324	104653	21	9
27325	104657	21	8
27326	104659	21	9
27327	104661	21	9
27328	104665	21	9
27329	104675	21	9
27330	104677	21	9
27331	104681	21	9
27332	104689	21	9
27333	104717	21	8
27334	104719	21	9
27335	104721	21	7
27336	104723	21	8
27337	104725	21	8
27338	104727	21	9
27339	104729	21	8
27340	104731	21	9
27341	104733	21	9
27342	104739	21	8
27343	104741	21	8
27344	104743	21	9
27345	104745	21	8
27346	104747	21	9
27347	104749	21	9
27348	104753	21	8
27349	104755	21	9
27350	104757	21	9
27351	104761	21	9
27352	104773	21	8
27353	104775	21	9
27354	104777	21	8
27355	104779	21	9
27356	104781	21	9
27357	104785	21	8
27358	104787	21	9
27359	104789	21	9
27360	104793	21	9
27361	104803	21	9
27362	104805	21	9
27363	104809	21	9
27364	104817	21	9
27365	104839	21	9
27366	104841	21	8
27367	104843	21	9
27368	104845	21	9
27369	104849	21	8
27370	104851	21	9
27371	104853	21	9
27372	104857	21	9
27373	104867	21	9
27374	104869	21	9
27375	104873	21	9
27376	104881	21	9
27377	104901	21	9
27378	104905	21	9
27379	104913	21	9
27380	104987	21	9
27381	104989	21	9
27382	104995	21	8
27383	104997	21	8
27384	104999	21	9
27385	105001	21	8
27386	105003	21	9
27387	105005	21	9
27388	105009	21	8
27389	105011	21	9
27390	105013	21	9
27391	105017	21	9
27392	105029	21	8
27393	105031	21	9
27394	105033	21	8
27395	105035	21	9
27396	105037	21	9
27397	105041	21	8
27398	105043	21	9
27399	105045	21	9
27400	105049	21	9
27401	105059	21	9
27402	105061	21	9
27403	105065	21	9
27404	105073	21	9
27405	105095	21	9
27406	105097	21	8
27407	105099	21	9
27408	105101	21	9
27409	105105	21	8
27410	105107	21	9
27411	105109	21	9
27412	105113	21	9
27413	105123	21	9
27414	105125	21	9
27415	105129	21	9
27416	105137	21	9
27417	105157	21	9
27418	105161	21	9
27419	105169	21	9
27420	105229	21	9
27421	105233	21	8
27422	105235	21	9
27423	105237	21	9
27424	105241	21	9
27425	105251	21	9
27426	105253	21	9
27427	105257	21	9
27428	105265	21	9
27429	105285	21	9
27430	105289	21	9
27431	105297	21	9
27432	105353	21	9
27433	105361	21	9
27434	105525	21	9
27435	105529	21	9
27436	105541	21	8
27437	105543	21	9
27438	105545	21	8
27439	105547	21	9
27440	105549	21	9
27441	105553	21	8
27442	105555	21	9
27443	105557	21	9
27444	105561	21	9
27445	105571	21	9
27446	105573	21	9
27447	105577	21	9
27448	105585	21	9
27449	105607	21	9
27450	105609	21	8
27451	105611	21	9
27452	105613	21	9
27453	105617	21	8
27454	105619	21	9
27455	105621	21	9
27456	105625	21	9
27457	105635	21	9
27458	105637	21	9
27459	105641	21	9
27460	105649	21	9
27461	105669	21	9
27462	105673	21	9
27463	105681	21	9
27464	105741	21	9
27465	105745	21	8
27466	105747	21	9
27467	105749	21	9
27468	105753	21	9
27469	105763	21	9
27470	105765	21	9
27471	105769	21	9
27472	105777	21	9
27473	105797	21	9
27474	105801	21	9
27475	105809	21	9
27476	105865	21	9
27477	105873	21	9
27478	106019	21	9
27479	106021	21	9
27480	106025	21	9
27481	106033	21	9
27482	106053	21	9
27483	106057	21	9
27484	106065	21	9
27485	106121	21	9
27486	106129	21	9
27487	106257	21	9
27488	106915	21	8
27489	106917	21	8
27490	106919	21	9
27491	106921	21	8
27492	106923	21	9
27493	106925	21	9
27494	106929	21	8
27495	106931	21	9
27496	106933	21	9
27497	106937	21	9
27498	106949	21	8
27499	106951	21	9
27500	106953	21	8
27501	106955	21	9
27502	106957	21	9
27503	106961	21	8
27504	106963	21	9
27505	106965	21	9
27506	106969	21	9
27507	106979	21	9
27508	106981	21	9
27509	106985	21	9
27510	106993	21	9
27511	107035	21	8
27512	107037	21	8
27513	107039	21	9
27514	107043	21	7
27515	107045	21	7
27516	107047	21	8
27517	107049	21	7
27518	107051	21	8
27519	107053	21	8
27520	107055	21	9
27521	107057	21	7
27522	107059	21	8
27523	107061	21	8
27524	107063	21	9
27525	107065	21	8
27526	107067	21	9
27527	107069	21	9
27528	107077	21	7
27529	107079	21	8
27530	107081	21	7
27531	107083	21	8
27532	107085	21	8
27533	107087	21	9
27534	107089	21	7
27535	107091	21	8
27536	107093	21	8
27537	107095	21	9
27538	107097	21	8
27539	107099	21	9
27540	107101	21	9
27541	107107	21	8
27542	107109	21	8
27543	107111	21	9
27544	107113	21	8
27545	107115	21	9
27546	107117	21	9
27547	107121	21	8
27548	107123	21	9
27549	107125	21	9
27550	107129	21	9
27551	107143	21	8
27552	107145	21	7
27553	107147	21	8
27554	107149	21	8
27555	107151	21	9
27556	107153	21	7
27557	107155	21	8
27558	107157	21	8
27559	107159	21	9
27560	107161	21	8
27561	107163	21	9
27562	107165	21	9
27563	107171	21	8
27564	107173	21	8
27565	107175	21	9
27566	107177	21	8
27567	107179	21	9
27568	107181	21	9
27569	107185	21	8
27570	107187	21	9
27571	107189	21	9
27572	107193	21	9
27573	107205	21	8
27574	107207	21	9
27575	107209	21	8
27576	107211	21	9
27577	107213	21	9
27578	107217	21	8
27579	107219	21	9
27580	107221	21	9
27581	107225	21	9
27582	107235	21	9
27583	107237	21	9
27584	107241	21	9
27585	107249	21	9
27586	107279	21	9
27587	107281	21	7
27588	107283	21	8
27589	107285	21	8
27590	107287	21	9
27591	107289	21	8
27592	107291	21	9
27593	107293	21	9
27594	107299	21	8
27595	107301	21	8
27596	107303	21	9
27597	107305	21	8
27598	107307	21	9
27599	107309	21	9
27600	107313	21	8
27601	107315	21	9
27602	107317	21	9
27603	107321	21	9
27604	107333	21	8
27605	107335	21	9
27606	107337	21	8
27607	107339	21	9
27608	107341	21	9
27609	107345	21	8
27610	107347	21	9
27611	107349	21	9
27612	107353	21	9
27613	107363	21	9
27614	107365	21	9
27615	107369	21	9
27616	107377	21	9
27617	107399	21	9
27618	107401	21	8
27619	107403	21	9
27620	107405	21	9
27621	107409	21	8
27622	107411	21	9
27623	107413	21	9
27624	107417	21	9
27625	107427	21	9
27626	107429	21	9
27627	107433	21	9
27628	107441	21	9
27629	107461	21	9
27630	107465	21	9
27631	107473	21	9
27632	107573	21	8
27633	107575	21	9
27634	107577	21	8
27635	107579	21	9
27636	107581	21	9
27637	107589	21	7
27638	107591	21	8
27639	107593	21	7
27640	107595	21	8
27641	107597	21	8
27642	107599	21	9
27643	107601	21	7
27644	107603	21	8
27645	107605	21	8
27646	107607	21	9
27647	107609	21	8
27648	107611	21	9
27649	107613	21	9
27650	107619	21	8
27651	107621	21	8
27652	107623	21	9
27653	107625	21	8
27654	107627	21	9
27655	107629	21	9
27656	107633	21	8
27657	107635	21	9
27658	107637	21	9
27659	107641	21	9
27660	107655	21	8
27661	107657	21	7
27662	107659	21	8
27663	107661	21	8
27664	107663	21	9
27665	107665	21	7
27666	107667	21	8
27667	107669	21	8
27668	107671	21	9
27669	107673	21	8
27670	107675	21	9
27671	107677	21	9
27672	107683	21	8
27673	107685	21	8
27674	107687	21	9
27675	107689	21	8
27676	107691	21	9
27677	107693	21	9
27678	107697	21	8
27679	107699	21	9
27680	107701	21	9
27681	107705	21	9
27682	107717	21	8
27683	107719	21	9
27684	107721	21	8
27685	107723	21	9
27686	107725	21	9
27687	107729	21	8
27688	107731	21	9
27689	107733	21	9
27690	107737	21	9
27691	107747	21	9
27692	107749	21	9
27693	107753	21	9
27694	107761	21	9
27695	107791	21	9
27696	107793	21	7
27697	107795	21	8
27698	107797	21	8
27699	107799	21	9
27700	107801	21	8
27701	107803	21	9
27702	107805	21	9
27703	107811	21	8
27704	107813	21	8
27705	107815	21	9
27706	107817	21	8
27707	107819	21	9
27708	107821	21	9
27709	107825	21	8
27710	107827	21	9
27711	107829	21	9
27712	107833	21	9
27713	107845	21	8
27714	107847	21	9
27715	107849	21	8
27716	107851	21	9
27717	107853	21	9
27718	107857	21	8
27719	107859	21	9
27720	107861	21	9
27721	107865	21	9
27722	107875	21	9
27723	107877	21	9
27724	107881	21	9
27725	107889	21	9
27726	107911	21	9
27727	107913	21	8
27728	107915	21	9
27729	107917	21	9
27730	107921	21	8
27731	107923	21	9
27732	107925	21	9
27733	107929	21	9
27734	107939	21	9
27735	107941	21	9
27736	107945	21	9
27737	107953	21	9
27738	107973	21	9
27739	107977	21	9
27740	107985	21	9
27741	108059	21	9
27742	108061	21	9
27743	108067	21	8
27744	108069	21	8
27745	108071	21	9
27746	108073	21	8
27747	108075	21	9
27748	108077	21	9
27749	108081	21	8
27750	108083	21	9
27751	108085	21	9
27752	108089	21	9
27753	108101	21	8
27754	108103	21	9
27755	108105	21	8
27756	108107	21	9
27757	108109	21	9
27758	108113	21	8
27759	108115	21	9
27760	108117	21	9
27761	108121	21	9
27762	108131	21	9
27763	108133	21	9
27764	108137	21	9
27765	108145	21	9
27766	108167	21	9
27767	108169	21	8
27768	108171	21	9
27769	108173	21	9
27770	108177	21	8
27771	108179	21	9
27772	108181	21	9
27773	108185	21	9
27774	108195	21	9
27775	108197	21	9
27776	108201	21	9
27777	108209	21	9
27778	108229	21	9
27779	108233	21	9
27780	108241	21	9
27781	108305	21	8
27782	108307	21	9
27783	108309	21	9
27784	108313	21	9
27785	108323	21	9
27786	108325	21	9
27787	108329	21	9
27788	108337	21	9
27789	108357	21	9
27790	108361	21	9
27791	108369	21	9
27792	108425	21	9
27793	108433	21	9
27794	108651	21	9
27795	108653	21	9
27796	108657	21	8
27797	108659	21	9
27798	108661	21	9
27799	108665	21	9
27800	108679	21	8
27801	108681	21	7
27802	108683	21	8
27803	108685	21	8
27804	108687	21	9
27805	108689	21	7
27806	108691	21	8
27807	108693	21	8
27808	108695	21	9
27809	108697	21	8
27810	108699	21	9
27811	108701	21	9
27812	108707	21	8
27813	108709	21	8
27814	108711	21	9
27815	108713	21	8
27816	108715	21	9
27817	108717	21	9
27818	108721	21	8
27819	108723	21	9
27820	108725	21	9
27821	108729	21	9
27822	108741	21	8
27823	108743	21	9
27824	108745	21	8
27825	108747	21	9
27826	108749	21	9
27827	108753	21	8
27828	108755	21	9
27829	108757	21	9
27830	108761	21	9
27831	108771	21	9
27832	108773	21	9
27833	108777	21	9
27834	108785	21	9
27835	108815	21	9
27836	108817	21	7
27837	108819	21	8
27838	108821	21	8
27839	108823	21	9
27840	108825	21	8
27841	108827	21	9
27842	108829	21	9
27843	108835	21	8
27844	108837	21	8
27845	108839	21	9
27846	108841	21	8
27847	108843	21	9
27848	108845	21	9
27849	108849	21	8
27850	108851	21	9
27851	108853	21	9
27852	108857	21	9
27853	108869	21	8
27854	108871	21	9
27855	108873	21	8
27856	108875	21	9
27857	108877	21	9
27858	108881	21	8
27859	108883	21	9
27860	108885	21	9
27861	108889	21	9
27862	108899	21	9
27863	108901	21	9
27864	108905	21	9
27865	108913	21	9
27866	108935	21	9
27867	108937	21	8
27868	108939	21	9
27869	108941	21	9
27870	108945	21	8
27871	108947	21	9
27872	108949	21	9
27873	108953	21	9
27874	108963	21	9
27875	108965	21	9
27876	108969	21	9
27877	108977	21	9
27878	108997	21	9
27879	109001	21	9
27880	109009	21	9
27881	109083	21	9
27882	109085	21	9
27883	109091	21	8
27884	109093	21	8
27885	109095	21	9
27886	109097	21	8
27887	109099	21	9
27888	109101	21	9
27889	109105	21	8
27890	109107	21	9
27891	109109	21	9
27892	109113	21	9
27893	109125	21	8
27894	109127	21	9
27895	109129	21	8
27896	109131	21	9
27897	109133	21	9
27898	109137	21	8
27899	109139	21	9
27900	109141	21	9
27901	109145	21	9
27902	109155	21	9
27903	109157	21	9
27904	109161	21	9
27905	109169	21	9
27906	109191	21	9
27907	109193	21	8
27908	109195	21	9
27909	109197	21	9
27910	109201	21	8
27911	109203	21	9
27912	109205	21	9
27913	109209	21	9
27914	109219	21	9
27915	109221	21	9
27916	109225	21	9
27917	109233	21	9
27918	109253	21	9
27919	109257	21	9
27920	109265	21	9
27921	109329	21	8
27922	109331	21	9
27923	109333	21	9
27924	109337	21	9
27925	109347	21	9
27926	109349	21	9
27927	109353	21	9
27928	109361	21	9
27929	109381	21	9
27930	109385	21	9
27931	109393	21	9
27932	109449	21	9
27933	109457	21	9
27934	109625	21	9
27935	109637	21	8
27936	109639	21	9
27937	109641	21	8
27938	109643	21	9
27939	109645	21	9
27940	109649	21	8
27941	109651	21	9
27942	109653	21	9
27943	109657	21	9
27944	109667	21	9
27945	109669	21	9
27946	109673	21	9
27947	109681	21	9
27948	109703	21	9
27949	109705	21	8
27950	109707	21	9
27951	109709	21	9
27952	109713	21	8
27953	109715	21	9
27954	109717	21	9
27955	109721	21	9
27956	109731	21	9
27957	109733	21	9
27958	109737	21	9
27959	109745	21	9
27960	109765	21	9
27961	109769	21	9
27962	109777	21	9
27963	109841	21	8
27964	109843	21	9
27965	109845	21	9
27966	109849	21	9
27967	109859	21	9
27968	109861	21	9
27969	109865	21	9
27970	109873	21	9
27971	109893	21	9
27972	109897	21	9
27973	109905	21	9
27974	109961	21	9
27975	109969	21	9
27976	110115	21	9
27977	110117	21	9
27978	110121	21	9
27979	110129	21	9
27980	110149	21	9
27981	110153	21	9
27982	110161	21	9
27983	110217	21	9
27984	110225	21	9
27985	110353	21	9
27986	110809	21	9
27987	110819	21	9
27988	110821	21	9
27989	110825	21	9
27990	110833	21	9
27991	110863	21	9
27992	110865	21	7
27993	110867	21	8
27994	110869	21	8
27995	110871	21	9
27996	110873	21	8
27997	110875	21	9
27998	110877	21	9
27999	110883	21	8
28000	110885	21	8
28001	110887	21	9
28002	110889	21	8
28003	110891	21	9
28004	110893	21	9
28005	110897	21	8
28006	110899	21	9
28007	110901	21	9
28008	110905	21	9
28009	110917	21	8
28010	110919	21	9
28011	110921	21	8
28012	110923	21	9
28013	110925	21	9
28014	110929	21	8
28015	110931	21	9
28016	110933	21	9
28017	110937	21	9
28018	110947	21	9
28019	110949	21	9
28020	110953	21	9
28021	110961	21	9
28022	110983	21	9
28023	110985	21	8
28024	110987	21	9
28025	110989	21	9
28026	110993	21	8
28027	110995	21	9
28028	110997	21	9
28029	111001	21	9
28030	111011	21	9
28031	111013	21	9
28032	111017	21	9
28033	111025	21	9
28034	111045	21	9
28035	111049	21	9
28036	111057	21	9
28037	111133	21	9
28038	111139	21	8
28039	111141	21	8
28040	111143	21	9
28041	111145	21	8
28042	111147	21	9
28043	111149	21	9
28044	111153	21	8
28045	111155	21	9
28046	111157	21	9
28047	111161	21	9
28048	111173	21	8
28049	111175	21	9
28050	111177	21	8
28051	111179	21	9
28052	111181	21	9
28053	111185	21	8
28054	111187	21	9
28055	111189	21	9
28056	111193	21	9
28057	111203	21	9
28058	111205	21	9
28059	111209	21	9
28060	111217	21	9
28061	111239	21	9
28062	111241	21	8
28063	111243	21	9
28064	111245	21	9
28065	111249	21	8
28066	111251	21	9
28067	111253	21	9
28068	111257	21	9
28069	111267	21	9
28070	111269	21	9
28071	111273	21	9
28072	111281	21	9
28073	111301	21	9
28074	111305	21	9
28075	111313	21	9
28076	111377	21	8
28077	111379	21	9
28078	111381	21	9
28079	111385	21	9
28080	111395	21	9
28081	111397	21	9
28082	111401	21	9
28083	111409	21	9
28084	111429	21	9
28085	111433	21	9
28086	111441	21	9
28087	111497	21	9
28088	111505	21	9
28089	111673	21	9
28090	111685	21	8
28091	111687	21	9
28092	111689	21	8
28093	111691	21	9
28094	111693	21	9
28095	111697	21	8
28096	111699	21	9
28097	111701	21	9
28098	111705	21	9
28099	111715	21	9
28100	111717	21	9
28101	111721	21	9
28102	111729	21	9
28103	111751	21	9
28104	111753	21	8
28105	111755	21	9
28106	111757	21	9
28107	111761	21	8
28108	111763	21	9
28109	111765	21	9
28110	111769	21	9
28111	111779	21	9
28112	111781	21	9
28113	111785	21	9
28114	111793	21	9
28115	111813	21	9
28116	111817	21	9
28117	111825	21	9
28118	111889	21	8
28119	111891	21	9
28120	111893	21	9
28121	111897	21	9
28122	111907	21	9
28123	111909	21	9
28124	111913	21	9
28125	111921	21	9
28126	111941	21	9
28127	111945	21	9
28128	111953	21	9
28129	112009	21	9
28130	112017	21	9
28131	112163	21	9
28132	112165	21	9
28133	112169	21	9
28134	112177	21	9
28135	112197	21	9
28136	112201	21	9
28137	112209	21	9
28138	112265	21	9
28139	112273	21	9
28140	112401	21	9
28141	112753	21	9
28142	112775	21	9
28143	112777	21	8
28144	112779	21	9
28145	112781	21	9
28146	112785	21	8
28147	112787	21	9
28148	112789	21	9
28149	112793	21	9
28150	112803	21	9
28151	112805	21	9
28152	112809	21	9
28153	112817	21	9
28154	112837	21	9
28155	112841	21	9
28156	112849	21	9
28157	112913	21	8
28158	112915	21	9
28159	112917	21	9
28160	112921	21	9
28161	112931	21	9
28162	112933	21	9
28163	112937	21	9
28164	112945	21	9
28165	112965	21	9
28166	112969	21	9
28167	112977	21	9
28168	113033	21	9
28169	113041	21	9
28170	113187	21	9
28171	113189	21	9
28172	113193	21	9
28173	113201	21	9
28174	113221	21	9
28175	113225	21	9
28176	113233	21	9
28177	113289	21	9
28178	113297	21	9
28179	113425	21	9
28180	113733	21	9
28181	113737	21	9
28182	113745	21	9
28183	113801	21	9
28184	113809	21	9
28185	113937	21	9
28186	115591	7	9
28187	115593	21	8
28188	115595	21	9
28189	115597	21	9
28190	115601	21	8
28191	115603	21	9
28192	115605	21	9
28193	115609	21	9
28194	115619	21	9
28195	115621	21	9
28196	115625	21	9
28197	115633	21	9
28198	115653	21	9
28199	115657	21	9
28200	115665	21	9
28201	115769	21	8
28202	115771	21	9
28203	115773	21	9
28204	115781	21	7
28205	115783	21	8
28206	115785	21	7
28207	115787	21	8
28208	115789	21	8
28209	115791	21	9
28210	115793	21	7
28211	115795	21	8
28212	115797	21	8
28213	115799	21	9
28214	115801	21	8
28215	115803	21	9
28216	115805	21	9
28217	115811	21	8
28218	115813	21	8
28219	115815	21	9
28220	115817	21	8
28221	115819	21	9
28222	115821	21	9
28223	115825	21	8
28224	115827	21	9
28225	115829	21	9
28226	115833	21	9
28227	115849	21	7
28228	115851	21	8
28229	115853	21	8
28230	115855	21	9
28231	115857	21	7
28232	115859	21	8
28233	115861	21	8
28234	115863	21	9
28235	115865	21	8
28236	115867	21	9
28237	115869	21	9
28238	115875	21	8
28239	115877	21	8
28240	115879	21	9
28241	115881	21	8
28242	115883	21	9
28243	115885	21	9
28244	115889	21	8
28245	115891	21	9
28246	115893	21	9
28247	115897	21	9
28248	115909	21	8
28249	115911	21	9
28250	115913	21	8
28251	115915	21	9
28252	115917	21	9
28253	115921	21	8
28254	115923	21	9
28255	115925	21	9
28256	115929	21	9
28257	115939	21	9
28258	115941	21	9
28259	115945	21	9
28260	115953	21	9
28261	115983	21	9
28262	115985	21	7
28263	115987	21	8
28264	115989	21	8
28265	115991	21	9
28266	115993	21	8
28267	115995	21	9
28268	115997	21	9
28269	116003	21	8
28270	116005	21	8
28271	116007	21	9
28272	116009	21	8
28273	116011	21	9
28274	116013	21	9
28275	116017	21	8
28276	116019	21	9
28277	116021	21	9
28278	116025	21	9
28279	116037	21	8
28280	116039	21	9
28281	116041	21	8
28282	116043	21	9
28283	116045	21	9
28284	116049	21	8
28285	116051	21	9
28286	116053	21	9
28287	116057	21	9
28288	116067	21	9
28289	116069	21	9
28290	116073	21	9
28291	116081	21	9
28292	116105	21	8
28293	116107	21	9
28294	116109	21	9
28295	116113	21	8
28296	116115	21	9
28297	116117	21	9
28298	116121	21	9
28299	116131	21	9
28300	116133	21	9
28301	116137	21	9
28302	116145	21	9
28303	116165	21	9
28304	116169	21	9
28305	116177	21	9
28306	116253	21	9
28307	116259	21	8
28308	116261	21	8
28309	116263	21	9
28310	116265	21	8
28311	116267	21	9
28312	116269	21	9
28313	116273	21	8
28314	116275	21	9
28315	116277	21	9
28316	116281	21	9
28317	116293	21	8
28318	116295	21	9
28319	116297	21	8
28320	116299	21	9
28321	116301	21	9
28322	116305	21	8
28323	116307	21	9
28324	116309	21	9
28325	116313	21	9
28326	116323	21	9
28327	116325	21	9
28328	116329	21	9
28329	116337	21	9
28330	116361	21	8
28331	116363	21	9
28332	116365	21	9
28333	116369	21	8
28334	116371	21	9
28335	116373	21	9
28336	116377	21	9
28337	116387	21	9
28338	116389	21	9
28339	116393	21	9
28340	116401	21	9
28341	116421	21	9
28342	116425	21	9
28343	116433	21	9
28344	116497	21	8
28345	116499	21	9
28346	116501	21	9
28347	116505	21	9
28348	116515	21	9
28349	116517	21	9
28350	116521	21	9
28351	116529	21	9
28352	116549	21	9
28353	116553	21	9
28354	116561	21	9
28355	116617	21	9
28356	116625	21	9
28357	116851	21	9
28358	116853	21	9
28359	116857	21	9
28360	116873	21	7
28361	116875	21	8
28362	116877	21	8
28363	116879	21	9
28364	116881	21	7
28365	116883	21	8
28366	116885	21	8
28367	116887	21	9
28368	116889	21	8
28369	116891	21	9
28370	116893	21	9
28371	116899	21	8
28372	116901	21	8
28373	116903	21	9
28374	116905	21	8
28375	116907	21	9
28376	116909	21	9
28377	116913	21	8
28378	116915	21	9
28379	116917	21	9
28380	116921	21	9
28381	116933	21	8
28382	116935	21	9
28383	116937	21	8
28384	116939	21	9
28385	116941	21	9
28386	116945	21	8
28387	116947	21	9
28388	116949	21	9
28389	116953	21	9
28390	116963	21	9
28391	116965	21	9
28392	116969	21	9
28393	116977	21	9
28394	117007	21	9
28395	117009	21	7
28396	117011	21	8
28397	117013	21	8
28398	117015	21	9
28399	117017	21	8
28400	117019	21	9
28401	117021	21	9
28402	117027	21	8
28403	117029	21	8
28404	117031	21	9
28405	117033	21	8
28406	117035	21	9
28407	117037	21	9
28408	117041	21	8
28409	117043	21	9
28410	117045	21	9
28411	117049	21	9
28412	117061	21	8
28413	117063	21	9
28414	117065	21	8
28415	117067	21	9
28416	117069	21	9
28417	117073	21	8
28418	117075	21	9
28419	117077	21	9
28420	117081	21	9
28421	117091	21	9
28422	117093	21	9
28423	117097	21	9
28424	117105	21	9
28425	117129	21	8
28426	117131	21	9
28427	117133	21	9
28428	117137	21	8
28429	117139	21	9
28430	117141	21	9
28431	117145	21	9
28432	117155	21	9
28433	117157	21	9
28434	117161	21	9
28435	117169	21	9
28436	117189	21	9
28437	117193	21	9
28438	117201	21	9
28439	117277	21	9
28440	117283	21	8
28441	117285	21	8
28442	117287	21	9
28443	117289	21	8
28444	117291	21	9
28445	117293	21	9
28446	117297	21	8
28447	117299	21	9
28448	117301	21	9
28449	117305	21	9
28450	117317	21	8
28451	117319	21	9
28452	117321	21	8
28453	117323	21	9
28454	117325	21	9
28455	117329	21	8
28456	117331	21	9
28457	117333	21	9
28458	117337	21	9
28459	117347	21	9
28460	117349	21	9
28461	117353	21	9
28462	117361	21	9
28463	117385	21	8
28464	117387	21	9
28465	117389	21	9
28466	117393	21	8
28467	117395	21	9
28468	117397	21	9
28469	117401	21	9
28470	117411	21	9
28471	117413	21	9
28472	117417	21	9
28473	117425	21	9
28474	117445	21	9
28475	117449	21	9
28476	117457	21	9
28477	117521	21	8
28478	117523	21	9
28479	117525	21	9
28480	117529	21	9
28481	117539	21	9
28482	117541	21	9
28483	117545	21	9
28484	117553	21	9
28485	117573	21	9
28486	117577	21	9
28487	117585	21	9
28488	117641	21	9
28489	117649	21	9
28490	117829	21	8
28491	117831	21	9
28492	117833	21	8
28493	117835	21	9
28494	117837	21	9
28495	117841	21	8
28496	117843	21	9
28497	117845	21	9
28498	117849	21	9
28499	117859	21	9
28500	117861	21	9
28501	117865	21	9
28502	117873	21	9
28503	117897	21	8
28504	117899	21	9
28505	117901	21	9
28506	117905	21	8
28507	117907	21	9
28508	117909	21	9
28509	117913	21	9
28510	117923	21	9
28511	117925	21	9
28512	117929	21	9
28513	117937	21	9
28514	117957	21	9
28515	117961	21	9
28516	117969	21	9
28517	118033	21	8
28518	118035	21	9
28519	118037	21	9
28520	118041	21	9
28521	118051	21	9
28522	118053	21	9
28523	118057	21	9
28524	118065	21	9
28525	118085	21	9
28526	118089	21	9
28527	118097	21	9
28528	118153	21	9
28529	118161	21	9
28530	118307	21	9
28531	118309	21	9
28532	118313	21	9
28533	118321	21	9
28534	118341	21	9
28535	118345	21	9
28536	118353	21	9
28537	118409	21	9
28538	118417	21	9
28539	118545	21	9
28540	119017	21	9
28541	119025	21	9
28542	119055	21	9
28543	119057	21	7
28544	119059	21	8
28545	119061	21	8
28546	119063	21	9
28547	119065	21	8
28548	119067	21	9
28549	119069	21	9
28550	119075	21	8
28551	119077	21	8
28552	119079	21	9
28553	119081	21	8
28554	119083	21	9
28555	119085	21	9
28556	119089	21	8
28557	119091	21	9
28558	119093	21	9
28559	119097	21	9
28560	119109	21	8
28561	119111	21	9
28562	119113	21	8
28563	119115	21	9
28564	119117	21	9
28565	119121	21	8
28566	119123	21	9
28567	119125	21	9
28568	119129	21	9
28569	119139	21	9
28570	119141	21	9
28571	119145	21	9
28572	119153	21	9
28573	119177	21	8
28574	119179	21	9
28575	119181	21	9
28576	119185	21	8
28577	119187	21	9
28578	119189	21	9
28579	119193	21	9
28580	119203	21	9
28581	119205	21	9
28582	119209	21	9
28583	119217	21	9
28584	119237	21	9
28585	119241	21	9
28586	119249	21	9
28587	119331	21	8
28588	119333	21	8
28589	119335	21	9
28590	119337	21	8
28591	119339	21	9
28592	119341	21	9
28593	119345	21	8
28594	119347	21	9
28595	119349	21	9
28596	119353	21	9
28597	119365	21	8
28598	119367	21	9
28599	119369	21	8
28600	119371	21	9
28601	119373	21	9
28602	119377	21	8
28603	119379	21	9
28604	119381	21	9
28605	119385	21	9
28606	119395	21	9
28607	119397	21	9
28608	119401	21	9
28609	119409	21	9
28610	119433	21	8
28611	119435	21	9
28612	119437	21	9
28613	119441	21	8
28614	119443	21	9
28615	119445	21	9
28616	119449	21	9
28617	119459	21	9
28618	119461	21	9
28619	119465	21	9
28620	119473	21	9
28621	119493	21	9
28622	119497	21	9
28623	119505	21	9
28624	119569	21	8
28625	119571	21	9
28626	119573	21	9
28627	119577	21	9
28628	119587	21	9
28629	119589	21	9
28630	119593	21	9
28631	119601	21	9
28632	119621	21	9
28633	119625	21	9
28634	119633	21	9
28635	119689	21	9
28636	119697	21	9
28637	119877	21	8
28638	119879	21	9
28639	119881	21	8
28640	119883	21	9
28641	119885	21	9
28642	119889	21	8
28643	119891	21	9
28644	119893	21	9
28645	119897	21	9
28646	119907	21	9
28647	119909	21	9
28648	119913	21	9
28649	119921	21	9
28650	119945	21	8
28651	119947	21	9
28652	119949	21	9
28653	119953	21	8
28654	119955	21	9
28655	119957	21	9
28656	119961	21	9
28657	119971	21	9
28658	119973	21	9
28659	119977	21	9
28660	119985	21	9
28661	120005	21	9
28662	120009	21	9
28663	120017	21	9
28664	120081	21	8
28665	120083	21	9
28666	120085	21	9
28667	120089	21	9
28668	120099	21	9
28669	120101	21	9
28670	120105	21	9
28671	120113	21	9
28672	120133	21	9
28673	120137	21	9
28674	120145	21	9
28675	120201	21	9
28676	120209	21	9
28677	120355	21	9
28678	120357	21	9
28679	120361	21	9
28680	120369	21	9
28681	120389	21	9
28682	120393	21	9
28683	120401	21	9
28684	120457	21	9
28685	120465	21	9
28686	120593	21	9
28687	120969	21	8
28688	120971	21	9
28689	120973	21	9
28690	120977	21	8
28691	120979	21	9
28692	120981	21	9
28693	120985	21	9
28694	120995	21	9
28695	120997	21	9
28696	121001	21	9
28697	121009	21	9
28698	121029	21	9
28699	121033	21	9
28700	121041	21	9
28701	121105	21	8
28702	121107	21	9
28703	121109	21	9
28704	121113	21	9
28705	121123	21	9
28706	121125	21	9
28707	121129	21	9
28708	121137	21	9
28709	121157	21	9
28710	121161	21	9
28711	121169	21	9
28712	121225	21	9
28713	121233	21	9
28714	121379	21	9
28715	121381	21	9
28716	121385	21	9
28717	121393	21	9
28718	121413	21	9
28719	121417	21	9
28720	121425	21	9
28721	121481	21	9
28722	121489	21	9
28723	121617	21	9
28724	121925	21	9
28725	121929	21	9
28726	121937	21	9
28727	121993	21	9
28728	122001	21	9
28729	122129	21	9
28730	123427	21	8
28731	123429	21	8
28732	123431	21	9
28733	123433	21	8
28734	123435	21	9
28735	123437	21	9
28736	123441	21	8
28737	123443	21	9
28738	123445	21	9
28739	123449	21	9
28740	123461	21	8
28741	123463	21	9
28742	123465	21	8
28743	123467	21	9
28744	123469	21	9
28745	123473	21	8
28746	123475	21	9
28747	123477	21	9
28748	123481	21	9
28749	123491	21	9
28750	123493	21	9
28751	123497	21	9
28752	123505	21	9
28753	123529	21	8
28754	123531	21	9
28755	123533	21	9
28756	123537	21	8
28757	123539	21	9
28758	123541	21	9
28759	123545	21	9
28760	123555	21	9
28761	123557	21	9
28762	123561	21	9
28763	123569	21	9
28764	123589	21	9
28765	123593	21	9
28766	123601	21	9
28767	123665	21	8
28768	123667	21	9
28769	123669	21	9
28770	123673	21	9
28771	123683	21	9
28772	123685	21	9
28773	123689	21	9
28774	123697	21	9
28775	123717	21	9
28776	123721	21	9
28777	123729	21	9
28778	123785	21	9
28779	123793	21	9
28780	123973	21	8
28781	123975	21	9
28782	123977	21	8
28783	123979	21	9
28784	123981	21	9
28785	123985	21	8
28786	123987	21	9
28787	123989	21	9
28788	123993	21	9
28789	124003	21	9
28790	124005	21	9
28791	124009	21	9
28792	124017	21	9
28793	124041	21	8
28794	124043	21	9
28795	124045	21	9
28796	124049	21	8
28797	124051	21	9
28798	124053	21	9
28799	124057	21	9
28800	124067	21	9
28801	124069	21	9
28802	124073	21	9
28803	124081	21	9
28804	124101	21	9
28805	124105	21	9
28806	124113	21	9
28807	124177	21	8
28808	124179	21	9
28809	124181	21	9
28810	124185	21	9
28811	124195	21	9
28812	124197	21	9
28813	124201	21	9
28814	124209	21	9
28815	124229	21	9
28816	124233	21	9
28817	124241	21	9
28818	124297	21	9
28819	124305	21	9
28820	124451	21	9
28821	124453	21	9
28822	124457	21	9
28823	124465	21	9
28824	124485	21	9
28825	124489	21	9
28826	124497	21	9
28827	124553	21	9
28828	124561	21	9
28829	124689	21	9
28830	125065	21	8
28831	125067	21	9
28832	125069	21	9
28833	125073	21	8
28834	125075	21	9
28835	125077	21	9
28836	125081	21	9
28837	125091	21	9
28838	125093	21	9
28839	125097	21	9
28840	125105	21	9
28841	125125	21	9
28842	125129	21	9
28843	125137	21	9
28844	125201	21	8
28845	125203	21	9
28846	125205	21	9
28847	125209	21	9
28848	125219	21	9
28849	125221	21	9
28850	125225	21	9
28851	125233	21	9
28852	125253	21	9
28853	125257	21	9
28854	125265	21	9
28855	125321	21	9
28856	125329	21	9
28857	125475	21	9
28858	125477	21	9
28859	125481	21	9
28860	125489	21	9
28861	125509	21	9
28862	125513	21	9
28863	125521	21	9
28864	125577	21	9
28865	125585	21	9
28866	125713	21	9
28867	126021	21	9
28868	126025	21	9
28869	126033	21	9
28870	126089	21	9
28871	126097	21	9
28872	126225	21	9
28873	127249	21	8
28874	127251	21	9
28875	127253	21	9
28876	127257	21	9
28877	127267	21	9
28878	127269	21	9
28879	127273	21	9
28880	127281	21	9
28881	127301	21	9
28882	127305	21	9
28883	127313	21	9
28884	127369	21	9
28885	127377	21	9
28886	127523	21	9
28887	127525	21	9
28888	127529	21	9
28889	127537	21	9
28890	127557	21	9
28891	127561	21	9
28892	127569	21	9
28893	127625	21	9
28894	127633	21	9
28895	127761	21	9
28896	128069	21	9
28897	128073	21	9
28898	128081	21	9
28899	128137	21	9
28900	128145	21	9
28901	128273	21	9
28902	129161	21	9
28903	129169	21	9
28904	129297	21	9
28905	139811	21	6
28906	139813	21	6
28907	139815	21	7
28908	139817	21	6
28909	139819	21	7
28910	139821	21	7
28911	139823	21	8
28912	139827	21	7
28913	139829	21	7
28914	139831	21	8
28915	139833	21	7
28916	139835	21	8
28917	139837	21	8
28918	139839	21	9
28919	139845	21	6
28920	139847	21	7
28921	139849	21	6
28922	139851	21	7
28923	139853	21	7
28924	139855	21	8
28925	139859	21	7
28926	139861	21	7
28927	139863	21	8
28928	139865	21	7
28929	139867	21	8
28930	139869	21	8
28931	139871	21	9
28932	139875	21	7
28933	139877	21	7
28934	139879	21	8
28935	139881	21	7
28936	139883	21	8
28937	139885	21	8
28938	139887	21	9
28939	139891	21	8
28940	139893	21	8
28941	139895	21	9
28942	139897	21	8
28943	139899	21	9
28944	139901	21	9
28945	139913	21	6
28946	139915	21	7
28947	139917	21	7
28948	139919	21	8
28949	139923	21	7
28950	139925	21	7
28951	139927	21	8
28952	139929	21	7
28953	139931	21	8
28954	139933	21	8
28955	139935	21	9
28956	139939	21	7
28957	139941	21	7
28958	139943	21	8
28959	139945	21	7
28960	139947	21	8
28961	139949	21	8
28962	139951	21	9
28963	139955	21	8
28964	139957	21	8
28965	139959	21	9
28966	139961	21	8
28967	139963	21	9
28968	139965	21	9
28969	139973	21	7
28970	139975	21	8
28971	139977	21	7
28972	139979	21	8
28973	139981	21	8
28974	139983	21	9
28975	139987	21	8
28976	139989	21	8
28977	139991	21	9
28978	139993	21	8
28979	139995	21	9
28980	139997	21	9
28981	140003	21	8
28982	140005	21	8
28983	140007	21	9
28984	140009	21	8
28985	140011	21	9
28986	140013	21	9
28987	140019	21	9
28988	140021	21	9
28989	140025	21	9
28990	140051	21	7
28991	140053	21	7
28992	140055	21	8
28993	140057	21	7
28994	140059	21	8
28995	140061	21	8
28996	140063	21	9
28997	140067	21	7
28998	140069	21	7
28999	140071	21	8
29000	140073	21	7
29001	140075	21	8
29002	140077	21	8
29003	140079	21	9
29004	140083	21	8
29005	140085	21	8
29006	140087	21	9
29007	140089	21	8
29008	140091	21	9
29009	140093	21	9
29010	140101	21	7
29011	140103	21	8
29012	140105	21	7
29013	140107	21	8
29014	140109	21	8
29015	140111	21	9
29016	140115	21	8
29017	140117	21	8
29018	140119	21	9
29019	140121	21	8
29020	140123	21	9
29021	140125	21	9
29022	140131	21	8
29023	140133	21	8
29024	140135	21	9
29025	140137	21	8
29026	140139	21	9
29027	140141	21	9
29028	140147	21	9
29029	140149	21	9
29030	140153	21	9
29031	140169	21	7
29032	140171	21	8
29033	140173	21	8
29034	140175	21	9
29035	140179	21	8
29036	140181	21	8
29037	140183	21	9
29038	140185	21	8
29039	140187	21	9
29040	140189	21	9
29041	140195	21	8
29042	140197	21	8
29043	140199	21	9
29044	140201	21	8
29045	140203	21	9
29046	140205	21	9
29047	140211	21	9
29048	140213	21	9
29049	140217	21	9
29050	140229	21	8
29051	140231	21	9
29052	140233	21	8
29053	140235	21	9
29054	140237	21	9
29055	140243	21	9
29056	140245	21	9
29057	140249	21	9
29058	140259	21	9
29059	140261	21	9
29060	140265	21	9
29061	140357	21	6
29062	140359	21	7
29063	140361	21	6
29064	140363	21	7
29065	140365	21	7
29066	140367	21	8
29067	140371	21	7
29068	140373	21	7
29069	140375	21	8
29070	140377	21	7
29071	140379	21	8
29072	140381	21	8
29073	140383	21	9
29074	140387	21	7
29075	140389	21	7
29076	140391	21	8
29077	140393	21	7
29078	140395	21	8
29079	140397	21	8
29080	140399	21	9
29081	140403	21	8
29082	140405	21	8
29083	140407	21	9
29084	140409	21	8
29085	140411	21	9
29086	140413	21	9
29087	140425	21	6
29088	140427	21	7
29089	140429	21	7
29090	140431	21	8
29091	140435	21	7
29092	140437	21	7
29093	140439	21	8
29094	140441	21	7
29095	140443	21	8
29096	140445	21	8
29097	140447	21	9
29098	140451	21	7
29099	140453	21	7
29100	140455	21	8
29101	140457	21	7
29102	140459	21	8
29103	140461	21	8
29104	140463	21	9
29105	140467	21	8
29106	140469	21	8
29107	140471	21	9
29108	140473	21	8
29109	140475	21	9
29110	140477	21	9
29111	140485	21	7
29112	140487	21	8
29113	140489	21	7
29114	140491	21	8
29115	140493	21	8
29116	140495	21	9
29117	140499	21	8
29118	140501	21	8
29119	140503	21	9
29120	140505	21	8
29121	140507	21	9
29122	140509	21	9
29123	140515	21	8
29124	140517	21	8
29125	140519	21	9
29126	140521	21	8
29127	140523	21	9
29128	140525	21	9
29129	140531	21	9
29130	140533	21	9
29131	140537	21	9
29132	140563	21	7
29133	140565	21	7
29134	140567	21	8
29135	140569	21	7
29136	140571	21	8
29137	140573	21	8
29138	140575	21	9
29139	140579	21	7
29140	140581	21	7
29141	140583	21	8
29142	140585	21	7
29143	140587	21	8
29144	140589	21	8
29145	140591	21	9
29146	140595	21	8
29147	140597	21	8
29148	140599	21	9
29149	140601	21	8
29150	140603	21	9
29151	140605	21	9
29152	140613	21	7
29153	140615	21	8
29154	140617	21	7
29155	140619	21	8
29156	140621	21	8
29157	140623	21	9
29158	140627	21	8
29159	140629	21	8
29160	140631	21	9
29161	140633	21	8
29162	140635	21	9
29163	140637	21	9
29164	140643	21	8
29165	140645	21	8
29166	140647	21	9
29167	140649	21	8
29168	140651	21	9
29169	140653	21	9
29170	140659	21	9
29171	140661	21	9
29172	140665	21	9
29173	140681	21	7
29174	140683	21	8
29175	140685	21	8
29176	140687	21	9
29177	140691	21	8
29178	140693	21	8
29179	140695	21	9
29180	140697	21	8
29181	140699	21	9
29182	140701	21	9
29183	140707	21	8
29184	140709	21	8
29185	140711	21	9
29186	140713	21	8
29187	140715	21	9
29188	140717	21	9
29189	140723	21	9
29190	140725	21	9
29191	140729	21	9
29192	140741	21	8
29193	140743	21	9
29194	140745	21	8
29195	140747	21	9
29196	140749	21	9
29197	140755	21	9
29198	140757	21	9
29199	140761	21	9
29200	140771	21	9
29201	140773	21	9
29202	140777	21	9
29203	140835	21	7
29204	140837	21	7
29205	140839	21	8
29206	140841	21	7
29207	140843	21	8
29208	140845	21	8
29209	140847	21	9
29210	140851	21	8
29211	140853	21	8
29212	140855	21	9
29213	140857	21	8
29214	140859	21	9
29215	140861	21	9
29216	140869	21	7
29217	140871	21	8
29218	140873	21	7
29219	140875	21	8
29220	140877	21	8
29221	140879	21	9
29222	140883	21	8
29223	140885	21	8
29224	140887	21	9
29225	140889	21	8
29226	140891	21	9
29227	140893	21	9
29228	140899	21	8
29229	140901	21	8
29230	140903	21	9
29231	140905	21	8
29232	140907	21	9
29233	140909	21	9
29234	140915	21	9
29235	140917	21	9
29236	140921	21	9
29237	140937	21	7
29238	140939	21	8
29239	140941	21	8
29240	140943	21	9
29241	140947	21	8
29242	140949	21	8
29243	140951	21	9
29244	140953	21	8
29245	140955	21	9
29246	140957	21	9
29247	140963	21	8
29248	140965	21	8
29249	140967	21	9
29250	140969	21	8
29251	140971	21	9
29252	140973	21	9
29253	140979	21	9
29254	140981	21	9
29255	140985	21	9
29256	140997	21	8
29257	140999	21	9
29258	141001	21	8
29259	141003	21	9
29260	141005	21	9
29261	141011	21	9
29262	141013	21	9
29263	141017	21	9
29264	141027	21	9
29265	141029	21	9
29266	141033	21	9
29267	141075	21	8
29268	141077	21	8
29269	141079	21	9
29270	141081	21	8
29271	141083	21	9
29272	141085	21	9
29273	141091	21	8
29274	141093	21	8
29275	141095	21	9
29276	141097	21	8
29277	141099	21	9
29278	141101	21	9
29279	141107	21	9
29280	141109	21	9
29281	141113	21	9
29282	141125	21	8
29283	141127	21	9
29284	141129	21	8
29285	141131	21	9
29286	141133	21	9
29287	141139	21	9
29288	141141	21	9
29289	141145	21	9
29290	141155	21	9
29291	141157	21	9
29292	141161	21	9
29293	141193	21	8
29294	141195	21	9
29295	141197	21	9
29296	141203	21	9
29297	141205	21	9
29298	141209	21	9
29299	141219	21	9
29300	141221	21	9
29301	141225	21	9
29302	141253	21	9
29303	141257	21	9
29304	141451	21	7
29305	141453	21	7
29306	141455	21	8
29307	141459	21	7
29308	141461	21	7
29309	141463	21	8
29310	141465	21	7
29311	141467	21	8
29312	141469	21	8
29313	141471	21	9
29314	141475	21	7
29315	141477	21	7
29316	141479	21	8
29317	141481	21	7
29318	141483	21	8
29319	141485	21	8
29320	141487	21	9
29321	141491	21	8
29322	141493	21	8
29323	141495	21	9
29324	141497	21	8
29325	141499	21	9
29326	141501	21	9
29327	141509	21	7
29328	141511	21	8
29329	141513	21	7
29330	141515	21	8
29331	141517	21	8
29332	141519	21	9
29333	141523	21	8
29334	141525	21	8
29335	141527	21	9
29336	141529	21	8
29337	141531	21	9
29338	141533	21	9
29339	141539	21	8
29340	141541	21	8
29341	141543	21	9
29342	141545	21	8
29343	141547	21	9
29344	141549	21	9
29345	141555	21	9
29346	141557	21	9
29347	141561	21	9
29348	141587	21	7
29349	141589	21	7
29350	141591	21	8
29351	141593	21	7
29352	141595	21	8
29353	141597	21	8
29354	141599	21	9
29355	141603	21	7
29356	141605	21	7
29357	141607	21	8
29358	141609	21	7
29359	141611	21	8
29360	141613	21	8
29361	141615	21	9
29362	141619	21	8
29363	141621	21	8
29364	141623	21	9
29365	141625	21	8
29366	141627	21	9
29367	141629	21	9
29368	141637	21	7
29369	141639	21	8
29370	141641	21	7
29371	141643	21	8
29372	141645	21	8
29373	141647	21	9
29374	141651	21	8
29375	141653	21	8
29376	141655	21	9
29377	141657	21	8
29378	141659	21	9
29379	141661	21	9
29380	141667	21	8
29381	141669	21	8
29382	141671	21	9
29383	141673	21	8
29384	141675	21	9
29385	141677	21	9
29386	141683	21	9
29387	141685	21	9
29388	141689	21	9
29389	141705	21	7
29390	141707	21	8
29391	141709	21	8
29392	141711	21	9
29393	141715	21	8
29394	141717	21	8
29395	141719	21	9
29396	141721	21	8
29397	141723	21	9
29398	141725	21	9
29399	141731	21	8
29400	141733	21	8
29401	141735	21	9
29402	141737	21	8
29403	141739	21	9
29404	141741	21	9
29405	141747	21	9
29406	141749	21	9
29407	141753	21	9
29408	141765	21	8
29409	141767	21	9
29410	141769	21	8
29411	141771	21	9
29412	141773	21	9
29413	141779	21	9
29414	141781	21	9
29415	141785	21	9
29416	141795	21	9
29417	141797	21	9
29418	141801	21	9
29419	141859	21	7
29420	141861	21	7
29421	141863	21	8
29422	141865	21	7
29423	141867	21	8
29424	141869	21	8
29425	141871	21	9
29426	141875	21	8
29427	141877	21	8
29428	141879	21	9
29429	141881	21	8
29430	141883	21	9
29431	141885	21	9
29432	141893	21	7
29433	141895	21	8
29434	141897	21	7
29435	141899	21	8
29436	141901	21	8
29437	141903	21	9
29438	141907	21	8
29439	141909	21	8
29440	141911	21	9
29441	141913	21	8
29442	141915	21	9
29443	141917	21	9
29444	141923	21	8
29445	141925	21	8
29446	141927	21	9
29447	141929	21	8
29448	141931	21	9
29449	141933	21	9
29450	141939	21	9
29451	141941	21	9
29452	141945	21	9
29453	141961	21	7
29454	141963	21	8
29455	141965	21	8
29456	141967	21	9
29457	141971	21	8
29458	141973	21	8
29459	141975	21	9
29460	141977	21	8
29461	141979	21	9
29462	141981	21	9
29463	141987	21	8
29464	141989	21	8
29465	141991	21	9
29466	141993	21	8
29467	141995	21	9
29468	141997	21	9
29469	142003	21	9
29470	142005	21	9
29471	142009	21	9
29472	142021	21	8
29473	142023	21	9
29474	142025	21	8
29475	142027	21	9
29476	142029	21	9
29477	142035	21	9
29478	142037	21	9
29479	142041	21	9
29480	142051	21	9
29481	142053	21	9
29482	142057	21	9
29483	142099	21	8
29484	142101	21	8
29485	142103	21	9
29486	142105	21	8
29487	142107	21	9
29488	142109	21	9
29489	142115	21	8
29490	142117	21	8
29491	142119	21	9
29492	142121	21	8
29493	142123	21	9
29494	142125	21	9
29495	142131	21	9
29496	142133	21	9
29497	142137	21	9
29498	142149	21	8
29499	142151	21	9
29500	142153	21	8
29501	142155	21	9
29502	142157	21	9
29503	142163	21	9
29504	142165	21	9
29505	142169	21	9
29506	142179	21	9
29507	142181	21	9
29508	142185	21	9
29509	142217	21	8
29510	142219	21	9
29511	142221	21	9
29512	142227	21	9
29513	142229	21	9
29514	142233	21	9
29515	142243	21	9
29516	142245	21	9
29517	142249	21	9
29518	142277	21	9
29519	142281	21	9
29520	142407	21	8
29521	142409	21	7
29522	142411	21	8
29523	142413	21	8
29524	142415	21	9
29525	142419	21	8
29526	142421	21	8
29527	142423	21	9
29528	142425	21	8
29529	142427	21	9
29530	142429	21	9
29531	142435	21	8
29532	142437	21	8
29533	142439	21	9
29534	142441	21	8
29535	142443	21	9
29536	142445	21	9
29537	142451	21	9
29538	142453	21	9
29539	142457	21	9
29540	142473	21	7
29541	142475	21	8
29542	142477	21	8
29543	142479	21	9
29544	142483	21	8
29545	142485	21	8
29546	142487	21	9
29547	142489	21	8
29548	142491	21	9
29549	142493	21	9
29550	142499	21	8
29551	142501	21	8
29552	142503	21	9
29553	142505	21	8
29554	142507	21	9
29555	142509	21	9
29556	142515	21	9
29557	142517	21	9
29558	142521	21	9
29559	142533	21	8
29560	142535	21	9
29561	142537	21	8
29562	142539	21	9
29563	142541	21	9
29564	142547	21	9
29565	142549	21	9
29566	142553	21	9
29567	142563	21	9
29568	142565	21	9
29569	142569	21	9
29570	142611	21	8
29571	142613	21	8
29572	142615	21	9
29573	142617	21	8
29574	142619	21	9
29575	142621	21	9
29576	142627	21	8
29577	142629	21	8
29578	142631	21	9
29579	142633	21	8
29580	142635	21	9
29581	142637	21	9
29582	142643	21	9
29583	142645	21	9
29584	142649	21	9
29585	142661	21	8
29586	142663	21	9
29587	142665	21	8
29588	142667	21	9
29589	142669	21	9
29590	142675	21	9
29591	142677	21	9
29592	142681	21	9
29593	142691	21	9
29594	142693	21	9
29595	142697	21	9
29596	142729	21	8
29597	142731	21	9
29598	142733	21	9
29599	142739	21	9
29600	142741	21	9
29601	142745	21	9
29602	142755	21	9
29603	142757	21	9
29604	142761	21	9
29605	142789	21	9
29606	142793	21	9
29607	142883	21	8
29608	142885	21	8
29609	142887	21	9
29610	142889	21	8
29611	142891	21	9
29612	142893	21	9
29613	142899	21	9
29614	142901	21	9
29615	142905	21	9
29616	142917	21	8
29617	142919	21	9
29618	142921	21	8
29619	142923	21	9
29620	142925	21	9
29621	142931	21	9
29622	142933	21	9
29623	142937	21	9
29624	142947	21	9
29625	142949	21	9
29626	142953	21	9
29627	142985	21	8
29628	142987	21	9
29629	142989	21	9
29630	142995	21	9
29631	142997	21	9
29632	143001	21	9
29633	143011	21	9
29634	143013	21	9
29635	143017	21	9
29636	143045	21	9
29637	143049	21	9
29638	143123	21	9
29639	143125	21	9
29640	143129	21	9
29641	143139	21	9
29642	143141	21	9
29643	143145	21	9
29644	143173	21	9
29645	143177	21	9
29646	143241	21	9
29647	143641	21	7
29648	143643	21	8
29649	143645	21	8
29650	143647	21	9
29651	143651	21	7
29652	143653	21	7
29653	143655	21	8
29654	143657	21	7
29655	143659	21	8
29656	143661	21	8
29657	143663	21	9
29658	143667	21	8
29659	143669	21	8
29660	143671	21	9
29661	143673	21	8
29662	143675	21	9
29663	143677	21	9
29664	143685	21	7
29665	143687	21	8
29666	143689	21	7
29667	143691	21	8
29668	143693	21	8
29669	143695	21	9
29670	143699	21	8
29671	143701	21	8
29672	143703	21	9
29673	143705	21	8
29674	143707	21	9
29675	143709	21	9
29676	143715	21	8
29677	143717	21	8
29678	143719	21	9
29679	143721	21	8
29680	143723	21	9
29681	143725	21	9
29682	143731	21	9
29683	143733	21	9
29684	143737	21	9
29685	143753	21	7
29686	143755	21	8
29687	143757	21	8
29688	143759	21	9
29689	143763	21	8
29690	143765	21	8
29691	143767	21	9
29692	143769	21	8
29693	143771	21	9
29694	143773	21	9
29695	143779	21	8
29696	143781	21	8
29697	143783	21	9
29698	143785	21	8
29699	143787	21	9
29700	143789	21	9
29701	143795	21	9
29702	143797	21	9
29703	143801	21	9
29704	143813	21	8
29705	143815	21	9
29706	143817	21	8
29707	143819	21	9
29708	143821	21	9
29709	143827	21	9
29710	143829	21	9
29711	143833	21	9
29712	143843	21	9
29713	143845	21	9
29714	143849	21	9
29715	143909	21	7
29716	143911	21	8
29717	143913	21	7
29718	143915	21	8
29719	143917	21	8
29720	143919	21	9
29721	143923	21	8
29722	143925	21	8
29723	143927	21	9
29724	143929	21	8
29725	143931	21	9
29726	143933	21	9
29727	143941	21	7
29728	143943	21	8
29729	143945	21	7
29730	143947	21	8
29731	143949	21	8
29732	143951	21	9
29733	143955	21	8
29734	143957	21	8
29735	143959	21	9
29736	143961	21	8
29737	143963	21	9
29738	143965	21	9
29739	143971	21	8
29740	143973	21	8
29741	143975	21	9
29742	143977	21	8
29743	143979	21	9
29744	143981	21	9
29745	143987	21	9
29746	143989	21	9
29747	143993	21	9
29748	144009	21	7
29749	144011	21	8
29750	144013	21	8
29751	144015	21	9
29752	144019	21	8
29753	144021	21	8
29754	144023	21	9
29755	144025	21	8
29756	144027	21	9
29757	144029	21	9
29758	144035	21	8
29759	144037	21	8
29760	144039	21	9
29761	144041	21	8
29762	144043	21	9
29763	144045	21	9
29764	144051	21	9
29765	144053	21	9
29766	144057	21	9
29767	144069	21	8
29768	144071	21	9
29769	144073	21	8
29770	144075	21	9
29771	144077	21	9
29772	144083	21	9
29773	144085	21	9
29774	144089	21	9
29775	144099	21	9
29776	144101	21	9
29777	144105	21	9
29778	144147	21	8
29779	144149	21	8
29780	144151	21	9
29781	144153	21	8
29782	144155	21	9
29783	144157	21	9
29784	144163	21	8
29785	144165	21	8
29786	144167	21	9
29787	144169	21	8
29788	144171	21	9
29789	144173	21	9
29790	144179	21	9
29791	144181	21	9
29792	144185	21	9
29793	144197	21	8
29794	144199	21	9
29795	144201	21	8
29796	144203	21	9
29797	144205	21	9
29798	144211	21	9
29799	144213	21	9
29800	144217	21	9
29801	144227	21	9
29802	144229	21	9
29803	144233	21	9
29804	144265	21	8
29805	144267	21	9
29806	144269	21	9
29807	144275	21	9
29808	144277	21	9
29809	144281	21	9
29810	144291	21	9
29811	144293	21	9
29812	144297	21	9
29813	144325	21	9
29814	144329	21	9
29815	144455	21	8
29816	144457	21	7
29817	144459	21	8
29818	144461	21	8
29819	144463	21	9
29820	144467	21	8
29821	144469	21	8
29822	144471	21	9
29823	144473	21	8
29824	144475	21	9
29825	144477	21	9
29826	144483	21	8
29827	144485	21	8
29828	144487	21	9
29829	144489	21	8
29830	144491	21	9
29831	144493	21	9
29832	144499	21	9
29833	144501	21	9
29834	144505	21	9
29835	144521	21	7
29836	144523	21	8
29837	144525	21	8
29838	144527	21	9
29839	144531	21	8
29840	144533	21	8
29841	144535	21	9
29842	144537	21	8
29843	144539	21	9
29844	144541	21	9
29845	144547	21	8
29846	144549	21	8
29847	144551	21	9
29848	144553	21	8
29849	144555	21	9
29850	144557	21	9
29851	144563	21	9
29852	144565	21	9
29853	144569	21	9
29854	144581	21	8
29855	144583	21	9
29856	144585	21	8
29857	144587	21	9
29858	144589	21	9
29859	144595	21	9
29860	144597	21	9
29861	144601	21	9
29862	144611	21	9
29863	144613	21	9
29864	144617	21	9
29865	144659	21	8
29866	144661	21	8
29867	144663	21	9
29868	144665	21	8
29869	144667	21	9
29870	144669	21	9
29871	144675	21	8
29872	144677	21	8
29873	144679	21	9
29874	144681	21	8
29875	144683	21	9
29876	144685	21	9
29877	144691	21	9
29878	144693	21	9
29879	144697	21	9
29880	144709	21	8
29881	144711	21	9
29882	144713	21	8
29883	144715	21	9
29884	144717	21	9
29885	144723	21	9
29886	144725	21	9
29887	144729	21	9
29888	144739	21	9
29889	144741	21	9
29890	144745	21	9
29891	144777	21	8
29892	144779	21	9
29893	144781	21	9
29894	144787	21	9
29895	144789	21	9
29896	144793	21	9
29897	144803	21	9
29898	144805	21	9
29899	144809	21	9
29900	144837	21	9
29901	144841	21	9
29902	144933	21	8
29903	144935	21	9
29904	144937	21	8
29905	144939	21	9
29906	144941	21	9
29907	144947	21	9
29908	144949	21	9
29909	144953	21	9
29910	144965	21	8
29911	144967	21	9
29912	144969	21	8
29913	144971	21	9
29914	144973	21	9
29915	144979	21	9
29916	144981	21	9
29917	144985	21	9
29918	144995	21	9
29919	144997	21	9
29920	145001	21	9
29921	145033	21	8
29922	145035	21	9
29923	145037	21	9
29924	145043	21	9
29925	145045	21	9
29926	145049	21	9
29927	145059	21	9
29928	145061	21	9
29929	145065	21	9
29930	145093	21	9
29931	145097	21	9
29932	145171	21	9
29933	145173	21	9
29934	145177	21	9
29935	145187	21	9
29936	145189	21	9
29937	145193	21	9
29938	145221	21	9
29939	145225	21	9
29940	145289	21	9
29941	145551	21	9
29942	145555	21	8
29943	145557	21	8
29944	145559	21	9
29945	145561	21	8
29946	145563	21	9
29947	145565	21	9
29948	145571	21	8
29949	145573	21	8
29950	145575	21	9
29951	145577	21	8
29952	145579	21	9
29953	145581	21	9
29954	145587	21	9
29955	145589	21	9
29956	145593	21	9
29957	145605	21	8
29958	145607	21	9
29959	145609	21	8
29960	145611	21	9
29961	145613	21	9
29962	145619	21	9
29963	145621	21	9
29964	145625	21	9
29965	145635	21	9
29966	145637	21	9
29967	145641	21	9
29968	145683	21	8
29969	145685	21	8
29970	145687	21	9
29971	145689	21	8
29972	145691	21	9
29973	145693	21	9
29974	145699	21	8
29975	145701	21	8
29976	145703	21	9
29977	145705	21	8
29978	145707	21	9
29979	145709	21	9
29980	145715	21	9
29981	145717	21	9
29982	145721	21	9
29983	145733	21	8
29984	145735	21	9
29985	145737	21	8
29986	145739	21	9
29987	145741	21	9
29988	145747	21	9
29989	145749	21	9
29990	145753	21	9
29991	145763	21	9
29992	145765	21	9
29993	145769	21	9
29994	145801	21	8
29995	145803	21	9
29996	145805	21	9
29997	145811	21	9
29998	145813	21	9
29999	145817	21	9
30000	145827	21	9
30001	145829	21	9
30002	145833	21	9
30003	145861	21	9
30004	145865	21	9
30005	145957	21	8
30006	145959	21	9
30007	145961	21	8
30008	145963	21	9
30009	145965	21	9
30010	145971	21	9
30011	145973	21	9
30012	145977	21	9
30013	145989	21	8
30014	145991	21	9
30015	145993	21	8
30016	145995	21	9
30017	145997	21	9
30018	146003	21	9
30019	146005	21	9
30020	146009	21	9
30021	146019	21	9
30022	146021	21	9
30023	146025	21	9
30024	146057	21	8
30025	146059	21	9
30026	146061	21	9
30027	146067	21	9
30028	146069	21	9
30029	146073	21	9
30030	146083	21	9
30031	146085	21	9
30032	146089	21	9
30033	146117	21	9
30034	146121	21	9
30035	146195	21	9
30036	146197	21	9
30037	146201	21	9
30038	146211	21	9
30039	146213	21	9
30040	146217	21	9
30041	146245	21	9
30042	146249	21	9
30043	146313	21	9
30044	146505	21	8
30045	146507	21	9
30046	146509	21	9
30047	146515	21	9
30048	146517	21	9
30049	146521	21	9
30050	146531	21	9
30051	146533	21	9
30052	146537	21	9
30053	146569	21	8
30054	146571	21	9
30055	146573	21	9
30056	146579	21	9
30057	146581	21	9
30058	146585	21	9
30059	146595	21	9
30060	146597	21	9
30061	146601	21	9
30062	146629	21	9
30063	146633	21	9
30064	146707	21	9
30065	146709	21	9
30066	146713	21	9
30067	146723	21	9
30068	146725	21	9
30069	146729	21	9
30070	146757	21	9
30071	146761	21	9
30072	146825	21	9
30073	146981	21	9
30074	146985	21	9
30075	147013	21	9
30076	147017	21	9
30077	147081	21	9
30078	148617	7	6
30079	148619	21	7
30080	148621	21	7
30081	148623	21	8
30082	148627	21	7
30083	148629	21	7
30084	148631	21	8
30085	148633	21	7
30086	148635	21	8
30087	148637	21	8
30088	148639	21	9
30089	148643	21	7
30090	148645	21	7
30091	148647	21	8
30092	148649	21	7
30093	148651	21	8
30094	148653	21	8
30095	148655	21	9
30096	148659	21	8
30097	148661	21	8
30098	148663	21	9
30099	148665	21	8
30100	148667	21	9
30101	148669	21	9
30102	148677	21	7
30103	148679	21	8
30104	148681	21	7
30105	148683	21	8
30106	148685	21	8
30107	148687	21	9
30108	148691	21	8
30109	148693	21	8
30110	148695	21	9
30111	148697	21	8
30112	148699	21	9
30113	148701	21	9
30114	148707	21	8
30115	148709	21	8
30116	148711	21	9
30117	148713	21	8
30118	148715	21	9
30119	148717	21	9
30120	148723	21	9
30121	148725	21	9
30122	148729	21	9
30123	148755	21	7
30124	148757	21	7
30125	148759	21	8
30126	148761	21	7
30127	148763	21	8
30128	148765	21	8
30129	148767	21	9
30130	148771	21	7
30131	148773	21	7
30132	148775	21	8
30133	148777	21	7
30134	148779	21	8
30135	148781	21	8
30136	148783	21	9
30137	148787	21	8
30138	148789	21	8
30139	148791	21	9
30140	148793	21	8
30141	148795	21	9
30142	148797	21	9
30143	148805	21	7
30144	148807	21	8
30145	148809	21	7
30146	148811	21	8
30147	148813	21	8
30148	148815	21	9
30149	148819	21	8
30150	148821	21	8
30151	148823	21	9
30152	148825	21	8
30153	148827	21	9
30154	148829	21	9
30155	148835	21	8
30156	148837	21	8
30157	148839	21	9
30158	148841	21	8
30159	148843	21	9
30160	148845	21	9
30161	148851	21	9
30162	148853	21	9
30163	148857	21	9
30164	148875	21	8
30165	148877	21	8
30166	148879	21	9
30167	148883	21	8
30168	148885	21	8
30169	148887	21	9
30170	148889	21	8
30171	148891	21	9
30172	148893	21	9
30173	148899	21	8
30174	148901	21	8
30175	148903	21	9
30176	148905	21	8
30177	148907	21	9
30178	148909	21	9
30179	148915	21	9
30180	148917	21	9
30181	148921	21	9
30182	148933	21	8
30183	148935	21	9
30184	148937	21	8
30185	148939	21	9
30186	148941	21	9
30187	148947	21	9
30188	148949	21	9
30189	148953	21	9
30190	148963	21	9
30191	148965	21	9
30192	148969	21	9
30193	149029	21	7
30194	149031	21	8
30195	149033	21	7
30196	149035	21	8
30197	149037	21	8
30198	149039	21	9
30199	149043	21	8
30200	149045	21	8
30201	149047	21	9
30202	149049	21	8
30203	149051	21	9
30204	149053	21	9
30205	149061	21	7
30206	149063	21	8
30207	149065	21	7
30208	149067	21	8
30209	149069	21	8
30210	149071	21	9
30211	149075	21	8
30212	149077	21	8
30213	149079	21	9
30214	149081	21	8
30215	149083	21	9
30216	149085	21	9
30217	149091	21	8
30218	149093	21	8
30219	149095	21	9
30220	149097	21	8
30221	149099	21	9
30222	149101	21	9
30223	149107	21	9
30224	149109	21	9
30225	149113	21	9
30226	149131	21	8
30227	149133	21	8
30228	149135	21	9
30229	149139	21	8
30230	149141	21	8
30231	149143	21	9
30232	149145	21	8
30233	149147	21	9
30234	149149	21	9
30235	149155	21	8
30236	149157	21	8
30237	149159	21	9
30238	149161	21	8
30239	149163	21	9
30240	149165	21	9
30241	149171	21	9
30242	149173	21	9
30243	149177	21	9
30244	149189	21	8
30245	149191	21	9
30246	149193	21	8
30247	149195	21	9
30248	149197	21	9
30249	149203	21	9
30250	149205	21	9
30251	149209	21	9
30252	149219	21	9
30253	149221	21	9
30254	149225	21	9
30255	149267	21	8
30256	149269	21	8
30257	149271	21	9
30258	149273	21	8
30259	149275	21	9
30260	149277	21	9
30261	149283	21	8
30262	149285	21	8
30263	149287	21	9
30264	149289	21	8
30265	149291	21	9
30266	149293	21	9
30267	149299	21	9
30268	149301	21	9
30269	149305	21	9
30270	149317	21	8
30271	149319	21	9
30272	149321	21	8
30273	149323	21	9
30274	149325	21	9
30275	149331	21	9
30276	149333	21	9
30277	149337	21	9
30278	149347	21	9
30279	149349	21	9
30280	149353	21	9
30281	149387	21	9
30282	149389	21	9
30283	149395	21	9
30284	149397	21	9
30285	149401	21	9
30286	149411	21	9
30287	149413	21	9
30288	149417	21	9
30289	149445	21	9
30290	149449	21	9
30291	149651	21	7
30292	149653	21	7
30293	149655	21	8
30294	149657	21	7
30295	149659	21	8
30296	149661	21	8
30297	149663	21	9
30298	149667	21	7
30299	149669	21	7
30300	149671	21	8
30301	149673	21	7
30302	149675	21	8
30303	149677	21	8
30304	149679	21	9
30305	149683	21	8
30306	149685	21	8
30307	149687	21	9
30308	149689	21	8
30309	149691	21	9
30310	149693	21	9
30311	149701	21	7
30312	149703	21	8
30313	149705	21	7
30314	149707	21	8
30315	149709	21	8
30316	149711	21	9
30317	149715	21	8
30318	149717	21	8
30319	149719	21	9
30320	149721	21	8
30321	149723	21	9
30322	149725	21	9
30323	149731	21	8
30324	149733	21	8
30325	149735	21	9
30326	149737	21	8
30327	149739	21	9
30328	149741	21	9
30329	149747	21	9
30330	149749	21	9
30331	149753	21	9
30332	149779	21	7
30333	149781	21	7
30334	149783	21	8
30335	149785	21	7
30336	149787	21	8
30337	149789	21	8
30338	149791	21	9
30339	149795	21	7
30340	149797	21	7
30341	149799	21	8
30342	149801	21	7
30343	149803	21	8
30344	149805	21	8
30345	149807	21	9
30346	149811	21	8
30347	149813	21	8
30348	149815	21	9
30349	149817	21	8
30350	149819	21	9
30351	149821	21	9
30352	149829	21	7
30353	149831	21	8
30354	149833	21	7
30355	149835	21	8
30356	149837	21	8
30357	149839	21	9
30358	149843	21	8
30359	149845	21	8
30360	149847	21	9
30361	149849	21	8
30362	149851	21	9
30363	149853	21	9
30364	149859	21	8
30365	149861	21	8
30366	149863	21	9
30367	149865	21	8
30368	149867	21	9
30369	149869	21	9
30370	149875	21	9
30371	149877	21	9
30372	149881	21	9
30373	149899	21	8
30374	149901	21	8
30375	149903	21	9
30376	149907	21	8
30377	149909	21	8
30378	149911	21	9
30379	149913	21	8
30380	149915	21	9
30381	149917	21	9
30382	149923	21	8
30383	149925	21	8
30384	149927	21	9
30385	149929	21	8
30386	149931	21	9
30387	149933	21	9
30388	149939	21	9
30389	149941	21	9
30390	149945	21	9
30391	149957	21	8
30392	149959	21	9
30393	149961	21	8
30394	149963	21	9
30395	149965	21	9
30396	149971	21	9
30397	149973	21	9
30398	149977	21	9
30399	149987	21	9
30400	149989	21	9
30401	149993	21	9
30402	150053	21	7
30403	150055	21	8
30404	150057	21	7
30405	150059	21	8
30406	150061	21	8
30407	150063	21	9
30408	150067	21	8
30409	150069	21	8
30410	150071	21	9
30411	150073	21	8
30412	150075	21	9
30413	150077	21	9
30414	150085	21	7
30415	150087	21	8
30416	150089	21	7
30417	150091	21	8
30418	150093	21	8
30419	150095	21	9
30420	150099	21	8
30421	150101	21	8
30422	150103	21	9
30423	150105	21	8
30424	150107	21	9
30425	150109	21	9
30426	150115	21	8
30427	150117	21	8
30428	150119	21	9
30429	150121	21	8
30430	150123	21	9
30431	150125	21	9
30432	150131	21	9
30433	150133	21	9
30434	150137	21	9
30435	150155	21	8
30436	150157	21	8
30437	150159	21	9
30438	150163	21	8
30439	150165	21	8
30440	150167	21	9
30441	150169	21	8
30442	150171	21	9
30443	150173	21	9
30444	150179	21	8
30445	150181	21	8
30446	150183	21	9
30447	150185	21	8
30448	150187	21	9
30449	150189	21	9
30450	150195	21	9
30451	150197	21	9
30452	150201	21	9
30453	150213	21	8
30454	150215	21	9
30455	150217	21	8
30456	150219	21	9
30457	150221	21	9
30458	150227	21	9
30459	150229	21	9
30460	150233	21	9
30461	150243	21	9
30462	150245	21	9
30463	150249	21	9
30464	150291	21	8
30465	150293	21	8
30466	150295	21	9
30467	150297	21	8
30468	150299	21	9
30469	150301	21	9
30470	150307	21	8
30471	150309	21	8
30472	150311	21	9
30473	150313	21	8
30474	150315	21	9
30475	150317	21	9
30476	150323	21	9
30477	150325	21	9
30478	150329	21	9
30479	150341	21	8
30480	150343	21	9
30481	150345	21	8
30482	150347	21	9
30483	150349	21	9
30484	150355	21	9
30485	150357	21	9
30486	150361	21	9
30487	150371	21	9
30488	150373	21	9
30489	150377	21	9
30490	150411	21	9
30491	150413	21	9
30492	150419	21	9
30493	150421	21	9
30494	150425	21	9
30495	150435	21	9
30496	150437	21	9
30497	150441	21	9
30498	150469	21	9
30499	150473	21	9
30500	150603	21	8
30501	150605	21	8
30502	150607	21	9
30503	150611	21	8
30504	150613	21	8
30505	150615	21	9
30506	150617	21	8
30507	150619	21	9
30508	150621	21	9
30509	150627	21	8
30510	150629	21	8
30511	150631	21	9
30512	150633	21	8
30513	150635	21	9
30514	150637	21	9
30515	150643	21	9
30516	150645	21	9
30517	150649	21	9
30518	150667	21	8
30519	150669	21	8
30520	150671	21	9
30521	150675	21	8
30522	150677	21	8
30523	150679	21	9
30524	150681	21	8
30525	150683	21	9
30526	150685	21	9
30527	150691	21	8
30528	150693	21	8
30529	150695	21	9
30530	150697	21	8
30531	150699	21	9
30532	150701	21	9
30533	150707	21	9
30534	150709	21	9
30535	150713	21	9
30536	150725	21	8
30537	150727	21	9
30538	150729	21	8
30539	150731	21	9
30540	150733	21	9
30541	150739	21	9
30542	150741	21	9
30543	150745	21	9
30544	150755	21	9
30545	150757	21	9
30546	150761	21	9
30547	150803	21	8
30548	150805	21	8
30549	150807	21	9
30550	150809	21	8
30551	150811	21	9
30552	150813	21	9
30553	150819	21	8
30554	150821	21	8
30555	150823	21	9
30556	150825	21	8
30557	150827	21	9
30558	150829	21	9
30559	150835	21	9
30560	150837	21	9
30561	150841	21	9
30562	150853	21	8
30563	150855	21	9
30564	150857	21	8
30565	150859	21	9
30566	150861	21	9
30567	150867	21	9
30568	150869	21	9
30569	150873	21	9
30570	150883	21	9
30571	150885	21	9
30572	150889	21	9
30573	150923	21	9
30574	150925	21	9
30575	150931	21	9
30576	150933	21	9
30577	150937	21	9
30578	150947	21	9
30579	150949	21	9
30580	150953	21	9
30581	150981	21	9
30582	150985	21	9
30583	151077	21	8
30584	151079	21	9
30585	151081	21	8
30586	151083	21	9
30587	151085	21	9
30588	151091	21	9
30589	151093	21	9
30590	151097	21	9
30591	151109	21	8
30592	151111	21	9
30593	151113	21	8
30594	151115	21	9
30595	151117	21	9
30596	151123	21	9
30597	151125	21	9
30598	151129	21	9
30599	151139	21	9
30600	151141	21	9
30601	151145	21	9
30602	151179	21	9
30603	151181	21	9
30604	151187	21	9
30605	151189	21	9
30606	151193	21	9
30607	151203	21	9
30608	151205	21	9
30609	151209	21	9
30610	151237	21	9
30611	151241	21	9
30612	151315	21	9
30613	151317	21	9
30614	151321	21	9
30615	151331	21	9
30616	151333	21	9
30617	151337	21	9
30618	151365	21	9
30619	151369	21	9
30620	151849	21	7
30621	151851	21	8
30622	151853	21	8
30623	151855	21	9
30624	151859	21	8
30625	151861	21	8
30626	151863	21	9
30627	151865	21	8
30628	151867	21	9
30629	151869	21	9
30630	151877	21	7
30631	151879	21	8
30632	151881	21	7
30633	151883	21	8
30634	151885	21	8
30635	151887	21	9
30636	151891	21	8
30637	151893	21	8
30638	151895	21	9
30639	151897	21	8
30640	151899	21	9
30641	151901	21	9
30642	151907	21	8
30643	151909	21	8
30644	151911	21	9
30645	151913	21	8
30646	151915	21	9
30647	151917	21	9
30648	151923	21	9
30649	151925	21	9
30650	151929	21	9
30651	151947	21	8
30652	151949	21	8
30653	151951	21	9
30654	151955	21	8
30655	151957	21	8
30656	151959	21	9
30657	151961	21	8
30658	151963	21	9
30659	151965	21	9
30660	151971	21	8
30661	151973	21	8
30662	151975	21	9
30663	151977	21	8
30664	151979	21	9
30665	151981	21	9
30666	151987	21	9
30667	151989	21	9
30668	151993	21	9
30669	152005	21	8
30670	152007	21	9
30671	152009	21	8
30672	152011	21	9
30673	152013	21	9
30674	152019	21	9
30675	152021	21	9
30676	152025	21	9
30677	152035	21	9
30678	152037	21	9
30679	152041	21	9
30680	152103	21	8
30681	152105	21	7
30682	152107	21	8
30683	152109	21	8
30684	152111	21	9
30685	152115	21	8
30686	152117	21	8
30687	152119	21	9
30688	152121	21	8
30689	152123	21	9
30690	152125	21	9
30691	152133	21	7
30692	152135	21	8
30693	152137	21	7
30694	152139	21	8
30695	152141	21	8
30696	152143	21	9
30697	152147	21	8
30698	152149	21	8
30699	152151	21	9
30700	152153	21	8
30701	152155	21	9
30702	152157	21	9
30703	152163	21	8
30704	152165	21	8
30705	152167	21	9
30706	152169	21	8
30707	152171	21	9
30708	152173	21	9
30709	152179	21	9
30710	152181	21	9
30711	152185	21	9
30712	152203	21	8
30713	152205	21	8
30714	152207	21	9
30715	152211	21	8
30716	152213	21	8
30717	152215	21	9
30718	152217	21	8
30719	152219	21	9
30720	152221	21	9
30721	152227	21	8
30722	152229	21	8
30723	152231	21	9
30724	152233	21	8
30725	152235	21	9
30726	152237	21	9
30727	152243	21	9
30728	152245	21	9
30729	152249	21	9
30730	152261	21	8
30731	152263	21	9
30732	152265	21	8
30733	152267	21	9
30734	152269	21	9
30735	152275	21	9
30736	152277	21	9
30737	152281	21	9
30738	152291	21	9
30739	152293	21	9
30740	152297	21	9
30741	152339	21	8
30742	152341	21	8
30743	152343	21	9
30744	152345	21	8
30745	152347	21	9
30746	152349	21	9
30747	152355	21	8
30748	152357	21	8
30749	152359	21	9
30750	152361	21	8
30751	152363	21	9
30752	152365	21	9
30753	152371	21	9
30754	152373	21	9
30755	152377	21	9
30756	152389	21	8
30757	152391	21	9
30758	152393	21	8
30759	152395	21	9
30760	152397	21	9
30761	152403	21	9
30762	152405	21	9
30763	152409	21	9
30764	152419	21	9
30765	152421	21	9
30766	152425	21	9
30767	152459	21	9
30768	152461	21	9
30769	152467	21	9
30770	152469	21	9
30771	152473	21	9
30772	152483	21	9
30773	152485	21	9
30774	152489	21	9
30775	152517	21	9
30776	152521	21	9
30777	152651	21	8
30778	152653	21	8
30779	152655	21	9
30780	152659	21	8
30781	152661	21	8
30782	152663	21	9
30783	152665	21	8
30784	152667	21	9
30785	152669	21	9
30786	152675	21	8
30787	152677	21	8
30788	152679	21	9
30789	152681	21	8
30790	152683	21	9
30791	152685	21	9
30792	152691	21	9
30793	152693	21	9
30794	152697	21	9
30795	152715	21	8
30796	152717	21	8
30797	152719	21	9
30798	152723	21	8
30799	152725	21	8
30800	152727	21	9
30801	152729	21	8
30802	152731	21	9
30803	152733	21	9
30804	152739	21	8
30805	152741	21	8
30806	152743	21	9
30807	152745	21	8
30808	152747	21	9
30809	152749	21	9
30810	152755	21	9
30811	152757	21	9
30812	152761	21	9
30813	152773	21	8
30814	152775	21	9
30815	152777	21	8
30816	152779	21	9
30817	152781	21	9
30818	152787	21	9
30819	152789	21	9
30820	152793	21	9
30821	152803	21	9
30822	152805	21	9
30823	152809	21	9
30824	152851	21	8
30825	152853	21	8
30826	152855	21	9
30827	152857	21	8
30828	152859	21	9
30829	152861	21	9
30830	152867	21	8
30831	152869	21	8
30832	152871	21	9
30833	152873	21	8
30834	152875	21	9
30835	152877	21	9
30836	152883	21	9
30837	152885	21	9
30838	152889	21	9
30839	152901	21	8
30840	152903	21	9
30841	152905	21	8
30842	152907	21	9
30843	152909	21	9
30844	152915	21	9
30845	152917	21	9
30846	152921	21	9
30847	152931	21	9
30848	152933	21	9
30849	152937	21	9
30850	152971	21	9
30851	152973	21	9
30852	152979	21	9
30853	152981	21	9
30854	152985	21	9
30855	152995	21	9
30856	152997	21	9
30857	153001	21	9
30858	153029	21	9
30859	153033	21	9
30860	153127	21	9
30861	153129	21	8
30862	153131	21	9
30863	153133	21	9
30864	153139	21	9
30865	153141	21	9
30866	153145	21	9
30867	153157	21	8
30868	153159	21	9
30869	153161	21	8
30870	153163	21	9
30871	153165	21	9
30872	153171	21	9
30873	153173	21	9
30874	153177	21	9
30875	153187	21	9
30876	153189	21	9
30877	153193	21	9
30878	153227	21	9
30879	153229	21	9
30880	153235	21	9
30881	153237	21	9
30882	153241	21	9
30883	153251	21	9
30884	153253	21	9
30885	153257	21	9
30886	153285	21	9
30887	153289	21	9
30888	153363	21	9
30889	153365	21	9
30890	153369	21	9
30891	153379	21	9
30892	153381	21	9
30893	153385	21	9
30894	153413	21	9
30895	153417	21	9
30896	153751	21	9
30897	153753	21	8
30898	153755	21	9
30899	153757	21	9
30900	153763	21	8
30901	153765	21	8
30902	153767	21	9
30903	153769	21	8
30904	153771	21	9
30905	153773	21	9
30906	153779	21	9
30907	153781	21	9
30908	153785	21	9
30909	153797	21	8
30910	153799	21	9
30911	153801	21	8
30912	153803	21	9
30913	153805	21	9
30914	153811	21	9
30915	153813	21	9
30916	153817	21	9
30917	153827	21	9
30918	153829	21	9
30919	153833	21	9
30920	153875	21	8
30921	153877	21	8
30922	153879	21	9
30923	153881	21	8
30924	153883	21	9
30925	153885	21	9
30926	153891	21	8
30927	153893	21	8
30928	153895	21	9
30929	153897	21	8
30930	153899	21	9
30931	153901	21	9
30932	153907	21	9
30933	153909	21	9
30934	153913	21	9
30935	153925	21	8
30936	153927	21	9
30937	153929	21	8
30938	153931	21	9
30939	153933	21	9
30940	153939	21	9
30941	153941	21	9
30942	153945	21	9
30943	153955	21	9
30944	153957	21	9
30945	153961	21	9
30946	153995	21	9
30947	153997	21	9
30948	154003	21	9
30949	154005	21	9
30950	154009	21	9
30951	154019	21	9
30952	154021	21	9
30953	154025	21	9
30954	154053	21	9
30955	154057	21	9
30956	154151	21	9
30957	154153	21	8
30958	154155	21	9
30959	154157	21	9
30960	154163	21	9
30961	154165	21	9
30962	154169	21	9
30963	154181	21	8
30964	154183	21	9
30965	154185	21	8
30966	154187	21	9
30967	154189	21	9
30968	154195	21	9
30969	154197	21	9
30970	154201	21	9
30971	154211	21	9
30972	154213	21	9
30973	154217	21	9
30974	154251	21	9
30975	154253	21	9
30976	154259	21	9
30977	154261	21	9
30978	154265	21	9
30979	154275	21	9
30980	154277	21	9
30981	154281	21	9
30982	154309	21	9
30983	154313	21	9
30984	154387	21	9
30985	154389	21	9
30986	154393	21	9
30987	154403	21	9
30988	154405	21	9
30989	154409	21	9
30990	154437	21	9
30991	154441	21	9
30992	154701	21	9
30993	154707	21	9
30994	154709	21	9
30995	154713	21	9
30996	154723	21	9
30997	154725	21	9
30998	154729	21	9
30999	154763	21	9
31000	154765	21	9
31001	154771	21	9
31002	154773	21	9
31003	154777	21	9
31004	154787	21	9
31005	154789	21	9
31006	154793	21	9
31007	154821	21	9
31008	154825	21	9
31009	154899	21	9
31010	154901	21	9
31011	154905	21	9
31012	154915	21	9
31013	154917	21	9
31014	154921	21	9
31015	154949	21	9
31016	154953	21	9
31017	155177	21	9
31018	155205	21	9
31019	155209	21	9
31020	156259	21	8
31021	156261	21	8
31022	156263	21	9
31023	156265	21	8
31024	156267	21	9
31025	156269	21	9
31026	156275	21	9
31027	156277	21	9
31028	156281	21	9
31029	156299	21	8
31030	156301	21	8
31031	156303	21	9
31032	156307	21	8
31033	156309	21	8
31034	156311	21	9
31035	156313	21	8
31036	156315	21	9
31037	156317	21	9
31038	156323	21	8
31039	156325	21	8
31040	156327	21	9
31041	156329	21	8
31042	156331	21	9
31043	156333	21	9
31044	156339	21	9
31045	156341	21	9
31046	156345	21	9
31047	156357	21	8
31048	156359	21	9
31049	156361	21	8
31050	156363	21	9
31051	156365	21	9
31052	156371	21	9
31053	156373	21	9
31054	156377	21	9
31055	156387	21	9
31056	156389	21	9
31057	156393	21	9
31058	156437	21	8
31059	156439	21	9
31060	156441	21	8
31061	156443	21	9
31062	156445	21	9
31063	156451	21	8
31064	156453	21	8
31065	156455	21	9
31066	156457	21	8
31067	156459	21	9
31068	156461	21	9
31069	156467	21	9
31070	156469	21	9
31071	156473	21	9
31072	156485	21	8
31073	156487	21	9
31074	156489	21	8
31075	156491	21	9
31076	156493	21	9
31077	156499	21	9
31078	156501	21	9
31079	156505	21	9
31080	156515	21	9
31081	156517	21	9
31082	156521	21	9
31083	156555	21	9
31084	156557	21	9
31085	156563	21	9
31086	156565	21	9
31087	156569	21	9
31088	156579	21	9
31089	156581	21	9
31090	156585	21	9
31091	156613	21	9
31092	156617	21	9
31093	156749	21	8
31094	156751	21	9
31095	156755	21	8
31096	156757	21	8
31097	156759	21	9
31098	156761	21	8
31099	156763	21	9
31100	156765	21	9
31101	156771	21	8
31102	156773	21	8
31103	156775	21	9
31104	156777	21	8
31105	156779	21	9
31106	156781	21	9
31107	156787	21	9
31108	156789	21	9
31109	156793	21	9
31110	156811	21	8
31111	156813	21	8
31112	156815	21	9
31113	156819	21	8
31114	156821	21	8
31115	156823	21	9
31116	156825	21	8
31117	156827	21	9
31118	156829	21	9
31119	156835	21	8
31120	156837	21	8
31121	156839	21	9
31122	156841	21	8
31123	156843	21	9
31124	156845	21	9
31125	156851	21	9
31126	156853	21	9
31127	156857	21	9
31128	156869	21	8
31129	156871	21	9
31130	156873	21	8
31131	156875	21	9
31132	156877	21	9
31133	156883	21	9
31134	156885	21	9
31135	156889	21	9
31136	156899	21	9
31137	156901	21	9
31138	156905	21	9
31139	156949	21	8
31140	156951	21	9
31141	156953	21	8
31142	156955	21	9
31143	156957	21	9
31144	156963	21	8
31145	156965	21	8
31146	156967	21	9
31147	156969	21	8
31148	156971	21	9
31149	156973	21	9
31150	156979	21	9
31151	156981	21	9
31152	156985	21	9
31153	156997	21	8
31154	156999	21	9
31155	157001	21	8
31156	157003	21	9
31157	157005	21	9
31158	157011	21	9
31159	157013	21	9
31160	157017	21	9
31161	157027	21	9
31162	157029	21	9
31163	157033	21	9
31164	157067	21	9
31165	157069	21	9
31166	157075	21	9
31167	157077	21	9
31168	157081	21	9
31169	157091	21	9
31170	157093	21	9
31171	157097	21	9
31172	157125	21	9
31173	157129	21	9
31174	157223	21	9
31175	157225	21	8
31176	157227	21	9
31177	157229	21	9
31178	157235	21	9
31179	157237	21	9
31180	157241	21	9
31181	157253	21	8
31182	157255	21	9
31183	157257	21	8
31184	157259	21	9
31185	157261	21	9
31186	157267	21	9
31187	157269	21	9
31188	157273	21	9
31189	157283	21	9
31190	157285	21	9
31191	157289	21	9
31192	157323	21	9
31193	157325	21	9
31194	157331	21	9
31195	157333	21	9
31196	157337	21	9
31197	157347	21	9
31198	157349	21	9
31199	157353	21	9
31200	157381	21	9
31201	157385	21	9
31202	157461	21	9
31203	157465	21	9
31204	157475	21	9
31205	157477	21	9
31206	157481	21	9
31207	157509	21	9
31208	157513	21	9
31209	157851	21	9
31210	157853	21	9
31211	157859	21	8
31212	157861	21	8
31213	157863	21	9
31214	157865	21	8
31215	157867	21	9
31216	157869	21	9
31217	157875	21	9
31218	157877	21	9
31219	157881	21	9
31220	157893	21	8
31221	157895	21	9
31222	157897	21	8
31223	157899	21	9
31224	157901	21	9
31225	157907	21	9
31226	157909	21	9
31227	157913	21	9
31228	157923	21	9
31229	157925	21	9
31230	157929	21	9
31231	157973	21	8
31232	157975	21	9
31233	157977	21	8
31234	157979	21	9
31235	157981	21	9
31236	157987	21	8
31237	157989	21	8
31238	157991	21	9
31239	157993	21	8
31240	157995	21	9
31241	157997	21	9
31242	158003	21	9
31243	158005	21	9
31244	158009	21	9
31245	158021	21	8
31246	158023	21	9
31247	158025	21	8
31248	158027	21	9
31249	158029	21	9
31250	158035	21	9
31251	158037	21	9
31252	158041	21	9
31253	158051	21	9
31254	158053	21	9
31255	158057	21	9
31256	158091	21	9
31257	158093	21	9
31258	158099	21	9
31259	158101	21	9
31260	158105	21	9
31261	158115	21	9
31262	158117	21	9
31263	158121	21	9
31264	158149	21	9
31265	158153	21	9
31266	158247	21	9
31267	158249	21	8
31268	158251	21	9
31269	158253	21	9
31270	158259	21	9
31271	158261	21	9
31272	158265	21	9
31273	158277	21	8
31274	158279	21	9
31275	158281	21	8
31276	158283	21	9
31277	158285	21	9
31278	158291	21	9
31279	158293	21	9
31280	158297	21	9
31281	158307	21	9
31282	158309	21	9
31283	158313	21	9
31284	158347	21	9
31285	158349	21	9
31286	158355	21	9
31287	158357	21	9
31288	158361	21	9
31289	158371	21	9
31290	158373	21	9
31291	158377	21	9
31292	158405	21	9
31293	158409	21	9
31294	158485	21	9
31295	158489	21	9
31296	158499	21	9
31297	158501	21	9
31298	158505	21	9
31299	158533	21	9
31300	158537	21	9
31301	158803	21	9
31302	158805	21	9
31303	158809	21	9
31304	158819	21	9
31305	158821	21	9
31306	158825	21	9
31307	158859	21	9
31308	158861	21	9
31309	158867	21	9
31310	158869	21	9
31311	158873	21	9
31312	158883	21	9
31313	158885	21	9
31314	158889	21	9
31315	158917	21	9
31316	158921	21	9
31317	158997	21	9
31318	159001	21	9
31319	159011	21	9
31320	159013	21	9
31321	159017	21	9
31322	159045	21	9
31323	159049	21	9
31324	159273	21	9
31325	159301	21	9
31326	159305	21	9
31327	160057	21	9
31328	160069	21	8
31329	160071	21	9
31330	160073	21	8
31331	160075	21	9
31332	160077	21	9
31333	160083	21	9
31334	160085	21	9
31335	160089	21	9
31336	160099	21	9
31337	160101	21	9
31338	160105	21	9
31339	160139	21	9
31340	160141	21	9
31341	160147	21	9
31342	160149	21	9
31343	160153	21	9
31344	160163	21	9
31345	160165	21	9
31346	160169	21	9
31347	160197	21	9
31348	160201	21	9
31349	160297	21	8
31350	160299	21	9
31351	160301	21	9
31352	160307	21	9
31353	160309	21	9
31354	160313	21	9
31355	160325	21	8
31356	160327	21	9
31357	160329	21	8
31358	160331	21	9
31359	160333	21	9
31360	160339	21	9
31361	160341	21	9
31362	160345	21	9
31363	160355	21	9
31364	160357	21	9
31365	160361	21	9
31366	160395	21	9
31367	160397	21	9
31368	160403	21	9
31369	160405	21	9
31370	160409	21	9
31371	160419	21	9
31372	160421	21	9
31373	160425	21	9
31374	160453	21	9
31375	160457	21	9
31376	160533	21	9
31377	160537	21	9
31378	160547	21	9
31379	160549	21	9
31380	160553	21	9
31381	160581	21	9
31382	160585	21	9
31383	160851	21	9
31384	160853	21	9
31385	160857	21	9
31386	160867	21	9
31387	160869	21	9
31388	160873	21	9
31389	160907	21	9
31390	160909	21	9
31391	160915	21	9
31392	160917	21	9
31393	160921	21	9
31394	160931	21	9
31395	160933	21	9
31396	160937	21	9
31397	160965	21	9
31398	160969	21	9
31399	161045	21	9
31400	161049	21	9
31401	161059	21	9
31402	161061	21	9
31403	161065	21	9
31404	161093	21	9
31405	161097	21	9
31406	161321	21	9
31407	161349	21	9
31408	161353	21	9
31409	161955	21	9
31410	161957	21	9
31411	161961	21	9
31412	161989	21	9
31413	161993	21	9
31414	162069	21	9
31415	162073	21	9
31416	162083	21	9
31417	162085	21	9
31418	162089	21	9
31419	162117	21	9
31420	162121	21	9
31421	162345	21	9
31422	162373	21	9
31423	162377	21	9
31424	166441	21	7
31425	166443	21	8
31426	166445	21	8
31427	166447	21	9
31428	166451	21	8
31429	166453	21	8
31430	166455	21	9
31431	166457	21	8
31432	166459	21	9
31433	166461	21	9
31434	166471	21	8
31435	166473	21	7
31436	166475	21	8
31437	166477	21	8
31438	166479	21	9
31439	166483	21	8
31440	166485	21	8
31441	166487	21	9
31442	166489	21	8
31443	166491	21	9
31444	166493	21	9
31445	166499	21	8
31446	166501	21	8
31447	166503	21	9
31448	166505	21	8
31449	166507	21	9
31450	166509	21	9
31451	166515	21	9
31452	166517	21	9
31453	166521	21	9
31454	166539	21	8
31455	166541	21	8
31456	166543	21	9
31457	166547	21	8
31458	166549	21	8
31459	166551	21	9
31460	166553	21	8
31461	166555	21	9
31462	166557	21	9
31463	166563	21	8
31464	166565	21	8
31465	166567	21	9
31466	166569	21	8
31467	166571	21	9
31468	166573	21	9
31469	166579	21	9
31470	166581	21	9
31471	166585	21	9
31472	166599	21	9
31473	166601	21	8
31474	166603	21	9
31475	166605	21	9
31476	166611	21	9
31477	166613	21	9
31478	166617	21	9
31479	166627	21	9
31480	166629	21	9
31481	166633	21	9
31482	166677	21	8
31483	166679	21	9
31484	166681	21	8
31485	166683	21	9
31486	166685	21	9
31487	166691	21	8
31488	166693	21	8
31489	166695	21	9
31490	166697	21	8
31491	166699	21	9
31492	166701	21	9
31493	166707	21	9
31494	166709	21	9
31495	166713	21	9
31496	166727	21	9
31497	166729	21	8
31498	166731	21	9
31499	166733	21	9
31500	166739	21	9
31501	166741	21	9
31502	166745	21	9
31503	166755	21	9
31504	166757	21	9
31505	166761	21	9
31506	166795	21	9
31507	166797	21	9
31508	166803	21	9
31509	166805	21	9
31510	166809	21	9
31511	166819	21	9
31512	166821	21	9
31513	166825	21	9
31514	166857	21	9
31515	166995	21	8
31516	166997	21	8
31517	166999	21	9
31518	167001	21	8
31519	167003	21	9
31520	167005	21	9
31521	167011	21	8
31522	167013	21	8
31523	167015	21	9
31524	167017	21	8
31525	167019	21	9
31526	167021	21	9
31527	167027	21	9
31528	167029	21	9
31529	167033	21	9
31530	167051	21	8
31531	167053	21	8
31532	167055	21	9
31533	167059	21	8
31534	167061	21	8
31535	167063	21	9
31536	167065	21	8
31537	167067	21	9
31538	167069	21	9
31539	167075	21	8
31540	167077	21	8
31541	167079	21	9
31542	167081	21	8
31543	167083	21	9
31544	167085	21	9
31545	167091	21	9
31546	167093	21	9
31547	167097	21	9
31548	167111	21	9
31549	167113	21	8
31550	167115	21	9
31551	167117	21	9
31552	167123	21	9
31553	167125	21	9
31554	167129	21	9
31555	167139	21	9
31556	167141	21	9
31557	167145	21	9
31558	167189	21	8
31559	167191	21	9
31560	167193	21	8
31561	167195	21	9
31562	167197	21	9
31563	167203	21	8
31564	167205	21	8
31565	167207	21	9
31566	167209	21	8
31567	167211	21	9
31568	167213	21	9
31569	167219	21	9
31570	167221	21	9
31571	167225	21	9
31572	167239	21	9
31573	167241	21	8
31574	167243	21	9
31575	167245	21	9
31576	167251	21	9
31577	167253	21	9
31578	167257	21	9
31579	167267	21	9
31580	167269	21	9
31581	167273	21	9
31582	167307	21	9
31583	167309	21	9
31584	167315	21	9
31585	167317	21	9
31586	167321	21	9
31587	167331	21	9
31588	167333	21	9
31589	167337	21	9
31590	167369	21	9
31591	167465	21	8
31592	167467	21	9
31593	167469	21	9
31594	167475	21	9
31595	167477	21	9
31596	167481	21	9
31597	167495	21	9
31598	167497	21	8
31599	167499	21	9
31600	167501	21	9
31601	167507	21	9
31602	167509	21	9
31603	167513	21	9
31604	167523	21	9
31605	167525	21	9
31606	167529	21	9
31607	167563	21	9
31608	167565	21	9
31609	167571	21	9
31610	167573	21	9
31611	167577	21	9
31612	167587	21	9
31613	167589	21	9
31614	167593	21	9
31615	167625	21	9
31616	167701	21	9
31617	167705	21	9
31618	167715	21	9
31619	167717	21	9
31620	167721	21	9
31621	167753	21	9
31622	168265	21	7
31623	168267	21	8
31624	168269	21	8
31625	168271	21	9
31626	168275	21	8
31627	168277	21	8
31628	168279	21	9
31629	168281	21	8
31630	168283	21	9
31631	168285	21	9
31632	168291	21	8
31633	168293	21	8
31634	168295	21	9
31635	168297	21	8
31636	168299	21	9
31637	168301	21	9
31638	168307	21	9
31639	168309	21	9
31640	168313	21	9
31641	168331	21	8
31642	168333	21	8
31643	168335	21	9
31644	168339	21	8
31645	168341	21	8
31646	168343	21	9
31647	168345	21	8
31648	168347	21	9
31649	168349	21	9
31650	168355	21	8
31651	168357	21	8
31652	168359	21	9
31653	168361	21	8
31654	168363	21	9
31655	168365	21	9
31656	168371	21	9
31657	168373	21	9
31658	168377	21	9
31659	168391	21	9
31660	168393	21	8
31661	168395	21	9
31662	168397	21	9
31663	168403	21	9
31664	168405	21	9
31665	168409	21	9
31666	168419	21	9
31667	168421	21	9
31668	168425	21	9
31669	168491	21	8
31670	168493	21	8
31671	168495	21	9
31672	168499	21	8
31673	168501	21	8
31674	168503	21	9
31675	168505	21	8
31676	168507	21	9
31677	168509	21	9
31678	168519	21	8
31679	168521	21	7
31680	168523	21	8
31681	168525	21	8
31682	168527	21	9
31683	168531	21	8
31684	168533	21	8
31685	168535	21	9
31686	168537	21	8
31687	168539	21	9
31688	168541	21	9
31689	168547	21	8
31690	168549	21	8
31691	168551	21	9
31692	168553	21	8
31693	168555	21	9
31694	168557	21	9
31695	168563	21	9
31696	168565	21	9
31697	168569	21	9
31698	168587	21	8
31699	168589	21	8
31700	168591	21	9
31701	168595	21	8
31702	168597	21	8
31703	168599	21	9
31704	168601	21	8
31705	168603	21	9
31706	168605	21	9
31707	168611	21	8
31708	168613	21	8
31709	168615	21	9
31710	168617	21	8
31711	168619	21	9
31712	168621	21	9
31713	168627	21	9
31714	168629	21	9
31715	168633	21	9
31716	168647	21	9
31717	168649	21	8
31718	168651	21	9
31719	168653	21	9
31720	168659	21	9
31721	168661	21	9
31722	168665	21	9
31723	168675	21	9
31724	168677	21	9
31725	168681	21	9
31726	168725	21	8
31727	168727	21	9
31728	168729	21	8
31729	168731	21	9
31730	168733	21	9
31731	168739	21	8
31732	168741	21	8
31733	168743	21	9
31734	168745	21	8
31735	168747	21	9
31736	168749	21	9
31737	168755	21	9
31738	168757	21	9
31739	168761	21	9
31740	168775	21	9
31741	168777	21	8
31742	168779	21	9
31743	168781	21	9
31744	168787	21	9
31745	168789	21	9
31746	168793	21	9
31747	168803	21	9
31748	168805	21	9
31749	168809	21	9
31750	168843	21	9
31751	168845	21	9
31752	168851	21	9
31753	168853	21	9
31754	168857	21	9
31755	168867	21	9
31756	168869	21	9
31757	168873	21	9
31758	168905	21	9
31759	169043	21	8
31760	169045	21	8
31761	169047	21	9
31762	169049	21	8
31763	169051	21	9
31764	169053	21	9
31765	169059	21	8
31766	169061	21	8
31767	169063	21	9
31768	169065	21	8
31769	169067	21	9
31770	169069	21	9
31771	169075	21	9
31772	169077	21	9
31773	169081	21	9
31774	169099	21	8
31775	169101	21	8
31776	169103	21	9
31777	169107	21	8
31778	169109	21	8
31779	169111	21	9
31780	169113	21	8
31781	169115	21	9
31782	169117	21	9
31783	169123	21	8
31784	169125	21	8
31785	169127	21	9
31786	169129	21	8
31787	169131	21	9
31788	169133	21	9
31789	169139	21	9
31790	169141	21	9
31791	169145	21	9
31792	169159	21	9
31793	169161	21	8
31794	169163	21	9
31795	169165	21	9
31796	169171	21	9
31797	169173	21	9
31798	169177	21	9
31799	169187	21	9
31800	169189	21	9
31801	169193	21	9
31802	169237	21	8
31803	169239	21	9
31804	169241	21	8
31805	169243	21	9
31806	169245	21	9
31807	169251	21	8
31808	169253	21	8
31809	169255	21	9
31810	169257	21	8
31811	169259	21	9
31812	169261	21	9
31813	169267	21	9
31814	169269	21	9
31815	169273	21	9
31816	169287	21	9
31817	169289	21	8
31818	169291	21	9
31819	169293	21	9
31820	169299	21	9
31821	169301	21	9
31822	169305	21	9
31823	169315	21	9
31824	169317	21	9
31825	169321	21	9
31826	169355	21	9
31827	169357	21	9
31828	169363	21	9
31829	169365	21	9
31830	169369	21	9
31831	169379	21	9
31832	169381	21	9
31833	169385	21	9
31834	169417	21	9
31835	169515	21	9
31836	169517	21	9
31837	169523	21	9
31838	169525	21	9
31839	169529	21	9
31840	169543	21	9
31841	169545	21	8
31842	169547	21	9
31843	169549	21	9
31844	169555	21	9
31845	169557	21	9
31846	169561	21	9
31847	169571	21	9
31848	169573	21	9
31849	169577	21	9
31850	169611	21	9
31851	169613	21	9
31852	169619	21	9
31853	169621	21	9
31854	169625	21	9
31855	169635	21	9
31856	169637	21	9
31857	169641	21	9
31858	169673	21	9
31859	169749	21	9
31860	169753	21	9
31861	169763	21	9
31862	169765	21	9
31863	169769	21	9
31864	169801	21	9
31865	170151	21	9
31866	170153	21	8
31867	170155	21	9
31868	170157	21	9
31869	170163	21	9
31870	170165	21	9
31871	170169	21	9
31872	170183	21	9
31873	170185	21	8
31874	170187	21	9
31875	170189	21	9
31876	170195	21	9
31877	170197	21	9
31878	170201	21	9
31879	170211	21	9
31880	170213	21	9
31881	170217	21	9
31882	170261	21	8
31883	170263	21	9
31884	170265	21	8
31885	170267	21	9
31886	170269	21	9
31887	170275	21	8
31888	170277	21	8
31889	170279	21	9
31890	170281	21	8
31891	170283	21	9
31892	170285	21	9
31893	170291	21	9
31894	170293	21	9
31895	170297	21	9
31896	170311	21	9
31897	170313	21	8
31898	170315	21	9
31899	170317	21	9
31900	170323	21	9
31901	170325	21	9
31902	170329	21	9
31903	170339	21	9
31904	170341	21	9
31905	170345	21	9
31906	170379	21	9
31907	170381	21	9
31908	170387	21	9
31909	170389	21	9
31910	170393	21	9
31911	170403	21	9
31912	170405	21	9
31913	170409	21	9
31914	170441	21	9
31915	170539	21	9
31916	170541	21	9
31917	170547	21	9
31918	170549	21	9
31919	170553	21	9
31920	170567	21	9
31921	170569	21	8
31922	170571	21	9
31923	170573	21	9
31924	170579	21	9
31925	170581	21	9
31926	170585	21	9
31927	170595	21	9
31928	170597	21	9
31929	170601	21	9
31930	170635	21	9
31931	170637	21	9
31932	170643	21	9
31933	170645	21	9
31934	170649	21	9
31935	170659	21	9
31936	170661	21	9
31937	170665	21	9
31938	170697	21	9
31939	170773	21	9
31940	170777	21	9
31941	170787	21	9
31942	170789	21	9
31943	170793	21	9
31944	170825	21	9
31945	171093	21	9
31946	171097	21	9
31947	171107	21	9
31948	171109	21	9
31949	171113	21	9
31950	171147	21	9
31951	171149	21	9
31952	171155	21	9
31953	171157	21	9
31954	171161	21	9
31955	171171	21	9
31956	171173	21	9
31957	171177	21	9
31958	171209	21	9
31959	171285	21	9
31960	171289	21	9
31961	171299	21	9
31962	171301	21	9
31963	171305	21	9
31964	171337	21	9
31965	171593	21	9
31966	172707	21	8
31967	172709	21	8
31968	172711	21	9
31969	172713	21	8
31970	172715	21	9
31971	172717	21	9
31972	172723	21	9
31973	172725	21	9
31974	172729	21	9
31975	172743	21	9
31976	172745	21	8
31977	172747	21	9
31978	172749	21	9
31979	172755	21	9
31980	172757	21	9
31981	172761	21	9
31982	172771	21	9
31983	172773	21	9
31984	172777	21	9
31985	172823	21	9
31986	172825	21	8
31987	172827	21	9
31988	172829	21	9
31989	172835	21	8
31990	172837	21	8
31991	172839	21	9
31992	172841	21	8
31993	172843	21	9
31994	172845	21	9
31995	172851	21	9
31996	172853	21	9
31997	172857	21	9
31998	172871	21	9
31999	172873	21	8
32000	172875	21	9
32001	172877	21	9
32002	172883	21	9
32003	172885	21	9
32004	172889	21	9
32005	172899	21	9
32006	172901	21	9
32007	172905	21	9
32008	172939	21	9
32009	172941	21	9
32010	172947	21	9
32011	172949	21	9
32012	172953	21	9
32013	172963	21	9
32014	172965	21	9
32015	172969	21	9
32016	173001	21	9
32017	173141	21	8
32018	173143	21	9
32019	173145	21	8
32020	173147	21	9
32021	173149	21	9
32022	173155	21	8
32023	173157	21	8
32024	173159	21	9
32025	173161	21	8
32026	173163	21	9
32027	173165	21	9
32028	173171	21	9
32029	173173	21	9
32030	173177	21	9
32031	173195	21	8
32032	173197	21	8
32033	173199	21	9
32034	173203	21	8
32035	173205	21	8
32036	173207	21	9
32037	173209	21	8
32038	173211	21	9
32039	173213	21	9
32040	173219	21	8
32041	173221	21	8
32042	173223	21	9
32043	173225	21	8
32044	173227	21	9
32045	173229	21	9
32046	173235	21	9
32047	173237	21	9
32048	173241	21	9
32049	173255	21	9
32050	173257	21	8
32051	173259	21	9
32052	173261	21	9
32053	173267	21	9
32054	173269	21	9
32055	173273	21	9
32056	173283	21	9
32057	173285	21	9
32058	173289	21	9
32059	173335	21	9
32060	173337	21	8
32061	173339	21	9
32062	173341	21	9
32063	173347	21	8
32064	173349	21	8
32065	173351	21	9
32066	173353	21	8
32067	173355	21	9
32068	173357	21	9
32069	173363	21	9
32070	173365	21	9
32071	173369	21	9
32072	173383	21	9
32073	173385	21	8
32074	173387	21	9
32075	173389	21	9
32076	173395	21	9
32077	173397	21	9
32078	173401	21	9
32079	173411	21	9
32080	173413	21	9
32081	173417	21	9
32082	173451	21	9
32083	173453	21	9
32084	173459	21	9
32085	173461	21	9
32086	173465	21	9
32087	173475	21	9
32088	173477	21	9
32089	173481	21	9
32090	173513	21	9
32091	173611	21	9
32092	173613	21	9
32093	173619	21	9
32094	173621	21	9
32095	173625	21	9
32096	173639	21	9
32097	173641	21	8
32098	173643	21	9
32099	173645	21	9
32100	173651	21	9
32101	173653	21	9
32102	173657	21	9
32103	173667	21	9
32104	173669	21	9
32105	173673	21	9
32106	173707	21	9
32107	173709	21	9
32108	173715	21	9
32109	173717	21	9
32110	173721	21	9
32111	173731	21	9
32112	173733	21	9
32113	173737	21	9
32114	173769	21	9
32115	173849	21	9
32116	173859	21	9
32117	173861	21	9
32118	173865	21	9
32119	173897	21	9
32120	174251	21	9
32121	174253	21	9
32122	174259	21	9
32123	174261	21	9
32124	174265	21	9
32125	174279	21	9
32126	174281	21	8
32127	174283	21	9
32128	174285	21	9
32129	174291	21	9
32130	174293	21	9
32131	174297	21	9
32132	174307	21	9
32133	174309	21	9
32134	174313	21	9
32135	174359	21	9
32136	174361	21	8
32137	174363	21	9
32138	174365	21	9
32139	174371	21	8
32140	174373	21	8
32141	174375	21	9
32142	174377	21	8
32143	174379	21	9
32144	174381	21	9
32145	174387	21	9
32146	174389	21	9
32147	174393	21	9
32148	174407	21	9
32149	174409	21	8
32150	174411	21	9
32151	174413	21	9
32152	174419	21	9
32153	174421	21	9
32154	174425	21	9
32155	174435	21	9
32156	174437	21	9
32157	174441	21	9
32158	174475	21	9
32159	174477	21	9
32160	174483	21	9
32161	174485	21	9
32162	174489	21	9
32163	174499	21	9
32164	174501	21	9
32165	174505	21	9
32166	174537	21	9
32167	174635	21	9
32168	174637	21	9
32169	174643	21	9
32170	174645	21	9
32171	174649	21	9
32172	174663	21	9
32173	174665	21	8
32174	174667	21	9
32175	174669	21	9
32176	174675	21	9
32177	174677	21	9
32178	174681	21	9
32179	174691	21	9
32180	174693	21	9
32181	174697	21	9
32182	174731	21	9
32183	174733	21	9
32184	174739	21	9
32185	174741	21	9
32186	174745	21	9
32187	174755	21	9
32188	174757	21	9
32189	174761	21	9
32190	174793	21	9
32191	174873	21	9
32192	174883	21	9
32193	174885	21	9
32194	174889	21	9
32195	174921	21	9
32196	175193	21	9
32197	175203	21	9
32198	175205	21	9
32199	175209	21	9
32200	175243	21	9
32201	175245	21	9
32202	175251	21	9
32203	175253	21	9
32204	175257	21	9
32205	175267	21	9
32206	175269	21	9
32207	175273	21	9
32208	175305	21	9
32209	175385	21	9
32210	175395	21	9
32211	175397	21	9
32212	175401	21	9
32213	175433	21	9
32214	175689	21	9
32215	176473	21	9
32216	176483	21	9
32217	176485	21	9
32218	176489	21	9
32219	176523	21	9
32220	176525	21	9
32221	176531	21	9
32222	176533	21	9
32223	176537	21	9
32224	176547	21	9
32225	176549	21	9
32226	176553	21	9
32227	176585	21	9
32228	176685	21	9
32229	176691	21	9
32230	176693	21	9
32231	176697	21	9
32232	176711	21	9
32233	176713	21	8
32234	176715	21	9
32235	176717	21	9
32236	176723	21	9
32237	176725	21	9
32238	176729	21	9
32239	176739	21	9
32240	176741	21	9
32241	176745	21	9
32242	176779	21	9
32243	176781	21	9
32244	176787	21	9
32245	176789	21	9
32246	176793	21	9
32247	176803	21	9
32248	176805	21	9
32249	176809	21	9
32250	176841	21	9
32251	176921	21	9
32252	176931	21	9
32253	176933	21	9
32254	176937	21	9
32255	176969	21	9
32256	177241	21	9
32257	177251	21	9
32258	177253	21	9
32259	177257	21	9
32260	177291	21	9
32261	177293	21	9
32262	177299	21	9
32263	177301	21	9
32264	177305	21	9
32265	177315	21	9
32266	177317	21	9
32267	177321	21	9
32268	177353	21	9
32269	177433	21	9
32270	177443	21	9
32271	177445	21	9
32272	177449	21	9
32273	177481	21	9
32274	177737	21	9
32275	178377	21	9
32276	178457	21	9
32277	178467	21	9
32278	178469	21	9
32279	178473	21	9
32280	178505	21	9
32281	178761	21	9
32282	181643	7	9
32283	181645	21	9
32284	181651	21	9
32285	181653	21	9
32286	181657	21	9
32287	181667	21	9
32288	181669	21	9
32289	181673	21	9
32290	181705	21	9
32291	181805	21	9
32292	181811	21	9
32293	181813	21	9
32294	181817	21	9
32295	181831	21	9
32296	181833	21	8
32297	181835	21	9
32298	181837	21	9
32299	181843	21	9
32300	181845	21	9
32301	181849	21	9
32302	181859	21	9
32303	181861	21	9
32304	181865	21	9
32305	181901	21	9
32306	181907	21	9
32307	181909	21	9
32308	181913	21	9
32309	181923	21	9
32310	181925	21	9
32311	181929	21	9
32312	181961	21	9
32313	182041	21	9
32314	182051	21	9
32315	182053	21	9
32316	182057	21	9
32317	182089	21	9
32318	182451	21	9
32319	182453	21	9
32320	182457	21	9
32321	182471	21	9
32322	182473	21	8
32323	182475	21	9
32324	182477	21	9
32325	182483	21	9
32326	182485	21	9
32327	182489	21	9
32328	182499	21	9
32329	182501	21	9
32330	182505	21	9
32331	182551	21	9
32332	182553	21	8
32333	182555	21	9
32334	182557	21	9
32335	182563	21	8
32336	182565	21	8
32337	182567	21	9
32338	182569	21	8
32339	182571	21	9
32340	182573	21	9
32341	182579	21	9
32342	182581	21	9
32343	182585	21	9
32344	182599	21	9
32345	182601	21	8
32346	182603	21	9
32347	182605	21	9
32348	182611	21	9
32349	182613	21	9
32350	182617	21	9
32351	182627	21	9
32352	182629	21	9
32353	182633	21	9
32354	182669	21	9
32355	182675	21	9
32356	182677	21	9
32357	182681	21	9
32358	182691	21	9
32359	182693	21	9
32360	182697	21	9
32361	182729	21	9
32362	182829	21	9
32363	182835	21	9
32364	182837	21	9
32365	182841	21	9
32366	182855	21	9
32367	182857	21	8
32368	182859	21	9
32369	182861	21	9
32370	182867	21	9
32371	182869	21	9
32372	182873	21	9
32373	182883	21	9
32374	182885	21	9
32375	182889	21	9
32376	182925	21	9
32377	182931	21	9
32378	182933	21	9
32379	182937	21	9
32380	182947	21	9
32381	182949	21	9
32382	182953	21	9
32383	182985	21	9
32384	183065	21	9
32385	183075	21	9
32386	183077	21	9
32387	183081	21	9
32388	183113	21	9
32389	183395	21	9
32390	183397	21	9
32391	183401	21	9
32392	183437	21	9
32393	183443	21	9
32394	183445	21	9
32395	183449	21	9
32396	183459	21	9
32397	183461	21	9
32398	183465	21	9
32399	183497	21	9
32400	183577	21	9
32401	183587	21	9
32402	183589	21	9
32403	183593	21	9
32404	183625	21	9
32405	183881	21	9
32406	184681	21	9
32407	184717	21	9
32408	184723	21	9
32409	184725	21	9
32410	184729	21	9
32411	184739	21	9
32412	184741	21	9
32413	184745	21	9
32414	184777	21	9
32415	184883	21	9
32416	184885	21	9
32417	184889	21	9
32418	184903	21	9
32419	184905	21	8
32420	184907	21	9
32421	184909	21	9
32422	184915	21	9
32423	184917	21	9
32424	184921	21	9
32425	184931	21	9
32426	184933	21	9
32427	184937	21	9
32428	184973	21	9
32429	184979	21	9
32430	184981	21	9
32431	184985	21	9
32432	184995	21	9
32433	184997	21	9
32434	185001	21	9
32435	185033	21	9
32436	185113	21	9
32437	185123	21	9
32438	185125	21	9
32439	185129	21	9
32440	185161	21	9
32441	185443	21	9
32442	185445	21	9
32443	185449	21	9
32444	185485	21	9
32445	185491	21	9
32446	185493	21	9
32447	185497	21	9
32448	185507	21	9
32449	185509	21	9
32450	185513	21	9
32451	185545	21	9
32452	185625	21	9
32453	185635	21	9
32454	185637	21	9
32455	185641	21	9
32456	185673	21	9
32457	185929	21	9
32458	186569	21	9
32459	186649	21	9
32460	186659	21	9
32461	186661	21	9
32462	186665	21	9
32463	186697	21	9
32464	186953	21	9
32465	189209	21	9
32466	189219	21	9
32467	189221	21	9
32468	189225	21	9
32469	189257	21	9
32470	189539	21	9
32471	189541	21	9
32472	189545	21	9
32473	189581	21	9
32474	189587	21	9
32475	189589	21	9
32476	189593	21	9
32477	189603	21	9
32478	189605	21	9
32479	189609	21	9
32480	189641	21	9
32481	189721	21	9
32482	189731	21	9
32483	189733	21	9
32484	189737	21	9
32485	189769	21	9
32486	190025	21	9
32487	190665	21	9
32488	190745	21	9
32489	190755	21	9
32490	190757	21	9
32491	190761	21	9
32492	190793	21	9
32493	191049	21	9
32494	193097	21	9
32495	202951	21	9
32496	202953	21	8
32497	202955	21	9
32498	202957	21	9
32499	202963	21	9
32500	202965	21	9
32501	202969	21	9
32502	202981	21	9
32503	202985	21	9
32504	203033	21	8
32505	203035	21	9
32506	203037	21	9
32507	203045	21	8
32508	203047	21	9
32509	203049	21	8
32510	203051	21	9
32511	203053	21	9
32512	203059	21	9
32513	203061	21	9
32514	203065	21	9
32515	203079	21	9
32516	203081	21	8
32517	203083	21	9
32518	203085	21	9
32519	203091	21	9
32520	203093	21	9
32521	203097	21	9
32522	203109	21	9
32523	203113	21	9
32524	203149	21	9
32525	203155	21	9
32526	203157	21	9
32527	203161	21	9
32528	203173	21	9
32529	203177	21	9
32530	203209	21	9
32531	203315	21	9
32532	203317	21	9
32533	203321	21	9
32534	203335	21	9
32535	203337	21	8
32536	203339	21	9
32537	203341	21	9
32538	203347	21	9
32539	203349	21	9
32540	203353	21	9
32541	203365	21	9
32542	203369	21	9
32543	203405	21	9
32544	203411	21	9
32545	203413	21	9
32546	203417	21	9
32547	203429	21	9
32548	203433	21	9
32549	203465	21	9
32550	203545	21	9
32551	203557	21	9
32552	203561	21	9
32553	203593	21	9
32554	203877	21	9
32555	203881	21	9
32556	203917	21	9
32557	203923	21	9
32558	203925	21	9
32559	203929	21	9
32560	203941	21	9
32561	203945	21	9
32562	203977	21	9
32563	204057	21	9
32564	204069	21	9
32565	204073	21	9
32566	204105	21	9
32567	204361	21	9
32568	205605	21	8
32569	205607	21	9
32570	205609	21	8
32571	205611	21	9
32572	205613	21	9
32573	205619	21	9
32574	205621	21	9
32575	205625	21	9
32576	205639	21	9
32577	205641	21	8
32578	205643	21	9
32579	205645	21	9
32580	205651	21	9
32581	205653	21	9
32582	205657	21	9
32583	205669	21	9
32584	205673	21	9
32585	205709	21	9
32586	205715	21	9
32587	205717	21	9
32588	205721	21	9
32589	205733	21	9
32590	205737	21	9
32591	205769	21	9
32592	205925	21	8
32593	205927	21	9
32594	205929	21	8
32595	205931	21	9
32596	205933	21	9
32597	205939	21	9
32598	205941	21	9
32599	205945	21	9
32600	205965	21	8
32601	205967	21	9
32602	205971	21	8
32603	205973	21	8
32604	205975	21	9
32605	205977	21	8
32606	205979	21	9
32607	205981	21	9
32608	205989	21	8
32609	205991	21	9
32610	205993	21	8
32611	205995	21	9
32612	205997	21	9
32613	206003	21	9
32614	206005	21	9
32615	206009	21	9
32616	206023	21	9
32617	206025	21	8
32618	206027	21	9
32619	206029	21	9
32620	206035	21	9
32621	206037	21	9
32622	206041	21	9
32623	206053	21	9
32624	206057	21	9
32625	206107	21	9
32626	206109	21	9
32627	206117	21	8
32628	206119	21	9
32629	206121	21	8
32630	206123	21	9
32631	206125	21	9
32632	206131	21	9
32633	206133	21	9
32634	206137	21	9
32635	206151	21	9
32636	206153	21	8
32637	206155	21	9
32638	206157	21	9
32639	206163	21	9
32640	206165	21	9
32641	206169	21	9
32642	206181	21	9
32643	206185	21	9
32644	206221	21	9
32645	206227	21	9
32646	206229	21	9
32647	206233	21	9
32648	206245	21	9
32649	206249	21	9
32650	206281	21	9
32651	206387	21	9
32652	206389	21	9
32653	206393	21	9
32654	206407	21	9
32655	206409	21	8
32656	206411	21	9
32657	206413	21	9
32658	206419	21	9
32659	206421	21	9
32660	206425	21	9
32661	206437	21	9
32662	206441	21	9
32663	206477	21	9
32664	206483	21	9
32665	206485	21	9
32666	206489	21	9
32667	206501	21	9
32668	206505	21	9
32669	206537	21	9
32670	206629	21	9
32671	206633	21	9
32672	206665	21	9
32673	207051	21	9
32674	207053	21	9
32675	207059	21	9
32676	207061	21	9
32677	207065	21	9
32678	207077	21	9
32679	207081	21	9
32680	207131	21	9
32681	207133	21	9
32682	207141	21	8
32683	207143	21	9
32684	207145	21	8
32685	207147	21	9
32686	207149	21	9
32687	207155	21	9
32688	207157	21	9
32689	207161	21	9
32690	207175	21	9
32691	207177	21	8
32692	207179	21	9
32693	207181	21	9
32694	207187	21	9
32695	207189	21	9
32696	207193	21	9
32697	207205	21	9
32698	207209	21	9
32699	207245	21	9
32700	207251	21	9
32701	207253	21	9
32702	207257	21	9
32703	207269	21	9
32704	207273	21	9
32705	207305	21	9
32706	207411	21	9
32707	207413	21	9
32708	207417	21	9
32709	207431	21	9
32710	207433	21	8
32711	207435	21	9
32712	207437	21	9
32713	207443	21	9
32714	207445	21	9
32715	207449	21	9
32716	207461	21	9
32717	207465	21	9
32718	207501	21	9
32719	207507	21	9
32720	207509	21	9
32721	207513	21	9
32722	207525	21	9
32723	207529	21	9
32724	207561	21	9
32725	207653	21	9
32726	207657	21	9
32727	207689	21	9
32728	207977	21	9
32729	208013	21	9
32730	208019	21	9
32731	208021	21	9
32732	208025	21	9
32733	208037	21	9
32734	208041	21	9
32735	208073	21	9
32736	208165	21	9
32737	208169	21	9
32738	208201	21	9
32739	208457	21	9
32740	209305	21	9
32741	209317	21	9
32742	209321	21	9
32743	209353	21	9
32744	209461	21	9
32745	209465	21	9
32746	209479	21	9
32747	209481	21	8
32748	209483	21	9
32749	209485	21	9
32750	209491	21	9
32751	209493	21	9
32752	209497	21	9
32753	209509	21	9
32754	209513	21	9
32755	209549	21	9
32756	209555	21	9
32757	209557	21	9
32758	209561	21	9
32759	209573	21	9
32760	209577	21	9
32761	209609	21	9
32762	209701	21	9
32763	209705	21	9
32764	209737	21	9
32765	210025	21	9
32766	210061	21	9
32767	210067	21	9
32768	210069	21	9
32769	210073	21	9
32770	210085	21	9
32771	210089	21	9
32772	210121	21	9
32773	210213	21	9
32774	210217	21	9
32775	210249	21	9
32776	210505	21	9
32777	211237	21	9
32778	211241	21	9
32779	211273	21	9
32780	211529	21	9
32781	214669	7	9
32782	214675	21	9
32783	214677	21	9
32784	214681	21	9
32785	214693	21	9
32786	214697	21	9
32787	214729	21	9
32788	214821	21	9
32789	214825	21	9
32790	214857	21	9
32791	215251	21	9
32792	215253	21	9
32793	215257	21	9
32794	215269	21	9
32795	215273	21	9
32796	215323	21	9
32797	215325	21	9
32798	215333	21	8
32799	215335	21	9
32800	215337	21	8
32801	215339	21	9
32802	215341	21	9
32803	215347	21	9
32804	215349	21	9
32805	215353	21	9
32806	215367	21	9
32807	215369	21	8
32808	215371	21	9
32809	215373	21	9
32810	215379	21	9
32811	215381	21	9
32812	215385	21	9
32813	215397	21	9
32814	215401	21	9
32815	215443	21	9
32816	215445	21	9
32817	215449	21	9
32818	215461	21	9
32819	215465	21	9
32820	215497	21	9
32821	215605	21	9
32822	215609	21	9
32823	215623	21	9
32824	215625	21	8
32825	215627	21	9
32826	215629	21	9
32827	215635	21	9
32828	215637	21	9
32829	215641	21	9
32830	215653	21	9
32831	215657	21	9
32832	215699	21	9
32833	215701	21	9
32834	215705	21	9
32835	215717	21	9
32836	215721	21	9
32837	215753	21	9
32838	215845	21	9
32839	215849	21	9
32840	215881	21	9
32841	216211	21	9
32842	216213	21	9
32843	216217	21	9
32844	216229	21	9
32845	216233	21	9
32846	216265	21	9
32847	216357	21	9
32848	216361	21	9
32849	216393	21	9
32850	216649	21	9
32851	217513	21	9
32852	217545	21	9
32853	217657	21	9
32854	217671	21	9
32855	217673	21	8
32856	217675	21	9
32857	217677	21	9
32858	217683	21	9
32859	217685	21	9
32860	217689	21	9
32861	217701	21	9
32862	217705	21	9
32863	217747	21	9
32864	217749	21	9
32865	217753	21	9
32866	217765	21	9
32867	217769	21	9
32868	217801	21	9
32869	217893	21	9
32870	217897	21	9
32871	217929	21	9
32872	218259	21	9
32873	218261	21	9
32874	218265	21	9
32875	218277	21	9
32876	218281	21	9
32877	218313	21	9
32878	218405	21	9
32879	218409	21	9
32880	218441	21	9
32881	218697	21	9
32882	219429	21	9
32883	219433	21	9
32884	219465	21	9
32885	219721	21	9
32886	222355	21	9
32887	222357	21	9
32888	222361	21	9
32889	222373	21	9
32890	222377	21	9
32891	222409	21	9
32892	222501	21	9
32893	222505	21	9
32894	222537	21	9
32895	222793	21	9
32896	223525	21	9
32897	223529	21	9
32898	223561	21	9
32899	223817	21	9
32900	225865	21	9
32901	233033	21	9
32902	233929	21	9
32903	234057	21	8
32904	234059	21	9
32905	234061	21	9
32906	234067	21	9
32907	234069	21	9
32908	234073	21	9
32909	234085	21	9
32910	234089	21	9
32911	234131	21	9
32912	234133	21	9
32913	234137	21	9
32914	234149	21	9
32915	234153	21	9
32916	234185	21	9
32917	234277	21	9
32918	234281	21	9
32919	234313	21	9
32920	234643	21	9
32921	234645	21	9
32922	234649	21	9
32923	234661	21	9
32924	234665	21	9
32925	234697	21	9
32926	234789	21	9
32927	234793	21	9
32928	234825	21	9
32929	235081	21	9
32930	235813	21	9
32931	235817	21	9
32932	235849	21	9
32933	236105	21	9
32934	238739	21	9
32935	238741	21	9
32936	238745	21	9
32937	238757	21	9
32938	238761	21	9
32939	238793	21	9
32940	238885	21	9
32941	238889	21	9
32942	238921	21	9
32943	239177	21	9
32944	239909	21	9
32945	239913	21	9
32946	239945	21	9
32947	240201	21	9
32948	242249	21	9
32949	248101	21	9
32950	248105	21	9
32951	248137	21	9
32952	248393	21	9
32953	250441	21	9
32954	299593	3	7
32955	299595	21	8
32956	299597	21	8
32957	299599	21	9
32958	299603	21	8
32959	299605	21	8
32960	299607	21	9
32961	299611	21	9
32962	299613	21	9
32963	299621	21	8
32964	299623	21	9
32965	299627	21	9
32966	299629	21	9
32967	299635	21	9
32968	299637	21	9
32969	299667	21	8
32970	299669	21	8
32971	299671	21	9
32972	299675	21	9
32973	299677	21	9
32974	299685	21	8
32975	299687	21	9
32976	299691	21	9
32977	299693	21	9
32978	299699	21	9
32979	299701	21	9
32980	299723	21	9
32981	299725	21	9
32982	299731	21	9
32983	299733	21	9
32984	299749	21	9
32985	299813	21	8
32986	299815	21	9
32987	299819	21	9
32988	299821	21	9
32989	299827	21	9
32990	299829	21	9
32991	299851	21	9
32992	299853	21	9
32993	299859	21	9
32994	299861	21	9
32995	299877	21	9
32996	299923	21	9
32997	299925	21	9
32998	299941	21	9
32999	300179	21	8
33000	300181	21	8
33001	300183	21	9
33002	300187	21	9
33003	300189	21	9
33004	300197	21	8
33005	300199	21	9
33006	300203	21	9
33007	300205	21	9
33008	300211	21	9
33009	300213	21	9
33010	300235	21	9
33011	300237	21	9
33012	300243	21	9
33013	300245	21	9
33014	300261	21	9
33015	300325	21	8
33016	300327	21	9
33017	300331	21	9
33018	300333	21	9
33019	300339	21	9
33020	300341	21	9
33021	300363	21	9
33022	300365	21	9
33023	300371	21	9
33024	300373	21	9
33025	300389	21	9
33026	300435	21	9
33027	300437	21	9
33028	300453	21	9
33029	300619	21	9
33030	300621	21	9
33031	300627	21	9
33032	300629	21	9
33033	300645	21	9
33034	300691	21	9
33035	300693	21	9
33036	300709	21	9
33037	300837	21	9
33038	301351	21	9
33039	301355	21	9
33040	301357	21	9
33041	301363	21	9
33042	301365	21	9
33043	301387	21	9
33044	301389	21	9
33045	301395	21	9
33046	301397	21	9
33047	301413	21	9
33048	301459	21	9
33049	301461	21	9
33050	301477	21	9
33051	301643	21	9
33052	301645	21	9
33053	301651	21	9
33054	301653	21	9
33055	301669	21	9
33056	301715	21	9
33057	301717	21	9
33058	301733	21	9
33059	301861	21	9
33060	302229	21	9
33061	302245	21	9
33062	302373	21	9
33063	304293	21	8
33064	304295	21	9
33065	304299	21	9
33066	304301	21	9
33067	304307	21	9
33068	304309	21	9
33069	304331	21	9
33070	304333	21	9
33071	304339	21	9
33072	304341	21	9
33073	304357	21	9
33074	304423	21	9
33075	304427	21	9
33076	304429	21	9
33077	304435	21	9
33078	304437	21	9
33079	304459	21	9
33080	304461	21	9
33081	304467	21	9
33082	304469	21	9
33083	304485	21	9
33084	304531	21	9
33085	304533	21	9
33086	304549	21	9
33087	304715	21	9
33088	304717	21	9
33089	304723	21	9
33090	304725	21	9
33091	304741	21	9
33092	304787	21	9
33093	304789	21	9
33094	304805	21	9
33095	305451	21	9
33096	305453	21	9
33097	305459	21	9
33098	305461	21	9
33099	305483	21	9
33100	305485	21	9
33101	305491	21	9
33102	305493	21	9
33103	305509	21	9
33104	305555	21	9
33105	305557	21	9
33106	305573	21	9
33107	305739	21	9
33108	305741	21	9
33109	305747	21	9
33110	305749	21	9
33111	305765	21	9
33112	305811	21	9
33113	305813	21	9
33114	305829	21	9
33115	306341	21	9
33116	307813	21	9
33117	307859	21	9
33118	307861	21	9
33119	307877	21	9
33120	308389	21	9
33121	313747	7	9
33122	313749	21	9
33123	313765	21	9
33124	313933	21	9
33125	313939	21	9
33126	313941	21	9
33127	313957	21	9
33128	314005	21	9
33129	314021	21	9
33130	314533	21	9
33131	316053	21	9
33132	316069	21	9
33133	316581	21	9
33134	338251	21	9
33135	338253	21	9
33136	338259	21	9
33137	338261	21	9
33138	338325	21	9
33139	338515	21	9
33140	338517	21	9
33141	338581	21	9
33142	346773	7	9
