source_cut_state,target_cut_state,legal_destination_state,source_component,target_component
0,0,1,0,0
1,1,2,0,0
2,2,3,0,0
3,3,4,0,0
4,4,5,0,0
5,5,6,0,0
6,6,7,0,0
7,7,8,0,0
8,8,9,0,0
9,9,10,0,0
10,10,11,0,0
11,11,12,0,0
12,12,13,0,0
13,13,14,0,0
14,14,15,0,0
15,15,16,0,0
16,16,0,0,0
17,0,1,1,0
17,17,18,1,1
18,1,2,1,0
18,18,19,1,1
19,2,3,1,0
19,19,20,1,1
20,3,4,1,0
20,20,21,1,1
21,4,5,1,0
21,21,22,1,1
22,22,23,1,1
23,23,24,1,1
24,24,25,1,1
25,25,26,1,1
26,26,27,1,1
27,27,28,1,1
28,28,29,1,1
29,29,30,1,1
30,15,16,1,0
30,30,31,1,1
31,16,0,1,0
31,31,32,1,1
32,0,1,1,0
32,32,33,1,1
33,1,2,1,0
33,33,34,1,1
34,2,3,1,0
34,34,35,1,1
35,35,36,1,1
36,36,37,1,1
37,37,38,1,1
38,38,39,1,1
39,39,40,1,1
40,40,41,1,1
41,41,42,1,1
42,42,43,1,1
43,13,14,1,0
43,43,44,1,1
44,14,15,1,0
44,44,45,1,1
45,15,16,1,0
45,45,46,1,1
46,16,0,1,0
46,46,47,1,1
47,0,1,1,0
47,47,48,1,1
48,48,49,1,1
49,49,50,1,1
50,50,51,1,1
51,51,52,1,1
52,52,53,1,1
53,53,54,1,1
54,54,55,1,1
55,55,56,1,1
56,11,12,1,0
56,56,57,1,1
57,12,13,1,0
57,57,58,1,1
58,13,14,1,0
58,58,59,1,1
59,14,15,1,0
59,59,60,1,1
60,15,16,1,0
60,60,61,1,1
61,61,62,1,1
62,62,63,1,1
63,63,64,1,1
64,64,65,1,1
65,65,66,1,1
66,66,67,1,1
67,67,68,1,1
68,68,69,1,1
69,9,10,1,0
69,69,70,1,1
70,10,11,1,0
70,70,71,1,1
71,11,12,1,0
71,71,72,1,1
72,12,13,1,0
72,72,73,1,1
73,13,14,1,0
73,73,74,1,1
74,74,75,1,1
75,75,76,1,1
76,76,77,1,1
77,77,78,1,1
78,78,79,1,1
79,79,80,1,1
80,80,81,1,1
81,81,82,1,1
82,7,8,1,0
82,82,83,1,1
83,8,9,1,0
83,83,84,1,1
84,9,10,1,0
84,84,85,1,1
85,10,11,1,0
85,85,86,1,1
86,11,12,1,0
86,86,87,1,1
87,87,88,1,1
88,88,89,1,1
89,89,90,1,1
90,90,91,1,1
91,91,92,1,1
92,92,93,1,1
93,93,94,1,1
94,94,95,1,1
95,5,6,1,0
95,95,96,1,1
96,6,7,1,0
96,96,97,1,1
97,7,8,1,0
97,97,98,1,1
98,8,9,1,0
98,98,99,1,1
99,9,10,1,0
99,99,100,1,1
100,100,101,1,1
101,101,102,1,1
102,102,103,1,1
103,103,104,1,1
104,104,105,1,1
105,105,106,1,1
106,106,107,1,1
107,107,108,1,1
108,3,4,1,0
108,108,109,1,1
109,4,5,1,0
109,109,110,1,1
110,5,6,1,0
110,110,111,1,1
111,6,7,1,0
111,111,112,1,1
112,7,8,1,0
112,112,113,1,1
113,113,114,1,1
114,114,115,1,1
115,115,116,1,1
116,116,117,1,1
117,117,118,1,1
118,118,119,1,1
119,119,120,1,1
120,120,121,1,1
121,1,2,1,0
121,121,122,1,1
122,2,3,1,0
122,122,123,1,1
123,3,4,1,0
123,123,124,1,1
124,4,5,1,0
124,124,125,1,1
125,5,6,1,0
125,125,126,1,1
126,126,127,1,1
127,127,128,1,1
128,128,129,1,1
129,129,130,1,1
130,130,131,1,1
131,131,132,1,1
132,132,133,1,1
133,133,134,1,1
134,16,0,1,0
134,134,135,1,1
135,0,1,1,0
135,135,136,1,1
136,1,2,1,0
136,136,137,1,1
137,2,3,1,0
137,137,138,1,1
138,3,4,1,0
138,138,139,1,1
139,139,140,1,1
140,140,141,1,1
141,141,142,1,1
142,142,143,1,1
143,143,144,1,1
144,144,145,1,1
145,145,146,1,1
146,146,147,1,1
147,14,15,1,0
147,147,148,1,1
148,15,16,1,0
148,148,149,1,1
149,16,0,1,0
149,149,150,1,1
150,0,1,1,0
150,150,151,1,1
151,1,2,1,0
151,151,152,1,1
152,152,153,1,1
153,153,154,1,1
154,154,155,1,1
155,155,156,1,1
156,156,157,1,1
157,157,158,1,1
158,158,159,1,1
159,159,160,1,1
160,12,13,1,0
160,160,161,1,1
161,13,14,1,0
161,161,162,1,1
162,14,15,1,0
162,162,163,1,1
163,15,16,1,0
163,163,164,1,1
164,16,0,1,0
164,164,165,1,1
165,165,166,1,1
166,166,167,1,1
167,167,168,1,1
168,168,169,1,1
169,169,170,1,1
170,170,171,1,1
171,171,172,1,1
172,172,173,1,1
173,10,11,1,0
173,173,174,1,1
174,11,12,1,0
174,174,175,1,1
175,12,13,1,0
175,175,176,1,1
176,13,14,1,0
176,176,177,1,1
177,14,15,1,0
177,177,178,1,1
178,178,179,1,1
179,179,180,1,1
180,180,181,1,1
181,181,182,1,1
182,182,183,1,1
183,183,184,1,1
184,184,185,1,1
185,185,186,1,1
186,8,9,1,0
186,186,187,1,1
187,9,10,1,0
187,187,188,1,1
188,10,11,1,0
188,188,189,1,1
189,11,12,1,0
189,189,190,1,1
190,12,13,1,0
190,190,191,1,1
191,191,192,1,1
192,192,193,1,1
193,193,194,1,1
194,194,195,1,1
195,195,196,1,1
196,196,197,1,1
197,197,198,1,1
198,198,199,1,1
199,6,7,1,0
199,199,200,1,1
200,7,8,1,0
200,200,201,1,1
201,8,9,1,0
201,201,202,1,1
202,9,10,1,0
202,202,203,1,1
203,10,11,1,0
203,203,204,1,1
204,204,205,1,1
205,205,206,1,1
206,206,207,1,1
207,207,208,1,1
208,208,209,1,1
209,209,210,1,1
210,210,211,1,1
211,211,212,1,1
212,4,5,1,0
212,212,213,1,1
213,5,6,1,0
213,213,214,1,1
214,6,7,1,0
214,214,215,1,1
215,7,8,1,0
215,215,216,1,1
216,8,9,1,0
216,216,217,1,1
217,217,218,1,1
218,218,219,1,1
219,219,220,1,1
220,220,221,1,1
221,221,222,1,1
222,222,223,1,1
223,223,224,1,1
224,224,225,1,1
225,2,3,1,0
225,225,226,1,1
226,3,4,1,0
226,226,227,1,1
227,4,5,1,0
227,227,228,1,1
228,5,6,1,0
228,228,229,1,1
229,6,7,1,0
229,229,230,1,1
230,230,231,1,1
231,231,232,1,1
232,232,233,1,1
233,233,234,1,1
234,234,235,1,1
235,235,236,1,1
236,236,237,1,1
237,237,17,1,1
238,120,121,2,1
238,238,239,2,2
239,121,122,2,1
239,136,137,2,1
239,239,240,2,2
240,122,123,2,1
240,137,138,2,1
240,240,241,2,2
241,123,124,2,1
241,138,139,2,1
241,241,242,2,2
242,242,243,2,2
243,243,244,2,2
244,244,245,2,2
245,245,246,2,2
246,246,247,2,2
247,247,248,2,2
248,248,249,2,2
248,1405,1406,2,8
249,133,134,2,1
249,249,250,2,2
250,134,135,2,1
250,149,150,2,1
250,250,251,2,2
251,135,136,2,1
251,150,151,2,1
251,251,252,2,2
252,136,137,2,1
252,151,152,2,1
252,252,253,2,2
253,253,254,2,2
254,254,255,2,2
255,255,256,2,2
256,256,257,2,2
257,257,258,2,2
258,258,259,2,2
259,259,260,2,2
259,1486,1487,2,8
260,146,147,2,1
260,260,261,2,2
261,147,148,2,1
261,162,163,2,1
261,261,262,2,2
262,148,149,2,1
262,163,164,2,1
262,262,263,2,2
263,149,150,2,1
263,164,165,2,1
263,263,264,2,2
264,264,265,2,2
265,265,266,2,2
266,266,267,2,2
267,267,268,2,2
268,268,269,2,2
269,269,270,2,2
270,270,271,2,2
270,1414,1415,2,8
271,159,160,2,1
271,271,272,2,2
272,160,161,2,1
272,175,176,2,1
272,272,273,2,2
273,161,162,2,1
273,176,177,2,1
273,273,274,2,2
274,162,163,2,1
274,177,178,2,1
274,274,275,2,2
275,275,276,2,2
276,276,277,2,2
277,277,278,2,2
278,278,279,2,2
279,279,280,2,2
280,280,281,2,2
281,281,282,2,2
281,1495,1496,2,8
282,172,173,2,1
282,282,283,2,2
283,173,174,2,1
283,188,189,2,1
283,283,284,2,2
284,174,175,2,1
284,189,190,2,1
284,284,285,2,2
285,175,176,2,1
285,190,191,2,1
285,285,286,2,2
286,286,287,2,2
287,287,288,2,2
288,288,289,2,2
289,289,290,2,2
290,290,291,2,2
291,291,292,2,2
292,292,293,2,2
292,1423,1424,2,8
293,185,186,2,1
293,293,294,2,2
294,186,187,2,1
294,201,202,2,1
294,294,295,2,2
295,187,188,2,1
295,202,203,2,1
295,295,296,2,2
296,188,189,2,1
296,203,204,2,1
296,296,297,2,2
297,297,298,2,2
298,298,299,2,2
299,299,300,2,2
300,300,301,2,2
301,301,302,2,2
302,302,303,2,2
303,303,304,2,2
303,1504,1505,2,8
304,198,199,2,1
304,304,305,2,2
305,199,200,2,1
305,214,215,2,1
305,305,306,2,2
306,200,201,2,1
306,215,216,2,1
306,306,307,2,2
307,201,202,2,1
307,216,217,2,1
307,307,308,2,2
308,308,309,2,2
309,309,310,2,2
310,310,311,2,2
311,311,312,2,2
312,312,313,2,2
313,313,314,2,2
314,314,315,2,2
314,1432,1433,2,8
315,211,212,2,1
315,315,316,2,2
316,212,213,2,1
316,227,228,2,1
316,316,317,2,2
317,213,214,2,1
317,228,229,2,1
317,317,318,2,2
318,214,215,2,1
318,229,230,2,1
318,318,319,2,2
319,319,320,2,2
320,320,321,2,2
321,321,322,2,2
322,322,323,2,2
323,323,324,2,2
324,324,325,2,2
325,325,326,2,2
325,1360,1361,2,8
326,224,225,2,1
326,326,327,2,2
327,19,20,2,1
327,225,226,2,1
327,327,328,2,2
328,20,21,2,1
328,226,227,2,1
328,328,329,2,2
329,21,22,2,1
329,227,228,2,1
329,329,330,2,2
330,330,331,2,2
331,331,332,2,2
332,332,333,2,2
333,333,334,2,2
334,334,335,2,2
335,335,336,2,2
336,336,337,2,2
336,1441,1442,2,8
337,237,17,2,1
337,337,338,2,2
338,17,18,2,1
338,32,33,2,1
338,338,339,2,2
339,18,19,2,1
339,33,34,2,1
339,339,340,2,2
340,19,20,2,1
340,34,35,2,1
340,340,341,2,2
341,341,342,2,2
342,342,343,2,2
343,343,344,2,2
344,344,345,2,2
345,345,346,2,2
346,346,347,2,2
347,347,348,2,2
347,1369,1370,2,8
348,29,30,2,1
348,348,349,2,2
349,30,31,2,1
349,45,46,2,1
349,349,350,2,2
350,31,32,2,1
350,46,47,2,1
350,350,351,2,2
351,32,33,2,1
351,47,48,2,1
351,351,352,2,2
352,352,353,2,2
353,353,354,2,2
354,354,355,2,2
355,355,356,2,2
356,356,357,2,2
357,357,358,2,2
358,358,359,2,2
358,1450,1451,2,8
359,42,43,2,1
359,359,360,2,2
360,43,44,2,1
360,58,59,2,1
360,360,361,2,2
361,44,45,2,1
361,59,60,2,1
361,361,362,2,2
362,45,46,2,1
362,60,61,2,1
362,362,363,2,2
363,363,364,2,2
364,364,365,2,2
365,365,366,2,2
366,366,367,2,2
367,367,368,2,2
368,368,369,2,2
369,369,370,2,2
369,1378,1379,2,8
370,55,56,2,1
370,370,371,2,2
371,56,57,2,1
371,71,72,2,1
371,371,372,2,2
372,57,58,2,1
372,72,73,2,1
372,372,373,2,2
373,58,59,2,1
373,73,74,2,1
373,373,374,2,2
374,374,375,2,2
375,375,376,2,2
376,376,377,2,2
377,377,378,2,2
378,378,379,2,2
379,379,380,2,2
380,380,381,2,2
380,1459,1460,2,8
381,68,69,2,1
381,381,382,2,2
382,69,70,2,1
382,84,85,2,1
382,382,383,2,2
383,70,71,2,1
383,85,86,2,1
383,383,384,2,2
384,71,72,2,1
384,86,87,2,1
384,384,385,2,2
385,385,386,2,2
386,386,387,2,2
387,387,388,2,2
388,388,389,2,2
389,389,390,2,2
390,390,391,2,2
391,391,392,2,2
391,1387,1388,2,8
392,81,82,2,1
392,392,393,2,2
393,82,83,2,1
393,97,98,2,1
393,393,394,2,2
394,83,84,2,1
394,98,99,2,1
394,394,395,2,2
395,84,85,2,1
395,99,100,2,1
395,395,396,2,2
396,396,397,2,2
397,397,398,2,2
398,398,399,2,2
399,399,400,2,2
400,400,401,2,2
401,401,402,2,2
402,402,403,2,2
402,1468,1469,2,8
403,94,95,2,1
403,403,404,2,2
404,95,96,2,1
404,110,111,2,1
404,404,405,2,2
405,96,97,2,1
405,111,112,2,1
405,405,406,2,2
406,97,98,2,1
406,112,113,2,1
406,406,407,2,2
407,407,408,2,2
408,408,409,2,2
409,409,410,2,2
410,410,411,2,2
411,411,412,2,2
412,412,413,2,2
413,413,414,2,2
413,1396,1397,2,8
414,107,108,2,1
414,414,415,2,2
415,108,109,2,1
415,123,124,2,1
415,415,416,2,2
416,109,110,2,1
416,124,125,2,1
416,416,417,2,2
417,110,111,2,1
417,125,126,2,1
417,417,418,2,2
418,418,419,2,2
419,419,420,2,2
420,420,421,2,2
421,421,422,2,2
422,422,423,2,2
423,423,424,2,2
424,424,238,2,2
424,1477,1478,2,8
425,425,426,3,3
426,224,225,3,1
426,426,427,3,3
427,137,138,3,1
427,225,226,3,1
427,427,428,3,3
428,138,139,3,1
428,226,227,3,1
428,428,429,3,3
429,139,140,3,1
429,429,430,3,3
430,430,431,3,3
431,431,432,3,3
432,432,433,3,3
433,433,434,3,3
434,434,435,3,3
435,435,436,3,3
436,436,437,3,3
437,237,17,3,1
437,437,438,3,3
438,17,18,3,1
438,150,151,3,1
438,438,439,3,3
439,18,19,3,1
439,151,152,3,1
439,439,440,3,3
440,152,153,3,1
440,440,441,3,3
441,441,442,3,3
442,442,443,3,3
443,443,444,3,3
444,444,445,3,3
445,445,446,3,3
446,446,447,3,3
447,447,448,3,3
448,29,30,3,1
448,448,449,3,3
449,30,31,3,1
449,163,164,3,1
449,449,450,3,3
450,31,32,3,1
450,164,165,3,1
450,450,451,3,3
451,165,166,3,1
451,451,452,3,3
452,452,453,3,3
453,453,454,3,3
454,454,455,3,3
455,455,456,3,3
456,456,457,3,3
457,457,458,3,3
458,458,459,3,3
459,42,43,3,1
459,459,460,3,3
460,43,44,3,1
460,176,177,3,1
460,460,461,3,3
461,44,45,3,1
461,177,178,3,1
461,461,462,3,3
462,178,179,3,1
462,462,463,3,3
463,463,464,3,3
464,464,465,3,3
465,465,466,3,3
466,466,467,3,3
467,467,468,3,3
468,468,469,3,3
469,469,470,3,3
470,55,56,3,1
470,470,471,3,3
471,56,57,3,1
471,189,190,3,1
471,471,472,3,3
472,57,58,3,1
472,190,191,3,1
472,472,473,3,3
473,191,192,3,1
473,473,474,3,3
474,474,475,3,3
475,475,476,3,3
476,476,477,3,3
477,477,478,3,3
478,478,479,3,3
479,479,480,3,3
480,480,481,3,3
481,68,69,3,1
481,481,482,3,3
482,69,70,3,1
482,202,203,3,1
482,482,483,3,3
483,70,71,3,1
483,203,204,3,1
483,483,484,3,3
484,204,205,3,1
484,484,485,3,3
485,485,486,3,3
486,486,487,3,3
487,487,488,3,3
488,488,489,3,3
489,489,490,3,3
490,490,491,3,3
491,491,492,3,3
492,81,82,3,1
492,492,493,3,3
493,82,83,3,1
493,215,216,3,1
493,493,494,3,3
494,83,84,3,1
494,216,217,3,1
494,494,495,3,3
495,217,218,3,1
495,495,496,3,3
496,496,497,3,3
497,497,498,3,3
498,498,499,3,3
499,499,500,3,3
500,500,501,3,3
501,501,502,3,3
502,502,503,3,3
503,94,95,3,1
503,503,504,3,3
504,95,96,3,1
504,228,229,3,1
504,504,505,3,3
505,96,97,3,1
505,229,230,3,1
505,505,506,3,3
506,230,231,3,1
506,506,507,3,3
507,507,508,3,3
508,508,509,3,3
509,509,510,3,3
510,510,511,3,3
511,511,512,3,3
512,512,513,3,3
513,513,514,3,3
514,107,108,3,1
514,514,515,3,3
515,20,21,3,1
515,108,109,3,1
515,515,516,3,3
516,21,22,3,1
516,109,110,3,1
516,516,517,3,3
517,22,23,3,1
517,517,518,3,3
518,518,519,3,3
519,519,520,3,3
520,520,521,3,3
521,521,522,3,3
522,522,523,3,3
523,523,524,3,3
524,524,525,3,3
525,120,121,3,1
525,525,526,3,3
526,33,34,3,1
526,121,122,3,1
526,526,527,3,3
527,34,35,3,1
527,122,123,3,1
527,527,528,3,3
528,35,36,3,1
528,528,529,3,3
529,529,530,3,3
530,530,531,3,3
531,531,532,3,3
532,532,533,3,3
533,533,534,3,3
534,534,535,3,3
535,535,536,3,3
536,133,134,3,1
536,536,537,3,3
537,46,47,3,1
537,134,135,3,1
537,537,538,3,3
538,47,48,3,1
538,135,136,3,1
538,538,539,3,3
539,48,49,3,1
539,539,540,3,3
540,540,541,3,3
541,541,542,3,3
542,542,543,3,3
543,543,544,3,3
544,544,545,3,3
545,545,546,3,3
546,546,547,3,3
547,146,147,3,1
547,547,548,3,3
548,59,60,3,1
548,147,148,3,1
548,548,549,3,3
549,60,61,3,1
549,148,149,3,1
549,549,550,3,3
550,61,62,3,1
550,550,551,3,3
551,551,552,3,3
552,552,553,3,3
553,553,554,3,3
554,554,555,3,3
555,555,556,3,3
556,556,557,3,3
557,557,558,3,3
558,159,160,3,1
558,558,559,3,3
559,72,73,3,1
559,160,161,3,1
559,559,560,3,3
560,73,74,3,1
560,161,162,3,1
560,560,561,3,3
561,74,75,3,1
561,561,562,3,3
562,562,563,3,3
563,563,564,3,3
564,564,565,3,3
565,565,566,3,3
566,566,567,3,3
567,567,568,3,3
568,568,569,3,3
569,172,173,3,1
569,569,570,3,3
570,85,86,3,1
570,173,174,3,1
570,570,571,3,3
571,86,87,3,1
571,174,175,3,1
571,571,572,3,3
572,87,88,3,1
572,572,573,3,3
573,573,574,3,3
574,574,575,3,3
575,575,576,3,3
576,576,577,3,3
577,577,578,3,3
578,578,579,3,3
579,579,580,3,3
580,185,186,3,1
580,580,581,3,3
581,98,99,3,1
581,186,187,3,1
581,581,582,3,3
582,99,100,3,1
582,187,188,3,1
582,582,583,3,3
583,100,101,3,1
583,583,584,3,3
584,584,585,3,3
585,585,586,3,3
586,586,587,3,3
587,587,588,3,3
588,588,589,3,3
589,589,590,3,3
590,590,591,3,3
591,198,199,3,1
591,591,592,3,3
592,111,112,3,1
592,199,200,3,1
592,592,593,3,3
593,112,113,3,1
593,200,201,3,1
593,593,594,3,3
594,113,114,3,1
594,594,595,3,3
595,595,596,3,3
596,596,597,3,3
597,597,598,3,3
598,598,599,3,3
599,599,600,3,3
600,600,601,3,3
601,601,602,3,3
602,211,212,3,1
602,602,603,3,3
603,124,125,3,1
603,212,213,3,1
603,603,604,3,3
604,125,126,3,1
604,213,214,3,1
604,604,605,3,3
605,126,127,3,1
605,605,606,3,3
606,606,607,3,3
607,607,608,3,3
608,608,609,3,3
609,609,610,3,3
610,610,611,3,3
611,611,425,3,3
612,612,613,4,4
613,106,107,4,1
613,613,614,4,4
614,107,108,4,1
614,614,615,4,4
615,108,109,4,1
615,138,139,4,1
615,615,616,4,4
616,139,140,4,1
616,616,617,4,4
617,140,141,4,1
617,617,618,4,4
618,618,619,4,4
619,619,620,4,4
620,620,621,4,4
621,621,622,4,4
622,622,623,4,4
623,623,624,4,4
624,119,120,4,1
624,624,625,4,4
625,120,121,4,1
625,625,626,4,4
626,121,122,4,1
626,151,152,4,1
626,626,627,4,4
627,152,153,4,1
627,627,628,4,4
628,153,154,4,1
628,628,629,4,4
629,629,630,4,4
630,630,631,4,4
631,631,632,4,4
632,632,633,4,4
633,633,634,4,4
634,634,635,4,4
635,132,133,4,1
635,635,636,4,4
636,133,134,4,1
636,636,637,4,4
637,134,135,4,1
637,164,165,4,1
637,637,638,4,4
638,165,166,4,1
638,638,639,4,4
639,166,167,4,1
639,639,640,4,4
640,640,641,4,4
641,641,642,4,4
642,642,643,4,4
643,643,644,4,4
644,644,645,4,4
645,645,646,4,4
646,145,146,4,1
646,646,647,4,4
647,146,147,4,1
647,647,648,4,4
648,147,148,4,1
648,177,178,4,1
648,648,649,4,4
649,178,179,4,1
649,649,650,4,4
650,179,180,4,1
650,650,651,4,4
651,651,652,4,4
652,652,653,4,4
653,653,654,4,4
654,654,655,4,4
655,655,656,4,4
656,656,657,4,4
657,158,159,4,1
657,657,658,4,4
658,159,160,4,1
658,658,659,4,4
659,160,161,4,1
659,190,191,4,1
659,659,660,4,4
660,191,192,4,1
660,660,661,4,4
661,192,193,4,1
661,661,662,4,4
662,662,663,4,4
663,663,664,4,4
664,664,665,4,4
665,665,666,4,4
666,666,667,4,4
667,667,668,4,4
668,171,172,4,1
668,668,669,4,4
669,172,173,4,1
669,669,670,4,4
670,173,174,4,1
670,203,204,4,1
670,670,671,4,4
671,204,205,4,1
671,671,672,4,4
672,205,206,4,1
672,672,673,4,4
673,673,674,4,4
674,674,675,4,4
675,675,676,4,4
676,676,677,4,4
677,677,678,4,4
678,678,679,4,4
679,184,185,4,1
679,679,680,4,4
680,185,186,4,1
680,680,681,4,4
681,186,187,4,1
681,216,217,4,1
681,681,682,4,4
682,217,218,4,1
682,682,683,4,4
683,218,219,4,1
683,683,684,4,4
684,684,685,4,4
685,685,686,4,4
686,686,687,4,4
687,687,688,4,4
688,688,689,4,4
689,689,690,4,4
690,197,198,4,1
690,690,691,4,4
691,198,199,4,1
691,691,692,4,4
692,199,200,4,1
692,229,230,4,1
692,692,693,4,4
693,230,231,4,1
693,693,694,4,4
694,231,232,4,1
694,694,695,4,4
695,695,696,4,4
696,696,697,4,4
697,697,698,4,4
698,698,699,4,4
699,699,700,4,4
700,700,701,4,4
701,210,211,4,1
701,701,702,4,4
702,211,212,4,1
702,702,703,4,4
703,21,22,4,1
703,212,213,4,1
703,703,704,4,4
704,22,23,4,1
704,704,705,4,4
705,23,24,4,1
705,705,706,4,4
706,706,707,4,4
707,707,708,4,4
708,708,709,4,4
709,709,710,4,4
710,710,711,4,4
711,711,712,4,4
712,223,224,4,1
712,712,713,4,4
713,224,225,4,1
713,713,714,4,4
714,34,35,4,1
714,225,226,4,1
714,714,715,4,4
715,35,36,4,1
715,715,716,4,4
716,36,37,4,1
716,716,717,4,4
717,717,718,4,4
718,718,719,4,4
719,719,720,4,4
720,720,721,4,4
721,721,722,4,4
722,722,723,4,4
723,236,237,4,1
723,723,724,4,4
724,237,17,4,1
724,724,725,4,4
725,17,18,4,1
725,47,48,4,1
725,725,726,4,4
726,48,49,4,1
726,726,727,4,4
727,49,50,4,1
727,727,728,4,4
728,728,729,4,4
729,729,730,4,4
730,730,731,4,4
731,731,732,4,4
732,732,733,4,4
733,733,734,4,4
734,28,29,4,1
734,734,735,4,4
735,29,30,4,1
735,735,736,4,4
736,30,31,4,1
736,60,61,4,1
736,736,737,4,4
737,61,62,4,1
737,737,738,4,4
738,62,63,4,1
738,738,739,4,4
739,739,740,4,4
740,740,741,4,4
741,741,742,4,4
742,742,743,4,4
743,743,744,4,4
744,744,745,4,4
745,41,42,4,1
745,745,746,4,4
746,42,43,4,1
746,746,747,4,4
747,43,44,4,1
747,73,74,4,1
747,747,748,4,4
748,74,75,4,1
748,748,749,4,4
749,75,76,4,1
749,749,750,4,4
750,750,751,4,4
751,751,752,4,4
752,752,753,4,4
753,753,754,4,4
754,754,755,4,4
755,755,756,4,4
756,54,55,4,1
756,756,757,4,4
757,55,56,4,1
757,757,758,4,4
758,56,57,4,1
758,86,87,4,1
758,758,759,4,4
759,87,88,4,1
759,759,760,4,4
760,88,89,4,1
760,760,761,4,4
761,761,762,4,4
762,762,763,4,4
763,763,764,4,4
764,764,765,4,4
765,765,766,4,4
766,766,767,4,4
767,67,68,4,1
767,767,768,4,4
768,68,69,4,1
768,768,769,4,4
769,69,70,4,1
769,99,100,4,1
769,769,770,4,4
770,100,101,4,1
770,770,771,4,4
771,101,102,4,1
771,771,772,4,4
772,772,773,4,4
773,773,774,4,4
774,774,775,4,4
775,775,776,4,4
776,776,777,4,4
777,777,778,4,4
778,80,81,4,1
778,778,779,4,4
779,81,82,4,1
779,779,780,4,4
780,82,83,4,1
780,112,113,4,1
780,780,781,4,4
781,113,114,4,1
781,781,782,4,4
782,114,115,4,1
782,782,783,4,4
783,783,784,4,4
784,784,785,4,4
785,785,786,4,4
786,786,787,4,4
787,787,788,4,4
788,788,789,4,4
789,93,94,4,1
789,789,790,4,4
790,94,95,4,1
790,790,791,4,4
791,95,96,4,1
791,125,126,4,1
791,791,792,4,4
792,126,127,4,1
792,792,793,4,4
793,127,128,4,1
793,793,794,4,4
794,794,795,4,4
795,795,796,4,4
796,796,797,4,4
797,797,798,4,4
798,798,612,4,4
799,799,800,5,5
800,209,210,5,1
800,800,801,5,5
801,210,211,5,1
801,801,802,5,5
802,211,212,5,1
802,802,803,5,5
803,139,140,5,1
803,803,804,5,5
804,140,141,5,1
804,804,805,5,5
805,141,142,5,1
805,805,806,5,5
806,806,807,5,5
807,807,808,5,5
808,808,809,5,5
809,809,810,5,5
810,810,811,5,5
811,222,223,5,1
811,811,812,5,5
812,223,224,5,1
812,812,813,5,5
813,224,225,5,1
813,813,814,5,5
814,152,153,5,1
814,814,815,5,5
815,153,154,5,1
815,815,816,5,5
816,154,155,5,1
816,816,817,5,5
817,817,818,5,5
818,818,819,5,5
819,819,820,5,5
820,820,821,5,5
821,821,822,5,5
822,235,236,5,1
822,822,823,5,5
823,236,237,5,1
823,823,824,5,5
824,237,17,5,1
824,824,825,5,5
825,165,166,5,1
825,825,826,5,5
826,166,167,5,1
826,826,827,5,5
827,167,168,5,1
827,827,828,5,5
828,828,829,5,5
829,829,830,5,5
830,830,831,5,5
831,831,832,5,5
832,832,833,5,5
833,27,28,5,1
833,833,834,5,5
834,28,29,5,1
834,834,835,5,5
835,29,30,5,1
835,835,836,5,5
836,178,179,5,1
836,836,837,5,5
837,179,180,5,1
837,837,838,5,5
838,180,181,5,1
838,838,839,5,5
839,839,840,5,5
840,840,841,5,5
841,841,842,5,5
842,842,843,5,5
843,843,844,5,5
844,40,41,5,1
844,844,845,5,5
845,41,42,5,1
845,845,846,5,5
846,42,43,5,1
846,846,847,5,5
847,191,192,5,1
847,847,848,5,5
848,192,193,5,1
848,848,849,5,5
849,193,194,5,1
849,849,850,5,5
850,850,851,5,5
851,851,852,5,5
852,852,853,5,5
853,853,854,5,5
854,854,855,5,5
855,53,54,5,1
855,855,856,5,5
856,54,55,5,1
856,856,857,5,5
857,55,56,5,1
857,857,858,5,5
858,204,205,5,1
858,858,859,5,5
859,205,206,5,1
859,859,860,5,5
860,206,207,5,1
860,860,861,5,5
861,861,862,5,5
862,862,863,5,5
863,863,864,5,5
864,864,865,5,5
865,865,866,5,5
866,66,67,5,1
866,866,867,5,5
867,67,68,5,1
867,867,868,5,5
868,68,69,5,1
868,868,869,5,5
869,217,218,5,1
869,869,870,5,5
870,218,219,5,1
870,870,871,5,5
871,219,220,5,1
871,871,872,5,5
872,872,873,5,5
873,873,874,5,5
874,874,875,5,5
875,875,876,5,5
876,876,877,5,5
877,79,80,5,1
877,877,878,5,5
878,80,81,5,1
878,878,879,5,5
879,81,82,5,1
879,879,880,5,5
880,230,231,5,1
880,880,881,5,5
881,231,232,5,1
881,881,882,5,5
882,232,233,5,1
882,882,883,5,5
883,883,884,5,5
884,884,885,5,5
885,885,886,5,5
886,886,887,5,5
887,887,888,5,5
888,92,93,5,1
888,888,889,5,5
889,93,94,5,1
889,889,890,5,5
890,94,95,5,1
890,890,891,5,5
891,22,23,5,1
891,891,892,5,5
892,23,24,5,1
892,892,893,5,5
893,24,25,5,1
893,893,894,5,5
894,894,895,5,5
895,895,896,5,5
896,896,897,5,5
897,897,898,5,5
898,898,899,5,5
899,105,106,5,1
899,899,900,5,5
900,106,107,5,1
900,900,901,5,5
901,107,108,5,1
901,901,902,5,5
902,35,36,5,1
902,902,903,5,5
903,36,37,5,1
903,903,904,5,5
904,37,38,5,1
904,904,905,5,5
905,905,906,5,5
906,906,907,5,5
907,907,908,5,5
908,908,909,5,5
909,909,910,5,5
910,118,119,5,1
910,910,911,5,5
911,119,120,5,1
911,911,912,5,5
912,120,121,5,1
912,912,913,5,5
913,48,49,5,1
913,913,914,5,5
914,49,50,5,1
914,914,915,5,5
915,50,51,5,1
915,915,916,5,5
916,916,917,5,5
917,917,918,5,5
918,918,919,5,5
919,919,920,5,5
920,920,921,5,5
921,131,132,5,1
921,921,922,5,5
922,132,133,5,1
922,922,923,5,5
923,133,134,5,1
923,923,924,5,5
924,61,62,5,1
924,924,925,5,5
925,62,63,5,1
925,925,926,5,5
926,63,64,5,1
926,926,927,5,5
927,927,928,5,5
928,928,929,5,5
929,929,930,5,5
930,930,931,5,5
931,931,932,5,5
932,144,145,5,1
932,932,933,5,5
933,145,146,5,1
933,933,934,5,5
934,146,147,5,1
934,934,935,5,5
935,74,75,5,1
935,935,936,5,5
936,75,76,5,1
936,936,937,5,5
937,76,77,5,1
937,937,938,5,5
938,938,939,5,5
939,939,940,5,5
940,940,941,5,5
941,941,942,5,5
942,942,943,5,5
943,157,158,5,1
943,943,944,5,5
944,158,159,5,1
944,944,945,5,5
945,159,160,5,1
945,945,946,5,5
946,87,88,5,1
946,946,947,5,5
947,88,89,5,1
947,947,948,5,5
948,89,90,5,1
948,948,949,5,5
949,949,950,5,5
950,950,951,5,5
951,951,952,5,5
952,952,953,5,5
953,953,954,5,5
954,170,171,5,1
954,954,955,5,5
955,171,172,5,1
955,955,956,5,5
956,172,173,5,1
956,956,957,5,5
957,100,101,5,1
957,957,958,5,5
958,101,102,5,1
958,958,959,5,5
959,102,103,5,1
959,959,960,5,5
960,960,961,5,5
961,961,962,5,5
962,962,963,5,5
963,963,964,5,5
964,964,965,5,5
965,183,184,5,1
965,965,966,5,5
966,184,185,5,1
966,966,967,5,5
967,185,186,5,1
967,967,968,5,5
968,113,114,5,1
968,968,969,5,5
969,114,115,5,1
969,969,970,5,5
970,115,116,5,1
970,970,971,5,5
971,971,972,5,5
972,972,973,5,5
973,973,974,5,5
974,974,975,5,5
975,975,976,5,5
976,196,197,5,1
976,976,977,5,5
977,197,198,5,1
977,977,978,5,5
978,198,199,5,1
978,978,979,5,5
979,126,127,5,1
979,979,980,5,5
980,127,128,5,1
980,980,981,5,5
981,128,129,5,1
981,981,982,5,5
982,982,983,5,5
983,983,984,5,5
984,984,985,5,5
985,985,799,5,5
986,986,987,6,6
987,91,92,6,1
987,987,988,6,6
988,92,93,6,1
988,988,989,6,6
989,93,94,6,1
989,989,990,6,6
990,990,991,6,6
991,140,141,6,1
991,991,992,6,6
992,141,142,6,1
992,992,993,6,6
993,142,143,6,1
993,993,994,6,6
994,994,995,6,6
995,995,996,6,6
996,996,997,6,6
997,997,998,6,6
998,104,105,6,1
998,998,999,6,6
999,105,106,6,1
999,999,1000,6,6
1000,106,107,6,1
1000,1000,1001,6,6
1001,1001,1002,6,6
1002,153,154,6,1
1002,1002,1003,6,6
1003,154,155,6,1
1003,1003,1004,6,6
1004,155,156,6,1
1004,1004,1005,6,6
1005,1005,1006,6,6
1006,1006,1007,6,6
1007,1007,1008,6,6
1008,1008,1009,6,6
1009,117,118,6,1
1009,1009,1010,6,6
1010,118,119,6,1
1010,1010,1011,6,6
1011,119,120,6,1
1011,1011,1012,6,6
1012,1012,1013,6,6
1013,166,167,6,1
1013,1013,1014,6,6
1014,167,168,6,1
1014,1014,1015,6,6
1015,168,169,6,1
1015,1015,1016,6,6
1016,1016,1017,6,6
1017,1017,1018,6,6
1018,1018,1019,6,6
1019,1019,1020,6,6
1020,130,131,6,1
1020,1020,1021,6,6
1021,131,132,6,1
1021,1021,1022,6,6
1022,132,133,6,1
1022,1022,1023,6,6
1023,1023,1024,6,6
1024,179,180,6,1
1024,1024,1025,6,6
1025,180,181,6,1
1025,1025,1026,6,6
1026,181,182,6,1
1026,1026,1027,6,6
1027,1027,1028,6,6
1028,1028,1029,6,6
1029,1029,1030,6,6
1030,1030,1031,6,6
1031,143,144,6,1
1031,1031,1032,6,6
1032,144,145,6,1
1032,1032,1033,6,6
1033,145,146,6,1
1033,1033,1034,6,6
1034,1034,1035,6,6
1035,192,193,6,1
1035,1035,1036,6,6
1036,193,194,6,1
1036,1036,1037,6,6
1037,194,195,6,1
1037,1037,1038,6,6
1038,1038,1039,6,6
1039,1039,1040,6,6
1040,1040,1041,6,6
1041,1041,1042,6,6
1042,156,157,6,1
1042,1042,1043,6,6
1043,157,158,6,1
1043,1043,1044,6,6
1044,158,159,6,1
1044,1044,1045,6,6
1045,1045,1046,6,6
1046,205,206,6,1
1046,1046,1047,6,6
1047,206,207,6,1
1047,1047,1048,6,6
1048,207,208,6,1
1048,1048,1049,6,6
1049,1049,1050,6,6
1050,1050,1051,6,6
1051,1051,1052,6,6
1052,1052,1053,6,6
1053,169,170,6,1
1053,1053,1054,6,6
1054,170,171,6,1
1054,1054,1055,6,6
1055,171,172,6,1
1055,1055,1056,6,6
1056,1056,1057,6,6
1057,218,219,6,1
1057,1057,1058,6,6
1058,219,220,6,1
1058,1058,1059,6,6
1059,220,221,6,1
1059,1059,1060,6,6
1060,1060,1061,6,6
1061,1061,1062,6,6
1062,1062,1063,6,6
1063,1063,1064,6,6
1064,182,183,6,1
1064,1064,1065,6,6
1065,183,184,6,1
1065,1065,1066,6,6
1066,184,185,6,1
1066,1066,1067,6,6
1067,1067,1068,6,6
1068,231,232,6,1
1068,1068,1069,6,6
1069,232,233,6,1
1069,1069,1070,6,6
1070,233,234,6,1
1070,1070,1071,6,6
1071,1071,1072,6,6
1072,1072,1073,6,6
1073,1073,1074,6,6
1074,1074,1075,6,6
1075,195,196,6,1
1075,1075,1076,6,6
1076,196,197,6,1
1076,1076,1077,6,6
1077,197,198,6,1
1077,1077,1078,6,6
1078,1078,1079,6,6
1079,23,24,6,1
1079,1079,1080,6,6
1080,24,25,6,1
1080,1080,1081,6,6
1081,25,26,6,1
1081,1081,1082,6,6
1082,1082,1083,6,6
1083,1083,1084,6,6
1084,1084,1085,6,6
1085,1085,1086,6,6
1086,208,209,6,1
1086,1086,1087,6,6
1087,209,210,6,1
1087,1087,1088,6,6
1088,210,211,6,1
1088,1088,1089,6,6
1089,1089,1090,6,6
1090,36,37,6,1
1090,1090,1091,6,6
1091,37,38,6,1
1091,1091,1092,6,6
1092,38,39,6,1
1092,1092,1093,6,6
1093,1093,1094,6,6
1094,1094,1095,6,6
1095,1095,1096,6,6
1096,1096,1097,6,6
1097,221,222,6,1
1097,1097,1098,6,6
1098,222,223,6,1
1098,1098,1099,6,6
1099,223,224,6,1
1099,1099,1100,6,6
1100,1100,1101,6,6
1101,49,50,6,1
1101,1101,1102,6,6
1102,50,51,6,1
1102,1102,1103,6,6
1103,51,52,6,1
1103,1103,1104,6,6
1104,1104,1105,6,6
1105,1105,1106,6,6
1106,1106,1107,6,6
1107,1107,1108,6,6
1108,234,235,6,1
1108,1108,1109,6,6
1109,235,236,6,1
1109,1109,1110,6,6
1110,236,237,6,1
1110,1110,1111,6,6
1111,1111,1112,6,6
1112,62,63,6,1
1112,1112,1113,6,6
1113,63,64,6,1
1113,1113,1114,6,6
1114,64,65,6,1
1114,1114,1115,6,6
1115,1115,1116,6,6
1116,1116,1117,6,6
1117,1117,1118,6,6
1118,1118,1119,6,6
1119,26,27,6,1
1119,1119,1120,6,6
1120,27,28,6,1
1120,1120,1121,6,6
1121,28,29,6,1
1121,1121,1122,6,6
1122,1122,1123,6,6
1123,75,76,6,1
1123,1123,1124,6,6
1124,76,77,6,1
1124,1124,1125,6,6
1125,77,78,6,1
1125,1125,1126,6,6
1126,1126,1127,6,6
1127,1127,1128,6,6
1128,1128,1129,6,6
1129,1129,1130,6,6
1130,39,40,6,1
1130,1130,1131,6,6
1131,40,41,6,1
1131,1131,1132,6,6
1132,41,42,6,1
1132,1132,1133,6,6
1133,1133,1134,6,6
1134,88,89,6,1
1134,1134,1135,6,6
1135,89,90,6,1
1135,1135,1136,6,6
1136,90,91,6,1
1136,1136,1137,6,6
1137,1137,1138,6,6
1138,1138,1139,6,6
1139,1139,1140,6,6
1140,1140,1141,6,6
1141,52,53,6,1
1141,1141,1142,6,6
1142,53,54,6,1
1142,1142,1143,6,6
1143,54,55,6,1
1143,1143,1144,6,6
1144,1144,1145,6,6
1145,101,102,6,1
1145,1145,1146,6,6
1146,102,103,6,1
1146,1146,1147,6,6
1147,103,104,6,1
1147,1147,1148,6,6
1148,1148,1149,6,6
1149,1149,1150,6,6
1150,1150,1151,6,6
1151,1151,1152,6,6
1152,65,66,6,1
1152,1152,1153,6,6
1153,66,67,6,1
1153,1153,1154,6,6
1154,67,68,6,1
1154,1154,1155,6,6
1155,1155,1156,6,6
1156,114,115,6,1
1156,1156,1157,6,6
1157,115,116,6,1
1157,1157,1158,6,6
1158,116,117,6,1
1158,1158,1159,6,6
1159,1159,1160,6,6
1160,1160,1161,6,6
1161,1161,1162,6,6
1162,1162,1163,6,6
1163,78,79,6,1
1163,1163,1164,6,6
1164,79,80,6,1
1164,1164,1165,6,6
1165,80,81,6,1
1165,1165,1166,6,6
1166,1166,1167,6,6
1167,127,128,6,1
1167,1167,1168,6,6
1168,128,129,6,1
1168,1168,1169,6,6
1169,129,130,6,1
1169,1169,1170,6,6
1170,1170,1171,6,6
1171,1171,1172,6,6
1172,1172,986,6,6
1173,1173,1174,7,7
1174,194,195,7,1
1174,1174,1175,7,7
1175,195,196,7,1
1175,1175,1176,7,7
1176,196,197,7,1
1176,1176,1177,7,7
1177,1177,1178,7,7
1178,1178,1179,7,7
1179,141,142,7,1
1179,1179,1180,7,7
1180,142,143,7,1
1180,1180,1181,7,7
1181,143,144,7,1
1181,1181,1182,7,7
1182,1182,1183,7,7
1183,1183,1184,7,7
1184,1184,1185,7,7
1185,207,208,7,1
1185,1185,1186,7,7
1186,208,209,7,1
1186,1186,1187,7,7
1187,209,210,7,1
1187,1187,1188,7,7
1188,1188,1189,7,7
1189,1189,1190,7,7
1190,154,155,7,1
1190,1190,1191,7,7
1191,155,156,7,1
1191,1191,1192,7,7
1192,156,157,7,1
1192,1192,1193,7,7
1193,1193,1194,7,7
1194,1194,1195,7,7
1195,1195,1196,7,7
1196,220,221,7,1
1196,1196,1197,7,7
1197,221,222,7,1
1197,1197,1198,7,7
1198,222,223,7,1
1198,1198,1199,7,7
1199,1199,1200,7,7
1200,1200,1201,7,7
1201,167,168,7,1
1201,1201,1202,7,7
1202,168,169,7,1
1202,1202,1203,7,7
1203,169,170,7,1
1203,1203,1204,7,7
1204,1204,1205,7,7
1205,1205,1206,7,7
1206,1206,1207,7,7
1207,233,234,7,1
1207,1207,1208,7,7
1208,234,235,7,1
1208,1208,1209,7,7
1209,235,236,7,1
1209,1209,1210,7,7
1210,1210,1211,7,7
1211,1211,1212,7,7
1212,180,181,7,1
1212,1212,1213,7,7
1213,181,182,7,1
1213,1213,1214,7,7
1214,182,183,7,1
1214,1214,1215,7,7
1215,1215,1216,7,7
1216,1216,1217,7,7
1217,1217,1218,7,7
1218,25,26,7,1
1218,1218,1219,7,7
1219,26,27,7,1
1219,1219,1220,7,7
1220,27,28,7,1
1220,1220,1221,7,7
1221,1221,1222,7,7
1222,1222,1223,7,7
1223,193,194,7,1
1223,1223,1224,7,7
1224,194,195,7,1
1224,1224,1225,7,7
1225,195,196,7,1
1225,1225,1226,7,7
1226,1226,1227,7,7
1227,1227,1228,7,7
1228,1228,1229,7,7
1229,38,39,7,1
1229,1229,1230,7,7
1230,39,40,7,1
1230,1230,1231,7,7
1231,40,41,7,1
1231,1231,1232,7,7
1232,1232,1233,7,7
1233,1233,1234,7,7
1234,206,207,7,1
1234,1234,1235,7,7
1235,207,208,7,1
1235,1235,1236,7,7
1236,208,209,7,1
1236,1236,1237,7,7
1237,1237,1238,7,7
1238,1238,1239,7,7
1239,1239,1240,7,7
1240,51,52,7,1
1240,1240,1241,7,7
1241,52,53,7,1
1241,1241,1242,7,7
1242,53,54,7,1
1242,1242,1243,7,7
1243,1243,1244,7,7
1244,1244,1245,7,7
1245,219,220,7,1
1245,1245,1246,7,7
1246,220,221,7,1
1246,1246,1247,7,7
1247,221,222,7,1
1247,1247,1248,7,7
1248,1248,1249,7,7
1249,1249,1250,7,7
1250,1250,1251,7,7
1251,64,65,7,1
1251,1251,1252,7,7
1252,65,66,7,1
1252,1252,1253,7,7
1253,66,67,7,1
1253,1253,1254,7,7
1254,1254,1255,7,7
1255,1255,1256,7,7
1256,232,233,7,1
1256,1256,1257,7,7
1257,233,234,7,1
1257,1257,1258,7,7
1258,234,235,7,1
1258,1258,1259,7,7
1259,1259,1260,7,7
1260,1260,1261,7,7
1261,1261,1262,7,7
1262,77,78,7,1
1262,1262,1263,7,7
1263,78,79,7,1
1263,1263,1264,7,7
1264,79,80,7,1
1264,1264,1265,7,7
1265,1265,1266,7,7
1266,1266,1267,7,7
1267,24,25,7,1
1267,1267,1268,7,7
1268,25,26,7,1
1268,1268,1269,7,7
1269,26,27,7,1
1269,1269,1270,7,7
1270,1270,1271,7,7
1271,1271,1272,7,7
1272,1272,1273,7,7
1273,90,91,7,1
1273,1273,1274,7,7
1274,91,92,7,1
1274,1274,1275,7,7
1275,92,93,7,1
1275,1275,1276,7,7
1276,1276,1277,7,7
1277,1277,1278,7,7
1278,37,38,7,1
1278,1278,1279,7,7
1279,38,39,7,1
1279,1279,1280,7,7
1280,39,40,7,1
1280,1280,1281,7,7
1281,1281,1282,7,7
1282,1282,1283,7,7
1283,1283,1284,7,7
1284,103,104,7,1
1284,1284,1285,7,7
1285,104,105,7,1
1285,1285,1286,7,7
1286,105,106,7,1
1286,1286,1287,7,7
1287,1287,1288,7,7
1288,1288,1289,7,7
1289,50,51,7,1
1289,1289,1290,7,7
1290,51,52,7,1
1290,1290,1291,7,7
1291,52,53,7,1
1291,1291,1292,7,7
1292,1292,1293,7,7
1293,1293,1294,7,7
1294,1294,1295,7,7
1295,116,117,7,1
1295,1295,1296,7,7
1296,117,118,7,1
1296,1296,1297,7,7
1297,118,119,7,1
1297,1297,1298,7,7
1298,1298,1299,7,7
1299,1299,1300,7,7
1300,63,64,7,1
1300,1300,1301,7,7
1301,64,65,7,1
1301,1301,1302,7,7
1302,65,66,7,1
1302,1302,1303,7,7
1303,1303,1304,7,7
1304,1304,1305,7,7
1305,1305,1306,7,7
1306,129,130,7,1
1306,1306,1307,7,7
1307,130,131,7,1
1307,1307,1308,7,7
1308,131,132,7,1
1308,1308,1309,7,7
1309,1309,1310,7,7
1310,1310,1311,7,7
1311,76,77,7,1
1311,1311,1312,7,7
1312,77,78,7,1
1312,1312,1313,7,7
1313,78,79,7,1
1313,1313,1314,7,7
1314,1314,1315,7,7
1315,1315,1316,7,7
1316,1316,1317,7,7
1317,142,143,7,1
1317,1317,1318,7,7
1318,143,144,7,1
1318,1318,1319,7,7
1319,144,145,7,1
1319,1319,1320,7,7
1320,1320,1321,7,7
1321,1321,1322,7,7
1322,89,90,7,1
1322,1322,1323,7,7
1323,90,91,7,1
1323,1323,1324,7,7
1324,91,92,7,1
1324,1324,1325,7,7
1325,1325,1326,7,7
1326,1326,1327,7,7
1327,1327,1328,7,7
1328,155,156,7,1
1328,1328,1329,7,7
1329,156,157,7,1
1329,1329,1330,7,7
1330,157,158,7,1
1330,1330,1331,7,7
1331,1331,1332,7,7
1332,1332,1333,7,7
1333,102,103,7,1
1333,1333,1334,7,7
1334,103,104,7,1
1334,1334,1335,7,7
1335,104,105,7,1
1335,1335,1336,7,7
1336,1336,1337,7,7
1337,1337,1338,7,7
1338,1338,1339,7,7
1339,168,169,7,1
1339,1339,1340,7,7
1340,169,170,7,1
1340,1340,1341,7,7
1341,170,171,7,1
1341,1341,1342,7,7
1342,1342,1343,7,7
1343,1343,1344,7,7
1344,115,116,7,1
1344,1344,1345,7,7
1345,116,117,7,1
1345,1345,1346,7,7
1346,117,118,7,1
1346,1346,1347,7,7
1347,1347,1348,7,7
1348,1348,1349,7,7
1349,1349,1350,7,7
1350,181,182,7,1
1350,1350,1351,7,7
1351,182,183,7,1
1351,1351,1352,7,7
1352,183,184,7,1
1352,1352,1353,7,7
1353,1353,1354,7,7
1354,1354,1355,7,7
1355,128,129,7,1
1355,1355,1356,7,7
1356,129,130,7,1
1356,1356,1357,7,7
1357,130,131,7,1
1357,1357,1358,7,7
1358,1358,1359,7,7
1359,1359,1173,7,7
1360,1360,1361,8,8
1361,1361,1362,8,8
1362,19,20,8,1
1362,137,138,8,1
1362,1362,1363,8,8
1363,1363,1364,8,8
1364,1364,1365,8,8
1365,1365,1366,8,8
1366,1366,1367,8,8
1367,1367,1368,8,8
1368,1368,1369,8,8
1369,1369,1370,8,8
1370,1370,1371,8,8
1371,45,46,8,1
1371,163,164,8,1
1371,1371,1372,8,8
1372,1372,1373,8,8
1373,1373,1374,8,8
1374,1374,1375,8,8
1375,1375,1376,8,8
1376,1376,1377,8,8
1377,1377,1378,8,8
1378,1378,1379,8,8
1379,1379,1380,8,8
1380,71,72,8,1
1380,189,190,8,1
1380,1380,1381,8,8
1381,1381,1382,8,8
1382,1382,1383,8,8
1383,1383,1384,8,8
1384,1384,1385,8,8
1385,1385,1386,8,8
1386,1386,1387,8,8
1387,1387,1388,8,8
1388,1388,1389,8,8
1389,97,98,8,1
1389,215,216,8,1
1389,1389,1390,8,8
1390,1390,1391,8,8
1391,1391,1392,8,8
1392,1392,1393,8,8
1393,1393,1394,8,8
1394,1394,1395,8,8
1395,1395,1396,8,8
1396,1396,1397,8,8
1397,1397,1398,8,8
1398,20,21,8,1
1398,123,124,8,1
1398,1398,1399,8,8
1399,1399,1400,8,8
1400,1400,1401,8,8
1401,1401,1402,8,8
1402,1402,1403,8,8
1403,1403,1404,8,8
1404,1404,1405,8,8
1405,1405,1406,8,8
1406,1406,1407,8,8
1407,46,47,8,1
1407,149,150,8,1
1407,1407,1408,8,8
1408,1408,1409,8,8
1409,1409,1410,8,8
1410,1410,1411,8,8
1411,1411,1412,8,8
1412,1412,1413,8,8
1413,1413,1414,8,8
1414,1414,1415,8,8
1415,1415,1416,8,8
1416,72,73,8,1
1416,175,176,8,1
1416,1416,1417,8,8
1417,1417,1418,8,8
1418,1418,1419,8,8
1419,1419,1420,8,8
1420,1420,1421,8,8
1421,1421,1422,8,8
1422,1422,1423,8,8
1423,1423,1424,8,8
1424,1424,1425,8,8
1425,98,99,8,1
1425,201,202,8,1
1425,1425,1426,8,8
1426,1426,1427,8,8
1427,1427,1428,8,8
1428,1428,1429,8,8
1429,1429,1430,8,8
1430,1430,1431,8,8
1431,1431,1432,8,8
1432,1432,1433,8,8
1433,1433,1434,8,8
1434,124,125,8,1
1434,227,228,8,1
1434,1434,1435,8,8
1435,1435,1436,8,8
1436,1436,1437,8,8
1437,1437,1438,8,8
1438,1438,1439,8,8
1439,1439,1440,8,8
1440,1440,1441,8,8
1441,1441,1442,8,8
1442,1442,1443,8,8
1443,32,33,8,1
1443,150,151,8,1
1443,1443,1444,8,8
1444,1444,1445,8,8
1445,1445,1446,8,8
1446,1446,1447,8,8
1447,1447,1448,8,8
1448,1448,1449,8,8
1449,1449,1450,8,8
1450,1450,1451,8,8
1451,1451,1452,8,8
1452,58,59,8,1
1452,176,177,8,1
1452,1452,1453,8,8
1453,1453,1454,8,8
1454,1454,1455,8,8
1455,1455,1456,8,8
1456,1456,1457,8,8
1457,1457,1458,8,8
1458,1458,1459,8,8
1459,1459,1460,8,8
1460,1460,1461,8,8
1461,84,85,8,1
1461,202,203,8,1
1461,1461,1462,8,8
1462,1462,1463,8,8
1463,1463,1464,8,8
1464,1464,1465,8,8
1465,1465,1466,8,8
1466,1466,1467,8,8
1467,1467,1468,8,8
1468,1468,1469,8,8
1469,1469,1470,8,8
1470,110,111,8,1
1470,228,229,8,1
1470,1470,1471,8,8
1471,1471,1472,8,8
1472,1472,1473,8,8
1473,1473,1474,8,8
1474,1474,1475,8,8
1475,1475,1476,8,8
1476,1476,1477,8,8
1477,1477,1478,8,8
1478,1478,1479,8,8
1479,33,34,8,1
1479,136,137,8,1
1479,1479,1480,8,8
1480,1480,1481,8,8
1481,1481,1482,8,8
1482,1482,1483,8,8
1483,1483,1484,8,8
1484,1484,1485,8,8
1485,1485,1486,8,8
1486,1486,1487,8,8
1487,1487,1488,8,8
1488,59,60,8,1
1488,162,163,8,1
1488,1488,1489,8,8
1489,1489,1490,8,8
1490,1490,1491,8,8
1491,1491,1492,8,8
1492,1492,1493,8,8
1493,1493,1494,8,8
1494,1494,1495,8,8
1495,1495,1496,8,8
1496,1496,1497,8,8
1497,85,86,8,1
1497,188,189,8,1
1497,1497,1498,8,8
1498,1498,1499,8,8
1499,1499,1500,8,8
1500,1500,1501,8,8
1501,1501,1502,8,8
1502,1502,1503,8,8
1503,1503,1504,8,8
1504,1504,1505,8,8
1505,1505,1506,8,8
1506,111,112,8,1
1506,214,215,8,1
1506,1506,1507,8,8
1507,1507,1508,8,8
1508,1508,1509,8,8
1509,1509,1510,8,8
1510,1510,1511,8,8
1511,1511,1512,8,8
1512,1512,1360,8,8
1513,325,326,9,2
1513,1513,1514,9,9
1514,326,327,9,2
1514,339,340,9,2
1514,1514,1515,9,9
1515,327,328,9,2
1515,340,341,9,2
1515,1515,1516,9,9
1516,1516,1517,9,9
1517,1517,1518,9,9
1518,1518,1519,9,9
1519,1519,1520,9,9
1520,1520,1521,9,9
1521,1521,1522,9,9
1521,3020,3021,9,14
1522,336,337,9,2
1522,1522,1523,9,9
1523,337,338,9,2
1523,350,351,9,2
1523,1523,1524,9,9
1524,338,339,9,2
1524,351,352,9,2
1524,1524,1525,9,9
1525,1525,1526,9,9
1526,1526,1527,9,9
1527,1527,1528,9,9
1528,1528,1529,9,9
1529,1529,1530,9,9
1530,1530,1531,9,9
1530,3405,3406,9,14
1531,347,348,9,2
1531,1531,1532,9,9
1532,348,349,9,2
1532,361,362,9,2
1532,1532,1533,9,9
1533,349,350,9,2
1533,362,363,9,2
1533,1533,1534,9,9
1534,1534,1535,9,9
1535,1535,1536,9,9
1536,1536,1537,9,9
1537,1537,1538,9,9
1538,1538,1539,9,9
1539,1539,1540,9,9
1539,2481,2482,9,14
1540,358,359,9,2
1540,1540,1541,9,9
1541,359,360,9,2
1541,372,373,9,2
1541,1541,1542,9,9
1542,360,361,9,2
1542,373,374,9,2
1542,1542,1543,9,9
1543,1543,1544,9,9
1544,1544,1545,9,9
1545,1545,1546,9,9
1546,1546,1547,9,9
1547,1547,1548,9,9
1548,1548,1549,9,9
1548,2866,2867,9,14
1549,369,370,9,2
1549,1549,1550,9,9
1550,370,371,9,2
1550,383,384,9,2
1550,1550,1551,9,9
1551,371,372,9,2
1551,384,385,9,2
1551,1551,1552,9,9
1552,1552,1553,9,9
1553,1553,1554,9,9
1554,1554,1555,9,9
1555,1555,1556,9,9
1556,1556,1557,9,9
1557,1557,1558,9,9
1557,3251,3252,9,14
1558,380,381,9,2
1558,1558,1559,9,9
1559,381,382,9,2
1559,394,395,9,2
1559,1559,1560,9,9
1560,382,383,9,2
1560,395,396,9,2
1560,1560,1561,9,9
1561,1561,1562,9,9
1562,1562,1563,9,9
1563,1563,1564,9,9
1564,1564,1565,9,9
1565,1565,1566,9,9
1566,1566,1567,9,9
1566,2327,2328,9,14
1567,391,392,9,2
1567,1567,1568,9,9
1568,392,393,9,2
1568,405,406,9,2
1568,1568,1569,9,9
1569,393,394,9,2
1569,406,407,9,2
1569,1569,1570,9,9
1570,1570,1571,9,9
1571,1571,1572,9,9
1572,1572,1573,9,9
1573,1573,1574,9,9
1574,1574,1575,9,9
1575,1575,1576,9,9
1575,2712,2713,9,14
1576,402,403,9,2
1576,1576,1577,9,9
1577,403,404,9,2
1577,416,417,9,2
1577,1577,1578,9,9
1578,404,405,9,2
1578,417,418,9,2
1578,1578,1579,9,9
1579,1579,1580,9,9
1580,1580,1581,9,9
1581,1581,1582,9,9
1582,1582,1583,9,9
1583,1583,1584,9,9
1584,1584,1585,9,9
1584,3097,3098,9,14
1585,413,414,9,2
1585,1585,1586,9,9
1586,240,241,9,2
1586,414,415,9,2
1586,1586,1587,9,9
1587,241,242,9,2
1587,415,416,9,2
1587,1587,1588,9,9
1588,1588,1589,9,9
1589,1589,1590,9,9
1590,1590,1591,9,9
1591,1591,1592,9,9
1592,1592,1593,9,9
1593,1593,1594,9,9
1593,3482,3483,9,14
1594,424,238,9,2
1594,1594,1595,9,9
1595,238,239,9,2
1595,251,252,9,2
1595,1595,1596,9,9
1596,239,240,9,2
1596,252,253,9,2
1596,1596,1597,9,9
1597,1597,1598,9,9
1598,1598,1599,9,9
1599,1599,1600,9,9
1600,1600,1601,9,9
1601,1601,1602,9,9
1602,1602,1603,9,9
1602,2558,2559,9,14
1603,248,249,9,2
1603,1603,1604,9,9
1604,249,250,9,2
1604,262,263,9,2
1604,1604,1605,9,9
1605,250,251,9,2
1605,263,264,9,2
1605,1605,1606,9,9
1606,1606,1607,9,9
1607,1607,1608,9,9
1608,1608,1609,9,9
1609,1609,1610,9,9
1610,1610,1611,9,9
1611,1611,1612,9,9
1611,2943,2944,9,14
1612,259,260,9,2
1612,1612,1613,9,9
1613,260,261,9,2
1613,273,274,9,2
1613,1613,1614,9,9
1614,261,262,9,2
1614,274,275,9,2
1614,1614,1615,9,9
1615,1615,1616,9,9
1616,1616,1617,9,9
1617,1617,1618,9,9
1618,1618,1619,9,9
1619,1619,1620,9,9
1620,1620,1621,9,9
1620,3328,3329,9,14
1621,270,271,9,2
1621,1621,1622,9,9
1622,271,272,9,2
1622,284,285,9,2
1622,1622,1623,9,9
1623,272,273,9,2
1623,285,286,9,2
1623,1623,1624,9,9
1624,1624,1625,9,9
1625,1625,1626,9,9
1626,1626,1627,9,9
1627,1627,1628,9,9
1628,1628,1629,9,9
1629,1629,1630,9,9
1629,2404,2405,9,14
1630,281,282,9,2
1630,1630,1631,9,9
1631,282,283,9,2
1631,295,296,9,2
1631,1631,1632,9,9
1632,283,284,9,2
1632,296,297,9,2
1632,1632,1633,9,9
1633,1633,1634,9,9
1634,1634,1635,9,9
1635,1635,1636,9,9
1636,1636,1637,9,9
1637,1637,1638,9,9
1638,1638,1639,9,9
1638,2789,2790,9,14
1639,292,293,9,2
1639,1639,1640,9,9
1640,293,294,9,2
1640,306,307,9,2
1640,1640,1641,9,9
1641,294,295,9,2
1641,307,308,9,2
1641,1641,1642,9,9
1642,1642,1643,9,9
1643,1643,1644,9,9
1644,1644,1645,9,9
1645,1645,1646,9,9
1646,1646,1647,9,9
1647,1647,1648,9,9
1647,3174,3175,9,14
1648,303,304,9,2
1648,1648,1649,9,9
1649,304,305,9,2
1649,317,318,9,2
1649,1649,1650,9,9
1650,305,306,9,2
1650,318,319,9,2
1650,1650,1651,9,9
1651,1651,1652,9,9
1652,1652,1653,9,9
1653,1653,1654,9,9
1654,1654,1655,9,9
1655,1655,1656,9,9
1656,1656,1657,9,9
1656,3559,3560,9,14
1657,314,315,9,2
1657,1657,1658,9,9
1658,315,316,9,2
1658,328,329,9,2
1658,1658,1659,9,9
1659,316,317,9,2
1659,329,330,9,2
1659,1659,1660,9,9
1660,1660,1661,9,9
1661,1661,1662,9,9
1662,1662,1663,9,9
1663,1663,1664,9,9
1664,1664,1665,9,9
1665,1665,1513,9,9
1665,2635,2636,9,14
1666,1666,1667,10,10
1667,900,901,10,5
1667,1667,1668,10,10
1668,340,341,10,2
1668,514,515,10,3
1668,901,902,10,5
1668,1668,1669,10,10
1669,341,342,10,2
1669,1669,1670,10,10
1670,1670,1671,10,10
1671,1671,1672,10,10
1672,1672,1673,10,10
1673,1673,1674,10,10
1674,1674,1675,10,10
1675,1675,1676,10,10
1676,911,912,10,5
1676,1676,1677,10,10
1677,351,352,10,2
1677,525,526,10,3
1677,912,913,10,5
1677,1677,1678,10,10
1678,352,353,10,2
1678,1678,1679,10,10
1679,1679,1680,10,10
1680,1680,1681,10,10
1681,1681,1682,10,10
1682,1682,1683,10,10
1683,1683,1684,10,10
1684,1684,1685,10,10
1685,922,923,10,5
1685,1685,1686,10,10
1686,362,363,10,2
1686,536,537,10,3
1686,923,924,10,5
1686,1686,1687,10,10
1687,363,364,10,2
1687,1687,1688,10,10
1688,1688,1689,10,10
1689,1689,1690,10,10
1690,1690,1691,10,10
1691,1691,1692,10,10
1692,1692,1693,10,10
1693,1693,1694,10,10
1694,933,934,10,5
1694,1694,1695,10,10
1695,373,374,10,2
1695,547,548,10,3
1695,934,935,10,5
1695,1695,1696,10,10
1696,374,375,10,2
1696,1696,1697,10,10
1697,1697,1698,10,10
1698,1698,1699,10,10
1699,1699,1700,10,10
1700,1700,1701,10,10
1701,1701,1702,10,10
1702,1702,1703,10,10
1703,944,945,10,5
1703,1703,1704,10,10
1704,384,385,10,2
1704,558,559,10,3
1704,945,946,10,5
1704,1704,1705,10,10
1705,385,386,10,2
1705,1705,1706,10,10
1706,1706,1707,10,10
1707,1707,1708,10,10
1708,1708,1709,10,10
1709,1709,1710,10,10
1710,1710,1711,10,10
1711,1711,1712,10,10
1712,955,956,10,5
1712,1712,1713,10,10
1713,395,396,10,2
1713,569,570,10,3
1713,956,957,10,5
1713,1713,1714,10,10
1714,396,397,10,2
1714,1714,1715,10,10
1715,1715,1716,10,10
1716,1716,1717,10,10
1717,1717,1718,10,10
1718,1718,1719,10,10
1719,1719,1720,10,10
1720,1720,1721,10,10
1721,966,967,10,5
1721,1721,1722,10,10
1722,406,407,10,2
1722,580,581,10,3
1722,967,968,10,5
1722,1722,1723,10,10
1723,407,408,10,2
1723,1723,1724,10,10
1724,1724,1725,10,10
1725,1725,1726,10,10
1726,1726,1727,10,10
1727,1727,1728,10,10
1728,1728,1729,10,10
1729,1729,1730,10,10
1730,977,978,10,5
1730,1730,1731,10,10
1731,417,418,10,2
1731,591,592,10,3
1731,978,979,10,5
1731,1731,1732,10,10
1732,418,419,10,2
1732,1732,1733,10,10
1733,1733,1734,10,10
1734,1734,1735,10,10
1735,1735,1736,10,10
1736,1736,1737,10,10
1737,1737,1738,10,10
1738,1738,1739,10,10
1739,801,802,10,5
1739,1739,1740,10,10
1740,241,242,10,2
1740,602,603,10,3
1740,802,803,10,5
1740,1740,1741,10,10
1741,242,243,10,2
1741,1741,1742,10,10
1742,1742,1743,10,10
1743,1743,1744,10,10
1744,1744,1745,10,10
1745,1745,1746,10,10
1746,1746,1747,10,10
1747,1747,1748,10,10
1748,812,813,10,5
1748,1748,1749,10,10
1749,252,253,10,2
1749,426,427,10,3
1749,813,814,10,5
1749,1749,1750,10,10
1750,253,254,10,2
1750,1750,1751,10,10
1751,1751,1752,10,10
1752,1752,1753,10,10
1753,1753,1754,10,10
1754,1754,1755,10,10
1755,1755,1756,10,10
1756,1756,1757,10,10
1757,823,824,10,5
1757,1757,1758,10,10
1758,263,264,10,2
1758,437,438,10,3
1758,824,825,10,5
1758,1758,1759,10,10
1759,264,265,10,2
1759,1759,1760,10,10
1760,1760,1761,10,10
1761,1761,1762,10,10
1762,1762,1763,10,10
1763,1763,1764,10,10
1764,1764,1765,10,10
1765,1765,1766,10,10
1766,834,835,10,5
1766,1766,1767,10,10
1767,274,275,10,2
1767,448,449,10,3
1767,835,836,10,5
1767,1767,1768,10,10
1768,275,276,10,2
1768,1768,1769,10,10
1769,1769,1770,10,10
1770,1770,1771,10,10
1771,1771,1772,10,10
1772,1772,1773,10,10
1773,1773,1774,10,10
1774,1774,1775,10,10
1775,845,846,10,5
1775,1775,1776,10,10
1776,285,286,10,2
1776,459,460,10,3
1776,846,847,10,5
1776,1776,1777,10,10
1777,286,287,10,2
1777,1777,1778,10,10
1778,1778,1779,10,10
1779,1779,1780,10,10
1780,1780,1781,10,10
1781,1781,1782,10,10
1782,1782,1783,10,10
1783,1783,1784,10,10
1784,856,857,10,5
1784,1784,1785,10,10
1785,296,297,10,2
1785,470,471,10,3
1785,857,858,10,5
1785,1785,1786,10,10
1786,297,298,10,2
1786,1786,1787,10,10
1787,1787,1788,10,10
1788,1788,1789,10,10
1789,1789,1790,10,10
1790,1790,1791,10,10
1791,1791,1792,10,10
1792,1792,1793,10,10
1793,867,868,10,5
1793,1793,1794,10,10
1794,307,308,10,2
1794,481,482,10,3
1794,868,869,10,5
1794,1794,1795,10,10
1795,308,309,10,2
1795,1795,1796,10,10
1796,1796,1797,10,10
1797,1797,1798,10,10
1798,1798,1799,10,10
1799,1799,1800,10,10
1800,1800,1801,10,10
1801,1801,1802,10,10
1802,878,879,10,5
1802,1802,1803,10,10
1803,318,319,10,2
1803,492,493,10,3
1803,879,880,10,5
1803,1803,1804,10,10
1804,319,320,10,2
1804,1804,1805,10,10
1805,1805,1806,10,10
1806,1806,1807,10,10
1807,1807,1808,10,10
1808,1808,1809,10,10
1809,1809,1810,10,10
1810,1810,1811,10,10
1811,889,890,10,5
1811,1811,1812,10,10
1812,329,330,10,2
1812,503,504,10,3
1812,890,891,10,5
1812,1812,1813,10,10
1813,330,331,10,2
1813,1813,1814,10,10
1814,1814,1815,10,10
1815,1815,1816,10,10
1816,1816,1817,10,10
1817,1817,1818,10,10
1818,1818,1666,10,10
1819,1819,1820,11,11
1820,1087,1088,11,6
1820,1820,1821,11,11
1821,1088,1089,11,6
1821,1821,1822,11,11
1822,341,342,11,2
1822,1822,1823,11,11
1823,342,343,11,2
1823,1823,1824,11,11
1824,1824,1825,11,11
1825,1825,1826,11,11
1826,1826,1827,11,11
1827,1827,1828,11,11
1828,1828,1829,11,11
1829,1098,1099,11,6
1829,1829,1830,11,11
1830,1099,1100,11,6
1830,1830,1831,11,11
1831,352,353,11,2
1831,1831,1832,11,11
1832,353,354,11,2
1832,1832,1833,11,11
1833,1833,1834,11,11
1834,1834,1835,11,11
1835,1835,1836,11,11
1836,1836,1837,11,11
1837,1837,1838,11,11
1838,1109,1110,11,6
1838,1838,1839,11,11
1839,1110,1111,11,6
1839,1839,1840,11,11
1840,363,364,11,2
1840,1840,1841,11,11
1841,364,365,11,2
1841,1841,1842,11,11
1842,1842,1843,11,11
1843,1843,1844,11,11
1844,1844,1845,11,11
1845,1845,1846,11,11
1846,1846,1847,11,11
1847,1120,1121,11,6
1847,1847,1848,11,11
1848,1121,1122,11,6
1848,1848,1849,11,11
1849,374,375,11,2
1849,1849,1850,11,11
1850,375,376,11,2
1850,1850,1851,11,11
1851,1851,1852,11,11
1852,1852,1853,11,11
1853,1853,1854,11,11
1854,1854,1855,11,11
1855,1855,1856,11,11
1856,1131,1132,11,6
1856,1856,1857,11,11
1857,1132,1133,11,6
1857,1857,1858,11,11
1858,385,386,11,2
1858,1858,1859,11,11
1859,386,387,11,2
1859,1859,1860,11,11
1860,1860,1861,11,11
1861,1861,1862,11,11
1862,1862,1863,11,11
1863,1863,1864,11,11
1864,1864,1865,11,11
1865,1142,1143,11,6
1865,1865,1866,11,11
1866,1143,1144,11,6
1866,1866,1867,11,11
1867,396,397,11,2
1867,1867,1868,11,11
1868,397,398,11,2
1868,1868,1869,11,11
1869,1869,1870,11,11
1870,1870,1871,11,11
1871,1871,1872,11,11
1872,1872,1873,11,11
1873,1873,1874,11,11
1874,1153,1154,11,6
1874,1874,1875,11,11
1875,1154,1155,11,6
1875,1875,1876,11,11
1876,407,408,11,2
1876,1876,1877,11,11
1877,408,409,11,2
1877,1877,1878,11,11
1878,1878,1879,11,11
1879,1879,1880,11,11
1880,1880,1881,11,11
1881,1881,1882,11,11
1882,1882,1883,11,11
1883,1164,1165,11,6
1883,1883,1884,11,11
1884,1165,1166,11,6
1884,1884,1885,11,11
1885,418,419,11,2
1885,1885,1886,11,11
1886,419,420,11,2
1886,1886,1887,11,11
1887,1887,1888,11,11
1888,1888,1889,11,11
1889,1889,1890,11,11
1890,1890,1891,11,11
1891,1891,1892,11,11
1892,988,989,11,6
1892,1892,1893,11,11
1893,989,990,11,6
1893,1893,1894,11,11
1894,242,243,11,2
1894,1894,1895,11,11
1895,243,244,11,2
1895,1895,1896,11,11
1896,1896,1897,11,11
1897,1897,1898,11,11
1898,1898,1899,11,11
1899,1899,1900,11,11
1900,1900,1901,11,11
1901,999,1000,11,6
1901,1901,1902,11,11
1902,1000,1001,11,6
1902,1902,1903,11,11
1903,253,254,11,2
1903,1903,1904,11,11
1904,254,255,11,2
1904,1904,1905,11,11
1905,1905,1906,11,11
1906,1906,1907,11,11
1907,1907,1908,11,11
1908,1908,1909,11,11
1909,1909,1910,11,11
1910,1010,1011,11,6
1910,1910,1911,11,11
1911,1011,1012,11,6
1911,1911,1912,11,11
1912,264,265,11,2
1912,1912,1913,11,11
1913,265,266,11,2
1913,1913,1914,11,11
1914,1914,1915,11,11
1915,1915,1916,11,11
1916,1916,1917,11,11
1917,1917,1918,11,11
1918,1918,1919,11,11
1919,1021,1022,11,6
1919,1919,1920,11,11
1920,1022,1023,11,6
1920,1920,1921,11,11
1921,275,276,11,2
1921,1921,1922,11,11
1922,276,277,11,2
1922,1922,1923,11,11
1923,1923,1924,11,11
1924,1924,1925,11,11
1925,1925,1926,11,11
1926,1926,1927,11,11
1927,1927,1928,11,11
1928,1032,1033,11,6
1928,1928,1929,11,11
1929,1033,1034,11,6
1929,1929,1930,11,11
1930,286,287,11,2
1930,1930,1931,11,11
1931,287,288,11,2
1931,1931,1932,11,11
1932,1932,1933,11,11
1933,1933,1934,11,11
1934,1934,1935,11,11
1935,1935,1936,11,11
1936,1936,1937,11,11
1937,1043,1044,11,6
1937,1937,1938,11,11
1938,1044,1045,11,6
1938,1938,1939,11,11
1939,297,298,11,2
1939,1939,1940,11,11
1940,298,299,11,2
1940,1940,1941,11,11
1941,1941,1942,11,11
1942,1942,1943,11,11
1943,1943,1944,11,11
1944,1944,1945,11,11
1945,1945,1946,11,11
1946,1054,1055,11,6
1946,1946,1947,11,11
1947,1055,1056,11,6
1947,1947,1948,11,11
1948,308,309,11,2
1948,1948,1949,11,11
1949,309,310,11,2
1949,1949,1950,11,11
1950,1950,1951,11,11
1951,1951,1952,11,11
1952,1952,1953,11,11
1953,1953,1954,11,11
1954,1954,1955,11,11
1955,1065,1066,11,6
1955,1955,1956,11,11
1956,1066,1067,11,6
1956,1956,1957,11,11
1957,319,320,11,2
1957,1957,1958,11,11
1958,320,321,11,2
1958,1958,1959,11,11
1959,1959,1960,11,11
1960,1960,1961,11,11
1961,1961,1962,11,11
1962,1962,1963,11,11
1963,1963,1964,11,11
1964,1076,1077,11,6
1964,1964,1965,11,11
1965,1077,1078,11,6
1965,1965,1966,11,11
1966,330,331,11,2
1966,1966,1967,11,11
1967,331,332,11,2
1967,1967,1968,11,11
1968,1968,1969,11,11
1969,1969,1970,11,11
1970,1970,1971,11,11
1971,1971,1819,11,11
1972,1972,1973,12,12
1973,1274,1275,12,7
1973,1973,1974,12,12
1974,1275,1276,12,7
1974,1974,1975,12,12
1975,1975,1976,12,12
1976,342,343,12,2
1976,1976,1977,12,12
1977,343,344,12,2
1977,1977,1978,12,12
1978,1978,1979,12,12
1979,1979,1980,12,12
1980,1980,1981,12,12
1980,2530,2531,12,14
1981,1981,1982,12,12
1982,1285,1286,12,7
1982,1982,1983,12,12
1983,1286,1287,12,7
1983,1983,1984,12,12
1984,1984,1985,12,12
1985,353,354,12,2
1985,1985,1986,12,12
1986,354,355,12,2
1986,1986,1987,12,12
1987,1987,1988,12,12
1988,1988,1989,12,12
1989,1989,1990,12,12
1989,2915,2916,12,14
1990,1990,1991,12,12
1991,1296,1297,12,7
1991,1991,1992,12,12
1992,1297,1298,12,7
1992,1992,1993,12,12
1993,1993,1994,12,12
1994,364,365,12,2
1994,1994,1995,12,12
1995,365,366,12,2
1995,1995,1996,12,12
1996,1996,1997,12,12
1997,1997,1998,12,12
1998,1998,1999,12,12
1998,3300,3301,12,14
1999,1999,2000,12,12
2000,1307,1308,12,7
2000,2000,2001,12,12
2001,1308,1309,12,7
2001,2001,2002,12,12
2002,2002,2003,12,12
2003,375,376,12,2
2003,2003,2004,12,12
2004,376,377,12,2
2004,2004,2005,12,12
2005,2005,2006,12,12
2006,2006,2007,12,12
2007,2007,2008,12,12
2007,2376,2377,12,14
2008,2008,2009,12,12
2009,1318,1319,12,7
2009,2009,2010,12,12
2010,1319,1320,12,7
2010,2010,2011,12,12
2011,2011,2012,12,12
2012,386,387,12,2
2012,2012,2013,12,12
2013,387,388,12,2
2013,2013,2014,12,12
2014,2014,2015,12,12
2015,2015,2016,12,12
2016,2016,2017,12,12
2016,2761,2762,12,14
2017,2017,2018,12,12
2018,1329,1330,12,7
2018,2018,2019,12,12
2019,1330,1331,12,7
2019,2019,2020,12,12
2020,2020,2021,12,12
2021,397,398,12,2
2021,2021,2022,12,12
2022,398,399,12,2
2022,2022,2023,12,12
2023,2023,2024,12,12
2024,2024,2025,12,12
2025,2025,2026,12,12
2025,3146,3147,12,14
2026,2026,2027,12,12
2027,1340,1341,12,7
2027,2027,2028,12,12
2028,1341,1342,12,7
2028,2028,2029,12,12
2029,2029,2030,12,12
2030,408,409,12,2
2030,2030,2031,12,12
2031,409,410,12,2
2031,2031,2032,12,12
2032,2032,2033,12,12
2033,2033,2034,12,12
2034,2034,2035,12,12
2034,3531,3532,12,14
2035,2035,2036,12,12
2036,1351,1352,12,7
2036,2036,2037,12,12
2037,1352,1353,12,7
2037,2037,2038,12,12
2038,2038,2039,12,12
2039,419,420,12,2
2039,2039,2040,12,12
2040,420,421,12,2
2040,2040,2041,12,12
2041,2041,2042,12,12
2042,2042,2043,12,12
2043,2043,2044,12,12
2043,2607,2608,12,14
2044,2044,2045,12,12
2045,1175,1176,12,7
2045,2045,2046,12,12
2046,1176,1177,12,7
2046,2046,2047,12,12
2047,2047,2048,12,12
2048,243,244,12,2
2048,2048,2049,12,12
2049,244,245,12,2
2049,2049,2050,12,12
2050,2050,2051,12,12
2051,2051,2052,12,12
2052,2052,2053,12,12
2052,2992,2993,12,14
2053,2053,2054,12,12
2054,1186,1187,12,7
2054,2054,2055,12,12
2055,1187,1188,12,7
2055,2055,2056,12,12
2056,2056,2057,12,12
2057,254,255,12,2
2057,2057,2058,12,12
2058,255,256,12,2
2058,2058,2059,12,12
2059,2059,2060,12,12
2060,2060,2061,12,12
2061,2061,2062,12,12
2061,3377,3378,12,14
2062,2062,2063,12,12
2063,1197,1198,12,7
2063,2063,2064,12,12
2064,1198,1199,12,7
2064,2064,2065,12,12
2065,2065,2066,12,12
2066,265,266,12,2
2066,2066,2067,12,12
2067,266,267,12,2
2067,2067,2068,12,12
2068,2068,2069,12,12
2069,2069,2070,12,12
2070,2070,2071,12,12
2070,2453,2454,12,14
2071,2071,2072,12,12
2072,1208,1209,12,7
2072,2072,2073,12,12
2073,1209,1210,12,7
2073,2073,2074,12,12
2074,2074,2075,12,12
2075,276,277,12,2
2075,2075,2076,12,12
2076,277,278,12,2
2076,2076,2077,12,12
2077,2077,2078,12,12
2078,2078,2079,12,12
2079,2079,2080,12,12
2079,2838,2839,12,14
2080,2080,2081,12,12
2081,1219,1220,12,7
2081,2081,2082,12,12
2082,1220,1221,12,7
2082,2082,2083,12,12
2083,2083,2084,12,12
2084,287,288,12,2
2084,2084,2085,12,12
2085,288,289,12,2
2085,2085,2086,12,12
2086,2086,2087,12,12
2087,2087,2088,12,12
2088,2088,2089,12,12
2088,3223,3224,12,14
2089,2089,2090,12,12
2090,1230,1231,12,7
2090,2090,2091,12,12
2091,1231,1232,12,7
2091,2091,2092,12,12
2092,2092,2093,12,12
2093,298,299,12,2
2093,2093,2094,12,12
2094,299,300,12,2
2094,2094,2095,12,12
2095,2095,2096,12,12
2096,2096,2097,12,12
2097,2097,2098,12,12
2097,2299,2300,12,14
2098,2098,2099,12,12
2099,1241,1242,12,7
2099,2099,2100,12,12
2100,1242,1243,12,7
2100,2100,2101,12,12
2101,2101,2102,12,12
2102,309,310,12,2
2102,2102,2103,12,12
2103,310,311,12,2
2103,2103,2104,12,12
2104,2104,2105,12,12
2105,2105,2106,12,12
2106,2106,2107,12,12
2106,2684,2685,12,14
2107,2107,2108,12,12
2108,1252,1253,12,7
2108,2108,2109,12,12
2109,1253,1254,12,7
2109,2109,2110,12,12
2110,2110,2111,12,12
2111,320,321,12,2
2111,2111,2112,12,12
2112,321,322,12,2
2112,2112,2113,12,12
2113,2113,2114,12,12
2114,2114,2115,12,12
2115,2115,2116,12,12
2115,3069,3070,12,14
2116,2116,2117,12,12
2117,1263,1264,12,7
2117,2117,2118,12,12
2118,1264,1265,12,7
2118,2118,2119,12,12
2119,2119,2120,12,12
2120,331,332,12,2
2120,2120,2121,12,12
2121,332,333,12,2
2121,2121,2122,12,12
2122,2122,2123,12,12
2123,2123,2124,12,12
2124,2124,1972,12,12
2124,3454,3455,12,14
2125,2125,2126,13,13
2126,1224,1225,13,7
2126,2126,2127,13,13
2127,1225,1226,13,7
2127,2127,2128,13,13
2128,2128,2129,13,13
2129,2129,2130,13,13
2130,343,344,13,2
2130,2130,2131,13,13
2131,344,345,13,2
2131,2131,2132,13,13
2132,2132,2133,13,13
2133,2133,2134,13,13
2133,2803,2804,13,14
2134,2134,2135,13,13
2135,1235,1236,13,7
2135,2135,2136,13,13
2136,1236,1237,13,7
2136,2136,2137,13,13
2137,2137,2138,13,13
2138,2138,2139,13,13
2139,354,355,13,2
2139,2139,2140,13,13
2140,355,356,13,2
2140,2140,2141,13,13
2141,2141,2142,13,13
2142,2142,2143,13,13
2142,3188,3189,13,14
2143,2143,2144,13,13
2144,1246,1247,13,7
2144,2144,2145,13,13
2145,1247,1248,13,7
2145,2145,2146,13,13
2146,2146,2147,13,13
2147,2147,2148,13,13
2148,365,366,13,2
2148,2148,2149,13,13
2149,366,367,13,2
2149,2149,2150,13,13
2150,2150,2151,13,13
2151,2151,2152,13,13
2151,3573,3574,13,14
2152,2152,2153,13,13
2153,1257,1258,13,7
2153,2153,2154,13,13
2154,1258,1259,13,7
2154,2154,2155,13,13
2155,2155,2156,13,13
2156,2156,2157,13,13
2157,376,377,13,2
2157,2157,2158,13,13
2158,377,378,13,2
2158,2158,2159,13,13
2159,2159,2160,13,13
2160,2160,2161,13,13
2160,2649,2650,13,14
2161,2161,2162,13,13
2162,1268,1269,13,7
2162,2162,2163,13,13
2163,1269,1270,13,7
2163,2163,2164,13,13
2164,2164,2165,13,13
2165,2165,2166,13,13
2166,387,388,13,2
2166,2166,2167,13,13
2167,388,389,13,2
2167,2167,2168,13,13
2168,2168,2169,13,13
2169,2169,2170,13,13
2169,3034,3035,13,14
2170,2170,2171,13,13
2171,1279,1280,13,7
2171,2171,2172,13,13
2172,1280,1281,13,7
2172,2172,2173,13,13
2173,2173,2174,13,13
2174,2174,2175,13,13
2175,398,399,13,2
2175,2175,2176,13,13
2176,399,400,13,2
2176,2176,2177,13,13
2177,2177,2178,13,13
2178,2178,2179,13,13
2178,3419,3420,13,14
2179,2179,2180,13,13
2180,1290,1291,13,7
2180,2180,2181,13,13
2181,1291,1292,13,7
2181,2181,2182,13,13
2182,2182,2183,13,13
2183,2183,2184,13,13
2184,409,410,13,2
2184,2184,2185,13,13
2185,410,411,13,2
2185,2185,2186,13,13
2186,2186,2187,13,13
2187,2187,2188,13,13
2187,2495,2496,13,14
2188,2188,2189,13,13
2189,1301,1302,13,7
2189,2189,2190,13,13
2190,1302,1303,13,7
2190,2190,2191,13,13
2191,2191,2192,13,13
2192,2192,2193,13,13
2193,420,421,13,2
2193,2193,2194,13,13
2194,421,422,13,2
2194,2194,2195,13,13
2195,2195,2196,13,13
2196,2196,2197,13,13
2196,2880,2881,13,14
2197,2197,2198,13,13
2198,1312,1313,13,7
2198,2198,2199,13,13
2199,1313,1314,13,7
2199,2199,2200,13,13
2200,2200,2201,13,13
2201,2201,2202,13,13
2202,244,245,13,2
2202,2202,2203,13,13
2203,245,246,13,2
2203,2203,2204,13,13
2204,2204,2205,13,13
2205,2205,2206,13,13
2205,3265,3266,13,14
2206,2206,2207,13,13
2207,1323,1324,13,7
2207,2207,2208,13,13
2208,1324,1325,13,7
2208,2208,2209,13,13
2209,2209,2210,13,13
2210,2210,2211,13,13
2211,255,256,13,2
2211,2211,2212,13,13
2212,256,257,13,2
2212,2212,2213,13,13
2213,2213,2214,13,13
2214,2214,2215,13,13
2214,2341,2342,13,14
2215,2215,2216,13,13
2216,1334,1335,13,7
2216,2216,2217,13,13
2217,1335,1336,13,7
2217,2217,2218,13,13
2218,2218,2219,13,13
2219,2219,2220,13,13
2220,266,267,13,2
2220,2220,2221,13,13
2221,267,268,13,2
2221,2221,2222,13,13
2222,2222,2223,13,13
2223,2223,2224,13,13
2223,2726,2727,13,14
2224,2224,2225,13,13
2225,1345,1346,13,7
2225,2225,2226,13,13
2226,1346,1347,13,7
2226,2226,2227,13,13
2227,2227,2228,13,13
2228,2228,2229,13,13
2229,277,278,13,2
2229,2229,2230,13,13
2230,278,279,13,2
2230,2230,2231,13,13
2231,2231,2232,13,13
2232,2232,2233,13,13
2232,3111,3112,13,14
2233,2233,2234,13,13
2234,1356,1357,13,7
2234,2234,2235,13,13
2235,1357,1358,13,7
2235,2235,2236,13,13
2236,2236,2237,13,13
2237,2237,2238,13,13
2238,288,289,13,2
2238,2238,2239,13,13
2239,289,290,13,2
2239,2239,2240,13,13
2240,2240,2241,13,13
2241,2241,2242,13,13
2241,3496,3497,13,14
2242,2242,2243,13,13
2243,1180,1181,13,7
2243,2243,2244,13,13
2244,1181,1182,13,7
2244,2244,2245,13,13
2245,2245,2246,13,13
2246,2246,2247,13,13
2247,299,300,13,2
2247,2247,2248,13,13
2248,300,301,13,2
2248,2248,2249,13,13
2249,2249,2250,13,13
2250,2250,2251,13,13
2250,2572,2573,13,14
2251,2251,2252,13,13
2252,1191,1192,13,7
2252,2252,2253,13,13
2253,1192,1193,13,7
2253,2253,2254,13,13
2254,2254,2255,13,13
2255,2255,2256,13,13
2256,310,311,13,2
2256,2256,2257,13,13
2257,311,312,13,2
2257,2257,2258,13,13
2258,2258,2259,13,13
2259,2259,2260,13,13
2259,2957,2958,13,14
2260,2260,2261,13,13
2261,1202,1203,13,7
2261,2261,2262,13,13
2262,1203,1204,13,7
2262,2262,2263,13,13
2263,2263,2264,13,13
2264,2264,2265,13,13
2265,321,322,13,2
2265,2265,2266,13,13
2266,322,323,13,2
2266,2266,2267,13,13
2267,2267,2268,13,13
2268,2268,2269,13,13
2268,3342,3343,13,14
2269,2269,2270,13,13
2270,1213,1214,13,7
2270,2270,2271,13,13
2271,1214,1215,13,7
2271,2271,2272,13,13
2272,2272,2273,13,13
2273,2273,2274,13,13
2274,332,333,13,2
2274,2274,2275,13,13
2275,333,334,13,2
2275,2275,2276,13,13
2276,2276,2277,13,13
2277,2277,2125,13,13
2277,2418,2419,13,14
2278,2278,2279,14,14
2279,2279,2280,14,14
2280,2280,2281,14,14
2281,2281,2282,14,14
2282,2282,2283,14,14
2283,2283,2284,14,14
2284,2284,2285,14,14
2284,5192,5193,14,25
2285,2285,2286,14,14
2286,2286,2287,14,14
2287,1489,1490,14,8
2287,2287,2288,14,14
2288,2288,2289,14,14
2289,2289,2290,14,14
2290,2290,2291,14,14
2291,2291,2292,14,14
2292,2292,2293,14,14
2293,2293,2294,14,14
2294,2294,2295,14,14
2295,1499,1500,14,8
2295,2295,2296,14,14
2296,1500,1501,14,8
2296,2296,2297,14,14
2297,2297,2298,14,14
2298,2298,2299,14,14
2299,2299,2300,14,14
2300,2300,2301,14,14
2301,2301,2302,14,14
2302,2302,2303,14,14
2303,2303,2304,14,14
2304,1510,1511,14,8
2304,2304,2305,14,14
2305,1511,1512,14,8
2305,2305,2306,14,14
2306,2306,2307,14,14
2307,2307,2308,14,14
2308,2308,2309,14,14
2309,2309,2310,14,14
2310,2310,2311,14,14
2311,2311,2312,14,14
2312,2312,2313,14,14
2313,1368,1369,14,8
2313,2313,2314,14,14
2314,1369,1370,14,8
2314,2314,2315,14,14
2315,2315,2316,14,14
2316,2316,2317,14,14
2317,2317,2318,14,14
2318,2318,2319,14,14
2319,2319,2320,14,14
2319,5182,5183,14,25
2320,2320,2321,14,14
2321,2321,2322,14,14
2322,2322,2323,14,14
2323,2323,2324,14,14
2324,2324,2325,14,14
2325,2325,2326,14,14
2326,2326,2327,14,14
2327,2327,2328,14,14
2328,2328,2329,14,14
2329,1471,1472,14,8
2329,2329,2330,14,14
2330,1472,1473,14,8
2330,2330,2331,14,14
2331,2331,2332,14,14
2332,2332,2333,14,14
2333,2333,2334,14,14
2334,2334,2335,14,14
2335,2335,2336,14,14
2336,2336,2337,14,14
2337,2337,2338,14,14
2338,1482,1483,14,8
2338,2338,2339,14,14
2339,1483,1484,14,8
2339,2339,2340,14,14
2340,2340,2341,14,14
2341,2341,2342,14,14
2342,2342,2343,14,14
2343,2343,2344,14,14
2344,2344,2345,14,14
2345,2345,2346,14,14
2346,2346,2347,14,14
2347,1493,1494,14,8
2347,2347,2348,14,14
2348,1494,1495,14,8
2348,2348,2349,14,14
2349,2349,2350,14,14
2350,2350,2351,14,14
2351,2351,2352,14,14
2352,2352,2353,14,14
2353,2353,2354,14,14
2354,2354,2355,14,14
2355,2355,2356,14,14
2356,2356,2357,14,14
2357,2357,2358,14,14
2358,2358,2359,14,14
2359,2359,2360,14,14
2360,2360,2361,14,14
2361,2361,2362,14,14
2361,5147,5148,14,25
2362,2362,2363,14,14
2363,2363,2364,14,14
2364,1444,1445,14,8
2364,2364,2365,14,14
2365,2365,2366,14,14
2366,2366,2367,14,14
2367,2367,2368,14,14
2368,2368,2369,14,14
2369,2369,2370,14,14
2370,2370,2371,14,14
2371,2371,2372,14,14
2372,1454,1455,14,8
2372,2372,2373,14,14
2373,1455,1456,14,8
2373,2373,2374,14,14
2374,2374,2375,14,14
2375,2375,2376,14,14
2376,2376,2377,14,14
2377,2377,2378,14,14
2378,2378,2379,14,14
2379,2379,2380,14,14
2380,2380,2381,14,14
2381,1465,1466,14,8
2381,2381,2382,14,14
2382,1466,1467,14,8
2382,2382,2383,14,14
2383,2383,2384,14,14
2384,2384,2385,14,14
2385,2385,2386,14,14
2386,2386,2387,14,14
2387,2387,2388,14,14
2388,2388,2389,14,14
2389,2389,2390,14,14
2390,1476,1477,14,8
2390,2390,2391,14,14
2391,1477,1478,14,8
2391,2391,2392,14,14
2392,2392,2393,14,14
2393,2393,2394,14,14
2394,2394,2395,14,14
2395,2395,2396,14,14
2396,2396,2397,14,14
2396,5137,5138,14,25
2397,2397,2398,14,14
2398,2398,2399,14,14
2399,2399,2400,14,14
2400,2400,2401,14,14
2401,2401,2402,14,14
2402,2402,2403,14,14
2403,2403,2404,14,14
2404,2404,2405,14,14
2405,2405,2406,14,14
2406,1426,1427,14,8
2406,2406,2407,14,14
2407,1427,1428,14,8
2407,2407,2408,14,14
2408,2408,2409,14,14
2409,2409,2410,14,14
2410,2410,2411,14,14
2411,2411,2412,14,14
2412,2412,2413,14,14
2413,2413,2414,14,14
2414,2414,2415,14,14
2415,1437,1438,14,8
2415,2415,2416,14,14
2416,1438,1439,14,8
2416,2416,2417,14,14
2417,2417,2418,14,14
2418,2418,2419,14,14
2419,2419,2420,14,14
2420,2420,2421,14,14
2421,2421,2422,14,14
2422,2422,2423,14,14
2423,2423,2424,14,14
2424,1448,1449,14,8
2424,2424,2425,14,14
2425,1449,1450,14,8
2425,2425,2426,14,14
2426,2426,2427,14,14
2427,2427,2428,14,14
2428,2428,2429,14,14
2429,2429,2430,14,14
2430,2430,2431,14,14
2431,2431,2432,14,14
2432,2432,2433,14,14
2433,2433,2434,14,14
2434,2434,2435,14,14
2435,2435,2436,14,14
2436,2436,2437,14,14
2437,2437,2438,14,14
2438,2438,2439,14,14
2438,5187,5188,14,25
2439,2439,2440,14,14
2440,2440,2441,14,14
2441,1399,1400,14,8
2441,2441,2442,14,14
2442,2442,2443,14,14
2443,2443,2444,14,14
2444,2444,2445,14,14
2445,2445,2446,14,14
2446,2446,2447,14,14
2447,2447,2448,14,14
2448,2448,2449,14,14
2449,1409,1410,14,8
2449,2449,2450,14,14
2450,1410,1411,14,8
2450,2450,2451,14,14
2451,2451,2452,14,14
2452,2452,2453,14,14
2453,2453,2454,14,14
2454,2454,2455,14,14
2455,2455,2456,14,14
2456,2456,2457,14,14
2457,2457,2458,14,14
2458,1420,1421,14,8
2458,2458,2459,14,14
2459,1421,1422,14,8
2459,2459,2460,14,14
2460,2460,2461,14,14
2461,2461,2462,14,14
2462,2462,2463,14,14
2463,2463,2464,14,14
2464,2464,2465,14,14
2465,2465,2466,14,14
2466,2466,2467,14,14
2467,1431,1432,14,8
2467,2467,2468,14,14
2468,1432,1433,14,8
2468,2468,2469,14,14
2469,2469,2470,14,14
2470,2470,2471,14,14
2471,2471,2472,14,14
2472,2472,2473,14,14
2473,2473,2474,14,14
2473,5177,5178,14,25
2474,2474,2475,14,14
2475,2475,2476,14,14
2476,2476,2477,14,14
2477,2477,2478,14,14
2478,2478,2479,14,14
2479,2479,2480,14,14
2480,2480,2481,14,14
2481,2481,2482,14,14
2482,2482,2483,14,14
2483,1381,1382,14,8
2483,2483,2484,14,14
2484,1382,1383,14,8
2484,2484,2485,14,14
2485,2485,2486,14,14
2486,2486,2487,14,14
2487,2487,2488,14,14
2488,2488,2489,14,14
2489,2489,2490,14,14
2490,2490,2491,14,14
2491,2491,2492,14,14
2492,1392,1393,14,8
2492,2492,2493,14,14
2493,1393,1394,14,8
2493,2493,2494,14,14
2494,2494,2495,14,14
2495,2495,2496,14,14
2496,2496,2497,14,14
2497,2497,2498,14,14
2498,2498,2499,14,14
2499,2499,2500,14,14
2500,2500,2501,14,14
2501,1403,1404,14,8
2501,2501,2502,14,14
2502,1404,1405,14,8
2502,2502,2503,14,14
2503,2503,2504,14,14
2504,2504,2505,14,14
2505,2505,2506,14,14
2506,2506,2507,14,14
2507,2507,2508,14,14
2508,2508,2509,14,14
2509,2509,2510,14,14
2510,2510,2511,14,14
2511,2511,2512,14,14
2512,2512,2513,14,14
2513,2513,2514,14,14
2514,2514,2515,14,14
2515,2515,2516,14,14
2515,5142,5143,14,25
2516,2516,2517,14,14
2517,2517,2518,14,14
2518,1507,1508,14,8
2518,2518,2519,14,14
2519,2519,2520,14,14
2520,2520,2521,14,14
2521,2521,2522,14,14
2522,2522,2523,14,14
2523,2523,2524,14,14
2524,2524,2525,14,14
2525,2525,2526,14,14
2526,1364,1365,14,8
2526,2526,2527,14,14
2527,1365,1366,14,8
2527,2527,2528,14,14
2528,2528,2529,14,14
2529,2529,2530,14,14
2530,2530,2531,14,14
2531,2531,2532,14,14
2532,2532,2533,14,14
2533,2533,2534,14,14
2534,2534,2535,14,14
2535,1375,1376,14,8
2535,2535,2536,14,14
2536,1376,1377,14,8
2536,2536,2537,14,14
2537,2537,2538,14,14
2538,2538,2539,14,14
2539,2539,2540,14,14
2540,2540,2541,14,14
2541,2541,2542,14,14
2542,2542,2543,14,14
2543,2543,2544,14,14
2544,1386,1387,14,8
2544,2544,2545,14,14
2545,1387,1388,14,8
2545,2545,2546,14,14
2546,2546,2547,14,14
2547,2547,2548,14,14
2548,2548,2549,14,14
2549,2549,2550,14,14
2550,2550,2551,14,14
2550,5132,5133,14,25
2551,2551,2552,14,14
2552,2552,2553,14,14
2553,2553,2554,14,14
2554,2554,2555,14,14
2555,2555,2556,14,14
2556,2556,2557,14,14
2557,2557,2558,14,14
2558,2558,2559,14,14
2559,2559,2560,14,14
2560,1489,1490,14,8
2560,2560,2561,14,14
2561,1490,1491,14,8
2561,2561,2562,14,14
2562,2562,2563,14,14
2563,2563,2564,14,14
2564,2564,2565,14,14
2565,2565,2566,14,14
2566,2566,2567,14,14
2567,2567,2568,14,14
2568,2568,2569,14,14
2569,1500,1501,14,8
2569,2569,2570,14,14
2570,1501,1502,14,8
2570,2570,2571,14,14
2571,2571,2572,14,14
2572,2572,2573,14,14
2573,2573,2574,14,14
2574,2574,2575,14,14
2575,2575,2576,14,14
2576,2576,2577,14,14
2577,2577,2578,14,14
2578,1511,1512,14,8
2578,2578,2579,14,14
2579,1512,1360,14,8
2579,2579,2580,14,14
2580,2580,2581,14,14
2581,2581,2582,14,14
2582,2582,2583,14,14
2583,2583,2584,14,14
2584,2584,2585,14,14
2585,2585,2586,14,14
2586,2586,2587,14,14
2587,2587,2588,14,14
2588,2588,2589,14,14
2589,2589,2590,14,14
2590,2590,2591,14,14
2591,2591,2592,14,14
2592,2592,2593,14,14
2592,5182,5183,14,25
2593,2593,2594,14,14
2594,2594,2595,14,14
2595,1462,1463,14,8
2595,2595,2596,14,14
2596,2596,2597,14,14
2597,2597,2598,14,14
2598,2598,2599,14,14
2599,2599,2600,14,14
2600,2600,2601,14,14
2601,2601,2602,14,14
2602,2602,2603,14,14
2603,1472,1473,14,8
2603,2603,2604,14,14
2604,1473,1474,14,8
2604,2604,2605,14,14
2605,2605,2606,14,14
2606,2606,2607,14,14
2607,2607,2608,14,14
2608,2608,2609,14,14
2609,2609,2610,14,14
2610,2610,2611,14,14
2611,2611,2612,14,14
2612,1483,1484,14,8
2612,2612,2613,14,14
2613,1484,1485,14,8
2613,2613,2614,14,14
2614,2614,2615,14,14
2615,2615,2616,14,14
2616,2616,2617,14,14
2617,2617,2618,14,14
2618,2618,2619,14,14
2619,2619,2620,14,14
2620,2620,2621,14,14
2621,1494,1495,14,8
2621,2621,2622,14,14
2622,1495,1496,14,8
2622,2622,2623,14,14
2623,2623,2624,14,14
2624,2624,2625,14,14
2625,2625,2626,14,14
2626,2626,2627,14,14
2627,2627,2628,14,14
2627,5172,5173,14,25
2628,2628,2629,14,14
2629,2629,2630,14,14
2630,2630,2631,14,14
2631,2631,2632,14,14
2632,2632,2633,14,14
2633,2633,2634,14,14
2634,2634,2635,14,14
2635,2635,2636,14,14
2636,2636,2637,14,14
2637,1444,1445,14,8
2637,2637,2638,14,14
2638,1445,1446,14,8
2638,2638,2639,14,14
2639,2639,2640,14,14
2640,2640,2641,14,14
2641,2641,2642,14,14
2642,2642,2643,14,14
2643,2643,2644,14,14
2644,2644,2645,14,14
2645,2645,2646,14,14
2646,1455,1456,14,8
2646,2646,2647,14,14
2647,1456,1457,14,8
2647,2647,2648,14,14
2648,2648,2649,14,14
2649,2649,2650,14,14
2650,2650,2651,14,14
2651,2651,2652,14,14
2652,2652,2653,14,14
2653,2653,2654,14,14
2654,2654,2655,14,14
2655,1466,1467,14,8
2655,2655,2656,14,14
2656,1467,1468,14,8
2656,2656,2657,14,14
2657,2657,2658,14,14
2658,2658,2659,14,14
2659,2659,2660,14,14
2660,2660,2661,14,14
2661,2661,2662,14,14
2662,2662,2663,14,14
2663,2663,2664,14,14
2664,2664,2665,14,14
2665,2665,2666,14,14
2666,2666,2667,14,14
2667,2667,2668,14,14
2668,2668,2669,14,14
2669,2669,2670,14,14
2669,5137,5138,14,25
2670,2670,2671,14,14
2671,2671,2672,14,14
2672,1417,1418,14,8
2672,2672,2673,14,14
2673,2673,2674,14,14
2674,2674,2675,14,14
2675,2675,2676,14,14
2676,2676,2677,14,14
2677,2677,2678,14,14
2678,2678,2679,14,14
2679,2679,2680,14,14
2680,1427,1428,14,8
2680,2680,2681,14,14
2681,1428,1429,14,8
2681,2681,2682,14,14
2682,2682,2683,14,14
2683,2683,2684,14,14
2684,2684,2685,14,14
2685,2685,2686,14,14
2686,2686,2687,14,14
2687,2687,2688,14,14
2688,2688,2689,14,14
2689,1438,1439,14,8
2689,2689,2690,14,14
2690,1439,1440,14,8
2690,2690,2691,14,14
2691,2691,2692,14,14
2692,2692,2693,14,14
2693,2693,2694,14,14
2694,2694,2695,14,14
2695,2695,2696,14,14
2696,2696,2697,14,14
2697,2697,2698,14,14
2698,1449,1450,14,8
2698,2698,2699,14,14
2699,1450,1451,14,8
2699,2699,2700,14,14
2700,2700,2701,14,14
2701,2701,2702,14,14
2702,2702,2703,14,14
2703,2703,2704,14,14
2704,2704,2705,14,14
2704,5127,5128,14,25
2705,2705,2706,14,14
2706,2706,2707,14,14
2707,2707,2708,14,14
2708,2708,2709,14,14
2709,2709,2710,14,14
2710,2710,2711,14,14
2711,2711,2712,14,14
2712,2712,2713,14,14
2713,2713,2714,14,14
2714,1399,1400,14,8
2714,2714,2715,14,14
2715,1400,1401,14,8
2715,2715,2716,14,14
2716,2716,2717,14,14
2717,2717,2718,14,14
2718,2718,2719,14,14
2719,2719,2720,14,14
2720,2720,2721,14,14
2721,2721,2722,14,14
2722,2722,2723,14,14
2723,1410,1411,14,8
2723,2723,2724,14,14
2724,1411,1412,14,8
2724,2724,2725,14,14
2725,2725,2726,14,14
2726,2726,2727,14,14
2727,2727,2728,14,14
2728,2728,2729,14,14
2729,2729,2730,14,14
2730,2730,2731,14,14
2731,2731,2732,14,14
2732,1421,1422,14,8
2732,2732,2733,14,14
2733,1422,1423,14,8
2733,2733,2734,14,14
2734,2734,2735,14,14
2735,2735,2736,14,14
2736,2736,2737,14,14
2737,2737,2738,14,14
2738,2738,2739,14,14
2739,2739,2740,14,14
2740,2740,2741,14,14
2741,2741,2742,14,14
2742,2742,2743,14,14
2743,2743,2744,14,14
2744,2744,2745,14,14
2745,2745,2746,14,14
2746,2746,2747,14,14
2746,5177,5178,14,25
2747,2747,2748,14,14
2748,2748,2749,14,14
2749,1372,1373,14,8
2749,2749,2750,14,14
2750,2750,2751,14,14
2751,2751,2752,14,14
2752,2752,2753,14,14
2753,2753,2754,14,14
2754,2754,2755,14,14
2755,2755,2756,14,14
2756,2756,2757,14,14
2757,1382,1383,14,8
2757,2757,2758,14,14
2758,1383,1384,14,8
2758,2758,2759,14,14
2759,2759,2760,14,14
2760,2760,2761,14,14
2761,2761,2762,14,14
2762,2762,2763,14,14
2763,2763,2764,14,14
2764,2764,2765,14,14
2765,2765,2766,14,14
2766,1393,1394,14,8
2766,2766,2767,14,14
2767,1394,1395,14,8
2767,2767,2768,14,14
2768,2768,2769,14,14
2769,2769,2770,14,14
2770,2770,2771,14,14
2771,2771,2772,14,14
2772,2772,2773,14,14
2773,2773,2774,14,14
2774,2774,2775,14,14
2775,1404,1405,14,8
2775,2775,2776,14,14
2776,1405,1406,14,8
2776,2776,2777,14,14
2777,2777,2778,14,14
2778,2778,2779,14,14
2779,2779,2780,14,14
2780,2780,2781,14,14
2781,2781,2782,14,14
2781,5167,5168,14,25
2782,2782,2783,14,14
2783,2783,2784,14,14
2784,2784,2785,14,14
2785,2785,2786,14,14
2786,2786,2787,14,14
2787,2787,2788,14,14
2788,2788,2789,14,14
2789,2789,2790,14,14
2790,2790,2791,14,14
2791,1507,1508,14,8
2791,2791,2792,14,14
2792,1508,1509,14,8
2792,2792,2793,14,14
2793,2793,2794,14,14
2794,2794,2795,14,14
2795,2795,2796,14,14
2796,2796,2797,14,14
2797,2797,2798,14,14
2798,2798,2799,14,14
2799,2799,2800,14,14
2800,1365,1366,14,8
2800,2800,2801,14,14
2801,1366,1367,14,8
2801,2801,2802,14,14
2802,2802,2803,14,14
2803,2803,2804,14,14
2804,2804,2805,14,14
2805,2805,2806,14,14
2806,2806,2807,14,14
2807,2807,2808,14,14
2808,2808,2809,14,14
2809,1376,1377,14,8
2809,2809,2810,14,14
2810,1377,1378,14,8
2810,2810,2811,14,14
2811,2811,2812,14,14
2812,2812,2813,14,14
2813,2813,2814,14,14
2814,2814,2815,14,14
2815,2815,2816,14,14
2816,2816,2817,14,14
2817,2817,2818,14,14
2818,2818,2819,14,14
2819,2819,2820,14,14
2820,2820,2821,14,14
2821,2821,2822,14,14
2822,2822,2823,14,14
2823,2823,2824,14,14
2823,5132,5133,14,25
2824,2824,2825,14,14
2825,2825,2826,14,14
2826,1480,1481,14,8
2826,2826,2827,14,14
2827,2827,2828,14,14
2828,2828,2829,14,14
2829,2829,2830,14,14
2830,2830,2831,14,14
2831,2831,2832,14,14
2832,2832,2833,14,14
2833,2833,2834,14,14
2834,1490,1491,14,8
2834,2834,2835,14,14
2835,1491,1492,14,8
2835,2835,2836,14,14
2836,2836,2837,14,14
2837,2837,2838,14,14
2838,2838,2839,14,14
2839,2839,2840,14,14
2840,2840,2841,14,14
2841,2841,2842,14,14
2842,2842,2843,14,14
2843,1501,1502,14,8
2843,2843,2844,14,14
2844,1502,1503,14,8
2844,2844,2845,14,14
2845,2845,2846,14,14
2846,2846,2847,14,14
2847,2847,2848,14,14
2848,2848,2849,14,14
2849,2849,2850,14,14
2850,2850,2851,14,14
2851,2851,2852,14,14
2852,1512,1360,14,8
2852,2852,2853,14,14
2853,1360,1361,14,8
2853,2853,2854,14,14
2854,2854,2855,14,14
2855,2855,2856,14,14
2856,2856,2857,14,14
2857,2857,2858,14,14
2858,2858,2859,14,14
2858,5122,5123,14,25
2859,2859,2860,14,14
2860,2860,2861,14,14
2861,2861,2862,14,14
2862,2862,2863,14,14
2863,2863,2864,14,14
2864,2864,2865,14,14
2865,2865,2866,14,14
2866,2866,2867,14,14
2867,2867,2868,14,14
2868,1462,1463,14,8
2868,2868,2869,14,14
2869,1463,1464,14,8
2869,2869,2870,14,14
2870,2870,2871,14,14
2871,2871,2872,14,14
2872,2872,2873,14,14
2873,2873,2874,14,14
2874,2874,2875,14,14
2875,2875,2876,14,14
2876,2876,2877,14,14
2877,1473,1474,14,8
2877,2877,2878,14,14
2878,1474,1475,14,8
2878,2878,2879,14,14
2879,2879,2880,14,14
2880,2880,2881,14,14
2881,2881,2882,14,14
2882,2882,2883,14,14
2883,2883,2884,14,14
2884,2884,2885,14,14
2885,2885,2886,14,14
2886,1484,1485,14,8
2886,2886,2887,14,14
2887,1485,1486,14,8
2887,2887,2888,14,14
2888,2888,2889,14,14
2889,2889,2890,14,14
2890,2890,2891,14,14
2891,2891,2892,14,14
2892,2892,2893,14,14
2893,2893,2894,14,14
2894,2894,2895,14,14
2895,2895,2896,14,14
2896,2896,2897,14,14
2897,2897,2898,14,14
2898,2898,2899,14,14
2899,2899,2900,14,14
2900,2900,2901,14,14
2900,5172,5173,14,25
2901,2901,2902,14,14
2902,2902,2903,14,14
2903,1435,1436,14,8
2903,2903,2904,14,14
2904,2904,2905,14,14
2905,2905,2906,14,14
2906,2906,2907,14,14
2907,2907,2908,14,14
2908,2908,2909,14,14
2909,2909,2910,14,14
2910,2910,2911,14,14
2911,1445,1446,14,8
2911,2911,2912,14,14
2912,1446,1447,14,8
2912,2912,2913,14,14
2913,2913,2914,14,14
2914,2914,2915,14,14
2915,2915,2916,14,14
2916,2916,2917,14,14
2917,2917,2918,14,14
2918,2918,2919,14,14
2919,2919,2920,14,14
2920,1456,1457,14,8
2920,2920,2921,14,14
2921,1457,1458,14,8
2921,2921,2922,14,14
2922,2922,2923,14,14
2923,2923,2924,14,14
2924,2924,2925,14,14
2925,2925,2926,14,14
2926,2926,2927,14,14
2927,2927,2928,14,14
2928,2928,2929,14,14
2929,1467,1468,14,8
2929,2929,2930,14,14
2930,1468,1469,14,8
2930,2930,2931,14,14
2931,2931,2932,14,14
2932,2932,2933,14,14
2933,2933,2934,14,14
2934,2934,2935,14,14
2935,2935,2936,14,14
2935,5162,5163,14,25
2936,2936,2937,14,14
2937,2937,2938,14,14
2938,2938,2939,14,14
2939,2939,2940,14,14
2940,2940,2941,14,14
2941,2941,2942,14,14
2942,2942,2943,14,14
2943,2943,2944,14,14
2944,2944,2945,14,14
2945,1417,1418,14,8
2945,2945,2946,14,14
2946,1418,1419,14,8
2946,2946,2947,14,14
2947,2947,2948,14,14
2948,2948,2949,14,14
2949,2949,2950,14,14
2950,2950,2951,14,14
2951,2951,2952,14,14
2952,2952,2953,14,14
2953,2953,2954,14,14
2954,1428,1429,14,8
2954,2954,2955,14,14
2955,1429,1430,14,8
2955,2955,2956,14,14
2956,2956,2957,14,14
2957,2957,2958,14,14
2958,2958,2959,14,14
2959,2959,2960,14,14
2960,2960,2961,14,14
2961,2961,2962,14,14
2962,2962,2963,14,14
2963,1439,1440,14,8
2963,2963,2964,14,14
2964,1440,1441,14,8
2964,2964,2965,14,14
2965,2965,2966,14,14
2966,2966,2967,14,14
2967,2967,2968,14,14
2968,2968,2969,14,14
2969,2969,2970,14,14
2970,2970,2971,14,14
2971,2971,2972,14,14
2972,2972,2973,14,14
2973,2973,2974,14,14
2974,2974,2975,14,14
2975,2975,2976,14,14
2976,2976,2977,14,14
2977,2977,2978,14,14
2977,5127,5128,14,25
2978,2978,2979,14,14
2979,2979,2980,14,14
2980,1390,1391,14,8
2980,2980,2981,14,14
2981,2981,2982,14,14
2982,2982,2983,14,14
2983,2983,2984,14,14
2984,2984,2985,14,14
2985,2985,2986,14,14
2986,2986,2987,14,14
2987,2987,2988,14,14
2988,1400,1401,14,8
2988,2988,2989,14,14
2989,1401,1402,14,8
2989,2989,2990,14,14
2990,2990,2991,14,14
2991,2991,2992,14,14
2992,2992,2993,14,14
2993,2993,2994,14,14
2994,2994,2995,14,14
2995,2995,2996,14,14
2996,2996,2997,14,14
2997,1411,1412,14,8
2997,2997,2998,14,14
2998,1412,1413,14,8
2998,2998,2999,14,14
2999,2999,3000,14,14
3000,3000,3001,14,14
3001,3001,3002,14,14
3002,3002,3003,14,14
3003,3003,3004,14,14
3004,3004,3005,14,14
3005,3005,3006,14,14
3006,1422,1423,14,8
3006,3006,3007,14,14
3007,1423,1424,14,8
3007,3007,3008,14,14
3008,3008,3009,14,14
3009,3009,3010,14,14
3010,3010,3011,14,14
3011,3011,3012,14,14
3012,3012,3013,14,14
3012,5117,5118,14,25
3013,3013,3014,14,14
3014,3014,3015,14,14
3015,3015,3016,14,14
3016,3016,3017,14,14
3017,3017,3018,14,14
3018,3018,3019,14,14
3019,3019,3020,14,14
3020,3020,3021,14,14
3021,3021,3022,14,14
3022,1372,1373,14,8
3022,3022,3023,14,14
3023,1373,1374,14,8
3023,3023,3024,14,14
3024,3024,3025,14,14
3025,3025,3026,14,14
3026,3026,3027,14,14
3027,3027,3028,14,14
3028,3028,3029,14,14
3029,3029,3030,14,14
3030,3030,3031,14,14
3031,1383,1384,14,8
3031,3031,3032,14,14
3032,1384,1385,14,8
3032,3032,3033,14,14
3033,3033,3034,14,14
3034,3034,3035,14,14
3035,3035,3036,14,14
3036,3036,3037,14,14
3037,3037,3038,14,14
3038,3038,3039,14,14
3039,3039,3040,14,14
3040,1394,1395,14,8
3040,3040,3041,14,14
3041,1395,1396,14,8
3041,3041,3042,14,14
3042,3042,3043,14,14
3043,3043,3044,14,14
3044,3044,3045,14,14
3045,3045,3046,14,14
3046,3046,3047,14,14
3047,3047,3048,14,14
3048,3048,3049,14,14
3049,3049,3050,14,14
3050,3050,3051,14,14
3051,3051,3052,14,14
3052,3052,3053,14,14
3053,3053,3054,14,14
3054,3054,3055,14,14
3054,5167,5168,14,25
3055,3055,3056,14,14
3056,3056,3057,14,14
3057,1498,1499,14,8
3057,3057,3058,14,14
3058,3058,3059,14,14
3059,3059,3060,14,14
3060,3060,3061,14,14
3061,3061,3062,14,14
3062,3062,3063,14,14
3063,3063,3064,14,14
3064,3064,3065,14,14
3065,1508,1509,14,8
3065,3065,3066,14,14
3066,1509,1510,14,8
3066,3066,3067,14,14
3067,3067,3068,14,14
3068,3068,3069,14,14
3069,3069,3070,14,14
3070,3070,3071,14,14
3071,3071,3072,14,14
3072,3072,3073,14,14
3073,3073,3074,14,14
3074,1366,1367,14,8
3074,3074,3075,14,14
3075,1367,1368,14,8
3075,3075,3076,14,14
3076,3076,3077,14,14
3077,3077,3078,14,14
3078,3078,3079,14,14
3079,3079,3080,14,14
3080,3080,3081,14,14
3081,3081,3082,14,14
3082,3082,3083,14,14
3083,1377,1378,14,8
3083,3083,3084,14,14
3084,1378,1379,14,8
3084,3084,3085,14,14
3085,3085,3086,14,14
3086,3086,3087,14,14
3087,3087,3088,14,14
3088,3088,3089,14,14
3089,3089,3090,14,14
3089,5157,5158,14,25
3090,3090,3091,14,14
3091,3091,3092,14,14
3092,3092,3093,14,14
3093,3093,3094,14,14
3094,3094,3095,14,14
3095,3095,3096,14,14
3096,3096,3097,14,14
3097,3097,3098,14,14
3098,3098,3099,14,14
3099,1480,1481,14,8
3099,3099,3100,14,14
3100,1481,1482,14,8
3100,3100,3101,14,14
3101,3101,3102,14,14
3102,3102,3103,14,14
3103,3103,3104,14,14
3104,3104,3105,14,14
3105,3105,3106,14,14
3106,3106,3107,14,14
3107,3107,3108,14,14
3108,1491,1492,14,8
3108,3108,3109,14,14
3109,1492,1493,14,8
3109,3109,3110,14,14
3110,3110,3111,14,14
3111,3111,3112,14,14
3112,3112,3113,14,14
3113,3113,3114,14,14
3114,3114,3115,14,14
3115,3115,3116,14,14
3116,3116,3117,14,14
3117,1502,1503,14,8
3117,3117,3118,14,14
3118,1503,1504,14,8
3118,3118,3119,14,14
3119,3119,3120,14,14
3120,3120,3121,14,14
3121,3121,3122,14,14
3122,3122,3123,14,14
3123,3123,3124,14,14
3124,3124,3125,14,14
3125,3125,3126,14,14
3126,3126,3127,14,14
3127,3127,3128,14,14
3128,3128,3129,14,14
3129,3129,3130,14,14
3130,3130,3131,14,14
3131,3131,3132,14,14
3131,5122,5123,14,25
3132,3132,3133,14,14
3133,3133,3134,14,14
3134,1453,1454,14,8
3134,3134,3135,14,14
3135,3135,3136,14,14
3136,3136,3137,14,14
3137,3137,3138,14,14
3138,3138,3139,14,14
3139,3139,3140,14,14
3140,3140,3141,14,14
3141,3141,3142,14,14
3142,1463,1464,14,8
3142,3142,3143,14,14
3143,1464,1465,14,8
3143,3143,3144,14,14
3144,3144,3145,14,14
3145,3145,3146,14,14
3146,3146,3147,14,14
3147,3147,3148,14,14
3148,3148,3149,14,14
3149,3149,3150,14,14
3150,3150,3151,14,14
3151,1474,1475,14,8
3151,3151,3152,14,14
3152,1475,1476,14,8
3152,3152,3153,14,14
3153,3153,3154,14,14
3154,3154,3155,14,14
3155,3155,3156,14,14
3156,3156,3157,14,14
3157,3157,3158,14,14
3158,3158,3159,14,14
3159,3159,3160,14,14
3160,1485,1486,14,8
3160,3160,3161,14,14
3161,1486,1487,14,8
3161,3161,3162,14,14
3162,3162,3163,14,14
3163,3163,3164,14,14
3164,3164,3165,14,14
3165,3165,3166,14,14
3166,3166,3167,14,14
3166,5197,5198,14,25
3167,3167,3168,14,14
3168,3168,3169,14,14
3169,3169,3170,14,14
3170,3170,3171,14,14
3171,3171,3172,14,14
3172,3172,3173,14,14
3173,3173,3174,14,14
3174,3174,3175,14,14
3175,3175,3176,14,14
3176,1435,1436,14,8
3176,3176,3177,14,14
3177,1436,1437,14,8
3177,3177,3178,14,14
3178,3178,3179,14,14
3179,3179,3180,14,14
3180,3180,3181,14,14
3181,3181,3182,14,14
3182,3182,3183,14,14
3183,3183,3184,14,14
3184,3184,3185,14,14
3185,1446,1447,14,8
3185,3185,3186,14,14
3186,1447,1448,14,8
3186,3186,3187,14,14
3187,3187,3188,14,14
3188,3188,3189,14,14
3189,3189,3190,14,14
3190,3190,3191,14,14
3191,3191,3192,14,14
3192,3192,3193,14,14
3193,3193,3194,14,14
3194,1457,1458,14,8
3194,3194,3195,14,14
3195,1458,1459,14,8
3195,3195,3196,14,14
3196,3196,3197,14,14
3197,3197,3198,14,14
3198,3198,3199,14,14
3199,3199,3200,14,14
3200,3200,3201,14,14
3201,3201,3202,14,14
3202,3202,3203,14,14
3203,3203,3204,14,14
3204,3204,3205,14,14
3205,3205,3206,14,14
3206,3206,3207,14,14
3207,3207,3208,14,14
3208,3208,3209,14,14
3208,5162,5163,14,25
3209,3209,3210,14,14
3210,3210,3211,14,14
3211,1408,1409,14,8
3211,3211,3212,14,14
3212,3212,3213,14,14
3213,3213,3214,14,14
3214,3214,3215,14,14
3215,3215,3216,14,14
3216,3216,3217,14,14
3217,3217,3218,14,14
3218,3218,3219,14,14
3219,1418,1419,14,8
3219,3219,3220,14,14
3220,1419,1420,14,8
3220,3220,3221,14,14
3221,3221,3222,14,14
3222,3222,3223,14,14
3223,3223,3224,14,14
3224,3224,3225,14,14
3225,3225,3226,14,14
3226,3226,3227,14,14
3227,3227,3228,14,14
3228,1429,1430,14,8
3228,3228,3229,14,14
3229,1430,1431,14,8
3229,3229,3230,14,14
3230,3230,3231,14,14
3231,3231,3232,14,14
3232,3232,3233,14,14
3233,3233,3234,14,14
3234,3234,3235,14,14
3235,3235,3236,14,14
3236,3236,3237,14,14
3237,1440,1441,14,8
3237,3237,3238,14,14
3238,1441,1442,14,8
3238,3238,3239,14,14
3239,3239,3240,14,14
3240,3240,3241,14,14
3241,3241,3242,14,14
3242,3242,3243,14,14
3243,3243,3244,14,14
3243,5152,5153,14,25
3244,3244,3245,14,14
3245,3245,3246,14,14
3246,3246,3247,14,14
3247,3247,3248,14,14
3248,3248,3249,14,14
3249,3249,3250,14,14
3250,3250,3251,14,14
3251,3251,3252,14,14
3252,3252,3253,14,14
3253,1390,1391,14,8
3253,3253,3254,14,14
3254,1391,1392,14,8
3254,3254,3255,14,14
3255,3255,3256,14,14
3256,3256,3257,14,14
3257,3257,3258,14,14
3258,3258,3259,14,14
3259,3259,3260,14,14
3260,3260,3261,14,14
3261,3261,3262,14,14
3262,1401,1402,14,8
3262,3262,3263,14,14
3263,1402,1403,14,8
3263,3263,3264,14,14
3264,3264,3265,14,14
3265,3265,3266,14,14
3266,3266,3267,14,14
3267,3267,3268,14,14
3268,3268,3269,14,14
3269,3269,3270,14,14
3270,3270,3271,14,14
3271,1412,1413,14,8
3271,3271,3272,14,14
3272,1413,1414,14,8
3272,3272,3273,14,14
3273,3273,3274,14,14
3274,3274,3275,14,14
3275,3275,3276,14,14
3276,3276,3277,14,14
3277,3277,3278,14,14
3278,3278,3279,14,14
3279,3279,3280,14,14
3280,3280,3281,14,14
3281,3281,3282,14,14
3282,3282,3283,14,14
3283,3283,3284,14,14
3284,3284,3285,14,14
3285,3285,3286,14,14
3285,5117,5118,14,25
3286,3286,3287,14,14
3287,3287,3288,14,14
3288,1363,1364,14,8
3288,3288,3289,14,14
3289,3289,3290,14,14
3290,3290,3291,14,14
3291,3291,3292,14,14
3292,3292,3293,14,14
3293,3293,3294,14,14
3294,3294,3295,14,14
3295,3295,3296,14,14
3296,1373,1374,14,8
3296,3296,3297,14,14
3297,1374,1375,14,8
3297,3297,3298,14,14
3298,3298,3299,14,14
3299,3299,3300,14,14
3300,3300,3301,14,14
3301,3301,3302,14,14
3302,3302,3303,14,14
3303,3303,3304,14,14
3304,3304,3305,14,14
3305,1384,1385,14,8
3305,3305,3306,14,14
3306,1385,1386,14,8
3306,3306,3307,14,14
3307,3307,3308,14,14
3308,3308,3309,14,14
3309,3309,3310,14,14
3310,3310,3311,14,14
3311,3311,3312,14,14
3312,3312,3313,14,14
3313,3313,3314,14,14
3314,1395,1396,14,8
3314,3314,3315,14,14
3315,1396,1397,14,8
3315,3315,3316,14,14
3316,3316,3317,14,14
3317,3317,3318,14,14
3318,3318,3319,14,14
3319,3319,3320,14,14
3320,3320,3321,14,14
3320,5192,5193,14,25
3321,3321,3322,14,14
3322,3322,3323,14,14
3323,3323,3324,14,14
3324,3324,3325,14,14
3325,3325,3326,14,14
3326,3326,3327,14,14
3327,3327,3328,14,14
3328,3328,3329,14,14
3329,3329,3330,14,14
3330,1498,1499,14,8
3330,3330,3331,14,14
3331,1499,1500,14,8
3331,3331,3332,14,14
3332,3332,3333,14,14
3333,3333,3334,14,14
3334,3334,3335,14,14
3335,3335,3336,14,14
3336,3336,3337,14,14
3337,3337,3338,14,14
3338,3338,3339,14,14
3339,1509,1510,14,8
3339,3339,3340,14,14
3340,1510,1511,14,8
3340,3340,3341,14,14
3341,3341,3342,14,14
3342,3342,3343,14,14
3343,3343,3344,14,14
3344,3344,3345,14,14
3345,3345,3346,14,14
3346,3346,3347,14,14
3347,3347,3348,14,14
3348,1367,1368,14,8
3348,3348,3349,14,14
3349,1368,1369,14,8
3349,3349,3350,14,14
3350,3350,3351,14,14
3351,3351,3352,14,14
3352,3352,3353,14,14
3353,3353,3354,14,14
3354,3354,3355,14,14
3355,3355,3356,14,14
3356,3356,3357,14,14
3357,3357,3358,14,14
3358,3358,3359,14,14
3359,3359,3360,14,14
3360,3360,3361,14,14
3361,3361,3362,14,14
3362,3362,3363,14,14
3362,5157,5158,14,25
3363,3363,3364,14,14
3364,3364,3365,14,14
3365,1471,1472,14,8
3365,3365,3366,14,14
3366,3366,3367,14,14
3367,3367,3368,14,14
3368,3368,3369,14,14
3369,3369,3370,14,14
3370,3370,3371,14,14
3371,3371,3372,14,14
3372,3372,3373,14,14
3373,1481,1482,14,8
3373,3373,3374,14,14
3374,1482,1483,14,8
3374,3374,3375,14,14
3375,3375,3376,14,14
3376,3376,3377,14,14
3377,3377,3378,14,14
3378,3378,3379,14,14
3379,3379,3380,14,14
3380,3380,3381,14,14
3381,3381,3382,14,14
3382,1492,1493,14,8
3382,3382,3383,14,14
3383,1493,1494,14,8
3383,3383,3384,14,14
3384,3384,3385,14,14
3385,3385,3386,14,14
3386,3386,3387,14,14
3387,3387,3388,14,14
3388,3388,3389,14,14
3389,3389,3390,14,14
3390,3390,3391,14,14
3391,1503,1504,14,8
3391,3391,3392,14,14
3392,1504,1505,14,8
3392,3392,3393,14,14
3393,3393,3394,14,14
3394,3394,3395,14,14
3395,3395,3396,14,14
3396,3396,3397,14,14
3397,3397,3398,14,14
3397,5147,5148,14,25
3398,3398,3399,14,14
3399,3399,3400,14,14
3400,3400,3401,14,14
3401,3401,3402,14,14
3402,3402,3403,14,14
3403,3403,3404,14,14
3404,3404,3405,14,14
3405,3405,3406,14,14
3406,3406,3407,14,14
3407,1453,1454,14,8
3407,3407,3408,14,14
3408,1454,1455,14,8
3408,3408,3409,14,14
3409,3409,3410,14,14
3410,3410,3411,14,14
3411,3411,3412,14,14
3412,3412,3413,14,14
3413,3413,3414,14,14
3414,3414,3415,14,14
3415,3415,3416,14,14
3416,1464,1465,14,8
3416,3416,3417,14,14
3417,1465,1466,14,8
3417,3417,3418,14,14
3418,3418,3419,14,14
3419,3419,3420,14,14
3420,3420,3421,14,14
3421,3421,3422,14,14
3422,3422,3423,14,14
3423,3423,3424,14,14
3424,3424,3425,14,14
3425,1475,1476,14,8
3425,3425,3426,14,14
3426,1476,1477,14,8
3426,3426,3427,14,14
3427,3427,3428,14,14
3428,3428,3429,14,14
3429,3429,3430,14,14
3430,3430,3431,14,14
3431,3431,3432,14,14
3432,3432,3433,14,14
3433,3433,3434,14,14
3434,3434,3435,14,14
3435,3435,3436,14,14
3436,3436,3437,14,14
3437,3437,3438,14,14
3438,3438,3439,14,14
3439,3439,3440,14,14
3439,5197,5198,14,25
3440,3440,3441,14,14
3441,3441,3442,14,14
3442,1426,1427,14,8
3442,3442,3443,14,14
3443,3443,3444,14,14
3444,3444,3445,14,14
3445,3445,3446,14,14
3446,3446,3447,14,14
3447,3447,3448,14,14
3448,3448,3449,14,14
3449,3449,3450,14,14
3450,1436,1437,14,8
3450,3450,3451,14,14
3451,1437,1438,14,8
3451,3451,3452,14,14
3452,3452,3453,14,14
3453,3453,3454,14,14
3454,3454,3455,14,14
3455,3455,3456,14,14
3456,3456,3457,14,14
3457,3457,3458,14,14
3458,3458,3459,14,14
3459,1447,1448,14,8
3459,3459,3460,14,14
3460,1448,1449,14,8
3460,3460,3461,14,14
3461,3461,3462,14,14
3462,3462,3463,14,14
3463,3463,3464,14,14
3464,3464,3465,14,14
3465,3465,3466,14,14
3466,3466,3467,14,14
3467,3467,3468,14,14
3468,1458,1459,14,8
3468,3468,3469,14,14
3469,1459,1460,14,8
3469,3469,3470,14,14
3470,3470,3471,14,14
3471,3471,3472,14,14
3472,3472,3473,14,14
3473,3473,3474,14,14
3474,3474,3475,14,14
3474,5187,5188,14,25
3475,3475,3476,14,14
3476,3476,3477,14,14
3477,3477,3478,14,14
3478,3478,3479,14,14
3479,3479,3480,14,14
3480,3480,3481,14,14
3481,3481,3482,14,14
3482,3482,3483,14,14
3483,3483,3484,14,14
3484,1408,1409,14,8
3484,3484,3485,14,14
3485,1409,1410,14,8
3485,3485,3486,14,14
3486,3486,3487,14,14
3487,3487,3488,14,14
3488,3488,3489,14,14
3489,3489,3490,14,14
3490,3490,3491,14,14
3491,3491,3492,14,14
3492,3492,3493,14,14
3493,1419,1420,14,8
3493,3493,3494,14,14
3494,1420,1421,14,8
3494,3494,3495,14,14
3495,3495,3496,14,14
3496,3496,3497,14,14
3497,3497,3498,14,14
3498,3498,3499,14,14
3499,3499,3500,14,14
3500,3500,3501,14,14
3501,3501,3502,14,14
3502,1430,1431,14,8
3502,3502,3503,14,14
3503,1431,1432,14,8
3503,3503,3504,14,14
3504,3504,3505,14,14
3505,3505,3506,14,14
3506,3506,3507,14,14
3507,3507,3508,14,14
3508,3508,3509,14,14
3509,3509,3510,14,14
3510,3510,3511,14,14
3511,3511,3512,14,14
3512,3512,3513,14,14
3513,3513,3514,14,14
3514,3514,3515,14,14
3515,3515,3516,14,14
3516,3516,3517,14,14
3516,5152,5153,14,25
3517,3517,3518,14,14
3518,3518,3519,14,14
3519,1381,1382,14,8
3519,3519,3520,14,14
3520,3520,3521,14,14
3521,3521,3522,14,14
3522,3522,3523,14,14
3523,3523,3524,14,14
3524,3524,3525,14,14
3525,3525,3526,14,14
3526,3526,3527,14,14
3527,1391,1392,14,8
3527,3527,3528,14,14
3528,1392,1393,14,8
3528,3528,3529,14,14
3529,3529,3530,14,14
3530,3530,3531,14,14
3531,3531,3532,14,14
3532,3532,3533,14,14
3533,3533,3534,14,14
3534,3534,3535,14,14
3535,3535,3536,14,14
3536,1402,1403,14,8
3536,3536,3537,14,14
3537,1403,1404,14,8
3537,3537,3538,14,14
3538,3538,3539,14,14
3539,3539,3540,14,14
3540,3540,3541,14,14
3541,3541,3542,14,14
3542,3542,3543,14,14
3543,3543,3544,14,14
3544,3544,3545,14,14
3545,1413,1414,14,8
3545,3545,3546,14,14
3546,1414,1415,14,8
3546,3546,3547,14,14
3547,3547,3548,14,14
3548,3548,3549,14,14
3549,3549,3550,14,14
3550,3550,3551,14,14
3551,3551,3552,14,14
3551,5142,5143,14,25
3552,3552,3553,14,14
3553,3553,3554,14,14
3554,3554,3555,14,14
3555,3555,3556,14,14
3556,3556,3557,14,14
3557,3557,3558,14,14
3558,3558,3559,14,14
3559,3559,3560,14,14
3560,3560,3561,14,14
3561,1363,1364,14,8
3561,3561,3562,14,14
3562,1364,1365,14,8
3562,3562,3563,14,14
3563,3563,3564,14,14
3564,3564,3565,14,14
3565,3565,3566,14,14
3566,3566,3567,14,14
3567,3567,3568,14,14
3568,3568,3569,14,14
3569,3569,3570,14,14
3570,1374,1375,14,8
3570,3570,3571,14,14
3571,1375,1376,14,8
3571,3571,3572,14,14
3572,3572,3573,14,14
3573,3573,3574,14,14
3574,3574,3575,14,14
3575,3575,3576,14,14
3576,3576,3577,14,14
3577,3577,3578,14,14
3578,3578,3579,14,14
3579,1385,1386,14,8
3579,3579,3580,14,14
3580,1386,1387,14,8
3580,3580,3581,14,14
3581,3581,3582,14,14
3582,3582,3583,14,14
3583,3583,3584,14,14
3584,3584,3585,14,14
3585,3585,3586,14,14
3586,3586,2278,14,14
3587,3587,3588,15,15
3588,413,414,15,2
3588,3588,3589,15,15
3589,414,415,15,2
3589,527,528,15,3
3589,3589,3590,15,15
3590,528,529,15,3
3590,3590,3591,15,15
3591,3591,3592,15,15
3592,3592,3593,15,15
3593,3593,3594,15,15
3594,3594,3595,15,15
3595,3595,3596,15,15
3596,3596,3597,15,15
3597,424,238,15,2
3597,3597,3598,15,15
3598,238,239,15,2
3598,538,539,15,3
3598,3598,3599,15,15
3599,539,540,15,3
3599,3599,3600,15,15
3600,3600,3601,15,15
3601,3601,3602,15,15
3602,3602,3603,15,15
3603,3603,3604,15,15
3604,3604,3605,15,15
3605,3605,3606,15,15
3606,248,249,15,2
3606,3606,3607,15,15
3607,249,250,15,2
3607,549,550,15,3
3607,3607,3608,15,15
3608,550,551,15,3
3608,3608,3609,15,15
3609,3609,3610,15,15
3610,3610,3611,15,15
3611,3611,3612,15,15
3612,3612,3613,15,15
3613,3613,3614,15,15
3614,3614,3615,15,15
3615,259,260,15,2
3615,3615,3616,15,15
3616,260,261,15,2
3616,560,561,15,3
3616,3616,3617,15,15
3617,561,562,15,3
3617,3617,3618,15,15
3618,3618,3619,15,15
3619,3619,3620,15,15
3620,3620,3621,15,15
3621,3621,3622,15,15
3622,3622,3623,15,15
3623,3623,3624,15,15
3624,270,271,15,2
3624,3624,3625,15,15
3625,271,272,15,2
3625,571,572,15,3
3625,3625,3626,15,15
3626,572,573,15,3
3626,3626,3627,15,15
3627,3627,3628,15,15
3628,3628,3629,15,15
3629,3629,3630,15,15
3630,3630,3631,15,15
3631,3631,3632,15,15
3632,3632,3633,15,15
3633,281,282,15,2
3633,3633,3634,15,15
3634,282,283,15,2
3634,582,583,15,3
3634,3634,3635,15,15
3635,583,584,15,3
3635,3635,3636,15,15
3636,3636,3637,15,15
3637,3637,3638,15,15
3638,3638,3639,15,15
3639,3639,3640,15,15
3640,3640,3641,15,15
3641,3641,3642,15,15
3642,292,293,15,2
3642,3642,3643,15,15
3643,293,294,15,2
3643,593,594,15,3
3643,3643,3644,15,15
3644,594,595,15,3
3644,3644,3645,15,15
3645,3645,3646,15,15
3646,3646,3647,15,15
3647,3647,3648,15,15
3648,3648,3649,15,15
3649,3649,3650,15,15
3650,3650,3651,15,15
3651,303,304,15,2
3651,3651,3652,15,15
3652,304,305,15,2
3652,604,605,15,3
3652,3652,3653,15,15
3653,605,606,15,3
3653,3653,3654,15,15
3654,3654,3655,15,15
3655,3655,3656,15,15
3656,3656,3657,15,15
3657,3657,3658,15,15
3658,3658,3659,15,15
3659,3659,3660,15,15
3660,314,315,15,2
3660,3660,3661,15,15
3661,315,316,15,2
3661,428,429,15,3
3661,3661,3662,15,15
3662,429,430,15,3
3662,3662,3663,15,15
3663,3663,3664,15,15
3664,3664,3665,15,15
3665,3665,3666,15,15
3666,3666,3667,15,15
3667,3667,3668,15,15
3668,3668,3669,15,15
3669,325,326,15,2
3669,3669,3670,15,15
3670,326,327,15,2
3670,439,440,15,3
3670,3670,3671,15,15
3671,440,441,15,3
3671,3671,3672,15,15
3672,3672,3673,15,15
3673,3673,3674,15,15
3674,3674,3675,15,15
3675,3675,3676,15,15
3676,3676,3677,15,15
3677,3677,3678,15,15
3678,336,337,15,2
3678,3678,3679,15,15
3679,337,338,15,2
3679,450,451,15,3
3679,3679,3680,15,15
3680,451,452,15,3
3680,3680,3681,15,15
3681,3681,3682,15,15
3682,3682,3683,15,15
3683,3683,3684,15,15
3684,3684,3685,15,15
3685,3685,3686,15,15
3686,3686,3687,15,15
3687,347,348,15,2
3687,3687,3688,15,15
3688,348,349,15,2
3688,461,462,15,3
3688,3688,3689,15,15
3689,462,463,15,3
3689,3689,3690,15,15
3690,3690,3691,15,15
3691,3691,3692,15,15
3692,3692,3693,15,15
3693,3693,3694,15,15
3694,3694,3695,15,15
3695,3695,3696,15,15
3696,358,359,15,2
3696,3696,3697,15,15
3697,359,360,15,2
3697,472,473,15,3
3697,3697,3698,15,15
3698,473,474,15,3
3698,3698,3699,15,15
3699,3699,3700,15,15
3700,3700,3701,15,15
3701,3701,3702,15,15
3702,3702,3703,15,15
3703,3703,3704,15,15
3704,3704,3705,15,15
3705,369,370,15,2
3705,3705,3706,15,15
3706,370,371,15,2
3706,483,484,15,3
3706,3706,3707,15,15
3707,484,485,15,3
3707,3707,3708,15,15
3708,3708,3709,15,15
3709,3709,3710,15,15
3710,3710,3711,15,15
3711,3711,3712,15,15
3712,3712,3713,15,15
3713,3713,3714,15,15
3714,380,381,15,2
3714,3714,3715,15,15
3715,381,382,15,2
3715,494,495,15,3
3715,3715,3716,15,15
3716,495,496,15,3
3716,3716,3717,15,15
3717,3717,3718,15,15
3718,3718,3719,15,15
3719,3719,3720,15,15
3720,3720,3721,15,15
3721,3721,3722,15,15
3722,3722,3723,15,15
3723,391,392,15,2
3723,3723,3724,15,15
3724,392,393,15,2
3724,505,506,15,3
3724,3724,3725,15,15
3725,506,507,15,3
3725,3725,3726,15,15
3726,3726,3727,15,15
3727,3727,3728,15,15
3728,3728,3729,15,15
3729,3729,3730,15,15
3730,3730,3731,15,15
3731,3731,3732,15,15
3732,402,403,15,2
3732,3732,3733,15,15
3733,403,404,15,2
3733,516,517,15,3
3733,3733,3734,15,15
3734,517,518,15,3
3734,3734,3735,15,15
3735,3735,3736,15,15
3736,3736,3737,15,15
3737,3737,3738,15,15
3738,3738,3739,15,15
3739,3739,3587,15,15
3740,3740,3741,16,16
3741,600,601,16,3
3741,3741,3742,16,16
3742,601,602,16,3
3742,1088,1089,16,6
3742,3742,3743,16,16
3743,528,529,16,3
3743,1089,1090,16,6
3743,3743,3744,16,16
3744,529,530,16,3
3744,3744,3745,16,16
3745,3745,3746,16,16
3746,3746,3747,16,16
3747,3747,3748,16,16
3748,3748,3749,16,16
3749,3749,3750,16,16
3750,611,425,16,3
3750,3750,3751,16,16
3751,425,426,16,3
3751,1099,1100,16,6
3751,3751,3752,16,16
3752,539,540,16,3
3752,1100,1101,16,6
3752,3752,3753,16,16
3753,540,541,16,3
3753,3753,3754,16,16
3754,3754,3755,16,16
3755,3755,3756,16,16
3756,3756,3757,16,16
3757,3757,3758,16,16
3758,3758,3759,16,16
3759,435,436,16,3
3759,3759,3760,16,16
3760,436,437,16,3
3760,1110,1111,16,6
3760,3760,3761,16,16
3761,550,551,16,3
3761,1111,1112,16,6
3761,3761,3762,16,16
3762,551,552,16,3
3762,3762,3763,16,16
3763,3763,3764,16,16
3764,3764,3765,16,16
3765,3765,3766,16,16
3766,3766,3767,16,16
3767,3767,3768,16,16
3768,446,447,16,3
3768,3768,3769,16,16
3769,447,448,16,3
3769,1121,1122,16,6
3769,3769,3770,16,16
3770,561,562,16,3
3770,1122,1123,16,6
3770,3770,3771,16,16
3771,562,563,16,3
3771,3771,3772,16,16
3772,3772,3773,16,16
3773,3773,3774,16,16
3774,3774,3775,16,16
3775,3775,3776,16,16
3776,3776,3777,16,16
3777,457,458,16,3
3777,3777,3778,16,16
3778,458,459,16,3
3778,1132,1133,16,6
3778,3778,3779,16,16
3779,572,573,16,3
3779,1133,1134,16,6
3779,3779,3780,16,16
3780,573,574,16,3
3780,3780,3781,16,16
3781,3781,3782,16,16
3782,3782,3783,16,16
3783,3783,3784,16,16
3784,3784,3785,16,16
3785,3785,3786,16,16
3786,468,469,16,3
3786,3786,3787,16,16
3787,469,470,16,3
3787,1143,1144,16,6
3787,3787,3788,16,16
3788,583,584,16,3
3788,1144,1145,16,6
3788,3788,3789,16,16
3789,584,585,16,3
3789,3789,3790,16,16
3790,3790,3791,16,16
3791,3791,3792,16,16
3792,3792,3793,16,16
3793,3793,3794,16,16
3794,3794,3795,16,16
3795,479,480,16,3
3795,3795,3796,16,16
3796,480,481,16,3
3796,1154,1155,16,6
3796,3796,3797,16,16
3797,594,595,16,3
3797,1155,1156,16,6
3797,3797,3798,16,16
3798,595,596,16,3
3798,3798,3799,16,16
3799,3799,3800,16,16
3800,3800,3801,16,16
3801,3801,3802,16,16
3802,3802,3803,16,16
3803,3803,3804,16,16
3804,490,491,16,3
3804,3804,3805,16,16
3805,491,492,16,3
3805,1165,1166,16,6
3805,3805,3806,16,16
3806,605,606,16,3
3806,1166,1167,16,6
3806,3806,3807,16,16
3807,606,607,16,3
3807,3807,3808,16,16
3808,3808,3809,16,16
3809,3809,3810,16,16
3810,3810,3811,16,16
3811,3811,3812,16,16
3812,3812,3813,16,16
3813,501,502,16,3
3813,3813,3814,16,16
3814,502,503,16,3
3814,989,990,16,6
3814,3814,3815,16,16
3815,429,430,16,3
3815,990,991,16,6
3815,3815,3816,16,16
3816,430,431,16,3
3816,3816,3817,16,16
3817,3817,3818,16,16
3818,3818,3819,16,16
3819,3819,3820,16,16
3820,3820,3821,16,16
3821,3821,3822,16,16
3822,512,513,16,3
3822,3822,3823,16,16
3823,513,514,16,3
3823,1000,1001,16,6
3823,3823,3824,16,16
3824,440,441,16,3
3824,1001,1002,16,6
3824,3824,3825,16,16
3825,441,442,16,3
3825,3825,3826,16,16
3826,3826,3827,16,16
3827,3827,3828,16,16
3828,3828,3829,16,16
3829,3829,3830,16,16
3830,3830,3831,16,16
3831,523,524,16,3
3831,3831,3832,16,16
3832,524,525,16,3
3832,1011,1012,16,6
3832,3832,3833,16,16
3833,451,452,16,3
3833,1012,1013,16,6
3833,3833,3834,16,16
3834,452,453,16,3
3834,3834,3835,16,16
3835,3835,3836,16,16
3836,3836,3837,16,16
3837,3837,3838,16,16
3838,3838,3839,16,16
3839,3839,3840,16,16
3840,534,535,16,3
3840,3840,3841,16,16
3841,535,536,16,3
3841,1022,1023,16,6
3841,3841,3842,16,16
3842,462,463,16,3
3842,1023,1024,16,6
3842,3842,3843,16,16
3843,463,464,16,3
3843,3843,3844,16,16
3844,3844,3845,16,16
3845,3845,3846,16,16
3846,3846,3847,16,16
3847,3847,3848,16,16
3848,3848,3849,16,16
3849,545,546,16,3
3849,3849,3850,16,16
3850,546,547,16,3
3850,1033,1034,16,6
3850,3850,3851,16,16
3851,473,474,16,3
3851,1034,1035,16,6
3851,3851,3852,16,16
3852,474,475,16,3
3852,3852,3853,16,16
3853,3853,3854,16,16
3854,3854,3855,16,16
3855,3855,3856,16,16
3856,3856,3857,16,16
3857,3857,3858,16,16
3858,556,557,16,3
3858,3858,3859,16,16
3859,557,558,16,3
3859,1044,1045,16,6
3859,3859,3860,16,16
3860,484,485,16,3
3860,1045,1046,16,6
3860,3860,3861,16,16
3861,485,486,16,3
3861,3861,3862,16,16
3862,3862,3863,16,16
3863,3863,3864,16,16
3864,3864,3865,16,16
3865,3865,3866,16,16
3866,3866,3867,16,16
3867,567,568,16,3
3867,3867,3868,16,16
3868,568,569,16,3
3868,1055,1056,16,6
3868,3868,3869,16,16
3869,495,496,16,3
3869,1056,1057,16,6
3869,3869,3870,16,16
3870,496,497,16,3
3870,3870,3871,16,16
3871,3871,3872,16,16
3872,3872,3873,16,16
3873,3873,3874,16,16
3874,3874,3875,16,16
3875,3875,3876,16,16
3876,578,579,16,3
3876,3876,3877,16,16
3877,579,580,16,3
3877,1066,1067,16,6
3877,3877,3878,16,16
3878,506,507,16,3
3878,1067,1068,16,6
3878,3878,3879,16,16
3879,507,508,16,3
3879,3879,3880,16,16
3880,3880,3881,16,16
3881,3881,3882,16,16
3882,3882,3883,16,16
3883,3883,3884,16,16
3884,3884,3885,16,16
3885,589,590,16,3
3885,3885,3886,16,16
3886,590,591,16,3
3886,1077,1078,16,6
3886,3886,3887,16,16
3887,517,518,16,3
3887,1078,1079,16,6
3887,3887,3888,16,16
3888,518,519,16,3
3888,3888,3889,16,16
3889,3889,3890,16,16
3890,3890,3891,16,16
3891,3891,3892,16,16
3892,3892,3740,16,16
3893,3893,3894,17,17
3894,787,788,17,4
3894,3894,3895,17,17
3895,788,789,17,4
3895,1275,1276,17,7
3895,3895,3896,17,17
3896,1276,1277,17,7
3896,3896,3897,17,17
3897,529,530,17,3
3897,3897,3898,17,17
3898,530,531,17,3
3898,3898,3899,17,17
3899,3899,3900,17,17
3900,3900,3901,17,17
3901,3901,3902,17,17
3902,3902,3903,17,17
3903,798,612,17,4
3903,3903,3904,17,17
3904,612,613,17,4
3904,1286,1287,17,7
3904,3904,3905,17,17
3905,1287,1288,17,7
3905,3905,3906,17,17
3906,540,541,17,3
3906,3906,3907,17,17
3907,541,542,17,3
3907,3907,3908,17,17
3908,3908,3909,17,17
3909,3909,3910,17,17
3910,3910,3911,17,17
3911,3911,3912,17,17
3912,622,623,17,4
3912,3912,3913,17,17
3913,623,624,17,4
3913,1297,1298,17,7
3913,3913,3914,17,17
3914,1298,1299,17,7
3914,3914,3915,17,17
3915,551,552,17,3
3915,3915,3916,17,17
3916,552,553,17,3
3916,3916,3917,17,17
3917,3917,3918,17,17
3918,3918,3919,17,17
3919,3919,3920,17,17
3920,3920,3921,17,17
3921,633,634,17,4
3921,3921,3922,17,17
3922,634,635,17,4
3922,1308,1309,17,7
3922,3922,3923,17,17
3923,1309,1310,17,7
3923,3923,3924,17,17
3924,562,563,17,3
3924,3924,3925,17,17
3925,563,564,17,3
3925,3925,3926,17,17
3926,3926,3927,17,17
3927,3927,3928,17,17
3928,3928,3929,17,17
3929,3929,3930,17,17
3930,644,645,17,4
3930,3930,3931,17,17
3931,645,646,17,4
3931,1319,1320,17,7
3931,3931,3932,17,17
3932,1320,1321,17,7
3932,3932,3933,17,17
3933,573,574,17,3
3933,3933,3934,17,17
3934,574,575,17,3
3934,3934,3935,17,17
3935,3935,3936,17,17
3936,3936,3937,17,17
3937,3937,3938,17,17
3938,3938,3939,17,17
3939,655,656,17,4
3939,3939,3940,17,17
3940,656,657,17,4
3940,1330,1331,17,7
3940,3940,3941,17,17
3941,1331,1332,17,7
3941,3941,3942,17,17
3942,584,585,17,3
3942,3942,3943,17,17
3943,585,586,17,3
3943,3943,3944,17,17
3944,3944,3945,17,17
3945,3945,3946,17,17
3946,3946,3947,17,17
3947,3947,3948,17,17
3948,666,667,17,4
3948,3948,3949,17,17
3949,667,668,17,4
3949,1341,1342,17,7
3949,3949,3950,17,17
3950,1342,1343,17,7
3950,3950,3951,17,17
3951,595,596,17,3
3951,3951,3952,17,17
3952,596,597,17,3
3952,3952,3953,17,17
3953,3953,3954,17,17
3954,3954,3955,17,17
3955,3955,3956,17,17
3956,3956,3957,17,17
3957,677,678,17,4
3957,3957,3958,17,17
3958,678,679,17,4
3958,1352,1353,17,7
3958,3958,3959,17,17
3959,1353,1354,17,7
3959,3959,3960,17,17
3960,606,607,17,3
3960,3960,3961,17,17
3961,607,608,17,3
3961,3961,3962,17,17
3962,3962,3963,17,17
3963,3963,3964,17,17
3964,3964,3965,17,17
3965,3965,3966,17,17
3966,688,689,17,4
3966,3966,3967,17,17
3967,689,690,17,4
3967,1176,1177,17,7
3967,3967,3968,17,17
3968,1177,1178,17,7
3968,3968,3969,17,17
3969,430,431,17,3
3969,3969,3970,17,17
3970,431,432,17,3
3970,3970,3971,17,17
3971,3971,3972,17,17
3972,3972,3973,17,17
3973,3973,3974,17,17
3974,3974,3975,17,17
3975,699,700,17,4
3975,3975,3976,17,17
3976,700,701,17,4
3976,1187,1188,17,7
3976,3976,3977,17,17
3977,1188,1189,17,7
3977,3977,3978,17,17
3978,441,442,17,3
3978,3978,3979,17,17
3979,442,443,17,3
3979,3979,3980,17,17
3980,3980,3981,17,17
3981,3981,3982,17,17
3982,3982,3983,17,17
3983,3983,3984,17,17
3984,710,711,17,4
3984,3984,3985,17,17
3985,711,712,17,4
3985,1198,1199,17,7
3985,3985,3986,17,17
3986,1199,1200,17,7
3986,3986,3987,17,17
3987,452,453,17,3
3987,3987,3988,17,17
3988,453,454,17,3
3988,3988,3989,17,17
3989,3989,3990,17,17
3990,3990,3991,17,17
3991,3991,3992,17,17
3992,3992,3993,17,17
3993,721,722,17,4
3993,3993,3994,17,17
3994,722,723,17,4
3994,1209,1210,17,7
3994,3994,3995,17,17
3995,1210,1211,17,7
3995,3995,3996,17,17
3996,463,464,17,3
3996,3996,3997,17,17
3997,464,465,17,3
3997,3997,3998,17,17
3998,3998,3999,17,17
3999,3999,4000,17,17
4000,4000,4001,17,17
4001,4001,4002,17,17
4002,732,733,17,4
4002,4002,4003,17,17
4003,733,734,17,4
4003,1220,1221,17,7
4003,4003,4004,17,17
4004,1221,1222,17,7
4004,4004,4005,17,17
4005,474,475,17,3
4005,4005,4006,17,17
4006,475,476,17,3
4006,4006,4007,17,17
4007,4007,4008,17,17
4008,4008,4009,17,17
4009,4009,4010,17,17
4010,4010,4011,17,17
4011,743,744,17,4
4011,4011,4012,17,17
4012,744,745,17,4
4012,1231,1232,17,7
4012,4012,4013,17,17
4013,1232,1233,17,7
4013,4013,4014,17,17
4014,485,486,17,3
4014,4014,4015,17,17
4015,486,487,17,3
4015,4015,4016,17,17
4016,4016,4017,17,17
4017,4017,4018,17,17
4018,4018,4019,17,17
4019,4019,4020,17,17
4020,754,755,17,4
4020,4020,4021,17,17
4021,755,756,17,4
4021,1242,1243,17,7
4021,4021,4022,17,17
4022,1243,1244,17,7
4022,4022,4023,17,17
4023,496,497,17,3
4023,4023,4024,17,17
4024,497,498,17,3
4024,4024,4025,17,17
4025,4025,4026,17,17
4026,4026,4027,17,17
4027,4027,4028,17,17
4028,4028,4029,17,17
4029,765,766,17,4
4029,4029,4030,17,17
4030,766,767,17,4
4030,1253,1254,17,7
4030,4030,4031,17,17
4031,1254,1255,17,7
4031,4031,4032,17,17
4032,507,508,17,3
4032,4032,4033,17,17
4033,508,509,17,3
4033,4033,4034,17,17
4034,4034,4035,17,17
4035,4035,4036,17,17
4036,4036,4037,17,17
4037,4037,4038,17,17
4038,776,777,17,4
4038,4038,4039,17,17
4039,777,778,17,4
4039,1264,1265,17,7
4039,4039,4040,17,17
4040,1265,1266,17,7
4040,4040,4041,17,17
4041,518,519,17,3
4041,4041,4042,17,17
4042,519,520,17,3
4042,4042,4043,17,17
4043,4043,4044,17,17
4044,4044,4045,17,17
4045,4045,3893,17,17
4046,4046,4047,18,18
4047,974,975,18,5
4047,4047,4048,18,18
4048,975,976,18,5
4048,1225,1226,18,7
4048,4048,4049,18,18
4049,1226,1227,18,7
4049,4049,4050,18,18
4050,4050,4051,18,18
4051,530,531,18,3
4051,4051,4052,18,18
4052,531,532,18,3
4052,4052,4053,18,18
4053,4053,4054,18,18
4054,4054,4055,18,18
4055,4055,4056,18,18
4056,985,799,18,5
4056,4056,4057,18,18
4057,799,800,18,5
4057,1236,1237,18,7
4057,4057,4058,18,18
4058,1237,1238,18,7
4058,4058,4059,18,18
4059,4059,4060,18,18
4060,541,542,18,3
4060,4060,4061,18,18
4061,542,543,18,3
4061,4061,4062,18,18
4062,4062,4063,18,18
4063,4063,4064,18,18
4064,4064,4065,18,18
4065,809,810,18,5
4065,4065,4066,18,18
4066,810,811,18,5
4066,1247,1248,18,7
4066,4066,4067,18,18
4067,1248,1249,18,7
4067,4067,4068,18,18
4068,4068,4069,18,18
4069,552,553,18,3
4069,4069,4070,18,18
4070,553,554,18,3
4070,4070,4071,18,18
4071,4071,4072,18,18
4072,4072,4073,18,18
4073,4073,4074,18,18
4074,820,821,18,5
4074,4074,4075,18,18
4075,821,822,18,5
4075,1258,1259,18,7
4075,4075,4076,18,18
4076,1259,1260,18,7
4076,4076,4077,18,18
4077,4077,4078,18,18
4078,563,564,18,3
4078,4078,4079,18,18
4079,564,565,18,3
4079,4079,4080,18,18
4080,4080,4081,18,18
4081,4081,4082,18,18
4082,4082,4083,18,18
4083,831,832,18,5
4083,4083,4084,18,18
4084,832,833,18,5
4084,1269,1270,18,7
4084,4084,4085,18,18
4085,1270,1271,18,7
4085,4085,4086,18,18
4086,4086,4087,18,18
4087,574,575,18,3
4087,4087,4088,18,18
4088,575,576,18,3
4088,4088,4089,18,18
4089,4089,4090,18,18
4090,4090,4091,18,18
4091,4091,4092,18,18
4092,842,843,18,5
4092,4092,4093,18,18
4093,843,844,18,5
4093,1280,1281,18,7
4093,4093,4094,18,18
4094,1281,1282,18,7
4094,4094,4095,18,18
4095,4095,4096,18,18
4096,585,586,18,3
4096,4096,4097,18,18
4097,586,587,18,3
4097,4097,4098,18,18
4098,4098,4099,18,18
4099,4099,4100,18,18
4100,4100,4101,18,18
4101,853,854,18,5
4101,4101,4102,18,18
4102,854,855,18,5
4102,1291,1292,18,7
4102,4102,4103,18,18
4103,1292,1293,18,7
4103,4103,4104,18,18
4104,4104,4105,18,18
4105,596,597,18,3
4105,4105,4106,18,18
4106,597,598,18,3
4106,4106,4107,18,18
4107,4107,4108,18,18
4108,4108,4109,18,18
4109,4109,4110,18,18
4110,864,865,18,5
4110,4110,4111,18,18
4111,865,866,18,5
4111,1302,1303,18,7
4111,4111,4112,18,18
4112,1303,1304,18,7
4112,4112,4113,18,18
4113,4113,4114,18,18
4114,607,608,18,3
4114,4114,4115,18,18
4115,608,609,18,3
4115,4115,4116,18,18
4116,4116,4117,18,18
4117,4117,4118,18,18
4118,4118,4119,18,18
4119,875,876,18,5
4119,4119,4120,18,18
4120,876,877,18,5
4120,1313,1314,18,7
4120,4120,4121,18,18
4121,1314,1315,18,7
4121,4121,4122,18,18
4122,4122,4123,18,18
4123,431,432,18,3
4123,4123,4124,18,18
4124,432,433,18,3
4124,4124,4125,18,18
4125,4125,4126,18,18
4126,4126,4127,18,18
4127,4127,4128,18,18
4128,886,887,18,5
4128,4128,4129,18,18
4129,887,888,18,5
4129,1324,1325,18,7
4129,4129,4130,18,18
4130,1325,1326,18,7
4130,4130,4131,18,18
4131,4131,4132,18,18
4132,442,443,18,3
4132,4132,4133,18,18
4133,443,444,18,3
4133,4133,4134,18,18
4134,4134,4135,18,18
4135,4135,4136,18,18
4136,4136,4137,18,18
4137,897,898,18,5
4137,4137,4138,18,18
4138,898,899,18,5
4138,1335,1336,18,7
4138,4138,4139,18,18
4139,1336,1337,18,7
4139,4139,4140,18,18
4140,4140,4141,18,18
4141,453,454,18,3
4141,4141,4142,18,18
4142,454,455,18,3
4142,4142,4143,18,18
4143,4143,4144,18,18
4144,4144,4145,18,18
4145,4145,4146,18,18
4146,908,909,18,5
4146,4146,4147,18,18
4147,909,910,18,5
4147,1346,1347,18,7
4147,4147,4148,18,18
4148,1347,1348,18,7
4148,4148,4149,18,18
4149,4149,4150,18,18
4150,464,465,18,3
4150,4150,4151,18,18
4151,465,466,18,3
4151,4151,4152,18,18
4152,4152,4153,18,18
4153,4153,4154,18,18
4154,4154,4155,18,18
4155,919,920,18,5
4155,4155,4156,18,18
4156,920,921,18,5
4156,1357,1358,18,7
4156,4156,4157,18,18
4157,1358,1359,18,7
4157,4157,4158,18,18
4158,4158,4159,18,18
4159,475,476,18,3
4159,4159,4160,18,18
4160,476,477,18,3
4160,4160,4161,18,18
4161,4161,4162,18,18
4162,4162,4163,18,18
4163,4163,4164,18,18
4164,930,931,18,5
4164,4164,4165,18,18
4165,931,932,18,5
4165,1181,1182,18,7
4165,4165,4166,18,18
4166,1182,1183,18,7
4166,4166,4167,18,18
4167,4167,4168,18,18
4168,486,487,18,3
4168,4168,4169,18,18
4169,487,488,18,3
4169,4169,4170,18,18
4170,4170,4171,18,18
4171,4171,4172,18,18
4172,4172,4173,18,18
4173,941,942,18,5
4173,4173,4174,18,18
4174,942,943,18,5
4174,1192,1193,18,7
4174,4174,4175,18,18
4175,1193,1194,18,7
4175,4175,4176,18,18
4176,4176,4177,18,18
4177,497,498,18,3
4177,4177,4178,18,18
4178,498,499,18,3
4178,4178,4179,18,18
4179,4179,4180,18,18
4180,4180,4181,18,18
4181,4181,4182,18,18
4182,952,953,18,5
4182,4182,4183,18,18
4183,953,954,18,5
4183,1203,1204,18,7
4183,4183,4184,18,18
4184,1204,1205,18,7
4184,4184,4185,18,18
4185,4185,4186,18,18
4186,508,509,18,3
4186,4186,4187,18,18
4187,509,510,18,3
4187,4187,4188,18,18
4188,4188,4189,18,18
4189,4189,4190,18,18
4190,4190,4191,18,18
4191,963,964,18,5
4191,4191,4192,18,18
4192,964,965,18,5
4192,1214,1215,18,7
4192,4192,4193,18,18
4193,1215,1216,18,7
4193,4193,4194,18,18
4194,4194,4195,18,18
4195,519,520,18,3
4195,4195,4196,18,18
4196,520,521,18,3
4196,4196,4197,18,18
4197,4197,4198,18,18
4198,4198,4046,18,18
4199,4199,4200,19,19
4200,313,314,19,2
4200,2467,2468,19,14
4200,4200,4201,19,19
4201,314,315,19,2
4201,4201,4202,19,19
4202,715,716,19,4
4202,4202,4203,19,19
4203,716,717,19,4
4203,4203,4204,19,19
4204,4204,4205,19,19
4205,4205,4206,19,19
4206,4206,4207,19,19
4207,4207,4208,19,19
4208,4208,4209,19,19
4209,324,325,19,2
4209,2852,2853,19,14
4209,4209,4210,19,19
4210,325,326,19,2
4210,4210,4211,19,19
4211,726,727,19,4
4211,4211,4212,19,19
4212,727,728,19,4
4212,4212,4213,19,19
4213,4213,4214,19,19
4214,4214,4215,19,19
4215,4215,4216,19,19
4216,4216,4217,19,19
4217,4217,4218,19,19
4218,335,336,19,2
4218,3237,3238,19,14
4218,4218,4219,19,19
4219,336,337,19,2
4219,4219,4220,19,19
4220,737,738,19,4
4220,4220,4221,19,19
4221,738,739,19,4
4221,4221,4222,19,19
4222,4222,4223,19,19
4223,4223,4224,19,19
4224,4224,4225,19,19
4225,4225,4226,19,19
4226,4226,4227,19,19
4227,346,347,19,2
4227,2313,2314,19,14
4227,4227,4228,19,19
4228,347,348,19,2
4228,4228,4229,19,19
4229,748,749,19,4
4229,4229,4230,19,19
4230,749,750,19,4
4230,4230,4231,19,19
4231,4231,4232,19,19
4232,4232,4233,19,19
4233,4233,4234,19,19
4234,4234,4235,19,19
4235,4235,4236,19,19
4236,357,358,19,2
4236,2698,2699,19,14
4236,4236,4237,19,19
4237,358,359,19,2
4237,4237,4238,19,19
4238,759,760,19,4
4238,4238,4239,19,19
4239,760,761,19,4
4239,4239,4240,19,19
4240,4240,4241,19,19
4241,4241,4242,19,19
4242,4242,4243,19,19
4243,4243,4244,19,19
4244,4244,4245,19,19
4245,368,369,19,2
4245,3083,3084,19,14
4245,4245,4246,19,19
4246,369,370,19,2
4246,4246,4247,19,19
4247,770,771,19,4
4247,4247,4248,19,19
4248,771,772,19,4
4248,4248,4249,19,19
4249,4249,4250,19,19
4250,4250,4251,19,19
4251,4251,4252,19,19
4252,4252,4253,19,19
4253,4253,4254,19,19
4254,379,380,19,2
4254,3468,3469,19,14
4254,4254,4255,19,19
4255,380,381,19,2
4255,4255,4256,19,19
4256,781,782,19,4
4256,4256,4257,19,19
4257,782,783,19,4
4257,4257,4258,19,19
4258,4258,4259,19,19
4259,4259,4260,19,19
4260,4260,4261,19,19
4261,4261,4262,19,19
4262,4262,4263,19,19
4263,390,391,19,2
4263,2544,2545,19,14
4263,4263,4264,19,19
4264,391,392,19,2
4264,4264,4265,19,19
4265,792,793,19,4
4265,4265,4266,19,19
4266,793,794,19,4
4266,4266,4267,19,19
4267,4267,4268,19,19
4268,4268,4269,19,19
4269,4269,4270,19,19
4270,4270,4271,19,19
4271,4271,4272,19,19
4272,401,402,19,2
4272,2929,2930,19,14
4272,4272,4273,19,19
4273,402,403,19,2
4273,4273,4274,19,19
4274,616,617,19,4
4274,4274,4275,19,19
4275,617,618,19,4
4275,4275,4276,19,19
4276,4276,4277,19,19
4277,4277,4278,19,19
4278,4278,4279,19,19
4279,4279,4280,19,19
4280,4280,4281,19,19
4281,412,413,19,2
4281,3314,3315,19,14
4281,4281,4282,19,19
4282,413,414,19,2
4282,4282,4283,19,19
4283,627,628,19,4
4283,4283,4284,19,19
4284,628,629,19,4
4284,4284,4285,19,19
4285,4285,4286,19,19
4286,4286,4287,19,19
4287,4287,4288,19,19
4288,4288,4289,19,19
4289,4289,4290,19,19
4290,423,424,19,2
4290,2390,2391,19,14
4290,4290,4291,19,19
4291,424,238,19,2
4291,4291,4292,19,19
4292,638,639,19,4
4292,4292,4293,19,19
4293,639,640,19,4
4293,4293,4294,19,19
4294,4294,4295,19,19
4295,4295,4296,19,19
4296,4296,4297,19,19
4297,4297,4298,19,19
4298,4298,4299,19,19
4299,247,248,19,2
4299,2775,2776,19,14
4299,4299,4300,19,19
4300,248,249,19,2
4300,4300,4301,19,19
4301,649,650,19,4
4301,4301,4302,19,19
4302,650,651,19,4
4302,4302,4303,19,19
4303,4303,4304,19,19
4304,4304,4305,19,19
4305,4305,4306,19,19
4306,4306,4307,19,19
4307,4307,4308,19,19
4308,258,259,19,2
4308,3160,3161,19,14
4308,4308,4309,19,19
4309,259,260,19,2
4309,4309,4310,19,19
4310,660,661,19,4
4310,4310,4311,19,19
4311,661,662,19,4
4311,4311,4312,19,19
4312,4312,4313,19,19
4313,4313,4314,19,19
4314,4314,4315,19,19
4315,4315,4316,19,19
4316,4316,4317,19,19
4317,269,270,19,2
4317,3545,3546,19,14
4317,4317,4318,19,19
4318,270,271,19,2
4318,4318,4319,19,19
4319,671,672,19,4
4319,4319,4320,19,19
4320,672,673,19,4
4320,4320,4321,19,19
4321,4321,4322,19,19
4322,4322,4323,19,19
4323,4323,4324,19,19
4324,4324,4325,19,19
4325,4325,4326,19,19
4326,280,281,19,2
4326,2621,2622,19,14
4326,4326,4327,19,19
4327,281,282,19,2
4327,4327,4328,19,19
4328,682,683,19,4
4328,4328,4329,19,19
4329,683,684,19,4
4329,4329,4330,19,19
4330,4330,4331,19,19
4331,4331,4332,19,19
4332,4332,4333,19,19
4333,4333,4334,19,19
4334,4334,4335,19,19
4335,291,292,19,2
4335,3006,3007,19,14
4335,4335,4336,19,19
4336,292,293,19,2
4336,4336,4337,19,19
4337,693,694,19,4
4337,4337,4338,19,19
4338,694,695,19,4
4338,4338,4339,19,19
4339,4339,4340,19,19
4340,4340,4341,19,19
4341,4341,4342,19,19
4342,4342,4343,19,19
4343,4343,4344,19,19
4344,302,303,19,2
4344,3391,3392,19,14
4344,4344,4345,19,19
4345,303,304,19,2
4345,4345,4346,19,19
4346,704,705,19,4
4346,4346,4347,19,19
4347,705,706,19,4
4347,4347,4348,19,19
4348,4348,4349,19,19
4349,4349,4350,19,19
4350,4350,4351,19,19
4351,4351,4199,19,19
4352,4352,4353,20,20
4353,500,501,20,3
4353,4353,4354,20,20
4354,501,502,20,3
4354,4354,4355,20,20
4355,1276,1277,20,7
4355,4355,4356,20,20
4356,716,717,20,4
4356,1277,1278,20,7
4356,4356,4357,20,20
4357,717,718,20,4
4357,4357,4358,20,20
4358,4358,4359,20,20
4359,4359,4360,20,20
4360,4360,4361,20,20
4361,4361,4362,20,20
4362,511,512,20,3
4362,4362,4363,20,20
4363,512,513,20,3
4363,4363,4364,20,20
4364,1287,1288,20,7
4364,4364,4365,20,20
4365,727,728,20,4
4365,1288,1289,20,7
4365,4365,4366,20,20
4366,728,729,20,4
4366,4366,4367,20,20
4367,4367,4368,20,20
4368,4368,4369,20,20
4369,4369,4370,20,20
4370,4370,4371,20,20
4371,522,523,20,3
4371,4371,4372,20,20
4372,523,524,20,3
4372,4372,4373,20,20
4373,1298,1299,20,7
4373,4373,4374,20,20
4374,738,739,20,4
4374,1299,1300,20,7
4374,4374,4375,20,20
4375,739,740,20,4
4375,4375,4376,20,20
4376,4376,4377,20,20
4377,4377,4378,20,20
4378,4378,4379,20,20
4379,4379,4380,20,20
4380,533,534,20,3
4380,4380,4381,20,20
4381,534,535,20,3
4381,4381,4382,20,20
4382,1309,1310,20,7
4382,4382,4383,20,20
4383,749,750,20,4
4383,1310,1311,20,7
4383,4383,4384,20,20
4384,750,751,20,4
4384,4384,4385,20,20
4385,4385,4386,20,20
4386,4386,4387,20,20
4387,4387,4388,20,20
4388,4388,4389,20,20
4389,544,545,20,3
4389,4389,4390,20,20
4390,545,546,20,3
4390,4390,4391,20,20
4391,1320,1321,20,7
4391,4391,4392,20,20
4392,760,761,20,4
4392,1321,1322,20,7
4392,4392,4393,20,20
4393,761,762,20,4
4393,4393,4394,20,20
4394,4394,4395,20,20
4395,4395,4396,20,20
4396,4396,4397,20,20
4397,4397,4398,20,20
4398,555,556,20,3
4398,4398,4399,20,20
4399,556,557,20,3
4399,4399,4400,20,20
4400,1331,1332,20,7
4400,4400,4401,20,20
4401,771,772,20,4
4401,1332,1333,20,7
4401,4401,4402,20,20
4402,772,773,20,4
4402,4402,4403,20,20
4403,4403,4404,20,20
4404,4404,4405,20,20
4405,4405,4406,20,20
4406,4406,4407,20,20
4407,566,567,20,3
4407,4407,4408,20,20
4408,567,568,20,3
4408,4408,4409,20,20
4409,1342,1343,20,7
4409,4409,4410,20,20
4410,782,783,20,4
4410,1343,1344,20,7
4410,4410,4411,20,20
4411,783,784,20,4
4411,4411,4412,20,20
4412,4412,4413,20,20
4413,4413,4414,20,20
4414,4414,4415,20,20
4415,4415,4416,20,20
4416,577,578,20,3
4416,4416,4417,20,20
4417,578,579,20,3
4417,4417,4418,20,20
4418,1353,1354,20,7
4418,4418,4419,20,20
4419,793,794,20,4
4419,1354,1355,20,7
4419,4419,4420,20,20
4420,794,795,20,4
4420,4420,4421,20,20
4421,4421,4422,20,20
4422,4422,4423,20,20
4423,4423,4424,20,20
4424,4424,4425,20,20
4425,588,589,20,3
4425,4425,4426,20,20
4426,589,590,20,3
4426,4426,4427,20,20
4427,1177,1178,20,7
4427,4427,4428,20,20
4428,617,618,20,4
4428,1178,1179,20,7
4428,4428,4429,20,20
4429,618,619,20,4
4429,4429,4430,20,20
4430,4430,4431,20,20
4431,4431,4432,20,20
4432,4432,4433,20,20
4433,4433,4434,20,20
4434,599,600,20,3
4434,4434,4435,20,20
4435,600,601,20,3
4435,4435,4436,20,20
4436,1188,1189,20,7
4436,4436,4437,20,20
4437,628,629,20,4
4437,1189,1190,20,7
4437,4437,4438,20,20
4438,629,630,20,4
4438,4438,4439,20,20
4439,4439,4440,20,20
4440,4440,4441,20,20
4441,4441,4442,20,20
4442,4442,4443,20,20
4443,610,611,20,3
4443,4443,4444,20,20
4444,611,425,20,3
4444,4444,4445,20,20
4445,1199,1200,20,7
4445,4445,4446,20,20
4446,639,640,20,4
4446,1200,1201,20,7
4446,4446,4447,20,20
4447,640,641,20,4
4447,4447,4448,20,20
4448,4448,4449,20,20
4449,4449,4450,20,20
4450,4450,4451,20,20
4451,4451,4452,20,20
4452,434,435,20,3
4452,4452,4453,20,20
4453,435,436,20,3
4453,4453,4454,20,20
4454,1210,1211,20,7
4454,4454,4455,20,20
4455,650,651,20,4
4455,1211,1212,20,7
4455,4455,4456,20,20
4456,651,652,20,4
4456,4456,4457,20,20
4457,4457,4458,20,20
4458,4458,4459,20,20
4459,4459,4460,20,20
4460,4460,4461,20,20
4461,445,446,20,3
4461,4461,4462,20,20
4462,446,447,20,3
4462,4462,4463,20,20
4463,1221,1222,20,7
4463,4463,4464,20,20
4464,661,662,20,4
4464,1222,1223,20,7
4464,4464,4465,20,20
4465,662,663,20,4
4465,4465,4466,20,20
4466,4466,4467,20,20
4467,4467,4468,20,20
4468,4468,4469,20,20
4469,4469,4470,20,20
4470,456,457,20,3
4470,4470,4471,20,20
4471,457,458,20,3
4471,4471,4472,20,20
4472,1232,1233,20,7
4472,4472,4473,20,20
4473,672,673,20,4
4473,1233,1234,20,7
4473,4473,4474,20,20
4474,673,674,20,4
4474,4474,4475,20,20
4475,4475,4476,20,20
4476,4476,4477,20,20
4477,4477,4478,20,20
4478,4478,4479,20,20
4479,467,468,20,3
4479,4479,4480,20,20
4480,468,469,20,3
4480,4480,4481,20,20
4481,1243,1244,20,7
4481,4481,4482,20,20
4482,683,684,20,4
4482,1244,1245,20,7
4482,4482,4483,20,20
4483,684,685,20,4
4483,4483,4484,20,20
4484,4484,4485,20,20
4485,4485,4486,20,20
4486,4486,4487,20,20
4487,4487,4488,20,20
4488,478,479,20,3
4488,4488,4489,20,20
4489,479,480,20,3
4489,4489,4490,20,20
4490,1254,1255,20,7
4490,4490,4491,20,20
4491,694,695,20,4
4491,1255,1256,20,7
4491,4491,4492,20,20
4492,695,696,20,4
4492,4492,4493,20,20
4493,4493,4494,20,20
4494,4494,4495,20,20
4495,4495,4496,20,20
4496,4496,4497,20,20
4497,489,490,20,3
4497,4497,4498,20,20
4498,490,491,20,3
4498,4498,4499,20,20
4499,1265,1266,20,7
4499,4499,4500,20,20
4500,705,706,20,4
4500,1266,1267,20,7
4500,4500,4501,20,20
4501,706,707,20,4
4501,4501,4502,20,20
4502,4502,4503,20,20
4503,4503,4504,20,20
4504,4504,4352,20,20
4505,4505,4506,21,21
4506,687,688,21,4
4506,4506,4507,21,21
4507,688,689,21,4
4507,4507,4508,21,21
4508,1226,1227,21,7
4508,4508,4509,21,21
4509,1227,1228,21,7
4509,4509,4510,21,21
4510,717,718,21,4
4510,4510,4511,21,21
4511,718,719,21,4
4511,4511,4512,21,21
4512,4512,4513,21,21
4513,4513,4514,21,21
4514,4514,4515,21,21
4515,698,699,21,4
4515,4515,4516,21,21
4516,699,700,21,4
4516,4516,4517,21,21
4517,1237,1238,21,7
4517,4517,4518,21,21
4518,1238,1239,21,7
4518,4518,4519,21,21
4519,728,729,21,4
4519,4519,4520,21,21
4520,729,730,21,4
4520,4520,4521,21,21
4521,4521,4522,21,21
4522,4522,4523,21,21
4523,4523,4524,21,21
4524,709,710,21,4
4524,4524,4525,21,21
4525,710,711,21,4
4525,4525,4526,21,21
4526,1248,1249,21,7
4526,4526,4527,21,21
4527,1249,1250,21,7
4527,4527,4528,21,21
4528,739,740,21,4
4528,4528,4529,21,21
4529,740,741,21,4
4529,4529,4530,21,21
4530,4530,4531,21,21
4531,4531,4532,21,21
4532,4532,4533,21,21
4533,720,721,21,4
4533,4533,4534,21,21
4534,721,722,21,4
4534,4534,4535,21,21
4535,1259,1260,21,7
4535,4535,4536,21,21
4536,1260,1261,21,7
4536,4536,4537,21,21
4537,750,751,21,4
4537,4537,4538,21,21
4538,751,752,21,4
4538,4538,4539,21,21
4539,4539,4540,21,21
4540,4540,4541,21,21
4541,4541,4542,21,21
4542,731,732,21,4
4542,4542,4543,21,21
4543,732,733,21,4
4543,4543,4544,21,21
4544,1270,1271,21,7
4544,4544,4545,21,21
4545,1271,1272,21,7
4545,4545,4546,21,21
4546,761,762,21,4
4546,4546,4547,21,21
4547,762,763,21,4
4547,4547,4548,21,21
4548,4548,4549,21,21
4549,4549,4550,21,21
4550,4550,4551,21,21
4551,742,743,21,4
4551,4551,4552,21,21
4552,743,744,21,4
4552,4552,4553,21,21
4553,1281,1282,21,7
4553,4553,4554,21,21
4554,1282,1283,21,7
4554,4554,4555,21,21
4555,772,773,21,4
4555,4555,4556,21,21
4556,773,774,21,4
4556,4556,4557,21,21
4557,4557,4558,21,21
4558,4558,4559,21,21
4559,4559,4560,21,21
4560,753,754,21,4
4560,4560,4561,21,21
4561,754,755,21,4
4561,4561,4562,21,21
4562,1292,1293,21,7
4562,4562,4563,21,21
4563,1293,1294,21,7
4563,4563,4564,21,21
4564,783,784,21,4
4564,4564,4565,21,21
4565,784,785,21,4
4565,4565,4566,21,21
4566,4566,4567,21,21
4567,4567,4568,21,21
4568,4568,4569,21,21
4569,764,765,21,4
4569,4569,4570,21,21
4570,765,766,21,4
4570,4570,4571,21,21
4571,1303,1304,21,7
4571,4571,4572,21,21
4572,1304,1305,21,7
4572,4572,4573,21,21
4573,794,795,21,4
4573,4573,4574,21,21
4574,795,796,21,4
4574,4574,4575,21,21
4575,4575,4576,21,21
4576,4576,4577,21,21
4577,4577,4578,21,21
4578,775,776,21,4
4578,4578,4579,21,21
4579,776,777,21,4
4579,4579,4580,21,21
4580,1314,1315,21,7
4580,4580,4581,21,21
4581,1315,1316,21,7
4581,4581,4582,21,21
4582,618,619,21,4
4582,4582,4583,21,21
4583,619,620,21,4
4583,4583,4584,21,21
4584,4584,4585,21,21
4585,4585,4586,21,21
4586,4586,4587,21,21
4587,786,787,21,4
4587,4587,4588,21,21
4588,787,788,21,4
4588,4588,4589,21,21
4589,1325,1326,21,7
4589,4589,4590,21,21
4590,1326,1327,21,7
4590,4590,4591,21,21
4591,629,630,21,4
4591,4591,4592,21,21
4592,630,631,21,4
4592,4592,4593,21,21
4593,4593,4594,21,21
4594,4594,4595,21,21
4595,4595,4596,21,21
4596,797,798,21,4
4596,4596,4597,21,21
4597,798,612,21,4
4597,4597,4598,21,21
4598,1336,1337,21,7
4598,4598,4599,21,21
4599,1337,1338,21,7
4599,4599,4600,21,21
4600,640,641,21,4
4600,4600,4601,21,21
4601,641,642,21,4
4601,4601,4602,21,21
4602,4602,4603,21,21
4603,4603,4604,21,21
4604,4604,4605,21,21
4605,621,622,21,4
4605,4605,4606,21,21
4606,622,623,21,4
4606,4606,4607,21,21
4607,1347,1348,21,7
4607,4607,4608,21,21
4608,1348,1349,21,7
4608,4608,4609,21,21
4609,651,652,21,4
4609,4609,4610,21,21
4610,652,653,21,4
4610,4610,4611,21,21
4611,4611,4612,21,21
4612,4612,4613,21,21
4613,4613,4614,21,21
4614,632,633,21,4
4614,4614,4615,21,21
4615,633,634,21,4
4615,4615,4616,21,21
4616,1358,1359,21,7
4616,4616,4617,21,21
4617,1359,1173,21,7
4617,4617,4618,21,21
4618,662,663,21,4
4618,4618,4619,21,21
4619,663,664,21,4
4619,4619,4620,21,21
4620,4620,4621,21,21
4621,4621,4622,21,21
4622,4622,4623,21,21
4623,643,644,21,4
4623,4623,4624,21,21
4624,644,645,21,4
4624,4624,4625,21,21
4625,1182,1183,21,7
4625,4625,4626,21,21
4626,1183,1184,21,7
4626,4626,4627,21,21
4627,673,674,21,4
4627,4627,4628,21,21
4628,674,675,21,4
4628,4628,4629,21,21
4629,4629,4630,21,21
4630,4630,4631,21,21
4631,4631,4632,21,21
4632,654,655,21,4
4632,4632,4633,21,21
4633,655,656,21,4
4633,4633,4634,21,21
4634,1193,1194,21,7
4634,4634,4635,21,21
4635,1194,1195,21,7
4635,4635,4636,21,21
4636,684,685,21,4
4636,4636,4637,21,21
4637,685,686,21,4
4637,4637,4638,21,21
4638,4638,4639,21,21
4639,4639,4640,21,21
4640,4640,4641,21,21
4641,665,666,21,4
4641,4641,4642,21,21
4642,666,667,21,4
4642,4642,4643,21,21
4643,1204,1205,21,7
4643,4643,4644,21,21
4644,1205,1206,21,7
4644,4644,4645,21,21
4645,695,696,21,4
4645,4645,4646,21,21
4646,696,697,21,4
4646,4646,4647,21,21
4647,4647,4648,21,21
4648,4648,4649,21,21
4649,4649,4650,21,21
4650,676,677,21,4
4650,4650,4651,21,21
4651,677,678,21,4
4651,4651,4652,21,21
4652,1215,1216,21,7
4652,4652,4653,21,21
4653,1216,1217,21,7
4653,4653,4654,21,21
4654,706,707,21,4
4654,4654,4655,21,21
4655,707,708,21,4
4655,4655,4656,21,21
4656,4656,4657,21,21
4657,4657,4505,21,21
4658,4658,4659,22,22
4659,400,401,22,2
4659,4659,4660,22,22
4660,401,402,22,2
4660,2656,2657,22,14
4660,4660,4661,22,22
4661,4661,4662,22,22
4662,903,904,22,5
4662,4662,4663,22,22
4663,904,905,22,5
4663,4663,4664,22,22
4664,4664,4665,22,22
4665,4665,4666,22,22
4666,4666,4667,22,22
4667,4667,4668,22,22
4668,411,412,22,2
4668,4668,4669,22,22
4669,412,413,22,2
4669,3041,3042,22,14
4669,4669,4670,22,22
4670,4670,4671,22,22
4671,914,915,22,5
4671,4671,4672,22,22
4672,915,916,22,5
4672,4672,4673,22,22
4673,4673,4674,22,22
4674,4674,4675,22,22
4675,4675,4676,22,22
4676,4676,4677,22,22
4677,422,423,22,2
4677,4677,4678,22,22
4678,423,424,22,2
4678,3426,3427,22,14
4678,4678,4679,22,22
4679,4679,4680,22,22
4680,925,926,22,5
4680,4680,4681,22,22
4681,926,927,22,5
4681,4681,4682,22,22
4682,4682,4683,22,22
4683,4683,4684,22,22
4684,4684,4685,22,22
4685,4685,4686,22,22
4686,246,247,22,2
4686,4686,4687,22,22
4687,247,248,22,2
4687,2502,2503,22,14
4687,4687,4688,22,22
4688,4688,4689,22,22
4689,936,937,22,5
4689,4689,4690,22,22
4690,937,938,22,5
4690,4690,4691,22,22
4691,4691,4692,22,22
4692,4692,4693,22,22
4693,4693,4694,22,22
4694,4694,4695,22,22
4695,257,258,22,2
4695,4695,4696,22,22
4696,258,259,22,2
4696,2887,2888,22,14
4696,4696,4697,22,22
4697,4697,4698,22,22
4698,947,948,22,5
4698,4698,4699,22,22
4699,948,949,22,5
4699,4699,4700,22,22
4700,4700,4701,22,22
4701,4701,4702,22,22
4702,4702,4703,22,22
4703,4703,4704,22,22
4704,268,269,22,2
4704,4704,4705,22,22
4705,269,270,22,2
4705,3272,3273,22,14
4705,4705,4706,22,22
4706,4706,4707,22,22
4707,958,959,22,5
4707,4707,4708,22,22
4708,959,960,22,5
4708,4708,4709,22,22
4709,4709,4710,22,22
4710,4710,4711,22,22
4711,4711,4712,22,22
4712,4712,4713,22,22
4713,279,280,22,2
4713,4713,4714,22,22
4714,280,281,22,2
4714,2348,2349,22,14
4714,4714,4715,22,22
4715,4715,4716,22,22
4716,969,970,22,5
4716,4716,4717,22,22
4717,970,971,22,5
4717,4717,4718,22,22
4718,4718,4719,22,22
4719,4719,4720,22,22
4720,4720,4721,22,22
4721,4721,4722,22,22
4722,290,291,22,2
4722,4722,4723,22,22
4723,291,292,22,2
4723,2733,2734,22,14
4723,4723,4724,22,22
4724,4724,4725,22,22
4725,980,981,22,5
4725,4725,4726,22,22
4726,981,982,22,5
4726,4726,4727,22,22
4727,4727,4728,22,22
4728,4728,4729,22,22
4729,4729,4730,22,22
4730,4730,4731,22,22
4731,301,302,22,2
4731,4731,4732,22,22
4732,302,303,22,2
4732,3118,3119,22,14
4732,4732,4733,22,22
4733,4733,4734,22,22
4734,804,805,22,5
4734,4734,4735,22,22
4735,805,806,22,5
4735,4735,4736,22,22
4736,4736,4737,22,22
4737,4737,4738,22,22
4738,4738,4739,22,22
4739,4739,4740,22,22
4740,312,313,22,2
4740,4740,4741,22,22
4741,313,314,22,2
4741,3503,3504,22,14
4741,4741,4742,22,22
4742,4742,4743,22,22
4743,815,816,22,5
4743,4743,4744,22,22
4744,816,817,22,5
4744,4744,4745,22,22
4745,4745,4746,22,22
4746,4746,4747,22,22
4747,4747,4748,22,22
4748,4748,4749,22,22
4749,323,324,22,2
4749,4749,4750,22,22
4750,324,325,22,2
4750,2579,2580,22,14
4750,4750,4751,22,22
4751,4751,4752,22,22
4752,826,827,22,5
4752,4752,4753,22,22
4753,827,828,22,5
4753,4753,4754,22,22
4754,4754,4755,22,22
4755,4755,4756,22,22
4756,4756,4757,22,22
4757,4757,4758,22,22
4758,334,335,22,2
4758,4758,4759,22,22
4759,335,336,22,2
4759,2964,2965,22,14
4759,4759,4760,22,22
4760,4760,4761,22,22
4761,837,838,22,5
4761,4761,4762,22,22
4762,838,839,22,5
4762,4762,4763,22,22
4763,4763,4764,22,22
4764,4764,4765,22,22
4765,4765,4766,22,22
4766,4766,4767,22,22
4767,345,346,22,2
4767,4767,4768,22,22
4768,346,347,22,2
4768,3349,3350,22,14
4768,4768,4769,22,22
4769,4769,4770,22,22
4770,848,849,22,5
4770,4770,4771,22,22
4771,849,850,22,5
4771,4771,4772,22,22
4772,4772,4773,22,22
4773,4773,4774,22,22
4774,4774,4775,22,22
4775,4775,4776,22,22
4776,356,357,22,2
4776,4776,4777,22,22
4777,357,358,22,2
4777,2425,2426,22,14
4777,4777,4778,22,22
4778,4778,4779,22,22
4779,859,860,22,5
4779,4779,4780,22,22
4780,860,861,22,5
4780,4780,4781,22,22
4781,4781,4782,22,22
4782,4782,4783,22,22
4783,4783,4784,22,22
4784,4784,4785,22,22
4785,367,368,22,2
4785,4785,4786,22,22
4786,368,369,22,2
4786,2810,2811,22,14
4786,4786,4787,22,22
4787,4787,4788,22,22
4788,870,871,22,5
4788,4788,4789,22,22
4789,871,872,22,5
4789,4789,4790,22,22
4790,4790,4791,22,22
4791,4791,4792,22,22
4792,4792,4793,22,22
4793,4793,4794,22,22
4794,378,379,22,2
4794,4794,4795,22,22
4795,379,380,22,2
4795,3195,3196,22,14
4795,4795,4796,22,22
4796,4796,4797,22,22
4797,881,882,22,5
4797,4797,4798,22,22
4798,882,883,22,5
4798,4798,4799,22,22
4799,4799,4800,22,22
4800,4800,4801,22,22
4801,4801,4802,22,22
4802,4802,4803,22,22
4803,389,390,22,2
4803,4803,4804,22,22
4804,390,391,22,2
4804,3580,3581,22,14
4804,4804,4805,22,22
4805,4805,4806,22,22
4806,892,893,22,5
4806,4806,4807,22,22
4807,893,894,22,5
4807,4807,4808,22,22
4808,4808,4809,22,22
4809,4809,4810,22,22
4810,4810,4658,22,22
4811,4811,4812,23,23
4812,587,588,23,3
4812,4812,4813,23,23
4813,588,589,23,3
4813,4813,4814,23,23
4814,4814,4815,23,23
4815,1227,1228,23,7
4815,4815,4816,23,23
4816,904,905,23,5
4816,1228,1229,23,7
4816,4816,4817,23,23
4817,905,906,23,5
4817,4817,4818,23,23
4818,4818,4819,23,23
4819,4819,4820,23,23
4820,4820,4821,23,23
4821,598,599,23,3
4821,4821,4822,23,23
4822,599,600,23,3
4822,4822,4823,23,23
4823,4823,4824,23,23
4824,1238,1239,23,7
4824,4824,4825,23,23
4825,915,916,23,5
4825,1239,1240,23,7
4825,4825,4826,23,23
4826,916,917,23,5
4826,4826,4827,23,23
4827,4827,4828,23,23
4828,4828,4829,23,23
4829,4829,4830,23,23
4830,609,610,23,3
4830,4830,4831,23,23
4831,610,611,23,3
4831,4831,4832,23,23
4832,4832,4833,23,23
4833,1249,1250,23,7
4833,4833,4834,23,23
4834,926,927,23,5
4834,1250,1251,23,7
4834,4834,4835,23,23
4835,927,928,23,5
4835,4835,4836,23,23
4836,4836,4837,23,23
4837,4837,4838,23,23
4838,4838,4839,23,23
4839,433,434,23,3
4839,4839,4840,23,23
4840,434,435,23,3
4840,4840,4841,23,23
4841,4841,4842,23,23
4842,1260,1261,23,7
4842,4842,4843,23,23
4843,937,938,23,5
4843,1261,1262,23,7
4843,4843,4844,23,23
4844,938,939,23,5
4844,4844,4845,23,23
4845,4845,4846,23,23
4846,4846,4847,23,23
4847,4847,4848,23,23
4848,444,445,23,3
4848,4848,4849,23,23
4849,445,446,23,3
4849,4849,4850,23,23
4850,4850,4851,23,23
4851,1271,1272,23,7
4851,4851,4852,23,23
4852,948,949,23,5
4852,1272,1273,23,7
4852,4852,4853,23,23
4853,949,950,23,5
4853,4853,4854,23,23
4854,4854,4855,23,23
4855,4855,4856,23,23
4856,4856,4857,23,23
4857,455,456,23,3
4857,4857,4858,23,23
4858,456,457,23,3
4858,4858,4859,23,23
4859,4859,4860,23,23
4860,1282,1283,23,7
4860,4860,4861,23,23
4861,959,960,23,5
4861,1283,1284,23,7
4861,4861,4862,23,23
4862,960,961,23,5
4862,4862,4863,23,23
4863,4863,4864,23,23
4864,4864,4865,23,23
4865,4865,4866,23,23
4866,466,467,23,3
4866,4866,4867,23,23
4867,467,468,23,3
4867,4867,4868,23,23
4868,4868,4869,23,23
4869,1293,1294,23,7
4869,4869,4870,23,23
4870,970,971,23,5
4870,1294,1295,23,7
4870,4870,4871,23,23
4871,971,972,23,5
4871,4871,4872,23,23
4872,4872,4873,23,23
4873,4873,4874,23,23
4874,4874,4875,23,23
4875,477,478,23,3
4875,4875,4876,23,23
4876,478,479,23,3
4876,4876,4877,23,23
4877,4877,4878,23,23
4878,1304,1305,23,7
4878,4878,4879,23,23
4879,981,982,23,5
4879,1305,1306,23,7
4879,4879,4880,23,23
4880,982,983,23,5
4880,4880,4881,23,23
4881,4881,4882,23,23
4882,4882,4883,23,23
4883,4883,4884,23,23
4884,488,489,23,3
4884,4884,4885,23,23
4885,489,490,23,3
4885,4885,4886,23,23
4886,4886,4887,23,23
4887,1315,1316,23,7
4887,4887,4888,23,23
4888,805,806,23,5
4888,1316,1317,23,7
4888,4888,4889,23,23
4889,806,807,23,5
4889,4889,4890,23,23
4890,4890,4891,23,23
4891,4891,4892,23,23
4892,4892,4893,23,23
4893,499,500,23,3
4893,4893,4894,23,23
4894,500,501,23,3
4894,4894,4895,23,23
4895,4895,4896,23,23
4896,1326,1327,23,7
4896,4896,4897,23,23
4897,816,817,23,5
4897,1327,1328,23,7
4897,4897,4898,23,23
4898,817,818,23,5
4898,4898,4899,23,23
4899,4899,4900,23,23
4900,4900,4901,23,23
4901,4901,4902,23,23
4902,510,511,23,3
4902,4902,4903,23,23
4903,511,512,23,3
4903,4903,4904,23,23
4904,4904,4905,23,23
4905,1337,1338,23,7
4905,4905,4906,23,23
4906,827,828,23,5
4906,1338,1339,23,7
4906,4906,4907,23,23
4907,828,829,23,5
4907,4907,4908,23,23
4908,4908,4909,23,23
4909,4909,4910,23,23
4910,4910,4911,23,23
4911,521,522,23,3
4911,4911,4912,23,23
4912,522,523,23,3
4912,4912,4913,23,23
4913,4913,4914,23,23
4914,1348,1349,23,7
4914,4914,4915,23,23
4915,838,839,23,5
4915,1349,1350,23,7
4915,4915,4916,23,23
4916,839,840,23,5
4916,4916,4917,23,23
4917,4917,4918,23,23
4918,4918,4919,23,23
4919,4919,4920,23,23
4920,532,533,23,3
4920,4920,4921,23,23
4921,533,534,23,3
4921,4921,4922,23,23
4922,4922,4923,23,23
4923,1359,1173,23,7
4923,4923,4924,23,23
4924,849,850,23,5
4924,1173,1174,23,7
4924,4924,4925,23,23
4925,850,851,23,5
4925,4925,4926,23,23
4926,4926,4927,23,23
4927,4927,4928,23,23
4928,4928,4929,23,23
4929,543,544,23,3
4929,4929,4930,23,23
4930,544,545,23,3
4930,4930,4931,23,23
4931,4931,4932,23,23
4932,1183,1184,23,7
4932,4932,4933,23,23
4933,860,861,23,5
4933,1184,1185,23,7
4933,4933,4934,23,23
4934,861,862,23,5
4934,4934,4935,23,23
4935,4935,4936,23,23
4936,4936,4937,23,23
4937,4937,4938,23,23
4938,554,555,23,3
4938,4938,4939,23,23
4939,555,556,23,3
4939,4939,4940,23,23
4940,4940,4941,23,23
4941,1194,1195,23,7
4941,4941,4942,23,23
4942,871,872,23,5
4942,1195,1196,23,7
4942,4942,4943,23,23
4943,872,873,23,5
4943,4943,4944,23,23
4944,4944,4945,23,23
4945,4945,4946,23,23
4946,4946,4947,23,23
4947,565,566,23,3
4947,4947,4948,23,23
4948,566,567,23,3
4948,4948,4949,23,23
4949,4949,4950,23,23
4950,1205,1206,23,7
4950,4950,4951,23,23
4951,882,883,23,5
4951,1206,1207,23,7
4951,4951,4952,23,23
4952,883,884,23,5
4952,4952,4953,23,23
4953,4953,4954,23,23
4954,4954,4955,23,23
4955,4955,4956,23,23
4956,576,577,23,3
4956,4956,4957,23,23
4957,577,578,23,3
4957,4957,4958,23,23
4958,4958,4959,23,23
4959,1216,1217,23,7
4959,4959,4960,23,23
4960,893,894,23,5
4960,1217,1218,23,7
4960,4960,4961,23,23
4961,894,895,23,5
4961,4961,4962,23,23
4962,4962,4963,23,23
4963,4963,4811,23,23
4964,4964,4965,24,24
4965,300,301,24,2
4965,4965,4966,24,24
4966,301,302,24,2
4966,4966,4967,24,24
4967,2845,2846,24,14
4967,4967,4968,24,24
4968,4968,4969,24,24
4969,1091,1092,24,6
4969,4969,4970,24,24
4970,1092,1093,24,6
4970,4970,4971,24,24
4971,4971,4972,24,24
4972,4972,4973,24,24
4973,4973,4974,24,24
4974,311,312,24,2
4974,4974,4975,24,24
4975,312,313,24,2
4975,4975,4976,24,24
4976,3230,3231,24,14
4976,4976,4977,24,24
4977,4977,4978,24,24
4978,1102,1103,24,6
4978,4978,4979,24,24
4979,1103,1104,24,6
4979,4979,4980,24,24
4980,4980,4981,24,24
4981,4981,4982,24,24
4982,4982,4983,24,24
4983,322,323,24,2
4983,4983,4984,24,24
4984,323,324,24,2
4984,4984,4985,24,24
4985,2306,2307,24,14
4985,4985,4986,24,24
4986,4986,4987,24,24
4987,1113,1114,24,6
4987,4987,4988,24,24
4988,1114,1115,24,6
4988,4988,4989,24,24
4989,4989,4990,24,24
4990,4990,4991,24,24
4991,4991,4992,24,24
4992,333,334,24,2
4992,4992,4993,24,24
4993,334,335,24,2
4993,4993,4994,24,24
4994,2691,2692,24,14
4994,4994,4995,24,24
4995,4995,4996,24,24
4996,1124,1125,24,6
4996,4996,4997,24,24
4997,1125,1126,24,6
4997,4997,4998,24,24
4998,4998,4999,24,24
4999,4999,5000,24,24
5000,5000,5001,24,24
5001,344,345,24,2
5001,5001,5002,24,24
5002,345,346,24,2
5002,5002,5003,24,24
5003,3076,3077,24,14
5003,5003,5004,24,24
5004,5004,5005,24,24
5005,1135,1136,24,6
5005,5005,5006,24,24
5006,1136,1137,24,6
5006,5006,5007,24,24
5007,5007,5008,24,24
5008,5008,5009,24,24
5009,5009,5010,24,24
5010,355,356,24,2
5010,5010,5011,24,24
5011,356,357,24,2
5011,5011,5012,24,24
5012,3461,3462,24,14
5012,5012,5013,24,24
5013,5013,5014,24,24
5014,1146,1147,24,6
5014,5014,5015,24,24
5015,1147,1148,24,6
5015,5015,5016,24,24
5016,5016,5017,24,24
5017,5017,5018,24,24
5018,5018,5019,24,24
5019,366,367,24,2
5019,5019,5020,24,24
5020,367,368,24,2
5020,5020,5021,24,24
5021,2537,2538,24,14
5021,5021,5022,24,24
5022,5022,5023,24,24
5023,1157,1158,24,6
5023,5023,5024,24,24
5024,1158,1159,24,6
5024,5024,5025,24,24
5025,5025,5026,24,24
5026,5026,5027,24,24
5027,5027,5028,24,24
5028,377,378,24,2
5028,5028,5029,24,24
5029,378,379,24,2
5029,5029,5030,24,24
5030,2922,2923,24,14
5030,5030,5031,24,24
5031,5031,5032,24,24
5032,1168,1169,24,6
5032,5032,5033,24,24
5033,1169,1170,24,6
5033,5033,5034,24,24
5034,5034,5035,24,24
5035,5035,5036,24,24
5036,5036,5037,24,24
5037,388,389,24,2
5037,5037,5038,24,24
5038,389,390,24,2
5038,5038,5039,24,24
5039,3307,3308,24,14
5039,5039,5040,24,24
5040,5040,5041,24,24
5041,992,993,24,6
5041,5041,5042,24,24
5042,993,994,24,6
5042,5042,5043,24,24
5043,5043,5044,24,24
5044,5044,5045,24,24
5045,5045,5046,24,24
5046,399,400,24,2
5046,5046,5047,24,24
5047,400,401,24,2
5047,5047,5048,24,24
5048,2383,2384,24,14
5048,5048,5049,24,24
5049,5049,5050,24,24
5050,1003,1004,24,6
5050,5050,5051,24,24
5051,1004,1005,24,6
5051,5051,5052,24,24
5052,5052,5053,24,24
5053,5053,5054,24,24
5054,5054,5055,24,24
5055,410,411,24,2
5055,5055,5056,24,24
5056,411,412,24,2
5056,5056,5057,24,24
5057,2768,2769,24,14
5057,5057,5058,24,24
5058,5058,5059,24,24
5059,1014,1015,24,6
5059,5059,5060,24,24
5060,1015,1016,24,6
5060,5060,5061,24,24
5061,5061,5062,24,24
5062,5062,5063,24,24
5063,5063,5064,24,24
5064,421,422,24,2
5064,5064,5065,24,24
5065,422,423,24,2
5065,5065,5066,24,24
5066,3153,3154,24,14
5066,5066,5067,24,24
5067,5067,5068,24,24
5068,1025,1026,24,6
5068,5068,5069,24,24
5069,1026,1027,24,6
5069,5069,5070,24,24
5070,5070,5071,24,24
5071,5071,5072,24,24
5072,5072,5073,24,24
5073,245,246,24,2
5073,5073,5074,24,24
5074,246,247,24,2
5074,5074,5075,24,24
5075,3538,3539,24,14
5075,5075,5076,24,24
5076,5076,5077,24,24
5077,1036,1037,24,6
5077,5077,5078,24,24
5078,1037,1038,24,6
5078,5078,5079,24,24
5079,5079,5080,24,24
5080,5080,5081,24,24
5081,5081,5082,24,24
5082,256,257,24,2
5082,5082,5083,24,24
5083,257,258,24,2
5083,5083,5084,24,24
5084,2614,2615,24,14
5084,5084,5085,24,24
5085,5085,5086,24,24
5086,1047,1048,24,6
5086,5086,5087,24,24
5087,1048,1049,24,6
5087,5087,5088,24,24
5088,5088,5089,24,24
5089,5089,5090,24,24
5090,5090,5091,24,24
5091,267,268,24,2
5091,5091,5092,24,24
5092,268,269,24,2
5092,5092,5093,24,24
5093,2999,3000,24,14
5093,5093,5094,24,24
5094,5094,5095,24,24
5095,1058,1059,24,6
5095,5095,5096,24,24
5096,1059,1060,24,6
5096,5096,5097,24,24
5097,5097,5098,24,24
5098,5098,5099,24,24
5099,5099,5100,24,24
5100,278,279,24,2
5100,5100,5101,24,24
5101,279,280,24,2
5101,5101,5102,24,24
5102,3384,3385,24,14
5102,5102,5103,24,24
5103,5103,5104,24,24
5104,1069,1070,24,6
5104,5104,5105,24,24
5105,1070,1071,24,6
5105,5105,5106,24,24
5106,5106,5107,24,24
5107,5107,5108,24,24
5108,5108,5109,24,24
5109,289,290,24,2
5109,5109,5110,24,24
5110,290,291,24,2
5110,5110,5111,24,24
5111,2460,2461,24,14
5111,5111,5112,24,24
5112,5112,5113,24,24
5113,1080,1081,24,6
5113,5113,5114,24,24
5114,1081,1082,24,6
5114,5114,5115,24,24
5115,5115,5116,24,24
5116,5116,4964,24,24
5117,5117,5118,25,25
5118,5118,5119,25,25
5119,5119,5120,25,25
5120,5120,5121,25,25
5121,5121,5122,25,25
5122,5122,5123,25,25
5123,5123,5124,25,25
5124,5124,5125,25,25
5125,5125,5126,25,25
5126,5126,5127,25,25
5127,5127,5128,25,25
5128,5128,5129,25,25
5129,5129,5130,25,25
5130,5130,5131,25,25
5131,5131,5132,25,25
5132,5132,5133,25,25
5133,5133,5134,25,25
5134,5134,5135,25,25
5135,5135,5136,25,25
5136,5136,5137,25,25
5137,5137,5138,25,25
5138,5138,5139,25,25
5139,5139,5140,25,25
5140,5140,5141,25,25
5141,5141,5142,25,25
5142,5142,5143,25,25
5143,5143,5144,25,25
5144,5144,5145,25,25
5145,5145,5146,25,25
5146,5146,5147,25,25
5147,5147,5148,25,25
5148,5148,5149,25,25
5149,5149,5150,25,25
5150,5150,5151,25,25
5151,5151,5152,25,25
5152,5152,5153,25,25
5153,5153,5154,25,25
5154,5154,5155,25,25
5155,5155,5156,25,25
5156,5156,5157,25,25
5157,5157,5158,25,25
5158,5158,5159,25,25
5159,5159,5160,25,25
5160,5160,5161,25,25
5161,5161,5162,25,25
5162,5162,5163,25,25
5163,5163,5164,25,25
5164,5164,5165,25,25
5165,5165,5166,25,25
5166,5166,5167,25,25
5167,5167,5168,25,25
5168,5168,5169,25,25
5169,5169,5170,25,25
5170,5170,5171,25,25
5171,5171,5172,25,25
5172,5172,5173,25,25
5173,5173,5174,25,25
5174,5174,5175,25,25
5175,5175,5176,25,25
5176,5176,5177,25,25
5177,5177,5178,25,25
5178,5178,5179,25,25
5179,5179,5180,25,25
5180,5180,5181,25,25
5181,5181,5182,25,25
5182,5182,5183,25,25
5183,5183,5184,25,25
5184,5184,5185,25,25
5185,5185,5186,25,25
5186,5186,5187,25,25
5187,5187,5188,25,25
5188,5188,5189,25,25
5189,5189,5190,25,25
5190,5190,5191,25,25
5191,5191,5192,25,25
5192,5192,5193,25,25
5193,5193,5194,25,25
5194,5194,5195,25,25
5195,5195,5196,25,25
5196,5196,5197,25,25
5197,5197,5198,25,25
5198,5198,5199,25,25
5199,5199,5200,25,25
5200,5200,5201,25,25
5201,5201,5117,25,25
5202,1073,1074,26,6
5202,5202,5203,26,26
5203,1037,1038,26,6
5203,1074,1075,26,6
5203,5203,5204,26,26
5204,1038,1039,26,6
5204,5204,5205,26,26
5205,5205,5206,26,26
5206,5206,5207,26,26
5207,443,444,26,3
5207,5207,5208,26,26
5208,444,445,26,3
5208,5208,5209,26,26
5209,5209,5210,26,26
5210,5210,5211,26,26
5211,1084,1085,26,6
5211,5211,5212,26,26
5212,1048,1049,26,6
5212,1085,1086,26,6
5212,5212,5213,26,26
5213,1049,1050,26,6
5213,5213,5214,26,26
5214,5214,5215,26,26
5215,5215,5216,26,26
5216,454,455,26,3
5216,5216,5217,26,26
5217,455,456,26,3
5217,5217,5218,26,26
5218,5218,5219,26,26
5219,5219,5220,26,26
5220,1095,1096,26,6
5220,5220,5221,26,26
5221,1059,1060,26,6
5221,1096,1097,26,6
5221,5221,5222,26,26
5222,1060,1061,26,6
5222,5222,5223,26,26
5223,5223,5224,26,26
5224,5224,5225,26,26
5225,465,466,26,3
5225,5225,5226,26,26
5226,466,467,26,3
5226,5226,5227,26,26
5227,5227,5228,26,26
5228,5228,5229,26,26
5229,1106,1107,26,6
5229,5229,5230,26,26
5230,1070,1071,26,6
5230,1107,1108,26,6
5230,5230,5231,26,26
5231,1071,1072,26,6
5231,5231,5232,26,26
5232,5232,5233,26,26
5233,5233,5234,26,26
5234,476,477,26,3
5234,5234,5235,26,26
5235,477,478,26,3
5235,5235,5236,26,26
5236,5236,5237,26,26
5237,5237,5238,26,26
5238,1117,1118,26,6
5238,5238,5239,26,26
5239,1081,1082,26,6
5239,1118,1119,26,6
5239,5239,5240,26,26
5240,1082,1083,26,6
5240,5240,5241,26,26
5241,5241,5242,26,26
5242,5242,5243,26,26
5243,487,488,26,3
5243,5243,5244,26,26
5244,488,489,26,3
5244,5244,5245,26,26
5245,5245,5246,26,26
5246,5246,5247,26,26
5247,1128,1129,26,6
5247,5247,5248,26,26
5248,1092,1093,26,6
5248,1129,1130,26,6
5248,5248,5249,26,26
5249,1093,1094,26,6
5249,5249,5250,26,26
5250,5250,5251,26,26
5251,5251,5252,26,26
5252,498,499,26,3
5252,5252,5253,26,26
5253,499,500,26,3
5253,5253,5254,26,26
5254,5254,5255,26,26
5255,5255,5256,26,26
5256,1139,1140,26,6
5256,5256,5257,26,26
5257,1103,1104,26,6
5257,1140,1141,26,6
5257,5257,5258,26,26
5258,1104,1105,26,6
5258,5258,5259,26,26
5259,5259,5260,26,26
5260,5260,5261,26,26
5261,509,510,26,3
5261,5261,5262,26,26
5262,510,511,26,3
5262,5262,5263,26,26
5263,5263,5264,26,26
5264,5264,5265,26,26
5265,1150,1151,26,6
5265,5265,5266,26,26
5266,1114,1115,26,6
5266,1151,1152,26,6
5266,5266,5267,26,26
5267,1115,1116,26,6
5267,5267,5268,26,26
5268,5268,5269,26,26
5269,5269,5270,26,26
5270,520,521,26,3
5270,5270,5271,26,26
5271,521,522,26,3
5271,5271,5272,26,26
5272,5272,5273,26,26
5273,5273,5274,26,26
5274,1161,1162,26,6
5274,5274,5275,26,26
5275,1125,1126,26,6
5275,1162,1163,26,6
5275,5275,5276,26,26
5276,1126,1127,26,6
5276,5276,5277,26,26
5277,5277,5278,26,26
5278,5278,5279,26,26
5279,531,532,26,3
5279,5279,5280,26,26
5280,532,533,26,3
5280,5280,5281,26,26
5281,5281,5282,26,26
5282,5282,5283,26,26
5283,1172,986,26,6
5283,5283,5284,26,26
5284,986,987,26,6
5284,1136,1137,26,6
5284,5284,5285,26,26
5285,1137,1138,26,6
5285,5285,5286,26,26
5286,5286,5287,26,26
5287,5287,5288,26,26
5288,542,543,26,3
5288,5288,5289,26,26
5289,543,544,26,3
5289,5289,5290,26,26
5290,5290,5291,26,26
5291,5291,5292,26,26
5292,996,997,26,6
5292,5292,5293,26,26
5293,997,998,26,6
5293,1147,1148,26,6
5293,5293,5294,26,26
5294,1148,1149,26,6
5294,5294,5295,26,26
5295,5295,5296,26,26
5296,5296,5297,26,26
5297,553,554,26,3
5297,5297,5298,26,26
5298,554,555,26,3
5298,5298,5299,26,26
5299,5299,5300,26,26
5300,5300,5301,26,26
5301,1007,1008,26,6
5301,5301,5302,26,26
5302,1008,1009,26,6
5302,1158,1159,26,6
5302,5302,5303,26,26
5303,1159,1160,26,6
5303,5303,5304,26,26
5304,5304,5305,26,26
5305,5305,5306,26,26
5306,564,565,26,3
5306,5306,5307,26,26
5307,565,566,26,3
5307,5307,5308,26,26
5308,5308,5309,26,26
5309,5309,5310,26,26
5310,1018,1019,26,6
5310,5310,5311,26,26
5311,1019,1020,26,6
5311,1169,1170,26,6
5311,5311,5312,26,26
5312,1170,1171,26,6
5312,5312,5313,26,26
5313,5313,5314,26,26
5314,5314,5315,26,26
5315,575,576,26,3
5315,5315,5316,26,26
5316,576,577,26,3
5316,5316,5317,26,26
5317,5317,5318,26,26
5318,5318,5319,26,26
5319,1029,1030,26,6
5319,5319,5320,26,26
5320,993,994,26,6
5320,1030,1031,26,6
5320,5320,5321,26,26
5321,994,995,26,6
5321,5321,5322,26,26
5322,5322,5323,26,26
5323,5323,5324,26,26
5324,586,587,26,3
5324,5324,5325,26,26
5325,587,588,26,3
5325,5325,5326,26,26
5326,5326,5327,26,26
5327,5327,5328,26,26
5328,1040,1041,26,6
5328,5328,5329,26,26
5329,1004,1005,26,6
5329,1041,1042,26,6
5329,5329,5330,26,26
5330,1005,1006,26,6
5330,5330,5331,26,26
5331,5331,5332,26,26
5332,5332,5333,26,26
5333,597,598,26,3
5333,5333,5334,26,26
5334,598,599,26,3
5334,5334,5335,26,26
5335,5335,5336,26,26
5336,5336,5337,26,26
5337,1051,1052,26,6
5337,5337,5338,26,26
5338,1015,1016,26,6
5338,1052,1053,26,6
5338,5338,5339,26,26
5339,1016,1017,26,6
5339,5339,5340,26,26
5340,5340,5341,26,26
5341,5341,5342,26,26
5342,608,609,26,3
5342,5342,5343,26,26
5343,609,610,26,3
5343,5343,5344,26,26
5344,5344,5345,26,26
5345,5345,5346,26,26
5346,1062,1063,26,6
5346,5346,5347,26,26
5347,1026,1027,26,6
5347,1063,1064,26,6
5347,5347,5348,26,26
5348,1027,1028,26,6
5348,5348,5349,26,26
5349,5349,5350,26,26
5350,5350,5351,26,26
5351,432,433,26,3
5351,5351,5352,26,26
5352,433,434,26,3
5352,5352,5353,26,26
5353,5353,5354,26,26
5354,5354,5202,26,26
5355,973,974,27,5
5355,5355,5356,27,27
5356,974,975,27,5
5356,5356,5357,27,27
5357,1038,1039,27,6
5357,5357,5358,27,27
5358,1039,1040,27,6
5358,5358,5359,27,27
5359,5359,5360,27,27
5360,630,631,27,4
5360,5360,5361,27,27
5361,631,632,27,4
5361,5361,5362,27,27
5362,5362,5363,27,27
5363,5363,5364,27,27
5364,984,985,27,5
5364,5364,5365,27,27
5365,985,799,27,5
5365,5365,5366,27,27
5366,1049,1050,27,6
5366,5366,5367,27,27
5367,1050,1051,27,6
5367,5367,5368,27,27
5368,5368,5369,27,27
5369,641,642,27,4
5369,5369,5370,27,27
5370,642,643,27,4
5370,5370,5371,27,27
5371,5371,5372,27,27
5372,5372,5373,27,27
5373,808,809,27,5
5373,5373,5374,27,27
5374,809,810,27,5
5374,5374,5375,27,27
5375,1060,1061,27,6
5375,5375,5376,27,27
5376,1061,1062,27,6
5376,5376,5377,27,27
5377,5377,5378,27,27
5378,652,653,27,4
5378,5378,5379,27,27
5379,653,654,27,4
5379,5379,5380,27,27
5380,5380,5381,27,27
5381,5381,5382,27,27
5382,819,820,27,5
5382,5382,5383,27,27
5383,820,821,27,5
5383,5383,5384,27,27
5384,1071,1072,27,6
5384,5384,5385,27,27
5385,1072,1073,27,6
5385,5385,5386,27,27
5386,5386,5387,27,27
5387,663,664,27,4
5387,5387,5388,27,27
5388,664,665,27,4
5388,5388,5389,27,27
5389,5389,5390,27,27
5390,5390,5391,27,27
5391,830,831,27,5
5391,5391,5392,27,27
5392,831,832,27,5
5392,5392,5393,27,27
5393,1082,1083,27,6
5393,5393,5394,27,27
5394,1083,1084,27,6
5394,5394,5395,27,27
5395,5395,5396,27,27
5396,674,675,27,4
5396,5396,5397,27,27
5397,675,676,27,4
5397,5397,5398,27,27
5398,5398,5399,27,27
5399,5399,5400,27,27
5400,841,842,27,5
5400,5400,5401,27,27
5401,842,843,27,5
5401,5401,5402,27,27
5402,1093,1094,27,6
5402,5402,5403,27,27
5403,1094,1095,27,6
5403,5403,5404,27,27
5404,5404,5405,27,27
5405,685,686,27,4
5405,5405,5406,27,27
5406,686,687,27,4
5406,5406,5407,27,27
5407,5407,5408,27,27
5408,5408,5409,27,27
5409,852,853,27,5
5409,5409,5410,27,27
5410,853,854,27,5
5410,5410,5411,27,27
5411,1104,1105,27,6
5411,5411,5412,27,27
5412,1105,1106,27,6
5412,5412,5413,27,27
5413,5413,5414,27,27
5414,696,697,27,4
5414,5414,5415,27,27
5415,697,698,27,4
5415,5415,5416,27,27
5416,5416,5417,27,27
5417,5417,5418,27,27
5418,863,864,27,5
5418,5418,5419,27,27
5419,864,865,27,5
5419,5419,5420,27,27
5420,1115,1116,27,6
5420,5420,5421,27,27
5421,1116,1117,27,6
5421,5421,5422,27,27
5422,5422,5423,27,27
5423,707,708,27,4
5423,5423,5424,27,27
5424,708,709,27,4
5424,5424,5425,27,27
5425,5425,5426,27,27
5426,5426,5427,27,27
5427,874,875,27,5
5427,5427,5428,27,27
5428,875,876,27,5
5428,5428,5429,27,27
5429,1126,1127,27,6
5429,5429,5430,27,27
5430,1127,1128,27,6
5430,5430,5431,27,27
5431,5431,5432,27,27
5432,718,719,27,4
5432,5432,5433,27,27
5433,719,720,27,4
5433,5433,5434,27,27
5434,5434,5435,27,27
5435,5435,5436,27,27
5436,885,886,27,5
5436,5436,5437,27,27
5437,886,887,27,5
5437,5437,5438,27,27
5438,1137,1138,27,6
5438,5438,5439,27,27
5439,1138,1139,27,6
5439,5439,5440,27,27
5440,5440,5441,27,27
5441,729,730,27,4
5441,5441,5442,27,27
5442,730,731,27,4
5442,5442,5443,27,27
5443,5443,5444,27,27
5444,5444,5445,27,27
5445,896,897,27,5
5445,5445,5446,27,27
5446,897,898,27,5
5446,5446,5447,27,27
5447,1148,1149,27,6
5447,5447,5448,27,27
5448,1149,1150,27,6
5448,5448,5449,27,27
5449,5449,5450,27,27
5450,740,741,27,4
5450,5450,5451,27,27
5451,741,742,27,4
5451,5451,5452,27,27
5452,5452,5453,27,27
5453,5453,5454,27,27
5454,907,908,27,5
5454,5454,5455,27,27
5455,908,909,27,5
5455,5455,5456,27,27
5456,1159,1160,27,6
5456,5456,5457,27,27
5457,1160,1161,27,6
5457,5457,5458,27,27
5458,5458,5459,27,27
5459,751,752,27,4
5459,5459,5460,27,27
5460,752,753,27,4
5460,5460,5461,27,27
5461,5461,5462,27,27
5462,5462,5463,27,27
5463,918,919,27,5
5463,5463,5464,27,27
5464,919,920,27,5
5464,5464,5465,27,27
5465,1170,1171,27,6
5465,5465,5466,27,27
5466,1171,1172,27,6
5466,5466,5467,27,27
5467,5467,5468,27,27
5468,762,763,27,4
5468,5468,5469,27,27
5469,763,764,27,4
5469,5469,5470,27,27
5470,5470,5471,27,27
5471,5471,5472,27,27
5472,929,930,27,5
5472,5472,5473,27,27
5473,930,931,27,5
5473,5473,5474,27,27
5474,994,995,27,6
5474,5474,5475,27,27
5475,995,996,27,6
5475,5475,5476,27,27
5476,5476,5477,27,27
5477,773,774,27,4
5477,5477,5478,27,27
5478,774,775,27,4
5478,5478,5479,27,27
5479,5479,5480,27,27
5480,5480,5481,27,27
5481,940,941,27,5
5481,5481,5482,27,27
5482,941,942,27,5
5482,5482,5483,27,27
5483,1005,1006,27,6
5483,5483,5484,27,27
5484,1006,1007,27,6
5484,5484,5485,27,27
5485,5485,5486,27,27
5486,784,785,27,4
5486,5486,5487,27,27
5487,785,786,27,4
5487,5487,5488,27,27
5488,5488,5489,27,27
5489,5489,5490,27,27
5490,951,952,27,5
5490,5490,5491,27,27
5491,952,953,27,5
5491,5491,5492,27,27
5492,1016,1017,27,6
5492,5492,5493,27,27
5493,1017,1018,27,6
5493,5493,5494,27,27
5494,5494,5495,27,27
5495,795,796,27,4
5495,5495,5496,27,27
5496,796,797,27,4
5496,5496,5497,27,27
5497,5497,5498,27,27
5498,5498,5499,27,27
5499,962,963,27,5
5499,5499,5500,27,27
5500,963,964,27,5
5500,5500,5501,27,27
5501,1027,1028,27,6
5501,5501,5502,27,27
5502,1028,1029,27,6
5502,5502,5503,27,27
5503,5503,5504,27,27
5504,619,620,27,4
5504,5504,5505,27,27
5505,620,621,27,4
5505,5505,5506,27,27
5506,5506,5507,27,27
5507,5507,5355,27,27
5508,686,687,28,4
5508,5508,5509,28,28
5509,687,688,28,4
5509,5509,5510,28,28
5510,5510,5511,28,28
5511,1039,1040,28,6
5511,5511,5512,28,28
5512,1040,1041,28,6
5512,5512,5513,28,28
5513,817,818,28,5
5513,5513,5514,28,28
5514,818,819,28,5
5514,5514,5515,28,28
5515,5515,5516,28,28
5516,5516,5517,28,28
5517,697,698,28,4
5517,5517,5518,28,28
5518,698,699,28,4
5518,5518,5519,28,28
5519,5519,5520,28,28
5520,1050,1051,28,6
5520,5520,5521,28,28
5521,1051,1052,28,6
5521,5521,5522,28,28
5522,828,829,28,5
5522,5522,5523,28,28
5523,829,830,28,5
5523,5523,5524,28,28
5524,5524,5525,28,28
5525,5525,5526,28,28
5526,708,709,28,4
5526,5526,5527,28,28
5527,709,710,28,4
5527,5527,5528,28,28
5528,5528,5529,28,28
5529,1061,1062,28,6
5529,5529,5530,28,28
5530,1062,1063,28,6
5530,5530,5531,28,28
5531,839,840,28,5
5531,5531,5532,28,28
5532,840,841,28,5
5532,5532,5533,28,28
5533,5533,5534,28,28
5534,5534,5535,28,28
5535,719,720,28,4
5535,5535,5536,28,28
5536,720,721,28,4
5536,5536,5537,28,28
5537,5537,5538,28,28
5538,1072,1073,28,6
5538,5538,5539,28,28
5539,1073,1074,28,6
5539,5539,5540,28,28
5540,850,851,28,5
5540,5540,5541,28,28
5541,851,852,28,5
5541,5541,5542,28,28
5542,5542,5543,28,28
5543,5543,5544,28,28
5544,730,731,28,4
5544,5544,5545,28,28
5545,731,732,28,4
5545,5545,5546,28,28
5546,5546,5547,28,28
5547,1083,1084,28,6
5547,5547,5548,28,28
5548,1084,1085,28,6
5548,5548,5549,28,28
5549,861,862,28,5
5549,5549,5550,28,28
5550,862,863,28,5
5550,5550,5551,28,28
5551,5551,5552,28,28
5552,5552,5553,28,28
5553,741,742,28,4
5553,5553,5554,28,28
5554,742,743,28,4
5554,5554,5555,28,28
5555,5555,5556,28,28
5556,1094,1095,28,6
5556,5556,5557,28,28
5557,1095,1096,28,6
5557,5557,5558,28,28
5558,872,873,28,5
5558,5558,5559,28,28
5559,873,874,28,5
5559,5559,5560,28,28
5560,5560,5561,28,28
5561,5561,5562,28,28
5562,752,753,28,4
5562,5562,5563,28,28
5563,753,754,28,4
5563,5563,5564,28,28
5564,5564,5565,28,28
5565,1105,1106,28,6
5565,5565,5566,28,28
5566,1106,1107,28,6
5566,5566,5567,28,28
5567,883,884,28,5
5567,5567,5568,28,28
5568,884,885,28,5
5568,5568,5569,28,28
5569,5569,5570,28,28
5570,5570,5571,28,28
5571,763,764,28,4
5571,5571,5572,28,28
5572,764,765,28,4
5572,5572,5573,28,28
5573,5573,5574,28,28
5574,1116,1117,28,6
5574,5574,5575,28,28
5575,1117,1118,28,6
5575,5575,5576,28,28
5576,894,895,28,5
5576,5576,5577,28,28
5577,895,896,28,5
5577,5577,5578,28,28
5578,5578,5579,28,28
5579,5579,5580,28,28
5580,774,775,28,4
5580,5580,5581,28,28
5581,775,776,28,4
5581,5581,5582,28,28
5582,5582,5583,28,28
5583,1127,1128,28,6
5583,5583,5584,28,28
5584,1128,1129,28,6
5584,5584,5585,28,28
5585,905,906,28,5
5585,5585,5586,28,28
5586,906,907,28,5
5586,5586,5587,28,28
5587,5587,5588,28,28
5588,5588,5589,28,28
5589,785,786,28,4
5589,5589,5590,28,28
5590,786,787,28,4
5590,5590,5591,28,28
5591,5591,5592,28,28
5592,1138,1139,28,6
5592,5592,5593,28,28
5593,1139,1140,28,6
5593,5593,5594,28,28
5594,916,917,28,5
5594,5594,5595,28,28
5595,917,918,28,5
5595,5595,5596,28,28
5596,5596,5597,28,28
5597,5597,5598,28,28
5598,796,797,28,4
5598,5598,5599,28,28
5599,797,798,28,4
5599,5599,5600,28,28
5600,5600,5601,28,28
5601,1149,1150,28,6
5601,5601,5602,28,28
5602,1150,1151,28,6
5602,5602,5603,28,28
5603,927,928,28,5
5603,5603,5604,28,28
5604,928,929,28,5
5604,5604,5605,28,28
5605,5605,5606,28,28
5606,5606,5607,28,28
5607,620,621,28,4
5607,5607,5608,28,28
5608,621,622,28,4
5608,5608,5609,28,28
5609,5609,5610,28,28
5610,1160,1161,28,6
5610,5610,5611,28,28
5611,1161,1162,28,6
5611,5611,5612,28,28
5612,938,939,28,5
5612,5612,5613,28,28
5613,939,940,28,5
5613,5613,5614,28,28
5614,5614,5615,28,28
5615,5615,5616,28,28
5616,631,632,28,4
5616,5616,5617,28,28
5617,632,633,28,4
5617,5617,5618,28,28
5618,5618,5619,28,28
5619,1171,1172,28,6
5619,5619,5620,28,28
5620,1172,986,28,6
5620,5620,5621,28,28
5621,949,950,28,5
5621,5621,5622,28,28
5622,950,951,28,5
5622,5622,5623,28,28
5623,5623,5624,28,28
5624,5624,5625,28,28
5625,642,643,28,4
5625,5625,5626,28,28
5626,643,644,28,4
5626,5626,5627,28,28
5627,5627,5628,28,28
5628,995,996,28,6
5628,5628,5629,28,28
5629,996,997,28,6
5629,5629,5630,28,28
5630,960,961,28,5
5630,5630,5631,28,28
5631,961,962,28,5
5631,5631,5632,28,28
5632,5632,5633,28,28
5633,5633,5634,28,28
5634,653,654,28,4
5634,5634,5635,28,28
5635,654,655,28,4
5635,5635,5636,28,28
5636,5636,5637,28,28
5637,1006,1007,28,6
5637,5637,5638,28,28
5638,1007,1008,28,6
5638,5638,5639,28,28
5639,971,972,28,5
5639,5639,5640,28,28
5640,972,973,28,5
5640,5640,5641,28,28
5641,5641,5642,28,28
5642,5642,5643,28,28
5643,664,665,28,4
5643,5643,5644,28,28
5644,665,666,28,4
5644,5644,5645,28,28
5645,5645,5646,28,28
5646,1017,1018,28,6
5646,5646,5647,28,28
5647,1018,1019,28,6
5647,5647,5648,28,28
5648,982,983,28,5
5648,5648,5649,28,28
5649,983,984,28,5
5649,5649,5650,28,28
5650,5650,5651,28,28
5651,5651,5652,28,28
5652,675,676,28,4
5652,5652,5653,28,28
5653,676,677,28,4
5653,5653,5654,28,28
5654,5654,5655,28,28
5655,1028,1029,28,6
5655,5655,5656,28,28
5656,1029,1030,28,6
5656,5656,5657,28,28
5657,806,807,28,5
5657,5657,5658,28,28
5658,807,808,28,5
5658,5658,5659,28,28
5659,5659,5660,28,28
5660,5660,5508,28,28
5661,1584,1585,29,9
5661,5661,5662,29,29
5662,1585,1586,29,9
5662,1596,1597,29,9
5662,5662,5663,29,29
5663,5663,5664,29,29
5664,5664,5665,29,29
5665,5665,5666,29,29
5666,5666,5667,29,29
5667,5667,5668,29,29
5667,6437,6438,29,33
5668,1593,1594,29,9
5668,5668,5669,29,29
5669,1594,1595,29,9
5669,1605,1606,29,9
5669,5669,5670,29,29
5670,5670,5671,29,29
5671,5671,5672,29,29
5672,5672,5673,29,29
5673,5673,5674,29,29
5674,5674,5675,29,29
5674,6752,6753,29,33
5675,1602,1603,29,9
5675,5675,5676,29,29
5676,1603,1604,29,9
5676,1614,1615,29,9
5676,5676,5677,29,29
5677,5677,5678,29,29
5678,5678,5679,29,29
5679,5679,5680,29,29
5680,5680,5681,29,29
5681,5681,5682,29,29
5681,6302,6303,29,33
5682,1611,1612,29,9
5682,5682,5683,29,29
5683,1612,1613,29,9
5683,1623,1624,29,9
5683,5683,5684,29,29
5684,5684,5685,29,29
5685,5685,5686,29,29
5686,5686,5687,29,29
5687,5687,5688,29,29
5688,5688,5689,29,29
5688,6617,6618,29,33
5689,1620,1621,29,9
5689,5689,5690,29,29
5690,1621,1622,29,9
5690,1632,1633,29,9
5690,5690,5691,29,29
5691,5691,5692,29,29
5692,5692,5693,29,29
5693,5693,5694,29,29
5694,5694,5695,29,29
5695,5695,5696,29,29
5695,6167,6168,29,33
5696,1629,1630,29,9
5696,5696,5697,29,29
5697,1630,1631,29,9
5697,1641,1642,29,9
5697,5697,5698,29,29
5698,5698,5699,29,29
5699,5699,5700,29,29
5700,5700,5701,29,29
5701,5701,5702,29,29
5702,5702,5703,29,29
5702,6482,6483,29,33
5703,1638,1639,29,9
5703,5703,5704,29,29
5704,1639,1640,29,9
5704,1650,1651,29,9
5704,5704,5705,29,29
5705,5705,5706,29,29
5706,5706,5707,29,29
5707,5707,5708,29,29
5708,5708,5709,29,29
5709,5709,5710,29,29
5709,6797,6798,29,33
5710,1647,1648,29,9
5710,5710,5711,29,29
5711,1648,1649,29,9
5711,1659,1660,29,9
5711,5711,5712,29,29
5712,5712,5713,29,29
5713,5713,5714,29,29
5714,5714,5715,29,29
5715,5715,5716,29,29
5716,5716,5717,29,29
5716,6347,6348,29,33
5717,1656,1657,29,9
5717,5717,5718,29,29
5718,1515,1516,29,9
5718,1657,1658,29,9
5718,5718,5719,29,29
5719,5719,5720,29,29
5720,5720,5721,29,29
5721,5721,5722,29,29
5722,5722,5723,29,29
5723,5723,5724,29,29
5723,6662,6663,29,33
5724,1665,1513,29,9
5724,5724,5725,29,29
5725,1513,1514,29,9
5725,1524,1525,29,9
5725,5725,5726,29,29
5726,5726,5727,29,29
5727,5727,5728,29,29
5728,5728,5729,29,29
5729,5729,5730,29,29
5730,5730,5731,29,29
5730,6212,6213,29,33
5731,1521,1522,29,9
5731,5731,5732,29,29
5732,1522,1523,29,9
5732,1533,1534,29,9
5732,5732,5733,29,29
5733,5733,5734,29,29
5734,5734,5735,29,29
5735,5735,5736,29,29
5736,5736,5737,29,29
5737,5737,5738,29,29
5737,6527,6528,29,33
5738,1530,1531,29,9
5738,5738,5739,29,29
5739,1531,1532,29,9
5739,1542,1543,29,9
5739,5739,5740,29,29
5740,5740,5741,29,29
5741,5741,5742,29,29
5742,5742,5743,29,29
5743,5743,5744,29,29
5744,5744,5745,29,29
5744,6842,6843,29,33
5745,1539,1540,29,9
5745,5745,5746,29,29
5746,1540,1541,29,9
5746,1551,1552,29,9
5746,5746,5747,29,29
5747,5747,5748,29,29
5748,5748,5749,29,29
5749,5749,5750,29,29
5750,5750,5751,29,29
5751,5751,5752,29,29
5751,6392,6393,29,33
5752,1548,1549,29,9
5752,5752,5753,29,29
5753,1549,1550,29,9
5753,1560,1561,29,9
5753,5753,5754,29,29
5754,5754,5755,29,29
5755,5755,5756,29,29
5756,5756,5757,29,29
5757,5757,5758,29,29
5758,5758,5759,29,29
5758,6707,6708,29,33
5759,1557,1558,29,9
5759,5759,5760,29,29
5760,1558,1559,29,9
5760,1569,1570,29,9
5760,5760,5761,29,29
5761,5761,5762,29,29
5762,5762,5763,29,29
5763,5763,5764,29,29
5764,5764,5765,29,29
5765,5765,5766,29,29
5765,6257,6258,29,33
5766,1566,1567,29,9
5766,5766,5767,29,29
5767,1567,1568,29,9
5767,1578,1579,29,9
5767,5767,5768,29,29
5768,5768,5769,29,29
5769,5769,5770,29,29
5770,5770,5771,29,29
5771,5771,5772,29,29
5772,5772,5773,29,29
5772,6572,6573,29,33
5773,1575,1576,29,9
5773,5773,5774,29,29
5774,1576,1577,29,9
5774,1587,1588,29,9
5774,5774,5775,29,29
5775,5775,5776,29,29
5776,5776,5777,29,29
5777,5777,5778,29,29
5778,5778,5779,29,29
5779,5779,5661,29,29
5779,6887,6888,29,33
5780,5780,5781,30,30
5781,2055,2056,30,12
5781,5781,5782,30,30
5782,1597,1598,30,9
5782,5782,5783,30,30
5783,5783,5784,30,30
5784,5784,5785,30,30
5785,5785,5786,30,30
5786,5786,5787,30,30
5787,5787,5788,30,30
5788,2064,2065,30,12
5788,5788,5789,30,30
5789,1606,1607,30,9
5789,5789,5790,30,30
5790,5790,5791,30,30
5791,5791,5792,30,30
5792,5792,5793,30,30
5793,5793,5794,30,30
5794,5794,5795,30,30
5795,2073,2074,30,12
5795,5795,5796,30,30
5796,1615,1616,30,9
5796,5796,5797,30,30
5797,5797,5798,30,30
5798,5798,5799,30,30
5799,5799,5800,30,30
5800,5800,5801,30,30
5801,5801,5802,30,30
5802,2082,2083,30,12
5802,5802,5803,30,30
5803,1624,1625,30,9
5803,5803,5804,30,30
5804,5804,5805,30,30
5805,5805,5806,30,30
5806,5806,5807,30,30
5807,5807,5808,30,30
5808,5808,5809,30,30
5809,2091,2092,30,12
5809,5809,5810,30,30
5810,1633,1634,30,9
5810,5810,5811,30,30
5811,5811,5812,30,30
5812,5812,5813,30,30
5813,5813,5814,30,30
5814,5814,5815,30,30
5815,5815,5816,30,30
5816,2100,2101,30,12
5816,5816,5817,30,30
5817,1642,1643,30,9
5817,5817,5818,30,30
5818,5818,5819,30,30
5819,5819,5820,30,30
5820,5820,5821,30,30
5821,5821,5822,30,30
5822,5822,5823,30,30
5823,2109,2110,30,12
5823,5823,5824,30,30
5824,1651,1652,30,9
5824,5824,5825,30,30
5825,5825,5826,30,30
5826,5826,5827,30,30
5827,5827,5828,30,30
5828,5828,5829,30,30
5829,5829,5830,30,30
5830,2118,2119,30,12
5830,5830,5831,30,30
5831,1660,1661,30,9
5831,5831,5832,30,30
5832,5832,5833,30,30
5833,5833,5834,30,30
5834,5834,5835,30,30
5835,5835,5836,30,30
5836,5836,5837,30,30
5837,1974,1975,30,12
5837,5837,5838,30,30
5838,1516,1517,30,9
5838,5838,5839,30,30
5839,5839,5840,30,30
5840,5840,5841,30,30
5841,5841,5842,30,30
5842,5842,5843,30,30
5843,5843,5844,30,30
5844,1983,1984,30,12
5844,5844,5845,30,30
5845,1525,1526,30,9
5845,5845,5846,30,30
5846,5846,5847,30,30
5847,5847,5848,30,30
5848,5848,5849,30,30
5849,5849,5850,30,30
5850,5850,5851,30,30
5851,1992,1993,30,12
5851,5851,5852,30,30
5852,1534,1535,30,9
5852,5852,5853,30,30
5853,5853,5854,30,30
5854,5854,5855,30,30
5855,5855,5856,30,30
5856,5856,5857,30,30
5857,5857,5858,30,30
5858,2001,2002,30,12
5858,5858,5859,30,30
5859,1543,1544,30,9
5859,5859,5860,30,30
5860,5860,5861,30,30
5861,5861,5862,30,30
5862,5862,5863,30,30
5863,5863,5864,30,30
5864,5864,5865,30,30
5865,2010,2011,30,12
5865,5865,5866,30,30
5866,1552,1553,30,9
5866,5866,5867,30,30
5867,5867,5868,30,30
5868,5868,5869,30,30
5869,5869,5870,30,30
5870,5870,5871,30,30
5871,5871,5872,30,30
5872,2019,2020,30,12
5872,5872,5873,30,30
5873,1561,1562,30,9
5873,5873,5874,30,30
5874,5874,5875,30,30
5875,5875,5876,30,30
5876,5876,5877,30,30
5877,5877,5878,30,30
5878,5878,5879,30,30
5879,2028,2029,30,12
5879,5879,5880,30,30
5880,1570,1571,30,9
5880,5880,5881,30,30
5881,5881,5882,30,30
5882,5882,5883,30,30
5883,5883,5884,30,30
5884,5884,5885,30,30
5885,5885,5886,30,30
5886,2037,2038,30,12
5886,5886,5887,30,30
5887,1579,1580,30,9
5887,5887,5888,30,30
5888,5888,5889,30,30
5889,5889,5890,30,30
5890,5890,5891,30,30
5891,5891,5892,30,30
5892,5892,5893,30,30
5893,2046,2047,30,12
5893,5893,5894,30,30
5894,1588,1589,30,9
5894,5894,5895,30,30
5895,5895,5896,30,30
5896,5896,5897,30,30
5897,5897,5898,30,30
5898,5898,5780,30,30
5899,5899,5900,31,31
5900,2208,2209,31,13
5900,5900,5901,31,31
5901,5901,5902,31,31
5902,1598,1599,31,9
5902,5902,5903,31,31
5903,5903,5904,31,31
5904,5904,5905,31,31
5905,5905,5906,31,31
5906,5906,5907,31,31
5907,2217,2218,31,13
5907,5907,5908,31,31
5908,5908,5909,31,31
5909,1607,1608,31,9
5909,5909,5910,31,31
5910,5910,5911,31,31
5911,5911,5912,31,31
5912,5912,5913,31,31
5913,5913,5914,31,31
5914,2226,2227,31,13
5914,5914,5915,31,31
5915,5915,5916,31,31
5916,1616,1617,31,9
5916,5916,5917,31,31
5917,5917,5918,31,31
5918,5918,5919,31,31
5919,5919,5920,31,31
5920,5920,5921,31,31
5921,2235,2236,31,13
5921,5921,5922,31,31
5922,5922,5923,31,31
5923,1625,1626,31,9
5923,5923,5924,31,31
5924,5924,5925,31,31
5925,5925,5926,31,31
5926,5926,5927,31,31
5927,5927,5928,31,31
5928,2244,2245,31,13
5928,5928,5929,31,31
5929,5929,5930,31,31
5930,1634,1635,31,9
5930,5930,5931,31,31
5931,5931,5932,31,31
5932,5932,5933,31,31
5933,5933,5934,31,31
5934,5934,5935,31,31
5935,2253,2254,31,13
5935,5935,5936,31,31
5936,5936,5937,31,31
5937,1643,1644,31,9
5937,5937,5938,31,31
5938,5938,5939,31,31
5939,5939,5940,31,31
5940,5940,5941,31,31
5941,5941,5942,31,31
5942,2262,2263,31,13
5942,5942,5943,31,31
5943,5943,5944,31,31
5944,1652,1653,31,9
5944,5944,5945,31,31
5945,5945,5946,31,31
5946,5946,5947,31,31
5947,5947,5948,31,31
5948,5948,5949,31,31
5949,2271,2272,31,13
5949,5949,5950,31,31
5950,5950,5951,31,31
5951,1661,1662,31,9
5951,5951,5952,31,31
5952,5952,5953,31,31
5953,5953,5954,31,31
5954,5954,5955,31,31
5955,5955,5956,31,31
5956,2127,2128,31,13
5956,5956,5957,31,31
5957,5957,5958,31,31
5958,1517,1518,31,9
5958,5958,5959,31,31
5959,5959,5960,31,31
5960,5960,5961,31,31
5961,5961,5962,31,31
5962,5962,5963,31,31
5963,2136,2137,31,13
5963,5963,5964,31,31
5964,5964,5965,31,31
5965,1526,1527,31,9
5965,5965,5966,31,31
5966,5966,5967,31,31
5967,5967,5968,31,31
5968,5968,5969,31,31
5969,5969,5970,31,31
5970,2145,2146,31,13
5970,5970,5971,31,31
5971,5971,5972,31,31
5972,1535,1536,31,9
5972,5972,5973,31,31
5973,5973,5974,31,31
5974,5974,5975,31,31
5975,5975,5976,31,31
5976,5976,5977,31,31
5977,2154,2155,31,13
5977,5977,5978,31,31
5978,5978,5979,31,31
5979,1544,1545,31,9
5979,5979,5980,31,31
5980,5980,5981,31,31
5981,5981,5982,31,31
5982,5982,5983,31,31
5983,5983,5984,31,31
5984,2163,2164,31,13
5984,5984,5985,31,31
5985,5985,5986,31,31
5986,1553,1554,31,9
5986,5986,5987,31,31
5987,5987,5988,31,31
5988,5988,5989,31,31
5989,5989,5990,31,31
5990,5990,5991,31,31
5991,2172,2173,31,13
5991,5991,5992,31,31
5992,5992,5993,31,31
5993,1562,1563,31,9
5993,5993,5994,31,31
5994,5994,5995,31,31
5995,5995,5996,31,31
5996,5996,5997,31,31
5997,5997,5998,31,31
5998,2181,2182,31,13
5998,5998,5999,31,31
5999,5999,6000,31,31
6000,1571,1572,31,9
6000,6000,6001,31,31
6001,6001,6002,31,31
6002,6002,6003,31,31
6003,6003,6004,31,31
6004,6004,6005,31,31
6005,2190,2191,31,13
6005,6005,6006,31,31
6006,6006,6007,31,31
6007,1580,1581,31,9
6007,6007,6008,31,31
6008,6008,6009,31,31
6009,6009,6010,31,31
6010,6010,6011,31,31
6011,6011,6012,31,31
6012,2199,2200,31,13
6012,6012,6013,31,31
6013,6013,6014,31,31
6014,1589,1590,31,9
6014,6014,6015,31,31
6015,6015,6016,31,31
6016,6016,6017,31,31
6017,6017,5899,31,31
6018,6018,6019,32,32
6019,5078,5079,32,24
6019,6019,6020,32,32
6020,6020,6021,32,32
6021,6021,6022,32,32
6022,1599,1600,32,9
6022,6022,6023,32,32
6023,6023,6024,32,32
6024,6024,6025,32,32
6024,8681,8682,32,41
6025,6025,6026,32,32
6026,5087,5088,32,24
6026,6026,6027,32,32
6027,6027,6028,32,32
6028,6028,6029,32,32
6029,1608,1609,32,9
6029,6029,6030,32,32
6030,6030,6031,32,32
6031,6031,6032,32,32
6031,8996,8997,32,41
6032,6032,6033,32,32
6033,5096,5097,32,24
6033,6033,6034,32,32
6034,6034,6035,32,32
6035,6035,6036,32,32
6036,1617,1618,32,9
6036,6036,6037,32,32
6037,6037,6038,32,32
6038,6038,6039,32,32
6038,8546,8547,32,41
6039,6039,6040,32,32
6040,5105,5106,32,24
6040,6040,6041,32,32
6041,6041,6042,32,32
6042,6042,6043,32,32
6043,1626,1627,32,9
6043,6043,6044,32,32
6044,6044,6045,32,32
6045,6045,6046,32,32
6045,8861,8862,32,41
6046,6046,6047,32,32
6047,5114,5115,32,24
6047,6047,6048,32,32
6048,6048,6049,32,32
6049,6049,6050,32,32
6050,1635,1636,32,9
6050,6050,6051,32,32
6051,6051,6052,32,32
6052,6052,6053,32,32
6052,8411,8412,32,41
6053,6053,6054,32,32
6054,4970,4971,32,24
6054,6054,6055,32,32
6055,6055,6056,32,32
6056,6056,6057,32,32
6057,1644,1645,32,9
6057,6057,6058,32,32
6058,6058,6059,32,32
6059,6059,6060,32,32
6059,8726,8727,32,41
6060,6060,6061,32,32
6061,4979,4980,32,24
6061,6061,6062,32,32
6062,6062,6063,32,32
6063,6063,6064,32,32
6064,1653,1654,32,9
6064,6064,6065,32,32
6065,6065,6066,32,32
6066,6066,6067,32,32
6066,9041,9042,32,41
6067,6067,6068,32,32
6068,4988,4989,32,24
6068,6068,6069,32,32
6069,6069,6070,32,32
6070,6070,6071,32,32
6071,1662,1663,32,9
6071,6071,6072,32,32
6072,6072,6073,32,32
6073,6073,6074,32,32
6073,8591,8592,32,41
6074,6074,6075,32,32
6075,4997,4998,32,24
6075,6075,6076,32,32
6076,6076,6077,32,32
6077,6077,6078,32,32
6078,1518,1519,32,9
6078,6078,6079,32,32
6079,6079,6080,32,32
6080,6080,6081,32,32
6080,8906,8907,32,41
6081,6081,6082,32,32
6082,5006,5007,32,24
6082,6082,6083,32,32
6083,6083,6084,32,32
6084,6084,6085,32,32
6085,1527,1528,32,9
6085,6085,6086,32,32
6086,6086,6087,32,32
6087,6087,6088,32,32
6087,8456,8457,32,41
6088,6088,6089,32,32
6089,5015,5016,32,24
6089,6089,6090,32,32
6090,6090,6091,32,32
6091,6091,6092,32,32
6092,1536,1537,32,9
6092,6092,6093,32,32
6093,6093,6094,32,32
6094,6094,6095,32,32
6094,8771,8772,32,41
6095,6095,6096,32,32
6096,5024,5025,32,24
6096,6096,6097,32,32
6097,6097,6098,32,32
6098,6098,6099,32,32
6099,1545,1546,32,9
6099,6099,6100,32,32
6100,6100,6101,32,32
6101,6101,6102,32,32
6101,9086,9087,32,41
6102,6102,6103,32,32
6103,5033,5034,32,24
6103,6103,6104,32,32
6104,6104,6105,32,32
6105,6105,6106,32,32
6106,1554,1555,32,9
6106,6106,6107,32,32
6107,6107,6108,32,32
6108,6108,6109,32,32
6108,8636,8637,32,41
6109,6109,6110,32,32
6110,5042,5043,32,24
6110,6110,6111,32,32
6111,6111,6112,32,32
6112,6112,6113,32,32
6113,1563,1564,32,9
6113,6113,6114,32,32
6114,6114,6115,32,32
6115,6115,6116,32,32
6115,8951,8952,32,41
6116,6116,6117,32,32
6117,5051,5052,32,24
6117,6117,6118,32,32
6118,6118,6119,32,32
6119,6119,6120,32,32
6120,1572,1573,32,9
6120,6120,6121,32,32
6121,6121,6122,32,32
6122,6122,6123,32,32
6122,8501,8502,32,41
6123,6123,6124,32,32
6124,5060,5061,32,24
6124,6124,6125,32,32
6125,6125,6126,32,32
6126,6126,6127,32,32
6127,1581,1582,32,9
6127,6127,6128,32,32
6128,6128,6129,32,32
6129,6129,6130,32,32
6129,8816,8817,32,41
6130,6130,6131,32,32
6131,5069,5070,32,24
6131,6131,6132,32,32
6132,6132,6133,32,32
6133,6133,6134,32,32
6134,1590,1591,32,9
6134,6134,6135,32,32
6135,6135,6136,32,32
6136,6136,6018,32,32
6136,9131,9132,32,41
6137,6137,6138,33,33
6138,6138,6139,33,33
6139,6139,6140,33,33
6140,6140,6141,33,33
6141,6141,6142,33,33
6142,6142,6143,33,33
6143,6143,6144,33,33
6144,6144,6145,33,33
6145,6145,6146,33,33
6146,6146,6147,33,33
6147,6147,6148,33,33
6148,6148,6149,33,33
6149,6149,6150,33,33
6150,3143,3144,33,14
6150,6150,6151,33,33
6151,6151,6152,33,33
6152,6152,6153,33,33
6153,6153,6154,33,33
6154,6154,6155,33,33
6155,6155,6156,33,33
6155,12667,12668,33,57
6156,6156,6157,33,33
6157,3152,3153,33,14
6157,6157,6158,33,33
6158,6158,6159,33,33
6159,6159,6160,33,33
6160,6160,6161,33,33
6161,6161,6162,33,33
6162,6162,6163,33,33
6163,6163,6164,33,33
6164,6164,6165,33,33
6165,6165,6166,33,33
6166,6166,6167,33,33
6167,6167,6168,33,33
6167,12462,12463,33,55
6168,6168,6169,33,33
6169,2792,2793,33,14
6169,6169,6170,33,33
6170,6170,6171,33,33
6171,6171,6172,33,33
6172,6172,6173,33,33
6173,6173,6174,33,33
6174,6174,6175,33,33
6174,12639,12640,33,57
6175,6175,6176,33,33
6176,2801,2802,33,14
6176,6176,6177,33,33
6177,6177,6178,33,33
6178,6178,6179,33,33
6179,6179,6180,33,33
6180,6180,6181,33,33
6181,6181,6182,33,33
6182,6182,6183,33,33
6183,6183,6184,33,33
6184,6184,6185,33,33
6185,6185,6186,33,33
6186,6186,6187,33,33
6187,6187,6188,33,33
6188,6188,6189,33,33
6189,6189,6190,33,33
6190,6190,6191,33,33
6191,6191,6192,33,33
6192,6192,6193,33,33
6193,6193,6194,33,33
6194,6194,6195,33,33
6195,2450,2451,33,14
6195,6195,6196,33,33
6196,6196,6197,33,33
6197,6197,6198,33,33
6198,6198,6199,33,33
6199,6199,6200,33,33
6200,6200,6201,33,33
6200,12637,12638,33,57
6201,6201,6202,33,33
6202,2459,2460,33,14
6202,6202,6203,33,33
6203,6203,6204,33,33
6204,6204,6205,33,33
6205,6205,6206,33,33
6206,6206,6207,33,33
6207,6207,6208,33,33
6208,6208,6209,33,33
6209,6209,6210,33,33
6210,6210,6211,33,33
6211,6211,6212,33,33
6212,6212,6213,33,33
6212,12432,12433,33,55
6213,6213,6214,33,33
6214,3408,3409,33,14
6214,6214,6215,33,33
6215,6215,6216,33,33
6216,6216,6217,33,33
6217,6217,6218,33,33
6218,6218,6219,33,33
6219,6219,6220,33,33
6219,12609,12610,33,57
6220,6220,6221,33,33
6221,3417,3418,33,14
6221,6221,6222,33,33
6222,6222,6223,33,33
6223,6223,6224,33,33
6224,6224,6225,33,33
6225,6225,6226,33,33
6226,6226,6227,33,33
6227,6227,6228,33,33
6228,6228,6229,33,33
6229,6229,6230,33,33
6230,6230,6231,33,33
6231,6231,6232,33,33
6232,6232,6233,33,33
6233,6233,6234,33,33
6234,6234,6235,33,33
6235,6235,6236,33,33
6236,6236,6237,33,33
6237,6237,6238,33,33
6238,6238,6239,33,33
6239,6239,6240,33,33
6240,3066,3067,33,14
6240,6240,6241,33,33
6241,6241,6242,33,33
6242,6242,6243,33,33
6243,6243,6244,33,33
6244,6244,6245,33,33
6245,6245,6246,33,33
6245,12607,12608,33,57
6246,6246,6247,33,33
6247,3075,3076,33,14
6247,6247,6248,33,33
6248,6248,6249,33,33
6249,6249,6250,33,33
6250,6250,6251,33,33
6251,6251,6252,33,33
6252,6252,6253,33,33
6253,6253,6254,33,33
6254,6254,6255,33,33
6255,6255,6256,33,33
6256,6256,6257,33,33
6257,6257,6258,33,33
6257,12487,12488,33,55
6258,6258,6259,33,33
6259,2715,2716,33,14
6259,6259,6260,33,33
6260,6260,6261,33,33
6261,6261,6262,33,33
6262,6262,6263,33,33
6263,6263,6264,33,33
6264,6264,6265,33,33
6264,12664,12665,33,57
6265,6265,6266,33,33
6266,2724,2725,33,14
6266,6266,6267,33,33
6267,6267,6268,33,33
6268,6268,6269,33,33
6269,6269,6270,33,33
6270,6270,6271,33,33
6271,6271,6272,33,33
6272,6272,6273,33,33
6273,6273,6274,33,33
6274,6274,6275,33,33
6275,6275,6276,33,33
6276,6276,6277,33,33
6277,6277,6278,33,33
6278,6278,6279,33,33
6279,6279,6280,33,33
6280,6280,6281,33,33
6281,6281,6282,33,33
6282,6282,6283,33,33
6283,6283,6284,33,33
6284,6284,6285,33,33
6285,2373,2374,33,14
6285,6285,6286,33,33
6286,6286,6287,33,33
6287,6287,6288,33,33
6288,6288,6289,33,33
6289,6289,6290,33,33
6290,6290,6291,33,33
6290,12662,12663,33,57
6291,6291,6292,33,33
6292,2382,2383,33,14
6292,6292,6293,33,33
6293,6293,6294,33,33
6294,6294,6295,33,33
6295,6295,6296,33,33
6296,6296,6297,33,33
6297,6297,6298,33,33
6298,6298,6299,33,33
6299,6299,6300,33,33
6300,6300,6301,33,33
6301,6301,6302,33,33
6302,6302,6303,33,33
6302,12457,12458,33,55
6303,6303,6304,33,33
6304,3331,3332,33,14
6304,6304,6305,33,33
6305,6305,6306,33,33
6306,6306,6307,33,33
6307,6307,6308,33,33
6308,6308,6309,33,33
6309,6309,6310,33,33
6309,12634,12635,33,57
6310,6310,6311,33,33
6311,3340,3341,33,14
6311,6311,6312,33,33
6312,6312,6313,33,33
6313,6313,6314,33,33
6314,6314,6315,33,33
6315,6315,6316,33,33
6316,6316,6317,33,33
6317,6317,6318,33,33
6318,6318,6319,33,33
6319,6319,6320,33,33
6320,6320,6321,33,33
6321,6321,6322,33,33
6322,6322,6323,33,33
6323,6323,6324,33,33
6324,6324,6325,33,33
6325,6325,6326,33,33
6326,6326,6327,33,33
6327,6327,6328,33,33
6328,6328,6329,33,33
6329,6329,6330,33,33
6330,2989,2990,33,14
6330,6330,6331,33,33
6331,6331,6332,33,33
6332,6332,6333,33,33
6333,6333,6334,33,33
6334,6334,6335,33,33
6335,6335,6336,33,33
6335,12632,12633,33,57
6336,6336,6337,33,33
6337,2998,2999,33,14
6337,6337,6338,33,33
6338,6338,6339,33,33
6339,6339,6340,33,33
6340,6340,6341,33,33
6341,6341,6342,33,33
6342,6342,6343,33,33
6343,6343,6344,33,33
6344,6344,6345,33,33
6345,6345,6346,33,33
6346,6346,6347,33,33
6347,6347,6348,33,33
6347,12427,12428,33,55
6348,6348,6349,33,33
6349,2638,2639,33,14
6349,6349,6350,33,33
6350,6350,6351,33,33
6351,6351,6352,33,33
6352,6352,6353,33,33
6353,6353,6354,33,33
6354,6354,6355,33,33
6354,12604,12605,33,57
6355,6355,6356,33,33
6356,2647,2648,33,14
6356,6356,6357,33,33
6357,6357,6358,33,33
6358,6358,6359,33,33
6359,6359,6360,33,33
6360,6360,6361,33,33
6361,6361,6362,33,33
6362,6362,6363,33,33
6363,6363,6364,33,33
6364,6364,6365,33,33
6365,6365,6366,33,33
6366,6366,6367,33,33
6367,6367,6368,33,33
6368,6368,6369,33,33
6369,6369,6370,33,33
6370,6370,6371,33,33
6371,6371,6372,33,33
6372,6372,6373,33,33
6373,6373,6374,33,33
6374,6374,6375,33,33
6375,2296,2297,33,14
6375,6375,6376,33,33
6376,6376,6377,33,33
6377,6377,6378,33,33
6378,6378,6379,33,33
6379,6379,6380,33,33
6380,6380,6381,33,33
6380,12602,12603,33,57
6381,6381,6382,33,33
6382,2305,2306,33,14
6382,6382,6383,33,33
6383,6383,6384,33,33
6384,6384,6385,33,33
6385,6385,6386,33,33
6386,6386,6387,33,33
6387,6387,6388,33,33
6388,6388,6389,33,33
6389,6389,6390,33,33
6390,6390,6391,33,33
6391,6391,6392,33,33
6392,6392,6393,33,33
6392,12482,12483,33,55
6393,6393,6394,33,33
6394,3254,3255,33,14
6394,6394,6395,33,33
6395,6395,6396,33,33
6396,6396,6397,33,33
6397,6397,6398,33,33
6398,6398,6399,33,33
6399,6399,6400,33,33
6399,12659,12660,33,57
6400,6400,6401,33,33
6401,3263,3264,33,14
6401,6401,6402,33,33
6402,6402,6403,33,33
6403,6403,6404,33,33
6404,6404,6405,33,33
6405,6405,6406,33,33
6406,6406,6407,33,33
6407,6407,6408,33,33
6408,6408,6409,33,33
6409,6409,6410,33,33
6410,6410,6411,33,33
6411,6411,6412,33,33
6412,6412,6413,33,33
6413,6413,6414,33,33
6414,6414,6415,33,33
6415,6415,6416,33,33
6416,6416,6417,33,33
6417,6417,6418,33,33
6418,6418,6419,33,33
6419,6419,6420,33,33
6420,2912,2913,33,14
6420,6420,6421,33,33
6421,6421,6422,33,33
6422,6422,6423,33,33
6423,6423,6424,33,33
6424,6424,6425,33,33
6425,6425,6426,33,33
6425,12657,12658,33,57
6426,6426,6427,33,33
6427,2921,2922,33,14
6427,6427,6428,33,33
6428,6428,6429,33,33
6429,6429,6430,33,33
6430,6430,6431,33,33
6431,6431,6432,33,33
6432,6432,6433,33,33
6433,6433,6434,33,33
6434,6434,6435,33,33
6435,6435,6436,33,33
6436,6436,6437,33,33
6437,6437,6438,33,33
6437,12452,12453,33,55
6438,6438,6439,33,33
6439,2561,2562,33,14
6439,6439,6440,33,33
6440,6440,6441,33,33
6441,6441,6442,33,33
6442,6442,6443,33,33
6443,6443,6444,33,33
6444,6444,6445,33,33
6444,12629,12630,33,57
6445,6445,6446,33,33
6446,2570,2571,33,14
6446,6446,6447,33,33
6447,6447,6448,33,33
6448,6448,6449,33,33
6449,6449,6450,33,33
6450,6450,6451,33,33
6451,6451,6452,33,33
6452,6452,6453,33,33
6453,6453,6454,33,33
6454,6454,6455,33,33
6455,6455,6456,33,33
6456,6456,6457,33,33
6457,6457,6458,33,33
6458,6458,6459,33,33
6459,6459,6460,33,33
6460,6460,6461,33,33
6461,6461,6462,33,33
6462,6462,6463,33,33
6463,6463,6464,33,33
6464,6464,6465,33,33
6465,3528,3529,33,14
6465,6465,6466,33,33
6466,6466,6467,33,33
6467,6467,6468,33,33
6468,6468,6469,33,33
6469,6469,6470,33,33
6470,6470,6471,33,33
6470,12627,12628,33,57
6471,6471,6472,33,33
6472,3537,3538,33,14
6472,6472,6473,33,33
6473,6473,6474,33,33
6474,6474,6475,33,33
6475,6475,6476,33,33
6476,6476,6477,33,33
6477,6477,6478,33,33
6478,6478,6479,33,33
6479,6479,6480,33,33
6480,6480,6481,33,33
6481,6481,6482,33,33
6482,6482,6483,33,33
6482,12507,12508,33,55
6483,6483,6484,33,33
6484,3177,3178,33,14
6484,6484,6485,33,33
6485,6485,6486,33,33
6486,6486,6487,33,33
6487,6487,6488,33,33
6488,6488,6489,33,33
6489,6489,6490,33,33
6489,12599,12600,33,57
6490,6490,6491,33,33
6491,3186,3187,33,14
6491,6491,6492,33,33
6492,6492,6493,33,33
6493,6493,6494,33,33
6494,6494,6495,33,33
6495,6495,6496,33,33
6496,6496,6497,33,33
6497,6497,6498,33,33
6498,6498,6499,33,33
6499,6499,6500,33,33
6500,6500,6501,33,33
6501,6501,6502,33,33
6502,6502,6503,33,33
6503,6503,6504,33,33
6504,6504,6505,33,33
6505,6505,6506,33,33
6506,6506,6507,33,33
6507,6507,6508,33,33
6508,6508,6509,33,33
6509,6509,6510,33,33
6510,2835,2836,33,14
6510,6510,6511,33,33
6511,6511,6512,33,33
6512,6512,6513,33,33
6513,6513,6514,33,33
6514,6514,6515,33,33
6515,6515,6516,33,33
6515,12597,12598,33,57
6516,6516,6517,33,33
6517,2844,2845,33,14
6517,6517,6518,33,33
6518,6518,6519,33,33
6519,6519,6520,33,33
6520,6520,6521,33,33
6521,6521,6522,33,33
6522,6522,6523,33,33
6523,6523,6524,33,33
6524,6524,6525,33,33
6525,6525,6526,33,33
6526,6526,6527,33,33
6527,6527,6528,33,33
6527,12477,12478,33,55
6528,6528,6529,33,33
6529,2484,2485,33,14
6529,6529,6530,33,33
6530,6530,6531,33,33
6531,6531,6532,33,33
6532,6532,6533,33,33
6533,6533,6534,33,33
6534,6534,6535,33,33
6534,12654,12655,33,57
6535,6535,6536,33,33
6536,2493,2494,33,14
6536,6536,6537,33,33
6537,6537,6538,33,33
6538,6538,6539,33,33
6539,6539,6540,33,33
6540,6540,6541,33,33
6541,6541,6542,33,33
6542,6542,6543,33,33
6543,6543,6544,33,33
6544,6544,6545,33,33
6545,6545,6546,33,33
6546,6546,6547,33,33
6547,6547,6548,33,33
6548,6548,6549,33,33
6549,6549,6550,33,33
6550,6550,6551,33,33
6551,6551,6552,33,33
6552,6552,6553,33,33
6553,6553,6554,33,33
6554,6554,6555,33,33
6555,3451,3452,33,14
6555,6555,6556,33,33
6556,6556,6557,33,33
6557,6557,6558,33,33
6558,6558,6559,33,33
6559,6559,6560,33,33
6560,6560,6561,33,33
6560,12652,12653,33,57
6561,6561,6562,33,33
6562,3460,3461,33,14
6562,6562,6563,33,33
6563,6563,6564,33,33
6564,6564,6565,33,33
6565,6565,6566,33,33
6566,6566,6567,33,33
6567,6567,6568,33,33
6568,6568,6569,33,33
6569,6569,6570,33,33
6570,6570,6571,33,33
6571,6571,6572,33,33
6572,6572,6573,33,33
6572,12447,12448,33,55
6573,6573,6574,33,33
6574,3100,3101,33,14
6574,6574,6575,33,33
6575,6575,6576,33,33
6576,6576,6577,33,33
6577,6577,6578,33,33
6578,6578,6579,33,33
6579,6579,6580,33,33
6579,12624,12625,33,57
6580,6580,6581,33,33
6581,3109,3110,33,14
6581,6581,6582,33,33
6582,6582,6583,33,33
6583,6583,6584,33,33
6584,6584,6585,33,33
6585,6585,6586,33,33
6586,6586,6587,33,33
6587,6587,6588,33,33
6588,6588,6589,33,33
6589,6589,6590,33,33
6590,6590,6591,33,33
6591,6591,6592,33,33
6592,6592,6593,33,33
6593,6593,6594,33,33
6594,6594,6595,33,33
6595,6595,6596,33,33
6596,6596,6597,33,33
6597,6597,6598,33,33
6598,6598,6599,33,33
6599,6599,6600,33,33
6600,2758,2759,33,14
6600,6600,6601,33,33
6601,6601,6602,33,33
6602,6602,6603,33,33
6603,6603,6604,33,33
6604,6604,6605,33,33
6605,6605,6606,33,33
6605,12622,12623,33,57
6606,6606,6607,33,33
6607,2767,2768,33,14
6607,6607,6608,33,33
6608,6608,6609,33,33
6609,6609,6610,33,33
6610,6610,6611,33,33
6611,6611,6612,33,33
6612,6612,6613,33,33
6613,6613,6614,33,33
6614,6614,6615,33,33
6615,6615,6616,33,33
6616,6616,6617,33,33
6617,6617,6618,33,33
6617,12502,12503,33,55
6618,6618,6619,33,33
6619,2407,2408,33,14
6619,6619,6620,33,33
6620,6620,6621,33,33
6621,6621,6622,33,33
6622,6622,6623,33,33
6623,6623,6624,33,33
6624,6624,6625,33,33
6624,12679,12680,33,57
6625,6625,6626,33,33
6626,2416,2417,33,14
6626,6626,6627,33,33
6627,6627,6628,33,33
6628,6628,6629,33,33
6629,6629,6630,33,33
6630,6630,6631,33,33
6631,6631,6632,33,33
6632,6632,6633,33,33
6633,6633,6634,33,33
6634,6634,6635,33,33
6635,6635,6636,33,33
6636,6636,6637,33,33
6637,6637,6638,33,33
6638,6638,6639,33,33
6639,6639,6640,33,33
6640,6640,6641,33,33
6641,6641,6642,33,33
6642,6642,6643,33,33
6643,6643,6644,33,33
6644,6644,6645,33,33
6645,3374,3375,33,14
6645,6645,6646,33,33
6646,6646,6647,33,33
6647,6647,6648,33,33
6648,6648,6649,33,33
6649,6649,6650,33,33
6650,6650,6651,33,33
6650,12677,12678,33,57
6651,6651,6652,33,33
6652,3383,3384,33,14
6652,6652,6653,33,33
6653,6653,6654,33,33
6654,6654,6655,33,33
6655,6655,6656,33,33
6656,6656,6657,33,33
6657,6657,6658,33,33
6658,6658,6659,33,33
6659,6659,6660,33,33
6660,6660,6661,33,33
6661,6661,6662,33,33
6662,6662,6663,33,33
6662,12472,12473,33,55
6663,6663,6664,33,33
6664,3023,3024,33,14
6664,6664,6665,33,33
6665,6665,6666,33,33
6666,6666,6667,33,33
6667,6667,6668,33,33
6668,6668,6669,33,33
6669,6669,6670,33,33
6669,12649,12650,33,57
6670,6670,6671,33,33
6671,3032,3033,33,14
6671,6671,6672,33,33
6672,6672,6673,33,33
6673,6673,6674,33,33
6674,6674,6675,33,33
6675,6675,6676,33,33
6676,6676,6677,33,33
6677,6677,6678,33,33
6678,6678,6679,33,33
6679,6679,6680,33,33
6680,6680,6681,33,33
6681,6681,6682,33,33
6682,6682,6683,33,33
6683,6683,6684,33,33
6684,6684,6685,33,33
6685,6685,6686,33,33
6686,6686,6687,33,33
6687,6687,6688,33,33
6688,6688,6689,33,33
6689,6689,6690,33,33
6690,2681,2682,33,14
6690,6690,6691,33,33
6691,6691,6692,33,33
6692,6692,6693,33,33
6693,6693,6694,33,33
6694,6694,6695,33,33
6695,6695,6696,33,33
6695,12647,12648,33,57
6696,6696,6697,33,33
6697,2690,2691,33,14
6697,6697,6698,33,33
6698,6698,6699,33,33
6699,6699,6700,33,33
6700,6700,6701,33,33
6701,6701,6702,33,33
6702,6702,6703,33,33
6703,6703,6704,33,33
6704,6704,6705,33,33
6705,6705,6706,33,33
6706,6706,6707,33,33
6707,6707,6708,33,33
6707,12442,12443,33,55
6708,6708,6709,33,33
6709,2330,2331,33,14
6709,6709,6710,33,33
6710,6710,6711,33,33
6711,6711,6712,33,33
6712,6712,6713,33,33
6713,6713,6714,33,33
6714,6714,6715,33,33
6714,12619,12620,33,57
6715,6715,6716,33,33
6716,2339,2340,33,14
6716,6716,6717,33,33
6717,6717,6718,33,33
6718,6718,6719,33,33
6719,6719,6720,33,33
6720,6720,6721,33,33
6721,6721,6722,33,33
6722,6722,6723,33,33
6723,6723,6724,33,33
6724,6724,6725,33,33
6725,6725,6726,33,33
6726,6726,6727,33,33
6727,6727,6728,33,33
6728,6728,6729,33,33
6729,6729,6730,33,33
6730,6730,6731,33,33
6731,6731,6732,33,33
6732,6732,6733,33,33
6733,6733,6734,33,33
6734,6734,6735,33,33
6735,3297,3298,33,14
6735,6735,6736,33,33
6736,6736,6737,33,33
6737,6737,6738,33,33
6738,6738,6739,33,33
6739,6739,6740,33,33
6740,6740,6741,33,33
6740,12617,12618,33,57
6741,6741,6742,33,33
6742,3306,3307,33,14
6742,6742,6743,33,33
6743,6743,6744,33,33
6744,6744,6745,33,33
6745,6745,6746,33,33
6746,6746,6747,33,33
6747,6747,6748,33,33
6748,6748,6749,33,33
6749,6749,6750,33,33
6750,6750,6751,33,33
6751,6751,6752,33,33
6752,6752,6753,33,33
6752,12497,12498,33,55
6753,6753,6754,33,33
6754,2946,2947,33,14
6754,6754,6755,33,33
6755,6755,6756,33,33
6756,6756,6757,33,33
6757,6757,6758,33,33
6758,6758,6759,33,33
6759,6759,6760,33,33
6759,12674,12675,33,57
6760,6760,6761,33,33
6761,2955,2956,33,14
6761,6761,6762,33,33
6762,6762,6763,33,33
6763,6763,6764,33,33
6764,6764,6765,33,33
6765,6765,6766,33,33
6766,6766,6767,33,33
6767,6767,6768,33,33
6768,6768,6769,33,33
6769,6769,6770,33,33
6770,6770,6771,33,33
6771,6771,6772,33,33
6772,6772,6773,33,33
6773,6773,6774,33,33
6774,6774,6775,33,33
6775,6775,6776,33,33
6776,6776,6777,33,33
6777,6777,6778,33,33
6778,6778,6779,33,33
6779,6779,6780,33,33
6780,2604,2605,33,14
6780,6780,6781,33,33
6781,6781,6782,33,33
6782,6782,6783,33,33
6783,6783,6784,33,33
6784,6784,6785,33,33
6785,6785,6786,33,33
6785,12672,12673,33,57
6786,6786,6787,33,33
6787,2613,2614,33,14
6787,6787,6788,33,33
6788,6788,6789,33,33
6789,6789,6790,33,33
6790,6790,6791,33,33
6791,6791,6792,33,33
6792,6792,6793,33,33
6793,6793,6794,33,33
6794,6794,6795,33,33
6795,6795,6796,33,33
6796,6796,6797,33,33
6797,6797,6798,33,33
6797,12467,12468,33,55
6798,6798,6799,33,33
6799,3562,3563,33,14
6799,6799,6800,33,33
6800,6800,6801,33,33
6801,6801,6802,33,33
6802,6802,6803,33,33
6803,6803,6804,33,33
6804,6804,6805,33,33
6804,12644,12645,33,57
6805,6805,6806,33,33
6806,3571,3572,33,14
6806,6806,6807,33,33
6807,6807,6808,33,33
6808,6808,6809,33,33
6809,6809,6810,33,33
6810,6810,6811,33,33
6811,6811,6812,33,33
6812,6812,6813,33,33
6813,6813,6814,33,33
6814,6814,6815,33,33
6815,6815,6816,33,33
6816,6816,6817,33,33
6817,6817,6818,33,33
6818,6818,6819,33,33
6819,6819,6820,33,33
6820,6820,6821,33,33
6821,6821,6822,33,33
6822,6822,6823,33,33
6823,6823,6824,33,33
6824,6824,6825,33,33
6825,3220,3221,33,14
6825,6825,6826,33,33
6826,6826,6827,33,33
6827,6827,6828,33,33
6828,6828,6829,33,33
6829,6829,6830,33,33
6830,6830,6831,33,33
6830,12642,12643,33,57
6831,6831,6832,33,33
6832,3229,3230,33,14
6832,6832,6833,33,33
6833,6833,6834,33,33
6834,6834,6835,33,33
6835,6835,6836,33,33
6836,6836,6837,33,33
6837,6837,6838,33,33
6838,6838,6839,33,33
6839,6839,6840,33,33
6840,6840,6841,33,33
6841,6841,6842,33,33
6842,6842,6843,33,33
6842,12437,12438,33,55
6843,6843,6844,33,33
6844,2869,2870,33,14
6844,6844,6845,33,33
6845,6845,6846,33,33
6846,6846,6847,33,33
6847,6847,6848,33,33
6848,6848,6849,33,33
6849,6849,6850,33,33
6849,12614,12615,33,57
6850,6850,6851,33,33
6851,2878,2879,33,14
6851,6851,6852,33,33
6852,6852,6853,33,33
6853,6853,6854,33,33
6854,6854,6855,33,33
6855,6855,6856,33,33
6856,6856,6857,33,33
6857,6857,6858,33,33
6858,6858,6859,33,33
6859,6859,6860,33,33
6860,6860,6861,33,33
6861,6861,6862,33,33
6862,6862,6863,33,33
6863,6863,6864,33,33
6864,6864,6865,33,33
6865,6865,6866,33,33
6866,6866,6867,33,33
6867,6867,6868,33,33
6868,6868,6869,33,33
6869,6869,6870,33,33
6870,2527,2528,33,14
6870,6870,6871,33,33
6871,6871,6872,33,33
6872,6872,6873,33,33
6873,6873,6874,33,33
6874,6874,6875,33,33
6875,6875,6876,33,33
6875,12612,12613,33,57
6876,6876,6877,33,33
6877,2536,2537,33,14
6877,6877,6878,33,33
6878,6878,6879,33,33
6879,6879,6880,33,33
6880,6880,6881,33,33
6881,6881,6882,33,33
6882,6882,6883,33,33
6883,6883,6884,33,33
6884,6884,6885,33,33
6885,6885,6886,33,33
6886,6886,6887,33,33
6887,6887,6888,33,33
6887,12492,12493,33,55
6888,6888,6889,33,33
6889,3485,3486,33,14
6889,6889,6890,33,33
6890,6890,6891,33,33
6891,6891,6892,33,33
6892,6892,6893,33,33
6893,6893,6894,33,33
6894,6894,6895,33,33
6894,12669,12670,33,57
6895,6895,6896,33,33
6896,3494,3495,33,14
6896,6896,6897,33,33
6897,6897,6898,33,33
6898,6898,6899,33,33
6899,6899,6900,33,33
6900,6900,6901,33,33
6901,6901,6137,33,33
6902,6902,6903,34,34
6903,4741,4742,34,22
6903,6903,6904,34,34
6904,1750,1751,34,10
6904,6904,6905,34,34
6905,6905,6906,34,34
6906,6906,6907,34,34
6907,6907,6908,34,34
6908,6908,6909,34,34
6909,6909,6910,34,34
6910,4750,4751,34,22
6910,6910,6911,34,34
6911,1759,1760,34,10
6911,6911,6912,34,34
6912,6912,6913,34,34
6913,6913,6914,34,34
6914,6914,6915,34,34
6915,6915,6916,34,34
6916,6916,6917,34,34
6917,4759,4760,34,22
6917,6917,6918,34,34
6918,1768,1769,34,10
6918,6918,6919,34,34
6919,6919,6920,34,34
6920,6920,6921,34,34
6921,6921,6922,34,34
6922,6922,6923,34,34
6923,6923,6924,34,34
6924,4768,4769,34,22
6924,6924,6925,34,34
6925,1777,1778,34,10
6925,6925,6926,34,34
6926,6926,6927,34,34
6927,6927,6928,34,34
6928,6928,6929,34,34
6929,6929,6930,34,34
6930,6930,6931,34,34
6931,4777,4778,34,22
6931,6931,6932,34,34
6932,1786,1787,34,10
6932,6932,6933,34,34
6933,6933,6934,34,34
6934,6934,6935,34,34
6935,6935,6936,34,34
6936,6936,6937,34,34
6937,6937,6938,34,34
6938,4786,4787,34,22
6938,6938,6939,34,34
6939,1795,1796,34,10
6939,6939,6940,34,34
6940,6940,6941,34,34
6941,6941,6942,34,34
6942,6942,6943,34,34
6943,6943,6944,34,34
6944,6944,6945,34,34
6945,4795,4796,34,22
6945,6945,6946,34,34
6946,1804,1805,34,10
6946,6946,6947,34,34
6947,6947,6948,34,34
6948,6948,6949,34,34
6949,6949,6950,34,34
6950,6950,6951,34,34
6951,6951,6952,34,34
6952,4804,4805,34,22
6952,6952,6953,34,34
6953,1813,1814,34,10
6953,6953,6954,34,34
6954,6954,6955,34,34
6955,6955,6956,34,34
6956,6956,6957,34,34
6957,6957,6958,34,34
6958,6958,6959,34,34
6959,4660,4661,34,22
6959,6959,6960,34,34
6960,1669,1670,34,10
6960,6960,6961,34,34
6961,6961,6962,34,34
6962,6962,6963,34,34
6963,6963,6964,34,34
6964,6964,6965,34,34
6965,6965,6966,34,34
6966,4669,4670,34,22
6966,6966,6967,34,34
6967,1678,1679,34,10
6967,6967,6968,34,34
6968,6968,6969,34,34
6969,6969,6970,34,34
6970,6970,6971,34,34
6971,6971,6972,34,34
6972,6972,6973,34,34
6973,4678,4679,34,22
6973,6973,6974,34,34
6974,1687,1688,34,10
6974,6974,6975,34,34
6975,6975,6976,34,34
6976,6976,6977,34,34
6977,6977,6978,34,34
6978,6978,6979,34,34
6979,6979,6980,34,34
6980,4687,4688,34,22
6980,6980,6981,34,34
6981,1696,1697,34,10
6981,6981,6982,34,34
6982,6982,6983,34,34
6983,6983,6984,34,34
6984,6984,6985,34,34
6985,6985,6986,34,34
6986,6986,6987,34,34
6987,4696,4697,34,22
6987,6987,6988,34,34
6988,1705,1706,34,10
6988,6988,6989,34,34
6989,6989,6990,34,34
6990,6990,6991,34,34
6991,6991,6992,34,34
6992,6992,6993,34,34
6993,6993,6994,34,34
6994,4705,4706,34,22
6994,6994,6995,34,34
6995,1714,1715,34,10
6995,6995,6996,34,34
6996,6996,6997,34,34
6997,6997,6998,34,34
6998,6998,6999,34,34
6999,6999,7000,34,34
7000,7000,7001,34,34
7001,4714,4715,34,22
7001,7001,7002,34,34
7002,1723,1724,34,10
7002,7002,7003,34,34
7003,7003,7004,34,34
7004,7004,7005,34,34
7005,7005,7006,34,34
7006,7006,7007,34,34
7007,7007,7008,34,34
7008,4723,4724,34,22
7008,7008,7009,34,34
7009,1732,1733,34,10
7009,7009,7010,34,34
7010,7010,7011,34,34
7011,7011,7012,34,34
7012,7012,7013,34,34
7013,7013,7014,34,34
7014,7014,7015,34,34
7015,4732,4733,34,22
7015,7015,7016,34,34
7016,1741,1742,34,10
7016,7016,7017,34,34
7017,7017,7018,34,34
7018,7018,7019,34,34
7019,7019,7020,34,34
7020,7020,6902,34,34
7021,7021,7022,35,35
7022,4894,4895,35,23
7022,7022,7023,35,35
7023,2209,2210,35,13
7023,7023,7024,35,35
7024,1751,1752,35,10
7024,7024,7025,35,35
7025,7025,7026,35,35
7026,7026,7027,35,35
7027,7027,7028,35,35
7028,7028,7029,35,35
7029,4903,4904,35,23
7029,7029,7030,35,35
7030,2218,2219,35,13
7030,7030,7031,35,35
7031,1760,1761,35,10
7031,7031,7032,35,35
7032,7032,7033,35,35
7033,7033,7034,35,35
7034,7034,7035,35,35
7035,7035,7036,35,35
7036,4912,4913,35,23
7036,7036,7037,35,35
7037,2227,2228,35,13
7037,7037,7038,35,35
7038,1769,1770,35,10
7038,7038,7039,35,35
7039,7039,7040,35,35
7040,7040,7041,35,35
7041,7041,7042,35,35
7042,7042,7043,35,35
7043,4921,4922,35,23
7043,7043,7044,35,35
7044,2236,2237,35,13
7044,7044,7045,35,35
7045,1778,1779,35,10
7045,7045,7046,35,35
7046,7046,7047,35,35
7047,7047,7048,35,35
7048,7048,7049,35,35
7049,7049,7050,35,35
7050,4930,4931,35,23
7050,7050,7051,35,35
7051,2245,2246,35,13
7051,7051,7052,35,35
7052,1787,1788,35,10
7052,7052,7053,35,35
7053,7053,7054,35,35
7054,7054,7055,35,35
7055,7055,7056,35,35
7056,7056,7057,35,35
7057,4939,4940,35,23
7057,7057,7058,35,35
7058,2254,2255,35,13
7058,7058,7059,35,35
7059,1796,1797,35,10
7059,7059,7060,35,35
7060,7060,7061,35,35
7061,7061,7062,35,35
7062,7062,7063,35,35
7063,7063,7064,35,35
7064,4948,4949,35,23
7064,7064,7065,35,35
7065,2263,2264,35,13
7065,7065,7066,35,35
7066,1805,1806,35,10
7066,7066,7067,35,35
7067,7067,7068,35,35
7068,7068,7069,35,35
7069,7069,7070,35,35
7070,7070,7071,35,35
7071,4957,4958,35,23
7071,7071,7072,35,35
7072,2272,2273,35,13
7072,7072,7073,35,35
7073,1814,1815,35,10
7073,7073,7074,35,35
7074,7074,7075,35,35
7075,7075,7076,35,35
7076,7076,7077,35,35
7077,7077,7078,35,35
7078,4813,4814,35,23
7078,7078,7079,35,35
7079,2128,2129,35,13
7079,7079,7080,35,35
7080,1670,1671,35,10
7080,7080,7081,35,35
7081,7081,7082,35,35
7082,7082,7083,35,35
7083,7083,7084,35,35
7084,7084,7085,35,35
7085,4822,4823,35,23
7085,7085,7086,35,35
7086,2137,2138,35,13
7086,7086,7087,35,35
7087,1679,1680,35,10
7087,7087,7088,35,35
7088,7088,7089,35,35
7089,7089,7090,35,35
7090,7090,7091,35,35
7091,7091,7092,35,35
7092,4831,4832,35,23
7092,7092,7093,35,35
7093,2146,2147,35,13
7093,7093,7094,35,35
7094,1688,1689,35,10
7094,7094,7095,35,35
7095,7095,7096,35,35
7096,7096,7097,35,35
7097,7097,7098,35,35
7098,7098,7099,35,35
7099,4840,4841,35,23
7099,7099,7100,35,35
7100,2155,2156,35,13
7100,7100,7101,35,35
7101,1697,1698,35,10
7101,7101,7102,35,35
7102,7102,7103,35,35
7103,7103,7104,35,35
7104,7104,7105,35,35
7105,7105,7106,35,35
7106,4849,4850,35,23
7106,7106,7107,35,35
7107,2164,2165,35,13
7107,7107,7108,35,35
7108,1706,1707,35,10
7108,7108,7109,35,35
7109,7109,7110,35,35
7110,7110,7111,35,35
7111,7111,7112,35,35
7112,7112,7113,35,35
7113,4858,4859,35,23
7113,7113,7114,35,35
7114,2173,2174,35,13
7114,7114,7115,35,35
7115,1715,1716,35,10
7115,7115,7116,35,35
7116,7116,7117,35,35
7117,7117,7118,35,35
7118,7118,7119,35,35
7119,7119,7120,35,35
7120,4867,4868,35,23
7120,7120,7121,35,35
7121,2182,2183,35,13
7121,7121,7122,35,35
7122,1724,1725,35,10
7122,7122,7123,35,35
7123,7123,7124,35,35
7124,7124,7125,35,35
7125,7125,7126,35,35
7126,7126,7127,35,35
7127,4876,4877,35,23
7127,7127,7128,35,35
7128,2191,2192,35,13
7128,7128,7129,35,35
7129,1733,1734,35,10
7129,7129,7130,35,35
7130,7130,7131,35,35
7131,7131,7132,35,35
7132,7132,7133,35,35
7133,7133,7134,35,35
7134,4885,4886,35,23
7134,7134,7135,35,35
7135,2200,2201,35,13
7135,7135,7136,35,35
7136,1742,1743,35,10
7136,7136,7137,35,35
7137,7137,7138,35,35
7138,7138,7139,35,35
7139,7139,7021,35,35
7140,7140,7141,36,36
7141,5509,5510,36,28
7141,7141,7142,36,36
7142,5079,5080,36,24
7142,7142,7143,36,36
7143,7143,7144,36,36
7144,1752,1753,36,10
7144,7144,7145,36,36
7145,7145,7146,36,36
7146,7146,7147,36,36
7147,7147,7148,36,36
7148,5518,5519,36,28
7148,7148,7149,36,36
7149,5088,5089,36,24
7149,7149,7150,36,36
7150,7150,7151,36,36
7151,1761,1762,36,10
7151,7151,7152,36,36
7152,7152,7153,36,36
7153,7153,7154,36,36
7154,7154,7155,36,36
7155,5527,5528,36,28
7155,7155,7156,36,36
7156,5097,5098,36,24
7156,7156,7157,36,36
7157,7157,7158,36,36
7158,1770,1771,36,10
7158,7158,7159,36,36
7159,7159,7160,36,36
7160,7160,7161,36,36
7161,7161,7162,36,36
7162,5536,5537,36,28
7162,7162,7163,36,36
7163,5106,5107,36,24
7163,7163,7164,36,36
7164,7164,7165,36,36
7165,1779,1780,36,10
7165,7165,7166,36,36
7166,7166,7167,36,36
7167,7167,7168,36,36
7168,7168,7169,36,36
7169,5545,5546,36,28
7169,7169,7170,36,36
7170,5115,5116,36,24
7170,7170,7171,36,36
7171,7171,7172,36,36
7172,1788,1789,36,10
7172,7172,7173,36,36
7173,7173,7174,36,36
7174,7174,7175,36,36
7175,7175,7176,36,36
7176,5554,5555,36,28
7176,7176,7177,36,36
7177,4971,4972,36,24
7177,7177,7178,36,36
7178,7178,7179,36,36
7179,1797,1798,36,10
7179,7179,7180,36,36
7180,7180,7181,36,36
7181,7181,7182,36,36
7182,7182,7183,36,36
7183,5563,5564,36,28
7183,7183,7184,36,36
7184,4980,4981,36,24
7184,7184,7185,36,36
7185,7185,7186,36,36
7186,1806,1807,36,10
7186,7186,7187,36,36
7187,7187,7188,36,36
7188,7188,7189,36,36
7189,7189,7190,36,36
7190,5572,5573,36,28
7190,7190,7191,36,36
7191,4989,4990,36,24
7191,7191,7192,36,36
7192,7192,7193,36,36
7193,1815,1816,36,10
7193,7193,7194,36,36
7194,7194,7195,36,36
7195,7195,7196,36,36
7196,7196,7197,36,36
7197,5581,5582,36,28
7197,7197,7198,36,36
7198,4998,4999,36,24
7198,7198,7199,36,36
7199,7199,7200,36,36
7200,1671,1672,36,10
7200,7200,7201,36,36
7201,7201,7202,36,36
7202,7202,7203,36,36
7203,7203,7204,36,36
7204,5590,5591,36,28
7204,7204,7205,36,36
7205,5007,5008,36,24
7205,7205,7206,36,36
7206,7206,7207,36,36
7207,1680,1681,36,10
7207,7207,7208,36,36
7208,7208,7209,36,36
7209,7209,7210,36,36
7210,7210,7211,36,36
7211,5599,5600,36,28
7211,7211,7212,36,36
7212,5016,5017,36,24
7212,7212,7213,36,36
7213,7213,7214,36,36
7214,1689,1690,36,10
7214,7214,7215,36,36
7215,7215,7216,36,36
7216,7216,7217,36,36
7217,7217,7218,36,36
7218,5608,5609,36,28
7218,7218,7219,36,36
7219,5025,5026,36,24
7219,7219,7220,36,36
7220,7220,7221,36,36
7221,1698,1699,36,10
7221,7221,7222,36,36
7222,7222,7223,36,36
7223,7223,7224,36,36
7224,7224,7225,36,36
7225,5617,5618,36,28
7225,7225,7226,36,36
7226,5034,5035,36,24
7226,7226,7227,36,36
7227,7227,7228,36,36
7228,1707,1708,36,10
7228,7228,7229,36,36
7229,7229,7230,36,36
7230,7230,7231,36,36
7231,7231,7232,36,36
7232,5626,5627,36,28
7232,7232,7233,36,36
7233,5043,5044,36,24
7233,7233,7234,36,36
7234,7234,7235,36,36
7235,1716,1717,36,10
7235,7235,7236,36,36
7236,7236,7237,36,36
7237,7237,7238,36,36
7238,7238,7239,36,36
7239,5635,5636,36,28
7239,7239,7240,36,36
7240,5052,5053,36,24
7240,7240,7241,36,36
7241,7241,7242,36,36
7242,1725,1726,36,10
7242,7242,7243,36,36
7243,7243,7244,36,36
7244,7244,7245,36,36
7245,7245,7246,36,36
7246,5644,5645,36,28
7246,7246,7247,36,36
7247,5061,5062,36,24
7247,7247,7248,36,36
7248,7248,7249,36,36
7249,1734,1735,36,10
7249,7249,7250,36,36
7250,7250,7251,36,36
7251,7251,7252,36,36
7252,7252,7253,36,36
7253,5653,5654,36,28
7253,7253,7254,36,36
7254,5070,5071,36,24
7254,7254,7255,36,36
7255,7255,7256,36,36
7256,1743,1744,36,10
7256,7256,7257,36,36
7257,7257,7258,36,36
7258,7258,7140,36,36
7259,7259,7260,37,37
7260,5047,5048,37,24
7260,7260,7261,37,37
7261,7261,7262,37,37
7262,1904,1905,37,11
7262,7262,7263,37,37
7263,7263,7264,37,37
7264,7264,7265,37,37
7265,7265,7266,37,37
7266,7266,7267,37,37
7267,5056,5057,37,24
7267,7267,7268,37,37
7268,7268,7269,37,37
7269,1913,1914,37,11
7269,7269,7270,37,37
7270,7270,7271,37,37
7271,7271,7272,37,37
7272,7272,7273,37,37
7273,7273,7274,37,37
7274,5065,5066,37,24
7274,7274,7275,37,37
7275,7275,7276,37,37
7276,1922,1923,37,11
7276,7276,7277,37,37
7277,7277,7278,37,37
7278,7278,7279,37,37
7279,7279,7280,37,37
7280,7280,7281,37,37
7281,5074,5075,37,24
7281,7281,7282,37,37
7282,7282,7283,37,37
7283,1931,1932,37,11
7283,7283,7284,37,37
7284,7284,7285,37,37
7285,7285,7286,37,37
7286,7286,7287,37,37
7287,7287,7288,37,37
7288,5083,5084,37,24
7288,7288,7289,37,37
7289,7289,7290,37,37
7290,1940,1941,37,11
7290,7290,7291,37,37
7291,7291,7292,37,37
7292,7292,7293,37,37
7293,7293,7294,37,37
7294,7294,7295,37,37
7295,5092,5093,37,24
7295,7295,7296,37,37
7296,7296,7297,37,37
7297,1949,1950,37,11
7297,7297,7298,37,37
7298,7298,7299,37,37
7299,7299,7300,37,37
7300,7300,7301,37,37
7301,7301,7302,37,37
7302,5101,5102,37,24
7302,7302,7303,37,37
7303,7303,7304,37,37
7304,1958,1959,37,11
7304,7304,7305,37,37
7305,7305,7306,37,37
7306,7306,7307,37,37
7307,7307,7308,37,37
7308,7308,7309,37,37
7309,5110,5111,37,24
7309,7309,7310,37,37
7310,7310,7311,37,37
7311,1967,1968,37,11
7311,7311,7312,37,37
7312,7312,7313,37,37
7313,7313,7314,37,37
7314,7314,7315,37,37
7315,7315,7316,37,37
7316,4966,4967,37,24
7316,7316,7317,37,37
7317,7317,7318,37,37
7318,1823,1824,37,11
7318,7318,7319,37,37
7319,7319,7320,37,37
7320,7320,7321,37,37
7321,7321,7322,37,37
7322,7322,7323,37,37
7323,4975,4976,37,24
7323,7323,7324,37,37
7324,7324,7325,37,37
7325,1832,1833,37,11
7325,7325,7326,37,37
7326,7326,7327,37,37
7327,7327,7328,37,37
7328,7328,7329,37,37
7329,7329,7330,37,37
7330,4984,4985,37,24
7330,7330,7331,37,37
7331,7331,7332,37,37
7332,1841,1842,37,11
7332,7332,7333,37,37
7333,7333,7334,37,37
7334,7334,7335,37,37
7335,7335,7336,37,37
7336,7336,7337,37,37
7337,4993,4994,37,24
7337,7337,7338,37,37
7338,7338,7339,37,37
7339,1850,1851,37,11
7339,7339,7340,37,37
7340,7340,7341,37,37
7341,7341,7342,37,37
7342,7342,7343,37,37
7343,7343,7344,37,37
7344,5002,5003,37,24
7344,7344,7345,37,37
7345,7345,7346,37,37
7346,1859,1860,37,11
7346,7346,7347,37,37
7347,7347,7348,37,37
7348,7348,7349,37,37
7349,7349,7350,37,37
7350,7350,7351,37,37
7351,5011,5012,37,24
7351,7351,7352,37,37
7352,7352,7353,37,37
7353,1868,1869,37,11
7353,7353,7354,37,37
7354,7354,7355,37,37
7355,7355,7356,37,37
7356,7356,7357,37,37
7357,7357,7358,37,37
7358,5020,5021,37,24
7358,7358,7359,37,37
7359,7359,7360,37,37
7360,1877,1878,37,11
7360,7360,7361,37,37
7361,7361,7362,37,37
7362,7362,7363,37,37
7363,7363,7364,37,37
7364,7364,7365,37,37
7365,5029,5030,37,24
7365,7365,7366,37,37
7366,7366,7367,37,37
7367,1886,1887,37,11
7367,7367,7368,37,37
7368,7368,7369,37,37
7369,7369,7370,37,37
7370,7370,7371,37,37
7371,7371,7372,37,37
7372,5038,5039,37,24
7372,7372,7373,37,37
7373,7373,7374,37,37
7374,1895,1896,37,11
7374,7374,7375,37,37
7375,7375,7376,37,37
7376,7376,7377,37,37
7377,7377,7259,37,37
7378,7378,7379,38,38
7379,5325,5326,38,26
7379,7379,7380,38,38
7380,7380,7381,38,38
7381,5080,5081,38,24
7381,7381,7382,38,38
7382,1905,1906,38,11
7382,7382,7383,38,38
7383,7383,7384,38,38
7384,7384,7385,38,38
7385,7385,7386,38,38
7386,5334,5335,38,26
7386,7386,7387,38,38
7387,7387,7388,38,38
7388,5089,5090,38,24
7388,7388,7389,38,38
7389,1914,1915,38,11
7389,7389,7390,38,38
7390,7390,7391,38,38
7391,7391,7392,38,38
7392,7392,7393,38,38
7393,5343,5344,38,26
7393,7393,7394,38,38
7394,7394,7395,38,38
7395,5098,5099,38,24
7395,7395,7396,38,38
7396,1923,1924,38,11
7396,7396,7397,38,38
7397,7397,7398,38,38
7398,7398,7399,38,38
7399,7399,7400,38,38
7400,5352,5353,38,26
7400,7400,7401,38,38
7401,7401,7402,38,38
7402,5107,5108,38,24
7402,7402,7403,38,38
7403,1932,1933,38,11
7403,7403,7404,38,38
7404,7404,7405,38,38
7405,7405,7406,38,38
7406,7406,7407,38,38
7407,5208,5209,38,26
7407,7407,7408,38,38
7408,7408,7409,38,38
7409,5116,4964,38,24
7409,7409,7410,38,38
7410,1941,1942,38,11
7410,7410,7411,38,38
7411,7411,7412,38,38
7412,7412,7413,38,38
7413,7413,7414,38,38
7414,5217,5218,38,26
7414,7414,7415,38,38
7415,7415,7416,38,38
7416,4972,4973,38,24
7416,7416,7417,38,38
7417,1950,1951,38,11
7417,7417,7418,38,38
7418,7418,7419,38,38
7419,7419,7420,38,38
7420,7420,7421,38,38
7421,5226,5227,38,26
7421,7421,7422,38,38
7422,7422,7423,38,38
7423,4981,4982,38,24
7423,7423,7424,38,38
7424,1959,1960,38,11
7424,7424,7425,38,38
7425,7425,7426,38,38
7426,7426,7427,38,38
7427,7427,7428,38,38
7428,5235,5236,38,26
7428,7428,7429,38,38
7429,7429,7430,38,38
7430,4990,4991,38,24
7430,7430,7431,38,38
7431,1968,1969,38,11
7431,7431,7432,38,38
7432,7432,7433,38,38
7433,7433,7434,38,38
7434,7434,7435,38,38
7435,5244,5245,38,26
7435,7435,7436,38,38
7436,7436,7437,38,38
7437,4999,5000,38,24
7437,7437,7438,38,38
7438,1824,1825,38,11
7438,7438,7439,38,38
7439,7439,7440,38,38
7440,7440,7441,38,38
7441,7441,7442,38,38
7442,5253,5254,38,26
7442,7442,7443,38,38
7443,7443,7444,38,38
7444,5008,5009,38,24
7444,7444,7445,38,38
7445,1833,1834,38,11
7445,7445,7446,38,38
7446,7446,7447,38,38
7447,7447,7448,38,38
7448,7448,7449,38,38
7449,5262,5263,38,26
7449,7449,7450,38,38
7450,7450,7451,38,38
7451,5017,5018,38,24
7451,7451,7452,38,38
7452,1842,1843,38,11
7452,7452,7453,38,38
7453,7453,7454,38,38
7454,7454,7455,38,38
7455,7455,7456,38,38
7456,5271,5272,38,26
7456,7456,7457,38,38
7457,7457,7458,38,38
7458,5026,5027,38,24
7458,7458,7459,38,38
7459,1851,1852,38,11
7459,7459,7460,38,38
7460,7460,7461,38,38
7461,7461,7462,38,38
7462,7462,7463,38,38
7463,5280,5281,38,26
7463,7463,7464,38,38
7464,7464,7465,38,38
7465,5035,5036,38,24
7465,7465,7466,38,38
7466,1860,1861,38,11
7466,7466,7467,38,38
7467,7467,7468,38,38
7468,7468,7469,38,38
7469,7469,7470,38,38
7470,5289,5290,38,26
7470,7470,7471,38,38
7471,7471,7472,38,38
7472,5044,5045,38,24
7472,7472,7473,38,38
7473,1869,1870,38,11
7473,7473,7474,38,38
7474,7474,7475,38,38
7475,7475,7476,38,38
7476,7476,7477,38,38
7477,5298,5299,38,26
7477,7477,7478,38,38
7478,7478,7479,38,38
7479,5053,5054,38,24
7479,7479,7480,38,38
7480,1878,1879,38,11
7480,7480,7481,38,38
7481,7481,7482,38,38
7482,7482,7483,38,38
7483,7483,7484,38,38
7484,5307,5308,38,26
7484,7484,7485,38,38
7485,7485,7486,38,38
7486,5062,5063,38,24
7486,7486,7487,38,38
7487,1887,1888,38,11
7487,7487,7488,38,38
7488,7488,7489,38,38
7489,7489,7490,38,38
7490,7490,7491,38,38
7491,5316,5317,38,26
7491,7491,7492,38,38
7492,7492,7493,38,38
7493,5071,5072,38,24
7493,7493,7494,38,38
7494,1896,1897,38,11
7494,7494,7495,38,38
7495,7495,7496,38,38
7496,7496,7378,38,38
7497,7497,7498,39,39
7498,2248,2249,39,13
7498,7498,7499,39,39
7499,7499,7500,39,39
7500,7500,7501,39,39
7501,2058,2059,39,12
7501,7501,7502,39,39
7502,7502,7503,39,39
7503,7503,7504,39,39
7504,7504,7505,39,39
7505,2257,2258,39,13
7505,7505,7506,39,39
7506,7506,7507,39,39
7507,7507,7508,39,39
7508,2067,2068,39,12
7508,7508,7509,39,39
7509,7509,7510,39,39
7510,7510,7511,39,39
7511,7511,7512,39,39
7512,2266,2267,39,13
7512,7512,7513,39,39
7513,7513,7514,39,39
7514,7514,7515,39,39
7515,2076,2077,39,12
7515,7515,7516,39,39
7516,7516,7517,39,39
7517,7517,7518,39,39
7518,7518,7519,39,39
7519,2275,2276,39,13
7519,7519,7520,39,39
7520,7520,7521,39,39
7521,7521,7522,39,39
7522,2085,2086,39,12
7522,7522,7523,39,39
7523,7523,7524,39,39
7524,7524,7525,39,39
7525,7525,7526,39,39
7526,2131,2132,39,13
7526,7526,7527,39,39
7527,7527,7528,39,39
7528,7528,7529,39,39
7529,2094,2095,39,12
7529,7529,7530,39,39
7530,7530,7531,39,39
7531,7531,7532,39,39
7532,7532,7533,39,39
7533,2140,2141,39,13
7533,7533,7534,39,39
7534,7534,7535,39,39
7535,7535,7536,39,39
7536,2103,2104,39,12
7536,7536,7537,39,39
7537,7537,7538,39,39
7538,7538,7539,39,39
7539,7539,7540,39,39
7540,2149,2150,39,13
7540,7540,7541,39,39
7541,7541,7542,39,39
7542,7542,7543,39,39
7543,2112,2113,39,12
7543,7543,7544,39,39
7544,7544,7545,39,39
7545,7545,7546,39,39
7546,7546,7547,39,39
7547,2158,2159,39,13
7547,7547,7548,39,39
7548,7548,7549,39,39
7549,7549,7550,39,39
7550,2121,2122,39,12
7550,7550,7551,39,39
7551,7551,7552,39,39
7552,7552,7553,39,39
7553,7553,7554,39,39
7554,2167,2168,39,13
7554,7554,7555,39,39
7555,7555,7556,39,39
7556,7556,7557,39,39
7557,1977,1978,39,12
7557,7557,7558,39,39
7558,7558,7559,39,39
7559,7559,7560,39,39
7560,7560,7561,39,39
7561,2176,2177,39,13
7561,7561,7562,39,39
7562,7562,7563,39,39
7563,7563,7564,39,39
7564,1986,1987,39,12
7564,7564,7565,39,39
7565,7565,7566,39,39
7566,7566,7567,39,39
7567,7567,7568,39,39
7568,2185,2186,39,13
7568,7568,7569,39,39
7569,7569,7570,39,39
7570,7570,7571,39,39
7571,1995,1996,39,12
7571,7571,7572,39,39
7572,7572,7573,39,39
7573,7573,7574,39,39
7574,7574,7575,39,39
7575,2194,2195,39,13
7575,7575,7576,39,39
7576,7576,7577,39,39
7577,7577,7578,39,39
7578,2004,2005,39,12
7578,7578,7579,39,39
7579,7579,7580,39,39
7580,7580,7581,39,39
7581,7581,7582,39,39
7582,2203,2204,39,13
7582,7582,7583,39,39
7583,7583,7584,39,39
7584,7584,7585,39,39
7585,2013,2014,39,12
7585,7585,7586,39,39
7586,7586,7587,39,39
7587,7587,7588,39,39
7588,7588,7589,39,39
7589,2212,2213,39,13
7589,7589,7590,39,39
7590,7590,7591,39,39
7591,7591,7592,39,39
7592,2022,2023,39,12
7592,7592,7593,39,39
7593,7593,7594,39,39
7594,7594,7595,39,39
7595,7595,7596,39,39
7596,2221,2222,39,13
7596,7596,7597,39,39
7597,7597,7598,39,39
7598,7598,7599,39,39
7599,2031,2032,39,12
7599,7599,7600,39,39
7600,7600,7601,39,39
7601,7601,7602,39,39
7602,7602,7603,39,39
7603,2230,2231,39,13
7603,7603,7604,39,39
7604,7604,7605,39,39
7605,7605,7606,39,39
7606,2040,2041,39,12
7606,7606,7607,39,39
7607,7607,7608,39,39
7608,7608,7609,39,39
7609,7609,7610,39,39
7610,2239,2240,39,13
7610,7610,7611,39,39
7611,7611,7612,39,39
7612,7612,7613,39,39
7613,2049,2050,39,12
7613,7613,7614,39,39
7614,7614,7615,39,39
7615,7615,7497,39,39
7616,7616,7617,40,40
7617,7617,7618,40,40
7618,7618,7619,40,40
7619,7619,7620,40,40
7620,7620,7621,40,40
7621,7621,7622,40,40
7622,7622,7623,40,40
7623,7623,7624,40,40
7624,3136,3137,40,14
7624,7624,7625,40,40
7625,7625,7626,40,40
7626,7626,7627,40,40
7627,7627,7628,40,40
7628,7628,7629,40,40
7629,2926,2927,40,14
7629,7629,7630,40,40
7630,7630,7631,40,40
7631,3145,3146,40,14
7631,7631,7632,40,40
7632,7632,7633,40,40
7633,7633,7634,40,40
7634,7634,7635,40,40
7635,7635,7636,40,40
7636,2935,2936,40,14
7636,7636,7637,40,40
7637,7637,7638,40,40
7638,7638,7639,40,40
7639,7639,7640,40,40
7640,7640,7641,40,40
7641,7641,7642,40,40
7642,7642,7643,40,40
7643,2785,2786,40,14
7643,7643,7644,40,40
7644,7644,7645,40,40
7645,7645,7646,40,40
7646,7646,7647,40,40
7647,7647,7648,40,40
7648,2575,2576,40,14
7648,7648,7649,40,40
7649,7649,7650,40,40
7650,2794,2795,40,14
7650,7650,7651,40,40
7651,7651,7652,40,40
7652,7652,7653,40,40
7653,7653,7654,40,40
7654,7654,7655,40,40
7655,2584,2585,40,14
7655,7655,7656,40,40
7656,7656,7657,40,40
7657,7657,7658,40,40
7658,7658,7659,40,40
7659,7659,7660,40,40
7660,7660,7661,40,40
7661,7661,7662,40,40
7662,7662,7663,40,40
7663,7663,7664,40,40
7664,7664,7665,40,40
7665,7665,7666,40,40
7666,7666,7667,40,40
7667,7667,7668,40,40
7668,7668,7669,40,40
7669,2443,2444,40,14
7669,7669,7670,40,40
7670,7670,7671,40,40
7671,7671,7672,40,40
7672,7672,7673,40,40
7673,7673,7674,40,40
7674,3542,3543,40,14
7674,7674,7675,40,40
7675,7675,7676,40,40
7676,2452,2453,40,14
7676,7676,7677,40,40
7677,7677,7678,40,40
7678,7678,7679,40,40
7679,7679,7680,40,40
7680,7680,7681,40,40
7681,3551,3552,40,14
7681,7681,7682,40,40
7682,7682,7683,40,40
7683,7683,7684,40,40
7684,7684,7685,40,40
7685,7685,7686,40,40
7686,7686,7687,40,40
7687,7687,7688,40,40
7688,3401,3402,40,14
7688,7688,7689,40,40
7689,7689,7690,40,40
7690,7690,7691,40,40
7691,7691,7692,40,40
7692,7692,7693,40,40
7693,3191,3192,40,14
7693,7693,7694,40,40
7694,7694,7695,40,40
7695,3410,3411,40,14
7695,7695,7696,40,40
7696,7696,7697,40,40
7697,7697,7698,40,40
7698,7698,7699,40,40
7699,7699,7700,40,40
7700,3200,3201,40,14
7700,7700,7701,40,40
7701,7701,7702,40,40
7702,7702,7703,40,40
7703,7703,7704,40,40
7704,7704,7705,40,40
7705,7705,7706,40,40
7706,7706,7707,40,40
7707,7707,7708,40,40
7708,7708,7709,40,40
7709,7709,7710,40,40
7710,7710,7711,40,40
7711,7711,7712,40,40
7712,7712,7713,40,40
7713,7713,7714,40,40
7714,3059,3060,40,14
7714,7714,7715,40,40
7715,7715,7716,40,40
7716,7716,7717,40,40
7717,7717,7718,40,40
7718,7718,7719,40,40
7719,2849,2850,40,14
7719,7719,7720,40,40
7720,7720,7721,40,40
7721,3068,3069,40,14
7721,7721,7722,40,40
7722,7722,7723,40,40
7723,7723,7724,40,40
7724,7724,7725,40,40
7725,7725,7726,40,40
7726,2858,2859,40,14
7726,7726,7727,40,40
7727,7727,7728,40,40
7728,7728,7729,40,40
7729,7729,7730,40,40
7730,7730,7731,40,40
7731,7731,7732,40,40
7732,7732,7733,40,40
7733,2708,2709,40,14
7733,7733,7734,40,40
7734,7734,7735,40,40
7735,7735,7736,40,40
7736,7736,7737,40,40
7737,7737,7738,40,40
7738,2498,2499,40,14
7738,7738,7739,40,40
7739,7739,7740,40,40
7740,2717,2718,40,14
7740,7740,7741,40,40
7741,7741,7742,40,40
7742,7742,7743,40,40
7743,7743,7744,40,40
7744,7744,7745,40,40
7745,2507,2508,40,14
7745,7745,7746,40,40
7746,7746,7747,40,40
7747,7747,7748,40,40
7748,7748,7749,40,40
7749,7749,7750,40,40
7750,7750,7751,40,40
7751,7751,7752,40,40
7752,7752,7753,40,40
7753,7753,7754,40,40
7754,7754,7755,40,40
7755,7755,7756,40,40
7756,7756,7757,40,40
7757,7757,7758,40,40
7758,7758,7759,40,40
7759,2366,2367,40,14
7759,7759,7760,40,40
7760,7760,7761,40,40
7761,7761,7762,40,40
7762,7762,7763,40,40
7763,7763,7764,40,40
7764,3465,3466,40,14
7764,7764,7765,40,40
7765,7765,7766,40,40
7766,2375,2376,40,14
7766,7766,7767,40,40
7767,7767,7768,40,40
7768,7768,7769,40,40
7769,7769,7770,40,40
7770,7770,7771,40,40
7771,3474,3475,40,14
7771,7771,7772,40,40
7772,7772,7773,40,40
7773,7773,7774,40,40
7774,7774,7775,40,40
7775,7775,7776,40,40
7776,7776,7777,40,40
7777,7777,7778,40,40
7778,3324,3325,40,14
7778,7778,7779,40,40
7779,7779,7780,40,40
7780,7780,7781,40,40
7781,7781,7782,40,40
7782,7782,7783,40,40
7783,3114,3115,40,14
7783,7783,7784,40,40
7784,7784,7785,40,40
7785,3333,3334,40,14
7785,7785,7786,40,40
7786,7786,7787,40,40
7787,7787,7788,40,40
7788,7788,7789,40,40
7789,7789,7790,40,40
7790,3123,3124,40,14
7790,7790,7791,40,40
7791,7791,7792,40,40
7792,7792,7793,40,40
7793,7793,7794,40,40
7794,7794,7795,40,40
7795,7795,7796,40,40
7796,7796,7797,40,40
7797,7797,7798,40,40
7798,7798,7799,40,40
7799,7799,7800,40,40
7800,7800,7801,40,40
7801,7801,7802,40,40
7802,7802,7803,40,40
7803,7803,7804,40,40
7804,2982,2983,40,14
7804,7804,7805,40,40
7805,7805,7806,40,40
7806,7806,7807,40,40
7807,7807,7808,40,40
7808,7808,7809,40,40
7809,2772,2773,40,14
7809,7809,7810,40,40
7810,7810,7811,40,40
7811,2991,2992,40,14
7811,7811,7812,40,40
7812,7812,7813,40,40
7813,7813,7814,40,40
7814,7814,7815,40,40
7815,7815,7816,40,40
7816,2781,2782,40,14
7816,7816,7817,40,40
7817,7817,7818,40,40
7818,7818,7819,40,40
7819,7819,7820,40,40
7820,7820,7821,40,40
7821,7821,7822,40,40
7822,7822,7823,40,40
7823,2631,2632,40,14
7823,7823,7824,40,40
7824,7824,7825,40,40
7825,7825,7826,40,40
7826,7826,7827,40,40
7827,7827,7828,40,40
7828,2421,2422,40,14
7828,7828,7829,40,40
7829,7829,7830,40,40
7830,2640,2641,40,14
7830,7830,7831,40,40
7831,7831,7832,40,40
7832,7832,7833,40,40
7833,7833,7834,40,40
7834,7834,7835,40,40
7835,2430,2431,40,14
7835,7835,7836,40,40
7836,7836,7837,40,40
7837,7837,7838,40,40
7838,7838,7839,40,40
7839,7839,7840,40,40
7840,7840,7841,40,40
7841,7841,7842,40,40
7842,7842,7843,40,40
7843,7843,7844,40,40
7844,7844,7845,40,40
7845,7845,7846,40,40
7846,7846,7847,40,40
7847,7847,7848,40,40
7848,7848,7849,40,40
7849,2289,2290,40,14
7849,7849,7850,40,40
7850,7850,7851,40,40
7851,7851,7852,40,40
7852,7852,7853,40,40
7853,7853,7854,40,40
7854,3388,3389,40,14
7854,7854,7855,40,40
7855,7855,7856,40,40
7856,2298,2299,40,14
7856,7856,7857,40,40
7857,7857,7858,40,40
7858,7858,7859,40,40
7859,7859,7860,40,40
7860,7860,7861,40,40
7861,3397,3398,40,14
7861,7861,7862,40,40
7862,7862,7863,40,40
7863,7863,7864,40,40
7864,7864,7865,40,40
7865,7865,7866,40,40
7866,7866,7867,40,40
7867,7867,7868,40,40
7868,3247,3248,40,14
7868,7868,7869,40,40
7869,7869,7870,40,40
7870,7870,7871,40,40
7871,7871,7872,40,40
7872,7872,7873,40,40
7873,3037,3038,40,14
7873,7873,7874,40,40
7874,7874,7875,40,40
7875,3256,3257,40,14
7875,7875,7876,40,40
7876,7876,7877,40,40
7877,7877,7878,40,40
7878,7878,7879,40,40
7879,7879,7880,40,40
7880,3046,3047,40,14
7880,7880,7881,40,40
7881,7881,7882,40,40
7882,7882,7883,40,40
7883,7883,7884,40,40
7884,7884,7885,40,40
7885,7885,7886,40,40
7886,7886,7887,40,40
7887,7887,7888,40,40
7888,7888,7889,40,40
7889,7889,7890,40,40
7890,7890,7891,40,40
7891,7891,7892,40,40
7892,7892,7893,40,40
7893,7893,7894,40,40
7894,2905,2906,40,14
7894,7894,7895,40,40
7895,7895,7896,40,40
7896,7896,7897,40,40
7897,7897,7898,40,40
7898,7898,7899,40,40
7899,2695,2696,40,14
7899,7899,7900,40,40
7900,7900,7901,40,40
7901,2914,2915,40,14
7901,7901,7902,40,40
7902,7902,7903,40,40
7903,7903,7904,40,40
7904,7904,7905,40,40
7905,7905,7906,40,40
7906,2704,2705,40,14
7906,7906,7907,40,40
7907,7907,7908,40,40
7908,7908,7909,40,40
7909,7909,7910,40,40
7910,7910,7911,40,40
7911,7911,7912,40,40
7912,7912,7913,40,40
7913,2554,2555,40,14
7913,7913,7914,40,40
7914,7914,7915,40,40
7915,7915,7916,40,40
7916,7916,7917,40,40
7917,7917,7918,40,40
7918,2344,2345,40,14
7918,7918,7919,40,40
7919,7919,7920,40,40
7920,2563,2564,40,14
7920,7920,7921,40,40
7921,7921,7922,40,40
7922,7922,7923,40,40
7923,7923,7924,40,40
7924,7924,7925,40,40
7925,2353,2354,40,14
7925,7925,7926,40,40
7926,7926,7927,40,40
7927,7927,7928,40,40
7928,7928,7929,40,40
7929,7929,7930,40,40
7930,7930,7931,40,40
7931,7931,7932,40,40
7932,7932,7933,40,40
7933,7933,7934,40,40
7934,7934,7935,40,40
7935,7935,7936,40,40
7936,7936,7937,40,40
7937,7937,7938,40,40
7938,7938,7939,40,40
7939,3521,3522,40,14
7939,7939,7940,40,40
7940,7940,7941,40,40
7941,7941,7942,40,40
7942,7942,7943,40,40
7943,7943,7944,40,40
7944,3311,3312,40,14
7944,7944,7945,40,40
7945,7945,7946,40,40
7946,3530,3531,40,14
7946,7946,7947,40,40
7947,7947,7948,40,40
7948,7948,7949,40,40
7949,7949,7950,40,40
7950,7950,7951,40,40
7951,3320,3321,40,14
7951,7951,7952,40,40
7952,7952,7953,40,40
7953,7953,7954,40,40
7954,7954,7955,40,40
7955,7955,7956,40,40
7956,7956,7957,40,40
7957,7957,7958,40,40
7958,3170,3171,40,14
7958,7958,7959,40,40
7959,7959,7960,40,40
7960,7960,7961,40,40
7961,7961,7962,40,40
7962,7962,7963,40,40
7963,2960,2961,40,14
7963,7963,7964,40,40
7964,7964,7965,40,40
7965,3179,3180,40,14
7965,7965,7966,40,40
7966,7966,7967,40,40
7967,7967,7968,40,40
7968,7968,7969,40,40
7969,7969,7970,40,40
7970,2969,2970,40,14
7970,7970,7971,40,40
7971,7971,7972,40,40
7972,7972,7973,40,40
7973,7973,7974,40,40
7974,7974,7975,40,40
7975,7975,7976,40,40
7976,7976,7977,40,40
7977,7977,7978,40,40
7978,7978,7979,40,40
7979,7979,7980,40,40
7980,7980,7981,40,40
7981,7981,7982,40,40
7982,7982,7983,40,40
7983,7983,7984,40,40
7984,2828,2829,40,14
7984,7984,7985,40,40
7985,7985,7986,40,40
7986,7986,7987,40,40
7987,7987,7988,40,40
7988,7988,7989,40,40
7989,2618,2619,40,14
7989,7989,7990,40,40
7990,7990,7991,40,40
7991,2837,2838,40,14
7991,7991,7992,40,40
7992,7992,7993,40,40
7993,7993,7994,40,40
7994,7994,7995,40,40
7995,7995,7996,40,40
7996,2627,2628,40,14
7996,7996,7997,40,40
7997,7997,7998,40,40
7998,7998,7999,40,40
7999,7999,8000,40,40
8000,8000,8001,40,40
8001,8001,8002,40,40
8002,8002,8003,40,40
8003,2477,2478,40,14
8003,8003,8004,40,40
8004,8004,8005,40,40
8005,8005,8006,40,40
8006,8006,8007,40,40
8007,8007,8008,40,40
8008,3576,3577,40,14
8008,8008,8009,40,40
8009,8009,8010,40,40
8010,2486,2487,40,14
8010,8010,8011,40,40
8011,8011,8012,40,40
8012,8012,8013,40,40
8013,8013,8014,40,40
8014,8014,8015,40,40
8015,3585,3586,40,14
8015,8015,8016,40,40
8016,8016,8017,40,40
8017,8017,8018,40,40
8018,8018,8019,40,40
8019,8019,8020,40,40
8020,8020,8021,40,40
8021,8021,8022,40,40
8022,8022,8023,40,40
8023,8023,8024,40,40
8024,8024,8025,40,40
8025,8025,8026,40,40
8026,8026,8027,40,40
8027,8027,8028,40,40
8028,8028,8029,40,40
8029,3444,3445,40,14
8029,8029,8030,40,40
8030,8030,8031,40,40
8031,8031,8032,40,40
8032,8032,8033,40,40
8033,8033,8034,40,40
8034,3234,3235,40,14
8034,8034,8035,40,40
8035,8035,8036,40,40
8036,3453,3454,40,14
8036,8036,8037,40,40
8037,8037,8038,40,40
8038,8038,8039,40,40
8039,8039,8040,40,40
8040,8040,8041,40,40
8041,3243,3244,40,14
8041,8041,8042,40,40
8042,8042,8043,40,40
8043,8043,8044,40,40
8044,8044,8045,40,40
8045,8045,8046,40,40
8046,8046,8047,40,40
8047,8047,8048,40,40
8048,3093,3094,40,14
8048,8048,8049,40,40
8049,8049,8050,40,40
8050,8050,8051,40,40
8051,8051,8052,40,40
8052,8052,8053,40,40
8053,2883,2884,40,14
8053,8053,8054,40,40
8054,8054,8055,40,40
8055,3102,3103,40,14
8055,8055,8056,40,40
8056,8056,8057,40,40
8057,8057,8058,40,40
8058,8058,8059,40,40
8059,8059,8060,40,40
8060,2892,2893,40,14
8060,8060,8061,40,40
8061,8061,8062,40,40
8062,8062,8063,40,40
8063,8063,8064,40,40
8064,8064,8065,40,40
8065,8065,8066,40,40
8066,8066,8067,40,40
8067,8067,8068,40,40
8068,8068,8069,40,40
8069,8069,8070,40,40
8070,8070,8071,40,40
8071,8071,8072,40,40
8072,8072,8073,40,40
8073,8073,8074,40,40
8074,2751,2752,40,14
8074,8074,8075,40,40
8075,8075,8076,40,40
8076,8076,8077,40,40
8077,8077,8078,40,40
8078,8078,8079,40,40
8079,2541,2542,40,14
8079,8079,8080,40,40
8080,8080,8081,40,40
8081,2760,2761,40,14
8081,8081,8082,40,40
8082,8082,8083,40,40
8083,8083,8084,40,40
8084,8084,8085,40,40
8085,8085,8086,40,40
8086,2550,2551,40,14
8086,8086,8087,40,40
8087,8087,8088,40,40
8088,8088,8089,40,40
8089,8089,8090,40,40
8090,8090,8091,40,40
8091,8091,8092,40,40
8092,8092,8093,40,40
8093,2400,2401,40,14
8093,8093,8094,40,40
8094,8094,8095,40,40
8095,8095,8096,40,40
8096,8096,8097,40,40
8097,8097,8098,40,40
8098,3499,3500,40,14
8098,8098,8099,40,40
8099,8099,8100,40,40
8100,2409,2410,40,14
8100,8100,8101,40,40
8101,8101,8102,40,40
8102,8102,8103,40,40
8103,8103,8104,40,40
8104,8104,8105,40,40
8105,3508,3509,40,14
8105,8105,8106,40,40
8106,8106,8107,40,40
8107,8107,8108,40,40
8108,8108,8109,40,40
8109,8109,8110,40,40
8110,8110,8111,40,40
8111,8111,8112,40,40
8112,8112,8113,40,40
8113,8113,8114,40,40
8114,8114,8115,40,40
8115,8115,8116,40,40
8116,8116,8117,40,40
8117,8117,8118,40,40
8118,8118,8119,40,40
8119,3367,3368,40,14
8119,8119,8120,40,40
8120,8120,8121,40,40
8121,8121,8122,40,40
8122,8122,8123,40,40
8123,8123,8124,40,40
8124,3157,3158,40,14
8124,8124,8125,40,40
8125,8125,8126,40,40
8126,3376,3377,40,14
8126,8126,8127,40,40
8127,8127,8128,40,40
8128,8128,8129,40,40
8129,8129,8130,40,40
8130,8130,8131,40,40
8131,3166,3167,40,14
8131,8131,8132,40,40
8132,8132,8133,40,40
8133,8133,8134,40,40
8134,8134,8135,40,40
8135,8135,8136,40,40
8136,8136,8137,40,40
8137,8137,8138,40,40
8138,3016,3017,40,14
8138,8138,8139,40,40
8139,8139,8140,40,40
8140,8140,8141,40,40
8141,8141,8142,40,40
8142,8142,8143,40,40
8143,2806,2807,40,14
8143,8143,8144,40,40
8144,8144,8145,40,40
8145,3025,3026,40,14
8145,8145,8146,40,40
8146,8146,8147,40,40
8147,8147,8148,40,40
8148,8148,8149,40,40
8149,8149,8150,40,40
8150,2815,2816,40,14
8150,8150,8151,40,40
8151,8151,8152,40,40
8152,8152,8153,40,40
8153,8153,8154,40,40
8154,8154,8155,40,40
8155,8155,8156,40,40
8156,8156,8157,40,40
8157,8157,8158,40,40
8158,8158,8159,40,40
8159,8159,8160,40,40
8160,8160,8161,40,40
8161,8161,8162,40,40
8162,8162,8163,40,40
8163,8163,8164,40,40
8164,2674,2675,40,14
8164,8164,8165,40,40
8165,8165,8166,40,40
8166,8166,8167,40,40
8167,8167,8168,40,40
8168,8168,8169,40,40
8169,2464,2465,40,14
8169,8169,8170,40,40
8170,8170,8171,40,40
8171,2683,2684,40,14
8171,8171,8172,40,40
8172,8172,8173,40,40
8173,8173,8174,40,40
8174,8174,8175,40,40
8175,8175,8176,40,40
8176,2473,2474,40,14
8176,8176,8177,40,40
8177,8177,8178,40,40
8178,8178,8179,40,40
8179,8179,8180,40,40
8180,8180,8181,40,40
8181,8181,8182,40,40
8182,8182,8183,40,40
8183,2323,2324,40,14
8183,8183,8184,40,40
8184,8184,8185,40,40
8185,8185,8186,40,40
8186,8186,8187,40,40
8187,8187,8188,40,40
8188,3422,3423,40,14
8188,8188,8189,40,40
8189,8189,8190,40,40
8190,2332,2333,40,14
8190,8190,8191,40,40
8191,8191,8192,40,40
8192,8192,8193,40,40
8193,8193,8194,40,40
8194,8194,8195,40,40
8195,3431,3432,40,14
8195,8195,8196,40,40
8196,8196,8197,40,40
8197,8197,8198,40,40
8198,8198,8199,40,40
8199,8199,8200,40,40
8200,8200,8201,40,40
8201,8201,8202,40,40
8202,8202,8203,40,40
8203,8203,8204,40,40
8204,8204,8205,40,40
8205,8205,8206,40,40
8206,8206,8207,40,40
8207,8207,8208,40,40
8208,8208,8209,40,40
8209,3290,3291,40,14
8209,8209,8210,40,40
8210,8210,8211,40,40
8211,8211,8212,40,40
8212,8212,8213,40,40
8213,8213,8214,40,40
8214,3080,3081,40,14
8214,8214,8215,40,40
8215,8215,8216,40,40
8216,3299,3300,40,14
8216,8216,8217,40,40
8217,8217,8218,40,40
8218,8218,8219,40,40
8219,8219,8220,40,40
8220,8220,8221,40,40
8221,3089,3090,40,14
8221,8221,8222,40,40
8222,8222,8223,40,40
8223,8223,8224,40,40
8224,8224,8225,40,40
8225,8225,8226,40,40
8226,8226,8227,40,40
8227,8227,8228,40,40
8228,2939,2940,40,14
8228,8228,8229,40,40
8229,8229,8230,40,40
8230,8230,8231,40,40
8231,8231,8232,40,40
8232,8232,8233,40,40
8233,2729,2730,40,14
8233,8233,8234,40,40
8234,8234,8235,40,40
8235,2948,2949,40,14
8235,8235,8236,40,40
8236,8236,8237,40,40
8237,8237,8238,40,40
8238,8238,8239,40,40
8239,8239,8240,40,40
8240,2738,2739,40,14
8240,8240,8241,40,40
8241,8241,8242,40,40
8242,8242,8243,40,40
8243,8243,8244,40,40
8244,8244,8245,40,40
8245,8245,8246,40,40
8246,8246,8247,40,40
8247,8247,8248,40,40
8248,8248,8249,40,40
8249,8249,8250,40,40
8250,8250,8251,40,40
8251,8251,8252,40,40
8252,8252,8253,40,40
8253,8253,8254,40,40
8254,2597,2598,40,14
8254,8254,8255,40,40
8255,8255,8256,40,40
8256,8256,8257,40,40
8257,8257,8258,40,40
8258,8258,8259,40,40
8259,2387,2388,40,14
8259,8259,8260,40,40
8260,8260,8261,40,40
8261,2606,2607,40,14
8261,8261,8262,40,40
8262,8262,8263,40,40
8263,8263,8264,40,40
8264,8264,8265,40,40
8265,8265,8266,40,40
8266,2396,2397,40,14
8266,8266,8267,40,40
8267,8267,8268,40,40
8268,8268,8269,40,40
8269,8269,8270,40,40
8270,8270,8271,40,40
8271,8271,8272,40,40
8272,8272,8273,40,40
8273,3555,3556,40,14
8273,8273,8274,40,40
8274,8274,8275,40,40
8275,8275,8276,40,40
8276,8276,8277,40,40
8277,8277,8278,40,40
8278,3345,3346,40,14
8278,8278,8279,40,40
8279,8279,8280,40,40
8280,3564,3565,40,14
8280,8280,8281,40,40
8281,8281,8282,40,40
8282,8282,8283,40,40
8283,8283,8284,40,40
8284,8284,8285,40,40
8285,3354,3355,40,14
8285,8285,8286,40,40
8286,8286,8287,40,40
8287,8287,8288,40,40
8288,8288,8289,40,40
8289,8289,8290,40,40
8290,8290,8291,40,40
8291,8291,8292,40,40
8292,8292,8293,40,40
8293,8293,8294,40,40
8294,8294,8295,40,40
8295,8295,8296,40,40
8296,8296,8297,40,40
8297,8297,8298,40,40
8298,8298,8299,40,40
8299,3213,3214,40,14
8299,8299,8300,40,40
8300,8300,8301,40,40
8301,8301,8302,40,40
8302,8302,8303,40,40
8303,8303,8304,40,40
8304,3003,3004,40,14
8304,8304,8305,40,40
8305,8305,8306,40,40
8306,3222,3223,40,14
8306,8306,8307,40,40
8307,8307,8308,40,40
8308,8308,8309,40,40
8309,8309,8310,40,40
8310,8310,8311,40,40
8311,3012,3013,40,14
8311,8311,8312,40,40
8312,8312,8313,40,40
8313,8313,8314,40,40
8314,8314,8315,40,40
8315,8315,8316,40,40
8316,8316,8317,40,40
8317,8317,8318,40,40
8318,2862,2863,40,14
8318,8318,8319,40,40
8319,8319,8320,40,40
8320,8320,8321,40,40
8321,8321,8322,40,40
8322,8322,8323,40,40
8323,2652,2653,40,14
8323,8323,8324,40,40
8324,8324,8325,40,40
8325,2871,2872,40,14
8325,8325,8326,40,40
8326,8326,8327,40,40
8327,8327,8328,40,40
8328,8328,8329,40,40
8329,8329,8330,40,40
8330,2661,2662,40,14
8330,8330,8331,40,40
8331,8331,8332,40,40
8332,8332,8333,40,40
8333,8333,8334,40,40
8334,8334,8335,40,40
8335,8335,8336,40,40
8336,8336,8337,40,40
8337,8337,8338,40,40
8338,8338,8339,40,40
8339,8339,8340,40,40
8340,8340,8341,40,40
8341,8341,8342,40,40
8342,8342,8343,40,40
8343,8343,8344,40,40
8344,2520,2521,40,14
8344,8344,8345,40,40
8345,8345,8346,40,40
8346,8346,8347,40,40
8347,8347,8348,40,40
8348,8348,8349,40,40
8349,2310,2311,40,14
8349,8349,8350,40,40
8350,8350,8351,40,40
8351,2529,2530,40,14
8351,8351,8352,40,40
8352,8352,8353,40,40
8353,8353,8354,40,40
8354,8354,8355,40,40
8355,8355,8356,40,40
8356,2319,2320,40,14
8356,8356,8357,40,40
8357,8357,8358,40,40
8358,8358,8359,40,40
8359,8359,8360,40,40
8360,8360,8361,40,40
8361,8361,8362,40,40
8362,8362,8363,40,40
8363,3478,3479,40,14
8363,8363,8364,40,40
8364,8364,8365,40,40
8365,8365,8366,40,40
8366,8366,8367,40,40
8367,8367,8368,40,40
8368,3268,3269,40,14
8368,8368,8369,40,40
8369,8369,8370,40,40
8370,3487,3488,40,14
8370,8370,8371,40,40
8371,8371,8372,40,40
8372,8372,8373,40,40
8373,8373,8374,40,40
8374,8374,8375,40,40
8375,3277,3278,40,14
8375,8375,8376,40,40
8376,8376,8377,40,40
8377,8377,8378,40,40
8378,8378,8379,40,40
8379,8379,8380,40,40
8380,8380,7616,40,40
8381,8381,8382,41,41
8382,8382,8383,41,41
8383,3128,3129,41,14
8383,8383,8384,41,41
8384,8384,8385,41,41
8385,8385,8386,41,41
8386,8386,8387,41,41
8387,8387,8388,41,41
8388,8388,8389,41,41
8389,8389,8390,41,41
8390,3137,3138,41,14
8390,8390,8391,41,41
8391,8391,8392,41,41
8392,8392,8393,41,41
8393,8393,8394,41,41
8394,3199,3200,41,14
8394,8394,8395,41,41
8395,8395,8396,41,41
8396,8396,8397,41,41
8397,8397,8398,41,41
8398,8398,8399,41,41
8399,8399,8400,41,41
8400,8400,8401,41,41
8401,3208,3209,41,14
8401,8401,8402,41,41
8402,8402,8403,41,41
8403,8403,8404,41,41
8404,8404,8405,41,41
8405,8405,8406,41,41
8406,8406,8407,41,41
8407,8407,8408,41,41
8408,8408,8409,41,41
8409,2786,2787,41,14
8409,8409,8410,41,41
8410,8410,8411,41,41
8411,8411,8412,41,41
8412,8412,8413,41,41
8413,2848,2849,41,14
8413,8413,8414,41,41
8414,8414,8415,41,41
8415,8415,8416,41,41
8416,2795,2796,41,14
8416,8416,8417,41,41
8417,8417,8418,41,41
8418,8418,8419,41,41
8419,8419,8420,41,41
8420,2857,2858,41,14
8420,8420,8421,41,41
8421,8421,8422,41,41
8422,8422,8423,41,41
8423,8423,8424,41,41
8424,8424,8425,41,41
8425,8425,8426,41,41
8426,8426,8427,41,41
8427,8427,8428,41,41
8428,2435,2436,41,14
8428,8428,8429,41,41
8429,8429,8430,41,41
8430,8430,8431,41,41
8431,8431,8432,41,41
8432,8432,8433,41,41
8433,8433,8434,41,41
8434,8434,8435,41,41
8435,2444,2445,41,14
8435,8435,8436,41,41
8436,8436,8437,41,41
8437,8437,8438,41,41
8438,8438,8439,41,41
8439,2506,2507,41,14
8439,8439,8440,41,41
8440,8440,8441,41,41
8441,8441,8442,41,41
8442,8442,8443,41,41
8443,8443,8444,41,41
8444,8444,8445,41,41
8445,8445,8446,41,41
8446,2515,2516,41,14
8446,8446,8447,41,41
8447,8447,8448,41,41
8448,8448,8449,41,41
8449,8449,8450,41,41
8450,8450,8451,41,41
8451,8451,8452,41,41
8452,8452,8453,41,41
8453,8453,8454,41,41
8454,3402,3403,41,14
8454,8454,8455,41,41
8455,8455,8456,41,41
8456,8456,8457,41,41
8457,8457,8458,41,41
8458,3464,3465,41,14
8458,8458,8459,41,41
8459,8459,8460,41,41
8460,8460,8461,41,41
8461,3411,3412,41,14
8461,8461,8462,41,41
8462,8462,8463,41,41
8463,8463,8464,41,41
8464,8464,8465,41,41
8465,3473,3474,41,14
8465,8465,8466,41,41
8466,8466,8467,41,41
8467,8467,8468,41,41
8468,8468,8469,41,41
8469,8469,8470,41,41
8470,8470,8471,41,41
8471,8471,8472,41,41
8472,8472,8473,41,41
8473,3051,3052,41,14
8473,8473,8474,41,41
8474,8474,8475,41,41
8475,8475,8476,41,41
8476,8476,8477,41,41
8477,8477,8478,41,41
8478,8478,8479,41,41
8479,8479,8480,41,41
8480,3060,3061,41,14
8480,8480,8481,41,41
8481,8481,8482,41,41
8482,8482,8483,41,41
8483,8483,8484,41,41
8484,3122,3123,41,14
8484,8484,8485,41,41
8485,8485,8486,41,41
8486,8486,8487,41,41
8487,8487,8488,41,41
8488,8488,8489,41,41
8489,8489,8490,41,41
8490,8490,8491,41,41
8491,3131,3132,41,14
8491,8491,8492,41,41
8492,8492,8493,41,41
8493,8493,8494,41,41
8494,8494,8495,41,41
8495,8495,8496,41,41
8496,8496,8497,41,41
8497,8497,8498,41,41
8498,8498,8499,41,41
8499,2709,2710,41,14
8499,8499,8500,41,41
8500,8500,8501,41,41
8501,8501,8502,41,41
8502,8502,8503,41,41
8503,2771,2772,41,14
8503,8503,8504,41,41
8504,8504,8505,41,41
8505,8505,8506,41,41
8506,2718,2719,41,14
8506,8506,8507,41,41
8507,8507,8508,41,41
8508,8508,8509,41,41
8509,8509,8510,41,41
8510,2780,2781,41,14
8510,8510,8511,41,41
8511,8511,8512,41,41
8512,8512,8513,41,41
8513,8513,8514,41,41
8514,8514,8515,41,41
8515,8515,8516,41,41
8516,8516,8517,41,41
8517,8517,8518,41,41
8518,2358,2359,41,14
8518,8518,8519,41,41
8519,8519,8520,41,41
8520,8520,8521,41,41
8521,8521,8522,41,41
8522,8522,8523,41,41
8523,8523,8524,41,41
8524,8524,8525,41,41
8525,2367,2368,41,14
8525,8525,8526,41,41
8526,8526,8527,41,41
8527,8527,8528,41,41
8528,8528,8529,41,41
8529,2429,2430,41,14
8529,8529,8530,41,41
8530,8530,8531,41,41
8531,8531,8532,41,41
8532,8532,8533,41,41
8533,8533,8534,41,41
8534,8534,8535,41,41
8535,8535,8536,41,41
8536,2438,2439,41,14
8536,8536,8537,41,41
8537,8537,8538,41,41
8538,8538,8539,41,41
8539,8539,8540,41,41
8540,8540,8541,41,41
8541,8541,8542,41,41
8542,8542,8543,41,41
8543,8543,8544,41,41
8544,3325,3326,41,14
8544,8544,8545,41,41
8545,8545,8546,41,41
8546,8546,8547,41,41
8547,8547,8548,41,41
8548,3387,3388,41,14
8548,8548,8549,41,41
8549,8549,8550,41,41
8550,8550,8551,41,41
8551,3334,3335,41,14
8551,8551,8552,41,41
8552,8552,8553,41,41
8553,8553,8554,41,41
8554,8554,8555,41,41
8555,3396,3397,41,14
8555,8555,8556,41,41
8556,8556,8557,41,41
8557,8557,8558,41,41
8558,8558,8559,41,41
8559,8559,8560,41,41
8560,8560,8561,41,41
8561,8561,8562,41,41
8562,8562,8563,41,41
8563,2974,2975,41,14
8563,8563,8564,41,41
8564,8564,8565,41,41
8565,8565,8566,41,41
8566,8566,8567,41,41
8567,8567,8568,41,41
8568,8568,8569,41,41
8569,8569,8570,41,41
8570,2983,2984,41,14
8570,8570,8571,41,41
8571,8571,8572,41,41
8572,8572,8573,41,41
8573,8573,8574,41,41
8574,3045,3046,41,14
8574,8574,8575,41,41
8575,8575,8576,41,41
8576,8576,8577,41,41
8577,8577,8578,41,41
8578,8578,8579,41,41
8579,8579,8580,41,41
8580,8580,8581,41,41
8581,3054,3055,41,14
8581,8581,8582,41,41
8582,8582,8583,41,41
8583,8583,8584,41,41
8584,8584,8585,41,41
8585,8585,8586,41,41
8586,8586,8587,41,41
8587,8587,8588,41,41
8588,8588,8589,41,41
8589,2632,2633,41,14
8589,8589,8590,41,41
8590,8590,8591,41,41
8591,8591,8592,41,41
8592,8592,8593,41,41
8593,2694,2695,41,14
8593,8593,8594,41,41
8594,8594,8595,41,41
8595,8595,8596,41,41
8596,2641,2642,41,14
8596,8596,8597,41,41
8597,8597,8598,41,41
8598,8598,8599,41,41
8599,8599,8600,41,41
8600,2703,2704,41,14
8600,8600,8601,41,41
8601,8601,8602,41,41
8602,8602,8603,41,41
8603,8603,8604,41,41
8604,8604,8605,41,41
8605,8605,8606,41,41
8606,8606,8607,41,41
8607,8607,8608,41,41
8608,2281,2282,41,14
8608,8608,8609,41,41
8609,8609,8610,41,41
8610,8610,8611,41,41
8611,8611,8612,41,41
8612,8612,8613,41,41
8613,8613,8614,41,41
8614,8614,8615,41,41
8615,2290,2291,41,14
8615,8615,8616,41,41
8616,8616,8617,41,41
8617,8617,8618,41,41
8618,8618,8619,41,41
8619,2352,2353,41,14
8619,8619,8620,41,41
8620,8620,8621,41,41
8621,8621,8622,41,41
8622,8622,8623,41,41
8623,8623,8624,41,41
8624,8624,8625,41,41
8625,8625,8626,41,41
8626,2361,2362,41,14
8626,8626,8627,41,41
8627,8627,8628,41,41
8628,8628,8629,41,41
8629,8629,8630,41,41
8630,8630,8631,41,41
8631,8631,8632,41,41
8632,8632,8633,41,41
8633,8633,8634,41,41
8634,3248,3249,41,14
8634,8634,8635,41,41
8635,8635,8636,41,41
8636,8636,8637,41,41
8637,8637,8638,41,41
8638,3310,3311,41,14
8638,8638,8639,41,41
8639,8639,8640,41,41
8640,8640,8641,41,41
8641,3257,3258,41,14
8641,8641,8642,41,41
8642,8642,8643,41,41
8643,8643,8644,41,41
8644,8644,8645,41,41
8645,3319,3320,41,14
8645,8645,8646,41,41
8646,8646,8647,41,41
8647,8647,8648,41,41
8648,8648,8649,41,41
8649,8649,8650,41,41
8650,8650,8651,41,41
8651,8651,8652,41,41
8652,8652,8653,41,41
8653,2897,2898,41,14
8653,8653,8654,41,41
8654,8654,8655,41,41
8655,8655,8656,41,41
8656,8656,8657,41,41
8657,8657,8658,41,41
8658,8658,8659,41,41
8659,8659,8660,41,41
8660,2906,2907,41,14
8660,8660,8661,41,41
8661,8661,8662,41,41
8662,8662,8663,41,41
8663,8663,8664,41,41
8664,2968,2969,41,14
8664,8664,8665,41,41
8665,8665,8666,41,41
8666,8666,8667,41,41
8667,8667,8668,41,41
8668,8668,8669,41,41
8669,8669,8670,41,41
8670,8670,8671,41,41
8671,2977,2978,41,14
8671,8671,8672,41,41
8672,8672,8673,41,41
8673,8673,8674,41,41
8674,8674,8675,41,41
8675,8675,8676,41,41
8676,8676,8677,41,41
8677,8677,8678,41,41
8678,8678,8679,41,41
8679,2555,2556,41,14
8679,8679,8680,41,41
8680,8680,8681,41,41
8681,8681,8682,41,41
8682,8682,8683,41,41
8683,2617,2618,41,14
8683,8683,8684,41,41
8684,8684,8685,41,41
8685,8685,8686,41,41
8686,2564,2565,41,14
8686,8686,8687,41,41
8687,8687,8688,41,41
8688,8688,8689,41,41
8689,8689,8690,41,41
8690,2626,2627,41,14
8690,8690,8691,41,41
8691,8691,8692,41,41
8692,8692,8693,41,41
8693,8693,8694,41,41
8694,8694,8695,41,41
8695,8695,8696,41,41
8696,8696,8697,41,41
8697,8697,8698,41,41
8698,3513,3514,41,14
8698,8698,8699,41,41
8699,8699,8700,41,41
8700,8700,8701,41,41
8701,8701,8702,41,41
8702,8702,8703,41,41
8703,8703,8704,41,41
8704,8704,8705,41,41
8705,3522,3523,41,14
8705,8705,8706,41,41
8706,8706,8707,41,41
8707,8707,8708,41,41
8708,8708,8709,41,41
8709,3584,3585,41,14
8709,8709,8710,41,41
8710,8710,8711,41,41
8711,8711,8712,41,41
8712,8712,8713,41,41
8713,8713,8714,41,41
8714,8714,8715,41,41
8715,8715,8716,41,41
8716,2284,2285,41,14
8716,8716,8717,41,41
8717,8717,8718,41,41
8718,8718,8719,41,41
8719,8719,8720,41,41
8720,8720,8721,41,41
8721,8721,8722,41,41
8722,8722,8723,41,41
8723,8723,8724,41,41
8724,3171,3172,41,14
8724,8724,8725,41,41
8725,8725,8726,41,41
8726,8726,8727,41,41
8727,8727,8728,41,41
8728,3233,3234,41,14
8728,8728,8729,41,41
8729,8729,8730,41,41
8730,8730,8731,41,41
8731,3180,3181,41,14
8731,8731,8732,41,41
8732,8732,8733,41,41
8733,8733,8734,41,41
8734,8734,8735,41,41
8735,3242,3243,41,14
8735,8735,8736,41,41
8736,8736,8737,41,41
8737,8737,8738,41,41
8738,8738,8739,41,41
8739,8739,8740,41,41
8740,8740,8741,41,41
8741,8741,8742,41,41
8742,8742,8743,41,41
8743,2820,2821,41,14
8743,8743,8744,41,41
8744,8744,8745,41,41
8745,8745,8746,41,41
8746,8746,8747,41,41
8747,8747,8748,41,41
8748,8748,8749,41,41
8749,8749,8750,41,41
8750,2829,2830,41,14
8750,8750,8751,41,41
8751,8751,8752,41,41
8752,8752,8753,41,41
8753,8753,8754,41,41
8754,2891,2892,41,14
8754,8754,8755,41,41
8755,8755,8756,41,41
8756,8756,8757,41,41
8757,8757,8758,41,41
8758,8758,8759,41,41
8759,8759,8760,41,41
8760,8760,8761,41,41
8761,2900,2901,41,14
8761,8761,8762,41,41
8762,8762,8763,41,41
8763,8763,8764,41,41
8764,8764,8765,41,41
8765,8765,8766,41,41
8766,8766,8767,41,41
8767,8767,8768,41,41
8768,8768,8769,41,41
8769,2478,2479,41,14
8769,8769,8770,41,41
8770,8770,8771,41,41
8771,8771,8772,41,41
8772,8772,8773,41,41
8773,2540,2541,41,14
8773,8773,8774,41,41
8774,8774,8775,41,41
8775,8775,8776,41,41
8776,2487,2488,41,14
8776,8776,8777,41,41
8777,8777,8778,41,41
8778,8778,8779,41,41
8779,8779,8780,41,41
8780,2549,2550,41,14
8780,8780,8781,41,41
8781,8781,8782,41,41
8782,8782,8783,41,41
8783,8783,8784,41,41
8784,8784,8785,41,41
8785,8785,8786,41,41
8786,8786,8787,41,41
8787,8787,8788,41,41
8788,3436,3437,41,14
8788,8788,8789,41,41
8789,8789,8790,41,41
8790,8790,8791,41,41
8791,8791,8792,41,41
8792,8792,8793,41,41
8793,8793,8794,41,41
8794,8794,8795,41,41
8795,3445,3446,41,14
8795,8795,8796,41,41
8796,8796,8797,41,41
8797,8797,8798,41,41
8798,8798,8799,41,41
8799,3507,3508,41,14
8799,8799,8800,41,41
8800,8800,8801,41,41
8801,8801,8802,41,41
8802,8802,8803,41,41
8803,8803,8804,41,41
8804,8804,8805,41,41
8805,8805,8806,41,41
8806,3516,3517,41,14
8806,8806,8807,41,41
8807,8807,8808,41,41
8808,8808,8809,41,41
8809,8809,8810,41,41
8810,8810,8811,41,41
8811,8811,8812,41,41
8812,8812,8813,41,41
8813,8813,8814,41,41
8814,3094,3095,41,14
8814,8814,8815,41,41
8815,8815,8816,41,41
8816,8816,8817,41,41
8817,8817,8818,41,41
8818,3156,3157,41,14
8818,8818,8819,41,41
8819,8819,8820,41,41
8820,8820,8821,41,41
8821,3103,3104,41,14
8821,8821,8822,41,41
8822,8822,8823,41,41
8823,8823,8824,41,41
8824,8824,8825,41,41
8825,3165,3166,41,14
8825,8825,8826,41,41
8826,8826,8827,41,41
8827,8827,8828,41,41
8828,8828,8829,41,41
8829,8829,8830,41,41
8830,8830,8831,41,41
8831,8831,8832,41,41
8832,8832,8833,41,41
8833,2743,2744,41,14
8833,8833,8834,41,41
8834,8834,8835,41,41
8835,8835,8836,41,41
8836,8836,8837,41,41
8837,8837,8838,41,41
8838,8838,8839,41,41
8839,8839,8840,41,41
8840,2752,2753,41,14
8840,8840,8841,41,41
8841,8841,8842,41,41
8842,8842,8843,41,41
8843,8843,8844,41,41
8844,2814,2815,41,14
8844,8844,8845,41,41
8845,8845,8846,41,41
8846,8846,8847,41,41
8847,8847,8848,41,41
8848,8848,8849,41,41
8849,8849,8850,41,41
8850,8850,8851,41,41
8851,2823,2824,41,14
8851,8851,8852,41,41
8852,8852,8853,41,41
8853,8853,8854,41,41
8854,8854,8855,41,41
8855,8855,8856,41,41
8856,8856,8857,41,41
8857,8857,8858,41,41
8858,8858,8859,41,41
8859,2401,2402,41,14
8859,8859,8860,41,41
8860,8860,8861,41,41
8861,8861,8862,41,41
8862,8862,8863,41,41
8863,2463,2464,41,14
8863,8863,8864,41,41
8864,8864,8865,41,41
8865,8865,8866,41,41
8866,2410,2411,41,14
8866,8866,8867,41,41
8867,8867,8868,41,41
8868,8868,8869,41,41
8869,8869,8870,41,41
8870,2472,2473,41,14
8870,8870,8871,41,41
8871,8871,8872,41,41
8872,8872,8873,41,41
8873,8873,8874,41,41
8874,8874,8875,41,41
8875,8875,8876,41,41
8876,8876,8877,41,41
8877,8877,8878,41,41
8878,3359,3360,41,14
8878,8878,8879,41,41
8879,8879,8880,41,41
8880,8880,8881,41,41
8881,8881,8882,41,41
8882,8882,8883,41,41
8883,8883,8884,41,41
8884,8884,8885,41,41
8885,3368,3369,41,14
8885,8885,8886,41,41
8886,8886,8887,41,41
8887,8887,8888,41,41
8888,8888,8889,41,41
8889,3430,3431,41,14
8889,8889,8890,41,41
8890,8890,8891,41,41
8891,8891,8892,41,41
8892,8892,8893,41,41
8893,8893,8894,41,41
8894,8894,8895,41,41
8895,8895,8896,41,41
8896,3439,3440,41,14
8896,8896,8897,41,41
8897,8897,8898,41,41
8898,8898,8899,41,41
8899,8899,8900,41,41
8900,8900,8901,41,41
8901,8901,8902,41,41
8902,8902,8903,41,41
8903,8903,8904,41,41
8904,3017,3018,41,14
8904,8904,8905,41,41
8905,8905,8906,41,41
8906,8906,8907,41,41
8907,8907,8908,41,41
8908,3079,3080,41,14
8908,8908,8909,41,41
8909,8909,8910,41,41
8910,8910,8911,41,41
8911,3026,3027,41,14
8911,8911,8912,41,41
8912,8912,8913,41,41
8913,8913,8914,41,41
8914,8914,8915,41,41
8915,3088,3089,41,14
8915,8915,8916,41,41
8916,8916,8917,41,41
8917,8917,8918,41,41
8918,8918,8919,41,41
8919,8919,8920,41,41
8920,8920,8921,41,41
8921,8921,8922,41,41
8922,8922,8923,41,41
8923,2666,2667,41,14
8923,8923,8924,41,41
8924,8924,8925,41,41
8925,8925,8926,41,41
8926,8926,8927,41,41
8927,8927,8928,41,41
8928,8928,8929,41,41
8929,8929,8930,41,41
8930,2675,2676,41,14
8930,8930,8931,41,41
8931,8931,8932,41,41
8932,8932,8933,41,41
8933,8933,8934,41,41
8934,2737,2738,41,14
8934,8934,8935,41,41
8935,8935,8936,41,41
8936,8936,8937,41,41
8937,8937,8938,41,41
8938,8938,8939,41,41
8939,8939,8940,41,41
8940,8940,8941,41,41
8941,2746,2747,41,14
8941,8941,8942,41,41
8942,8942,8943,41,41
8943,8943,8944,41,41
8944,8944,8945,41,41
8945,8945,8946,41,41
8946,8946,8947,41,41
8947,8947,8948,41,41
8948,8948,8949,41,41
8949,2324,2325,41,14
8949,8949,8950,41,41
8950,8950,8951,41,41
8951,8951,8952,41,41
8952,8952,8953,41,41
8953,2386,2387,41,14
8953,8953,8954,41,41
8954,8954,8955,41,41
8955,8955,8956,41,41
8956,2333,2334,41,14
8956,8956,8957,41,41
8957,8957,8958,41,41
8958,8958,8959,41,41
8959,8959,8960,41,41
8960,2395,2396,41,14
8960,8960,8961,41,41
8961,8961,8962,41,41
8962,8962,8963,41,41
8963,8963,8964,41,41
8964,8964,8965,41,41
8965,8965,8966,41,41
8966,8966,8967,41,41
8967,8967,8968,41,41
8968,3282,3283,41,14
8968,8968,8969,41,41
8969,8969,8970,41,41
8970,8970,8971,41,41
8971,8971,8972,41,41
8972,8972,8973,41,41
8973,8973,8974,41,41
8974,8974,8975,41,41
8975,3291,3292,41,14
8975,8975,8976,41,41
8976,8976,8977,41,41
8977,8977,8978,41,41
8978,8978,8979,41,41
8979,3353,3354,41,14
8979,8979,8980,41,41
8980,8980,8981,41,41
8981,8981,8982,41,41
8982,8982,8983,41,41
8983,8983,8984,41,41
8984,8984,8985,41,41
8985,8985,8986,41,41
8986,3362,3363,41,14
8986,8986,8987,41,41
8987,8987,8988,41,41
8988,8988,8989,41,41
8989,8989,8990,41,41
8990,8990,8991,41,41
8991,8991,8992,41,41
8992,8992,8993,41,41
8993,8993,8994,41,41
8994,2940,2941,41,14
8994,8994,8995,41,41
8995,8995,8996,41,41
8996,8996,8997,41,41
8997,8997,8998,41,41
8998,3002,3003,41,14
8998,8998,8999,41,41
8999,8999,9000,41,41
9000,9000,9001,41,41
9001,2949,2950,41,14
9001,9001,9002,41,41
9002,9002,9003,41,41
9003,9003,9004,41,41
9004,9004,9005,41,41
9005,3011,3012,41,14
9005,9005,9006,41,41
9006,9006,9007,41,41
9007,9007,9008,41,41
9008,9008,9009,41,41
9009,9009,9010,41,41
9010,9010,9011,41,41
9011,9011,9012,41,41
9012,9012,9013,41,41
9013,2589,2590,41,14
9013,9013,9014,41,41
9014,9014,9015,41,41
9015,9015,9016,41,41
9016,9016,9017,41,41
9017,9017,9018,41,41
9018,9018,9019,41,41
9019,9019,9020,41,41
9020,2598,2599,41,14
9020,9020,9021,41,41
9021,9021,9022,41,41
9022,9022,9023,41,41
9023,9023,9024,41,41
9024,2660,2661,41,14
9024,9024,9025,41,41
9025,9025,9026,41,41
9026,9026,9027,41,41
9027,9027,9028,41,41
9028,9028,9029,41,41
9029,9029,9030,41,41
9030,9030,9031,41,41
9031,2669,2670,41,14
9031,9031,9032,41,41
9032,9032,9033,41,41
9033,9033,9034,41,41
9034,9034,9035,41,41
9035,9035,9036,41,41
9036,9036,9037,41,41
9037,9037,9038,41,41
9038,9038,9039,41,41
9039,3556,3557,41,14
9039,9039,9040,41,41
9040,9040,9041,41,41
9041,9041,9042,41,41
9042,9042,9043,41,41
9043,2309,2310,41,14
9043,9043,9044,41,41
9044,9044,9045,41,41
9045,9045,9046,41,41
9046,3565,3566,41,14
9046,9046,9047,41,41
9047,9047,9048,41,41
9048,9048,9049,41,41
9049,9049,9050,41,41
9050,2318,2319,41,14
9050,9050,9051,41,41
9051,9051,9052,41,41
9052,9052,9053,41,41
9053,9053,9054,41,41
9054,9054,9055,41,41
9055,9055,9056,41,41
9056,9056,9057,41,41
9057,9057,9058,41,41
9058,3205,3206,41,14
9058,9058,9059,41,41
9059,9059,9060,41,41
9060,9060,9061,41,41
9061,9061,9062,41,41
9062,9062,9063,41,41
9063,9063,9064,41,41
9064,9064,9065,41,41
9065,3214,3215,41,14
9065,9065,9066,41,41
9066,9066,9067,41,41
9067,9067,9068,41,41
9068,9068,9069,41,41
9069,3276,3277,41,14
9069,9069,9070,41,41
9070,9070,9071,41,41
9071,9071,9072,41,41
9072,9072,9073,41,41
9073,9073,9074,41,41
9074,9074,9075,41,41
9075,9075,9076,41,41
9076,3285,3286,41,14
9076,9076,9077,41,41
9077,9077,9078,41,41
9078,9078,9079,41,41
9079,9079,9080,41,41
9080,9080,9081,41,41
9081,9081,9082,41,41
9082,9082,9083,41,41
9083,9083,9084,41,41
9084,2863,2864,41,14
9084,9084,9085,41,41
9085,9085,9086,41,41
9086,9086,9087,41,41
9087,9087,9088,41,41
9088,2925,2926,41,14
9088,9088,9089,41,41
9089,9089,9090,41,41
9090,9090,9091,41,41
9091,2872,2873,41,14
9091,9091,9092,41,41
9092,9092,9093,41,41
9093,9093,9094,41,41
9094,9094,9095,41,41
9095,2934,2935,41,14
9095,9095,9096,41,41
9096,9096,9097,41,41
9097,9097,9098,41,41
9098,9098,9099,41,41
9099,9099,9100,41,41
9100,9100,9101,41,41
9101,9101,9102,41,41
9102,9102,9103,41,41
9103,2512,2513,41,14
9103,9103,9104,41,41
9104,9104,9105,41,41
9105,9105,9106,41,41
9106,9106,9107,41,41
9107,9107,9108,41,41
9108,9108,9109,41,41
9109,9109,9110,41,41
9110,2521,2522,41,14
9110,9110,9111,41,41
9111,9111,9112,41,41
9112,9112,9113,41,41
9113,9113,9114,41,41
9114,2583,2584,41,14
9114,9114,9115,41,41
9115,9115,9116,41,41
9116,9116,9117,41,41
9117,9117,9118,41,41
9118,9118,9119,41,41
9119,9119,9120,41,41
9120,9120,9121,41,41
9121,2592,2593,41,14
9121,9121,9122,41,41
9122,9122,9123,41,41
9123,9123,9124,41,41
9124,9124,9125,41,41
9125,9125,9126,41,41
9126,9126,9127,41,41
9127,9127,9128,41,41
9128,9128,9129,41,41
9129,3479,3480,41,14
9129,9129,9130,41,41
9130,9130,9131,41,41
9131,9131,9132,41,41
9132,9132,9133,41,41
9133,3541,3542,41,14
9133,9133,9134,41,41
9134,9134,9135,41,41
9135,9135,9136,41,41
9136,3488,3489,41,14
9136,9136,9137,41,41
9137,9137,9138,41,41
9138,9138,9139,41,41
9139,9139,9140,41,41
9140,3550,3551,41,14
9140,9140,9141,41,41
9141,9141,9142,41,41
9142,9142,9143,41,41
9143,9143,9144,41,41
9144,9144,9145,41,41
9145,9145,8381,41,41
9146,9146,9147,42,42
9147,9147,9148,42,42
9148,9148,9149,42,42
9149,3129,3130,42,14
9149,9149,9150,42,42
9150,9150,9151,42,42
9151,9151,9152,42,42
9152,9152,9153,42,42
9153,9153,9154,42,42
9154,9154,9155,42,42
9155,9155,9156,42,42
9156,3138,3139,42,14
9156,9156,9157,42,42
9157,9157,9158,42,42
9158,9158,9159,42,42
9159,3472,3473,42,14
9159,9159,9160,42,42
9160,9160,9161,42,42
9161,9161,9162,42,42
9162,9162,9163,42,42
9163,9163,9164,42,42
9164,9164,9165,42,42
9165,9165,9166,42,42
9166,3481,3482,42,14
9166,9166,9167,42,42
9167,9167,9168,42,42
9168,2778,2779,42,14
9168,9168,9169,42,42
9169,9169,9170,42,42
9170,9170,9171,42,42
9171,9171,9172,42,42
9172,9172,9173,42,42
9173,9173,9174,42,42
9174,9174,9175,42,42
9175,2787,2788,42,14
9175,9175,9176,42,42
9176,9176,9177,42,42
9177,9177,9178,42,42
9178,3121,3122,42,14
9178,9178,9179,42,42
9179,9179,9180,42,42
9180,9180,9181,42,42
9181,9181,9182,42,42
9182,9182,9183,42,42
9183,9183,9184,42,42
9184,9184,9185,42,42
9185,3130,3131,42,14
9185,9185,9186,42,42
9186,9186,9187,42,42
9187,9187,9188,42,42
9188,9188,9189,42,42
9189,9189,9190,42,42
9190,9190,9191,42,42
9191,9191,9192,42,42
9192,9192,9193,42,42
9193,9193,9194,42,42
9194,2436,2437,42,14
9194,9194,9195,42,42
9195,9195,9196,42,42
9196,9196,9197,42,42
9197,9197,9198,42,42
9198,9198,9199,42,42
9199,9199,9200,42,42
9200,9200,9201,42,42
9201,2445,2446,42,14
9201,9201,9202,42,42
9202,9202,9203,42,42
9203,9203,9204,42,42
9204,2779,2780,42,14
9204,9204,9205,42,42
9205,9205,9206,42,42
9206,9206,9207,42,42
9207,9207,9208,42,42
9208,9208,9209,42,42
9209,9209,9210,42,42
9210,9210,9211,42,42
9211,2788,2789,42,14
9211,9211,9212,42,42
9212,9212,9213,42,42
9213,3394,3395,42,14
9213,9213,9214,42,42
9214,9214,9215,42,42
9215,9215,9216,42,42
9216,9216,9217,42,42
9217,9217,9218,42,42
9218,9218,9219,42,42
9219,9219,9220,42,42
9220,3403,3404,42,14
9220,9220,9221,42,42
9221,9221,9222,42,42
9222,9222,9223,42,42
9223,2428,2429,42,14
9223,9223,9224,42,42
9224,9224,9225,42,42
9225,9225,9226,42,42
9226,9226,9227,42,42
9227,9227,9228,42,42
9228,9228,9229,42,42
9229,9229,9230,42,42
9230,2437,2438,42,14
9230,9230,9231,42,42
9231,9231,9232,42,42
9232,9232,9233,42,42
9233,9233,9234,42,42
9234,9234,9235,42,42
9235,9235,9236,42,42
9236,9236,9237,42,42
9237,9237,9238,42,42
9238,9238,9239,42,42
9239,3052,3053,42,14
9239,9239,9240,42,42
9240,9240,9241,42,42
9241,9241,9242,42,42
9242,9242,9243,42,42
9243,9243,9244,42,42
9244,9244,9245,42,42
9245,9245,9246,42,42
9246,3061,3062,42,14
9246,9246,9247,42,42
9247,9247,9248,42,42
9248,9248,9249,42,42
9249,3395,3396,42,14
9249,9249,9250,42,42
9250,9250,9251,42,42
9251,9251,9252,42,42
9252,9252,9253,42,42
9253,9253,9254,42,42
9254,9254,9255,42,42
9255,9255,9256,42,42
9256,3404,3405,42,14
9256,9256,9257,42,42
9257,9257,9258,42,42
9258,2701,2702,42,14
9258,9258,9259,42,42
9259,9259,9260,42,42
9260,9260,9261,42,42
9261,9261,9262,42,42
9262,9262,9263,42,42
9263,9263,9264,42,42
9264,9264,9265,42,42
9265,2710,2711,42,14
9265,9265,9266,42,42
9266,9266,9267,42,42
9267,9267,9268,42,42
9268,3044,3045,42,14
9268,9268,9269,42,42
9269,9269,9270,42,42
9270,9270,9271,42,42
9271,9271,9272,42,42
9272,9272,9273,42,42
9273,9273,9274,42,42
9274,9274,9275,42,42
9275,3053,3054,42,14
9275,9275,9276,42,42
9276,9276,9277,42,42
9277,9277,9278,42,42
9278,9278,9279,42,42
9279,9279,9280,42,42
9280,9280,9281,42,42
9281,9281,9282,42,42
9282,9282,9283,42,42
9283,9283,9284,42,42
9284,2359,2360,42,14
9284,9284,9285,42,42
9285,9285,9286,42,42
9286,9286,9287,42,42
9287,9287,9288,42,42
9288,9288,9289,42,42
9289,9289,9290,42,42
9290,9290,9291,42,42
9291,2368,2369,42,14
9291,9291,9292,42,42
9292,9292,9293,42,42
9293,9293,9294,42,42
9294,2702,2703,42,14
9294,9294,9295,42,42
9295,9295,9296,42,42
9296,9296,9297,42,42
9297,9297,9298,42,42
9298,9298,9299,42,42
9299,9299,9300,42,42
9300,9300,9301,42,42
9301,2711,2712,42,14
9301,9301,9302,42,42
9302,9302,9303,42,42
9303,3317,3318,42,14
9303,9303,9304,42,42
9304,9304,9305,42,42
9305,9305,9306,42,42
9306,9306,9307,42,42
9307,9307,9308,42,42
9308,9308,9309,42,42
9309,9309,9310,42,42
9310,3326,3327,42,14
9310,9310,9311,42,42
9311,9311,9312,42,42
9312,9312,9313,42,42
9313,2351,2352,42,14
9313,9313,9314,42,42
9314,9314,9315,42,42
9315,9315,9316,42,42
9316,9316,9317,42,42
9317,9317,9318,42,42
9318,9318,9319,42,42
9319,9319,9320,42,42
9320,2360,2361,42,14
9320,9320,9321,42,42
9321,9321,9322,42,42
9322,9322,9323,42,42
9323,9323,9324,42,42
9324,9324,9325,42,42
9325,9325,9326,42,42
9326,9326,9327,42,42
9327,9327,9328,42,42
9328,9328,9329,42,42
9329,2975,2976,42,14
9329,9329,9330,42,42
9330,9330,9331,42,42
9331,9331,9332,42,42
9332,9332,9333,42,42
9333,9333,9334,42,42
9334,9334,9335,42,42
9335,9335,9336,42,42
9336,2984,2985,42,14
9336,9336,9337,42,42
9337,9337,9338,42,42
9338,9338,9339,42,42
9339,3318,3319,42,14
9339,9339,9340,42,42
9340,9340,9341,42,42
9341,9341,9342,42,42
9342,9342,9343,42,42
9343,9343,9344,42,42
9344,9344,9345,42,42
9345,9345,9346,42,42
9346,3327,3328,42,14
9346,9346,9347,42,42
9347,9347,9348,42,42
9348,2624,2625,42,14
9348,9348,9349,42,42
9349,9349,9350,42,42
9350,9350,9351,42,42
9351,9351,9352,42,42
9352,9352,9353,42,42
9353,9353,9354,42,42
9354,9354,9355,42,42
9355,2633,2634,42,14
9355,9355,9356,42,42
9356,9356,9357,42,42
9357,9357,9358,42,42
9358,2967,2968,42,14
9358,9358,9359,42,42
9359,9359,9360,42,42
9360,9360,9361,42,42
9361,9361,9362,42,42
9362,9362,9363,42,42
9363,9363,9364,42,42
9364,9364,9365,42,42
9365,2976,2977,42,14
9365,9365,9366,42,42
9366,9366,9367,42,42
9367,9367,9368,42,42
9368,9368,9369,42,42
9369,9369,9370,42,42
9370,9370,9371,42,42
9371,9371,9372,42,42
9372,9372,9373,42,42
9373,9373,9374,42,42
9374,2282,2283,42,14
9374,9374,9375,42,42
9375,9375,9376,42,42
9376,9376,9377,42,42
9377,9377,9378,42,42
9378,9378,9379,42,42
9379,9379,9380,42,42
9380,9380,9381,42,42
9381,2291,2292,42,14
9381,9381,9382,42,42
9382,9382,9383,42,42
9383,9383,9384,42,42
9384,2625,2626,42,14
9384,9384,9385,42,42
9385,9385,9386,42,42
9386,9386,9387,42,42
9387,9387,9388,42,42
9388,9388,9389,42,42
9389,9389,9390,42,42
9390,9390,9391,42,42
9391,2634,2635,42,14
9391,9391,9392,42,42
9392,9392,9393,42,42
9393,3240,3241,42,14
9393,9393,9394,42,42
9394,9394,9395,42,42
9395,9395,9396,42,42
9396,9396,9397,42,42
9397,9397,9398,42,42
9398,9398,9399,42,42
9399,9399,9400,42,42
9400,3249,3250,42,14
9400,9400,9401,42,42
9401,9401,9402,42,42
9402,9402,9403,42,42
9403,3583,3584,42,14
9403,9403,9404,42,42
9404,9404,9405,42,42
9405,9405,9406,42,42
9406,9406,9407,42,42
9407,9407,9408,42,42
9408,9408,9409,42,42
9409,9409,9410,42,42
9410,2283,2284,42,14
9410,9410,9411,42,42
9411,9411,9412,42,42
9412,9412,9413,42,42
9413,9413,9414,42,42
9414,9414,9415,42,42
9415,9415,9416,42,42
9416,9416,9417,42,42
9417,9417,9418,42,42
9418,9418,9419,42,42
9419,2898,2899,42,14
9419,9419,9420,42,42
9420,9420,9421,42,42
9421,9421,9422,42,42
9422,9422,9423,42,42
9423,9423,9424,42,42
9424,9424,9425,42,42
9425,9425,9426,42,42
9426,2907,2908,42,14
9426,9426,9427,42,42
9427,9427,9428,42,42
9428,9428,9429,42,42
9429,3241,3242,42,14
9429,9429,9430,42,42
9430,9430,9431,42,42
9431,9431,9432,42,42
9432,9432,9433,42,42
9433,9433,9434,42,42
9434,9434,9435,42,42
9435,9435,9436,42,42
9436,3250,3251,42,14
9436,9436,9437,42,42
9437,9437,9438,42,42
9438,2547,2548,42,14
9438,9438,9439,42,42
9439,9439,9440,42,42
9440,9440,9441,42,42
9441,9441,9442,42,42
9442,9442,9443,42,42
9443,9443,9444,42,42
9444,9444,9445,42,42
9445,2556,2557,42,14
9445,9445,9446,42,42
9446,9446,9447,42,42
9447,9447,9448,42,42
9448,2890,2891,42,14
9448,9448,9449,42,42
9449,9449,9450,42,42
9450,9450,9451,42,42
9451,9451,9452,42,42
9452,9452,9453,42,42
9453,9453,9454,42,42
9454,9454,9455,42,42
9455,2899,2900,42,14
9455,9455,9456,42,42
9456,9456,9457,42,42
9457,9457,9458,42,42
9458,9458,9459,42,42
9459,9459,9460,42,42
9460,9460,9461,42,42
9461,9461,9462,42,42
9462,9462,9463,42,42
9463,9463,9464,42,42
9464,3514,3515,42,14
9464,9464,9465,42,42
9465,9465,9466,42,42
9466,9466,9467,42,42
9467,9467,9468,42,42
9468,9468,9469,42,42
9469,9469,9470,42,42
9470,9470,9471,42,42
9471,3523,3524,42,14
9471,9471,9472,42,42
9472,9472,9473,42,42
9473,9473,9474,42,42
9474,2548,2549,42,14
9474,9474,9475,42,42
9475,9475,9476,42,42
9476,9476,9477,42,42
9477,9477,9478,42,42
9478,9478,9479,42,42
9479,9479,9480,42,42
9480,9480,9481,42,42
9481,2557,2558,42,14
9481,9481,9482,42,42
9482,9482,9483,42,42
9483,3163,3164,42,14
9483,9483,9484,42,42
9484,9484,9485,42,42
9485,9485,9486,42,42
9486,9486,9487,42,42
9487,9487,9488,42,42
9488,9488,9489,42,42
9489,9489,9490,42,42
9490,3172,3173,42,14
9490,9490,9491,42,42
9491,9491,9492,42,42
9492,9492,9493,42,42
9493,3506,3507,42,14
9493,9493,9494,42,42
9494,9494,9495,42,42
9495,9495,9496,42,42
9496,9496,9497,42,42
9497,9497,9498,42,42
9498,9498,9499,42,42
9499,9499,9500,42,42
9500,3515,3516,42,14
9500,9500,9501,42,42
9501,9501,9502,42,42
9502,9502,9503,42,42
9503,9503,9504,42,42
9504,9504,9505,42,42
9505,9505,9506,42,42
9506,9506,9507,42,42
9507,9507,9508,42,42
9508,9508,9509,42,42
9509,2821,2822,42,14
9509,9509,9510,42,42
9510,9510,9511,42,42
9511,9511,9512,42,42
9512,9512,9513,42,42
9513,9513,9514,42,42
9514,9514,9515,42,42
9515,9515,9516,42,42
9516,2830,2831,42,14
9516,9516,9517,42,42
9517,9517,9518,42,42
9518,9518,9519,42,42
9519,3164,3165,42,14
9519,9519,9520,42,42
9520,9520,9521,42,42
9521,9521,9522,42,42
9522,9522,9523,42,42
9523,9523,9524,42,42
9524,9524,9525,42,42
9525,9525,9526,42,42
9526,3173,3174,42,14
9526,9526,9527,42,42
9527,9527,9528,42,42
9528,2470,2471,42,14
9528,9528,9529,42,42
9529,9529,9530,42,42
9530,9530,9531,42,42
9531,9531,9532,42,42
9532,9532,9533,42,42
9533,9533,9534,42,42
9534,9534,9535,42,42
9535,2479,2480,42,14
9535,9535,9536,42,42
9536,9536,9537,42,42
9537,9537,9538,42,42
9538,2813,2814,42,14
9538,9538,9539,42,42
9539,9539,9540,42,42
9540,9540,9541,42,42
9541,9541,9542,42,42
9542,9542,9543,42,42
9543,9543,9544,42,42
9544,9544,9545,42,42
9545,2822,2823,42,14
9545,9545,9546,42,42
9546,9546,9547,42,42
9547,9547,9548,42,42
9548,9548,9549,42,42
9549,9549,9550,42,42
9550,9550,9551,42,42
9551,9551,9552,42,42
9552,9552,9553,42,42
9553,9553,9554,42,42
9554,3437,3438,42,14
9554,9554,9555,42,42
9555,9555,9556,42,42
9556,9556,9557,42,42
9557,9557,9558,42,42
9558,9558,9559,42,42
9559,9559,9560,42,42
9560,9560,9561,42,42
9561,3446,3447,42,14
9561,9561,9562,42,42
9562,9562,9563,42,42
9563,9563,9564,42,42
9564,2471,2472,42,14
9564,9564,9565,42,42
9565,9565,9566,42,42
9566,9566,9567,42,42
9567,9567,9568,42,42
9568,9568,9569,42,42
9569,9569,9570,42,42
9570,9570,9571,42,42
9571,2480,2481,42,14
9571,9571,9572,42,42
9572,9572,9573,42,42
9573,3086,3087,42,14
9573,9573,9574,42,42
9574,9574,9575,42,42
9575,9575,9576,42,42
9576,9576,9577,42,42
9577,9577,9578,42,42
9578,9578,9579,42,42
9579,9579,9580,42,42
9580,3095,3096,42,14
9580,9580,9581,42,42
9581,9581,9582,42,42
9582,9582,9583,42,42
9583,3429,3430,42,14
9583,9583,9584,42,42
9584,9584,9585,42,42
9585,9585,9586,42,42
9586,9586,9587,42,42
9587,9587,9588,42,42
9588,9588,9589,42,42
9589,9589,9590,42,42
9590,3438,3439,42,14
9590,9590,9591,42,42
9591,9591,9592,42,42
9592,9592,9593,42,42
9593,9593,9594,42,42
9594,9594,9595,42,42
9595,9595,9596,42,42
9596,9596,9597,42,42
9597,9597,9598,42,42
9598,9598,9599,42,42
9599,2744,2745,42,14
9599,9599,9600,42,42
9600,9600,9601,42,42
9601,9601,9602,42,42
9602,9602,9603,42,42
9603,9603,9604,42,42
9604,9604,9605,42,42
9605,9605,9606,42,42
9606,2753,2754,42,14
9606,9606,9607,42,42
9607,9607,9608,42,42
9608,9608,9609,42,42
9609,3087,3088,42,14
9609,9609,9610,42,42
9610,9610,9611,42,42
9611,9611,9612,42,42
9612,9612,9613,42,42
9613,9613,9614,42,42
9614,9614,9615,42,42
9615,9615,9616,42,42
9616,3096,3097,42,14
9616,9616,9617,42,42
9617,9617,9618,42,42
9618,2393,2394,42,14
9618,9618,9619,42,42
9619,9619,9620,42,42
9620,9620,9621,42,42
9621,9621,9622,42,42
9622,9622,9623,42,42
9623,9623,9624,42,42
9624,9624,9625,42,42
9625,2402,2403,42,14
9625,9625,9626,42,42
9626,9626,9627,42,42
9627,9627,9628,42,42
9628,2736,2737,42,14
9628,9628,9629,42,42
9629,9629,9630,42,42
9630,9630,9631,42,42
9631,9631,9632,42,42
9632,9632,9633,42,42
9633,9633,9634,42,42
9634,9634,9635,42,42
9635,2745,2746,42,14
9635,9635,9636,42,42
9636,9636,9637,42,42
9637,9637,9638,42,42
9638,9638,9639,42,42
9639,9639,9640,42,42
9640,9640,9641,42,42
9641,9641,9642,42,42
9642,9642,9643,42,42
9643,9643,9644,42,42
9644,3360,3361,42,14
9644,9644,9645,42,42
9645,9645,9646,42,42
9646,9646,9647,42,42
9647,9647,9648,42,42
9648,9648,9649,42,42
9649,9649,9650,42,42
9650,9650,9651,42,42
9651,3369,3370,42,14
9651,9651,9652,42,42
9652,9652,9653,42,42
9653,9653,9654,42,42
9654,2394,2395,42,14
9654,9654,9655,42,42
9655,9655,9656,42,42
9656,9656,9657,42,42
9657,9657,9658,42,42
9658,9658,9659,42,42
9659,9659,9660,42,42
9660,9660,9661,42,42
9661,2403,2404,42,14
9661,9661,9662,42,42
9662,9662,9663,42,42
9663,3009,3010,42,14
9663,9663,9664,42,42
9664,9664,9665,42,42
9665,9665,9666,42,42
9666,9666,9667,42,42
9667,9667,9668,42,42
9668,9668,9669,42,42
9669,9669,9670,42,42
9670,3018,3019,42,14
9670,9670,9671,42,42
9671,9671,9672,42,42
9672,9672,9673,42,42
9673,3352,3353,42,14
9673,9673,9674,42,42
9674,9674,9675,42,42
9675,9675,9676,42,42
9676,9676,9677,42,42
9677,9677,9678,42,42
9678,9678,9679,42,42
9679,9679,9680,42,42
9680,3361,3362,42,14
9680,9680,9681,42,42
9681,9681,9682,42,42
9682,9682,9683,42,42
9683,9683,9684,42,42
9684,9684,9685,42,42
9685,9685,9686,42,42
9686,9686,9687,42,42
9687,9687,9688,42,42
9688,9688,9689,42,42
9689,2667,2668,42,14
9689,9689,9690,42,42
9690,9690,9691,42,42
9691,9691,9692,42,42
9692,9692,9693,42,42
9693,9693,9694,42,42
9694,9694,9695,42,42
9695,9695,9696,42,42
9696,2676,2677,42,14
9696,9696,9697,42,42
9697,9697,9698,42,42
9698,9698,9699,42,42
9699,3010,3011,42,14
9699,9699,9700,42,42
9700,9700,9701,42,42
9701,9701,9702,42,42
9702,9702,9703,42,42
9703,9703,9704,42,42
9704,9704,9705,42,42
9705,9705,9706,42,42
9706,3019,3020,42,14
9706,9706,9707,42,42
9707,9707,9708,42,42
9708,2316,2317,42,14
9708,9708,9709,42,42
9709,9709,9710,42,42
9710,9710,9711,42,42
9711,9711,9712,42,42
9712,9712,9713,42,42
9713,9713,9714,42,42
9714,9714,9715,42,42
9715,2325,2326,42,14
9715,9715,9716,42,42
9716,9716,9717,42,42
9717,9717,9718,42,42
9718,2659,2660,42,14
9718,9718,9719,42,42
9719,9719,9720,42,42
9720,9720,9721,42,42
9721,9721,9722,42,42
9722,9722,9723,42,42
9723,9723,9724,42,42
9724,9724,9725,42,42
9725,2668,2669,42,14
9725,9725,9726,42,42
9726,9726,9727,42,42
9727,9727,9728,42,42
9728,9728,9729,42,42
9729,9729,9730,42,42
9730,9730,9731,42,42
9731,9731,9732,42,42
9732,9732,9733,42,42
9733,9733,9734,42,42
9734,3283,3284,42,14
9734,9734,9735,42,42
9735,9735,9736,42,42
9736,9736,9737,42,42
9737,9737,9738,42,42
9738,9738,9739,42,42
9739,9739,9740,42,42
9740,9740,9741,42,42
9741,3292,3293,42,14
9741,9741,9742,42,42
9742,9742,9743,42,42
9743,9743,9744,42,42
9744,2317,2318,42,14
9744,9744,9745,42,42
9745,9745,9746,42,42
9746,9746,9747,42,42
9747,9747,9748,42,42
9748,9748,9749,42,42
9749,9749,9750,42,42
9750,9750,9751,42,42
9751,2326,2327,42,14
9751,9751,9752,42,42
9752,9752,9753,42,42
9753,2932,2933,42,14
9753,9753,9754,42,42
9754,9754,9755,42,42
9755,9755,9756,42,42
9756,9756,9757,42,42
9757,9757,9758,42,42
9758,9758,9759,42,42
9759,9759,9760,42,42
9760,2941,2942,42,14
9760,9760,9761,42,42
9761,9761,9762,42,42
9762,9762,9763,42,42
9763,3275,3276,42,14
9763,9763,9764,42,42
9764,9764,9765,42,42
9765,9765,9766,42,42
9766,9766,9767,42,42
9767,9767,9768,42,42
9768,9768,9769,42,42
9769,9769,9770,42,42
9770,3284,3285,42,14
9770,9770,9771,42,42
9771,9771,9772,42,42
9772,9772,9773,42,42
9773,9773,9774,42,42
9774,9774,9775,42,42
9775,9775,9776,42,42
9776,9776,9777,42,42
9777,9777,9778,42,42
9778,9778,9779,42,42
9779,2590,2591,42,14
9779,9779,9780,42,42
9780,9780,9781,42,42
9781,9781,9782,42,42
9782,9782,9783,42,42
9783,9783,9784,42,42
9784,9784,9785,42,42
9785,9785,9786,42,42
9786,2599,2600,42,14
9786,9786,9787,42,42
9787,9787,9788,42,42
9788,9788,9789,42,42
9789,2933,2934,42,14
9789,9789,9790,42,42
9790,9790,9791,42,42
9791,9791,9792,42,42
9792,9792,9793,42,42
9793,9793,9794,42,42
9794,9794,9795,42,42
9795,9795,9796,42,42
9796,2942,2943,42,14
9796,9796,9797,42,42
9797,9797,9798,42,42
9798,3548,3549,42,14
9798,9798,9799,42,42
9799,9799,9800,42,42
9800,9800,9801,42,42
9801,9801,9802,42,42
9802,9802,9803,42,42
9803,9803,9804,42,42
9804,9804,9805,42,42
9805,3557,3558,42,14
9805,9805,9806,42,42
9806,9806,9807,42,42
9807,9807,9808,42,42
9808,2582,2583,42,14
9808,9808,9809,42,42
9809,9809,9810,42,42
9810,9810,9811,42,42
9811,9811,9812,42,42
9812,9812,9813,42,42
9813,9813,9814,42,42
9814,9814,9815,42,42
9815,2591,2592,42,14
9815,9815,9816,42,42
9816,9816,9817,42,42
9817,9817,9818,42,42
9818,9818,9819,42,42
9819,9819,9820,42,42
9820,9820,9821,42,42
9821,9821,9822,42,42
9822,9822,9823,42,42
9823,9823,9824,42,42
9824,3206,3207,42,14
9824,9824,9825,42,42
9825,9825,9826,42,42
9826,9826,9827,42,42
9827,9827,9828,42,42
9828,9828,9829,42,42
9829,9829,9830,42,42
9830,9830,9831,42,42
9831,3215,3216,42,14
9831,9831,9832,42,42
9832,9832,9833,42,42
9833,9833,9834,42,42
9834,3549,3550,42,14
9834,9834,9835,42,42
9835,9835,9836,42,42
9836,9836,9837,42,42
9837,9837,9838,42,42
9838,9838,9839,42,42
9839,9839,9840,42,42
9840,9840,9841,42,42
9841,3558,3559,42,14
9841,9841,9842,42,42
9842,9842,9843,42,42
9843,2855,2856,42,14
9843,9843,9844,42,42
9844,9844,9845,42,42
9845,9845,9846,42,42
9846,9846,9847,42,42
9847,9847,9848,42,42
9848,9848,9849,42,42
9849,9849,9850,42,42
9850,2864,2865,42,14
9850,9850,9851,42,42
9851,9851,9852,42,42
9852,9852,9853,42,42
9853,3198,3199,42,14
9853,9853,9854,42,42
9854,9854,9855,42,42
9855,9855,9856,42,42
9856,9856,9857,42,42
9857,9857,9858,42,42
9858,9858,9859,42,42
9859,9859,9860,42,42
9860,3207,3208,42,14
9860,9860,9861,42,42
9861,9861,9862,42,42
9862,9862,9863,42,42
9863,9863,9864,42,42
9864,9864,9865,42,42
9865,9865,9866,42,42
9866,9866,9867,42,42
9867,9867,9868,42,42
9868,9868,9869,42,42
9869,2513,2514,42,14
9869,9869,9870,42,42
9870,9870,9871,42,42
9871,9871,9872,42,42
9872,9872,9873,42,42
9873,9873,9874,42,42
9874,9874,9875,42,42
9875,9875,9876,42,42
9876,2522,2523,42,14
9876,9876,9877,42,42
9877,9877,9878,42,42
9878,9878,9879,42,42
9879,2856,2857,42,14
9879,9879,9880,42,42
9880,9880,9881,42,42
9881,9881,9882,42,42
9882,9882,9883,42,42
9883,9883,9884,42,42
9884,9884,9885,42,42
9885,9885,9886,42,42
9886,2865,2866,42,14
9886,9886,9887,42,42
9887,9887,9888,42,42
9888,3471,3472,42,14
9888,9888,9889,42,42
9889,9889,9890,42,42
9890,9890,9891,42,42
9891,9891,9892,42,42
9892,9892,9893,42,42
9893,9893,9894,42,42
9894,9894,9895,42,42
9895,3480,3481,42,14
9895,9895,9896,42,42
9896,9896,9897,42,42
9897,9897,9898,42,42
9898,2505,2506,42,14
9898,9898,9899,42,42
9899,9899,9900,42,42
9900,9900,9901,42,42
9901,9901,9902,42,42
9902,9902,9903,42,42
9903,9903,9904,42,42
9904,9904,9905,42,42
9905,2514,2515,42,14
9905,9905,9906,42,42
9906,9906,9907,42,42
9907,9907,9908,42,42
9908,9908,9909,42,42
9909,9909,9910,42,42
9910,9910,9146,42,42
9911,9911,9912,43,43
9912,9912,9913,43,43
9913,9913,9914,43,43
9914,9914,9915,43,43
9915,9915,9916,43,43
9916,9916,9917,43,43
9917,9917,9918,43,43
9918,3135,3136,43,14
9918,9918,9919,43,43
9919,9919,9920,43,43
9920,9920,9921,43,43
9921,9921,9922,43,43
9922,9922,9923,43,43
9923,9923,9924,43,43
9924,2653,2654,43,14
9924,9924,9925,43,43
9925,3144,3145,43,14
9925,9925,9926,43,43
9926,9926,9927,43,43
9927,9927,9928,43,43
9928,9928,9929,43,43
9929,9929,9930,43,43
9930,9930,9931,43,43
9931,2662,2663,43,14
9931,9931,9932,43,43
9932,9932,9933,43,43
9933,9933,9934,43,43
9934,9934,9935,43,43
9935,9935,9936,43,43
9936,9936,9937,43,43
9937,9937,9938,43,43
9938,9938,9939,43,43
9939,9939,9940,43,43
9940,9940,9941,43,43
9941,9941,9942,43,43
9942,9942,9943,43,43
9943,2302,2303,43,14
9943,9943,9944,43,43
9944,2793,2794,43,14
9944,9944,9945,43,43
9945,9945,9946,43,43
9946,9946,9947,43,43
9947,9947,9948,43,43
9948,9948,9949,43,43
9949,9949,9950,43,43
9950,2311,2312,43,14
9950,9950,9951,43,43
9951,2802,2803,43,14
9951,9951,9952,43,43
9952,9952,9953,43,43
9953,9953,9954,43,43
9954,9954,9955,43,43
9955,9955,9956,43,43
9956,9956,9957,43,43
9957,9957,9958,43,43
9958,9958,9959,43,43
9959,9959,9960,43,43
9960,9960,9961,43,43
9961,9961,9962,43,43
9962,9962,9963,43,43
9963,2442,2443,43,14
9963,9963,9964,43,43
9964,9964,9965,43,43
9965,9965,9966,43,43
9966,9966,9967,43,43
9967,9967,9968,43,43
9968,9968,9969,43,43
9969,3269,3270,43,14
9969,9969,9970,43,43
9970,2451,2452,43,14
9970,9970,9971,43,43
9971,9971,9972,43,43
9972,9972,9973,43,43
9973,9973,9974,43,43
9974,9974,9975,43,43
9975,9975,9976,43,43
9976,3278,3279,43,14
9976,9976,9977,43,43
9977,9977,9978,43,43
9978,9978,9979,43,43
9979,9979,9980,43,43
9980,9980,9981,43,43
9981,9981,9982,43,43
9982,9982,9983,43,43
9983,9983,9984,43,43
9984,9984,9985,43,43
9985,9985,9986,43,43
9986,9986,9987,43,43
9987,9987,9988,43,43
9988,2918,2919,43,14
9988,9988,9989,43,43
9989,3409,3410,43,14
9989,9989,9990,43,43
9990,9990,9991,43,43
9991,9991,9992,43,43
9992,9992,9993,43,43
9993,9993,9994,43,43
9994,9994,9995,43,43
9995,2927,2928,43,14
9995,9995,9996,43,43
9996,3418,3419,43,14
9996,9996,9997,43,43
9997,9997,9998,43,43
9998,9998,9999,43,43
9999,9999,10000,43,43
10000,10000,10001,43,43
10001,10001,10002,43,43
10002,10002,10003,43,43
10003,10003,10004,43,43
10004,10004,10005,43,43
10005,10005,10006,43,43
10006,10006,10007,43,43
10007,10007,10008,43,43
10008,3058,3059,43,14
10008,10008,10009,43,43
10009,10009,10010,43,43
10010,10010,10011,43,43
10011,10011,10012,43,43
10012,10012,10013,43,43
10013,10013,10014,43,43
10014,2576,2577,43,14
10014,10014,10015,43,43
10015,3067,3068,43,14
10015,10015,10016,43,43
10016,10016,10017,43,43
10017,10017,10018,43,43
10018,10018,10019,43,43
10019,10019,10020,43,43
10020,10020,10021,43,43
10021,2585,2586,43,14
10021,10021,10022,43,43
10022,10022,10023,43,43
10023,10023,10024,43,43
10024,10024,10025,43,43
10025,10025,10026,43,43
10026,10026,10027,43,43
10027,10027,10028,43,43
10028,10028,10029,43,43
10029,10029,10030,43,43
10030,10030,10031,43,43
10031,10031,10032,43,43
10032,10032,10033,43,43
10033,3534,3535,43,14
10033,10033,10034,43,43
10034,2716,2717,43,14
10034,10034,10035,43,43
10035,10035,10036,43,43
10036,10036,10037,43,43
10037,10037,10038,43,43
10038,10038,10039,43,43
10039,10039,10040,43,43
10040,3543,3544,43,14
10040,10040,10041,43,43
10041,2725,2726,43,14
10041,10041,10042,43,43
10042,10042,10043,43,43
10043,10043,10044,43,43
10044,10044,10045,43,43
10045,10045,10046,43,43
10046,10046,10047,43,43
10047,10047,10048,43,43
10048,10048,10049,43,43
10049,10049,10050,43,43
10050,10050,10051,43,43
10051,10051,10052,43,43
10052,10052,10053,43,43
10053,2365,2366,43,14
10053,10053,10054,43,43
10054,10054,10055,43,43
10055,10055,10056,43,43
10056,10056,10057,43,43
10057,10057,10058,43,43
10058,10058,10059,43,43
10059,3192,3193,43,14
10059,10059,10060,43,43
10060,2374,2375,43,14
10060,10060,10061,43,43
10061,10061,10062,43,43
10062,10062,10063,43,43
10063,10063,10064,43,43
10064,10064,10065,43,43
10065,10065,10066,43,43
10066,3201,3202,43,14
10066,10066,10067,43,43
10067,10067,10068,43,43
10068,10068,10069,43,43
10069,10069,10070,43,43
10070,10070,10071,43,43
10071,10071,10072,43,43
10072,10072,10073,43,43
10073,10073,10074,43,43
10074,10074,10075,43,43
10075,10075,10076,43,43
10076,10076,10077,43,43
10077,10077,10078,43,43
10078,2841,2842,43,14
10078,10078,10079,43,43
10079,3332,3333,43,14
10079,10079,10080,43,43
10080,10080,10081,43,43
10081,10081,10082,43,43
10082,10082,10083,43,43
10083,10083,10084,43,43
10084,10084,10085,43,43
10085,2850,2851,43,14
10085,10085,10086,43,43
10086,3341,3342,43,14
10086,10086,10087,43,43
10087,10087,10088,43,43
10088,10088,10089,43,43
10089,10089,10090,43,43
10090,10090,10091,43,43
10091,10091,10092,43,43
10092,10092,10093,43,43
10093,10093,10094,43,43
10094,10094,10095,43,43
10095,10095,10096,43,43
10096,10096,10097,43,43
10097,10097,10098,43,43
10098,2981,2982,43,14
10098,10098,10099,43,43
10099,10099,10100,43,43
10100,10100,10101,43,43
10101,10101,10102,43,43
10102,10102,10103,43,43
10103,10103,10104,43,43
10104,2499,2500,43,14
10104,10104,10105,43,43
10105,2990,2991,43,14
10105,10105,10106,43,43
10106,10106,10107,43,43
10107,10107,10108,43,43
10108,10108,10109,43,43
10109,10109,10110,43,43
10110,10110,10111,43,43
10111,2508,2509,43,14
10111,10111,10112,43,43
10112,10112,10113,43,43
10113,10113,10114,43,43
10114,10114,10115,43,43
10115,10115,10116,43,43
10116,10116,10117,43,43
10117,10117,10118,43,43
10118,10118,10119,43,43
10119,10119,10120,43,43
10120,10120,10121,43,43
10121,10121,10122,43,43
10122,10122,10123,43,43
10123,3457,3458,43,14
10123,10123,10124,43,43
10124,2639,2640,43,14
10124,10124,10125,43,43
10125,10125,10126,43,43
10126,10126,10127,43,43
10127,10127,10128,43,43
10128,10128,10129,43,43
10129,10129,10130,43,43
10130,3466,3467,43,14
10130,10130,10131,43,43
10131,2648,2649,43,14
10131,10131,10132,43,43
10132,10132,10133,43,43
10133,10133,10134,43,43
10134,10134,10135,43,43
10135,10135,10136,43,43
10136,10136,10137,43,43
10137,10137,10138,43,43
10138,10138,10139,43,43
10139,10139,10140,43,43
10140,10140,10141,43,43
10141,10141,10142,43,43
10142,10142,10143,43,43
10143,2288,2289,43,14
10143,10143,10144,43,43
10144,10144,10145,43,43
10145,10145,10146,43,43
10146,10146,10147,43,43
10147,10147,10148,43,43
10148,10148,10149,43,43
10149,3115,3116,43,14
10149,10149,10150,43,43
10150,2297,2298,43,14
10150,10150,10151,43,43
10151,10151,10152,43,43
10152,10152,10153,43,43
10153,10153,10154,43,43
10154,10154,10155,43,43
10155,10155,10156,43,43
10156,3124,3125,43,14
10156,10156,10157,43,43
10157,10157,10158,43,43
10158,10158,10159,43,43
10159,10159,10160,43,43
10160,10160,10161,43,43
10161,10161,10162,43,43
10162,10162,10163,43,43
10163,10163,10164,43,43
10164,10164,10165,43,43
10165,10165,10166,43,43
10166,10166,10167,43,43
10167,10167,10168,43,43
10168,2764,2765,43,14
10168,10168,10169,43,43
10169,3255,3256,43,14
10169,10169,10170,43,43
10170,10170,10171,43,43
10171,10171,10172,43,43
10172,10172,10173,43,43
10173,10173,10174,43,43
10174,10174,10175,43,43
10175,2773,2774,43,14
10175,10175,10176,43,43
10176,3264,3265,43,14
10176,10176,10177,43,43
10177,10177,10178,43,43
10178,10178,10179,43,43
10179,10179,10180,43,43
10180,10180,10181,43,43
10181,10181,10182,43,43
10182,10182,10183,43,43
10183,10183,10184,43,43
10184,10184,10185,43,43
10185,10185,10186,43,43
10186,10186,10187,43,43
10187,10187,10188,43,43
10188,2904,2905,43,14
10188,10188,10189,43,43
10189,10189,10190,43,43
10190,10190,10191,43,43
10191,10191,10192,43,43
10192,10192,10193,43,43
10193,10193,10194,43,43
10194,2422,2423,43,14
10194,10194,10195,43,43
10195,2913,2914,43,14
10195,10195,10196,43,43
10196,10196,10197,43,43
10197,10197,10198,43,43
10198,10198,10199,43,43
10199,10199,10200,43,43
10200,10200,10201,43,43
10201,2431,2432,43,14
10201,10201,10202,43,43
10202,10202,10203,43,43
10203,10203,10204,43,43
10204,10204,10205,43,43
10205,10205,10206,43,43
10206,10206,10207,43,43
10207,10207,10208,43,43
10208,10208,10209,43,43
10209,10209,10210,43,43
10210,10210,10211,43,43
10211,10211,10212,43,43
10212,10212,10213,43,43
10213,3380,3381,43,14
10213,10213,10214,43,43
10214,2562,2563,43,14
10214,10214,10215,43,43
10215,10215,10216,43,43
10216,10216,10217,43,43
10217,10217,10218,43,43
10218,10218,10219,43,43
10219,10219,10220,43,43
10220,3389,3390,43,14
10220,10220,10221,43,43
10221,2571,2572,43,14
10221,10221,10222,43,43
10222,10222,10223,43,43
10223,10223,10224,43,43
10224,10224,10225,43,43
10225,10225,10226,43,43
10226,10226,10227,43,43
10227,10227,10228,43,43
10228,10228,10229,43,43
10229,10229,10230,43,43
10230,10230,10231,43,43
10231,10231,10232,43,43
10232,10232,10233,43,43
10233,3520,3521,43,14
10233,10233,10234,43,43
10234,10234,10235,43,43
10235,10235,10236,43,43
10236,10236,10237,43,43
10237,10237,10238,43,43
10238,10238,10239,43,43
10239,3038,3039,43,14
10239,10239,10240,43,43
10240,3529,3530,43,14
10240,10240,10241,43,43
10241,10241,10242,43,43
10242,10242,10243,43,43
10243,10243,10244,43,43
10244,10244,10245,43,43
10245,10245,10246,43,43
10246,3047,3048,43,14
10246,10246,10247,43,43
10247,10247,10248,43,43
10248,10248,10249,43,43
10249,10249,10250,43,43
10250,10250,10251,43,43
10251,10251,10252,43,43
10252,10252,10253,43,43
10253,10253,10254,43,43
10254,10254,10255,43,43
10255,10255,10256,43,43
10256,10256,10257,43,43
10257,10257,10258,43,43
10258,2687,2688,43,14
10258,10258,10259,43,43
10259,3178,3179,43,14
10259,10259,10260,43,43
10260,10260,10261,43,43
10261,10261,10262,43,43
10262,10262,10263,43,43
10263,10263,10264,43,43
10264,10264,10265,43,43
10265,2696,2697,43,14
10265,10265,10266,43,43
10266,3187,3188,43,14
10266,10266,10267,43,43
10267,10267,10268,43,43
10268,10268,10269,43,43
10269,10269,10270,43,43
10270,10270,10271,43,43
10271,10271,10272,43,43
10272,10272,10273,43,43
10273,10273,10274,43,43
10274,10274,10275,43,43
10275,10275,10276,43,43
10276,10276,10277,43,43
10277,10277,10278,43,43
10278,2827,2828,43,14
10278,10278,10279,43,43
10279,10279,10280,43,43
10280,10280,10281,43,43
10281,10281,10282,43,43
10282,10282,10283,43,43
10283,10283,10284,43,43
10284,2345,2346,43,14
10284,10284,10285,43,43
10285,2836,2837,43,14
10285,10285,10286,43,43
10286,10286,10287,43,43
10287,10287,10288,43,43
10288,10288,10289,43,43
10289,10289,10290,43,43
10290,10290,10291,43,43
10291,2354,2355,43,14
10291,10291,10292,43,43
10292,10292,10293,43,43
10293,10293,10294,43,43
10294,10294,10295,43,43
10295,10295,10296,43,43
10296,10296,10297,43,43
10297,10297,10298,43,43
10298,10298,10299,43,43
10299,10299,10300,43,43
10300,10300,10301,43,43
10301,10301,10302,43,43
10302,10302,10303,43,43
10303,3303,3304,43,14
10303,10303,10304,43,43
10304,2485,2486,43,14
10304,10304,10305,43,43
10305,10305,10306,43,43
10306,10306,10307,43,43
10307,10307,10308,43,43
10308,10308,10309,43,43
10309,10309,10310,43,43
10310,3312,3313,43,14
10310,10310,10311,43,43
10311,2494,2495,43,14
10311,10311,10312,43,43
10312,10312,10313,43,43
10313,10313,10314,43,43
10314,10314,10315,43,43
10315,10315,10316,43,43
10316,10316,10317,43,43
10317,10317,10318,43,43
10318,10318,10319,43,43
10319,10319,10320,43,43
10320,10320,10321,43,43
10321,10321,10322,43,43
10322,10322,10323,43,43
10323,3443,3444,43,14
10323,10323,10324,43,43
10324,10324,10325,43,43
10325,10325,10326,43,43
10326,10326,10327,43,43
10327,10327,10328,43,43
10328,10328,10329,43,43
10329,2961,2962,43,14
10329,10329,10330,43,43
10330,3452,3453,43,14
10330,10330,10331,43,43
10331,10331,10332,43,43
10332,10332,10333,43,43
10333,10333,10334,43,43
10334,10334,10335,43,43
10335,10335,10336,43,43
10336,2970,2971,43,14
10336,10336,10337,43,43
10337,10337,10338,43,43
10338,10338,10339,43,43
10339,10339,10340,43,43
10340,10340,10341,43,43
10341,10341,10342,43,43
10342,10342,10343,43,43
10343,10343,10344,43,43
10344,10344,10345,43,43
10345,10345,10346,43,43
10346,10346,10347,43,43
10347,10347,10348,43,43
10348,2610,2611,43,14
10348,10348,10349,43,43
10349,3101,3102,43,14
10349,10349,10350,43,43
10350,10350,10351,43,43
10351,10351,10352,43,43
10352,10352,10353,43,43
10353,10353,10354,43,43
10354,10354,10355,43,43
10355,2619,2620,43,14
10355,10355,10356,43,43
10356,3110,3111,43,14
10356,10356,10357,43,43
10357,10357,10358,43,43
10358,10358,10359,43,43
10359,10359,10360,43,43
10360,10360,10361,43,43
10361,10361,10362,43,43
10362,10362,10363,43,43
10363,10363,10364,43,43
10364,10364,10365,43,43
10365,10365,10366,43,43
10366,10366,10367,43,43
10367,10367,10368,43,43
10368,2750,2751,43,14
10368,10368,10369,43,43
10369,10369,10370,43,43
10370,10370,10371,43,43
10371,10371,10372,43,43
10372,10372,10373,43,43
10373,10373,10374,43,43
10374,3577,3578,43,14
10374,10374,10375,43,43
10375,2759,2760,43,14
10375,10375,10376,43,43
10376,10376,10377,43,43
10377,10377,10378,43,43
10378,10378,10379,43,43
10379,10379,10380,43,43
10380,10380,10381,43,43
10381,3586,2278,43,14
10381,10381,10382,43,43
10382,10382,10383,43,43
10383,10383,10384,43,43
10384,10384,10385,43,43
10385,10385,10386,43,43
10386,10386,10387,43,43
10387,10387,10388,43,43
10388,10388,10389,43,43
10389,10389,10390,43,43
10390,10390,10391,43,43
10391,10391,10392,43,43
10392,10392,10393,43,43
10393,3226,3227,43,14
10393,10393,10394,43,43
10394,2408,2409,43,14
10394,10394,10395,43,43
10395,10395,10396,43,43
10396,10396,10397,43,43
10397,10397,10398,43,43
10398,10398,10399,43,43
10399,10399,10400,43,43
10400,3235,3236,43,14
10400,10400,10401,43,43
10401,2417,2418,43,14
10401,10401,10402,43,43
10402,10402,10403,43,43
10403,10403,10404,43,43
10404,10404,10405,43,43
10405,10405,10406,43,43
10406,10406,10407,43,43
10407,10407,10408,43,43
10408,10408,10409,43,43
10409,10409,10410,43,43
10410,10410,10411,43,43
10411,10411,10412,43,43
10412,10412,10413,43,43
10413,3366,3367,43,14
10413,10413,10414,43,43
10414,10414,10415,43,43
10415,10415,10416,43,43
10416,10416,10417,43,43
10417,10417,10418,43,43
10418,10418,10419,43,43
10419,2884,2885,43,14
10419,10419,10420,43,43
10420,3375,3376,43,14
10420,10420,10421,43,43
10421,10421,10422,43,43
10422,10422,10423,43,43
10423,10423,10424,43,43
10424,10424,10425,43,43
10425,10425,10426,43,43
10426,2893,2894,43,14
10426,10426,10427,43,43
10427,10427,10428,43,43
10428,10428,10429,43,43
10429,10429,10430,43,43
10430,10430,10431,43,43
10431,10431,10432,43,43
10432,10432,10433,43,43
10433,10433,10434,43,43
10434,10434,10435,43,43
10435,10435,10436,43,43
10436,10436,10437,43,43
10437,10437,10438,43,43
10438,2533,2534,43,14
10438,10438,10439,43,43
10439,3024,3025,43,14
10439,10439,10440,43,43
10440,10440,10441,43,43
10441,10441,10442,43,43
10442,10442,10443,43,43
10443,10443,10444,43,43
10444,10444,10445,43,43
10445,2542,2543,43,14
10445,10445,10446,43,43
10446,3033,3034,43,14
10446,10446,10447,43,43
10447,10447,10448,43,43
10448,10448,10449,43,43
10449,10449,10450,43,43
10450,10450,10451,43,43
10451,10451,10452,43,43
10452,10452,10453,43,43
10453,10453,10454,43,43
10454,10454,10455,43,43
10455,10455,10456,43,43
10456,10456,10457,43,43
10457,10457,10458,43,43
10458,2673,2674,43,14
10458,10458,10459,43,43
10459,10459,10460,43,43
10460,10460,10461,43,43
10461,10461,10462,43,43
10462,10462,10463,43,43
10463,10463,10464,43,43
10464,3500,3501,43,14
10464,10464,10465,43,43
10465,2682,2683,43,14
10465,10465,10466,43,43
10466,10466,10467,43,43
10467,10467,10468,43,43
10468,10468,10469,43,43
10469,10469,10470,43,43
10470,10470,10471,43,43
10471,3509,3510,43,14
10471,10471,10472,43,43
10472,10472,10473,43,43
10473,10473,10474,43,43
10474,10474,10475,43,43
10475,10475,10476,43,43
10476,10476,10477,43,43
10477,10477,10478,43,43
10478,10478,10479,43,43
10479,10479,10480,43,43
10480,10480,10481,43,43
10481,10481,10482,43,43
10482,10482,10483,43,43
10483,3149,3150,43,14
10483,10483,10484,43,43
10484,2331,2332,43,14
10484,10484,10485,43,43
10485,10485,10486,43,43
10486,10486,10487,43,43
10487,10487,10488,43,43
10488,10488,10489,43,43
10489,10489,10490,43,43
10490,3158,3159,43,14
10490,10490,10491,43,43
10491,2340,2341,43,14
10491,10491,10492,43,43
10492,10492,10493,43,43
10493,10493,10494,43,43
10494,10494,10495,43,43
10495,10495,10496,43,43
10496,10496,10497,43,43
10497,10497,10498,43,43
10498,10498,10499,43,43
10499,10499,10500,43,43
10500,10500,10501,43,43
10501,10501,10502,43,43
10502,10502,10503,43,43
10503,3289,3290,43,14
10503,10503,10504,43,43
10504,10504,10505,43,43
10505,10505,10506,43,43
10506,10506,10507,43,43
10507,10507,10508,43,43
10508,10508,10509,43,43
10509,2807,2808,43,14
10509,10509,10510,43,43
10510,3298,3299,43,14
10510,10510,10511,43,43
10511,10511,10512,43,43
10512,10512,10513,43,43
10513,10513,10514,43,43
10514,10514,10515,43,43
10515,10515,10516,43,43
10516,2816,2817,43,14
10516,10516,10517,43,43
10517,10517,10518,43,43
10518,10518,10519,43,43
10519,10519,10520,43,43
10520,10520,10521,43,43
10521,10521,10522,43,43
10522,10522,10523,43,43
10523,10523,10524,43,43
10524,10524,10525,43,43
10525,10525,10526,43,43
10526,10526,10527,43,43
10527,10527,10528,43,43
10528,2456,2457,43,14
10528,10528,10529,43,43
10529,2947,2948,43,14
10529,10529,10530,43,43
10530,10530,10531,43,43
10531,10531,10532,43,43
10532,10532,10533,43,43
10533,10533,10534,43,43
10534,10534,10535,43,43
10535,2465,2466,43,14
10535,10535,10536,43,43
10536,2956,2957,43,14
10536,10536,10537,43,43
10537,10537,10538,43,43
10538,10538,10539,43,43
10539,10539,10540,43,43
10540,10540,10541,43,43
10541,10541,10542,43,43
10542,10542,10543,43,43
10543,10543,10544,43,43
10544,10544,10545,43,43
10545,10545,10546,43,43
10546,10546,10547,43,43
10547,10547,10548,43,43
10548,2596,2597,43,14
10548,10548,10549,43,43
10549,10549,10550,43,43
10550,10550,10551,43,43
10551,10551,10552,43,43
10552,10552,10553,43,43
10553,10553,10554,43,43
10554,3423,3424,43,14
10554,10554,10555,43,43
10555,2605,2606,43,14
10555,10555,10556,43,43
10556,10556,10557,43,43
10557,10557,10558,43,43
10558,10558,10559,43,43
10559,10559,10560,43,43
10560,10560,10561,43,43
10561,3432,3433,43,14
10561,10561,10562,43,43
10562,10562,10563,43,43
10563,10563,10564,43,43
10564,10564,10565,43,43
10565,10565,10566,43,43
10566,10566,10567,43,43
10567,10567,10568,43,43
10568,10568,10569,43,43
10569,10569,10570,43,43
10570,10570,10571,43,43
10571,10571,10572,43,43
10572,10572,10573,43,43
10573,3072,3073,43,14
10573,10573,10574,43,43
10574,3563,3564,43,14
10574,10574,10575,43,43
10575,10575,10576,43,43
10576,10576,10577,43,43
10577,10577,10578,43,43
10578,10578,10579,43,43
10579,10579,10580,43,43
10580,3081,3082,43,14
10580,10580,10581,43,43
10581,3572,3573,43,14
10581,10581,10582,43,43
10582,10582,10583,43,43
10583,10583,10584,43,43
10584,10584,10585,43,43
10585,10585,10586,43,43
10586,10586,10587,43,43
10587,10587,10588,43,43
10588,10588,10589,43,43
10589,10589,10590,43,43
10590,10590,10591,43,43
10591,10591,10592,43,43
10592,10592,10593,43,43
10593,3212,3213,43,14
10593,10593,10594,43,43
10594,10594,10595,43,43
10595,10595,10596,43,43
10596,10596,10597,43,43
10597,10597,10598,43,43
10598,10598,10599,43,43
10599,2730,2731,43,14
10599,10599,10600,43,43
10600,3221,3222,43,14
10600,10600,10601,43,43
10601,10601,10602,43,43
10602,10602,10603,43,43
10603,10603,10604,43,43
10604,10604,10605,43,43
10605,10605,10606,43,43
10606,2739,2740,43,14
10606,10606,10607,43,43
10607,10607,10608,43,43
10608,10608,10609,43,43
10609,10609,10610,43,43
10610,10610,10611,43,43
10611,10611,10612,43,43
10612,10612,10613,43,43
10613,10613,10614,43,43
10614,10614,10615,43,43
10615,10615,10616,43,43
10616,10616,10617,43,43
10617,10617,10618,43,43
10618,2379,2380,43,14
10618,10618,10619,43,43
10619,2870,2871,43,14
10619,10619,10620,43,43
10620,10620,10621,43,43
10621,10621,10622,43,43
10622,10622,10623,43,43
10623,10623,10624,43,43
10624,10624,10625,43,43
10625,2388,2389,43,14
10625,10625,10626,43,43
10626,2879,2880,43,14
10626,10626,10627,43,43
10627,10627,10628,43,43
10628,10628,10629,43,43
10629,10629,10630,43,43
10630,10630,10631,43,43
10631,10631,10632,43,43
10632,10632,10633,43,43
10633,10633,10634,43,43
10634,10634,10635,43,43
10635,10635,10636,43,43
10636,10636,10637,43,43
10637,10637,10638,43,43
10638,2519,2520,43,14
10638,10638,10639,43,43
10639,10639,10640,43,43
10640,10640,10641,43,43
10641,10641,10642,43,43
10642,10642,10643,43,43
10643,10643,10644,43,43
10644,3346,3347,43,14
10644,10644,10645,43,43
10645,2528,2529,43,14
10645,10645,10646,43,43
10646,10646,10647,43,43
10647,10647,10648,43,43
10648,10648,10649,43,43
10649,10649,10650,43,43
10650,10650,10651,43,43
10651,3355,3356,43,14
10651,10651,10652,43,43
10652,10652,10653,43,43
10653,10653,10654,43,43
10654,10654,10655,43,43
10655,10655,10656,43,43
10656,10656,10657,43,43
10657,10657,10658,43,43
10658,10658,10659,43,43
10659,10659,10660,43,43
10660,10660,10661,43,43
10661,10661,10662,43,43
10662,10662,10663,43,43
10663,2995,2996,43,14
10663,10663,10664,43,43
10664,3486,3487,43,14
10664,10664,10665,43,43
10665,10665,10666,43,43
10666,10666,10667,43,43
10667,10667,10668,43,43
10668,10668,10669,43,43
10669,10669,10670,43,43
10670,3004,3005,43,14
10670,10670,10671,43,43
10671,3495,3496,43,14
10671,10671,10672,43,43
10672,10672,10673,43,43
10673,10673,10674,43,43
10674,10674,10675,43,43
10675,10675,9911,43,43
10676,10676,10677,44,44
10677,1656,1657,44,9
10677,10677,10678,44,44
10678,3671,3672,44,15
10678,10678,10679,44,44
10679,10679,10680,44,44
10680,10680,10681,44,44
10681,10681,10682,44,44
10682,10682,10683,44,44
10683,10683,10684,44,44
10684,1665,1513,44,9
10684,10684,10685,44,44
10685,3680,3681,44,15
10685,10685,10686,44,44
10686,10686,10687,44,44
10687,10687,10688,44,44
10688,10688,10689,44,44
10689,10689,10690,44,44
10690,10690,10691,44,44
10691,1521,1522,44,9
10691,10691,10692,44,44
10692,3689,3690,44,15
10692,10692,10693,44,44
10693,10693,10694,44,44
10694,10694,10695,44,44
10695,10695,10696,44,44
10696,10696,10697,44,44
10697,10697,10698,44,44
10698,1530,1531,44,9
10698,10698,10699,44,44
10699,3698,3699,44,15
10699,10699,10700,44,44
10700,10700,10701,44,44
10701,10701,10702,44,44
10702,10702,10703,44,44
10703,10703,10704,44,44
10704,10704,10705,44,44
10705,1539,1540,44,9
10705,10705,10706,44,44
10706,3707,3708,44,15
10706,10706,10707,44,44
10707,10707,10708,44,44
10708,10708,10709,44,44
10709,10709,10710,44,44
10710,10710,10711,44,44
10711,10711,10712,44,44
10712,1548,1549,44,9
10712,10712,10713,44,44
10713,3716,3717,44,15
10713,10713,10714,44,44
10714,10714,10715,44,44
10715,10715,10716,44,44
10716,10716,10717,44,44
10717,10717,10718,44,44
10718,10718,10719,44,44
10719,1557,1558,44,9
10719,10719,10720,44,44
10720,3725,3726,44,15
10720,10720,10721,44,44
10721,10721,10722,44,44
10722,10722,10723,44,44
10723,10723,10724,44,44
10724,10724,10725,44,44
10725,10725,10726,44,44
10726,1566,1567,44,9
10726,10726,10727,44,44
10727,3734,3735,44,15
10727,10727,10728,44,44
10728,10728,10729,44,44
10729,10729,10730,44,44
10730,10730,10731,44,44
10731,10731,10732,44,44
10732,10732,10733,44,44
10733,1575,1576,44,9
10733,10733,10734,44,44
10734,3590,3591,44,15
10734,10734,10735,44,44
10735,10735,10736,44,44
10736,10736,10737,44,44
10737,10737,10738,44,44
10738,10738,10739,44,44
10739,10739,10740,44,44
10740,1584,1585,44,9
10740,10740,10741,44,44
10741,3599,3600,44,15
10741,10741,10742,44,44
10742,10742,10743,44,44
10743,10743,10744,44,44
10744,10744,10745,44,44
10745,10745,10746,44,44
10746,10746,10747,44,44
10747,1593,1594,44,9
10747,10747,10748,44,44
10748,3608,3609,44,15
10748,10748,10749,44,44
10749,10749,10750,44,44
10750,10750,10751,44,44
10751,10751,10752,44,44
10752,10752,10753,44,44
10753,10753,10754,44,44
10754,1602,1603,44,9
10754,10754,10755,44,44
10755,3617,3618,44,15
10755,10755,10756,44,44
10756,10756,10757,44,44
10757,10757,10758,44,44
10758,10758,10759,44,44
10759,10759,10760,44,44
10760,10760,10761,44,44
10761,1611,1612,44,9
10761,10761,10762,44,44
10762,3626,3627,44,15
10762,10762,10763,44,44
10763,10763,10764,44,44
10764,10764,10765,44,44
10765,10765,10766,44,44
10766,10766,10767,44,44
10767,10767,10768,44,44
10768,1620,1621,44,9
10768,10768,10769,44,44
10769,3635,3636,44,15
10769,10769,10770,44,44
10770,10770,10771,44,44
10771,10771,10772,44,44
10772,10772,10773,44,44
10773,10773,10774,44,44
10774,10774,10775,44,44
10775,1629,1630,44,9
10775,10775,10776,44,44
10776,3644,3645,44,15
10776,10776,10777,44,44
10777,10777,10778,44,44
10778,10778,10779,44,44
10779,10779,10780,44,44
10780,10780,10781,44,44
10781,10781,10782,44,44
10782,1638,1639,44,9
10782,10782,10783,44,44
10783,3653,3654,44,15
10783,10783,10784,44,44
10784,10784,10785,44,44
10785,10785,10786,44,44
10786,10786,10787,44,44
10787,10787,10788,44,44
10788,10788,10789,44,44
10789,1647,1648,44,9
10789,10789,10790,44,44
10790,3662,3663,44,15
10790,10790,10791,44,44
10791,10791,10792,44,44
10792,10792,10793,44,44
10793,10793,10794,44,44
10794,10794,10676,44,44
10795,10795,10796,45,45
10796,1809,1810,45,10
10796,10796,10797,45,45
10797,4130,4131,45,18
10797,10797,10798,45,45
10798,3672,3673,45,15
10798,10798,10799,45,45
10799,10799,10800,45,45
10800,10800,10801,45,45
10801,10801,10802,45,45
10802,10802,10803,45,45
10803,1818,1666,45,10
10803,10803,10804,45,45
10804,4139,4140,45,18
10804,10804,10805,45,45
10805,3681,3682,45,15
10805,10805,10806,45,45
10806,10806,10807,45,45
10807,10807,10808,45,45
10808,10808,10809,45,45
10809,10809,10810,45,45
10810,1674,1675,45,10
10810,10810,10811,45,45
10811,4148,4149,45,18
10811,10811,10812,45,45
10812,3690,3691,45,15
10812,10812,10813,45,45
10813,10813,10814,45,45
10814,10814,10815,45,45
10815,10815,10816,45,45
10816,10816,10817,45,45
10817,1683,1684,45,10
10817,10817,10818,45,45
10818,4157,4158,45,18
10818,10818,10819,45,45
10819,3699,3700,45,15
10819,10819,10820,45,45
10820,10820,10821,45,45
10821,10821,10822,45,45
10822,10822,10823,45,45
10823,10823,10824,45,45
10824,1692,1693,45,10
10824,10824,10825,45,45
10825,4166,4167,45,18
10825,10825,10826,45,45
10826,3708,3709,45,15
10826,10826,10827,45,45
10827,10827,10828,45,45
10828,10828,10829,45,45
10829,10829,10830,45,45
10830,10830,10831,45,45
10831,1701,1702,45,10
10831,10831,10832,45,45
10832,4175,4176,45,18
10832,10832,10833,45,45
10833,3717,3718,45,15
10833,10833,10834,45,45
10834,10834,10835,45,45
10835,10835,10836,45,45
10836,10836,10837,45,45
10837,10837,10838,45,45
10838,1710,1711,45,10
10838,10838,10839,45,45
10839,4184,4185,45,18
10839,10839,10840,45,45
10840,3726,3727,45,15
10840,10840,10841,45,45
10841,10841,10842,45,45
10842,10842,10843,45,45
10843,10843,10844,45,45
10844,10844,10845,45,45
10845,1719,1720,45,10
10845,10845,10846,45,45
10846,4193,4194,45,18
10846,10846,10847,45,45
10847,3735,3736,45,15
10847,10847,10848,45,45
10848,10848,10849,45,45
10849,10849,10850,45,45
10850,10850,10851,45,45
10851,10851,10852,45,45
10852,1728,1729,45,10
10852,10852,10853,45,45
10853,4049,4050,45,18
10853,10853,10854,45,45
10854,3591,3592,45,15
10854,10854,10855,45,45
10855,10855,10856,45,45
10856,10856,10857,45,45
10857,10857,10858,45,45
10858,10858,10859,45,45
10859,1737,1738,45,10
10859,10859,10860,45,45
10860,4058,4059,45,18
10860,10860,10861,45,45
10861,3600,3601,45,15
10861,10861,10862,45,45
10862,10862,10863,45,45
10863,10863,10864,45,45
10864,10864,10865,45,45
10865,10865,10866,45,45
10866,1746,1747,45,10
10866,10866,10867,45,45
10867,4067,4068,45,18
10867,10867,10868,45,45
10868,3609,3610,45,15
10868,10868,10869,45,45
10869,10869,10870,45,45
10870,10870,10871,45,45
10871,10871,10872,45,45
10872,10872,10873,45,45
10873,1755,1756,45,10
10873,10873,10874,45,45
10874,4076,4077,45,18
10874,10874,10875,45,45
10875,3618,3619,45,15
10875,10875,10876,45,45
10876,10876,10877,45,45
10877,10877,10878,45,45
10878,10878,10879,45,45
10879,10879,10880,45,45
10880,1764,1765,45,10
10880,10880,10881,45,45
10881,4085,4086,45,18
10881,10881,10882,45,45
10882,3627,3628,45,15
10882,10882,10883,45,45
10883,10883,10884,45,45
10884,10884,10885,45,45
10885,10885,10886,45,45
10886,10886,10887,45,45
10887,1773,1774,45,10
10887,10887,10888,45,45
10888,4094,4095,45,18
10888,10888,10889,45,45
10889,3636,3637,45,15
10889,10889,10890,45,45
10890,10890,10891,45,45
10891,10891,10892,45,45
10892,10892,10893,45,45
10893,10893,10894,45,45
10894,1782,1783,45,10
10894,10894,10895,45,45
10895,4103,4104,45,18
10895,10895,10896,45,45
10896,3645,3646,45,15
10896,10896,10897,45,45
10897,10897,10898,45,45
10898,10898,10899,45,45
10899,10899,10900,45,45
10900,10900,10901,45,45
10901,1791,1792,45,10
10901,10901,10902,45,45
10902,4112,4113,45,18
10902,10902,10903,45,45
10903,3654,3655,45,15
10903,10903,10904,45,45
10904,10904,10905,45,45
10905,10905,10906,45,45
10906,10906,10907,45,45
10907,10907,10908,45,45
10908,1800,1801,45,10
10908,10908,10909,45,45
10909,4121,4122,45,18
10909,10909,10910,45,45
10910,3663,3664,45,15
10910,10910,10911,45,45
10911,10911,10912,45,45
10912,10912,10913,45,45
10913,10913,10795,45,45
10914,10914,10915,46,46
10915,1962,1963,46,11
10915,10915,10916,46,46
10916,5204,5205,46,26
10916,10916,10917,46,46
10917,10917,10918,46,46
10918,3673,3674,46,15
10918,10918,10919,46,46
10919,10919,10920,46,46
10920,10920,10921,46,46
10921,10921,10922,46,46
10922,1971,1819,46,11
10922,10922,10923,46,46
10923,5213,5214,46,26
10923,10923,10924,46,46
10924,10924,10925,46,46
10925,3682,3683,46,15
10925,10925,10926,46,46
10926,10926,10927,46,46
10927,10927,10928,46,46
10928,10928,10929,46,46
10929,1827,1828,46,11
10929,10929,10930,46,46
10930,5222,5223,46,26
10930,10930,10931,46,46
10931,10931,10932,46,46
10932,3691,3692,46,15
10932,10932,10933,46,46
10933,10933,10934,46,46
10934,10934,10935,46,46
10935,10935,10936,46,46
10936,1836,1837,46,11
10936,10936,10937,46,46
10937,5231,5232,46,26
10937,10937,10938,46,46
10938,10938,10939,46,46
10939,3700,3701,46,15
10939,10939,10940,46,46
10940,10940,10941,46,46
10941,10941,10942,46,46
10942,10942,10943,46,46
10943,1845,1846,46,11
10943,10943,10944,46,46
10944,5240,5241,46,26
10944,10944,10945,46,46
10945,10945,10946,46,46
10946,3709,3710,46,15
10946,10946,10947,46,46
10947,10947,10948,46,46
10948,10948,10949,46,46
10949,10949,10950,46,46
10950,1854,1855,46,11
10950,10950,10951,46,46
10951,5249,5250,46,26
10951,10951,10952,46,46
10952,10952,10953,46,46
10953,3718,3719,46,15
10953,10953,10954,46,46
10954,10954,10955,46,46
10955,10955,10956,46,46
10956,10956,10957,46,46
10957,1863,1864,46,11
10957,10957,10958,46,46
10958,5258,5259,46,26
10958,10958,10959,46,46
10959,10959,10960,46,46
10960,3727,3728,46,15
10960,10960,10961,46,46
10961,10961,10962,46,46
10962,10962,10963,46,46
10963,10963,10964,46,46
10964,1872,1873,46,11
10964,10964,10965,46,46
10965,5267,5268,46,26
10965,10965,10966,46,46
10966,10966,10967,46,46
10967,3736,3737,46,15
10967,10967,10968,46,46
10968,10968,10969,46,46
10969,10969,10970,46,46
10970,10970,10971,46,46
10971,1881,1882,46,11
10971,10971,10972,46,46
10972,5276,5277,46,26
10972,10972,10973,46,46
10973,10973,10974,46,46
10974,3592,3593,46,15
10974,10974,10975,46,46
10975,10975,10976,46,46
10976,10976,10977,46,46
10977,10977,10978,46,46
10978,1890,1891,46,11
10978,10978,10979,46,46
10979,5285,5286,46,26
10979,10979,10980,46,46
10980,10980,10981,46,46
10981,3601,3602,46,15
10981,10981,10982,46,46
10982,10982,10983,46,46
10983,10983,10984,46,46
10984,10984,10985,46,46
10985,1899,1900,46,11
10985,10985,10986,46,46
10986,5294,5295,46,26
10986,10986,10987,46,46
10987,10987,10988,46,46
10988,3610,3611,46,15
10988,10988,10989,46,46
10989,10989,10990,46,46
10990,10990,10991,46,46
10991,10991,10992,46,46
10992,1908,1909,46,11
10992,10992,10993,46,46
10993,5303,5304,46,26
10993,10993,10994,46,46
10994,10994,10995,46,46
10995,3619,3620,46,15
10995,10995,10996,46,46
10996,10996,10997,46,46
10997,10997,10998,46,46
10998,10998,10999,46,46
10999,1917,1918,46,11
10999,10999,11000,46,46
11000,5312,5313,46,26
11000,11000,11001,46,46
11001,11001,11002,46,46
11002,3628,3629,46,15
11002,11002,11003,46,46
11003,11003,11004,46,46
11004,11004,11005,46,46
11005,11005,11006,46,46
11006,1926,1927,46,11
11006,11006,11007,46,46
11007,5321,5322,46,26
11007,11007,11008,46,46
11008,11008,11009,46,46
11009,3637,3638,46,15
11009,11009,11010,46,46
11010,11010,11011,46,46
11011,11011,11012,46,46
11012,11012,11013,46,46
11013,1935,1936,46,11
11013,11013,11014,46,46
11014,5330,5331,46,26
11014,11014,11015,46,46
11015,11015,11016,46,46
11016,3646,3647,46,15
11016,11016,11017,46,46
11017,11017,11018,46,46
11018,11018,11019,46,46
11019,11019,11020,46,46
11020,1944,1945,46,11
11020,11020,11021,46,46
11021,5339,5340,46,26
11021,11021,11022,46,46
11022,11022,11023,46,46
11023,3655,3656,46,15
11023,11023,11024,46,46
11024,11024,11025,46,46
11025,11025,11026,46,46
11026,11026,11027,46,46
11027,1953,1954,46,11
11027,11027,11028,46,46
11028,5348,5349,46,26
11028,11028,11029,46,46
11029,11029,11030,46,46
11030,3664,3665,46,15
11030,11030,11031,46,46
11031,11031,11032,46,46
11032,11032,10914,46,46
11033,11033,11034,47,47
11034,3730,3731,47,15
11034,11034,11035,47,47
11035,5048,5049,47,24
11035,11035,11036,47,47
11036,3825,3826,47,16
11036,11036,11037,47,47
11037,11037,11038,47,47
11038,11038,11039,47,47
11039,11039,11040,47,47
11040,11040,11041,47,47
11041,3739,3587,47,15
11041,11041,11042,47,47
11042,5057,5058,47,24
11042,11042,11043,47,47
11043,3834,3835,47,16
11043,11043,11044,47,47
11044,11044,11045,47,47
11045,11045,11046,47,47
11046,11046,11047,47,47
11047,11047,11048,47,47
11048,3595,3596,47,15
11048,11048,11049,47,47
11049,5066,5067,47,24
11049,11049,11050,47,47
11050,3843,3844,47,16
11050,11050,11051,47,47
11051,11051,11052,47,47
11052,11052,11053,47,47
11053,11053,11054,47,47
11054,11054,11055,47,47
11055,3604,3605,47,15
11055,11055,11056,47,47
11056,5075,5076,47,24
11056,11056,11057,47,47
11057,3852,3853,47,16
11057,11057,11058,47,47
11058,11058,11059,47,47
11059,11059,11060,47,47
11060,11060,11061,47,47
11061,11061,11062,47,47
11062,3613,3614,47,15
11062,11062,11063,47,47
11063,5084,5085,47,24
11063,11063,11064,47,47
11064,3861,3862,47,16
11064,11064,11065,47,47
11065,11065,11066,47,47
11066,11066,11067,47,47
11067,11067,11068,47,47
11068,11068,11069,47,47
11069,3622,3623,47,15
11069,11069,11070,47,47
11070,5093,5094,47,24
11070,11070,11071,47,47
11071,3870,3871,47,16
11071,11071,11072,47,47
11072,11072,11073,47,47
11073,11073,11074,47,47
11074,11074,11075,47,47
11075,11075,11076,47,47
11076,3631,3632,47,15
11076,11076,11077,47,47
11077,5102,5103,47,24
11077,11077,11078,47,47
11078,3879,3880,47,16
11078,11078,11079,47,47
11079,11079,11080,47,47
11080,11080,11081,47,47
11081,11081,11082,47,47
11082,11082,11083,47,47
11083,3640,3641,47,15
11083,11083,11084,47,47
11084,5111,5112,47,24
11084,11084,11085,47,47
11085,3888,3889,47,16
11085,11085,11086,47,47
11086,11086,11087,47,47
11087,11087,11088,47,47
11088,11088,11089,47,47
11089,11089,11090,47,47
11090,3649,3650,47,15
11090,11090,11091,47,47
11091,4967,4968,47,24
11091,11091,11092,47,47
11092,3744,3745,47,16
11092,11092,11093,47,47
11093,11093,11094,47,47
11094,11094,11095,47,47
11095,11095,11096,47,47
11096,11096,11097,47,47
11097,3658,3659,47,15
11097,11097,11098,47,47
11098,4976,4977,47,24
11098,11098,11099,47,47
11099,3753,3754,47,16
11099,11099,11100,47,47
11100,11100,11101,47,47
11101,11101,11102,47,47
11102,11102,11103,47,47
11103,11103,11104,47,47
11104,3667,3668,47,15
11104,11104,11105,47,47
11105,4985,4986,47,24
11105,11105,11106,47,47
11106,3762,3763,47,16
11106,11106,11107,47,47
11107,11107,11108,47,47
11108,11108,11109,47,47
11109,11109,11110,47,47
11110,11110,11111,47,47
11111,3676,3677,47,15
11111,11111,11112,47,47
11112,4994,4995,47,24
11112,11112,11113,47,47
11113,3771,3772,47,16
11113,11113,11114,47,47
11114,11114,11115,47,47
11115,11115,11116,47,47
11116,11116,11117,47,47
11117,11117,11118,47,47
11118,3685,3686,47,15
11118,11118,11119,47,47
11119,5003,5004,47,24
11119,11119,11120,47,47
11120,3780,3781,47,16
11120,11120,11121,47,47
11121,11121,11122,47,47
11122,11122,11123,47,47
11123,11123,11124,47,47
11124,11124,11125,47,47
11125,3694,3695,47,15
11125,11125,11126,47,47
11126,5012,5013,47,24
11126,11126,11127,47,47
11127,3789,3790,47,16
11127,11127,11128,47,47
11128,11128,11129,47,47
11129,11129,11130,47,47
11130,11130,11131,47,47
11131,11131,11132,47,47
11132,3703,3704,47,15
11132,11132,11133,47,47
11133,5021,5022,47,24
11133,11133,11134,47,47
11134,3798,3799,47,16
11134,11134,11135,47,47
11135,11135,11136,47,47
11136,11136,11137,47,47
11137,11137,11138,47,47
11138,11138,11139,47,47
11139,3712,3713,47,15
11139,11139,11140,47,47
11140,5030,5031,47,24
11140,11140,11141,47,47
11141,3807,3808,47,16
11141,11141,11142,47,47
11142,11142,11143,47,47
11143,11143,11144,47,47
11144,11144,11145,47,47
11145,11145,11146,47,47
11146,3721,3722,47,15
11146,11146,11147,47,47
11147,5039,5040,47,24
11147,11147,11148,47,47
11148,3816,3817,47,16
11148,11148,11149,47,47
11149,11149,11150,47,47
11150,11150,11151,47,47
11151,11151,11033,47,47
11152,11152,11153,48,48
11153,3883,3884,48,16
11153,11153,11154,48,48
11154,5326,5327,48,26
11154,11154,11155,48,48
11155,5205,5206,48,26
11155,11155,11156,48,48
11156,3826,3827,48,16
11156,11156,11157,48,48
11157,11157,11158,48,48
11158,11158,11159,48,48
11159,11159,11160,48,48
11160,3892,3740,48,16
11160,11160,11161,48,48
11161,5335,5336,48,26
11161,11161,11162,48,48
11162,5214,5215,48,26
11162,11162,11163,48,48
11163,3835,3836,48,16
11163,11163,11164,48,48
11164,11164,11165,48,48
11165,11165,11166,48,48
11166,11166,11167,48,48
11167,3748,3749,48,16
11167,11167,11168,48,48
11168,5344,5345,48,26
11168,11168,11169,48,48
11169,5223,5224,48,26
11169,11169,11170,48,48
11170,3844,3845,48,16
11170,11170,11171,48,48
11171,11171,11172,48,48
11172,11172,11173,48,48
11173,11173,11174,48,48
11174,3757,3758,48,16
11174,11174,11175,48,48
11175,5353,5354,48,26
11175,11175,11176,48,48
11176,5232,5233,48,26
11176,11176,11177,48,48
11177,3853,3854,48,16
11177,11177,11178,48,48
11178,11178,11179,48,48
11179,11179,11180,48,48
11180,11180,11181,48,48
11181,3766,3767,48,16
11181,11181,11182,48,48
11182,5209,5210,48,26
11182,11182,11183,48,48
11183,5241,5242,48,26
11183,11183,11184,48,48
11184,3862,3863,48,16
11184,11184,11185,48,48
11185,11185,11186,48,48
11186,11186,11187,48,48
11187,11187,11188,48,48
11188,3775,3776,48,16
11188,11188,11189,48,48
11189,5218,5219,48,26
11189,11189,11190,48,48
11190,5250,5251,48,26
11190,11190,11191,48,48
11191,3871,3872,48,16
11191,11191,11192,48,48
11192,11192,11193,48,48
11193,11193,11194,48,48
11194,11194,11195,48,48
11195,3784,3785,48,16
11195,11195,11196,48,48
11196,5227,5228,48,26
11196,11196,11197,48,48
11197,5259,5260,48,26
11197,11197,11198,48,48
11198,3880,3881,48,16
11198,11198,11199,48,48
11199,11199,11200,48,48
11200,11200,11201,48,48
11201,11201,11202,48,48
11202,3793,3794,48,16
11202,11202,11203,48,48
11203,5236,5237,48,26
11203,11203,11204,48,48
11204,5268,5269,48,26
11204,11204,11205,48,48
11205,3889,3890,48,16
11205,11205,11206,48,48
11206,11206,11207,48,48
11207,11207,11208,48,48
11208,11208,11209,48,48
11209,3802,3803,48,16
11209,11209,11210,48,48
11210,5245,5246,48,26
11210,11210,11211,48,48
11211,5277,5278,48,26
11211,11211,11212,48,48
11212,3745,3746,48,16
11212,11212,11213,48,48
11213,11213,11214,48,48
11214,11214,11215,48,48
11215,11215,11216,48,48
11216,3811,3812,48,16
11216,11216,11217,48,48
11217,5254,5255,48,26
11217,11217,11218,48,48
11218,5286,5287,48,26
11218,11218,11219,48,48
11219,3754,3755,48,16
11219,11219,11220,48,48
11220,11220,11221,48,48
11221,11221,11222,48,48
11222,11222,11223,48,48
11223,3820,3821,48,16
11223,11223,11224,48,48
11224,5263,5264,48,26
11224,11224,11225,48,48
11225,5295,5296,48,26
11225,11225,11226,48,48
11226,3763,3764,48,16
11226,11226,11227,48,48
11227,11227,11228,48,48
11228,11228,11229,48,48
11229,11229,11230,48,48
11230,3829,3830,48,16
11230,11230,11231,48,48
11231,5272,5273,48,26
11231,11231,11232,48,48
11232,5304,5305,48,26
11232,11232,11233,48,48
11233,3772,3773,48,16
11233,11233,11234,48,48
11234,11234,11235,48,48
11235,11235,11236,48,48
11236,11236,11237,48,48
11237,3838,3839,48,16
11237,11237,11238,48,48
11238,5281,5282,48,26
11238,11238,11239,48,48
11239,5313,5314,48,26
11239,11239,11240,48,48
11240,3781,3782,48,16
11240,11240,11241,48,48
11241,11241,11242,48,48
11242,11242,11243,48,48
11243,11243,11244,48,48
11244,3847,3848,48,16
11244,11244,11245,48,48
11245,5290,5291,48,26
11245,11245,11246,48,48
11246,5322,5323,48,26
11246,11246,11247,48,48
11247,3790,3791,48,16
11247,11247,11248,48,48
11248,11248,11249,48,48
11249,11249,11250,48,48
11250,11250,11251,48,48
11251,3856,3857,48,16
11251,11251,11252,48,48
11252,5299,5300,48,26
11252,11252,11253,48,48
11253,5331,5332,48,26
11253,11253,11254,48,48
11254,3799,3800,48,16
11254,11254,11255,48,48
11255,11255,11256,48,48
11256,11256,11257,48,48
11257,11257,11258,48,48
11258,3865,3866,48,16
11258,11258,11259,48,48
11259,5308,5309,48,26
11259,11259,11260,48,48
11260,5340,5341,48,26
11260,11260,11261,48,48
11261,3808,3809,48,16
11261,11261,11262,48,48
11262,11262,11263,48,48
11263,11263,11264,48,48
11264,11264,11265,48,48
11265,3874,3875,48,16
11265,11265,11266,48,48
11266,5317,5318,48,26
11266,11266,11267,48,48
11267,5349,5350,48,26
11267,11267,11268,48,48
11268,3817,3818,48,16
11268,11268,11269,48,48
11269,11269,11270,48,48
11270,11270,11152,48,48
11271,11271,11272,49,49
11272,4342,4343,49,19
11272,11272,11273,49,49
11273,2249,2250,49,13
11273,10221,10222,49,43
11273,11273,11274,49,49
11274,11274,11275,49,49
11275,3979,3980,49,17
11275,11275,11276,49,49
11276,11276,11277,49,49
11277,11277,11278,49,49
11278,11278,11279,49,49
11279,4351,4199,49,19
11279,11279,11280,49,49
11280,2258,2259,49,13
11280,10536,10537,49,43
11280,11280,11281,49,49
11281,11281,11282,49,49
11282,3988,3989,49,17
11282,11282,11283,49,49
11283,11283,11284,49,49
11284,11284,11285,49,49
11285,11285,11286,49,49
11286,4207,4208,49,19
11286,11286,11287,49,49
11287,2267,2268,49,13
11287,10086,10087,49,43
11287,11287,11288,49,49
11288,11288,11289,49,49
11289,3997,3998,49,17
11289,11289,11290,49,49
11290,11290,11291,49,49
11291,11291,11292,49,49
11292,11292,11293,49,49
11293,4216,4217,49,19
11293,11293,11294,49,49
11294,2276,2277,49,13
11294,10401,10402,49,43
11294,11294,11295,49,49
11295,11295,11296,49,49
11296,4006,4007,49,17
11296,11296,11297,49,49
11297,11297,11298,49,49
11298,11298,11299,49,49
11299,11299,11300,49,49
11300,4225,4226,49,19
11300,11300,11301,49,49
11301,2132,2133,49,13
11301,9951,9952,49,43
11301,11301,11302,49,49
11302,11302,11303,49,49
11303,4015,4016,49,17
11303,11303,11304,49,49
11304,11304,11305,49,49
11305,11305,11306,49,49
11306,11306,11307,49,49
11307,4234,4235,49,19
11307,11307,11308,49,49
11308,2141,2142,49,13
11308,10266,10267,49,43
11308,11308,11309,49,49
11309,11309,11310,49,49
11310,4024,4025,49,17
11310,11310,11311,49,49
11311,11311,11312,49,49
11312,11312,11313,49,49
11313,11313,11314,49,49
11314,4243,4244,49,19
11314,11314,11315,49,49
11315,2150,2151,49,13
11315,10581,10582,49,43
11315,11315,11316,49,49
11316,11316,11317,49,49
11317,4033,4034,49,17
11317,11317,11318,49,49
11318,11318,11319,49,49
11319,11319,11320,49,49
11320,11320,11321,49,49
11321,4252,4253,49,19
11321,11321,11322,49,49
11322,2159,2160,49,13
11322,10131,10132,49,43
11322,11322,11323,49,49
11323,11323,11324,49,49
11324,4042,4043,49,17
11324,11324,11325,49,49
11325,11325,11326,49,49
11326,11326,11327,49,49
11327,11327,11328,49,49
11328,4261,4262,49,19
11328,11328,11329,49,49
11329,2168,2169,49,13
11329,10446,10447,49,43
11329,11329,11330,49,49
11330,11330,11331,49,49
11331,3898,3899,49,17
11331,11331,11332,49,49
11332,11332,11333,49,49
11333,11333,11334,49,49
11334,11334,11335,49,49
11335,4270,4271,49,19
11335,11335,11336,49,49
11336,2177,2178,49,13
11336,9996,9997,49,43
11336,11336,11337,49,49
11337,11337,11338,49,49
11338,3907,3908,49,17
11338,11338,11339,49,49
11339,11339,11340,49,49
11340,11340,11341,49,49
11341,11341,11342,49,49
11342,4279,4280,49,19
11342,11342,11343,49,49
11343,2186,2187,49,13
11343,10311,10312,49,43
11343,11343,11344,49,49
11344,11344,11345,49,49
11345,3916,3917,49,17
11345,11345,11346,49,49
11346,11346,11347,49,49
11347,11347,11348,49,49
11348,11348,11349,49,49
11349,4288,4289,49,19
11349,11349,11350,49,49
11350,2195,2196,49,13
11350,10626,10627,49,43
11350,11350,11351,49,49
11351,11351,11352,49,49
11352,3925,3926,49,17
11352,11352,11353,49,49
11353,11353,11354,49,49
11354,11354,11355,49,49
11355,11355,11356,49,49
11356,4297,4298,49,19
11356,11356,11357,49,49
11357,2204,2205,49,13
11357,10176,10177,49,43
11357,11357,11358,49,49
11358,11358,11359,49,49
11359,3934,3935,49,17
11359,11359,11360,49,49
11360,11360,11361,49,49
11361,11361,11362,49,49
11362,11362,11363,49,49
11363,4306,4307,49,19
11363,11363,11364,49,49
11364,2213,2214,49,13
11364,10491,10492,49,43
11364,11364,11365,49,49
11365,11365,11366,49,49
11366,3943,3944,49,17
11366,11366,11367,49,49
11367,11367,11368,49,49
11368,11368,11369,49,49
11369,11369,11370,49,49
11370,4315,4316,49,19
11370,11370,11371,49,49
11371,2222,2223,49,13
11371,10041,10042,49,43
11371,11371,11372,49,49
11372,11372,11373,49,49
11373,3952,3953,49,17
11373,11373,11374,49,49
11374,11374,11375,49,49
11375,11375,11376,49,49
11376,11376,11377,49,49
11377,4324,4325,49,19
11377,11377,11378,49,49
11378,2231,2232,49,13
11378,10356,10357,49,43
11378,11378,11379,49,49
11379,11379,11380,49,49
11380,3961,3962,49,17
11380,11380,11381,49,49
11381,11381,11382,49,49
11382,11382,11383,49,49
11383,11383,11384,49,49
11384,4333,4334,49,19
11384,11384,11385,49,49
11385,2240,2241,49,13
11385,10671,10672,49,43
11385,11385,11386,49,49
11386,11386,11387,49,49
11387,3970,3971,49,17
11387,11387,11388,49,49
11388,11388,11389,49,49
11389,11389,11271,49,49
11390,11390,11391,50,50
11391,11391,11392,50,50
11392,11392,11393,50,50
11393,11393,11394,50,50
11394,11394,11395,50,50
11395,11395,11396,50,50
11396,11396,11397,50,50
11397,11397,11398,50,50
11398,11398,11399,50,50
11399,11399,11400,50,50
11400,11400,11401,50,50
11401,11401,11402,50,50
11402,11402,11403,50,50
11403,11403,11404,50,50
11404,11404,11405,50,50
11405,11405,11406,50,50
11406,11406,11407,50,50
11407,11407,11408,50,50
11408,11408,11409,50,50
11409,11409,11410,50,50
11410,11410,11411,50,50
11411,11411,11412,50,50
11412,11412,11413,50,50
11413,11413,11414,50,50
11414,11414,11415,50,50
11415,11415,11416,50,50
11416,11416,11417,50,50
11417,11417,11418,50,50
11418,11418,11419,50,50
11419,11419,11420,50,50
11420,11420,11421,50,50
11421,11421,11422,50,50
11422,11422,11423,50,50
11423,11423,11424,50,50
11424,11424,11425,50,50
11425,11425,11426,50,50
11426,11426,11427,50,50
11427,11427,11428,50,50
11428,11428,11429,50,50
11429,11429,11430,50,50
11430,11430,11431,50,50
11431,11431,11432,50,50
11432,11432,11433,50,50
11433,11433,11434,50,50
11434,11434,11435,50,50
11435,11435,11436,50,50
11436,11436,11437,50,50
11437,11437,11438,50,50
11438,11438,11439,50,50
11439,11439,11440,50,50
11440,11440,11441,50,50
11441,11441,11442,50,50
11442,11442,11443,50,50
11443,11443,11444,50,50
11444,11444,11445,50,50
11445,11445,11446,50,50
11446,11446,11447,50,50
11447,11447,11448,50,50
11448,11448,11449,50,50
11449,11449,11450,50,50
11450,11450,11451,50,50
11451,11451,11452,50,50
11452,11452,11453,50,50
11453,11453,11454,50,50
11454,11454,11455,50,50
11455,11455,11456,50,50
11456,11456,11457,50,50
11457,11457,11458,50,50
11458,11458,11459,50,50
11459,11459,11460,50,50
11460,11460,11461,50,50
11461,11461,11462,50,50
11462,11462,11463,50,50
11463,11463,11464,50,50
11464,11464,11465,50,50
11465,11465,11466,50,50
11466,11466,11467,50,50
11467,11467,11468,50,50
11468,11468,11469,50,50
11469,11469,11470,50,50
11470,11470,11471,50,50
11471,11471,11472,50,50
11472,11472,11473,50,50
11473,11473,11474,50,50
11474,11474,11475,50,50
11475,11475,11476,50,50
11476,11476,11477,50,50
11477,11477,11478,50,50
11478,11478,11479,50,50
11479,11479,11480,50,50
11480,11480,11481,50,50
11481,11481,11482,50,50
11482,11482,11483,50,50
11483,11483,11484,50,50
11484,11484,11485,50,50
11485,11485,11486,50,50
11486,11486,11487,50,50
11487,11487,11488,50,50
11488,11488,11489,50,50
11489,11489,11490,50,50
11490,11490,11491,50,50
11491,11491,11492,50,50
11492,11492,11493,50,50
11493,11493,11494,50,50
11494,11494,11495,50,50
11495,11495,11496,50,50
11496,11496,11497,50,50
11497,11497,11498,50,50
11498,11498,11499,50,50
11499,11499,11500,50,50
11500,11500,11501,50,50
11501,11501,11502,50,50
11502,11502,11503,50,50
11503,11503,11504,50,50
11504,11504,11505,50,50
11505,11505,11506,50,50
11506,11506,11507,50,50
11507,11507,11508,50,50
11508,11508,11509,50,50
11509,11509,11510,50,50
11510,11510,11511,50,50
11511,11511,11512,50,50
11512,11512,11513,50,50
11513,11513,11514,50,50
11514,11514,11515,50,50
11515,11515,11516,50,50
11516,11516,11517,50,50
11517,11517,11518,50,50
11518,11518,11519,50,50
11519,11519,11520,50,50
11520,11520,11521,50,50
11521,11521,11522,50,50
11522,11522,11523,50,50
11523,11523,11524,50,50
11524,11524,11525,50,50
11525,11525,11526,50,50
11526,11526,11527,50,50
11527,11527,11528,50,50
11528,11528,11529,50,50
11529,11529,11530,50,50
11530,11530,11531,50,50
11531,11531,11532,50,50
11532,11532,11533,50,50
11533,11533,11534,50,50
11534,11534,11535,50,50
11535,11535,11536,50,50
11536,11536,11537,50,50
11537,11537,11538,50,50
11538,11538,11539,50,50
11539,11539,11540,50,50
11540,11540,11541,50,50
11541,11541,11542,50,50
11542,11542,11543,50,50
11543,11543,11544,50,50
11544,11544,11545,50,50
11545,11545,11546,50,50
11546,11546,11547,50,50
11547,11547,11548,50,50
11548,11548,11549,50,50
11549,11549,11550,50,50
11550,11550,11551,50,50
11551,11551,11552,50,50
11552,11552,11553,50,50
11553,11553,11554,50,50
11554,11554,11555,50,50
11555,11555,11556,50,50
11556,11556,11557,50,50
11557,11557,11558,50,50
11558,11558,11559,50,50
11559,11559,11560,50,50
11560,11560,11561,50,50
11561,11561,11562,50,50
11562,11562,11563,50,50
11563,11563,11564,50,50
11564,11564,11565,50,50
11565,11565,11566,50,50
11566,11566,11567,50,50
11567,11567,11568,50,50
11568,11568,11569,50,50
11569,11569,11570,50,50
11570,11570,11571,50,50
11571,11571,11572,50,50
11572,11572,11573,50,50
11573,11573,11574,50,50
11574,11574,11575,50,50
11575,11575,11576,50,50
11576,11576,11577,50,50
11577,11577,11578,50,50
11578,11578,11579,50,50
11579,11579,11580,50,50
11580,11580,11581,50,50
11581,11581,11582,50,50
11582,11582,11583,50,50
11583,11583,11584,50,50
11584,11584,11585,50,50
11585,11585,11586,50,50
11586,11586,11587,50,50
11587,11587,11588,50,50
11588,11588,11589,50,50
11589,11589,11590,50,50
11590,11590,11591,50,50
11591,11591,11592,50,50
11592,11592,11593,50,50
11593,11593,11594,50,50
11594,11594,11595,50,50
11595,11595,11596,50,50
11596,11596,11597,50,50
11597,11597,11598,50,50
11598,11598,11599,50,50
11599,11599,11600,50,50
11600,11600,11601,50,50
11601,11601,11602,50,50
11602,11602,11603,50,50
11603,11603,11604,50,50
11604,11604,11605,50,50
11605,11605,11606,50,50
11606,11606,11607,50,50
11607,11607,11608,50,50
11608,11608,11609,50,50
11609,11609,11610,50,50
11610,11610,11611,50,50
11611,11611,11612,50,50
11612,11612,11613,50,50
11613,11613,11614,50,50
11614,11614,11615,50,50
11615,11615,11616,50,50
11616,11616,11617,50,50
11617,11617,11618,50,50
11618,11618,11619,50,50
11619,11619,11620,50,50
11620,11620,11621,50,50
11621,11621,11622,50,50
11622,11622,11623,50,50
11623,11623,11624,50,50
11624,11624,11625,50,50
11625,11625,11626,50,50
11626,11626,11627,50,50
11627,11627,11628,50,50
11628,11628,11629,50,50
11629,11629,11630,50,50
11630,11630,11631,50,50
11631,11631,11632,50,50
11632,11632,11633,50,50
11633,11633,11634,50,50
11634,11634,11635,50,50
11635,11635,11636,50,50
11636,11636,11637,50,50
11637,11637,11638,50,50
11638,11638,11639,50,50
11639,11639,11640,50,50
11640,11640,11641,50,50
11641,11641,11642,50,50
11642,11642,11643,50,50
11643,11643,11644,50,50
11644,11644,11645,50,50
11645,11645,11646,50,50
11646,11646,11647,50,50
11647,11647,11648,50,50
11648,11648,11649,50,50
11649,11649,11650,50,50
11650,11650,11651,50,50
11651,11651,11652,50,50
11652,11652,11653,50,50
11653,11653,11654,50,50
11654,11654,11655,50,50
11655,11655,11656,50,50
11656,11656,11657,50,50
11657,11657,11658,50,50
11658,11658,11659,50,50
11659,11659,11660,50,50
11660,11660,11661,50,50
11661,11661,11662,50,50
11662,11662,11663,50,50
11663,11663,11664,50,50
11664,11664,11665,50,50
11665,11665,11666,50,50
11666,11666,11667,50,50
11667,11667,11668,50,50
11668,11668,11669,50,50
11669,11669,11670,50,50
11670,11670,11671,50,50
11671,11671,11672,50,50
11672,11672,11673,50,50
11673,11673,11674,50,50
11674,11674,11675,50,50
11675,11675,11676,50,50
11676,11676,11677,50,50
11677,11677,11678,50,50
11678,11678,11679,50,50
11679,11679,11680,50,50
11680,11680,11681,50,50
11681,11681,11682,50,50
11682,11682,11683,50,50
11683,11683,11684,50,50
11684,11684,11685,50,50
11685,11685,11686,50,50
11686,11686,11687,50,50
11687,11687,11688,50,50
11688,11688,11689,50,50
11689,11689,11690,50,50
11690,11690,11691,50,50
11691,11691,11692,50,50
11692,11692,11693,50,50
11693,11693,11694,50,50
11694,11694,11695,50,50
11695,11695,11696,50,50
11696,11696,11697,50,50
11697,11697,11698,50,50
11698,11698,11699,50,50
11699,11699,11700,50,50
11700,11700,11701,50,50
11701,11701,11702,50,50
11702,11702,11703,50,50
11703,11703,11704,50,50
11704,11704,11705,50,50
11705,11705,11706,50,50
11706,11706,11707,50,50
11707,11707,11708,50,50
11708,11708,11709,50,50
11709,11709,11710,50,50
11710,11710,11711,50,50
11711,11711,11712,50,50
11712,11712,11713,50,50
11713,11713,11714,50,50
11714,11714,11715,50,50
11715,11715,11716,50,50
11716,11716,11717,50,50
11717,11717,11718,50,50
11718,11718,11719,50,50
11719,11719,11720,50,50
11720,11720,11721,50,50
11721,11721,11722,50,50
11722,11722,11723,50,50
11723,11723,11724,50,50
11724,11724,11725,50,50
11725,11725,11726,50,50
11726,11726,11727,50,50
11727,11727,11728,50,50
11728,11728,11729,50,50
11729,11729,11730,50,50
11730,11730,11731,50,50
11731,11731,11732,50,50
11732,11732,11733,50,50
11733,11733,11734,50,50
11734,11734,11735,50,50
11735,11735,11736,50,50
11736,11736,11737,50,50
11737,11737,11738,50,50
11738,11738,11739,50,50
11739,11739,11740,50,50
11740,11740,11741,50,50
11741,11741,11742,50,50
11742,11742,11743,50,50
11743,11743,11744,50,50
11744,11744,11745,50,50
11745,11745,11746,50,50
11746,11746,11747,50,50
11747,11747,11748,50,50
11748,11748,11749,50,50
11749,11749,11750,50,50
11750,11750,11751,50,50
11751,11751,11752,50,50
11752,11752,11753,50,50
11753,11753,11754,50,50
11754,11754,11755,50,50
11755,11755,11756,50,50
11756,11756,11757,50,50
11757,11757,11758,50,50
11758,11758,11759,50,50
11759,11759,11760,50,50
11760,11760,11761,50,50
11761,11761,11762,50,50
11762,11762,11763,50,50
11763,11763,11764,50,50
11764,11764,11765,50,50
11765,11765,11766,50,50
11766,11766,11767,50,50
11767,11767,11768,50,50
11768,11768,11769,50,50
11769,11769,11770,50,50
11770,11770,11771,50,50
11771,11771,11772,50,50
11772,11772,11773,50,50
11773,11773,11774,50,50
11774,11774,11775,50,50
11775,11775,11776,50,50
11776,11776,11777,50,50
11777,11777,11778,50,50
11778,11778,11779,50,50
11779,11779,11780,50,50
11780,11780,11781,50,50
11781,11781,11782,50,50
11782,11782,11783,50,50
11783,11783,11784,50,50
11784,11784,11785,50,50
11785,11785,11786,50,50
11786,11786,11787,50,50
11787,11787,11788,50,50
11788,11788,11789,50,50
11789,11789,11790,50,50
11790,11790,11791,50,50
11791,11791,11792,50,50
11792,11792,11793,50,50
11793,11793,11794,50,50
11794,11794,11795,50,50
11795,11795,11796,50,50
11796,11796,11797,50,50
11797,11797,11798,50,50
11798,11798,11799,50,50
11799,11799,11800,50,50
11800,11800,11801,50,50
11801,11801,11802,50,50
11802,11802,11803,50,50
11803,11803,11804,50,50
11804,11804,11805,50,50
11805,11805,11806,50,50
11806,11806,11807,50,50
11807,11807,11808,50,50
11808,11808,11809,50,50
11809,11809,11810,50,50
11810,11810,11811,50,50
11811,11811,11812,50,50
11812,11812,11813,50,50
11813,11813,11814,50,50
11814,11814,11815,50,50
11815,11815,11816,50,50
11816,11816,11817,50,50
11817,11817,11818,50,50
11818,11818,11819,50,50
11819,11819,11820,50,50
11820,11820,11821,50,50
11821,11821,11822,50,50
11822,11822,11823,50,50
11823,11823,11824,50,50
11824,11824,11825,50,50
11825,11825,11826,50,50
11826,11826,11827,50,50
11827,11827,11828,50,50
11828,11828,11829,50,50
11829,11829,11830,50,50
11830,11830,11831,50,50
11831,11831,11832,50,50
11832,11832,11833,50,50
11833,11833,11834,50,50
11834,11834,11835,50,50
11835,11835,11836,50,50
11836,11836,11837,50,50
11837,11837,11838,50,50
11838,11838,11839,50,50
11839,11839,11840,50,50
11840,11840,11841,50,50
11841,11841,11842,50,50
11842,11842,11843,50,50
11843,11843,11844,50,50
11844,11844,11845,50,50
11845,11845,11846,50,50
11846,11846,11847,50,50
11847,11847,11848,50,50
11848,11848,11849,50,50
11849,11849,11850,50,50
11850,11850,11851,50,50
11851,11851,11852,50,50
11852,11852,11853,50,50
11853,11853,11854,50,50
11854,11854,11855,50,50
11855,11855,11856,50,50
11856,11856,11857,50,50
11857,11857,11858,50,50
11858,11858,11859,50,50
11859,11859,11860,50,50
11860,11860,11861,50,50
11861,11861,11862,50,50
11862,11862,11863,50,50
11863,11863,11864,50,50
11864,11864,11865,50,50
11865,11865,11866,50,50
11866,11866,11867,50,50
11867,11867,11868,50,50
11868,11868,11869,50,50
11869,11869,11870,50,50
11870,11870,11871,50,50
11871,11871,11872,50,50
11872,11872,11873,50,50
11873,11873,11874,50,50
11874,11874,11875,50,50
11875,11875,11876,50,50
11876,11876,11877,50,50
11877,11877,11878,50,50
11878,11878,11879,50,50
11879,11879,11880,50,50
11880,11880,11881,50,50
11881,11881,11882,50,50
11882,11882,11883,50,50
11883,11883,11884,50,50
11884,11884,11885,50,50
11885,11885,11886,50,50
11886,11886,11887,50,50
11887,11887,11888,50,50
11888,11888,11889,50,50
11889,11889,11890,50,50
11890,11890,11891,50,50
11891,11891,11892,50,50
11892,11892,11893,50,50
11893,11893,11894,50,50
11894,11894,11895,50,50
11895,11895,11896,50,50
11896,11896,11897,50,50
11897,11897,11898,50,50
11898,11898,11899,50,50
11899,11899,11900,50,50
11900,11900,11901,50,50
11901,11901,11902,50,50
11902,11902,11903,50,50
11903,11903,11904,50,50
11904,11904,11905,50,50
11905,11905,11906,50,50
11906,11906,11907,50,50
11907,11907,11908,50,50
11908,11908,11909,50,50
11909,11909,11910,50,50
11910,11910,11911,50,50
11911,11911,11912,50,50
11912,11912,11913,50,50
11913,11913,11914,50,50
11914,11914,11915,50,50
11915,11915,11916,50,50
11916,11916,11917,50,50
11917,11917,11918,50,50
11918,11918,11919,50,50
11919,11919,11920,50,50
11920,11920,11921,50,50
11921,11921,11922,50,50
11922,11922,11923,50,50
11923,11923,11924,50,50
11924,11924,11925,50,50
11925,11925,11926,50,50
11926,11926,11927,50,50
11927,11927,11928,50,50
11928,11928,11929,50,50
11929,11929,11930,50,50
11930,11930,11931,50,50
11931,11931,11932,50,50
11932,11932,11933,50,50
11933,11933,11934,50,50
11934,11934,11935,50,50
11935,11935,11936,50,50
11936,11936,11937,50,50
11937,11937,11938,50,50
11938,11938,11939,50,50
11939,11939,11940,50,50
11940,11940,11941,50,50
11941,11941,11942,50,50
11942,11942,11943,50,50
11943,11943,11944,50,50
11944,11944,11945,50,50
11945,11945,11946,50,50
11946,11946,11947,50,50
11947,11947,11948,50,50
11948,11948,11949,50,50
11949,11949,11950,50,50
11950,11950,11390,50,50
11951,11951,11952,51,51
11952,1574,1575,51,9
11952,9301,9302,51,42
11952,11952,11953,51,51
11953,11953,11954,51,51
11954,4284,4285,51,19
11954,11954,11955,51,51
11955,11955,11956,51,51
11956,11956,11957,51,51
11957,11957,11958,51,51
11958,11958,11959,51,51
11959,1583,1584,51,9
11959,9616,9617,51,42
11959,11959,11960,51,51
11960,11960,11961,51,51
11961,4293,4294,51,19
11961,11961,11962,51,51
11962,11962,11963,51,51
11963,11963,11964,51,51
11964,11964,11965,51,51
11965,11965,11966,51,51
11966,1592,1593,51,9
11966,9166,9167,51,42
11966,11966,11967,51,51
11967,11967,11968,51,51
11968,4302,4303,51,19
11968,11968,11969,51,51
11969,11969,11970,51,51
11970,11970,11971,51,51
11971,11971,11972,51,51
11972,11972,11973,51,51
11973,1601,1602,51,9
11973,9481,9482,51,42
11973,11973,11974,51,51
11974,11974,11975,51,51
11975,4311,4312,51,19
11975,11975,11976,51,51
11976,11976,11977,51,51
11977,11977,11978,51,51
11978,11978,11979,51,51
11979,11979,11980,51,51
11980,1610,1611,51,9
11980,9796,9797,51,42
11980,11980,11981,51,51
11981,11981,11982,51,51
11982,4320,4321,51,19
11982,11982,11983,51,51
11983,11983,11984,51,51
11984,11984,11985,51,51
11985,11985,11986,51,51
11986,11986,11987,51,51
11987,1619,1620,51,9
11987,9346,9347,51,42
11987,11987,11988,51,51
11988,11988,11989,51,51
11989,4329,4330,51,19
11989,11989,11990,51,51
11990,11990,11991,51,51
11991,11991,11992,51,51
11992,11992,11993,51,51
11993,11993,11994,51,51
11994,1628,1629,51,9
11994,9661,9662,51,42
11994,11994,11995,51,51
11995,11995,11996,51,51
11996,4338,4339,51,19
11996,11996,11997,51,51
11997,11997,11998,51,51
11998,11998,11999,51,51
11999,11999,12000,51,51
12000,12000,12001,51,51
12001,1637,1638,51,9
12001,9211,9212,51,42
12001,12001,12002,51,51
12002,12002,12003,51,51
12003,4347,4348,51,19
12003,12003,12004,51,51
12004,12004,12005,51,51
12005,12005,12006,51,51
12006,12006,12007,51,51
12007,12007,12008,51,51
12008,1646,1647,51,9
12008,9526,9527,51,42
12008,12008,12009,51,51
12009,12009,12010,51,51
12010,4203,4204,51,19
12010,12010,12011,51,51
12011,12011,12012,51,51
12012,12012,12013,51,51
12013,12013,12014,51,51
12014,12014,12015,51,51
12015,1655,1656,51,9
12015,9841,9842,51,42
12015,12015,12016,51,51
12016,12016,12017,51,51
12017,4212,4213,51,19
12017,12017,12018,51,51
12018,12018,12019,51,51
12019,12019,12020,51,51
12020,12020,12021,51,51
12021,12021,12022,51,51
12022,1664,1665,51,9
12022,9391,9392,51,42
12022,12022,12023,51,51
12023,12023,12024,51,51
12024,4221,4222,51,19
12024,12024,12025,51,51
12025,12025,12026,51,51
12026,12026,12027,51,51
12027,12027,12028,51,51
12028,12028,12029,51,51
12029,1520,1521,51,9
12029,9706,9707,51,42
12029,12029,12030,51,51
12030,12030,12031,51,51
12031,4230,4231,51,19
12031,12031,12032,51,51
12032,12032,12033,51,51
12033,12033,12034,51,51
12034,12034,12035,51,51
12035,12035,12036,51,51
12036,1529,1530,51,9
12036,9256,9257,51,42
12036,12036,12037,51,51
12037,12037,12038,51,51
12038,4239,4240,51,19
12038,12038,12039,51,51
12039,12039,12040,51,51
12040,12040,12041,51,51
12041,12041,12042,51,51
12042,12042,12043,51,51
12043,1538,1539,51,9
12043,9571,9572,51,42
12043,12043,12044,51,51
12044,12044,12045,51,51
12045,4248,4249,51,19
12045,12045,12046,51,51
12046,12046,12047,51,51
12047,12047,12048,51,51
12048,12048,12049,51,51
12049,12049,12050,51,51
12050,1547,1548,51,9
12050,9886,9887,51,42
12050,12050,12051,51,51
12051,12051,12052,51,51
12052,4257,4258,51,19
12052,12052,12053,51,51
12053,12053,12054,51,51
12054,12054,12055,51,51
12055,12055,12056,51,51
12056,12056,12057,51,51
12057,1556,1557,51,9
12057,9436,9437,51,42
12057,12057,12058,51,51
12058,12058,12059,51,51
12059,4266,4267,51,19
12059,12059,12060,51,51
12060,12060,12061,51,51
12061,12061,12062,51,51
12062,12062,12063,51,51
12063,12063,12064,51,51
12064,1565,1566,51,9
12064,9751,9752,51,42
12064,12064,12065,51,51
12065,12065,12066,51,51
12066,4275,4276,51,19
12066,12066,12067,51,51
12067,12067,12068,51,51
12068,12068,12069,51,51
12069,12069,11951,51,51
12070,12070,12071,52,52
12071,1727,1728,52,10
12071,12071,12072,52,52
12072,12072,12073,52,52
12073,5358,5359,52,27
12073,12073,12074,52,52
12074,4285,4286,52,19
12074,12074,12075,52,52
12075,12075,12076,52,52
12076,12076,12077,52,52
12077,12077,12078,52,52
12078,1736,1737,52,10
12078,12078,12079,52,52
12079,12079,12080,52,52
12080,5367,5368,52,27
12080,12080,12081,52,52
12081,4294,4295,52,19
12081,12081,12082,52,52
12082,12082,12083,52,52
12083,12083,12084,52,52
12084,12084,12085,52,52
12085,1745,1746,52,10
12085,12085,12086,52,52
12086,12086,12087,52,52
12087,5376,5377,52,27
12087,12087,12088,52,52
12088,4303,4304,52,19
12088,12088,12089,52,52
12089,12089,12090,52,52
12090,12090,12091,52,52
12091,12091,12092,52,52
12092,1754,1755,52,10
12092,12092,12093,52,52
12093,12093,12094,52,52
12094,5385,5386,52,27
12094,12094,12095,52,52
12095,4312,4313,52,19
12095,12095,12096,52,52
12096,12096,12097,52,52
12097,12097,12098,52,52
12098,12098,12099,52,52
12099,1763,1764,52,10
12099,12099,12100,52,52
12100,12100,12101,52,52
12101,5394,5395,52,27
12101,12101,12102,52,52
12102,4321,4322,52,19
12102,12102,12103,52,52
12103,12103,12104,52,52
12104,12104,12105,52,52
12105,12105,12106,52,52
12106,1772,1773,52,10
12106,12106,12107,52,52
12107,12107,12108,52,52
12108,5403,5404,52,27
12108,12108,12109,52,52
12109,4330,4331,52,19
12109,12109,12110,52,52
12110,12110,12111,52,52
12111,12111,12112,52,52
12112,12112,12113,52,52
12113,1781,1782,52,10
12113,12113,12114,52,52
12114,12114,12115,52,52
12115,5412,5413,52,27
12115,12115,12116,52,52
12116,4339,4340,52,19
12116,12116,12117,52,52
12117,12117,12118,52,52
12118,12118,12119,52,52
12119,12119,12120,52,52
12120,1790,1791,52,10
12120,12120,12121,52,52
12121,12121,12122,52,52
12122,5421,5422,52,27
12122,12122,12123,52,52
12123,4348,4349,52,19
12123,12123,12124,52,52
12124,12124,12125,52,52
12125,12125,12126,52,52
12126,12126,12127,52,52
12127,1799,1800,52,10
12127,12127,12128,52,52
12128,12128,12129,52,52
12129,5430,5431,52,27
12129,12129,12130,52,52
12130,4204,4205,52,19
12130,12130,12131,52,52
12131,12131,12132,52,52
12132,12132,12133,52,52
12133,12133,12134,52,52
12134,1808,1809,52,10
12134,12134,12135,52,52
12135,12135,12136,52,52
12136,5439,5440,52,27
12136,12136,12137,52,52
12137,4213,4214,52,19
12137,12137,12138,52,52
12138,12138,12139,52,52
12139,12139,12140,52,52
12140,12140,12141,52,52
12141,1817,1818,52,10
12141,12141,12142,52,52
12142,12142,12143,52,52
12143,5448,5449,52,27
12143,12143,12144,52,52
12144,4222,4223,52,19
12144,12144,12145,52,52
12145,12145,12146,52,52
12146,12146,12147,52,52
12147,12147,12148,52,52
12148,1673,1674,52,10
12148,12148,12149,52,52
12149,12149,12150,52,52
12150,5457,5458,52,27
12150,12150,12151,52,52
12151,4231,4232,52,19
12151,12151,12152,52,52
12152,12152,12153,52,52
12153,12153,12154,52,52
12154,12154,12155,52,52
12155,1682,1683,52,10
12155,12155,12156,52,52
12156,12156,12157,52,52
12157,5466,5467,52,27
12157,12157,12158,52,52
12158,4240,4241,52,19
12158,12158,12159,52,52
12159,12159,12160,52,52
12160,12160,12161,52,52
12161,12161,12162,52,52
12162,1691,1692,52,10
12162,12162,12163,52,52
12163,12163,12164,52,52
12164,5475,5476,52,27
12164,12164,12165,52,52
12165,4249,4250,52,19
12165,12165,12166,52,52
12166,12166,12167,52,52
12167,12167,12168,52,52
12168,12168,12169,52,52
12169,1700,1701,52,10
12169,12169,12170,52,52
12170,12170,12171,52,52
12171,5484,5485,52,27
12171,12171,12172,52,52
12172,4258,4259,52,19
12172,12172,12173,52,52
12173,12173,12174,52,52
12174,12174,12175,52,52
12175,12175,12176,52,52
12176,1709,1710,52,10
12176,12176,12177,52,52
12177,12177,12178,52,52
12178,5493,5494,52,27
12178,12178,12179,52,52
12179,4267,4268,52,19
12179,12179,12180,52,52
12180,12180,12181,52,52
12181,12181,12182,52,52
12182,12182,12183,52,52
12183,1718,1719,52,10
12183,12183,12184,52,52
12184,12184,12185,52,52
12185,5502,5503,52,27
12185,12185,12186,52,52
12186,4276,4277,52,19
12186,12186,12187,52,52
12187,12187,12188,52,52
12188,12188,12070,52,52
12189,12189,12190,53,53
12190,3648,3649,53,15
12190,12190,12191,53,53
12191,12191,12192,53,53
12192,2250,2251,53,13
12192,12192,12193,53,53
12193,4438,4439,53,20
12193,12193,12194,53,53
12194,12194,12195,53,53
12195,12195,12196,53,53
12196,12196,12197,53,53
12197,3657,3658,53,15
12197,12197,12198,53,53
12198,12198,12199,53,53
12199,2259,2260,53,13
12199,12199,12200,53,53
12200,4447,4448,53,20
12200,12200,12201,53,53
12201,12201,12202,53,53
12202,12202,12203,53,53
12203,12203,12204,53,53
12204,3666,3667,53,15
12204,12204,12205,53,53
12205,12205,12206,53,53
12206,2268,2269,53,13
12206,12206,12207,53,53
12207,4456,4457,53,20
12207,12207,12208,53,53
12208,12208,12209,53,53
12209,12209,12210,53,53
12210,12210,12211,53,53
12211,3675,3676,53,15
12211,12211,12212,53,53
12212,12212,12213,53,53
12213,2277,2125,53,13
12213,12213,12214,53,53
12214,4465,4466,53,20
12214,12214,12215,53,53
12215,12215,12216,53,53
12216,12216,12217,53,53
12217,12217,12218,53,53
12218,3684,3685,53,15
12218,12218,12219,53,53
12219,12219,12220,53,53
12220,2133,2134,53,13
12220,12220,12221,53,53
12221,4474,4475,53,20
12221,12221,12222,53,53
12222,12222,12223,53,53
12223,12223,12224,53,53
12224,12224,12225,53,53
12225,3693,3694,53,15
12225,12225,12226,53,53
12226,12226,12227,53,53
12227,2142,2143,53,13
12227,12227,12228,53,53
12228,4483,4484,53,20
12228,12228,12229,53,53
12229,12229,12230,53,53
12230,12230,12231,53,53
12231,12231,12232,53,53
12232,3702,3703,53,15
12232,12232,12233,53,53
12233,12233,12234,53,53
12234,2151,2152,53,13
12234,12234,12235,53,53
12235,4492,4493,53,20
12235,12235,12236,53,53
12236,12236,12237,53,53
12237,12237,12238,53,53
12238,12238,12239,53,53
12239,3711,3712,53,15
12239,12239,12240,53,53
12240,12240,12241,53,53
12241,2160,2161,53,13
12241,12241,12242,53,53
12242,4501,4502,53,20
12242,12242,12243,53,53
12243,12243,12244,53,53
12244,12244,12245,53,53
12245,12245,12246,53,53
12246,3720,3721,53,15
12246,12246,12247,53,53
12247,12247,12248,53,53
12248,2169,2170,53,13
12248,12248,12249,53,53
12249,4357,4358,53,20
12249,12249,12250,53,53
12250,12250,12251,53,53
12251,12251,12252,53,53
12252,12252,12253,53,53
12253,3729,3730,53,15
12253,12253,12254,53,53
12254,12254,12255,53,53
12255,2178,2179,53,13
12255,12255,12256,53,53
12256,4366,4367,53,20
12256,12256,12257,53,53
12257,12257,12258,53,53
12258,12258,12259,53,53
12259,12259,12260,53,53
12260,3738,3739,53,15
12260,12260,12261,53,53
12261,12261,12262,53,53
12262,2187,2188,53,13
12262,12262,12263,53,53
12263,4375,4376,53,20
12263,12263,12264,53,53
12264,12264,12265,53,53
12265,12265,12266,53,53
12266,12266,12267,53,53
12267,3594,3595,53,15
12267,12267,12268,53,53
12268,12268,12269,53,53
12269,2196,2197,53,13
12269,12269,12270,53,53
12270,4384,4385,53,20
12270,12270,12271,53,53
12271,12271,12272,53,53
12272,12272,12273,53,53
12273,12273,12274,53,53
12274,3603,3604,53,15
12274,12274,12275,53,53
12275,12275,12276,53,53
12276,2205,2206,53,13
12276,12276,12277,53,53
12277,4393,4394,53,20
12277,12277,12278,53,53
12278,12278,12279,53,53
12279,12279,12280,53,53
12280,12280,12281,53,53
12281,3612,3613,53,15
12281,12281,12282,53,53
12282,12282,12283,53,53
12283,2214,2215,53,13
12283,12283,12284,53,53
12284,4402,4403,53,20
12284,12284,12285,53,53
12285,12285,12286,53,53
12286,12286,12287,53,53
12287,12287,12288,53,53
12288,3621,3622,53,15
12288,12288,12289,53,53
12289,12289,12290,53,53
12290,2223,2224,53,13
12290,12290,12291,53,53
12291,4411,4412,53,20
12291,12291,12292,53,53
12292,12292,12293,53,53
12293,12293,12294,53,53
12294,12294,12295,53,53
12295,3630,3631,53,15
12295,12295,12296,53,53
12296,12296,12297,53,53
12297,2232,2233,53,13
12297,12297,12298,53,53
12298,4420,4421,53,20
12298,12298,12299,53,53
12299,12299,12300,53,53
12300,12300,12301,53,53
12301,12301,12302,53,53
12302,3639,3640,53,15
12302,12302,12303,53,53
12303,12303,12304,53,53
12304,2241,2242,53,13
12304,12304,12305,53,53
12305,4429,4430,53,20
12305,12305,12306,53,53
12306,12306,12307,53,53
12307,12307,12189,53,53
12308,12308,12309,54,54
12309,1645,1646,54,9
12309,12309,12310,54,54
12310,9491,9492,54,42
12310,12310,12311,54,54
12311,12311,12312,54,54
12312,4744,4745,54,22
12312,12312,12313,54,54
12313,12313,12314,54,54
12314,12314,12315,54,54
12315,12315,12316,54,54
12316,1654,1655,54,9
12316,12316,12317,54,54
12317,9806,9807,54,42
12317,12317,12318,54,54
12318,12318,12319,54,54
12319,4753,4754,54,22
12319,12319,12320,54,54
12320,12320,12321,54,54
12321,12321,12322,54,54
12322,12322,12323,54,54
12323,1663,1664,54,9
12323,12323,12324,54,54
12324,9356,9357,54,42
12324,12324,12325,54,54
12325,12325,12326,54,54
12326,4762,4763,54,22
12326,12326,12327,54,54
12327,12327,12328,54,54
12328,12328,12329,54,54
12329,12329,12330,54,54
12330,1519,1520,54,9
12330,12330,12331,54,54
12331,9671,9672,54,42
12331,12331,12332,54,54
12332,12332,12333,54,54
12333,4771,4772,54,22
12333,12333,12334,54,54
12334,12334,12335,54,54
12335,12335,12336,54,54
12336,12336,12337,54,54
12337,1528,1529,54,9
12337,12337,12338,54,54
12338,9221,9222,54,42
12338,12338,12339,54,54
12339,12339,12340,54,54
12340,4780,4781,54,22
12340,12340,12341,54,54
12341,12341,12342,54,54
12342,12342,12343,54,54
12343,12343,12344,54,54
12344,1537,1538,54,9
12344,12344,12345,54,54
12345,9536,9537,54,42
12345,12345,12346,54,54
12346,12346,12347,54,54
12347,4789,4790,54,22
12347,12347,12348,54,54
12348,12348,12349,54,54
12349,12349,12350,54,54
12350,12350,12351,54,54
12351,1546,1547,54,9
12351,12351,12352,54,54
12352,9851,9852,54,42
12352,12352,12353,54,54
12353,12353,12354,54,54
12354,4798,4799,54,22
12354,12354,12355,54,54
12355,12355,12356,54,54
12356,12356,12357,54,54
12357,12357,12358,54,54
12358,1555,1556,54,9
12358,12358,12359,54,54
12359,9401,9402,54,42
12359,12359,12360,54,54
12360,12360,12361,54,54
12361,4807,4808,54,22
12361,12361,12362,54,54
12362,12362,12363,54,54
12363,12363,12364,54,54
12364,12364,12365,54,54
12365,1564,1565,54,9
12365,12365,12366,54,54
12366,9716,9717,54,42
12366,12366,12367,54,54
12367,12367,12368,54,54
12368,4663,4664,54,22
12368,12368,12369,54,54
12369,12369,12370,54,54
12370,12370,12371,54,54
12371,12371,12372,54,54
12372,1573,1574,54,9
12372,12372,12373,54,54
12373,9266,9267,54,42
12373,12373,12374,54,54
12374,12374,12375,54,54
12375,4672,4673,54,22
12375,12375,12376,54,54
12376,12376,12377,54,54
12377,12377,12378,54,54
12378,12378,12379,54,54
12379,1582,1583,54,9
12379,12379,12380,54,54
12380,9581,9582,54,42
12380,12380,12381,54,54
12381,12381,12382,54,54
12382,4681,4682,54,22
12382,12382,12383,54,54
12383,12383,12384,54,54
12384,12384,12385,54,54
12385,12385,12386,54,54
12386,1591,1592,54,9
12386,12386,12387,54,54
12387,9896,9897,54,42
12387,12387,12388,54,54
12388,12388,12389,54,54
12389,4690,4691,54,22
12389,12389,12390,54,54
12390,12390,12391,54,54
12391,12391,12392,54,54
12392,12392,12393,54,54
12393,1600,1601,54,9
12393,12393,12394,54,54
12394,9446,9447,54,42
12394,12394,12395,54,54
12395,12395,12396,54,54
12396,4699,4700,54,22
12396,12396,12397,54,54
12397,12397,12398,54,54
12398,12398,12399,54,54
12399,12399,12400,54,54
12400,1609,1610,54,9
12400,12400,12401,54,54
12401,9761,9762,54,42
12401,12401,12402,54,54
12402,12402,12403,54,54
12403,4708,4709,54,22
12403,12403,12404,54,54
12404,12404,12405,54,54
12405,12405,12406,54,54
12406,12406,12407,54,54
12407,1618,1619,54,9
12407,12407,12408,54,54
12408,9311,9312,54,42
12408,12408,12409,54,54
12409,12409,12410,54,54
12410,4717,4718,54,22
12410,12410,12411,54,54
12411,12411,12412,54,54
12412,12412,12413,54,54
12413,12413,12414,54,54
12414,1627,1628,54,9
12414,12414,12415,54,54
12415,9626,9627,54,42
12415,12415,12416,54,54
12416,12416,12417,54,54
12417,4726,4727,54,22
12417,12417,12418,54,54
12418,12418,12419,54,54
12419,12419,12420,54,54
12420,12420,12421,54,54
12421,1636,1637,54,9
12421,12421,12422,54,54
12422,9176,9177,54,42
12422,12422,12423,54,54
12423,12423,12424,54,54
12424,4735,4736,54,22
12424,12424,12425,54,54
12425,12425,12426,54,54
12426,12426,12308,54,54
12427,12427,12428,55,55
12428,12428,12429,55,55
12429,12429,12430,55,55
12430,12430,12431,55,55
12431,12431,12432,55,55
12432,12432,12433,55,55
12433,12433,12434,55,55
12434,12434,12435,55,55
12435,12435,12436,55,55
12436,12436,12437,55,55
12437,12437,12438,55,55
12438,12438,12439,55,55
12439,12439,12440,55,55
12440,12440,12441,55,55
12441,12441,12442,55,55
12442,12442,12443,55,55
12443,12443,12444,55,55
12444,12444,12445,55,55
12445,12445,12446,55,55
12446,12446,12447,55,55
12447,12447,12448,55,55
12448,12448,12449,55,55
12449,12449,12450,55,55
12450,12450,12451,55,55
12451,12451,12452,55,55
12452,12452,12453,55,55
12453,12453,12454,55,55
12454,12454,12455,55,55
12455,12455,12456,55,55
12456,12456,12457,55,55
12457,12457,12458,55,55
12458,12458,12459,55,55
12459,12459,12460,55,55
12460,12460,12461,55,55
12461,12461,12462,55,55
12462,12462,12463,55,55
12463,12463,12464,55,55
12464,12464,12465,55,55
12465,12465,12466,55,55
12466,12466,12467,55,55
12467,12467,12468,55,55
12468,12468,12469,55,55
12469,12469,12470,55,55
12470,12470,12471,55,55
12471,12471,12472,55,55
12472,12472,12473,55,55
12473,12473,12474,55,55
12474,12474,12475,55,55
12475,12475,12476,55,55
12476,12476,12477,55,55
12477,12477,12478,55,55
12478,12478,12479,55,55
12479,12479,12480,55,55
12480,12480,12481,55,55
12481,12481,12482,55,55
12482,12482,12483,55,55
12483,12483,12484,55,55
12484,12484,12485,55,55
12485,12485,12486,55,55
12486,12486,12487,55,55
12487,12487,12488,55,55
12488,12488,12489,55,55
12489,12489,12490,55,55
12490,12490,12491,55,55
12491,12491,12492,55,55
12492,12492,12493,55,55
12493,12493,12494,55,55
12494,12494,12495,55,55
12495,12495,12496,55,55
12496,12496,12497,55,55
12497,12497,12498,55,55
12498,12498,12499,55,55
12499,12499,12500,55,55
12500,12500,12501,55,55
12501,12501,12502,55,55
12502,12502,12503,55,55
12503,12503,12504,55,55
12504,12504,12505,55,55
12505,12505,12506,55,55
12506,12506,12507,55,55
12507,12507,12508,55,55
12508,12508,12509,55,55
12509,12509,12510,55,55
12510,12510,12511,55,55
12511,12511,12427,55,55
12512,12512,12513,56,56
12513,12513,12514,56,56
12514,12514,12515,56,56
12515,12515,12516,56,56
12516,12516,12517,56,56
12517,12517,12518,56,56
12518,12518,12519,56,56
12519,12519,12520,56,56
12520,12520,12521,56,56
12521,12521,12522,56,56
12522,12522,12523,56,56
12523,12523,12524,56,56
12524,12524,12525,56,56
12525,12525,12526,56,56
12526,12526,12527,56,56
12527,12527,12528,56,56
12528,12528,12529,56,56
12529,12529,12530,56,56
12530,12530,12531,56,56
12531,12531,12532,56,56
12532,12532,12533,56,56
12533,12533,12534,56,56
12534,12534,12535,56,56
12535,12535,12536,56,56
12536,12536,12537,56,56
12537,12537,12538,56,56
12538,12538,12539,56,56
12539,12539,12540,56,56
12540,12540,12541,56,56
12541,12541,12542,56,56
12542,12542,12543,56,56
12543,12543,12544,56,56
12544,12544,12545,56,56
12545,12545,12546,56,56
12546,12546,12547,56,56
12547,12547,12548,56,56
12548,12548,12549,56,56
12549,12549,12550,56,56
12550,12550,12551,56,56
12551,12551,12552,56,56
12552,12552,12553,56,56
12553,12553,12554,56,56
12554,12554,12555,56,56
12555,12555,12556,56,56
12556,12556,12557,56,56
12557,12557,12558,56,56
12558,12558,12559,56,56
12559,12559,12560,56,56
12560,12560,12561,56,56
12561,12561,12562,56,56
12562,12562,12563,56,56
12563,12563,12564,56,56
12564,12564,12565,56,56
12565,12565,12566,56,56
12566,12566,12567,56,56
12567,12567,12568,56,56
12568,12568,12569,56,56
12569,12569,12570,56,56
12570,12570,12571,56,56
12571,12571,12572,56,56
12572,12572,12573,56,56
12573,12573,12574,56,56
12574,12574,12575,56,56
12575,12575,12576,56,56
12576,12576,12577,56,56
12577,12577,12578,56,56
12578,12578,12579,56,56
12579,12579,12580,56,56
12580,12580,12581,56,56
12581,12581,12582,56,56
12582,12582,12583,56,56
12583,12583,12584,56,56
12584,12584,12585,56,56
12585,12585,12586,56,56
12586,12586,12587,56,56
12587,12587,12588,56,56
12588,12588,12589,56,56
12589,12589,12590,56,56
12590,12590,12591,56,56
12591,12591,12592,56,56
12592,12592,12593,56,56
12593,12593,12594,56,56
12594,12594,12595,56,56
12595,12595,12596,56,56
12596,12596,12512,56,56
12597,12597,12598,57,57
12598,12598,12599,57,57
12599,12599,12600,57,57
12600,12600,12601,57,57
12601,12601,12602,57,57
12602,12602,12603,57,57
12603,12603,12604,57,57
12604,12604,12605,57,57
12605,12605,12606,57,57
12606,12606,12607,57,57
12607,12607,12608,57,57
12608,12608,12609,57,57
12609,12609,12610,57,57
12610,12610,12611,57,57
12611,12611,12612,57,57
12612,12612,12613,57,57
12613,12613,12614,57,57
12614,12614,12615,57,57
12615,12615,12616,57,57
12616,12616,12617,57,57
12617,12617,12618,57,57
12618,12618,12619,57,57
12619,12619,12620,57,57
12620,12620,12621,57,57
12621,12621,12622,57,57
12622,12622,12623,57,57
12623,12623,12624,57,57
12624,12624,12625,57,57
12625,12625,12626,57,57
12626,12626,12627,57,57
12627,12627,12628,57,57
12628,12628,12629,57,57
12629,12629,12630,57,57
12630,12630,12631,57,57
12631,12631,12632,57,57
12632,12632,12633,57,57
12633,12633,12634,57,57
12634,12634,12635,57,57
12635,12635,12636,57,57
12636,12636,12637,57,57
12637,12637,12638,57,57
12638,12638,12639,57,57
12639,12639,12640,57,57
12640,12640,12641,57,57
12641,12641,12642,57,57
12642,12642,12643,57,57
12643,12643,12644,57,57
12644,12644,12645,57,57
12645,12645,12646,57,57
12646,12646,12647,57,57
12647,12647,12648,57,57
12648,12648,12649,57,57
12649,12649,12650,57,57
12650,12650,12651,57,57
12651,12651,12652,57,57
12652,12652,12653,57,57
12653,12653,12654,57,57
12654,12654,12655,57,57
12655,12655,12656,57,57
12656,12656,12657,57,57
12657,12657,12658,57,57
12658,12658,12659,57,57
12659,12659,12660,57,57
12660,12660,12661,57,57
12661,12661,12662,57,57
12662,12662,12663,57,57
12663,12663,12664,57,57
12664,12664,12665,57,57
12665,12665,12666,57,57
12666,12666,12667,57,57
12667,12667,12668,57,57
12668,12668,12669,57,57
12669,12669,12670,57,57
12670,12670,12671,57,57
12671,12671,12672,57,57
12672,12672,12673,57,57
12673,12673,12674,57,57
12674,12674,12675,57,57
12675,12675,12676,57,57
12676,12676,12677,57,57
12677,12677,12678,57,57
12678,12678,12679,57,57
12679,12679,12680,57,57
12680,12680,12681,57,57
12681,12681,12597,57,57
12682,12682,12683,58,58
12683,12683,12684,58,58
12684,12684,12685,58,58
12685,12685,12686,58,58
12686,12686,12687,58,58
12687,12687,12688,58,58
12688,12688,12689,58,58
12689,12689,12690,58,58
12690,12690,12691,58,58
12691,12691,12692,58,58
12692,12692,12693,58,58
12693,12693,12694,58,58
12694,12694,12695,58,58
12695,12695,12696,58,58
12696,12696,12697,58,58
12697,12697,12698,58,58
12698,12698,12682,58,58
12699,973,974,59,5
12699,12699,12700,59,59
12700,12700,12701,59,59
12701,851,852,59,5
12701,12701,12702,59,59
12702,852,853,59,5
12702,12702,12703,59,59
12703,12703,12704,59,59
12704,917,918,59,5
12704,12704,12705,59,59
12705,918,919,59,5
12705,12705,12706,59,59
12706,12706,12707,59,59
12707,983,984,59,5
12707,12707,12708,59,59
12708,984,985,59,5
12708,12708,12709,59,59
12709,12709,12710,59,59
12710,862,863,59,5
12710,12710,12711,59,59
12711,863,864,59,5
12711,12711,12712,59,59
12712,12712,12713,59,59
12713,928,929,59,5
12713,12713,12714,59,59
12714,929,930,59,5
12714,12714,12715,59,59
12715,12715,12716,59,59
12716,807,808,59,5
12716,12716,12717,59,59
12717,808,809,59,5
12717,12717,12718,59,59
12718,12718,12719,59,59
12719,873,874,59,5
12719,12719,12720,59,59
12720,874,875,59,5
12720,12720,12721,59,59
12721,12721,12722,59,59
12722,939,940,59,5
12722,12722,12723,59,59
12723,940,941,59,5
12723,12723,12724,59,59
12724,12724,12725,59,59
12725,818,819,59,5
12725,12725,12726,59,59
12726,819,820,59,5
12726,12726,12727,59,59
12727,12727,12728,59,59
12728,884,885,59,5
12728,12728,12729,59,59
12729,885,886,59,5
12729,12729,12730,59,59
12730,12730,12731,59,59
12731,950,951,59,5
12731,12731,12732,59,59
12732,951,952,59,5
12732,12732,12733,59,59
12733,12733,12734,59,59
12734,829,830,59,5
12734,12734,12735,59,59
12735,830,831,59,5
12735,12735,12736,59,59
12736,12736,12737,59,59
12737,895,896,59,5
12737,12737,12738,59,59
12738,896,897,59,5
12738,12738,12739,59,59
12739,12739,12740,59,59
12740,961,962,59,5
12740,12740,12741,59,59
12741,962,963,59,5
12741,12741,12742,59,59
12742,12742,12743,59,59
12743,840,841,59,5
12743,12743,12744,59,59
12744,841,842,59,5
12744,12744,12745,59,59
12745,12745,12746,59,59
12746,906,907,59,5
12746,12746,12747,59,59
12747,907,908,59,5
12747,12747,12748,59,59
12748,12748,12749,59,59
12749,972,973,59,5
12749,12749,12699,59,59
12750,2043,2044,60,12
12750,12750,12751,60,60
12751,4925,4926,60,23
12751,12751,12752,60,60
12752,12752,12753,60,60
12753,12753,12754,60,60
12754,3602,3603,60,15
12754,12754,12755,60,60
12755,12755,12756,60,60
12756,12756,12757,60,60
12757,2052,2053,60,12
12757,12757,12758,60,60
12758,4934,4935,60,23
12758,12758,12759,60,60
12759,12759,12760,60,60
12760,12760,12761,60,60
12761,3611,3612,60,15
12761,12761,12762,60,60
12762,12762,12763,60,60
12763,12763,12764,60,60
12764,2061,2062,60,12
12764,12764,12765,60,60
12765,4943,4944,60,23
12765,12765,12766,60,60
12766,12766,12767,60,60
12767,12767,12768,60,60
12768,3620,3621,60,15
12768,12768,12769,60,60
12769,12769,12770,60,60
12770,12770,12771,60,60
12771,2070,2071,60,12
12771,12771,12772,60,60
12772,4952,4953,60,23
12772,12772,12773,60,60
12773,12773,12774,60,60
12774,12774,12775,60,60
12775,3629,3630,60,15
12775,12775,12776,60,60
12776,12776,12777,60,60
12777,12777,12778,60,60
12778,2079,2080,60,12
12778,12778,12779,60,60
12779,4961,4962,60,23
12779,12779,12780,60,60
12780,12780,12781,60,60
12781,12781,12782,60,60
12782,3638,3639,60,15
12782,12782,12783,60,60
12783,12783,12784,60,60
12784,12784,12785,60,60
12785,2088,2089,60,12
12785,12785,12786,60,60
12786,4817,4818,60,23
12786,12786,12787,60,60
12787,12787,12788,60,60
12788,12788,12789,60,60
12789,3647,3648,60,15
12789,12789,12790,60,60
12790,12790,12791,60,60
12791,12791,12792,60,60
12792,2097,2098,60,12
12792,12792,12793,60,60
12793,4826,4827,60,23
12793,12793,12794,60,60
12794,12794,12795,60,60
12795,12795,12796,60,60
12796,3656,3657,60,15
12796,12796,12797,60,60
12797,12797,12798,60,60
12798,12798,12799,60,60
12799,2106,2107,60,12
12799,12799,12800,60,60
12800,4835,4836,60,23
12800,12800,12801,60,60
12801,12801,12802,60,60
12802,12802,12803,60,60
12803,3665,3666,60,15
12803,12803,12804,60,60
12804,12804,12805,60,60
12805,12805,12806,60,60
12806,2115,2116,60,12
12806,12806,12807,60,60
12807,4844,4845,60,23
12807,12807,12808,60,60
12808,12808,12809,60,60
12809,12809,12810,60,60
12810,3674,3675,60,15
12810,12810,12811,60,60
12811,12811,12812,60,60
12812,12812,12813,60,60
12813,2124,1972,60,12
12813,12813,12814,60,60
12814,4853,4854,60,23
12814,12814,12815,60,60
12815,12815,12816,60,60
12816,12816,12817,60,60
12817,3683,3684,60,15
12817,12817,12818,60,60
12818,12818,12819,60,60
12819,12819,12820,60,60
12820,1980,1981,60,12
12820,12820,12821,60,60
12821,4862,4863,60,23
12821,12821,12822,60,60
12822,12822,12823,60,60
12823,12823,12824,60,60
12824,3692,3693,60,15
12824,12824,12825,60,60
12825,12825,12826,60,60
12826,12826,12827,60,60
12827,1989,1990,60,12
12827,12827,12828,60,60
12828,4871,4872,60,23
12828,12828,12829,60,60
12829,12829,12830,60,60
12830,12830,12831,60,60
12831,3701,3702,60,15
12831,12831,12832,60,60
12832,12832,12833,60,60
12833,12833,12834,60,60
12834,1998,1999,60,12
12834,12834,12835,60,60
12835,4880,4881,60,23
12835,12835,12836,60,60
12836,12836,12837,60,60
12837,12837,12838,60,60
12838,3710,3711,60,15
12838,12838,12839,60,60
12839,12839,12840,60,60
12840,12840,12841,60,60
12841,2007,2008,60,12
12841,12841,12842,60,60
12842,4889,4890,60,23
12842,12842,12843,60,60
12843,12843,12844,60,60
12844,12844,12845,60,60
12845,3719,3720,60,15
12845,12845,12846,60,60
12846,12846,12847,60,60
12847,12847,12848,60,60
12848,2016,2017,60,12
12848,12848,12849,60,60
12849,4898,4899,60,23
12849,12849,12850,60,60
12850,12850,12851,60,60
12851,12851,12852,60,60
12852,3728,3729,60,15
12852,12852,12853,60,60
12853,12853,12854,60,60
12854,12854,12855,60,60
12855,2025,2026,60,12
12855,12855,12856,60,60
12856,4907,4908,60,23
12856,12856,12857,60,60
12857,12857,12858,60,60
12858,12858,12859,60,60
12859,3737,3738,60,15
12859,12859,12860,60,60
12860,12860,12861,60,60
12861,12861,12862,60,60
12862,2034,2035,60,12
12862,12862,12863,60,60
12863,4916,4917,60,23
12863,12863,12864,60,60
12864,12864,12865,60,60
12865,12865,12866,60,60
12866,3593,3594,60,15
12866,12866,12867,60,60
12867,12867,12868,60,60
12868,12868,12750,60,60
12869,3964,3965,61,17
12869,12869,12870,61,61
12870,5407,5408,61,27
12870,12870,12871,61,61
12871,4926,4927,61,23
12871,12871,12872,61,61
12872,12872,12873,61,61
12873,3755,3756,61,16
12873,12873,12874,61,61
12874,12874,12875,61,61
12875,12875,12876,61,61
12876,3973,3974,61,17
12876,12876,12877,61,61
12877,5416,5417,61,27
12877,12877,12878,61,61
12878,4935,4936,61,23
12878,12878,12879,61,61
12879,12879,12880,61,61
12880,3764,3765,61,16
12880,12880,12881,61,61
12881,12881,12882,61,61
12882,12882,12883,61,61
12883,3982,3983,61,17
12883,12883,12884,61,61
12884,5425,5426,61,27
12884,12884,12885,61,61
12885,4944,4945,61,23
12885,12885,12886,61,61
12886,12886,12887,61,61
12887,3773,3774,61,16
12887,12887,12888,61,61
12888,12888,12889,61,61
12889,12889,12890,61,61
12890,3991,3992,61,17
12890,12890,12891,61,61
12891,5434,5435,61,27
12891,12891,12892,61,61
12892,4953,4954,61,23
12892,12892,12893,61,61
12893,12893,12894,61,61
12894,3782,3783,61,16
12894,12894,12895,61,61
12895,12895,12896,61,61
12896,12896,12897,61,61
12897,4000,4001,61,17
12897,12897,12898,61,61
12898,5443,5444,61,27
12898,12898,12899,61,61
12899,4962,4963,61,23
12899,12899,12900,61,61
12900,12900,12901,61,61
12901,3791,3792,61,16
12901,12901,12902,61,61
12902,12902,12903,61,61
12903,12903,12904,61,61
12904,4009,4010,61,17
12904,12904,12905,61,61
12905,5452,5453,61,27
12905,12905,12906,61,61
12906,4818,4819,61,23
12906,12906,12907,61,61
12907,12907,12908,61,61
12908,3800,3801,61,16
12908,12908,12909,61,61
12909,12909,12910,61,61
12910,12910,12911,61,61
12911,4018,4019,61,17
12911,12911,12912,61,61
12912,5461,5462,61,27
12912,12912,12913,61,61
12913,4827,4828,61,23
12913,12913,12914,61,61
12914,12914,12915,61,61
12915,3809,3810,61,16
12915,12915,12916,61,61
12916,12916,12917,61,61
12917,12917,12918,61,61
12918,4027,4028,61,17
12918,12918,12919,61,61
12919,5470,5471,61,27
12919,12919,12920,61,61
12920,4836,4837,61,23
12920,12920,12921,61,61
12921,12921,12922,61,61
12922,3818,3819,61,16
12922,12922,12923,61,61
12923,12923,12924,61,61
12924,12924,12925,61,61
12925,4036,4037,61,17
12925,12925,12926,61,61
12926,5479,5480,61,27
12926,12926,12927,61,61
12927,4845,4846,61,23
12927,12927,12928,61,61
12928,12928,12929,61,61
12929,3827,3828,61,16
12929,12929,12930,61,61
12930,12930,12931,61,61
12931,12931,12932,61,61
12932,4045,3893,61,17
12932,12932,12933,61,61
12933,5488,5489,61,27
12933,12933,12934,61,61
12934,4854,4855,61,23
12934,12934,12935,61,61
12935,12935,12936,61,61
12936,3836,3837,61,16
12936,12936,12937,61,61
12937,12937,12938,61,61
12938,12938,12939,61,61
12939,3901,3902,61,17
12939,12939,12940,61,61
12940,5497,5498,61,27
12940,12940,12941,61,61
12941,4863,4864,61,23
12941,12941,12942,61,61
12942,12942,12943,61,61
12943,3845,3846,61,16
12943,12943,12944,61,61
12944,12944,12945,61,61
12945,12945,12946,61,61
12946,3910,3911,61,17
12946,12946,12947,61,61
12947,5506,5507,61,27
12947,12947,12948,61,61
12948,4872,4873,61,23
12948,12948,12949,61,61
12949,12949,12950,61,61
12950,3854,3855,61,16
12950,12950,12951,61,61
12951,12951,12952,61,61
12952,12952,12953,61,61
12953,3919,3920,61,17
12953,12953,12954,61,61
12954,5362,5363,61,27
12954,12954,12955,61,61
12955,4881,4882,61,23
12955,12955,12956,61,61
12956,12956,12957,61,61
12957,3863,3864,61,16
12957,12957,12958,61,61
12958,12958,12959,61,61
12959,12959,12960,61,61
12960,3928,3929,61,17
12960,12960,12961,61,61
12961,5371,5372,61,27
12961,12961,12962,61,61
12962,4890,4891,61,23
12962,12962,12963,61,61
12963,12963,12964,61,61
12964,3872,3873,61,16
12964,12964,12965,61,61
12965,12965,12966,61,61
12966,12966,12967,61,61
12967,3937,3938,61,17
12967,12967,12968,61,61
12968,5380,5381,61,27
12968,12968,12969,61,61
12969,4899,4900,61,23
12969,12969,12970,61,61
12970,12970,12971,61,61
12971,3881,3882,61,16
12971,12971,12972,61,61
12972,12972,12973,61,61
12973,12973,12974,61,61
12974,3946,3947,61,17
12974,12974,12975,61,61
12975,5389,5390,61,27
12975,12975,12976,61,61
12976,4908,4909,61,23
12976,12976,12977,61,61
12977,12977,12978,61,61
12978,3890,3891,61,16
12978,12978,12979,61,61
12979,12979,12980,61,61
12980,12980,12981,61,61
12981,3955,3956,61,17
12981,12981,12982,61,61
12982,5398,5399,61,27
12982,12982,12983,61,61
12983,4917,4918,61,23
12983,12983,12984,61,61
12984,12984,12985,61,61
12985,3746,3747,61,16
12985,12985,12986,61,61
12986,12986,12987,61,61
12987,12987,12869,61,61
12988,4423,4424,62,20
12988,12988,12989,62,62
12989,4098,4099,62,18
12989,12989,12990,62,62
12990,12990,12991,62,62
12991,4927,4928,62,23
12991,12991,12992,62,62
12992,3908,3909,62,17
12992,12992,12993,62,62
12993,12993,12994,62,62
12994,12994,12995,62,62
12995,4432,4433,62,20
12995,12995,12996,62,62
12996,4107,4108,62,18
12996,12996,12997,62,62
12997,12997,12998,62,62
12998,4936,4937,62,23
12998,12998,12999,62,62
12999,3917,3918,62,17
12999,12999,13000,62,62
13000,13000,13001,62,62
13001,13001,13002,62,62
13002,4441,4442,62,20
13002,13002,13003,62,62
13003,4116,4117,62,18
13003,13003,13004,62,62
13004,13004,13005,62,62
13005,4945,4946,62,23
13005,13005,13006,62,62
13006,3926,3927,62,17
13006,13006,13007,62,62
13007,13007,13008,62,62
13008,13008,13009,62,62
13009,4450,4451,62,20
13009,13009,13010,62,62
13010,4125,4126,62,18
13010,13010,13011,62,62
13011,13011,13012,62,62
13012,4954,4955,62,23
13012,13012,13013,62,62
13013,3935,3936,62,17
13013,13013,13014,62,62
13014,13014,13015,62,62
13015,13015,13016,62,62
13016,4459,4460,62,20
13016,13016,13017,62,62
13017,4134,4135,62,18
13017,13017,13018,62,62
13018,13018,13019,62,62
13019,4963,4811,62,23
13019,13019,13020,62,62
13020,3944,3945,62,17
13020,13020,13021,62,62
13021,13021,13022,62,62
13022,13022,13023,62,62
13023,4468,4469,62,20
13023,13023,13024,62,62
13024,4143,4144,62,18
13024,13024,13025,62,62
13025,13025,13026,62,62
13026,4819,4820,62,23
13026,13026,13027,62,62
13027,3953,3954,62,17
13027,13027,13028,62,62
13028,13028,13029,62,62
13029,13029,13030,62,62
13030,4477,4478,62,20
13030,13030,13031,62,62
13031,4152,4153,62,18
13031,13031,13032,62,62
13032,13032,13033,62,62
13033,4828,4829,62,23
13033,13033,13034,62,62
13034,3962,3963,62,17
13034,13034,13035,62,62
13035,13035,13036,62,62
13036,13036,13037,62,62
13037,4486,4487,62,20
13037,13037,13038,62,62
13038,4161,4162,62,18
13038,13038,13039,62,62
13039,13039,13040,62,62
13040,4837,4838,62,23
13040,13040,13041,62,62
13041,3971,3972,62,17
13041,13041,13042,62,62
13042,13042,13043,62,62
13043,13043,13044,62,62
13044,4495,4496,62,20
13044,13044,13045,62,62
13045,4170,4171,62,18
13045,13045,13046,62,62
13046,13046,13047,62,62
13047,4846,4847,62,23
13047,13047,13048,62,62
13048,3980,3981,62,17
13048,13048,13049,62,62
13049,13049,13050,62,62
13050,13050,13051,62,62
13051,4504,4352,62,20
13051,13051,13052,62,62
13052,4179,4180,62,18
13052,13052,13053,62,62
13053,13053,13054,62,62
13054,4855,4856,62,23
13054,13054,13055,62,62
13055,3989,3990,62,17
13055,13055,13056,62,62
13056,13056,13057,62,62
13057,13057,13058,62,62
13058,4360,4361,62,20
13058,13058,13059,62,62
13059,4188,4189,62,18
13059,13059,13060,62,62
13060,13060,13061,62,62
13061,4864,4865,62,23
13061,13061,13062,62,62
13062,3998,3999,62,17
13062,13062,13063,62,62
13063,13063,13064,62,62
13064,13064,13065,62,62
13065,4369,4370,62,20
13065,13065,13066,62,62
13066,4197,4198,62,18
13066,13066,13067,62,62
13067,13067,13068,62,62
13068,4873,4874,62,23
13068,13068,13069,62,62
13069,4007,4008,62,17
13069,13069,13070,62,62
13070,13070,13071,62,62
13071,13071,13072,62,62
13072,4378,4379,62,20
13072,13072,13073,62,62
13073,4053,4054,62,18
13073,13073,13074,62,62
13074,13074,13075,62,62
13075,4882,4883,62,23
13075,13075,13076,62,62
13076,4016,4017,62,17
13076,13076,13077,62,62
13077,13077,13078,62,62
13078,13078,13079,62,62
13079,4387,4388,62,20
13079,13079,13080,62,62
13080,4062,4063,62,18
13080,13080,13081,62,62
13081,13081,13082,62,62
13082,4891,4892,62,23
13082,13082,13083,62,62
13083,4025,4026,62,17
13083,13083,13084,62,62
13084,13084,13085,62,62
13085,13085,13086,62,62
13086,4396,4397,62,20
13086,13086,13087,62,62
13087,4071,4072,62,18
13087,13087,13088,62,62
13088,13088,13089,62,62
13089,4900,4901,62,23
13089,13089,13090,62,62
13090,4034,4035,62,17
13090,13090,13091,62,62
13091,13091,13092,62,62
13092,13092,13093,62,62
13093,4405,4406,62,20
13093,13093,13094,62,62
13094,4080,4081,62,18
13094,13094,13095,62,62
13095,13095,13096,62,62
13096,4909,4910,62,23
13096,13096,13097,62,62
13097,4043,4044,62,17
13097,13097,13098,62,62
13098,13098,13099,62,62
13099,13099,13100,62,62
13100,4414,4415,62,20
13100,13100,13101,62,62
13101,4089,4090,62,18
13101,13101,13102,62,62
13102,13102,13103,62,62
13103,4918,4919,62,23
13103,13103,13104,62,62
13104,3899,3900,62,17
13104,13104,13105,62,62
13105,13105,13106,62,62
13106,13106,12988,62,62
13107,4729,4730,63,22
13107,13107,13108,63,63
13108,2095,2096,63,12
13108,13108,13109,63,63
13109,10151,10152,63,43
13109,13109,13110,63,63
13110,13110,13111,63,63
13111,4061,4062,63,18
13111,13111,13112,63,63
13112,13112,13113,63,63
13113,13113,13114,63,63
13114,4738,4739,63,22
13114,13114,13115,63,63
13115,2104,2105,63,12
13115,13115,13116,63,63
13116,10466,10467,63,43
13116,13116,13117,63,63
13117,13117,13118,63,63
13118,4070,4071,63,18
13118,13118,13119,63,63
13119,13119,13120,63,63
13120,13120,13121,63,63
13121,4747,4748,63,22
13121,13121,13122,63,63
13122,2113,2114,63,12
13122,13122,13123,63,63
13123,10016,10017,63,43
13123,13123,13124,63,63
13124,13124,13125,63,63
13125,4079,4080,63,18
13125,13125,13126,63,63
13126,13126,13127,63,63
13127,13127,13128,63,63
13128,4756,4757,63,22
13128,13128,13129,63,63
13129,2122,2123,63,12
13129,13129,13130,63,63
13130,10331,10332,63,43
13130,13130,13131,63,63
13131,13131,13132,63,63
13132,4088,4089,63,18
13132,13132,13133,63,63
13133,13133,13134,63,63
13134,13134,13135,63,63
13135,4765,4766,63,22
13135,13135,13136,63,63
13136,1978,1979,63,12
13136,13136,13137,63,63
13137,10646,10647,63,43
13137,13137,13138,63,63
13138,13138,13139,63,63
13139,4097,4098,63,18
13139,13139,13140,63,63
13140,13140,13141,63,63
13141,13141,13142,63,63
13142,4774,4775,63,22
13142,13142,13143,63,63
13143,1987,1988,63,12
13143,13143,13144,63,63
13144,10196,10197,63,43
13144,13144,13145,63,63
13145,13145,13146,63,63
13146,4106,4107,63,18
13146,13146,13147,63,63
13147,13147,13148,63,63
13148,13148,13149,63,63
13149,4783,4784,63,22
13149,13149,13150,63,63
13150,1996,1997,63,12
13150,13150,13151,63,63
13151,10511,10512,63,43
13151,13151,13152,63,63
13152,13152,13153,63,63
13153,4115,4116,63,18
13153,13153,13154,63,63
13154,13154,13155,63,63
13155,13155,13156,63,63
13156,4792,4793,63,22
13156,13156,13157,63,63
13157,2005,2006,63,12
13157,13157,13158,63,63
13158,10061,10062,63,43
13158,13158,13159,63,63
13159,13159,13160,63,63
13160,4124,4125,63,18
13160,13160,13161,63,63
13161,13161,13162,63,63
13162,13162,13163,63,63
13163,4801,4802,63,22
13163,13163,13164,63,63
13164,2014,2015,63,12
13164,13164,13165,63,63
13165,10376,10377,63,43
13165,13165,13166,63,63
13166,13166,13167,63,63
13167,4133,4134,63,18
13167,13167,13168,63,63
13168,13168,13169,63,63
13169,13169,13170,63,63
13170,4810,4658,63,22
13170,13170,13171,63,63
13171,2023,2024,63,12
13171,13171,13172,63,63
13172,9926,9927,63,43
13172,13172,13173,63,63
13173,13173,13174,63,63
13174,4142,4143,63,18
13174,13174,13175,63,63
13175,13175,13176,63,63
13176,13176,13177,63,63
13177,4666,4667,63,22
13177,13177,13178,63,63
13178,2032,2033,63,12
13178,13178,13179,63,63
13179,10241,10242,63,43
13179,13179,13180,63,63
13180,13180,13181,63,63
13181,4151,4152,63,18
13181,13181,13182,63,63
13182,13182,13183,63,63
13183,13183,13184,63,63
13184,4675,4676,63,22
13184,13184,13185,63,63
13185,2041,2042,63,12
13185,13185,13186,63,63
13186,10556,10557,63,43
13186,13186,13187,63,63
13187,13187,13188,63,63
13188,4160,4161,63,18
13188,13188,13189,63,63
13189,13189,13190,63,63
13190,13190,13191,63,63
13191,4684,4685,63,22
13191,13191,13192,63,63
13192,2050,2051,63,12
13192,13192,13193,63,63
13193,10106,10107,63,43
13193,13193,13194,63,63
13194,13194,13195,63,63
13195,4169,4170,63,18
13195,13195,13196,63,63
13196,13196,13197,63,63
13197,13197,13198,63,63
13198,4693,4694,63,22
13198,13198,13199,63,63
13199,2059,2060,63,12
13199,13199,13200,63,63
13200,10421,10422,63,43
13200,13200,13201,63,63
13201,13201,13202,63,63
13202,4178,4179,63,18
13202,13202,13203,63,63
13203,13203,13204,63,63
13204,13204,13205,63,63
13205,4702,4703,63,22
13205,13205,13206,63,63
13206,2068,2069,63,12
13206,13206,13207,63,63
13207,9971,9972,63,43
13207,13207,13208,63,63
13208,13208,13209,63,63
13209,4187,4188,63,18
13209,13209,13210,63,63
13210,13210,13211,63,63
13211,13211,13212,63,63
13212,4711,4712,63,22
13212,13212,13213,63,63
13213,2077,2078,63,12
13213,13213,13214,63,63
13214,10286,10287,63,43
13214,13214,13215,63,63
13215,13215,13216,63,63
13216,4196,4197,63,18
13216,13216,13217,63,63
13217,13217,13218,63,63
13218,13218,13219,63,63
13219,4720,4721,63,22
13219,13219,13220,63,63
13220,2086,2087,63,12
13220,13220,13221,63,63
13221,10601,10602,63,43
13221,13221,13222,63,63
13222,13222,13223,63,63
13223,4052,4053,63,18
13223,13223,13224,63,63
13224,13224,13225,63,63
13225,13225,13107,63,63
13226,1961,1962,64,11
13226,13226,13227,64,64
13227,13227,13228,64,64
13228,5541,5542,64,28
13228,13228,13229,64,64
13229,13229,13230,64,64
13230,4214,4215,64,19
13230,13230,13231,64,64
13231,13231,13232,64,64
13232,13232,13233,64,64
13233,1970,1971,64,11
13233,13233,13234,64,64
13234,13234,13235,64,64
13235,5550,5551,64,28
13235,13235,13236,64,64
13236,13236,13237,64,64
13237,4223,4224,64,19
13237,13237,13238,64,64
13238,13238,13239,64,64
13239,13239,13240,64,64
13240,1826,1827,64,11
13240,13240,13241,64,64
13241,13241,13242,64,64
13242,5559,5560,64,28
13242,13242,13243,64,64
13243,13243,13244,64,64
13244,4232,4233,64,19
13244,13244,13245,64,64
13245,13245,13246,64,64
13246,13246,13247,64,64
13247,1835,1836,64,11
13247,13247,13248,64,64
13248,13248,13249,64,64
13249,5568,5569,64,28
13249,13249,13250,64,64
13250,13250,13251,64,64
13251,4241,4242,64,19
13251,13251,13252,64,64
13252,13252,13253,64,64
13253,13253,13254,64,64
13254,1844,1845,64,11
13254,13254,13255,64,64
13255,13255,13256,64,64
13256,5577,5578,64,28
13256,13256,13257,64,64
13257,13257,13258,64,64
13258,4250,4251,64,19
13258,13258,13259,64,64
13259,13259,13260,64,64
13260,13260,13261,64,64
13261,1853,1854,64,11
13261,13261,13262,64,64
13262,13262,13263,64,64
13263,5586,5587,64,28
13263,13263,13264,64,64
13264,13264,13265,64,64
13265,4259,4260,64,19
13265,13265,13266,64,64
13266,13266,13267,64,64
13267,13267,13268,64,64
13268,1862,1863,64,11
13268,13268,13269,64,64
13269,13269,13270,64,64
13270,5595,5596,64,28
13270,13270,13271,64,64
13271,13271,13272,64,64
13272,4268,4269,64,19
13272,13272,13273,64,64
13273,13273,13274,64,64
13274,13274,13275,64,64
13275,1871,1872,64,11
13275,13275,13276,64,64
13276,13276,13277,64,64
13277,5604,5605,64,28
13277,13277,13278,64,64
13278,13278,13279,64,64
13279,4277,4278,64,19
13279,13279,13280,64,64
13280,13280,13281,64,64
13281,13281,13282,64,64
13282,1880,1881,64,11
13282,13282,13283,64,64
13283,13283,13284,64,64
13284,5613,5614,64,28
13284,13284,13285,64,64
13285,13285,13286,64,64
13286,4286,4287,64,19
13286,13286,13287,64,64
13287,13287,13288,64,64
13288,13288,13289,64,64
13289,1889,1890,64,11
13289,13289,13290,64,64
13290,13290,13291,64,64
13291,5622,5623,64,28
13291,13291,13292,64,64
13292,13292,13293,64,64
13293,4295,4296,64,19
13293,13293,13294,64,64
13294,13294,13295,64,64
13295,13295,13296,64,64
13296,1898,1899,64,11
13296,13296,13297,64,64
13297,13297,13298,64,64
13298,5631,5632,64,28
13298,13298,13299,64,64
13299,13299,13300,64,64
13300,4304,4305,64,19
13300,13300,13301,64,64
13301,13301,13302,64,64
13302,13302,13303,64,64
13303,1907,1908,64,11
13303,13303,13304,64,64
13304,13304,13305,64,64
13305,5640,5641,64,28
13305,13305,13306,64,64
13306,13306,13307,64,64
13307,4313,4314,64,19
13307,13307,13308,64,64
13308,13308,13309,64,64
13309,13309,13310,64,64
13310,1916,1917,64,11
13310,13310,13311,64,64
13311,13311,13312,64,64
13312,5649,5650,64,28
13312,13312,13313,64,64
13313,13313,13314,64,64
13314,4322,4323,64,19
13314,13314,13315,64,64
13315,13315,13316,64,64
13316,13316,13317,64,64
13317,1925,1926,64,11
13317,13317,13318,64,64
13318,13318,13319,64,64
13319,5658,5659,64,28
13319,13319,13320,64,64
13320,13320,13321,64,64
13321,4331,4332,64,19
13321,13321,13322,64,64
13322,13322,13323,64,64
13323,13323,13324,64,64
13324,1934,1935,64,11
13324,13324,13325,64,64
13325,13325,13326,64,64
13326,5514,5515,64,28
13326,13326,13327,64,64
13327,13327,13328,64,64
13328,4340,4341,64,19
13328,13328,13329,64,64
13329,13329,13330,64,64
13330,13330,13331,64,64
13331,1943,1944,64,11
13331,13331,13332,64,64
13332,13332,13333,64,64
13333,5523,5524,64,28
13333,13333,13334,64,64
13334,13334,13335,64,64
13335,4349,4350,64,19
13335,13335,13336,64,64
13336,13336,13337,64,64
13337,13337,13338,64,64
13338,1952,1953,64,11
13338,13338,13339,64,64
13339,13339,13340,64,64
13340,5532,5533,64,28
13340,13340,13341,64,64
13341,13341,13342,64,64
13342,4205,4206,64,19
13342,13342,13343,64,64
13343,13343,13344,64,64
13344,13344,13226,64,64
13345,3882,3883,65,16
13345,13345,13346,65,65
13346,13346,13347,65,65
13347,4099,4100,65,18
13347,13347,13348,65,65
13348,5542,5543,65,28
13348,13348,13349,65,65
13349,4367,4368,65,20
13349,13349,13350,65,65
13350,13350,13351,65,65
13351,13351,13352,65,65
13352,3891,3892,65,16
13352,13352,13353,65,65
13353,13353,13354,65,65
13354,4108,4109,65,18
13354,13354,13355,65,65
13355,5551,5552,65,28
13355,13355,13356,65,65
13356,4376,4377,65,20
13356,13356,13357,65,65
13357,13357,13358,65,65
13358,13358,13359,65,65
13359,3747,3748,65,16
13359,13359,13360,65,65
13360,13360,13361,65,65
13361,4117,4118,65,18
13361,13361,13362,65,65
13362,5560,5561,65,28
13362,13362,13363,65,65
13363,4385,4386,65,20
13363,13363,13364,65,65
13364,13364,13365,65,65
13365,13365,13366,65,65
13366,3756,3757,65,16
13366,13366,13367,65,65
13367,13367,13368,65,65
13368,4126,4127,65,18
13368,13368,13369,65,65
13369,5569,5570,65,28
13369,13369,13370,65,65
13370,4394,4395,65,20
13370,13370,13371,65,65
13371,13371,13372,65,65
13372,13372,13373,65,65
13373,3765,3766,65,16
13373,13373,13374,65,65
13374,13374,13375,65,65
13375,4135,4136,65,18
13375,13375,13376,65,65
13376,5578,5579,65,28
13376,13376,13377,65,65
13377,4403,4404,65,20
13377,13377,13378,65,65
13378,13378,13379,65,65
13379,13379,13380,65,65
13380,3774,3775,65,16
13380,13380,13381,65,65
13381,13381,13382,65,65
13382,4144,4145,65,18
13382,13382,13383,65,65
13383,5587,5588,65,28
13383,13383,13384,65,65
13384,4412,4413,65,20
13384,13384,13385,65,65
13385,13385,13386,65,65
13386,13386,13387,65,65
13387,3783,3784,65,16
13387,13387,13388,65,65
13388,13388,13389,65,65
13389,4153,4154,65,18
13389,13389,13390,65,65
13390,5596,5597,65,28
13390,13390,13391,65,65
13391,4421,4422,65,20
13391,13391,13392,65,65
13392,13392,13393,65,65
13393,13393,13394,65,65
13394,3792,3793,65,16
13394,13394,13395,65,65
13395,13395,13396,65,65
13396,4162,4163,65,18
13396,13396,13397,65,65
13397,5605,5606,65,28
13397,13397,13398,65,65
13398,4430,4431,65,20
13398,13398,13399,65,65
13399,13399,13400,65,65
13400,13400,13401,65,65
13401,3801,3802,65,16
13401,13401,13402,65,65
13402,13402,13403,65,65
13403,4171,4172,65,18
13403,13403,13404,65,65
13404,5614,5615,65,28
13404,13404,13405,65,65
13405,4439,4440,65,20
13405,13405,13406,65,65
13406,13406,13407,65,65
13407,13407,13408,65,65
13408,3810,3811,65,16
13408,13408,13409,65,65
13409,13409,13410,65,65
13410,4180,4181,65,18
13410,13410,13411,65,65
13411,5623,5624,65,28
13411,13411,13412,65,65
13412,4448,4449,65,20
13412,13412,13413,65,65
13413,13413,13414,65,65
13414,13414,13415,65,65
13415,3819,3820,65,16
13415,13415,13416,65,65
13416,13416,13417,65,65
13417,4189,4190,65,18
13417,13417,13418,65,65
13418,5632,5633,65,28
13418,13418,13419,65,65
13419,4457,4458,65,20
13419,13419,13420,65,65
13420,13420,13421,65,65
13421,13421,13422,65,65
13422,3828,3829,65,16
13422,13422,13423,65,65
13423,13423,13424,65,65
13424,4198,4046,65,18
13424,13424,13425,65,65
13425,5641,5642,65,28
13425,13425,13426,65,65
13426,4466,4467,65,20
13426,13426,13427,65,65
13427,13427,13428,65,65
13428,13428,13429,65,65
13429,3837,3838,65,16
13429,13429,13430,65,65
13430,13430,13431,65,65
13431,4054,4055,65,18
13431,13431,13432,65,65
13432,5650,5651,65,28
13432,13432,13433,65,65
13433,4475,4476,65,20
13433,13433,13434,65,65
13434,13434,13435,65,65
13435,13435,13436,65,65
13436,3846,3847,65,16
13436,13436,13437,65,65
13437,13437,13438,65,65
13438,4063,4064,65,18
13438,13438,13439,65,65
13439,5659,5660,65,28
13439,13439,13440,65,65
13440,4484,4485,65,20
13440,13440,13441,65,65
13441,13441,13442,65,65
13442,13442,13443,65,65
13443,3855,3856,65,16
13443,13443,13444,65,65
13444,13444,13445,65,65
13445,4072,4073,65,18
13445,13445,13446,65,65
13446,5515,5516,65,28
13446,13446,13447,65,65
13447,4493,4494,65,20
13447,13447,13448,65,65
13448,13448,13449,65,65
13449,13449,13450,65,65
13450,3864,3865,65,16
13450,13450,13451,65,65
13451,13451,13452,65,65
13452,4081,4082,65,18
13452,13452,13453,65,65
13453,5524,5525,65,28
13453,13453,13454,65,65
13454,4502,4503,65,20
13454,13454,13455,65,65
13455,13455,13456,65,65
13456,13456,13457,65,65
13457,3873,3874,65,16
13457,13457,13458,65,65
13458,13458,13459,65,65
13459,4090,4091,65,18
13459,13459,13460,65,65
13460,5533,5534,65,28
13460,13460,13461,65,65
13461,4358,4359,65,20
13461,13461,13462,65,65
13462,13462,13463,65,65
13463,13463,13345,65,65
13464,4341,4342,66,19
13464,13464,13465,66,66
13465,13465,13466,66,66
13466,2096,2097,66,12
13466,7856,7857,66,40
13466,13466,13467,66,66
13467,13467,13468,66,66
13468,4520,4521,66,21
13468,13468,13469,66,66
13469,13469,13470,66,66
13470,13470,13471,66,66
13471,4350,4351,66,19
13471,13471,13472,66,66
13472,13472,13473,66,66
13473,2105,2106,66,12
13473,8171,8172,66,40
13473,13473,13474,66,66
13474,13474,13475,66,66
13475,4529,4530,66,21
13475,13475,13476,66,66
13476,13476,13477,66,66
13477,13477,13478,66,66
13478,4206,4207,66,19
13478,13478,13479,66,66
13479,13479,13480,66,66
13480,2114,2115,66,12
13480,7721,7722,66,40
13480,13480,13481,66,66
13481,13481,13482,66,66
13482,4538,4539,66,21
13482,13482,13483,66,66
13483,13483,13484,66,66
13484,13484,13485,66,66
13485,4215,4216,66,19
13485,13485,13486,66,66
13486,13486,13487,66,66
13487,2123,2124,66,12
13487,8036,8037,66,40
13487,13487,13488,66,66
13488,13488,13489,66,66
13489,4547,4548,66,21
13489,13489,13490,66,66
13490,13490,13491,66,66
13491,13491,13492,66,66
13492,4224,4225,66,19
13492,13492,13493,66,66
13493,13493,13494,66,66
13494,1979,1980,66,12
13494,8351,8352,66,40
13494,13494,13495,66,66
13495,13495,13496,66,66
13496,4556,4557,66,21
13496,13496,13497,66,66
13497,13497,13498,66,66
13498,13498,13499,66,66
13499,4233,4234,66,19
13499,13499,13500,66,66
13500,13500,13501,66,66
13501,1988,1989,66,12
13501,7901,7902,66,40
13501,13501,13502,66,66
13502,13502,13503,66,66
13503,4565,4566,66,21
13503,13503,13504,66,66
13504,13504,13505,66,66
13505,13505,13506,66,66
13506,4242,4243,66,19
13506,13506,13507,66,66
13507,13507,13508,66,66
13508,1997,1998,66,12
13508,8216,8217,66,40
13508,13508,13509,66,66
13509,13509,13510,66,66
13510,4574,4575,66,21
13510,13510,13511,66,66
13511,13511,13512,66,66
13512,13512,13513,66,66
13513,4251,4252,66,19
13513,13513,13514,66,66
13514,13514,13515,66,66
13515,2006,2007,66,12
13515,7766,7767,66,40
13515,13515,13516,66,66
13516,13516,13517,66,66
13517,4583,4584,66,21
13517,13517,13518,66,66
13518,13518,13519,66,66
13519,13519,13520,66,66
13520,4260,4261,66,19
13520,13520,13521,66,66
13521,13521,13522,66,66
13522,2015,2016,66,12
13522,8081,8082,66,40
13522,13522,13523,66,66
13523,13523,13524,66,66
13524,4592,4593,66,21
13524,13524,13525,66,66
13525,13525,13526,66,66
13526,13526,13527,66,66
13527,4269,4270,66,19
13527,13527,13528,66,66
13528,13528,13529,66,66
13529,2024,2025,66,12
13529,7631,7632,66,40
13529,13529,13530,66,66
13530,13530,13531,66,66
13531,4601,4602,66,21
13531,13531,13532,66,66
13532,13532,13533,66,66
13533,13533,13534,66,66
13534,4278,4279,66,19
13534,13534,13535,66,66
13535,13535,13536,66,66
13536,2033,2034,66,12
13536,7946,7947,66,40
13536,13536,13537,66,66
13537,13537,13538,66,66
13538,4610,4611,66,21
13538,13538,13539,66,66
13539,13539,13540,66,66
13540,13540,13541,66,66
13541,4287,4288,66,19
13541,13541,13542,66,66
13542,13542,13543,66,66
13543,2042,2043,66,12
13543,8261,8262,66,40
13543,13543,13544,66,66
13544,13544,13545,66,66
13545,4619,4620,66,21
13545,13545,13546,66,66
13546,13546,13547,66,66
13547,13547,13548,66,66
13548,4296,4297,66,19
13548,13548,13549,66,66
13549,13549,13550,66,66
13550,2051,2052,66,12
13550,7811,7812,66,40
13550,13550,13551,66,66
13551,13551,13552,66,66
13552,4628,4629,66,21
13552,13552,13553,66,66
13553,13553,13554,66,66
13554,13554,13555,66,66
13555,4305,4306,66,19
13555,13555,13556,66,66
13556,13556,13557,66,66
13557,2060,2061,66,12
13557,8126,8127,66,40
13557,13557,13558,66,66
13558,13558,13559,66,66
13559,4637,4638,66,21
13559,13559,13560,66,66
13560,13560,13561,66,66
13561,13561,13562,66,66
13562,4314,4315,66,19
13562,13562,13563,66,66
13563,13563,13564,66,66
13564,2069,2070,66,12
13564,7676,7677,66,40
13564,13564,13565,66,66
13565,13565,13566,66,66
13566,4646,4647,66,21
13566,13566,13567,66,66
13567,13567,13568,66,66
13568,13568,13569,66,66
13569,4323,4324,66,19
13569,13569,13570,66,66
13570,13570,13571,66,66
13571,2078,2079,66,12
13571,7991,7992,66,40
13571,13571,13572,66,66
13572,13572,13573,66,66
13573,4655,4656,66,21
13573,13573,13574,66,66
13574,13574,13575,66,66
13575,13575,13576,66,66
13576,4332,4333,66,19
13576,13576,13577,66,66
13577,13577,13578,66,66
13578,2087,2088,66,12
13578,8306,8307,66,40
13578,13578,13579,66,66
13579,13579,13580,66,66
13580,4511,4512,66,21
13580,13580,13581,66,66
13581,13581,13582,66,66
13582,13582,13464,66,66
13583,1726,1727,67,10
13583,13583,13584,67,67
13584,13584,13585,67,67
13585,13585,13586,67,67
13586,12702,12703,67,59
13586,13586,13587,67,67
13587,4673,4674,67,22
13587,13587,13588,67,67
13588,13588,13589,67,67
13589,13589,13590,67,67
13590,1735,1736,67,10
13590,13590,13591,67,67
13591,13591,13592,67,67
13592,13592,13593,67,67
13593,12711,12712,67,59
13593,13593,13594,67,67
13594,4682,4683,67,22
13594,13594,13595,67,67
13595,13595,13596,67,67
13596,13596,13597,67,67
13597,1744,1745,67,10
13597,13597,13598,67,67
13598,13598,13599,67,67
13599,13599,13600,67,67
13600,12720,12721,67,59
13600,13600,13601,67,67
13601,4691,4692,67,22
13601,13601,13602,67,67
13602,13602,13603,67,67
13603,13603,13604,67,67
13604,1753,1754,67,10
13604,13604,13605,67,67
13605,13605,13606,67,67
13606,13606,13607,67,67
13607,12729,12730,67,59
13607,13607,13608,67,67
13608,4700,4701,67,22
13608,13608,13609,67,67
13609,13609,13610,67,67
13610,13610,13611,67,67
13611,1762,1763,67,10
13611,13611,13612,67,67
13612,13612,13613,67,67
13613,13613,13614,67,67
13614,12738,12739,67,59
13614,13614,13615,67,67
13615,4709,4710,67,22
13615,13615,13616,67,67
13616,13616,13617,67,67
13617,13617,13618,67,67
13618,1771,1772,67,10
13618,13618,13619,67,67
13619,13619,13620,67,67
13620,13620,13621,67,67
13621,12747,12748,67,59
13621,13621,13622,67,67
13622,4718,4719,67,22
13622,13622,13623,67,67
13623,13623,13624,67,67
13624,13624,13625,67,67
13625,1780,1781,67,10
13625,13625,13626,67,67
13626,13626,13627,67,67
13627,13627,13628,67,67
13628,12705,12706,67,59
13628,13628,13629,67,67
13629,4727,4728,67,22
13629,13629,13630,67,67
13630,13630,13631,67,67
13631,13631,13632,67,67
13632,1789,1790,67,10
13632,13632,13633,67,67
13633,13633,13634,67,67
13634,13634,13635,67,67
13635,12714,12715,67,59
13635,13635,13636,67,67
13636,4736,4737,67,22
13636,13636,13637,67,67
13637,13637,13638,67,67
13638,13638,13639,67,67
13639,1798,1799,67,10
13639,13639,13640,67,67
13640,13640,13641,67,67
13641,13641,13642,67,67
13642,12723,12724,67,59
13642,13642,13643,67,67
13643,4745,4746,67,22
13643,13643,13644,67,67
13644,13644,13645,67,67
13645,13645,13646,67,67
13646,1807,1808,67,10
13646,13646,13647,67,67
13647,13647,13648,67,67
13648,13648,13649,67,67
13649,12732,12733,67,59
13649,13649,13650,67,67
13650,4754,4755,67,22
13650,13650,13651,67,67
13651,13651,13652,67,67
13652,13652,13653,67,67
13653,1816,1817,67,10
13653,13653,13654,67,67
13654,13654,13655,67,67
13655,13655,13656,67,67
13656,12741,12742,67,59
13656,13656,13657,67,67
13657,4763,4764,67,22
13657,13657,13658,67,67
13658,13658,13659,67,67
13659,13659,13660,67,67
13660,1672,1673,67,10
13660,13660,13661,67,67
13661,13661,13662,67,67
13662,13662,13663,67,67
13663,12699,12700,67,59
13663,13663,13664,67,67
13664,4772,4773,67,22
13664,13664,13665,67,67
13665,13665,13666,67,67
13666,13666,13667,67,67
13667,1681,1682,67,10
13667,13667,13668,67,67
13668,13668,13669,67,67
13669,13669,13670,67,67
13670,12708,12709,67,59
13670,13670,13671,67,67
13671,4781,4782,67,22
13671,13671,13672,67,67
13672,13672,13673,67,67
13673,13673,13674,67,67
13674,1690,1691,67,10
13674,13674,13675,67,67
13675,13675,13676,67,67
13676,13676,13677,67,67
13677,12717,12718,67,59
13677,13677,13678,67,67
13678,4790,4791,67,22
13678,13678,13679,67,67
13679,13679,13680,67,67
13680,13680,13681,67,67
13681,1699,1700,67,10
13681,13681,13682,67,67
13682,13682,13683,67,67
13683,13683,13684,67,67
13684,12726,12727,67,59
13684,13684,13685,67,67
13685,4799,4800,67,22
13685,13685,13686,67,67
13686,13686,13687,67,67
13687,13687,13688,67,67
13688,1708,1709,67,10
13688,13688,13689,67,67
13689,13689,13690,67,67
13690,13690,13691,67,67
13691,12735,12736,67,59
13691,13691,13692,67,67
13692,4808,4809,67,22
13692,13692,13693,67,67
13693,13693,13694,67,67
13694,13694,13695,67,67
13695,1717,1718,67,10
13695,13695,13696,67,67
13696,13696,13697,67,67
13697,13697,13698,67,67
13698,12744,12745,67,59
13698,13698,13699,67,67
13699,4664,4665,67,22
13699,13699,13700,67,67
13700,13700,13701,67,67
13701,13701,13583,67,67
13702,5406,5407,68,27
13702,13702,13703,68,68
13703,13703,13704,68,68
13704,4773,4774,68,22
13704,13704,13705,68,68
13705,13705,13706,68,68
13706,1834,1835,68,11
13706,13706,13707,68,68
13707,13707,13708,68,68
13708,13708,13709,68,68
13709,5415,5416,68,27
13709,13709,13710,68,68
13710,13710,13711,68,68
13711,4782,4783,68,22
13711,13711,13712,68,68
13712,13712,13713,68,68
13713,1843,1844,68,11
13713,13713,13714,68,68
13714,13714,13715,68,68
13715,13715,13716,68,68
13716,5424,5425,68,27
13716,13716,13717,68,68
13717,13717,13718,68,68
13718,4791,4792,68,22
13718,13718,13719,68,68
13719,13719,13720,68,68
13720,1852,1853,68,11
13720,13720,13721,68,68
13721,13721,13722,68,68
13722,13722,13723,68,68
13723,5433,5434,68,27
13723,13723,13724,68,68
13724,13724,13725,68,68
13725,4800,4801,68,22
13725,13725,13726,68,68
13726,13726,13727,68,68
13727,1861,1862,68,11
13727,13727,13728,68,68
13728,13728,13729,68,68
13729,13729,13730,68,68
13730,5442,5443,68,27
13730,13730,13731,68,68
13731,13731,13732,68,68
13732,4809,4810,68,22
13732,13732,13733,68,68
13733,13733,13734,68,68
13734,1870,1871,68,11
13734,13734,13735,68,68
13735,13735,13736,68,68
13736,13736,13737,68,68
13737,5451,5452,68,27
13737,13737,13738,68,68
13738,13738,13739,68,68
13739,4665,4666,68,22
13739,13739,13740,68,68
13740,13740,13741,68,68
13741,1879,1880,68,11
13741,13741,13742,68,68
13742,13742,13743,68,68
13743,13743,13744,68,68
13744,5460,5461,68,27
13744,13744,13745,68,68
13745,13745,13746,68,68
13746,4674,4675,68,22
13746,13746,13747,68,68
13747,13747,13748,68,68
13748,1888,1889,68,11
13748,13748,13749,68,68
13749,13749,13750,68,68
13750,13750,13751,68,68
13751,5469,5470,68,27
13751,13751,13752,68,68
13752,13752,13753,68,68
13753,4683,4684,68,22
13753,13753,13754,68,68
13754,13754,13755,68,68
13755,1897,1898,68,11
13755,13755,13756,68,68
13756,13756,13757,68,68
13757,13757,13758,68,68
13758,5478,5479,68,27
13758,13758,13759,68,68
13759,13759,13760,68,68
13760,4692,4693,68,22
13760,13760,13761,68,68
13761,13761,13762,68,68
13762,1906,1907,68,11
13762,13762,13763,68,68
13763,13763,13764,68,68
13764,13764,13765,68,68
13765,5487,5488,68,27
13765,13765,13766,68,68
13766,13766,13767,68,68
13767,4701,4702,68,22
13767,13767,13768,68,68
13768,13768,13769,68,68
13769,1915,1916,68,11
13769,13769,13770,68,68
13770,13770,13771,68,68
13771,13771,13772,68,68
13772,5496,5497,68,27
13772,13772,13773,68,68
13773,13773,13774,68,68
13774,4710,4711,68,22
13774,13774,13775,68,68
13775,13775,13776,68,68
13776,1924,1925,68,11
13776,13776,13777,68,68
13777,13777,13778,68,68
13778,13778,13779,68,68
13779,5505,5506,68,27
13779,13779,13780,68,68
13780,13780,13781,68,68
13781,4719,4720,68,22
13781,13781,13782,68,68
13782,13782,13783,68,68
13783,1933,1934,68,11
13783,13783,13784,68,68
13784,13784,13785,68,68
13785,13785,13786,68,68
13786,5361,5362,68,27
13786,13786,13787,68,68
13787,13787,13788,68,68
13788,4728,4729,68,22
13788,13788,13789,68,68
13789,13789,13790,68,68
13790,1942,1943,68,11
13790,13790,13791,68,68
13791,13791,13792,68,68
13792,13792,13793,68,68
13793,5370,5371,68,27
13793,13793,13794,68,68
13794,13794,13795,68,68
13795,4737,4738,68,22
13795,13795,13796,68,68
13796,13796,13797,68,68
13797,1951,1952,68,11
13797,13797,13798,68,68
13798,13798,13799,68,68
13799,13799,13800,68,68
13800,5379,5380,68,27
13800,13800,13801,68,68
13801,13801,13802,68,68
13802,4746,4747,68,22
13802,13802,13803,68,68
13803,13803,13804,68,68
13804,1960,1961,68,11
13804,13804,13805,68,68
13805,13805,13806,68,68
13806,13806,13807,68,68
13807,5388,5389,68,27
13807,13807,13808,68,68
13808,13808,13809,68,68
13809,4755,4756,68,22
13809,13809,13810,68,68
13810,13810,13811,68,68
13811,1969,1970,68,11
13811,13811,13812,68,68
13812,13812,13813,68,68
13813,13813,13814,68,68
13814,5397,5398,68,27
13814,13814,13815,68,68
13815,13815,13816,68,68
13816,4764,4765,68,22
13816,13816,13817,68,68
13817,13817,13818,68,68
13818,1825,1826,68,11
13818,13818,13819,68,68
13819,13819,13820,68,68
13820,13820,13702,68,68
13821,5716,5717,69,29
13821,13821,13822,69,69
13822,13822,13823,69,69
13823,13823,13824,69,69
13824,13824,13825,69,69
13825,13825,13826,69,69
13826,5723,5724,69,29
13826,13826,13827,69,69
13827,13827,13828,69,69
13828,13828,13829,69,69
13829,13829,13830,69,69
13830,13830,13831,69,69
13831,5730,5731,69,29
13831,13831,13832,69,69
13832,13832,13833,69,69
13833,13833,13834,69,69
13834,13834,13835,69,69
13835,13835,13836,69,69
13836,5737,5738,69,29
13836,13836,13837,69,69
13837,13837,13838,69,69
13838,13838,13839,69,69
13839,13839,13840,69,69
13840,13840,13841,69,69
13841,5744,5745,69,29
13841,13841,13842,69,69
13842,13842,13843,69,69
13843,13843,13844,69,69
13844,13844,13845,69,69
13845,13845,13846,69,69
13846,5751,5752,69,29
13846,13846,13847,69,69
13847,13847,13848,69,69
13848,13848,13849,69,69
13849,13849,13850,69,69
13850,13850,13851,69,69
13851,5758,5759,69,29
13851,13851,13852,69,69
13852,13852,13853,69,69
13853,13853,13854,69,69
13854,13854,13855,69,69
13855,13855,13856,69,69
13856,5765,5766,69,29
13856,13856,13857,69,69
13857,13857,13858,69,69
13858,13858,13859,69,69
13859,13859,13860,69,69
13860,13860,13861,69,69
13861,5772,5773,69,29
13861,13861,13862,69,69
13862,13862,13863,69,69
13863,13863,13864,69,69
13864,13864,13865,69,69
13865,13865,13866,69,69
13866,5779,5661,69,29
13866,13866,13867,69,69
13867,13867,13868,69,69
13868,13868,13869,69,69
13869,13869,13870,69,69
13870,13870,13871,69,69
13871,5667,5668,69,29
13871,13871,13872,69,69
13872,13872,13873,69,69
13873,13873,13874,69,69
13874,13874,13875,69,69
13875,13875,13876,69,69
13876,5674,5675,69,29
13876,13876,13877,69,69
13877,13877,13878,69,69
13878,13878,13879,69,69
13879,13879,13880,69,69
13880,13880,13881,69,69
13881,5681,5682,69,29
13881,13881,13882,69,69
13882,13882,13883,69,69
13883,13883,13884,69,69
13884,13884,13885,69,69
13885,13885,13886,69,69
13886,5688,5689,69,29
13886,13886,13887,69,69
13887,13887,13888,69,69
13888,13888,13889,69,69
13889,13889,13890,69,69
13890,13890,13891,69,69
13891,5695,5696,69,29
13891,13891,13892,69,69
13892,13892,13893,69,69
13893,13893,13894,69,69
13894,13894,13895,69,69
13895,13895,13896,69,69
13896,5702,5703,69,29
13896,13896,13897,69,69
13897,13897,13898,69,69
13898,13898,13899,69,69
13899,13899,13900,69,69
13900,13900,13901,69,69
13901,5709,5710,69,29
13901,13901,13902,69,69
13902,13902,13903,69,69
13903,13903,13904,69,69
13904,13904,13905,69,69
13905,13905,13821,69,69
13906,13906,13907,70,70
13907,13907,13908,70,70
13908,13908,13909,70,70
13909,13909,13910,70,70
13910,13910,13911,70,70
13911,13911,13912,70,70
13912,13912,13913,70,70
13913,13913,13914,70,70
13914,13914,13915,70,70
13915,13915,13916,70,70
13916,13916,13917,70,70
13917,13917,13918,70,70
13918,13918,13919,70,70
13919,13919,13920,70,70
13920,13920,13921,70,70
13921,13921,13922,70,70
13922,13922,13923,70,70
13923,13923,13924,70,70
13924,13924,13925,70,70
13925,13925,13926,70,70
13926,13926,13927,70,70
13927,13927,13928,70,70
13928,13928,13929,70,70
13929,13929,13930,70,70
13930,13930,13931,70,70
13931,13931,13932,70,70
13932,13932,13933,70,70
13933,13933,13934,70,70
13934,13934,13935,70,70
13935,13935,13936,70,70
13936,13936,13937,70,70
13937,13937,13938,70,70
13938,13938,13939,70,70
13939,13939,13940,70,70
13940,13940,13941,70,70
13941,13941,13942,70,70
13942,13942,13943,70,70
13943,13943,13944,70,70
13944,13944,13945,70,70
13945,13945,13946,70,70
13946,13946,13947,70,70
13947,13947,13948,70,70
13948,13948,13949,70,70
13949,13949,13950,70,70
13950,13950,13951,70,70
13951,13951,13952,70,70
13952,13952,13953,70,70
13953,13953,13954,70,70
13954,13954,13955,70,70
13955,13955,13956,70,70
13956,13956,13957,70,70
13957,13957,13958,70,70
13958,13958,13959,70,70
13959,13959,13960,70,70
13960,13960,13961,70,70
13961,13961,13962,70,70
13962,13962,13963,70,70
13963,13963,13964,70,70
13964,13964,13965,70,70
13965,13965,13966,70,70
13966,13966,13967,70,70
13967,13967,13968,70,70
13968,13968,13969,70,70
13969,13969,13970,70,70
13970,13970,13971,70,70
13971,13971,13972,70,70
13972,13972,13973,70,70
13973,13973,13974,70,70
13974,13974,13975,70,70
13975,13975,13976,70,70
13976,13976,13977,70,70
13977,13977,13978,70,70
13978,13978,13979,70,70
13979,13979,13980,70,70
13980,13980,13981,70,70
13981,13981,13982,70,70
13982,13982,13983,70,70
13983,13983,13984,70,70
13984,13984,13985,70,70
13985,13985,13986,70,70
13986,13986,13987,70,70
13987,13987,13988,70,70
13988,13988,13989,70,70
13989,13989,13990,70,70
13990,13990,13906,70,70
13991,13991,13992,71,71
13992,13992,13993,71,71
13993,13993,13994,71,71
13994,13994,13995,71,71
13995,13995,13996,71,71
13996,13996,13997,71,71
13997,13997,13998,71,71
13998,13998,13999,71,71
13999,13999,14000,71,71
14000,14000,14001,71,71
14001,14001,14002,71,71
14002,14002,14003,71,71
14003,14003,14004,71,71
14004,14004,14005,71,71
14005,14005,14006,71,71
14006,14006,14007,71,71
14007,14007,14008,71,71
14008,14008,14009,71,71
14009,14009,14010,71,71
14010,14010,14011,71,71
14011,14011,14012,71,71
14012,14012,14013,71,71
14013,14013,14014,71,71
14014,14014,14015,71,71
14015,14015,14016,71,71
14016,14016,14017,71,71
14017,14017,14018,71,71
14018,14018,14019,71,71
14019,14019,14020,71,71
14020,14020,14021,71,71
14021,14021,14022,71,71
14022,14022,14023,71,71
14023,14023,14024,71,71
14024,14024,14025,71,71
14025,14025,14026,71,71
14026,14026,14027,71,71
14027,14027,14028,71,71
14028,14028,14029,71,71
14029,14029,14030,71,71
14030,14030,14031,71,71
14031,14031,14032,71,71
14032,14032,14033,71,71
14033,14033,14034,71,71
14034,14034,14035,71,71
14035,14035,14036,71,71
14036,14036,14037,71,71
14037,14037,14038,71,71
14038,14038,14039,71,71
14039,14039,14040,71,71
14040,14040,14041,71,71
14041,14041,14042,71,71
14042,14042,14043,71,71
14043,14043,14044,71,71
14044,14044,14045,71,71
14045,14045,14046,71,71
14046,14046,14047,71,71
14047,14047,14048,71,71
14048,14048,14049,71,71
14049,14049,14050,71,71
14050,14050,14051,71,71
14051,14051,14052,71,71
14052,14052,14053,71,71
14053,14053,14054,71,71
14054,14054,14055,71,71
14055,14055,14056,71,71
14056,14056,14057,71,71
14057,14057,14058,71,71
14058,14058,14059,71,71
14059,14059,14060,71,71
14060,14060,14061,71,71
14061,14061,14062,71,71
14062,14062,14063,71,71
14063,14063,14064,71,71
14064,14064,14065,71,71
14065,14065,14066,71,71
14066,14066,14067,71,71
14067,14067,14068,71,71
14068,14068,14069,71,71
14069,14069,14070,71,71
14070,14070,14071,71,71
14071,14071,14072,71,71
14072,14072,14073,71,71
14073,14073,14074,71,71
14074,14074,14075,71,71
14075,14075,13991,71,71
14076,14076,14077,72,72
14077,14077,14078,72,72
14078,14078,14079,72,72
14079,14079,14080,72,72
14080,14080,14081,72,72
14081,14081,14082,72,72
14082,14082,14083,72,72
14083,14083,14084,72,72
14084,14084,14085,72,72
14085,14085,14086,72,72
14086,14086,14087,72,72
14087,14087,14088,72,72
14088,14088,14089,72,72
14089,14089,14090,72,72
14090,14090,14091,72,72
14091,14091,14092,72,72
14092,14092,14093,72,72
14093,14093,14094,72,72
14094,14094,14095,72,72
14095,14095,14096,72,72
14096,14096,14097,72,72
14097,14097,14098,72,72
14098,14098,14099,72,72
14099,14099,14100,72,72
14100,14100,14101,72,72
14101,14101,14102,72,72
14102,14102,14103,72,72
14103,14103,14104,72,72
14104,14104,14105,72,72
14105,14105,14106,72,72
14106,14106,14107,72,72
14107,14107,14108,72,72
14108,14108,14109,72,72
14109,14109,14110,72,72
14110,14110,14111,72,72
14111,14111,14112,72,72
14112,14112,14113,72,72
14113,14113,14114,72,72
14114,14114,14115,72,72
14115,14115,14116,72,72
14116,14116,14117,72,72
14117,14117,14118,72,72
14118,14118,14119,72,72
14119,14119,14120,72,72
14120,14120,14121,72,72
14121,14121,14122,72,72
14122,14122,14123,72,72
14123,14123,14124,72,72
14124,14124,14125,72,72
14125,14125,14126,72,72
14126,14126,14127,72,72
14127,14127,14128,72,72
14128,14128,14129,72,72
14129,14129,14130,72,72
14130,14130,14131,72,72
14131,14131,14132,72,72
14132,14132,14133,72,72
14133,14133,14134,72,72
14134,14134,14135,72,72
14135,14135,14136,72,72
14136,14136,14137,72,72
14137,14137,14138,72,72
14138,14138,14139,72,72
14139,14139,14140,72,72
14140,14140,14141,72,72
14141,14141,14142,72,72
14142,14142,14143,72,72
14143,14143,14144,72,72
14144,14144,14145,72,72
14145,14145,14146,72,72
14146,14146,14147,72,72
14147,14147,14148,72,72
14148,14148,14149,72,72
14149,14149,14150,72,72
14150,14150,14151,72,72
14151,14151,14152,72,72
14152,14152,14153,72,72
14153,14153,14154,72,72
14154,14154,14155,72,72
14155,14155,14156,72,72
14156,14156,14157,72,72
14157,14157,14158,72,72
14158,14158,14159,72,72
14159,14159,14160,72,72
14160,14160,14161,72,72
14161,14161,14162,72,72
14162,14162,14163,72,72
14163,14163,14164,72,72
14164,14164,14165,72,72
14165,14165,14166,72,72
14166,14166,14167,72,72
14167,14167,14168,72,72
14168,14168,14169,72,72
14169,14169,14170,72,72
14170,14170,14171,72,72
14171,14171,14172,72,72
14172,14172,14173,72,72
14173,14173,14174,72,72
14174,14174,14175,72,72
14175,14175,14176,72,72
14176,14176,14177,72,72
14177,14177,14178,72,72
14178,14178,14179,72,72
14179,14179,14180,72,72
14180,14180,14181,72,72
14181,14181,14182,72,72
14182,14182,14183,72,72
14183,14183,14184,72,72
14184,14184,14185,72,72
14185,14185,14186,72,72
14186,14186,14187,72,72
14187,14187,14188,72,72
14188,14188,14189,72,72
14189,14189,14190,72,72
14190,14190,14191,72,72
14191,14191,14192,72,72
14192,14192,14193,72,72
14193,14193,14194,72,72
14194,14194,14195,72,72
14195,14195,14196,72,72
14196,14196,14197,72,72
14197,14197,14198,72,72
14198,14198,14199,72,72
14199,14199,14200,72,72
14200,14200,14201,72,72
14201,14201,14202,72,72
14202,14202,14203,72,72
14203,14203,14204,72,72
14204,14204,14205,72,72
14205,14205,14206,72,72
14206,14206,14207,72,72
14207,14207,14208,72,72
14208,14208,14209,72,72
14209,14209,14210,72,72
14210,14210,14211,72,72
14211,14211,14212,72,72
14212,14212,14213,72,72
14213,14213,14214,72,72
14214,14214,14215,72,72
14215,14215,14216,72,72
14216,14216,14217,72,72
14217,14217,14218,72,72
14218,14218,14219,72,72
14219,14219,14220,72,72
14220,14220,14221,72,72
14221,14221,14222,72,72
14222,14222,14223,72,72
14223,14223,14224,72,72
14224,14224,14225,72,72
14225,14225,14226,72,72
14226,14226,14227,72,72
14227,14227,14228,72,72
14228,14228,14229,72,72
14229,14229,14230,72,72
14230,14230,14231,72,72
14231,14231,14232,72,72
14232,14232,14233,72,72
14233,14233,14234,72,72
14234,14234,14235,72,72
14235,14235,14236,72,72
14236,14236,14237,72,72
14237,14237,14238,72,72
14238,14238,14239,72,72
14239,14239,14240,72,72
14240,14240,14241,72,72
14241,14241,14242,72,72
14242,14242,14243,72,72
14243,14243,14244,72,72
14244,14244,14245,72,72
14245,14245,14246,72,72
14246,14246,14247,72,72
14247,14247,14248,72,72
14248,14248,14249,72,72
14249,14249,14250,72,72
14250,14250,14251,72,72
14251,14251,14252,72,72
14252,14252,14253,72,72
14253,14253,14254,72,72
14254,14254,14255,72,72
14255,14255,14256,72,72
14256,14256,14257,72,72
14257,14257,14258,72,72
14258,14258,14259,72,72
14259,14259,14260,72,72
14260,14260,14261,72,72
14261,14261,14262,72,72
14262,14262,14263,72,72
14263,14263,14264,72,72
14264,14264,14265,72,72
14265,14265,14266,72,72
14266,14266,14267,72,72
14267,14267,14268,72,72
14268,14268,14269,72,72
14269,14269,14270,72,72
14270,14270,14271,72,72
14271,14271,14272,72,72
14272,14272,14273,72,72
14273,14273,14274,72,72
14274,14274,14275,72,72
14275,14275,14276,72,72
14276,14276,14277,72,72
14277,14277,14278,72,72
14278,14278,14279,72,72
14279,14279,14280,72,72
14280,14280,14281,72,72
14281,14281,14282,72,72
14282,14282,14283,72,72
14283,14283,14284,72,72
14284,14284,14285,72,72
14285,14285,14286,72,72
14286,14286,14287,72,72
14287,14287,14288,72,72
14288,14288,14289,72,72
14289,14289,14290,72,72
14290,14290,14291,72,72
14291,14291,14292,72,72
14292,14292,14293,72,72
14293,14293,14294,72,72
14294,14294,14295,72,72
14295,14295,14296,72,72
14296,14296,14297,72,72
14297,14297,14298,72,72
14298,14298,14299,72,72
14299,14299,14300,72,72
14300,14300,14301,72,72
14301,14301,14302,72,72
14302,14302,14303,72,72
14303,14303,14304,72,72
14304,14304,14305,72,72
14305,14305,14306,72,72
14306,14306,14307,72,72
14307,14307,14308,72,72
14308,14308,14309,72,72
14309,14309,14310,72,72
14310,14310,14311,72,72
14311,14311,14312,72,72
14312,14312,14313,72,72
14313,14313,14314,72,72
14314,14314,14315,72,72
14315,14315,14316,72,72
14316,14316,14317,72,72
14317,14317,14318,72,72
14318,14318,14319,72,72
14319,14319,14320,72,72
14320,14320,14321,72,72
14321,14321,14322,72,72
14322,14322,14323,72,72
14323,14323,14324,72,72
14324,14324,14325,72,72
14325,14325,14326,72,72
14326,14326,14327,72,72
14327,14327,14328,72,72
14328,14328,14329,72,72
14329,14329,14330,72,72
14330,14330,14331,72,72
14331,14331,14332,72,72
14332,14332,14333,72,72
14333,14333,14334,72,72
14334,14334,14335,72,72
14335,14335,14336,72,72
14336,14336,14337,72,72
14337,14337,14338,72,72
14338,14338,14339,72,72
14339,14339,14340,72,72
14340,14340,14341,72,72
14341,14341,14342,72,72
14342,14342,14343,72,72
14343,14343,14344,72,72
14344,14344,14345,72,72
14345,14345,14346,72,72
14346,14346,14347,72,72
14347,14347,14348,72,72
14348,14348,14349,72,72
14349,14349,14350,72,72
14350,14350,14351,72,72
14351,14351,14352,72,72
14352,14352,14353,72,72
14353,14353,14354,72,72
14354,14354,14355,72,72
14355,14355,14356,72,72
14356,14356,14357,72,72
14357,14357,14358,72,72
14358,14358,14359,72,72
14359,14359,14360,72,72
14360,14360,14361,72,72
14361,14361,14362,72,72
14362,14362,14363,72,72
14363,14363,14364,72,72
14364,14364,14365,72,72
14365,14365,14366,72,72
14366,14366,14367,72,72
14367,14367,14368,72,72
14368,14368,14369,72,72
14369,14369,14370,72,72
14370,14370,14371,72,72
14371,14371,14372,72,72
14372,14372,14373,72,72
14373,14373,14374,72,72
14374,14374,14375,72,72
14375,14375,14376,72,72
14376,14376,14377,72,72
14377,14377,14378,72,72
14378,14378,14379,72,72
14379,14379,14380,72,72
14380,14380,14381,72,72
14381,14381,14382,72,72
14382,14382,14383,72,72
14383,14383,14384,72,72
14384,14384,14385,72,72
14385,14385,14386,72,72
14386,14386,14387,72,72
14387,14387,14388,72,72
14388,14388,14389,72,72
14389,14389,14390,72,72
14390,14390,14391,72,72
14391,14391,14392,72,72
14392,14392,14393,72,72
14393,14393,14394,72,72
14394,14394,14395,72,72
14395,14395,14396,72,72
14396,14396,14397,72,72
14397,14397,14398,72,72
14398,14398,14399,72,72
14399,14399,14400,72,72
14400,14400,14401,72,72
14401,14401,14402,72,72
14402,14402,14403,72,72
14403,14403,14404,72,72
14404,14404,14405,72,72
14405,14405,14406,72,72
14406,14406,14407,72,72
14407,14407,14408,72,72
14408,14408,14409,72,72
14409,14409,14410,72,72
14410,14410,14411,72,72
14411,14411,14412,72,72
14412,14412,14413,72,72
14413,14413,14414,72,72
14414,14414,14415,72,72
14415,14415,14416,72,72
14416,14416,14417,72,72
14417,14417,14418,72,72
14418,14418,14419,72,72
14419,14419,14420,72,72
14420,14420,14421,72,72
14421,14421,14422,72,72
14422,14422,14423,72,72
14423,14423,14424,72,72
14424,14424,14425,72,72
14425,14425,14426,72,72
14426,14426,14427,72,72
14427,14427,14428,72,72
14428,14428,14429,72,72
14429,14429,14430,72,72
14430,14430,14431,72,72
14431,14431,14432,72,72
14432,14432,14076,72,72
14433,14433,14434,73,73
14434,14434,14435,73,73
14435,14435,14436,73,73
14436,14436,14437,73,73
14437,14437,14438,73,73
14438,14438,14439,73,73
14439,14439,14440,73,73
14440,14440,14441,73,73
14441,14441,14442,73,73
14442,14442,14443,73,73
14443,14443,14444,73,73
14444,14444,14445,73,73
14445,14445,14446,73,73
14446,14446,14447,73,73
14447,14447,14448,73,73
14448,14448,14449,73,73
14449,14449,14450,73,73
14450,14450,14451,73,73
14451,14451,14452,73,73
14452,14452,14453,73,73
14453,14453,14454,73,73
14454,14454,14455,73,73
14455,14455,14456,73,73
14456,14456,14457,73,73
14457,14457,14458,73,73
14458,14458,14459,73,73
14459,14459,14460,73,73
14460,14460,14461,73,73
14461,14461,14462,73,73
14462,14462,14463,73,73
14463,14463,14464,73,73
14464,14464,14465,73,73
14465,14465,14466,73,73
14466,14466,14467,73,73
14467,14467,14468,73,73
14468,14468,14469,73,73
14469,14469,14470,73,73
14470,14470,14471,73,73
14471,14471,14472,73,73
14472,14472,14473,73,73
14473,14473,14474,73,73
14474,14474,14475,73,73
14475,14475,14476,73,73
14476,14476,14477,73,73
14477,14477,14478,73,73
14478,14478,14479,73,73
14479,14479,14480,73,73
14480,14480,14481,73,73
14481,14481,14482,73,73
14482,14482,14483,73,73
14483,14483,14484,73,73
14484,14484,14485,73,73
14485,14485,14486,73,73
14486,14486,14487,73,73
14487,14487,14488,73,73
14488,14488,14489,73,73
14489,14489,14490,73,73
14490,14490,14491,73,73
14491,14491,14492,73,73
14492,14492,14493,73,73
14493,14493,14494,73,73
14494,14494,14495,73,73
14495,14495,14496,73,73
14496,14496,14497,73,73
14497,14497,14498,73,73
14498,14498,14499,73,73
14499,14499,14500,73,73
14500,14500,14501,73,73
14501,14501,14502,73,73
14502,14502,14503,73,73
14503,14503,14504,73,73
14504,14504,14505,73,73
14505,14505,14506,73,73
14506,14506,14507,73,73
14507,14507,14508,73,73
14508,14508,14509,73,73
14509,14509,14510,73,73
14510,14510,14511,73,73
14511,14511,14512,73,73
14512,14512,14513,73,73
14513,14513,14514,73,73
14514,14514,14515,73,73
14515,14515,14516,73,73
14516,14516,14517,73,73
14517,14517,14433,73,73
14518,14518,14519,74,74
14519,14519,14520,74,74
14520,14520,14521,74,74
14521,14521,14522,74,74
14522,14522,14523,74,74
14523,14523,14524,74,74
14524,14524,14525,74,74
14525,14525,14526,74,74
14526,14526,14527,74,74
14527,14527,14528,74,74
14528,14528,14529,74,74
14529,14529,14530,74,74
14530,14530,14531,74,74
14531,14531,14532,74,74
14532,14532,14533,74,74
14533,14533,14534,74,74
14534,14534,14535,74,74
14535,14535,14536,74,74
14536,14536,14537,74,74
14537,14537,14538,74,74
14538,14538,14539,74,74
14539,14539,14540,74,74
14540,14540,14541,74,74
14541,14541,14542,74,74
14542,14542,14543,74,74
14543,14543,14544,74,74
14544,14544,14545,74,74
14545,14545,14546,74,74
14546,14546,14547,74,74
14547,14547,14548,74,74
14548,14548,14549,74,74
14549,14549,14550,74,74
14550,14550,14551,74,74
14551,14551,14552,74,74
14552,14552,14553,74,74
14553,14553,14554,74,74
14554,14554,14555,74,74
14555,14555,14556,74,74
14556,14556,14557,74,74
14557,14557,14558,74,74
14558,14558,14559,74,74
14559,14559,14560,74,74
14560,14560,14561,74,74
14561,14561,14562,74,74
14562,14562,14563,74,74
14563,14563,14564,74,74
14564,14564,14565,74,74
14565,14565,14566,74,74
14566,14566,14567,74,74
14567,14567,14568,74,74
14568,14568,14569,74,74
14569,14569,14570,74,74
14570,14570,14571,74,74
14571,14571,14572,74,74
14572,14572,14573,74,74
14573,14573,14574,74,74
14574,14574,14575,74,74
14575,14575,14576,74,74
14576,14576,14577,74,74
14577,14577,14578,74,74
14578,14578,14579,74,74
14579,14579,14580,74,74
14580,14580,14581,74,74
14581,14581,14582,74,74
14582,14582,14583,74,74
14583,14583,14584,74,74
14584,14584,14585,74,74
14585,14585,14586,74,74
14586,14586,14587,74,74
14587,14587,14588,74,74
14588,14588,14589,74,74
14589,14589,14590,74,74
14590,14590,14591,74,74
14591,14591,14592,74,74
14592,14592,14593,74,74
14593,14593,14594,74,74
14594,14594,14595,74,74
14595,14595,14596,74,74
14596,14596,14597,74,74
14597,14597,14598,74,74
14598,14598,14599,74,74
14599,14599,14600,74,74
14600,14600,14601,74,74
14601,14601,14602,74,74
14602,14602,14518,74,74
14603,14603,14604,75,75
14604,14604,14605,75,75
14605,14605,14606,75,75
14606,14606,14607,75,75
14607,14607,14608,75,75
14608,14608,14609,75,75
14609,14609,14610,75,75
14610,14610,14611,75,75
14611,14611,14612,75,75
14612,14612,14613,75,75
14613,14613,14614,75,75
14614,14614,14615,75,75
14615,14615,14616,75,75
14616,14616,14617,75,75
14617,14617,14618,75,75
14618,14618,14619,75,75
14619,14619,14620,75,75
14620,14620,14621,75,75
14621,14621,14622,75,75
14622,14622,14623,75,75
14623,14623,14624,75,75
14624,14624,14625,75,75
14625,14625,14626,75,75
14626,14626,14627,75,75
14627,14627,14628,75,75
14628,14628,14629,75,75
14629,14629,14630,75,75
14630,14630,14631,75,75
14631,14631,14632,75,75
14632,14632,14633,75,75
14633,14633,14634,75,75
14634,14634,14635,75,75
14635,14635,14636,75,75
14636,14636,14637,75,75
14637,14637,14638,75,75
14638,14638,14639,75,75
14639,14639,14640,75,75
14640,14640,14641,75,75
14641,14641,14642,75,75
14642,14642,14643,75,75
14643,14643,14644,75,75
14644,14644,14645,75,75
14645,14645,14646,75,75
14646,14646,14647,75,75
14647,14647,14648,75,75
14648,14648,14649,75,75
14649,14649,14650,75,75
14650,14650,14651,75,75
14651,14651,14652,75,75
14652,14652,14653,75,75
14653,14653,14654,75,75
14654,14654,14655,75,75
14655,14655,14656,75,75
14656,14656,14657,75,75
14657,14657,14658,75,75
14658,14658,14659,75,75
14659,14659,14660,75,75
14660,14660,14661,75,75
14661,14661,14662,75,75
14662,14662,14663,75,75
14663,14663,14664,75,75
14664,14664,14665,75,75
14665,14665,14666,75,75
14666,14666,14667,75,75
14667,14667,14668,75,75
14668,14668,14669,75,75
14669,14669,14670,75,75
14670,14670,14671,75,75
14671,14671,14672,75,75
14672,14672,14673,75,75
14673,14673,14674,75,75
14674,14674,14675,75,75
14675,14675,14676,75,75
14676,14676,14677,75,75
14677,14677,14678,75,75
14678,14678,14679,75,75
14679,14679,14680,75,75
14680,14680,14681,75,75
14681,14681,14682,75,75
14682,14682,14683,75,75
14683,14683,14684,75,75
14684,14684,14685,75,75
14685,14685,14686,75,75
14686,14686,14687,75,75
14687,14687,14603,75,75
14688,14688,14689,76,76
14689,14689,14690,76,76
14690,14690,14691,76,76
14691,14691,14692,76,76
14692,14692,14693,76,76
14693,14693,14694,76,76
14694,14694,14695,76,76
14695,14695,14696,76,76
14696,14696,14697,76,76
14697,14697,14698,76,76
14698,14698,14699,76,76
14699,14699,14700,76,76
14700,14700,14701,76,76
14701,14701,14702,76,76
14702,14702,14703,76,76
14703,14703,14704,76,76
14704,14704,14705,76,76
14705,14705,14706,76,76
14706,14706,14707,76,76
14707,14707,14708,76,76
14708,14708,14709,76,76
14709,14709,14710,76,76
14710,14710,14711,76,76
14711,14711,14712,76,76
14712,14712,14713,76,76
14713,14713,14714,76,76
14714,14714,14715,76,76
14715,14715,14716,76,76
14716,14716,14717,76,76
14717,14717,14718,76,76
14718,14718,14719,76,76
14719,14719,14720,76,76
14720,14720,14721,76,76
14721,14721,14722,76,76
14722,14722,14723,76,76
14723,14723,14724,76,76
14724,14724,14725,76,76
14725,14725,14726,76,76
14726,14726,14727,76,76
14727,14727,14728,76,76
14728,14728,14729,76,76
14729,14729,14730,76,76
14730,14730,14731,76,76
14731,14731,14732,76,76
14732,14732,14733,76,76
14733,14733,14734,76,76
14734,14734,14735,76,76
14735,14735,14736,76,76
14736,14736,14737,76,76
14737,14737,14738,76,76
14738,14738,14739,76,76
14739,14739,14740,76,76
14740,14740,14741,76,76
14741,14741,14742,76,76
14742,14742,14743,76,76
14743,14743,14744,76,76
14744,14744,14745,76,76
14745,14745,14746,76,76
14746,14746,14747,76,76
14747,14747,14748,76,76
14748,14748,14749,76,76
14749,14749,14750,76,76
14750,14750,14751,76,76
14751,14751,14752,76,76
14752,14752,14753,76,76
14753,14753,14754,76,76
14754,14754,14755,76,76
14755,14755,14756,76,76
14756,14756,14757,76,76
14757,14757,14758,76,76
14758,14758,14759,76,76
14759,14759,14760,76,76
14760,14760,14761,76,76
14761,14761,14762,76,76
14762,14762,14763,76,76
14763,14763,14764,76,76
14764,14764,14765,76,76
14765,14765,14766,76,76
14766,14766,14767,76,76
14767,14767,14768,76,76
14768,14768,14769,76,76
14769,14769,14770,76,76
14770,14770,14771,76,76
14771,14771,14772,76,76
14772,14772,14773,76,76
14773,14773,14774,76,76
14774,14774,14775,76,76
14775,14775,14776,76,76
14776,14776,14777,76,76
14777,14777,14778,76,76
14778,14778,14779,76,76
14779,14779,14780,76,76
14780,14780,14781,76,76
14781,14781,14782,76,76
14782,14782,14783,76,76
14783,14783,14784,76,76
14784,14784,14785,76,76
14785,14785,14786,76,76
14786,14786,14787,76,76
14787,14787,14788,76,76
14788,14788,14789,76,76
14789,14789,14790,76,76
14790,14790,14791,76,76
14791,14791,14792,76,76
14792,14792,14793,76,76
14793,14793,14794,76,76
14794,14794,14795,76,76
14795,14795,14796,76,76
14796,14796,14797,76,76
14797,14797,14798,76,76
14798,14798,14799,76,76
14799,14799,14800,76,76
14800,14800,14801,76,76
14801,14801,14802,76,76
14802,14802,14803,76,76
14803,14803,14804,76,76
14804,14804,14805,76,76
14805,14805,14806,76,76
14806,14806,14807,76,76
14807,14807,14808,76,76
14808,14808,14809,76,76
14809,14809,14810,76,76
14810,14810,14811,76,76
14811,14811,14812,76,76
14812,14812,14813,76,76
14813,14813,14814,76,76
14814,14814,14815,76,76
14815,14815,14816,76,76
14816,14816,14817,76,76
14817,14817,14818,76,76
14818,14818,14819,76,76
14819,14819,14820,76,76
14820,14820,14821,76,76
14821,14821,14822,76,76
14822,14822,14823,76,76
14823,14823,14824,76,76
14824,14824,14825,76,76
14825,14825,14826,76,76
14826,14826,14827,76,76
14827,14827,14828,76,76
14828,14828,14829,76,76
14829,14829,14830,76,76
14830,14830,14831,76,76
14831,14831,14832,76,76
14832,14832,14833,76,76
14833,14833,14834,76,76
14834,14834,14835,76,76
14835,14835,14836,76,76
14836,14836,14837,76,76
14837,14837,14838,76,76
14838,14838,14839,76,76
14839,14839,14840,76,76
14840,14840,14841,76,76
14841,14841,14842,76,76
14842,14842,14843,76,76
14843,14843,14844,76,76
14844,14844,14845,76,76
14845,14845,14846,76,76
14846,14846,14847,76,76
14847,14847,14848,76,76
14848,14848,14849,76,76
14849,14849,14850,76,76
14850,14850,14851,76,76
14851,14851,14852,76,76
14852,14852,14853,76,76
14853,14853,14854,76,76
14854,14854,14855,76,76
14855,14855,14856,76,76
14856,14856,14857,76,76
14857,14857,14858,76,76
14858,14858,14859,76,76
14859,14859,14860,76,76
14860,14860,14861,76,76
14861,14861,14862,76,76
14862,14862,14863,76,76
14863,14863,14864,76,76
14864,14864,14865,76,76
14865,14865,14866,76,76
14866,14866,14867,76,76
14867,14867,14868,76,76
14868,14868,14869,76,76
14869,14869,14870,76,76
14870,14870,14871,76,76
14871,14871,14872,76,76
14872,14872,14873,76,76
14873,14873,14874,76,76
14874,14874,14875,76,76
14875,14875,14876,76,76
14876,14876,14877,76,76
14877,14877,14878,76,76
14878,14878,14879,76,76
14879,14879,14880,76,76
14880,14880,14881,76,76
14881,14881,14882,76,76
14882,14882,14883,76,76
14883,14883,14884,76,76
14884,14884,14885,76,76
14885,14885,14886,76,76
14886,14886,14887,76,76
14887,14887,14888,76,76
14888,14888,14889,76,76
14889,14889,14890,76,76
14890,14890,14891,76,76
14891,14891,14892,76,76
14892,14892,14893,76,76
14893,14893,14894,76,76
14894,14894,14895,76,76
14895,14895,14896,76,76
14896,14896,14897,76,76
14897,14897,14898,76,76
14898,14898,14899,76,76
14899,14899,14900,76,76
14900,14900,14901,76,76
14901,14901,14902,76,76
14902,14902,14903,76,76
14903,14903,14904,76,76
14904,14904,14905,76,76
14905,14905,14906,76,76
14906,14906,14907,76,76
14907,14907,14908,76,76
14908,14908,14909,76,76
14909,14909,14910,76,76
14910,14910,14911,76,76
14911,14911,14912,76,76
14912,14912,14913,76,76
14913,14913,14914,76,76
14914,14914,14915,76,76
14915,14915,14916,76,76
14916,14916,14917,76,76
14917,14917,14918,76,76
14918,14918,14919,76,76
14919,14919,14920,76,76
14920,14920,14921,76,76
14921,14921,14922,76,76
14922,14922,14923,76,76
14923,14923,14924,76,76
14924,14924,14925,76,76
14925,14925,14926,76,76
14926,14926,14927,76,76
14927,14927,14928,76,76
14928,14928,14929,76,76
14929,14929,14930,76,76
14930,14930,14931,76,76
14931,14931,14932,76,76
14932,14932,14933,76,76
14933,14933,14934,76,76
14934,14934,14935,76,76
14935,14935,14936,76,76
14936,14936,14937,76,76
14937,14937,14938,76,76
14938,14938,14939,76,76
14939,14939,14940,76,76
14940,14940,14941,76,76
14941,14941,14942,76,76
14942,14942,14943,76,76
14943,14943,14944,76,76
14944,14944,14945,76,76
14945,14945,14946,76,76
14946,14946,14947,76,76
14947,14947,14948,76,76
14948,14948,14949,76,76
14949,14949,14950,76,76
14950,14950,14951,76,76
14951,14951,14952,76,76
14952,14952,14953,76,76
14953,14953,14954,76,76
14954,14954,14955,76,76
14955,14955,14956,76,76
14956,14956,14957,76,76
14957,14957,14958,76,76
14958,14958,14959,76,76
14959,14959,14960,76,76
14960,14960,14961,76,76
14961,14961,14962,76,76
14962,14962,14963,76,76
14963,14963,14964,76,76
14964,14964,14965,76,76
14965,14965,14966,76,76
14966,14966,14967,76,76
14967,14967,14968,76,76
14968,14968,14969,76,76
14969,14969,14970,76,76
14970,14970,14971,76,76
14971,14971,14972,76,76
14972,14972,14973,76,76
14973,14973,14974,76,76
14974,14974,14975,76,76
14975,14975,14976,76,76
14976,14976,14977,76,76
14977,14977,14978,76,76
14978,14978,14979,76,76
14979,14979,14980,76,76
14980,14980,14981,76,76
14981,14981,14982,76,76
14982,14982,14983,76,76
14983,14983,14984,76,76
14984,14984,14985,76,76
14985,14985,14986,76,76
14986,14986,14987,76,76
14987,14987,14988,76,76
14988,14988,14989,76,76
14989,14989,14990,76,76
14990,14990,14991,76,76
14991,14991,14992,76,76
14992,14992,14993,76,76
14993,14993,14994,76,76
14994,14994,14995,76,76
14995,14995,14996,76,76
14996,14996,14997,76,76
14997,14997,14998,76,76
14998,14998,14999,76,76
14999,14999,15000,76,76
15000,15000,15001,76,76
15001,15001,15002,76,76
15002,15002,15003,76,76
15003,15003,15004,76,76
15004,15004,15005,76,76
15005,15005,15006,76,76
15006,15006,15007,76,76
15007,15007,15008,76,76
15008,15008,15009,76,76
15009,15009,15010,76,76
15010,15010,15011,76,76
15011,15011,15012,76,76
15012,15012,15013,76,76
15013,15013,15014,76,76
15014,15014,15015,76,76
15015,15015,15016,76,76
15016,15016,15017,76,76
15017,15017,15018,76,76
15018,15018,15019,76,76
15019,15019,15020,76,76
15020,15020,15021,76,76
15021,15021,15022,76,76
15022,15022,15023,76,76
15023,15023,15024,76,76
15024,15024,15025,76,76
15025,15025,15026,76,76
15026,15026,15027,76,76
15027,15027,15028,76,76
15028,15028,15029,76,76
15029,15029,15030,76,76
15030,15030,15031,76,76
15031,15031,15032,76,76
15032,15032,15033,76,76
15033,15033,15034,76,76
15034,15034,15035,76,76
15035,15035,15036,76,76
15036,15036,15037,76,76
15037,15037,15038,76,76
15038,15038,15039,76,76
15039,15039,15040,76,76
15040,15040,15041,76,76
15041,15041,15042,76,76
15042,15042,15043,76,76
15043,15043,15044,76,76
15044,15044,14688,76,76
15045,15045,15046,77,77
15046,15046,15047,77,77
15047,15047,15048,77,77
15048,15048,15049,77,77
15049,15049,15050,77,77
15050,15050,15051,77,77
15051,15051,15052,77,77
15052,15052,15053,77,77
15053,15053,15054,77,77
15054,15054,15055,77,77
15055,15055,15056,77,77
15056,15056,15057,77,77
15057,15057,15058,77,77
15058,15058,15059,77,77
15059,15059,15060,77,77
15060,15060,15061,77,77
15061,15061,15062,77,77
15062,15062,15063,77,77
15063,15063,15064,77,77
15064,15064,15065,77,77
15065,15065,15066,77,77
15066,15066,15067,77,77
15067,15067,15068,77,77
15068,15068,15069,77,77
15069,15069,15070,77,77
15070,15070,15071,77,77
15071,15071,15072,77,77
15072,15072,15073,77,77
15073,15073,15074,77,77
15074,15074,15075,77,77
15075,15075,15076,77,77
15076,15076,15077,77,77
15077,15077,15078,77,77
15078,15078,15079,77,77
15079,15079,15080,77,77
15080,15080,15081,77,77
15081,15081,15082,77,77
15082,15082,15083,77,77
15083,15083,15084,77,77
15084,15084,15085,77,77
15085,15085,15086,77,77
15086,15086,15087,77,77
15087,15087,15088,77,77
15088,15088,15089,77,77
15089,15089,15090,77,77
15090,15090,15091,77,77
15091,15091,15092,77,77
15092,15092,15093,77,77
15093,15093,15094,77,77
15094,15094,15095,77,77
15095,15095,15096,77,77
15096,15096,15097,77,77
15097,15097,15098,77,77
15098,15098,15099,77,77
15099,15099,15100,77,77
15100,15100,15101,77,77
15101,15101,15102,77,77
15102,15102,15103,77,77
15103,15103,15104,77,77
15104,15104,15105,77,77
15105,15105,15106,77,77
15106,15106,15107,77,77
15107,15107,15108,77,77
15108,15108,15109,77,77
15109,15109,15110,77,77
15110,15110,15111,77,77
15111,15111,15112,77,77
15112,15112,15113,77,77
15113,15113,15114,77,77
15114,15114,15115,77,77
15115,15115,15116,77,77
15116,15116,15117,77,77
15117,15117,15118,77,77
15118,15118,15119,77,77
15119,15119,15120,77,77
15120,15120,15121,77,77
15121,15121,15122,77,77
15122,15122,15123,77,77
15123,15123,15124,77,77
15124,15124,15125,77,77
15125,15125,15126,77,77
15126,15126,15127,77,77
15127,15127,15128,77,77
15128,15128,15129,77,77
15129,15129,15130,77,77
15130,15130,15131,77,77
15131,15131,15132,77,77
15132,15132,15133,77,77
15133,15133,15134,77,77
15134,15134,15135,77,77
15135,15135,15136,77,77
15136,15136,15137,77,77
15137,15137,15138,77,77
15138,15138,15139,77,77
15139,15139,15140,77,77
15140,15140,15141,77,77
15141,15141,15142,77,77
15142,15142,15143,77,77
15143,15143,15144,77,77
15144,15144,15145,77,77
15145,15145,15146,77,77
15146,15146,15147,77,77
15147,15147,15148,77,77
15148,15148,15149,77,77
15149,15149,15150,77,77
15150,15150,15151,77,77
15151,15151,15152,77,77
15152,15152,15153,77,77
15153,15153,15154,77,77
15154,15154,15155,77,77
15155,15155,15156,77,77
15156,15156,15157,77,77
15157,15157,15158,77,77
15158,15158,15159,77,77
15159,15159,15160,77,77
15160,15160,15161,77,77
15161,15161,15162,77,77
15162,15162,15163,77,77
15163,15163,15164,77,77
15164,15164,15165,77,77
15165,15165,15166,77,77
15166,15166,15167,77,77
15167,15167,15168,77,77
15168,15168,15169,77,77
15169,15169,15170,77,77
15170,15170,15171,77,77
15171,15171,15172,77,77
15172,15172,15173,77,77
15173,15173,15174,77,77
15174,15174,15175,77,77
15175,15175,15176,77,77
15176,15176,15177,77,77
15177,15177,15178,77,77
15178,15178,15179,77,77
15179,15179,15180,77,77
15180,15180,15181,77,77
15181,15181,15182,77,77
15182,15182,15183,77,77
15183,15183,15184,77,77
15184,15184,15185,77,77
15185,15185,15186,77,77
15186,15186,15187,77,77
15187,15187,15188,77,77
15188,15188,15189,77,77
15189,15189,15190,77,77
15190,15190,15191,77,77
15191,15191,15192,77,77
15192,15192,15193,77,77
15193,15193,15194,77,77
15194,15194,15195,77,77
15195,15195,15196,77,77
15196,15196,15197,77,77
15197,15197,15198,77,77
15198,15198,15199,77,77
15199,15199,15200,77,77
15200,15200,15201,77,77
15201,15201,15202,77,77
15202,15202,15203,77,77
15203,15203,15204,77,77
15204,15204,15205,77,77
15205,15205,15206,77,77
15206,15206,15207,77,77
15207,15207,15208,77,77
15208,15208,15209,77,77
15209,15209,15210,77,77
15210,15210,15211,77,77
15211,15211,15212,77,77
15212,15212,15213,77,77
15213,15213,15214,77,77
15214,15214,15215,77,77
15215,15215,15216,77,77
15216,15216,15217,77,77
15217,15217,15218,77,77
15218,15218,15219,77,77
15219,15219,15220,77,77
15220,15220,15221,77,77
15221,15221,15222,77,77
15222,15222,15223,77,77
15223,15223,15224,77,77
15224,15224,15225,77,77
15225,15225,15226,77,77
15226,15226,15227,77,77
15227,15227,15228,77,77
15228,15228,15229,77,77
15229,15229,15230,77,77
15230,15230,15231,77,77
15231,15231,15232,77,77
15232,15232,15233,77,77
15233,15233,15234,77,77
15234,15234,15235,77,77
15235,15235,15236,77,77
15236,15236,15237,77,77
15237,15237,15238,77,77
15238,15238,15239,77,77
15239,15239,15240,77,77
15240,15240,15241,77,77
15241,15241,15242,77,77
15242,15242,15243,77,77
15243,15243,15244,77,77
15244,15244,15245,77,77
15245,15245,15246,77,77
15246,15246,15247,77,77
15247,15247,15248,77,77
15248,15248,15249,77,77
15249,15249,15250,77,77
15250,15250,15251,77,77
15251,15251,15252,77,77
15252,15252,15253,77,77
15253,15253,15254,77,77
15254,15254,15255,77,77
15255,15255,15256,77,77
15256,15256,15257,77,77
15257,15257,15258,77,77
15258,15258,15259,77,77
15259,15259,15260,77,77
15260,15260,15261,77,77
15261,15261,15262,77,77
15262,15262,15263,77,77
15263,15263,15264,77,77
15264,15264,15265,77,77
15265,15265,15266,77,77
15266,15266,15267,77,77
15267,15267,15268,77,77
15268,15268,15269,77,77
15269,15269,15270,77,77
15270,15270,15271,77,77
15271,15271,15272,77,77
15272,15272,15273,77,77
15273,15273,15274,77,77
15274,15274,15275,77,77
15275,15275,15276,77,77
15276,15276,15277,77,77
15277,15277,15278,77,77
15278,15278,15279,77,77
15279,15279,15280,77,77
15280,15280,15281,77,77
15281,15281,15282,77,77
15282,15282,15283,77,77
15283,15283,15284,77,77
15284,15284,15285,77,77
15285,15285,15286,77,77
15286,15286,15287,77,77
15287,15287,15288,77,77
15288,15288,15289,77,77
15289,15289,15290,77,77
15290,15290,15291,77,77
15291,15291,15292,77,77
15292,15292,15293,77,77
15293,15293,15294,77,77
15294,15294,15295,77,77
15295,15295,15296,77,77
15296,15296,15297,77,77
15297,15297,15298,77,77
15298,15298,15299,77,77
15299,15299,15300,77,77
15300,15300,15301,77,77
15301,15301,15302,77,77
15302,15302,15303,77,77
15303,15303,15304,77,77
15304,15304,15305,77,77
15305,15305,15306,77,77
15306,15306,15307,77,77
15307,15307,15308,77,77
15308,15308,15309,77,77
15309,15309,15310,77,77
15310,15310,15311,77,77
15311,15311,15312,77,77
15312,15312,15313,77,77
15313,15313,15314,77,77
15314,15314,15315,77,77
15315,15315,15316,77,77
15316,15316,15317,77,77
15317,15317,15318,77,77
15318,15318,15319,77,77
15319,15319,15320,77,77
15320,15320,15321,77,77
15321,15321,15322,77,77
15322,15322,15323,77,77
15323,15323,15324,77,77
15324,15324,15325,77,77
15325,15325,15326,77,77
15326,15326,15327,77,77
15327,15327,15328,77,77
15328,15328,15329,77,77
15329,15329,15330,77,77
15330,15330,15331,77,77
15331,15331,15332,77,77
15332,15332,15333,77,77
15333,15333,15334,77,77
15334,15334,15335,77,77
15335,15335,15336,77,77
15336,15336,15337,77,77
15337,15337,15338,77,77
15338,15338,15339,77,77
15339,15339,15340,77,77
15340,15340,15341,77,77
15341,15341,15342,77,77
15342,15342,15343,77,77
15343,15343,15344,77,77
15344,15344,15345,77,77
15345,15345,15346,77,77
15346,15346,15347,77,77
15347,15347,15348,77,77
15348,15348,15349,77,77
15349,15349,15350,77,77
15350,15350,15351,77,77
15351,15351,15352,77,77
15352,15352,15353,77,77
15353,15353,15354,77,77
15354,15354,15355,77,77
15355,15355,15356,77,77
15356,15356,15357,77,77
15357,15357,15358,77,77
15358,15358,15359,77,77
15359,15359,15360,77,77
15360,15360,15361,77,77
15361,15361,15362,77,77
15362,15362,15363,77,77
15363,15363,15364,77,77
15364,15364,15365,77,77
15365,15365,15366,77,77
15366,15366,15367,77,77
15367,15367,15368,77,77
15368,15368,15369,77,77
15369,15369,15370,77,77
15370,15370,15371,77,77
15371,15371,15372,77,77
15372,15372,15373,77,77
15373,15373,15374,77,77
15374,15374,15375,77,77
15375,15375,15376,77,77
15376,15376,15377,77,77
15377,15377,15378,77,77
15378,15378,15379,77,77
15379,15379,15380,77,77
15380,15380,15381,77,77
15381,15381,15382,77,77
15382,15382,15383,77,77
15383,15383,15384,77,77
15384,15384,15385,77,77
15385,15385,15386,77,77
15386,15386,15387,77,77
15387,15387,15388,77,77
15388,15388,15389,77,77
15389,15389,15390,77,77
15390,15390,15391,77,77
15391,15391,15392,77,77
15392,15392,15393,77,77
15393,15393,15394,77,77
15394,15394,15395,77,77
15395,15395,15396,77,77
15396,15396,15397,77,77
15397,15397,15398,77,77
15398,15398,15399,77,77
15399,15399,15400,77,77
15400,15400,15401,77,77
15401,15401,15045,77,77
15402,15402,15403,78,78
15403,15403,15404,78,78
15404,15404,15405,78,78
15405,15405,15406,78,78
15406,15406,15407,78,78
15407,15407,15408,78,78
15408,15408,15409,78,78
15409,15409,15410,78,78
15410,15410,15411,78,78
15411,15411,15412,78,78
15412,15412,15413,78,78
15413,15413,15414,78,78
15414,15414,15415,78,78
15415,15415,15416,78,78
15416,15416,15417,78,78
15417,15417,15418,78,78
15418,15418,15419,78,78
15419,15419,15420,78,78
15420,15420,15421,78,78
15421,15421,15422,78,78
15422,15422,15423,78,78
15423,15423,15424,78,78
15424,15424,15425,78,78
15425,15425,15426,78,78
15426,15426,15427,78,78
15427,15427,15428,78,78
15428,15428,15429,78,78
15429,15429,15430,78,78
15430,15430,15431,78,78
15431,15431,15432,78,78
15432,15432,15433,78,78
15433,15433,15434,78,78
15434,15434,15435,78,78
15435,15435,15436,78,78
15436,15436,15437,78,78
15437,15437,15438,78,78
15438,15438,15439,78,78
15439,15439,15440,78,78
15440,15440,15441,78,78
15441,15441,15442,78,78
15442,15442,15443,78,78
15443,15443,15444,78,78
15444,15444,15445,78,78
15445,15445,15446,78,78
15446,15446,15447,78,78
15447,15447,15448,78,78
15448,15448,15449,78,78
15449,15449,15450,78,78
15450,15450,15451,78,78
15451,15451,15452,78,78
15452,15452,15453,78,78
15453,15453,15454,78,78
15454,15454,15455,78,78
15455,15455,15456,78,78
15456,15456,15457,78,78
15457,15457,15458,78,78
15458,15458,15459,78,78
15459,15459,15460,78,78
15460,15460,15461,78,78
15461,15461,15462,78,78
15462,15462,15463,78,78
15463,15463,15464,78,78
15464,15464,15465,78,78
15465,15465,15466,78,78
15466,15466,15467,78,78
15467,15467,15468,78,78
15468,15468,15469,78,78
15469,15469,15470,78,78
15470,15470,15471,78,78
15471,15471,15472,78,78
15472,15472,15473,78,78
15473,15473,15474,78,78
15474,15474,15475,78,78
15475,15475,15476,78,78
15476,15476,15477,78,78
15477,15477,15478,78,78
15478,15478,15479,78,78
15479,15479,15480,78,78
15480,15480,15481,78,78
15481,15481,15482,78,78
15482,15482,15483,78,78
15483,15483,15484,78,78
15484,15484,15485,78,78
15485,15485,15486,78,78
15486,15486,15487,78,78
15487,15487,15488,78,78
15488,15488,15489,78,78
15489,15489,15490,78,78
15490,15490,15491,78,78
15491,15491,15492,78,78
15492,15492,15493,78,78
15493,15493,15494,78,78
15494,15494,15495,78,78
15495,15495,15496,78,78
15496,15496,15497,78,78
15497,15497,15498,78,78
15498,15498,15499,78,78
15499,15499,15500,78,78
15500,15500,15501,78,78
15501,15501,15502,78,78
15502,15502,15503,78,78
15503,15503,15504,78,78
15504,15504,15505,78,78
15505,15505,15506,78,78
15506,15506,15507,78,78
15507,15507,15508,78,78
15508,15508,15509,78,78
15509,15509,15510,78,78
15510,15510,15511,78,78
15511,15511,15512,78,78
15512,15512,15513,78,78
15513,15513,15514,78,78
15514,15514,15515,78,78
15515,15515,15516,78,78
15516,15516,15517,78,78
15517,15517,15518,78,78
15518,15518,15519,78,78
15519,15519,15520,78,78
15520,15520,15521,78,78
15521,15521,15522,78,78
15522,15522,15523,78,78
15523,15523,15524,78,78
15524,15524,15525,78,78
15525,15525,15526,78,78
15526,15526,15527,78,78
15527,15527,15528,78,78
15528,15528,15529,78,78
15529,15529,15530,78,78
15530,15530,15531,78,78
15531,15531,15532,78,78
15532,15532,15533,78,78
15533,15533,15534,78,78
15534,15534,15535,78,78
15535,15535,15536,78,78
15536,15536,15537,78,78
15537,15537,15538,78,78
15538,15538,15539,78,78
15539,15539,15540,78,78
15540,15540,15541,78,78
15541,15541,15542,78,78
15542,15542,15543,78,78
15543,15543,15544,78,78
15544,15544,15545,78,78
15545,15545,15546,78,78
15546,15546,15547,78,78
15547,15547,15548,78,78
15548,15548,15549,78,78
15549,15549,15550,78,78
15550,15550,15551,78,78
15551,15551,15552,78,78
15552,15552,15553,78,78
15553,15553,15554,78,78
15554,15554,15555,78,78
15555,15555,15556,78,78
15556,15556,15557,78,78
15557,15557,15558,78,78
15558,15558,15559,78,78
15559,15559,15560,78,78
15560,15560,15561,78,78
15561,15561,15562,78,78
15562,15562,15563,78,78
15563,15563,15564,78,78
15564,15564,15565,78,78
15565,15565,15566,78,78
15566,15566,15567,78,78
15567,15567,15568,78,78
15568,15568,15569,78,78
15569,15569,15570,78,78
15570,15570,15571,78,78
15571,15571,15572,78,78
15572,15572,15573,78,78
15573,15573,15574,78,78
15574,15574,15575,78,78
15575,15575,15576,78,78
15576,15576,15577,78,78
15577,15577,15578,78,78
15578,15578,15579,78,78
15579,15579,15580,78,78
15580,15580,15581,78,78
15581,15581,15582,78,78
15582,15582,15583,78,78
15583,15583,15584,78,78
15584,15584,15585,78,78
15585,15585,15586,78,78
15586,15586,15587,78,78
15587,15587,15588,78,78
15588,15588,15589,78,78
15589,15589,15590,78,78
15590,15590,15591,78,78
15591,15591,15592,78,78
15592,15592,15593,78,78
15593,15593,15594,78,78
15594,15594,15595,78,78
15595,15595,15596,78,78
15596,15596,15597,78,78
15597,15597,15598,78,78
15598,15598,15599,78,78
15599,15599,15600,78,78
15600,15600,15601,78,78
15601,15601,15602,78,78
15602,15602,15603,78,78
15603,15603,15604,78,78
15604,15604,15605,78,78
15605,15605,15606,78,78
15606,15606,15607,78,78
15607,15607,15608,78,78
15608,15608,15609,78,78
15609,15609,15610,78,78
15610,15610,15611,78,78
15611,15611,15612,78,78
15612,15612,15613,78,78
15613,15613,15614,78,78
15614,15614,15615,78,78
15615,15615,15616,78,78
15616,15616,15617,78,78
15617,15617,15618,78,78
15618,15618,15619,78,78
15619,15619,15620,78,78
15620,15620,15621,78,78
15621,15621,15622,78,78
15622,15622,15623,78,78
15623,15623,15624,78,78
15624,15624,15625,78,78
15625,15625,15626,78,78
15626,15626,15627,78,78
15627,15627,15628,78,78
15628,15628,15629,78,78
15629,15629,15630,78,78
15630,15630,15631,78,78
15631,15631,15632,78,78
15632,15632,15633,78,78
15633,15633,15634,78,78
15634,15634,15635,78,78
15635,15635,15636,78,78
15636,15636,15637,78,78
15637,15637,15638,78,78
15638,15638,15639,78,78
15639,15639,15640,78,78
15640,15640,15641,78,78
15641,15641,15642,78,78
15642,15642,15643,78,78
15643,15643,15644,78,78
15644,15644,15645,78,78
15645,15645,15646,78,78
15646,15646,15647,78,78
15647,15647,15648,78,78
15648,15648,15649,78,78
15649,15649,15650,78,78
15650,15650,15651,78,78
15651,15651,15652,78,78
15652,15652,15653,78,78
15653,15653,15654,78,78
15654,15654,15655,78,78
15655,15655,15656,78,78
15656,15656,15657,78,78
15657,15657,15658,78,78
15658,15658,15659,78,78
15659,15659,15660,78,78
15660,15660,15661,78,78
15661,15661,15662,78,78
15662,15662,15663,78,78
15663,15663,15664,78,78
15664,15664,15665,78,78
15665,15665,15666,78,78
15666,15666,15667,78,78
15667,15667,15668,78,78
15668,15668,15669,78,78
15669,15669,15670,78,78
15670,15670,15671,78,78
15671,15671,15672,78,78
15672,15672,15673,78,78
15673,15673,15674,78,78
15674,15674,15675,78,78
15675,15675,15676,78,78
15676,15676,15677,78,78
15677,15677,15678,78,78
15678,15678,15679,78,78
15679,15679,15680,78,78
15680,15680,15681,78,78
15681,15681,15682,78,78
15682,15682,15683,78,78
15683,15683,15684,78,78
15684,15684,15685,78,78
15685,15685,15686,78,78
15686,15686,15687,78,78
15687,15687,15688,78,78
15688,15688,15689,78,78
15689,15689,15690,78,78
15690,15690,15691,78,78
15691,15691,15692,78,78
15692,15692,15693,78,78
15693,15693,15694,78,78
15694,15694,15695,78,78
15695,15695,15696,78,78
15696,15696,15697,78,78
15697,15697,15698,78,78
15698,15698,15699,78,78
15699,15699,15700,78,78
15700,15700,15701,78,78
15701,15701,15702,78,78
15702,15702,15703,78,78
15703,15703,15704,78,78
15704,15704,15705,78,78
15705,15705,15706,78,78
15706,15706,15707,78,78
15707,15707,15708,78,78
15708,15708,15709,78,78
15709,15709,15710,78,78
15710,15710,15711,78,78
15711,15711,15712,78,78
15712,15712,15713,78,78
15713,15713,15714,78,78
15714,15714,15715,78,78
15715,15715,15716,78,78
15716,15716,15717,78,78
15717,15717,15718,78,78
15718,15718,15719,78,78
15719,15719,15720,78,78
15720,15720,15721,78,78
15721,15721,15722,78,78
15722,15722,15723,78,78
15723,15723,15724,78,78
15724,15724,15725,78,78
15725,15725,15726,78,78
15726,15726,15727,78,78
15727,15727,15728,78,78
15728,15728,15729,78,78
15729,15729,15730,78,78
15730,15730,15731,78,78
15731,15731,15732,78,78
15732,15732,15733,78,78
15733,15733,15734,78,78
15734,15734,15735,78,78
15735,15735,15736,78,78
15736,15736,15737,78,78
15737,15737,15738,78,78
15738,15738,15739,78,78
15739,15739,15740,78,78
15740,15740,15741,78,78
15741,15741,15742,78,78
15742,15742,15743,78,78
15743,15743,15744,78,78
15744,15744,15745,78,78
15745,15745,15746,78,78
15746,15746,15747,78,78
15747,15747,15748,78,78
15748,15748,15749,78,78
15749,15749,15750,78,78
15750,15750,15751,78,78
15751,15751,15752,78,78
15752,15752,15753,78,78
15753,15753,15754,78,78
15754,15754,15755,78,78
15755,15755,15756,78,78
15756,15756,15757,78,78
15757,15757,15758,78,78
15758,15758,15402,78,78
15759,15759,15760,79,79
15760,15760,15761,79,79
15761,15761,15762,79,79
15762,15762,15763,79,79
15763,15763,15764,79,79
15764,15764,15765,79,79
15765,15765,15766,79,79
15766,15766,15767,79,79
15767,15767,15768,79,79
15768,15768,15769,79,79
15769,15769,15770,79,79
15770,15770,15771,79,79
15771,15771,15772,79,79
15772,15772,15773,79,79
15773,15773,15774,79,79
15774,15774,15775,79,79
15775,15775,15776,79,79
15776,15776,15777,79,79
15777,15777,15778,79,79
15778,15778,15779,79,79
15779,15779,15780,79,79
15780,15780,15781,79,79
15781,15781,15782,79,79
15782,15782,15783,79,79
15783,15783,15784,79,79
15784,15784,15785,79,79
15785,15785,15786,79,79
15786,15786,15787,79,79
15787,15787,15788,79,79
15788,15788,15789,79,79
15789,15789,15790,79,79
15790,15790,15791,79,79
15791,15791,15792,79,79
15792,15792,15793,79,79
15793,15793,15794,79,79
15794,15794,15795,79,79
15795,15795,15796,79,79
15796,15796,15797,79,79
15797,15797,15798,79,79
15798,15798,15799,79,79
15799,15799,15800,79,79
15800,15800,15801,79,79
15801,15801,15802,79,79
15802,15802,15803,79,79
15803,15803,15804,79,79
15804,15804,15805,79,79
15805,15805,15806,79,79
15806,15806,15807,79,79
15807,15807,15808,79,79
15808,15808,15809,79,79
15809,15809,15810,79,79
15810,15810,15811,79,79
15811,15811,15812,79,79
15812,15812,15813,79,79
15813,15813,15814,79,79
15814,15814,15815,79,79
15815,15815,15816,79,79
15816,15816,15817,79,79
15817,15817,15818,79,79
15818,15818,15819,79,79
15819,15819,15820,79,79
15820,15820,15821,79,79
15821,15821,15822,79,79
15822,15822,15823,79,79
15823,15823,15824,79,79
15824,15824,15825,79,79
15825,15825,15826,79,79
15826,15826,15827,79,79
15827,15827,15828,79,79
15828,15828,15829,79,79
15829,15829,15830,79,79
15830,15830,15831,79,79
15831,15831,15832,79,79
15832,15832,15833,79,79
15833,15833,15834,79,79
15834,15834,15835,79,79
15835,15835,15836,79,79
15836,15836,15837,79,79
15837,15837,15838,79,79
15838,15838,15839,79,79
15839,15839,15840,79,79
15840,15840,15841,79,79
15841,15841,15842,79,79
15842,15842,15843,79,79
15843,15843,15844,79,79
15844,15844,15845,79,79
15845,15845,15846,79,79
15846,15846,15847,79,79
15847,15847,15848,79,79
15848,15848,15849,79,79
15849,15849,15850,79,79
15850,15850,15851,79,79
15851,15851,15852,79,79
15852,15852,15853,79,79
15853,15853,15854,79,79
15854,15854,15855,79,79
15855,15855,15856,79,79
15856,15856,15857,79,79
15857,15857,15858,79,79
15858,15858,15859,79,79
15859,15859,15860,79,79
15860,15860,15861,79,79
15861,15861,15862,79,79
15862,15862,15863,79,79
15863,15863,15864,79,79
15864,15864,15865,79,79
15865,15865,15866,79,79
15866,15866,15867,79,79
15867,15867,15868,79,79
15868,15868,15869,79,79
15869,15869,15870,79,79
15870,15870,15871,79,79
15871,15871,15872,79,79
15872,15872,15873,79,79
15873,15873,15874,79,79
15874,15874,15875,79,79
15875,15875,15876,79,79
15876,15876,15877,79,79
15877,15877,15878,79,79
15878,15878,15879,79,79
15879,15879,15880,79,79
15880,15880,15881,79,79
15881,15881,15882,79,79
15882,15882,15883,79,79
15883,15883,15884,79,79
15884,15884,15885,79,79
15885,15885,15886,79,79
15886,15886,15887,79,79
15887,15887,15888,79,79
15888,15888,15889,79,79
15889,15889,15890,79,79
15890,15890,15891,79,79
15891,15891,15892,79,79
15892,15892,15893,79,79
15893,15893,15894,79,79
15894,15894,15895,79,79
15895,15895,15896,79,79
15896,15896,15897,79,79
15897,15897,15898,79,79
15898,15898,15899,79,79
15899,15899,15900,79,79
15900,15900,15901,79,79
15901,15901,15902,79,79
15902,15902,15903,79,79
15903,15903,15904,79,79
15904,15904,15905,79,79
15905,15905,15906,79,79
15906,15906,15907,79,79
15907,15907,15908,79,79
15908,15908,15909,79,79
15909,15909,15910,79,79
15910,15910,15911,79,79
15911,15911,15912,79,79
15912,15912,15913,79,79
15913,15913,15914,79,79
15914,15914,15915,79,79
15915,15915,15916,79,79
15916,15916,15917,79,79
15917,15917,15918,79,79
15918,15918,15919,79,79
15919,15919,15920,79,79
15920,15920,15921,79,79
15921,15921,15922,79,79
15922,15922,15923,79,79
15923,15923,15924,79,79
15924,15924,15925,79,79
15925,15925,15926,79,79
15926,15926,15927,79,79
15927,15927,15928,79,79
15928,15928,15929,79,79
15929,15929,15930,79,79
15930,15930,15931,79,79
15931,15931,15932,79,79
15932,15932,15933,79,79
15933,15933,15934,79,79
15934,15934,15935,79,79
15935,15935,15936,79,79
15936,15936,15937,79,79
15937,15937,15938,79,79
15938,15938,15939,79,79
15939,15939,15940,79,79
15940,15940,15941,79,79
15941,15941,15942,79,79
15942,15942,15943,79,79
15943,15943,15944,79,79
15944,15944,15945,79,79
15945,15945,15946,79,79
15946,15946,15947,79,79
15947,15947,15948,79,79
15948,15948,15949,79,79
15949,15949,15950,79,79
15950,15950,15951,79,79
15951,15951,15952,79,79
15952,15952,15953,79,79
15953,15953,15954,79,79
15954,15954,15955,79,79
15955,15955,15956,79,79
15956,15956,15957,79,79
15957,15957,15958,79,79
15958,15958,15959,79,79
15959,15959,15960,79,79
15960,15960,15961,79,79
15961,15961,15962,79,79
15962,15962,15963,79,79
15963,15963,15964,79,79
15964,15964,15965,79,79
15965,15965,15966,79,79
15966,15966,15967,79,79
15967,15967,15968,79,79
15968,15968,15969,79,79
15969,15969,15970,79,79
15970,15970,15971,79,79
15971,15971,15972,79,79
15972,15972,15973,79,79
15973,15973,15974,79,79
15974,15974,15975,79,79
15975,15975,15976,79,79
15976,15976,15977,79,79
15977,15977,15978,79,79
15978,15978,15979,79,79
15979,15979,15980,79,79
15980,15980,15981,79,79
15981,15981,15982,79,79
15982,15982,15983,79,79
15983,15983,15984,79,79
15984,15984,15985,79,79
15985,15985,15986,79,79
15986,15986,15987,79,79
15987,15987,15988,79,79
15988,15988,15989,79,79
15989,15989,15990,79,79
15990,15990,15991,79,79
15991,15991,15992,79,79
15992,15992,15993,79,79
15993,15993,15994,79,79
15994,15994,15995,79,79
15995,15995,15996,79,79
15996,15996,15997,79,79
15997,15997,15998,79,79
15998,15998,15999,79,79
15999,15999,16000,79,79
16000,16000,16001,79,79
16001,16001,16002,79,79
16002,16002,16003,79,79
16003,16003,16004,79,79
16004,16004,16005,79,79
16005,16005,16006,79,79
16006,16006,16007,79,79
16007,16007,16008,79,79
16008,16008,16009,79,79
16009,16009,16010,79,79
16010,16010,16011,79,79
16011,16011,16012,79,79
16012,16012,16013,79,79
16013,16013,16014,79,79
16014,16014,16015,79,79
16015,16015,16016,79,79
16016,16016,16017,79,79
16017,16017,16018,79,79
16018,16018,16019,79,79
16019,16019,16020,79,79
16020,16020,16021,79,79
16021,16021,16022,79,79
16022,16022,16023,79,79
16023,16023,16024,79,79
16024,16024,16025,79,79
16025,16025,16026,79,79
16026,16026,16027,79,79
16027,16027,16028,79,79
16028,16028,16029,79,79
16029,16029,16030,79,79
16030,16030,16031,79,79
16031,16031,16032,79,79
16032,16032,16033,79,79
16033,16033,16034,79,79
16034,16034,16035,79,79
16035,16035,16036,79,79
16036,16036,16037,79,79
16037,16037,16038,79,79
16038,16038,16039,79,79
16039,16039,16040,79,79
16040,16040,16041,79,79
16041,16041,16042,79,79
16042,16042,16043,79,79
16043,16043,16044,79,79
16044,16044,16045,79,79
16045,16045,16046,79,79
16046,16046,16047,79,79
16047,16047,16048,79,79
16048,16048,16049,79,79
16049,16049,16050,79,79
16050,16050,16051,79,79
16051,16051,16052,79,79
16052,16052,16053,79,79
16053,16053,16054,79,79
16054,16054,16055,79,79
16055,16055,16056,79,79
16056,16056,16057,79,79
16057,16057,16058,79,79
16058,16058,16059,79,79
16059,16059,16060,79,79
16060,16060,16061,79,79
16061,16061,16062,79,79
16062,16062,16063,79,79
16063,16063,16064,79,79
16064,16064,16065,79,79
16065,16065,16066,79,79
16066,16066,16067,79,79
16067,16067,16068,79,79
16068,16068,16069,79,79
16069,16069,16070,79,79
16070,16070,16071,79,79
16071,16071,16072,79,79
16072,16072,16073,79,79
16073,16073,16074,79,79
16074,16074,16075,79,79
16075,16075,16076,79,79
16076,16076,16077,79,79
16077,16077,16078,79,79
16078,16078,16079,79,79
16079,16079,16080,79,79
16080,16080,16081,79,79
16081,16081,16082,79,79
16082,16082,16083,79,79
16083,16083,16084,79,79
16084,16084,16085,79,79
16085,16085,16086,79,79
16086,16086,16087,79,79
16087,16087,16088,79,79
16088,16088,16089,79,79
16089,16089,16090,79,79
16090,16090,16091,79,79
16091,16091,16092,79,79
16092,16092,16093,79,79
16093,16093,16094,79,79
16094,16094,16095,79,79
16095,16095,16096,79,79
16096,16096,16097,79,79
16097,16097,16098,79,79
16098,16098,16099,79,79
16099,16099,16100,79,79
16100,16100,16101,79,79
16101,16101,16102,79,79
16102,16102,16103,79,79
16103,16103,16104,79,79
16104,16104,16105,79,79
16105,16105,16106,79,79
16106,16106,16107,79,79
16107,16107,16108,79,79
16108,16108,16109,79,79
16109,16109,16110,79,79
16110,16110,16111,79,79
16111,16111,16112,79,79
16112,16112,16113,79,79
16113,16113,16114,79,79
16114,16114,16115,79,79
16115,16115,15759,79,79
16116,16116,16117,80,80
16117,16117,16118,80,80
16118,16118,16119,80,80
16119,16119,16120,80,80
16120,16120,16121,80,80
16121,16121,16122,80,80
16122,16122,16123,80,80
16123,16123,16124,80,80
16124,16124,16125,80,80
16125,16125,16126,80,80
16126,16126,16127,80,80
16127,16127,16128,80,80
16128,16128,16129,80,80
16129,16129,16130,80,80
16130,16130,16131,80,80
16131,16131,16132,80,80
16132,16132,16133,80,80
16133,16133,16134,80,80
16134,16134,16135,80,80
16135,16135,16136,80,80
16136,16136,16137,80,80
16137,16137,16138,80,80
16138,16138,16139,80,80
16139,16139,16140,80,80
16140,16140,16141,80,80
16141,16141,16142,80,80
16142,16142,16143,80,80
16143,16143,16144,80,80
16144,16144,16145,80,80
16145,16145,16146,80,80
16146,16146,16147,80,80
16147,16147,16148,80,80
16148,16148,16149,80,80
16149,16149,16150,80,80
16150,16150,16151,80,80
16151,16151,16152,80,80
16152,16152,16153,80,80
16153,16153,16154,80,80
16154,16154,16155,80,80
16155,16155,16156,80,80
16156,16156,16157,80,80
16157,16157,16158,80,80
16158,16158,16159,80,80
16159,16159,16160,80,80
16160,16160,16161,80,80
16161,16161,16162,80,80
16162,16162,16163,80,80
16163,16163,16164,80,80
16164,16164,16165,80,80
16165,16165,16166,80,80
16166,16166,16167,80,80
16167,16167,16168,80,80
16168,16168,16169,80,80
16169,16169,16170,80,80
16170,16170,16171,80,80
16171,16171,16172,80,80
16172,16172,16173,80,80
16173,16173,16174,80,80
16174,16174,16175,80,80
16175,16175,16176,80,80
16176,16176,16177,80,80
16177,16177,16178,80,80
16178,16178,16179,80,80
16179,16179,16180,80,80
16180,16180,16181,80,80
16181,16181,16182,80,80
16182,16182,16183,80,80
16183,16183,16184,80,80
16184,16184,16185,80,80
16185,16185,16186,80,80
16186,16186,16187,80,80
16187,16187,16188,80,80
16188,16188,16189,80,80
16189,16189,16190,80,80
16190,16190,16191,80,80
16191,16191,16192,80,80
16192,16192,16193,80,80
16193,16193,16194,80,80
16194,16194,16195,80,80
16195,16195,16196,80,80
16196,16196,16197,80,80
16197,16197,16198,80,80
16198,16198,16199,80,80
16199,16199,16200,80,80
16200,16200,16116,80,80
16201,16201,16202,81,81
16202,16202,16203,81,81
16203,16203,16204,81,81
16204,16204,16205,81,81
16205,16205,16206,81,81
16206,16206,16207,81,81
16207,16207,16208,81,81
16208,16208,16209,81,81
16209,16209,16210,81,81
16210,16210,16211,81,81
16211,16211,16212,81,81
16212,16212,16213,81,81
16213,16213,16214,81,81
16214,16214,16215,81,81
16215,16215,16216,81,81
16216,16216,16217,81,81
16217,16217,16218,81,81
16218,16218,16219,81,81
16219,16219,16220,81,81
16220,16220,16221,81,81
16221,16221,16222,81,81
16222,16222,16223,81,81
16223,16223,16224,81,81
16224,16224,16225,81,81
16225,16225,16226,81,81
16226,16226,16227,81,81
16227,16227,16228,81,81
16228,16228,16229,81,81
16229,16229,16230,81,81
16230,16230,16231,81,81
16231,16231,16232,81,81
16232,16232,16233,81,81
16233,16233,16234,81,81
16234,16234,16235,81,81
16235,16235,16236,81,81
16236,16236,16237,81,81
16237,16237,16238,81,81
16238,16238,16239,81,81
16239,16239,16240,81,81
16240,16240,16241,81,81
16241,16241,16242,81,81
16242,16242,16243,81,81
16243,16243,16244,81,81
16244,16244,16245,81,81
16245,16245,16246,81,81
16246,16246,16247,81,81
16247,16247,16248,81,81
16248,16248,16249,81,81
16249,16249,16250,81,81
16250,16250,16251,81,81
16251,16251,16252,81,81
16252,16252,16253,81,81
16253,16253,16254,81,81
16254,16254,16255,81,81
16255,16255,16256,81,81
16256,16256,16257,81,81
16257,16257,16258,81,81
16258,16258,16259,81,81
16259,16259,16260,81,81
16260,16260,16261,81,81
16261,16261,16262,81,81
16262,16262,16263,81,81
16263,16263,16264,81,81
16264,16264,16265,81,81
16265,16265,16266,81,81
16266,16266,16267,81,81
16267,16267,16268,81,81
16268,16268,16269,81,81
16269,16269,16270,81,81
16270,16270,16271,81,81
16271,16271,16272,81,81
16272,16272,16273,81,81
16273,16273,16274,81,81
16274,16274,16275,81,81
16275,16275,16276,81,81
16276,16276,16277,81,81
16277,16277,16278,81,81
16278,16278,16279,81,81
16279,16279,16280,81,81
16280,16280,16281,81,81
16281,16281,16282,81,81
16282,16282,16283,81,81
16283,16283,16284,81,81
16284,16284,16285,81,81
16285,16285,16201,81,81
16286,16286,16287,82,82
16287,16287,16288,82,82
16288,16288,16289,82,82
16289,16289,16290,82,82
16290,16290,16291,82,82
16291,16291,16292,82,82
16292,16292,16293,82,82
16293,16293,16294,82,82
16294,16294,16295,82,82
16295,16295,16296,82,82
16296,16296,16297,82,82
16297,16297,16298,82,82
16298,16298,16299,82,82
16299,16299,16300,82,82
16300,16300,16301,82,82
16301,16301,16302,82,82
16302,16302,16303,82,82
16303,16303,16304,82,82
16304,16304,16305,82,82
16305,16305,16306,82,82
16306,16306,16307,82,82
16307,16307,16308,82,82
16308,16308,16309,82,82
16309,16309,16310,82,82
16310,16310,16311,82,82
16311,16311,16312,82,82
16312,16312,16313,82,82
16313,16313,16314,82,82
16314,16314,16315,82,82
16315,16315,16316,82,82
16316,16316,16317,82,82
16317,16317,16318,82,82
16318,16318,16319,82,82
16319,16319,16320,82,82
16320,16320,16321,82,82
16321,16321,16322,82,82
16322,16322,16323,82,82
16323,16323,16324,82,82
16324,16324,16325,82,82
16325,16325,16326,82,82
16326,16326,16327,82,82
16327,16327,16328,82,82
16328,16328,16329,82,82
16329,16329,16330,82,82
16330,16330,16331,82,82
16331,16331,16332,82,82
16332,16332,16333,82,82
16333,16333,16334,82,82
16334,16334,16335,82,82
16335,16335,16336,82,82
16336,16336,16337,82,82
16337,16337,16338,82,82
16338,16338,16339,82,82
16339,16339,16340,82,82
16340,16340,16341,82,82
16341,16341,16342,82,82
16342,16342,16343,82,82
16343,16343,16344,82,82
16344,16344,16345,82,82
16345,16345,16346,82,82
16346,16346,16347,82,82
16347,16347,16348,82,82
16348,16348,16349,82,82
16349,16349,16350,82,82
16350,16350,16351,82,82
16351,16351,16352,82,82
16352,16352,16353,82,82
16353,16353,16354,82,82
16354,16354,16355,82,82
16355,16355,16356,82,82
16356,16356,16357,82,82
16357,16357,16358,82,82
16358,16358,16359,82,82
16359,16359,16360,82,82
16360,16360,16361,82,82
16361,16361,16362,82,82
16362,16362,16363,82,82
16363,16363,16364,82,82
16364,16364,16365,82,82
16365,16365,16366,82,82
16366,16366,16367,82,82
16367,16367,16368,82,82
16368,16368,16369,82,82
16369,16369,16370,82,82
16370,16370,16286,82,82
16371,16371,16372,83,83
16372,16372,16373,83,83
16373,16373,16374,83,83
16374,16374,16375,83,83
16375,16375,16376,83,83
16376,16376,16377,83,83
16377,16377,16378,83,83
16378,16378,16379,83,83
16379,16379,16380,83,83
16379,21089,21090,83,103
16380,16380,16381,83,83
16381,16381,16382,83,83
16382,16382,16383,83,83
16383,16383,16384,83,83
16384,16384,16385,83,83
16385,16385,16386,83,83
16386,16386,16387,83,83
16387,16387,16388,83,83
16388,16388,16389,83,83
16388,21134,21135,83,103
16389,16389,16390,83,83
16390,16390,16391,83,83
16391,16391,16392,83,83
16392,16392,16393,83,83
16393,16393,16394,83,83
16394,16394,16395,83,83
16395,16395,16396,83,83
16396,16396,16397,83,83
16397,16397,16398,83,83
16397,21094,21095,83,103
16398,16398,16399,83,83
16399,16399,16400,83,83
16400,16400,16401,83,83
16401,16401,16402,83,83
16402,16402,16403,83,83
16403,16403,16404,83,83
16404,16404,16405,83,83
16405,16405,16406,83,83
16406,16406,16407,83,83
16406,21139,21140,83,103
16407,16407,16408,83,83
16408,16408,16409,83,83
16409,16409,16410,83,83
16410,16410,16411,83,83
16411,16411,16412,83,83
16412,16412,16413,83,83
16413,16413,16414,83,83
16414,16414,16415,83,83
16415,16415,16416,83,83
16415,21099,21100,83,103
16416,16416,16417,83,83
16417,16417,16418,83,83
16418,16418,16419,83,83
16419,16419,16420,83,83
16420,16420,16421,83,83
16421,16421,16422,83,83
16422,16422,16423,83,83
16423,16423,16424,83,83
16424,16424,16425,83,83
16424,21144,21145,83,103
16425,16425,16426,83,83
16426,16426,16427,83,83
16427,16427,16428,83,83
16428,16428,16429,83,83
16429,16429,16430,83,83
16430,16430,16431,83,83
16431,16431,16432,83,83
16432,16432,16433,83,83
16433,16433,16434,83,83
16433,21104,21105,83,103
16434,16434,16435,83,83
16435,16435,16436,83,83
16436,16436,16437,83,83
16437,16437,16438,83,83
16438,16438,16439,83,83
16439,16439,16440,83,83
16440,16440,16441,83,83
16441,16441,16442,83,83
16442,16442,16443,83,83
16442,21064,21065,83,103
16443,16443,16444,83,83
16444,16444,16445,83,83
16445,16445,16446,83,83
16446,16446,16447,83,83
16447,16447,16448,83,83
16448,16448,16449,83,83
16449,16449,16450,83,83
16450,16450,16451,83,83
16451,16451,16452,83,83
16451,21109,21110,83,103
16452,16452,16453,83,83
16453,16453,16454,83,83
16454,16454,16455,83,83
16455,16455,16456,83,83
16456,16456,16457,83,83
16457,16457,16458,83,83
16458,16458,16459,83,83
16459,16459,16460,83,83
16460,16460,16461,83,83
16460,21069,21070,83,103
16461,16461,16462,83,83
16462,16462,16463,83,83
16463,16463,16464,83,83
16464,16464,16465,83,83
16465,16465,16466,83,83
16466,16466,16467,83,83
16467,16467,16468,83,83
16468,16468,16469,83,83
16469,16469,16470,83,83
16469,21114,21115,83,103
16470,16470,16471,83,83
16471,16471,16472,83,83
16472,16472,16473,83,83
16473,16473,16474,83,83
16474,16474,16475,83,83
16475,16475,16476,83,83
16476,16476,16477,83,83
16477,16477,16478,83,83
16478,16478,16479,83,83
16478,21074,21075,83,103
16479,16479,16480,83,83
16480,16480,16481,83,83
16481,16481,16482,83,83
16482,16482,16483,83,83
16483,16483,16484,83,83
16484,16484,16485,83,83
16485,16485,16486,83,83
16486,16486,16487,83,83
16487,16487,16488,83,83
16487,21119,21120,83,103
16488,16488,16489,83,83
16489,16489,16490,83,83
16490,16490,16491,83,83
16491,16491,16492,83,83
16492,16492,16493,83,83
16493,16493,16494,83,83
16494,16494,16495,83,83
16495,16495,16496,83,83
16496,16496,16497,83,83
16496,21079,21080,83,103
16497,16497,16498,83,83
16498,16498,16499,83,83
16499,16499,16500,83,83
16500,16500,16501,83,83
16501,16501,16502,83,83
16502,16502,16503,83,83
16503,16503,16504,83,83
16504,16504,16505,83,83
16505,16505,16506,83,83
16505,21124,21125,83,103
16506,16506,16507,83,83
16507,16507,16508,83,83
16508,16508,16509,83,83
16509,16509,16510,83,83
16510,16510,16511,83,83
16511,16511,16512,83,83
16512,16512,16513,83,83
16513,16513,16514,83,83
16514,16514,16515,83,83
16514,21084,21085,83,103
16515,16515,16516,83,83
16516,16516,16517,83,83
16517,16517,16518,83,83
16518,16518,16519,83,83
16519,16519,16520,83,83
16520,16520,16521,83,83
16521,16521,16522,83,83
16522,16522,16523,83,83
16523,16523,16371,83,83
16523,21129,21130,83,103
16524,16524,16525,84,84
16525,16525,16526,84,84
16526,16526,16527,84,84
16527,16527,16528,84,84
16528,16528,16529,84,84
16529,16529,16530,84,84
16530,16530,16531,84,84
16531,16531,16532,84,84
16532,16532,16533,84,84
16533,16533,16534,84,84
16534,16534,16535,84,84
16535,16535,16536,84,84
16536,16536,16537,84,84
16537,16537,16538,84,84
16538,16538,16539,84,84
16539,16539,16540,84,84
16540,16540,16541,84,84
16541,16541,16542,84,84
16542,16542,16543,84,84
16543,16543,16544,84,84
16544,16544,16545,84,84
16545,16545,16546,84,84
16546,16546,16547,84,84
16547,16547,16548,84,84
16548,16548,16549,84,84
16549,16549,16550,84,84
16550,16550,16551,84,84
16551,16551,16552,84,84
16552,16552,16553,84,84
16553,16553,16554,84,84
16554,16554,16555,84,84
16555,16555,16556,84,84
16556,16556,16557,84,84
16557,16557,16558,84,84
16558,16558,16559,84,84
16559,16559,16560,84,84
16560,16560,16561,84,84
16561,16561,16562,84,84
16562,16562,16563,84,84
16563,16563,16564,84,84
16564,16564,16565,84,84
16565,16565,16566,84,84
16566,16566,16567,84,84
16567,16567,16568,84,84
16568,16568,16569,84,84
16569,16569,16570,84,84
16570,16570,16571,84,84
16571,16571,16572,84,84
16572,16572,16573,84,84
16573,16573,16574,84,84
16574,16574,16575,84,84
16575,16575,16576,84,84
16576,16576,16577,84,84
16577,16577,16578,84,84
16578,16578,16579,84,84
16579,16579,16580,84,84
16580,16580,16581,84,84
16581,16581,16582,84,84
16582,16582,16583,84,84
16583,16583,16584,84,84
16584,16584,16585,84,84
16585,16585,16586,84,84
16586,16586,16587,84,84
16587,16587,16588,84,84
16588,16588,16589,84,84
16589,16589,16590,84,84
16590,16590,16591,84,84
16591,16591,16592,84,84
16592,16592,16593,84,84
16593,16593,16594,84,84
16594,16594,16595,84,84
16595,16595,16596,84,84
16596,16596,16597,84,84
16597,16597,16598,84,84
16598,16598,16599,84,84
16599,16599,16600,84,84
16600,16600,16601,84,84
16601,16601,16602,84,84
16602,16602,16603,84,84
16603,16603,16604,84,84
16604,16604,16605,84,84
16605,16605,16606,84,84
16606,16606,16607,84,84
16607,16607,16608,84,84
16608,16608,16524,84,84
16609,16609,16610,85,85
16610,16610,16611,85,85
16611,16611,16612,85,85
16612,16612,16613,85,85
16613,16613,16614,85,85
16614,16614,16615,85,85
16615,16615,16616,85,85
16616,16616,16617,85,85
16617,16617,16618,85,85
16618,16618,16619,85,85
16619,16619,16620,85,85
16620,16620,16621,85,85
16621,16621,16622,85,85
16622,16622,16623,85,85
16623,16623,16624,85,85
16624,16624,16625,85,85
16625,16625,16626,85,85
16626,16626,16627,85,85
16627,16627,16628,85,85
16628,16628,16629,85,85
16629,16629,16630,85,85
16630,16630,16631,85,85
16631,16631,16632,85,85
16632,16632,16633,85,85
16633,16633,16634,85,85
16634,16634,16635,85,85
16635,16635,16636,85,85
16636,16636,16637,85,85
16637,16637,16638,85,85
16638,16638,16639,85,85
16639,16639,16640,85,85
16640,16640,16641,85,85
16641,16641,16642,85,85
16642,16642,16643,85,85
16643,16643,16644,85,85
16644,16644,16645,85,85
16645,16645,16646,85,85
16646,16646,16647,85,85
16647,16647,16648,85,85
16648,16648,16649,85,85
16649,16649,16650,85,85
16650,16650,16651,85,85
16651,16651,16652,85,85
16652,16652,16653,85,85
16653,16653,16654,85,85
16654,16654,16655,85,85
16655,16655,16656,85,85
16656,16656,16657,85,85
16657,16657,16658,85,85
16658,16658,16659,85,85
16659,16659,16660,85,85
16660,16660,16661,85,85
16661,16661,16662,85,85
16662,16662,16663,85,85
16663,16663,16664,85,85
16664,16664,16665,85,85
16665,16665,16666,85,85
16666,16666,16667,85,85
16667,16667,16668,85,85
16668,16668,16669,85,85
16669,16669,16670,85,85
16670,16670,16671,85,85
16671,16671,16672,85,85
16672,16672,16673,85,85
16673,16673,16674,85,85
16674,16674,16675,85,85
16675,16675,16676,85,85
16676,16676,16677,85,85
16677,16677,16678,85,85
16678,16678,16679,85,85
16679,16679,16680,85,85
16680,16680,16681,85,85
16681,16681,16682,85,85
16682,16682,16683,85,85
16683,16683,16684,85,85
16684,16684,16685,85,85
16685,16685,16686,85,85
16686,16686,16687,85,85
16687,16687,16688,85,85
16688,16688,16689,85,85
16689,16689,16690,85,85
16690,16690,16691,85,85
16691,16691,16692,85,85
16692,16692,16693,85,85
16693,16693,16694,85,85
16694,16694,16695,85,85
16695,16695,16696,85,85
16696,16696,16697,85,85
16697,16697,16698,85,85
16698,16698,16699,85,85
16699,16699,16700,85,85
16700,16700,16701,85,85
16701,16701,16702,85,85
16702,16702,16703,85,85
16703,16703,16704,85,85
16704,16704,16705,85,85
16705,16705,16706,85,85
16706,16706,16707,85,85
16707,16707,16708,85,85
16708,16708,16709,85,85
16709,16709,16710,85,85
16710,16710,16711,85,85
16711,16711,16712,85,85
16712,16712,16713,85,85
16713,16713,16714,85,85
16714,16714,16715,85,85
16715,16715,16716,85,85
16716,16716,16717,85,85
16717,16717,16718,85,85
16718,16718,16719,85,85
16719,16719,16720,85,85
16720,16720,16721,85,85
16721,16721,16722,85,85
16722,16722,16723,85,85
16723,16723,16724,85,85
16724,16724,16725,85,85
16725,16725,16726,85,85
16726,16726,16727,85,85
16727,16727,16728,85,85
16728,16728,16729,85,85
16729,16729,16730,85,85
16730,16730,16731,85,85
16731,16731,16732,85,85
16732,16732,16733,85,85
16733,16733,16734,85,85
16734,16734,16735,85,85
16735,16735,16736,85,85
16736,16736,16737,85,85
16737,16737,16738,85,85
16738,16738,16739,85,85
16739,16739,16740,85,85
16740,16740,16741,85,85
16741,16741,16742,85,85
16742,16742,16743,85,85
16743,16743,16744,85,85
16744,16744,16745,85,85
16745,16745,16746,85,85
16746,16746,16747,85,85
16747,16747,16748,85,85
16748,16748,16749,85,85
16749,16749,16750,85,85
16750,16750,16751,85,85
16751,16751,16752,85,85
16752,16752,16753,85,85
16753,16753,16754,85,85
16754,16754,16755,85,85
16755,16755,16756,85,85
16756,16756,16757,85,85
16757,16757,16758,85,85
16758,16758,16759,85,85
16759,16759,16760,85,85
16760,16760,16761,85,85
16761,16761,16762,85,85
16762,16762,16763,85,85
16763,16763,16764,85,85
16764,16764,16765,85,85
16765,16765,16766,85,85
16766,16766,16767,85,85
16767,16767,16768,85,85
16768,16768,16769,85,85
16769,16769,16770,85,85
16770,16770,16771,85,85
16771,16771,16772,85,85
16772,16772,16773,85,85
16773,16773,16774,85,85
16774,16774,16775,85,85
16775,16775,16776,85,85
16776,16776,16777,85,85
16777,16777,16778,85,85
16778,16778,16779,85,85
16779,16779,16780,85,85
16780,16780,16781,85,85
16781,16781,16782,85,85
16782,16782,16783,85,85
16783,16783,16784,85,85
16784,16784,16785,85,85
16785,16785,16786,85,85
16786,16786,16787,85,85
16787,16787,16788,85,85
16788,16788,16789,85,85
16789,16789,16790,85,85
16790,16790,16791,85,85
16791,16791,16792,85,85
16792,16792,16793,85,85
16793,16793,16794,85,85
16794,16794,16795,85,85
16795,16795,16796,85,85
16796,16796,16797,85,85
16797,16797,16798,85,85
16798,16798,16799,85,85
16799,16799,16800,85,85
16800,16800,16801,85,85
16801,16801,16802,85,85
16802,16802,16803,85,85
16803,16803,16804,85,85
16804,16804,16805,85,85
16805,16805,16806,85,85
16806,16806,16807,85,85
16807,16807,16808,85,85
16808,16808,16809,85,85
16809,16809,16810,85,85
16810,16810,16811,85,85
16811,16811,16812,85,85
16812,16812,16813,85,85
16813,16813,16814,85,85
16814,16814,16815,85,85
16815,16815,16816,85,85
16816,16816,16817,85,85
16817,16817,16818,85,85
16818,16818,16819,85,85
16819,16819,16820,85,85
16820,16820,16821,85,85
16821,16821,16822,85,85
16822,16822,16823,85,85
16823,16823,16824,85,85
16824,16824,16825,85,85
16825,16825,16826,85,85
16826,16826,16827,85,85
16827,16827,16828,85,85
16828,16828,16829,85,85
16829,16829,16830,85,85
16830,16830,16831,85,85
16831,16831,16832,85,85
16832,16832,16833,85,85
16833,16833,16834,85,85
16834,16834,16835,85,85
16835,16835,16836,85,85
16836,16836,16837,85,85
16837,16837,16838,85,85
16838,16838,16839,85,85
16839,16839,16840,85,85
16840,16840,16841,85,85
16841,16841,16842,85,85
16842,16842,16843,85,85
16843,16843,16844,85,85
16844,16844,16845,85,85
16845,16845,16846,85,85
16846,16846,16847,85,85
16847,16847,16848,85,85
16848,16848,16849,85,85
16849,16849,16850,85,85
16850,16850,16851,85,85
16851,16851,16852,85,85
16852,16852,16853,85,85
16853,16853,16854,85,85
16854,16854,16855,85,85
16855,16855,16856,85,85
16856,16856,16857,85,85
16857,16857,16858,85,85
16858,16858,16859,85,85
16859,16859,16860,85,85
16860,16860,16861,85,85
16861,16861,16862,85,85
16862,16862,16863,85,85
16863,16863,16864,85,85
16864,16864,16865,85,85
16865,16865,16866,85,85
16866,16866,16867,85,85
16867,16867,16868,85,85
16868,16868,16869,85,85
16869,16869,16870,85,85
16870,16870,16871,85,85
16871,16871,16872,85,85
16872,16872,16873,85,85
16873,16873,16874,85,85
16874,16874,16875,85,85
16875,16875,16876,85,85
16876,16876,16877,85,85
16877,16877,16878,85,85
16878,16878,16879,85,85
16879,16879,16880,85,85
16880,16880,16881,85,85
16881,16881,16882,85,85
16882,16882,16883,85,85
16883,16883,16884,85,85
16884,16884,16885,85,85
16885,16885,16886,85,85
16886,16886,16887,85,85
16887,16887,16888,85,85
16888,16888,16889,85,85
16889,16889,16890,85,85
16890,16890,16891,85,85
16891,16891,16892,85,85
16892,16892,16893,85,85
16893,16893,16894,85,85
16894,16894,16895,85,85
16895,16895,16896,85,85
16896,16896,16897,85,85
16897,16897,16898,85,85
16898,16898,16899,85,85
16899,16899,16900,85,85
16900,16900,16901,85,85
16901,16901,16902,85,85
16902,16902,16903,85,85
16903,16903,16904,85,85
16904,16904,16905,85,85
16905,16905,16906,85,85
16906,16906,16907,85,85
16907,16907,16908,85,85
16908,16908,16909,85,85
16909,16909,16910,85,85
16910,16910,16911,85,85
16911,16911,16912,85,85
16912,16912,16913,85,85
16913,16913,16914,85,85
16914,16914,16915,85,85
16915,16915,16916,85,85
16916,16916,16917,85,85
16917,16917,16918,85,85
16918,16918,16919,85,85
16919,16919,16920,85,85
16920,16920,16921,85,85
16921,16921,16922,85,85
16922,16922,16923,85,85
16923,16923,16924,85,85
16924,16924,16925,85,85
16925,16925,16926,85,85
16926,16926,16927,85,85
16927,16927,16928,85,85
16928,16928,16929,85,85
16929,16929,16930,85,85
16930,16930,16931,85,85
16931,16931,16932,85,85
16932,16932,16933,85,85
16933,16933,16934,85,85
16934,16934,16935,85,85
16935,16935,16936,85,85
16936,16936,16937,85,85
16937,16937,16938,85,85
16938,16938,16939,85,85
16939,16939,16940,85,85
16940,16940,16941,85,85
16941,16941,16942,85,85
16942,16942,16943,85,85
16943,16943,16944,85,85
16944,16944,16945,85,85
16945,16945,16946,85,85
16946,16946,16947,85,85
16947,16947,16948,85,85
16948,16948,16949,85,85
16949,16949,16950,85,85
16950,16950,16951,85,85
16951,16951,16952,85,85
16952,16952,16953,85,85
16953,16953,16954,85,85
16954,16954,16955,85,85
16955,16955,16956,85,85
16956,16956,16957,85,85
16957,16957,16958,85,85
16958,16958,16959,85,85
16959,16959,16960,85,85
16960,16960,16961,85,85
16961,16961,16962,85,85
16962,16962,16963,85,85
16963,16963,16964,85,85
16964,16964,16965,85,85
16965,16965,16609,85,85
16966,16966,16967,86,86
16967,16967,16968,86,86
16968,16968,16969,86,86
16969,16969,16970,86,86
16970,16970,16971,86,86
16971,16971,16972,86,86
16972,16972,16973,86,86
16973,16973,16974,86,86
16974,16974,16975,86,86
16975,16975,16976,86,86
16976,16976,16977,86,86
16977,16977,16978,86,86
16978,16978,16979,86,86
16979,16979,16980,86,86
16980,16980,16981,86,86
16981,16981,16982,86,86
16982,16982,16983,86,86
16983,16983,16984,86,86
16984,16984,16985,86,86
16985,16985,16986,86,86
16986,16986,16987,86,86
16987,16987,16988,86,86
16988,16988,16989,86,86
16989,16989,16990,86,86
16990,16990,16991,86,86
16991,16991,16992,86,86
16992,16992,16993,86,86
16993,16993,16994,86,86
16994,16994,16995,86,86
16995,16995,16996,86,86
16996,16996,16997,86,86
16997,16997,16998,86,86
16998,16998,16999,86,86
16999,16999,17000,86,86
17000,17000,17001,86,86
17001,17001,17002,86,86
17002,17002,17003,86,86
17003,17003,17004,86,86
17004,17004,17005,86,86
17005,17005,17006,86,86
17006,17006,17007,86,86
17007,17007,17008,86,86
17008,17008,17009,86,86
17009,17009,17010,86,86
17010,17010,17011,86,86
17011,17011,17012,86,86
17012,17012,17013,86,86
17013,17013,17014,86,86
17014,17014,17015,86,86
17015,17015,17016,86,86
17016,17016,17017,86,86
17017,17017,17018,86,86
17018,17018,17019,86,86
17019,17019,17020,86,86
17020,17020,17021,86,86
17021,17021,17022,86,86
17022,17022,17023,86,86
17023,17023,17024,86,86
17024,17024,17025,86,86
17025,17025,17026,86,86
17026,17026,17027,86,86
17027,17027,17028,86,86
17028,17028,17029,86,86
17029,17029,17030,86,86
17030,17030,17031,86,86
17031,17031,17032,86,86
17032,17032,17033,86,86
17033,17033,17034,86,86
17034,17034,17035,86,86
17035,17035,17036,86,86
17036,17036,17037,86,86
17037,17037,17038,86,86
17038,17038,17039,86,86
17039,17039,17040,86,86
17040,17040,17041,86,86
17041,17041,17042,86,86
17042,17042,17043,86,86
17043,17043,17044,86,86
17044,17044,17045,86,86
17045,17045,17046,86,86
17046,17046,17047,86,86
17047,17047,17048,86,86
17048,17048,17049,86,86
17049,17049,17050,86,86
17050,17050,17051,86,86
17051,17051,17052,86,86
17052,17052,17053,86,86
17053,17053,17054,86,86
17054,17054,17055,86,86
17055,17055,17056,86,86
17056,17056,17057,86,86
17057,17057,17058,86,86
17058,17058,17059,86,86
17059,17059,17060,86,86
17060,17060,17061,86,86
17061,17061,17062,86,86
17062,17062,17063,86,86
17063,17063,17064,86,86
17064,17064,17065,86,86
17065,17065,17066,86,86
17066,17066,17067,86,86
17067,17067,17068,86,86
17068,17068,17069,86,86
17069,17069,17070,86,86
17070,17070,17071,86,86
17071,17071,17072,86,86
17072,17072,17073,86,86
17073,17073,17074,86,86
17074,17074,17075,86,86
17075,17075,17076,86,86
17076,17076,17077,86,86
17077,17077,17078,86,86
17078,17078,17079,86,86
17079,17079,17080,86,86
17080,17080,17081,86,86
17081,17081,17082,86,86
17082,17082,17083,86,86
17083,17083,17084,86,86
17084,17084,17085,86,86
17085,17085,17086,86,86
17086,17086,17087,86,86
17087,17087,17088,86,86
17088,17088,17089,86,86
17089,17089,17090,86,86
17090,17090,17091,86,86
17091,17091,17092,86,86
17092,17092,17093,86,86
17093,17093,17094,86,86
17094,17094,17095,86,86
17095,17095,17096,86,86
17096,17096,17097,86,86
17097,17097,17098,86,86
17098,17098,17099,86,86
17099,17099,17100,86,86
17100,17100,17101,86,86
17101,17101,17102,86,86
17102,17102,17103,86,86
17103,17103,17104,86,86
17104,17104,17105,86,86
17105,17105,17106,86,86
17106,17106,17107,86,86
17107,17107,17108,86,86
17108,17108,17109,86,86
17109,17109,17110,86,86
17110,17110,17111,86,86
17111,17111,17112,86,86
17112,17112,17113,86,86
17113,17113,17114,86,86
17114,17114,17115,86,86
17115,17115,17116,86,86
17116,17116,17117,86,86
17117,17117,17118,86,86
17118,17118,17119,86,86
17119,17119,17120,86,86
17120,17120,17121,86,86
17121,17121,17122,86,86
17122,17122,17123,86,86
17123,17123,17124,86,86
17124,17124,17125,86,86
17125,17125,17126,86,86
17126,17126,17127,86,86
17127,17127,17128,86,86
17128,17128,17129,86,86
17129,17129,17130,86,86
17130,17130,17131,86,86
17131,17131,17132,86,86
17132,17132,17133,86,86
17133,17133,17134,86,86
17134,17134,17135,86,86
17135,17135,17136,86,86
17136,17136,17137,86,86
17137,17137,17138,86,86
17138,17138,17139,86,86
17139,17139,17140,86,86
17140,17140,17141,86,86
17141,17141,17142,86,86
17142,17142,17143,86,86
17143,17143,17144,86,86
17144,17144,17145,86,86
17145,17145,17146,86,86
17146,17146,17147,86,86
17147,17147,17148,86,86
17148,17148,17149,86,86
17149,17149,17150,86,86
17150,17150,17151,86,86
17151,17151,17152,86,86
17152,17152,17153,86,86
17153,17153,17154,86,86
17154,17154,17155,86,86
17155,17155,17156,86,86
17156,17156,17157,86,86
17157,17157,17158,86,86
17158,17158,17159,86,86
17159,17159,17160,86,86
17160,17160,17161,86,86
17161,17161,17162,86,86
17162,17162,17163,86,86
17163,17163,17164,86,86
17164,17164,17165,86,86
17165,17165,17166,86,86
17166,17166,17167,86,86
17167,17167,17168,86,86
17168,17168,17169,86,86
17169,17169,17170,86,86
17170,17170,17171,86,86
17171,17171,17172,86,86
17172,17172,17173,86,86
17173,17173,17174,86,86
17174,17174,17175,86,86
17175,17175,17176,86,86
17176,17176,17177,86,86
17177,17177,17178,86,86
17178,17178,17179,86,86
17179,17179,17180,86,86
17180,17180,17181,86,86
17181,17181,17182,86,86
17182,17182,17183,86,86
17183,17183,17184,86,86
17184,17184,17185,86,86
17185,17185,17186,86,86
17186,17186,17187,86,86
17187,17187,17188,86,86
17188,17188,17189,86,86
17189,17189,17190,86,86
17190,17190,17191,86,86
17191,17191,17192,86,86
17192,17192,17193,86,86
17193,17193,17194,86,86
17194,17194,17195,86,86
17195,17195,17196,86,86
17196,17196,17197,86,86
17197,17197,17198,86,86
17198,17198,17199,86,86
17199,17199,17200,86,86
17200,17200,17201,86,86
17201,17201,17202,86,86
17202,17202,17203,86,86
17203,17203,17204,86,86
17204,17204,17205,86,86
17205,17205,17206,86,86
17206,17206,17207,86,86
17207,17207,17208,86,86
17208,17208,17209,86,86
17209,17209,17210,86,86
17210,17210,17211,86,86
17211,17211,17212,86,86
17212,17212,17213,86,86
17213,17213,17214,86,86
17214,17214,17215,86,86
17215,17215,17216,86,86
17216,17216,17217,86,86
17217,17217,17218,86,86
17218,17218,17219,86,86
17219,17219,17220,86,86
17220,17220,17221,86,86
17221,17221,17222,86,86
17222,17222,17223,86,86
17223,17223,17224,86,86
17224,17224,17225,86,86
17225,17225,17226,86,86
17226,17226,17227,86,86
17227,17227,17228,86,86
17228,17228,17229,86,86
17229,17229,17230,86,86
17230,17230,17231,86,86
17231,17231,17232,86,86
17232,17232,17233,86,86
17233,17233,17234,86,86
17234,17234,17235,86,86
17235,17235,17236,86,86
17236,17236,17237,86,86
17237,17237,17238,86,86
17238,17238,17239,86,86
17239,17239,17240,86,86
17240,17240,17241,86,86
17241,17241,17242,86,86
17242,17242,17243,86,86
17243,17243,17244,86,86
17244,17244,17245,86,86
17245,17245,17246,86,86
17246,17246,17247,86,86
17247,17247,17248,86,86
17248,17248,17249,86,86
17249,17249,17250,86,86
17250,17250,17251,86,86
17251,17251,17252,86,86
17252,17252,17253,86,86
17253,17253,17254,86,86
17254,17254,17255,86,86
17255,17255,17256,86,86
17256,17256,17257,86,86
17257,17257,17258,86,86
17258,17258,17259,86,86
17259,17259,17260,86,86
17260,17260,17261,86,86
17261,17261,17262,86,86
17262,17262,17263,86,86
17263,17263,17264,86,86
17264,17264,17265,86,86
17265,17265,17266,86,86
17266,17266,17267,86,86
17267,17267,17268,86,86
17268,17268,17269,86,86
17269,17269,17270,86,86
17270,17270,17271,86,86
17271,17271,17272,86,86
17272,17272,17273,86,86
17273,17273,17274,86,86
17274,17274,17275,86,86
17275,17275,17276,86,86
17276,17276,17277,86,86
17277,17277,17278,86,86
17278,17278,17279,86,86
17279,17279,17280,86,86
17280,17280,17281,86,86
17281,17281,17282,86,86
17282,17282,17283,86,86
17283,17283,17284,86,86
17284,17284,17285,86,86
17285,17285,17286,86,86
17286,17286,17287,86,86
17287,17287,17288,86,86
17288,17288,17289,86,86
17289,17289,17290,86,86
17290,17290,17291,86,86
17291,17291,17292,86,86
17292,17292,17293,86,86
17293,17293,17294,86,86
17294,17294,17295,86,86
17295,17295,17296,86,86
17296,17296,17297,86,86
17297,17297,17298,86,86
17298,17298,17299,86,86
17299,17299,17300,86,86
17300,17300,17301,86,86
17301,17301,17302,86,86
17302,17302,17303,86,86
17303,17303,17304,86,86
17304,17304,17305,86,86
17305,17305,17306,86,86
17306,17306,17307,86,86
17307,17307,17308,86,86
17308,17308,17309,86,86
17309,17309,17310,86,86
17310,17310,17311,86,86
17311,17311,17312,86,86
17312,17312,17313,86,86
17313,17313,17314,86,86
17314,17314,17315,86,86
17315,17315,17316,86,86
17316,17316,17317,86,86
17317,17317,17318,86,86
17318,17318,17319,86,86
17319,17319,17320,86,86
17320,17320,17321,86,86
17321,17321,17322,86,86
17322,17322,16966,86,86
17323,17323,17324,87,87
17324,17324,17325,87,87
17325,17325,17326,87,87
17326,17326,17327,87,87
17327,17327,17328,87,87
17328,17328,17329,87,87
17329,17329,17330,87,87
17330,17330,17331,87,87
17331,17331,17332,87,87
17332,17332,17333,87,87
17333,17333,17334,87,87
17334,17334,17335,87,87
17335,17335,17336,87,87
17336,17336,17337,87,87
17337,17337,17338,87,87
17338,17338,17339,87,87
17339,17339,17340,87,87
17340,17340,17341,87,87
17341,17341,17342,87,87
17342,17342,17343,87,87
17343,17343,17344,87,87
17344,17344,17345,87,87
17345,17345,17346,87,87
17346,17346,17347,87,87
17347,17347,17348,87,87
17348,17348,17349,87,87
17349,17349,17350,87,87
17350,17350,17351,87,87
17351,17351,17352,87,87
17352,17352,17353,87,87
17353,17353,17354,87,87
17354,17354,17355,87,87
17355,17355,17356,87,87
17356,17356,17357,87,87
17357,17357,17358,87,87
17358,17358,17359,87,87
17359,17359,17360,87,87
17360,17360,17361,87,87
17361,17361,17362,87,87
17362,17362,17363,87,87
17363,17363,17364,87,87
17364,17364,17365,87,87
17365,17365,17366,87,87
17366,17366,17367,87,87
17367,17367,17368,87,87
17368,17368,17369,87,87
17369,17369,17370,87,87
17370,17370,17371,87,87
17371,17371,17372,87,87
17372,17372,17373,87,87
17373,17373,17374,87,87
17374,17374,17375,87,87
17375,17375,17376,87,87
17376,17376,17377,87,87
17377,17377,17378,87,87
17378,17378,17379,87,87
17379,17379,17380,87,87
17380,17380,17381,87,87
17381,17381,17382,87,87
17382,17382,17383,87,87
17383,17383,17384,87,87
17384,17384,17385,87,87
17385,17385,17386,87,87
17386,17386,17387,87,87
17387,17387,17388,87,87
17388,17388,17389,87,87
17389,17389,17390,87,87
17390,17390,17391,87,87
17391,17391,17392,87,87
17392,17392,17393,87,87
17393,17393,17394,87,87
17394,17394,17395,87,87
17395,17395,17396,87,87
17396,17396,17397,87,87
17397,17397,17398,87,87
17398,17398,17399,87,87
17399,17399,17400,87,87
17400,17400,17401,87,87
17401,17401,17402,87,87
17402,17402,17403,87,87
17403,17403,17404,87,87
17404,17404,17405,87,87
17405,17405,17406,87,87
17406,17406,17407,87,87
17407,17407,17408,87,87
17408,17408,17409,87,87
17409,17409,17410,87,87
17410,17410,17411,87,87
17411,17411,17412,87,87
17412,17412,17413,87,87
17413,17413,17414,87,87
17414,17414,17415,87,87
17415,17415,17416,87,87
17416,17416,17417,87,87
17417,17417,17418,87,87
17418,17418,17419,87,87
17419,17419,17420,87,87
17420,17420,17421,87,87
17421,17421,17422,87,87
17422,17422,17423,87,87
17423,17423,17424,87,87
17424,17424,17425,87,87
17425,17425,17426,87,87
17426,17426,17427,87,87
17427,17427,17428,87,87
17428,17428,17429,87,87
17429,17429,17430,87,87
17430,17430,17431,87,87
17431,17431,17432,87,87
17432,17432,17433,87,87
17433,17433,17434,87,87
17434,17434,17435,87,87
17435,17435,17436,87,87
17436,17436,17437,87,87
17437,17437,17438,87,87
17438,17438,17439,87,87
17439,17439,17440,87,87
17440,17440,17441,87,87
17441,17441,17442,87,87
17442,17442,17443,87,87
17443,17443,17444,87,87
17444,17444,17445,87,87
17445,17445,17446,87,87
17446,17446,17447,87,87
17447,17447,17448,87,87
17448,17448,17449,87,87
17449,17449,17450,87,87
17450,17450,17451,87,87
17451,17451,17452,87,87
17452,17452,17453,87,87
17453,17453,17454,87,87
17454,17454,17455,87,87
17455,17455,17456,87,87
17456,17456,17457,87,87
17457,17457,17458,87,87
17458,17458,17459,87,87
17459,17459,17460,87,87
17460,17460,17461,87,87
17461,17461,17462,87,87
17462,17462,17463,87,87
17463,17463,17464,87,87
17464,17464,17465,87,87
17465,17465,17466,87,87
17466,17466,17467,87,87
17467,17467,17468,87,87
17468,17468,17469,87,87
17469,17469,17470,87,87
17470,17470,17471,87,87
17471,17471,17472,87,87
17472,17472,17473,87,87
17473,17473,17474,87,87
17474,17474,17475,87,87
17475,17475,17476,87,87
17476,17476,17477,87,87
17477,17477,17478,87,87
17478,17478,17479,87,87
17479,17479,17480,87,87
17480,17480,17481,87,87
17481,17481,17482,87,87
17482,17482,17483,87,87
17483,17483,17484,87,87
17484,17484,17485,87,87
17485,17485,17486,87,87
17486,17486,17487,87,87
17487,17487,17488,87,87
17488,17488,17489,87,87
17489,17489,17490,87,87
17490,17490,17491,87,87
17491,17491,17492,87,87
17492,17492,17493,87,87
17493,17493,17494,87,87
17494,17494,17495,87,87
17495,17495,17496,87,87
17496,17496,17497,87,87
17497,17497,17498,87,87
17498,17498,17499,87,87
17499,17499,17500,87,87
17500,17500,17501,87,87
17501,17501,17502,87,87
17502,17502,17503,87,87
17503,17503,17504,87,87
17504,17504,17505,87,87
17505,17505,17506,87,87
17506,17506,17507,87,87
17507,17507,17508,87,87
17508,17508,17509,87,87
17509,17509,17510,87,87
17510,17510,17511,87,87
17511,17511,17512,87,87
17512,17512,17513,87,87
17513,17513,17514,87,87
17514,17514,17515,87,87
17515,17515,17516,87,87
17516,17516,17517,87,87
17517,17517,17518,87,87
17518,17518,17519,87,87
17519,17519,17520,87,87
17520,17520,17521,87,87
17521,17521,17522,87,87
17522,17522,17523,87,87
17523,17523,17524,87,87
17524,17524,17525,87,87
17525,17525,17526,87,87
17526,17526,17527,87,87
17527,17527,17528,87,87
17528,17528,17529,87,87
17529,17529,17530,87,87
17530,17530,17531,87,87
17531,17531,17532,87,87
17532,17532,17533,87,87
17533,17533,17534,87,87
17534,17534,17535,87,87
17535,17535,17536,87,87
17536,17536,17537,87,87
17537,17537,17538,87,87
17538,17538,17539,87,87
17539,17539,17540,87,87
17540,17540,17541,87,87
17541,17541,17542,87,87
17542,17542,17543,87,87
17543,17543,17544,87,87
17544,17544,17545,87,87
17545,17545,17546,87,87
17546,17546,17547,87,87
17547,17547,17548,87,87
17548,17548,17549,87,87
17549,17549,17550,87,87
17550,17550,17551,87,87
17551,17551,17552,87,87
17552,17552,17553,87,87
17553,17553,17554,87,87
17554,17554,17555,87,87
17555,17555,17556,87,87
17556,17556,17557,87,87
17557,17557,17558,87,87
17558,17558,17559,87,87
17559,17559,17560,87,87
17560,17560,17561,87,87
17561,17561,17562,87,87
17562,17562,17563,87,87
17563,17563,17564,87,87
17564,17564,17565,87,87
17565,17565,17566,87,87
17566,17566,17567,87,87
17567,17567,17568,87,87
17568,17568,17569,87,87
17569,17569,17570,87,87
17570,17570,17571,87,87
17571,17571,17572,87,87
17572,17572,17573,87,87
17573,17573,17574,87,87
17574,17574,17575,87,87
17575,17575,17576,87,87
17576,17576,17577,87,87
17577,17577,17578,87,87
17578,17578,17579,87,87
17579,17579,17580,87,87
17580,17580,17581,87,87
17581,17581,17582,87,87
17582,17582,17583,87,87
17583,17583,17584,87,87
17584,17584,17585,87,87
17585,17585,17586,87,87
17586,17586,17587,87,87
17587,17587,17588,87,87
17588,17588,17589,87,87
17589,17589,17590,87,87
17590,17590,17591,87,87
17591,17591,17592,87,87
17592,17592,17593,87,87
17593,17593,17594,87,87
17594,17594,17595,87,87
17595,17595,17596,87,87
17596,17596,17597,87,87
17597,17597,17598,87,87
17598,17598,17599,87,87
17599,17599,17600,87,87
17600,17600,17601,87,87
17601,17601,17602,87,87
17602,17602,17603,87,87
17603,17603,17604,87,87
17604,17604,17605,87,87
17605,17605,17606,87,87
17606,17606,17607,87,87
17607,17607,17608,87,87
17608,17608,17609,87,87
17609,17609,17610,87,87
17610,17610,17611,87,87
17611,17611,17612,87,87
17612,17612,17613,87,87
17613,17613,17614,87,87
17614,17614,17615,87,87
17615,17615,17616,87,87
17616,17616,17617,87,87
17617,17617,17618,87,87
17618,17618,17619,87,87
17619,17619,17620,87,87
17620,17620,17621,87,87
17621,17621,17622,87,87
17622,17622,17623,87,87
17623,17623,17624,87,87
17624,17624,17625,87,87
17625,17625,17626,87,87
17626,17626,17627,87,87
17627,17627,17628,87,87
17628,17628,17629,87,87
17629,17629,17630,87,87
17630,17630,17631,87,87
17631,17631,17632,87,87
17632,17632,17633,87,87
17633,17633,17634,87,87
17634,17634,17635,87,87
17635,17635,17636,87,87
17636,17636,17637,87,87
17637,17637,17638,87,87
17638,17638,17639,87,87
17639,17639,17640,87,87
17640,17640,17641,87,87
17641,17641,17642,87,87
17642,17642,17643,87,87
17643,17643,17644,87,87
17644,17644,17645,87,87
17645,17645,17646,87,87
17646,17646,17647,87,87
17647,17647,17648,87,87
17648,17648,17649,87,87
17649,17649,17650,87,87
17650,17650,17651,87,87
17651,17651,17652,87,87
17652,17652,17653,87,87
17653,17653,17654,87,87
17654,17654,17655,87,87
17655,17655,17656,87,87
17656,17656,17657,87,87
17657,17657,17658,87,87
17658,17658,17659,87,87
17659,17659,17660,87,87
17660,17660,17661,87,87
17661,17661,17662,87,87
17662,17662,17663,87,87
17663,17663,17664,87,87
17664,17664,17665,87,87
17665,17665,17666,87,87
17666,17666,17667,87,87
17667,17667,17668,87,87
17668,17668,17669,87,87
17669,17669,17670,87,87
17670,17670,17671,87,87
17671,17671,17672,87,87
17672,17672,17673,87,87
17673,17673,17674,87,87
17674,17674,17675,87,87
17675,17675,17676,87,87
17676,17676,17677,87,87
17677,17677,17678,87,87
17678,17678,17679,87,87
17679,17679,17323,87,87
17680,17680,17681,88,88
17681,17681,17682,88,88
17682,17682,17683,88,88
17683,17683,17684,88,88
17684,17684,17685,88,88
17685,17685,17686,88,88
17686,17686,17687,88,88
17687,17687,17688,88,88
17688,17688,17689,88,88
17689,17689,17690,88,88
17690,17690,17691,88,88
17691,17691,17692,88,88
17692,17692,17693,88,88
17693,17693,17694,88,88
17694,17694,17695,88,88
17695,17695,17696,88,88
17696,17696,17697,88,88
17697,17697,17698,88,88
17698,17698,17699,88,88
17699,17699,17700,88,88
17700,17700,17701,88,88
17701,17701,17702,88,88
17702,17702,17703,88,88
17703,17703,17704,88,88
17704,17704,17705,88,88
17705,17705,17706,88,88
17706,17706,17707,88,88
17707,17707,17708,88,88
17708,17708,17709,88,88
17709,17709,17710,88,88
17710,17710,17711,88,88
17711,17711,17712,88,88
17712,17712,17713,88,88
17713,17713,17714,88,88
17714,17714,17715,88,88
17715,17715,17716,88,88
17716,17716,17717,88,88
17717,17717,17718,88,88
17718,17718,17719,88,88
17719,17719,17720,88,88
17720,17720,17721,88,88
17721,17721,17722,88,88
17722,17722,17723,88,88
17723,17723,17724,88,88
17724,17724,17725,88,88
17725,17725,17726,88,88
17726,17726,17727,88,88
17727,17727,17728,88,88
17728,17728,17729,88,88
17729,17729,17730,88,88
17730,17730,17731,88,88
17731,17731,17732,88,88
17732,17732,17733,88,88
17733,17733,17734,88,88
17734,17734,17735,88,88
17735,17735,17736,88,88
17736,17736,17737,88,88
17737,17737,17738,88,88
17738,17738,17739,88,88
17739,17739,17740,88,88
17740,17740,17741,88,88
17741,17741,17742,88,88
17742,17742,17743,88,88
17743,17743,17744,88,88
17744,17744,17745,88,88
17745,17745,17746,88,88
17746,17746,17747,88,88
17747,17747,17748,88,88
17748,17748,17749,88,88
17749,17749,17750,88,88
17750,17750,17751,88,88
17751,17751,17752,88,88
17752,17752,17753,88,88
17753,17753,17754,88,88
17754,17754,17755,88,88
17755,17755,17756,88,88
17756,17756,17757,88,88
17757,17757,17758,88,88
17758,17758,17759,88,88
17759,17759,17760,88,88
17760,17760,17761,88,88
17761,17761,17762,88,88
17762,17762,17763,88,88
17763,17763,17764,88,88
17764,17764,17765,88,88
17765,17765,17766,88,88
17766,17766,17767,88,88
17767,17767,17768,88,88
17768,17768,17769,88,88
17769,17769,17770,88,88
17770,17770,17771,88,88
17771,17771,17772,88,88
17772,17772,17773,88,88
17773,17773,17774,88,88
17774,17774,17775,88,88
17775,17775,17776,88,88
17776,17776,17777,88,88
17777,17777,17778,88,88
17778,17778,17779,88,88
17779,17779,17780,88,88
17780,17780,17781,88,88
17781,17781,17782,88,88
17782,17782,17783,88,88
17783,17783,17784,88,88
17784,17784,17785,88,88
17785,17785,17786,88,88
17786,17786,17787,88,88
17787,17787,17788,88,88
17788,17788,17789,88,88
17789,17789,17790,88,88
17790,17790,17791,88,88
17791,17791,17792,88,88
17792,17792,17793,88,88
17793,17793,17794,88,88
17794,17794,17795,88,88
17795,17795,17796,88,88
17796,17796,17797,88,88
17797,17797,17798,88,88
17798,17798,17799,88,88
17799,17799,17800,88,88
17800,17800,17801,88,88
17801,17801,17802,88,88
17802,17802,17803,88,88
17803,17803,17804,88,88
17804,17804,17805,88,88
17805,17805,17806,88,88
17806,17806,17807,88,88
17807,17807,17808,88,88
17808,17808,17809,88,88
17809,17809,17810,88,88
17810,17810,17811,88,88
17811,17811,17812,88,88
17812,17812,17813,88,88
17813,17813,17814,88,88
17814,17814,17815,88,88
17815,17815,17816,88,88
17816,17816,17817,88,88
17817,17817,17818,88,88
17818,17818,17819,88,88
17819,17819,17820,88,88
17820,17820,17821,88,88
17821,17821,17822,88,88
17822,17822,17823,88,88
17823,17823,17824,88,88
17824,17824,17825,88,88
17825,17825,17826,88,88
17826,17826,17827,88,88
17827,17827,17828,88,88
17828,17828,17829,88,88
17829,17829,17830,88,88
17830,17830,17831,88,88
17831,17831,17832,88,88
17832,17832,17833,88,88
17833,17833,17834,88,88
17834,17834,17835,88,88
17835,17835,17836,88,88
17836,17836,17837,88,88
17837,17837,17838,88,88
17838,17838,17839,88,88
17839,17839,17840,88,88
17840,17840,17841,88,88
17841,17841,17842,88,88
17842,17842,17843,88,88
17843,17843,17844,88,88
17844,17844,17845,88,88
17845,17845,17846,88,88
17846,17846,17847,88,88
17847,17847,17848,88,88
17848,17848,17849,88,88
17849,17849,17850,88,88
17850,17850,17851,88,88
17851,17851,17852,88,88
17852,17852,17853,88,88
17853,17853,17854,88,88
17854,17854,17855,88,88
17855,17855,17856,88,88
17856,17856,17857,88,88
17857,17857,17858,88,88
17858,17858,17859,88,88
17859,17859,17860,88,88
17860,17860,17861,88,88
17861,17861,17862,88,88
17862,17862,17863,88,88
17863,17863,17864,88,88
17864,17864,17865,88,88
17865,17865,17866,88,88
17866,17866,17867,88,88
17867,17867,17868,88,88
17868,17868,17869,88,88
17869,17869,17870,88,88
17870,17870,17871,88,88
17871,17871,17872,88,88
17872,17872,17873,88,88
17873,17873,17874,88,88
17874,17874,17875,88,88
17875,17875,17876,88,88
17876,17876,17877,88,88
17877,17877,17878,88,88
17878,17878,17879,88,88
17879,17879,17880,88,88
17880,17880,17881,88,88
17881,17881,17882,88,88
17882,17882,17883,88,88
17883,17883,17884,88,88
17884,17884,17885,88,88
17885,17885,17886,88,88
17886,17886,17887,88,88
17887,17887,17888,88,88
17888,17888,17889,88,88
17889,17889,17890,88,88
17890,17890,17891,88,88
17891,17891,17892,88,88
17892,17892,17893,88,88
17893,17893,17894,88,88
17894,17894,17895,88,88
17895,17895,17896,88,88
17896,17896,17897,88,88
17897,17897,17898,88,88
17898,17898,17899,88,88
17899,17899,17900,88,88
17900,17900,17901,88,88
17901,17901,17902,88,88
17902,17902,17903,88,88
17903,17903,17904,88,88
17904,17904,17905,88,88
17905,17905,17906,88,88
17906,17906,17907,88,88
17907,17907,17908,88,88
17908,17908,17909,88,88
17909,17909,17910,88,88
17910,17910,17911,88,88
17911,17911,17912,88,88
17912,17912,17913,88,88
17913,17913,17914,88,88
17914,17914,17915,88,88
17915,17915,17916,88,88
17916,17916,17917,88,88
17917,17917,17918,88,88
17918,17918,17919,88,88
17919,17919,17920,88,88
17920,17920,17921,88,88
17921,17921,17922,88,88
17922,17922,17923,88,88
17923,17923,17924,88,88
17924,17924,17925,88,88
17925,17925,17926,88,88
17926,17926,17927,88,88
17927,17927,17928,88,88
17928,17928,17929,88,88
17929,17929,17930,88,88
17930,17930,17931,88,88
17931,17931,17932,88,88
17932,17932,17933,88,88
17933,17933,17934,88,88
17934,17934,17935,88,88
17935,17935,17936,88,88
17936,17936,17937,88,88
17937,17937,17938,88,88
17938,17938,17939,88,88
17939,17939,17940,88,88
17940,17940,17941,88,88
17941,17941,17942,88,88
17942,17942,17943,88,88
17943,17943,17944,88,88
17944,17944,17945,88,88
17945,17945,17946,88,88
17946,17946,17947,88,88
17947,17947,17948,88,88
17948,17948,17949,88,88
17949,17949,17950,88,88
17950,17950,17951,88,88
17951,17951,17952,88,88
17952,17952,17953,88,88
17953,17953,17954,88,88
17954,17954,17955,88,88
17955,17955,17956,88,88
17956,17956,17957,88,88
17957,17957,17958,88,88
17958,17958,17959,88,88
17959,17959,17960,88,88
17960,17960,17961,88,88
17961,17961,17962,88,88
17962,17962,17963,88,88
17963,17963,17964,88,88
17964,17964,17965,88,88
17965,17965,17966,88,88
17966,17966,17967,88,88
17967,17967,17968,88,88
17968,17968,17969,88,88
17969,17969,17970,88,88
17970,17970,17971,88,88
17971,17971,17972,88,88
17972,17972,17973,88,88
17973,17973,17974,88,88
17974,17974,17975,88,88
17975,17975,17976,88,88
17976,17976,17977,88,88
17977,17977,17978,88,88
17978,17978,17979,88,88
17979,17979,17980,88,88
17980,17980,17981,88,88
17981,17981,17982,88,88
17982,17982,17983,88,88
17983,17983,17984,88,88
17984,17984,17985,88,88
17985,17985,17986,88,88
17986,17986,17987,88,88
17987,17987,17988,88,88
17988,17988,17989,88,88
17989,17989,17990,88,88
17990,17990,17991,88,88
17991,17991,17992,88,88
17992,17992,17993,88,88
17993,17993,17994,88,88
17994,17994,17995,88,88
17995,17995,17996,88,88
17996,17996,17997,88,88
17997,17997,17998,88,88
17998,17998,17999,88,88
17999,17999,18000,88,88
18000,18000,18001,88,88
18001,18001,18002,88,88
18002,18002,18003,88,88
18003,18003,18004,88,88
18004,18004,18005,88,88
18005,18005,18006,88,88
18006,18006,18007,88,88
18007,18007,18008,88,88
18008,18008,18009,88,88
18009,18009,18010,88,88
18010,18010,18011,88,88
18011,18011,18012,88,88
18012,18012,18013,88,88
18013,18013,18014,88,88
18014,18014,18015,88,88
18015,18015,18016,88,88
18016,18016,18017,88,88
18017,18017,18018,88,88
18018,18018,18019,88,88
18019,18019,18020,88,88
18020,18020,18021,88,88
18021,18021,18022,88,88
18022,18022,18023,88,88
18023,18023,18024,88,88
18024,18024,18025,88,88
18025,18025,18026,88,88
18026,18026,18027,88,88
18027,18027,18028,88,88
18028,18028,18029,88,88
18029,18029,18030,88,88
18030,18030,18031,88,88
18031,18031,18032,88,88
18032,18032,18033,88,88
18033,18033,18034,88,88
18034,18034,18035,88,88
18035,18035,18036,88,88
18036,18036,18037,88,88
18037,18037,18038,88,88
18038,18038,18039,88,88
18039,18039,18040,88,88
18040,18040,18041,88,88
18041,18041,18042,88,88
18042,18042,18043,88,88
18043,18043,18044,88,88
18044,18044,18045,88,88
18045,18045,18046,88,88
18046,18046,18047,88,88
18047,18047,18048,88,88
18048,18048,18049,88,88
18049,18049,18050,88,88
18050,18050,18051,88,88
18051,18051,18052,88,88
18052,18052,18053,88,88
18053,18053,18054,88,88
18054,18054,18055,88,88
18055,18055,18056,88,88
18056,18056,18057,88,88
18057,18057,18058,88,88
18058,18058,18059,88,88
18059,18059,18060,88,88
18060,18060,18061,88,88
18061,18061,18062,88,88
18062,18062,18063,88,88
18063,18063,18064,88,88
18064,18064,18065,88,88
18065,18065,18066,88,88
18066,18066,18067,88,88
18067,18067,18068,88,88
18068,18068,18069,88,88
18069,18069,18070,88,88
18070,18070,18071,88,88
18071,18071,18072,88,88
18072,18072,18073,88,88
18073,18073,18074,88,88
18074,18074,18075,88,88
18075,18075,18076,88,88
18076,18076,18077,88,88
18077,18077,18078,88,88
18078,18078,18079,88,88
18079,18079,18080,88,88
18080,18080,18081,88,88
18081,18081,18082,88,88
18082,18082,18083,88,88
18083,18083,18084,88,88
18084,18084,18085,88,88
18085,18085,18086,88,88
18086,18086,18087,88,88
18087,18087,18088,88,88
18088,18088,18089,88,88
18089,18089,18090,88,88
18090,18090,18091,88,88
18091,18091,18092,88,88
18092,18092,18093,88,88
18093,18093,18094,88,88
18094,18094,18095,88,88
18095,18095,18096,88,88
18096,18096,18097,88,88
18097,18097,18098,88,88
18098,18098,18099,88,88
18099,18099,18100,88,88
18100,18100,18101,88,88
18101,18101,18102,88,88
18102,18102,18103,88,88
18103,18103,18104,88,88
18104,18104,18105,88,88
18105,18105,18106,88,88
18106,18106,18107,88,88
18107,18107,18108,88,88
18108,18108,18109,88,88
18109,18109,18110,88,88
18110,18110,18111,88,88
18111,18111,18112,88,88
18112,18112,18113,88,88
18113,18113,18114,88,88
18114,18114,18115,88,88
18115,18115,18116,88,88
18116,18116,18117,88,88
18117,18117,18118,88,88
18118,18118,18119,88,88
18119,18119,18120,88,88
18120,18120,18121,88,88
18121,18121,18122,88,88
18122,18122,18123,88,88
18123,18123,18124,88,88
18124,18124,18125,88,88
18125,18125,18126,88,88
18126,18126,18127,88,88
18127,18127,18128,88,88
18128,18128,18129,88,88
18129,18129,18130,88,88
18130,18130,18131,88,88
18131,18131,18132,88,88
18132,18132,18133,88,88
18133,18133,18134,88,88
18134,18134,18135,88,88
18135,18135,18136,88,88
18136,18136,18137,88,88
18137,18137,18138,88,88
18138,18138,17680,88,88
18139,18139,18140,89,89
18140,18140,18141,89,89
18141,18141,18142,89,89
18142,18142,18143,89,89
18143,18143,18144,89,89
18144,18144,18145,89,89
18145,18145,18146,89,89
18146,18146,18147,89,89
18147,18147,18148,89,89
18148,18148,18149,89,89
18149,18149,18150,89,89
18150,18150,18151,89,89
18151,18151,18152,89,89
18152,18152,18153,89,89
18153,18153,18154,89,89
18154,18154,18155,89,89
18155,18155,18156,89,89
18156,18156,18157,89,89
18157,18157,18158,89,89
18158,18158,18159,89,89
18159,18159,18160,89,89
18160,18160,18161,89,89
18161,18161,18162,89,89
18162,18162,18163,89,89
18163,18163,18164,89,89
18164,18164,18165,89,89
18165,18165,18166,89,89
18166,18166,18167,89,89
18167,18167,18168,89,89
18168,18168,18169,89,89
18169,18169,18170,89,89
18170,18170,18171,89,89
18171,18171,18172,89,89
18172,18172,18173,89,89
18173,18173,18174,89,89
18174,18174,18175,89,89
18175,18175,18176,89,89
18176,18176,18177,89,89
18177,18177,18178,89,89
18178,18178,18179,89,89
18179,18179,18180,89,89
18180,18180,18181,89,89
18181,18181,18182,89,89
18182,18182,18183,89,89
18183,18183,18184,89,89
18184,18184,18185,89,89
18185,18185,18186,89,89
18186,18186,18187,89,89
18187,18187,18188,89,89
18188,18188,18189,89,89
18189,18189,18190,89,89
18190,18190,18191,89,89
18191,18191,18192,89,89
18192,18192,18193,89,89
18193,18193,18194,89,89
18194,18194,18195,89,89
18195,18195,18196,89,89
18196,18196,18197,89,89
18197,18197,18198,89,89
18198,18198,18199,89,89
18199,18199,18200,89,89
18200,18200,18201,89,89
18201,18201,18202,89,89
18202,18202,18203,89,89
18203,18203,18204,89,89
18204,18204,18205,89,89
18205,18205,18206,89,89
18206,18206,18207,89,89
18207,18207,18208,89,89
18208,18208,18209,89,89
18209,18209,18210,89,89
18210,18210,18211,89,89
18211,18211,18212,89,89
18212,18212,18213,89,89
18213,18213,18214,89,89
18214,18214,18215,89,89
18215,18215,18216,89,89
18216,18216,18217,89,89
18217,18217,18218,89,89
18218,18218,18219,89,89
18219,18219,18220,89,89
18220,18220,18221,89,89
18221,18221,18222,89,89
18222,18222,18223,89,89
18223,18223,18224,89,89
18224,18224,18225,89,89
18225,18225,18226,89,89
18226,18226,18227,89,89
18227,18227,18228,89,89
18228,18228,18229,89,89
18229,18229,18230,89,89
18230,18230,18231,89,89
18231,18231,18232,89,89
18232,18232,18233,89,89
18233,18233,18234,89,89
18234,18234,18235,89,89
18235,18235,18236,89,89
18236,18236,18237,89,89
18237,18237,18238,89,89
18238,18238,18239,89,89
18239,18239,18240,89,89
18240,18240,18241,89,89
18241,18241,18242,89,89
18242,18242,18243,89,89
18243,18243,18244,89,89
18244,18244,18245,89,89
18245,18245,18246,89,89
18246,18246,18247,89,89
18247,18247,18248,89,89
18248,18248,18249,89,89
18249,18249,18250,89,89
18250,18250,18251,89,89
18251,18251,18252,89,89
18252,18252,18253,89,89
18253,18253,18254,89,89
18254,18254,18255,89,89
18255,18255,18256,89,89
18256,18256,18257,89,89
18257,18257,18258,89,89
18258,18258,18259,89,89
18259,18259,18260,89,89
18260,18260,18261,89,89
18261,18261,18262,89,89
18262,18262,18263,89,89
18263,18263,18264,89,89
18264,18264,18265,89,89
18265,18265,18266,89,89
18266,18266,18267,89,89
18267,18267,18268,89,89
18268,18268,18269,89,89
18269,18269,18270,89,89
18270,18270,18271,89,89
18271,18271,18272,89,89
18272,18272,18273,89,89
18273,18273,18274,89,89
18274,18274,18275,89,89
18275,18275,18276,89,89
18276,18276,18277,89,89
18277,18277,18278,89,89
18278,18278,18279,89,89
18279,18279,18280,89,89
18280,18280,18281,89,89
18281,18281,18282,89,89
18282,18282,18283,89,89
18283,18283,18284,89,89
18284,18284,18285,89,89
18285,18285,18286,89,89
18286,18286,18287,89,89
18287,18287,18288,89,89
18288,18288,18289,89,89
18289,18289,18290,89,89
18290,18290,18291,89,89
18291,18291,18292,89,89
18292,18292,18293,89,89
18293,18293,18294,89,89
18294,18294,18295,89,89
18295,18295,18296,89,89
18296,18296,18297,89,89
18297,18297,18298,89,89
18298,18298,18299,89,89
18299,18299,18300,89,89
18300,18300,18301,89,89
18301,18301,18302,89,89
18302,18302,18303,89,89
18303,18303,18304,89,89
18304,18304,18305,89,89
18305,18305,18306,89,89
18306,18306,18307,89,89
18307,18307,18308,89,89
18308,18308,18309,89,89
18309,18309,18310,89,89
18310,18310,18311,89,89
18311,18311,18312,89,89
18312,18312,18313,89,89
18313,18313,18314,89,89
18314,18314,18315,89,89
18315,18315,18316,89,89
18316,18316,18317,89,89
18317,18317,18318,89,89
18318,18318,18319,89,89
18319,18319,18320,89,89
18320,18320,18321,89,89
18321,18321,18322,89,89
18322,18322,18323,89,89
18323,18323,18324,89,89
18324,18324,18325,89,89
18325,18325,18326,89,89
18326,18326,18327,89,89
18327,18327,18328,89,89
18328,18328,18329,89,89
18329,18329,18330,89,89
18330,18330,18331,89,89
18331,18331,18332,89,89
18332,18332,18333,89,89
18333,18333,18334,89,89
18334,18334,18335,89,89
18335,18335,18336,89,89
18336,18336,18337,89,89
18337,18337,18338,89,89
18338,18338,18339,89,89
18339,18339,18340,89,89
18340,18340,18341,89,89
18341,18341,18342,89,89
18342,18342,18343,89,89
18343,18343,18344,89,89
18344,18344,18345,89,89
18345,18345,18346,89,89
18346,18346,18347,89,89
18347,18347,18348,89,89
18348,18348,18349,89,89
18349,18349,18350,89,89
18350,18350,18351,89,89
18351,18351,18352,89,89
18352,18352,18353,89,89
18353,18353,18354,89,89
18354,18354,18355,89,89
18355,18355,18356,89,89
18356,18356,18357,89,89
18357,18357,18358,89,89
18358,18358,18359,89,89
18359,18359,18360,89,89
18360,18360,18361,89,89
18361,18361,18362,89,89
18362,18362,18363,89,89
18363,18363,18364,89,89
18364,18364,18365,89,89
18365,18365,18366,89,89
18366,18366,18367,89,89
18367,18367,18368,89,89
18368,18368,18369,89,89
18369,18369,18370,89,89
18370,18370,18371,89,89
18371,18371,18372,89,89
18372,18372,18373,89,89
18373,18373,18374,89,89
18374,18374,18375,89,89
18375,18375,18376,89,89
18376,18376,18377,89,89
18377,18377,18378,89,89
18378,18378,18379,89,89
18379,18379,18380,89,89
18380,18380,18381,89,89
18381,18381,18382,89,89
18382,18382,18383,89,89
18383,18383,18384,89,89
18384,18384,18385,89,89
18385,18385,18386,89,89
18386,18386,18387,89,89
18387,18387,18388,89,89
18388,18388,18389,89,89
18389,18389,18390,89,89
18390,18390,18391,89,89
18391,18391,18392,89,89
18392,18392,18393,89,89
18393,18393,18394,89,89
18394,18394,18395,89,89
18395,18395,18396,89,89
18396,18396,18397,89,89
18397,18397,18398,89,89
18398,18398,18399,89,89
18399,18399,18400,89,89
18400,18400,18401,89,89
18401,18401,18402,89,89
18402,18402,18403,89,89
18403,18403,18404,89,89
18404,18404,18405,89,89
18405,18405,18406,89,89
18406,18406,18407,89,89
18407,18407,18408,89,89
18408,18408,18409,89,89
18409,18409,18410,89,89
18410,18410,18411,89,89
18411,18411,18412,89,89
18412,18412,18413,89,89
18413,18413,18414,89,89
18414,18414,18415,89,89
18415,18415,18416,89,89
18416,18416,18417,89,89
18417,18417,18418,89,89
18418,18418,18419,89,89
18419,18419,18420,89,89
18420,18420,18421,89,89
18421,18421,18422,89,89
18422,18422,18423,89,89
18423,18423,18424,89,89
18424,18424,18425,89,89
18425,18425,18426,89,89
18426,18426,18427,89,89
18427,18427,18428,89,89
18428,18428,18429,89,89
18429,18429,18430,89,89
18430,18430,18431,89,89
18431,18431,18432,89,89
18432,18432,18433,89,89
18433,18433,18434,89,89
18434,18434,18435,89,89
18435,18435,18436,89,89
18436,18436,18437,89,89
18437,18437,18438,89,89
18438,18438,18439,89,89
18439,18439,18440,89,89
18440,18440,18441,89,89
18441,18441,18442,89,89
18442,18442,18443,89,89
18443,18443,18444,89,89
18444,18444,18445,89,89
18445,18445,18446,89,89
18446,18446,18447,89,89
18447,18447,18448,89,89
18448,18448,18449,89,89
18449,18449,18450,89,89
18450,18450,18451,89,89
18451,18451,18452,89,89
18452,18452,18453,89,89
18453,18453,18454,89,89
18454,18454,18455,89,89
18455,18455,18456,89,89
18456,18456,18457,89,89
18457,18457,18458,89,89
18458,18458,18459,89,89
18459,18459,18460,89,89
18460,18460,18461,89,89
18461,18461,18462,89,89
18462,18462,18463,89,89
18463,18463,18464,89,89
18464,18464,18465,89,89
18465,18465,18466,89,89
18466,18466,18467,89,89
18467,18467,18468,89,89
18468,18468,18469,89,89
18469,18469,18470,89,89
18470,18470,18471,89,89
18471,18471,18472,89,89
18472,18472,18473,89,89
18473,18473,18474,89,89
18474,18474,18475,89,89
18475,18475,18476,89,89
18476,18476,18477,89,89
18477,18477,18478,89,89
18478,18478,18479,89,89
18479,18479,18480,89,89
18480,18480,18481,89,89
18481,18481,18482,89,89
18482,18482,18483,89,89
18483,18483,18484,89,89
18484,18484,18485,89,89
18485,18485,18486,89,89
18486,18486,18487,89,89
18487,18487,18488,89,89
18488,18488,18489,89,89
18489,18489,18490,89,89
18490,18490,18491,89,89
18491,18491,18492,89,89
18492,18492,18493,89,89
18493,18493,18494,89,89
18494,18494,18495,89,89
18495,18495,18139,89,89
18496,18496,18497,90,90
18497,18497,18498,90,90
18498,18498,18499,90,90
18499,18499,18500,90,90
18500,18500,18501,90,90
18501,18501,18502,90,90
18502,18502,18503,90,90
18503,18503,18504,90,90
18504,18504,18505,90,90
18505,18505,18506,90,90
18506,18506,18507,90,90
18507,18507,18508,90,90
18508,18508,18509,90,90
18509,18509,18510,90,90
18510,18510,18511,90,90
18511,18511,18512,90,90
18512,18512,18513,90,90
18513,18513,18514,90,90
18514,18514,18515,90,90
18515,18515,18516,90,90
18516,18516,18517,90,90
18517,18517,18518,90,90
18518,18518,18519,90,90
18519,18519,18520,90,90
18520,18520,18521,90,90
18521,18521,18522,90,90
18522,18522,18523,90,90
18523,18523,18524,90,90
18524,18524,18525,90,90
18525,18525,18526,90,90
18526,18526,18527,90,90
18527,18527,18528,90,90
18528,18528,18529,90,90
18529,18529,18530,90,90
18530,18530,18531,90,90
18531,18531,18532,90,90
18532,18532,18533,90,90
18533,18533,18534,90,90
18534,18534,18535,90,90
18535,18535,18536,90,90
18536,18536,18537,90,90
18537,18537,18538,90,90
18538,18538,18539,90,90
18539,18539,18540,90,90
18540,18540,18541,90,90
18541,18541,18542,90,90
18542,18542,18543,90,90
18543,18543,18544,90,90
18544,18544,18545,90,90
18545,18545,18546,90,90
18546,18546,18547,90,90
18547,18547,18548,90,90
18548,18548,18549,90,90
18549,18549,18550,90,90
18550,18550,18551,90,90
18551,18551,18552,90,90
18552,18552,18553,90,90
18553,18553,18554,90,90
18554,18554,18555,90,90
18555,18555,18556,90,90
18556,18556,18557,90,90
18557,18557,18558,90,90
18558,18558,18559,90,90
18559,18559,18560,90,90
18560,18560,18561,90,90
18561,18561,18562,90,90
18562,18562,18563,90,90
18563,18563,18564,90,90
18564,18564,18565,90,90
18565,18565,18566,90,90
18566,18566,18567,90,90
18567,18567,18568,90,90
18568,18568,18569,90,90
18569,18569,18570,90,90
18570,18570,18571,90,90
18571,18571,18572,90,90
18572,18572,18573,90,90
18573,18573,18574,90,90
18574,18574,18575,90,90
18575,18575,18576,90,90
18576,18576,18577,90,90
18577,18577,18578,90,90
18578,18578,18579,90,90
18579,18579,18580,90,90
18580,18580,18581,90,90
18581,18581,18582,90,90
18582,18582,18583,90,90
18583,18583,18584,90,90
18584,18584,18585,90,90
18585,18585,18586,90,90
18586,18586,18587,90,90
18587,18587,18588,90,90
18588,18588,18589,90,90
18589,18589,18590,90,90
18590,18590,18591,90,90
18591,18591,18592,90,90
18592,18592,18593,90,90
18593,18593,18594,90,90
18594,18594,18595,90,90
18595,18595,18596,90,90
18596,18596,18597,90,90
18597,18597,18598,90,90
18598,18598,18599,90,90
18599,18599,18600,90,90
18600,18600,18601,90,90
18601,18601,18602,90,90
18602,18602,18603,90,90
18603,18603,18604,90,90
18604,18604,18605,90,90
18605,18605,18606,90,90
18606,18606,18607,90,90
18607,18607,18608,90,90
18608,18608,18609,90,90
18609,18609,18610,90,90
18610,18610,18611,90,90
18611,18611,18612,90,90
18612,18612,18613,90,90
18613,18613,18614,90,90
18614,18614,18615,90,90
18615,18615,18616,90,90
18616,18616,18617,90,90
18617,18617,18618,90,90
18618,18618,18619,90,90
18619,18619,18620,90,90
18620,18620,18621,90,90
18621,18621,18622,90,90
18622,18622,18623,90,90
18623,18623,18624,90,90
18624,18624,18625,90,90
18625,18625,18626,90,90
18626,18626,18627,90,90
18627,18627,18628,90,90
18628,18628,18629,90,90
18629,18629,18630,90,90
18630,18630,18631,90,90
18631,18631,18632,90,90
18632,18632,18633,90,90
18633,18633,18634,90,90
18634,18634,18635,90,90
18635,18635,18636,90,90
18636,18636,18637,90,90
18637,18637,18638,90,90
18638,18638,18639,90,90
18639,18639,18640,90,90
18640,18640,18641,90,90
18641,18641,18642,90,90
18642,18642,18643,90,90
18643,18643,18644,90,90
18644,18644,18645,90,90
18645,18645,18646,90,90
18646,18646,18647,90,90
18647,18647,18648,90,90
18648,18648,18649,90,90
18649,18649,18650,90,90
18650,18650,18651,90,90
18651,18651,18652,90,90
18652,18652,18653,90,90
18653,18653,18654,90,90
18654,18654,18655,90,90
18655,18655,18656,90,90
18656,18656,18657,90,90
18657,18657,18658,90,90
18658,18658,18659,90,90
18659,18659,18660,90,90
18660,18660,18661,90,90
18661,18661,18662,90,90
18662,18662,18663,90,90
18663,18663,18664,90,90
18664,18664,18665,90,90
18665,18665,18666,90,90
18666,18666,18667,90,90
18667,18667,18668,90,90
18668,18668,18669,90,90
18669,18669,18670,90,90
18670,18670,18671,90,90
18671,18671,18672,90,90
18672,18672,18673,90,90
18673,18673,18674,90,90
18674,18674,18675,90,90
18675,18675,18676,90,90
18676,18676,18677,90,90
18677,18677,18678,90,90
18678,18678,18679,90,90
18679,18679,18680,90,90
18680,18680,18681,90,90
18681,18681,18682,90,90
18682,18682,18683,90,90
18683,18683,18684,90,90
18684,18684,18685,90,90
18685,18685,18686,90,90
18686,18686,18687,90,90
18687,18687,18688,90,90
18688,18688,18689,90,90
18689,18689,18690,90,90
18690,18690,18691,90,90
18691,18691,18692,90,90
18692,18692,18693,90,90
18693,18693,18694,90,90
18694,18694,18695,90,90
18695,18695,18696,90,90
18696,18696,18697,90,90
18697,18697,18698,90,90
18698,18698,18699,90,90
18699,18699,18700,90,90
18700,18700,18701,90,90
18701,18701,18702,90,90
18702,18702,18703,90,90
18703,18703,18704,90,90
18704,18704,18705,90,90
18705,18705,18706,90,90
18706,18706,18707,90,90
18707,18707,18708,90,90
18708,18708,18709,90,90
18709,18709,18710,90,90
18710,18710,18711,90,90
18711,18711,18712,90,90
18712,18712,18713,90,90
18713,18713,18714,90,90
18714,18714,18715,90,90
18715,18715,18716,90,90
18716,18716,18717,90,90
18717,18717,18718,90,90
18718,18718,18719,90,90
18719,18719,18720,90,90
18720,18720,18721,90,90
18721,18721,18722,90,90
18722,18722,18723,90,90
18723,18723,18724,90,90
18724,18724,18725,90,90
18725,18725,18726,90,90
18726,18726,18727,90,90
18727,18727,18728,90,90
18728,18728,18729,90,90
18729,18729,18730,90,90
18730,18730,18731,90,90
18731,18731,18732,90,90
18732,18732,18733,90,90
18733,18733,18734,90,90
18734,18734,18735,90,90
18735,18735,18736,90,90
18736,18736,18737,90,90
18737,18737,18738,90,90
18738,18738,18739,90,90
18739,18739,18740,90,90
18740,18740,18741,90,90
18741,18741,18742,90,90
18742,18742,18743,90,90
18743,18743,18744,90,90
18744,18744,18745,90,90
18745,18745,18746,90,90
18746,18746,18747,90,90
18747,18747,18748,90,90
18748,18748,18749,90,90
18749,18749,18750,90,90
18750,18750,18751,90,90
18751,18751,18752,90,90
18752,18752,18753,90,90
18753,18753,18754,90,90
18754,18754,18755,90,90
18755,18755,18756,90,90
18756,18756,18757,90,90
18757,18757,18758,90,90
18758,18758,18759,90,90
18759,18759,18760,90,90
18760,18760,18761,90,90
18761,18761,18762,90,90
18762,18762,18763,90,90
18763,18763,18764,90,90
18764,18764,18765,90,90
18765,18765,18766,90,90
18766,18766,18767,90,90
18767,18767,18768,90,90
18768,18768,18769,90,90
18769,18769,18770,90,90
18770,18770,18771,90,90
18771,18771,18772,90,90
18772,18772,18773,90,90
18773,18773,18774,90,90
18774,18774,18775,90,90
18775,18775,18776,90,90
18776,18776,18777,90,90
18777,18777,18778,90,90
18778,18778,18779,90,90
18779,18779,18780,90,90
18780,18780,18781,90,90
18781,18781,18782,90,90
18782,18782,18783,90,90
18783,18783,18784,90,90
18784,18784,18785,90,90
18785,18785,18786,90,90
18786,18786,18787,90,90
18787,18787,18788,90,90
18788,18788,18789,90,90
18789,18789,18790,90,90
18790,18790,18791,90,90
18791,18791,18792,90,90
18792,18792,18793,90,90
18793,18793,18794,90,90
18794,18794,18795,90,90
18795,18795,18796,90,90
18796,18796,18797,90,90
18797,18797,18798,90,90
18798,18798,18799,90,90
18799,18799,18800,90,90
18800,18800,18801,90,90
18801,18801,18802,90,90
18802,18802,18803,90,90
18803,18803,18804,90,90
18804,18804,18805,90,90
18805,18805,18806,90,90
18806,18806,18807,90,90
18807,18807,18808,90,90
18808,18808,18809,90,90
18809,18809,18810,90,90
18810,18810,18811,90,90
18811,18811,18812,90,90
18812,18812,18813,90,90
18813,18813,18814,90,90
18814,18814,18815,90,90
18815,18815,18816,90,90
18816,18816,18817,90,90
18817,18817,18818,90,90
18818,18818,18819,90,90
18819,18819,18820,90,90
18820,18820,18821,90,90
18821,18821,18822,90,90
18822,18822,18823,90,90
18823,18823,18824,90,90
18824,18824,18825,90,90
18825,18825,18826,90,90
18826,18826,18827,90,90
18827,18827,18828,90,90
18828,18828,18829,90,90
18829,18829,18830,90,90
18830,18830,18831,90,90
18831,18831,18832,90,90
18832,18832,18833,90,90
18833,18833,18834,90,90
18834,18834,18835,90,90
18835,18835,18836,90,90
18836,18836,18837,90,90
18837,18837,18838,90,90
18838,18838,18839,90,90
18839,18839,18840,90,90
18840,18840,18841,90,90
18841,18841,18842,90,90
18842,18842,18843,90,90
18843,18843,18844,90,90
18844,18844,18845,90,90
18845,18845,18846,90,90
18846,18846,18847,90,90
18847,18847,18848,90,90
18848,18848,18849,90,90
18849,18849,18850,90,90
18850,18850,18851,90,90
18851,18851,18852,90,90
18852,18852,18853,90,90
18853,18853,18854,90,90
18854,18854,18855,90,90
18855,18855,18856,90,90
18856,18856,18857,90,90
18857,18857,18858,90,90
18858,18858,18859,90,90
18859,18859,18860,90,90
18860,18860,18861,90,90
18861,18861,18862,90,90
18862,18862,18863,90,90
18863,18863,18864,90,90
18864,18864,18865,90,90
18865,18865,18866,90,90
18866,18866,18867,90,90
18867,18867,18868,90,90
18868,18868,18869,90,90
18869,18869,18870,90,90
18870,18870,18871,90,90
18871,18871,18872,90,90
18872,18872,18873,90,90
18873,18873,18874,90,90
18874,18874,18875,90,90
18875,18875,18876,90,90
18876,18876,18877,90,90
18877,18877,18878,90,90
18878,18878,18879,90,90
18879,18879,18880,90,90
18880,18880,18881,90,90
18881,18881,18882,90,90
18882,18882,18883,90,90
18883,18883,18884,90,90
18884,18884,18885,90,90
18885,18885,18886,90,90
18886,18886,18887,90,90
18887,18887,18888,90,90
18888,18888,18889,90,90
18889,18889,18890,90,90
18890,18890,18891,90,90
18891,18891,18892,90,90
18892,18892,18893,90,90
18893,18893,18894,90,90
18894,18894,18895,90,90
18895,18895,18896,90,90
18896,18896,18897,90,90
18897,18897,18898,90,90
18898,18898,18899,90,90
18899,18899,18900,90,90
18900,18900,18901,90,90
18901,18901,18902,90,90
18902,18902,18903,90,90
18903,18903,18904,90,90
18904,18904,18905,90,90
18905,18905,18906,90,90
18906,18906,18907,90,90
18907,18907,18908,90,90
18908,18908,18909,90,90
18909,18909,18910,90,90
18910,18910,18911,90,90
18911,18911,18912,90,90
18912,18912,18913,90,90
18913,18913,18914,90,90
18914,18914,18915,90,90
18915,18915,18916,90,90
18916,18916,18917,90,90
18917,18917,18918,90,90
18918,18918,18919,90,90
18919,18919,18920,90,90
18920,18920,18921,90,90
18921,18921,18922,90,90
18922,18922,18923,90,90
18923,18923,18924,90,90
18924,18924,18925,90,90
18925,18925,18926,90,90
18926,18926,18927,90,90
18927,18927,18928,90,90
18928,18928,18929,90,90
18929,18929,18930,90,90
18930,18930,18931,90,90
18931,18931,18932,90,90
18932,18932,18933,90,90
18933,18933,18934,90,90
18934,18934,18935,90,90
18935,18935,18936,90,90
18936,18936,18937,90,90
18937,18937,18938,90,90
18938,18938,18939,90,90
18939,18939,18940,90,90
18940,18940,18941,90,90
18941,18941,18942,90,90
18942,18942,18943,90,90
18943,18943,18944,90,90
18944,18944,18945,90,90
18945,18945,18946,90,90
18946,18946,18947,90,90
18947,18947,18948,90,90
18948,18948,18949,90,90
18949,18949,18950,90,90
18950,18950,18951,90,90
18951,18951,18952,90,90
18952,18952,18953,90,90
18953,18953,18954,90,90
18954,18954,18496,90,90
18955,18955,18956,91,91
18956,18956,18957,91,91
18957,18957,18958,91,91
18958,18958,18959,91,91
18959,18959,18960,91,91
18960,18960,18961,91,91
18961,18961,18962,91,91
18962,18962,18963,91,91
18963,18963,18964,91,91
18964,18964,18965,91,91
18965,18965,18966,91,91
18966,18966,18967,91,91
18967,18967,18968,91,91
18968,18968,18969,91,91
18969,18969,18970,91,91
18970,18970,18971,91,91
18971,18971,18972,91,91
18972,18972,18973,91,91
18973,18973,18974,91,91
18974,18974,18975,91,91
18975,18975,18976,91,91
18976,18976,18977,91,91
18977,18977,18978,91,91
18978,18978,18979,91,91
18979,18979,18980,91,91
18980,18980,18981,91,91
18981,18981,18982,91,91
18982,18982,18983,91,91
18983,18983,18984,91,91
18984,18984,18985,91,91
18985,18985,18986,91,91
18986,18986,18987,91,91
18987,18987,18988,91,91
18988,18988,18989,91,91
18989,18989,18990,91,91
18990,18990,18991,91,91
18991,18991,18992,91,91
18992,18992,18993,91,91
18993,18993,18994,91,91
18994,18994,18995,91,91
18995,18995,18996,91,91
18996,18996,18997,91,91
18997,18997,18998,91,91
18998,18998,18999,91,91
18999,18999,19000,91,91
19000,19000,19001,91,91
19001,19001,19002,91,91
19002,19002,19003,91,91
19003,19003,19004,91,91
19004,19004,19005,91,91
19005,19005,19006,91,91
19006,19006,19007,91,91
19007,19007,19008,91,91
19008,19008,19009,91,91
19009,19009,19010,91,91
19010,19010,19011,91,91
19011,19011,19012,91,91
19012,19012,19013,91,91
19013,19013,19014,91,91
19014,19014,19015,91,91
19015,19015,19016,91,91
19016,19016,19017,91,91
19017,19017,19018,91,91
19018,19018,19019,91,91
19019,19019,19020,91,91
19020,19020,19021,91,91
19021,19021,19022,91,91
19022,19022,19023,91,91
19023,19023,19024,91,91
19024,19024,19025,91,91
19025,19025,19026,91,91
19026,19026,19027,91,91
19027,19027,19028,91,91
19028,19028,19029,91,91
19029,19029,19030,91,91
19030,19030,19031,91,91
19031,19031,19032,91,91
19032,19032,19033,91,91
19033,19033,19034,91,91
19034,19034,19035,91,91
19035,19035,19036,91,91
19036,19036,19037,91,91
19037,19037,19038,91,91
19038,19038,19039,91,91
19039,19039,19040,91,91
19040,19040,19041,91,91
19041,19041,19042,91,91
19042,19042,19043,91,91
19043,19043,19044,91,91
19044,19044,19045,91,91
19045,19045,19046,91,91
19046,19046,19047,91,91
19047,19047,19048,91,91
19048,19048,19049,91,91
19049,19049,19050,91,91
19050,19050,19051,91,91
19051,19051,19052,91,91
19052,19052,19053,91,91
19053,19053,19054,91,91
19054,19054,19055,91,91
19055,19055,19056,91,91
19056,19056,19057,91,91
19057,19057,19058,91,91
19058,19058,19059,91,91
19059,19059,19060,91,91
19060,19060,19061,91,91
19061,19061,19062,91,91
19062,19062,19063,91,91
19063,19063,19064,91,91
19064,19064,19065,91,91
19065,19065,19066,91,91
19066,19066,19067,91,91
19067,19067,19068,91,91
19068,19068,19069,91,91
19069,19069,19070,91,91
19070,19070,19071,91,91
19071,19071,19072,91,91
19072,19072,19073,91,91
19073,19073,19074,91,91
19074,19074,19075,91,91
19075,19075,19076,91,91
19076,19076,19077,91,91
19077,19077,19078,91,91
19078,19078,19079,91,91
19079,19079,19080,91,91
19080,19080,19081,91,91
19081,19081,19082,91,91
19082,19082,19083,91,91
19083,19083,19084,91,91
19084,19084,19085,91,91
19085,19085,19086,91,91
19086,19086,19087,91,91
19087,19087,19088,91,91
19088,19088,19089,91,91
19089,19089,19090,91,91
19090,19090,19091,91,91
19091,19091,19092,91,91
19092,19092,19093,91,91
19093,19093,19094,91,91
19094,19094,19095,91,91
19095,19095,19096,91,91
19096,19096,19097,91,91
19097,19097,19098,91,91
19098,19098,19099,91,91
19099,19099,19100,91,91
19100,19100,19101,91,91
19101,19101,19102,91,91
19102,19102,19103,91,91
19103,19103,19104,91,91
19104,19104,19105,91,91
19105,19105,19106,91,91
19106,19106,19107,91,91
19107,19107,19108,91,91
19108,19108,19109,91,91
19109,19109,19110,91,91
19110,19110,19111,91,91
19111,19111,19112,91,91
19112,19112,19113,91,91
19113,19113,19114,91,91
19114,19114,19115,91,91
19115,19115,19116,91,91
19116,19116,19117,91,91
19117,19117,19118,91,91
19118,19118,19119,91,91
19119,19119,19120,91,91
19120,19120,19121,91,91
19121,19121,19122,91,91
19122,19122,19123,91,91
19123,19123,19124,91,91
19124,19124,19125,91,91
19125,19125,19126,91,91
19126,19126,19127,91,91
19127,19127,19128,91,91
19128,19128,19129,91,91
19129,19129,19130,91,91
19130,19130,19131,91,91
19131,19131,19132,91,91
19132,19132,19133,91,91
19133,19133,19134,91,91
19134,19134,19135,91,91
19135,19135,19136,91,91
19136,19136,19137,91,91
19137,19137,19138,91,91
19138,19138,19139,91,91
19139,19139,19140,91,91
19140,19140,19141,91,91
19141,19141,19142,91,91
19142,19142,19143,91,91
19143,19143,19144,91,91
19144,19144,19145,91,91
19145,19145,19146,91,91
19146,19146,19147,91,91
19147,19147,19148,91,91
19148,19148,19149,91,91
19149,19149,19150,91,91
19150,19150,19151,91,91
19151,19151,19152,91,91
19152,19152,19153,91,91
19153,19153,19154,91,91
19154,19154,19155,91,91
19155,19155,19156,91,91
19156,19156,19157,91,91
19157,19157,19158,91,91
19158,19158,19159,91,91
19159,19159,19160,91,91
19160,19160,19161,91,91
19161,19161,19162,91,91
19162,19162,19163,91,91
19163,19163,19164,91,91
19164,19164,19165,91,91
19165,19165,19166,91,91
19166,19166,19167,91,91
19167,19167,19168,91,91
19168,19168,19169,91,91
19169,19169,19170,91,91
19170,19170,19171,91,91
19171,19171,19172,91,91
19172,19172,19173,91,91
19173,19173,19174,91,91
19174,19174,19175,91,91
19175,19175,19176,91,91
19176,19176,19177,91,91
19177,19177,19178,91,91
19178,19178,19179,91,91
19179,19179,19180,91,91
19180,19180,19181,91,91
19181,19181,19182,91,91
19182,19182,19183,91,91
19183,19183,19184,91,91
19184,19184,19185,91,91
19185,19185,19186,91,91
19186,19186,19187,91,91
19187,19187,19188,91,91
19188,19188,19189,91,91
19189,19189,19190,91,91
19190,19190,19191,91,91
19191,19191,19192,91,91
19192,19192,19193,91,91
19193,19193,19194,91,91
19194,19194,19195,91,91
19195,19195,19196,91,91
19196,19196,19197,91,91
19197,19197,19198,91,91
19198,19198,19199,91,91
19199,19199,19200,91,91
19200,19200,19201,91,91
19201,19201,19202,91,91
19202,19202,19203,91,91
19203,19203,19204,91,91
19204,19204,19205,91,91
19205,19205,19206,91,91
19206,19206,19207,91,91
19207,19207,19208,91,91
19208,19208,19209,91,91
19209,19209,19210,91,91
19210,19210,19211,91,91
19211,19211,19212,91,91
19212,19212,19213,91,91
19213,19213,19214,91,91
19214,19214,19215,91,91
19215,19215,19216,91,91
19216,19216,19217,91,91
19217,19217,19218,91,91
19218,19218,19219,91,91
19219,19219,19220,91,91
19220,19220,19221,91,91
19221,19221,19222,91,91
19222,19222,19223,91,91
19223,19223,19224,91,91
19224,19224,19225,91,91
19225,19225,19226,91,91
19226,19226,19227,91,91
19227,19227,19228,91,91
19228,19228,19229,91,91
19229,19229,19230,91,91
19230,19230,19231,91,91
19231,19231,19232,91,91
19232,19232,19233,91,91
19233,19233,19234,91,91
19234,19234,19235,91,91
19235,19235,19236,91,91
19236,19236,19237,91,91
19237,19237,19238,91,91
19238,19238,19239,91,91
19239,19239,19240,91,91
19240,19240,19241,91,91
19241,19241,19242,91,91
19242,19242,19243,91,91
19243,19243,19244,91,91
19244,19244,19245,91,91
19245,19245,19246,91,91
19246,19246,19247,91,91
19247,19247,19248,91,91
19248,19248,19249,91,91
19249,19249,19250,91,91
19250,19250,19251,91,91
19251,19251,19252,91,91
19252,19252,19253,91,91
19253,19253,19254,91,91
19254,19254,19255,91,91
19255,19255,19256,91,91
19256,19256,19257,91,91
19257,19257,19258,91,91
19258,19258,19259,91,91
19259,19259,19260,91,91
19260,19260,19261,91,91
19261,19261,19262,91,91
19262,19262,19263,91,91
19263,19263,19264,91,91
19264,19264,19265,91,91
19265,19265,19266,91,91
19266,19266,19267,91,91
19267,19267,19268,91,91
19268,19268,19269,91,91
19269,19269,19270,91,91
19270,19270,19271,91,91
19271,19271,19272,91,91
19272,19272,19273,91,91
19273,19273,19274,91,91
19274,19274,19275,91,91
19275,19275,19276,91,91
19276,19276,19277,91,91
19277,19277,19278,91,91
19278,19278,19279,91,91
19279,19279,19280,91,91
19280,19280,19281,91,91
19281,19281,19282,91,91
19282,19282,19283,91,91
19283,19283,19284,91,91
19284,19284,19285,91,91
19285,19285,19286,91,91
19286,19286,19287,91,91
19287,19287,19288,91,91
19288,19288,19289,91,91
19289,19289,19290,91,91
19290,19290,19291,91,91
19291,19291,19292,91,91
19292,19292,19293,91,91
19293,19293,19294,91,91
19294,19294,19295,91,91
19295,19295,19296,91,91
19296,19296,19297,91,91
19297,19297,19298,91,91
19298,19298,19299,91,91
19299,19299,19300,91,91
19300,19300,19301,91,91
19301,19301,19302,91,91
19302,19302,19303,91,91
19303,19303,19304,91,91
19304,19304,19305,91,91
19305,19305,19306,91,91
19306,19306,19307,91,91
19307,19307,19308,91,91
19308,19308,19309,91,91
19309,19309,19310,91,91
19310,19310,19311,91,91
19311,19311,18955,91,91
19312,19312,19313,92,92
19313,19313,19314,92,92
19314,19314,19315,92,92
19315,19315,19316,92,92
19316,19316,19317,92,92
19317,19317,19318,92,92
19318,19318,19319,92,92
19319,19319,19320,92,92
19320,19320,19321,92,92
19321,19321,19322,92,92
19322,19322,19323,92,92
19323,19323,19324,92,92
19324,19324,19325,92,92
19325,19325,19326,92,92
19326,19326,19327,92,92
19327,19327,19328,92,92
19328,19328,19329,92,92
19329,19329,19330,92,92
19330,19330,19331,92,92
19331,19331,19332,92,92
19332,19332,19333,92,92
19333,19333,19334,92,92
19334,19334,19335,92,92
19335,19335,19336,92,92
19336,19336,19337,92,92
19337,19337,19338,92,92
19338,19338,19339,92,92
19339,19339,19340,92,92
19340,19340,19341,92,92
19341,19341,19342,92,92
19342,19342,19343,92,92
19343,19343,19344,92,92
19344,19344,19345,92,92
19345,19345,19346,92,92
19346,19346,19347,92,92
19347,19347,19348,92,92
19348,19348,19349,92,92
19349,19349,19350,92,92
19350,19350,19351,92,92
19351,19351,19352,92,92
19352,19352,19353,92,92
19353,19353,19354,92,92
19354,19354,19355,92,92
19355,19355,19356,92,92
19356,19356,19357,92,92
19357,19357,19358,92,92
19358,19358,19359,92,92
19359,19359,19360,92,92
19360,19360,19361,92,92
19361,19361,19362,92,92
19362,19362,19363,92,92
19363,19363,19364,92,92
19364,19364,19365,92,92
19365,19365,19366,92,92
19366,19366,19367,92,92
19367,19367,19368,92,92
19368,19368,19369,92,92
19369,19369,19370,92,92
19370,19370,19371,92,92
19371,19371,19372,92,92
19372,19372,19373,92,92
19373,19373,19374,92,92
19374,19374,19375,92,92
19375,19375,19376,92,92
19376,19376,19377,92,92
19377,19377,19378,92,92
19378,19378,19379,92,92
19379,19379,19380,92,92
19380,19380,19381,92,92
19381,19381,19382,92,92
19382,19382,19383,92,92
19383,19383,19384,92,92
19384,19384,19385,92,92
19385,19385,19386,92,92
19386,19386,19387,92,92
19387,19387,19388,92,92
19388,19388,19389,92,92
19389,19389,19390,92,92
19390,19390,19391,92,92
19391,19391,19392,92,92
19392,19392,19393,92,92
19393,19393,19394,92,92
19394,19394,19395,92,92
19395,19395,19396,92,92
19396,19396,19397,92,92
19397,19397,19398,92,92
19398,19398,19399,92,92
19399,19399,19400,92,92
19400,19400,19401,92,92
19401,19401,19402,92,92
19402,19402,19403,92,92
19403,19403,19404,92,92
19404,19404,19405,92,92
19405,19405,19406,92,92
19406,19406,19407,92,92
19407,19407,19408,92,92
19408,19408,19409,92,92
19409,19409,19410,92,92
19410,19410,19411,92,92
19411,19411,19412,92,92
19412,19412,19413,92,92
19413,19413,19414,92,92
19414,19414,19415,92,92
19415,19415,19416,92,92
19416,19416,19417,92,92
19417,19417,19418,92,92
19418,19418,19419,92,92
19419,19419,19420,92,92
19420,19420,19421,92,92
19421,19421,19422,92,92
19422,19422,19423,92,92
19423,19423,19424,92,92
19424,19424,19425,92,92
19425,19425,19426,92,92
19426,19426,19427,92,92
19427,19427,19428,92,92
19428,19428,19429,92,92
19429,19429,19430,92,92
19430,19430,19431,92,92
19431,19431,19432,92,92
19432,19432,19433,92,92
19433,19433,19434,92,92
19434,19434,19435,92,92
19435,19435,19436,92,92
19436,19436,19437,92,92
19437,19437,19438,92,92
19438,19438,19439,92,92
19439,19439,19440,92,92
19440,19440,19441,92,92
19441,19441,19442,92,92
19442,19442,19443,92,92
19443,19443,19444,92,92
19444,19444,19445,92,92
19445,19445,19446,92,92
19446,19446,19447,92,92
19447,19447,19448,92,92
19448,19448,19449,92,92
19449,19449,19450,92,92
19450,19450,19451,92,92
19451,19451,19452,92,92
19452,19452,19453,92,92
19453,19453,19454,92,92
19454,19454,19455,92,92
19455,19455,19456,92,92
19456,19456,19457,92,92
19457,19457,19458,92,92
19458,19458,19459,92,92
19459,19459,19460,92,92
19460,19460,19461,92,92
19461,19461,19462,92,92
19462,19462,19463,92,92
19463,19463,19464,92,92
19464,19464,19465,92,92
19465,19465,19466,92,92
19466,19466,19467,92,92
19467,19467,19468,92,92
19468,19468,19469,92,92
19469,19469,19470,92,92
19470,19470,19471,92,92
19471,19471,19472,92,92
19472,19472,19473,92,92
19473,19473,19474,92,92
19474,19474,19475,92,92
19475,19475,19476,92,92
19476,19476,19477,92,92
19477,19477,19478,92,92
19478,19478,19479,92,92
19479,19479,19480,92,92
19480,19480,19481,92,92
19481,19481,19482,92,92
19482,19482,19483,92,92
19483,19483,19484,92,92
19484,19484,19485,92,92
19485,19485,19486,92,92
19486,19486,19487,92,92
19487,19487,19488,92,92
19488,19488,19489,92,92
19489,19489,19490,92,92
19490,19490,19491,92,92
19491,19491,19492,92,92
19492,19492,19493,92,92
19493,19493,19494,92,92
19494,19494,19495,92,92
19495,19495,19496,92,92
19496,19496,19497,92,92
19497,19497,19498,92,92
19498,19498,19499,92,92
19499,19499,19500,92,92
19500,19500,19501,92,92
19501,19501,19502,92,92
19502,19502,19503,92,92
19503,19503,19504,92,92
19504,19504,19505,92,92
19505,19505,19506,92,92
19506,19506,19507,92,92
19507,19507,19508,92,92
19508,19508,19509,92,92
19509,19509,19510,92,92
19510,19510,19511,92,92
19511,19511,19512,92,92
19512,19512,19513,92,92
19513,19513,19514,92,92
19514,19514,19515,92,92
19515,19515,19516,92,92
19516,19516,19517,92,92
19517,19517,19518,92,92
19518,19518,19519,92,92
19519,19519,19520,92,92
19520,19520,19521,92,92
19521,19521,19522,92,92
19522,19522,19523,92,92
19523,19523,19524,92,92
19524,19524,19525,92,92
19525,19525,19526,92,92
19526,19526,19527,92,92
19527,19527,19528,92,92
19528,19528,19529,92,92
19529,19529,19530,92,92
19530,19530,19531,92,92
19531,19531,19532,92,92
19532,19532,19533,92,92
19533,19533,19534,92,92
19534,19534,19535,92,92
19535,19535,19536,92,92
19536,19536,19537,92,92
19537,19537,19538,92,92
19538,19538,19539,92,92
19539,19539,19540,92,92
19540,19540,19541,92,92
19541,19541,19542,92,92
19542,19542,19543,92,92
19543,19543,19544,92,92
19544,19544,19545,92,92
19545,19545,19546,92,92
19546,19546,19547,92,92
19547,19547,19548,92,92
19548,19548,19549,92,92
19549,19549,19550,92,92
19550,19550,19551,92,92
19551,19551,19552,92,92
19552,19552,19553,92,92
19553,19553,19554,92,92
19554,19554,19555,92,92
19555,19555,19556,92,92
19556,19556,19557,92,92
19557,19557,19558,92,92
19558,19558,19559,92,92
19559,19559,19560,92,92
19560,19560,19561,92,92
19561,19561,19562,92,92
19562,19562,19563,92,92
19563,19563,19564,92,92
19564,19564,19565,92,92
19565,19565,19566,92,92
19566,19566,19567,92,92
19567,19567,19568,92,92
19568,19568,19569,92,92
19569,19569,19570,92,92
19570,19570,19571,92,92
19571,19571,19572,92,92
19572,19572,19573,92,92
19573,19573,19574,92,92
19574,19574,19575,92,92
19575,19575,19576,92,92
19576,19576,19577,92,92
19577,19577,19578,92,92
19578,19578,19579,92,92
19579,19579,19580,92,92
19580,19580,19581,92,92
19581,19581,19582,92,92
19582,19582,19583,92,92
19583,19583,19584,92,92
19584,19584,19585,92,92
19585,19585,19586,92,92
19586,19586,19587,92,92
19587,19587,19588,92,92
19588,19588,19589,92,92
19589,19589,19590,92,92
19590,19590,19591,92,92
19591,19591,19592,92,92
19592,19592,19593,92,92
19593,19593,19594,92,92
19594,19594,19595,92,92
19595,19595,19596,92,92
19596,19596,19597,92,92
19597,19597,19598,92,92
19598,19598,19599,92,92
19599,19599,19600,92,92
19600,19600,19601,92,92
19601,19601,19602,92,92
19602,19602,19603,92,92
19603,19603,19604,92,92
19604,19604,19605,92,92
19605,19605,19606,92,92
19606,19606,19607,92,92
19607,19607,19608,92,92
19608,19608,19609,92,92
19609,19609,19610,92,92
19610,19610,19611,92,92
19611,19611,19612,92,92
19612,19612,19613,92,92
19613,19613,19614,92,92
19614,19614,19615,92,92
19615,19615,19616,92,92
19616,19616,19617,92,92
19617,19617,19618,92,92
19618,19618,19619,92,92
19619,19619,19620,92,92
19620,19620,19621,92,92
19621,19621,19622,92,92
19622,19622,19623,92,92
19623,19623,19624,92,92
19624,19624,19625,92,92
19625,19625,19626,92,92
19626,19626,19627,92,92
19627,19627,19628,92,92
19628,19628,19629,92,92
19629,19629,19630,92,92
19630,19630,19631,92,92
19631,19631,19632,92,92
19632,19632,19633,92,92
19633,19633,19634,92,92
19634,19634,19635,92,92
19635,19635,19636,92,92
19636,19636,19637,92,92
19637,19637,19638,92,92
19638,19638,19639,92,92
19639,19639,19640,92,92
19640,19640,19641,92,92
19641,19641,19642,92,92
19642,19642,19643,92,92
19643,19643,19644,92,92
19644,19644,19645,92,92
19645,19645,19646,92,92
19646,19646,19647,92,92
19647,19647,19648,92,92
19648,19648,19649,92,92
19649,19649,19650,92,92
19650,19650,19651,92,92
19651,19651,19652,92,92
19652,19652,19653,92,92
19653,19653,19654,92,92
19654,19654,19655,92,92
19655,19655,19656,92,92
19656,19656,19657,92,92
19657,19657,19658,92,92
19658,19658,19659,92,92
19659,19659,19660,92,92
19660,19660,19661,92,92
19661,19661,19662,92,92
19662,19662,19663,92,92
19663,19663,19664,92,92
19664,19664,19665,92,92
19665,19665,19666,92,92
19666,19666,19667,92,92
19667,19667,19668,92,92
19668,19668,19312,92,92
19669,19669,19670,93,93
19670,19670,19671,93,93
19671,19671,19672,93,93
19672,19672,19673,93,93
19673,19673,19674,93,93
19674,19674,19675,93,93
19675,19675,19676,93,93
19676,19676,19677,93,93
19677,19677,19678,93,93
19678,19678,19679,93,93
19679,19679,19680,93,93
19680,19680,19681,93,93
19681,19681,19682,93,93
19682,19682,19683,93,93
19683,19683,19684,93,93
19684,19684,19685,93,93
19685,19685,19686,93,93
19686,19686,19687,93,93
19687,19687,19688,93,93
19688,19688,19689,93,93
19689,19689,19690,93,93
19690,19690,19691,93,93
19691,19691,19692,93,93
19692,19692,19693,93,93
19693,19693,19694,93,93
19694,19694,19695,93,93
19695,19695,19696,93,93
19696,19696,19697,93,93
19697,19697,19698,93,93
19698,19698,19699,93,93
19699,19699,19700,93,93
19700,19700,19701,93,93
19701,19701,19702,93,93
19702,19702,19703,93,93
19703,19703,19704,93,93
19704,19704,19705,93,93
19705,19705,19706,93,93
19706,19706,19707,93,93
19707,19707,19708,93,93
19708,19708,19709,93,93
19709,19709,19710,93,93
19710,19710,19711,93,93
19711,19711,19712,93,93
19712,19712,19713,93,93
19713,19713,19714,93,93
19714,19714,19715,93,93
19715,19715,19716,93,93
19716,19716,19717,93,93
19717,19717,19718,93,93
19718,19718,19719,93,93
19719,19719,19720,93,93
19720,19720,19721,93,93
19721,19721,19722,93,93
19722,19722,19723,93,93
19723,19723,19724,93,93
19724,19724,19725,93,93
19725,19725,19726,93,93
19726,19726,19727,93,93
19727,19727,19728,93,93
19728,19728,19729,93,93
19729,19729,19730,93,93
19730,19730,19731,93,93
19731,19731,19732,93,93
19732,19732,19733,93,93
19733,19733,19734,93,93
19734,19734,19735,93,93
19735,19735,19736,93,93
19736,19736,19737,93,93
19737,19737,19738,93,93
19738,19738,19739,93,93
19739,19739,19740,93,93
19740,19740,19741,93,93
19741,19741,19742,93,93
19742,19742,19743,93,93
19743,19743,19744,93,93
19744,19744,19745,93,93
19745,19745,19746,93,93
19746,19746,19747,93,93
19747,19747,19748,93,93
19748,19748,19749,93,93
19749,19749,19750,93,93
19750,19750,19751,93,93
19751,19751,19752,93,93
19752,19752,19753,93,93
19753,19753,19754,93,93
19754,19754,19755,93,93
19755,19755,19756,93,93
19756,19756,19757,93,93
19757,19757,19758,93,93
19758,19758,19759,93,93
19759,19759,19760,93,93
19760,19760,19761,93,93
19761,19761,19762,93,93
19762,19762,19763,93,93
19763,19763,19764,93,93
19764,19764,19765,93,93
19765,19765,19766,93,93
19766,19766,19767,93,93
19767,19767,19768,93,93
19768,19768,19769,93,93
19769,19769,19770,93,93
19770,19770,19771,93,93
19771,19771,19772,93,93
19772,19772,19773,93,93
19773,19773,19774,93,93
19774,19774,19775,93,93
19775,19775,19776,93,93
19776,19776,19777,93,93
19777,19777,19778,93,93
19778,19778,19779,93,93
19779,19779,19780,93,93
19780,19780,19781,93,93
19781,19781,19782,93,93
19782,19782,19783,93,93
19783,19783,19784,93,93
19784,19784,19785,93,93
19785,19785,19786,93,93
19786,19786,19787,93,93
19787,19787,19788,93,93
19788,19788,19789,93,93
19789,19789,19790,93,93
19790,19790,19791,93,93
19791,19791,19792,93,93
19792,19792,19793,93,93
19793,19793,19794,93,93
19794,19794,19795,93,93
19795,19795,19796,93,93
19796,19796,19797,93,93
19797,19797,19798,93,93
19798,19798,19799,93,93
19799,19799,19800,93,93
19800,19800,19801,93,93
19801,19801,19802,93,93
19802,19802,19803,93,93
19803,19803,19804,93,93
19804,19804,19805,93,93
19805,19805,19806,93,93
19806,19806,19807,93,93
19807,19807,19808,93,93
19808,19808,19809,93,93
19809,19809,19810,93,93
19810,19810,19811,93,93
19811,19811,19812,93,93
19812,19812,19813,93,93
19813,19813,19814,93,93
19814,19814,19815,93,93
19815,19815,19816,93,93
19816,19816,19817,93,93
19817,19817,19818,93,93
19818,19818,19819,93,93
19819,19819,19820,93,93
19820,19820,19821,93,93
19821,19821,19822,93,93
19822,19822,19823,93,93
19823,19823,19824,93,93
19824,19824,19825,93,93
19825,19825,19826,93,93
19826,19826,19827,93,93
19827,19827,19828,93,93
19828,19828,19829,93,93
19829,19829,19830,93,93
19830,19830,19831,93,93
19831,19831,19832,93,93
19832,19832,19833,93,93
19833,19833,19834,93,93
19834,19834,19835,93,93
19835,19835,19836,93,93
19836,19836,19837,93,93
19837,19837,19838,93,93
19838,19838,19839,93,93
19839,19839,19840,93,93
19840,19840,19841,93,93
19841,19841,19842,93,93
19842,19842,19843,93,93
19843,19843,19844,93,93
19844,19844,19845,93,93
19845,19845,19846,93,93
19846,19846,19847,93,93
19847,19847,19848,93,93
19848,19848,19849,93,93
19849,19849,19850,93,93
19850,19850,19851,93,93
19851,19851,19852,93,93
19852,19852,19853,93,93
19853,19853,19854,93,93
19854,19854,19855,93,93
19855,19855,19856,93,93
19856,19856,19857,93,93
19857,19857,19858,93,93
19858,19858,19859,93,93
19859,19859,19860,93,93
19860,19860,19861,93,93
19861,19861,19862,93,93
19862,19862,19863,93,93
19863,19863,19864,93,93
19864,19864,19865,93,93
19865,19865,19866,93,93
19866,19866,19867,93,93
19867,19867,19868,93,93
19868,19868,19869,93,93
19869,19869,19870,93,93
19870,19870,19871,93,93
19871,19871,19872,93,93
19872,19872,19873,93,93
19873,19873,19874,93,93
19874,19874,19875,93,93
19875,19875,19876,93,93
19876,19876,19877,93,93
19877,19877,19878,93,93
19878,19878,19879,93,93
19879,19879,19880,93,93
19880,19880,19881,93,93
19881,19881,19882,93,93
19882,19882,19883,93,93
19883,19883,19884,93,93
19884,19884,19885,93,93
19885,19885,19886,93,93
19886,19886,19887,93,93
19887,19887,19888,93,93
19888,19888,19889,93,93
19889,19889,19890,93,93
19890,19890,19891,93,93
19891,19891,19892,93,93
19892,19892,19893,93,93
19893,19893,19894,93,93
19894,19894,19895,93,93
19895,19895,19896,93,93
19896,19896,19897,93,93
19897,19897,19898,93,93
19898,19898,19899,93,93
19899,19899,19900,93,93
19900,19900,19901,93,93
19901,19901,19902,93,93
19902,19902,19903,93,93
19903,19903,19904,93,93
19904,19904,19905,93,93
19905,19905,19906,93,93
19906,19906,19907,93,93
19907,19907,19908,93,93
19908,19908,19909,93,93
19909,19909,19910,93,93
19910,19910,19911,93,93
19911,19911,19912,93,93
19912,19912,19913,93,93
19913,19913,19914,93,93
19914,19914,19915,93,93
19915,19915,19916,93,93
19916,19916,19917,93,93
19917,19917,19918,93,93
19918,19918,19919,93,93
19919,19919,19920,93,93
19920,19920,19921,93,93
19921,19921,19922,93,93
19922,19922,19923,93,93
19923,19923,19924,93,93
19924,19924,19925,93,93
19925,19925,19926,93,93
19926,19926,19927,93,93
19927,19927,19928,93,93
19928,19928,19929,93,93
19929,19929,19930,93,93
19930,19930,19931,93,93
19931,19931,19932,93,93
19932,19932,19933,93,93
19933,19933,19934,93,93
19934,19934,19935,93,93
19935,19935,19936,93,93
19936,19936,19937,93,93
19937,19937,19938,93,93
19938,19938,19939,93,93
19939,19939,19940,93,93
19940,19940,19941,93,93
19941,19941,19942,93,93
19942,19942,19943,93,93
19943,19943,19944,93,93
19944,19944,19945,93,93
19945,19945,19946,93,93
19946,19946,19947,93,93
19947,19947,19948,93,93
19948,19948,19949,93,93
19949,19949,19950,93,93
19950,19950,19951,93,93
19951,19951,19952,93,93
19952,19952,19953,93,93
19953,19953,19954,93,93
19954,19954,19955,93,93
19955,19955,19956,93,93
19956,19956,19957,93,93
19957,19957,19958,93,93
19958,19958,19959,93,93
19959,19959,19960,93,93
19960,19960,19961,93,93
19961,19961,19962,93,93
19962,19962,19963,93,93
19963,19963,19964,93,93
19964,19964,19965,93,93
19965,19965,19966,93,93
19966,19966,19967,93,93
19967,19967,19968,93,93
19968,19968,19969,93,93
19969,19969,19970,93,93
19970,19970,19971,93,93
19971,19971,19972,93,93
19972,19972,19973,93,93
19973,19973,19974,93,93
19974,19974,19975,93,93
19975,19975,19976,93,93
19976,19976,19977,93,93
19977,19977,19978,93,93
19978,19978,19979,93,93
19979,19979,19980,93,93
19980,19980,19981,93,93
19981,19981,19982,93,93
19982,19982,19983,93,93
19983,19983,19984,93,93
19984,19984,19985,93,93
19985,19985,19986,93,93
19986,19986,19987,93,93
19987,19987,19988,93,93
19988,19988,19989,93,93
19989,19989,19990,93,93
19990,19990,19991,93,93
19991,19991,19992,93,93
19992,19992,19993,93,93
19993,19993,19994,93,93
19994,19994,19995,93,93
19995,19995,19996,93,93
19996,19996,19997,93,93
19997,19997,19998,93,93
19998,19998,19999,93,93
19999,19999,20000,93,93
20000,20000,20001,93,93
20001,20001,20002,93,93
20002,20002,20003,93,93
20003,20003,20004,93,93
20004,20004,20005,93,93
20005,20005,20006,93,93
20006,20006,20007,93,93
20007,20007,20008,93,93
20008,20008,20009,93,93
20009,20009,20010,93,93
20010,20010,20011,93,93
20011,20011,20012,93,93
20012,20012,20013,93,93
20013,20013,20014,93,93
20014,20014,20015,93,93
20015,20015,20016,93,93
20016,20016,20017,93,93
20017,20017,20018,93,93
20018,20018,20019,93,93
20019,20019,20020,93,93
20020,20020,20021,93,93
20021,20021,20022,93,93
20022,20022,20023,93,93
20023,20023,20024,93,93
20024,20024,20025,93,93
20025,20025,19669,93,93
20026,20026,20027,94,94
20027,20027,20028,94,94
20028,20028,20029,94,94
20029,20029,20030,94,94
20030,20030,20031,94,94
20031,20031,20032,94,94
20032,20032,20033,94,94
20033,20033,20034,94,94
20034,20034,20035,94,94
20035,20035,20036,94,94
20036,20036,20037,94,94
20037,20037,20038,94,94
20038,20038,20039,94,94
20039,20039,20040,94,94
20040,20040,20041,94,94
20041,20041,20042,94,94
20042,20042,20043,94,94
20043,20043,20044,94,94
20044,20044,20045,94,94
20045,20045,20046,94,94
20046,20046,20047,94,94
20047,20047,20048,94,94
20048,20048,20049,94,94
20049,20049,20050,94,94
20050,20050,20051,94,94
20051,20051,20052,94,94
20052,20052,20053,94,94
20053,20053,20054,94,94
20054,20054,20055,94,94
20055,20055,20056,94,94
20056,20056,20057,94,94
20057,20057,20058,94,94
20058,20058,20059,94,94
20059,20059,20060,94,94
20060,20060,20061,94,94
20061,20061,20062,94,94
20062,20062,20063,94,94
20063,20063,20064,94,94
20064,20064,20065,94,94
20065,20065,20066,94,94
20066,20066,20067,94,94
20067,20067,20068,94,94
20068,20068,20069,94,94
20069,20069,20070,94,94
20070,20070,20071,94,94
20071,20071,20072,94,94
20072,20072,20073,94,94
20073,20073,20074,94,94
20074,20074,20075,94,94
20075,20075,20076,94,94
20076,20076,20077,94,94
20077,20077,20078,94,94
20078,20078,20079,94,94
20079,20079,20080,94,94
20080,20080,20081,94,94
20081,20081,20082,94,94
20082,20082,20083,94,94
20083,20083,20084,94,94
20084,20084,20085,94,94
20085,20085,20086,94,94
20086,20086,20087,94,94
20087,20087,20088,94,94
20088,20088,20089,94,94
20089,20089,20090,94,94
20090,20090,20091,94,94
20091,20091,20092,94,94
20092,20092,20093,94,94
20093,20093,20094,94,94
20094,20094,20095,94,94
20095,20095,20096,94,94
20096,20096,20097,94,94
20097,20097,20098,94,94
20098,20098,20099,94,94
20099,20099,20100,94,94
20100,20100,20101,94,94
20101,20101,20102,94,94
20102,20102,20103,94,94
20103,20103,20104,94,94
20104,20104,20105,94,94
20105,20105,20106,94,94
20106,20106,20107,94,94
20107,20107,20108,94,94
20108,20108,20109,94,94
20109,20109,20110,94,94
20110,20110,20026,94,94
20111,20111,20112,95,95
20112,20112,20113,95,95
20113,20113,20114,95,95
20114,20114,20115,95,95
20115,20115,20116,95,95
20116,20116,20117,95,95
20117,20117,20118,95,95
20118,20118,20119,95,95
20119,20119,20120,95,95
20120,20120,20121,95,95
20121,20121,20122,95,95
20122,20122,20123,95,95
20123,20123,20124,95,95
20124,20124,20125,95,95
20125,20125,20126,95,95
20126,20126,20127,95,95
20127,20127,20128,95,95
20128,20128,20129,95,95
20129,20129,20130,95,95
20130,20130,20131,95,95
20131,20131,20132,95,95
20132,20132,20133,95,95
20133,20133,20134,95,95
20134,20134,20135,95,95
20135,20135,20136,95,95
20136,20136,20137,95,95
20137,20137,20138,95,95
20138,20138,20139,95,95
20139,20139,20140,95,95
20140,20140,20141,95,95
20141,20141,20142,95,95
20142,20142,20143,95,95
20143,20143,20144,95,95
20144,20144,20145,95,95
20145,20145,20146,95,95
20146,20146,20147,95,95
20147,20147,20148,95,95
20148,20148,20149,95,95
20149,20149,20150,95,95
20150,20150,20151,95,95
20151,20151,20152,95,95
20152,20152,20153,95,95
20153,20153,20154,95,95
20154,20154,20155,95,95
20155,20155,20156,95,95
20156,20156,20157,95,95
20157,20157,20158,95,95
20158,20158,20159,95,95
20159,20159,20160,95,95
20160,20160,20161,95,95
20161,20161,20162,95,95
20162,20162,20163,95,95
20163,20163,20164,95,95
20164,20164,20165,95,95
20165,20165,20166,95,95
20166,20166,20167,95,95
20167,20167,20168,95,95
20168,20168,20169,95,95
20169,20169,20170,95,95
20170,20170,20171,95,95
20171,20171,20172,95,95
20172,20172,20173,95,95
20173,20173,20174,95,95
20174,20174,20175,95,95
20175,20175,20176,95,95
20176,20176,20177,95,95
20177,20177,20178,95,95
20178,20178,20179,95,95
20179,20179,20180,95,95
20180,20180,20181,95,95
20181,20181,20182,95,95
20182,20182,20183,95,95
20183,20183,20184,95,95
20184,20184,20185,95,95
20185,20185,20186,95,95
20186,20186,20187,95,95
20187,20187,20188,95,95
20188,20188,20189,95,95
20189,20189,20190,95,95
20190,20190,20191,95,95
20191,20191,20192,95,95
20192,20192,20193,95,95
20193,20193,20194,95,95
20194,20194,20195,95,95
20195,20195,20111,95,95
20196,20196,20197,96,96
20197,20197,20198,96,96
20198,20198,20199,96,96
20199,20199,20200,96,96
20200,20200,20201,96,96
20201,20201,20202,96,96
20202,20202,20203,96,96
20203,20203,20204,96,96
20204,20204,20205,96,96
20205,20205,20206,96,96
20206,20206,20207,96,96
20207,20207,20208,96,96
20208,20208,20209,96,96
20209,20209,20210,96,96
20210,20210,20211,96,96
20211,20211,20212,96,96
20212,20212,20213,96,96
20213,20213,20214,96,96
20214,20214,20215,96,96
20215,20215,20216,96,96
20216,20216,20217,96,96
20217,20217,20218,96,96
20218,20218,20219,96,96
20219,20219,20220,96,96
20220,20220,20221,96,96
20221,20221,20222,96,96
20222,20222,20223,96,96
20223,20223,20224,96,96
20224,20224,20225,96,96
20225,20225,20226,96,96
20226,20226,20227,96,96
20227,20227,20228,96,96
20228,20228,20229,96,96
20229,20229,20230,96,96
20230,20230,20231,96,96
20231,20231,20232,96,96
20232,20232,20233,96,96
20233,20233,20234,96,96
20234,20234,20235,96,96
20235,20235,20236,96,96
20236,20236,20237,96,96
20237,20237,20238,96,96
20238,20238,20239,96,96
20239,20239,20240,96,96
20240,20240,20241,96,96
20241,20241,20242,96,96
20242,20242,20243,96,96
20243,20243,20244,96,96
20244,20244,20245,96,96
20245,20245,20246,96,96
20246,20246,20247,96,96
20247,20247,20248,96,96
20248,20248,20249,96,96
20249,20249,20250,96,96
20250,20250,20251,96,96
20251,20251,20252,96,96
20252,20252,20253,96,96
20253,20253,20254,96,96
20254,20254,20255,96,96
20255,20255,20256,96,96
20256,20256,20257,96,96
20257,20257,20258,96,96
20258,20258,20259,96,96
20259,20259,20260,96,96
20260,20260,20261,96,96
20261,20261,20262,96,96
20262,20262,20263,96,96
20263,20263,20264,96,96
20264,20264,20265,96,96
20265,20265,20266,96,96
20266,20266,20267,96,96
20267,20267,20268,96,96
20268,20268,20269,96,96
20269,20269,20270,96,96
20270,20270,20271,96,96
20271,20271,20272,96,96
20272,20272,20273,96,96
20273,20273,20274,96,96
20274,20274,20275,96,96
20275,20275,20276,96,96
20276,20276,20277,96,96
20277,20277,20278,96,96
20278,20278,20279,96,96
20279,20279,20280,96,96
20280,20280,20196,96,96
20281,20281,20282,97,97
20282,20282,20283,97,97
20283,20283,20284,97,97
20284,20284,20285,97,97
20285,20285,20286,97,97
20286,20286,20287,97,97
20287,20287,20288,97,97
20288,20288,20289,97,97
20289,20289,20290,97,97
20290,20290,20291,97,97
20291,20291,20292,97,97
20292,20292,20293,97,97
20293,20293,20294,97,97
20294,20294,20295,97,97
20295,20295,20296,97,97
20296,20296,20297,97,97
20297,20297,20298,97,97
20298,20298,20299,97,97
20299,20299,20300,97,97
20300,20300,20301,97,97
20301,20301,20302,97,97
20302,20302,20303,97,97
20303,20303,20304,97,97
20304,20304,20305,97,97
20305,20305,20306,97,97
20306,20306,20307,97,97
20307,20307,20308,97,97
20308,20308,20309,97,97
20309,20309,20310,97,97
20310,20310,20311,97,97
20311,20311,20312,97,97
20312,20312,20313,97,97
20313,20313,20314,97,97
20314,20314,20315,97,97
20315,20315,20316,97,97
20316,20316,20317,97,97
20317,20317,20318,97,97
20318,20318,20319,97,97
20319,20319,20320,97,97
20320,20320,20321,97,97
20321,20321,20322,97,97
20322,20322,20323,97,97
20323,20323,20324,97,97
20324,20324,20325,97,97
20325,20325,20326,97,97
20326,20326,20327,97,97
20327,20327,20328,97,97
20328,20328,20329,97,97
20329,20329,20330,97,97
20330,20330,20331,97,97
20331,20331,20332,97,97
20332,20332,20333,97,97
20333,20333,20334,97,97
20334,20334,20335,97,97
20335,20335,20336,97,97
20336,20336,20337,97,97
20337,20337,20338,97,97
20338,20338,20339,97,97
20339,20339,20340,97,97
20340,20340,20341,97,97
20341,20341,20342,97,97
20342,20342,20343,97,97
20343,20343,20344,97,97
20344,20344,20345,97,97
20345,20345,20346,97,97
20346,20346,20347,97,97
20347,20347,20348,97,97
20348,20348,20349,97,97
20349,20349,20350,97,97
20350,20350,20351,97,97
20351,20351,20352,97,97
20352,20352,20353,97,97
20353,20353,20354,97,97
20354,20354,20355,97,97
20355,20355,20356,97,97
20356,20356,20357,97,97
20357,20357,20358,97,97
20358,20358,20359,97,97
20359,20359,20360,97,97
20360,20360,20361,97,97
20361,20361,20362,97,97
20362,20362,20363,97,97
20363,20363,20364,97,97
20364,20364,20365,97,97
20365,20365,20366,97,97
20366,20366,20367,97,97
20367,20367,20368,97,97
20368,20368,20369,97,97
20369,20369,20370,97,97
20370,20370,20371,97,97
20371,20371,20372,97,97
20372,20372,20373,97,97
20373,20373,20374,97,97
20374,20374,20375,97,97
20375,20375,20376,97,97
20376,20376,20377,97,97
20377,20377,20378,97,97
20378,20378,20379,97,97
20379,20379,20380,97,97
20380,20380,20381,97,97
20381,20381,20382,97,97
20382,20382,20383,97,97
20383,20383,20384,97,97
20384,20384,20385,97,97
20385,20385,20386,97,97
20386,20386,20387,97,97
20387,20387,20388,97,97
20388,20388,20389,97,97
20389,20389,20390,97,97
20390,20390,20391,97,97
20391,20391,20392,97,97
20392,20392,20393,97,97
20393,20393,20394,97,97
20394,20394,20395,97,97
20395,20395,20396,97,97
20396,20396,20397,97,97
20397,20397,20398,97,97
20398,20398,20399,97,97
20399,20399,20400,97,97
20400,20400,20401,97,97
20401,20401,20402,97,97
20402,20402,20403,97,97
20403,20403,20404,97,97
20404,20404,20405,97,97
20405,20405,20406,97,97
20406,20406,20407,97,97
20407,20407,20408,97,97
20408,20408,20409,97,97
20409,20409,20410,97,97
20410,20410,20411,97,97
20411,20411,20412,97,97
20412,20412,20413,97,97
20413,20413,20414,97,97
20414,20414,20415,97,97
20415,20415,20416,97,97
20416,20416,20417,97,97
20417,20417,20418,97,97
20418,20418,20419,97,97
20419,20419,20420,97,97
20420,20420,20421,97,97
20421,20421,20422,97,97
20422,20422,20423,97,97
20423,20423,20424,97,97
20424,20424,20425,97,97
20425,20425,20426,97,97
20426,20426,20427,97,97
20427,20427,20428,97,97
20428,20428,20429,97,97
20429,20429,20430,97,97
20430,20430,20431,97,97
20431,20431,20432,97,97
20432,20432,20433,97,97
20433,20433,20281,97,97
20434,20434,20435,98,98
20435,20435,20436,98,98
20436,20436,20437,98,98
20437,20437,20438,98,98
20438,20438,20439,98,98
20439,20439,20440,98,98
20440,20440,20441,98,98
20441,20441,20442,98,98
20442,20442,20443,98,98
20443,20443,20444,98,98
20444,20444,20445,98,98
20445,20445,20446,98,98
20446,20446,20447,98,98
20447,20447,20448,98,98
20448,20448,20449,98,98
20449,20449,20450,98,98
20450,20450,20451,98,98
20451,20451,20452,98,98
20452,20452,20453,98,98
20453,20453,20454,98,98
20454,20454,20455,98,98
20455,20455,20456,98,98
20456,20456,20457,98,98
20457,20457,20458,98,98
20458,20458,20459,98,98
20459,20459,20460,98,98
20460,20460,20461,98,98
20461,20461,20462,98,98
20462,20462,20463,98,98
20463,20463,20464,98,98
20464,20464,20465,98,98
20465,20465,20466,98,98
20466,20466,20467,98,98
20467,20467,20468,98,98
20468,20468,20469,98,98
20469,20469,20470,98,98
20470,20470,20471,98,98
20471,20471,20472,98,98
20472,20472,20473,98,98
20473,20473,20474,98,98
20474,20474,20475,98,98
20475,20475,20476,98,98
20476,20476,20477,98,98
20477,20477,20478,98,98
20478,20478,20479,98,98
20479,20479,20480,98,98
20480,20480,20481,98,98
20481,20481,20482,98,98
20482,20482,20483,98,98
20483,20483,20484,98,98
20484,20484,20485,98,98
20485,20485,20486,98,98
20486,20486,20487,98,98
20487,20487,20488,98,98
20488,20488,20489,98,98
20489,20489,20490,98,98
20490,20490,20491,98,98
20491,20491,20492,98,98
20492,20492,20493,98,98
20493,20493,20494,98,98
20494,20494,20495,98,98
20495,20495,20496,98,98
20496,20496,20497,98,98
20497,20497,20498,98,98
20498,20498,20499,98,98
20499,20499,20500,98,98
20500,20500,20501,98,98
20501,20501,20502,98,98
20502,20502,20503,98,98
20503,20503,20504,98,98
20504,20504,20505,98,98
20505,20505,20506,98,98
20506,20506,20507,98,98
20507,20507,20508,98,98
20508,20508,20509,98,98
20509,20509,20510,98,98
20510,20510,20511,98,98
20511,20511,20512,98,98
20512,20512,20513,98,98
20513,20513,20514,98,98
20514,20514,20515,98,98
20515,20515,20516,98,98
20516,20516,20517,98,98
20517,20517,20518,98,98
20518,20518,20434,98,98
20519,20519,20520,99,99
20520,20520,20521,99,99
20521,20521,20522,99,99
20522,20522,20523,99,99
20523,20523,20524,99,99
20524,20524,20525,99,99
20525,20525,20526,99,99
20526,20526,20527,99,99
20527,20527,20528,99,99
20528,20528,20529,99,99
20529,20529,20530,99,99
20530,20530,20531,99,99
20531,20531,20532,99,99
20532,20532,20533,99,99
20533,20533,20534,99,99
20534,20534,20535,99,99
20535,20535,20536,99,99
20536,20536,20537,99,99
20537,20537,20538,99,99
20538,20538,20539,99,99
20539,20539,20540,99,99
20540,20540,20541,99,99
20541,20541,20542,99,99
20542,20542,20543,99,99
20543,20543,20544,99,99
20544,20544,20545,99,99
20545,20545,20546,99,99
20546,20546,20547,99,99
20547,20547,20548,99,99
20548,20548,20549,99,99
20549,20549,20550,99,99
20550,20550,20551,99,99
20551,20551,20552,99,99
20552,20552,20553,99,99
20553,20553,20554,99,99
20554,20554,20555,99,99
20555,20555,20556,99,99
20556,20556,20557,99,99
20557,20557,20558,99,99
20558,20558,20559,99,99
20559,20559,20560,99,99
20560,20560,20561,99,99
20561,20561,20562,99,99
20562,20562,20563,99,99
20563,20563,20564,99,99
20564,20564,20565,99,99
20565,20565,20566,99,99
20566,20566,20567,99,99
20567,20567,20568,99,99
20568,20568,20569,99,99
20569,20569,20570,99,99
20570,20570,20571,99,99
20571,20571,20572,99,99
20572,20572,20573,99,99
20573,20573,20574,99,99
20574,20574,20575,99,99
20575,20575,20576,99,99
20576,20576,20577,99,99
20577,20577,20578,99,99
20578,20578,20579,99,99
20579,20579,20580,99,99
20580,20580,20581,99,99
20581,20581,20582,99,99
20582,20582,20583,99,99
20583,20583,20584,99,99
20584,20584,20585,99,99
20585,20585,20586,99,99
20586,20586,20587,99,99
20587,20587,20588,99,99
20588,20588,20589,99,99
20589,20589,20590,99,99
20590,20590,20591,99,99
20591,20591,20592,99,99
20592,20592,20593,99,99
20593,20593,20594,99,99
20594,20594,20595,99,99
20595,20595,20596,99,99
20596,20596,20597,99,99
20597,20597,20598,99,99
20598,20598,20599,99,99
20599,20599,20600,99,99
20600,20600,20601,99,99
20601,20601,20602,99,99
20602,20602,20603,99,99
20603,20603,20604,99,99
20604,20604,20605,99,99
20605,20605,20606,99,99
20606,20606,20607,99,99
20607,20607,20608,99,99
20608,20608,20609,99,99
20609,20609,20610,99,99
20610,20610,20611,99,99
20611,20611,20612,99,99
20612,20612,20613,99,99
20613,20613,20614,99,99
20614,20614,20615,99,99
20615,20615,20616,99,99
20616,20616,20617,99,99
20617,20617,20618,99,99
20618,20618,20619,99,99
20619,20619,20620,99,99
20620,20620,20621,99,99
20621,20621,20622,99,99
20622,20622,20623,99,99
20623,20623,20624,99,99
20624,20624,20625,99,99
20625,20625,20626,99,99
20626,20626,20627,99,99
20627,20627,20628,99,99
20628,20628,20629,99,99
20629,20629,20630,99,99
20630,20630,20631,99,99
20631,20631,20632,99,99
20632,20632,20633,99,99
20633,20633,20634,99,99
20634,20634,20635,99,99
20635,20635,20636,99,99
20636,20636,20637,99,99
20637,20637,20638,99,99
20638,20638,20639,99,99
20639,20639,20640,99,99
20640,20640,20641,99,99
20641,20641,20642,99,99
20642,20642,20643,99,99
20643,20643,20644,99,99
20644,20644,20645,99,99
20645,20645,20646,99,99
20646,20646,20647,99,99
20647,20647,20648,99,99
20648,20648,20649,99,99
20649,20649,20650,99,99
20650,20650,20651,99,99
20651,20651,20652,99,99
20652,20652,20653,99,99
20653,20653,20654,99,99
20654,20654,20655,99,99
20655,20655,20656,99,99
20656,20656,20657,99,99
20657,20657,20658,99,99
20658,20658,20659,99,99
20659,20659,20660,99,99
20660,20660,20661,99,99
20661,20661,20662,99,99
20662,20662,20663,99,99
20663,20663,20664,99,99
20664,20664,20665,99,99
20665,20665,20666,99,99
20666,20666,20667,99,99
20667,20667,20668,99,99
20668,20668,20669,99,99
20669,20669,20670,99,99
20670,20670,20671,99,99
20671,20671,20519,99,99
20672,20672,20673,100,100
20673,20673,20674,100,100
20674,20674,20675,100,100
20675,20675,20676,100,100
20676,20676,20677,100,100
20677,20677,20678,100,100
20678,20678,20679,100,100
20679,20679,20680,100,100
20680,20680,20681,100,100
20681,20681,20682,100,100
20682,20682,20683,100,100
20683,20683,20684,100,100
20684,20684,20685,100,100
20685,20685,20686,100,100
20686,20686,20687,100,100
20687,20687,20688,100,100
20688,20688,20689,100,100
20689,20689,20690,100,100
20690,20690,20691,100,100
20691,20691,20692,100,100
20692,20692,20693,100,100
20693,20693,20694,100,100
20694,20694,20695,100,100
20695,20695,20696,100,100
20696,20696,20697,100,100
20697,20697,20698,100,100
20698,20698,20699,100,100
20699,20699,20700,100,100
20700,20700,20701,100,100
20701,20701,20702,100,100
20702,20702,20703,100,100
20703,20703,20704,100,100
20704,20704,20705,100,100
20705,20705,20706,100,100
20706,20706,20707,100,100
20707,20707,20708,100,100
20708,20708,20709,100,100
20709,20709,20710,100,100
20710,20710,20711,100,100
20711,20711,20712,100,100
20712,20712,20713,100,100
20713,20713,20714,100,100
20714,20714,20715,100,100
20715,20715,20716,100,100
20716,20716,20717,100,100
20717,20717,20718,100,100
20718,20718,20719,100,100
20719,20719,20720,100,100
20720,20720,20721,100,100
20721,20721,20722,100,100
20722,20722,20723,100,100
20723,20723,20724,100,100
20724,20724,20725,100,100
20725,20725,20726,100,100
20726,20726,20727,100,100
20727,20727,20728,100,100
20728,20728,20729,100,100
20729,20729,20730,100,100
20730,20730,20731,100,100
20731,20731,20732,100,100
20732,20732,20733,100,100
20733,20733,20734,100,100
20734,20734,20735,100,100
20735,20735,20736,100,100
20736,20736,20737,100,100
20737,20737,20738,100,100
20738,20738,20739,100,100
20739,20739,20740,100,100
20740,20740,20741,100,100
20741,20741,20742,100,100
20742,20742,20743,100,100
20743,20743,20744,100,100
20744,20744,20745,100,100
20745,20745,20746,100,100
20746,20746,20747,100,100
20747,20747,20748,100,100
20748,20748,20749,100,100
20749,20749,20750,100,100
20750,20750,20751,100,100
20751,20751,20752,100,100
20752,20752,20753,100,100
20753,20753,20754,100,100
20754,20754,20755,100,100
20755,20755,20756,100,100
20756,20756,20757,100,100
20757,20757,20758,100,100
20758,20758,20759,100,100
20759,20759,20760,100,100
20760,20760,20761,100,100
20761,20761,20762,100,100
20762,20762,20763,100,100
20763,20763,20764,100,100
20764,20764,20765,100,100
20765,20765,20766,100,100
20766,20766,20767,100,100
20767,20767,20768,100,100
20768,20768,20769,100,100
20769,20769,20770,100,100
20770,20770,20771,100,100
20771,20771,20772,100,100
20772,20772,20773,100,100
20773,20773,20774,100,100
20774,20774,20775,100,100
20775,20775,20776,100,100
20776,20776,20777,100,100
20777,20777,20778,100,100
20778,20778,20779,100,100
20779,20779,20780,100,100
20780,20780,20781,100,100
20781,20781,20782,100,100
20782,20782,20783,100,100
20783,20783,20784,100,100
20784,20784,20785,100,100
20785,20785,20786,100,100
20786,20786,20787,100,100
20787,20787,20788,100,100
20788,20788,20789,100,100
20789,20789,20790,100,100
20790,20790,20791,100,100
20791,20791,20792,100,100
20792,20792,20793,100,100
20793,20793,20794,100,100
20794,20794,20795,100,100
20795,20795,20796,100,100
20796,20796,20797,100,100
20797,20797,20798,100,100
20798,20798,20799,100,100
20799,20799,20800,100,100
20800,20800,20801,100,100
20801,20801,20802,100,100
20802,20802,20803,100,100
20803,20803,20804,100,100
20804,20804,20805,100,100
20805,20805,20806,100,100
20806,20806,20807,100,100
20807,20807,20808,100,100
20808,20808,20809,100,100
20809,20809,20810,100,100
20810,20810,20811,100,100
20811,20811,20812,100,100
20812,20812,20813,100,100
20813,20813,20814,100,100
20814,20814,20815,100,100
20815,20815,20816,100,100
20816,20816,20817,100,100
20817,20817,20818,100,100
20818,20818,20819,100,100
20819,20819,20820,100,100
20820,20820,20821,100,100
20821,20821,20822,100,100
20822,20822,20823,100,100
20823,20823,20824,100,100
20824,20824,20672,100,100
20825,20825,20826,101,101
20826,20826,20827,101,101
20827,20827,20828,101,101
20828,20828,20829,101,101
20829,20829,20830,101,101
20830,20830,20831,101,101
20831,20831,20832,101,101
20832,20832,20833,101,101
20833,20833,20834,101,101
20834,20834,20835,101,101
20835,20835,20836,101,101
20836,20836,20837,101,101
20837,20837,20838,101,101
20838,20838,20839,101,101
20839,20839,20840,101,101
20840,20840,20841,101,101
20841,20841,20842,101,101
20842,20842,20843,101,101
20843,20843,20844,101,101
20844,20844,20845,101,101
20845,20845,20846,101,101
20846,20846,20847,101,101
20847,20847,20848,101,101
20848,20848,20849,101,101
20849,20849,20850,101,101
20850,20850,20851,101,101
20851,20851,20852,101,101
20852,20852,20853,101,101
20853,20853,20854,101,101
20854,20854,20855,101,101
20855,20855,20856,101,101
20856,20856,20857,101,101
20857,20857,20858,101,101
20858,20858,20859,101,101
20859,20859,20860,101,101
20860,20860,20861,101,101
20861,20861,20862,101,101
20862,20862,20863,101,101
20863,20863,20864,101,101
20864,20864,20865,101,101
20865,20865,20866,101,101
20866,20866,20867,101,101
20867,20867,20868,101,101
20868,20868,20869,101,101
20869,20869,20870,101,101
20870,20870,20871,101,101
20871,20871,20872,101,101
20872,20872,20873,101,101
20873,20873,20874,101,101
20874,20874,20875,101,101
20875,20875,20876,101,101
20876,20876,20877,101,101
20877,20877,20878,101,101
20878,20878,20879,101,101
20879,20879,20880,101,101
20880,20880,20881,101,101
20881,20881,20882,101,101
20882,20882,20883,101,101
20883,20883,20884,101,101
20884,20884,20885,101,101
20885,20885,20886,101,101
20886,20886,20887,101,101
20887,20887,20888,101,101
20888,20888,20889,101,101
20889,20889,20890,101,101
20890,20890,20891,101,101
20891,20891,20892,101,101
20892,20892,20893,101,101
20893,20893,20894,101,101
20894,20894,20895,101,101
20895,20895,20896,101,101
20896,20896,20897,101,101
20897,20897,20898,101,101
20898,20898,20899,101,101
20899,20899,20900,101,101
20900,20900,20901,101,101
20901,20901,20902,101,101
20902,20902,20903,101,101
20903,20903,20904,101,101
20904,20904,20905,101,101
20905,20905,20906,101,101
20906,20906,20907,101,101
20907,20907,20908,101,101
20908,20908,20909,101,101
20909,20909,20910,101,101
20910,20910,20911,101,101
20911,20911,20912,101,101
20912,20912,20913,101,101
20913,20913,20914,101,101
20914,20914,20915,101,101
20915,20915,20916,101,101
20916,20916,20917,101,101
20917,20917,20918,101,101
20918,20918,20919,101,101
20919,20919,20920,101,101
20920,20920,20921,101,101
20921,20921,20922,101,101
20922,20922,20923,101,101
20923,20923,20924,101,101
20924,20924,20925,101,101
20925,20925,20926,101,101
20926,20926,20927,101,101
20927,20927,20928,101,101
20928,20928,20929,101,101
20929,20929,20930,101,101
20930,20930,20931,101,101
20931,20931,20932,101,101
20932,20932,20933,101,101
20933,20933,20934,101,101
20934,20934,20935,101,101
20935,20935,20936,101,101
20936,20936,20937,101,101
20937,20937,20938,101,101
20938,20938,20939,101,101
20939,20939,20940,101,101
20940,20940,20941,101,101
20941,20941,20942,101,101
20942,20942,20943,101,101
20943,20943,20944,101,101
20944,20944,20945,101,101
20945,20945,20946,101,101
20946,20946,20947,101,101
20947,20947,20948,101,101
20948,20948,20949,101,101
20949,20949,20950,101,101
20950,20950,20951,101,101
20951,20951,20952,101,101
20952,20952,20953,101,101
20953,20953,20954,101,101
20954,20954,20955,101,101
20955,20955,20956,101,101
20956,20956,20957,101,101
20957,20957,20958,101,101
20958,20958,20959,101,101
20959,20959,20960,101,101
20960,20960,20961,101,101
20961,20961,20962,101,101
20962,20962,20963,101,101
20963,20963,20964,101,101
20964,20964,20965,101,101
20965,20965,20966,101,101
20966,20966,20967,101,101
20967,20967,20968,101,101
20968,20968,20969,101,101
20969,20969,20970,101,101
20970,20970,20971,101,101
20971,20971,20972,101,101
20972,20972,20973,101,101
20973,20973,20974,101,101
20974,20974,20975,101,101
20975,20975,20976,101,101
20976,20976,20977,101,101
20977,20977,20825,101,101
20978,20978,20979,102,102
20979,20979,20980,102,102
20980,20980,20981,102,102
20981,20981,20982,102,102
20982,20982,20983,102,102
20983,20983,20984,102,102
20984,20984,20985,102,102
20985,20985,20986,102,102
20986,20986,20987,102,102
20987,20987,20988,102,102
20988,20988,20989,102,102
20989,20989,20990,102,102
20990,20990,20991,102,102
20991,20991,20992,102,102
20992,20992,20993,102,102
20993,20993,20994,102,102
20994,20994,20995,102,102
20995,20995,20996,102,102
20996,20996,20997,102,102
20997,20997,20998,102,102
20998,20998,20999,102,102
20999,20999,21000,102,102
21000,21000,21001,102,102
21001,21001,21002,102,102
21002,21002,21003,102,102
21003,21003,21004,102,102
21004,21004,21005,102,102
21005,21005,21006,102,102
21006,21006,21007,102,102
21007,21007,21008,102,102
21008,21008,21009,102,102
21009,21009,21010,102,102
21010,21010,21011,102,102
21011,21011,21012,102,102
21012,21012,21013,102,102
21013,21013,21014,102,102
21014,21014,21015,102,102
21015,21015,21016,102,102
21016,21016,21017,102,102
21017,21017,21018,102,102
21018,21018,21019,102,102
21019,21019,21020,102,102
21020,21020,21021,102,102
21021,21021,21022,102,102
21022,21022,21023,102,102
21023,21023,21024,102,102
21024,21024,21025,102,102
21025,21025,21026,102,102
21026,21026,21027,102,102
21027,21027,21028,102,102
21028,21028,21029,102,102
21029,21029,21030,102,102
21030,21030,21031,102,102
21031,21031,21032,102,102
21032,21032,21033,102,102
21033,21033,21034,102,102
21034,21034,21035,102,102
21035,21035,21036,102,102
21036,21036,21037,102,102
21037,21037,21038,102,102
21038,21038,21039,102,102
21039,21039,21040,102,102
21040,21040,21041,102,102
21041,21041,21042,102,102
21042,21042,21043,102,102
21043,21043,21044,102,102
21044,21044,21045,102,102
21045,21045,21046,102,102
21046,21046,21047,102,102
21047,21047,21048,102,102
21048,21048,21049,102,102
21049,21049,21050,102,102
21050,21050,21051,102,102
21051,21051,21052,102,102
21052,21052,21053,102,102
21053,21053,21054,102,102
21054,21054,21055,102,102
21055,21055,21056,102,102
21056,21056,21057,102,102
21057,21057,21058,102,102
21058,21058,21059,102,102
21059,21059,21060,102,102
21060,21060,21061,102,102
21061,21061,21062,102,102
21062,21062,20978,102,102
21063,21063,21064,103,103
21064,21064,21065,103,103
21065,21065,21066,103,103
21066,21066,21067,103,103
21067,21067,21068,103,103
21068,21068,21069,103,103
21069,21069,21070,103,103
21070,21070,21071,103,103
21071,21071,21072,103,103
21072,21072,21073,103,103
21073,21073,21074,103,103
21074,21074,21075,103,103
21075,21075,21076,103,103
21076,21076,21077,103,103
21077,21077,21078,103,103
21078,21078,21079,103,103
21079,21079,21080,103,103
21080,21080,21081,103,103
21081,21081,21082,103,103
21082,21082,21083,103,103
21083,21083,21084,103,103
21084,21084,21085,103,103
21085,21085,21086,103,103
21086,21086,21087,103,103
21087,21087,21088,103,103
21088,21088,21089,103,103
21089,21089,21090,103,103
21090,21090,21091,103,103
21091,21091,21092,103,103
21092,21092,21093,103,103
21093,21093,21094,103,103
21094,21094,21095,103,103
21095,21095,21096,103,103
21096,21096,21097,103,103
21097,21097,21098,103,103
21098,21098,21099,103,103
21099,21099,21100,103,103
21100,21100,21101,103,103
21101,21101,21102,103,103
21102,21102,21103,103,103
21103,21103,21104,103,103
21104,21104,21105,103,103
21105,21105,21106,103,103
21106,21106,21107,103,103
21107,21107,21108,103,103
21108,21108,21109,103,103
21109,21109,21110,103,103
21110,21110,21111,103,103
21111,21111,21112,103,103
21112,21112,21113,103,103
21113,21113,21114,103,103
21114,21114,21115,103,103
21115,21115,21116,103,103
21116,21116,21117,103,103
21117,21117,21118,103,103
21118,21118,21119,103,103
21119,21119,21120,103,103
21120,21120,21121,103,103
21121,21121,21122,103,103
21122,21122,21123,103,103
21123,21123,21124,103,103
21124,21124,21125,103,103
21125,21125,21126,103,103
21126,21126,21127,103,103
21127,21127,21128,103,103
21128,21128,21129,103,103
21129,21129,21130,103,103
21130,21130,21131,103,103
21131,21131,21132,103,103
21132,21132,21133,103,103
21133,21133,21134,103,103
21134,21134,21135,103,103
21135,21135,21136,103,103
21136,21136,21137,103,103
21137,21137,21138,103,103
21138,21138,21139,103,103
21139,21139,21140,103,103
21140,21140,21141,103,103
21141,21141,21142,103,103
21142,21142,21143,103,103
21143,21143,21144,103,103
21144,21144,21145,103,103
21145,21145,21146,103,103
21146,21146,21147,103,103
21147,21147,21063,103,103
21148,21148,21149,104,104
21149,4639,4640,104,21
21149,21149,21150,104,104
21150,4620,4621,104,21
21150,21150,21151,104,104
21151,21151,21152,104,104
21152,4449,4450,104,20
21152,21152,21153,104,104
21153,21153,21154,104,104
21154,3972,3973,104,17
21154,21154,21155,104,104
21155,21155,21156,104,104
21156,4648,4649,104,21
21156,21156,21157,104,104
21157,4629,4630,104,21
21157,21157,21158,104,104
21158,21158,21159,104,104
21159,4458,4459,104,20
21159,21159,21160,104,104
21160,21160,21161,104,104
21161,3981,3982,104,17
21161,21161,21162,104,104
21162,21162,21163,104,104
21163,4657,4505,104,21
21163,21163,21164,104,104
21164,4638,4639,104,21
21164,21164,21165,104,104
21165,21165,21166,104,104
21166,4467,4468,104,20
21166,21166,21167,104,104
21167,21167,21168,104,104
21168,3990,3991,104,17
21168,21168,21169,104,104
21169,21169,21170,104,104
21170,4513,4514,104,21
21170,21170,21171,104,104
21171,4647,4648,104,21
21171,21171,21172,104,104
21172,21172,21173,104,104
21173,4476,4477,104,20
21173,21173,21174,104,104
21174,21174,21175,104,104
21175,3999,4000,104,17
21175,21175,21176,104,104
21176,21176,21177,104,104
21177,4522,4523,104,21
21177,21177,21178,104,104
21178,4656,4657,104,21
21178,21178,21179,104,104
21179,21179,21180,104,104
21180,4485,4486,104,20
21180,21180,21181,104,104
21181,21181,21182,104,104
21182,4008,4009,104,17
21182,21182,21183,104,104
21183,21183,21184,104,104
21184,4531,4532,104,21
21184,21184,21185,104,104
21185,4512,4513,104,21
21185,21185,21186,104,104
21186,21186,21187,104,104
21187,4494,4495,104,20
21187,21187,21188,104,104
21188,21188,21189,104,104
21189,4017,4018,104,17
21189,21189,21190,104,104
21190,21190,21191,104,104
21191,4540,4541,104,21
21191,21191,21192,104,104
21192,4521,4522,104,21
21192,21192,21193,104,104
21193,21193,21194,104,104
21194,4503,4504,104,20
21194,21194,21195,104,104
21195,21195,21196,104,104
21196,4026,4027,104,17
21196,21196,21197,104,104
21197,21197,21198,104,104
21198,4549,4550,104,21
21198,21198,21199,104,104
21199,4530,4531,104,21
21199,21199,21200,104,104
21200,21200,21201,104,104
21201,4359,4360,104,20
21201,21201,21202,104,104
21202,21202,21203,104,104
21203,4035,4036,104,17
21203,21203,21204,104,104
21204,21204,21205,104,104
21205,4558,4559,104,21
21205,21205,21206,104,104
21206,4539,4540,104,21
21206,21206,21207,104,104
21207,21207,21208,104,104
21208,4368,4369,104,20
21208,21208,21209,104,104
21209,21209,21210,104,104
21210,4044,4045,104,17
21210,21210,21211,104,104
21211,21211,21212,104,104
21212,4567,4568,104,21
21212,21212,21213,104,104
21213,4548,4549,104,21
21213,21213,21214,104,104
21214,21214,21215,104,104
21215,4377,4378,104,20
21215,21215,21216,104,104
21216,21216,21217,104,104
21217,3900,3901,104,17
21217,21217,21218,104,104
21218,21218,21219,104,104
21219,4576,4577,104,21
21219,21219,21220,104,104
21220,4557,4558,104,21
21220,21220,21221,104,104
21221,21221,21222,104,104
21222,4386,4387,104,20
21222,21222,21223,104,104
21223,21223,21224,104,104
21224,3909,3910,104,17
21224,21224,21225,104,104
21225,21225,21226,104,104
21226,4585,4586,104,21
21226,21226,21227,104,104
21227,4566,4567,104,21
21227,21227,21228,104,104
21228,21228,21229,104,104
21229,4395,4396,104,20
21229,21229,21230,104,104
21230,21230,21231,104,104
21231,3918,3919,104,17
21231,21231,21232,104,104
21232,21232,21233,104,104
21233,4594,4595,104,21
21233,21233,21234,104,104
21234,4575,4576,104,21
21234,21234,21235,104,104
21235,21235,21236,104,104
21236,4404,4405,104,20
21236,21236,21237,104,104
21237,21237,21238,104,104
21238,3927,3928,104,17
21238,21238,21239,104,104
21239,21239,21240,104,104
21240,4603,4604,104,21
21240,21240,21241,104,104
21241,4584,4585,104,21
21241,21241,21242,104,104
21242,21242,21243,104,104
21243,4413,4414,104,20
21243,21243,21244,104,104
21244,21244,21245,104,104
21245,3936,3937,104,17
21245,21245,21246,104,104
21246,21246,21247,104,104
21247,4612,4613,104,21
21247,21247,21248,104,104
21248,4593,4594,104,21
21248,21248,21249,104,104
21249,21249,21250,104,104
21250,4422,4423,104,20
21250,21250,21251,104,104
21251,21251,21252,104,104
21252,3945,3946,104,17
21252,21252,21253,104,104
21253,21253,21254,104,104
21254,4621,4622,104,21
21254,21254,21255,104,104
21255,4602,4603,104,21
21255,21255,21256,104,104
21256,21256,21257,104,104
21257,4431,4432,104,20
21257,21257,21258,104,104
21258,21258,21259,104,104
21259,3954,3955,104,17
21259,21259,21260,104,104
21260,21260,21261,104,104
21261,4630,4631,104,21
21261,21261,21262,104,104
21262,4611,4612,104,21
21262,21262,21263,104,104
21263,21263,21264,104,104
21264,4440,4441,104,20
21264,21264,21265,104,104
21265,21265,21266,104,104
21266,3963,3964,104,17
21266,21266,21148,104,104
21267,21267,21268,105,105
21268,21268,21269,105,105
21269,21269,21270,105,105
21270,21270,21271,105,105
21271,21271,21272,105,105
21272,21272,21273,105,105
21273,21273,21274,105,105
21274,21274,21275,105,105
21275,21275,21276,105,105
21276,21276,21277,105,105
21277,21277,21278,105,105
21278,21278,21279,105,105
21279,21279,21280,105,105
21280,21280,21281,105,105
21281,21281,21282,105,105
21282,21282,21283,105,105
21283,21283,21284,105,105
21284,21284,21285,105,105
21285,21285,21286,105,105
21286,21286,21287,105,105
21287,21287,21288,105,105
21288,21288,21289,105,105
21289,21289,21290,105,105
21290,21290,21291,105,105
21291,21291,21292,105,105
21292,21292,21293,105,105
21293,21293,21294,105,105
21294,21294,21295,105,105
21295,21295,21296,105,105
21296,21296,21297,105,105
21297,21297,21298,105,105
21298,21298,21299,105,105
21299,21299,21300,105,105
21300,21300,21301,105,105
21301,21301,21302,105,105
21302,21302,21303,105,105
21303,21303,21304,105,105
21304,21304,21305,105,105
21305,21305,21306,105,105
21306,21306,21307,105,105
21307,21307,21308,105,105
21308,21308,21309,105,105
21309,21309,21310,105,105
21310,21310,21311,105,105
21311,21311,21312,105,105
21312,21312,21313,105,105
21313,21313,21314,105,105
21314,21314,21315,105,105
21315,21315,21316,105,105
21316,21316,21317,105,105
21317,21317,21318,105,105
21318,21318,21319,105,105
21319,21319,21320,105,105
21320,21320,21321,105,105
21321,21321,21322,105,105
21322,21322,21323,105,105
21323,21323,21324,105,105
21324,21324,21325,105,105
21325,21325,21326,105,105
21326,21326,21327,105,105
21327,21327,21328,105,105
21328,21328,21329,105,105
21329,21329,21330,105,105
21330,21330,21331,105,105
21331,21331,21332,105,105
21332,21332,21333,105,105
21333,21333,21334,105,105
21334,21334,21335,105,105
21335,21335,21336,105,105
21336,21336,21337,105,105
21337,21337,21338,105,105
21338,21338,21339,105,105
21339,21339,21340,105,105
21340,21340,21341,105,105
21341,21341,21342,105,105
21342,21342,21343,105,105
21343,21343,21344,105,105
21344,21344,21345,105,105
21345,21345,21346,105,105
21346,21346,21347,105,105
21347,21347,21348,105,105
21348,21348,21349,105,105
21349,21349,21350,105,105
21350,21350,21351,105,105
21351,21351,21267,105,105
21352,21352,21353,106,106
21353,21353,21354,106,106
21354,21354,21355,106,106
21355,21355,21356,106,106
21356,21356,21357,106,106
21357,21357,21358,106,106
21358,21358,21359,106,106
21359,21359,21360,106,106
21360,21360,21361,106,106
21361,21361,21362,106,106
21362,21362,21363,106,106
21363,21363,21364,106,106
21364,21364,21365,106,106
21365,21365,21366,106,106
21366,21366,21367,106,106
21367,21367,21368,106,106
21368,21368,21369,106,106
21369,21369,21370,106,106
21370,21370,21371,106,106
21371,21371,21372,106,106
21372,21372,21373,106,106
21373,21373,21374,106,106
21374,21374,21375,106,106
21375,21375,21376,106,106
21376,21376,21377,106,106
21377,21377,21378,106,106
21378,21378,21379,106,106
21379,21379,21380,106,106
21380,21380,21381,106,106
21381,21381,21382,106,106
21382,21382,21383,106,106
21383,21383,21384,106,106
21384,21384,21385,106,106
21385,21385,21386,106,106
21386,21386,21387,106,106
21387,21387,21388,106,106
21388,21388,21389,106,106
21389,21389,21390,106,106
21390,21390,21391,106,106
21391,21391,21392,106,106
21392,21392,21393,106,106
21393,21393,21394,106,106
21394,21394,21395,106,106
21395,21395,21396,106,106
21396,21396,21397,106,106
21397,21397,21398,106,106
21398,21398,21399,106,106
21399,21399,21400,106,106
21400,21400,21401,106,106
21401,21401,21402,106,106
21402,21402,21403,106,106
21403,21403,21404,106,106
21404,21404,21405,106,106
21405,21405,21406,106,106
21406,21406,21407,106,106
21407,21407,21408,106,106
21408,21408,21409,106,106
21409,21409,21410,106,106
21410,21410,21411,106,106
21411,21411,21412,106,106
21412,21412,21413,106,106
21413,21413,21414,106,106
21414,21414,21415,106,106
21415,21415,21416,106,106
21416,21416,21417,106,106
21417,21417,21418,106,106
21418,21418,21419,106,106
21419,21419,21420,106,106
21420,21420,21421,106,106
21421,21421,21422,106,106
21422,21422,21423,106,106
21423,21423,21424,106,106
21424,21424,21425,106,106
21425,21425,21426,106,106
21426,21426,21427,106,106
21427,21427,21428,106,106
21428,21428,21429,106,106
21429,21429,21430,106,106
21430,21430,21431,106,106
21431,21431,21432,106,106
21432,21432,21433,106,106
21433,21433,21434,106,106
21434,21434,21435,106,106
21435,21435,21436,106,106
21436,21436,21352,106,106
21437,21437,21438,107,107
21438,21438,21439,107,107
21439,21439,21440,107,107
21440,21440,21441,107,107
21441,21441,21442,107,107
21442,21442,21443,107,107
21443,21443,21444,107,107
21444,21444,21445,107,107
21445,21445,21446,107,107
21446,21446,21447,107,107
21447,21447,21448,107,107
21448,21448,21449,107,107
21449,21449,21450,107,107
21450,21450,21451,107,107
21451,21451,21452,107,107
21452,21452,21453,107,107
21453,21453,21454,107,107
21454,21454,21455,107,107
21455,21455,21456,107,107
21456,21456,21457,107,107
21457,21457,21458,107,107
21458,21458,21459,107,107
21459,21459,21460,107,107
21460,21460,21461,107,107
21461,21461,21462,107,107
21462,21462,21463,107,107
21463,21463,21464,107,107
21464,21464,21465,107,107
21465,21465,21466,107,107
21466,21466,21467,107,107
21467,21467,21468,107,107
21468,21468,21469,107,107
21469,21469,21470,107,107
21470,21470,21471,107,107
21471,21471,21472,107,107
21472,21472,21473,107,107
21473,21473,21474,107,107
21474,21474,21475,107,107
21475,21475,21476,107,107
21476,21476,21477,107,107
21477,21477,21478,107,107
21478,21478,21479,107,107
21479,21479,21480,107,107
21480,21480,21481,107,107
21481,21481,21482,107,107
21482,21482,21483,107,107
21483,21483,21484,107,107
21484,21484,21485,107,107
21485,21485,21486,107,107
21486,21486,21487,107,107
21487,21487,21488,107,107
21488,21488,21489,107,107
21489,21489,21490,107,107
21490,21490,21491,107,107
21491,21491,21492,107,107
21492,21492,21493,107,107
21493,21493,21494,107,107
21494,21494,21495,107,107
21495,21495,21496,107,107
21496,21496,21497,107,107
21497,21497,21498,107,107
21498,21498,21499,107,107
21499,21499,21500,107,107
21500,21500,21501,107,107
21501,21501,21502,107,107
21502,21502,21503,107,107
21503,21503,21504,107,107
21504,21504,21505,107,107
21505,21505,21506,107,107
21506,21506,21507,107,107
21507,21507,21508,107,107
21508,21508,21509,107,107
21509,21509,21510,107,107
21510,21510,21511,107,107
21511,21511,21512,107,107
21512,21512,21513,107,107
21513,21513,21514,107,107
21514,21514,21515,107,107
21515,21515,21516,107,107
21516,21516,21517,107,107
21517,21517,21518,107,107
21518,21518,21519,107,107
21519,21519,21520,107,107
21520,21520,21521,107,107
21521,21521,21437,107,107
21522,21522,21523,108,108
21523,21523,21524,108,108
21524,21524,21525,108,108
21525,21525,21526,108,108
21526,21526,21527,108,108
21527,21527,21528,108,108
21528,21528,21529,108,108
21529,21529,21530,108,108
21530,21530,21531,108,108
21531,21531,21532,108,108
21532,21532,21533,108,108
21533,21533,21534,108,108
21534,21534,21535,108,108
21535,21535,21536,108,108
21536,21536,21537,108,108
21537,21537,21538,108,108
21538,21538,21539,108,108
21539,21539,21540,108,108
21540,21540,21541,108,108
21541,21541,21542,108,108
21542,21542,21543,108,108
21543,21543,21544,108,108
21544,21544,21545,108,108
21545,21545,21546,108,108
21546,21546,21547,108,108
21547,21547,21548,108,108
21548,21548,21549,108,108
21549,21549,21550,108,108
21550,21550,21551,108,108
21551,21551,21552,108,108
21552,21552,21553,108,108
21553,21553,21554,108,108
21554,21554,21555,108,108
21555,21555,21556,108,108
21556,21556,21557,108,108
21557,21557,21558,108,108
21558,21558,21559,108,108
21559,21559,21560,108,108
21560,21560,21561,108,108
21561,21561,21562,108,108
21562,21562,21563,108,108
21563,21563,21564,108,108
21564,21564,21565,108,108
21565,21565,21566,108,108
21566,21566,21567,108,108
21567,21567,21568,108,108
21568,21568,21569,108,108
21569,21569,21570,108,108
21570,21570,21571,108,108
21571,21571,21572,108,108
21572,21572,21573,108,108
21573,21573,21574,108,108
21574,21574,21575,108,108
21575,21575,21576,108,108
21576,21576,21577,108,108
21577,21577,21578,108,108
21578,21578,21579,108,108
21579,21579,21580,108,108
21580,21580,21581,108,108
21581,21581,21582,108,108
21582,21582,21583,108,108
21583,21583,21584,108,108
21584,21584,21585,108,108
21585,21585,21586,108,108
21586,21586,21587,108,108
21587,21587,21588,108,108
21588,21588,21589,108,108
21589,21589,21590,108,108
21590,21590,21591,108,108
21591,21591,21592,108,108
21592,21592,21593,108,108
21593,21593,21594,108,108
21594,21594,21595,108,108
21595,21595,21596,108,108
21596,21596,21597,108,108
21597,21597,21598,108,108
21598,21598,21599,108,108
21599,21599,21600,108,108
21600,21600,21601,108,108
21601,21601,21602,108,108
21602,21602,21603,108,108
21603,21603,21604,108,108
21604,21604,21605,108,108
21605,21605,21606,108,108
21606,21606,21522,108,108
21607,21607,21608,109,109
21608,21608,21609,109,109
21609,21609,21610,109,109
21610,21610,21611,109,109
21611,21611,21612,109,109
21612,21612,21613,109,109
21613,21613,21614,109,109
21614,21614,21615,109,109
21615,21615,21616,109,109
21616,21616,21617,109,109
21617,21617,21618,109,109
21618,21618,21619,109,109
21619,21619,21620,109,109
21620,21620,21621,109,109
21621,21621,21622,109,109
21622,21622,21623,109,109
21623,21623,21624,109,109
21624,21624,21625,109,109
21625,21625,21626,109,109
21626,21626,21627,109,109
21627,21627,21628,109,109
21628,21628,21629,109,109
21629,21629,21630,109,109
21630,21630,21631,109,109
21631,21631,21632,109,109
21632,21632,21633,109,109
21633,21633,21634,109,109
21634,21634,21635,109,109
21635,21635,21636,109,109
21636,21636,21637,109,109
21637,21637,21638,109,109
21638,21638,21639,109,109
21639,21639,21640,109,109
21640,21640,21641,109,109
21641,21641,21642,109,109
21642,21642,21643,109,109
21643,21643,21644,109,109
21644,21644,21645,109,109
21645,21645,21646,109,109
21646,21646,21647,109,109
21647,21647,21648,109,109
21648,21648,21649,109,109
21649,21649,21650,109,109
21650,21650,21651,109,109
21651,21651,21652,109,109
21652,21652,21653,109,109
21653,21653,21654,109,109
21654,21654,21655,109,109
21655,21655,21656,109,109
21656,21656,21657,109,109
21657,21657,21658,109,109
21658,21658,21659,109,109
21659,21659,21660,109,109
21660,21660,21661,109,109
21661,21661,21662,109,109
21662,21662,21663,109,109
21663,21663,21664,109,109
21664,21664,21665,109,109
21665,21665,21666,109,109
21666,21666,21667,109,109
21667,21667,21668,109,109
21668,21668,21669,109,109
21669,21669,21670,109,109
21670,21670,21671,109,109
21671,21671,21672,109,109
21672,21672,21673,109,109
21673,21673,21674,109,109
21674,21674,21675,109,109
21675,21675,21676,109,109
21676,21676,21677,109,109
21677,21677,21678,109,109
21678,21678,21679,109,109
21679,21679,21680,109,109
21680,21680,21681,109,109
21681,21681,21682,109,109
21682,21682,21683,109,109
21683,21683,21684,109,109
21684,21684,21685,109,109
21685,21685,21686,109,109
21686,21686,21687,109,109
21687,21687,21688,109,109
21688,21688,21689,109,109
21689,21689,21690,109,109
21690,21690,21691,109,109
21691,21691,21607,109,109
21692,21692,21693,110,110
21693,21693,21694,110,110
21694,21694,21695,110,110
21695,21695,21696,110,110
21696,21696,21697,110,110
21697,21697,21698,110,110
21698,21698,21699,110,110
21699,21699,21700,110,110
21700,21700,21701,110,110
21701,21701,21702,110,110
21702,21702,21703,110,110
21703,21703,21704,110,110
21704,21704,21705,110,110
21705,21705,21706,110,110
21706,21706,21707,110,110
21707,21707,21708,110,110
21708,21708,21709,110,110
21709,21709,21710,110,110
21710,21710,21711,110,110
21711,21711,21712,110,110
21712,21712,21713,110,110
21713,21713,21714,110,110
21714,21714,21715,110,110
21715,21715,21716,110,110
21716,21716,21717,110,110
21717,21717,21718,110,110
21718,21718,21719,110,110
21719,21719,21720,110,110
21720,21720,21721,110,110
21721,21721,21722,110,110
21722,21722,21723,110,110
21723,21723,21724,110,110
21724,21724,21725,110,110
21725,21725,21726,110,110
21726,21726,21727,110,110
21727,21727,21728,110,110
21728,21728,21729,110,110
21729,21729,21730,110,110
21730,21730,21731,110,110
21731,21731,21732,110,110
21732,21732,21733,110,110
21733,21733,21734,110,110
21734,21734,21735,110,110
21735,21735,21736,110,110
21736,21736,21737,110,110
21737,21737,21738,110,110
21738,21738,21739,110,110
21739,21739,21740,110,110
21740,21740,21741,110,110
21741,21741,21742,110,110
21742,21742,21743,110,110
21743,21743,21744,110,110
21744,21744,21745,110,110
21745,21745,21746,110,110
21746,21746,21747,110,110
21747,21747,21748,110,110
21748,21748,21749,110,110
21749,21749,21750,110,110
21750,21750,21751,110,110
21751,21751,21752,110,110
21752,21752,21753,110,110
21753,21753,21754,110,110
21754,21754,21755,110,110
21755,21755,21756,110,110
21756,21756,21757,110,110
21757,21757,21758,110,110
21758,21758,21759,110,110
21759,21759,21760,110,110
21760,21760,21761,110,110
21761,21761,21762,110,110
21762,21762,21763,110,110
21763,21763,21764,110,110
21764,21764,21765,110,110
21765,21765,21766,110,110
21766,21766,21767,110,110
21767,21767,21768,110,110
21768,21768,21769,110,110
21769,21769,21770,110,110
21770,21770,21771,110,110
21771,21771,21772,110,110
21772,21772,21773,110,110
21773,21773,21774,110,110
21774,21774,21775,110,110
21775,21775,21776,110,110
21776,21776,21692,110,110
21777,21777,21778,111,111
21778,21778,21779,111,111
21779,21779,21780,111,111
21780,21780,21781,111,111
21781,21781,21782,111,111
21782,21782,21783,111,111
21783,21783,21784,111,111
21784,21784,21785,111,111
21785,21785,21786,111,111
21786,21786,21787,111,111
21787,21787,21788,111,111
21788,21788,21789,111,111
21789,21789,21790,111,111
21790,21790,21791,111,111
21791,21791,21792,111,111
21792,21792,21793,111,111
21793,21793,21794,111,111
21794,21794,21795,111,111
21795,21795,21796,111,111
21796,21796,21797,111,111
21797,21797,21798,111,111
21798,21798,21799,111,111
21799,21799,21800,111,111
21800,21800,21801,111,111
21801,21801,21802,111,111
21802,21802,21803,111,111
21803,21803,21804,111,111
21804,21804,21805,111,111
21805,21805,21806,111,111
21806,21806,21807,111,111
21807,21807,21808,111,111
21808,21808,21809,111,111
21809,21809,21810,111,111
21810,21810,21811,111,111
21811,21811,21812,111,111
21812,21812,21813,111,111
21813,21813,21814,111,111
21814,21814,21815,111,111
21815,21815,21816,111,111
21816,21816,21817,111,111
21817,21817,21818,111,111
21818,21818,21819,111,111
21819,21819,21820,111,111
21820,21820,21821,111,111
21821,21821,21822,111,111
21822,21822,21823,111,111
21823,21823,21824,111,111
21824,21824,21825,111,111
21825,21825,21826,111,111
21826,21826,21827,111,111
21827,21827,21828,111,111
21828,21828,21829,111,111
21829,21829,21830,111,111
21830,21830,21831,111,111
21831,21831,21832,111,111
21832,21832,21833,111,111
21833,21833,21834,111,111
21834,21834,21835,111,111
21835,21835,21836,111,111
21836,21836,21837,111,111
21837,21837,21838,111,111
21838,21838,21839,111,111
21839,21839,21840,111,111
21840,21840,21841,111,111
21841,21841,21842,111,111
21842,21842,21843,111,111
21843,21843,21844,111,111
21844,21844,21845,111,111
21845,21845,21846,111,111
21846,21846,21847,111,111
21847,21847,21848,111,111
21848,21848,21849,111,111
21849,21849,21850,111,111
21850,21850,21851,111,111
21851,21851,21852,111,111
21852,21852,21853,111,111
21853,21853,21854,111,111
21854,21854,21855,111,111
21855,21855,21856,111,111
21856,21856,21857,111,111
21857,21857,21858,111,111
21858,21858,21859,111,111
21859,21859,21860,111,111
21860,21860,21861,111,111
21861,21861,21777,111,111
21862,21862,21863,112,112
21863,21863,21864,112,112
21864,21864,21865,112,112
21865,21865,21866,112,112
21866,21866,21867,112,112
21867,21867,21868,112,112
21868,21868,21869,112,112
21869,21869,21870,112,112
21870,21870,21871,112,112
21871,21871,21872,112,112
21872,21872,21873,112,112
21873,21873,21874,112,112
21874,21874,21875,112,112
21875,21875,21876,112,112
21876,21876,21877,112,112
21877,21877,21878,112,112
21878,21878,21879,112,112
21879,21879,21880,112,112
21880,21880,21881,112,112
21881,21881,21882,112,112
21882,21882,21883,112,112
21883,21883,21884,112,112
21884,21884,21885,112,112
21885,21885,21886,112,112
21886,21886,21887,112,112
21887,21887,21888,112,112
21888,21888,21889,112,112
21889,21889,21890,112,112
21890,21890,21891,112,112
21891,21891,21892,112,112
21892,21892,21893,112,112
21893,21893,21894,112,112
21894,21894,21895,112,112
21895,21895,21896,112,112
21896,21896,21897,112,112
21897,21897,21898,112,112
21898,21898,21899,112,112
21899,21899,21900,112,112
21900,21900,21901,112,112
21901,21901,21902,112,112
21902,21902,21903,112,112
21903,21903,21904,112,112
21904,21904,21905,112,112
21905,21905,21906,112,112
21906,21906,21907,112,112
21907,21907,21908,112,112
21908,21908,21909,112,112
21909,21909,21910,112,112
21910,21910,21911,112,112
21911,21911,21912,112,112
21912,21912,21913,112,112
21913,21913,21914,112,112
21914,21914,21915,112,112
21915,21915,21916,112,112
21916,21916,21917,112,112
21917,21917,21918,112,112
21918,21918,21919,112,112
21919,21919,21920,112,112
21920,21920,21921,112,112
21921,21921,21922,112,112
21922,21922,21923,112,112
21923,21923,21924,112,112
21924,21924,21925,112,112
21925,21925,21926,112,112
21926,21926,21927,112,112
21927,21927,21928,112,112
21928,21928,21929,112,112
21929,21929,21930,112,112
21930,21930,21931,112,112
21931,21931,21932,112,112
21932,21932,21933,112,112
21933,21933,21934,112,112
21934,21934,21935,112,112
21935,21935,21936,112,112
21936,21936,21937,112,112
21937,21937,21938,112,112
21938,21938,21939,112,112
21939,21939,21940,112,112
21940,21940,21941,112,112
21941,21941,21942,112,112
21942,21942,21943,112,112
21943,21943,21944,112,112
21944,21944,21945,112,112
21945,21945,21946,112,112
21946,21946,21862,112,112
21947,21947,21948,113,113
21948,21948,21949,113,113
21949,21949,21950,113,113
21950,21950,21951,113,113
21951,21951,21952,113,113
21952,21952,21953,113,113
21953,21953,21954,113,113
21954,21954,21955,113,113
21955,21955,21956,113,113
21956,21956,21957,113,113
21957,21957,21958,113,113
21958,21958,21959,113,113
21959,21959,21960,113,113
21960,21960,21961,113,113
21961,21961,21962,113,113
21962,21962,21963,113,113
21963,21963,21964,113,113
21964,21964,21965,113,113
21965,21965,21966,113,113
21966,21966,21967,113,113
21967,21967,21968,113,113
21968,21968,21969,113,113
21969,21969,21970,113,113
21970,21970,21971,113,113
21971,21971,21972,113,113
21972,21972,21973,113,113
21973,21973,21974,113,113
21974,21974,21975,113,113
21975,21975,21976,113,113
21976,21976,21977,113,113
21977,21977,21978,113,113
21978,21978,21979,113,113
21979,21979,21980,113,113
21980,21980,21981,113,113
21981,21981,21982,113,113
21982,21982,21983,113,113
21983,21983,21984,113,113
21984,21984,21985,113,113
21985,21985,21986,113,113
21986,21986,21987,113,113
21987,21987,21988,113,113
21988,21988,21989,113,113
21989,21989,21990,113,113
21990,21990,21991,113,113
21991,21991,21992,113,113
21992,21992,21993,113,113
21993,21993,21994,113,113
21994,21994,21995,113,113
21995,21995,21996,113,113
21996,21996,21997,113,113
21997,21997,21998,113,113
21998,21998,21999,113,113
21999,21999,22000,113,113
22000,22000,22001,113,113
22001,22001,22002,113,113
22002,22002,22003,113,113
22003,22003,22004,113,113
22004,22004,22005,113,113
22005,22005,22006,113,113
22006,22006,22007,113,113
22007,22007,22008,113,113
22008,22008,22009,113,113
22009,22009,22010,113,113
22010,22010,22011,113,113
22011,22011,22012,113,113
22012,22012,22013,113,113
22013,22013,22014,113,113
22014,22014,22015,113,113
22015,22015,22016,113,113
22016,22016,22017,113,113
22017,22017,22018,113,113
22018,22018,22019,113,113
22019,22019,22020,113,113
22020,22020,22021,113,113
22021,22021,22022,113,113
22022,22022,22023,113,113
22023,22023,22024,113,113
22024,22024,22025,113,113
22025,22025,22026,113,113
22026,22026,22027,113,113
22027,22027,22028,113,113
22028,22028,22029,113,113
22029,22029,22030,113,113
22030,22030,22031,113,113
22031,22031,21947,113,113
22032,22032,22033,114,114
22033,22033,22034,114,114
22034,22034,22035,114,114
22035,22035,22036,114,114
22036,22036,22037,114,114
22037,22037,22038,114,114
22038,22038,22039,114,114
22039,22039,22040,114,114
22040,22040,22041,114,114
22041,22041,22042,114,114
22042,22042,22043,114,114
22043,22043,22044,114,114
22044,22044,22045,114,114
22045,22045,22046,114,114
22046,22046,22047,114,114
22047,22047,22048,114,114
22048,22048,22049,114,114
22049,22049,22050,114,114
22050,22050,22051,114,114
22051,22051,22052,114,114
22052,22052,22053,114,114
22053,22053,22054,114,114
22054,22054,22055,114,114
22055,22055,22056,114,114
22056,22056,22057,114,114
22057,22057,22058,114,114
22058,22058,22059,114,114
22059,22059,22060,114,114
22060,22060,22061,114,114
22061,22061,22062,114,114
22062,22062,22063,114,114
22063,22063,22064,114,114
22064,22064,22065,114,114
22065,22065,22066,114,114
22066,22066,22067,114,114
22067,22067,22068,114,114
22068,22068,22069,114,114
22069,22069,22070,114,114
22070,22070,22071,114,114
22071,22071,22072,114,114
22072,22072,22073,114,114
22073,22073,22074,114,114
22074,22074,22075,114,114
22075,22075,22076,114,114
22076,22076,22077,114,114
22077,22077,22078,114,114
22078,22078,22079,114,114
22079,22079,22080,114,114
22080,22080,22081,114,114
22081,22081,22082,114,114
22082,22082,22083,114,114
22083,22083,22084,114,114
22084,22084,22085,114,114
22085,22085,22086,114,114
22086,22086,22087,114,114
22087,22087,22088,114,114
22088,22088,22089,114,114
22089,22089,22090,114,114
22090,22090,22091,114,114
22091,22091,22092,114,114
22092,22092,22093,114,114
22093,22093,22094,114,114
22094,22094,22095,114,114
22095,22095,22096,114,114
22096,22096,22097,114,114
22097,22097,22098,114,114
22098,22098,22099,114,114
22099,22099,22100,114,114
22100,22100,22101,114,114
22101,22101,22102,114,114
22102,22102,22103,114,114
22103,22103,22104,114,114
22104,22104,22105,114,114
22105,22105,22106,114,114
22106,22106,22107,114,114
22107,22107,22108,114,114
22108,22108,22109,114,114
22109,22109,22110,114,114
22110,22110,22111,114,114
22111,22111,22112,114,114
22112,22112,22113,114,114
22113,22113,22114,114,114
22114,22114,22115,114,114
22115,22115,22116,114,114
22116,22116,22032,114,114
22117,22117,22118,115,115
22118,22118,22119,115,115
22119,22119,22120,115,115
22120,22120,22121,115,115
22121,22121,22122,115,115
22122,22122,22123,115,115
22123,22123,22124,115,115
22124,22124,22125,115,115
22125,22125,22126,115,115
22126,22126,22127,115,115
22127,22127,22128,115,115
22128,22128,22129,115,115
22129,22129,22130,115,115
22130,22130,22131,115,115
22131,22131,22132,115,115
22132,22132,22133,115,115
22133,22133,22134,115,115
22134,22134,22135,115,115
22135,22135,22136,115,115
22136,22136,22137,115,115
22137,22137,22138,115,115
22138,22138,22139,115,115
22139,22139,22140,115,115
22140,22140,22141,115,115
22141,22141,22142,115,115
22142,22142,22143,115,115
22143,22143,22144,115,115
22144,22144,22145,115,115
22145,22145,22146,115,115
22146,22146,22147,115,115
22147,22147,22148,115,115
22148,22148,22149,115,115
22149,22149,22150,115,115
22150,22150,22151,115,115
22151,22151,22152,115,115
22152,22152,22153,115,115
22153,22153,22154,115,115
22154,22154,22155,115,115
22155,22155,22156,115,115
22156,22156,22157,115,115
22157,22157,22158,115,115
22158,22158,22159,115,115
22159,22159,22160,115,115
22160,22160,22161,115,115
22161,22161,22162,115,115
22162,22162,22163,115,115
22163,22163,22164,115,115
22164,22164,22165,115,115
22165,22165,22166,115,115
22166,22166,22167,115,115
22167,22167,22117,115,115
22168,22168,22169,116,116
22169,22169,22170,116,116
22170,22170,22171,116,116
22171,22171,22172,116,116
22172,22172,22173,116,116
22173,22173,22174,116,116
22174,22174,22175,116,116
22175,22175,22176,116,116
22176,22176,22177,116,116
22177,22177,22178,116,116
22178,22178,22179,116,116
22179,22179,22180,116,116
22180,22180,22181,116,116
22181,22181,22182,116,116
22182,22182,22183,116,116
22183,22183,22184,116,116
22184,22184,22185,116,116
22185,22185,22186,116,116
22186,22186,22187,116,116
22187,22187,22188,116,116
22188,22188,22189,116,116
22189,22189,22190,116,116
22190,22190,22191,116,116
22191,22191,22192,116,116
22192,22192,22193,116,116
22193,22193,22194,116,116
22194,22194,22195,116,116
22195,22195,22196,116,116
22196,22196,22197,116,116
22197,22197,22198,116,116
22198,22198,22199,116,116
22199,22199,22200,116,116
22200,22200,22201,116,116
22201,22201,22202,116,116
22202,22202,22203,116,116
22203,22203,22204,116,116
22204,22204,22205,116,116
22205,22205,22206,116,116
22206,22206,22207,116,116
22207,22207,22208,116,116
22208,22208,22209,116,116
22209,22209,22210,116,116
22210,22210,22211,116,116
22211,22211,22212,116,116
22212,22212,22213,116,116
22213,22213,22214,116,116
22214,22214,22215,116,116
22215,22215,22216,116,116
22216,22216,22217,116,116
22217,22217,22218,116,116
22218,22218,22168,116,116
22219,22219,22220,117,117
22220,22220,22221,117,117
22221,22221,22222,117,117
22222,22222,22223,117,117
22223,22223,22224,117,117
22224,22224,22225,117,117
22225,22225,22226,117,117
22226,22226,22227,117,117
22227,22227,22228,117,117
22228,22228,22229,117,117
22229,22229,22230,117,117
22230,22230,22231,117,117
22231,22231,22232,117,117
22232,22232,22233,117,117
22233,22233,22234,117,117
22234,22234,22235,117,117
22235,22235,22236,117,117
22236,22236,22237,117,117
22237,22237,22238,117,117
22238,22238,22239,117,117
22239,22239,22240,117,117
22240,22240,22241,117,117
22241,22241,22242,117,117
22242,22242,22243,117,117
22243,22243,22244,117,117
22244,22244,22245,117,117
22245,22245,22246,117,117
22246,22246,22247,117,117
22247,22247,22248,117,117
22248,22248,22249,117,117
22249,22249,22250,117,117
22250,22250,22251,117,117
22251,22251,22252,117,117
22252,22252,22253,117,117
22253,22253,22254,117,117
22254,22254,22255,117,117
22255,22255,22256,117,117
22256,22256,22257,117,117
22257,22257,22258,117,117
22258,22258,22259,117,117
22259,22259,22260,117,117
22260,22260,22261,117,117
22261,22261,22262,117,117
22262,22262,22263,117,117
22263,22263,22264,117,117
22264,22264,22265,117,117
22265,22265,22266,117,117
22266,22266,22267,117,117
22267,22267,22268,117,117
22268,22268,22269,117,117
22269,22269,22270,117,117
22270,22270,22271,117,117
22271,22271,22272,117,117
22272,22272,22273,117,117
22273,22273,22274,117,117
22274,22274,22275,117,117
22275,22275,22276,117,117
22276,22276,22277,117,117
22277,22277,22278,117,117
22278,22278,22279,117,117
22279,22279,22280,117,117
22280,22280,22281,117,117
22281,22281,22282,117,117
22282,22282,22283,117,117
22283,22283,22284,117,117
22284,22284,22285,117,117
22285,22285,22286,117,117
22286,22286,22287,117,117
22287,22287,22288,117,117
22288,22288,22289,117,117
22289,22289,22290,117,117
22290,22290,22291,117,117
22291,22291,22292,117,117
22292,22292,22293,117,117
22293,22293,22294,117,117
22294,22294,22295,117,117
22295,22295,22296,117,117
22296,22296,22297,117,117
22297,22297,22298,117,117
22298,22298,22299,117,117
22299,22299,22300,117,117
22300,22300,22301,117,117
22301,22301,22302,117,117
22302,22302,22303,117,117
22303,22303,22219,117,117
22304,22304,22305,118,118
22305,22305,22306,118,118
22306,22306,22307,118,118
22307,22307,22308,118,118
22308,22308,22309,118,118
22309,22309,22310,118,118
22310,22310,22311,118,118
22311,22311,22312,118,118
22312,22312,22313,118,118
22313,22313,22314,118,118
22314,22314,22315,118,118
22315,22315,22316,118,118
22316,22316,22317,118,118
22317,22317,22318,118,118
22318,22318,22319,118,118
22319,22319,22320,118,118
22320,22320,22321,118,118
22321,22321,22322,118,118
22322,22322,22323,118,118
22323,22323,22324,118,118
22324,22324,22325,118,118
22325,22325,22326,118,118
22326,22326,22327,118,118
22327,22327,22328,118,118
22328,22328,22329,118,118
22329,22329,22330,118,118
22330,22330,22331,118,118
22331,22331,22332,118,118
22332,22332,22333,118,118
22333,22333,22334,118,118
22334,22334,22335,118,118
22335,22335,22336,118,118
22336,22336,22337,118,118
22337,22337,22338,118,118
22338,22338,22339,118,118
22339,22339,22340,118,118
22340,22340,22341,118,118
22341,22341,22342,118,118
22342,22342,22343,118,118
22343,22343,22344,118,118
22344,22344,22345,118,118
22345,22345,22346,118,118
22346,22346,22347,118,118
22347,22347,22348,118,118
22348,22348,22349,118,118
22349,22349,22350,118,118
22350,22350,22351,118,118
22351,22351,22352,118,118
22352,22352,22353,118,118
22353,22353,22354,118,118
22354,22354,22304,118,118
22355,22355,22356,119,119
22356,22356,22357,119,119
22357,22357,22358,119,119
22358,22358,22359,119,119
22359,22359,22360,119,119
22360,22360,22361,119,119
22361,22361,22362,119,119
22362,22362,22363,119,119
22363,22363,22364,119,119
22364,22364,22365,119,119
22365,22365,22366,119,119
22366,22366,22367,119,119
22367,22367,22368,119,119
22368,22368,22369,119,119
22369,22369,22370,119,119
22370,22370,22371,119,119
22371,22371,22372,119,119
22372,22372,22373,119,119
22373,22373,22374,119,119
22374,22374,22375,119,119
22375,22375,22376,119,119
22376,22376,22377,119,119
22377,22377,22378,119,119
22378,22378,22379,119,119
22379,22379,22380,119,119
22380,22380,22381,119,119
22381,22381,22382,119,119
22382,22382,22383,119,119
22383,22383,22384,119,119
22384,22384,22385,119,119
22385,22385,22386,119,119
22386,22386,22387,119,119
22387,22387,22388,119,119
22388,22388,22389,119,119
22389,22389,22390,119,119
22390,22390,22391,119,119
22391,22391,22392,119,119
22392,22392,22393,119,119
22393,22393,22394,119,119
22394,22394,22395,119,119
22395,22395,22396,119,119
22396,22396,22397,119,119
22397,22397,22398,119,119
22398,22398,22399,119,119
22399,22399,22400,119,119
22400,22400,22401,119,119
22401,22401,22402,119,119
22402,22402,22403,119,119
22403,22403,22404,119,119
22404,22404,22405,119,119
22405,22405,22406,119,119
22406,22406,22407,119,119
22407,22407,22408,119,119
22408,22408,22409,119,119
22409,22409,22410,119,119
22410,22410,22411,119,119
22411,22411,22412,119,119
22412,22412,22413,119,119
22413,22413,22414,119,119
22414,22414,22415,119,119
22415,22415,22416,119,119
22416,22416,22417,119,119
22417,22417,22418,119,119
22418,22418,22419,119,119
22419,22419,22420,119,119
22420,22420,22421,119,119
22421,22421,22422,119,119
22422,22422,22423,119,119
22423,22423,22424,119,119
22424,22424,22425,119,119
22425,22425,22426,119,119
22426,22426,22427,119,119
22427,22427,22428,119,119
22428,22428,22429,119,119
22429,22429,22430,119,119
22430,22430,22431,119,119
22431,22431,22432,119,119
22432,22432,22433,119,119
22433,22433,22434,119,119
22434,22434,22435,119,119
22435,22435,22436,119,119
22436,22436,22437,119,119
22437,22437,22438,119,119
22438,22438,22439,119,119
22439,22439,22355,119,119
22440,22440,22441,120,120
22441,22441,22442,120,120
22442,22442,22443,120,120
22443,22443,22444,120,120
22444,22444,22445,120,120
22445,22445,22446,120,120
22446,22446,22447,120,120
22447,22447,22448,120,120
22448,22448,22449,120,120
22449,22449,22450,120,120
22450,22450,22451,120,120
22451,22451,22452,120,120
22452,22452,22453,120,120
22453,22453,22454,120,120
22454,22454,22455,120,120
22455,22455,22456,120,120
22456,22456,22457,120,120
22457,22457,22458,120,120
22458,22458,22459,120,120
22459,22459,22460,120,120
22460,22460,22461,120,120
22461,22461,22462,120,120
22462,22462,22463,120,120
22463,22463,22464,120,120
22464,22464,22465,120,120
22465,22465,22466,120,120
22466,22466,22467,120,120
22467,22467,22468,120,120
22468,22468,22469,120,120
22469,22469,22470,120,120
22470,22470,22471,120,120
22471,22471,22472,120,120
22472,22472,22473,120,120
22473,22473,22474,120,120
22474,22474,22475,120,120
22475,22475,22476,120,120
22476,22476,22477,120,120
22477,22477,22478,120,120
22478,22478,22479,120,120
22479,22479,22480,120,120
22480,22480,22481,120,120
22481,22481,22482,120,120
22482,22482,22483,120,120
22483,22483,22484,120,120
22484,22484,22485,120,120
22485,22485,22486,120,120
22486,22486,22487,120,120
22487,22487,22488,120,120
22488,22488,22489,120,120
22489,22489,22490,120,120
22490,22490,22491,120,120
22491,22491,22492,120,120
22492,22492,22493,120,120
22493,22493,22494,120,120
22494,22494,22495,120,120
22495,22495,22496,120,120
22496,22496,22497,120,120
22497,22497,22498,120,120
22498,22498,22499,120,120
22499,22499,22500,120,120
22500,22500,22501,120,120
22501,22501,22502,120,120
22502,22502,22503,120,120
22503,22503,22504,120,120
22504,22504,22505,120,120
22505,22505,22506,120,120
22506,22506,22507,120,120
22507,22507,22508,120,120
22508,22508,22509,120,120
22509,22509,22510,120,120
22510,22510,22511,120,120
22511,22511,22512,120,120
22512,22512,22513,120,120
22513,22513,22514,120,120
22514,22514,22515,120,120
22515,22515,22516,120,120
22516,22516,22517,120,120
22517,22517,22518,120,120
22518,22518,22519,120,120
22519,22519,22520,120,120
22520,22520,22521,120,120
22521,22521,22522,120,120
22522,22522,22523,120,120
22523,22523,22524,120,120
22524,22524,22440,120,120
22525,22525,22526,121,121
22526,22526,22527,121,121
22527,22527,22528,121,121
22528,22528,22529,121,121
22529,22529,22530,121,121
22530,22530,22531,121,121
22531,22531,22532,121,121
22532,22532,22533,121,121
22533,22533,22534,121,121
22534,22534,22535,121,121
22535,22535,22536,121,121
22536,22536,22537,121,121
22537,22537,22538,121,121
22538,22538,22539,121,121
22539,22539,22540,121,121
22540,22540,22541,121,121
22541,22541,22542,121,121
22542,22542,22543,121,121
22543,22543,22544,121,121
22544,22544,22545,121,121
22545,22545,22546,121,121
22546,22546,22547,121,121
22547,22547,22548,121,121
22548,22548,22549,121,121
22549,22549,22550,121,121
22550,22550,22551,121,121
22551,22551,22552,121,121
22552,22552,22553,121,121
22553,22553,22554,121,121
22554,22554,22555,121,121
22555,22555,22556,121,121
22556,22556,22557,121,121
22557,22557,22558,121,121
22558,22558,22559,121,121
22559,22559,22560,121,121
22560,22560,22561,121,121
22561,22561,22562,121,121
22562,22562,22563,121,121
22563,22563,22564,121,121
22564,22564,22565,121,121
22565,22565,22566,121,121
22566,22566,22567,121,121
22567,22567,22568,121,121
22568,22568,22569,121,121
22569,22569,22570,121,121
22570,22570,22571,121,121
22571,22571,22572,121,121
22572,22572,22573,121,121
22573,22573,22574,121,121
22574,22574,22575,121,121
22575,22575,22576,121,121
22576,22576,22577,121,121
22577,22577,22578,121,121
22578,22578,22579,121,121
22579,22579,22580,121,121
22580,22580,22581,121,121
22581,22581,22582,121,121
22582,22582,22583,121,121
22583,22583,22584,121,121
22584,22584,22585,121,121
22585,22585,22586,121,121
22586,22586,22587,121,121
22587,22587,22588,121,121
22588,22588,22589,121,121
22589,22589,22590,121,121
22590,22590,22591,121,121
22591,22591,22592,121,121
22592,22592,22593,121,121
22593,22593,22594,121,121
22594,22594,22595,121,121
22595,22595,22596,121,121
22596,22596,22597,121,121
22597,22597,22598,121,121
22598,22598,22599,121,121
22599,22599,22600,121,121
22600,22600,22601,121,121
22601,22601,22602,121,121
22602,22602,22603,121,121
22603,22603,22604,121,121
22604,22604,22605,121,121
22605,22605,22606,121,121
22606,22606,22607,121,121
22607,22607,22608,121,121
22608,22608,22609,121,121
22609,22609,22525,121,121
22610,22610,22611,122,122
22611,22611,22612,122,122
22612,22612,22613,122,122
22613,22613,22614,122,122
22614,22614,22615,122,122
22615,22615,22616,122,122
22616,22616,22617,122,122
22617,22617,22618,122,122
22618,22618,22619,122,122
22619,22619,22620,122,122
22620,22620,22621,122,122
22621,22621,22622,122,122
22622,22622,22623,122,122
22623,22623,22624,122,122
22624,22624,22625,122,122
22625,22625,22626,122,122
22626,22626,22627,122,122
22627,22627,22628,122,122
22628,22628,22629,122,122
22629,22629,22630,122,122
22630,22630,22631,122,122
22631,22631,22632,122,122
22632,22632,22633,122,122
22633,22633,22634,122,122
22634,22634,22635,122,122
22635,22635,22636,122,122
22636,22636,22637,122,122
22637,22637,22638,122,122
22638,22638,22639,122,122
22639,22639,22640,122,122
22640,22640,22641,122,122
22641,22641,22642,122,122
22642,22642,22643,122,122
22643,22643,22644,122,122
22644,22644,22645,122,122
22645,22645,22646,122,122
22646,22646,22647,122,122
22647,22647,22648,122,122
22648,22648,22649,122,122
22649,22649,22650,122,122
22650,22650,22651,122,122
22651,22651,22652,122,122
22652,22652,22653,122,122
22653,22653,22654,122,122
22654,22654,22655,122,122
22655,22655,22656,122,122
22656,22656,22657,122,122
22657,22657,22658,122,122
22658,22658,22659,122,122
22659,22659,22660,122,122
22660,22660,22610,122,122
22661,22661,22662,123,123
22662,22662,22663,123,123
22663,22663,22664,123,123
22664,22664,22665,123,123
22665,22665,22666,123,123
22666,22666,22667,123,123
22667,22667,22668,123,123
22668,22668,22669,123,123
22669,22669,22670,123,123
22670,22670,22671,123,123
22671,22671,22672,123,123
22672,22672,22673,123,123
22673,22673,22674,123,123
22674,22674,22675,123,123
22675,22675,22676,123,123
22676,22676,22677,123,123
22677,22677,22678,123,123
22678,22678,22679,123,123
22679,22679,22680,123,123
22680,22680,22681,123,123
22681,22681,22682,123,123
22682,22682,22683,123,123
22683,22683,22684,123,123
22684,22684,22685,123,123
22685,22685,22686,123,123
22686,22686,22687,123,123
22687,22687,22688,123,123
22688,22688,22689,123,123
22689,22689,22690,123,123
22690,22690,22691,123,123
22691,22691,22692,123,123
22692,22692,22693,123,123
22693,22693,22694,123,123
22694,22694,22695,123,123
22695,22695,22696,123,123
22696,22696,22697,123,123
22697,22697,22698,123,123
22698,22698,22699,123,123
22699,22699,22700,123,123
22700,22700,22701,123,123
22701,22701,22702,123,123
22702,22702,22703,123,123
22703,22703,22704,123,123
22704,22704,22705,123,123
22705,22705,22706,123,123
22706,22706,22707,123,123
22707,22707,22708,123,123
22708,22708,22709,123,123
22709,22709,22710,123,123
22710,22710,22711,123,123
22711,22711,22712,123,123
22712,22712,22713,123,123
22713,22713,22714,123,123
22714,22714,22715,123,123
22715,22715,22716,123,123
22716,22716,22717,123,123
22717,22717,22718,123,123
22718,22718,22719,123,123
22719,22719,22720,123,123
22720,22720,22721,123,123
22721,22721,22722,123,123
22722,22722,22723,123,123
22723,22723,22724,123,123
22724,22724,22725,123,123
22725,22725,22726,123,123
22726,22726,22727,123,123
22727,22727,22728,123,123
22728,22728,22729,123,123
22729,22729,22730,123,123
22730,22730,22731,123,123
22731,22731,22732,123,123
22732,22732,22733,123,123
22733,22733,22734,123,123
22734,22734,22735,123,123
22735,22735,22736,123,123
22736,22736,22737,123,123
22737,22737,22738,123,123
22738,22738,22739,123,123
22739,22739,22740,123,123
22740,22740,22741,123,123
22741,22741,22742,123,123
22742,22742,22743,123,123
22743,22743,22744,123,123
22744,22744,22745,123,123
22745,22745,22661,123,123
22746,22746,22747,124,124
22747,22747,22748,124,124
22748,22748,22749,124,124
22749,22749,22750,124,124
22750,22750,22751,124,124
22751,22751,22752,124,124
22752,22752,22753,124,124
22753,22753,22754,124,124
22754,22754,22755,124,124
22755,22755,22756,124,124
22756,22756,22757,124,124
22757,22757,22758,124,124
22758,22758,22759,124,124
22759,22759,22760,124,124
22760,22760,22761,124,124
22761,22761,22762,124,124
22762,22762,22763,124,124
22763,22763,22764,124,124
22764,22764,22765,124,124
22765,22765,22766,124,124
22766,22766,22767,124,124
22767,22767,22768,124,124
22768,22768,22769,124,124
22769,22769,22770,124,124
22770,22770,22771,124,124
22771,22771,22772,124,124
22772,22772,22773,124,124
22773,22773,22774,124,124
22774,22774,22775,124,124
22775,22775,22776,124,124
22776,22776,22777,124,124
22777,22777,22778,124,124
22778,22778,22779,124,124
22779,22779,22780,124,124
22780,22780,22781,124,124
22781,22781,22782,124,124
22782,22782,22783,124,124
22783,22783,22784,124,124
22784,22784,22785,124,124
22785,22785,22786,124,124
22786,22786,22787,124,124
22787,22787,22788,124,124
22788,22788,22789,124,124
22789,22789,22790,124,124
22790,22790,22791,124,124
22791,22791,22792,124,124
22792,22792,22793,124,124
22793,22793,22794,124,124
22794,22794,22795,124,124
22795,22795,22796,124,124
22796,22796,22797,124,124
22797,22797,22798,124,124
22798,22798,22799,124,124
22799,22799,22800,124,124
22800,22800,22801,124,124
22801,22801,22802,124,124
22802,22802,22803,124,124
22803,22803,22804,124,124
22804,22804,22805,124,124
22805,22805,22806,124,124
22806,22806,22807,124,124
22807,22807,22808,124,124
22808,22808,22809,124,124
22809,22809,22810,124,124
22810,22810,22811,124,124
22811,22811,22812,124,124
22812,22812,22813,124,124
22813,22813,22814,124,124
22814,22814,22815,124,124
22815,22815,22816,124,124
22816,22816,22817,124,124
22817,22817,22818,124,124
22818,22818,22819,124,124
22819,22819,22820,124,124
22820,22820,22821,124,124
22821,22821,22822,124,124
22822,22822,22823,124,124
22823,22823,22824,124,124
22824,22824,22825,124,124
22825,22825,22826,124,124
22826,22826,22827,124,124
22827,22827,22828,124,124
22828,22828,22829,124,124
22829,22829,22830,124,124
22830,22830,22746,124,124
22831,22831,22832,125,125
22832,22832,22833,125,125
22833,22833,22834,125,125
22834,22834,22835,125,125
22835,22835,22836,125,125
22836,22836,22837,125,125
22837,22837,22838,125,125
22838,22838,22839,125,125
22839,22839,22840,125,125
22840,22840,22841,125,125
22841,22841,22842,125,125
22842,22842,22843,125,125
22843,22843,22844,125,125
22844,22844,22845,125,125
22845,22845,22846,125,125
22846,22846,22847,125,125
22847,22847,22848,125,125
22848,22848,22849,125,125
22849,22849,22850,125,125
22850,22850,22851,125,125
22851,22851,22852,125,125
22852,22852,22853,125,125
22853,22853,22854,125,125
22854,22854,22855,125,125
22855,22855,22856,125,125
22856,22856,22857,125,125
22857,22857,22858,125,125
22858,22858,22859,125,125
22859,22859,22860,125,125
22860,22860,22861,125,125
22861,22861,22862,125,125
22862,22862,22863,125,125
22863,22863,22864,125,125
22864,22864,22865,125,125
22865,22865,22866,125,125
22866,22866,22867,125,125
22867,22867,22868,125,125
22868,22868,22869,125,125
22869,22869,22870,125,125
22870,22870,22871,125,125
22871,22871,22872,125,125
22872,22872,22873,125,125
22873,22873,22874,125,125
22874,22874,22875,125,125
22875,22875,22876,125,125
22876,22876,22877,125,125
22877,22877,22878,125,125
22878,22878,22879,125,125
22879,22879,22880,125,125
22880,22880,22881,125,125
22881,22881,22882,125,125
22882,22882,22883,125,125
22883,22883,22884,125,125
22884,22884,22885,125,125
22885,22885,22886,125,125
22886,22886,22887,125,125
22887,22887,22888,125,125
22888,22888,22889,125,125
22889,22889,22890,125,125
22890,22890,22891,125,125
22891,22891,22892,125,125
22892,22892,22893,125,125
22893,22893,22894,125,125
22894,22894,22895,125,125
22895,22895,22896,125,125
22896,22896,22897,125,125
22897,22897,22898,125,125
22898,22898,22899,125,125
22899,22899,22900,125,125
22900,22900,22901,125,125
22901,22901,22902,125,125
22902,22902,22903,125,125
22903,22903,22904,125,125
22904,22904,22905,125,125
22905,22905,22906,125,125
22906,22906,22907,125,125
22907,22907,22908,125,125
22908,22908,22909,125,125
22909,22909,22910,125,125
22910,22910,22911,125,125
22911,22911,22912,125,125
22912,22912,22913,125,125
22913,22913,22914,125,125
22914,22914,22915,125,125
22915,22915,22916,125,125
22916,22916,22917,125,125
22917,22917,22918,125,125
22918,22918,22919,125,125
22919,22919,22920,125,125
22920,22920,22921,125,125
22921,22921,22922,125,125
22922,22922,22923,125,125
22923,22923,22924,125,125
22924,22924,22925,125,125
22925,22925,22926,125,125
22926,22926,22927,125,125
22927,22927,22928,125,125
22928,22928,22929,125,125
22929,22929,22930,125,125
22930,22930,22931,125,125
22931,22931,22932,125,125
22932,22932,22933,125,125
22933,22933,22934,125,125
22934,22934,22935,125,125
22935,22935,22936,125,125
22936,22936,22937,125,125
22937,22937,22938,125,125
22938,22938,22939,125,125
22939,22939,22940,125,125
22940,22940,22941,125,125
22941,22941,22942,125,125
22942,22942,22943,125,125
22943,22943,22944,125,125
22944,22944,22945,125,125
22945,22945,22946,125,125
22946,22946,22947,125,125
22947,22947,22948,125,125
22948,22948,22949,125,125
22949,22949,22831,125,125
22950,22950,22951,126,126
22951,22951,22952,126,126
22952,22952,22953,126,126
22953,22953,22954,126,126
22954,22954,22955,126,126
22955,22955,22956,126,126
22956,22956,22957,126,126
22957,22957,22958,126,126
22958,22958,22959,126,126
22959,22959,22960,126,126
22960,22960,22961,126,126
22961,22961,22962,126,126
22962,22962,22963,126,126
22963,22963,22964,126,126
22964,22964,22965,126,126
22965,22965,22966,126,126
22966,22966,22967,126,126
22967,22967,22968,126,126
22968,22968,22969,126,126
22969,22969,22970,126,126
22970,22970,22971,126,126
22971,22971,22972,126,126
22972,22972,22973,126,126
22973,22973,22974,126,126
22974,22974,22975,126,126
22975,22975,22976,126,126
22976,22976,22977,126,126
22977,22977,22978,126,126
22978,22978,22979,126,126
22979,22979,22980,126,126
22980,22980,22981,126,126
22981,22981,22982,126,126
22982,22982,22983,126,126
22983,22983,22984,126,126
22984,22984,22985,126,126
22985,22985,22986,126,126
22986,22986,22987,126,126
22987,22987,22988,126,126
22988,22988,22989,126,126
22989,22989,22990,126,126
22990,22990,22991,126,126
22991,22991,22992,126,126
22992,22992,22993,126,126
22993,22993,22994,126,126
22994,22994,22995,126,126
22995,22995,22996,126,126
22996,22996,22997,126,126
22997,22997,22998,126,126
22998,22998,22999,126,126
22999,22999,23000,126,126
23000,23000,23001,126,126
23001,23001,23002,126,126
23002,23002,23003,126,126
23003,23003,23004,126,126
23004,23004,23005,126,126
23005,23005,23006,126,126
23006,23006,23007,126,126
23007,23007,23008,126,126
23008,23008,23009,126,126
23009,23009,23010,126,126
23010,23010,23011,126,126
23011,23011,23012,126,126
23012,23012,23013,126,126
23013,23013,23014,126,126
23014,23014,23015,126,126
23015,23015,23016,126,126
23016,23016,23017,126,126
23017,23017,23018,126,126
23018,23018,23019,126,126
23019,23019,23020,126,126
23020,23020,23021,126,126
23021,23021,23022,126,126
23022,23022,23023,126,126
23023,23023,23024,126,126
23024,23024,23025,126,126
23025,23025,23026,126,126
23026,23026,23027,126,126
23027,23027,23028,126,126
23028,23028,23029,126,126
23029,23029,23030,126,126
23030,23030,23031,126,126
23031,23031,23032,126,126
23032,23032,23033,126,126
23033,23033,23034,126,126
23034,23034,22950,126,126
23035,23035,23036,127,127
23036,23036,23037,127,127
23037,23037,23038,127,127
23038,23038,23039,127,127
23039,23039,23040,127,127
23040,23040,23041,127,127
23041,23041,23042,127,127
23042,23042,23043,127,127
23043,23043,23044,127,127
23044,23044,23045,127,127
23045,23045,23046,127,127
23046,23046,23047,127,127
23047,23047,23048,127,127
23048,23048,23049,127,127
23049,23049,23050,127,127
23050,23050,23051,127,127
23051,23051,23052,127,127
23052,23052,23053,127,127
23053,23053,23054,127,127
23054,23054,23055,127,127
23055,23055,23056,127,127
23056,23056,23057,127,127
23057,23057,23058,127,127
23058,23058,23059,127,127
23059,23059,23060,127,127
23060,23060,23061,127,127
23061,23061,23062,127,127
23062,23062,23063,127,127
23063,23063,23064,127,127
23064,23064,23065,127,127
23065,23065,23066,127,127
23066,23066,23067,127,127
23067,23067,23068,127,127
23068,23068,23069,127,127
23069,23069,23070,127,127
23070,23070,23071,127,127
23071,23071,23072,127,127
23072,23072,23073,127,127
23073,23073,23074,127,127
23074,23074,23075,127,127
23075,23075,23076,127,127
23076,23076,23077,127,127
23077,23077,23078,127,127
23078,23078,23079,127,127
23079,23079,23080,127,127
23080,23080,23081,127,127
23081,23081,23082,127,127
23082,23082,23083,127,127
23083,23083,23084,127,127
23084,23084,23085,127,127
23085,23085,23086,127,127
23086,23086,23087,127,127
23087,23087,23088,127,127
23088,23088,23089,127,127
23089,23089,23090,127,127
23090,23090,23091,127,127
23091,23091,23092,127,127
23092,23092,23093,127,127
23093,23093,23094,127,127
23094,23094,23095,127,127
23095,23095,23096,127,127
23096,23096,23097,127,127
23097,23097,23098,127,127
23098,23098,23099,127,127
23099,23099,23100,127,127
23100,23100,23101,127,127
23101,23101,23102,127,127
23102,23102,23103,127,127
23103,23103,23104,127,127
23104,23104,23105,127,127
23105,23105,23106,127,127
23106,23106,23107,127,127
23107,23107,23108,127,127
23108,23108,23109,127,127
23109,23109,23110,127,127
23110,23110,23111,127,127
23111,23111,23112,127,127
23112,23112,23113,127,127
23113,23113,23114,127,127
23114,23114,23115,127,127
23115,23115,23116,127,127
23116,23116,23117,127,127
23117,23117,23118,127,127
23118,23118,23119,127,127
23119,23119,23035,127,127
23120,23120,23121,128,128
23121,23121,23122,128,128
23122,23122,23123,128,128
23123,23123,23124,128,128
23124,23124,23125,128,128
23125,23125,23126,128,128
23126,23126,23127,128,128
23127,23127,23128,128,128
23128,23128,23129,128,128
23129,23129,23130,128,128
23130,23130,23131,128,128
23131,23131,23132,128,128
23132,23132,23133,128,128
23133,23133,23134,128,128
23134,23134,23135,128,128
23135,23135,23136,128,128
23136,23136,23137,128,128
23137,23137,23138,128,128
23138,23138,23139,128,128
23139,23139,23140,128,128
23140,23140,23141,128,128
23141,23141,23142,128,128
23142,23142,23143,128,128
23143,23143,23144,128,128
23144,23144,23145,128,128
23145,23145,23146,128,128
23146,23146,23147,128,128
23147,23147,23148,128,128
23148,23148,23149,128,128
23149,23149,23150,128,128
23150,23150,23151,128,128
23151,23151,23152,128,128
23152,23152,23153,128,128
23153,23153,23154,128,128
23154,23154,23155,128,128
23155,23155,23156,128,128
23156,23156,23157,128,128
23157,23157,23158,128,128
23158,23158,23159,128,128
23159,23159,23160,128,128
23160,23160,23161,128,128
23161,23161,23162,128,128
23162,23162,23163,128,128
23163,23163,23164,128,128
23164,23164,23165,128,128
23165,23165,23166,128,128
23166,23166,23167,128,128
23167,23167,23168,128,128
23168,23168,23169,128,128
23169,23169,23170,128,128
23170,23170,23171,128,128
23171,23171,23172,128,128
23172,23172,23173,128,128
23173,23173,23174,128,128
23174,23174,23175,128,128
23175,23175,23176,128,128
23176,23176,23177,128,128
23177,23177,23178,128,128
23178,23178,23179,128,128
23179,23179,23180,128,128
23180,23180,23181,128,128
23181,23181,23182,128,128
23182,23182,23183,128,128
23183,23183,23184,128,128
23184,23184,23185,128,128
23185,23185,23186,128,128
23186,23186,23187,128,128
23187,23187,23188,128,128
23188,23188,23189,128,128
23189,23189,23190,128,128
23190,23190,23191,128,128
23191,23191,23192,128,128
23192,23192,23193,128,128
23193,23193,23194,128,128
23194,23194,23195,128,128
23195,23195,23196,128,128
23196,23196,23197,128,128
23197,23197,23198,128,128
23198,23198,23199,128,128
23199,23199,23200,128,128
23200,23200,23201,128,128
23201,23201,23202,128,128
23202,23202,23203,128,128
23203,23203,23204,128,128
23204,23204,23120,128,128
23205,23205,23206,129,129
23206,23206,23207,129,129
23207,23207,23208,129,129
23208,23208,23209,129,129
23209,23209,23210,129,129
23210,23210,23211,129,129
23211,23211,23212,129,129
23212,23212,23213,129,129
23213,23213,23214,129,129
23214,23214,23215,129,129
23215,23215,23216,129,129
23216,23216,23217,129,129
23217,23217,23218,129,129
23218,23218,23219,129,129
23219,23219,23220,129,129
23220,23220,23221,129,129
23221,23221,23222,129,129
23222,23222,23223,129,129
23223,23223,23224,129,129
23224,23224,23225,129,129
23225,23225,23226,129,129
23226,23226,23227,129,129
23227,23227,23228,129,129
23228,23228,23229,129,129
23229,23229,23230,129,129
23230,23230,23231,129,129
23231,23231,23232,129,129
23232,23232,23233,129,129
23233,23233,23234,129,129
23234,23234,23235,129,129
23235,23235,23236,129,129
23236,23236,23237,129,129
23237,23237,23238,129,129
23238,23238,23239,129,129
23239,23239,23240,129,129
23240,23240,23241,129,129
23241,23241,23242,129,129
23242,23242,23243,129,129
23243,23243,23244,129,129
23244,23244,23245,129,129
23245,23245,23246,129,129
23246,23246,23247,129,129
23247,23247,23248,129,129
23248,23248,23249,129,129
23249,23249,23250,129,129
23250,23250,23251,129,129
23251,23251,23252,129,129
23252,23252,23253,129,129
23253,23253,23254,129,129
23254,23254,23255,129,129
23255,23255,23205,129,129
23256,23256,23257,130,130
23257,23257,23258,130,130
23258,23258,23259,130,130
23259,23259,23260,130,130
23260,23260,23261,130,130
23261,23261,23262,130,130
23262,23262,23263,130,130
23263,23263,23264,130,130
23264,23264,23265,130,130
23265,23265,23266,130,130
23266,23266,23267,130,130
23267,23267,23268,130,130
23268,23268,23269,130,130
23269,23269,23270,130,130
23270,23270,23271,130,130
23271,23271,23272,130,130
23272,23272,23273,130,130
23273,23273,23274,130,130
23274,23274,23275,130,130
23275,23275,23276,130,130
23276,23276,23277,130,130
23277,23277,23278,130,130
23278,23278,23279,130,130
23279,23279,23280,130,130
23280,23280,23281,130,130
23281,23281,23282,130,130
23282,23282,23283,130,130
23283,23283,23284,130,130
23284,23284,23285,130,130
23285,23285,23286,130,130
23286,23286,23287,130,130
23287,23287,23288,130,130
23288,23288,23289,130,130
23289,23289,23290,130,130
23290,23290,23291,130,130
23291,23291,23292,130,130
23292,23292,23293,130,130
23293,23293,23294,130,130
23294,23294,23295,130,130
23295,23295,23296,130,130
23296,23296,23297,130,130
23297,23297,23298,130,130
23298,23298,23299,130,130
23299,23299,23300,130,130
23300,23300,23301,130,130
23301,23301,23302,130,130
23302,23302,23303,130,130
23303,23303,23304,130,130
23304,23304,23305,130,130
23305,23305,23306,130,130
23306,23306,23307,130,130
23307,23307,23308,130,130
23308,23308,23309,130,130
23309,23309,23310,130,130
23310,23310,23311,130,130
23311,23311,23312,130,130
23312,23312,23313,130,130
23313,23313,23314,130,130
23314,23314,23315,130,130
23315,23315,23316,130,130
23316,23316,23317,130,130
23317,23317,23318,130,130
23318,23318,23319,130,130
23319,23319,23320,130,130
23320,23320,23321,130,130
23321,23321,23322,130,130
23322,23322,23323,130,130
23323,23323,23324,130,130
23324,23324,23325,130,130
23325,23325,23326,130,130
23326,23326,23327,130,130
23327,23327,23328,130,130
23328,23328,23329,130,130
23329,23329,23330,130,130
23330,23330,23331,130,130
23331,23331,23332,130,130
23332,23332,23333,130,130
23333,23333,23334,130,130
23334,23334,23335,130,130
23335,23335,23336,130,130
23336,23336,23337,130,130
23337,23337,23338,130,130
23338,23338,23339,130,130
23339,23339,23340,130,130
23340,23340,23341,130,130
23341,23341,23342,130,130
23342,23342,23343,130,130
23343,23343,23344,130,130
23344,23344,23345,130,130
23345,23345,23346,130,130
23346,23346,23347,130,130
23347,23347,23348,130,130
23348,23348,23349,130,130
23349,23349,23350,130,130
23350,23350,23351,130,130
23351,23351,23352,130,130
23352,23352,23353,130,130
23353,23353,23354,130,130
23354,23354,23355,130,130
23355,23355,23356,130,130
23356,23356,23357,130,130
23357,23357,23358,130,130
23358,23358,23359,130,130
23359,23359,23360,130,130
23360,23360,23361,130,130
23361,23361,23362,130,130
23362,23362,23363,130,130
23363,23363,23364,130,130
23364,23364,23365,130,130
23365,23365,23366,130,130
23366,23366,23367,130,130
23367,23367,23368,130,130
23368,23368,23369,130,130
23369,23369,23370,130,130
23370,23370,23371,130,130
23371,23371,23372,130,130
23372,23372,23373,130,130
23373,23373,23374,130,130
23374,23374,23256,130,130
23375,23375,23376,131,131
23376,23376,23377,131,131
23377,23377,23378,131,131
23378,23378,23379,131,131
23379,23379,23380,131,131
23380,23380,23381,131,131
23381,23381,23382,131,131
23382,23382,23383,131,131
23383,23383,23384,131,131
23384,23384,23385,131,131
23385,23385,23386,131,131
23386,23386,23387,131,131
23387,23387,23388,131,131
23388,23388,23389,131,131
23389,23389,23390,131,131
23390,23390,23391,131,131
23391,23391,23392,131,131
23392,23392,23393,131,131
23393,23393,23394,131,131
23394,23394,23395,131,131
23395,23395,23396,131,131
23396,23396,23397,131,131
23397,23397,23398,131,131
23398,23398,23399,131,131
23399,23399,23400,131,131
23400,23400,23401,131,131
23401,23401,23402,131,131
23402,23402,23403,131,131
23403,23403,23404,131,131
23404,23404,23405,131,131
23405,23405,23406,131,131
23406,23406,23407,131,131
23407,23407,23408,131,131
23408,23408,23409,131,131
23409,23409,23410,131,131
23410,23410,23411,131,131
23411,23411,23412,131,131
23412,23412,23413,131,131
23413,23413,23414,131,131
23414,23414,23415,131,131
23415,23415,23416,131,131
23416,23416,23417,131,131
23417,23417,23418,131,131
23418,23418,23419,131,131
23419,23419,23420,131,131
23420,23420,23421,131,131
23421,23421,23422,131,131
23422,23422,23423,131,131
23423,23423,23424,131,131
23424,23424,23425,131,131
23425,23425,23426,131,131
23426,23426,23427,131,131
23427,23427,23428,131,131
23428,23428,23429,131,131
23429,23429,23430,131,131
23430,23430,23431,131,131
23431,23431,23432,131,131
23432,23432,23433,131,131
23433,23433,23434,131,131
23434,23434,23435,131,131
23435,23435,23436,131,131
23436,23436,23437,131,131
23437,23437,23438,131,131
23438,23438,23439,131,131
23439,23439,23440,131,131
23440,23440,23441,131,131
23441,23441,23442,131,131
23442,23442,23443,131,131
23443,23443,23444,131,131
23444,23444,23445,131,131
23445,23445,23446,131,131
23446,23446,23447,131,131
23447,23447,23448,131,131
23448,23448,23449,131,131
23449,23449,23450,131,131
23450,23450,23451,131,131
23451,23451,23452,131,131
23452,23452,23453,131,131
23453,23453,23454,131,131
23454,23454,23455,131,131
23455,23455,23456,131,131
23456,23456,23457,131,131
23457,23457,23458,131,131
23458,23458,23459,131,131
23459,23459,23375,131,131
23460,23460,23461,132,132
23461,23461,23462,132,132
23462,23462,23463,132,132
23463,23463,23464,132,132
23464,23464,23465,132,132
23465,23465,23466,132,132
23466,23466,23467,132,132
23467,23467,23468,132,132
23468,23468,23469,132,132
23469,23469,23470,132,132
23470,23470,23471,132,132
23471,23471,23472,132,132
23472,23472,23473,132,132
23473,23473,23474,132,132
23474,23474,23475,132,132
23475,23475,23476,132,132
23476,23476,23477,132,132
23477,23477,23478,132,132
23478,23478,23479,132,132
23479,23479,23480,132,132
23480,23480,23481,132,132
23481,23481,23482,132,132
23482,23482,23483,132,132
23483,23483,23484,132,132
23484,23484,23485,132,132
23485,23485,23486,132,132
23486,23486,23487,132,132
23487,23487,23488,132,132
23488,23488,23489,132,132
23489,23489,23490,132,132
23490,23490,23491,132,132
23491,23491,23492,132,132
23492,23492,23493,132,132
23493,23493,23494,132,132
23494,23494,23495,132,132
23495,23495,23496,132,132
23496,23496,23497,132,132
23497,23497,23498,132,132
23498,23498,23499,132,132
23499,23499,23500,132,132
23500,23500,23501,132,132
23501,23501,23502,132,132
23502,23502,23503,132,132
23503,23503,23504,132,132
23504,23504,23505,132,132
23505,23505,23506,132,132
23506,23506,23507,132,132
23507,23507,23508,132,132
23508,23508,23509,132,132
23509,23509,23510,132,132
23510,23510,23511,132,132
23511,23511,23512,132,132
23512,23512,23513,132,132
23513,23513,23514,132,132
23514,23514,23515,132,132
23515,23515,23516,132,132
23516,23516,23517,132,132
23517,23517,23518,132,132
23518,23518,23519,132,132
23519,23519,23520,132,132
23520,23520,23521,132,132
23521,23521,23522,132,132
23522,23522,23523,132,132
23523,23523,23524,132,132
23524,23524,23525,132,132
23525,23525,23526,132,132
23526,23526,23527,132,132
23527,23527,23528,132,132
23528,23528,23529,132,132
23529,23529,23530,132,132
23530,23530,23531,132,132
23531,23531,23532,132,132
23532,23532,23533,132,132
23533,23533,23534,132,132
23534,23534,23535,132,132
23535,23535,23536,132,132
23536,23536,23537,132,132
23537,23537,23538,132,132
23538,23538,23539,132,132
23539,23539,23540,132,132
23540,23540,23541,132,132
23541,23541,23542,132,132
23542,23542,23543,132,132
23543,23543,23544,132,132
23544,23544,23545,132,132
23545,23545,23546,132,132
23546,23546,23547,132,132
23547,23547,23548,132,132
23548,23548,23549,132,132
23549,23549,23550,132,132
23550,23550,23551,132,132
23551,23551,23552,132,132
23552,23552,23553,132,132
23553,23553,23554,132,132
23554,23554,23555,132,132
23555,23555,23556,132,132
23556,23556,23557,132,132
23557,23557,23558,132,132
23558,23558,23559,132,132
23559,23559,23560,132,132
23560,23560,23561,132,132
23561,23561,23562,132,132
23562,23562,23563,132,132
23563,23563,23564,132,132
23564,23564,23565,132,132
23565,23565,23566,132,132
23566,23566,23567,132,132
23567,23567,23568,132,132
23568,23568,23569,132,132
23569,23569,23570,132,132
23570,23570,23571,132,132
23571,23571,23572,132,132
23572,23572,23573,132,132
23573,23573,23574,132,132
23574,23574,23575,132,132
23575,23575,23576,132,132
23576,23576,23577,132,132
23577,23577,23578,132,132
23578,23578,23460,132,132
23579,23579,23580,133,133
23580,23580,23581,133,133
23581,23581,23582,133,133
23582,23582,23583,133,133
23583,23583,23584,133,133
23584,23584,23585,133,133
23585,23585,23586,133,133
23586,23586,23587,133,133
23587,23587,23588,133,133
23588,23588,23589,133,133
23589,23589,23590,133,133
23590,23590,23591,133,133
23591,23591,23592,133,133
23592,23592,23593,133,133
23593,23593,23594,133,133
23594,23594,23595,133,133
23595,23595,23596,133,133
23596,23596,23597,133,133
23597,23597,23598,133,133
23598,23598,23599,133,133
23599,23599,23600,133,133
23600,23600,23601,133,133
23601,23601,23602,133,133
23602,23602,23603,133,133
23603,23603,23604,133,133
23604,23604,23605,133,133
23605,23605,23606,133,133
23606,23606,23607,133,133
23607,23607,23608,133,133
23608,23608,23609,133,133
23609,23609,23610,133,133
23610,23610,23611,133,133
23611,23611,23612,133,133
23612,23612,23613,133,133
23613,23613,23614,133,133
23614,23614,23615,133,133
23615,23615,23616,133,133
23616,23616,23617,133,133
23617,23617,23618,133,133
23618,23618,23619,133,133
23619,23619,23620,133,133
23620,23620,23621,133,133
23621,23621,23622,133,133
23622,23622,23623,133,133
23623,23623,23624,133,133
23624,23624,23625,133,133
23625,23625,23626,133,133
23626,23626,23627,133,133
23627,23627,23628,133,133
23628,23628,23629,133,133
23629,23629,23630,133,133
23630,23630,23631,133,133
23631,23631,23632,133,133
23632,23632,23633,133,133
23633,23633,23634,133,133
23634,23634,23635,133,133
23635,23635,23636,133,133
23636,23636,23637,133,133
23637,23637,23638,133,133
23638,23638,23639,133,133
23639,23639,23640,133,133
23640,23640,23641,133,133
23641,23641,23642,133,133
23642,23642,23643,133,133
23643,23643,23644,133,133
23644,23644,23645,133,133
23645,23645,23646,133,133
23646,23646,23647,133,133
23647,23647,23648,133,133
23648,23648,23649,133,133
23649,23649,23650,133,133
23650,23650,23651,133,133
23651,23651,23652,133,133
23652,23652,23653,133,133
23653,23653,23654,133,133
23654,23654,23655,133,133
23655,23655,23656,133,133
23656,23656,23657,133,133
23657,23657,23658,133,133
23658,23658,23659,133,133
23659,23659,23660,133,133
23660,23660,23661,133,133
23661,23661,23662,133,133
23662,23662,23663,133,133
23663,23663,23579,133,133
23664,23664,23665,134,134
23665,23665,23666,134,134
23666,23666,23667,134,134
23667,23667,23668,134,134
23668,23668,23669,134,134
23669,23669,23670,134,134
23670,23670,23671,134,134
23671,23671,23672,134,134
23672,23672,23673,134,134
23673,23673,23674,134,134
23674,23674,23675,134,134
23675,23675,23676,134,134
23676,23676,23677,134,134
23677,23677,23678,134,134
23678,23678,23679,134,134
23679,23679,23680,134,134
23680,23680,23681,134,134
23681,23681,23682,134,134
23682,23682,23683,134,134
23683,23683,23684,134,134
23684,23684,23685,134,134
23685,23685,23686,134,134
23686,23686,23687,134,134
23687,23687,23688,134,134
23688,23688,23689,134,134
23689,23689,23690,134,134
23690,23690,23691,134,134
23691,23691,23692,134,134
23692,23692,23693,134,134
23693,23693,23694,134,134
23694,23694,23695,134,134
23695,23695,23696,134,134
23696,23696,23697,134,134
23697,23697,23698,134,134
23698,23698,23699,134,134
23699,23699,23700,134,134
23700,23700,23701,134,134
23701,23701,23702,134,134
23702,23702,23703,134,134
23703,23703,23704,134,134
23704,23704,23705,134,134
23705,23705,23706,134,134
23706,23706,23707,134,134
23707,23707,23708,134,134
23708,23708,23709,134,134
23709,23709,23710,134,134
23710,23710,23711,134,134
23711,23711,23712,134,134
23712,23712,23713,134,134
23713,23713,23714,134,134
23714,23714,23715,134,134
23715,23715,23716,134,134
23716,23716,23717,134,134
23717,23717,23718,134,134
23718,23718,23719,134,134
23719,23719,23720,134,134
23720,23720,23721,134,134
23721,23721,23722,134,134
23722,23722,23723,134,134
23723,23723,23724,134,134
23724,23724,23725,134,134
23725,23725,23726,134,134
23726,23726,23727,134,134
23727,23727,23728,134,134
23728,23728,23729,134,134
23729,23729,23730,134,134
23730,23730,23731,134,134
23731,23731,23732,134,134
23732,23732,23733,134,134
23733,23733,23734,134,134
23734,23734,23735,134,134
23735,23735,23736,134,134
23736,23736,23737,134,134
23737,23737,23738,134,134
23738,23738,23739,134,134
23739,23739,23740,134,134
23740,23740,23741,134,134
23741,23741,23742,134,134
23742,23742,23743,134,134
23743,23743,23744,134,134
23744,23744,23745,134,134
23745,23745,23746,134,134
23746,23746,23747,134,134
23747,23747,23748,134,134
23748,23748,23664,134,134
23749,23749,23750,135,135
23750,23750,23751,135,135
23751,23751,23752,135,135
23752,23752,23753,135,135
23753,23753,23754,135,135
23754,23754,23755,135,135
23755,23755,23756,135,135
23756,23756,23757,135,135
23757,23757,23758,135,135
23758,23758,23759,135,135
23759,23759,23760,135,135
23760,23760,23761,135,135
23761,23761,23762,135,135
23762,23762,23763,135,135
23763,23763,23764,135,135
23764,23764,23765,135,135
23765,23765,23766,135,135
23766,23766,23767,135,135
23767,23767,23768,135,135
23768,23768,23769,135,135
23769,23769,23770,135,135
23770,23770,23771,135,135
23771,23771,23772,135,135
23772,23772,23773,135,135
23773,23773,23774,135,135
23774,23774,23775,135,135
23775,23775,23776,135,135
23776,23776,23777,135,135
23777,23777,23778,135,135
23778,23778,23779,135,135
23779,23779,23780,135,135
23780,23780,23781,135,135
23781,23781,23782,135,135
23782,23782,23783,135,135
23783,23783,23784,135,135
23784,23784,23785,135,135
23785,23785,23786,135,135
23786,23786,23787,135,135
23787,23787,23788,135,135
23788,23788,23789,135,135
23789,23789,23790,135,135
23790,23790,23791,135,135
23791,23791,23792,135,135
23792,23792,23793,135,135
23793,23793,23794,135,135
23794,23794,23795,135,135
23795,23795,23796,135,135
23796,23796,23797,135,135
23797,23797,23798,135,135
23798,23798,23799,135,135
23799,23799,23800,135,135
23800,23800,23801,135,135
23801,23801,23802,135,135
23802,23802,23803,135,135
23803,23803,23804,135,135
23804,23804,23805,135,135
23805,23805,23806,135,135
23806,23806,23807,135,135
23807,23807,23808,135,135
23808,23808,23809,135,135
23809,23809,23810,135,135
23810,23810,23811,135,135
23811,23811,23812,135,135
23812,23812,23813,135,135
23813,23813,23814,135,135
23814,23814,23815,135,135
23815,23815,23816,135,135
23816,23816,23817,135,135
23817,23817,23818,135,135
23818,23818,23819,135,135
23819,23819,23820,135,135
23820,23820,23821,135,135
23821,23821,23822,135,135
23822,23822,23823,135,135
23823,23823,23824,135,135
23824,23824,23825,135,135
23825,23825,23826,135,135
23826,23826,23827,135,135
23827,23827,23828,135,135
23828,23828,23829,135,135
23829,23829,23830,135,135
23830,23830,23831,135,135
23831,23831,23832,135,135
23832,23832,23833,135,135
23833,23833,23834,135,135
23834,23834,23835,135,135
23835,23835,23836,135,135
23836,23836,23837,135,135
23837,23837,23838,135,135
23838,23838,23839,135,135
23839,23839,23840,135,135
23840,23840,23841,135,135
23841,23841,23842,135,135
23842,23842,23843,135,135
23843,23843,23844,135,135
23844,23844,23845,135,135
23845,23845,23846,135,135
23846,23846,23847,135,135
23847,23847,23848,135,135
23848,23848,23849,135,135
23849,23849,23850,135,135
23850,23850,23851,135,135
23851,23851,23852,135,135
23852,23852,23853,135,135
23853,23853,23854,135,135
23854,23854,23855,135,135
23855,23855,23856,135,135
23856,23856,23857,135,135
23857,23857,23858,135,135
23858,23858,23859,135,135
23859,23859,23860,135,135
23860,23860,23861,135,135
23861,23861,23862,135,135
23862,23862,23863,135,135
23863,23863,23864,135,135
23864,23864,23865,135,135
23865,23865,23866,135,135
23866,23866,23867,135,135
23867,23867,23749,135,135
23868,23868,23869,136,136
23869,23869,23870,136,136
23870,23870,23871,136,136
23871,23871,23872,136,136
23872,23872,23873,136,136
23873,23873,23874,136,136
23874,23874,23875,136,136
23875,23875,23876,136,136
23876,23876,23877,136,136
23877,23877,23878,136,136
23878,23878,23879,136,136
23879,23879,23880,136,136
23880,23880,23881,136,136
23881,23881,23882,136,136
23882,23882,23883,136,136
23883,23883,23884,136,136
23884,23884,23885,136,136
23885,23885,23886,136,136
23886,23886,23887,136,136
23887,23887,23888,136,136
23888,23888,23889,136,136
23889,23889,23890,136,136
23890,23890,23891,136,136
23891,23891,23892,136,136
23892,23892,23893,136,136
23893,23893,23894,136,136
23894,23894,23895,136,136
23895,23895,23896,136,136
23896,23896,23897,136,136
23897,23897,23898,136,136
23898,23898,23899,136,136
23899,23899,23900,136,136
23900,23900,23901,136,136
23901,23901,23902,136,136
23902,23902,23903,136,136
23903,23903,23904,136,136
23904,23904,23905,136,136
23905,23905,23906,136,136
23906,23906,23907,136,136
23907,23907,23908,136,136
23908,23908,23909,136,136
23909,23909,23910,136,136
23910,23910,23911,136,136
23911,23911,23912,136,136
23912,23912,23913,136,136
23913,23913,23914,136,136
23914,23914,23915,136,136
23915,23915,23916,136,136
23916,23916,23917,136,136
23917,23917,23918,136,136
23918,23918,23919,136,136
23919,23919,23920,136,136
23920,23920,23921,136,136
23921,23921,23922,136,136
23922,23922,23923,136,136
23923,23923,23924,136,136
23924,23924,23925,136,136
23925,23925,23926,136,136
23926,23926,23927,136,136
23927,23927,23928,136,136
23928,23928,23929,136,136
23929,23929,23930,136,136
23930,23930,23931,136,136
23931,23931,23932,136,136
23932,23932,23933,136,136
23933,23933,23934,136,136
23934,23934,23935,136,136
23935,23935,23936,136,136
23936,23936,23937,136,136
23937,23937,23938,136,136
23938,23938,23939,136,136
23939,23939,23940,136,136
23940,23940,23941,136,136
23941,23941,23942,136,136
23942,23942,23943,136,136
23943,23943,23944,136,136
23944,23944,23945,136,136
23945,23945,23946,136,136
23946,23946,23947,136,136
23947,23947,23948,136,136
23948,23948,23949,136,136
23949,23949,23950,136,136
23950,23950,23951,136,136
23951,23951,23952,136,136
23952,23952,23868,136,136
23953,23953,23954,137,137
23954,23954,23955,137,137
23955,23955,23956,137,137
23956,23956,23957,137,137
23957,23957,23958,137,137
23958,23958,23959,137,137
23959,23959,23960,137,137
23960,23960,23961,137,137
23961,23961,23962,137,137
23962,23962,23963,137,137
23963,23963,23964,137,137
23964,23964,23965,137,137
23965,23965,23966,137,137
23966,23966,23967,137,137
23967,23967,23968,137,137
23968,23968,23969,137,137
23969,23969,23970,137,137
23970,23970,23971,137,137
23971,23971,23972,137,137
23972,23972,23973,137,137
23973,23973,23974,137,137
23974,23974,23975,137,137
23975,23975,23976,137,137
23976,23976,23977,137,137
23977,23977,23978,137,137
23978,23978,23979,137,137
23979,23979,23980,137,137
23980,23980,23981,137,137
23981,23981,23982,137,137
23982,23982,23983,137,137
23983,23983,23984,137,137
23984,23984,23985,137,137
23985,23985,23986,137,137
23986,23986,23987,137,137
23987,23987,23988,137,137
23988,23988,23989,137,137
23989,23989,23990,137,137
23990,23990,23991,137,137
23991,23991,23992,137,137
23992,23992,23993,137,137
23993,23993,23994,137,137
23994,23994,23995,137,137
23995,23995,23996,137,137
23996,23996,23997,137,137
23997,23997,23998,137,137
23998,23998,23999,137,137
23999,23999,24000,137,137
24000,24000,24001,137,137
24001,24001,24002,137,137
24002,24002,24003,137,137
24003,24003,24004,137,137
24004,24004,24005,137,137
24005,24005,24006,137,137
24006,24006,24007,137,137
24007,24007,24008,137,137
24008,24008,24009,137,137
24009,24009,24010,137,137
24010,24010,24011,137,137
24011,24011,24012,137,137
24012,24012,24013,137,137
24013,24013,24014,137,137
24014,24014,24015,137,137
24015,24015,24016,137,137
24016,24016,24017,137,137
24017,24017,24018,137,137
24018,24018,24019,137,137
24019,24019,24020,137,137
24020,24020,24021,137,137
24021,24021,24022,137,137
24022,24022,24023,137,137
24023,24023,24024,137,137
24024,24024,24025,137,137
24025,24025,24026,137,137
24026,24026,24027,137,137
24027,24027,24028,137,137
24028,24028,24029,137,137
24029,24029,24030,137,137
24030,24030,24031,137,137
24031,24031,24032,137,137
24032,24032,24033,137,137
24033,24033,24034,137,137
24034,24034,24035,137,137
24035,24035,24036,137,137
24036,24036,24037,137,137
24037,24037,23953,137,137
24038,24038,24039,138,138
24039,24039,24040,138,138
24040,24040,24041,138,138
24041,24041,24042,138,138
24042,24042,24043,138,138
24043,24043,24044,138,138
24044,24044,24045,138,138
24045,24045,24046,138,138
24046,24046,24047,138,138
24047,24047,24048,138,138
24048,24048,24049,138,138
24049,24049,24050,138,138
24050,24050,24051,138,138
24051,24051,24052,138,138
24052,24052,24053,138,138
24053,24053,24054,138,138
24054,24054,24055,138,138
24055,24055,24056,138,138
24056,24056,24057,138,138
24057,24057,24058,138,138
24058,24058,24059,138,138
24059,24059,24060,138,138
24060,24060,24061,138,138
24061,24061,24062,138,138
24062,24062,24063,138,138
24063,24063,24064,138,138
24064,24064,24065,138,138
24065,24065,24066,138,138
24066,24066,24067,138,138
24067,24067,24068,138,138
24068,24068,24069,138,138
24069,24069,24070,138,138
24070,24070,24071,138,138
24071,24071,24072,138,138
24072,24072,24073,138,138
24073,24073,24074,138,138
24074,24074,24075,138,138
24075,24075,24076,138,138
24076,24076,24077,138,138
24077,24077,24078,138,138
24078,24078,24079,138,138
24079,24079,24080,138,138
24080,24080,24081,138,138
24081,24081,24082,138,138
24082,24082,24083,138,138
24083,24083,24084,138,138
24084,24084,24085,138,138
24085,24085,24086,138,138
24086,24086,24087,138,138
24087,24087,24088,138,138
24088,24088,24038,138,138
24089,24089,24090,139,139
24090,24090,24091,139,139
24091,24091,24092,139,139
24092,24092,24093,139,139
24093,24093,24094,139,139
24094,24094,24095,139,139
24095,24095,24096,139,139
24096,24096,24097,139,139
24097,24097,24098,139,139
24098,24098,24099,139,139
24099,24099,24100,139,139
24100,24100,24101,139,139
24101,24101,24102,139,139
24102,24102,24103,139,139
24103,24103,24104,139,139
24104,24104,24105,139,139
24105,24105,24089,139,139
24106,24106,24107,140,140
24107,24107,24108,140,140
24108,24108,24109,140,140
24109,24109,24110,140,140
24110,24110,24111,140,140
24111,24111,24112,140,140
24112,24112,24113,140,140
24113,24113,24114,140,140
24114,24114,24115,140,140
24115,24115,24116,140,140
24116,24116,24117,140,140
24117,24117,24118,140,140
24118,24118,24119,140,140
24119,24119,24120,140,140
24120,24120,24121,140,140
24121,24121,24122,140,140
24122,24122,24106,140,140
24123,24123,24124,141,141
24124,24124,24125,141,141
24125,24125,24126,141,141
24126,24126,24127,141,141
24127,24127,24128,141,141
24128,24128,24129,141,141
24129,24129,24130,141,141
24130,24130,24131,141,141
24131,24131,24132,141,141
24132,24132,24133,141,141
24133,24133,24134,141,141
24134,24134,24135,141,141
24135,24135,24136,141,141
24136,24136,24137,141,141
24137,24137,24138,141,141
24138,24138,24139,141,141
24139,24139,24140,141,141
24140,24140,24141,141,141
24141,24141,24142,141,141
24142,24142,24143,141,141
24143,24143,24144,141,141
24144,24144,24145,141,141
24145,24145,24146,141,141
24146,24146,24147,141,141
24147,24147,24148,141,141
24148,24148,24149,141,141
24149,24149,24150,141,141
24150,24150,24151,141,141
24151,24151,24152,141,141
24152,24152,24153,141,141
24153,24153,24154,141,141
24154,24154,24155,141,141
24155,24155,24156,141,141
24156,24156,24157,141,141
24157,24157,24158,141,141
24158,24158,24159,141,141
24159,24159,24160,141,141
24160,24160,24161,141,141
24161,24161,24162,141,141
24162,24162,24163,141,141
24163,24163,24164,141,141
24164,24164,24165,141,141
24165,24165,24166,141,141
24166,24166,24167,141,141
24167,24167,24168,141,141
24168,24168,24169,141,141
24169,24169,24170,141,141
24170,24170,24171,141,141
24171,24171,24172,141,141
24172,24172,24173,141,141
24173,24173,24123,141,141
24174,24174,24175,142,142
24175,24175,24176,142,142
24176,24176,24177,142,142
24177,24177,24178,142,142
24178,24178,24179,142,142
24179,24179,24180,142,142
24180,24180,24181,142,142
24181,24181,24182,142,142
24182,24182,24183,142,142
24183,24183,24184,142,142
24184,24184,24185,142,142
24185,24185,24186,142,142
24186,24186,24187,142,142
24187,24187,24188,142,142
24188,24188,24189,142,142
24189,24189,24190,142,142
24190,24190,24191,142,142
24191,24191,24192,142,142
24192,24192,24193,142,142
24193,24193,24194,142,142
24194,24194,24195,142,142
24195,24195,24196,142,142
24196,24196,24197,142,142
24197,24197,24198,142,142
24198,24198,24199,142,142
24199,24199,24200,142,142
24200,24200,24201,142,142
24201,24201,24202,142,142
24202,24202,24203,142,142
24203,24203,24204,142,142
24204,24204,24205,142,142
24205,24205,24206,142,142
24206,24206,24207,142,142
24207,24207,24208,142,142
24208,24208,24209,142,142
24209,24209,24210,142,142
24210,24210,24211,142,142
24211,24211,24212,142,142
24212,24212,24213,142,142
24213,24213,24214,142,142
24214,24214,24215,142,142
24215,24215,24216,142,142
24216,24216,24217,142,142
24217,24217,24218,142,142
24218,24218,24219,142,142
24219,24219,24220,142,142
24220,24220,24221,142,142
24221,24221,24222,142,142
24222,24222,24223,142,142
24223,24223,24224,142,142
24224,24224,24174,142,142
24225,24225,24226,143,143
24226,24226,24227,143,143
24227,24227,24228,143,143
24228,24228,24229,143,143
24229,24229,24230,143,143
24230,24230,24231,143,143
24231,24231,24232,143,143
24232,24232,24233,143,143
24233,24233,24234,143,143
24234,24234,24235,143,143
24235,24235,24236,143,143
24236,24236,24237,143,143
24237,24237,24238,143,143
24238,24238,24239,143,143
24239,24239,24240,143,143
24240,24240,24241,143,143
24241,24241,24242,143,143
24242,24242,24243,143,143
24243,24243,24244,143,143
24244,24244,24245,143,143
24245,24245,24246,143,143
24246,24246,24247,143,143
24247,24247,24248,143,143
24248,24248,24249,143,143
24249,24249,24250,143,143
24250,24250,24251,143,143
24251,24251,24252,143,143
24252,24252,24253,143,143
24253,24253,24254,143,143
24254,24254,24255,143,143
24255,24255,24256,143,143
24256,24256,24257,143,143
24257,24257,24258,143,143
24258,24258,24259,143,143
24259,24259,24260,143,143
24260,24260,24261,143,143
24261,24261,24262,143,143
24262,24262,24263,143,143
24263,24263,24264,143,143
24264,24264,24265,143,143
24265,24265,24266,143,143
24266,24266,24267,143,143
24267,24267,24268,143,143
24268,24268,24269,143,143
24269,24269,24270,143,143
24270,24270,24271,143,143
24271,24271,24272,143,143
24272,24272,24273,143,143
24273,24273,24274,143,143
24274,24274,24275,143,143
24275,24275,24225,143,143
24276,24276,24277,144,144
24277,24277,24278,144,144
24278,24278,24279,144,144
24279,24279,24280,144,144
24280,24280,24281,144,144
24281,24281,24282,144,144
24282,24282,24283,144,144
24283,24283,24284,144,144
24284,24284,24285,144,144
24285,24285,24286,144,144
24286,24286,24287,144,144
24287,24287,24288,144,144
24288,24288,24289,144,144
24289,24289,24290,144,144
24290,24290,24291,144,144
24291,24291,24292,144,144
24292,24292,24276,144,144
24293,24293,24294,145,145
24294,24294,24295,145,145
24295,24295,24296,145,145
24296,24296,24297,145,145
24297,24297,24298,145,145
24298,24298,24299,145,145
24299,24299,24300,145,145
24300,24300,24301,145,145
24301,24301,24302,145,145
24302,24302,24303,145,145
24303,24303,24304,145,145
24304,24304,24305,145,145
24305,24305,24306,145,145
24306,24306,24307,145,145
24307,24307,24308,145,145
24308,24308,24309,145,145
24309,24309,24293,145,145
