{
  "prospective_common_history_roles": {
    "distinct_changed_lower_owners": 477,
    "distinct_lower_external_owners": 474,
    "distinct_upper_untouched_mates": 458,
    "lower_external_owner_multiplicity_histogram": {
      "2": 471,
      "4": 3
    },
    "maximum_changed_lower_owner_multiplicity": 1,
    "maximum_lower_external_owner_multiplicity": 4,
    "maximum_upper_untouched_mate_multiplicity": 2,
    "upper_untouched_mate_multiplicity_histogram": {
      "1": 439,
      "2": 19
    }
  },
  "role_rows": [
    {
      "edge_index": 0,
      "new_external": "1000010011011011111000",
      "old_external": "1000010111011011110000",
      "owner": "1010010011011011110000",
      "upper_untouched_mate": "1010011011011011110000"
    },
    {
      "edge_index": 0,
      "new_external": "0010010011011101111000",
      "old_external": "1000010011011011111000",
      "owner": "0010010011011011111000",
      "upper_untouched_mate": "0010010011011011111001"
    },
    {
      "edge_index": 0,
      "new_external": "0010011011010110111000",
      "old_external": "0010010011011101111000",
      "owner": "0010010011011110111000",
      "upper_untouched_mate": "1010010011011110111000"
    },
    {
      "edge_index": 0,
      "new_external": "1000011011011010111000",
      "old_external": "0010011011010110111000",
      "owner": "0010011011011010111000",
      "upper_untouched_mate": "0010011011111010111000"
    },
    {
      "edge_index": 0,
      "new_external": "1000010011111010111000",
      "old_external": "1000011011011010111000",
      "owner": "1010010011011010111000",
      "upper_untouched_mate": "1010010111011010111000"
    },
    {
      "edge_index": 0,
      "new_external": "0010010011110010111100",
      "old_external": "1000010011111010111000",
      "owner": "0010010011111010111000",
      "upper_untouched_mate": "0010010011111110111000"
    },
    {
      "edge_index": 0,
      "new_external": "0010010011111000111001",
      "old_external": "0010010011110010111100",
      "owner": "0010010011111000111100",
      "upper_untouched_mate": "0010010011111100111100"
    },
    {
      "edge_index": 0,
      "new_external": "0010010011111001100101",
      "old_external": "0010010011111000111001",
      "owner": "0010010011111000110101",
      "upper_untouched_mate": "0010010011111000110111"
    },
    {
      "edge_index": 0,
      "new_external": "0010010111111000110001",
      "old_external": "0010010011111001100101",
      "owner": "0010010011111001110001",
      "upper_untouched_mate": "0010010011111011110001"
    },
    {
      "edge_index": 0,
      "new_external": "0010010111101011110000",
      "old_external": "0010010111111000110001",
      "owner": "0010010111111001110000",
      "upper_untouched_mate": "1010010111111001110000"
    },
    {
      "edge_index": 0,
      "new_external": "1000010111011011110000",
      "old_external": "0010010111101011110000",
      "owner": "0010010111011011110000",
      "upper_untouched_mate": "0010010111011111110000"
    },
    {
      "edge_index": 1,
      "new_external": "1000100011011111100010",
      "old_external": "1011100001011111100000",
      "owner": "1010100011011111100000",
      "upper_untouched_mate": "1010100011111111100000"
    },
    {
      "edge_index": 1,
      "new_external": "0010100011011110110010",
      "old_external": "1000100011011111100010",
      "owner": "0010100011011111100010",
      "upper_untouched_mate": "0010100011011111100110"
    },
    {
      "edge_index": 1,
      "new_external": "0010100011011101100011",
      "old_external": "0010100011011110110010",
      "owner": "0010100011011101110010",
      "upper_untouched_mate": "0010100011011101110110"
    },
    {
      "edge_index": 1,
      "new_external": "0010101011011100110001",
      "old_external": "0010100011011101100011",
      "owner": "0010100011011101110001",
      "upper_untouched_mate": "0010100011011101110101"
    },
    {
      "edge_index": 1,
      "new_external": "0011101001011101110000",
      "old_external": "0010101011011100110001",
      "owner": "0010101011011101110000",
      "upper_untouched_mate": "0010101011111101110000"
    },
    {
      "edge_index": 1,
      "new_external": "1011100001011101110000",
      "old_external": "0011101001011101110000",
      "owner": "0011100011011101110000",
      "upper_untouched_mate": "0011100011111101110000"
    },
    {
      "edge_index": 1,
      "new_external": "1000100011011111110000",
      "old_external": "1011100001011101110000",
      "owner": "1010100011011101110000",
      "upper_untouched_mate": "1010100011111101110000"
    },
    {
      "edge_index": 1,
      "new_external": "0010100011011101110100",
      "old_external": "1000100011011111110000",
      "owner": "0010100011011111110000",
      "upper_untouched_mate": "0010100011011111110001"
    },
    {
      "edge_index": 1,
      "new_external": "0010100011011110110001",
      "old_external": "0010100011011101110100",
      "owner": "0010100011011110110100",
      "upper_untouched_mate": "1010100011011110110100"
    },
    {
      "edge_index": 1,
      "new_external": "0010101011011110100100",
      "old_external": "0010100011011110110001",
      "owner": "0010100011011110100101",
      "upper_untouched_mate": "0010100011011110101101"
    },
    {
      "edge_index": 1,
      "new_external": "0010101011011011100001",
      "old_external": "0010101011011110100100",
      "owner": "0010101011011110100001",
      "upper_untouched_mate": "0010101011011110100011"
    },
    {
      "edge_index": 1,
      "new_external": "0011101001011111100000",
      "old_external": "0010101011011011100001",
      "owner": "0010101011011111100000",
      "upper_untouched_mate": "0010101011111111100000"
    },
    {
      "edge_index": 1,
      "new_external": "1011100001011111100000",
      "old_external": "0011101001011111100000",
      "owner": "0011100011011111100000",
      "upper_untouched_mate": "0011100011111111100000"
    },
    {
      "edge_index": 2,
      "new_external": "1000010101011011110010",
      "old_external": "1010100101011011110000",
      "owner": "1010010101011011110000",
      "upper_untouched_mate": "1010011101011011110000"
    },
    {
      "edge_index": 2,
      "new_external": "0010010101011101110010",
      "old_external": "1000010101011011110010",
      "owner": "0010010101011011110010",
      "upper_untouched_mate": "0010010101011011110110"
    },
    {
      "edge_index": 2,
      "new_external": "0010011101010110110010",
      "old_external": "0010010101011101110010",
      "owner": "0010010101011110110010",
      "upper_untouched_mate": "1010010101011110110010"
    },
    {
      "edge_index": 2,
      "new_external": "1010011001011010110010",
      "old_external": "0010011101010110110010",
      "owner": "0010011101011010110010",
      "upper_untouched_mate": "0010011101111010110010"
    },
    {
      "edge_index": 2,
      "new_external": "0010010101011110110010",
      "old_external": "1010011001011010110010",
      "owner": "1010010101011010110010",
      "upper_untouched_mate": "1010110101011010110010"
    },
    {
      "edge_index": 2,
      "new_external": "1000010101011101110010",
      "old_external": "0010010101011110110010",
      "owner": "1000010101011110110010",
      "upper_untouched_mate": "1100010101011110110010"
    },
    {
      "edge_index": 2,
      "new_external": "0000010101011111100011",
      "old_external": "1000010101011101110010",
      "owner": "0000010101011111110010",
      "upper_untouched_mate": "0000010101011111110110"
    },
    {
      "edge_index": 2,
      "new_external": "0000110101011110110001",
      "old_external": "0000010101011111100011",
      "owner": "0000010101011111110001",
      "upper_untouched_mate": "0000010101011111110101"
    },
    {
      "edge_index": 2,
      "new_external": "0010110101010111110000",
      "old_external": "0000110101011110110001",
      "owner": "0000110101011111110000",
      "upper_untouched_mate": "1000110101011111110000"
    },
    {
      "edge_index": 2,
      "new_external": "1010100101011011110000",
      "old_external": "0010110101010111110000",
      "owner": "0010110101011011110000",
      "upper_untouched_mate": "0010110101111011110000"
    },
    {
      "edge_index": 3,
      "new_external": "1000110011010111101000",
      "old_external": "1010110001011111100000",
      "owner": "1000110011011111100000",
      "upper_untouched_mate": "1000111011011111100000"
    },
    {
      "edge_index": 3,
      "new_external": "0000110011011110101100",
      "old_external": "1000110011010111101000",
      "owner": "0000110011011111101000",
      "upper_untouched_mate": "0000110011011111101001"
    },
    {
      "edge_index": 3,
      "new_external": "0000110011011101101001",
      "old_external": "0000110011011110101100",
      "owner": "0000110011011101101100",
      "upper_untouched_mate": "0000110011011101111100"
    },
    {
      "edge_index": 3,
      "new_external": "0000111011011101100001",
      "old_external": "0000110011011101101001",
      "owner": "0000110011011101100101",
      "upper_untouched_mate": "0000110011011101100111"
    },
    {
      "edge_index": 3,
      "new_external": "0000111111001101100100",
      "old_external": "0000111011011101100001",
      "owner": "0000111011011101100100",
      "upper_untouched_mate": "0000111011111101100100"
    },
    {
      "edge_index": 3,
      "new_external": "1000110110011101100100",
      "old_external": "0000111111001101100100",
      "owner": "0000111110011101100100",
      "upper_untouched_mate": "0000111110111101100100"
    },
    {
      "edge_index": 3,
      "new_external": "1000111001011101100100",
      "old_external": "1000110110011101100100",
      "owner": "1000111010011101100100",
      "upper_untouched_mate": "1010111010011101100100"
    },
    {
      "edge_index": 3,
      "new_external": "1000110011010111100100",
      "old_external": "1000111001011101100100",
      "owner": "1000110011011101100100",
      "upper_untouched_mate": "1010110011011101100100"
    },
    {
      "edge_index": 3,
      "new_external": "0010110011010111100100",
      "old_external": "1000110011010111100100",
      "owner": "0000110011011111100100",
      "upper_untouched_mate": "0000110011011111100101"
    },
    {
      "edge_index": 3,
      "new_external": "0010110011011010100101",
      "old_external": "0010110011010111100100",
      "owner": "0010110011011011100100",
      "upper_untouched_mate": "0010110011111011100100"
    },
    {
      "edge_index": 3,
      "new_external": "0010110111001011100001",
      "old_external": "0010110011011010100101",
      "owner": "0010110011011011100001",
      "upper_untouched_mate": "0010110011011111100001"
    },
    {
      "edge_index": 3,
      "new_external": "1000110111011011100000",
      "old_external": "0010110111001011100001",
      "owner": "0010110111011011100000",
      "upper_untouched_mate": "0010111111011011100000"
    },
    {
      "edge_index": 3,
      "new_external": "1000010111011111100000",
      "old_external": "1000110111011011100000",
      "owner": "1010010111011011100000",
      "upper_untouched_mate": "1011010111011011100000"
    },
    {
      "edge_index": 3,
      "new_external": "1010110001011111100000",
      "old_external": "1000010111011111100000",
      "owner": "1010010011011111100000",
      "upper_untouched_mate": "1010011011011111100000"
    },
    {
      "edge_index": 4,
      "new_external": "1000100011011011101100",
      "old_external": "1011100001011011101000",
      "owner": "1010100011011011101000",
      "upper_untouched_mate": "1010100011111011101000"
    },
    {
      "edge_index": 4,
      "new_external": "0010100011011101101100",
      "old_external": "1000100011011011101100",
      "owner": "0010100011011011101100",
      "upper_untouched_mate": "0010100011011011111100"
    },
    {
      "edge_index": 4,
      "new_external": "0010100011110110101100",
      "old_external": "0010100011011101101100",
      "owner": "0010100011011110101100",
      "upper_untouched_mate": "1010100011011110101100"
    },
    {
      "edge_index": 4,
      "new_external": "0011000011111010101100",
      "old_external": "0010100011110110101100",
      "owner": "0010100011111010101100",
      "upper_untouched_mate": "1010100011111010101100"
    },
    {
      "edge_index": 4,
      "new_external": "1011100001011010101100",
      "old_external": "0011000011111010101100",
      "owner": "0011100011011010101100",
      "upper_untouched_mate": "0011101011011010101100"
    },
    {
      "edge_index": 4,
      "new_external": "1000101011011010101100",
      "old_external": "1011100001011010101100",
      "owner": "1010100011011010101100",
      "upper_untouched_mate": "1010100011111010101100"
    },
    {
      "edge_index": 4,
      "new_external": "1000001011011011101100",
      "old_external": "1000101011011010101100",
      "owner": "1010001011011010101100",
      "upper_untouched_mate": "1011001011011010101100"
    },
    {
      "edge_index": 4,
      "new_external": "0010001011011011100101",
      "old_external": "1000001011011011101100",
      "owner": "0010001011011011101100",
      "upper_untouched_mate": "0010001011011011111100"
    },
    {
      "edge_index": 4,
      "new_external": "0010001011011110101001",
      "old_external": "0010001011011011100101",
      "owner": "0010001011011011101001",
      "upper_untouched_mate": "0010001011011011111001"
    },
    {
      "edge_index": 4,
      "new_external": "0011001011010111101000",
      "old_external": "0010001011011110101001",
      "owner": "0010001011011111101000",
      "upper_untouched_mate": "1010001011011111101000"
    },
    {
      "edge_index": 4,
      "new_external": "0011101001011011101000",
      "old_external": "0011001011010111101000",
      "owner": "0011001011011011101000",
      "upper_untouched_mate": "0011001011111011101000"
    },
    {
      "edge_index": 4,
      "new_external": "1011100001011011101000",
      "old_external": "0011101001011011101000",
      "owner": "0011100011011011101000",
      "upper_untouched_mate": "0011100011111011101000"
    },
    {
      "edge_index": 5,
      "new_external": "1000010011011111110000",
      "old_external": "1000011011011111010000",
      "owner": "1010010011011111010000",
      "upper_untouched_mate": "1010010111011111010000"
    },
    {
      "edge_index": 5,
      "new_external": "0010011011010111110000",
      "old_external": "1000010011011111110000",
      "owner": "0010010011011111110000",
      "upper_untouched_mate": "0010010011011111110001"
    },
    {
      "edge_index": 5,
      "new_external": "0010011011010011111000",
      "old_external": "0010011011010111110000",
      "owner": "0010011011011011110000",
      "upper_untouched_mate": "0010011011111011110000"
    },
    {
      "edge_index": 5,
      "new_external": "0010011011011001101001",
      "old_external": "0010011011010011111000",
      "owner": "0010011011011001111000",
      "upper_untouched_mate": "0010011011011101111000"
    },
    {
      "edge_index": 5,
      "new_external": "0010011011011101001001",
      "old_external": "0010011011011001101001",
      "owner": "0010011011011001011001",
      "upper_untouched_mate": "0010011011011001011101"
    },
    {
      "edge_index": 5,
      "new_external": "1000011011011101011000",
      "old_external": "0010011011011101001001",
      "owner": "0010011011011101011000",
      "upper_untouched_mate": "0010011011111101011000"
    },
    {
      "edge_index": 5,
      "new_external": "1000010011011111011000",
      "old_external": "1000011011011101011000",
      "owner": "1010010011011101011000",
      "upper_untouched_mate": "1010010111011101011000"
    },
    {
      "edge_index": 5,
      "new_external": "0010010011011111001010",
      "old_external": "1000010011011111011000",
      "owner": "0010010011011111011000",
      "upper_untouched_mate": "0010010011011111011001"
    },
    {
      "edge_index": 5,
      "new_external": "0010010011011100011011",
      "old_external": "0010010011011111001010",
      "owner": "0010010011011110011010",
      "upper_untouched_mate": "0010010011011110111010"
    },
    {
      "edge_index": 5,
      "new_external": "0010011011011110000011",
      "old_external": "0010010011011100011011",
      "owner": "0010010011011110010011",
      "upper_untouched_mate": "0010010011011110110011"
    },
    {
      "edge_index": 5,
      "new_external": "0010011011011011010001",
      "old_external": "0010011011011110000011",
      "owner": "0010011011011110010001",
      "upper_untouched_mate": "0010011011011110010101"
    },
    {
      "edge_index": 5,
      "new_external": "1000011011011111010000",
      "old_external": "0010011011011011010001",
      "owner": "0010011011011111010000",
      "upper_untouched_mate": "0010011011111111010000"
    },
    {
      "edge_index": 6,
      "new_external": "1000110011010011101010",
      "old_external": "1010110001011011101000",
      "owner": "1000110011011011101000",
      "upper_untouched_mate": "1000111011011011101000"
    },
    {
      "edge_index": 6,
      "new_external": "0000111011010011101010",
      "old_external": "1000110011010011101010",
      "owner": "0000110011011011101010",
      "upper_untouched_mate": "0000110011011011111010"
    },
    {
      "edge_index": 6,
      "new_external": "0000111111001001101010",
      "old_external": "0000111011010011101010",
      "owner": "0000111011011001101010",
      "upper_untouched_mate": "0000111011011101101010"
    },
    {
      "edge_index": 6,
      "new_external": "0000111111001010101010",
      "old_external": "0000111111001001101010",
      "owner": "0000111111011000101010",
      "upper_untouched_mate": "1000111111011000101010"
    },
    {
      "edge_index": 6,
      "new_external": "1000110110011010101010",
      "old_external": "0000111111001010101010",
      "owner": "0000111110011010101010",
      "upper_untouched_mate": "0000111110111010101010"
    },
    {
      "edge_index": 6,
      "new_external": "1000111001011010101010",
      "old_external": "1000110110011010101010",
      "owner": "1000111010011010101010",
      "upper_untouched_mate": "1010111010011010101010"
    },
    {
      "edge_index": 6,
      "new_external": "1000110011010010111010",
      "old_external": "1000111001011010101010",
      "owner": "1000110011011010101010",
      "upper_untouched_mate": "1010110011011010101010"
    },
    {
      "edge_index": 6,
      "new_external": "0000110011011010110011",
      "old_external": "1000110011010010111010",
      "owner": "0000110011011010111010",
      "upper_untouched_mate": "0000110011011010111110"
    },
    {
      "edge_index": 6,
      "new_external": "0000110011011011111000",
      "old_external": "0000110011011010110011",
      "owner": "0000110011011010111001",
      "upper_untouched_mate": "0000110011011010111101"
    },
    {
      "edge_index": 6,
      "new_external": "0010110011011001101001",
      "old_external": "0000110011011011111000",
      "owner": "0000110011011011101001",
      "upper_untouched_mate": "0000110011011011101101"
    },
    {
      "edge_index": 6,
      "new_external": "0010110111001010101001",
      "old_external": "0010110011011001101001",
      "owner": "0010110011011010101001",
      "upper_untouched_mate": "0010110011011110101001"
    },
    {
      "edge_index": 6,
      "new_external": "1000110111011010101000",
      "old_external": "0010110111001010101001",
      "owner": "0010110111011010101000",
      "upper_untouched_mate": "0010111111011010101000"
    },
    {
      "edge_index": 6,
      "new_external": "1000010111011011101000",
      "old_external": "1000110111011010101000",
      "owner": "1010010111011010101000",
      "upper_untouched_mate": "1011010111011010101000"
    },
    {
      "edge_index": 6,
      "new_external": "1010110001011011101000",
      "old_external": "1000010111011011101000",
      "owner": "1010010011011011101000",
      "upper_untouched_mate": "1010011011011011101000"
    },
    {
      "edge_index": 7,
      "new_external": "1000010101011111011000",
      "old_external": "1010011001011111010000",
      "owner": "1010010101011111010000",
      "upper_untouched_mate": "1010110101011111010000"
    },
    {
      "edge_index": 7,
      "new_external": "0010011101010111011000",
      "old_external": "1000010101011111011000",
      "owner": "0010010101011111011000",
      "upper_untouched_mate": "0010010101011111011001"
    },
    {
      "edge_index": 7,
      "new_external": "0010011101011010011100",
      "old_external": "0010011101010111011000",
      "owner": "0010011101011011011000",
      "upper_untouched_mate": "0010011101111011011000"
    },
    {
      "edge_index": 7,
      "new_external": "0010011101011001011001",
      "old_external": "0010011101011010011100",
      "owner": "0010011101011001011100",
      "upper_untouched_mate": "0010011101011001111100"
    },
    {
      "edge_index": 7,
      "new_external": "0010011101011101010001",
      "old_external": "0010011101011001011001",
      "owner": "0010011101011001010101",
      "upper_untouched_mate": "0010011101011001010111"
    },
    {
      "edge_index": 7,
      "new_external": "1010011001011101010100",
      "old_external": "0010011101011101010001",
      "owner": "0010011101011101010100",
      "upper_untouched_mate": "0010011101111101010100"
    },
    {
      "edge_index": 7,
      "new_external": "1000010101011111010100",
      "old_external": "1010011001011101010100",
      "owner": "1010010101011101010100",
      "upper_untouched_mate": "1010110101011101010100"
    },
    {
      "edge_index": 7,
      "new_external": "0010010101011111000110",
      "old_external": "1000010101011111010100",
      "owner": "0010010101011111010100",
      "upper_untouched_mate": "0010010101011111010101"
    },
    {
      "edge_index": 7,
      "new_external": "0010010101011111000011",
      "old_external": "0010010101011111000110",
      "owner": "0010010101011111010010",
      "upper_untouched_mate": "1010010101011111010010"
    },
    {
      "edge_index": 7,
      "new_external": "0010011101011011010001",
      "old_external": "0010010101011111000011",
      "owner": "0010010101011111010001",
      "upper_untouched_mate": "0010010101011111010101"
    },
    {
      "edge_index": 7,
      "new_external": "1010011001011111010000",
      "old_external": "0010011101011011010001",
      "owner": "0010011101011111010000",
      "upper_untouched_mate": "0010011101111111010000"
    },
    {
      "edge_index": 8,
      "new_external": "1000010101011111100100",
      "old_external": "1010100101011011100100",
      "owner": "1010010101011011100100",
      "upper_untouched_mate": "1010011101011011100100"
    },
    {
      "edge_index": 8,
      "new_external": "0010010101011110100110",
      "old_external": "1000010101011111100100",
      "owner": "0010010101011111100100",
      "upper_untouched_mate": "0010010101011111100101"
    },
    {
      "edge_index": 8,
      "new_external": "0010110101010111100010",
      "old_external": "0010010101011110100110",
      "owner": "0010010101011111100010",
      "upper_untouched_mate": "1010010101011111100010"
    },
    {
      "edge_index": 8,
      "new_external": "1010100101011011100010",
      "old_external": "0010110101010111100010",
      "owner": "0010110101011011100010",
      "upper_untouched_mate": "0010110101111011100010"
    },
    {
      "edge_index": 8,
      "new_external": "1000010101111011100010",
      "old_external": "1010100101011011100010",
      "owner": "1010010101011011100010",
      "upper_untouched_mate": "1010011101011011100010"
    },
    {
      "edge_index": 8,
      "new_external": "0010010101111010100011",
      "old_external": "1000010101111011100010",
      "owner": "0010010101111011100010",
      "upper_untouched_mate": "0010010101111111100010"
    },
    {
      "edge_index": 8,
      "new_external": "0010110101111000100011",
      "old_external": "0010010101111010100011",
      "owner": "0010010101111001100011",
      "upper_untouched_mate": "0010010101111001110011"
    },
    {
      "edge_index": 8,
      "new_external": "0010110101101011100001",
      "old_external": "0010110101111000100011",
      "owner": "0010110101111001100001",
      "upper_untouched_mate": "0010110101111001100101"
    },
    {
      "edge_index": 8,
      "new_external": "0010110101101011100100",
      "old_external": "0010110101101011100001",
      "owner": "0010110101111011100000",
      "upper_untouched_mate": "0010110111111011100000"
    },
    {
      "edge_index": 8,
      "new_external": "1010100101011011100100",
      "old_external": "0010110101101011100100",
      "owner": "0010110101011011100100",
      "upper_untouched_mate": "0010110101011111100100"
    },
    {
      "edge_index": 9,
      "new_external": "1000010011011111101000",
      "old_external": "1000010111011111001000",
      "owner": "1010010011011111001000",
      "upper_untouched_mate": "1010011011011111001000"
    },
    {
      "edge_index": 9,
      "new_external": "0010010011011101101100",
      "old_external": "1000010011011111101000",
      "owner": "0010010011011111101000",
      "upper_untouched_mate": "0010010011011111101001"
    },
    {
      "edge_index": 9,
      "new_external": "0010010011011110100101",
      "old_external": "0010010011011101101100",
      "owner": "0010010011011110101100",
      "upper_untouched_mate": "1010010011011110101100"
    },
    {
      "edge_index": 9,
      "new_external": "0010010111011110001001",
      "old_external": "0010010011011110100101",
      "owner": "0010010011011110001101",
      "upper_untouched_mate": "0010010011011110001111"
    },
    {
      "edge_index": 9,
      "new_external": "0010010111011111000001",
      "old_external": "0010010111011110001001",
      "owner": "0010010111011110000101",
      "upper_untouched_mate": "0010010111011110000111"
    },
    {
      "edge_index": 9,
      "new_external": "1000010111011111000100",
      "old_external": "0010010111011111000001",
      "owner": "0010010111011111000100",
      "upper_untouched_mate": "0010010111111111000100"
    },
    {
      "edge_index": 9,
      "new_external": "1000010011011111001100",
      "old_external": "1000010111011111000100",
      "owner": "1010010011011111000100",
      "upper_untouched_mate": "1010011011011111000100"
    },
    {
      "edge_index": 9,
      "new_external": "0010010011011111000101",
      "old_external": "1000010011011111001100",
      "owner": "0010010011011111001100",
      "upper_untouched_mate": "0010010011011111011100"
    },
    {
      "edge_index": 9,
      "new_external": "0010010111011011001001",
      "old_external": "0010010011011111000101",
      "owner": "0010010011011111001001",
      "upper_untouched_mate": "0010010011011111011001"
    },
    {
      "edge_index": 9,
      "new_external": "1000010111011111001000",
      "old_external": "0010010111011011001001",
      "owner": "0010010111011111001000",
      "upper_untouched_mate": "0010010111111111001000"
    },
    {
      "edge_index": 10,
      "new_external": "1000010011111011100100",
      "old_external": "1000011011011011100100",
      "owner": "1010010011011011100100",
      "upper_untouched_mate": "1010010111011011100100"
    },
    {
      "edge_index": 10,
      "new_external": "0010010011110011101100",
      "old_external": "1000010011111011100100",
      "owner": "0010010011111011100100",
      "upper_untouched_mate": "0010010011111111100100"
    },
    {
      "edge_index": 10,
      "new_external": "0010011011101001101100",
      "old_external": "0010010011110011101100",
      "owner": "0010010011111001101100",
      "upper_untouched_mate": "0010010011111101101100"
    },
    {
      "edge_index": 10,
      "new_external": "0010011011101010101100",
      "old_external": "0010011011101001101100",
      "owner": "0010011011111000101100",
      "upper_untouched_mate": "1010011011111000101100"
    },
    {
      "edge_index": 10,
      "new_external": "1000011011011010101100",
      "old_external": "0010011011101010101100",
      "owner": "0010011011011010101100",
      "upper_untouched_mate": "0010011011011110101100"
    },
    {
      "edge_index": 10,
      "new_external": "1000010011011011101100",
      "old_external": "1000011011011010101100",
      "owner": "1010010011011010101100",
      "upper_untouched_mate": "1010010111011010101100"
    },
    {
      "edge_index": 10,
      "new_external": "0010010011011011101001",
      "old_external": "1000010011011011101100",
      "owner": "0010010011011011101100",
      "upper_untouched_mate": "0010010011011011111100"
    },
    {
      "edge_index": 10,
      "new_external": "0010010011011111100001",
      "old_external": "0010010011011011101001",
      "owner": "0010010011011011100101",
      "upper_untouched_mate": "0010010011011011100111"
    },
    {
      "edge_index": 10,
      "new_external": "0010011011010111100100",
      "old_external": "0010010011011111100001",
      "owner": "0010010011011111100100",
      "upper_untouched_mate": "1010010011011111100100"
    },
    {
      "edge_index": 10,
      "new_external": "1000011011011011100100",
      "old_external": "0010011011010111100100",
      "owner": "0010011011011011100100",
      "upper_untouched_mate": "0010011011111011100100"
    },
    {
      "edge_index": 11,
      "new_external": "1000110011010111001100",
      "old_external": "1000111001011111001000",
      "owner": "1000110011011111001000",
      "upper_untouched_mate": "1010110011011111001000"
    },
    {
      "edge_index": 11,
      "new_external": "0000110111010111001100",
      "old_external": "1000110011010111001100",
      "owner": "0000110011011111001100",
      "upper_untouched_mate": "0000110011011111011100"
    },
    {
      "edge_index": 11,
      "new_external": "0000110111011010011100",
      "old_external": "0000110111010111001100",
      "owner": "0000110111011011001100",
      "upper_untouched_mate": "0000110111111011001100"
    },
    {
      "edge_index": 11,
      "new_external": "0000110111011001010101",
      "old_external": "0000110111011010011100",
      "owner": "0000110111011001011100",
      "upper_untouched_mate": "0000110111011001111100"
    },
    {
      "edge_index": 11,
      "new_external": "0000110111011101001001",
      "old_external": "0000110111011001010101",
      "owner": "0000110111011001011001",
      "upper_untouched_mate": "0000110111011001111001"
    },
    {
      "edge_index": 11,
      "new_external": "0000111111001101011000",
      "old_external": "0000110111011101001001",
      "owner": "0000110111011101011000",
      "upper_untouched_mate": "0000110111111101011000"
    },
    {
      "edge_index": 11,
      "new_external": "1000110110011101011000",
      "old_external": "0000111111001101011000",
      "owner": "0000111110011101011000",
      "upper_untouched_mate": "0000111110111101011000"
    },
    {
      "edge_index": 11,
      "new_external": "1000111001011101011000",
      "old_external": "1000110110011101011000",
      "owner": "1000111010011101011000",
      "upper_untouched_mate": "1010111010011101011000"
    },
    {
      "edge_index": 11,
      "new_external": "1000110011010111011000",
      "old_external": "1000111001011101011000",
      "owner": "1000110011011101011000",
      "upper_untouched_mate": "1010110011011101011000"
    },
    {
      "edge_index": 11,
      "new_external": "0000110111010111011000",
      "old_external": "1000110011010111011000",
      "owner": "0000110011011111011000",
      "upper_untouched_mate": "0000110011011111011001"
    },
    {
      "edge_index": 11,
      "new_external": "0000110111011010011001",
      "old_external": "0000110111010111011000",
      "owner": "0000110111011011011000",
      "upper_untouched_mate": "0000110111111011011000"
    },
    {
      "edge_index": 11,
      "new_external": "0000111111001011001001",
      "old_external": "0000110111011010011001",
      "owner": "0000110111011011001001",
      "upper_untouched_mate": "0000110111011111001001"
    },
    {
      "edge_index": 11,
      "new_external": "0000111111001111001000",
      "old_external": "0000111111001011001001",
      "owner": "0000111111011011001000",
      "upper_untouched_mate": "1000111111011011001000"
    },
    {
      "edge_index": 11,
      "new_external": "1000110110011111001000",
      "old_external": "0000111111001111001000",
      "owner": "0000111110011111001000",
      "upper_untouched_mate": "0000111110111111001000"
    },
    {
      "edge_index": 11,
      "new_external": "1000111001011111001000",
      "old_external": "1000110110011111001000",
      "owner": "1000111010011111001000",
      "upper_untouched_mate": "1010111010011111001000"
    },
    {
      "edge_index": 12,
      "new_external": "1010001011011011011000",
      "old_external": "1011100001011011011000",
      "owner": "1010100011011011011000",
      "upper_untouched_mate": "1010100011111011011000"
    },
    {
      "edge_index": 12,
      "new_external": "1000101011010111011000",
      "old_external": "1010001011011011011000",
      "owner": "1000101011011011011000",
      "upper_untouched_mate": "1000101011111011011000"
    },
    {
      "edge_index": 12,
      "new_external": "0000101011011110011100",
      "old_external": "1000101011010111011000",
      "owner": "0000101011011111011000",
      "upper_untouched_mate": "0000101011011111011001"
    },
    {
      "edge_index": 12,
      "new_external": "0001101011010111001100",
      "old_external": "0000101011011110011100",
      "owner": "0000101011011111001100",
      "upper_untouched_mate": "1000101011011111001100"
    },
    {
      "edge_index": 12,
      "new_external": "0011101001011011001100",
      "old_external": "0001101011010111001100",
      "owner": "0001101011011011001100",
      "upper_untouched_mate": "0001101011111011001100"
    },
    {
      "edge_index": 12,
      "new_external": "1011100001011011001100",
      "old_external": "0011101001011011001100",
      "owner": "0011100011011011001100",
      "upper_untouched_mate": "0011100011111011001100"
    },
    {
      "edge_index": 12,
      "new_external": "1000100011011111001100",
      "old_external": "1011100001011011001100",
      "owner": "1010100011011011001100",
      "upper_untouched_mate": "1010100011111011001100"
    },
    {
      "edge_index": 12,
      "new_external": "0010100011011111000101",
      "old_external": "1000100011011111001100",
      "owner": "0010100011011111001100",
      "upper_untouched_mate": "0010100011011111011100"
    },
    {
      "edge_index": 12,
      "new_external": "0010100011111011001001",
      "old_external": "0010100011011111000101",
      "owner": "0010100011011111001001",
      "upper_untouched_mate": "0010100011011111011001"
    },
    {
      "edge_index": 12,
      "new_external": "0010100011110111011000",
      "old_external": "0010100011111011001001",
      "owner": "0010100011111111001000",
      "upper_untouched_mate": "1010100011111111001000"
    },
    {
      "edge_index": 12,
      "new_external": "0011000011111011011000",
      "old_external": "0010100011110111011000",
      "owner": "0010100011111011011000",
      "upper_untouched_mate": "1010100011111011011000"
    },
    {
      "edge_index": 12,
      "new_external": "1011100001011011011000",
      "old_external": "0011000011111011011000",
      "owner": "0011100011011011011000",
      "upper_untouched_mate": "0011101011011011011000"
    },
    {
      "edge_index": 13,
      "new_external": "1000100011011110111000",
      "old_external": "1011100001011110110000",
      "owner": "1010100011011110110000",
      "upper_untouched_mate": "1010100011111110110000"
    },
    {
      "edge_index": 13,
      "new_external": "0010100011011110101001",
      "old_external": "1000100011011110111000",
      "owner": "0010100011011110111000",
      "upper_untouched_mate": "0010100011011111111000"
    },
    {
      "edge_index": 13,
      "new_external": "0010100011111110001001",
      "old_external": "0010100011011110101001",
      "owner": "0010100011011110011001",
      "upper_untouched_mate": "0010100011011110011101"
    },
    {
      "edge_index": 13,
      "new_external": "0011000011111110011000",
      "old_external": "0010100011111110001001",
      "owner": "0010100011111110011000",
      "upper_untouched_mate": "1010100011111110011000"
    },
    {
      "edge_index": 13,
      "new_external": "1011100001011110011000",
      "old_external": "0011000011111110011000",
      "owner": "0011100011011110011000",
      "upper_untouched_mate": "0011101011011110011000"
    },
    {
      "edge_index": 13,
      "new_external": "1000100011011111011000",
      "old_external": "1011100001011110011000",
      "owner": "1010100011011110011000",
      "upper_untouched_mate": "1010100011111110011000"
    },
    {
      "edge_index": 13,
      "new_external": "0010100011011111001100",
      "old_external": "1000100011011111011000",
      "owner": "0010100011011111011000",
      "upper_untouched_mate": "0010100011011111011001"
    },
    {
      "edge_index": 13,
      "new_external": "0010100011011110011001",
      "old_external": "0010100011011111001100",
      "owner": "0010100011011110011100",
      "upper_untouched_mate": "0010100011011110111100"
    },
    {
      "edge_index": 13,
      "new_external": "0010100011111110010100",
      "old_external": "0010100011011110011001",
      "owner": "0010100011011110010101",
      "upper_untouched_mate": "0010100011011110010111"
    },
    {
      "edge_index": 13,
      "new_external": "0010100011111010110001",
      "old_external": "0010100011111110010100",
      "owner": "0010100011111110010001",
      "upper_untouched_mate": "0010100011111110010011"
    },
    {
      "edge_index": 13,
      "new_external": "0011000011111110110000",
      "old_external": "0010100011111010110001",
      "owner": "0010100011111110110000",
      "upper_untouched_mate": "1010100011111110110000"
    },
    {
      "edge_index": 13,
      "new_external": "1011100001011110110000",
      "old_external": "0011000011111110110000",
      "owner": "0011100011011110110000",
      "upper_untouched_mate": "0011101011011110110000"
    },
    {
      "edge_index": 14,
      "new_external": "1000010101011011111000",
      "old_external": "1010100101011011011000",
      "owner": "1010010101011011011000",
      "upper_untouched_mate": "1010011101011011011000"
    },
    {
      "edge_index": 14,
      "new_external": "0010010101011101111000",
      "old_external": "1000010101011011111000",
      "owner": "0010010101011011111000",
      "upper_untouched_mate": "0010010101011011111001"
    },
    {
      "edge_index": 14,
      "new_external": "0010011101010110111000",
      "old_external": "0010010101011101111000",
      "owner": "0010010101011110111000",
      "upper_untouched_mate": "1010010101011110111000"
    },
    {
      "edge_index": 14,
      "new_external": "1010011001011010111000",
      "old_external": "0010011101010110111000",
      "owner": "0010011101011010111000",
      "upper_untouched_mate": "0010011101111010111000"
    },
    {
      "edge_index": 14,
      "new_external": "1000010101111010111000",
      "old_external": "1010011001011010111000",
      "owner": "1010010101011010111000",
      "upper_untouched_mate": "1010110101011010111000"
    },
    {
      "edge_index": 14,
      "new_external": "0010010101111000111001",
      "old_external": "1000010101111010111000",
      "owner": "0010010101111010111000",
      "upper_untouched_mate": "0010010101111110111000"
    },
    {
      "edge_index": 14,
      "new_external": "0010110101111010001001",
      "old_external": "0010010101111000111001",
      "owner": "0010010101111010011001",
      "upper_untouched_mate": "0010010101111011011001"
    },
    {
      "edge_index": 14,
      "new_external": "0010110101101011011000",
      "old_external": "0010110101111010001001",
      "owner": "0010110101111010011000",
      "upper_untouched_mate": "0010110111111010011000"
    },
    {
      "edge_index": 14,
      "new_external": "1010100101011011011000",
      "old_external": "0010110101101011011000",
      "owner": "0010110101011011011000",
      "upper_untouched_mate": "0010110101011111011000"
    },
    {
      "edge_index": 15,
      "new_external": "1000010101011111110000",
      "old_external": "1010100101011110110000",
      "owner": "1010010101011110110000",
      "upper_untouched_mate": "1010011101011110110000"
    },
    {
      "edge_index": 15,
      "new_external": "0010011101010111110000",
      "old_external": "1000010101011111110000",
      "owner": "0010010101011111110000",
      "upper_untouched_mate": "0010010101011111110001"
    },
    {
      "edge_index": 15,
      "new_external": "0010011101011010110001",
      "old_external": "0010011101010111110000",
      "owner": "0010011101011011110000",
      "upper_untouched_mate": "0010011101111011110000"
    },
    {
      "edge_index": 15,
      "new_external": "0010011101011100110001",
      "old_external": "0010011101011010110001",
      "owner": "0010011101011001110001",
      "upper_untouched_mate": "0010011101011001110101"
    },
    {
      "edge_index": 15,
      "new_external": "1010011001011101110000",
      "old_external": "0010011101011100110001",
      "owner": "0010011101011101110000",
      "upper_untouched_mate": "0010011101111101110000"
    },
    {
      "edge_index": 15,
      "new_external": "1000010101111101110000",
      "old_external": "1010011001011101110000",
      "owner": "1010010101011101110000",
      "upper_untouched_mate": "1010110101011101110000"
    },
    {
      "edge_index": 15,
      "new_external": "0010010101110111110000",
      "old_external": "1000010101111101110000",
      "owner": "0010010101111101110000",
      "upper_untouched_mate": "0010010101111101110001"
    },
    {
      "edge_index": 15,
      "new_external": "0010010101111001110001",
      "old_external": "0010010101110111110000",
      "owner": "0010010101111011110000",
      "upper_untouched_mate": "1010010101111011110000"
    },
    {
      "edge_index": 15,
      "new_external": "0010110101101010110001",
      "old_external": "0010010101111001110001",
      "owner": "0010010101111010110001",
      "upper_untouched_mate": "0010010101111110110001"
    },
    {
      "edge_index": 15,
      "new_external": "0010110101101110110000",
      "old_external": "0010110101101010110001",
      "owner": "0010110101111010110000",
      "upper_untouched_mate": "0010110111111010110000"
    },
    {
      "edge_index": 15,
      "new_external": "1010100101011110110000",
      "old_external": "0010110101101110110000",
      "owner": "0010110101011110110000",
      "upper_untouched_mate": "0010110101011110110001"
    },
    {
      "edge_index": 16,
      "new_external": "1000010011011111010100",
      "old_external": "1000011011011011010100",
      "owner": "1010010011011011010100",
      "upper_untouched_mate": "1010010111011011010100"
    },
    {
      "edge_index": 16,
      "new_external": "0010010011011111000110",
      "old_external": "1000010011011111010100",
      "owner": "0010010011011111010100",
      "upper_untouched_mate": "0010010011011111010101"
    },
    {
      "edge_index": 16,
      "new_external": "0010011011010111010010",
      "old_external": "0010010011011111000110",
      "owner": "0010010011011111010010",
      "upper_untouched_mate": "1010010011011111010010"
    },
    {
      "edge_index": 16,
      "new_external": "1000011011011011010010",
      "old_external": "0010011011010111010010",
      "owner": "0010011011011011010010",
      "upper_untouched_mate": "0010011011111011010010"
    },
    {
      "edge_index": 16,
      "new_external": "1000010011111011010010",
      "old_external": "1000011011011011010010",
      "owner": "1010010011011011010010",
      "upper_untouched_mate": "1010010111011011010010"
    },
    {
      "edge_index": 16,
      "new_external": "0010010011111011000011",
      "old_external": "1000010011111011010010",
      "owner": "0010010011111011010010",
      "upper_untouched_mate": "0010010011111111010010"
    },
    {
      "edge_index": 16,
      "new_external": "0010011011111010000011",
      "old_external": "0010010011111011000011",
      "owner": "0010010011111010010011",
      "upper_untouched_mate": "0010010011111010110011"
    },
    {
      "edge_index": 16,
      "new_external": "0010011011101011010001",
      "old_external": "0010011011111010000011",
      "owner": "0010011011111010010001",
      "upper_untouched_mate": "0010011011111010010101"
    },
    {
      "edge_index": 16,
      "new_external": "0010011011101011010100",
      "old_external": "0010011011101011010001",
      "owner": "0010011011111011010000",
      "upper_untouched_mate": "1010011011111011010000"
    },
    {
      "edge_index": 16,
      "new_external": "1000011011011011010100",
      "old_external": "0010011011101011010100",
      "owner": "0010011011011011010100",
      "upper_untouched_mate": "0010011011011111010100"
    },
    {
      "edge_index": 17,
      "new_external": "1000110011010110101100",
      "old_external": "1000111001011110101000",
      "owner": "1000110011011110101000",
      "upper_untouched_mate": "1010110011011110101000"
    },
    {
      "edge_index": 17,
      "new_external": "0000110011011110001101",
      "old_external": "1000110011010110101100",
      "owner": "0000110011011110101100",
      "upper_untouched_mate": "0000110011011111101100"
    },
    {
      "edge_index": 17,
      "new_external": "0000110111011110100001",
      "old_external": "0000110011011110001101",
      "owner": "0000110011011110100101",
      "upper_untouched_mate": "0000110011011110110101"
    },
    {
      "edge_index": 17,
      "new_external": "0000111111001110100100",
      "old_external": "0000110111011110100001",
      "owner": "0000110111011110100100",
      "upper_untouched_mate": "0000110111111110100100"
    },
    {
      "edge_index": 17,
      "new_external": "1000110110011110100100",
      "old_external": "0000111111001110100100",
      "owner": "0000111110011110100100",
      "upper_untouched_mate": "0000111110111110100100"
    },
    {
      "edge_index": 17,
      "new_external": "1000111001011110100100",
      "old_external": "1000110110011110100100",
      "owner": "1000111010011110100100",
      "upper_untouched_mate": "1010111010011110100100"
    },
    {
      "edge_index": 17,
      "new_external": "1000110011010110110100",
      "old_external": "1000111001011110100100",
      "owner": "1000110011011110100100",
      "upper_untouched_mate": "1010110011011110100100"
    },
    {
      "edge_index": 17,
      "new_external": "0000110011011110100101",
      "old_external": "1000110011010110110100",
      "owner": "0000110011011110110100",
      "upper_untouched_mate": "0000110011011111110100"
    },
    {
      "edge_index": 17,
      "new_external": "0000110011011110011001",
      "old_external": "0000110011011110100101",
      "owner": "0000110011011110110001",
      "upper_untouched_mate": "0000110011011111110001"
    },
    {
      "edge_index": 17,
      "new_external": "0000110111011010101001",
      "old_external": "0000110011011110011001",
      "owner": "0000110011011110101001",
      "upper_untouched_mate": "0000110011011111101001"
    },
    {
      "edge_index": 17,
      "new_external": "0000111111001110101000",
      "old_external": "0000110111011010101001",
      "owner": "0000110111011110101000",
      "upper_untouched_mate": "0000110111111110101000"
    },
    {
      "edge_index": 17,
      "new_external": "1000110110011110101000",
      "old_external": "0000111111001110101000",
      "owner": "0000111110011110101000",
      "upper_untouched_mate": "0000111110111110101000"
    },
    {
      "edge_index": 17,
      "new_external": "1000111001011110101000",
      "old_external": "1000110110011110101000",
      "owner": "1000111010011110101000",
      "upper_untouched_mate": "1010111010011110101000"
    },
    {
      "edge_index": 18,
      "new_external": "1000110011010011110100",
      "old_external": "1000111001011011010100",
      "owner": "1000110011011011010100",
      "upper_untouched_mate": "1010110011011011010100"
    },
    {
      "edge_index": 18,
      "new_external": "0000111011010011110100",
      "old_external": "1000110011010011110100",
      "owner": "0000110011011011110100",
      "upper_untouched_mate": "0000110011011011110101"
    },
    {
      "edge_index": 18,
      "new_external": "0000111111001001110100",
      "old_external": "0000111011010011110100",
      "owner": "0000111011011001110100",
      "upper_untouched_mate": "0000111011011101110100"
    },
    {
      "edge_index": 18,
      "new_external": "0100110111011000110100",
      "old_external": "0000111111001001110100",
      "owner": "0000111111011000110100",
      "upper_untouched_mate": "1000111111011000110100"
    },
    {
      "edge_index": 18,
      "new_external": "1100011011011000110100",
      "old_external": "0100110111011000110100",
      "owner": "0100111011011000110100",
      "upper_untouched_mate": "0110111011011000110100"
    },
    {
      "edge_index": 18,
      "new_external": "1000111001011010110100",
      "old_external": "1100011011011000110100",
      "owner": "1000111011011000110100",
      "upper_untouched_mate": "1010111011011000110100"
    },
    {
      "edge_index": 18,
      "new_external": "1000100011111010110100",
      "old_external": "1000111001011010110100",
      "owner": "1000110011011010110100",
      "upper_untouched_mate": "1010110011011010110100"
    },
    {
      "edge_index": 18,
      "new_external": "0000110011111010100101",
      "old_external": "1000100011111010110100",
      "owner": "0000110011111010110100",
      "upper_untouched_mate": "0000110011111110110100"
    },
    {
      "edge_index": 18,
      "new_external": "0000110111111010010001",
      "old_external": "0000110011111010100101",
      "owner": "0000110011111010010101",
      "upper_untouched_mate": "0000110011111010011101"
    },
    {
      "edge_index": 18,
      "new_external": "0000110111101011010100",
      "old_external": "0000110111111010010001",
      "owner": "0000110111111010010100",
      "upper_untouched_mate": "1000110111111010010100"
    },
    {
      "edge_index": 18,
      "new_external": "0000111111001011010100",
      "old_external": "0000110111101011010100",
      "owner": "0000110111011011010100",
      "upper_untouched_mate": "0000110111011111010100"
    },
    {
      "edge_index": 18,
      "new_external": "1000110110011011010100",
      "old_external": "0000111111001011010100",
      "owner": "0000111110011011010100",
      "upper_untouched_mate": "0000111110111011010100"
    },
    {
      "edge_index": 18,
      "new_external": "1000111001011011010100",
      "old_external": "1000110110011011010100",
      "owner": "1000111010011011010100",
      "upper_untouched_mate": "1010111010011011010100"
    },
    {
      "edge_index": 19,
      "new_external": "1000100011011111101000",
      "old_external": "1011100001011110101000",
      "owner": "1010100011011110101000",
      "upper_untouched_mate": "1010100011111110101000"
    },
    {
      "edge_index": 19,
      "new_external": "0010101011010111101000",
      "old_external": "1000100011011111101000",
      "owner": "0010100011011111101000",
      "upper_untouched_mate": "0010100011011111101001"
    },
    {
      "edge_index": 19,
      "new_external": "0010101011011010101001",
      "old_external": "0010101011010111101000",
      "owner": "0010101011011011101000",
      "upper_untouched_mate": "0010101011111011101000"
    },
    {
      "edge_index": 19,
      "new_external": "0010101011011100101001",
      "old_external": "0010101011011010101001",
      "owner": "0010101011011001101001",
      "upper_untouched_mate": "0010101011011001111001"
    },
    {
      "edge_index": 19,
      "new_external": "0011101001011101101000",
      "old_external": "0010101011011100101001",
      "owner": "0010101011011101101000",
      "upper_untouched_mate": "0010101011111101101000"
    },
    {
      "edge_index": 19,
      "new_external": "1011100001011101101000",
      "old_external": "0011101001011101101000",
      "owner": "0011100011011101101000",
      "upper_untouched_mate": "0011100011111101101000"
    },
    {
      "edge_index": 19,
      "new_external": "1010001011011101101000",
      "old_external": "1011100001011101101000",
      "owner": "1010100011011101101000",
      "upper_untouched_mate": "1010100011111101101000"
    },
    {
      "edge_index": 19,
      "new_external": "1000101011010111101000",
      "old_external": "1010001011011101101000",
      "owner": "1000101011011101101000",
      "upper_untouched_mate": "1000101011111101101000"
    },
    {
      "edge_index": 19,
      "new_external": "0000101011011101111000",
      "old_external": "1000101011010111101000",
      "owner": "0000101011011111101000",
      "upper_untouched_mate": "0000101011011111101001"
    },
    {
      "edge_index": 19,
      "new_external": "0000101011011110011001",
      "old_external": "0000101011011101111000",
      "owner": "0000101011011110111000",
      "upper_untouched_mate": "1000101011011110111000"
    },
    {
      "edge_index": 19,
      "new_external": "0010101011011010101001",
      "old_external": "0000101011011110011001",
      "owner": "0000101011011110101001",
      "upper_untouched_mate": "0000101011011111101001"
    },
    {
      "edge_index": 19,
      "new_external": "0011101001011110101000",
      "old_external": "0010101011011010101001",
      "owner": "0010101011011110101000",
      "upper_untouched_mate": "0010101011111110101000"
    },
    {
      "edge_index": 19,
      "new_external": "1011100001011110101000",
      "old_external": "0011101001011110101000",
      "owner": "0011100011011110101000",
      "upper_untouched_mate": "0011100011111110101000"
    },
    {
      "edge_index": 20,
      "new_external": "1010001011011011010010",
      "old_external": "1011100001011011010010",
      "owner": "1010100011011011010010",
      "upper_untouched_mate": "1010100011111011010010"
    },
    {
      "edge_index": 20,
      "new_external": "1000101011010111010010",
      "old_external": "1010001011011011010010",
      "owner": "1000101011011011010010",
      "upper_untouched_mate": "1000101011111011010010"
    },
    {
      "edge_index": 20,
      "new_external": "0000101011011110011010",
      "old_external": "1000101011010111010010",
      "owner": "0000101011011111010010",
      "upper_untouched_mate": "0000101011011111010110"
    },
    {
      "edge_index": 20,
      "new_external": "0010101011010111001010",
      "old_external": "0000101011011110011010",
      "owner": "0000101011011111001010",
      "upper_untouched_mate": "1000101011011111001010"
    },
    {
      "edge_index": 20,
      "new_external": "0011101001011011001010",
      "old_external": "0010101011010111001010",
      "owner": "0010101011011011001010",
      "upper_untouched_mate": "0010101011111011001010"
    },
    {
      "edge_index": 20,
      "new_external": "1011100001011011001010",
      "old_external": "0011101001011011001010",
      "owner": "0011100011011011001010",
      "upper_untouched_mate": "0011100011111011001010"
    },
    {
      "edge_index": 20,
      "new_external": "1000100011011111001010",
      "old_external": "1011100001011011001010",
      "owner": "1010100011011011001010",
      "upper_untouched_mate": "1010100011111011001010"
    },
    {
      "edge_index": 20,
      "new_external": "0010100011011110001110",
      "old_external": "1000100011011111001010",
      "owner": "0010100011011111001010",
      "upper_untouched_mate": "0010100011011111011010"
    },
    {
      "edge_index": 20,
      "new_external": "0010101011011011000110",
      "old_external": "0010100011011110001110",
      "owner": "0010100011011111000110",
      "upper_untouched_mate": "0010100011011111010110"
    },
    {
      "edge_index": 20,
      "new_external": "0010101011010111010010",
      "old_external": "0010101011011011000110",
      "owner": "0010101011011111000010",
      "upper_untouched_mate": "0010101011111111000010"
    },
    {
      "edge_index": 20,
      "new_external": "0011101001011011010010",
      "old_external": "0010101011010111010010",
      "owner": "0010101011011011010010",
      "upper_untouched_mate": "0010101011111011010010"
    },
    {
      "edge_index": 20,
      "new_external": "1011100001011011010010",
      "old_external": "0011101001011011010010",
      "owner": "0011100011011011010010",
      "upper_untouched_mate": "0011100011111011010010"
    },
    {
      "edge_index": 21,
      "new_external": "1000010101011110101100",
      "old_external": "1010011001011110100100",
      "owner": "1010010101011110100100",
      "upper_untouched_mate": "1010110101011110100100"
    },
    {
      "edge_index": 21,
      "new_external": "0010010101011110100101",
      "old_external": "1000010101011110101100",
      "owner": "0010010101011110101100",
      "upper_untouched_mate": "0010010101011111101100"
    },
    {
      "edge_index": 21,
      "new_external": "0010010101011110011001",
      "old_external": "0010010101011110100101",
      "owner": "0010010101011110001101",
      "upper_untouched_mate": "0010010101011110001111"
    },
    {
      "edge_index": 21,
      "new_external": "0010011101011110010001",
      "old_external": "0010010101011110011001",
      "owner": "0010010101011110010101",
      "upper_untouched_mate": "0010010101011110010111"
    },
    {
      "edge_index": 21,
      "new_external": "1010011001011110010100",
      "old_external": "0010011101011110010001",
      "owner": "0010011101011110010100",
      "upper_untouched_mate": "0010011101111110010100"
    },
    {
      "edge_index": 21,
      "new_external": "1000010101011110110100",
      "old_external": "1010011001011110010100",
      "owner": "1010010101011110010100",
      "upper_untouched_mate": "1010110101011110010100"
    },
    {
      "edge_index": 21,
      "new_external": "0010010101011110110001",
      "old_external": "1000010101011110110100",
      "owner": "0010010101011110110100",
      "upper_untouched_mate": "0010010101011111110100"
    },
    {
      "edge_index": 21,
      "new_external": "0010011101011110100001",
      "old_external": "0010010101011110110001",
      "owner": "0010010101011110100101",
      "upper_untouched_mate": "0010010101011110101101"
    },
    {
      "edge_index": 21,
      "new_external": "1010011001011110100100",
      "old_external": "0010011101011110100001",
      "owner": "0010011101011110100100",
      "upper_untouched_mate": "0010011101111110100100"
    },
    {
      "edge_index": 22,
      "new_external": "1000010101011011101010",
      "old_external": "1010011001011011001010",
      "owner": "1010010101011011001010",
      "upper_untouched_mate": "1010110101011011001010"
    },
    {
      "edge_index": 22,
      "new_external": "0010010101011101101010",
      "old_external": "1000010101011011101010",
      "owner": "0010010101011011101010",
      "upper_untouched_mate": "0010010101011011111010"
    },
    {
      "edge_index": 22,
      "new_external": "0010110101010110101010",
      "old_external": "0010010101011101101010",
      "owner": "0010010101011110101010",
      "upper_untouched_mate": "1010010101011110101010"
    },
    {
      "edge_index": 22,
      "new_external": "1010100101011010101010",
      "old_external": "0010110101010110101010",
      "owner": "0010110101011010101010",
      "upper_untouched_mate": "0010110101111010101010"
    },
    {
      "edge_index": 22,
      "new_external": "1000010101011010111010",
      "old_external": "1010100101011010101010",
      "owner": "1010010101011010101010",
      "upper_untouched_mate": "1010011101011010101010"
    },
    {
      "edge_index": 22,
      "new_external": "0010010101011100111010",
      "old_external": "1000010101011010111010",
      "owner": "0010010101011010111010",
      "upper_untouched_mate": "0010010101011010111110"
    },
    {
      "edge_index": 22,
      "new_external": "0010011101011010011010",
      "old_external": "0010010101011100111010",
      "owner": "0010010101011110011010",
      "upper_untouched_mate": "0010010101011111011010"
    },
    {
      "edge_index": 22,
      "new_external": "0010011101010111001010",
      "old_external": "0010011101011010011010",
      "owner": "0010011101011110001010",
      "upper_untouched_mate": "0010011101111110001010"
    },
    {
      "edge_index": 22,
      "new_external": "1010011001011011001010",
      "old_external": "0010011101010111001010",
      "owner": "0010011101011011001010",
      "upper_untouched_mate": "0010011101111011001010"
    },
    {
      "edge_index": 23,
      "new_external": "1000110011010111010100",
      "old_external": "1000111001011110010100",
      "owner": "1000110011011110010100",
      "upper_untouched_mate": "1010110011011110010100"
    },
    {
      "edge_index": 23,
      "new_external": "0000111011010111010100",
      "old_external": "1000110011010111010100",
      "owner": "0000110011011111010100",
      "upper_untouched_mate": "0000110011011111010101"
    },
    {
      "edge_index": 23,
      "new_external": "0010111001011011010100",
      "old_external": "0000111011010111010100",
      "owner": "0000111011011011010100",
      "upper_untouched_mate": "0000111011111011010100"
    },
    {
      "edge_index": 23,
      "new_external": "0010111010011010010101",
      "old_external": "0010111001011011010100",
      "owner": "0010111010011011010100",
      "upper_untouched_mate": "0010111110011011010100"
    },
    {
      "edge_index": 23,
      "new_external": "0010111110011001010001",
      "old_external": "0010111010011010010101",
      "owner": "0010111010011001010101",
      "upper_untouched_mate": "0010111010011001110101"
    },
    {
      "edge_index": 23,
      "new_external": "0010111110001101010100",
      "old_external": "0010111110011001010001",
      "owner": "0010111110011001010100",
      "upper_untouched_mate": "1010111110011001010100"
    },
    {
      "edge_index": 23,
      "new_external": "1010011010011101010100",
      "old_external": "0010111110001101010100",
      "owner": "0010111010011101010100",
      "upper_untouched_mate": "0010111011011101010100"
    },
    {
      "edge_index": 23,
      "new_external": "1000111001011101010100",
      "old_external": "1010011010011101010100",
      "owner": "1000111010011101010100",
      "upper_untouched_mate": "1000111110011101010100"
    },
    {
      "edge_index": 23,
      "new_external": "1000110110011101010100",
      "old_external": "1000111001011101010100",
      "owner": "1000110011011101010100",
      "upper_untouched_mate": "1010110011011101010100"
    },
    {
      "edge_index": 23,
      "new_external": "1000110101010111010100",
      "old_external": "1000110110011101010100",
      "owner": "1000110101011101010100",
      "upper_untouched_mate": "1000110101111101010100"
    },
    {
      "edge_index": 23,
      "new_external": "0000110101011111001100",
      "old_external": "1000110101010111010100",
      "owner": "0000110101011111010100",
      "upper_untouched_mate": "0000110101011111010101"
    },
    {
      "edge_index": 23,
      "new_external": "0000110101011110011001",
      "old_external": "0000110101011111001100",
      "owner": "0000110101011110011100",
      "upper_untouched_mate": "0000110101011110111100"
    },
    {
      "edge_index": 23,
      "new_external": "0000110111011110010001",
      "old_external": "0000110101011110011001",
      "owner": "0000110101011110010101",
      "upper_untouched_mate": "0000110101011110010111"
    },
    {
      "edge_index": 23,
      "new_external": "0000111111001110010100",
      "old_external": "0000110111011110010001",
      "owner": "0000110111011110010100",
      "upper_untouched_mate": "0000110111111110010100"
    },
    {
      "edge_index": 23,
      "new_external": "1000110110011110010100",
      "old_external": "0000111111001110010100",
      "owner": "0000111110011110010100",
      "upper_untouched_mate": "0000111110111110010100"
    },
    {
      "edge_index": 23,
      "new_external": "1000111001011110010100",
      "old_external": "1000110110011110010100",
      "owner": "1000111010011110010100",
      "upper_untouched_mate": "1010111010011110010100"
    },
    {
      "edge_index": 24,
      "new_external": "1000010011111010110100",
      "old_external": "1000011011011010110100",
      "owner": "1010010011011010110100",
      "upper_untouched_mate": "1010010111011010110100"
    },
    {
      "edge_index": 24,
      "new_external": "0010010011111000110110",
      "old_external": "1000010011111010110100",
      "owner": "0010010011111010110100",
      "upper_untouched_mate": "0010010011111110110100"
    },
    {
      "edge_index": 24,
      "new_external": "0010010111111010000110",
      "old_external": "0010010011111000110110",
      "owner": "0010010011111010010110",
      "upper_untouched_mate": "0010010011111011010110"
    },
    {
      "edge_index": 24,
      "new_external": "0010010111101010110010",
      "old_external": "0010010111111010000110",
      "owner": "0010010111111010010010",
      "upper_untouched_mate": "1010010111111010010010"
    },
    {
      "edge_index": 24,
      "new_external": "1000010111011010110010",
      "old_external": "0010010111101010110010",
      "owner": "0010010111011010110010",
      "upper_untouched_mate": "0010010111011110110010"
    },
    {
      "edge_index": 24,
      "new_external": "1000010011011011110010",
      "old_external": "1000010111011010110010",
      "owner": "1010010011011010110010",
      "upper_untouched_mate": "1010011011011010110010"
    },
    {
      "edge_index": 24,
      "new_external": "0010010011011011100011",
      "old_external": "1000010011011011110010",
      "owner": "0010010011011011110010",
      "upper_untouched_mate": "0010010011011011110110"
    },
    {
      "edge_index": 24,
      "new_external": "0010010011011111110000",
      "old_external": "0010010011011011100011",
      "owner": "0010010011011011110001",
      "upper_untouched_mate": "0010010011011011110101"
    },
    {
      "edge_index": 24,
      "new_external": "0010011011011010110001",
      "old_external": "0010010011011111110000",
      "owner": "0010010011011110110001",
      "upper_untouched_mate": "0010010011011110110101"
    },
    {
      "edge_index": 24,
      "new_external": "0010011011010110110100",
      "old_external": "0010011011011010110001",
      "owner": "0010011011011110110000",
      "upper_untouched_mate": "0010011011111110110000"
    },
    {
      "edge_index": 24,
      "new_external": "1000011011011010110100",
      "old_external": "0010011011010110110100",
      "owner": "0010011011011010110100",
      "upper_untouched_mate": "0010011011111010110100"
    },
    {
      "edge_index": 25,
      "new_external": "1000010101011111101000",
      "old_external": "1010011001011101101000",
      "owner": "1010010101011101101000",
      "upper_untouched_mate": "1010110101011101101000"
    },
    {
      "edge_index": 25,
      "new_external": "0010010101011110101100",
      "old_external": "1000010101011111101000",
      "owner": "0010010101011111101000",
      "upper_untouched_mate": "0010010101011111101001"
    },
    {
      "edge_index": 25,
      "new_external": "0010010101011101101001",
      "old_external": "0010010101011110101100",
      "owner": "0010010101011101101100",
      "upper_untouched_mate": "0010010101011101111100"
    },
    {
      "edge_index": 25,
      "new_external": "0010011101011101100001",
      "old_external": "0010010101011101101001",
      "owner": "0010010101011101100101",
      "upper_untouched_mate": "0010010101011101100111"
    },
    {
      "edge_index": 25,
      "new_external": "1010011001011101100100",
      "old_external": "0010011101011101100001",
      "owner": "0010011101011101100100",
      "upper_untouched_mate": "0010011101111101100100"
    },
    {
      "edge_index": 25,
      "new_external": "1000010101011101101100",
      "old_external": "1010011001011101100100",
      "owner": "1010010101011101100100",
      "upper_untouched_mate": "1010110101011101100100"
    },
    {
      "edge_index": 25,
      "new_external": "1000010101010101111100",
      "old_external": "1000010101011101101100",
      "owner": "1010010101010101101100",
      "upper_untouched_mate": "1010010101110101101100"
    },
    {
      "edge_index": 25,
      "new_external": "0010011101010101011100",
      "old_external": "1000010101010101111100",
      "owner": "0010010101010101111100",
      "upper_untouched_mate": "0010010101010101111101"
    },
    {
      "edge_index": 25,
      "new_external": "0010011101010101100101",
      "old_external": "0010011101010101011100",
      "owner": "0010011101010101101100",
      "upper_untouched_mate": "0010011101010111101100"
    },
    {
      "edge_index": 25,
      "new_external": "0010011101011100101001",
      "old_external": "0010011101010101100101",
      "owner": "0010011101010101101001",
      "upper_untouched_mate": "0010011101010101111001"
    },
    {
      "edge_index": 25,
      "new_external": "1010011001011101101000",
      "old_external": "0010011101011100101001",
      "owner": "0010011101011101101000",
      "upper_untouched_mate": "0010011101111101101000"
    },
    {
      "edge_index": 26,
      "new_external": "1000010101111100111000",
      "old_external": "1010011001011100111000",
      "owner": "1010010101011100111000",
      "upper_untouched_mate": "1010110101011100111000"
    },
    {
      "edge_index": 26,
      "new_external": "0010010101111000111100",
      "old_external": "1000010101111100111000",
      "owner": "0010010101111100111000",
      "upper_untouched_mate": "0010010101111101111000"
    },
    {
      "edge_index": 26,
      "new_external": "0010011101101100011100",
      "old_external": "0010010101111000111100",
      "owner": "0010010101111100011100",
      "upper_untouched_mate": "0010010101111101011100"
    },
    {
      "edge_index": 26,
      "new_external": "0010011101101100101100",
      "old_external": "0010011101101100011100",
      "owner": "0010011101111100001100",
      "upper_untouched_mate": "0010011111111100001100"
    },
    {
      "edge_index": 26,
      "new_external": "1010011001011100101100",
      "old_external": "0010011101101100101100",
      "owner": "0010011101011100101100",
      "upper_untouched_mate": "0010011101011101101100"
    },
    {
      "edge_index": 26,
      "new_external": "1000010101111100101100",
      "old_external": "1010011001011100101100",
      "owner": "1010010101011100101100",
      "upper_untouched_mate": "1010110101011100101100"
    },
    {
      "edge_index": 26,
      "new_external": "0010010101111100001101",
      "old_external": "1000010101111100101100",
      "owner": "0010010101111100101100",
      "upper_untouched_mate": "0010010101111101101100"
    },
    {
      "edge_index": 26,
      "new_external": "0010011101111100100100",
      "old_external": "0010010101111100001101",
      "owner": "0010010101111100100101",
      "upper_untouched_mate": "0010010101111100110101"
    },
    {
      "edge_index": 26,
      "new_external": "0010011101101100101001",
      "old_external": "0010011101111100100100",
      "owner": "0010011101111100100001",
      "upper_untouched_mate": "0010011101111100100011"
    },
    {
      "edge_index": 26,
      "new_external": "0010011101101100111000",
      "old_external": "0010011101101100101001",
      "owner": "0010011101111100101000",
      "upper_untouched_mate": "0010011111111100101000"
    },
    {
      "edge_index": 26,
      "new_external": "1010011001011100111000",
      "old_external": "0010011101101100111000",
      "owner": "0010011101011100111000",
      "upper_untouched_mate": "0010011101011101111000"
    },
    {
      "edge_index": 27,
      "new_external": "1000010011011111001010",
      "old_external": "1000010111011111000010",
      "owner": "1010010011011111000010",
      "upper_untouched_mate": "1010011011011111000010"
    },
    {
      "edge_index": 27,
      "new_external": "0010010011011110101010",
      "old_external": "1000010011011111001010",
      "owner": "0010010011011111001010",
      "upper_untouched_mate": "0010010011011111011010"
    },
    {
      "edge_index": 27,
      "new_external": "0010010011011101001110",
      "old_external": "0010010011011110101010",
      "owner": "0010010011011101101010",
      "upper_untouched_mate": "0010010011011101111010"
    },
    {
      "edge_index": 27,
      "new_external": "0010010111011100100110",
      "old_external": "0010010011011101001110",
      "owner": "0010010011011101100110",
      "upper_untouched_mate": "0010010011011101110110"
    },
    {
      "edge_index": 27,
      "new_external": "1000010111011101100010",
      "old_external": "0010010111011100100110",
      "owner": "0010010111011101100010",
      "upper_untouched_mate": "0010010111111101100010"
    },
    {
      "edge_index": 27,
      "new_external": "1000010011011111100010",
      "old_external": "1000010111011101100010",
      "owner": "1010010011011101100010",
      "upper_untouched_mate": "1010011011011101100010"
    },
    {
      "edge_index": 27,
      "new_external": "0010010011011101110010",
      "old_external": "1000010011011111100010",
      "owner": "0010010011011111100010",
      "upper_untouched_mate": "0010010011011111100110"
    },
    {
      "edge_index": 27,
      "new_external": "0010010011011110100110",
      "old_external": "0010010011011101110010",
      "owner": "0010010011011110110010",
      "upper_untouched_mate": "1010010011011110110010"
    },
    {
      "edge_index": 27,
      "new_external": "0010010111011110010010",
      "old_external": "0010010011011110100110",
      "owner": "0010010011011110010110",
      "upper_untouched_mate": "0010010011011110011110"
    },
    {
      "edge_index": 27,
      "new_external": "0010010111011011000110",
      "old_external": "0010010111011110010010",
      "owner": "0010010111011110000110",
      "upper_untouched_mate": "0010010111011110001110"
    },
    {
      "edge_index": 27,
      "new_external": "1000010111011111000010",
      "old_external": "0010010111011011000110",
      "owner": "0010010111011111000010",
      "upper_untouched_mate": "0010010111111111000010"
    },
    {
      "edge_index": 28,
      "new_external": "1000100011111100111000",
      "old_external": "1000111001011100111000",
      "owner": "1000110011011100111000",
      "upper_untouched_mate": "1010110011011100111000"
    },
    {
      "edge_index": 28,
      "new_external": "0000110011111000111010",
      "old_external": "1000100011111100111000",
      "owner": "0000110011111100111000",
      "upper_untouched_mate": "0000110011111101111000"
    },
    {
      "edge_index": 28,
      "new_external": "0100110011101100011010",
      "old_external": "0000110011111000111010",
      "owner": "0000110011111100011010",
      "upper_untouched_mate": "0000110011111101011010"
    },
    {
      "edge_index": 28,
      "new_external": "1100100011111100001010",
      "old_external": "0100110011101100011010",
      "owner": "0100110011111100001010",
      "upper_untouched_mate": "0100111011111100001010"
    },
    {
      "edge_index": 28,
      "new_external": "1100010011011100101010",
      "old_external": "1100100011111100001010",
      "owner": "1100010011111100001010",
      "upper_untouched_mate": "1100011011111100001010"
    },
    {
      "edge_index": 28,
      "new_external": "0000011011111100101010",
      "old_external": "1100010011011100101010",
      "owner": "1000010011111100101010",
      "upper_untouched_mate": "1010010011111100101010"
    },
    {
      "edge_index": 28,
      "new_external": "1000111001011100101010",
      "old_external": "0000011011111100101010",
      "owner": "1000011011011100101010",
      "upper_untouched_mate": "1010011011011100101010"
    },
    {
      "edge_index": 28,
      "new_external": "1000110011010101101010",
      "old_external": "1000111001011100101010",
      "owner": "1000110011011100101010",
      "upper_untouched_mate": "1010110011011100101010"
    },
    {
      "edge_index": 28,
      "new_external": "1000110011010001111010",
      "old_external": "1000110011010101101010",
      "owner": "1000110011011001101010",
      "upper_untouched_mate": "1000110011111001101010"
    },
    {
      "edge_index": 28,
      "new_external": "0000110011011001110011",
      "old_external": "1000110011010001111010",
      "owner": "0000110011011001111010",
      "upper_untouched_mate": "0000110011011001111110"
    },
    {
      "edge_index": 28,
      "new_external": "0000110011011101101001",
      "old_external": "0000110011011001110011",
      "owner": "0000110011011001111001",
      "upper_untouched_mate": "0000110011011001111101"
    },
    {
      "edge_index": 28,
      "new_external": "0000111011011001111000",
      "old_external": "0000110011011101101001",
      "owner": "0000110011011101111000",
      "upper_untouched_mate": "0000110011011111111000"
    },
    {
      "edge_index": 28,
      "new_external": "0000111111001100111000",
      "old_external": "0000111011011001111000",
      "owner": "0000111011011100111000",
      "upper_untouched_mate": "0000111011111100111000"
    },
    {
      "edge_index": 28,
      "new_external": "1000110110011100111000",
      "old_external": "0000111111001100111000",
      "owner": "0000111110011100111000",
      "upper_untouched_mate": "0000111110111100111000"
    },
    {
      "edge_index": 28,
      "new_external": "1000111001011100111000",
      "old_external": "1000110110011100111000",
      "owner": "1000111010011100111000",
      "upper_untouched_mate": "1010111010011100111000"
    },
    {
      "edge_index": 29,
      "new_external": "1000110011010111000110",
      "old_external": "1000111001011111000010",
      "owner": "1000110011011111000010",
      "upper_untouched_mate": "1010110011011111000010"
    },
    {
      "edge_index": 29,
      "new_external": "1000110011011010010110",
      "old_external": "1000110011010111000110",
      "owner": "1000110011011011000110",
      "upper_untouched_mate": "1000110011111011000110"
    },
    {
      "edge_index": 29,
      "new_external": "1000110011010001011110",
      "old_external": "1000110011011010010110",
      "owner": "1000110011011001010110",
      "upper_untouched_mate": "1000110011011001110110"
    },
    {
      "edge_index": 29,
      "new_external": "0000110111010001011110",
      "old_external": "1000110011010001011110",
      "owner": "0000110011011001011110",
      "upper_untouched_mate": "0000110011011001011111"
    },
    {
      "edge_index": 29,
      "new_external": "0000111111011001000110",
      "old_external": "0000110111010001011110",
      "owner": "0000110111011001010110",
      "upper_untouched_mate": "0000110111011001110110"
    },
    {
      "edge_index": 29,
      "new_external": "0000111111001101010010",
      "old_external": "0000111111011001000110",
      "owner": "0000111111011001010010",
      "upper_untouched_mate": "1000111111011001010010"
    },
    {
      "edge_index": 29,
      "new_external": "1000110110011101010010",
      "old_external": "0000111111001101010010",
      "owner": "0000111110011101010010",
      "upper_untouched_mate": "0000111110111101010010"
    },
    {
      "edge_index": 29,
      "new_external": "1000111001011101010010",
      "old_external": "1000110110011101010010",
      "owner": "1000111010011101010010",
      "upper_untouched_mate": "1010111010011101010010"
    },
    {
      "edge_index": 29,
      "new_external": "1000110011010111010010",
      "old_external": "1000111001011101010010",
      "owner": "1000110011011101010010",
      "upper_untouched_mate": "1010110011011101010010"
    },
    {
      "edge_index": 29,
      "new_external": "0000110111010111010010",
      "old_external": "1000110011010111010010",
      "owner": "0000110011011111010010",
      "upper_untouched_mate": "0000110011011111010110"
    },
    {
      "edge_index": 29,
      "new_external": "0000110111011010010110",
      "old_external": "0000110111010111010010",
      "owner": "0000110111011011010010",
      "upper_untouched_mate": "0000110111111011010010"
    },
    {
      "edge_index": 29,
      "new_external": "0000111111001011000110",
      "old_external": "0000110111011010010110",
      "owner": "0000110111011011000110",
      "upper_untouched_mate": "0000110111011111000110"
    },
    {
      "edge_index": 29,
      "new_external": "0000111111001111000010",
      "old_external": "0000111111001011000110",
      "owner": "0000111111011011000010",
      "upper_untouched_mate": "1000111111011011000010"
    },
    {
      "edge_index": 29,
      "new_external": "1000110110011111000010",
      "old_external": "0000111111001111000010",
      "owner": "0000111110011111000010",
      "upper_untouched_mate": "0000111110111111000010"
    },
    {
      "edge_index": 29,
      "new_external": "1000111001011111000010",
      "old_external": "1000110110011111000010",
      "owner": "1000111010011111000010",
      "upper_untouched_mate": "1010111010011111000010"
    },
    {
      "edge_index": 30,
      "new_external": "1000010101111100110100",
      "old_external": "1010100101011100110100",
      "owner": "1010010101011100110100",
      "upper_untouched_mate": "1010011101011100110100"
    },
    {
      "edge_index": 30,
      "new_external": "0010010101111100100101",
      "old_external": "1000010101111100110100",
      "owner": "0010010101111100110100",
      "upper_untouched_mate": "0010010101111101110100"
    },
    {
      "edge_index": 30,
      "new_external": "0010011101101100110001",
      "old_external": "0010010101111100100101",
      "owner": "0010010101111100110001",
      "upper_untouched_mate": "0010010101111101110001"
    },
    {
      "edge_index": 30,
      "new_external": "0010011101101100110010",
      "old_external": "0010011101101100110001",
      "owner": "0010011101111100110000",
      "upper_untouched_mate": "0010011111111100110000"
    },
    {
      "edge_index": 30,
      "new_external": "1010011001011100110010",
      "old_external": "0010011101101100110010",
      "owner": "0010011101011100110010",
      "upper_untouched_mate": "0010011101011101110010"
    },
    {
      "edge_index": 30,
      "new_external": "1000010101111100110010",
      "old_external": "1010011001011100110010",
      "owner": "1010010101011100110010",
      "upper_untouched_mate": "1010110101011100110010"
    },
    {
      "edge_index": 30,
      "new_external": "0010010101111100010011",
      "old_external": "1000010101111100110010",
      "owner": "0010010101111100110010",
      "upper_untouched_mate": "0010010101111101110010"
    },
    {
      "edge_index": 30,
      "new_external": "0010110101101100100011",
      "old_external": "0010010101111100010011",
      "owner": "0010010101111100100011",
      "upper_untouched_mate": "0010010101111101100011"
    },
    {
      "edge_index": 30,
      "new_external": "0010110101101100110001",
      "old_external": "0010110101101100100011",
      "owner": "0010110101111100100001",
      "upper_untouched_mate": "0010110101111100100101"
    },
    {
      "edge_index": 30,
      "new_external": "0010110101101100110100",
      "old_external": "0010110101101100110001",
      "owner": "0010110101111100110000",
      "upper_untouched_mate": "0010110111111100110000"
    },
    {
      "edge_index": 30,
      "new_external": "1010100101011100110100",
      "old_external": "0010110101101100110100",
      "owner": "0010110101011100110100",
      "upper_untouched_mate": "0010110101011101110100"
    },
    {
      "edge_index": 31,
      "new_external": "1010001011011110100010",
      "old_external": "1011100001011110100010",
      "owner": "1010100011011110100010",
      "upper_untouched_mate": "1010100011111110100010"
    },
    {
      "edge_index": 31,
      "new_external": "1000101011010110110010",
      "old_external": "1010001011011110100010",
      "owner": "1000101011011110100010",
      "upper_untouched_mate": "1000101011111110100010"
    },
    {
      "edge_index": 31,
      "new_external": "0000101011011110100110",
      "old_external": "1000101011010110110010",
      "owner": "0000101011011110110010",
      "upper_untouched_mate": "0000101011011111110010"
    },
    {
      "edge_index": 31,
      "new_external": "0010101011011110000110",
      "old_external": "0000101011011110100110",
      "owner": "0000101011011110010110",
      "upper_untouched_mate": "0000101011011110011110"
    },
    {
      "edge_index": 31,
      "new_external": "0011101001011110010010",
      "old_external": "0010101011011110000110",
      "owner": "0010101011011110010010",
      "upper_untouched_mate": "0010101011111110010010"
    },
    {
      "edge_index": 31,
      "new_external": "1011100001011110010010",
      "old_external": "0011101001011110010010",
      "owner": "0011100011011110010010",
      "upper_untouched_mate": "0011100011111110010010"
    },
    {
      "edge_index": 31,
      "new_external": "1000100011011110110010",
      "old_external": "1011100001011110010010",
      "owner": "1010100011011110010010",
      "upper_untouched_mate": "1010100011111110010010"
    },
    {
      "edge_index": 31,
      "new_external": "0010100011011110010110",
      "old_external": "1000100011011110110010",
      "owner": "0010100011011110110010",
      "upper_untouched_mate": "0010100011011111110010"
    },
    {
      "edge_index": 31,
      "new_external": "0010101011011010100110",
      "old_external": "0010100011011110010110",
      "owner": "0010100011011110100110",
      "upper_untouched_mate": "0010100011011111100110"
    },
    {
      "edge_index": 31,
      "new_external": "0011101001011110100010",
      "old_external": "0010101011011010100110",
      "owner": "0010101011011110100010",
      "upper_untouched_mate": "0010101011111110100010"
    },
    {
      "edge_index": 31,
      "new_external": "1011100001011110100010",
      "old_external": "0011101001011110100010",
      "owner": "0011100011011110100010",
      "upper_untouched_mate": "0011100011111110100010"
    },
    {
      "edge_index": 32,
      "new_external": "1010010011010101110100",
      "old_external": "1000011011011100110100",
      "owner": "1010010011011100110100",
      "upper_untouched_mate": "1010010111011100110100"
    },
    {
      "edge_index": 32,
      "new_external": "1000010011011101011100",
      "old_external": "1010010011010101110100",
      "owner": "1000010011011101110100",
      "upper_untouched_mate": "1000010011011111110100"
    },
    {
      "edge_index": 32,
      "new_external": "0010010011011101011100",
      "old_external": "1000010011011101011100",
      "owner": "0000010011011101111100",
      "upper_untouched_mate": "0000010011011101111101"
    },
    {
      "edge_index": 32,
      "new_external": "0010011011011001101100",
      "old_external": "0010010011011101011100",
      "owner": "0010010011011101101100",
      "upper_untouched_mate": "0010010011011111101100"
    },
    {
      "edge_index": 32,
      "new_external": "1000011011011100101100",
      "old_external": "0010011011011001101100",
      "owner": "0010011011011100101100",
      "upper_untouched_mate": "0010011011111100101100"
    },
    {
      "edge_index": 32,
      "new_external": "1000010011111100101100",
      "old_external": "1000011011011100101100",
      "owner": "1010010011011100101100",
      "upper_untouched_mate": "1010010111011100101100"
    },
    {
      "edge_index": 32,
      "new_external": "0010010011111100001101",
      "old_external": "1000010011111100101100",
      "owner": "0010010011111100101100",
      "upper_untouched_mate": "0010010011111101101100"
    },
    {
      "edge_index": 32,
      "new_external": "0010011011111100100001",
      "old_external": "0010010011111100001101",
      "owner": "0010010011111100100101",
      "upper_untouched_mate": "0010010011111100110101"
    },
    {
      "edge_index": 32,
      "new_external": "0010011011101100110100",
      "old_external": "0010011011111100100001",
      "owner": "0010011011111100100100",
      "upper_untouched_mate": "1010011011111100100100"
    },
    {
      "edge_index": 32,
      "new_external": "1000011011011100110100",
      "old_external": "0010011011101100110100",
      "owner": "0010011011011100110100",
      "upper_untouched_mate": "0010011011011101110100"
    },
    {
      "edge_index": 33,
      "new_external": "1000110011010110101010",
      "old_external": "1010110001011110100010",
      "owner": "1000110011011110100010",
      "upper_untouched_mate": "1000111011011110100010"
    },
    {
      "edge_index": 33,
      "new_external": "0000110011011110001110",
      "old_external": "1000110011010110101010",
      "owner": "0000110011011110101010",
      "upper_untouched_mate": "0000110011011111101010"
    },
    {
      "edge_index": 33,
      "new_external": "0000110011011101001110",
      "old_external": "0000110011011110001110",
      "owner": "0000110011011100101110",
      "upper_untouched_mate": "0000110011011100101111"
    },
    {
      "edge_index": 33,
      "new_external": "0000111011011100100110",
      "old_external": "0000110011011101001110",
      "owner": "0000110011011101100110",
      "upper_untouched_mate": "0000110011011101110110"
    },
    {
      "edge_index": 33,
      "new_external": "0000111111001101100010",
      "old_external": "0000111011011100100110",
      "owner": "0000111011011101100010",
      "upper_untouched_mate": "0000111011111101100010"
    },
    {
      "edge_index": 33,
      "new_external": "1000110110011101100010",
      "old_external": "0000111111001101100010",
      "owner": "0000111110011101100010",
      "upper_untouched_mate": "0000111110111101100010"
    },
    {
      "edge_index": 33,
      "new_external": "1000111001011101100010",
      "old_external": "1000110110011101100010",
      "owner": "1000111010011101100010",
      "upper_untouched_mate": "1010111010011101100010"
    },
    {
      "edge_index": 33,
      "new_external": "1000110011010111100010",
      "old_external": "1000111001011101100010",
      "owner": "1000110011011101100010",
      "upper_untouched_mate": "1010110011011101100010"
    },
    {
      "edge_index": 33,
      "new_external": "0010110011010111100010",
      "old_external": "1000110011010111100010",
      "owner": "0000110011011111100010",
      "upper_untouched_mate": "0000110011011111100110"
    },
    {
      "edge_index": 33,
      "new_external": "0010110011011001100110",
      "old_external": "0010110011010111100010",
      "owner": "0010110011011011100010",
      "upper_untouched_mate": "0010110011111011100010"
    },
    {
      "edge_index": 33,
      "new_external": "0010110111001010100110",
      "old_external": "0010110011011001100110",
      "owner": "0010110011011010100110",
      "upper_untouched_mate": "0010110011011110100110"
    },
    {
      "edge_index": 33,
      "new_external": "1000110111011010100010",
      "old_external": "0010110111001010100110",
      "owner": "0010110111011010100010",
      "upper_untouched_mate": "0010111111011010100010"
    },
    {
      "edge_index": 33,
      "new_external": "1000010111011110100010",
      "old_external": "1000110111011010100010",
      "owner": "1010010111011010100010",
      "upper_untouched_mate": "1011010111011010100010"
    },
    {
      "edge_index": 33,
      "new_external": "1010110001011110100010",
      "old_external": "1000010111011110100010",
      "owner": "1010010011011110100010",
      "upper_untouched_mate": "1010011011011110100010"
    },
    {
      "edge_index": 34,
      "new_external": "1000010101011111001100",
      "old_external": "1010011001011110001100",
      "owner": "1010010101011110001100",
      "upper_untouched_mate": "1010110101011110001100"
    },
    {
      "edge_index": 34,
      "new_external": "0010110101010111001100",
      "old_external": "1000010101011111001100",
      "owner": "0010010101011111001100",
      "upper_untouched_mate": "0010010101011111011100"
    },
    {
      "edge_index": 34,
      "new_external": "0010110101011010011100",
      "old_external": "0010110101010111001100",
      "owner": "0010110101011011001100",
      "upper_untouched_mate": "0010110101111011001100"
    },
    {
      "edge_index": 34,
      "new_external": "0010110101011100011100",
      "old_external": "0010110101011010011100",
      "owner": "0010110101011001011100",
      "upper_untouched_mate": "0010110101011001111100"
    },
    {
      "edge_index": 34,
      "new_external": "1010100101011101001100",
      "old_external": "0010110101011100011100",
      "owner": "0010110101011101001100",
      "upper_untouched_mate": "0010110101111101001100"
    },
    {
      "edge_index": 34,
      "new_external": "1000010101111101001100",
      "old_external": "1010100101011101001100",
      "owner": "1010010101011101001100",
      "upper_untouched_mate": "1010011101011101001100"
    },
    {
      "edge_index": 34,
      "new_external": "0010010101110111001100",
      "old_external": "1000010101111101001100",
      "owner": "0010010101111101001100",
      "upper_untouched_mate": "0010010101111101011100"
    },
    {
      "edge_index": 34,
      "new_external": "0010010101111001011100",
      "old_external": "0010010101110111001100",
      "owner": "0010010101111011001100",
      "upper_untouched_mate": "1010010101111011001100"
    },
    {
      "edge_index": 34,
      "new_external": "0010011101101010011100",
      "old_external": "0010010101111001011100",
      "owner": "0010010101111010011100",
      "upper_untouched_mate": "0010010101111110011100"
    },
    {
      "edge_index": 34,
      "new_external": "0010011101101110001100",
      "old_external": "0010011101101010011100",
      "owner": "0010011101111010001100",
      "upper_untouched_mate": "0010011111111010001100"
    },
    {
      "edge_index": 34,
      "new_external": "1010011001011110001100",
      "old_external": "0010011101101110001100",
      "owner": "0010011101011110001100",
      "upper_untouched_mate": "0010011101011110011100"
    },
    {
      "edge_index": 35,
      "new_external": "1000010101011111001010",
      "old_external": "1010100101011110001010",
      "owner": "1010010101011110001010",
      "upper_untouched_mate": "1010011101011110001010"
    },
    {
      "edge_index": 35,
      "new_external": "0010110101010111001010",
      "old_external": "1000010101011111001010",
      "owner": "0010010101011111001010",
      "upper_untouched_mate": "0010010101011111011010"
    },
    {
      "edge_index": 35,
      "new_external": "0010110101011010011010",
      "old_external": "0010110101010111001010",
      "owner": "0010110101011011001010",
      "upper_untouched_mate": "0010110101111011001010"
    },
    {
      "edge_index": 35,
      "new_external": "0010110101011100011010",
      "old_external": "0010110101011010011010",
      "owner": "0010110101011001011010",
      "upper_untouched_mate": "0010110101011001111010"
    },
    {
      "edge_index": 35,
      "new_external": "1010100101011101001010",
      "old_external": "0010110101011100011010",
      "owner": "0010110101011101001010",
      "upper_untouched_mate": "0010110101111101001010"
    },
    {
      "edge_index": 35,
      "new_external": "1000010101011101101010",
      "old_external": "1010100101011101001010",
      "owner": "1010010101011101001010",
      "upper_untouched_mate": "1010011101011101001010"
    },
    {
      "edge_index": 35,
      "new_external": "1000010101010111101010",
      "old_external": "1000010101011101101010",
      "owner": "1010010101010101101010",
      "upper_untouched_mate": "1010010101110101101010"
    },
    {
      "edge_index": 35,
      "new_external": "0010110101010101101010",
      "old_external": "1000010101010111101010",
      "owner": "0010010101010111101010",
      "upper_untouched_mate": "0010010101010111111010"
    },
    {
      "edge_index": 35,
      "new_external": "0010110101010100111010",
      "old_external": "0010110101010101101010",
      "owner": "0010110101010110101010",
      "upper_untouched_mate": "0010110101011110101010"
    },
    {
      "edge_index": 35,
      "new_external": "0010110101011010011010",
      "old_external": "0010110101010100111010",
      "owner": "0010110101010110011010",
      "upper_untouched_mate": "0010110101010111011010"
    },
    {
      "edge_index": 35,
      "new_external": "1010100101011110001010",
      "old_external": "0010110101011010011010",
      "owner": "0010110101011110001010",
      "upper_untouched_mate": "0010110101111110001010"
    },
    {
      "edge_index": 36,
      "new_external": "1010000011011110001110",
      "old_external": "1011100001011110001100",
      "owner": "1010100011011110001100",
      "upper_untouched_mate": "1010100011111110001100"
    },
    {
      "edge_index": 36,
      "new_external": "1000100011011100011110",
      "old_external": "1010000011011110001110",
      "owner": "1000100011011110001110",
      "upper_untouched_mate": "1000100011011111001110"
    },
    {
      "edge_index": 36,
      "new_external": "0000100011011110110110",
      "old_external": "1000100011011100011110",
      "owner": "0000100011011110011110",
      "upper_untouched_mate": "0000100011011110011111"
    },
    {
      "edge_index": 36,
      "new_external": "0000100011111100111010",
      "old_external": "0000100011011110110110",
      "owner": "0000100011011110111010",
      "upper_untouched_mate": "1000100011011110111010"
    },
    {
      "edge_index": 36,
      "new_external": "0001100011111010011010",
      "old_external": "0000100011111100111010",
      "owner": "0000100011111110011010",
      "upper_untouched_mate": "0000100011111111011010"
    },
    {
      "edge_index": 36,
      "new_external": "0011000011111110001010",
      "old_external": "0001100011111010011010",
      "owner": "0001100011111110001010",
      "upper_untouched_mate": "1001100011111110001010"
    },
    {
      "edge_index": 36,
      "new_external": "1011100001011110001010",
      "old_external": "0011000011111110001010",
      "owner": "0011100011011110001010",
      "upper_untouched_mate": "0011101011011110001010"
    },
    {
      "edge_index": 36,
      "new_external": "1000101011011110001010",
      "old_external": "1011100001011110001010",
      "owner": "1010100011011110001010",
      "upper_untouched_mate": "1010100011111110001010"
    },
    {
      "edge_index": 36,
      "new_external": "1000001011111110001010",
      "old_external": "1000101011011110001010",
      "owner": "1010001011011110001010",
      "upper_untouched_mate": "1011001011011110001010"
    },
    {
      "edge_index": 36,
      "new_external": "0010001011111010001011",
      "old_external": "1000001011111110001010",
      "owner": "0010001011111110001010",
      "upper_untouched_mate": "0010001011111110011010"
    },
    {
      "edge_index": 36,
      "new_external": "0010001011111010000111",
      "old_external": "0010001011111010001011",
      "owner": "0010001011111110000011",
      "upper_untouched_mate": "0010001011111110010011"
    },
    {
      "edge_index": 36,
      "new_external": "0010101011111110000001",
      "old_external": "0010001011111010000111",
      "owner": "0010001011111110000101",
      "upper_untouched_mate": "0010001011111110001101"
    },
    {
      "edge_index": 36,
      "new_external": "0010101011101110001100",
      "old_external": "0010101011111110000001",
      "owner": "0010101011111110000100",
      "upper_untouched_mate": "1010101011111110000100"
    },
    {
      "edge_index": 36,
      "new_external": "0011101001011110001100",
      "old_external": "0010101011101110001100",
      "owner": "0010101011011110001100",
      "upper_untouched_mate": "0010101011011110011100"
    },
    {
      "edge_index": 36,
      "new_external": "1011100001011110001100",
      "old_external": "0011101001011110001100",
      "owner": "0011100011011110001100",
      "upper_untouched_mate": "0011100011111110001100"
    },
    {
      "edge_index": 37,
      "new_external": "1000100011011011101010",
      "old_external": "1011100001011010101010",
      "owner": "1010100011011010101010",
      "upper_untouched_mate": "1010100011111010101010"
    },
    {
      "edge_index": 37,
      "new_external": "0010100011011110101010",
      "old_external": "1000100011011011101010",
      "owner": "0010100011011011101010",
      "upper_untouched_mate": "0010100011011011111010"
    },
    {
      "edge_index": 37,
      "new_external": "0010101011011001101010",
      "old_external": "0010100011011110101010",
      "owner": "0010100011011101101010",
      "upper_untouched_mate": "0010100011011101111010"
    },
    {
      "edge_index": 37,
      "new_external": "0011101001011100101010",
      "old_external": "0010101011011001101010",
      "owner": "0010101011011100101010",
      "upper_untouched_mate": "0010101011111100101010"
    },
    {
      "edge_index": 37,
      "new_external": "1011100001011100101010",
      "old_external": "0011101001011100101010",
      "owner": "0011100011011100101010",
      "upper_untouched_mate": "0011100011111100101010"
    },
    {
      "edge_index": 37,
      "new_external": "1000100011011110101010",
      "old_external": "1011100001011100101010",
      "owner": "1010100011011100101010",
      "upper_untouched_mate": "1010100011111100101010"
    },
    {
      "edge_index": 37,
      "new_external": "0010100011110110101010",
      "old_external": "1000100011011110101010",
      "owner": "0010100011011110101010",
      "upper_untouched_mate": "0010100011011111101010"
    },
    {
      "edge_index": 37,
      "new_external": "0011000011111010101010",
      "old_external": "0010100011110110101010",
      "owner": "0010100011111010101010",
      "upper_untouched_mate": "1010100011111010101010"
    },
    {
      "edge_index": 37,
      "new_external": "1011100001011010101010",
      "old_external": "0011000011111010101010",
      "owner": "0011100011011010101010",
      "upper_untouched_mate": "0011101011011010101010"
    },
    {
      "edge_index": 38,
      "new_external": "1000010011011101101010",
      "old_external": "1000011011011100101010",
      "owner": "1010010011011100101010",
      "upper_untouched_mate": "1010010111011100101010"
    },
    {
      "edge_index": 38,
      "new_external": "1000010011010101111010",
      "old_external": "1000010011011101101010",
      "owner": "1010010011010101101010",
      "upper_untouched_mate": "1010010011110101101010"
    },
    {
      "edge_index": 38,
      "new_external": "0010011011010101101010",
      "old_external": "1000010011010101111010",
      "owner": "0010010011010101111010",
      "upper_untouched_mate": "0010010011010101111110"
    },
    {
      "edge_index": 38,
      "new_external": "0010011011011100011010",
      "old_external": "0010011011010101101010",
      "owner": "0010011011010101011010",
      "upper_untouched_mate": "0010011011010101011110"
    },
    {
      "edge_index": 38,
      "new_external": "1000011011011101001010",
      "old_external": "0010011011011100011010",
      "owner": "0010011011011101001010",
      "upper_untouched_mate": "0010011011111101001010"
    },
    {
      "edge_index": 38,
      "new_external": "1000010011111101001010",
      "old_external": "1000011011011101001010",
      "owner": "1010010011011101001010",
      "upper_untouched_mate": "1010010111011101001010"
    },
    {
      "edge_index": 38,
      "new_external": "0010010011111001101010",
      "old_external": "1000010011111101001010",
      "owner": "0010010011111101001010",
      "upper_untouched_mate": "0010010011111101011010"
    },
    {
      "edge_index": 38,
      "new_external": "0010011011101100101010",
      "old_external": "0010010011111001101010",
      "owner": "0010010011111100101010",
      "upper_untouched_mate": "1010010011111100101010"
    },
    {
      "edge_index": 38,
      "new_external": "1000011011011100101010",
      "old_external": "0010011011101100101010",
      "owner": "0010011011011100101010",
      "upper_untouched_mate": "0010011011011101101010"
    },
    {
      "edge_index": 39,
      "new_external": "1010000011011101001110",
      "old_external": "1011100001011101001010",
      "owner": "1010100011011101001010",
      "upper_untouched_mate": "1010100011111101001010"
    },
    {
      "edge_index": 39,
      "new_external": "1000100011010101011110",
      "old_external": "1010000011011101001110",
      "owner": "1010100011010101001110",
      "upper_untouched_mate": "1010100011110101001110"
    },
    {
      "edge_index": 39,
      "new_external": "0010100011011101011010",
      "old_external": "1000100011010101011110",
      "owner": "0010100011010101011110",
      "upper_untouched_mate": "0010100011010101011111"
    },
    {
      "edge_index": 39,
      "new_external": "0010100011111101000110",
      "old_external": "0010100011011101011010",
      "owner": "0010100011011101010110",
      "upper_untouched_mate": "0010100011011101010111"
    },
    {
      "edge_index": 39,
      "new_external": "0011000011111101010010",
      "old_external": "0010100011111101000110",
      "owner": "0010100011111101010010",
      "upper_untouched_mate": "1010100011111101010010"
    },
    {
      "edge_index": 39,
      "new_external": "1011100001011101010010",
      "old_external": "0011000011111101010010",
      "owner": "0011100011011101010010",
      "upper_untouched_mate": "0011101011011101010010"
    },
    {
      "edge_index": 39,
      "new_external": "1010000011011101011010",
      "old_external": "1011100001011101010010",
      "owner": "1010100011011101010010",
      "upper_untouched_mate": "1010100011111101010010"
    },
    {
      "edge_index": 39,
      "new_external": "1000100011010101111010",
      "old_external": "1010000011011101011010",
      "owner": "1010100011010101011010",
      "upper_untouched_mate": "1010100011110101011010"
    },
    {
      "edge_index": 39,
      "new_external": "0010100011011101101010",
      "old_external": "1000100011010101111010",
      "owner": "0010100011010101111010",
      "upper_untouched_mate": "0010100011010101111110"
    },
    {
      "edge_index": 39,
      "new_external": "0010100011111100011010",
      "old_external": "0010100011011101101010",
      "owner": "0010100011011101011010",
      "upper_untouched_mate": "0010100011011101011110"
    },
    {
      "edge_index": 39,
      "new_external": "0011000011111101001010",
      "old_external": "0010100011111100011010",
      "owner": "0010100011111101001010",
      "upper_untouched_mate": "1010100011111101001010"
    },
    {
      "edge_index": 39,
      "new_external": "1011100001011101001010",
      "old_external": "0011000011111101001010",
      "owner": "0011100011011101001010",
      "upper_untouched_mate": "0011101011011101001010"
    },
    {
      "edge_index": 40,
      "new_external": "1000010011111101010010",
      "old_external": "1000010111011101010010",
      "owner": "1010010011011101010010",
      "upper_untouched_mate": "1010011011011101010010"
    },
    {
      "edge_index": 40,
      "new_external": "0010010011111101000011",
      "old_external": "1000010011111101010010",
      "owner": "0010010011111101010010",
      "upper_untouched_mate": "0010010011111101010110"
    },
    {
      "edge_index": 40,
      "new_external": "0010011011101101010001",
      "old_external": "0010010011111101000011",
      "owner": "0010010011111101010001",
      "upper_untouched_mate": "0010010011111101010101"
    },
    {
      "edge_index": 40,
      "new_external": "0010011011101101010100",
      "old_external": "0010011011101101010001",
      "owner": "0010011011111101010000",
      "upper_untouched_mate": "1010011011111101010000"
    },
    {
      "edge_index": 40,
      "new_external": "1000011011011101010100",
      "old_external": "0010011011101101010100",
      "owner": "0010011011011101010100",
      "upper_untouched_mate": "0010011011011101010101"
    },
    {
      "edge_index": 40,
      "new_external": "1000010011111101010100",
      "old_external": "1000011011011101010100",
      "owner": "1010010011011101010100",
      "upper_untouched_mate": "1010010111011101010100"
    },
    {
      "edge_index": 40,
      "new_external": "0010010111101101010100",
      "old_external": "1000010011111101010100",
      "owner": "0010010011111101010100",
      "upper_untouched_mate": "0010010011111101010101"
    },
    {
      "edge_index": 40,
      "new_external": "0010010111011101000110",
      "old_external": "0010010111101101010100",
      "owner": "0010010111011101010100",
      "upper_untouched_mate": "0010010111011101010101"
    },
    {
      "edge_index": 40,
      "new_external": "1000010111011101010010",
      "old_external": "0010010111011101000110",
      "owner": "0010010111011101010010",
      "upper_untouched_mate": "0010010111111101010010"
    }
  ],
  "selected_circuits": 41,
  "selected_rows": 477,
  "selection_sha256": "94deb656dac1d8955b20d851e92600156d703842d6de169d4b6bea356fa3ec32",
  "shores": {
    "lower": {
      "after_bad_windows": 240,
      "after_collision_events": 240,
      "after_cycles": 58247,
      "after_event_categories": {
        "inherited": 75,
        "one_seam": 164,
        "two_seams": 1
      },
      "after_event_category_values": {
        "inherited:value1": 75,
        "one_seam:value1": 164,
        "two_seams:value1": 1
      },
      "after_window_categories": {
        "inherited": 75,
        "one_seam": 164,
        "two_seams": 1
      },
      "before_bad_windows": 126,
      "before_collision_events": 126,
      "before_cycles": 58618,
      "changed_transition_labels": 477,
      "literal_inherited_events_retained": 75,
      "marked_bad_seam_labels": 151,
      "marked_collision_events_with_multiplicity": 166,
      "minimum_marked_seam_gap": 1,
      "new_collision_events": 165,
      "resolved_collision_events": 51
    },
    "upper": {
      "after_bad_windows": 244,
      "after_collision_events": 244,
      "after_cycles": 58247,
      "after_event_categories": {
        "inherited": 36,
        "one_seam": 203,
        "two_seams": 5
      },
      "after_event_category_values": {
        "inherited:value0": 36,
        "one_seam:value0": 203,
        "two_seams:value0": 5
      },
      "after_window_categories": {
        "inherited": 36,
        "one_seam": 203,
        "two_seams": 5
      },
      "before_bad_windows": 84,
      "before_collision_events": 84,
      "before_cycles": 58618,
      "changed_transition_labels": 477,
      "literal_inherited_events_retained": 36,
      "marked_bad_seam_labels": 181,
      "marked_collision_events_with_multiplicity": 213,
      "minimum_marked_seam_gap": 1,
      "new_collision_events": 208,
      "resolved_collision_events": 48
    }
  },
  "status": "PASS"
}
