{
  "edge_history_orientation_variants": [],
  "odd_touched_components": 372,
  "orientation_xor": {
    "connected_systems": 1,
    "constraints": 477,
    "minimum_inconsistent_cycle": [
      {
        "component": 7470,
        "edge_index": 3,
        "label": "10100101110111111000000",
        "required_xor": 0,
        "row": 13,
        "trade": 3
      },
      {
        "component": 7470,
        "edge_index": 3,
        "label": "10101100110111111000000",
        "required_xor": 1,
        "row": 0,
        "trade": 3
      }
    ],
    "minimum_inconsistent_cycle_size": 2,
    "status": "UNSAT"
  },
  "owner_union_graph": {
    "after_edges": 12420,
    "before_edges": 12420,
    "colour_trials": [
      {
        "clauses": 25317,
        "states": 1,
        "status": "UNSAT"
      },
      {
        "clauses": 50634,
        "states": 2,
        "status": "UNSAT"
      },
      {
        "clauses": 88371,
        "states": 3,
        "status": "SAT"
      }
    ],
    "degree_histogram": {
      "2": 11486,
      "3": 914,
      "4": 20
    },
    "minimum_history_states": 3,
    "selected_nontrivial_reset_rows": 212,
    "selected_pass_rows": 265,
    "selected_tail_old_new_state_histogram": {
      "011": 90,
      "012": 34,
      "021": 36,
      "022": 9,
      "100": 104,
      "102": 38,
      "120": 36,
      "122": 7,
      "200": 40,
      "201": 33,
      "210": 35,
      "211": 15
    },
    "three_state_assignment": [
      [
        "11010011111011100000000",
        0
      ],
      [
        "11000111111011100000000",
        1
      ],
      [
        "10001111111011100000000",
        0
      ],
      [
        "00101111111011100000000",
        1
      ],
      [
        "11110000110110111000000",
        0
      ],
      [
        "11010010110110111000000",
        0
      ],
      [
        "11000110110110111000000",
        1
      ],
      [
        "10001110110110111000000",
        0
      ],
      [
        "00101110110110111000000",
        1
      ],
      [
        "10110001110110111000000",
        1
      ],
      [
        "10100101110110111000000",
        0
      ],
      [
        "10001101110110111000000",
        1
      ],
      [
        "00101101110110111000000",
        0
      ],
      [
        "00001111110110111000000",
        0
      ],
      [
        "11010010101110111000000",
        0
      ],
      [
        "11000110101110111000000",
        1
      ],
      [
        "10001110101110111000000",
        0
      ],
      [
        "00101110101110111000000",
        1
      ],
      [
        "00101101101110111000000",
        0
      ],
      [
        "00101101011110111000000",
        1
      ],
      [
        "11111100000011111000000",
        0
      ],
      [
        "11111010000011111000000",
        0
      ],
      [
        "11111001000011111000000",
        0
      ],
      [
        "11110011000011111000000",
        0
      ],
      [
        "11010111000011111000000",
        0
      ],
      [
        "11001111000011111000000",
        0
      ],
      [
        "10011111000011111000000",
        1
      ],
      [
        "00111111000011111000000",
        0
      ],
      [
        "11010101001011111000000",
        0
      ],
      [
        "11010011001011111000000",
        0
      ],
      [
        "11000111001011111000000",
        1
      ],
      [
        "10001111001011111000000",
        0
      ],
      [
        "00101111001011111000000",
        1
      ],
      [
        "11010100011011111000000",
        1
      ],
      [
        "00101110011011111000000",
        0
      ],
      [
        "11010000111011111000000",
        0
      ],
      [
        "00101100111011111000000",
        1
      ],
      [
        "11000010111011111000000",
        1
      ],
      [
        "10001010111011111000000",
        0
      ],
      [
        "00101010111011111000000",
        1
      ],
      [
        "10111100000111111000000",
        1
      ],
      [
        "10111010000111111000000",
        1
      ],
      [
        "10111001000111111000000",
        1
      ],
      [
        "11010011000111111000000",
        1
      ],
      [
        "10110011000111111000000",
        1
      ],
      [
        "00111011000111111000000",
        1
      ],
      [
        "10100111000111111000000",
        0
      ],
      [
        "10001111000111111000000",
        1
      ],
      [
        "10111000010111111000000",
        0
      ],
      [
        "10101100010111111000000",
        0
      ],
      [
        "11010010010111111000000",
        0
      ],
      [
        "10101010010111111000000",
        0
      ],
      [
        "00111010010111111000000",
        0
      ],
      [
        "10100110010111111000000",
        1
      ],
      [
        "10001110010111111000000",
        0
      ],
      [
        "10101001010111111000000",
        0
      ],
      [
        "10100101010111111000000",
        2
      ],
      [
        "10100011010111111000000",
        1
      ],
      [
        "11010000110111111000000",
        1
      ],
      [
        "10101000110111111000000",
        1
      ],
      [
        "00111000110111111000000",
        1
      ],
      [
        "10100100110111111000000",
        1
      ],
      [
        "10001100110111111000000",
        1
      ],
      [
        "00101100110111111000000",
        0
      ],
      [
        "00101010110111111000000",
        2
      ],
      [
        "10000110110111111000000",
        0
      ],
      [
        "10000101110111111000000",
        2
      ],
      [
        "10000011110111111000000",
        0
      ],
      [
        "11000000111111111000000",
        0
      ],
      [
        "00110000111111111000000",
        0
      ],
      [
        "10001000111111111000000",
        1
      ],
      [
        "00101000111111111000000",
        0
      ],
      [
        "00001100111111111000000",
        0
      ],
      [
        "00000110111111111000000",
        1
      ],
      [
        "00000101111111111000000",
        0
      ],
      [
        "00000011111111111000000",
        1
      ],
      [
        "11011001001111010100000",
        0
      ],
      [
        "11011000011111010100000",
        1
      ],
      [
        "11001000111111010100000",
        0
      ],
      [
        "11000100111111010100000",
        1
      ],
      [
        "10000110111111010100000",
        0
      ],
      [
        "00100110111111010100000",
        1
      ],
      [
        "11011001001110110100000",
        0
      ],
      [
        "11011000011110110100000",
        1
      ],
      [
        "11001000111110110100000",
        0
      ],
      [
        "11000100111110110100000",
        1
      ],
      [
        "10000110111110110100000",
        0
      ],
      [
        "00100110111110110100000",
        1
      ],
      [
        "11111100000011110100000",
        0
      ],
      [
        "11111010000011110100000",
        0
      ],
      [
        "11111001000011110100000",
        0
      ],
      [
        "11110011000011110100000",
        0
      ],
      [
        "11010111000011110100000",
        0
      ],
      [
        "11011001001011110100000",
        0
      ],
      [
        "11011000101011110100000",
        0
      ],
      [
        "11001001101011110100000",
        1
      ],
      [
        "11000101101011110100000",
        0
      ],
      [
        "10000111101011110100000",
        1
      ],
      [
        "00100111101011110100000",
        0
      ],
      [
        "11011000011011110100000",
        1
      ],
      [
        "00100111011011110100000",
        1
      ],
      [
        "11001000111011110100000",
        0
      ],
      [
        "11000100111011110100000",
        1
      ],
      [
        "10000110111011110100000",
        0
      ],
      [
        "00100110111011110100000",
        1
      ],
      [
        "10111100000111110100000",
        1
      ],
      [
        "10111010000111110100000",
        1
      ],
      [
        "10111001000111110100000",
        1
      ],
      [
        "11010011000111110100000",
        1
      ],
      [
        "10110011000111110100000",
        1
      ],
      [
        "10100111000111110100000",
        0
      ],
      [
        "10001111000111110100000",
        1
      ],
      [
        "10111000010111110100000",
        0
      ],
      [
        "10101100010111110100000",
        0
      ],
      [
        "11010010010111110100000",
        0
      ],
      [
        "10101010010111110100000",
        0
      ],
      [
        "10100110010111110100000",
        1
      ],
      [
        "10001110010111110100000",
        0
      ],
      [
        "10101001010111110100000",
        0
      ],
      [
        "10100101010111110100000",
        2
      ],
      [
        "10100011010111110100000",
        1
      ],
      [
        "00100111010111110100000",
        0
      ],
      [
        "11010000110111110100000",
        1
      ],
      [
        "10101000110111110100000",
        1
      ],
      [
        "10100100110111110100000",
        0
      ],
      [
        "10001100110111110100000",
        1
      ],
      [
        "10000110110111110100000",
        1
      ],
      [
        "00100110110111110100000",
        0
      ],
      [
        "10000101110111110100000",
        1
      ],
      [
        "10000011110111110100000",
        0
      ],
      [
        "11000000111111110100000",
        0
      ],
      [
        "10001000111111110100000",
        1
      ],
      [
        "00101000111111110100000",
        0
      ],
      [
        "00001100111111110100000",
        0
      ],
      [
        "00000110111111110100000",
        0
      ],
      [
        "00000101111111110100000",
        0
      ],
      [
        "00000011111111110100000",
        1
      ],
      [
        "11011000101111001100000",
        0
      ],
      [
        "11010010101111001100000",
        0
      ],
      [
        "11000110101111001100000",
        1
      ],
      [
        "10001110101111001100000",
        0
      ],
      [
        "00101110101111001100000",
        1
      ],
      [
        "11001001101111001100000",
        1
      ],
      [
        "11000101101111001100000",
        0
      ],
      [
        "00101101101111001100000",
        0
      ],
      [
        "10000111101111001100000",
        1
      ],
      [
        "00100111101111001100000",
        0
      ],
      [
        "00101101011111001100000",
        1
      ],
      [
        "00100111011111001100000",
        1
      ],
      [
        "11010010101110101100000",
        0
      ],
      [
        "11000110101110101100000",
        1
      ],
      [
        "10001110101110101100000",
        0
      ],
      [
        "00101110101110101100000",
        1
      ],
      [
        "00101101101110101100000",
        0
      ],
      [
        "00101101011110101100000",
        1
      ],
      [
        "11111100000011101100000",
        0
      ],
      [
        "11111010000011101100000",
        0
      ],
      [
        "11111001000011101100000",
        0
      ],
      [
        "11110011000011101100000",
        0
      ],
      [
        "11011011000011101100000",
        0
      ],
      [
        "11010111000011101100000",
        0
      ],
      [
        "11001111000011101100000",
        0
      ],
      [
        "10011111000011101100000",
        1
      ],
      [
        "00111111000011101100000",
        0
      ],
      [
        "11011010100011101100000",
        0
      ],
      [
        "11011001001011101100000",
        0
      ],
      [
        "11011000101011101100000",
        0
      ],
      [
        "11010010101011101100000",
        0
      ],
      [
        "11000110101011101100000",
        1
      ],
      [
        "10001110101011101100000",
        0
      ],
      [
        "00101110101011101100000",
        1
      ],
      [
        "11001001101011101100000",
        1
      ],
      [
        "11000101101011101100000",
        0
      ],
      [
        "00101101101011101100000",
        0
      ],
      [
        "10000111101011101100000",
        1
      ],
      [
        "00100111101011101100000",
        0
      ],
      [
        "11011000011011101100000",
        1
      ],
      [
        "00101101011011101100000",
        2
      ],
      [
        "00100111011011101100000",
        1
      ],
      [
        "11001000111011101100000",
        0
      ],
      [
        "11000100111011101100000",
        1
      ],
      [
        "10000110111011101100000",
        0
      ],
      [
        "00100110111011101100000",
        1
      ],
      [
        "10111100000111101100000",
        1
      ],
      [
        "10111010000111101100000",
        1
      ],
      [
        "10111001000111101100000",
        1
      ],
      [
        "11010011000111101100000",
        1
      ],
      [
        "10110011000111101100000",
        1
      ],
      [
        "11001011000111101100000",
        1
      ],
      [
        "00111011000111101100000",
        1
      ],
      [
        "11000111000111101100000",
        0
      ],
      [
        "10100111000111101100000",
        0
      ],
      [
        "10001111000111101100000",
        1
      ],
      [
        "11001010100111101100000",
        1
      ],
      [
        "11000110100111101100000",
        0
      ],
      [
        "11000101100111101100000",
        1
      ],
      [
        "10111000010111101100000",
        0
      ],
      [
        "10101100010111101100000",
        0
      ],
      [
        "11010010010111101100000",
        0
      ],
      [
        "10101010010111101100000",
        0
      ],
      [
        "00111010010111101100000",
        0
      ],
      [
        "11000110010111101100000",
        1
      ],
      [
        "10100110010111101100000",
        1
      ],
      [
        "10001110010111101100000",
        0
      ],
      [
        "10101001010111101100000",
        0
      ],
      [
        "11000101010111101100000",
        0
      ],
      [
        "10100101010111101100000",
        2
      ],
      [
        "00101101010111101100000",
        1
      ],
      [
        "10100011010111101100000",
        1
      ],
      [
        "00100111010111101100000",
        0
      ],
      [
        "11010000110111101100000",
        1
      ],
      [
        "10101000110111101100000",
        1
      ],
      [
        "00111000110111101100000",
        1
      ],
      [
        "11000100110111101100000",
        0
      ],
      [
        "10100100110111101100000",
        0
      ],
      [
        "10001100110111101100000",
        1
      ],
      [
        "10000110110111101100000",
        1
      ],
      [
        "00100110110111101100000",
        0
      ],
      [
        "10000101110111101100000",
        1
      ],
      [
        "10000011110111101100000",
        0
      ],
      [
        "10000101011111101100000",
        1
      ],
      [
        "00100101011111101100000",
        0
      ],
      [
        "11000000111111101100000",
        0
      ],
      [
        "00110000111111101100000",
        0
      ],
      [
        "10001000111111101100000",
        1
      ],
      [
        "00101000111111101100000",
        2
      ],
      [
        "10000100111111101100000",
        1
      ],
      [
        "00100100111111101100000",
        0
      ],
      [
        "00001100111111101100000",
        0
      ],
      [
        "00000110111111101100000",
        0
      ],
      [
        "00000101111111101100000",
        0
      ],
      [
        "00000011111111101100000",
        1
      ],
      [
        "11011010001110011100000",
        0
      ],
      [
        "11001010011110011100000",
        1
      ],
      [
        "11000110011110011100000",
        0
      ],
      [
        "11000101011110011100000",
        1
      ],
      [
        "10000101111110011100000",
        0
      ],
      [
        "00100101111110011100000",
        1
      ],
      [
        "11111100000011011100000",
        0
      ],
      [
        "11111010000011011100000",
        0
      ],
      [
        "11111001000011011100000",
        0
      ],
      [
        "11110011000011011100000",
        0
      ],
      [
        "11011011000011011100000",
        0
      ],
      [
        "11010111000011011100000",
        0
      ],
      [
        "11001111000011011100000",
        0
      ],
      [
        "10011111000011011100000",
        1
      ],
      [
        "00111111000011011100000",
        0
      ],
      [
        "11011010100011011100000",
        0
      ],
      [
        "11010101001011011100000",
        0
      ],
      [
        "11011000101011011100000",
        0
      ],
      [
        "11001001101011011100000",
        1
      ],
      [
        "11000101101011011100000",
        0
      ],
      [
        "10000111101011011100000",
        1
      ],
      [
        "00100111101011011100000",
        0
      ],
      [
        "11010100011011011100000",
        1
      ],
      [
        "00100111011011011100000",
        1
      ],
      [
        "11010000111011011100000",
        0
      ],
      [
        "11000010111011011100000",
        1
      ],
      [
        "10001010111011011100000",
        0
      ],
      [
        "00101010111011011100000",
        1
      ],
      [
        "10111100000111011100000",
        1
      ],
      [
        "10111010000111011100000",
        1
      ],
      [
        "10111001000111011100000",
        1
      ],
      [
        "11010011000111011100000",
        1
      ],
      [
        "10110011000111011100000",
        1
      ],
      [
        "11001011000111011100000",
        1
      ],
      [
        "00111011000111011100000",
        1
      ],
      [
        "11000111000111011100000",
        0
      ],
      [
        "10100111000111011100000",
        0
      ],
      [
        "10001111000111011100000",
        1
      ],
      [
        "11001010100111011100000",
        1
      ],
      [
        "11000110100111011100000",
        0
      ],
      [
        "11000101100111011100000",
        1
      ],
      [
        "10111000010111011100000",
        0
      ],
      [
        "10101100010111011100000",
        0
      ],
      [
        "11010010010111011100000",
        0
      ],
      [
        "10101010010111011100000",
        0
      ],
      [
        "00111010010111011100000",
        0
      ],
      [
        "11000110010111011100000",
        1
      ],
      [
        "10100110010111011100000",
        1
      ],
      [
        "10001110010111011100000",
        0
      ],
      [
        "10101001010111011100000",
        0
      ],
      [
        "11000101010111011100000",
        0
      ],
      [
        "10100101010111011100000",
        2
      ],
      [
        "10100011010111011100000",
        1
      ],
      [
        "00100111010111011100000",
        0
      ],
      [
        "11010000110111011100000",
        1
      ],
      [
        "10101000110111011100000",
        1
      ],
      [
        "00111000110111011100000",
        1
      ],
      [
        "11000100110111011100000",
        0
      ],
      [
        "10100100110111011100000",
        0
      ],
      [
        "10001100110111011100000",
        1
      ],
      [
        "00101010110111011100000",
        2
      ],
      [
        "10000110110111011100000",
        1
      ],
      [
        "10000101110111011100000",
        1
      ],
      [
        "10000011110111011100000",
        0
      ],
      [
        "10000101011111011100000",
        1
      ],
      [
        "00100101011111011100000",
        0
      ],
      [
        "11000000111111011100000",
        0
      ],
      [
        "00110000111111011100000",
        0
      ],
      [
        "10001000111111011100000",
        1
      ],
      [
        "00101000111111011100000",
        0
      ],
      [
        "10000100111111011100000",
        1
      ],
      [
        "00100100111111011100000",
        0
      ],
      [
        "00001100111111011100000",
        0
      ],
      [
        "00000110111111011100000",
        0
      ],
      [
        "00000101111111011100000",
        0
      ],
      [
        "00000011111111011100000",
        1
      ],
      [
        "11110011001000111100000",
        0
      ],
      [
        "11011011001000111100000",
        0
      ],
      [
        "11010111001000111100000",
        0
      ],
      [
        "11110010101000111100000",
        0
      ],
      [
        "11011010101000111100000",
        0
      ],
      [
        "11111100000010111100000",
        0
      ],
      [
        "11111010000010111100000",
        0
      ],
      [
        "11111001000010111100000",
        0
      ],
      [
        "11110011000010111100000",
        0
      ],
      [
        "11010111000010111100000",
        0
      ],
      [
        "11011010100010111100000",
        0
      ],
      [
        "11011010001010111100000",
        0
      ],
      [
        "11011001001010111100000",
        0
      ],
      [
        "11011000101010111100000",
        0
      ],
      [
        "11010010101010111100000",
        0
      ],
      [
        "11000110101010111100000",
        1
      ],
      [
        "10001110101010111100000",
        0
      ],
      [
        "00101110101010111100000",
        1
      ],
      [
        "11001001101010111100000",
        1
      ],
      [
        "11000101101010111100000",
        0
      ],
      [
        "00101101101010111100000",
        0
      ],
      [
        "10000111101010111100000",
        1
      ],
      [
        "00100111101010111100000",
        0
      ],
      [
        "11011000011010111100000",
        1
      ],
      [
        "11001010011010111100000",
        1
      ],
      [
        "11000110011010111100000",
        0
      ],
      [
        "11000101011010111100000",
        1
      ],
      [
        "00101101011010111100000",
        1
      ],
      [
        "00100111011010111100000",
        1
      ],
      [
        "11001000111010111100000",
        0
      ],
      [
        "11000100111010111100000",
        1
      ],
      [
        "10000110111010111100000",
        0
      ],
      [
        "00100110111010111100000",
        1
      ],
      [
        "10000101111010111100000",
        0
      ],
      [
        "00100101111010111100000",
        2
      ],
      [
        "10111100000110111100000",
        1
      ],
      [
        "10111010000110111100000",
        1
      ],
      [
        "10111001000110111100000",
        1
      ],
      [
        "11010011000110111100000",
        1
      ],
      [
        "10110011000110111100000",
        1
      ],
      [
        "10100111000110111100000",
        0
      ],
      [
        "10001111000110111100000",
        1
      ],
      [
        "11001010100110111100000",
        1
      ],
      [
        "11000110100110111100000",
        0
      ],
      [
        "11000101100110111100000",
        1
      ],
      [
        "10111000010110111100000",
        0
      ],
      [
        "10101100010110111100000",
        0
      ],
      [
        "11010010010110111100000",
        0
      ],
      [
        "10101010010110111100000",
        0
      ],
      [
        "10100110010110111100000",
        1
      ],
      [
        "10001110010110111100000",
        0
      ],
      [
        "10101001010110111100000",
        0
      ],
      [
        "11000101010110111100000",
        0
      ],
      [
        "10100101010110111100000",
        2
      ],
      [
        "00101101010110111100000",
        2
      ],
      [
        "10100011010110111100000",
        1
      ],
      [
        "00100111010110111100000",
        0
      ],
      [
        "11010000110110111100000",
        1
      ],
      [
        "10101000110110111100000",
        1
      ],
      [
        "10100100110110111100000",
        0
      ],
      [
        "10001100110110111100000",
        1
      ],
      [
        "10000110110110111100000",
        1
      ],
      [
        "00100110110110111100000",
        0
      ],
      [
        "10000101110110111100000",
        1
      ],
      [
        "00100101110110111100000",
        0
      ],
      [
        "10000011110110111100000",
        0
      ],
      [
        "10000101011110111100000",
        1
      ],
      [
        "00100101011110111100000",
        0
      ],
      [
        "11000000111110111100000",
        0
      ],
      [
        "10001000111110111100000",
        1
      ],
      [
        "00101000111110111100000",
        0
      ],
      [
        "00001100111110111100000",
        0
      ],
      [
        "00000110111110111100000",
        0
      ],
      [
        "00000101111110111100000",
        0
      ],
      [
        "00000011111110111100000",
        1
      ],
      [
        "11010011001001111100000",
        1
      ],
      [
        "10110011001001111100000",
        1
      ],
      [
        "11001011001001111100000",
        1
      ],
      [
        "11000111001001111100000",
        0
      ],
      [
        "10100111001001111100000",
        0
      ],
      [
        "10001111001001111100000",
        1
      ],
      [
        "10110010101001111100000",
        1
      ],
      [
        "11001010101001111100000",
        1
      ],
      [
        "11000110101001111100000",
        0
      ],
      [
        "10100110101001111100000",
        0
      ],
      [
        "10001110101001111100000",
        1
      ],
      [
        "11000101101001111100000",
        1
      ],
      [
        "10001101101001111100000",
        0
      ],
      [
        "11010010011001111100000",
        0
      ],
      [
        "11000110011001111100000",
        1
      ],
      [
        "10001110011001111100000",
        0
      ],
      [
        "11000101011001111100000",
        0
      ],
      [
        "10001101011001111100000",
        1
      ],
      [
        "11010000111001111100000",
        1
      ],
      [
        "11000100111001111100000",
        0
      ],
      [
        "10001100111001111100000",
        1
      ],
      [
        "11000101010101111100000",
        1
      ],
      [
        "10001101010101111100000",
        0
      ],
      [
        "00101101010101111100000",
        0
      ],
      [
        "00100111010101111100000",
        1
      ],
      [
        "11010000110101111100000",
        0
      ],
      [
        "11000100110101111100000",
        1
      ],
      [
        "10001100110101111100000",
        0
      ],
      [
        "00100110110101111100000",
        1
      ],
      [
        "00100101110101111100000",
        1
      ],
      [
        "00100101011101111100000",
        1
      ],
      [
        "00101000111101111100000",
        1
      ],
      [
        "00001100111101111100000",
        1
      ],
      [
        "00000110111101111100000",
        1
      ],
      [
        "00000101111101111100000",
        1
      ],
      [
        "00000011111101111100000",
        0
      ],
      [
        "10000101010111111100000",
        0
      ],
      [
        "00100101010111111100000",
        2
      ],
      [
        "00001101010111111100000",
        1
      ],
      [
        "11000000110111111100000",
        1
      ],
      [
        "10001000110111111100000",
        0
      ],
      [
        "00101000110111111100000",
        1
      ],
      [
        "10000100110111111100000",
        2
      ],
      [
        "00100100110111111100000",
        0
      ],
      [
        "00001100110111111100000",
        1
      ],
      [
        "11110000110110110010000",
        0
      ],
      [
        "10110001110110110010000",
        1
      ],
      [
        "10100101110110110010000",
        0
      ],
      [
        "10001101110110110010000",
        1
      ],
      [
        "00001111110110110010000",
        0
      ],
      [
        "11111100000011110010000",
        0
      ],
      [
        "11111010000011110010000",
        0
      ],
      [
        "11111001000011110010000",
        0
      ],
      [
        "11110011000011110010000",
        0
      ],
      [
        "11011011000011110010000",
        0
      ],
      [
        "11010111000011110010000",
        0
      ],
      [
        "11110010100011110010000",
        0
      ],
      [
        "11011010100011110010000",
        0
      ],
      [
        "11110000110011110010000",
        0
      ],
      [
        "10110001110011110010000",
        1
      ],
      [
        "10100101110011110010000",
        0
      ],
      [
        "10001101110011110010000",
        1
      ],
      [
        "00001111110011110010000",
        2
      ],
      [
        "11110010001011110010000",
        0
      ],
      [
        "11011010001011110010000",
        0
      ],
      [
        "10110010011011110010000",
        1
      ],
      [
        "11001010011011110010000",
        1
      ],
      [
        "11000110011011110010000",
        0
      ],
      [
        "10100110011011110010000",
        0
      ],
      [
        "10001110011011110010000",
        1
      ],
      [
        "11000101011011110010000",
        1
      ],
      [
        "10001101011011110010000",
        0
      ],
      [
        "10000101111011110010000",
        0
      ],
      [
        "00100101111011110010000",
        1
      ],
      [
        "00001101111011110010000",
        1
      ],
      [
        "10111100000111110010000",
        1
      ],
      [
        "10111010000111110010000",
        1
      ],
      [
        "10111001000111110010000",
        1
      ],
      [
        "11010011000111110010000",
        1
      ],
      [
        "10110011000111110010000",
        1
      ],
      [
        "11001011000111110010000",
        1
      ],
      [
        "11000111000111110010000",
        0
      ],
      [
        "10100111000111110010000",
        0
      ],
      [
        "10001111000111110010000",
        1
      ],
      [
        "10110010100111110010000",
        1
      ],
      [
        "11001010100111110010000",
        1
      ],
      [
        "11000110100111110010000",
        0
      ],
      [
        "10100110100111110010000",
        0
      ],
      [
        "10001110100111110010000",
        1
      ],
      [
        "11000101100111110010000",
        1
      ],
      [
        "10001101100111110010000",
        0
      ],
      [
        "00001111100111110010000",
        1
      ],
      [
        "10111000010111110010000",
        0
      ],
      [
        "10101100010111110010000",
        0
      ],
      [
        "11010010010111110010000",
        0
      ],
      [
        "10101010010111110010000",
        0
      ],
      [
        "11000110010111110010000",
        1
      ],
      [
        "10100110010111110010000",
        1
      ],
      [
        "10001110010111110010000",
        0
      ],
      [
        "10101001010111110010000",
        0
      ],
      [
        "11000101010111110010000",
        0
      ],
      [
        "10100101010111110010000",
        2
      ],
      [
        "10001101010111110010000",
        1
      ],
      [
        "10100011010111110010000",
        1
      ],
      [
        "11010000110111110010000",
        1
      ],
      [
        "10101000110111110010000",
        1
      ],
      [
        "11000100110111110010000",
        0
      ],
      [
        "10100100110111110010000",
        0
      ],
      [
        "10001100110111110010000",
        1
      ],
      [
        "10000110110111110010000",
        1
      ],
      [
        "10000101110111110010000",
        1
      ],
      [
        "00100101110111110010000",
        0
      ],
      [
        "00001101110111110010000",
        0
      ],
      [
        "10000011110111110010000",
        0
      ],
      [
        "00001111001111110010000",
        0
      ],
      [
        "10000101011111110010000",
        1
      ],
      [
        "00100101011111110010000",
        0
      ],
      [
        "00001101011111110010000",
        0
      ],
      [
        "11000000111111110010000",
        0
      ],
      [
        "10001000111111110010000",
        1
      ],
      [
        "00101000111111110010000",
        0
      ],
      [
        "10000100111111110010000",
        1
      ],
      [
        "00100100111111110010000",
        0
      ],
      [
        "00001100111111110010000",
        0
      ],
      [
        "00000110111111110010000",
        0
      ],
      [
        "00000101111111110010000",
        0
      ],
      [
        "00000011111111110010000",
        1
      ],
      [
        "11011000101111001010000",
        0
      ],
      [
        "11001001101111001010000",
        1
      ],
      [
        "11000101101111001010000",
        0
      ],
      [
        "10000111101111001010000",
        1
      ],
      [
        "00100111101111001010000",
        0
      ],
      [
        "00100111011111001010000",
        1
      ],
      [
        "11110000110110101010000",
        0
      ],
      [
        "11010010110110101010000",
        0
      ],
      [
        "11000110110110101010000",
        1
      ],
      [
        "10001110110110101010000",
        0
      ],
      [
        "00101110110110101010000",
        1
      ],
      [
        "10110001110110101010000",
        1
      ],
      [
        "10100101110110101010000",
        0
      ],
      [
        "10001101110110101010000",
        1
      ],
      [
        "00101101110110101010000",
        0
      ],
      [
        "00001111110110101010000",
        0
      ],
      [
        "11111100000011101010000",
        0
      ],
      [
        "11111010000011101010000",
        0
      ],
      [
        "11111001000011101010000",
        0
      ],
      [
        "11110011000011101010000",
        0
      ],
      [
        "11010111000011101010000",
        0
      ],
      [
        "11001111000011101010000",
        0
      ],
      [
        "10011111000011101010000",
        1
      ],
      [
        "00111111000011101010000",
        0
      ],
      [
        "11110010100011101010000",
        0
      ],
      [
        "11110000110011101010000",
        0
      ],
      [
        "10110001110011101010000",
        1
      ],
      [
        "10100101110011101010000",
        0
      ],
      [
        "10001101110011101010000",
        1
      ],
      [
        "00001111110011101010000",
        0
      ],
      [
        "11110010001011101010000",
        0
      ],
      [
        "11011001001011101010000",
        0
      ],
      [
        "11010101001011101010000",
        0
      ],
      [
        "11010011001011101010000",
        0
      ],
      [
        "11000111001011101010000",
        1
      ],
      [
        "10001111001011101010000",
        0
      ],
      [
        "00101111001011101010000",
        1
      ],
      [
        "11011000101011101010000",
        0
      ],
      [
        "11001001101011101010000",
        1
      ],
      [
        "11000101101011101010000",
        0
      ],
      [
        "10000111101011101010000",
        1
      ],
      [
        "00100111101011101010000",
        0
      ],
      [
        "11011000011011101010000",
        1
      ],
      [
        "11010100011011101010000",
        1
      ],
      [
        "10110010011011101010000",
        1
      ],
      [
        "10100110011011101010000",
        0
      ],
      [
        "10001110011011101010000",
        1
      ],
      [
        "00101110011011101010000",
        0
      ],
      [
        "10001101011011101010000",
        0
      ],
      [
        "00100111011011101010000",
        1
      ],
      [
        "11010000111011101010000",
        0
      ],
      [
        "11001000111011101010000",
        0
      ],
      [
        "11000100111011101010000",
        1
      ],
      [
        "00101100111011101010000",
        1
      ],
      [
        "11000010111011101010000",
        1
      ],
      [
        "10001010111011101010000",
        0
      ],
      [
        "00101010111011101010000",
        1
      ],
      [
        "10000110111011101010000",
        0
      ],
      [
        "00100110111011101010000",
        1
      ],
      [
        "00001101111011101010000",
        1
      ],
      [
        "10111100000111101010000",
        1
      ],
      [
        "10111010000111101010000",
        1
      ],
      [
        "10111001000111101010000",
        1
      ],
      [
        "11010011000111101010000",
        1
      ],
      [
        "10110011000111101010000",
        1
      ],
      [
        "00111011000111101010000",
        1
      ],
      [
        "10100111000111101010000",
        0
      ],
      [
        "10001111000111101010000",
        1
      ],
      [
        "10110010100111101010000",
        1
      ],
      [
        "10100110100111101010000",
        0
      ],
      [
        "10001110100111101010000",
        1
      ],
      [
        "10001101100111101010000",
        0
      ],
      [
        "00001111100111101010000",
        1
      ],
      [
        "10111000010111101010000",
        0
      ],
      [
        "10101100010111101010000",
        0
      ],
      [
        "11010010010111101010000",
        0
      ],
      [
        "10101010010111101010000",
        0
      ],
      [
        "00111010010111101010000",
        0
      ],
      [
        "10100110010111101010000",
        1
      ],
      [
        "10001110010111101010000",
        0
      ],
      [
        "10101001010111101010000",
        0
      ],
      [
        "10100101010111101010000",
        2
      ],
      [
        "10001101010111101010000",
        1
      ],
      [
        "10100011010111101010000",
        1
      ],
      [
        "00100111010111101010000",
        0
      ],
      [
        "11010000110111101010000",
        1
      ],
      [
        "10101000110111101010000",
        1
      ],
      [
        "00111000110111101010000",
        1
      ],
      [
        "10100100110111101010000",
        0
      ],
      [
        "10001100110111101010000",
        1
      ],
      [
        "00101100110111101010000",
        0
      ],
      [
        "00101010110111101010000",
        2
      ],
      [
        "10000110110111101010000",
        1
      ],
      [
        "00100110110111101010000",
        0
      ],
      [
        "10000101110111101010000",
        1
      ],
      [
        "00001101110111101010000",
        2
      ],
      [
        "10000011110111101010000",
        0
      ],
      [
        "00001111001111101010000",
        0
      ],
      [
        "00001101011111101010000",
        0
      ],
      [
        "11000000111111101010000",
        0
      ],
      [
        "00110000111111101010000",
        0
      ],
      [
        "10001000111111101010000",
        1
      ],
      [
        "00101000111111101010000",
        0
      ],
      [
        "00001100111111101010000",
        0
      ],
      [
        "00000110111111101010000",
        0
      ],
      [
        "00000101111111101010000",
        0
      ],
      [
        "00000011111111101010000",
        1
      ],
      [
        "11111100000011011010000",
        0
      ],
      [
        "11111010000011011010000",
        0
      ],
      [
        "11111001000011011010000",
        0
      ],
      [
        "11110101000011011010000",
        0
      ],
      [
        "11110011000011011010000",
        0
      ],
      [
        "11010111000011011010000",
        0
      ],
      [
        "11001111000011011010000",
        0
      ],
      [
        "10011111000011011010000",
        1
      ],
      [
        "00111111000011011010000",
        0
      ],
      [
        "11010101001011011010000",
        0
      ],
      [
        "11011000101011011010000",
        0
      ],
      [
        "11001001101011011010000",
        1
      ],
      [
        "11000101101011011010000",
        0
      ],
      [
        "10000111101011011010000",
        1
      ],
      [
        "00100111101011011010000",
        0
      ],
      [
        "11010100011011011010000",
        1
      ],
      [
        "00100111011011011010000",
        1
      ],
      [
        "11010000111011011010000",
        0
      ],
      [
        "11000010111011011010000",
        1
      ],
      [
        "10001010111011011010000",
        0
      ],
      [
        "00101010111011011010000",
        1
      ],
      [
        "10111100000111011010000",
        1
      ],
      [
        "10111010000111011010000",
        1
      ],
      [
        "10111001000111011010000",
        1
      ],
      [
        "10110101000111011010000",
        1
      ],
      [
        "11010011000111011010000",
        1
      ],
      [
        "10110011000111011010000",
        1
      ],
      [
        "00111011000111011010000",
        1
      ],
      [
        "10100111000111011010000",
        0
      ],
      [
        "10001111000111011010000",
        1
      ],
      [
        "10111000010111011010000",
        0
      ],
      [
        "10110100010111011010000",
        0
      ],
      [
        "10101100010111011010000",
        0
      ],
      [
        "11010010010111011010000",
        0
      ],
      [
        "10101010010111011010000",
        0
      ],
      [
        "00111010010111011010000",
        0
      ],
      [
        "10100110010111011010000",
        1
      ],
      [
        "10001110010111011010000",
        0
      ],
      [
        "10101001010111011010000",
        0
      ],
      [
        "10100101010111011010000",
        2
      ],
      [
        "10100011010111011010000",
        1
      ],
      [
        "00100111010111011010000",
        0
      ],
      [
        "11010000110111011010000",
        1
      ],
      [
        "10110000110111011010000",
        1
      ],
      [
        "10101000110111011010000",
        1
      ],
      [
        "00111000110111011010000",
        1
      ],
      [
        "10100100110111011010000",
        0
      ],
      [
        "10001100110111011010000",
        1
      ],
      [
        "10100010110111011010000",
        0
      ],
      [
        "10001010110111011010000",
        1
      ],
      [
        "00101010110111011010000",
        2
      ],
      [
        "10000110110111011010000",
        1
      ],
      [
        "10000101110111011010000",
        1
      ],
      [
        "10000011110111011010000",
        0
      ],
      [
        "11000000111111011010000",
        0
      ],
      [
        "00110000111111011010000",
        0
      ],
      [
        "10001000111111011010000",
        1
      ],
      [
        "00101000111111011010000",
        0
      ],
      [
        "00001100111111011010000",
        0
      ],
      [
        "00001010111111011010000",
        0
      ],
      [
        "00000110111111011010000",
        0
      ],
      [
        "00000101111111011010000",
        0
      ],
      [
        "00000011111111011010000",
        1
      ],
      [
        "11110101001000111010000",
        0
      ],
      [
        "11011101001000111010000",
        0
      ],
      [
        "11110011001000111010000",
        0
      ],
      [
        "11011011001000111010000",
        0
      ],
      [
        "11010111001000111010000",
        0
      ],
      [
        "11110010101000111010000",
        0
      ],
      [
        "11011010101000111010000",
        0
      ],
      [
        "11111100000010111010000",
        0
      ],
      [
        "11111010000010111010000",
        0
      ],
      [
        "11111001000010111010000",
        0
      ],
      [
        "11110011000010111010000",
        0
      ],
      [
        "11010111000010111010000",
        0
      ],
      [
        "11001111000010111010000",
        0
      ],
      [
        "10011111000010111010000",
        1
      ],
      [
        "00111111000010111010000",
        0
      ],
      [
        "11010101001010111010000",
        0
      ],
      [
        "11001101001010111010000",
        0
      ],
      [
        "10011101001010111010000",
        1
      ],
      [
        "00111101001010111010000",
        0
      ],
      [
        "11010100011010111010000",
        1
      ],
      [
        "00111100011010111010000",
        1
      ],
      [
        "11010000111010111010000",
        0
      ],
      [
        "00111000111010111010000",
        0
      ],
      [
        "11000010111010111010000",
        1
      ],
      [
        "00110010111010111010000",
        1
      ],
      [
        "10001010111010111010000",
        0
      ],
      [
        "00101010111010111010000",
        1
      ],
      [
        "10111100000110111010000",
        1
      ],
      [
        "10111010000110111010000",
        1
      ],
      [
        "10111001000110111010000",
        1
      ],
      [
        "11010011000110111010000",
        1
      ],
      [
        "10110011000110111010000",
        1
      ],
      [
        "00111011000110111010000",
        1
      ],
      [
        "10100111000110111010000",
        0
      ],
      [
        "10001111000110111010000",
        1
      ],
      [
        "10111000010110111010000",
        0
      ],
      [
        "10101100010110111010000",
        0
      ],
      [
        "11010010010110111010000",
        0
      ],
      [
        "10101010010110111010000",
        0
      ],
      [
        "00111010010110111010000",
        0
      ],
      [
        "10100110010110111010000",
        1
      ],
      [
        "10001110010110111010000",
        0
      ],
      [
        "10101001010110111010000",
        0
      ],
      [
        "10100101010110111010000",
        2
      ],
      [
        "10100011010110111010000",
        1
      ],
      [
        "11010000110110111010000",
        1
      ],
      [
        "10101000110110111010000",
        1
      ],
      [
        "00111000110110111010000",
        1
      ],
      [
        "10100100110110111010000",
        1
      ],
      [
        "10001100110110111010000",
        1
      ],
      [
        "00110010110110111010000",
        2
      ],
      [
        "00101010110110111010000",
        0
      ],
      [
        "10000110110110111010000",
        0
      ],
      [
        "10000101110110111010000",
        2
      ],
      [
        "10000011110110111010000",
        0
      ],
      [
        "11000000111110111010000",
        0
      ],
      [
        "00110000111110111010000",
        0
      ],
      [
        "10001000111110111010000",
        1
      ],
      [
        "00101000111110111010000",
        0
      ],
      [
        "00001100111110111010000",
        0
      ],
      [
        "00000110111110111010000",
        1
      ],
      [
        "00000101111110111010000",
        0
      ],
      [
        "00000011111110111010000",
        1
      ],
      [
        "10110101001001111010000",
        1
      ],
      [
        "11001101001001111010000",
        1
      ],
      [
        "11010011001001111010000",
        1
      ],
      [
        "10110011001001111010000",
        1
      ],
      [
        "11001011001001111010000",
        1
      ],
      [
        "11000111001001111010000",
        0
      ],
      [
        "10100111001001111010000",
        0
      ],
      [
        "10001111001001111010000",
        1
      ],
      [
        "10110010101001111010000",
        1
      ],
      [
        "11001010101001111010000",
        1
      ],
      [
        "11000110101001111010000",
        0
      ],
      [
        "10100110101001111010000",
        0
      ],
      [
        "10001110101001111010000",
        1
      ],
      [
        "11000101101001111010000",
        1
      ],
      [
        "10001101101001111010000",
        0
      ],
      [
        "10110100011001111010000",
        0
      ],
      [
        "11001100011001111010000",
        0
      ],
      [
        "11010010011001111010000",
        0
      ],
      [
        "11000110011001111010000",
        1
      ],
      [
        "10001110011001111010000",
        0
      ],
      [
        "11000101011001111010000",
        0
      ],
      [
        "10001101011001111010000",
        1
      ],
      [
        "11010000111001111010000",
        1
      ],
      [
        "10110000111001111010000",
        1
      ],
      [
        "11001000111001111010000",
        1
      ],
      [
        "11000100111001111010000",
        0
      ],
      [
        "10001100111001111010000",
        1
      ],
      [
        "11000010111001111010000",
        0
      ],
      [
        "10100010111001111010000",
        0
      ],
      [
        "10001010111001111010000",
        1
      ],
      [
        "11000101010101111010000",
        1
      ],
      [
        "10001101010101111010000",
        0
      ],
      [
        "11010000110101111010000",
        0
      ],
      [
        "11000100110101111010000",
        1
      ],
      [
        "10001100110101111010000",
        0
      ],
      [
        "11000010110101111010000",
        1
      ],
      [
        "00110010110101111010000",
        0
      ],
      [
        "10001010110101111010000",
        0
      ],
      [
        "00101010110101111010000",
        1
      ],
      [
        "00110000111101111010000",
        1
      ],
      [
        "00101000111101111010000",
        1
      ],
      [
        "00001100111101111010000",
        1
      ],
      [
        "00000110111101111010000",
        0
      ],
      [
        "00000101111101111010000",
        1
      ],
      [
        "00000011111101111010000",
        0
      ],
      [
        "10000101010111111010000",
        0
      ],
      [
        "00100101010111111010000",
        1
      ],
      [
        "00001101010111111010000",
        1
      ],
      [
        "11000000110111111010000",
        1
      ],
      [
        "10001000110111111010000",
        0
      ],
      [
        "00101000110111111010000",
        2
      ],
      [
        "10000100110111111010000",
        2
      ],
      [
        "00100100110111111010000",
        0
      ],
      [
        "00001100110111111010000",
        1
      ],
      [
        "10000010110111111010000",
        0
      ],
      [
        "00100010110111111010000",
        1
      ],
      [
        "00001010110111111010000",
        1
      ],
      [
        "11010010101110100110000",
        0
      ],
      [
        "11000110101110100110000",
        1
      ],
      [
        "10001110101110100110000",
        0
      ],
      [
        "00101110101110100110000",
        1
      ],
      [
        "00101101101110100110000",
        0
      ],
      [
        "00101101011110100110000",
        1
      ],
      [
        "11111100000011100110000",
        0
      ],
      [
        "11111010000011100110000",
        0
      ],
      [
        "11111001000011100110000",
        0
      ],
      [
        "11011101000011100110000",
        0
      ],
      [
        "11110011000011100110000",
        0
      ],
      [
        "11010111000011100110000",
        0
      ],
      [
        "11001111000011100110000",
        0
      ],
      [
        "10011111000011100110000",
        1
      ],
      [
        "00111111000011100110000",
        0
      ],
      [
        "11011010001011100110000",
        0
      ],
      [
        "11001010011011100110000",
        1
      ],
      [
        "11000110011011100110000",
        0
      ],
      [
        "11000101011011100110000",
        1
      ],
      [
        "10000101111011100110000",
        0
      ],
      [
        "00100101111011100110000",
        1
      ],
      [
        "10111100000111100110000",
        1
      ],
      [
        "10111010000111100110000",
        1
      ],
      [
        "10111001000111100110000",
        1
      ],
      [
        "11001101000111100110000",
        1
      ],
      [
        "11010011000111100110000",
        1
      ],
      [
        "10110011000111100110000",
        1
      ],
      [
        "00111011000111100110000",
        1
      ],
      [
        "10100111000111100110000",
        0
      ],
      [
        "10001111000111100110000",
        1
      ],
      [
        "10111000010111100110000",
        0
      ],
      [
        "11001100010111100110000",
        0
      ],
      [
        "10101100010111100110000",
        0
      ],
      [
        "11010010010111100110000",
        0
      ],
      [
        "10101010010111100110000",
        0
      ],
      [
        "00111010010111100110000",
        0
      ],
      [
        "10100110010111100110000",
        1
      ],
      [
        "10001110010111100110000",
        0
      ],
      [
        "10101001010111100110000",
        0
      ],
      [
        "10100101010111100110000",
        2
      ],
      [
        "10100011010111100110000",
        1
      ],
      [
        "11010000110111100110000",
        1
      ],
      [
        "11001000110111100110000",
        1
      ],
      [
        "10101000110111100110000",
        1
      ],
      [
        "00111000110111100110000",
        1
      ],
      [
        "10100100110111100110000",
        0
      ],
      [
        "10001100110111100110000",
        1
      ],
      [
        "11000010110111100110000",
        0
      ],
      [
        "10000110110111100110000",
        1
      ],
      [
        "10000101110111100110000",
        1
      ],
      [
        "00100101110111100110000",
        0
      ],
      [
        "10000011110111100110000",
        0
      ],
      [
        "11000000111111100110000",
        0
      ],
      [
        "00110000111111100110000",
        0
      ],
      [
        "10001000111111100110000",
        1
      ],
      [
        "00101000111111100110000",
        2
      ],
      [
        "00001100111111100110000",
        0
      ],
      [
        "10000010111111100110000",
        1
      ],
      [
        "00100010111111100110000",
        0
      ],
      [
        "00000110111111100110000",
        0
      ],
      [
        "00000101111111100110000",
        0
      ],
      [
        "00000011111111100110000",
        1
      ],
      [
        "11111100000011010110000",
        0
      ],
      [
        "11111010000011010110000",
        0
      ],
      [
        "11111001000011010110000",
        0
      ],
      [
        "11110011000011010110000",
        0
      ],
      [
        "11010111000011010110000",
        0
      ],
      [
        "11110010100011010110000",
        0
      ],
      [
        "11110000110011010110000",
        0
      ],
      [
        "10110001110011010110000",
        1
      ],
      [
        "10100101110011010110000",
        0
      ],
      [
        "10001101110011010110000",
        1
      ],
      [
        "00001111110011010110000",
        0
      ],
      [
        "11110010001011010110000",
        0
      ],
      [
        "11011001001011010110000",
        0
      ],
      [
        "11011000011011010110000",
        1
      ],
      [
        "10110010011011010110000",
        1
      ],
      [
        "10100110011011010110000",
        0
      ],
      [
        "10001110011011010110000",
        1
      ],
      [
        "10001101011011010110000",
        0
      ],
      [
        "11001000111011010110000",
        0
      ],
      [
        "11000100111011010110000",
        1
      ],
      [
        "10000110111011010110000",
        0
      ],
      [
        "00100110111011010110000",
        1
      ],
      [
        "00001101111011010110000",
        1
      ],
      [
        "10111100000111010110000",
        1
      ],
      [
        "10111010000111010110000",
        1
      ],
      [
        "10111001000111010110000",
        1
      ],
      [
        "11010011000111010110000",
        1
      ],
      [
        "10110011000111010110000",
        1
      ],
      [
        "10100111000111010110000",
        0
      ],
      [
        "10001111000111010110000",
        1
      ],
      [
        "10110010100111010110000",
        1
      ],
      [
        "10100110100111010110000",
        0
      ],
      [
        "10001110100111010110000",
        1
      ],
      [
        "10001101100111010110000",
        0
      ],
      [
        "00001111100111010110000",
        1
      ],
      [
        "10111000010111010110000",
        0
      ],
      [
        "10101100010111010110000",
        0
      ],
      [
        "11010010010111010110000",
        0
      ],
      [
        "10101010010111010110000",
        0
      ],
      [
        "10100110010111010110000",
        1
      ],
      [
        "10001110010111010110000",
        0
      ],
      [
        "10101001010111010110000",
        0
      ],
      [
        "10100101010111010110000",
        2
      ],
      [
        "10001101010111010110000",
        1
      ],
      [
        "10100011010111010110000",
        1
      ],
      [
        "11010000110111010110000",
        1
      ],
      [
        "10101000110111010110000",
        1
      ],
      [
        "10100100110111010110000",
        0
      ],
      [
        "10001100110111010110000",
        1
      ],
      [
        "10000110110111010110000",
        1
      ],
      [
        "00100110110111010110000",
        0
      ],
      [
        "10000101110111010110000",
        1
      ],
      [
        "00001101110111010110000",
        2
      ],
      [
        "10000011110111010110000",
        0
      ],
      [
        "00001111001111010110000",
        0
      ],
      [
        "00001101011111010110000",
        0
      ],
      [
        "11000000111111010110000",
        0
      ],
      [
        "10001000111111010110000",
        1
      ],
      [
        "00101000111111010110000",
        0
      ],
      [
        "00001100111111010110000",
        0
      ],
      [
        "00000110111111010110000",
        0
      ],
      [
        "00000101111111010110000",
        0
      ],
      [
        "00000011111111010110000",
        1
      ],
      [
        "11110101001000110110000",
        0
      ],
      [
        "11110011001000110110000",
        0
      ],
      [
        "11011011001000110110000",
        0
      ],
      [
        "11010111001000110110000",
        0
      ],
      [
        "11011010101000110110000",
        0
      ],
      [
        "11111100000010110110000",
        0
      ],
      [
        "11111010000010110110000",
        0
      ],
      [
        "11111001000010110110000",
        0
      ],
      [
        "11110101000010110110000",
        0
      ],
      [
        "11110011000010110110000",
        0
      ],
      [
        "11010111000010110110000",
        0
      ],
      [
        "11001111000010110110000",
        0
      ],
      [
        "10011111000010110110000",
        1
      ],
      [
        "00111111000010110110000",
        0
      ],
      [
        "11110010001010110110000",
        0
      ],
      [
        "11011000101010110110000",
        0
      ],
      [
        "11010010101010110110000",
        0
      ],
      [
        "11000110101010110110000",
        1
      ],
      [
        "10001110101010110110000",
        0
      ],
      [
        "00101110101010110110000",
        1
      ],
      [
        "11001001101010110110000",
        1
      ],
      [
        "11000101101010110110000",
        0
      ],
      [
        "00101101101010110110000",
        0
      ],
      [
        "10000111101010110110000",
        1
      ],
      [
        "00100111101010110110000",
        0
      ],
      [
        "10110010011010110110000",
        1
      ],
      [
        "10100110011010110110000",
        0
      ],
      [
        "10001110011010110110000",
        1
      ],
      [
        "10001101011010110110000",
        0
      ],
      [
        "00101101011010110110000",
        2
      ],
      [
        "00100111011010110110000",
        1
      ],
      [
        "00001101111010110110000",
        1
      ],
      [
        "10111100000110110110000",
        1
      ],
      [
        "10111010000110110110000",
        1
      ],
      [
        "10111001000110110110000",
        1
      ],
      [
        "10110101000110110110000",
        1
      ],
      [
        "11010011000110110110000",
        1
      ],
      [
        "10110011000110110110000",
        1
      ],
      [
        "00111011000110110110000",
        1
      ],
      [
        "10100111000110110110000",
        0
      ],
      [
        "10001111000110110110000",
        1
      ],
      [
        "10111000010110110110000",
        0
      ],
      [
        "10110100010110110110000",
        0
      ],
      [
        "10101100010110110110000",
        0
      ],
      [
        "11010010010110110110000",
        0
      ],
      [
        "10101010010110110110000",
        0
      ],
      [
        "00111010010110110110000",
        0
      ],
      [
        "10100110010110110110000",
        1
      ],
      [
        "10001110010110110110000",
        0
      ],
      [
        "10101001010110110110000",
        0
      ],
      [
        "10100101010110110110000",
        2
      ],
      [
        "00101101010110110110000",
        1
      ],
      [
        "10100011010110110110000",
        1
      ],
      [
        "00100111010110110110000",
        0
      ],
      [
        "11010000110110110110000",
        1
      ],
      [
        "10110000110110110110000",
        1
      ],
      [
        "10101000110110110110000",
        1
      ],
      [
        "00111000110110110110000",
        1
      ],
      [
        "10100100110110110110000",
        0
      ],
      [
        "10001100110110110110000",
        1
      ],
      [
        "10100010110110110110000",
        0
      ],
      [
        "10001010110110110110000",
        1
      ],
      [
        "10000110110110110110000",
        1
      ],
      [
        "10000101110110110110000",
        1
      ],
      [
        "00001101110110110110000",
        0
      ],
      [
        "10000011110110110110000",
        0
      ],
      [
        "11000000111110110110000",
        0
      ],
      [
        "00110000111110110110000",
        0
      ],
      [
        "10001000111110110110000",
        1
      ],
      [
        "00101000111110110110000",
        2
      ],
      [
        "00001100111110110110000",
        0
      ],
      [
        "00001010111110110110000",
        0
      ],
      [
        "00000110111110110110000",
        0
      ],
      [
        "00000101111110110110000",
        0
      ],
      [
        "00000011111110110110000",
        1
      ],
      [
        "10110101001001110110000",
        1
      ],
      [
        "11010011001001110110000",
        1
      ],
      [
        "10110011001001110110000",
        1
      ],
      [
        "11001011001001110110000",
        1
      ],
      [
        "11000111001001110110000",
        0
      ],
      [
        "10100111001001110110000",
        0
      ],
      [
        "10001111001001110110000",
        1
      ],
      [
        "11001010101001110110000",
        1
      ],
      [
        "11000110101001110110000",
        0
      ],
      [
        "11000101101001110110000",
        1
      ],
      [
        "10110100011001110110000",
        0
      ],
      [
        "11010010011001110110000",
        0
      ],
      [
        "11000110011001110110000",
        1
      ],
      [
        "10001110011001110110000",
        0
      ],
      [
        "11000101011001110110000",
        0
      ],
      [
        "11010000111001110110000",
        1
      ],
      [
        "10110000111001110110000",
        1
      ],
      [
        "11000100111001110110000",
        0
      ],
      [
        "10001100111001110110000",
        1
      ],
      [
        "10100010111001110110000",
        0
      ],
      [
        "10001010111001110110000",
        1
      ],
      [
        "11000101010101110110000",
        1
      ],
      [
        "00101101010101110110000",
        0
      ],
      [
        "00100111010101110110000",
        1
      ],
      [
        "11010000110101110110000",
        0
      ],
      [
        "11000100110101110110000",
        1
      ],
      [
        "10001100110101110110000",
        0
      ],
      [
        "10001010110101110110000",
        0
      ],
      [
        "00001101110101110110000",
        1
      ],
      [
        "00110000111101110110000",
        1
      ],
      [
        "00101000111101110110000",
        1
      ],
      [
        "00001100111101110110000",
        1
      ],
      [
        "00001010111101110110000",
        1
      ],
      [
        "00000110111101110110000",
        1
      ],
      [
        "00000101111101110110000",
        1
      ],
      [
        "00000011111101110110000",
        0
      ],
      [
        "10000101010111110110000",
        0
      ],
      [
        "00100101010111110110000",
        2
      ],
      [
        "11000000110111110110000",
        1
      ],
      [
        "10001000110111110110000",
        0
      ],
      [
        "00101000110111110110000",
        1
      ],
      [
        "10000100110111110110000",
        2
      ],
      [
        "00100100110111110110000",
        0
      ],
      [
        "00001100110111110110000",
        2
      ],
      [
        "00001010110111110110000",
        1
      ],
      [
        "11011101001001001110000",
        0
      ],
      [
        "11110011001001001110000",
        0
      ],
      [
        "11011011001001001110000",
        0
      ],
      [
        "11011010101001001110000",
        0
      ],
      [
        "11111100000011001110000",
        0
      ],
      [
        "11111010000011001110000",
        0
      ],
      [
        "11111001000011001110000",
        0
      ],
      [
        "11110011000011001110000",
        0
      ],
      [
        "11010111000011001110000",
        0
      ],
      [
        "11110010100011001110000",
        0
      ],
      [
        "11011010100011001110000",
        0
      ],
      [
        "11110000110011001110000",
        0
      ],
      [
        "10110001110011001110000",
        1
      ],
      [
        "10100101110011001110000",
        0
      ],
      [
        "10001101110011001110000",
        1
      ],
      [
        "00001111110011001110000",
        0
      ],
      [
        "11110001001011001110000",
        0
      ],
      [
        "11011001001011001110000",
        0
      ],
      [
        "11011000101011001110000",
        0
      ],
      [
        "11001001101011001110000",
        1
      ],
      [
        "11000101101011001110000",
        0
      ],
      [
        "10000111101011001110000",
        1
      ],
      [
        "00100111101011001110000",
        0
      ],
      [
        "11110000011011001110000",
        1
      ],
      [
        "11011000011011001110000",
        1
      ],
      [
        "00100111011011001110000",
        2
      ],
      [
        "10110000111011001110000",
        0
      ],
      [
        "11001000111011001110000",
        0
      ],
      [
        "11000100111011001110000",
        1
      ],
      [
        "10100100111011001110000",
        1
      ],
      [
        "10001100111011001110000",
        0
      ],
      [
        "10000110111011001110000",
        0
      ],
      [
        "00100110111011001110000",
        1
      ],
      [
        "00001110111011001110000",
        1
      ],
      [
        "10111100000111001110000",
        1
      ],
      [
        "10111010000111001110000",
        1
      ],
      [
        "10111001000111001110000",
        1
      ],
      [
        "11010011000111001110000",
        1
      ],
      [
        "10110011000111001110000",
        1
      ],
      [
        "10100111000111001110000",
        0
      ],
      [
        "10001111000111001110000",
        1
      ],
      [
        "10110010100111001110000",
        1
      ],
      [
        "11001010100111001110000",
        1
      ],
      [
        "11000110100111001110000",
        0
      ],
      [
        "10100110100111001110000",
        0
      ],
      [
        "10001110100111001110000",
        1
      ],
      [
        "11000101100111001110000",
        1
      ],
      [
        "10001101100111001110000",
        0
      ],
      [
        "00001111100111001110000",
        1
      ],
      [
        "10111000010111001110000",
        0
      ],
      [
        "10101100010111001110000",
        0
      ],
      [
        "11010010010111001110000",
        0
      ],
      [
        "10101010010111001110000",
        0
      ],
      [
        "10100110010111001110000",
        1
      ],
      [
        "10001110010111001110000",
        0
      ],
      [
        "10101001010111001110000",
        0
      ],
      [
        "11000101010111001110000",
        0
      ],
      [
        "10100101010111001110000",
        2
      ],
      [
        "10001101010111001110000",
        1
      ],
      [
        "10100011010111001110000",
        1
      ],
      [
        "00100111010111001110000",
        0
      ],
      [
        "11010000110111001110000",
        1
      ],
      [
        "10101000110111001110000",
        1
      ],
      [
        "10100100110111001110000",
        0
      ],
      [
        "10001100110111001110000",
        1
      ],
      [
        "10000110110111001110000",
        1
      ],
      [
        "00100110110111001110000",
        0
      ],
      [
        "00001110110111001110000",
        2
      ],
      [
        "10000101110111001110000",
        1
      ],
      [
        "10000011110111001110000",
        0
      ],
      [
        "00001111001111001110000",
        0
      ],
      [
        "10000101011111001110000",
        1
      ],
      [
        "00100101011111001110000",
        0
      ],
      [
        "00001101011111001110000",
        0
      ],
      [
        "11000000111111001110000",
        0
      ],
      [
        "10001000111111001110000",
        2
      ],
      [
        "00101000111111001110000",
        0
      ],
      [
        "00001100111111001110000",
        0
      ],
      [
        "00000110111111001110000",
        0
      ],
      [
        "00000101111111001110000",
        0
      ],
      [
        "00000011111111001110000",
        1
      ],
      [
        "11110101001000101110000",
        0
      ],
      [
        "11110011001000101110000",
        0
      ],
      [
        "11011011001000101110000",
        0
      ],
      [
        "11010111001000101110000",
        0
      ],
      [
        "11011010101000101110000",
        0
      ],
      [
        "11111100000010101110000",
        0
      ],
      [
        "11111010000010101110000",
        0
      ],
      [
        "11111001000010101110000",
        0
      ],
      [
        "11110011000010101110000",
        0
      ],
      [
        "11011011000010101110000",
        0
      ],
      [
        "11010111000010101110000",
        0
      ],
      [
        "11011010100010101110000",
        0
      ],
      [
        "11011001001010101110000",
        0
      ],
      [
        "11011000101010101110000",
        0
      ],
      [
        "11001001101010101110000",
        1
      ],
      [
        "11000101101010101110000",
        0
      ],
      [
        "10000111101010101110000",
        1
      ],
      [
        "00100111101010101110000",
        0
      ],
      [
        "11011000011010101110000",
        1
      ],
      [
        "00100111011010101110000",
        1
      ],
      [
        "11001000111010101110000",
        0
      ],
      [
        "11000100111010101110000",
        1
      ],
      [
        "10000110111010101110000",
        0
      ],
      [
        "00100110111010101110000",
        1
      ],
      [
        "10111100000110101110000",
        1
      ],
      [
        "10111010000110101110000",
        1
      ],
      [
        "10111001000110101110000",
        1
      ],
      [
        "11010011000110101110000",
        1
      ],
      [
        "10110011000110101110000",
        1
      ],
      [
        "11001011000110101110000",
        1
      ],
      [
        "11000111000110101110000",
        0
      ],
      [
        "10100111000110101110000",
        0
      ],
      [
        "10001111000110101110000",
        1
      ],
      [
        "11001010100110101110000",
        1
      ],
      [
        "11000110100110101110000",
        0
      ],
      [
        "11000101100110101110000",
        1
      ],
      [
        "10111000010110101110000",
        0
      ],
      [
        "10101100010110101110000",
        0
      ],
      [
        "11010010010110101110000",
        0
      ],
      [
        "10101010010110101110000",
        0
      ],
      [
        "11000110010110101110000",
        1
      ],
      [
        "10100110010110101110000",
        1
      ],
      [
        "10001110010110101110000",
        0
      ],
      [
        "10101001010110101110000",
        0
      ],
      [
        "11000101010110101110000",
        0
      ],
      [
        "10100101010110101110000",
        2
      ],
      [
        "10100011010110101110000",
        1
      ],
      [
        "00100111010110101110000",
        0
      ],
      [
        "11010000110110101110000",
        1
      ],
      [
        "10101000110110101110000",
        1
      ],
      [
        "11000100110110101110000",
        0
      ],
      [
        "10100100110110101110000",
        0
      ],
      [
        "10001100110110101110000",
        1
      ],
      [
        "10000110110110101110000",
        1
      ],
      [
        "00100110110110101110000",
        0
      ],
      [
        "10000101110110101110000",
        1
      ],
      [
        "10000011110110101110000",
        0
      ],
      [
        "10000101011110101110000",
        1
      ],
      [
        "00100101011110101110000",
        0
      ],
      [
        "11000000111110101110000",
        0
      ],
      [
        "10001000111110101110000",
        1
      ],
      [
        "00101000111110101110000",
        0
      ],
      [
        "10000100111110101110000",
        1
      ],
      [
        "00100100111110101110000",
        0
      ],
      [
        "00001100111110101110000",
        0
      ],
      [
        "00000110111110101110000",
        0
      ],
      [
        "00000101111110101110000",
        0
      ],
      [
        "00000011111110101110000",
        1
      ],
      [
        "10110101001001101110000",
        1
      ],
      [
        "11010011001001101110000",
        1
      ],
      [
        "10110011001001101110000",
        1
      ],
      [
        "11001011001001101110000",
        1
      ],
      [
        "11000111001001101110000",
        0
      ],
      [
        "10100111001001101110000",
        0
      ],
      [
        "10001111001001101110000",
        1
      ],
      [
        "11001010101001101110000",
        1
      ],
      [
        "11000110101001101110000",
        0
      ],
      [
        "11000101101001101110000",
        1
      ],
      [
        "10110100011001101110000",
        0
      ],
      [
        "11010010011001101110000",
        0
      ],
      [
        "11000110011001101110000",
        1
      ],
      [
        "10001110011001101110000",
        0
      ],
      [
        "11000101011001101110000",
        0
      ],
      [
        "11010000111001101110000",
        1
      ],
      [
        "10110000111001101110000",
        1
      ],
      [
        "11000100111001101110000",
        0
      ],
      [
        "10001100111001101110000",
        1
      ],
      [
        "10100010111001101110000",
        0
      ],
      [
        "10001010111001101110000",
        1
      ],
      [
        "11000101010101101110000",
        1
      ],
      [
        "00100111010101101110000",
        1
      ],
      [
        "11010000110101101110000",
        0
      ],
      [
        "11000100110101101110000",
        1
      ],
      [
        "10001100110101101110000",
        0
      ],
      [
        "10001010110101101110000",
        0
      ],
      [
        "00100110110101101110000",
        1
      ],
      [
        "00100101011101101110000",
        1
      ],
      [
        "00101000111101101110000",
        1
      ],
      [
        "00100100111101101110000",
        1
      ],
      [
        "00001100111101101110000",
        1
      ],
      [
        "00000110111101101110000",
        1
      ],
      [
        "00000101111101101110000",
        1
      ],
      [
        "00000011111101101110000",
        0
      ],
      [
        "10000101010111101110000",
        0
      ],
      [
        "00100101010111101110000",
        2
      ],
      [
        "11000000110111101110000",
        1
      ],
      [
        "10001000110111101110000",
        0
      ],
      [
        "00101000110111101110000",
        1
      ],
      [
        "10000100110111101110000",
        0
      ],
      [
        "00100100110111101110000",
        2
      ],
      [
        "00001100110111101110000",
        1
      ],
      [
        "00001010110111101110000",
        1
      ],
      [
        "11011101001000011110000",
        1
      ],
      [
        "11110011001000011110000",
        1
      ],
      [
        "11011011001000011110000",
        1
      ],
      [
        "11011010101000011110000",
        1
      ],
      [
        "00100111010110011110000",
        1
      ],
      [
        "00100110110110011110000",
        1
      ],
      [
        "00001110110110011110000",
        0
      ],
      [
        "00001111001110011110000",
        1
      ],
      [
        "00100101011110011110000",
        1
      ],
      [
        "00001101011110011110000",
        1
      ],
      [
        "00101000111110011110000",
        1
      ],
      [
        "00001100111110011110000",
        1
      ],
      [
        "00000110111110011110000",
        1
      ],
      [
        "00000101111110011110000",
        1
      ],
      [
        "00000011111110011110000",
        0
      ],
      [
        "00100111010101011110000",
        0
      ],
      [
        "00100110110101011110000",
        0
      ],
      [
        "00100101011101011110000",
        0
      ],
      [
        "00101000111101011110000",
        0
      ],
      [
        "00100100111101011110000",
        0
      ],
      [
        "00001100111101011110000",
        0
      ],
      [
        "00000110111101011110000",
        0
      ],
      [
        "00000101111101011110000",
        0
      ],
      [
        "00000011111101011110000",
        1
      ],
      [
        "00100101010111011110000",
        0
      ],
      [
        "00101000110111011110000",
        0
      ],
      [
        "00100100110111011110000",
        0
      ],
      [
        "00001100110111011110000",
        2
      ],
      [
        "00001010110111011110000",
        0
      ],
      [
        "11001101001000111110000",
        0
      ],
      [
        "10110011001000111110000",
        0
      ],
      [
        "11001011001000111110000",
        0
      ],
      [
        "11000111001000111110000",
        1
      ],
      [
        "10100111001000111110000",
        1
      ],
      [
        "10001111001000111110000",
        0
      ],
      [
        "11001010101000111110000",
        0
      ],
      [
        "11000110101000111110000",
        1
      ],
      [
        "11000101101000111110000",
        0
      ],
      [
        "11001100011000111110000",
        1
      ],
      [
        "11000110011000111110000",
        0
      ],
      [
        "10001110011000111110000",
        1
      ],
      [
        "11000101011000111110000",
        1
      ],
      [
        "11001000111000111110000",
        0
      ],
      [
        "11000100111000111110000",
        1
      ],
      [
        "10001100111000111110000",
        0
      ],
      [
        "11000010111000111110000",
        1
      ],
      [
        "11000101010100111110000",
        0
      ],
      [
        "00100111010100111110000",
        0
      ],
      [
        "11000100110100111110000",
        0
      ],
      [
        "10001100110100111110000",
        1
      ],
      [
        "11000010110100111110000",
        0
      ],
      [
        "00100110110100111110000",
        2
      ],
      [
        "00001110110100111110000",
        1
      ],
      [
        "00001111001100111110000",
        0
      ],
      [
        "00100101011100111110000",
        0
      ],
      [
        "00001101011100111110000",
        0
      ],
      [
        "00101000111100111110000",
        0
      ],
      [
        "00001100111100111110000",
        0
      ],
      [
        "00000110111100111110000",
        0
      ],
      [
        "00000101111100111110000",
        0
      ],
      [
        "00000011111100111110000",
        1
      ],
      [
        "10000101010110111110000",
        1
      ],
      [
        "00100101010110111110000",
        2
      ],
      [
        "10000100110110111110000",
        1
      ],
      [
        "00100100110110111110000",
        2
      ],
      [
        "00001100110110111110000",
        0
      ],
      [
        "10000010110110111110000",
        1
      ],
      [
        "00100010110110111110000",
        0
      ],
      [
        "11010101001111100001000",
        0
      ],
      [
        "11010100011111100001000",
        1
      ],
      [
        "11010000111111100001000",
        0
      ],
      [
        "11000010111111100001000",
        1
      ],
      [
        "10001010111111100001000",
        0
      ],
      [
        "00101010111111100001000",
        1
      ],
      [
        "11111100000011110001000",
        0
      ],
      [
        "11111010000011110001000",
        0
      ],
      [
        "11111001000011110001000",
        0
      ],
      [
        "11110011000011110001000",
        0
      ],
      [
        "11011011000011110001000",
        0
      ],
      [
        "11010111000011110001000",
        0
      ],
      [
        "11011010001011110001000",
        0
      ],
      [
        "11001010011011110001000",
        1
      ],
      [
        "11000110011011110001000",
        0
      ],
      [
        "11000101011011110001000",
        1
      ],
      [
        "10000101111011110001000",
        0
      ],
      [
        "00100101111011110001000",
        1
      ],
      [
        "10111100000111110001000",
        1
      ],
      [
        "10111010000111110001000",
        1
      ],
      [
        "10111001000111110001000",
        1
      ],
      [
        "11010011000111110001000",
        1
      ],
      [
        "10110011000111110001000",
        1
      ],
      [
        "11001011000111110001000",
        1
      ],
      [
        "11000111000111110001000",
        0
      ],
      [
        "10100111000111110001000",
        0
      ],
      [
        "10001111000111110001000",
        1
      ],
      [
        "10111000010111110001000",
        0
      ],
      [
        "10101100010111110001000",
        0
      ],
      [
        "11010010010111110001000",
        0
      ],
      [
        "10101010010111110001000",
        0
      ],
      [
        "11000110010111110001000",
        1
      ],
      [
        "10100110010111110001000",
        1
      ],
      [
        "10001110010111110001000",
        0
      ],
      [
        "10101001010111110001000",
        0
      ],
      [
        "10100101010111110001000",
        2
      ],
      [
        "10100011010111110001000",
        1
      ],
      [
        "11010000110111110001000",
        1
      ],
      [
        "10101000110111110001000",
        1
      ],
      [
        "11000100110111110001000",
        0
      ],
      [
        "10100100110111110001000",
        0
      ],
      [
        "10001100110111110001000",
        1
      ],
      [
        "10000110110111110001000",
        1
      ],
      [
        "10000101110111110001000",
        1
      ],
      [
        "00100101110111110001000",
        0
      ],
      [
        "10000011110111110001000",
        0
      ],
      [
        "11000000111111110001000",
        0
      ],
      [
        "10001000111111110001000",
        1
      ],
      [
        "00101000111111110001000",
        0
      ],
      [
        "10000100111111110001000",
        1
      ],
      [
        "00100100111111110001000",
        0
      ],
      [
        "00001100111111110001000",
        0
      ],
      [
        "00000110111111110001000",
        0
      ],
      [
        "00000101111111110001000",
        0
      ],
      [
        "00000011111111110001000",
        1
      ],
      [
        "11011001001111001001000",
        0
      ],
      [
        "11011000101111001001000",
        0
      ],
      [
        "11010010101111001001000",
        0
      ],
      [
        "11000110101111001001000",
        1
      ],
      [
        "10001110101111001001000",
        0
      ],
      [
        "00101110101111001001000",
        1
      ],
      [
        "11001001101111001001000",
        1
      ],
      [
        "11000101101111001001000",
        0
      ],
      [
        "00101101101111001001000",
        0
      ],
      [
        "10000111101111001001000",
        1
      ],
      [
        "00100111101111001001000",
        0
      ],
      [
        "11011000011111001001000",
        1
      ],
      [
        "00101101011111001001000",
        1
      ],
      [
        "00100111011111001001000",
        1
      ],
      [
        "11001000111111001001000",
        0
      ],
      [
        "11000100111111001001000",
        1
      ],
      [
        "10000110111111001001000",
        0
      ],
      [
        "00100110111111001001000",
        1
      ],
      [
        "11111100000011101001000",
        0
      ],
      [
        "11111010000011101001000",
        0
      ],
      [
        "11111001000011101001000",
        0
      ],
      [
        "11110011000011101001000",
        0
      ],
      [
        "11010111000011101001000",
        0
      ],
      [
        "11110010100011101001000",
        0
      ],
      [
        "11011010100011101001000",
        0
      ],
      [
        "11110000110011101001000",
        0
      ],
      [
        "10110001110011101001000",
        1
      ],
      [
        "10100101110011101001000",
        0
      ],
      [
        "10001101110011101001000",
        1
      ],
      [
        "00001111110011101001000",
        0
      ],
      [
        "11110010001011101001000",
        0
      ],
      [
        "11010101001011101001000",
        0
      ],
      [
        "11011000101011101001000",
        0
      ],
      [
        "11001001101011101001000",
        1
      ],
      [
        "11000101101011101001000",
        0
      ],
      [
        "10000111101011101001000",
        1
      ],
      [
        "00100111101011101001000",
        0
      ],
      [
        "11010100011011101001000",
        1
      ],
      [
        "10110010011011101001000",
        1
      ],
      [
        "10100110011011101001000",
        0
      ],
      [
        "10001110011011101001000",
        1
      ],
      [
        "10001101011011101001000",
        0
      ],
      [
        "00100111011011101001000",
        1
      ],
      [
        "11010000111011101001000",
        0
      ],
      [
        "11000010111011101001000",
        1
      ],
      [
        "10001010111011101001000",
        0
      ],
      [
        "00101010111011101001000",
        1
      ],
      [
        "00001101111011101001000",
        1
      ],
      [
        "10111100000111101001000",
        1
      ],
      [
        "10111010000111101001000",
        1
      ],
      [
        "10111001000111101001000",
        1
      ],
      [
        "11010011000111101001000",
        1
      ],
      [
        "10110011000111101001000",
        1
      ],
      [
        "10100111000111101001000",
        0
      ],
      [
        "10001111000111101001000",
        1
      ],
      [
        "10110010100111101001000",
        1
      ],
      [
        "11001010100111101001000",
        1
      ],
      [
        "11000110100111101001000",
        0
      ],
      [
        "10100110100111101001000",
        0
      ],
      [
        "10001110100111101001000",
        1
      ],
      [
        "11000101100111101001000",
        1
      ],
      [
        "10001101100111101001000",
        0
      ],
      [
        "00001111100111101001000",
        1
      ],
      [
        "10111000010111101001000",
        0
      ],
      [
        "10101100010111101001000",
        0
      ],
      [
        "11010010010111101001000",
        0
      ],
      [
        "10101010010111101001000",
        0
      ],
      [
        "10100110010111101001000",
        1
      ],
      [
        "10001110010111101001000",
        0
      ],
      [
        "10101001010111101001000",
        0
      ],
      [
        "11000101010111101001000",
        0
      ],
      [
        "10100101010111101001000",
        2
      ],
      [
        "10001101010111101001000",
        1
      ],
      [
        "10100011010111101001000",
        1
      ],
      [
        "00100111010111101001000",
        0
      ],
      [
        "11010000110111101001000",
        1
      ],
      [
        "10101000110111101001000",
        1
      ],
      [
        "10100100110111101001000",
        0
      ],
      [
        "10001100110111101001000",
        1
      ],
      [
        "00101010110111101001000",
        0
      ],
      [
        "10000110110111101001000",
        1
      ],
      [
        "10000101110111101001000",
        1
      ],
      [
        "00001101110111101001000",
        2
      ],
      [
        "10000011110111101001000",
        0
      ],
      [
        "00001111001111101001000",
        0
      ],
      [
        "10000101011111101001000",
        1
      ],
      [
        "00100101011111101001000",
        0
      ],
      [
        "00001101011111101001000",
        0
      ],
      [
        "11000000111111101001000",
        0
      ],
      [
        "10001000111111101001000",
        1
      ],
      [
        "00101000111111101001000",
        0
      ],
      [
        "00001100111111101001000",
        0
      ],
      [
        "00000110111111101001000",
        0
      ],
      [
        "00000101111111101001000",
        0
      ],
      [
        "00000011111111101001000",
        1
      ],
      [
        "11010010101110011001000",
        0
      ],
      [
        "11000110101110011001000",
        1
      ],
      [
        "10001110101110011001000",
        0
      ],
      [
        "00101110101110011001000",
        1
      ],
      [
        "00101101101110011001000",
        0
      ],
      [
        "00101101011110011001000",
        1
      ],
      [
        "11111100000011011001000",
        0
      ],
      [
        "11111010000011011001000",
        0
      ],
      [
        "11111001000011011001000",
        0
      ],
      [
        "11110011000011011001000",
        0
      ],
      [
        "11010111000011011001000",
        0
      ],
      [
        "11110010100011011001000",
        0
      ],
      [
        "11011010100011011001000",
        0
      ],
      [
        "11110000110011011001000",
        0
      ],
      [
        "10110001110011011001000",
        1
      ],
      [
        "10100101110011011001000",
        0
      ],
      [
        "10001101110011011001000",
        1
      ],
      [
        "00001111110011011001000",
        0
      ],
      [
        "11110001001011011001000",
        0
      ],
      [
        "11011000101011011001000",
        0
      ],
      [
        "11001001101011011001000",
        1
      ],
      [
        "11000101101011011001000",
        0
      ],
      [
        "10000111101011011001000",
        1
      ],
      [
        "00100111101011011001000",
        0
      ],
      [
        "11110000011011011001000",
        1
      ],
      [
        "00100111011011011001000",
        1
      ],
      [
        "10110000111011011001000",
        0
      ],
      [
        "10100100111011011001000",
        1
      ],
      [
        "10001100111011011001000",
        0
      ],
      [
        "00001110111011011001000",
        1
      ],
      [
        "10111100000111011001000",
        1
      ],
      [
        "10111010000111011001000",
        1
      ],
      [
        "10111001000111011001000",
        1
      ],
      [
        "11010011000111011001000",
        1
      ],
      [
        "10110011000111011001000",
        1
      ],
      [
        "10100111000111011001000",
        0
      ],
      [
        "10001111000111011001000",
        1
      ],
      [
        "10110010100111011001000",
        1
      ],
      [
        "11001010100111011001000",
        1
      ],
      [
        "11000110100111011001000",
        0
      ],
      [
        "10100110100111011001000",
        0
      ],
      [
        "10001110100111011001000",
        1
      ],
      [
        "11000101100111011001000",
        1
      ],
      [
        "10001101100111011001000",
        0
      ],
      [
        "00001111100111011001000",
        1
      ],
      [
        "10111000010111011001000",
        0
      ],
      [
        "10101100010111011001000",
        0
      ],
      [
        "11010010010111011001000",
        0
      ],
      [
        "10101010010111011001000",
        0
      ],
      [
        "10100110010111011001000",
        1
      ],
      [
        "10001110010111011001000",
        0
      ],
      [
        "10101001010111011001000",
        0
      ],
      [
        "11000101010111011001000",
        0
      ],
      [
        "10100101010111011001000",
        2
      ],
      [
        "10001101010111011001000",
        1
      ],
      [
        "10100011010111011001000",
        1
      ],
      [
        "00100111010111011001000",
        0
      ],
      [
        "11010000110111011001000",
        1
      ],
      [
        "10101000110111011001000",
        1
      ],
      [
        "10100100110111011001000",
        0
      ],
      [
        "10001100110111011001000",
        1
      ],
      [
        "10000110110111011001000",
        1
      ],
      [
        "00001110110111011001000",
        2
      ],
      [
        "10000101110111011001000",
        1
      ],
      [
        "10000011110111011001000",
        0
      ],
      [
        "00001111001111011001000",
        0
      ],
      [
        "10000101011111011001000",
        1
      ],
      [
        "00100101011111011001000",
        0
      ],
      [
        "00001101011111011001000",
        0
      ],
      [
        "11000000111111011001000",
        0
      ],
      [
        "10001000111111011001000",
        1
      ],
      [
        "00101000111111011001000",
        0
      ],
      [
        "00001100111111011001000",
        0
      ],
      [
        "00000110111111011001000",
        0
      ],
      [
        "00000101111111011001000",
        0
      ],
      [
        "00000011111111011001000",
        1
      ],
      [
        "11110011001000111001000",
        0
      ],
      [
        "11011011001000111001000",
        0
      ],
      [
        "11011010101000111001000",
        0
      ],
      [
        "11111100000010111001000",
        0
      ],
      [
        "11111010000010111001000",
        0
      ],
      [
        "11111001000010111001000",
        0
      ],
      [
        "11110011000010111001000",
        0
      ],
      [
        "11011011000010111001000",
        0
      ],
      [
        "11010111000010111001000",
        0
      ],
      [
        "11011001001010111001000",
        0
      ],
      [
        "11010011001010111001000",
        0
      ],
      [
        "11000111001010111001000",
        1
      ],
      [
        "10001111001010111001000",
        0
      ],
      [
        "00101111001010111001000",
        1
      ],
      [
        "11010010101010111001000",
        0
      ],
      [
        "11000110101010111001000",
        1
      ],
      [
        "10001110101010111001000",
        0
      ],
      [
        "00101110101010111001000",
        1
      ],
      [
        "00101101101010111001000",
        0
      ],
      [
        "11011000011010111001000",
        1
      ],
      [
        "00101110011010111001000",
        0
      ],
      [
        "00101101011010111001000",
        2
      ],
      [
        "11001000111010111001000",
        0
      ],
      [
        "11000100111010111001000",
        1
      ],
      [
        "00101100111010111001000",
        1
      ],
      [
        "10000110111010111001000",
        0
      ],
      [
        "00100110111010111001000",
        1
      ],
      [
        "10111100000110111001000",
        1
      ],
      [
        "10111010000110111001000",
        1
      ],
      [
        "10111001000110111001000",
        1
      ],
      [
        "11010011000110111001000",
        1
      ],
      [
        "10110011000110111001000",
        1
      ],
      [
        "11001011000110111001000",
        1
      ],
      [
        "11000111000110111001000",
        0
      ],
      [
        "10100111000110111001000",
        0
      ],
      [
        "10001111000110111001000",
        1
      ],
      [
        "10111000010110111001000",
        0
      ],
      [
        "10101100010110111001000",
        0
      ],
      [
        "11010010010110111001000",
        0
      ],
      [
        "10101010010110111001000",
        0
      ],
      [
        "11000110010110111001000",
        1
      ],
      [
        "10100110010110111001000",
        1
      ],
      [
        "10001110010110111001000",
        0
      ],
      [
        "10101001010110111001000",
        0
      ],
      [
        "10100101010110111001000",
        2
      ],
      [
        "00101101010110111001000",
        1
      ],
      [
        "10100011010110111001000",
        1
      ],
      [
        "11010000110110111001000",
        1
      ],
      [
        "10101000110110111001000",
        1
      ],
      [
        "11000100110110111001000",
        0
      ],
      [
        "10100100110110111001000",
        0
      ],
      [
        "10001100110110111001000",
        1
      ],
      [
        "00101100110110111001000",
        0
      ],
      [
        "10000110110110111001000",
        1
      ],
      [
        "00100110110110111001000",
        0
      ],
      [
        "10000101110110111001000",
        1
      ],
      [
        "10000011110110111001000",
        0
      ],
      [
        "11000000111110111001000",
        0
      ],
      [
        "10001000111110111001000",
        1
      ],
      [
        "00101000111110111001000",
        0
      ],
      [
        "10000100111110111001000",
        1
      ],
      [
        "00100100111110111001000",
        0
      ],
      [
        "00001100111110111001000",
        0
      ],
      [
        "00000110111110111001000",
        0
      ],
      [
        "00000101111110111001000",
        0
      ],
      [
        "00000011111110111001000",
        1
      ],
      [
        "10110011001001111001000",
        1
      ],
      [
        "11001011001001111001000",
        1
      ],
      [
        "11000111001001111001000",
        0
      ],
      [
        "10100111001001111001000",
        0
      ],
      [
        "10001111001001111001000",
        1
      ],
      [
        "11001010101001111001000",
        1
      ],
      [
        "11000110101001111001000",
        0
      ],
      [
        "11000101101001111001000",
        1
      ],
      [
        "11000110011001111001000",
        1
      ],
      [
        "10001110011001111001000",
        0
      ],
      [
        "11000101011001111001000",
        0
      ],
      [
        "11000100111001111001000",
        0
      ],
      [
        "10001100111001111001000",
        1
      ],
      [
        "11000101010101111001000",
        1
      ],
      [
        "00101101010101111001000",
        0
      ],
      [
        "11000100110101111001000",
        1
      ],
      [
        "10001100110101111001000",
        0
      ],
      [
        "00101100110101111001000",
        1
      ],
      [
        "00100110110101111001000",
        1
      ],
      [
        "00101000111101111001000",
        1
      ],
      [
        "00100100111101111001000",
        1
      ],
      [
        "00001100111101111001000",
        1
      ],
      [
        "00000110111101111001000",
        1
      ],
      [
        "00000101111101111001000",
        1
      ],
      [
        "00000011111101111001000",
        0
      ],
      [
        "10000101010111111001000",
        0
      ],
      [
        "00100101010111111001000",
        1
      ],
      [
        "10000100110111111001000",
        0
      ],
      [
        "00100100110111111001000",
        2
      ],
      [
        "00001100110111111001000",
        2
      ],
      [
        "11110010001110100101000",
        0
      ],
      [
        "11011001001110100101000",
        0
      ],
      [
        "11011000011110100101000",
        1
      ],
      [
        "10110010011110100101000",
        1
      ],
      [
        "10100110011110100101000",
        0
      ],
      [
        "10001110011110100101000",
        1
      ],
      [
        "10001101011110100101000",
        0
      ],
      [
        "11001000111110100101000",
        0
      ],
      [
        "11000100111110100101000",
        1
      ],
      [
        "10000110111110100101000",
        0
      ],
      [
        "00100110111110100101000",
        1
      ],
      [
        "00001101111110100101000",
        1
      ],
      [
        "11111100000011100101000",
        0
      ],
      [
        "11111010000011100101000",
        0
      ],
      [
        "11111001000011100101000",
        0
      ],
      [
        "11011101000011100101000",
        0
      ],
      [
        "11110011000011100101000",
        0
      ],
      [
        "11010111000011100101000",
        0
      ],
      [
        "11110010100011100101000",
        0
      ],
      [
        "11110000110011100101000",
        0
      ],
      [
        "10110001110011100101000",
        1
      ],
      [
        "10100101110011100101000",
        0
      ],
      [
        "10001101110011100101000",
        1
      ],
      [
        "00001111110011100101000",
        0
      ],
      [
        "11110010001011100101000",
        0
      ],
      [
        "11011001001011100101000",
        0
      ],
      [
        "11011000101011100101000",
        0
      ],
      [
        "11001001101011100101000",
        1
      ],
      [
        "11000101101011100101000",
        0
      ],
      [
        "10000111101011100101000",
        1
      ],
      [
        "00100111101011100101000",
        0
      ],
      [
        "11011000011011100101000",
        1
      ],
      [
        "10110010011011100101000",
        1
      ],
      [
        "10100110011011100101000",
        0
      ],
      [
        "10001110011011100101000",
        1
      ],
      [
        "10001101011011100101000",
        0
      ],
      [
        "00100111011011100101000",
        1
      ],
      [
        "11001000111011100101000",
        0
      ],
      [
        "11000100111011100101000",
        1
      ],
      [
        "10000110111011100101000",
        0
      ],
      [
        "00100110111011100101000",
        1
      ],
      [
        "00001101111011100101000",
        1
      ],
      [
        "10111100000111100101000",
        1
      ],
      [
        "10111010000111100101000",
        1
      ],
      [
        "10111001000111100101000",
        1
      ],
      [
        "11001101000111100101000",
        1
      ],
      [
        "11010011000111100101000",
        1
      ],
      [
        "10110011000111100101000",
        1
      ],
      [
        "10100111000111100101000",
        0
      ],
      [
        "10001111000111100101000",
        1
      ],
      [
        "10110010100111100101000",
        1
      ],
      [
        "10100110100111100101000",
        0
      ],
      [
        "10001110100111100101000",
        1
      ],
      [
        "10001101100111100101000",
        0
      ],
      [
        "00001111100111100101000",
        1
      ],
      [
        "10111000010111100101000",
        0
      ],
      [
        "11001100010111100101000",
        0
      ],
      [
        "10101100010111100101000",
        0
      ],
      [
        "11010010010111100101000",
        0
      ],
      [
        "10101010010111100101000",
        0
      ],
      [
        "10100110010111100101000",
        1
      ],
      [
        "10001110010111100101000",
        0
      ],
      [
        "10101001010111100101000",
        0
      ],
      [
        "10100101010111100101000",
        2
      ],
      [
        "10001101010111100101000",
        1
      ],
      [
        "10100011010111100101000",
        1
      ],
      [
        "00100111010111100101000",
        0
      ],
      [
        "11010000110111100101000",
        1
      ],
      [
        "11001000110111100101000",
        1
      ],
      [
        "10101000110111100101000",
        1
      ],
      [
        "10100100110111100101000",
        0
      ],
      [
        "10001100110111100101000",
        1
      ],
      [
        "11000010110111100101000",
        0
      ],
      [
        "10000110110111100101000",
        1
      ],
      [
        "00100110110111100101000",
        0
      ],
      [
        "10000101110111100101000",
        1
      ],
      [
        "00001101110111100101000",
        2
      ],
      [
        "10000011110111100101000",
        0
      ],
      [
        "00001111001111100101000",
        0
      ],
      [
        "00001101011111100101000",
        0
      ],
      [
        "11000000111111100101000",
        0
      ],
      [
        "10001000111111100101000",
        1
      ],
      [
        "00101000111111100101000",
        0
      ],
      [
        "00001100111111100101000",
        0
      ],
      [
        "10000010111111100101000",
        1
      ],
      [
        "00100010111111100101000",
        0
      ],
      [
        "00000110111111100101000",
        0
      ],
      [
        "00000101111111100101000",
        0
      ],
      [
        "00000011111111100101000",
        1
      ],
      [
        "11010011100110010101000",
        0
      ],
      [
        "11000111100110010101000",
        1
      ],
      [
        "10001111100110010101000",
        0
      ],
      [
        "00101111100110010101000",
        1
      ],
      [
        "11111100000011010101000",
        0
      ],
      [
        "11111010000011010101000",
        0
      ],
      [
        "11111001000011010101000",
        0
      ],
      [
        "11110011000011010101000",
        0
      ],
      [
        "11011011000011010101000",
        0
      ],
      [
        "11010111000011010101000",
        0
      ],
      [
        "11110010100011010101000",
        0
      ],
      [
        "11010011100011010101000",
        0
      ],
      [
        "11000111100011010101000",
        1
      ],
      [
        "10001111100011010101000",
        0
      ],
      [
        "00101111100011010101000",
        2
      ],
      [
        "11011010001011010101000",
        0
      ],
      [
        "11011001001011010101000",
        0
      ],
      [
        "11011000101011010101000",
        0
      ],
      [
        "11001001101011010101000",
        1
      ],
      [
        "11000101101011010101000",
        0
      ],
      [
        "10000111101011010101000",
        1
      ],
      [
        "00100111101011010101000",
        0
      ],
      [
        "11011000011011010101000",
        1
      ],
      [
        "11001010011011010101000",
        1
      ],
      [
        "11000110011011010101000",
        0
      ],
      [
        "11000101011011010101000",
        1
      ],
      [
        "00100111011011010101000",
        1
      ],
      [
        "11001000111011010101000",
        0
      ],
      [
        "11000100111011010101000",
        1
      ],
      [
        "10000110111011010101000",
        0
      ],
      [
        "00100110111011010101000",
        2
      ],
      [
        "10000101111011010101000",
        0
      ],
      [
        "00100101111011010101000",
        1
      ],
      [
        "10111100000111010101000",
        1
      ],
      [
        "10111010000111010101000",
        1
      ],
      [
        "10111001000111010101000",
        1
      ],
      [
        "11010011000111010101000",
        1
      ],
      [
        "10110011000111010101000",
        1
      ],
      [
        "11001011000111010101000",
        1
      ],
      [
        "11000111000111010101000",
        0
      ],
      [
        "10100111000111010101000",
        0
      ],
      [
        "10001111000111010101000",
        1
      ],
      [
        "10110010100111010101000",
        1
      ],
      [
        "10100110100111010101000",
        0
      ],
      [
        "10001110100111010101000",
        1
      ],
      [
        "00101110100111010101000",
        1
      ],
      [
        "10001101100111010101000",
        0
      ],
      [
        "10111000010111010101000",
        0
      ],
      [
        "10101100010111010101000",
        0
      ],
      [
        "11010010010111010101000",
        0
      ],
      [
        "10101010010111010101000",
        0
      ],
      [
        "11000110010111010101000",
        1
      ],
      [
        "10100110010111010101000",
        1
      ],
      [
        "10001110010111010101000",
        0
      ],
      [
        "00101110010111010101000",
        0
      ],
      [
        "10101001010111010101000",
        0
      ],
      [
        "10100101010111010101000",
        2
      ],
      [
        "10001101010111010101000",
        1
      ],
      [
        "10100011010111010101000",
        1
      ],
      [
        "00100111010111010101000",
        0
      ],
      [
        "11010000110111010101000",
        1
      ],
      [
        "10101000110111010101000",
        1
      ],
      [
        "11000100110111010101000",
        0
      ],
      [
        "10100100110111010101000",
        0
      ],
      [
        "10001100110111010101000",
        1
      ],
      [
        "10000110110111010101000",
        1
      ],
      [
        "00100110110111010101000",
        0
      ],
      [
        "10000101110111010101000",
        1
      ],
      [
        "00100101110111010101000",
        0
      ],
      [
        "10000011110111010101000",
        0
      ],
      [
        "00101100011111010101000",
        1
      ],
      [
        "00001101011111010101000",
        0
      ],
      [
        "11000000111111010101000",
        0
      ],
      [
        "10001000111111010101000",
        1
      ],
      [
        "00101000111111010101000",
        0
      ],
      [
        "10000100111111010101000",
        1
      ],
      [
        "00100100111111010101000",
        0
      ],
      [
        "00001100111111010101000",
        0
      ],
      [
        "00000110111111010101000",
        0
      ],
      [
        "00000101111111010101000",
        0
      ],
      [
        "00000011111111010101000",
        1
      ],
      [
        "11110011001000110101000",
        0
      ],
      [
        "11011011001000110101000",
        0
      ],
      [
        "11110010101000110101000",
        0
      ],
      [
        "11011010101000110101000",
        0
      ],
      [
        "11111100000010110101000",
        0
      ],
      [
        "11111010000010110101000",
        0
      ],
      [
        "11111001000010110101000",
        0
      ],
      [
        "11110011000010110101000",
        0
      ],
      [
        "11010111000010110101000",
        0
      ],
      [
        "11110010100010110101000",
        0
      ],
      [
        "11010011100010110101000",
        0
      ],
      [
        "11000111100010110101000",
        1
      ],
      [
        "10001111100010110101000",
        0
      ],
      [
        "00101111100010110101000",
        1
      ],
      [
        "11110000110010110101000",
        0
      ],
      [
        "10110001110010110101000",
        1
      ],
      [
        "10100101110010110101000",
        0
      ],
      [
        "10001101110010110101000",
        1
      ],
      [
        "00001111110010110101000",
        0
      ],
      [
        "11110010001010110101000",
        0
      ],
      [
        "11110001001010110101000",
        0
      ],
      [
        "11011001001010110101000",
        0
      ],
      [
        "11110000011010110101000",
        1
      ],
      [
        "11011000011010110101000",
        1
      ],
      [
        "10110010011010110101000",
        1
      ],
      [
        "10100110011010110101000",
        0
      ],
      [
        "10001110011010110101000",
        1
      ],
      [
        "10001101011010110101000",
        0
      ],
      [
        "10110000111010110101000",
        0
      ],
      [
        "11001000111010110101000",
        0
      ],
      [
        "11000100111010110101000",
        1
      ],
      [
        "10100100111010110101000",
        1
      ],
      [
        "10001100111010110101000",
        0
      ],
      [
        "10000110111010110101000",
        0
      ],
      [
        "00100110111010110101000",
        2
      ],
      [
        "00001110111010110101000",
        1
      ],
      [
        "00001101111010110101000",
        2
      ],
      [
        "10111100000110110101000",
        1
      ],
      [
        "10111010000110110101000",
        1
      ],
      [
        "10111001000110110101000",
        1
      ],
      [
        "11010011000110110101000",
        1
      ],
      [
        "10110011000110110101000",
        1
      ],
      [
        "10100111000110110101000",
        0
      ],
      [
        "10001111000110110101000",
        1
      ],
      [
        "10110010100110110101000",
        1
      ],
      [
        "10100110100110110101000",
        0
      ],
      [
        "10001110100110110101000",
        1
      ],
      [
        "00101110100110110101000",
        0
      ],
      [
        "10001101100110110101000",
        0
      ],
      [
        "00001111100110110101000",
        1
      ],
      [
        "10111000010110110101000",
        0
      ],
      [
        "10101100010110110101000",
        0
      ],
      [
        "11010010010110110101000",
        0
      ],
      [
        "10101010010110110101000",
        0
      ],
      [
        "10100110010110110101000",
        1
      ],
      [
        "10001110010110110101000",
        0
      ],
      [
        "00101110010110110101000",
        1
      ],
      [
        "10101001010110110101000",
        0
      ],
      [
        "10100101010110110101000",
        2
      ],
      [
        "10001101010110110101000",
        1
      ],
      [
        "10100011010110110101000",
        1
      ],
      [
        "11010000110110110101000",
        1
      ],
      [
        "10101000110110110101000",
        1
      ],
      [
        "10100100110110110101000",
        0
      ],
      [
        "10001100110110110101000",
        1
      ],
      [
        "10000110110110110101000",
        1
      ],
      [
        "00100110110110110101000",
        0
      ],
      [
        "00001110110110110101000",
        0
      ],
      [
        "10000101110110110101000",
        1
      ],
      [
        "00001101110110110101000",
        1
      ],
      [
        "10000011110110110101000",
        0
      ],
      [
        "00001111001110110101000",
        0
      ],
      [
        "00101100011110110101000",
        0
      ],
      [
        "00001101011110110101000",
        0
      ],
      [
        "11000000111110110101000",
        0
      ],
      [
        "10001000111110110101000",
        1
      ],
      [
        "00101000111110110101000",
        0
      ],
      [
        "00001100111110110101000",
        0
      ],
      [
        "00000110111110110101000",
        0
      ],
      [
        "00000101111110110101000",
        0
      ],
      [
        "00000011111110110101000",
        1
      ],
      [
        "10110011001001110101000",
        1
      ],
      [
        "11001011001001110101000",
        1
      ],
      [
        "11000111001001110101000",
        0
      ],
      [
        "10100111001001110101000",
        0
      ],
      [
        "10001111001001110101000",
        1
      ],
      [
        "10110010101001110101000",
        1
      ],
      [
        "11001010101001110101000",
        1
      ],
      [
        "11000110101001110101000",
        0
      ],
      [
        "10100110101001110101000",
        0
      ],
      [
        "10001110101001110101000",
        1
      ],
      [
        "11000101101001110101000",
        1
      ],
      [
        "10001101101001110101000",
        0
      ],
      [
        "11000110011001110101000",
        1
      ],
      [
        "10001110011001110101000",
        0
      ],
      [
        "11000101011001110101000",
        0
      ],
      [
        "10001101011001110101000",
        1
      ],
      [
        "11000100111001110101000",
        0
      ],
      [
        "10001100111001110101000",
        1
      ],
      [
        "11000101010101110101000",
        1
      ],
      [
        "10001101010101110101000",
        0
      ],
      [
        "11000100110101110101000",
        1
      ],
      [
        "10001100110101110101000",
        0
      ],
      [
        "00100110110101110101000",
        1
      ],
      [
        "00001110110101110101000",
        1
      ],
      [
        "00001101110101110101000",
        0
      ],
      [
        "00001111001101110101000",
        1
      ],
      [
        "00101100011101110101000",
        1
      ],
      [
        "00001101011101110101000",
        1
      ],
      [
        "00101000111101110101000",
        1
      ],
      [
        "00001100111101110101000",
        1
      ],
      [
        "00000110111101110101000",
        1
      ],
      [
        "00000101111101110101000",
        1
      ],
      [
        "00000011111101110101000",
        0
      ],
      [
        "10000101010111110101000",
        0
      ],
      [
        "00100101010111110101000",
        1
      ],
      [
        "00001101010111110101000",
        1
      ],
      [
        "10000100110111110101000",
        2
      ],
      [
        "00100100110111110101000",
        0
      ],
      [
        "00001100110111110101000",
        2
      ],
      [
        "11111011001000001101000",
        0
      ],
      [
        "11111010101000001101000",
        0
      ],
      [
        "11110000110110001101000",
        0
      ],
      [
        "11010010110110001101000",
        0
      ],
      [
        "10110010110110001101000",
        0
      ],
      [
        "01110010110110001101000",
        1
      ],
      [
        "11000110110110001101000",
        1
      ],
      [
        "01100110110110001101000",
        0
      ],
      [
        "10001110110110001101000",
        0
      ],
      [
        "01001110110110001101000",
        2
      ],
      [
        "00101110110110001101000",
        1
      ],
      [
        "10110001110110001101000",
        1
      ],
      [
        "10100101110110001101000",
        0
      ],
      [
        "10001101110110001101000",
        1
      ],
      [
        "01001101110110001101000",
        0
      ],
      [
        "00101101110110001101000",
        0
      ],
      [
        "00001111110110001101000",
        2
      ],
      [
        "11110011001001001101000",
        0
      ],
      [
        "11011011001001001101000",
        0
      ],
      [
        "11111100000011001101000",
        0
      ],
      [
        "11111010000011001101000",
        0
      ],
      [
        "11111001000011001101000",
        0
      ],
      [
        "11110011000011001101000",
        0
      ],
      [
        "11010111000011001101000",
        0
      ],
      [
        "11011010100011001101000",
        0
      ],
      [
        "11110001001011001101000",
        0
      ],
      [
        "11011001001011001101000",
        0
      ],
      [
        "11010010101011001101000",
        0
      ],
      [
        "11000110101011001101000",
        1
      ],
      [
        "10001110101011001101000",
        0
      ],
      [
        "00101110101011001101000",
        1
      ],
      [
        "00101101101011001101000",
        0
      ],
      [
        "11110000011011001101000",
        1
      ],
      [
        "11011000011011001101000",
        1
      ],
      [
        "00101101011011001101000",
        2
      ],
      [
        "10110000111011001101000",
        0
      ],
      [
        "11001000111011001101000",
        0
      ],
      [
        "11000100111011001101000",
        1
      ],
      [
        "10100100111011001101000",
        1
      ],
      [
        "10001100111011001101000",
        0
      ],
      [
        "10000110111011001101000",
        0
      ],
      [
        "00100110111011001101000",
        2
      ],
      [
        "00001110111011001101000",
        1
      ],
      [
        "10111100000111001101000",
        1
      ],
      [
        "10111010000111001101000",
        1
      ],
      [
        "10111001000111001101000",
        1
      ],
      [
        "11010011000111001101000",
        1
      ],
      [
        "10110011000111001101000",
        1
      ],
      [
        "10100111000111001101000",
        0
      ],
      [
        "10001111000111001101000",
        1
      ],
      [
        "11001010100111001101000",
        1
      ],
      [
        "11000110100111001101000",
        0
      ],
      [
        "11000101100111001101000",
        1
      ],
      [
        "10111000010111001101000",
        0
      ],
      [
        "10101100010111001101000",
        0
      ],
      [
        "11010010010111001101000",
        0
      ],
      [
        "10101010010111001101000",
        0
      ],
      [
        "10100110010111001101000",
        1
      ],
      [
        "10001110010111001101000",
        0
      ],
      [
        "10101001010111001101000",
        0
      ],
      [
        "11000101010111001101000",
        0
      ],
      [
        "10100101010111001101000",
        2
      ],
      [
        "00101101010111001101000",
        1
      ],
      [
        "10100011010111001101000",
        1
      ],
      [
        "11010000110111001101000",
        1
      ],
      [
        "10101000110111001101000",
        1
      ],
      [
        "10100100110111001101000",
        0
      ],
      [
        "10001100110111001101000",
        1
      ],
      [
        "10000110110111001101000",
        1
      ],
      [
        "00100110110111001101000",
        0
      ],
      [
        "00001110110111001101000",
        0
      ],
      [
        "10000101110111001101000",
        1
      ],
      [
        "10000011110111001101000",
        0
      ],
      [
        "10000101011111001101000",
        1
      ],
      [
        "00100101011111001101000",
        0
      ],
      [
        "11000000111111001101000",
        0
      ],
      [
        "10001000111111001101000",
        1
      ],
      [
        "00101000111111001101000",
        0
      ],
      [
        "00001100111111001101000",
        0
      ],
      [
        "00000110111111001101000",
        0
      ],
      [
        "00000101111111001101000",
        0
      ],
      [
        "00000011111111001101000",
        1
      ],
      [
        "11110011001000101101000",
        0
      ],
      [
        "11010111001000101101000",
        0
      ],
      [
        "11011010101000101101000",
        0
      ],
      [
        "11111100000010101101000",
        0
      ],
      [
        "11111010000010101101000",
        0
      ],
      [
        "11111001000010101101000",
        0
      ],
      [
        "11110011000010101101000",
        0
      ],
      [
        "11011011000010101101000",
        0
      ],
      [
        "11010111000010101101000",
        0
      ],
      [
        "11011001001010101101000",
        0
      ],
      [
        "11011000011010101101000",
        1
      ],
      [
        "11001000111010101101000",
        0
      ],
      [
        "11000100111010101101000",
        1
      ],
      [
        "10000110111010101101000",
        0
      ],
      [
        "00100110111010101101000",
        1
      ],
      [
        "10111100000110101101000",
        1
      ],
      [
        "10111010000110101101000",
        1
      ],
      [
        "10111001000110101101000",
        1
      ],
      [
        "11010011000110101101000",
        1
      ],
      [
        "10110011000110101101000",
        1
      ],
      [
        "11001011000110101101000",
        1
      ],
      [
        "11000111000110101101000",
        0
      ],
      [
        "10100111000110101101000",
        0
      ],
      [
        "10001111000110101101000",
        1
      ],
      [
        "10111000010110101101000",
        0
      ],
      [
        "10101100010110101101000",
        0
      ],
      [
        "11010010010110101101000",
        0
      ],
      [
        "10101010010110101101000",
        0
      ],
      [
        "11000110010110101101000",
        1
      ],
      [
        "10100110010110101101000",
        1
      ],
      [
        "10001110010110101101000",
        2
      ],
      [
        "10101001010110101101000",
        0
      ],
      [
        "10100101010110101101000",
        2
      ],
      [
        "10100011010110101101000",
        1
      ],
      [
        "11010000110110101101000",
        1
      ],
      [
        "10101000110110101101000",
        1
      ],
      [
        "11000100110110101101000",
        0
      ],
      [
        "10100100110110101101000",
        0
      ],
      [
        "10001100110110101101000",
        1
      ],
      [
        "10000110110110101101000",
        1
      ],
      [
        "00100110110110101101000",
        0
      ],
      [
        "10000101110110101101000",
        1
      ],
      [
        "10000011110110101101000",
        0
      ],
      [
        "11000000111110101101000",
        0
      ],
      [
        "10001000111110101101000",
        2
      ],
      [
        "00101000111110101101000",
        0
      ],
      [
        "10000100111110101101000",
        1
      ],
      [
        "00100100111110101101000",
        0
      ],
      [
        "00001100111110101101000",
        0
      ],
      [
        "00000110111110101101000",
        0
      ],
      [
        "00000101111110101101000",
        0
      ],
      [
        "00000011111110101101000",
        1
      ],
      [
        "11010011001001101101000",
        1
      ],
      [
        "10110011001001101101000",
        1
      ],
      [
        "10100111001001101101000",
        0
      ],
      [
        "10001111001001101101000",
        1
      ],
      [
        "11001010101001101101000",
        1
      ],
      [
        "11000110101001101101000",
        0
      ],
      [
        "11000101101001101101000",
        1
      ],
      [
        "11010010011001101101000",
        0
      ],
      [
        "10001110011001101101000",
        0
      ],
      [
        "11000101011001101101000",
        0
      ],
      [
        "11010000111001101101000",
        1
      ],
      [
        "10001100111001101101000",
        1
      ],
      [
        "11000101010101101101000",
        1
      ],
      [
        "11010000110101101101000",
        0
      ],
      [
        "10001100110101101101000",
        0
      ],
      [
        "00100110110101101101000",
        1
      ],
      [
        "00101000111101101101000",
        1
      ],
      [
        "00100100111101101101000",
        1
      ],
      [
        "00001100111101101101000",
        1
      ],
      [
        "00000110111101101101000",
        1
      ],
      [
        "00000101111101101101000",
        1
      ],
      [
        "00000011111101101101000",
        0
      ],
      [
        "10000101010111101101000",
        0
      ],
      [
        "00100101010111101101000",
        1
      ],
      [
        "11000000110111101101000",
        1
      ],
      [
        "10001000110111101101000",
        0
      ],
      [
        "00101000110111101101000",
        1
      ],
      [
        "00001100110111101101000",
        1
      ],
      [
        "11110011001000011101000",
        1
      ],
      [
        "11011011001000011101000",
        1
      ],
      [
        "10111011001000011101000",
        1
      ],
      [
        "10111010101000011101000",
        1
      ],
      [
        "01001101110010011101000",
        1
      ],
      [
        "00101101110010011101000",
        1
      ],
      [
        "00001111110010011101000",
        0
      ],
      [
        "00101101010110011101000",
        0
      ],
      [
        "00100110110110011101000",
        1
      ],
      [
        "00001110110110011101000",
        1
      ],
      [
        "00100101011110011101000",
        1
      ],
      [
        "00101000111110011101000",
        1
      ],
      [
        "00001100111110011101000",
        1
      ],
      [
        "00000110111110011101000",
        1
      ],
      [
        "00000101111110011101000",
        1
      ],
      [
        "00000011111110011101000",
        0
      ],
      [
        "01001101110001011101000",
        0
      ],
      [
        "00101101110001011101000",
        0
      ],
      [
        "00001111110001011101000",
        1
      ],
      [
        "10101011001001011101000",
        0
      ],
      [
        "10100111001001011101000",
        1
      ],
      [
        "10101010101001011101000",
        0
      ],
      [
        "10100110101001011101000",
        1
      ],
      [
        "10100101101001011101000",
        0
      ],
      [
        "10100110011001011101000",
        0
      ],
      [
        "10100101011001011101000",
        1
      ],
      [
        "10100100111001011101000",
        1
      ],
      [
        "10100101010101011101000",
        0
      ],
      [
        "10100100110101011101000",
        2
      ],
      [
        "00100110110101011101000",
        0
      ],
      [
        "00101000111101011101000",
        0
      ],
      [
        "00100100111101011101000",
        0
      ],
      [
        "00001100111101011101000",
        0
      ],
      [
        "00000110111101011101000",
        0
      ],
      [
        "00000101111101011101000",
        0
      ],
      [
        "00000011111101011101000",
        1
      ],
      [
        "10000101010111011101000",
        1
      ],
      [
        "00100101010111011101000",
        0
      ],
      [
        "00101000110111011101000",
        0
      ],
      [
        "10000100110111011101000",
        0
      ],
      [
        "00001100110111011101000",
        0
      ],
      [
        "10110011001000111101000",
        0
      ],
      [
        "11001011001000111101000",
        0
      ],
      [
        "11000111001000111101000",
        1
      ],
      [
        "10100111001000111101000",
        1
      ],
      [
        "10001111001000111101000",
        0
      ],
      [
        "11000110011000111101000",
        0
      ],
      [
        "10001110011000111101000",
        1
      ],
      [
        "11000100111000111101000",
        1
      ],
      [
        "10001100111000111101000",
        0
      ],
      [
        "00101101010100111101000",
        1
      ],
      [
        "11000100110100111101000",
        0
      ],
      [
        "10001100110100111101000",
        2
      ],
      [
        "00100110110100111101000",
        0
      ],
      [
        "00001110110100111101000",
        0
      ],
      [
        "00100101011100111101000",
        0
      ],
      [
        "00101000111100111101000",
        0
      ],
      [
        "00001100111100111101000",
        0
      ],
      [
        "00000110111100111101000",
        0
      ],
      [
        "00000101111100111101000",
        0
      ],
      [
        "00000011111100111101000",
        1
      ],
      [
        "10000100110110111101000",
        1
      ],
      [
        "00100100110110111101000",
        0
      ],
      [
        "00001100110110111101000",
        1
      ],
      [
        "01001101100001111101000",
        1
      ],
      [
        "00101101100001111101000",
        1
      ],
      [
        "00001111100001111101000",
        0
      ],
      [
        "01001101001001111101000",
        0
      ],
      [
        "00101101001001111101000",
        0
      ],
      [
        "00001111001001111101000",
        1
      ],
      [
        "00000101010111111101000",
        0
      ],
      [
        "00000100110111111101000",
        1
      ],
      [
        "11011000101111000011000",
        0
      ],
      [
        "11001001101111000011000",
        1
      ],
      [
        "11000101101111000011000",
        0
      ],
      [
        "10000111101111000011000",
        1
      ],
      [
        "00100111101111000011000",
        0
      ],
      [
        "00100111011111000011000",
        1
      ],
      [
        "11111011001000100011000",
        0
      ],
      [
        "11011010101010100011000",
        0
      ],
      [
        "11011000101110100011000",
        0
      ],
      [
        "11001001101110100011000",
        1
      ],
      [
        "11000101101110100011000",
        0
      ],
      [
        "10000111101110100011000",
        1
      ],
      [
        "00100111101110100011000",
        0
      ],
      [
        "00100111011110100011000",
        1
      ],
      [
        "11110011001001100011000",
        0
      ],
      [
        "11111100000011100011000",
        0
      ],
      [
        "11111010000011100011000",
        0
      ],
      [
        "11111001000011100011000",
        0
      ],
      [
        "11110011000011100011000",
        0
      ],
      [
        "11010111000011100011000",
        0
      ],
      [
        "11001111000011100011000",
        0
      ],
      [
        "10011111000011100011000",
        1
      ],
      [
        "00111111000011100011000",
        0
      ],
      [
        "11011010100011100011000",
        0
      ],
      [
        "11110010001011100011000",
        0
      ],
      [
        "11010101001011100011000",
        0
      ],
      [
        "11011000101011100011000",
        0
      ],
      [
        "11010010101011100011000",
        0
      ],
      [
        "11000110101011100011000",
        1
      ],
      [
        "10001110101011100011000",
        0
      ],
      [
        "00101110101011100011000",
        1
      ],
      [
        "11001001101011100011000",
        1
      ],
      [
        "11000101101011100011000",
        0
      ],
      [
        "00101101101011100011000",
        0
      ],
      [
        "10000111101011100011000",
        1
      ],
      [
        "00100111101011100011000",
        0
      ],
      [
        "11010100011011100011000",
        1
      ],
      [
        "10110010011011100011000",
        1
      ],
      [
        "10100110011011100011000",
        0
      ],
      [
        "10001110011011100011000",
        1
      ],
      [
        "10001101011011100011000",
        0
      ],
      [
        "00101101011011100011000",
        1
      ],
      [
        "00100111011011100011000",
        2
      ],
      [
        "11010000111011100011000",
        0
      ],
      [
        "11000010111011100011000",
        1
      ],
      [
        "10001010111011100011000",
        0
      ],
      [
        "00101010111011100011000",
        2
      ],
      [
        "00001101111011100011000",
        1
      ],
      [
        "10111100000111100011000",
        1
      ],
      [
        "10111010000111100011000",
        1
      ],
      [
        "10111001000111100011000",
        1
      ],
      [
        "11010011000111100011000",
        1
      ],
      [
        "10110011000111100011000",
        1
      ],
      [
        "00111011000111100011000",
        1
      ],
      [
        "10100111000111100011000",
        0
      ],
      [
        "10001111000111100011000",
        1
      ],
      [
        "11001010100111100011000",
        1
      ],
      [
        "11000110100111100011000",
        0
      ],
      [
        "11000101100111100011000",
        1
      ],
      [
        "10111000010111100011000",
        0
      ],
      [
        "10101100010111100011000",
        0
      ],
      [
        "11010010010111100011000",
        0
      ],
      [
        "10101010010111100011000",
        0
      ],
      [
        "00111010010111100011000",
        0
      ],
      [
        "10100110010111100011000",
        1
      ],
      [
        "10001110010111100011000",
        0
      ],
      [
        "10101001010111100011000",
        0
      ],
      [
        "11000101010111100011000",
        0
      ],
      [
        "10100101010111100011000",
        2
      ],
      [
        "00101101010111100011000",
        0
      ],
      [
        "10100011010111100011000",
        1
      ],
      [
        "00100111010111100011000",
        0
      ],
      [
        "11010000110111100011000",
        1
      ],
      [
        "10101000110111100011000",
        1
      ],
      [
        "00111000110111100011000",
        1
      ],
      [
        "10100100110111100011000",
        0
      ],
      [
        "10001100110111100011000",
        1
      ],
      [
        "00101010110111100011000",
        1
      ],
      [
        "10000110110111100011000",
        1
      ],
      [
        "10000101110111100011000",
        1
      ],
      [
        "00001101110111100011000",
        0
      ],
      [
        "10000011110111100011000",
        0
      ],
      [
        "10000101011111100011000",
        1
      ],
      [
        "00100101011111100011000",
        0
      ],
      [
        "11000000111111100011000",
        0
      ],
      [
        "00110000111111100011000",
        0
      ],
      [
        "10001000111111100011000",
        1
      ],
      [
        "00101000111111100011000",
        0
      ],
      [
        "00001100111111100011000",
        0
      ],
      [
        "00000110111111100011000",
        0
      ],
      [
        "00000101111111100011000",
        0
      ],
      [
        "00000011111111100011000",
        1
      ],
      [
        "11110011001001010011000",
        0
      ],
      [
        "11111100000011010011000",
        0
      ],
      [
        "11111010000011010011000",
        0
      ],
      [
        "11111001000011010011000",
        0
      ],
      [
        "11110011000011010011000",
        0
      ],
      [
        "11011011000011010011000",
        0
      ],
      [
        "11010111000011010011000",
        0
      ],
      [
        "11011010100011010011000",
        0
      ],
      [
        "11010010101011010011000",
        0
      ],
      [
        "11000110101011010011000",
        1
      ],
      [
        "10001110101011010011000",
        0
      ],
      [
        "00101110101011010011000",
        1
      ],
      [
        "00101101101011010011000",
        0
      ],
      [
        "00101101011011010011000",
        1
      ],
      [
        "10111100000111010011000",
        1
      ],
      [
        "10111010000111010011000",
        1
      ],
      [
        "10111001000111010011000",
        1
      ],
      [
        "11010011000111010011000",
        1
      ],
      [
        "10110011000111010011000",
        1
      ],
      [
        "11001011000111010011000",
        1
      ],
      [
        "11000111000111010011000",
        0
      ],
      [
        "10100111000111010011000",
        0
      ],
      [
        "10001111000111010011000",
        1
      ],
      [
        "11001010100111010011000",
        1
      ],
      [
        "11000110100111010011000",
        0
      ],
      [
        "11000101100111010011000",
        1
      ],
      [
        "10111000010111010011000",
        0
      ],
      [
        "10101100010111010011000",
        0
      ],
      [
        "11010010010111010011000",
        0
      ],
      [
        "10101010010111010011000",
        0
      ],
      [
        "11000110010111010011000",
        1
      ],
      [
        "10100110010111010011000",
        1
      ],
      [
        "10001110010111010011000",
        0
      ],
      [
        "10101001010111010011000",
        0
      ],
      [
        "11000101010111010011000",
        0
      ],
      [
        "10100101010111010011000",
        2
      ],
      [
        "00101101010111010011000",
        2
      ],
      [
        "10100011010111010011000",
        1
      ],
      [
        "11010000110111010011000",
        1
      ],
      [
        "10101000110111010011000",
        1
      ],
      [
        "11000100110111010011000",
        0
      ],
      [
        "10100100110111010011000",
        0
      ],
      [
        "10001100110111010011000",
        1
      ],
      [
        "10000110110111010011000",
        1
      ],
      [
        "10000101110111010011000",
        1
      ],
      [
        "10000011110111010011000",
        0
      ],
      [
        "10000101011111010011000",
        1
      ],
      [
        "00100101011111010011000",
        0
      ],
      [
        "11000000111111010011000",
        0
      ],
      [
        "10001000111111010011000",
        1
      ],
      [
        "00101000111111010011000",
        0
      ],
      [
        "10000100111111010011000",
        1
      ],
      [
        "00100100111111010011000",
        0
      ],
      [
        "00001100111111010011000",
        0
      ],
      [
        "00000110111111010011000",
        0
      ],
      [
        "00000101111111010011000",
        0
      ],
      [
        "00000011111111010011000",
        1
      ],
      [
        "11110101001000110011000",
        0
      ],
      [
        "11110011001000110011000",
        0
      ],
      [
        "11011011001000110011000",
        0
      ],
      [
        "11010111001000110011000",
        0
      ],
      [
        "11110010101000110011000",
        0
      ],
      [
        "11011010101000110011000",
        0
      ],
      [
        "11111100000010110011000",
        0
      ],
      [
        "11111010000010110011000",
        0
      ],
      [
        "11111001000010110011000",
        0
      ],
      [
        "11110011000010110011000",
        0
      ],
      [
        "11010111000010110011000",
        0
      ],
      [
        "11001111000010110011000",
        0
      ],
      [
        "10011111000010110011000",
        1
      ],
      [
        "00111111000010110011000",
        0
      ],
      [
        "11011010100010110011000",
        0
      ],
      [
        "11110010001010110011000",
        0
      ],
      [
        "11100101001010110011000",
        0
      ],
      [
        "11010010101010110011000",
        0
      ],
      [
        "11000110101010110011000",
        1
      ],
      [
        "10001110101010110011000",
        0
      ],
      [
        "00101110101010110011000",
        1
      ],
      [
        "00101101101010110011000",
        0
      ],
      [
        "11100100011010110011000",
        1
      ],
      [
        "10110010011010110011000",
        1
      ],
      [
        "10100110011010110011000",
        0
      ],
      [
        "10001110011010110011000",
        1
      ],
      [
        "10001101011010110011000",
        0
      ],
      [
        "00101101011010110011000",
        1
      ],
      [
        "11100000111010110011000",
        0
      ],
      [
        "10100010111010110011000",
        1
      ],
      [
        "10010010111010110011000",
        0
      ],
      [
        "00011010111010110011000",
        1
      ],
      [
        "00001101111010110011000",
        1
      ],
      [
        "10111100000110110011000",
        1
      ],
      [
        "10111010000110110011000",
        1
      ],
      [
        "10111001000110110011000",
        1
      ],
      [
        "11010011000110110011000",
        1
      ],
      [
        "10110011000110110011000",
        1
      ],
      [
        "00111011000110110011000",
        1
      ],
      [
        "10100111000110110011000",
        0
      ],
      [
        "10001111000110110011000",
        1
      ],
      [
        "11001010100110110011000",
        1
      ],
      [
        "11000110100110110011000",
        0
      ],
      [
        "11000101100110110011000",
        1
      ],
      [
        "10111000010110110011000",
        0
      ],
      [
        "10101100010110110011000",
        0
      ],
      [
        "11010010010110110011000",
        0
      ],
      [
        "10101010010110110011000",
        0
      ],
      [
        "00111010010110110011000",
        0
      ],
      [
        "10100110010110110011000",
        1
      ],
      [
        "10001110010110110011000",
        0
      ],
      [
        "10101001010110110011000",
        0
      ],
      [
        "11000101010110110011000",
        0
      ],
      [
        "10100101010110110011000",
        2
      ],
      [
        "00101101010110110011000",
        0
      ],
      [
        "10100011010110110011000",
        1
      ],
      [
        "11010000110110110011000",
        1
      ],
      [
        "10101000110110110011000",
        1
      ],
      [
        "00111000110110110011000",
        1
      ],
      [
        "10100100110110110011000",
        0
      ],
      [
        "10001100110110110011000",
        1
      ],
      [
        "00011010110110110011000",
        2
      ],
      [
        "10000110110110110011000",
        1
      ],
      [
        "10000101110110110011000",
        1
      ],
      [
        "00001101110110110011000",
        0
      ],
      [
        "10000011110110110011000",
        0
      ],
      [
        "10000101011110110011000",
        1
      ],
      [
        "00100101011110110011000",
        0
      ],
      [
        "11000000111110110011000",
        0
      ],
      [
        "00110000111110110011000",
        0
      ],
      [
        "10001000111110110011000",
        1
      ],
      [
        "00101000111110110011000",
        0
      ],
      [
        "00001100111110110011000",
        0
      ],
      [
        "00000110111110110011000",
        0
      ],
      [
        "00000101111110110011000",
        0
      ],
      [
        "00000011111110110011000",
        1
      ],
      [
        "10110101001001110011000",
        1
      ],
      [
        "11010011001001110011000",
        1
      ],
      [
        "10110011001001110011000",
        1
      ],
      [
        "11001011001001110011000",
        1
      ],
      [
        "11000111001001110011000",
        0
      ],
      [
        "10100111001001110011000",
        0
      ],
      [
        "10001111001001110011000",
        1
      ],
      [
        "10110010101001110011000",
        1
      ],
      [
        "11001010101001110011000",
        1
      ],
      [
        "11000110101001110011000",
        0
      ],
      [
        "10100110101001110011000",
        0
      ],
      [
        "10001110101001110011000",
        1
      ],
      [
        "11000101101001110011000",
        1
      ],
      [
        "10001101101001110011000",
        0
      ],
      [
        "10110100011001110011000",
        0
      ],
      [
        "11010010011001110011000",
        0
      ],
      [
        "11000110011001110011000",
        1
      ],
      [
        "10001110011001110011000",
        0
      ],
      [
        "11000101011001110011000",
        0
      ],
      [
        "10001101011001110011000",
        1
      ],
      [
        "11010000111001110011000",
        1
      ],
      [
        "10110000111001110011000",
        1
      ],
      [
        "11000100111001110011000",
        0
      ],
      [
        "10001100111001110011000",
        1
      ],
      [
        "10100010111001110011000",
        0
      ],
      [
        "10001010111001110011000",
        1
      ],
      [
        "11000101010101110011000",
        1
      ],
      [
        "10001101010101110011000",
        0
      ],
      [
        "00101101010101110011000",
        1
      ],
      [
        "11010000110101110011000",
        0
      ],
      [
        "11000100110101110011000",
        1
      ],
      [
        "10001100110101110011000",
        0
      ],
      [
        "10001010110101110011000",
        0
      ],
      [
        "00011010110101110011000",
        0
      ],
      [
        "00001101110101110011000",
        1
      ],
      [
        "00100101011101110011000",
        1
      ],
      [
        "00110000111101110011000",
        1
      ],
      [
        "00101000111101110011000",
        1
      ],
      [
        "00001100111101110011000",
        1
      ],
      [
        "00000110111101110011000",
        1
      ],
      [
        "00000101111101110011000",
        1
      ],
      [
        "00000011111101110011000",
        0
      ],
      [
        "10000101010111110011000",
        0
      ],
      [
        "00100101010111110011000",
        2
      ],
      [
        "00001101010111110011000",
        2
      ],
      [
        "11000000110111110011000",
        1
      ],
      [
        "10001000110111110011000",
        0
      ],
      [
        "00101000110111110011000",
        2
      ],
      [
        "10000100110111110011000",
        2
      ],
      [
        "00100100110111110011000",
        0
      ],
      [
        "00001100110111110011000",
        2
      ],
      [
        "00001010110111110011000",
        1
      ],
      [
        "11111010101000001011000",
        0
      ],
      [
        "11011001001110001011000",
        0
      ],
      [
        "11011000011110001011000",
        1
      ],
      [
        "11001000111110001011000",
        0
      ],
      [
        "11000100111110001011000",
        1
      ],
      [
        "10000110111110001011000",
        0
      ],
      [
        "00100110111110001011000",
        1
      ],
      [
        "11011101001001001011000",
        0
      ],
      [
        "11011011001001001011000",
        0
      ],
      [
        "11010111001001001011000",
        0
      ],
      [
        "11111100000011001011000",
        0
      ],
      [
        "11111010000011001011000",
        0
      ],
      [
        "11111001000011001011000",
        0
      ],
      [
        "11110011000011001011000",
        0
      ],
      [
        "11011011000011001011000",
        0
      ],
      [
        "11010111000011001011000",
        0
      ],
      [
        "11011010100011001011000",
        0
      ],
      [
        "11011001001011001011000",
        0
      ],
      [
        "11011000101011001011000",
        0
      ],
      [
        "11001001101011001011000",
        1
      ],
      [
        "11000101101011001011000",
        0
      ],
      [
        "10000111101011001011000",
        1
      ],
      [
        "00100111101011001011000",
        0
      ],
      [
        "11011000011011001011000",
        1
      ],
      [
        "00100111011011001011000",
        2
      ],
      [
        "11001000111011001011000",
        0
      ],
      [
        "11000100111011001011000",
        1
      ],
      [
        "10000110111011001011000",
        0
      ],
      [
        "00100110111011001011000",
        1
      ],
      [
        "10111100000111001011000",
        1
      ],
      [
        "10111010000111001011000",
        1
      ],
      [
        "10111001000111001011000",
        1
      ],
      [
        "11010011000111001011000",
        1
      ],
      [
        "10110011000111001011000",
        1
      ],
      [
        "11001011000111001011000",
        1
      ],
      [
        "11000111000111001011000",
        0
      ],
      [
        "10100111000111001011000",
        0
      ],
      [
        "10001111000111001011000",
        1
      ],
      [
        "11001010100111001011000",
        1
      ],
      [
        "11000110100111001011000",
        0
      ],
      [
        "11000101100111001011000",
        1
      ],
      [
        "10111000010111001011000",
        0
      ],
      [
        "10101100010111001011000",
        0
      ],
      [
        "11010010010111001011000",
        0
      ],
      [
        "10101010010111001011000",
        0
      ],
      [
        "11000110010111001011000",
        1
      ],
      [
        "10100110010111001011000",
        1
      ],
      [
        "10001110010111001011000",
        0
      ],
      [
        "10101001010111001011000",
        0
      ],
      [
        "11000101010111001011000",
        0
      ],
      [
        "10100101010111001011000",
        2
      ],
      [
        "10100011010111001011000",
        1
      ],
      [
        "00100111010111001011000",
        0
      ],
      [
        "11010000110111001011000",
        1
      ],
      [
        "10101000110111001011000",
        1
      ],
      [
        "11000100110111001011000",
        0
      ],
      [
        "10100100110111001011000",
        0
      ],
      [
        "10001100110111001011000",
        1
      ],
      [
        "10000110110111001011000",
        1
      ],
      [
        "00100110110111001011000",
        0
      ],
      [
        "10000101110111001011000",
        1
      ],
      [
        "10000011110111001011000",
        0
      ],
      [
        "10000101011111001011000",
        1
      ],
      [
        "00100101011111001011000",
        0
      ],
      [
        "11000000111111001011000",
        0
      ],
      [
        "10001000111111001011000",
        1
      ],
      [
        "00101000111111001011000",
        0
      ],
      [
        "10000100111111001011000",
        1
      ],
      [
        "00100100111111001011000",
        0
      ],
      [
        "00001100111111001011000",
        0
      ],
      [
        "00000110111111001011000",
        0
      ],
      [
        "00000101111111001011000",
        0
      ],
      [
        "00000011111111001011000",
        1
      ],
      [
        "11110011001000101011000",
        0
      ],
      [
        "11011011001000101011000",
        0
      ],
      [
        "11010111001000101011000",
        0
      ],
      [
        "11011010101000101011000",
        0
      ],
      [
        "11111100000010101011000",
        0
      ],
      [
        "11111010000010101011000",
        0
      ],
      [
        "11111001000010101011000",
        0
      ],
      [
        "11110101000010101011000",
        0
      ],
      [
        "11110011000010101011000",
        0
      ],
      [
        "11010111000010101011000",
        0
      ],
      [
        "11001111000010101011000",
        0
      ],
      [
        "10011111000010101011000",
        1
      ],
      [
        "00111111000010101011000",
        0
      ],
      [
        "11011001001010101011000",
        0
      ],
      [
        "11011000101010101011000",
        0
      ],
      [
        "11001001101010101011000",
        1
      ],
      [
        "11000101101010101011000",
        0
      ],
      [
        "10000111101010101011000",
        1
      ],
      [
        "00100111101010101011000",
        0
      ],
      [
        "11011000011010101011000",
        1
      ],
      [
        "00100111011010101011000",
        1
      ],
      [
        "11001000111010101011000",
        0
      ],
      [
        "11000100111010101011000",
        1
      ],
      [
        "10000110111010101011000",
        0
      ],
      [
        "00100110111010101011000",
        2
      ],
      [
        "10111100000110101011000",
        1
      ],
      [
        "10111010000110101011000",
        1
      ],
      [
        "10111001000110101011000",
        1
      ],
      [
        "10110101000110101011000",
        1
      ],
      [
        "11010011000110101011000",
        1
      ],
      [
        "10110011000110101011000",
        1
      ],
      [
        "00111011000110101011000",
        1
      ],
      [
        "10100111000110101011000",
        0
      ],
      [
        "10001111000110101011000",
        1
      ],
      [
        "10111000010110101011000",
        0
      ],
      [
        "10110100010110101011000",
        0
      ],
      [
        "10101100010110101011000",
        0
      ],
      [
        "11010010010110101011000",
        0
      ],
      [
        "10101010010110101011000",
        0
      ],
      [
        "00111010010110101011000",
        0
      ],
      [
        "10100110010110101011000",
        1
      ],
      [
        "10001110010110101011000",
        0
      ],
      [
        "10101001010110101011000",
        0
      ],
      [
        "10100101010110101011000",
        2
      ],
      [
        "10100011010110101011000",
        1
      ],
      [
        "00100111010110101011000",
        0
      ],
      [
        "11010000110110101011000",
        1
      ],
      [
        "10110000110110101011000",
        1
      ],
      [
        "10101000110110101011000",
        1
      ],
      [
        "00111000110110101011000",
        1
      ],
      [
        "10100100110110101011000",
        0
      ],
      [
        "10001100110110101011000",
        1
      ],
      [
        "10100010110110101011000",
        0
      ],
      [
        "10001010110110101011000",
        2
      ],
      [
        "10000110110110101011000",
        1
      ],
      [
        "00100110110110101011000",
        0
      ],
      [
        "10000101110110101011000",
        1
      ],
      [
        "10000011110110101011000",
        0
      ],
      [
        "11000000111110101011000",
        0
      ],
      [
        "00110000111110101011000",
        0
      ],
      [
        "10001000111110101011000",
        1
      ],
      [
        "00101000111110101011000",
        2
      ],
      [
        "00001100111110101011000",
        0
      ],
      [
        "00001010111110101011000",
        0
      ],
      [
        "00000110111110101011000",
        0
      ],
      [
        "00000101111110101011000",
        0
      ],
      [
        "00000011111110101011000",
        1
      ],
      [
        "11010011001001101011000",
        1
      ],
      [
        "10110011001001101011000",
        1
      ],
      [
        "11001011001001101011000",
        1
      ],
      [
        "11000111001001101011000",
        0
      ],
      [
        "10100111001001101011000",
        0
      ],
      [
        "10001111001001101011000",
        1
      ],
      [
        "11001010101001101011000",
        1
      ],
      [
        "11000110101001101011000",
        0
      ],
      [
        "11000101101001101011000",
        1
      ],
      [
        "11010010011001101011000",
        0
      ],
      [
        "11000110011001101011000",
        1
      ],
      [
        "10001110011001101011000",
        0
      ],
      [
        "11000101011001101011000",
        0
      ],
      [
        "11010000111001101011000",
        1
      ],
      [
        "11000100111001101011000",
        0
      ],
      [
        "10001100111001101011000",
        1
      ],
      [
        "11000101010101101011000",
        1
      ],
      [
        "00100111010101101011000",
        1
      ],
      [
        "11010000110101101011000",
        0
      ],
      [
        "11000100110101101011000",
        1
      ],
      [
        "10001100110101101011000",
        0
      ],
      [
        "00100110110101101011000",
        1
      ],
      [
        "00110000111101101011000",
        1
      ],
      [
        "00101000111101101011000",
        0
      ],
      [
        "00001100111101101011000",
        1
      ],
      [
        "00001010111101101011000",
        1
      ],
      [
        "00000110111101101011000",
        1
      ],
      [
        "00000101111101101011000",
        1
      ],
      [
        "00000011111101101011000",
        0
      ],
      [
        "10000101010111101011000",
        0
      ],
      [
        "00100101010111101011000",
        2
      ],
      [
        "11000000110111101011000",
        1
      ],
      [
        "10001000110111101011000",
        0
      ],
      [
        "00101000110111101011000",
        1
      ],
      [
        "10000100110111101011000",
        0
      ],
      [
        "00100100110111101011000",
        1
      ],
      [
        "00001100110111101011000",
        2
      ],
      [
        "11011101001000011011000",
        1
      ],
      [
        "11011011001000011011000",
        1
      ],
      [
        "11010111001000011011000",
        1
      ],
      [
        "10111010101000011011000",
        1
      ],
      [
        "00100110111010011011000",
        0
      ],
      [
        "00100111010110011011000",
        1
      ],
      [
        "00100110110110011011000",
        1
      ],
      [
        "00100101011110011011000",
        1
      ],
      [
        "00101000111110011011000",
        1
      ],
      [
        "00100100111110011011000",
        1
      ],
      [
        "00001100111110011011000",
        1
      ],
      [
        "00000110111110011011000",
        1
      ],
      [
        "00000101111110011011000",
        1
      ],
      [
        "00000011111110011011000",
        0
      ],
      [
        "10101010101001011011000",
        0
      ],
      [
        "10100110101001011011000",
        1
      ],
      [
        "10100101101001011011000",
        0
      ],
      [
        "10100101011001011011000",
        1
      ],
      [
        "00100110111001011011000",
        1
      ],
      [
        "10100101010101011011000",
        0
      ],
      [
        "00100111010101011011000",
        0
      ],
      [
        "00100110110101011011000",
        0
      ],
      [
        "00110000111101011011000",
        0
      ],
      [
        "00101000111101011011000",
        1
      ],
      [
        "00001100111101011011000",
        0
      ],
      [
        "00001010111101011011000",
        0
      ],
      [
        "00000110111101011011000",
        0
      ],
      [
        "00000101111101011011000",
        0
      ],
      [
        "00000011111101011011000",
        1
      ],
      [
        "10000101010111011011000",
        1
      ],
      [
        "00100101010111011011000",
        0
      ],
      [
        "00101000110111011011000",
        0
      ],
      [
        "00100100110111011011000",
        2
      ],
      [
        "00001100110111011011000",
        0
      ],
      [
        "11001101001000111011000",
        0
      ],
      [
        "11010011001000111011000",
        0
      ],
      [
        "11001011001000111011000",
        0
      ],
      [
        "11000111001000111011000",
        1
      ],
      [
        "11001100011000111011000",
        1
      ],
      [
        "11010010011000111011000",
        1
      ],
      [
        "11000110011000111011000",
        0
      ],
      [
        "11010000111000111011000",
        0
      ],
      [
        "11001000111000111011000",
        0
      ],
      [
        "11000100111000111011000",
        1
      ],
      [
        "11000010111000111011000",
        1
      ],
      [
        "00100111010100111011000",
        0
      ],
      [
        "11010000110100111011000",
        1
      ],
      [
        "11000100110100111011000",
        0
      ],
      [
        "11000010110100111011000",
        0
      ],
      [
        "00100110110100111011000",
        0
      ],
      [
        "00100101011100111011000",
        0
      ],
      [
        "00101000111100111011000",
        0
      ],
      [
        "00100100111100111011000",
        2
      ],
      [
        "00001100111100111011000",
        0
      ],
      [
        "00000110111100111011000",
        0
      ],
      [
        "00000101111100111011000",
        0
      ],
      [
        "00000011111100111011000",
        1
      ],
      [
        "11000000110110111011000",
        0
      ],
      [
        "10001000110110111011000",
        2
      ],
      [
        "00101000110110111011000",
        1
      ],
      [
        "10000100110110111011000",
        1
      ],
      [
        "00100100110110111011000",
        0
      ],
      [
        "10000010110110111011000",
        1
      ],
      [
        "00100010110110111011000",
        0
      ],
      [
        "00100110110001111011000",
        0
      ],
      [
        "00000101010111111011000",
        0
      ],
      [
        "11110011001001000111000",
        1
      ],
      [
        "00100111011011000111000",
        0
      ],
      [
        "00101101010111000111000",
        0
      ],
      [
        "00100101011111000111000",
        1
      ],
      [
        "00101000111111000111000",
        1
      ],
      [
        "00100100111111000111000",
        1
      ],
      [
        "00001100111111000111000",
        1
      ],
      [
        "00000110111111000111000",
        1
      ],
      [
        "00000101111111000111000",
        1
      ],
      [
        "00000011111111000111000",
        0
      ],
      [
        "11110011001000100111000",
        1
      ],
      [
        "10111011001000100111000",
        1
      ],
      [
        "11001010101010100111000",
        1
      ],
      [
        "11000110101010100111000",
        0
      ],
      [
        "11000101101010100111000",
        1
      ],
      [
        "11000101011010100111000",
        0
      ],
      [
        "00100111011010100111000",
        0
      ],
      [
        "11000101010110100111000",
        1
      ],
      [
        "00101101010110100111000",
        1
      ],
      [
        "00100111010110100111000",
        1
      ],
      [
        "00101010110110100111000",
        0
      ],
      [
        "00001101110110100111000",
        1
      ],
      [
        "00100101011110100111000",
        1
      ],
      [
        "00110000111110100111000",
        1
      ],
      [
        "00101000111110100111000",
        1
      ],
      [
        "00001100111110100111000",
        1
      ],
      [
        "00000110111110100111000",
        1
      ],
      [
        "00000101111110100111000",
        1
      ],
      [
        "00000011111110100111000",
        0
      ],
      [
        "10101011001001100111000",
        0
      ],
      [
        "10100111001001100111000",
        1
      ],
      [
        "10100110011001100111000",
        0
      ],
      [
        "00100111011001100111000",
        1
      ],
      [
        "10100100111001100111000",
        1
      ],
      [
        "11000101010101100111000",
        0
      ],
      [
        "00101101010101100111000",
        0
      ],
      [
        "10100100110101100111000",
        0
      ],
      [
        "00011010110101100111000",
        1
      ],
      [
        "00001101110101100111000",
        0
      ],
      [
        "00100101011101100111000",
        0
      ],
      [
        "00110000111101100111000",
        0
      ],
      [
        "00101000111101100111000",
        0
      ],
      [
        "00001100111101100111000",
        0
      ],
      [
        "00000110111101100111000",
        0
      ],
      [
        "00000101111101100111000",
        0
      ],
      [
        "00000011111101100111000",
        1
      ],
      [
        "00100101010111100111000",
        0
      ],
      [
        "00001101010111100111000",
        0
      ],
      [
        "00101000110111100111000",
        0
      ],
      [
        "10000100110111100111000",
        1
      ],
      [
        "00100100110111100111000",
        1
      ],
      [
        "00001100110111100111000",
        0
      ],
      [
        "00001010110111100111000",
        0
      ],
      [
        "11110011001000010111000",
        0
      ],
      [
        "00100111011010010111000",
        1
      ],
      [
        "00101101010110010111000",
        2
      ],
      [
        "00100111010110010111000",
        0
      ],
      [
        "00101010110110010111000",
        1
      ],
      [
        "00001101110110010111000",
        0
      ],
      [
        "00100101011110010111000",
        2
      ],
      [
        "00110000111110010111000",
        0
      ],
      [
        "00101000111110010111000",
        0
      ],
      [
        "00001100111110010111000",
        0
      ],
      [
        "00000110111110010111000",
        0
      ],
      [
        "00000101111110010111000",
        0
      ],
      [
        "00000011111110010111000",
        1
      ],
      [
        "00100111011001010111000",
        0
      ],
      [
        "11000101010101010111000",
        1
      ],
      [
        "00100111010101010111000",
        1
      ],
      [
        "00100110110101010111000",
        1
      ],
      [
        "00110000111101010111000",
        1
      ],
      [
        "00101000111101010111000",
        0
      ],
      [
        "00001100111101010111000",
        1
      ],
      [
        "00001010111101010111000",
        1
      ],
      [
        "00000110111101010111000",
        1
      ],
      [
        "00000101111101010111000",
        1
      ],
      [
        "00000011111101010111000",
        0
      ],
      [
        "00100101010111010111000",
        1
      ],
      [
        "00101000110111010111000",
        1
      ],
      [
        "10000100110111010111000",
        2
      ],
      [
        "00100100110111010111000",
        0
      ],
      [
        "00001100110111010111000",
        1
      ],
      [
        "00100111011000110111000",
        0
      ],
      [
        "00100111010100110111000",
        1
      ],
      [
        "00100110110100110111000",
        1
      ],
      [
        "00100101011100110111000",
        1
      ],
      [
        "00101000111100110111000",
        1
      ],
      [
        "00100100111100110111000",
        0
      ],
      [
        "00001100111100110111000",
        1
      ],
      [
        "00000110111100110111000",
        1
      ],
      [
        "00000101111100110111000",
        1
      ],
      [
        "00000011111100110111000",
        0
      ],
      [
        "00101000110110110111000",
        0
      ],
      [
        "00100100110110110111000",
        1
      ],
      [
        "00100010110110110111000",
        1
      ],
      [
        "00100110110001110111000",
        1
      ],
      [
        "00000101010111110111000",
        1
      ],
      [
        "11110011001000001111000",
        0
      ],
      [
        "00101101010110001111000",
        1
      ],
      [
        "00100101011110001111000",
        2
      ],
      [
        "00101000111110001111000",
        0
      ],
      [
        "00100100111110001111000",
        0
      ],
      [
        "00001100111110001111000",
        0
      ],
      [
        "00000110111110001111000",
        0
      ],
      [
        "00000101111110001111000",
        0
      ],
      [
        "00000011111110001111000",
        1
      ],
      [
        "00101101010101001111000",
        1
      ],
      [
        "00011010110101001111000",
        0
      ],
      [
        "00001101110101001111000",
        1
      ],
      [
        "00100101011101001111000",
        1
      ],
      [
        "00110000111101001111000",
        1
      ],
      [
        "00101000111101001111000",
        1
      ],
      [
        "00001100111101001111000",
        1
      ],
      [
        "00000110111101001111000",
        1
      ],
      [
        "00000101111101001111000",
        1
      ],
      [
        "00000011111101001111000",
        0
      ],
      [
        "00100101010111001111000",
        1
      ],
      [
        "00001101010111001111000",
        1
      ],
      [
        "00101000110111001111000",
        1
      ],
      [
        "00100100110111001111000",
        0
      ],
      [
        "00001100110111001111000",
        1
      ],
      [
        "00001010110111001111000",
        1
      ],
      [
        "10110011001000101111000",
        1
      ],
      [
        "10100111001000101111000",
        0
      ],
      [
        "10001111001000101111000",
        1
      ],
      [
        "10001110011000101111000",
        0
      ],
      [
        "10001100111000101111000",
        1
      ],
      [
        "00101101010100101111000",
        0
      ],
      [
        "10001100110100101111000",
        0
      ],
      [
        "00100101011100101111000",
        0
      ],
      [
        "00101000111100101111000",
        1
      ],
      [
        "00100100111100101111000",
        1
      ],
      [
        "00001100111100101111000",
        1
      ],
      [
        "00000110111100101111000",
        1
      ],
      [
        "00000101111100101111000",
        1
      ],
      [
        "00000011111100101111000",
        0
      ],
      [
        "00001100110110101111000",
        1
      ],
      [
        "10110011001000011111000",
        1
      ],
      [
        "10100111001000011111000",
        0
      ],
      [
        "10001111001000011111000",
        1
      ],
      [
        "10001110011000011111000",
        0
      ],
      [
        "10001100111000011111000",
        1
      ],
      [
        "00101101010100011111000",
        0
      ],
      [
        "00100111010100011111000",
        1
      ],
      [
        "10001100110100011111000",
        0
      ],
      [
        "00101010110100011111000",
        0
      ],
      [
        "00001101110100011111000",
        1
      ],
      [
        "00100101011100011111000",
        0
      ],
      [
        "00110000111100011111000",
        1
      ],
      [
        "00101000111100011111000",
        1
      ],
      [
        "00001100111100011111000",
        1
      ],
      [
        "00000110111100011111000",
        1
      ],
      [
        "00000101111100011111000",
        1
      ],
      [
        "00000011111100011111000",
        0
      ],
      [
        "00001100110110011111000",
        1
      ],
      [
        "00100111010001011111000",
        1
      ],
      [
        "10000101010101011111000",
        2
      ],
      [
        "00100101010101011111000",
        0
      ],
      [
        "00000100110111011111000",
        1
      ],
      [
        "00100111010000111111000",
        1
      ],
      [
        "11110011001011100000100",
        0
      ],
      [
        "11110011001010110000100",
        0
      ],
      [
        "11110000110110110000100",
        0
      ],
      [
        "10110001110110110000100",
        1
      ],
      [
        "10100101110110110000100",
        0
      ],
      [
        "10001101110110110000100",
        1
      ],
      [
        "00001111110110110000100",
        0
      ],
      [
        "11111100000011110000100",
        0
      ],
      [
        "11111010000011110000100",
        0
      ],
      [
        "11111001000011110000100",
        0
      ],
      [
        "11110011000011110000100",
        0
      ],
      [
        "11011011000011110000100",
        0
      ],
      [
        "11010111000011110000100",
        0
      ],
      [
        "11110010100011110000100",
        0
      ],
      [
        "11110000110011110000100",
        0
      ],
      [
        "10110001110011110000100",
        1
      ],
      [
        "10100101110011110000100",
        0
      ],
      [
        "10001101110011110000100",
        1
      ],
      [
        "00001111110011110000100",
        2
      ],
      [
        "11110010001011110000100",
        0
      ],
      [
        "11011010001011110000100",
        0
      ],
      [
        "11010101001011110000100",
        0
      ],
      [
        "11010100011011110000100",
        1
      ],
      [
        "10110010011011110000100",
        1
      ],
      [
        "11001010011011110000100",
        1
      ],
      [
        "11000110011011110000100",
        0
      ],
      [
        "10100110011011110000100",
        0
      ],
      [
        "10001110011011110000100",
        1
      ],
      [
        "11000101011011110000100",
        1
      ],
      [
        "10001101011011110000100",
        0
      ],
      [
        "11010000111011110000100",
        0
      ],
      [
        "11000010111011110000100",
        1
      ],
      [
        "10001010111011110000100",
        0
      ],
      [
        "00101010111011110000100",
        1
      ],
      [
        "10000101111011110000100",
        0
      ],
      [
        "00100101111011110000100",
        1
      ],
      [
        "00001101111011110000100",
        1
      ],
      [
        "10111100000111110000100",
        1
      ],
      [
        "10111010000111110000100",
        1
      ],
      [
        "10111001000111110000100",
        1
      ],
      [
        "11010011000111110000100",
        1
      ],
      [
        "10110011000111110000100",
        1
      ],
      [
        "11001011000111110000100",
        1
      ],
      [
        "11000111000111110000100",
        0
      ],
      [
        "10100111000111110000100",
        0
      ],
      [
        "10001111000111110000100",
        1
      ],
      [
        "10110010100111110000100",
        1
      ],
      [
        "10100110100111110000100",
        0
      ],
      [
        "10001110100111110000100",
        1
      ],
      [
        "10001101100111110000100",
        0
      ],
      [
        "00001111100111110000100",
        1
      ],
      [
        "10111000010111110000100",
        0
      ],
      [
        "10101100010111110000100",
        0
      ],
      [
        "11010010010111110000100",
        0
      ],
      [
        "10101010010111110000100",
        0
      ],
      [
        "11000110010111110000100",
        1
      ],
      [
        "10100110010111110000100",
        1
      ],
      [
        "10001110010111110000100",
        0
      ],
      [
        "10101001010111110000100",
        0
      ],
      [
        "10100101010111110000100",
        2
      ],
      [
        "10001101010111110000100",
        1
      ],
      [
        "10100011010111110000100",
        1
      ],
      [
        "11010000110111110000100",
        1
      ],
      [
        "10101000110111110000100",
        1
      ],
      [
        "11000100110111110000100",
        0
      ],
      [
        "10100100110111110000100",
        0
      ],
      [
        "10001100110111110000100",
        1
      ],
      [
        "00101010110111110000100",
        0
      ],
      [
        "10000110110111110000100",
        1
      ],
      [
        "10000101110111110000100",
        1
      ],
      [
        "00100101110111110000100",
        0
      ],
      [
        "00001101110111110000100",
        0
      ],
      [
        "10000011110111110000100",
        0
      ],
      [
        "00001111001111110000100",
        0
      ],
      [
        "00001101011111110000100",
        0
      ],
      [
        "11000000111111110000100",
        0
      ],
      [
        "10001000111111110000100",
        1
      ],
      [
        "00101000111111110000100",
        0
      ],
      [
        "10000100111111110000100",
        1
      ],
      [
        "00100100111111110000100",
        0
      ],
      [
        "00001100111111110000100",
        0
      ],
      [
        "00000110111111110000100",
        0
      ],
      [
        "00000101111111110000100",
        0
      ],
      [
        "00000011111111110000100",
        1
      ],
      [
        "11010111001010101000100",
        0
      ],
      [
        "11110000110110101000100",
        0
      ],
      [
        "11010010110110101000100",
        0
      ],
      [
        "11000110110110101000100",
        1
      ],
      [
        "10001110110110101000100",
        0
      ],
      [
        "00101110110110101000100",
        1
      ],
      [
        "10110001110110101000100",
        1
      ],
      [
        "10100101110110101000100",
        0
      ],
      [
        "10001101110110101000100",
        1
      ],
      [
        "00101101110110101000100",
        0
      ],
      [
        "00001111110110101000100",
        0
      ],
      [
        "11110011001001101000100",
        0
      ],
      [
        "11111100000011101000100",
        0
      ],
      [
        "11111010000011101000100",
        0
      ],
      [
        "11111001000011101000100",
        0
      ],
      [
        "11110101000011101000100",
        0
      ],
      [
        "11110011000011101000100",
        0
      ],
      [
        "11010111000011101000100",
        0
      ],
      [
        "11001111000011101000100",
        0
      ],
      [
        "10011111000011101000100",
        1
      ],
      [
        "00111111000011101000100",
        0
      ],
      [
        "11110010001011101000100",
        0
      ],
      [
        "11010101001011101000100",
        0
      ],
      [
        "11010011001011101000100",
        0
      ],
      [
        "11000111001011101000100",
        1
      ],
      [
        "10001111001011101000100",
        0
      ],
      [
        "00101111001011101000100",
        1
      ],
      [
        "11010100011011101000100",
        1
      ],
      [
        "10110010011011101000100",
        1
      ],
      [
        "10100110011011101000100",
        0
      ],
      [
        "10001110011011101000100",
        1
      ],
      [
        "00101110011011101000100",
        0
      ],
      [
        "10001101011011101000100",
        0
      ],
      [
        "11010000111011101000100",
        0
      ],
      [
        "00101100111011101000100",
        1
      ],
      [
        "11000010111011101000100",
        1
      ],
      [
        "10001010111011101000100",
        0
      ],
      [
        "00101010111011101000100",
        1
      ],
      [
        "00001101111011101000100",
        1
      ],
      [
        "10111100000111101000100",
        1
      ],
      [
        "10111010000111101000100",
        1
      ],
      [
        "10111001000111101000100",
        1
      ],
      [
        "10110101000111101000100",
        1
      ],
      [
        "11010011000111101000100",
        1
      ],
      [
        "10110011000111101000100",
        1
      ],
      [
        "00111011000111101000100",
        1
      ],
      [
        "10100111000111101000100",
        0
      ],
      [
        "10001111000111101000100",
        1
      ],
      [
        "10111000010111101000100",
        0
      ],
      [
        "10110100010111101000100",
        0
      ],
      [
        "10101100010111101000100",
        0
      ],
      [
        "11010010010111101000100",
        0
      ],
      [
        "10101010010111101000100",
        0
      ],
      [
        "00111010010111101000100",
        0
      ],
      [
        "10100110010111101000100",
        1
      ],
      [
        "10001110010111101000100",
        0
      ],
      [
        "10101001010111101000100",
        0
      ],
      [
        "10100101010111101000100",
        2
      ],
      [
        "10100011010111101000100",
        1
      ],
      [
        "11010000110111101000100",
        1
      ],
      [
        "10110000110111101000100",
        1
      ],
      [
        "10101000110111101000100",
        1
      ],
      [
        "00111000110111101000100",
        1
      ],
      [
        "10100100110111101000100",
        1
      ],
      [
        "10001100110111101000100",
        1
      ],
      [
        "00101100110111101000100",
        0
      ],
      [
        "10100010110111101000100",
        0
      ],
      [
        "10001010110111101000100",
        1
      ],
      [
        "00101010110111101000100",
        2
      ],
      [
        "10000110110111101000100",
        0
      ],
      [
        "10000101110111101000100",
        2
      ],
      [
        "00001101110111101000100",
        0
      ],
      [
        "10000011110111101000100",
        0
      ],
      [
        "11000000111111101000100",
        0
      ],
      [
        "00110000111111101000100",
        0
      ],
      [
        "10001000111111101000100",
        1
      ],
      [
        "00101000111111101000100",
        0
      ],
      [
        "00001100111111101000100",
        0
      ],
      [
        "00001010111111101000100",
        0
      ],
      [
        "00000110111111101000100",
        1
      ],
      [
        "00000101111111101000100",
        0
      ],
      [
        "00000011111111101000100",
        1
      ],
      [
        "11110111001000011000100",
        0
      ],
      [
        "11111100000011011000100",
        0
      ],
      [
        "11111010000011011000100",
        0
      ],
      [
        "11111001000011011000100",
        0
      ],
      [
        "11110011000011011000100",
        0
      ],
      [
        "11010111000011011000100",
        0
      ],
      [
        "11110010100011011000100",
        0
      ],
      [
        "11110000110011011000100",
        0
      ],
      [
        "10110001110011011000100",
        1
      ],
      [
        "10100101110011011000100",
        0
      ],
      [
        "10001101110011011000100",
        1
      ],
      [
        "00001111110011011000100",
        0
      ],
      [
        "11011010001011011000100",
        0
      ],
      [
        "11110001001011011000100",
        0
      ],
      [
        "11110000011011011000100",
        1
      ],
      [
        "11001010011011011000100",
        1
      ],
      [
        "11000110011011011000100",
        0
      ],
      [
        "11000101011011011000100",
        1
      ],
      [
        "10110000111011011000100",
        0
      ],
      [
        "10100100111011011000100",
        1
      ],
      [
        "10001100111011011000100",
        0
      ],
      [
        "00001110111011011000100",
        1
      ],
      [
        "10000101111011011000100",
        0
      ],
      [
        "00100101111011011000100",
        1
      ],
      [
        "10111100000111011000100",
        1
      ],
      [
        "10111010000111011000100",
        1
      ],
      [
        "10111001000111011000100",
        1
      ],
      [
        "11010011000111011000100",
        1
      ],
      [
        "10110011000111011000100",
        1
      ],
      [
        "10100111000111011000100",
        0
      ],
      [
        "10001111000111011000100",
        1
      ],
      [
        "10110010100111011000100",
        1
      ],
      [
        "10100110100111011000100",
        0
      ],
      [
        "10001110100111011000100",
        1
      ],
      [
        "10001101100111011000100",
        0
      ],
      [
        "00001111100111011000100",
        1
      ],
      [
        "10111000010111011000100",
        0
      ],
      [
        "10101100010111011000100",
        0
      ],
      [
        "11010010010111011000100",
        0
      ],
      [
        "10101010010111011000100",
        0
      ],
      [
        "10100110010111011000100",
        1
      ],
      [
        "10001110010111011000100",
        0
      ],
      [
        "10101001010111011000100",
        0
      ],
      [
        "10100101010111011000100",
        2
      ],
      [
        "10001101010111011000100",
        1
      ],
      [
        "10100011010111011000100",
        1
      ],
      [
        "11010000110111011000100",
        1
      ],
      [
        "10101000110111011000100",
        1
      ],
      [
        "10100100110111011000100",
        0
      ],
      [
        "10001100110111011000100",
        1
      ],
      [
        "10000110110111011000100",
        1
      ],
      [
        "00001110110111011000100",
        2
      ],
      [
        "10000101110111011000100",
        1
      ],
      [
        "00100101110111011000100",
        0
      ],
      [
        "10000011110111011000100",
        0
      ],
      [
        "00001111001111011000100",
        0
      ],
      [
        "00001101011111011000100",
        0
      ],
      [
        "11000000111111011000100",
        0
      ],
      [
        "10001000111111011000100",
        1
      ],
      [
        "00101000111111011000100",
        0
      ],
      [
        "00001100111111011000100",
        0
      ],
      [
        "00000110111111011000100",
        0
      ],
      [
        "00000101111111011000100",
        0
      ],
      [
        "00000011111111011000100",
        1
      ],
      [
        "11110101001000111000100",
        0
      ],
      [
        "11110011001000111000100",
        0
      ],
      [
        "11011011001000111000100",
        0
      ],
      [
        "11010111001000111000100",
        0
      ],
      [
        "11011010101000111000100",
        0
      ],
      [
        "11111100000010111000100",
        0
      ],
      [
        "11111010000010111000100",
        0
      ],
      [
        "11111001000010111000100",
        0
      ],
      [
        "11110011000010111000100",
        0
      ],
      [
        "11010111000010111000100",
        0
      ],
      [
        "11011010100010111000100",
        0
      ],
      [
        "11010011001010111000100",
        0
      ],
      [
        "11000111001010111000100",
        1
      ],
      [
        "10001111001010111000100",
        0
      ],
      [
        "00101111001010111000100",
        1
      ],
      [
        "11010010101010111000100",
        0
      ],
      [
        "11000110101010111000100",
        1
      ],
      [
        "10001110101010111000100",
        0
      ],
      [
        "00101110101010111000100",
        1
      ],
      [
        "00101101101010111000100",
        0
      ],
      [
        "00101110011010111000100",
        0
      ],
      [
        "00101101011010111000100",
        1
      ],
      [
        "00101100111010111000100",
        1
      ],
      [
        "10111100000110111000100",
        1
      ],
      [
        "10111010000110111000100",
        1
      ],
      [
        "10111001000110111000100",
        1
      ],
      [
        "11010011000110111000100",
        1
      ],
      [
        "10110011000110111000100",
        1
      ],
      [
        "10100111000110111000100",
        0
      ],
      [
        "10001111000110111000100",
        1
      ],
      [
        "11001010100110111000100",
        1
      ],
      [
        "11000110100110111000100",
        0
      ],
      [
        "11000101100110111000100",
        1
      ],
      [
        "10111000010110111000100",
        0
      ],
      [
        "10101100010110111000100",
        0
      ],
      [
        "11010010010110111000100",
        0
      ],
      [
        "10101010010110111000100",
        0
      ],
      [
        "10100110010110111000100",
        1
      ],
      [
        "10001110010110111000100",
        0
      ],
      [
        "10101001010110111000100",
        0
      ],
      [
        "11000101010110111000100",
        0
      ],
      [
        "10100101010110111000100",
        2
      ],
      [
        "00101101010110111000100",
        2
      ],
      [
        "10100011010110111000100",
        1
      ],
      [
        "11010000110110111000100",
        1
      ],
      [
        "10101000110110111000100",
        1
      ],
      [
        "10100100110110111000100",
        0
      ],
      [
        "10001100110110111000100",
        1
      ],
      [
        "00101100110110111000100",
        0
      ],
      [
        "10000110110110111000100",
        1
      ],
      [
        "10000101110110111000100",
        1
      ],
      [
        "10000011110110111000100",
        0
      ],
      [
        "10000101011110111000100",
        1
      ],
      [
        "00100101011110111000100",
        0
      ],
      [
        "11000000111110111000100",
        0
      ],
      [
        "10001000111110111000100",
        1
      ],
      [
        "00101000111110111000100",
        0
      ],
      [
        "00001100111110111000100",
        0
      ],
      [
        "00000110111110111000100",
        0
      ],
      [
        "00000101111110111000100",
        0
      ],
      [
        "00000011111110111000100",
        1
      ],
      [
        "10110101001001111000100",
        1
      ],
      [
        "11010011001001111000100",
        1
      ],
      [
        "10110011001001111000100",
        1
      ],
      [
        "11001011001001111000100",
        1
      ],
      [
        "11000111001001111000100",
        0
      ],
      [
        "10100111001001111000100",
        0
      ],
      [
        "10001111001001111000100",
        1
      ],
      [
        "11001010101001111000100",
        1
      ],
      [
        "11000110101001111000100",
        0
      ],
      [
        "11000101101001111000100",
        1
      ],
      [
        "10110100011001111000100",
        0
      ],
      [
        "11010010011001111000100",
        0
      ],
      [
        "11000110011001111000100",
        1
      ],
      [
        "10001110011001111000100",
        0
      ],
      [
        "11000101011001111000100",
        0
      ],
      [
        "11010000111001111000100",
        1
      ],
      [
        "10110000111001111000100",
        1
      ],
      [
        "11000100111001111000100",
        0
      ],
      [
        "10001100111001111000100",
        1
      ],
      [
        "10100010111001111000100",
        0
      ],
      [
        "10001010111001111000100",
        1
      ],
      [
        "11000101010101111000100",
        1
      ],
      [
        "00101101010101111000100",
        0
      ],
      [
        "11010000110101111000100",
        0
      ],
      [
        "11000100110101111000100",
        1
      ],
      [
        "10001100110101111000100",
        0
      ],
      [
        "00101100110101111000100",
        1
      ],
      [
        "10001010110101111000100",
        0
      ],
      [
        "00100101011101111000100",
        1
      ],
      [
        "00101000111101111000100",
        1
      ],
      [
        "00001100111101111000100",
        1
      ],
      [
        "00000110111101111000100",
        1
      ],
      [
        "00000101111101111000100",
        1
      ],
      [
        "00000011111101111000100",
        0
      ],
      [
        "10000101010111111000100",
        0
      ],
      [
        "00100101010111111000100",
        1
      ],
      [
        "11000000110111111000100",
        1
      ],
      [
        "10001000110111111000100",
        0
      ],
      [
        "00101000110111111000100",
        1
      ],
      [
        "10000100110111111000100",
        2
      ],
      [
        "00100100110111111000100",
        0
      ],
      [
        "00001100110111111000100",
        2
      ],
      [
        "00001010110111111000100",
        1
      ],
      [
        "11111111001000000100100",
        0
      ],
      [
        "11110111001000100100100",
        0
      ],
      [
        "11011010001110100100100",
        0
      ],
      [
        "11001010011110100100100",
        1
      ],
      [
        "11000110011110100100100",
        0
      ],
      [
        "11000101011110100100100",
        1
      ],
      [
        "10000101111110100100100",
        0
      ],
      [
        "00100101111110100100100",
        1
      ],
      [
        "11111100000011100100100",
        0
      ],
      [
        "11111010000011100100100",
        0
      ],
      [
        "11111001000011100100100",
        0
      ],
      [
        "11110011000011100100100",
        0
      ],
      [
        "11010111000011100100100",
        0
      ],
      [
        "11001111000011100100100",
        0
      ],
      [
        "10011111000011100100100",
        1
      ],
      [
        "00111111000011100100100",
        0
      ],
      [
        "11011010001011100100100",
        0
      ],
      [
        "11010101001011100100100",
        0
      ],
      [
        "11010100011011100100100",
        1
      ],
      [
        "11001010011011100100100",
        1
      ],
      [
        "11000110011011100100100",
        0
      ],
      [
        "11000101011011100100100",
        1
      ],
      [
        "11010000111011100100100",
        0
      ],
      [
        "11000010111011100100100",
        1
      ],
      [
        "10001010111011100100100",
        0
      ],
      [
        "00101010111011100100100",
        1
      ],
      [
        "10000101111011100100100",
        0
      ],
      [
        "00100101111011100100100",
        1
      ],
      [
        "10111100000111100100100",
        1
      ],
      [
        "10111010000111100100100",
        1
      ],
      [
        "10111001000111100100100",
        1
      ],
      [
        "11010011000111100100100",
        1
      ],
      [
        "10110011000111100100100",
        1
      ],
      [
        "00111011000111100100100",
        1
      ],
      [
        "10100111000111100100100",
        0
      ],
      [
        "10001111000111100100100",
        1
      ],
      [
        "10111000010111100100100",
        0
      ],
      [
        "10101100010111100100100",
        0
      ],
      [
        "11010010010111100100100",
        0
      ],
      [
        "10101010010111100100100",
        0
      ],
      [
        "00111010010111100100100",
        0
      ],
      [
        "10100110010111100100100",
        1
      ],
      [
        "10001110010111100100100",
        0
      ],
      [
        "10101001010111100100100",
        0
      ],
      [
        "10100101010111100100100",
        2
      ],
      [
        "10100011010111100100100",
        1
      ],
      [
        "11010000110111100100100",
        1
      ],
      [
        "10101000110111100100100",
        1
      ],
      [
        "00111000110111100100100",
        1
      ],
      [
        "10100100110111100100100",
        0
      ],
      [
        "10001100110111100100100",
        1
      ],
      [
        "00101010110111100100100",
        2
      ],
      [
        "10000110110111100100100",
        1
      ],
      [
        "10000101110111100100100",
        1
      ],
      [
        "00100101110111100100100",
        0
      ],
      [
        "10000011110111100100100",
        0
      ],
      [
        "11000000111111100100100",
        0
      ],
      [
        "00110000111111100100100",
        0
      ],
      [
        "10001000111111100100100",
        1
      ],
      [
        "00101000111111100100100",
        0
      ],
      [
        "00001100111111100100100",
        0
      ],
      [
        "00000110111111100100100",
        0
      ],
      [
        "00000101111111100100100",
        0
      ],
      [
        "00000011111111100100100",
        1
      ],
      [
        "11110000110110010100100",
        0
      ],
      [
        "10110001110110010100100",
        1
      ],
      [
        "10100101110110010100100",
        0
      ],
      [
        "10001101110110010100100",
        1
      ],
      [
        "00001111110110010100100",
        0
      ],
      [
        "11111100000011010100100",
        0
      ],
      [
        "11111010000011010100100",
        0
      ],
      [
        "11111001000011010100100",
        0
      ],
      [
        "11110011000011010100100",
        0
      ],
      [
        "11011011000011010100100",
        0
      ],
      [
        "11010111000011010100100",
        0
      ],
      [
        "11001111000011010100100",
        0
      ],
      [
        "10011111000011010100100",
        1
      ],
      [
        "00111111000011010100100",
        0
      ],
      [
        "11110010100011010100100",
        0
      ],
      [
        "11110000110011010100100",
        0
      ],
      [
        "10110001110011010100100",
        1
      ],
      [
        "10100101110011010100100",
        0
      ],
      [
        "10001101110011010100100",
        1
      ],
      [
        "00001111110011010100100",
        2
      ],
      [
        "11011010001011010100100",
        0
      ],
      [
        "11001010011011010100100",
        1
      ],
      [
        "11000110011011010100100",
        0
      ],
      [
        "11000101011011010100100",
        1
      ],
      [
        "10000101111011010100100",
        0
      ],
      [
        "00100101111011010100100",
        1
      ],
      [
        "10111100000111010100100",
        1
      ],
      [
        "10111010000111010100100",
        1
      ],
      [
        "10111001000111010100100",
        1
      ],
      [
        "11010011000111010100100",
        1
      ],
      [
        "10110011000111010100100",
        1
      ],
      [
        "11001011000111010100100",
        1
      ],
      [
        "00111011000111010100100",
        1
      ],
      [
        "11000111000111010100100",
        0
      ],
      [
        "10100111000111010100100",
        0
      ],
      [
        "10001111000111010100100",
        1
      ],
      [
        "10110010100111010100100",
        1
      ],
      [
        "10100110100111010100100",
        0
      ],
      [
        "10001110100111010100100",
        1
      ],
      [
        "10001101100111010100100",
        0
      ],
      [
        "00001111100111010100100",
        1
      ],
      [
        "10111000010111010100100",
        0
      ],
      [
        "10101100010111010100100",
        0
      ],
      [
        "11010010010111010100100",
        0
      ],
      [
        "10101010010111010100100",
        0
      ],
      [
        "00111010010111010100100",
        0
      ],
      [
        "11000110010111010100100",
        1
      ],
      [
        "10100110010111010100100",
        1
      ],
      [
        "10001110010111010100100",
        0
      ],
      [
        "10101001010111010100100",
        0
      ],
      [
        "10100101010111010100100",
        2
      ],
      [
        "10001101010111010100100",
        1
      ],
      [
        "10100011010111010100100",
        1
      ],
      [
        "11010000110111010100100",
        1
      ],
      [
        "10101000110111010100100",
        1
      ],
      [
        "00111000110111010100100",
        1
      ],
      [
        "11000100110111010100100",
        0
      ],
      [
        "10100100110111010100100",
        0
      ],
      [
        "10001100110111010100100",
        1
      ],
      [
        "10000110110111010100100",
        1
      ],
      [
        "10000101110111010100100",
        1
      ],
      [
        "00100101110111010100100",
        0
      ],
      [
        "10000011110111010100100",
        0
      ],
      [
        "00001111001111010100100",
        0
      ],
      [
        "00001101011111010100100",
        0
      ],
      [
        "11000000111111010100100",
        0
      ],
      [
        "00110000111111010100100",
        0
      ],
      [
        "10001000111111010100100",
        1
      ],
      [
        "00101000111111010100100",
        2
      ],
      [
        "10000100111111010100100",
        1
      ],
      [
        "00100100111111010100100",
        0
      ],
      [
        "00001100111111010100100",
        0
      ],
      [
        "00000110111111010100100",
        0
      ],
      [
        "00000101111111010100100",
        0
      ],
      [
        "00000011111111010100100",
        1
      ],
      [
        "11110101001000110100100",
        0
      ],
      [
        "11110011001000110100100",
        0
      ],
      [
        "11011011001000110100100",
        0
      ],
      [
        "11010111001000110100100",
        0
      ],
      [
        "11011010101000110100100",
        0
      ],
      [
        "11111100000010110100100",
        0
      ],
      [
        "11111010000010110100100",
        0
      ],
      [
        "11111001000010110100100",
        0
      ],
      [
        "11110101000010110100100",
        0
      ],
      [
        "11110011000010110100100",
        0
      ],
      [
        "11011011000010110100100",
        0
      ],
      [
        "11010111000010110100100",
        0
      ],
      [
        "11001111000010110100100",
        0
      ],
      [
        "10011111000010110100100",
        1
      ],
      [
        "00111111000010110100100",
        0
      ],
      [
        "11110010001010110100100",
        0
      ],
      [
        "11011001001010110100100",
        0
      ],
      [
        "11010101001010110100100",
        0
      ],
      [
        "11011000011010110100100",
        1
      ],
      [
        "11010100011010110100100",
        1
      ],
      [
        "10110010011010110100100",
        1
      ],
      [
        "10100110011010110100100",
        0
      ],
      [
        "10001110011010110100100",
        1
      ],
      [
        "10001101011010110100100",
        0
      ],
      [
        "11010000111010110100100",
        0
      ],
      [
        "11001000111010110100100",
        0
      ],
      [
        "11000100111010110100100",
        1
      ],
      [
        "11000010111010110100100",
        1
      ],
      [
        "10001010111010110100100",
        0
      ],
      [
        "00101010111010110100100",
        1
      ],
      [
        "10000110111010110100100",
        0
      ],
      [
        "00100110111010110100100",
        1
      ],
      [
        "00001101111010110100100",
        1
      ],
      [
        "10111100000110110100100",
        1
      ],
      [
        "10111010000110110100100",
        1
      ],
      [
        "10111001000110110100100",
        1
      ],
      [
        "10110101000110110100100",
        1
      ],
      [
        "11010011000110110100100",
        1
      ],
      [
        "10110011000110110100100",
        1
      ],
      [
        "11001011000110110100100",
        1
      ],
      [
        "00111011000110110100100",
        1
      ],
      [
        "11000111000110110100100",
        0
      ],
      [
        "10100111000110110100100",
        0
      ],
      [
        "10001111000110110100100",
        1
      ],
      [
        "10111000010110110100100",
        0
      ],
      [
        "10110100010110110100100",
        0
      ],
      [
        "10101100010110110100100",
        0
      ],
      [
        "11010010010110110100100",
        0
      ],
      [
        "10101010010110110100100",
        0
      ],
      [
        "00111010010110110100100",
        0
      ],
      [
        "11000110010110110100100",
        1
      ],
      [
        "10100110010110110100100",
        1
      ],
      [
        "10001110010110110100100",
        0
      ],
      [
        "10101001010110110100100",
        0
      ],
      [
        "10100101010110110100100",
        2
      ],
      [
        "10100011010110110100100",
        1
      ],
      [
        "11010000110110110100100",
        1
      ],
      [
        "10110000110110110100100",
        1
      ],
      [
        "10101000110110110100100",
        1
      ],
      [
        "00111000110110110100100",
        1
      ],
      [
        "11000100110110110100100",
        0
      ],
      [
        "10100100110110110100100",
        0
      ],
      [
        "10001100110110110100100",
        1
      ],
      [
        "10100010110110110100100",
        0
      ],
      [
        "10001010110110110100100",
        1
      ],
      [
        "00101010110110110100100",
        2
      ],
      [
        "10000110110110110100100",
        1
      ],
      [
        "00100110110110110100100",
        0
      ],
      [
        "10000101110110110100100",
        1
      ],
      [
        "00001101110110110100100",
        0
      ],
      [
        "10000011110110110100100",
        0
      ],
      [
        "11000000111110110100100",
        0
      ],
      [
        "00110000111110110100100",
        0
      ],
      [
        "10001000111110110100100",
        1
      ],
      [
        "00101000111110110100100",
        0
      ],
      [
        "10000100111110110100100",
        1
      ],
      [
        "00100100111110110100100",
        0
      ],
      [
        "00001100111110110100100",
        0
      ],
      [
        "00001010111110110100100",
        0
      ],
      [
        "00000110111110110100100",
        0
      ],
      [
        "00000101111110110100100",
        0
      ],
      [
        "00000011111110110100100",
        1
      ],
      [
        "10110101001001110100100",
        1
      ],
      [
        "11010011001001110100100",
        1
      ],
      [
        "10110011001001110100100",
        1
      ],
      [
        "11001011001001110100100",
        1
      ],
      [
        "11000111001001110100100",
        0
      ],
      [
        "10100111001001110100100",
        0
      ],
      [
        "10001111001001110100100",
        1
      ],
      [
        "11001010101001110100100",
        1
      ],
      [
        "11000110101001110100100",
        0
      ],
      [
        "11000101101001110100100",
        1
      ],
      [
        "10110100011001110100100",
        0
      ],
      [
        "11010010011001110100100",
        0
      ],
      [
        "11000110011001110100100",
        1
      ],
      [
        "10001110011001110100100",
        0
      ],
      [
        "11000101011001110100100",
        0
      ],
      [
        "11010000111001110100100",
        1
      ],
      [
        "10110000111001110100100",
        1
      ],
      [
        "11000100111001110100100",
        0
      ],
      [
        "10001100111001110100100",
        1
      ],
      [
        "10100010111001110100100",
        0
      ],
      [
        "10001010111001110100100",
        1
      ],
      [
        "11000101010101110100100",
        1
      ],
      [
        "11010000110101110100100",
        0
      ],
      [
        "11000100110101110100100",
        1
      ],
      [
        "10001100110101110100100",
        0
      ],
      [
        "10001010110101110100100",
        0
      ],
      [
        "00101010110101110100100",
        1
      ],
      [
        "00100110110101110100100",
        1
      ],
      [
        "00001101110101110100100",
        1
      ],
      [
        "00110000111101110100100",
        1
      ],
      [
        "00101000111101110100100",
        1
      ],
      [
        "00100100111101110100100",
        1
      ],
      [
        "00001100111101110100100",
        1
      ],
      [
        "00001010111101110100100",
        1
      ],
      [
        "00000110111101110100100",
        1
      ],
      [
        "00000101111101110100100",
        1
      ],
      [
        "00000011111101110100100",
        0
      ],
      [
        "10000101010111110100100",
        0
      ],
      [
        "00100101010111110100100",
        1
      ],
      [
        "11000000110111110100100",
        1
      ],
      [
        "10001000110111110100100",
        0
      ],
      [
        "00101000110111110100100",
        1
      ],
      [
        "10000100110111110100100",
        0
      ],
      [
        "00100100110111110100100",
        2
      ],
      [
        "00001100110111110100100",
        2
      ],
      [
        "00001010110111110100100",
        1
      ],
      [
        "11111010101000001100100",
        0
      ],
      [
        "11011011001001001100100",
        0
      ],
      [
        "11011010101001001100100",
        0
      ],
      [
        "11111100000011001100100",
        0
      ],
      [
        "11111010000011001100100",
        0
      ],
      [
        "11111001000011001100100",
        0
      ],
      [
        "11110011000011001100100",
        0
      ],
      [
        "11010111000011001100100",
        0
      ],
      [
        "11011010100011001100100",
        0
      ],
      [
        "11011000101011001100100",
        0
      ],
      [
        "11001001101011001100100",
        1
      ],
      [
        "11000101101011001100100",
        0
      ],
      [
        "10000111101011001100100",
        1
      ],
      [
        "00100111101011001100100",
        0
      ],
      [
        "00100111011011001100100",
        2
      ],
      [
        "10111100000111001100100",
        1
      ],
      [
        "10111010000111001100100",
        1
      ],
      [
        "10111001000111001100100",
        1
      ],
      [
        "11010011000111001100100",
        1
      ],
      [
        "10110011000111001100100",
        1
      ],
      [
        "10100111000111001100100",
        0
      ],
      [
        "10001111000111001100100",
        1
      ],
      [
        "11001010100111001100100",
        1
      ],
      [
        "11000110100111001100100",
        0
      ],
      [
        "11000101100111001100100",
        1
      ],
      [
        "10111000010111001100100",
        0
      ],
      [
        "10101100010111001100100",
        0
      ],
      [
        "11010010010111001100100",
        0
      ],
      [
        "10101010010111001100100",
        0
      ],
      [
        "10100110010111001100100",
        1
      ],
      [
        "10001110010111001100100",
        0
      ],
      [
        "10101001010111001100100",
        0
      ],
      [
        "11000101010111001100100",
        0
      ],
      [
        "10100101010111001100100",
        2
      ],
      [
        "10100011010111001100100",
        1
      ],
      [
        "00100111010111001100100",
        0
      ],
      [
        "11010000110111001100100",
        1
      ],
      [
        "10101000110111001100100",
        1
      ],
      [
        "10100100110111001100100",
        0
      ],
      [
        "10001100110111001100100",
        1
      ],
      [
        "10000110110111001100100",
        1
      ],
      [
        "10000101110111001100100",
        1
      ],
      [
        "10000011110111001100100",
        0
      ],
      [
        "10000101011111001100100",
        1
      ],
      [
        "00100101011111001100100",
        0
      ],
      [
        "11000000111111001100100",
        0
      ],
      [
        "10001000111111001100100",
        1
      ],
      [
        "00101000111111001100100",
        0
      ],
      [
        "00001100111111001100100",
        0
      ],
      [
        "00000110111111001100100",
        0
      ],
      [
        "00000101111111001100100",
        0
      ],
      [
        "00000011111111001100100",
        1
      ],
      [
        "11110101001000101100100",
        0
      ],
      [
        "11110011001000101100100",
        0
      ],
      [
        "11011011001000101100100",
        0
      ],
      [
        "11010111001000101100100",
        0
      ],
      [
        "11011010101000101100100",
        0
      ],
      [
        "11111100000010101100100",
        0
      ],
      [
        "11111010000010101100100",
        0
      ],
      [
        "11111001000010101100100",
        0
      ],
      [
        "11110011000010101100100",
        0
      ],
      [
        "11010111000010101100100",
        0
      ],
      [
        "11011010001010101100100",
        0
      ],
      [
        "11011000101010101100100",
        0
      ],
      [
        "11001001101010101100100",
        1
      ],
      [
        "11000101101010101100100",
        0
      ],
      [
        "10000111101010101100100",
        1
      ],
      [
        "00100111101010101100100",
        0
      ],
      [
        "11001010011010101100100",
        1
      ],
      [
        "11000110011010101100100",
        0
      ],
      [
        "11000101011010101100100",
        1
      ],
      [
        "00100111011010101100100",
        1
      ],
      [
        "10000101111010101100100",
        0
      ],
      [
        "00100101111010101100100",
        2
      ],
      [
        "10111100000110101100100",
        1
      ],
      [
        "10111010000110101100100",
        1
      ],
      [
        "10111001000110101100100",
        1
      ],
      [
        "11010011000110101100100",
        1
      ],
      [
        "10110011000110101100100",
        1
      ],
      [
        "10100111000110101100100",
        0
      ],
      [
        "10001111000110101100100",
        1
      ],
      [
        "10111000010110101100100",
        0
      ],
      [
        "10101100010110101100100",
        0
      ],
      [
        "11010010010110101100100",
        0
      ],
      [
        "10101010010110101100100",
        0
      ],
      [
        "10100110010110101100100",
        1
      ],
      [
        "10001110010110101100100",
        0
      ],
      [
        "10101001010110101100100",
        0
      ],
      [
        "10100101010110101100100",
        2
      ],
      [
        "10100011010110101100100",
        1
      ],
      [
        "00100111010110101100100",
        0
      ],
      [
        "11010000110110101100100",
        1
      ],
      [
        "10101000110110101100100",
        1
      ],
      [
        "10100100110110101100100",
        0
      ],
      [
        "10001100110110101100100",
        1
      ],
      [
        "10000110110110101100100",
        1
      ],
      [
        "10000101110110101100100",
        1
      ],
      [
        "00100101110110101100100",
        0
      ],
      [
        "10000011110110101100100",
        0
      ],
      [
        "11000000111110101100100",
        0
      ],
      [
        "10001000111110101100100",
        1
      ],
      [
        "00101000111110101100100",
        0
      ],
      [
        "00001100111110101100100",
        0
      ],
      [
        "00000110111110101100100",
        0
      ],
      [
        "00000101111110101100100",
        0
      ],
      [
        "00000011111110101100100",
        1
      ],
      [
        "10110101001001101100100",
        1
      ],
      [
        "11010011001001101100100",
        1
      ],
      [
        "10110011001001101100100",
        1
      ],
      [
        "11001011001001101100100",
        1
      ],
      [
        "11000111001001101100100",
        0
      ],
      [
        "10100111001001101100100",
        0
      ],
      [
        "10001111001001101100100",
        1
      ],
      [
        "11001010101001101100100",
        1
      ],
      [
        "11000110101001101100100",
        0
      ],
      [
        "11000101101001101100100",
        1
      ],
      [
        "10110100011001101100100",
        0
      ],
      [
        "11010010011001101100100",
        0
      ],
      [
        "11000110011001101100100",
        1
      ],
      [
        "10001110011001101100100",
        0
      ],
      [
        "11000101011001101100100",
        0
      ],
      [
        "11010000111001101100100",
        1
      ],
      [
        "10110000111001101100100",
        1
      ],
      [
        "11000100111001101100100",
        0
      ],
      [
        "10001100111001101100100",
        1
      ],
      [
        "10100010111001101100100",
        0
      ],
      [
        "10001010111001101100100",
        1
      ],
      [
        "11000101010101101100100",
        1
      ],
      [
        "00100111010101101100100",
        1
      ],
      [
        "11010000110101101100100",
        0
      ],
      [
        "11000100110101101100100",
        1
      ],
      [
        "10001100110101101100100",
        0
      ],
      [
        "10001010110101101100100",
        0
      ],
      [
        "00100101110101101100100",
        1
      ],
      [
        "00101000111101101100100",
        1
      ],
      [
        "00001100111101101100100",
        1
      ],
      [
        "00000110111101101100100",
        1
      ],
      [
        "00000101111101101100100",
        1
      ],
      [
        "00000011111101101100100",
        0
      ],
      [
        "10000101010111101100100",
        2
      ],
      [
        "00100101010111101100100",
        0
      ],
      [
        "11000000110111101100100",
        1
      ],
      [
        "10001000110111101100100",
        0
      ],
      [
        "00101000110111101100100",
        2
      ],
      [
        "10000100110111101100100",
        0
      ],
      [
        "00100100110111101100100",
        1
      ],
      [
        "00001100110111101100100",
        1
      ],
      [
        "00001010110111101100100",
        1
      ],
      [
        "11011011001000011100100",
        1
      ],
      [
        "11011010101000011100100",
        1
      ],
      [
        "10111010101000011100100",
        1
      ],
      [
        "00100111010110011100100",
        1
      ],
      [
        "00100101011110011100100",
        1
      ],
      [
        "00101000111110011100100",
        1
      ],
      [
        "00001100111110011100100",
        1
      ],
      [
        "00000110111110011100100",
        1
      ],
      [
        "00000101111110011100100",
        1
      ],
      [
        "00000011111110011100100",
        0
      ],
      [
        "10101010101001011100100",
        0
      ],
      [
        "10100110101001011100100",
        1
      ],
      [
        "10100101101001011100100",
        0
      ],
      [
        "10100101011001011100100",
        1
      ],
      [
        "10100101010101011100100",
        0
      ],
      [
        "00100111010101011100100",
        0
      ],
      [
        "00100101110101011100100",
        0
      ],
      [
        "00101000111101011100100",
        0
      ],
      [
        "00001100111101011100100",
        0
      ],
      [
        "00000110111101011100100",
        0
      ],
      [
        "00000101111101011100100",
        0
      ],
      [
        "00000011111101011100100",
        1
      ],
      [
        "10000101010111011100100",
        1
      ],
      [
        "00100101010111011100100",
        1
      ],
      [
        "00101000110111011100100",
        0
      ],
      [
        "00100100110111011100100",
        2
      ],
      [
        "00001100110111011100100",
        0
      ],
      [
        "00001010110111011100100",
        0
      ],
      [
        "11001011001000111100100",
        0
      ],
      [
        "11000111001000111100100",
        1
      ],
      [
        "11001010101000111100100",
        0
      ],
      [
        "11000110101000111100100",
        1
      ],
      [
        "11000101101000111100100",
        0
      ],
      [
        "11000110011000111100100",
        0
      ],
      [
        "11000101011000111100100",
        1
      ],
      [
        "11000100111000111100100",
        1
      ],
      [
        "11000101010100111100100",
        0
      ],
      [
        "00100111010100111100100",
        0
      ],
      [
        "11000100110100111100100",
        0
      ],
      [
        "00100101011100111100100",
        0
      ],
      [
        "00101000111100111100100",
        0
      ],
      [
        "00001100111100111100100",
        0
      ],
      [
        "00000110111100111100100",
        0
      ],
      [
        "00000101111100111100100",
        0
      ],
      [
        "00000011111100111100100",
        1
      ],
      [
        "10000101010110111100100",
        1
      ],
      [
        "00100101010110111100100",
        0
      ],
      [
        "10000100110110111100100",
        1
      ],
      [
        "00100100110110111100100",
        0
      ],
      [
        "00000101010111111100100",
        0
      ],
      [
        "11111111001000000010100",
        0
      ],
      [
        "11011001001111000010100",
        0
      ],
      [
        "10110011001111000010100",
        0
      ],
      [
        "01110011001111000010100",
        1
      ],
      [
        "01100111001111000010100",
        0
      ],
      [
        "01001111001111000010100",
        1
      ],
      [
        "11011000011111000010100",
        1
      ],
      [
        "01001110011111000010100",
        0
      ],
      [
        "11001000111111000010100",
        0
      ],
      [
        "11000100111111000010100",
        1
      ],
      [
        "01001100111111000010100",
        1
      ],
      [
        "10000110111111000010100",
        0
      ],
      [
        "00100110111111000010100",
        1
      ],
      [
        "11011011001010100010100",
        0
      ],
      [
        "11010111001010100010100",
        0
      ],
      [
        "11110011001001100010100",
        0
      ],
      [
        "11111100000011100010100",
        0
      ],
      [
        "11111010000011100010100",
        0
      ],
      [
        "11111001000011100010100",
        0
      ],
      [
        "11110101000011100010100",
        0
      ],
      [
        "11011101000011100010100",
        0
      ],
      [
        "11110011000011100010100",
        0
      ],
      [
        "11100111000011100010100",
        0
      ],
      [
        "11010111000011100010100",
        0
      ],
      [
        "11001111000011100010100",
        0
      ],
      [
        "10011111000011100010100",
        1
      ],
      [
        "00111111000011100010100",
        0
      ],
      [
        "11011000101011100010100",
        0
      ],
      [
        "11010010101011100010100",
        0
      ],
      [
        "11000110101011100010100",
        1
      ],
      [
        "10001110101011100010100",
        0
      ],
      [
        "00101110101011100010100",
        1
      ],
      [
        "11001001101011100010100",
        1
      ],
      [
        "11000101101011100010100",
        0
      ],
      [
        "00101101101011100010100",
        0
      ],
      [
        "10000111101011100010100",
        1
      ],
      [
        "00100111101011100010100",
        0
      ],
      [
        "00101101011011100010100",
        1
      ],
      [
        "00100111011011100010100",
        1
      ],
      [
        "10111100000111100010100",
        1
      ],
      [
        "10111010000111100010100",
        1
      ],
      [
        "10111001000111100010100",
        1
      ],
      [
        "10110101000111100010100",
        1
      ],
      [
        "11001101000111100010100",
        1
      ],
      [
        "11100011000111100010100",
        1
      ],
      [
        "11010011000111100010100",
        1
      ],
      [
        "10110011000111100010100",
        1
      ],
      [
        "00111011000111100010100",
        1
      ],
      [
        "10100111000111100010100",
        0
      ],
      [
        "10001111000111100010100",
        1
      ],
      [
        "10111000010111100010100",
        0
      ],
      [
        "10110100010111100010100",
        0
      ],
      [
        "11001100010111100010100",
        0
      ],
      [
        "10101100010111100010100",
        0
      ],
      [
        "11100010010111100010100",
        0
      ],
      [
        "11010010010111100010100",
        0
      ],
      [
        "10101010010111100010100",
        0
      ],
      [
        "00111010010111100010100",
        0
      ],
      [
        "10100110010111100010100",
        1
      ],
      [
        "10001110010111100010100",
        0
      ],
      [
        "10101001010111100010100",
        0
      ],
      [
        "10100101010111100010100",
        2
      ],
      [
        "00101101010111100010100",
        2
      ],
      [
        "10100011010111100010100",
        1
      ],
      [
        "00100111010111100010100",
        0
      ],
      [
        "11100000110111100010100",
        1
      ],
      [
        "11010000110111100010100",
        1
      ],
      [
        "10110000110111100010100",
        1
      ],
      [
        "11001000110111100010100",
        1
      ],
      [
        "10101000110111100010100",
        1
      ],
      [
        "00111000110111100010100",
        1
      ],
      [
        "10100100110111100010100",
        0
      ],
      [
        "10001100110111100010100",
        1
      ],
      [
        "11000010110111100010100",
        0
      ],
      [
        "10100010110111100010100",
        0
      ],
      [
        "10001010110111100010100",
        2
      ],
      [
        "10000110110111100010100",
        1
      ],
      [
        "10000101110111100010100",
        1
      ],
      [
        "10000011110111100010100",
        0
      ],
      [
        "11000000111111100010100",
        0
      ],
      [
        "10100000111111100010100",
        0
      ],
      [
        "10010000111111100010100",
        1
      ],
      [
        "00110000111111100010100",
        0
      ],
      [
        "10001000111111100010100",
        1
      ],
      [
        "00101000111111100010100",
        0
      ],
      [
        "00011000111111100010100",
        2
      ],
      [
        "00001100111111100010100",
        0
      ],
      [
        "10000010111111100010100",
        1
      ],
      [
        "00100010111111100010100",
        0
      ],
      [
        "00001010111111100010100",
        0
      ],
      [
        "00000110111111100010100",
        0
      ],
      [
        "00000101111111100010100",
        0
      ],
      [
        "00000011111111100010100",
        1
      ],
      [
        "11110111001000010010100",
        0
      ],
      [
        "11110011001001010010100",
        0
      ],
      [
        "11011010101001010010100",
        0
      ],
      [
        "11111100000011010010100",
        0
      ],
      [
        "11111010000011010010100",
        0
      ],
      [
        "11111001000011010010100",
        0
      ],
      [
        "11110011000011010010100",
        0
      ],
      [
        "11011011000011010010100",
        0
      ],
      [
        "11010111000011010010100",
        0
      ],
      [
        "11001111000011010010100",
        0
      ],
      [
        "10011111000011010010100",
        1
      ],
      [
        "00111111000011010010100",
        0
      ],
      [
        "11011001001011010010100",
        0
      ],
      [
        "11010010101011010010100",
        0
      ],
      [
        "11000110101011010010100",
        1
      ],
      [
        "10001110101011010010100",
        0
      ],
      [
        "00101110101011010010100",
        1
      ],
      [
        "00101101101011010010100",
        0
      ],
      [
        "11011000011011010010100",
        1
      ],
      [
        "00101101011011010010100",
        1
      ],
      [
        "11001000111011010010100",
        0
      ],
      [
        "11000100111011010010100",
        1
      ],
      [
        "10000110111011010010100",
        0
      ],
      [
        "00100110111011010010100",
        1
      ],
      [
        "10111100000111010010100",
        1
      ],
      [
        "10111010000111010010100",
        1
      ],
      [
        "10111001000111010010100",
        1
      ],
      [
        "11010011000111010010100",
        1
      ],
      [
        "10110011000111010010100",
        1
      ],
      [
        "11001011000111010010100",
        1
      ],
      [
        "00111011000111010010100",
        1
      ],
      [
        "11000111000111010010100",
        0
      ],
      [
        "10100111000111010010100",
        0
      ],
      [
        "10001111000111010010100",
        1
      ],
      [
        "10111000010111010010100",
        0
      ],
      [
        "10101100010111010010100",
        0
      ],
      [
        "11010010010111010010100",
        0
      ],
      [
        "10101010010111010010100",
        0
      ],
      [
        "00111010010111010010100",
        0
      ],
      [
        "11000110010111010010100",
        1
      ],
      [
        "10100110010111010010100",
        1
      ],
      [
        "10001110010111010010100",
        0
      ],
      [
        "10101001010111010010100",
        0
      ],
      [
        "10100101010111010010100",
        2
      ],
      [
        "00101101010111010010100",
        2
      ],
      [
        "10100011010111010010100",
        1
      ],
      [
        "11010000110111010010100",
        1
      ],
      [
        "10101000110111010010100",
        1
      ],
      [
        "00111000110111010010100",
        1
      ],
      [
        "11000100110111010010100",
        0
      ],
      [
        "10100100110111010010100",
        0
      ],
      [
        "10001100110111010010100",
        1
      ],
      [
        "10000110110111010010100",
        1
      ],
      [
        "00100110110111010010100",
        0
      ],
      [
        "10000101110111010010100",
        1
      ],
      [
        "10000011110111010010100",
        0
      ],
      [
        "11000000111111010010100",
        0
      ],
      [
        "00110000111111010010100",
        0
      ],
      [
        "10001000111111010010100",
        1
      ],
      [
        "00101000111111010010100",
        2
      ],
      [
        "10000100111111010010100",
        1
      ],
      [
        "00100100111111010010100",
        0
      ],
      [
        "00001100111111010010100",
        0
      ],
      [
        "00000110111111010010100",
        0
      ],
      [
        "00000101111111010010100",
        0
      ],
      [
        "00000011111111010010100",
        1
      ],
      [
        "11110111000000110010100",
        0
      ],
      [
        "11110101001000110010100",
        0
      ],
      [
        "11011011001000110010100",
        0
      ],
      [
        "11010111001000110010100",
        0
      ],
      [
        "11011010101000110010100",
        0
      ],
      [
        "11111100000010110010100",
        0
      ],
      [
        "11111010000010110010100",
        0
      ],
      [
        "11111001000010110010100",
        0
      ],
      [
        "11110011000010110010100",
        0
      ],
      [
        "11010111000010110010100",
        0
      ],
      [
        "11001111000010110010100",
        0
      ],
      [
        "10011111000010110010100",
        1
      ],
      [
        "00111111000010110010100",
        0
      ],
      [
        "11010101001010110010100",
        0
      ],
      [
        "11011000101010110010100",
        0
      ],
      [
        "11010010101010110010100",
        0
      ],
      [
        "11000110101010110010100",
        1
      ],
      [
        "10001110101010110010100",
        0
      ],
      [
        "00101110101010110010100",
        1
      ],
      [
        "11001001101010110010100",
        1
      ],
      [
        "11000101101010110010100",
        0
      ],
      [
        "00101101101010110010100",
        0
      ],
      [
        "10000111101010110010100",
        1
      ],
      [
        "00100111101010110010100",
        0
      ],
      [
        "11010100011010110010100",
        1
      ],
      [
        "00101101011010110010100",
        1
      ],
      [
        "00100111011010110010100",
        1
      ],
      [
        "11010000111010110010100",
        0
      ],
      [
        "11000010111010110010100",
        1
      ],
      [
        "10001010111010110010100",
        0
      ],
      [
        "00101010111010110010100",
        1
      ],
      [
        "10111100000110110010100",
        1
      ],
      [
        "10111010000110110010100",
        1
      ],
      [
        "10111001000110110010100",
        1
      ],
      [
        "11010011000110110010100",
        1
      ],
      [
        "10110011000110110010100",
        1
      ],
      [
        "00111011000110110010100",
        1
      ],
      [
        "10100111000110110010100",
        0
      ],
      [
        "10001111000110110010100",
        1
      ],
      [
        "10111000010110110010100",
        0
      ],
      [
        "10101100010110110010100",
        0
      ],
      [
        "11010010010110110010100",
        0
      ],
      [
        "10101010010110110010100",
        0
      ],
      [
        "00111010010110110010100",
        0
      ],
      [
        "10100110010110110010100",
        1
      ],
      [
        "10001110010110110010100",
        0
      ],
      [
        "10101001010110110010100",
        0
      ],
      [
        "10100101010110110010100",
        2
      ],
      [
        "00101101010110110010100",
        0
      ],
      [
        "10100011010110110010100",
        1
      ],
      [
        "00100111010110110010100",
        0
      ],
      [
        "11010000110110110010100",
        1
      ],
      [
        "10101000110110110010100",
        1
      ],
      [
        "00111000110110110010100",
        1
      ],
      [
        "10100100110110110010100",
        0
      ],
      [
        "10001100110110110010100",
        1
      ],
      [
        "00101010110110110010100",
        2
      ],
      [
        "10000110110110110010100",
        1
      ],
      [
        "10000101110110110010100",
        1
      ],
      [
        "10000011110110110010100",
        0
      ],
      [
        "11000000111110110010100",
        0
      ],
      [
        "00110000111110110010100",
        0
      ],
      [
        "10001000111110110010100",
        1
      ],
      [
        "00101000111110110010100",
        0
      ],
      [
        "00001100111110110010100",
        0
      ],
      [
        "00000110111110110010100",
        0
      ],
      [
        "00000101111110110010100",
        0
      ],
      [
        "00000011111110110010100",
        1
      ],
      [
        "10110111000001110010100",
        1
      ],
      [
        "10110101001001110010100",
        1
      ],
      [
        "11010011001001110010100",
        1
      ],
      [
        "11001011001001110010100",
        1
      ],
      [
        "11000111001001110010100",
        0
      ],
      [
        "11001010101001110010100",
        1
      ],
      [
        "11000110101001110010100",
        0
      ],
      [
        "11000101101001110010100",
        1
      ],
      [
        "10110100011001110010100",
        0
      ],
      [
        "11010010011001110010100",
        0
      ],
      [
        "11000110011001110010100",
        1
      ],
      [
        "11000101011001110010100",
        0
      ],
      [
        "11010000111001110010100",
        1
      ],
      [
        "10110000111001110010100",
        1
      ],
      [
        "11000100111001110010100",
        0
      ],
      [
        "10100010111001110010100",
        0
      ],
      [
        "10001010111001110010100",
        1
      ],
      [
        "10110011000101110010100",
        0
      ],
      [
        "10110010010101110010100",
        1
      ],
      [
        "11000101010101110010100",
        1
      ],
      [
        "00101101010101110010100",
        1
      ],
      [
        "00100111010101110010100",
        1
      ],
      [
        "11010000110101110010100",
        0
      ],
      [
        "10110000110101110010100",
        0
      ],
      [
        "11000100110101110010100",
        1
      ],
      [
        "10001010110101110010100",
        0
      ],
      [
        "00101010110101110010100",
        0
      ],
      [
        "10100000111101110010100",
        1
      ],
      [
        "00110000111101110010100",
        1
      ],
      [
        "10001000111101110010100",
        0
      ],
      [
        "00101000111101110010100",
        1
      ],
      [
        "00001100111101110010100",
        1
      ],
      [
        "00000110111101110010100",
        1
      ],
      [
        "00000101111101110010100",
        1
      ],
      [
        "00000011111101110010100",
        0
      ],
      [
        "10000101010111110010100",
        0
      ],
      [
        "00100101010111110010100",
        2
      ],
      [
        "11000000110111110010100",
        1
      ],
      [
        "10001000110111110010100",
        0
      ],
      [
        "00101000110111110010100",
        1
      ],
      [
        "10000100110111110010100",
        2
      ],
      [
        "00100100110111110010100",
        1
      ],
      [
        "00001010110111110010100",
        1
      ],
      [
        "00001000111111110010100",
        1
      ],
      [
        "11111011001000001010100",
        0
      ],
      [
        "11111010101000001010100",
        0
      ],
      [
        "11110011001010001010100",
        0
      ],
      [
        "11011010101010001010100",
        0
      ],
      [
        "11110000110110001010100",
        0
      ],
      [
        "10110001110110001010100",
        1
      ],
      [
        "10100101110110001010100",
        0
      ],
      [
        "10001101110110001010100",
        1
      ],
      [
        "00001111110110001010100",
        0
      ],
      [
        "11110011001001001010100",
        0
      ],
      [
        "11010111001001001010100",
        0
      ],
      [
        "11011010101001001010100",
        0
      ],
      [
        "11111100000011001010100",
        0
      ],
      [
        "11111010000011001010100",
        0
      ],
      [
        "11111001000011001010100",
        0
      ],
      [
        "11110011000011001010100",
        0
      ],
      [
        "11011011000011001010100",
        0
      ],
      [
        "11010111000011001010100",
        0
      ],
      [
        "11001111000011001010100",
        0
      ],
      [
        "10011111000011001010100",
        1
      ],
      [
        "00111111000011001010100",
        0
      ],
      [
        "11110001001011001010100",
        0
      ],
      [
        "11011001001011001010100",
        0
      ],
      [
        "11010101001011001010100",
        0
      ],
      [
        "11110000011011001010100",
        1
      ],
      [
        "11011000011011001010100",
        1
      ],
      [
        "11010100011011001010100",
        1
      ],
      [
        "11010000111011001010100",
        0
      ],
      [
        "10110000111011001010100",
        0
      ],
      [
        "11001000111011001010100",
        0
      ],
      [
        "11000100111011001010100",
        1
      ],
      [
        "10100100111011001010100",
        1
      ],
      [
        "10001100111011001010100",
        0
      ],
      [
        "11000010111011001010100",
        1
      ],
      [
        "10001010111011001010100",
        0
      ],
      [
        "00101010111011001010100",
        1
      ],
      [
        "10000110111011001010100",
        0
      ],
      [
        "00100110111011001010100",
        1
      ],
      [
        "00001110111011001010100",
        1
      ],
      [
        "10111100000111001010100",
        1
      ],
      [
        "10111010000111001010100",
        1
      ],
      [
        "10111001000111001010100",
        1
      ],
      [
        "11010011000111001010100",
        1
      ],
      [
        "10110011000111001010100",
        1
      ],
      [
        "11001011000111001010100",
        1
      ],
      [
        "00111011000111001010100",
        1
      ],
      [
        "11000111000111001010100",
        0
      ],
      [
        "10100111000111001010100",
        0
      ],
      [
        "10001111000111001010100",
        1
      ],
      [
        "10111000010111001010100",
        0
      ],
      [
        "10101100010111001010100",
        0
      ],
      [
        "11010010010111001010100",
        0
      ],
      [
        "10101010010111001010100",
        0
      ],
      [
        "00111010010111001010100",
        0
      ],
      [
        "11000110010111001010100",
        1
      ],
      [
        "10100110010111001010100",
        1
      ],
      [
        "10001110010111001010100",
        0
      ],
      [
        "10101001010111001010100",
        0
      ],
      [
        "10100101010111001010100",
        2
      ],
      [
        "10100011010111001010100",
        1
      ],
      [
        "11010000110111001010100",
        1
      ],
      [
        "10101000110111001010100",
        1
      ],
      [
        "00111000110111001010100",
        1
      ],
      [
        "11000100110111001010100",
        0
      ],
      [
        "10100100110111001010100",
        0
      ],
      [
        "10001100110111001010100",
        1
      ],
      [
        "00101010110111001010100",
        2
      ],
      [
        "10000110110111001010100",
        1
      ],
      [
        "00100110110111001010100",
        0
      ],
      [
        "00001110110111001010100",
        0
      ],
      [
        "10000101110111001010100",
        1
      ],
      [
        "10000011110111001010100",
        0
      ],
      [
        "11000000111111001010100",
        0
      ],
      [
        "00110000111111001010100",
        0
      ],
      [
        "10001000111111001010100",
        1
      ],
      [
        "00101000111111001010100",
        0
      ],
      [
        "10000100111111001010100",
        1
      ],
      [
        "00100100111111001010100",
        0
      ],
      [
        "00001100111111001010100",
        0
      ],
      [
        "00000110111111001010100",
        0
      ],
      [
        "00000101111111001010100",
        0
      ],
      [
        "00000011111111001010100",
        1
      ],
      [
        "11110011001000101010100",
        0
      ],
      [
        "11011011001000101010100",
        0
      ],
      [
        "11010111001000101010100",
        0
      ],
      [
        "11011010101000101010100",
        0
      ],
      [
        "11111100000010101010100",
        0
      ],
      [
        "11111010000010101010100",
        0
      ],
      [
        "11111001000010101010100",
        0
      ],
      [
        "11110011000010101010100",
        0
      ],
      [
        "11010111000010101010100",
        0
      ],
      [
        "11001111000010101010100",
        0
      ],
      [
        "10011111000010101010100",
        1
      ],
      [
        "00111111000010101010100",
        0
      ],
      [
        "11110010100010101010100",
        0
      ],
      [
        "11110000110010101010100",
        0
      ],
      [
        "10110001110010101010100",
        1
      ],
      [
        "10100101110010101010100",
        0
      ],
      [
        "10001101110010101010100",
        1
      ],
      [
        "00001111110010101010100",
        2
      ],
      [
        "11011001001010101010100",
        0
      ],
      [
        "11010010101010101010100",
        0
      ],
      [
        "11000110101010101010100",
        1
      ],
      [
        "10001110101010101010100",
        0
      ],
      [
        "00101110101010101010100",
        1
      ],
      [
        "00101101101010101010100",
        0
      ],
      [
        "11011000011010101010100",
        1
      ],
      [
        "00101101011010101010100",
        1
      ],
      [
        "11001000111010101010100",
        0
      ],
      [
        "11000100111010101010100",
        1
      ],
      [
        "10000110111010101010100",
        0
      ],
      [
        "00100110111010101010100",
        1
      ],
      [
        "10111100000110101010100",
        1
      ],
      [
        "10111010000110101010100",
        1
      ],
      [
        "10111001000110101010100",
        1
      ],
      [
        "11010011000110101010100",
        1
      ],
      [
        "10110011000110101010100",
        1
      ],
      [
        "00111011000110101010100",
        1
      ],
      [
        "10100111000110101010100",
        0
      ],
      [
        "10001111000110101010100",
        1
      ],
      [
        "10110010100110101010100",
        1
      ],
      [
        "10100110100110101010100",
        0
      ],
      [
        "10001110100110101010100",
        1
      ],
      [
        "10001101100110101010100",
        0
      ],
      [
        "00001111100110101010100",
        1
      ],
      [
        "10111000010110101010100",
        0
      ],
      [
        "10101100010110101010100",
        0
      ],
      [
        "11010010010110101010100",
        0
      ],
      [
        "10101010010110101010100",
        0
      ],
      [
        "00111010010110101010100",
        0
      ],
      [
        "10100110010110101010100",
        1
      ],
      [
        "10001110010110101010100",
        0
      ],
      [
        "10101001010110101010100",
        0
      ],
      [
        "10100101010110101010100",
        2
      ],
      [
        "10001101010110101010100",
        1
      ],
      [
        "00101101010110101010100",
        2
      ],
      [
        "10100011010110101010100",
        1
      ],
      [
        "11010000110110101010100",
        1
      ],
      [
        "10101000110110101010100",
        1
      ],
      [
        "00111000110110101010100",
        1
      ],
      [
        "10100100110110101010100",
        0
      ],
      [
        "10001100110110101010100",
        1
      ],
      [
        "10000110110110101010100",
        1
      ],
      [
        "00100110110110101010100",
        0
      ],
      [
        "10000101110110101010100",
        1
      ],
      [
        "10000011110110101010100",
        0
      ],
      [
        "00001111001110101010100",
        0
      ],
      [
        "00001101011110101010100",
        0
      ],
      [
        "11000000111110101010100",
        0
      ],
      [
        "00110000111110101010100",
        0
      ],
      [
        "10001000111110101010100",
        1
      ],
      [
        "00101000111110101010100",
        2
      ],
      [
        "00001100111110101010100",
        0
      ],
      [
        "00000110111110101010100",
        0
      ],
      [
        "00000101111110101010100",
        0
      ],
      [
        "00000011111110101010100",
        1
      ],
      [
        "11010011001001101010100",
        1
      ],
      [
        "10110011001001101010100",
        1
      ],
      [
        "11001011001001101010100",
        1
      ],
      [
        "11000111001001101010100",
        0
      ],
      [
        "10100111001001101010100",
        0
      ],
      [
        "10001111001001101010100",
        1
      ],
      [
        "11001010101001101010100",
        1
      ],
      [
        "11000110101001101010100",
        0
      ],
      [
        "11000101101001101010100",
        1
      ],
      [
        "11010010011001101010100",
        0
      ],
      [
        "11000110011001101010100",
        1
      ],
      [
        "10001110011001101010100",
        0
      ],
      [
        "11000101011001101010100",
        0
      ],
      [
        "11010000111001101010100",
        1
      ],
      [
        "11000100111001101010100",
        0
      ],
      [
        "10001100111001101010100",
        1
      ],
      [
        "11000101010101101010100",
        1
      ],
      [
        "00101101010101101010100",
        0
      ],
      [
        "11010000110101101010100",
        0
      ],
      [
        "11000100110101101010100",
        1
      ],
      [
        "10001100110101101010100",
        0
      ],
      [
        "00100110110101101010100",
        1
      ],
      [
        "00001111001101101010100",
        1
      ],
      [
        "00001101011101101010100",
        1
      ],
      [
        "00110000111101101010100",
        1
      ],
      [
        "00101000111101101010100",
        0
      ],
      [
        "00001100111101101010100",
        1
      ],
      [
        "00000110111101101010100",
        1
      ],
      [
        "00000101111101101010100",
        1
      ],
      [
        "00000011111101101010100",
        0
      ],
      [
        "10000101010111101010100",
        0
      ],
      [
        "00100101010111101010100",
        1
      ],
      [
        "11000000110111101010100",
        1
      ],
      [
        "10001000110111101010100",
        0
      ],
      [
        "00101000110111101010100",
        1
      ],
      [
        "10000100110111101010100",
        0
      ],
      [
        "00100100110111101010100",
        2
      ],
      [
        "00001100110111101010100",
        1
      ],
      [
        "11110011001000011010100",
        1
      ],
      [
        "10111011001000011010100",
        1
      ],
      [
        "11010111001000011010100",
        1
      ],
      [
        "11011010101000011010100",
        1
      ],
      [
        "10111010101000011010100",
        1
      ],
      [
        "00001111110010011010100",
        1
      ],
      [
        "10110011001010011010100",
        1
      ],
      [
        "10100111001010011010100",
        0
      ],
      [
        "10001111001010011010100",
        1
      ],
      [
        "11001010101010011010100",
        1
      ],
      [
        "11000110101010011010100",
        0
      ],
      [
        "11000101101010011010100",
        1
      ],
      [
        "10001110011010011010100",
        0
      ],
      [
        "11000101011010011010100",
        0
      ],
      [
        "10001100111010011010100",
        1
      ],
      [
        "11000101010110011010100",
        1
      ],
      [
        "10001100110110011010100",
        0
      ],
      [
        "00101010110110011010100",
        0
      ],
      [
        "00100110110110011010100",
        1
      ],
      [
        "00001110110110011010100",
        2
      ],
      [
        "00110000111110011010100",
        1
      ],
      [
        "00101000111110011010100",
        1
      ],
      [
        "00100100111110011010100",
        1
      ],
      [
        "00001100111110011010100",
        1
      ],
      [
        "00000110111110011010100",
        1
      ],
      [
        "00000101111110011010100",
        1
      ],
      [
        "00000011111110011010100",
        0
      ],
      [
        "00001111110001011010100",
        0
      ],
      [
        "10101011001001011010100",
        0
      ],
      [
        "10100111001001011010100",
        1
      ],
      [
        "10101010101001011010100",
        0
      ],
      [
        "10100110101001011010100",
        1
      ],
      [
        "10100101101001011010100",
        0
      ],
      [
        "10100110011001011010100",
        0
      ],
      [
        "10100101011001011010100",
        1
      ],
      [
        "10100100111001011010100",
        1
      ],
      [
        "11000101010101011010100",
        0
      ],
      [
        "10100101010101011010100",
        0
      ],
      [
        "00101101010101011010100",
        1
      ],
      [
        "10100100110101011010100",
        0
      ],
      [
        "10001100110101011010100",
        2
      ],
      [
        "00100110110101011010100",
        0
      ],
      [
        "00001111001101011010100",
        0
      ],
      [
        "00001101011101011010100",
        0
      ],
      [
        "00110000111101011010100",
        0
      ],
      [
        "00101000111101011010100",
        1
      ],
      [
        "00001100111101011010100",
        0
      ],
      [
        "00000110111101011010100",
        0
      ],
      [
        "00000101111101011010100",
        0
      ],
      [
        "00000011111101011010100",
        1
      ],
      [
        "10000101010111011010100",
        1
      ],
      [
        "00100101010111011010100",
        0
      ],
      [
        "00101000110111011010100",
        2
      ],
      [
        "10000100110111011010100",
        1
      ],
      [
        "00100100110111011010100",
        0
      ],
      [
        "00001100110111011010100",
        0
      ],
      [
        "11010011001000111010100",
        0
      ],
      [
        "10110011001000111010100",
        0
      ],
      [
        "10100111001000111010100",
        1
      ],
      [
        "10001111001000111010100",
        0
      ],
      [
        "11001010101000111010100",
        0
      ],
      [
        "11000110101000111010100",
        1
      ],
      [
        "11000101101000111010100",
        0
      ],
      [
        "11010010011000111010100",
        1
      ],
      [
        "10001110011000111010100",
        1
      ],
      [
        "11000101011000111010100",
        1
      ],
      [
        "11010000111000111010100",
        0
      ],
      [
        "10001100111000111010100",
        0
      ],
      [
        "11000101010100111010100",
        0
      ],
      [
        "11010000110100111010100",
        1
      ],
      [
        "10001100110100111010100",
        2
      ],
      [
        "00101010110100111010100",
        1
      ],
      [
        "00100110110100111010100",
        0
      ],
      [
        "00001110110100111010100",
        0
      ],
      [
        "00110000111100111010100",
        0
      ],
      [
        "00101000111100111010100",
        0
      ],
      [
        "00100100111100111010100",
        0
      ],
      [
        "00001100111100111010100",
        0
      ],
      [
        "00000110111100111010100",
        0
      ],
      [
        "00000101111100111010100",
        0
      ],
      [
        "00000011111100111010100",
        1
      ],
      [
        "10000101010110111010100",
        1
      ],
      [
        "00100101010110111010100",
        2
      ],
      [
        "11000000110110111010100",
        0
      ],
      [
        "10001000110110111010100",
        2
      ],
      [
        "00101000110110111010100",
        0
      ],
      [
        "00001100110110111010100",
        1
      ],
      [
        "00001111100001111010100",
        1
      ],
      [
        "00001111001001111010100",
        0
      ],
      [
        "10000101010101111010100",
        1
      ],
      [
        "00100101010101111010100",
        0
      ],
      [
        "00001100110101111010100",
        0
      ],
      [
        "00000101010111111010100",
        0
      ],
      [
        "00000100110111111010100",
        0
      ],
      [
        "11110111001000000110100",
        1
      ],
      [
        "10111111001000000110100",
        1
      ],
      [
        "11110011001001000110100",
        1
      ],
      [
        "11011010101001000110100",
        1
      ],
      [
        "01001100111011000110100",
        0
      ],
      [
        "00100110111011000110100",
        0
      ],
      [
        "00101101010111000110100",
        0
      ],
      [
        "00100110110111000110100",
        1
      ],
      [
        "00110000111111000110100",
        1
      ],
      [
        "00101000111111000110100",
        0
      ],
      [
        "00100100111111000110100",
        1
      ],
      [
        "00001100111111000110100",
        1
      ],
      [
        "00000110111111000110100",
        1
      ],
      [
        "00000101111111000110100",
        1
      ],
      [
        "00000011111111000110100",
        0
      ],
      [
        "11110011001000100110100",
        1
      ],
      [
        "11010011001010100110100",
        1
      ],
      [
        "11001011001010100110100",
        1
      ],
      [
        "11000111001010100110100",
        0
      ],
      [
        "11010010011010100110100",
        0
      ],
      [
        "11000110011010100110100",
        1
      ],
      [
        "11010000111010100110100",
        1
      ],
      [
        "11000100111010100110100",
        0
      ],
      [
        "00101101010110100110100",
        1
      ],
      [
        "00100111010110100110100",
        1
      ],
      [
        "11010000110110100110100",
        0
      ],
      [
        "11000100110110100110100",
        1
      ],
      [
        "00110000111110100110100",
        1
      ],
      [
        "00101000111110100110100",
        1
      ],
      [
        "00011000111110100110100",
        0
      ],
      [
        "00001100111110100110100",
        1
      ],
      [
        "00100010111110100110100",
        1
      ],
      [
        "00001010111110100110100",
        1
      ],
      [
        "00000110111110100110100",
        1
      ],
      [
        "00000101111110100110100",
        1
      ],
      [
        "00000011111110100110100",
        0
      ],
      [
        "00101101010101100110100",
        0
      ],
      [
        "00100111010101100110100",
        0
      ],
      [
        "11010000110101100110100",
        1
      ],
      [
        "11000100110101100110100",
        0
      ],
      [
        "00101010110101100110100",
        1
      ],
      [
        "00110000111101100110100",
        0
      ],
      [
        "00101000111101100110100",
        0
      ],
      [
        "00001100111101100110100",
        0
      ],
      [
        "00000110111101100110100",
        0
      ],
      [
        "00000101111101100110100",
        0
      ],
      [
        "00000011111101100110100",
        1
      ],
      [
        "00100101010111100110100",
        0
      ],
      [
        "00101000110111100110100",
        0
      ],
      [
        "00100100110111100110100",
        0
      ],
      [
        "00001010110111100110100",
        0
      ],
      [
        "00001000111111100110100",
        2
      ],
      [
        "11110011001000010110100",
        0
      ],
      [
        "10101111001000010110100",
        0
      ],
      [
        "01001100111010010110100",
        1
      ],
      [
        "00100110111010010110100",
        1
      ],
      [
        "00101101010110010110100",
        2
      ],
      [
        "00100111010110010110100",
        0
      ],
      [
        "00110000111110010110100",
        0
      ],
      [
        "00101000111110010110100",
        0
      ],
      [
        "00011000111110010110100",
        1
      ],
      [
        "00001100111110010110100",
        0
      ],
      [
        "00100010111110010110100",
        0
      ],
      [
        "00001010111110010110100",
        0
      ],
      [
        "00000110111110010110100",
        0
      ],
      [
        "00000101111110010110100",
        0
      ],
      [
        "00000011111110010110100",
        1
      ],
      [
        "10101011001001010110100",
        1
      ],
      [
        "10101010011001010110100",
        0
      ],
      [
        "10101000111001010110100",
        1
      ],
      [
        "00101101010101010110100",
        0
      ],
      [
        "11010000110101010110100",
        0
      ],
      [
        "10101000110101010110100",
        0
      ],
      [
        "11000100110101010110100",
        1
      ],
      [
        "00100110110101010110100",
        2
      ],
      [
        "00001111001101010110100",
        1
      ],
      [
        "00001101011101010110100",
        1
      ],
      [
        "00110000111101010110100",
        1
      ],
      [
        "00101000111101010110100",
        0
      ],
      [
        "00001100111101010110100",
        1
      ],
      [
        "00000110111101010110100",
        1
      ],
      [
        "00000101111101010110100",
        1
      ],
      [
        "00000011111101010110100",
        0
      ],
      [
        "00100101010111010110100",
        1
      ],
      [
        "10100000110111010110100",
        2
      ],
      [
        "00101000110111010110100",
        1
      ],
      [
        "00100100110111010110100",
        1
      ],
      [
        "00001100110111010110100",
        1
      ],
      [
        "01001100111000110110100",
        0
      ],
      [
        "00100110111000110110100",
        0
      ],
      [
        "00101010110100110110100",
        0
      ],
      [
        "00100110110100110110100",
        1
      ],
      [
        "00001110110100110110100",
        1
      ],
      [
        "00110000111100110110100",
        1
      ],
      [
        "00101000111100110110100",
        1
      ],
      [
        "00100100111100110110100",
        1
      ],
      [
        "00001100111100110110100",
        1
      ],
      [
        "00000110111100110110100",
        1
      ],
      [
        "00000101111100110110100",
        1
      ],
      [
        "00000011111100110110100",
        0
      ],
      [
        "00100101010110110110100",
        0
      ],
      [
        "00101000110110110110100",
        1
      ],
      [
        "00001100110110110110100",
        0
      ],
      [
        "00001111001001110110100",
        1
      ],
      [
        "00100101010101110110100",
        1
      ],
      [
        "00001100110101110110100",
        1
      ],
      [
        "00000101010111110110100",
        1
      ],
      [
        "10000000110111110110100",
        0
      ],
      [
        "00000100110111110110100",
        1
      ],
      [
        "11110011001000001110100",
        0
      ],
      [
        "10110111001000001110100",
        0
      ],
      [
        "11011010101000001110100",
        0
      ],
      [
        "00101101010110001110100",
        1
      ],
      [
        "00100110110110001110100",
        0
      ],
      [
        "00110000111110001110100",
        0
      ],
      [
        "00101000111110001110100",
        1
      ],
      [
        "00100100111110001110100",
        0
      ],
      [
        "00001100111110001110100",
        2
      ],
      [
        "00000110111110001110100",
        0
      ],
      [
        "00000101111110001110100",
        0
      ],
      [
        "00000011111110001110100",
        1
      ],
      [
        "10110011001001001110100",
        1
      ],
      [
        "10110010011001001110100",
        0
      ],
      [
        "10110000111001001110100",
        1
      ],
      [
        "00101101010101001110100",
        1
      ],
      [
        "00100111010101001110100",
        1
      ],
      [
        "10110000110101001110100",
        0
      ],
      [
        "00101010110101001110100",
        0
      ],
      [
        "00110000111101001110100",
        1
      ],
      [
        "00101000111101001110100",
        1
      ],
      [
        "00001100111101001110100",
        1
      ],
      [
        "00000110111101001110100",
        1
      ],
      [
        "00000101111101001110100",
        1
      ],
      [
        "00000011111101001110100",
        0
      ],
      [
        "00100101010111001110100",
        1
      ],
      [
        "10100000110111001110100",
        1
      ],
      [
        "10001000110111001110100",
        0
      ],
      [
        "00101000110111001110100",
        1
      ],
      [
        "00100100110111001110100",
        1
      ],
      [
        "00001010110111001110100",
        1
      ],
      [
        "00001000111111001110100",
        0
      ],
      [
        "10110011001000101110100",
        1
      ],
      [
        "10100111001000101110100",
        0
      ],
      [
        "10001111001000101110100",
        1
      ],
      [
        "11001010101000101110100",
        1
      ],
      [
        "11000110101000101110100",
        0
      ],
      [
        "11000101101000101110100",
        1
      ],
      [
        "10001110011000101110100",
        0
      ],
      [
        "11000101011000101110100",
        0
      ],
      [
        "10001100111000101110100",
        1
      ],
      [
        "11000101010100101110100",
        1
      ],
      [
        "00101101010100101110100",
        0
      ],
      [
        "10001100110100101110100",
        0
      ],
      [
        "00100110110100101110100",
        1
      ],
      [
        "00110000111100101110100",
        1
      ],
      [
        "00101000111100101110100",
        0
      ],
      [
        "00100100111100101110100",
        1
      ],
      [
        "00001100111100101110100",
        0
      ],
      [
        "00000110111100101110100",
        1
      ],
      [
        "00000101111100101110100",
        1
      ],
      [
        "00000011111100101110100",
        0
      ],
      [
        "10000101010110101110100",
        0
      ],
      [
        "00100101010110101110100",
        2
      ],
      [
        "00001100110110101110100",
        1
      ],
      [
        "00001000110111101110100",
        1
      ],
      [
        "10110011001000011110100",
        1
      ],
      [
        "10100111001000011110100",
        0
      ],
      [
        "10001111001000011110100",
        1
      ],
      [
        "10001110011000011110100",
        0
      ],
      [
        "10001100111000011110100",
        1
      ],
      [
        "00101101010100011110100",
        0
      ],
      [
        "00100111010100011110100",
        1
      ],
      [
        "10001100110100011110100",
        2
      ],
      [
        "00110000111100011110100",
        1
      ],
      [
        "00101000111100011110100",
        1
      ],
      [
        "00011000111100011110100",
        0
      ],
      [
        "00001100111100011110100",
        1
      ],
      [
        "00100010111100011110100",
        1
      ],
      [
        "00001010111100011110100",
        1
      ],
      [
        "00000110111100011110100",
        1
      ],
      [
        "00000101111100011110100",
        1
      ],
      [
        "00000011111100011110100",
        0
      ],
      [
        "00001100110110011110100",
        0
      ],
      [
        "11000000110101011110100",
        1
      ],
      [
        "10001000110101011110100",
        2
      ],
      [
        "00101000110101011110100",
        0
      ],
      [
        "10000100110101011110100",
        2
      ],
      [
        "00100100110101011110100",
        1
      ],
      [
        "01001100110000111110100",
        1
      ],
      [
        "00100110110000111110100",
        1
      ],
      [
        "00000000110111111110100",
        1
      ],
      [
        "11111111001000000001100",
        1
      ],
      [
        "11110111001000100001100",
        1
      ],
      [
        "00100101111110100001100",
        0
      ],
      [
        "10110011001011100001100",
        1
      ],
      [
        "10100111001011100001100",
        0
      ],
      [
        "10001111001011100001100",
        1
      ],
      [
        "10001110011011100001100",
        0
      ],
      [
        "10001100111011100001100",
        1
      ],
      [
        "10001100110111100001100",
        0
      ],
      [
        "00101010110111100001100",
        0
      ],
      [
        "00100101110111100001100",
        1
      ],
      [
        "00110000111111100001100",
        1
      ],
      [
        "00101000111111100001100",
        1
      ],
      [
        "00001100111111100001100",
        1
      ],
      [
        "00000110111111100001100",
        1
      ],
      [
        "00000101111111100001100",
        1
      ],
      [
        "00000011111111100001100",
        0
      ],
      [
        "00001111110110010001100",
        1
      ],
      [
        "00100101110111010001100",
        1
      ],
      [
        "00001111001111010001100",
        1
      ],
      [
        "00001101011111010001100",
        1
      ],
      [
        "00110000111111010001100",
        1
      ],
      [
        "00101000111111010001100",
        0
      ],
      [
        "00100100111111010001100",
        1
      ],
      [
        "00001100111111010001100",
        1
      ],
      [
        "00000110111111010001100",
        1
      ],
      [
        "00000101111111010001100",
        1
      ],
      [
        "00000011111111010001100",
        0
      ],
      [
        "00001111110010110001100",
        1
      ],
      [
        "10110011001010110001100",
        1
      ],
      [
        "10100111001010110001100",
        0
      ],
      [
        "10001111001010110001100",
        1
      ],
      [
        "10001110011010110001100",
        0
      ],
      [
        "10001100111010110001100",
        1
      ],
      [
        "10001100110110110001100",
        0
      ],
      [
        "00101010110110110001100",
        1
      ],
      [
        "00100101110110110001100",
        2
      ],
      [
        "00001101110110110001100",
        2
      ],
      [
        "00001111001110110001100",
        1
      ],
      [
        "00001101011110110001100",
        1
      ],
      [
        "00101000111110110001100",
        1
      ],
      [
        "00100100111110110001100",
        1
      ],
      [
        "00001100111110110001100",
        1
      ],
      [
        "00000110111110110001100",
        1
      ],
      [
        "00000101111110110001100",
        1
      ],
      [
        "00000011111110110001100",
        0
      ],
      [
        "00001111110001110001100",
        0
      ],
      [
        "10001100110101110001100",
        2
      ],
      [
        "00101010110101110001100",
        0
      ],
      [
        "00100110110101110001100",
        0
      ],
      [
        "00001101110101110001100",
        0
      ],
      [
        "00110000111101110001100",
        0
      ],
      [
        "00101000111101110001100",
        0
      ],
      [
        "00100100111101110001100",
        0
      ],
      [
        "00001100111101110001100",
        0
      ],
      [
        "00001010111101110001100",
        0
      ],
      [
        "00000110111101110001100",
        0
      ],
      [
        "00000101111101110001100",
        0
      ],
      [
        "00000011111101110001100",
        1
      ],
      [
        "00100101010111110001100",
        0
      ],
      [
        "00101000110111110001100",
        0
      ],
      [
        "00100100110111110001100",
        1
      ],
      [
        "00001100110111110001100",
        0
      ],
      [
        "00001010110111110001100",
        0
      ],
      [
        "11110111001000001001100",
        1
      ],
      [
        "00001110110111001001100",
        0
      ],
      [
        "00100101110111001001100",
        1
      ],
      [
        "00001111001111001001100",
        1
      ],
      [
        "00001101011111001001100",
        1
      ],
      [
        "00101000111111001001100",
        1
      ],
      [
        "00001100111111001001100",
        1
      ],
      [
        "00000110111111001001100",
        1
      ],
      [
        "00000101111111001001100",
        1
      ],
      [
        "00000011111111001001100",
        0
      ],
      [
        "11110011001000101001100",
        1
      ],
      [
        "00101101110010101001100",
        1
      ],
      [
        "00001111110010101001100",
        1
      ],
      [
        "11010011001010101001100",
        1
      ],
      [
        "11010010011010101001100",
        0
      ],
      [
        "11010000111010101001100",
        1
      ],
      [
        "11010000110110101001100",
        0
      ],
      [
        "00101100110110101001100",
        2
      ],
      [
        "00101010110110101001100",
        0
      ],
      [
        "00001101110110101001100",
        1
      ],
      [
        "00110000111110101001100",
        1
      ],
      [
        "00101000111110101001100",
        1
      ],
      [
        "00001100111110101001100",
        1
      ],
      [
        "00001010111110101001100",
        1
      ],
      [
        "00000110111110101001100",
        0
      ],
      [
        "00000101111110101001100",
        1
      ],
      [
        "00000011111110101001100",
        0
      ],
      [
        "00101101110001101001100",
        0
      ],
      [
        "00001111110001101001100",
        0
      ],
      [
        "00101101010101101001100",
        1
      ],
      [
        "11010000110101101001100",
        1
      ],
      [
        "00101100110101101001100",
        0
      ],
      [
        "00100101011101101001100",
        0
      ],
      [
        "00101000111101101001100",
        0
      ],
      [
        "00001100111101101001100",
        0
      ],
      [
        "00000110111101101001100",
        0
      ],
      [
        "00000101111101101001100",
        0
      ],
      [
        "00000011111101101001100",
        1
      ],
      [
        "00100101010111101001100",
        0
      ],
      [
        "00101000110111101001100",
        2
      ],
      [
        "00100100110111101001100",
        2
      ],
      [
        "00001100110111101001100",
        0
      ],
      [
        "00001010110111101001100",
        0
      ],
      [
        "11110011001000011001100",
        0
      ],
      [
        "00101100110110011001100",
        1
      ],
      [
        "00101010110110011001100",
        1
      ],
      [
        "00001101110110011001100",
        0
      ],
      [
        "00110000111110011001100",
        0
      ],
      [
        "00101000111110011001100",
        0
      ],
      [
        "00001100111110011001100",
        0
      ],
      [
        "00001010111110011001100",
        0
      ],
      [
        "00000110111110011001100",
        1
      ],
      [
        "00000101111110011001100",
        0
      ],
      [
        "00000011111110011001100",
        1
      ],
      [
        "00101101110001011001100",
        1
      ],
      [
        "00001111110001011001100",
        1
      ],
      [
        "00100111010101011001100",
        1
      ],
      [
        "11010000110101011001100",
        0
      ],
      [
        "00100101110101011001100",
        1
      ],
      [
        "00101000111101011001100",
        1
      ],
      [
        "00001100111101011001100",
        1
      ],
      [
        "00000110111101011001100",
        1
      ],
      [
        "00000101111101011001100",
        1
      ],
      [
        "00000011111101011001100",
        0
      ],
      [
        "00100101010111011001100",
        0
      ],
      [
        "00101000110111011001100",
        1
      ],
      [
        "00100100110111011001100",
        0
      ],
      [
        "00001100110111011001100",
        1
      ],
      [
        "00001010110111011001100",
        1
      ],
      [
        "00100111010100111001100",
        1
      ],
      [
        "00100101011100111001100",
        1
      ],
      [
        "00101000111100111001100",
        1
      ],
      [
        "00001100111100111001100",
        1
      ],
      [
        "00000110111100111001100",
        1
      ],
      [
        "00000101111100111001100",
        1
      ],
      [
        "00000011111100111001100",
        0
      ],
      [
        "00100101010110111001100",
        1
      ],
      [
        "00100100110110111001100",
        1
      ],
      [
        "00000101010111111001100",
        1
      ],
      [
        "11110111001000000101100",
        0
      ],
      [
        "00001110110111000101100",
        1
      ],
      [
        "00100101110111000101100",
        0
      ],
      [
        "00001111001111000101100",
        0
      ],
      [
        "00001101011111000101100",
        0
      ],
      [
        "00101000111111000101100",
        0
      ],
      [
        "00001100111111000101100",
        0
      ],
      [
        "00000110111111000101100",
        0
      ],
      [
        "00000101111111000101100",
        0
      ],
      [
        "00000011111111000101100",
        1
      ],
      [
        "10001100110110100101100",
        1
      ],
      [
        "00101010110110100101100",
        0
      ],
      [
        "00100101110110100101100",
        0
      ],
      [
        "00001101110110100101100",
        1
      ],
      [
        "00001111001110100101100",
        0
      ],
      [
        "00001101011110100101100",
        0
      ],
      [
        "00101000111110100101100",
        0
      ],
      [
        "00100100111110100101100",
        2
      ],
      [
        "00001100111110100101100",
        0
      ],
      [
        "00000110111110100101100",
        0
      ],
      [
        "00000101111110100101100",
        0
      ],
      [
        "00000011111110100101100",
        1
      ],
      [
        "00001111110001100101100",
        1
      ],
      [
        "00101101010101100101100",
        0
      ],
      [
        "10001100110101100101100",
        0
      ],
      [
        "00101100110101100101100",
        1
      ],
      [
        "00100101011101100101100",
        1
      ],
      [
        "00101000111101100101100",
        1
      ],
      [
        "00001100111101100101100",
        1
      ],
      [
        "00000110111101100101100",
        1
      ],
      [
        "00000101111101100101100",
        1
      ],
      [
        "00000011111101100101100",
        0
      ],
      [
        "00100101010111100101100",
        1
      ],
      [
        "00101000110111100101100",
        0
      ],
      [
        "00100100110111100101100",
        1
      ],
      [
        "00001100110111100101100",
        1
      ],
      [
        "00001010110111100101100",
        1
      ],
      [
        "11110011001000010101100",
        1
      ],
      [
        "10001100110110010101100",
        0
      ],
      [
        "00101100110110010101100",
        0
      ],
      [
        "00101010110110010101100",
        0
      ],
      [
        "00001101110110010101100",
        2
      ],
      [
        "00110000111110010101100",
        1
      ],
      [
        "00101000111110010101100",
        1
      ],
      [
        "00001100111110010101100",
        1
      ],
      [
        "00001010111110010101100",
        1
      ],
      [
        "00000110111110010101100",
        0
      ],
      [
        "00000101111110010101100",
        1
      ],
      [
        "00000011111110010101100",
        0
      ],
      [
        "00101101110001010101100",
        0
      ],
      [
        "00001111110001010101100",
        0
      ],
      [
        "00101101010101010101100",
        1
      ],
      [
        "11010000110101010101100",
        1
      ],
      [
        "00100110110101010101100",
        0
      ],
      [
        "00001111001101010101100",
        0
      ],
      [
        "00001101011101010101100",
        0
      ],
      [
        "00110000111101010101100",
        0
      ],
      [
        "00101000111101010101100",
        1
      ],
      [
        "00001100111101010101100",
        0
      ],
      [
        "00000110111101010101100",
        0
      ],
      [
        "00000101111101010101100",
        0
      ],
      [
        "00000011111101010101100",
        1
      ],
      [
        "00100101010111010101100",
        0
      ],
      [
        "00101000110111010101100",
        2
      ],
      [
        "00100100110111010101100",
        0
      ],
      [
        "00001100110111010101100",
        0
      ],
      [
        "00101010110100110101100",
        1
      ],
      [
        "00100110110100110101100",
        0
      ],
      [
        "00001110110100110101100",
        0
      ],
      [
        "00110000111100110101100",
        0
      ],
      [
        "00101000111100110101100",
        0
      ],
      [
        "00100100111100110101100",
        0
      ],
      [
        "00001100111100110101100",
        0
      ],
      [
        "00000110111100110101100",
        0
      ],
      [
        "00000101111100110101100",
        0
      ],
      [
        "00000011111100110101100",
        1
      ],
      [
        "00100101010110110101100",
        1
      ],
      [
        "00101000110110110101100",
        0
      ],
      [
        "00001100110110110101100",
        1
      ],
      [
        "00001111001001110101100",
        0
      ],
      [
        "00100101010101110101100",
        0
      ],
      [
        "00001100110101110101100",
        0
      ],
      [
        "00000101010111110101100",
        0
      ],
      [
        "00000100110111110101100",
        0
      ],
      [
        "00101010110110001101100",
        1
      ],
      [
        "00100101110110001101100",
        1
      ],
      [
        "00001101110110001101100",
        0
      ],
      [
        "00001111001110001101100",
        1
      ],
      [
        "00001101011110001101100",
        1
      ],
      [
        "00101000111110001101100",
        1
      ],
      [
        "00100100111110001101100",
        1
      ],
      [
        "00001100111110001101100",
        1
      ],
      [
        "00000110111110001101100",
        1
      ],
      [
        "00000101111110001101100",
        1
      ],
      [
        "00000011111110001101100",
        0
      ],
      [
        "00001111110001001101100",
        0
      ],
      [
        "00101101010101001101100",
        0
      ],
      [
        "00100111010101001101100",
        0
      ],
      [
        "10001100110101001101100",
        1
      ],
      [
        "00101010110101001101100",
        1
      ],
      [
        "00110000111101001101100",
        0
      ],
      [
        "00101000111101001101100",
        0
      ],
      [
        "00001100111101001101100",
        0
      ],
      [
        "00000110111101001101100",
        0
      ],
      [
        "00000101111101001101100",
        0
      ],
      [
        "00000011111101001101100",
        1
      ],
      [
        "00100101010111001101100",
        0
      ],
      [
        "00101000110111001101100",
        0
      ],
      [
        "00100100110111001101100",
        0
      ],
      [
        "00001010110111001101100",
        0
      ],
      [
        "00001000111111001101100",
        1
      ],
      [
        "00101101010100101101100",
        1
      ],
      [
        "00100110110100101101100",
        0
      ],
      [
        "00110000111100101101100",
        0
      ],
      [
        "00101000111100101101100",
        1
      ],
      [
        "00100100111100101101100",
        0
      ],
      [
        "00001100111100101101100",
        1
      ],
      [
        "00000110111100101101100",
        0
      ],
      [
        "00000101111100101101100",
        0
      ],
      [
        "00000011111100101101100",
        1
      ],
      [
        "00100101010110101101100",
        0
      ],
      [
        "00001100110110101101100",
        0
      ],
      [
        "00001000110111101101100",
        0
      ],
      [
        "00101101010100011101100",
        1
      ],
      [
        "00100111010100011101100",
        0
      ],
      [
        "10001100110100011101100",
        1
      ],
      [
        "00110000111100011101100",
        0
      ],
      [
        "00101000111100011101100",
        0
      ],
      [
        "00011000111100011101100",
        1
      ],
      [
        "00001100111100011101100",
        0
      ],
      [
        "00100010111100011101100",
        0
      ],
      [
        "00001010111100011101100",
        0
      ],
      [
        "00000110111100011101100",
        0
      ],
      [
        "00000101111100011101100",
        0
      ],
      [
        "00000011111100011101100",
        1
      ],
      [
        "00001100110110011101100",
        1
      ],
      [
        "00101000110101011101100",
        1
      ],
      [
        "00100100110101011101100",
        0
      ],
      [
        "01001100110000111101100",
        0
      ],
      [
        "00100110110000111101100",
        0
      ],
      [
        "00000000110111111101100",
        0
      ],
      [
        "10111111001000000011100",
        0
      ],
      [
        "00001111110110000011100",
        0
      ],
      [
        "00100101110111000011100",
        0
      ],
      [
        "00001111001111000011100",
        0
      ],
      [
        "00001101011111000011100",
        0
      ],
      [
        "00110000111111000011100",
        0
      ],
      [
        "00101000111111000011100",
        1
      ],
      [
        "00100100111111000011100",
        0
      ],
      [
        "00001100111111000011100",
        0
      ],
      [
        "00000110111111000011100",
        0
      ],
      [
        "00000101111111000011100",
        0
      ],
      [
        "00000011111111000011100",
        1
      ],
      [
        "10110111001000100011100",
        0
      ],
      [
        "00100101111010100011100",
        1
      ],
      [
        "00101010110110100011100",
        1
      ],
      [
        "00100101110110100011100",
        0
      ],
      [
        "00110000111110100011100",
        0
      ],
      [
        "00101000111110100011100",
        0
      ],
      [
        "00001100111110100011100",
        0
      ],
      [
        "00000110111110100011100",
        0
      ],
      [
        "00000101111110100011100",
        0
      ],
      [
        "00000011111110100011100",
        1
      ],
      [
        "10110011001001100011100",
        1
      ],
      [
        "10110010011001100011100",
        0
      ],
      [
        "10110000111001100011100",
        1
      ],
      [
        "00100101111001100011100",
        0
      ],
      [
        "10110000110101100011100",
        0
      ],
      [
        "00101010110101100011100",
        1
      ],
      [
        "00100110110101100011100",
        1
      ],
      [
        "00001101110101100011100",
        1
      ],
      [
        "00110000111101100011100",
        1
      ],
      [
        "00101000111101100011100",
        1
      ],
      [
        "00100100111101100011100",
        1
      ],
      [
        "00001100111101100011100",
        1
      ],
      [
        "00001010111101100011100",
        1
      ],
      [
        "00000110111101100011100",
        1
      ],
      [
        "00000101111101100011100",
        1
      ],
      [
        "00000011111101100011100",
        0
      ],
      [
        "00100101010111100011100",
        1
      ],
      [
        "10100000110111100011100",
        2
      ],
      [
        "10001000110111100011100",
        0
      ],
      [
        "00101000110111100011100",
        2
      ],
      [
        "00100100110111100011100",
        0
      ],
      [
        "00001100110111100011100",
        2
      ],
      [
        "00001010110111100011100",
        1
      ],
      [
        "10101111001000010011100",
        1
      ],
      [
        "00101010110110010011100",
        0
      ],
      [
        "00100101110110010011100",
        1
      ],
      [
        "00110000111110010011100",
        1
      ],
      [
        "00101000111110010011100",
        1
      ],
      [
        "00001100111110010011100",
        1
      ],
      [
        "00000110111110010011100",
        1
      ],
      [
        "00000101111110010011100",
        1
      ],
      [
        "00000011111110010011100",
        0
      ],
      [
        "10101011001001010011100",
        0
      ],
      [
        "10101010011001010011100",
        1
      ],
      [
        "10101000111001010011100",
        0
      ],
      [
        "00100101111001010011100",
        1
      ],
      [
        "00100111010101010011100",
        0
      ],
      [
        "10101000110101010011100",
        1
      ],
      [
        "00100101110101010011100",
        0
      ],
      [
        "00101000111101010011100",
        0
      ],
      [
        "00001100111101010011100",
        0
      ],
      [
        "00000110111101010011100",
        0
      ],
      [
        "00000101111101010011100",
        0
      ],
      [
        "00000011111101010011100",
        1
      ],
      [
        "00100101010111010011100",
        1
      ],
      [
        "10100000110111010011100",
        0
      ],
      [
        "10001000110111010011100",
        1
      ],
      [
        "00101000110111010011100",
        0
      ],
      [
        "00100100110111010011100",
        1
      ],
      [
        "00001100110111010011100",
        0
      ],
      [
        "00001010110111010011100",
        0
      ],
      [
        "00100111010100110011100",
        0
      ],
      [
        "00100101011100110011100",
        0
      ],
      [
        "00101000111100110011100",
        0
      ],
      [
        "00001100111100110011100",
        0
      ],
      [
        "00000110111100110011100",
        0
      ],
      [
        "00000101111100110011100",
        0
      ],
      [
        "00000011111100110011100",
        1
      ],
      [
        "00100101010110110011100",
        0
      ],
      [
        "00100100110110110011100",
        0
      ],
      [
        "00000101010111110011100",
        0
      ],
      [
        "10000000110111110011100",
        1
      ],
      [
        "00001111110010001011100",
        1
      ],
      [
        "00100101110110001011100",
        1
      ],
      [
        "00001111001110001011100",
        1
      ],
      [
        "00001101011110001011100",
        1
      ],
      [
        "00110000111110001011100",
        1
      ],
      [
        "00101000111110001011100",
        0
      ],
      [
        "00100100111110001011100",
        1
      ],
      [
        "00001100111110001011100",
        1
      ],
      [
        "00000110111110001011100",
        1
      ],
      [
        "00000101111110001011100",
        1
      ],
      [
        "00000011111110001011100",
        0
      ],
      [
        "00001111110001001011100",
        0
      ],
      [
        "00101010110101001011100",
        0
      ],
      [
        "00100110110101001011100",
        0
      ],
      [
        "00001101110101001011100",
        0
      ],
      [
        "00110000111101001011100",
        0
      ],
      [
        "00101000111101001011100",
        0
      ],
      [
        "00100100111101001011100",
        0
      ],
      [
        "00001100111101001011100",
        0
      ],
      [
        "00001010111101001011100",
        0
      ],
      [
        "00000110111101001011100",
        0
      ],
      [
        "00000101111101001011100",
        0
      ],
      [
        "00000011111101001011100",
        1
      ],
      [
        "00100101010111001011100",
        0
      ],
      [
        "00101000110111001011100",
        0
      ],
      [
        "00100100110111001011100",
        1
      ],
      [
        "00001100110111001011100",
        1
      ],
      [
        "00001010110111001011100",
        0
      ],
      [
        "00100101110100101011100",
        0
      ],
      [
        "00001111001100101011100",
        0
      ],
      [
        "00001101011100101011100",
        0
      ],
      [
        "00110000111100101011100",
        0
      ],
      [
        "00101000111100101011100",
        1
      ],
      [
        "00100100111100101011100",
        0
      ],
      [
        "00001100111100101011100",
        0
      ],
      [
        "00000110111100101011100",
        0
      ],
      [
        "00000101111100101011100",
        0
      ],
      [
        "00000011111100101011100",
        1
      ],
      [
        "00001111100001101011100",
        1
      ],
      [
        "00001111001001101011100",
        0
      ],
      [
        "00101010110100011011100",
        1
      ],
      [
        "00100101110100011011100",
        0
      ],
      [
        "00110000111100011011100",
        0
      ],
      [
        "00101000111100011011100",
        0
      ],
      [
        "00001100111100011011100",
        0
      ],
      [
        "00000110111100011011100",
        0
      ],
      [
        "00000101111100011011100",
        0
      ],
      [
        "00000011111100011011100",
        1
      ],
      [
        "00100101110001011011100",
        0
      ],
      [
        "00001000110111011011100",
        0
      ],
      [
        "00000000110111111011100",
        0
      ],
      [
        "10110111001000000111100",
        1
      ],
      [
        "00001110110110000111100",
        0
      ],
      [
        "00100101110110000111100",
        1
      ],
      [
        "00001111001110000111100",
        1
      ],
      [
        "00001101011110000111100",
        1
      ],
      [
        "00101000111110000111100",
        1
      ],
      [
        "00001100111110000111100",
        1
      ],
      [
        "00000110111110000111100",
        1
      ],
      [
        "00000101111110000111100",
        1
      ],
      [
        "00000011111110000111100",
        0
      ],
      [
        "10110011001001000111100",
        0
      ],
      [
        "10110010011001000111100",
        1
      ],
      [
        "10110000111001000111100",
        0
      ],
      [
        "00101101010101000111100",
        1
      ],
      [
        "10110000110101000111100",
        1
      ],
      [
        "00101100110101000111100",
        0
      ],
      [
        "00100101011101000111100",
        0
      ],
      [
        "00101000111101000111100",
        0
      ],
      [
        "00001100111101000111100",
        0
      ],
      [
        "00000110111101000111100",
        0
      ],
      [
        "00000101111101000111100",
        0
      ],
      [
        "00000011111101000111100",
        1
      ],
      [
        "00100101010111000111100",
        0
      ],
      [
        "10100000110111000111100",
        0
      ],
      [
        "10001000110111000111100",
        1
      ],
      [
        "00101000110111000111100",
        1
      ],
      [
        "00100100110111000111100",
        0
      ],
      [
        "00001100110111000111100",
        0
      ],
      [
        "00001010110111000111100",
        0
      ],
      [
        "00001110110100100111100",
        1
      ],
      [
        "00100101110100100111100",
        0
      ],
      [
        "00001111001100100111100",
        0
      ],
      [
        "00001101011100100111100",
        0
      ],
      [
        "00101000111100100111100",
        0
      ],
      [
        "00001100111100100111100",
        0
      ],
      [
        "00000110111100100111100",
        0
      ],
      [
        "00000101111100100111100",
        0
      ],
      [
        "00000011111100100111100",
        1
      ],
      [
        "00001000110111100111100",
        2
      ],
      [
        "10110011001000010111100",
        0
      ],
      [
        "10100111001000010111100",
        1
      ],
      [
        "10001111001000010111100",
        0
      ],
      [
        "10001110011000010111100",
        1
      ],
      [
        "10001100111000010111100",
        0
      ],
      [
        "10001100110100010111100",
        1
      ],
      [
        "00101100110100010111100",
        1
      ],
      [
        "00101010110100010111100",
        1
      ],
      [
        "00001101110100010111100",
        0
      ],
      [
        "00110000111100010111100",
        0
      ],
      [
        "00101000111100010111100",
        0
      ],
      [
        "00001100111100010111100",
        0
      ],
      [
        "00001010111100010111100",
        0
      ],
      [
        "00000110111100010111100",
        1
      ],
      [
        "00000101111100010111100",
        0
      ],
      [
        "00000011111100010111100",
        1
      ],
      [
        "00001100110110010111100",
        2
      ],
      [
        "00101101100001010111100",
        1
      ],
      [
        "00001111100001010111100",
        1
      ],
      [
        "00101101001001010111100",
        0
      ],
      [
        "00001111001001010111100",
        0
      ],
      [
        "11000000110101010111100",
        0
      ],
      [
        "10001000110101010111100",
        2
      ],
      [
        "00101000110101010111100",
        0
      ],
      [
        "00101010110100001111100",
        0
      ],
      [
        "00100101110100001111100",
        0
      ],
      [
        "00001101110100001111100",
        1
      ],
      [
        "00001111001100001111100",
        0
      ],
      [
        "00001101011100001111100",
        0
      ],
      [
        "00101000111100001111100",
        0
      ],
      [
        "00100100111100001111100",
        0
      ],
      [
        "00001100111100001111100",
        0
      ],
      [
        "00000110111100001111100",
        0
      ],
      [
        "00000101111100001111100",
        0
      ],
      [
        "00000011111100001111100",
        1
      ],
      [
        "00001111100001001111100",
        1
      ],
      [
        "00001111001001001111100",
        0
      ],
      [
        "00001100110101001111100",
        0
      ],
      [
        "00001100110100011111100",
        0
      ],
      [
        "00101110111011100000010",
        0
      ],
      [
        "00101010111111100000010",
        0
      ],
      [
        "00100101110111110000010",
        1
      ],
      [
        "00101000111111110000010",
        1
      ],
      [
        "00100100111111110000010",
        1
      ],
      [
        "00001100111111110000010",
        1
      ],
      [
        "00000110111111110000010",
        1
      ],
      [
        "00000101111111110000010",
        1
      ],
      [
        "00000011111111110000010",
        0
      ],
      [
        "00101101011111001000010",
        0
      ],
      [
        "00100111011111001000010",
        0
      ],
      [
        "00100110111111001000010",
        0
      ],
      [
        "00100111010111101000010",
        2
      ],
      [
        "00101010110111101000010",
        1
      ],
      [
        "00001101110111101000010",
        0
      ],
      [
        "00001111001111101000010",
        1
      ],
      [
        "00100101011111101000010",
        1
      ],
      [
        "00001101011111101000010",
        1
      ],
      [
        "00101000111111101000010",
        1
      ],
      [
        "00001100111111101000010",
        1
      ],
      [
        "00000110111111101000010",
        1
      ],
      [
        "00000101111111101000010",
        1
      ],
      [
        "00000011111111101000010",
        0
      ],
      [
        "00101101011110011000010",
        0
      ],
      [
        "00100111010111011000010",
        1
      ],
      [
        "00001110110111011000010",
        0
      ],
      [
        "00001111001111011000010",
        1
      ],
      [
        "00100101011111011000010",
        1
      ],
      [
        "00001101011111011000010",
        1
      ],
      [
        "00101000111111011000010",
        1
      ],
      [
        "00001100111111011000010",
        1
      ],
      [
        "00000110111111011000010",
        1
      ],
      [
        "00000101111111011000010",
        1
      ],
      [
        "00000011111111011000010",
        0
      ],
      [
        "00101101110010111000010",
        1
      ],
      [
        "00001111110010111000010",
        1
      ],
      [
        "00101101011010111000010",
        2
      ],
      [
        "00101100110110111000010",
        2
      ],
      [
        "00101010110110111000010",
        0
      ],
      [
        "00110000111110111000010",
        1
      ],
      [
        "00101000111110111000010",
        1
      ],
      [
        "00001100111110111000010",
        1
      ],
      [
        "00000110111110111000010",
        0
      ],
      [
        "00000101111110111000010",
        1
      ],
      [
        "00000011111110111000010",
        0
      ],
      [
        "00101101110001111000010",
        0
      ],
      [
        "00001111110001111000010",
        0
      ],
      [
        "00101101011001111000010",
        0
      ],
      [
        "00101101010101111000010",
        1
      ],
      [
        "00101100110101111000010",
        0
      ],
      [
        "00100110110101111000010",
        0
      ],
      [
        "00101000111101111000010",
        0
      ],
      [
        "00100100111101111000010",
        0
      ],
      [
        "00001100111101111000010",
        0
      ],
      [
        "00000110111101111000010",
        0
      ],
      [
        "00000101111101111000010",
        0
      ],
      [
        "00000011111101111000010",
        1
      ],
      [
        "00100101010111111000010",
        0
      ],
      [
        "00100100110111111000010",
        0
      ],
      [
        "00001100110111111000010",
        0
      ],
      [
        "00100110111110100100010",
        0
      ],
      [
        "00001101111110100100010",
        0
      ],
      [
        "00100111010111100100010",
        1
      ],
      [
        "00100110110111100100010",
        1
      ],
      [
        "00001101110111100100010",
        0
      ],
      [
        "00001111001111100100010",
        1
      ],
      [
        "00001101011111100100010",
        1
      ],
      [
        "00101000111111100100010",
        1
      ],
      [
        "00001100111111100100010",
        1
      ],
      [
        "00100010111111100100010",
        1
      ],
      [
        "00000110111111100100010",
        1
      ],
      [
        "00000101111111100100010",
        1
      ],
      [
        "00000011111111100100010",
        0
      ],
      [
        "00101111100110010100010",
        0
      ],
      [
        "00100110111011010100010",
        0
      ],
      [
        "00100111010111010100010",
        1
      ],
      [
        "00100110110111010100010",
        1
      ],
      [
        "00100101110111010100010",
        1
      ],
      [
        "00101100011111010100010",
        0
      ],
      [
        "00001101011111010100010",
        1
      ],
      [
        "00101000111111010100010",
        1
      ],
      [
        "00100100111111010100010",
        1
      ],
      [
        "00001100111111010100010",
        1
      ],
      [
        "00000110111111010100010",
        1
      ],
      [
        "00000101111111010100010",
        1
      ],
      [
        "00000011111111010100010",
        0
      ],
      [
        "00100110111010110100010",
        2
      ],
      [
        "00100111010110110100010",
        1
      ],
      [
        "00100110110110110100010",
        2
      ],
      [
        "00101000111110110100010",
        1
      ],
      [
        "00001100111110110100010",
        1
      ],
      [
        "00000110111110110100010",
        1
      ],
      [
        "00000101111110110100010",
        1
      ],
      [
        "00000011111110110100010",
        0
      ],
      [
        "00100110111001110100010",
        0
      ],
      [
        "00100110110101110100010",
        0
      ],
      [
        "00001110110101110100010",
        0
      ],
      [
        "00001101110101110100010",
        1
      ],
      [
        "00001111001101110100010",
        0
      ],
      [
        "00101100011101110100010",
        0
      ],
      [
        "00001101011101110100010",
        0
      ],
      [
        "00101000111101110100010",
        0
      ],
      [
        "00001100111101110100010",
        0
      ],
      [
        "00000110111101110100010",
        0
      ],
      [
        "00000101111101110100010",
        0
      ],
      [
        "00000011111101110100010",
        1
      ],
      [
        "00100101010111110100010",
        0
      ],
      [
        "00001101010111110100010",
        0
      ],
      [
        "00100100110111110100010",
        1
      ],
      [
        "00001100110111110100010",
        0
      ],
      [
        "00100101111110001100010",
        0
      ],
      [
        "00101101011011001100010",
        2
      ],
      [
        "00100111011011001100010",
        0
      ],
      [
        "00100111010111001100010",
        1
      ],
      [
        "00101010110111001100010",
        0
      ],
      [
        "00100101011111001100010",
        1
      ],
      [
        "00110000111111001100010",
        1
      ],
      [
        "00101000111111001100010",
        1
      ],
      [
        "00100100111111001100010",
        1
      ],
      [
        "00001100111111001100010",
        1
      ],
      [
        "00000110111111001100010",
        1
      ],
      [
        "00000101111111001100010",
        1
      ],
      [
        "00000011111111001100010",
        0
      ],
      [
        "00101101011010101100010",
        0
      ],
      [
        "00101101010110101100010",
        0
      ],
      [
        "00100111010110101100010",
        1
      ],
      [
        "00100110110110101100010",
        1
      ],
      [
        "00100101011110101100010",
        1
      ],
      [
        "00110000111110101100010",
        1
      ],
      [
        "00101000111110101100010",
        0
      ],
      [
        "00100100111110101100010",
        1
      ],
      [
        "00001100111110101100010",
        1
      ],
      [
        "00000110111110101100010",
        1
      ],
      [
        "00000101111110101100010",
        1
      ],
      [
        "00000011111110101100010",
        0
      ],
      [
        "00101101011001101100010",
        1
      ],
      [
        "00101101010101101100010",
        1
      ],
      [
        "00100111010101101100010",
        0
      ],
      [
        "00100110110101101100010",
        0
      ],
      [
        "00100101110101101100010",
        0
      ],
      [
        "00100101011101101100010",
        0
      ],
      [
        "00101000111101101100010",
        0
      ],
      [
        "00001100111101101100010",
        0
      ],
      [
        "00000110111101101100010",
        0
      ],
      [
        "00000101111101101100010",
        0
      ],
      [
        "00000011111101101100010",
        1
      ],
      [
        "00100101010111101100010",
        0
      ],
      [
        "00001101010111101100010",
        0
      ],
      [
        "00101000110111101100010",
        0
      ],
      [
        "00100100110111101100010",
        2
      ],
      [
        "00001100110111101100010",
        0
      ],
      [
        "00101101011010011100010",
        0
      ],
      [
        "00100111011010011100010",
        1
      ],
      [
        "00101101010110011100010",
        1
      ],
      [
        "00100111010110011100010",
        0
      ],
      [
        "00100110110110011100010",
        0
      ],
      [
        "00100101011110011100010",
        2
      ],
      [
        "00110000111110011100010",
        0
      ],
      [
        "00101000111110011100010",
        1
      ],
      [
        "00100100111110011100010",
        2
      ],
      [
        "00001100111110011100010",
        0
      ],
      [
        "00000110111110011100010",
        0
      ],
      [
        "00000101111110011100010",
        0
      ],
      [
        "00000011111110011100010",
        1
      ],
      [
        "00101101011001011100010",
        0
      ],
      [
        "00100110110101011100010",
        1
      ],
      [
        "00101000111101011100010",
        1
      ],
      [
        "00100100111101011100010",
        1
      ],
      [
        "00001100111101011100010",
        1
      ],
      [
        "00000110111101011100010",
        1
      ],
      [
        "00000101111101011100010",
        1
      ],
      [
        "00000011111101011100010",
        0
      ],
      [
        "00100101010111011100010",
        1
      ],
      [
        "00101000110111011100010",
        1
      ],
      [
        "00001100110111011100010",
        1
      ],
      [
        "00101101011000111100010",
        1
      ],
      [
        "00100111011000111100010",
        0
      ],
      [
        "00101101010100111100010",
        0
      ],
      [
        "00100110110100111100010",
        1
      ],
      [
        "00001110110100111100010",
        1
      ],
      [
        "00100101011100111100010",
        1
      ],
      [
        "00101000111100111100010",
        1
      ],
      [
        "00001100111100111100010",
        1
      ],
      [
        "00000110111100111100010",
        1
      ],
      [
        "00000101111100111100010",
        1
      ],
      [
        "00000011111100111100010",
        0
      ],
      [
        "00100100110110111100010",
        1
      ],
      [
        "00001100110110111100010",
        0
      ],
      [
        "01001101001001111100010",
        1
      ],
      [
        "00101101001001111100010",
        1
      ],
      [
        "00001111001001111100010",
        0
      ],
      [
        "00000101010111111100010",
        1
      ],
      [
        "00000100110111111100010",
        0
      ],
      [
        "00101101011110100010010",
        0
      ],
      [
        "00100101110111100010010",
        1
      ],
      [
        "00110000111111100010010",
        1
      ],
      [
        "00101000111111100010010",
        0
      ],
      [
        "00001100111111100010010",
        1
      ],
      [
        "00100010111111100010010",
        1
      ],
      [
        "00000110111111100010010",
        1
      ],
      [
        "00000101111111100010010",
        1
      ],
      [
        "00000011111111100010010",
        0
      ],
      [
        "00100110110111010010010",
        1
      ],
      [
        "00001101110111010010010",
        0
      ],
      [
        "00001111001111010010010",
        1
      ],
      [
        "00001101011111010010010",
        1
      ],
      [
        "00101000111111010010010",
        1
      ],
      [
        "00001100111111010010010",
        1
      ],
      [
        "00000110111111010010010",
        1
      ],
      [
        "00000101111111010010010",
        1
      ],
      [
        "00000011111111010010010",
        0
      ],
      [
        "00001111110010110010010",
        1
      ],
      [
        "00100101110110110010010",
        1
      ],
      [
        "00001101110110110010010",
        2
      ],
      [
        "00001111001110110010010",
        1
      ],
      [
        "00100101011110110010010",
        1
      ],
      [
        "00001101011110110010010",
        1
      ],
      [
        "00101000111110110010010",
        1
      ],
      [
        "00100100111110110010010",
        1
      ],
      [
        "00001100111110110010010",
        1
      ],
      [
        "00000110111110110010010",
        1
      ],
      [
        "00000101111110110010010",
        1
      ],
      [
        "00000011111110110010010",
        0
      ],
      [
        "00001111110001110010010",
        0
      ],
      [
        "00101101010101110010010",
        1
      ],
      [
        "00100111010101110010010",
        0
      ],
      [
        "00001101110101110010010",
        0
      ],
      [
        "00110000111101110010010",
        0
      ],
      [
        "00101000111101110010010",
        0
      ],
      [
        "00001100111101110010010",
        0
      ],
      [
        "00001010111101110010010",
        0
      ],
      [
        "00000110111101110010010",
        0
      ],
      [
        "00000101111101110010010",
        0
      ],
      [
        "00000011111101110010010",
        1
      ],
      [
        "00100101010111110010010",
        0
      ],
      [
        "00101000110111110010010",
        0
      ],
      [
        "00100100110111110010010",
        2
      ],
      [
        "00001100110111110010010",
        0
      ],
      [
        "00001010110111110010010",
        0
      ],
      [
        "00100111011011001010010",
        2
      ],
      [
        "00100111010111001010010",
        1
      ],
      [
        "00101010110111001010010",
        0
      ],
      [
        "00110000111111001010010",
        1
      ],
      [
        "00101000111111001010010",
        1
      ],
      [
        "00001100111111001010010",
        1
      ],
      [
        "00001010111111001010010",
        1
      ],
      [
        "00000110111111001010010",
        1
      ],
      [
        "00000101111111001010010",
        1
      ],
      [
        "00000011111111001010010",
        0
      ],
      [
        "00101101110010101010010",
        1
      ],
      [
        "00001111110010101010010",
        1
      ],
      [
        "00100111010110101010010",
        1
      ],
      [
        "00101100110110101010010",
        2
      ],
      [
        "00101010110110101010010",
        1
      ],
      [
        "00100110110110101010010",
        1
      ],
      [
        "00001101110110101010010",
        0
      ],
      [
        "00001111001110101010010",
        1
      ],
      [
        "00001101011110101010010",
        1
      ],
      [
        "00110000111110101010010",
        1
      ],
      [
        "00101000111110101010010",
        1
      ],
      [
        "00001100111110101010010",
        1
      ],
      [
        "00000110111110101010010",
        1
      ],
      [
        "00000101111110101010010",
        1
      ],
      [
        "00000011111110101010010",
        0
      ],
      [
        "00101101110001101010010",
        0
      ],
      [
        "00001111110001101010010",
        0
      ],
      [
        "00110010110101101010010",
        1
      ],
      [
        "00101010110101101010010",
        0
      ],
      [
        "00110000111101101010010",
        0
      ],
      [
        "00101000111101101010010",
        0
      ],
      [
        "00001100111101101010010",
        0
      ],
      [
        "00000110111101101010010",
        1
      ],
      [
        "00000101111101101010010",
        0
      ],
      [
        "00000011111101101010010",
        1
      ],
      [
        "00100101010111101010010",
        0
      ],
      [
        "00001101010111101010010",
        0
      ],
      [
        "00101000110111101010010",
        0
      ],
      [
        "00100100110111101010010",
        1
      ],
      [
        "00001100110111101010010",
        2
      ],
      [
        "00100010110111101010010",
        0
      ],
      [
        "00001010110111101010010",
        0
      ],
      [
        "00100111011010011010010",
        0
      ],
      [
        "00100111010110011010010",
        0
      ],
      [
        "00101100110110011010010",
        0
      ],
      [
        "00101010110110011010010",
        2
      ],
      [
        "00100110110110011010010",
        0
      ],
      [
        "00001101110110011010010",
        1
      ],
      [
        "00001111001110011010010",
        0
      ],
      [
        "00001101011110011010010",
        0
      ],
      [
        "00110000111110011010010",
        0
      ],
      [
        "00101000111110011010010",
        0
      ],
      [
        "00001100111110011010010",
        0
      ],
      [
        "00000110111110011010010",
        0
      ],
      [
        "00000101111110011010010",
        0
      ],
      [
        "00000011111110011010010",
        1
      ],
      [
        "00101101110001011010010",
        1
      ],
      [
        "00001111110001011010010",
        1
      ],
      [
        "00100111010101011010010",
        2
      ],
      [
        "00100110110101011010010",
        1
      ],
      [
        "00100101011101011010010",
        1
      ],
      [
        "00101000111101011010010",
        1
      ],
      [
        "00100100111101011010010",
        1
      ],
      [
        "00001100111101011010010",
        1
      ],
      [
        "00000110111101011010010",
        1
      ],
      [
        "00000101111101011010010",
        1
      ],
      [
        "00000011111101011010010",
        0
      ],
      [
        "00100101010111011010010",
        1
      ],
      [
        "00101000110111011010010",
        1
      ],
      [
        "00100100110111011010010",
        1
      ],
      [
        "00001100110111011010010",
        1
      ],
      [
        "00001010110111011010010",
        1
      ],
      [
        "00100111011000111010010",
        1
      ],
      [
        "00100111010100111010010",
        1
      ],
      [
        "00100110110100111010010",
        0
      ],
      [
        "00001110110100111010010",
        0
      ],
      [
        "00001111001100111010010",
        1
      ],
      [
        "00100101011100111010010",
        1
      ],
      [
        "00001101011100111010010",
        1
      ],
      [
        "00101000111100111010010",
        1
      ],
      [
        "00001100111100111010010",
        1
      ],
      [
        "00000110111100111010010",
        1
      ],
      [
        "00000101111100111010010",
        1
      ],
      [
        "00000011111100111010010",
        0
      ],
      [
        "00100101010110111010010",
        0
      ],
      [
        "00100100110110111010010",
        1
      ],
      [
        "00001100110110111010010",
        1
      ],
      [
        "00100010110110111010010",
        1
      ],
      [
        "00100111010111000110010",
        0
      ],
      [
        "00101010110111000110010",
        1
      ],
      [
        "00110000111111000110010",
        0
      ],
      [
        "00101000111111000110010",
        0
      ],
      [
        "00001100111111000110010",
        0
      ],
      [
        "00001010111111000110010",
        0
      ],
      [
        "00000110111111000110010",
        0
      ],
      [
        "00000101111111000110010",
        0
      ],
      [
        "00000011111111000110010",
        1
      ],
      [
        "00100101110110100110010",
        0
      ],
      [
        "00001101110110100110010",
        1
      ],
      [
        "00001111001110100110010",
        0
      ],
      [
        "00100101011110100110010",
        2
      ],
      [
        "00001101011110100110010",
        0
      ],
      [
        "00101000111110100110010",
        0
      ],
      [
        "00100100111110100110010",
        0
      ],
      [
        "00001100111110100110010",
        0
      ],
      [
        "00000110111110100110010",
        0
      ],
      [
        "00000101111110100110010",
        0
      ],
      [
        "00000011111110100110010",
        1
      ],
      [
        "00001111110001100110010",
        1
      ],
      [
        "00110010110101100110010",
        0
      ],
      [
        "00101010110101100110010",
        1
      ],
      [
        "00110000111101100110010",
        1
      ],
      [
        "00101000111101100110010",
        1
      ],
      [
        "00001100111101100110010",
        1
      ],
      [
        "00000110111101100110010",
        0
      ],
      [
        "00000101111101100110010",
        1
      ],
      [
        "00000011111101100110010",
        0
      ],
      [
        "00100101010111100110010",
        1
      ],
      [
        "00001101010111100110010",
        1
      ],
      [
        "00101000110111100110010",
        1
      ],
      [
        "00100100110111100110010",
        0
      ],
      [
        "00001100110111100110010",
        1
      ],
      [
        "00100010110111100110010",
        1
      ],
      [
        "00001010110111100110010",
        2
      ],
      [
        "00100111010110010110010",
        1
      ],
      [
        "00101100110110010110010",
        1
      ],
      [
        "00101010110110010110010",
        0
      ],
      [
        "00100110110110010110010",
        2
      ],
      [
        "00001101110110010110010",
        2
      ],
      [
        "00001111001110010110010",
        1
      ],
      [
        "00001101011110010110010",
        1
      ],
      [
        "00110000111110010110010",
        1
      ],
      [
        "00101000111110010110010",
        1
      ],
      [
        "00001100111110010110010",
        1
      ],
      [
        "00000110111110010110010",
        1
      ],
      [
        "00000101111110010110010",
        1
      ],
      [
        "00000011111110010110010",
        0
      ],
      [
        "00101101110001010110010",
        0
      ],
      [
        "00001111110001010110010",
        0
      ],
      [
        "00100111010101010110010",
        0
      ],
      [
        "00100110110101010110010",
        0
      ],
      [
        "00110000111101010110010",
        0
      ],
      [
        "00101000111101010110010",
        1
      ],
      [
        "00001100111101010110010",
        0
      ],
      [
        "00001010111101010110010",
        0
      ],
      [
        "00000110111101010110010",
        0
      ],
      [
        "00000101111101010110010",
        0
      ],
      [
        "00000011111101010110010",
        1
      ],
      [
        "00100101010111010110010",
        0
      ],
      [
        "00101000110111010110010",
        0
      ],
      [
        "00100100110111010110010",
        1
      ],
      [
        "00001100110111010110010",
        0
      ],
      [
        "00100111011000110110010",
        0
      ],
      [
        "00100111010100110110010",
        0
      ],
      [
        "00100110110100110110010",
        0
      ],
      [
        "00100101011100110110010",
        0
      ],
      [
        "00101000111100110110010",
        0
      ],
      [
        "00100100111100110110010",
        1
      ],
      [
        "00001100111100110110010",
        0
      ],
      [
        "00000110111100110110010",
        0
      ],
      [
        "00000101111100110110010",
        0
      ],
      [
        "00000011111100110110010",
        1
      ],
      [
        "00101000110110110110010",
        1
      ],
      [
        "00100100110110110110010",
        0
      ],
      [
        "00100010110110110110010",
        0
      ],
      [
        "00100110110001110110010",
        0
      ],
      [
        "00000101010111110110010",
        0
      ],
      [
        "00100101110110001110010",
        1
      ],
      [
        "00001101110110001110010",
        0
      ],
      [
        "00001111001110001110010",
        1
      ],
      [
        "00100101011110001110010",
        1
      ],
      [
        "00001101011110001110010",
        1
      ],
      [
        "00101000111110001110010",
        1
      ],
      [
        "00100100111110001110010",
        1
      ],
      [
        "00001100111110001110010",
        1
      ],
      [
        "00000110111110001110010",
        1
      ],
      [
        "00000101111110001110010",
        1
      ],
      [
        "00000011111110001110010",
        0
      ],
      [
        "00001111110001001110010",
        0
      ],
      [
        "00101101010101001110010",
        0
      ],
      [
        "00011010110101001110010",
        1
      ],
      [
        "00001101110101001110010",
        0
      ],
      [
        "00100101011101001110010",
        0
      ],
      [
        "00110000111101001110010",
        0
      ],
      [
        "00101000111101001110010",
        0
      ],
      [
        "00001100111101001110010",
        0
      ],
      [
        "00000110111101001110010",
        0
      ],
      [
        "00000101111101001110010",
        0
      ],
      [
        "00000011111101001110010",
        1
      ],
      [
        "00100101010111001110010",
        0
      ],
      [
        "00001101010111001110010",
        0
      ],
      [
        "00101000110111001110010",
        0
      ],
      [
        "00100100110111001110010",
        1
      ],
      [
        "00001100110111001110010",
        0
      ],
      [
        "00001010110111001110010",
        0
      ],
      [
        "00101101010100101110010",
        1
      ],
      [
        "00100101011100101110010",
        1
      ],
      [
        "00101000111100101110010",
        0
      ],
      [
        "00100100111100101110010",
        0
      ],
      [
        "00001100111100101110010",
        0
      ],
      [
        "00000110111100101110010",
        0
      ],
      [
        "00000101111100101110010",
        0
      ],
      [
        "00000011111100101110010",
        1
      ],
      [
        "00001100110110101110010",
        2
      ],
      [
        "00101101010100011110010",
        1
      ],
      [
        "00100111010100011110010",
        0
      ],
      [
        "00101010110100011110010",
        1
      ],
      [
        "00001101110100011110010",
        0
      ],
      [
        "00100101011100011110010",
        1
      ],
      [
        "00110000111100011110010",
        0
      ],
      [
        "00101000111100011110010",
        0
      ],
      [
        "00001100111100011110010",
        0
      ],
      [
        "00000110111100011110010",
        0
      ],
      [
        "00000101111100011110010",
        0
      ],
      [
        "00000011111100011110010",
        1
      ],
      [
        "00001100110110011110010",
        0
      ],
      [
        "00100111010001011110010",
        0
      ],
      [
        "00100101010101011110010",
        1
      ],
      [
        "00000100110111011110010",
        0
      ],
      [
        "00100111010000111110010",
        0
      ],
      [
        "00101101011110100001010",
        1
      ],
      [
        "00101110101011100001010",
        1
      ],
      [
        "00101110100111100001010",
        0
      ],
      [
        "00100101110111100001010",
        0
      ],
      [
        "00110000111111100001010",
        0
      ],
      [
        "00101000111111100001010",
        1
      ],
      [
        "00001100111111100001010",
        0
      ],
      [
        "00100010111111100001010",
        2
      ],
      [
        "00000110111111100001010",
        0
      ],
      [
        "00000101111111100001010",
        0
      ],
      [
        "00000011111111100001010",
        1
      ],
      [
        "00100110111011010001010",
        1
      ],
      [
        "00100110110111010001010",
        0
      ],
      [
        "00001101110111010001010",
        1
      ],
      [
        "00001111001111010001010",
        0
      ],
      [
        "00001101011111010001010",
        0
      ],
      [
        "00101000111111010001010",
        0
      ],
      [
        "00001100111111010001010",
        0
      ],
      [
        "00000110111111010001010",
        0
      ],
      [
        "00000101111111010001010",
        0
      ],
      [
        "00000011111111010001010",
        1
      ],
      [
        "00100111010110110001010",
        0
      ],
      [
        "00100110110110110001010",
        0
      ],
      [
        "00101000111110110001010",
        0
      ],
      [
        "00001100111110110001010",
        0
      ],
      [
        "00000110111110110001010",
        0
      ],
      [
        "00000101111110110001010",
        0
      ],
      [
        "00000011111110110001010",
        1
      ],
      [
        "00100110111001110001010",
        1
      ],
      [
        "00101101010101110001010",
        0
      ],
      [
        "00100111010101110001010",
        1
      ],
      [
        "00001101110101110001010",
        1
      ],
      [
        "00110000111101110001010",
        1
      ],
      [
        "00101000111101110001010",
        1
      ],
      [
        "00001100111101110001010",
        1
      ],
      [
        "00001010111101110001010",
        1
      ],
      [
        "00000110111101110001010",
        1
      ],
      [
        "00000101111101110001010",
        1
      ],
      [
        "00000011111101110001010",
        0
      ],
      [
        "00100101010111110001010",
        1
      ],
      [
        "00101000110111110001010",
        1
      ],
      [
        "00100100110111110001010",
        1
      ],
      [
        "00001100110111110001010",
        1
      ],
      [
        "00001010110111110001010",
        1
      ],
      [
        "00100101111110001001010",
        1
      ],
      [
        "00100111010111001001010",
        0
      ],
      [
        "00101010110111001001010",
        1
      ],
      [
        "00100101011111001001010",
        2
      ],
      [
        "00110000111111001001010",
        0
      ],
      [
        "00101000111111001001010",
        0
      ],
      [
        "00100100111111001001010",
        2
      ],
      [
        "00001100111111001001010",
        0
      ],
      [
        "00000110111111001001010",
        0
      ],
      [
        "00000101111111001001010",
        0
      ],
      [
        "00000011111111001001010",
        1
      ],
      [
        "00101100110110101001010",
        1
      ],
      [
        "00101010110110101001010",
        1
      ],
      [
        "00110000111110101001010",
        0
      ],
      [
        "00101000111110101001010",
        0
      ],
      [
        "00001100111110101001010",
        2
      ],
      [
        "00000110111110101001010",
        1
      ],
      [
        "00000101111110101001010",
        0
      ],
      [
        "00000011111110101001010",
        1
      ],
      [
        "00101101110001101001010",
        1
      ],
      [
        "00001111110001101001010",
        1
      ],
      [
        "00101101011001101001010",
        1
      ],
      [
        "00101101010101101001010",
        0
      ],
      [
        "00100111010101101001010",
        1
      ],
      [
        "00100110110101101001010",
        1
      ],
      [
        "00100101110101101001010",
        1
      ],
      [
        "00100101011101101001010",
        1
      ],
      [
        "00101000111101101001010",
        1
      ],
      [
        "00001100111101101001010",
        1
      ],
      [
        "00000110111101101001010",
        1
      ],
      [
        "00000101111101101001010",
        1
      ],
      [
        "00000011111101101001010",
        0
      ],
      [
        "00100101010111101001010",
        1
      ],
      [
        "00001101010111101001010",
        1
      ],
      [
        "00101000110111101001010",
        1
      ],
      [
        "00100100110111101001010",
        0
      ],
      [
        "00001100110111101001010",
        2
      ],
      [
        "00101101010110011001010",
        0
      ],
      [
        "00100111010110011001010",
        1
      ],
      [
        "00100110110110011001010",
        1
      ],
      [
        "00100101011110011001010",
        0
      ],
      [
        "00110000111110011001010",
        1
      ],
      [
        "00101000111110011001010",
        0
      ],
      [
        "00100100111110011001010",
        0
      ],
      [
        "00001100111110011001010",
        1
      ],
      [
        "00000110111110011001010",
        1
      ],
      [
        "00000101111110011001010",
        1
      ],
      [
        "00000011111110011001010",
        0
      ],
      [
        "00101101011001011001010",
        1
      ],
      [
        "00100111010101011001010",
        1
      ],
      [
        "00100110110101011001010",
        0
      ],
      [
        "00100101011101011001010",
        0
      ],
      [
        "00101000111101011001010",
        0
      ],
      [
        "00100100111101011001010",
        0
      ],
      [
        "00001100111101011001010",
        0
      ],
      [
        "00000110111101011001010",
        0
      ],
      [
        "00000101111101011001010",
        0
      ],
      [
        "00000011111101011001010",
        1
      ],
      [
        "00100101010111011001010",
        0
      ],
      [
        "00101000110111011001010",
        0
      ],
      [
        "00100100110111011001010",
        0
      ],
      [
        "00001100110111011001010",
        2
      ],
      [
        "00001010110111011001010",
        0
      ],
      [
        "00101101011000111001010",
        0
      ],
      [
        "00100111011000111001010",
        1
      ],
      [
        "00100111010100111001010",
        0
      ],
      [
        "00100110110100111001010",
        1
      ],
      [
        "00001110110100111001010",
        1
      ],
      [
        "00001111001100111001010",
        0
      ],
      [
        "00100101011100111001010",
        0
      ],
      [
        "00001101011100111001010",
        0
      ],
      [
        "00101000111100111001010",
        0
      ],
      [
        "00001100111100111001010",
        0
      ],
      [
        "00000110111100111001010",
        0
      ],
      [
        "00000101111100111001010",
        0
      ],
      [
        "00000011111100111001010",
        1
      ],
      [
        "00100101010110111001010",
        1
      ],
      [
        "00100100110110111001010",
        2
      ],
      [
        "00001100110110111001010",
        0
      ],
      [
        "00100010110110111001010",
        2
      ],
      [
        "00100111010111000101010",
        1
      ],
      [
        "00101010110111000101010",
        0
      ],
      [
        "00110000111111000101010",
        1
      ],
      [
        "00101000111111000101010",
        1
      ],
      [
        "00001100111111000101010",
        1
      ],
      [
        "00001010111111000101010",
        1
      ],
      [
        "00000110111111000101010",
        1
      ],
      [
        "00000101111111000101010",
        1
      ],
      [
        "00000011111111000101010",
        0
      ],
      [
        "00101110100110100101010",
        1
      ],
      [
        "00101100110110100101010",
        0
      ],
      [
        "00101010110110100101010",
        0
      ],
      [
        "00110000111110100101010",
        1
      ],
      [
        "00101000111110100101010",
        1
      ],
      [
        "00001100111110100101010",
        1
      ],
      [
        "00000110111110100101010",
        0
      ],
      [
        "00000101111110100101010",
        1
      ],
      [
        "00000011111110100101010",
        0
      ],
      [
        "00101101110001100101010",
        0
      ],
      [
        "00001111110001100101010",
        0
      ],
      [
        "00101101011001100101010",
        0
      ],
      [
        "00110010110101100101010",
        1
      ],
      [
        "00101010110101100101010",
        0
      ],
      [
        "00110000111101100101010",
        0
      ],
      [
        "00101000111101100101010",
        0
      ],
      [
        "00001100111101100101010",
        0
      ],
      [
        "00000110111101100101010",
        1
      ],
      [
        "00000101111101100101010",
        0
      ],
      [
        "00000011111101100101010",
        1
      ],
      [
        "00100101010111100101010",
        0
      ],
      [
        "00001101010111100101010",
        2
      ],
      [
        "00101000110111100101010",
        2
      ],
      [
        "00100100110111100101010",
        1
      ],
      [
        "00001100110111100101010",
        0
      ],
      [
        "00100010110111100101010",
        0
      ],
      [
        "00001010110111100101010",
        0
      ],
      [
        "00101110100110010101010",
        2
      ],
      [
        "00100111010110010101010",
        0
      ],
      [
        "00101100110110010101010",
        0
      ],
      [
        "00101010110110010101010",
        1
      ],
      [
        "00100110110110010101010",
        0
      ],
      [
        "00001101110110010101010",
        1
      ],
      [
        "00001111001110010101010",
        0
      ],
      [
        "00001101011110010101010",
        0
      ],
      [
        "00110000111110010101010",
        0
      ],
      [
        "00101000111110010101010",
        0
      ],
      [
        "00001100111110010101010",
        0
      ],
      [
        "00000110111110010101010",
        0
      ],
      [
        "00000101111110010101010",
        0
      ],
      [
        "00000011111110010101010",
        1
      ],
      [
        "00101101110001010101010",
        1
      ],
      [
        "00001111110001010101010",
        1
      ],
      [
        "00101101010101010101010",
        0
      ],
      [
        "00100110110101010101010",
        1
      ],
      [
        "00001111001101010101010",
        1
      ],
      [
        "00001101011101010101010",
        1
      ],
      [
        "00110000111101010101010",
        1
      ],
      [
        "00101000111101010101010",
        0
      ],
      [
        "00001100111101010101010",
        1
      ],
      [
        "00000110111101010101010",
        1
      ],
      [
        "00000101111101010101010",
        1
      ],
      [
        "00000011111101010101010",
        0
      ],
      [
        "00100101010111010101010",
        1
      ],
      [
        "00101000110111010101010",
        0
      ],
      [
        "00100100110111010101010",
        1
      ],
      [
        "00001100110111010101010",
        1
      ],
      [
        "00100111011000110101010",
        1
      ],
      [
        "00101010110100110101010",
        0
      ],
      [
        "00100110110100110101010",
        1
      ],
      [
        "00001110110100110101010",
        1
      ],
      [
        "00110000111100110101010",
        1
      ],
      [
        "00101000111100110101010",
        1
      ],
      [
        "00100100111100110101010",
        1
      ],
      [
        "00001100111100110101010",
        1
      ],
      [
        "00000110111100110101010",
        1
      ],
      [
        "00000101111100110101010",
        1
      ],
      [
        "00000011111100110101010",
        0
      ],
      [
        "00100101010110110101010",
        0
      ],
      [
        "00101000110110110101010",
        1
      ],
      [
        "00001100110110110101010",
        0
      ],
      [
        "00001111001001110101010",
        1
      ],
      [
        "00100101010101110101010",
        1
      ],
      [
        "00001100110101110101010",
        1
      ],
      [
        "00000101010111110101010",
        1
      ],
      [
        "00000100110111110101010",
        1
      ],
      [
        "00100101110110001101010",
        0
      ],
      [
        "00001101110110001101010",
        1
      ],
      [
        "00001111001110001101010",
        0
      ],
      [
        "00100101011110001101010",
        0
      ],
      [
        "00001101011110001101010",
        0
      ],
      [
        "00101000111110001101010",
        0
      ],
      [
        "00100100111110001101010",
        2
      ],
      [
        "00001100111110001101010",
        0
      ],
      [
        "00000110111110001101010",
        0
      ],
      [
        "00000101111110001101010",
        0
      ],
      [
        "00000011111110001101010",
        1
      ],
      [
        "00001111110001001101010",
        1
      ],
      [
        "00101101010101001101010",
        1
      ],
      [
        "00100111010101001101010",
        1
      ],
      [
        "00101010110101001101010",
        0
      ],
      [
        "00110000111101001101010",
        1
      ],
      [
        "00101000111101001101010",
        1
      ],
      [
        "00001100111101001101010",
        1
      ],
      [
        "00000110111101001101010",
        1
      ],
      [
        "00000101111101001101010",
        1
      ],
      [
        "00000011111101001101010",
        0
      ],
      [
        "00100101010111001101010",
        1
      ],
      [
        "00101000110111001101010",
        1
      ],
      [
        "00100100110111001101010",
        1
      ],
      [
        "00001010110111001101010",
        1
      ],
      [
        "00001000111111001101010",
        0
      ],
      [
        "00101101010100101101010",
        0
      ],
      [
        "00100110110100101101010",
        1
      ],
      [
        "00110000111100101101010",
        1
      ],
      [
        "00101000111100101101010",
        0
      ],
      [
        "00100100111100101101010",
        1
      ],
      [
        "00001100111100101101010",
        0
      ],
      [
        "00000110111100101101010",
        1
      ],
      [
        "00000101111100101101010",
        1
      ],
      [
        "00000011111100101101010",
        0
      ],
      [
        "00100101010110101101010",
        1
      ],
      [
        "00001100110110101101010",
        1
      ],
      [
        "00001000110111101101010",
        1
      ],
      [
        "00101110100100011101010",
        0
      ],
      [
        "00101101010100011101010",
        0
      ],
      [
        "00100111010100011101010",
        1
      ],
      [
        "00110000111100011101010",
        1
      ],
      [
        "00101000111100011101010",
        1
      ],
      [
        "00011000111100011101010",
        0
      ],
      [
        "00001100111100011101010",
        1
      ],
      [
        "00100010111100011101010",
        1
      ],
      [
        "00001010111100011101010",
        1
      ],
      [
        "00000110111100011101010",
        1
      ],
      [
        "00000101111100011101010",
        1
      ],
      [
        "00000011111100011101010",
        0
      ],
      [
        "00001100110110011101010",
        0
      ],
      [
        "00101000110101011101010",
        0
      ],
      [
        "00100100110101011101010",
        1
      ],
      [
        "01001100110000111101010",
        1
      ],
      [
        "00100110110000111101010",
        1
      ],
      [
        "00000000110111111101010",
        1
      ],
      [
        "00100101111110000011010",
        0
      ],
      [
        "00100110111011000011010",
        0
      ],
      [
        "00100111010111000011010",
        1
      ],
      [
        "00101010110111000011010",
        0
      ],
      [
        "00100101011111000011010",
        1
      ],
      [
        "00110000111111000011010",
        1
      ],
      [
        "00101000111111000011010",
        1
      ],
      [
        "00100100111111000011010",
        1
      ],
      [
        "00001100111111000011010",
        1
      ],
      [
        "00000110111111000011010",
        1
      ],
      [
        "00000101111111000011010",
        1
      ],
      [
        "00000011111111000011010",
        0
      ],
      [
        "00100111010110100011010",
        1
      ],
      [
        "00100110110110100011010",
        1
      ],
      [
        "00101000111110100011010",
        1
      ],
      [
        "00001100111110100011010",
        1
      ],
      [
        "00000110111110100011010",
        1
      ],
      [
        "00000101111110100011010",
        1
      ],
      [
        "00000011111110100011010",
        0
      ],
      [
        "00100110111001100011010",
        0
      ],
      [
        "00101101010101100011010",
        1
      ],
      [
        "00100111010101100011010",
        0
      ],
      [
        "00100110110101100011010",
        0
      ],
      [
        "00100101110101100011010",
        0
      ],
      [
        "00100101011101100011010",
        0
      ],
      [
        "00101000111101100011010",
        0
      ],
      [
        "00001100111101100011010",
        0
      ],
      [
        "00000110111101100011010",
        0
      ],
      [
        "00000101111101100011010",
        0
      ],
      [
        "00000011111101100011010",
        1
      ],
      [
        "00100101010111100011010",
        0
      ],
      [
        "00001101010111100011010",
        0
      ],
      [
        "00101000110111100011010",
        0
      ],
      [
        "00100100110111100011010",
        2
      ],
      [
        "00001100110111100011010",
        0
      ],
      [
        "00101101010110010011010",
        1
      ],
      [
        "00100111010110010011010",
        0
      ],
      [
        "00100110110110010011010",
        0
      ],
      [
        "00100101011110010011010",
        1
      ],
      [
        "00110000111110010011010",
        0
      ],
      [
        "00101000111110010011010",
        1
      ],
      [
        "00100100111110010011010",
        1
      ],
      [
        "00001100111110010011010",
        0
      ],
      [
        "00000110111110010011010",
        0
      ],
      [
        "00000101111110010011010",
        0
      ],
      [
        "00000011111110010011010",
        1
      ],
      [
        "00101101011001010011010",
        0
      ],
      [
        "00100111010101010011010",
        1
      ],
      [
        "00100101110101010011010",
        1
      ],
      [
        "00101000111101010011010",
        1
      ],
      [
        "00001100111101010011010",
        1
      ],
      [
        "00000110111101010011010",
        1
      ],
      [
        "00000101111101010011010",
        1
      ],
      [
        "00000011111101010011010",
        0
      ],
      [
        "00100101010111010011010",
        0
      ],
      [
        "00101000110111010011010",
        1
      ],
      [
        "00100100110111010011010",
        0
      ],
      [
        "00001100110111010011010",
        1
      ],
      [
        "00001010110111010011010",
        1
      ],
      [
        "00101101011000110011010",
        1
      ],
      [
        "00100111011000110011010",
        0
      ],
      [
        "00100111010100110011010",
        1
      ],
      [
        "00100101011100110011010",
        1
      ],
      [
        "00101000111100110011010",
        1
      ],
      [
        "00001100111100110011010",
        1
      ],
      [
        "00000110111100110011010",
        1
      ],
      [
        "00000101111100110011010",
        1
      ],
      [
        "00000011111100110011010",
        0
      ],
      [
        "00100101010110110011010",
        1
      ],
      [
        "00100100110110110011010",
        1
      ],
      [
        "00000101010111110011010",
        1
      ],
      [
        "00100110111010001011010",
        1
      ],
      [
        "00100111010110001011010",
        0
      ],
      [
        "00100110110110001011010",
        0
      ],
      [
        "00101000111110001011010",
        0
      ],
      [
        "00001100111110001011010",
        0
      ],
      [
        "00000110111110001011010",
        0
      ],
      [
        "00000101111110001011010",
        0
      ],
      [
        "00000011111110001011010",
        1
      ],
      [
        "00100110111001001011010",
        1
      ],
      [
        "00101010110101001011010",
        1
      ],
      [
        "00100110110101001011010",
        1
      ],
      [
        "00001101110101001011010",
        1
      ],
      [
        "00110000111101001011010",
        1
      ],
      [
        "00101000111101001011010",
        1
      ],
      [
        "00100100111101001011010",
        1
      ],
      [
        "00001100111101001011010",
        1
      ],
      [
        "00001010111101001011010",
        1
      ],
      [
        "00000110111101001011010",
        1
      ],
      [
        "00000101111101001011010",
        1
      ],
      [
        "00000011111101001011010",
        0
      ],
      [
        "00100101010111001011010",
        1
      ],
      [
        "00101000110111001011010",
        1
      ],
      [
        "00100100110111001011010",
        0
      ],
      [
        "00001100110111001011010",
        0
      ],
      [
        "00001010110111001011010",
        1
      ],
      [
        "00100110111000101011010",
        0
      ],
      [
        "00100101110100101011010",
        1
      ],
      [
        "00001111001100101011010",
        1
      ],
      [
        "00001101011100101011010",
        1
      ],
      [
        "00110000111100101011010",
        1
      ],
      [
        "00101000111100101011010",
        0
      ],
      [
        "00100100111100101011010",
        1
      ],
      [
        "00001100111100101011010",
        1
      ],
      [
        "00000110111100101011010",
        1
      ],
      [
        "00000101111100101011010",
        1
      ],
      [
        "00000011111100101011010",
        0
      ],
      [
        "00001111001001101011010",
        1
      ],
      [
        "00101010110100011011010",
        0
      ],
      [
        "00100101110100011011010",
        1
      ],
      [
        "00110000111100011011010",
        1
      ],
      [
        "00101000111100011011010",
        1
      ],
      [
        "00001100111100011011010",
        1
      ],
      [
        "00000110111100011011010",
        1
      ],
      [
        "00000101111100011011010",
        1
      ],
      [
        "00000011111100011011010",
        0
      ],
      [
        "00100101110001011011010",
        1
      ],
      [
        "00001000110111011011010",
        1
      ],
      [
        "00000000110111111011010",
        1
      ],
      [
        "00101100110110000111010",
        1
      ],
      [
        "00101010110110000111010",
        1
      ],
      [
        "00110000111110000111010",
        0
      ],
      [
        "00101000111110000111010",
        0
      ],
      [
        "00001100111110000111010",
        0
      ],
      [
        "00000110111110000111010",
        1
      ],
      [
        "00000101111110000111010",
        0
      ],
      [
        "00000011111110000111010",
        1
      ],
      [
        "00101101110001000111010",
        1
      ],
      [
        "00001111110001000111010",
        1
      ],
      [
        "00101101011001000111010",
        1
      ],
      [
        "00101101010101000111010",
        0
      ],
      [
        "00101100110101000111010",
        1
      ],
      [
        "00100101011101000111010",
        1
      ],
      [
        "00101000111101000111010",
        1
      ],
      [
        "00001100111101000111010",
        1
      ],
      [
        "00000110111101000111010",
        1
      ],
      [
        "00000101111101000111010",
        1
      ],
      [
        "00000011111101000111010",
        0
      ],
      [
        "00100101010111000111010",
        1
      ],
      [
        "00101000110111000111010",
        0
      ],
      [
        "00100100110111000111010",
        1
      ],
      [
        "00001100110111000111010",
        1
      ],
      [
        "00001010110111000111010",
        1
      ],
      [
        "00001110110100100111010",
        0
      ],
      [
        "00100101110100100111010",
        1
      ],
      [
        "00001111001100100111010",
        1
      ],
      [
        "00001101011100100111010",
        1
      ],
      [
        "00101000111100100111010",
        1
      ],
      [
        "00001100111100100111010",
        1
      ],
      [
        "00000110111100100111010",
        1
      ],
      [
        "00000101111100100111010",
        1
      ],
      [
        "00000011111100100111010",
        0
      ],
      [
        "00001000110111100111010",
        0
      ],
      [
        "00101100110100010111010",
        0
      ],
      [
        "00101010110100010111010",
        0
      ],
      [
        "00001101110100010111010",
        1
      ],
      [
        "00110000111100010111010",
        1
      ],
      [
        "00101000111100010111010",
        1
      ],
      [
        "00001100111100010111010",
        1
      ],
      [
        "00001010111100010111010",
        1
      ],
      [
        "00000110111100010111010",
        0
      ],
      [
        "00000101111100010111010",
        1
      ],
      [
        "00000011111100010111010",
        0
      ],
      [
        "00001100110110010111010",
        0
      ],
      [
        "00101101001001010111010",
        1
      ],
      [
        "00001111001001010111010",
        1
      ],
      [
        "00101000110101010111010",
        1
      ],
      [
        "00101010110100001111010",
        1
      ],
      [
        "00100101110100001111010",
        1
      ],
      [
        "00001101110100001111010",
        0
      ],
      [
        "00001111001100001111010",
        1
      ],
      [
        "00001101011100001111010",
        1
      ],
      [
        "00101000111100001111010",
        1
      ],
      [
        "00100100111100001111010",
        1
      ],
      [
        "00001100111100001111010",
        1
      ],
      [
        "00000110111100001111010",
        1
      ],
      [
        "00000101111100001111010",
        1
      ],
      [
        "00000011111100001111010",
        0
      ],
      [
        "00001111001001001111010",
        1
      ],
      [
        "00001100110101001111010",
        1
      ],
      [
        "00101110000100011111010",
        1
      ],
      [
        "00001100110100011111010",
        1
      ],
      [
        "00100110111110100000110",
        1
      ],
      [
        "00001101111110100000110",
        1
      ],
      [
        "00101010111011100000110",
        1
      ],
      [
        "00100111010111100000110",
        0
      ],
      [
        "00100110110111100000110",
        0
      ],
      [
        "00001101110111100000110",
        1
      ],
      [
        "00001111001111100000110",
        0
      ],
      [
        "00001101011111100000110",
        0
      ],
      [
        "00101000111111100000110",
        0
      ],
      [
        "00001100111111100000110",
        0
      ],
      [
        "00100010111111100000110",
        0
      ],
      [
        "00000110111111100000110",
        0
      ],
      [
        "00000101111111100000110",
        0
      ],
      [
        "00000011111111100000110",
        1
      ],
      [
        "00101111100110010000110",
        1
      ],
      [
        "00100111010111010000110",
        0
      ],
      [
        "00100110110111010000110",
        0
      ],
      [
        "00100101110111010000110",
        0
      ],
      [
        "00101100011111010000110",
        1
      ],
      [
        "00001101011111010000110",
        0
      ],
      [
        "00101000111111010000110",
        0
      ],
      [
        "00100100111111010000110",
        2
      ],
      [
        "00001100111111010000110",
        0
      ],
      [
        "00000110111111010000110",
        0
      ],
      [
        "00000101111111010000110",
        0
      ],
      [
        "00000011111111010000110",
        1
      ],
      [
        "00100101110110110000110",
        0
      ],
      [
        "00101000111110110000110",
        0
      ],
      [
        "00100100111110110000110",
        2
      ],
      [
        "00001100111110110000110",
        0
      ],
      [
        "00000110111110110000110",
        0
      ],
      [
        "00000101111110110000110",
        0
      ],
      [
        "00000011111110110000110",
        1
      ],
      [
        "00100110110101110000110",
        1
      ],
      [
        "00001110110101110000110",
        1
      ],
      [
        "00001101110101110000110",
        0
      ],
      [
        "00001111001101110000110",
        1
      ],
      [
        "00101100011101110000110",
        1
      ],
      [
        "00001101011101110000110",
        1
      ],
      [
        "00101000111101110000110",
        1
      ],
      [
        "00001100111101110000110",
        1
      ],
      [
        "00000110111101110000110",
        1
      ],
      [
        "00000101111101110000110",
        1
      ],
      [
        "00000011111101110000110",
        0
      ],
      [
        "00100101010111110000110",
        2
      ],
      [
        "00001101010111110000110",
        1
      ],
      [
        "00100100110111110000110",
        0
      ],
      [
        "00001100110111110000110",
        1
      ],
      [
        "00101101011110001000110",
        1
      ],
      [
        "00101101011011001000110",
        1
      ],
      [
        "00100111011011001000110",
        1
      ],
      [
        "00100110111011001000110",
        1
      ],
      [
        "00100111010111001000110",
        0
      ],
      [
        "00001110110111001000110",
        1
      ],
      [
        "00001111001111001000110",
        0
      ],
      [
        "00100101011111001000110",
        0
      ],
      [
        "00001101011111001000110",
        0
      ],
      [
        "00101000111111001000110",
        0
      ],
      [
        "00001100111111001000110",
        0
      ],
      [
        "00000110111111001000110",
        0
      ],
      [
        "00000101111111001000110",
        0
      ],
      [
        "00000011111111001000110",
        1
      ],
      [
        "00100111010110101000110",
        0
      ],
      [
        "00101010110110101000110",
        0
      ],
      [
        "00001101110110101000110",
        1
      ],
      [
        "00001111001110101000110",
        0
      ],
      [
        "00100101011110101000110",
        2
      ],
      [
        "00001101011110101000110",
        0
      ],
      [
        "00101000111110101000110",
        0
      ],
      [
        "00001100111110101000110",
        0
      ],
      [
        "00000110111110101000110",
        0
      ],
      [
        "00000101111110101000110",
        0
      ],
      [
        "00000011111110101000110",
        1
      ],
      [
        "00101101010101101000110",
        0
      ],
      [
        "00101100110101101000110",
        1
      ],
      [
        "00100110110101101000110",
        1
      ],
      [
        "00101000111101101000110",
        1
      ],
      [
        "00100100111101101000110",
        1
      ],
      [
        "00001100111101101000110",
        1
      ],
      [
        "00000110111101101000110",
        1
      ],
      [
        "00000101111101101000110",
        1
      ],
      [
        "00000011111101101000110",
        0
      ],
      [
        "00100101010111101000110",
        1
      ],
      [
        "00100100110111101000110",
        1
      ],
      [
        "00001100110111101000110",
        1
      ],
      [
        "00101101011010011000110",
        0
      ],
      [
        "00100111011010011000110",
        0
      ],
      [
        "00100110111010011000110",
        0
      ],
      [
        "00100111010110011000110",
        1
      ],
      [
        "00101010110110011000110",
        1
      ],
      [
        "00001101110110011000110",
        0
      ],
      [
        "00001111001110011000110",
        1
      ],
      [
        "00100101011110011000110",
        0
      ],
      [
        "00001101011110011000110",
        1
      ],
      [
        "00101000111110011000110",
        1
      ],
      [
        "00001100111110011000110",
        1
      ],
      [
        "00000110111110011000110",
        1
      ],
      [
        "00000101111110011000110",
        1
      ],
      [
        "00000011111110011000110",
        0
      ],
      [
        "00100110110101011000110",
        0
      ],
      [
        "00101000111101011000110",
        0
      ],
      [
        "00100100111101011000110",
        0
      ],
      [
        "00001100111101011000110",
        0
      ],
      [
        "00000110111101011000110",
        0
      ],
      [
        "00000101111101011000110",
        0
      ],
      [
        "00000011111101011000110",
        1
      ],
      [
        "00100101010111011000110",
        0
      ],
      [
        "00101000110111011000110",
        2
      ],
      [
        "00001100110111011000110",
        0
      ],
      [
        "00101101011000111000110",
        1
      ],
      [
        "00100111011000111000110",
        1
      ],
      [
        "00100110111000111000110",
        1
      ],
      [
        "00101101010100111000110",
        1
      ],
      [
        "00100110110100111000110",
        0
      ],
      [
        "00001110110100111000110",
        0
      ],
      [
        "00100101011100111000110",
        0
      ],
      [
        "00101000111100111000110",
        0
      ],
      [
        "00001100111100111000110",
        0
      ],
      [
        "00000110111100111000110",
        0
      ],
      [
        "00000101111100111000110",
        0
      ],
      [
        "00000011111100111000110",
        1
      ],
      [
        "00100100110110111000110",
        2
      ],
      [
        "00001100110110111000110",
        1
      ],
      [
        "01001101001001111000110",
        0
      ],
      [
        "00101101001001111000110",
        0
      ],
      [
        "00001111001001111000110",
        1
      ],
      [
        "00000101010111111000110",
        2
      ],
      [
        "00000100110111111000110",
        1
      ],
      [
        "00101101011110000100110",
        0
      ],
      [
        "00100111010111000100110",
        1
      ],
      [
        "00001110110111000100110",
        0
      ],
      [
        "00001111001111000100110",
        1
      ],
      [
        "00100101011111000100110",
        1
      ],
      [
        "00001101011111000100110",
        1
      ],
      [
        "00101000111111000100110",
        1
      ],
      [
        "00001100111111000100110",
        1
      ],
      [
        "00000110111111000100110",
        1
      ],
      [
        "00000101111111000100110",
        1
      ],
      [
        "00000011111111000100110",
        0
      ],
      [
        "00101010111010100100110",
        0
      ],
      [
        "00100101110110100100110",
        1
      ],
      [
        "00101000111110100100110",
        1
      ],
      [
        "00100100111110100100110",
        0
      ],
      [
        "00001100111110100100110",
        1
      ],
      [
        "00000110111110100100110",
        1
      ],
      [
        "00000101111110100100110",
        1
      ],
      [
        "00000011111110100100110",
        0
      ],
      [
        "00101101010101100100110",
        1
      ],
      [
        "00101100110101100100110",
        0
      ],
      [
        "00100110110101100100110",
        0
      ],
      [
        "00101000111101100100110",
        0
      ],
      [
        "00100100111101100100110",
        0
      ],
      [
        "00001100111101100100110",
        0
      ],
      [
        "00000110111101100100110",
        0
      ],
      [
        "00000101111101100100110",
        0
      ],
      [
        "00000011111101100100110",
        1
      ],
      [
        "00100101010111100100110",
        0
      ],
      [
        "00100100110111100100110",
        2
      ],
      [
        "00001100110111100100110",
        0
      ],
      [
        "00101010111010010100110",
        1
      ],
      [
        "00100111010110010100110",
        0
      ],
      [
        "00101010110110010100110",
        0
      ],
      [
        "00001101110110010100110",
        1
      ],
      [
        "00001111001110010100110",
        0
      ],
      [
        "00100101011110010100110",
        1
      ],
      [
        "00001101011110010100110",
        0
      ],
      [
        "00101000111110010100110",
        0
      ],
      [
        "00001100111110010100110",
        0
      ],
      [
        "00000110111110010100110",
        0
      ],
      [
        "00000101111110010100110",
        0
      ],
      [
        "00000011111110010100110",
        1
      ],
      [
        "00100111010101010100110",
        1
      ],
      [
        "00100110110101010100110",
        1
      ],
      [
        "00110000111101010100110",
        1
      ],
      [
        "00101000111101010100110",
        0
      ],
      [
        "00001100111101010100110",
        1
      ],
      [
        "00001010111101010100110",
        1
      ],
      [
        "00000110111101010100110",
        1
      ],
      [
        "00000101111101010100110",
        1
      ],
      [
        "00000011111101010100110",
        0
      ],
      [
        "00100101010111010100110",
        1
      ],
      [
        "00101000110111010100110",
        1
      ],
      [
        "00100100110111010100110",
        0
      ],
      [
        "00001100110111010100110",
        1
      ],
      [
        "00101101011000110100110",
        0
      ],
      [
        "00100111011000110100110",
        0
      ],
      [
        "00100110111000110100110",
        0
      ],
      [
        "00100111010100110100110",
        1
      ],
      [
        "00100110110100110100110",
        1
      ],
      [
        "00100101011100110100110",
        1
      ],
      [
        "00101000111100110100110",
        1
      ],
      [
        "00100100111100110100110",
        0
      ],
      [
        "00001100111100110100110",
        1
      ],
      [
        "00000110111100110100110",
        1
      ],
      [
        "00000101111100110100110",
        1
      ],
      [
        "00000011111100110100110",
        0
      ],
      [
        "00101000110110110100110",
        0
      ],
      [
        "00100100110110110100110",
        1
      ],
      [
        "00100010110110110100110",
        1
      ],
      [
        "00100110110001110100110",
        1
      ],
      [
        "00000101010111110100110",
        1
      ],
      [
        "00100101110110001100110",
        0
      ],
      [
        "00101000111110001100110",
        0
      ],
      [
        "00100100111110001100110",
        1
      ],
      [
        "00001100111110001100110",
        0
      ],
      [
        "00000110111110001100110",
        0
      ],
      [
        "00000101111110001100110",
        0
      ],
      [
        "00000011111110001100110",
        1
      ],
      [
        "00101101010101001100110",
        1
      ],
      [
        "00011010110101001100110",
        0
      ],
      [
        "00001101110101001100110",
        1
      ],
      [
        "00100101011101001100110",
        1
      ],
      [
        "00110000111101001100110",
        1
      ],
      [
        "00101000111101001100110",
        1
      ],
      [
        "00001100111101001100110",
        1
      ],
      [
        "00000110111101001100110",
        1
      ],
      [
        "00000101111101001100110",
        1
      ],
      [
        "00000011111101001100110",
        0
      ],
      [
        "00100101010111001100110",
        1
      ],
      [
        "00001101010111001100110",
        1
      ],
      [
        "00101000110111001100110",
        1
      ],
      [
        "00100100110111001100110",
        0
      ],
      [
        "00001100110111001100110",
        1
      ],
      [
        "00001010110111001100110",
        1
      ],
      [
        "00101101010100101100110",
        0
      ],
      [
        "00100101011100101100110",
        0
      ],
      [
        "00101000111100101100110",
        1
      ],
      [
        "00100100111100101100110",
        1
      ],
      [
        "00001100111100101100110",
        1
      ],
      [
        "00000110111100101100110",
        1
      ],
      [
        "00000101111100101100110",
        1
      ],
      [
        "00000011111100101100110",
        0
      ],
      [
        "00001100110110101100110",
        0
      ],
      [
        "00101010111000011100110",
        0
      ],
      [
        "00101101010100011100110",
        0
      ],
      [
        "00100111010100011100110",
        1
      ],
      [
        "00101010110100011100110",
        0
      ],
      [
        "00001101110100011100110",
        1
      ],
      [
        "00100101011100011100110",
        0
      ],
      [
        "00110000111100011100110",
        1
      ],
      [
        "00101000111100011100110",
        1
      ],
      [
        "00001100111100011100110",
        1
      ],
      [
        "00000110111100011100110",
        1
      ],
      [
        "00000101111100011100110",
        1
      ],
      [
        "00000011111100011100110",
        0
      ],
      [
        "00001100110110011100110",
        1
      ],
      [
        "00100111010001011100110",
        1
      ],
      [
        "00100101010101011100110",
        0
      ],
      [
        "00000100110111011100110",
        1
      ],
      [
        "00100111010000111100110",
        1
      ],
      [
        "00101111100110000010110",
        0
      ],
      [
        "00100111010111000010110",
        1
      ],
      [
        "00100110110111000010110",
        1
      ],
      [
        "00100101110111000010110",
        1
      ],
      [
        "00101100011111000010110",
        0
      ],
      [
        "00001101011111000010110",
        1
      ],
      [
        "00101000111111000010110",
        1
      ],
      [
        "00100100111111000010110",
        0
      ],
      [
        "00001100111111000010110",
        1
      ],
      [
        "00000110111111000010110",
        1
      ],
      [
        "00000101111111000010110",
        1
      ],
      [
        "00000011111111000010110",
        0
      ],
      [
        "00100110111010100010110",
        0
      ],
      [
        "00001101111010100010110",
        0
      ],
      [
        "00100111010110100010110",
        1
      ],
      [
        "00100110110110100010110",
        1
      ],
      [
        "00001101110110100010110",
        0
      ],
      [
        "00001111001110100010110",
        1
      ],
      [
        "00001101011110100010110",
        1
      ],
      [
        "00101000111110100010110",
        1
      ],
      [
        "00001100111110100010110",
        1
      ],
      [
        "00100010111110100010110",
        1
      ],
      [
        "00000110111110100010110",
        1
      ],
      [
        "00000101111110100010110",
        1
      ],
      [
        "00000011111110100010110",
        0
      ],
      [
        "00100110111001100010110",
        1
      ],
      [
        "00001101111001100010110",
        1
      ],
      [
        "00100110110101100010110",
        0
      ],
      [
        "00001110110101100010110",
        0
      ],
      [
        "00001101110101100010110",
        1
      ],
      [
        "00001111001101100010110",
        0
      ],
      [
        "00101100011101100010110",
        0
      ],
      [
        "00001101011101100010110",
        0
      ],
      [
        "00101000111101100010110",
        0
      ],
      [
        "00001100111101100010110",
        0
      ],
      [
        "00000110111101100010110",
        0
      ],
      [
        "00000101111101100010110",
        0
      ],
      [
        "00000011111101100010110",
        1
      ],
      [
        "00100101010111100010110",
        0
      ],
      [
        "00001101010111100010110",
        0
      ],
      [
        "00100100110111100010110",
        1
      ],
      [
        "00001100110111100010110",
        0
      ],
      [
        "00100111010110010010110",
        0
      ],
      [
        "00100110110110010010110",
        0
      ],
      [
        "00001101110110010010110",
        1
      ],
      [
        "00001111001110010010110",
        0
      ],
      [
        "00001101011110010010110",
        0
      ],
      [
        "00101000111110010010110",
        0
      ],
      [
        "00001100111110010010110",
        0
      ],
      [
        "00100010111110010010110",
        0
      ],
      [
        "00000110111110010010110",
        0
      ],
      [
        "00000101111110010010110",
        0
      ],
      [
        "00000011111110010010110",
        1
      ],
      [
        "00100110111001010010110",
        0
      ],
      [
        "00001101111001010010110",
        0
      ],
      [
        "00100110110101010010110",
        1
      ],
      [
        "00101000111101010010110",
        1
      ],
      [
        "00100100111101010010110",
        1
      ],
      [
        "00001100111101010010110",
        1
      ],
      [
        "00000110111101010010110",
        1
      ],
      [
        "00000101111101010010110",
        1
      ],
      [
        "00000011111101010010110",
        0
      ],
      [
        "00100101010111010010110",
        1
      ],
      [
        "00101000110111010010110",
        0
      ],
      [
        "00001100110111010010110",
        1
      ],
      [
        "00101101010100110010110",
        0
      ],
      [
        "00100110110100110010110",
        1
      ],
      [
        "00001110110100110010110",
        1
      ],
      [
        "00100101011100110010110",
        1
      ],
      [
        "00101000111100110010110",
        1
      ],
      [
        "00001100111100110010110",
        1
      ],
      [
        "00000110111100110010110",
        1
      ],
      [
        "00000101111100110010110",
        1
      ],
      [
        "00000011111100110010110",
        0
      ],
      [
        "00100100110110110010110",
        0
      ],
      [
        "00001100110110110010110",
        0
      ],
      [
        "01001101001001110010110",
        1
      ],
      [
        "00101101001001110010110",
        1
      ],
      [
        "00001111001001110010110",
        0
      ],
      [
        "00000101010111110010110",
        0
      ],
      [
        "00000100110111110010110",
        0
      ],
      [
        "00101111100010001010110",
        1
      ],
      [
        "00100111010110001010110",
        0
      ],
      [
        "00100110110110001010110",
        0
      ],
      [
        "00100101110110001010110",
        0
      ],
      [
        "00101100011110001010110",
        1
      ],
      [
        "00001101011110001010110",
        0
      ],
      [
        "00101000111110001010110",
        0
      ],
      [
        "00100100111110001010110",
        1
      ],
      [
        "00001100111110001010110",
        0
      ],
      [
        "00000110111110001010110",
        0
      ],
      [
        "00000101111110001010110",
        0
      ],
      [
        "00000011111110001010110",
        1
      ],
      [
        "00101111100001001010110",
        0
      ],
      [
        "00100110110101001010110",
        1
      ],
      [
        "00001110110101001010110",
        1
      ],
      [
        "00001101110101001010110",
        0
      ],
      [
        "00001111001101001010110",
        1
      ],
      [
        "00101100011101001010110",
        1
      ],
      [
        "00001101011101001010110",
        1
      ],
      [
        "00101000111101001010110",
        1
      ],
      [
        "00001100111101001010110",
        1
      ],
      [
        "00000110111101001010110",
        1
      ],
      [
        "00000101111101001010110",
        1
      ],
      [
        "00000011111101001010110",
        0
      ],
      [
        "00100101010111001010110",
        1
      ],
      [
        "00001101010111001010110",
        1
      ],
      [
        "00100100110111001010110",
        0
      ],
      [
        "00001100110111001010110",
        1
      ],
      [
        "00100111010100101010110",
        1
      ],
      [
        "00100110110100101010110",
        1
      ],
      [
        "00100101110100101010110",
        1
      ],
      [
        "00101100011100101010110",
        0
      ],
      [
        "00001101011100101010110",
        1
      ],
      [
        "00101000111100101010110",
        1
      ],
      [
        "00100100111100101010110",
        0
      ],
      [
        "00001100111100101010110",
        1
      ],
      [
        "00000110111100101010110",
        1
      ],
      [
        "00000101111100101010110",
        1
      ],
      [
        "00000011111100101010110",
        0
      ],
      [
        "00101110100001101010110",
        1
      ],
      [
        "00101110010001101010110",
        0
      ],
      [
        "00101100011001101010110",
        1
      ],
      [
        "00100111010100011010110",
        1
      ],
      [
        "00100110110100011010110",
        1
      ],
      [
        "00001101110100011010110",
        0
      ],
      [
        "00001111001100011010110",
        1
      ],
      [
        "00001101011100011010110",
        1
      ],
      [
        "00101000111100011010110",
        1
      ],
      [
        "00001100111100011010110",
        1
      ],
      [
        "00100010111100011010110",
        1
      ],
      [
        "00000110111100011010110",
        1
      ],
      [
        "00000101111100011010110",
        1
      ],
      [
        "00000011111100011010110",
        0
      ],
      [
        "00100110110001011010110",
        1
      ],
      [
        "00001101110001011010110",
        1
      ],
      [
        "00101101011010000110110",
        1
      ],
      [
        "00100111010110000110110",
        0
      ],
      [
        "00001110110110000110110",
        1
      ],
      [
        "00001111001110000110110",
        0
      ],
      [
        "00100101011110000110110",
        0
      ],
      [
        "00001101011110000110110",
        0
      ],
      [
        "00101000111110000110110",
        0
      ],
      [
        "00001100111110000110110",
        0
      ],
      [
        "00000110111110000110110",
        0
      ],
      [
        "00000101111110000110110",
        0
      ],
      [
        "00000011111110000110110",
        1
      ],
      [
        "00101101011001000110110",
        0
      ],
      [
        "00101101010101000110110",
        0
      ],
      [
        "00101100110101000110110",
        1
      ],
      [
        "00100110110101000110110",
        1
      ],
      [
        "00101000111101000110110",
        1
      ],
      [
        "00100100111101000110110",
        1
      ],
      [
        "00001100111101000110110",
        1
      ],
      [
        "00000110111101000110110",
        1
      ],
      [
        "00000101111101000110110",
        1
      ],
      [
        "00000011111101000110110",
        0
      ],
      [
        "00100101010111000110110",
        1
      ],
      [
        "00100100110111000110110",
        1
      ],
      [
        "00001100110111000110110",
        1
      ],
      [
        "00100111010100100110110",
        1
      ],
      [
        "00001110110100100110110",
        0
      ],
      [
        "00001111001100100110110",
        1
      ],
      [
        "00100101011100100110110",
        1
      ],
      [
        "00001101011100100110110",
        1
      ],
      [
        "00101000111100100110110",
        1
      ],
      [
        "00001100111100100110110",
        1
      ],
      [
        "00000110111100100110110",
        1
      ],
      [
        "00000101111100100110110",
        1
      ],
      [
        "00000011111100100110110",
        0
      ],
      [
        "00101101010001100110110",
        1
      ],
      [
        "00100111010100010110110",
        1
      ],
      [
        "00101010110100010110110",
        1
      ],
      [
        "00001101110100010110110",
        0
      ],
      [
        "00001111001100010110110",
        1
      ],
      [
        "00100101011100010110110",
        0
      ],
      [
        "00001101011100010110110",
        1
      ],
      [
        "00101000111100010110110",
        1
      ],
      [
        "00001100111100010110110",
        1
      ],
      [
        "00000110111100010110110",
        1
      ],
      [
        "00000101111100010110110",
        1
      ],
      [
        "00000011111100010110110",
        0
      ],
      [
        "00101101010000110110110",
        1
      ],
      [
        "00100111010000110110110",
        1
      ],
      [
        "00100110110000110110110",
        1
      ],
      [
        "00100101110100001110110",
        1
      ],
      [
        "00101000111100001110110",
        1
      ],
      [
        "00100100111100001110110",
        0
      ],
      [
        "00001100111100001110110",
        1
      ],
      [
        "00000110111100001110110",
        1
      ],
      [
        "00000101111100001110110",
        1
      ],
      [
        "00000011111100001110110",
        0
      ],
      [
        "00101010110000011110110",
        1
      ],
      [
        "00100110110111000001110",
        1
      ],
      [
        "00001101110111000001110",
        0
      ],
      [
        "00001111001111000001110",
        1
      ],
      [
        "00001101011111000001110",
        1
      ],
      [
        "00101000111111000001110",
        1
      ],
      [
        "00001100111111000001110",
        1
      ],
      [
        "00000110111111000001110",
        1
      ],
      [
        "00000101111111000001110",
        1
      ],
      [
        "00000011111111000001110",
        0
      ],
      [
        "00101101011010100001110",
        0
      ],
      [
        "00100101110110100001110",
        1
      ],
      [
        "00110000111110100001110",
        1
      ],
      [
        "00101000111110100001110",
        0
      ],
      [
        "00001100111110100001110",
        1
      ],
      [
        "00100010111110100001110",
        1
      ],
      [
        "00000110111110100001110",
        1
      ],
      [
        "00000101111110100001110",
        1
      ],
      [
        "00000011111110100001110",
        0
      ],
      [
        "00101101011001100001110",
        1
      ],
      [
        "00101101010101100001110",
        1
      ],
      [
        "00100111010101100001110",
        0
      ],
      [
        "00001101110101100001110",
        0
      ],
      [
        "00110000111101100001110",
        0
      ],
      [
        "00101000111101100001110",
        0
      ],
      [
        "00001100111101100001110",
        0
      ],
      [
        "00001010111101100001110",
        0
      ],
      [
        "00000110111101100001110",
        0
      ],
      [
        "00000101111101100001110",
        0
      ],
      [
        "00000011111101100001110",
        1
      ],
      [
        "00100101010111100001110",
        0
      ],
      [
        "00101000110111100001110",
        0
      ],
      [
        "00100100110111100001110",
        0
      ],
      [
        "00001100110111100001110",
        0
      ],
      [
        "00001010110111100001110",
        0
      ],
      [
        "00100101110110010001110",
        0
      ],
      [
        "00110000111110010001110",
        0
      ],
      [
        "00101000111110010001110",
        1
      ],
      [
        "00001100111110010001110",
        0
      ],
      [
        "00100010111110010001110",
        0
      ],
      [
        "00000110111110010001110",
        0
      ],
      [
        "00000101111110010001110",
        0
      ],
      [
        "00000011111110010001110",
        1
      ],
      [
        "00101101011001010001110",
        0
      ],
      [
        "00100111010101010001110",
        0
      ],
      [
        "00100110110101010001110",
        1
      ],
      [
        "00100101011101010001110",
        1
      ],
      [
        "00101000111101010001110",
        1
      ],
      [
        "00100100111101010001110",
        1
      ],
      [
        "00001100111101010001110",
        1
      ],
      [
        "00000110111101010001110",
        1
      ],
      [
        "00000101111101010001110",
        1
      ],
      [
        "00000011111101010001110",
        0
      ],
      [
        "00100101010111010001110",
        1
      ],
      [
        "00101000110111010001110",
        1
      ],
      [
        "00100100110111010001110",
        1
      ],
      [
        "00001100110111010001110",
        0
      ],
      [
        "00001010110111010001110",
        1
      ],
      [
        "00100111010100110001110",
        1
      ],
      [
        "00100110110100110001110",
        0
      ],
      [
        "00001110110100110001110",
        0
      ],
      [
        "00001111001100110001110",
        1
      ],
      [
        "00100101011100110001110",
        1
      ],
      [
        "00001101011100110001110",
        1
      ],
      [
        "00101000111100110001110",
        1
      ],
      [
        "00001100111100110001110",
        1
      ],
      [
        "00000110111100110001110",
        1
      ],
      [
        "00000101111100110001110",
        1
      ],
      [
        "00000011111100110001110",
        0
      ],
      [
        "00100101010110110001110",
        0
      ],
      [
        "00100100110110110001110",
        0
      ],
      [
        "00001100110110110001110",
        1
      ],
      [
        "00100010110110110001110",
        0
      ],
      [
        "00100110110110001001110",
        0
      ],
      [
        "00001101110110001001110",
        1
      ],
      [
        "00001111001110001001110",
        0
      ],
      [
        "00001101011110001001110",
        0
      ],
      [
        "00101000111110001001110",
        0
      ],
      [
        "00001100111110001001110",
        0
      ],
      [
        "00000110111110001001110",
        0
      ],
      [
        "00000101111110001001110",
        0
      ],
      [
        "00000011111110001001110",
        1
      ],
      [
        "00101101010101001001110",
        0
      ],
      [
        "00100111010101001001110",
        1
      ],
      [
        "00001101110101001001110",
        1
      ],
      [
        "00110000111101001001110",
        1
      ],
      [
        "00101000111101001001110",
        1
      ],
      [
        "00001100111101001001110",
        1
      ],
      [
        "00001010111101001001110",
        1
      ],
      [
        "00000110111101001001110",
        1
      ],
      [
        "00000101111101001001110",
        1
      ],
      [
        "00000011111101001001110",
        0
      ],
      [
        "00100101010111001001110",
        1
      ],
      [
        "00101000110111001001110",
        1
      ],
      [
        "00100100110111001001110",
        1
      ],
      [
        "00001100110111001001110",
        1
      ],
      [
        "00001010110111001001110",
        1
      ],
      [
        "00100110110100101001110",
        1
      ],
      [
        "00001101110100101001110",
        0
      ],
      [
        "00001111001100101001110",
        1
      ],
      [
        "00001101011100101001110",
        1
      ],
      [
        "00101000111100101001110",
        1
      ],
      [
        "00001100111100101001110",
        1
      ],
      [
        "00000110111100101001110",
        1
      ],
      [
        "00000101111100101001110",
        1
      ],
      [
        "00000011111100101001110",
        0
      ],
      [
        "00100101110100011001110",
        1
      ],
      [
        "00110000111100011001110",
        1
      ],
      [
        "00101000111100011001110",
        0
      ],
      [
        "00001100111100011001110",
        1
      ],
      [
        "00100010111100011001110",
        1
      ],
      [
        "00000110111100011001110",
        1
      ],
      [
        "00000101111100011001110",
        1
      ],
      [
        "00000011111100011001110",
        0
      ],
      [
        "00101101010001011001110",
        1
      ],
      [
        "00100111010110000101110",
        0
      ],
      [
        "00101010110110000101110",
        1
      ],
      [
        "00110000111110000101110",
        0
      ],
      [
        "00101000111110000101110",
        0
      ],
      [
        "00001100111110000101110",
        0
      ],
      [
        "00001010111110000101110",
        0
      ],
      [
        "00000110111110000101110",
        0
      ],
      [
        "00000101111110000101110",
        0
      ],
      [
        "00000011111110000101110",
        1
      ],
      [
        "00110010110101000101110",
        0
      ],
      [
        "00101010110101000101110",
        1
      ],
      [
        "00110000111101000101110",
        1
      ],
      [
        "00101000111101000101110",
        1
      ],
      [
        "00001100111101000101110",
        1
      ],
      [
        "00000110111101000101110",
        0
      ],
      [
        "00000101111101000101110",
        1
      ],
      [
        "00000011111101000101110",
        0
      ],
      [
        "00100101010111000101110",
        1
      ],
      [
        "00001101010111000101110",
        0
      ],
      [
        "00101000110111000101110",
        0
      ],
      [
        "00100100110111000101110",
        0
      ],
      [
        "00001100110111000101110",
        1
      ],
      [
        "00100010110111000101110",
        1
      ],
      [
        "00001010110111000101110",
        1
      ],
      [
        "00100111010100100101110",
        1
      ],
      [
        "00101010110100100101110",
        0
      ],
      [
        "00110000111100100101110",
        1
      ],
      [
        "00101000111100100101110",
        1
      ],
      [
        "00001100111100100101110",
        1
      ],
      [
        "00001010111100100101110",
        1
      ],
      [
        "00000110111100100101110",
        1
      ],
      [
        "00000101111100100101110",
        1
      ],
      [
        "00000011111100100101110",
        0
      ],
      [
        "00100111010100010101110",
        1
      ],
      [
        "00101100110100010101110",
        1
      ],
      [
        "00101010110100010101110",
        0
      ],
      [
        "00100110110100010101110",
        1
      ],
      [
        "00001101110100010101110",
        0
      ],
      [
        "00001111001100010101110",
        1
      ],
      [
        "00001101011100010101110",
        1
      ],
      [
        "00110000111100010101110",
        1
      ],
      [
        "00101000111100010101110",
        1
      ],
      [
        "00001100111100010101110",
        1
      ],
      [
        "00000110111100010101110",
        1
      ],
      [
        "00000101111100010101110",
        1
      ],
      [
        "00000011111100010101110",
        0
      ],
      [
        "00101101100001010101110",
        0
      ],
      [
        "00001111100001010101110",
        0
      ],
      [
        "00101101001001010101110",
        1
      ],
      [
        "00001111001001010101110",
        1
      ],
      [
        "00100111010000110101110",
        0
      ],
      [
        "00100101110100001101110",
        1
      ],
      [
        "00001101110100001101110",
        0
      ],
      [
        "00001111001100001101110",
        1
      ],
      [
        "00100101011100001101110",
        1
      ],
      [
        "00001101011100001101110",
        1
      ],
      [
        "00101000111100001101110",
        1
      ],
      [
        "00100100111100001101110",
        0
      ],
      [
        "00001100111100001101110",
        1
      ],
      [
        "00000110111100001101110",
        1
      ],
      [
        "00000101111100001101110",
        1
      ],
      [
        "00000011111100001101110",
        0
      ],
      [
        "00001111100001001101110",
        0
      ],
      [
        "00001111001001001101110",
        1
      ],
      [
        "00100101111010000011110",
        1
      ],
      [
        "00100111010110000011110",
        0
      ],
      [
        "00101010110110000011110",
        1
      ],
      [
        "00100101011110000011110",
        0
      ],
      [
        "00110000111110000011110",
        0
      ],
      [
        "00101000111110000011110",
        0
      ],
      [
        "00100100111110000011110",
        0
      ],
      [
        "00001100111110000011110",
        0
      ],
      [
        "00000110111110000011110",
        0
      ],
      [
        "00000101111110000011110",
        0
      ],
      [
        "00000011111110000011110",
        1
      ],
      [
        "00100101111001000011110",
        0
      ],
      [
        "00101101010101000011110",
        0
      ],
      [
        "00100111010101000011110",
        1
      ],
      [
        "00100110110101000011110",
        1
      ],
      [
        "00100101110101000011110",
        1
      ],
      [
        "00100101011101000011110",
        1
      ],
      [
        "00101000111101000011110",
        1
      ],
      [
        "00001100111101000011110",
        1
      ],
      [
        "00000110111101000011110",
        1
      ],
      [
        "00000101111101000011110",
        1
      ],
      [
        "00000011111101000011110",
        0
      ],
      [
        "00100101010111000011110",
        1
      ],
      [
        "00001101010111000011110",
        1
      ],
      [
        "00101000110111000011110",
        1
      ],
      [
        "00100100110111000011110",
        0
      ],
      [
        "00001100110111000011110",
        1
      ],
      [
        "00100111010100100011110",
        1
      ],
      [
        "00101010110100100011110",
        0
      ],
      [
        "00100101011100100011110",
        1
      ],
      [
        "00110000111100100011110",
        1
      ],
      [
        "00101000111100100011110",
        1
      ],
      [
        "00100100111100100011110",
        1
      ],
      [
        "00001100111100100011110",
        1
      ],
      [
        "00000110111100100011110",
        1
      ],
      [
        "00000101111100100011110",
        1
      ],
      [
        "00000011111100100011110",
        0
      ],
      [
        "00100101110001100011110",
        1
      ],
      [
        "00101101010100010011110",
        0
      ],
      [
        "00100111010100010011110",
        1
      ],
      [
        "00100110110100010011110",
        1
      ],
      [
        "00100101011100010011110",
        0
      ],
      [
        "00110000111100010011110",
        1
      ],
      [
        "00101000111100010011110",
        0
      ],
      [
        "00100100111100010011110",
        0
      ],
      [
        "00001100111100010011110",
        1
      ],
      [
        "00000110111100010011110",
        1
      ],
      [
        "00000101111100010011110",
        1
      ],
      [
        "00000011111100010011110",
        0
      ],
      [
        "00101101010001010011110",
        1
      ],
      [
        "00101101010000110011110",
        0
      ],
      [
        "00100111010000110011110",
        1
      ],
      [
        "00100111010100001011110",
        1
      ],
      [
        "00100110110100001011110",
        1
      ],
      [
        "00101000111100001011110",
        1
      ],
      [
        "00001100111100001011110",
        1
      ],
      [
        "00000110111100001011110",
        1
      ],
      [
        "00000101111100001011110",
        1
      ],
      [
        "00000011111100001011110",
        0
      ],
      [
        "00100110110001001011110",
        0
      ],
      [
        "00100110110000101011110",
        1
      ],
      [
        "00101100110100000111110",
        0
      ],
      [
        "00101010110100000111110",
        0
      ],
      [
        "00110000111100000111110",
        1
      ],
      [
        "00101000111100000111110",
        1
      ],
      [
        "00001100111100000111110",
        1
      ],
      [
        "00000110111100000111110",
        0
      ],
      [
        "00000101111100000111110",
        1
      ],
      [
        "00000011111100000111110",
        0
      ],
      [
        "00101101100001000111110",
        0
      ],
      [
        "00001111100001000111110",
        0
      ],
      [
        "00101101010001000111110",
        0
      ],
      [
        "00101101001001000111110",
        1
      ],
      [
        "00001111001001000111110",
        1
      ],
      [
        "00101100000100011111110",
        0
      ],
      [
        "11110011001011100000001",
        1
      ],
      [
        "11010001111011100000001",
        1
      ],
      [
        "11110011001010110000001",
        1
      ],
      [
        "11110000110110110000001",
        1
      ],
      [
        "11111100000011110000001",
        1
      ],
      [
        "11111010000011110000001",
        1
      ],
      [
        "11111001000011110000001",
        1
      ],
      [
        "11110011000011110000001",
        1
      ],
      [
        "11011011000011110000001",
        1
      ],
      [
        "11010111000011110000001",
        1
      ],
      [
        "11110010100011110000001",
        1
      ],
      [
        "11110000110011110000001",
        1
      ],
      [
        "11110010001011110000001",
        1
      ],
      [
        "11011010001011110000001",
        1
      ],
      [
        "11010101001011110000001",
        1
      ],
      [
        "11010111001010101000001",
        1
      ],
      [
        "11110000110110101000001",
        1
      ],
      [
        "11010010110110101000001",
        1
      ],
      [
        "11110011001001101000001",
        1
      ],
      [
        "11111100000011101000001",
        1
      ],
      [
        "11111010000011101000001",
        1
      ],
      [
        "11111001000011101000001",
        1
      ],
      [
        "11110101000011101000001",
        1
      ],
      [
        "11110011000011101000001",
        1
      ],
      [
        "11010111000011101000001",
        1
      ],
      [
        "11001111000011101000001",
        1
      ],
      [
        "11110010001011101000001",
        1
      ],
      [
        "11010101001011101000001",
        1
      ],
      [
        "11010011001011101000001",
        1
      ],
      [
        "11110111001000011000001",
        1
      ],
      [
        "11111100000011011000001",
        1
      ],
      [
        "11111010000011011000001",
        1
      ],
      [
        "11111001000011011000001",
        1
      ],
      [
        "11110011000011011000001",
        1
      ],
      [
        "11010111000011011000001",
        1
      ],
      [
        "11110010100011011000001",
        1
      ],
      [
        "11110000110011011000001",
        1
      ],
      [
        "11011010001011011000001",
        1
      ],
      [
        "11110001001011011000001",
        1
      ],
      [
        "11110101001000111000001",
        1
      ],
      [
        "11110011001000111000001",
        1
      ],
      [
        "11011011001000111000001",
        1
      ],
      [
        "11010111001000111000001",
        1
      ],
      [
        "11011010101000111000001",
        1
      ],
      [
        "11111100000010111000001",
        1
      ],
      [
        "11111010000010111000001",
        1
      ],
      [
        "11111001000010111000001",
        1
      ],
      [
        "11110011000010111000001",
        1
      ],
      [
        "11010111000010111000001",
        1
      ],
      [
        "11011010100010111000001",
        1
      ],
      [
        "11010011001010111000001",
        1
      ],
      [
        "11010010101010111000001",
        1
      ],
      [
        "11010010100110111000001",
        1
      ],
      [
        "11110000010110111000001",
        1
      ],
      [
        "11010010010110111000001",
        1
      ],
      [
        "11110000001110111000001",
        0
      ],
      [
        "11010010001110111000001",
        0
      ],
      [
        "11111100000001111000001",
        1
      ],
      [
        "11111010000001111000001",
        1
      ],
      [
        "11111001000001111000001",
        1
      ],
      [
        "11110011000001111000001",
        1
      ],
      [
        "11010111000001111000001",
        1
      ],
      [
        "11001111000001111000001",
        1
      ],
      [
        "11010101001001111000001",
        1
      ],
      [
        "11010011001001111000001",
        1
      ],
      [
        "11111111001000000100001",
        1
      ],
      [
        "11110111001000100100001",
        1
      ],
      [
        "11011010001110100100001",
        1
      ],
      [
        "11111100000011100100001",
        1
      ],
      [
        "11111010000011100100001",
        1
      ],
      [
        "11111001000011100100001",
        1
      ],
      [
        "11110011000011100100001",
        1
      ],
      [
        "11010111000011100100001",
        1
      ],
      [
        "11001111000011100100001",
        1
      ],
      [
        "11011010001011100100001",
        1
      ],
      [
        "11010101001011100100001",
        1
      ],
      [
        "11110000110110010100001",
        1
      ],
      [
        "11111100000011010100001",
        1
      ],
      [
        "11111010000011010100001",
        1
      ],
      [
        "11111001000011010100001",
        1
      ],
      [
        "11110011000011010100001",
        1
      ],
      [
        "11011011000011010100001",
        1
      ],
      [
        "11010111000011010100001",
        1
      ],
      [
        "11001111000011010100001",
        1
      ],
      [
        "11110010100011010100001",
        1
      ],
      [
        "11110000110011010100001",
        1
      ],
      [
        "11011010001011010100001",
        1
      ],
      [
        "11011001000111010100001",
        1
      ],
      [
        "11110101001000110100001",
        1
      ],
      [
        "11110011001000110100001",
        1
      ],
      [
        "11011011001000110100001",
        1
      ],
      [
        "11010111001000110100001",
        1
      ],
      [
        "11011010101000110100001",
        1
      ],
      [
        "11111100000010110100001",
        1
      ],
      [
        "11111010000010110100001",
        1
      ],
      [
        "11111001000010110100001",
        1
      ],
      [
        "11110101000010110100001",
        1
      ],
      [
        "11110011000010110100001",
        1
      ],
      [
        "11011011000010110100001",
        1
      ],
      [
        "11010111000010110100001",
        1
      ],
      [
        "11001111000010110100001",
        1
      ],
      [
        "11110010001010110100001",
        1
      ],
      [
        "11011001001010110100001",
        1
      ],
      [
        "11010101001010110100001",
        1
      ],
      [
        "11011001000110110100001",
        1
      ],
      [
        "11111100000001110100001",
        1
      ],
      [
        "11111010000001110100001",
        1
      ],
      [
        "11111001000001110100001",
        1
      ],
      [
        "11110011000001110100001",
        1
      ],
      [
        "11010111000001110100001",
        1
      ],
      [
        "11011001001001110100001",
        1
      ],
      [
        "11011000101001110100001",
        1
      ],
      [
        "11111010101000001100001",
        1
      ],
      [
        "11011011001001001100001",
        1
      ],
      [
        "11011010101001001100001",
        1
      ],
      [
        "11111100000011001100001",
        1
      ],
      [
        "11111010000011001100001",
        1
      ],
      [
        "11111001000011001100001",
        1
      ],
      [
        "11110011000011001100001",
        1
      ],
      [
        "11010111000011001100001",
        1
      ],
      [
        "11011010100011001100001",
        1
      ],
      [
        "11011000101011001100001",
        1
      ],
      [
        "11011000100111001100001",
        1
      ],
      [
        "11010010100111001100001",
        1
      ],
      [
        "11110101001000101100001",
        1
      ],
      [
        "11110011001000101100001",
        1
      ],
      [
        "11011011001000101100001",
        1
      ],
      [
        "11010111001000101100001",
        1
      ],
      [
        "11011010101000101100001",
        1
      ],
      [
        "11111100000010101100001",
        1
      ],
      [
        "11111010000010101100001",
        1
      ],
      [
        "11111001000010101100001",
        1
      ],
      [
        "11110011000010101100001",
        1
      ],
      [
        "11010111000010101100001",
        1
      ],
      [
        "11011010001010101100001",
        1
      ],
      [
        "11011000101010101100001",
        1
      ],
      [
        "11010010100110101100001",
        1
      ],
      [
        "11111100000001101100001",
        1
      ],
      [
        "11111010000001101100001",
        1
      ],
      [
        "11111001000001101100001",
        1
      ],
      [
        "11110011000001101100001",
        1
      ],
      [
        "11011011000001101100001",
        1
      ],
      [
        "11010111000001101100001",
        1
      ],
      [
        "11001111000001101100001",
        1
      ],
      [
        "11011010100001101100001",
        1
      ],
      [
        "11011001001001101100001",
        1
      ],
      [
        "11011000101001101100001",
        1
      ],
      [
        "11010010101001101100001",
        1
      ],
      [
        "11110011001000011100001",
        1
      ],
      [
        "11011011001000011100001",
        1
      ],
      [
        "11010111001000011100001",
        1
      ],
      [
        "11110010101000011100001",
        1
      ],
      [
        "11011010101000011100001",
        1
      ],
      [
        "11111100000010011100001",
        1
      ],
      [
        "11111010000010011100001",
        1
      ],
      [
        "11111001000010011100001",
        1
      ],
      [
        "11110011000010011100001",
        1
      ],
      [
        "11010111000010011100001",
        1
      ],
      [
        "11011010100010011100001",
        1
      ],
      [
        "11011010001010011100001",
        1
      ],
      [
        "11011001001010011100001",
        1
      ],
      [
        "11011000101010011100001",
        1
      ],
      [
        "11010010101010011100001",
        1
      ],
      [
        "11011010000110011100001",
        1
      ],
      [
        "11111100000001011100001",
        1
      ],
      [
        "11111010000001011100001",
        1
      ],
      [
        "11111001000001011100001",
        1
      ],
      [
        "11110011000001011100001",
        1
      ],
      [
        "11011011000001011100001",
        1
      ],
      [
        "11010111000001011100001",
        1
      ],
      [
        "11001111000001011100001",
        1
      ],
      [
        "11011010100001011100001",
        1
      ],
      [
        "11010101001001011100001",
        1
      ],
      [
        "11011000101001011100001",
        1
      ],
      [
        "11111100000000111100001",
        0
      ],
      [
        "11111010000000111100001",
        0
      ],
      [
        "11111001000000111100001",
        0
      ],
      [
        "11110011000000111100001",
        0
      ],
      [
        "11011011000000111100001",
        0
      ],
      [
        "11010111000000111100001",
        0
      ],
      [
        "11001111000000111100001",
        0
      ],
      [
        "11011010100000111100001",
        0
      ],
      [
        "11010101001000111100001",
        0
      ],
      [
        "11011000101000111100001",
        0
      ],
      [
        "11011010000100111100001",
        0
      ],
      [
        "11011010000001111100001",
        1
      ],
      [
        "11111111001000000010001",
        1
      ],
      [
        "11011001001111000010001",
        1
      ],
      [
        "10110011001111000010001",
        1
      ],
      [
        "11011011001010100010001",
        1
      ],
      [
        "11010111001010100010001",
        1
      ],
      [
        "11110011001001100010001",
        1
      ],
      [
        "11111100000011100010001",
        1
      ],
      [
        "11111010000011100010001",
        1
      ],
      [
        "11111001000011100010001",
        1
      ],
      [
        "11110101000011100010001",
        1
      ],
      [
        "11011101000011100010001",
        1
      ],
      [
        "11110011000011100010001",
        1
      ],
      [
        "11100111000011100010001",
        1
      ],
      [
        "11010111000011100010001",
        1
      ],
      [
        "11001111000011100010001",
        1
      ],
      [
        "11011000101011100010001",
        1
      ],
      [
        "11010010101011100010001",
        1
      ],
      [
        "11110111001000010010001",
        1
      ],
      [
        "11110011001001010010001",
        1
      ],
      [
        "11011010101001010010001",
        1
      ],
      [
        "11111100000011010010001",
        1
      ],
      [
        "11111010000011010010001",
        1
      ],
      [
        "11111001000011010010001",
        1
      ],
      [
        "11110011000011010010001",
        1
      ],
      [
        "11011011000011010010001",
        1
      ],
      [
        "11010111000011010010001",
        1
      ],
      [
        "11001111000011010010001",
        1
      ],
      [
        "11011001001011010010001",
        1
      ],
      [
        "11010010101011010010001",
        1
      ],
      [
        "11110111000000110010001",
        1
      ],
      [
        "11110101001000110010001",
        1
      ],
      [
        "11011011001000110010001",
        1
      ],
      [
        "11010111001000110010001",
        1
      ],
      [
        "11011010101000110010001",
        1
      ],
      [
        "11111100000010110010001",
        1
      ],
      [
        "11111010000010110010001",
        1
      ],
      [
        "11111001000010110010001",
        1
      ],
      [
        "11110011000010110010001",
        1
      ],
      [
        "11010111000010110010001",
        1
      ],
      [
        "11001111000010110010001",
        1
      ],
      [
        "11010101001010110010001",
        1
      ],
      [
        "11011000101010110010001",
        1
      ],
      [
        "11010010101010110010001",
        1
      ],
      [
        "11110000010110110010001",
        1
      ],
      [
        "11110000001110110010001",
        0
      ],
      [
        "11111100000001110010001",
        1
      ],
      [
        "11111010000001110010001",
        1
      ],
      [
        "11111001000001110010001",
        1
      ],
      [
        "11110011000001110010001",
        1
      ],
      [
        "11011011000001110010001",
        1
      ],
      [
        "11010111000001110010001",
        1
      ],
      [
        "11110010100001110010001",
        1
      ],
      [
        "11011010100001110010001",
        1
      ],
      [
        "11110000110001110010001",
        1
      ],
      [
        "11110010001001110010001",
        1
      ],
      [
        "11011010001001110010001",
        1
      ],
      [
        "11111011001000001010001",
        1
      ],
      [
        "11111010101000001010001",
        1
      ],
      [
        "11110011001010001010001",
        1
      ],
      [
        "11011010101010001010001",
        1
      ],
      [
        "11110000110110001010001",
        1
      ],
      [
        "11110011001001001010001",
        1
      ],
      [
        "11010111001001001010001",
        1
      ],
      [
        "11011010101001001010001",
        1
      ],
      [
        "11111100000011001010001",
        1
      ],
      [
        "11111010000011001010001",
        1
      ],
      [
        "11111001000011001010001",
        1
      ],
      [
        "11110011000011001010001",
        1
      ],
      [
        "11011011000011001010001",
        1
      ],
      [
        "11010111000011001010001",
        1
      ],
      [
        "11001111000011001010001",
        1
      ],
      [
        "11110001001011001010001",
        1
      ],
      [
        "11011001001011001010001",
        1
      ],
      [
        "11010101001011001010001",
        1
      ],
      [
        "11011000100111001010001",
        1
      ],
      [
        "11110011001000101010001",
        1
      ],
      [
        "11011011001000101010001",
        1
      ],
      [
        "11010111001000101010001",
        1
      ],
      [
        "11011010101000101010001",
        1
      ],
      [
        "11111100000010101010001",
        1
      ],
      [
        "11111010000010101010001",
        1
      ],
      [
        "11111001000010101010001",
        1
      ],
      [
        "11110011000010101010001",
        1
      ],
      [
        "11010111000010101010001",
        1
      ],
      [
        "11001111000010101010001",
        1
      ],
      [
        "11110010100010101010001",
        1
      ],
      [
        "11110000110010101010001",
        1
      ],
      [
        "11011001001010101010001",
        1
      ],
      [
        "11010010101010101010001",
        1
      ],
      [
        "11110000010110101010001",
        1
      ],
      [
        "11010010010110101010001",
        1
      ],
      [
        "11110000001110101010001",
        0
      ],
      [
        "11010010001110101010001",
        0
      ],
      [
        "11111100000001101010001",
        1
      ],
      [
        "11111010000001101010001",
        1
      ],
      [
        "11111001000001101010001",
        1
      ],
      [
        "11110011000001101010001",
        1
      ],
      [
        "11010111000001101010001",
        1
      ],
      [
        "11001111000001101010001",
        1
      ],
      [
        "11110010100001101010001",
        1
      ],
      [
        "11110000110001101010001",
        1
      ],
      [
        "11110010001001101010001",
        1
      ],
      [
        "11011001001001101010001",
        1
      ],
      [
        "11010101001001101010001",
        1
      ],
      [
        "11010011001001101010001",
        1
      ],
      [
        "11011000101001101010001",
        1
      ],
      [
        "11110101001000011010001",
        1
      ],
      [
        "11011101001000011010001",
        1
      ],
      [
        "11110011001000011010001",
        1
      ],
      [
        "11011011001000011010001",
        1
      ],
      [
        "11010111001000011010001",
        1
      ],
      [
        "11110010101000011010001",
        1
      ],
      [
        "11011010101000011010001",
        1
      ],
      [
        "11111100000010011010001",
        1
      ],
      [
        "11111010000010011010001",
        1
      ],
      [
        "11111001000010011010001",
        1
      ],
      [
        "11110011000010011010001",
        1
      ],
      [
        "11010111000010011010001",
        1
      ],
      [
        "11001111000010011010001",
        1
      ],
      [
        "11010101001010011010001",
        1
      ],
      [
        "11001101001010011010001",
        1
      ],
      [
        "11111100000001011010001",
        1
      ],
      [
        "11111010000001011010001",
        1
      ],
      [
        "11111001000001011010001",
        1
      ],
      [
        "11110101000001011010001",
        1
      ],
      [
        "11110011000001011010001",
        1
      ],
      [
        "11010111000001011010001",
        1
      ],
      [
        "11001111000001011010001",
        1
      ],
      [
        "11010101001001011010001",
        1
      ],
      [
        "11011000101001011010001",
        1
      ],
      [
        "11111100000000111010001",
        0
      ],
      [
        "11111010000000111010001",
        0
      ],
      [
        "11111001000000111010001",
        0
      ],
      [
        "11110101000000111010001",
        0
      ],
      [
        "11110011000000111010001",
        0
      ],
      [
        "11010111000000111010001",
        0
      ],
      [
        "11001111000000111010001",
        0
      ],
      [
        "11010101001000111010001",
        0
      ],
      [
        "11011000101000111010001",
        0
      ],
      [
        "11011101001001000110001",
        1
      ],
      [
        "11110011001001000110001",
        1
      ],
      [
        "11011011001001000110001",
        1
      ],
      [
        "11011010101001000110001",
        1
      ],
      [
        "11111100000011000110001",
        1
      ],
      [
        "11111010000011000110001",
        1
      ],
      [
        "11111001000011000110001",
        1
      ],
      [
        "11110011000011000110001",
        1
      ],
      [
        "11010111000011000110001",
        1
      ],
      [
        "11110010100011000110001",
        1
      ],
      [
        "11011010100011000110001",
        1
      ],
      [
        "11110000110011000110001",
        1
      ],
      [
        "11110001001011000110001",
        1
      ],
      [
        "11011001001011000110001",
        1
      ],
      [
        "11011000101011000110001",
        1
      ],
      [
        "11110101001000100110001",
        1
      ],
      [
        "11110011001000100110001",
        1
      ],
      [
        "11011011001000100110001",
        1
      ],
      [
        "11010111001000100110001",
        1
      ],
      [
        "11011010101000100110001",
        1
      ],
      [
        "11111100000010100110001",
        1
      ],
      [
        "11111010000010100110001",
        1
      ],
      [
        "11111001000010100110001",
        1
      ],
      [
        "11110011000010100110001",
        1
      ],
      [
        "11011011000010100110001",
        1
      ],
      [
        "11010111000010100110001",
        1
      ],
      [
        "11011010100010100110001",
        1
      ],
      [
        "11011001001010100110001",
        1
      ],
      [
        "11011000101010100110001",
        1
      ],
      [
        "11010010100110100110001",
        1
      ],
      [
        "11111100000001100110001",
        1
      ],
      [
        "11111010000001100110001",
        1
      ],
      [
        "11111001000001100110001",
        1
      ],
      [
        "11011101000001100110001",
        1
      ],
      [
        "11110011000001100110001",
        1
      ],
      [
        "11010111000001100110001",
        1
      ],
      [
        "11001111000001100110001",
        1
      ],
      [
        "11011010001001100110001",
        1
      ],
      [
        "11110101001000010110001",
        1
      ],
      [
        "11110011001000010110001",
        1
      ],
      [
        "11011011001000010110001",
        1
      ],
      [
        "11010111001000010110001",
        1
      ],
      [
        "11011010101000010110001",
        1
      ],
      [
        "11111100000010010110001",
        1
      ],
      [
        "11111010000010010110001",
        1
      ],
      [
        "11111001000010010110001",
        1
      ],
      [
        "11110101000010010110001",
        1
      ],
      [
        "11110011000010010110001",
        1
      ],
      [
        "11010111000010010110001",
        1
      ],
      [
        "11001111000010010110001",
        1
      ],
      [
        "11110010001010010110001",
        1
      ],
      [
        "11011000101010010110001",
        1
      ],
      [
        "11010010101010010110001",
        1
      ],
      [
        "11111100000001010110001",
        1
      ],
      [
        "11111010000001010110001",
        1
      ],
      [
        "11111001000001010110001",
        1
      ],
      [
        "11110011000001010110001",
        1
      ],
      [
        "11010111000001010110001",
        1
      ],
      [
        "11110010100001010110001",
        1
      ],
      [
        "11110000110001010110001",
        1
      ],
      [
        "11110010001001010110001",
        1
      ],
      [
        "11011001001001010110001",
        1
      ],
      [
        "11111100000000110110001",
        0
      ],
      [
        "11111010000000110110001",
        0
      ],
      [
        "11111001000000110110001",
        0
      ],
      [
        "11110011000000110110001",
        0
      ],
      [
        "11010111000000110110001",
        0
      ],
      [
        "11110010100000110110001",
        0
      ],
      [
        "11110000110000110110001",
        0
      ],
      [
        "11110010001000110110001",
        0
      ],
      [
        "11011001001000110110001",
        0
      ],
      [
        "11110101001000001110001",
        0
      ],
      [
        "11110011001000001110001",
        0
      ],
      [
        "11011011001000001110001",
        0
      ],
      [
        "11010111001000001110001",
        0
      ],
      [
        "11011010101000001110001",
        0
      ],
      [
        "11111100000010001110001",
        0
      ],
      [
        "11111010000010001110001",
        0
      ],
      [
        "11111001000010001110001",
        0
      ],
      [
        "11110101000010001110001",
        0
      ],
      [
        "11110011000010001110001",
        0
      ],
      [
        "11010111000010001110001",
        0
      ],
      [
        "11001111000010001110001",
        0
      ],
      [
        "11110010001010001110001",
        0
      ],
      [
        "11011000101010001110001",
        0
      ],
      [
        "11010010101010001110001",
        0
      ],
      [
        "11010010100110001110001",
        0
      ],
      [
        "11111100000001001110001",
        0
      ],
      [
        "11111010000001001110001",
        0
      ],
      [
        "11111001000001001110001",
        0
      ],
      [
        "11011101000001001110001",
        0
      ],
      [
        "11110011000001001110001",
        0
      ],
      [
        "11010111000001001110001",
        0
      ],
      [
        "11001111000001001110001",
        0
      ],
      [
        "11011010001001001110001",
        0
      ],
      [
        "11111100000000101110001",
        1
      ],
      [
        "11111010000000101110001",
        1
      ],
      [
        "11111001000000101110001",
        1
      ],
      [
        "11110011000000101110001",
        1
      ],
      [
        "11010111000000101110001",
        1
      ],
      [
        "11110010100000101110001",
        1
      ],
      [
        "11110000110000101110001",
        1
      ],
      [
        "11110010001000101110001",
        1
      ],
      [
        "11011001001000101110001",
        1
      ],
      [
        "11111100000000011110001",
        1
      ],
      [
        "11111010000000011110001",
        1
      ],
      [
        "11111001000000011110001",
        1
      ],
      [
        "11011101000000011110001",
        1
      ],
      [
        "11110011000000011110001",
        1
      ],
      [
        "11010111000000011110001",
        1
      ],
      [
        "11001111000000011110001",
        1
      ],
      [
        "11011010001000011110001",
        1
      ],
      [
        "11010010100100011110001",
        1
      ],
      [
        "11010010100001011110001",
        0
      ],
      [
        "11011000101111000001001",
        1
      ],
      [
        "11111011001000100001001",
        1
      ],
      [
        "11011010101010100001001",
        1
      ],
      [
        "11011000101110100001001",
        1
      ],
      [
        "11110011001001100001001",
        1
      ],
      [
        "11111100000011100001001",
        1
      ],
      [
        "11111010000011100001001",
        1
      ],
      [
        "11111001000011100001001",
        1
      ],
      [
        "11110011000011100001001",
        1
      ],
      [
        "11010111000011100001001",
        1
      ],
      [
        "11001111000011100001001",
        1
      ],
      [
        "11011010100011100001001",
        1
      ],
      [
        "11110010001011100001001",
        1
      ],
      [
        "11010101001011100001001",
        1
      ],
      [
        "11011000101011100001001",
        1
      ],
      [
        "11010010101011100001001",
        1
      ],
      [
        "11010101000111100001001",
        1
      ],
      [
        "11110011001001010001001",
        1
      ],
      [
        "11111100000011010001001",
        1
      ],
      [
        "11111010000011010001001",
        1
      ],
      [
        "11111001000011010001001",
        1
      ],
      [
        "11110011000011010001001",
        1
      ],
      [
        "11011011000011010001001",
        1
      ],
      [
        "11010111000011010001001",
        1
      ],
      [
        "11011010100011010001001",
        1
      ],
      [
        "11010010101011010001001",
        1
      ],
      [
        "11110101001000110001001",
        1
      ],
      [
        "11110011001000110001001",
        1
      ],
      [
        "11011011001000110001001",
        1
      ],
      [
        "11010111001000110001001",
        1
      ],
      [
        "11110010101000110001001",
        1
      ],
      [
        "11011010101000110001001",
        1
      ],
      [
        "11111100000010110001001",
        1
      ],
      [
        "11111010000010110001001",
        1
      ],
      [
        "11111001000010110001001",
        1
      ],
      [
        "11110011000010110001001",
        1
      ],
      [
        "11010111000010110001001",
        1
      ],
      [
        "11001111000010110001001",
        1
      ],
      [
        "11011010100010110001001",
        1
      ],
      [
        "11110010001010110001001",
        1
      ],
      [
        "11100101001010110001001",
        1
      ],
      [
        "11010010101010110001001",
        1
      ],
      [
        "11111100000001110001001",
        1
      ],
      [
        "11111010000001110001001",
        1
      ],
      [
        "11111001000001110001001",
        1
      ],
      [
        "11110011000001110001001",
        1
      ],
      [
        "11011011000001110001001",
        1
      ],
      [
        "11010111000001110001001",
        1
      ],
      [
        "11011010001001110001001",
        1
      ],
      [
        "11111010101000001001001",
        1
      ],
      [
        "11011001001110001001001",
        1
      ],
      [
        "11011101001001001001001",
        1
      ],
      [
        "11011011001001001001001",
        1
      ],
      [
        "11010111001001001001001",
        1
      ],
      [
        "11111100000011001001001",
        1
      ],
      [
        "11111010000011001001001",
        1
      ],
      [
        "11111001000011001001001",
        1
      ],
      [
        "11110011000011001001001",
        1
      ],
      [
        "11011011000011001001001",
        1
      ],
      [
        "11010111000011001001001",
        1
      ],
      [
        "11011010100011001001001",
        1
      ],
      [
        "11011001001011001001001",
        1
      ],
      [
        "11011000101011001001001",
        1
      ],
      [
        "11011001000111001001001",
        1
      ],
      [
        "11011000100111001001001",
        1
      ],
      [
        "11010010100111001001001",
        1
      ],
      [
        "11110011001000101001001",
        1
      ],
      [
        "11011011001000101001001",
        1
      ],
      [
        "11010111001000101001001",
        1
      ],
      [
        "11011010101000101001001",
        1
      ],
      [
        "11111100000010101001001",
        1
      ],
      [
        "11111010000010101001001",
        1
      ],
      [
        "11111001000010101001001",
        1
      ],
      [
        "11110101000010101001001",
        1
      ],
      [
        "11110011000010101001001",
        1
      ],
      [
        "11010111000010101001001",
        1
      ],
      [
        "11001111000010101001001",
        1
      ],
      [
        "11011001001010101001001",
        1
      ],
      [
        "11011000101010101001001",
        1
      ],
      [
        "11111100000001101001001",
        1
      ],
      [
        "11111010000001101001001",
        1
      ],
      [
        "11111001000001101001001",
        1
      ],
      [
        "11110011000001101001001",
        1
      ],
      [
        "11010111000001101001001",
        1
      ],
      [
        "11110010100001101001001",
        1
      ],
      [
        "11011010100001101001001",
        1
      ],
      [
        "11110000110001101001001",
        1
      ],
      [
        "11110010001001101001001",
        1
      ],
      [
        "11010101001001101001001",
        1
      ],
      [
        "11011000101001101001001",
        1
      ],
      [
        "11110011001000011001001",
        1
      ],
      [
        "11011011001000011001001",
        1
      ],
      [
        "11011010101000011001001",
        1
      ],
      [
        "11111100000010011001001",
        1
      ],
      [
        "11111010000010011001001",
        1
      ],
      [
        "11111001000010011001001",
        1
      ],
      [
        "11110011000010011001001",
        1
      ],
      [
        "11011011000010011001001",
        1
      ],
      [
        "11010111000010011001001",
        1
      ],
      [
        "11011001001010011001001",
        1
      ],
      [
        "11010011001010011001001",
        1
      ],
      [
        "11010010101010011001001",
        1
      ],
      [
        "11010010100110011001001",
        1
      ],
      [
        "11111100000001011001001",
        1
      ],
      [
        "11111010000001011001001",
        1
      ],
      [
        "11111001000001011001001",
        1
      ],
      [
        "11110011000001011001001",
        1
      ],
      [
        "11010111000001011001001",
        1
      ],
      [
        "11110010100001011001001",
        1
      ],
      [
        "11011010100001011001001",
        1
      ],
      [
        "11110000110001011001001",
        1
      ],
      [
        "11110001001001011001001",
        1
      ],
      [
        "11011000101001011001001",
        1
      ],
      [
        "11111100000000111001001",
        0
      ],
      [
        "11111010000000111001001",
        0
      ],
      [
        "11111001000000111001001",
        0
      ],
      [
        "11110011000000111001001",
        0
      ],
      [
        "11010111000000111001001",
        0
      ],
      [
        "11110010100000111001001",
        0
      ],
      [
        "11011010100000111001001",
        0
      ],
      [
        "11110000110000111001001",
        0
      ],
      [
        "11110001001000111001001",
        0
      ],
      [
        "11011000101000111001001",
        0
      ],
      [
        "11010010100100111001001",
        0
      ],
      [
        "11010010100001111001001",
        1
      ],
      [
        "11111011001000000101001",
        1
      ],
      [
        "11111010101000000101001",
        1
      ],
      [
        "11110000110110000101001",
        1
      ],
      [
        "11010010110110000101001",
        1
      ],
      [
        "10110010110110000101001",
        1
      ],
      [
        "11110011001001000101001",
        1
      ],
      [
        "11011011001001000101001",
        1
      ],
      [
        "11111100000011000101001",
        1
      ],
      [
        "11111010000011000101001",
        1
      ],
      [
        "11111001000011000101001",
        1
      ],
      [
        "11110011000011000101001",
        1
      ],
      [
        "11010111000011000101001",
        1
      ],
      [
        "11011010100011000101001",
        1
      ],
      [
        "11110001001011000101001",
        1
      ],
      [
        "11011001001011000101001",
        1
      ],
      [
        "11010010101011000101001",
        1
      ],
      [
        "11110011001000100101001",
        1
      ],
      [
        "11010111001000100101001",
        1
      ],
      [
        "11011010101000100101001",
        1
      ],
      [
        "11111100000010100101001",
        1
      ],
      [
        "11111010000010100101001",
        1
      ],
      [
        "11111001000010100101001",
        1
      ],
      [
        "11110011000010100101001",
        1
      ],
      [
        "11011011000010100101001",
        1
      ],
      [
        "11010111000010100101001",
        1
      ],
      [
        "11011001001010100101001",
        1
      ],
      [
        "11110010000110100101001",
        1
      ],
      [
        "11011001000110100101001",
        1
      ],
      [
        "11111100000001100101001",
        1
      ],
      [
        "11111010000001100101001",
        1
      ],
      [
        "11111001000001100101001",
        1
      ],
      [
        "11011101000001100101001",
        1
      ],
      [
        "11110011000001100101001",
        1
      ],
      [
        "11010111000001100101001",
        1
      ],
      [
        "11110010100001100101001",
        1
      ],
      [
        "11110000110001100101001",
        1
      ],
      [
        "11110010001001100101001",
        1
      ],
      [
        "11011001001001100101001",
        1
      ],
      [
        "11011000101001100101001",
        1
      ],
      [
        "11110011001000010101001",
        1
      ],
      [
        "11011011001000010101001",
        1
      ],
      [
        "11110010101000010101001",
        1
      ],
      [
        "11011010101000010101001",
        1
      ],
      [
        "11111100000010010101001",
        1
      ],
      [
        "11111010000010010101001",
        1
      ],
      [
        "11111001000010010101001",
        1
      ],
      [
        "11110011000010010101001",
        1
      ],
      [
        "11010111000010010101001",
        1
      ],
      [
        "11110010100010010101001",
        1
      ],
      [
        "11010011100010010101001",
        1
      ],
      [
        "11110000110010010101001",
        1
      ],
      [
        "11110010001010010101001",
        1
      ],
      [
        "11110001001010010101001",
        1
      ],
      [
        "11011001001010010101001",
        1
      ],
      [
        "11010001100110010101001",
        1
      ],
      [
        "11010001001110010101001",
        0
      ],
      [
        "11010000011110010101001",
        1
      ],
      [
        "11111100000001010101001",
        1
      ],
      [
        "11111010000001010101001",
        1
      ],
      [
        "11111001000001010101001",
        1
      ],
      [
        "11110011000001010101001",
        1
      ],
      [
        "11011011000001010101001",
        1
      ],
      [
        "11010111000001010101001",
        1
      ],
      [
        "11110010100001010101001",
        1
      ],
      [
        "11010011100001010101001",
        1
      ],
      [
        "11011010001001010101001",
        1
      ],
      [
        "11011001001001010101001",
        1
      ],
      [
        "11011000101001010101001",
        1
      ],
      [
        "11111100000000110101001",
        0
      ],
      [
        "11111010000000110101001",
        0
      ],
      [
        "11111001000000110101001",
        0
      ],
      [
        "11110011000000110101001",
        0
      ],
      [
        "11011011000000110101001",
        0
      ],
      [
        "11010111000000110101001",
        0
      ],
      [
        "11110010100000110101001",
        0
      ],
      [
        "11010011100000110101001",
        0
      ],
      [
        "11011010001000110101001",
        0
      ],
      [
        "11011001001000110101001",
        0
      ],
      [
        "11011000101000110101001",
        0
      ],
      [
        "11010000011100110101001",
        0
      ],
      [
        "11010000011001110101001",
        1
      ],
      [
        "11110011001000001101001",
        0
      ],
      [
        "11011011001000001101001",
        0
      ],
      [
        "11110010101000001101001",
        0
      ],
      [
        "11011010101000001101001",
        0
      ],
      [
        "11111100000010001101001",
        0
      ],
      [
        "11111010000010001101001",
        0
      ],
      [
        "11111001000010001101001",
        0
      ],
      [
        "11110011000010001101001",
        0
      ],
      [
        "11010111000010001101001",
        0
      ],
      [
        "11110010100010001101001",
        0
      ],
      [
        "11010011100010001101001",
        0
      ],
      [
        "11110000110010001101001",
        0
      ],
      [
        "11110010001010001101001",
        0
      ],
      [
        "11110001001010001101001",
        0
      ],
      [
        "11011001001010001101001",
        0
      ],
      [
        "11110010000110001101001",
        0
      ],
      [
        "11011001000110001101001",
        0
      ],
      [
        "11111100000001001101001",
        0
      ],
      [
        "11111010000001001101001",
        0
      ],
      [
        "11111001000001001101001",
        0
      ],
      [
        "11011101000001001101001",
        0
      ],
      [
        "11110011000001001101001",
        0
      ],
      [
        "11010111000001001101001",
        0
      ],
      [
        "11110010100001001101001",
        0
      ],
      [
        "11110000110001001101001",
        0
      ],
      [
        "11110010001001001101001",
        0
      ],
      [
        "11011001001001001101001",
        0
      ],
      [
        "11011000101001001101001",
        0
      ],
      [
        "11111100000000101101001",
        1
      ],
      [
        "11111010000000101101001",
        1
      ],
      [
        "11111001000000101101001",
        1
      ],
      [
        "11110011000000101101001",
        1
      ],
      [
        "11011011000000101101001",
        1
      ],
      [
        "11010111000000101101001",
        1
      ],
      [
        "11110010100000101101001",
        1
      ],
      [
        "11010011100000101101001",
        1
      ],
      [
        "11011010001000101101001",
        1
      ],
      [
        "11011001001000101101001",
        1
      ],
      [
        "11011000101000101101001",
        1
      ],
      [
        "11010000011001101101001",
        0
      ],
      [
        "11111100000000011101001",
        1
      ],
      [
        "11111010000000011101001",
        1
      ],
      [
        "11111001000000011101001",
        1
      ],
      [
        "11011101000000011101001",
        1
      ],
      [
        "11110011000000011101001",
        1
      ],
      [
        "11010111000000011101001",
        1
      ],
      [
        "11110010100000011101001",
        1
      ],
      [
        "11110000110000011101001",
        1
      ],
      [
        "11110010001000011101001",
        1
      ],
      [
        "11011001001000011101001",
        1
      ],
      [
        "11011000101000011101001",
        1
      ],
      [
        "11110010000100011101001",
        1
      ],
      [
        "11011001000100011101001",
        1
      ],
      [
        "11110010000001011101001",
        0
      ],
      [
        "11011001000001011101001",
        0
      ],
      [
        "11111011001000000011001",
        0
      ],
      [
        "11111010101000000011001",
        0
      ],
      [
        "11110000110110000011001",
        0
      ],
      [
        "11010010110110000011001",
        0
      ],
      [
        "10110010110110000011001",
        0
      ],
      [
        "11110011001001000011001",
        0
      ],
      [
        "11011011001001000011001",
        0
      ],
      [
        "11111100000011000011001",
        0
      ],
      [
        "11111010000011000011001",
        0
      ],
      [
        "11111001000011000011001",
        0
      ],
      [
        "11110011000011000011001",
        0
      ],
      [
        "11010111000011000011001",
        0
      ],
      [
        "11011010100011000011001",
        0
      ],
      [
        "11110001001011000011001",
        0
      ],
      [
        "11011001001011000011001",
        0
      ],
      [
        "11010010101011000011001",
        0
      ],
      [
        "11011001000111000011001",
        0
      ],
      [
        "11011000100111000011001",
        0
      ],
      [
        "11010010100111000011001",
        0
      ],
      [
        "11110011001000100011001",
        0
      ],
      [
        "11010111001000100011001",
        0
      ],
      [
        "11011010101000100011001",
        0
      ],
      [
        "11111100000010100011001",
        0
      ],
      [
        "11111010000010100011001",
        0
      ],
      [
        "11111001000010100011001",
        0
      ],
      [
        "11110011000010100011001",
        0
      ],
      [
        "11011011000010100011001",
        0
      ],
      [
        "11010111000010100011001",
        0
      ],
      [
        "11011001001010100011001",
        0
      ],
      [
        "11111100000001100011001",
        0
      ],
      [
        "11111010000001100011001",
        0
      ],
      [
        "11111001000001100011001",
        0
      ],
      [
        "11110011000001100011001",
        0
      ],
      [
        "11010111000001100011001",
        0
      ],
      [
        "11110010100001100011001",
        0
      ],
      [
        "11011010100001100011001",
        0
      ],
      [
        "11110000110001100011001",
        0
      ],
      [
        "11110010001001100011001",
        0
      ],
      [
        "11010101001001100011001",
        0
      ],
      [
        "11011000101001100011001",
        0
      ],
      [
        "11010101000101100011001",
        0
      ],
      [
        "11110011001000010011001",
        0
      ],
      [
        "11011011001000010011001",
        0
      ],
      [
        "11011010101000010011001",
        0
      ],
      [
        "11111100000010010011001",
        0
      ],
      [
        "11111010000010010011001",
        0
      ],
      [
        "11111001000010010011001",
        0
      ],
      [
        "11110011000010010011001",
        0
      ],
      [
        "11011011000010010011001",
        0
      ],
      [
        "11010111000010010011001",
        0
      ],
      [
        "11011001001010010011001",
        0
      ],
      [
        "11010011001010010011001",
        0
      ],
      [
        "11010010101010010011001",
        0
      ],
      [
        "11111100000001010011001",
        0
      ],
      [
        "11111010000001010011001",
        0
      ],
      [
        "11111001000001010011001",
        0
      ],
      [
        "11110011000001010011001",
        0
      ],
      [
        "11011011000001010011001",
        0
      ],
      [
        "11010111000001010011001",
        0
      ],
      [
        "11011010001001010011001",
        0
      ],
      [
        "11111100000000110011001",
        1
      ],
      [
        "11111010000000110011001",
        1
      ],
      [
        "11111001000000110011001",
        1
      ],
      [
        "11110011000000110011001",
        1
      ],
      [
        "11010111000000110011001",
        1
      ],
      [
        "11110010100000110011001",
        1
      ],
      [
        "11011010100000110011001",
        1
      ],
      [
        "11110000110000110011001",
        1
      ],
      [
        "11110001001000110011001",
        1
      ],
      [
        "11011000101000110011001",
        1
      ],
      [
        "11010010100001110011001",
        0
      ],
      [
        "11110011001000001011001",
        1
      ],
      [
        "11011011001000001011001",
        1
      ],
      [
        "11110010101000001011001",
        1
      ],
      [
        "11011010101000001011001",
        1
      ],
      [
        "11111100000010001011001",
        1
      ],
      [
        "11111010000010001011001",
        1
      ],
      [
        "11111001000010001011001",
        1
      ],
      [
        "11110011000010001011001",
        1
      ],
      [
        "11010111000010001011001",
        1
      ],
      [
        "11110010100010001011001",
        1
      ],
      [
        "11010011100010001011001",
        1
      ],
      [
        "11110000110010001011001",
        1
      ],
      [
        "11110010001010001011001",
        1
      ],
      [
        "11110001001010001011001",
        1
      ],
      [
        "11011001001010001011001",
        1
      ],
      [
        "11111100000001001011001",
        1
      ],
      [
        "11111010000001001011001",
        1
      ],
      [
        "11111001000001001011001",
        1
      ],
      [
        "11110011000001001011001",
        1
      ],
      [
        "11011011000001001011001",
        1
      ],
      [
        "11010111000001001011001",
        1
      ],
      [
        "11011010001001001011001",
        1
      ],
      [
        "11010101000101001011001",
        1
      ],
      [
        "11111100000000101011001",
        0
      ],
      [
        "11111010000000101011001",
        0
      ],
      [
        "11111001000000101011001",
        0
      ],
      [
        "11110011000000101011001",
        0
      ],
      [
        "11011011000000101011001",
        0
      ],
      [
        "11010111000000101011001",
        0
      ],
      [
        "11110010100000101011001",
        0
      ],
      [
        "11010011100000101011001",
        0
      ],
      [
        "11011010001000101011001",
        0
      ],
      [
        "11011001001000101011001",
        0
      ],
      [
        "11011000101000101011001",
        0
      ],
      [
        "11010000011001101011001",
        1
      ],
      [
        "11111100000000011011001",
        0
      ],
      [
        "11111010000000011011001",
        0
      ],
      [
        "11111001000000011011001",
        0
      ],
      [
        "11011101000000011011001",
        0
      ],
      [
        "11110011000000011011001",
        0
      ],
      [
        "11010111000000011011001",
        0
      ],
      [
        "11110010100000011011001",
        0
      ],
      [
        "11110000110000011011001",
        0
      ],
      [
        "11110010001000011011001",
        0
      ],
      [
        "11011001001000011011001",
        0
      ],
      [
        "11011000101000011011001",
        0
      ],
      [
        "11010101000100011011001",
        0
      ],
      [
        "11110010000001011011001",
        1
      ],
      [
        "11011001000001011011001",
        1
      ],
      [
        "11110011001000000111001",
        1
      ],
      [
        "11011011001000000111001",
        1
      ],
      [
        "11011010101000000111001",
        1
      ],
      [
        "11111100000010000111001",
        1
      ],
      [
        "11111010000010000111001",
        1
      ],
      [
        "11111001000010000111001",
        1
      ],
      [
        "11110011000010000111001",
        1
      ],
      [
        "11011011000010000111001",
        1
      ],
      [
        "11010111000010000111001",
        1
      ],
      [
        "11011001001010000111001",
        1
      ],
      [
        "11010011001010000111001",
        1
      ],
      [
        "11010010101010000111001",
        1
      ],
      [
        "11111100000001000111001",
        1
      ],
      [
        "11111010000001000111001",
        1
      ],
      [
        "11111001000001000111001",
        1
      ],
      [
        "11110011000001000111001",
        1
      ],
      [
        "11010111000001000111001",
        1
      ],
      [
        "11110010100001000111001",
        1
      ],
      [
        "11011010100001000111001",
        1
      ],
      [
        "11110000110001000111001",
        1
      ],
      [
        "11110010001001000111001",
        1
      ],
      [
        "11010101001001000111001",
        1
      ],
      [
        "11011000101001000111001",
        1
      ],
      [
        "11011001000101000111001",
        1
      ],
      [
        "11011000100101000111001",
        1
      ],
      [
        "11010010100101000111001",
        1
      ],
      [
        "11111100000000100111001",
        0
      ],
      [
        "11111010000000100111001",
        0
      ],
      [
        "11111001000000100111001",
        0
      ],
      [
        "11110011000000100111001",
        0
      ],
      [
        "11010111000000100111001",
        0
      ],
      [
        "11110010100000100111001",
        0
      ],
      [
        "11011010100000100111001",
        0
      ],
      [
        "11110000110000100111001",
        0
      ],
      [
        "11110001001000100111001",
        0
      ],
      [
        "11011000101000100111001",
        0
      ],
      [
        "11011001000100100111001",
        0
      ],
      [
        "11011000100100100111001",
        0
      ],
      [
        "11010010100100100111001",
        0
      ],
      [
        "11010010100001100111001",
        1
      ],
      [
        "11111100000000010111001",
        0
      ],
      [
        "11111010000000010111001",
        0
      ],
      [
        "11111001000000010111001",
        0
      ],
      [
        "11110011000000010111001",
        0
      ],
      [
        "11010111000000010111001",
        0
      ],
      [
        "11110010100000010111001",
        0
      ],
      [
        "11011010100000010111001",
        0
      ],
      [
        "11110000110000010111001",
        0
      ],
      [
        "11110010001000010111001",
        0
      ],
      [
        "11010101001000010111001",
        0
      ],
      [
        "11011000101000010111001",
        0
      ],
      [
        "11011001000000110111001",
        1
      ],
      [
        "11011000100000110111001",
        1
      ],
      [
        "11010010100000110111001",
        1
      ],
      [
        "11111100000000001111001",
        0
      ],
      [
        "11111010000000001111001",
        0
      ],
      [
        "11111001000000001111001",
        0
      ],
      [
        "11110011000000001111001",
        0
      ],
      [
        "11011011000000001111001",
        0
      ],
      [
        "11010111000000001111001",
        0
      ],
      [
        "11011010001000001111001",
        0
      ],
      [
        "11010101000000011111001",
        1
      ],
      [
        "11011000101111000000101",
        0
      ],
      [
        "11111011001000100000101",
        0
      ],
      [
        "11011010101010100000101",
        0
      ],
      [
        "11011000101110100000101",
        0
      ],
      [
        "11110011001001100000101",
        0
      ],
      [
        "11111100000011100000101",
        0
      ],
      [
        "11111010000011100000101",
        0
      ],
      [
        "11111001000011100000101",
        0
      ],
      [
        "11110011000011100000101",
        0
      ],
      [
        "11010111000011100000101",
        0
      ],
      [
        "11001111000011100000101",
        0
      ],
      [
        "11011010100011100000101",
        0
      ],
      [
        "11110010001011100000101",
        0
      ],
      [
        "11010101001011100000101",
        0
      ],
      [
        "11011000101011100000101",
        0
      ],
      [
        "11010010101011100000101",
        0
      ],
      [
        "11010001011011100000101",
        0
      ],
      [
        "11110011001001010000101",
        0
      ],
      [
        "11111100000011010000101",
        0
      ],
      [
        "11111010000011010000101",
        0
      ],
      [
        "11111001000011010000101",
        0
      ],
      [
        "11110011000011010000101",
        0
      ],
      [
        "11011011000011010000101",
        0
      ],
      [
        "11010111000011010000101",
        0
      ],
      [
        "11011010100011010000101",
        0
      ],
      [
        "11010010101011010000101",
        0
      ],
      [
        "11110101001000110000101",
        0
      ],
      [
        "11110011001000110000101",
        0
      ],
      [
        "11011011001000110000101",
        0
      ],
      [
        "11010111001000110000101",
        0
      ],
      [
        "11110010101000110000101",
        0
      ],
      [
        "11011010101000110000101",
        0
      ],
      [
        "11111100000010110000101",
        0
      ],
      [
        "11111010000010110000101",
        0
      ],
      [
        "11111001000010110000101",
        0
      ],
      [
        "11110011000010110000101",
        0
      ],
      [
        "11010111000010110000101",
        0
      ],
      [
        "11001111000010110000101",
        0
      ],
      [
        "11011010100010110000101",
        0
      ],
      [
        "11110010001010110000101",
        0
      ],
      [
        "11100101001010110000101",
        0
      ],
      [
        "11010010101010110000101",
        0
      ],
      [
        "11110000001110110000101",
        1
      ],
      [
        "11111100000001110000101",
        0
      ],
      [
        "11111010000001110000101",
        0
      ],
      [
        "11111001000001110000101",
        0
      ],
      [
        "11110011000001110000101",
        0
      ],
      [
        "11011011000001110000101",
        0
      ],
      [
        "11010111000001110000101",
        0
      ],
      [
        "11110010100001110000101",
        0
      ],
      [
        "11011010100001110000101",
        0
      ],
      [
        "11110000110001110000101",
        0
      ],
      [
        "11110010001001110000101",
        0
      ],
      [
        "11011010001001110000101",
        0
      ],
      [
        "11111010101000001000101",
        0
      ],
      [
        "11011001001110001000101",
        0
      ],
      [
        "11011101001001001000101",
        0
      ],
      [
        "11011011001001001000101",
        0
      ],
      [
        "11010111001001001000101",
        0
      ],
      [
        "11111100000011001000101",
        0
      ],
      [
        "11111010000011001000101",
        0
      ],
      [
        "11111001000011001000101",
        0
      ],
      [
        "11110011000011001000101",
        0
      ],
      [
        "11011011000011001000101",
        0
      ],
      [
        "11010111000011001000101",
        0
      ],
      [
        "11011010100011001000101",
        0
      ],
      [
        "11011001001011001000101",
        0
      ],
      [
        "11011000101011001000101",
        0
      ],
      [
        "11011000100111001000101",
        0
      ],
      [
        "11110011001000101000101",
        0
      ],
      [
        "11011011001000101000101",
        0
      ],
      [
        "11010111001000101000101",
        0
      ],
      [
        "11011010101000101000101",
        0
      ],
      [
        "11111100000010101000101",
        0
      ],
      [
        "11111010000010101000101",
        0
      ],
      [
        "11111001000010101000101",
        0
      ],
      [
        "11110101000010101000101",
        0
      ],
      [
        "11110011000010101000101",
        0
      ],
      [
        "11010111000010101000101",
        0
      ],
      [
        "11001111000010101000101",
        0
      ],
      [
        "11011001001010101000101",
        0
      ],
      [
        "11011000101010101000101",
        0
      ],
      [
        "11110000001110101000101",
        1
      ],
      [
        "11010010001110101000101",
        1
      ],
      [
        "11111100000001101000101",
        0
      ],
      [
        "11111010000001101000101",
        0
      ],
      [
        "11111001000001101000101",
        0
      ],
      [
        "11110011000001101000101",
        0
      ],
      [
        "11010111000001101000101",
        0
      ],
      [
        "11001111000001101000101",
        0
      ],
      [
        "11110010100001101000101",
        0
      ],
      [
        "11110000110001101000101",
        0
      ],
      [
        "11110010001001101000101",
        0
      ],
      [
        "11011001001001101000101",
        0
      ],
      [
        "11010101001001101000101",
        0
      ],
      [
        "11010011001001101000101",
        0
      ],
      [
        "11011000101001101000101",
        0
      ],
      [
        "11110101001000011000101",
        0
      ],
      [
        "11011101001000011000101",
        0
      ],
      [
        "11110011001000011000101",
        0
      ],
      [
        "11011011001000011000101",
        0
      ],
      [
        "11010111001000011000101",
        0
      ],
      [
        "11110010101000011000101",
        0
      ],
      [
        "11011010101000011000101",
        0
      ],
      [
        "11111100000010011000101",
        0
      ],
      [
        "11111010000010011000101",
        0
      ],
      [
        "11111001000010011000101",
        0
      ],
      [
        "11110011000010011000101",
        0
      ],
      [
        "11010111000010011000101",
        0
      ],
      [
        "11001111000010011000101",
        0
      ],
      [
        "11010101001010011000101",
        0
      ],
      [
        "11001101001010011000101",
        0
      ],
      [
        "11010010100110011000101",
        0
      ],
      [
        "11110000001110011000101",
        1
      ],
      [
        "11010010001110011000101",
        1
      ],
      [
        "11111100000001011000101",
        0
      ],
      [
        "11111010000001011000101",
        0
      ],
      [
        "11111001000001011000101",
        0
      ],
      [
        "11110011000001011000101",
        0
      ],
      [
        "11010111000001011000101",
        0
      ],
      [
        "11001111000001011000101",
        0
      ],
      [
        "11010101001001011000101",
        0
      ],
      [
        "11010011001001011000101",
        0
      ],
      [
        "11111100000000111000101",
        1
      ],
      [
        "11111010000000111000101",
        1
      ],
      [
        "11111001000000111000101",
        1
      ],
      [
        "11110101000000111000101",
        1
      ],
      [
        "11110011000000111000101",
        1
      ],
      [
        "11010111000000111000101",
        1
      ],
      [
        "11001111000000111000101",
        1
      ],
      [
        "11010101001000111000101",
        1
      ],
      [
        "11011000101000111000101",
        1
      ],
      [
        "11011101001001000100101",
        0
      ],
      [
        "11110011001001000100101",
        0
      ],
      [
        "11011011001001000100101",
        0
      ],
      [
        "11011010101001000100101",
        0
      ],
      [
        "11111100000011000100101",
        0
      ],
      [
        "11111010000011000100101",
        0
      ],
      [
        "11111001000011000100101",
        0
      ],
      [
        "11110011000011000100101",
        0
      ],
      [
        "11010111000011000100101",
        0
      ],
      [
        "11110010100011000100101",
        0
      ],
      [
        "11011010100011000100101",
        0
      ],
      [
        "11110000110011000100101",
        0
      ],
      [
        "11110001001011000100101",
        0
      ],
      [
        "11011001001011000100101",
        0
      ],
      [
        "11011000101011000100101",
        0
      ],
      [
        "11011000100111000100101",
        0
      ],
      [
        "11010010100111000100101",
        0
      ],
      [
        "11110101001000100100101",
        0
      ],
      [
        "11110011001000100100101",
        0
      ],
      [
        "11011011001000100100101",
        0
      ],
      [
        "11010111001000100100101",
        0
      ],
      [
        "11011010101000100100101",
        0
      ],
      [
        "11111100000010100100101",
        0
      ],
      [
        "11111010000010100100101",
        0
      ],
      [
        "11111001000010100100101",
        0
      ],
      [
        "11110011000010100100101",
        0
      ],
      [
        "11011011000010100100101",
        0
      ],
      [
        "11010111000010100100101",
        0
      ],
      [
        "11011010100010100100101",
        0
      ],
      [
        "11011001001010100100101",
        0
      ],
      [
        "11011000101010100100101",
        0
      ],
      [
        "11010010100110100100101",
        0
      ],
      [
        "11111100000001100100101",
        0
      ],
      [
        "11111010000001100100101",
        0
      ],
      [
        "11111001000001100100101",
        0
      ],
      [
        "11110011000001100100101",
        0
      ],
      [
        "11011011000001100100101",
        0
      ],
      [
        "11010111000001100100101",
        0
      ],
      [
        "11001111000001100100101",
        0
      ],
      [
        "11011010100001100100101",
        0
      ],
      [
        "11011001001001100100101",
        0
      ],
      [
        "11011000101001100100101",
        0
      ],
      [
        "11010010101001100100101",
        0
      ],
      [
        "11110011001000010100101",
        0
      ],
      [
        "11011011001000010100101",
        0
      ],
      [
        "11010111001000010100101",
        0
      ],
      [
        "11110010101000010100101",
        0
      ],
      [
        "11011010101000010100101",
        0
      ],
      [
        "11111100000010010100101",
        0
      ],
      [
        "11111010000010010100101",
        0
      ],
      [
        "11111001000010010100101",
        0
      ],
      [
        "11110011000010010100101",
        0
      ],
      [
        "11010111000010010100101",
        0
      ],
      [
        "11011010100010010100101",
        0
      ],
      [
        "11011010001010010100101",
        0
      ],
      [
        "11011001001010010100101",
        0
      ],
      [
        "11011000101010010100101",
        0
      ],
      [
        "11010010101010010100101",
        0
      ],
      [
        "11011001000110010100101",
        0
      ],
      [
        "11111100000001010100101",
        0
      ],
      [
        "11111010000001010100101",
        0
      ],
      [
        "11111001000001010100101",
        0
      ],
      [
        "11110011000001010100101",
        0
      ],
      [
        "11010111000001010100101",
        0
      ],
      [
        "11011001001001010100101",
        0
      ],
      [
        "11011000101001010100101",
        0
      ],
      [
        "11011001000101010100101",
        0
      ],
      [
        "11111100000000110100101",
        1
      ],
      [
        "11111010000000110100101",
        1
      ],
      [
        "11111001000000110100101",
        1
      ],
      [
        "11110011000000110100101",
        1
      ],
      [
        "11011011000000110100101",
        1
      ],
      [
        "11010111000000110100101",
        1
      ],
      [
        "11001111000000110100101",
        1
      ],
      [
        "11011010100000110100101",
        1
      ],
      [
        "11010101001000110100101",
        1
      ],
      [
        "11011000101000110100101",
        1
      ],
      [
        "11011001000100110100101",
        1
      ],
      [
        "11011010000001110100101",
        0
      ],
      [
        "11110101001000001100101",
        1
      ],
      [
        "11110011001000001100101",
        1
      ],
      [
        "11011011001000001100101",
        1
      ],
      [
        "11010111001000001100101",
        1
      ],
      [
        "11011010101000001100101",
        1
      ],
      [
        "11111100000010001100101",
        1
      ],
      [
        "11111010000010001100101",
        1
      ],
      [
        "11111001000010001100101",
        1
      ],
      [
        "11110101000010001100101",
        1
      ],
      [
        "11110011000010001100101",
        1
      ],
      [
        "11010111000010001100101",
        1
      ],
      [
        "11001111000010001100101",
        1
      ],
      [
        "11110010001010001100101",
        1
      ],
      [
        "11011000101010001100101",
        1
      ],
      [
        "11010010101010001100101",
        1
      ],
      [
        "11011001000110001100101",
        1
      ],
      [
        "11111100000001001100101",
        1
      ],
      [
        "11111010000001001100101",
        1
      ],
      [
        "11111001000001001100101",
        1
      ],
      [
        "11110011000001001100101",
        1
      ],
      [
        "11010111000001001100101",
        1
      ],
      [
        "11011001001001001100101",
        1
      ],
      [
        "11011000101001001100101",
        1
      ],
      [
        "11111100000000101100101",
        0
      ],
      [
        "11111010000000101100101",
        0
      ],
      [
        "11111001000000101100101",
        0
      ],
      [
        "11110011000000101100101",
        0
      ],
      [
        "11010111000000101100101",
        0
      ],
      [
        "11110010100000101100101",
        0
      ],
      [
        "11110000110000101100101",
        0
      ],
      [
        "11110010001000101100101",
        0
      ],
      [
        "11011001001000101100101",
        0
      ],
      [
        "11011001000100101100101",
        0
      ],
      [
        "11111100000000011100101",
        0
      ],
      [
        "11111010000000011100101",
        0
      ],
      [
        "11111001000000011100101",
        0
      ],
      [
        "11011101000000011100101",
        0
      ],
      [
        "11110011000000011100101",
        0
      ],
      [
        "11010111000000011100101",
        0
      ],
      [
        "11001111000000011100101",
        0
      ],
      [
        "11011010001000011100101",
        0
      ],
      [
        "11010010100001011100101",
        1
      ],
      [
        "11111011001000000010101",
        1
      ],
      [
        "11111010101000000010101",
        1
      ],
      [
        "11110000110110000010101",
        1
      ],
      [
        "11010010110110000010101",
        1
      ],
      [
        "10110010110110000010101",
        1
      ],
      [
        "11110011001001000010101",
        1
      ],
      [
        "11011011001001000010101",
        1
      ],
      [
        "11111100000011000010101",
        1
      ],
      [
        "11111010000011000010101",
        1
      ],
      [
        "11111001000011000010101",
        1
      ],
      [
        "11110011000011000010101",
        1
      ],
      [
        "11010111000011000010101",
        1
      ],
      [
        "11011010100011000010101",
        1
      ],
      [
        "11110001001011000010101",
        1
      ],
      [
        "11011001001011000010101",
        1
      ],
      [
        "11010010101011000010101",
        1
      ],
      [
        "11011000100111000010101",
        1
      ],
      [
        "11010010100111000010101",
        1
      ],
      [
        "11110011001000100010101",
        1
      ],
      [
        "11010111001000100010101",
        1
      ],
      [
        "11011010101000100010101",
        1
      ],
      [
        "11111100000010100010101",
        1
      ],
      [
        "11111010000010100010101",
        1
      ],
      [
        "11111001000010100010101",
        1
      ],
      [
        "11110011000010100010101",
        1
      ],
      [
        "11011011000010100010101",
        1
      ],
      [
        "11010111000010100010101",
        1
      ],
      [
        "11011001001010100010101",
        1
      ],
      [
        "11010010100110100010101",
        1
      ],
      [
        "11111100000001100010101",
        1
      ],
      [
        "11111010000001100010101",
        1
      ],
      [
        "11111001000001100010101",
        1
      ],
      [
        "11110011000001100010101",
        1
      ],
      [
        "11011011000001100010101",
        1
      ],
      [
        "11010111000001100010101",
        1
      ],
      [
        "11001111000001100010101",
        1
      ],
      [
        "11011010100001100010101",
        1
      ],
      [
        "11011001001001100010101",
        1
      ],
      [
        "11011000101001100010101",
        1
      ],
      [
        "11010010101001100010101",
        1
      ],
      [
        "11010001011001100010101",
        1
      ],
      [
        "11110011001000010010101",
        1
      ],
      [
        "11011011001000010010101",
        1
      ],
      [
        "11010111001000010010101",
        1
      ],
      [
        "11110010101000010010101",
        1
      ],
      [
        "11011010101000010010101",
        1
      ],
      [
        "11111100000010010010101",
        1
      ],
      [
        "11111010000010010010101",
        1
      ],
      [
        "11111001000010010010101",
        1
      ],
      [
        "11110011000010010010101",
        1
      ],
      [
        "11010111000010010010101",
        1
      ],
      [
        "11011010100010010010101",
        1
      ],
      [
        "11011010001010010010101",
        1
      ],
      [
        "11011001001010010010101",
        1
      ],
      [
        "11011000101010010010101",
        1
      ],
      [
        "11010010101010010010101",
        1
      ],
      [
        "11010010100110010010101",
        1
      ],
      [
        "11110000001110010010101",
        0
      ],
      [
        "11010010001110010010101",
        0
      ],
      [
        "11111100000001010010101",
        1
      ],
      [
        "11111010000001010010101",
        1
      ],
      [
        "11111001000001010010101",
        1
      ],
      [
        "11110011000001010010101",
        1
      ],
      [
        "11010111000001010010101",
        1
      ],
      [
        "11001111000001010010101",
        1
      ],
      [
        "11010101001001010010101",
        1
      ],
      [
        "11010011001001010010101",
        1
      ],
      [
        "11111100000000110010101",
        0
      ],
      [
        "11111010000000110010101",
        0
      ],
      [
        "11111001000000110010101",
        0
      ],
      [
        "11110011000000110010101",
        0
      ],
      [
        "11011011000000110010101",
        0
      ],
      [
        "11010111000000110010101",
        0
      ],
      [
        "11001111000000110010101",
        0
      ],
      [
        "11011010100000110010101",
        0
      ],
      [
        "11010101001000110010101",
        0
      ],
      [
        "11011000101000110010101",
        0
      ],
      [
        "11011010000001110010101",
        1
      ],
      [
        "11110011001000001010101",
        0
      ],
      [
        "11011011001000001010101",
        0
      ],
      [
        "11110010101000001010101",
        0
      ],
      [
        "11011010101000001010101",
        0
      ],
      [
        "11111100000010001010101",
        0
      ],
      [
        "11111010000010001010101",
        0
      ],
      [
        "11111001000010001010101",
        0
      ],
      [
        "11110011000010001010101",
        0
      ],
      [
        "11010111000010001010101",
        0
      ],
      [
        "11110010100010001010101",
        0
      ],
      [
        "11010011100010001010101",
        0
      ],
      [
        "11110000110010001010101",
        0
      ],
      [
        "11110010001010001010101",
        0
      ],
      [
        "11110001001010001010101",
        0
      ],
      [
        "11011001001010001010101",
        0
      ],
      [
        "11011001000110001010101",
        0
      ],
      [
        "11111100000001001010101",
        0
      ],
      [
        "11111010000001001010101",
        0
      ],
      [
        "11111001000001001010101",
        0
      ],
      [
        "11110011000001001010101",
        0
      ],
      [
        "11010111000001001010101",
        0
      ],
      [
        "11011001001001001010101",
        0
      ],
      [
        "11011000101001001010101",
        0
      ],
      [
        "11010001011001001010101",
        0
      ],
      [
        "11111100000000101010101",
        1
      ],
      [
        "11111010000000101010101",
        1
      ],
      [
        "11111001000000101010101",
        1
      ],
      [
        "11110011000000101010101",
        1
      ],
      [
        "11011011000000101010101",
        1
      ],
      [
        "11010111000000101010101",
        1
      ],
      [
        "11110010100000101010101",
        1
      ],
      [
        "11010011100000101010101",
        1
      ],
      [
        "11011010001000101010101",
        1
      ],
      [
        "11011001001000101010101",
        1
      ],
      [
        "11011000101000101010101",
        1
      ],
      [
        "11011001000100101010101",
        1
      ],
      [
        "11010000011001101010101",
        0
      ],
      [
        "11111100000000011010101",
        1
      ],
      [
        "11111010000000011010101",
        1
      ],
      [
        "11111001000000011010101",
        1
      ],
      [
        "11011101000000011010101",
        1
      ],
      [
        "11110011000000011010101",
        1
      ],
      [
        "11010111000000011010101",
        1
      ],
      [
        "11110010100000011010101",
        1
      ],
      [
        "11110000110000011010101",
        1
      ],
      [
        "11110010001000011010101",
        1
      ],
      [
        "11011001001000011010101",
        1
      ],
      [
        "11011000101000011010101",
        1
      ],
      [
        "11010001011000011010101",
        1
      ],
      [
        "11110010000001011010101",
        0
      ],
      [
        "11011001000001011010101",
        0
      ],
      [
        "11110011001000000110101",
        0
      ],
      [
        "11011011001000000110101",
        0
      ],
      [
        "11011010101000000110101",
        0
      ],
      [
        "11111100000010000110101",
        0
      ],
      [
        "11111010000010000110101",
        0
      ],
      [
        "11111001000010000110101",
        0
      ],
      [
        "11110011000010000110101",
        0
      ],
      [
        "11011011000010000110101",
        0
      ],
      [
        "11010111000010000110101",
        0
      ],
      [
        "11011001001010000110101",
        0
      ],
      [
        "11010011001010000110101",
        0
      ],
      [
        "11010010101010000110101",
        0
      ],
      [
        "11010010100110000110101",
        0
      ],
      [
        "11110000001110000110101",
        1
      ],
      [
        "11010010001110000110101",
        1
      ],
      [
        "11111100000001000110101",
        0
      ],
      [
        "11111010000001000110101",
        0
      ],
      [
        "11111001000001000110101",
        0
      ],
      [
        "11110011000001000110101",
        0
      ],
      [
        "11010111000001000110101",
        0
      ],
      [
        "11001111000001000110101",
        0
      ],
      [
        "11010101001001000110101",
        0
      ],
      [
        "11010011001001000110101",
        0
      ],
      [
        "11111100000000100110101",
        1
      ],
      [
        "11111010000000100110101",
        1
      ],
      [
        "11111001000000100110101",
        1
      ],
      [
        "11110011000000100110101",
        1
      ],
      [
        "11010111000000100110101",
        1
      ],
      [
        "11110010100000100110101",
        1
      ],
      [
        "11011010100000100110101",
        1
      ],
      [
        "11110000110000100110101",
        1
      ],
      [
        "11110001001000100110101",
        1
      ],
      [
        "11011000101000100110101",
        1
      ],
      [
        "11010010100001100110101",
        0
      ],
      [
        "11111100000000010110101",
        1
      ],
      [
        "11111010000000010110101",
        1
      ],
      [
        "11111001000000010110101",
        1
      ],
      [
        "11110011000000010110101",
        1
      ],
      [
        "11010111000000010110101",
        1
      ],
      [
        "11110010100000010110101",
        1
      ],
      [
        "11011010100000010110101",
        1
      ],
      [
        "11110000110000010110101",
        1
      ],
      [
        "11110010001000010110101",
        1
      ],
      [
        "11010101001000010110101",
        1
      ],
      [
        "11011000101000010110101",
        1
      ],
      [
        "11011001000000110110101",
        0
      ],
      [
        "11011000100000110110101",
        0
      ],
      [
        "11010010100000110110101",
        0
      ],
      [
        "11111100000000001110101",
        1
      ],
      [
        "11111010000000001110101",
        1
      ],
      [
        "11111001000000001110101",
        1
      ],
      [
        "11110011000000001110101",
        1
      ],
      [
        "11011011000000001110101",
        1
      ],
      [
        "11010111000000001110101",
        1
      ],
      [
        "11011010001000001110101",
        1
      ],
      [
        "11010101000000011110101",
        0
      ],
      [
        "11010001010000011110101",
        0
      ],
      [
        "11010001000100011110101",
        1
      ],
      [
        "11011101001001000001101",
        1
      ],
      [
        "11110011001001000001101",
        1
      ],
      [
        "11011011001001000001101",
        1
      ],
      [
        "11011010101001000001101",
        1
      ],
      [
        "11111100000011000001101",
        1
      ],
      [
        "11111010000011000001101",
        1
      ],
      [
        "11111001000011000001101",
        1
      ],
      [
        "11110011000011000001101",
        1
      ],
      [
        "11010111000011000001101",
        1
      ],
      [
        "11110010100011000001101",
        1
      ],
      [
        "11011010100011000001101",
        1
      ],
      [
        "11110000110011000001101",
        1
      ],
      [
        "11110001001011000001101",
        1
      ],
      [
        "11011001001011000001101",
        1
      ],
      [
        "11011000101011000001101",
        1
      ],
      [
        "11011000100111000001101",
        1
      ],
      [
        "11110101001000100001101",
        1
      ],
      [
        "11110011001000100001101",
        1
      ],
      [
        "11011011001000100001101",
        1
      ],
      [
        "11010111001000100001101",
        1
      ],
      [
        "11011010101000100001101",
        1
      ],
      [
        "11111100000010100001101",
        1
      ],
      [
        "11111010000010100001101",
        1
      ],
      [
        "11111001000010100001101",
        1
      ],
      [
        "11110011000010100001101",
        1
      ],
      [
        "11011011000010100001101",
        1
      ],
      [
        "11010111000010100001101",
        1
      ],
      [
        "11011010100010100001101",
        1
      ],
      [
        "11011001001010100001101",
        1
      ],
      [
        "11011000101010100001101",
        1
      ],
      [
        "11110000001110100001101",
        0
      ],
      [
        "11010010001110100001101",
        0
      ],
      [
        "11111100000001100001101",
        1
      ],
      [
        "11111010000001100001101",
        1
      ],
      [
        "11111001000001100001101",
        1
      ],
      [
        "11110011000001100001101",
        1
      ],
      [
        "11010111000001100001101",
        1
      ],
      [
        "11001111000001100001101",
        1
      ],
      [
        "11110010100001100001101",
        1
      ],
      [
        "11110000110001100001101",
        1
      ],
      [
        "11110010001001100001101",
        1
      ],
      [
        "11011001001001100001101",
        1
      ],
      [
        "11010101001001100001101",
        1
      ],
      [
        "11010011001001100001101",
        1
      ],
      [
        "11011000101001100001101",
        1
      ],
      [
        "11110101001000010001101",
        1
      ],
      [
        "11011101001000010001101",
        1
      ],
      [
        "11110011001000010001101",
        1
      ],
      [
        "11011011001000010001101",
        1
      ],
      [
        "11010111001000010001101",
        1
      ],
      [
        "11110010101000010001101",
        1
      ],
      [
        "11011010101000010001101",
        1
      ],
      [
        "11111100000010010001101",
        1
      ],
      [
        "11111010000010010001101",
        1
      ],
      [
        "11111001000010010001101",
        1
      ],
      [
        "11110011000010010001101",
        1
      ],
      [
        "11010111000010010001101",
        1
      ],
      [
        "11001111000010010001101",
        1
      ],
      [
        "11010101001010010001101",
        1
      ],
      [
        "11001101001010010001101",
        1
      ],
      [
        "11110000001110010001101",
        0
      ],
      [
        "11111100000001010001101",
        1
      ],
      [
        "11111010000001010001101",
        1
      ],
      [
        "11111001000001010001101",
        1
      ],
      [
        "11110011000001010001101",
        1
      ],
      [
        "11011011000001010001101",
        1
      ],
      [
        "11010111000001010001101",
        1
      ],
      [
        "11110010100001010001101",
        1
      ],
      [
        "11011010100001010001101",
        1
      ],
      [
        "11110000110001010001101",
        1
      ],
      [
        "11110010001001010001101",
        1
      ],
      [
        "11011010001001010001101",
        1
      ],
      [
        "11111100000000110001101",
        0
      ],
      [
        "11111010000000110001101",
        0
      ],
      [
        "11111001000000110001101",
        0
      ],
      [
        "11110101000000110001101",
        0
      ],
      [
        "11110011000000110001101",
        0
      ],
      [
        "11010111000000110001101",
        0
      ],
      [
        "11001111000000110001101",
        0
      ],
      [
        "11010101001000110001101",
        0
      ],
      [
        "11011000101000110001101",
        0
      ],
      [
        "11110101001000001001101",
        0
      ],
      [
        "11110011001000001001101",
        0
      ],
      [
        "11011011001000001001101",
        0
      ],
      [
        "11010111001000001001101",
        0
      ],
      [
        "11011010101000001001101",
        0
      ],
      [
        "11111100000010001001101",
        0
      ],
      [
        "11111010000010001001101",
        0
      ],
      [
        "11111001000010001001101",
        0
      ],
      [
        "11110101000010001001101",
        0
      ],
      [
        "11110011000010001001101",
        0
      ],
      [
        "11010111000010001001101",
        0
      ],
      [
        "11001111000010001001101",
        0
      ],
      [
        "11110010001010001001101",
        0
      ],
      [
        "11011000101010001001101",
        0
      ],
      [
        "11010010101010001001101",
        0
      ],
      [
        "11110000001110001001101",
        1
      ],
      [
        "11111100000001001001101",
        0
      ],
      [
        "11111010000001001001101",
        0
      ],
      [
        "11111001000001001001101",
        0
      ],
      [
        "11110011000001001001101",
        0
      ],
      [
        "11011011000001001001101",
        0
      ],
      [
        "11010111000001001001101",
        0
      ],
      [
        "11110010100001001001101",
        0
      ],
      [
        "11011010100001001001101",
        0
      ],
      [
        "11110000110001001001101",
        0
      ],
      [
        "11110010001001001001101",
        0
      ],
      [
        "11011010001001001001101",
        0
      ],
      [
        "11111100000000101001101",
        1
      ],
      [
        "11111010000000101001101",
        1
      ],
      [
        "11111001000000101001101",
        1
      ],
      [
        "11110011000000101001101",
        1
      ],
      [
        "11010111000000101001101",
        1
      ],
      [
        "11110010100000101001101",
        1
      ],
      [
        "11110000110000101001101",
        1
      ],
      [
        "11110010001000101001101",
        1
      ],
      [
        "11011001001000101001101",
        1
      ],
      [
        "11111100000000011001101",
        1
      ],
      [
        "11111010000000011001101",
        1
      ],
      [
        "11111001000000011001101",
        1
      ],
      [
        "11011101000000011001101",
        1
      ],
      [
        "11110011000000011001101",
        1
      ],
      [
        "11010111000000011001101",
        1
      ],
      [
        "11001111000000011001101",
        1
      ],
      [
        "11011010001000011001101",
        1
      ],
      [
        "11010010100001011001101",
        0
      ],
      [
        "11110101001000000101101",
        0
      ],
      [
        "11011101001000000101101",
        0
      ],
      [
        "11110011001000000101101",
        0
      ],
      [
        "11011011001000000101101",
        0
      ],
      [
        "11010111001000000101101",
        0
      ],
      [
        "11110010101000000101101",
        0
      ],
      [
        "11011010101000000101101",
        0
      ],
      [
        "11111100000010000101101",
        0
      ],
      [
        "11111010000010000101101",
        0
      ],
      [
        "11111001000010000101101",
        0
      ],
      [
        "11110011000010000101101",
        0
      ],
      [
        "11010111000010000101101",
        0
      ],
      [
        "11001111000010000101101",
        0
      ],
      [
        "11010101001010000101101",
        0
      ],
      [
        "11001101001010000101101",
        0
      ],
      [
        "11110000001110000101101",
        1
      ],
      [
        "11010010001110000101101",
        1
      ],
      [
        "11111100000001000101101",
        0
      ],
      [
        "11111010000001000101101",
        0
      ],
      [
        "11111001000001000101101",
        0
      ],
      [
        "11110011000001000101101",
        0
      ],
      [
        "11010111000001000101101",
        0
      ],
      [
        "11001111000001000101101",
        0
      ],
      [
        "11110010100001000101101",
        0
      ],
      [
        "11110000110001000101101",
        0
      ],
      [
        "11110010001001000101101",
        0
      ],
      [
        "11011001001001000101101",
        0
      ],
      [
        "11010101001001000101101",
        0
      ],
      [
        "11010011001001000101101",
        0
      ],
      [
        "11011000101001000101101",
        0
      ],
      [
        "11011000100101000101101",
        0
      ],
      [
        "11111100000000100101101",
        1
      ],
      [
        "11111010000000100101101",
        1
      ],
      [
        "11111001000000100101101",
        1
      ],
      [
        "11110101000000100101101",
        1
      ],
      [
        "11110011000000100101101",
        1
      ],
      [
        "11010111000000100101101",
        1
      ],
      [
        "11001111000000100101101",
        1
      ],
      [
        "11010101001000100101101",
        1
      ],
      [
        "11011000101000100101101",
        1
      ],
      [
        "11011000100100100101101",
        1
      ],
      [
        "11111100000000010101101",
        1
      ],
      [
        "11111010000000010101101",
        1
      ],
      [
        "11111001000000010101101",
        1
      ],
      [
        "11110011000000010101101",
        1
      ],
      [
        "11010111000000010101101",
        1
      ],
      [
        "11001111000000010101101",
        1
      ],
      [
        "11110010100000010101101",
        1
      ],
      [
        "11110000110000010101101",
        1
      ],
      [
        "11110010001000010101101",
        1
      ],
      [
        "11011001001000010101101",
        1
      ],
      [
        "11010101001000010101101",
        1
      ],
      [
        "11010011001000010101101",
        1
      ],
      [
        "11011000101000010101101",
        1
      ],
      [
        "11110000001100010101101",
        0
      ],
      [
        "11010010001100010101101",
        0
      ],
      [
        "11110000001001010101101",
        1
      ],
      [
        "11010010001001010101101",
        1
      ],
      [
        "11011000100000110101101",
        0
      ],
      [
        "11111100000000001101101",
        1
      ],
      [
        "11111010000000001101101",
        1
      ],
      [
        "11111001000000001101101",
        1
      ],
      [
        "11110011000000001101101",
        1
      ],
      [
        "11011011000000001101101",
        1
      ],
      [
        "11010111000000001101101",
        1
      ],
      [
        "11110010100000001101101",
        1
      ],
      [
        "11011010100000001101101",
        1
      ],
      [
        "11110000110000001101101",
        1
      ],
      [
        "11110010001000001101101",
        1
      ],
      [
        "11011010001000001101101",
        1
      ],
      [
        "11110000001100001101101",
        0
      ],
      [
        "11110000001001001101101",
        1
      ],
      [
        "11110011001000000011101",
        0
      ],
      [
        "11011011001000000011101",
        0
      ],
      [
        "11010111001000000011101",
        0
      ],
      [
        "11110010101000000011101",
        0
      ],
      [
        "11011010101000000011101",
        0
      ],
      [
        "11111100000010000011101",
        0
      ],
      [
        "11111010000010000011101",
        0
      ],
      [
        "11111001000010000011101",
        0
      ],
      [
        "11110011000010000011101",
        0
      ],
      [
        "11010111000010000011101",
        0
      ],
      [
        "11011010100010000011101",
        0
      ],
      [
        "11011010001010000011101",
        0
      ],
      [
        "11011001001010000011101",
        0
      ],
      [
        "11011000101010000011101",
        0
      ],
      [
        "11010010101010000011101",
        0
      ],
      [
        "11010010100110000011101",
        0
      ],
      [
        "11111100000001000011101",
        0
      ],
      [
        "11111010000001000011101",
        0
      ],
      [
        "11111001000001000011101",
        0
      ],
      [
        "11110011000001000011101",
        0
      ],
      [
        "11011011000001000011101",
        0
      ],
      [
        "11010111000001000011101",
        0
      ],
      [
        "11001111000001000011101",
        0
      ],
      [
        "11011010100001000011101",
        0
      ],
      [
        "11011001001001000011101",
        0
      ],
      [
        "11011000101001000011101",
        0
      ],
      [
        "11010010101001000011101",
        0
      ],
      [
        "11011000100101000011101",
        0
      ],
      [
        "11010010100101000011101",
        0
      ],
      [
        "11111100000000100011101",
        1
      ],
      [
        "11111010000000100011101",
        1
      ],
      [
        "11111001000000100011101",
        1
      ],
      [
        "11110011000000100011101",
        1
      ],
      [
        "11011011000000100011101",
        1
      ],
      [
        "11010111000000100011101",
        1
      ],
      [
        "11001111000000100011101",
        1
      ],
      [
        "11011010100000100011101",
        1
      ],
      [
        "11010101001000100011101",
        1
      ],
      [
        "11011000101000100011101",
        1
      ],
      [
        "11011000100100100011101",
        1
      ],
      [
        "11010010100100100011101",
        1
      ],
      [
        "11011010000001100011101",
        0
      ],
      [
        "11111100000000010011101",
        1
      ],
      [
        "11111010000000010011101",
        1
      ],
      [
        "11111001000000010011101",
        1
      ],
      [
        "11110011000000010011101",
        1
      ],
      [
        "11011011000000010011101",
        1
      ],
      [
        "11010111000000010011101",
        1
      ],
      [
        "11001111000000010011101",
        1
      ],
      [
        "11011010100000010011101",
        1
      ],
      [
        "11011001001000010011101",
        1
      ],
      [
        "11011000101000010011101",
        1
      ],
      [
        "11010010101000010011101",
        1
      ],
      [
        "11010010100100010011101",
        1
      ],
      [
        "11010010100001010011101",
        0
      ],
      [
        "11011000100000110011101",
        0
      ],
      [
        "11010010100000110011101",
        0
      ],
      [
        "11111100000000001011101",
        1
      ],
      [
        "11111010000000001011101",
        1
      ],
      [
        "11111001000000001011101",
        1
      ],
      [
        "11110011000000001011101",
        1
      ],
      [
        "11010111000000001011101",
        1
      ],
      [
        "11011001001000001011101",
        1
      ],
      [
        "11011000101000001011101",
        1
      ],
      [
        "11011001000100001011101",
        1
      ],
      [
        "11011001000001001011101",
        0
      ],
      [
        "11011001000000101011101",
        0
      ],
      [
        "11111100000000000111101",
        1
      ],
      [
        "11111010000000000111101",
        1
      ],
      [
        "11111001000000000111101",
        1
      ],
      [
        "11110011000000000111101",
        1
      ],
      [
        "11010111000000000111101",
        1
      ],
      [
        "11001111000000000111101",
        1
      ],
      [
        "11010101001000000111101",
        1
      ],
      [
        "11010011001000000111101",
        1
      ],
      [
        "11010010100100000111101",
        1
      ],
      [
        "11110000001100000111101",
        0
      ],
      [
        "11010010001100000111101",
        0
      ],
      [
        "11010010100001000111101",
        0
      ],
      [
        "11110000001001000111101",
        1
      ],
      [
        "11010010001001000111101",
        1
      ],
      [
        "11010000000100011111101",
        0
      ],
      [
        "11111111001000000000011",
        0
      ],
      [
        "11011001001111000000011",
        0
      ],
      [
        "10110011001111000000011",
        0
      ],
      [
        "11011011001010100000011",
        0
      ],
      [
        "11010111001010100000011",
        0
      ],
      [
        "11110011001001100000011",
        0
      ],
      [
        "11111100000011100000011",
        0
      ],
      [
        "11111010000011100000011",
        0
      ],
      [
        "11111001000011100000011",
        0
      ],
      [
        "11110101000011100000011",
        0
      ],
      [
        "11011101000011100000011",
        0
      ],
      [
        "11110011000011100000011",
        0
      ],
      [
        "11100111000011100000011",
        0
      ],
      [
        "11010111000011100000011",
        0
      ],
      [
        "11001111000011100000011",
        0
      ],
      [
        "01110011001011100000011",
        0
      ],
      [
        "11011000101011100000011",
        0
      ],
      [
        "11010010101011100000011",
        0
      ],
      [
        "11110111001000010000011",
        0
      ],
      [
        "11110011001001010000011",
        0
      ],
      [
        "11011010101001010000011",
        0
      ],
      [
        "11111100000011010000011",
        0
      ],
      [
        "11111010000011010000011",
        0
      ],
      [
        "11111001000011010000011",
        0
      ],
      [
        "11110011000011010000011",
        0
      ],
      [
        "11011011000011010000011",
        0
      ],
      [
        "11010111000011010000011",
        0
      ],
      [
        "11001111000011010000011",
        0
      ],
      [
        "11011001001011010000011",
        0
      ],
      [
        "11010010101011010000011",
        0
      ],
      [
        "11110111000000110000011",
        0
      ],
      [
        "11110101001000110000011",
        0
      ],
      [
        "11011011001000110000011",
        0
      ],
      [
        "11010111001000110000011",
        0
      ],
      [
        "11011010101000110000011",
        0
      ],
      [
        "11111100000010110000011",
        0
      ],
      [
        "11111010000010110000011",
        0
      ],
      [
        "11111001000010110000011",
        0
      ],
      [
        "11110011000010110000011",
        0
      ],
      [
        "11010111000010110000011",
        0
      ],
      [
        "11001111000010110000011",
        0
      ],
      [
        "11010101001010110000011",
        0
      ],
      [
        "01110011001010110000011",
        0
      ],
      [
        "11011000101010110000011",
        0
      ],
      [
        "11010010101010110000011",
        0
      ],
      [
        "11110000010110110000011",
        0
      ],
      [
        "11110000001110110000011",
        1
      ],
      [
        "11111100000001110000011",
        0
      ],
      [
        "11111010000001110000011",
        0
      ],
      [
        "11111001000001110000011",
        0
      ],
      [
        "11110011000001110000011",
        0
      ],
      [
        "11011011000001110000011",
        0
      ],
      [
        "11010111000001110000011",
        0
      ],
      [
        "11110010100001110000011",
        0
      ],
      [
        "11110000110001110000011",
        0
      ],
      [
        "11110010001001110000011",
        0
      ],
      [
        "11011010001001110000011",
        0
      ],
      [
        "11010101001001110000011",
        0
      ],
      [
        "11111011001000001000011",
        0
      ],
      [
        "11111010101000001000011",
        0
      ],
      [
        "11110011001010001000011",
        0
      ],
      [
        "11011010101010001000011",
        0
      ],
      [
        "11110000110110001000011",
        0
      ],
      [
        "11110011001001001000011",
        0
      ],
      [
        "11010111001001001000011",
        0
      ],
      [
        "11011010101001001000011",
        0
      ],
      [
        "11111100000011001000011",
        0
      ],
      [
        "11111010000011001000011",
        0
      ],
      [
        "11111001000011001000011",
        0
      ],
      [
        "11110011000011001000011",
        0
      ],
      [
        "11011011000011001000011",
        0
      ],
      [
        "11010111000011001000011",
        0
      ],
      [
        "11001111000011001000011",
        0
      ],
      [
        "11110001001011001000011",
        0
      ],
      [
        "11011001001011001000011",
        0
      ],
      [
        "11010101001011001000011",
        0
      ],
      [
        "11110011001000101000011",
        0
      ],
      [
        "11011011001000101000011",
        0
      ],
      [
        "11010111001000101000011",
        0
      ],
      [
        "11011010101000101000011",
        0
      ],
      [
        "11111100000010101000011",
        0
      ],
      [
        "11111010000010101000011",
        0
      ],
      [
        "11111001000010101000011",
        0
      ],
      [
        "11110011000010101000011",
        0
      ],
      [
        "11010111000010101000011",
        0
      ],
      [
        "11001111000010101000011",
        0
      ],
      [
        "11110010100010101000011",
        0
      ],
      [
        "11110000110010101000011",
        0
      ],
      [
        "11011001001010101000011",
        0
      ],
      [
        "01010111001010101000011",
        0
      ],
      [
        "00110111001010101000011",
        1
      ],
      [
        "00101111001010101000011",
        0
      ],
      [
        "11010010101010101000011",
        0
      ],
      [
        "11110000010110101000011",
        0
      ],
      [
        "11010010010110101000011",
        0
      ],
      [
        "11110000001110101000011",
        1
      ],
      [
        "11010010001110101000011",
        1
      ],
      [
        "11111100000001101000011",
        0
      ],
      [
        "11111010000001101000011",
        0
      ],
      [
        "11111001000001101000011",
        0
      ],
      [
        "11110101000001101000011",
        0
      ],
      [
        "11110011000001101000011",
        0
      ],
      [
        "11010111000001101000011",
        0
      ],
      [
        "11001111000001101000011",
        0
      ],
      [
        "11110010001001101000011",
        0
      ],
      [
        "11010101001001101000011",
        0
      ],
      [
        "11010011001001101000011",
        0
      ],
      [
        "01110011001001101000011",
        0
      ],
      [
        "01110011000011101000011",
        1
      ],
      [
        "01110001000111101000011",
        0
      ],
      [
        "01110000100111101000011",
        1
      ],
      [
        "01010000110111101000011",
        0
      ],
      [
        "01001000110111101000011",
        1
      ],
      [
        "00001100110111101000011",
        0
      ],
      [
        "11110101001000011000011",
        0
      ],
      [
        "11110011001000011000011",
        0
      ],
      [
        "11011011001000011000011",
        0
      ],
      [
        "11010111001000011000011",
        0
      ],
      [
        "01110111001000011000011",
        0
      ],
      [
        "11011010101000011000011",
        0
      ],
      [
        "11111100000010011000011",
        0
      ],
      [
        "11111010000010011000011",
        0
      ],
      [
        "11111001000010011000011",
        0
      ],
      [
        "11110011000010011000011",
        0
      ],
      [
        "11010111000010011000011",
        0
      ],
      [
        "11011010100010011000011",
        0
      ],
      [
        "11010011001010011000011",
        0
      ],
      [
        "11010010101010011000011",
        0
      ],
      [
        "11111100000001011000011",
        0
      ],
      [
        "11111010000001011000011",
        0
      ],
      [
        "11111001000001011000011",
        0
      ],
      [
        "11110011000001011000011",
        0
      ],
      [
        "11010111000001011000011",
        0
      ],
      [
        "11110010100001011000011",
        0
      ],
      [
        "11110000110001011000011",
        0
      ],
      [
        "11011010001001011000011",
        0
      ],
      [
        "11110001001001011000011",
        0
      ],
      [
        "11111100000000111000011",
        1
      ],
      [
        "11111010000000111000011",
        1
      ],
      [
        "11111001000000111000011",
        1
      ],
      [
        "11110011000000111000011",
        1
      ],
      [
        "11010111000000111000011",
        1
      ],
      [
        "11110010100000111000011",
        1
      ],
      [
        "11110000110000111000011",
        1
      ],
      [
        "11011010001000111000011",
        1
      ],
      [
        "11110001001000111000011",
        1
      ],
      [
        "01010111001000111000011",
        1
      ],
      [
        "01001111001000111000011",
        0
      ],
      [
        "01001111000010111000011",
        1
      ],
      [
        "01001101000110111000011",
        0
      ],
      [
        "01001100100110111000011",
        1
      ],
      [
        "01001000110110111000011",
        0
      ],
      [
        "00001000110111111000011",
        1
      ],
      [
        "01111111001000000100011",
        0
      ],
      [
        "11111010101000000100011",
        0
      ],
      [
        "11011011001001000100011",
        0
      ],
      [
        "11011010101001000100011",
        0
      ],
      [
        "11111100000011000100011",
        0
      ],
      [
        "11111010000011000100011",
        0
      ],
      [
        "11111001000011000100011",
        0
      ],
      [
        "11110011000011000100011",
        0
      ],
      [
        "11010111000011000100011",
        0
      ],
      [
        "11011010100011000100011",
        0
      ],
      [
        "11011000101011000100011",
        0
      ],
      [
        "11110101001000100100011",
        0
      ],
      [
        "11110011001000100100011",
        0
      ],
      [
        "11011011001000100100011",
        0
      ],
      [
        "11010111001000100100011",
        0
      ],
      [
        "01110111001000100100011",
        0
      ],
      [
        "11011010101000100100011",
        0
      ],
      [
        "11111100000010100100011",
        0
      ],
      [
        "11111010000010100100011",
        0
      ],
      [
        "11111001000010100100011",
        0
      ],
      [
        "11110011000010100100011",
        0
      ],
      [
        "11010111000010100100011",
        0
      ],
      [
        "11011010001010100100011",
        0
      ],
      [
        "11011000101010100100011",
        0
      ],
      [
        "11011010000110100100011",
        0
      ],
      [
        "11111100000001100100011",
        0
      ],
      [
        "11111010000001100100011",
        0
      ],
      [
        "11111001000001100100011",
        0
      ],
      [
        "11110011000001100100011",
        0
      ],
      [
        "11010111000001100100011",
        0
      ],
      [
        "11001111000001100100011",
        0
      ],
      [
        "11011010001001100100011",
        0
      ],
      [
        "11010101001001100100011",
        0
      ],
      [
        "11110101001000010100011",
        0
      ],
      [
        "11110011001000010100011",
        0
      ],
      [
        "11011011001000010100011",
        0
      ],
      [
        "11010111001000010100011",
        0
      ],
      [
        "11011010101000010100011",
        0
      ],
      [
        "11111100000010010100011",
        0
      ],
      [
        "11111010000010010100011",
        0
      ],
      [
        "11111001000010010100011",
        0
      ],
      [
        "11110101000010010100011",
        0
      ],
      [
        "11110011000010010100011",
        0
      ],
      [
        "11011011000010010100011",
        0
      ],
      [
        "11010111000010010100011",
        0
      ],
      [
        "11001111000010010100011",
        0
      ],
      [
        "11110010001010010100011",
        0
      ],
      [
        "11011001001010010100011",
        0
      ],
      [
        "11010101001010010100011",
        0
      ],
      [
        "11110000010110010100011",
        0
      ],
      [
        "11110000001110010100011",
        1
      ],
      [
        "11111100000001010100011",
        0
      ],
      [
        "11111010000001010100011",
        0
      ],
      [
        "11111001000001010100011",
        0
      ],
      [
        "11110011000001010100011",
        0
      ],
      [
        "11011011000001010100011",
        0
      ],
      [
        "11010111000001010100011",
        0
      ],
      [
        "11001111000001010100011",
        0
      ],
      [
        "11110010100001010100011",
        0
      ],
      [
        "11110000110001010100011",
        0
      ],
      [
        "11011010001001010100011",
        0
      ],
      [
        "11111100000000110100011",
        1
      ],
      [
        "11111010000000110100011",
        1
      ],
      [
        "11111001000000110100011",
        1
      ],
      [
        "11110011000000110100011",
        1
      ],
      [
        "11011011000000110100011",
        1
      ],
      [
        "11010111000000110100011",
        1
      ],
      [
        "11001111000000110100011",
        1
      ],
      [
        "11110010100000110100011",
        1
      ],
      [
        "11110000110000110100011",
        1
      ],
      [
        "11011010001000110100011",
        1
      ],
      [
        "11110000001100110100011",
        0
      ],
      [
        "11110000001001110100011",
        1
      ],
      [
        "11110101001000001100011",
        1
      ],
      [
        "11110011001000001100011",
        1
      ],
      [
        "11011011001000001100011",
        1
      ],
      [
        "11010111001000001100011",
        1
      ],
      [
        "01110111001000001100011",
        1
      ],
      [
        "01011111001000001100011",
        1
      ],
      [
        "11011010101000001100011",
        1
      ],
      [
        "11111100000010001100011",
        1
      ],
      [
        "11111010000010001100011",
        1
      ],
      [
        "11111001000010001100011",
        1
      ],
      [
        "11110101000010001100011",
        1
      ],
      [
        "11110011000010001100011",
        1
      ],
      [
        "11011011000010001100011",
        1
      ],
      [
        "11010111000010001100011",
        1
      ],
      [
        "11001111000010001100011",
        1
      ],
      [
        "11110010001010001100011",
        1
      ],
      [
        "11011001001010001100011",
        1
      ],
      [
        "11010101001010001100011",
        1
      ],
      [
        "11011010000110001100011",
        1
      ],
      [
        "11111100000001001100011",
        1
      ],
      [
        "11111010000001001100011",
        1
      ],
      [
        "11111001000001001100011",
        1
      ],
      [
        "11110011000001001100011",
        1
      ],
      [
        "11010111000001001100011",
        1
      ],
      [
        "11001111000001001100011",
        1
      ],
      [
        "11011010001001001100011",
        1
      ],
      [
        "11010101001001001100011",
        1
      ],
      [
        "11111100000000101100011",
        0
      ],
      [
        "11111010000000101100011",
        0
      ],
      [
        "11111001000000101100011",
        0
      ],
      [
        "11110011000000101100011",
        0
      ],
      [
        "11011011000000101100011",
        0
      ],
      [
        "11010111000000101100011",
        0
      ],
      [
        "11001111000000101100011",
        0
      ],
      [
        "11110010100000101100011",
        0
      ],
      [
        "11110000110000101100011",
        0
      ],
      [
        "11011010001000101100011",
        0
      ],
      [
        "01010111001000101100011",
        0
      ],
      [
        "01010111000010101100011",
        1
      ],
      [
        "01010101000110101100011",
        0
      ],
      [
        "01010100100110101100011",
        1
      ],
      [
        "01010000110110101100011",
        0
      ],
      [
        "11110000001001101100011",
        0
      ],
      [
        "01000000110111101100011",
        1
      ],
      [
        "11111100000000011100011",
        0
      ],
      [
        "11111010000000011100011",
        0
      ],
      [
        "11111001000000011100011",
        0
      ],
      [
        "11110011000000011100011",
        0
      ],
      [
        "11010111000000011100011",
        0
      ],
      [
        "11001111000000011100011",
        0
      ],
      [
        "11011010001000011100011",
        0
      ],
      [
        "11010101001000011100011",
        0
      ],
      [
        "01010111001000011100011",
        0
      ],
      [
        "01001111001000011100011",
        1
      ],
      [
        "11011010000100011100011",
        0
      ],
      [
        "01001111000010011100011",
        0
      ],
      [
        "01001101000110011100011",
        1
      ],
      [
        "01001100100110011100011",
        0
      ],
      [
        "01001000110110011100011",
        1
      ],
      [
        "11011010000001011100011",
        1
      ],
      [
        "00001000110111011100011",
        0
      ],
      [
        "00000000110111111100011",
        0
      ],
      [
        "11111010101000000010011",
        1
      ],
      [
        "11011011001001000010011",
        1
      ],
      [
        "11011010101001000010011",
        1
      ],
      [
        "11111100000011000010011",
        1
      ],
      [
        "11111010000011000010011",
        1
      ],
      [
        "11111001000011000010011",
        1
      ],
      [
        "11110011000011000010011",
        1
      ],
      [
        "11010111000011000010011",
        1
      ],
      [
        "11011010100011000010011",
        1
      ],
      [
        "11011000101011000010011",
        1
      ],
      [
        "11110101001000100010011",
        1
      ],
      [
        "11110011001000100010011",
        1
      ],
      [
        "11011011001000100010011",
        1
      ],
      [
        "11010111001000100010011",
        1
      ],
      [
        "11011010101000100010011",
        1
      ],
      [
        "11111100000010100010011",
        1
      ],
      [
        "11111010000010100010011",
        1
      ],
      [
        "11111001000010100010011",
        1
      ],
      [
        "11110011000010100010011",
        1
      ],
      [
        "11010111000010100010011",
        1
      ],
      [
        "11011010001010100010011",
        1
      ],
      [
        "00101111001010100010011",
        1
      ],
      [
        "11011000101010100010011",
        1
      ],
      [
        "11110000001110100010011",
        0
      ],
      [
        "11010010001110100010011",
        0
      ],
      [
        "11111100000001100010011",
        1
      ],
      [
        "11111010000001100010011",
        1
      ],
      [
        "11111001000001100010011",
        1
      ],
      [
        "11110101000001100010011",
        1
      ],
      [
        "11110011000001100010011",
        1
      ],
      [
        "11010111000001100010011",
        1
      ],
      [
        "11001111000001100010011",
        1
      ],
      [
        "11110010001001100010011",
        1
      ],
      [
        "11010101001001100010011",
        1
      ],
      [
        "11010011001001100010011",
        1
      ],
      [
        "01110011001001100010011",
        1
      ],
      [
        "00001100110111100010011",
        1
      ],
      [
        "11110101001000010010011",
        1
      ],
      [
        "11110011001000010010011",
        1
      ],
      [
        "11011011001000010010011",
        1
      ],
      [
        "11010111001000010010011",
        1
      ],
      [
        "11011010101000010010011",
        1
      ],
      [
        "11111100000010010010011",
        1
      ],
      [
        "11111010000010010010011",
        1
      ],
      [
        "11111001000010010010011",
        1
      ],
      [
        "11110011000010010010011",
        1
      ],
      [
        "11010111000010010010011",
        1
      ],
      [
        "11011010100010010010011",
        1
      ],
      [
        "11010011001010010010011",
        1
      ],
      [
        "01110011001010010010011",
        1
      ],
      [
        "11010010101010010010011",
        1
      ],
      [
        "11110000001110010010011",
        0
      ],
      [
        "11111100000001010010011",
        1
      ],
      [
        "11111010000001010010011",
        1
      ],
      [
        "11111001000001010010011",
        1
      ],
      [
        "11110011000001010010011",
        1
      ],
      [
        "11011011000001010010011",
        1
      ],
      [
        "11010111000001010010011",
        1
      ],
      [
        "11110010100001010010011",
        1
      ],
      [
        "11110000110001010010011",
        1
      ],
      [
        "11110010001001010010011",
        1
      ],
      [
        "11011010001001010010011",
        1
      ],
      [
        "11010101001001010010011",
        1
      ],
      [
        "11111100000000110010011",
        0
      ],
      [
        "11111010000000110010011",
        0
      ],
      [
        "11111001000000110010011",
        0
      ],
      [
        "11110011000000110010011",
        0
      ],
      [
        "11010111000000110010011",
        0
      ],
      [
        "11110010100000110010011",
        0
      ],
      [
        "11110000110000110010011",
        0
      ],
      [
        "11011010001000110010011",
        0
      ],
      [
        "11110001001000110010011",
        0
      ],
      [
        "00001000110111110010011",
        0
      ],
      [
        "11110101001000001010011",
        0
      ],
      [
        "11110011001000001010011",
        0
      ],
      [
        "11011011001000001010011",
        0
      ],
      [
        "11010111001000001010011",
        0
      ],
      [
        "11011010101000001010011",
        0
      ],
      [
        "11111100000010001010011",
        0
      ],
      [
        "11111010000010001010011",
        0
      ],
      [
        "11111001000010001010011",
        0
      ],
      [
        "11110101000010001010011",
        0
      ],
      [
        "11110011000010001010011",
        0
      ],
      [
        "11011011000010001010011",
        0
      ],
      [
        "11010111000010001010011",
        0
      ],
      [
        "11001111000010001010011",
        0
      ],
      [
        "11110010001010001010011",
        0
      ],
      [
        "11011001001010001010011",
        0
      ],
      [
        "11010101001010001010011",
        0
      ],
      [
        "01110011001010001010011",
        0
      ],
      [
        "11110000001110001010011",
        1
      ],
      [
        "11111100000001001010011",
        0
      ],
      [
        "11111010000001001010011",
        0
      ],
      [
        "11111001000001001010011",
        0
      ],
      [
        "11110011000001001010011",
        0
      ],
      [
        "11011011000001001010011",
        0
      ],
      [
        "11010111000001001010011",
        0
      ],
      [
        "11110010100001001010011",
        0
      ],
      [
        "11110000110001001010011",
        0
      ],
      [
        "11110010001001001010011",
        0
      ],
      [
        "11011010001001001010011",
        0
      ],
      [
        "11010101001001001010011",
        0
      ],
      [
        "01110011001001001010011",
        0
      ],
      [
        "11111100000000101010011",
        1
      ],
      [
        "11111010000000101010011",
        1
      ],
      [
        "11111001000000101010011",
        1
      ],
      [
        "11110011000000101010011",
        1
      ],
      [
        "11011011000000101010011",
        1
      ],
      [
        "11010111000000101010011",
        1
      ],
      [
        "11001111000000101010011",
        1
      ],
      [
        "11110010100000101010011",
        1
      ],
      [
        "11110000110000101010011",
        1
      ],
      [
        "11011010001000101010011",
        1
      ],
      [
        "11110000001001101010011",
        1
      ],
      [
        "11111100000000011010011",
        1
      ],
      [
        "11111010000000011010011",
        1
      ],
      [
        "11111001000000011010011",
        1
      ],
      [
        "11110011000000011010011",
        1
      ],
      [
        "11010111000000011010011",
        1
      ],
      [
        "11001111000000011010011",
        1
      ],
      [
        "11011010001000011010011",
        1
      ],
      [
        "11010101001000011010011",
        1
      ],
      [
        "01110011001000011010011",
        1
      ],
      [
        "11011010000001011010011",
        0
      ],
      [
        "00001000110111011010011",
        2
      ],
      [
        "00000000110111111010011",
        2
      ],
      [
        "11110101001000000110011",
        0
      ],
      [
        "11110011001000000110011",
        0
      ],
      [
        "11011011001000000110011",
        0
      ],
      [
        "11010111001000000110011",
        0
      ],
      [
        "11011010101000000110011",
        0
      ],
      [
        "11111100000010000110011",
        0
      ],
      [
        "11111010000010000110011",
        0
      ],
      [
        "11111001000010000110011",
        0
      ],
      [
        "11110011000010000110011",
        0
      ],
      [
        "11010111000010000110011",
        0
      ],
      [
        "11011010100010000110011",
        0
      ],
      [
        "11010011001010000110011",
        0
      ],
      [
        "00101111001010000110011",
        0
      ],
      [
        "11010010101010000110011",
        0
      ],
      [
        "11110000001110000110011",
        1
      ],
      [
        "11010010001110000110011",
        1
      ],
      [
        "11111100000001000110011",
        0
      ],
      [
        "11111010000001000110011",
        0
      ],
      [
        "11111001000001000110011",
        0
      ],
      [
        "11110101000001000110011",
        0
      ],
      [
        "11110011000001000110011",
        0
      ],
      [
        "11010111000001000110011",
        0
      ],
      [
        "11001111000001000110011",
        0
      ],
      [
        "11110010001001000110011",
        0
      ],
      [
        "11010101001001000110011",
        0
      ],
      [
        "11010011001001000110011",
        0
      ],
      [
        "00001100110111000110011",
        0
      ],
      [
        "11111100000000100110011",
        1
      ],
      [
        "11111010000000100110011",
        1
      ],
      [
        "11111001000000100110011",
        1
      ],
      [
        "11110011000000100110011",
        1
      ],
      [
        "11010111000000100110011",
        1
      ],
      [
        "11110010100000100110011",
        1
      ],
      [
        "11110000110000100110011",
        1
      ],
      [
        "11011010001000100110011",
        1
      ],
      [
        "11110001001000100110011",
        1
      ],
      [
        "00001000110111100110011",
        1
      ],
      [
        "11111100000000010110011",
        1
      ],
      [
        "11111010000000010110011",
        1
      ],
      [
        "11111001000000010110011",
        1
      ],
      [
        "11110101000000010110011",
        1
      ],
      [
        "11110011000000010110011",
        1
      ],
      [
        "11010111000000010110011",
        1
      ],
      [
        "11001111000000010110011",
        1
      ],
      [
        "11110010001000010110011",
        1
      ],
      [
        "11010101001000010110011",
        1
      ],
      [
        "11010011001000010110011",
        1
      ],
      [
        "00101111001000010110011",
        1
      ],
      [
        "11110000001100010110011",
        0
      ],
      [
        "11010010001100010110011",
        0
      ],
      [
        "00001100110110010110011",
        1
      ],
      [
        "00101111000001010110011",
        0
      ],
      [
        "11110000001001010110011",
        1
      ],
      [
        "11010010001001010110011",
        1
      ],
      [
        "00101101000101010110011",
        1
      ],
      [
        "00101100100101010110011",
        0
      ],
      [
        "00101000110101010110011",
        2
      ],
      [
        "11111100000000001110011",
        1
      ],
      [
        "11111010000000001110011",
        1
      ],
      [
        "11111001000000001110011",
        1
      ],
      [
        "11110011000000001110011",
        1
      ],
      [
        "11011011000000001110011",
        1
      ],
      [
        "11010111000000001110011",
        1
      ],
      [
        "11110010100000001110011",
        1
      ],
      [
        "11110000110000001110011",
        1
      ],
      [
        "11110010001000001110011",
        1
      ],
      [
        "11011010001000001110011",
        1
      ],
      [
        "11010101001000001110011",
        1
      ],
      [
        "01110011001000001110011",
        1
      ],
      [
        "11110000001100001110011",
        0
      ],
      [
        "01110011000001001110011",
        0
      ],
      [
        "11110000001001001110011",
        1
      ],
      [
        "01110001000101001110011",
        1
      ],
      [
        "01110000100101001110011",
        0
      ],
      [
        "01010000110101001110011",
        1
      ],
      [
        "01001000110101001110011",
        0
      ],
      [
        "00001100110101001110011",
        2
      ],
      [
        "01110011000000011110011",
        0
      ],
      [
        "01110001000100011110011",
        1
      ],
      [
        "01110000100100011110011",
        0
      ],
      [
        "01010000110100011110011",
        1
      ],
      [
        "01001000110100011110011",
        0
      ],
      [
        "00001100110100011110011",
        2
      ],
      [
        "11111011001000000001011",
        1
      ],
      [
        "01111111001000000001011",
        1
      ],
      [
        "11111010101000000001011",
        1
      ],
      [
        "11110011001010000001011",
        1
      ],
      [
        "11011010101010000001011",
        1
      ],
      [
        "11110000110110000001011",
        1
      ],
      [
        "11110011001001000001011",
        1
      ],
      [
        "11010111001001000001011",
        1
      ],
      [
        "11011010101001000001011",
        1
      ],
      [
        "11111100000011000001011",
        1
      ],
      [
        "11111010000011000001011",
        1
      ],
      [
        "11111001000011000001011",
        1
      ],
      [
        "11110011000011000001011",
        1
      ],
      [
        "11011011000011000001011",
        1
      ],
      [
        "11010111000011000001011",
        1
      ],
      [
        "11001111000011000001011",
        1
      ],
      [
        "11110001001011000001011",
        1
      ],
      [
        "11011001001011000001011",
        1
      ],
      [
        "11010101001011000001011",
        1
      ],
      [
        "11011001000111000001011",
        1
      ],
      [
        "10110011000111000001011",
        1
      ],
      [
        "11110011001000100001011",
        1
      ],
      [
        "11011011001000100001011",
        1
      ],
      [
        "11010111001000100001011",
        1
      ],
      [
        "11011010101000100001011",
        1
      ],
      [
        "11111100000010100001011",
        1
      ],
      [
        "11111010000010100001011",
        1
      ],
      [
        "11111001000010100001011",
        1
      ],
      [
        "11110011000010100001011",
        1
      ],
      [
        "11010111000010100001011",
        1
      ],
      [
        "11001111000010100001011",
        1
      ],
      [
        "11110010100010100001011",
        1
      ],
      [
        "11110000110010100001011",
        1
      ],
      [
        "11011001001010100001011",
        1
      ],
      [
        "01011011001010100001011",
        1
      ],
      [
        "00111011001010100001011",
        0
      ],
      [
        "01010111001010100001011",
        1
      ],
      [
        "00110111001010100001011",
        0
      ],
      [
        "00101111001010100001011",
        1
      ],
      [
        "11010010101010100001011",
        1
      ],
      [
        "11111100000001100001011",
        1
      ],
      [
        "11111010000001100001011",
        1
      ],
      [
        "11111001000001100001011",
        1
      ],
      [
        "11110101000001100001011",
        1
      ],
      [
        "11011101000001100001011",
        1
      ],
      [
        "11110011000001100001011",
        1
      ],
      [
        "11100111000001100001011",
        1
      ],
      [
        "11010111000001100001011",
        1
      ],
      [
        "11001111000001100001011",
        1
      ],
      [
        "01110011001001100001011",
        1
      ],
      [
        "11011000101001100001011",
        1
      ],
      [
        "11010010101001100001011",
        1
      ],
      [
        "01110011000011100001011",
        0
      ],
      [
        "01110001000111100001011",
        1
      ],
      [
        "01110000100111100001011",
        0
      ],
      [
        "01010000110111100001011",
        1
      ],
      [
        "01001000110111100001011",
        0
      ],
      [
        "00001100110111100001011",
        1
      ],
      [
        "11110111000000010001011",
        1
      ],
      [
        "11110101001000010001011",
        1
      ],
      [
        "11011011001000010001011",
        1
      ],
      [
        "11010111001000010001011",
        1
      ],
      [
        "01110111001000010001011",
        1
      ],
      [
        "11011010101000010001011",
        1
      ],
      [
        "11111100000010010001011",
        1
      ],
      [
        "11111010000010010001011",
        1
      ],
      [
        "11111001000010010001011",
        1
      ],
      [
        "11110011000010010001011",
        1
      ],
      [
        "11010111000010010001011",
        1
      ],
      [
        "11001111000010010001011",
        1
      ],
      [
        "11010101001010010001011",
        1
      ],
      [
        "11011000101010010001011",
        1
      ],
      [
        "11010010101010010001011",
        1
      ],
      [
        "11111100000001010001011",
        1
      ],
      [
        "11111010000001010001011",
        1
      ],
      [
        "11111001000001010001011",
        1
      ],
      [
        "11110011000001010001011",
        1
      ],
      [
        "11011011000001010001011",
        1
      ],
      [
        "11010111000001010001011",
        1
      ],
      [
        "11001111000001010001011",
        1
      ],
      [
        "11011001001001010001011",
        1
      ],
      [
        "01110011001001010001011",
        1
      ],
      [
        "11010010101001010001011",
        1
      ],
      [
        "01011010101001010001011",
        1
      ],
      [
        "00111010101001010001011",
        0
      ],
      [
        "01110011000011010001011",
        0
      ],
      [
        "00111010100011010001011",
        1
      ],
      [
        "00111010000111010001011",
        0
      ],
      [
        "01110001000111010001011",
        1
      ],
      [
        "01110000100111010001011",
        0
      ],
      [
        "00111000010111010001011",
        1
      ],
      [
        "00110001010111010001011",
        0
      ],
      [
        "00100101010111010001011",
        1
      ],
      [
        "01010000110111010001011",
        1
      ],
      [
        "01001000110111010001011",
        0
      ],
      [
        "00001100110111010001011",
        1
      ],
      [
        "11111100000000110001011",
        0
      ],
      [
        "11111010000000110001011",
        0
      ],
      [
        "11111001000000110001011",
        0
      ],
      [
        "11110011000000110001011",
        0
      ],
      [
        "11011011000000110001011",
        0
      ],
      [
        "11010111000000110001011",
        0
      ],
      [
        "11001111000000110001011",
        0
      ],
      [
        "11011001001000110001011",
        0
      ],
      [
        "01010111001000110001011",
        0
      ],
      [
        "01001111001000110001011",
        1
      ],
      [
        "11010010101000110001011",
        0
      ],
      [
        "01001111000010110001011",
        0
      ],
      [
        "01001101000110110001011",
        1
      ],
      [
        "01001100100110110001011",
        0
      ],
      [
        "00100101010110110001011",
        0
      ],
      [
        "01001000110110110001011",
        1
      ],
      [
        "00001100110110110001011",
        0
      ],
      [
        "00001000110111110001011",
        0
      ],
      [
        "11110111000000001001011",
        0
      ],
      [
        "11110101001000001001011",
        0
      ],
      [
        "11011011001000001001011",
        0
      ],
      [
        "11010111001000001001011",
        0
      ],
      [
        "01011111001000001001011",
        0
      ],
      [
        "11011010101000001001011",
        0
      ],
      [
        "11111100000010001001011",
        0
      ],
      [
        "11111010000010001001011",
        0
      ],
      [
        "11111001000010001001011",
        0
      ],
      [
        "11110011000010001001011",
        0
      ],
      [
        "11010111000010001001011",
        0
      ],
      [
        "11001111000010001001011",
        0
      ],
      [
        "11010101001010001001011",
        0
      ],
      [
        "00111011001010001001011",
        1
      ],
      [
        "00101111001010001001011",
        0
      ],
      [
        "11011000101010001001011",
        0
      ],
      [
        "11010010101010001001011",
        0
      ],
      [
        "11111100000001001001011",
        0
      ],
      [
        "11111010000001001001011",
        0
      ],
      [
        "11111001000001001001011",
        0
      ],
      [
        "11110101000001001001011",
        0
      ],
      [
        "11011101000001001001011",
        0
      ],
      [
        "11110011000001001001011",
        0
      ],
      [
        "11100111000001001001011",
        0
      ],
      [
        "11010111000001001001011",
        0
      ],
      [
        "11001111000001001001011",
        0
      ],
      [
        "11011000101001001001011",
        0
      ],
      [
        "11010010101001001001011",
        0
      ],
      [
        "11011001000101001001011",
        0
      ],
      [
        "10110011000101001001011",
        0
      ],
      [
        "00001100110111001001011",
        0
      ],
      [
        "11111100000000101001011",
        1
      ],
      [
        "11111010000000101001011",
        1
      ],
      [
        "11111001000000101001011",
        1
      ],
      [
        "11110011000000101001011",
        1
      ],
      [
        "11011011000000101001011",
        1
      ],
      [
        "11010111000000101001011",
        1
      ],
      [
        "11001111000000101001011",
        1
      ],
      [
        "11011001001000101001011",
        1
      ],
      [
        "01010111001000101001011",
        1
      ],
      [
        "11010010101000101001011",
        1
      ],
      [
        "11011001000100101001011",
        1
      ],
      [
        "10110011000100101001011",
        1
      ],
      [
        "01010111000010101001011",
        0
      ],
      [
        "01010101000110101001011",
        1
      ],
      [
        "01010100100110101001011",
        0
      ],
      [
        "00100101010110101001011",
        2
      ],
      [
        "01010000110110101001011",
        1
      ],
      [
        "00001100110110101001011",
        2
      ],
      [
        "01000000110111101001011",
        0
      ],
      [
        "00001000110111101001011",
        2
      ],
      [
        "11111100000000011001011",
        1
      ],
      [
        "11111010000000011001011",
        1
      ],
      [
        "11111001000000011001011",
        1
      ],
      [
        "11110101000000011001011",
        1
      ],
      [
        "11011101000000011001011",
        1
      ],
      [
        "11110011000000011001011",
        1
      ],
      [
        "11100111000000011001011",
        1
      ],
      [
        "11010111000000011001011",
        1
      ],
      [
        "11001111000000011001011",
        1
      ],
      [
        "00111011001000011001011",
        0
      ],
      [
        "00101111001000011001011",
        1
      ],
      [
        "11011000101000011001011",
        1
      ],
      [
        "11010010101000011001011",
        1
      ],
      [
        "00001100110110011001011",
        1
      ],
      [
        "00111011000001011001011",
        1
      ],
      [
        "00101111000001011001011",
        0
      ],
      [
        "00111001000101011001011",
        0
      ],
      [
        "00101101000101011001011",
        1
      ],
      [
        "00111000100101011001011",
        1
      ],
      [
        "00101100100101011001011",
        0
      ],
      [
        "00110000110101011001011",
        0
      ],
      [
        "00101000110101011001011",
        1
      ],
      [
        "00100100110101011001011",
        2
      ],
      [
        "11011001000000111001011",
        0
      ],
      [
        "10110011000000111001011",
        0
      ],
      [
        "00000000110111111001011",
        2
      ],
      [
        "11110011001000000101011",
        0
      ],
      [
        "11011011001000000101011",
        0
      ],
      [
        "01111011001000000101011",
        0
      ],
      [
        "11010111001000000101011",
        0
      ],
      [
        "11011010101000000101011",
        0
      ],
      [
        "01111010101000000101011",
        0
      ],
      [
        "11111100000010000101011",
        0
      ],
      [
        "11111010000010000101011",
        0
      ],
      [
        "11111001000010000101011",
        0
      ],
      [
        "11110011000010000101011",
        0
      ],
      [
        "11010111000010000101011",
        0
      ],
      [
        "11001111000010000101011",
        0
      ],
      [
        "11110010100010000101011",
        0
      ],
      [
        "11110000110010000101011",
        0
      ],
      [
        "11011001001010000101011",
        0
      ],
      [
        "01110011001010000101011",
        0
      ],
      [
        "11010010101010000101011",
        0
      ],
      [
        "01011010101010000101011",
        0
      ],
      [
        "00111010101010000101011",
        1
      ],
      [
        "11110000010110000101011",
        0
      ],
      [
        "11110000001110000101011",
        1
      ],
      [
        "11111100000001000101011",
        0
      ],
      [
        "11111010000001000101011",
        0
      ],
      [
        "11111001000001000101011",
        0
      ],
      [
        "11110011000001000101011",
        0
      ],
      [
        "11011011000001000101011",
        0
      ],
      [
        "11010111000001000101011",
        0
      ],
      [
        "11001111000001000101011",
        0
      ],
      [
        "11110001001001000101011",
        0
      ],
      [
        "11011001001001000101011",
        0
      ],
      [
        "11010101001001000101011",
        0
      ],
      [
        "01110011001001000101011",
        0
      ],
      [
        "01010111001001000101011",
        0
      ],
      [
        "00110111001001000101011",
        1
      ],
      [
        "00101111001001000101011",
        0
      ],
      [
        "01011010101001000101011",
        0
      ],
      [
        "00111010101001000101011",
        1
      ],
      [
        "01110011000011000101011",
        1
      ],
      [
        "00101111000011000101011",
        1
      ],
      [
        "00111010100011000101011",
        0
      ],
      [
        "00111010000111000101011",
        1
      ],
      [
        "01110001000111000101011",
        0
      ],
      [
        "00101101000111000101011",
        0
      ],
      [
        "01110000100111000101011",
        1
      ],
      [
        "00101100100111000101011",
        1
      ],
      [
        "00111000010111000101011",
        0
      ],
      [
        "00110001010111000101011",
        1
      ],
      [
        "00100101010111000101011",
        0
      ],
      [
        "01010000110111000101011",
        0
      ],
      [
        "01001000110111000101011",
        1
      ],
      [
        "00101000110111000101011",
        0
      ],
      [
        "00001100110111000101011",
        0
      ],
      [
        "11111100000000100101011",
        1
      ],
      [
        "11111010000000100101011",
        1
      ],
      [
        "11111001000000100101011",
        1
      ],
      [
        "11110011000000100101011",
        1
      ],
      [
        "11011011000000100101011",
        1
      ],
      [
        "11010111000000100101011",
        1
      ],
      [
        "11001111000000100101011",
        1
      ],
      [
        "11110001001000100101011",
        1
      ],
      [
        "11011001001000100101011",
        1
      ],
      [
        "11010101001000100101011",
        1
      ],
      [
        "01110011001000100101011",
        1
      ],
      [
        "01011011001000100101011",
        1
      ],
      [
        "01011010101000100101011",
        1
      ],
      [
        "00111010101000100101011",
        0
      ],
      [
        "11110000001100100101011",
        0
      ],
      [
        "01011011000010100101011",
        0
      ],
      [
        "01011010100010100101011",
        0
      ],
      [
        "01011010000110100101011",
        1
      ],
      [
        "01011001000110100101011",
        1
      ],
      [
        "01011000100110100101011",
        0
      ],
      [
        "01011000010110100101011",
        0
      ],
      [
        "01010001010110100101011",
        1
      ],
      [
        "01000101010110100101011",
        0
      ],
      [
        "00100101010110100101011",
        1
      ],
      [
        "01010000110110100101011",
        1
      ],
      [
        "00101000110110100101011",
        2
      ],
      [
        "01000100110110100101011",
        0
      ],
      [
        "00001100110110100101011",
        1
      ],
      [
        "01110011000001100101011",
        0
      ],
      [
        "00111010100001100101011",
        1
      ],
      [
        "11110000001001100101011",
        1
      ],
      [
        "00111010000101100101011",
        0
      ],
      [
        "01110001000101100101011",
        1
      ],
      [
        "01110000100101100101011",
        0
      ],
      [
        "00111000010101100101011",
        1
      ],
      [
        "00110001010101100101011",
        0
      ],
      [
        "00100101010101100101011",
        2
      ],
      [
        "01010000110101100101011",
        1
      ],
      [
        "01001000110101100101011",
        0
      ],
      [
        "00001100110101100101011",
        2
      ],
      [
        "00000101010111100101011",
        2
      ],
      [
        "00000100110111100101011",
        2
      ],
      [
        "11111100000000010101011",
        1
      ],
      [
        "11111010000000010101011",
        1
      ],
      [
        "11111001000000010101011",
        1
      ],
      [
        "11110011000000010101011",
        1
      ],
      [
        "11010111000000010101011",
        1
      ],
      [
        "11001111000000010101011",
        1
      ],
      [
        "11110010100000010101011",
        1
      ],
      [
        "11110000110000010101011",
        1
      ],
      [
        "11011001001000010101011",
        1
      ],
      [
        "01110011001000010101011",
        1
      ],
      [
        "01011011001000010101011",
        1
      ],
      [
        "00111011001000010101011",
        0
      ],
      [
        "01010111001000010101011",
        1
      ],
      [
        "00110111001000010101011",
        0
      ],
      [
        "00101111001000010101011",
        1
      ],
      [
        "11010010101000010101011",
        1
      ],
      [
        "01011010101000010101011",
        1
      ],
      [
        "00111010101000010101011",
        0
      ],
      [
        "01110011000010010101011",
        0
      ],
      [
        "00111011000010010101011",
        1
      ],
      [
        "00101111000010010101011",
        0
      ],
      [
        "00111010100010010101011",
        1
      ],
      [
        "00111010000110010101011",
        0
      ],
      [
        "01110001000110010101011",
        1
      ],
      [
        "00111001000110010101011",
        0
      ],
      [
        "00101101000110010101011",
        1
      ],
      [
        "01110000100110010101011",
        0
      ],
      [
        "00111000100110010101011",
        1
      ],
      [
        "00101100100110010101011",
        0
      ],
      [
        "00111000010110010101011",
        1
      ],
      [
        "00110001010110010101011",
        0
      ],
      [
        "00100101010110010101011",
        2
      ],
      [
        "01010000110110010101011",
        1
      ],
      [
        "00110000110110010101011",
        0
      ],
      [
        "01001000110110010101011",
        0
      ],
      [
        "00101000110110010101011",
        1
      ],
      [
        "00100100110110010101011",
        2
      ],
      [
        "00001100110110010101011",
        2
      ],
      [
        "01111100000001010101011",
        0
      ],
      [
        "01111010000001010101011",
        0
      ],
      [
        "11011001000001010101011",
        0
      ],
      [
        "01111001000001010101011",
        0
      ],
      [
        "01110011000001010101011",
        0
      ],
      [
        "11000111000001010101011",
        0
      ],
      [
        "01010111000001010101011",
        0
      ],
      [
        "00110111000001010101011",
        1
      ],
      [
        "00101111000001010101011",
        0
      ],
      [
        "11010010100001010101011",
        0
      ],
      [
        "01110010100001010101011",
        0
      ],
      [
        "11110000010001010101011",
        0
      ],
      [
        "11110000001001010101011",
        1
      ],
      [
        "01011100001001010101011",
        1
      ],
      [
        "01110010001001010101011",
        1
      ],
      [
        "01011010001001010101011",
        1
      ],
      [
        "01110001001001010101011",
        1
      ],
      [
        "01011001001001010101011",
        1
      ],
      [
        "11000101001001010101011",
        1
      ],
      [
        "00101101001001010101011",
        1
      ],
      [
        "01010011001001010101011",
        0
      ],
      [
        "01000111001001010101011",
        1
      ],
      [
        "01110000101001010101011",
        0
      ],
      [
        "01011000101001010101011",
        0
      ],
      [
        "11000100101001010101011",
        0
      ],
      [
        "01010100101001010101011",
        0
      ],
      [
        "00101100101001010101011",
        0
      ],
      [
        "01010010101001010101011",
        1
      ],
      [
        "01000110101001010101011",
        0
      ],
      [
        "01010001101001010101011",
        1
      ],
      [
        "01000101101001010101011",
        0
      ],
      [
        "01000011101001010101011",
        0
      ],
      [
        "01110000011001010101011",
        0
      ],
      [
        "01010001011001010101011",
        1
      ],
      [
        "01001001011001010101011",
        0
      ],
      [
        "00001101011001010101011",
        2
      ],
      [
        "11000000111001010101011",
        1
      ],
      [
        "01010000111001010101011",
        1
      ],
      [
        "01001000111001010101011",
        0
      ],
      [
        "00101000111001010101011",
        1
      ],
      [
        "00001100111001010101011",
        2
      ],
      [
        "00000110111001010101011",
        2
      ],
      [
        "00000101111001010101011",
        2
      ],
      [
        "00000011111001010101011",
        1
      ],
      [
        "11010010000101010101011",
        1
      ],
      [
        "01011001000101010101011",
        1
      ],
      [
        "00111001000101010101011",
        0
      ],
      [
        "00110011000101010101011",
        1
      ],
      [
        "00100111000101010101011",
        0
      ],
      [
        "00100110100101010101011",
        2
      ],
      [
        "11010000010101010101011",
        0
      ],
      [
        "01010001010101010101011",
        1
      ],
      [
        "00110001010101010101011",
        0
      ],
      [
        "00101001010101010101011",
        1
      ],
      [
        "01110000001101010101011",
        0
      ],
      [
        "01010010001101010101011",
        1
      ],
      [
        "01001010001101010101011",
        0
      ],
      [
        "00001110001101010101011",
        2
      ],
      [
        "01000000111101010101011",
        0
      ],
      [
        "00100000111101010101011",
        2
      ],
      [
        "01111100000000110101011",
        0
      ],
      [
        "01111010000000110101011",
        0
      ],
      [
        "11110001000000110101011",
        0
      ],
      [
        "11011001000000110101011",
        0
      ],
      [
        "01111001000000110101011",
        0
      ],
      [
        "11010101000000110101011",
        0
      ],
      [
        "01110011000000110101011",
        0
      ],
      [
        "01011011000000110101011",
        0
      ],
      [
        "00111011000000110101011",
        1
      ],
      [
        "11000111000000110101011",
        0
      ],
      [
        "01010111000000110101011",
        0
      ],
      [
        "00110111000000110101011",
        1
      ],
      [
        "00101111000000110101011",
        0
      ],
      [
        "01011100001000110101011",
        1
      ],
      [
        "01011010001000110101011",
        1
      ],
      [
        "01110001001000110101011",
        1
      ],
      [
        "01011001001000110101011",
        1
      ],
      [
        "00111001001000110101011",
        0
      ],
      [
        "11000101001000110101011",
        1
      ],
      [
        "00101101001000110101011",
        1
      ],
      [
        "01010011001000110101011",
        0
      ],
      [
        "01000111001000110101011",
        1
      ],
      [
        "01110000101000110101011",
        0
      ],
      [
        "01011000101000110101011",
        0
      ],
      [
        "00111000101000110101011",
        1
      ],
      [
        "11000100101000110101011",
        0
      ],
      [
        "01010100101000110101011",
        0
      ],
      [
        "00101100101000110101011",
        0
      ],
      [
        "01010010101000110101011",
        1
      ],
      [
        "01000110101000110101011",
        0
      ],
      [
        "01010001101000110101011",
        1
      ],
      [
        "01000101101000110101011",
        0
      ],
      [
        "01000011101000110101011",
        0
      ],
      [
        "11000000111000110101011",
        1
      ],
      [
        "01010000111000110101011",
        1
      ],
      [
        "00110000111000110101011",
        0
      ],
      [
        "01001000111000110101011",
        0
      ],
      [
        "00101000111000110101011",
        2
      ],
      [
        "00100100111000110101011",
        2
      ],
      [
        "00001100111000110101011",
        2
      ],
      [
        "00000110111000110101011",
        2
      ],
      [
        "00000101111000110101011",
        2
      ],
      [
        "00000011111000110101011",
        1
      ],
      [
        "01110001000100110101011",
        1
      ],
      [
        "01011001000100110101011",
        1
      ],
      [
        "00111001000100110101011",
        0
      ],
      [
        "01010101000100110101011",
        1
      ],
      [
        "00110101000100110101011",
        0
      ],
      [
        "00101101000100110101011",
        1
      ],
      [
        "01010011000100110101011",
        0
      ],
      [
        "00110011000100110101011",
        1
      ],
      [
        "01001011000100110101011",
        1
      ],
      [
        "00101011000100110101011",
        0
      ],
      [
        "00100111000100110101011",
        0
      ],
      [
        "00001111000100110101011",
        0
      ],
      [
        "00101010100100110101011",
        1
      ],
      [
        "00100110100100110101011",
        2
      ],
      [
        "00001110100100110101011",
        2
      ],
      [
        "01000000111100110101011",
        0
      ],
      [
        "00100000111100110101011",
        2
      ],
      [
        "01110000001001110101011",
        0
      ],
      [
        "01010010001001110101011",
        1
      ],
      [
        "01001010001001110101011",
        0
      ],
      [
        "00001110001001110101011",
        2
      ],
      [
        "11111100000000001101011",
        1
      ],
      [
        "11111010000000001101011",
        1
      ],
      [
        "11111001000000001101011",
        1
      ],
      [
        "11110011000000001101011",
        1
      ],
      [
        "11010111000000001101011",
        1
      ],
      [
        "01110111000000001101011",
        1
      ],
      [
        "11001111000000001101011",
        1
      ],
      [
        "11010101001000001101011",
        1
      ],
      [
        "01110101001000001101011",
        1
      ],
      [
        "01011011001000001101011",
        1
      ],
      [
        "00111011001000001101011",
        0
      ],
      [
        "01010111001000001101011",
        1
      ],
      [
        "00110111001000001101011",
        0
      ],
      [
        "00101111001000001101011",
        1
      ],
      [
        "11011000101000001101011",
        1
      ],
      [
        "11010010101000001101011",
        1
      ],
      [
        "01011010101000001101011",
        1
      ],
      [
        "00111010101000001101011",
        0
      ],
      [
        "01110101000010001101011",
        0
      ],
      [
        "00111011000010001101011",
        1
      ],
      [
        "01010111000010001101011",
        0
      ],
      [
        "01001111000010001101011",
        1
      ],
      [
        "00101111000010001101011",
        0
      ],
      [
        "00111010100010001101011",
        1
      ],
      [
        "01001101001010001101011",
        0
      ],
      [
        "01001100101010001101011",
        1
      ],
      [
        "01001000111010001101011",
        0
      ],
      [
        "00111010000110001101011",
        0
      ],
      [
        "00111001000110001101011",
        0
      ],
      [
        "01010101000110001101011",
        1
      ],
      [
        "01001101000110001101011",
        0
      ],
      [
        "00101101000110001101011",
        1
      ],
      [
        "01001011000110001101011",
        1
      ],
      [
        "00111000100110001101011",
        1
      ],
      [
        "00101100100110001101011",
        0
      ],
      [
        "01001010100110001101011",
        0
      ],
      [
        "00111000010110001101011",
        1
      ],
      [
        "00110001010110001101011",
        0
      ],
      [
        "00100101010110001101011",
        2
      ],
      [
        "00110000110110001101011",
        0
      ],
      [
        "00101000110110001101011",
        2
      ],
      [
        "00100100110110001101011",
        2
      ],
      [
        "00001010110110001101011",
        2
      ],
      [
        "00001000111110001101011",
        1
      ],
      [
        "01111100000001001101011",
        0
      ],
      [
        "01111010000001001101011",
        0
      ],
      [
        "01111001000001001101011",
        0
      ],
      [
        "11010101000001001101011",
        0
      ],
      [
        "01110011000001001101011",
        0
      ],
      [
        "11000111000001001101011",
        0
      ],
      [
        "01010111000001001101011",
        0
      ],
      [
        "00110111000001001101011",
        1
      ],
      [
        "00101111000001001101011",
        0
      ],
      [
        "11011000100001001101011",
        0
      ],
      [
        "11010010100001001101011",
        0
      ],
      [
        "01011100001001001101011",
        1
      ],
      [
        "01011010001001001101011",
        1
      ],
      [
        "01110001001001001101011",
        1
      ],
      [
        "01011001001001001101011",
        1
      ],
      [
        "11000101001001001101011",
        1
      ],
      [
        "00101101001001001101011",
        1
      ],
      [
        "01010011001001001101011",
        0
      ],
      [
        "01000111001001001101011",
        1
      ],
      [
        "01110000101001001101011",
        0
      ],
      [
        "01011000101001001101011",
        0
      ],
      [
        "11000100101001001101011",
        0
      ],
      [
        "01010100101001001101011",
        0
      ],
      [
        "00101100101001001101011",
        0
      ],
      [
        "01010010101001001101011",
        1
      ],
      [
        "01000110101001001101011",
        0
      ],
      [
        "01010001101001001101011",
        1
      ],
      [
        "01000101101001001101011",
        0
      ],
      [
        "01000011101001001101011",
        0
      ],
      [
        "11000000111001001101011",
        1
      ],
      [
        "01010000111001001101011",
        1
      ],
      [
        "01001000111001001101011",
        0
      ],
      [
        "00101000111001001101011",
        2
      ],
      [
        "00001100111001001101011",
        2
      ],
      [
        "00000110111001001101011",
        2
      ],
      [
        "00000101111001001101011",
        2
      ],
      [
        "00000011111001001101011",
        1
      ],
      [
        "11011000000101001101011",
        1
      ],
      [
        "11010010000101001101011",
        1
      ],
      [
        "01010101000101001101011",
        1
      ],
      [
        "00110101000101001101011",
        0
      ],
      [
        "00101101000101001101011",
        1
      ],
      [
        "00101011000101001101011",
        0
      ],
      [
        "00101010100101001101011",
        1
      ],
      [
        "11010000010101001101011",
        0
      ],
      [
        "01011000010101001101011",
        0
      ],
      [
        "00111000010101001101011",
        1
      ],
      [
        "00110010010101001101011",
        0
      ],
      [
        "00100110010101001101011",
        2
      ],
      [
        "01010001010101001101011",
        1
      ],
      [
        "00110001010101001101011",
        0
      ],
      [
        "00101001010101001101011",
        2
      ],
      [
        "01000000111101001101011",
        0
      ],
      [
        "00100000111101001101011",
        2
      ],
      [
        "01111100000000101101011",
        0
      ],
      [
        "01111010000000101101011",
        0
      ],
      [
        "11011001000000101101011",
        0
      ],
      [
        "01111001000000101101011",
        0
      ],
      [
        "01110011000000101101011",
        0
      ],
      [
        "01011011000000101101011",
        0
      ],
      [
        "00111011000000101101011",
        1
      ],
      [
        "11000111000000101101011",
        0
      ],
      [
        "01010111000000101101011",
        0
      ],
      [
        "00110111000000101101011",
        1
      ],
      [
        "00101111000000101101011",
        0
      ],
      [
        "11010010100000101101011",
        0
      ],
      [
        "01011100001000101101011",
        1
      ],
      [
        "01011010001000101101011",
        1
      ],
      [
        "01110001001000101101011",
        1
      ],
      [
        "01011001001000101101011",
        1
      ],
      [
        "00111001001000101101011",
        0
      ],
      [
        "11000101001000101101011",
        1
      ],
      [
        "00101101001000101101011",
        1
      ],
      [
        "01010011001000101101011",
        0
      ],
      [
        "01000111001000101101011",
        1
      ],
      [
        "01110000101000101101011",
        0
      ],
      [
        "01011000101000101101011",
        0
      ],
      [
        "00111000101000101101011",
        1
      ],
      [
        "11000100101000101101011",
        0
      ],
      [
        "01010100101000101101011",
        0
      ],
      [
        "00101100101000101101011",
        0
      ],
      [
        "01010010101000101101011",
        1
      ],
      [
        "01000110101000101101011",
        0
      ],
      [
        "01010001101000101101011",
        1
      ],
      [
        "01000101101000101101011",
        0
      ],
      [
        "01000011101000101101011",
        0
      ],
      [
        "11000000111000101101011",
        1
      ],
      [
        "01010000111000101101011",
        1
      ],
      [
        "00110000111000101101011",
        0
      ],
      [
        "01001000111000101101011",
        0
      ],
      [
        "00101000111000101101011",
        1
      ],
      [
        "00100100111000101101011",
        2
      ],
      [
        "00001100111000101101011",
        1
      ],
      [
        "00000110111000101101011",
        2
      ],
      [
        "00000101111000101101011",
        2
      ],
      [
        "00000011111000101101011",
        1
      ],
      [
        "11010010000100101101011",
        1
      ],
      [
        "01011001000100101101011",
        1
      ],
      [
        "00111001000100101101011",
        0
      ],
      [
        "00110011000100101101011",
        1
      ],
      [
        "00100111000100101101011",
        0
      ],
      [
        "00100110100100101101011",
        2
      ],
      [
        "11010000010100101101011",
        0
      ],
      [
        "01010001010100101101011",
        1
      ],
      [
        "00110001010100101101011",
        0
      ],
      [
        "00101001010100101101011",
        1
      ],
      [
        "01000000111100101101011",
        0
      ],
      [
        "00100000111100101101011",
        2
      ],
      [
        "01111100000000011101011",
        0
      ],
      [
        "01111010000000011101011",
        0
      ],
      [
        "01111001000000011101011",
        0
      ],
      [
        "01110101000000011101011",
        0
      ],
      [
        "01011101000000011101011",
        0
      ],
      [
        "00111101000000011101011",
        1
      ],
      [
        "01110011000000011101011",
        0
      ],
      [
        "11000111000000011101011",
        0
      ],
      [
        "01100111000000011101011",
        0
      ],
      [
        "01010111000000011101011",
        0
      ],
      [
        "00110111000000011101011",
        1
      ],
      [
        "01001111000000011101011",
        1
      ],
      [
        "00101111000000011101011",
        0
      ],
      [
        "00011111000000011101011",
        0
      ],
      [
        "11011000100000011101011",
        0
      ],
      [
        "11010010100000011101011",
        0
      ],
      [
        "01011100001000011101011",
        1
      ],
      [
        "01011010001000011101011",
        1
      ],
      [
        "01110001001000011101011",
        1
      ],
      [
        "01011001001000011101011",
        1
      ],
      [
        "11000101001000011101011",
        1
      ],
      [
        "01010101001000011101011",
        1
      ],
      [
        "00110101001000011101011",
        0
      ],
      [
        "01001101001000011101011",
        0
      ],
      [
        "00101101001000011101011",
        1
      ],
      [
        "00011101001000011101011",
        1
      ],
      [
        "01010011001000011101011",
        0
      ],
      [
        "00110011001000011101011",
        1
      ],
      [
        "01001011001000011101011",
        1
      ],
      [
        "01000111001000011101011",
        1
      ],
      [
        "01110000101000011101011",
        0
      ],
      [
        "01011000101000011101011",
        0
      ],
      [
        "11000100101000011101011",
        0
      ],
      [
        "01010100101000011101011",
        0
      ],
      [
        "00101100101000011101011",
        0
      ],
      [
        "00011100101000011101011",
        0
      ],
      [
        "01010010101000011101011",
        1
      ],
      [
        "00110010101000011101011",
        0
      ],
      [
        "01001010101000011101011",
        0
      ],
      [
        "01000110101000011101011",
        0
      ],
      [
        "01010001101000011101011",
        1
      ],
      [
        "01000101101000011101011",
        0
      ],
      [
        "01000011101000011101011",
        0
      ],
      [
        "11000000111000011101011",
        1
      ],
      [
        "01010000111000011101011",
        1
      ],
      [
        "01001000111000011101011",
        0
      ],
      [
        "00101000111000011101011",
        2
      ],
      [
        "00011000111000011101011",
        1
      ],
      [
        "00001100111000011101011",
        2
      ],
      [
        "00100010111000011101011",
        2
      ],
      [
        "00001010111000011101011",
        2
      ],
      [
        "00000110111000011101011",
        2
      ],
      [
        "00000101111000011101011",
        2
      ],
      [
        "00000011111000011101011",
        1
      ],
      [
        "11011000000100011101011",
        1
      ],
      [
        "11010010000100011101011",
        1
      ],
      [
        "11010000010100011101011",
        0
      ],
      [
        "01011000010100011101011",
        0
      ],
      [
        "00111000010100011101011",
        1
      ],
      [
        "00110010010100011101011",
        0
      ],
      [
        "00100110010100011101011",
        2
      ],
      [
        "01010001010100011101011",
        1
      ],
      [
        "00110001010100011101011",
        0
      ],
      [
        "00101001010100011101011",
        1
      ],
      [
        "01000000111100011101011",
        0
      ],
      [
        "00100000111100011101011",
        2
      ],
      [
        "10110001000000111101011",
        1
      ],
      [
        "01011001000000111101011",
        1
      ],
      [
        "00111001000000111101011",
        0
      ],
      [
        "00110011000000111101011",
        1
      ],
      [
        "00100111000000111101011",
        0
      ],
      [
        "10110000100000111101011",
        0
      ],
      [
        "00100110100000111101011",
        2
      ],
      [
        "10010000110000111101011",
        1
      ],
      [
        "10001000110000111101011",
        0
      ],
      [
        "00001100110000111101011",
        2
      ],
      [
        "11110101001000000011011",
        0
      ],
      [
        "11110011001000000011011",
        0
      ],
      [
        "11011011001000000011011",
        0
      ],
      [
        "11010111001000000011011",
        0
      ],
      [
        "11011010101000000011011",
        0
      ],
      [
        "01111010101000000011011",
        0
      ],
      [
        "11111100000010000011011",
        0
      ],
      [
        "11111010000010000011011",
        0
      ],
      [
        "11111001000010000011011",
        0
      ],
      [
        "11110011000010000011011",
        0
      ],
      [
        "11010111000010000011011",
        0
      ],
      [
        "11011010001010000011011",
        0
      ],
      [
        "11011000101010000011011",
        0
      ],
      [
        "11111100000001000011011",
        0
      ],
      [
        "11111010000001000011011",
        0
      ],
      [
        "11111001000001000011011",
        0
      ],
      [
        "11110011000001000011011",
        0
      ],
      [
        "11010111000001000011011",
        0
      ],
      [
        "11011010100001000011011",
        0
      ],
      [
        "01011011001001000011011",
        0
      ],
      [
        "00111011001001000011011",
        1
      ],
      [
        "11011000101001000011011",
        0
      ],
      [
        "01011010101001000011011",
        0
      ],
      [
        "00111010101001000011011",
        1
      ],
      [
        "00111011000011000011011",
        0
      ],
      [
        "00111010100011000011011",
        0
      ],
      [
        "00111010000111000011011",
        1
      ],
      [
        "00111001000111000011011",
        1
      ],
      [
        "00111000100111000011011",
        0
      ],
      [
        "00111000010111000011011",
        0
      ],
      [
        "00110001010111000011011",
        1
      ],
      [
        "00100101010111000011011",
        0
      ],
      [
        "00110000110111000011011",
        1
      ],
      [
        "00100100110111000011011",
        0
      ],
      [
        "11111100000000100011011",
        1
      ],
      [
        "11111010000000100011011",
        1
      ],
      [
        "11111001000000100011011",
        1
      ],
      [
        "11110011000000100011011",
        1
      ],
      [
        "11010111000000100011011",
        1
      ],
      [
        "11011010100000100011011",
        1
      ],
      [
        "11011000101000100011011",
        1
      ],
      [
        "01011010101000100011011",
        1
      ],
      [
        "01011010100010100011011",
        0
      ],
      [
        "01011010000110100011011",
        1
      ],
      [
        "01011000010110100011011",
        0
      ],
      [
        "01010001010110100011011",
        1
      ],
      [
        "01000101010110100011011",
        0
      ],
      [
        "00100101010110100011011",
        2
      ],
      [
        "00100100110110100011011",
        2
      ],
      [
        "00000101010111100011011",
        2
      ],
      [
        "11111100000000010011011",
        1
      ],
      [
        "11111010000000010011011",
        1
      ],
      [
        "11111001000000010011011",
        1
      ],
      [
        "11110011000000010011011",
        1
      ],
      [
        "11010111000000010011011",
        1
      ],
      [
        "11011010001000010011011",
        1
      ],
      [
        "01110101001000010011011",
        1
      ],
      [
        "01110011001000010011011",
        1
      ],
      [
        "01011011001000010011011",
        1
      ],
      [
        "00111011001000010011011",
        0
      ],
      [
        "01010111001000010011011",
        1
      ],
      [
        "00110111001000010011011",
        0
      ],
      [
        "00101111001000010011011",
        1
      ],
      [
        "11011000101000010011011",
        1
      ],
      [
        "01011010101000010011011",
        1
      ],
      [
        "00111010101000010011011",
        0
      ],
      [
        "01110101000010010011011",
        0
      ],
      [
        "01110011000010010011011",
        0
      ],
      [
        "00111011000010010011011",
        1
      ],
      [
        "00101111000010010011011",
        0
      ],
      [
        "00111010100010010011011",
        1
      ],
      [
        "00111010000110010011011",
        0
      ],
      [
        "01110001000110010011011",
        1
      ],
      [
        "00111001000110010011011",
        0
      ],
      [
        "01010101000110010011011",
        1
      ],
      [
        "01001101000110010011011",
        0
      ],
      [
        "00101101000110010011011",
        1
      ],
      [
        "01001011000110010011011",
        1
      ],
      [
        "01110000100110010011011",
        0
      ],
      [
        "00111000100110010011011",
        1
      ],
      [
        "00101100100110010011011",
        0
      ],
      [
        "01001010100110010011011",
        0
      ],
      [
        "00111000010110010011011",
        1
      ],
      [
        "00110001010110010011011",
        0
      ],
      [
        "00100101010110010011011",
        1
      ],
      [
        "01010000110110010011011",
        1
      ],
      [
        "00110000110110010011011",
        0
      ],
      [
        "01001000110110010011011",
        0
      ],
      [
        "00101000110110010011011",
        2
      ],
      [
        "00100100110110010011011",
        1
      ],
      [
        "00001100110110010011011",
        2
      ],
      [
        "00001010110110010011011",
        2
      ],
      [
        "01111100000001010011011",
        0
      ],
      [
        "11011010000001010011011",
        0
      ],
      [
        "01111010000001010011011",
        0
      ],
      [
        "01111001000001010011011",
        0
      ],
      [
        "01110011000001010011011",
        0
      ],
      [
        "01010111000001010011011",
        0
      ],
      [
        "00110111000001010011011",
        1
      ],
      [
        "00101111000001010011011",
        0
      ],
      [
        "11011000100001010011011",
        0
      ],
      [
        "01011100001001010011011",
        1
      ],
      [
        "01011010001001010011011",
        1
      ],
      [
        "01110001001001010011011",
        1
      ],
      [
        "01011001001001010011011",
        1
      ],
      [
        "00101101001001010011011",
        1
      ],
      [
        "01010011001001010011011",
        0
      ],
      [
        "01000111001001010011011",
        1
      ],
      [
        "01110000101001010011011",
        0
      ],
      [
        "01011000101001010011011",
        0
      ],
      [
        "01010100101001010011011",
        0
      ],
      [
        "00101100101001010011011",
        0
      ],
      [
        "01010010101001010011011",
        1
      ],
      [
        "01000110101001010011011",
        0
      ],
      [
        "01010001101001010011011",
        1
      ],
      [
        "01000101101001010011011",
        0
      ],
      [
        "01000011101001010011011",
        0
      ],
      [
        "01010000111001010011011",
        1
      ],
      [
        "01001000111001010011011",
        0
      ],
      [
        "00101000111001010011011",
        2
      ],
      [
        "00001100111001010011011",
        2
      ],
      [
        "00000110111001010011011",
        2
      ],
      [
        "00000101111001010011011",
        2
      ],
      [
        "00000011111001010011011",
        1
      ],
      [
        "11011000000101010011011",
        1
      ],
      [
        "01011010000101010011011",
        1
      ],
      [
        "00111010000101010011011",
        0
      ],
      [
        "00111000100101010011011",
        1
      ],
      [
        "00110001100101010011011",
        0
      ],
      [
        "00100101100101010011011",
        2
      ],
      [
        "01011000010101010011011",
        0
      ],
      [
        "00111000010101010011011",
        1
      ],
      [
        "00110010010101010011011",
        0
      ],
      [
        "00100110010101010011011",
        2
      ],
      [
        "01111100000000110011011",
        0
      ],
      [
        "01111010000000110011011",
        0
      ],
      [
        "01111001000000110011011",
        0
      ],
      [
        "01110011000000110011011",
        0
      ],
      [
        "01010111000000110011011",
        0
      ],
      [
        "00110111000000110011011",
        1
      ],
      [
        "00101111000000110011011",
        0
      ],
      [
        "11011000100000110011011",
        0
      ],
      [
        "01011010100000110011011",
        0
      ],
      [
        "00111010100000110011011",
        1
      ],
      [
        "01011100001000110011011",
        1
      ],
      [
        "01011010001000110011011",
        1
      ],
      [
        "00111010001000110011011",
        0
      ],
      [
        "01110001001000110011011",
        1
      ],
      [
        "01011001001000110011011",
        1
      ],
      [
        "00101101001000110011011",
        1
      ],
      [
        "01010011001000110011011",
        0
      ],
      [
        "01000111001000110011011",
        1
      ],
      [
        "01110000101000110011011",
        0
      ],
      [
        "01011000101000110011011",
        0
      ],
      [
        "01010100101000110011011",
        0
      ],
      [
        "00101100101000110011011",
        0
      ],
      [
        "01010010101000110011011",
        1
      ],
      [
        "01000110101000110011011",
        0
      ],
      [
        "01010001101000110011011",
        1
      ],
      [
        "01000101101000110011011",
        0
      ],
      [
        "01000011101000110011011",
        0
      ],
      [
        "00111000011000110011011",
        1
      ],
      [
        "00110001011000110011011",
        0
      ],
      [
        "00100101011000110011011",
        2
      ],
      [
        "01010000111000110011011",
        1
      ],
      [
        "01001000111000110011011",
        0
      ],
      [
        "00101000111000110011011",
        2
      ],
      [
        "00001100111000110011011",
        2
      ],
      [
        "00000110111000110011011",
        2
      ],
      [
        "00000101111000110011011",
        2
      ],
      [
        "00000011111000110011011",
        1
      ],
      [
        "11011000000100110011011",
        1
      ],
      [
        "01011000010100110011011",
        0
      ],
      [
        "00111000010100110011011",
        1
      ],
      [
        "00110010010100110011011",
        0
      ],
      [
        "00100110010100110011011",
        2
      ],
      [
        "11111100000000001011011",
        1
      ],
      [
        "11111010000000001011011",
        1
      ],
      [
        "11111001000000001011011",
        1
      ],
      [
        "11110101000000001011011",
        1
      ],
      [
        "11110011000000001011011",
        1
      ],
      [
        "11011011000000001011011",
        1
      ],
      [
        "11010111000000001011011",
        1
      ],
      [
        "11001111000000001011011",
        1
      ],
      [
        "11110010001000001011011",
        1
      ],
      [
        "11011001001000001011011",
        1
      ],
      [
        "11010101001000001011011",
        1
      ],
      [
        "01110101001000001011011",
        1
      ],
      [
        "01110011001000001011011",
        1
      ],
      [
        "01011011001000001011011",
        1
      ],
      [
        "00111011001000001011011",
        0
      ],
      [
        "01010111001000001011011",
        1
      ],
      [
        "00110111001000001011011",
        0
      ],
      [
        "00101111001000001011011",
        1
      ],
      [
        "01011010101000001011011",
        1
      ],
      [
        "00111010101000001011011",
        0
      ],
      [
        "01110101000010001011011",
        0
      ],
      [
        "01110011000010001011011",
        0
      ],
      [
        "00111011000010001011011",
        1
      ],
      [
        "00101111000010001011011",
        0
      ],
      [
        "00111010100010001011011",
        1
      ],
      [
        "00111010000110001011011",
        0
      ],
      [
        "01110001000110001011011",
        1
      ],
      [
        "00111001000110001011011",
        0
      ],
      [
        "01010101000110001011011",
        1
      ],
      [
        "01001101000110001011011",
        0
      ],
      [
        "00101101000110001011011",
        1
      ],
      [
        "01001011000110001011011",
        1
      ],
      [
        "01110000100110001011011",
        0
      ],
      [
        "00111000100110001011011",
        1
      ],
      [
        "00101100100110001011011",
        0
      ],
      [
        "01001010100110001011011",
        0
      ],
      [
        "00111000010110001011011",
        1
      ],
      [
        "00110001010110001011011",
        0
      ],
      [
        "00100101010110001011011",
        2
      ],
      [
        "01010000110110001011011",
        1
      ],
      [
        "00110000110110001011011",
        0
      ],
      [
        "01001000110110001011011",
        0
      ],
      [
        "00101000110110001011011",
        2
      ],
      [
        "00100100110110001011011",
        1
      ],
      [
        "00001100110110001011011",
        1
      ],
      [
        "00001010110110001011011",
        2
      ],
      [
        "01111100000001001011011",
        0
      ],
      [
        "11110010000001001011011",
        0
      ],
      [
        "01111010000001001011011",
        0
      ],
      [
        "11011001000001001011011",
        0
      ],
      [
        "01111001000001001011011",
        0
      ],
      [
        "11010101000001001011011",
        0
      ],
      [
        "01110101000001001011011",
        0
      ],
      [
        "01110011000001001011011",
        0
      ],
      [
        "01011011000001001011011",
        0
      ],
      [
        "00111011000001001011011",
        1
      ],
      [
        "11000111000001001011011",
        0
      ],
      [
        "01010111000001001011011",
        0
      ],
      [
        "00110111000001001011011",
        1
      ],
      [
        "00101111000001001011011",
        0
      ],
      [
        "01011100001001001011011",
        1
      ],
      [
        "01011010001001001011011",
        1
      ],
      [
        "01110001001001001011011",
        1
      ],
      [
        "01011001001001001011011",
        1
      ],
      [
        "00111001001001001011011",
        0
      ],
      [
        "11000101001001001011011",
        1
      ],
      [
        "01010101001001001011011",
        1
      ],
      [
        "01001101001001001011011",
        0
      ],
      [
        "00101101001001001011011",
        1
      ],
      [
        "01010011001001001011011",
        0
      ],
      [
        "01001011001001001011011",
        1
      ],
      [
        "01000111001001001011011",
        1
      ],
      [
        "01110000101001001011011",
        0
      ],
      [
        "01011000101001001011011",
        0
      ],
      [
        "00111000101001001011011",
        1
      ],
      [
        "11000100101001001011011",
        0
      ],
      [
        "01010100101001001011011",
        0
      ],
      [
        "00101100101001001011011",
        0
      ],
      [
        "01010010101001001011011",
        1
      ],
      [
        "01001010101001001011011",
        0
      ],
      [
        "01000110101001001011011",
        0
      ],
      [
        "01010001101001001011011",
        1
      ],
      [
        "01000101101001001011011",
        0
      ],
      [
        "01000011101001001011011",
        0
      ],
      [
        "11000000111001001011011",
        1
      ],
      [
        "01010000111001001011011",
        1
      ],
      [
        "00110000111001001011011",
        0
      ],
      [
        "01001000111001001011011",
        0
      ],
      [
        "00101000111001001011011",
        2
      ],
      [
        "00100100111001001011011",
        2
      ],
      [
        "00001100111001001011011",
        2
      ],
      [
        "00001010111001001011011",
        2
      ],
      [
        "00000110111001001011011",
        2
      ],
      [
        "00000101111001001011011",
        2
      ],
      [
        "00000011111001001011011",
        1
      ],
      [
        "01110010000101001011011",
        1
      ],
      [
        "01011001000101001011011",
        1
      ],
      [
        "00111001000101001011011",
        0
      ],
      [
        "01010101000101001011011",
        1
      ],
      [
        "00110101000101001011011",
        0
      ],
      [
        "00101101000101001011011",
        1
      ],
      [
        "00110011000101001011011",
        1
      ],
      [
        "00101011000101001011011",
        0
      ],
      [
        "00100111000101001011011",
        0
      ],
      [
        "01110000100101001011011",
        0
      ],
      [
        "00101010100101001011011",
        2
      ],
      [
        "00100110100101001011011",
        2
      ],
      [
        "01010001100101001011011",
        1
      ],
      [
        "01001001100101001011011",
        0
      ],
      [
        "00001101100101001011011",
        2
      ],
      [
        "01000000111101001011011",
        0
      ],
      [
        "00100000111101001011011",
        2
      ],
      [
        "01111100000000101011011",
        0
      ],
      [
        "11011010000000101011011",
        0
      ],
      [
        "01111010000000101011011",
        0
      ],
      [
        "01111001000000101011011",
        0
      ],
      [
        "01110011000000101011011",
        0
      ],
      [
        "01011011000000101011011",
        0
      ],
      [
        "00111011000000101011011",
        1
      ],
      [
        "11000111000000101011011",
        0
      ],
      [
        "01010111000000101011011",
        0
      ],
      [
        "00110111000000101011011",
        1
      ],
      [
        "00101111000000101011011",
        0
      ],
      [
        "01110010100000101011011",
        0
      ],
      [
        "11110000010000101011011",
        0
      ],
      [
        "11110000001000101011011",
        1
      ],
      [
        "01011100001000101011011",
        1
      ],
      [
        "01110010001000101011011",
        1
      ],
      [
        "01011010001000101011011",
        1
      ],
      [
        "01110001001000101011011",
        1
      ],
      [
        "01011001001000101011011",
        1
      ],
      [
        "00111001001000101011011",
        0
      ],
      [
        "11000101001000101011011",
        1
      ],
      [
        "00101101001000101011011",
        1
      ],
      [
        "01010011001000101011011",
        0
      ],
      [
        "01000111001000101011011",
        1
      ],
      [
        "01110000101000101011011",
        0
      ],
      [
        "01011000101000101011011",
        0
      ],
      [
        "00111000101000101011011",
        1
      ],
      [
        "11000100101000101011011",
        0
      ],
      [
        "01010100101000101011011",
        0
      ],
      [
        "00101100101000101011011",
        0
      ],
      [
        "01010010101000101011011",
        1
      ],
      [
        "01000110101000101011011",
        0
      ],
      [
        "01010001101000101011011",
        1
      ],
      [
        "01000101101000101011011",
        0
      ],
      [
        "01000011101000101011011",
        0
      ],
      [
        "01110000011000101011011",
        0
      ],
      [
        "01010001011000101011011",
        1
      ],
      [
        "01001001011000101011011",
        0
      ],
      [
        "00001101011000101011011",
        2
      ],
      [
        "11000000111000101011011",
        1
      ],
      [
        "01010000111000101011011",
        1
      ],
      [
        "00110000111000101011011",
        0
      ],
      [
        "01001000111000101011011",
        0
      ],
      [
        "00101000111000101011011",
        1
      ],
      [
        "00100100111000101011011",
        2
      ],
      [
        "00001100111000101011011",
        2
      ],
      [
        "00000110111000101011011",
        2
      ],
      [
        "00000101111000101011011",
        2
      ],
      [
        "00000011111000101011011",
        1
      ],
      [
        "01011010000100101011011",
        1
      ],
      [
        "00111010000100101011011",
        0
      ],
      [
        "00111000100100101011011",
        1
      ],
      [
        "00110001100100101011011",
        0
      ],
      [
        "00100101100100101011011",
        2
      ],
      [
        "01110000001100101011011",
        0
      ],
      [
        "01010010001100101011011",
        1
      ],
      [
        "01001010001100101011011",
        0
      ],
      [
        "00001110001100101011011",
        2
      ],
      [
        "01000000111100101011011",
        0
      ],
      [
        "00100000111100101011011",
        2
      ],
      [
        "01110000001001101011011",
        0
      ],
      [
        "01010010001001101011011",
        1
      ],
      [
        "01001010001001101011011",
        0
      ],
      [
        "00001110001001101011011",
        2
      ],
      [
        "01111100000000011011011",
        0
      ],
      [
        "11011010000000011011011",
        0
      ],
      [
        "01111010000000011011011",
        0
      ],
      [
        "01111001000000011011011",
        0
      ],
      [
        "11010101000000011011011",
        0
      ],
      [
        "01110011000000011011011",
        0
      ],
      [
        "11000111000000011011011",
        0
      ],
      [
        "01010111000000011011011",
        0
      ],
      [
        "00110111000000011011011",
        1
      ],
      [
        "00101111000000011011011",
        0
      ],
      [
        "01011100001000011011011",
        1
      ],
      [
        "01011010001000011011011",
        1
      ],
      [
        "01110001001000011011011",
        1
      ],
      [
        "01011001001000011011011",
        1
      ],
      [
        "11000101001000011011011",
        1
      ],
      [
        "00101101001000011011011",
        1
      ],
      [
        "01010011001000011011011",
        0
      ],
      [
        "01000111001000011011011",
        1
      ],
      [
        "01110000101000011011011",
        0
      ],
      [
        "01011000101000011011011",
        0
      ],
      [
        "11000100101000011011011",
        0
      ],
      [
        "01010100101000011011011",
        0
      ],
      [
        "00101100101000011011011",
        0
      ],
      [
        "01010010101000011011011",
        1
      ],
      [
        "01000110101000011011011",
        0
      ],
      [
        "01010001101000011011011",
        1
      ],
      [
        "01000101101000011011011",
        0
      ],
      [
        "01000011101000011011011",
        0
      ],
      [
        "11000000111000011011011",
        1
      ],
      [
        "01010000111000011011011",
        1
      ],
      [
        "01001000111000011011011",
        0
      ],
      [
        "00101000111000011011011",
        2
      ],
      [
        "00001100111000011011011",
        2
      ],
      [
        "00000110111000011011011",
        2
      ],
      [
        "00000101111000011011011",
        2
      ],
      [
        "00000011111000011011011",
        1
      ],
      [
        "01011010000100011011011",
        1
      ],
      [
        "00111010000100011011011",
        0
      ],
      [
        "01010101000100011011011",
        1
      ],
      [
        "00110101000100011011011",
        0
      ],
      [
        "00101101000100011011011",
        1
      ],
      [
        "00101011000100011011011",
        0
      ],
      [
        "00111000100100011011011",
        1
      ],
      [
        "00101010100100011011011",
        1
      ],
      [
        "00110001100100011011011",
        0
      ],
      [
        "00100101100100011011011",
        2
      ],
      [
        "01000000111100011011011",
        0
      ],
      [
        "00100000111100011011011",
        2
      ],
      [
        "01011010000001011011011",
        1
      ],
      [
        "00111010000001011011011",
        0
      ],
      [
        "00111000100001011011011",
        1
      ],
      [
        "00110001100001011011011",
        0
      ],
      [
        "00100101100001011011011",
        2
      ],
      [
        "11111100000000000111011",
        1
      ],
      [
        "11111010000000000111011",
        1
      ],
      [
        "11111001000000000111011",
        1
      ],
      [
        "11110011000000000111011",
        1
      ],
      [
        "11010111000000000111011",
        1
      ],
      [
        "11011010100000000111011",
        1
      ],
      [
        "01110101001000000111011",
        1
      ],
      [
        "11010011001000000111011",
        1
      ],
      [
        "01110011001000000111011",
        1
      ],
      [
        "01011011001000000111011",
        1
      ],
      [
        "00111011001000000111011",
        0
      ],
      [
        "01010111001000000111011",
        1
      ],
      [
        "00110111001000000111011",
        0
      ],
      [
        "00101111001000000111011",
        1
      ],
      [
        "11010010101000000111011",
        1
      ],
      [
        "01011010101000000111011",
        1
      ],
      [
        "00111010101000000111011",
        0
      ],
      [
        "01110101000010000111011",
        0
      ],
      [
        "01110011000010000111011",
        0
      ],
      [
        "00111011000010000111011",
        1
      ],
      [
        "00101111000010000111011",
        0
      ],
      [
        "00111010100010000111011",
        1
      ],
      [
        "00111010000110000111011",
        0
      ],
      [
        "01110001000110000111011",
        1
      ],
      [
        "00111001000110000111011",
        0
      ],
      [
        "01010101000110000111011",
        1
      ],
      [
        "01001101000110000111011",
        0
      ],
      [
        "00101101000110000111011",
        1
      ],
      [
        "01001011000110000111011",
        1
      ],
      [
        "01110000100110000111011",
        0
      ],
      [
        "00111000100110000111011",
        1
      ],
      [
        "00101100100110000111011",
        0
      ],
      [
        "01001010100110000111011",
        0
      ],
      [
        "00111000010110000111011",
        1
      ],
      [
        "00110001010110000111011",
        0
      ],
      [
        "00100101010110000111011",
        2
      ],
      [
        "01010000110110000111011",
        1
      ],
      [
        "00110000110110000111011",
        0
      ],
      [
        "01001000110110000111011",
        0
      ],
      [
        "00101000110110000111011",
        1
      ],
      [
        "00100100110110000111011",
        2
      ],
      [
        "00001100110110000111011",
        2
      ],
      [
        "00001010110110000111011",
        2
      ],
      [
        "01111100000001000111011",
        0
      ],
      [
        "01111010000001000111011",
        0
      ],
      [
        "01111001000001000111011",
        0
      ],
      [
        "11010011000001000111011",
        0
      ],
      [
        "01110011000001000111011",
        0
      ],
      [
        "01010111000001000111011",
        0
      ],
      [
        "00110111000001000111011",
        1
      ],
      [
        "00101111000001000111011",
        0
      ],
      [
        "11010010100001000111011",
        0
      ],
      [
        "01011010100001000111011",
        0
      ],
      [
        "00111010100001000111011",
        1
      ],
      [
        "01011100001001000111011",
        1
      ],
      [
        "01011010001001000111011",
        1
      ],
      [
        "00111010001001000111011",
        0
      ],
      [
        "01110001001001000111011",
        1
      ],
      [
        "01011001001001000111011",
        1
      ],
      [
        "00101101001001000111011",
        1
      ],
      [
        "01010011001001000111011",
        0
      ],
      [
        "01000111001001000111011",
        1
      ],
      [
        "01110000101001000111011",
        0
      ],
      [
        "01011000101001000111011",
        0
      ],
      [
        "01010100101001000111011",
        0
      ],
      [
        "00101100101001000111011",
        0
      ],
      [
        "01010010101001000111011",
        1
      ],
      [
        "01000110101001000111011",
        0
      ],
      [
        "01010001101001000111011",
        1
      ],
      [
        "01000101101001000111011",
        0
      ],
      [
        "01000011101001000111011",
        0
      ],
      [
        "00111000011001000111011",
        1
      ],
      [
        "00110001011001000111011",
        0
      ],
      [
        "00100101011001000111011",
        2
      ],
      [
        "01010000111001000111011",
        1
      ],
      [
        "01001000111001000111011",
        0
      ],
      [
        "00101000111001000111011",
        2
      ],
      [
        "00001100111001000111011",
        2
      ],
      [
        "00000110111001000111011",
        2
      ],
      [
        "00000101111001000111011",
        2
      ],
      [
        "00000011111001000111011",
        1
      ],
      [
        "11010010000101000111011",
        1
      ],
      [
        "11010001000101000111011",
        1
      ],
      [
        "11010000100101000111011",
        0
      ],
      [
        "11010000010101000111011",
        0
      ],
      [
        "01010001010101000111011",
        1
      ],
      [
        "00110001010101000111011",
        0
      ],
      [
        "00101001010101000111011",
        1
      ],
      [
        "01010000110101000111011",
        1
      ],
      [
        "00110000110101000111011",
        0
      ],
      [
        "00101000110101000111011",
        2
      ],
      [
        "01111100000000100111011",
        0
      ],
      [
        "11011010000000100111011",
        0
      ],
      [
        "01111010000000100111011",
        0
      ],
      [
        "11110001000000100111011",
        0
      ],
      [
        "01111001000000100111011",
        0
      ],
      [
        "01110011000000100111011",
        0
      ],
      [
        "01010111000000100111011",
        0
      ],
      [
        "00110111000000100111011",
        1
      ],
      [
        "00101111000000100111011",
        0
      ],
      [
        "01110010100000100111011",
        0
      ],
      [
        "11110000010000100111011",
        0
      ],
      [
        "11110000001000100111011",
        1
      ],
      [
        "01011100001000100111011",
        1
      ],
      [
        "01110010001000100111011",
        1
      ],
      [
        "01011010001000100111011",
        1
      ],
      [
        "01110001001000100111011",
        1
      ],
      [
        "01011001001000100111011",
        1
      ],
      [
        "00101101001000100111011",
        1
      ],
      [
        "01010011001000100111011",
        0
      ],
      [
        "01000111001000100111011",
        1
      ],
      [
        "01110000101000100111011",
        0
      ],
      [
        "01011000101000100111011",
        0
      ],
      [
        "01010100101000100111011",
        0
      ],
      [
        "00101100101000100111011",
        0
      ],
      [
        "01010010101000100111011",
        1
      ],
      [
        "01000110101000100111011",
        0
      ],
      [
        "01010001101000100111011",
        1
      ],
      [
        "01000101101000100111011",
        0
      ],
      [
        "01000011101000100111011",
        0
      ],
      [
        "01110000011000100111011",
        0
      ],
      [
        "01010001011000100111011",
        1
      ],
      [
        "01001001011000100111011",
        0
      ],
      [
        "00001101011000100111011",
        2
      ],
      [
        "01010000111000100111011",
        1
      ],
      [
        "01001000111000100111011",
        0
      ],
      [
        "00101000111000100111011",
        2
      ],
      [
        "00001100111000100111011",
        2
      ],
      [
        "00000110111000100111011",
        2
      ],
      [
        "00000101111000100111011",
        2
      ],
      [
        "00000011111000100111011",
        1
      ],
      [
        "01011010000100100111011",
        1
      ],
      [
        "00111010000100100111011",
        0
      ],
      [
        "01110001000100100111011",
        1
      ],
      [
        "01010011000100100111011",
        0
      ],
      [
        "01001011000100100111011",
        1
      ],
      [
        "00001111000100100111011",
        0
      ],
      [
        "00111000100100100111011",
        1
      ],
      [
        "00001110100100100111011",
        1
      ],
      [
        "00110001100100100111011",
        0
      ],
      [
        "00100101100100100111011",
        2
      ],
      [
        "01110000001100100111011",
        0
      ],
      [
        "01010010001100100111011",
        1
      ],
      [
        "01001010001100100111011",
        0
      ],
      [
        "00001110001100100111011",
        2
      ],
      [
        "01111100000000010111011",
        0
      ],
      [
        "11110010000000010111011",
        0
      ],
      [
        "01111010000000010111011",
        0
      ],
      [
        "01111001000000010111011",
        0
      ],
      [
        "11010101000000010111011",
        0
      ],
      [
        "01110101000000010111011",
        0
      ],
      [
        "11010011000000010111011",
        0
      ],
      [
        "01110011000000010111011",
        0
      ],
      [
        "11000111000000010111011",
        0
      ],
      [
        "01010111000000010111011",
        0
      ],
      [
        "00110111000000010111011",
        1
      ],
      [
        "00101111000000010111011",
        0
      ],
      [
        "01011100001000010111011",
        1
      ],
      [
        "01011010001000010111011",
        1
      ],
      [
        "01110001001000010111011",
        1
      ],
      [
        "01011001001000010111011",
        1
      ],
      [
        "11000101001000010111011",
        1
      ],
      [
        "01010101001000010111011",
        1
      ],
      [
        "01001101001000010111011",
        0
      ],
      [
        "00101101001000010111011",
        1
      ],
      [
        "01010011001000010111011",
        0
      ],
      [
        "01001011001000010111011",
        1
      ],
      [
        "01000111001000010111011",
        1
      ],
      [
        "01110000101000010111011",
        0
      ],
      [
        "01011000101000010111011",
        0
      ],
      [
        "11000100101000010111011",
        0
      ],
      [
        "01010100101000010111011",
        0
      ],
      [
        "00101100101000010111011",
        0
      ],
      [
        "01010010101000010111011",
        1
      ],
      [
        "01001010101000010111011",
        0
      ],
      [
        "01000110101000010111011",
        0
      ],
      [
        "01010001101000010111011",
        1
      ],
      [
        "01000101101000010111011",
        0
      ],
      [
        "01000011101000010111011",
        0
      ],
      [
        "11000000111000010111011",
        1
      ],
      [
        "01010000111000010111011",
        1
      ],
      [
        "01001000111000010111011",
        0
      ],
      [
        "00101000111000010111011",
        2
      ],
      [
        "00001100111000010111011",
        2
      ],
      [
        "00001010111000010111011",
        2
      ],
      [
        "00000110111000010111011",
        1
      ],
      [
        "00000101111000010111011",
        2
      ],
      [
        "00000011111000010111011",
        1
      ],
      [
        "01110010000100010111011",
        1
      ],
      [
        "11010001000100010111011",
        1
      ],
      [
        "01010101000100010111011",
        1
      ],
      [
        "00110101000100010111011",
        0
      ],
      [
        "00101101000100010111011",
        1
      ],
      [
        "00101011000100010111011",
        0
      ],
      [
        "11010000100100010111011",
        0
      ],
      [
        "01110000100100010111011",
        0
      ],
      [
        "00101010100100010111011",
        1
      ],
      [
        "01010001100100010111011",
        1
      ],
      [
        "01001001100100010111011",
        0
      ],
      [
        "00001101100100010111011",
        2
      ],
      [
        "01010000110100010111011",
        1
      ],
      [
        "00110000110100010111011",
        0
      ],
      [
        "00101000110100010111011",
        1
      ],
      [
        "01000000111100010111011",
        0
      ],
      [
        "00100000111100010111011",
        2
      ],
      [
        "11010000001001010111011",
        0
      ],
      [
        "01110000001001010111011",
        0
      ],
      [
        "01010010001001010111011",
        1
      ],
      [
        "01001010001001010111011",
        0
      ],
      [
        "00001110001001010111011",
        2
      ],
      [
        "01010001001001010111011",
        1
      ],
      [
        "00110001001001010111011",
        0
      ],
      [
        "00101001001001010111011",
        2
      ],
      [
        "01111100000000001111011",
        0
      ],
      [
        "11110010000000001111011",
        0
      ],
      [
        "11011010000000001111011",
        0
      ],
      [
        "01111010000000001111011",
        0
      ],
      [
        "01111001000000001111011",
        0
      ],
      [
        "11010101000000001111011",
        0
      ],
      [
        "01110011000000001111011",
        0
      ],
      [
        "01011011000000001111011",
        0
      ],
      [
        "00111011000000001111011",
        1
      ],
      [
        "01010111000000001111011",
        0
      ],
      [
        "00110111000000001111011",
        1
      ],
      [
        "00101111000000001111011",
        0
      ],
      [
        "01110010100000001111011",
        0
      ],
      [
        "11110000010000001111011",
        0
      ],
      [
        "11110000001000001111011",
        1
      ],
      [
        "01011100001000001111011",
        1
      ],
      [
        "01110010001000001111011",
        1
      ],
      [
        "01011010001000001111011",
        1
      ],
      [
        "01110001001000001111011",
        1
      ],
      [
        "01011001001000001111011",
        1
      ],
      [
        "00111001001000001111011",
        0
      ],
      [
        "00101101001000001111011",
        1
      ],
      [
        "01010011001000001111011",
        0
      ],
      [
        "01000111001000001111011",
        1
      ],
      [
        "01110000101000001111011",
        0
      ],
      [
        "01011000101000001111011",
        0
      ],
      [
        "00111000101000001111011",
        1
      ],
      [
        "01010100101000001111011",
        0
      ],
      [
        "00101100101000001111011",
        0
      ],
      [
        "01010010101000001111011",
        1
      ],
      [
        "01000110101000001111011",
        0
      ],
      [
        "01010001101000001111011",
        1
      ],
      [
        "01000101101000001111011",
        0
      ],
      [
        "01000011101000001111011",
        0
      ],
      [
        "01110000011000001111011",
        0
      ],
      [
        "01010001011000001111011",
        1
      ],
      [
        "01001001011000001111011",
        0
      ],
      [
        "00001101011000001111011",
        2
      ],
      [
        "01010000111000001111011",
        1
      ],
      [
        "00110000111000001111011",
        0
      ],
      [
        "01001000111000001111011",
        0
      ],
      [
        "00101000111000001111011",
        2
      ],
      [
        "00100100111000001111011",
        2
      ],
      [
        "00001100111000001111011",
        2
      ],
      [
        "00000110111000001111011",
        2
      ],
      [
        "00000101111000001111011",
        2
      ],
      [
        "00000011111000001111011",
        1
      ],
      [
        "01110010000100001111011",
        1
      ],
      [
        "01011010000100001111011",
        1
      ],
      [
        "00111010000100001111011",
        0
      ],
      [
        "01010101000100001111011",
        1
      ],
      [
        "00110101000100001111011",
        0
      ],
      [
        "00101101000100001111011",
        1
      ],
      [
        "00101011000100001111011",
        0
      ],
      [
        "01110000100100001111011",
        0
      ],
      [
        "00111000100100001111011",
        1
      ],
      [
        "00101010100100001111011",
        2
      ],
      [
        "01010001100100001111011",
        1
      ],
      [
        "00110001100100001111011",
        0
      ],
      [
        "01001001100100001111011",
        0
      ],
      [
        "00100101100100001111011",
        2
      ],
      [
        "00001101100100001111011",
        1
      ],
      [
        "01110000001100001111011",
        0
      ],
      [
        "01010010001100001111011",
        1
      ],
      [
        "01001010001100001111011",
        0
      ],
      [
        "00001110001100001111011",
        2
      ],
      [
        "01110000001001001111011",
        0
      ],
      [
        "01010010001001001111011",
        1
      ],
      [
        "01001010001001001111011",
        0
      ],
      [
        "00001110001001001111011",
        2
      ],
      [
        "11111010101000000000111",
        1
      ],
      [
        "11011001001110000000111",
        1
      ],
      [
        "11011101001001000000111",
        1
      ],
      [
        "11011011001001000000111",
        1
      ],
      [
        "11010111001001000000111",
        1
      ],
      [
        "11111100000011000000111",
        1
      ],
      [
        "11111010000011000000111",
        1
      ],
      [
        "11111001000011000000111",
        1
      ],
      [
        "11110011000011000000111",
        1
      ],
      [
        "11011011000011000000111",
        1
      ],
      [
        "11010111000011000000111",
        1
      ],
      [
        "11011010100011000000111",
        1
      ],
      [
        "11011001001011000000111",
        1
      ],
      [
        "11011000101011000000111",
        1
      ],
      [
        "11011000100111000000111",
        1
      ],
      [
        "11110011001000100000111",
        1
      ],
      [
        "11011011001000100000111",
        1
      ],
      [
        "01111011001000100000111",
        1
      ],
      [
        "11010111001000100000111",
        1
      ],
      [
        "11011010101000100000111",
        1
      ],
      [
        "11111100000010100000111",
        1
      ],
      [
        "11111010000010100000111",
        1
      ],
      [
        "11111001000010100000111",
        1
      ],
      [
        "11110101000010100000111",
        1
      ],
      [
        "11110011000010100000111",
        1
      ],
      [
        "11010111000010100000111",
        1
      ],
      [
        "11001111000010100000111",
        1
      ],
      [
        "11011001001010100000111",
        1
      ],
      [
        "11011000101010100000111",
        1
      ],
      [
        "01011010101010100000111",
        1
      ],
      [
        "00111010101010100000111",
        0
      ],
      [
        "11011000100110100000111",
        1
      ],
      [
        "11111100000001100000111",
        1
      ],
      [
        "11111010000001100000111",
        1
      ],
      [
        "11111001000001100000111",
        1
      ],
      [
        "11110011000001100000111",
        1
      ],
      [
        "11010111000001100000111",
        1
      ],
      [
        "11001111000001100000111",
        1
      ],
      [
        "11011010100001100000111",
        1
      ],
      [
        "11110010001001100000111",
        1
      ],
      [
        "11010101001001100000111",
        1
      ],
      [
        "01110011001001100000111",
        1
      ],
      [
        "11011000101001100000111",
        1
      ],
      [
        "11010010101001100000111",
        1
      ],
      [
        "01110011000011100000111",
        0
      ],
      [
        "01110001000111100000111",
        1
      ],
      [
        "01110000100111100000111",
        0
      ],
      [
        "01010000110111100000111",
        1
      ],
      [
        "01001000110111100000111",
        0
      ],
      [
        "00001100110111100000111",
        1
      ],
      [
        "11110101001000010000111",
        1
      ],
      [
        "11110011001000010000111",
        1
      ],
      [
        "11011011001000010000111",
        1
      ],
      [
        "11010111001000010000111",
        1
      ],
      [
        "11110010101000010000111",
        1
      ],
      [
        "11011010101000010000111",
        1
      ],
      [
        "11111100000010010000111",
        1
      ],
      [
        "11111010000010010000111",
        1
      ],
      [
        "11111001000010010000111",
        1
      ],
      [
        "11110011000010010000111",
        1
      ],
      [
        "11010111000010010000111",
        1
      ],
      [
        "11001111000010010000111",
        1
      ],
      [
        "11011010100010010000111",
        1
      ],
      [
        "11110010001010010000111",
        1
      ],
      [
        "11100101001010010000111",
        1
      ],
      [
        "11010010101010010000111",
        1
      ],
      [
        "11111100000001010000111",
        1
      ],
      [
        "11111010000001010000111",
        1
      ],
      [
        "11111001000001010000111",
        1
      ],
      [
        "11110011000001010000111",
        1
      ],
      [
        "11011011000001010000111",
        1
      ],
      [
        "11010111000001010000111",
        1
      ],
      [
        "11011010100001010000111",
        1
      ],
      [
        "01110011001001010000111",
        1
      ],
      [
        "11010010101001010000111",
        1
      ],
      [
        "01110011000011010000111",
        0
      ],
      [
        "01110001000111010000111",
        1
      ],
      [
        "01110000100111010000111",
        0
      ],
      [
        "01010000110111010000111",
        1
      ],
      [
        "01001000110111010000111",
        0
      ],
      [
        "00001100110111010000111",
        1
      ],
      [
        "11111100000000110000111",
        0
      ],
      [
        "11111010000000110000111",
        0
      ],
      [
        "11111001000000110000111",
        0
      ],
      [
        "11110011000000110000111",
        0
      ],
      [
        "11011011000000110000111",
        0
      ],
      [
        "11010111000000110000111",
        0
      ],
      [
        "11011010100000110000111",
        0
      ],
      [
        "11010010101000110000111",
        0
      ],
      [
        "00001100110110110000111",
        0
      ],
      [
        "11110101001000001000111",
        0
      ],
      [
        "11110011001000001000111",
        0
      ],
      [
        "11011011001000001000111",
        0
      ],
      [
        "01111011001000001000111",
        0
      ],
      [
        "11010111001000001000111",
        0
      ],
      [
        "11110010101000001000111",
        0
      ],
      [
        "11011010101000001000111",
        0
      ],
      [
        "11111100000010001000111",
        0
      ],
      [
        "11111010000010001000111",
        0
      ],
      [
        "11111001000010001000111",
        0
      ],
      [
        "11110011000010001000111",
        0
      ],
      [
        "11010111000010001000111",
        0
      ],
      [
        "11001111000010001000111",
        0
      ],
      [
        "11011010100010001000111",
        0
      ],
      [
        "11110010001010001000111",
        0
      ],
      [
        "11100101001010001000111",
        0
      ],
      [
        "11010010101010001000111",
        0
      ],
      [
        "00111010101010001000111",
        1
      ],
      [
        "11011000100110001000111",
        0
      ],
      [
        "11111100000001001000111",
        0
      ],
      [
        "11111010000001001000111",
        0
      ],
      [
        "11111001000001001000111",
        0
      ],
      [
        "11110011000001001000111",
        0
      ],
      [
        "11010111000001001000111",
        0
      ],
      [
        "11001111000001001000111",
        0
      ],
      [
        "11011010100001001000111",
        0
      ],
      [
        "11110010001001001000111",
        0
      ],
      [
        "11010101001001001000111",
        0
      ],
      [
        "11011000101001001000111",
        0
      ],
      [
        "11010010101001001000111",
        0
      ],
      [
        "11011000100101001000111",
        0
      ],
      [
        "00001100110111001000111",
        0
      ],
      [
        "11111100000000101000111",
        1
      ],
      [
        "11111010000000101000111",
        1
      ],
      [
        "11111001000000101000111",
        1
      ],
      [
        "11110011000000101000111",
        1
      ],
      [
        "11011011000000101000111",
        1
      ],
      [
        "11010111000000101000111",
        1
      ],
      [
        "11011010100000101000111",
        1
      ],
      [
        "11010010101000101000111",
        1
      ],
      [
        "11011000100100101000111",
        1
      ],
      [
        "00001100110110101000111",
        1
      ],
      [
        "11111100000000011000111",
        1
      ],
      [
        "11111010000000011000111",
        1
      ],
      [
        "11111001000000011000111",
        1
      ],
      [
        "11110011000000011000111",
        1
      ],
      [
        "11010111000000011000111",
        1
      ],
      [
        "11001111000000011000111",
        1
      ],
      [
        "11011010100000011000111",
        1
      ],
      [
        "11110010001000011000111",
        1
      ],
      [
        "11010101001000011000111",
        1
      ],
      [
        "01011011001000011000111",
        1
      ],
      [
        "11011000101000011000111",
        1
      ],
      [
        "11010010101000011000111",
        1
      ],
      [
        "00111010101000011000111",
        0
      ],
      [
        "11011000100100011000111",
        1
      ],
      [
        "01011011000010011000111",
        0
      ],
      [
        "01011001000110011000111",
        1
      ],
      [
        "01011000100110011000111",
        0
      ],
      [
        "01010000110110011000111",
        1
      ],
      [
        "01000100110110011000111",
        0
      ],
      [
        "00001100110110011000111",
        2
      ],
      [
        "11011000100001011000111",
        0
      ],
      [
        "00111010100001011000111",
        1
      ],
      [
        "00111010000101011000111",
        0
      ],
      [
        "00111000010101011000111",
        1
      ],
      [
        "00110001010101011000111",
        0
      ],
      [
        "00100101010101011000111",
        1
      ],
      [
        "00000100110111011000111",
        2
      ],
      [
        "11011000100000111000111",
        0
      ],
      [
        "11110011001000000100111",
        0
      ],
      [
        "11011011001000000100111",
        0
      ],
      [
        "11010111001000000100111",
        0
      ],
      [
        "11011010101000000100111",
        0
      ],
      [
        "01111010101000000100111",
        0
      ],
      [
        "11111100000010000100111",
        0
      ],
      [
        "11111010000010000100111",
        0
      ],
      [
        "11111001000010000100111",
        0
      ],
      [
        "11110101000010000100111",
        0
      ],
      [
        "11110011000010000100111",
        0
      ],
      [
        "11010111000010000100111",
        0
      ],
      [
        "11001111000010000100111",
        0
      ],
      [
        "11011001001010000100111",
        0
      ],
      [
        "11011000101010000100111",
        0
      ],
      [
        "11011001000110000100111",
        0
      ],
      [
        "11111100000001000100111",
        0
      ],
      [
        "11111010000001000100111",
        0
      ],
      [
        "11111001000001000100111",
        0
      ],
      [
        "11110011000001000100111",
        0
      ],
      [
        "11011011000001000100111",
        0
      ],
      [
        "11010111000001000100111",
        0
      ],
      [
        "11011010100001000100111",
        0
      ],
      [
        "11011001001001000100111",
        0
      ],
      [
        "01011101001001000100111",
        0
      ],
      [
        "00111101001001000100111",
        1
      ],
      [
        "01011011001001000100111",
        0
      ],
      [
        "00111011001001000100111",
        1
      ],
      [
        "01010111001001000100111",
        0
      ],
      [
        "00110111001001000100111",
        1
      ],
      [
        "00101111001001000100111",
        0
      ],
      [
        "11011000101001000100111",
        0
      ],
      [
        "00111101000011000100111",
        0
      ],
      [
        "00111011000011000100111",
        0
      ],
      [
        "00101111000011000100111",
        1
      ],
      [
        "00111001000111000100111",
        1
      ],
      [
        "00110101000111000100111",
        1
      ],
      [
        "00101101000111000100111",
        0
      ],
      [
        "00110011000111000100111",
        0
      ],
      [
        "00111000100111000100111",
        0
      ],
      [
        "00101100100111000100111",
        1
      ],
      [
        "00110010100111000100111",
        1
      ],
      [
        "00110000110111000100111",
        1
      ],
      [
        "00101000110111000100111",
        0
      ],
      [
        "00100100110111000100111",
        0
      ],
      [
        "00100010110111000100111",
        0
      ],
      [
        "11111100000000100100111",
        1
      ],
      [
        "11111010000000100100111",
        1
      ],
      [
        "11111001000000100100111",
        1
      ],
      [
        "11110011000000100100111",
        1
      ],
      [
        "11011011000000100100111",
        1
      ],
      [
        "11010111000000100100111",
        1
      ],
      [
        "11011010100000100100111",
        1
      ],
      [
        "11011001001000100100111",
        1
      ],
      [
        "11011000101000100100111",
        1
      ],
      [
        "01011010101000100100111",
        1
      ],
      [
        "11011001000100100100111",
        1
      ],
      [
        "01011010100010100100111",
        0
      ],
      [
        "01011010000110100100111",
        1
      ],
      [
        "01011000010110100100111",
        0
      ],
      [
        "01010001010110100100111",
        1
      ],
      [
        "01000101010110100100111",
        0
      ],
      [
        "00101000110110100100111",
        1
      ],
      [
        "00100100110110100100111",
        2
      ],
      [
        "00100010110110100100111",
        2
      ],
      [
        "11011001000001100100111",
        0
      ],
      [
        "00000101010111100100111",
        2
      ],
      [
        "11111100000000010100111",
        1
      ],
      [
        "11111010000000010100111",
        1
      ],
      [
        "11111001000000010100111",
        1
      ],
      [
        "11110101000000010100111",
        1
      ],
      [
        "11110011000000010100111",
        1
      ],
      [
        "11010111000000010100111",
        1
      ],
      [
        "11001111000000010100111",
        1
      ],
      [
        "11011001001000010100111",
        1
      ],
      [
        "01110011001000010100111",
        1
      ],
      [
        "01011011001000010100111",
        1
      ],
      [
        "00111011001000010100111",
        0
      ],
      [
        "01010111001000010100111",
        1
      ],
      [
        "00110111001000010100111",
        0
      ],
      [
        "00101111001000010100111",
        1
      ],
      [
        "11011000101000010100111",
        1
      ],
      [
        "01011010101000010100111",
        1
      ],
      [
        "00111010101000010100111",
        0
      ],
      [
        "01110011000010010100111",
        0
      ],
      [
        "00111011000010010100111",
        1
      ],
      [
        "00101111000010010100111",
        0
      ],
      [
        "00111010100010010100111",
        1
      ],
      [
        "00111010000110010100111",
        0
      ],
      [
        "01110001000110010100111",
        1
      ],
      [
        "00111001000110010100111",
        0
      ],
      [
        "00101101000110010100111",
        1
      ],
      [
        "01110000100110010100111",
        0
      ],
      [
        "00111000100110010100111",
        1
      ],
      [
        "00101100100110010100111",
        0
      ],
      [
        "00111000010110010100111",
        1
      ],
      [
        "00110001010110010100111",
        0
      ],
      [
        "00100101010110010100111",
        2
      ],
      [
        "01010000110110010100111",
        1
      ],
      [
        "00110000110110010100111",
        0
      ],
      [
        "01001000110110010100111",
        0
      ],
      [
        "00101000110110010100111",
        2
      ],
      [
        "00100100110110010100111",
        1
      ],
      [
        "00001100110110010100111",
        2
      ],
      [
        "01111100000001010100111",
        0
      ],
      [
        "01111010000001010100111",
        0
      ],
      [
        "11011001000001010100111",
        0
      ],
      [
        "01111001000001010100111",
        0
      ],
      [
        "01110101000001010100111",
        0
      ],
      [
        "01110011000001010100111",
        0
      ],
      [
        "11000111000001010100111",
        0
      ],
      [
        "01010111000001010100111",
        0
      ],
      [
        "00110111000001010100111",
        1
      ],
      [
        "00101111000001010100111",
        0
      ],
      [
        "11011000100001010100111",
        0
      ],
      [
        "01011100001001010100111",
        1
      ],
      [
        "01011010001001010100111",
        1
      ],
      [
        "01110001001001010100111",
        1
      ],
      [
        "01011001001001010100111",
        1
      ],
      [
        "11000101001001010100111",
        1
      ],
      [
        "01010101001001010100111",
        1
      ],
      [
        "01001101001001010100111",
        0
      ],
      [
        "00101101001001010100111",
        1
      ],
      [
        "01010011001001010100111",
        0
      ],
      [
        "01001011001001010100111",
        1
      ],
      [
        "01000111001001010100111",
        1
      ],
      [
        "01110000101001010100111",
        0
      ],
      [
        "01011000101001010100111",
        0
      ],
      [
        "11000100101001010100111",
        0
      ],
      [
        "01010100101001010100111",
        0
      ],
      [
        "00101100101001010100111",
        0
      ],
      [
        "01010010101001010100111",
        1
      ],
      [
        "01001010101001010100111",
        0
      ],
      [
        "01000110101001010100111",
        0
      ],
      [
        "01010001101001010100111",
        1
      ],
      [
        "01000101101001010100111",
        0
      ],
      [
        "01000011101001010100111",
        0
      ],
      [
        "11000000111001010100111",
        1
      ],
      [
        "01010000111001010100111",
        1
      ],
      [
        "01001000111001010100111",
        0
      ],
      [
        "00101000111001010100111",
        1
      ],
      [
        "00001100111001010100111",
        2
      ],
      [
        "00001010111001010100111",
        2
      ],
      [
        "00000110111001010100111",
        2
      ],
      [
        "00000101111001010100111",
        2
      ],
      [
        "00000011111001010100111",
        1
      ],
      [
        "11011000000101010100111",
        1
      ],
      [
        "01011001000101010100111",
        1
      ],
      [
        "00111001000101010100111",
        0
      ],
      [
        "00110011000101010100111",
        1
      ],
      [
        "00100111000101010100111",
        0
      ],
      [
        "00100110100101010100111",
        2
      ],
      [
        "01011000010101010100111",
        0
      ],
      [
        "00111000010101010100111",
        1
      ],
      [
        "00110010010101010100111",
        0
      ],
      [
        "00100110010101010100111",
        2
      ],
      [
        "01000000111101010100111",
        0
      ],
      [
        "00100000111101010100111",
        2
      ],
      [
        "01111100000000110100111",
        0
      ],
      [
        "01111010000000110100111",
        0
      ],
      [
        "11011001000000110100111",
        0
      ],
      [
        "01111001000000110100111",
        0
      ],
      [
        "01110011000000110100111",
        0
      ],
      [
        "01011011000000110100111",
        0
      ],
      [
        "00111011000000110100111",
        1
      ],
      [
        "01010111000000110100111",
        0
      ],
      [
        "00110111000000110100111",
        1
      ],
      [
        "00101111000000110100111",
        0
      ],
      [
        "11011000100000110100111",
        0
      ],
      [
        "01011010100000110100111",
        0
      ],
      [
        "00111010100000110100111",
        1
      ],
      [
        "01011100001000110100111",
        1
      ],
      [
        "01011010001000110100111",
        1
      ],
      [
        "00111010001000110100111",
        0
      ],
      [
        "01110001001000110100111",
        1
      ],
      [
        "01011001001000110100111",
        1
      ],
      [
        "00111001001000110100111",
        0
      ],
      [
        "00101101001000110100111",
        1
      ],
      [
        "01010011001000110100111",
        0
      ],
      [
        "01000111001000110100111",
        1
      ],
      [
        "01110000101000110100111",
        0
      ],
      [
        "01011000101000110100111",
        0
      ],
      [
        "00111000101000110100111",
        1
      ],
      [
        "01010100101000110100111",
        0
      ],
      [
        "00101100101000110100111",
        0
      ],
      [
        "01010010101000110100111",
        1
      ],
      [
        "01000110101000110100111",
        0
      ],
      [
        "01010001101000110100111",
        1
      ],
      [
        "01000101101000110100111",
        0
      ],
      [
        "01000011101000110100111",
        0
      ],
      [
        "00111000011000110100111",
        1
      ],
      [
        "00110001011000110100111",
        0
      ],
      [
        "00100101011000110100111",
        2
      ],
      [
        "01010000111000110100111",
        1
      ],
      [
        "00110000111000110100111",
        0
      ],
      [
        "01001000111000110100111",
        0
      ],
      [
        "00101000111000110100111",
        2
      ],
      [
        "00100100111000110100111",
        1
      ],
      [
        "00001100111000110100111",
        2
      ],
      [
        "00000110111000110100111",
        2
      ],
      [
        "00000101111000110100111",
        2
      ],
      [
        "00000011111000110100111",
        1
      ],
      [
        "11011000000100110100111",
        1
      ],
      [
        "01011001000100110100111",
        1
      ],
      [
        "00111001000100110100111",
        0
      ],
      [
        "00110011000100110100111",
        1
      ],
      [
        "00100111000100110100111",
        0
      ],
      [
        "00100110100100110100111",
        2
      ],
      [
        "01011000010100110100111",
        0
      ],
      [
        "00111000010100110100111",
        1
      ],
      [
        "00110010010100110100111",
        0
      ],
      [
        "00100110010100110100111",
        2
      ],
      [
        "01011001000001110100111",
        1
      ],
      [
        "00111001000001110100111",
        0
      ],
      [
        "00110011000001110100111",
        1
      ],
      [
        "00100111000001110100111",
        0
      ],
      [
        "00100110100001110100111",
        2
      ],
      [
        "11111100000000001100111",
        1
      ],
      [
        "11111010000000001100111",
        1
      ],
      [
        "11111001000000001100111",
        1
      ],
      [
        "11110011000000001100111",
        1
      ],
      [
        "11010111000000001100111",
        1
      ],
      [
        "11001111000000001100111",
        1
      ],
      [
        "11011010100000001100111",
        1
      ],
      [
        "11110010001000001100111",
        1
      ],
      [
        "11100101001000001100111",
        1
      ],
      [
        "01110101001000001100111",
        1
      ],
      [
        "01110011001000001100111",
        1
      ],
      [
        "01011011001000001100111",
        1
      ],
      [
        "00111011001000001100111",
        0
      ],
      [
        "01010111001000001100111",
        1
      ],
      [
        "00110111001000001100111",
        0
      ],
      [
        "00101111001000001100111",
        1
      ],
      [
        "11010010101000001100111",
        1
      ],
      [
        "01110010101000001100111",
        1
      ],
      [
        "01011010101000001100111",
        1
      ],
      [
        "00111010101000001100111",
        0
      ],
      [
        "01110101000010001100111",
        0
      ],
      [
        "01110011000010001100111",
        0
      ],
      [
        "00111011000010001100111",
        1
      ],
      [
        "00101111000010001100111",
        0
      ],
      [
        "01110010100010001100111",
        0
      ],
      [
        "00111010100010001100111",
        1
      ],
      [
        "01110010000110001100111",
        1
      ],
      [
        "00111010000110001100111",
        0
      ],
      [
        "01110001000110001100111",
        1
      ],
      [
        "00111001000110001100111",
        0
      ],
      [
        "01010101000110001100111",
        1
      ],
      [
        "01001101000110001100111",
        0
      ],
      [
        "00101101000110001100111",
        1
      ],
      [
        "01001011000110001100111",
        1
      ],
      [
        "01110000100110001100111",
        0
      ],
      [
        "00111000100110001100111",
        1
      ],
      [
        "00101100100110001100111",
        0
      ],
      [
        "01001010100110001100111",
        0
      ],
      [
        "01110000010110001100111",
        0
      ],
      [
        "00111000010110001100111",
        1
      ],
      [
        "01010001010110001100111",
        1
      ],
      [
        "00110001010110001100111",
        0
      ],
      [
        "01001001010110001100111",
        0
      ],
      [
        "00100101010110001100111",
        2
      ],
      [
        "00001101010110001100111",
        2
      ],
      [
        "01010000110110001100111",
        1
      ],
      [
        "00110000110110001100111",
        0
      ],
      [
        "01001000110110001100111",
        0
      ],
      [
        "00101000110110001100111",
        2
      ],
      [
        "00100100110110001100111",
        1
      ],
      [
        "00001100110110001100111",
        2
      ],
      [
        "00001010110110001100111",
        2
      ],
      [
        "01111100000001001100111",
        0
      ],
      [
        "11110010000001001100111",
        0
      ],
      [
        "01111010000001001100111",
        0
      ],
      [
        "01111001000001001100111",
        0
      ],
      [
        "11100101000001001100111",
        0
      ],
      [
        "01110011000001001100111",
        0
      ],
      [
        "11000111000001001100111",
        0
      ],
      [
        "01010111000001001100111",
        0
      ],
      [
        "00110111000001001100111",
        1
      ],
      [
        "00101111000001001100111",
        0
      ],
      [
        "11010010100001001100111",
        0
      ],
      [
        "01011010100001001100111",
        0
      ],
      [
        "00111010100001001100111",
        1
      ],
      [
        "01011100001001001100111",
        1
      ],
      [
        "01011010001001001100111",
        1
      ],
      [
        "00111010001001001100111",
        0
      ],
      [
        "01110001001001001100111",
        1
      ],
      [
        "01011001001001001100111",
        1
      ],
      [
        "11000101001001001100111",
        1
      ],
      [
        "00101101001001001100111",
        1
      ],
      [
        "01010011001001001100111",
        0
      ],
      [
        "01000111001001001100111",
        1
      ],
      [
        "01110000101001001100111",
        0
      ],
      [
        "01011000101001001100111",
        0
      ],
      [
        "11000100101001001100111",
        0
      ],
      [
        "01010100101001001100111",
        0
      ],
      [
        "00101100101001001100111",
        0
      ],
      [
        "01010010101001001100111",
        1
      ],
      [
        "01000110101001001100111",
        0
      ],
      [
        "01010001101001001100111",
        1
      ],
      [
        "01000101101001001100111",
        0
      ],
      [
        "01000011101001001100111",
        0
      ],
      [
        "00111000011001001100111",
        1
      ],
      [
        "00110001011001001100111",
        0
      ],
      [
        "00100101011001001100111",
        2
      ],
      [
        "11000000111001001100111",
        1
      ],
      [
        "01010000111001001100111",
        1
      ],
      [
        "01001000111001001100111",
        0
      ],
      [
        "00101000111001001100111",
        2
      ],
      [
        "00001100111001001100111",
        2
      ],
      [
        "00000110111001001100111",
        2
      ],
      [
        "00000101111001001100111",
        2
      ],
      [
        "00000011111001001100111",
        1
      ],
      [
        "11010010000101001100111",
        1
      ],
      [
        "01110010000101001100111",
        1
      ],
      [
        "01100101000101001100111",
        1
      ],
      [
        "01001101000101001100111",
        0
      ],
      [
        "00011101000101001100111",
        1
      ],
      [
        "00011011000101001100111",
        0
      ],
      [
        "01110000100101001100111",
        0
      ],
      [
        "00011010100101001100111",
        1
      ],
      [
        "01010001100101001100111",
        1
      ],
      [
        "01001001100101001100111",
        0
      ],
      [
        "00001101100101001100111",
        2
      ],
      [
        "11010000010101001100111",
        0
      ],
      [
        "01010001010101001100111",
        1
      ],
      [
        "00110001010101001100111",
        0
      ],
      [
        "00101001010101001100111",
        2
      ],
      [
        "01000000111101001100111",
        0
      ],
      [
        "00100000111101001100111",
        2
      ],
      [
        "01111100000000101100111",
        0
      ],
      [
        "01111010000000101100111",
        0
      ],
      [
        "01111001000000101100111",
        0
      ],
      [
        "01110011000000101100111",
        0
      ],
      [
        "01011011000000101100111",
        0
      ],
      [
        "00111011000000101100111",
        1
      ],
      [
        "01010111000000101100111",
        0
      ],
      [
        "00110111000000101100111",
        1
      ],
      [
        "00101111000000101100111",
        0
      ],
      [
        "11010010100000101100111",
        0
      ],
      [
        "01011010100000101100111",
        0
      ],
      [
        "00111010100000101100111",
        1
      ],
      [
        "01011100001000101100111",
        1
      ],
      [
        "01011010001000101100111",
        1
      ],
      [
        "00111010001000101100111",
        0
      ],
      [
        "01110001001000101100111",
        1
      ],
      [
        "01011001001000101100111",
        1
      ],
      [
        "00111001001000101100111",
        0
      ],
      [
        "00101101001000101100111",
        1
      ],
      [
        "01010011001000101100111",
        0
      ],
      [
        "01000111001000101100111",
        1
      ],
      [
        "01110000101000101100111",
        0
      ],
      [
        "01011000101000101100111",
        0
      ],
      [
        "00111000101000101100111",
        1
      ],
      [
        "01010100101000101100111",
        0
      ],
      [
        "00101100101000101100111",
        0
      ],
      [
        "01010010101000101100111",
        1
      ],
      [
        "01000110101000101100111",
        0
      ],
      [
        "01010001101000101100111",
        1
      ],
      [
        "01000101101000101100111",
        0
      ],
      [
        "01000011101000101100111",
        0
      ],
      [
        "00111000011000101100111",
        1
      ],
      [
        "00110001011000101100111",
        0
      ],
      [
        "00100101011000101100111",
        1
      ],
      [
        "01010000111000101100111",
        1
      ],
      [
        "00110000111000101100111",
        0
      ],
      [
        "01001000111000101100111",
        0
      ],
      [
        "00101000111000101100111",
        2
      ],
      [
        "00100100111000101100111",
        2
      ],
      [
        "00001100111000101100111",
        2
      ],
      [
        "00000110111000101100111",
        2
      ],
      [
        "00000101111000101100111",
        2
      ],
      [
        "00000011111000101100111",
        1
      ],
      [
        "11010010000100101100111",
        1
      ],
      [
        "11010000010100101100111",
        0
      ],
      [
        "01010001010100101100111",
        1
      ],
      [
        "00110001010100101100111",
        0
      ],
      [
        "00101001010100101100111",
        1
      ],
      [
        "01111100000000011100111",
        0
      ],
      [
        "11110010000000011100111",
        0
      ],
      [
        "01111010000000011100111",
        0
      ],
      [
        "01111001000000011100111",
        0
      ],
      [
        "11010101000000011100111",
        0
      ],
      [
        "01110011000000011100111",
        0
      ],
      [
        "11000111000000011100111",
        0
      ],
      [
        "01010111000000011100111",
        0
      ],
      [
        "00110111000000011100111",
        1
      ],
      [
        "00101111000000011100111",
        0
      ],
      [
        "11011000100000011100111",
        0
      ],
      [
        "11010010100000011100111",
        0
      ],
      [
        "01011010100000011100111",
        0
      ],
      [
        "00111010100000011100111",
        1
      ],
      [
        "01011100001000011100111",
        1
      ],
      [
        "01011010001000011100111",
        1
      ],
      [
        "00111010001000011100111",
        0
      ],
      [
        "01110001001000011100111",
        1
      ],
      [
        "01011001001000011100111",
        1
      ],
      [
        "11000101001000011100111",
        1
      ],
      [
        "00101101001000011100111",
        1
      ],
      [
        "01010011001000011100111",
        0
      ],
      [
        "01000111001000011100111",
        1
      ],
      [
        "01110000101000011100111",
        0
      ],
      [
        "01011000101000011100111",
        0
      ],
      [
        "11000100101000011100111",
        0
      ],
      [
        "01010100101000011100111",
        0
      ],
      [
        "00101100101000011100111",
        0
      ],
      [
        "01010010101000011100111",
        1
      ],
      [
        "01000110101000011100111",
        0
      ],
      [
        "01010001101000011100111",
        1
      ],
      [
        "01000101101000011100111",
        0
      ],
      [
        "01000011101000011100111",
        0
      ],
      [
        "00111000011000011100111",
        1
      ],
      [
        "00110001011000011100111",
        0
      ],
      [
        "00100101011000011100111",
        1
      ],
      [
        "11000000111000011100111",
        1
      ],
      [
        "01010000111000011100111",
        1
      ],
      [
        "01001000111000011100111",
        0
      ],
      [
        "00101000111000011100111",
        2
      ],
      [
        "00001100111000011100111",
        2
      ],
      [
        "00000110111000011100111",
        2
      ],
      [
        "00000101111000011100111",
        2
      ],
      [
        "00000011111000011100111",
        1
      ],
      [
        "11011000000100011100111",
        1
      ],
      [
        "11010010000100011100111",
        1
      ],
      [
        "01110010000100011100111",
        1
      ],
      [
        "01010101000100011100111",
        1
      ],
      [
        "00110101000100011100111",
        0
      ],
      [
        "00101101000100011100111",
        1
      ],
      [
        "00101011000100011100111",
        0
      ],
      [
        "01110000100100011100111",
        0
      ],
      [
        "00101010100100011100111",
        1
      ],
      [
        "01010001100100011100111",
        1
      ],
      [
        "01001001100100011100111",
        0
      ],
      [
        "00001101100100011100111",
        2
      ],
      [
        "11010000010100011100111",
        0
      ],
      [
        "01011000010100011100111",
        0
      ],
      [
        "00111000010100011100111",
        1
      ],
      [
        "00110010010100011100111",
        0
      ],
      [
        "00100110010100011100111",
        2
      ],
      [
        "01010001010100011100111",
        1
      ],
      [
        "00110001010100011100111",
        0
      ],
      [
        "00101001010100011100111",
        1
      ],
      [
        "01000000111100011100111",
        0
      ],
      [
        "00100000111100011100111",
        2
      ],
      [
        "11011000000001011100111",
        1
      ],
      [
        "01011000010001011100111",
        0
      ],
      [
        "00111000010001011100111",
        1
      ],
      [
        "00110010010001011100111",
        0
      ],
      [
        "00100110010001011100111",
        2
      ],
      [
        "11011000000000111100111",
        1
      ],
      [
        "01011000010000111100111",
        0
      ],
      [
        "00111000010000111100111",
        1
      ],
      [
        "00110010010000111100111",
        0
      ],
      [
        "00100110010000111100111",
        2
      ],
      [
        "11110011001000000010111",
        0
      ],
      [
        "01111011001000000010111",
        0
      ],
      [
        "11010111001000000010111",
        0
      ],
      [
        "11011010101000000010111",
        0
      ],
      [
        "01111010101000000010111",
        0
      ],
      [
        "11111100000010000010111",
        0
      ],
      [
        "11111010000010000010111",
        0
      ],
      [
        "11111001000010000010111",
        0
      ],
      [
        "11110011000010000010111",
        0
      ],
      [
        "11011011000010000010111",
        0
      ],
      [
        "11010111000010000010111",
        0
      ],
      [
        "11011001001010000010111",
        0
      ],
      [
        "11110000010110000010111",
        0
      ],
      [
        "11010010010110000010111",
        0
      ],
      [
        "10110010010110000010111",
        0
      ],
      [
        "11110000001110000010111",
        1
      ],
      [
        "11010010001110000010111",
        1
      ],
      [
        "10110010001110000010111",
        1
      ],
      [
        "11111100000001000010111",
        0
      ],
      [
        "11111010000001000010111",
        0
      ],
      [
        "11111001000001000010111",
        0
      ],
      [
        "11110011000001000010111",
        0
      ],
      [
        "11010111000001000010111",
        0
      ],
      [
        "11011010100001000010111",
        0
      ],
      [
        "11110001001001000010111",
        0
      ],
      [
        "11011001001001000010111",
        0
      ],
      [
        "01110011001001000010111",
        0
      ],
      [
        "01011011001001000010111",
        0
      ],
      [
        "00111011001001000010111",
        1
      ],
      [
        "11010010101001000010111",
        0
      ],
      [
        "01110011000011000010111",
        1
      ],
      [
        "00111011000011000010111",
        0
      ],
      [
        "01110001000111000010111",
        0
      ],
      [
        "00111001000111000010111",
        1
      ],
      [
        "01110000100111000010111",
        1
      ],
      [
        "00111000100111000010111",
        0
      ],
      [
        "01010000110111000010111",
        0
      ],
      [
        "00110000110111000010111",
        1
      ],
      [
        "01001000110111000010111",
        1
      ],
      [
        "00100100110111000010111",
        0
      ],
      [
        "00001100110111000010111",
        0
      ],
      [
        "11111100000000100010111",
        1
      ],
      [
        "11111010000000100010111",
        1
      ],
      [
        "11111001000000100010111",
        1
      ],
      [
        "11110011000000100010111",
        1
      ],
      [
        "11010111000000100010111",
        1
      ],
      [
        "11011010100000100010111",
        1
      ],
      [
        "11110001001000100010111",
        1
      ],
      [
        "11011001001000100010111",
        1
      ],
      [
        "01011011001000100010111",
        1
      ],
      [
        "11010010101000100010111",
        1
      ],
      [
        "01011010101000100010111",
        1
      ],
      [
        "11110000001100100010111",
        0
      ],
      [
        "11010010001100100010111",
        0
      ],
      [
        "10110010001100100010111",
        0
      ],
      [
        "01011011000010100010111",
        0
      ],
      [
        "01011010100010100010111",
        0
      ],
      [
        "01011010000110100010111",
        1
      ],
      [
        "01011001000110100010111",
        1
      ],
      [
        "01011000100110100010111",
        0
      ],
      [
        "01011000010110100010111",
        0
      ],
      [
        "01010001010110100010111",
        1
      ],
      [
        "01000101010110100010111",
        0
      ],
      [
        "01010000110110100010111",
        1
      ],
      [
        "01000100110110100010111",
        0
      ],
      [
        "00100100110110100010111",
        1
      ],
      [
        "00001100110110100010111",
        1
      ],
      [
        "11110000001001100010111",
        1
      ],
      [
        "11010010001001100010111",
        1
      ],
      [
        "10110010001001100010111",
        1
      ],
      [
        "00000101010111100010111",
        1
      ],
      [
        "00000100110111100010111",
        1
      ],
      [
        "11111100000000010010111",
        1
      ],
      [
        "11111010000000010010111",
        1
      ],
      [
        "11111001000000010010111",
        1
      ],
      [
        "11110011000000010010111",
        1
      ],
      [
        "11011011000000010010111",
        1
      ],
      [
        "11010111000000010010111",
        1
      ],
      [
        "11011001001000010010111",
        1
      ],
      [
        "01110011001000010010111",
        1
      ],
      [
        "01010111001000010010111",
        1
      ],
      [
        "00110111001000010010111",
        0
      ],
      [
        "00101111001000010010111",
        1
      ],
      [
        "01011010101000010010111",
        1
      ],
      [
        "00111010101000010010111",
        0
      ],
      [
        "01110011000010010010111",
        0
      ],
      [
        "00101111000010010010111",
        0
      ],
      [
        "00111010100010010010111",
        1
      ],
      [
        "00111010000110010010111",
        0
      ],
      [
        "01110001000110010010111",
        1
      ],
      [
        "00101101000110010010111",
        1
      ],
      [
        "01110000100110010010111",
        0
      ],
      [
        "00101100100110010010111",
        0
      ],
      [
        "00111000010110010010111",
        1
      ],
      [
        "00110001010110010010111",
        0
      ],
      [
        "00100101010110010010111",
        2
      ],
      [
        "01010000110110010010111",
        1
      ],
      [
        "01001000110110010010111",
        0
      ],
      [
        "00101000110110010010111",
        1
      ],
      [
        "00001100110110010010111",
        2
      ],
      [
        "01111100000001010010111",
        0
      ],
      [
        "01111010000001010010111",
        0
      ],
      [
        "11011001000001010010111",
        0
      ],
      [
        "01111001000001010010111",
        0
      ],
      [
        "01110011000001010010111",
        0
      ],
      [
        "01011011000001010010111",
        0
      ],
      [
        "00111011000001010010111",
        1
      ],
      [
        "01010111000001010010111",
        0
      ],
      [
        "00110111000001010010111",
        1
      ],
      [
        "00101111000001010010111",
        0
      ],
      [
        "01011100001001010010111",
        1
      ],
      [
        "01011010001001010010111",
        1
      ],
      [
        "01110001001001010010111",
        1
      ],
      [
        "01011001001001010010111",
        1
      ],
      [
        "00111001001001010010111",
        0
      ],
      [
        "00101101001001010010111",
        1
      ],
      [
        "01010011001001010010111",
        0
      ],
      [
        "01000111001001010010111",
        1
      ],
      [
        "01110000101001010010111",
        0
      ],
      [
        "01011000101001010010111",
        0
      ],
      [
        "00111000101001010010111",
        1
      ],
      [
        "01010100101001010010111",
        0
      ],
      [
        "00101100101001010010111",
        0
      ],
      [
        "01010010101001010010111",
        1
      ],
      [
        "01000110101001010010111",
        0
      ],
      [
        "01010001101001010010111",
        1
      ],
      [
        "01000101101001010010111",
        0
      ],
      [
        "01000011101001010010111",
        0
      ],
      [
        "01010000111001010010111",
        1
      ],
      [
        "00110000111001010010111",
        0
      ],
      [
        "01001000111001010010111",
        0
      ],
      [
        "00101000111001010010111",
        2
      ],
      [
        "00100100111001010010111",
        2
      ],
      [
        "00001100111001010010111",
        2
      ],
      [
        "00000110111001010010111",
        2
      ],
      [
        "00000101111001010010111",
        2
      ],
      [
        "00000011111001010010111",
        1
      ],
      [
        "01011001000101010010111",
        1
      ],
      [
        "00111001000101010010111",
        0
      ],
      [
        "00110011000101010010111",
        1
      ],
      [
        "00100111000101010010111",
        0
      ],
      [
        "00100110100101010010111",
        2
      ],
      [
        "01111100000000110010111",
        0
      ],
      [
        "01111010000000110010111",
        0
      ],
      [
        "11110001000000110010111",
        0
      ],
      [
        "11011001000000110010111",
        0
      ],
      [
        "01111001000000110010111",
        0
      ],
      [
        "01110011000000110010111",
        0
      ],
      [
        "01010111000000110010111",
        0
      ],
      [
        "00110111000000110010111",
        1
      ],
      [
        "00101111000000110010111",
        0
      ],
      [
        "11010010100000110010111",
        0
      ],
      [
        "01011010100000110010111",
        0
      ],
      [
        "00111010100000110010111",
        1
      ],
      [
        "01011100001000110010111",
        1
      ],
      [
        "01011010001000110010111",
        1
      ],
      [
        "00111010001000110010111",
        0
      ],
      [
        "01110001001000110010111",
        1
      ],
      [
        "01011001001000110010111",
        1
      ],
      [
        "00101101001000110010111",
        1
      ],
      [
        "01010011001000110010111",
        0
      ],
      [
        "01000111001000110010111",
        1
      ],
      [
        "01110000101000110010111",
        0
      ],
      [
        "01011000101000110010111",
        0
      ],
      [
        "01010100101000110010111",
        0
      ],
      [
        "00101100101000110010111",
        0
      ],
      [
        "01010010101000110010111",
        1
      ],
      [
        "01000110101000110010111",
        0
      ],
      [
        "01010001101000110010111",
        1
      ],
      [
        "01000101101000110010111",
        0
      ],
      [
        "01000011101000110010111",
        0
      ],
      [
        "00111000011000110010111",
        1
      ],
      [
        "00110001011000110010111",
        0
      ],
      [
        "00100101011000110010111",
        2
      ],
      [
        "01010000111000110010111",
        1
      ],
      [
        "01001000111000110010111",
        0
      ],
      [
        "00101000111000110010111",
        2
      ],
      [
        "00001100111000110010111",
        2
      ],
      [
        "00000110111000110010111",
        2
      ],
      [
        "00000101111000110010111",
        2
      ],
      [
        "00000011111000110010111",
        1
      ],
      [
        "11010010000100110010111",
        1
      ],
      [
        "01110001000100110010111",
        1
      ],
      [
        "01011001000100110010111",
        1
      ],
      [
        "00111001000100110010111",
        0
      ],
      [
        "01010011000100110010111",
        0
      ],
      [
        "00110011000100110010111",
        1
      ],
      [
        "01001011000100110010111",
        1
      ],
      [
        "00100111000100110010111",
        0
      ],
      [
        "00001111000100110010111",
        0
      ],
      [
        "00100110100100110010111",
        2
      ],
      [
        "00001110100100110010111",
        2
      ],
      [
        "11010000010100110010111",
        0
      ],
      [
        "01010001010100110010111",
        1
      ],
      [
        "00110001010100110010111",
        0
      ],
      [
        "00101001010100110010111",
        1
      ],
      [
        "11010000001001110010111",
        0
      ],
      [
        "10110000001001110010111",
        0
      ],
      [
        "01110000001001110010111",
        0
      ],
      [
        "01010010001001110010111",
        1
      ],
      [
        "01001010001001110010111",
        0
      ],
      [
        "00001110001001110010111",
        1
      ],
      [
        "10010001001001110010111",
        1
      ],
      [
        "01010001001001110010111",
        1
      ],
      [
        "00110001001001110010111",
        0
      ],
      [
        "10001001001001110010111",
        0
      ],
      [
        "00101001001001110010111",
        2
      ],
      [
        "00001101001001110010111",
        2
      ],
      [
        "11111100000000001010111",
        1
      ],
      [
        "11111010000000001010111",
        1
      ],
      [
        "11111001000000001010111",
        1
      ],
      [
        "11110011000000001010111",
        1
      ],
      [
        "11010111000000001010111",
        1
      ],
      [
        "11110010100000001010111",
        1
      ],
      [
        "11010011100000001010111",
        1
      ],
      [
        "11110000110000001010111",
        1
      ],
      [
        "11110010001000001010111",
        1
      ],
      [
        "11110001001000001010111",
        1
      ],
      [
        "11011001001000001010111",
        1
      ],
      [
        "01110011001000001010111",
        1
      ],
      [
        "01011011001000001010111",
        1
      ],
      [
        "00111011001000001010111",
        0
      ],
      [
        "01110010101000001010111",
        1
      ],
      [
        "01011010101000001010111",
        1
      ],
      [
        "00111010101000001010111",
        0
      ],
      [
        "01110011000010001010111",
        0
      ],
      [
        "00111011000010001010111",
        1
      ],
      [
        "01110010100010001010111",
        0
      ],
      [
        "00111010100010001010111",
        1
      ],
      [
        "01110010000110001010111",
        1
      ],
      [
        "00111010000110001010111",
        0
      ],
      [
        "01110001000110001010111",
        1
      ],
      [
        "00111001000110001010111",
        0
      ],
      [
        "01110000100110001010111",
        0
      ],
      [
        "00111000100110001010111",
        1
      ],
      [
        "01110000010110001010111",
        0
      ],
      [
        "00111000010110001010111",
        1
      ],
      [
        "01010001010110001010111",
        1
      ],
      [
        "00110001010110001010111",
        0
      ],
      [
        "01001001010110001010111",
        0
      ],
      [
        "00100101010110001010111",
        2
      ],
      [
        "00001101010110001010111",
        2
      ],
      [
        "01010000110110001010111",
        1
      ],
      [
        "00110000110110001010111",
        0
      ],
      [
        "01001000110110001010111",
        0
      ],
      [
        "00100100110110001010111",
        1
      ],
      [
        "00001100110110001010111",
        2
      ],
      [
        "01111100000001001010111",
        0
      ],
      [
        "11110010000001001010111",
        0
      ],
      [
        "01111010000001001010111",
        0
      ],
      [
        "11110001000001001010111",
        0
      ],
      [
        "11011001000001001010111",
        0
      ],
      [
        "01111001000001001010111",
        0
      ],
      [
        "01110011000001001010111",
        0
      ],
      [
        "01010111000001001010111",
        0
      ],
      [
        "00110111000001001010111",
        1
      ],
      [
        "00101111000001001010111",
        0
      ],
      [
        "01110010100001001010111",
        0
      ],
      [
        "11010001100001001010111",
        0
      ],
      [
        "11110000010001001010111",
        0
      ],
      [
        "11110000001001001010111",
        1
      ],
      [
        "01011100001001001010111",
        1
      ],
      [
        "01110010001001001010111",
        1
      ],
      [
        "01011010001001001010111",
        1
      ],
      [
        "11010001001001001010111",
        1
      ],
      [
        "01110001001001001010111",
        1
      ],
      [
        "01011001001001001010111",
        1
      ],
      [
        "00101101001001001010111",
        1
      ],
      [
        "01010011001001001010111",
        0
      ],
      [
        "01000111001001001010111",
        1
      ],
      [
        "01110000101001001010111",
        0
      ],
      [
        "01011000101001001010111",
        0
      ],
      [
        "01010100101001001010111",
        0
      ],
      [
        "00101100101001001010111",
        0
      ],
      [
        "01010010101001001010111",
        1
      ],
      [
        "01000110101001001010111",
        0
      ],
      [
        "01010001101001001010111",
        1
      ],
      [
        "01000101101001001010111",
        0
      ],
      [
        "01000011101001001010111",
        0
      ],
      [
        "11010000011001001010111",
        0
      ],
      [
        "01110000011001001010111",
        0
      ],
      [
        "01010001011001001010111",
        1
      ],
      [
        "01001001011001001010111",
        0
      ],
      [
        "00001101011001001010111",
        2
      ],
      [
        "01010000111001001010111",
        1
      ],
      [
        "01001000111001001010111",
        0
      ],
      [
        "00101000111001001010111",
        2
      ],
      [
        "00001100111001001010111",
        2
      ],
      [
        "00000110111001001010111",
        2
      ],
      [
        "00000101111001001010111",
        2
      ],
      [
        "00000011111001001010111",
        1
      ],
      [
        "01110010000101001010111",
        1
      ],
      [
        "01110001000101001010111",
        1
      ],
      [
        "01011001000101001010111",
        1
      ],
      [
        "00111001000101001010111",
        0
      ],
      [
        "01010011000101001010111",
        0
      ],
      [
        "00110011000101001010111",
        1
      ],
      [
        "01001011000101001010111",
        1
      ],
      [
        "00100111000101001010111",
        0
      ],
      [
        "00001111000101001010111",
        0
      ],
      [
        "01110000100101001010111",
        0
      ],
      [
        "00100110100101001010111",
        2
      ],
      [
        "00001110100101001010111",
        2
      ],
      [
        "01010001100101001010111",
        1
      ],
      [
        "01001001100101001010111",
        0
      ],
      [
        "00001101100101001010111",
        1
      ],
      [
        "01110000001101001010111",
        0
      ],
      [
        "01010010001101001010111",
        1
      ],
      [
        "01001010001101001010111",
        0
      ],
      [
        "00001110001101001010111",
        2
      ],
      [
        "01010000011101001010111",
        1
      ],
      [
        "00110000011101001010111",
        0
      ],
      [
        "00101000011101001010111",
        2
      ],
      [
        "01111100000000101010111",
        0
      ],
      [
        "11011010000000101010111",
        0
      ],
      [
        "01111010000000101010111",
        0
      ],
      [
        "11011001000000101010111",
        0
      ],
      [
        "01111001000000101010111",
        0
      ],
      [
        "01110011000000101010111",
        0
      ],
      [
        "01011011000000101010111",
        0
      ],
      [
        "00111011000000101010111",
        1
      ],
      [
        "01010111000000101010111",
        0
      ],
      [
        "00110111000000101010111",
        1
      ],
      [
        "00101111000000101010111",
        0
      ],
      [
        "11011000100000101010111",
        0
      ],
      [
        "01110010100000101010111",
        0
      ],
      [
        "11010001100000101010111",
        0
      ],
      [
        "01011100001000101010111",
        1
      ],
      [
        "01110010001000101010111",
        1
      ],
      [
        "01011010001000101010111",
        1
      ],
      [
        "11010001001000101010111",
        1
      ],
      [
        "01110001001000101010111",
        1
      ],
      [
        "01011001001000101010111",
        1
      ],
      [
        "00111001001000101010111",
        0
      ],
      [
        "00101101001000101010111",
        1
      ],
      [
        "01010011001000101010111",
        0
      ],
      [
        "01000111001000101010111",
        1
      ],
      [
        "01110000101000101010111",
        0
      ],
      [
        "01011000101000101010111",
        0
      ],
      [
        "00111000101000101010111",
        1
      ],
      [
        "01010100101000101010111",
        0
      ],
      [
        "00101100101000101010111",
        0
      ],
      [
        "01010010101000101010111",
        1
      ],
      [
        "01000110101000101010111",
        0
      ],
      [
        "01010001101000101010111",
        1
      ],
      [
        "01000101101000101010111",
        0
      ],
      [
        "01000011101000101010111",
        0
      ],
      [
        "11010000011000101010111",
        0
      ],
      [
        "01110000011000101010111",
        0
      ],
      [
        "01010001011000101010111",
        1
      ],
      [
        "01001001011000101010111",
        0
      ],
      [
        "00001101011000101010111",
        2
      ],
      [
        "01010000111000101010111",
        1
      ],
      [
        "00110000111000101010111",
        0
      ],
      [
        "01001000111000101010111",
        0
      ],
      [
        "00101000111000101010111",
        2
      ],
      [
        "00100100111000101010111",
        1
      ],
      [
        "00001100111000101010111",
        2
      ],
      [
        "00000110111000101010111",
        2
      ],
      [
        "00000101111000101010111",
        2
      ],
      [
        "00000011111000101010111",
        1
      ],
      [
        "11011000000100101010111",
        1
      ],
      [
        "01011010000100101010111",
        1
      ],
      [
        "00111010000100101010111",
        0
      ],
      [
        "01011001000100101010111",
        1
      ],
      [
        "00111001000100101010111",
        0
      ],
      [
        "00110011000100101010111",
        1
      ],
      [
        "00100111000100101010111",
        0
      ],
      [
        "00111000100100101010111",
        1
      ],
      [
        "00100110100100101010111",
        2
      ],
      [
        "00110001100100101010111",
        0
      ],
      [
        "00100101100100101010111",
        2
      ],
      [
        "01011000010100101010111",
        0
      ],
      [
        "00111000010100101010111",
        1
      ],
      [
        "00110010010100101010111",
        0
      ],
      [
        "00100110010100101010111",
        2
      ],
      [
        "01010000011100101010111",
        1
      ],
      [
        "00110000011100101010111",
        0
      ],
      [
        "00101000011100101010111",
        1
      ],
      [
        "01010000011001101010111",
        1
      ],
      [
        "00110000011001101010111",
        0
      ],
      [
        "00101000011001101010111",
        2
      ],
      [
        "01111100000000011010111",
        0
      ],
      [
        "11110010000000011010111",
        0
      ],
      [
        "01111010000000011010111",
        0
      ],
      [
        "11011001000000011010111",
        0
      ],
      [
        "01111001000000011010111",
        0
      ],
      [
        "01011101000000011010111",
        0
      ],
      [
        "00111101000000011010111",
        1
      ],
      [
        "01110011000000011010111",
        0
      ],
      [
        "01010111000000011010111",
        0
      ],
      [
        "00110111000000011010111",
        1
      ],
      [
        "00101111000000011010111",
        0
      ],
      [
        "11011000100000011010111",
        0
      ],
      [
        "01110010100000011010111",
        0
      ],
      [
        "11110000010000011010111",
        0
      ],
      [
        "11110000001000011010111",
        1
      ],
      [
        "01011100001000011010111",
        1
      ],
      [
        "01110010001000011010111",
        1
      ],
      [
        "01011010001000011010111",
        1
      ],
      [
        "01110001001000011010111",
        1
      ],
      [
        "01011001001000011010111",
        1
      ],
      [
        "00110101001000011010111",
        0
      ],
      [
        "00101101001000011010111",
        1
      ],
      [
        "01010011001000011010111",
        0
      ],
      [
        "00110011001000011010111",
        1
      ],
      [
        "01000111001000011010111",
        1
      ],
      [
        "01110000101000011010111",
        0
      ],
      [
        "01011000101000011010111",
        0
      ],
      [
        "01010100101000011010111",
        0
      ],
      [
        "00101100101000011010111",
        0
      ],
      [
        "01010010101000011010111",
        1
      ],
      [
        "00110010101000011010111",
        0
      ],
      [
        "01000110101000011010111",
        0
      ],
      [
        "01010001101000011010111",
        1
      ],
      [
        "01000101101000011010111",
        0
      ],
      [
        "01000011101000011010111",
        0
      ],
      [
        "01110000011000011010111",
        0
      ],
      [
        "01010001011000011010111",
        1
      ],
      [
        "01001001011000011010111",
        0
      ],
      [
        "00001101011000011010111",
        2
      ],
      [
        "01010000111000011010111",
        1
      ],
      [
        "01001000111000011010111",
        0
      ],
      [
        "00101000111000011010111",
        2
      ],
      [
        "00001100111000011010111",
        2
      ],
      [
        "00100010111000011010111",
        2
      ],
      [
        "00000110111000011010111",
        2
      ],
      [
        "00000101111000011010111",
        2
      ],
      [
        "00000011111000011010111",
        1
      ],
      [
        "11011000000100011010111",
        1
      ],
      [
        "01110010000100011010111",
        1
      ],
      [
        "01011001000100011010111",
        1
      ],
      [
        "00111001000100011010111",
        0
      ],
      [
        "00110011000100011010111",
        1
      ],
      [
        "00100111000100011010111",
        0
      ],
      [
        "01110000100100011010111",
        0
      ],
      [
        "00100110100100011010111",
        2
      ],
      [
        "01010001100100011010111",
        1
      ],
      [
        "01001001100100011010111",
        0
      ],
      [
        "00001101100100011010111",
        1
      ],
      [
        "01011000010100011010111",
        0
      ],
      [
        "00111000010100011010111",
        1
      ],
      [
        "00110010010100011010111",
        0
      ],
      [
        "00100110010100011010111",
        2
      ],
      [
        "01110000001100011010111",
        0
      ],
      [
        "01010010001100011010111",
        1
      ],
      [
        "01001010001100011010111",
        0
      ],
      [
        "00001110001100011010111",
        2
      ],
      [
        "01110010000001011010111",
        1
      ],
      [
        "01011001000001011010111",
        1
      ],
      [
        "00111001000001011010111",
        0
      ],
      [
        "00110011000001011010111",
        1
      ],
      [
        "00100111000001011010111",
        0
      ],
      [
        "01110000100001011010111",
        0
      ],
      [
        "00100110100001011010111",
        2
      ],
      [
        "01010001100001011010111",
        1
      ],
      [
        "01001001100001011010111",
        0
      ],
      [
        "00001101100001011010111",
        2
      ],
      [
        "11111100000000000110111",
        1
      ],
      [
        "11111010000000000110111",
        1
      ],
      [
        "11111001000000000110111",
        1
      ],
      [
        "11110011000000000110111",
        1
      ],
      [
        "11011011000000000110111",
        1
      ],
      [
        "11010111000000000110111",
        1
      ],
      [
        "11011001001000000110111",
        1
      ],
      [
        "11010011001000000110111",
        1
      ],
      [
        "01110011001000000110111",
        1
      ],
      [
        "01011011001000000110111",
        1
      ],
      [
        "00111011001000000110111",
        0
      ],
      [
        "11010010101000000110111",
        1
      ],
      [
        "01011010101000000110111",
        1
      ],
      [
        "00111010101000000110111",
        0
      ],
      [
        "01110011000010000110111",
        0
      ],
      [
        "00111011000010000110111",
        1
      ],
      [
        "00111010100010000110111",
        1
      ],
      [
        "00111010000110000110111",
        0
      ],
      [
        "01110001000110000110111",
        1
      ],
      [
        "00111001000110000110111",
        0
      ],
      [
        "01110000100110000110111",
        0
      ],
      [
        "00111000100110000110111",
        1
      ],
      [
        "00111000010110000110111",
        1
      ],
      [
        "00110001010110000110111",
        0
      ],
      [
        "00100101010110000110111",
        2
      ],
      [
        "01010000110110000110111",
        1
      ],
      [
        "00110000110110000110111",
        0
      ],
      [
        "01001000110110000110111",
        0
      ],
      [
        "00100100110110000110111",
        2
      ],
      [
        "00001100110110000110111",
        2
      ],
      [
        "01111100000001000110111",
        0
      ],
      [
        "01111010000001000110111",
        0
      ],
      [
        "11011001000001000110111",
        0
      ],
      [
        "01111001000001000110111",
        0
      ],
      [
        "11010011000001000110111",
        0
      ],
      [
        "01110011000001000110111",
        0
      ],
      [
        "01011011000001000110111",
        0
      ],
      [
        "00111011000001000110111",
        1
      ],
      [
        "01010111000001000110111",
        0
      ],
      [
        "00110111000001000110111",
        1
      ],
      [
        "00101111000001000110111",
        0
      ],
      [
        "11010010100001000110111",
        0
      ],
      [
        "01011100001001000110111",
        1
      ],
      [
        "01011010001001000110111",
        1
      ],
      [
        "01110001001001000110111",
        1
      ],
      [
        "01011001001001000110111",
        1
      ],
      [
        "00111001001001000110111",
        0
      ],
      [
        "00101101001001000110111",
        1
      ],
      [
        "01010011001001000110111",
        0
      ],
      [
        "01000111001001000110111",
        1
      ],
      [
        "01110000101001000110111",
        0
      ],
      [
        "01011000101001000110111",
        0
      ],
      [
        "00111000101001000110111",
        1
      ],
      [
        "01010100101001000110111",
        0
      ],
      [
        "00101100101001000110111",
        0
      ],
      [
        "01010010101001000110111",
        1
      ],
      [
        "01000110101001000110111",
        0
      ],
      [
        "01010001101001000110111",
        1
      ],
      [
        "01000101101001000110111",
        0
      ],
      [
        "01000011101001000110111",
        0
      ],
      [
        "01010000111001000110111",
        1
      ],
      [
        "00110000111001000110111",
        0
      ],
      [
        "01001000111001000110111",
        0
      ],
      [
        "00101000111001000110111",
        2
      ],
      [
        "00100100111001000110111",
        2
      ],
      [
        "00001100111001000110111",
        2
      ],
      [
        "00000110111001000110111",
        2
      ],
      [
        "00000101111001000110111",
        2
      ],
      [
        "00000011111001000110111",
        1
      ],
      [
        "11010010000101000110111",
        1
      ],
      [
        "11010001000101000110111",
        1
      ],
      [
        "01011001000101000110111",
        1
      ],
      [
        "00111001000101000110111",
        0
      ],
      [
        "00110011000101000110111",
        1
      ],
      [
        "00100111000101000110111",
        0
      ],
      [
        "11010000100101000110111",
        0
      ],
      [
        "00100110100101000110111",
        2
      ],
      [
        "11010000010101000110111",
        0
      ],
      [
        "01010001010101000110111",
        1
      ],
      [
        "00110001010101000110111",
        0
      ],
      [
        "00101001010101000110111",
        1
      ],
      [
        "01010000110101000110111",
        1
      ],
      [
        "00110000110101000110111",
        0
      ],
      [
        "00101000110101000110111",
        2
      ],
      [
        "01111100000000100110111",
        0
      ],
      [
        "01111010000000100110111",
        0
      ],
      [
        "11110001000000100110111",
        0
      ],
      [
        "01111001000000100110111",
        0
      ],
      [
        "01110011000000100110111",
        0
      ],
      [
        "01010111000000100110111",
        0
      ],
      [
        "00110111000000100110111",
        1
      ],
      [
        "00101111000000100110111",
        0
      ],
      [
        "11011000100000100110111",
        0
      ],
      [
        "01110010100000100110111",
        0
      ],
      [
        "01011010100000100110111",
        0
      ],
      [
        "00111010100000100110111",
        1
      ],
      [
        "11110000010000100110111",
        0
      ],
      [
        "11110000001000100110111",
        1
      ],
      [
        "01011100001000100110111",
        1
      ],
      [
        "01110010001000100110111",
        1
      ],
      [
        "01011010001000100110111",
        1
      ],
      [
        "00111010001000100110111",
        0
      ],
      [
        "01110001001000100110111",
        1
      ],
      [
        "01011001001000100110111",
        1
      ],
      [
        "00101101001000100110111",
        1
      ],
      [
        "01010011001000100110111",
        0
      ],
      [
        "01000111001000100110111",
        1
      ],
      [
        "01110000101000100110111",
        0
      ],
      [
        "01011000101000100110111",
        0
      ],
      [
        "01010100101000100110111",
        0
      ],
      [
        "00101100101000100110111",
        0
      ],
      [
        "01010010101000100110111",
        1
      ],
      [
        "01000110101000100110111",
        0
      ],
      [
        "01010001101000100110111",
        1
      ],
      [
        "01000101101000100110111",
        0
      ],
      [
        "01000011101000100110111",
        0
      ],
      [
        "01110000011000100110111",
        0
      ],
      [
        "00111000011000100110111",
        1
      ],
      [
        "01010001011000100110111",
        1
      ],
      [
        "00110001011000100110111",
        0
      ],
      [
        "01001001011000100110111",
        0
      ],
      [
        "00100101011000100110111",
        2
      ],
      [
        "00001101011000100110111",
        2
      ],
      [
        "01010000111000100110111",
        1
      ],
      [
        "01001000111000100110111",
        0
      ],
      [
        "00101000111000100110111",
        2
      ],
      [
        "00001100111000100110111",
        2
      ],
      [
        "00000110111000100110111",
        2
      ],
      [
        "00000101111000100110111",
        2
      ],
      [
        "00000011111000100110111",
        1
      ],
      [
        "11011000000100100110111",
        1
      ],
      [
        "01110001000100100110111",
        1
      ],
      [
        "01010011000100100110111",
        0
      ],
      [
        "01001011000100100110111",
        1
      ],
      [
        "00001111000100100110111",
        0
      ],
      [
        "00001110100100100110111",
        1
      ],
      [
        "01011000010100100110111",
        0
      ],
      [
        "00111000010100100110111",
        1
      ],
      [
        "00110010010100100110111",
        0
      ],
      [
        "00100110010100100110111",
        2
      ],
      [
        "01110000001100100110111",
        0
      ],
      [
        "01010010001100100110111",
        1
      ],
      [
        "01001010001100100110111",
        0
      ],
      [
        "00001110001100100110111",
        2
      ],
      [
        "11010010000001100110111",
        1
      ],
      [
        "11010000010001100110111",
        0
      ],
      [
        "01010001010001100110111",
        1
      ],
      [
        "00110001010001100110111",
        0
      ],
      [
        "00101001010001100110111",
        2
      ],
      [
        "01111100000000010110111",
        0
      ],
      [
        "11110010000000010110111",
        0
      ],
      [
        "01111010000000010110111",
        0
      ],
      [
        "01111001000000010110111",
        0
      ],
      [
        "11010101000000010110111",
        0
      ],
      [
        "01110011000000010110111",
        0
      ],
      [
        "01010111000000010110111",
        0
      ],
      [
        "00110111000000010110111",
        1
      ],
      [
        "00101111000000010110111",
        0
      ],
      [
        "11011000100000010110111",
        0
      ],
      [
        "01110010100000010110111",
        0
      ],
      [
        "01011010100000010110111",
        0
      ],
      [
        "00111010100000010110111",
        1
      ],
      [
        "11110000010000010110111",
        0
      ],
      [
        "11110000001000010110111",
        1
      ],
      [
        "01011100001000010110111",
        1
      ],
      [
        "01110010001000010110111",
        1
      ],
      [
        "01011010001000010110111",
        1
      ],
      [
        "00111010001000010110111",
        0
      ],
      [
        "01110001001000010110111",
        1
      ],
      [
        "01011001001000010110111",
        1
      ],
      [
        "00101101001000010110111",
        1
      ],
      [
        "01010011001000010110111",
        0
      ],
      [
        "01000111001000010110111",
        1
      ],
      [
        "01110000101000010110111",
        0
      ],
      [
        "01011000101000010110111",
        0
      ],
      [
        "01010100101000010110111",
        0
      ],
      [
        "00101100101000010110111",
        0
      ],
      [
        "01010010101000010110111",
        1
      ],
      [
        "01000110101000010110111",
        0
      ],
      [
        "01010001101000010110111",
        1
      ],
      [
        "01000101101000010110111",
        0
      ],
      [
        "01000011101000010110111",
        0
      ],
      [
        "01110000011000010110111",
        0
      ],
      [
        "00111000011000010110111",
        1
      ],
      [
        "01010001011000010110111",
        1
      ],
      [
        "00110001011000010110111",
        0
      ],
      [
        "01001001011000010110111",
        0
      ],
      [
        "00100101011000010110111",
        1
      ],
      [
        "00001101011000010110111",
        2
      ],
      [
        "01010000111000010110111",
        1
      ],
      [
        "01001000111000010110111",
        0
      ],
      [
        "00101000111000010110111",
        2
      ],
      [
        "00001100111000010110111",
        2
      ],
      [
        "00000110111000010110111",
        2
      ],
      [
        "00000101111000010110111",
        2
      ],
      [
        "00000011111000010110111",
        1
      ],
      [
        "11011000000100010110111",
        1
      ],
      [
        "01110010000100010110111",
        1
      ],
      [
        "01010101000100010110111",
        1
      ],
      [
        "00110101000100010110111",
        0
      ],
      [
        "00101101000100010110111",
        1
      ],
      [
        "00101011000100010110111",
        0
      ],
      [
        "01110000100100010110111",
        0
      ],
      [
        "00101010100100010110111",
        2
      ],
      [
        "01010001100100010110111",
        1
      ],
      [
        "01001001100100010110111",
        0
      ],
      [
        "00001101100100010110111",
        1
      ],
      [
        "01011000010100010110111",
        0
      ],
      [
        "00111000010100010110111",
        1
      ],
      [
        "00110010010100010110111",
        0
      ],
      [
        "00100110010100010110111",
        2
      ],
      [
        "01110000001100010110111",
        0
      ],
      [
        "01010010001100010110111",
        1
      ],
      [
        "01001010001100010110111",
        0
      ],
      [
        "00001110001100010110111",
        2
      ],
      [
        "11011000000000110110111",
        1
      ],
      [
        "11010010000000110110111",
        1
      ],
      [
        "01011001000000110110111",
        1
      ],
      [
        "00111001000000110110111",
        0
      ],
      [
        "00110011000000110110111",
        1
      ],
      [
        "00100111000000110110111",
        0
      ],
      [
        "00100110100000110110111",
        2
      ],
      [
        "11010000010000110110111",
        0
      ],
      [
        "01011000010000110110111",
        0
      ],
      [
        "00111000010000110110111",
        1
      ],
      [
        "00110010010000110110111",
        0
      ],
      [
        "00100110010000110110111",
        2
      ],
      [
        "01010001010000110110111",
        1
      ],
      [
        "00110001010000110110111",
        0
      ],
      [
        "00101001010000110110111",
        2
      ],
      [
        "01111100000000001110111",
        0
      ],
      [
        "11011010000000001110111",
        0
      ],
      [
        "01111010000000001110111",
        0
      ],
      [
        "01111001000000001110111",
        0
      ],
      [
        "01110011000000001110111",
        0
      ],
      [
        "01011011000000001110111",
        0
      ],
      [
        "00111011000000001110111",
        1
      ],
      [
        "01010111000000001110111",
        0
      ],
      [
        "00110111000000001110111",
        1
      ],
      [
        "00101111000000001110111",
        0
      ],
      [
        "01011100001000001110111",
        1
      ],
      [
        "01011010001000001110111",
        1
      ],
      [
        "01110001001000001110111",
        1
      ],
      [
        "01011001001000001110111",
        1
      ],
      [
        "00111001001000001110111",
        0
      ],
      [
        "00101101001000001110111",
        1
      ],
      [
        "01010011001000001110111",
        0
      ],
      [
        "01000111001000001110111",
        1
      ],
      [
        "01110000101000001110111",
        0
      ],
      [
        "01011000101000001110111",
        0
      ],
      [
        "00111000101000001110111",
        1
      ],
      [
        "01010100101000001110111",
        0
      ],
      [
        "00101100101000001110111",
        0
      ],
      [
        "01010010101000001110111",
        1
      ],
      [
        "01000110101000001110111",
        0
      ],
      [
        "01010001101000001110111",
        1
      ],
      [
        "01000101101000001110111",
        0
      ],
      [
        "01000011101000001110111",
        0
      ],
      [
        "01010000111000001110111",
        1
      ],
      [
        "00110000111000001110111",
        0
      ],
      [
        "01001000111000001110111",
        0
      ],
      [
        "00101000111000001110111",
        2
      ],
      [
        "00100100111000001110111",
        1
      ],
      [
        "00001100111000001110111",
        2
      ],
      [
        "00000110111000001110111",
        2
      ],
      [
        "00000101111000001110111",
        2
      ],
      [
        "00000011111000001110111",
        1
      ],
      [
        "01011010000100001110111",
        1
      ],
      [
        "00111010000100001110111",
        0
      ],
      [
        "00111000100100001110111",
        1
      ],
      [
        "00110001100100001110111",
        0
      ],
      [
        "00100101100100001110111",
        2
      ],
      [
        "01010101000000011110111",
        1
      ],
      [
        "00110101000000011110111",
        0
      ],
      [
        "00101101000000011110111",
        1
      ],
      [
        "00101011000000011110111",
        0
      ],
      [
        "00101010100000011110111",
        2
      ],
      [
        "11110101001000000001111",
        0
      ],
      [
        "11110011001000000001111",
        0
      ],
      [
        "11011011001000000001111",
        0
      ],
      [
        "11010111001000000001111",
        0
      ],
      [
        "11011010101000000001111",
        0
      ],
      [
        "11111100000010000001111",
        0
      ],
      [
        "11111010000010000001111",
        0
      ],
      [
        "11111001000010000001111",
        0
      ],
      [
        "11110011000010000001111",
        0
      ],
      [
        "11011011000010000001111",
        0
      ],
      [
        "11010111000010000001111",
        0
      ],
      [
        "11011010100010000001111",
        0
      ],
      [
        "11011001001010000001111",
        0
      ],
      [
        "11011000101010000001111",
        0
      ],
      [
        "11111100000001000001111",
        0
      ],
      [
        "11111010000001000001111",
        0
      ],
      [
        "11111001000001000001111",
        0
      ],
      [
        "11110011000001000001111",
        0
      ],
      [
        "11010111000001000001111",
        0
      ],
      [
        "11110010100001000001111",
        0
      ],
      [
        "11011010100001000001111",
        0
      ],
      [
        "11110000110001000001111",
        0
      ],
      [
        "11110001001001000001111",
        0
      ],
      [
        "11011001001001000001111",
        0
      ],
      [
        "01011101001001000001111",
        0
      ],
      [
        "00111101001001000001111",
        1
      ],
      [
        "01110011001001000001111",
        0
      ],
      [
        "01011011001001000001111",
        0
      ],
      [
        "00111011001001000001111",
        1
      ],
      [
        "11011000101001000001111",
        0
      ],
      [
        "01011010101001000001111",
        0
      ],
      [
        "00111010101001000001111",
        1
      ],
      [
        "00111101000011000001111",
        0
      ],
      [
        "01110011000011000001111",
        1
      ],
      [
        "00111011000011000001111",
        0
      ],
      [
        "00111010100011000001111",
        0
      ],
      [
        "00111010000111000001111",
        1
      ],
      [
        "01110001000111000001111",
        0
      ],
      [
        "00111001000111000001111",
        1
      ],
      [
        "00110101000111000001111",
        1
      ],
      [
        "00110011000111000001111",
        0
      ],
      [
        "01110000100111000001111",
        1
      ],
      [
        "00111000100111000001111",
        0
      ],
      [
        "00110010100111000001111",
        1
      ],
      [
        "00111000010111000001111",
        0
      ],
      [
        "00110001010111000001111",
        1
      ],
      [
        "00100101010111000001111",
        0
      ],
      [
        "01010000110111000001111",
        0
      ],
      [
        "00110000110111000001111",
        1
      ],
      [
        "01001000110111000001111",
        1
      ],
      [
        "00100100110111000001111",
        0
      ],
      [
        "00001100110111000001111",
        0
      ],
      [
        "00100010110111000001111",
        0
      ],
      [
        "11111100000000100001111",
        1
      ],
      [
        "11111010000000100001111",
        1
      ],
      [
        "11111001000000100001111",
        1
      ],
      [
        "11110011000000100001111",
        1
      ],
      [
        "11010111000000100001111",
        1
      ],
      [
        "11110010100000100001111",
        1
      ],
      [
        "11011010100000100001111",
        1
      ],
      [
        "11110000110000100001111",
        1
      ],
      [
        "11110001001000100001111",
        1
      ],
      [
        "11011001001000100001111",
        1
      ],
      [
        "11011000101000100001111",
        1
      ],
      [
        "00100101010110100001111",
        1
      ],
      [
        "00100100110110100001111",
        1
      ],
      [
        "00001100110110100001111",
        2
      ],
      [
        "00100010110110100001111",
        1
      ],
      [
        "11111100000000010001111",
        1
      ],
      [
        "11111010000000010001111",
        1
      ],
      [
        "11111001000000010001111",
        1
      ],
      [
        "11110011000000010001111",
        1
      ],
      [
        "11011011000000010001111",
        1
      ],
      [
        "11010111000000010001111",
        1
      ],
      [
        "11011010100000010001111",
        1
      ],
      [
        "11011001001000010001111",
        1
      ],
      [
        "01110101001000010001111",
        1
      ],
      [
        "01110011001000010001111",
        1
      ],
      [
        "01011011001000010001111",
        1
      ],
      [
        "00111011001000010001111",
        0
      ],
      [
        "01010111001000010001111",
        1
      ],
      [
        "00110111001000010001111",
        0
      ],
      [
        "00101111001000010001111",
        1
      ],
      [
        "11011000101000010001111",
        1
      ],
      [
        "01011010101000010001111",
        1
      ],
      [
        "00111010101000010001111",
        0
      ],
      [
        "01110101000010010001111",
        0
      ],
      [
        "01110011000010010001111",
        0
      ],
      [
        "00111011000010010001111",
        1
      ],
      [
        "00101111000010010001111",
        0
      ],
      [
        "00111010100010010001111",
        1
      ],
      [
        "00111010000110010001111",
        0
      ],
      [
        "01110001000110010001111",
        1
      ],
      [
        "00111001000110010001111",
        0
      ],
      [
        "01010101000110010001111",
        1
      ],
      [
        "01001101000110010001111",
        0
      ],
      [
        "00101101000110010001111",
        1
      ],
      [
        "01001011000110010001111",
        1
      ],
      [
        "01110000100110010001111",
        0
      ],
      [
        "00111000100110010001111",
        1
      ],
      [
        "00101100100110010001111",
        0
      ],
      [
        "01001010100110010001111",
        0
      ],
      [
        "00111000010110010001111",
        1
      ],
      [
        "00110001010110010001111",
        0
      ],
      [
        "00100101010110010001111",
        2
      ],
      [
        "01010000110110010001111",
        1
      ],
      [
        "00110000110110010001111",
        0
      ],
      [
        "01001000110110010001111",
        0
      ],
      [
        "00101000110110010001111",
        2
      ],
      [
        "00100100110110010001111",
        2
      ],
      [
        "00001100110110010001111",
        1
      ],
      [
        "00001010110110010001111",
        2
      ],
      [
        "01111100000001010001111",
        0
      ],
      [
        "01111010000001010001111",
        0
      ],
      [
        "11011001000001010001111",
        0
      ],
      [
        "01111001000001010001111",
        0
      ],
      [
        "01110011000001010001111",
        0
      ],
      [
        "01011011000001010001111",
        0
      ],
      [
        "00111011000001010001111",
        1
      ],
      [
        "01010111000001010001111",
        0
      ],
      [
        "00110111000001010001111",
        1
      ],
      [
        "00101111000001010001111",
        0
      ],
      [
        "11011000100001010001111",
        0
      ],
      [
        "01011010100001010001111",
        0
      ],
      [
        "00111010100001010001111",
        1
      ],
      [
        "01011100001001010001111",
        1
      ],
      [
        "01011010001001010001111",
        1
      ],
      [
        "00111010001001010001111",
        0
      ],
      [
        "01110001001001010001111",
        1
      ],
      [
        "01011001001001010001111",
        1
      ],
      [
        "00111001001001010001111",
        0
      ],
      [
        "00101101001001010001111",
        1
      ],
      [
        "01010011001001010001111",
        0
      ],
      [
        "01000111001001010001111",
        1
      ],
      [
        "01110000101001010001111",
        0
      ],
      [
        "01011000101001010001111",
        0
      ],
      [
        "00111000101001010001111",
        1
      ],
      [
        "01010100101001010001111",
        0
      ],
      [
        "00101100101001010001111",
        0
      ],
      [
        "01010010101001010001111",
        1
      ],
      [
        "01000110101001010001111",
        0
      ],
      [
        "01010001101001010001111",
        1
      ],
      [
        "01000101101001010001111",
        0
      ],
      [
        "01000011101001010001111",
        0
      ],
      [
        "00111000011001010001111",
        1
      ],
      [
        "00110001011001010001111",
        0
      ],
      [
        "00100101011001010001111",
        2
      ],
      [
        "01010000111001010001111",
        1
      ],
      [
        "00110000111001010001111",
        0
      ],
      [
        "01001000111001010001111",
        0
      ],
      [
        "00101000111001010001111",
        2
      ],
      [
        "00100100111001010001111",
        2
      ],
      [
        "00001100111001010001111",
        2
      ],
      [
        "00000110111001010001111",
        2
      ],
      [
        "00000101111001010001111",
        2
      ],
      [
        "00000011111001010001111",
        1
      ],
      [
        "11011000000101010001111",
        1
      ],
      [
        "01011001000101010001111",
        1
      ],
      [
        "00111001000101010001111",
        0
      ],
      [
        "00110011000101010001111",
        1
      ],
      [
        "00100111000101010001111",
        0
      ],
      [
        "00100110100101010001111",
        2
      ],
      [
        "01011000010101010001111",
        0
      ],
      [
        "00111000010101010001111",
        1
      ],
      [
        "00110010010101010001111",
        0
      ],
      [
        "00100110010101010001111",
        1
      ],
      [
        "01111100000000110001111",
        0
      ],
      [
        "01111010000000110001111",
        0
      ],
      [
        "11110001000000110001111",
        0
      ],
      [
        "11011001000000110001111",
        0
      ],
      [
        "01111001000000110001111",
        0
      ],
      [
        "01110011000000110001111",
        0
      ],
      [
        "01010111000000110001111",
        0
      ],
      [
        "00110111000000110001111",
        1
      ],
      [
        "00101111000000110001111",
        0
      ],
      [
        "11011000100000110001111",
        0
      ],
      [
        "01110010100000110001111",
        0
      ],
      [
        "01011010100000110001111",
        0
      ],
      [
        "00111010100000110001111",
        1
      ],
      [
        "11110000010000110001111",
        0
      ],
      [
        "11110000001000110001111",
        1
      ],
      [
        "01011100001000110001111",
        1
      ],
      [
        "01110010001000110001111",
        1
      ],
      [
        "01011010001000110001111",
        1
      ],
      [
        "00111010001000110001111",
        0
      ],
      [
        "01110001001000110001111",
        1
      ],
      [
        "01011001001000110001111",
        1
      ],
      [
        "00101101001000110001111",
        1
      ],
      [
        "01010011001000110001111",
        0
      ],
      [
        "01000111001000110001111",
        1
      ],
      [
        "01110000101000110001111",
        0
      ],
      [
        "01011000101000110001111",
        0
      ],
      [
        "01010100101000110001111",
        0
      ],
      [
        "00101100101000110001111",
        0
      ],
      [
        "01010010101000110001111",
        1
      ],
      [
        "01000110101000110001111",
        0
      ],
      [
        "01010001101000110001111",
        1
      ],
      [
        "01000101101000110001111",
        0
      ],
      [
        "01000011101000110001111",
        0
      ],
      [
        "01110000011000110001111",
        0
      ],
      [
        "00111000011000110001111",
        1
      ],
      [
        "01010001011000110001111",
        1
      ],
      [
        "00110001011000110001111",
        0
      ],
      [
        "01001001011000110001111",
        0
      ],
      [
        "00100101011000110001111",
        2
      ],
      [
        "00001101011000110001111",
        2
      ],
      [
        "01010000111000110001111",
        1
      ],
      [
        "01001000111000110001111",
        0
      ],
      [
        "00101000111000110001111",
        2
      ],
      [
        "00001100111000110001111",
        2
      ],
      [
        "00000110111000110001111",
        2
      ],
      [
        "00000101111000110001111",
        2
      ],
      [
        "00000011111000110001111",
        1
      ],
      [
        "11011000000100110001111",
        1
      ],
      [
        "01110001000100110001111",
        1
      ],
      [
        "01011001000100110001111",
        1
      ],
      [
        "00111001000100110001111",
        0
      ],
      [
        "01010011000100110001111",
        0
      ],
      [
        "00110011000100110001111",
        1
      ],
      [
        "01001011000100110001111",
        1
      ],
      [
        "00100111000100110001111",
        0
      ],
      [
        "00001111000100110001111",
        0
      ],
      [
        "00100110100100110001111",
        1
      ],
      [
        "00001110100100110001111",
        1
      ],
      [
        "01011000010100110001111",
        0
      ],
      [
        "00111000010100110001111",
        1
      ],
      [
        "00110010010100110001111",
        0
      ],
      [
        "00100110010100110001111",
        2
      ],
      [
        "01110000001100110001111",
        0
      ],
      [
        "01010010001100110001111",
        1
      ],
      [
        "01001010001100110001111",
        0
      ],
      [
        "00001110001100110001111",
        2
      ],
      [
        "11111100000000001001111",
        1
      ],
      [
        "11111010000000001001111",
        1
      ],
      [
        "11111001000000001001111",
        1
      ],
      [
        "11110101000000001001111",
        1
      ],
      [
        "11110011000000001001111",
        1
      ],
      [
        "11010111000000001001111",
        1
      ],
      [
        "11001111000000001001111",
        1
      ],
      [
        "11110010001000001001111",
        1
      ],
      [
        "01110101001000001001111",
        1
      ],
      [
        "01110011001000001001111",
        1
      ],
      [
        "01011011001000001001111",
        1
      ],
      [
        "00111011001000001001111",
        0
      ],
      [
        "01010111001000001001111",
        1
      ],
      [
        "00110111001000001001111",
        0
      ],
      [
        "00101111001000001001111",
        1
      ],
      [
        "11011000101000001001111",
        1
      ],
      [
        "11010010101000001001111",
        1
      ],
      [
        "01011010101000001001111",
        1
      ],
      [
        "00111010101000001001111",
        0
      ],
      [
        "01110101000010001001111",
        0
      ],
      [
        "01110011000010001001111",
        0
      ],
      [
        "00111011000010001001111",
        1
      ],
      [
        "00101111000010001001111",
        0
      ],
      [
        "00111010100010001001111",
        1
      ],
      [
        "00111010000110001001111",
        0
      ],
      [
        "01110001000110001001111",
        1
      ],
      [
        "00111001000110001001111",
        0
      ],
      [
        "01010101000110001001111",
        1
      ],
      [
        "01001101000110001001111",
        0
      ],
      [
        "00101101000110001001111",
        1
      ],
      [
        "01001011000110001001111",
        1
      ],
      [
        "01110000100110001001111",
        0
      ],
      [
        "00111000100110001001111",
        1
      ],
      [
        "00101100100110001001111",
        0
      ],
      [
        "01001010100110001001111",
        0
      ],
      [
        "00111000010110001001111",
        1
      ],
      [
        "00110001010110001001111",
        0
      ],
      [
        "00100101010110001001111",
        2
      ],
      [
        "01010000110110001001111",
        1
      ],
      [
        "00110000110110001001111",
        0
      ],
      [
        "01001000110110001001111",
        0
      ],
      [
        "00101000110110001001111",
        2
      ],
      [
        "00100100110110001001111",
        2
      ],
      [
        "00001100110110001001111",
        2
      ],
      [
        "00001010110110001001111",
        2
      ],
      [
        "01111100000001001001111",
        0
      ],
      [
        "11110010000001001001111",
        0
      ],
      [
        "01111010000001001001111",
        0
      ],
      [
        "01111001000001001001111",
        0
      ],
      [
        "01110101000001001001111",
        0
      ],
      [
        "01110011000001001001111",
        0
      ],
      [
        "11000111000001001001111",
        0
      ],
      [
        "01010111000001001001111",
        0
      ],
      [
        "00110111000001001001111",
        1
      ],
      [
        "00101111000001001001111",
        0
      ],
      [
        "11011000100001001001111",
        0
      ],
      [
        "11010010100001001001111",
        0
      ],
      [
        "01011100001001001001111",
        1
      ],
      [
        "01011010001001001001111",
        1
      ],
      [
        "01110001001001001001111",
        1
      ],
      [
        "01011001001001001001111",
        1
      ],
      [
        "11000101001001001001111",
        1
      ],
      [
        "01010101001001001001111",
        1
      ],
      [
        "01001101001001001001111",
        0
      ],
      [
        "00101101001001001001111",
        1
      ],
      [
        "01010011001001001001111",
        0
      ],
      [
        "01001011001001001001111",
        1
      ],
      [
        "01000111001001001001111",
        1
      ],
      [
        "01110000101001001001111",
        0
      ],
      [
        "01011000101001001001111",
        0
      ],
      [
        "11000100101001001001111",
        0
      ],
      [
        "01010100101001001001111",
        0
      ],
      [
        "00101100101001001001111",
        0
      ],
      [
        "01010010101001001001111",
        1
      ],
      [
        "01001010101001001001111",
        0
      ],
      [
        "01000110101001001001111",
        0
      ],
      [
        "01010001101001001001111",
        1
      ],
      [
        "01000101101001001001111",
        0
      ],
      [
        "01000011101001001001111",
        0
      ],
      [
        "11000000111001001001111",
        1
      ],
      [
        "01010000111001001001111",
        1
      ],
      [
        "01001000111001001001111",
        0
      ],
      [
        "00101000111001001001111",
        2
      ],
      [
        "00001100111001001001111",
        2
      ],
      [
        "00001010111001001001111",
        2
      ],
      [
        "00000110111001001001111",
        2
      ],
      [
        "00000101111001001001111",
        2
      ],
      [
        "00000011111001001001111",
        1
      ],
      [
        "11011000000101001001111",
        1
      ],
      [
        "11010010000101001001111",
        1
      ],
      [
        "01110010000101001001111",
        1
      ],
      [
        "01110000100101001001111",
        0
      ],
      [
        "01010001100101001001111",
        1
      ],
      [
        "01001001100101001001111",
        0
      ],
      [
        "00001101100101001001111",
        2
      ],
      [
        "11010000010101001001111",
        0
      ],
      [
        "01011000010101001001111",
        0
      ],
      [
        "00111000010101001001111",
        1
      ],
      [
        "00110010010101001001111",
        0
      ],
      [
        "00100110010101001001111",
        2
      ],
      [
        "01010001010101001001111",
        1
      ],
      [
        "00110001010101001001111",
        0
      ],
      [
        "00101001010101001001111",
        1
      ],
      [
        "01000000111101001001111",
        0
      ],
      [
        "00100000111101001001111",
        2
      ],
      [
        "01111100000000101001111",
        0
      ],
      [
        "11110010000000101001111",
        0
      ],
      [
        "01111010000000101001111",
        0
      ],
      [
        "11011001000000101001111",
        0
      ],
      [
        "01111001000000101001111",
        0
      ],
      [
        "01110011000000101001111",
        0
      ],
      [
        "01010111000000101001111",
        0
      ],
      [
        "00110111000000101001111",
        1
      ],
      [
        "00101111000000101001111",
        0
      ],
      [
        "01110010100000101001111",
        0
      ],
      [
        "11110000010000101001111",
        0
      ],
      [
        "11110000001000101001111",
        1
      ],
      [
        "01011100001000101001111",
        1
      ],
      [
        "01110010001000101001111",
        1
      ],
      [
        "01011010001000101001111",
        1
      ],
      [
        "01110001001000101001111",
        1
      ],
      [
        "01011001001000101001111",
        1
      ],
      [
        "00101101001000101001111",
        1
      ],
      [
        "01010011001000101001111",
        0
      ],
      [
        "01000111001000101001111",
        1
      ],
      [
        "01110000101000101001111",
        0
      ],
      [
        "01011000101000101001111",
        0
      ],
      [
        "01010100101000101001111",
        0
      ],
      [
        "00101100101000101001111",
        0
      ],
      [
        "01010010101000101001111",
        1
      ],
      [
        "01000110101000101001111",
        0
      ],
      [
        "01010001101000101001111",
        1
      ],
      [
        "01000101101000101001111",
        0
      ],
      [
        "01000011101000101001111",
        0
      ],
      [
        "01110000011000101001111",
        0
      ],
      [
        "01010001011000101001111",
        1
      ],
      [
        "01001001011000101001111",
        0
      ],
      [
        "00001101011000101001111",
        2
      ],
      [
        "01010000111000101001111",
        1
      ],
      [
        "01001000111000101001111",
        0
      ],
      [
        "00101000111000101001111",
        2
      ],
      [
        "00001100111000101001111",
        2
      ],
      [
        "00000110111000101001111",
        2
      ],
      [
        "00000101111000101001111",
        2
      ],
      [
        "00000011111000101001111",
        1
      ],
      [
        "01110010000100101001111",
        1
      ],
      [
        "01011001000100101001111",
        1
      ],
      [
        "00111001000100101001111",
        0
      ],
      [
        "00110011000100101001111",
        1
      ],
      [
        "00100111000100101001111",
        0
      ],
      [
        "01110000100100101001111",
        0
      ],
      [
        "00100110100100101001111",
        2
      ],
      [
        "01010001100100101001111",
        1
      ],
      [
        "01001001100100101001111",
        0
      ],
      [
        "00001101100100101001111",
        1
      ],
      [
        "01110000001100101001111",
        0
      ],
      [
        "01010010001100101001111",
        1
      ],
      [
        "01001010001100101001111",
        0
      ],
      [
        "00001110001100101001111",
        2
      ],
      [
        "01111100000000011001111",
        0
      ],
      [
        "11011010000000011001111",
        0
      ],
      [
        "01111010000000011001111",
        0
      ],
      [
        "01111001000000011001111",
        0
      ],
      [
        "01011101000000011001111",
        0
      ],
      [
        "00111101000000011001111",
        1
      ],
      [
        "01110011000000011001111",
        0
      ],
      [
        "11000111000000011001111",
        0
      ],
      [
        "01010111000000011001111",
        0
      ],
      [
        "00110111000000011001111",
        1
      ],
      [
        "00101111000000011001111",
        0
      ],
      [
        "01011100001000011001111",
        1
      ],
      [
        "01011010001000011001111",
        1
      ],
      [
        "01110001001000011001111",
        1
      ],
      [
        "01011001001000011001111",
        1
      ],
      [
        "11000101001000011001111",
        1
      ],
      [
        "00110101001000011001111",
        0
      ],
      [
        "00101101001000011001111",
        1
      ],
      [
        "01010011001000011001111",
        0
      ],
      [
        "00110011001000011001111",
        1
      ],
      [
        "01000111001000011001111",
        1
      ],
      [
        "01110000101000011001111",
        0
      ],
      [
        "01011000101000011001111",
        0
      ],
      [
        "11000100101000011001111",
        0
      ],
      [
        "01010100101000011001111",
        0
      ],
      [
        "00101100101000011001111",
        0
      ],
      [
        "01010010101000011001111",
        1
      ],
      [
        "00110010101000011001111",
        0
      ],
      [
        "01000110101000011001111",
        0
      ],
      [
        "01010001101000011001111",
        1
      ],
      [
        "01000101101000011001111",
        0
      ],
      [
        "01000011101000011001111",
        0
      ],
      [
        "11000000111000011001111",
        1
      ],
      [
        "01010000111000011001111",
        1
      ],
      [
        "01001000111000011001111",
        0
      ],
      [
        "00101000111000011001111",
        1
      ],
      [
        "00001100111000011001111",
        2
      ],
      [
        "00100010111000011001111",
        2
      ],
      [
        "00000110111000011001111",
        2
      ],
      [
        "00000101111000011001111",
        2
      ],
      [
        "00000011111000011001111",
        1
      ],
      [
        "01011010000100011001111",
        1
      ],
      [
        "00111010000100011001111",
        0
      ],
      [
        "00111000100100011001111",
        1
      ],
      [
        "00110001100100011001111",
        0
      ],
      [
        "00100101100100011001111",
        2
      ],
      [
        "01000000111100011001111",
        0
      ],
      [
        "00100000111100011001111",
        2
      ],
      [
        "11010010000001011001111",
        1
      ],
      [
        "11010000010001011001111",
        0
      ],
      [
        "01010001010001011001111",
        1
      ],
      [
        "00110001010001011001111",
        0
      ],
      [
        "00101001010001011001111",
        2
      ],
      [
        "11111100000000000101111",
        1
      ],
      [
        "11111010000000000101111",
        1
      ],
      [
        "11111001000000000101111",
        1
      ],
      [
        "11110011000000000101111",
        1
      ],
      [
        "11010111000000000101111",
        1
      ],
      [
        "11001111000000000101111",
        1
      ],
      [
        "11010101001000000101111",
        1
      ],
      [
        "01110101001000000101111",
        1
      ],
      [
        "11001101001000000101111",
        1
      ],
      [
        "01011101001000000101111",
        1
      ],
      [
        "00111101001000000101111",
        0
      ],
      [
        "01110011001000000101111",
        1
      ],
      [
        "01011011001000000101111",
        1
      ],
      [
        "00111011001000000101111",
        0
      ],
      [
        "01010111001000000101111",
        1
      ],
      [
        "00110111001000000101111",
        0
      ],
      [
        "00101111001000000101111",
        1
      ],
      [
        "01110010101000000101111",
        1
      ],
      [
        "01011010101000000101111",
        1
      ],
      [
        "00111010101000000101111",
        0
      ],
      [
        "01110101000010000101111",
        0
      ],
      [
        "00111101000010000101111",
        1
      ],
      [
        "01110011000010000101111",
        0
      ],
      [
        "00111011000010000101111",
        1
      ],
      [
        "00101111000010000101111",
        0
      ],
      [
        "01110010100010000101111",
        0
      ],
      [
        "00111010100010000101111",
        1
      ],
      [
        "01110010000110000101111",
        1
      ],
      [
        "00111010000110000101111",
        0
      ],
      [
        "01110001000110000101111",
        1
      ],
      [
        "00111001000110000101111",
        0
      ],
      [
        "01010101000110000101111",
        1
      ],
      [
        "00110101000110000101111",
        0
      ],
      [
        "01001101000110000101111",
        0
      ],
      [
        "00101101000110000101111",
        1
      ],
      [
        "00110011000110000101111",
        1
      ],
      [
        "01001011000110000101111",
        1
      ],
      [
        "01110000100110000101111",
        0
      ],
      [
        "00111000100110000101111",
        1
      ],
      [
        "00101100100110000101111",
        0
      ],
      [
        "00110010100110000101111",
        0
      ],
      [
        "01001010100110000101111",
        0
      ],
      [
        "01110000010110000101111",
        0
      ],
      [
        "00111000010110000101111",
        1
      ],
      [
        "01010001010110000101111",
        1
      ],
      [
        "00110001010110000101111",
        0
      ],
      [
        "01001001010110000101111",
        0
      ],
      [
        "00100101010110000101111",
        2
      ],
      [
        "00001101010110000101111",
        1
      ],
      [
        "01010000110110000101111",
        1
      ],
      [
        "00110000110110000101111",
        0
      ],
      [
        "01001000110110000101111",
        0
      ],
      [
        "00101000110110000101111",
        1
      ],
      [
        "00100100110110000101111",
        1
      ],
      [
        "00001100110110000101111",
        2
      ],
      [
        "00100010110110000101111",
        2
      ],
      [
        "00001010110110000101111",
        2
      ],
      [
        "01111100000001000101111",
        0
      ],
      [
        "01111010000001000101111",
        0
      ],
      [
        "01111001000001000101111",
        0
      ],
      [
        "11010101000001000101111",
        0
      ],
      [
        "11001101000001000101111",
        0
      ],
      [
        "01110011000001000101111",
        0
      ],
      [
        "11000111000001000101111",
        0
      ],
      [
        "01010111000001000101111",
        0
      ],
      [
        "00110111000001000101111",
        1
      ],
      [
        "00101111000001000101111",
        0
      ],
      [
        "01011100001001000101111",
        1
      ],
      [
        "01011010001001000101111",
        1
      ],
      [
        "01110001001001000101111",
        1
      ],
      [
        "01011001001001000101111",
        1
      ],
      [
        "11000101001001000101111",
        1
      ],
      [
        "00101101001001000101111",
        1
      ],
      [
        "01010011001001000101111",
        0
      ],
      [
        "01000111001001000101111",
        1
      ],
      [
        "01110000101001000101111",
        0
      ],
      [
        "01011000101001000101111",
        0
      ],
      [
        "11000100101001000101111",
        0
      ],
      [
        "01010100101001000101111",
        0
      ],
      [
        "00101100101001000101111",
        0
      ],
      [
        "01010010101001000101111",
        1
      ],
      [
        "01000110101001000101111",
        0
      ],
      [
        "01010001101001000101111",
        1
      ],
      [
        "01000101101001000101111",
        0
      ],
      [
        "01000011101001000101111",
        0
      ],
      [
        "11000000111001000101111",
        1
      ],
      [
        "01010000111001000101111",
        1
      ],
      [
        "01001000111001000101111",
        0
      ],
      [
        "00101000111001000101111",
        2
      ],
      [
        "00001100111001000101111",
        2
      ],
      [
        "00000110111001000101111",
        1
      ],
      [
        "00000101111001000101111",
        2
      ],
      [
        "00000011111001000101111",
        1
      ],
      [
        "11000101000101000101111",
        1
      ],
      [
        "01010101000101000101111",
        1
      ],
      [
        "00110101000101000101111",
        0
      ],
      [
        "00101101000101000101111",
        1
      ],
      [
        "11000011000101000101111",
        0
      ],
      [
        "00101011000101000101111",
        0
      ],
      [
        "11000010100101000101111",
        1
      ],
      [
        "00101010100101000101111",
        2
      ],
      [
        "01000010110101000101111",
        0
      ],
      [
        "00100010110101000101111",
        1
      ],
      [
        "01000000111101000101111",
        0
      ],
      [
        "00100000111101000101111",
        2
      ],
      [
        "01111100000000100101111",
        0
      ],
      [
        "01111010000000100101111",
        0
      ],
      [
        "01111001000000100101111",
        0
      ],
      [
        "11010101000000100101111",
        0
      ],
      [
        "01110101000000100101111",
        0
      ],
      [
        "01110011000000100101111",
        0
      ],
      [
        "11000111000000100101111",
        0
      ],
      [
        "01010111000000100101111",
        0
      ],
      [
        "00110111000000100101111",
        1
      ],
      [
        "00101111000000100101111",
        0
      ],
      [
        "11011000100000100101111",
        0
      ],
      [
        "01011100001000100101111",
        1
      ],
      [
        "01011010001000100101111",
        1
      ],
      [
        "01110001001000100101111",
        1
      ],
      [
        "01011001001000100101111",
        1
      ],
      [
        "11000101001000100101111",
        1
      ],
      [
        "01010101001000100101111",
        1
      ],
      [
        "01001101001000100101111",
        0
      ],
      [
        "00101101001000100101111",
        1
      ],
      [
        "01010011001000100101111",
        0
      ],
      [
        "01001011001000100101111",
        1
      ],
      [
        "01000111001000100101111",
        1
      ],
      [
        "01110000101000100101111",
        0
      ],
      [
        "01011000101000100101111",
        0
      ],
      [
        "11000100101000100101111",
        0
      ],
      [
        "01010100101000100101111",
        0
      ],
      [
        "00101100101000100101111",
        0
      ],
      [
        "01010010101000100101111",
        1
      ],
      [
        "01001010101000100101111",
        0
      ],
      [
        "01000110101000100101111",
        0
      ],
      [
        "01010001101000100101111",
        1
      ],
      [
        "01000101101000100101111",
        0
      ],
      [
        "01000011101000100101111",
        0
      ],
      [
        "11000000111000100101111",
        1
      ],
      [
        "01010000111000100101111",
        1
      ],
      [
        "01001000111000100101111",
        0
      ],
      [
        "00101000111000100101111",
        2
      ],
      [
        "00001100111000100101111",
        2
      ],
      [
        "00001010111000100101111",
        2
      ],
      [
        "00000110111000100101111",
        2
      ],
      [
        "00000101111000100101111",
        2
      ],
      [
        "00000011111000100101111",
        1
      ],
      [
        "11011000000100100101111",
        1
      ],
      [
        "01010101000100100101111",
        1
      ],
      [
        "00110101000100100101111",
        0
      ],
      [
        "00101101000100100101111",
        1
      ],
      [
        "00101011000100100101111",
        0
      ],
      [
        "00101010100100100101111",
        1
      ],
      [
        "01011000010100100101111",
        0
      ],
      [
        "00111000010100100101111",
        1
      ],
      [
        "00110010010100100101111",
        0
      ],
      [
        "00100110010100100101111",
        2
      ],
      [
        "01000000111100100101111",
        0
      ],
      [
        "00100000111100100101111",
        2
      ],
      [
        "01111100000000010101111",
        0
      ],
      [
        "11110010000000010101111",
        0
      ],
      [
        "01111010000000010101111",
        0
      ],
      [
        "11011001000000010101111",
        0
      ],
      [
        "01111001000000010101111",
        0
      ],
      [
        "11010101000000010101111",
        0
      ],
      [
        "11010011000000010101111",
        0
      ],
      [
        "01110011000000010101111",
        0
      ],
      [
        "11000111000000010101111",
        0
      ],
      [
        "01010111000000010101111",
        0
      ],
      [
        "00110111000000010101111",
        1
      ],
      [
        "00101111000000010101111",
        0
      ],
      [
        "11011000100000010101111",
        0
      ],
      [
        "01110010100000010101111",
        0
      ],
      [
        "11110000010000010101111",
        0
      ],
      [
        "11110000001000010101111",
        1
      ],
      [
        "01011100001000010101111",
        1
      ],
      [
        "01110010001000010101111",
        1
      ],
      [
        "01011010001000010101111",
        1
      ],
      [
        "01110001001000010101111",
        1
      ],
      [
        "01011001001000010101111",
        1
      ],
      [
        "11000101001000010101111",
        1
      ],
      [
        "00101101001000010101111",
        1
      ],
      [
        "01010011001000010101111",
        0
      ],
      [
        "01000111001000010101111",
        1
      ],
      [
        "01110000101000010101111",
        0
      ],
      [
        "01011000101000010101111",
        0
      ],
      [
        "11000100101000010101111",
        0
      ],
      [
        "01010100101000010101111",
        0
      ],
      [
        "00101100101000010101111",
        0
      ],
      [
        "01010010101000010101111",
        1
      ],
      [
        "01000110101000010101111",
        0
      ],
      [
        "01010001101000010101111",
        1
      ],
      [
        "01000101101000010101111",
        0
      ],
      [
        "01000011101000010101111",
        0
      ],
      [
        "01110000011000010101111",
        0
      ],
      [
        "01010001011000010101111",
        1
      ],
      [
        "01001001011000010101111",
        0
      ],
      [
        "00001101011000010101111",
        2
      ],
      [
        "11000000111000010101111",
        1
      ],
      [
        "01010000111000010101111",
        1
      ],
      [
        "01001000111000010101111",
        0
      ],
      [
        "00101000111000010101111",
        2
      ],
      [
        "00001100111000010101111",
        2
      ],
      [
        "00000110111000010101111",
        2
      ],
      [
        "00000101111000010101111",
        2
      ],
      [
        "00000011111000010101111",
        1
      ],
      [
        "11011000000100010101111",
        1
      ],
      [
        "01110010000100010101111",
        1
      ],
      [
        "11010001000100010101111",
        1
      ],
      [
        "01011001000100010101111",
        1
      ],
      [
        "00111001000100010101111",
        0
      ],
      [
        "01010101000100010101111",
        1
      ],
      [
        "00110101000100010101111",
        0
      ],
      [
        "00101101000100010101111",
        1
      ],
      [
        "00110011000100010101111",
        1
      ],
      [
        "00101011000100010101111",
        0
      ],
      [
        "00100111000100010101111",
        0
      ],
      [
        "11010000100100010101111",
        0
      ],
      [
        "01110000100100010101111",
        0
      ],
      [
        "00101010100100010101111",
        1
      ],
      [
        "00100110100100010101111",
        2
      ],
      [
        "01010001100100010101111",
        1
      ],
      [
        "01001001100100010101111",
        0
      ],
      [
        "00001101100100010101111",
        1
      ],
      [
        "01011000010100010101111",
        0
      ],
      [
        "00111000010100010101111",
        1
      ],
      [
        "00110010010100010101111",
        0
      ],
      [
        "00100110010100010101111",
        2
      ],
      [
        "01010000110100010101111",
        1
      ],
      [
        "00110000110100010101111",
        0
      ],
      [
        "00101000110100010101111",
        2
      ],
      [
        "01110000001100010101111",
        0
      ],
      [
        "01010010001100010101111",
        1
      ],
      [
        "01001010001100010101111",
        0
      ],
      [
        "00001110001100010101111",
        2
      ],
      [
        "01000000111100010101111",
        0
      ],
      [
        "00100000111100010101111",
        2
      ],
      [
        "11010000001001010101111",
        0
      ],
      [
        "01110000001001010101111",
        0
      ],
      [
        "01010010001001010101111",
        1
      ],
      [
        "01001010001001010101111",
        0
      ],
      [
        "00001110001001010101111",
        2
      ],
      [
        "01010001001001010101111",
        1
      ],
      [
        "00110001001001010101111",
        0
      ],
      [
        "00101001001001010101111",
        2
      ],
      [
        "11011000000000110101111",
        1
      ],
      [
        "01011000010000110101111",
        0
      ],
      [
        "00111000010000110101111",
        1
      ],
      [
        "00110010010000110101111",
        0
      ],
      [
        "00100110010000110101111",
        1
      ],
      [
        "01111100000000001101111",
        0
      ],
      [
        "11110010000000001101111",
        0
      ],
      [
        "11011010000000001101111",
        0
      ],
      [
        "01111010000000001101111",
        0
      ],
      [
        "01111001000000001101111",
        0
      ],
      [
        "01110011000000001101111",
        0
      ],
      [
        "01011011000000001101111",
        0
      ],
      [
        "00111011000000001101111",
        1
      ],
      [
        "01010111000000001101111",
        0
      ],
      [
        "00110111000000001101111",
        1
      ],
      [
        "00101111000000001101111",
        0
      ],
      [
        "01110010100000001101111",
        0
      ],
      [
        "01011010100000001101111",
        0
      ],
      [
        "00111010100000001101111",
        1
      ],
      [
        "11110000010000001101111",
        0
      ],
      [
        "11110000001000001101111",
        1
      ],
      [
        "01011100001000001101111",
        1
      ],
      [
        "01110010001000001101111",
        1
      ],
      [
        "01011010001000001101111",
        1
      ],
      [
        "00111010001000001101111",
        0
      ],
      [
        "01110001001000001101111",
        1
      ],
      [
        "01011001001000001101111",
        1
      ],
      [
        "00111001001000001101111",
        0
      ],
      [
        "00101101001000001101111",
        1
      ],
      [
        "01010011001000001101111",
        0
      ],
      [
        "01000111001000001101111",
        1
      ],
      [
        "01110000101000001101111",
        0
      ],
      [
        "01011000101000001101111",
        0
      ],
      [
        "00111000101000001101111",
        1
      ],
      [
        "01010100101000001101111",
        0
      ],
      [
        "00101100101000001101111",
        0
      ],
      [
        "01010010101000001101111",
        1
      ],
      [
        "01000110101000001101111",
        0
      ],
      [
        "01010001101000001101111",
        1
      ],
      [
        "01000101101000001101111",
        0
      ],
      [
        "01000011101000001101111",
        0
      ],
      [
        "01110000011000001101111",
        0
      ],
      [
        "00111000011000001101111",
        1
      ],
      [
        "01010001011000001101111",
        1
      ],
      [
        "00110001011000001101111",
        0
      ],
      [
        "01001001011000001101111",
        0
      ],
      [
        "00100101011000001101111",
        2
      ],
      [
        "00001101011000001101111",
        2
      ],
      [
        "01010000111000001101111",
        1
      ],
      [
        "00110000111000001101111",
        0
      ],
      [
        "01001000111000001101111",
        0
      ],
      [
        "00101000111000001101111",
        2
      ],
      [
        "00100100111000001101111",
        1
      ],
      [
        "00001100111000001101111",
        2
      ],
      [
        "00000110111000001101111",
        2
      ],
      [
        "00000101111000001101111",
        2
      ],
      [
        "00000011111000001101111",
        1
      ],
      [
        "01110010000100001101111",
        1
      ],
      [
        "01011010000100001101111",
        1
      ],
      [
        "00111010000100001101111",
        0
      ],
      [
        "01110000100100001101111",
        0
      ],
      [
        "00111000100100001101111",
        1
      ],
      [
        "01010001100100001101111",
        1
      ],
      [
        "00110001100100001101111",
        0
      ],
      [
        "01001001100100001101111",
        0
      ],
      [
        "00100101100100001101111",
        2
      ],
      [
        "00001101100100001101111",
        1
      ],
      [
        "01110000001100001101111",
        0
      ],
      [
        "01010010001100001101111",
        1
      ],
      [
        "01001010001100001101111",
        0
      ],
      [
        "00001110001100001101111",
        2
      ],
      [
        "01110000001001001101111",
        0
      ],
      [
        "01010010001001001101111",
        1
      ],
      [
        "01001010001001001101111",
        0
      ],
      [
        "00001110001001001101111",
        2
      ],
      [
        "11111100000000000011111",
        1
      ],
      [
        "11111010000000000011111",
        1
      ],
      [
        "11111001000000000011111",
        1
      ],
      [
        "11110011000000000011111",
        1
      ],
      [
        "11010111000000000011111",
        1
      ],
      [
        "11011010100000000011111",
        1
      ],
      [
        "11011010001000000011111",
        1
      ],
      [
        "11011001001000000011111",
        1
      ],
      [
        "01110011001000000011111",
        1
      ],
      [
        "01011011001000000011111",
        1
      ],
      [
        "00111011001000000011111",
        0
      ],
      [
        "01010111001000000011111",
        1
      ],
      [
        "00110111001000000011111",
        0
      ],
      [
        "00101111001000000011111",
        1
      ],
      [
        "11011000101000000011111",
        1
      ],
      [
        "11010010101000000011111",
        1
      ],
      [
        "01110010101000000011111",
        1
      ],
      [
        "01011010101000000011111",
        1
      ],
      [
        "00111010101000000011111",
        0
      ],
      [
        "01110011000010000011111",
        0
      ],
      [
        "00111011000010000011111",
        1
      ],
      [
        "00101111000010000011111",
        0
      ],
      [
        "01110010100010000011111",
        0
      ],
      [
        "00111010100010000011111",
        1
      ],
      [
        "01110010000110000011111",
        1
      ],
      [
        "00111010000110000011111",
        0
      ],
      [
        "01110001000110000011111",
        1
      ],
      [
        "00111001000110000011111",
        0
      ],
      [
        "00101101000110000011111",
        1
      ],
      [
        "01110000100110000011111",
        0
      ],
      [
        "00111000100110000011111",
        1
      ],
      [
        "00101100100110000011111",
        0
      ],
      [
        "01110000010110000011111",
        0
      ],
      [
        "00111000010110000011111",
        1
      ],
      [
        "01010001010110000011111",
        1
      ],
      [
        "00110001010110000011111",
        0
      ],
      [
        "01001001010110000011111",
        0
      ],
      [
        "00100101010110000011111",
        2
      ],
      [
        "00001101010110000011111",
        2
      ],
      [
        "01010000110110000011111",
        1
      ],
      [
        "00110000110110000011111",
        0
      ],
      [
        "01001000110110000011111",
        0
      ],
      [
        "00101000110110000011111",
        2
      ],
      [
        "00100100110110000011111",
        1
      ],
      [
        "00001100110110000011111",
        2
      ],
      [
        "01111100000001000011111",
        0
      ],
      [
        "11011010000001000011111",
        0
      ],
      [
        "01111010000001000011111",
        0
      ],
      [
        "11011001000001000011111",
        0
      ],
      [
        "01111001000001000011111",
        0
      ],
      [
        "01110011000001000011111",
        0
      ],
      [
        "01010111000001000011111",
        0
      ],
      [
        "00110111000001000011111",
        1
      ],
      [
        "00101111000001000011111",
        0
      ],
      [
        "11011000100001000011111",
        0
      ],
      [
        "11010010100001000011111",
        0
      ],
      [
        "01011010100001000011111",
        0
      ],
      [
        "00111010100001000011111",
        1
      ],
      [
        "01011100001001000011111",
        1
      ],
      [
        "01011010001001000011111",
        1
      ],
      [
        "00111010001001000011111",
        0
      ],
      [
        "01110001001001000011111",
        1
      ],
      [
        "01011001001001000011111",
        1
      ],
      [
        "00101101001001000011111",
        1
      ],
      [
        "01010011001001000011111",
        0
      ],
      [
        "01000111001001000011111",
        1
      ],
      [
        "01110000101001000011111",
        0
      ],
      [
        "01011000101001000011111",
        0
      ],
      [
        "01010100101001000011111",
        0
      ],
      [
        "00101100101001000011111",
        0
      ],
      [
        "01010010101001000011111",
        1
      ],
      [
        "01000110101001000011111",
        0
      ],
      [
        "01010001101001000011111",
        1
      ],
      [
        "01000101101001000011111",
        0
      ],
      [
        "01000011101001000011111",
        0
      ],
      [
        "00111000011001000011111",
        1
      ],
      [
        "00110001011001000011111",
        0
      ],
      [
        "00100101011001000011111",
        2
      ],
      [
        "01010000111001000011111",
        1
      ],
      [
        "01001000111001000011111",
        0
      ],
      [
        "00101000111001000011111",
        2
      ],
      [
        "00001100111001000011111",
        2
      ],
      [
        "00000110111001000011111",
        2
      ],
      [
        "00000101111001000011111",
        2
      ],
      [
        "00000011111001000011111",
        1
      ],
      [
        "11011000000101000011111",
        1
      ],
      [
        "11010010000101000011111",
        1
      ],
      [
        "01011010000101000011111",
        1
      ],
      [
        "00111010000101000011111",
        0
      ],
      [
        "01011001000101000011111",
        1
      ],
      [
        "00111001000101000011111",
        0
      ],
      [
        "00110011000101000011111",
        1
      ],
      [
        "00100111000101000011111",
        0
      ],
      [
        "00111000100101000011111",
        1
      ],
      [
        "00100110100101000011111",
        2
      ],
      [
        "00110001100101000011111",
        0
      ],
      [
        "00100101100101000011111",
        2
      ],
      [
        "11010000010101000011111",
        0
      ],
      [
        "01011000010101000011111",
        0
      ],
      [
        "00111000010101000011111",
        1
      ],
      [
        "00110010010101000011111",
        0
      ],
      [
        "00100110010101000011111",
        2
      ],
      [
        "01010001010101000011111",
        1
      ],
      [
        "00110001010101000011111",
        0
      ],
      [
        "00101001010101000011111",
        1
      ],
      [
        "01111100000000100011111",
        0
      ],
      [
        "01111010000000100011111",
        0
      ],
      [
        "01111001000000100011111",
        0
      ],
      [
        "11010101000000100011111",
        0
      ],
      [
        "01110011000000100011111",
        0
      ],
      [
        "01011011000000100011111",
        0
      ],
      [
        "00111011000000100011111",
        1
      ],
      [
        "11000111000000100011111",
        0
      ],
      [
        "01010111000000100011111",
        0
      ],
      [
        "00110111000000100011111",
        1
      ],
      [
        "00101111000000100011111",
        0
      ],
      [
        "11011000100000100011111",
        0
      ],
      [
        "01011010100000100011111",
        0
      ],
      [
        "00111010100000100011111",
        1
      ],
      [
        "01011100001000100011111",
        1
      ],
      [
        "01011010001000100011111",
        1
      ],
      [
        "00111010001000100011111",
        0
      ],
      [
        "01110001001000100011111",
        1
      ],
      [
        "01011001001000100011111",
        1
      ],
      [
        "00111001001000100011111",
        0
      ],
      [
        "11000101001000100011111",
        1
      ],
      [
        "00101101001000100011111",
        1
      ],
      [
        "01010011001000100011111",
        0
      ],
      [
        "01000111001000100011111",
        1
      ],
      [
        "01110000101000100011111",
        0
      ],
      [
        "01011000101000100011111",
        0
      ],
      [
        "00111000101000100011111",
        1
      ],
      [
        "11000100101000100011111",
        0
      ],
      [
        "01010100101000100011111",
        0
      ],
      [
        "00101100101000100011111",
        0
      ],
      [
        "01010010101000100011111",
        1
      ],
      [
        "01000110101000100011111",
        0
      ],
      [
        "01010001101000100011111",
        1
      ],
      [
        "01000101101000100011111",
        0
      ],
      [
        "01000011101000100011111",
        0
      ],
      [
        "00111000011000100011111",
        1
      ],
      [
        "00110001011000100011111",
        0
      ],
      [
        "00100101011000100011111",
        2
      ],
      [
        "11000000111000100011111",
        1
      ],
      [
        "01010000111000100011111",
        1
      ],
      [
        "00110000111000100011111",
        0
      ],
      [
        "01001000111000100011111",
        0
      ],
      [
        "00101000111000100011111",
        2
      ],
      [
        "00100100111000100011111",
        2
      ],
      [
        "00001100111000100011111",
        2
      ],
      [
        "00000110111000100011111",
        2
      ],
      [
        "00000101111000100011111",
        2
      ],
      [
        "00000011111000100011111",
        1
      ],
      [
        "11011000000100100011111",
        1
      ],
      [
        "01010101000100100011111",
        1
      ],
      [
        "00110101000100100011111",
        0
      ],
      [
        "00101101000100100011111",
        1
      ],
      [
        "00101011000100100011111",
        0
      ],
      [
        "00101010100100100011111",
        1
      ],
      [
        "01011000010100100011111",
        0
      ],
      [
        "00111000010100100011111",
        1
      ],
      [
        "00110010010100100011111",
        0
      ],
      [
        "00100110010100100011111",
        2
      ],
      [
        "01000000111100100011111",
        0
      ],
      [
        "00100000111100100011111",
        2
      ],
      [
        "01011010000001100011111",
        1
      ],
      [
        "00111010000001100011111",
        0
      ],
      [
        "00111000100001100011111",
        1
      ],
      [
        "00110001100001100011111",
        0
      ],
      [
        "00100101100001100011111",
        2
      ],
      [
        "01111100000000010011111",
        0
      ],
      [
        "01111010000000010011111",
        0
      ],
      [
        "11011001000000010011111",
        0
      ],
      [
        "01111001000000010011111",
        0
      ],
      [
        "01110011000000010011111",
        0
      ],
      [
        "01011011000000010011111",
        0
      ],
      [
        "00111011000000010011111",
        1
      ],
      [
        "11000111000000010011111",
        0
      ],
      [
        "01010111000000010011111",
        0
      ],
      [
        "00110111000000010011111",
        1
      ],
      [
        "00101111000000010011111",
        0
      ],
      [
        "11011000100000010011111",
        0
      ],
      [
        "11010010100000010011111",
        0
      ],
      [
        "01011010100000010011111",
        0
      ],
      [
        "00111010100000010011111",
        1
      ],
      [
        "01011100001000010011111",
        1
      ],
      [
        "01011010001000010011111",
        1
      ],
      [
        "00111010001000010011111",
        0
      ],
      [
        "01110001001000010011111",
        1
      ],
      [
        "01011001001000010011111",
        1
      ],
      [
        "00111001001000010011111",
        0
      ],
      [
        "11000101001000010011111",
        1
      ],
      [
        "00101101001000010011111",
        1
      ],
      [
        "01010011001000010011111",
        0
      ],
      [
        "01000111001000010011111",
        1
      ],
      [
        "01110000101000010011111",
        0
      ],
      [
        "01011000101000010011111",
        0
      ],
      [
        "00111000101000010011111",
        1
      ],
      [
        "11000100101000010011111",
        0
      ],
      [
        "01010100101000010011111",
        0
      ],
      [
        "00101100101000010011111",
        0
      ],
      [
        "01010010101000010011111",
        1
      ],
      [
        "01000110101000010011111",
        0
      ],
      [
        "01010001101000010011111",
        1
      ],
      [
        "01000101101000010011111",
        0
      ],
      [
        "01000011101000010011111",
        0
      ],
      [
        "00111000011000010011111",
        1
      ],
      [
        "00110001011000010011111",
        0
      ],
      [
        "00100101011000010011111",
        1
      ],
      [
        "11000000111000010011111",
        1
      ],
      [
        "01010000111000010011111",
        1
      ],
      [
        "00110000111000010011111",
        0
      ],
      [
        "01001000111000010011111",
        0
      ],
      [
        "00101000111000010011111",
        1
      ],
      [
        "00100100111000010011111",
        1
      ],
      [
        "00001100111000010011111",
        2
      ],
      [
        "00000110111000010011111",
        2
      ],
      [
        "00000101111000010011111",
        2
      ],
      [
        "00000011111000010011111",
        1
      ],
      [
        "11011000000100010011111",
        1
      ],
      [
        "11010010000100010011111",
        1
      ],
      [
        "01011001000100010011111",
        1
      ],
      [
        "00111001000100010011111",
        0
      ],
      [
        "00110011000100010011111",
        1
      ],
      [
        "00100111000100010011111",
        0
      ],
      [
        "00100110100100010011111",
        2
      ],
      [
        "11010000010100010011111",
        0
      ],
      [
        "01011000010100010011111",
        0
      ],
      [
        "00111000010100010011111",
        1
      ],
      [
        "00110010010100010011111",
        0
      ],
      [
        "00100110010100010011111",
        2
      ],
      [
        "01010001010100010011111",
        1
      ],
      [
        "00110001010100010011111",
        0
      ],
      [
        "00101001010100010011111",
        1
      ],
      [
        "01000000111100010011111",
        0
      ],
      [
        "00100000111100010011111",
        2
      ],
      [
        "11010010000001010011111",
        1
      ],
      [
        "11010000010001010011111",
        0
      ],
      [
        "01010001010001010011111",
        1
      ],
      [
        "00110001010001010011111",
        0
      ],
      [
        "00101001010001010011111",
        2
      ],
      [
        "11011000000000110011111",
        1
      ],
      [
        "11010010000000110011111",
        1
      ],
      [
        "11010000010000110011111",
        0
      ],
      [
        "01011000010000110011111",
        0
      ],
      [
        "00111000010000110011111",
        1
      ],
      [
        "00110010010000110011111",
        0
      ],
      [
        "00100110010000110011111",
        2
      ],
      [
        "01010001010000110011111",
        1
      ],
      [
        "00110001010000110011111",
        0
      ],
      [
        "00101001010000110011111",
        1
      ],
      [
        "01111100000000001011111",
        0
      ],
      [
        "01111010000000001011111",
        0
      ],
      [
        "11011001000000001011111",
        0
      ],
      [
        "01111001000000001011111",
        0
      ],
      [
        "01110011000000001011111",
        0
      ],
      [
        "01010111000000001011111",
        0
      ],
      [
        "00110111000000001011111",
        1
      ],
      [
        "00101111000000001011111",
        0
      ],
      [
        "11011000100000001011111",
        0
      ],
      [
        "01011100001000001011111",
        1
      ],
      [
        "01011010001000001011111",
        1
      ],
      [
        "01110001001000001011111",
        1
      ],
      [
        "01011001001000001011111",
        1
      ],
      [
        "00101101001000001011111",
        1
      ],
      [
        "01010011001000001011111",
        0
      ],
      [
        "01000111001000001011111",
        1
      ],
      [
        "01110000101000001011111",
        0
      ],
      [
        "01011000101000001011111",
        0
      ],
      [
        "01010100101000001011111",
        0
      ],
      [
        "00101100101000001011111",
        0
      ],
      [
        "01010010101000001011111",
        1
      ],
      [
        "01000110101000001011111",
        0
      ],
      [
        "01010001101000001011111",
        1
      ],
      [
        "01000101101000001011111",
        0
      ],
      [
        "01000011101000001011111",
        0
      ],
      [
        "01010000111000001011111",
        1
      ],
      [
        "01001000111000001011111",
        0
      ],
      [
        "00101000111000001011111",
        2
      ],
      [
        "00001100111000001011111",
        2
      ],
      [
        "00000110111000001011111",
        2
      ],
      [
        "00000101111000001011111",
        2
      ],
      [
        "00000011111000001011111",
        1
      ],
      [
        "11011000000100001011111",
        1
      ],
      [
        "01011001000100001011111",
        1
      ],
      [
        "00111001000100001011111",
        0
      ],
      [
        "00110011000100001011111",
        1
      ],
      [
        "00100111000100001011111",
        0
      ],
      [
        "00100110100100001011111",
        2
      ],
      [
        "01011000010100001011111",
        0
      ],
      [
        "00111000010100001011111",
        1
      ],
      [
        "00110010010100001011111",
        0
      ],
      [
        "00100110010100001011111",
        2
      ],
      [
        "01011001000001001011111",
        1
      ],
      [
        "00111001000001001011111",
        0
      ],
      [
        "00110011000001001011111",
        1
      ],
      [
        "00100111000001001011111",
        0
      ],
      [
        "00100110100001001011111",
        1
      ],
      [
        "01011001000000101011111",
        1
      ],
      [
        "00111001000000101011111",
        0
      ],
      [
        "00110011000000101011111",
        1
      ],
      [
        "00100111000000101011111",
        0
      ],
      [
        "00100110100000101011111",
        2
      ],
      [
        "01111100000000000111111",
        0
      ],
      [
        "01111010000000000111111",
        0
      ],
      [
        "01111001000000000111111",
        0
      ],
      [
        "11010101000000000111111",
        0
      ],
      [
        "11010011000000000111111",
        0
      ],
      [
        "01110011000000000111111",
        0
      ],
      [
        "11000111000000000111111",
        0
      ],
      [
        "01010111000000000111111",
        0
      ],
      [
        "00110111000000000111111",
        1
      ],
      [
        "00101111000000000111111",
        0
      ],
      [
        "01011100001000000111111",
        1
      ],
      [
        "01011010001000000111111",
        1
      ],
      [
        "01110001001000000111111",
        1
      ],
      [
        "01011001001000000111111",
        1
      ],
      [
        "11000101001000000111111",
        1
      ],
      [
        "00101101001000000111111",
        1
      ],
      [
        "01010011001000000111111",
        0
      ],
      [
        "01000111001000000111111",
        1
      ],
      [
        "01110000101000000111111",
        0
      ],
      [
        "01011000101000000111111",
        0
      ],
      [
        "11000100101000000111111",
        0
      ],
      [
        "01010100101000000111111",
        0
      ],
      [
        "00101100101000000111111",
        0
      ],
      [
        "01010010101000000111111",
        1
      ],
      [
        "01000110101000000111111",
        0
      ],
      [
        "01010001101000000111111",
        1
      ],
      [
        "01000101101000000111111",
        0
      ],
      [
        "01000011101000000111111",
        0
      ],
      [
        "11000000111000000111111",
        1
      ],
      [
        "01010000111000000111111",
        1
      ],
      [
        "01001000111000000111111",
        0
      ],
      [
        "00101000111000000111111",
        2
      ],
      [
        "00001100111000000111111",
        2
      ],
      [
        "00000110111000000111111",
        1
      ],
      [
        "00000101111000000111111",
        2
      ],
      [
        "00000011111000000111111",
        1
      ],
      [
        "11010001000100000111111",
        1
      ],
      [
        "01010101000100000111111",
        1
      ],
      [
        "00110101000100000111111",
        0
      ],
      [
        "00101101000100000111111",
        1
      ],
      [
        "00101011000100000111111",
        0
      ],
      [
        "11010000100100000111111",
        0
      ],
      [
        "00101010100100000111111",
        1
      ],
      [
        "01010000110100000111111",
        1
      ],
      [
        "00110000110100000111111",
        0
      ],
      [
        "00101000110100000111111",
        1
      ],
      [
        "01000000111100000111111",
        0
      ],
      [
        "00100000111100000111111",
        2
      ],
      [
        "11010010000001000111111",
        1
      ],
      [
        "11010000010001000111111",
        0
      ],
      [
        "01010001010001000111111",
        1
      ],
      [
        "00110001010001000111111",
        0
      ],
      [
        "00101001010001000111111",
        1
      ],
      [
        "11010000001001000111111",
        0
      ],
      [
        "01110000001001000111111",
        0
      ],
      [
        "01010010001001000111111",
        1
      ],
      [
        "01001010001001000111111",
        0
      ],
      [
        "00001110001001000111111",
        2
      ],
      [
        "01010001001001000111111",
        1
      ],
      [
        "00110001001001000111111",
        0
      ],
      [
        "00101001001001000111111",
        2
      ],
      [
        "01010000000100011111111",
        1
      ],
      [
        "00110000000100011111111",
        0
      ],
      [
        "00101000000100011111111",
        1
      ]
    ],
    "union_edges": 12897,
    "unoriented_nontrivial_reset_template_types": 3,
    "vertices": 12420
  },
  "selected_circuits": 41,
  "selected_removed_edges": 477,
  "selection_sha256": "94deb656dac1d8955b20d851e92600156d703842d6de169d4b6bea356fa3ec32",
  "status": "PASS",
  "touched_component_length_histogram": {
    "23": 330,
    "115": 42
  },
  "touched_components": 372,
  "two_phase_cycle_alternation_possible": false
}
