{
  "reports": [
    {
      "component_action": null,
      "context": "10",
      "failure_counts": {
        "illegal_incidence": 0,
        "new_already_selected": 0,
        "noninternal_owner": 0,
        "old_not_selected": 2
      },
      "incidence_length": 16,
      "literal_transport_valid": false,
      "mapped_suffix_edge": [
        "10111000",
        "10101100"
      ],
      "prefix": "101001010101",
      "q2_support_losses": null,
      "rows": [
        {
          "incidence_legal": true,
          "internal_owner": true,
          "new_unselected": true,
          "old_selected": true,
          "old_to_closest_selected_difference": "00000000000000000000",
          "old_to_closest_selected_distance": 0,
          "row": 0,
          "selected_degree": 2
        },
        {
          "incidence_legal": true,
          "internal_owner": true,
          "new_unselected": true,
          "old_selected": true,
          "old_to_closest_selected_difference": "00000000000000000000",
          "old_to_closest_selected_distance": 0,
          "row": 1,
          "selected_degree": 2
        },
        {
          "incidence_legal": true,
          "internal_owner": true,
          "new_unselected": true,
          "old_selected": false,
          "old_to_closest_selected_difference": "00000000001000010000",
          "old_to_closest_selected_distance": 2,
          "row": 2,
          "selected_degree": 2
        },
        {
          "incidence_legal": true,
          "internal_owner": true,
          "new_unselected": true,
          "old_selected": true,
          "old_to_closest_selected_difference": "00000000000000000000",
          "old_to_closest_selected_distance": 0,
          "row": 3,
          "selected_degree": 2
        },
        {
          "incidence_legal": true,
          "internal_owner": true,
          "new_unselected": true,
          "old_selected": true,
          "old_to_closest_selected_difference": "00000000000000000000",
          "old_to_closest_selected_distance": 0,
          "row": 4,
          "selected_degree": 2
        },
        {
          "incidence_legal": true,
          "internal_owner": true,
          "new_unselected": true,
          "old_selected": false,
          "old_to_closest_selected_difference": "00000000000001000100",
          "old_to_closest_selected_distance": 2,
          "row": 5,
          "selected_degree": 2
        },
        {
          "incidence_legal": true,
          "internal_owner": true,
          "new_unselected": true,
          "old_selected": true,
          "old_to_closest_selected_difference": "00000000000000000000",
          "old_to_closest_selected_distance": 0,
          "row": 6,
          "selected_degree": 2
        },
        {
          "incidence_legal": true,
          "internal_owner": true,
          "new_unselected": true,
          "old_selected": true,
          "old_to_closest_selected_difference": "00000000000000000000",
          "old_to_closest_selected_distance": 0,
          "row": 7,
          "selected_degree": 2
        }
      ],
      "source_s": 3,
      "source_suffix_edge": [
        "111000",
        "101100"
      ]
    },
    {
      "component_action": null,
      "context": "01_phase",
      "failure_counts": {
        "illegal_incidence": 0,
        "new_already_selected": 1,
        "noninternal_owner": 0,
        "old_not_selected": 4
      },
      "incidence_length": 16,
      "literal_transport_valid": false,
      "mapped_suffix_edge": [
        "01111000",
        "01101100"
      ],
      "prefix": "101001010101",
      "q2_support_losses": null,
      "rows": [
        {
          "incidence_legal": true,
          "internal_owner": true,
          "new_unselected": true,
          "old_selected": false,
          "old_to_closest_selected_difference": "00001000100000000000",
          "old_to_closest_selected_distance": 2,
          "row": 0,
          "selected_degree": 2
        },
        {
          "incidence_legal": true,
          "internal_owner": true,
          "new_unselected": true,
          "old_selected": true,
          "old_to_closest_selected_difference": "00000000000000000000",
          "old_to_closest_selected_distance": 0,
          "row": 1,
          "selected_degree": 2
        },
        {
          "incidence_legal": true,
          "internal_owner": true,
          "new_unselected": true,
          "old_selected": true,
          "old_to_closest_selected_difference": "00000000000000000000",
          "old_to_closest_selected_distance": 0,
          "row": 2,
          "selected_degree": 2
        },
        {
          "incidence_legal": true,
          "internal_owner": true,
          "new_unselected": false,
          "old_selected": false,
          "old_to_closest_selected_difference": "00001000100000000000",
          "old_to_closest_selected_distance": 2,
          "row": 3,
          "selected_degree": 2
        },
        {
          "incidence_legal": true,
          "internal_owner": true,
          "new_unselected": true,
          "old_selected": false,
          "old_to_closest_selected_difference": "10000000000010000000",
          "old_to_closest_selected_distance": 2,
          "row": 4,
          "selected_degree": 2
        },
        {
          "incidence_legal": true,
          "internal_owner": true,
          "new_unselected": true,
          "old_selected": true,
          "old_to_closest_selected_difference": "00000000000000000000",
          "old_to_closest_selected_distance": 0,
          "row": 5,
          "selected_degree": 2
        },
        {
          "incidence_legal": true,
          "internal_owner": true,
          "new_unselected": true,
          "old_selected": true,
          "old_to_closest_selected_difference": "00000000000000000000",
          "old_to_closest_selected_distance": 0,
          "row": 6,
          "selected_degree": 2
        },
        {
          "incidence_legal": true,
          "internal_owner": true,
          "new_unselected": true,
          "old_selected": false,
          "old_to_closest_selected_difference": "00000000001010000000",
          "old_to_closest_selected_distance": 2,
          "row": 7,
          "selected_degree": 2
        }
      ],
      "source_s": 3,
      "source_suffix_edge": [
        "111000",
        "101100"
      ]
    },
    {
      "component_action": null,
      "context": "wrap",
      "failure_counts": {
        "illegal_incidence": 0,
        "new_already_selected": 0,
        "noninternal_owner": 0,
        "old_not_selected": 3
      },
      "incidence_length": 16,
      "literal_transport_valid": false,
      "mapped_suffix_edge": [
        "11110000",
        "11011000"
      ],
      "prefix": "101001010101",
      "q2_support_losses": null,
      "rows": [
        {
          "incidence_legal": true,
          "internal_owner": true,
          "new_unselected": true,
          "old_selected": true,
          "old_to_closest_selected_difference": "00000000000000000000",
          "old_to_closest_selected_distance": 0,
          "row": 0,
          "selected_degree": 2
        },
        {
          "incidence_legal": true,
          "internal_owner": true,
          "new_unselected": true,
          "old_selected": true,
          "old_to_closest_selected_difference": "00000000000000000000",
          "old_to_closest_selected_distance": 0,
          "row": 1,
          "selected_degree": 2
        },
        {
          "incidence_legal": true,
          "internal_owner": true,
          "new_unselected": true,
          "old_selected": false,
          "old_to_closest_selected_difference": "00000000001000100000",
          "old_to_closest_selected_distance": 2,
          "row": 2,
          "selected_degree": 2
        },
        {
          "incidence_legal": true,
          "internal_owner": true,
          "new_unselected": true,
          "old_selected": true,
          "old_to_closest_selected_difference": "00000000000000000000",
          "old_to_closest_selected_distance": 0,
          "row": 3,
          "selected_degree": 2
        },
        {
          "incidence_legal": true,
          "internal_owner": true,
          "new_unselected": true,
          "old_selected": true,
          "old_to_closest_selected_difference": "00000000000000000000",
          "old_to_closest_selected_distance": 0,
          "row": 4,
          "selected_degree": 2
        },
        {
          "incidence_legal": true,
          "internal_owner": true,
          "new_unselected": true,
          "old_selected": false,
          "old_to_closest_selected_difference": "10000000000000001000",
          "old_to_closest_selected_distance": 2,
          "row": 5,
          "selected_degree": 2
        },
        {
          "incidence_legal": true,
          "internal_owner": true,
          "new_unselected": true,
          "old_selected": false,
          "old_to_closest_selected_difference": "00000000100000000010",
          "old_to_closest_selected_distance": 2,
          "row": 6,
          "selected_degree": 2
        },
        {
          "incidence_legal": true,
          "internal_owner": true,
          "new_unselected": true,
          "old_selected": true,
          "old_to_closest_selected_difference": "00000000000000000000",
          "old_to_closest_selected_distance": 0,
          "row": 7,
          "selected_degree": 2
        }
      ],
      "source_s": 3,
      "source_suffix_edge": [
        "111000",
        "101100"
      ]
    },
    {
      "component_action": null,
      "context": "10",
      "failure_counts": {
        "illegal_incidence": 0,
        "new_already_selected": 0,
        "noninternal_owner": 0,
        "old_not_selected": 2
      },
      "incidence_length": 16,
      "literal_transport_valid": false,
      "mapped_suffix_edge": [
        "10111000",
        "10101010"
      ],
      "prefix": "101001001101",
      "q2_support_losses": null,
      "rows": [
        {
          "incidence_legal": true,
          "internal_owner": true,
          "new_unselected": true,
          "old_selected": true,
          "old_to_closest_selected_difference": "00000000000000000000",
          "old_to_closest_selected_distance": 0,
          "row": 0,
          "selected_degree": 2
        },
        {
          "incidence_legal": true,
          "internal_owner": true,
          "new_unselected": true,
          "old_selected": true,
          "old_to_closest_selected_difference": "00000000000000000000",
          "old_to_closest_selected_distance": 0,
          "row": 1,
          "selected_degree": 2
        },
        {
          "incidence_legal": true,
          "internal_owner": true,
          "new_unselected": true,
          "old_selected": true,
          "old_to_closest_selected_difference": "00000000000000000000",
          "old_to_closest_selected_distance": 0,
          "row": 2,
          "selected_degree": 2
        },
        {
          "incidence_legal": true,
          "internal_owner": true,
          "new_unselected": true,
          "old_selected": false,
          "old_to_closest_selected_difference": "00000000001000010000",
          "old_to_closest_selected_distance": 2,
          "row": 3,
          "selected_degree": 2
        },
        {
          "incidence_legal": true,
          "internal_owner": true,
          "new_unselected": true,
          "old_selected": true,
          "old_to_closest_selected_difference": "00000000000000000000",
          "old_to_closest_selected_distance": 0,
          "row": 4,
          "selected_degree": 2
        },
        {
          "incidence_legal": true,
          "internal_owner": true,
          "new_unselected": true,
          "old_selected": true,
          "old_to_closest_selected_difference": "00000000000000000000",
          "old_to_closest_selected_distance": 0,
          "row": 5,
          "selected_degree": 2
        },
        {
          "incidence_legal": true,
          "internal_owner": true,
          "new_unselected": true,
          "old_selected": true,
          "old_to_closest_selected_difference": "00000000000000000000",
          "old_to_closest_selected_distance": 0,
          "row": 6,
          "selected_degree": 2
        },
        {
          "incidence_legal": true,
          "internal_owner": true,
          "new_unselected": true,
          "old_selected": false,
          "old_to_closest_selected_difference": "00000000001000000001",
          "old_to_closest_selected_distance": 2,
          "row": 7,
          "selected_degree": 2
        }
      ],
      "source_s": 3,
      "source_suffix_edge": [
        "111000",
        "101010"
      ]
    },
    {
      "component_action": null,
      "context": "01_phase",
      "failure_counts": {
        "illegal_incidence": 0,
        "new_already_selected": 1,
        "noninternal_owner": 0,
        "old_not_selected": 3
      },
      "incidence_length": 16,
      "literal_transport_valid": false,
      "mapped_suffix_edge": [
        "01111000",
        "01101010"
      ],
      "prefix": "101001001101",
      "q2_support_losses": null,
      "rows": [
        {
          "incidence_legal": true,
          "internal_owner": true,
          "new_unselected": false,
          "old_selected": false,
          "old_to_closest_selected_difference": "00000011000000000000",
          "old_to_closest_selected_distance": 2,
          "row": 0,
          "selected_degree": 2
        },
        {
          "incidence_legal": true,
          "internal_owner": true,
          "new_unselected": true,
          "old_selected": false,
          "old_to_closest_selected_difference": "10000000000010000000",
          "old_to_closest_selected_distance": 2,
          "row": 1,
          "selected_degree": 2
        },
        {
          "incidence_legal": true,
          "internal_owner": true,
          "new_unselected": true,
          "old_selected": false,
          "old_to_closest_selected_difference": "00000000001010000000",
          "old_to_closest_selected_distance": 2,
          "row": 2,
          "selected_degree": 2
        },
        {
          "incidence_legal": true,
          "internal_owner": true,
          "new_unselected": true,
          "old_selected": true,
          "old_to_closest_selected_difference": "00000000000000000000",
          "old_to_closest_selected_distance": 0,
          "row": 3,
          "selected_degree": 2
        },
        {
          "incidence_legal": true,
          "internal_owner": true,
          "new_unselected": true,
          "old_selected": true,
          "old_to_closest_selected_difference": "00000000000000000000",
          "old_to_closest_selected_distance": 0,
          "row": 4,
          "selected_degree": 2
        },
        {
          "incidence_legal": true,
          "internal_owner": true,
          "new_unselected": true,
          "old_selected": true,
          "old_to_closest_selected_difference": "00000000000000000000",
          "old_to_closest_selected_distance": 0,
          "row": 5,
          "selected_degree": 2
        },
        {
          "incidence_legal": true,
          "internal_owner": true,
          "new_unselected": true,
          "old_selected": true,
          "old_to_closest_selected_difference": "00000000000000000000",
          "old_to_closest_selected_distance": 0,
          "row": 6,
          "selected_degree": 2
        },
        {
          "incidence_legal": true,
          "internal_owner": true,
          "new_unselected": true,
          "old_selected": true,
          "old_to_closest_selected_difference": "00000000000000000000",
          "old_to_closest_selected_distance": 0,
          "row": 7,
          "selected_degree": 2
        }
      ],
      "source_s": 3,
      "source_suffix_edge": [
        "111000",
        "101010"
      ]
    },
    {
      "component_action": null,
      "context": "wrap",
      "failure_counts": {
        "illegal_incidence": 0,
        "new_already_selected": 0,
        "noninternal_owner": 0,
        "old_not_selected": 2
      },
      "incidence_length": 16,
      "literal_transport_valid": false,
      "mapped_suffix_edge": [
        "11110000",
        "11010100"
      ],
      "prefix": "101001001101",
      "q2_support_losses": null,
      "rows": [
        {
          "incidence_legal": true,
          "internal_owner": true,
          "new_unselected": true,
          "old_selected": true,
          "old_to_closest_selected_difference": "00000000000000000000",
          "old_to_closest_selected_distance": 0,
          "row": 0,
          "selected_degree": 2
        },
        {
          "incidence_legal": true,
          "internal_owner": true,
          "new_unselected": true,
          "old_selected": true,
          "old_to_closest_selected_difference": "00000000000000000000",
          "old_to_closest_selected_distance": 0,
          "row": 1,
          "selected_degree": 2
        },
        {
          "incidence_legal": true,
          "internal_owner": true,
          "new_unselected": true,
          "old_selected": true,
          "old_to_closest_selected_difference": "00000000000000000000",
          "old_to_closest_selected_distance": 0,
          "row": 2,
          "selected_degree": 2
        },
        {
          "incidence_legal": true,
          "internal_owner": true,
          "new_unselected": true,
          "old_selected": false,
          "old_to_closest_selected_difference": "00000000001000100000",
          "old_to_closest_selected_distance": 2,
          "row": 3,
          "selected_degree": 2
        },
        {
          "incidence_legal": true,
          "internal_owner": true,
          "new_unselected": true,
          "old_selected": true,
          "old_to_closest_selected_difference": "00000000000000000000",
          "old_to_closest_selected_distance": 0,
          "row": 4,
          "selected_degree": 2
        },
        {
          "incidence_legal": true,
          "internal_owner": true,
          "new_unselected": true,
          "old_selected": true,
          "old_to_closest_selected_difference": "00000000000000000000",
          "old_to_closest_selected_distance": 0,
          "row": 5,
          "selected_degree": 2
        },
        {
          "incidence_legal": true,
          "internal_owner": true,
          "new_unselected": true,
          "old_selected": true,
          "old_to_closest_selected_difference": "00000000000000000000",
          "old_to_closest_selected_distance": 0,
          "row": 6,
          "selected_degree": 2
        },
        {
          "incidence_legal": true,
          "internal_owner": true,
          "new_unselected": true,
          "old_selected": false,
          "old_to_closest_selected_difference": "00000000001000000010",
          "old_to_closest_selected_distance": 2,
          "row": 7,
          "selected_degree": 2
        }
      ],
      "source_s": 3,
      "source_suffix_edge": [
        "111000",
        "101010"
      ]
    },
    {
      "component_action": null,
      "context": "10",
      "failure_counts": {
        "illegal_incidence": 0,
        "new_already_selected": 0,
        "noninternal_owner": 0,
        "old_not_selected": 2
      },
      "incidence_length": 18,
      "literal_transport_valid": false,
      "mapped_suffix_edge": [
        "10110100",
        "10110010"
      ],
      "prefix": "101001010101",
      "q2_support_losses": null,
      "rows": [
        {
          "incidence_legal": true,
          "internal_owner": true,
          "new_unselected": true,
          "old_selected": true,
          "old_to_closest_selected_difference": "00000000000000000000",
          "old_to_closest_selected_distance": 0,
          "row": 0,
          "selected_degree": 2
        },
        {
          "incidence_legal": true,
          "internal_owner": true,
          "new_unselected": true,
          "old_selected": true,
          "old_to_closest_selected_difference": "00000000000000000000",
          "old_to_closest_selected_distance": 0,
          "row": 1,
          "selected_degree": 2
        },
        {
          "incidence_legal": true,
          "internal_owner": true,
          "new_unselected": true,
          "old_selected": true,
          "old_to_closest_selected_difference": "00000000000000000000",
          "old_to_closest_selected_distance": 0,
          "row": 2,
          "selected_degree": 2
        },
        {
          "incidence_legal": true,
          "internal_owner": true,
          "new_unselected": true,
          "old_selected": false,
          "old_to_closest_selected_difference": "00000000001000000100",
          "old_to_closest_selected_distance": 2,
          "row": 3,
          "selected_degree": 2
        },
        {
          "incidence_legal": true,
          "internal_owner": true,
          "new_unselected": true,
          "old_selected": true,
          "old_to_closest_selected_difference": "00000000000000000000",
          "old_to_closest_selected_distance": 0,
          "row": 4,
          "selected_degree": 2
        },
        {
          "incidence_legal": true,
          "internal_owner": true,
          "new_unselected": true,
          "old_selected": true,
          "old_to_closest_selected_difference": "00000000000000000000",
          "old_to_closest_selected_distance": 0,
          "row": 5,
          "selected_degree": 2
        },
        {
          "incidence_legal": true,
          "internal_owner": true,
          "new_unselected": true,
          "old_selected": false,
          "old_to_closest_selected_difference": "00000000000001000010",
          "old_to_closest_selected_distance": 2,
          "row": 6,
          "selected_degree": 2
        },
        {
          "incidence_legal": true,
          "internal_owner": true,
          "new_unselected": true,
          "old_selected": true,
          "old_to_closest_selected_difference": "00000000000000000000",
          "old_to_closest_selected_distance": 0,
          "row": 7,
          "selected_degree": 2
        },
        {
          "incidence_legal": true,
          "internal_owner": true,
          "new_unselected": true,
          "old_selected": true,
          "old_to_closest_selected_difference": "00000000000000000000",
          "old_to_closest_selected_distance": 0,
          "row": 8,
          "selected_degree": 2
        }
      ],
      "source_s": 3,
      "source_suffix_edge": [
        "110100",
        "110010"
      ]
    },
    {
      "component_action": null,
      "context": "01_phase",
      "failure_counts": {
        "illegal_incidence": 0,
        "new_already_selected": 2,
        "noninternal_owner": 0,
        "old_not_selected": 6
      },
      "incidence_length": 18,
      "literal_transport_valid": false,
      "mapped_suffix_edge": [
        "01110100",
        "01110010"
      ],
      "prefix": "101001010101",
      "q2_support_losses": null,
      "rows": [
        {
          "incidence_legal": true,
          "internal_owner": true,
          "new_unselected": false,
          "old_selected": false,
          "old_to_closest_selected_difference": "00000010100000000000",
          "old_to_closest_selected_distance": 2,
          "row": 0,
          "selected_degree": 2
        },
        {
          "incidence_legal": true,
          "internal_owner": true,
          "new_unselected": true,
          "old_selected": false,
          "old_to_closest_selected_difference": "10000000000010000000",
          "old_to_closest_selected_distance": 2,
          "row": 1,
          "selected_degree": 2
        },
        {
          "incidence_legal": true,
          "internal_owner": true,
          "new_unselected": true,
          "old_selected": false,
          "old_to_closest_selected_difference": "00000000001010000000",
          "old_to_closest_selected_distance": 2,
          "row": 2,
          "selected_degree": 2
        },
        {
          "incidence_legal": true,
          "internal_owner": true,
          "new_unselected": true,
          "old_selected": true,
          "old_to_closest_selected_difference": "00000000000000000000",
          "old_to_closest_selected_distance": 0,
          "row": 3,
          "selected_degree": 2
        },
        {
          "incidence_legal": true,
          "internal_owner": true,
          "new_unselected": false,
          "old_selected": false,
          "old_to_closest_selected_difference": "00001000100000000000",
          "old_to_closest_selected_distance": 2,
          "row": 4,
          "selected_degree": 2
        },
        {
          "incidence_legal": true,
          "internal_owner": true,
          "new_unselected": true,
          "old_selected": false,
          "old_to_closest_selected_difference": "10000000000010000000",
          "old_to_closest_selected_distance": 2,
          "row": 5,
          "selected_degree": 2
        },
        {
          "incidence_legal": true,
          "internal_owner": true,
          "new_unselected": true,
          "old_selected": true,
          "old_to_closest_selected_difference": "00000000000000000000",
          "old_to_closest_selected_distance": 0,
          "row": 6,
          "selected_degree": 2
        },
        {
          "incidence_legal": true,
          "internal_owner": true,
          "new_unselected": true,
          "old_selected": true,
          "old_to_closest_selected_difference": "00000000000000000000",
          "old_to_closest_selected_distance": 0,
          "row": 7,
          "selected_degree": 2
        },
        {
          "incidence_legal": true,
          "internal_owner": true,
          "new_unselected": true,
          "old_selected": false,
          "old_to_closest_selected_difference": "00000000001010000000",
          "old_to_closest_selected_distance": 2,
          "row": 8,
          "selected_degree": 2
        }
      ],
      "source_s": 3,
      "source_suffix_edge": [
        "110100",
        "110010"
      ]
    },
    {
      "component_action": null,
      "context": "wrap",
      "failure_counts": {
        "illegal_incidence": 0,
        "new_already_selected": 0,
        "noninternal_owner": 0,
        "old_not_selected": 2
      },
      "incidence_length": 18,
      "literal_transport_valid": false,
      "mapped_suffix_edge": [
        "11101000",
        "11100100"
      ],
      "prefix": "101001010101",
      "q2_support_losses": null,
      "rows": [
        {
          "incidence_legal": true,
          "internal_owner": true,
          "new_unselected": true,
          "old_selected": true,
          "old_to_closest_selected_difference": "00000000000000000000",
          "old_to_closest_selected_distance": 0,
          "row": 0,
          "selected_degree": 2
        },
        {
          "incidence_legal": true,
          "internal_owner": true,
          "new_unselected": true,
          "old_selected": true,
          "old_to_closest_selected_difference": "00000000000000000000",
          "old_to_closest_selected_distance": 0,
          "row": 1,
          "selected_degree": 2
        },
        {
          "incidence_legal": true,
          "internal_owner": true,
          "new_unselected": true,
          "old_selected": true,
          "old_to_closest_selected_difference": "00000000000000000000",
          "old_to_closest_selected_distance": 0,
          "row": 2,
          "selected_degree": 2
        },
        {
          "incidence_legal": true,
          "internal_owner": true,
          "new_unselected": true,
          "old_selected": false,
          "old_to_closest_selected_difference": "00000000001000001000",
          "old_to_closest_selected_distance": 2,
          "row": 3,
          "selected_degree": 2
        },
        {
          "incidence_legal": true,
          "internal_owner": true,
          "new_unselected": true,
          "old_selected": true,
          "old_to_closest_selected_difference": "00000000000000000000",
          "old_to_closest_selected_distance": 0,
          "row": 4,
          "selected_degree": 2
        },
        {
          "incidence_legal": true,
          "internal_owner": true,
          "new_unselected": true,
          "old_selected": true,
          "old_to_closest_selected_difference": "00000000000000000000",
          "old_to_closest_selected_distance": 0,
          "row": 5,
          "selected_degree": 2
        },
        {
          "incidence_legal": true,
          "internal_owner": true,
          "new_unselected": true,
          "old_selected": true,
          "old_to_closest_selected_difference": "00000000000000000000",
          "old_to_closest_selected_distance": 0,
          "row": 6,
          "selected_degree": 2
        },
        {
          "incidence_legal": true,
          "internal_owner": true,
          "new_unselected": true,
          "old_selected": false,
          "old_to_closest_selected_difference": "00000000100000000010",
          "old_to_closest_selected_distance": 2,
          "row": 7,
          "selected_degree": 2
        },
        {
          "incidence_legal": true,
          "internal_owner": true,
          "new_unselected": true,
          "old_selected": true,
          "old_to_closest_selected_difference": "00000000000000000000",
          "old_to_closest_selected_distance": 0,
          "row": 8,
          "selected_degree": 2
        }
      ],
      "source_s": 3,
      "source_suffix_edge": [
        "110100",
        "110010"
      ]
    },
    {
      "component_action": null,
      "context": "10",
      "failure_counts": {
        "illegal_incidence": 0,
        "new_already_selected": 1,
        "noninternal_owner": 0,
        "old_not_selected": 2
      },
      "incidence_length": 16,
      "literal_transport_valid": false,
      "mapped_suffix_edge": [
        "10110100",
        "10101100"
      ],
      "prefix": "101001001101",
      "q2_support_losses": null,
      "rows": [
        {
          "incidence_legal": true,
          "internal_owner": true,
          "new_unselected": true,
          "old_selected": true,
          "old_to_closest_selected_difference": "00000000000000000000",
          "old_to_closest_selected_distance": 0,
          "row": 0,
          "selected_degree": 2
        },
        {
          "incidence_legal": true,
          "internal_owner": true,
          "new_unselected": true,
          "old_selected": true,
          "old_to_closest_selected_difference": "00000000000000000000",
          "old_to_closest_selected_distance": 0,
          "row": 1,
          "selected_degree": 2
        },
        {
          "incidence_legal": true,
          "internal_owner": true,
          "new_unselected": true,
          "old_selected": false,
          "old_to_closest_selected_difference": "00000000001000010000",
          "old_to_closest_selected_distance": 2,
          "row": 2,
          "selected_degree": 2
        },
        {
          "incidence_legal": true,
          "internal_owner": true,
          "new_unselected": true,
          "old_selected": true,
          "old_to_closest_selected_difference": "00000000000000000000",
          "old_to_closest_selected_distance": 0,
          "row": 3,
          "selected_degree": 2
        },
        {
          "incidence_legal": true,
          "internal_owner": true,
          "new_unselected": true,
          "old_selected": true,
          "old_to_closest_selected_difference": "00000000000000000000",
          "old_to_closest_selected_distance": 0,
          "row": 4,
          "selected_degree": 2
        },
        {
          "incidence_legal": true,
          "internal_owner": true,
          "new_unselected": true,
          "old_selected": true,
          "old_to_closest_selected_difference": "00000000000000000000",
          "old_to_closest_selected_distance": 0,
          "row": 5,
          "selected_degree": 2
        },
        {
          "incidence_legal": true,
          "internal_owner": true,
          "new_unselected": false,
          "old_selected": true,
          "old_to_closest_selected_difference": "00000000000000000000",
          "old_to_closest_selected_distance": 0,
          "row": 6,
          "selected_degree": 2
        },
        {
          "incidence_legal": true,
          "internal_owner": true,
          "new_unselected": true,
          "old_selected": false,
          "old_to_closest_selected_difference": "00000000001000000001",
          "old_to_closest_selected_distance": 2,
          "row": 7,
          "selected_degree": 2
        }
      ],
      "source_s": 3,
      "source_suffix_edge": [
        "110100",
        "101100"
      ]
    },
    {
      "component_action": null,
      "context": "01_phase",
      "failure_counts": {
        "illegal_incidence": 0,
        "new_already_selected": 1,
        "noninternal_owner": 0,
        "old_not_selected": 3
      },
      "incidence_length": 16,
      "literal_transport_valid": false,
      "mapped_suffix_edge": [
        "01110100",
        "01101100"
      ],
      "prefix": "101001001101",
      "q2_support_losses": null,
      "rows": [
        {
          "incidence_legal": true,
          "internal_owner": true,
          "new_unselected": true,
          "old_selected": false,
          "old_to_closest_selected_difference": "00000011000000000000",
          "old_to_closest_selected_distance": 2,
          "row": 0,
          "selected_degree": 2
        },
        {
          "incidence_legal": true,
          "internal_owner": true,
          "new_unselected": true,
          "old_selected": true,
          "old_to_closest_selected_difference": "00000000000000000000",
          "old_to_closest_selected_distance": 0,
          "row": 1,
          "selected_degree": 2
        },
        {
          "incidence_legal": true,
          "internal_owner": true,
          "new_unselected": true,
          "old_selected": true,
          "old_to_closest_selected_difference": "00000000000000000000",
          "old_to_closest_selected_distance": 0,
          "row": 2,
          "selected_degree": 2
        },
        {
          "incidence_legal": true,
          "internal_owner": true,
          "new_unselected": false,
          "old_selected": true,
          "old_to_closest_selected_difference": "00000000000000000000",
          "old_to_closest_selected_distance": 0,
          "row": 3,
          "selected_degree": 2
        },
        {
          "incidence_legal": true,
          "internal_owner": true,
          "new_unselected": true,
          "old_selected": false,
          "old_to_closest_selected_difference": "10000000000010000000",
          "old_to_closest_selected_distance": 2,
          "row": 4,
          "selected_degree": 2
        },
        {
          "incidence_legal": true,
          "internal_owner": true,
          "new_unselected": true,
          "old_selected": false,
          "old_to_closest_selected_difference": "00000000001010000000",
          "old_to_closest_selected_distance": 2,
          "row": 5,
          "selected_degree": 2
        },
        {
          "incidence_legal": true,
          "internal_owner": true,
          "new_unselected": true,
          "old_selected": true,
          "old_to_closest_selected_difference": "00000000000000000000",
          "old_to_closest_selected_distance": 0,
          "row": 6,
          "selected_degree": 2
        },
        {
          "incidence_legal": true,
          "internal_owner": true,
          "new_unselected": true,
          "old_selected": true,
          "old_to_closest_selected_difference": "00000000000000000000",
          "old_to_closest_selected_distance": 0,
          "row": 7,
          "selected_degree": 2
        }
      ],
      "source_s": 3,
      "source_suffix_edge": [
        "110100",
        "101100"
      ]
    },
    {
      "component_action": null,
      "context": "wrap",
      "failure_counts": {
        "illegal_incidence": 0,
        "new_already_selected": 0,
        "noninternal_owner": 0,
        "old_not_selected": 2
      },
      "incidence_length": 16,
      "literal_transport_valid": false,
      "mapped_suffix_edge": [
        "11101000",
        "11011000"
      ],
      "prefix": "101001001101",
      "q2_support_losses": null,
      "rows": [
        {
          "incidence_legal": true,
          "internal_owner": true,
          "new_unselected": true,
          "old_selected": true,
          "old_to_closest_selected_difference": "00000000000000000000",
          "old_to_closest_selected_distance": 0,
          "row": 0,
          "selected_degree": 2
        },
        {
          "incidence_legal": true,
          "internal_owner": true,
          "new_unselected": true,
          "old_selected": true,
          "old_to_closest_selected_difference": "00000000000000000000",
          "old_to_closest_selected_distance": 0,
          "row": 1,
          "selected_degree": 2
        },
        {
          "incidence_legal": true,
          "internal_owner": true,
          "new_unselected": true,
          "old_selected": false,
          "old_to_closest_selected_difference": "00000000001000100000",
          "old_to_closest_selected_distance": 2,
          "row": 2,
          "selected_degree": 2
        },
        {
          "incidence_legal": true,
          "internal_owner": true,
          "new_unselected": true,
          "old_selected": true,
          "old_to_closest_selected_difference": "00000000000000000000",
          "old_to_closest_selected_distance": 0,
          "row": 3,
          "selected_degree": 2
        },
        {
          "incidence_legal": true,
          "internal_owner": true,
          "new_unselected": true,
          "old_selected": true,
          "old_to_closest_selected_difference": "00000000000000000000",
          "old_to_closest_selected_distance": 0,
          "row": 4,
          "selected_degree": 2
        },
        {
          "incidence_legal": true,
          "internal_owner": true,
          "new_unselected": true,
          "old_selected": true,
          "old_to_closest_selected_difference": "00000000000000000000",
          "old_to_closest_selected_distance": 0,
          "row": 5,
          "selected_degree": 2
        },
        {
          "incidence_legal": true,
          "internal_owner": true,
          "new_unselected": true,
          "old_selected": true,
          "old_to_closest_selected_difference": "00000000000000000000",
          "old_to_closest_selected_distance": 0,
          "row": 6,
          "selected_degree": 2
        },
        {
          "incidence_legal": true,
          "internal_owner": true,
          "new_unselected": true,
          "old_selected": false,
          "old_to_closest_selected_difference": "00000000001000000010",
          "old_to_closest_selected_distance": 2,
          "row": 7,
          "selected_degree": 2
        }
      ],
      "source_s": 3,
      "source_suffix_edge": [
        "110100",
        "101100"
      ]
    },
    {
      "component_action": null,
      "context": "10",
      "failure_counts": {
        "illegal_incidence": 0,
        "new_already_selected": 0,
        "noninternal_owner": 0,
        "old_not_selected": 3
      },
      "incidence_length": 18,
      "literal_transport_valid": false,
      "mapped_suffix_edge": [
        "1011110000",
        "1010111000"
      ],
      "prefix": "101001001101",
      "q2_support_losses": null,
      "rows": [
        {
          "incidence_legal": true,
          "internal_owner": true,
          "new_unselected": true,
          "old_selected": true,
          "old_to_closest_selected_difference": "0000000000000000000000",
          "old_to_closest_selected_distance": 0,
          "row": 0,
          "selected_degree": 2
        },
        {
          "incidence_legal": true,
          "internal_owner": true,
          "new_unselected": true,
          "old_selected": true,
          "old_to_closest_selected_difference": "0000000000000000000000",
          "old_to_closest_selected_distance": 0,
          "row": 1,
          "selected_degree": 2
        },
        {
          "incidence_legal": true,
          "internal_owner": true,
          "new_unselected": true,
          "old_selected": false,
          "old_to_closest_selected_difference": "0000000000100001000000",
          "old_to_closest_selected_distance": 2,
          "row": 2,
          "selected_degree": 2
        },
        {
          "incidence_legal": true,
          "internal_owner": true,
          "new_unselected": true,
          "old_selected": true,
          "old_to_closest_selected_difference": "0000000000000000000000",
          "old_to_closest_selected_distance": 0,
          "row": 3,
          "selected_degree": 2
        },
        {
          "incidence_legal": true,
          "internal_owner": true,
          "new_unselected": true,
          "old_selected": true,
          "old_to_closest_selected_difference": "0000000000000000000000",
          "old_to_closest_selected_distance": 0,
          "row": 4,
          "selected_degree": 2
        },
        {
          "incidence_legal": true,
          "internal_owner": true,
          "new_unselected": true,
          "old_selected": false,
          "old_to_closest_selected_difference": "0000000000000100100000",
          "old_to_closest_selected_distance": 2,
          "row": 5,
          "selected_degree": 2
        },
        {
          "incidence_legal": true,
          "internal_owner": true,
          "new_unselected": true,
          "old_selected": true,
          "old_to_closest_selected_difference": "0000000000000000000000",
          "old_to_closest_selected_distance": 0,
          "row": 6,
          "selected_degree": 2
        },
        {
          "incidence_legal": true,
          "internal_owner": true,
          "new_unselected": true,
          "old_selected": true,
          "old_to_closest_selected_difference": "0000000000000000000000",
          "old_to_closest_selected_distance": 0,
          "row": 7,
          "selected_degree": 2
        },
        {
          "incidence_legal": true,
          "internal_owner": true,
          "new_unselected": true,
          "old_selected": false,
          "old_to_closest_selected_difference": "0000000000100000000001",
          "old_to_closest_selected_distance": 2,
          "row": 8,
          "selected_degree": 2
        }
      ],
      "source_s": 4,
      "source_suffix_edge": [
        "11110000",
        "10111000"
      ]
    },
    {
      "component_action": null,
      "context": "01_phase",
      "failure_counts": {
        "illegal_incidence": 0,
        "new_already_selected": 0,
        "noninternal_owner": 0,
        "old_not_selected": 1
      },
      "incidence_length": 18,
      "literal_transport_valid": false,
      "mapped_suffix_edge": [
        "0111110000",
        "0110111000"
      ],
      "prefix": "101001001101",
      "q2_support_losses": null,
      "rows": [
        {
          "incidence_legal": true,
          "internal_owner": true,
          "new_unselected": true,
          "old_selected": true,
          "old_to_closest_selected_difference": "0000000000000000000000",
          "old_to_closest_selected_distance": 0,
          "row": 0,
          "selected_degree": 2
        },
        {
          "incidence_legal": true,
          "internal_owner": true,
          "new_unselected": true,
          "old_selected": true,
          "old_to_closest_selected_difference": "0000000000000000000000",
          "old_to_closest_selected_distance": 0,
          "row": 1,
          "selected_degree": 2
        },
        {
          "incidence_legal": true,
          "internal_owner": true,
          "new_unselected": true,
          "old_selected": true,
          "old_to_closest_selected_difference": "0000000000000000000000",
          "old_to_closest_selected_distance": 0,
          "row": 2,
          "selected_degree": 2
        },
        {
          "incidence_legal": true,
          "internal_owner": true,
          "new_unselected": true,
          "old_selected": false,
          "old_to_closest_selected_difference": "0000001100000000000000",
          "old_to_closest_selected_distance": 2,
          "row": 3,
          "selected_degree": 2
        },
        {
          "incidence_legal": true,
          "internal_owner": true,
          "new_unselected": true,
          "old_selected": true,
          "old_to_closest_selected_difference": "0000000000000000000000",
          "old_to_closest_selected_distance": 0,
          "row": 4,
          "selected_degree": 2
        },
        {
          "incidence_legal": true,
          "internal_owner": true,
          "new_unselected": true,
          "old_selected": true,
          "old_to_closest_selected_difference": "0000000000000000000000",
          "old_to_closest_selected_distance": 0,
          "row": 5,
          "selected_degree": 2
        },
        {
          "incidence_legal": true,
          "internal_owner": true,
          "new_unselected": true,
          "old_selected": true,
          "old_to_closest_selected_difference": "0000000000000000000000",
          "old_to_closest_selected_distance": 0,
          "row": 6,
          "selected_degree": 2
        },
        {
          "incidence_legal": true,
          "internal_owner": true,
          "new_unselected": true,
          "old_selected": true,
          "old_to_closest_selected_difference": "0000000000000000000000",
          "old_to_closest_selected_distance": 0,
          "row": 7,
          "selected_degree": 2
        },
        {
          "incidence_legal": true,
          "internal_owner": true,
          "new_unselected": true,
          "old_selected": true,
          "old_to_closest_selected_difference": "0000000000000000000000",
          "old_to_closest_selected_distance": 0,
          "row": 8,
          "selected_degree": 2
        }
      ],
      "source_s": 4,
      "source_suffix_edge": [
        "11110000",
        "10111000"
      ]
    },
    {
      "component_action": null,
      "context": "wrap",
      "failure_counts": {
        "illegal_incidence": 0,
        "new_already_selected": 0,
        "noninternal_owner": 0,
        "old_not_selected": 5
      },
      "incidence_length": 18,
      "literal_transport_valid": false,
      "mapped_suffix_edge": [
        "1111100000",
        "1101110000"
      ],
      "prefix": "101001001101",
      "q2_support_losses": null,
      "rows": [
        {
          "incidence_legal": true,
          "internal_owner": true,
          "new_unselected": true,
          "old_selected": true,
          "old_to_closest_selected_difference": "0000000000000000000000",
          "old_to_closest_selected_distance": 0,
          "row": 0,
          "selected_degree": 2
        },
        {
          "incidence_legal": true,
          "internal_owner": true,
          "new_unselected": true,
          "old_selected": true,
          "old_to_closest_selected_difference": "0000000000000000000000",
          "old_to_closest_selected_distance": 0,
          "row": 1,
          "selected_degree": 2
        },
        {
          "incidence_legal": true,
          "internal_owner": true,
          "new_unselected": true,
          "old_selected": false,
          "old_to_closest_selected_difference": "0000000000100010000000",
          "old_to_closest_selected_distance": 2,
          "row": 2,
          "selected_degree": 2
        },
        {
          "incidence_legal": true,
          "internal_owner": true,
          "new_unselected": true,
          "old_selected": true,
          "old_to_closest_selected_difference": "0000000000000000000000",
          "old_to_closest_selected_distance": 0,
          "row": 3,
          "selected_degree": 2
        },
        {
          "incidence_legal": true,
          "internal_owner": true,
          "new_unselected": true,
          "old_selected": false,
          "old_to_closest_selected_difference": "1000000000000010000000",
          "old_to_closest_selected_distance": 2,
          "row": 4,
          "selected_degree": 2
        },
        {
          "incidence_legal": true,
          "internal_owner": true,
          "new_unselected": true,
          "old_selected": true,
          "old_to_closest_selected_difference": "0000000000000000000000",
          "old_to_closest_selected_distance": 0,
          "row": 5,
          "selected_degree": 2
        },
        {
          "incidence_legal": true,
          "internal_owner": true,
          "new_unselected": true,
          "old_selected": false,
          "old_to_closest_selected_difference": "0000000000100000010000",
          "old_to_closest_selected_distance": 2,
          "row": 6,
          "selected_degree": 2
        },
        {
          "incidence_legal": true,
          "internal_owner": true,
          "new_unselected": true,
          "old_selected": false,
          "old_to_closest_selected_difference": "0000000000100000001000",
          "old_to_closest_selected_distance": 2,
          "row": 7,
          "selected_degree": 2
        },
        {
          "incidence_legal": true,
          "internal_owner": true,
          "new_unselected": true,
          "old_selected": false,
          "old_to_closest_selected_difference": "0000000000100000000010",
          "old_to_closest_selected_distance": 2,
          "row": 8,
          "selected_degree": 2
        }
      ],
      "source_s": 4,
      "source_suffix_edge": [
        "11110000",
        "10111000"
      ]
    },
    {
      "component_action": null,
      "context": "10",
      "failure_counts": {
        "illegal_incidence": 0,
        "new_already_selected": 0,
        "noninternal_owner": 0,
        "old_not_selected": 2
      },
      "incidence_length": 16,
      "literal_transport_valid": false,
      "mapped_suffix_edge": [
        "1011110000",
        "1010110010"
      ],
      "prefix": "101001010101",
      "q2_support_losses": null,
      "rows": [
        {
          "incidence_legal": true,
          "internal_owner": true,
          "new_unselected": true,
          "old_selected": true,
          "old_to_closest_selected_difference": "0000000000000000000000",
          "old_to_closest_selected_distance": 0,
          "row": 0,
          "selected_degree": 2
        },
        {
          "incidence_legal": true,
          "internal_owner": true,
          "new_unselected": true,
          "old_selected": true,
          "old_to_closest_selected_difference": "0000000000000000000000",
          "old_to_closest_selected_distance": 0,
          "row": 1,
          "selected_degree": 2
        },
        {
          "incidence_legal": true,
          "internal_owner": true,
          "new_unselected": true,
          "old_selected": true,
          "old_to_closest_selected_difference": "0000000000000000000000",
          "old_to_closest_selected_distance": 0,
          "row": 2,
          "selected_degree": 2
        },
        {
          "incidence_legal": true,
          "internal_owner": true,
          "new_unselected": true,
          "old_selected": false,
          "old_to_closest_selected_difference": "0000000000100001000000",
          "old_to_closest_selected_distance": 2,
          "row": 3,
          "selected_degree": 2
        },
        {
          "incidence_legal": true,
          "internal_owner": true,
          "new_unselected": true,
          "old_selected": true,
          "old_to_closest_selected_difference": "0000000000000000000000",
          "old_to_closest_selected_distance": 0,
          "row": 4,
          "selected_degree": 2
        },
        {
          "incidence_legal": true,
          "internal_owner": true,
          "new_unselected": true,
          "old_selected": true,
          "old_to_closest_selected_difference": "0000000000000000000000",
          "old_to_closest_selected_distance": 0,
          "row": 5,
          "selected_degree": 2
        },
        {
          "incidence_legal": true,
          "internal_owner": true,
          "new_unselected": true,
          "old_selected": true,
          "old_to_closest_selected_difference": "0000000000000000000000",
          "old_to_closest_selected_distance": 0,
          "row": 6,
          "selected_degree": 2
        },
        {
          "incidence_legal": true,
          "internal_owner": true,
          "new_unselected": true,
          "old_selected": false,
          "old_to_closest_selected_difference": "0000000000100000000001",
          "old_to_closest_selected_distance": 2,
          "row": 7,
          "selected_degree": 2
        }
      ],
      "source_s": 4,
      "source_suffix_edge": [
        "11110000",
        "10110010"
      ]
    },
    {
      "component_action": null,
      "context": "01_phase",
      "failure_counts": {
        "illegal_incidence": 0,
        "new_already_selected": 1,
        "noninternal_owner": 0,
        "old_not_selected": 4
      },
      "incidence_length": 16,
      "literal_transport_valid": false,
      "mapped_suffix_edge": [
        "0111110000",
        "0110110010"
      ],
      "prefix": "101001010101",
      "q2_support_losses": null,
      "rows": [
        {
          "incidence_legal": true,
          "internal_owner": true,
          "new_unselected": false,
          "old_selected": false,
          "old_to_closest_selected_difference": "0000100010000000000000",
          "old_to_closest_selected_distance": 2,
          "row": 0,
          "selected_degree": 2
        },
        {
          "incidence_legal": true,
          "internal_owner": true,
          "new_unselected": true,
          "old_selected": false,
          "old_to_closest_selected_difference": "1000000000001000000000",
          "old_to_closest_selected_distance": 2,
          "row": 1,
          "selected_degree": 2
        },
        {
          "incidence_legal": true,
          "internal_owner": true,
          "new_unselected": true,
          "old_selected": false,
          "old_to_closest_selected_difference": "0000000000101000000000",
          "old_to_closest_selected_distance": 2,
          "row": 2,
          "selected_degree": 2
        },
        {
          "incidence_legal": true,
          "internal_owner": true,
          "new_unselected": true,
          "old_selected": true,
          "old_to_closest_selected_difference": "0000000000000000000000",
          "old_to_closest_selected_distance": 0,
          "row": 3,
          "selected_degree": 2
        },
        {
          "incidence_legal": true,
          "internal_owner": true,
          "new_unselected": true,
          "old_selected": false,
          "old_to_closest_selected_difference": "0000001010000000000000",
          "old_to_closest_selected_distance": 2,
          "row": 4,
          "selected_degree": 2
        },
        {
          "incidence_legal": true,
          "internal_owner": true,
          "new_unselected": true,
          "old_selected": true,
          "old_to_closest_selected_difference": "0000000000000000000000",
          "old_to_closest_selected_distance": 0,
          "row": 5,
          "selected_degree": 2
        },
        {
          "incidence_legal": true,
          "internal_owner": true,
          "new_unselected": true,
          "old_selected": true,
          "old_to_closest_selected_difference": "0000000000000000000000",
          "old_to_closest_selected_distance": 0,
          "row": 6,
          "selected_degree": 2
        },
        {
          "incidence_legal": true,
          "internal_owner": true,
          "new_unselected": true,
          "old_selected": true,
          "old_to_closest_selected_difference": "0000000000000000000000",
          "old_to_closest_selected_distance": 0,
          "row": 7,
          "selected_degree": 2
        }
      ],
      "source_s": 4,
      "source_suffix_edge": [
        "11110000",
        "10110010"
      ]
    },
    {
      "component_action": null,
      "context": "wrap",
      "failure_counts": {
        "illegal_incidence": 0,
        "new_already_selected": 0,
        "noninternal_owner": 0,
        "old_not_selected": 2
      },
      "incidence_length": 16,
      "literal_transport_valid": false,
      "mapped_suffix_edge": [
        "1111100000",
        "1101100100"
      ],
      "prefix": "101001010101",
      "q2_support_losses": null,
      "rows": [
        {
          "incidence_legal": true,
          "internal_owner": true,
          "new_unselected": true,
          "old_selected": true,
          "old_to_closest_selected_difference": "0000000000000000000000",
          "old_to_closest_selected_distance": 0,
          "row": 0,
          "selected_degree": 2
        },
        {
          "incidence_legal": true,
          "internal_owner": true,
          "new_unselected": true,
          "old_selected": true,
          "old_to_closest_selected_difference": "0000000000000000000000",
          "old_to_closest_selected_distance": 0,
          "row": 1,
          "selected_degree": 2
        },
        {
          "incidence_legal": true,
          "internal_owner": true,
          "new_unselected": true,
          "old_selected": true,
          "old_to_closest_selected_difference": "0000000000000000000000",
          "old_to_closest_selected_distance": 0,
          "row": 2,
          "selected_degree": 2
        },
        {
          "incidence_legal": true,
          "internal_owner": true,
          "new_unselected": true,
          "old_selected": false,
          "old_to_closest_selected_difference": "0000000000100010000000",
          "old_to_closest_selected_distance": 2,
          "row": 3,
          "selected_degree": 2
        },
        {
          "incidence_legal": true,
          "internal_owner": true,
          "new_unselected": true,
          "old_selected": true,
          "old_to_closest_selected_difference": "0000000000000000000000",
          "old_to_closest_selected_distance": 0,
          "row": 4,
          "selected_degree": 2
        },
        {
          "incidence_legal": true,
          "internal_owner": true,
          "new_unselected": true,
          "old_selected": true,
          "old_to_closest_selected_difference": "0000000000000000000000",
          "old_to_closest_selected_distance": 0,
          "row": 5,
          "selected_degree": 2
        },
        {
          "incidence_legal": true,
          "internal_owner": true,
          "new_unselected": true,
          "old_selected": true,
          "old_to_closest_selected_difference": "0000000000000000000000",
          "old_to_closest_selected_distance": 0,
          "row": 6,
          "selected_degree": 2
        },
        {
          "incidence_legal": true,
          "internal_owner": true,
          "new_unselected": true,
          "old_selected": false,
          "old_to_closest_selected_difference": "0000000000100000000010",
          "old_to_closest_selected_distance": 2,
          "row": 7,
          "selected_degree": 2
        }
      ],
      "source_s": 4,
      "source_suffix_edge": [
        "11110000",
        "10110010"
      ]
    },
    {
      "component_action": null,
      "context": "10",
      "failure_counts": {
        "illegal_incidence": 0,
        "new_already_selected": 0,
        "noninternal_owner": 0,
        "old_not_selected": 2
      },
      "incidence_length": 16,
      "literal_transport_valid": false,
      "mapped_suffix_edge": [
        "1011101000",
        "1010101100"
      ],
      "prefix": "101001001101",
      "q2_support_losses": null,
      "rows": [
        {
          "incidence_legal": true,
          "internal_owner": true,
          "new_unselected": true,
          "old_selected": true,
          "old_to_closest_selected_difference": "0000000000000000000000",
          "old_to_closest_selected_distance": 0,
          "row": 0,
          "selected_degree": 2
        },
        {
          "incidence_legal": true,
          "internal_owner": true,
          "new_unselected": true,
          "old_selected": true,
          "old_to_closest_selected_difference": "0000000000000000000000",
          "old_to_closest_selected_distance": 0,
          "row": 1,
          "selected_degree": 2
        },
        {
          "incidence_legal": true,
          "internal_owner": true,
          "new_unselected": true,
          "old_selected": true,
          "old_to_closest_selected_difference": "0000000000000000000000",
          "old_to_closest_selected_distance": 0,
          "row": 2,
          "selected_degree": 2
        },
        {
          "incidence_legal": true,
          "internal_owner": true,
          "new_unselected": true,
          "old_selected": false,
          "old_to_closest_selected_difference": "0000000000100001000000",
          "old_to_closest_selected_distance": 2,
          "row": 3,
          "selected_degree": 2
        },
        {
          "incidence_legal": true,
          "internal_owner": true,
          "new_unselected": true,
          "old_selected": true,
          "old_to_closest_selected_difference": "0000000000000000000000",
          "old_to_closest_selected_distance": 0,
          "row": 4,
          "selected_degree": 2
        },
        {
          "incidence_legal": true,
          "internal_owner": true,
          "new_unselected": true,
          "old_selected": true,
          "old_to_closest_selected_difference": "0000000000000000000000",
          "old_to_closest_selected_distance": 0,
          "row": 5,
          "selected_degree": 2
        },
        {
          "incidence_legal": true,
          "internal_owner": true,
          "new_unselected": true,
          "old_selected": true,
          "old_to_closest_selected_difference": "0000000000000000000000",
          "old_to_closest_selected_distance": 0,
          "row": 6,
          "selected_degree": 2
        },
        {
          "incidence_legal": true,
          "internal_owner": true,
          "new_unselected": true,
          "old_selected": false,
          "old_to_closest_selected_difference": "0000000000100000000001",
          "old_to_closest_selected_distance": 2,
          "row": 7,
          "selected_degree": 2
        }
      ],
      "source_s": 4,
      "source_suffix_edge": [
        "11101000",
        "10101100"
      ]
    },
    {
      "component_action": null,
      "context": "01_phase",
      "failure_counts": {
        "illegal_incidence": 0,
        "new_already_selected": 1,
        "noninternal_owner": 0,
        "old_not_selected": 3
      },
      "incidence_length": 16,
      "literal_transport_valid": false,
      "mapped_suffix_edge": [
        "0111101000",
        "0110101100"
      ],
      "prefix": "101001001101",
      "q2_support_losses": null,
      "rows": [
        {
          "incidence_legal": true,
          "internal_owner": true,
          "new_unselected": false,
          "old_selected": false,
          "old_to_closest_selected_difference": "0000001100000000000000",
          "old_to_closest_selected_distance": 2,
          "row": 0,
          "selected_degree": 2
        },
        {
          "incidence_legal": true,
          "internal_owner": true,
          "new_unselected": true,
          "old_selected": false,
          "old_to_closest_selected_difference": "1000000000001000000000",
          "old_to_closest_selected_distance": 2,
          "row": 1,
          "selected_degree": 2
        },
        {
          "incidence_legal": true,
          "internal_owner": true,
          "new_unselected": true,
          "old_selected": false,
          "old_to_closest_selected_difference": "0000000000101000000000",
          "old_to_closest_selected_distance": 2,
          "row": 2,
          "selected_degree": 2
        },
        {
          "incidence_legal": true,
          "internal_owner": true,
          "new_unselected": true,
          "old_selected": true,
          "old_to_closest_selected_difference": "0000000000000000000000",
          "old_to_closest_selected_distance": 0,
          "row": 3,
          "selected_degree": 2
        },
        {
          "incidence_legal": true,
          "internal_owner": true,
          "new_unselected": true,
          "old_selected": true,
          "old_to_closest_selected_difference": "0000000000000000000000",
          "old_to_closest_selected_distance": 0,
          "row": 4,
          "selected_degree": 2
        },
        {
          "incidence_legal": true,
          "internal_owner": true,
          "new_unselected": true,
          "old_selected": true,
          "old_to_closest_selected_difference": "0000000000000000000000",
          "old_to_closest_selected_distance": 0,
          "row": 5,
          "selected_degree": 2
        },
        {
          "incidence_legal": true,
          "internal_owner": true,
          "new_unselected": true,
          "old_selected": true,
          "old_to_closest_selected_difference": "0000000000000000000000",
          "old_to_closest_selected_distance": 0,
          "row": 6,
          "selected_degree": 2
        },
        {
          "incidence_legal": true,
          "internal_owner": true,
          "new_unselected": true,
          "old_selected": true,
          "old_to_closest_selected_difference": "0000000000000000000000",
          "old_to_closest_selected_distance": 0,
          "row": 7,
          "selected_degree": 2
        }
      ],
      "source_s": 4,
      "source_suffix_edge": [
        "11101000",
        "10101100"
      ]
    },
    {
      "component_action": null,
      "context": "wrap",
      "failure_counts": {
        "illegal_incidence": 0,
        "new_already_selected": 0,
        "noninternal_owner": 0,
        "old_not_selected": 3
      },
      "incidence_length": 16,
      "literal_transport_valid": false,
      "mapped_suffix_edge": [
        "1111010000",
        "1101011000"
      ],
      "prefix": "101001001101",
      "q2_support_losses": null,
      "rows": [
        {
          "incidence_legal": true,
          "internal_owner": true,
          "new_unselected": true,
          "old_selected": true,
          "old_to_closest_selected_difference": "0000000000000000000000",
          "old_to_closest_selected_distance": 0,
          "row": 0,
          "selected_degree": 2
        },
        {
          "incidence_legal": true,
          "internal_owner": true,
          "new_unselected": true,
          "old_selected": true,
          "old_to_closest_selected_difference": "0000000000000000000000",
          "old_to_closest_selected_distance": 0,
          "row": 1,
          "selected_degree": 2
        },
        {
          "incidence_legal": true,
          "internal_owner": true,
          "new_unselected": true,
          "old_selected": true,
          "old_to_closest_selected_difference": "0000000000000000000000",
          "old_to_closest_selected_distance": 0,
          "row": 2,
          "selected_degree": 2
        },
        {
          "incidence_legal": true,
          "internal_owner": true,
          "new_unselected": true,
          "old_selected": false,
          "old_to_closest_selected_difference": "0000000000100010000000",
          "old_to_closest_selected_distance": 2,
          "row": 3,
          "selected_degree": 2
        },
        {
          "incidence_legal": true,
          "internal_owner": true,
          "new_unselected": true,
          "old_selected": true,
          "old_to_closest_selected_difference": "0000000000000000000000",
          "old_to_closest_selected_distance": 0,
          "row": 4,
          "selected_degree": 2
        },
        {
          "incidence_legal": true,
          "internal_owner": true,
          "new_unselected": true,
          "old_selected": true,
          "old_to_closest_selected_difference": "0000000000000000000000",
          "old_to_closest_selected_distance": 0,
          "row": 5,
          "selected_degree": 2
        },
        {
          "incidence_legal": true,
          "internal_owner": true,
          "new_unselected": true,
          "old_selected": false,
          "old_to_closest_selected_difference": "1000000000000000001000",
          "old_to_closest_selected_distance": 2,
          "row": 6,
          "selected_degree": 2
        },
        {
          "incidence_legal": true,
          "internal_owner": true,
          "new_unselected": true,
          "old_selected": false,
          "old_to_closest_selected_difference": "0000000000100000000010",
          "old_to_closest_selected_distance": 2,
          "row": 7,
          "selected_degree": 2
        }
      ],
      "source_s": 4,
      "source_suffix_edge": [
        "11101000",
        "10101100"
      ]
    },
    {
      "component_action": null,
      "context": "10",
      "failure_counts": {
        "illegal_incidence": 0,
        "new_already_selected": 0,
        "noninternal_owner": 0,
        "old_not_selected": 2
      },
      "incidence_length": 16,
      "literal_transport_valid": false,
      "mapped_suffix_edge": [
        "1011101000",
        "1010101010"
      ],
      "prefix": "101001010101",
      "q2_support_losses": null,
      "rows": [
        {
          "incidence_legal": true,
          "internal_owner": true,
          "new_unselected": true,
          "old_selected": true,
          "old_to_closest_selected_difference": "0000000000000000000000",
          "old_to_closest_selected_distance": 0,
          "row": 0,
          "selected_degree": 2
        },
        {
          "incidence_legal": true,
          "internal_owner": true,
          "new_unselected": true,
          "old_selected": true,
          "old_to_closest_selected_difference": "0000000000000000000000",
          "old_to_closest_selected_distance": 0,
          "row": 1,
          "selected_degree": 2
        },
        {
          "incidence_legal": true,
          "internal_owner": true,
          "new_unselected": true,
          "old_selected": false,
          "old_to_closest_selected_difference": "0000000000100001000000",
          "old_to_closest_selected_distance": 2,
          "row": 2,
          "selected_degree": 2
        },
        {
          "incidence_legal": true,
          "internal_owner": true,
          "new_unselected": true,
          "old_selected": true,
          "old_to_closest_selected_difference": "0000000000000000000000",
          "old_to_closest_selected_distance": 0,
          "row": 3,
          "selected_degree": 2
        },
        {
          "incidence_legal": true,
          "internal_owner": true,
          "new_unselected": true,
          "old_selected": true,
          "old_to_closest_selected_difference": "0000000000000000000000",
          "old_to_closest_selected_distance": 0,
          "row": 4,
          "selected_degree": 2
        },
        {
          "incidence_legal": true,
          "internal_owner": true,
          "new_unselected": true,
          "old_selected": true,
          "old_to_closest_selected_difference": "0000000000000000000000",
          "old_to_closest_selected_distance": 0,
          "row": 5,
          "selected_degree": 2
        },
        {
          "incidence_legal": true,
          "internal_owner": true,
          "new_unselected": true,
          "old_selected": true,
          "old_to_closest_selected_difference": "0000000000000000000000",
          "old_to_closest_selected_distance": 0,
          "row": 6,
          "selected_degree": 2
        },
        {
          "incidence_legal": true,
          "internal_owner": true,
          "new_unselected": true,
          "old_selected": false,
          "old_to_closest_selected_difference": "0000000000100000000001",
          "old_to_closest_selected_distance": 2,
          "row": 7,
          "selected_degree": 2
        }
      ],
      "source_s": 4,
      "source_suffix_edge": [
        "11101000",
        "10101010"
      ]
    },
    {
      "component_action": null,
      "context": "01_phase",
      "failure_counts": {
        "illegal_incidence": 0,
        "new_already_selected": 0,
        "noninternal_owner": 0,
        "old_not_selected": 2
      },
      "incidence_length": 16,
      "literal_transport_valid": false,
      "mapped_suffix_edge": [
        "0111101000",
        "0110101010"
      ],
      "prefix": "101001010101",
      "q2_support_losses": null,
      "rows": [
        {
          "incidence_legal": true,
          "internal_owner": true,
          "new_unselected": true,
          "old_selected": false,
          "old_to_closest_selected_difference": "0000001010000000000000",
          "old_to_closest_selected_distance": 2,
          "row": 0,
          "selected_degree": 2
        },
        {
          "incidence_legal": true,
          "internal_owner": true,
          "new_unselected": true,
          "old_selected": true,
          "old_to_closest_selected_difference": "0000000000000000000000",
          "old_to_closest_selected_distance": 0,
          "row": 1,
          "selected_degree": 2
        },
        {
          "incidence_legal": true,
          "internal_owner": true,
          "new_unselected": true,
          "old_selected": true,
          "old_to_closest_selected_difference": "0000000000000000000000",
          "old_to_closest_selected_distance": 0,
          "row": 2,
          "selected_degree": 2
        },
        {
          "incidence_legal": true,
          "internal_owner": true,
          "new_unselected": true,
          "old_selected": false,
          "old_to_closest_selected_difference": "0000100010000000000000",
          "old_to_closest_selected_distance": 2,
          "row": 3,
          "selected_degree": 2
        },
        {
          "incidence_legal": true,
          "internal_owner": true,
          "new_unselected": true,
          "old_selected": true,
          "old_to_closest_selected_difference": "0000000000000000000000",
          "old_to_closest_selected_distance": 0,
          "row": 4,
          "selected_degree": 2
        },
        {
          "incidence_legal": true,
          "internal_owner": true,
          "new_unselected": true,
          "old_selected": true,
          "old_to_closest_selected_difference": "0000000000000000000000",
          "old_to_closest_selected_distance": 0,
          "row": 5,
          "selected_degree": 2
        },
        {
          "incidence_legal": true,
          "internal_owner": true,
          "new_unselected": true,
          "old_selected": true,
          "old_to_closest_selected_difference": "0000000000000000000000",
          "old_to_closest_selected_distance": 0,
          "row": 6,
          "selected_degree": 2
        },
        {
          "incidence_legal": true,
          "internal_owner": true,
          "new_unselected": true,
          "old_selected": true,
          "old_to_closest_selected_difference": "0000000000000000000000",
          "old_to_closest_selected_distance": 0,
          "row": 7,
          "selected_degree": 2
        }
      ],
      "source_s": 4,
      "source_suffix_edge": [
        "11101000",
        "10101010"
      ]
    },
    {
      "component_action": null,
      "context": "wrap",
      "failure_counts": {
        "illegal_incidence": 0,
        "new_already_selected": 1,
        "noninternal_owner": 0,
        "old_not_selected": 4
      },
      "incidence_length": 16,
      "literal_transport_valid": false,
      "mapped_suffix_edge": [
        "1111010000",
        "1101010100"
      ],
      "prefix": "101001010101",
      "q2_support_losses": null,
      "rows": [
        {
          "incidence_legal": true,
          "internal_owner": true,
          "new_unselected": true,
          "old_selected": true,
          "old_to_closest_selected_difference": "0000000000000000000000",
          "old_to_closest_selected_distance": 0,
          "row": 0,
          "selected_degree": 2
        },
        {
          "incidence_legal": true,
          "internal_owner": true,
          "new_unselected": true,
          "old_selected": true,
          "old_to_closest_selected_difference": "0000000000000000000000",
          "old_to_closest_selected_distance": 0,
          "row": 1,
          "selected_degree": 2
        },
        {
          "incidence_legal": true,
          "internal_owner": true,
          "new_unselected": true,
          "old_selected": false,
          "old_to_closest_selected_difference": "0000000000100010000000",
          "old_to_closest_selected_distance": 2,
          "row": 2,
          "selected_degree": 2
        },
        {
          "incidence_legal": true,
          "internal_owner": true,
          "new_unselected": true,
          "old_selected": true,
          "old_to_closest_selected_difference": "0000000000000000000000",
          "old_to_closest_selected_distance": 0,
          "row": 3,
          "selected_degree": 2
        },
        {
          "incidence_legal": true,
          "internal_owner": true,
          "new_unselected": true,
          "old_selected": false,
          "old_to_closest_selected_difference": "1000000000000010000000",
          "old_to_closest_selected_distance": 2,
          "row": 4,
          "selected_degree": 2
        },
        {
          "incidence_legal": true,
          "internal_owner": true,
          "new_unselected": false,
          "old_selected": true,
          "old_to_closest_selected_difference": "0000000000000000000000",
          "old_to_closest_selected_distance": 0,
          "row": 5,
          "selected_degree": 2
        },
        {
          "incidence_legal": true,
          "internal_owner": true,
          "new_unselected": true,
          "old_selected": false,
          "old_to_closest_selected_difference": "1000000000000000100000",
          "old_to_closest_selected_distance": 2,
          "row": 6,
          "selected_degree": 2
        },
        {
          "incidence_legal": true,
          "internal_owner": true,
          "new_unselected": true,
          "old_selected": false,
          "old_to_closest_selected_difference": "0000000000100000000010",
          "old_to_closest_selected_distance": 2,
          "row": 7,
          "selected_degree": 2
        }
      ],
      "source_s": 4,
      "source_suffix_edge": [
        "11101000",
        "10101010"
      ]
    },
    {
      "component_action": null,
      "context": "10",
      "failure_counts": {
        "illegal_incidence": 0,
        "new_already_selected": 0,
        "noninternal_owner": 0,
        "old_not_selected": 2
      },
      "incidence_length": 18,
      "literal_transport_valid": false,
      "mapped_suffix_edge": [
        "1011100100",
        "1011100010"
      ],
      "prefix": "101001001101",
      "q2_support_losses": null,
      "rows": [
        {
          "incidence_legal": true,
          "internal_owner": true,
          "new_unselected": true,
          "old_selected": true,
          "old_to_closest_selected_difference": "0000000000000000000000",
          "old_to_closest_selected_distance": 0,
          "row": 0,
          "selected_degree": 2
        },
        {
          "incidence_legal": true,
          "internal_owner": true,
          "new_unselected": true,
          "old_selected": true,
          "old_to_closest_selected_difference": "0000000000000000000000",
          "old_to_closest_selected_distance": 0,
          "row": 1,
          "selected_degree": 2
        },
        {
          "incidence_legal": true,
          "internal_owner": true,
          "new_unselected": true,
          "old_selected": true,
          "old_to_closest_selected_difference": "0000000000000000000000",
          "old_to_closest_selected_distance": 0,
          "row": 2,
          "selected_degree": 2
        },
        {
          "incidence_legal": true,
          "internal_owner": true,
          "new_unselected": true,
          "old_selected": false,
          "old_to_closest_selected_difference": "0000000000100000000100",
          "old_to_closest_selected_distance": 2,
          "row": 3,
          "selected_degree": 2
        },
        {
          "incidence_legal": true,
          "internal_owner": true,
          "new_unselected": true,
          "old_selected": true,
          "old_to_closest_selected_difference": "0000000000000000000000",
          "old_to_closest_selected_distance": 0,
          "row": 4,
          "selected_degree": 2
        },
        {
          "incidence_legal": true,
          "internal_owner": true,
          "new_unselected": true,
          "old_selected": true,
          "old_to_closest_selected_difference": "0000000000000000000000",
          "old_to_closest_selected_distance": 0,
          "row": 5,
          "selected_degree": 2
        },
        {
          "incidence_legal": true,
          "internal_owner": true,
          "new_unselected": true,
          "old_selected": false,
          "old_to_closest_selected_difference": "0000000000000100000010",
          "old_to_closest_selected_distance": 2,
          "row": 6,
          "selected_degree": 2
        },
        {
          "incidence_legal": true,
          "internal_owner": true,
          "new_unselected": true,
          "old_selected": true,
          "old_to_closest_selected_difference": "0000000000000000000000",
          "old_to_closest_selected_distance": 0,
          "row": 7,
          "selected_degree": 2
        },
        {
          "incidence_legal": true,
          "internal_owner": true,
          "new_unselected": true,
          "old_selected": true,
          "old_to_closest_selected_difference": "0000000000000000000000",
          "old_to_closest_selected_distance": 0,
          "row": 8,
          "selected_degree": 2
        }
      ],
      "source_s": 4,
      "source_suffix_edge": [
        "11100100",
        "11100010"
      ]
    },
    {
      "component_action": null,
      "context": "01_phase",
      "failure_counts": {
        "illegal_incidence": 0,
        "new_already_selected": 2,
        "noninternal_owner": 0,
        "old_not_selected": 5
      },
      "incidence_length": 18,
      "literal_transport_valid": false,
      "mapped_suffix_edge": [
        "0111100100",
        "0111100010"
      ],
      "prefix": "101001001101",
      "q2_support_losses": null,
      "rows": [
        {
          "incidence_legal": true,
          "internal_owner": true,
          "new_unselected": false,
          "old_selected": false,
          "old_to_closest_selected_difference": "0000001100000000000000",
          "old_to_closest_selected_distance": 2,
          "row": 0,
          "selected_degree": 2
        },
        {
          "incidence_legal": true,
          "internal_owner": true,
          "new_unselected": true,
          "old_selected": false,
          "old_to_closest_selected_difference": "1000000000001000000000",
          "old_to_closest_selected_distance": 2,
          "row": 1,
          "selected_degree": 2
        },
        {
          "incidence_legal": true,
          "internal_owner": true,
          "new_unselected": true,
          "old_selected": false,
          "old_to_closest_selected_difference": "0000000000101000000000",
          "old_to_closest_selected_distance": 2,
          "row": 2,
          "selected_degree": 2
        },
        {
          "incidence_legal": true,
          "internal_owner": true,
          "new_unselected": true,
          "old_selected": true,
          "old_to_closest_selected_difference": "0000000000000000000000",
          "old_to_closest_selected_distance": 0,
          "row": 3,
          "selected_degree": 2
        },
        {
          "incidence_legal": true,
          "internal_owner": true,
          "new_unselected": false,
          "old_selected": true,
          "old_to_closest_selected_difference": "0000000000000000000000",
          "old_to_closest_selected_distance": 0,
          "row": 4,
          "selected_degree": 2
        },
        {
          "incidence_legal": true,
          "internal_owner": true,
          "new_unselected": true,
          "old_selected": false,
          "old_to_closest_selected_difference": "1000000000001000000000",
          "old_to_closest_selected_distance": 2,
          "row": 5,
          "selected_degree": 2
        },
        {
          "incidence_legal": true,
          "internal_owner": true,
          "new_unselected": true,
          "old_selected": true,
          "old_to_closest_selected_difference": "0000000000000000000000",
          "old_to_closest_selected_distance": 0,
          "row": 6,
          "selected_degree": 2
        },
        {
          "incidence_legal": true,
          "internal_owner": true,
          "new_unselected": true,
          "old_selected": true,
          "old_to_closest_selected_difference": "0000000000000000000000",
          "old_to_closest_selected_distance": 0,
          "row": 7,
          "selected_degree": 2
        },
        {
          "incidence_legal": true,
          "internal_owner": true,
          "new_unselected": true,
          "old_selected": false,
          "old_to_closest_selected_difference": "0000000000101000000000",
          "old_to_closest_selected_distance": 2,
          "row": 8,
          "selected_degree": 2
        }
      ],
      "source_s": 4,
      "source_suffix_edge": [
        "11100100",
        "11100010"
      ]
    },
    {
      "component_action": null,
      "context": "wrap",
      "failure_counts": {
        "illegal_incidence": 0,
        "new_already_selected": 0,
        "noninternal_owner": 0,
        "old_not_selected": 2
      },
      "incidence_length": 18,
      "literal_transport_valid": false,
      "mapped_suffix_edge": [
        "1111001000",
        "1111000100"
      ],
      "prefix": "101001001101",
      "q2_support_losses": null,
      "rows": [
        {
          "incidence_legal": true,
          "internal_owner": true,
          "new_unselected": true,
          "old_selected": true,
          "old_to_closest_selected_difference": "0000000000000000000000",
          "old_to_closest_selected_distance": 0,
          "row": 0,
          "selected_degree": 2
        },
        {
          "incidence_legal": true,
          "internal_owner": true,
          "new_unselected": true,
          "old_selected": true,
          "old_to_closest_selected_difference": "0000000000000000000000",
          "old_to_closest_selected_distance": 0,
          "row": 1,
          "selected_degree": 2
        },
        {
          "incidence_legal": true,
          "internal_owner": true,
          "new_unselected": true,
          "old_selected": true,
          "old_to_closest_selected_difference": "0000000000000000000000",
          "old_to_closest_selected_distance": 0,
          "row": 2,
          "selected_degree": 2
        },
        {
          "incidence_legal": true,
          "internal_owner": true,
          "new_unselected": true,
          "old_selected": false,
          "old_to_closest_selected_difference": "0000000000100000001000",
          "old_to_closest_selected_distance": 2,
          "row": 3,
          "selected_degree": 2
        },
        {
          "incidence_legal": true,
          "internal_owner": true,
          "new_unselected": true,
          "old_selected": true,
          "old_to_closest_selected_difference": "0000000000000000000000",
          "old_to_closest_selected_distance": 0,
          "row": 4,
          "selected_degree": 2
        },
        {
          "incidence_legal": true,
          "internal_owner": true,
          "new_unselected": true,
          "old_selected": true,
          "old_to_closest_selected_difference": "0000000000000000000000",
          "old_to_closest_selected_distance": 0,
          "row": 5,
          "selected_degree": 2
        },
        {
          "incidence_legal": true,
          "internal_owner": true,
          "new_unselected": true,
          "old_selected": true,
          "old_to_closest_selected_difference": "0000000000000000000000",
          "old_to_closest_selected_distance": 0,
          "row": 6,
          "selected_degree": 2
        },
        {
          "incidence_legal": true,
          "internal_owner": true,
          "new_unselected": true,
          "old_selected": false,
          "old_to_closest_selected_difference": "1000000000000000000010",
          "old_to_closest_selected_distance": 2,
          "row": 7,
          "selected_degree": 2
        },
        {
          "incidence_legal": true,
          "internal_owner": true,
          "new_unselected": true,
          "old_selected": true,
          "old_to_closest_selected_difference": "0000000000000000000000",
          "old_to_closest_selected_distance": 0,
          "row": 8,
          "selected_degree": 2
        }
      ],
      "source_s": 4,
      "source_suffix_edge": [
        "11100100",
        "11100010"
      ]
    },
    {
      "component_action": null,
      "context": "10",
      "failure_counts": {
        "illegal_incidence": 0,
        "new_already_selected": 0,
        "noninternal_owner": 0,
        "old_not_selected": 2
      },
      "incidence_length": 16,
      "literal_transport_valid": false,
      "mapped_suffix_edge": [
        "1011100100",
        "1010101100"
      ],
      "prefix": "101001010101",
      "q2_support_losses": null,
      "rows": [
        {
          "incidence_legal": true,
          "internal_owner": true,
          "new_unselected": true,
          "old_selected": true,
          "old_to_closest_selected_difference": "0000000000000000000000",
          "old_to_closest_selected_distance": 0,
          "row": 0,
          "selected_degree": 2
        },
        {
          "incidence_legal": true,
          "internal_owner": true,
          "new_unselected": true,
          "old_selected": true,
          "old_to_closest_selected_difference": "0000000000000000000000",
          "old_to_closest_selected_distance": 0,
          "row": 1,
          "selected_degree": 2
        },
        {
          "incidence_legal": true,
          "internal_owner": true,
          "new_unselected": true,
          "old_selected": false,
          "old_to_closest_selected_difference": "0000000000100001000000",
          "old_to_closest_selected_distance": 2,
          "row": 2,
          "selected_degree": 2
        },
        {
          "incidence_legal": true,
          "internal_owner": true,
          "new_unselected": true,
          "old_selected": true,
          "old_to_closest_selected_difference": "0000000000000000000000",
          "old_to_closest_selected_distance": 0,
          "row": 3,
          "selected_degree": 2
        },
        {
          "incidence_legal": true,
          "internal_owner": true,
          "new_unselected": true,
          "old_selected": true,
          "old_to_closest_selected_difference": "0000000000000000000000",
          "old_to_closest_selected_distance": 0,
          "row": 4,
          "selected_degree": 2
        },
        {
          "incidence_legal": true,
          "internal_owner": true,
          "new_unselected": true,
          "old_selected": true,
          "old_to_closest_selected_difference": "0000000000000000000000",
          "old_to_closest_selected_distance": 0,
          "row": 5,
          "selected_degree": 2
        },
        {
          "incidence_legal": true,
          "internal_owner": true,
          "new_unselected": true,
          "old_selected": true,
          "old_to_closest_selected_difference": "0000000000000000000000",
          "old_to_closest_selected_distance": 0,
          "row": 6,
          "selected_degree": 2
        },
        {
          "incidence_legal": true,
          "internal_owner": true,
          "new_unselected": true,
          "old_selected": false,
          "old_to_closest_selected_difference": "0000000000100000000001",
          "old_to_closest_selected_distance": 2,
          "row": 7,
          "selected_degree": 2
        }
      ],
      "source_s": 4,
      "source_suffix_edge": [
        "11100100",
        "10101100"
      ]
    },
    {
      "component_action": null,
      "context": "01_phase",
      "failure_counts": {
        "illegal_incidence": 0,
        "new_already_selected": 0,
        "noninternal_owner": 0,
        "old_not_selected": 2
      },
      "incidence_length": 16,
      "literal_transport_valid": false,
      "mapped_suffix_edge": [
        "0111100100",
        "0110101100"
      ],
      "prefix": "101001010101",
      "q2_support_losses": null,
      "rows": [
        {
          "incidence_legal": true,
          "internal_owner": true,
          "new_unselected": true,
          "old_selected": false,
          "old_to_closest_selected_difference": "0000100010000000000000",
          "old_to_closest_selected_distance": 2,
          "row": 0,
          "selected_degree": 2
        },
        {
          "incidence_legal": true,
          "internal_owner": true,
          "new_unselected": true,
          "old_selected": true,
          "old_to_closest_selected_difference": "0000000000000000000000",
          "old_to_closest_selected_distance": 0,
          "row": 1,
          "selected_degree": 2
        },
        {
          "incidence_legal": true,
          "internal_owner": true,
          "new_unselected": true,
          "old_selected": true,
          "old_to_closest_selected_difference": "0000000000000000000000",
          "old_to_closest_selected_distance": 0,
          "row": 2,
          "selected_degree": 2
        },
        {
          "incidence_legal": true,
          "internal_owner": true,
          "new_unselected": true,
          "old_selected": false,
          "old_to_closest_selected_difference": "0000001010000000000000",
          "old_to_closest_selected_distance": 2,
          "row": 3,
          "selected_degree": 2
        },
        {
          "incidence_legal": true,
          "internal_owner": true,
          "new_unselected": true,
          "old_selected": true,
          "old_to_closest_selected_difference": "0000000000000000000000",
          "old_to_closest_selected_distance": 0,
          "row": 4,
          "selected_degree": 2
        },
        {
          "incidence_legal": true,
          "internal_owner": true,
          "new_unselected": true,
          "old_selected": true,
          "old_to_closest_selected_difference": "0000000000000000000000",
          "old_to_closest_selected_distance": 0,
          "row": 5,
          "selected_degree": 2
        },
        {
          "incidence_legal": true,
          "internal_owner": true,
          "new_unselected": true,
          "old_selected": true,
          "old_to_closest_selected_difference": "0000000000000000000000",
          "old_to_closest_selected_distance": 0,
          "row": 6,
          "selected_degree": 2
        },
        {
          "incidence_legal": true,
          "internal_owner": true,
          "new_unselected": true,
          "old_selected": true,
          "old_to_closest_selected_difference": "0000000000000000000000",
          "old_to_closest_selected_distance": 0,
          "row": 7,
          "selected_degree": 2
        }
      ],
      "source_s": 4,
      "source_suffix_edge": [
        "11100100",
        "10101100"
      ]
    },
    {
      "component_action": null,
      "context": "wrap",
      "failure_counts": {
        "illegal_incidence": 0,
        "new_already_selected": 0,
        "noninternal_owner": 0,
        "old_not_selected": 4
      },
      "incidence_length": 16,
      "literal_transport_valid": false,
      "mapped_suffix_edge": [
        "1111001000",
        "1101011000"
      ],
      "prefix": "101001010101",
      "q2_support_losses": null,
      "rows": [
        {
          "incidence_legal": true,
          "internal_owner": true,
          "new_unselected": true,
          "old_selected": true,
          "old_to_closest_selected_difference": "0000000000000000000000",
          "old_to_closest_selected_distance": 0,
          "row": 0,
          "selected_degree": 2
        },
        {
          "incidence_legal": true,
          "internal_owner": true,
          "new_unselected": true,
          "old_selected": true,
          "old_to_closest_selected_difference": "0000000000000000000000",
          "old_to_closest_selected_distance": 0,
          "row": 1,
          "selected_degree": 2
        },
        {
          "incidence_legal": true,
          "internal_owner": true,
          "new_unselected": true,
          "old_selected": false,
          "old_to_closest_selected_difference": "0000000000100010000000",
          "old_to_closest_selected_distance": 2,
          "row": 2,
          "selected_degree": 2
        },
        {
          "incidence_legal": true,
          "internal_owner": true,
          "new_unselected": true,
          "old_selected": true,
          "old_to_closest_selected_difference": "0000000000000000000000",
          "old_to_closest_selected_distance": 0,
          "row": 3,
          "selected_degree": 2
        },
        {
          "incidence_legal": true,
          "internal_owner": true,
          "new_unselected": true,
          "old_selected": false,
          "old_to_closest_selected_difference": "1000000000000000100000",
          "old_to_closest_selected_distance": 2,
          "row": 4,
          "selected_degree": 2
        },
        {
          "incidence_legal": true,
          "internal_owner": true,
          "new_unselected": true,
          "old_selected": true,
          "old_to_closest_selected_difference": "0000000000000000000000",
          "old_to_closest_selected_distance": 0,
          "row": 5,
          "selected_degree": 2
        },
        {
          "incidence_legal": true,
          "internal_owner": true,
          "new_unselected": true,
          "old_selected": false,
          "old_to_closest_selected_difference": "1000000000000000000100",
          "old_to_closest_selected_distance": 2,
          "row": 6,
          "selected_degree": 2
        },
        {
          "incidence_legal": true,
          "internal_owner": true,
          "new_unselected": true,
          "old_selected": false,
          "old_to_closest_selected_difference": "0000000000100000000010",
          "old_to_closest_selected_distance": 2,
          "row": 7,
          "selected_degree": 2
        }
      ],
      "source_s": 4,
      "source_suffix_edge": [
        "11100100",
        "10101100"
      ]
    },
    {
      "component_action": null,
      "context": "10",
      "failure_counts": {
        "illegal_incidence": 0,
        "new_already_selected": 0,
        "noninternal_owner": 0,
        "old_not_selected": 2
      },
      "incidence_length": 18,
      "literal_transport_valid": false,
      "mapped_suffix_edge": [
        "1011011000",
        "1011001100"
      ],
      "prefix": "101001001101",
      "q2_support_losses": null,
      "rows": [
        {
          "incidence_legal": true,
          "internal_owner": true,
          "new_unselected": true,
          "old_selected": true,
          "old_to_closest_selected_difference": "0000000000000000000000",
          "old_to_closest_selected_distance": 0,
          "row": 0,
          "selected_degree": 2
        },
        {
          "incidence_legal": true,
          "internal_owner": true,
          "new_unselected": true,
          "old_selected": true,
          "old_to_closest_selected_difference": "0000000000000000000000",
          "old_to_closest_selected_distance": 0,
          "row": 1,
          "selected_degree": 2
        },
        {
          "incidence_legal": true,
          "internal_owner": true,
          "new_unselected": true,
          "old_selected": true,
          "old_to_closest_selected_difference": "0000000000000000000000",
          "old_to_closest_selected_distance": 0,
          "row": 2,
          "selected_degree": 2
        },
        {
          "incidence_legal": true,
          "internal_owner": true,
          "new_unselected": true,
          "old_selected": false,
          "old_to_closest_selected_difference": "0000000000100000010000",
          "old_to_closest_selected_distance": 2,
          "row": 3,
          "selected_degree": 2
        },
        {
          "incidence_legal": true,
          "internal_owner": true,
          "new_unselected": true,
          "old_selected": true,
          "old_to_closest_selected_difference": "0000000000000000000000",
          "old_to_closest_selected_distance": 0,
          "row": 4,
          "selected_degree": 2
        },
        {
          "incidence_legal": true,
          "internal_owner": true,
          "new_unselected": true,
          "old_selected": true,
          "old_to_closest_selected_difference": "0000000000000000000000",
          "old_to_closest_selected_distance": 0,
          "row": 5,
          "selected_degree": 2
        },
        {
          "incidence_legal": true,
          "internal_owner": true,
          "new_unselected": true,
          "old_selected": false,
          "old_to_closest_selected_difference": "0000000000000100000100",
          "old_to_closest_selected_distance": 2,
          "row": 6,
          "selected_degree": 2
        },
        {
          "incidence_legal": true,
          "internal_owner": true,
          "new_unselected": true,
          "old_selected": true,
          "old_to_closest_selected_difference": "0000000000000000000000",
          "old_to_closest_selected_distance": 0,
          "row": 7,
          "selected_degree": 2
        },
        {
          "incidence_legal": true,
          "internal_owner": true,
          "new_unselected": true,
          "old_selected": true,
          "old_to_closest_selected_difference": "0000000000000000000000",
          "old_to_closest_selected_distance": 0,
          "row": 8,
          "selected_degree": 2
        }
      ],
      "source_s": 4,
      "source_suffix_edge": [
        "11011000",
        "11001100"
      ]
    },
    {
      "component_action": null,
      "context": "01_phase",
      "failure_counts": {
        "illegal_incidence": 0,
        "new_already_selected": 2,
        "noninternal_owner": 0,
        "old_not_selected": 5
      },
      "incidence_length": 18,
      "literal_transport_valid": false,
      "mapped_suffix_edge": [
        "0111011000",
        "0111001100"
      ],
      "prefix": "101001001101",
      "q2_support_losses": null,
      "rows": [
        {
          "incidence_legal": true,
          "internal_owner": true,
          "new_unselected": false,
          "old_selected": false,
          "old_to_closest_selected_difference": "0000001100000000000000",
          "old_to_closest_selected_distance": 2,
          "row": 0,
          "selected_degree": 2
        },
        {
          "incidence_legal": true,
          "internal_owner": true,
          "new_unselected": true,
          "old_selected": false,
          "old_to_closest_selected_difference": "1000000000001000000000",
          "old_to_closest_selected_distance": 2,
          "row": 1,
          "selected_degree": 2
        },
        {
          "incidence_legal": true,
          "internal_owner": true,
          "new_unselected": true,
          "old_selected": false,
          "old_to_closest_selected_difference": "0000000000101000000000",
          "old_to_closest_selected_distance": 2,
          "row": 2,
          "selected_degree": 2
        },
        {
          "incidence_legal": true,
          "internal_owner": true,
          "new_unselected": true,
          "old_selected": true,
          "old_to_closest_selected_difference": "0000000000000000000000",
          "old_to_closest_selected_distance": 0,
          "row": 3,
          "selected_degree": 2
        },
        {
          "incidence_legal": true,
          "internal_owner": true,
          "new_unselected": false,
          "old_selected": true,
          "old_to_closest_selected_difference": "0000000000000000000000",
          "old_to_closest_selected_distance": 0,
          "row": 4,
          "selected_degree": 2
        },
        {
          "incidence_legal": true,
          "internal_owner": true,
          "new_unselected": true,
          "old_selected": false,
          "old_to_closest_selected_difference": "1000000000001000000000",
          "old_to_closest_selected_distance": 2,
          "row": 5,
          "selected_degree": 2
        },
        {
          "incidence_legal": true,
          "internal_owner": true,
          "new_unselected": true,
          "old_selected": true,
          "old_to_closest_selected_difference": "0000000000000000000000",
          "old_to_closest_selected_distance": 0,
          "row": 6,
          "selected_degree": 2
        },
        {
          "incidence_legal": true,
          "internal_owner": true,
          "new_unselected": true,
          "old_selected": true,
          "old_to_closest_selected_difference": "0000000000000000000000",
          "old_to_closest_selected_distance": 0,
          "row": 7,
          "selected_degree": 2
        },
        {
          "incidence_legal": true,
          "internal_owner": true,
          "new_unselected": true,
          "old_selected": false,
          "old_to_closest_selected_difference": "0000000000101000000000",
          "old_to_closest_selected_distance": 2,
          "row": 8,
          "selected_degree": 2
        }
      ],
      "source_s": 4,
      "source_suffix_edge": [
        "11011000",
        "11001100"
      ]
    },
    {
      "component_action": null,
      "context": "wrap",
      "failure_counts": {
        "illegal_incidence": 0,
        "new_already_selected": 0,
        "noninternal_owner": 0,
        "old_not_selected": 3
      },
      "incidence_length": 18,
      "literal_transport_valid": false,
      "mapped_suffix_edge": [
        "1110110000",
        "1110011000"
      ],
      "prefix": "101001001101",
      "q2_support_losses": null,
      "rows": [
        {
          "incidence_legal": true,
          "internal_owner": true,
          "new_unselected": true,
          "old_selected": true,
          "old_to_closest_selected_difference": "0000000000000000000000",
          "old_to_closest_selected_distance": 0,
          "row": 0,
          "selected_degree": 2
        },
        {
          "incidence_legal": true,
          "internal_owner": true,
          "new_unselected": true,
          "old_selected": true,
          "old_to_closest_selected_difference": "0000000000000000000000",
          "old_to_closest_selected_distance": 0,
          "row": 1,
          "selected_degree": 2
        },
        {
          "incidence_legal": true,
          "internal_owner": true,
          "new_unselected": true,
          "old_selected": true,
          "old_to_closest_selected_difference": "0000000000000000000000",
          "old_to_closest_selected_distance": 0,
          "row": 2,
          "selected_degree": 2
        },
        {
          "incidence_legal": true,
          "internal_owner": true,
          "new_unselected": true,
          "old_selected": false,
          "old_to_closest_selected_difference": "0000000000100000100000",
          "old_to_closest_selected_distance": 2,
          "row": 3,
          "selected_degree": 2
        },
        {
          "incidence_legal": true,
          "internal_owner": true,
          "new_unselected": true,
          "old_selected": true,
          "old_to_closest_selected_difference": "0000000000000000000000",
          "old_to_closest_selected_distance": 0,
          "row": 4,
          "selected_degree": 2
        },
        {
          "incidence_legal": true,
          "internal_owner": true,
          "new_unselected": true,
          "old_selected": true,
          "old_to_closest_selected_difference": "0000000000000000000000",
          "old_to_closest_selected_distance": 0,
          "row": 5,
          "selected_degree": 2
        },
        {
          "incidence_legal": true,
          "internal_owner": true,
          "new_unselected": true,
          "old_selected": false,
          "old_to_closest_selected_difference": "1000000000000000001000",
          "old_to_closest_selected_distance": 2,
          "row": 6,
          "selected_degree": 2
        },
        {
          "incidence_legal": true,
          "internal_owner": true,
          "new_unselected": true,
          "old_selected": false,
          "old_to_closest_selected_difference": "1000000000000000000010",
          "old_to_closest_selected_distance": 2,
          "row": 7,
          "selected_degree": 2
        },
        {
          "incidence_legal": true,
          "internal_owner": true,
          "new_unselected": true,
          "old_selected": true,
          "old_to_closest_selected_difference": "0000000000000000000000",
          "old_to_closest_selected_distance": 0,
          "row": 8,
          "selected_degree": 2
        }
      ],
      "source_s": 4,
      "source_suffix_edge": [
        "11011000",
        "11001100"
      ]
    },
    {
      "component_action": null,
      "context": "10",
      "failure_counts": {
        "illegal_incidence": 0,
        "new_already_selected": 1,
        "noninternal_owner": 0,
        "old_not_selected": 2
      },
      "incidence_length": 16,
      "literal_transport_valid": false,
      "mapped_suffix_edge": [
        "1011011000",
        "1010111000"
      ],
      "prefix": "101001010101",
      "q2_support_losses": null,
      "rows": [
        {
          "incidence_legal": true,
          "internal_owner": true,
          "new_unselected": true,
          "old_selected": true,
          "old_to_closest_selected_difference": "0000000000000000000000",
          "old_to_closest_selected_distance": 0,
          "row": 0,
          "selected_degree": 2
        },
        {
          "incidence_legal": true,
          "internal_owner": true,
          "new_unselected": true,
          "old_selected": true,
          "old_to_closest_selected_difference": "0000000000000000000000",
          "old_to_closest_selected_distance": 0,
          "row": 1,
          "selected_degree": 2
        },
        {
          "incidence_legal": true,
          "internal_owner": true,
          "new_unselected": true,
          "old_selected": false,
          "old_to_closest_selected_difference": "0000000000100001000000",
          "old_to_closest_selected_distance": 2,
          "row": 2,
          "selected_degree": 2
        },
        {
          "incidence_legal": true,
          "internal_owner": true,
          "new_unselected": true,
          "old_selected": true,
          "old_to_closest_selected_difference": "0000000000000000000000",
          "old_to_closest_selected_distance": 0,
          "row": 3,
          "selected_degree": 2
        },
        {
          "incidence_legal": true,
          "internal_owner": true,
          "new_unselected": true,
          "old_selected": true,
          "old_to_closest_selected_difference": "0000000000000000000000",
          "old_to_closest_selected_distance": 0,
          "row": 4,
          "selected_degree": 2
        },
        {
          "incidence_legal": true,
          "internal_owner": true,
          "new_unselected": true,
          "old_selected": true,
          "old_to_closest_selected_difference": "0000000000000000000000",
          "old_to_closest_selected_distance": 0,
          "row": 5,
          "selected_degree": 2
        },
        {
          "incidence_legal": true,
          "internal_owner": true,
          "new_unselected": false,
          "old_selected": true,
          "old_to_closest_selected_difference": "0000000000000000000000",
          "old_to_closest_selected_distance": 0,
          "row": 6,
          "selected_degree": 2
        },
        {
          "incidence_legal": true,
          "internal_owner": true,
          "new_unselected": true,
          "old_selected": false,
          "old_to_closest_selected_difference": "0000000000100000000001",
          "old_to_closest_selected_distance": 2,
          "row": 7,
          "selected_degree": 2
        }
      ],
      "source_s": 4,
      "source_suffix_edge": [
        "11011000",
        "10111000"
      ]
    },
    {
      "component_action": null,
      "context": "01_phase",
      "failure_counts": {
        "illegal_incidence": 0,
        "new_already_selected": 1,
        "noninternal_owner": 0,
        "old_not_selected": 4
      },
      "incidence_length": 16,
      "literal_transport_valid": false,
      "mapped_suffix_edge": [
        "0111011000",
        "0110111000"
      ],
      "prefix": "101001010101",
      "q2_support_losses": null,
      "rows": [
        {
          "incidence_legal": true,
          "internal_owner": true,
          "new_unselected": true,
          "old_selected": false,
          "old_to_closest_selected_difference": "0000100010000000000000",
          "old_to_closest_selected_distance": 2,
          "row": 0,
          "selected_degree": 2
        },
        {
          "incidence_legal": true,
          "internal_owner": true,
          "new_unselected": true,
          "old_selected": true,
          "old_to_closest_selected_difference": "0000000000000000000000",
          "old_to_closest_selected_distance": 0,
          "row": 1,
          "selected_degree": 2
        },
        {
          "incidence_legal": true,
          "internal_owner": true,
          "new_unselected": true,
          "old_selected": true,
          "old_to_closest_selected_difference": "0000000000000000000000",
          "old_to_closest_selected_distance": 0,
          "row": 2,
          "selected_degree": 2
        },
        {
          "incidence_legal": true,
          "internal_owner": true,
          "new_unselected": false,
          "old_selected": false,
          "old_to_closest_selected_difference": "0000001010000000000000",
          "old_to_closest_selected_distance": 2,
          "row": 3,
          "selected_degree": 2
        },
        {
          "incidence_legal": true,
          "internal_owner": true,
          "new_unselected": true,
          "old_selected": false,
          "old_to_closest_selected_difference": "1000000000001000000000",
          "old_to_closest_selected_distance": 2,
          "row": 4,
          "selected_degree": 2
        },
        {
          "incidence_legal": true,
          "internal_owner": true,
          "new_unselected": true,
          "old_selected": false,
          "old_to_closest_selected_difference": "0000000000101000000000",
          "old_to_closest_selected_distance": 2,
          "row": 5,
          "selected_degree": 2
        },
        {
          "incidence_legal": true,
          "internal_owner": true,
          "new_unselected": true,
          "old_selected": true,
          "old_to_closest_selected_difference": "0000000000000000000000",
          "old_to_closest_selected_distance": 0,
          "row": 6,
          "selected_degree": 2
        },
        {
          "incidence_legal": true,
          "internal_owner": true,
          "new_unselected": true,
          "old_selected": true,
          "old_to_closest_selected_difference": "0000000000000000000000",
          "old_to_closest_selected_distance": 0,
          "row": 7,
          "selected_degree": 2
        }
      ],
      "source_s": 4,
      "source_suffix_edge": [
        "11011000",
        "10111000"
      ]
    },
    {
      "component_action": null,
      "context": "wrap",
      "failure_counts": {
        "illegal_incidence": 0,
        "new_already_selected": 0,
        "noninternal_owner": 0,
        "old_not_selected": 2
      },
      "incidence_length": 16,
      "literal_transport_valid": false,
      "mapped_suffix_edge": [
        "1110110000",
        "1101110000"
      ],
      "prefix": "101001010101",
      "q2_support_losses": null,
      "rows": [
        {
          "incidence_legal": true,
          "internal_owner": true,
          "new_unselected": true,
          "old_selected": true,
          "old_to_closest_selected_difference": "0000000000000000000000",
          "old_to_closest_selected_distance": 0,
          "row": 0,
          "selected_degree": 2
        },
        {
          "incidence_legal": true,
          "internal_owner": true,
          "new_unselected": true,
          "old_selected": true,
          "old_to_closest_selected_difference": "0000000000000000000000",
          "old_to_closest_selected_distance": 0,
          "row": 1,
          "selected_degree": 2
        },
        {
          "incidence_legal": true,
          "internal_owner": true,
          "new_unselected": true,
          "old_selected": false,
          "old_to_closest_selected_difference": "0000000000100010000000",
          "old_to_closest_selected_distance": 2,
          "row": 2,
          "selected_degree": 2
        },
        {
          "incidence_legal": true,
          "internal_owner": true,
          "new_unselected": true,
          "old_selected": true,
          "old_to_closest_selected_difference": "0000000000000000000000",
          "old_to_closest_selected_distance": 0,
          "row": 3,
          "selected_degree": 2
        },
        {
          "incidence_legal": true,
          "internal_owner": true,
          "new_unselected": true,
          "old_selected": true,
          "old_to_closest_selected_difference": "0000000000000000000000",
          "old_to_closest_selected_distance": 0,
          "row": 4,
          "selected_degree": 2
        },
        {
          "incidence_legal": true,
          "internal_owner": true,
          "new_unselected": true,
          "old_selected": true,
          "old_to_closest_selected_difference": "0000000000000000000000",
          "old_to_closest_selected_distance": 0,
          "row": 5,
          "selected_degree": 2
        },
        {
          "incidence_legal": true,
          "internal_owner": true,
          "new_unselected": true,
          "old_selected": true,
          "old_to_closest_selected_difference": "0000000000000000000000",
          "old_to_closest_selected_distance": 0,
          "row": 6,
          "selected_degree": 2
        },
        {
          "incidence_legal": true,
          "internal_owner": true,
          "new_unselected": true,
          "old_selected": false,
          "old_to_closest_selected_difference": "0000000000100000000010",
          "old_to_closest_selected_distance": 2,
          "row": 7,
          "selected_degree": 2
        }
      ],
      "source_s": 4,
      "source_suffix_edge": [
        "11011000",
        "10111000"
      ]
    },
    {
      "component_action": null,
      "context": "10",
      "failure_counts": {
        "illegal_incidence": 0,
        "new_already_selected": 0,
        "noninternal_owner": 0,
        "old_not_selected": 2
      },
      "incidence_length": 18,
      "literal_transport_valid": false,
      "mapped_suffix_edge": [
        "1011010100",
        "1011010010"
      ],
      "prefix": "101001001101",
      "q2_support_losses": null,
      "rows": [
        {
          "incidence_legal": true,
          "internal_owner": true,
          "new_unselected": true,
          "old_selected": true,
          "old_to_closest_selected_difference": "0000000000000000000000",
          "old_to_closest_selected_distance": 0,
          "row": 0,
          "selected_degree": 2
        },
        {
          "incidence_legal": true,
          "internal_owner": true,
          "new_unselected": true,
          "old_selected": true,
          "old_to_closest_selected_difference": "0000000000000000000000",
          "old_to_closest_selected_distance": 0,
          "row": 1,
          "selected_degree": 2
        },
        {
          "incidence_legal": true,
          "internal_owner": true,
          "new_unselected": true,
          "old_selected": true,
          "old_to_closest_selected_difference": "0000000000000000000000",
          "old_to_closest_selected_distance": 0,
          "row": 2,
          "selected_degree": 2
        },
        {
          "incidence_legal": true,
          "internal_owner": true,
          "new_unselected": true,
          "old_selected": false,
          "old_to_closest_selected_difference": "0000000000100000000100",
          "old_to_closest_selected_distance": 2,
          "row": 3,
          "selected_degree": 2
        },
        {
          "incidence_legal": true,
          "internal_owner": true,
          "new_unselected": true,
          "old_selected": true,
          "old_to_closest_selected_difference": "0000000000000000000000",
          "old_to_closest_selected_distance": 0,
          "row": 4,
          "selected_degree": 2
        },
        {
          "incidence_legal": true,
          "internal_owner": true,
          "new_unselected": true,
          "old_selected": true,
          "old_to_closest_selected_difference": "0000000000000000000000",
          "old_to_closest_selected_distance": 0,
          "row": 5,
          "selected_degree": 2
        },
        {
          "incidence_legal": true,
          "internal_owner": true,
          "new_unselected": true,
          "old_selected": false,
          "old_to_closest_selected_difference": "0000000000000100000010",
          "old_to_closest_selected_distance": 2,
          "row": 6,
          "selected_degree": 2
        },
        {
          "incidence_legal": true,
          "internal_owner": true,
          "new_unselected": true,
          "old_selected": true,
          "old_to_closest_selected_difference": "0000000000000000000000",
          "old_to_closest_selected_distance": 0,
          "row": 7,
          "selected_degree": 2
        },
        {
          "incidence_legal": true,
          "internal_owner": true,
          "new_unselected": true,
          "old_selected": true,
          "old_to_closest_selected_difference": "0000000000000000000000",
          "old_to_closest_selected_distance": 0,
          "row": 8,
          "selected_degree": 2
        }
      ],
      "source_s": 4,
      "source_suffix_edge": [
        "11010100",
        "11010010"
      ]
    },
    {
      "component_action": null,
      "context": "01_phase",
      "failure_counts": {
        "illegal_incidence": 0,
        "new_already_selected": 2,
        "noninternal_owner": 0,
        "old_not_selected": 5
      },
      "incidence_length": 18,
      "literal_transport_valid": false,
      "mapped_suffix_edge": [
        "0111010100",
        "0111010010"
      ],
      "prefix": "101001001101",
      "q2_support_losses": null,
      "rows": [
        {
          "incidence_legal": true,
          "internal_owner": true,
          "new_unselected": false,
          "old_selected": true,
          "old_to_closest_selected_difference": "0000000000000000000000",
          "old_to_closest_selected_distance": 0,
          "row": 0,
          "selected_degree": 2
        },
        {
          "incidence_legal": true,
          "internal_owner": true,
          "new_unselected": true,
          "old_selected": false,
          "old_to_closest_selected_difference": "1000000000001000000000",
          "old_to_closest_selected_distance": 2,
          "row": 1,
          "selected_degree": 2
        },
        {
          "incidence_legal": true,
          "internal_owner": true,
          "new_unselected": true,
          "old_selected": false,
          "old_to_closest_selected_difference": "0000000000101000000000",
          "old_to_closest_selected_distance": 2,
          "row": 2,
          "selected_degree": 2
        },
        {
          "incidence_legal": true,
          "internal_owner": true,
          "new_unselected": true,
          "old_selected": true,
          "old_to_closest_selected_difference": "0000000000000000000000",
          "old_to_closest_selected_distance": 0,
          "row": 3,
          "selected_degree": 2
        },
        {
          "incidence_legal": true,
          "internal_owner": true,
          "new_unselected": false,
          "old_selected": false,
          "old_to_closest_selected_difference": "0000001100000000000000",
          "old_to_closest_selected_distance": 2,
          "row": 4,
          "selected_degree": 2
        },
        {
          "incidence_legal": true,
          "internal_owner": true,
          "new_unselected": true,
          "old_selected": false,
          "old_to_closest_selected_difference": "1000000000001000000000",
          "old_to_closest_selected_distance": 2,
          "row": 5,
          "selected_degree": 2
        },
        {
          "incidence_legal": true,
          "internal_owner": true,
          "new_unselected": true,
          "old_selected": true,
          "old_to_closest_selected_difference": "0000000000000000000000",
          "old_to_closest_selected_distance": 0,
          "row": 6,
          "selected_degree": 2
        },
        {
          "incidence_legal": true,
          "internal_owner": true,
          "new_unselected": true,
          "old_selected": true,
          "old_to_closest_selected_difference": "0000000000000000000000",
          "old_to_closest_selected_distance": 0,
          "row": 7,
          "selected_degree": 2
        },
        {
          "incidence_legal": true,
          "internal_owner": true,
          "new_unselected": true,
          "old_selected": false,
          "old_to_closest_selected_difference": "0000000000101000000000",
          "old_to_closest_selected_distance": 2,
          "row": 8,
          "selected_degree": 2
        }
      ],
      "source_s": 4,
      "source_suffix_edge": [
        "11010100",
        "11010010"
      ]
    },
    {
      "component_action": null,
      "context": "wrap",
      "failure_counts": {
        "illegal_incidence": 0,
        "new_already_selected": 0,
        "noninternal_owner": 0,
        "old_not_selected": 2
      },
      "incidence_length": 18,
      "literal_transport_valid": false,
      "mapped_suffix_edge": [
        "1110101000",
        "1110100100"
      ],
      "prefix": "101001001101",
      "q2_support_losses": null,
      "rows": [
        {
          "incidence_legal": true,
          "internal_owner": true,
          "new_unselected": true,
          "old_selected": true,
          "old_to_closest_selected_difference": "0000000000000000000000",
          "old_to_closest_selected_distance": 0,
          "row": 0,
          "selected_degree": 2
        },
        {
          "incidence_legal": true,
          "internal_owner": true,
          "new_unselected": true,
          "old_selected": true,
          "old_to_closest_selected_difference": "0000000000000000000000",
          "old_to_closest_selected_distance": 0,
          "row": 1,
          "selected_degree": 2
        },
        {
          "incidence_legal": true,
          "internal_owner": true,
          "new_unselected": true,
          "old_selected": true,
          "old_to_closest_selected_difference": "0000000000000000000000",
          "old_to_closest_selected_distance": 0,
          "row": 2,
          "selected_degree": 2
        },
        {
          "incidence_legal": true,
          "internal_owner": true,
          "new_unselected": true,
          "old_selected": false,
          "old_to_closest_selected_difference": "0000000000100000001000",
          "old_to_closest_selected_distance": 2,
          "row": 3,
          "selected_degree": 2
        },
        {
          "incidence_legal": true,
          "internal_owner": true,
          "new_unselected": true,
          "old_selected": true,
          "old_to_closest_selected_difference": "0000000000000000000000",
          "old_to_closest_selected_distance": 0,
          "row": 4,
          "selected_degree": 2
        },
        {
          "incidence_legal": true,
          "internal_owner": true,
          "new_unselected": true,
          "old_selected": true,
          "old_to_closest_selected_difference": "0000000000000000000000",
          "old_to_closest_selected_distance": 0,
          "row": 5,
          "selected_degree": 2
        },
        {
          "incidence_legal": true,
          "internal_owner": true,
          "new_unselected": true,
          "old_selected": true,
          "old_to_closest_selected_difference": "0000000000000000000000",
          "old_to_closest_selected_distance": 0,
          "row": 6,
          "selected_degree": 2
        },
        {
          "incidence_legal": true,
          "internal_owner": true,
          "new_unselected": true,
          "old_selected": false,
          "old_to_closest_selected_difference": "1000000000000000000010",
          "old_to_closest_selected_distance": 2,
          "row": 7,
          "selected_degree": 2
        },
        {
          "incidence_legal": true,
          "internal_owner": true,
          "new_unselected": true,
          "old_selected": true,
          "old_to_closest_selected_difference": "0000000000000000000000",
          "old_to_closest_selected_distance": 0,
          "row": 8,
          "selected_degree": 2
        }
      ],
      "source_s": 4,
      "source_suffix_edge": [
        "11010100",
        "11010010"
      ]
    },
    {
      "component_action": null,
      "context": "10",
      "failure_counts": {
        "illegal_incidence": 0,
        "new_already_selected": 0,
        "noninternal_owner": 0,
        "old_not_selected": 3
      },
      "incidence_length": 16,
      "literal_transport_valid": false,
      "mapped_suffix_edge": [
        "1011010100",
        "1010110100"
      ],
      "prefix": "101001010101",
      "q2_support_losses": null,
      "rows": [
        {
          "incidence_legal": true,
          "internal_owner": true,
          "new_unselected": true,
          "old_selected": true,
          "old_to_closest_selected_difference": "0000000000000000000000",
          "old_to_closest_selected_distance": 0,
          "row": 0,
          "selected_degree": 2
        },
        {
          "incidence_legal": true,
          "internal_owner": true,
          "new_unselected": true,
          "old_selected": true,
          "old_to_closest_selected_difference": "0000000000000000000000",
          "old_to_closest_selected_distance": 0,
          "row": 1,
          "selected_degree": 2
        },
        {
          "incidence_legal": true,
          "internal_owner": true,
          "new_unselected": true,
          "old_selected": false,
          "old_to_closest_selected_difference": "0000000000100001000000",
          "old_to_closest_selected_distance": 2,
          "row": 2,
          "selected_degree": 2
        },
        {
          "incidence_legal": true,
          "internal_owner": true,
          "new_unselected": true,
          "old_selected": true,
          "old_to_closest_selected_difference": "0000000000000000000000",
          "old_to_closest_selected_distance": 0,
          "row": 3,
          "selected_degree": 2
        },
        {
          "incidence_legal": true,
          "internal_owner": true,
          "new_unselected": true,
          "old_selected": true,
          "old_to_closest_selected_difference": "0000000000000000000000",
          "old_to_closest_selected_distance": 0,
          "row": 4,
          "selected_degree": 2
        },
        {
          "incidence_legal": true,
          "internal_owner": true,
          "new_unselected": true,
          "old_selected": false,
          "old_to_closest_selected_difference": "0000000000000100100000",
          "old_to_closest_selected_distance": 2,
          "row": 5,
          "selected_degree": 2
        },
        {
          "incidence_legal": true,
          "internal_owner": true,
          "new_unselected": true,
          "old_selected": true,
          "old_to_closest_selected_difference": "0000000000000000000000",
          "old_to_closest_selected_distance": 0,
          "row": 6,
          "selected_degree": 2
        },
        {
          "incidence_legal": true,
          "internal_owner": true,
          "new_unselected": true,
          "old_selected": false,
          "old_to_closest_selected_difference": "0000000000100000000001",
          "old_to_closest_selected_distance": 2,
          "row": 7,
          "selected_degree": 2
        }
      ],
      "source_s": 4,
      "source_suffix_edge": [
        "11010100",
        "10110100"
      ]
    },
    {
      "component_action": null,
      "context": "01_phase",
      "failure_counts": {
        "illegal_incidence": 0,
        "new_already_selected": 0,
        "noninternal_owner": 0,
        "old_not_selected": 2
      },
      "incidence_length": 16,
      "literal_transport_valid": false,
      "mapped_suffix_edge": [
        "0111010100",
        "0110110100"
      ],
      "prefix": "101001010101",
      "q2_support_losses": null,
      "rows": [
        {
          "incidence_legal": true,
          "internal_owner": true,
          "new_unselected": true,
          "old_selected": false,
          "old_to_closest_selected_difference": "0000100010000000000000",
          "old_to_closest_selected_distance": 2,
          "row": 0,
          "selected_degree": 2
        },
        {
          "incidence_legal": true,
          "internal_owner": true,
          "new_unselected": true,
          "old_selected": true,
          "old_to_closest_selected_difference": "0000000000000000000000",
          "old_to_closest_selected_distance": 0,
          "row": 1,
          "selected_degree": 2
        },
        {
          "incidence_legal": true,
          "internal_owner": true,
          "new_unselected": true,
          "old_selected": true,
          "old_to_closest_selected_difference": "0000000000000000000000",
          "old_to_closest_selected_distance": 0,
          "row": 2,
          "selected_degree": 2
        },
        {
          "incidence_legal": true,
          "internal_owner": true,
          "new_unselected": true,
          "old_selected": false,
          "old_to_closest_selected_difference": "0000001010000000000000",
          "old_to_closest_selected_distance": 2,
          "row": 3,
          "selected_degree": 2
        },
        {
          "incidence_legal": true,
          "internal_owner": true,
          "new_unselected": true,
          "old_selected": true,
          "old_to_closest_selected_difference": "0000000000000000000000",
          "old_to_closest_selected_distance": 0,
          "row": 4,
          "selected_degree": 2
        },
        {
          "incidence_legal": true,
          "internal_owner": true,
          "new_unselected": true,
          "old_selected": true,
          "old_to_closest_selected_difference": "0000000000000000000000",
          "old_to_closest_selected_distance": 0,
          "row": 5,
          "selected_degree": 2
        },
        {
          "incidence_legal": true,
          "internal_owner": true,
          "new_unselected": true,
          "old_selected": true,
          "old_to_closest_selected_difference": "0000000000000000000000",
          "old_to_closest_selected_distance": 0,
          "row": 6,
          "selected_degree": 2
        },
        {
          "incidence_legal": true,
          "internal_owner": true,
          "new_unselected": true,
          "old_selected": true,
          "old_to_closest_selected_difference": "0000000000000000000000",
          "old_to_closest_selected_distance": 0,
          "row": 7,
          "selected_degree": 2
        }
      ],
      "source_s": 4,
      "source_suffix_edge": [
        "11010100",
        "10110100"
      ]
    },
    {
      "component_action": null,
      "context": "wrap",
      "failure_counts": {
        "illegal_incidence": 0,
        "new_already_selected": 0,
        "noninternal_owner": 0,
        "old_not_selected": 4
      },
      "incidence_length": 16,
      "literal_transport_valid": false,
      "mapped_suffix_edge": [
        "1110101000",
        "1101101000"
      ],
      "prefix": "101001010101",
      "q2_support_losses": null,
      "rows": [
        {
          "incidence_legal": true,
          "internal_owner": true,
          "new_unselected": true,
          "old_selected": true,
          "old_to_closest_selected_difference": "0000000000000000000000",
          "old_to_closest_selected_distance": 0,
          "row": 0,
          "selected_degree": 2
        },
        {
          "incidence_legal": true,
          "internal_owner": true,
          "new_unselected": true,
          "old_selected": true,
          "old_to_closest_selected_difference": "0000000000000000000000",
          "old_to_closest_selected_distance": 0,
          "row": 1,
          "selected_degree": 2
        },
        {
          "incidence_legal": true,
          "internal_owner": true,
          "new_unselected": true,
          "old_selected": false,
          "old_to_closest_selected_difference": "0000000000100010000000",
          "old_to_closest_selected_distance": 2,
          "row": 2,
          "selected_degree": 2
        },
        {
          "incidence_legal": true,
          "internal_owner": true,
          "new_unselected": true,
          "old_selected": true,
          "old_to_closest_selected_difference": "0000000000000000000000",
          "old_to_closest_selected_distance": 0,
          "row": 3,
          "selected_degree": 2
        },
        {
          "incidence_legal": true,
          "internal_owner": true,
          "new_unselected": true,
          "old_selected": false,
          "old_to_closest_selected_difference": "1000000000000010000000",
          "old_to_closest_selected_distance": 2,
          "row": 4,
          "selected_degree": 2
        },
        {
          "incidence_legal": true,
          "internal_owner": true,
          "new_unselected": true,
          "old_selected": true,
          "old_to_closest_selected_difference": "0000000000000000000000",
          "old_to_closest_selected_distance": 0,
          "row": 5,
          "selected_degree": 2
        },
        {
          "incidence_legal": true,
          "internal_owner": true,
          "new_unselected": true,
          "old_selected": false,
          "old_to_closest_selected_difference": "0000000000100000010000",
          "old_to_closest_selected_distance": 2,
          "row": 6,
          "selected_degree": 2
        },
        {
          "incidence_legal": true,
          "internal_owner": true,
          "new_unselected": true,
          "old_selected": false,
          "old_to_closest_selected_difference": "0000000000100000000010",
          "old_to_closest_selected_distance": 2,
          "row": 7,
          "selected_degree": 2
        }
      ],
      "source_s": 4,
      "source_suffix_edge": [
        "11010100",
        "10110100"
      ]
    },
    {
      "component_action": null,
      "context": "10",
      "failure_counts": {
        "illegal_incidence": 0,
        "new_already_selected": 0,
        "noninternal_owner": 0,
        "old_not_selected": 3
      },
      "incidence_length": 18,
      "literal_transport_valid": false,
      "mapped_suffix_edge": [
        "1011010010",
        "1011001010"
      ],
      "prefix": "101001010101",
      "q2_support_losses": null,
      "rows": [
        {
          "incidence_legal": true,
          "internal_owner": true,
          "new_unselected": true,
          "old_selected": true,
          "old_to_closest_selected_difference": "0000000000000000000000",
          "old_to_closest_selected_distance": 0,
          "row": 0,
          "selected_degree": 2
        },
        {
          "incidence_legal": true,
          "internal_owner": true,
          "new_unselected": true,
          "old_selected": true,
          "old_to_closest_selected_difference": "0000000000000000000000",
          "old_to_closest_selected_distance": 0,
          "row": 1,
          "selected_degree": 2
        },
        {
          "incidence_legal": true,
          "internal_owner": true,
          "new_unselected": true,
          "old_selected": false,
          "old_to_closest_selected_difference": "1000000000000000010000",
          "old_to_closest_selected_distance": 2,
          "row": 2,
          "selected_degree": 2
        },
        {
          "incidence_legal": true,
          "internal_owner": true,
          "new_unselected": true,
          "old_selected": true,
          "old_to_closest_selected_difference": "0000000000000000000000",
          "old_to_closest_selected_distance": 0,
          "row": 3,
          "selected_degree": 2
        },
        {
          "incidence_legal": true,
          "internal_owner": true,
          "new_unselected": true,
          "old_selected": true,
          "old_to_closest_selected_difference": "0000000000000000000000",
          "old_to_closest_selected_distance": 0,
          "row": 4,
          "selected_degree": 2
        },
        {
          "incidence_legal": true,
          "internal_owner": true,
          "new_unselected": true,
          "old_selected": false,
          "old_to_closest_selected_difference": "0000000000100010000000",
          "old_to_closest_selected_distance": 2,
          "row": 5,
          "selected_degree": 2
        },
        {
          "incidence_legal": true,
          "internal_owner": true,
          "new_unselected": true,
          "old_selected": true,
          "old_to_closest_selected_difference": "0000000000000000000000",
          "old_to_closest_selected_distance": 0,
          "row": 6,
          "selected_degree": 2
        },
        {
          "incidence_legal": true,
          "internal_owner": true,
          "new_unselected": true,
          "old_selected": true,
          "old_to_closest_selected_difference": "0000000000000000000000",
          "old_to_closest_selected_distance": 0,
          "row": 7,
          "selected_degree": 2
        },
        {
          "incidence_legal": true,
          "internal_owner": true,
          "new_unselected": true,
          "old_selected": false,
          "old_to_closest_selected_difference": "0000000000100000000100",
          "old_to_closest_selected_distance": 2,
          "row": 8,
          "selected_degree": 2
        }
      ],
      "source_s": 4,
      "source_suffix_edge": [
        "11010010",
        "11001010"
      ]
    },
    {
      "component_action": null,
      "context": "01_phase",
      "failure_counts": {
        "illegal_incidence": 0,
        "new_already_selected": 1,
        "noninternal_owner": 0,
        "old_not_selected": 4
      },
      "incidence_length": 18,
      "literal_transport_valid": false,
      "mapped_suffix_edge": [
        "0111010010",
        "0111001010"
      ],
      "prefix": "101001010101",
      "q2_support_losses": null,
      "rows": [
        {
          "incidence_legal": true,
          "internal_owner": true,
          "new_unselected": false,
          "old_selected": false,
          "old_to_closest_selected_difference": "0000100010000000000000",
          "old_to_closest_selected_distance": 2,
          "row": 0,
          "selected_degree": 2
        },
        {
          "incidence_legal": true,
          "internal_owner": true,
          "new_unselected": true,
          "old_selected": false,
          "old_to_closest_selected_difference": "1000000000001000000000",
          "old_to_closest_selected_distance": 2,
          "row": 1,
          "selected_degree": 2
        },
        {
          "incidence_legal": true,
          "internal_owner": true,
          "new_unselected": true,
          "old_selected": true,
          "old_to_closest_selected_difference": "0000000000000000000000",
          "old_to_closest_selected_distance": 0,
          "row": 2,
          "selected_degree": 2
        },
        {
          "incidence_legal": true,
          "internal_owner": true,
          "new_unselected": true,
          "old_selected": false,
          "old_to_closest_selected_difference": "0000000000101000000000",
          "old_to_closest_selected_distance": 2,
          "row": 3,
          "selected_degree": 2
        },
        {
          "incidence_legal": true,
          "internal_owner": true,
          "new_unselected": true,
          "old_selected": false,
          "old_to_closest_selected_difference": "0000100010000000000000",
          "old_to_closest_selected_distance": 2,
          "row": 4,
          "selected_degree": 2
        },
        {
          "incidence_legal": true,
          "internal_owner": true,
          "new_unselected": true,
          "old_selected": true,
          "old_to_closest_selected_difference": "0000000000000000000000",
          "old_to_closest_selected_distance": 0,
          "row": 5,
          "selected_degree": 2
        },
        {
          "incidence_legal": true,
          "internal_owner": true,
          "new_unselected": true,
          "old_selected": true,
          "old_to_closest_selected_difference": "0000000000000000000000",
          "old_to_closest_selected_distance": 0,
          "row": 6,
          "selected_degree": 2
        },
        {
          "incidence_legal": true,
          "internal_owner": true,
          "new_unselected": true,
          "old_selected": true,
          "old_to_closest_selected_difference": "0000000000000000000000",
          "old_to_closest_selected_distance": 0,
          "row": 7,
          "selected_degree": 2
        },
        {
          "incidence_legal": true,
          "internal_owner": true,
          "new_unselected": true,
          "old_selected": true,
          "old_to_closest_selected_difference": "0000000000000000000000",
          "old_to_closest_selected_distance": 0,
          "row": 8,
          "selected_degree": 2
        }
      ],
      "source_s": 4,
      "source_suffix_edge": [
        "11010010",
        "11001010"
      ]
    },
    {
      "component_action": null,
      "context": "wrap",
      "failure_counts": {
        "illegal_incidence": 0,
        "new_already_selected": 1,
        "noninternal_owner": 0,
        "old_not_selected": 4
      },
      "incidence_length": 18,
      "literal_transport_valid": false,
      "mapped_suffix_edge": [
        "1110100100",
        "1110010100"
      ],
      "prefix": "101001010101",
      "q2_support_losses": null,
      "rows": [
        {
          "incidence_legal": true,
          "internal_owner": true,
          "new_unselected": true,
          "old_selected": true,
          "old_to_closest_selected_difference": "0000000000000000000000",
          "old_to_closest_selected_distance": 0,
          "row": 0,
          "selected_degree": 2
        },
        {
          "incidence_legal": true,
          "internal_owner": true,
          "new_unselected": true,
          "old_selected": true,
          "old_to_closest_selected_difference": "0000000000000000000000",
          "old_to_closest_selected_distance": 0,
          "row": 1,
          "selected_degree": 2
        },
        {
          "incidence_legal": true,
          "internal_owner": true,
          "new_unselected": true,
          "old_selected": false,
          "old_to_closest_selected_difference": "1000000000000000100000",
          "old_to_closest_selected_distance": 2,
          "row": 2,
          "selected_degree": 2
        },
        {
          "incidence_legal": true,
          "internal_owner": true,
          "new_unselected": true,
          "old_selected": true,
          "old_to_closest_selected_difference": "0000000000000000000000",
          "old_to_closest_selected_distance": 0,
          "row": 3,
          "selected_degree": 2
        },
        {
          "incidence_legal": true,
          "internal_owner": true,
          "new_unselected": true,
          "old_selected": true,
          "old_to_closest_selected_difference": "0000000000000000000000",
          "old_to_closest_selected_distance": 0,
          "row": 4,
          "selected_degree": 2
        },
        {
          "incidence_legal": true,
          "internal_owner": true,
          "new_unselected": true,
          "old_selected": false,
          "old_to_closest_selected_difference": "0000000010000100000000",
          "old_to_closest_selected_distance": 2,
          "row": 5,
          "selected_degree": 2
        },
        {
          "incidence_legal": true,
          "internal_owner": true,
          "new_unselected": true,
          "old_selected": true,
          "old_to_closest_selected_difference": "0000000000000000000000",
          "old_to_closest_selected_distance": 0,
          "row": 6,
          "selected_degree": 2
        },
        {
          "incidence_legal": true,
          "internal_owner": true,
          "new_unselected": false,
          "old_selected": false,
          "old_to_closest_selected_difference": "0000000000100000010000",
          "old_to_closest_selected_distance": 2,
          "row": 7,
          "selected_degree": 2
        },
        {
          "incidence_legal": true,
          "internal_owner": true,
          "new_unselected": true,
          "old_selected": false,
          "old_to_closest_selected_difference": "0000000000100000001000",
          "old_to_closest_selected_distance": 2,
          "row": 8,
          "selected_degree": 2
        }
      ],
      "source_s": 4,
      "source_suffix_edge": [
        "11010010",
        "11001010"
      ]
    },
    {
      "component_action": null,
      "context": "10",
      "failure_counts": {
        "illegal_incidence": 0,
        "new_already_selected": 0,
        "noninternal_owner": 0,
        "old_not_selected": 2
      },
      "incidence_length": 14,
      "literal_transport_valid": false,
      "mapped_suffix_edge": [
        "1011001010",
        "1010101010"
      ],
      "prefix": "101001001101",
      "q2_support_losses": null,
      "rows": [
        {
          "incidence_legal": true,
          "internal_owner": true,
          "new_unselected": true,
          "old_selected": true,
          "old_to_closest_selected_difference": "0000000000000000000000",
          "old_to_closest_selected_distance": 0,
          "row": 0,
          "selected_degree": 2
        },
        {
          "incidence_legal": true,
          "internal_owner": true,
          "new_unselected": true,
          "old_selected": true,
          "old_to_closest_selected_difference": "0000000000000000000000",
          "old_to_closest_selected_distance": 0,
          "row": 1,
          "selected_degree": 2
        },
        {
          "incidence_legal": true,
          "internal_owner": true,
          "new_unselected": true,
          "old_selected": false,
          "old_to_closest_selected_difference": "0000000000100001000000",
          "old_to_closest_selected_distance": 2,
          "row": 2,
          "selected_degree": 2
        },
        {
          "incidence_legal": true,
          "internal_owner": true,
          "new_unselected": true,
          "old_selected": true,
          "old_to_closest_selected_difference": "0000000000000000000000",
          "old_to_closest_selected_distance": 0,
          "row": 3,
          "selected_degree": 2
        },
        {
          "incidence_legal": true,
          "internal_owner": true,
          "new_unselected": true,
          "old_selected": true,
          "old_to_closest_selected_difference": "0000000000000000000000",
          "old_to_closest_selected_distance": 0,
          "row": 4,
          "selected_degree": 2
        },
        {
          "incidence_legal": true,
          "internal_owner": true,
          "new_unselected": true,
          "old_selected": true,
          "old_to_closest_selected_difference": "0000000000000000000000",
          "old_to_closest_selected_distance": 0,
          "row": 5,
          "selected_degree": 2
        },
        {
          "incidence_legal": true,
          "internal_owner": true,
          "new_unselected": true,
          "old_selected": false,
          "old_to_closest_selected_difference": "0000000000100000010000",
          "old_to_closest_selected_distance": 2,
          "row": 6,
          "selected_degree": 2
        }
      ],
      "source_s": 4,
      "source_suffix_edge": [
        "11001010",
        "10101010"
      ]
    },
    {
      "component_action": {
        "component_reduction": 4,
        "new_components_on_touched_owners": 2,
        "new_owner_lengths": [
          68,
          70
        ],
        "old_components_met": 6
      },
      "context": "01_phase",
      "failure_counts": {
        "illegal_incidence": 0,
        "new_already_selected": 0,
        "noninternal_owner": 0,
        "old_not_selected": 0
      },
      "incidence_length": 14,
      "literal_transport_valid": true,
      "mapped_suffix_edge": [
        "0111001010",
        "0110101010"
      ],
      "prefix": "101001001101",
      "q2_support_losses": 0,
      "rows": [
        {
          "incidence_legal": true,
          "internal_owner": true,
          "new_unselected": true,
          "old_selected": true,
          "old_to_closest_selected_difference": "0000000000000000000000",
          "old_to_closest_selected_distance": 0,
          "row": 0,
          "selected_degree": 2
        },
        {
          "incidence_legal": true,
          "internal_owner": true,
          "new_unselected": true,
          "old_selected": true,
          "old_to_closest_selected_difference": "0000000000000000000000",
          "old_to_closest_selected_distance": 0,
          "row": 1,
          "selected_degree": 2
        },
        {
          "incidence_legal": true,
          "internal_owner": true,
          "new_unselected": true,
          "old_selected": true,
          "old_to_closest_selected_difference": "0000000000000000000000",
          "old_to_closest_selected_distance": 0,
          "row": 2,
          "selected_degree": 2
        },
        {
          "incidence_legal": true,
          "internal_owner": true,
          "new_unselected": true,
          "old_selected": true,
          "old_to_closest_selected_difference": "0000000000000000000000",
          "old_to_closest_selected_distance": 0,
          "row": 3,
          "selected_degree": 2
        },
        {
          "incidence_legal": true,
          "internal_owner": true,
          "new_unselected": true,
          "old_selected": true,
          "old_to_closest_selected_difference": "0000000000000000000000",
          "old_to_closest_selected_distance": 0,
          "row": 4,
          "selected_degree": 2
        },
        {
          "incidence_legal": true,
          "internal_owner": true,
          "new_unselected": true,
          "old_selected": true,
          "old_to_closest_selected_difference": "0000000000000000000000",
          "old_to_closest_selected_distance": 0,
          "row": 5,
          "selected_degree": 2
        },
        {
          "incidence_legal": true,
          "internal_owner": true,
          "new_unselected": true,
          "old_selected": true,
          "old_to_closest_selected_difference": "0000000000000000000000",
          "old_to_closest_selected_distance": 0,
          "row": 6,
          "selected_degree": 2
        }
      ],
      "source_s": 4,
      "source_suffix_edge": [
        "11001010",
        "10101010"
      ]
    },
    {
      "component_action": null,
      "context": "wrap",
      "failure_counts": {
        "illegal_incidence": 0,
        "new_already_selected": 1,
        "noninternal_owner": 0,
        "old_not_selected": 3
      },
      "incidence_length": 14,
      "literal_transport_valid": false,
      "mapped_suffix_edge": [
        "1110010100",
        "1101010100"
      ],
      "prefix": "101001001101",
      "q2_support_losses": null,
      "rows": [
        {
          "incidence_legal": true,
          "internal_owner": true,
          "new_unselected": true,
          "old_selected": true,
          "old_to_closest_selected_difference": "0000000000000000000000",
          "old_to_closest_selected_distance": 0,
          "row": 0,
          "selected_degree": 2
        },
        {
          "incidence_legal": true,
          "internal_owner": true,
          "new_unselected": true,
          "old_selected": true,
          "old_to_closest_selected_difference": "0000000000000000000000",
          "old_to_closest_selected_distance": 0,
          "row": 1,
          "selected_degree": 2
        },
        {
          "incidence_legal": true,
          "internal_owner": true,
          "new_unselected": true,
          "old_selected": false,
          "old_to_closest_selected_difference": "0000000000100010000000",
          "old_to_closest_selected_distance": 2,
          "row": 2,
          "selected_degree": 2
        },
        {
          "incidence_legal": true,
          "internal_owner": true,
          "new_unselected": true,
          "old_selected": true,
          "old_to_closest_selected_difference": "0000000000000000000000",
          "old_to_closest_selected_distance": 0,
          "row": 3,
          "selected_degree": 2
        },
        {
          "incidence_legal": true,
          "internal_owner": true,
          "new_unselected": false,
          "old_selected": false,
          "old_to_closest_selected_difference": "1000000000000010000000",
          "old_to_closest_selected_distance": 2,
          "row": 4,
          "selected_degree": 2
        },
        {
          "incidence_legal": true,
          "internal_owner": true,
          "new_unselected": true,
          "old_selected": true,
          "old_to_closest_selected_difference": "0000000000000000000000",
          "old_to_closest_selected_distance": 0,
          "row": 5,
          "selected_degree": 2
        },
        {
          "incidence_legal": true,
          "internal_owner": true,
          "new_unselected": true,
          "old_selected": false,
          "old_to_closest_selected_difference": "0000000000100000100000",
          "old_to_closest_selected_distance": 2,
          "row": 6,
          "selected_degree": 2
        }
      ],
      "source_s": 4,
      "source_suffix_edge": [
        "11001010",
        "10101010"
      ]
    },
    {
      "component_action": null,
      "context": "10",
      "failure_counts": {
        "illegal_incidence": 0,
        "new_already_selected": 0,
        "noninternal_owner": 0,
        "old_not_selected": 2
      },
      "incidence_length": 20,
      "literal_transport_valid": false,
      "mapped_suffix_edge": [
        "1010110100",
        "1010110010"
      ],
      "prefix": "101001001101",
      "q2_support_losses": null,
      "rows": [
        {
          "incidence_legal": true,
          "internal_owner": true,
          "new_unselected": true,
          "old_selected": true,
          "old_to_closest_selected_difference": "0000000000000000000000",
          "old_to_closest_selected_distance": 0,
          "row": 0,
          "selected_degree": 2
        },
        {
          "incidence_legal": true,
          "internal_owner": true,
          "new_unselected": true,
          "old_selected": true,
          "old_to_closest_selected_difference": "0000000000000000000000",
          "old_to_closest_selected_distance": 0,
          "row": 1,
          "selected_degree": 2
        },
        {
          "incidence_legal": true,
          "internal_owner": true,
          "new_unselected": true,
          "old_selected": true,
          "old_to_closest_selected_difference": "0000000000000000000000",
          "old_to_closest_selected_distance": 0,
          "row": 2,
          "selected_degree": 2
        },
        {
          "incidence_legal": true,
          "internal_owner": true,
          "new_unselected": true,
          "old_selected": false,
          "old_to_closest_selected_difference": "0000000000100001000000",
          "old_to_closest_selected_distance": 2,
          "row": 3,
          "selected_degree": 2
        },
        {
          "incidence_legal": true,
          "internal_owner": true,
          "new_unselected": true,
          "old_selected": true,
          "old_to_closest_selected_difference": "0000000000000000000000",
          "old_to_closest_selected_distance": 0,
          "row": 4,
          "selected_degree": 2
        },
        {
          "incidence_legal": true,
          "internal_owner": true,
          "new_unselected": true,
          "old_selected": true,
          "old_to_closest_selected_difference": "0000000000000000000000",
          "old_to_closest_selected_distance": 0,
          "row": 5,
          "selected_degree": 2
        },
        {
          "incidence_legal": true,
          "internal_owner": true,
          "new_unselected": true,
          "old_selected": false,
          "old_to_closest_selected_difference": "0000000000000100010000",
          "old_to_closest_selected_distance": 2,
          "row": 6,
          "selected_degree": 2
        },
        {
          "incidence_legal": true,
          "internal_owner": true,
          "new_unselected": true,
          "old_selected": true,
          "old_to_closest_selected_difference": "0000000000000000000000",
          "old_to_closest_selected_distance": 0,
          "row": 7,
          "selected_degree": 2
        },
        {
          "incidence_legal": true,
          "internal_owner": true,
          "new_unselected": true,
          "old_selected": true,
          "old_to_closest_selected_difference": "0000000000000000000000",
          "old_to_closest_selected_distance": 0,
          "row": 8,
          "selected_degree": 2
        },
        {
          "incidence_legal": true,
          "internal_owner": true,
          "new_unselected": true,
          "old_selected": true,
          "old_to_closest_selected_difference": "0000000000000000000000",
          "old_to_closest_selected_distance": 0,
          "row": 9,
          "selected_degree": 2
        }
      ],
      "source_s": 4,
      "source_suffix_edge": [
        "10110100",
        "10110010"
      ]
    },
    {
      "component_action": null,
      "context": "01_phase",
      "failure_counts": {
        "illegal_incidence": 0,
        "new_already_selected": 1,
        "noninternal_owner": 0,
        "old_not_selected": 3
      },
      "incidence_length": 20,
      "literal_transport_valid": false,
      "mapped_suffix_edge": [
        "0110110100",
        "0110110010"
      ],
      "prefix": "101001001101",
      "q2_support_losses": null,
      "rows": [
        {
          "incidence_legal": true,
          "internal_owner": true,
          "new_unselected": true,
          "old_selected": true,
          "old_to_closest_selected_difference": "0000000000000000000000",
          "old_to_closest_selected_distance": 0,
          "row": 0,
          "selected_degree": 2
        },
        {
          "incidence_legal": true,
          "internal_owner": true,
          "new_unselected": true,
          "old_selected": true,
          "old_to_closest_selected_difference": "0000000000000000000000",
          "old_to_closest_selected_distance": 0,
          "row": 1,
          "selected_degree": 2
        },
        {
          "incidence_legal": true,
          "internal_owner": true,
          "new_unselected": true,
          "old_selected": true,
          "old_to_closest_selected_difference": "0000000000000000000000",
          "old_to_closest_selected_distance": 0,
          "row": 2,
          "selected_degree": 2
        },
        {
          "incidence_legal": true,
          "internal_owner": true,
          "new_unselected": true,
          "old_selected": true,
          "old_to_closest_selected_difference": "0000000000000000000000",
          "old_to_closest_selected_distance": 0,
          "row": 3,
          "selected_degree": 2
        },
        {
          "incidence_legal": true,
          "internal_owner": true,
          "new_unselected": false,
          "old_selected": false,
          "old_to_closest_selected_difference": "0000001100000000000000",
          "old_to_closest_selected_distance": 2,
          "row": 4,
          "selected_degree": 2
        },
        {
          "incidence_legal": true,
          "internal_owner": true,
          "new_unselected": true,
          "old_selected": false,
          "old_to_closest_selected_difference": "1000000000001000000000",
          "old_to_closest_selected_distance": 2,
          "row": 5,
          "selected_degree": 2
        },
        {
          "incidence_legal": true,
          "internal_owner": true,
          "new_unselected": true,
          "old_selected": true,
          "old_to_closest_selected_difference": "0000000000000000000000",
          "old_to_closest_selected_distance": 0,
          "row": 6,
          "selected_degree": 2
        },
        {
          "incidence_legal": true,
          "internal_owner": true,
          "new_unselected": true,
          "old_selected": true,
          "old_to_closest_selected_difference": "0000000000000000000000",
          "old_to_closest_selected_distance": 0,
          "row": 7,
          "selected_degree": 2
        },
        {
          "incidence_legal": true,
          "internal_owner": true,
          "new_unselected": true,
          "old_selected": true,
          "old_to_closest_selected_difference": "0000000000000000000000",
          "old_to_closest_selected_distance": 0,
          "row": 8,
          "selected_degree": 2
        },
        {
          "incidence_legal": true,
          "internal_owner": true,
          "new_unselected": true,
          "old_selected": false,
          "old_to_closest_selected_difference": "0000000000101000000000",
          "old_to_closest_selected_distance": 2,
          "row": 9,
          "selected_degree": 2
        }
      ],
      "source_s": 4,
      "source_suffix_edge": [
        "10110100",
        "10110010"
      ]
    },
    {
      "component_action": null,
      "context": "wrap",
      "failure_counts": {
        "illegal_incidence": 0,
        "new_already_selected": 0,
        "noninternal_owner": 0,
        "old_not_selected": 4
      },
      "incidence_length": 20,
      "literal_transport_valid": false,
      "mapped_suffix_edge": [
        "1101101000",
        "1101100100"
      ],
      "prefix": "101001001101",
      "q2_support_losses": null,
      "rows": [
        {
          "incidence_legal": true,
          "internal_owner": true,
          "new_unselected": true,
          "old_selected": true,
          "old_to_closest_selected_difference": "0000000000000000000000",
          "old_to_closest_selected_distance": 0,
          "row": 0,
          "selected_degree": 2
        },
        {
          "incidence_legal": true,
          "internal_owner": true,
          "new_unselected": true,
          "old_selected": true,
          "old_to_closest_selected_difference": "0000000000000000000000",
          "old_to_closest_selected_distance": 0,
          "row": 1,
          "selected_degree": 2
        },
        {
          "incidence_legal": true,
          "internal_owner": true,
          "new_unselected": true,
          "old_selected": false,
          "old_to_closest_selected_difference": "1000000000000000001000",
          "old_to_closest_selected_distance": 2,
          "row": 2,
          "selected_degree": 2
        },
        {
          "incidence_legal": true,
          "internal_owner": true,
          "new_unselected": true,
          "old_selected": false,
          "old_to_closest_selected_difference": "0000000000100010000000",
          "old_to_closest_selected_distance": 2,
          "row": 3,
          "selected_degree": 2
        },
        {
          "incidence_legal": true,
          "internal_owner": true,
          "new_unselected": true,
          "old_selected": true,
          "old_to_closest_selected_difference": "0000000000000000000000",
          "old_to_closest_selected_distance": 0,
          "row": 4,
          "selected_degree": 2
        },
        {
          "incidence_legal": true,
          "internal_owner": true,
          "new_unselected": true,
          "old_selected": true,
          "old_to_closest_selected_difference": "0000000000000000000000",
          "old_to_closest_selected_distance": 0,
          "row": 5,
          "selected_degree": 2
        },
        {
          "incidence_legal": true,
          "internal_owner": true,
          "new_unselected": true,
          "old_selected": false,
          "old_to_closest_selected_difference": "0000000000000000110000",
          "old_to_closest_selected_distance": 2,
          "row": 6,
          "selected_degree": 2
        },
        {
          "incidence_legal": true,
          "internal_owner": true,
          "new_unselected": true,
          "old_selected": true,
          "old_to_closest_selected_difference": "0000000000000000000000",
          "old_to_closest_selected_distance": 0,
          "row": 7,
          "selected_degree": 2
        },
        {
          "incidence_legal": true,
          "internal_owner": true,
          "new_unselected": true,
          "old_selected": false,
          "old_to_closest_selected_difference": "1000000000000000000010",
          "old_to_closest_selected_distance": 2,
          "row": 8,
          "selected_degree": 2
        },
        {
          "incidence_legal": true,
          "internal_owner": true,
          "new_unselected": true,
          "old_selected": true,
          "old_to_closest_selected_difference": "0000000000000000000000",
          "old_to_closest_selected_distance": 0,
          "row": 9,
          "selected_degree": 2
        }
      ],
      "source_s": 4,
      "source_suffix_edge": [
        "10110100",
        "10110010"
      ]
    }
  ],
  "status": "PASS",
  "summary": {
    "01_phase": {
      "new_already_selected": 16,
      "noninternal_owner": 0,
      "old_not_selected": 56,
      "tested": 17,
      "valid": 1
    },
    "10": {
      "new_already_selected": 2,
      "noninternal_owner": 0,
      "old_not_selected": 37,
      "tested": 17,
      "valid": 0
    },
    "wrap": {
      "new_already_selected": 3,
      "noninternal_owner": 0,
      "old_not_selected": 51,
      "tested": 17,
      "valid": 0
    }
  }
}
