44 7464
0 0 0 6 2
0 0 1 5 12
0 0 2 4 30
0 0 3 3 40
0 0 4 2 30
0 0 5 1 12
0 0 6 0 2
0 1 0 5 12
0 1 1 4 60
0 1 2 3 120
0 1 3 2 120
0 1 4 1 60
0 1 5 0 12
0 2 0 4 30
0 2 1 3 120
0 2 2 2 180
0 2 3 1 120
0 2 4 0 30
0 3 0 3 40
0 3 1 2 120
0 3 2 1 120
0 3 3 0 20
0 4 0 2 30
0 4 1 1 60
0 5 0 1 12
1 0 0 5 12
1 0 1 4 60
1 0 2 3 120
1 0 3 2 120
1 0 4 1 60
1 1 0 4 60
1 1 1 3 240
1 1 2 2 360
1 1 3 1 240
1 2 0 3 120
1 2 1 2 360
1 2 2 1 180
1 3 0 2 120
2 0 0 4 30
2 0 1 3 120
2 0 2 2 180
2 1 0 3 120
2 1 1 2 180
3 0 0 3 20
8 166661 0 0 0 0 0 0 2 0 0 0 0 0 4 0 0 0 0 6 0 0 0 4 0 0 0 0 0 0 0 0 0 0 0 0 0 0 0 0 0 0 0 0 0 0
10 25273 0 0 0 0 0 2 2 0 0 0 0 2 4 0 0 0 2 6 0 0 2 3 0 2 0 0 0 0 0 0 0 0 0 0 0 0 0 0 0 0 0 0 0 0
10 166628 0 0 0 0 0 2 2 0 0 0 0 2 4 0 0 0 2 6 0 0 2 4 0 0 0 0 0 0 0 0 0 0 0 0 0 0 1 0 0 0 0 0 0 0
12 166538 0 0 0 0 2 0 0 0 0 0 4 0 0 0 0 2 0 0 0 0 0 0 0 0 0 0 0 0 4 0 0 0 8 4 0 4 4 0 0 0 2 0 2 0
12 166539 0 0 0 0 2 0 0 0 0 0 4 0 0 0 0 3 0 0 0 1 0 0 0 0 0 0 0 0 3 1 0 0 6 5 0 4 4 1 0 0 1 0 1 0
12 166563 0 0 0 0 2 0 0 0 0 0 4 0 0 0 0 4 0 0 0 2 0 0 0 0 0 0 0 0 2 2 0 0 4 6 0 4 5 0 0 0 0 0 1 0
12 166561 0 0 0 0 2 0 0 0 0 0 4 0 0 0 0 4 0 0 0 2 0 0 1 0 0 0 0 0 2 2 0 0 4 6 0 2 4 2 0 0 1 0 0 0
12 166541 0 0 0 0 2 0 0 0 0 0 4 1 0 0 0 3 2 0 0 1 1 0 0 0 0 0 0 0 2 1 0 0 4 6 0 3 5 1 0 0 0 0 0 0
12 166570 0 0 0 0 2 0 0 0 0 0 4 1 0 0 0 4 2 0 0 2 1 0 1 1 0 0 0 0 1 2 0 0 2 7 0 1 4 1 0 0 0 0 0 0
12 166565 0 0 0 0 2 0 0 0 0 0 4 1 0 0 0 4 2 0 0 2 2 0 0 0 0 0 0 0 1 2 0 0 2 6 0 2 6 0 0 0 0 0 0 0
12 166546 0 0 0 0 2 0 0 0 0 0 4 2 0 0 0 2 4 0 0 0 2 0 0 0 0 0 0 0 2 0 0 0 4 6 0 2 6 0 0 0 0 0 0 0
12 166572 0 0 0 0 2 0 0 0 0 0 4 2 0 0 0 3 4 0 0 1 3 0 0 1 0 0 0 0 1 1 0 0 2 6 0 1 5 0 0 0 0 0 0 0
12 166601 0 0 0 0 2 0 0 0 0 0 4 2 0 0 0 4 4 0 0 2 4 1 0 0 0 0 0 0 0 2 0 0 0 6 0 0 5 0 0 0 0 0 0 0
12 166543 0 0 0 0 2 1 0 0 0 0 3 2 0 0 0 2 2 0 0 1 2 0 0 1 0 0 0 0 2 2 0 0 3 6 0 2 4 1 0 0 0 0 0 0
12 166567 0 0 0 0 2 1 0 0 0 0 3 2 0 0 0 3 3 0 0 1 3 0 0 1 0 0 0 0 1 2 0 0 2 6 0 1 5 0 0 0 0 0 0 0
12 166548 0 0 0 0 2 1 0 0 0 0 3 3 0 0 0 1 4 0 0 0 3 0 0 1 0 0 0 0 2 1 0 0 3 6 0 1 5 0 0 0 0 0 0 0
12 166574 0 0 0 0 2 1 0 0 0 0 3 3 0 0 0 2 5 0 0 0 4 0 0 2 0 0 0 0 1 1 0 0 2 6 0 0 4 0 0 0 0 0 0 0
12 13690 0 0 0 0 2 1 1 0 0 0 3 2 2 0 0 2 2 1 0 2 3 0 1 4 2 0 0 0 1 1 0 0 1 2 0 1 1 1 0 0 0 0 0 0
12 13703 0 0 0 0 2 1 1 0 0 0 3 2 2 0 0 3 4 2 0 1 4 1 0 3 1 0 0 0 0 0 0 0 1 2 0 1 1 1 0 0 0 0 0 0
12 166555 0 0 0 0 2 2 0 0 0 0 2 4 0 0 0 0 4 0 0 0 4 0 0 2 0 0 0 0 2 2 0 0 2 6 0 0 4 0 0 0 0 0 0 0
12 166604 0 0 0 0 2 2 1 0 0 0 2 2 2 0 0 3 2 1 0 2 4 0 1 4 2 0 0 0 0 2 0 0 0 2 0 0 2 0 0 0 0 0 0 0
12 13729 0 0 0 0 2 2 1 0 0 0 2 3 2 0 0 1 3 2 0 1 4 1 0 3 1 0 0 0 1 1 0 0 1 2 0 1 1 1 0 0 0 0 0 0
12 166607 0 0 0 0 2 2 1 0 0 0 2 3 2 0 0 2 4 2 0 1 5 1 0 3 1 0 0 0 0 1 0 0 0 2 0 0 2 0 0 0 0 0 0 0
12 165995 0 0 0 0 2 2 2 0 0 0 2 2 4 0 0 2 2 6 0 2 2 4 0 0 0 0 0 0 0 0 0 0 0 0 0 2 1 0 0 0 0 0 1 0
12 13742 0 0 0 0 2 3 2 0 0 0 1 3 4 0 0 1 3 6 0 1 2 3 1 2 0 0 0 0 0 0 0 0 0 1 0 0 0 1 0 0 0 0 0 0
12 166631 0 0 0 0 2 4 2 0 0 0 0 4 4 0 0 0 4 6 0 0 4 4 0 0 0 0 0 0 0 0 0 0 0 0 0 0 2 0 0 0 0 0 0 0
11 156458 0 0 0 1 0 2 2 0 0 1 0 2 4 0 1 0 2 6 1 0 2 4 0 0 0 0 0 0 0 0 0 0 0 0 1 0 1 0 0 0 0 0 0 0
13 13691 0 0 0 1 2 1 1 0 0 1 4 2 2 0 0 3 2 1 0 2 3 0 1 4 2 0 0 0 1 1 0 0 2 2 0 1 1 1 0 0 1 0 0 0
13 13704 0 0 0 1 2 1 1 0 0 1 4 2 2 0 0 4 4 2 0 1 4 1 0 3 1 0 0 0 0 0 0 0 2 2 0 1 1 1 0 0 1 0 0 0
13 138322 0 0 0 1 2 2 2 0 0 1 2 2 4 0 1 2 2 6 1 2 2 4 0 0 0 0 0 0 0 0 0 0 0 0 1 2 1 0 0 0 0 1 1 0
13 13730 0 0 0 1 3 2 1 0 0 0 3 3 2 0 0 2 3 2 0 1 4 1 0 3 1 0 0 0 1 1 0 0 2 2 0 1 1 1 0 0 1 0 0 0
13 13743 0 0 0 1 3 3 2 0 0 0 2 3 4 0 0 2 3 6 0 1 2 3 1 2 0 0 0 0 0 0 0 0 1 1 0 0 0 1 0 0 1 0 0 0
14 158123 0 0 0 2 0 0 0 0 0 4 0 0 0 0 2 0 0 0 0 0 0 0 0 0 0 0 0 4 2 0 0 6 4 2 2 2 2 0 0 4 4 4 4 1
14 158133 0 0 0 2 0 0 0 0 0 4 0 0 0 0 3 0 0 0 1 0 0 0 0 0 0 0 0 3 2 1 0 5 3 3 3 2 2 1 0 3 3 4 3 1
14 158972 0 0 0 2 0 0 0 0 0 4 0 0 0 0 4 0 0 0 2 0 0 0 0 0 0 0 0 2 2 2 0 4 2 4 4 2 3 0 0 2 2 4 3 1
14 158124 0 0 0 2 0 0 0 0 0 4 1 0 0 0 2 1 0 0 0 0 0 0 0 0 0 0 0 3 2 0 0 5 6 2 2 4 2 0 0 2 4 2 5 0
14 158127 0 0 0 2 0 0 0 0 0 4 1 0 0 0 2 2 0 0 0 1 0 0 0 0 0 0 0 3 2 0 0 4 6 2 1 5 2 1 0 2 4 1 4 0
14 158134 0 0 0 2 0 0 0 0 0 4 1 0 0 0 3 1 0 0 1 0 0 0 0 0 0 0 0 2 2 1 0 4 5 3 3 4 2 1 0 1 3 2 4 0
14 158963 0 0 0 2 0 0 0 0 0 4 1 0 0 0 3 1 0 0 1 1 0 0 0 0 0 0 0 2 2 1 0 4 4 3 2 4 2 1 0 2 3 2 4 0
14 158966 0 0 0 2 0 0 0 0 0 4 1 0 0 0 3 2 0 0 1 2 0 0 1 0 0 0 0 2 2 1 0 3 4 3 1 3 2 2 0 2 4 1 3 0
14 158973 0 0 0 2 0 0 0 0 0 4 1 0 0 0 4 1 0 0 2 1 0 0 0 0 0 0 0 1 2 2 0 3 3 4 3 4 3 0 0 1 2 2 4 0
14 158141 0 0 0 2 0 0 0 0 0 4 1 1 0 0 3 2 1 0 1 1 0 0 0 0 0 0 0 2 1 1 0 3 4 4 2 5 3 1 0 1 2 1 3 0
14 158980 0 0 0 2 0 0 0 0 0 4 1 1 0 0 4 2 1 0 2 2 1 0 0 0 0 0 0 1 1 2 0 2 2 4 2 4 4 0 0 1 2 1 3 0
14 160103 0 0 0 2 0 0 0 0 0 4 2 0 0 0 2 2 0 0 0 0 0 0 0 0 0 0 0 2 2 0 0 4 8 2 2 6 3 0 0 0 4 0 4 0
14 160106 0 0 0 2 0 0 0 0 0 4 2 0 0 0 2 3 0 0 0 1 0 0 0 0 0 0 0 2 2 0 0 3 8 3 1 6 3 1 0 0 3 0 3 0
14 158153 0 0 0 2 0 0 0 0 0 4 2 0 0 0 2 3 1 0 0 1 1 0 0 0 0 0 0 2 2 0 0 3 6 3 1 4 3 1 0 1 3 1 3 0
14 161802 0 0 0 2 0 0 0 0 0 4 2 0 0 0 2 4 0 0 0 2 0 0 0 0 0 0 0 2 2 0 0 2 8 4 0 6 4 0 0 0 2 0 3 0
14 160112 0 0 0 2 0 0 0 0 0 4 2 0 0 0 3 2 0 0 1 1 0 0 0 0 0 0 0 1 2 1 0 3 6 3 2 6 3 1 0 0 3 0 3 0
14 160891 0 0 0 2 0 0 0 0 0 4 2 0 0 0 3 3 0 0 1 2 0 0 1 0 0 0 0 1 2 1 0 2 6 4 1 4 3 2 0 0 3 0 2 0
14 158992 0 0 0 2 0 0 0 0 0 4 2 0 0 0 3 3 1 0 1 2 1 0 1 1 0 0 0 1 2 1 0 2 4 4 1 2 2 1 0 1 3 1 3 0
14 160897 0 0 0 2 0 0 0 0 0 4 2 0 0 0 4 2 0 0 2 2 0 0 0 0 0 0 0 0 2 2 0 2 4 4 2 6 4 0 0 0 2 0 3 0
14 158159 0 0 0 2 0 0 0 0 0 4 2 1 0 0 2 3 2 0 0 1 1 0 0 0 0 0 0 2 1 0 0 3 5 4 1 4 4 0 0 1 2 1 3 0
14 160118 0 0 0 2 0 0 0 0 0 4 2 1 0 0 3 3 1 0 1 2 1 0 0 0 0 0 0 1 1 1 0 2 5 4 1 5 4 1 0 0 2 0 2 0
14 158998 0 0 0 2 0 0 0 0 0 4 2 1 0 0 3 3 2 0 1 2 2 0 0 1 0 0 0 1 1 1 0 2 3 4 1 3 3 0 0 1 2 1 3 0
14 161812 0 0 0 2 0 0 0 0 0 4 2 1 0 0 3 4 1 0 1 3 1 0 1 1 0 0 0 1 1 1 0 1 5 5 0 3 3 1 0 0 2 0 2 0
14 160903 0 0 0 2 0 0 0 0 0 4 2 1 0 0 4 3 1 0 2 3 2 0 0 0 0 0 0 0 1 2 0 1 3 4 1 4 5 0 0 0 2 0 2 0
14 163236 0 0 0 2 0 0 0 0 0 4 2 2 0 0 4 4 2 0 2 4 4 1 0 0 0 0 0 0 0 2 0 0 2 4 0 2 4 0 0 0 2 0 2 0
14 160130 0 0 0 2 0 0 0 0 0 4 3 0 0 0 2 4 2 0 0 1 1 0 0 0 0 0 0 1 2 0 0 2 6 4 1 5 4 1 0 0 2 0 2 0
14 161818 0 0 0 2 0 0 0 0 0 4 3 0 0 0 2 5 2 0 0 2 2 0 0 0 0 0 0 1 2 0 0 1 6 4 0 4 5 0 0 0 2 0 2 0
14 160915 0 0 0 2 0 0 0 0 0 4 3 0 0 0 3 4 2 0 1 2 1 0 1 1 0 0 0 0 2 1 0 1 4 5 1 3 3 1 0 0 2 0 2 0
14 160136 0 0 0 2 0 0 0 0 0 4 3 1 0 0 2 4 3 0 0 1 2 0 0 0 0 0 0 1 1 0 0 2 5 4 1 4 5 0 0 0 2 0 2 0
14 161824 0 0 0 2 0 0 0 0 0 4 3 1 0 0 2 5 3 0 0 2 3 0 0 1 0 0 0 1 1 0 0 1 5 4 0 3 4 0 0 0 2 0 2 0
14 160921 0 0 0 2 0 0 0 0 0 4 3 1 0 0 3 4 3 0 1 2 3 0 0 1 0 0 0 0 1 1 0 1 3 4 1 3 4 0 0 0 2 0 2 0
14 162577 0 0 0 2 0 0 0 0 0 4 4 0 0 0 2 6 4 0 0 2 4 1 0 0 0 0 0 0 2 0 0 0 4 4 0 2 4 0 0 0 2 0 2 0
12 156459 0 0 0 2 0 2 2 0 0 2 0 2 4 0 2 0 2 6 2 0 2 4 0 0 0 0 0 0 0 0 0 0 0 0 2 0 1 0 0 0 0 0 0 1
14 158125 0 0 0 2 1 0 0 0 0 3 2 0 0 0 1 1 0 0 0 0 0 0 0 0 0 0 0 3 3 0 0 4 7 2 1 5 2 1 0 2 4 1 4 0
14 158128 0 0 0 2 1 0 0 0 0 3 2 0 0 0 1 2 0 0 0 1 0 0 0 0 0 0 0 3 3 0 0 3 7 2 0 6 2 2 0 2 4 0 3 0
14 158135 0 0 0 2 1 0 0 0 0 3 2 0 0 0 2 1 0 0 1 0 0 0 0 0 0 0 0 2 3 1 0 3 6 3 2 5 2 2 0 1 3 1 3 0
14 158964 0 0 0 2 1 0 0 0 0 3 2 0 0 0 2 2 0 0 0 1 0 0 0 0 0 0 0 2 2 1 0 4 5 3 1 5 2 2 0 2 3 1 3 0
14 158967 0 0 0 2 1 0 0 0 0 3 2 0 0 0 2 3 0 0 0 2 0 0 1 0 0 0 0 2 2 1 0 3 5 3 0 4 2 3 0 2 4 0 2 0
14 158974 0 0 0 2 1 0 0 0 0 3 2 0 0 0 3 2 0 0 1 1 0 0 0 0 0 0 0 1 2 2 0 3 4 4 2 5 3 1 0 1 2 1 3 0
14 158142 0 0 0 2 1 0 0 0 0 3 2 1 0 0 2 2 1 0 1 1 0 0 0 0 0 0 0 2 2 1 0 2 5 4 1 6 3 2 0 1 2 0 2 0
14 158981 0 0 0 2 1 0 0 0 0 3 2 1 0 0 3 3 1 0 1 2 1 0 0 0 0 0 0 1 1 2 0 2 3 4 1 5 4 1 0 1 2 0 2 0
14 160104 0 0 0 2 1 0 0 0 0 3 3 0 0 0 1 2 0 0 0 0 0 0 0 0 0 0 0 2 3 0 0 3 9 3 1 6 3 1 0 0 3 0 3 0
14 160107 0 0 0 2 1 0 0 0 0 3 3 0 0 0 1 3 0 0 0 1 0 0 0 0 0 0 0 2 3 0 0 2 9 4 0 6 3 2 0 0 2 0 2 0
14 161800 0 0 0 2 1 0 0 0 0 3 3 0 0 0 1 3 0 0 0 1 0 0 0 0 0 0 0 2 3 1 0 2 7 4 1 6 3 2 0 0 2 0 2 0
14 158154 0 0 0 2 1 0 0 0 0 3 3 0 0 0 1 3 1 0 0 1 1 0 0 0 0 0 0 2 3 0 0 2 7 3 0 5 3 2 0 1 3 0 2 0
14 158183 0 0 0 2 1 0 0 0 0 3 3 0 0 0 1 3 1 0 0 1 2 0 0 1 0 0 0 2 3 1 0 2 5 3 1 3 2 1 0 1 3 1 3 0
14 161803 0 0 0 2 1 0 0 0 0 3 3 0 0 0 1 4 0 0 0 2 0 0 0 0 0 0 0 2 3 1 0 1 7 5 0 6 4 1 0 0 1 0 2 0
14 160113 0 0 0 2 1 0 0 0 0 3 3 0 0 0 2 2 0 0 1 1 0 0 0 0 0 0 0 1 3 1 0 2 7 4 1 6 3 2 0 0 2 0 2 0
14 160889 0 0 0 2 1 0 0 0 0 3 3 0 0 0 2 3 0 0 0 1 0 0 0 0 0 0 0 1 2 1 0 3 7 4 1 6 3 2 0 0 2 0 2 0
14 161808 0 0 0 2 1 0 0 0 0 3 3 0 0 0 2 3 0 0 1 2 0 0 1 0 0 0 0 1 3 2 0 1 5 5 1 4 3 3 0 0 2 0 1 0
14 160892 0 0 0 2 1 0 0 0 0 3 3 0 0 0 2 4 0 0 0 2 0 0 1 0 0 0 0 1 2 1 0 2 7 5 0 4 3 3 0 0 2 0 1 0
14 158993 0 0 0 2 1 0 0 0 0 3 3 0 0 0 2 4 1 0 0 2 1 0 1 1 0 0 0 1 2 1 0 2 5 4 0 3 2 2 0 1 3 0 2 0
14 160898 0 0 0 2 1 0 0 0 0 3 3 0 0 0 3 3 0 0 1 2 0 0 0 0 0 0 0 0 2 2 0 2 5 5 1 6 4 1 0 0 1 0 2 0
14 158160 0 0 0 2 1 0 0 0 0 3 3 1 0 0 1 3 2 0 0 1 1 0 0 0 0 0 0 2 2 0 0 2 6 4 0 5 4 1 0 1 2 0 2 0
14 158189 0 0 0 2 1 0 0 0 0 3 3 1 0 0 1 3 2 0 0 1 2 0 0 1 0 0 0 2 2 1 0 2 4 4 1 3 3 0 0 1 2 1 3 0
14 160119 0 0 0 2 1 0 0 0 0 3 3 1 0 0 2 3 1 0 1 2 1 0 0 0 0 0 0 1 2 1 0 1 6 5 0 5 4 2 0 0 1 0 1 0
14 161813 0 0 0 2 1 0 0 0 0 3 3 1 0 0 2 4 1 0 1 3 1 0 1 1 0 0 0 1 2 2 0 0 4 6 0 3 3 2 0 0 1 0 1 0
14 163226 0 0 0 2 1 0 0 0 0 3 3 1 0 0 2 4 2 0 0 1 1 0 0 0 0 0 0 1 1 1 0 2 5 5 1 5 4 2 0 0 1 0 1 0
14 158999 0 0 0 2 1 0 0 0 0 3 3 1 0 0 2 4 2 0 0 2 2 0 0 1 0 0 0 1 1 1 0 2 4 4 0 4 3 1 0 1 2 0 2 0
14 163228 0 0 0 2 1 0 0 0 0 3 3 1 0 0 2 5 2 0 0 2 1 0 1 1 0 0 0 1 1 1 0 1 5 6 0 3 3 2 0 0 1 0 1 0
14 160904 0 0 0 2 1 0 0 0 0 3 3 1 0 0 3 4 1 0 1 3 2 0 0 0 0 0 0 0 1 2 0 1 4 5 0 4 5 1 0 0 1 0 1 0
14 163232 0 0 0 2 1 0 0 0 0 3 3 1 0 0 3 4 2 0 1 2 2 0 0 0 0 0 0 0 1 2 0 1 3 5 1 4 5 1 0 0 1 0 1 0
14 163237 0 0 0 2 1 0 0 0 0 3 3 2 0 0 3 5 3 0 1 3 4 1 0 0 0 0 0 0 0 2 0 0 2 5 0 2 4 1 0 0 1 0 1 0
14 160131 0 0 0 2 1 0 0 0 0 3 4 0 0 0 1 4 2 0 0 1 1 0 0 0 0 0 0 1 3 0 0 1 7 5 0 5 4 2 0 0 1 0 1 0
14 161819 0 0 0 2 1 0 0 0 0 3 4 0 0 0 1 5 2 0 0 2 2 0 0 0 0 0 0 1 3 1 0 0 5 5 0 4 5 1 0 0 1 0 1 0
14 160916 0 0 0 2 1 0 0 0 0 3 4 0 0 0 2 5 2 0 0 2 1 0 1 1 0 0 0 0 2 1 0 1 5 6 0 3 3 2 0 0 1 0 1 0
14 162567 0 0 0 2 1 0 0 0 0 3 4 1 0 0 1 3 2 0 0 1 1 0 0 0 0 0 0 1 2 1 0 2 5 5 1 5 4 2 0 0 1 0 1 0
14 160160 0 0 0 2 1 0 0 0 0 3 4 1 0 0 1 3 2 0 0 1 2 0 0 1 0 0 0 1 2 1 0 2 5 4 1 4 3 1 0 0 2 0 2 0
14 162569 0 0 0 2 1 0 0 0 0 3 4 1 0 0 1 4 2 0 0 2 2 0 0 0 0 0 0 1 2 1 0 1 5 5 0 4 5 1 0 0 1 0 1 0
14 160137 0 0 0 2 1 0 0 0 0 3 4 1 0 0 1 4 3 0 0 1 2 0 0 0 0 0 0 1 2 0 0 1 6 5 0 4 5 1 0 0 1 0 1 0
14 161836 0 0 0 2 1 0 0 0 0 3 4 1 0 0 1 4 3 0 0 1 3 0 0 1 0 0 0 1 2 0 0 1 6 4 0 3 4 0 0 0 2 0 2 0
14 161825 0 0 0 2 1 0 0 0 0 3 4 1 0 0 1 5 3 0 0 2 3 0 0 1 0 0 0 1 2 1 0 0 4 5 0 3 4 1 0 0 1 0 1 0
14 162573 0 0 0 2 1 0 0 0 0 3 4 1 0 0 2 3 2 0 1 2 1 0 1 1 0 0 0 0 2 2 0 1 3 6 1 3 3 2 0 0 1 0 1 0
14 160922 0 0 0 2 1 0 0 0 0 3 4 1 0 0 2 5 3 0 0 2 3 0 0 1 0 0 0 0 1 1 0 1 4 5 0 3 4 1 0 0 1 0 1 0
14 160166 0 0 0 2 1 0 0 0 0 3 4 2 0 0 1 3 3 0 0 1 3 0 0 1 0 0 0 1 1 1 0 2 4 4 1 3 4 0 0 0 2 0 2 0
14 163390 0 0 0 2 1 0 0 0 0 3 4 2 0 0 1 3 4 0 0 0 2 0 0 0 0 0 0 1 1 0 0 2 5 5 1 4 5 1 0 0 1 0 1 0
14 163392 0 0 0 2 1 0 0 0 0 3 4 2 0 0 1 4 4 0 0 1 3 0 0 1 0 0 0 1 1 0 0 1 5 5 0 3 4 1 0 0 1 0 1 0
14 161842 0 0 0 2 1 0 0 0 0 3 4 2 0 0 1 4 4 0 0 1 4 0 0 2 0 0 0 1 1 0 0 1 5 4 0 2 3 0 0 0 2 0 2 0
14 163396 0 0 0 2 1 0 0 0 0 3 4 2 0 0 2 3 4 0 1 1 3 0 0 1 0 0 0 0 1 1 0 1 3 5 1 3 4 1 0 0 1 0 1 0
14 162578 0 0 0 2 1 0 0 0 0 3 5 1 0 0 1 5 4 0 0 2 4 1 0 0 0 0 0 0 2 1 0 0 3 5 0 2 4 1 0 0 1 0 1 0
14 158147 0 0 0 2 1 1 0 0 0 3 1 2 0 0 2 1 1 0 1 2 0 0 1 0 0 0 0 2 2 2 0 2 3 5 1 4 3 3 0 1 2 0 1 0
14 158986 0 0 0 2 1 1 0 0 0 3 1 2 0 0 3 2 2 0 1 2 1 0 1 0 0 0 0 1 1 2 0 2 2 5 1 3 4 2 0 1 2 0 1 0
14 158165 0 0 0 2 1 1 0 0 0 3 2 2 0 0 1 2 2 0 0 2 1 0 1 0 0 0 0 2 2 1 0 2 4 5 0 3 4 2 0 1 2 0 1 0
14 160124 0 0 0 2 1 1 0 0 0 3 2 2 0 0 2 2 1 0 1 3 1 0 1 1 0 0 0 1 2 2 0 1 4 6 0 3 3 2 0 0 1 0 1 0
14 159004 0 0 0 2 1 1 0 0 0 3 2 2 0 0 2 3 3 0 0 2 2 0 1 1 0 0 0 1 1 1 0 2 3 5 0 2 3 2 0 1 2 0 1 0
14 160909 0 0 0 2 1 1 0 0 0 3 2 2 0 0 3 3 2 0 1 3 2 0 1 1 0 0 0 0 1 2 0 1 3 6 0 2 4 1 0 0 1 0 1 0
14 160142 0 0 0 2 1 1 0 0 0 3 3 2 0 0 1 3 3 0 0 2 2 0 1 1 0 0 0 1 2 1 0 1 4 6 0 2 4 1 0 0 1 0 1 0
14 160927 0 0 0 2 1 1 0 0 0 3 3 2 0 0 2 4 4 0 0 2 3 0 1 2 0 0 0 0 1 1 0 1 3 6 0 1 3 1 0 0 1 0 1 0
14 163981 0 0 0 2 2 0 0 0 0 2 4 0 0 0 0 2 0 0 0 0 0 0 0 0 0 0 0 2 4 0 0 2 10 4 0 6 4 0 0 0 2 0 3 0
14 3913 0 0 0 2 2 0 0 0 0 2 4 0 0 0 0 2 0 0 0 0 0 0 0 0 0 0 0 2 4 2 0 2 6 4 2 6 2 4 0 0 2 0 1 0
14 163983 0 0 0 2 2 0 0 0 0 2 4 0 0 0 0 3 0 0 0 1 0 0 0 0 0 0 0 2 4 1 0 1 8 5 0 6 4 1 0 0 1 0 2 0
14 158184 0 0 0 2 2 0 0 0 0 2 4 0 0 0 0 3 1 0 0 1 2 0 0 1 0 0 0 2 4 1 0 1 6 3 0 4 2 2 0 1 3 0 2 0
14 164720 0 0 0 2 2 0 0 0 0 2 4 0 0 0 0 4 0 0 0 2 0 0 0 0 0 0 0 2 4 2 0 0 6 6 0 6 5 0 0 0 0 0 2 0
14 163987 0 0 0 2 2 0 0 0 0 2 4 0 0 0 1 3 0 0 0 1 0 0 0 0 0 0 0 1 3 1 0 2 8 5 0 6 4 1 0 0 1 0 2 0
14 3914 0 0 0 2 2 0 0 0 0 2 4 0 0 0 1 3 0 0 0 1 0 0 0 0 0 0 0 1 3 2 0 2 6 5 1 6 3 3 0 0 1 0 1 0
14 3916 0 0 0 2 2 0 0 0 0 2 4 0 0 0 1 3 0 0 1 2 0 0 1 0 0 0 0 1 4 3 0 0 4 6 1 4 3 4 0 0 1 0 0 0
14 164307 0 0 0 2 2 0 0 0 0 2 4 0 0 0 1 4 0 0 0 2 0 0 1 0 0 0 0 1 3 2 0 1 6 6 0 4 4 2 0 0 1 0 1 0
14 3919 0 0 0 2 2 0 0 0 0 2 4 0 0 0 2 4 0 0 0 2 0 0 0 0 0 0 0 0 2 2 0 2 6 6 0 6 4 2 0 0 0 0 1 0
14 164311 0 0 0 2 2 0 0 0 0 2 4 0 0 0 2 4 0 0 0 2 0 0 0 0 0 0 0 0 2 2 0 2 6 6 0 6 5 0 0 0 0 0 2 0
14 3925 0 0 0 2 2 0 0 0 0 2 4 0 0 0 2 6 2 0 0 2 2 0 0 0 0 0 0 0 2 2 0 0 4 6 0 4 5 2 0 0 0 0 0 0
14 158190 0 0 0 2 2 0 0 0 0 2 4 1 0 0 0 3 2 0 0 1 2 0 0 1 0 0 0 2 3 1 0 1 5 4 0 4 3 1 0 1 2 0 2 0
14 163991 0 0 0 2 2 0 0 0 0 2 4 1 0 0 1 4 2 0 0 1 1 0 0 0 0 0 0 1 2 1 0 1 6 6 0 5 5 1 0 0 0 0 1 0
14 164726 0 0 0 2 2 0 0 0 0 2 4 1 0 0 1 5 2 0 0 2 1 0 1 1 0 0 0 1 2 2 0 0 4 7 0 3 4 1 0 0 0 0 1 0
14 164315 0 0 0 2 2 0 0 0 0 2 4 1 0 0 2 5 2 0 0 2 2 0 0 0 0 0 0 0 1 2 0 1 4 6 0 4 6 0 0 0 0 0 1 0
14 5566 0 0 0 2 2 0 0 0 0 2 4 2 0 0 0 2 2 0 0 0 0 0 0 0 0 0 0 2 2 2 0 2 4 6 2 6 3 4 0 0 0 0 0 0
14 5567 0 0 0 2 2 0 0 0 0 2 4 2 0 0 1 3 2 0 0 1 1 0 0 0 0 0 0 1 1 2 0 2 4 6 1 5 4 3 0 0 0 0 0 0
14 5569 0 0 0 2 2 0 0 0 0 2 4 2 0 0 1 3 2 0 1 2 1 0 1 1 0 0 0 1 2 3 0 0 2 7 1 3 3 3 0 0 0 0 0 0
14 5572 0 0 0 2 2 0 0 0 0 2 4 2 0 0 2 4 2 0 0 2 2 0 0 0 0 0 0 0 0 2 0 2 4 6 0 4 5 2 0 0 0 0 0 0
14 5575 0 0 0 2 2 0 0 0 0 2 4 2 0 0 2 6 4 0 0 2 4 1 0 0 0 0 0 0 0 2 0 0 2 6 0 2 4 2 0 0 0 0 0 0
14 165302 0 0 0 2 2 0 0 0 0 2 4 2 0 0 2 6 4 0 0 2 4 1 0 0 0 0 0 0 0 2 0 0 2 6 0 2 5 0 0 0 0 0 1 0
14 164001 0 0 0 2 2 0 0 0 0 2 5 1 0 0 0 3 2 0 0 1 1 0 0 0 0 0 0 1 3 1 0 1 6 6 0 5 5 1 0 0 0 0 1 0
14 160161 0 0 0 2 2 0 0 0 0 2 5 1 0 0 0 3 2 0 0 1 2 0 0 1 0 0 0 1 3 1 0 1 6 5 0 4 3 2 0 0 1 0 1 0
14 164730 0 0 0 2 2 0 0 0 0 2 5 1 0 0 0 4 2 0 0 2 2 0 0 0 0 0 0 1 3 2 0 0 4 6 0 4 6 0 0 0 0 0 1 0
14 161837 0 0 0 2 2 0 0 0 0 2 5 1 0 0 0 4 3 0 0 1 3 0 0 1 0 0 0 1 3 1 0 0 5 5 0 3 4 1 0 0 1 0 1 0
14 3922 0 0 0 2 2 0 0 0 0 2 5 1 0 0 1 3 1 0 1 3 1 0 1 1 0 0 0 0 3 3 0 0 3 7 0 3 3 3 0 0 0 0 0 0
14 164325 0 0 0 2 2 0 0 0 0 2 5 1 0 0 1 4 2 0 0 2 1 0 1 1 0 0 0 0 2 2 0 1 4 7 0 3 4 1 0 0 0 0 1 0
14 3928 0 0 0 2 2 0 0 0 0 2 5 1 0 0 1 5 3 0 0 2 3 0 0 1 0 0 0 0 2 2 0 0 3 6 0 3 4 2 0 0 0 0 0 0
14 160167 0 0 0 2 2 0 0 0 0 2 5 2 0 0 0 3 3 0 0 1 3 0 0 1 0 0 0 1 2 1 0 1 5 5 0 3 4 1 0 0 1 0 1 0
14 164005 0 0 0 2 2 0 0 0 0 2 5 2 0 0 0 3 4 0 0 0 2 0 0 0 0 0 0 1 2 0 0 1 6 6 0 4 6 0 0 0 0 0 1 0
14 164734 0 0 0 2 2 0 0 0 0 2 5 2 0 0 0 4 4 0 0 1 3 0 0 1 0 0 0 1 2 1 0 0 4 6 0 3 5 0 0 0 0 0 1 0
14 161843 0 0 0 2 2 0 0 0 0 2 5 2 0 0 0 4 4 0 0 1 4 0 0 2 0 0 0 1 2 1 0 0 4 5 0 2 3 1 0 0 1 0 1 0
14 164329 0 0 0 2 2 0 0 0 0 2 5 2 0 0 1 4 4 0 0 1 3 0 0 1 0 0 0 0 1 1 0 1 4 6 0 3 5 0 0 0 0 0 1 0
14 3934 0 0 0 2 2 0 0 0 0 2 6 2 0 0 0 4 4 0 0 2 4 0 0 2 0 0 0 0 2 2 0 0 2 6 0 2 3 2 0 0 0 0 0 0
14 164957 0 0 0 2 2 0 0 0 0 2 6 2 0 0 0 4 4 0 0 2 4 1 0 0 0 0 0 0 2 2 0 0 2 6 0 2 5 0 0 0 0 0 1 0
14 158195 0 0 0 2 2 1 0 0 0 2 3 2 0 0 0 2 2 0 0 2 2 0 1 1 0 0 0 2 3 2 0 1 3 5 0 2 3 2 0 1 2 0 1 0
14 162773 0 0 0 2 2 1 0 0 0 2 3 2 0 0 1 2 2 0 0 1 2 0 0 1 0 0 0 1 2 2 0 2 4 5 1 4 3 2 0 0 1 0 1 0
14 163995 0 0 0 2 2 1 0 0 0 2 3 2 0 0 1 3 2 0 0 2 2 0 0 1 0 0 0 1 2 2 0 1 4 6 0 4 4 1 0 0 0 0 1 0
14 162775 0 0 0 2 2 1 0 0 0 2 3 2 0 0 1 3 3 0 0 1 3 0 0 1 0 0 0 1 2 1 0 1 5 5 0 3 4 1 0 0 1 0 1 0
14 164319 0 0 0 2 2 1 0 0 0 2 3 2 0 0 2 4 3 0 0 2 3 0 0 1 0 0 0 0 1 2 0 1 3 6 0 3 5 0 0 0 0 0 1 0
14 9322 0 0 0 2 2 1 0 0 0 2 3 3 0 0 0 1 3 0 0 0 1 0 0 0 0 0 0 2 2 2 0 2 3 6 2 5 4 3 0 0 0 0 0 0
14 9400 0 0 0 2 2 1 0 0 0 2 3 3 0 0 1 2 3 0 0 1 2 0 0 1 0 0 0 1 1 2 0 2 3 6 1 4 3 3 0 0 0 0 0 0
14 9335 0 0 0 2 2 1 0 0 0 2 3 3 0 0 1 2 4 0 0 0 2 0 0 0 0 0 0 1 1 1 0 2 4 6 1 4 5 2 0 0 0 0 0 0
14 163510 0 0 0 2 2 1 0 0 0 2 3 3 0 0 1 2 4 0 0 0 3 0 0 1 0 0 0 1 1 1 0 2 4 5 1 3 4 1 0 0 1 0 1 0
14 9361 0 0 0 2 2 1 0 0 0 2 3 3 0 0 1 2 4 0 1 1 3 0 0 1 0 0 0 1 2 2 0 0 2 6 1 3 4 2 0 0 0 0 0 0
14 163512 0 0 0 2 2 1 0 0 0 2 3 3 0 0 1 3 5 0 0 0 4 0 0 2 0 0 0 1 1 0 0 1 5 5 0 2 3 1 0 0 1 0 1 0
14 9413 0 0 0 2 2 1 0 0 0 2 3 3 0 0 2 3 4 0 0 1 3 0 0 1 0 0 0 0 0 1 0 2 4 6 0 3 4 2 0 0 0 0 0 0
14 160172 0 0 0 2 2 1 0 0 0 2 4 3 0 0 0 2 3 0 0 2 3 0 1 2 0 0 0 1 2 2 0 1 3 6 0 1 3 1 0 0 1 0 1 0
14 164009 0 0 0 2 2 1 0 0 0 2 4 3 0 0 0 2 4 0 0 1 3 0 0 1 0 0 0 1 2 1 0 1 4 6 0 3 5 0 0 0 0 0 1 0
14 164333 0 0 0 2 2 1 0 0 0 2 4 3 0 0 1 3 5 0 0 1 4 0 0 2 0 0 0 0 1 1 0 1 3 6 0 2 4 0 0 0 0 0 1 0
14 16608 0 0 0 2 2 2 0 0 0 2 2 4 0 0 0 0 4 0 0 0 2 0 0 0 0 0 0 2 2 2 0 2 2 6 2 4 5 2 0 0 0 0 0 0
14 16609 0 0 0 2 2 2 0 0 0 2 2 4 0 0 1 1 5 0 0 0 3 0 0 1 0 0 0 1 1 1 0 2 3 6 1 3 4 2 0 0 0 0 0 0
14 16611 0 0 0 2 2 2 0 0 0 2 2 4 0 0 2 2 6 0 0 0 4 0 0 2 0 0 0 0 0 0 0 2 4 6 0 2 3 2 0 0 0 0 0 0
14 162779 0 0 0 2 2 2 1 0 0 2 2 2 2 0 2 3 1 1 1 4 3 0 2 4 2 0 0 0 1 2 0 0 1 2 0 1 1 1 0 0 1 0 1 0
14 163516 0 0 0 2 2 2 1 0 0 2 2 3 2 0 2 3 3 2 1 3 4 1 1 3 1 0 0 0 0 1 0 0 1 2 0 1 1 1 0 0 1 0 1 0
14 162785 0 0 0 2 2 2 1 0 0 2 3 2 2 0 1 4 3 2 0 3 4 1 1 3 1 0 0 0 1 1 0 0 1 2 0 1 1 1 0 0 1 0 1 0
14 138323 0 0 0 2 2 2 2 0 0 2 2 2 4 0 2 2 2 6 2 2 2 4 0 0 0 0 0 0 0 0 0 0 0 0 2 2 1 0 0 0 0 2 1 1
14 164025 0 0 0 2 3 1 0 0 0 1 4 2 0 0 0 2 2 0 0 1 2 0 0 1 0 0 0 1 3 2 0 1 5 6 0 4 4 1 0 0 0 0 1 0
14 164742 0 0 0 2 3 1 0 0 0 1 4 2 0 0 0 3 3 0 0 1 3 0 0 1 0 0 0 1 3 2 0 0 4 6 0 3 5 0 0 0 0 0 1 0
14 164029 0 0 0 2 3 1 0 0 0 1 4 3 0 0 0 2 4 0 0 0 3 0 0 1 0 0 0 1 2 1 0 1 5 6 0 3 5 0 0 0 0 0 1 0
14 164746 0 0 0 2 3 1 0 0 0 1 4 3 0 0 0 3 5 0 0 0 4 0 0 2 0 0 0 1 2 1 0 0 4 6 0 2 4 0 0 0 0 0 1 0
14 164033 0 0 0 2 3 2 0 0 0 1 3 4 0 0 0 1 4 0 0 1 4 0 0 2 0 0 0 1 2 2 0 1 3 6 0 2 4 0 0 0 0 0 1 0
14 165018 0 0 0 2 3 2 1 0 0 1 3 2 2 0 1 4 2 1 0 3 4 0 1 4 2 0 0 0 1 2 0 0 1 2 0 2 2 0 0 0 0 0 1 0
14 9478 0 0 0 2 3 2 1 0 0 1 3 3 2 0 1 2 2 1 1 3 3 0 2 4 2 0 0 0 1 2 0 0 1 3 0 1 1 2 0 0 0 0 0 0
14 9530 0 0 0 2 3 2 1 0 0 1 3 3 2 0 1 4 4 2 0 2 4 1 1 3 1 0 0 0 0 1 0 0 1 3 0 1 1 2 0 0 0 0 0 0
14 165362 0 0 0 2 3 2 1 0 0 1 3 3 2 0 1 4 4 2 0 2 5 1 0 3 1 0 0 0 0 1 0 0 1 2 0 2 2 0 0 0 0 0 1 0
14 165024 0 0 0 2 3 2 1 0 0 1 4 3 2 0 0 3 4 2 0 2 5 1 0 3 1 0 0 0 1 1 0 0 1 2 0 2 2 0 0 0 0 0 1 0
14 16614 0 0 0 2 3 3 1 0 0 1 2 4 2 0 1 1 4 2 1 2 4 1 1 3 1 0 0 0 1 1 0 0 1 3 0 1 1 2 0 0 0 0 0 0
14 16618 0 0 0 2 4 4 2 0 0 0 2 4 4 0 0 2 4 6 0 2 2 3 2 2 0 0 0 0 0 0 0 0 0 2 0 0 0 2 0 0 0 0 0 0
14 166001 0 0 0 2 4 4 2 0 0 0 2 4 4 0 0 2 4 6 0 2 4 4 0 0 0 0 0 0 0 0 0 0 0 0 0 2 2 0 0 0 0 0 1 0
13 151715 0 0 1 0 2 0 0 0 1 0 4 0 0 0 0 2 0 0 0 0 0 0 0 0 0 0 1 0 4 0 1 1 8 4 1 4 4 0 0 0 2 0 2 0
13 152471 0 0 1 0 2 0 0 0 1 0 4 0 0 0 0 3 0 0 0 1 0 0 0 0 0 0 1 0 3 1 1 1 6 5 1 4 4 1 0 0 1 0 1 0
13 151717 0 0 1 0 2 0 0 0 1 0 4 0 0 0 0 3 0 0 0 1 0 0 0 0 0 0 1 1 3 1 0 1 6 5 1 4 4 1 0 0 1 0 1 0
13 153668 0 0 1 0 2 0 0 0 1 0 4 0 0 0 0 4 0 0 0 2 0 0 0 0 0 0 1 1 2 2 0 1 4 6 1 4 5 0 0 0 0 0 1 0
13 152472 0 0 1 0 2 0 0 0 1 0 4 0 0 0 0 4 0 0 0 2 0 0 1 0 0 0 1 1 2 2 0 1 4 6 1 2 4 2 0 0 1 0 0 0
13 151721 0 0 1 0 2 0 0 0 1 0 4 0 0 1 0 3 0 0 0 1 0 0 0 0 0 0 0 0 3 1 1 1 6 5 1 4 4 1 0 0 1 0 1 0
13 152476 0 0 1 0 2 0 0 0 1 0 4 0 0 1 0 4 0 0 0 2 0 0 0 0 0 0 0 0 2 2 1 1 4 6 1 4 5 0 0 0 0 0 1 0
13 153672 0 0 1 0 2 0 0 0 1 0 4 0 0 1 0 4 0 0 0 2 0 0 1 0 0 0 0 0 2 2 1 1 4 6 1 2 4 2 0 0 1 0 0 0
13 154450 0 0 1 0 2 0 0 0 1 0 4 1 0 0 0 3 2 0 0 1 1 0 0 0 0 0 1 0 2 1 1 1 4 6 1 3 5 1 0 0 0 0 0 0
13 155273 0 0 1 0 2 0 0 0 1 0 4 1 0 0 0 4 2 0 0 2 1 0 1 1 0 0 1 1 1 2 0 1 2 7 1 1 4 1 0 0 0 0 0 0
13 154451 0 0 1 0 2 0 0 0 1 0 4 1 0 0 0 4 2 0 0 2 2 0 0 0 0 0 1 1 1 2 0 1 2 6 1 2 6 0 0 0 0 0 0 0
13 154453 0 0 1 0 2 0 0 0 1 0 4 1 0 1 0 4 2 0 0 2 1 0 1 1 0 0 0 0 1 2 1 1 2 7 1 1 4 1 0 0 0 0 0 0
13 155275 0 0 1 0 2 0 0 0 1 0 4 1 0 1 0 4 2 0 0 2 2 0 0 0 0 0 0 0 1 2 1 1 2 6 1 2 6 0 0 0 0 0 0 0
13 151725 0 0 1 0 2 0 0 0 1 0 4 1 0 1 1 3 2 0 0 1 1 0 0 0 0 0 0 0 2 1 0 1 4 6 1 3 5 1 0 0 0 0 0 0
13 153674 0 0 1 0 2 0 0 0 1 0 4 1 0 1 1 4 2 0 0 2 1 0 1 1 0 0 0 0 1 2 0 1 2 7 1 1 4 1 0 0 0 0 0 0
13 152480 0 0 1 0 2 0 0 0 1 0 4 1 0 1 1 4 2 0 0 2 2 0 0 0 0 0 0 0 1 2 0 1 2 6 1 2 6 0 0 0 0 0 0 0
13 155442 0 0 1 0 2 0 0 0 1 0 4 2 0 0 0 2 4 0 0 0 2 0 0 0 0 0 1 0 2 0 1 1 4 6 1 2 6 0 0 0 0 0 0 0
13 155443 0 0 1 0 2 0 0 0 1 0 4 2 0 0 0 3 4 0 0 1 3 0 0 1 0 0 1 1 1 1 0 1 2 6 1 1 5 0 0 0 0 0 0 0
13 155445 0 0 1 0 2 0 0 0 1 0 4 2 0 1 0 3 4 0 0 1 3 0 0 1 0 0 0 0 1 1 1 1 2 6 1 1 5 0 0 0 0 0 0 0
13 155277 0 0 1 0 2 0 0 0 1 0 4 2 0 1 1 4 4 0 0 2 4 1 0 0 0 0 0 0 0 2 0 1 0 6 1 0 5 0 0 0 0 0 0 0
13 151735 0 0 1 0 2 0 0 0 1 1 4 1 0 0 0 3 2 0 0 1 1 0 0 0 0 0 0 1 2 1 0 1 4 6 1 3 5 1 0 0 0 0 0 0
13 152490 0 0 1 0 2 0 0 0 1 1 4 1 0 0 0 4 2 0 0 2 1 0 1 1 0 0 0 1 1 2 0 1 2 7 1 1 4 1 0 0 0 0 0 0
13 153678 0 0 1 0 2 0 0 0 1 1 4 1 0 0 0 4 2 0 0 2 2 0 0 0 0 0 0 1 1 2 0 1 2 6 1 2 6 0 0 0 0 0 0 0
13 154455 0 0 1 0 2 0 0 0 1 1 4 2 0 0 0 4 4 0 0 2 4 1 0 0 0 0 0 1 0 2 0 1 0 6 1 0 5 0 0 0 0 0 0 0
13 151739 0 0 1 0 2 0 0 0 1 1 4 2 0 0 1 2 4 0 0 0 2 0 0 0 0 0 0 0 2 0 0 1 4 6 1 2 6 0 0 0 0 0 0 0
13 152494 0 0 1 0 2 0 0 0 1 1 4 2 0 0 1 3 4 0 0 1 3 0 0 1 0 0 0 0 1 1 0 1 2 6 1 1 5 0 0 0 0 0 0 0
13 154645 0 0 1 0 2 1 0 0 1 0 3 2 0 0 0 2 2 0 0 1 2 0 0 1 0 0 1 0 2 2 1 1 3 6 1 2 4 1 0 0 0 0 0 0
13 154646 0 0 1 0 2 1 0 0 1 0 3 2 0 0 0 3 3 0 0 1 3 0 0 1 0 0 1 1 1 2 0 1 2 6 1 1 5 0 0 0 0 0 0 0
13 156177 0 0 1 0 2 1 0 0 1 0 3 2 0 1 0 3 3 0 0 1 3 0 0 1 0 0 0 0 1 2 1 1 2 6 1 1 5 0 0 0 0 0 0 0
13 151729 0 0 1 0 2 1 0 0 1 0 3 2 0 1 1 2 2 0 1 1 2 0 0 1 0 0 0 0 2 2 0 0 3 6 1 2 4 1 0 0 0 0 0 0
13 152484 0 0 1 0 2 1 0 0 1 0 3 2 0 1 1 3 3 0 1 1 3 0 0 1 0 0 0 0 1 2 0 0 2 6 1 1 5 0 0 0 0 0 0 0
13 155550 0 0 1 0 2 1 0 0 1 0 3 3 0 0 0 1 4 0 0 0 3 0 0 1 0 0 1 0 2 1 1 1 3 6 1 1 5 0 0 0 0 0 0 0
13 155551 0 0 1 0 2 1 0 0 1 0 3 3 0 0 0 2 5 0 0 0 4 0 0 2 0 0 1 1 1 1 0 1 2 6 1 0 4 0 0 0 0 0 0 0
13 156366 0 0 1 0 2 1 0 0 1 0 3 3 0 1 0 2 5 0 0 0 4 0 0 2 0 0 0 0 1 1 1 1 2 6 1 0 4 0 0 0 0 0 0 0
13 151743 0 0 1 0 2 1 0 0 1 1 3 3 0 0 1 1 4 0 1 0 3 0 0 1 0 0 0 0 2 1 0 0 3 6 1 1 5 0 0 0 0 0 0 0
13 152498 0 0 1 0 2 1 0 0 1 1 3 3 0 0 1 2 5 0 1 0 4 0 0 2 0 0 0 0 1 1 0 0 2 6 1 0 4 0 0 0 0 0 0 0
13 13697 0 0 1 0 2 1 1 0 1 1 3 2 2 0 1 2 2 1 0 2 3 0 1 4 2 0 0 0 1 1 0 1 1 2 0 1 1 1 0 1 0 0 0 0
13 13710 0 0 1 0 2 1 1 0 1 1 3 2 2 0 1 3 4 2 0 1 4 1 0 3 1 0 0 0 0 0 0 1 1 2 0 1 1 1 0 1 0 0 0 0
13 156482 0 0 1 0 2 2 0 0 1 0 2 4 0 0 0 0 4 0 0 0 4 0 0 2 0 0 1 0 2 2 1 1 2 6 1 0 4 0 0 0 0 0 0 0
13 154648 0 0 1 0 2 2 1 0 1 0 2 2 2 1 1 3 2 1 1 2 4 0 1 4 2 0 0 0 0 2 0 0 0 2 1 0 2 0 0 0 0 0 0 0
13 155553 0 0 1 0 2 2 1 0 1 0 2 3 2 1 1 2 4 2 1 1 5 1 0 3 1 0 0 0 0 1 0 0 0 2 1 0 2 0 0 0 0 0 0 0
13 154654 0 0 1 0 2 2 1 0 1 1 2 3 2 0 1 2 4 2 1 1 5 1 0 3 1 0 0 0 0 1 0 0 0 2 1 0 2 0 0 0 0 0 0 0
13 151759 0 0 1 1 2 1 0 0 0 1 3 2 0 0 0 2 2 0 0 1 2 0 0 1 0 0 0 1 2 2 0 1 3 6 1 2 4 1 0 0 0 0 0 0
13 153690 0 0 1 1 2 1 0 0 0 1 3 2 0 0 0 3 3 0 0 1 3 0 0 1 0 0 0 1 1 2 0 1 2 6 1 1 5 0 0 0 0 0 0 0
13 151763 0 0 1 1 2 1 0 0 0 1 3 3 0 0 1 1 4 0 0 0 3 0 0 1 0 0 0 0 2 1 0 1 3 6 1 1 5 0 0 0 0 0 0 0
13 153694 0 0 1 1 2 1 0 0 0 1 3 3 0 0 1 2 5 0 0 0 4 0 0 2 0 0 0 0 1 1 0 1 2 6 1 0 4 0 0 0 0 0 0 0
14 13692 0 0 1 1 2 1 1 0 1 2 4 2 2 0 1 3 2 1 0 2 3 0 1 4 2 0 0 0 1 1 0 1 2 2 0 1 1 1 0 1 1 0 0 0
14 13705 0 0 1 1 2 1 1 0 1 2 4 2 2 0 1 4 4 2 0 1 4 1 0 3 1 0 0 0 0 0 0 1 2 2 0 1 1 1 0 1 1 0 0 0
13 151767 0 0 1 1 2 2 0 0 0 1 2 4 0 0 1 0 4 0 1 0 4 0 0 2 0 0 0 0 2 2 0 0 2 6 1 0 4 0 0 0 0 0 0 0
13 156179 0 0 1 1 2 2 1 0 0 1 2 2 2 0 0 3 2 1 0 2 4 0 1 4 2 0 0 1 0 2 0 1 0 2 1 0 2 0 0 0 0 0 0 0
13 156368 0 0 1 1 2 2 1 0 0 1 2 3 2 0 0 2 4 2 0 1 5 1 0 3 1 0 0 1 0 1 0 1 0 2 1 0 2 0 0 0 0 0 0 0
13 13736 0 0 1 1 2 2 1 0 0 1 2 3 2 0 1 1 3 2 0 1 4 1 0 3 1 0 0 0 1 1 0 1 1 2 0 1 1 1 0 1 0 0 0 0
13 156181 0 0 1 1 2 2 1 0 0 1 2 3 2 0 1 2 4 2 0 1 5 1 0 3 1 0 0 0 0 1 0 1 0 2 1 0 2 0 0 0 0 0 0 0
13 13749 0 0 1 1 2 3 2 0 0 1 1 3 4 0 1 1 3 6 0 1 2 3 1 2 0 0 0 0 0 0 0 1 0 1 0 0 0 1 0 1 0 0 0 0
13 156483 0 0 1 1 2 4 2 0 0 1 0 4 4 0 1 0 4 6 1 0 4 4 0 0 0 0 0 0 0 0 0 0 0 0 1 0 2 0 0 0 0 0 0 0
15 29413 0 0 1 2 0 0 0 0 1 4 0 0 0 0 2 0 0 0 0 0 0 0 0 0 0 0 1 4 2 0 1 6 4 2 2 2 2 0 1 5 4 5 4 1
15 36089 0 0 1 2 0 0 0 0 1 4 0 0 0 0 3 0 0 0 1 0 0 0 0 0 0 0 1 3 2 1 1 5 3 3 3 2 2 1 1 4 3 5 3 1
15 29433 0 0 1 2 0 0 0 0 1 4 0 0 0 1 3 0 0 0 1 0 0 0 0 0 0 0 0 3 2 1 1 5 3 3 3 2 2 1 1 4 3 5 3 1
15 36108 0 0 1 2 0 0 0 0 1 4 0 0 0 1 4 0 0 0 2 0 0 0 0 0 0 0 0 2 2 2 1 4 2 4 4 2 3 0 1 3 2 5 3 1
15 47157 0 0 1 2 0 0 0 0 1 4 1 0 0 0 2 1 0 0 0 0 0 0 0 0 0 0 1 3 2 0 1 5 6 2 2 4 2 0 1 3 4 3 5 0
15 29415 0 0 1 2 0 0 0 0 1 4 1 0 0 0 2 1 0 0 0 0 0 0 0 0 0 0 1 3 2 0 1 6 6 2 2 4 2 0 0 3 4 3 5 0
15 62853 0 0 1 2 0 0 0 0 1 4 1 0 0 0 2 2 0 0 0 1 0 0 0 0 0 0 1 3 2 0 1 4 6 2 1 5 2 1 1 3 4 2 4 0
15 29421 0 0 1 2 0 0 0 0 1 4 1 0 0 0 2 2 0 0 0 1 0 0 0 0 0 0 1 4 2 0 0 5 6 2 1 5 2 1 0 3 4 2 4 0
15 53599 0 0 1 2 0 0 0 0 1 4 1 0 0 0 3 1 0 0 1 0 0 0 0 0 0 0 1 2 2 1 1 4 5 3 3 4 2 1 1 2 3 3 4 0
15 36090 0 0 1 2 0 0 0 0 1 4 1 0 0 0 3 1 0 0 1 1 0 0 0 0 0 0 1 2 2 1 1 5 4 3 2 4 2 1 0 3 3 3 4 0
15 36096 0 0 1 2 0 0 0 0 1 4 1 0 0 0 3 2 0 0 1 2 0 0 1 0 0 0 1 3 2 1 0 4 4 3 1 3 2 2 0 3 4 2 3 0
15 29435 0 0 1 2 0 0 0 0 1 4 1 0 0 1 3 1 0 0 1 0 0 0 0 0 0 0 0 2 2 1 1 5 5 3 3 4 2 1 0 2 3 3 4 0
15 47176 0 0 1 2 0 0 0 0 1 4 1 0 0 1 3 1 0 0 1 1 0 0 0 0 0 0 0 2 2 1 1 4 4 3 2 4 2 1 1 3 3 3 4 0
15 62871 0 0 1 2 0 0 0 0 1 4 1 0 0 1 3 2 0 0 1 2 0 0 1 0 0 0 0 2 2 1 1 3 4 3 1 3 2 2 1 3 4 2 3 0
15 53617 0 0 1 2 0 0 0 0 1 4 1 0 0 1 4 1 0 0 2 1 0 0 0 0 0 0 0 1 2 2 1 3 3 4 3 4 3 0 1 2 2 3 4 0
15 36110 0 0 1 2 0 0 0 0 1 4 1 0 0 1 4 1 0 0 2 1 0 0 0 0 0 0 0 1 2 2 1 4 3 4 3 4 3 0 0 2 2 3 4 0
15 78023 0 0 1 2 0 0 0 0 1 4 1 1 0 0 3 2 1 0 1 1 0 0 0 0 0 0 1 2 1 1 1 3 4 4 2 5 3 1 1 2 2 2 3 0
15 29449 0 0 1 2 0 0 0 0 1 4 1 1 0 1 4 2 1 0 1 1 0 0 0 0 0 0 0 2 1 1 0 4 4 4 2 5 3 1 0 2 2 2 3 0
15 78039 0 0 1 2 0 0 0 0 1 4 1 1 0 1 4 2 1 0 2 2 1 0 0 0 0 0 0 1 1 2 1 2 2 4 2 4 4 0 1 2 2 2 3 0
15 36124 0 0 1 2 0 0 0 0 1 4 1 1 0 1 5 2 1 0 2 2 1 0 0 0 0 0 0 1 1 2 0 3 2 4 2 4 4 0 0 2 2 2 3 0
15 47158 0 0 1 2 0 0 0 0 1 4 2 0 0 0 2 2 0 0 0 0 0 0 0 0 0 0 1 2 2 0 1 5 8 2 2 6 3 0 0 1 4 1 4 0
15 62854 0 0 1 2 0 0 0 0 1 4 2 0 0 0 2 3 0 0 0 1 0 0 0 0 0 0 1 2 2 0 1 4 8 3 1 6 3 1 0 1 3 1 3 0
15 47164 0 0 1 2 0 0 0 0 1 4 2 0 0 0 2 3 0 0 0 1 0 0 0 0 0 0 1 3 2 0 0 4 8 3 1 6 3 1 0 1 3 1 3 0
15 70976 0 0 1 2 0 0 0 0 1 4 2 0 0 0 2 3 1 0 0 1 1 0 0 0 0 0 1 2 2 0 1 3 6 3 1 4 3 1 1 2 3 2 3 0
15 62859 0 0 1 2 0 0 0 0 1 4 2 0 0 0 2 4 0 0 0 2 0 0 0 0 0 0 1 3 2 0 0 3 8 4 0 6 4 0 0 1 2 1 3 0
15 53600 0 0 1 2 0 0 0 0 1 4 2 0 0 0 3 2 0 0 1 1 0 0 0 0 0 0 1 1 2 1 1 4 6 3 2 6 3 1 0 1 3 1 3 0
15 53605 0 0 1 2 0 0 0 0 1 4 2 0 0 0 3 3 0 0 1 2 0 0 1 0 0 0 1 2 2 1 0 3 6 4 1 4 3 2 0 1 3 1 2 0
15 47177 0 0 1 2 0 0 0 0 1 4 2 0 0 1 3 2 0 0 1 1 0 0 0 0 0 0 0 1 2 1 1 4 6 3 2 6 3 1 0 1 3 1 3 0
15 62872 0 0 1 2 0 0 0 0 1 4 2 0 0 1 3 3 0 0 1 2 0 0 1 0 0 0 0 1 2 1 1 3 6 4 1 4 3 2 0 1 3 1 2 0
15 70992 0 0 1 2 0 0 0 0 1 4 2 0 0 1 3 3 1 0 1 2 1 0 1 1 0 0 0 1 2 1 1 2 4 4 1 2 2 1 1 2 3 2 3 0
15 53618 0 0 1 2 0 0 0 0 1 4 2 0 0 1 4 2 0 0 2 2 0 0 0 0 0 0 0 0 2 2 1 3 4 4 2 6 4 0 0 1 2 1 3 0
15 80461 0 0 1 2 0 0 0 0 1 4 2 1 0 0 2 3 2 0 0 1 1 0 0 0 0 0 1 2 1 0 1 3 5 4 1 4 4 0 1 2 2 2 3 0
15 78024 0 0 1 2 0 0 0 0 1 4 2 1 0 0 3 3 1 0 1 2 1 0 0 0 0 0 1 1 1 1 1 3 5 4 1 5 4 1 0 1 2 1 2 0
15 78029 0 0 1 2 0 0 0 0 1 4 2 1 0 0 3 4 1 0 1 3 1 0 1 1 0 0 1 2 1 1 0 2 5 5 0 3 3 1 0 1 2 1 2 0
15 80477 0 0 1 2 0 0 0 0 1 4 2 1 0 1 3 3 2 0 1 2 2 0 0 1 0 0 0 1 1 1 1 2 3 4 1 3 3 0 1 2 2 2 3 0
15 47190 0 0 1 2 0 0 0 0 1 4 2 1 0 1 4 3 1 0 1 2 1 0 0 0 0 0 0 1 1 1 0 3 5 4 1 5 4 1 0 1 2 1 2 0
15 78040 0 0 1 2 0 0 0 0 1 4 2 1 0 1 4 3 1 0 2 3 2 0 0 0 0 0 0 0 1 2 1 2 3 4 1 4 5 0 0 1 2 1 2 0
15 62883 0 0 1 2 0 0 0 0 1 4 2 1 0 1 4 4 1 0 1 3 1 0 1 1 0 0 0 1 1 1 0 2 5 5 0 3 3 1 0 1 2 1 2 0
15 53631 0 0 1 2 0 0 0 0 1 4 2 1 0 1 5 3 1 0 2 3 2 0 0 0 0 0 0 0 1 2 0 2 3 4 1 4 5 0 0 1 2 1 2 0
15 78051 0 0 1 2 0 0 0 0 1 4 2 2 0 1 5 4 2 0 2 4 4 1 0 0 0 0 0 0 0 2 0 1 2 4 0 2 4 0 0 1 2 1 2 0
15 70977 0 0 1 2 0 0 0 0 1 4 3 0 0 0 2 4 2 0 0 1 1 0 0 0 0 0 1 1 2 0 1 3 6 4 1 5 4 1 0 1 2 1 2 0
15 70982 0 0 1 2 0 0 0 0 1 4 3 0 0 0 2 5 2 0 0 2 2 0 0 0 0 0 1 2 2 0 0 2 6 4 0 4 5 0 0 1 2 1 2 0
15 70993 0 0 1 2 0 0 0 0 1 4 3 0 0 1 3 4 2 0 1 2 1 0 1 1 0 0 0 0 2 1 1 2 4 5 1 3 3 1 0 1 2 1 2 0
15 80462 0 0 1 2 0 0 0 0 1 4 3 1 0 0 2 4 3 0 0 1 2 0 0 0 0 0 1 1 1 0 1 3 5 4 1 4 5 0 0 1 2 1 2 0
15 80467 0 0 1 2 0 0 0 0 1 4 3 1 0 0 2 5 3 0 0 2 3 0 0 1 0 0 1 2 1 0 0 2 5 4 0 3 4 0 0 1 2 1 2 0
15 80478 0 0 1 2 0 0 0 0 1 4 3 1 0 1 3 4 3 0 1 2 3 0 0 1 0 0 0 0 1 1 1 2 3 4 1 3 4 0 0 1 2 1 2 0
15 29473 0 0 1 2 0 0 0 0 1 5 2 0 0 0 2 3 1 0 0 1 1 0 0 0 0 0 0 3 2 0 0 4 6 3 1 4 3 1 0 2 3 2 3 0
15 36148 0 0 1 2 0 0 0 0 1 5 2 0 0 0 3 3 1 0 1 2 1 0 1 1 0 0 0 2 2 1 0 3 4 4 1 2 2 1 0 2 3 2 3 0
15 29485 0 0 1 2 0 0 0 0 1 5 2 1 0 0 3 3 2 0 0 1 1 0 0 0 0 0 0 2 1 0 0 4 5 4 1 4 4 0 0 2 2 2 3 0
15 36160 0 0 1 2 0 0 0 0 1 5 2 1 0 0 4 3 2 0 1 2 2 0 0 1 0 0 0 1 1 1 0 3 3 4 1 3 3 0 0 2 2 2 3 0
15 47214 0 0 1 2 0 0 0 0 1 5 3 0 0 0 2 4 2 0 0 1 1 0 0 0 0 0 0 2 2 0 0 3 6 4 1 5 4 1 0 1 2 1 2 0
15 62895 0 0 1 2 0 0 0 0 1 5 3 0 0 0 2 5 2 0 0 2 2 0 0 0 0 0 0 2 2 0 0 2 6 4 0 4 5 0 0 1 2 1 2 0
15 53655 0 0 1 2 0 0 0 0 1 5 3 0 0 0 3 4 2 0 1 2 1 0 1 1 0 0 0 1 2 1 0 2 4 5 1 3 3 1 0 1 2 1 2 0
15 47226 0 0 1 2 0 0 0 0 1 5 3 1 0 0 3 4 3 0 0 1 2 0 0 0 0 0 0 1 1 0 0 3 5 4 1 4 5 0 0 1 2 1 2 0
15 62907 0 0 1 2 0 0 0 0 1 5 3 1 0 0 3 5 3 0 0 2 3 0 0 1 0 0 0 1 1 0 0 2 5 4 0 3 4 0 0 1 2 1 2 0
15 53667 0 0 1 2 0 0 0 0 1 5 3 1 0 0 4 4 3 0 1 2 3 0 0 1 0 0 0 0 1 1 0 2 3 4 1 3 4 0 0 1 2 1 2 0
15 71004 0 0 1 2 0 0 0 0 1 5 4 0 0 0 2 6 4 0 0 2 4 1 0 0 0 0 0 1 2 0 0 1 4 4 0 2 4 0 0 1 2 1 2 0
15 90401 0 0 1 2 1 0 0 0 1 3 2 0 0 0 1 1 0 0 0 0 0 0 0 0 0 0 1 3 3 0 1 4 7 2 1 5 2 1 1 3 4 2 4 0
15 29417 0 0 1 2 1 0 0 0 1 3 2 0 0 0 1 1 0 0 0 0 0 0 0 0 0 0 1 3 3 0 1 5 7 2 2 5 2 1 0 2 4 2 4 0
15 101052 0 0 1 2 1 0 0 0 1 3 2 0 0 0 1 2 0 0 0 1 0 0 0 0 0 0 1 3 3 0 1 3 7 2 0 6 2 2 1 3 4 1 3 0
15 29423 0 0 1 2 1 0 0 0 1 3 2 0 0 0 1 2 0 0 0 1 0 0 0 0 0 0 1 4 3 0 0 4 7 2 1 6 2 2 0 2 4 1 3 0
15 94584 0 0 1 2 1 0 0 0 1 3 2 0 0 0 2 1 0 0 1 0 0 0 0 0 0 0 1 2 3 1 1 3 6 3 2 5 2 2 1 2 3 2 3 0
15 36092 0 0 1 2 1 0 0 0 1 3 2 0 0 0 2 2 0 0 0 1 0 0 0 0 0 0 1 2 2 1 1 5 5 3 2 5 2 2 0 2 3 2 3 0
15 36098 0 0 1 2 1 0 0 0 1 3 2 0 0 0 2 3 0 0 0 2 0 0 1 0 0 0 1 3 2 1 0 4 5 3 1 4 2 3 0 2 4 1 2 0
15 29437 0 0 1 2 1 0 0 0 1 3 2 0 0 1 2 1 0 0 1 0 0 0 0 0 0 0 0 2 3 1 1 4 6 3 3 5 2 2 0 1 3 2 3 0
15 90417 0 0 1 2 1 0 0 0 1 3 2 0 0 1 2 2 0 0 0 1 0 0 0 0 0 0 0 2 2 1 1 4 5 3 1 5 2 2 1 3 3 2 3 0
15 101067 0 0 1 2 1 0 0 0 1 3 2 0 0 1 2 3 0 0 0 2 0 0 1 0 0 0 0 2 2 1 1 3 5 3 0 4 2 3 1 3 4 1 2 0
15 94599 0 0 1 2 1 0 0 0 1 3 2 0 0 1 3 2 0 0 1 1 0 0 0 0 0 0 0 1 2 2 1 3 4 4 2 5 3 1 1 2 2 2 3 0
15 36112 0 0 1 2 1 0 0 0 1 3 2 0 0 1 3 2 0 0 1 1 0 0 0 0 0 0 0 1 2 2 1 4 4 4 3 5 3 1 0 1 2 2 3 0
15 111171 0 0 1 2 1 0 0 0 1 3 2 1 0 0 2 2 1 0 1 1 0 0 0 0 0 0 1 2 2 1 1 2 5 4 1 6 3 2 1 2 2 1 2 0
15 29451 0 0 1 2 1 0 0 0 1 3 2 1 0 1 3 2 1 0 1 1 0 0 0 0 0 0 0 2 2 1 0 3 5 4 2 6 3 2 0 1 2 1 2 0
15 111184 0 0 1 2 1 0 0 0 1 3 2 1 0 1 3 3 1 0 1 2 1 0 0 0 0 0 0 1 1 2 1 2 3 4 1 5 4 1 1 2 2 1 2 0
15 36126 0 0 1 2 1 0 0 0 1 3 2 1 0 1 4 3 1 0 1 2 1 0 0 0 0 0 0 1 1 2 0 3 3 4 2 5 4 1 0 1 2 1 2 0
15 90402 0 0 1 2 1 0 0 0 1 3 3 0 0 0 1 2 0 0 0 0 0 0 0 0 0 0 1 2 3 0 1 4 9 3 1 6 3 1 0 1 3 1 3 0
15 47160 0 0 1 2 1 0 0 0 1 3 3 0 0 0 1 2 0 0 0 0 0 0 0 0 0 0 1 2 3 0 1 4 9 3 2 6 3 1 0 0 3 1 3 0
15 101053 0 0 1 2 1 0 0 0 1 3 3 0 0 0 1 3 0 0 0 1 0 0 0 0 0 0 1 2 3 0 1 3 9 4 0 6 3 2 0 1 2 1 2 0
15 62855 0 0 1 2 1 0 0 0 1 3 3 0 0 0 1 3 0 0 0 1 0 0 0 0 0 0 1 2 3 1 1 3 7 4 2 6 3 2 0 0 2 1 2 0
15 47166 0 0 1 2 1 0 0 0 1 3 3 0 0 0 1 3 0 0 0 1 0 0 0 0 0 0 1 3 3 0 0 3 9 4 1 6 3 2 0 0 2 1 2 0
15 90407 0 0 1 2 1 0 0 0 1 3 3 0 0 0 1 3 0 0 0 1 0 0 0 0 0 0 1 3 3 1 0 3 7 4 1 6 3 2 0 1 2 1 2 0
15 105956 0 0 1 2 1 0 0 0 1 3 3 0 0 0 1 3 1 0 0 1 1 0 0 0 0 0 1 2 3 0 1 2 7 3 0 5 3 2 1 2 3 1 2 0
15 73517 0 0 1 2 1 0 0 0 1 3 3 0 0 0 1 3 1 0 0 1 2 0 0 1 0 0 1 2 3 1 1 2 5 3 1 3 2 1 1 2 3 2 3 0
15 101057 0 0 1 2 1 0 0 0 1 3 3 0 0 0 1 4 0 0 0 2 0 0 0 0 0 0 1 3 3 1 0 2 7 5 0 6 4 1 0 1 1 1 2 0
15 62861 0 0 1 2 1 0 0 0 1 3 3 0 0 0 1 4 0 0 0 2 0 0 0 0 0 0 1 3 3 1 0 2 7 5 1 6 4 1 0 0 1 1 2 0
15 94585 0 0 1 2 1 0 0 0 1 3 3 0 0 0 2 2 0 0 1 1 0 0 0 0 0 0 1 1 3 1 1 3 7 4 1 6 3 2 0 1 2 1 2 0
15 53601 0 0 1 2 1 0 0 0 1 3 3 0 0 0 2 3 0 0 0 1 0 0 0 0 0 0 1 1 2 1 1 4 7 4 2 6 3 2 0 0 2 1 2 0
15 94589 0 0 1 2 1 0 0 0 1 3 3 0 0 0 2 3 0 0 1 2 0 0 1 0 0 0 1 2 3 2 0 2 5 5 1 4 3 3 0 1 2 1 1 0
15 53607 0 0 1 2 1 0 0 0 1 3 3 0 0 0 2 4 0 0 0 2 0 0 1 0 0 0 1 2 2 1 0 3 7 5 1 4 3 3 0 0 2 1 1 0
15 47179 0 0 1 2 1 0 0 0 1 3 3 0 0 1 2 2 0 0 1 1 0 0 0 0 0 0 0 1 3 1 1 3 7 4 2 6 3 2 0 0 2 1 2 0
15 90418 0 0 1 2 1 0 0 0 1 3 3 0 0 1 2 3 0 0 0 1 0 0 0 0 0 0 0 1 2 1 1 4 7 4 1 6 3 2 0 1 2 1 2 0
15 62873 0 0 1 2 1 0 0 0 1 3 3 0 0 1 2 3 0 0 1 2 0 0 1 0 0 0 0 1 3 2 1 2 5 5 2 4 3 3 0 0 2 1 1 0
15 101068 0 0 1 2 1 0 0 0 1 3 3 0 0 1 2 4 0 0 0 2 0 0 1 0 0 0 0 1 2 1 1 3 7 5 0 4 3 3 0 1 2 1 1 0
15 105969 0 0 1 2 1 0 0 0 1 3 3 0 0 1 2 4 1 0 0 2 1 0 1 1 0 0 0 1 2 1 1 2 5 4 0 3 2 2 1 2 3 1 2 0
15 94600 0 0 1 2 1 0 0 0 1 3 3 0 0 1 3 3 0 0 1 2 0 0 0 0 0 0 0 0 2 2 1 3 5 5 1 6 4 1 0 1 1 1 2 0
15 53620 0 0 1 2 1 0 0 0 1 3 3 0 0 1 3 3 0 0 1 2 0 0 0 0 0 0 0 0 2 2 1 3 5 5 2 6 4 1 0 0 1 1 2 0
15 112511 0 0 1 2 1 0 0 0 1 3 3 1 0 0 1 3 2 0 0 1 1 0 0 0 0 0 1 2 2 0 1 2 6 4 0 5 4 1 1 2 2 1 2 0
15 82245 0 0 1 2 1 0 0 0 1 3 3 1 0 0 1 3 2 0 0 1 2 0 0 1 0 0 1 2 2 1 1 2 4 4 1 3 3 0 1 2 2 2 3 0
15 111172 0 0 1 2 1 0 0 0 1 3 3 1 0 0 2 3 1 0 1 2 1 0 0 0 0 0 1 1 2 1 1 2 6 5 0 5 4 2 0 1 1 1 1 0
15 111176 0 0 1 2 1 0 0 0 1 3 3 1 0 0 2 4 1 0 1 3 1 0 1 1 0 0 1 2 2 2 0 1 4 6 0 3 3 2 0 1 1 1 1 0
15 78025 0 0 1 2 1 0 0 0 1 3 3 1 0 0 2 4 2 0 0 1 1 0 0 0 0 0 1 1 1 1 1 3 5 5 2 5 4 2 0 0 1 1 1 0
15 78030 0 0 1 2 1 0 0 0 1 3 3 1 0 0 2 5 2 0 0 2 1 0 1 1 0 0 1 2 1 1 0 2 5 6 1 3 3 2 0 0 1 1 1 0
15 112524 0 0 1 2 1 0 0 0 1 3 3 1 0 1 2 4 2 0 0 2 2 0 0 1 0 0 0 1 1 1 1 2 4 4 0 4 3 1 1 2 2 1 2 0
15 47192 0 0 1 2 1 0 0 0 1 3 3 1 0 1 3 3 1 0 1 2 1 0 0 0 0 0 0 1 2 1 0 2 6 5 1 5 4 2 0 0 1 1 1 0
15 62885 0 0 1 2 1 0 0 0 1 3 3 1 0 1 3 4 1 0 1 3 1 0 1 1 0 0 0 1 2 2 0 1 4 6 1 3 3 2 0 0 1 1 1 0
15 111185 0 0 1 2 1 0 0 0 1 3 3 1 0 1 3 4 1 0 1 3 2 0 0 0 0 0 0 0 1 2 1 2 4 5 0 4 5 1 0 1 1 1 1 0
15 90429 0 0 1 2 1 0 0 0 1 3 3 1 0 1 3 4 2 0 0 1 1 0 0 0 0 0 0 1 1 1 0 3 5 5 1 5 4 2 0 1 1 1 1 0
15 78041 0 0 1 2 1 0 0 0 1 3 3 1 0 1 3 4 2 0 1 2 2 0 0 0 0 0 0 0 1 2 1 2 3 5 2 4 5 1 0 0 1 1 1 0
15 101077 0 0 1 2 1 0 0 0 1 3 3 1 0 1 3 5 2 0 0 2 1 0 1 1 0 0 0 1 1 1 0 2 5 6 0 3 3 2 0 1 1 1 1 0
15 53633 0 0 1 2 1 0 0 0 1 3 3 1 0 1 4 4 1 0 1 3 2 0 0 0 0 0 0 0 1 2 0 2 4 5 1 4 5 1 0 0 1 1 1 0
15 94611 0 0 1 2 1 0 0 0 1 3 3 1 0 1 4 4 2 0 1 2 2 0 0 0 0 0 0 0 1 2 0 2 3 5 1 4 5 1 0 1 1 1 1 0
15 111194 0 0 1 2 1 0 0 0 1 3 3 2 0 1 4 5 3 0 1 3 4 1 0 0 0 0 0 0 0 2 0 1 2 5 0 2 4 1 0 1 1 1 1 0
15 78053 0 0 1 2 1 0 0 0 1 3 3 2 0 1 4 5 3 0 1 3 4 1 0 0 0 0 0 0 0 2 0 1 2 5 1 2 4 1 0 0 1 1 1 0
15 105957 0 0 1 2 1 0 0 0 1 3 4 0 0 0 1 4 2 0 0 1 1 0 0 0 0 0 1 1 3 0 1 2 7 5 0 5 4 2 0 1 1 1 1 0
15 105961 0 0 1 2 1 0 0 0 1 3 4 0 0 0 1 5 2 0 0 2 2 0 0 0 0 0 1 2 3 1 0 1 5 5 0 4 5 1 0 1 1 1 1 0
15 105970 0 0 1 2 1 0 0 0 1 3 4 0 0 1 2 5 2 0 0 2 1 0 1 1 0 0 0 0 2 1 1 2 5 6 0 3 3 2 0 1 1 1 1 0
15 70978 0 0 1 2 1 0 0 0 1 3 4 1 0 0 1 3 2 0 0 1 1 0 0 0 0 0 1 1 2 1 1 3 5 5 2 5 4 2 0 0 1 1 1 0
15 73518 0 0 1 2 1 0 0 0 1 3 4 1 0 0 1 3 2 0 0 1 2 0 0 1 0 0 1 1 2 1 1 3 5 4 1 4 3 1 0 1 2 1 2 0
15 70983 0 0 1 2 1 0 0 0 1 3 4 1 0 0 1 4 2 0 0 2 2 0 0 0 0 0 1 2 2 1 0 2 5 5 1 4 5 1 0 0 1 1 1 0
15 112512 0 0 1 2 1 0 0 0 1 3 4 1 0 0 1 4 3 0 0 1 2 0 0 0 0 0 1 1 2 0 1 2 6 5 0 4 5 1 0 1 1 1 1 0
15 73523 0 0 1 2 1 0 0 0 1 3 4 1 0 0 1 4 3 0 0 1 3 0 0 1 0 0 1 2 2 0 0 2 6 4 0 3 4 0 0 1 2 1 2 0
15 112516 0 0 1 2 1 0 0 0 1 3 4 1 0 0 1 5 3 0 0 2 3 0 0 1 0 0 1 2 2 1 0 1 4 5 0 3 4 1 0 1 1 1 1 0
15 70994 0 0 1 2 1 0 0 0 1 3 4 1 0 1 2 3 2 0 1 2 1 0 1 1 0 0 0 0 2 2 1 2 3 6 2 3 3 2 0 0 1 1 1 0
15 112525 0 0 1 2 1 0 0 0 1 3 4 1 0 1 2 5 3 0 0 2 3 0 0 1 0 0 0 0 1 1 1 2 4 5 0 3 4 1 0 1 1 1 1 0
15 82246 0 0 1 2 1 0 0 0 1 3 4 2 0 0 1 3 3 0 0 1 3 0 0 1 0 0 1 1 1 1 1 3 4 4 1 3 4 0 0 1 2 1 2 0
15 80463 0 0 1 2 1 0 0 0 1 3 4 2 0 0 1 3 4 0 0 0 2 0 0 0 0 0 1 1 1 0 1 3 5 5 2 4 5 1 0 0 1 1 1 0
15 80468 0 0 1 2 1 0 0 0 1 3 4 2 0 0 1 4 4 0 0 1 3 0 0 1 0 0 1 2 1 0 0 2 5 5 1 3 4 1 0 0 1 1 1 0
15 82251 0 0 1 2 1 0 0 0 1 3 4 2 0 0 1 4 4 0 0 1 4 0 0 2 0 0 1 2 1 0 0 2 5 4 0 2 3 0 0 1 2 1 2 0
15 80479 0 0 1 2 1 0 0 0 1 3 4 2 0 1 2 3 4 0 1 1 3 0 0 1 0 0 0 0 1 1 1 2 3 5 2 3 4 1 0 0 1 1 1 0
15 29475 0 0 1 2 1 0 0 0 1 4 3 0 0 0 1 3 1 0 0 1 1 0 0 0 0 0 0 3 3 0 0 3 7 3 1 5 3 2 0 1 3 1 2 0
15 36150 0 0 1 2 1 0 0 0 1 4 3 0 0 0 2 4 1 0 0 2 1 0 1 1 0 0 0 2 2 1 0 3 5 4 1 3 2 2 0 1 3 1 2 0
15 29487 0 0 1 2 1 0 0 0 1 4 3 1 0 0 2 3 2 0 0 1 1 0 0 0 0 0 0 2 2 0 0 3 6 4 1 5 4 1 0 1 2 1 2 0
15 36162 0 0 1 2 1 0 0 0 1 4 3 1 0 0 3 4 2 0 0 2 2 0 0 1 0 0 0 1 1 1 0 3 4 4 1 4 3 1 0 1 2 1 2 0
15 47216 0 0 1 2 1 0 0 0 1 4 4 0 0 0 1 4 2 0 0 1 1 0 0 0 0 0 0 2 3 0 0 2 7 5 1 5 4 2 0 0 1 1 1 0
15 62897 0 0 1 2 1 0 0 0 1 4 4 0 0 0 1 5 2 0 0 2 2 0 0 0 0 0 0 2 3 1 0 1 5 5 1 4 5 1 0 0 1 1 1 0
15 53657 0 0 1 2 1 0 0 0 1 4 4 0 0 0 2 5 2 0 0 2 1 0 1 1 0 0 0 1 2 1 0 2 5 6 1 3 3 2 0 0 1 1 1 0
15 90451 0 0 1 2 1 0 0 0 1 4 4 1 0 0 1 3 2 0 0 1 1 0 0 0 0 0 0 2 2 1 0 3 5 5 1 5 4 2 0 1 1 1 1 0
15 101087 0 0 1 2 1 0 0 0 1 4 4 1 0 0 1 4 2 0 0 2 2 0 0 0 0 0 0 2 2 1 0 2 5 5 0 4 5 1 0 1 1 1 1 0
15 94633 0 0 1 2 1 0 0 0 1 4 4 1 0 0 2 3 2 0 1 2 1 0 1 1 0 0 0 1 2 2 0 2 3 6 1 3 3 2 0 1 1 1 1 0
15 47228 0 0 1 2 1 0 0 0 1 4 4 1 0 0 2 4 3 0 0 1 2 0 0 0 0 0 0 1 2 0 0 2 6 5 1 4 5 1 0 0 1 1 1 0
15 62909 0 0 1 2 1 0 0 0 1 4 4 1 0 0 2 5 3 0 0 2 3 0 0 1 0 0 0 1 2 1 0 1 4 5 1 3 4 1 0 0 1 1 1 0
15 53669 0 0 1 2 1 0 0 0 1 4 4 1 0 0 3 5 3 0 0 2 3 0 0 1 0 0 0 0 1 1 0 2 4 5 1 3 4 1 0 0 1 1 1 0
15 90461 0 0 1 2 1 0 0 0 1 4 4 2 0 0 2 3 4 0 0 0 2 0 0 0 0 0 0 1 1 0 0 3 5 5 1 4 5 1 0 1 1 1 1 0
15 101097 0 0 1 2 1 0 0 0 1 4 4 2 0 0 2 4 4 0 0 1 3 0 0 1 0 0 0 1 1 0 0 2 5 5 0 3 4 1 0 1 1 1 1 0
15 94643 0 0 1 2 1 0 0 0 1 4 4 2 0 0 3 3 4 0 1 1 3 0 0 1 0 0 0 0 1 1 0 2 3 5 1 3 4 1 0 1 1 1 1 0
15 105979 0 0 1 2 1 0 0 0 1 4 5 1 0 0 1 5 4 0 0 2 4 1 0 0 0 0 0 1 2 1 0 1 3 5 0 2 4 1 0 1 1 1 1 0
15 71006 0 0 1 2 1 0 0 0 1 4 5 1 0 0 1 5 4 0 0 2 4 1 0 0 0 0 0 1 2 1 0 1 3 5 1 2 4 1 0 0 1 1 1 0
15 136736 0 0 1 2 1 1 0 0 1 3 1 2 0 0 2 1 1 0 1 2 0 0 1 0 0 0 1 2 2 2 1 2 3 5 1 4 3 3 1 2 2 1 1 0
15 29461 0 0 1 2 1 1 0 0 1 3 1 2 0 1 3 1 1 0 2 2 0 0 1 0 0 0 0 2 2 2 0 2 3 5 2 4 3 3 0 1 2 1 1 0
15 136740 0 0 1 2 1 1 0 0 1 3 1 2 0 1 3 2 2 0 1 2 1 0 1 0 0 0 0 1 1 2 1 2 2 5 1 3 4 2 1 2 2 1 1 0
15 36136 0 0 1 2 1 1 0 0 1 3 1 2 0 1 4 2 2 0 2 2 1 0 1 0 0 0 0 1 1 2 0 2 2 5 2 3 4 2 0 1 2 1 1 0
15 137825 0 0 1 2 1 1 0 0 1 3 2 2 0 0 1 2 2 0 0 2 1 0 1 0 0 0 1 2 2 1 1 2 4 5 0 3 4 2 1 2 2 1 1 0
15 136737 0 0 1 2 1 1 0 0 1 3 2 2 0 0 2 2 1 0 1 3 1 0 1 1 0 0 1 1 2 2 1 2 4 6 0 3 3 2 0 1 1 1 1 0
15 137829 0 0 1 2 1 1 0 0 1 3 2 2 0 1 2 3 3 0 0 2 2 0 1 1 0 0 0 1 1 1 1 2 3 5 0 2 3 2 1 2 2 1 1 0
15 47202 0 0 1 2 1 1 0 0 1 3 2 2 0 1 3 2 1 0 2 3 1 0 1 1 0 0 0 1 2 2 0 1 4 6 1 3 3 2 0 0 1 1 1 0
15 136741 0 0 1 2 1 1 0 0 1 3 2 2 0 1 3 3 2 0 1 3 2 0 1 1 0 0 0 0 1 2 1 2 3 6 0 2 4 1 0 1 1 1 1 0
15 53643 0 0 1 2 1 1 0 0 1 3 2 2 0 1 4 3 2 0 2 3 2 0 1 1 0 0 0 0 1 2 0 1 3 6 1 2 4 1 0 0 1 1 1 0
15 137826 0 0 1 2 1 1 0 0 1 3 3 2 0 0 1 3 3 0 0 2 2 0 1 1 0 0 1 1 2 1 1 2 4 6 0 2 4 1 0 1 1 1 1 0
15 137830 0 0 1 2 1 1 0 0 1 3 3 2 0 1 2 4 4 0 0 2 3 0 1 2 0 0 0 0 1 1 1 2 3 6 0 1 3 1 0 1 1 1 1 0
15 29497 0 0 1 2 1 1 0 0 1 4 2 2 0 0 2 2 2 0 1 2 1 0 1 0 0 0 0 2 2 1 0 2 4 5 1 3 4 2 0 1 2 1 1 0
15 36172 0 0 1 2 1 1 0 0 1 4 2 2 0 0 3 3 3 0 1 2 2 0 1 1 0 0 0 1 1 1 0 2 3 5 1 2 3 2 0 1 2 1 1 0
15 47238 0 0 1 2 1 1 0 0 1 4 3 2 0 0 2 3 3 0 1 2 2 0 1 1 0 0 0 1 2 1 0 1 4 6 1 2 4 1 0 0 1 1 1 0
15 53679 0 0 1 2 1 1 0 0 1 4 3 2 0 0 3 4 4 0 1 2 3 0 1 2 0 0 0 0 1 1 0 1 3 6 1 1 3 1 0 0 1 1 1 0
15 90403 0 0 1 2 2 0 0 0 1 2 4 0 0 0 0 2 0 0 0 0 0 0 0 0 0 0 1 2 4 0 1 3 10 4 1 6 4 0 0 0 2 1 3 0
15 101054 0 0 1 2 2 0 0 0 1 2 4 0 0 0 0 3 0 0 0 1 0 0 0 0 0 0 1 2 4 1 1 2 8 5 1 6 4 1 0 0 1 1 2 0
15 90408 0 0 1 2 2 0 0 0 1 2 4 0 0 0 0 3 0 0 0 1 0 0 0 0 0 0 1 3 4 1 0 2 8 5 1 6 4 1 0 0 1 1 2 0
15 107580 0 0 1 2 2 0 0 0 1 2 4 0 0 0 0 3 1 0 0 1 2 0 0 1 0 0 1 2 4 1 1 1 6 3 0 4 2 2 1 2 3 1 2 0
15 101058 0 0 1 2 2 0 0 0 1 2 4 0 0 0 0 4 0 0 0 2 0 0 0 0 0 0 1 3 4 2 0 1 6 6 1 6 5 0 0 0 0 1 2 0
15 94586 0 0 1 2 2 0 0 0 1 2 4 0 0 0 1 3 0 0 0 1 0 0 0 0 0 0 1 1 3 1 1 3 8 5 1 6 4 1 0 0 1 1 2 0
15 94590 0 0 1 2 2 0 0 0 1 2 4 0 0 0 1 4 0 0 0 2 0 0 1 0 0 0 1 2 3 2 0 2 6 6 1 4 4 2 0 0 1 1 1 0
15 90419 0 0 1 2 2 0 0 0 1 2 4 0 0 1 1 3 0 0 0 1 0 0 0 0 0 0 0 1 3 1 1 3 8 5 1 6 4 1 0 0 1 1 2 0
15 101069 0 0 1 2 2 0 0 0 1 2 4 0 0 1 1 4 0 0 0 2 0 0 1 0 0 0 0 1 3 2 1 2 6 6 1 4 4 2 0 0 1 1 1 0
15 94601 0 0 1 2 2 0 0 0 1 2 4 0 0 1 2 4 0 0 0 2 0 0 0 0 0 0 0 0 2 2 1 3 6 6 1 6 5 0 0 0 0 1 2 0
15 113592 0 0 1 2 2 0 0 0 1 2 4 1 0 0 0 3 2 0 0 1 2 0 0 1 0 0 1 2 3 1 1 1 5 4 0 4 3 1 1 2 2 1 2 0
15 111173 0 0 1 2 2 0 0 0 1 2 4 1 0 0 1 4 2 0 0 1 1 0 0 0 0 0 1 1 2 1 1 2 6 6 1 5 5 1 0 0 0 1 1 0
15 111177 0 0 1 2 2 0 0 0 1 2 4 1 0 0 1 5 2 0 0 2 1 0 1 1 0 0 1 2 2 2 0 1 4 7 1 3 4 1 0 0 0 1 1 0
15 90430 0 0 1 2 2 0 0 0 1 2 4 1 0 1 2 4 2 0 0 1 1 0 0 0 0 0 0 1 2 1 0 2 6 6 1 5 5 1 0 0 0 1 1 0
15 101078 0 0 1 2 2 0 0 0 1 2 4 1 0 1 2 5 2 0 0 2 1 0 1 1 0 0 0 1 2 2 0 1 4 7 1 3 4 1 0 0 0 1 1 0
15 111186 0 0 1 2 2 0 0 0 1 2 4 1 0 1 2 5 2 0 0 2 2 0 0 0 0 0 0 0 1 2 1 2 4 6 1 4 6 0 0 0 0 1 1 0
15 94612 0 0 1 2 2 0 0 0 1 2 4 1 0 1 3 5 2 0 0 2 2 0 0 0 0 0 0 0 1 2 0 2 4 6 1 4 6 0 0 0 0 1 1 0
15 111195 0 0 1 2 2 0 0 0 1 2 4 2 0 1 3 6 4 0 0 2 4 1 0 0 0 0 0 0 0 2 0 1 2 6 1 2 5 0 0 0 0 1 1 0
15 105958 0 0 1 2 2 0 0 0 1 2 5 1 0 0 0 3 2 0 0 1 1 0 0 0 0 0 1 1 3 1 1 2 6 6 1 5 5 1 0 0 0 1 1 0
15 107581 0 0 1 2 2 0 0 0 1 2 5 1 0 0 0 3 2 0 0 1 2 0 0 1 0 0 1 1 3 1 1 2 6 5 0 4 3 2 0 1 1 1 1 0
15 105962 0 0 1 2 2 0 0 0 1 2 5 1 0 0 0 4 2 0 0 2 2 0 0 0 0 0 1 2 3 2 0 1 4 6 1 4 6 0 0 0 0 1 1 0
15 107585 0 0 1 2 2 0 0 0 1 2 5 1 0 0 0 4 3 0 0 1 3 0 0 1 0 0 1 2 3 1 0 1 5 5 0 3 4 1 0 1 1 1 1 0
15 105971 0 0 1 2 2 0 0 0 1 2 5 1 0 1 1 4 2 0 0 2 1 0 1 1 0 0 0 0 2 2 1 2 4 7 1 3 4 1 0 0 0 1 1 0
15 113593 0 0 1 2 2 0 0 0 1 2 5 2 0 0 0 3 3 0 0 1 3 0 0 1 0 0 1 1 2 1 1 2 5 5 0 3 4 1 0 1 1 1 1 0
15 112513 0 0 1 2 2 0 0 0 1 2 5 2 0 0 0 3 4 0 0 0 2 0 0 0 0 0 1 1 2 0 1 2 6 6 1 4 6 0 0 0 0 1 1 0
15 112517 0 0 1 2 2 0 0 0 1 2 5 2 0 0 0 4 4 0 0 1 3 0 0 1 0 0 1 2 2 1 0 1 4 6 1 3 5 0 0 0 0 1 1 0
15 113597 0 0 1 2 2 0 0 0 1 2 5 2 0 0 0 4 4 0 0 1 4 0 0 2 0 0 1 2 2 1 0 1 4 5 0 2 3 1 0 1 1 1 1 0
15 112526 0 0 1 2 2 0 0 0 1 2 5 2 0 1 1 4 4 0 0 1 3 0 0 1 0 0 0 0 1 1 1 2 4 6 1 3 5 0 0 0 0 1 1 0
15 90452 0 0 1 2 2 0 0 0 1 3 5 1 0 0 0 3 2 0 0 1 1 0 0 0 0 0 0 2 3 1 0 2 6 6 1 5 5 1 0 0 0 1 1 0
15 101088 0 0 1 2 2 0 0 0 1 3 5 1 0 0 0 4 2 0 0 2 2 0 0 0 0 0 0 2 3 2 0 1 4 6 1 4 6 0 0 0 0 1 1 0
15 94634 0 0 1 2 2 0 0 0 1 3 5 1 0 0 1 4 2 0 0 2 1 0 1 1 0 0 0 1 2 2 0 2 4 7 1 3 4 1 0 0 0 1 1 0
15 90462 0 0 1 2 2 0 0 0 1 3 5 2 0 0 1 3 4 0 0 0 2 0 0 0 0 0 0 1 2 0 0 2 6 6 1 4 6 0 0 0 0 1 1 0
15 101098 0 0 1 2 2 0 0 0 1 3 5 2 0 0 1 4 4 0 0 1 3 0 0 1 0 0 0 1 2 1 0 1 4 6 1 3 5 0 0 0 0 1 1 0
15 94644 0 0 1 2 2 0 0 0 1 3 5 2 0 0 2 4 4 0 0 1 3 0 0 1 0 0 0 0 1 1 0 2 4 6 1 3 5 0 0 0 0 1 1 0
15 105980 0 0 1 2 2 0 0 0 1 3 6 2 0 0 0 4 4 0 0 2 4 1 0 0 0 0 0 1 2 2 0 1 2 6 1 2 5 0 0 0 0 1 1 0
15 138374 0 0 1 2 2 1 0 0 1 2 3 2 0 0 0 2 2 0 0 2 2 0 1 1 0 0 1 2 3 2 1 1 3 5 0 2 3 2 1 2 2 1 1 0
15 73519 0 0 1 2 2 1 0 0 1 2 3 2 0 0 1 2 2 0 0 1 2 0 0 1 0 0 1 1 2 2 1 3 4 5 2 4 3 2 0 0 1 1 1 0
15 136738 0 0 1 2 2 1 0 0 1 2 3 2 0 0 1 3 2 0 0 2 2 0 0 1 0 0 1 1 2 2 1 2 4 6 1 4 4 1 0 0 0 1 1 0
15 73524 0 0 1 2 2 1 0 0 1 2 3 2 0 0 1 3 3 0 0 1 3 0 0 1 0 0 1 2 2 1 0 2 5 5 1 3 4 1 0 0 1 1 1 0
15 90439 0 0 1 2 2 1 0 0 1 2 3 2 0 1 2 3 2 0 1 2 2 0 0 1 0 0 0 1 2 2 0 1 4 6 1 4 4 1 0 0 0 1 1 0
15 136742 0 0 1 2 2 1 0 0 1 2 3 2 0 1 2 4 3 0 0 2 3 0 0 1 0 0 0 0 1 2 1 2 3 6 1 3 5 0 0 0 0 1 1 0
15 94621 0 0 1 2 2 1 0 0 1 2 3 2 0 1 3 4 3 0 1 2 3 0 0 1 0 0 0 0 1 2 0 1 3 6 1 3 5 0 0 0 0 1 1 0
15 82247 0 0 1 2 2 1 0 0 1 2 3 3 0 0 1 2 4 0 0 0 3 0 0 1 0 0 1 1 1 1 1 3 4 5 2 3 4 1 0 0 1 1 1 0
15 82252 0 0 1 2 2 1 0 0 1 2 3 3 0 0 1 3 5 0 0 0 4 0 0 2 0 0 1 2 1 0 0 2 5 5 1 2 3 1 0 0 1 1 1 0
15 138375 0 0 1 2 2 1 0 0 1 2 4 3 0 0 0 2 3 0 0 2 3 0 1 2 0 0 1 1 2 2 1 2 3 6 0 1 3 1 0 1 1 1 1 0
15 137827 0 0 1 2 2 1 0 0 1 2 4 3 0 0 0 2 4 0 0 1 3 0 0 1 0 0 1 1 2 1 1 2 4 6 1 3 5 0 0 0 0 1 1 0
15 137831 0 0 1 2 2 1 0 0 1 2 4 3 0 1 1 3 5 0 0 1 4 0 0 2 0 0 0 0 1 1 1 2 3 6 1 2 4 0 0 0 0 1 1 0
15 90471 0 0 1 2 2 1 0 0 1 3 4 3 0 0 1 2 4 0 1 1 3 0 0 1 0 0 0 1 2 1 0 1 4 6 1 3 5 0 0 0 0 1 1 0
15 94653 0 0 1 2 2 1 0 0 1 3 4 3 0 0 2 3 5 0 1 1 4 0 0 2 0 0 0 0 1 1 0 1 3 6 1 2 4 0 0 0 0 1 1 0
15 73533 0 0 1 2 2 2 1 0 1 2 2 2 2 1 3 3 1 1 2 4 3 0 2 4 2 0 0 0 1 2 0 0 1 2 1 1 1 1 0 0 1 1 1 0
15 82261 0 0 1 2 2 2 1 0 1 2 2 3 2 1 3 3 3 2 2 3 4 1 1 3 1 0 0 0 0 1 0 0 1 2 1 1 1 1 0 0 1 1 1 0
15 73545 0 0 1 2 2 2 1 0 1 3 3 2 2 0 2 4 3 2 1 3 4 1 1 3 1 0 0 0 1 1 0 0 1 2 1 1 1 1 0 0 1 1 1 0
15 107582 0 0 1 2 3 1 0 0 1 1 4 2 0 0 0 2 2 0 0 1 2 0 0 1 0 0 1 1 3 2 1 2 5 6 1 4 4 1 0 0 0 1 1 0
15 107586 0 0 1 2 3 1 0 0 1 1 4 2 0 0 0 3 3 0 0 1 3 0 0 1 0 0 1 2 3 2 0 1 4 6 1 3 5 0 0 0 0 1 1 0
15 113594 0 0 1 2 3 1 0 0 1 1 4 3 0 0 0 2 4 0 0 0 3 0 0 1 0 0 1 1 2 1 1 2 5 6 1 3 5 0 0 0 0 1 1 0
15 113598 0 0 1 2 3 1 0 0 1 1 4 3 0 0 0 3 5 0 0 0 4 0 0 2 0 0 1 2 2 1 0 1 4 6 1 2 4 0 0 0 0 1 1 0
15 138376 0 0 1 2 3 2 0 0 1 1 3 4 0 0 0 1 4 0 0 1 4 0 0 2 0 0 1 1 2 2 1 2 3 6 1 2 4 0 0 0 0 1 1 0
14 13731 0 0 1 2 3 2 1 0 0 1 3 3 2 0 1 2 3 2 0 1 4 1 0 3 1 0 0 0 1 1 0 1 2 2 0 1 1 1 0 1 1 0 0 0
15 107593 0 0 1 2 3 2 1 0 1 1 3 2 2 1 2 4 2 1 1 3 4 0 1 4 2 0 0 0 1 2 0 0 1 2 1 2 2 0 0 0 0 1 1 0
15 113605 0 0 1 2 3 2 1 0 1 1 3 3 2 1 2 4 4 2 1 2 5 1 0 3 1 0 0 0 0 1 0 0 1 2 1 2 2 0 0 0 0 1 1 0
15 107605 0 0 1 2 3 2 1 0 1 2 4 3 2 0 1 3 4 2 1 2 5 1 0 3 1 0 0 0 1 1 0 0 1 2 1 2 2 0 0 0 0 1 1 0
14 13744 0 0 1 2 3 3 2 0 0 1 2 3 4 0 1 2 3 6 0 1 2 3 1 2 0 0 0 0 0 0 0 1 1 1 0 0 0 1 0 1 1 0 0 0
15 29533 0 0 1 3 1 0 0 0 0 4 3 0 0 0 1 3 1 0 0 1 2 0 0 1 0 0 0 3 3 1 0 3 5 3 1 3 2 1 0 2 3 2 3 0
15 29545 0 0 1 3 1 0 0 0 0 4 3 1 0 0 2 3 2 0 0 1 2 0 0 1 0 0 0 2 2 1 0 3 4 4 1 3 3 0 0 2 2 2 3 0
15 47274 0 0 1 3 1 0 0 0 0 4 4 1 0 0 1 3 2 0 0 1 2 0 0 1 0 0 0 2 2 1 0 3 5 4 1 4 3 1 0 1 2 1 2 0
15 62931 0 0 1 3 1 0 0 0 0 4 4 1 0 0 1 4 3 0 0 1 3 0 0 1 0 0 0 2 2 0 0 2 6 4 0 3 4 0 0 1 2 1 2 0
15 47286 0 0 1 3 1 0 0 0 0 4 4 2 0 0 2 3 3 0 0 1 3 0 0 1 0 0 0 1 1 1 0 3 4 4 1 3 4 0 0 1 2 1 2 0
15 62943 0 0 1 3 1 0 0 0 0 4 4 2 0 0 2 4 4 0 0 1 4 0 0 2 0 0 0 1 1 0 0 2 5 4 0 2 3 0 0 1 2 1 2 0
15 3556 0 0 1 3 2 0 0 0 0 3 4 0 0 0 0 2 0 0 0 0 0 0 0 0 0 0 0 3 5 2 0 2 7 4 2 6 2 4 0 0 3 0 1 0
15 29535 0 0 1 3 2 0 0 0 0 3 4 0 0 0 0 3 1 0 0 1 2 0 0 1 0 0 0 3 4 1 0 2 6 3 1 4 2 2 0 1 3 1 2 0
15 3560 0 0 1 3 2 0 0 0 0 3 4 0 0 0 1 3 0 0 0 1 0 0 0 0 0 0 0 2 4 2 0 2 7 5 1 6 3 3 0 0 2 0 1 0
15 3579 0 0 1 3 2 0 0 0 0 3 4 0 0 0 1 3 0 0 1 2 0 0 1 0 0 0 0 2 5 3 0 0 5 6 1 4 3 4 0 0 2 0 0 0
15 3605 0 0 1 3 2 0 0 0 0 3 4 0 0 0 2 4 0 0 0 2 0 0 0 0 0 0 0 1 3 2 0 2 7 6 0 6 4 2 0 0 1 0 1 0
15 3640 0 0 1 3 2 0 0 0 0 3 4 0 0 0 2 6 2 0 0 2 2 0 0 0 0 0 0 1 3 2 0 0 5 6 0 4 5 2 0 0 1 0 0 0
15 29547 0 0 1 3 2 0 0 0 0 3 4 1 0 0 1 3 2 0 0 1 2 0 0 1 0 0 0 2 3 1 0 2 5 4 1 4 3 1 0 1 2 1 2 0
15 47276 0 0 1 3 2 0 0 0 0 3 5 1 0 0 0 3 2 0 0 1 2 0 0 1 0 0 0 2 3 1 0 2 6 5 1 4 3 2 0 0 1 1 1 0
15 62933 0 0 1 3 2 0 0 0 0 3 5 1 0 0 0 4 3 0 0 1 3 0 0 1 0 0 0 2 3 1 0 1 5 5 1 3 4 1 0 0 1 1 1 0
15 3628 0 0 1 3 2 0 0 0 0 3 5 1 0 0 1 3 1 0 1 3 1 0 1 1 0 0 0 1 4 3 0 0 4 7 0 3 3 3 0 0 1 0 0 0
15 3655 0 0 1 3 2 0 0 0 0 3 5 1 0 0 1 5 3 0 0 2 3 0 0 1 0 0 0 1 3 2 0 0 4 6 0 3 4 2 0 0 1 0 0 0
15 5416 0 0 1 3 2 0 0 0 0 3 5 2 0 0 0 2 2 0 0 0 0 0 0 0 0 0 0 2 3 2 0 2 5 6 2 6 3 4 0 0 1 0 0 0
15 5420 0 0 1 3 2 0 0 0 0 3 5 2 0 0 1 3 2 0 0 1 1 0 0 0 0 0 0 1 2 2 0 2 5 6 1 5 4 3 0 0 1 0 0 0
15 5439 0 0 1 3 2 0 0 0 0 3 5 2 0 0 1 3 2 0 1 2 1 0 1 1 0 0 0 1 3 3 0 0 3 7 1 3 3 3 0 0 1 0 0 0
15 47288 0 0 1 3 2 0 0 0 0 3 5 2 0 0 1 3 3 0 0 1 3 0 0 1 0 0 0 1 2 1 0 2 5 5 1 3 4 1 0 0 1 1 1 0
15 62945 0 0 1 3 2 0 0 0 0 3 5 2 0 0 1 4 4 0 0 1 4 0 0 2 0 0 0 1 2 1 0 1 4 5 1 2 3 1 0 0 1 1 1 0
15 5465 0 0 1 3 2 0 0 0 0 3 5 2 0 0 2 4 2 0 0 2 2 0 0 0 0 0 0 0 1 2 0 2 5 6 0 4 5 2 0 0 1 0 0 0
15 5488 0 0 1 3 2 0 0 0 0 3 5 2 0 0 2 6 4 0 0 2 4 1 0 0 0 0 0 0 1 2 0 0 3 6 0 2 4 2 0 0 1 0 0 0
15 3767 0 0 1 3 2 0 0 0 0 3 6 2 0 0 0 4 4 0 0 2 4 0 0 2 0 0 0 1 3 2 0 0 3 6 0 2 3 2 0 0 1 0 0 0
15 90505 0 0 1 3 2 1 0 0 0 3 3 2 0 0 1 2 2 0 0 1 2 0 0 1 0 0 0 2 2 2 0 3 4 5 1 4 3 2 0 1 1 1 1 0
15 29557 0 0 1 3 2 1 0 0 0 3 3 2 0 0 1 2 2 0 1 2 2 0 1 1 0 0 0 2 3 2 0 1 3 5 1 2 3 2 0 1 2 1 1 0
15 101117 0 0 1 3 2 1 0 0 0 3 3 2 0 0 1 3 3 0 0 1 3 0 0 1 0 0 0 2 2 1 0 2 5 5 0 3 4 1 0 1 1 1 1 0
15 90515 0 0 1 3 2 1 0 0 0 3 3 3 0 0 2 2 4 0 0 0 3 0 0 1 0 0 0 1 1 1 0 3 4 5 1 3 4 1 0 1 1 1 1 0
15 101127 0 0 1 3 2 1 0 0 0 3 3 3 0 0 2 3 5 0 0 0 4 0 0 2 0 0 0 1 1 0 0 2 5 5 0 2 3 1 0 1 1 1 1 0
15 8386 0 0 1 3 2 1 0 0 0 3 4 3 0 0 0 2 3 0 0 0 1 0 0 0 0 0 0 2 2 2 0 2 4 6 2 5 4 3 0 0 1 0 0 0
15 47298 0 0 1 3 2 1 0 0 0 3 4 3 0 0 1 2 3 0 1 2 3 0 1 2 0 0 0 1 2 2 0 1 3 6 1 1 3 1 0 0 1 1 1 0
15 8542 0 0 1 3 2 1 0 0 0 3 4 3 0 0 1 3 3 0 0 1 2 0 0 1 0 0 0 1 1 2 0 2 4 6 1 4 3 3 0 0 1 0 0 0
15 8399 0 0 1 3 2 1 0 0 0 3 4 3 0 0 1 3 4 0 0 0 2 0 0 0 0 0 0 1 1 1 0 2 5 6 1 4 5 2 0 0 1 0 0 0
15 8464 0 0 1 3 2 1 0 0 0 3 4 3 0 0 1 3 4 0 1 1 3 0 0 1 0 0 0 1 2 2 0 0 3 6 1 3 4 2 0 0 1 0 0 0
15 8555 0 0 1 3 2 1 0 0 0 3 4 3 0 0 2 4 4 0 0 1 3 0 0 1 0 0 0 0 0 1 0 2 5 6 0 3 4 2 0 0 1 0 0 0
15 136748 0 0 1 3 2 2 1 0 0 3 2 2 2 0 2 3 1 1 1 4 3 0 2 4 2 0 0 1 1 2 0 1 1 2 0 1 1 1 0 1 1 1 1 0
15 136754 0 0 1 3 2 2 1 0 0 3 2 3 2 0 3 3 3 2 1 3 4 1 1 3 1 0 0 0 0 1 0 1 1 2 0 1 1 1 0 1 1 1 1 0
15 137837 0 0 1 3 2 2 1 0 0 3 3 2 2 0 1 4 3 2 0 3 4 1 1 3 1 0 0 1 1 1 0 1 1 2 0 1 1 1 0 1 1 1 1 0
15 90506 0 0 1 3 3 1 0 0 0 2 4 2 0 0 0 2 2 0 0 1 2 0 0 1 0 0 0 2 3 2 0 2 5 6 1 4 4 1 0 0 0 1 1 0
15 101118 0 0 1 3 3 1 0 0 0 2 4 2 0 0 0 3 3 0 0 1 3 0 0 1 0 0 0 2 3 2 0 1 4 6 1 3 5 0 0 0 0 1 1 0
15 9323 0 0 1 3 3 1 0 0 0 2 4 3 0 0 0 1 3 0 0 0 1 0 0 0 0 0 0 2 3 2 0 2 4 6 2 5 4 3 0 0 1 0 0 0
15 9401 0 0 1 3 3 1 0 0 0 2 4 3 0 0 1 2 3 0 0 1 2 0 0 1 0 0 0 1 2 2 0 2 4 6 1 4 3 3 0 0 1 0 0 0
15 9336 0 0 1 3 3 1 0 0 0 2 4 3 0 0 1 2 4 0 0 0 2 0 0 0 0 0 0 1 2 1 0 2 5 6 1 4 5 2 0 0 1 0 0 0
15 90516 0 0 1 3 3 1 0 0 0 2 4 3 0 0 1 2 4 0 0 0 3 0 0 1 0 0 0 1 2 1 0 2 5 6 1 3 5 0 0 0 0 1 1 0
15 9362 0 0 1 3 3 1 0 0 0 2 4 3 0 0 1 2 4 0 1 1 3 0 0 1 0 0 0 1 3 2 0 0 3 6 1 3 4 2 0 0 1 0 0 0
15 101128 0 0 1 3 3 1 0 0 0 2 4 3 0 0 1 3 5 0 0 0 4 0 0 2 0 0 0 1 2 1 0 1 4 6 1 2 4 0 0 0 0 1 1 0
15 9414 0 0 1 3 3 1 0 0 0 2 4 3 0 0 2 3 4 0 0 1 3 0 0 1 0 0 0 0 1 1 0 2 5 6 0 3 4 2 0 0 1 0 0 0
15 16350 0 0 1 3 3 2 0 0 0 2 3 4 0 0 0 1 4 0 0 0 2 0 0 0 0 0 0 2 2 2 0 2 3 6 2 4 5 2 0 0 1 0 0 0
15 90525 0 0 1 3 3 2 0 0 0 2 3 4 0 0 1 1 4 0 1 1 4 0 0 2 0 0 0 1 2 2 0 1 3 6 1 2 4 0 0 0 0 1 1 0
15 16354 0 0 1 3 3 2 0 0 0 2 3 4 0 0 1 2 5 0 0 0 3 0 0 1 0 0 0 1 1 1 0 2 4 6 1 3 4 2 0 0 1 0 0 0
15 16375 0 0 1 3 3 2 0 0 0 2 3 4 0 0 2 3 6 0 0 0 4 0 0 2 0 0 0 0 0 0 0 2 5 6 0 2 3 2 0 0 1 0 0 0
15 136749 0 0 1 3 3 2 1 0 0 2 3 2 2 0 1 4 2 1 0 3 4 0 1 4 2 0 0 1 1 2 0 1 1 2 1 2 2 0 0 0 0 1 1 0
15 136755 0 0 1 3 3 2 1 0 0 2 3 3 2 0 2 4 4 2 0 2 5 1 0 3 1 0 0 0 0 1 0 1 1 2 1 2 2 0 0 0 0 1 1 0
15 137838 0 0 1 3 3 2 1 0 0 2 4 3 2 0 0 3 4 2 0 2 5 1 0 3 1 0 0 1 1 1 0 1 1 2 1 2 2 0 0 0 0 1 1 0
15 8620 0 0 1 3 3 2 1 0 0 2 4 3 2 0 1 3 2 1 1 3 3 0 2 4 2 0 0 0 1 2 0 0 2 3 0 1 1 2 0 0 1 0 0 0
15 8672 0 0 1 3 3 2 1 0 0 2 4 3 2 0 1 5 4 2 0 2 4 1 1 3 1 0 0 0 0 1 0 0 2 3 0 1 1 2 0 0 1 0 0 0
15 9479 0 0 1 3 4 2 1 0 0 1 4 3 2 0 1 2 2 1 1 3 3 0 2 4 2 0 0 0 2 2 0 0 2 3 0 1 1 2 0 0 1 0 0 0
15 9531 0 0 1 3 4 2 1 0 0 1 4 3 2 0 1 4 4 2 0 2 4 1 1 3 1 0 0 0 1 1 0 0 2 3 0 1 1 2 0 0 1 0 0 0
15 16392 0 0 1 3 4 3 1 0 0 1 3 4 2 0 1 2 4 2 1 2 4 1 1 3 1 0 0 0 1 1 0 0 2 3 0 1 1 2 0 0 1 0 0 0
15 138378 0 0 1 3 4 4 2 0 0 1 2 4 4 0 1 2 4 6 1 2 4 4 0 0 0 0 0 0 0 0 0 0 0 0 1 2 2 0 0 0 0 1 1 0
15 16476 0 0 1 3 5 4 2 0 0 0 3 4 4 0 0 3 4 6 0 2 2 3 2 2 0 0 0 0 0 0 0 0 1 2 0 0 0 2 0 0 1 0 0 0
16 157696 0 0 2 0 0 0 0 0 4 0 0 0 0 2 0 0 0 0 0 0 0 0 0 0 0 0 4 4 0 0 4 8 0 0 4 0 0 0 2 8 6 8 6 2
16 157697 0 0 2 0 0 0 0 0 4 1 0 0 0 2 1 0 0 0 0 0 0 0 0 0 0 0 3 4 0 0 3 9 2 0 4 2 0 0 1 6 6 6 7 1
16 157700 0 0 2 0 0 0 0 0 4 1 0 0 0 2 2 0 0 0 1 0 0 0 0 0 0 0 3 3 1 0 3 7 3 0 4 3 0 1 1 5 6 5 6 1
16 157706 0 0 2 0 0 0 0 0 4 2 0 0 0 2 2 0 0 0 0 0 0 0 0 0 0 0 2 4 0 0 2 10 4 0 4 4 0 0 0 4 6 4 8 0
16 157853 0 0 2 0 0 0 0 0 4 2 0 0 0 2 2 0 0 0 0 0 0 0 0 0 0 0 2 4 0 0 2 10 4 0 4 4 1 0 0 4 6 4 6 1
16 157844 0 0 2 0 0 0 0 0 4 2 0 0 0 2 2 1 0 0 0 0 0 0 0 0 0 0 2 4 0 0 2 8 4 0 4 4 0 0 1 4 6 4 8 0
16 157709 0 0 2 0 0 0 0 0 4 2 0 0 0 2 3 0 0 0 1 0 0 0 0 0 0 0 2 3 1 0 2 8 5 0 4 5 0 1 0 3 6 3 7 0
16 157863 0 0 2 0 0 0 0 0 4 2 0 0 0 2 3 0 0 0 1 0 0 0 0 0 0 0 2 3 1 0 2 8 5 1 4 4 1 1 0 3 5 4 5 1
16 157847 0 0 2 0 0 0 0 0 4 2 0 0 0 2 3 1 0 0 1 1 0 0 0 0 0 0 2 3 1 0 2 6 4 0 3 5 0 1 1 4 6 3 7 0
16 158795 0 0 2 0 0 0 0 0 4 2 0 0 0 2 4 0 0 0 2 0 0 0 0 0 0 0 2 2 2 0 2 6 6 2 4 4 2 0 0 2 4 4 5 1
16 158780 0 0 2 0 0 0 0 0 4 2 0 0 0 2 4 1 0 0 2 2 0 0 1 0 0 0 2 2 2 0 2 4 4 0 2 4 0 2 1 4 7 2 6 0
16 157719 0 0 2 0 0 0 0 0 4 2 1 0 0 2 3 2 0 0 1 1 0 0 0 0 0 0 2 2 1 0 2 6 6 1 3 6 1 1 0 2 5 2 6 0
16 157735 0 0 2 0 0 0 0 0 4 2 2 0 0 2 2 4 0 0 0 2 0 0 0 0 0 0 2 2 0 0 2 6 6 2 2 6 2 0 0 2 4 2 6 0
16 157854 0 0 2 0 0 0 0 0 4 3 0 0 0 2 3 1 0 0 0 0 0 0 0 0 0 0 1 4 0 0 1 9 6 0 4 6 1 0 0 2 6 2 7 0
16 157864 0 0 2 0 0 0 0 0 4 3 0 0 0 2 4 1 0 0 1 0 0 0 0 0 0 0 1 3 1 0 1 7 7 1 4 6 1 1 0 1 5 2 6 0
16 157857 0 0 2 0 0 0 0 0 4 3 0 0 0 2 4 1 0 0 1 1 0 0 0 0 0 0 1 3 1 0 1 7 6 0 3 7 1 1 0 2 6 1 6 0
16 158786 0 0 2 0 0 0 0 0 4 3 0 0 0 2 4 1 0 0 1 1 0 0 0 0 0 0 1 3 1 0 1 7 6 1 3 6 1 1 0 2 5 2 6 0
16 158796 0 0 2 0 0 0 0 0 4 3 0 0 0 2 5 1 0 0 2 1 0 0 0 0 0 0 1 2 2 0 1 5 7 2 3 6 2 0 0 1 4 2 6 0
16 158789 0 0 2 0 0 0 0 0 4 3 0 0 0 2 5 1 0 0 2 2 0 0 1 0 0 0 1 2 2 0 1 5 6 1 2 5 1 2 0 2 6 1 5 0
16 157883 0 0 2 0 0 0 0 0 4 3 1 0 0 2 4 3 0 0 1 2 1 0 0 0 0 0 1 2 1 0 1 5 7 1 2 6 2 1 0 1 5 1 5 0
16 157871 0 0 2 0 0 0 0 0 4 3 1 0 0 2 4 3 1 0 1 1 0 0 0 0 0 0 1 2 1 0 1 5 6 2 3 7 2 1 0 1 4 1 5 0
16 158815 0 0 2 0 0 0 0 0 4 3 1 0 0 2 5 3 0 0 2 3 1 0 1 1 0 0 1 1 2 0 1 3 7 2 1 4 1 1 0 1 5 1 5 0
16 158803 0 0 2 0 0 0 0 0 4 3 1 0 0 2 5 3 1 0 2 2 1 0 0 0 0 0 1 1 2 0 1 3 6 2 2 6 3 0 0 1 4 1 5 0
16 157889 0 0 2 0 0 0 0 0 4 3 2 0 0 2 3 5 1 0 0 2 1 0 0 0 0 0 1 2 0 0 1 5 6 2 2 6 3 0 0 1 4 1 5 0
16 158821 0 0 2 0 0 0 0 0 4 3 2 0 0 2 4 5 1 0 1 3 2 0 0 1 0 0 1 1 1 0 1 3 6 2 1 5 2 0 0 1 4 1 5 0
16 159965 0 0 2 0 0 0 0 0 4 4 0 0 0 2 4 2 0 0 0 0 0 0 0 0 0 0 0 4 0 0 0 8 8 0 4 8 2 0 0 0 6 0 6 0
16 159968 0 0 2 0 0 0 0 0 4 4 0 0 0 2 5 2 0 0 1 1 0 0 0 0 0 0 0 3 1 0 0 6 8 1 3 8 2 1 0 0 5 0 5 0
16 160729 0 0 2 0 0 0 0 0 4 4 0 0 0 2 6 2 0 0 2 2 0 0 0 0 0 0 0 2 2 0 0 4 8 2 2 8 3 0 0 0 4 0 5 0
16 160723 0 0 2 0 0 0 0 0 4 4 0 0 0 2 6 2 0 0 2 2 0 0 1 0 0 0 0 2 2 0 0 4 8 2 2 6 2 2 0 0 5 0 4 0
16 159978 0 0 2 0 0 0 0 0 4 4 1 0 0 2 5 4 1 0 1 2 1 0 0 0 0 0 0 2 1 0 0 4 7 2 2 7 3 1 0 0 4 0 4 0
16 160747 0 0 2 0 0 0 0 0 4 4 1 0 0 2 6 4 1 0 2 3 1 0 1 1 0 0 0 1 2 0 0 2 7 3 1 5 2 1 0 0 4 0 4 0
16 160735 0 0 2 0 0 0 0 0 4 4 1 0 0 2 6 4 1 0 2 3 2 0 0 0 0 0 0 1 2 0 0 2 7 2 1 6 4 0 0 0 4 0 4 0
16 159994 0 0 2 0 0 0 0 0 4 4 2 0 0 2 4 6 2 0 0 2 2 0 0 0 0 0 0 2 0 0 0 4 6 2 2 6 4 0 0 0 4 0 4 0
16 160753 0 0 2 0 0 0 0 0 4 4 2 0 0 2 5 6 2 0 1 3 3 0 0 1 0 0 0 1 1 0 0 2 6 2 1 5 3 0 0 0 4 0 4 0
16 162529 0 0 2 0 0 0 0 0 4 4 2 0 0 2 6 6 2 0 2 4 4 1 0 0 0 0 0 0 2 0 0 0 6 2 0 4 3 0 0 0 4 0 4 0
14 152272 0 0 2 0 2 0 0 0 2 0 4 0 0 0 0 2 0 0 0 0 0 0 0 0 0 0 2 0 4 0 2 2 8 4 2 4 4 0 0 0 2 0 2 0
14 151716 0 0 2 0 2 0 0 0 2 0 4 0 0 0 0 2 0 0 0 0 0 0 0 0 0 0 2 0 4 0 2 2 8 4 2 4 4 0 0 0 2 0 2 1
14 152820 0 0 2 0 2 0 0 0 2 0 4 0 0 0 0 3 0 0 0 1 0 0 0 0 0 0 2 0 3 1 2 2 6 5 2 4 4 1 0 0 1 0 1 0
14 151718 0 0 2 0 2 0 0 0 2 0 4 0 0 0 0 3 0 0 0 1 0 0 0 0 0 0 2 1 3 1 1 2 6 5 2 4 4 1 0 0 1 0 1 1
14 153669 0 0 2 0 2 0 0 0 2 0 4 0 0 0 0 4 0 0 0 2 0 0 0 0 0 0 2 2 2 2 0 2 4 6 2 4 5 0 0 0 0 0 1 1
14 151722 0 0 2 0 2 0 0 0 2 0 4 0 0 1 0 3 0 0 0 1 0 0 0 0 0 0 1 0 3 1 2 2 6 5 2 4 4 1 0 0 1 0 1 1
14 152273 0 0 2 0 2 0 0 0 2 0 4 0 0 1 0 3 0 0 0 1 0 0 0 0 0 0 1 1 3 1 1 2 6 5 2 4 4 1 0 0 1 0 1 0
14 152825 0 0 2 0 2 0 0 0 2 0 4 0 0 1 0 4 0 0 0 2 0 0 0 0 0 0 1 1 2 2 1 2 4 6 2 4 5 0 0 0 0 0 1 0
14 152821 0 0 2 0 2 0 0 0 2 0 4 0 0 1 0 4 0 0 0 2 0 0 1 0 0 0 1 1 2 2 1 2 4 6 2 2 4 2 0 0 1 0 0 0
14 152473 0 0 2 0 2 0 0 0 2 0 4 0 0 1 0 4 0 0 0 2 0 0 1 0 0 0 1 1 2 2 1 2 4 6 2 2 4 2 0 0 1 0 0 1
14 152477 0 0 2 0 2 0 0 0 2 0 4 0 0 2 0 4 0 0 0 2 0 0 0 0 0 0 0 0 2 2 2 2 4 6 2 4 5 0 0 0 0 0 1 1
14 154520 0 0 2 0 2 0 0 0 2 0 4 1 0 0 0 3 2 0 0 1 1 0 0 0 0 0 2 0 2 1 2 2 4 6 2 3 5 1 0 0 0 0 0 0
14 154523 0 0 2 0 2 0 0 0 2 0 4 1 0 1 0 4 2 0 0 2 1 0 1 1 0 0 1 1 1 2 1 2 2 7 2 1 4 1 0 0 0 0 0 0
14 154521 0 0 2 0 2 0 0 0 2 0 4 1 0 1 0 4 2 0 0 2 2 0 0 0 0 0 1 1 1 2 1 2 2 6 2 2 6 0 0 0 0 0 0 0
14 151726 0 0 2 0 2 0 0 0 2 0 4 1 0 1 1 3 2 0 0 1 1 0 0 0 0 0 1 0 2 1 1 2 4 6 2 3 5 1 0 0 0 0 0 1
14 153675 0 0 2 0 2 0 0 0 2 0 4 1 0 1 1 4 2 0 0 2 1 0 1 1 0 0 1 1 1 2 0 2 2 7 2 1 4 1 0 0 0 0 0 1
14 152481 0 0 2 0 2 0 0 0 2 0 4 1 0 2 1 4 2 0 0 2 2 0 0 0 0 0 0 0 1 2 1 2 2 6 2 2 6 0 0 0 0 0 0 1
14 155483 0 0 2 0 2 0 0 0 2 0 4 2 0 0 0 2 4 0 0 0 2 0 0 0 0 0 2 0 2 0 2 2 4 6 2 2 6 0 0 0 0 0 0 0
14 155484 0 0 2 0 2 0 0 0 2 0 4 2 0 1 0 3 4 0 0 1 3 0 0 1 0 0 1 1 1 1 1 2 2 6 2 1 5 0 0 0 0 0 0 0
14 155278 0 0 2 0 2 0 0 0 2 0 4 2 0 2 2 4 4 0 0 2 4 1 0 0 0 0 0 0 0 2 0 2 0 6 2 0 5 0 0 0 0 0 0 1
14 151736 0 0 2 0 2 0 0 0 2 1 4 1 0 0 0 3 2 0 0 1 1 0 0 0 0 0 1 1 2 1 1 2 4 6 2 3 5 1 0 0 0 0 0 1
14 153679 0 0 2 0 2 0 0 0 2 1 4 1 0 0 0 4 2 0 0 2 2 0 0 0 0 0 1 2 1 2 0 2 2 6 2 2 6 0 0 0 0 0 0 1
14 152491 0 0 2 0 2 0 0 0 2 1 4 1 0 1 0 4 2 0 0 2 1 0 1 1 0 0 0 1 1 2 1 2 2 7 2 1 4 1 0 0 0 0 0 1
14 152275 0 0 2 0 2 0 0 0 2 1 4 1 0 1 1 3 2 0 0 1 1 0 0 0 0 0 0 1 2 1 0 2 4 6 2 3 5 1 0 0 0 0 0 0
14 152838 0 0 2 0 2 0 0 0 2 1 4 1 0 1 1 4 2 0 0 2 1 0 1 1 0 0 0 1 1 2 0 2 2 7 2 1 4 1 0 0 0 0 0 0
14 152828 0 0 2 0 2 0 0 0 2 1 4 1 0 1 1 4 2 0 0 2 2 0 0 0 0 0 0 1 1 2 0 2 2 6 2 2 6 0 0 0 0 0 0 0
14 151740 0 0 2 0 2 0 0 0 2 1 4 2 0 0 1 2 4 0 0 0 2 0 0 0 0 0 1 0 2 0 1 2 4 6 2 2 6 0 0 0 0 0 0 1
14 153683 0 0 2 0 2 0 0 0 2 1 4 2 0 0 1 3 4 0 0 1 3 0 0 1 0 0 1 1 1 1 0 2 2 6 2 1 5 0 0 0 0 0 0 1
14 152495 0 0 2 0 2 0 0 0 2 1 4 2 0 1 1 3 4 0 0 1 3 0 0 1 0 0 0 0 1 1 1 2 2 6 2 1 5 0 0 0 0 0 0 1
14 154525 0 0 2 0 2 0 0 0 2 1 4 2 0 1 1 4 4 0 0 2 4 1 0 0 0 0 0 1 0 2 0 2 0 6 2 0 5 0 0 0 0 0 0 0
14 154456 0 0 2 0 2 0 0 0 2 2 4 2 0 0 0 4 4 0 0 2 4 1 0 0 0 0 0 2 0 2 0 2 0 6 2 0 5 0 0 0 0 0 0 1
14 152280 0 0 2 0 2 0 0 0 2 2 4 2 0 0 2 2 4 0 0 0 2 0 0 0 0 0 0 0 2 0 0 2 4 6 2 2 6 0 0 0 0 0 0 0
14 152842 0 0 2 0 2 0 0 0 2 2 4 2 0 0 2 3 4 0 0 1 3 0 0 1 0 0 0 0 1 1 0 2 2 6 2 1 5 0 0 0 0 0 0 0
14 154815 0 0 2 0 2 1 0 0 2 0 3 2 0 0 0 2 2 0 0 1 2 0 0 1 0 0 2 0 2 2 2 2 3 6 2 2 4 1 0 0 0 0 0 0
14 154816 0 0 2 0 2 1 0 0 2 0 3 2 0 1 0 3 3 0 0 1 3 0 0 1 0 0 1 1 1 2 1 2 2 6 2 1 5 0 0 0 0 0 0 0
14 151730 0 0 2 0 2 1 0 0 2 0 3 2 0 1 1 2 2 0 1 1 2 0 0 1 0 0 1 0 2 2 1 1 3 6 2 2 4 1 0 0 0 0 0 1
14 152485 0 0 2 0 2 1 0 0 2 0 3 2 0 2 1 3 3 0 1 1 3 0 0 1 0 0 0 0 1 2 1 1 2 6 2 1 5 0 0 0 0 0 0 1
14 155619 0 0 2 0 2 1 0 0 2 0 3 3 0 0 0 1 4 0 0 0 3 0 0 1 0 0 2 0 2 1 2 2 3 6 2 1 5 0 0 0 0 0 0 0
14 155620 0 0 2 0 2 1 0 0 2 0 3 3 0 1 0 2 5 0 0 0 4 0 0 2 0 0 1 1 1 1 1 2 2 6 2 0 4 0 0 0 0 0 0 0
14 151744 0 0 2 0 2 1 0 0 2 1 3 3 0 0 1 1 4 0 1 0 3 0 0 1 0 0 1 0 2 1 1 1 3 6 2 1 5 0 0 0 0 0 0 1
14 152499 0 0 2 0 2 1 0 0 2 1 3 3 0 1 1 2 5 0 1 0 4 0 0 2 0 0 0 0 1 1 1 1 2 6 2 0 4 0 0 0 0 0 0 1
14 156594 0 0 2 0 2 2 0 0 2 0 2 4 0 0 0 0 4 0 0 0 4 0 0 2 0 0 2 0 2 2 2 2 2 6 2 0 4 0 0 0 0 0 0 0
16 157698 0 0 2 1 0 0 0 0 3 2 0 0 0 1 1 0 0 0 0 0 0 0 0 0 0 0 3 5 1 0 2 8 3 0 3 3 0 1 1 6 6 5 6 1
16 157701 0 0 2 1 0 0 0 0 3 2 0 0 0 1 2 0 0 0 1 0 0 0 0 0 0 0 3 4 2 0 2 6 4 0 3 4 0 2 1 5 6 4 5 1
16 157707 0 0 2 1 0 0 0 0 3 3 0 0 0 1 2 0 0 0 0 0 0 0 0 0 0 0 2 5 1 0 1 9 5 0 3 5 0 1 0 4 6 3 7 0
16 157913 0 0 2 1 0 0 0 0 3 3 0 0 0 1 2 0 0 0 0 0 0 0 0 0 0 0 2 5 1 0 1 9 5 1 3 4 1 1 0 4 5 4 5 1
16 157710 0 0 2 1 0 0 0 0 3 3 0 0 0 1 3 0 0 0 1 0 0 0 0 0 0 0 2 4 2 0 1 7 6 0 3 6 0 2 0 3 6 2 6 0
16 157923 0 0 2 1 0 0 0 0 3 3 0 0 0 1 3 0 0 0 1 0 0 0 0 0 0 0 2 4 2 0 1 7 6 2 3 4 1 2 0 3 4 4 4 1
16 158245 0 0 2 1 0 0 0 0 3 3 0 0 0 1 3 0 0 0 1 0 0 0 0 0 0 0 2 4 2 1 1 7 4 2 4 4 1 2 0 3 4 4 4 1
16 158854 0 0 2 1 0 0 0 0 3 3 0 0 0 1 4 0 0 0 2 0 0 0 0 0 0 0 2 3 3 1 1 5 5 3 4 4 2 1 0 2 3 4 4 1
16 157845 0 0 2 1 0 0 0 0 3 3 1 0 0 1 1 1 0 0 0 0 0 0 0 0 0 0 2 4 1 0 2 7 5 0 3 5 0 1 1 4 6 3 7 0
16 157848 0 0 2 1 0 0 0 0 3 3 1 0 0 1 2 1 0 0 1 1 0 0 0 0 0 0 2 3 2 0 2 5 5 0 2 6 0 2 1 4 6 2 6 0
16 158230 0 0 2 1 0 0 0 0 3 3 1 0 0 1 2 2 0 0 0 1 0 0 0 0 0 0 2 3 1 0 2 6 5 0 2 6 0 2 1 4 6 2 6 0
16 157720 0 0 2 1 0 0 0 0 3 3 1 0 0 1 3 2 0 0 1 1 0 0 0 0 0 0 2 3 2 0 1 5 7 1 2 7 1 2 0 2 5 1 5 0
16 158781 0 0 2 1 0 0 0 0 3 3 1 0 0 1 3 2 0 0 1 2 0 0 1 0 0 0 2 2 2 0 2 4 5 0 1 5 0 3 1 4 7 1 5 0
16 157736 0 0 2 1 0 0 0 0 3 3 2 0 0 1 2 4 0 0 0 2 0 0 0 0 0 0 2 3 1 0 1 5 7 2 1 7 2 1 0 2 4 1 5 0
16 157914 0 0 2 1 0 0 0 0 3 4 0 0 0 1 3 1 0 0 0 0 0 0 0 0 0 0 1 5 1 0 0 8 7 1 3 6 1 1 0 2 5 2 6 0
16 157924 0 0 2 1 0 0 0 0 3 4 0 0 0 1 4 1 0 0 1 0 0 0 0 0 0 0 1 4 2 0 0 6 8 2 3 6 1 2 0 1 4 2 5 0
16 157917 0 0 2 1 0 0 0 0 3 4 0 0 0 1 4 1 0 0 1 1 0 0 0 0 0 0 1 4 2 0 0 6 7 1 2 7 1 2 0 2 5 1 5 0
16 158845 0 0 2 1 0 0 0 0 3 4 0 0 0 1 4 1 0 0 1 1 0 0 0 0 0 0 1 4 2 1 0 6 5 2 3 6 1 2 0 2 4 2 5 0
16 158855 0 0 2 1 0 0 0 0 3 4 0 0 0 1 5 1 0 0 2 1 0 0 0 0 0 0 1 3 3 1 0 4 6 3 3 6 2 1 0 1 3 2 5 0
16 158848 0 0 2 1 0 0 0 0 3 4 0 0 0 1 5 1 0 0 2 2 0 0 1 0 0 0 1 3 3 1 0 4 5 2 2 5 1 3 0 2 5 1 4 0
16 157855 0 0 2 1 0 0 0 0 3 4 1 0 0 1 2 1 0 0 0 0 0 0 0 0 0 0 1 4 1 0 1 8 7 0 3 7 1 1 0 2 6 1 6 0
16 158236 0 0 2 1 0 0 0 0 3 4 1 0 0 1 2 1 0 0 0 0 0 0 0 0 0 0 1 4 1 0 1 8 7 1 3 6 1 1 0 2 5 2 6 0
16 157865 0 0 2 1 0 0 0 0 3 4 1 0 0 1 3 1 0 0 1 0 0 0 0 0 0 0 1 3 2 0 1 6 8 1 3 7 1 2 0 1 5 1 5 0
16 158246 0 0 2 1 0 0 0 0 3 4 1 0 0 1 3 1 0 0 1 0 0 0 0 0 0 0 1 3 2 1 1 6 6 2 4 6 1 2 0 1 4 2 5 0
16 157858 0 0 2 1 0 0 0 0 3 4 1 0 0 1 3 1 0 0 1 1 0 0 0 0 0 0 1 3 2 0 1 6 7 0 2 8 1 2 0 2 6 0 5 0
16 159027 0 0 2 1 0 0 0 0 3 4 1 0 0 1 3 1 0 0 1 1 0 0 0 0 0 0 1 3 2 0 1 6 7 2 2 6 1 2 0 2 4 2 5 0
16 158239 0 0 2 1 0 0 0 0 3 4 1 0 0 1 3 2 0 0 0 1 0 0 0 0 0 0 1 3 1 0 1 7 7 1 2 7 1 2 0 2 5 1 5 0
16 159036 0 0 2 1 0 0 0 0 3 4 1 0 0 1 4 1 0 0 2 1 0 0 0 0 0 0 1 2 3 1 1 4 6 3 3 6 2 1 0 1 3 2 5 0
16 158797 0 0 2 1 0 0 0 0 3 4 1 0 0 1 4 2 0 0 1 1 0 0 0 0 0 0 1 2 2 0 1 5 8 2 2 7 2 1 0 1 4 1 5 0
16 158790 0 0 2 1 0 0 0 0 3 4 1 0 0 1 4 2 0 0 1 2 0 0 1 0 0 0 1 2 2 0 1 5 7 1 1 6 1 3 0 2 6 0 4 0
16 159030 0 0 2 1 0 0 0 0 3 4 1 0 0 1 4 2 0 0 1 2 0 0 1 0 0 0 1 2 2 0 1 5 7 2 1 5 1 3 0 2 5 1 4 0
16 157943 0 0 2 1 0 0 0 0 3 4 1 0 0 1 4 3 0 0 1 2 1 0 0 0 0 0 1 3 2 0 0 4 8 2 1 6 2 2 0 1 4 1 4 0
16 157931 0 0 2 1 0 0 0 0 3 4 1 0 0 1 4 3 1 0 1 1 0 0 0 0 0 0 1 3 2 0 0 4 7 3 2 7 2 2 0 1 3 1 4 0
16 158874 0 0 2 1 0 0 0 0 3 4 1 0 0 1 5 3 0 0 2 3 1 0 1 1 0 0 1 2 3 1 0 2 6 3 1 4 1 2 0 1 4 1 4 0
16 158862 0 0 2 1 0 0 0 0 3 4 1 0 0 1 5 3 1 0 2 2 1 0 0 0 0 0 1 2 3 1 0 2 5 3 2 6 3 1 0 1 3 1 4 0
16 157884 0 0 2 1 0 0 0 0 3 4 2 0 0 1 3 3 0 0 1 2 1 0 0 0 0 0 1 2 2 0 1 4 8 1 1 7 2 2 0 1 5 0 4 0
16 157872 0 0 2 1 0 0 0 0 3 4 2 0 0 1 3 3 1 0 1 1 0 0 0 0 0 0 1 2 2 0 1 4 7 2 2 8 2 2 0 1 4 0 4 0
16 158265 0 0 2 1 0 0 0 0 3 4 2 0 0 1 3 4 1 0 0 1 1 0 0 0 0 0 1 2 1 0 1 5 7 2 2 6 2 2 0 1 4 1 4 0
16 157949 0 0 2 1 0 0 0 0 3 4 2 0 0 1 3 5 1 0 0 2 1 0 0 0 0 0 1 3 1 0 0 4 7 3 1 6 3 1 0 1 3 1 4 0
16 158816 0 0 2 1 0 0 0 0 3 4 2 0 0 1 4 4 0 0 1 3 1 0 1 1 0 0 1 1 2 0 1 3 8 2 0 5 1 2 0 1 5 0 4 0
16 158804 0 0 2 1 0 0 0 0 3 4 2 0 0 1 4 4 1 0 1 2 1 0 0 0 0 0 1 1 2 0 1 3 7 2 1 7 3 1 0 1 4 0 4 0
16 159055 0 0 2 1 0 0 0 0 3 4 2 0 0 1 4 4 1 0 1 2 1 0 1 1 0 0 1 1 2 0 1 3 7 3 1 4 1 2 0 1 4 1 4 0
16 158880 0 0 2 1 0 0 0 0 3 4 2 0 0 1 4 5 1 0 1 3 2 0 0 1 0 0 1 2 2 1 0 2 5 3 1 5 2 1 0 1 3 1 4 0
16 158253 0 0 2 1 0 0 0 0 3 4 2 1 0 1 3 2 1 0 1 1 0 0 0 0 0 0 1 2 1 1 1 5 5 3 3 7 2 2 0 1 3 1 4 0
16 159043 0 0 2 1 0 0 0 0 3 4 2 1 0 1 4 2 1 0 2 2 1 0 0 0 0 0 1 1 2 1 1 3 5 3 2 6 3 1 0 1 3 1 4 0
16 157890 0 0 2 1 0 0 0 0 3 4 3 0 0 1 2 5 1 0 0 2 1 0 0 0 0 0 1 2 1 0 1 4 7 2 1 7 3 1 0 1 4 0 4 0
16 158822 0 0 2 1 0 0 0 0 3 4 3 0 0 1 3 6 1 0 0 3 2 0 0 1 0 0 1 1 1 0 1 3 7 2 0 6 2 1 0 1 4 0 4 0
16 158271 0 0 2 1 0 0 0 0 3 4 3 1 0 1 2 4 2 0 0 1 1 0 0 0 0 0 1 2 0 0 1 5 6 3 2 6 3 1 0 1 3 1 4 0
16 159061 0 0 2 1 0 0 0 0 3 4 3 1 0 1 3 4 2 0 1 2 2 0 0 1 0 0 1 1 1 0 1 3 6 3 1 5 2 1 0 1 3 1 4 0
16 159966 0 0 2 1 0 0 0 0 3 5 1 0 0 1 3 2 0 0 0 0 0 0 0 0 0 0 0 4 1 0 0 7 9 1 3 8 2 1 0 0 5 0 5 0
16 159969 0 0 2 1 0 0 0 0 3 5 1 0 0 1 4 2 0 0 1 1 0 0 0 0 0 0 0 3 2 0 0 5 9 2 2 8 2 2 0 0 4 0 4 0
16 160213 0 0 2 1 0 0 0 0 3 5 1 0 0 1 4 2 0 0 1 1 0 0 0 0 0 0 0 3 2 1 0 5 7 2 3 8 2 2 0 0 4 0 4 0
16 160207 0 0 2 1 0 0 0 0 3 5 1 0 0 1 4 3 0 0 0 1 0 0 0 0 0 0 0 3 1 0 0 6 9 2 2 8 2 2 0 0 4 0 4 0
16 160785 0 0 2 1 0 0 0 0 3 5 1 0 0 1 5 2 0 0 2 2 0 0 0 0 0 0 0 2 3 1 0 3 7 3 2 8 3 1 0 0 3 0 4 0
16 160779 0 0 2 1 0 0 0 0 3 5 1 0 0 1 5 2 0 0 2 2 0 0 1 0 0 0 0 2 3 1 0 3 7 3 2 6 2 3 0 0 4 0 3 0
16 160730 0 0 2 1 0 0 0 0 3 5 1 0 0 1 5 3 0 0 1 2 0 0 0 0 0 0 0 2 2 0 0 4 9 3 1 8 3 1 0 0 3 0 4 0
16 160724 0 0 2 1 0 0 0 0 3 5 1 0 0 1 5 3 0 0 1 2 0 0 1 0 0 0 0 2 2 0 0 4 9 3 1 6 2 3 0 0 4 0 3 0
16 159979 0 0 2 1 0 0 0 0 3 5 2 0 0 1 4 4 1 0 1 2 1 0 0 0 0 0 0 2 2 0 0 3 8 3 1 7 3 2 0 0 3 0 3 0
16 160231 0 0 2 1 0 0 0 0 3 5 2 0 0 1 4 5 2 0 0 1 1 0 0 0 0 0 0 2 1 0 0 4 7 3 2 7 3 2 0 0 3 0 3 0
16 160803 0 0 2 1 0 0 0 0 3 5 2 0 0 1 5 4 1 0 2 3 1 0 1 1 0 0 0 1 3 1 0 1 6 4 1 5 2 2 0 0 3 0 3 0
16 160791 0 0 2 1 0 0 0 0 3 5 2 0 0 1 5 4 1 0 2 3 2 0 0 0 0 0 0 1 3 1 0 1 6 3 1 6 4 1 0 0 3 0 3 0
16 160748 0 0 2 1 0 0 0 0 3 5 2 0 0 1 5 5 1 0 1 3 1 0 1 1 0 0 0 1 2 0 0 2 8 4 0 5 2 2 0 0 3 0 3 0
16 160736 0 0 2 1 0 0 0 0 3 5 2 0 0 1 5 5 1 0 1 3 2 0 0 0 0 0 0 1 2 0 0 2 8 3 0 6 4 1 0 0 3 0 3 0
16 160967 0 0 2 1 0 0 0 0 3 5 2 0 0 1 5 5 2 0 1 2 1 0 1 1 0 0 0 1 2 0 0 2 7 4 1 5 2 2 0 0 3 0 3 0
16 161873 0 0 2 1 0 0 0 0 3 5 2 0 0 1 5 5 2 0 1 2 2 0 0 0 0 0 0 1 2 0 0 2 7 3 1 6 4 1 0 0 3 0 3 0
16 160219 0 0 2 1 0 0 0 0 3 5 2 1 0 1 4 3 1 0 1 2 1 0 0 0 0 0 0 2 1 1 0 4 6 3 2 7 3 2 0 0 3 0 3 0
16 161867 0 0 2 1 0 0 0 0 3 5 2 1 0 1 5 3 1 0 2 3 1 0 1 1 0 0 0 1 2 1 0 2 6 4 1 5 2 2 0 0 3 0 3 0
16 160955 0 0 2 1 0 0 0 0 3 5 2 1 0 1 5 3 1 0 2 3 2 0 0 0 0 0 0 1 2 1 0 2 6 3 1 6 4 1 0 0 3 0 3 0
16 159995 0 0 2 1 0 0 0 0 3 5 3 0 0 1 3 6 2 0 0 2 2 0 0 0 0 0 0 2 1 0 0 3 7 3 1 6 4 1 0 0 3 0 3 0
16 160809 0 0 2 1 0 0 0 0 3 5 3 0 0 1 4 6 2 0 1 3 3 0 0 1 0 0 0 1 2 1 0 1 5 3 1 5 3 1 0 0 3 0 3 0
16 160754 0 0 2 1 0 0 0 0 3 5 3 0 0 1 4 7 2 0 0 3 3 0 0 1 0 0 0 1 1 0 0 2 7 3 0 5 3 1 0 0 3 0 3 0
16 162545 0 0 2 1 0 0 0 0 3 5 3 0 0 1 5 7 3 0 1 3 4 1 0 0 0 0 0 0 2 0 0 0 6 3 0 4 3 1 0 0 3 0 3 0
16 160237 0 0 2 1 0 0 0 0 3 5 3 1 0 1 3 5 3 0 0 1 2 0 0 0 0 0 0 2 0 0 0 4 6 3 2 6 4 1 0 0 3 0 3 0
16 160973 0 0 2 1 0 0 0 0 3 5 3 1 0 1 4 5 3 0 1 2 3 0 0 1 0 0 0 1 1 0 0 2 6 3 1 5 3 1 0 0 3 0 3 0
16 162530 0 0 2 1 0 0 0 0 3 5 3 1 0 1 5 5 2 0 2 4 4 1 0 0 0 0 0 0 2 1 0 0 5 3 0 4 3 1 0 0 3 0 3 0
16 157725 0 0 2 1 1 0 0 0 3 2 2 0 0 1 2 2 0 0 1 2 0 0 1 0 0 0 2 3 3 1 1 4 5 2 2 5 1 3 0 2 5 1 4 0
16 157741 0 0 2 1 1 0 0 0 3 2 3 0 0 1 1 4 0 0 0 3 0 0 1 0 0 0 2 3 2 1 1 4 5 3 1 5 2 2 0 2 4 1 4 0
16 158033 0 0 2 1 1 0 0 0 3 3 2 0 0 1 3 3 0 0 1 3 1 0 1 1 0 0 1 3 3 1 0 3 6 3 1 4 1 2 0 1 4 1 4 0
16 158039 0 0 2 1 1 0 0 0 3 3 3 0 0 1 2 5 1 0 0 3 1 0 1 1 0 0 1 3 2 1 0 3 5 4 1 4 2 1 0 1 3 1 4 0
16 157877 0 0 2 1 1 0 0 0 3 3 3 1 0 1 2 2 1 0 1 2 0 0 1 0 0 0 1 2 2 1 1 4 5 3 2 6 2 3 0 1 4 0 3 0
16 158809 0 0 2 1 1 0 0 0 3 3 3 1 0 1 3 3 2 0 1 2 1 0 1 0 0 0 1 1 2 0 1 3 6 3 1 5 3 2 0 1 4 0 3 0
16 157895 0 0 2 1 1 0 0 0 3 3 4 1 0 1 1 4 1 0 0 3 1 0 1 0 0 0 1 2 1 1 1 4 5 3 1 5 3 2 0 1 4 0 3 0
16 158827 0 0 2 1 1 0 0 0 3 3 4 1 0 1 2 5 2 0 0 3 2 0 1 1 0 0 1 1 1 0 1 3 6 3 0 4 2 2 0 1 4 0 3 0
16 159984 0 0 2 1 1 0 0 0 3 4 3 1 0 1 3 3 1 0 1 3 1 0 1 1 0 0 0 2 2 1 0 3 6 4 1 5 2 2 0 0 3 0 3 0
16 160741 0 0 2 1 1 0 0 0 3 4 3 1 0 1 4 4 2 0 1 3 2 0 1 1 0 0 0 1 2 0 0 2 7 4 0 4 3 1 0 0 3 0 3 0
16 160000 0 0 2 1 1 0 0 0 3 4 4 1 0 1 2 5 2 0 0 3 2 0 1 1 0 0 0 2 1 1 0 3 5 4 1 4 3 1 0 0 3 0 3 0
16 160759 0 0 2 1 1 0 0 0 3 4 4 1 0 1 3 6 3 0 0 3 3 0 1 2 0 0 0 1 1 0 0 2 6 4 0 3 2 1 0 0 3 0 3 0
14 151760 0 0 2 1 2 1 0 0 1 1 3 2 0 0 0 2 2 0 0 1 2 0 0 1 0 0 1 1 2 2 1 2 3 6 2 2 4 1 0 0 0 0 0 1
14 153691 0 0 2 1 2 1 0 0 1 1 3 2 0 0 0 3 3 0 0 1 3 0 0 1 0 0 1 2 1 2 0 2 2 6 2 1 5 0 0 0 0 0 0 1
14 152277 0 0 2 1 2 1 0 0 1 1 3 2 0 1 1 2 2 0 1 1 2 0 0 1 0 0 0 1 2 2 0 1 3 6 2 2 4 1 0 0 0 0 0 0
14 152832 0 0 2 1 2 1 0 0 1 1 3 2 0 1 1 3 3 0 1 1 3 0 0 1 0 0 0 1 1 2 0 1 2 6 2 1 5 0 0 0 0 0 0 0
14 151764 0 0 2 1 2 1 0 0 1 1 3 3 0 0 1 1 4 0 0 0 3 0 0 1 0 0 1 0 2 1 1 2 3 6 2 1 5 0 0 0 0 0 0 1
14 153695 0 0 2 1 2 1 0 0 1 1 3 3 0 0 1 2 5 0 0 0 4 0 0 2 0 0 1 1 1 1 0 2 2 6 2 0 4 0 0 0 0 0 0 1
14 152282 0 0 2 1 2 1 0 0 1 2 3 3 0 0 2 1 4 0 1 0 3 0 0 1 0 0 0 0 2 1 0 1 3 6 2 1 5 0 0 0 0 0 0 0
14 152846 0 0 2 1 2 1 0 0 1 2 3 3 0 0 2 2 5 0 1 0 4 0 0 2 0 0 0 0 1 1 0 1 2 6 2 0 4 0 0 0 0 0 0 0
14 151768 0 0 2 1 2 2 0 0 1 1 2 4 0 0 1 0 4 0 1 0 4 0 0 2 0 0 1 0 2 2 1 1 2 6 2 0 4 0 0 0 0 0 0 1
14 154818 0 0 2 1 2 2 1 0 1 1 2 2 2 1 1 3 2 1 1 2 4 0 1 4 2 0 0 1 0 2 0 1 0 2 2 0 2 0 0 0 0 0 0 0
14 154649 0 0 2 1 2 2 1 0 1 1 2 2 2 1 1 3 2 1 1 2 4 0 1 4 2 0 0 1 0 2 0 1 0 2 2 0 2 0 0 0 0 0 0 1
14 155622 0 0 2 1 2 2 1 0 1 1 2 3 2 1 1 2 4 2 1 1 5 1 0 3 1 0 0 1 0 1 0 1 0 2 2 0 2 0 0 0 0 0 0 0
14 155554 0 0 2 1 2 2 1 0 1 1 2 3 2 1 2 2 4 2 1 1 5 1 0 3 1 0 0 0 0 1 0 1 0 2 2 0 2 0 0 0 0 0 0 1
14 154655 0 0 2 1 2 2 1 0 1 2 2 3 2 0 1 2 4 2 1 1 5 1 0 3 1 0 0 1 0 1 0 1 0 2 2 0 2 0 0 0 0 0 0 1
14 154824 0 0 2 1 2 2 1 0 1 2 2 3 2 0 2 2 4 2 1 1 5 1 0 3 1 0 0 0 0 1 0 1 0 2 2 0 2 0 0 0 0 0 0 0
16 29414 0 0 2 2 0 0 0 0 2 4 0 0 0 0 2 0 0 0 0 0 0 0 0 0 0 0 2 4 2 0 2 6 4 2 2 2 2 0 2 6 4 6 4 2
16 157758 0 0 2 2 0 0 0 0 2 4 0 0 0 0 2 0 0 0 0 0 0 0 0 0 0 0 2 6 2 0 0 8 6 0 2 6 0 2 0 4 6 2 6 0
16 158295 0 0 2 2 0 0 0 0 2 4 0 0 0 0 2 0 0 0 0 0 0 0 0 0 0 0 2 6 2 0 0 8 6 2 2 4 2 0 0 4 4 4 5 1
16 157760 0 0 2 2 0 0 0 0 2 4 0 0 0 0 3 0 0 0 1 0 0 0 0 0 0 0 2 5 3 0 0 6 7 0 2 7 0 3 0 3 6 1 5 0
16 158305 0 0 2 2 0 0 0 0 2 4 0 0 0 0 3 0 0 0 1 0 0 0 0 0 0 0 2 5 3 1 0 6 5 3 3 4 2 1 0 3 3 4 4 1
16 159094 0 0 2 2 0 0 0 0 2 4 0 0 0 0 4 0 0 0 2 0 0 0 0 0 0 0 2 4 4 2 0 4 4 4 4 4 3 0 0 2 2 4 4 1
16 29434 0 0 2 2 0 0 0 0 2 4 0 0 0 1 3 0 0 0 1 0 0 0 0 0 0 0 1 3 2 1 2 5 3 3 3 2 2 1 2 5 3 6 3 2
16 36109 0 0 2 2 0 0 0 0 2 4 0 0 0 2 4 0 0 0 2 0 0 0 0 0 0 0 0 2 2 2 2 4 2 4 4 2 3 0 2 4 2 6 3 2
16 29416 0 0 2 2 0 0 0 0 2 4 1 0 0 0 2 1 0 0 0 0 0 0 0 0 0 0 2 3 2 0 2 6 6 2 2 4 2 0 1 4 4 4 5 1
16 29422 0 0 2 2 0 0 0 0 2 4 1 0 0 0 2 2 0 0 0 1 0 0 0 0 0 0 2 4 2 0 1 5 6 2 1 5 2 1 1 4 4 3 4 1
16 157766 0 0 2 2 0 0 0 0 2 4 1 0 0 0 3 2 0 0 1 1 0 0 0 0 0 0 2 4 3 0 0 4 8 1 1 8 1 3 0 2 5 0 4 0
16 29436 0 0 2 2 0 0 0 0 2 4 1 0 0 1 3 1 0 0 1 0 0 0 0 0 0 0 1 2 2 1 2 5 5 3 3 4 2 1 1 3 3 4 4 1
16 36091 0 0 2 2 0 0 0 0 2 4 1 0 0 1 3 1 0 0 1 1 0 0 0 0 0 0 1 2 2 1 2 5 4 3 2 4 2 1 1 4 3 4 4 1
16 36097 0 0 2 2 0 0 0 0 2 4 1 0 0 1 3 2 0 0 1 2 0 0 1 0 0 0 1 3 2 1 1 4 4 3 1 3 2 2 1 4 4 3 3 1
16 36111 0 0 2 2 0 0 0 0 2 4 1 0 0 2 4 1 0 0 2 1 0 0 0 0 0 0 0 1 2 2 2 4 3 4 3 4 3 0 1 3 2 4 4 1
16 29450 0 0 2 2 0 0 0 0 2 4 1 1 0 1 4 2 1 0 1 1 0 0 0 0 0 0 1 2 1 1 1 4 4 4 2 5 3 1 1 3 2 3 3 1
16 36125 0 0 2 2 0 0 0 0 2 4 1 1 0 2 5 2 1 0 2 2 1 0 0 0 0 0 0 1 1 2 1 3 2 4 2 4 4 0 1 3 2 3 3 1
16 47159 0 0 2 2 0 0 0 0 2 4 2 0 0 0 2 2 0 0 0 0 0 0 0 0 0 0 2 2 2 0 2 6 8 2 2 6 3 0 0 2 4 2 4 1
16 47165 0 0 2 2 0 0 0 0 2 4 2 0 0 0 2 3 0 0 0 1 0 0 0 0 0 0 2 3 2 0 1 5 8 3 1 6 3 1 0 2 3 2 3 1
16 157778 0 0 2 2 0 0 0 0 2 4 2 0 0 0 2 4 0 0 0 2 0 0 0 0 0 0 2 4 2 0 0 4 8 2 0 8 2 2 0 2 4 0 4 0
16 62860 0 0 2 2 0 0 0 0 2 4 2 0 0 0 2 4 0 0 0 2 0 0 0 0 0 0 2 4 2 0 0 4 8 4 0 6 4 0 0 2 2 2 3 1
16 47178 0 0 2 2 0 0 0 0 2 4 2 0 0 1 3 2 0 0 1 1 0 0 0 0 0 0 1 1 2 1 2 5 6 3 2 6 3 1 0 2 3 2 3 1
16 53606 0 0 2 2 0 0 0 0 2 4 2 0 0 1 3 3 0 0 1 2 0 0 1 0 0 0 1 2 2 1 1 4 6 4 1 4 3 2 0 2 3 2 2 1
16 53619 0 0 2 2 0 0 0 0 2 4 2 0 0 2 4 2 0 0 2 2 0 0 0 0 0 0 0 0 2 2 2 4 4 4 2 6 4 0 0 2 2 2 3 1
16 47191 0 0 2 2 0 0 0 0 2 4 2 1 0 1 4 3 1 0 1 2 1 0 0 0 0 0 1 1 1 1 1 4 5 4 1 5 4 1 0 2 2 2 2 1
16 62884 0 0 2 2 0 0 0 0 2 4 2 1 0 1 4 4 1 0 1 3 1 0 1 1 0 0 1 2 1 1 0 3 5 5 0 3 3 1 0 2 2 2 2 1
16 53632 0 0 2 2 0 0 0 0 2 4 2 1 0 2 5 3 1 0 2 3 2 0 0 0 0 0 0 0 1 2 1 3 3 4 1 4 5 0 0 2 2 2 2 1
16 78052 0 0 2 2 0 0 0 0 2 4 2 2 0 2 6 4 2 0 2 4 4 1 0 0 0 0 0 0 0 2 0 2 2 4 0 2 4 0 0 2 2 2 2 1
16 157915 0 0 2 2 0 0 0 0 2 5 1 0 0 0 2 1 0 0 0 0 0 0 0 0 0 0 1 5 2 0 0 7 8 1 2 7 1 2 0 2 5 1 5 0
16 158296 0 0 2 2 0 0 0 0 2 5 1 0 0 0 2 1 0 0 0 0 0 0 0 0 0 0 1 5 2 0 0 7 8 2 2 6 2 0 0 2 4 2 6 0
16 157925 0 0 2 2 0 0 0 0 2 5 1 0 0 0 3 1 0 0 1 0 0 0 0 0 0 0 1 4 3 0 0 5 9 2 2 7 1 3 0 1 4 1 4 0
16 158306 0 0 2 2 0 0 0 0 2 5 1 0 0 0 3 1 0 0 1 0 0 0 0 0 0 0 1 4 3 1 0 5 7 3 3 6 2 1 0 1 3 2 5 0
16 157918 0 0 2 2 0 0 0 0 2 5 1 0 0 0 3 1 0 0 1 1 0 0 0 0 0 0 1 4 3 0 0 5 8 1 1 8 1 3 0 2 5 0 4 0
16 159085 0 0 2 2 0 0 0 0 2 5 1 0 0 0 3 1 0 0 1 1 0 0 0 0 0 0 1 4 3 1 0 5 6 3 2 6 2 1 0 2 3 2 5 0
16 158299 0 0 2 2 0 0 0 0 2 5 1 0 0 0 3 2 0 0 0 1 0 0 0 0 0 0 1 4 2 0 0 6 8 2 1 7 2 1 0 2 4 1 5 0
16 158846 0 0 2 2 0 0 0 0 2 5 1 0 0 0 3 2 0 0 0 1 0 0 0 0 0 0 1 4 2 1 0 6 6 2 2 7 1 3 0 2 4 1 4 0
16 159095 0 0 2 2 0 0 0 0 2 5 1 0 0 0 4 1 0 0 2 1 0 0 0 0 0 0 1 3 4 2 0 3 5 4 3 6 3 0 0 1 2 2 5 0
16 158856 0 0 2 2 0 0 0 0 2 5 1 0 0 0 4 2 0 0 1 1 0 0 0 0 0 0 1 3 3 1 0 4 7 3 2 7 2 2 0 1 3 1 4 0
16 158849 0 0 2 2 0 0 0 0 2 5 1 0 0 0 4 2 0 0 1 2 0 0 1 0 0 0 1 3 3 1 0 4 6 2 1 6 1 4 0 2 5 0 3 0
16 159088 0 0 2 2 0 0 0 0 2 5 1 0 0 0 4 2 0 0 1 2 0 0 1 0 0 0 1 3 3 1 0 4 6 3 1 5 2 2 0 2 4 1 4 0
16 29474 0 0 2 2 0 0 0 0 2 5 2 0 0 0 2 3 1 0 0 1 1 0 0 0 0 0 1 3 2 0 1 4 6 3 1 4 3 1 1 3 3 3 3 1
16 157944 0 0 2 2 0 0 0 0 2 5 2 0 0 0 3 3 0 0 1 2 1 0 0 0 0 0 1 3 3 0 0 3 9 2 0 7 2 3 0 1 4 0 3 0
16 157932 0 0 2 2 0 0 0 0 2 5 2 0 0 0 3 3 1 0 1 1 0 0 0 0 0 0 1 3 3 0 0 3 8 3 1 8 2 3 0 1 3 0 3 0
16 158325 0 0 2 2 0 0 0 0 2 5 2 0 0 0 3 4 1 0 0 1 1 0 0 0 0 0 1 3 2 0 0 4 8 3 1 6 3 1 0 1 3 1 4 0
16 158875 0 0 2 2 0 0 0 0 2 5 2 0 0 0 4 4 0 0 1 3 1 0 1 1 0 0 1 2 3 1 0 2 7 3 0 5 1 3 0 1 4 0 3 0
16 158863 0 0 2 2 0 0 0 0 2 5 2 0 0 0 4 4 1 0 1 2 1 0 0 0 0 0 1 2 3 1 0 2 6 3 1 7 3 2 0 1 3 0 3 0
16 159114 0 0 2 2 0 0 0 0 2 5 2 0 0 0 4 4 1 0 1 2 1 0 1 1 0 0 1 2 3 1 0 2 6 4 1 4 2 1 0 1 3 1 4 0
16 36149 0 0 2 2 0 0 0 0 2 5 2 0 0 1 3 3 1 0 1 2 1 0 1 1 0 0 0 2 2 1 1 3 4 4 1 2 2 1 1 3 3 3 3 1
16 158313 0 0 2 2 0 0 0 0 2 5 2 1 0 0 3 2 1 0 1 1 0 0 0 0 0 0 1 3 2 1 0 4 6 4 2 7 3 1 0 1 2 1 4 0
16 29486 0 0 2 2 0 0 0 0 2 5 2 1 0 0 3 3 2 0 0 1 1 0 0 0 0 0 1 2 1 0 1 4 5 4 1 4 4 0 1 3 2 3 3 1
16 159102 0 0 2 2 0 0 0 0 2 5 2 1 0 0 4 2 1 0 2 2 1 0 0 0 0 0 1 2 3 2 0 2 4 4 2 6 4 0 0 1 2 1 4 0
16 36161 0 0 2 2 0 0 0 0 2 5 2 1 0 1 4 3 2 0 1 2 2 0 0 1 0 0 0 1 1 1 1 3 3 4 1 3 3 0 1 3 2 3 3 1
16 47215 0 0 2 2 0 0 0 0 2 5 3 0 0 0 2 4 2 0 0 1 1 0 0 0 0 0 1 2 2 0 1 4 6 4 1 5 4 1 0 2 2 2 2 1
16 157950 0 0 2 2 0 0 0 0 2 5 3 0 0 0 2 5 1 0 0 2 1 0 0 0 0 0 1 3 2 0 0 3 8 3 0 7 3 2 0 1 3 0 3 0
16 62896 0 0 2 2 0 0 0 0 2 5 3 0 0 0 2 5 2 0 0 2 2 0 0 0 0 0 1 3 2 0 0 3 6 4 0 4 5 0 0 2 2 2 2 1
16 158881 0 0 2 2 0 0 0 0 2 5 3 0 0 0 3 6 1 0 0 3 2 0 0 1 0 0 1 2 2 1 0 2 6 3 0 6 2 2 0 1 3 0 3 0
16 53656 0 0 2 2 0 0 0 0 2 5 3 0 0 1 3 4 2 0 1 2 1 0 1 1 0 0 0 1 2 1 1 3 4 5 1 3 3 1 0 2 2 2 2 1
16 158331 0 0 2 2 0 0 0 0 2 5 3 1 0 0 2 4 2 0 0 1 1 0 0 0 0 0 1 3 1 0 0 4 7 4 1 6 4 0 0 1 2 1 4 0
16 159120 0 0 2 2 0 0 0 0 2 5 3 1 0 0 3 4 2 0 1 2 2 0 0 1 0 0 1 2 2 1 0 2 5 4 1 5 3 0 0 1 2 1 4 0
16 47227 0 0 2 2 0 0 0 0 2 5 3 1 0 0 3 4 3 0 0 1 2 0 0 0 0 0 1 1 1 0 1 4 5 4 1 4 5 0 0 2 2 2 2 1
16 62908 0 0 2 2 0 0 0 0 2 5 3 1 0 0 3 5 3 0 0 2 3 0 0 1 0 0 1 2 1 0 0 3 5 4 0 3 4 0 0 2 2 2 2 1
16 53668 0 0 2 2 0 0 0 0 2 5 3 1 0 1 4 4 3 0 1 2 3 0 0 1 0 0 0 0 1 1 1 3 3 4 1 3 4 0 0 2 2 2 2 1
16 160017 0 0 2 2 0 0 0 0 2 6 2 0 0 0 2 2 0 0 0 0 0 0 0 0 0 0 0 4 2 0 0 6 10 2 2 8 2 2 0 0 4 0 4 0
16 160261 0 0 2 2 0 0 0 0 2 6 2 0 0 0 2 2 0 0 0 0 0 0 0 0 0 0 0 4 2 0 0 6 10 2 2 8 3 0 0 0 4 0 5 0
16 160019 0 0 2 2 0 0 0 0 2 6 2 0 0 0 3 2 0 0 1 1 0 0 0 0 0 0 0 3 3 0 0 4 10 3 1 8 2 3 0 0 3 0 3 0
16 160270 0 0 2 2 0 0 0 0 2 6 2 0 0 0 3 2 0 0 1 1 0 0 0 0 0 0 0 3 3 1 0 4 8 3 2 8 3 1 0 0 3 0 4 0
16 160264 0 0 2 2 0 0 0 0 2 6 2 0 0 0 3 3 0 0 0 1 0 0 0 0 0 0 0 3 2 0 0 5 10 3 1 8 3 1 0 0 3 0 4 0
16 160777 0 0 2 2 0 0 0 0 2 6 2 0 0 0 3 3 0 0 0 1 0 0 0 0 0 0 0 3 2 1 0 5 8 3 2 8 2 3 0 0 3 0 3 0
16 161005 0 0 2 2 0 0 0 0 2 6 2 0 0 0 4 2 0 0 2 2 0 0 0 0 0 0 0 2 4 2 0 2 6 4 2 8 4 0 0 0 2 0 4 0
16 160786 0 0 2 2 0 0 0 0 2 6 2 0 0 0 4 3 0 0 1 2 0 0 0 0 0 0 0 2 3 1 0 3 8 4 1 8 3 2 0 0 2 0 3 0
16 160780 0 0 2 2 0 0 0 0 2 6 2 0 0 0 4 3 0 0 1 2 0 0 1 0 0 0 0 2 3 1 0 3 8 4 1 6 2 4 0 0 3 0 2 0
16 160999 0 0 2 2 0 0 0 0 2 6 2 0 0 0 4 3 0 0 1 2 0 0 1 0 0 0 0 2 3 1 0 3 8 4 1 6 3 2 0 0 3 0 3 0
16 161893 0 0 2 2 0 0 0 0 2 6 2 0 0 0 4 4 0 0 0 2 0 0 0 0 0 0 0 2 2 0 0 4 10 4 0 8 4 0 0 0 2 0 4 0
16 160025 0 0 2 2 0 0 0 0 2 6 3 0 0 0 3 4 1 0 1 2 1 0 0 0 0 0 0 2 3 0 0 2 9 4 0 7 3 3 0 0 2 0 2 0
16 160288 0 0 2 2 0 0 0 0 2 6 3 0 0 0 3 5 2 0 0 1 1 0 0 0 0 0 0 2 2 0 0 3 8 4 1 7 4 1 0 0 2 0 3 0
16 160804 0 0 2 2 0 0 0 0 2 6 3 0 0 0 4 5 1 0 1 3 1 0 1 1 0 0 0 1 3 1 0 1 7 5 0 5 2 3 0 0 2 0 2 0
16 160792 0 0 2 2 0 0 0 0 2 6 3 0 0 0 4 5 1 0 1 3 2 0 0 0 0 0 0 1 3 1 0 1 7 4 0 6 4 2 0 0 2 0 2 0
16 161023 0 0 2 2 0 0 0 0 2 6 3 0 0 0 4 5 2 0 1 2 1 0 1 1 0 0 0 1 3 1 0 1 6 5 1 5 3 1 0 0 2 0 3 0
16 161909 0 0 2 2 0 0 0 0 2 6 3 0 0 0 4 6 2 0 0 2 2 0 0 0 0 0 0 1 2 0 0 2 8 4 0 6 5 0 0 0 2 0 3 0
16 160276 0 0 2 2 0 0 0 0 2 6 3 1 0 0 3 3 1 0 1 2 1 0 0 0 0 0 0 2 2 1 0 3 7 4 1 7 4 1 0 0 2 0 3 0
16 162535 0 0 2 2 0 0 0 0 2 6 3 1 0 0 3 4 2 0 0 1 1 0 0 0 0 0 0 2 1 1 0 4 6 4 2 7 3 3 0 0 2 0 2 0
16 161011 0 0 2 2 0 0 0 0 2 6 3 1 0 0 4 3 1 0 2 3 2 0 0 0 0 0 0 1 3 2 0 1 5 4 1 6 5 0 0 0 2 0 3 0
16 161903 0 0 2 2 0 0 0 0 2 6 3 1 0 0 4 4 1 0 1 3 1 0 1 1 0 0 0 1 2 1 0 2 7 5 0 5 3 1 0 0 2 0 3 0
16 162541 0 0 2 2 0 0 0 0 2 6 3 1 0 0 4 4 2 0 1 2 1 0 1 1 0 0 0 1 2 1 0 2 6 5 1 5 2 3 0 0 2 0 2 0
16 162537 0 0 2 2 0 0 0 0 2 6 3 1 0 0 4 4 2 0 1 2 2 0 0 0 0 0 0 1 2 1 0 2 6 4 1 6 4 2 0 0 2 0 2 0
16 160037 0 0 2 2 0 0 0 0 2 6 4 0 0 0 2 6 2 0 0 2 2 0 0 0 0 0 0 2 2 0 0 2 8 4 0 6 4 2 0 0 2 0 2 0
16 71005 0 0 2 2 0 0 0 0 2 6 4 0 0 0 2 6 4 0 0 2 4 1 0 0 0 0 0 2 2 0 0 2 4 4 0 2 4 0 0 2 2 2 2 1
16 160810 0 0 2 2 0 0 0 0 2 6 4 0 0 0 3 7 2 0 0 3 3 0 0 1 0 0 0 1 2 1 0 1 6 4 0 5 3 2 0 0 2 0 2 0
16 162598 0 0 2 2 0 0 0 0 2 6 4 0 0 0 4 8 4 0 0 2 4 1 0 0 0 0 0 0 2 0 0 0 6 4 0 4 4 0 0 0 2 0 3 0
16 160294 0 0 2 2 0 0 0 0 2 6 4 1 0 0 2 5 3 0 0 1 2 0 0 0 0 0 0 2 1 0 0 3 7 4 1 6 5 0 0 0 2 0 3 0
16 161029 0 0 2 2 0 0 0 0 2 6 4 1 0 0 3 5 3 0 1 2 3 0 0 1 0 0 0 1 2 1 0 1 5 4 1 5 4 0 0 0 2 0 3 0
16 161915 0 0 2 2 0 0 0 0 2 6 4 1 0 0 3 6 3 0 0 2 3 0 0 1 0 0 0 1 1 0 0 2 7 4 0 5 4 0 0 0 2 0 3 0
16 162546 0 0 2 2 0 0 0 0 2 6 4 1 0 0 4 6 3 0 1 3 4 1 0 0 0 0 0 0 2 1 0 0 5 4 0 4 3 2 0 0 2 0 2 0
16 163379 0 0 2 2 0 0 0 0 2 6 4 2 0 0 2 4 4 0 0 0 2 0 0 0 0 0 0 2 0 0 0 4 6 4 2 6 4 2 0 0 2 0 2 0
16 163381 0 0 2 2 0 0 0 0 2 6 4 2 0 0 3 4 4 0 1 1 3 0 0 1 0 0 0 1 1 0 0 2 6 4 1 5 3 2 0 0 2 0 2 0
16 163252 0 0 2 2 0 0 0 0 2 6 4 2 0 0 4 4 2 0 2 4 4 1 0 0 0 0 0 0 2 2 0 0 4 4 0 4 4 0 0 0 2 0 3 0
16 158228 0 0 2 2 1 0 0 0 2 2 2 0 0 1 0 1 0 0 0 0 0 0 0 0 0 0 2 4 2 0 2 6 6 0 2 6 0 2 1 4 6 2 6 0
16 158231 0 0 2 2 1 0 0 0 2 2 2 0 0 1 1 2 0 0 0 1 0 0 0 0 0 0 2 3 2 0 2 5 6 0 1 7 0 3 1 4 6 1 5 0
16 159022 0 0 2 2 1 0 0 0 2 2 2 0 0 1 2 3 0 0 0 2 0 0 1 0 0 0 2 2 2 0 2 4 6 0 0 6 0 4 1 4 7 0 4 0
16 29418 0 0 2 2 1 0 0 0 2 3 2 0 0 0 1 1 0 0 0 0 0 0 0 0 0 0 2 3 3 0 2 5 7 2 2 5 2 1 1 3 4 3 4 1
16 29424 0 0 2 2 1 0 0 0 2 3 2 0 0 0 1 2 0 0 0 1 0 0 0 0 0 0 2 4 3 0 1 4 7 2 1 6 2 2 1 3 4 2 3 1
16 157770 0 0 2 2 1 0 0 0 2 3 2 0 0 0 2 2 0 0 1 2 0 0 1 0 0 0 2 4 4 1 0 3 6 2 1 6 1 4 0 2 5 0 3 0
16 158237 0 0 2 2 1 0 0 0 2 3 2 0 0 1 1 1 0 0 0 0 0 0 0 0 0 0 1 4 2 0 1 7 8 1 2 7 1 2 0 2 5 1 5 0
16 29438 0 0 2 2 1 0 0 0 2 3 2 0 0 1 2 1 0 0 1 0 0 0 0 0 0 0 1 2 3 1 2 4 6 3 3 5 2 2 1 2 3 3 3 1
16 158247 0 0 2 2 1 0 0 0 2 3 2 0 0 1 2 1 0 0 1 0 0 0 0 0 0 0 1 3 3 1 1 5 7 2 3 7 1 3 0 1 4 1 4 0
16 36093 0 0 2 2 1 0 0 0 2 3 2 0 0 1 2 2 0 0 0 1 0 0 0 0 0 0 1 2 2 1 2 5 5 3 2 5 2 2 1 3 3 3 3 1
16 158240 0 0 2 2 1 0 0 0 2 3 2 0 0 1 2 2 0 0 0 1 0 0 0 0 0 0 1 3 2 0 1 6 8 1 1 8 1 3 0 2 5 0 4 0
16 159028 0 0 2 2 1 0 0 0 2 3 2 0 0 1 2 2 0 0 0 1 0 0 0 0 0 0 1 3 2 0 1 6 8 2 1 7 1 3 0 2 4 1 4 0
16 36099 0 0 2 2 1 0 0 0 2 3 2 0 0 1 2 3 0 0 0 2 0 0 1 0 0 0 1 3 2 1 1 4 5 3 1 4 2 3 1 3 4 2 2 1
16 159037 0 0 2 2 1 0 0 0 2 3 2 0 0 1 3 2 0 0 1 1 0 0 0 0 0 0 1 2 3 1 1 4 7 3 2 7 2 2 0 1 3 1 4 0
16 159031 0 0 2 2 1 0 0 0 2 3 2 0 0 1 3 3 0 0 0 2 0 0 1 0 0 0 1 2 2 0 1 5 8 2 0 6 1 4 0 2 5 0 3 0
16 36113 0 0 2 2 1 0 0 0 2 3 2 0 0 2 3 2 0 0 1 1 0 0 0 0 0 0 0 1 2 2 2 4 4 4 3 5 3 1 1 2 2 3 3 1
16 29452 0 0 2 2 1 0 0 0 2 3 2 1 0 1 3 2 1 0 1 1 0 0 0 0 0 0 1 2 2 1 1 3 5 4 2 6 3 2 1 2 2 2 2 1
16 36127 0 0 2 2 1 0 0 0 2 3 2 1 0 2 4 3 1 0 1 2 1 0 0 0 0 0 0 1 1 2 1 3 3 4 2 5 4 1 1 2 2 2 2 1
16 47161 0 0 2 2 1 0 0 0 2 3 3 0 0 0 1 2 0 0 0 0 0 0 0 0 0 0 2 2 3 0 2 5 9 3 2 6 3 1 0 1 3 2 3 1
16 47167 0 0 2 2 1 0 0 0 2 3 3 0 0 0 1 3 0 0 0 1 0 0 0 0 0 0 2 3 3 0 1 4 9 4 1 6 3 2 0 1 2 2 2 1
16 62856 0 0 2 2 1 0 0 0 2 3 3 0 0 0 1 3 0 0 0 1 0 0 0 0 0 0 2 3 3 1 1 4 7 4 2 6 3 2 0 1 2 2 2 1
16 62862 0 0 2 2 1 0 0 0 2 3 3 0 0 0 1 4 0 0 0 2 0 0 0 0 0 0 2 4 3 1 0 3 7 5 1 6 4 1 0 1 1 2 2 1
16 157782 0 0 2 2 1 0 0 0 2 3 3 0 0 0 1 4 0 0 0 3 0 0 1 0 0 0 2 4 3 1 0 3 6 3 0 6 2 3 0 2 4 0 3 0
16 47180 0 0 2 2 1 0 0 0 2 3 3 0 0 1 2 2 0 0 1 1 0 0 0 0 0 0 1 1 3 1 2 4 7 4 2 6 3 2 0 1 2 2 2 1
16 53602 0 0 2 2 1 0 0 0 2 3 3 0 0 1 2 3 0 0 0 1 0 0 0 0 0 0 1 1 2 1 2 5 7 4 2 6 3 2 0 1 2 2 2 1
16 62874 0 0 2 2 1 0 0 0 2 3 3 0 0 1 2 3 0 0 1 2 0 0 1 0 0 0 1 2 3 2 1 3 5 5 2 4 3 3 0 1 2 2 1 1
16 53608 0 0 2 2 1 0 0 0 2 3 3 0 0 1 2 4 0 0 0 2 0 0 1 0 0 0 1 2 2 1 1 4 7 5 1 4 3 3 0 1 2 2 1 1
16 158266 0 0 2 2 1 0 0 0 2 3 3 0 0 1 2 4 1 0 0 1 1 0 0 0 0 0 1 2 2 0 1 4 8 2 1 7 2 3 0 1 4 0 3 0
16 159056 0 0 2 2 1 0 0 0 2 3 3 0 0 1 3 5 1 0 0 2 1 0 1 1 0 0 1 1 2 0 1 3 8 3 0 5 1 3 0 1 4 0 3 0
16 53621 0 0 2 2 1 0 0 0 2 3 3 0 0 2 3 3 0 0 1 2 0 0 0 0 0 0 0 0 2 2 2 4 5 5 2 6 4 1 0 1 1 2 2 1
16 158254 0 0 2 2 1 0 0 0 2 3 3 1 0 1 2 2 1 0 1 1 0 0 0 0 0 0 1 2 2 1 1 4 6 3 2 8 2 3 0 1 3 0 3 0
16 159044 0 0 2 2 1 0 0 0 2 3 3 1 0 1 3 3 1 0 1 2 1 0 0 0 0 0 1 1 2 1 1 3 6 3 1 7 3 2 0 1 3 0 3 0
16 47193 0 0 2 2 1 0 0 0 2 3 3 1 0 1 3 3 1 0 1 2 1 0 0 0 0 0 1 1 2 1 1 3 6 5 1 5 4 2 0 1 1 2 1 1
16 62886 0 0 2 2 1 0 0 0 2 3 3 1 0 1 3 4 1 0 1 3 1 0 1 1 0 0 1 2 2 2 0 2 4 6 1 3 3 2 0 1 1 2 1 1
16 78026 0 0 2 2 1 0 0 0 2 3 3 1 0 1 3 4 2 0 0 1 1 0 0 0 0 0 1 1 1 1 1 4 5 5 2 5 4 2 0 1 1 2 1 1
16 78031 0 0 2 2 1 0 0 0 2 3 3 1 0 1 3 5 2 0 0 2 1 0 1 1 0 0 1 2 1 1 0 3 5 6 1 3 3 2 0 1 1 2 1 1
16 53634 0 0 2 2 1 0 0 0 2 3 3 1 0 2 4 4 1 0 1 3 2 0 0 0 0 0 0 0 1 2 1 3 4 5 1 4 5 1 0 1 1 2 1 1
16 78042 0 0 2 2 1 0 0 0 2 3 3 1 0 2 4 4 2 0 1 2 2 0 0 0 0 0 0 0 1 2 1 3 3 5 2 4 5 1 0 1 1 2 1 1
16 78054 0 0 2 2 1 0 0 0 2 3 3 2 0 2 5 5 3 0 1 3 4 1 0 0 0 0 0 0 0 2 0 2 2 5 1 2 4 1 0 1 1 2 1 1
16 158272 0 0 2 2 1 0 0 0 2 3 4 1 0 1 1 4 2 0 0 1 1 0 0 0 0 0 1 2 1 0 1 4 7 3 1 7 3 2 0 1 3 0 3 0
16 159062 0 0 2 2 1 0 0 0 2 3 4 1 0 1 2 5 2 0 0 2 2 0 0 1 0 0 1 1 1 0 1 3 7 3 0 6 2 2 0 1 3 0 3 0
16 160205 0 0 2 2 1 0 0 0 2 4 2 0 0 1 2 2 0 0 0 0 0 0 0 0 0 0 0 4 2 0 0 6 10 2 2 8 2 2 0 0 4 0 4 0
16 160214 0 0 2 2 1 0 0 0 2 4 2 0 0 1 3 2 0 0 1 1 0 0 0 0 0 0 0 3 3 1 0 4 8 3 2 8 2 3 0 0 3 0 3 0
16 160208 0 0 2 2 1 0 0 0 2 4 2 0 0 1 3 3 0 0 0 1 0 0 0 0 0 0 0 3 2 0 0 5 10 3 1 8 2 3 0 0 3 0 3 0
16 161863 0 0 2 2 1 0 0 0 2 4 2 0 0 1 4 2 0 0 2 2 0 0 1 0 0 0 0 2 4 2 0 2 6 4 2 6 2 4 0 0 3 0 2 0
16 160950 0 0 2 2 1 0 0 0 2 4 2 0 0 1 4 3 0 0 1 2 0 0 0 0 0 0 0 2 3 1 0 3 8 4 1 8 3 2 0 0 2 0 3 0
16 160945 0 0 2 2 1 0 0 0 2 4 2 0 0 1 4 4 0 0 0 2 0 0 1 0 0 0 0 2 2 0 0 4 10 4 0 6 2 4 0 0 3 0 2 0
16 29476 0 0 2 2 1 0 0 0 2 4 3 0 0 0 1 3 1 0 0 1 1 0 0 0 0 0 1 3 3 0 1 3 7 3 1 5 3 2 1 2 3 2 2 1
16 158034 0 0 2 2 1 0 0 0 2 4 3 0 0 0 2 3 0 0 1 3 1 0 1 1 0 0 1 3 4 1 0 2 7 3 0 5 1 3 0 1 4 0 3 0
16 158415 0 0 2 2 1 0 0 0 2 4 3 0 0 0 2 4 1 0 0 2 2 0 0 1 0 0 1 3 3 1 0 3 6 3 1 5 2 1 0 1 3 1 4 0
16 36151 0 0 2 2 1 0 0 0 2 4 3 0 0 1 2 4 1 0 0 2 1 0 1 1 0 0 0 2 2 1 1 3 5 4 1 3 2 2 1 2 3 2 2 1
16 160232 0 0 2 2 1 0 0 0 2 4 3 0 0 1 3 5 2 0 0 1 1 0 0 0 0 0 0 2 2 0 0 3 8 4 1 7 3 3 0 0 2 0 2 0
16 161874 0 0 2 2 1 0 0 0 2 4 3 0 0 1 4 5 2 0 1 2 2 0 0 0 0 0 0 1 3 1 0 1 6 4 1 6 4 2 0 0 2 0 2 0
16 160968 0 0 2 2 1 0 0 0 2 4 3 0 0 1 4 6 2 0 0 2 1 0 1 1 0 0 0 1 2 0 0 2 8 5 0 5 2 3 0 0 2 0 2 0
16 157937 0 0 2 2 1 0 0 0 2 4 3 1 0 0 2 2 1 0 1 2 0 0 1 0 0 0 1 3 3 1 0 3 6 4 1 6 2 4 0 1 3 0 2 0
16 29488 0 0 2 2 1 0 0 0 2 4 3 1 0 0 2 3 2 0 0 1 1 0 0 0 0 0 1 2 2 0 1 3 6 4 1 5 4 1 1 2 2 2 2 1
16 158868 0 0 2 2 1 0 0 0 2 4 3 1 0 0 3 3 2 0 1 2 1 0 1 0 0 0 1 2 3 1 0 2 5 4 1 5 3 3 0 1 3 0 2 0
16 160220 0 0 2 2 1 0 0 0 2 4 3 1 0 1 3 3 1 0 1 2 1 0 0 0 0 0 0 2 2 1 0 3 7 4 1 7 3 3 0 0 2 0 2 0
16 36163 0 0 2 2 1 0 0 0 2 4 3 1 0 1 3 4 2 0 0 2 2 0 0 1 0 0 0 1 1 1 1 3 4 4 1 4 3 1 1 2 2 2 2 1
16 161868 0 0 2 2 1 0 0 0 2 4 3 1 0 1 4 3 1 0 2 3 1 0 1 1 0 0 0 1 3 2 0 1 5 5 1 5 2 3 0 0 2 0 2 0
16 160956 0 0 2 2 1 0 0 0 2 4 3 1 0 1 4 4 1 0 1 3 2 0 0 0 0 0 0 1 2 1 0 2 7 4 0 6 4 2 0 0 2 0 2 0
16 47217 0 0 2 2 1 0 0 0 2 4 4 0 0 0 1 4 2 0 0 1 1 0 0 0 0 0 1 2 3 0 1 3 7 5 1 5 4 2 0 1 1 2 1 1
16 158040 0 0 2 2 1 0 0 0 2 4 4 0 0 0 1 5 1 0 0 3 1 0 1 1 0 0 1 3 3 1 0 2 6 4 0 5 2 2 0 1 3 0 3 0
16 62898 0 0 2 2 1 0 0 0 2 4 4 0 0 0 1 5 2 0 0 2 2 0 0 0 0 0 1 3 3 1 0 2 5 5 1 4 5 1 0 1 1 2 1 1
16 53658 0 0 2 2 1 0 0 0 2 4 4 0 0 1 2 5 2 0 0 2 1 0 1 1 0 0 0 1 2 1 1 3 5 6 1 3 3 2 0 1 1 2 1 1
16 70979 0 0 2 2 1 0 0 0 2 4 4 1 0 0 1 3 2 0 0 1 1 0 0 0 0 0 1 2 2 1 1 4 5 5 2 5 4 2 0 1 1 2 1 1
16 157955 0 0 2 2 1 0 0 0 2 4 4 1 0 0 1 4 1 0 0 3 1 0 1 0 0 0 1 3 2 1 0 3 6 4 0 5 3 3 0 1 3 0 2 0
16 70984 0 0 2 2 1 0 0 0 2 4 4 1 0 0 1 4 2 0 0 2 2 0 0 0 0 0 1 3 2 1 0 3 5 5 1 4 5 1 0 1 1 2 1 1
16 158421 0 0 2 2 1 0 0 0 2 4 4 1 0 0 1 4 2 0 0 2 2 0 0 1 0 0 1 3 2 1 0 3 5 4 1 5 3 0 0 1 2 1 4 0
16 47229 0 0 2 2 1 0 0 0 2 4 4 1 0 0 2 4 3 0 0 1 2 0 0 0 0 0 1 1 2 0 1 3 6 5 1 4 5 1 0 1 1 2 1 1
16 158886 0 0 2 2 1 0 0 0 2 4 4 1 0 0 2 5 2 0 0 3 2 0 1 1 0 0 1 2 2 1 0 2 5 4 0 4 2 3 0 1 3 0 2 0
16 62910 0 0 2 2 1 0 0 0 2 4 4 1 0 0 2 5 3 0 0 2 3 0 0 1 0 0 1 2 2 1 0 2 4 5 1 3 4 1 0 1 1 2 1 1
16 70995 0 0 2 2 1 0 0 0 2 4 4 1 0 1 2 3 2 0 1 2 1 0 1 1 0 0 0 1 2 2 1 3 3 6 2 3 3 2 0 1 1 2 1 1
16 160238 0 0 2 2 1 0 0 0 2 4 4 1 0 1 2 5 3 0 0 1 2 0 0 0 0 0 0 2 1 0 0 3 7 4 1 6 4 2 0 0 2 0 2 0
16 53670 0 0 2 2 1 0 0 0 2 4 4 1 0 1 3 5 3 0 0 2 3 0 0 1 0 0 0 0 1 1 1 3 4 5 1 3 4 1 0 1 1 2 1 1
16 161880 0 0 2 2 1 0 0 0 2 4 4 1 0 1 3 5 3 0 1 2 3 0 0 1 0 0 0 1 2 1 0 1 5 4 1 5 3 2 0 0 2 0 2 0
16 160974 0 0 2 2 1 0 0 0 2 4 4 1 0 1 3 6 3 0 0 2 3 0 0 1 0 0 0 1 1 0 0 2 7 4 0 5 3 2 0 0 2 0 2 0
16 162583 0 0 2 2 1 0 0 0 2 4 4 1 0 1 4 6 3 0 1 3 4 1 0 0 0 0 0 0 2 1 0 0 5 4 0 4 3 2 0 0 2 0 2 0
16 80464 0 0 2 2 1 0 0 0 2 4 4 2 0 0 2 3 4 0 0 0 2 0 0 0 0 0 1 1 1 0 1 4 5 5 2 4 5 1 0 1 1 2 1 1
16 80469 0 0 2 2 1 0 0 0 2 4 4 2 0 0 2 4 4 0 0 1 3 0 0 1 0 0 1 2 1 0 0 3 5 5 1 3 4 1 0 1 1 2 1 1
16 80480 0 0 2 2 1 0 0 0 2 4 4 2 0 1 3 3 4 0 1 1 3 0 0 1 0 0 0 0 1 1 1 3 3 5 2 3 4 1 0 1 1 2 1 1
16 160029 0 0 2 2 1 0 0 0 2 5 4 1 0 0 2 3 1 0 1 3 1 0 1 1 0 0 0 2 3 1 0 2 7 5 0 5 2 3 0 0 2 0 2 0
16 160375 0 0 2 2 1 0 0 0 2 5 4 1 0 0 2 4 2 0 0 2 2 0 0 1 0 0 0 2 2 1 0 3 6 4 1 6 3 1 0 0 2 0 3 0
16 160797 0 0 2 2 1 0 0 0 2 5 4 1 0 0 3 4 2 0 1 3 2 0 1 1 0 0 0 1 3 1 0 1 6 5 0 4 3 2 0 0 2 0 2 0
16 161963 0 0 2 2 1 0 0 0 2 5 4 1 0 0 3 5 3 0 0 2 3 0 0 1 0 0 0 1 2 0 0 2 7 4 0 5 4 0 0 0 2 0 3 0
16 160041 0 0 2 2 1 0 0 0 2 5 5 1 0 0 1 5 2 0 0 3 2 0 1 1 0 0 0 2 2 1 0 2 6 5 0 4 3 2 0 0 2 0 2 0
16 71007 0 0 2 2 1 0 0 0 2 5 5 1 0 0 1 5 4 0 0 2 4 1 0 0 0 0 0 2 2 1 0 2 3 5 1 2 4 1 0 1 1 2 1 1
16 160815 0 0 2 2 1 0 0 0 2 5 5 1 0 0 2 6 3 0 0 3 3 0 1 2 0 0 0 1 2 1 0 1 5 5 0 3 2 2 0 0 2 0 2 0
16 160381 0 0 2 2 1 0 0 0 2 5 5 2 0 0 1 4 3 0 0 2 3 0 0 1 0 0 0 2 1 1 0 3 5 4 1 5 4 0 0 0 2 0 3 0
16 161969 0 0 2 2 1 0 0 0 2 5 5 2 0 0 2 5 4 0 0 2 4 0 0 2 0 0 0 1 1 0 0 2 6 4 0 4 3 0 0 0 2 0 3 0
16 29462 0 0 2 2 1 1 0 0 2 3 1 2 0 1 3 1 1 0 2 2 0 0 1 0 0 0 1 2 2 2 1 2 3 5 2 4 3 3 1 2 2 2 1 1
16 36137 0 0 2 2 1 1 0 0 2 3 1 2 0 2 4 2 2 0 2 2 1 0 1 0 0 0 0 1 1 2 1 2 2 5 2 3 4 2 1 2 2 2 1 1
16 47203 0 0 2 2 1 1 0 0 2 3 2 2 0 1 3 2 1 0 2 3 1 0 1 1 0 0 1 1 2 2 1 2 4 6 1 3 3 2 0 1 1 2 1 1
16 53644 0 0 2 2 1 1 0 0 2 3 2 2 0 2 4 3 2 0 2 3 2 0 1 1 0 0 0 0 1 2 1 2 3 6 1 2 4 1 0 1 1 2 1 1
16 29498 0 0 2 2 1 1 0 0 2 4 2 2 0 0 2 2 2 0 1 2 1 0 1 0 0 0 1 2 2 1 1 2 4 5 1 3 4 2 1 2 2 2 1 1
16 36173 0 0 2 2 1 1 0 0 2 4 2 2 0 1 3 3 3 0 1 2 2 0 1 1 0 0 0 1 1 1 1 2 3 5 1 2 3 2 1 2 2 2 1 1
16 47239 0 0 2 2 1 1 0 0 2 4 3 2 0 0 2 3 3 0 1 2 2 0 1 1 0 0 1 1 2 1 1 2 4 6 1 2 4 1 0 1 1 2 1 1
16 53680 0 0 2 2 1 1 0 0 2 4 3 2 0 1 3 4 4 0 1 2 3 0 1 2 0 0 0 0 1 1 1 2 3 6 1 1 3 1 0 1 1 2 1 1
16 90404 0 0 2 2 2 0 0 0 2 2 4 0 0 0 0 2 0 0 0 0 0 0 0 0 0 0 2 2 4 0 2 4 10 4 2 6 4 0 0 0 2 2 3 1
16 90409 0 0 2 2 2 0 0 0 2 2 4 0 0 0 0 3 0 0 0 1 0 0 0 0 0 0 2 3 4 1 1 3 8 5 2 6 4 1 0 0 1 2 2 1
16 101059 0 0 2 2 2 0 0 0 2 2 4 0 0 0 0 4 0 0 0 2 0 0 0 0 0 0 2 4 4 2 0 2 6 6 2 6 5 0 0 0 0 2 2 1
16 157823 0 0 2 2 2 0 0 0 2 2 4 0 0 0 0 4 0 0 0 4 0 0 2 0 0 0 2 4 4 2 0 2 4 4 0 4 2 4 0 2 4 0 2 0
16 90420 0 0 2 2 2 0 0 0 2 2 4 0 0 1 1 3 0 0 0 1 0 0 0 0 0 0 1 1 3 1 2 4 8 5 2 6 4 1 0 0 1 2 2 1
16 94591 0 0 2 2 2 0 0 0 2 2 4 0 0 1 1 4 0 0 0 2 0 0 1 0 0 0 1 2 3 2 1 3 6 6 2 4 4 2 0 0 1 2 1 1
16 94602 0 0 2 2 2 0 0 0 2 2 4 0 0 2 2 4 0 0 0 2 0 0 0 0 0 0 0 0 2 2 2 4 6 6 2 6 5 0 0 0 0 2 2 1
16 90431 0 0 2 2 2 0 0 0 2 2 4 1 0 1 2 4 2 0 0 1 1 0 0 0 0 0 1 1 2 1 1 3 6 6 2 5 5 1 0 0 0 2 1 1
16 101079 0 0 2 2 2 0 0 0 2 2 4 1 0 1 2 5 2 0 0 2 1 0 1 1 0 0 1 2 2 2 0 2 4 7 2 3 4 1 0 0 0 2 1 1
16 94613 0 0 2 2 2 0 0 0 2 2 4 1 0 2 3 5 2 0 0 2 2 0 0 0 0 0 0 0 1 2 1 3 4 6 2 4 6 0 0 0 0 2 1 1
16 111196 0 0 2 2 2 0 0 0 2 2 4 2 0 2 4 6 4 0 0 2 4 1 0 0 0 0 0 0 0 2 0 2 2 6 2 2 5 0 0 0 0 2 1 1
16 90453 0 0 2 2 2 0 0 0 2 3 5 1 0 0 0 3 2 0 0 1 1 0 0 0 0 0 1 2 3 1 1 3 6 6 2 5 5 1 0 0 0 2 1 1
16 158045 0 0 2 2 2 0 0 0 2 3 5 1 0 0 0 4 1 0 0 4 1 0 2 1 0 0 1 3 3 2 0 2 4 5 0 3 2 3 0 1 3 0 2 0
16 101089 0 0 2 2 2 0 0 0 2 3 5 1 0 0 0 4 2 0 0 2 2 0 0 0 0 0 1 3 3 2 0 2 4 6 2 4 6 0 0 0 0 2 1 1
16 94635 0 0 2 2 2 0 0 0 2 3 5 1 0 1 1 4 2 0 0 2 1 0 1 1 0 0 0 1 2 2 1 3 4 7 2 3 4 1 0 0 0 2 1 1
16 90463 0 0 2 2 2 0 0 0 2 3 5 2 0 0 1 3 4 0 0 0 2 0 0 0 0 0 1 1 2 0 1 3 6 6 2 4 6 0 0 0 0 2 1 1
16 101099 0 0 2 2 2 0 0 0 2 3 5 2 0 0 1 4 4 0 0 1 3 0 0 1 0 0 1 2 2 1 0 2 4 6 2 3 5 0 0 0 0 2 1 1
16 94645 0 0 2 2 2 0 0 0 2 3 5 2 0 1 2 4 4 0 0 1 3 0 0 1 0 0 0 0 1 1 1 3 4 6 2 3 5 0 0 0 0 2 1 1
16 160082 0 0 2 2 2 0 0 0 2 4 6 2 0 0 0 4 2 0 0 4 2 0 2 2 0 0 0 2 2 2 0 2 4 6 0 2 2 2 0 0 2 0 2 0
16 105981 0 0 2 2 2 0 0 0 2 4 6 2 0 0 0 4 4 0 0 2 4 1 0 0 0 0 0 2 2 2 0 2 2 6 2 2 5 0 0 0 0 2 1 1
16 158259 0 0 2 2 2 1 0 0 2 2 2 2 0 1 2 1 1 0 1 2 0 0 1 0 0 0 1 2 2 2 1 4 4 4 2 6 2 4 0 1 3 0 2 0
16 159049 0 0 2 2 2 1 0 0 2 2 2 2 0 1 3 2 2 0 1 2 1 0 1 0 0 0 1 1 2 1 1 3 5 4 1 5 3 3 0 1 3 0 2 0
16 158277 0 0 2 2 2 1 0 0 2 2 3 2 0 1 1 3 2 0 0 2 1 0 1 0 0 0 1 2 1 1 1 4 5 4 1 5 3 3 0 1 3 0 2 0
16 90440 0 0 2 2 2 1 0 0 2 2 3 2 0 1 2 3 2 0 1 2 2 0 0 1 0 0 1 1 2 2 1 2 4 6 2 4 4 1 0 0 0 2 1 1
16 159067 0 0 2 2 2 1 0 0 2 2 3 2 0 1 2 4 3 0 0 2 2 0 1 1 0 0 1 1 1 0 1 3 6 4 0 4 2 3 0 1 3 0 2 0
16 94622 0 0 2 2 2 1 0 0 2 2 3 2 0 2 3 4 3 0 1 2 3 0 0 1 0 0 0 0 1 2 1 2 3 6 2 3 5 0 0 0 0 2 1 1
16 160225 0 0 2 2 2 1 0 0 2 3 2 2 0 1 3 2 1 0 1 3 1 0 1 1 0 0 0 2 2 2 0 3 5 5 1 5 2 3 0 0 2 0 2 0
16 160961 0 0 2 2 2 1 0 0 2 3 2 2 0 1 4 3 2 0 1 3 2 0 1 1 0 0 0 1 2 1 0 2 6 5 0 4 3 2 0 0 2 0 2 0
16 160243 0 0 2 2 2 1 0 0 2 3 3 2 0 1 2 4 3 0 0 2 2 0 1 1 0 0 0 2 1 1 0 3 5 5 1 4 3 2 0 0 2 0 2 0
16 160979 0 0 2 2 2 1 0 0 2 3 3 2 0 1 3 5 4 0 0 2 3 0 1 2 0 0 0 1 1 0 0 2 6 5 0 3 2 2 0 0 2 0 2 0
16 90472 0 0 2 2 2 1 0 0 2 3 4 3 0 0 1 2 4 0 1 1 3 0 0 1 0 0 1 1 2 1 1 2 4 6 2 3 5 0 0 0 0 2 1 1
16 94654 0 0 2 2 2 1 0 0 2 3 4 3 0 1 2 3 5 0 1 1 4 0 0 2 0 0 0 0 1 1 1 2 3 6 2 2 4 0 0 0 0 2 1 1
14 152289 0 0 2 2 2 2 0 0 0 2 2 4 0 0 2 0 4 0 2 0 4 0 0 2 0 0 0 0 2 2 0 0 2 6 2 0 4 0 0 0 0 0 0 0
14 156595 0 0 2 2 2 4 2 0 0 2 0 4 4 0 2 0 4 6 2 0 4 4 0 0 0 0 0 0 0 0 0 0 0 0 2 0 2 0 0 0 0 0 0 0
14 156484 0 0 2 2 2 4 2 0 0 2 0 4 4 0 2 0 4 6 2 0 4 4 0 0 0 0 0 0 0 0 0 0 0 0 2 0 2 0 0 0 0 0 0 1
16 162797 0 0 2 2 3 2 1 0 2 2 2 2 2 1 4 3 0 1 2 6 2 0 3 4 2 0 0 0 2 2 0 0 2 2 0 2 0 2 0 0 2 0 2 0
16 162803 0 0 2 2 3 2 1 0 2 2 3 2 2 1 3 5 2 2 1 5 3 1 2 3 1 0 0 0 1 1 0 0 2 2 0 2 0 2 0 0 2 0 2 0
16 158297 0 0 2 3 1 0 0 0 1 4 2 0 0 0 1 1 0 0 0 0 0 0 0 0 0 0 1 5 3 0 0 6 9 2 1 7 2 1 0 2 4 1 5 0
16 158307 0 0 2 3 1 0 0 0 1 4 2 0 0 0 2 1 0 0 1 0 0 0 0 0 0 0 1 4 4 1 0 4 8 3 2 7 2 2 0 1 3 1 4 0
16 158300 0 0 2 3 1 0 0 0 1 4 2 0 0 0 2 2 0 0 0 1 0 0 0 0 0 0 1 4 3 0 0 5 9 2 0 8 2 2 0 2 4 0 4 0
16 159086 0 0 2 3 1 0 0 0 1 4 2 0 0 0 2 2 0 0 0 1 0 0 0 0 0 0 1 4 3 1 0 5 7 3 1 7 2 2 0 2 3 1 4 0
16 159096 0 0 2 3 1 0 0 0 1 4 2 0 0 0 3 2 0 0 1 1 0 0 0 0 0 0 1 3 4 2 0 3 6 4 2 7 3 1 0 1 2 1 4 0
16 159089 0 0 2 3 1 0 0 0 1 4 2 0 0 0 3 3 0 0 0 2 0 0 1 0 0 0 1 3 3 1 0 4 7 3 0 6 2 3 0 2 4 0 3 0
16 29534 0 0 2 3 1 0 0 0 1 4 3 0 0 0 1 3 1 0 0 1 2 0 0 1 0 0 1 3 3 1 1 3 5 3 1 3 2 1 1 3 3 3 3 1
16 158326 0 0 2 3 1 0 0 0 1 4 3 0 0 0 2 4 1 0 0 1 1 0 0 0 0 0 1 3 3 0 0 3 9 3 0 7 3 2 0 1 3 0 3 0
16 159115 0 0 2 3 1 0 0 0 1 4 3 0 0 0 3 5 1 0 0 2 1 0 1 1 0 0 1 2 3 1 0 2 7 4 0 5 2 2 0 1 3 0 3 0
16 158314 0 0 2 3 1 0 0 0 1 4 3 1 0 0 2 2 1 0 1 1 0 0 0 0 0 0 1 3 3 1 0 3 7 4 1 8 3 2 0 1 2 0 3 0
16 29546 0 0 2 3 1 0 0 0 1 4 3 1 0 0 2 3 2 0 0 1 2 0 0 1 0 0 1 2 2 1 1 3 4 4 1 3 3 0 1 3 2 3 3 1
16 159103 0 0 2 3 1 0 0 0 1 4 3 1 0 0 3 3 1 0 1 2 1 0 0 0 0 0 1 2 3 2 0 2 5 4 1 7 4 1 0 1 2 0 3 0
16 47275 0 0 2 3 1 0 0 0 1 4 4 1 0 0 1 3 2 0 0 1 2 0 0 1 0 0 1 2 2 1 1 4 5 4 1 4 3 1 0 2 2 2 2 1
16 158332 0 0 2 3 1 0 0 0 1 4 4 1 0 0 1 4 2 0 0 1 1 0 0 0 0 0 1 3 2 0 0 3 8 4 0 7 4 1 0 1 2 0 3 0
16 62932 0 0 2 3 1 0 0 0 1 4 4 1 0 0 1 4 3 0 0 1 3 0 0 1 0 0 1 3 2 0 0 3 6 4 0 3 4 0 0 2 2 2 2 1
16 159121 0 0 2 3 1 0 0 0 1 4 4 1 0 0 2 5 2 0 0 2 2 0 0 1 0 0 1 2 2 1 0 2 6 4 0 6 3 1 0 1 2 0 3 0
16 47287 0 0 2 3 1 0 0 0 1 4 4 2 0 0 2 3 3 0 0 1 3 0 0 1 0 0 1 1 1 1 1 4 4 4 1 3 4 0 0 2 2 2 2 1
16 62944 0 0 2 3 1 0 0 0 1 4 4 2 0 0 2 4 4 0 0 1 4 0 0 2 0 0 1 2 1 0 0 3 5 4 0 2 3 0 0 2 2 2 2 1
16 160262 0 0 2 3 1 0 0 0 1 5 3 0 0 0 1 2 0 0 0 0 0 0 0 0 0 0 0 4 3 0 0 5 11 3 1 8 3 1 0 0 3 0 4 0
16 160271 0 0 2 3 1 0 0 0 1 5 3 0 0 0 2 2 0 0 1 1 0 0 0 0 0 0 0 3 4 1 0 3 9 4 1 8 3 2 0 0 2 0 3 0
16 160265 0 0 2 3 1 0 0 0 1 5 3 0 0 0 2 3 0 0 0 1 0 0 0 0 0 0 0 3 3 0 0 4 11 4 0 8 3 2 0 0 2 0 3 0
16 160997 0 0 2 3 1 0 0 0 1 5 3 0 0 0 2 3 0 0 0 1 0 0 0 0 0 0 0 3 3 1 0 4 9 4 1 8 3 2 0 0 2 0 3 0
16 161006 0 0 2 3 1 0 0 0 1 5 3 0 0 0 3 3 0 0 1 2 0 0 0 0 0 0 0 2 4 2 0 2 7 5 1 8 4 1 0 0 1 0 3 0
16 161899 0 0 2 3 1 0 0 0 1 5 3 0 0 0 3 3 0 0 1 2 0 0 1 0 0 0 0 2 4 2 0 2 7 5 1 6 3 3 0 0 2 0 2 0
16 161894 0 0 2 3 1 0 0 0 1 5 3 0 0 0 3 4 0 0 0 2 0 0 0 0 0 0 0 2 3 1 0 3 9 5 0 8 4 1 0 0 1 0 3 0
16 161000 0 0 2 3 1 0 0 0 1 5 3 0 0 0 3 4 0 0 0 2 0 0 1 0 0 0 0 2 3 1 0 3 9 5 0 6 3 3 0 0 2 0 2 0
16 160289 0 0 2 3 1 0 0 0 1 5 4 0 0 0 2 5 2 0 0 1 1 0 0 0 0 0 0 2 3 0 0 2 9 5 0 7 4 2 0 0 1 0 2 0
16 161024 0 0 2 3 1 0 0 0 1 5 4 0 0 0 3 6 2 0 0 2 1 0 1 1 0 0 0 1 3 1 0 1 7 6 0 5 3 2 0 0 1 0 2 0
16 161910 0 0 2 3 1 0 0 0 1 5 4 0 0 0 3 6 2 0 0 2 2 0 0 0 0 0 0 1 3 1 0 1 7 5 0 6 5 1 0 0 1 0 2 0
16 160277 0 0 2 3 1 0 0 0 1 5 4 1 0 0 2 3 1 0 1 2 1 0 0 0 0 0 0 2 3 1 0 2 8 5 0 7 4 2 0 0 1 0 2 0
16 162588 0 0 2 3 1 0 0 0 1 5 4 1 0 0 2 4 2 0 0 1 1 0 0 0 0 0 0 2 2 1 0 3 7 5 1 7 4 2 0 0 1 0 2 0
16 161904 0 0 2 3 1 0 0 0 1 5 4 1 0 0 3 4 1 0 1 3 1 0 1 1 0 0 0 1 3 2 0 1 6 6 0 5 3 2 0 0 1 0 2 0
16 161012 0 0 2 3 1 0 0 0 1 5 4 1 0 0 3 4 1 0 1 3 2 0 0 0 0 0 0 1 3 2 0 1 6 5 0 6 5 1 0 0 1 0 2 0
16 162594 0 0 2 3 1 0 0 0 1 5 4 1 0 0 3 4 2 0 1 2 1 0 1 1 0 0 0 1 3 2 0 1 5 6 1 5 3 2 0 0 1 0 2 0
16 163248 0 0 2 3 1 0 0 0 1 5 4 1 0 0 3 4 2 0 1 2 2 0 0 0 0 0 0 1 3 2 0 1 5 5 1 6 5 1 0 0 1 0 2 0
16 163244 0 0 2 3 1 0 0 0 1 5 4 1 0 0 3 5 2 0 0 2 1 0 1 1 0 0 0 1 2 1 0 2 7 6 0 5 3 2 0 0 1 0 2 0
16 162590 0 0 2 3 1 0 0 0 1 5 4 1 0 0 3 5 2 0 0 2 2 0 0 0 0 0 0 1 2 1 0 2 7 5 0 6 5 1 0 0 1 0 2 0
16 160295 0 0 2 3 1 0 0 0 1 5 5 1 0 0 1 5 3 0 0 1 2 0 0 0 0 0 0 2 2 0 0 2 8 5 0 6 5 1 0 0 1 0 2 0
16 161030 0 0 2 3 1 0 0 0 1 5 5 1 0 0 2 6 3 0 0 2 3 0 0 1 0 0 0 1 2 1 0 1 6 5 0 5 4 1 0 0 1 0 2 0
16 162599 0 0 2 3 1 0 0 0 1 5 5 1 0 0 3 7 4 0 0 2 4 1 0 0 0 0 0 0 2 1 0 0 5 5 0 4 4 1 0 0 1 0 2 0
16 163400 0 0 2 3 1 0 0 0 1 5 5 2 0 0 1 4 4 0 0 0 2 0 0 0 0 0 0 2 1 0 0 3 7 5 1 6 5 1 0 0 1 0 2 0
16 163406 0 0 2 3 1 0 0 0 1 5 5 2 0 0 2 4 4 0 1 1 3 0 0 1 0 0 0 1 2 1 0 1 5 5 1 5 4 1 0 0 1 0 2 0
16 163402 0 0 2 3 1 0 0 0 1 5 5 2 0 0 2 5 4 0 0 1 3 0 0 1 0 0 0 1 1 0 0 2 7 5 0 5 4 1 0 0 1 0 2 0
16 163253 0 0 2 3 1 0 0 0 1 5 5 2 0 0 3 5 3 0 1 3 4 1 0 0 0 0 0 0 2 2 0 0 4 5 0 4 4 1 0 0 1 0 2 0
16 29536 0 0 2 3 2 0 0 0 1 3 4 0 0 0 0 3 1 0 0 1 2 0 0 1 0 0 1 3 4 1 1 2 6 3 1 4 2 2 1 2 3 2 2 1
16 158416 0 0 2 3 2 0 0 0 1 3 4 0 0 0 1 4 1 0 0 2 2 0 0 1 0 0 1 3 4 1 0 2 7 3 0 6 2 2 0 1 3 0 3 0
16 29548 0 0 2 3 2 0 0 0 1 3 4 1 0 0 1 3 2 0 0 1 2 0 0 1 0 0 1 2 3 1 1 2 5 4 1 4 3 1 1 2 2 2 2 1
16 47277 0 0 2 3 2 0 0 0 1 3 5 1 0 0 0 3 2 0 0 1 2 0 0 1 0 0 1 2 3 1 1 3 6 5 1 4 3 2 0 1 1 2 1 1
16 158422 0 0 2 3 2 0 0 0 1 3 5 1 0 0 0 4 2 0 0 2 2 0 0 1 0 0 1 3 3 1 0 2 6 4 0 6 3 1 0 1 2 0 3 0
16 62934 0 0 2 3 2 0 0 0 1 3 5 1 0 0 0 4 3 0 0 1 3 0 0 1 0 0 1 3 3 1 0 2 5 5 1 3 4 1 0 1 1 2 1 1
16 47289 0 0 2 3 2 0 0 0 1 3 5 2 0 0 1 3 3 0 0 1 3 0 0 1 0 0 1 1 2 1 1 3 5 5 1 3 4 1 0 1 1 2 1 1
16 62946 0 0 2 3 2 0 0 0 1 3 5 2 0 0 1 4 4 0 0 1 4 0 0 2 0 0 1 2 2 1 0 2 4 5 1 2 3 1 0 1 1 2 1 1
16 160376 0 0 2 3 2 0 0 0 1 4 5 1 0 0 1 4 2 0 0 2 2 0 0 1 0 0 0 2 3 1 0 2 7 5 0 6 3 2 0 0 1 0 2 0
16 161964 0 0 2 3 2 0 0 0 1 4 5 1 0 0 2 5 3 0 0 2 3 0 0 1 0 0 0 1 3 1 0 1 6 5 0 5 4 1 0 0 1 0 2 0
16 160382 0 0 2 3 2 0 0 0 1 4 6 2 0 0 0 4 3 0 0 2 3 0 0 1 0 0 0 2 2 1 0 2 6 5 0 5 4 1 0 0 1 0 2 0
16 161970 0 0 2 3 2 0 0 0 1 4 6 2 0 0 1 5 4 0 0 2 4 0 0 2 0 0 0 1 2 1 0 1 5 5 0 4 3 1 0 0 1 0 2 0
16 158319 0 0 2 3 2 1 0 0 1 3 2 2 0 0 2 1 1 0 1 2 0 0 1 0 0 0 1 3 3 2 0 3 5 5 1 6 3 3 0 1 2 0 2 0
16 159108 0 0 2 3 2 1 0 0 1 3 2 2 0 0 3 2 2 0 1 2 1 0 1 0 0 0 1 2 3 2 0 2 4 5 1 5 4 2 0 1 2 0 2 0
16 73520 0 0 2 3 2 1 0 0 1 3 3 2 0 0 1 2 2 0 0 1 2 0 0 1 0 0 1 2 2 2 1 4 4 5 2 4 3 2 0 1 1 2 1 1
16 29558 0 0 2 3 2 1 0 0 1 3 3 2 0 0 1 2 2 0 1 2 2 0 1 1 0 0 1 2 3 2 1 1 3 5 1 2 3 2 1 2 2 2 1 1
16 158337 0 0 2 3 2 1 0 0 1 3 3 2 0 0 1 3 2 0 0 2 1 0 1 0 0 0 1 3 2 1 0 3 6 5 0 5 4 2 0 1 2 0 2 0
16 73525 0 0 2 3 2 1 0 0 1 3 3 2 0 0 1 3 3 0 0 1 3 0 0 1 0 0 1 3 2 1 0 3 5 5 1 3 4 1 0 1 1 2 1 1
16 159126 0 0 2 3 2 1 0 0 1 3 3 2 0 0 2 4 3 0 0 2 2 0 1 1 0 0 1 2 2 1 0 2 5 5 0 4 3 2 0 1 2 0 2 0
16 82248 0 0 2 3 2 1 0 0 1 3 3 3 0 0 2 2 4 0 0 0 3 0 0 1 0 0 1 1 1 1 1 4 4 5 2 3 4 1 0 1 1 2 1 1
16 82253 0 0 2 3 2 1 0 0 1 3 3 3 0 0 2 3 5 0 0 0 4 0 0 2 0 0 1 2 1 0 0 3 5 5 1 2 3 1 0 1 1 2 1 1
16 47299 0 0 2 3 2 1 0 0 1 3 4 3 0 0 1 2 3 0 1 2 3 0 1 2 0 0 1 1 2 2 1 2 3 6 1 1 3 1 0 1 1 2 1 1
16 160282 0 0 2 3 2 1 0 0 1 4 3 2 0 0 2 2 1 0 1 3 1 0 1 1 0 0 0 2 3 2 0 2 6 6 0 5 3 2 0 0 1 0 2 0
16 162815 0 0 2 3 2 1 0 0 1 4 3 2 0 0 2 3 2 0 0 2 2 0 0 1 0 0 0 2 2 2 0 3 5 5 1 6 3 2 0 0 1 0 2 0
16 161017 0 0 2 3 2 1 0 0 1 4 3 2 0 0 3 3 2 0 1 3 2 0 1 1 0 0 0 1 3 2 0 1 5 6 0 4 4 1 0 0 1 0 2 0
16 162817 0 0 2 3 2 1 0 0 1 4 3 2 0 0 3 4 3 0 0 2 3 0 0 1 0 0 0 1 2 1 0 2 6 5 0 5 4 1 0 0 1 0 2 0
16 160300 0 0 2 3 2 1 0 0 1 4 4 2 0 0 1 4 3 0 0 2 2 0 1 1 0 0 0 2 2 1 0 2 6 6 0 4 4 1 0 0 1 0 2 0
16 161035 0 0 2 3 2 1 0 0 1 4 4 2 0 0 2 5 4 0 0 2 3 0 1 2 0 0 0 1 2 1 0 1 5 6 0 3 3 1 0 0 1 0 2 0
16 163522 0 0 2 3 2 1 0 0 1 4 4 3 0 0 1 3 4 0 0 1 3 0 0 1 0 0 0 2 1 1 0 3 5 5 1 5 4 1 0 0 1 0 2 0
16 163524 0 0 2 3 2 1 0 0 1 4 4 3 0 0 2 4 5 0 0 1 4 0 0 2 0 0 0 1 1 0 0 2 6 5 0 4 3 1 0 0 1 0 2 0
16 73534 0 0 2 3 2 2 1 0 1 3 2 2 2 1 3 3 1 1 2 4 3 0 2 4 2 0 0 1 1 2 0 1 1 2 1 1 1 1 0 1 1 2 1 1
16 82262 0 0 2 3 2 2 1 0 1 3 2 3 2 1 4 3 3 2 2 3 4 1 1 3 1 0 0 0 0 1 0 1 1 2 1 1 1 1 0 1 1 2 1 1
16 73546 0 0 2 3 2 2 1 0 1 4 3 2 2 0 2 4 3 2 1 3 4 1 1 3 1 0 0 1 1 1 0 1 1 2 1 1 1 1 0 1 1 2 1 1
16 90507 0 0 2 3 3 1 0 0 1 2 4 2 0 0 0 2 2 0 0 1 2 0 0 1 0 0 1 2 3 2 1 3 5 6 2 4 4 1 0 0 0 2 1 1
16 158427 0 0 2 3 3 1 0 0 1 2 4 2 0 0 0 3 2 0 0 3 2 0 1 1 0 0 1 3 3 2 0 2 4 5 0 4 3 2 0 1 2 0 2 0
16 101119 0 0 2 3 3 1 0 0 1 2 4 2 0 0 0 3 3 0 0 1 3 0 0 1 0 0 1 3 3 2 0 2 4 6 2 3 5 0 0 0 0 2 1 1
16 90517 0 0 2 3 3 1 0 0 1 2 4 3 0 0 1 2 4 0 0 0 3 0 0 1 0 0 1 1 2 1 1 3 5 6 2 3 5 0 0 0 0 2 1 1
16 101129 0 0 2 3 3 1 0 0 1 2 4 3 0 0 1 3 5 0 0 0 4 0 0 2 0 0 1 2 2 1 0 2 4 6 2 2 4 0 0 0 0 2 1 1
16 160387 0 0 2 3 3 1 0 0 1 3 5 3 0 0 0 3 3 0 0 3 3 0 1 2 0 0 0 2 2 2 0 2 4 6 0 3 3 1 0 0 1 0 2 0
16 90526 0 0 2 3 3 2 0 0 1 2 3 4 0 0 1 1 4 0 1 1 4 0 0 2 0 0 1 1 2 2 1 2 3 6 2 2 4 0 0 0 0 2 1 1
16 107594 0 0 2 3 3 2 1 0 1 2 3 2 2 1 2 4 2 1 1 3 4 0 1 4 2 0 0 1 1 2 0 1 1 2 2 2 2 0 0 0 0 2 1 1
16 113606 0 0 2 3 3 2 1 0 1 2 3 3 2 1 3 4 4 2 1 2 5 1 0 3 1 0 0 0 0 1 0 1 1 2 2 2 2 0 0 0 0 2 1 1
16 162821 0 0 2 3 3 2 1 0 1 3 3 2 2 0 3 4 1 1 1 5 3 0 2 4 2 0 0 0 2 2 0 0 2 2 0 3 1 1 0 0 1 0 2 0
16 162827 0 0 2 3 3 2 1 0 1 3 4 2 2 0 2 6 3 2 0 4 4 1 1 3 1 0 0 0 1 1 0 0 2 2 0 3 1 1 0 0 1 0 2 0
16 107606 0 0 2 3 3 2 1 0 1 3 4 3 2 0 1 3 4 2 1 2 5 1 0 3 1 0 0 1 1 1 0 1 1 2 2 2 2 0 0 0 0 2 1 1
16 163528 0 0 2 3 3 2 1 0 1 3 4 3 2 0 2 4 3 2 1 4 4 1 1 3 1 0 0 0 1 1 0 0 2 2 0 3 1 1 0 0 1 0 2 0
16 164061 0 0 2 4 2 0 0 0 0 4 4 0 0 0 0 2 0 0 0 0 0 0 0 0 0 0 0 4 4 0 0 4 12 4 0 8 4 0 0 0 2 0 4 0
16 3557 0 0 2 4 2 0 0 0 0 4 4 0 0 0 0 2 0 0 0 0 0 0 0 0 0 0 0 4 6 2 0 2 8 4 2 6 2 4 0 0 4 0 1 0
16 164063 0 0 2 4 2 0 0 0 0 4 4 0 0 0 1 3 0 0 0 1 0 0 0 0 0 0 0 3 4 1 0 3 10 5 0 8 4 1 0 0 1 0 3 0
16 3561 0 0 2 4 2 0 0 0 0 4 4 0 0 0 1 3 0 0 0 1 0 0 0 0 0 0 0 3 5 2 0 2 8 5 1 6 3 3 0 0 3 0 1 0
16 3580 0 0 2 4 2 0 0 0 0 4 4 0 0 0 1 3 0 0 1 2 0 0 1 0 0 0 0 3 6 3 0 0 6 6 1 4 3 4 0 0 3 0 0 0
16 3606 0 0 2 4 2 0 0 0 0 4 4 0 0 0 2 4 0 0 0 2 0 0 0 0 0 0 0 2 4 2 0 2 8 6 0 6 4 2 0 0 2 0 1 0
16 164353 0 0 2 4 2 0 0 0 0 4 4 0 0 0 2 4 0 0 0 2 0 0 0 0 0 0 0 2 4 2 0 2 8 6 0 8 5 0 0 0 0 0 3 0
16 164349 0 0 2 4 2 0 0 0 0 4 4 0 0 0 2 4 0 0 0 2 0 0 1 0 0 0 0 2 4 2 0 2 8 6 0 6 4 2 0 0 1 0 2 0
16 3641 0 0 2 4 2 0 0 0 0 4 4 0 0 0 2 6 2 0 0 2 2 0 0 0 0 0 0 2 4 2 0 0 6 6 0 4 5 2 0 0 2 0 0 0
16 3629 0 0 2 4 2 0 0 0 0 4 5 1 0 0 1 3 1 0 1 3 1 0 1 1 0 0 0 2 5 3 0 0 5 7 0 3 3 3 0 0 2 0 0 0
16 164069 0 0 2 4 2 0 0 0 0 4 5 1 0 0 1 4 2 0 0 1 1 0 0 0 0 0 0 2 3 1 0 2 8 6 0 7 5 1 0 0 0 0 2 0
16 3656 0 0 2 4 2 0 0 0 0 4 5 1 0 0 1 5 3 0 0 2 3 0 0 1 0 0 0 2 4 2 0 0 5 6 0 3 4 2 0 0 2 0 0 0
16 164367 0 0 2 4 2 0 0 0 0 4 5 1 0 0 2 5 2 0 0 2 1 0 1 1 0 0 0 1 3 2 0 1 6 7 0 5 4 1 0 0 0 0 2 0
16 164357 0 0 2 4 2 0 0 0 0 4 5 1 0 0 2 5 2 0 0 2 2 0 0 0 0 0 0 1 3 2 0 1 6 6 0 6 6 0 0 0 0 0 2 0
16 5417 0 0 2 4 2 0 0 0 0 4 6 2 0 0 0 2 2 0 0 0 0 0 0 0 0 0 0 2 4 2 0 2 6 6 2 6 3 4 0 0 2 0 0 0
16 164081 0 0 2 4 2 0 0 0 0 4 6 2 0 0 0 4 4 0 0 0 2 0 0 0 0 0 0 2 2 0 0 2 8 6 0 6 6 0 0 0 0 0 2 0
16 3768 0 0 2 4 2 0 0 0 0 4 6 2 0 0 0 4 4 0 0 2 4 0 0 2 0 0 0 2 4 2 0 0 4 6 0 2 3 2 0 0 2 0 0 0
16 5421 0 0 2 4 2 0 0 0 0 4 6 2 0 0 1 3 2 0 0 1 1 0 0 0 0 0 0 1 3 2 0 2 6 6 1 5 4 3 0 0 2 0 0 0
16 5440 0 0 2 4 2 0 0 0 0 4 6 2 0 0 1 3 2 0 1 2 1 0 1 1 0 0 0 1 4 3 0 0 4 7 1 3 3 3 0 0 2 0 0 0
16 164371 0 0 2 4 2 0 0 0 0 4 6 2 0 0 1 5 4 0 0 1 3 0 0 1 0 0 0 1 2 1 0 1 6 6 0 5 5 0 0 0 0 0 2 0
16 5466 0 0 2 4 2 0 0 0 0 4 6 2 0 0 2 4 2 0 0 2 2 0 0 0 0 0 0 0 2 2 0 2 6 6 0 4 5 2 0 0 2 0 0 0
16 5489 0 0 2 4 2 0 0 0 0 4 6 2 0 0 2 6 4 0 0 2 4 1 0 0 0 0 0 0 2 2 0 0 4 6 0 2 4 2 0 0 2 0 0 0
16 164961 0 0 2 4 2 0 0 0 0 4 6 2 0 0 2 6 4 0 0 2 4 1 0 0 0 0 0 0 2 2 0 0 4 6 0 4 5 0 0 0 0 0 2 0
16 164073 0 0 2 4 3 1 0 0 0 3 4 2 0 0 1 3 2 0 0 2 2 0 0 1 0 0 0 2 3 2 0 2 6 6 0 6 4 1 0 0 0 0 2 0
16 164361 0 0 2 4 3 1 0 0 0 3 4 2 0 0 2 4 3 0 0 2 3 0 0 1 0 0 0 1 3 2 0 1 5 6 0 5 5 0 0 0 0 0 2 0
16 8387 0 0 2 4 3 1 0 0 0 3 5 3 0 0 0 2 3 0 0 0 1 0 0 0 0 0 0 2 3 2 0 2 5 6 2 5 4 3 0 0 2 0 0 0
16 164085 0 0 2 4 3 1 0 0 0 3 5 3 0 0 0 3 4 0 0 1 3 0 0 1 0 0 0 2 2 1 0 2 6 6 0 5 5 0 0 0 0 0 2 0
16 8543 0 0 2 4 3 1 0 0 0 3 5 3 0 0 1 3 3 0 0 1 2 0 0 1 0 0 0 1 2 2 0 2 5 6 1 4 3 3 0 0 2 0 0 0
16 8400 0 0 2 4 3 1 0 0 0 3 5 3 0 0 1 3 4 0 0 0 2 0 0 0 0 0 0 1 2 1 0 2 6 6 1 4 5 2 0 0 2 0 0 0
16 8465 0 0 2 4 3 1 0 0 0 3 5 3 0 0 1 3 4 0 1 1 3 0 0 1 0 0 0 1 3 2 0 0 4 6 1 3 4 2 0 0 2 0 0 0
16 164375 0 0 2 4 3 1 0 0 0 3 5 3 0 0 1 4 5 0 0 1 4 0 0 2 0 0 0 1 2 1 0 1 5 6 0 4 4 0 0 0 0 0 2 0
16 8556 0 0 2 4 3 1 0 0 0 3 5 3 0 0 2 4 4 0 0 1 3 0 0 1 0 0 0 0 1 1 0 2 6 6 0 3 4 2 0 0 2 0 0 0
16 16351 0 0 2 4 4 2 0 0 0 2 4 4 0 0 0 2 4 0 0 0 2 0 0 0 0 0 0 2 2 2 0 2 4 6 2 4 5 2 0 0 2 0 0 0
16 164126 0 0 2 4 4 2 0 0 0 2 4 4 0 0 0 2 4 0 0 2 4 0 0 2 0 0 0 2 2 2 0 2 4 6 0 4 4 0 0 0 0 0 2 0
16 16355 0 0 2 4 4 2 0 0 0 2 4 4 0 0 1 3 5 0 0 0 3 0 0 1 0 0 0 1 1 1 0 2 5 6 1 3 4 2 0 0 2 0 0 0
16 16376 0 0 2 4 4 2 0 0 0 2 4 4 0 0 2 4 6 0 0 0 4 0 0 2 0 0 0 0 0 0 0 2 6 6 0 2 3 2 0 0 2 0 0 0
16 165036 0 0 2 4 4 2 1 0 0 2 4 2 2 0 2 5 2 1 0 4 4 0 1 4 2 0 0 0 2 2 0 0 2 2 0 4 2 0 0 0 0 0 2 0
16 8621 0 0 2 4 4 2 1 0 0 2 5 3 2 0 1 3 2 1 1 3 3 0 2 4 2 0 0 0 2 2 0 0 3 3 0 1 1 2 0 0 2 0 0 0
16 8673 0 0 2 4 4 2 1 0 0 2 5 3 2 0 1 5 4 2 0 2 4 1 1 3 1 0 0 0 1 1 0 0 3 3 0 1 1 2 0 0 2 0 0 0
16 165042 0 0 2 4 4 2 1 0 0 2 5 3 2 0 1 5 4 2 0 3 5 1 0 3 1 0 0 0 1 1 0 0 2 2 0 4 2 0 0 0 0 0 2 0
16 138379 0 0 2 4 4 4 2 0 0 2 2 4 4 0 2 2 4 6 2 2 4 4 0 0 0 0 0 0 0 0 0 0 0 0 2 2 2 0 0 0 0 2 1 1
16 16393 0 0 2 4 5 3 1 0 0 1 4 4 2 0 1 3 4 2 1 2 4 1 1 3 1 0 0 0 1 1 0 0 3 3 0 1 1 2 0 0 2 0 0 0
16 16477 0 0 2 4 6 4 2 0 0 0 4 4 4 0 0 4 4 6 0 2 2 3 2 2 0 0 0 0 0 0 0 0 2 2 0 0 0 2 0 0 2 0 0 0
16 166019 0 0 2 4 6 4 2 0 0 0 4 4 4 0 0 4 4 6 0 4 4 4 0 0 0 0 0 0 0 0 0 0 0 0 0 4 2 0 0 0 0 0 2 0
15 151216 0 1 0 2 0 0 0 1 0 4 0 0 0 0 2 0 0 0 0 0 0 0 0 0 0 1 1 4 2 0 1 7 4 2 3 2 2 0 0 4 4 4 4 1
15 153412 0 1 0 2 0 0 0 1 0 4 0 0 0 0 3 0 0 0 1 0 0 0 0 0 0 1 1 3 2 1 1 6 3 3 4 2 2 1 0 3 3 4 3 1
15 151218 0 1 0 2 0 0 0 1 0 4 0 0 0 0 3 0 0 0 1 0 0 0 0 0 0 1 1 4 2 1 0 6 3 3 4 2 2 1 0 3 3 4 3 1
15 153413 0 1 0 2 0 0 0 1 0 4 0 0 0 0 4 0 0 0 2 0 0 0 0 0 0 1 1 3 2 2 0 5 2 4 5 2 3 0 0 2 2 4 3 1
15 151426 0 1 0 2 0 0 0 1 0 4 1 0 0 0 2 1 0 0 0 0 0 0 0 0 0 1 1 3 2 0 1 6 6 2 3 4 2 0 0 2 4 2 5 0
15 152295 0 1 0 2 0 0 0 1 0 4 1 0 0 0 2 2 0 0 0 1 0 0 0 0 0 1 1 3 2 0 1 5 6 2 2 5 2 1 0 2 4 1 4 0
15 153522 0 1 0 2 0 0 0 1 0 4 1 0 0 0 3 1 0 0 1 0 0 0 0 0 0 1 1 2 2 1 1 5 5 3 4 4 2 1 0 1 3 2 4 0
15 151427 0 1 0 2 0 0 0 1 0 4 1 0 0 0 3 1 0 0 1 1 0 0 0 0 0 1 1 3 2 1 0 5 4 3 3 4 2 1 0 2 3 2 4 0
15 152296 0 1 0 2 0 0 0 1 0 4 1 0 0 0 3 2 0 0 1 2 0 0 1 0 0 1 1 3 2 1 0 4 4 3 2 3 2 2 0 2 4 1 3 0
15 153523 0 1 0 2 0 0 0 1 0 4 1 0 0 0 4 1 0 0 2 1 0 0 0 0 0 1 1 2 2 2 0 4 3 4 4 4 3 0 0 1 2 2 4 0
15 154416 0 1 0 2 0 0 0 1 0 4 1 1 0 0 3 2 1 0 1 1 0 0 0 0 0 1 1 2 1 1 1 4 4 4 3 5 3 1 0 1 2 1 3 0
15 154417 0 1 0 2 0 0 0 1 0 4 1 1 0 0 4 2 1 0 2 2 1 0 0 0 0 1 1 2 1 2 0 3 2 4 3 4 4 0 0 1 2 1 3 0
15 155242 0 1 0 2 0 0 0 1 0 4 2 0 0 0 2 3 1 0 0 1 1 0 0 0 0 1 1 2 2 0 1 4 6 3 2 4 3 1 0 1 3 1 3 0
15 155243 0 1 0 2 0 0 0 1 0 4 2 0 0 0 3 3 1 0 1 2 1 0 1 1 0 1 1 2 2 1 0 3 4 4 2 2 2 1 0 1 3 1 3 0
15 155424 0 1 0 2 0 0 0 1 0 4 2 1 0 0 2 3 2 0 0 1 1 0 0 0 0 1 1 2 1 0 1 4 5 4 2 4 4 0 0 1 2 1 3 0
15 155425 0 1 0 2 0 0 0 1 0 4 2 1 0 0 3 3 2 0 1 2 2 0 0 1 0 1 1 2 1 1 0 3 3 4 2 3 3 0 0 1 2 1 3 0
15 151222 0 1 0 2 0 0 0 1 1 4 1 0 0 0 2 1 0 0 0 0 0 0 0 0 0 0 1 3 2 0 1 6 6 2 3 4 2 0 0 2 4 2 5 0
15 151224 0 1 0 2 0 0 0 1 1 4 1 0 0 0 3 1 0 0 1 0 0 0 0 0 0 0 1 3 2 1 0 5 5 3 4 4 2 1 0 1 3 2 4 0
15 153417 0 1 0 2 0 0 0 1 1 4 1 0 0 0 3 1 0 0 1 1 0 0 0 0 0 0 1 2 2 1 1 5 4 3 3 4 2 1 0 2 3 2 4 0
15 153418 0 1 0 2 0 0 0 1 1 4 1 0 0 0 4 1 0 0 2 1 0 0 0 0 0 0 1 2 2 2 0 4 3 4 4 4 3 0 0 1 2 2 4 0
15 151228 0 1 0 2 0 0 0 1 1 4 1 0 0 1 2 2 0 0 0 1 0 0 0 0 0 0 0 3 2 0 1 5 6 2 2 5 2 1 0 2 4 1 4 0
15 153422 0 1 0 2 0 0 0 1 1 4 1 0 0 1 3 2 0 0 1 2 0 0 1 0 0 0 0 2 2 1 1 4 4 3 2 3 2 2 0 2 4 1 3 0
15 151431 0 1 0 2 0 0 0 1 1 4 2 0 0 0 2 2 0 0 0 0 0 0 0 0 0 0 1 2 2 0 1 5 8 2 3 6 3 0 0 0 4 0 4 0
15 152300 0 1 0 2 0 0 0 1 1 4 2 0 0 0 2 3 0 0 0 1 0 0 0 0 0 0 1 2 2 0 1 4 8 3 2 6 3 1 0 0 3 0 3 0
15 153526 0 1 0 2 0 0 0 1 1 4 2 0 0 0 3 2 0 0 1 1 0 0 0 0 0 0 1 1 2 1 1 4 6 3 3 6 3 1 0 0 3 0 3 0
15 151433 0 1 0 2 0 0 0 1 1 4 2 0 0 0 3 2 0 0 1 1 0 0 0 0 0 0 1 2 2 1 0 4 6 3 3 6 3 1 0 0 3 0 3 0
15 152301 0 1 0 2 0 0 0 1 1 4 2 0 0 0 3 3 0 0 1 2 0 0 1 0 0 0 1 2 2 1 0 3 6 4 2 4 3 2 0 0 3 0 2 0
15 153527 0 1 0 2 0 0 0 1 1 4 2 0 0 0 4 2 0 0 2 2 0 0 0 0 0 0 1 1 2 2 0 3 4 4 3 6 4 0 0 0 2 0 3 0
15 151437 0 1 0 2 0 0 0 1 1 4 2 0 0 1 2 3 0 0 0 1 0 0 0 0 0 0 0 2 2 0 1 4 8 3 2 6 3 1 0 0 3 0 3 0
15 152305 0 1 0 2 0 0 0 1 1 4 2 0 0 1 2 4 0 0 0 2 0 0 0 0 0 0 0 2 2 0 1 3 8 4 1 6 4 0 0 0 2 0 3 0
15 153531 0 1 0 2 0 0 0 1 1 4 2 0 0 1 3 3 0 0 1 2 0 0 1 0 0 0 0 1 2 1 1 3 6 4 2 4 3 2 0 0 3 0 2 0
15 151232 0 1 0 2 0 0 0 1 1 4 2 0 0 1 3 3 1 0 0 1 1 0 0 0 0 0 0 2 2 0 0 4 6 3 2 4 3 1 0 1 3 1 3 0
15 153424 0 1 0 2 0 0 0 1 1 4 2 0 0 1 4 3 1 0 1 2 1 0 1 1 0 0 0 1 2 1 0 3 4 4 2 2 2 1 0 1 3 1 3 0
15 154419 0 1 0 2 0 0 0 1 1 4 2 1 0 0 3 3 1 0 1 2 1 0 0 0 0 0 1 1 1 1 1 3 5 4 2 5 4 1 0 0 2 0 2 0
15 154420 0 1 0 2 0 0 0 1 1 4 2 1 0 0 4 3 1 0 2 3 2 0 0 0 0 0 1 1 1 2 0 2 3 4 2 4 5 0 0 0 2 0 2 0
15 154422 0 1 0 2 0 0 0 1 1 4 2 1 0 1 3 4 1 0 1 3 1 0 1 1 0 0 0 1 1 1 1 2 5 5 1 3 3 1 0 0 2 0 2 0
15 155245 0 1 0 2 0 0 0 1 1 4 3 0 0 0 2 4 2 0 0 1 1 0 0 0 0 0 1 1 2 0 1 3 6 4 2 5 4 1 0 0 2 0 2 0
15 155246 0 1 0 2 0 0 0 1 1 4 3 0 0 0 3 4 2 0 1 2 1 0 1 1 0 0 1 1 2 1 0 2 4 5 2 3 3 1 0 0 2 0 2 0
15 155248 0 1 0 2 0 0 0 1 1 4 3 0 0 1 2 5 2 0 0 2 2 0 0 0 0 0 0 1 2 0 1 2 6 4 1 4 5 0 0 0 2 0 2 0
15 151441 0 1 0 2 0 0 0 1 1 4 3 0 0 1 3 4 2 0 0 1 1 0 0 0 0 0 0 1 2 0 0 3 6 4 2 5 4 1 0 0 2 0 2 0
15 152309 0 1 0 2 0 0 0 1 1 4 3 0 0 1 3 5 2 0 0 2 2 0 0 0 0 0 0 1 2 0 0 2 6 4 1 4 5 0 0 0 2 0 2 0
15 153533 0 1 0 2 0 0 0 1 1 4 3 0 0 1 4 4 2 0 1 2 1 0 1 1 0 0 0 0 2 1 0 2 4 5 2 3 3 1 0 0 2 0 2 0
15 155427 0 1 0 2 0 0 0 1 1 4 3 1 0 0 2 4 3 0 0 1 2 0 0 0 0 0 1 1 1 0 1 3 5 4 2 4 5 0 0 0 2 0 2 0
15 155428 0 1 0 2 0 0 0 1 1 4 3 1 0 0 3 4 3 0 1 2 3 0 0 1 0 0 1 1 1 1 0 2 3 4 2 3 4 0 0 0 2 0 2 0
15 155430 0 1 0 2 0 0 0 1 1 4 3 1 0 1 2 5 3 0 0 2 3 0 0 1 0 0 0 1 1 0 1 2 5 4 1 3 4 0 0 0 2 0 2 0
15 155250 0 1 0 2 0 0 0 1 1 4 4 0 0 1 3 6 4 0 0 2 4 1 0 0 0 0 0 0 2 0 0 1 4 4 1 2 4 0 0 0 2 0 2 0
15 151242 0 1 0 2 0 0 0 1 1 5 1 1 0 0 3 2 1 0 1 1 0 0 0 0 0 0 0 3 1 1 0 4 4 4 3 5 3 1 0 1 2 1 3 0
15 153428 0 1 0 2 0 0 0 1 1 5 1 1 0 0 4 2 1 0 2 2 1 0 0 0 0 0 0 2 1 2 0 3 2 4 3 4 4 0 0 1 2 1 3 0
15 151451 0 1 0 2 0 0 0 1 1 5 2 1 0 0 3 3 1 0 1 2 1 0 0 0 0 0 0 2 1 1 0 3 5 4 2 5 4 1 0 0 2 0 2 0
15 151246 0 1 0 2 0 0 0 1 1 5 2 1 0 0 3 3 2 0 0 1 1 0 0 0 0 0 0 2 1 0 0 4 5 4 2 4 4 0 0 1 2 1 3 0
15 152319 0 1 0 2 0 0 0 1 1 5 2 1 0 0 3 4 1 0 1 3 1 0 1 1 0 0 0 2 1 1 0 2 5 5 1 3 3 1 0 0 2 0 2 0
15 153537 0 1 0 2 0 0 0 1 1 5 2 1 0 0 4 3 1 0 2 3 2 0 0 0 0 0 0 1 1 2 0 2 3 4 2 4 5 0 0 0 2 0 2 0
15 153432 0 1 0 2 0 0 0 1 1 5 2 1 0 0 4 3 2 0 1 2 2 0 0 1 0 0 0 1 1 1 0 3 3 4 2 3 3 0 0 1 2 1 3 0
15 154424 0 1 0 2 0 0 0 1 1 5 2 2 0 0 4 4 2 0 2 4 4 1 0 0 0 0 0 1 0 2 0 1 2 4 1 2 4 0 0 0 2 0 2 0
15 151455 0 1 0 2 0 0 0 1 1 5 3 1 0 0 3 4 3 0 0 1 2 0 0 0 0 0 0 1 1 0 0 3 5 4 2 4 5 0 0 0 2 0 2 0
15 152323 0 1 0 2 0 0 0 1 1 5 3 1 0 0 3 5 3 0 0 2 3 0 0 1 0 0 0 1 1 0 0 2 5 4 1 3 4 0 0 0 2 0 2 0
15 153541 0 1 0 2 0 0 0 1 1 5 3 1 0 0 4 4 3 0 1 2 3 0 0 1 0 0 0 0 1 1 0 2 3 4 2 3 4 0 0 0 2 0 2 0
15 151795 0 1 0 2 1 0 0 1 0 3 2 0 0 0 1 1 0 0 0 0 0 0 0 0 0 1 1 3 3 0 1 5 7 2 2 5 2 1 0 2 4 1 4 0
15 152514 0 1 0 2 1 0 0 1 0 3 2 0 0 0 1 2 0 0 0 1 0 0 0 0 0 1 1 3 3 0 1 4 7 2 1 6 2 2 0 2 4 0 3 0
15 153708 0 1 0 2 1 0 0 1 0 3 2 0 0 0 2 1 0 0 1 0 0 0 0 0 0 1 1 2 3 1 1 4 6 3 3 5 2 2 0 1 3 1 3 0
15 151796 0 1 0 2 1 0 0 1 0 3 2 0 0 0 2 2 0 0 0 1 0 0 0 0 0 1 1 3 2 1 0 5 5 3 2 5 2 2 0 2 3 1 3 0
15 152515 0 1 0 2 1 0 0 1 0 3 2 0 0 0 2 3 0 0 0 2 0 0 1 0 0 1 1 3 2 1 0 4 5 3 1 4 2 3 0 2 4 0 2 0
15 153709 0 1 0 2 1 0 0 1 0 3 2 0 0 0 3 2 0 0 1 1 0 0 0 0 0 1 1 2 2 2 0 4 4 4 3 5 3 1 0 1 2 1 3 0
15 154459 0 1 0 2 1 0 0 1 0 3 2 1 0 0 2 2 1 0 1 1 0 0 0 0 0 1 1 2 2 1 1 3 5 4 2 6 3 2 0 1 2 0 2 0
15 154460 0 1 0 2 1 0 0 1 0 3 2 1 0 0 3 3 1 0 1 2 1 0 0 0 0 1 1 2 1 2 0 3 3 4 2 5 4 1 0 1 2 0 2 0
15 155281 0 1 0 2 1 0 0 1 0 3 3 0 0 0 1 3 1 0 0 1 1 0 0 0 0 1 1 2 3 0 1 3 7 3 1 5 3 2 0 1 3 0 2 0
15 156139 0 1 0 2 1 0 0 1 0 3 3 0 0 0 1 3 1 0 0 1 2 0 0 1 0 1 1 2 3 1 1 3 5 3 2 3 2 1 0 1 3 1 3 0
15 155282 0 1 0 2 1 0 0 1 0 3 3 0 0 0 2 4 1 0 0 2 1 0 1 1 0 1 1 2 2 1 0 3 5 4 1 3 2 2 0 1 3 0 2 0
15 155447 0 1 0 2 1 0 0 1 0 3 3 1 0 0 1 3 2 0 0 1 1 0 0 0 0 1 1 2 2 0 1 3 6 4 1 5 4 1 0 1 2 0 2 0
15 156348 0 1 0 2 1 0 0 1 0 3 3 1 0 0 1 3 2 0 0 1 2 0 0 1 0 1 1 2 2 1 1 3 4 4 2 3 3 0 0 1 2 1 3 0
15 155448 0 1 0 2 1 0 0 1 0 3 3 1 0 0 2 4 2 0 0 2 2 0 0 1 0 1 1 2 1 1 0 3 4 4 1 4 3 1 0 1 2 0 2 0
15 151800 0 1 0 2 1 0 0 1 1 3 3 0 0 0 1 2 0 0 0 0 0 0 0 0 0 0 1 2 3 0 1 4 9 3 2 6 3 1 0 0 3 0 3 0
15 152519 0 1 0 2 1 0 0 1 1 3 3 0 0 0 1 3 0 0 0 1 0 0 0 0 0 0 1 2 3 0 1 3 9 4 1 6 3 2 0 0 2 0 2 0
15 153712 0 1 0 2 1 0 0 1 1 3 3 0 0 0 2 2 0 0 1 1 0 0 0 0 0 0 1 1 3 1 1 3 7 4 2 6 3 2 0 0 2 0 2 0
15 151801 0 1 0 2 1 0 0 1 1 3 3 0 0 0 2 3 0 0 0 1 0 0 0 0 0 0 1 2 2 1 0 4 7 4 2 6 3 2 0 0 2 0 2 0
15 152520 0 1 0 2 1 0 0 1 1 3 3 0 0 0 2 4 0 0 0 2 0 0 1 0 0 0 1 2 2 1 0 3 7 5 1 4 3 3 0 0 2 0 1 0
15 153713 0 1 0 2 1 0 0 1 1 3 3 0 0 0 3 3 0 0 1 2 0 0 0 0 0 0 1 1 2 2 0 3 5 5 2 6 4 1 0 0 1 0 2 0
15 151805 0 1 0 2 1 0 0 1 1 3 3 0 0 1 1 3 0 0 0 1 0 0 0 0 0 0 0 2 3 1 1 3 7 4 2 6 3 2 0 0 2 0 2 0
15 152524 0 1 0 2 1 0 0 1 1 3 3 0 0 1 1 4 0 0 0 2 0 0 0 0 0 0 0 2 3 1 1 2 7 5 1 6 4 1 0 0 1 0 2 0
15 153716 0 1 0 2 1 0 0 1 1 3 3 0 0 1 2 3 0 0 1 2 0 0 1 0 0 0 0 1 3 2 1 2 5 5 2 4 3 3 0 0 2 0 1 0
15 151236 0 1 0 2 1 0 0 1 1 3 3 0 0 1 2 3 1 0 1 1 2 0 0 1 0 0 0 2 3 1 0 2 5 3 2 3 2 1 0 1 3 1 3 0
15 154462 0 1 0 2 1 0 0 1 1 3 3 1 0 0 2 3 1 0 1 2 1 0 0 0 0 0 1 1 2 1 1 2 6 5 1 5 4 2 0 0 1 0 1 0
15 154463 0 1 0 2 1 0 0 1 1 3 3 1 0 0 3 4 1 0 1 3 2 0 0 0 0 0 1 1 1 2 0 2 4 5 1 4 5 1 0 0 1 0 1 0
15 154465 0 1 0 2 1 0 0 1 1 3 3 1 0 1 2 4 1 0 1 3 1 0 1 1 0 0 0 1 2 2 1 1 4 6 1 3 3 2 0 0 1 0 1 0
15 155284 0 1 0 2 1 0 0 1 1 3 4 0 0 0 1 4 2 0 0 1 1 0 0 0 0 0 1 1 3 0 1 2 7 5 1 5 4 2 0 0 1 0 1 0
15 155285 0 1 0 2 1 0 0 1 1 3 4 0 0 0 2 5 2 0 0 2 1 0 1 1 0 0 1 1 2 1 0 2 5 6 1 3 3 2 0 0 1 0 1 0
15 155287 0 1 0 2 1 0 0 1 1 3 4 0 0 1 1 5 2 0 0 2 2 0 0 0 0 0 0 1 3 1 1 1 5 5 1 4 5 1 0 0 1 0 1 0
15 156140 0 1 0 2 1 0 0 1 1 3 4 1 0 0 1 3 2 0 0 1 2 0 0 1 0 0 1 1 2 1 1 3 5 4 2 4 3 1 0 0 2 0 2 0
15 155450 0 1 0 2 1 0 0 1 1 3 4 1 0 0 1 4 3 0 0 1 2 0 0 0 0 0 1 1 2 0 1 2 6 5 1 4 5 1 0 0 1 0 1 0
15 155451 0 1 0 2 1 0 0 1 1 3 4 1 0 0 2 5 3 0 0 2 3 0 0 1 0 0 1 1 1 1 0 2 4 5 1 3 4 1 0 0 1 0 1 0
15 156141 0 1 0 2 1 0 0 1 1 3 4 1 0 1 1 4 3 0 0 1 3 0 0 1 0 0 0 1 2 0 1 2 6 4 1 3 4 0 0 0 2 0 2 0
15 155453 0 1 0 2 1 0 0 1 1 3 4 1 0 1 1 5 3 0 0 2 3 0 0 1 0 0 0 1 2 1 1 1 4 5 1 3 4 1 0 0 1 0 1 0
15 151809 0 1 0 2 1 0 0 1 1 3 4 1 0 1 2 3 2 0 0 1 1 0 0 0 0 0 0 1 2 1 0 3 5 5 2 5 4 2 0 0 1 0 1 0
15 151445 0 1 0 2 1 0 0 1 1 3 4 1 0 1 2 3 2 0 1 1 2 0 0 1 0 0 0 1 2 1 0 2 5 4 2 4 3 1 0 0 2 0 2 0
15 152527 0 1 0 2 1 0 0 1 1 3 4 1 0 1 2 4 2 0 0 2 2 0 0 0 0 0 0 1 2 1 0 2 5 5 1 4 5 1 0 0 1 0 1 0
15 152313 0 1 0 2 1 0 0 1 1 3 4 1 0 1 2 4 3 0 1 1 3 0 0 1 0 0 0 1 2 0 0 1 6 4 1 3 4 0 0 0 2 0 2 0
15 153718 0 1 0 2 1 0 0 1 1 3 4 1 0 1 3 3 2 0 1 2 1 0 1 1 0 0 0 0 2 2 0 2 3 6 2 3 3 2 0 0 1 0 1 0
15 156349 0 1 0 2 1 0 0 1 1 3 4 2 0 0 1 3 3 0 0 1 3 0 0 1 0 0 1 1 1 1 1 3 4 4 2 3 4 0 0 0 2 0 2 0
15 156350 0 1 0 2 1 0 0 1 1 3 4 2 0 1 1 4 4 0 0 1 4 0 0 2 0 0 0 1 1 0 1 2 5 4 1 2 3 0 0 0 2 0 2 0
15 155289 0 1 0 2 1 0 0 1 1 3 5 1 0 1 2 5 4 0 0 2 4 1 0 0 0 0 0 0 2 1 0 1 3 5 1 2 4 1 0 0 1 0 1 0
15 151250 0 1 0 2 1 0 0 1 1 4 3 1 0 0 2 3 2 0 1 1 2 0 0 1 0 0 0 2 2 1 0 2 4 4 2 3 3 0 0 1 2 1 3 0
15 151819 0 1 0 2 1 0 0 1 1 4 3 1 0 0 2 4 2 0 0 1 1 0 0 0 0 0 0 2 1 1 0 3 5 5 2 5 4 2 0 0 1 0 1 0
15 152537 0 1 0 2 1 0 0 1 1 4 3 1 0 0 2 5 2 0 0 2 1 0 1 1 0 0 0 2 1 1 0 2 5 6 1 3 3 2 0 0 1 0 1 0
15 153722 0 1 0 2 1 0 0 1 1 4 3 1 0 0 3 4 2 0 1 2 2 0 0 0 0 0 0 1 1 2 0 2 3 5 2 4 5 1 0 0 1 0 1 0
15 154467 0 1 0 2 1 0 0 1 1 4 3 2 0 0 3 5 3 0 1 3 4 1 0 0 0 0 0 1 0 2 0 1 2 5 1 2 4 1 0 0 1 0 1 0
15 151459 0 1 0 2 1 0 0 1 1 4 4 2 0 0 2 3 3 0 1 1 3 0 0 1 0 0 0 1 1 1 0 2 4 4 2 3 4 0 0 0 2 0 2 0
15 151823 0 1 0 2 1 0 0 1 1 4 4 2 0 0 2 3 4 0 0 0 2 0 0 0 0 0 0 1 1 0 0 3 5 5 2 4 5 1 0 0 1 0 1 0
15 152541 0 1 0 2 1 0 0 1 1 4 4 2 0 0 2 4 4 0 0 1 3 0 0 1 0 0 0 1 1 0 0 2 5 5 1 3 4 1 0 0 1 0 1 0
15 152327 0 1 0 2 1 0 0 1 1 4 4 2 0 0 2 4 4 0 1 1 4 0 0 2 0 0 0 1 1 0 0 1 5 4 1 2 3 0 0 0 2 0 2 0
15 153726 0 1 0 2 1 0 0 1 1 4 4 2 0 0 3 3 4 0 1 1 3 0 0 1 0 0 0 0 1 1 0 2 3 5 2 3 4 1 0 0 1 0 1 0
15 154666 0 1 0 2 1 1 0 1 0 3 1 2 0 0 2 1 1 0 1 2 0 0 1 0 0 1 1 2 2 2 1 3 3 5 2 4 3 3 0 1 2 0 1 0
15 154667 0 1 0 2 1 1 0 1 0 3 1 2 0 0 3 2 2 0 1 2 1 0 1 0 0 1 1 2 1 2 0 3 2 5 2 3 4 2 0 1 2 0 1 0
15 155559 0 1 0 2 1 1 0 1 0 3 2 2 0 0 1 2 2 0 0 2 1 0 1 0 0 1 1 2 2 1 1 3 4 5 1 3 4 2 0 1 2 0 1 0
15 155560 0 1 0 2 1 1 0 1 0 3 2 2 0 0 2 3 3 0 0 2 2 0 1 1 0 1 1 2 1 1 0 3 3 5 1 2 3 2 0 1 2 0 1 0
15 154669 0 1 0 2 1 1 0 1 1 3 2 2 0 0 2 2 1 0 1 3 1 0 1 1 0 0 1 1 2 2 1 2 4 6 1 3 3 2 0 0 1 0 1 0
15 154670 0 1 0 2 1 1 0 1 1 3 2 2 0 0 3 3 2 0 1 3 2 0 1 1 0 0 1 1 1 2 0 2 3 6 1 2 4 1 0 0 1 0 1 0
15 155562 0 1 0 2 1 1 0 1 1 3 3 2 0 0 1 3 3 0 0 2 2 0 1 1 0 0 1 1 2 1 1 2 4 6 1 2 4 1 0 0 1 0 1 0
15 155563 0 1 0 2 1 1 0 1 1 3 3 2 0 0 2 4 4 0 0 2 3 0 1 2 0 0 1 1 1 1 0 2 3 6 1 1 3 1 0 0 1 0 1 0
15 156188 0 1 0 2 2 0 0 1 0 2 4 0 0 0 0 3 1 0 0 1 2 0 0 1 0 1 1 2 4 1 1 2 6 3 1 4 2 2 0 1 3 0 2 0
15 156371 0 1 0 2 2 0 0 1 0 2 4 1 0 0 0 3 2 0 0 1 2 0 0 1 0 1 1 2 3 1 1 2 5 4 1 4 3 1 0 1 2 0 2 0
15 156189 0 1 0 2 2 0 0 1 1 2 5 1 0 0 0 3 2 0 0 1 2 0 0 1 0 0 1 1 3 1 1 2 6 5 1 4 3 2 0 0 1 0 1 0
15 156190 0 1 0 2 2 0 0 1 1 2 5 1 0 1 0 4 3 0 0 1 3 0 0 1 0 0 0 1 3 1 1 1 5 5 1 3 4 1 0 0 1 0 1 0
15 156372 0 1 0 2 2 0 0 1 1 2 5 2 0 0 0 3 3 0 0 1 3 0 0 1 0 0 1 1 2 1 1 2 5 5 1 3 4 1 0 0 1 0 1 0
15 156373 0 1 0 2 2 0 0 1 1 2 5 2 0 1 0 4 4 0 0 1 4 0 0 2 0 0 0 1 2 1 1 1 4 5 1 2 3 1 0 0 1 0 1 0
15 156501 0 1 0 2 2 1 0 1 0 2 3 2 0 0 0 2 2 0 0 2 2 0 1 1 0 1 1 2 3 2 1 2 3 5 1 2 3 2 0 1 2 0 1 0
15 151813 0 1 0 2 2 1 0 1 1 2 3 2 0 1 2 2 2 0 1 1 2 0 0 1 0 0 0 1 2 2 0 2 4 5 2 4 3 2 0 0 1 0 1 0
15 152531 0 1 0 2 2 1 0 1 1 2 3 2 0 1 2 3 3 0 1 1 3 0 0 1 0 0 0 1 2 1 0 1 5 5 1 3 4 1 0 0 1 0 1 0
15 156502 0 1 0 2 2 1 0 1 1 2 4 3 0 0 0 2 3 0 0 2 3 0 1 2 0 0 1 1 2 2 1 2 3 6 1 1 3 1 0 0 1 0 1 0
15 151827 0 1 0 2 2 1 0 1 1 3 3 3 0 0 2 2 4 0 1 0 3 0 0 1 0 0 0 1 1 1 0 2 4 5 2 3 4 1 0 0 1 0 1 0
15 152545 0 1 0 2 2 1 0 1 1 3 3 3 0 0 2 3 5 0 1 0 4 0 0 2 0 0 0 1 1 0 0 1 5 5 1 2 3 1 0 0 1 0 1 0
15 154672 0 1 0 2 2 2 1 1 1 2 2 2 2 1 3 3 1 1 2 4 3 0 2 4 2 0 0 0 1 2 0 0 1 2 1 1 1 1 0 0 1 0 1 0
15 155565 0 1 0 2 2 2 1 1 1 2 3 2 2 1 2 4 3 2 1 3 4 1 1 3 1 0 0 0 1 1 0 0 1 2 1 1 1 1 0 0 1 0 1 0
15 154678 0 1 0 2 2 2 1 1 1 3 2 3 2 0 3 3 3 2 2 3 4 1 1 3 1 0 0 0 0 1 0 0 1 2 1 1 1 1 0 0 1 0 1 0
16 34273 0 1 1 2 0 0 0 1 1 4 0 0 0 0 2 0 0 0 0 0 0 0 0 0 0 1 2 4 2 0 2 7 4 2 3 2 2 0 1 5 4 5 4 1
16 39279 0 1 1 2 0 0 0 1 1 4 0 0 0 0 3 0 0 0 1 0 0 0 0 0 0 1 2 3 2 1 2 6 3 3 4 2 2 1 1 4 3 5 3 1
16 34292 0 1 1 2 0 0 0 1 1 4 0 0 0 1 3 0 0 0 1 0 0 0 0 0 0 1 1 4 2 1 1 6 3 3 4 2 2 1 1 4 3 5 3 1
16 39298 0 1 1 2 0 0 0 1 1 4 0 0 0 1 4 0 0 0 2 0 0 0 0 0 0 1 1 3 2 2 1 5 2 4 5 2 3 0 1 3 2 5 3 1
16 51863 0 1 1 2 0 0 0 1 1 4 1 0 0 0 2 1 0 0 0 0 0 0 0 0 0 1 2 3 2 0 2 6 6 2 3 4 2 0 1 3 4 3 5 0
16 65825 0 1 1 2 0 0 0 1 1 4 1 0 0 0 2 2 0 0 0 1 0 0 0 0 0 1 2 3 2 0 2 5 6 2 2 5 2 1 1 3 4 2 4 0
16 56635 0 1 1 2 0 0 0 1 1 4 1 0 0 0 3 1 0 0 1 0 0 0 0 0 0 1 2 2 2 1 2 5 5 3 4 4 2 1 1 2 3 3 4 0
16 51881 0 1 1 2 0 0 0 1 1 4 1 0 0 1 3 1 0 0 1 1 0 0 0 0 0 1 1 3 2 1 1 5 4 3 3 4 2 1 1 3 3 3 4 0
16 65842 0 1 1 2 0 0 0 1 1 4 1 0 0 1 3 2 0 0 1 2 0 0 1 0 0 1 1 3 2 1 1 4 4 3 2 3 2 2 1 3 4 2 3 0
16 56653 0 1 1 2 0 0 0 1 1 4 1 0 0 1 4 1 0 0 2 1 0 0 0 0 0 1 1 2 2 2 1 4 3 4 4 4 3 0 1 2 2 3 4 0
16 78957 0 1 1 2 0 0 0 1 1 4 1 1 0 0 3 2 1 0 1 1 0 0 0 0 0 1 2 2 1 1 2 4 4 4 3 5 3 1 1 2 2 2 3 0
16 78973 0 1 1 2 0 0 0 1 1 4 1 1 0 1 4 2 1 0 2 2 1 0 0 0 0 1 1 2 1 2 1 3 2 4 3 4 4 0 1 2 2 2 3 0
16 71954 0 1 1 2 0 0 0 1 1 4 2 0 0 0 2 3 1 0 0 1 1 0 0 0 0 1 2 2 2 0 2 4 6 3 2 4 3 1 1 2 3 2 3 0
16 71970 0 1 1 2 0 0 0 1 1 4 2 0 0 1 3 3 1 0 1 2 1 0 1 1 0 1 1 2 2 1 1 3 4 4 2 2 2 1 1 2 3 2 3 0
16 81141 0 1 1 2 0 0 0 1 1 4 2 1 0 0 2 3 2 0 0 1 1 0 0 0 0 1 2 2 1 0 2 4 5 4 2 4 4 0 1 2 2 2 3 0
16 81157 0 1 1 2 0 0 0 1 1 4 2 1 0 1 3 3 2 0 1 2 2 0 0 1 0 1 1 2 1 1 1 3 3 4 2 3 3 0 1 2 2 2 3 0
16 34274 0 1 1 2 0 0 0 1 2 4 1 0 0 0 2 1 0 0 0 0 0 0 0 0 0 0 2 3 2 0 2 7 6 2 3 4 2 0 0 3 4 3 5 0
16 39280 0 1 1 2 0 0 0 1 2 4 1 0 0 0 3 1 0 0 1 1 0 0 0 0 0 0 2 2 2 1 2 6 4 3 3 4 2 1 0 3 3 3 4 0
16 34280 0 1 1 2 0 0 0 1 2 4 1 0 0 1 2 2 0 0 0 1 0 0 0 0 0 0 1 4 2 0 1 6 6 2 2 5 2 1 0 3 4 2 4 0
16 34294 0 1 1 2 0 0 0 1 2 4 1 0 0 1 3 1 0 0 1 0 0 0 0 0 0 0 1 3 2 1 1 6 5 3 4 4 2 1 0 2 3 3 4 0
16 39286 0 1 1 2 0 0 0 1 2 4 1 0 0 1 3 2 0 0 1 2 0 0 1 0 0 0 1 3 2 1 1 5 4 3 2 3 2 2 0 3 4 2 3 0
16 39299 0 1 1 2 0 0 0 1 2 4 1 0 0 1 4 1 0 0 2 1 0 0 0 0 0 0 1 2 2 2 1 5 3 4 4 4 3 0 0 2 2 3 4 0
16 51864 0 1 1 2 0 0 0 1 2 4 2 0 0 0 2 2 0 0 0 0 0 0 0 0 0 0 2 2 2 0 2 6 8 2 3 6 3 0 0 1 4 1 4 0
16 65826 0 1 1 2 0 0 0 1 2 4 2 0 0 0 2 3 0 0 0 1 0 0 0 0 0 0 2 2 2 0 2 5 8 3 2 6 3 1 0 1 3 1 3 0
16 56636 0 1 1 2 0 0 0 1 2 4 2 0 0 0 3 2 0 0 1 1 0 0 0 0 0 0 2 1 2 1 2 5 6 3 3 6 3 1 0 1 3 1 3 0
16 51869 0 1 1 2 0 0 0 1 2 4 2 0 0 1 2 3 0 0 0 1 0 0 0 0 0 0 1 3 2 0 1 5 8 3 2 6 3 1 0 1 3 1 3 0
16 65831 0 1 1 2 0 0 0 1 2 4 2 0 0 1 2 4 0 0 0 2 0 0 0 0 0 0 1 3 2 0 1 4 8 4 1 6 4 0 0 1 2 1 3 0
16 51882 0 1 1 2 0 0 0 1 2 4 2 0 0 1 3 2 0 0 1 1 0 0 0 0 0 0 1 2 2 1 1 5 6 3 3 6 3 1 0 1 3 1 3 0
16 56641 0 1 1 2 0 0 0 1 2 4 2 0 0 1 3 3 0 0 1 2 0 0 1 0 0 0 1 2 2 1 1 4 6 4 2 4 3 2 0 1 3 1 2 0
16 56654 0 1 1 2 0 0 0 1 2 4 2 0 0 1 4 2 0 0 2 2 0 0 0 0 0 0 1 1 2 2 1 4 4 4 3 6 4 0 0 1 2 1 3 0
16 78958 0 1 1 2 0 0 0 1 2 4 2 1 0 0 3 3 1 0 1 2 1 0 0 0 0 0 2 1 1 1 2 4 5 4 2 5 4 1 0 1 2 1 2 0
16 78963 0 1 1 2 0 0 0 1 2 4 2 1 0 1 3 4 1 0 1 3 1 0 1 1 0 0 1 2 1 1 1 3 5 5 1 3 3 1 0 1 2 1 2 0
16 78974 0 1 1 2 0 0 0 1 2 4 2 1 0 1 4 3 1 0 2 3 2 0 0 0 0 0 1 1 1 2 1 3 3 4 2 4 5 0 0 1 2 1 2 0
16 71955 0 1 1 2 0 0 0 1 2 4 3 0 0 0 2 4 2 0 0 1 1 0 0 0 0 0 2 1 2 0 2 4 6 4 2 5 4 1 0 1 2 1 2 0
16 71960 0 1 1 2 0 0 0 1 2 4 3 0 0 1 2 5 2 0 0 2 2 0 0 0 0 0 1 2 2 0 1 3 6 4 1 4 5 0 0 1 2 1 2 0
16 71971 0 1 1 2 0 0 0 1 2 4 3 0 0 1 3 4 2 0 1 2 1 0 1 1 0 0 1 1 2 1 1 3 4 5 2 3 3 1 0 1 2 1 2 0
16 81142 0 1 1 2 0 0 0 1 2 4 3 1 0 0 2 4 3 0 0 1 2 0 0 0 0 0 2 1 1 0 2 4 5 4 2 4 5 0 0 1 2 1 2 0
16 81147 0 1 1 2 0 0 0 1 2 4 3 1 0 1 2 5 3 0 0 2 3 0 0 1 0 0 1 2 1 0 1 3 5 4 1 3 4 0 0 1 2 1 2 0
16 81158 0 1 1 2 0 0 0 1 2 4 3 1 0 1 3 4 3 0 1 2 3 0 0 1 0 0 1 1 1 1 1 3 3 4 2 3 4 0 0 1 2 1 2 0
16 34308 0 1 1 2 0 0 0 1 2 5 1 1 0 1 4 2 1 0 1 1 0 0 0 0 0 0 0 3 1 1 0 5 4 4 3 5 3 1 0 2 2 2 3 0
16 39313 0 1 1 2 0 0 0 1 2 5 1 1 0 1 5 2 1 0 2 2 1 0 0 0 0 0 0 2 1 2 0 4 2 4 3 4 4 0 0 2 2 2 3 0
16 34332 0 1 1 2 0 0 0 1 2 5 2 0 0 1 3 3 1 0 0 1 1 0 0 0 0 0 0 3 2 0 0 5 6 3 2 4 3 1 0 2 3 2 3 0
16 39337 0 1 1 2 0 0 0 1 2 5 2 0 0 1 4 3 1 0 1 2 1 0 1 1 0 0 0 2 2 1 0 4 4 4 2 2 2 1 0 2 3 2 3 0
16 51895 0 1 1 2 0 0 0 1 2 5 2 1 0 1 4 3 1 0 1 2 1 0 0 0 0 0 0 2 1 1 0 4 5 4 2 5 4 1 0 1 2 1 2 0
16 65854 0 1 1 2 0 0 0 1 2 5 2 1 0 1 4 4 1 0 1 3 1 0 1 1 0 0 0 2 1 1 0 3 5 5 1 3 3 1 0 1 2 1 2 0
16 56666 0 1 1 2 0 0 0 1 2 5 2 1 0 1 5 3 1 0 2 3 2 0 0 0 0 0 0 1 1 2 0 3 3 4 2 4 5 0 0 1 2 1 2 0
16 78985 0 1 1 2 0 0 0 1 2 5 2 2 0 1 5 4 2 0 2 4 4 1 0 0 0 0 0 1 0 2 0 2 2 4 1 2 4 0 0 1 2 1 2 0
16 51919 0 1 1 2 0 0 0 1 2 5 3 0 0 1 3 4 2 0 0 1 1 0 0 0 0 0 0 2 2 0 0 4 6 4 2 5 4 1 0 1 2 1 2 0
16 65866 0 1 1 2 0 0 0 1 2 5 3 0 0 1 3 5 2 0 0 2 2 0 0 0 0 0 0 2 2 0 0 3 6 4 1 4 5 0 0 1 2 1 2 0
16 56690 0 1 1 2 0 0 0 1 2 5 3 0 0 1 4 4 2 0 1 2 1 0 1 1 0 0 0 1 2 1 0 3 4 5 2 3 3 1 0 1 2 1 2 0
16 71982 0 1 1 2 0 0 0 1 2 5 4 0 0 1 3 6 4 0 0 2 4 1 0 0 0 0 0 1 2 0 0 2 4 4 1 2 4 0 0 1 2 1 2 0
16 34344 0 1 1 2 0 0 0 1 2 6 2 1 0 0 4 3 2 0 0 1 1 0 0 0 0 0 0 2 1 0 0 5 5 4 2 4 4 0 0 2 2 2 3 0
16 39349 0 1 1 2 0 0 0 1 2 6 2 1 0 0 5 3 2 0 1 2 2 0 0 1 0 0 0 1 1 1 0 4 3 4 2 3 3 0 0 2 2 2 3 0
16 51931 0 1 1 2 0 0 0 1 2 6 3 1 0 0 4 4 3 0 0 1 2 0 0 0 0 0 0 1 1 0 0 4 5 4 2 4 5 0 0 1 2 1 2 0
16 65878 0 1 1 2 0 0 0 1 2 6 3 1 0 0 4 5 3 0 0 2 3 0 0 1 0 0 0 1 1 0 0 3 5 4 1 3 4 0 0 1 2 1 2 0
16 56702 0 1 1 2 0 0 0 1 2 6 3 1 0 0 5 4 3 0 1 2 3 0 0 1 0 0 0 0 1 1 0 3 3 4 2 3 4 0 0 1 2 1 2 0
15 151266 0 1 1 2 1 0 0 0 1 3 2 0 0 0 1 1 0 0 0 0 0 0 0 0 0 0 1 3 3 0 1 5 7 2 2 5 2 1 0 2 4 1 4 0
15 151268 0 1 1 2 1 0 0 0 1 3 2 0 0 0 2 1 0 0 1 0 0 0 0 0 0 0 1 3 3 1 0 4 6 3 3 5 2 2 0 1 3 1 3 0
15 153440 0 1 1 2 1 0 0 0 1 3 2 0 0 0 2 2 0 0 0 1 0 0 0 0 0 0 1 2 2 1 1 5 5 3 2 5 2 2 0 2 3 1 3 0
15 153441 0 1 1 2 1 0 0 0 1 3 2 0 0 0 3 2 0 0 1 1 0 0 0 0 0 0 1 2 2 2 0 4 4 4 3 5 3 1 0 1 2 1 3 0
15 151272 0 1 1 2 1 0 0 0 1 3 2 0 0 1 1 2 0 0 0 1 0 0 0 0 0 0 0 3 3 0 1 4 7 2 1 6 2 2 0 2 4 0 3 0
15 153445 0 1 1 2 1 0 0 0 1 3 2 0 0 1 2 3 0 0 0 2 0 0 1 0 0 0 0 2 2 1 1 4 5 3 1 4 2 3 0 2 4 0 2 0
15 151475 0 1 1 2 1 0 0 0 1 3 3 0 0 0 1 2 0 0 0 0 0 0 0 0 0 0 1 2 3 0 1 4 9 3 2 6 3 1 0 0 3 0 3 0
15 152343 0 1 1 2 1 0 0 0 1 3 3 0 0 0 1 3 0 0 0 1 0 0 0 0 0 0 1 2 3 1 1 3 7 4 2 6 3 2 0 0 2 0 2 0
15 151477 0 1 1 2 1 0 0 0 1 3 3 0 0 0 2 2 0 0 1 1 0 0 0 0 0 0 1 2 3 1 0 3 7 4 2 6 3 2 0 0 2 0 2 0
15 153549 0 1 1 2 1 0 0 0 1 3 3 0 0 0 2 3 0 0 0 1 0 0 0 0 0 0 1 1 2 1 1 4 7 4 2 6 3 2 0 0 2 0 2 0
15 152344 0 1 1 2 1 0 0 0 1 3 3 0 0 0 2 3 0 0 1 2 0 0 1 0 0 0 1 2 3 2 0 2 5 5 2 4 3 3 0 0 2 0 1 0
15 153550 0 1 1 2 1 0 0 0 1 3 3 0 0 0 3 3 0 0 1 2 0 0 0 0 0 0 1 1 2 2 0 3 5 5 2 6 4 1 0 0 1 0 2 0
15 151481 0 1 1 2 1 0 0 0 1 3 3 0 0 1 1 3 0 0 0 1 0 0 0 0 0 0 0 2 3 0 1 3 9 4 1 6 3 2 0 0 2 0 2 0
15 152348 0 1 1 2 1 0 0 0 1 3 3 0 0 1 1 4 0 0 0 2 0 0 0 0 0 0 0 2 3 1 1 2 7 5 1 6 4 1 0 0 1 0 2 0
15 151276 0 1 1 2 1 0 0 0 1 3 3 0 0 1 2 3 1 0 0 1 1 0 0 0 0 0 0 2 3 0 0 3 7 3 1 5 3 2 0 1 3 0 2 0
15 153554 0 1 1 2 1 0 0 0 1 3 3 0 0 1 2 4 0 0 0 2 0 0 1 0 0 0 0 1 2 1 1 3 7 5 1 4 3 3 0 0 2 0 1 0
15 153447 0 1 1 2 1 0 0 0 1 3 3 0 0 1 3 4 1 0 0 2 1 0 1 1 0 0 0 1 2 1 0 3 5 4 1 3 2 2 0 1 3 0 2 0
15 154428 0 1 1 2 1 0 0 0 1 3 3 1 0 0 2 4 2 0 0 1 1 0 0 0 0 0 1 1 1 1 1 3 5 5 2 5 4 2 0 0 1 0 1 0
15 154429 0 1 1 2 1 0 0 0 1 3 3 1 0 0 3 4 2 0 1 2 2 0 0 0 0 0 1 1 1 2 0 2 3 5 2 4 5 1 0 0 1 0 1 0
15 154431 0 1 1 2 1 0 0 0 1 3 3 1 0 1 2 5 2 0 0 2 1 0 1 1 0 0 0 1 1 1 1 2 5 6 1 3 3 2 0 0 1 0 1 0
15 151485 0 1 1 2 1 0 0 0 1 3 4 0 0 1 2 4 2 0 0 1 1 0 0 0 0 0 0 1 3 0 0 2 7 5 1 5 4 2 0 0 1 0 1 0
15 152352 0 1 1 2 1 0 0 0 1 3 4 0 0 1 2 5 2 0 0 2 2 0 0 0 0 0 0 1 3 1 0 1 5 5 1 4 5 1 0 0 1 0 1 0
15 153556 0 1 1 2 1 0 0 0 1 3 4 0 0 1 3 5 2 0 0 2 1 0 1 1 0 0 0 0 2 1 0 2 5 6 1 3 3 2 0 0 1 0 1 0
15 155254 0 1 1 2 1 0 0 0 1 3 4 1 0 0 1 3 2 0 0 1 1 0 0 0 0 0 1 1 2 1 1 3 5 5 2 5 4 2 0 0 1 0 1 0
15 155255 0 1 1 2 1 0 0 0 1 3 4 1 0 0 2 3 2 0 1 2 1 0 1 1 0 0 1 1 2 2 0 2 3 6 2 3 3 2 0 0 1 0 1 0
15 155257 0 1 1 2 1 0 0 0 1 3 4 1 0 1 1 4 2 0 0 2 2 0 0 0 0 0 0 1 2 1 1 2 5 5 1 4 5 1 0 0 1 0 1 0
15 155432 0 1 1 2 1 0 0 0 1 3 4 2 0 0 1 3 4 0 0 0 2 0 0 0 0 0 1 1 1 0 1 3 5 5 2 4 5 1 0 0 1 0 1 0
15 155433 0 1 1 2 1 0 0 0 1 3 4 2 0 0 2 3 4 0 1 1 3 0 0 1 0 0 1 1 1 1 0 2 3 5 2 3 4 1 0 0 1 0 1 0
15 155435 0 1 1 2 1 0 0 0 1 3 4 2 0 1 1 4 4 0 0 1 3 0 0 1 0 0 0 1 1 0 1 2 5 5 1 3 4 1 0 0 1 0 1 0
15 155259 0 1 1 2 1 0 0 0 1 3 5 1 0 1 2 5 4 0 0 2 4 1 0 0 0 0 0 0 2 1 0 1 3 5 1 2 4 1 0 0 1 0 1 0
15 151286 0 1 1 2 1 0 0 0 1 4 2 1 0 0 2 2 1 0 1 1 0 0 0 0 0 0 0 3 2 1 0 3 5 4 2 6 3 2 0 1 2 0 2 0
15 153451 0 1 1 2 1 0 0 0 1 4 2 1 0 0 3 3 1 0 1 2 1 0 0 0 0 0 0 2 1 2 0 3 3 4 2 5 4 1 0 1 2 0 2 0
15 151495 0 1 1 2 1 0 0 0 1 4 3 1 0 0 2 3 1 0 1 2 1 0 0 0 0 0 0 2 2 1 0 2 6 5 1 5 4 2 0 0 1 0 1 0
15 151290 0 1 1 2 1 0 0 0 1 4 3 1 0 0 2 3 2 0 0 1 1 0 0 0 0 0 0 2 2 0 0 3 6 4 1 5 4 1 0 1 2 0 2 0
15 152362 0 1 1 2 1 0 0 0 1 4 3 1 0 0 2 4 1 0 1 3 1 0 1 1 0 0 0 2 2 2 0 1 4 6 1 3 3 2 0 0 1 0 1 0
15 153560 0 1 1 2 1 0 0 0 1 4 3 1 0 0 3 4 1 0 1 3 2 0 0 0 0 0 0 1 1 2 0 2 4 5 1 4 5 1 0 0 1 0 1 0
15 153455 0 1 1 2 1 0 0 0 1 4 3 1 0 0 3 4 2 0 0 2 2 0 0 1 0 0 0 1 1 1 0 3 4 4 1 4 3 1 0 1 2 0 2 0
15 154433 0 1 1 2 1 0 0 0 1 4 3 2 0 0 3 5 3 0 1 3 4 1 0 0 0 0 0 1 0 2 0 1 2 5 1 2 4 1 0 0 1 0 1 0
15 151499 0 1 1 2 1 0 0 0 1 4 4 1 0 0 2 4 3 0 0 1 2 0 0 0 0 0 0 1 2 0 0 2 6 5 1 4 5 1 0 0 1 0 1 0
15 152366 0 1 1 2 1 0 0 0 1 4 4 1 0 0 2 5 3 0 0 2 3 0 0 1 0 0 0 1 2 1 0 1 4 5 1 3 4 1 0 0 1 0 1 0
15 153564 0 1 1 2 1 0 0 0 1 4 4 1 0 0 3 5 3 0 0 2 3 0 0 1 0 0 0 0 1 1 0 2 4 5 1 3 4 1 0 0 1 0 1 0
16 93772 0 1 1 2 1 0 0 1 1 3 2 0 0 0 1 1 0 0 0 0 0 0 0 0 0 1 2 3 3 0 2 5 7 2 2 5 2 1 1 3 4 2 4 0
16 102769 0 1 1 2 1 0 0 1 1 3 2 0 0 0 1 2 0 0 0 1 0 0 0 0 0 1 2 3 3 0 2 4 7 2 1 6 2 2 1 3 4 1 3 0
16 96870 0 1 1 2 1 0 0 1 1 3 2 0 0 0 2 1 0 0 1 0 0 0 0 0 0 1 2 2 3 1 2 4 6 3 3 5 2 2 1 2 3 2 3 0
16 93787 0 1 1 2 1 0 0 1 1 3 2 0 0 1 2 2 0 0 0 1 0 0 0 0 0 1 1 3 2 1 1 5 5 3 2 5 2 2 1 3 3 2 3 0
16 102783 0 1 1 2 1 0 0 1 1 3 2 0 0 1 2 3 0 0 0 2 0 0 1 0 0 1 1 3 2 1 1 4 5 3 1 4 2 3 1 3 4 1 2 0
16 96885 0 1 1 2 1 0 0 1 1 3 2 0 0 1 3 2 0 0 1 1 0 0 0 0 0 1 1 2 2 2 1 4 4 4 3 5 3 1 1 2 2 2 3 0
16 111666 0 1 1 2 1 0 0 1 1 3 2 1 0 0 2 2 1 0 1 1 0 0 0 0 0 1 2 2 2 1 2 3 5 4 2 6 3 2 1 2 2 1 2 0
16 111679 0 1 1 2 1 0 0 1 1 3 2 1 0 1 3 3 1 0 1 2 1 0 0 0 0 1 1 2 1 2 1 3 3 4 2 5 4 1 1 2 2 1 2 0
16 106632 0 1 1 2 1 0 0 1 1 3 3 0 0 0 1 3 1 0 0 1 1 0 0 0 0 1 2 2 3 0 2 3 7 3 1 5 3 2 1 2 3 1 2 0
16 74863 0 1 1 2 1 0 0 1 1 3 3 0 0 0 1 3 1 0 0 1 2 0 0 1 0 1 2 2 3 1 2 3 5 3 2 3 2 1 1 2 3 2 3 0
16 106645 0 1 1 2 1 0 0 1 1 3 3 0 0 1 2 4 1 0 0 2 1 0 1 1 0 1 1 2 2 1 1 3 5 4 1 3 2 2 1 2 3 1 2 0
16 112927 0 1 1 2 1 0 0 1 1 3 3 1 0 0 1 3 2 0 0 1 1 0 0 0 0 1 2 2 2 0 2 3 6 4 1 5 4 1 1 2 2 1 2 0
16 82925 0 1 1 2 1 0 0 1 1 3 3 1 0 0 1 3 2 0 0 1 2 0 0 1 0 1 2 2 2 1 2 3 4 4 2 3 3 0 1 2 2 2 3 0
16 112940 0 1 1 2 1 0 0 1 1 3 3 1 0 1 2 4 2 0 0 2 2 0 0 1 0 1 1 2 1 1 1 3 4 4 1 4 3 1 1 2 2 1 2 0
16 93773 0 1 1 2 1 0 0 1 2 3 3 0 0 0 1 2 0 0 0 0 0 0 0 0 0 0 2 2 3 0 2 5 9 3 2 6 3 1 0 1 3 1 3 0
16 102770 0 1 1 2 1 0 0 1 2 3 3 0 0 0 1 3 0 0 0 1 0 0 0 0 0 0 2 2 3 0 2 4 9 4 1 6 3 2 0 1 2 1 2 0
16 96871 0 1 1 2 1 0 0 1 2 3 3 0 0 0 2 2 0 0 1 1 0 0 0 0 0 0 2 1 3 1 2 4 7 4 2 6 3 2 0 1 2 1 2 0
16 93777 0 1 1 2 1 0 0 1 2 3 3 0 0 1 1 3 0 0 0 1 0 0 0 0 0 0 1 3 3 1 1 4 7 4 2 6 3 2 0 1 2 1 2 0
16 102774 0 1 1 2 1 0 0 1 2 3 3 0 0 1 1 4 0 0 0 2 0 0 0 0 0 0 1 3 3 1 1 3 7 5 1 6 4 1 0 1 1 1 2 0
16 93788 0 1 1 2 1 0 0 1 2 3 3 0 0 1 2 3 0 0 0 1 0 0 0 0 0 0 1 2 2 1 1 5 7 4 2 6 3 2 0 1 2 1 2 0
16 96875 0 1 1 2 1 0 0 1 2 3 3 0 0 1 2 3 0 0 1 2 0 0 1 0 0 0 1 2 3 2 1 3 5 5 2 4 3 3 0 1 2 1 1 0
16 102784 0 1 1 2 1 0 0 1 2 3 3 0 0 1 2 4 0 0 0 2 0 0 1 0 0 0 1 2 2 1 1 4 7 5 1 4 3 3 0 1 2 1 1 0
16 96886 0 1 1 2 1 0 0 1 2 3 3 0 0 1 3 3 0 0 1 2 0 0 0 0 0 0 1 1 2 2 1 4 5 5 2 6 4 1 0 1 1 1 2 0
16 111667 0 1 1 2 1 0 0 1 2 3 3 1 0 0 2 3 1 0 1 2 1 0 0 0 0 0 2 1 2 1 2 3 6 5 1 5 4 2 0 1 1 1 1 0
16 111671 0 1 1 2 1 0 0 1 2 3 3 1 0 1 2 4 1 0 1 3 1 0 1 1 0 0 1 2 2 2 1 2 4 6 1 3 3 2 0 1 1 1 1 0
16 111680 0 1 1 2 1 0 0 1 2 3 3 1 0 1 3 4 1 0 1 3 2 0 0 0 0 0 1 1 1 2 1 3 4 5 1 4 5 1 0 1 1 1 1 0
16 106633 0 1 1 2 1 0 0 1 2 3 4 0 0 0 1 4 2 0 0 1 1 0 0 0 0 0 2 1 3 0 2 3 7 5 1 5 4 2 0 1 1 1 1 0
16 106637 0 1 1 2 1 0 0 1 2 3 4 0 0 1 1 5 2 0 0 2 2 0 0 0 0 0 1 2 3 1 1 2 5 5 1 4 5 1 0 1 1 1 1 0
16 106646 0 1 1 2 1 0 0 1 2 3 4 0 0 1 2 5 2 0 0 2 1 0 1 1 0 0 1 1 2 1 1 3 5 6 1 3 3 2 0 1 1 1 1 0
16 74864 0 1 1 2 1 0 0 1 2 3 4 1 0 0 1 3 2 0 0 1 2 0 0 1 0 0 2 1 2 1 2 4 5 4 2 4 3 1 0 1 2 1 2 0
16 112928 0 1 1 2 1 0 0 1 2 3 4 1 0 0 1 4 3 0 0 1 2 0 0 0 0 0 2 1 2 0 2 3 6 5 1 4 5 1 0 1 1 1 1 0
16 74869 0 1 1 2 1 0 0 1 2 3 4 1 0 1 1 4 3 0 0 1 3 0 0 1 0 0 1 2 2 0 1 3 6 4 1 3 4 0 0 1 2 1 2 0
16 112932 0 1 1 2 1 0 0 1 2 3 4 1 0 1 1 5 3 0 0 2 3 0 0 1 0 0 1 2 2 1 1 2 4 5 1 3 4 1 0 1 1 1 1 0
16 112941 0 1 1 2 1 0 0 1 2 3 4 1 0 1 2 5 3 0 0 2 3 0 0 1 0 0 1 1 1 1 1 3 4 5 1 3 4 1 0 1 1 1 1 0
16 82926 0 1 1 2 1 0 0 1 2 3 4 2 0 0 1 3 3 0 0 1 3 0 0 1 0 0 2 1 1 1 2 4 4 4 2 3 4 0 0 1 2 1 2 0
16 82931 0 1 1 2 1 0 0 1 2 3 4 2 0 1 1 4 4 0 0 1 4 0 0 2 0 0 1 2 1 0 1 3 5 4 1 2 3 0 0 1 2 1 2 0
16 93799 0 1 1 2 1 0 0 1 2 4 3 1 0 1 3 4 2 0 0 1 1 0 0 0 0 0 0 2 1 1 0 4 5 5 2 5 4 2 0 1 1 1 1 0
16 102793 0 1 1 2 1 0 0 1 2 4 3 1 0 1 3 5 2 0 0 2 1 0 1 1 0 0 0 2 1 1 0 3 5 6 1 3 3 2 0 1 1 1 1 0
16 96896 0 1 1 2 1 0 0 1 2 4 3 1 0 1 4 4 2 0 1 2 2 0 0 0 0 0 0 1 1 2 0 3 3 5 2 4 5 1 0 1 1 1 1 0
16 111689 0 1 1 2 1 0 0 1 2 4 3 2 0 1 4 5 3 0 1 3 4 1 0 0 0 0 0 1 0 2 0 2 2 5 1 2 4 1 0 1 1 1 1 0
16 93821 0 1 1 2 1 0 0 1 2 4 4 1 0 1 2 3 2 0 0 1 1 0 0 0 0 0 0 2 2 1 0 4 5 5 2 5 4 2 0 1 1 1 1 0
16 102803 0 1 1 2 1 0 0 1 2 4 4 1 0 1 2 4 2 0 0 2 2 0 0 0 0 0 0 2 2 1 0 3 5 5 1 4 5 1 0 1 1 1 1 0
16 96918 0 1 1 2 1 0 0 1 2 4 4 1 0 1 3 3 2 0 1 2 1 0 1 1 0 0 0 1 2 2 0 3 3 6 2 3 3 2 0 1 1 1 1 0
16 106655 0 1 1 2 1 0 0 1 2 4 5 1 0 1 2 5 4 0 0 2 4 1 0 0 0 0 0 1 2 1 0 2 3 5 1 2 4 1 0 1 1 1 1 0
16 93831 0 1 1 2 1 0 0 1 2 5 4 2 0 0 3 3 4 0 0 0 2 0 0 0 0 0 0 1 1 0 0 4 5 5 2 4 5 1 0 1 1 1 1 0
16 102813 0 1 1 2 1 0 0 1 2 5 4 2 0 0 3 4 4 0 0 1 3 0 0 1 0 0 0 1 1 0 0 3 5 5 1 3 4 1 0 1 1 1 1 0
16 96928 0 1 1 2 1 0 0 1 2 5 4 2 0 0 4 3 4 0 1 1 3 0 0 1 0 0 0 0 1 1 0 3 3 5 2 3 4 1 0 1 1 1 1 0
16 137107 0 1 1 2 1 1 0 1 1 3 1 2 0 0 2 1 1 0 1 2 0 0 1 0 0 1 2 2 2 2 2 3 3 5 2 4 3 3 1 2 2 1 1 0
16 137111 0 1 1 2 1 1 0 1 1 3 1 2 0 1 3 2 2 0 1 2 1 0 1 0 0 1 1 2 1 2 1 3 2 5 2 3 4 2 1 2 2 1 1 0
16 138007 0 1 1 2 1 1 0 1 1 3 2 2 0 0 1 2 2 0 0 2 1 0 1 0 0 1 2 2 2 1 2 3 4 5 1 3 4 2 1 2 2 1 1 0
16 138011 0 1 1 2 1 1 0 1 1 3 2 2 0 1 2 3 3 0 0 2 2 0 1 1 0 1 1 2 1 1 1 3 3 5 1 2 3 2 1 2 2 1 1 0
16 137108 0 1 1 2 1 1 0 1 2 3 2 2 0 0 2 2 1 0 1 3 1 0 1 1 0 0 2 1 2 2 2 3 4 6 1 3 3 2 0 1 1 1 1 0
16 137112 0 1 1 2 1 1 0 1 2 3 2 2 0 1 3 3 2 0 1 3 2 0 1 1 0 0 1 1 1 2 1 3 3 6 1 2 4 1 0 1 1 1 1 0
16 138008 0 1 1 2 1 1 0 1 2 3 3 2 0 0 1 3 3 0 0 2 2 0 1 1 0 0 2 1 2 1 2 3 4 6 1 2 4 1 0 1 1 1 1 0
16 138012 0 1 1 2 1 1 0 1 2 3 3 2 0 1 2 4 4 0 0 2 3 0 1 2 0 0 1 1 1 1 1 3 3 6 1 1 3 1 0 1 1 1 1 0
15 151843 0 1 1 2 2 0 0 0 1 2 4 0 0 0 0 2 0 0 0 0 0 0 0 0 0 0 1 2 4 0 1 3 10 4 1 6 4 0 0 0 2 0 3 0
15 2785 0 1 1 2 2 0 0 0 1 2 4 0 0 0 0 2 0 0 0 0 0 0 0 0 0 0 1 3 4 2 0 3 6 4 2 6 2 4 0 1 2 0 1 0
15 152561 0 1 1 2 2 0 0 0 1 2 4 0 0 0 0 3 0 0 0 1 0 0 0 0 0 0 1 2 4 1 1 2 8 5 1 6 4 1 0 0 1 0 2 0
15 153734 0 1 1 2 2 0 0 0 1 2 4 0 0 0 1 3 0 0 0 1 0 0 0 0 0 0 1 1 3 1 1 3 8 5 1 6 4 1 0 0 1 0 2 0
15 151845 0 1 1 2 2 0 0 0 1 2 4 0 0 0 1 3 0 0 0 1 0 0 0 0 0 0 1 2 3 1 0 3 8 5 1 6 4 1 0 0 1 0 2 0
15 2792 0 1 1 2 2 0 0 0 1 2 4 0 0 0 1 3 0 0 0 1 0 0 0 0 0 0 1 2 3 2 0 3 6 5 1 6 3 3 0 1 1 0 1 0
15 2806 0 1 1 2 2 0 0 0 1 2 4 0 0 0 1 3 0 0 1 2 0 0 1 0 0 0 1 2 4 3 0 1 4 6 1 4 3 4 0 1 1 0 0 0
15 152562 0 1 1 2 2 0 0 0 1 2 4 0 0 0 1 4 0 0 0 2 0 0 1 0 0 0 1 2 3 2 0 2 6 6 1 4 4 2 0 0 1 0 1 0
15 2833 0 1 1 2 2 0 0 0 1 2 4 0 0 0 2 4 0 0 0 2 0 0 0 0 0 0 1 1 2 2 0 3 6 6 0 6 4 2 0 1 0 0 1 0
15 153735 0 1 1 2 2 0 0 0 1 2 4 0 0 0 2 4 0 0 0 2 0 0 0 0 0 0 1 1 2 2 0 3 6 6 1 6 5 0 0 0 0 0 2 0
15 2905 0 1 1 2 2 0 0 0 1 2 4 0 0 0 2 6 2 0 0 2 2 0 0 0 0 0 1 1 2 2 0 1 4 6 0 4 5 2 0 1 0 0 0 0
15 151849 0 1 1 2 2 0 0 0 1 2 4 0 0 1 0 3 0 0 0 1 0 0 0 0 0 0 0 2 4 1 1 2 8 5 1 6 4 1 0 0 1 0 2 0
15 152566 0 1 1 2 2 0 0 0 1 2 4 0 0 1 0 4 0 0 0 2 0 0 0 0 0 0 0 2 4 2 1 1 6 6 1 6 5 0 0 0 0 0 2 0
15 151280 0 1 1 2 2 0 0 0 1 2 4 0 0 1 1 3 1 0 1 1 2 0 0 1 0 0 0 2 4 1 0 1 6 3 1 4 2 2 0 1 3 0 2 0
15 153739 0 1 1 2 2 0 0 0 1 2 4 0 0 1 1 4 0 0 0 2 0 0 1 0 0 0 0 1 3 2 1 2 6 6 1 4 4 2 0 0 1 0 1 0
15 154470 0 1 1 2 2 0 0 0 1 2 4 1 0 0 1 4 2 0 0 1 1 0 0 0 0 0 1 1 2 1 1 2 6 6 1 5 5 1 0 0 0 0 1 0
15 154471 0 1 1 2 2 0 0 0 1 2 4 1 0 0 2 5 2 0 0 2 2 0 0 0 0 0 1 1 1 2 0 2 4 6 1 4 6 0 0 0 0 0 1 0
15 154473 0 1 1 2 2 0 0 0 1 2 4 1 0 1 1 5 2 0 0 2 1 0 1 1 0 0 0 1 2 2 1 1 4 7 1 3 4 1 0 0 0 0 1 0
15 155292 0 1 1 2 2 0 0 0 1 2 5 1 0 0 0 3 2 0 0 1 1 0 0 0 0 0 1 1 3 1 1 2 6 6 1 5 5 1 0 0 0 0 1 0
15 2884 0 1 1 2 2 0 0 0 1 2 5 1 0 0 1 3 1 0 1 3 1 0 1 1 0 0 1 1 3 3 0 1 3 7 0 3 3 3 0 1 0 0 0 0
15 155293 0 1 1 2 2 0 0 0 1 2 5 1 0 0 1 4 2 0 0 2 1 0 1 1 0 0 1 1 2 2 0 2 4 7 1 3 4 1 0 0 0 0 1 0
15 2932 0 1 1 2 2 0 0 0 1 2 5 1 0 0 1 5 3 0 0 2 3 0 0 1 0 0 1 1 2 2 0 1 3 6 0 3 4 2 0 1 0 0 0 0
15 155295 0 1 1 2 2 0 0 0 1 2 5 1 0 1 0 4 2 0 0 2 2 0 0 0 0 0 0 1 3 2 1 1 4 6 1 4 6 0 0 0 0 0 1 0
15 151853 0 1 1 2 2 0 0 0 1 2 5 1 0 1 1 3 2 0 0 1 1 0 0 0 0 0 0 1 3 1 0 2 6 6 1 5 5 1 0 0 0 0 1 0
15 151489 0 1 1 2 2 0 0 0 1 2 5 1 0 1 1 3 2 0 1 1 2 0 0 1 0 0 0 1 3 1 0 1 6 5 1 4 3 2 0 0 1 0 1 0
15 152570 0 1 1 2 2 0 0 0 1 2 5 1 0 1 1 4 2 0 0 2 2 0 0 0 0 0 0 1 3 2 0 1 4 6 1 4 6 0 0 0 0 0 1 0
15 152356 0 1 1 2 2 0 0 0 1 2 5 1 0 1 1 4 3 0 1 1 3 0 0 1 0 0 0 1 3 1 0 0 5 5 1 3 4 1 0 0 1 0 1 0
15 153741 0 1 1 2 2 0 0 0 1 2 5 1 0 1 2 4 2 0 0 2 1 0 1 1 0 0 0 0 2 2 0 2 4 7 1 3 4 1 0 0 0 0 1 0
15 155455 0 1 1 2 2 0 0 0 1 2 5 2 0 0 0 3 4 0 0 0 2 0 0 0 0 0 1 1 2 0 1 2 6 6 1 4 6 0 0 0 0 0 1 0
15 155456 0 1 1 2 2 0 0 0 1 2 5 2 0 0 1 4 4 0 0 1 3 0 0 1 0 0 1 1 1 1 0 2 4 6 1 3 5 0 0 0 0 0 1 0
15 155458 0 1 1 2 2 0 0 0 1 2 5 2 0 1 0 4 4 0 0 1 3 0 0 1 0 0 0 1 2 1 1 1 4 6 1 3 5 0 0 0 0 0 1 0
15 3016 0 1 1 2 2 0 0 0 1 2 6 2 0 0 0 4 4 0 0 2 4 0 0 2 0 0 1 1 2 2 0 1 2 6 0 2 3 2 0 1 0 0 0 0
15 155297 0 1 1 2 2 0 0 0 1 2 6 2 0 1 1 4 4 0 0 2 4 1 0 0 0 0 0 0 2 2 0 1 2 6 1 2 5 0 0 0 0 0 1 0
15 151294 0 1 1 2 2 0 0 0 1 3 4 1 0 0 1 3 2 0 1 1 2 0 0 1 0 0 0 2 3 1 0 1 5 4 1 4 3 1 0 1 2 0 2 0
15 151863 0 1 1 2 2 0 0 0 1 3 4 1 0 0 1 4 2 0 0 1 1 0 0 0 0 0 0 2 2 1 0 2 6 6 1 5 5 1 0 0 0 0 1 0
15 152580 0 1 1 2 2 0 0 0 1 3 4 1 0 0 1 5 2 0 0 2 1 0 1 1 0 0 0 2 2 2 0 1 4 7 1 3 4 1 0 0 0 0 1 0
15 153745 0 1 1 2 2 0 0 0 1 3 4 1 0 0 2 5 2 0 0 2 2 0 0 0 0 0 0 1 1 2 0 2 4 6 1 4 6 0 0 0 0 0 1 0
15 5095 0 1 1 2 2 0 0 0 1 3 4 2 0 0 0 2 2 0 0 0 0 0 0 0 0 0 0 3 2 2 0 3 4 6 2 6 3 4 0 1 0 0 0 0
15 5102 0 1 1 2 2 0 0 0 1 3 4 2 0 0 1 3 2 0 0 1 1 0 0 0 0 0 0 2 1 2 0 3 4 6 1 5 4 3 0 1 0 0 0 0
15 5116 0 1 1 2 2 0 0 0 1 3 4 2 0 0 1 3 2 0 1 2 1 0 1 1 0 0 0 2 2 3 0 1 2 7 1 3 3 3 0 1 0 0 0 0
15 5143 0 1 1 2 2 0 0 0 1 3 4 2 0 0 2 4 2 0 0 2 2 0 0 0 0 0 0 1 0 2 0 3 4 6 0 4 5 2 0 1 0 0 0 0
15 5194 0 1 1 2 2 0 0 0 1 3 4 2 0 0 2 6 4 0 0 2 4 1 0 0 0 0 0 1 0 2 0 1 2 6 0 2 4 2 0 1 0 0 0 0
15 154475 0 1 1 2 2 0 0 0 1 3 4 2 0 0 2 6 4 0 0 2 4 1 0 0 0 0 0 1 0 2 0 1 2 6 1 2 5 0 0 0 0 0 1 0
15 151503 0 1 1 2 2 0 0 0 1 3 5 2 0 0 1 3 3 0 1 1 3 0 0 1 0 0 0 1 2 1 0 1 5 5 1 3 4 1 0 0 1 0 1 0
15 151867 0 1 1 2 2 0 0 0 1 3 5 2 0 0 1 3 4 0 0 0 2 0 0 0 0 0 0 1 2 0 0 2 6 6 1 4 6 0 0 0 0 0 1 0
15 152584 0 1 1 2 2 0 0 0 1 3 5 2 0 0 1 4 4 0 0 1 3 0 0 1 0 0 0 1 2 1 0 1 4 6 1 3 5 0 0 0 0 0 1 0
15 152370 0 1 1 2 2 0 0 0 1 3 5 2 0 0 1 4 4 0 1 1 4 0 0 2 0 0 0 1 2 1 0 0 4 5 1 2 3 1 0 0 1 0 1 0
15 153749 0 1 1 2 2 0 0 0 1 3 5 2 0 0 2 4 4 0 0 1 3 0 0 1 0 0 0 0 1 1 0 2 4 6 1 3 5 0 0 0 0 0 1 0
16 108652 0 1 1 2 2 0 0 1 1 2 4 0 0 0 0 3 1 0 0 1 2 0 0 1 0 1 2 2 4 1 2 2 6 3 1 4 2 2 1 2 3 1 2 0
16 114094 0 1 1 2 2 0 0 1 1 2 4 1 0 0 0 3 2 0 0 1 2 0 0 1 0 1 2 2 3 1 2 2 5 4 1 4 3 1 1 2 2 1 2 0
16 108653 0 1 1 2 2 0 0 1 2 2 5 1 0 0 0 3 2 0 0 1 2 0 0 1 0 0 2 1 3 1 2 3 6 5 1 4 3 2 0 1 1 1 1 0
16 108657 0 1 1 2 2 0 0 1 2 2 5 1 0 1 0 4 3 0 0 1 3 0 0 1 0 0 1 2 3 1 1 2 5 5 1 3 4 1 0 1 1 1 1 0
16 114095 0 1 1 2 2 0 0 1 2 2 5 2 0 0 0 3 3 0 0 1 3 0 0 1 0 0 2 1 2 1 2 3 5 5 1 3 4 1 0 1 1 1 1 0
16 114099 0 1 1 2 2 0 0 1 2 2 5 2 0 1 0 4 4 0 0 1 4 0 0 2 0 0 1 2 2 1 1 2 4 5 1 2 3 1 0 1 1 1 1 0
15 156143 0 1 1 2 2 1 0 0 1 2 3 2 0 0 1 2 2 0 0 1 2 0 0 1 0 0 1 1 2 2 1 3 4 5 2 4 3 2 0 0 1 0 1 0
15 154690 0 1 1 2 2 1 0 0 1 2 3 2 0 0 1 3 2 0 0 2 2 0 0 1 0 0 1 1 2 2 1 2 4 6 1 4 4 1 0 0 0 0 1 0
15 154691 0 1 1 2 2 1 0 0 1 2 3 2 0 0 2 4 3 0 0 2 3 0 0 1 0 0 1 1 1 2 0 2 3 6 1 3 5 0 0 0 0 0 1 0
15 156144 0 1 1 2 2 1 0 0 1 2 3 2 0 1 1 3 3 0 0 1 3 0 0 1 0 0 0 1 2 1 1 2 5 5 1 3 4 1 0 0 1 0 1 0
15 156352 0 1 1 2 2 1 0 0 1 2 3 3 0 0 1 2 4 0 0 0 3 0 0 1 0 0 1 1 1 1 1 3 4 5 2 3 4 1 0 0 1 0 1 0
15 156353 0 1 1 2 2 1 0 0 1 2 3 3 0 1 1 3 5 0 0 0 4 0 0 2 0 0 0 1 1 0 1 2 5 5 1 2 3 1 0 0 1 0 1 0
15 155571 0 1 1 2 2 1 0 0 1 2 4 3 0 0 0 2 4 0 0 1 3 0 0 1 0 0 1 1 2 1 1 2 4 6 1 3 5 0 0 0 0 0 1 0
15 155572 0 1 1 2 2 1 0 0 1 2 4 3 0 0 1 3 5 0 0 1 4 0 0 2 0 0 1 1 1 1 0 2 3 6 1 2 4 0 0 0 0 0 1 0
15 7450 0 1 1 2 2 1 0 0 1 3 3 3 0 0 1 1 3 0 0 0 1 0 0 0 0 0 0 2 2 2 0 3 3 6 2 5 4 3 0 1 0 0 0 0
15 7528 0 1 1 2 2 1 0 0 1 3 3 3 0 0 2 2 3 0 0 1 2 0 0 1 0 0 0 1 1 2 0 3 3 6 1 4 3 3 0 1 0 0 0 0
15 7463 0 1 1 2 2 1 0 0 1 3 3 3 0 0 2 2 4 0 0 0 2 0 0 0 0 0 0 1 1 1 0 3 4 6 1 4 5 2 0 1 0 0 0 0
15 7489 0 1 1 2 2 1 0 0 1 3 3 3 0 0 2 2 4 0 1 1 3 0 0 1 0 0 0 1 2 2 0 1 2 6 1 3 4 2 0 1 0 0 0 0
15 7541 0 1 1 2 2 1 0 0 1 3 3 3 0 0 3 3 4 0 0 1 3 0 0 1 0 0 0 0 0 1 0 3 4 6 0 3 4 2 0 1 0 0 0 0
16 139013 0 1 1 2 2 1 0 1 1 2 3 2 0 0 0 2 2 0 0 2 2 0 1 1 0 1 2 2 3 2 2 2 3 5 1 2 3 2 1 2 2 1 1 0
16 139014 0 1 1 2 2 1 0 1 2 2 4 3 0 0 0 2 3 0 0 2 3 0 1 2 0 0 2 1 2 2 2 3 3 6 1 1 3 1 0 1 1 1 1 0
15 156192 0 1 1 2 3 1 0 0 1 1 4 2 0 0 0 2 2 0 0 1 2 0 0 1 0 0 1 1 3 2 1 2 5 6 1 4 4 1 0 0 0 0 1 0
15 156193 0 1 1 2 3 1 0 0 1 1 4 2 0 1 0 3 3 0 0 1 3 0 0 1 0 0 0 1 3 2 1 1 4 6 1 3 5 0 0 0 0 0 1 0
15 151857 0 1 1 2 3 1 0 0 1 1 4 2 0 1 1 2 2 0 1 1 2 0 0 1 0 0 0 1 3 2 0 1 5 6 1 4 4 1 0 0 0 0 1 0
15 152574 0 1 1 2 3 1 0 0 1 1 4 2 0 1 1 3 3 0 1 1 3 0 0 1 0 0 0 1 3 2 0 0 4 6 1 3 5 0 0 0 0 0 1 0
15 156375 0 1 1 2 3 1 0 0 1 1 4 3 0 0 0 2 4 0 0 0 3 0 0 1 0 0 1 1 2 1 1 2 5 6 1 3 5 0 0 0 0 0 1 0
15 156376 0 1 1 2 3 1 0 0 1 1 4 3 0 1 0 3 5 0 0 0 4 0 0 2 0 0 0 1 2 1 1 1 4 6 1 2 4 0 0 0 0 0 1 0
15 151871 0 1 1 2 3 1 0 0 1 2 4 3 0 0 1 2 4 0 1 0 3 0 0 1 0 0 0 1 2 1 0 1 5 6 1 3 5 0 0 0 0 0 1 0
15 152588 0 1 1 2 3 1 0 0 1 2 4 3 0 0 1 3 5 0 1 0 4 0 0 2 0 0 0 1 2 1 0 0 4 6 1 2 4 0 0 0 0 0 1 0
15 156503 0 1 1 2 3 2 0 0 1 1 3 4 0 0 0 1 4 0 0 1 4 0 0 2 0 0 1 1 2 2 1 2 3 6 1 2 4 0 0 0 0 0 1 0
15 154693 0 1 1 2 3 2 1 0 1 1 3 2 2 1 2 4 2 1 1 3 4 0 1 4 2 0 0 0 1 2 0 0 1 2 1 2 2 0 0 0 0 0 1 0
15 155574 0 1 1 2 3 2 1 0 1 1 4 3 2 1 1 3 4 2 1 2 5 1 0 3 1 0 0 0 1 1 0 0 1 2 1 2 2 0 0 0 0 0 1 0
15 7606 0 1 1 2 3 2 1 0 1 2 3 3 2 0 2 2 2 1 1 3 3 0 2 4 2 0 0 0 1 2 0 1 1 3 0 1 1 2 0 1 0 0 0 0
15 7658 0 1 1 2 3 2 1 0 1 2 3 3 2 0 2 4 4 2 0 2 4 1 1 3 1 0 0 0 0 1 0 1 1 3 0 1 1 2 0 1 0 0 0 0
15 154699 0 1 1 2 3 2 1 0 1 2 3 3 2 0 2 4 4 2 1 2 5 1 0 3 1 0 0 0 0 1 0 0 1 2 1 2 2 0 0 0 0 0 1 0
16 34392 0 1 1 3 1 0 0 1 1 4 3 0 0 1 2 3 1 0 1 1 2 0 0 1 0 0 0 3 3 1 0 3 5 3 2 3 2 1 0 2 3 2 3 0
16 51979 0 1 1 3 1 0 0 1 1 4 4 1 0 1 2 3 2 0 1 1 2 0 0 1 0 0 0 2 2 1 0 3 5 4 2 4 3 1 0 1 2 1 2 0
16 65902 0 1 1 3 1 0 0 1 1 4 4 1 0 1 2 4 3 0 1 1 3 0 0 1 0 0 0 2 2 0 0 2 6 4 1 3 4 0 0 1 2 1 2 0
16 34404 0 1 1 3 1 0 0 1 1 5 3 1 0 0 3 3 2 0 1 1 2 0 0 1 0 0 0 2 2 1 0 3 4 4 2 3 3 0 0 2 2 2 3 0
16 51991 0 1 1 3 1 0 0 1 1 5 4 2 0 0 3 3 3 0 1 1 3 0 0 1 0 0 0 1 1 1 0 3 4 4 2 3 4 0 0 1 2 1 2 0
16 65914 0 1 1 3 1 0 0 1 1 5 4 2 0 0 3 4 4 0 1 1 4 0 0 2 0 0 0 1 1 0 0 2 5 4 1 2 3 0 0 1 2 1 2 0
15 151354 0 1 1 3 1 1 0 0 0 4 1 2 0 0 2 1 1 0 1 2 0 0 1 0 0 0 0 3 2 2 0 3 3 5 2 4 3 3 0 1 2 0 1 0
15 153486 0 1 1 3 1 1 0 0 0 4 1 2 0 0 3 2 2 0 1 2 1 0 1 0 0 0 0 2 1 2 0 3 2 5 2 3 4 2 0 1 2 0 1 0
15 151563 0 1 1 3 1 1 0 0 0 4 2 2 0 0 2 2 1 0 1 3 1 0 1 1 0 0 0 2 2 2 0 2 4 6 1 3 3 2 0 0 1 0 1 0
15 151358 0 1 1 3 1 1 0 0 0 4 2 2 0 0 2 2 2 0 0 2 1 0 1 0 0 0 0 2 2 1 0 3 4 5 1 3 4 2 0 1 2 0 1 0
15 153595 0 1 1 3 1 1 0 0 0 4 2 2 0 0 3 3 2 0 1 3 2 0 1 1 0 0 0 1 1 2 0 2 3 6 1 2 4 1 0 0 1 0 1 0
15 153490 0 1 1 3 1 1 0 0 0 4 2 2 0 0 3 3 3 0 0 2 2 0 1 1 0 0 0 1 1 1 0 3 3 5 1 2 3 2 0 1 2 0 1 0
15 151567 0 1 1 3 1 1 0 0 0 4 3 2 0 0 2 3 3 0 0 2 2 0 1 1 0 0 0 1 2 1 0 2 4 6 1 2 4 1 0 0 1 0 1 0
15 153599 0 1 1 3 1 1 0 0 0 4 3 2 0 0 3 4 4 0 0 2 3 0 1 2 0 0 0 0 1 1 0 2 3 6 1 1 3 1 0 0 1 0 1 0
15 151362 0 1 1 3 2 1 0 0 0 3 3 2 0 0 1 2 2 0 1 2 2 0 1 1 0 0 0 2 3 2 0 1 3 5 1 2 3 2 0 1 2 0 1 0
15 151931 0 1 1 3 2 1 0 0 0 3 3 2 0 0 1 3 2 0 0 2 2 0 0 1 0 0 0 2 2 2 0 2 4 6 1 4 4 1 0 0 0 0 1 0
15 153780 0 1 1 3 2 1 0 0 0 3 3 2 0 0 2 4 3 0 0 2 3 0 0 1 0 0 0 1 1 2 0 2 3 6 1 3 5 0 0 0 0 0 1 0
15 9329 0 1 1 3 2 1 0 0 0 3 3 3 0 0 0 1 3 0 0 0 1 0 0 0 0 0 0 3 2 2 0 3 3 6 2 5 4 3 0 1 0 0 0 0
15 9407 0 1 1 3 2 1 0 0 0 3 3 3 0 0 1 2 3 0 0 1 2 0 0 1 0 0 0 2 1 2 0 3 3 6 1 4 3 3 0 1 0 0 0 0
15 9342 0 1 1 3 2 1 0 0 0 3 3 3 0 0 1 2 4 0 0 0 2 0 0 0 0 0 0 2 1 1 0 3 4 6 1 4 5 2 0 1 0 0 0 0
15 9368 0 1 1 3 2 1 0 0 0 3 3 3 0 0 1 2 4 0 1 1 3 0 0 1 0 0 0 2 2 2 0 1 2 6 1 3 4 2 0 1 0 0 0 0
15 9420 0 1 1 3 2 1 0 0 0 3 3 3 0 0 2 3 4 0 0 1 3 0 0 1 0 0 0 1 0 1 0 3 4 6 0 3 4 2 0 1 0 0 0 0
15 151571 0 1 1 3 2 1 0 0 0 3 4 3 0 0 1 2 3 0 1 2 3 0 1 2 0 0 0 1 2 2 0 1 3 6 1 1 3 1 0 0 1 0 1 0
15 151935 0 1 1 3 2 1 0 0 0 3 4 3 0 0 1 2 4 0 0 1 3 0 0 1 0 0 0 1 2 1 0 2 4 6 1 3 5 0 0 0 0 0 1 0
15 153784 0 1 1 3 2 1 0 0 0 3 4 3 0 0 2 3 5 0 0 1 4 0 0 2 0 0 0 0 1 1 0 2 3 6 1 2 4 0 0 0 0 0 1 0
16 93875 0 1 1 3 2 1 0 1 1 3 3 2 0 1 2 2 2 0 1 1 2 0 0 1 0 0 0 2 2 2 0 3 4 5 2 4 3 2 0 1 1 1 1 0
16 102833 0 1 1 3 2 1 0 1 1 3 3 2 0 1 2 3 3 0 1 1 3 0 0 1 0 0 0 2 2 1 0 2 5 5 1 3 4 1 0 1 1 1 1 0
16 93885 0 1 1 3 2 1 0 1 1 4 3 3 0 0 3 2 4 0 1 0 3 0 0 1 0 0 0 1 1 1 0 3 4 5 2 3 4 1 0 1 1 1 1 0
16 102843 0 1 1 3 2 1 0 1 1 4 3 3 0 0 3 3 5 0 1 0 4 0 0 2 0 0 0 1 1 0 0 2 5 5 1 2 3 1 0 1 1 1 1 0
15 15795 0 1 1 3 2 2 0 0 0 3 2 4 0 0 1 0 4 0 0 0 2 0 0 0 0 0 0 2 2 2 0 3 2 6 2 4 5 2 0 1 0 0 0 0
15 15802 0 1 1 3 2 2 0 0 0 3 2 4 0 0 2 1 5 0 0 0 3 0 0 1 0 0 0 1 1 1 0 3 3 6 1 3 4 2 0 1 0 0 0 0
15 15822 0 1 1 3 2 2 0 0 0 3 2 4 0 0 3 2 6 0 0 0 4 0 0 2 0 0 0 0 0 0 0 3 4 6 0 2 3 2 0 1 0 0 0 0
15 156149 0 1 1 3 2 2 1 0 0 3 2 2 2 0 2 3 1 1 1 4 3 0 2 4 2 0 0 1 1 2 0 1 1 2 1 1 1 1 0 0 1 0 1 0
15 156358 0 1 1 3 2 2 1 0 0 3 2 3 2 0 2 3 3 2 1 3 4 1 1 3 1 0 0 1 0 1 0 1 1 2 1 1 1 1 0 0 1 0 1 0
15 156151 0 1 1 3 2 2 1 0 0 3 3 2 2 0 2 4 3 2 0 3 4 1 1 3 1 0 0 0 1 1 0 1 1 2 1 1 1 1 0 0 1 0 1 0
16 137119 0 1 1 3 2 2 1 1 1 3 2 2 2 1 3 3 1 1 2 4 3 0 2 4 2 0 0 1 1 2 0 1 1 2 1 1 1 1 0 1 1 1 1 0
16 138019 0 1 1 3 2 2 1 1 1 3 3 2 2 1 2 4 3 2 1 3 4 1 1 3 1 0 0 1 1 1 0 1 1 2 1 1 1 1 0 1 1 1 1 0
16 137125 0 1 1 3 2 2 1 1 1 4 2 3 2 0 4 3 3 2 2 3 4 1 1 3 1 0 0 0 0 1 0 1 1 2 1 1 1 1 0 1 1 1 1 0
15 151939 0 1 1 3 3 2 0 0 0 2 3 4 0 0 1 1 4 0 1 1 4 0 0 2 0 0 0 1 2 2 0 1 3 6 1 2 4 0 0 0 0 0 1 0
15 156198 0 1 1 3 3 2 1 0 0 2 3 2 2 0 1 4 2 1 0 3 4 0 1 4 2 0 0 1 1 2 0 1 1 2 1 2 2 0 0 0 0 0 1 0
15 9485 0 1 1 3 3 2 1 0 0 2 3 3 2 0 1 2 2 1 1 3 3 0 2 4 2 0 0 1 1 2 0 1 1 3 0 1 1 2 0 1 0 0 0 0
15 9537 0 1 1 3 3 2 1 0 0 2 3 3 2 0 1 4 4 2 0 2 4 1 1 3 1 0 0 1 0 1 0 1 1 3 0 1 1 2 0 1 0 0 0 0
15 156381 0 1 1 3 3 2 1 0 0 2 3 3 2 0 1 4 4 2 0 2 5 1 0 3 1 0 0 1 0 1 0 1 1 2 1 2 2 0 0 0 0 0 1 0
15 156200 0 1 1 3 3 2 1 0 0 2 4 3 2 0 1 3 4 2 0 2 5 1 0 3 1 0 0 0 1 1 0 1 1 2 1 2 2 0 0 0 0 0 1 0
15 15855 0 1 1 3 3 3 1 0 0 2 2 4 2 0 2 1 4 2 1 2 4 1 1 3 1 0 0 0 1 1 0 1 1 3 0 1 1 2 0 1 0 0 0 0
15 16044 0 1 1 3 4 4 2 0 0 1 2 4 4 0 1 2 4 6 0 2 2 3 2 2 0 0 0 0 0 0 0 1 0 2 0 0 0 2 0 1 0 0 0 0
15 156505 0 1 1 3 4 4 2 0 0 1 2 4 4 0 1 2 4 6 1 2 4 4 0 0 0 0 0 0 0 0 0 0 0 0 1 2 2 0 0 0 0 0 1 0
17 25836 0 1 2 0 0 0 0 1 4 0 0 0 0 2 0 0 0 0 0 0 0 0 0 0 0 1 5 4 0 0 5 8 0 0 4 0 0 0 3 9 6 9 6 2
17 27529 0 1 2 0 0 0 0 1 4 1 0 0 0 2 1 0 0 0 0 0 0 0 0 0 0 1 4 4 0 0 4 9 2 0 4 2 0 0 2 7 6 7 7 1
17 25838 0 1 2 0 0 0 0 1 4 1 0 0 0 2 1 0 0 0 0 0 0 0 0 0 0 1 4 4 0 0 4 10 2 0 4 2 0 0 1 7 6 7 7 1
17 34851 0 1 2 0 0 0 0 1 4 1 0 0 0 2 2 0 0 0 1 0 0 0 0 0 0 1 4 3 1 0 4 7 3 0 4 3 0 1 2 6 6 6 6 1
17 25844 0 1 2 0 0 0 0 1 4 1 0 0 0 2 2 0 0 0 1 0 0 0 0 0 0 1 4 4 1 0 3 8 3 0 4 3 0 1 1 6 6 6 6 1
17 45847 0 1 2 0 0 0 0 1 4 2 0 0 0 2 2 0 0 0 0 0 0 0 0 0 0 1 3 4 0 0 3 10 4 0 4 4 0 0 1 5 6 5 8 0
17 44768 0 1 2 0 0 0 0 1 4 2 0 0 0 2 2 0 0 0 0 0 0 0 0 0 0 1 3 4 0 0 3 11 4 0 4 4 1 0 0 5 6 5 6 1
17 27530 0 1 2 0 0 0 0 1 4 2 0 0 0 2 2 1 0 0 0 0 0 0 0 0 0 1 3 4 0 0 3 9 4 0 4 4 0 0 1 5 6 5 8 0
17 52411 0 1 2 0 0 0 0 1 4 2 0 0 0 2 3 0 0 0 1 0 0 0 0 0 0 1 3 3 1 0 3 8 5 0 4 5 0 1 1 4 6 4 7 0
17 61680 0 1 2 0 0 0 0 1 4 2 0 0 0 2 3 0 0 0 1 0 0 0 0 0 0 1 3 3 1 0 3 9 5 1 4 4 1 1 0 4 5 5 5 1
17 44774 0 1 2 0 0 0 0 1 4 2 0 0 0 2 3 0 0 0 1 0 0 0 0 0 0 1 3 4 1 0 2 9 5 1 4 4 1 1 0 4 5 5 5 1
17 34852 0 1 2 0 0 0 0 1 4 2 0 0 0 2 3 1 0 0 1 1 0 0 0 0 0 1 3 3 1 0 3 7 4 0 3 5 0 1 1 5 6 4 7 0
17 27536 0 1 2 0 0 0 0 1 4 2 0 0 0 2 3 1 0 0 1 1 0 0 0 0 0 1 3 4 1 0 2 7 4 0 3 5 0 1 1 5 6 4 7 0
17 61685 0 1 2 0 0 0 0 1 4 2 0 0 0 2 4 0 0 0 2 0 0 0 0 0 0 1 3 3 2 0 2 7 6 2 4 4 2 0 0 3 4 5 5 1
17 34858 0 1 2 0 0 0 0 1 4 2 0 0 0 2 4 1 0 0 2 2 0 0 1 0 0 1 3 3 2 0 2 5 4 0 2 4 0 2 1 5 7 3 6 0
17 70573 0 1 2 0 0 0 0 1 4 2 1 0 0 2 3 2 0 0 1 1 0 0 0 0 0 1 3 2 1 0 3 6 6 1 3 6 1 1 1 3 5 3 6 0
17 80252 0 1 2 0 0 0 0 1 4 2 2 0 0 2 2 4 0 0 0 2 0 0 0 0 0 1 3 2 0 0 3 6 6 2 2 6 2 0 1 3 4 3 6 0
17 45848 0 1 2 0 0 0 0 1 4 3 0 0 0 2 3 1 0 0 0 0 0 0 0 0 0 1 2 4 0 0 2 10 6 0 4 6 1 0 0 3 6 3 7 0
17 62363 0 1 2 0 0 0 0 1 4 3 0 0 0 2 4 1 0 0 1 0 0 0 0 0 0 1 2 3 1 0 2 8 7 1 4 6 1 1 0 2 5 3 6 0
17 52412 0 1 2 0 0 0 0 1 4 3 0 0 0 2 4 1 0 0 1 1 0 0 0 0 0 1 2 3 1 0 2 8 6 0 3 7 1 1 0 3 6 2 6 0
17 45853 0 1 2 0 0 0 0 1 4 3 0 0 0 2 4 1 0 0 1 1 0 0 0 0 0 1 2 4 1 0 1 8 6 1 3 6 1 1 0 3 5 3 6 0
17 62368 0 1 2 0 0 0 0 1 4 3 0 0 0 2 5 1 0 0 2 1 0 0 0 0 0 1 2 3 2 0 1 6 7 2 3 6 2 0 0 2 4 3 6 0
17 52417 0 1 2 0 0 0 0 1 4 3 0 0 0 2 5 1 0 0 2 2 0 0 1 0 0 1 2 3 2 0 1 6 6 1 2 5 1 2 0 3 6 2 5 0
17 77848 0 1 2 0 0 0 0 1 4 3 1 0 0 2 4 3 0 0 1 2 1 0 0 0 0 1 2 2 1 0 2 6 7 1 2 6 2 1 0 2 5 2 5 0
17 70574 0 1 2 0 0 0 0 1 4 3 1 0 0 2 4 3 1 0 1 1 0 0 0 0 0 1 2 2 1 0 2 6 6 2 3 7 2 1 0 2 4 2 5 0
17 77853 0 1 2 0 0 0 0 1 4 3 1 0 0 2 5 3 0 0 2 3 1 0 1 1 0 1 2 2 2 0 1 4 7 2 1 4 1 1 0 2 5 2 5 0
17 70579 0 1 2 0 0 0 0 1 4 3 1 0 0 2 5 3 1 0 2 2 1 0 0 0 0 1 2 2 2 0 1 4 6 2 2 6 3 0 0 2 4 2 5 0
17 80253 0 1 2 0 0 0 0 1 4 3 2 0 0 2 3 5 1 0 0 2 1 0 0 0 0 1 2 2 0 0 2 6 6 2 2 6 3 0 0 2 4 2 5 0
17 80258 0 1 2 0 0 0 0 1 4 3 2 0 0 2 4 5 1 0 1 3 2 0 0 1 0 1 2 2 1 0 1 4 6 2 1 5 2 0 0 2 4 2 5 0
17 25856 0 1 2 0 0 0 0 1 5 1 0 0 0 2 1 0 0 0 0 0 0 0 0 0 0 0 4 4 0 0 4 9 2 0 4 2 0 0 2 7 6 7 7 1
17 25876 0 1 2 0 0 0 0 1 5 1 0 0 0 3 2 0 0 0 1 0 0 0 0 0 0 0 3 3 1 0 4 7 3 0 4 3 0 1 2 6 6 6 6 1
17 27548 0 1 2 0 0 0 0 1 5 2 0 0 0 2 2 0 0 0 0 0 0 0 0 0 0 0 3 4 0 0 3 10 4 0 4 4 1 0 1 5 6 5 6 1
17 25858 0 1 2 0 0 0 0 1 5 2 0 0 0 2 2 0 0 0 0 0 0 0 0 0 0 0 3 4 0 0 3 11 4 0 4 4 0 0 0 5 6 5 8 0
17 44786 0 1 2 0 0 0 0 1 5 2 0 0 0 2 2 1 0 0 0 0 0 0 0 0 0 0 3 4 0 0 3 8 4 0 4 4 0 0 2 5 6 5 8 0
17 34870 0 1 2 0 0 0 0 1 5 2 0 0 0 2 3 0 0 0 1 0 0 0 0 0 0 0 3 3 1 0 3 8 5 1 4 4 1 1 1 4 5 5 5 1
17 25864 0 1 2 0 0 0 0 1 5 2 0 0 0 2 3 0 0 0 1 0 0 0 0 0 0 0 3 4 1 0 2 9 5 0 4 5 0 1 0 4 6 4 7 0
17 61697 0 1 2 0 0 0 0 1 5 2 0 0 0 2 3 1 0 0 1 1 0 0 0 0 0 0 3 3 1 0 3 6 4 0 3 5 0 1 2 5 6 4 7 0
17 27568 0 1 2 0 0 0 0 1 5 2 0 0 0 3 3 0 0 0 1 0 0 0 0 0 0 0 2 3 1 0 3 8 5 1 4 4 1 1 1 4 5 5 5 1
17 25878 0 1 2 0 0 0 0 1 5 2 0 0 0 3 3 0 0 0 1 0 0 0 0 0 0 0 2 3 1 0 3 9 5 0 4 5 0 1 0 4 6 4 7 0
17 44805 0 1 2 0 0 0 0 1 5 2 0 0 0 3 3 1 0 0 1 1 0 0 0 0 0 0 2 3 1 0 3 6 4 0 3 5 0 1 2 5 6 4 7 0
17 34889 0 1 2 0 0 0 0 1 5 2 0 0 0 3 4 0 0 0 2 0 0 0 0 0 0 0 2 2 2 0 3 6 6 2 4 4 2 0 1 3 4 5 5 1
17 61715 0 1 2 0 0 0 0 1 5 2 0 0 0 3 4 1 0 0 2 2 0 0 1 0 0 0 2 2 2 0 3 4 4 0 2 4 0 2 2 5 7 3 6 0
17 25892 0 1 2 0 0 0 0 1 5 2 1 0 0 3 4 2 0 0 1 1 0 0 0 0 0 0 2 2 1 0 2 7 6 1 3 6 1 1 0 3 5 3 6 0
17 45865 0 1 2 0 0 0 0 1 5 3 0 0 0 2 3 1 0 0 0 0 0 0 0 0 0 0 2 4 0 0 2 9 6 0 4 6 1 0 1 3 6 3 7 0
17 27550 0 1 2 0 0 0 0 1 5 3 0 0 0 2 3 1 0 0 0 0 0 0 0 0 0 0 2 4 0 0 2 10 6 0 4 6 1 0 0 3 6 3 7 0
17 52429 0 1 2 0 0 0 0 1 5 3 0 0 0 2 4 1 0 0 1 0 0 0 0 0 0 0 2 3 1 0 2 7 7 1 4 6 1 1 1 2 5 3 6 0
17 44793 0 1 2 0 0 0 0 1 5 3 0 0 0 2 4 1 0 0 1 0 0 0 0 0 0 0 2 4 1 0 1 8 7 1 4 6 1 1 0 2 5 3 6 0
17 62379 0 1 2 0 0 0 0 1 5 3 0 0 0 2 4 1 0 0 1 1 0 0 0 0 0 0 2 3 1 0 2 7 6 0 3 7 1 1 1 3 6 2 6 0
17 34871 0 1 2 0 0 0 0 1 5 3 0 0 0 2 4 1 0 0 1 1 0 0 0 0 0 0 2 3 1 0 2 8 6 1 3 6 1 1 0 3 5 3 6 0
17 27556 0 1 2 0 0 0 0 1 5 3 0 0 0 2 4 1 0 0 1 1 0 0 0 0 0 0 2 4 1 0 1 8 6 0 3 7 1 1 0 3 6 2 6 0
17 61703 0 1 2 0 0 0 0 1 5 3 0 0 0 2 5 1 0 0 2 1 0 0 0 0 0 0 2 3 2 0 1 6 7 2 3 6 2 0 0 2 4 3 6 0
17 34877 0 1 2 0 0 0 0 1 5 3 0 0 0 2 5 1 0 0 2 2 0 0 1 0 0 0 2 3 2 0 1 6 6 1 2 5 1 2 0 3 6 2 5 0
17 27570 0 1 2 0 0 0 0 1 5 3 0 0 0 3 4 1 0 0 1 0 0 0 0 0 0 0 1 3 1 0 2 8 7 1 4 6 1 1 0 2 5 3 6 0
17 45884 0 1 2 0 0 0 0 1 5 3 0 0 0 3 4 1 0 0 1 1 0 0 0 0 0 0 1 3 1 0 2 7 6 1 3 6 1 1 1 3 5 3 6 0
17 44806 0 1 2 0 0 0 0 1 5 3 0 0 0 3 4 1 0 0 1 1 0 0 0 0 0 0 1 3 1 0 2 8 6 0 3 7 1 1 0 3 6 2 6 0
17 52447 0 1 2 0 0 0 0 1 5 3 0 0 0 3 5 1 0 0 2 1 0 0 0 0 0 0 1 2 2 0 2 5 7 2 3 6 2 0 1 2 4 3 6 0
17 34891 0 1 2 0 0 0 0 1 5 3 0 0 0 3 5 1 0 0 2 1 0 0 0 0 0 0 1 2 2 0 2 6 7 2 3 6 2 0 0 2 4 3 6 0
17 62397 0 1 2 0 0 0 0 1 5 3 0 0 0 3 5 1 0 0 2 2 0 0 1 0 0 0 1 2 2 0 2 5 6 1 2 5 1 2 1 3 6 2 5 0
17 61716 0 1 2 0 0 0 0 1 5 3 0 0 0 3 5 1 0 0 2 2 0 0 1 0 0 0 1 2 2 0 2 6 6 1 2 5 1 2 0 3 6 2 5 0
17 25916 0 1 2 0 0 0 0 1 5 3 1 0 0 2 3 2 0 0 1 1 0 0 0 0 0 0 2 3 1 0 2 7 6 1 3 6 1 1 0 3 5 3 6 0
17 70589 0 1 2 0 0 0 0 1 5 3 1 0 0 2 4 3 0 0 1 2 1 0 0 0 0 0 2 2 1 0 2 5 7 1 2 6 2 1 1 2 5 2 5 0
17 77863 0 1 2 0 0 0 0 1 5 3 1 0 0 2 4 3 1 0 1 1 0 0 0 0 0 0 2 2 1 0 2 5 6 2 3 7 2 1 1 2 4 2 5 0
17 44819 0 1 2 0 0 0 0 1 5 3 1 0 0 3 5 3 0 0 1 2 1 0 0 0 0 0 1 2 1 0 1 6 7 1 2 6 2 1 0 2 5 2 5 0
17 70605 0 1 2 0 0 0 0 1 5 3 1 0 0 3 5 3 0 0 2 3 1 0 1 1 0 0 1 1 2 0 2 3 7 2 1 4 1 1 1 2 5 2 5 0
17 27584 0 1 2 0 0 0 0 1 5 3 1 0 0 3 5 3 1 0 1 1 0 0 0 0 0 0 1 2 1 0 1 6 6 2 3 7 2 1 0 2 4 2 5 0
17 77879 0 1 2 0 0 0 0 1 5 3 1 0 0 3 5 3 1 0 2 2 1 0 0 0 0 0 1 1 2 0 2 3 6 2 2 6 3 0 1 2 4 2 5 0
17 61727 0 1 2 0 0 0 0 1 5 3 1 0 0 3 6 3 0 0 2 3 1 0 1 1 0 0 1 1 2 0 1 4 7 2 1 4 1 1 0 2 5 2 5 0
17 34905 0 1 2 0 0 0 0 1 5 3 1 0 0 3 6 3 1 0 2 2 1 0 0 0 0 0 1 1 2 0 1 4 6 2 2 6 3 0 0 2 4 2 5 0
17 25928 0 1 2 0 0 0 0 1 5 3 2 0 0 2 3 4 0 0 0 2 0 0 0 0 0 0 2 2 0 0 2 7 6 2 2 6 2 0 0 3 4 3 6 0
17 80268 0 1 2 0 0 0 0 1 5 3 2 0 0 2 3 5 1 0 0 2 1 0 0 0 0 0 2 2 0 0 2 5 6 2 2 6 3 0 1 2 4 2 5 0
17 80284 0 1 2 0 0 0 0 1 5 3 2 0 0 3 4 5 1 0 1 3 2 0 0 1 0 0 1 1 1 0 2 3 6 2 1 5 2 0 1 2 4 2 5 0
17 45866 0 1 2 0 0 0 0 1 5 4 0 0 0 2 4 2 0 0 0 0 0 0 0 0 0 0 1 4 0 0 1 9 8 0 4 8 2 0 0 1 6 1 6 0
17 52430 0 1 2 0 0 0 0 1 5 4 0 0 0 2 5 2 0 0 1 1 0 0 0 0 0 0 1 3 1 0 1 7 8 1 3 8 2 1 0 1 5 1 5 0
17 45872 0 1 2 0 0 0 0 1 5 4 0 0 0 2 5 2 0 0 1 1 0 0 0 0 0 0 1 4 1 0 0 7 8 1 3 8 2 1 0 1 5 1 5 0
17 62385 0 1 2 0 0 0 0 1 5 4 0 0 0 2 6 2 0 0 2 2 0 0 0 0 0 0 1 3 2 0 0 5 8 2 2 8 3 0 0 1 4 1 5 0
17 52435 0 1 2 0 0 0 0 1 5 4 0 0 0 2 6 2 0 0 2 2 0 0 1 0 0 0 1 3 2 0 0 5 8 2 2 6 2 2 0 1 5 1 4 0
17 45885 0 1 2 0 0 0 0 1 5 4 0 0 0 3 5 2 0 0 1 1 0 0 0 0 0 0 0 3 1 0 1 7 8 1 3 8 2 1 0 1 5 1 5 0
17 52448 0 1 2 0 0 0 0 1 5 4 0 0 0 3 6 2 0 0 2 2 0 0 0 0 0 0 0 2 2 0 1 5 8 2 2 8 3 0 0 1 4 1 5 0
17 62398 0 1 2 0 0 0 0 1 5 4 0 0 0 3 6 2 0 0 2 2 0 0 1 0 0 0 0 2 2 0 1 5 8 2 2 6 2 2 0 1 5 1 4 0
17 27608 0 1 2 0 0 0 0 1 5 4 1 0 0 2 4 3 0 0 1 2 1 0 0 0 0 0 1 3 1 0 1 6 7 1 2 6 2 1 0 2 5 2 5 0
17 44843 0 1 2 0 0 0 0 1 5 4 1 0 0 2 4 3 1 0 1 1 0 0 0 0 0 0 1 3 1 0 1 6 6 2 3 7 2 1 0 2 4 2 5 0
17 34929 0 1 2 0 0 0 0 1 5 4 1 0 0 2 5 3 0 0 2 3 1 0 1 1 0 0 1 2 2 0 1 4 7 2 1 4 1 1 0 2 5 2 5 0
17 61739 0 1 2 0 0 0 0 1 5 4 1 0 0 2 5 3 1 0 2 2 1 0 0 0 0 0 1 2 2 0 1 4 6 2 2 6 3 0 0 2 4 2 5 0
17 70590 0 1 2 0 0 0 0 1 5 4 1 0 0 2 5 4 1 0 1 2 1 0 0 0 0 0 1 2 1 0 1 5 7 2 2 7 3 1 0 1 4 1 4 0
17 77869 0 1 2 0 0 0 0 1 5 4 1 0 0 2 6 4 1 0 2 3 1 0 1 1 0 0 1 2 2 0 0 3 7 3 1 5 2 1 0 1 4 1 4 0
17 70595 0 1 2 0 0 0 0 1 5 4 1 0 0 2 6 4 1 0 2 3 2 0 0 0 0 0 1 2 2 0 0 3 7 2 1 6 4 0 0 1 4 1 4 0
17 45898 0 1 2 0 0 0 0 1 5 4 1 0 0 3 6 4 1 0 1 2 1 0 0 0 0 0 0 2 1 0 0 5 7 2 2 7 3 1 0 1 4 1 4 0
17 70606 0 1 2 0 0 0 0 1 5 4 1 0 0 3 6 4 1 0 2 3 1 0 1 1 0 0 0 1 2 0 1 3 7 3 1 5 2 1 0 1 4 1 4 0
17 77880 0 1 2 0 0 0 0 1 5 4 1 0 0 3 6 4 1 0 2 3 2 0 0 0 0 0 0 1 2 0 1 3 7 2 1 6 4 0 0 1 4 1 4 0
17 62409 0 1 2 0 0 0 0 1 5 4 1 0 0 3 7 4 1 0 2 3 1 0 1 1 0 0 0 1 2 0 0 3 7 3 1 5 2 1 0 1 4 1 4 0
17 52461 0 1 2 0 0 0 0 1 5 4 1 0 0 3 7 4 1 0 2 3 2 0 0 0 0 0 0 1 2 0 0 3 7 2 1 6 4 0 0 1 4 1 4 0
17 27620 0 1 2 0 0 0 0 1 5 4 2 0 0 2 4 5 1 0 0 2 1 0 0 0 0 0 1 2 0 0 1 6 6 2 2 6 3 0 0 2 4 2 5 0
17 80269 0 1 2 0 0 0 0 1 5 4 2 0 0 2 4 6 2 0 0 2 2 0 0 0 0 0 1 2 0 0 1 5 6 2 2 6 4 0 0 1 4 1 4 0
17 34941 0 1 2 0 0 0 0 1 5 4 2 0 0 2 5 5 1 0 1 3 2 0 0 1 0 0 1 1 1 0 1 4 6 2 1 5 2 0 0 2 4 2 5 0
17 80274 0 1 2 0 0 0 0 1 5 4 2 0 0 2 5 6 2 0 1 3 3 0 0 1 0 0 1 2 1 0 0 3 6 2 1 5 3 0 0 1 4 1 4 0
17 80285 0 1 2 0 0 0 0 1 5 4 2 0 0 3 5 6 2 0 1 3 3 0 0 1 0 0 0 1 1 0 1 3 6 2 1 5 3 0 0 1 4 1 4 0
17 77891 0 1 2 0 0 0 0 1 5 4 2 0 0 3 7 6 2 0 2 4 4 1 0 0 0 0 0 0 2 0 0 1 6 2 0 4 3 0 0 1 4 1 4 0
17 45922 0 1 2 0 0 0 0 1 5 5 1 0 0 2 5 4 1 0 1 2 1 0 0 0 0 0 0 3 1 0 0 5 7 2 2 7 3 1 0 1 4 1 4 0
17 52485 0 1 2 0 0 0 0 1 5 5 1 0 0 2 6 4 1 0 2 3 1 0 1 1 0 0 0 2 2 0 0 3 7 3 1 5 2 1 0 1 4 1 4 0
17 62421 0 1 2 0 0 0 0 1 5 5 1 0 0 2 6 4 1 0 2 3 2 0 0 0 0 0 0 2 2 0 0 3 7 2 1 6 4 0 0 1 4 1 4 0
17 45934 0 1 2 0 0 0 0 1 5 5 2 0 0 2 5 6 2 0 0 2 2 0 0 0 0 0 0 2 0 0 0 5 6 2 2 6 4 0 0 1 4 1 4 0
17 52497 0 1 2 0 0 0 0 1 5 5 2 0 0 2 6 6 2 0 1 3 3 0 0 1 0 0 0 1 1 0 0 3 6 2 1 5 3 0 0 1 4 1 4 0
17 70617 0 1 2 0 0 0 0 1 5 5 2 0 0 2 6 6 2 0 2 4 4 1 0 0 0 0 0 1 2 0 0 1 6 2 0 4 3 0 0 1 4 1 4 0
17 30178 0 1 2 1 0 0 0 1 3 2 0 0 0 1 1 0 0 0 0 0 0 0 0 0 0 1 4 5 1 0 3 8 3 0 3 3 0 1 2 7 6 6 6 1
17 25840 0 1 2 1 0 0 0 1 3 2 0 0 0 1 1 0 0 0 0 0 0 0 0 0 0 1 4 5 1 0 3 9 3 0 4 3 0 1 1 6 6 6 6 1
17 36574 0 1 2 1 0 0 0 1 3 2 0 0 0 1 2 0 0 0 1 0 0 0 0 0 0 1 4 4 2 0 3 6 4 0 3 4 0 2 2 6 6 5 5 1
17 25846 0 1 2 1 0 0 0 1 3 2 0 0 0 1 2 0 0 0 1 0 0 0 0 0 0 1 4 5 2 0 2 7 4 0 4 4 0 2 1 5 6 5 5 1
17 47892 0 1 2 1 0 0 0 1 3 3 0 0 0 1 2 0 0 0 0 0 0 0 0 0 0 1 3 5 1 0 2 9 5 0 3 5 0 1 1 5 6 4 7 0
17 88869 0 1 2 1 0 0 0 1 3 3 0 0 0 1 2 0 0 0 0 0 0 0 0 0 0 1 3 5 1 0 2 10 5 1 3 4 1 1 0 5 5 5 5 1
17 44770 0 1 2 1 0 0 0 1 3 3 0 0 0 1 2 0 0 0 0 0 0 0 0 0 0 1 3 5 1 0 2 10 5 1 4 4 1 1 0 4 5 5 5 1
17 54054 0 1 2 1 0 0 0 1 3 3 0 0 0 1 3 0 0 0 1 0 0 0 0 0 0 1 3 4 2 0 2 7 6 0 3 6 0 2 1 4 6 3 6 0
17 100140 0 1 2 1 0 0 0 1 3 3 0 0 0 1 3 0 0 0 1 0 0 0 0 0 0 1 3 4 2 0 2 8 6 2 3 4 1 2 0 4 4 5 4 1
17 61681 0 1 2 1 0 0 0 1 3 3 0 0 0 1 3 0 0 0 1 0 0 0 0 0 0 1 3 4 2 1 2 8 4 2 5 4 1 2 0 3 4 5 4 1
17 44776 0 1 2 1 0 0 0 1 3 3 0 0 0 1 3 0 0 0 1 0 0 0 0 0 0 1 3 5 2 0 1 8 6 2 4 4 1 2 0 3 4 5 4 1
17 88874 0 1 2 1 0 0 0 1 3 3 0 0 0 1 3 0 0 0 1 0 0 0 0 0 0 1 3 5 2 1 1 8 4 2 4 4 1 2 0 4 4 5 4 1
17 100144 0 1 2 1 0 0 0 1 3 3 0 0 0 1 4 0 0 0 2 0 0 0 0 0 0 1 3 4 3 1 1 6 5 3 4 4 2 1 0 3 3 5 4 1
17 61687 0 1 2 1 0 0 0 1 3 3 0 0 0 1 4 0 0 0 2 0 0 0 0 0 0 1 3 4 3 1 1 6 5 3 5 4 2 1 0 2 3 5 4 1
17 30179 0 1 2 1 0 0 0 1 3 3 1 0 0 1 1 1 0 0 0 0 0 0 0 0 0 1 3 4 1 0 3 8 5 0 3 5 0 1 1 5 6 4 7 0
17 27532 0 1 2 1 0 0 0 1 3 3 1 0 0 1 1 1 0 0 0 0 0 0 0 0 0 1 3 4 1 0 3 8 5 0 4 5 0 1 1 4 6 4 7 0
17 36575 0 1 2 1 0 0 0 1 3 3 1 0 0 1 2 1 0 0 1 1 0 0 0 0 0 1 3 3 2 0 3 6 5 0 2 6 0 2 1 5 6 3 6 0
17 27538 0 1 2 1 0 0 0 1 3 3 1 0 0 1 2 1 0 0 1 1 0 0 0 0 0 1 3 4 2 0 2 6 5 0 3 6 0 2 1 4 6 3 6 0
17 34854 0 1 2 1 0 0 0 1 3 3 1 0 0 1 2 2 0 0 0 1 0 0 0 0 0 1 3 3 1 0 3 7 5 0 3 6 0 2 1 4 6 3 6 0
17 30185 0 1 2 1 0 0 0 1 3 3 1 0 0 1 2 2 0 0 0 1 0 0 0 0 0 1 3 4 1 0 2 7 5 0 2 6 0 2 1 5 6 3 6 0
17 71107 0 1 2 1 0 0 0 1 3 3 1 0 0 1 3 2 0 0 1 1 0 0 0 0 0 1 3 3 2 0 2 5 7 1 2 7 1 2 1 3 5 2 5 0
17 36581 0 1 2 1 0 0 0 1 3 3 1 0 0 1 3 2 0 0 1 2 0 0 1 0 0 1 3 3 2 0 2 5 5 0 1 5 0 3 1 5 7 2 5 0
17 34860 0 1 2 1 0 0 0 1 3 3 1 0 0 1 3 2 0 0 1 2 0 0 1 0 0 1 3 3 2 0 2 5 5 0 2 5 0 3 1 4 7 2 5 0
17 80545 0 1 2 1 0 0 0 1 3 3 2 0 0 1 2 4 0 0 0 2 0 0 0 0 0 1 3 3 1 0 2 5 7 2 1 7 2 1 1 3 4 2 5 0
17 89728 0 1 2 1 0 0 0 1 3 4 0 0 0 1 3 1 0 0 0 0 0 0 0 0 0 1 2 5 1 0 1 9 7 1 3 6 1 1 0 3 5 3 6 0
17 100644 0 1 2 1 0 0 0 1 3 4 0 0 0 1 4 1 0 0 1 0 0 0 0 0 0 1 2 4 2 0 1 7 8 2 3 6 1 2 0 2 4 3 5 0
17 94158 0 1 2 1 0 0 0 1 3 4 0 0 0 1 4 1 0 0 1 1 0 0 0 0 0 1 2 4 2 0 1 7 7 1 2 7 1 2 0 3 5 2 5 0
17 89732 0 1 2 1 0 0 0 1 3 4 0 0 0 1 4 1 0 0 1 1 0 0 0 0 0 1 2 5 2 1 0 7 5 2 3 6 1 2 0 3 4 3 5 0
17 100648 0 1 2 1 0 0 0 1 3 4 0 0 0 1 5 1 0 0 2 1 0 0 0 0 0 1 2 4 3 1 0 5 6 3 3 6 2 1 0 2 3 3 5 0
17 94162 0 1 2 1 0 0 0 1 3 4 0 0 0 1 5 1 0 0 2 2 0 0 1 0 0 1 2 4 3 1 0 5 5 2 2 5 1 3 0 3 5 2 4 0
17 47893 0 1 2 1 0 0 0 1 3 4 1 0 0 1 2 1 0 0 0 0 0 0 0 0 0 1 2 4 1 0 2 9 7 0 3 7 1 1 0 3 6 2 6 0
17 45849 0 1 2 1 0 0 0 1 3 4 1 0 0 1 2 1 0 0 0 0 0 0 0 0 0 1 2 4 1 0 2 9 7 1 4 6 1 1 0 2 5 3 6 0
17 63308 0 1 2 1 0 0 0 1 3 4 1 0 0 1 3 1 0 0 1 0 0 0 0 0 0 1 2 3 2 0 2 7 8 1 3 7 1 2 0 2 5 2 5 0
17 62364 0 1 2 1 0 0 0 1 3 4 1 0 0 1 3 1 0 0 1 0 0 0 0 0 0 1 2 3 2 1 2 7 6 2 5 6 1 2 0 1 4 3 5 0
17 54055 0 1 2 1 0 0 0 1 3 4 1 0 0 1 3 1 0 0 1 1 0 0 0 0 0 1 2 3 2 0 2 7 7 0 2 8 1 2 0 3 6 1 5 0
17 45855 0 1 2 1 0 0 0 1 3 4 1 0 0 1 3 1 0 0 1 1 0 0 0 0 0 1 2 4 2 0 1 7 7 2 3 6 1 2 0 2 4 3 5 0
17 52413 0 1 2 1 0 0 0 1 3 4 1 0 0 1 3 2 0 0 0 1 0 0 0 0 0 1 2 3 1 0 2 8 7 1 3 7 1 2 0 2 5 2 5 0
17 47898 0 1 2 1 0 0 0 1 3 4 1 0 0 1 3 2 0 0 0 1 0 0 0 0 0 1 2 4 1 0 1 8 7 1 2 7 1 2 0 3 5 2 5 0
17 62369 0 1 2 1 0 0 0 1 3 4 1 0 0 1 4 1 0 0 2 1 0 0 0 0 0 1 2 3 3 1 1 5 6 3 4 6 2 1 0 1 3 3 5 0
17 63313 0 1 2 1 0 0 0 1 3 4 1 0 0 1 4 2 0 0 1 1 0 0 0 0 0 1 2 3 2 0 1 6 8 2 2 7 2 1 0 2 4 2 5 0
17 54060 0 1 2 1 0 0 0 1 3 4 1 0 0 1 4 2 0 0 1 2 0 0 1 0 0 1 2 3 2 0 1 6 7 1 1 6 1 3 0 3 6 1 4 0
17 52419 0 1 2 1 0 0 0 1 3 4 1 0 0 1 4 2 0 0 1 2 0 0 1 0 0 1 2 3 2 0 1 6 7 2 2 5 1 3 0 2 5 2 4 0
17 111027 0 1 2 1 0 0 0 1 3 4 1 0 0 1 4 3 0 0 1 2 1 0 0 0 0 1 2 3 2 0 1 5 8 2 1 6 2 2 0 2 4 2 4 0
17 105812 0 1 2 1 0 0 0 1 3 4 1 0 0 1 4 3 1 0 1 1 0 0 0 0 0 1 2 3 2 0 1 5 7 3 2 7 2 2 0 2 3 2 4 0
17 111031 0 1 2 1 0 0 0 1 3 4 1 0 0 1 5 3 0 0 2 3 1 0 1 1 0 1 2 3 3 1 0 3 6 3 1 4 1 2 0 2 4 2 4 0
17 105816 0 1 2 1 0 0 0 1 3 4 1 0 0 1 5 3 1 0 2 2 1 0 0 0 0 1 2 3 3 1 0 3 5 3 2 6 3 1 0 2 3 2 4 0
17 78144 0 1 2 1 0 0 0 1 3 4 2 0 0 1 3 3 0 0 1 2 1 0 0 0 0 1 2 2 2 0 2 5 8 1 1 7 2 2 0 2 5 1 4 0
17 71108 0 1 2 1 0 0 0 1 3 4 2 0 0 1 3 3 1 0 1 1 0 0 0 0 0 1 2 2 2 0 2 5 7 2 2 8 2 2 0 2 4 1 4 0
17 77849 0 1 2 1 0 0 0 1 3 4 2 0 0 1 3 4 1 0 0 1 1 0 0 0 0 1 2 2 1 0 2 6 7 2 3 6 2 2 0 1 4 2 4 0
17 112407 0 1 2 1 0 0 0 1 3 4 2 0 0 1 3 5 1 0 0 2 1 0 0 0 0 1 2 3 1 0 1 5 7 3 1 6 3 1 0 2 3 2 4 0
17 78149 0 1 2 1 0 0 0 1 3 4 2 0 0 1 4 4 0 0 1 3 1 0 1 1 0 1 2 2 2 0 1 4 8 2 0 5 1 2 0 2 5 1 4 0
17 71113 0 1 2 1 0 0 0 1 3 4 2 0 0 1 4 4 1 0 1 2 1 0 0 0 0 1 2 2 2 0 1 4 7 2 1 7 3 1 0 2 4 1 4 0
17 77854 0 1 2 1 0 0 0 1 3 4 2 0 0 1 4 4 1 0 1 2 1 0 1 1 0 1 2 2 2 0 1 4 7 3 2 4 1 2 0 1 4 2 4 0
17 112411 0 1 2 1 0 0 0 1 3 4 2 0 0 1 4 5 1 0 1 3 2 0 0 1 0 1 2 3 2 1 0 3 5 3 1 5 2 1 0 2 3 2 4 0
17 70575 0 1 2 1 0 0 0 1 3 4 2 1 0 1 3 2 1 0 1 1 0 0 0 0 0 1 2 2 1 1 2 6 5 3 4 7 2 2 0 1 3 2 4 0
17 70580 0 1 2 1 0 0 0 1 3 4 2 1 0 1 4 2 1 0 2 2 1 0 0 0 0 1 2 2 2 1 1 4 5 3 3 6 3 1 0 1 3 2 4 0
17 80546 0 1 2 1 0 0 0 1 3 4 3 0 0 1 2 5 1 0 0 2 1 0 0 0 0 1 2 2 1 0 2 5 7 2 1 7 3 1 0 2 4 1 4 0
17 80551 0 1 2 1 0 0 0 1 3 4 3 0 0 1 3 6 1 0 0 3 2 0 0 1 0 1 2 2 1 0 1 4 7 2 0 6 2 1 0 2 4 1 4 0
17 80254 0 1 2 1 0 0 0 1 3 4 3 1 0 1 2 4 2 0 0 1 1 0 0 0 0 1 2 2 0 0 2 6 6 3 3 6 3 1 0 1 3 2 4 0
17 80259 0 1 2 1 0 0 0 1 3 4 3 1 0 1 3 4 2 0 1 2 2 0 0 1 0 1 2 2 1 0 1 4 6 3 2 5 2 1 0 1 3 2 4 0
17 30197 0 1 2 1 0 0 0 1 4 3 0 0 0 1 2 0 0 0 0 0 0 0 0 0 0 0 3 5 1 0 2 9 5 1 3 4 1 1 1 5 5 5 5 1
17 25860 0 1 2 1 0 0 0 1 4 3 0 0 0 1 2 0 0 0 0 0 0 0 0 0 0 0 3 5 1 0 2 10 5 0 4 5 0 1 0 4 6 4 7 0
17 36593 0 1 2 1 0 0 0 1 4 3 0 0 0 1 3 0 0 0 1 0 0 0 0 0 0 0 3 4 2 0 2 7 6 2 3 4 1 2 1 4 4 5 4 1
17 25866 0 1 2 1 0 0 0 1 4 3 0 0 0 1 3 0 0 0 1 0 0 0 0 0 0 0 3 5 2 0 1 8 6 0 4 6 0 2 0 3 6 3 6 0
17 25880 0 1 2 1 0 0 0 1 4 3 0 0 0 2 3 0 0 0 1 0 0 0 0 0 0 0 2 4 2 0 2 8 6 0 4 6 0 2 0 3 6 3 6 0
17 30216 0 1 2 1 0 0 0 1 4 3 0 0 0 2 3 0 0 0 1 0 0 0 0 0 0 0 2 4 2 1 2 7 4 2 4 4 1 2 1 4 4 5 4 1
17 36612 0 1 2 1 0 0 0 1 4 3 0 0 0 2 4 0 0 0 2 0 0 0 0 0 0 0 2 3 3 1 2 5 5 3 4 4 2 1 1 3 3 5 4 1
17 88884 0 1 2 1 0 0 0 1 4 3 1 0 0 1 1 1 0 0 0 0 0 0 0 0 0 0 3 4 1 0 3 7 5 0 3 5 0 1 2 5 6 4 7 0
17 100154 0 1 2 1 0 0 0 1 4 3 1 0 0 1 2 1 0 0 1 1 0 0 0 0 0 0 3 3 2 0 3 5 5 0 2 6 0 2 2 5 6 3 6 0
17 88900 0 1 2 1 0 0 0 1 4 3 1 0 0 2 2 2 0 0 0 1 0 0 0 0 0 0 2 3 1 0 3 6 5 0 2 6 0 2 2 5 6 3 6 0
17 100169 0 1 2 1 0 0 0 1 4 3 1 0 0 2 3 2 0 0 1 2 0 0 1 0 0 0 2 2 2 0 3 4 5 0 1 5 0 3 2 5 7 2 5 0
17 25894 0 1 2 1 0 0 0 1 4 3 1 0 0 2 4 2 0 0 1 1 0 0 0 0 0 0 2 3 2 0 1 6 7 1 3 7 1 2 0 2 5 2 5 0
17 47910 0 1 2 1 0 0 0 1 4 4 0 0 0 1 3 1 0 0 0 0 0 0 0 0 0 0 2 5 1 0 1 8 7 1 3 6 1 1 1 3 5 3 6 0
17 44789 0 1 2 1 0 0 0 1 4 4 0 0 0 1 3 1 0 0 0 0 0 0 0 0 0 0 2 5 1 0 1 9 7 1 4 6 1 1 0 2 5 3 6 0
17 54072 0 1 2 1 0 0 0 1 4 4 0 0 0 1 4 1 0 0 1 0 0 0 0 0 0 0 2 4 2 0 1 6 8 2 3 6 1 2 1 2 4 3 5 0
17 44795 0 1 2 1 0 0 0 1 4 4 0 0 0 1 4 1 0 0 1 0 0 0 0 0 0 0 2 5 2 0 0 7 8 2 4 6 1 2 0 1 4 3 5 0
17 63324 0 1 2 1 0 0 0 1 4 4 0 0 0 1 4 1 0 0 1 1 0 0 0 0 0 0 2 4 2 0 1 6 7 1 2 7 1 2 1 3 5 2 5 0
17 61699 0 1 2 1 0 0 0 1 4 4 0 0 0 1 4 1 0 0 1 1 0 0 0 0 0 0 2 4 2 1 1 7 5 2 4 6 1 2 0 2 4 3 5 0
17 61705 0 1 2 1 0 0 0 1 4 4 0 0 0 1 5 1 0 0 2 1 0 0 0 0 0 0 2 4 3 1 0 5 6 3 4 6 2 1 0 1 3 3 5 0
17 44808 0 1 2 1 0 0 0 1 4 4 0 0 0 2 4 1 0 0 1 1 0 0 0 0 0 0 1 4 2 0 1 7 7 1 3 7 1 2 0 2 5 2 5 0
17 47928 0 1 2 1 0 0 0 1 4 4 0 0 0 2 4 1 0 0 1 1 0 0 0 0 0 0 1 4 2 1 1 6 5 2 3 6 1 2 1 3 4 3 5 0
17 54090 0 1 2 1 0 0 0 1 4 4 0 0 0 2 5 1 0 0 2 1 0 0 0 0 0 0 1 3 3 1 1 4 6 3 3 6 2 1 1 2 3 3 5 0
17 63341 0 1 2 1 0 0 0 1 4 4 0 0 0 2 5 1 0 0 2 2 0 0 1 0 0 0 1 3 3 1 1 4 5 2 2 5 1 3 1 3 5 2 4 0
17 61717 0 1 2 1 0 0 0 1 4 4 0 0 0 2 5 1 0 0 2 2 0 0 1 0 0 0 1 3 3 1 1 5 5 2 3 5 1 3 0 2 5 2 4 0
17 89742 0 1 2 1 0 0 0 1 4 4 1 0 0 1 2 1 0 0 0 0 0 0 0 0 0 0 2 4 1 0 2 8 7 0 3 7 1 1 1 3 6 2 6 0
17 27552 0 1 2 1 0 0 0 1 4 4 1 0 0 1 2 1 0 0 0 0 0 0 0 0 0 0 2 4 1 0 2 9 7 0 4 7 1 1 0 2 6 2 6 0
17 30198 0 1 2 1 0 0 0 1 4 4 1 0 0 1 2 1 0 0 0 0 0 0 0 0 0 0 2 4 1 0 2 9 7 1 3 6 1 1 0 3 5 3 6 0
17 94172 0 1 2 1 0 0 0 1 4 4 1 0 0 1 3 1 0 0 1 0 0 0 0 0 0 0 2 3 2 0 2 6 8 1 3 7 1 2 1 2 5 2 5 0
17 88890 0 1 2 1 0 0 0 1 4 4 1 0 0 1 3 1 0 0 1 0 0 0 0 0 0 0 2 4 2 1 1 7 6 2 4 6 1 2 0 2 4 3 5 0
17 100657 0 1 2 1 0 0 0 1 4 4 1 0 0 1 3 1 0 0 1 1 0 0 0 0 0 0 2 3 2 0 2 6 7 0 2 8 1 2 1 3 6 1 5 0
17 36594 0 1 2 1 0 0 0 1 4 4 1 0 0 1 3 1 0 0 1 1 0 0 0 0 0 0 2 3 2 0 2 7 7 2 2 6 1 2 0 3 4 3 5 0
17 27558 0 1 2 1 0 0 0 1 4 4 1 0 0 1 3 1 0 0 1 1 0 0 0 0 0 0 2 4 2 0 1 7 7 0 3 8 1 2 0 2 6 1 5 0
17 34873 0 1 2 1 0 0 0 1 4 4 1 0 0 1 3 2 0 0 0 1 0 0 0 0 0 0 2 3 1 0 2 8 7 1 3 7 1 2 0 2 5 2 5 0
17 30204 0 1 2 1 0 0 0 1 4 4 1 0 0 1 3 2 0 0 0 1 0 0 0 0 0 0 2 4 1 0 1 8 7 1 2 7 1 2 0 3 5 2 5 0
17 25918 0 1 2 1 0 0 0 1 4 4 1 0 0 1 3 2 0 0 1 1 0 0 0 0 0 0 2 4 2 0 1 6 7 1 3 7 1 2 0 2 5 2 5 0
17 100159 0 1 2 1 0 0 0 1 4 4 1 0 0 1 4 1 0 0 2 1 0 0 0 0 0 0 2 3 3 1 1 5 6 3 3 6 2 1 0 2 3 3 5 0
17 34879 0 1 2 1 0 0 0 1 4 4 1 0 0 1 4 2 0 0 1 2 0 0 1 0 0 0 2 3 2 0 1 6 7 1 2 6 1 3 0 2 6 1 4 0
17 36600 0 1 2 1 0 0 0 1 4 4 1 0 0 1 4 2 0 0 1 2 0 0 1 0 0 0 2 3 2 0 1 6 7 2 1 5 1 3 0 3 5 2 4 0
17 71123 0 1 2 1 0 0 0 1 4 4 1 0 0 1 4 3 0 0 1 2 1 0 0 0 0 0 2 3 2 0 1 4 8 2 1 6 2 2 1 2 4 2 4 0
17 78159 0 1 2 1 0 0 0 1 4 4 1 0 0 1 4 3 1 0 1 1 0 0 0 0 0 0 2 3 2 0 1 4 7 3 2 7 2 2 1 2 3 2 4 0
17 27572 0 1 2 1 0 0 0 1 4 4 1 0 0 2 3 1 0 0 1 0 0 0 0 0 0 0 1 3 2 0 2 7 8 1 4 7 1 2 0 1 5 2 5 0
17 30218 0 1 2 1 0 0 0 1 4 4 1 0 0 2 3 1 0 0 1 0 0 0 0 0 0 0 1 3 2 1 2 7 6 2 4 6 1 2 0 2 4 3 5 0
17 89758 0 1 2 1 0 0 0 1 4 4 1 0 0 2 3 2 0 0 0 1 0 0 0 0 0 0 1 3 1 0 2 7 7 1 2 7 1 2 1 3 5 2 5 0
17 88901 0 1 2 1 0 0 0 1 4 4 1 0 0 2 3 2 0 0 0 1 0 0 0 0 0 0 1 3 1 0 2 8 7 1 2 7 1 2 0 3 5 2 5 0
17 36613 0 1 2 1 0 0 0 1 4 4 1 0 0 2 4 1 0 0 2 1 0 0 0 0 0 0 1 2 3 1 2 5 6 3 3 6 2 1 0 2 3 3 5 0
17 94187 0 1 2 1 0 0 0 1 4 4 1 0 0 2 4 2 0 0 1 1 0 0 0 0 0 0 1 2 2 0 2 5 8 2 2 7 2 1 1 2 4 2 5 0
17 34893 0 1 2 1 0 0 0 1 4 4 1 0 0 2 4 2 0 0 1 1 0 0 0 0 0 0 1 2 2 0 2 6 8 2 3 7 2 1 0 1 4 2 5 0
17 100672 0 1 2 1 0 0 0 1 4 4 1 0 0 2 4 2 0 0 1 2 0 0 1 0 0 0 1 2 2 0 2 5 7 1 1 6 1 3 1 3 6 1 4 0
17 100170 0 1 2 1 0 0 0 1 4 4 1 0 0 2 4 2 0 0 1 2 0 0 1 0 0 0 1 2 2 0 2 6 7 2 1 5 1 3 0 3 5 2 4 0
17 44821 0 1 2 1 0 0 0 1 4 4 1 0 0 2 5 3 0 0 1 2 1 0 0 0 0 0 1 3 2 0 0 5 8 2 2 6 2 2 0 1 4 2 4 0
17 71139 0 1 2 1 0 0 0 1 4 4 1 0 0 2 5 3 0 0 2 3 1 0 1 1 0 0 1 2 3 1 1 2 6 3 1 4 1 2 1 2 4 2 4 0
17 78175 0 1 2 1 0 0 0 1 4 4 1 0 0 2 5 3 1 0 2 2 1 0 0 0 0 0 1 2 3 1 1 2 5 3 2 6 3 1 1 2 3 2 4 0
17 61729 0 1 2 1 0 0 0 1 4 4 1 0 0 2 6 3 0 0 2 3 1 0 1 1 0 0 1 2 3 1 0 3 6 3 2 4 1 2 0 1 4 2 4 0
17 105824 0 1 2 1 0 0 0 1 4 4 2 0 0 1 3 3 0 0 1 2 1 0 0 0 0 0 2 2 2 0 2 4 8 1 1 7 2 2 1 2 5 1 4 0
17 111039 0 1 2 1 0 0 0 1 4 4 2 0 0 1 3 3 1 0 1 1 0 0 0 0 0 0 2 2 2 0 2 4 7 2 2 8 2 2 1 2 4 1 4 0
17 25930 0 1 2 1 0 0 0 1 4 4 2 0 0 1 3 4 0 0 0 2 0 0 0 0 0 0 2 3 1 0 1 6 7 2 2 7 2 1 0 2 4 2 5 0
17 80561 0 1 2 1 0 0 0 1 4 4 2 0 0 1 3 5 1 0 0 2 1 0 0 0 0 0 2 3 1 0 1 4 7 3 1 6 3 1 1 2 3 2 4 0
17 27586 0 1 2 1 0 0 0 1 4 4 2 0 0 2 4 3 1 0 1 1 0 0 0 0 0 0 1 2 2 0 1 5 7 2 3 8 2 2 0 1 4 1 4 0
17 105837 0 1 2 1 0 0 0 1 4 4 2 0 0 2 4 4 0 0 1 3 1 0 1 1 0 0 1 1 2 0 2 3 8 2 0 5 1 2 1 2 5 1 4 0
17 88912 0 1 2 1 0 0 0 1 4 4 2 0 0 2 4 4 1 0 0 1 1 0 0 0 0 0 1 2 1 0 1 6 7 2 2 6 2 2 0 2 4 2 4 0
17 111052 0 1 2 1 0 0 0 1 4 4 2 0 0 2 4 4 1 0 1 2 1 0 0 0 0 0 1 1 2 0 2 3 7 2 1 7 3 1 1 2 4 1 4 0
17 80577 0 1 2 1 0 0 0 1 4 4 2 0 0 2 4 5 1 0 1 3 2 0 0 1 0 0 1 2 2 1 1 2 5 3 1 5 2 1 1 2 3 2 4 0
17 34907 0 1 2 1 0 0 0 1 4 4 2 0 0 2 5 4 1 0 1 2 1 0 0 0 0 0 1 1 2 0 1 4 7 2 2 7 3 1 0 1 4 1 4 0
17 100179 0 1 2 1 0 0 0 1 4 4 2 0 0 2 5 4 1 0 1 2 1 0 1 1 0 0 1 1 2 0 1 4 7 3 1 4 1 2 0 2 4 2 4 0
17 30232 0 1 2 1 0 0 0 1 4 4 2 1 0 2 4 2 1 0 1 1 0 0 0 0 0 0 1 2 1 1 1 6 5 3 3 7 2 2 0 2 3 2 4 0
17 36627 0 1 2 1 0 0 0 1 4 4 2 1 0 2 5 2 1 0 2 2 1 0 0 0 0 0 1 1 2 1 1 4 5 3 2 6 3 1 0 2 3 2 4 0
17 112419 0 1 2 1 0 0 0 1 4 4 3 0 0 1 2 5 1 0 0 2 1 0 0 0 0 0 2 2 1 0 2 4 7 2 1 7 3 1 1 2 4 1 4 0
17 112432 0 1 2 1 0 0 0 1 4 4 3 0 0 2 3 6 1 0 0 3 2 0 0 1 0 0 1 1 1 0 2 3 7 2 0 6 2 1 1 2 4 1 4 0
17 47911 0 1 2 1 0 0 0 1 4 5 1 0 0 1 3 2 0 0 0 0 0 0 0 0 0 0 1 4 1 0 1 8 9 1 3 8 2 1 0 1 5 1 5 0
17 45868 0 1 2 1 0 0 0 1 4 5 1 0 0 1 3 2 0 0 0 0 0 0 0 0 0 0 1 4 1 0 1 8 9 1 4 8 2 1 0 0 5 1 5 0
17 54073 0 1 2 1 0 0 0 1 4 5 1 0 0 1 4 2 0 0 1 1 0 0 0 0 0 0 1 3 2 0 1 6 9 2 2 8 2 2 0 1 4 1 4 0
17 62381 0 1 2 1 0 0 0 1 4 5 1 0 0 1 4 2 0 0 1 1 0 0 0 0 0 0 1 3 2 1 1 6 7 2 4 8 2 2 0 0 4 1 4 0
17 45874 0 1 2 1 0 0 0 1 4 5 1 0 0 1 4 2 0 0 1 1 0 0 0 0 0 0 1 4 2 0 0 6 9 2 3 8 2 2 0 0 4 1 4 0
17 89748 0 1 2 1 0 0 0 1 4 5 1 0 0 1 4 2 0 0 1 1 0 0 0 0 0 0 1 4 2 1 0 6 7 2 3 8 2 2 0 1 4 1 4 0
17 52431 0 1 2 1 0 0 0 1 4 5 1 0 0 1 4 3 0 0 0 1 0 0 0 0 0 0 1 3 1 0 1 7 9 2 3 8 2 2 0 0 4 1 4 0
17 47916 0 1 2 1 0 0 0 1 4 5 1 0 0 1 4 3 0 0 0 1 0 0 0 0 0 0 1 4 1 0 0 7 9 2 2 8 2 2 0 1 4 1 4 0
17 44845 0 1 2 1 0 0 0 1 4 5 1 0 0 1 4 3 1 0 1 1 0 0 0 0 0 0 1 4 2 0 0 5 7 3 3 7 2 2 0 1 3 2 4 0
17 100662 0 1 2 1 0 0 0 1 4 5 1 0 0 1 5 2 0 0 2 2 0 0 0 0 0 0 1 3 3 1 0 4 7 3 2 8 3 1 0 1 3 1 4 0
17 62387 0 1 2 1 0 0 0 1 4 5 1 0 0 1 5 2 0 0 2 2 0 0 0 0 0 0 1 3 3 1 0 4 7 3 3 8 3 1 0 0 3 1 4 0
17 94177 0 1 2 1 0 0 0 1 4 5 1 0 0 1 5 2 0 0 2 2 0 0 1 0 0 0 1 3 3 1 0 4 7 3 2 6 2 3 0 1 4 1 3 0
17 63330 0 1 2 1 0 0 0 1 4 5 1 0 0 1 5 3 0 0 1 2 0 0 0 0 0 0 1 3 2 0 0 5 9 3 1 8 3 1 0 1 3 1 4 0
17 54078 0 1 2 1 0 0 0 1 4 5 1 0 0 1 5 3 0 0 1 2 0 0 1 0 0 0 1 3 2 0 0 5 9 3 1 6 2 3 0 1 4 1 3 0
17 52437 0 1 2 1 0 0 0 1 4 5 1 0 0 1 5 3 0 0 1 2 0 0 1 0 0 0 1 3 2 0 0 5 9 3 2 6 2 3 0 0 4 1 3 0
17 61741 0 1 2 1 0 0 0 1 4 5 1 0 0 1 5 3 1 0 2 2 1 0 0 0 0 0 1 3 3 1 0 3 5 3 3 6 3 1 0 1 3 2 4 0
17 45887 0 1 2 1 0 0 0 1 4 5 1 0 0 2 4 2 0 0 1 1 0 0 0 0 0 0 0 3 2 0 1 6 9 2 3 8 2 2 0 0 4 1 4 0
17 47929 0 1 2 1 0 0 0 1 4 5 1 0 0 2 4 2 0 0 1 1 0 0 0 0 0 0 0 3 2 1 1 6 7 2 3 8 2 2 0 1 4 1 4 0
17 89759 0 1 2 1 0 0 0 1 4 5 1 0 0 2 4 3 0 0 0 1 0 0 0 0 0 0 0 3 1 0 1 7 9 2 2 8 2 2 0 1 4 1 4 0
17 54091 0 1 2 1 0 0 0 1 4 5 1 0 0 2 5 2 0 0 2 2 0 0 0 0 0 0 0 2 3 1 1 4 7 3 2 8 3 1 0 1 3 1 4 0
17 63342 0 1 2 1 0 0 0 1 4 5 1 0 0 2 5 2 0 0 2 2 0 0 1 0 0 0 0 2 3 1 1 4 7 3 2 6 2 3 0 1 4 1 3 0
17 62399 0 1 2 1 0 0 0 1 4 5 1 0 0 2 5 2 0 0 2 2 0 0 1 0 0 0 0 2 3 1 1 4 7 3 3 6 2 3 0 0 4 1 3 0
17 94188 0 1 2 1 0 0 0 1 4 5 1 0 0 2 5 3 0 0 1 2 0 0 0 0 0 0 0 2 2 0 1 5 9 3 1 8 3 1 0 1 3 1 4 0
17 52450 0 1 2 1 0 0 0 1 4 5 1 0 0 2 5 3 0 0 1 2 0 0 0 0 0 0 0 2 2 0 1 5 9 3 2 8 3 1 0 0 3 1 4 0
17 100673 0 1 2 1 0 0 0 1 4 5 1 0 0 2 5 3 0 0 1 2 0 0 1 0 0 0 0 2 2 0 1 5 9 3 1 6 2 3 0 1 4 1 3 0
17 27610 0 1 2 1 0 0 0 1 4 5 2 0 0 1 3 3 0 0 1 2 1 0 0 0 0 0 1 3 2 0 1 5 8 1 2 7 2 2 0 1 5 1 4 0
17 30256 0 1 2 1 0 0 0 1 4 5 2 0 0 1 3 4 1 0 0 1 1 0 0 0 0 0 1 3 1 0 1 6 7 2 2 6 2 2 0 2 4 2 4 0
17 34931 0 1 2 1 0 0 0 1 4 5 2 0 0 1 4 4 0 0 1 3 1 0 1 1 0 0 1 2 2 0 1 4 8 2 1 5 1 2 0 1 5 1 4 0
17 71124 0 1 2 1 0 0 0 1 4 5 2 0 0 1 4 4 1 0 1 2 1 0 0 0 0 0 1 2 2 0 1 4 8 3 1 7 3 2 0 1 3 1 3 0
17 36651 0 1 2 1 0 0 0 1 4 5 2 0 0 1 4 4 1 0 1 2 1 0 1 1 0 0 1 2 2 0 1 4 7 3 1 4 1 2 0 2 4 2 4 0
17 44857 0 1 2 1 0 0 0 1 4 5 2 0 0 1 4 5 1 0 0 2 1 0 0 0 0 0 1 3 1 0 0 5 7 3 2 6 3 1 0 1 3 2 4 0
17 77865 0 1 2 1 0 0 0 1 4 5 2 0 0 1 4 5 2 0 0 1 1 0 0 0 0 0 1 2 1 0 1 5 7 3 3 7 3 2 0 0 3 1 3 0
17 111044 0 1 2 1 0 0 0 1 4 5 2 0 0 1 5 4 1 0 2 3 1 0 1 1 0 0 1 2 3 1 0 2 6 4 1 5 2 2 0 1 3 1 3 0
17 105829 0 1 2 1 0 0 0 1 4 5 2 0 0 1 5 4 1 0 2 3 2 0 0 0 0 0 1 2 3 1 0 2 6 3 1 6 4 1 0 1 3 1 3 0
17 78165 0 1 2 1 0 0 0 1 4 5 2 0 0 1 5 5 1 0 1 3 1 0 1 1 0 0 1 2 2 0 0 3 8 4 0 5 2 2 0 1 3 1 3 0
17 71129 0 1 2 1 0 0 0 1 4 5 2 0 0 1 5 5 1 0 1 3 2 0 0 0 0 0 1 2 2 0 0 3 8 3 0 6 4 1 0 1 3 1 3 0
17 61753 0 1 2 1 0 0 0 1 4 5 2 0 0 1 5 5 1 0 1 3 2 0 0 1 0 0 1 2 2 1 0 3 5 3 2 5 2 1 0 1 3 2 4 0
17 77870 0 1 2 1 0 0 0 1 4 5 2 0 0 1 5 5 2 0 1 2 1 0 1 1 0 0 1 2 2 0 0 3 7 4 2 5 2 2 0 0 3 1 3 0
17 45900 0 1 2 1 0 0 0 1 4 5 2 0 0 2 5 4 1 0 1 2 1 0 0 0 0 0 0 2 2 0 0 4 8 3 2 7 3 2 0 0 3 1 3 0
17 71140 0 1 2 1 0 0 0 1 4 5 2 0 0 2 5 4 1 0 2 3 1 0 1 1 0 0 0 1 3 1 1 2 6 4 1 5 2 2 0 1 3 1 3 0
17 78176 0 1 2 1 0 0 0 1 4 5 2 0 0 2 5 4 1 0 2 3 2 0 0 0 0 0 0 1 3 1 1 2 6 3 1 6 4 1 0 1 3 1 3 0
17 105838 0 1 2 1 0 0 0 1 4 5 2 0 0 2 5 5 1 0 1 3 1 0 1 1 0 0 0 1 2 0 1 3 8 4 0 5 2 2 0 1 3 1 3 0
17 111053 0 1 2 1 0 0 0 1 4 5 2 0 0 2 5 5 1 0 1 3 2 0 0 0 0 0 0 1 2 0 1 3 8 3 0 6 4 1 0 1 3 1 3 0
17 89770 0 1 2 1 0 0 0 1 4 5 2 0 0 2 5 5 2 0 0 1 1 0 0 0 0 0 0 2 1 0 0 5 7 3 2 7 3 2 0 1 3 1 3 0
17 77881 0 1 2 1 0 0 0 1 4 5 2 0 0 2 5 5 2 0 1 2 2 0 0 0 0 0 0 1 2 0 1 3 7 3 2 6 4 1 0 0 3 1 3 0
17 62411 0 1 2 1 0 0 0 1 4 5 2 0 0 2 6 4 1 0 2 3 1 0 1 1 0 0 0 1 3 1 0 2 6 4 2 5 2 2 0 0 3 1 3 0
17 52463 0 1 2 1 0 0 0 1 4 5 2 0 0 2 6 5 1 0 1 3 2 0 0 0 0 0 0 1 2 0 0 3 8 3 1 6 4 1 0 0 3 1 3 0
17 100682 0 1 2 1 0 0 0 1 4 5 2 0 0 2 6 5 2 0 1 2 1 0 1 1 0 0 0 1 2 0 0 3 7 4 1 5 2 2 0 1 3 1 3 0
17 94199 0 1 2 1 0 0 0 1 4 5 2 0 0 2 6 5 2 0 1 2 2 0 0 0 0 0 0 1 2 0 0 3 7 3 1 6 4 1 0 1 3 1 3 0
17 88934 0 1 2 1 0 0 0 1 4 5 2 1 0 1 3 2 1 0 1 1 0 0 0 0 0 0 1 3 1 1 1 6 5 3 3 7 2 2 0 2 3 2 4 0
17 100189 0 1 2 1 0 0 0 1 4 5 2 1 0 1 4 2 1 0 2 2 1 0 0 0 0 0 1 2 2 1 1 4 5 3 2 6 3 1 0 2 3 2 4 0
17 70591 0 1 2 1 0 0 0 1 4 5 2 1 0 1 4 3 1 0 1 2 1 0 0 0 0 0 1 2 1 1 1 5 6 3 3 7 3 2 0 0 3 1 3 0
17 70596 0 1 2 1 0 0 0 1 4 5 2 1 0 1 5 3 1 0 2 3 2 0 0 0 0 0 1 2 2 1 0 3 6 3 2 6 4 1 0 0 3 1 3 0
17 47942 0 1 2 1 0 0 0 1 4 5 2 1 0 2 5 3 1 0 1 2 1 0 0 0 0 0 0 2 1 1 0 5 6 3 2 7 3 2 0 1 3 1 3 0
17 70607 0 1 2 1 0 0 0 1 4 5 2 1 0 2 5 3 1 0 2 3 1 0 1 1 0 0 0 1 2 1 1 3 6 4 2 5 2 2 0 0 3 1 3 0
17 63353 0 1 2 1 0 0 0 1 4 5 2 1 0 2 6 3 1 0 2 3 1 0 1 1 0 0 0 1 2 1 0 3 6 4 1 5 2 2 0 1 3 1 3 0
17 54103 0 1 2 1 0 0 0 1 4 5 2 1 0 2 6 3 1 0 2 3 2 0 0 0 0 0 0 1 2 1 0 3 6 3 1 6 4 1 0 1 3 1 3 0
17 27622 0 1 2 1 0 0 0 1 4 5 3 0 0 1 3 5 1 0 0 2 1 0 0 0 0 0 1 2 1 0 1 5 7 2 2 7 3 1 0 1 4 1 4 0
17 80562 0 1 2 1 0 0 0 1 4 5 3 0 0 1 3 6 2 0 0 2 2 0 0 0 0 0 1 2 1 0 1 4 7 3 1 6 4 1 0 1 3 1 3 0
17 34943 0 1 2 1 0 0 0 1 4 5 3 0 0 1 4 6 1 0 0 3 2 0 0 1 0 0 1 1 1 0 1 4 7 2 1 6 2 1 0 1 4 1 4 0
17 112424 0 1 2 1 0 0 0 1 4 5 3 0 0 1 4 6 2 0 1 3 3 0 0 1 0 0 1 2 2 1 0 2 5 3 1 5 3 1 0 1 3 1 3 0
17 80567 0 1 2 1 0 0 0 1 4 5 3 0 0 1 4 7 2 0 0 3 3 0 0 1 0 0 1 2 1 0 0 3 7 3 0 5 3 1 0 1 3 1 3 0
17 80578 0 1 2 1 0 0 0 1 4 5 3 0 0 2 4 6 2 0 1 3 3 0 0 1 0 0 0 1 2 1 1 2 5 3 1 5 3 1 0 1 3 1 3 0
17 112433 0 1 2 1 0 0 0 1 4 5 3 0 0 2 4 7 2 0 0 3 3 0 0 1 0 0 0 1 1 0 1 3 7 3 0 5 3 1 0 1 3 1 3 0
17 111062 0 1 2 1 0 0 0 1 4 5 3 0 0 2 6 7 3 0 1 3 4 1 0 0 0 0 0 0 2 0 0 1 6 3 0 4 3 1 0 1 3 1 3 0
17 77893 0 1 2 1 0 0 0 1 4 5 3 0 0 2 6 7 3 0 1 3 4 1 0 0 0 0 0 0 2 0 0 1 6 3 1 4 3 1 0 0 3 1 3 0
17 30268 0 1 2 1 0 0 0 1 4 5 3 1 0 1 3 4 2 0 0 1 1 0 0 0 0 0 1 2 0 0 1 6 6 3 2 6 3 1 0 2 3 2 4 0
17 80270 0 1 2 1 0 0 0 1 4 5 3 1 0 1 3 5 3 0 0 1 2 0 0 0 0 0 1 2 0 0 1 5 6 3 3 6 4 1 0 0 3 1 3 0
17 36663 0 1 2 1 0 0 0 1 4 5 3 1 0 1 4 4 2 0 1 2 2 0 0 1 0 0 1 1 1 0 1 4 6 3 1 5 2 1 0 2 3 2 4 0
17 80275 0 1 2 1 0 0 0 1 4 5 3 1 0 1 4 5 3 0 1 2 3 0 0 1 0 0 1 2 1 0 0 3 6 3 2 5 3 1 0 0 3 1 3 0
17 80286 0 1 2 1 0 0 0 1 4 5 3 1 0 2 4 5 3 0 1 2 3 0 0 1 0 0 0 1 1 0 1 3 6 3 2 5 3 1 0 0 3 1 3 0
17 78187 0 1 2 1 0 0 0 1 4 5 3 1 0 2 6 5 2 0 2 4 4 1 0 0 0 0 0 0 2 1 0 1 5 3 0 4 3 1 0 1 3 1 3 0
17 45924 0 1 2 1 0 0 0 1 4 6 2 0 0 1 4 4 1 0 1 2 1 0 0 0 0 0 0 3 2 0 0 4 8 3 2 7 3 2 0 0 3 1 3 0
17 47966 0 1 2 1 0 0 0 1 4 6 2 0 0 1 4 5 2 0 0 1 1 0 0 0 0 0 0 3 1 0 0 5 7 3 2 7 3 2 0 1 3 1 3 0
17 62423 0 1 2 1 0 0 0 1 4 6 2 0 0 1 5 4 1 0 2 3 2 0 0 0 0 0 0 2 3 1 0 2 6 3 2 6 4 1 0 0 3 1 3 0
17 52487 0 1 2 1 0 0 0 1 4 6 2 0 0 1 5 5 1 0 1 3 1 0 1 1 0 0 0 2 2 0 0 3 8 4 1 5 2 2 0 0 3 1 3 0
17 54127 0 1 2 1 0 0 0 1 4 6 2 0 0 1 5 5 2 0 1 2 1 0 1 1 0 0 0 2 2 0 0 3 7 4 1 5 2 2 0 1 3 1 3 0
17 63365 0 1 2 1 0 0 0 1 4 6 2 0 0 1 5 5 2 0 1 2 2 0 0 0 0 0 0 2 2 0 0 3 7 3 1 6 4 1 0 1 3 1 3 0
17 89792 0 1 2 1 0 0 0 1 4 6 2 1 0 1 4 3 1 0 1 2 1 0 0 0 0 0 0 3 1 1 0 5 6 3 2 7 3 2 0 1 3 1 3 0
17 94221 0 1 2 1 0 0 0 1 4 6 2 1 0 1 5 3 1 0 2 3 1 0 1 1 0 0 0 2 2 1 0 3 6 4 1 5 2 2 0 1 3 1 3 0
17 100692 0 1 2 1 0 0 0 1 4 6 2 1 0 1 5 3 1 0 2 3 2 0 0 0 0 0 0 2 2 1 0 3 6 3 1 6 4 1 0 1 3 1 3 0
17 45936 0 1 2 1 0 0 0 1 4 6 3 0 0 1 4 6 2 0 0 2 2 0 0 0 0 0 0 2 1 0 0 4 7 3 2 6 4 1 0 0 3 1 3 0
17 62435 0 1 2 1 0 0 0 1 4 6 3 0 0 1 5 6 2 0 1 3 3 0 0 1 0 0 0 1 2 1 0 2 5 3 2 5 3 1 0 0 3 1 3 0
17 52499 0 1 2 1 0 0 0 1 4 6 3 0 0 1 5 7 2 0 0 3 3 0 0 1 0 0 0 1 1 0 0 3 7 3 1 5 3 1 0 0 3 1 3 0
17 71151 0 1 2 1 0 0 0 1 4 6 3 0 0 1 5 7 3 0 1 3 4 1 0 0 0 0 0 1 2 0 0 1 6 3 0 4 3 1 0 1 3 1 3 0
17 47978 0 1 2 1 0 0 0 1 4 6 3 1 0 1 4 5 3 0 0 1 2 0 0 0 0 0 0 2 0 0 0 5 6 3 2 6 4 1 0 1 3 1 3 0
17 105847 0 1 2 1 0 0 0 1 4 6 3 1 0 1 5 5 2 0 2 4 4 1 0 0 0 0 0 1 2 1 0 1 5 3 0 4 3 1 0 1 3 1 3 0
17 70619 0 1 2 1 0 0 0 1 4 6 3 1 0 1 5 5 2 0 2 4 4 1 0 0 0 0 0 1 2 1 0 1 5 3 1 4 3 1 0 0 3 1 3 0
17 54139 0 1 2 1 0 0 0 1 4 6 3 1 0 1 5 5 3 0 1 2 3 0 0 1 0 0 0 1 1 0 0 3 6 3 1 5 3 1 0 1 3 1 3 0
17 73709 0 1 2 1 1 0 0 1 3 2 2 0 0 1 2 2 0 0 1 2 0 0 1 0 0 1 3 3 3 1 2 4 5 2 2 5 1 3 1 3 5 2 4 0
17 82329 0 1 2 1 1 0 0 1 3 2 3 0 0 1 1 4 0 0 0 3 0 0 1 0 0 1 3 3 2 1 2 4 5 3 1 5 2 2 1 3 4 2 4 0
17 136604 0 1 2 1 1 0 0 1 3 3 2 0 0 1 3 3 0 0 1 3 1 0 1 1 0 1 2 3 3 1 1 4 6 3 1 4 1 2 0 2 4 2 4 0
17 137747 0 1 2 1 1 0 0 1 3 3 3 0 0 1 2 5 1 0 0 3 1 0 1 1 0 1 2 3 2 1 1 4 5 4 1 4 2 1 0 2 3 2 4 0
17 73710 0 1 2 1 1 0 0 1 3 3 3 1 0 1 2 2 1 0 1 2 0 0 1 0 0 1 2 2 2 1 2 5 5 3 2 6 2 3 0 2 4 1 3 0
17 73715 0 1 2 1 1 0 0 1 3 3 3 1 0 1 3 3 2 0 1 2 1 0 1 0 0 1 2 2 2 0 1 4 6 3 1 5 3 2 0 2 4 1 3 0
17 82330 0 1 2 1 1 0 0 1 3 3 4 1 0 1 1 4 1 0 0 3 1 0 1 0 0 1 2 2 1 1 2 5 5 3 1 5 3 2 0 2 4 1 3 0
17 82335 0 1 2 1 1 0 0 1 3 3 4 1 0 1 2 5 2 0 0 3 2 0 1 1 0 1 2 2 1 0 1 4 6 3 0 4 2 2 0 2 4 1 3 0
17 25904 0 1 2 1 1 0 0 1 4 2 2 0 0 2 3 2 0 0 2 2 0 0 1 0 0 0 2 3 3 1 1 4 5 2 3 5 1 3 0 2 5 2 4 0
17 73725 0 1 2 1 1 0 0 1 4 3 2 0 0 1 3 3 0 0 1 3 1 0 1 1 0 0 2 3 3 1 1 3 6 3 1 4 1 2 1 2 4 2 4 0
17 44831 0 1 2 1 1 0 0 1 4 3 2 0 0 2 4 3 0 0 2 3 1 0 1 1 0 0 1 3 3 1 0 3 6 3 2 4 1 2 0 1 4 2 4 0
17 25940 0 1 2 1 1 0 0 1 4 3 3 0 0 1 2 4 0 0 1 3 0 0 1 0 0 0 2 3 2 1 1 4 5 3 2 5 2 2 0 2 4 2 4 0
17 82345 0 1 2 1 1 0 0 1 4 3 3 0 0 1 2 5 1 0 0 3 1 0 1 1 0 0 2 3 2 1 1 3 5 4 1 4 2 1 1 2 3 2 4 0
17 136607 0 1 2 1 1 0 0 1 4 3 3 1 0 1 2 2 1 0 1 2 0 0 1 0 0 0 2 2 2 1 2 4 5 3 2 6 2 3 1 2 4 1 3 0
17 27596 0 1 2 1 1 0 0 1 4 3 3 1 0 2 3 2 1 0 2 2 0 0 1 0 0 0 1 2 2 1 1 4 5 3 3 6 2 3 0 1 4 1 3 0
17 136611 0 1 2 1 1 0 0 1 4 3 3 1 0 2 3 3 2 0 1 2 1 0 1 0 0 0 1 1 2 0 2 3 6 3 1 5 3 2 1 2 4 1 3 0
17 34917 0 1 2 1 1 0 0 1 4 3 3 1 0 2 4 3 2 0 2 2 1 0 1 0 0 0 1 1 2 0 1 3 6 3 2 5 3 2 0 1 4 1 3 0
17 137750 0 1 2 1 1 0 0 1 4 3 4 1 0 1 1 4 1 0 0 3 1 0 1 0 0 0 2 2 1 1 2 4 5 3 1 5 3 2 1 2 4 1 3 0
17 137754 0 1 2 1 1 0 0 1 4 3 4 1 0 2 2 5 2 0 0 3 2 0 1 1 0 0 1 1 1 0 2 3 6 3 0 4 2 2 1 2 4 1 3 0
17 44867 0 1 2 1 1 0 0 1 4 4 3 0 0 1 3 5 1 0 1 3 1 0 1 1 0 0 1 3 2 1 0 3 5 4 2 4 2 1 0 1 3 2 4 0
17 73726 0 1 2 1 1 0 0 1 4 4 3 1 0 1 3 3 1 0 1 3 1 0 1 1 0 0 1 2 2 1 1 4 6 4 1 5 2 2 0 1 3 1 3 0
17 73731 0 1 2 1 1 0 0 1 4 4 3 1 0 1 4 4 2 0 1 3 2 0 1 1 0 0 1 2 2 0 0 3 7 4 0 4 3 1 0 1 3 1 3 0
17 45910 0 1 2 1 1 0 0 1 4 4 3 1 0 2 4 3 1 0 2 3 1 0 1 1 0 0 0 2 2 1 0 3 6 4 2 5 2 2 0 0 3 1 3 0
17 136612 0 1 2 1 1 0 0 1 4 4 3 1 0 2 4 4 2 0 1 3 2 0 1 1 0 0 0 1 2 0 1 3 7 4 0 4 3 1 0 1 3 1 3 0
17 52473 0 1 2 1 1 0 0 1 4 4 3 1 0 2 5 4 2 0 2 3 2 0 1 1 0 0 0 1 2 0 0 2 7 4 1 4 3 1 0 0 3 1 3 0
17 27632 0 1 2 1 1 0 0 1 4 4 4 1 0 1 2 4 1 0 1 3 1 0 1 0 0 0 1 2 1 1 1 4 5 3 2 5 3 2 0 1 4 1 3 0
17 82346 0 1 2 1 1 0 0 1 4 4 4 1 0 1 2 5 2 0 0 3 2 0 1 1 0 0 1 2 1 1 1 4 5 4 1 4 3 1 0 1 3 1 3 0
17 34953 0 1 2 1 1 0 0 1 4 4 4 1 0 1 3 5 2 0 1 3 2 0 1 1 0 0 1 1 1 0 1 3 6 3 1 4 2 2 0 1 4 1 3 0
17 82351 0 1 2 1 1 0 0 1 4 4 4 1 0 1 3 6 3 0 0 3 3 0 1 2 0 0 1 2 1 0 0 3 6 4 0 3 2 1 0 1 3 1 3 0
17 137755 0 1 2 1 1 0 0 1 4 4 4 1 0 2 3 6 3 0 0 3 3 0 1 2 0 0 0 1 1 0 1 3 6 4 0 3 2 1 0 1 3 1 3 0
17 45946 0 1 2 1 1 0 0 1 4 5 4 1 0 1 3 5 2 0 1 3 2 0 1 1 0 0 0 2 1 1 0 3 5 4 2 4 3 1 0 0 3 1 3 0
17 52509 0 1 2 1 1 0 0 1 4 5 4 1 0 1 4 6 3 0 1 3 3 0 1 2 0 0 0 1 1 0 0 2 6 4 1 3 2 1 0 0 3 1 3 0
17 90954 0 1 2 2 0 0 0 1 2 4 0 0 0 0 2 0 0 0 0 0 0 0 0 0 0 1 3 6 2 0 1 8 6 0 2 6 0 2 1 5 6 3 6 0
17 88870 0 1 2 2 0 0 0 1 2 4 0 0 0 0 2 0 0 0 0 0 0 0 0 0 0 1 3 6 2 0 1 9 6 2 3 4 2 0 0 4 4 5 5 1
17 94887 0 1 2 2 0 0 0 1 2 4 0 0 0 0 3 0 0 0 1 0 0 0 0 0 0 1 3 5 3 0 1 6 7 0 2 7 0 3 1 4 6 2 5 0
17 100141 0 1 2 2 0 0 0 1 2 4 0 0 0 0 3 0 0 0 1 0 0 0 0 0 0 1 3 5 3 1 1 7 5 3 4 4 2 1 0 3 3 5 4 1
17 88875 0 1 2 2 0 0 0 1 2 4 0 0 0 0 3 0 0 0 1 0 0 0 0 0 0 1 3 6 3 1 0 7 5 3 4 4 2 1 0 3 3 5 4 1
17 100145 0 1 2 2 0 0 0 1 2 4 0 0 0 0 4 0 0 0 2 0 0 0 0 0 0 1 3 5 4 2 0 5 4 4 5 4 3 0 0 2 2 5 4 1
17 106032 0 1 2 2 0 0 0 1 2 4 1 0 0 0 3 2 0 0 1 1 0 0 0 0 0 1 3 4 3 0 1 4 8 1 1 8 1 3 1 3 5 1 4 0
17 112557 0 1 2 2 0 0 0 1 2 4 2 0 0 0 2 4 0 0 0 2 0 0 0 0 0 1 3 4 2 0 1 4 8 2 0 8 2 2 1 3 4 1 4 0
17 90955 0 1 2 2 0 0 0 1 2 5 1 0 0 0 2 1 0 0 0 0 0 0 0 0 0 1 2 5 2 0 1 8 8 1 2 7 1 2 0 3 5 2 5 0
17 89729 0 1 2 2 0 0 0 1 2 5 1 0 0 0 2 1 0 0 0 0 0 0 0 0 0 1 2 5 2 0 1 8 8 2 3 6 2 0 0 2 4 3 6 0
17 101366 0 1 2 2 0 0 0 1 2 5 1 0 0 0 3 1 0 0 1 0 0 0 0 0 0 1 2 4 3 0 1 6 9 2 2 7 1 3 0 2 4 2 4 0
17 100645 0 1 2 2 0 0 0 1 2 5 1 0 0 0 3 1 0 0 1 0 0 0 0 0 0 1 2 4 3 1 1 6 7 3 4 6 2 1 0 1 3 3 5 0
17 94888 0 1 2 2 0 0 0 1 2 5 1 0 0 0 3 1 0 0 1 1 0 0 0 0 0 1 2 4 3 0 1 6 8 1 1 8 1 3 0 3 5 1 4 0
17 89733 0 1 2 2 0 0 0 1 2 5 1 0 0 0 3 1 0 0 1 1 0 0 0 0 0 1 2 5 3 1 0 6 6 3 3 6 2 1 0 2 3 3 5 0
17 94159 0 1 2 2 0 0 0 1 2 5 1 0 0 0 3 2 0 0 0 1 0 0 0 0 0 1 2 4 2 0 1 7 8 2 2 7 2 1 0 2 4 2 5 0
17 90959 0 1 2 2 0 0 0 1 2 5 1 0 0 0 3 2 0 0 0 1 0 0 0 0 0 1 2 5 2 1 0 7 6 2 2 7 1 3 0 3 4 2 4 0
17 100649 0 1 2 2 0 0 0 1 2 5 1 0 0 0 4 1 0 0 2 1 0 0 0 0 0 1 2 4 4 2 0 4 5 4 4 6 3 0 0 1 2 3 5 0
17 101370 0 1 2 2 0 0 0 1 2 5 1 0 0 0 4 2 0 0 1 1 0 0 0 0 0 1 2 4 3 1 0 5 7 3 2 7 2 2 0 2 3 2 4 0
17 94892 0 1 2 2 0 0 0 1 2 5 1 0 0 0 4 2 0 0 1 2 0 0 1 0 0 1 2 4 3 1 0 5 6 2 1 6 1 4 0 3 5 1 3 0
17 94163 0 1 2 2 0 0 0 1 2 5 1 0 0 0 4 2 0 0 1 2 0 0 1 0 0 1 2 4 3 1 0 5 6 3 2 5 2 2 0 2 4 2 4 0
17 111238 0 1 2 2 0 0 0 1 2 5 2 0 0 0 3 3 0 0 1 2 1 0 0 0 0 1 2 3 3 0 1 4 9 2 0 7 2 3 0 2 4 1 3 0
17 106033 0 1 2 2 0 0 0 1 2 5 2 0 0 0 3 3 1 0 1 1 0 0 0 0 0 1 2 3 3 0 1 4 8 3 1 8 2 3 0 2 3 1 3 0
17 111028 0 1 2 2 0 0 0 1 2 5 2 0 0 0 3 4 1 0 0 1 1 0 0 0 0 1 2 3 2 0 1 5 8 3 2 6 3 1 0 1 3 2 4 0
17 111242 0 1 2 2 0 0 0 1 2 5 2 0 0 0 4 4 0 0 1 3 1 0 1 1 0 1 2 3 3 1 0 3 7 3 0 5 1 3 0 2 4 1 3 0
17 106037 0 1 2 2 0 0 0 1 2 5 2 0 0 0 4 4 1 0 1 2 1 0 0 0 0 1 2 3 3 1 0 3 6 3 1 7 3 2 0 2 3 1 3 0
17 111032 0 1 2 2 0 0 0 1 2 5 2 0 0 0 4 4 1 0 1 2 1 0 1 1 0 1 2 3 3 1 0 3 6 4 2 4 2 1 0 1 3 2 4 0
17 105813 0 1 2 2 0 0 0 1 2 5 2 1 0 0 3 2 1 0 1 1 0 0 0 0 0 1 2 3 2 1 1 5 6 4 3 7 3 1 0 1 2 2 4 0
17 105817 0 1 2 2 0 0 0 1 2 5 2 1 0 0 4 2 1 0 2 2 1 0 0 0 0 1 2 3 3 2 0 3 4 4 3 6 4 0 0 1 2 2 4 0
17 112558 0 1 2 2 0 0 0 1 2 5 3 0 0 0 2 5 1 0 0 2 1 0 0 0 0 1 2 3 2 0 1 4 8 3 0 7 3 2 0 2 3 1 3 0
17 112562 0 1 2 2 0 0 0 1 2 5 3 0 0 0 3 6 1 0 0 3 2 0 0 1 0 1 2 3 2 1 0 3 6 3 0 6 2 2 0 2 3 1 3 0
17 112408 0 1 2 2 0 0 0 1 2 5 3 1 0 0 2 4 2 0 0 1 1 0 0 0 0 1 2 3 1 0 1 5 7 4 2 6 4 0 0 1 2 2 4 0
17 112412 0 1 2 2 0 0 0 1 2 5 3 1 0 0 3 4 2 0 1 2 2 0 0 1 0 1 2 3 2 1 0 3 5 4 2 5 3 0 0 1 2 2 4 0
17 90969 0 1 2 2 0 0 0 1 3 5 1 0 0 0 2 1 0 0 0 0 0 0 0 0 0 0 2 5 2 0 1 7 8 1 2 7 1 2 1 3 5 2 5 0
17 88886 0 1 2 2 0 0 0 1 3 5 1 0 0 0 2 1 0 0 0 0 0 0 0 0 0 0 2 5 2 0 1 8 8 2 3 6 2 0 0 2 4 3 6 0
17 94902 0 1 2 2 0 0 0 1 3 5 1 0 0 0 3 1 0 0 1 0 0 0 0 0 0 0 2 4 3 0 1 5 9 2 2 7 1 3 1 2 4 2 4 0
17 88891 0 1 2 2 0 0 0 1 3 5 1 0 0 0 3 1 0 0 1 0 0 0 0 0 0 0 2 5 3 1 0 6 7 3 4 6 2 1 0 1 3 3 5 0
17 101379 0 1 2 2 0 0 0 1 3 5 1 0 0 0 3 1 0 0 1 1 0 0 0 0 0 0 2 4 3 0 1 5 8 1 1 8 1 3 1 3 5 1 4 0
17 100156 0 1 2 2 0 0 0 1 3 5 1 0 0 0 3 1 0 0 1 1 0 0 0 0 0 0 2 4 3 1 1 6 6 3 3 6 2 1 0 2 3 3 5 0
17 100160 0 1 2 2 0 0 0 1 3 5 1 0 0 0 4 1 0 0 2 1 0 0 0 0 0 0 2 4 4 2 0 4 5 4 4 6 3 0 0 1 2 3 5 0
17 88902 0 1 2 2 0 0 0 1 3 5 1 0 0 1 3 2 0 0 0 1 0 0 0 0 0 0 1 4 2 0 1 7 8 2 2 7 2 1 0 2 4 2 5 0
17 90984 0 1 2 2 0 0 0 1 3 5 1 0 0 1 3 2 0 0 0 1 0 0 0 0 0 0 1 4 2 1 1 6 6 2 2 7 1 3 1 3 4 2 4 0
17 94917 0 1 2 2 0 0 0 1 3 5 1 0 0 1 4 2 0 0 1 1 0 0 0 0 0 0 1 3 3 1 1 4 7 3 2 7 2 2 1 2 3 2 4 0
17 101393 0 1 2 2 0 0 0 1 3 5 1 0 0 1 4 2 0 0 1 2 0 0 1 0 0 0 1 3 3 1 1 4 6 2 1 6 1 4 1 3 5 1 3 0
17 100171 0 1 2 2 0 0 0 1 3 5 1 0 0 1 4 2 0 0 1 2 0 0 1 0 0 0 1 3 3 1 1 5 6 3 2 5 2 2 0 2 4 2 4 0
17 106045 0 1 2 2 0 0 0 1 3 5 2 0 0 0 3 3 0 0 1 2 1 0 0 0 0 0 2 3 3 0 1 3 9 2 0 7 2 3 1 2 4 1 3 0
17 111250 0 1 2 2 0 0 0 1 3 5 2 0 0 0 3 3 1 0 1 1 0 0 0 0 0 0 2 3 3 0 1 3 8 3 1 8 2 3 1 2 3 1 3 0
17 106058 0 1 2 2 0 0 0 1 3 5 2 0 0 1 4 4 0 0 1 3 1 0 1 1 0 0 1 2 3 1 1 2 7 3 0 5 1 3 1 2 4 1 3 0
17 88913 0 1 2 2 0 0 0 1 3 5 2 0 0 1 4 4 1 0 0 1 1 0 0 0 0 0 1 3 2 0 0 5 8 3 2 6 3 1 0 1 3 2 4 0
17 111263 0 1 2 2 0 0 0 1 3 5 2 0 0 1 4 4 1 0 1 2 1 0 0 0 0 0 1 2 3 1 1 2 6 3 1 7 3 2 1 2 3 1 3 0
17 100180 0 1 2 2 0 0 0 1 3 5 2 0 0 1 5 4 1 0 1 2 1 0 1 1 0 0 1 2 3 1 0 3 6 4 2 4 2 1 0 1 3 2 4 0
17 112570 0 1 2 2 0 0 0 1 3 5 3 0 0 0 2 5 1 0 0 2 1 0 0 0 0 0 2 3 2 0 1 3 8 3 0 7 3 2 1 2 3 1 3 0
17 112583 0 1 2 2 0 0 0 1 3 5 3 0 0 1 3 6 1 0 0 3 2 0 0 1 0 0 1 2 2 1 1 2 6 3 0 6 2 2 1 2 3 1 3 0
17 90970 0 1 2 2 0 0 0 1 3 6 2 0 0 0 2 2 0 0 0 0 0 0 0 0 0 0 1 4 2 0 1 7 10 2 2 8 2 2 0 1 4 1 4 0
17 89744 0 1 2 2 0 0 0 1 3 6 2 0 0 0 2 2 0 0 0 0 0 0 0 0 0 0 1 4 2 0 1 7 10 2 3 8 3 0 0 0 4 1 5 0
17 94903 0 1 2 2 0 0 0 1 3 6 2 0 0 0 3 2 0 0 1 1 0 0 0 0 0 0 1 3 3 0 1 5 10 3 1 8 2 3 0 1 3 1 3 0
17 100659 0 1 2 2 0 0 0 1 3 6 2 0 0 0 3 2 0 0 1 1 0 0 0 0 0 0 1 3 3 1 1 5 8 3 3 8 3 1 0 0 3 1 4 0
17 89749 0 1 2 2 0 0 0 1 3 6 2 0 0 0 3 2 0 0 1 1 0 0 0 0 0 0 1 4 3 1 0 5 8 3 3 8 3 1 0 0 3 1 4 0
17 94174 0 1 2 2 0 0 0 1 3 6 2 0 0 0 3 3 0 0 0 1 0 0 0 0 0 0 1 3 2 0 1 6 10 3 2 8 3 1 0 0 3 1 4 0
17 90974 0 1 2 2 0 0 0 1 3 6 2 0 0 0 3 3 0 0 0 1 0 0 0 0 0 0 1 4 2 1 0 6 8 3 2 8 2 3 0 1 3 1 3 0
17 100663 0 1 2 2 0 0 0 1 3 6 2 0 0 0 4 2 0 0 2 2 0 0 0 0 0 0 1 3 4 2 0 3 6 4 3 8 4 0 0 0 2 1 4 0
17 101384 0 1 2 2 0 0 0 1 3 6 2 0 0 0 4 3 0 0 1 2 0 0 0 0 0 0 1 3 3 1 0 4 8 4 1 8 3 2 0 1 2 1 3 0
17 94907 0 1 2 2 0 0 0 1 3 6 2 0 0 0 4 3 0 0 1 2 0 0 1 0 0 0 1 3 3 1 0 4 8 4 1 6 2 4 0 1 3 1 2 0
17 94178 0 1 2 2 0 0 0 1 3 6 2 0 0 0 4 3 0 0 1 2 0 0 1 0 0 0 1 3 3 1 0 4 8 4 2 6 3 2 0 0 3 1 3 0
17 89760 0 1 2 2 0 0 0 1 3 6 2 0 0 1 3 3 0 0 0 1 0 0 0 0 0 0 0 3 2 0 1 6 10 3 2 8 3 1 0 0 3 1 4 0
17 90985 0 1 2 2 0 0 0 1 3 6 2 0 0 1 3 3 0 0 0 1 0 0 0 0 0 0 0 3 2 1 1 6 8 3 2 8 2 3 0 1 3 1 3 0
17 94918 0 1 2 2 0 0 0 1 3 6 2 0 0 1 4 3 0 0 1 2 0 0 0 0 0 0 0 2 3 1 1 4 8 4 1 8 3 2 0 1 2 1 3 0
17 101394 0 1 2 2 0 0 0 1 3 6 2 0 0 1 4 3 0 0 1 2 0 0 1 0 0 0 0 2 3 1 1 4 8 4 1 6 2 4 0 1 3 1 2 0
17 100674 0 1 2 2 0 0 0 1 3 6 2 0 0 1 4 3 0 0 1 2 0 0 1 0 0 0 0 2 3 1 1 4 8 4 2 6 3 2 0 0 3 1 3 0
17 94189 0 1 2 2 0 0 0 1 3 6 2 0 0 1 4 4 0 0 0 2 0 0 0 0 0 0 0 2 2 0 1 5 10 4 1 8 4 0 0 0 2 1 4 0
17 88935 0 1 2 2 0 0 0 1 3 6 2 1 0 0 3 2 1 0 1 1 0 0 0 0 0 0 1 4 2 1 0 5 6 4 3 7 3 1 0 1 2 2 4 0
17 100190 0 1 2 2 0 0 0 1 3 6 2 1 0 0 4 2 1 0 2 2 1 0 0 0 0 0 1 3 3 2 0 3 4 4 3 6 4 0 0 1 2 2 4 0
17 106046 0 1 2 2 0 0 0 1 3 6 3 0 0 0 3 4 1 0 1 2 1 0 0 0 0 0 1 2 3 0 1 3 9 4 0 7 3 3 0 1 2 1 2 0
17 111041 0 1 2 2 0 0 0 1 3 6 3 0 0 0 3 5 2 0 0 1 1 0 0 0 0 0 1 2 2 0 1 4 8 4 2 7 4 1 0 0 2 1 3 0
17 111255 0 1 2 2 0 0 0 1 3 6 3 0 0 0 4 5 1 0 1 3 1 0 1 1 0 0 1 2 3 1 0 2 7 5 0 5 2 3 0 1 2 1 2 0
17 106050 0 1 2 2 0 0 0 1 3 6 3 0 0 0 4 5 1 0 1 3 2 0 0 0 0 0 1 2 3 1 0 2 7 4 0 6 4 2 0 1 2 1 2 0
17 111045 0 1 2 2 0 0 0 1 3 6 3 0 0 0 4 5 2 0 1 2 1 0 1 1 0 0 1 2 3 1 0 2 6 5 2 5 3 1 0 0 2 1 3 0
17 106059 0 1 2 2 0 0 0 1 3 6 3 0 0 1 4 5 1 0 1 3 1 0 1 1 0 0 0 1 3 1 1 2 7 5 0 5 2 3 0 1 2 1 2 0
17 111264 0 1 2 2 0 0 0 1 3 6 3 0 0 1 4 5 1 0 1 3 2 0 0 0 0 0 0 1 3 1 1 2 7 4 0 6 4 2 0 1 2 1 2 0
17 89771 0 1 2 2 0 0 0 1 3 6 3 0 0 1 4 5 2 0 0 1 1 0 0 0 0 0 0 2 2 0 0 4 8 4 2 7 4 1 0 0 2 1 3 0
17 111054 0 1 2 2 0 0 0 1 3 6 3 0 0 1 4 6 2 0 0 2 2 0 0 0 0 0 0 1 2 0 1 3 8 4 1 6 5 0 0 0 2 1 3 0
17 100683 0 1 2 2 0 0 0 1 3 6 3 0 0 1 5 5 2 0 1 2 1 0 1 1 0 0 0 1 3 1 0 2 6 5 2 5 3 1 0 0 2 1 3 0
17 94200 0 1 2 2 0 0 0 1 3 6 3 0 0 1 5 6 2 0 0 2 2 0 0 0 0 0 0 1 2 0 0 3 8 4 1 6 5 0 0 0 2 1 3 0
17 105826 0 1 2 2 0 0 0 1 3 6 3 1 0 0 3 3 1 0 1 2 1 0 0 0 0 0 1 2 2 1 1 4 7 4 2 7 4 1 0 0 2 1 3 0
17 88945 0 1 2 2 0 0 0 1 3 6 3 1 0 0 3 4 2 0 0 1 1 0 0 0 0 0 1 3 1 0 0 5 7 4 2 6 4 0 0 1 2 2 4 0
17 105830 0 1 2 2 0 0 0 1 3 6 3 1 0 0 4 3 1 0 2 3 2 0 0 0 0 0 1 2 3 2 0 2 5 4 2 6 5 0 0 0 2 1 3 0
17 100200 0 1 2 2 0 0 0 1 3 6 3 1 0 0 4 4 2 0 1 2 2 0 0 1 0 0 1 2 2 1 0 3 5 4 2 5 3 0 0 1 2 2 4 0
17 105839 0 1 2 2 0 0 0 1 3 6 3 1 0 1 4 4 1 0 1 3 1 0 1 1 0 0 0 1 2 1 1 3 7 5 1 5 3 1 0 0 2 1 3 0
17 90996 0 1 2 2 0 0 0 1 3 6 3 1 0 1 4 4 2 0 0 1 1 0 0 0 0 0 0 2 1 1 0 5 6 4 2 7 3 3 0 1 2 1 2 0
17 101403 0 1 2 2 0 0 0 1 3 6 3 1 0 1 5 4 2 0 1 2 1 0 1 1 0 0 0 1 2 1 0 3 6 5 1 5 2 3 0 1 2 1 2 0
17 94928 0 1 2 2 0 0 0 1 3 6 3 1 0 1 5 4 2 0 1 2 2 0 0 0 0 0 0 1 2 1 0 3 6 4 1 6 4 2 0 1 2 1 2 0
17 112571 0 1 2 2 0 0 0 1 3 6 4 0 0 0 2 6 2 0 0 2 2 0 0 0 0 0 1 2 2 0 1 3 8 4 0 6 4 2 0 1 2 1 2 0
17 112575 0 1 2 2 0 0 0 1 3 6 4 0 0 0 3 7 2 0 0 3 3 0 0 1 0 0 1 2 2 1 0 2 6 4 0 5 3 2 0 1 2 1 2 0
17 112584 0 1 2 2 0 0 0 1 3 6 4 0 0 1 3 7 2 0 0 3 3 0 0 1 0 0 0 1 2 1 1 2 6 4 0 5 3 2 0 1 2 1 2 0
17 111063 0 1 2 2 0 0 0 1 3 6 4 0 0 1 5 8 4 0 0 2 4 1 0 0 0 0 0 0 2 0 0 1 6 4 1 4 4 0 0 0 2 1 3 0
17 112421 0 1 2 2 0 0 0 1 3 6 4 1 0 0 2 5 3 0 0 1 2 0 0 0 0 0 1 2 1 0 1 4 7 4 2 6 5 0 0 0 2 1 3 0
17 112425 0 1 2 2 0 0 0 1 3 6 4 1 0 0 3 5 3 0 1 2 3 0 0 1 0 0 1 2 2 1 0 2 5 4 2 5 4 0 0 0 2 1 3 0
17 112434 0 1 2 2 0 0 0 1 3 6 4 1 0 1 3 6 3 0 0 2 3 0 0 1 0 0 0 1 1 0 1 3 7 4 1 5 4 0 0 0 2 1 3 0
17 111273 0 1 2 2 0 0 0 1 3 6 4 1 0 1 5 6 3 0 1 3 4 1 0 0 0 0 0 0 2 1 0 1 5 4 0 4 3 2 0 1 2 1 2 0
17 89793 0 1 2 2 0 0 0 1 3 7 3 1 0 0 3 3 1 0 1 2 1 0 0 0 0 0 0 3 2 1 0 4 7 4 2 7 4 1 0 0 2 1 3 0
17 91018 0 1 2 2 0 0 0 1 3 7 3 1 0 0 3 4 2 0 0 1 1 0 0 0 0 0 0 3 1 1 0 5 6 4 2 7 3 3 0 1 2 1 2 0
17 100693 0 1 2 2 0 0 0 1 3 7 3 1 0 0 4 3 1 0 2 3 2 0 0 0 0 0 0 2 3 2 0 2 5 4 2 6 5 0 0 0 2 1 3 0
17 94222 0 1 2 2 0 0 0 1 3 7 3 1 0 0 4 4 1 0 1 3 1 0 1 1 0 0 0 2 2 1 0 3 7 5 1 5 3 1 0 0 2 1 3 0
17 94950 0 1 2 2 0 0 0 1 3 7 3 1 0 0 4 4 2 0 1 2 1 0 1 1 0 0 0 2 2 1 0 3 6 5 1 5 2 3 0 1 2 1 2 0
17 101413 0 1 2 2 0 0 0 1 3 7 3 1 0 0 4 4 2 0 1 2 2 0 0 0 0 0 0 2 2 1 0 3 6 4 1 6 4 2 0 1 2 1 2 0
17 89803 0 1 2 2 0 0 0 1 3 7 4 1 0 0 3 5 3 0 0 1 2 0 0 0 0 0 0 2 1 0 0 4 7 4 2 6 5 0 0 0 2 1 3 0
17 100703 0 1 2 2 0 0 0 1 3 7 4 1 0 0 4 5 3 0 1 2 3 0 0 1 0 0 0 1 2 1 0 2 5 4 2 5 4 0 0 0 2 1 3 0
17 94232 0 1 2 2 0 0 0 1 3 7 4 1 0 0 4 6 3 0 0 2 3 0 0 1 0 0 0 1 1 0 0 3 7 4 1 5 4 0 0 0 2 1 3 0
17 106068 0 1 2 2 0 0 0 1 3 7 4 1 0 0 4 6 3 0 1 3 4 1 0 0 0 0 0 1 2 1 0 1 5 4 0 4 3 2 0 1 2 1 2 0
17 91028 0 1 2 2 0 0 0 1 3 7 4 2 0 0 3 4 4 0 0 0 2 0 0 0 0 0 0 2 0 0 0 5 6 4 2 6 4 2 0 1 2 1 2 0
17 105848 0 1 2 2 0 0 0 1 3 7 4 2 0 0 4 4 2 0 2 4 4 1 0 0 0 0 0 1 2 2 0 1 4 4 1 4 4 0 0 0 2 1 3 0
17 94960 0 1 2 2 0 0 0 1 3 7 4 2 0 0 4 4 4 0 1 1 3 0 0 1 0 0 0 1 1 0 0 3 6 4 1 5 3 2 0 1 2 1 2 0
16 34276 0 1 2 2 1 0 0 0 2 3 2 0 0 0 1 1 0 0 0 0 0 0 0 0 0 0 2 3 3 0 2 6 7 2 3 5 2 1 0 2 4 2 4 0
16 39282 0 1 2 2 1 0 0 0 2 3 2 0 0 0 2 2 0 0 0 1 0 0 0 0 0 0 2 2 2 1 2 6 5 3 3 5 2 2 0 2 3 2 3 0
16 34282 0 1 2 2 1 0 0 0 2 3 2 0 0 1 1 2 0 0 0 1 0 0 0 0 0 0 1 4 3 0 1 5 7 2 2 6 2 2 0 2 4 1 3 0
16 34296 0 1 2 2 1 0 0 0 2 3 2 0 0 1 2 1 0 0 1 0 0 0 0 0 0 0 1 3 3 1 1 5 6 3 4 5 2 2 0 1 3 2 3 0
16 39288 0 1 2 2 1 0 0 0 2 3 2 0 0 1 2 3 0 0 0 2 0 0 1 0 0 0 1 3 2 1 1 5 5 3 2 4 2 3 0 2 4 1 2 0
16 39301 0 1 2 2 1 0 0 0 2 3 2 0 0 1 3 2 0 0 1 1 0 0 0 0 0 0 1 2 2 2 1 5 4 4 4 5 3 1 0 1 2 2 3 0
16 51865 0 1 2 2 1 0 0 0 2 3 3 0 0 0 1 2 0 0 0 0 0 0 0 0 0 0 2 2 3 0 2 5 9 3 3 6 3 1 0 0 3 1 3 0
16 65827 0 1 2 2 1 0 0 0 2 3 3 0 0 0 1 3 0 0 0 1 0 0 0 0 0 0 2 2 3 1 2 4 7 4 3 6 3 2 0 0 2 1 2 0
16 56637 0 1 2 2 1 0 0 0 2 3 3 0 0 0 2 3 0 0 0 1 0 0 0 0 0 0 2 1 2 1 2 5 7 4 3 6 3 2 0 0 2 1 2 0
16 51871 0 1 2 2 1 0 0 0 2 3 3 0 0 1 1 3 0 0 0 1 0 0 0 0 0 0 1 3 3 0 1 4 9 4 2 6 3 2 0 0 2 1 2 0
16 65832 0 1 2 2 1 0 0 0 2 3 3 0 0 1 1 4 0 0 0 2 0 0 0 0 0 0 1 3 3 1 1 3 7 5 2 6 4 1 0 0 1 1 2 0
16 51884 0 1 2 2 1 0 0 0 2 3 3 0 0 1 2 2 0 0 1 1 0 0 0 0 0 0 1 2 3 1 1 4 7 4 3 6 3 2 0 0 2 1 2 0
16 65844 0 1 2 2 1 0 0 0 2 3 3 0 0 1 2 3 0 0 1 2 0 0 1 0 0 0 1 2 3 2 1 3 5 5 3 4 3 3 0 0 2 1 1 0
16 56643 0 1 2 2 1 0 0 0 2 3 3 0 0 1 2 4 0 0 0 2 0 0 1 0 0 0 1 2 2 1 1 4 7 5 2 4 3 3 0 0 2 1 1 0
16 56655 0 1 2 2 1 0 0 0 2 3 3 0 0 1 3 3 0 0 1 2 0 0 0 0 0 0 1 1 2 2 1 4 5 5 3 6 4 1 0 0 1 1 2 0
16 78959 0 1 2 2 1 0 0 0 2 3 3 1 0 0 2 4 2 0 0 1 1 0 0 0 0 0 2 1 1 1 2 4 5 5 3 5 4 2 0 0 1 1 1 0
16 78964 0 1 2 2 1 0 0 0 2 3 3 1 0 1 2 5 2 0 0 2 1 0 1 1 0 0 1 2 1 1 1 3 5 6 2 3 3 2 0 0 1 1 1 0
16 78975 0 1 2 2 1 0 0 0 2 3 3 1 0 1 3 4 2 0 1 2 2 0 0 0 0 0 1 1 1 2 1 3 3 5 3 4 5 1 0 0 1 1 1 0
16 71956 0 1 2 2 1 0 0 0 2 3 4 1 0 0 1 3 2 0 0 1 1 0 0 0 0 0 2 1 2 1 2 4 5 5 3 5 4 2 0 0 1 1 1 0
16 71961 0 1 2 2 1 0 0 0 2 3 4 1 0 1 1 4 2 0 0 2 2 0 0 0 0 0 1 2 2 1 1 3 5 5 2 4 5 1 0 0 1 1 1 0
16 71972 0 1 2 2 1 0 0 0 2 3 4 1 0 1 2 3 2 0 1 2 1 0 1 1 0 0 1 1 2 2 1 3 3 6 3 3 3 2 0 0 1 1 1 0
16 81143 0 1 2 2 1 0 0 0 2 3 4 2 0 0 1 3 4 0 0 0 2 0 0 0 0 0 2 1 1 0 2 4 5 5 3 4 5 1 0 0 1 1 1 0
16 81148 0 1 2 2 1 0 0 0 2 3 4 2 0 1 1 4 4 0 0 1 3 0 0 1 0 0 1 2 1 0 1 3 5 5 2 3 4 1 0 0 1 1 1 0
16 81159 0 1 2 2 1 0 0 0 2 3 4 2 0 1 2 3 4 0 1 1 3 0 0 1 0 0 1 1 1 1 1 3 3 5 3 3 4 1 0 0 1 1 1 0
16 34310 0 1 2 2 1 0 0 0 2 4 2 1 0 1 3 2 1 0 1 1 0 0 0 0 0 0 0 3 2 1 0 4 5 4 3 6 3 2 0 1 2 1 2 0
16 39315 0 1 2 2 1 0 0 0 2 4 2 1 0 1 4 3 1 0 1 2 1 0 0 0 0 0 0 2 1 2 0 4 3 4 3 5 4 1 0 1 2 1 2 0
16 34334 0 1 2 2 1 0 0 0 2 4 3 0 0 1 2 3 1 0 0 1 1 0 0 0 0 0 0 3 3 0 0 4 7 3 2 5 3 2 0 1 3 1 2 0
16 39339 0 1 2 2 1 0 0 0 2 4 3 0 0 1 3 4 1 0 0 2 1 0 1 1 0 0 0 2 2 1 0 4 5 4 2 3 2 2 0 1 3 1 2 0
16 51897 0 1 2 2 1 0 0 0 2 4 3 1 0 1 3 3 1 0 1 2 1 0 0 0 0 0 0 2 2 1 0 3 6 5 2 5 4 2 0 0 1 1 1 0
16 65856 0 1 2 2 1 0 0 0 2 4 3 1 0 1 3 4 1 0 1 3 1 0 1 1 0 0 0 2 2 2 0 2 4 6 2 3 3 2 0 0 1 1 1 0
16 56668 0 1 2 2 1 0 0 0 2 4 3 1 0 1 4 4 1 0 1 3 2 0 0 0 0 0 0 1 1 2 0 3 4 5 2 4 5 1 0 0 1 1 1 0
16 78986 0 1 2 2 1 0 0 0 2 4 3 2 0 1 4 5 3 0 1 3 4 1 0 0 0 0 0 1 0 2 0 2 2 5 2 2 4 1 0 0 1 1 1 0
16 51921 0 1 2 2 1 0 0 0 2 4 4 0 0 1 2 4 2 0 0 1 1 0 0 0 0 0 0 2 3 0 0 3 7 5 2 5 4 2 0 0 1 1 1 0
16 65868 0 1 2 2 1 0 0 0 2 4 4 0 0 1 2 5 2 0 0 2 2 0 0 0 0 0 0 2 3 1 0 2 5 5 2 4 5 1 0 0 1 1 1 0
16 56692 0 1 2 2 1 0 0 0 2 4 4 0 0 1 3 5 2 0 0 2 1 0 1 1 0 0 0 1 2 1 0 3 5 6 2 3 3 2 0 0 1 1 1 0
16 71983 0 1 2 2 1 0 0 0 2 4 5 1 0 1 2 5 4 0 0 2 4 1 0 0 0 0 0 1 2 1 0 2 3 5 2 2 4 1 0 0 1 1 1 0
16 34346 0 1 2 2 1 0 0 0 2 5 3 1 0 0 3 3 2 0 0 1 1 0 0 0 0 0 0 2 2 0 0 4 6 4 2 5 4 1 0 1 2 1 2 0
16 39351 0 1 2 2 1 0 0 0 2 5 3 1 0 0 4 4 2 0 0 2 2 0 0 1 0 0 0 1 1 1 0 4 4 4 2 4 3 1 0 1 2 1 2 0
16 51933 0 1 2 2 1 0 0 0 2 5 4 1 0 0 3 4 3 0 0 1 2 0 0 0 0 0 0 1 2 0 0 3 6 5 2 4 5 1 0 0 1 1 1 0
16 65880 0 1 2 2 1 0 0 0 2 5 4 1 0 0 3 5 3 0 0 2 3 0 0 1 0 0 0 1 2 1 0 2 4 5 2 3 4 1 0 0 1 1 1 0
16 56704 0 1 2 2 1 0 0 0 2 5 4 1 0 0 4 5 3 0 0 2 3 0 0 1 0 0 0 0 1 1 0 3 4 5 2 3 4 1 0 0 1 1 1 0
17 30181 0 1 2 2 1 0 0 1 2 2 2 0 0 1 0 1 0 0 0 0 0 0 0 0 0 1 3 4 2 0 3 7 6 0 3 6 0 2 1 4 6 3 6 0
17 36577 0 1 2 2 1 0 0 1 2 2 2 0 0 1 1 2 0 0 0 1 0 0 0 0 0 1 3 3 2 0 3 6 6 0 2 7 0 3 1 4 6 2 5 0
17 30187 0 1 2 2 1 0 0 1 2 2 2 0 0 1 1 2 0 0 0 1 0 0 0 0 0 1 3 4 2 0 2 6 6 0 2 7 0 3 1 4 6 2 5 0
17 36583 0 1 2 2 1 0 0 1 2 2 2 0 0 1 2 3 0 0 0 2 0 0 1 0 0 1 3 3 2 0 2 5 6 0 1 6 0 4 1 4 7 1 4 0
17 107714 0 1 2 2 1 0 0 1 2 3 2 0 0 0 2 2 0 0 1 2 0 0 1 0 0 1 3 4 4 1 1 3 6 2 1 6 1 4 1 3 5 1 3 0
17 47894 0 1 2 2 1 0 0 1 2 3 2 0 0 1 1 1 0 0 0 0 0 0 0 0 0 1 2 4 2 0 2 8 8 1 3 7 1 2 0 2 5 2 5 0
17 63309 0 1 2 2 1 0 0 1 2 3 2 0 0 1 2 1 0 0 1 0 0 0 0 0 0 1 2 3 3 1 2 6 7 2 4 7 1 3 0 1 4 2 4 0
17 54056 0 1 2 2 1 0 0 1 2 3 2 0 0 1 2 2 0 0 0 1 0 0 0 0 0 1 2 3 2 0 2 7 8 1 2 8 1 3 0 2 5 1 4 0
17 47900 0 1 2 2 1 0 0 1 2 3 2 0 0 1 2 2 0 0 0 1 0 0 0 0 0 1 2 4 2 0 1 7 8 2 2 7 1 3 0 2 4 2 4 0
17 63314 0 1 2 2 1 0 0 1 2 3 2 0 0 1 3 2 0 0 1 1 0 0 0 0 0 1 2 3 3 1 1 5 7 3 3 7 2 2 0 1 3 2 4 0
17 54062 0 1 2 2 1 0 0 1 2 3 2 0 0 1 3 3 0 0 0 2 0 0 1 0 0 1 2 3 2 0 1 6 8 2 1 6 1 4 0 2 5 1 3 0
17 113642 0 1 2 2 1 0 0 1 2 3 3 0 0 0 1 4 0 0 0 3 0 0 1 0 0 1 3 4 3 1 1 3 6 3 0 6 2 3 1 3 4 1 3 0
17 78145 0 1 2 2 1 0 0 1 2 3 3 0 0 1 2 4 1 0 0 1 1 0 0 0 0 1 2 2 2 0 2 5 8 2 2 7 2 3 0 1 4 1 3 0
17 78150 0 1 2 2 1 0 0 1 2 3 3 0 0 1 3 5 1 0 0 2 1 0 1 1 0 1 2 2 2 0 1 4 8 3 1 5 1 3 0 1 4 1 3 0
17 71109 0 1 2 2 1 0 0 1 2 3 3 1 0 1 2 2 1 0 1 1 0 0 0 0 0 1 2 2 2 1 2 5 6 3 3 8 2 3 0 1 3 1 3 0
17 71114 0 1 2 2 1 0 0 1 2 3 3 1 0 1 3 3 1 0 1 2 1 0 0 0 0 1 2 2 2 1 1 4 6 3 2 7 3 2 0 1 3 1 3 0
17 80547 0 1 2 2 1 0 0 1 2 3 4 1 0 1 1 4 2 0 0 1 1 0 0 0 0 1 2 2 1 0 2 5 7 3 2 7 3 2 0 1 3 1 3 0
17 80552 0 1 2 2 1 0 0 1 2 3 4 1 0 1 2 5 2 0 0 2 2 0 0 1 0 1 2 2 1 0 1 4 7 3 1 6 2 2 0 1 3 1 3 0
17 136829 0 1 2 2 1 0 0 1 2 4 3 0 0 0 2 3 0 0 1 3 1 0 1 1 0 1 2 3 4 1 1 3 7 3 0 5 1 3 0 2 4 1 3 0
17 136605 0 1 2 2 1 0 0 1 2 4 3 0 0 0 2 4 1 0 0 2 2 0 0 1 0 1 2 3 3 1 1 4 6 3 2 5 2 1 0 1 3 2 4 0
17 107715 0 1 2 2 1 0 0 1 2 4 3 1 0 0 2 2 1 0 1 2 0 0 1 0 0 1 2 3 3 1 1 4 6 4 1 6 2 4 0 2 3 1 2 0
17 107719 0 1 2 2 1 0 0 1 2 4 3 1 0 0 3 3 2 0 1 2 1 0 1 0 0 1 2 3 3 1 0 3 5 4 1 5 3 3 0 2 3 1 2 0
17 137859 0 1 2 2 1 0 0 1 2 4 4 0 0 0 1 5 1 0 0 3 1 0 1 1 0 1 2 3 3 1 1 3 6 4 0 5 2 2 0 2 3 1 3 0
17 113643 0 1 2 2 1 0 0 1 2 4 4 1 0 0 1 4 1 0 0 3 1 0 1 0 0 1 2 3 2 1 1 4 6 4 0 5 3 3 0 2 3 1 2 0
17 137748 0 1 2 2 1 0 0 1 2 4 4 1 0 0 1 4 2 0 0 2 2 0 0 1 0 1 2 3 2 1 1 4 5 4 2 5 3 0 0 1 2 2 4 0
17 113647 0 1 2 2 1 0 0 1 2 4 4 1 0 0 2 5 2 0 0 3 2 0 1 1 0 1 2 3 2 1 0 3 5 4 0 4 2 3 0 2 3 1 2 0
17 30200 0 1 2 2 1 0 0 1 3 3 2 0 0 1 1 1 0 0 0 0 0 0 0 0 0 0 2 4 2 0 2 8 8 1 3 7 1 2 0 2 5 2 5 0
17 36596 0 1 2 2 1 0 0 1 3 3 2 0 0 1 2 2 0 0 0 1 0 0 0 0 0 0 2 3 2 0 2 7 8 2 2 7 1 3 0 2 4 2 4 0
17 30206 0 1 2 2 1 0 0 1 3 3 2 0 0 1 2 2 0 0 0 1 0 0 0 0 0 0 2 4 2 0 1 7 8 1 2 8 1 3 0 2 5 1 4 0
17 36602 0 1 2 2 1 0 0 1 3 3 2 0 0 1 3 3 0 0 0 2 0 0 1 0 0 0 2 3 2 0 1 6 8 2 1 6 1 4 0 2 5 1 3 0
17 30220 0 1 2 2 1 0 0 1 3 3 2 0 0 2 2 1 0 0 1 0 0 0 0 0 0 0 1 3 3 1 2 6 7 2 4 7 1 3 0 1 4 2 4 0
17 36615 0 1 2 2 1 0 0 1 3 3 2 0 0 2 3 2 0 0 1 1 0 0 0 0 0 0 1 2 3 1 2 5 7 3 3 7 2 2 0 1 3 2 4 0
17 30234 0 1 2 2 1 0 0 1 3 3 3 1 0 2 3 2 1 0 1 1 0 0 0 0 0 0 1 2 2 1 1 5 6 3 3 8 2 3 0 1 3 1 3 0
17 36629 0 1 2 2 1 0 0 1 3 3 3 1 0 2 4 3 1 0 1 2 1 0 0 0 0 0 1 1 2 1 1 4 6 3 2 7 3 2 0 1 3 1 3 0
17 47912 0 1 2 2 1 0 0 1 3 4 2 0 0 1 2 2 0 0 0 0 0 0 0 0 0 0 1 4 2 0 1 7 10 2 3 8 2 2 0 0 4 1 4 0
17 63326 0 1 2 2 1 0 0 1 3 4 2 0 0 1 3 2 0 0 1 1 0 0 0 0 0 0 1 3 3 1 1 5 8 3 3 8 2 3 0 0 3 1 3 0
17 54074 0 1 2 2 1 0 0 1 3 4 2 0 0 1 3 3 0 0 0 1 0 0 0 0 0 0 1 3 2 0 1 6 10 3 2 8 2 3 0 0 3 1 3 0
17 47918 0 1 2 2 1 0 0 1 3 4 2 0 0 1 3 3 0 0 0 1 0 0 0 0 0 0 1 4 2 0 0 6 10 3 2 8 2 3 0 0 3 1 3 0
17 63331 0 1 2 2 1 0 0 1 3 4 2 0 0 1 4 3 0 0 1 2 0 0 0 0 0 0 1 3 3 1 0 4 8 4 2 8 3 2 0 0 2 1 3 0
17 54080 0 1 2 2 1 0 0 1 3 4 2 0 0 1 4 4 0 0 0 2 0 0 1 0 0 0 1 3 2 0 0 5 10 4 1 6 2 4 0 0 3 1 2 0
17 47931 0 1 2 2 1 0 0 1 3 4 2 0 0 2 3 2 0 0 1 1 0 0 0 0 0 0 0 3 3 1 1 5 8 3 3 8 2 3 0 0 3 1 3 0
17 63343 0 1 2 2 1 0 0 1 3 4 2 0 0 2 4 2 0 0 2 2 0 0 1 0 0 0 0 2 4 2 1 3 6 4 3 6 2 4 0 0 3 1 2 0
17 54092 0 1 2 2 1 0 0 1 3 4 2 0 0 2 4 3 0 0 1 2 0 0 0 0 0 0 0 2 3 1 1 4 8 4 2 8 3 2 0 0 2 1 3 0
17 107727 0 1 2 2 1 0 0 1 3 4 3 0 0 0 2 3 0 0 1 3 1 0 1 1 0 0 2 3 4 1 1 2 7 3 0 5 1 3 1 2 4 1 3 0
17 30258 0 1 2 2 1 0 0 1 3 4 3 0 0 1 2 4 1 0 0 1 1 0 0 0 0 0 1 3 2 0 1 5 8 2 2 7 2 3 0 1 4 1 3 0
17 88922 0 1 2 2 1 0 0 1 3 4 3 0 0 1 3 4 1 0 1 2 2 0 0 1 0 0 1 3 3 1 0 3 6 3 2 5 2 1 0 1 3 2 4 0
17 36653 0 1 2 2 1 0 0 1 3 4 3 0 0 1 3 5 1 0 0 2 1 0 1 1 0 0 1 2 2 0 1 4 8 3 1 5 1 3 0 1 4 1 3 0
17 78161 0 1 2 2 1 0 0 1 3 4 3 0 0 1 3 5 2 0 0 1 1 0 0 0 0 0 1 2 2 0 1 4 8 4 2 7 3 3 0 0 2 1 2 0
17 78166 0 1 2 2 1 0 0 1 3 4 3 0 0 1 4 6 2 0 0 2 1 0 1 1 0 0 1 2 2 0 0 3 8 5 1 5 2 3 0 0 2 1 2 0
17 78177 0 1 2 2 1 0 0 1 3 4 3 0 0 2 4 5 2 0 1 2 2 0 0 0 0 0 0 1 3 1 1 2 6 4 2 6 4 2 0 0 2 1 2 0
17 136832 0 1 2 2 1 0 0 1 3 4 3 1 0 0 2 2 1 0 1 2 0 0 1 0 0 0 2 3 3 1 1 3 6 4 1 6 2 4 1 2 3 1 2 0
17 71125 0 1 2 2 1 0 0 1 3 4 3 1 0 1 3 3 1 0 1 2 1 0 0 0 0 0 1 2 2 1 1 4 7 4 2 7 3 3 0 0 2 1 2 0
17 136836 0 1 2 2 1 0 0 1 3 4 3 1 0 1 3 3 2 0 1 2 1 0 1 0 0 0 1 2 3 1 1 2 5 4 1 5 3 3 1 2 3 1 2 0
17 71130 0 1 2 2 1 0 0 1 3 4 3 1 0 1 4 4 1 0 1 3 2 0 0 0 0 0 1 2 2 1 0 3 7 4 1 6 4 2 0 0 2 1 2 0
17 47944 0 1 2 2 1 0 0 1 3 4 3 1 0 2 4 3 1 0 1 2 1 0 0 0 0 0 0 2 2 1 0 4 7 4 2 7 3 3 0 0 2 1 2 0
17 71141 0 1 2 2 1 0 0 1 3 4 3 1 0 2 4 3 1 0 2 3 1 0 1 1 0 0 0 1 3 2 1 2 5 5 2 5 2 3 0 0 2 1 2 0
17 63355 0 1 2 2 1 0 0 1 3 4 3 1 0 2 5 3 1 0 2 3 1 0 1 1 0 0 0 1 3 2 0 2 5 5 2 5 2 3 0 0 2 1 2 0
17 54105 0 1 2 2 1 0 0 1 3 4 3 1 0 2 5 4 1 0 1 3 2 0 0 0 0 0 0 1 2 1 0 3 7 4 1 6 4 2 0 0 2 1 2 0
17 113655 0 1 2 2 1 0 0 1 3 4 4 0 0 0 1 5 1 0 0 3 1 0 1 1 0 0 2 3 3 1 1 2 6 4 0 5 2 2 1 2 3 1 3 0
17 137862 0 1 2 2 1 0 0 1 3 4 4 1 0 0 1 4 1 0 0 3 1 0 1 0 0 0 2 3 2 1 1 3 6 4 0 5 3 3 1 2 3 1 2 0
17 30270 0 1 2 2 1 0 0 1 3 4 4 1 0 1 2 4 2 0 0 1 1 0 0 0 0 0 1 2 1 0 1 5 7 3 2 7 3 2 0 1 3 1 3 0
17 137866 0 1 2 2 1 0 0 1 3 4 4 1 0 1 2 5 2 0 0 3 2 0 1 1 0 0 1 2 2 1 1 2 5 4 0 4 2 3 1 2 3 1 2 0
17 80563 0 1 2 2 1 0 0 1 3 4 4 1 0 1 2 5 3 0 0 1 2 0 0 0 0 0 1 2 1 0 1 4 7 4 2 6 4 2 0 0 2 1 2 0
17 36665 0 1 2 2 1 0 0 1 3 4 4 1 0 1 3 5 2 0 0 2 2 0 0 1 0 0 1 1 1 0 1 4 7 3 1 6 2 2 0 1 3 1 3 0
17 80568 0 1 2 2 1 0 0 1 3 4 4 1 0 1 3 6 3 0 0 2 3 0 0 1 0 0 1 2 1 0 0 3 7 4 1 5 3 2 0 0 2 1 2 0
17 80579 0 1 2 2 1 0 0 1 3 4 4 1 0 2 3 5 3 0 1 2 3 0 0 1 0 0 0 1 2 1 1 2 5 4 2 5 3 2 0 0 2 1 2 0
17 78188 0 1 2 2 1 0 0 1 3 4 4 1 0 2 5 6 3 0 1 3 4 1 0 0 0 0 0 0 2 1 0 1 5 4 1 4 3 2 0 0 2 1 2 0
17 47968 0 1 2 2 1 0 0 1 3 5 3 0 0 1 3 5 2 0 0 1 1 0 0 0 0 0 0 3 2 0 0 4 8 4 2 7 3 3 0 0 2 1 2 0
17 63367 0 1 2 2 1 0 0 1 3 5 3 0 0 1 4 5 2 0 1 2 2 0 0 0 0 0 0 2 3 1 0 2 6 4 2 6 4 2 0 0 2 1 2 0
17 54129 0 1 2 2 1 0 0 1 3 5 3 0 0 1 4 6 2 0 0 2 1 0 1 1 0 0 0 2 2 0 0 3 8 5 1 5 2 3 0 0 2 1 2 0
17 107728 0 1 2 2 1 0 0 1 3 5 4 1 0 0 2 3 1 0 1 3 1 0 1 1 0 0 1 2 3 1 1 3 7 5 0 5 2 3 0 1 2 1 2 0
17 136609 0 1 2 2 1 0 0 1 3 5 4 1 0 0 2 4 2 0 0 2 2 0 0 1 0 0 1 2 2 1 1 4 6 4 2 6 3 1 0 0 2 1 3 0
17 88954 0 1 2 2 1 0 0 1 3 5 4 1 0 0 2 4 2 0 1 2 2 0 0 1 0 0 1 3 2 1 0 3 5 4 2 5 3 0 0 1 2 2 4 0
17 107732 0 1 2 2 1 0 0 1 3 5 4 1 0 0 3 4 2 0 1 3 2 0 1 1 0 0 1 2 3 1 0 2 6 5 0 4 3 2 0 1 2 1 2 0
17 89780 0 1 2 2 1 0 0 1 3 5 4 1 0 1 3 4 2 0 1 2 2 0 0 1 0 0 0 2 2 1 0 3 6 4 2 6 3 1 0 0 2 1 3 0
17 136837 0 1 2 2 1 0 0 1 3 5 4 1 0 1 3 4 2 0 1 3 2 0 1 1 0 0 0 1 3 1 1 2 6 5 0 4 3 2 0 1 2 1 2 0
17 47980 0 1 2 2 1 0 0 1 3 5 4 1 0 1 3 5 3 0 0 1 2 0 0 0 0 0 0 2 1 0 0 4 7 4 2 6 4 2 0 0 2 1 2 0
17 136613 0 1 2 2 1 0 0 1 3 5 4 1 0 1 3 5 3 0 0 2 3 0 0 1 0 0 0 1 2 0 1 3 7 4 1 5 4 0 0 0 2 1 3 0
17 94209 0 1 2 2 1 0 0 1 3 5 4 1 0 1 4 5 3 0 1 2 3 0 0 1 0 0 0 1 2 0 0 2 7 4 1 5 4 0 0 0 2 1 3 0
17 63379 0 1 2 2 1 0 0 1 3 5 4 1 0 1 4 5 3 0 1 2 3 0 0 1 0 0 0 1 2 1 0 2 5 4 2 5 3 2 0 0 2 1 2 0
17 54141 0 1 2 2 1 0 0 1 3 5 4 1 0 1 4 6 3 0 0 2 3 0 0 1 0 0 0 1 1 0 0 3 7 4 1 5 3 2 0 0 2 1 2 0
17 71152 0 1 2 2 1 0 0 1 3 5 4 1 0 1 4 6 3 0 1 3 4 1 0 0 0 0 0 1 2 1 0 1 5 4 1 4 3 2 0 0 2 1 2 0
17 113656 0 1 2 2 1 0 0 1 3 5 5 1 0 0 1 5 2 0 0 3 2 0 1 1 0 0 1 2 2 1 1 3 6 5 0 4 3 2 0 1 2 1 2 0
17 113660 0 1 2 2 1 0 0 1 3 5 5 1 0 0 2 6 3 0 0 3 3 0 1 2 0 0 1 2 2 1 0 2 5 5 0 3 2 2 0 1 2 1 2 0
17 137867 0 1 2 2 1 0 0 1 3 5 5 1 0 1 2 6 3 0 0 3 3 0 1 2 0 0 0 1 2 1 1 2 5 5 0 3 2 2 0 1 2 1 2 0
17 137752 0 1 2 2 1 0 0 1 3 5 5 2 0 0 1 4 3 0 0 2 3 0 0 1 0 0 1 2 1 1 1 4 5 4 2 5 4 0 0 0 2 1 3 0
17 137756 0 1 2 2 1 0 0 1 3 5 5 2 0 1 2 5 4 0 0 2 4 0 0 2 0 0 0 1 1 0 1 3 6 4 1 4 3 0 0 0 2 1 3 0
17 89812 0 1 2 2 1 0 0 1 3 6 5 2 0 0 2 4 3 0 1 2 3 0 0 1 0 0 0 2 1 1 0 3 5 4 2 5 4 0 0 0 2 1 3 0
17 94241 0 1 2 2 1 0 0 1 3 6 5 2 0 0 3 5 4 0 1 2 4 0 0 2 0 0 0 1 1 0 0 2 6 4 1 4 3 0 0 0 2 1 3 0
16 93774 0 1 2 2 2 0 0 0 2 2 4 0 0 0 0 2 0 0 0 0 0 0 0 0 0 0 2 2 4 0 2 4 10 4 2 6 4 0 0 0 2 1 3 0
16 102771 0 1 2 2 2 0 0 0 2 2 4 0 0 0 0 3 0 0 0 1 0 0 0 0 0 0 2 2 4 1 2 3 8 5 2 6 4 1 0 0 1 1 2 0
16 96872 0 1 2 2 2 0 0 0 2 2 4 0 0 0 1 3 0 0 0 1 0 0 0 0 0 0 2 1 3 1 2 4 8 5 2 6 4 1 0 0 1 1 2 0
16 93778 0 1 2 2 2 0 0 0 2 2 4 0 0 1 0 3 0 0 0 1 0 0 0 0 0 0 1 3 4 1 1 3 8 5 2 6 4 1 0 0 1 1 2 0
16 102775 0 1 2 2 2 0 0 0 2 2 4 0 0 1 0 4 0 0 0 2 0 0 0 0 0 0 1 3 4 2 1 2 6 6 2 6 5 0 0 0 0 1 2 0
16 93789 0 1 2 2 2 0 0 0 2 2 4 0 0 1 1 3 0 0 0 1 0 0 0 0 0 0 1 2 3 1 1 4 8 5 2 6 4 1 0 0 1 1 2 0
16 96876 0 1 2 2 2 0 0 0 2 2 4 0 0 1 1 4 0 0 0 2 0 0 1 0 0 0 1 2 3 2 1 3 6 6 2 4 4 2 0 0 1 1 1 0
16 96887 0 1 2 2 2 0 0 0 2 2 4 0 0 1 2 4 0 0 0 2 0 0 0 0 0 0 1 1 2 2 1 4 6 6 2 6 5 0 0 0 0 1 2 0
16 111668 0 1 2 2 2 0 0 0 2 2 4 1 0 0 1 4 2 0 0 1 1 0 0 0 0 0 2 1 2 1 2 3 6 6 2 5 5 1 0 0 0 1 1 0
16 111672 0 1 2 2 2 0 0 0 2 2 4 1 0 1 1 5 2 0 0 2 1 0 1 1 0 0 1 2 2 2 1 2 4 7 2 3 4 1 0 0 0 1 1 0
16 111681 0 1 2 2 2 0 0 0 2 2 4 1 0 1 2 5 2 0 0 2 2 0 0 0 0 0 1 1 1 2 1 3 4 6 2 4 6 0 0 0 0 1 1 0
16 106634 0 1 2 2 2 0 0 0 2 2 5 1 0 0 0 3 2 0 0 1 1 0 0 0 0 0 2 1 3 1 2 3 6 6 2 5 5 1 0 0 0 1 1 0
16 106638 0 1 2 2 2 0 0 0 2 2 5 1 0 1 0 4 2 0 0 2 2 0 0 0 0 0 1 2 3 2 1 2 4 6 2 4 6 0 0 0 0 1 1 0
16 106647 0 1 2 2 2 0 0 0 2 2 5 1 0 1 1 4 2 0 0 2 1 0 1 1 0 0 1 1 2 2 1 3 4 7 2 3 4 1 0 0 0 1 1 0
16 112929 0 1 2 2 2 0 0 0 2 2 5 2 0 0 0 3 4 0 0 0 2 0 0 0 0 0 2 1 2 0 2 3 6 6 2 4 6 0 0 0 0 1 1 0
16 112933 0 1 2 2 2 0 0 0 2 2 5 2 0 1 0 4 4 0 0 1 3 0 0 1 0 0 1 2 2 1 1 2 4 6 2 3 5 0 0 0 0 1 1 0
16 112942 0 1 2 2 2 0 0 0 2 2 5 2 0 1 1 4 4 0 0 1 3 0 0 1 0 0 1 1 1 1 1 3 4 6 2 3 5 0 0 0 0 1 1 0
16 93800 0 1 2 2 2 0 0 0 2 3 4 1 0 1 2 4 2 0 0 1 1 0 0 0 0 0 0 2 2 1 0 3 6 6 2 5 5 1 0 0 0 1 1 0
16 102794 0 1 2 2 2 0 0 0 2 3 4 1 0 1 2 5 2 0 0 2 1 0 1 1 0 0 0 2 2 2 0 2 4 7 2 3 4 1 0 0 0 1 1 0
16 96897 0 1 2 2 2 0 0 0 2 3 4 1 0 1 3 5 2 0 0 2 2 0 0 0 0 0 0 1 1 2 0 3 4 6 2 4 6 0 0 0 0 1 1 0
16 111690 0 1 2 2 2 0 0 0 2 3 4 2 0 1 3 6 4 0 0 2 4 1 0 0 0 0 0 1 0 2 0 2 2 6 2 2 5 0 0 0 0 1 1 0
16 93822 0 1 2 2 2 0 0 0 2 3 5 1 0 1 1 3 2 0 0 1 1 0 0 0 0 0 0 2 3 1 0 3 6 6 2 5 5 1 0 0 0 1 1 0
16 102804 0 1 2 2 2 0 0 0 2 3 5 1 0 1 1 4 2 0 0 2 2 0 0 0 0 0 0 2 3 2 0 2 4 6 2 4 6 0 0 0 0 1 1 0
16 96919 0 1 2 2 2 0 0 0 2 3 5 1 0 1 2 4 2 0 0 2 1 0 1 1 0 0 0 1 2 2 0 3 4 7 2 3 4 1 0 0 0 1 1 0
16 106656 0 1 2 2 2 0 0 0 2 3 6 2 0 1 1 4 4 0 0 2 4 1 0 0 0 0 0 1 2 2 0 2 2 6 2 2 5 0 0 0 0 1 1 0
16 93832 0 1 2 2 2 0 0 0 2 4 5 2 0 0 2 3 4 0 0 0 2 0 0 0 0 0 0 1 2 0 0 3 6 6 2 4 6 0 0 0 0 1 1 0
16 102814 0 1 2 2 2 0 0 0 2 4 5 2 0 0 2 4 4 0 0 1 3 0 0 1 0 0 0 1 2 1 0 2 4 6 2 3 5 0 0 0 0 1 1 0
16 96929 0 1 2 2 2 0 0 0 2 4 5 2 0 0 3 4 4 0 0 1 3 0 0 1 0 0 0 0 1 1 0 3 4 6 2 3 5 0 0 0 0 1 1 0
17 138486 0 1 2 2 2 0 0 1 2 2 4 0 0 0 0 4 0 0 0 4 0 0 2 0 0 1 3 4 4 2 1 2 4 4 0 4 2 4 1 3 4 1 2 0
17 138487 0 1 2 2 2 0 0 1 2 3 5 1 0 0 0 4 1 0 0 4 1 0 2 1 0 1 2 3 3 2 1 3 4 5 0 3 2 3 0 2 3 1 2 0
17 138490 0 1 2 2 2 0 0 1 3 3 5 1 0 0 0 4 1 0 0 4 1 0 2 1 0 0 2 3 3 2 1 2 4 5 0 3 2 3 1 2 3 1 2 0
17 138491 0 1 2 2 2 0 0 1 3 4 6 2 0 0 0 4 2 0 0 4 2 0 2 2 0 0 1 2 2 2 1 3 4 6 0 2 2 2 0 1 2 1 2 0
16 74865 0 1 2 2 2 1 0 0 2 2 3 2 0 0 1 2 2 0 0 1 2 0 0 1 0 0 2 1 2 2 2 4 4 5 3 4 3 2 0 0 1 1 1 0
16 137109 0 1 2 2 2 1 0 0 2 2 3 2 0 0 1 3 2 0 0 2 2 0 0 1 0 0 2 1 2 2 2 3 4 6 2 4 4 1 0 0 0 1 1 0
16 74870 0 1 2 2 2 1 0 0 2 2 3 2 0 1 1 3 3 0 0 1 3 0 0 1 0 0 1 2 2 1 1 3 5 5 2 3 4 1 0 0 1 1 1 0
16 137113 0 1 2 2 2 1 0 0 2 2 3 2 0 1 2 4 3 0 0 2 3 0 0 1 0 0 1 1 1 2 1 3 3 6 2 3 5 0 0 0 0 1 1 0
16 82927 0 1 2 2 2 1 0 0 2 2 3 3 0 0 1 2 4 0 0 0 3 0 0 1 0 0 2 1 1 1 2 4 4 5 3 3 4 1 0 0 1 1 1 0
16 82932 0 1 2 2 2 1 0 0 2 2 3 3 0 1 1 3 5 0 0 0 4 0 0 2 0 0 1 2 1 0 1 3 5 5 2 2 3 1 0 0 1 1 1 0
16 138009 0 1 2 2 2 1 0 0 2 2 4 3 0 0 0 2 4 0 0 1 3 0 0 1 0 0 2 1 2 1 2 3 4 6 2 3 5 0 0 0 0 1 1 0
16 138013 0 1 2 2 2 1 0 0 2 2 4 3 0 1 1 3 5 0 0 1 4 0 0 2 0 0 1 1 1 1 1 3 3 6 2 2 4 0 0 0 0 1 1 0
17 73711 0 1 2 2 2 1 0 1 2 2 2 2 0 1 2 1 1 0 1 2 0 0 1 0 0 1 2 2 2 2 2 5 4 4 3 6 2 4 0 1 3 1 2 0
17 73716 0 1 2 2 2 1 0 1 2 2 2 2 0 1 3 2 2 0 1 2 1 0 1 0 0 1 2 2 2 1 1 4 5 4 2 5 3 3 0 1 3 1 2 0
17 82331 0 1 2 2 2 1 0 1 2 2 3 2 0 1 1 3 2 0 0 2 1 0 1 0 0 1 2 2 1 1 2 5 5 4 2 5 3 3 0 1 3 1 2 0
17 82336 0 1 2 2 2 1 0 1 2 2 3 2 0 1 2 4 3 0 0 2 2 0 1 1 0 1 2 2 1 0 1 4 6 4 1 4 2 3 0 1 3 1 2 0
17 30244 0 1 2 2 2 1 0 1 3 2 2 2 0 2 3 1 1 0 2 2 0 0 1 0 0 0 1 2 2 2 1 4 4 4 3 6 2 4 0 1 3 1 2 0
17 36639 0 1 2 2 2 1 0 1 3 2 2 2 0 2 4 2 2 0 2 2 1 0 1 0 0 0 1 1 2 1 1 3 5 4 2 5 3 3 0 1 3 1 2 0
17 73727 0 1 2 2 2 1 0 1 3 3 2 2 0 1 3 2 1 0 1 3 1 0 1 1 0 0 1 2 2 2 1 4 5 5 2 5 2 3 0 0 2 1 2 0
17 73732 0 1 2 2 2 1 0 1 3 3 2 2 0 1 4 3 2 0 1 3 2 0 1 1 0 0 1 2 2 1 0 3 6 5 1 4 3 2 0 0 2 1 2 0
17 47954 0 1 2 2 2 1 0 1 3 3 2 2 0 2 4 2 1 0 2 3 1 0 1 1 0 0 0 2 2 2 0 3 5 5 2 5 2 3 0 0 2 1 2 0
17 54115 0 1 2 2 2 1 0 1 3 3 2 2 0 2 5 3 2 0 2 3 2 0 1 1 0 0 0 1 2 1 0 2 6 5 1 4 3 2 0 0 2 1 2 0
17 30280 0 1 2 2 2 1 0 1 3 3 3 2 0 1 2 3 2 0 1 2 1 0 1 0 0 0 1 2 1 1 1 4 5 4 2 5 3 3 0 1 3 1 2 0
17 82347 0 1 2 2 2 1 0 1 3 3 3 2 0 1 2 4 3 0 0 2 2 0 1 1 0 0 1 2 1 1 1 4 5 5 2 4 3 2 0 0 2 1 2 0
17 36675 0 1 2 2 2 1 0 1 3 3 3 2 0 1 3 4 3 0 1 2 2 0 1 1 0 0 1 1 1 0 1 3 6 4 1 4 2 3 0 1 3 1 2 0
17 82352 0 1 2 2 2 1 0 1 3 3 3 2 0 1 3 5 4 0 0 2 3 0 1 2 0 0 1 2 1 0 0 3 6 5 1 3 2 2 0 0 2 1 2 0
17 47990 0 1 2 2 2 1 0 1 3 4 3 2 0 1 3 4 3 0 1 2 2 0 1 1 0 0 0 2 1 1 0 3 5 5 2 4 3 2 0 0 2 1 2 0
17 54151 0 1 2 2 2 1 0 1 3 4 3 2 0 1 4 5 4 0 1 2 3 0 1 2 0 0 0 1 1 0 0 2 6 5 1 3 2 2 0 0 2 1 2 0
16 108654 0 1 2 2 3 1 0 0 2 1 4 2 0 0 0 2 2 0 0 1 2 0 0 1 0 0 2 1 3 2 2 3 5 6 2 4 4 1 0 0 0 1 1 0
16 108658 0 1 2 2 3 1 0 0 2 1 4 2 0 1 0 3 3 0 0 1 3 0 0 1 0 0 1 2 3 2 1 2 4 6 2 3 5 0 0 0 0 1 1 0
16 114096 0 1 2 2 3 1 0 0 2 1 4 3 0 0 0 2 4 0 0 0 3 0 0 1 0 0 2 1 2 1 2 3 5 6 2 3 5 0 0 0 0 1 1 0
16 114100 0 1 2 2 3 1 0 0 2 1 4 3 0 1 0 3 5 0 0 0 4 0 0 2 0 0 1 2 2 1 1 2 4 6 2 2 4 0 0 0 0 1 1 0
16 139015 0 1 2 2 3 2 0 0 2 1 3 4 0 0 0 1 4 0 0 1 4 0 0 2 0 0 2 1 2 2 2 3 3 6 2 2 4 0 0 0 0 1 1 0
17 73741 0 1 2 2 3 2 1 1 3 2 2 2 2 2 5 3 0 1 3 6 2 0 3 4 2 0 0 0 2 2 0 0 2 2 1 2 0 2 0 0 2 1 2 0
17 82361 0 1 2 2 3 2 1 1 3 2 3 2 2 2 4 5 2 2 2 5 3 1 2 3 1 0 0 0 1 1 0 0 2 2 1 2 0 2 0 0 2 1 2 0
17 73753 0 1 2 2 3 2 1 1 3 3 3 2 2 1 4 5 2 2 2 5 3 1 2 3 1 0 0 0 1 1 0 0 2 2 1 2 0 2 0 0 2 1 2 0
17 90956 0 1 2 3 1 0 0 1 1 4 2 0 0 0 1 1 0 0 0 0 0 0 0 0 0 1 2 5 3 0 1 7 9 2 2 7 2 1 0 2 4 2 5 0
17 101367 0 1 2 3 1 0 0 1 1 4 2 0 0 0 2 1 0 0 1 0 0 0 0 0 0 1 2 4 4 1 1 5 8 3 3 7 2 2 0 1 3 2 4 0
17 94889 0 1 2 3 1 0 0 1 1 4 2 0 0 0 2 2 0 0 0 1 0 0 0 0 0 1 2 4 3 0 1 6 9 2 1 8 2 2 0 2 4 1 4 0
17 90960 0 1 2 3 1 0 0 1 1 4 2 0 0 0 2 2 0 0 0 1 0 0 0 0 0 1 2 5 3 1 0 6 7 3 2 7 2 2 0 2 3 2 4 0
17 101371 0 1 2 3 1 0 0 1 1 4 2 0 0 0 3 2 0 0 1 1 0 0 0 0 0 1 2 4 4 2 0 4 6 4 3 7 3 1 0 1 2 2 4 0
17 94893 0 1 2 3 1 0 0 1 1 4 2 0 0 0 3 3 0 0 0 2 0 0 1 0 0 1 2 4 3 1 0 5 7 3 1 6 2 3 0 2 4 1 3 0
17 111239 0 1 2 3 1 0 0 1 1 4 3 0 0 0 2 4 1 0 0 1 1 0 0 0 0 1 2 3 3 0 1 4 9 3 1 7 3 2 0 1 3 1 3 0
17 111243 0 1 2 3 1 0 0 1 1 4 3 0 0 0 3 5 1 0 0 2 1 0 1 1 0 1 2 3 3 1 0 3 7 4 1 5 2 2 0 1 3 1 3 0
17 106034 0 1 2 3 1 0 0 1 1 4 3 1 0 0 2 2 1 0 1 1 0 0 0 0 0 1 2 3 3 1 1 4 7 4 2 8 3 2 0 1 2 1 3 0
17 106038 0 1 2 3 1 0 0 1 1 4 3 1 0 0 3 3 1 0 1 2 1 0 0 0 0 1 2 3 3 2 0 3 5 4 2 7 4 1 0 1 2 1 3 0
17 112559 0 1 2 3 1 0 0 1 1 4 4 1 0 0 1 4 2 0 0 1 1 0 0 0 0 1 2 3 2 0 1 4 8 4 1 7 4 1 0 1 2 1 3 0
17 112563 0 1 2 3 1 0 0 1 1 4 4 1 0 0 2 5 2 0 0 2 2 0 0 1 0 1 2 3 2 1 0 3 6 4 1 6 3 1 0 1 2 1 3 0
17 90971 0 1 2 3 1 0 0 1 2 5 3 0 0 0 1 2 0 0 0 0 0 0 0 0 0 0 1 4 3 0 1 6 11 3 2 8 3 1 0 0 3 1 4 0
17 101381 0 1 2 3 1 0 0 1 2 5 3 0 0 0 2 2 0 0 1 1 0 0 0 0 0 0 1 3 4 1 1 4 9 4 2 8 3 2 0 0 2 1 3 0
17 94904 0 1 2 3 1 0 0 1 2 5 3 0 0 0 2 3 0 0 0 1 0 0 0 0 0 0 1 3 3 0 1 5 11 4 1 8 3 2 0 0 2 1 3 0
17 90975 0 1 2 3 1 0 0 1 2 5 3 0 0 0 2 3 0 0 0 1 0 0 0 0 0 0 1 4 3 1 0 5 9 4 2 8 3 2 0 0 2 1 3 0
17 101385 0 1 2 3 1 0 0 1 2 5 3 0 0 0 3 3 0 0 1 2 0 0 0 0 0 0 1 3 4 2 0 3 7 5 2 8 4 1 0 0 1 1 3 0
17 94908 0 1 2 3 1 0 0 1 2 5 3 0 0 0 3 4 0 0 0 2 0 0 1 0 0 0 1 3 3 1 0 4 9 5 1 6 3 3 0 0 2 1 2 0
17 90986 0 1 2 3 1 0 0 1 2 5 3 0 0 1 2 3 0 0 0 1 0 0 0 0 0 0 0 3 3 1 1 5 9 4 2 8 3 2 0 0 2 1 3 0
17 101395 0 1 2 3 1 0 0 1 2 5 3 0 0 1 3 3 0 0 1 2 0 0 1 0 0 0 0 2 4 2 1 3 7 5 2 6 3 3 0 0 2 1 2 0
17 94919 0 1 2 3 1 0 0 1 2 5 3 0 0 1 3 4 0 0 0 2 0 0 0 0 0 0 0 2 3 1 1 4 9 5 1 8 4 1 0 0 1 1 3 0
17 111252 0 1 2 3 1 0 0 1 2 5 4 0 0 0 2 5 2 0 0 1 1 0 0 0 0 0 1 2 3 0 1 3 9 5 1 7 4 2 0 0 1 1 2 0
17 111256 0 1 2 3 1 0 0 1 2 5 4 0 0 0 3 6 2 0 0 2 1 0 1 1 0 0 1 2 3 1 0 2 7 6 1 5 3 2 0 0 1 1 2 0
17 111265 0 1 2 3 1 0 0 1 2 5 4 0 0 1 3 6 2 0 0 2 2 0 0 0 0 0 0 1 3 1 1 2 7 5 1 6 5 1 0 0 1 1 2 0
17 106047 0 1 2 3 1 0 0 1 2 5 4 1 0 0 2 3 1 0 1 2 1 0 0 0 0 0 1 2 3 1 1 3 8 5 1 7 4 2 0 0 1 1 2 0
17 106051 0 1 2 3 1 0 0 1 2 5 4 1 0 0 3 4 1 0 1 3 2 0 0 0 0 0 1 2 3 2 0 2 6 5 1 6 5 1 0 0 1 1 2 0
17 106060 0 1 2 3 1 0 0 1 2 5 4 1 0 1 3 4 1 0 1 3 1 0 1 1 0 0 0 1 3 2 1 2 6 6 1 5 3 2 0 0 1 1 2 0
17 90997 0 1 2 3 1 0 0 1 2 5 4 1 0 1 3 4 2 0 0 1 1 0 0 0 0 0 0 2 2 1 0 4 7 5 2 7 4 2 0 0 1 1 2 0
17 101404 0 1 2 3 1 0 0 1 2 5 4 1 0 1 4 4 2 0 1 2 1 0 1 1 0 0 0 1 3 2 0 2 5 6 2 5 3 2 0 0 1 1 2 0
17 94929 0 1 2 3 1 0 0 1 2 5 4 1 0 1 4 5 2 0 0 2 2 0 0 0 0 0 0 1 2 1 0 3 7 5 1 6 5 1 0 0 1 1 2 0
17 112572 0 1 2 3 1 0 0 1 2 5 5 1 0 0 1 5 3 0 0 1 2 0 0 0 0 0 1 2 2 0 1 3 8 5 1 6 5 1 0 0 1 1 2 0
17 112576 0 1 2 3 1 0 0 1 2 5 5 1 0 0 2 6 3 0 0 2 3 0 0 1 0 0 1 2 2 1 0 2 6 5 1 5 4 1 0 0 1 1 2 0
17 112585 0 1 2 3 1 0 0 1 2 5 5 1 0 1 2 6 3 0 0 2 3 0 0 1 0 0 0 1 2 1 1 2 6 5 1 5 4 1 0 0 1 1 2 0
17 111274 0 1 2 3 1 0 0 1 2 5 5 1 0 1 4 7 4 0 0 2 4 1 0 0 0 0 0 0 2 1 0 1 5 5 1 4 4 1 0 0 1 1 2 0
17 91019 0 1 2 3 1 0 0 1 2 6 4 1 0 0 2 4 2 0 0 1 1 0 0 0 0 0 0 3 2 1 0 4 7 5 2 7 4 2 0 0 1 1 2 0
17 101414 0 1 2 3 1 0 0 1 2 6 4 1 0 0 3 4 2 0 1 2 2 0 0 0 0 0 0 2 3 2 0 2 5 5 2 6 5 1 0 0 1 1 2 0
17 94951 0 1 2 3 1 0 0 1 2 6 4 1 0 0 3 5 2 0 0 2 1 0 1 1 0 0 0 2 2 1 0 3 7 6 1 5 3 2 0 0 1 1 2 0
17 91029 0 1 2 3 1 0 0 1 2 6 5 2 0 0 2 4 4 0 0 0 2 0 0 0 0 0 0 2 1 0 0 4 7 5 2 6 5 1 0 0 1 1 2 0
17 101424 0 1 2 3 1 0 0 1 2 6 5 2 0 0 3 4 4 0 1 1 3 0 0 1 0 0 0 1 2 1 0 2 5 5 2 5 4 1 0 0 1 1 2 0
17 106069 0 1 2 3 1 0 0 1 2 6 5 2 0 0 3 5 3 0 1 3 4 1 0 0 0 0 0 1 2 2 0 1 4 5 1 4 4 1 0 0 1 1 2 0
17 94961 0 1 2 3 1 0 0 1 2 6 5 2 0 0 3 5 4 0 0 1 3 0 0 1 0 0 0 1 1 0 0 3 7 5 1 5 4 1 0 0 1 1 2 0
16 34320 0 1 2 3 1 1 0 0 1 4 1 2 0 1 3 1 1 0 2 2 0 0 1 0 0 0 0 3 2 2 0 3 3 5 3 4 3 3 0 1 2 1 1 0
16 39325 0 1 2 3 1 1 0 0 1 4 1 2 0 1 4 2 2 0 2 2 1 0 1 0 0 0 0 2 1 2 0 3 2 5 3 3 4 2 0 1 2 1 1 0
16 51907 0 1 2 3 1 1 0 0 1 4 2 2 0 1 3 2 1 0 2 3 1 0 1 1 0 0 0 2 2 2 0 2 4 6 2 3 3 2 0 0 1 1 1 0
16 56678 0 1 2 3 1 1 0 0 1 4 2 2 0 1 4 3 2 0 2 3 2 0 1 1 0 0 0 1 1 2 0 2 3 6 2 2 4 1 0 0 1 1 1 0
16 34356 0 1 2 3 1 1 0 0 1 5 2 2 0 0 3 2 2 0 1 2 1 0 1 0 0 0 0 2 2 1 0 3 4 5 2 3 4 2 0 1 2 1 1 0
16 39361 0 1 2 3 1 1 0 0 1 5 2 2 0 0 4 3 3 0 1 2 2 0 1 1 0 0 0 1 1 1 0 3 3 5 2 2 3 2 0 1 2 1 1 0
16 51943 0 1 2 3 1 1 0 0 1 5 3 2 0 0 3 3 3 0 1 2 2 0 1 1 0 0 0 1 2 1 0 2 4 6 2 2 4 1 0 0 1 1 1 0
16 56714 0 1 2 3 1 1 0 0 1 5 3 2 0 0 4 4 4 0 1 2 3 0 1 2 0 0 0 0 1 1 0 2 3 6 2 1 3 1 0 0 1 1 1 0
16 1 0 1 2 3 2 0 0 0 1 3 4 0 0 0 0 2 0 0 0 0 0 0 0 0 0 0 1 4 5 2 0 3 7 4 2 6 2 4 0 1 3 0 1 0
16 14 0 1 2 3 2 0 0 0 1 3 4 0 0 0 1 3 0 0 0 1 0 0 0 0 0 0 1 3 4 2 0 3 7 5 1 6 3 3 0 1 2 0 1 0
16 78 0 1 2 3 2 0 0 0 1 3 4 0 0 0 1 3 0 0 1 2 0 0 1 0 0 0 1 3 5 3 0 1 5 6 1 4 3 4 0 1 2 0 0 0
16 167 0 1 2 3 2 0 0 0 1 3 4 0 0 0 2 4 0 0 0 2 0 0 0 0 0 0 1 2 3 2 0 3 7 6 0 6 4 2 0 1 1 0 1 0
16 301 0 1 2 3 2 0 0 0 1 3 4 0 0 0 2 6 2 0 0 2 2 0 0 0 0 0 1 2 3 2 0 1 5 6 0 4 5 2 0 1 1 0 0 0
16 34394 0 1 2 3 2 0 0 0 1 3 4 0 0 1 1 3 1 0 1 1 2 0 0 1 0 0 0 3 4 1 0 2 6 3 2 4 2 2 0 1 3 1 2 0
16 262 0 1 2 3 2 0 0 0 1 3 5 1 0 0 1 3 1 0 1 3 1 0 1 1 0 0 1 2 4 3 0 1 4 7 0 3 3 3 0 1 1 0 0 0
16 352 0 1 2 3 2 0 0 0 1 3 5 1 0 0 1 5 3 0 0 2 3 0 0 1 0 0 1 2 3 2 0 1 4 6 0 3 4 2 0 1 1 0 0 0
16 51981 0 1 2 3 2 0 0 0 1 3 5 1 0 1 1 3 2 0 1 1 2 0 0 1 0 0 0 2 3 1 0 2 6 5 2 4 3 2 0 0 1 1 1 0
16 65904 0 1 2 3 2 0 0 0 1 3 5 1 0 1 1 4 3 0 1 1 3 0 0 1 0 0 0 2 3 1 0 1 5 5 2 3 4 1 0 0 1 1 1 0
16 806 0 1 2 3 2 0 0 0 1 3 6 2 0 0 0 4 4 0 0 2 4 0 0 2 0 0 1 2 3 2 0 1 3 6 0 2 3 2 0 1 1 0 0 0
16 34406 0 1 2 3 2 0 0 0 1 4 4 1 0 0 2 3 2 0 1 1 2 0 0 1 0 0 0 2 3 1 0 2 5 4 2 4 3 1 0 1 2 1 2 0
16 3940 0 1 2 3 2 0 0 0 1 4 5 2 0 0 0 2 2 0 0 0 0 0 0 0 0 0 0 3 3 2 0 3 5 6 2 6 3 4 0 1 1 0 0 0
16 3953 0 1 2 3 2 0 0 0 1 4 5 2 0 0 1 3 2 0 0 1 1 0 0 0 0 0 0 2 2 2 0 3 5 6 1 5 4 3 0 1 1 0 0 0
16 4017 0 1 2 3 2 0 0 0 1 4 5 2 0 0 1 3 2 0 1 2 1 0 1 1 0 0 0 2 3 3 0 1 3 7 1 3 3 3 0 1 1 0 0 0
16 51993 0 1 2 3 2 0 0 0 1 4 5 2 0 0 2 3 3 0 1 1 3 0 0 1 0 0 0 1 2 1 0 2 5 5 2 3 4 1 0 0 1 1 1 0
16 4106 0 1 2 3 2 0 0 0 1 4 5 2 0 0 2 4 2 0 0 2 2 0 0 0 0 0 0 1 1 2 0 3 5 6 0 4 5 2 0 1 1 0 0 0
16 65916 0 1 2 3 2 0 0 0 1 4 5 2 0 0 2 4 4 0 1 1 4 0 0 2 0 0 0 1 2 1 0 1 4 5 2 2 3 1 0 0 1 1 1 0
16 4201 0 1 2 3 2 0 0 0 1 4 5 2 0 0 2 6 4 0 0 2 4 1 0 0 0 0 0 1 1 2 0 1 3 6 0 2 4 2 0 1 1 0 0 0
17 136830 0 1 2 3 2 0 0 1 1 3 4 0 0 0 1 4 1 0 0 2 2 0 0 1 0 1 2 3 4 1 1 3 7 3 1 6 2 2 0 1 3 1 3 0
17 137860 0 1 2 3 2 0 0 1 1 3 5 1 0 0 0 4 2 0 0 2 2 0 0 1 0 1 2 3 3 1 1 3 6 4 1 6 3 1 0 1 2 1 3 0
17 136834 0 1 2 3 2 0 0 1 2 4 5 1 0 0 1 4 2 0 0 2 2 0 0 1 0 0 1 2 3 1 1 3 7 5 1 6 3 2 0 0 1 1 2 0
17 136838 0 1 2 3 2 0 0 1 2 4 5 1 0 1 2 5 3 0 0 2 3 0 0 1 0 0 0 1 3 1 1 2 6 5 1 5 4 1 0 0 1 1 2 0
17 137864 0 1 2 3 2 0 0 1 2 4 6 2 0 0 0 4 3 0 0 2 3 0 0 1 0 0 1 2 2 1 1 3 6 5 1 5 4 1 0 0 1 1 2 0
17 137868 0 1 2 3 2 0 0 1 2 4 6 2 0 1 1 5 4 0 0 2 4 0 0 2 0 0 0 1 2 1 1 2 5 5 1 4 3 1 0 0 1 1 2 0
16 93809 0 1 2 3 2 1 0 0 1 3 3 2 0 1 2 3 2 0 1 2 2 0 0 1 0 0 0 2 2 2 0 2 4 6 2 4 4 1 0 0 0 1 1 0
16 96906 0 1 2 3 2 1 0 0 1 3 3 2 0 1 3 4 3 0 1 2 3 0 0 1 0 0 0 1 1 2 0 2 3 6 2 3 5 0 0 0 0 1 1 0
16 5578 0 1 2 3 2 1 0 0 1 4 4 3 0 0 1 2 3 0 0 0 1 0 0 0 0 0 0 2 2 2 0 3 4 6 2 5 4 3 0 1 1 0 0 0
16 93841 0 1 2 3 2 1 0 0 1 4 4 3 0 0 2 2 4 0 1 1 3 0 0 1 0 0 0 1 2 1 0 2 4 6 2 3 5 0 0 0 0 1 1 0
16 5734 0 1 2 3 2 1 0 0 1 4 4 3 0 0 2 3 3 0 0 1 2 0 0 1 0 0 0 1 1 2 0 3 4 6 1 4 3 3 0 1 1 0 0 0
16 5591 0 1 2 3 2 1 0 0 1 4 4 3 0 0 2 3 4 0 0 0 2 0 0 0 0 0 0 1 1 1 0 3 5 6 1 4 5 2 0 1 1 0 0 0
16 5656 0 1 2 3 2 1 0 0 1 4 4 3 0 0 2 3 4 0 1 1 3 0 0 1 0 0 0 1 2 2 0 1 3 6 1 3 4 2 0 1 1 0 0 0
16 96938 0 1 2 3 2 1 0 0 1 4 4 3 0 0 3 3 5 0 1 1 4 0 0 2 0 0 0 0 1 1 0 2 3 6 2 2 4 0 0 0 0 1 1 0
16 5747 0 1 2 3 2 1 0 0 1 4 4 3 0 0 3 4 4 0 0 1 3 0 0 1 0 0 0 0 0 1 0 3 5 6 0 3 4 2 0 1 1 0 0 0
17 107716 0 1 2 3 2 1 0 1 1 3 2 2 0 0 2 1 1 0 1 2 0 0 1 0 0 1 2 3 3 2 1 4 5 5 2 6 3 3 0 1 2 1 2 0
17 107720 0 1 2 3 2 1 0 1 1 3 2 2 0 0 3 2 2 0 1 2 1 0 1 0 0 1 2 3 3 2 0 3 4 5 2 5 4 2 0 1 2 1 2 0
17 113644 0 1 2 3 2 1 0 1 1 3 3 2 0 0 1 3 2 0 0 2 1 0 1 0 0 1 2 3 2 1 1 4 6 5 1 5 4 2 0 1 2 1 2 0
17 113648 0 1 2 3 2 1 0 1 1 3 3 2 0 0 2 4 3 0 0 2 2 0 1 1 0 1 2 3 2 1 0 3 5 5 1 4 3 2 0 1 2 1 2 0
17 107729 0 1 2 3 2 1 0 1 2 4 3 2 0 0 2 2 1 0 1 3 1 0 1 1 0 0 1 2 3 2 1 3 6 6 1 5 3 2 0 0 1 1 2 0
17 107733 0 1 2 3 2 1 0 1 2 4 3 2 0 0 3 3 2 0 1 3 2 0 1 1 0 0 1 2 3 2 0 2 5 6 1 4 4 1 0 0 1 1 2 0
17 91006 0 1 2 3 2 1 0 1 2 4 3 2 0 1 3 3 2 0 1 2 2 0 0 1 0 0 0 2 2 2 0 3 5 5 2 6 3 2 0 0 1 1 2 0
17 94938 0 1 2 3 2 1 0 1 2 4 3 2 0 1 4 4 3 0 1 2 3 0 0 1 0 0 0 1 2 1 0 2 6 5 1 5 4 1 0 0 1 1 2 0
17 113657 0 1 2 3 2 1 0 1 2 4 4 2 0 0 1 4 3 0 0 2 2 0 1 1 0 0 1 2 2 1 1 3 6 6 1 4 4 1 0 0 1 1 2 0
17 113661 0 1 2 3 2 1 0 1 2 4 4 2 0 0 2 5 4 0 0 2 3 0 1 2 0 0 1 2 2 1 0 2 5 6 1 3 3 1 0 0 1 1 2 0
17 91038 0 1 2 3 2 1 0 1 2 5 4 3 0 0 2 3 4 0 1 1 3 0 0 1 0 0 0 2 1 1 0 3 5 5 2 5 4 1 0 0 1 1 2 0
17 94970 0 1 2 3 2 1 0 1 2 5 4 3 0 0 3 4 5 0 1 1 4 0 0 2 0 0 0 1 1 0 0 2 6 5 1 4 3 1 0 0 1 1 2 0
16 74879 0 1 2 3 2 2 1 0 1 3 2 2 2 1 3 3 1 1 2 4 3 0 2 4 2 0 0 1 1 2 0 1 1 2 2 1 1 1 0 0 1 1 1 0
16 82941 0 1 2 3 2 2 1 0 1 3 2 3 2 1 3 3 3 2 2 3 4 1 1 3 1 0 0 1 0 1 0 1 1 2 2 1 1 1 0 0 1 1 1 0
16 74891 0 1 2 3 2 2 1 0 1 4 3 2 2 0 3 4 3 2 1 3 4 1 1 3 1 0 0 0 1 1 0 1 1 2 2 1 1 1 0 0 1 1 1 0
16 93876 0 1 2 3 3 1 0 0 1 2 4 2 0 1 1 2 2 0 1 1 2 0 0 1 0 0 0 2 3 2 0 2 5 6 2 4 4 1 0 0 0 1 1 0
16 102834 0 1 2 3 3 1 0 0 1 2 4 2 0 1 1 3 3 0 1 1 3 0 0 1 0 0 0 2 3 2 0 1 4 6 2 3 5 0 0 0 0 1 1 0
16 7451 0 1 2 3 3 1 0 0 1 3 4 3 0 0 1 1 3 0 0 0 1 0 0 0 0 0 0 2 3 2 0 3 4 6 2 5 4 3 0 1 1 0 0 0
16 7529 0 1 2 3 3 1 0 0 1 3 4 3 0 0 2 2 3 0 0 1 2 0 0 1 0 0 0 1 2 2 0 3 4 6 1 4 3 3 0 1 1 0 0 0
16 7464 0 1 2 3 3 1 0 0 1 3 4 3 0 0 2 2 4 0 0 0 2 0 0 0 0 0 0 1 2 1 0 3 5 6 1 4 5 2 0 1 1 0 0 0
16 93886 0 1 2 3 3 1 0 0 1 3 4 3 0 0 2 2 4 0 1 0 3 0 0 1 0 0 0 1 2 1 0 2 5 6 2 3 5 0 0 0 0 1 1 0
16 7490 0 1 2 3 3 1 0 0 1 3 4 3 0 0 2 2 4 0 1 1 3 0 0 1 0 0 0 1 3 2 0 1 3 6 1 3 4 2 0 1 1 0 0 0
16 102844 0 1 2 3 3 1 0 0 1 3 4 3 0 0 2 3 5 0 1 0 4 0 0 2 0 0 0 1 2 1 0 1 4 6 2 2 4 0 0 0 0 1 1 0
16 7542 0 1 2 3 3 1 0 0 1 3 4 3 0 0 3 3 4 0 0 1 3 0 0 1 0 0 0 0 1 1 0 3 5 6 0 3 4 2 0 1 1 0 0 0
17 138488 0 1 2 3 3 1 0 1 1 2 4 2 0 0 0 3 2 0 0 3 2 0 1 1 0 1 2 3 3 2 1 3 4 5 1 4 3 2 0 1 2 1 2 0
17 138492 0 1 2 3 3 1 0 1 2 3 5 3 0 0 0 3 3 0 0 3 3 0 1 2 0 0 1 2 2 2 1 3 4 6 1 3 3 1 0 0 1 1 2 0
16 108665 0 1 2 3 3 2 1 0 1 2 3 2 2 1 2 4 2 1 1 3 4 0 1 4 2 0 0 1 1 2 0 1 1 2 2 2 2 0 0 0 0 1 1 0
16 114107 0 1 2 3 3 2 1 0 1 2 3 3 2 1 2 4 4 2 1 2 5 1 0 3 1 0 0 1 0 1 0 1 1 2 2 2 2 0 0 0 0 1 1 0
16 138020 0 1 2 3 3 2 1 0 1 2 4 3 2 1 1 3 4 2 1 2 5 1 0 3 1 0 0 1 1 1 0 1 1 2 2 2 2 0 0 0 0 1 1 0
16 137126 0 1 2 3 3 2 1 0 1 3 3 3 2 0 3 4 4 2 1 2 5 1 0 3 1 0 0 0 0 1 0 1 1 2 2 2 2 0 0 0 0 1 1 0
16 5812 0 1 2 3 3 2 1 0 1 3 4 3 2 0 2 3 2 1 1 3 3 0 2 4 2 0 0 0 1 2 0 1 2 3 0 1 1 2 0 1 1 0 0 0
16 108677 0 1 2 3 3 2 1 0 1 3 4 3 2 0 2 3 4 2 1 2 5 1 0 3 1 0 0 0 1 1 0 1 1 2 2 2 2 0 0 0 0 1 1 0
16 5864 0 1 2 3 3 2 1 0 1 3 4 3 2 0 2 5 4 2 0 2 4 1 1 3 1 0 0 0 0 1 0 1 2 3 0 1 1 2 0 1 1 0 0 0
17 107740 0 1 2 3 3 2 1 1 2 3 3 2 2 1 4 4 1 1 2 5 3 0 2 4 2 0 0 0 2 2 0 0 2 2 1 3 1 1 0 0 1 1 2 0
17 113668 0 1 2 3 3 2 1 1 2 3 4 2 2 1 3 6 3 2 1 4 4 1 1 3 1 0 0 0 1 1 0 0 2 2 1 3 1 1 0 0 1 1 2 0
17 107752 0 1 2 3 3 2 1 1 2 4 4 3 2 0 3 4 3 2 2 4 4 1 1 3 1 0 0 0 1 1 0 0 2 2 1 3 1 1 0 0 1 1 2 0
16 7607 0 1 2 3 4 2 1 0 1 2 4 3 2 0 2 2 2 1 1 3 3 0 2 4 2 0 0 0 2 2 0 1 2 3 0 1 1 2 0 1 1 0 0 0
16 7659 0 1 2 3 4 2 1 0 1 2 4 3 2 0 2 4 4 2 0 2 4 1 1 3 1 0 0 0 1 1 0 1 2 3 0 1 1 2 0 1 1 0 0 0
16 34416 0 1 2 4 2 1 0 0 0 4 3 2 0 0 2 2 2 0 2 2 2 0 1 1 0 0 0 2 3 2 0 1 3 5 2 2 3 2 0 1 2 1 1 0
16 8393 0 1 2 4 2 1 0 0 0 4 4 3 0 0 0 2 3 0 0 0 1 0 0 0 0 0 0 3 2 2 0 3 4 6 2 5 4 3 0 1 1 0 0 0
16 8549 0 1 2 4 2 1 0 0 0 4 4 3 0 0 1 3 3 0 0 1 2 0 0 1 0 0 0 2 1 2 0 3 4 6 1 4 3 3 0 1 1 0 0 0
16 8406 0 1 2 4 2 1 0 0 0 4 4 3 0 0 1 3 4 0 0 0 2 0 0 0 0 0 0 2 1 1 0 3 5 6 1 4 5 2 0 1 1 0 0 0
16 8471 0 1 2 4 2 1 0 0 0 4 4 3 0 0 1 3 4 0 1 1 3 0 0 1 0 0 0 2 2 2 0 1 3 6 1 3 4 2 0 1 1 0 0 0
16 52003 0 1 2 4 2 1 0 0 0 4 4 3 0 0 2 2 3 0 2 2 3 0 1 2 0 0 0 1 2 2 0 1 3 6 2 1 3 1 0 0 1 1 1 0
16 8562 0 1 2 4 2 1 0 0 0 4 4 3 0 0 2 4 4 0 0 1 3 0 0 1 0 0 0 1 0 1 0 3 5 6 0 3 4 2 0 1 1 0 0 0
16 9324 0 1 2 4 3 1 0 0 0 3 4 3 0 0 0 1 3 0 0 0 1 0 0 0 0 0 0 3 3 2 0 3 4 6 2 5 4 3 0 1 1 0 0 0
16 9402 0 1 2 4 3 1 0 0 0 3 4 3 0 0 1 2 3 0 0 1 2 0 0 1 0 0 0 2 2 2 0 3 4 6 1 4 3 3 0 1 1 0 0 0
16 9337 0 1 2 4 3 1 0 0 0 3 4 3 0 0 1 2 4 0 0 0 2 0 0 0 0 0 0 2 2 1 0 3 5 6 1 4 5 2 0 1 1 0 0 0
16 9363 0 1 2 4 3 1 0 0 0 3 4 3 0 0 1 2 4 0 1 1 3 0 0 1 0 0 0 2 3 2 0 1 3 6 1 3 4 2 0 1 1 0 0 0
16 9415 0 1 2 4 3 1 0 0 0 3 4 3 0 0 2 3 4 0 0 1 3 0 0 1 0 0 0 1 1 1 0 3 5 6 0 3 4 2 0 1 1 0 0 0
16 13794 0 1 2 4 3 2 0 0 0 3 3 4 0 0 1 1 4 0 0 0 2 0 0 0 0 0 0 2 2 2 0 3 3 6 2 4 5 2 0 1 1 0 0 0
16 93895 0 1 2 4 3 2 0 0 0 3 3 4 0 0 2 1 4 0 2 1 4 0 0 2 0 0 0 1 2 2 0 1 3 6 2 2 4 0 0 0 0 1 1 0
16 13807 0 1 2 4 3 2 0 0 0 3 3 4 0 0 2 2 5 0 0 0 3 0 0 1 0 0 0 1 1 1 0 3 4 6 1 3 4 2 0 1 1 0 0 0
16 13882 0 1 2 4 3 2 0 0 0 3 3 4 0 0 3 3 6 0 0 0 4 0 0 2 0 0 0 0 0 0 0 3 5 6 0 2 3 2 0 1 1 0 0 0
16 8627 0 1 2 4 3 2 1 0 0 3 4 3 2 0 1 3 2 1 1 3 3 0 2 4 2 0 0 1 1 2 0 1 2 3 0 1 1 2 0 1 1 0 0 0
16 8679 0 1 2 4 3 2 1 0 0 3 4 3 2 0 1 5 4 2 0 2 4 1 1 3 1 0 0 1 0 1 0 1 2 3 0 1 1 2 0 1 1 0 0 0
16 9480 0 1 2 4 4 2 1 0 0 2 4 3 2 0 1 2 2 1 1 3 3 0 2 4 2 0 0 1 2 2 0 1 2 3 0 1 1 2 0 1 1 0 0 0
16 9532 0 1 2 4 4 2 1 0 0 2 4 3 2 0 1 4 4 2 0 2 4 1 1 3 1 0 0 1 1 1 0 1 2 3 0 1 1 2 0 1 1 0 0 0
16 13944 0 1 2 4 4 3 1 0 0 2 3 4 2 0 2 2 4 2 1 2 4 1 1 3 1 0 0 0 1 1 0 1 2 3 0 1 1 2 0 1 1 0 0 0
16 139017 0 1 2 4 4 4 2 0 0 2 2 4 4 0 2 2 4 6 2 2 4 4 0 0 0 0 0 0 0 0 0 0 0 0 2 2 2 0 0 0 0 1 1 0
16 14697 0 1 2 4 5 4 2 0 0 1 3 4 4 0 1 3 4 6 0 2 2 3 2 2 0 0 0 0 0 0 0 1 1 2 0 0 0 2 0 1 1 0 0 0
17 25976 0 1 3 1 0 0 0 0 4 2 0 0 0 1 1 0 0 0 0 0 0 0 0 0 0 0 4 5 1 0 3 8 3 0 3 3 0 1 2 7 6 6 6 1
17 25996 0 1 3 1 0 0 0 0 4 2 0 0 0 2 2 0 0 0 1 0 0 0 0 0 0 0 3 4 2 0 3 6 4 0 3 4 0 2 2 6 6 5 5 1
17 27668 0 1 3 1 0 0 0 0 4 3 0 0 0 1 2 0 0 0 0 0 0 0 0 0 0 0 3 5 1 0 2 9 5 1 3 4 1 1 1 5 5 5 5 1
17 25978 0 1 3 1 0 0 0 0 4 3 0 0 0 1 2 0 0 0 0 0 0 0 0 0 0 0 3 5 1 0 2 10 5 0 3 5 0 1 0 5 6 4 7 0
17 34989 0 1 3 1 0 0 0 0 4 3 0 0 0 1 3 0 0 0 1 0 0 0 0 0 0 0 3 4 2 1 2 7 4 2 4 4 1 2 1 4 4 5 4 1
17 25984 0 1 3 1 0 0 0 0 4 3 0 0 0 1 3 0 0 0 1 0 0 0 0 0 0 0 3 5 2 0 1 8 6 0 3 6 0 2 0 4 6 3 6 0
17 27688 0 1 3 1 0 0 0 0 4 3 0 0 0 2 3 0 0 0 1 0 0 0 0 0 0 0 2 4 2 0 2 7 6 2 3 4 1 2 1 4 4 5 4 1
17 25998 0 1 3 1 0 0 0 0 4 3 0 0 0 2 3 0 0 0 1 0 0 0 0 0 0 0 2 4 2 0 2 8 6 0 3 6 0 2 0 4 6 3 6 0
17 35008 0 1 3 1 0 0 0 0 4 3 0 0 0 2 4 0 0 0 2 0 0 0 0 0 0 0 2 3 3 1 2 5 5 3 4 4 2 1 1 3 3 5 4 1
17 44903 0 1 3 1 0 0 0 0 4 3 1 0 0 1 1 1 0 0 0 0 0 0 0 0 0 0 3 4 1 0 3 7 5 0 3 5 0 1 2 5 6 4 7 0
17 61775 0 1 3 1 0 0 0 0 4 3 1 0 0 1 2 2 0 0 0 1 0 0 0 0 0 0 3 3 1 0 3 6 5 0 2 6 0 2 2 5 6 3 6 0
17 44922 0 1 3 1 0 0 0 0 4 3 1 0 0 2 2 1 0 0 1 1 0 0 0 0 0 0 2 3 2 0 3 5 5 0 2 6 0 2 2 5 6 3 6 0
17 61793 0 1 3 1 0 0 0 0 4 3 1 0 0 2 3 2 0 0 1 2 0 0 1 0 0 0 2 2 2 0 3 4 5 0 1 5 0 3 2 5 7 2 5 0
17 26012 0 1 3 1 0 0 0 0 4 3 1 0 0 2 4 2 0 0 1 1 0 0 0 0 0 0 2 3 2 0 1 6 7 1 2 7 1 2 0 3 5 2 5 0
17 27670 0 1 3 1 0 0 0 0 4 4 0 0 0 1 3 1 0 0 0 0 0 0 0 0 0 0 2 5 1 0 1 9 7 1 3 6 1 1 0 3 5 3 6 0
17 34990 0 1 3 1 0 0 0 0 4 4 0 0 0 1 4 1 0 0 1 1 0 0 0 0 0 0 2 4 2 1 1 7 5 2 3 6 1 2 0 3 4 3 5 0
17 27676 0 1 3 1 0 0 0 0 4 4 0 0 0 1 4 1 0 0 1 1 0 0 0 0 0 0 2 5 2 0 0 7 7 1 2 7 1 2 0 3 5 2 5 0
17 34996 0 1 3 1 0 0 0 0 4 4 0 0 0 1 5 1 0 0 2 2 0 0 1 0 0 0 2 4 3 1 0 5 5 2 2 5 1 3 0 3 5 2 4 0
17 27690 0 1 3 1 0 0 0 0 4 4 0 0 0 2 4 1 0 0 1 0 0 0 0 0 0 0 1 4 2 0 1 7 8 2 3 6 1 2 0 2 4 3 5 0
17 35010 0 1 3 1 0 0 0 0 4 4 0 0 0 2 5 1 0 0 2 1 0 0 0 0 0 0 1 3 3 1 1 5 6 3 3 6 2 1 0 2 3 3 5 0
17 45982 0 1 3 1 0 0 0 0 4 4 1 0 0 1 2 1 0 0 0 0 0 0 0 0 0 0 2 4 1 0 2 8 7 1 3 6 1 1 1 3 5 3 6 0
17 44904 0 1 3 1 0 0 0 0 4 4 1 0 0 1 2 1 0 0 0 0 0 0 0 0 0 0 2 4 1 0 2 9 7 0 3 7 1 1 0 3 6 2 6 0
17 52545 0 1 3 1 0 0 0 0 4 4 1 0 0 1 3 1 0 0 1 0 0 0 0 0 0 0 2 3 2 1 2 6 6 2 4 6 1 2 1 2 4 3 5 0
17 44910 0 1 3 1 0 0 0 0 4 4 1 0 0 1 3 1 0 0 1 0 0 0 0 0 0 0 2 4 2 0 1 7 8 1 3 7 1 2 0 2 5 2 5 0
17 62457 0 1 3 1 0 0 0 0 4 4 1 0 0 1 3 2 0 0 0 1 0 0 0 0 0 0 2 3 1 0 2 7 7 1 2 7 1 2 1 3 5 2 5 0
17 61776 0 1 3 1 0 0 0 0 4 4 1 0 0 1 3 2 0 0 0 1 0 0 0 0 0 0 2 3 1 0 2 8 7 1 2 7 1 2 0 3 5 2 5 0
17 26036 0 1 3 1 0 0 0 0 4 4 1 0 0 1 3 2 0 0 1 1 0 0 0 0 0 0 2 4 2 0 1 6 7 1 2 7 1 2 0 3 5 2 5 0
17 61781 0 1 3 1 0 0 0 0 4 4 1 0 0 1 4 2 0 0 1 1 0 0 0 0 0 0 2 3 2 0 1 6 8 2 2 7 2 1 0 2 4 2 5 0
17 46001 0 1 3 1 0 0 0 0 4 4 1 0 0 2 3 1 0 0 1 1 0 0 0 0 0 0 1 3 2 0 2 6 7 2 2 6 1 2 1 3 4 3 5 0
17 44923 0 1 3 1 0 0 0 0 4 4 1 0 0 2 3 1 0 0 1 1 0 0 0 0 0 0 1 3 2 0 2 7 7 0 2 8 1 2 0 3 6 1 5 0
17 52563 0 1 3 1 0 0 0 0 4 4 1 0 0 2 4 1 0 0 2 1 0 0 0 0 0 0 1 2 3 1 2 4 6 3 3 6 2 1 1 2 3 3 5 0
17 62475 0 1 3 1 0 0 0 0 4 4 1 0 0 2 4 2 0 0 1 2 0 0 1 0 0 0 1 2 2 0 2 5 7 2 1 5 1 3 1 3 5 2 4 0
17 61794 0 1 3 1 0 0 0 0 4 4 1 0 0 2 4 2 0 0 1 2 0 0 1 0 0 0 1 2 2 0 2 6 7 1 1 6 1 3 0 3 6 1 4 0
17 27704 0 1 3 1 0 0 0 0 4 4 1 0 0 2 5 3 1 0 1 1 0 0 0 0 0 0 1 3 2 0 0 5 7 3 2 7 2 2 0 2 3 2 4 0
17 35024 0 1 3 1 0 0 0 0 4 4 1 0 0 2 6 3 1 0 2 2 1 0 0 0 0 0 1 2 3 1 0 3 5 3 2 6 3 1 0 2 3 2 4 0
17 26048 0 1 3 1 0 0 0 0 4 4 2 0 0 1 3 4 0 0 0 2 0 0 0 0 0 0 2 3 1 0 1 6 7 2 1 7 2 1 0 3 4 2 5 0
17 70629 0 1 3 1 0 0 0 0 4 4 2 0 0 1 3 4 1 0 0 1 1 0 0 0 0 0 2 2 1 0 2 5 7 2 2 6 2 2 1 2 4 2 4 0
17 44936 0 1 3 1 0 0 0 0 4 4 2 0 0 2 4 3 0 0 1 2 1 0 0 0 0 0 1 2 2 0 1 5 8 1 1 7 2 2 0 2 5 1 4 0
17 70645 0 1 3 1 0 0 0 0 4 4 2 0 0 2 4 4 1 0 1 2 1 0 1 1 0 0 1 1 2 0 2 3 7 3 1 4 1 2 1 2 4 2 4 0
17 61805 0 1 3 1 0 0 0 0 4 4 2 0 0 2 5 4 0 0 1 3 1 0 1 1 0 0 1 1 2 0 1 4 8 2 0 5 1 2 0 2 5 1 4 0
17 77903 0 1 3 1 0 0 0 0 4 4 2 1 0 1 3 2 1 0 1 1 0 0 0 0 0 0 2 2 1 1 2 5 5 3 3 7 2 2 1 2 3 2 4 0
17 77919 0 1 3 1 0 0 0 0 4 4 2 1 0 2 4 2 1 0 2 2 1 0 0 0 0 0 1 1 2 1 2 3 5 3 2 6 3 1 1 2 3 2 4 0
17 80296 0 1 3 1 0 0 0 0 4 4 3 1 0 1 2 4 2 0 0 1 1 0 0 0 0 0 2 2 0 0 2 5 6 3 2 6 3 1 1 2 3 2 4 0
17 80312 0 1 3 1 0 0 0 0 4 4 3 1 0 2 3 4 2 0 1 2 2 0 0 1 0 0 1 1 1 0 2 3 6 3 1 5 2 1 1 2 3 2 4 0
17 45983 0 1 3 1 0 0 0 0 4 5 1 0 0 1 3 2 0 0 0 0 0 0 0 0 0 0 1 4 1 0 1 8 9 1 3 8 2 1 0 1 5 1 5 0
17 52546 0 1 3 1 0 0 0 0 4 5 1 0 0 1 4 2 0 0 1 1 0 0 0 0 0 0 1 3 2 1 1 6 7 2 3 8 2 2 0 1 4 1 4 0
17 45989 0 1 3 1 0 0 0 0 4 5 1 0 0 1 4 2 0 0 1 1 0 0 0 0 0 0 1 4 2 0 0 6 9 2 2 8 2 2 0 1 4 1 4 0
17 62458 0 1 3 1 0 0 0 0 4 5 1 0 0 1 4 3 0 0 0 1 0 0 0 0 0 0 1 3 1 0 1 7 9 2 2 8 2 2 0 1 4 1 4 0
17 27728 0 1 3 1 0 0 0 0 4 5 1 0 0 1 4 3 0 0 1 2 1 0 0 0 0 0 1 4 2 0 0 5 8 2 1 6 2 2 0 2 4 2 4 0
17 52551 0 1 3 1 0 0 0 0 4 5 1 0 0 1 5 2 0 0 2 2 0 0 1 0 0 0 1 3 3 1 0 4 7 3 2 6 2 3 0 1 4 1 3 0
17 62463 0 1 3 1 0 0 0 0 4 5 1 0 0 1 5 3 0 0 1 2 0 0 0 0 0 0 1 3 2 0 0 5 9 3 1 8 3 1 0 1 3 1 4 0
17 35048 0 1 3 1 0 0 0 0 4 5 1 0 0 1 5 3 0 0 2 3 1 0 1 1 0 0 1 3 3 1 0 3 6 3 1 4 1 2 0 2 4 2 4 0
17 46002 0 1 3 1 0 0 0 0 4 5 1 0 0 2 4 2 0 0 1 1 0 0 0 0 0 0 0 3 2 0 1 6 9 2 2 8 2 2 0 1 4 1 4 0
17 52564 0 1 3 1 0 0 0 0 4 5 1 0 0 2 5 2 0 0 2 2 0 0 0 0 0 0 0 2 3 1 1 4 7 3 2 8 3 1 0 1 3 1 4 0
17 62476 0 1 3 1 0 0 0 0 4 5 1 0 0 2 5 3 0 0 1 2 0 0 1 0 0 0 0 2 2 0 1 5 9 3 1 6 2 3 0 1 4 1 3 0
17 44960 0 1 3 1 0 0 0 0 4 5 2 0 0 1 3 3 1 0 1 1 0 0 0 0 0 0 1 3 2 0 1 5 7 2 2 8 2 2 0 2 4 1 4 0
17 61817 0 1 3 1 0 0 0 0 4 5 2 0 0 1 4 4 1 0 1 2 1 0 0 0 0 0 1 2 2 0 1 4 7 2 1 7 3 1 0 2 4 1 4 0
17 27740 0 1 3 1 0 0 0 0 4 5 2 0 0 1 4 5 1 0 0 2 1 0 0 0 0 0 1 3 1 0 0 5 7 3 1 6 3 1 0 2 3 2 4 0
17 70630 0 1 3 1 0 0 0 0 4 5 2 0 0 1 4 5 2 0 0 1 1 0 0 0 0 0 1 2 1 0 1 5 7 3 2 7 3 2 0 1 3 1 3 0
17 35060 0 1 3 1 0 0 0 0 4 5 2 0 0 1 5 5 1 0 1 3 2 0 0 1 0 0 1 2 2 1 0 3 5 3 1 5 2 1 0 2 3 2 4 0
17 70635 0 1 3 1 0 0 0 0 4 5 2 0 0 1 5 5 2 0 1 2 2 0 0 0 0 0 1 2 2 0 0 3 7 3 1 6 4 1 0 1 3 1 3 0
17 46015 0 1 3 1 0 0 0 0 4 5 2 0 0 2 5 4 1 0 1 2 1 0 0 0 0 0 0 2 2 0 0 4 8 3 1 7 3 2 0 1 3 1 3 0
17 70646 0 1 3 1 0 0 0 0 4 5 2 0 0 2 5 5 2 0 1 2 1 0 1 1 0 0 0 1 2 0 1 3 7 4 1 5 2 2 0 1 3 1 3 0
17 52577 0 1 3 1 0 0 0 0 4 5 2 0 0 2 6 4 1 0 2 3 2 0 0 0 0 0 0 1 3 1 0 2 6 3 1 6 4 1 0 1 3 1 3 0
17 62487 0 1 3 1 0 0 0 0 4 5 2 0 0 2 6 5 1 0 1 3 1 0 1 1 0 0 0 1 2 0 0 3 8 4 0 5 2 2 0 1 3 1 3 0
17 77904 0 1 3 1 0 0 0 0 4 5 2 1 0 1 4 3 1 0 1 2 1 0 0 0 0 0 1 2 1 1 1 5 6 3 2 7 3 2 0 1 3 1 3 0
17 77909 0 1 3 1 0 0 0 0 4 5 2 1 0 1 5 3 1 0 2 3 1 0 1 1 0 0 1 2 2 1 0 3 6 4 1 5 2 2 0 1 3 1 3 0
17 77920 0 1 3 1 0 0 0 0 4 5 2 1 0 2 5 3 1 0 2 3 2 0 0 0 0 0 0 1 2 1 1 3 6 3 1 6 4 1 0 1 3 1 3 0
17 44972 0 1 3 1 0 0 0 0 4 5 3 0 0 1 3 5 1 0 0 2 1 0 0 0 0 0 1 2 1 0 1 5 7 2 1 7 3 1 0 2 4 1 4 0
17 61829 0 1 3 1 0 0 0 0 4 5 3 0 0 1 4 6 1 0 0 3 2 0 0 1 0 0 1 1 1 0 1 4 7 2 0 6 2 1 0 2 4 1 4 0
17 80297 0 1 3 1 0 0 0 0 4 5 3 1 0 1 3 5 3 0 0 1 2 0 0 0 0 0 1 2 0 0 1 5 6 3 2 6 4 1 0 1 3 1 3 0
17 80302 0 1 3 1 0 0 0 0 4 5 3 1 0 1 4 5 3 0 1 2 3 0 0 1 0 0 1 2 1 0 0 3 6 3 1 5 3 1 0 1 3 1 3 0
17 80313 0 1 3 1 0 0 0 0 4 5 3 1 0 2 4 5 3 0 1 2 3 0 0 1 0 0 0 1 1 0 1 3 6 3 1 5 3 1 0 1 3 1 3 0
17 77931 0 1 3 1 0 0 0 0 4 5 3 1 0 2 6 5 2 0 2 4 4 1 0 0 0 0 0 0 2 1 0 1 5 3 0 4 3 1 0 1 3 1 3 0
17 46039 0 1 3 1 0 0 0 0 4 6 2 0 0 1 4 4 1 0 1 2 1 0 0 0 0 0 0 3 2 0 0 4 8 3 1 7 3 2 0 1 3 1 3 0
17 52601 0 1 3 1 0 0 0 0 4 6 2 0 0 1 5 4 1 0 2 3 1 0 1 1 0 0 0 2 3 1 0 2 6 4 1 5 2 2 0 1 3 1 3 0
17 62499 0 1 3 1 0 0 0 0 4 6 2 0 0 1 5 5 1 0 1 3 2 0 0 0 0 0 0 2 2 0 0 3 8 3 0 6 4 1 0 1 3 1 3 0
17 46051 0 1 3 1 0 0 0 0 4 6 3 0 0 1 4 6 2 0 0 2 2 0 0 0 0 0 0 2 1 0 0 4 7 3 1 6 4 1 0 1 3 1 3 0
17 52613 0 1 3 1 0 0 0 0 4 6 3 0 0 1 5 6 2 0 1 3 3 0 0 1 0 0 0 1 2 1 0 2 5 3 1 5 3 1 0 1 3 1 3 0
17 62511 0 1 3 1 0 0 0 0 4 6 3 0 0 1 5 7 2 0 0 3 3 0 0 1 0 0 0 1 1 0 0 3 7 3 0 5 3 1 0 1 3 1 3 0
17 70657 0 1 3 1 0 0 0 0 4 6 3 0 0 1 5 7 3 0 1 3 4 1 0 0 0 0 0 1 2 0 0 1 6 3 0 4 3 1 0 1 3 1 3 0
17 30316 0 1 3 2 0 0 0 0 3 4 0 0 0 0 2 0 0 0 0 0 0 0 0 0 0 0 3 6 2 0 1 8 6 2 2 4 2 0 1 5 4 5 5 1
17 25980 0 1 3 2 0 0 0 0 3 4 0 0 0 0 2 0 0 0 0 0 0 0 0 0 0 0 3 6 2 0 1 9 6 0 3 6 0 2 0 4 6 3 6 0
17 36711 0 1 3 2 0 0 0 0 3 4 0 0 0 0 3 0 0 0 1 0 0 0 0 0 0 0 3 5 3 1 1 6 5 3 3 4 2 1 1 4 3 5 4 1
17 25986 0 1 3 2 0 0 0 0 3 4 0 0 0 0 3 0 0 0 1 0 0 0 0 0 0 0 3 6 3 0 0 7 7 0 3 7 0 3 0 3 6 2 5 0
17 26000 0 1 3 2 0 0 0 0 3 4 0 0 0 1 3 0 0 0 1 0 0 0 0 0 0 0 2 5 3 0 1 7 7 0 3 7 0 3 0 3 6 2 5 0
17 30336 0 1 3 2 0 0 0 0 3 4 0 0 0 1 3 0 0 0 1 0 0 0 0 0 0 0 2 5 3 1 1 6 5 3 3 4 2 1 1 4 3 5 4 1
17 36730 0 1 3 2 0 0 0 0 3 4 0 0 0 1 4 0 0 0 2 0 0 0 0 0 0 0 2 4 4 2 1 4 4 4 4 4 3 0 1 3 2 5 4 1
17 26014 0 1 3 2 0 0 0 0 3 4 1 0 0 1 4 2 0 0 1 1 0 0 0 0 0 0 2 4 3 0 0 5 8 1 2 8 1 3 0 2 5 1 4 0
17 48026 0 1 3 2 0 0 0 0 3 5 1 0 0 0 2 1 0 0 0 0 0 0 0 0 0 0 2 5 2 0 1 7 8 2 2 6 2 0 1 3 4 3 6 0
17 27672 0 1 3 2 0 0 0 0 3 5 1 0 0 0 2 1 0 0 0 0 0 0 0 0 0 0 2 5 2 0 1 8 8 1 3 7 1 2 0 2 5 2 5 0
17 30318 0 1 3 2 0 0 0 0 3 5 1 0 0 0 2 1 0 0 0 0 0 0 0 0 0 0 2 5 2 0 1 8 8 2 2 6 2 0 0 3 4 3 6 0
17 54187 0 1 3 2 0 0 0 0 3 5 1 0 0 0 3 1 0 0 1 0 0 0 0 0 0 0 2 4 3 1 1 5 7 3 3 6 2 1 1 2 3 3 5 0
17 44912 0 1 3 2 0 0 0 0 3 5 1 0 0 0 3 1 0 0 1 0 0 0 0 0 0 0 2 5 3 0 0 6 9 2 3 7 1 3 0 1 4 2 4 0
17 36712 0 1 3 2 0 0 0 0 3 5 1 0 0 0 3 1 0 0 1 1 0 0 0 0 0 0 2 4 3 1 1 6 6 3 2 6 2 1 0 3 3 3 5 0
17 27678 0 1 3 2 0 0 0 0 3 5 1 0 0 0 3 1 0 0 1 1 0 0 0 0 0 0 2 5 3 0 0 6 8 1 2 8 1 3 0 2 5 1 4 0
17 63401 0 1 3 2 0 0 0 0 3 5 1 0 0 0 3 2 0 0 0 1 0 0 0 0 0 0 2 4 2 0 1 6 8 2 1 7 2 1 1 3 4 2 5 0
17 34992 0 1 3 2 0 0 0 0 3 5 1 0 0 0 3 2 0 0 0 1 0 0 0 0 0 0 2 4 2 1 1 7 6 2 3 7 1 3 0 2 4 2 4 0
17 30324 0 1 3 2 0 0 0 0 3 5 1 0 0 0 3 2 0 0 0 1 0 0 0 0 0 0 2 5 2 0 0 7 8 2 1 7 2 1 0 3 4 2 5 0
17 26038 0 1 3 2 0 0 0 0 3 5 1 0 0 0 3 2 0 0 1 1 0 0 0 0 0 0 2 5 3 0 0 5 8 1 2 8 1 3 0 2 5 1 4 0
17 61783 0 1 3 2 0 0 0 0 3 5 1 0 0 0 4 2 0 0 1 1 0 0 0 0 0 0 2 4 3 1 0 5 7 3 3 7 2 2 0 1 3 2 4 0
17 34998 0 1 3 2 0 0 0 0 3 5 1 0 0 0 4 2 0 0 1 2 0 0 1 0 0 0 2 4 3 1 0 5 6 2 2 6 1 4 0 2 5 1 3 0
17 36718 0 1 3 2 0 0 0 0 3 5 1 0 0 0 4 2 0 0 1 2 0 0 1 0 0 0 2 4 3 1 0 5 6 3 1 5 2 2 0 3 4 2 4 0
17 27692 0 1 3 2 0 0 0 0 3 5 1 0 0 1 3 1 0 0 1 0 0 0 0 0 0 0 1 4 3 0 1 6 9 2 3 7 1 3 0 1 4 2 4 0
17 30338 0 1 3 2 0 0 0 0 3 5 1 0 0 1 3 1 0 0 1 0 0 0 0 0 0 0 1 4 3 1 1 6 7 3 3 6 2 1 0 2 3 3 5 0
17 44925 0 1 3 2 0 0 0 0 3 5 1 0 0 1 3 1 0 0 1 1 0 0 0 0 0 0 1 4 3 0 1 6 8 1 2 8 1 3 0 2 5 1 4 0
17 48045 0 1 3 2 0 0 0 0 3 5 1 0 0 1 3 1 0 0 1 1 0 0 0 0 0 0 1 4 3 1 1 5 6 3 2 6 2 1 1 3 3 3 5 0
17 54205 0 1 3 2 0 0 0 0 3 5 1 0 0 1 4 1 0 0 2 1 0 0 0 0 0 0 1 3 4 2 1 3 5 4 3 6 3 0 1 2 2 3 5 0
17 36732 0 1 3 2 0 0 0 0 3 5 1 0 0 1 4 1 0 0 2 1 0 0 0 0 0 0 1 3 4 2 1 4 5 4 3 6 3 0 0 2 2 3 5 0
17 35012 0 1 3 2 0 0 0 0 3 5 1 0 0 1 4 2 0 0 1 1 0 0 0 0 0 0 1 3 3 1 1 5 7 3 3 7 2 2 0 1 3 2 4 0
17 63419 0 1 3 2 0 0 0 0 3 5 1 0 0 1 4 2 0 0 1 2 0 0 1 0 0 0 1 3 3 1 1 4 6 3 1 5 2 2 1 3 4 2 4 0
17 61795 0 1 3 2 0 0 0 0 3 5 1 0 0 1 4 2 0 0 1 2 0 0 1 0 0 0 1 3 3 1 1 5 6 2 2 6 1 4 0 2 5 1 3 0
17 26050 0 1 3 2 0 0 0 0 3 5 2 0 0 0 3 4 0 0 0 2 0 0 0 0 0 0 2 4 2 0 0 5 8 2 1 8 2 2 0 2 4 1 4 0
17 71162 0 1 3 2 0 0 0 0 3 5 2 0 0 0 3 4 1 0 0 1 1 0 0 0 0 0 2 3 2 0 1 4 8 3 1 6 3 1 1 2 3 2 4 0
17 44938 0 1 3 2 0 0 0 0 3 5 2 0 0 1 4 3 0 0 1 2 1 0 0 0 0 0 1 3 3 0 0 4 9 2 1 7 2 3 0 1 4 1 3 0
17 27706 0 1 3 2 0 0 0 0 3 5 2 0 0 1 4 3 1 0 1 1 0 0 0 0 0 0 1 3 3 0 0 4 8 3 2 8 2 3 0 1 3 1 3 0
17 71178 0 1 3 2 0 0 0 0 3 5 2 0 0 1 4 4 1 0 1 2 1 0 1 1 0 0 1 2 3 1 1 2 6 4 1 4 2 1 1 2 3 2 4 0
17 61807 0 1 3 2 0 0 0 0 3 5 2 0 0 1 5 4 0 0 1 3 1 0 1 1 0 0 1 2 3 1 0 3 7 3 1 5 1 3 0 1 4 1 3 0
17 35026 0 1 3 2 0 0 0 0 3 5 2 0 0 1 5 4 1 0 1 2 1 0 0 0 0 0 1 2 3 1 0 3 6 3 2 7 3 2 0 1 3 1 3 0
17 78198 0 1 3 2 0 0 0 0 3 5 2 1 0 0 3 2 1 0 1 1 0 0 0 0 0 0 2 3 2 1 1 4 6 4 2 7 3 1 1 2 2 2 4 0
17 30352 0 1 3 2 0 0 0 0 3 5 2 1 0 1 4 2 1 0 1 1 0 0 0 0 0 0 1 3 2 1 0 5 6 4 2 7 3 1 0 2 2 2 4 0
17 78214 0 1 3 2 0 0 0 0 3 5 2 1 0 1 4 2 1 0 2 2 1 0 0 0 0 0 1 2 3 2 1 2 4 4 2 6 4 0 1 2 2 2 4 0
17 36746 0 1 3 2 0 0 0 0 3 5 2 1 0 1 5 2 1 0 2 2 1 0 0 0 0 0 1 2 3 2 0 3 4 4 2 6 4 0 0 2 2 2 4 0
17 80589 0 1 3 2 0 0 0 0 3 5 3 1 0 0 2 4 2 0 0 1 1 0 0 0 0 0 2 3 1 0 1 4 7 4 1 6 4 0 1 2 2 2 4 0
17 80605 0 1 3 2 0 0 0 0 3 5 3 1 0 1 3 4 2 0 1 2 2 0 0 1 0 0 1 2 2 1 1 2 5 4 1 5 3 0 1 2 2 2 4 0
17 48027 0 1 3 2 0 0 0 0 3 6 2 0 0 0 2 2 0 0 0 0 0 0 0 0 0 0 1 4 2 0 1 7 10 2 2 8 3 0 0 1 4 1 5 0
17 45985 0 1 3 2 0 0 0 0 3 6 2 0 0 0 2 2 0 0 0 0 0 0 0 0 0 0 1 4 2 0 1 7 10 2 3 8 2 2 0 0 4 1 4 0
17 54188 0 1 3 2 0 0 0 0 3 6 2 0 0 0 3 2 0 0 1 1 0 0 0 0 0 0 1 3 3 1 1 5 8 3 2 8 3 1 0 1 3 1 4 0
17 45991 0 1 3 2 0 0 0 0 3 6 2 0 0 0 3 2 0 0 1 1 0 0 0 0 0 0 1 4 3 0 0 5 10 3 2 8 2 3 0 0 3 1 3 0
17 63402 0 1 3 2 0 0 0 0 3 6 2 0 0 0 3 3 0 0 0 1 0 0 0 0 0 0 1 3 2 0 1 6 10 3 1 8 3 1 0 1 3 1 4 0
17 52547 0 1 3 2 0 0 0 0 3 6 2 0 0 0 3 3 0 0 0 1 0 0 0 0 0 0 1 3 2 1 1 6 8 3 3 8 2 3 0 0 3 1 3 0
17 48033 0 1 3 2 0 0 0 0 3 6 2 0 0 0 3 3 0 0 0 1 0 0 0 0 0 0 1 4 2 0 0 6 10 3 1 8 3 1 0 1 3 1 4 0
17 27730 0 1 3 2 0 0 0 0 3 6 2 0 0 0 3 3 0 0 1 2 1 0 0 0 0 0 1 4 3 0 0 4 9 2 1 7 2 3 0 1 4 1 3 0
17 44962 0 1 3 2 0 0 0 0 3 6 2 0 0 0 3 3 1 0 1 1 0 0 0 0 0 0 1 4 3 0 0 4 8 3 2 8 2 3 0 1 3 1 3 0
17 30376 0 1 3 2 0 0 0 0 3 6 2 0 0 0 3 4 1 0 0 1 1 0 0 0 0 0 1 4 2 0 0 5 8 3 1 6 3 1 0 2 3 2 4 0
17 62465 0 1 3 2 0 0 0 0 3 6 2 0 0 0 4 3 0 0 1 2 0 0 0 0 0 0 1 3 3 1 0 4 8 4 2 8 3 2 0 0 2 1 3 0
17 54193 0 1 3 2 0 0 0 0 3 6 2 0 0 0 4 3 0 0 1 2 0 0 1 0 0 0 1 3 3 1 0 4 8 4 1 6 3 2 0 1 3 1 3 0
17 52553 0 1 3 2 0 0 0 0 3 6 2 0 0 0 4 3 0 0 1 2 0 0 1 0 0 0 1 3 3 1 0 4 8 4 2 6 2 4 0 0 3 1 2 0
17 63407 0 1 3 2 0 0 0 0 3 6 2 0 0 0 4 4 0 0 0 2 0 0 0 0 0 0 1 3 2 0 0 5 10 4 0 8 4 0 0 1 2 1 4 0
17 35050 0 1 3 2 0 0 0 0 3 6 2 0 0 0 4 4 0 0 1 3 1 0 1 1 0 0 1 3 3 1 0 3 7 3 1 5 1 3 0 1 4 1 3 0
17 61819 0 1 3 2 0 0 0 0 3 6 2 0 0 0 4 4 1 0 1 2 1 0 0 0 0 0 1 3 3 1 0 3 6 3 2 7 3 2 0 1 3 1 3 0
17 36770 0 1 3 2 0 0 0 0 3 6 2 0 0 0 4 4 1 0 1 2 1 0 1 1 0 0 1 3 3 1 0 3 6 4 1 4 2 1 0 2 3 2 4 0
17 46004 0 1 3 2 0 0 0 0 3 6 2 0 0 1 3 2 0 0 1 1 0 0 0 0 0 0 0 3 3 0 1 5 10 3 2 8 2 3 0 0 3 1 3 0
17 48046 0 1 3 2 0 0 0 0 3 6 2 0 0 1 3 2 0 0 1 1 0 0 0 0 0 0 0 3 3 1 1 5 8 3 2 8 3 1 0 1 3 1 4 0
17 54206 0 1 3 2 0 0 0 0 3 6 2 0 0 1 4 2 0 0 2 2 0 0 0 0 0 0 0 2 4 2 1 3 6 4 2 8 4 0 0 1 2 1 4 0
17 52566 0 1 3 2 0 0 0 0 3 6 2 0 0 1 4 3 0 0 1 2 0 0 0 0 0 0 0 2 3 1 1 4 8 4 2 8 3 2 0 0 2 1 3 0
17 63420 0 1 3 2 0 0 0 0 3 6 2 0 0 1 4 3 0 0 1 2 0 0 1 0 0 0 0 2 3 1 1 4 8 4 1 6 3 2 0 1 3 1 3 0
17 62477 0 1 3 2 0 0 0 0 3 6 2 0 0 1 4 3 0 0 1 2 0 0 1 0 0 0 0 2 3 1 1 4 8 4 2 6 2 4 0 0 3 1 2 0
17 27742 0 1 3 2 0 0 0 0 3 6 3 0 0 0 3 5 1 0 0 2 1 0 0 0 0 0 1 3 2 0 0 4 8 3 1 7 3 2 0 1 3 1 3 0
17 71163 0 1 3 2 0 0 0 0 3 6 3 0 0 0 3 5 2 0 0 1 1 0 0 0 0 0 1 2 2 0 1 4 8 4 1 7 4 1 0 1 2 1 3 0
17 35062 0 1 3 2 0 0 0 0 3 6 3 0 0 0 4 6 1 0 0 3 2 0 0 1 0 0 1 2 2 1 0 3 6 3 1 6 2 2 0 1 3 1 3 0
17 71168 0 1 3 2 0 0 0 0 3 6 3 0 0 0 4 6 2 0 0 2 2 0 0 0 0 0 1 2 2 0 0 3 8 4 0 6 5 0 0 1 2 1 3 0
17 46017 0 1 3 2 0 0 0 0 3 6 3 0 0 1 4 4 1 0 1 2 1 0 0 0 0 0 0 2 3 0 0 3 9 4 1 7 3 3 0 0 2 1 2 0
17 71179 0 1 3 2 0 0 0 0 3 6 3 0 0 1 4 5 2 0 1 2 1 0 1 1 0 0 0 1 3 1 1 2 6 5 1 5 3 1 0 1 2 1 3 0
17 62489 0 1 3 2 0 0 0 0 3 6 3 0 0 1 5 5 1 0 1 3 1 0 1 1 0 0 0 1 3 1 0 2 7 5 1 5 2 3 0 0 2 1 2 0
17 52579 0 1 3 2 0 0 0 0 3 6 3 0 0 1 5 5 1 0 1 3 2 0 0 0 0 0 0 1 3 1 0 2 7 4 1 6 4 2 0 0 2 1 2 0
17 78199 0 1 3 2 0 0 0 0 3 6 3 1 0 0 3 3 1 0 1 2 1 0 0 0 0 0 1 2 2 1 1 4 7 4 1 7 4 1 0 1 2 1 3 0
17 70631 0 1 3 2 0 0 0 0 3 6 3 1 0 0 3 4 2 0 0 1 1 0 0 0 0 0 1 2 1 1 1 5 6 4 3 7 3 3 0 0 2 1 2 0
17 30388 0 1 3 2 0 0 0 0 3 6 3 1 0 0 3 4 2 0 0 1 1 0 0 0 0 0 1 3 1 0 0 5 7 4 1 6 4 0 0 2 2 2 4 0
17 78204 0 1 3 2 0 0 0 0 3 6 3 1 0 0 4 4 1 0 1 3 1 0 1 1 0 0 1 2 2 1 0 3 7 5 0 5 3 1 0 1 2 1 3 0
17 77910 0 1 3 2 0 0 0 0 3 6 3 1 0 0 4 4 2 0 1 2 1 0 1 1 0 0 1 2 2 1 0 3 6 5 2 5 2 3 0 0 2 1 2 0
17 70636 0 1 3 2 0 0 0 0 3 6 3 1 0 0 4 4 2 0 1 2 2 0 0 0 0 0 1 2 2 1 0 3 6 4 2 6 4 2 0 0 2 1 2 0
17 36782 0 1 3 2 0 0 0 0 3 6 3 1 0 0 4 4 2 0 1 2 2 0 0 1 0 0 1 2 2 1 0 3 5 4 1 5 3 0 0 2 2 2 4 0
17 48059 0 1 3 2 0 0 0 0 3 6 3 1 0 1 4 3 1 0 1 2 1 0 0 0 0 0 0 2 2 1 0 4 7 4 1 7 4 1 0 1 2 1 3 0
17 78215 0 1 3 2 0 0 0 0 3 6 3 1 0 1 4 3 1 0 2 3 2 0 0 0 0 0 0 1 3 2 1 2 5 4 1 6 5 0 0 1 2 1 3 0
17 70647 0 1 3 2 0 0 0 0 3 6 3 1 0 1 4 4 2 0 1 2 1 0 1 1 0 0 0 1 2 1 1 3 6 5 2 5 2 3 0 0 2 1 2 0
17 77921 0 1 3 2 0 0 0 0 3 6 3 1 0 1 4 4 2 0 1 2 2 0 0 0 0 0 0 1 2 1 1 3 6 4 2 6 4 2 0 0 2 1 2 0
17 54219 0 1 3 2 0 0 0 0 3 6 3 1 0 1 5 3 1 0 2 3 2 0 0 0 0 0 0 1 3 2 0 2 5 4 1 6 5 0 0 1 2 1 3 0
17 63431 0 1 3 2 0 0 0 0 3 6 3 1 0 1 5 4 1 0 1 3 1 0 1 1 0 0 0 1 2 1 0 3 7 5 0 5 3 1 0 1 2 1 3 0
17 80590 0 1 3 2 0 0 0 0 3 6 4 1 0 0 2 5 3 0 0 1 2 0 0 0 0 0 1 2 1 0 1 4 7 4 1 6 5 0 0 1 2 1 3 0
17 80595 0 1 3 2 0 0 0 0 3 6 4 1 0 0 3 6 3 0 0 2 3 0 0 1 0 0 1 2 1 0 0 3 7 4 0 5 4 0 0 1 2 1 3 0
17 80606 0 1 3 2 0 0 0 0 3 6 4 1 0 1 3 5 3 0 1 2 3 0 0 1 0 0 0 1 2 1 1 2 5 4 1 5 4 0 0 1 2 1 3 0
17 77933 0 1 3 2 0 0 0 0 3 6 4 1 0 1 5 6 3 0 1 3 4 1 0 0 0 0 0 0 2 1 0 1 5 4 1 4 3 2 0 0 2 1 2 0
17 80298 0 1 3 2 0 0 0 0 3 6 4 2 0 0 2 4 4 0 0 0 2 0 0 0 0 0 1 2 0 0 1 5 6 4 3 6 4 2 0 0 2 1 2 0
17 80303 0 1 3 2 0 0 0 0 3 6 4 2 0 0 3 4 4 0 1 1 3 0 0 1 0 0 1 2 1 0 0 3 6 4 2 5 3 2 0 0 2 1 2 0
17 80314 0 1 3 2 0 0 0 0 3 6 4 2 0 1 3 4 4 0 1 1 3 0 0 1 0 0 0 1 1 0 1 3 6 4 2 5 3 2 0 0 2 1 2 0
17 78226 0 1 3 2 0 0 0 0 3 6 4 2 0 1 5 4 2 0 2 4 4 1 0 0 0 0 0 0 2 2 0 1 4 4 0 4 4 0 0 1 2 1 3 0
17 46041 0 1 3 2 0 0 0 0 3 7 3 0 0 0 3 4 1 0 1 2 1 0 0 0 0 0 0 3 3 0 0 3 9 4 1 7 3 3 0 0 2 1 2 0
17 48083 0 1 3 2 0 0 0 0 3 7 3 0 0 0 3 5 2 0 0 1 1 0 0 0 0 0 0 3 2 0 0 4 8 4 1 7 4 1 0 1 2 1 3 0
17 52603 0 1 3 2 0 0 0 0 3 7 3 0 0 0 4 5 1 0 1 3 1 0 1 1 0 0 0 2 3 1 0 2 7 5 1 5 2 3 0 0 2 1 2 0
17 62501 0 1 3 2 0 0 0 0 3 7 3 0 0 0 4 5 1 0 1 3 2 0 0 0 0 0 0 2 3 1 0 2 7 4 1 6 4 2 0 0 2 1 2 0
17 54243 0 1 3 2 0 0 0 0 3 7 3 0 0 0 4 5 2 0 1 2 1 0 1 1 0 0 0 2 3 1 0 2 6 5 1 5 3 1 0 1 2 1 3 0
17 63443 0 1 3 2 0 0 0 0 3 7 3 0 0 0 4 6 2 0 0 2 2 0 0 0 0 0 0 2 2 0 0 3 8 4 0 6 5 0 0 1 2 1 3 0
17 46053 0 1 3 2 0 0 0 0 3 7 4 0 0 0 3 6 2 0 0 2 2 0 0 0 0 0 0 2 2 0 0 3 8 4 1 6 4 2 0 0 2 1 2 0
17 52615 0 1 3 2 0 0 0 0 3 7 4 0 0 0 4 7 2 0 0 3 3 0 0 1 0 0 0 1 2 1 0 2 6 4 1 5 3 2 0 0 2 1 2 0
17 71190 0 1 3 2 0 0 0 0 3 7 4 0 0 0 4 8 4 0 0 2 4 1 0 0 0 0 0 1 2 0 0 1 6 4 0 4 4 0 0 1 2 1 3 0
17 48095 0 1 3 2 0 0 0 0 3 7 4 1 0 0 3 5 3 0 0 1 2 0 0 0 0 0 0 2 1 0 0 4 7 4 1 6 5 0 0 1 2 1 3 0
17 54255 0 1 3 2 0 0 0 0 3 7 4 1 0 0 4 5 3 0 1 2 3 0 0 1 0 0 0 1 2 1 0 2 5 4 1 5 4 0 0 1 2 1 3 0
17 63455 0 1 3 2 0 0 0 0 3 7 4 1 0 0 4 6 3 0 0 2 3 0 0 1 0 0 0 1 1 0 0 3 7 4 0 5 4 0 0 1 2 1 3 0
17 70659 0 1 3 2 0 0 0 0 3 7 4 1 0 0 4 6 3 0 1 3 4 1 0 0 0 0 0 1 2 1 0 1 5 4 1 4 3 2 0 0 2 1 2 0
17 88988 0 1 3 2 1 0 0 0 3 2 2 0 0 1 0 1 0 0 0 0 0 0 0 0 0 0 3 4 2 0 3 6 6 0 2 6 0 2 2 5 6 3 6 0
17 100219 0 1 3 2 1 0 0 0 3 2 2 0 0 1 1 2 0 0 0 1 0 0 0 0 0 0 3 3 2 0 3 5 6 0 1 7 0 3 2 5 6 2 5 0
17 89004 0 1 3 2 1 0 0 0 3 2 2 0 0 2 1 2 0 0 0 1 0 0 0 0 0 0 2 3 2 0 3 5 6 0 1 7 0 3 2 5 6 2 5 0
17 100234 0 1 3 2 1 0 0 0 3 2 2 0 0 2 2 3 0 0 0 2 0 0 1 0 0 0 2 2 2 0 3 4 6 0 0 6 0 4 2 5 7 1 4 0
17 89846 0 1 3 2 1 0 0 0 3 3 2 0 0 1 1 1 0 0 0 0 0 0 0 0 0 0 2 4 2 0 2 7 8 1 2 7 1 2 1 3 5 2 5 0
17 88989 0 1 3 2 1 0 0 0 3 3 2 0 0 1 1 1 0 0 0 0 0 0 0 0 0 0 2 4 2 0 2 8 8 1 2 7 1 2 0 3 5 2 5 0
17 94275 0 1 3 2 1 0 0 0 3 3 2 0 0 1 2 1 0 0 1 0 0 0 0 0 0 0 2 3 3 1 2 5 7 2 3 7 1 3 1 2 4 2 4 0
17 88994 0 1 3 2 1 0 0 0 3 3 2 0 0 1 2 1 0 0 1 0 0 0 0 0 0 0 2 4 3 1 1 6 7 2 3 7 1 3 0 2 4 2 4 0
17 100722 0 1 3 2 1 0 0 0 3 3 2 0 0 1 2 2 0 0 0 1 0 0 0 0 0 0 2 3 2 0 2 6 8 1 1 8 1 3 1 3 5 1 4 0
17 100220 0 1 3 2 1 0 0 0 3 3 2 0 0 1 2 2 0 0 0 1 0 0 0 0 0 0 2 3 2 0 2 7 8 2 1 7 1 3 0 3 4 2 4 0
17 26216 0 1 3 2 1 0 0 0 3 3 2 0 0 1 2 2 0 0 1 2 0 0 1 0 0 0 2 4 3 1 1 5 5 2 2 5 1 3 0 3 5 2 4 0
17 100224 0 1 3 2 1 0 0 0 3 3 2 0 0 1 3 2 0 0 1 1 0 0 0 0 0 0 2 3 3 1 1 5 7 3 2 7 2 2 0 2 3 2 4 0
17 26024 0 1 3 2 1 0 0 0 3 3 2 0 0 1 3 2 0 0 2 2 0 0 1 0 0 0 2 4 4 1 0 3 6 2 2 6 1 4 0 2 5 1 3 0
17 89862 0 1 3 2 1 0 0 0 3 3 2 0 0 2 2 2 0 0 0 1 0 0 0 0 0 0 1 3 2 0 2 6 8 2 1 7 1 3 1 3 4 2 4 0
17 89005 0 1 3 2 1 0 0 0 3 3 2 0 0 2 2 2 0 0 0 1 0 0 0 0 0 0 1 3 2 0 2 7 8 1 1 8 1 3 0 3 5 1 4 0
17 94290 0 1 3 2 1 0 0 0 3 3 2 0 0 2 3 2 0 0 1 1 0 0 0 0 0 0 1 2 3 1 2 4 7 3 2 7 2 2 1 2 3 2 4 0
17 100737 0 1 3 2 1 0 0 0 3 3 2 0 0 2 3 3 0 0 0 2 0 0 1 0 0 0 1 2 2 0 2 5 8 2 0 6 1 4 1 3 5 1 3 0
17 100235 0 1 3 2 1 0 0 0 3 3 2 0 0 2 3 3 0 0 0 2 0 0 1 0 0 0 1 2 2 0 2 6 8 2 0 6 1 4 0 3 5 1 3 0
17 26228 0 1 3 2 1 0 0 0 3 3 3 0 0 1 2 4 0 0 0 3 0 0 1 0 0 0 2 3 2 1 1 5 5 3 1 5 2 2 0 3 4 2 4 0
17 105857 0 1 3 2 1 0 0 0 3 3 3 0 0 1 2 4 1 0 0 1 1 0 0 0 0 0 2 2 2 0 2 4 8 2 1 7 2 3 1 2 4 1 3 0
17 89016 0 1 3 2 1 0 0 0 3 3 3 0 0 2 3 4 1 0 0 1 1 0 0 0 0 0 1 2 2 0 1 5 8 2 1 7 2 3 0 2 4 1 3 0
17 105870 0 1 3 2 1 0 0 0 3 3 3 0 0 2 3 5 1 0 0 2 1 0 1 1 0 0 1 1 2 0 2 3 8 3 0 5 1 3 1 2 4 1 3 0
17 100244 0 1 3 2 1 0 0 0 3 3 3 0 0 2 4 5 1 0 0 2 1 0 1 1 0 0 1 1 2 0 1 4 8 3 0 5 1 3 0 2 4 1 3 0
17 111072 0 1 3 2 1 0 0 0 3 3 3 1 0 1 2 2 1 0 1 1 0 0 0 0 0 0 2 2 2 1 2 4 6 3 2 8 2 3 1 2 3 1 3 0
17 111085 0 1 3 2 1 0 0 0 3 3 3 1 0 2 3 3 1 0 1 2 1 0 0 0 0 0 1 1 2 1 2 3 6 3 1 7 3 2 1 2 3 1 3 0
17 112442 0 1 3 2 1 0 0 0 3 3 4 1 0 1 1 4 2 0 0 1 1 0 0 0 0 0 2 2 1 0 2 4 7 3 1 7 3 2 1 2 3 1 3 0
17 112455 0 1 3 2 1 0 0 0 3 3 4 1 0 2 2 5 2 0 0 2 2 0 0 1 0 0 1 1 1 0 2 3 7 3 0 6 2 2 1 2 3 1 3 0
17 89847 0 1 3 2 1 0 0 0 3 4 2 0 0 1 2 2 0 0 0 0 0 0 0 0 0 0 1 4 2 0 1 7 10 2 2 8 2 2 0 1 4 1 4 0
17 94276 0 1 3 2 1 0 0 0 3 4 2 0 0 1 3 2 0 0 1 1 0 0 0 0 0 0 1 3 3 1 1 5 8 3 2 8 2 3 0 1 3 1 3 0
17 89852 0 1 3 2 1 0 0 0 3 4 2 0 0 1 3 2 0 0 1 1 0 0 0 0 0 0 1 4 3 1 0 5 8 3 2 8 2 3 0 1 3 1 3 0
17 100723 0 1 3 2 1 0 0 0 3 4 2 0 0 1 3 3 0 0 0 1 0 0 0 0 0 0 1 3 2 0 1 6 10 3 1 8 2 3 0 1 3 1 3 0
17 27908 0 1 3 2 1 0 0 0 3 4 2 0 0 1 3 3 0 0 1 3 1 0 1 1 0 0 1 4 3 1 0 4 6 3 1 4 1 2 0 2 4 2 4 0
17 94280 0 1 3 2 1 0 0 0 3 4 2 0 0 1 4 2 0 0 2 2 0 0 1 0 0 0 1 3 4 2 0 3 6 4 2 6 2 4 0 1 3 1 2 0
17 100727 0 1 3 2 1 0 0 0 3 4 2 0 0 1 4 3 0 0 1 2 0 0 0 0 0 0 1 3 3 1 0 4 8 4 1 8 3 2 0 1 2 1 3 0
17 89863 0 1 3 2 1 0 0 0 3 4 2 0 0 2 3 3 0 0 0 1 0 0 0 0 0 0 0 3 2 0 1 6 10 3 1 8 2 3 0 1 3 1 3 0
17 94291 0 1 3 2 1 0 0 0 3 4 2 0 0 2 4 3 0 0 1 2 0 0 0 0 0 0 0 2 3 1 1 4 8 4 1 8 3 2 0 1 2 1 3 0
17 100738 0 1 3 2 1 0 0 0 3 4 2 0 0 2 4 4 0 0 0 2 0 0 1 0 0 0 0 2 2 0 1 5 10 4 0 6 2 4 0 1 3 1 2 0
17 26060 0 1 3 2 1 0 0 0 3 4 3 0 0 0 2 4 0 0 1 3 0 0 1 0 0 0 2 4 3 1 0 3 6 3 1 6 2 3 0 2 4 1 3 0
17 73777 0 1 3 2 1 0 0 0 3 4 3 0 0 0 2 4 1 0 0 2 2 0 0 1 0 0 2 3 3 1 1 3 6 3 1 5 2 1 1 2 3 2 4 0
17 44948 0 1 3 2 1 0 0 0 3 4 3 0 0 1 3 3 0 0 2 3 1 0 1 1 0 0 1 3 4 1 0 2 7 3 1 5 1 3 0 1 4 1 3 0
17 27920 0 1 3 2 1 0 0 0 3 4 3 0 0 1 3 5 1 0 0 3 1 0 1 1 0 0 1 3 2 1 0 4 5 4 1 4 2 1 0 2 3 2 4 0
17 105858 0 1 3 2 1 0 0 0 3 4 3 0 0 1 3 5 2 0 0 1 1 0 0 0 0 0 1 2 2 0 1 4 8 4 1 7 3 3 0 1 2 1 2 0
17 105862 0 1 3 2 1 0 0 0 3 4 3 0 0 1 4 5 2 0 1 2 2 0 0 0 0 0 1 2 3 1 0 2 6 4 1 6 4 2 0 1 2 1 2 0
17 89874 0 1 3 2 1 0 0 0 3 4 3 0 0 2 4 5 2 0 0 1 1 0 0 0 0 0 0 2 2 0 0 4 8 4 1 7 3 3 0 1 2 1 2 0
17 105871 0 1 3 2 1 0 0 0 3 4 3 0 0 2 4 6 2 0 0 2 1 0 1 1 0 0 0 1 2 0 1 3 8 5 0 5 2 3 0 1 2 1 2 0
17 94302 0 1 3 2 1 0 0 0 3 4 3 0 0 2 5 5 2 0 1 2 2 0 0 0 0 0 0 1 3 1 0 2 6 4 1 6 4 2 0 1 2 1 2 0
17 100747 0 1 3 2 1 0 0 0 3 4 3 0 0 2 5 6 2 0 0 2 1 0 1 1 0 0 0 1 2 0 0 3 8 5 0 5 2 3 0 1 2 1 2 0
17 89038 0 1 3 2 1 0 0 0 3 4 3 1 0 1 2 2 1 0 1 1 0 0 0 0 0 0 1 3 2 1 1 5 6 3 2 8 2 3 0 2 3 1 3 0
17 45137 0 1 3 2 1 0 0 0 3 4 3 1 0 1 2 2 1 0 1 2 0 0 1 0 0 0 1 3 2 1 1 5 5 3 2 6 2 3 0 2 4 1 3 0
17 27716 0 1 3 2 1 0 0 0 3 4 3 1 0 1 3 2 1 0 2 2 0 0 1 0 0 0 1 3 3 1 0 3 6 4 2 6 2 4 0 1 3 1 2 0
17 100254 0 1 3 2 1 0 0 0 3 4 3 1 0 1 3 3 1 0 1 2 1 0 0 0 0 0 1 2 2 1 1 4 6 3 1 7 3 2 0 2 3 1 3 0
17 111073 0 1 3 2 1 0 0 0 3 4 3 1 0 1 3 3 1 0 1 2 1 0 0 0 0 0 1 2 2 1 1 4 7 4 1 7 3 3 0 1 2 1 2 0
17 61931 0 1 3 2 1 0 0 0 3 4 3 1 0 1 3 3 2 0 1 2 1 0 1 0 0 0 1 2 2 0 1 4 6 3 1 5 3 2 0 2 4 1 3 0
17 111077 0 1 3 2 1 0 0 0 3 4 3 1 0 1 4 3 1 0 2 3 1 0 1 1 0 0 1 2 3 2 0 2 5 5 1 5 2 3 0 1 2 1 2 0
17 35036 0 1 3 2 1 0 0 0 3 4 3 1 0 1 4 3 2 0 2 2 1 0 1 0 0 0 1 2 3 1 0 2 5 4 2 5 3 3 0 1 3 1 2 0
17 111086 0 1 3 2 1 0 0 0 3 4 3 1 0 2 4 4 1 0 1 3 2 0 0 0 0 0 0 1 2 1 1 3 7 4 0 6 4 2 0 1 2 1 2 0
17 82373 0 1 3 2 1 0 0 0 3 4 4 1 0 0 1 4 2 0 0 2 2 0 0 1 0 0 2 3 2 1 1 3 5 4 1 5 3 0 1 2 2 2 4 0
17 45149 0 1 3 2 1 0 0 0 3 4 4 1 0 1 2 4 1 0 0 3 1 0 1 0 0 0 1 2 1 1 1 5 5 3 1 5 3 2 0 2 4 1 3 0
17 89048 0 1 3 2 1 0 0 0 3 4 4 1 0 1 2 4 2 0 0 1 1 0 0 0 0 0 1 2 1 0 1 5 7 3 1 7 3 2 0 2 3 1 3 0
17 112443 0 1 3 2 1 0 0 0 3 4 4 1 0 1 2 5 3 0 0 1 2 0 0 0 0 0 1 2 1 0 1 4 7 4 1 6 4 2 0 1 2 1 2 0
17 100264 0 1 3 2 1 0 0 0 3 4 4 1 0 1 3 5 2 0 0 2 2 0 0 1 0 0 1 1 1 0 1 4 7 3 0 6 2 2 0 2 3 1 3 0
17 61943 0 1 3 2 1 0 0 0 3 4 4 1 0 1 3 5 2 0 0 3 2 0 1 1 0 0 1 1 1 0 1 4 6 3 0 4 2 2 0 2 4 1 3 0
17 112447 0 1 3 2 1 0 0 0 3 4 4 1 0 1 3 5 3 0 1 2 3 0 0 1 0 0 1 2 2 1 0 2 5 4 1 5 3 2 0 1 2 1 2 0
17 112456 0 1 3 2 1 0 0 0 3 4 4 1 0 2 3 6 3 0 0 2 3 0 0 1 0 0 0 1 1 0 1 3 7 4 0 5 3 2 0 1 2 1 2 0
17 111095 0 1 3 2 1 0 0 0 3 4 4 1 0 2 5 6 3 0 1 3 4 1 0 0 0 0 0 0 2 1 0 1 5 4 0 4 3 2 0 1 2 1 2 0
17 89896 0 1 3 2 1 0 0 0 3 5 3 1 0 1 3 3 1 0 1 2 1 0 0 0 0 0 0 3 2 1 0 4 7 4 1 7 3 3 0 1 2 1 2 0
17 46216 0 1 3 2 1 0 0 0 3 5 3 1 0 1 3 3 1 0 1 3 1 0 1 1 0 0 0 3 2 1 0 4 6 4 1 5 2 2 0 1 3 1 3 0
17 94324 0 1 3 2 1 0 0 0 3 5 3 1 0 1 4 3 1 0 2 3 1 0 1 1 0 0 0 2 3 2 0 2 5 5 1 5 2 3 0 1 2 1 2 0
17 100757 0 1 3 2 1 0 0 0 3 5 3 1 0 1 4 4 1 0 1 3 2 0 0 0 0 0 0 2 2 1 0 3 7 4 0 6 4 2 0 1 2 1 2 0
17 62613 0 1 3 2 1 0 0 0 3 5 3 1 0 1 4 4 2 0 1 3 2 0 1 1 0 0 0 2 2 0 0 3 7 4 0 4 3 1 0 1 3 1 3 0
17 44984 0 1 3 2 1 0 0 0 3 5 4 0 0 0 2 5 1 0 1 3 1 0 1 1 0 0 1 3 3 1 0 2 6 4 1 5 2 2 0 1 3 1 3 0
17 27752 0 1 3 2 1 0 0 0 3 5 4 1 0 0 2 4 1 0 1 3 1 0 1 0 0 0 1 3 2 1 0 3 6 4 1 5 3 3 0 1 3 1 2 0
17 73778 0 1 3 2 1 0 0 0 3 5 4 1 0 0 2 4 2 0 0 2 2 0 0 1 0 0 1 2 2 1 1 4 6 4 1 6 3 1 0 1 2 1 3 0
17 35072 0 1 3 2 1 0 0 0 3 5 4 1 0 0 3 5 2 0 1 3 2 0 1 1 0 0 1 2 2 1 0 2 5 4 1 4 2 3 0 1 3 1 2 0
17 73783 0 1 3 2 1 0 0 0 3 5 4 1 0 0 3 5 3 0 0 2 3 0 0 1 0 0 1 2 2 0 0 3 7 4 0 5 4 0 0 1 2 1 3 0
17 46027 0 1 3 2 1 0 0 0 3 5 4 1 0 1 3 3 1 0 2 3 1 0 1 1 0 0 0 2 3 1 0 2 7 5 1 5 2 3 0 0 2 1 2 0
17 46228 0 1 3 2 1 0 0 0 3 5 4 1 0 1 3 5 2 0 0 3 2 0 1 1 0 0 0 2 1 1 0 4 5 4 1 4 3 1 0 1 3 1 3 0
17 89906 0 1 3 2 1 0 0 0 3 5 4 1 0 1 3 5 3 0 0 1 2 0 0 0 0 0 0 2 1 0 0 4 7 4 1 6 4 2 0 1 2 1 2 0
17 52589 0 1 3 2 1 0 0 0 3 5 4 1 0 1 4 4 2 0 2 3 2 0 1 1 0 0 0 1 3 1 0 1 6 5 1 4 3 2 0 0 2 1 2 0
17 94334 0 1 3 2 1 0 0 0 3 5 4 1 0 1 4 5 3 0 1 2 3 0 0 1 0 0 0 1 2 1 0 2 5 4 1 5 3 2 0 1 2 1 2 0
17 100767 0 1 3 2 1 0 0 0 3 5 4 1 0 1 4 6 3 0 0 2 3 0 0 1 0 0 0 1 1 0 0 3 7 4 0 5 3 2 0 1 2 1 2 0
17 62625 0 1 3 2 1 0 0 0 3 5 4 1 0 1 4 6 3 0 0 3 3 0 1 2 0 0 0 1 1 0 0 3 6 4 0 3 2 1 0 1 3 1 3 0
17 105880 0 1 3 2 1 0 0 0 3 5 4 1 0 1 4 6 3 0 1 3 4 1 0 0 0 0 0 1 2 1 0 1 5 4 0 4 3 2 0 1 2 1 2 0
17 82374 0 1 3 2 1 0 0 0 3 5 5 2 0 0 1 4 3 0 0 2 3 0 0 1 0 0 1 2 1 1 1 4 5 4 1 5 4 0 0 1 2 1 3 0
17 82379 0 1 3 2 1 0 0 0 3 5 5 2 0 0 2 5 4 0 0 2 4 0 0 2 0 0 1 2 1 0 0 3 6 4 0 4 3 0 0 1 2 1 3 0
17 46063 0 1 3 2 1 0 0 0 3 6 5 1 0 0 2 5 2 0 1 3 2 0 1 1 0 0 0 2 2 1 0 2 6 5 1 4 3 2 0 0 2 1 2 0
17 52625 0 1 3 2 1 0 0 0 3 6 5 1 0 0 3 6 3 0 1 3 3 0 1 2 0 0 0 1 2 1 0 1 5 5 1 3 2 2 0 0 2 1 2 0
17 136619 0 1 3 2 2 1 0 0 3 2 2 2 0 1 2 1 1 0 1 2 0 0 1 0 0 0 2 2 2 2 2 4 4 4 2 6 2 4 1 2 3 1 2 0
17 136623 0 1 3 2 2 1 0 0 3 2 2 2 0 2 3 2 2 0 1 2 1 0 1 0 0 0 1 1 2 1 2 3 5 4 1 5 3 3 1 2 3 1 2 0
17 137762 0 1 3 2 2 1 0 0 3 2 3 2 0 1 1 3 2 0 0 2 1 0 1 0 0 0 2 2 1 1 2 4 5 4 1 5 3 3 1 2 3 1 2 0
17 137766 0 1 3 2 2 1 0 0 3 2 3 2 0 2 2 4 3 0 0 2 2 0 1 1 0 0 1 1 1 0 2 3 6 4 0 4 2 3 1 2 3 1 2 0
17 136620 0 1 3 2 2 1 0 0 3 3 2 2 0 1 3 2 1 0 1 3 1 0 1 1 0 0 1 2 2 2 1 4 5 5 1 5 2 3 0 1 2 1 2 0
17 136624 0 1 3 2 2 1 0 0 3 3 2 2 0 2 4 3 2 0 1 3 2 0 1 1 0 0 0 1 2 1 1 3 6 5 0 4 3 2 0 1 2 1 2 0
17 137763 0 1 3 2 2 1 0 0 3 3 3 2 0 1 2 4 3 0 0 2 2 0 1 1 0 0 1 2 1 1 1 4 5 5 1 4 3 2 0 1 2 1 2 0
17 137767 0 1 3 2 2 1 0 0 3 3 3 2 0 2 3 5 4 0 0 2 3 0 1 2 0 0 0 1 1 0 1 3 6 5 0 3 2 2 0 1 2 1 2 0
17 91072 0 1 3 3 1 0 0 0 2 4 2 0 0 0 1 1 0 0 0 0 0 0 0 0 0 0 2 5 3 0 1 6 9 2 1 7 2 1 1 3 4 2 5 0
17 30320 0 1 3 3 1 0 0 0 2 4 2 0 0 0 1 1 0 0 0 0 0 0 0 0 0 0 2 5 3 0 1 7 9 2 2 7 2 1 0 2 4 2 5 0
17 95004 0 1 3 3 1 0 0 0 2 4 2 0 0 0 2 1 0 0 1 0 0 0 0 0 0 0 2 4 4 1 1 4 8 3 2 7 2 2 1 2 3 2 4 0
17 88995 0 1 3 3 1 0 0 0 2 4 2 0 0 0 2 1 0 0 1 0 0 0 0 0 0 0 2 5 4 1 0 5 8 3 3 7 2 2 0 1 3 2 4 0
17 101443 0 1 3 3 1 0 0 0 2 4 2 0 0 0 2 2 0 0 0 1 0 0 0 0 0 0 2 4 3 0 1 5 9 2 0 8 2 2 1 3 4 1 4 0
17 36714 0 1 3 3 1 0 0 0 2 4 2 0 0 0 2 2 0 0 0 1 0 0 0 0 0 0 2 4 3 1 1 6 7 3 2 7 2 2 0 2 3 2 4 0
17 30326 0 1 3 3 1 0 0 0 2 4 2 0 0 0 2 2 0 0 0 1 0 0 0 0 0 0 2 5 3 0 0 6 9 2 1 8 2 2 0 2 4 1 4 0
17 26218 0 1 3 3 1 0 0 0 2 4 2 0 0 0 2 2 0 0 1 2 0 0 1 0 0 0 2 5 4 1 0 4 6 2 2 6 1 4 0 2 5 1 3 0
17 100225 0 1 3 3 1 0 0 0 2 4 2 0 0 0 3 2 0 0 1 1 0 0 0 0 0 0 2 4 4 2 0 4 6 4 3 7 3 1 0 1 2 2 4 0
17 36720 0 1 3 3 1 0 0 0 2 4 2 0 0 0 3 3 0 0 0 2 0 0 1 0 0 0 2 4 3 1 0 5 7 3 1 6 2 3 0 2 4 1 3 0
17 30340 0 1 3 3 1 0 0 0 2 4 2 0 0 1 2 1 0 0 1 0 0 0 0 0 0 0 1 4 4 1 1 5 8 3 3 7 2 2 0 1 3 2 4 0
17 89006 0 1 3 3 1 0 0 0 2 4 2 0 0 1 2 2 0 0 0 1 0 0 0 0 0 0 1 4 3 0 1 6 9 2 1 8 2 2 0 2 4 1 4 0
17 91088 0 1 3 3 1 0 0 0 2 4 2 0 0 1 2 2 0 0 0 1 0 0 0 0 0 0 1 4 3 1 1 5 7 3 1 7 2 2 1 3 3 2 4 0
17 95019 0 1 3 3 1 0 0 0 2 4 2 0 0 1 3 2 0 0 1 1 0 0 0 0 0 0 1 3 4 2 1 3 6 4 2 7 3 1 1 2 2 2 4 0
17 36734 0 1 3 3 1 0 0 0 2 4 2 0 0 1 3 2 0 0 1 1 0 0 0 0 0 0 1 3 4 2 1 4 6 4 3 7 3 1 0 1 2 2 4 0
17 101458 0 1 3 3 1 0 0 0 2 4 2 0 0 1 3 3 0 0 0 2 0 0 1 0 0 0 1 3 3 1 1 4 7 3 0 6 2 3 1 3 4 1 3 0
17 100236 0 1 3 3 1 0 0 0 2 4 2 0 0 1 3 3 0 0 0 2 0 0 1 0 0 0 1 3 3 1 1 5 7 3 1 6 2 3 0 2 4 1 3 0
17 26230 0 1 3 3 1 0 0 0 2 4 3 0 0 0 2 4 0 0 0 3 0 0 1 0 0 0 2 4 3 1 0 4 6 3 1 6 2 3 0 2 4 1 3 0
17 106077 0 1 3 3 1 0 0 0 2 4 3 0 0 0 2 4 1 0 0 1 1 0 0 0 0 0 2 3 3 0 1 3 9 3 0 7 3 2 1 2 3 1 3 0
17 89017 0 1 3 3 1 0 0 0 2 4 3 0 0 1 3 4 1 0 0 1 1 0 0 0 0 0 1 3 3 0 0 4 9 3 1 7 3 2 0 1 3 1 3 0
17 106090 0 1 3 3 1 0 0 0 2 4 3 0 0 1 3 5 1 0 0 2 1 0 1 1 0 0 1 2 3 1 1 2 7 4 0 5 2 2 1 2 3 1 3 0
17 100245 0 1 3 3 1 0 0 0 2 4 3 0 0 1 4 5 1 0 0 2 1 0 1 1 0 0 1 2 3 1 0 3 7 4 1 5 2 2 0 1 3 1 3 0
17 111282 0 1 3 3 1 0 0 0 2 4 3 1 0 0 2 2 1 0 1 1 0 0 0 0 0 0 2 3 3 1 1 3 7 4 1 8 3 2 1 2 2 1 3 0
17 30354 0 1 3 3 1 0 0 0 2 4 3 1 0 1 3 2 1 0 1 1 0 0 0 0 0 0 1 3 3 1 0 4 7 4 2 8 3 2 0 1 2 1 3 0
17 111295 0 1 3 3 1 0 0 0 2 4 3 1 0 1 3 3 1 0 1 2 1 0 0 0 0 0 1 2 3 2 1 2 5 4 1 7 4 1 1 2 2 1 3 0
17 36748 0 1 3 3 1 0 0 0 2 4 3 1 0 1 4 3 1 0 1 2 1 0 0 0 0 0 1 2 3 2 0 3 5 4 2 7 4 1 0 1 2 1 3 0
17 112593 0 1 3 3 1 0 0 0 2 4 4 1 0 0 1 4 2 0 0 1 1 0 0 0 0 0 2 3 2 0 1 3 8 4 0 7 4 1 1 2 2 1 3 0
17 112606 0 1 3 3 1 0 0 0 2 4 4 1 0 1 2 5 2 0 0 2 2 0 0 1 0 0 1 2 2 1 1 2 6 4 0 6 3 1 1 2 2 1 3 0
17 91073 0 1 3 3 1 0 0 0 2 5 3 0 0 0 1 2 0 0 0 0 0 0 0 0 0 0 1 4 3 0 1 6 11 3 1 8 3 1 0 1 3 1 4 0
17 48029 0 1 3 3 1 0 0 0 2 5 3 0 0 0 1 2 0 0 0 0 0 0 0 0 0 0 1 4 3 0 1 6 11 3 2 8 3 1 0 0 3 1 4 0
17 95005 0 1 3 3 1 0 0 0 2 5 3 0 0 0 2 2 0 0 1 1 0 0 0 0 0 0 1 3 4 1 1 4 9 4 1 8 3 2 0 1 2 1 3 0
17 89853 0 1 3 3 1 0 0 0 2 5 3 0 0 0 2 2 0 0 1 1 0 0 0 0 0 0 1 4 4 1 0 4 9 4 2 8 3 2 0 0 2 1 3 0
17 101444 0 1 3 3 1 0 0 0 2 5 3 0 0 0 2 3 0 0 0 1 0 0 0 0 0 0 1 3 3 0 1 5 11 4 0 8 3 2 0 1 2 1 3 0
17 54189 0 1 3 3 1 0 0 0 2 5 3 0 0 0 2 3 0 0 0 1 0 0 0 0 0 0 1 3 3 1 1 5 9 4 2 8 3 2 0 0 2 1 3 0
17 48035 0 1 3 3 1 0 0 0 2 5 3 0 0 0 2 3 0 0 0 1 0 0 0 0 0 0 1 4 3 0 0 5 11 4 1 8 3 2 0 0 2 1 3 0
17 91078 0 1 3 3 1 0 0 0 2 5 3 0 0 0 2 3 0 0 0 1 0 0 0 0 0 0 1 4 3 1 0 5 9 4 1 8 3 2 0 1 2 1 3 0
17 27910 0 1 3 3 1 0 0 0 2 5 3 0 0 0 2 3 0 0 1 3 1 0 1 1 0 0 1 4 4 1 0 3 7 3 1 5 1 3 0 1 4 1 3 0
17 30378 0 1 3 3 1 0 0 0 2 5 3 0 0 0 2 4 1 0 0 1 1 0 0 0 0 0 1 4 3 0 0 4 9 3 1 7 3 2 0 1 3 1 3 0
17 30556 0 1 3 3 1 0 0 0 2 5 3 0 0 0 2 4 1 0 0 2 2 0 0 1 0 0 1 4 3 1 0 4 6 3 1 5 2 1 0 2 3 2 4 0
17 100728 0 1 3 3 1 0 0 0 2 5 3 0 0 0 3 3 0 0 1 2 0 0 0 0 0 0 1 3 4 2 0 3 7 5 2 8 4 1 0 0 1 1 3 0
17 95009 0 1 3 3 1 0 0 0 2 5 3 0 0 0 3 3 0 0 1 2 0 0 1 0 0 0 1 3 4 2 0 3 7 5 1 6 3 3 0 1 2 1 2 0
17 94281 0 1 3 3 1 0 0 0 2 5 3 0 0 0 3 3 0 0 1 2 0 0 1 0 0 0 1 3 4 2 0 3 7 5 2 6 3 3 0 0 2 1 2 0
17 101448 0 1 3 3 1 0 0 0 2 5 3 0 0 0 3 4 0 0 0 2 0 0 0 0 0 0 1 3 3 1 0 4 9 5 0 8 4 1 0 1 1 1 3 0
17 63409 0 1 3 3 1 0 0 0 2 5 3 0 0 0 3 4 0 0 0 2 0 0 0 0 0 0 1 3 3 1 0 4 9 5 1 8 4 1 0 0 1 1 3 0
17 54195 0 1 3 3 1 0 0 0 2 5 3 0 0 0 3 4 0 0 0 2 0 0 1 0 0 0 1 3 3 1 0 4 9 5 1 6 3 3 0 0 2 1 2 0
17 36772 0 1 3 3 1 0 0 0 2 5 3 0 0 0 3 5 1 0 0 2 1 0 1 1 0 0 1 3 3 1 0 3 7 4 1 5 2 2 0 1 3 1 3 0
17 48048 0 1 3 3 1 0 0 0 2 5 3 0 0 1 2 2 0 0 1 1 0 0 0 0 0 0 0 3 4 1 1 4 9 4 2 8 3 2 0 0 2 1 3 0
17 89864 0 1 3 3 1 0 0 0 2 5 3 0 0 1 2 3 0 0 0 1 0 0 0 0 0 0 0 3 3 0 1 5 11 4 1 8 3 2 0 0 2 1 3 0
17 91089 0 1 3 3 1 0 0 0 2 5 3 0 0 1 2 3 0 0 0 1 0 0 0 0 0 0 0 3 3 1 1 5 9 4 1 8 3 2 0 1 2 1 3 0
17 95020 0 1 3 3 1 0 0 0 2 5 3 0 0 1 3 3 0 0 1 2 0 0 0 0 0 0 0 2 4 2 1 3 7 5 1 8 4 1 0 1 1 1 3 0
17 54208 0 1 3 3 1 0 0 0 2 5 3 0 0 1 3 3 0 0 1 2 0 0 0 0 0 0 0 2 4 2 1 3 7 5 2 8 4 1 0 0 1 1 3 0
17 63421 0 1 3 3 1 0 0 0 2 5 3 0 0 1 3 3 0 0 1 2 0 0 1 0 0 0 0 2 4 2 1 3 7 5 2 6 3 3 0 0 2 1 2 0
17 94292 0 1 3 3 1 0 0 0 2 5 3 0 0 1 3 4 0 0 0 2 0 0 0 0 0 0 0 2 3 1 1 4 9 5 1 8 4 1 0 0 1 1 3 0
17 101459 0 1 3 3 1 0 0 0 2 5 3 0 0 1 3 4 0 0 0 2 0 0 1 0 0 0 0 2 3 1 1 4 9 5 0 6 3 3 0 1 2 1 2 0
17 100739 0 1 3 3 1 0 0 0 2 5 3 0 0 1 3 4 0 0 0 2 0 0 1 0 0 0 0 2 3 1 1 4 9 5 1 6 3 3 0 0 2 1 2 0
17 89039 0 1 3 3 1 0 0 0 2 5 3 1 0 0 2 2 1 0 1 1 0 0 0 0 0 0 1 4 3 1 0 4 7 4 2 8 3 2 0 1 2 1 3 0
17 45139 0 1 3 3 1 0 0 0 2 5 3 1 0 0 2 2 1 0 1 2 0 0 1 0 0 0 1 4 3 1 0 4 6 4 2 6 2 4 0 1 3 1 2 0
17 100255 0 1 3 3 1 0 0 0 2 5 3 1 0 0 3 3 1 0 1 2 1 0 0 0 0 0 1 3 3 2 0 3 5 4 2 7 4 1 0 1 2 1 3 0
17 61933 0 1 3 3 1 0 0 0 2 5 3 1 0 0 3 3 2 0 1 2 1 0 1 0 0 0 1 3 3 1 0 3 5 4 2 5 3 3 0 1 3 1 2 0
17 27922 0 1 3 3 1 0 0 0 2 5 4 0 0 0 2 5 1 0 0 3 1 0 1 1 0 0 1 3 3 1 0 3 6 4 1 5 2 2 0 1 3 1 3 0
17 106078 0 1 3 3 1 0 0 0 2 5 4 0 0 0 2 5 2 0 0 1 1 0 0 0 0 0 1 2 3 0 1 3 9 5 0 7 4 2 0 1 1 1 2 0
17 106082 0 1 3 3 1 0 0 0 2 5 4 0 0 0 3 6 2 0 0 2 2 0 0 0 0 0 1 2 3 1 0 2 7 5 0 6 5 1 0 1 1 1 2 0
17 89875 0 1 3 3 1 0 0 0 2 5 4 0 0 1 3 5 2 0 0 1 1 0 0 0 0 0 0 2 3 0 0 3 9 5 1 7 4 2 0 0 1 1 2 0
17 106091 0 1 3 3 1 0 0 0 2 5 4 0 0 1 3 6 2 0 0 2 1 0 1 1 0 0 0 1 3 1 1 2 7 6 0 5 3 2 0 1 1 1 2 0
17 100748 0 1 3 3 1 0 0 0 2 5 4 0 0 1 4 6 2 0 0 2 1 0 1 1 0 0 0 1 3 1 0 2 7 6 1 5 3 2 0 0 1 1 2 0
17 94303 0 1 3 3 1 0 0 0 2 5 4 0 0 1 4 6 2 0 0 2 2 0 0 0 0 0 0 1 3 1 0 2 7 5 1 6 5 1 0 0 1 1 2 0
17 111283 0 1 3 3 1 0 0 0 2 5 4 1 0 0 2 3 1 0 1 2 1 0 0 0 0 0 1 2 3 1 1 3 8 5 0 7 4 2 0 1 1 1 2 0
17 45151 0 1 3 3 1 0 0 0 2 5 4 1 0 0 2 4 1 0 0 3 1 0 1 0 0 0 1 3 2 1 0 4 6 4 1 5 3 3 0 1 3 1 2 0
17 71164 0 1 3 3 1 0 0 0 2 5 4 1 0 0 2 4 2 0 0 1 1 0 0 0 0 0 1 2 2 1 1 4 7 5 2 7 4 2 0 0 1 1 2 0
17 30390 0 1 3 3 1 0 0 0 2 5 4 1 0 0 2 4 2 0 0 1 1 0 0 0 0 0 1 3 2 0 0 4 8 4 1 7 4 1 0 1 2 1 3 0
17 30568 0 1 3 3 1 0 0 0 2 5 4 1 0 0 2 4 2 0 0 2 2 0 0 1 0 0 1 3 2 1 0 4 5 4 1 5 3 0 0 2 2 2 4 0
17 111287 0 1 3 3 1 0 0 0 2 5 4 1 0 0 3 4 1 0 1 3 1 0 1 1 0 0 1 2 3 2 0 2 6 6 0 5 3 2 0 1 1 1 2 0
17 111078 0 1 3 3 1 0 0 0 2 5 4 1 0 0 3 4 2 0 1 2 1 0 1 1 0 0 1 2 3 2 0 2 5 6 2 5 3 2 0 0 1 1 2 0
17 105863 0 1 3 3 1 0 0 0 2 5 4 1 0 0 3 4 2 0 1 2 2 0 0 0 0 0 1 2 3 2 0 2 5 5 2 6 5 1 0 0 1 1 2 0
17 78205 0 1 3 3 1 0 0 0 2 5 4 1 0 0 3 5 2 0 0 2 1 0 1 1 0 0 1 2 2 1 0 3 7 6 1 5 3 2 0 0 1 1 2 0
17 71169 0 1 3 3 1 0 0 0 2 5 4 1 0 0 3 5 2 0 0 2 2 0 0 0 0 0 1 2 2 1 0 3 7 5 1 6 5 1 0 0 1 1 2 0
17 36784 0 1 3 3 1 0 0 0 2 5 4 1 0 0 3 5 2 0 0 2 2 0 0 1 0 0 1 2 2 1 0 3 6 4 1 6 3 1 0 1 2 1 3 0
17 61945 0 1 3 3 1 0 0 0 2 5 4 1 0 0 3 5 2 0 0 3 2 0 1 1 0 0 1 2 2 1 0 3 5 4 1 4 2 3 0 1 3 1 2 0
17 48061 0 1 3 3 1 0 0 0 2 5 4 1 0 1 3 3 1 0 1 2 1 0 0 0 0 0 0 2 3 1 0 3 8 5 1 7 4 2 0 0 1 1 2 0
17 111296 0 1 3 3 1 0 0 0 2 5 4 1 0 1 3 4 1 0 1 3 2 0 0 0 0 0 0 1 3 2 1 2 6 5 0 6 5 1 0 1 1 1 2 0
17 91100 0 1 3 3 1 0 0 0 2 5 4 1 0 1 3 4 2 0 0 1 1 0 0 0 0 0 0 2 2 1 0 4 7 5 1 7 4 2 0 1 1 1 2 0
17 71180 0 1 3 3 1 0 0 0 2 5 4 1 0 1 3 4 2 0 1 2 1 0 1 1 0 0 0 1 3 2 1 2 5 6 2 5 3 2 0 0 1 1 2 0
17 78216 0 1 3 3 1 0 0 0 2 5 4 1 0 1 3 4 2 0 1 2 2 0 0 0 0 0 0 1 3 2 1 2 5 5 2 6 5 1 0 0 1 1 2 0
17 105872 0 1 3 3 1 0 0 0 2 5 4 1 0 1 3 5 2 0 0 2 1 0 1 1 0 0 0 1 2 1 1 3 7 6 1 5 3 2 0 0 1 1 2 0
17 111087 0 1 3 3 1 0 0 0 2 5 4 1 0 1 3 5 2 0 0 2 2 0 0 0 0 0 0 1 2 1 1 3 7 5 1 6 5 1 0 0 1 1 2 0
17 63433 0 1 3 3 1 0 0 0 2 5 4 1 0 1 4 4 1 0 1 3 1 0 1 1 0 0 0 1 3 2 0 2 6 6 1 5 3 2 0 0 1 1 2 0
17 54221 0 1 3 3 1 0 0 0 2 5 4 1 0 1 4 4 1 0 1 3 2 0 0 0 0 0 0 1 3 2 0 2 6 5 1 6 5 1 0 0 1 1 2 0
17 95031 0 1 3 3 1 0 0 0 2 5 4 1 0 1 4 4 2 0 1 2 2 0 0 0 0 0 0 1 3 2 0 2 5 5 1 6 5 1 0 1 1 1 2 0
17 101468 0 1 3 3 1 0 0 0 2 5 4 1 0 1 4 5 2 0 0 2 1 0 1 1 0 0 0 1 2 1 0 3 7 6 0 5 3 2 0 1 1 1 2 0
17 112594 0 1 3 3 1 0 0 0 2 5 5 1 0 0 1 5 3 0 0 1 2 0 0 0 0 0 1 2 2 0 1 3 8 5 0 6 5 1 0 1 1 1 2 0
17 112598 0 1 3 3 1 0 0 0 2 5 5 1 0 0 2 6 3 0 0 2 3 0 0 1 0 0 1 2 2 1 0 2 6 5 0 5 4 1 0 1 1 1 2 0
17 112607 0 1 3 3 1 0 0 0 2 5 5 1 0 1 2 6 3 0 0 2 3 0 0 1 0 0 0 1 2 1 1 2 6 5 0 5 4 1 0 1 1 1 2 0
17 111096 0 1 3 3 1 0 0 0 2 5 5 1 0 1 4 7 4 0 0 2 4 1 0 0 0 0 0 0 2 1 0 1 5 5 1 4 4 1 0 0 1 1 2 0
17 80591 0 1 3 3 1 0 0 0 2 5 5 2 0 0 1 4 4 0 0 0 2 0 0 0 0 0 1 2 1 0 1 4 7 5 2 6 5 1 0 0 1 1 2 0
17 112448 0 1 3 3 1 0 0 0 2 5 5 2 0 0 2 4 4 0 1 1 3 0 0 1 0 0 1 2 2 1 0 2 5 5 2 5 4 1 0 0 1 1 2 0
17 80596 0 1 3 3 1 0 0 0 2 5 5 2 0 0 2 5 4 0 0 1 3 0 0 1 0 0 1 2 1 0 0 3 7 5 1 5 4 1 0 0 1 1 2 0
17 80607 0 1 3 3 1 0 0 0 2 5 5 2 0 1 2 4 4 0 1 1 3 0 0 1 0 0 0 1 2 1 1 2 5 5 2 5 4 1 0 0 1 1 2 0
17 112457 0 1 3 3 1 0 0 0 2 5 5 2 0 1 2 5 4 0 0 1 3 0 0 1 0 0 0 1 1 0 1 3 7 5 1 5 4 1 0 0 1 1 2 0
17 111305 0 1 3 3 1 0 0 0 2 5 5 2 0 1 4 5 3 0 1 3 4 1 0 0 0 0 0 0 2 2 0 1 4 5 0 4 4 1 0 1 1 1 2 0
17 78228 0 1 3 3 1 0 0 0 2 5 5 2 0 1 4 5 3 0 1 3 4 1 0 0 0 0 0 0 2 2 0 1 4 5 1 4 4 1 0 0 1 1 2 0
17 48085 0 1 3 3 1 0 0 0 2 6 4 0 0 0 2 5 2 0 0 1 1 0 0 0 0 0 0 3 3 0 0 3 9 5 1 7 4 2 0 0 1 1 2 0
17 54245 0 1 3 3 1 0 0 0 2 6 4 0 0 0 3 6 2 0 0 2 1 0 1 1 0 0 0 2 3 1 0 2 7 6 1 5 3 2 0 0 1 1 2 0
17 63445 0 1 3 3 1 0 0 0 2 6 4 0 0 0 3 6 2 0 0 2 2 0 0 0 0 0 0 2 3 1 0 2 7 5 1 6 5 1 0 0 1 1 2 0
17 89897 0 1 3 3 1 0 0 0 2 6 4 1 0 0 2 3 1 0 1 2 1 0 0 0 0 0 0 3 3 1 0 3 8 5 1 7 4 2 0 0 1 1 2 0
17 46218 0 1 3 3 1 0 0 0 2 6 4 1 0 0 2 3 1 0 1 3 1 0 1 1 0 0 0 3 3 1 0 3 7 5 1 5 2 3 0 0 2 1 2 0
17 91122 0 1 3 3 1 0 0 0 2 6 4 1 0 0 2 4 2 0 0 1 1 0 0 0 0 0 0 3 2 1 0 4 7 5 1 7 4 2 0 1 1 1 2 0
17 48260 0 1 3 3 1 0 0 0 2 6 4 1 0 0 2 4 2 0 0 2 2 0 0 1 0 0 0 3 2 1 0 4 6 4 1 6 3 1 0 1 2 1 3 0
17 94325 0 1 3 3 1 0 0 0 2 6 4 1 0 0 3 4 1 0 1 3 1 0 1 1 0 0 0 2 3 2 0 2 6 6 1 5 3 2 0 0 1 1 2 0
17 100758 0 1 3 3 1 0 0 0 2 6 4 1 0 0 3 4 1 0 1 3 2 0 0 0 0 0 0 2 3 2 0 2 6 5 1 6 5 1 0 0 1 1 2 0
17 95053 0 1 3 3 1 0 0 0 2 6 4 1 0 0 3 4 2 0 1 2 1 0 1 1 0 0 0 2 3 2 0 2 5 6 1 5 3 2 0 1 1 1 2 0
17 62615 0 1 3 3 1 0 0 0 2 6 4 1 0 0 3 4 2 0 1 3 2 0 1 1 0 0 0 2 3 1 0 2 6 5 1 4 3 2 0 0 2 1 2 0
17 101478 0 1 3 3 1 0 0 0 2 6 4 1 0 0 3 5 2 0 0 2 2 0 0 0 0 0 0 2 2 1 0 3 7 5 0 6 5 1 0 1 1 1 2 0
17 63557 0 1 3 3 1 0 0 0 2 6 4 1 0 0 3 5 3 0 0 2 3 0 0 1 0 0 0 2 2 0 0 3 7 4 0 5 4 0 0 1 2 1 3 0
17 46230 0 1 3 3 1 0 0 0 2 6 5 1 0 0 2 5 2 0 0 3 2 0 1 1 0 0 0 2 2 1 0 3 6 5 1 4 3 2 0 0 2 1 2 0
17 48097 0 1 3 3 1 0 0 0 2 6 5 1 0 0 2 5 3 0 0 1 2 0 0 0 0 0 0 2 2 0 0 3 8 5 1 6 5 1 0 0 1 1 2 0
17 54257 0 1 3 3 1 0 0 0 2 6 5 1 0 0 3 6 3 0 0 2 3 0 0 1 0 0 0 1 2 1 0 2 6 5 1 5 4 1 0 0 1 1 2 0
17 62627 0 1 3 3 1 0 0 0 2 6 5 1 0 0 3 6 3 0 0 3 3 0 1 2 0 0 0 1 2 1 0 2 5 5 1 3 2 2 0 0 2 1 2 0
17 106100 0 1 3 3 1 0 0 0 2 6 5 1 0 0 3 7 4 0 0 2 4 1 0 0 0 0 0 1 2 1 0 1 5 5 0 4 4 1 0 1 1 1 2 0
17 71192 0 1 3 3 1 0 0 0 2 6 5 1 0 0 3 7 4 0 0 2 4 1 0 0 0 0 0 1 2 1 0 1 5 5 1 4 4 1 0 0 1 1 2 0
17 48272 0 1 3 3 1 0 0 0 2 6 5 2 0 0 2 4 3 0 0 2 3 0 0 1 0 0 0 2 1 1 0 4 5 4 1 5 4 0 0 1 2 1 3 0
17 91132 0 1 3 3 1 0 0 0 2 6 5 2 0 0 2 4 4 0 0 0 2 0 0 0 0 0 0 2 1 0 0 4 7 5 1 6 5 1 0 1 1 1 2 0
17 95063 0 1 3 3 1 0 0 0 2 6 5 2 0 0 3 4 4 0 1 1 3 0 0 1 0 0 0 1 2 1 0 2 5 5 1 5 4 1 0 1 1 1 2 0
17 105881 0 1 3 3 1 0 0 0 2 6 5 2 0 0 3 5 3 0 1 3 4 1 0 0 0 0 0 1 2 2 0 1 4 5 1 4 4 1 0 0 1 1 2 0
17 101488 0 1 3 3 1 0 0 0 2 6 5 2 0 0 3 5 4 0 0 1 3 0 0 1 0 0 0 1 1 0 0 3 7 5 0 5 4 1 0 1 1 1 2 0
17 63569 0 1 3 3 1 0 0 0 2 6 5 2 0 0 3 5 4 0 0 2 4 0 0 2 0 0 0 1 1 0 0 3 6 4 0 4 3 0 0 1 2 1 3 0
17 26240 0 1 3 3 2 0 0 0 2 3 4 0 0 0 1 4 0 0 1 4 0 0 2 0 0 0 2 4 4 2 0 2 4 4 1 4 2 4 0 2 4 1 2 0
17 107776 0 1 3 3 2 0 0 0 2 3 4 0 0 0 1 4 1 0 0 2 2 0 0 1 0 0 2 3 4 1 1 2 7 3 0 6 2 2 1 2 3 1 3 0
17 89026 0 1 3 3 2 0 0 0 2 3 4 0 0 1 2 4 1 0 1 2 2 0 0 1 0 0 1 3 4 1 0 2 7 3 1 6 2 2 0 1 3 1 3 0
17 113680 0 1 3 3 2 0 0 0 2 3 5 1 0 0 0 4 2 0 0 2 2 0 0 1 0 0 2 3 3 1 1 2 6 4 0 6 3 1 1 2 2 1 3 0
17 27932 0 1 3 3 2 0 0 0 2 4 5 1 0 0 1 4 1 0 1 4 1 0 2 1 0 0 1 3 3 2 0 2 4 5 1 3 2 3 0 1 3 1 2 0
17 107777 0 1 3 3 2 0 0 0 2 4 5 1 0 0 1 4 2 0 0 2 2 0 0 1 0 0 1 2 3 1 1 3 7 5 0 6 3 2 0 1 1 1 2 0
17 89058 0 1 3 3 2 0 0 0 2 4 5 1 0 0 1 4 2 0 1 2 2 0 0 1 0 0 1 3 3 1 0 2 6 4 1 6 3 1 0 1 2 1 3 0
17 107781 0 1 3 3 2 0 0 0 2 4 5 1 0 0 2 5 3 0 0 2 3 0 0 1 0 0 1 2 3 1 0 2 6 5 0 5 4 1 0 1 1 1 2 0
17 89884 0 1 3 3 2 0 0 0 2 4 5 1 0 1 2 4 2 0 1 2 2 0 0 1 0 0 0 2 3 1 0 2 7 5 1 6 3 2 0 0 1 1 2 0
17 94312 0 1 3 3 2 0 0 0 2 4 5 1 0 1 3 5 3 0 1 2 3 0 0 1 0 0 0 1 3 1 0 1 6 5 1 5 4 1 0 0 1 1 2 0
17 113681 0 1 3 3 2 0 0 0 2 4 6 2 0 0 0 4 3 0 0 2 3 0 0 1 0 0 1 2 2 1 1 3 6 5 0 5 4 1 0 1 1 1 2 0
17 113685 0 1 3 3 2 0 0 0 2 4 6 2 0 0 1 5 4 0 0 2 4 0 0 2 0 0 1 2 2 1 0 2 5 5 0 4 3 1 0 1 1 1 2 0
17 46240 0 1 3 3 2 0 0 0 2 5 6 2 0 0 1 4 2 0 1 4 2 0 2 2 0 0 0 2 2 2 0 2 4 6 1 2 2 2 0 0 2 1 2 0
17 89916 0 1 3 3 2 0 0 0 2 5 6 2 0 0 1 4 3 0 1 2 3 0 0 1 0 0 0 2 2 1 0 2 6 5 1 5 4 1 0 0 1 1 2 0
17 94344 0 1 3 3 2 0 0 0 2 5 6 2 0 0 2 5 4 0 1 2 4 0 0 2 0 0 0 1 2 1 0 1 5 5 1 4 3 1 0 0 1 1 2 0
17 136844 0 1 3 3 2 1 0 0 2 3 2 2 0 0 2 1 1 0 1 2 0 0 1 0 0 0 2 3 3 2 1 3 5 5 1 6 3 3 1 2 2 1 2 0
17 89196 0 1 3 3 2 1 0 0 2 3 2 2 0 1 2 1 1 0 1 2 0 0 1 0 0 0 1 3 2 2 1 5 4 4 2 6 2 4 0 2 3 1 2 0
17 30364 0 1 3 3 2 1 0 0 2 3 2 2 0 1 3 1 1 0 2 2 0 0 1 0 0 0 1 3 3 2 0 3 5 5 2 6 3 3 0 1 2 1 2 0
17 100349 0 1 3 3 2 1 0 0 2 3 2 2 0 1 3 2 2 0 1 2 1 0 1 0 0 0 1 2 2 1 1 4 5 4 1 5 3 3 0 2 3 1 2 0
17 136848 0 1 3 3 2 1 0 0 2 3 2 2 0 1 3 2 2 0 1 2 1 0 1 0 0 0 1 2 3 2 1 2 4 5 1 5 4 2 1 2 2 1 2 0
17 36758 0 1 3 3 2 1 0 0 2 3 2 2 0 1 4 2 2 0 2 2 1 0 1 0 0 0 1 2 3 2 0 2 4 5 2 5 4 2 0 1 2 1 2 0
17 137874 0 1 3 3 2 1 0 0 2 3 3 2 0 0 1 3 2 0 0 2 1 0 1 0 0 0 2 3 2 1 1 3 6 5 0 5 4 2 1 2 2 1 2 0
17 89206 0 1 3 3 2 1 0 0 2 3 3 2 0 1 2 3 2 0 0 2 1 0 1 0 0 0 1 2 1 1 1 5 5 4 1 5 3 3 0 2 3 1 2 0
17 137878 0 1 3 3 2 1 0 0 2 3 3 2 0 1 2 4 3 0 0 2 2 0 1 1 0 0 1 2 2 1 1 2 5 5 0 4 3 2 1 2 2 1 2 0
17 100359 0 1 3 3 2 1 0 0 2 3 3 2 0 1 3 4 3 0 0 2 2 0 1 1 0 0 1 1 1 0 1 4 6 4 0 4 2 3 0 2 3 1 2 0
17 90054 0 1 3 3 2 1 0 0 2 4 2 2 0 1 3 2 1 0 1 3 1 0 1 1 0 0 0 3 2 2 0 4 5 5 1 5 2 3 0 1 2 1 2 0
17 100852 0 1 3 3 2 1 0 0 2 4 2 2 0 1 4 3 2 0 1 3 2 0 1 1 0 0 0 2 2 1 0 3 6 5 0 4 3 2 0 1 2 1 2 0
17 136845 0 1 3 3 2 1 0 0 2 4 3 2 0 0 2 2 1 0 1 3 1 0 1 1 0 0 1 2 3 2 1 3 6 6 0 5 3 2 0 1 1 1 2 0
17 73779 0 1 3 3 2 1 0 0 2 4 3 2 0 0 2 3 2 0 0 2 2 0 0 1 0 0 1 2 2 2 1 4 5 5 2 6 3 2 0 0 1 1 2 0
17 30400 0 1 3 3 2 1 0 0 2 4 3 2 0 0 2 3 2 0 1 2 1 0 1 0 0 0 1 3 2 1 0 3 6 5 1 5 4 2 0 1 2 1 2 0
17 73784 0 1 3 3 2 1 0 0 2 4 3 2 0 0 3 4 3 0 0 2 3 0 0 1 0 0 1 2 2 1 0 3 6 5 1 5 4 1 0 0 1 1 2 0
17 36794 0 1 3 3 2 1 0 0 2 4 3 2 0 0 3 4 3 0 1 2 2 0 1 1 0 0 1 2 2 1 0 2 5 5 1 4 3 2 0 1 2 1 2 0
17 48071 0 1 3 3 2 1 0 0 2 4 3 2 0 1 3 2 1 0 2 3 1 0 1 1 0 0 0 2 3 2 0 2 6 6 1 5 3 2 0 0 1 1 2 0
17 136849 0 1 3 3 2 1 0 0 2 4 3 2 0 1 3 3 2 0 1 3 2 0 1 1 0 0 0 1 3 2 1 2 5 6 0 4 4 1 0 1 1 1 2 0
17 90064 0 1 3 3 2 1 0 0 2 4 3 2 0 1 3 4 3 0 0 2 2 0 1 1 0 0 0 2 1 1 0 4 5 5 1 4 3 2 0 1 2 1 2 0
17 136625 0 1 3 3 2 1 0 0 2 4 3 2 0 1 3 4 3 0 0 2 3 0 0 1 0 0 0 1 2 1 1 3 6 5 1 5 4 1 0 0 1 1 2 0
17 54231 0 1 3 3 2 1 0 0 2 4 3 2 0 1 4 3 2 0 2 3 2 0 1 1 0 0 0 1 3 2 0 1 5 6 1 4 4 1 0 0 1 1 2 0
17 100862 0 1 3 3 2 1 0 0 2 4 3 2 0 1 4 5 4 0 0 2 3 0 1 2 0 0 0 1 1 0 0 3 6 5 0 3 2 2 0 1 2 1 2 0
17 137875 0 1 3 3 2 1 0 0 2 4 4 2 0 0 1 4 3 0 0 2 2 0 1 1 0 0 1 2 2 1 1 3 6 6 0 4 4 1 0 1 1 1 2 0
17 137879 0 1 3 3 2 1 0 0 2 4 4 2 0 1 2 5 4 0 0 2 3 0 1 2 0 0 0 1 2 1 1 2 5 6 0 3 3 1 0 1 1 1 2 0
17 82375 0 1 3 3 2 1 0 0 2 4 4 3 0 0 1 3 4 0 0 1 3 0 0 1 0 0 1 2 1 1 1 4 5 5 2 5 4 1 0 0 1 1 2 0
17 82380 0 1 3 3 2 1 0 0 2 4 4 3 0 0 2 4 5 0 0 1 4 0 0 2 0 0 1 2 1 0 0 3 6 5 1 4 3 1 0 0 1 1 2 0
17 137768 0 1 3 3 2 1 0 0 2 4 4 3 0 1 2 4 5 0 0 1 4 0 0 2 0 0 0 1 1 0 1 3 6 5 1 4 3 1 0 0 1 1 2 0
17 48107 0 1 3 3 2 1 0 0 2 5 4 2 0 0 2 4 3 0 1 2 2 0 1 1 0 0 0 2 2 1 0 2 6 6 1 4 4 1 0 0 1 1 2 0
17 54267 0 1 3 3 2 1 0 0 2 5 4 2 0 0 3 5 4 0 1 2 3 0 1 2 0 0 0 1 2 1 0 1 5 6 1 3 3 1 0 0 1 1 2 0
17 138494 0 1 3 3 3 1 0 0 2 2 4 2 0 0 0 3 2 0 0 3 2 0 1 1 0 0 2 3 3 2 1 2 4 5 0 4 3 2 1 2 2 1 2 0
17 138495 0 1 3 3 3 1 0 0 2 3 5 3 0 0 0 3 3 0 0 3 3 0 1 2 0 0 1 2 2 2 1 3 4 6 0 3 3 1 0 1 1 1 2 0
17 136643 0 1 3 3 3 2 1 0 2 3 2 2 2 1 4 3 0 1 2 6 2 0 3 4 2 0 0 1 2 2 0 1 2 2 0 2 0 2 0 1 2 1 2 0
17 137786 0 1 3 3 3 2 1 0 2 3 3 2 2 1 3 5 2 2 1 5 3 1 2 3 1 0 0 1 1 1 0 1 2 2 0 2 0 2 0 1 2 1 2 0
17 73793 0 1 3 3 3 2 1 0 2 3 3 2 2 1 4 4 1 1 2 5 3 0 2 4 2 0 0 0 2 2 0 0 2 2 1 3 1 1 0 0 1 1 2 0
17 136649 0 1 3 3 3 2 1 0 2 3 3 2 2 1 4 5 2 2 1 5 3 1 2 3 1 0 0 0 1 1 0 1 2 2 0 2 0 2 0 1 2 1 2 0
17 82389 0 1 3 3 3 2 1 0 2 3 4 3 2 1 3 4 3 2 2 4 4 1 1 3 1 0 0 0 1 1 0 0 2 2 1 3 1 1 0 0 1 1 2 0
17 73805 0 1 3 3 3 2 1 0 2 4 4 2 2 0 3 6 3 2 1 4 4 1 1 3 1 0 0 0 1 1 0 0 2 2 1 3 1 1 0 0 1 1 2 0
17 91074 0 1 3 4 2 0 0 0 1 4 4 0 0 0 0 2 0 0 0 0 0 0 0 0 0 0 1 4 4 0 1 5 12 4 1 8 4 0 0 0 2 1 4 0
17 2 0 1 3 4 2 0 0 0 1 4 4 0 0 0 0 2 0 0 0 0 0 0 0 0 0 0 1 5 6 2 0 3 8 4 2 6 2 4 0 1 4 0 1 0
17 95006 0 1 3 4 2 0 0 0 1 4 4 0 0 0 1 3 0 0 0 1 0 0 0 0 0 0 1 3 4 1 1 4 10 5 1 8 4 1 0 0 1 1 3 0
17 91079 0 1 3 4 2 0 0 0 1 4 4 0 0 0 1 3 0 0 0 1 0 0 0 0 0 0 1 4 4 1 0 4 10 5 1 8 4 1 0 0 1 1 3 0
17 15 0 1 3 4 2 0 0 0 1 4 4 0 0 0 1 3 0 0 0 1 0 0 0 0 0 0 1 4 5 2 0 3 8 5 1 6 3 3 0 1 3 0 1 0
17 79 0 1 3 4 2 0 0 0 1 4 4 0 0 0 1 3 0 0 1 2 0 0 1 0 0 0 1 4 6 3 0 1 6 6 1 4 3 4 0 1 3 0 0 0
17 30558 0 1 3 4 2 0 0 0 1 4 4 0 0 0 1 4 1 0 0 2 2 0 0 1 0 0 1 4 4 1 0 3 7 3 1 6 2 2 0 1 3 1 3 0
17 168 0 1 3 4 2 0 0 0 1 4 4 0 0 0 2 4 0 0 0 2 0 0 0 0 0 0 1 3 4 2 0 3 8 6 0 6 4 2 0 1 2 0 1 0
17 101449 0 1 3 4 2 0 0 0 1 4 4 0 0 0 2 4 0 0 0 2 0 0 0 0 0 0 1 3 4 2 0 3 8 6 1 8 5 0 0 0 0 1 3 0
17 95010 0 1 3 4 2 0 0 0 1 4 4 0 0 0 2 4 0 0 0 2 0 0 1 0 0 0 1 3 4 2 0 3 8 6 1 6 4 2 0 0 1 1 2 0
17 302 0 1 3 4 2 0 0 0 1 4 4 0 0 0 2 6 2 0 0 2 2 0 0 0 0 0 1 3 4 2 0 1 6 6 0 4 5 2 0 1 2 0 0 0
17 91090 0 1 3 4 2 0 0 0 1 4 4 0 0 1 1 3 0 0 0 1 0 0 0 0 0 0 0 3 4 1 1 4 10 5 1 8 4 1 0 0 1 1 3 0
17 95021 0 1 3 4 2 0 0 0 1 4 4 0 0 1 2 4 0 0 0 2 0 0 0 0 0 0 0 2 4 2 1 3 8 6 1 8 5 0 0 0 0 1 3 0
17 101460 0 1 3 4 2 0 0 0 1 4 4 0 0 1 2 4 0 0 0 2 0 0 1 0 0 0 0 2 4 2 1 3 8 6 1 6 4 2 0 0 1 1 2 0
17 263 0 1 3 4 2 0 0 0 1 4 5 1 0 0 1 3 1 0 1 3 1 0 1 1 0 0 1 3 5 3 0 1 5 7 0 3 3 3 0 1 2 0 0 0
17 106079 0 1 3 4 2 0 0 0 1 4 5 1 0 0 1 4 2 0 0 1 1 0 0 0 0 0 1 2 3 1 1 3 8 6 1 7 5 1 0 0 0 1 2 0
17 30570 0 1 3 4 2 0 0 0 1 4 5 1 0 0 1 4 2 0 0 2 2 0 0 1 0 0 1 3 3 1 0 3 6 4 1 6 3 1 0 1 2 1 3 0
17 353 0 1 3 4 2 0 0 0 1 4 5 1 0 0 1 5 3 0 0 2 3 0 0 1 0 0 1 3 4 2 0 1 5 6 0 3 4 2 0 1 2 0 0 0
17 111288 0 1 3 4 2 0 0 0 1 4 5 1 0 0 2 5 2 0 0 2 1 0 1 1 0 0 1 2 3 2 0 2 6 7 1 5 4 1 0 0 0 1 2 0
17 106083 0 1 3 4 2 0 0 0 1 4 5 1 0 0 2 5 2 0 0 2 2 0 0 0 0 0 1 2 3 2 0 2 6 6 1 6 6 0 0 0 0 1 2 0
17 91101 0 1 3 4 2 0 0 0 1 4 5 1 0 1 2 4 2 0 0 1 1 0 0 0 0 0 0 2 3 1 0 3 8 6 1 7 5 1 0 0 0 1 2 0
17 106092 0 1 3 4 2 0 0 0 1 4 5 1 0 1 2 5 2 0 0 2 1 0 1 1 0 0 0 1 3 2 1 2 6 7 1 5 4 1 0 0 0 1 2 0
17 111297 0 1 3 4 2 0 0 0 1 4 5 1 0 1 2 5 2 0 0 2 2 0 0 0 0 0 0 1 3 2 1 2 6 6 1 6 6 0 0 0 0 1 2 0
17 101469 0 1 3 4 2 0 0 0 1 4 5 1 0 1 3 5 2 0 0 2 1 0 1 1 0 0 0 1 3 2 0 2 6 7 1 5 4 1 0 0 0 1 2 0
17 95032 0 1 3 4 2 0 0 0 1 4 5 1 0 1 3 5 2 0 0 2 2 0 0 0 0 0 0 1 3 2 0 2 6 6 1 6 6 0 0 0 0 1 2 0
17 112595 0 1 3 4 2 0 0 0 1 4 6 2 0 0 0 4 4 0 0 0 2 0 0 0 0 0 1 2 2 0 1 3 8 6 1 6 6 0 0 0 0 1 2 0
17 807 0 1 3 4 2 0 0 0 1 4 6 2 0 0 0 4 4 0 0 2 4 0 0 2 0 0 1 3 4 2 0 1 4 6 0 2 3 2 0 1 2 0 0 0
17 112599 0 1 3 4 2 0 0 0 1 4 6 2 0 0 1 5 4 0 0 1 3 0 0 1 0 0 1 2 2 1 0 2 6 6 1 5 5 0 0 0 0 1 2 0
17 112608 0 1 3 4 2 0 0 0 1 4 6 2 0 1 1 5 4 0 0 1 3 0 0 1 0 0 0 1 2 1 1 2 6 6 1 5 5 0 0 0 0 1 2 0
17 111306 0 1 3 4 2 0 0 0 1 4 6 2 0 1 3 6 4 0 0 2 4 1 0 0 0 0 0 0 2 2 0 1 4 6 1 4 5 0 0 0 0 1 2 0
17 91123 0 1 3 4 2 0 0 0 1 5 5 1 0 0 1 4 2 0 0 1 1 0 0 0 0 0 0 3 3 1 0 3 8 6 1 7 5 1 0 0 0 1 2 0
17 48262 0 1 3 4 2 0 0 0 1 5 5 1 0 0 1 4 2 0 0 2 2 0 0 1 0 0 0 3 3 1 0 3 7 5 1 6 3 2 0 0 1 1 2 0
17 95054 0 1 3 4 2 0 0 0 1 5 5 1 0 0 2 5 2 0 0 2 1 0 1 1 0 0 0 2 3 2 0 2 6 7 1 5 4 1 0 0 0 1 2 0
17 101479 0 1 3 4 2 0 0 0 1 5 5 1 0 0 2 5 2 0 0 2 2 0 0 0 0 0 0 2 3 2 0 2 6 6 1 6 6 0 0 0 0 1 2 0
17 63559 0 1 3 4 2 0 0 0 1 5 5 1 0 0 2 5 3 0 0 2 3 0 0 1 0 0 0 2 3 1 0 2 6 5 1 5 4 1 0 0 1 1 2 0
17 3941 0 1 3 4 2 0 0 0 1 5 6 2 0 0 0 2 2 0 0 0 0 0 0 0 0 0 0 3 4 2 0 3 6 6 2 6 3 4 0 1 2 0 0 0
17 3954 0 1 3 4 2 0 0 0 1 5 6 2 0 0 1 3 2 0 0 1 1 0 0 0 0 0 0 2 3 2 0 3 6 6 1 5 4 3 0 1 2 0 0 0
17 4018 0 1 3 4 2 0 0 0 1 5 6 2 0 0 1 3 2 0 1 2 1 0 1 1 0 0 0 2 4 3 0 1 4 7 1 3 3 3 0 1 2 0 0 0
17 48274 0 1 3 4 2 0 0 0 1 5 6 2 0 0 1 4 3 0 0 2 3 0 0 1 0 0 0 2 2 1 0 3 6 5 1 5 4 1 0 0 1 1 2 0
17 91133 0 1 3 4 2 0 0 0 1 5 6 2 0 0 1 4 4 0 0 0 2 0 0 0 0 0 0 2 2 0 0 3 8 6 1 6 6 0 0 0 0 1 2 0
17 4107 0 1 3 4 2 0 0 0 1 5 6 2 0 0 2 4 2 0 0 2 2 0 0 0 0 0 0 1 2 2 0 3 6 6 0 4 5 2 0 1 2 0 0 0
17 95064 0 1 3 4 2 0 0 0 1 5 6 2 0 0 2 5 4 0 0 1 3 0 0 1 0 0 0 1 2 1 0 2 6 6 1 5 5 0 0 0 0 1 2 0
17 63571 0 1 3 4 2 0 0 0 1 5 6 2 0 0 2 5 4 0 0 2 4 0 0 2 0 0 0 1 2 1 0 2 5 5 1 4 3 1 0 0 1 1 2 0
17 4202 0 1 3 4 2 0 0 0 1 5 6 2 0 0 2 6 4 0 0 2 4 1 0 0 0 0 0 1 2 2 0 1 4 6 0 2 4 2 0 1 2 0 0 0
17 106101 0 1 3 4 2 0 0 0 1 5 6 2 0 0 2 6 4 0 0 2 4 1 0 0 0 0 0 1 2 2 0 1 4 6 1 4 5 0 0 0 0 1 2 0
17 89197 0 1 3 4 2 1 0 0 1 4 2 2 0 0 2 1 1 0 1 2 0 0 1 0 0 0 1 4 3 2 0 4 5 5 2 6 3 3 0 1 2 1 2 0
17 100350 0 1 3 4 2 1 0 0 1 4 2 2 0 0 3 2 2 0 1 2 1 0 1 0 0 0 1 3 3 2 0 3 4 5 2 5 4 2 0 1 2 1 2 0
17 89207 0 1 3 4 2 1 0 0 1 4 3 2 0 0 2 3 2 0 0 2 1 0 1 0 0 0 1 3 2 1 0 4 6 5 1 5 4 2 0 1 2 1 2 0
17 100360 0 1 3 4 2 1 0 0 1 4 3 2 0 0 3 4 3 0 0 2 2 0 1 1 0 0 1 2 2 1 0 3 5 5 1 4 3 2 0 1 2 1 2 0
17 90055 0 1 3 4 2 1 0 0 1 5 3 2 0 0 2 2 1 0 1 3 1 0 1 1 0 0 0 3 3 2 0 3 6 6 1 5 3 2 0 0 1 1 2 0
17 91280 0 1 3 4 2 1 0 0 1 5 3 2 0 0 2 3 2 0 0 2 2 0 0 1 0 0 0 3 2 2 0 4 5 5 1 6 3 2 0 1 1 1 2 0
17 100853 0 1 3 4 2 1 0 0 1 5 3 2 0 0 3 3 2 0 1 3 2 0 1 1 0 0 0 2 3 2 0 2 5 6 1 4 4 1 0 0 1 1 2 0
17 101573 0 1 3 4 2 1 0 0 1 5 3 2 0 0 3 4 3 0 0 2 3 0 0 1 0 0 0 2 2 1 0 3 6 5 0 5 4 1 0 1 1 1 2 0
17 90065 0 1 3 4 2 1 0 0 1 5 4 2 0 0 2 4 3 0 0 2 2 0 1 1 0 0 0 2 2 1 0 3 6 6 1 4 4 1 0 0 1 1 2 0
17 100863 0 1 3 4 2 1 0 0 1 5 4 2 0 0 3 5 4 0 0 2 3 0 1 2 0 0 0 1 2 1 0 2 5 6 1 3 3 1 0 0 1 1 2 0
17 91290 0 1 3 4 2 1 0 0 1 5 4 3 0 0 2 3 4 0 0 1 3 0 0 1 0 0 0 2 1 1 0 4 5 5 1 5 4 1 0 1 1 1 2 0
17 101583 0 1 3 4 2 1 0 0 1 5 4 3 0 0 3 4 5 0 0 1 4 0 0 2 0 0 0 1 1 0 0 3 6 5 0 4 3 1 0 1 1 1 2 0
17 107778 0 1 3 4 3 1 0 0 1 3 4 2 0 0 1 3 2 0 0 2 2 0 0 1 0 0 1 2 3 2 1 3 6 6 1 6 4 1 0 0 0 1 2 0
17 30580 0 1 3 4 3 1 0 0 1 3 4 2 0 0 1 3 2 0 1 3 2 0 1 1 0 0 1 3 3 2 0 2 4 5 1 4 3 2 0 1 2 1 2 0
17 107782 0 1 3 4 3 1 0 0 1 3 4 2 0 0 2 4 3 0 0 2 3 0 0 1 0 0 1 2 3 2 0 2 5 6 1 5 5 0 0 0 0 1 2 0
17 91110 0 1 3 4 3 1 0 0 1 3 4 2 0 1 2 3 2 0 1 2 2 0 0 1 0 0 0 2 3 2 0 2 6 6 1 6 4 1 0 0 0 1 2 0
17 136850 0 1 3 4 3 1 0 0 1 3 4 2 0 1 2 4 3 0 0 2 3 0 0 1 0 0 0 1 3 2 1 2 5 6 1 5 5 0 0 0 0 1 2 0
17 95041 0 1 3 4 3 1 0 0 1 3 4 2 0 1 3 4 3 0 1 2 3 0 0 1 0 0 0 1 3 2 0 1 5 6 1 5 5 0 0 0 0 1 2 0
17 113682 0 1 3 4 3 1 0 0 1 3 5 3 0 0 0 3 4 0 0 1 3 0 0 1 0 0 1 2 2 1 1 3 6 6 1 5 5 0 0 0 0 1 2 0
17 113686 0 1 3 4 3 1 0 0 1 3 5 3 0 0 1 4 5 0 0 1 4 0 0 2 0 0 1 2 2 1 0 2 5 6 1 4 4 0 0 0 0 1 2 0
17 137880 0 1 3 4 3 1 0 0 1 3 5 3 0 1 1 4 5 0 0 1 4 0 0 2 0 0 0 1 2 1 1 2 5 6 1 4 4 0 0 0 0 1 2 0
17 5579 0 1 3 4 3 1 0 0 1 4 5 3 0 0 1 2 3 0 0 0 1 0 0 0 0 0 0 2 3 2 0 3 5 6 2 5 4 3 0 1 2 0 0 0
17 48284 0 1 3 4 3 1 0 0 1 4 5 3 0 0 1 3 3 0 1 3 3 0 1 2 0 0 0 2 2 2 0 2 4 6 1 3 3 1 0 0 1 1 2 0
17 91142 0 1 3 4 3 1 0 0 1 4 5 3 0 0 1 3 4 0 1 1 3 0 0 1 0 0 0 2 2 1 0 2 6 6 1 5 5 0 0 0 0 1 2 0
17 5735 0 1 3 4 3 1 0 0 1 4 5 3 0 0 2 3 3 0 0 1 2 0 0 1 0 0 0 1 2 2 0 3 5 6 1 4 3 3 0 1 2 0 0 0
17 5592 0 1 3 4 3 1 0 0 1 4 5 3 0 0 2 3 4 0 0 0 2 0 0 0 0 0 0 1 2 1 0 3 6 6 1 4 5 2 0 1 2 0 0 0
17 5657 0 1 3 4 3 1 0 0 1 4 5 3 0 0 2 3 4 0 1 1 3 0 0 1 0 0 0 1 3 2 0 1 4 6 1 3 4 2 0 1 2 0 0 0
17 95073 0 1 3 4 3 1 0 0 1 4 5 3 0 0 2 4 5 0 1 1 4 0 0 2 0 0 0 1 2 1 0 1 5 6 1 4 4 0 0 0 0 1 2 0
17 5748 0 1 3 4 3 1 0 0 1 4 5 3 0 0 3 4 4 0 0 1 3 0 0 1 0 0 0 0 1 1 0 3 6 6 0 3 4 2 0 1 2 0 0 0
17 136868 0 1 3 4 3 2 1 0 1 4 3 2 2 0 3 4 1 1 1 5 3 0 2 4 2 0 0 1 2 2 0 1 2 2 0 3 1 1 0 1 1 1 2 0
17 136644 0 1 3 4 3 2 1 0 1 4 3 2 2 0 3 4 1 1 1 5 3 0 2 4 2 0 0 1 2 2 0 1 2 2 1 3 1 1 0 0 1 1 2 0
17 137898 0 1 3 4 3 2 1 0 1 4 4 2 2 0 2 6 3 2 0 4 4 1 1 3 1 0 0 1 1 1 0 1 2 2 0 3 1 1 0 1 1 1 2 0
17 136650 0 1 3 4 3 2 1 0 1 4 4 2 2 0 3 6 3 2 0 4 4 1 1 3 1 0 0 0 1 1 0 1 2 2 1 3 1 1 0 0 1 1 2 0
17 137787 0 1 3 4 3 2 1 0 1 4 4 3 2 0 2 4 3 2 1 4 4 1 1 3 1 0 0 1 1 1 0 1 2 2 1 3 1 1 0 0 1 1 2 0
17 136874 0 1 3 4 3 2 1 0 1 4 4 3 2 0 3 4 3 2 1 4 4 1 1 3 1 0 0 0 1 1 0 1 2 2 0 3 1 1 0 1 1 1 2 0
17 138496 0 1 3 4 4 2 0 0 1 2 4 4 0 0 0 2 4 0 0 2 4 0 0 2 0 0 1 2 2 2 1 3 4 6 1 4 4 0 0 0 0 1 2 0
17 107789 0 1 3 4 4 2 1 0 1 2 4 2 2 1 3 5 2 1 1 4 4 0 1 4 2 0 0 0 2 2 0 0 2 2 1 4 2 0 0 0 0 1 2 0
17 113693 0 1 3 4 4 2 1 0 1 2 5 3 2 1 2 5 4 2 1 3 5 1 0 3 1 0 0 0 1 1 0 0 2 2 1 4 2 0 0 0 0 1 2 0
17 5813 0 1 3 4 4 2 1 0 1 3 5 3 2 0 2 3 2 1 1 3 3 0 2 4 2 0 0 0 2 2 0 1 3 3 0 1 1 2 0 1 2 0 0 0
17 5865 0 1 3 4 4 2 1 0 1 3 5 3 2 0 2 5 4 2 0 2 4 1 1 3 1 0 0 0 1 1 0 1 3 3 0 1 1 2 0 1 2 0 0 0
17 107801 0 1 3 4 4 2 1 0 1 3 5 3 2 0 2 5 4 2 1 3 5 1 0 3 1 0 0 0 1 1 0 0 2 2 1 4 2 0 0 0 0 1 2 0
17 91281 0 1 3 5 3 1 0 0 0 4 4 2 0 0 1 3 2 0 0 2 2 0 0 1 0 0 0 3 3 2 0 3 6 6 1 6 4 1 0 0 0 1 2 0
17 101574 0 1 3 5 3 1 0 0 0 4 4 2 0 0 2 4 3 0 0 2 3 0 0 1 0 0 0 2 3 2 0 2 5 6 1 5 5 0 0 0 0 1 2 0
17 8388 0 1 3 5 3 1 0 0 0 4 5 3 0 0 0 2 3 0 0 0 1 0 0 0 0 0 0 3 3 2 0 3 5 6 2 5 4 3 0 1 2 0 0 0
17 8544 0 1 3 5 3 1 0 0 0 4 5 3 0 0 1 3 3 0 0 1 2 0 0 1 0 0 0 2 2 2 0 3 5 6 1 4 3 3 0 1 2 0 0 0
17 8401 0 1 3 5 3 1 0 0 0 4 5 3 0 0 1 3 4 0 0 0 2 0 0 0 0 0 0 2 2 1 0 3 6 6 1 4 5 2 0 1 2 0 0 0
17 91291 0 1 3 5 3 1 0 0 0 4 5 3 0 0 1 3 4 0 0 1 3 0 0 1 0 0 0 2 2 1 0 3 6 6 1 5 5 0 0 0 0 1 2 0
17 8466 0 1 3 5 3 1 0 0 0 4 5 3 0 0 1 3 4 0 1 1 3 0 0 1 0 0 0 2 3 2 0 1 4 6 1 3 4 2 0 1 2 0 0 0
17 8557 0 1 3 5 3 1 0 0 0 4 5 3 0 0 2 4 4 0 0 1 3 0 0 1 0 0 0 1 1 1 0 3 6 6 0 3 4 2 0 1 2 0 0 0
17 101584 0 1 3 5 3 1 0 0 0 4 5 3 0 0 2 4 5 0 0 1 4 0 0 2 0 0 0 1 2 1 0 2 5 6 1 4 4 0 0 0 0 1 2 0
17 13795 0 1 3 5 4 2 0 0 0 3 4 4 0 0 1 2 4 0 0 0 2 0 0 0 0 0 0 2 2 2 0 3 4 6 2 4 5 2 0 1 2 0 0 0
17 91300 0 1 3 5 4 2 0 0 0 3 4 4 0 0 1 2 4 0 1 2 4 0 0 2 0 0 0 2 2 2 0 2 4 6 1 4 4 0 0 0 0 1 2 0
17 13808 0 1 3 5 4 2 0 0 0 3 4 4 0 0 2 3 5 0 0 0 3 0 0 1 0 0 0 1 1 1 0 3 5 6 1 3 4 2 0 1 2 0 0 0
17 13883 0 1 3 5 4 2 0 0 0 3 4 4 0 0 3 4 6 0 0 0 4 0 0 2 0 0 0 0 0 0 0 3 6 6 0 2 3 2 0 1 2 0 0 0
17 136869 0 1 3 5 4 2 1 0 0 3 4 2 2 0 2 5 2 1 0 4 4 0 1 4 2 0 0 1 2 2 0 1 2 2 1 4 2 0 0 0 0 1 2 0
17 8622 0 1 3 5 4 2 1 0 0 3 5 3 2 0 1 3 2 1 1 3 3 0 2 4 2 0 0 1 2 2 0 1 3 3 0 1 1 2 0 1 2 0 0 0
17 8674 0 1 3 5 4 2 1 0 0 3 5 3 2 0 1 5 4 2 0 2 4 1 1 3 1 0 0 1 1 1 0 1 3 3 0 1 1 2 0 1 2 0 0 0
17 137899 0 1 3 5 4 2 1 0 0 3 5 3 2 0 1 5 4 2 0 3 5 1 0 3 1 0 0 1 1 1 0 1 2 2 1 4 2 0 0 0 0 1 2 0
17 136875 0 1 3 5 4 2 1 0 0 3 5 3 2 0 2 5 4 2 0 3 5 1 0 3 1 0 0 0 1 1 0 1 2 2 1 4 2 0 0 0 0 1 2 0
17 13945 0 1 3 5 5 3 1 0 0 2 4 4 2 0 2 3 4 2 1 2 4 1 1 3 1 0 0 0 1 1 0 1 3 3 0 1 1 2 0 1 2 0 0 0
17 14698 0 1 3 5 6 4 2 0 0 1 4 4 4 0 1 4 4 6 0 2 2 3 2 2 0 0 0 0 0 0 0 1 2 2 0 0 0 2 0 1 2 0 0 0
17 138502 0 1 3 5 6 4 2 0 0 1 4 4 4 0 1 4 4 6 1 4 4 4 0 0 0 0 0 0 0 0 0 0 0 0 1 4 2 0 0 0 0 1 2 0
16 151217 0 2 0 2 0 0 0 2 0 4 0 0 0 0 2 0 0 0 0 0 0 0 0 0 0 2 2 4 2 0 2 8 4 2 4 2 2 0 0 4 4 4 4 2
16 151219 0 2 0 2 0 0 0 2 0 4 0 0 0 0 3 0 0 0 1 0 0 0 0 0 0 2 2 4 2 1 1 7 3 3 5 2 2 1 0 3 3 4 3 2
16 153414 0 2 0 2 0 0 0 2 0 4 0 0 0 0 4 0 0 0 2 0 0 0 0 0 0 2 2 4 2 2 0 6 2 4 6 2 3 0 0 2 2 4 3 2
16 151223 0 2 0 2 0 0 0 2 1 4 1 0 0 0 2 1 0 0 0 0 0 0 0 0 0 1 2 3 2 0 2 7 6 2 4 4 2 0 0 2 4 2 5 1
16 151225 0 2 0 2 0 0 0 2 1 4 1 0 0 0 3 1 0 0 1 0 0 0 0 0 0 1 2 3 2 1 1 6 5 3 5 4 2 1 0 1 3 2 4 1
16 151428 0 2 0 2 0 0 0 2 1 4 1 0 0 0 3 1 0 0 1 1 0 0 0 0 0 1 2 3 2 1 1 6 4 3 4 4 2 1 0 2 3 2 4 1
16 153419 0 2 0 2 0 0 0 2 1 4 1 0 0 0 4 1 0 0 2 1 0 0 0 0 0 1 2 3 2 2 0 5 3 4 5 4 3 0 0 1 2 2 4 1
16 151229 0 2 0 2 0 0 0 2 1 4 1 0 0 1 2 2 0 0 0 1 0 0 0 0 0 1 1 3 2 0 2 6 6 2 3 5 2 1 0 2 4 1 4 1
16 152297 0 2 0 2 0 0 0 2 1 4 1 0 0 1 3 2 0 0 1 2 0 0 1 0 0 1 1 3 2 1 1 5 4 3 3 3 2 2 0 2 4 1 3 1
16 151233 0 2 0 2 0 0 0 2 1 4 2 0 0 1 3 3 1 0 0 1 1 0 0 0 0 1 1 2 2 0 1 5 6 3 3 4 3 1 0 1 3 1 3 1
16 153425 0 2 0 2 0 0 0 2 1 4 2 0 0 1 4 3 1 0 1 2 1 0 1 1 0 1 1 2 2 1 0 4 4 4 3 2 2 1 0 1 3 1 3 1
16 151243 0 2 0 2 0 0 0 2 1 5 1 1 0 0 3 2 1 0 1 1 0 0 0 0 0 1 1 3 1 1 1 5 4 4 4 5 3 1 0 1 2 1 3 1
16 153429 0 2 0 2 0 0 0 2 1 5 1 1 0 0 4 2 1 0 2 2 1 0 0 0 0 1 1 3 1 2 0 4 2 4 4 4 4 0 0 1 2 1 3 1
16 151247 0 2 0 2 0 0 0 2 1 5 2 1 0 0 3 3 2 0 0 1 1 0 0 0 0 1 1 2 1 0 1 5 5 4 3 4 4 0 0 1 2 1 3 1
16 153433 0 2 0 2 0 0 0 2 1 5 2 1 0 0 4 3 2 0 1 2 2 0 0 1 0 1 1 2 1 1 0 4 3 4 3 3 3 0 0 1 2 1 3 1
16 151432 0 2 0 2 0 0 0 2 2 4 2 0 0 0 2 2 0 0 0 0 0 0 0 0 0 0 2 2 2 0 2 6 8 2 4 6 3 0 0 0 4 0 4 1
16 151434 0 2 0 2 0 0 0 2 2 4 2 0 0 0 3 2 0 0 1 1 0 0 0 0 0 0 2 2 2 1 1 5 6 3 4 6 3 1 0 0 3 0 3 1
16 153528 0 2 0 2 0 0 0 2 2 4 2 0 0 0 4 2 0 0 2 2 0 0 0 0 0 0 2 2 2 2 0 4 4 4 4 6 4 0 0 0 2 0 3 1
16 151438 0 2 0 2 0 0 0 2 2 4 2 0 0 1 2 3 0 0 0 1 0 0 0 0 0 0 1 2 2 0 2 5 8 3 3 6 3 1 0 0 3 0 3 1
16 152302 0 2 0 2 0 0 0 2 2 4 2 0 0 1 3 3 0 0 1 2 0 0 1 0 0 0 1 2 2 1 1 4 6 4 3 4 3 2 0 0 3 0 2 1
16 152306 0 2 0 2 0 0 0 2 2 4 2 0 0 2 2 4 0 0 0 2 0 0 0 0 0 0 0 2 2 0 2 4 8 4 2 6 4 0 0 0 2 0 3 1
16 151442 0 2 0 2 0 0 0 2 2 4 3 0 0 1 3 4 2 0 0 1 1 0 0 0 0 0 1 1 2 0 1 4 6 4 3 5 4 1 0 0 2 0 2 1
16 153534 0 2 0 2 0 0 0 2 2 4 3 0 0 1 4 4 2 0 1 2 1 0 1 1 0 0 1 1 2 1 0 3 4 5 3 3 3 1 0 0 2 0 2 1
16 152310 0 2 0 2 0 0 0 2 2 4 3 0 0 2 3 5 2 0 0 2 2 0 0 0 0 0 0 1 2 0 1 3 6 4 2 4 5 0 0 0 2 0 2 1
16 155251 0 2 0 2 0 0 0 2 2 4 4 0 0 2 4 6 4 0 0 2 4 1 0 0 0 0 0 0 2 0 0 2 4 4 2 2 4 0 0 0 2 0 2 1
16 151452 0 2 0 2 0 0 0 2 2 5 2 1 0 0 3 3 1 0 1 2 1 0 0 0 0 0 1 2 1 1 1 4 5 4 3 5 4 1 0 0 2 0 2 1
16 153538 0 2 0 2 0 0 0 2 2 5 2 1 0 0 4 3 1 0 2 3 2 0 0 0 0 0 1 2 1 2 0 3 3 4 3 4 5 0 0 0 2 0 2 1
16 152320 0 2 0 2 0 0 0 2 2 5 2 1 0 1 3 4 1 0 1 3 1 0 1 1 0 0 0 2 1 1 1 3 5 5 2 3 3 1 0 0 2 0 2 1
16 151456 0 2 0 2 0 0 0 2 2 5 3 1 0 0 3 4 3 0 0 1 2 0 0 0 0 0 1 1 1 0 1 4 5 4 3 4 5 0 0 0 2 0 2 1
16 153542 0 2 0 2 0 0 0 2 2 5 3 1 0 0 4 4 3 0 1 2 3 0 0 1 0 0 1 1 1 1 0 3 3 4 3 3 4 0 0 0 2 0 2 1
16 152324 0 2 0 2 0 0 0 2 2 5 3 1 0 1 3 5 3 0 0 2 3 0 0 1 0 0 0 1 1 0 1 3 5 4 2 3 4 0 0 0 2 0 2 1
16 154425 0 2 0 2 0 0 0 2 2 6 2 2 0 0 4 4 2 0 2 4 4 1 0 0 0 0 0 2 0 2 0 2 2 4 2 2 4 0 0 0 2 0 2 1
16 151237 0 2 0 2 1 0 0 2 1 3 3 0 0 1 2 3 1 0 1 1 2 0 0 1 0 1 1 2 3 1 1 3 5 3 3 3 2 1 0 1 3 1 3 1
16 151251 0 2 0 2 1 0 0 2 1 4 3 1 0 0 2 3 2 0 1 1 2 0 0 1 0 1 1 2 2 1 1 3 4 4 3 3 3 0 0 1 2 1 3 1
16 151446 0 2 0 2 1 0 0 2 2 3 4 1 0 1 2 3 2 0 1 1 2 0 0 1 0 0 1 1 2 1 1 3 5 4 3 4 3 1 0 0 2 0 2 1
16 152314 0 2 0 2 1 0 0 2 2 3 4 1 0 2 2 4 3 0 1 1 3 0 0 1 0 0 0 1 2 0 1 2 6 4 2 3 4 0 0 0 2 0 2 1
16 151460 0 2 0 2 1 0 0 2 2 4 4 2 0 0 2 3 3 0 1 1 3 0 0 1 0 0 1 1 1 1 1 3 4 4 3 3 4 0 0 0 2 0 2 1
16 152328 0 2 0 2 1 0 0 2 2 4 4 2 0 1 2 4 4 0 1 1 4 0 0 2 0 0 0 1 1 0 1 2 5 4 2 2 3 0 0 0 2 0 2 1
16 151267 0 2 1 2 1 0 0 1 1 3 2 0 0 0 1 1 0 0 0 0 0 0 0 0 0 1 2 3 3 0 2 6 7 2 3 5 2 1 0 2 4 1 4 1
16 151269 0 2 1 2 1 0 0 1 1 3 2 0 0 0 2 1 0 0 1 0 0 0 0 0 0 1 2 3 3 1 1 5 6 3 4 5 2 2 0 1 3 1 3 1
16 151797 0 2 1 2 1 0 0 1 1 3 2 0 0 0 2 2 0 0 0 1 0 0 0 0 0 1 2 3 2 1 1 6 5 3 3 5 2 2 0 2 3 1 3 1
16 153442 0 2 1 2 1 0 0 1 1 3 2 0 0 0 3 2 0 0 1 1 0 0 0 0 0 1 2 3 2 2 0 5 4 4 4 5 3 1 0 1 2 1 3 1
16 151273 0 2 1 2 1 0 0 1 1 3 2 0 0 1 1 2 0 0 0 1 0 0 0 0 0 1 1 3 3 0 2 5 7 2 2 6 2 2 0 2 4 0 3 1
16 152516 0 2 1 2 1 0 0 1 1 3 2 0 0 1 2 3 0 0 0 2 0 0 1 0 0 1 1 3 2 1 1 5 5 3 2 4 2 3 0 2 4 0 2 1
16 151277 0 2 1 2 1 0 0 1 1 3 3 0 0 1 2 3 1 0 0 1 1 0 0 0 0 1 1 2 3 0 1 4 7 3 2 5 3 2 0 1 3 0 2 1
16 153448 0 2 1 2 1 0 0 1 1 3 3 0 0 1 3 4 1 0 0 2 1 0 1 1 0 1 1 2 2 1 0 4 5 4 2 3 2 2 0 1 3 0 2 1
16 151287 0 2 1 2 1 0 0 1 1 4 2 1 0 0 2 2 1 0 1 1 0 0 0 0 0 1 1 3 2 1 1 4 5 4 3 6 3 2 0 1 2 0 2 1
16 153452 0 2 1 2 1 0 0 1 1 4 2 1 0 0 3 3 1 0 1 2 1 0 0 0 0 1 1 3 1 2 0 4 3 4 3 5 4 1 0 1 2 0 2 1
16 151291 0 2 1 2 1 0 0 1 1 4 3 1 0 0 2 3 2 0 0 1 1 0 0 0 0 1 1 2 2 0 1 4 6 4 2 5 4 1 0 1 2 0 2 1
16 153456 0 2 1 2 1 0 0 1 1 4 3 1 0 0 3 4 2 0 0 2 2 0 0 1 0 1 1 2 1 1 0 4 4 4 2 4 3 1 0 1 2 0 2 1
16 151476 0 2 1 2 1 0 0 1 2 3 3 0 0 0 1 2 0 0 0 0 0 0 0 0 0 0 2 2 3 0 2 5 9 3 3 6 3 1 0 0 3 0 3 1
16 151478 0 2 1 2 1 0 0 1 2 3 3 0 0 0 2 2 0 0 1 1 0 0 0 0 0 0 2 2 3 1 1 4 7 4 3 6 3 2 0 0 2 0 2 1
16 151802 0 2 1 2 1 0 0 1 2 3 3 0 0 0 2 3 0 0 0 1 0 0 0 0 0 0 2 2 2 1 1 5 7 4 3 6 3 2 0 0 2 0 2 1
16 153551 0 2 1 2 1 0 0 1 2 3 3 0 0 0 3 3 0 0 1 2 0 0 0 0 0 0 2 2 2 2 0 4 5 5 3 6 4 1 0 0 1 0 2 1
16 151482 0 2 1 2 1 0 0 1 2 3 3 0 0 1 1 3 0 0 0 1 0 0 0 0 0 0 1 2 3 0 2 4 9 4 2 6 3 2 0 0 2 0 2 1
16 151806 0 2 1 2 1 0 0 1 2 3 3 0 0 1 1 3 0 0 0 1 0 0 0 0 0 0 1 2 3 1 2 4 7 4 3 6 3 2 0 0 2 0 2 1
16 152345 0 2 1 2 1 0 0 1 2 3 3 0 0 1 2 3 0 0 1 2 0 0 1 0 0 0 1 2 3 2 1 3 5 5 3 4 3 3 0 0 2 0 1 1
16 152521 0 2 1 2 1 0 0 1 2 3 3 0 0 1 2 4 0 0 0 2 0 0 1 0 0 0 1 2 2 1 1 4 7 5 2 4 3 3 0 0 2 0 1 1
16 152349 0 2 1 2 1 0 0 1 2 3 3 0 0 2 1 4 0 0 0 2 0 0 0 0 0 0 0 2 3 1 2 3 7 5 2 6 4 1 0 0 1 0 2 1
16 151486 0 2 1 2 1 0 0 1 2 3 4 0 0 1 2 4 2 0 0 1 1 0 0 0 0 0 1 1 3 0 1 3 7 5 2 5 4 2 0 0 1 0 1 1
16 153557 0 2 1 2 1 0 0 1 2 3 4 0 0 1 3 5 2 0 0 2 1 0 1 1 0 0 1 1 2 1 0 3 5 6 2 3 3 2 0 0 1 0 1 1
16 152353 0 2 1 2 1 0 0 1 2 3 4 0 0 2 2 5 2 0 0 2 2 0 0 0 0 0 0 1 3 1 1 2 5 5 2 4 5 1 0 0 1 0 1 1
16 151810 0 2 1 2 1 0 0 1 2 3 4 1 0 1 2 3 2 0 0 1 1 0 0 0 0 0 1 1 2 1 1 4 5 5 3 5 4 2 0 0 1 0 1 1
16 153719 0 2 1 2 1 0 0 1 2 3 4 1 0 1 3 3 2 0 1 2 1 0 1 1 0 0 1 1 2 2 0 3 3 6 3 3 3 2 0 0 1 0 1 1
16 152528 0 2 1 2 1 0 0 1 2 3 4 1 0 2 2 4 2 0 0 2 2 0 0 0 0 0 0 1 2 1 1 3 5 5 2 4 5 1 0 0 1 0 1 1
16 155260 0 2 1 2 1 0 0 1 2 3 5 1 0 2 3 5 4 0 0 2 4 1 0 0 0 0 0 0 2 1 0 2 3 5 2 2 4 1 0 0 1 0 1 1
16 151496 0 2 1 2 1 0 0 1 2 4 3 1 0 0 2 3 1 0 1 2 1 0 0 0 0 0 1 2 2 1 1 3 6 5 2 5 4 2 0 0 1 0 1 1
16 151820 0 2 1 2 1 0 0 1 2 4 3 1 0 0 2 4 2 0 0 1 1 0 0 0 0 0 1 2 1 1 1 4 5 5 3 5 4 2 0 0 1 0 1 1
16 153561 0 2 1 2 1 0 0 1 2 4 3 1 0 0 3 4 1 0 1 3 2 0 0 0 0 0 1 2 1 2 0 3 4 5 2 4 5 1 0 0 1 0 1 1
16 153723 0 2 1 2 1 0 0 1 2 4 3 1 0 0 3 4 2 0 1 2 2 0 0 0 0 0 1 2 1 2 0 3 3 5 3 4 5 1 0 0 1 0 1 1
16 152363 0 2 1 2 1 0 0 1 2 4 3 1 0 1 2 4 1 0 1 3 1 0 1 1 0 0 0 2 2 2 1 2 4 6 2 3 3 2 0 0 1 0 1 1
16 152538 0 2 1 2 1 0 0 1 2 4 3 1 0 1 2 5 2 0 0 2 1 0 1 1 0 0 0 2 1 1 1 3 5 6 2 3 3 2 0 0 1 0 1 1
16 151500 0 2 1 2 1 0 0 1 2 4 4 1 0 0 2 4 3 0 0 1 2 0 0 0 0 0 1 1 2 0 1 3 6 5 2 4 5 1 0 0 1 0 1 1
16 153565 0 2 1 2 1 0 0 1 2 4 4 1 0 0 3 5 3 0 0 2 3 0 0 1 0 0 1 1 1 1 0 3 4 5 2 3 4 1 0 0 1 0 1 1
16 152367 0 2 1 2 1 0 0 1 2 4 4 1 0 1 2 5 3 0 0 2 3 0 0 1 0 0 0 1 2 1 1 2 4 5 2 3 4 1 0 0 1 0 1 1
16 151824 0 2 1 2 1 0 0 1 2 4 4 2 0 0 2 3 4 0 0 0 2 0 0 0 0 0 1 1 1 0 1 4 5 5 3 4 5 1 0 0 1 0 1 1
16 153727 0 2 1 2 1 0 0 1 2 4 4 2 0 0 3 3 4 0 1 1 3 0 0 1 0 0 1 1 1 1 0 3 3 5 3 3 4 1 0 0 1 0 1 1
16 152542 0 2 1 2 1 0 0 1 2 4 4 2 0 1 2 4 4 0 0 1 3 0 0 1 0 0 0 1 1 0 1 3 5 5 2 3 4 1 0 0 1 0 1 1
16 154434 0 2 1 2 1 0 0 1 2 5 3 2 0 0 3 5 3 0 1 3 4 1 0 0 0 0 0 2 0 2 0 2 2 5 2 2 4 1 0 0 1 0 1 1
16 151281 0 2 1 2 2 0 0 1 1 2 4 0 0 1 1 3 1 0 1 1 2 0 0 1 0 1 1 2 4 1 1 2 6 3 2 4 2 2 0 1 3 0 2 1
16 151295 0 2 1 2 2 0 0 1 1 3 4 1 0 0 1 3 2 0 1 1 2 0 0 1 0 1 1 2 3 1 1 2 5 4 2 4 3 1 0 1 2 0 2 1
16 151490 0 2 1 2 2 0 0 1 2 2 5 1 0 1 1 3 2 0 1 1 2 0 0 1 0 0 1 1 3 1 1 2 6 5 2 4 3 2 0 0 1 0 1 1
16 152357 0 2 1 2 2 0 0 1 2 2 5 1 0 2 1 4 3 0 1 1 3 0 0 1 0 0 0 1 3 1 1 1 5 5 2 3 4 1 0 0 1 0 1 1
16 151504 0 2 1 2 2 0 0 1 2 3 5 2 0 0 1 3 3 0 1 1 3 0 0 1 0 0 1 1 2 1 1 2 5 5 2 3 4 1 0 0 1 0 1 1
16 152371 0 2 1 2 2 0 0 1 2 3 5 2 0 1 1 4 4 0 1 1 4 0 0 2 0 0 0 1 2 1 1 1 4 5 2 2 3 1 0 0 1 0 1 1
16 151814 0 2 1 2 2 1 0 1 2 2 3 2 0 1 2 2 2 0 1 1 2 0 0 1 0 0 1 1 2 2 1 3 4 5 3 4 3 2 0 0 1 0 1 1
16 152532 0 2 1 2 2 1 0 1 2 2 3 2 0 2 2 3 3 0 1 1 3 0 0 1 0 0 0 1 2 1 1 2 5 5 2 3 4 1 0 0 1 0 1 1
16 151828 0 2 1 2 2 1 0 1 2 3 3 3 0 0 2 2 4 0 1 0 3 0 0 1 0 0 1 1 1 1 1 3 4 5 3 3 4 1 0 0 1 0 1 1
16 152546 0 2 1 2 2 1 0 1 2 3 3 3 0 1 2 3 5 0 1 0 4 0 0 2 0 0 0 1 1 0 1 2 5 5 2 2 3 1 0 0 1 0 1 1
16 151355 0 2 1 3 1 1 0 1 0 4 1 2 0 0 2 1 1 0 1 2 0 0 1 0 0 1 1 3 2 2 1 4 3 5 3 4 3 3 0 1 2 0 1 1
16 153487 0 2 1 3 1 1 0 1 0 4 1 2 0 0 3 2 2 0 1 2 1 0 1 0 0 1 1 3 1 2 0 4 2 5 3 3 4 2 0 1 2 0 1 1
16 151359 0 2 1 3 1 1 0 1 0 4 2 2 0 0 2 2 2 0 0 2 1 0 1 0 0 1 1 2 2 1 1 4 4 5 2 3 4 2 0 1 2 0 1 1
16 153491 0 2 1 3 1 1 0 1 0 4 2 2 0 0 3 3 3 0 0 2 2 0 1 1 0 1 1 2 1 1 0 4 3 5 2 2 3 2 0 1 2 0 1 1
16 151564 0 2 1 3 1 1 0 1 1 4 2 2 0 0 2 2 1 0 1 3 1 0 1 1 0 0 1 2 2 2 1 3 4 6 2 3 3 2 0 0 1 0 1 1
16 153596 0 2 1 3 1 1 0 1 1 4 2 2 0 0 3 3 2 0 1 3 2 0 1 1 0 0 1 2 1 2 0 3 3 6 2 2 4 1 0 0 1 0 1 1
16 151568 0 2 1 3 1 1 0 1 1 4 3 2 0 0 2 3 3 0 0 2 2 0 1 1 0 0 1 1 2 1 1 3 4 6 2 2 4 1 0 0 1 0 1 1
16 153600 0 2 1 3 1 1 0 1 1 4 3 2 0 0 3 4 4 0 0 2 3 0 1 2 0 0 1 1 1 1 0 3 3 6 2 1 3 1 0 0 1 0 1 1
16 151363 0 2 1 3 2 1 0 1 0 3 3 2 0 0 1 2 2 0 1 2 2 0 1 1 0 1 1 2 3 2 1 2 3 5 2 2 3 2 0 1 2 0 1 1
16 151572 0 2 1 3 2 1 0 1 1 3 4 3 0 0 1 2 3 0 1 2 3 0 1 2 0 0 1 1 2 2 1 2 3 6 2 1 3 1 0 0 1 0 1 1
16 154673 0 2 1 3 2 2 1 1 1 3 2 2 2 1 3 3 1 1 2 4 3 0 2 4 2 0 0 1 1 2 0 1 1 2 2 1 1 1 0 0 1 0 1 1
16 155566 0 2 1 3 2 2 1 1 1 3 3 2 2 1 3 4 3 2 1 3 4 1 1 3 1 0 0 0 1 1 0 1 1 2 2 1 1 1 0 0 1 0 1 1
16 154679 0 2 1 3 2 2 1 1 1 4 2 3 2 0 3 3 3 2 2 3 4 1 1 3 1 0 0 1 0 1 0 1 1 2 2 1 1 1 0 0 1 0 1 1
18 26823 0 2 2 0 0 0 0 2 4 0 0 0 0 2 0 0 0 0 0 0 0 0 0 0 0 2 6 4 0 0 6 8 0 0 4 0 0 0 4 10 6 10 6 2
18 25837 0 2 2 0 0 0 0 2 4 0 0 0 0 2 0 0 0 0 0 0 0 0 0 0 0 2 6 4 0 0 6 8 0 0 4 0 0 0 4 10 6 10 6 3
18 28645 0 2 2 0 0 0 0 2 4 1 0 0 0 2 1 0 0 0 0 0 0 0 0 0 0 2 5 4 0 0 5 9 2 0 4 2 0 0 3 8 6 8 7 1
18 25839 0 2 2 0 0 0 0 2 4 1 0 0 0 2 1 0 0 0 0 0 0 0 0 0 0 2 5 4 0 0 5 10 2 0 4 2 0 0 2 8 6 8 7 2
18 35595 0 2 2 0 0 0 0 2 4 1 0 0 0 2 2 0 0 0 1 0 0 0 0 0 0 2 5 3 1 0 5 7 3 0 4 3 0 1 3 7 6 7 6 1
18 25845 0 2 2 0 0 0 0 2 4 1 0 0 0 2 2 0 0 0 1 0 0 0 0 0 0 2 5 4 1 0 4 8 3 0 4 3 0 1 2 7 6 7 6 2
18 46802 0 2 2 0 0 0 0 2 4 2 0 0 0 2 2 0 0 0 0 0 0 0 0 0 0 2 4 4 0 0 4 10 4 0 4 4 0 0 2 6 6 6 8 0
18 44769 0 2 2 0 0 0 0 2 4 2 0 0 0 2 2 0 0 0 0 0 0 0 0 0 0 2 4 4 0 0 4 12 4 0 4 4 1 0 0 6 6 6 6 2
18 53118 0 2 2 0 0 0 0 2 4 2 0 0 0 2 3 0 0 0 1 0 0 0 0 0 0 2 4 3 1 0 4 8 5 0 4 5 0 1 2 5 6 5 7 0
18 44775 0 2 2 0 0 0 0 2 4 2 0 0 0 2 3 0 0 0 1 0 0 0 0 0 0 2 4 4 1 0 3 10 5 1 4 4 1 1 0 5 5 6 5 2
18 61686 0 2 2 0 0 0 0 2 4 2 0 0 0 2 4 0 0 0 2 0 0 0 0 0 0 2 4 4 2 0 2 8 6 2 4 4 2 0 0 4 4 6 5 2
18 70801 0 2 2 0 0 0 0 2 4 2 1 0 0 2 3 2 0 0 1 1 0 0 0 0 0 2 4 2 1 0 4 6 6 1 3 6 1 1 2 4 5 4 6 0
18 80399 0 2 2 0 0 0 0 2 4 2 2 0 0 2 2 4 0 0 0 2 0 0 0 0 0 2 4 2 0 0 4 6 6 2 2 6 2 0 2 4 4 4 6 0
18 25857 0 2 2 0 0 0 0 2 5 1 0 0 0 2 1 0 0 0 0 0 0 0 0 0 0 1 5 4 0 0 5 9 2 0 4 2 0 0 3 8 6 8 7 2
18 26824 0 2 2 0 0 0 0 2 5 1 0 0 0 2 1 0 0 0 0 0 0 0 0 0 0 1 5 4 0 0 5 10 2 0 4 2 0 0 2 8 6 8 7 1
18 25877 0 2 2 0 0 0 0 2 5 1 0 0 0 3 2 0 0 0 1 0 0 0 0 0 0 1 4 3 1 0 5 7 3 0 4 3 0 1 3 7 6 7 6 2
18 26827 0 2 2 0 0 0 0 2 5 1 0 0 0 3 2 0 0 0 1 0 0 0 0 0 0 1 4 4 1 0 4 8 3 0 4 3 0 1 2 7 6 7 6 1
18 25859 0 2 2 0 0 0 0 2 5 2 0 0 0 2 2 0 0 0 0 0 0 0 0 0 0 1 4 4 0 0 4 11 4 0 4 4 0 0 1 6 6 6 8 1
18 28664 0 2 2 0 0 0 0 2 5 2 0 0 0 2 2 0 0 0 0 0 0 0 0 0 0 1 4 4 0 0 4 11 4 0 4 4 1 0 1 6 6 6 6 1
18 28646 0 2 2 0 0 0 0 2 5 2 0 0 0 2 2 1 0 0 0 0 0 0 0 0 0 1 4 4 0 0 4 9 4 0 4 4 0 0 2 6 6 6 8 0
18 27531 0 2 2 0 0 0 0 2 5 2 0 0 0 2 2 1 0 0 0 0 0 0 0 0 0 1 4 4 0 0 4 9 4 0 4 4 0 0 2 6 6 6 8 1
18 35614 0 2 2 0 0 0 0 2 5 2 0 0 0 2 3 0 0 0 1 0 0 0 0 0 0 1 4 3 1 0 4 9 5 1 4 4 1 1 1 5 5 6 5 1
18 25865 0 2 2 0 0 0 0 2 5 2 0 0 0 2 3 0 0 0 1 0 0 0 0 0 0 1 4 4 1 0 3 9 5 0 4 5 0 1 1 5 6 5 7 1
18 35596 0 2 2 0 0 0 0 2 5 2 0 0 0 2 3 1 0 0 1 1 0 0 0 0 0 1 4 3 1 0 4 7 4 0 3 5 0 1 2 6 6 5 7 0
18 27537 0 2 2 0 0 0 0 2 5 2 0 0 0 2 3 1 0 0 1 1 0 0 0 0 0 1 4 4 1 0 3 7 4 0 3 5 0 1 2 6 6 5 7 1
18 25879 0 2 2 0 0 0 0 2 5 2 0 0 0 3 3 0 0 0 1 0 0 0 0 0 0 1 3 3 1 0 4 9 5 0 4 5 0 1 1 5 6 5 7 1
18 28683 0 2 2 0 0 0 0 2 5 2 0 0 0 3 3 0 0 0 1 0 0 0 0 0 0 1 3 4 1 0 3 9 5 1 4 4 1 1 1 5 5 6 5 1
18 34853 0 2 2 0 0 0 0 2 5 2 0 0 0 3 3 1 0 0 1 1 0 0 0 0 0 1 3 3 1 0 4 7 4 0 3 5 0 1 2 6 6 5 7 1
18 28652 0 2 2 0 0 0 0 2 5 2 0 0 0 3 3 1 0 0 1 1 0 0 0 0 0 1 3 4 1 0 3 7 4 0 3 5 0 1 2 6 6 5 7 0
18 35633 0 2 2 0 0 0 0 2 5 2 0 0 0 3 4 0 0 0 2 0 0 0 0 0 0 1 3 3 2 0 3 7 6 2 4 4 2 0 1 4 4 6 5 1
18 35602 0 2 2 0 0 0 0 2 5 2 0 0 0 3 4 1 0 0 2 2 0 0 1 0 0 1 3 3 2 0 3 5 4 0 2 4 0 2 2 6 7 4 6 0
18 34859 0 2 2 0 0 0 0 2 5 2 0 0 0 3 4 1 0 0 2 2 0 0 1 0 0 1 3 3 2 0 3 5 4 0 2 4 0 2 2 6 7 4 6 1
18 25893 0 2 2 0 0 0 0 2 5 2 1 0 0 3 4 2 0 0 1 1 0 0 0 0 0 1 3 2 1 0 3 7 6 1 3 6 1 1 1 4 5 4 6 1
18 46803 0 2 2 0 0 0 0 2 5 3 0 0 0 2 3 1 0 0 0 0 0 0 0 0 0 1 3 4 0 0 3 10 6 0 4 6 1 0 1 4 6 4 7 0
18 44788 0 2 2 0 0 0 0 2 5 3 0 0 0 2 3 1 0 0 0 0 0 0 0 0 0 1 3 4 0 0 3 11 6 0 4 6 1 0 0 4 6 4 7 1
18 53136 0 2 2 0 0 0 0 2 5 3 0 0 0 2 4 1 0 0 1 0 0 0 0 0 0 1 3 3 1 0 3 8 7 1 4 6 1 1 1 3 5 4 6 0
18 44794 0 2 2 0 0 0 0 2 5 3 0 0 0 2 4 1 0 0 1 0 0 0 0 0 0 1 3 4 1 0 2 9 7 1 4 6 1 1 0 3 5 4 6 1
18 53119 0 2 2 0 0 0 0 2 5 3 0 0 0 2 4 1 0 0 1 1 0 0 0 0 0 1 3 3 1 0 3 8 6 0 3 7 1 1 1 4 6 3 6 0
18 45854 0 2 2 0 0 0 0 2 5 3 0 0 0 2 4 1 0 0 1 1 0 0 0 0 0 1 3 4 1 0 2 9 6 1 3 6 1 1 0 4 5 4 6 1
18 61704 0 2 2 0 0 0 0 2 5 3 0 0 0 2 5 1 0 0 2 1 0 0 0 0 0 1 3 4 2 0 1 7 7 2 3 6 2 0 0 3 4 4 6 1
18 44807 0 2 2 0 0 0 0 2 5 3 0 0 0 3 4 1 0 0 1 1 0 0 0 0 0 1 2 3 1 0 3 9 6 0 3 7 1 1 0 4 6 3 6 1
18 46806 0 2 2 0 0 0 0 2 5 3 0 0 0 3 4 1 0 0 1 1 0 0 0 0 0 1 2 4 1 0 2 8 6 1 3 6 1 1 1 4 5 4 6 0
18 53154 0 2 2 0 0 0 0 2 5 3 0 0 0 3 5 1 0 0 2 1 0 0 0 0 0 1 2 3 2 0 2 6 7 2 3 6 2 0 1 3 4 4 6 0
18 53124 0 2 2 0 0 0 0 2 5 3 0 0 0 3 5 1 0 0 2 2 0 0 1 0 0 1 2 3 2 0 2 6 6 1 2 5 1 2 1 4 6 3 5 0
18 52418 0 2 2 0 0 0 0 2 5 3 0 0 0 3 5 1 0 0 2 2 0 0 1 0 0 1 2 3 2 0 2 7 6 1 2 5 1 2 0 4 6 3 5 1
18 25917 0 2 2 0 0 0 0 2 5 3 1 0 0 2 3 2 0 0 1 1 0 0 0 0 0 1 3 3 1 0 3 7 6 1 3 6 1 1 1 4 5 4 6 1
18 70817 0 2 2 0 0 0 0 2 5 3 1 0 0 2 4 3 0 0 1 2 1 0 0 0 0 1 3 2 1 0 3 6 7 1 2 6 2 1 1 3 5 3 5 0
18 70802 0 2 2 0 0 0 0 2 5 3 1 0 0 2 4 3 1 0 1 1 0 0 0 0 0 1 3 2 1 0 3 6 6 2 3 7 2 1 1 3 4 3 5 0
18 44820 0 2 2 0 0 0 0 2 5 3 1 0 0 3 5 3 0 0 1 2 1 0 0 0 0 1 2 2 1 0 2 7 7 1 2 6 2 1 0 3 5 3 5 1
18 70833 0 2 2 0 0 0 0 2 5 3 1 0 0 3 5 3 0 0 2 3 1 0 1 1 0 1 2 2 2 0 2 4 7 2 1 4 1 1 1 3 5 3 5 0
18 70807 0 2 2 0 0 0 0 2 5 3 1 0 0 3 5 3 1 0 2 2 1 0 0 0 0 1 2 2 2 0 2 4 6 2 2 6 3 0 1 3 4 3 5 0
18 61728 0 2 2 0 0 0 0 2 5 3 1 0 0 3 6 3 0 0 2 3 1 0 1 1 0 1 2 2 2 0 1 5 7 2 1 4 1 1 0 3 5 3 5 1
18 25929 0 2 2 0 0 0 0 2 5 3 2 0 0 2 3 4 0 0 0 2 0 0 0 0 0 1 3 2 0 0 3 7 6 2 2 6 2 0 1 4 4 4 6 1
18 80400 0 2 2 0 0 0 0 2 5 3 2 0 0 2 3 5 1 0 0 2 1 0 0 0 0 1 3 2 0 0 3 6 6 2 2 6 3 0 1 3 4 3 5 0
18 80403 0 2 2 0 0 0 0 2 5 3 2 0 0 3 4 5 1 0 1 3 2 0 0 1 0 1 2 2 1 0 2 4 6 2 1 5 2 0 1 3 4 3 5 0
18 44844 0 2 2 0 0 0 0 2 5 4 1 0 0 2 4 3 1 0 1 1 0 0 0 0 0 1 2 3 1 0 2 7 6 2 3 7 2 1 0 3 4 3 5 1
18 61740 0 2 2 0 0 0 0 2 5 4 1 0 0 2 5 3 1 0 2 2 1 0 0 0 0 1 2 3 2 0 1 5 6 2 2 6 3 0 0 3 4 3 5 1
18 44856 0 2 2 0 0 0 0 2 5 4 2 0 0 2 4 5 1 0 0 2 1 0 0 0 0 1 2 2 0 0 2 7 6 2 2 6 3 0 0 3 4 3 5 1
18 61752 0 2 2 0 0 0 0 2 5 4 2 0 0 2 5 5 1 0 1 3 2 0 0 1 0 1 2 2 1 0 1 5 6 2 1 5 2 0 0 3 4 3 5 1
18 27549 0 2 2 0 0 0 0 2 6 2 0 0 0 2 2 0 0 0 0 0 0 0 0 0 0 0 4 4 0 0 4 10 4 0 4 4 1 0 2 6 6 6 6 2
18 26833 0 2 2 0 0 0 0 2 6 2 0 0 0 2 2 0 0 0 0 0 0 0 0 0 0 0 4 4 0 0 4 12 4 0 4 4 0 0 0 6 6 6 8 0
18 27569 0 2 2 0 0 0 0 2 6 2 0 0 0 3 3 0 0 0 1 0 0 0 0 0 0 0 3 3 1 0 4 8 5 1 4 4 1 1 2 5 5 6 5 2
18 26836 0 2 2 0 0 0 0 2 6 2 0 0 0 3 3 0 0 0 1 0 0 0 0 0 0 0 3 4 1 0 3 10 5 0 4 5 0 1 0 5 6 5 7 0
18 34890 0 2 2 0 0 0 0 2 6 2 0 0 0 4 4 0 0 0 2 0 0 0 0 0 0 0 2 2 2 0 4 6 6 2 4 4 2 0 2 4 4 6 5 2
18 27551 0 2 2 0 0 0 0 2 6 3 0 0 0 2 3 1 0 0 0 0 0 0 0 0 0 0 3 4 0 0 3 10 6 0 4 6 1 0 1 4 6 4 7 1
18 28665 0 2 2 0 0 0 0 2 6 3 0 0 0 2 3 1 0 0 0 0 0 0 0 0 0 0 3 4 0 0 3 11 6 0 4 6 1 0 0 4 6 4 7 0
18 35615 0 2 2 0 0 0 0 2 6 3 0 0 0 2 4 1 0 0 1 1 0 0 0 0 0 0 3 3 1 0 3 9 6 1 3 6 1 1 0 4 5 4 6 0
18 27557 0 2 2 0 0 0 0 2 6 3 0 0 0 2 4 1 0 0 1 1 0 0 0 0 0 0 3 4 1 0 2 8 6 0 3 7 1 1 1 4 6 3 6 1
18 27571 0 2 2 0 0 0 0 2 6 3 0 0 0 3 4 1 0 0 1 0 0 0 0 0 0 0 2 3 1 0 3 8 7 1 4 6 1 1 1 3 5 4 6 1
18 28685 0 2 2 0 0 0 0 2 6 3 0 0 0 3 4 1 0 0 1 0 0 0 0 0 0 0 2 4 1 0 2 9 7 1 4 6 1 1 0 3 5 4 6 0
18 34872 0 2 2 0 0 0 0 2 6 3 0 0 0 3 4 1 0 0 1 1 0 0 0 0 0 0 2 3 1 0 3 8 6 1 3 6 1 1 1 4 5 4 6 1
18 28671 0 2 2 0 0 0 0 2 6 3 0 0 0 3 4 1 0 0 1 1 0 0 0 0 0 0 2 4 1 0 2 9 6 0 3 7 1 1 0 4 6 3 6 0
18 35634 0 2 2 0 0 0 0 2 6 3 0 0 0 3 5 1 0 0 2 1 0 0 0 0 0 0 2 3 2 0 2 7 7 2 3 6 2 0 0 3 4 4 6 0
18 34878 0 2 2 0 0 0 0 2 6 3 0 0 0 3 5 1 0 0 2 2 0 0 1 0 0 0 2 3 2 0 2 6 6 1 2 5 1 2 1 4 6 3 5 1
18 35621 0 2 2 0 0 0 0 2 6 3 0 0 0 3 5 1 0 0 2 2 0 0 1 0 0 0 2 3 2 0 2 7 6 1 2 5 1 2 0 4 6 3 5 0
18 34892 0 2 2 0 0 0 0 2 6 3 0 0 0 4 5 1 0 0 2 1 0 0 0 0 0 0 1 2 2 0 3 6 7 2 3 6 2 0 1 3 4 4 6 1
18 26846 0 2 2 0 0 0 0 2 6 3 1 0 0 3 4 2 0 0 1 1 0 0 0 0 0 0 2 3 1 0 2 8 6 1 3 6 1 1 0 4 5 4 6 0
18 27585 0 2 2 0 0 0 0 2 6 3 1 0 0 3 5 3 1 0 1 1 0 0 0 0 0 0 2 2 1 0 2 6 6 2 3 7 2 1 1 3 4 3 5 1
18 34906 0 2 2 0 0 0 0 2 6 3 1 0 0 4 6 3 1 0 2 2 1 0 0 0 0 0 1 1 2 0 2 4 6 2 2 6 3 0 1 3 4 3 5 1
18 46812 0 2 2 0 0 0 0 2 6 4 0 0 0 2 4 2 0 0 0 0 0 0 0 0 0 0 2 4 0 0 2 10 8 0 4 8 2 0 0 2 6 2 6 0
18 45867 0 2 2 0 0 0 0 2 6 4 0 0 0 2 4 2 0 0 0 0 0 0 0 0 0 0 2 4 0 0 2 10 8 0 4 8 2 0 0 2 6 2 6 1
18 53137 0 2 2 0 0 0 0 2 6 4 0 0 0 2 5 2 0 0 1 1 0 0 0 0 0 0 2 3 1 0 2 8 8 1 3 8 2 1 0 2 5 2 5 0
18 45873 0 2 2 0 0 0 0 2 6 4 0 0 0 2 5 2 0 0 1 1 0 0 0 0 0 0 2 4 1 0 1 8 8 1 3 8 2 1 0 2 5 2 5 1
18 62386 0 2 2 0 0 0 0 2 6 4 0 0 0 2 6 2 0 0 2 2 0 0 0 0 0 0 2 4 2 0 0 6 8 2 2 8 3 0 0 2 4 2 5 1
18 45886 0 2 2 0 0 0 0 2 6 4 0 0 0 3 5 2 0 0 1 1 0 0 0 0 0 0 1 3 1 0 2 8 8 1 3 8 2 1 0 2 5 2 5 1
18 46815 0 2 2 0 0 0 0 2 6 4 0 0 0 3 5 2 0 0 1 1 0 0 0 0 0 0 1 4 1 0 1 8 8 1 3 8 2 1 0 2 5 2 5 0
18 53155 0 2 2 0 0 0 0 2 6 4 0 0 0 3 6 2 0 0 2 2 0 0 0 0 0 0 1 3 2 0 1 6 8 2 2 8 3 0 0 2 4 2 5 0
18 53142 0 2 2 0 0 0 0 2 6 4 0 0 0 3 6 2 0 0 2 2 0 0 1 0 0 0 1 3 2 0 1 6 8 2 2 6 2 2 0 2 5 2 4 0
18 52436 0 2 2 0 0 0 0 2 6 4 0 0 0 3 6 2 0 0 2 2 0 0 1 0 0 0 1 3 2 0 1 6 8 2 2 6 2 2 0 2 5 2 4 1
18 52449 0 2 2 0 0 0 0 2 6 4 0 0 0 4 6 2 0 0 2 2 0 0 0 0 0 0 0 2 2 0 2 6 8 2 2 8 3 0 0 2 4 2 5 1
18 27609 0 2 2 0 0 0 0 2 6 4 1 0 0 2 4 3 0 0 1 2 1 0 0 0 0 0 2 3 1 0 2 6 7 1 2 6 2 1 1 3 5 3 5 1
18 70818 0 2 2 0 0 0 0 2 6 4 1 0 0 2 5 4 1 0 1 2 1 0 0 0 0 0 2 2 1 0 2 6 7 2 2 7 3 1 0 2 4 2 4 0
18 28723 0 2 2 0 0 0 0 2 6 4 1 0 0 3 5 3 0 0 1 2 1 0 0 0 0 0 1 3 1 0 1 7 7 1 2 6 2 1 0 3 5 3 5 0
18 34930 0 2 2 0 0 0 0 2 6 4 1 0 0 3 5 3 0 0 2 3 1 0 1 1 0 0 1 2 2 0 2 4 7 2 1 4 1 1 1 3 5 3 5 1
18 28699 0 2 2 0 0 0 0 2 6 4 1 0 0 3 5 3 1 0 1 1 0 0 0 0 0 0 1 3 1 0 1 7 6 2 3 7 2 1 0 3 4 3 5 0
18 35672 0 2 2 0 0 0 0 2 6 4 1 0 0 3 6 3 0 0 2 3 1 0 1 1 0 0 1 2 2 0 1 5 7 2 1 4 1 1 0 3 5 3 5 0
18 35648 0 2 2 0 0 0 0 2 6 4 1 0 0 3 6 3 1 0 2 2 1 0 0 0 0 0 1 2 2 0 1 5 6 2 2 6 3 0 0 3 4 3 5 0
18 45899 0 2 2 0 0 0 0 2 6 4 1 0 0 3 6 4 1 0 1 2 1 0 0 0 0 0 1 2 1 0 1 6 7 2 2 7 3 1 0 2 4 2 4 1
18 70834 0 2 2 0 0 0 0 2 6 4 1 0 0 3 6 4 1 0 2 3 1 0 1 1 0 0 1 2 2 0 1 4 7 3 1 5 2 1 0 2 4 2 4 0
18 70823 0 2 2 0 0 0 0 2 6 4 1 0 0 3 6 4 1 0 2 3 2 0 0 0 0 0 1 2 2 0 1 4 7 2 1 6 4 0 0 2 4 2 4 0
18 62410 0 2 2 0 0 0 0 2 6 4 1 0 0 3 7 4 1 0 2 3 1 0 1 1 0 0 1 2 2 0 0 4 7 3 1 5 2 1 0 2 4 2 4 1
18 52462 0 2 2 0 0 0 0 2 6 4 1 0 0 4 7 4 1 0 2 3 2 0 0 0 0 0 0 1 2 0 1 4 7 2 1 6 4 0 0 2 4 2 4 1
18 26862 0 2 2 0 0 0 0 2 6 4 2 0 0 2 4 4 0 0 0 2 0 0 0 0 0 0 2 2 0 0 2 8 6 2 2 6 2 0 0 4 4 4 6 0
18 27621 0 2 2 0 0 0 0 2 6 4 2 0 0 2 4 5 1 0 0 2 1 0 0 0 0 0 2 2 0 0 2 6 6 2 2 6 3 0 1 3 4 3 5 1
18 80409 0 2 2 0 0 0 0 2 6 4 2 0 0 2 4 6 2 0 0 2 2 0 0 0 0 0 2 2 0 0 2 6 6 2 2 6 4 0 0 2 4 2 4 0
18 34942 0 2 2 0 0 0 0 2 6 4 2 0 0 3 5 5 1 0 1 3 2 0 0 1 0 0 1 1 1 0 2 4 6 2 1 5 2 0 1 3 4 3 5 1
18 80412 0 2 2 0 0 0 0 2 6 4 2 0 0 3 5 6 2 0 1 3 3 0 0 1 0 0 1 2 1 0 1 4 6 2 1 5 3 0 0 2 4 2 4 0
18 77892 0 2 2 0 0 0 0 2 6 4 2 0 0 4 8 6 2 0 2 4 4 1 0 0 0 0 0 0 2 0 0 2 6 2 0 4 3 0 0 2 4 2 4 1
18 45923 0 2 2 0 0 0 0 2 6 5 1 0 0 2 5 4 1 0 1 2 1 0 0 0 0 0 1 3 1 0 1 6 7 2 2 7 3 1 0 2 4 2 4 1
18 62422 0 2 2 0 0 0 0 2 6 5 1 0 0 2 6 4 1 0 2 3 2 0 0 0 0 0 1 3 2 0 0 4 7 2 1 6 4 0 0 2 4 2 4 1
18 46825 0 2 2 0 0 0 0 2 6 5 1 0 0 3 6 4 1 0 1 2 1 0 0 0 0 0 0 3 1 0 0 6 7 2 2 7 3 1 0 2 4 2 4 0
18 52486 0 2 2 0 0 0 0 2 6 5 1 0 0 3 6 4 1 0 2 3 1 0 1 1 0 0 0 2 2 0 1 4 7 3 1 5 2 1 0 2 4 2 4 1
18 53191 0 2 2 0 0 0 0 2 6 5 1 0 0 3 7 4 1 0 2 3 1 0 1 1 0 0 0 2 2 0 0 4 7 3 1 5 2 1 0 2 4 2 4 0
18 53167 0 2 2 0 0 0 0 2 6 5 1 0 0 3 7 4 1 0 2 3 2 0 0 0 0 0 0 2 2 0 0 4 7 2 1 6 4 0 0 2 4 2 4 0
18 28735 0 2 2 0 0 0 0 2 6 5 2 0 0 2 5 5 1 0 0 2 1 0 0 0 0 0 1 2 0 0 1 7 6 2 2 6 3 0 0 3 4 3 5 0
18 45935 0 2 2 0 0 0 0 2 6 5 2 0 0 2 5 6 2 0 0 2 2 0 0 0 0 0 1 2 0 0 1 6 6 2 2 6 4 0 0 2 4 2 4 1
18 35684 0 2 2 0 0 0 0 2 6 5 2 0 0 2 6 5 1 0 1 3 2 0 0 1 0 0 1 1 1 0 1 5 6 2 1 5 2 0 0 3 4 3 5 0
18 62434 0 2 2 0 0 0 0 2 6 5 2 0 0 2 6 6 2 0 1 3 3 0 0 1 0 0 1 2 1 0 0 4 6 2 1 5 3 0 0 2 4 2 4 1
18 52498 0 2 2 0 0 0 0 2 6 5 2 0 0 3 6 6 2 0 1 3 3 0 0 1 0 0 0 1 1 0 1 4 6 2 1 5 3 0 0 2 4 2 4 1
18 70845 0 2 2 0 0 0 0 2 6 5 2 0 0 3 7 6 2 0 2 4 4 1 0 0 0 0 0 1 2 0 0 2 6 2 0 4 3 0 0 2 4 2 4 0
18 46841 0 2 2 0 0 0 0 2 6 6 2 0 0 2 6 6 2 0 0 2 2 0 0 0 0 0 0 2 0 0 0 6 6 2 2 6 4 0 0 2 4 2 4 0
18 70618 0 2 2 0 0 0 0 2 6 6 2 0 0 2 6 6 2 0 2 4 4 1 0 0 0 0 0 2 2 0 0 2 6 2 0 4 3 0 0 2 4 2 4 1
18 53203 0 2 2 0 0 0 0 2 6 6 2 0 0 2 7 6 2 0 1 3 3 0 0 1 0 0 0 1 1 0 0 4 6 2 1 5 3 0 0 2 4 2 4 0
18 31290 0 2 2 1 0 0 0 2 3 2 0 0 0 1 1 0 0 0 0 0 0 0 0 0 0 2 5 5 1 0 4 8 3 0 3 3 0 1 3 8 6 7 6 1
18 25841 0 2 2 1 0 0 0 2 3 2 0 0 0 1 1 0 0 0 0 0 0 0 0 0 0 2 5 5 1 0 4 9 3 0 4 3 0 1 2 7 6 7 6 2
18 37314 0 2 2 1 0 0 0 2 3 2 0 0 0 1 2 0 0 0 1 0 0 0 0 0 0 2 5 4 2 0 4 6 4 0 3 4 0 2 3 7 6 6 5 1
18 25847 0 2 2 1 0 0 0 2 3 2 0 0 0 1 2 0 0 0 1 0 0 0 0 0 0 2 5 5 2 0 3 7 4 0 4 4 0 2 2 6 6 6 5 2
18 48967 0 2 2 1 0 0 0 2 3 3 0 0 0 1 2 0 0 0 0 0 0 0 0 0 0 2 4 5 1 0 3 9 5 0 3 5 0 1 2 6 6 5 7 0
18 44771 0 2 2 1 0 0 0 2 3 3 0 0 0 1 2 0 0 0 0 0 0 0 0 0 0 2 4 5 1 0 3 11 5 1 4 4 1 1 0 5 5 6 5 2
18 54757 0 2 2 1 0 0 0 2 3 3 0 0 0 1 3 0 0 0 1 0 0 0 0 0 0 2 4 4 2 0 3 7 6 0 3 6 0 2 2 5 6 4 6 0
18 44777 0 2 2 1 0 0 0 2 3 3 0 0 0 1 3 0 0 0 1 0 0 0 0 0 0 2 4 5 2 0 2 9 6 2 4 4 1 2 0 4 4 6 4 2
18 61682 0 2 2 1 0 0 0 2 3 3 0 0 0 1 3 0 0 0 1 0 0 0 0 0 0 2 4 5 2 1 2 9 4 2 5 4 1 2 0 4 4 6 4 2
18 61688 0 2 2 1 0 0 0 2 3 3 0 0 0 1 4 0 0 0 2 0 0 0 0 0 0 2 4 5 3 1 1 7 5 3 5 4 2 1 0 3 3 6 4 2
18 71333 0 2 2 1 0 0 0 2 3 3 1 0 0 1 3 2 0 0 1 1 0 0 0 0 0 2 4 3 2 0 3 5 7 1 2 7 1 2 2 4 5 3 5 0
18 80701 0 2 2 1 0 0 0 2 3 3 2 0 0 1 2 4 0 0 0 2 0 0 0 0 0 2 4 3 1 0 3 5 7 2 1 7 2 1 2 4 4 3 5 0
18 25861 0 2 2 1 0 0 0 2 4 3 0 0 0 1 2 0 0 0 0 0 0 0 0 0 0 1 4 5 1 0 3 10 5 0 4 5 0 1 1 5 6 5 7 1
18 31309 0 2 2 1 0 0 0 2 4 3 0 0 0 1 2 0 0 0 0 0 0 0 0 0 0 1 4 5 1 0 3 10 5 1 3 4 1 1 1 6 5 6 5 1
18 37333 0 2 2 1 0 0 0 2 4 3 0 0 0 1 3 0 0 0 1 0 0 0 0 0 0 1 4 4 2 0 3 8 6 2 3 4 1 2 1 5 4 6 4 1
18 25867 0 2 2 1 0 0 0 2 4 3 0 0 0 1 3 0 0 0 1 0 0 0 0 0 0 1 4 5 2 0 2 8 6 0 4 6 0 2 1 4 6 4 6 1
18 25881 0 2 2 1 0 0 0 2 4 3 0 0 0 2 3 0 0 0 1 0 0 0 0 0 0 1 3 4 2 0 3 8 6 0 4 6 0 2 1 4 6 4 6 1
18 31328 0 2 2 1 0 0 0 2 4 3 0 0 0 2 3 0 0 0 1 0 0 0 0 0 0 1 3 5 2 1 2 8 4 2 4 4 1 2 1 5 4 6 4 1
18 37352 0 2 2 1 0 0 0 2 4 3 0 0 0 2 4 0 0 0 2 0 0 0 0 0 0 1 3 4 3 1 2 6 5 3 4 4 2 1 1 4 3 6 4 1
18 31291 0 2 2 1 0 0 0 2 4 3 1 0 0 1 1 1 0 0 0 0 0 0 0 0 0 1 4 4 1 0 4 8 5 0 3 5 0 1 2 6 6 5 7 0
18 27533 0 2 2 1 0 0 0 2 4 3 1 0 0 1 1 1 0 0 0 0 0 0 0 0 0 1 4 4 1 0 4 8 5 0 4 5 0 1 2 5 6 5 7 1
18 37315 0 2 2 1 0 0 0 2 4 3 1 0 0 1 2 1 0 0 1 1 0 0 0 0 0 1 4 3 2 0 4 6 5 0 2 6 0 2 2 6 6 4 6 0
18 27539 0 2 2 1 0 0 0 2 4 3 1 0 0 1 2 1 0 0 1 1 0 0 0 0 0 1 4 4 2 0 3 6 5 0 3 6 0 2 2 5 6 4 6 1
18 34855 0 2 2 1 0 0 0 2 4 3 1 0 0 2 2 2 0 0 0 1 0 0 0 0 0 1 3 3 1 0 4 7 5 0 3 6 0 2 2 5 6 4 6 1
18 31297 0 2 2 1 0 0 0 2 4 3 1 0 0 2 2 2 0 0 0 1 0 0 0 0 0 1 3 4 1 0 3 7 5 0 2 6 0 2 2 6 6 4 6 0
18 37321 0 2 2 1 0 0 0 2 4 3 1 0 0 2 3 2 0 0 1 2 0 0 1 0 0 1 3 3 2 0 3 5 5 0 1 5 0 3 2 6 7 3 5 0
18 34861 0 2 2 1 0 0 0 2 4 3 1 0 0 2 3 2 0 0 1 2 0 0 1 0 0 1 3 3 2 0 3 5 5 0 2 5 0 3 2 5 7 3 5 1
18 25895 0 2 2 1 0 0 0 2 4 3 1 0 0 2 4 2 0 0 1 1 0 0 0 0 0 1 3 3 2 0 2 6 7 1 3 7 1 2 1 3 5 3 5 1
18 48985 0 2 2 1 0 0 0 2 4 4 0 0 0 1 3 1 0 0 0 0 0 0 0 0 0 1 3 5 1 0 2 9 7 1 3 6 1 1 1 4 5 4 6 0
18 44790 0 2 2 1 0 0 0 2 4 4 0 0 0 1 3 1 0 0 0 0 0 0 0 0 0 1 3 5 1 0 2 10 7 1 4 6 1 1 0 3 5 4 6 1
18 54775 0 2 2 1 0 0 0 2 4 4 0 0 0 1 4 1 0 0 1 0 0 0 0 0 0 1 3 4 2 0 2 7 8 2 3 6 1 2 1 3 4 4 5 0
18 44796 0 2 2 1 0 0 0 2 4 4 0 0 0 1 4 1 0 0 1 0 0 0 0 0 0 1 3 5 2 0 1 8 8 2 4 6 1 2 0 2 4 4 5 1
18 64003 0 2 2 1 0 0 0 2 4 4 0 0 0 1 4 1 0 0 1 1 0 0 0 0 0 1 3 4 2 0 2 7 7 1 2 7 1 2 1 4 5 3 5 0
18 61700 0 2 2 1 0 0 0 2 4 4 0 0 0 1 4 1 0 0 1 1 0 0 0 0 0 1 3 5 2 1 1 8 5 2 4 6 1 2 0 3 4 4 5 1
18 61706 0 2 2 1 0 0 0 2 4 4 0 0 0 1 5 1 0 0 2 1 0 0 0 0 0 1 3 5 3 1 0 6 6 3 4 6 2 1 0 2 3 4 5 1
18 44809 0 2 2 1 0 0 0 2 4 4 0 0 0 2 4 1 0 0 1 1 0 0 0 0 0 1 2 4 2 0 2 8 7 1 3 7 1 2 0 3 5 3 5 1
18 49003 0 2 2 1 0 0 0 2 4 4 0 0 0 2 4 1 0 0 1 1 0 0 0 0 0 1 2 5 2 1 1 7 5 2 3 6 1 2 1 4 4 4 5 0
18 54793 0 2 2 1 0 0 0 2 4 4 0 0 0 2 5 1 0 0 2 1 0 0 0 0 0 1 2 4 3 1 1 5 6 3 3 6 2 1 1 3 3 4 5 0
18 64020 0 2 2 1 0 0 0 2 4 4 0 0 0 2 5 1 0 0 2 2 0 0 1 0 0 1 2 4 3 1 1 5 5 2 2 5 1 3 1 4 5 3 4 0
18 61718 0 2 2 1 0 0 0 2 4 4 0 0 0 2 5 1 0 0 2 2 0 0 1 0 0 1 2 4 3 1 1 6 5 2 3 5 1 3 0 3 5 3 4 1
18 48968 0 2 2 1 0 0 0 2 4 4 1 0 0 1 2 1 0 0 0 0 0 0 0 0 0 1 3 4 1 0 3 9 7 0 3 7 1 1 1 4 6 3 6 0
18 45850 0 2 2 1 0 0 0 2 4 4 1 0 0 1 2 1 0 0 0 0 0 0 0 0 0 1 3 4 1 0 3 10 7 1 4 6 1 1 0 3 5 4 6 1
18 63987 0 2 2 1 0 0 0 2 4 4 1 0 0 1 3 1 0 0 1 0 0 0 0 0 0 1 3 3 2 0 3 7 8 1 3 7 1 2 1 3 5 3 5 0
18 62365 0 2 2 1 0 0 0 2 4 4 1 0 0 1 3 1 0 0 1 0 0 0 0 0 0 1 3 4 2 1 2 8 6 2 5 6 1 2 0 2 4 4 5 1
18 54758 0 2 2 1 0 0 0 2 4 4 1 0 0 1 3 1 0 0 1 1 0 0 0 0 0 1 3 3 2 0 3 7 7 0 2 8 1 2 1 4 6 2 5 0
18 45856 0 2 2 1 0 0 0 2 4 4 1 0 0 1 3 1 0 0 1 1 0 0 0 0 0 1 3 4 2 0 2 8 7 2 3 6 1 2 0 3 4 4 5 1
18 25919 0 2 2 1 0 0 0 2 4 4 1 0 0 1 3 2 0 0 1 1 0 0 0 0 0 1 3 4 2 0 2 6 7 1 3 7 1 2 1 3 5 3 5 1
18 62370 0 2 2 1 0 0 0 2 4 4 1 0 0 1 4 1 0 0 2 1 0 0 0 0 0 1 3 4 3 1 1 6 6 3 4 6 2 1 0 2 3 4 5 1
18 71349 0 2 2 1 0 0 0 2 4 4 1 0 0 1 4 3 0 0 1 2 1 0 0 0 0 1 3 3 2 0 2 5 8 2 1 6 2 2 1 3 4 3 4 0
18 78374 0 2 2 1 0 0 0 2 4 4 1 0 0 1 4 3 1 0 1 1 0 0 0 0 0 1 3 3 2 0 2 5 7 3 2 7 2 2 1 3 3 3 4 0
18 52414 0 2 2 1 0 0 0 2 4 4 1 0 0 2 3 2 0 0 0 1 0 0 0 0 0 1 2 3 1 0 3 9 7 1 3 7 1 2 0 3 5 3 5 1
18 48973 0 2 2 1 0 0 0 2 4 4 1 0 0 2 3 2 0 0 0 1 0 0 0 0 0 1 2 4 1 0 2 8 7 1 2 7 1 2 1 4 5 3 5 0
18 63992 0 2 2 1 0 0 0 2 4 4 1 0 0 2 4 2 0 0 1 1 0 0 0 0 0 1 2 3 2 0 2 6 8 2 2 7 2 1 1 3 4 3 5 0
18 54763 0 2 2 1 0 0 0 2 4 4 1 0 0 2 4 2 0 0 1 2 0 0 1 0 0 1 2 3 2 0 2 6 7 1 1 6 1 3 1 4 6 2 4 0
18 52420 0 2 2 1 0 0 0 2 4 4 1 0 0 2 4 2 0 0 1 2 0 0 1 0 0 1 2 3 2 0 2 7 7 2 2 5 1 3 0 3 5 3 4 1
18 44822 0 2 2 1 0 0 0 2 4 4 1 0 0 2 5 3 0 0 1 2 1 0 0 0 0 1 2 3 2 0 1 6 8 2 2 6 2 2 0 2 4 3 4 1
18 71365 0 2 2 1 0 0 0 2 4 4 1 0 0 2 5 3 0 0 2 3 1 0 1 1 0 1 2 3 3 1 1 3 6 3 1 4 1 2 1 3 4 3 4 0
18 78390 0 2 2 1 0 0 0 2 4 4 1 0 0 2 5 3 1 0 2 2 1 0 0 0 0 1 2 3 3 1 1 3 5 3 2 6 3 1 1 3 3 3 4 0
18 61730 0 2 2 1 0 0 0 2 4 4 1 0 0 2 6 3 0 0 2 3 1 0 1 1 0 1 2 3 3 1 0 4 6 3 2 4 1 2 0 2 4 3 4 1
18 78359 0 2 2 1 0 0 0 2 4 4 2 0 0 1 3 3 0 0 1 2 1 0 0 0 0 1 3 2 2 0 3 5 8 1 1 7 2 2 1 3 5 2 4 0
18 71334 0 2 2 1 0 0 0 2 4 4 2 0 0 1 3 3 1 0 1 1 0 0 0 0 0 1 3 2 2 0 3 5 7 2 2 8 2 2 1 3 4 2 4 0
18 25931 0 2 2 1 0 0 0 2 4 4 2 0 0 1 3 4 0 0 0 2 0 0 0 0 0 1 3 3 1 0 2 6 7 2 2 7 2 1 1 3 4 3 5 1
18 80717 0 2 2 1 0 0 0 2 4 4 2 0 0 1 3 5 1 0 0 2 1 0 0 0 0 1 3 3 1 0 2 5 7 3 1 6 3 1 1 3 3 3 4 0
18 78364 0 2 2 1 0 0 0 2 4 4 2 0 0 2 4 4 0 0 1 3 1 0 1 1 0 1 2 2 2 0 2 4 8 2 0 5 1 2 1 3 5 2 4 0
18 77850 0 2 2 1 0 0 0 2 4 4 2 0 0 2 4 4 1 0 0 1 1 0 0 0 0 1 2 2 1 0 2 7 7 2 3 6 2 2 0 2 4 3 4 1
18 71339 0 2 2 1 0 0 0 2 4 4 2 0 0 2 4 4 1 0 1 2 1 0 0 0 0 1 2 2 2 0 2 4 7 2 1 7 3 1 1 3 4 2 4 0
18 80733 0 2 2 1 0 0 0 2 4 4 2 0 0 2 4 5 1 0 1 3 2 0 0 1 0 1 2 3 2 1 1 3 5 3 1 5 2 1 1 3 3 3 4 0
18 77855 0 2 2 1 0 0 0 2 4 4 2 0 0 2 5 4 1 0 1 2 1 0 1 1 0 1 2 2 2 0 1 5 7 3 2 4 1 2 0 2 4 3 4 1
18 80702 0 2 2 1 0 0 0 2 4 4 3 0 0 1 2 5 1 0 0 2 1 0 0 0 0 1 3 2 1 0 3 5 7 2 1 7 3 1 1 3 4 2 4 0
18 80707 0 2 2 1 0 0 0 2 4 4 3 0 0 2 3 6 1 0 0 3 2 0 0 1 0 1 2 2 1 0 2 4 7 2 0 6 2 1 1 3 4 2 4 0
18 44846 0 2 2 1 0 0 0 2 4 5 1 0 0 1 4 3 1 0 1 1 0 0 0 0 0 1 2 4 2 0 1 6 7 3 3 7 2 2 0 2 3 3 4 1
18 61742 0 2 2 1 0 0 0 2 4 5 1 0 0 1 5 3 1 0 2 2 1 0 0 0 0 1 2 4 3 1 0 4 5 3 3 6 3 1 0 2 3 3 4 1
18 44858 0 2 2 1 0 0 0 2 4 5 2 0 0 1 4 5 1 0 0 2 1 0 0 0 0 1 2 3 1 0 1 6 7 3 2 6 3 1 0 2 3 3 4 1
18 61754 0 2 2 1 0 0 0 2 4 5 2 0 0 1 5 5 1 0 1 3 2 0 0 1 0 1 2 3 2 1 0 4 5 3 2 5 2 1 0 2 3 3 4 1
18 70576 0 2 2 1 0 0 0 2 4 5 2 1 0 1 3 2 1 0 1 1 0 0 0 0 0 1 2 3 1 1 2 7 5 3 4 7 2 2 0 2 3 3 4 1
18 70581 0 2 2 1 0 0 0 2 4 5 2 1 0 1 4 2 1 0 2 2 1 0 0 0 0 1 2 3 2 1 1 5 5 3 3 6 3 1 0 2 3 3 4 1
18 80255 0 2 2 1 0 0 0 2 4 5 3 1 0 1 3 4 2 0 0 1 1 0 0 0 0 1 2 2 0 0 2 7 6 3 3 6 3 1 0 2 3 3 4 1
18 80260 0 2 2 1 0 0 0 2 4 5 3 1 0 1 4 4 2 0 1 2 2 0 0 1 0 1 2 2 1 0 1 5 6 3 2 5 2 1 0 2 3 3 4 1
18 27553 0 2 2 1 0 0 0 2 5 4 1 0 0 1 2 1 0 0 0 0 0 0 0 0 0 0 3 4 1 0 3 9 7 0 4 7 1 1 1 3 6 3 6 1
18 31310 0 2 2 1 0 0 0 2 5 4 1 0 0 1 2 1 0 0 0 0 0 0 0 0 0 0 3 4 1 0 3 10 7 1 3 6 1 1 0 4 5 4 6 0
18 37334 0 2 2 1 0 0 0 2 5 4 1 0 0 1 3 1 0 0 1 1 0 0 0 0 0 0 3 3 2 0 3 8 7 2 2 6 1 2 0 4 4 4 5 0
18 27559 0 2 2 1 0 0 0 2 5 4 1 0 0 1 3 1 0 0 1 1 0 0 0 0 0 0 3 4 2 0 2 7 7 0 3 8 1 2 1 3 6 2 5 1
18 27573 0 2 2 1 0 0 0 2 5 4 1 0 0 2 3 1 0 0 1 0 0 0 0 0 0 0 2 3 2 0 3 7 8 1 4 7 1 2 1 2 5 3 5 1
18 31330 0 2 2 1 0 0 0 2 5 4 1 0 0 2 3 1 0 0 1 0 0 0 0 0 0 0 2 4 2 1 2 8 6 2 4 6 1 2 0 3 4 4 5 0
18 34874 0 2 2 1 0 0 0 2 5 4 1 0 0 2 3 2 0 0 0 1 0 0 0 0 0 0 2 3 1 0 3 8 7 1 3 7 1 2 1 3 5 3 5 1
18 31316 0 2 2 1 0 0 0 2 5 4 1 0 0 2 3 2 0 0 0 1 0 0 0 0 0 0 2 4 1 0 2 9 7 1 2 7 1 2 0 4 5 3 5 0
18 37353 0 2 2 1 0 0 0 2 5 4 1 0 0 2 4 1 0 0 2 1 0 0 0 0 0 0 2 3 3 1 2 6 6 3 3 6 2 1 0 3 3 4 5 0
18 34880 0 2 2 1 0 0 0 2 5 4 1 0 0 2 4 2 0 0 1 2 0 0 1 0 0 0 2 3 2 0 2 6 7 1 2 6 1 3 1 3 6 2 4 1
18 37340 0 2 2 1 0 0 0 2 5 4 1 0 0 2 4 2 0 0 1 2 0 0 1 0 0 0 2 3 2 0 2 7 7 2 1 5 1 3 0 4 5 3 4 0
18 34894 0 2 2 1 0 0 0 2 5 4 1 0 0 3 4 2 0 0 1 1 0 0 0 0 0 0 1 2 2 0 3 6 8 2 3 7 2 1 1 2 4 3 5 1
18 27587 0 2 2 1 0 0 0 2 5 4 2 0 0 2 4 3 1 0 1 1 0 0 0 0 0 0 2 2 2 0 2 5 7 2 3 8 2 2 1 2 4 2 4 1
18 34908 0 2 2 1 0 0 0 2 5 4 2 0 0 3 5 4 1 0 1 2 1 0 0 0 0 0 1 1 2 0 2 4 7 2 2 7 3 1 1 2 4 2 4 1
18 48986 0 2 2 1 0 0 0 2 5 5 1 0 0 1 3 2 0 0 0 0 0 0 0 0 0 0 2 4 1 0 2 9 9 1 3 8 2 1 0 2 5 2 5 0
18 45869 0 2 2 1 0 0 0 2 5 5 1 0 0 1 3 2 0 0 0 0 0 0 0 0 0 0 2 4 1 0 2 9 9 1 4 8 2 1 0 1 5 2 5 1
18 54776 0 2 2 1 0 0 0 2 5 5 1 0 0 1 4 2 0 0 1 1 0 0 0 0 0 0 2 3 2 0 2 7 9 2 2 8 2 2 0 2 4 2 4 0
18 45875 0 2 2 1 0 0 0 2 5 5 1 0 0 1 4 2 0 0 1 1 0 0 0 0 0 0 2 4 2 0 1 7 9 2 3 8 2 2 0 1 4 2 4 1
18 62382 0 2 2 1 0 0 0 2 5 5 1 0 0 1 4 2 0 0 1 1 0 0 0 0 0 0 2 4 2 1 1 7 7 2 4 8 2 2 0 1 4 2 4 1
18 62388 0 2 2 1 0 0 0 2 5 5 1 0 0 1 5 2 0 0 2 2 0 0 0 0 0 0 2 4 3 1 0 5 7 3 3 8 3 1 0 1 3 2 4 1
18 45888 0 2 2 1 0 0 0 2 5 5 1 0 0 2 4 2 0 0 1 1 0 0 0 0 0 0 1 3 2 0 2 7 9 2 3 8 2 2 0 1 4 2 4 1
18 49004 0 2 2 1 0 0 0 2 5 5 1 0 0 2 4 2 0 0 1 1 0 0 0 0 0 0 1 4 2 1 1 7 7 2 3 8 2 2 0 2 4 2 4 0
18 52432 0 2 2 1 0 0 0 2 5 5 1 0 0 2 4 3 0 0 0 1 0 0 0 0 0 0 1 3 1 0 2 8 9 2 3 8 2 2 0 1 4 2 4 1
18 48991 0 2 2 1 0 0 0 2 5 5 1 0 0 2 4 3 0 0 0 1 0 0 0 0 0 0 1 4 1 0 1 8 9 2 2 8 2 2 0 2 4 2 4 0
18 54794 0 2 2 1 0 0 0 2 5 5 1 0 0 2 5 2 0 0 2 2 0 0 0 0 0 0 1 3 3 1 1 5 7 3 2 8 3 1 0 2 3 2 4 0
18 64021 0 2 2 1 0 0 0 2 5 5 1 0 0 2 5 2 0 0 2 2 0 0 1 0 0 0 1 3 3 1 1 5 7 3 2 6 2 3 0 2 4 2 3 0
18 62400 0 2 2 1 0 0 0 2 5 5 1 0 0 2 5 2 0 0 2 2 0 0 1 0 0 0 1 3 3 1 1 5 7 3 3 6 2 3 0 1 4 2 3 1
18 64009 0 2 2 1 0 0 0 2 5 5 1 0 0 2 5 3 0 0 1 2 0 0 0 0 0 0 1 3 2 0 1 6 9 3 1 8 3 1 0 2 3 2 4 0
18 54781 0 2 2 1 0 0 0 2 5 5 1 0 0 2 5 3 0 0 1 2 0 0 1 0 0 0 1 3 2 0 1 6 9 3 1 6 2 3 0 2 4 2 3 0
18 52438 0 2 2 1 0 0 0 2 5 5 1 0 0 2 5 3 0 0 1 2 0 0 1 0 0 0 1 3 2 0 1 6 9 3 2 6 2 3 0 1 4 2 3 1
18 52451 0 2 2 1 0 0 0 2 5 5 1 0 0 3 5 3 0 0 1 2 0 0 0 0 0 0 0 2 2 0 2 6 9 3 2 8 3 1 0 1 3 2 4 1
18 27611 0 2 2 1 0 0 0 2 5 5 2 0 0 1 3 3 0 0 1 2 1 0 0 0 0 0 2 3 2 0 2 5 8 1 2 7 2 2 1 2 5 2 4 1
18 71350 0 2 2 1 0 0 0 2 5 5 2 0 0 1 4 4 1 0 1 2 1 0 0 0 0 0 2 2 2 0 2 5 8 3 1 7 3 2 0 2 3 2 3 0
18 34932 0 2 2 1 0 0 0 2 5 5 2 0 0 2 4 4 0 0 1 3 1 0 1 1 0 0 1 2 2 0 2 4 8 2 1 5 1 2 1 2 5 2 4 1
18 31368 0 2 2 1 0 0 0 2 5 5 2 0 0 2 4 4 1 0 0 1 1 0 0 0 0 0 1 3 1 0 1 7 7 2 2 6 2 2 0 3 4 3 4 0
18 45901 0 2 2 1 0 0 0 2 5 5 2 0 0 2 5 4 1 0 1 2 1 0 0 0 0 0 1 2 2 0 1 5 8 3 2 7 3 2 0 1 3 2 3 1
18 37391 0 2 2 1 0 0 0 2 5 5 2 0 0 2 5 4 1 0 1 2 1 0 1 1 0 0 1 2 2 0 1 5 7 3 1 4 1 2 0 3 4 3 4 0
18 71366 0 2 2 1 0 0 0 2 5 5 2 0 0 2 5 4 1 0 2 3 1 0 1 1 0 0 1 2 3 1 1 3 6 4 1 5 2 2 0 2 3 2 3 0
18 78391 0 2 2 1 0 0 0 2 5 5 2 0 0 2 5 4 1 0 2 3 2 0 0 0 0 0 1 2 3 1 1 3 6 3 1 6 4 1 0 2 3 2 3 0
18 78380 0 2 2 1 0 0 0 2 5 5 2 0 0 2 5 5 1 0 1 3 1 0 1 1 0 0 1 2 2 0 1 4 8 4 0 5 2 2 0 2 3 2 3 0
18 71355 0 2 2 1 0 0 0 2 5 5 2 0 0 2 5 5 1 0 1 3 2 0 0 0 0 0 1 2 2 0 1 4 8 3 0 6 4 1 0 2 3 2 3 0
18 77866 0 2 2 1 0 0 0 2 5 5 2 0 0 2 5 5 2 0 0 1 1 0 0 0 0 0 1 2 1 0 1 6 7 3 3 7 3 2 0 1 3 2 3 1
18 62412 0 2 2 1 0 0 0 2 5 5 2 0 0 2 6 4 1 0 2 3 1 0 1 1 0 0 1 2 3 1 0 3 6 4 2 5 2 2 0 1 3 2 3 1
18 77871 0 2 2 1 0 0 0 2 5 5 2 0 0 2 6 5 2 0 1 2 1 0 1 1 0 0 1 2 2 0 0 4 7 4 2 5 2 2 0 1 3 2 3 1
18 52464 0 2 2 1 0 0 0 2 5 5 2 0 0 3 6 5 1 0 1 3 2 0 0 0 0 0 0 1 2 0 1 4 8 3 1 6 4 1 0 1 3 2 3 1
18 77882 0 2 2 1 0 0 0 2 5 5 2 0 0 3 6 5 2 0 1 2 2 0 0 0 0 0 0 1 2 0 1 4 7 3 2 6 4 1 0 1 3 2 3 1
18 31344 0 2 2 1 0 0 0 2 5 5 2 1 0 2 4 2 1 0 1 1 0 0 0 0 0 0 1 3 1 1 1 7 5 3 3 7 2 2 0 3 3 3 4 0
18 37367 0 2 2 1 0 0 0 2 5 5 2 1 0 2 5 2 1 0 2 2 1 0 0 0 0 0 1 2 2 1 1 5 5 3 2 6 3 1 0 3 3 3 4 0
18 27623 0 2 2 1 0 0 0 2 5 5 3 0 0 1 3 5 1 0 0 2 1 0 0 0 0 0 2 2 1 0 2 5 7 2 2 7 3 1 1 2 4 2 4 1
18 80718 0 2 2 1 0 0 0 2 5 5 3 0 0 1 3 6 2 0 0 2 2 0 0 0 0 0 2 2 1 0 2 5 7 3 1 6 4 1 0 2 3 2 3 0
18 34944 0 2 2 1 0 0 0 2 5 5 3 0 0 2 4 6 1 0 0 3 2 0 0 1 0 0 1 1 1 0 2 4 7 2 1 6 2 1 1 2 4 2 4 1
18 80734 0 2 2 1 0 0 0 2 5 5 3 0 0 2 4 6 2 0 1 3 3 0 0 1 0 0 1 2 2 1 1 3 5 3 1 5 3 1 0 2 3 2 3 0
18 80723 0 2 2 1 0 0 0 2 5 5 3 0 0 2 4 7 2 0 0 3 3 0 0 1 0 0 1 2 1 0 1 4 7 3 0 5 3 1 0 2 3 2 3 0
18 77894 0 2 2 1 0 0 0 2 5 5 3 0 0 3 7 7 3 0 1 3 4 1 0 0 0 0 0 0 2 0 0 2 6 3 1 4 3 1 0 1 3 2 3 1
18 45925 0 2 2 1 0 0 0 2 5 6 2 0 0 1 4 4 1 0 1 2 1 0 0 0 0 0 1 3 2 0 1 5 8 3 2 7 3 2 0 1 3 2 3 1
18 62424 0 2 2 1 0 0 0 2 5 6 2 0 0 1 5 4 1 0 2 3 2 0 0 0 0 0 1 3 3 1 0 3 6 3 2 6 4 1 0 1 3 2 3 1
18 52488 0 2 2 1 0 0 0 2 5 6 2 0 0 2 5 5 1 0 1 3 1 0 1 1 0 0 0 2 2 0 1 4 8 4 1 5 2 2 0 1 3 2 3 1
18 49041 0 2 2 1 0 0 0 2 5 6 2 0 0 2 5 5 2 0 0 1 1 0 0 0 0 0 0 3 1 0 0 6 7 3 2 7 3 2 0 2 3 2 3 0
18 54830 0 2 2 1 0 0 0 2 5 6 2 0 0 2 6 5 2 0 1 2 1 0 1 1 0 0 0 2 2 0 0 4 7 4 1 5 2 2 0 2 3 2 3 0
18 64044 0 2 2 1 0 0 0 2 5 6 2 0 0 2 6 5 2 0 1 2 2 0 0 0 0 0 0 2 2 0 0 4 7 3 1 6 4 1 0 2 3 2 3 0
18 70592 0 2 2 1 0 0 0 2 5 6 2 1 0 1 4 3 1 0 1 2 1 0 0 0 0 0 1 3 1 1 1 6 6 3 3 7 3 2 0 1 3 2 3 1
18 70597 0 2 2 1 0 0 0 2 5 6 2 1 0 1 5 3 1 0 2 3 2 0 0 0 0 0 1 3 2 1 0 4 6 3 2 6 4 1 0 1 3 2 3 1
18 49017 0 2 2 1 0 0 0 2 5 6 2 1 0 2 5 3 1 0 1 2 1 0 0 0 0 0 0 3 1 1 0 6 6 3 2 7 3 2 0 2 3 2 3 0
18 70608 0 2 2 1 0 0 0 2 5 6 2 1 0 2 5 3 1 0 2 3 1 0 1 1 0 0 0 2 2 1 1 4 6 4 2 5 2 2 0 1 3 2 3 1
18 64032 0 2 2 1 0 0 0 2 5 6 2 1 0 2 6 3 1 0 2 3 1 0 1 1 0 0 0 2 2 1 0 4 6 4 1 5 2 2 0 2 3 2 3 0
18 54806 0 2 2 1 0 0 0 2 5 6 2 1 0 2 6 3 1 0 2 3 2 0 0 0 0 0 0 2 2 1 0 4 6 3 1 6 4 1 0 2 3 2 3 0
18 45937 0 2 2 1 0 0 0 2 5 6 3 0 0 1 4 6 2 0 0 2 2 0 0 0 0 0 1 2 1 0 1 5 7 3 2 6 4 1 0 1 3 2 3 1
18 62436 0 2 2 1 0 0 0 2 5 6 3 0 0 1 5 6 2 0 1 3 3 0 0 1 0 0 1 2 2 1 0 3 5 3 2 5 3 1 0 1 3 2 3 1
18 52500 0 2 2 1 0 0 0 2 5 6 3 0 0 2 5 7 2 0 0 3 3 0 0 1 0 0 0 1 1 0 1 4 7 3 1 5 3 1 0 1 3 2 3 1
18 71377 0 2 2 1 0 0 0 2 5 6 3 0 0 2 6 7 3 0 1 3 4 1 0 0 0 0 0 1 2 0 0 2 6 3 0 4 3 1 0 2 3 2 3 0
18 31380 0 2 2 1 0 0 0 2 5 6 3 1 0 1 4 4 2 0 0 1 1 0 0 0 0 0 1 2 0 0 1 7 6 3 2 6 3 1 0 3 3 3 4 0
18 80271 0 2 2 1 0 0 0 2 5 6 3 1 0 1 4 5 3 0 0 1 2 0 0 0 0 0 1 2 0 0 1 6 6 3 3 6 4 1 0 1 3 2 3 1
18 37403 0 2 2 1 0 0 0 2 5 6 3 1 0 1 5 4 2 0 1 2 2 0 0 1 0 0 1 1 1 0 1 5 6 3 1 5 2 1 0 3 3 3 4 0
18 80276 0 2 2 1 0 0 0 2 5 6 3 1 0 1 5 5 3 0 1 2 3 0 0 1 0 0 1 2 1 0 0 4 6 3 2 5 3 1 0 1 3 2 3 1
18 80287 0 2 2 1 0 0 0 2 5 6 3 1 0 2 5 5 3 0 1 2 3 0 0 1 0 0 0 1 1 0 1 4 6 3 2 5 3 1 0 1 3 2 3 1
18 78402 0 2 2 1 0 0 0 2 5 6 3 1 0 2 6 5 2 0 2 4 4 1 0 0 0 0 0 1 2 1 0 2 5 3 0 4 3 1 0 2 3 2 3 0
18 70620 0 2 2 1 0 0 0 2 5 7 3 1 0 1 5 5 2 0 2 4 4 1 0 0 0 0 0 2 2 1 0 2 5 3 1 4 3 1 0 1 3 2 3 1
18 49053 0 2 2 1 0 0 0 2 5 7 3 1 0 1 5 5 3 0 0 1 2 0 0 0 0 0 0 2 0 0 0 6 6 3 2 6 4 1 0 2 3 2 3 0
18 54842 0 2 2 1 0 0 0 2 5 7 3 1 0 1 6 5 3 0 1 2 3 0 0 1 0 0 0 1 1 0 0 4 6 3 1 5 3 1 0 2 3 2 3 0
18 74020 0 2 2 1 1 0 0 2 3 2 2 0 0 1 2 2 0 0 1 2 0 0 1 0 0 2 4 3 3 1 3 4 5 2 2 5 1 3 2 4 5 3 4 0
18 82485 0 2 2 1 1 0 0 2 3 2 3 0 0 1 1 4 0 0 0 3 0 0 1 0 0 2 4 3 2 1 3 4 5 3 1 5 2 2 2 4 4 3 4 0
18 25905 0 2 2 1 1 0 0 2 4 2 2 0 0 2 3 2 0 0 2 2 0 0 1 0 0 1 3 3 3 1 2 4 5 2 3 5 1 3 1 3 5 3 4 1
18 74036 0 2 2 1 1 0 0 2 4 3 2 0 0 1 3 3 0 0 1 3 1 0 1 1 0 1 3 3 3 1 2 4 6 3 1 4 1 2 1 3 4 3 4 0
18 44832 0 2 2 1 1 0 0 2 4 3 2 0 0 2 4 3 0 0 2 3 1 0 1 1 0 1 2 3 3 1 1 4 6 3 2 4 1 2 0 2 4 3 4 1
18 25941 0 2 2 1 1 0 0 2 4 3 3 0 0 1 2 4 0 0 1 3 0 0 1 0 0 1 3 3 2 1 2 4 5 3 2 5 2 2 1 3 4 3 4 1
18 82501 0 2 2 1 1 0 0 2 4 3 3 0 0 1 2 5 1 0 0 3 1 0 1 1 0 1 3 3 2 1 2 4 5 4 1 4 2 1 1 3 3 3 4 0
18 74021 0 2 2 1 1 0 0 2 4 3 3 1 0 1 2 2 1 0 1 2 0 0 1 0 0 1 3 2 2 1 3 5 5 3 2 6 2 3 1 3 4 2 3 0
18 74026 0 2 2 1 1 0 0 2 4 3 3 1 0 2 3 3 2 0 1 2 1 0 1 0 0 1 2 2 2 0 2 4 6 3 1 5 3 2 1 3 4 2 3 0
18 82486 0 2 2 1 1 0 0 2 4 3 4 1 0 1 1 4 1 0 0 3 1 0 1 0 0 1 3 2 1 1 3 5 5 3 1 5 3 2 1 3 4 2 3 0
18 82491 0 2 2 1 1 0 0 2 4 3 4 1 0 2 2 5 2 0 0 3 2 0 1 1 0 1 2 2 1 0 2 4 6 3 0 4 2 2 1 3 4 2 3 0
18 44868 0 2 2 1 1 0 0 2 4 4 3 0 0 1 3 5 1 0 1 3 1 0 1 1 0 1 2 3 2 1 1 4 5 4 2 4 2 1 0 2 3 3 4 1
18 27597 0 2 2 1 1 0 0 2 5 3 3 1 0 2 3 2 1 0 2 2 0 0 1 0 0 0 2 2 2 1 2 4 5 3 3 6 2 3 1 2 4 2 3 1
18 34918 0 2 2 1 1 0 0 2 5 3 3 1 0 3 4 3 2 0 2 2 1 0 1 0 0 0 1 1 2 0 2 3 6 3 2 5 3 2 1 2 4 2 3 1
18 74037 0 2 2 1 1 0 0 2 5 4 3 1 0 1 3 3 1 0 1 3 1 0 1 1 0 0 2 2 2 1 2 5 6 4 1 5 2 2 0 2 3 2 3 0
18 45911 0 2 2 1 1 0 0 2 5 4 3 1 0 2 4 3 1 0 2 3 1 0 1 1 0 0 1 2 2 1 1 4 6 4 2 5 2 2 0 1 3 2 3 1
18 74042 0 2 2 1 1 0 0 2 5 4 3 1 0 2 4 4 2 0 1 3 2 0 1 1 0 0 1 2 2 0 1 4 7 4 0 4 3 1 0 2 3 2 3 0
18 52474 0 2 2 1 1 0 0 2 5 4 3 1 0 3 5 4 2 0 2 3 2 0 1 1 0 0 0 1 2 0 1 3 7 4 1 4 3 1 0 1 3 2 3 1
18 27633 0 2 2 1 1 0 0 2 5 4 4 1 0 1 2 4 1 0 1 3 1 0 1 0 0 0 2 2 1 1 2 4 5 3 2 5 3 2 1 2 4 2 3 1
18 82502 0 2 2 1 1 0 0 2 5 4 4 1 0 1 2 5 2 0 0 3 2 0 1 1 0 0 2 2 1 1 2 5 5 4 1 4 3 1 0 2 3 2 3 0
18 34954 0 2 2 1 1 0 0 2 5 4 4 1 0 2 3 5 2 0 1 3 2 0 1 1 0 0 1 1 1 0 2 3 6 3 1 4 2 2 1 2 4 2 3 1
18 82507 0 2 2 1 1 0 0 2 5 4 4 1 0 2 3 6 3 0 0 3 3 0 1 2 0 0 1 2 1 0 1 4 6 4 0 3 2 1 0 2 3 2 3 0
18 45947 0 2 2 1 1 0 0 2 5 5 4 1 0 1 3 5 2 0 1 3 2 0 1 1 0 0 1 2 1 1 1 4 5 4 2 4 3 1 0 1 3 2 3 1
18 52510 0 2 2 1 1 0 0 2 5 5 4 1 0 2 4 6 3 0 1 3 3 0 1 2 0 0 0 1 1 0 1 3 6 4 1 3 2 1 0 1 3 2 3 1
18 91735 0 2 2 2 0 0 0 2 2 4 0 0 0 0 2 0 0 0 0 0 0 0 0 0 0 2 4 6 2 0 2 8 6 0 2 6 0 2 2 6 6 4 6 0
18 88871 0 2 2 2 0 0 0 2 2 4 0 0 0 0 2 0 0 0 0 0 0 0 0 0 0 2 4 6 2 0 2 10 6 2 4 4 2 0 0 4 4 6 5 2
18 95409 0 2 2 2 0 0 0 2 2 4 0 0 0 0 3 0 0 0 1 0 0 0 0 0 0 2 4 5 3 0 2 6 7 0 2 7 0 3 2 5 6 3 5 0
18 88876 0 2 2 2 0 0 0 2 2 4 0 0 0 0 3 0 0 0 1 0 0 0 0 0 0 2 4 6 3 1 1 8 5 3 5 4 2 1 0 3 3 6 4 2
18 100146 0 2 2 2 0 0 0 2 2 4 0 0 0 0 4 0 0 0 2 0 0 0 0 0 0 2 4 6 4 2 0 6 4 4 6 4 3 0 0 2 2 6 4 2
18 106186 0 2 2 2 0 0 0 2 2 4 1 0 0 0 3 2 0 0 1 1 0 0 0 0 0 2 4 4 3 0 2 4 8 1 1 8 1 3 2 4 5 2 4 0
18 112660 0 2 2 2 0 0 0 2 2 4 2 0 0 0 2 4 0 0 0 2 0 0 0 0 0 2 4 4 2 0 2 4 8 2 0 8 2 2 2 4 4 2 4 0
18 91736 0 2 2 2 0 0 0 2 3 5 1 0 0 0 2 1 0 0 0 0 0 0 0 0 0 1 3 5 2 0 2 8 8 1 2 7 1 2 1 4 5 3 5 0
18 88887 0 2 2 2 0 0 0 2 3 5 1 0 0 0 2 1 0 0 0 0 0 0 0 0 0 1 3 5 2 0 2 9 8 2 4 6 2 0 0 2 4 4 6 1
18 95424 0 2 2 2 0 0 0 2 3 5 1 0 0 0 3 1 0 0 1 0 0 0 0 0 0 1 3 4 3 0 2 6 9 2 2 7 1 3 1 3 4 3 4 0
18 88892 0 2 2 2 0 0 0 2 3 5 1 0 0 0 3 1 0 0 1 0 0 0 0 0 0 1 3 5 3 1 1 7 7 3 5 6 2 1 0 1 3 4 5 1
18 95410 0 2 2 2 0 0 0 2 3 5 1 0 0 0 3 1 0 0 1 1 0 0 0 0 0 1 3 4 3 0 2 6 8 1 1 8 1 3 1 4 5 2 4 0
18 89734 0 2 2 2 0 0 0 2 3 5 1 0 0 0 3 1 0 0 1 1 0 0 0 0 0 1 3 5 3 1 1 7 6 3 4 6 2 1 0 2 3 4 5 1
18 100161 0 2 2 2 0 0 0 2 3 5 1 0 0 0 4 1 0 0 2 1 0 0 0 0 0 1 3 5 4 2 0 5 5 4 5 6 3 0 0 1 2 4 5 1
18 88903 0 2 2 2 0 0 0 2 3 5 1 0 0 1 3 2 0 0 0 1 0 0 0 0 0 1 2 4 2 0 2 8 8 2 3 7 2 1 0 2 4 3 5 1
18 91739 0 2 2 2 0 0 0 2 3 5 1 0 0 1 3 2 0 0 0 1 0 0 0 0 0 1 2 5 2 1 1 7 6 2 2 7 1 3 1 4 4 3 4 0
18 95439 0 2 2 2 0 0 0 2 3 5 1 0 0 1 4 2 0 0 1 1 0 0 0 0 0 1 2 4 3 1 1 5 7 3 2 7 2 2 1 3 3 3 4 0
18 95414 0 2 2 2 0 0 0 2 3 5 1 0 0 1 4 2 0 0 1 2 0 0 1 0 0 1 2 4 3 1 1 5 6 2 1 6 1 4 1 4 5 2 3 0
18 94164 0 2 2 2 0 0 0 2 3 5 1 0 0 1 4 2 0 0 1 2 0 0 1 0 0 1 2 4 3 1 1 6 6 3 3 5 2 2 0 2 4 3 4 1
18 106199 0 2 2 2 0 0 0 2 3 5 2 0 0 0 3 3 0 0 1 2 1 0 0 0 0 1 3 3 3 0 2 4 9 2 0 7 2 3 1 3 4 2 3 0
18 106187 0 2 2 2 0 0 0 2 3 5 2 0 0 0 3 3 1 0 1 1 0 0 0 0 0 1 3 3 3 0 2 4 8 3 1 8 2 3 1 3 3 2 3 0
18 106212 0 2 2 2 0 0 0 2 3 5 2 0 0 1 4 4 0 0 1 3 1 0 1 1 0 1 2 3 3 1 1 3 7 3 0 5 1 3 1 3 4 2 3 0
18 88914 0 2 2 2 0 0 0 2 3 5 2 0 0 1 4 4 1 0 0 1 1 0 0 0 0 1 2 3 2 0 1 6 8 3 3 6 3 1 0 1 3 3 4 1
18 106191 0 2 2 2 0 0 0 2 3 5 2 0 0 1 4 4 1 0 1 2 1 0 0 0 0 1 2 3 3 1 1 3 6 3 1 7 3 2 1 3 3 2 3 0
18 100181 0 2 2 2 0 0 0 2 3 5 2 0 0 1 5 4 1 0 1 2 1 0 1 1 0 1 2 3 3 1 0 4 6 4 3 4 2 1 0 1 3 3 4 1
18 112661 0 2 2 2 0 0 0 2 3 5 3 0 0 0 2 5 1 0 0 2 1 0 0 0 0 1 3 3 2 0 2 4 8 3 0 7 3 2 1 3 3 2 3 0
18 112664 0 2 2 2 0 0 0 2 3 5 3 0 0 1 3 6 1 0 0 3 2 0 0 1 0 1 2 3 2 1 1 3 6 3 0 6 2 2 1 3 3 2 3 0
18 88936 0 2 2 2 0 0 0 2 3 6 2 1 0 0 3 2 1 0 1 1 0 0 0 0 0 1 2 4 2 1 1 6 6 4 4 7 3 1 0 1 2 3 4 1
18 100191 0 2 2 2 0 0 0 2 3 6 2 1 0 0 4 2 1 0 2 2 1 0 0 0 0 1 2 4 3 2 0 4 4 4 4 6 4 0 0 1 2 3 4 1
18 88946 0 2 2 2 0 0 0 2 3 6 3 1 0 0 3 4 2 0 0 1 1 0 0 0 0 1 2 3 1 0 1 6 7 4 3 6 4 0 0 1 2 3 4 1
18 100201 0 2 2 2 0 0 0 2 3 6 3 1 0 0 4 4 2 0 1 2 2 0 0 1 0 1 2 3 2 1 0 4 5 4 3 5 3 0 0 1 2 3 4 1
18 91745 0 2 2 2 0 0 0 2 4 6 2 0 0 0 2 2 0 0 0 0 0 0 0 0 0 0 2 4 2 0 2 8 10 2 2 8 2 2 0 2 4 2 4 0
18 89745 0 2 2 2 0 0 0 2 4 6 2 0 0 0 2 2 0 0 0 0 0 0 0 0 0 0 2 4 2 0 2 8 10 2 4 8 3 0 0 0 4 2 5 1
18 95425 0 2 2 2 0 0 0 2 4 6 2 0 0 0 3 2 0 0 1 1 0 0 0 0 0 0 2 3 3 0 2 6 10 3 1 8 2 3 0 2 3 2 3 0
18 89750 0 2 2 2 0 0 0 2 4 6 2 0 0 0 3 2 0 0 1 1 0 0 0 0 0 0 2 4 3 1 1 6 8 3 4 8 3 1 0 0 3 2 4 1
18 100664 0 2 2 2 0 0 0 2 4 6 2 0 0 0 4 2 0 0 2 2 0 0 0 0 0 0 2 4 4 2 0 4 6 4 4 8 4 0 0 0 2 2 4 1
18 89761 0 2 2 2 0 0 0 2 4 6 2 0 0 1 3 3 0 0 0 1 0 0 0 0 0 0 1 3 2 0 2 7 10 3 3 8 3 1 0 0 3 2 4 1
18 91748 0 2 2 2 0 0 0 2 4 6 2 0 0 1 3 3 0 0 0 1 0 0 0 0 0 0 1 4 2 1 1 7 8 3 2 8 2 3 0 2 3 2 3 0
18 95440 0 2 2 2 0 0 0 2 4 6 2 0 0 1 4 3 0 0 1 2 0 0 0 0 0 0 1 3 3 1 1 5 8 4 1 8 3 2 0 2 2 2 3 0
18 95429 0 2 2 2 0 0 0 2 4 6 2 0 0 1 4 3 0 0 1 2 0 0 1 0 0 0 1 3 3 1 1 5 8 4 1 6 2 4 0 2 3 2 2 0
18 94179 0 2 2 2 0 0 0 2 4 6 2 0 0 1 4 3 0 0 1 2 0 0 1 0 0 0 1 3 3 1 1 5 8 4 3 6 3 2 0 0 3 2 3 1
18 94190 0 2 2 2 0 0 0 2 4 6 2 0 0 2 4 4 0 0 0 2 0 0 0 0 0 0 0 2 2 0 2 6 10 4 2 8 4 0 0 0 2 2 4 1
18 106200 0 2 2 2 0 0 0 2 4 6 3 0 0 0 3 4 1 0 1 2 1 0 0 0 0 0 2 2 3 0 2 4 9 4 0 7 3 3 0 2 2 2 2 0
18 106213 0 2 2 2 0 0 0 2 4 6 3 0 0 1 4 5 1 0 1 3 1 0 1 1 0 0 1 2 3 1 1 3 7 5 0 5 2 3 0 2 2 2 2 0
18 106204 0 2 2 2 0 0 0 2 4 6 3 0 0 1 4 5 1 0 1 3 2 0 0 0 0 0 1 2 3 1 1 3 7 4 0 6 4 2 0 2 2 2 2 0
18 89772 0 2 2 2 0 0 0 2 4 6 3 0 0 1 4 5 2 0 0 1 1 0 0 0 0 0 1 2 2 0 1 5 8 4 3 7 4 1 0 0 2 2 3 1
18 100684 0 2 2 2 0 0 0 2 4 6 3 0 0 1 5 5 2 0 1 2 1 0 1 1 0 0 1 2 3 1 0 3 6 5 3 5 3 1 0 0 2 2 3 1
18 94201 0 2 2 2 0 0 0 2 4 6 3 0 0 2 5 6 2 0 0 2 2 0 0 0 0 0 0 1 2 0 1 4 8 4 2 6 5 0 0 0 2 2 3 1
18 112670 0 2 2 2 0 0 0 2 4 6 4 0 0 0 2 6 2 0 0 2 2 0 0 0 0 0 2 2 2 0 2 4 8 4 0 6 4 2 0 2 2 2 2 0
18 112673 0 2 2 2 0 0 0 2 4 6 4 0 0 1 3 7 2 0 0 3 3 0 0 1 0 0 1 2 2 1 1 3 6 4 0 5 3 2 0 2 2 2 2 0
18 111064 0 2 2 2 0 0 0 2 4 6 4 0 0 2 6 8 4 0 0 2 4 1 0 0 0 0 0 0 2 0 0 2 6 4 2 4 4 0 0 0 2 2 3 1
18 89794 0 2 2 2 0 0 0 2 4 7 3 1 0 0 3 3 1 0 1 2 1 0 0 0 0 0 1 3 2 1 1 5 7 4 3 7 4 1 0 0 2 2 3 1
18 100694 0 2 2 2 0 0 0 2 4 7 3 1 0 0 4 3 1 0 2 3 2 0 0 0 0 0 1 3 3 2 0 3 5 4 3 6 5 0 0 0 2 2 3 1
18 94223 0 2 2 2 0 0 0 2 4 7 3 1 0 1 4 4 1 0 1 3 1 0 1 1 0 0 0 2 2 1 1 4 7 5 2 5 3 1 0 0 2 2 3 1
18 91758 0 2 2 2 0 0 0 2 4 7 3 1 0 1 4 4 2 0 0 1 1 0 0 0 0 0 0 3 1 1 0 6 6 4 2 7 3 3 0 2 2 2 2 0
18 95472 0 2 2 2 0 0 0 2 4 7 3 1 0 1 5 4 2 0 1 2 1 0 1 1 0 0 0 2 2 1 0 4 6 5 1 5 2 3 0 2 2 2 2 0
18 95450 0 2 2 2 0 0 0 2 4 7 3 1 0 1 5 4 2 0 1 2 2 0 0 0 0 0 0 2 2 1 0 4 6 4 1 6 4 2 0 2 2 2 2 0
18 89804 0 2 2 2 0 0 0 2 4 7 4 1 0 0 3 5 3 0 0 1 2 0 0 0 0 0 1 2 1 0 1 5 7 4 3 6 5 0 0 0 2 2 3 1
18 100704 0 2 2 2 0 0 0 2 4 7 4 1 0 0 4 5 3 0 1 2 3 0 0 1 0 0 1 2 2 1 0 3 5 4 3 5 4 0 0 0 2 2 3 1
18 94233 0 2 2 2 0 0 0 2 4 7 4 1 0 1 4 6 3 0 0 2 3 0 0 1 0 0 0 1 1 0 1 4 7 4 2 5 4 0 0 0 2 2 3 1
18 106222 0 2 2 2 0 0 0 2 4 7 4 1 0 1 5 6 3 0 1 3 4 1 0 0 0 0 0 1 2 1 0 2 5 4 0 4 3 2 0 2 2 2 2 0
18 105849 0 2 2 2 0 0 0 2 4 8 4 2 0 0 4 4 2 0 2 4 4 1 0 0 0 0 0 2 2 2 0 2 4 4 2 4 4 0 0 0 2 2 3 1
18 91774 0 2 2 2 0 0 0 2 4 8 4 2 0 0 4 4 4 0 0 0 2 0 0 0 0 0 0 2 0 0 0 6 6 4 2 6 4 2 0 2 2 2 2 0
18 95482 0 2 2 2 0 0 0 2 4 8 4 2 0 0 5 4 4 0 1 1 3 0 0 1 0 0 0 1 1 0 0 4 6 4 1 5 3 2 0 2 2 2 2 0
18 107958 0 2 2 2 1 0 0 2 2 3 2 0 0 0 2 2 0 0 1 2 0 0 1 0 0 2 4 4 4 1 2 3 6 2 1 6 1 4 2 4 5 2 3 0
18 113755 0 2 2 2 1 0 0 2 2 3 3 0 0 0 1 4 0 0 0 3 0 0 1 0 0 2 4 4 3 1 2 3 6 3 0 6 2 3 2 4 4 2 3 0
18 107971 0 2 2 2 1 0 0 2 3 4 3 0 0 0 2 3 0 0 1 3 1 0 1 1 0 1 3 3 4 1 2 3 7 3 0 5 1 3 1 3 4 2 3 0
18 88923 0 2 2 2 1 0 0 2 3 4 3 0 0 1 3 4 1 0 1 2 2 0 0 1 0 1 2 3 3 1 1 4 6 3 3 5 2 1 0 1 3 3 4 1
18 107959 0 2 2 2 1 0 0 2 3 4 3 1 0 0 2 2 1 0 1 2 0 0 1 0 0 1 3 3 3 1 2 4 6 4 1 6 2 4 1 3 3 2 2 0
18 107963 0 2 2 2 1 0 0 2 3 4 3 1 0 1 3 3 2 0 1 2 1 0 1 0 0 1 2 3 3 1 1 3 5 4 1 5 3 3 1 3 3 2 2 0
18 113768 0 2 2 2 1 0 0 2 3 4 4 0 0 0 1 5 1 0 0 3 1 0 1 1 0 1 3 3 3 1 2 3 6 4 0 5 2 2 1 3 3 2 3 0
18 113756 0 2 2 2 1 0 0 2 3 4 4 1 0 0 1 4 1 0 0 3 1 0 1 0 0 1 3 3 2 1 2 4 6 4 0 5 3 3 1 3 3 2 2 0
18 113760 0 2 2 2 1 0 0 2 3 4 4 1 0 1 2 5 2 0 0 3 2 0 1 1 0 1 2 3 2 1 1 3 5 4 0 4 2 3 1 3 3 2 2 0
18 88955 0 2 2 2 1 0 0 2 3 5 4 1 0 0 2 4 2 0 1 2 2 0 0 1 0 1 2 3 2 1 1 4 5 4 3 5 3 0 0 1 2 3 4 1
18 107972 0 2 2 2 1 0 0 2 4 5 4 1 0 0 2 3 1 0 1 3 1 0 1 1 0 0 2 2 3 1 2 4 7 5 0 5 2 3 0 2 2 2 2 0
18 89781 0 2 2 2 1 0 0 2 4 5 4 1 0 1 3 4 2 0 1 2 2 0 0 1 0 0 1 2 2 1 1 4 6 4 3 6 3 1 0 0 2 2 3 1
18 107976 0 2 2 2 1 0 0 2 4 5 4 1 0 1 3 4 2 0 1 3 2 0 1 1 0 0 1 2 3 1 1 3 6 5 0 4 3 2 0 2 2 2 2 0
18 94210 0 2 2 2 1 0 0 2 4 5 4 1 0 2 4 5 3 0 1 2 3 0 0 1 0 0 0 1 2 0 1 3 7 4 2 5 4 0 0 0 2 2 3 1
18 113769 0 2 2 2 1 0 0 2 4 5 5 1 0 0 1 5 2 0 0 3 2 0 1 1 0 0 2 2 2 1 2 4 6 5 0 4 3 2 0 2 2 2 2 0
18 113773 0 2 2 2 1 0 0 2 4 5 5 1 0 1 2 6 3 0 0 3 3 0 1 2 0 0 1 2 2 1 1 3 5 5 0 3 2 2 0 2 2 2 2 0
18 89813 0 2 2 2 1 0 0 2 4 6 5 2 0 0 2 4 3 0 1 2 3 0 0 1 0 0 1 2 1 1 1 4 5 4 3 5 4 0 0 0 2 2 3 1
18 94242 0 2 2 2 1 0 0 2 4 6 5 2 0 1 3 5 4 0 1 2 4 0 0 2 0 0 0 1 1 0 1 3 6 4 2 4 3 0 0 0 2 2 3 1
16 151844 0 2 2 2 2 0 0 0 2 2 4 0 0 0 0 2 0 0 0 0 0 0 0 0 0 0 2 2 4 0 2 4 10 4 2 6 4 0 0 0 2 0 3 1
16 2788 0 2 2 2 2 0 0 0 2 2 4 0 0 0 0 2 0 0 0 0 0 0 0 0 0 0 2 4 4 2 0 4 6 4 2 6 2 4 0 2 2 0 1 0
16 151846 0 2 2 2 2 0 0 0 2 2 4 0 0 0 1 3 0 0 0 1 0 0 0 0 0 0 2 2 3 1 1 4 8 5 2 6 4 1 0 0 1 0 2 1
16 2795 0 2 2 2 2 0 0 0 2 2 4 0 0 0 1 3 0 0 0 1 0 0 0 0 0 0 2 3 3 2 0 4 6 5 1 6 3 3 0 2 1 0 1 0
16 2809 0 2 2 2 2 0 0 0 2 2 4 0 0 0 1 3 0 0 1 2 0 0 1 0 0 0 2 3 4 3 0 2 4 6 1 4 3 4 0 2 1 0 0 0
16 2836 0 2 2 2 2 0 0 0 2 2 4 0 0 0 2 4 0 0 0 2 0 0 0 0 0 0 2 2 2 2 0 4 6 6 0 6 4 2 0 2 0 0 1 0
16 153736 0 2 2 2 2 0 0 0 2 2 4 0 0 0 2 4 0 0 0 2 0 0 0 0 0 0 2 2 2 2 0 4 6 6 2 6 5 0 0 0 0 0 2 1
16 2908 0 2 2 2 2 0 0 0 2 2 4 0 0 0 2 6 2 0 0 2 2 0 0 0 0 0 2 2 2 2 0 2 4 6 0 4 5 2 0 2 0 0 0 0
16 151850 0 2 2 2 2 0 0 0 2 2 4 0 0 1 0 3 0 0 0 1 0 0 0 0 0 0 1 2 4 1 2 3 8 5 2 6 4 1 0 0 1 0 2 1
16 152563 0 2 2 2 2 0 0 0 2 2 4 0 0 1 1 4 0 0 0 2 0 0 1 0 0 0 1 2 3 2 1 3 6 6 2 4 4 2 0 0 1 0 1 1
16 152567 0 2 2 2 2 0 0 0 2 2 4 0 0 2 0 4 0 0 0 2 0 0 0 0 0 0 0 2 4 2 2 2 6 6 2 6 5 0 0 0 0 0 2 1
16 2887 0 2 2 2 2 0 0 0 2 2 5 1 0 0 1 3 1 0 1 3 1 0 1 1 0 0 2 2 3 3 0 2 3 7 0 3 3 3 0 2 0 0 0 0
16 2935 0 2 2 2 2 0 0 0 2 2 5 1 0 0 1 5 3 0 0 2 3 0 0 1 0 0 2 2 2 2 0 2 3 6 0 3 4 2 0 2 0 0 0 0
16 151854 0 2 2 2 2 0 0 0 2 2 5 1 0 1 1 3 2 0 0 1 1 0 0 0 0 0 1 1 3 1 1 3 6 6 2 5 5 1 0 0 0 0 1 1
16 153742 0 2 2 2 2 0 0 0 2 2 5 1 0 1 2 4 2 0 0 2 1 0 1 1 0 0 1 1 2 2 0 3 4 7 2 3 4 1 0 0 0 0 1 1
16 152571 0 2 2 2 2 0 0 0 2 2 5 1 0 2 1 4 2 0 0 2 2 0 0 0 0 0 0 1 3 2 1 2 4 6 2 4 6 0 0 0 0 0 1 1
16 3019 0 2 2 2 2 0 0 0 2 2 6 2 0 0 0 4 4 0 0 2 4 0 0 2 0 0 2 2 2 2 0 2 2 6 0 2 3 2 0 2 0 0 0 0
16 155298 0 2 2 2 2 0 0 0 2 2 6 2 0 2 2 4 4 0 0 2 4 1 0 0 0 0 0 0 2 2 0 2 2 6 2 2 5 0 0 0 0 0 1 1
16 151864 0 2 2 2 2 0 0 0 2 3 4 1 0 0 1 4 2 0 0 1 1 0 0 0 0 0 1 2 2 1 1 3 6 6 2 5 5 1 0 0 0 0 1 1
16 153746 0 2 2 2 2 0 0 0 2 3 4 1 0 0 2 5 2 0 0 2 2 0 0 0 0 0 1 2 1 2 0 3 4 6 2 4 6 0 0 0 0 0 1 1
16 152581 0 2 2 2 2 0 0 0 2 3 4 1 0 1 1 5 2 0 0 2 1 0 1 1 0 0 0 2 2 2 1 2 4 7 2 3 4 1 0 0 0 0 1 1
16 151868 0 2 2 2 2 0 0 0 2 3 5 2 0 0 1 3 4 0 0 0 2 0 0 0 0 0 1 1 2 0 1 3 6 6 2 4 6 0 0 0 0 0 1 1
16 153750 0 2 2 2 2 0 0 0 2 3 5 2 0 0 2 4 4 0 0 1 3 0 0 1 0 0 1 1 1 1 0 3 4 6 2 3 5 0 0 0 0 0 1 1
16 152585 0 2 2 2 2 0 0 0 2 3 5 2 0 1 1 4 4 0 0 1 3 0 0 1 0 0 0 1 2 1 1 2 4 6 2 3 5 0 0 0 0 0 1 1
16 5098 0 2 2 2 2 0 0 0 2 4 4 2 0 0 0 2 2 0 0 0 0 0 0 0 0 0 0 4 2 2 0 4 4 6 2 6 3 4 0 2 0 0 0 0
16 5105 0 2 2 2 2 0 0 0 2 4 4 2 0 0 1 3 2 0 0 1 1 0 0 0 0 0 0 3 1 2 0 4 4 6 1 5 4 3 0 2 0 0 0 0
16 5119 0 2 2 2 2 0 0 0 2 4 4 2 0 0 1 3 2 0 1 2 1 0 1 1 0 0 0 3 2 3 0 2 2 7 1 3 3 3 0 2 0 0 0 0
16 5146 0 2 2 2 2 0 0 0 2 4 4 2 0 0 2 4 2 0 0 2 2 0 0 0 0 0 0 2 0 2 0 4 4 6 0 4 5 2 0 2 0 0 0 0
16 5197 0 2 2 2 2 0 0 0 2 4 4 2 0 0 2 6 4 0 0 2 4 1 0 0 0 0 0 2 0 2 0 2 2 6 0 2 4 2 0 2 0 0 0 0
16 154476 0 2 2 2 2 0 0 0 2 4 4 2 0 0 2 6 4 0 0 2 4 1 0 0 0 0 0 2 0 2 0 2 2 6 2 2 5 0 0 0 0 0 1 1
18 138630 0 2 2 2 2 0 0 2 2 2 4 0 0 0 0 4 0 0 0 4 0 0 2 0 0 2 4 4 4 2 2 2 4 4 0 4 2 4 2 4 4 2 2 0
18 138631 0 2 2 2 2 0 0 2 3 3 5 1 0 0 0 4 1 0 0 4 1 0 2 1 0 1 3 3 3 2 2 3 4 5 0 3 2 3 1 3 3 2 2 0
18 138634 0 2 2 2 2 0 0 2 4 4 6 2 0 0 0 4 2 0 0 4 2 0 2 2 0 0 2 2 2 2 2 4 4 6 0 2 2 2 0 2 2 2 2 0
16 151858 0 2 2 2 3 1 0 0 2 1 4 2 0 1 1 2 2 0 1 1 2 0 0 1 0 0 1 1 3 2 1 2 5 6 2 4 4 1 0 0 0 0 1 1
16 152575 0 2 2 2 3 1 0 0 2 1 4 2 0 2 1 3 3 0 1 1 3 0 0 1 0 0 0 1 3 2 1 1 4 6 2 3 5 0 0 0 0 0 1 1
16 151872 0 2 2 2 3 1 0 0 2 2 4 3 0 0 1 2 4 0 1 0 3 0 0 1 0 0 1 1 2 1 1 2 5 6 2 3 5 0 0 0 0 0 1 1
16 152589 0 2 2 2 3 1 0 0 2 2 4 3 0 1 1 3 5 0 1 0 4 0 0 2 0 0 0 1 2 1 1 1 4 6 2 2 4 0 0 0 0 0 1 1
16 151932 0 2 2 3 2 1 0 0 1 3 3 2 0 0 1 3 2 0 0 2 2 0 0 1 0 0 1 2 2 2 1 3 4 6 2 4 4 1 0 0 0 0 1 1
16 153781 0 2 2 3 2 1 0 0 1 3 3 2 0 0 2 4 3 0 0 2 3 0 0 1 0 0 1 2 1 2 0 3 3 6 2 3 5 0 0 0 0 0 1 1
16 151936 0 2 2 3 2 1 0 0 1 3 4 3 0 0 1 2 4 0 0 1 3 0 0 1 0 0 1 1 2 1 1 3 4 6 2 3 5 0 0 0 0 0 1 1
16 153785 0 2 2 3 2 1 0 0 1 3 4 3 0 0 2 3 5 0 0 1 4 0 0 2 0 0 1 1 1 1 0 3 3 6 2 2 4 0 0 0 0 0 1 1
16 7457 0 2 2 3 2 1 0 0 1 4 3 3 0 0 1 1 3 0 0 0 1 0 0 0 0 0 0 3 2 2 0 4 3 6 2 5 4 3 0 2 0 0 0 0
16 7535 0 2 2 3 2 1 0 0 1 4 3 3 0 0 2 2 3 0 0 1 2 0 0 1 0 0 0 2 1 2 0 4 3 6 1 4 3 3 0 2 0 0 0 0
16 7470 0 2 2 3 2 1 0 0 1 4 3 3 0 0 2 2 4 0 0 0 2 0 0 0 0 0 0 2 1 1 0 4 4 6 1 4 5 2 0 2 0 0 0 0
16 7496 0 2 2 3 2 1 0 0 1 4 3 3 0 0 2 2 4 0 1 1 3 0 0 1 0 0 0 2 2 2 0 2 2 6 1 3 4 2 0 2 0 0 0 0
16 7548 0 2 2 3 2 1 0 0 1 4 3 3 0 0 3 3 4 0 0 1 3 0 0 1 0 0 0 1 0 1 0 4 4 6 0 3 4 2 0 2 0 0 0 0
16 151940 0 2 2 3 3 2 0 0 1 2 3 4 0 0 1 1 4 0 1 1 4 0 0 2 0 0 1 1 2 2 1 2 3 6 2 2 4 0 0 0 0 0 1 1
16 154694 0 2 2 3 3 2 1 0 1 2 3 2 2 1 2 4 2 1 1 3 4 0 1 4 2 0 0 1 1 2 0 1 1 2 2 2 2 0 0 0 0 0 1 1
16 155575 0 2 2 3 3 2 1 0 1 2 4 3 2 1 2 3 4 2 1 2 5 1 0 3 1 0 0 0 1 1 0 1 1 2 2 2 2 0 0 0 0 0 1 1
16 7613 0 2 2 3 3 2 1 0 1 3 3 3 2 0 2 2 2 1 1 3 3 0 2 4 2 0 0 1 1 2 0 2 1 3 0 1 1 2 0 2 0 0 0 0
16 7665 0 2 2 3 3 2 1 0 1 3 3 3 2 0 2 4 4 2 0 2 4 1 1 3 1 0 0 1 0 1 0 2 1 3 0 1 1 2 0 2 0 0 0 0
16 154700 0 2 2 3 3 2 1 0 1 3 3 3 2 0 2 4 4 2 1 2 5 1 0 3 1 0 0 1 0 1 0 1 1 2 2 2 2 0 0 0 0 0 1 1
16 15798 0 2 2 4 2 2 0 0 0 4 2 4 0 0 2 0 4 0 0 0 2 0 0 0 0 0 0 2 2 2 0 4 2 6 2 4 5 2 0 2 0 0 0 0
16 15805 0 2 2 4 2 2 0 0 0 4 2 4 0 0 3 1 5 0 0 0 3 0 0 1 0 0 0 1 1 1 0 4 3 6 1 3 4 2 0 2 0 0 0 0
16 15825 0 2 2 4 2 2 0 0 0 4 2 4 0 0 4 2 6 0 0 0 4 0 0 2 0 0 0 0 0 0 0 4 4 6 0 2 3 2 0 2 0 0 0 0
16 15858 0 2 2 4 3 3 1 0 0 3 2 4 2 0 3 1 4 2 1 2 4 1 1 3 1 0 0 0 1 1 0 2 1 3 0 1 1 2 0 2 0 0 0 0
16 16047 0 2 2 4 4 4 2 0 0 2 2 4 4 0 2 2 4 6 0 2 2 3 2 2 0 0 0 0 0 0 0 2 0 2 0 0 0 2 0 2 0 0 0 0
16 156506 0 2 2 4 4 4 2 0 0 2 2 4 4 0 2 2 4 6 2 2 4 4 0 0 0 0 0 0 0 0 0 0 0 0 2 2 2 0 0 0 0 0 1 1
18 25977 0 2 3 1 0 0 0 1 4 2 0 0 0 1 1 0 0 0 0 0 0 0 0 0 0 1 5 5 1 0 4 8 3 0 3 3 0 1 3 8 6 7 6 2
18 26825 0 2 3 1 0 0 0 1 4 2 0 0 0 1 1 0 0 0 0 0 0 0 0 0 0 1 5 5 1 0 4 9 3 0 4 3 0 1 2 7 6 7 6 1
18 25997 0 2 3 1 0 0 0 1 4 2 0 0 0 2 2 0 0 0 1 0 0 0 0 0 0 1 4 4 2 0 4 6 4 0 3 4 0 2 3 7 6 6 5 2
18 26828 0 2 3 1 0 0 0 1 4 2 0 0 0 2 2 0 0 0 1 0 0 0 0 0 0 1 4 5 2 0 3 7 4 0 4 4 0 2 2 6 6 6 5 1
18 25979 0 2 3 1 0 0 0 1 4 3 0 0 0 1 2 0 0 0 0 0 0 0 0 0 0 1 4 5 1 0 3 10 5 0 3 5 0 1 1 6 6 5 7 1
18 28783 0 2 3 1 0 0 0 1 4 3 0 0 0 1 2 0 0 0 0 0 0 0 0 0 0 1 4 5 1 0 3 10 5 1 4 4 1 1 1 5 5 6 5 1
18 35732 0 2 3 1 0 0 0 1 4 3 0 0 0 1 3 0 0 0 1 0 0 0 0 0 0 1 4 4 2 1 3 8 4 2 5 4 1 2 1 4 4 6 4 1
18 25985 0 2 3 1 0 0 0 1 4 3 0 0 0 1 3 0 0 0 1 0 0 0 0 0 0 1 4 5 2 0 2 8 6 0 3 6 0 2 1 5 6 4 6 1
18 25999 0 2 3 1 0 0 0 1 4 3 0 0 0 2 3 0 0 0 1 0 0 0 0 0 0 1 3 4 2 0 3 8 6 0 3 6 0 2 1 5 6 4 6 1
18 28803 0 2 3 1 0 0 0 1 4 3 0 0 0 2 3 0 0 0 1 0 0 0 0 0 0 1 3 5 2 0 2 8 6 2 4 4 1 2 1 4 4 6 4 1
18 35751 0 2 3 1 0 0 0 1 4 3 0 0 0 2 4 0 0 0 2 0 0 0 0 0 0 1 3 4 3 1 2 6 5 3 5 4 2 1 1 3 3 6 4 1
18 30180 0 2 3 1 0 0 0 1 4 3 1 0 0 1 1 1 0 0 0 0 0 0 0 0 0 1 4 4 1 0 4 8 5 0 3 5 0 1 2 6 6 5 7 1
18 28648 0 2 3 1 0 0 0 1 4 3 1 0 0 1 1 1 0 0 0 0 0 0 0 0 0 1 4 4 1 0 4 8 5 0 4 5 0 1 2 5 6 5 7 0
18 35598 0 2 3 1 0 0 0 1 4 3 1 0 0 1 2 2 0 0 0 1 0 0 0 0 0 1 4 3 1 0 4 7 5 0 3 6 0 2 2 5 6 4 6 0
18 30186 0 2 3 1 0 0 0 1 4 3 1 0 0 1 2 2 0 0 0 1 0 0 0 0 0 1 4 4 1 0 3 7 5 0 2 6 0 2 2 6 6 4 6 1
18 36576 0 2 3 1 0 0 0 1 4 3 1 0 0 2 2 1 0 0 1 1 0 0 0 0 0 1 3 3 2 0 4 6 5 0 2 6 0 2 2 6 6 4 6 1
18 28654 0 2 3 1 0 0 0 1 4 3 1 0 0 2 2 1 0 0 1 1 0 0 0 0 0 1 3 4 2 0 3 6 5 0 3 6 0 2 2 5 6 4 6 0
18 36582 0 2 3 1 0 0 0 1 4 3 1 0 0 2 3 2 0 0 1 2 0 0 1 0 0 1 3 3 2 0 3 5 5 0 1 5 0 3 2 6 7 3 5 1
18 35604 0 2 3 1 0 0 0 1 4 3 1 0 0 2 3 2 0 0 1 2 0 0 1 0 0 1 3 3 2 0 3 5 5 0 2 5 0 3 2 5 7 3 5 0
18 26013 0 2 3 1 0 0 0 1 4 3 1 0 0 2 4 2 0 0 1 1 0 0 0 0 0 1 3 3 2 0 2 6 7 1 2 7 1 2 1 4 5 3 5 1
18 46804 0 2 3 1 0 0 0 1 4 4 1 0 0 1 2 1 0 0 0 0 0 0 0 0 0 1 3 4 1 0 3 9 7 1 4 6 1 1 1 3 5 4 6 0
18 44905 0 2 3 1 0 0 0 1 4 4 1 0 0 1 2 1 0 0 0 0 0 0 0 0 0 1 3 4 1 0 3 10 7 0 3 7 1 1 0 4 6 3 6 1
18 53251 0 2 3 1 0 0 0 1 4 4 1 0 0 1 3 1 0 0 1 0 0 0 0 0 0 1 3 3 2 1 3 7 6 2 5 6 1 2 1 2 4 4 5 0
18 44911 0 2 3 1 0 0 0 1 4 4 1 0 0 1 3 1 0 0 1 0 0 0 0 0 0 1 3 4 2 0 2 8 8 1 3 7 1 2 0 3 5 3 5 1
18 53120 0 2 3 1 0 0 0 1 4 4 1 0 0 1 3 2 0 0 0 1 0 0 0 0 0 1 3 3 1 0 3 8 7 1 3 7 1 2 1 3 5 3 5 0
18 47899 0 2 3 1 0 0 0 1 4 4 1 0 0 1 3 2 0 0 0 1 0 0 0 0 0 1 3 4 1 0 2 9 7 1 2 7 1 2 0 4 5 3 5 1
18 26037 0 2 3 1 0 0 0 1 4 4 1 0 0 1 3 2 0 0 1 1 0 0 0 0 0 1 3 4 2 0 2 6 7 1 2 7 1 2 1 4 5 3 5 1
18 61782 0 2 3 1 0 0 0 1 4 4 1 0 0 1 4 2 0 0 1 1 0 0 0 0 0 1 3 4 2 0 1 7 8 2 2 7 2 1 0 3 4 3 5 1
18 44924 0 2 3 1 0 0 0 1 4 4 1 0 0 2 3 1 0 0 1 1 0 0 0 0 0 1 2 3 2 0 3 8 7 0 2 8 1 2 0 4 6 2 5 1
18 46807 0 2 3 1 0 0 0 1 4 4 1 0 0 2 3 1 0 0 1 1 0 0 0 0 0 1 2 4 2 0 2 7 7 2 3 6 1 2 1 3 4 4 5 0
18 53269 0 2 3 1 0 0 0 1 4 4 1 0 0 2 4 1 0 0 2 1 0 0 0 0 0 1 2 3 3 1 2 5 6 3 4 6 2 1 1 2 3 4 5 0
18 53126 0 2 3 1 0 0 0 1 4 4 1 0 0 2 4 2 0 0 1 2 0 0 1 0 0 1 2 3 2 0 2 6 7 2 2 5 1 3 1 3 5 3 4 0
18 54061 0 2 3 1 0 0 0 1 4 4 1 0 0 2 4 2 0 0 1 2 0 0 1 0 0 1 2 3 2 0 2 7 7 1 1 6 1 3 0 4 6 2 4 1
18 26049 0 2 3 1 0 0 0 1 4 4 2 0 0 1 3 4 0 0 0 2 0 0 0 0 0 1 3 3 1 0 2 6 7 2 1 7 2 1 1 4 4 3 5 1
18 70856 0 2 3 1 0 0 0 1 4 4 2 0 0 1 3 4 1 0 0 1 1 0 0 0 0 1 3 2 1 0 3 6 7 2 3 6 2 2 1 2 4 3 4 0
18 44937 0 2 3 1 0 0 0 1 4 4 2 0 0 2 4 3 0 0 1 2 1 0 0 0 0 1 2 2 2 0 2 6 8 1 1 7 2 2 0 3 5 2 4 1
18 70872 0 2 3 1 0 0 0 1 4 4 2 0 0 2 4 4 1 0 1 2 1 0 1 1 0 1 2 2 2 0 2 4 7 3 2 4 1 2 1 2 4 3 4 0
18 61806 0 2 3 1 0 0 0 1 4 4 2 0 0 2 5 4 0 0 1 3 1 0 1 1 0 1 2 2 2 0 1 5 8 2 0 5 1 2 0 3 5 2 4 1
18 70803 0 2 3 1 0 0 0 1 4 4 2 1 0 1 3 2 1 0 1 1 0 0 0 0 0 1 3 2 1 1 3 6 5 3 4 7 2 2 1 2 3 3 4 0
18 70808 0 2 3 1 0 0 0 1 4 4 2 1 0 2 4 2 1 0 2 2 1 0 0 0 0 1 2 2 2 1 2 4 5 3 3 6 3 1 1 2 3 3 4 0
18 80401 0 2 3 1 0 0 0 1 4 4 3 1 0 1 2 4 2 0 0 1 1 0 0 0 0 1 3 2 0 0 3 6 6 3 3 6 3 1 1 2 3 3 4 0
18 80404 0 2 3 1 0 0 0 1 4 4 3 1 0 2 3 4 2 0 1 2 2 0 0 1 0 1 2 2 1 0 2 4 6 3 2 5 2 1 1 2 3 3 4 0
18 44961 0 2 3 1 0 0 0 1 4 5 2 0 0 1 3 3 1 0 1 1 0 0 0 0 0 1 2 3 2 0 2 6 7 2 2 8 2 2 0 3 4 2 4 1
18 61818 0 2 3 1 0 0 0 1 4 5 2 0 0 1 4 4 1 0 1 2 1 0 0 0 0 1 2 3 2 0 1 5 7 2 1 7 3 1 0 3 4 2 4 1
18 44973 0 2 3 1 0 0 0 1 4 5 3 0 0 1 3 5 1 0 0 2 1 0 0 0 0 1 2 2 1 0 2 6 7 2 1 7 3 1 0 3 4 2 4 1
18 61830 0 2 3 1 0 0 0 1 4 5 3 0 0 1 4 6 1 0 0 3 2 0 0 1 0 1 2 2 1 0 1 5 7 2 0 6 2 1 0 3 4 2 4 1
18 27669 0 2 3 1 0 0 0 1 5 3 0 0 0 1 2 0 0 0 0 0 0 0 0 0 0 0 4 5 1 0 3 9 5 1 3 4 1 1 2 6 5 6 5 2
18 26834 0 2 3 1 0 0 0 1 5 3 0 0 0 1 2 0 0 0 0 0 0 0 0 0 0 0 4 5 1 0 3 11 5 0 4 5 0 1 0 5 6 5 7 0
18 27689 0 2 3 1 0 0 0 1 5 3 0 0 0 2 3 0 0 0 1 0 0 0 0 0 0 0 3 4 2 0 3 7 6 2 3 4 1 2 2 5 4 6 4 2
18 30217 0 2 3 1 0 0 0 1 5 3 0 0 0 2 3 0 0 0 1 0 0 0 0 0 0 0 3 4 2 1 3 7 4 2 4 4 1 2 2 5 4 6 4 2
18 26837 0 2 3 1 0 0 0 1 5 3 0 0 0 2 3 0 0 0 1 0 0 0 0 0 0 0 3 5 2 0 2 9 6 0 4 6 0 2 0 4 6 4 6 0
18 35009 0 2 3 1 0 0 0 1 5 3 0 0 0 3 4 0 0 0 2 0 0 0 0 0 0 0 2 3 3 1 3 5 5 3 4 4 2 1 2 4 3 6 4 2
18 27671 0 2 3 1 0 0 0 1 5 4 0 0 0 1 3 1 0 0 0 0 0 0 0 0 0 0 3 5 1 0 2 9 7 1 3 6 1 1 1 4 5 4 6 1
18 28785 0 2 3 1 0 0 0 1 5 4 0 0 0 1 3 1 0 0 0 0 0 0 0 0 0 0 3 5 1 0 2 10 7 1 4 6 1 1 0 3 5 4 6 0
18 35733 0 2 3 1 0 0 0 1 5 4 0 0 0 1 4 1 0 0 1 1 0 0 0 0 0 0 3 4 2 1 2 8 5 2 4 6 1 2 0 3 4 4 5 0
18 27677 0 2 3 1 0 0 0 1 5 4 0 0 0 1 4 1 0 0 1 1 0 0 0 0 0 0 3 5 2 0 1 7 7 1 2 7 1 2 1 4 5 3 5 1
18 27691 0 2 3 1 0 0 0 1 5 4 0 0 0 2 4 1 0 0 1 0 0 0 0 0 0 0 2 4 2 0 2 7 8 2 3 6 1 2 1 3 4 4 5 1
18 28805 0 2 3 1 0 0 0 1 5 4 0 0 0 2 4 1 0 0 1 0 0 0 0 0 0 0 2 5 2 0 1 8 8 2 4 6 1 2 0 2 4 4 5 0
18 34991 0 2 3 1 0 0 0 1 5 4 0 0 0 2 4 1 0 0 1 1 0 0 0 0 0 0 2 4 2 1 2 7 5 2 3 6 1 2 1 4 4 4 5 1
18 28791 0 2 3 1 0 0 0 1 5 4 0 0 0 2 4 1 0 0 1 1 0 0 0 0 0 0 2 5 2 0 1 8 7 1 3 7 1 2 0 3 5 3 5 0
18 35753 0 2 3 1 0 0 0 1 5 4 0 0 0 2 5 1 0 0 2 1 0 0 0 0 0 0 2 4 3 1 1 6 6 3 4 6 2 1 0 2 3 4 5 0
18 34997 0 2 3 1 0 0 0 1 5 4 0 0 0 2 5 1 0 0 2 2 0 0 1 0 0 0 2 4 3 1 1 5 5 2 2 5 1 3 1 4 5 3 4 1
18 35739 0 2 3 1 0 0 0 1 5 4 0 0 0 2 5 1 0 0 2 2 0 0 1 0 0 0 2 4 3 1 1 6 5 2 3 5 1 3 0 3 5 3 4 0
18 35011 0 2 3 1 0 0 0 1 5 4 0 0 0 3 5 1 0 0 2 1 0 0 0 0 0 0 1 3 3 1 2 5 6 3 3 6 2 1 1 3 3 4 5 1
18 30199 0 2 3 1 0 0 0 1 5 4 1 0 0 1 2 1 0 0 0 0 0 0 0 0 0 0 3 4 1 0 3 9 7 1 3 6 1 1 1 4 5 4 6 1
18 28667 0 2 3 1 0 0 0 1 5 4 1 0 0 1 2 1 0 0 0 0 0 0 0 0 0 0 3 4 1 0 3 10 7 0 4 7 1 1 0 3 6 3 6 0
18 35617 0 2 3 1 0 0 0 1 5 4 1 0 0 1 3 2 0 0 0 1 0 0 0 0 0 0 3 3 1 0 3 9 7 1 3 7 1 2 0 3 5 3 5 0
18 30205 0 2 3 1 0 0 0 1 5 4 1 0 0 1 3 2 0 0 0 1 0 0 0 0 0 0 3 4 1 0 2 8 7 1 2 7 1 2 1 4 5 3 5 1
18 30219 0 2 3 1 0 0 0 1 5 4 1 0 0 2 3 1 0 0 1 0 0 0 0 0 0 0 2 3 2 1 3 7 6 2 4 6 1 2 1 3 4 4 5 1
18 28687 0 2 3 1 0 0 0 1 5 4 1 0 0 2 3 1 0 0 1 0 0 0 0 0 0 0 2 4 2 0 2 8 8 1 4 7 1 2 0 2 5 3 5 0
18 36595 0 2 3 1 0 0 0 1 5 4 1 0 0 2 3 1 0 0 1 1 0 0 0 0 0 0 2 3 2 0 3 7 7 2 2 6 1 2 1 4 4 4 5 1
18 28673 0 2 3 1 0 0 0 1 5 4 1 0 0 2 3 1 0 0 1 1 0 0 0 0 0 0 2 4 2 0 2 8 7 0 3 8 1 2 0 3 6 2 5 0
18 35636 0 2 3 1 0 0 0 1 5 4 1 0 0 2 4 2 0 0 1 1 0 0 0 0 0 0 2 3 2 0 2 7 8 2 3 7 2 1 0 2 4 3 5 0
18 26847 0 2 3 1 0 0 0 1 5 4 1 0 0 2 4 2 0 0 1 1 0 0 0 0 0 0 2 4 2 0 1 7 7 1 3 7 1 2 0 3 5 3 5 0
18 36601 0 2 3 1 0 0 0 1 5 4 1 0 0 2 4 2 0 0 1 2 0 0 1 0 0 0 2 3 2 0 2 6 7 2 1 5 1 3 1 4 5 3 4 1
18 35623 0 2 3 1 0 0 0 1 5 4 1 0 0 2 4 2 0 0 1 2 0 0 1 0 0 0 2 3 2 0 2 7 7 1 2 6 1 3 0 3 6 2 4 0
18 27705 0 2 3 1 0 0 0 1 5 4 1 0 0 2 5 3 1 0 1 1 0 0 0 0 0 0 2 3 2 0 1 5 7 3 2 7 2 2 1 3 3 3 4 1
18 36614 0 2 3 1 0 0 0 1 5 4 1 0 0 3 4 1 0 0 2 1 0 0 0 0 0 0 1 2 3 1 3 5 6 3 3 6 2 1 1 3 3 4 5 1
18 35025 0 2 3 1 0 0 0 1 5 4 1 0 0 3 6 3 1 0 2 2 1 0 0 0 0 0 1 2 3 1 1 3 5 3 2 6 3 1 1 3 3 3 4 1
18 30233 0 2 3 1 0 0 0 1 5 4 2 1 0 2 4 2 1 0 1 1 0 0 0 0 0 0 2 2 1 1 2 6 5 3 3 7 2 2 1 3 3 3 4 1
18 36628 0 2 3 1 0 0 0 1 5 4 2 1 0 3 5 2 1 0 2 2 1 0 0 0 0 0 1 1 2 1 2 4 5 3 2 6 3 1 1 3 3 3 4 1
18 45984 0 2 3 1 0 0 0 1 5 5 1 0 0 1 3 2 0 0 0 0 0 0 0 0 0 0 2 4 1 0 2 9 9 1 3 8 2 1 0 2 5 2 5 1
18 46813 0 2 3 1 0 0 0 1 5 5 1 0 0 1 3 2 0 0 0 0 0 0 0 0 0 0 2 4 1 0 2 9 9 1 4 8 2 1 0 1 5 2 5 0
18 53252 0 2 3 1 0 0 0 1 5 5 1 0 0 1 4 2 0 0 1 1 0 0 0 0 0 0 2 3 2 1 2 7 7 2 4 8 2 2 0 1 4 2 4 0
18 45990 0 2 3 1 0 0 0 1 5 5 1 0 0 1 4 2 0 0 1 1 0 0 0 0 0 0 2 4 2 0 1 7 9 2 2 8 2 2 0 2 4 2 4 1
18 53138 0 2 3 1 0 0 0 1 5 5 1 0 0 1 4 3 0 0 0 1 0 0 0 0 0 0 2 3 1 0 2 8 9 2 3 8 2 2 0 1 4 2 4 0
18 47917 0 2 3 1 0 0 0 1 5 5 1 0 0 1 4 3 0 0 0 1 0 0 0 0 0 0 2 4 1 0 1 8 9 2 2 8 2 2 0 2 4 2 4 1
18 27729 0 2 3 1 0 0 0 1 5 5 1 0 0 1 4 3 0 0 1 2 1 0 0 0 0 0 2 4 2 0 1 5 8 2 1 6 2 2 1 3 4 3 4 1
18 62464 0 2 3 1 0 0 0 1 5 5 1 0 0 1 5 3 0 0 1 2 0 0 0 0 0 0 2 4 2 0 0 6 9 3 1 8 3 1 0 2 3 2 4 1
18 46003 0 2 3 1 0 0 0 1 5 5 1 0 0 2 4 2 0 0 1 1 0 0 0 0 0 0 1 3 2 0 2 7 9 2 2 8 2 2 0 2 4 2 4 1
18 47930 0 2 3 1 0 0 0 1 5 5 1 0 0 2 4 2 0 0 1 1 0 0 0 0 0 0 1 3 2 1 2 7 7 2 3 8 2 2 0 2 4 2 4 1
18 46816 0 2 3 1 0 0 0 1 5 5 1 0 0 2 4 2 0 0 1 1 0 0 0 0 0 0 1 4 2 0 1 7 9 2 3 8 2 2 0 1 4 2 4 0
18 53270 0 2 3 1 0 0 0 1 5 5 1 0 0 2 5 2 0 0 2 2 0 0 0 0 0 0 1 3 3 1 1 5 7 3 3 8 3 1 0 1 3 2 4 0
18 52552 0 2 3 1 0 0 0 1 5 5 1 0 0 2 5 2 0 0 2 2 0 0 1 0 0 0 1 3 3 1 1 5 7 3 2 6 2 3 0 2 4 2 3 1
18 53257 0 2 3 1 0 0 0 1 5 5 1 0 0 2 5 2 0 0 2 2 0 0 1 0 0 0 1 3 3 1 1 5 7 3 3 6 2 3 0 1 4 2 3 0
18 53156 0 2 3 1 0 0 0 1 5 5 1 0 0 2 5 3 0 0 1 2 0 0 0 0 0 0 1 3 2 0 1 6 9 3 2 8 3 1 0 1 3 2 4 0
18 54079 0 2 3 1 0 0 0 1 5 5 1 0 0 2 5 3 0 0 1 2 0 0 1 0 0 0 1 3 2 0 1 6 9 3 1 6 2 3 0 2 4 2 3 1
18 53144 0 2 3 1 0 0 0 1 5 5 1 0 0 2 5 3 0 0 1 2 0 0 1 0 0 0 1 3 2 0 1 6 9 3 2 6 2 3 0 1 4 2 3 0
18 28843 0 2 3 1 0 0 0 1 5 5 1 0 0 2 5 3 0 0 1 2 1 0 0 0 0 0 1 4 2 0 0 6 8 2 2 6 2 2 0 2 4 3 4 0
18 35049 0 2 3 1 0 0 0 1 5 5 1 0 0 2 5 3 0 0 2 3 1 0 1 1 0 0 1 3 3 1 1 3 6 3 1 4 1 2 1 3 4 3 4 1
18 28819 0 2 3 1 0 0 0 1 5 5 1 0 0 2 5 3 1 0 1 1 0 0 0 0 0 0 1 4 2 0 0 6 7 3 3 7 2 2 0 2 3 3 4 0
18 35791 0 2 3 1 0 0 0 1 5 5 1 0 0 2 6 3 0 0 2 3 1 0 1 1 0 0 1 3 3 1 0 4 6 3 2 4 1 2 0 2 4 3 4 0
18 35767 0 2 3 1 0 0 0 1 5 5 1 0 0 2 6 3 1 0 2 2 1 0 0 0 0 0 1 3 3 1 0 4 5 3 3 6 3 1 0 2 3 3 4 0
18 52565 0 2 3 1 0 0 0 1 5 5 1 0 0 3 5 2 0 0 2 2 0 0 0 0 0 0 0 2 3 1 2 5 7 3 2 8 3 1 0 2 3 2 4 1
18 30257 0 2 3 1 0 0 0 1 5 5 2 0 0 1 3 4 1 0 0 1 1 0 0 0 0 0 2 3 1 0 2 6 7 2 2 6 2 2 1 3 4 3 4 1
18 26863 0 2 3 1 0 0 0 1 5 5 2 0 0 1 4 4 0 0 0 2 0 0 0 0 0 0 2 3 1 0 1 7 7 2 2 7 2 1 0 3 4 3 5 0
18 27741 0 2 3 1 0 0 0 1 5 5 2 0 0 1 4 5 1 0 0 2 1 0 0 0 0 0 2 3 1 0 1 5 7 3 1 6 3 1 1 3 3 3 4 1
18 70857 0 2 3 1 0 0 0 1 5 5 2 0 0 1 4 5 2 0 0 1 1 0 0 0 0 0 2 2 1 0 2 6 7 3 3 7 3 2 0 1 3 2 3 0
18 28725 0 2 3 1 0 0 0 1 5 5 2 0 0 2 4 3 0 0 1 2 1 0 0 0 0 0 1 3 2 0 1 6 8 1 2 7 2 2 0 2 5 2 4 0
18 28701 0 2 3 1 0 0 0 1 5 5 2 0 0 2 4 3 1 0 1 1 0 0 0 0 0 0 1 3 2 0 1 6 7 2 3 8 2 2 0 2 4 2 4 0
18 36652 0 2 3 1 0 0 0 1 5 5 2 0 0 2 4 4 1 0 1 2 1 0 1 1 0 0 1 2 2 0 2 4 7 3 1 4 1 2 1 3 4 3 4 1
18 35674 0 2 3 1 0 0 0 1 5 5 2 0 0 2 5 4 0 0 1 3 1 0 1 1 0 0 1 2 2 0 1 5 8 2 1 5 1 2 0 2 5 2 4 0
18 35650 0 2 3 1 0 0 0 1 5 5 2 0 0 2 5 4 1 0 1 2 1 0 0 0 0 0 1 2 2 0 1 5 7 2 2 7 3 1 0 2 4 2 4 0
18 46016 0 2 3 1 0 0 0 1 5 5 2 0 0 2 5 4 1 0 1 2 1 0 0 0 0 0 1 2 2 0 1 5 8 3 1 7 3 2 0 2 3 2 3 1
18 35061 0 2 3 1 0 0 0 1 5 5 2 0 0 2 5 5 1 0 1 3 2 0 0 1 0 0 1 2 2 1 1 3 5 3 1 5 2 1 1 3 3 3 4 1
18 70873 0 2 3 1 0 0 0 1 5 5 2 0 0 2 5 5 2 0 1 2 1 0 1 1 0 0 1 2 2 0 1 4 7 4 2 5 2 2 0 1 3 2 3 0
18 70862 0 2 3 1 0 0 0 1 5 5 2 0 0 2 5 5 2 0 1 2 2 0 0 0 0 0 1 2 2 0 1 4 7 3 2 6 4 1 0 1 3 2 3 0
18 62488 0 2 3 1 0 0 0 1 5 5 2 0 0 2 6 5 1 0 1 3 1 0 1 1 0 0 1 2 2 0 0 4 8 4 0 5 2 2 0 2 3 2 3 1
18 52578 0 2 3 1 0 0 0 1 5 5 2 0 0 3 6 4 1 0 2 3 2 0 0 0 0 0 0 1 3 1 1 3 6 3 1 6 4 1 0 2 3 2 3 1
18 70819 0 2 3 1 0 0 0 1 5 5 2 1 0 1 4 3 1 0 1 2 1 0 0 0 0 0 2 2 1 1 2 6 6 3 3 7 3 2 0 1 3 2 3 0
18 47943 0 2 3 1 0 0 0 1 5 5 2 1 0 2 5 3 1 0 1 2 1 0 0 0 0 0 1 2 1 1 1 6 6 3 2 7 3 2 0 2 3 2 3 1
18 70835 0 2 3 1 0 0 0 1 5 5 2 1 0 2 5 3 1 0 2 3 1 0 1 1 0 0 1 2 2 1 1 4 6 4 2 5 2 2 0 1 3 2 3 0
18 70824 0 2 3 1 0 0 0 1 5 5 2 1 0 2 5 3 1 0 2 3 2 0 0 0 0 0 1 2 2 1 1 4 6 3 2 6 4 1 0 1 3 2 3 0
18 63354 0 2 3 1 0 0 0 1 5 5 2 1 0 2 6 3 1 0 2 3 1 0 1 1 0 0 1 2 2 1 0 4 6 4 1 5 2 2 0 2 3 2 3 1
18 54104 0 2 3 1 0 0 0 1 5 5 2 1 0 3 6 3 1 0 2 3 2 0 0 0 0 0 0 1 2 1 1 4 6 3 1 6 4 1 0 2 3 2 3 1
18 30269 0 2 3 1 0 0 0 1 5 5 3 1 0 1 3 4 2 0 0 1 1 0 0 0 0 0 2 2 0 0 2 6 6 3 2 6 3 1 1 3 3 3 4 1
18 80410 0 2 3 1 0 0 0 1 5 5 3 1 0 1 3 5 3 0 0 1 2 0 0 0 0 0 2 2 0 0 2 6 6 3 3 6 4 1 0 1 3 2 3 0
18 36664 0 2 3 1 0 0 0 1 5 5 3 1 0 2 4 4 2 0 1 2 2 0 0 1 0 0 1 1 1 0 2 4 6 3 1 5 2 1 1 3 3 3 4 1
18 80413 0 2 3 1 0 0 0 1 5 5 3 1 0 2 4 5 3 0 1 2 3 0 0 1 0 0 1 2 1 0 1 4 6 3 2 5 3 1 0 1 3 2 3 0
18 77932 0 2 3 1 0 0 0 1 5 5 3 1 0 3 7 5 2 0 2 4 4 1 0 0 0 0 0 0 2 1 0 2 5 3 0 4 3 1 0 2 3 2 3 1
18 46040 0 2 3 1 0 0 0 1 5 6 2 0 0 1 4 4 1 0 1 2 1 0 0 0 0 0 1 3 2 0 1 5 8 3 1 7 3 2 0 2 3 2 3 1
18 47967 0 2 3 1 0 0 0 1 5 6 2 0 0 1 4 5 2 0 0 1 1 0 0 0 0 0 1 3 1 0 1 6 7 3 2 7 3 2 0 2 3 2 3 1
18 28855 0 2 3 1 0 0 0 1 5 6 2 0 0 1 5 5 1 0 0 2 1 0 0 0 0 0 1 3 1 0 0 6 7 3 2 6 3 1 0 2 3 3 4 0
18 62500 0 2 3 1 0 0 0 1 5 6 2 0 0 1 5 5 1 0 1 3 2 0 0 0 0 0 1 3 2 0 0 4 8 3 0 6 4 1 0 2 3 2 3 1
18 63366 0 2 3 1 0 0 0 1 5 6 2 0 0 1 5 5 2 0 1 2 2 0 0 0 0 0 1 3 2 0 0 4 7 3 1 6 4 1 0 2 3 2 3 1
18 35803 0 2 3 1 0 0 0 1 5 6 2 0 0 1 6 5 1 0 1 3 2 0 0 1 0 0 1 2 2 1 0 4 5 3 2 5 2 1 0 2 3 3 4 0
18 46826 0 2 3 1 0 0 0 1 5 6 2 0 0 2 5 4 1 0 1 2 1 0 0 0 0 0 0 3 2 0 0 5 8 3 2 7 3 2 0 1 3 2 3 0
18 52602 0 2 3 1 0 0 0 1 5 6 2 0 0 2 5 4 1 0 2 3 1 0 1 1 0 0 0 2 3 1 1 3 6 4 1 5 2 2 0 2 3 2 3 1
18 54128 0 2 3 1 0 0 0 1 5 6 2 0 0 2 5 5 2 0 1 2 1 0 1 1 0 0 0 2 2 0 1 4 7 4 1 5 2 2 0 2 3 2 3 1
18 53307 0 2 3 1 0 0 0 1 5 6 2 0 0 2 6 4 1 0 2 3 1 0 1 1 0 0 0 2 3 1 0 3 6 4 2 5 2 2 0 1 3 2 3 0
18 53283 0 2 3 1 0 0 0 1 5 6 2 0 0 2 6 4 1 0 2 3 2 0 0 0 0 0 0 2 3 1 0 3 6 3 2 6 4 1 0 1 3 2 3 0
18 53193 0 2 3 1 0 0 0 1 5 6 2 0 0 2 6 5 1 0 1 3 1 0 1 1 0 0 0 2 2 0 0 4 8 4 1 5 2 2 0 1 3 2 3 0
18 53169 0 2 3 1 0 0 0 1 5 6 2 0 0 2 6 5 1 0 1 3 2 0 0 0 0 0 0 2 2 0 0 4 8 3 1 6 4 1 0 1 3 2 3 0
18 28737 0 2 3 1 0 0 0 1 5 6 3 0 0 1 4 5 1 0 0 2 1 0 0 0 0 0 1 2 1 0 1 6 7 2 2 7 3 1 0 2 4 2 4 0
18 46052 0 2 3 1 0 0 0 1 5 6 3 0 0 1 4 6 2 0 0 2 2 0 0 0 0 0 1 2 1 0 1 5 7 3 1 6 4 1 0 2 3 2 3 1
18 35686 0 2 3 1 0 0 0 1 5 6 3 0 0 1 5 6 1 0 0 3 2 0 0 1 0 0 1 1 1 0 1 5 7 2 1 6 2 1 0 2 4 2 4 0
18 62512 0 2 3 1 0 0 0 1 5 6 3 0 0 1 5 7 2 0 0 3 3 0 0 1 0 0 1 2 1 0 0 4 7 3 0 5 3 1 0 2 3 2 3 1
18 52614 0 2 3 1 0 0 0 1 5 6 3 0 0 2 5 6 2 0 1 3 3 0 0 1 0 0 0 1 2 1 1 3 5 3 1 5 3 1 0 2 3 2 3 1
18 70884 0 2 3 1 0 0 0 1 5 6 3 0 0 2 6 7 3 0 1 3 4 1 0 0 0 0 0 1 2 0 0 2 6 3 1 4 3 1 0 1 3 2 3 0
18 47979 0 2 3 1 0 0 0 1 5 6 3 1 0 1 4 5 3 0 0 1 2 0 0 0 0 0 1 2 0 0 1 6 6 3 2 6 4 1 0 2 3 2 3 1
18 63378 0 2 3 1 0 0 0 1 5 6 3 1 0 1 5 5 3 0 1 2 3 0 0 1 0 0 1 2 1 0 0 4 6 3 1 5 3 1 0 2 3 2 3 1
18 54140 0 2 3 1 0 0 0 1 5 6 3 1 0 2 5 5 3 0 1 2 3 0 0 1 0 0 0 1 1 0 1 4 6 3 1 5 3 1 0 2 3 2 3 1
18 70846 0 2 3 1 0 0 0 1 5 6 3 1 0 2 6 5 2 0 2 4 4 1 0 0 0 0 0 1 2 1 0 2 5 3 1 4 3 1 0 1 3 2 3 0
18 46842 0 2 3 1 0 0 0 1 5 7 3 0 0 1 5 6 2 0 0 2 2 0 0 0 0 0 0 2 1 0 0 5 7 3 2 6 4 1 0 1 3 2 3 0
18 70658 0 2 3 1 0 0 0 1 5 7 3 0 0 1 5 7 3 0 1 3 4 1 0 0 0 0 0 2 2 0 0 2 6 3 0 4 3 1 0 2 3 2 3 1
18 53319 0 2 3 1 0 0 0 1 5 7 3 0 0 1 6 6 2 0 1 3 3 0 0 1 0 0 0 1 2 1 0 3 5 3 2 5 3 1 0 1 3 2 3 0
18 53205 0 2 3 1 0 0 0 1 5 7 3 0 0 1 6 7 2 0 0 3 3 0 0 1 0 0 0 1 1 0 0 4 7 3 1 5 3 1 0 1 3 2 3 0
18 25981 0 2 3 2 0 0 0 1 3 4 0 0 0 0 2 0 0 0 0 0 0 0 0 0 0 1 4 6 2 0 2 9 6 0 3 6 0 2 1 5 6 4 6 1
18 31428 0 2 3 2 0 0 0 1 3 4 0 0 0 0 2 0 0 0 0 0 0 0 0 0 0 1 4 6 2 0 2 9 6 2 3 4 2 0 1 5 4 6 5 1
18 37451 0 2 3 2 0 0 0 1 3 4 0 0 0 0 3 0 0 0 1 0 0 0 0 0 0 1 4 5 3 1 2 7 5 3 4 4 2 1 1 4 3 6 4 1
18 25987 0 2 3 2 0 0 0 1 3 4 0 0 0 0 3 0 0 0 1 0 0 0 0 0 0 1 4 6 3 0 1 7 7 0 3 7 0 3 1 4 6 3 5 1
18 26001 0 2 3 2 0 0 0 1 3 4 0 0 0 1 3 0 0 0 1 0 0 0 0 0 0 1 3 5 3 0 2 7 7 0 3 7 0 3 1 4 6 3 5 1
18 31447 0 2 3 2 0 0 0 1 3 4 0 0 0 1 3 0 0 0 1 0 0 0 0 0 0 1 3 6 3 1 1 7 5 3 4 4 2 1 1 4 3 6 4 1
18 37470 0 2 3 2 0 0 0 1 3 4 0 0 0 1 4 0 0 0 2 0 0 0 0 0 0 1 3 5 4 2 1 5 4 4 5 4 3 0 1 3 2 6 4 1
18 26015 0 2 3 2 0 0 0 1 3 4 1 0 0 1 4 2 0 0 1 1 0 0 0 0 0 1 3 4 3 0 1 5 8 1 2 8 1 3 1 3 5 2 4 1
18 49101 0 2 3 2 0 0 0 1 3 5 1 0 0 0 2 1 0 0 0 0 0 0 0 0 0 1 3 5 2 0 2 8 8 2 3 6 2 0 1 3 4 4 6 0
18 44907 0 2 3 2 0 0 0 1 3 5 1 0 0 0 2 1 0 0 0 0 0 0 0 0 0 1 3 5 2 0 2 9 8 1 3 7 1 2 0 3 5 3 5 1
18 54890 0 2 3 2 0 0 0 1 3 5 1 0 0 0 3 1 0 0 1 0 0 0 0 0 0 1 3 4 3 1 2 6 7 3 4 6 2 1 1 2 3 4 5 0
18 44913 0 2 3 2 0 0 0 1 3 5 1 0 0 0 3 1 0 0 1 0 0 0 0 0 0 1 3 5 3 0 1 7 9 2 3 7 1 3 0 2 4 3 4 1
18 64080 0 2 3 2 0 0 0 1 3 5 1 0 0 0 3 2 0 0 0 1 0 0 0 0 0 1 3 4 2 0 2 7 8 2 2 7 2 1 1 3 4 3 5 0
18 61778 0 2 3 2 0 0 0 1 3 5 1 0 0 0 3 2 0 0 0 1 0 0 0 0 0 1 3 5 2 1 1 8 6 2 3 7 1 3 0 3 4 3 4 1
18 26039 0 2 3 2 0 0 0 1 3 5 1 0 0 0 3 2 0 0 1 1 0 0 0 0 0 1 3 5 3 0 1 5 8 1 2 8 1 3 1 3 5 2 4 1
18 61784 0 2 3 2 0 0 0 1 3 5 1 0 0 0 4 2 0 0 1 1 0 0 0 0 0 1 3 5 3 1 0 6 7 3 3 7 2 2 0 2 3 3 4 1
18 44926 0 2 3 2 0 0 0 1 3 5 1 0 0 1 3 1 0 0 1 1 0 0 0 0 0 1 2 4 3 0 2 7 8 1 2 8 1 3 0 3 5 2 4 1
18 49119 0 2 3 2 0 0 0 1 3 5 1 0 0 1 3 1 0 0 1 1 0 0 0 0 0 1 2 5 3 1 1 6 6 3 3 6 2 1 1 3 3 4 5 0
18 54908 0 2 3 2 0 0 0 1 3 5 1 0 0 1 4 1 0 0 2 1 0 0 0 0 0 1 2 4 4 2 1 4 5 4 4 6 3 0 1 2 2 4 5 0
18 64097 0 2 3 2 0 0 0 1 3 5 1 0 0 1 4 2 0 0 1 2 0 0 1 0 0 1 2 4 3 1 1 5 6 3 2 5 2 2 1 3 4 3 4 0
18 61796 0 2 3 2 0 0 0 1 3 5 1 0 0 1 4 2 0 0 1 2 0 0 1 0 0 1 2 4 3 1 1 6 6 2 2 6 1 4 0 3 5 2 3 1
18 26051 0 2 3 2 0 0 0 1 3 5 2 0 0 0 3 4 0 0 0 2 0 0 0 0 0 1 3 4 2 0 1 5 8 2 1 8 2 2 1 3 4 2 4 1
18 71388 0 2 3 2 0 0 0 1 3 5 2 0 0 0 3 4 1 0 0 1 1 0 0 0 0 1 3 3 2 0 2 5 8 3 2 6 3 1 1 2 3 3 4 0
18 44939 0 2 3 2 0 0 0 1 3 5 2 0 0 1 4 3 0 0 1 2 1 0 0 0 0 1 2 3 3 0 1 5 9 2 1 7 2 3 0 2 4 2 3 1
18 71404 0 2 3 2 0 0 0 1 3 5 2 0 0 1 4 4 1 0 1 2 1 0 1 1 0 1 2 3 3 1 1 3 6 4 2 4 2 1 1 2 3 3 4 0
18 61808 0 2 3 2 0 0 0 1 3 5 2 0 0 1 5 4 0 0 1 3 1 0 1 1 0 1 2 3 3 1 0 4 7 3 1 5 1 3 0 2 4 2 3 1
18 78413 0 2 3 2 0 0 0 1 3 5 2 1 0 0 3 2 1 0 1 1 0 0 0 0 0 1 3 3 2 1 2 5 6 4 3 7 3 1 1 2 2 3 4 0
18 78429 0 2 3 2 0 0 0 1 3 5 2 1 0 1 4 2 1 0 2 2 1 0 0 0 0 1 2 3 3 2 1 3 4 4 3 6 4 0 1 2 2 3 4 0
18 80745 0 2 3 2 0 0 0 1 3 5 3 1 0 0 2 4 2 0 0 1 1 0 0 0 0 1 3 3 1 0 2 5 7 4 2 6 4 0 1 2 2 3 4 0
18 80761 0 2 3 2 0 0 0 1 3 5 3 1 0 1 3 4 2 0 1 2 2 0 0 1 0 1 2 3 2 1 1 3 5 4 2 5 3 0 1 2 2 3 4 0
18 44963 0 2 3 2 0 0 0 1 3 6 2 0 0 0 3 3 1 0 1 1 0 0 0 0 0 1 2 4 3 0 1 5 8 3 2 8 2 3 0 2 3 2 3 1
18 61820 0 2 3 2 0 0 0 1 3 6 2 0 0 0 4 4 1 0 1 2 1 0 0 0 0 1 2 4 3 1 0 4 6 3 2 7 3 2 0 2 3 2 3 1
18 44975 0 2 3 2 0 0 0 1 3 6 3 0 0 0 3 5 1 0 0 2 1 0 0 0 0 1 2 3 2 0 1 5 8 3 1 7 3 2 0 2 3 2 3 1
18 61832 0 2 3 2 0 0 0 1 3 6 3 0 0 0 4 6 1 0 0 3 2 0 0 1 0 1 2 3 2 1 0 4 6 3 1 6 2 2 0 2 3 2 3 1
18 27673 0 2 3 2 0 0 0 1 4 5 1 0 0 0 2 1 0 0 0 0 0 0 0 0 0 0 3 5 2 0 2 8 8 1 3 7 1 2 1 3 5 3 5 1
18 31429 0 2 3 2 0 0 0 1 4 5 1 0 0 0 2 1 0 0 0 0 0 0 0 0 0 0 3 5 2 0 2 9 8 2 3 6 2 0 0 3 4 4 6 0
18 37452 0 2 3 2 0 0 0 1 4 5 1 0 0 0 3 1 0 0 1 1 0 0 0 0 0 0 3 4 3 1 2 7 6 3 3 6 2 1 0 3 3 4 5 0
18 27679 0 2 3 2 0 0 0 1 4 5 1 0 0 0 3 1 0 0 1 1 0 0 0 0 0 0 3 5 3 0 1 6 8 1 2 8 1 3 1 3 5 2 4 1
18 27693 0 2 3 2 0 0 0 1 4 5 1 0 0 1 3 1 0 0 1 0 0 0 0 0 0 0 2 4 3 0 2 6 9 2 3 7 1 3 1 2 4 3 4 1
18 31449 0 2 3 2 0 0 0 1 4 5 1 0 0 1 3 1 0 0 1 0 0 0 0 0 0 0 2 5 3 1 1 7 7 3 4 6 2 1 0 2 3 4 5 0
18 34993 0 2 3 2 0 0 0 1 4 5 1 0 0 1 3 2 0 0 0 1 0 0 0 0 0 0 2 4 2 1 2 7 6 2 3 7 1 3 1 3 4 3 4 1
18 31435 0 2 3 2 0 0 0 1 4 5 1 0 0 1 3 2 0 0 0 1 0 0 0 0 0 0 2 5 2 0 1 8 8 2 2 7 2 1 0 3 4 3 5 0
18 37471 0 2 3 2 0 0 0 1 4 5 1 0 0 1 4 1 0 0 2 1 0 0 0 0 0 0 2 4 4 2 1 5 5 4 4 6 3 0 0 2 2 4 5 0
18 34999 0 2 3 2 0 0 0 1 4 5 1 0 0 1 4 2 0 0 1 2 0 0 1 0 0 0 2 4 3 1 1 5 6 2 2 6 1 4 1 3 5 2 3 1
18 37458 0 2 3 2 0 0 0 1 4 5 1 0 0 1 4 2 0 0 1 2 0 0 1 0 0 0 2 4 3 1 1 6 6 3 2 5 2 2 0 3 4 3 4 0
18 35013 0 2 3 2 0 0 0 1 4 5 1 0 0 2 4 2 0 0 1 1 0 0 0 0 0 0 1 3 3 1 2 5 7 3 3 7 2 2 1 2 3 3 4 1
18 27707 0 2 3 2 0 0 0 1 4 5 2 0 0 1 4 3 1 0 1 1 0 0 0 0 0 0 2 3 3 0 1 4 8 3 2 8 2 3 1 2 3 2 3 1
18 35027 0 2 3 2 0 0 0 1 4 5 2 0 0 2 5 4 1 0 1 2 1 0 0 0 0 0 1 2 3 1 1 3 6 3 2 7 3 2 1 2 3 2 3 1
18 45986 0 2 3 2 0 0 0 1 4 6 2 0 0 0 2 2 0 0 0 0 0 0 0 0 0 0 2 4 2 0 2 8 10 2 3 8 2 2 0 1 4 2 4 1
18 49102 0 2 3 2 0 0 0 1 4 6 2 0 0 0 2 2 0 0 0 0 0 0 0 0 0 0 2 4 2 0 2 8 10 2 3 8 3 0 0 1 4 2 5 0
18 54891 0 2 3 2 0 0 0 1 4 6 2 0 0 0 3 2 0 0 1 1 0 0 0 0 0 0 2 3 3 1 2 6 8 3 3 8 3 1 0 1 3 2 4 0
18 45992 0 2 3 2 0 0 0 1 4 6 2 0 0 0 3 2 0 0 1 1 0 0 0 0 0 0 2 4 3 0 1 6 10 3 2 8 2 3 0 1 3 2 3 1
18 64081 0 2 3 2 0 0 0 1 4 6 2 0 0 0 3 3 0 0 0 1 0 0 0 0 0 0 2 3 2 0 2 7 10 3 2 8 3 1 0 1 3 2 4 0
18 62460 0 2 3 2 0 0 0 1 4 6 2 0 0 0 3 3 0 0 0 1 0 0 0 0 0 0 2 4 2 1 1 7 8 3 3 8 2 3 0 1 3 2 3 1
18 27731 0 2 3 2 0 0 0 1 4 6 2 0 0 0 3 3 0 0 1 2 1 0 0 0 0 0 2 4 3 0 1 4 9 2 1 7 2 3 1 2 4 2 3 1
18 62466 0 2 3 2 0 0 0 1 4 6 2 0 0 0 4 3 0 0 1 2 0 0 0 0 0 0 2 4 3 1 0 5 8 4 2 8 3 2 0 1 2 2 3 1
18 46005 0 2 3 2 0 0 0 1 4 6 2 0 0 1 3 2 0 0 1 1 0 0 0 0 0 0 1 3 3 0 2 6 10 3 2 8 2 3 0 1 3 2 3 1
18 49120 0 2 3 2 0 0 0 1 4 6 2 0 0 1 3 2 0 0 1 1 0 0 0 0 0 0 1 4 3 1 1 6 8 3 3 8 3 1 0 1 3 2 4 0
18 52548 0 2 3 2 0 0 0 1 4 6 2 0 0 1 3 3 0 0 0 1 0 0 0 0 0 0 1 3 2 1 2 7 8 3 3 8 2 3 0 1 3 2 3 1
18 49107 0 2 3 2 0 0 0 1 4 6 2 0 0 1 3 3 0 0 0 1 0 0 0 0 0 0 1 4 2 0 1 7 10 3 2 8 3 1 0 1 3 2 4 0
18 54909 0 2 3 2 0 0 0 1 4 6 2 0 0 1 4 2 0 0 2 2 0 0 0 0 0 0 1 3 4 2 1 4 6 4 3 8 4 0 0 1 2 2 4 0
18 52554 0 2 3 2 0 0 0 1 4 6 2 0 0 1 4 3 0 0 1 2 0 0 1 0 0 0 1 3 3 1 1 5 8 4 2 6 2 4 0 1 3 2 2 1
18 54896 0 2 3 2 0 0 0 1 4 6 2 0 0 1 4 3 0 0 1 2 0 0 1 0 0 0 1 3 3 1 1 5 8 4 2 6 3 2 0 1 3 2 3 0
18 64086 0 2 3 2 0 0 0 1 4 6 2 0 0 1 4 4 0 0 0 2 0 0 0 0 0 0 1 3 2 0 1 6 10 4 1 8 4 0 0 1 2 2 4 0
18 35051 0 2 3 2 0 0 0 1 4 6 2 0 0 1 4 4 0 0 1 3 1 0 1 1 0 0 1 3 3 1 1 3 7 3 1 5 1 3 1 2 4 2 3 1
18 31487 0 2 3 2 0 0 0 1 4 6 2 0 0 1 4 4 1 0 0 1 1 0 0 0 0 0 1 4 2 0 0 6 8 3 2 6 3 1 0 2 3 3 4 0
18 37509 0 2 3 2 0 0 0 1 4 6 2 0 0 1 5 4 1 0 1 2 1 0 1 1 0 0 1 3 3 1 0 4 6 4 2 4 2 1 0 2 3 3 4 0
18 52567 0 2 3 2 0 0 0 1 4 6 2 0 0 2 4 3 0 0 1 2 0 0 0 0 0 0 0 2 3 1 2 5 8 4 2 8 3 2 0 1 2 2 3 1
18 31463 0 2 3 2 0 0 0 1 4 6 2 1 0 1 4 2 1 0 1 1 0 0 0 0 0 0 1 4 2 1 0 6 6 4 3 7 3 1 0 2 2 3 4 0
18 37485 0 2 3 2 0 0 0 1 4 6 2 1 0 1 5 2 1 0 2 2 1 0 0 0 0 0 1 3 3 2 0 4 4 4 3 6 4 0 0 2 2 3 4 0
18 27743 0 2 3 2 0 0 0 1 4 6 3 0 0 0 3 5 1 0 0 2 1 0 0 0 0 0 2 3 2 0 1 4 8 3 1 7 3 2 1 2 3 2 3 1
18 71389 0 2 3 2 0 0 0 1 4 6 3 0 0 0 3 5 2 0 0 1 1 0 0 0 0 0 2 2 2 0 2 5 8 4 2 7 4 1 0 1 2 2 3 0
18 46018 0 2 3 2 0 0 0 1 4 6 3 0 0 1 4 4 1 0 1 2 1 0 0 0 0 0 1 2 3 0 1 4 9 4 1 7 3 3 0 1 2 2 2 1
18 71405 0 2 3 2 0 0 0 1 4 6 3 0 0 1 4 5 2 0 1 2 1 0 1 1 0 0 1 2 3 1 1 3 6 5 2 5 3 1 0 1 2 2 3 0
18 35063 0 2 3 2 0 0 0 1 4 6 3 0 0 1 4 6 1 0 0 3 2 0 0 1 0 0 1 2 2 1 1 3 6 3 1 6 2 2 1 2 3 2 3 1
18 71394 0 2 3 2 0 0 0 1 4 6 3 0 0 1 4 6 2 0 0 2 2 0 0 0 0 0 1 2 2 0 1 4 8 4 1 6 5 0 0 1 2 2 3 0
18 62490 0 2 3 2 0 0 0 1 4 6 3 0 0 1 5 5 1 0 1 3 1 0 1 1 0 0 1 2 3 1 0 3 7 5 1 5 2 3 0 1 2 2 2 1
18 52580 0 2 3 2 0 0 0 1 4 6 3 0 0 2 5 5 1 0 1 3 2 0 0 0 0 0 0 1 3 1 1 3 7 4 1 6 4 2 0 1 2 2 2 1
18 78414 0 2 3 2 0 0 0 1 4 6 3 1 0 0 3 3 1 0 1 2 1 0 0 0 0 0 2 2 2 1 2 5 7 4 2 7 4 1 0 1 2 2 3 0
18 78430 0 2 3 2 0 0 0 1 4 6 3 1 0 1 4 3 1 0 2 3 2 0 0 0 0 0 1 2 3 2 1 3 5 4 2 6 5 0 0 1 2 2 3 0
18 78419 0 2 3 2 0 0 0 1 4 6 3 1 0 1 4 4 1 0 1 3 1 0 1 1 0 0 1 2 2 1 1 4 7 5 1 5 3 1 0 1 2 2 3 0
18 77906 0 2 3 2 0 0 0 1 4 6 3 1 0 1 4 4 2 0 0 1 1 0 0 0 0 0 1 2 1 1 1 6 6 4 3 7 3 3 0 1 2 2 2 1
18 77911 0 2 3 2 0 0 0 1 4 6 3 1 0 1 5 4 2 0 1 2 1 0 1 1 0 0 1 2 2 1 0 4 6 5 2 5 2 3 0 1 2 2 2 1
18 77922 0 2 3 2 0 0 0 1 4 6 3 1 0 2 5 4 2 0 1 2 2 0 0 0 0 0 0 1 2 1 1 4 6 4 2 6 4 2 0 1 2 2 2 1
18 80746 0 2 3 2 0 0 0 1 4 6 4 1 0 0 2 5 3 0 0 1 2 0 0 0 0 0 2 2 1 0 2 5 7 4 2 6 5 0 0 1 2 2 3 0
18 80762 0 2 3 2 0 0 0 1 4 6 4 1 0 1 3 5 3 0 1 2 3 0 0 1 0 0 1 2 2 1 1 3 5 4 2 5 4 0 0 1 2 2 3 0
18 80751 0 2 3 2 0 0 0 1 4 6 4 1 0 1 3 6 3 0 0 2 3 0 0 1 0 0 1 2 1 0 1 4 7 4 1 5 4 0 0 1 2 2 3 0
18 77934 0 2 3 2 0 0 0 1 4 6 4 1 0 2 6 6 3 0 1 3 4 1 0 0 0 0 0 0 2 1 0 2 5 4 1 4 3 2 0 1 2 2 2 1
18 46042 0 2 3 2 0 0 0 1 4 7 3 0 0 0 3 4 1 0 1 2 1 0 0 0 0 0 1 3 3 0 1 4 9 4 1 7 3 3 0 1 2 2 2 1
18 62502 0 2 3 2 0 0 0 1 4 7 3 0 0 0 4 5 1 0 1 3 2 0 0 0 0 0 1 3 3 1 0 3 7 4 1 6 4 2 0 1 2 2 2 1
18 52604 0 2 3 2 0 0 0 1 4 7 3 0 0 1 4 5 1 0 1 3 1 0 1 1 0 0 0 2 3 1 1 3 7 5 1 5 2 3 0 1 2 2 2 1
18 49157 0 2 3 2 0 0 0 1 4 7 3 0 0 1 4 5 2 0 0 1 1 0 0 0 0 0 0 3 2 0 0 5 8 4 2 7 4 1 0 1 2 2 3 0
18 54945 0 2 3 2 0 0 0 1 4 7 3 0 0 1 5 5 2 0 1 2 1 0 1 1 0 0 0 2 3 1 0 3 6 5 2 5 3 1 0 1 2 2 3 0
18 64121 0 2 3 2 0 0 0 1 4 7 3 0 0 1 5 6 2 0 0 2 2 0 0 0 0 0 0 2 2 0 0 4 8 4 1 6 5 0 0 1 2 2 3 0
18 70632 0 2 3 2 0 0 0 1 4 7 3 1 0 0 3 4 2 0 0 1 1 0 0 0 0 0 1 3 1 1 1 6 6 4 3 7 3 3 0 1 2 2 2 1
18 31499 0 2 3 2 0 0 0 1 4 7 3 1 0 0 4 4 2 0 0 1 1 0 0 0 0 0 1 3 1 0 0 6 7 4 2 6 4 0 0 2 2 3 4 0
18 70637 0 2 3 2 0 0 0 1 4 7 3 1 0 0 4 4 2 0 1 2 2 0 0 0 0 0 1 3 2 1 0 4 6 4 2 6 4 2 0 1 2 2 2 1
18 37521 0 2 3 2 0 0 0 1 4 7 3 1 0 0 5 4 2 0 1 2 2 0 0 1 0 0 1 2 2 1 0 4 5 4 2 5 3 0 0 2 2 3 4 0
18 49133 0 2 3 2 0 0 0 1 4 7 3 1 0 1 4 3 1 0 1 2 1 0 0 0 0 0 0 3 2 1 0 5 7 4 2 7 4 1 0 1 2 2 3 0
18 70648 0 2 3 2 0 0 0 1 4 7 3 1 0 1 4 4 2 0 1 2 1 0 1 1 0 0 0 2 2 1 1 4 6 5 2 5 2 3 0 1 2 2 2 1
18 54921 0 2 3 2 0 0 0 1 4 7 3 1 0 1 5 3 1 0 2 3 2 0 0 0 0 0 0 2 3 2 0 3 5 4 2 6 5 0 0 1 2 2 3 0
18 64109 0 2 3 2 0 0 0 1 4 7 3 1 0 1 5 4 1 0 1 3 1 0 1 1 0 0 0 2 2 1 0 4 7 5 1 5 3 1 0 1 2 2 3 0
18 46054 0 2 3 2 0 0 0 1 4 7 4 0 0 0 3 6 2 0 0 2 2 0 0 0 0 0 1 2 2 0 1 4 8 4 1 6 4 2 0 1 2 2 2 1
18 62514 0 2 3 2 0 0 0 1 4 7 4 0 0 0 4 7 2 0 0 3 3 0 0 1 0 0 1 2 2 1 0 3 6 4 1 5 3 2 0 1 2 2 2 1
18 52616 0 2 3 2 0 0 0 1 4 7 4 0 0 1 4 7 2 0 0 3 3 0 0 1 0 0 0 1 2 1 1 3 6 4 1 5 3 2 0 1 2 2 2 1
18 71416 0 2 3 2 0 0 0 1 4 7 4 0 0 1 5 8 4 0 0 2 4 1 0 0 0 0 0 1 2 0 0 2 6 4 1 4 4 0 0 1 2 2 3 0
18 80299 0 2 3 2 0 0 0 1 4 7 4 2 0 0 3 4 4 0 0 0 2 0 0 0 0 0 1 2 0 0 1 6 6 4 3 6 4 2 0 1 2 2 2 1
18 80304 0 2 3 2 0 0 0 1 4 7 4 2 0 0 4 4 4 0 1 1 3 0 0 1 0 0 1 2 1 0 0 4 6 4 2 5 3 2 0 1 2 2 2 1
18 80315 0 2 3 2 0 0 0 1 4 7 4 2 0 1 4 4 4 0 1 1 3 0 0 1 0 0 0 1 1 0 1 4 6 4 2 5 3 2 0 1 2 2 2 1
18 78441 0 2 3 2 0 0 0 1 4 7 4 2 0 1 5 4 2 0 2 4 4 1 0 0 0 0 0 1 2 2 0 2 4 4 1 4 4 0 0 1 2 2 3 0
18 49169 0 2 3 2 0 0 0 1 4 8 4 1 0 0 4 5 3 0 0 1 2 0 0 0 0 0 0 2 1 0 0 5 7 4 2 6 5 0 0 1 2 2 3 0
18 70660 0 2 3 2 0 0 0 1 4 8 4 1 0 0 4 6 3 0 1 3 4 1 0 0 0 0 0 2 2 1 0 2 5 4 1 4 3 2 0 1 2 2 2 1
18 54957 0 2 3 2 0 0 0 1 4 8 4 1 0 0 5 5 3 0 1 2 3 0 0 1 0 0 0 1 2 1 0 3 5 4 2 5 4 0 0 1 2 2 3 0
18 64133 0 2 3 2 0 0 0 1 4 8 4 1 0 0 5 6 3 0 0 2 3 0 0 1 0 0 0 1 1 0 0 4 7 4 1 5 4 0 0 1 2 2 3 0
18 31293 0 2 3 2 1 0 0 1 3 2 2 0 0 1 0 1 0 0 0 0 0 0 0 0 0 1 4 4 2 0 4 7 6 0 3 6 0 2 2 5 6 4 6 0
18 30182 0 2 3 2 1 0 0 1 3 2 2 0 0 1 0 1 0 0 0 0 0 0 0 0 0 1 4 4 2 0 4 7 6 0 3 6 0 2 2 5 6 4 6 1
18 37317 0 2 3 2 1 0 0 1 3 2 2 0 0 1 1 2 0 0 0 1 0 0 0 0 0 1 4 3 2 0 4 6 6 0 2 7 0 3 2 5 6 3 5 0
18 30188 0 2 3 2 1 0 0 1 3 2 2 0 0 1 1 2 0 0 0 1 0 0 0 0 0 1 4 4 2 0 3 6 6 0 2 7 0 3 2 5 6 3 5 1
18 36578 0 2 3 2 1 0 0 1 3 2 2 0 0 2 1 2 0 0 0 1 0 0 0 0 0 1 3 3 2 0 4 6 6 0 2 7 0 3 2 5 6 3 5 1
18 31299 0 2 3 2 1 0 0 1 3 2 2 0 0 2 1 2 0 0 0 1 0 0 0 0 0 1 3 4 2 0 3 6 6 0 2 7 0 3 2 5 6 3 5 0
18 37323 0 2 3 2 1 0 0 1 3 2 2 0 0 2 2 3 0 0 0 2 0 0 1 0 0 1 3 3 2 0 3 5 6 0 1 6 0 4 2 5 7 2 4 0
18 36584 0 2 3 2 1 0 0 1 3 2 2 0 0 2 2 3 0 0 0 2 0 0 1 0 0 1 3 3 2 0 3 5 6 0 1 6 0 4 2 5 7 2 4 1
18 48969 0 2 3 2 1 0 0 1 3 3 2 0 0 1 1 1 0 0 0 0 0 0 0 0 0 1 3 4 2 0 3 8 8 1 3 7 1 2 1 3 5 3 5 0
18 47895 0 2 3 2 1 0 0 1 3 3 2 0 0 1 1 1 0 0 0 0 0 0 0 0 0 1 3 4 2 0 3 9 8 1 3 7 1 2 0 3 5 3 5 1
18 63988 0 2 3 2 1 0 0 1 3 3 2 0 0 1 2 1 0 0 1 0 0 0 0 0 0 1 3 3 3 1 3 6 7 2 4 7 1 3 1 2 4 3 4 0
18 63310 0 2 3 2 1 0 0 1 3 3 2 0 0 1 2 1 0 0 1 0 0 0 0 0 0 1 3 4 3 1 2 7 7 2 4 7 1 3 0 2 4 3 4 1
18 54759 0 2 3 2 1 0 0 1 3 3 2 0 0 1 2 2 0 0 0 1 0 0 0 0 0 1 3 3 2 0 3 7 8 1 2 8 1 3 1 3 5 2 4 0
18 47901 0 2 3 2 1 0 0 1 3 3 2 0 0 1 2 2 0 0 0 1 0 0 0 0 0 1 3 4 2 0 2 8 8 2 2 7 1 3 0 3 4 3 4 1
18 26217 0 2 3 2 1 0 0 1 3 3 2 0 0 1 2 2 0 0 1 2 0 0 1 0 0 1 3 4 3 1 2 5 5 2 2 5 1 3 1 4 5 3 4 1
18 63315 0 2 3 2 1 0 0 1 3 3 2 0 0 1 3 2 0 0 1 1 0 0 0 0 0 1 3 4 3 1 1 6 7 3 3 7 2 2 0 2 3 3 4 1
18 26025 0 2 3 2 1 0 0 1 3 3 2 0 0 1 3 2 0 0 2 2 0 0 1 0 0 1 3 4 4 1 1 3 6 2 2 6 1 4 1 3 5 2 3 1
18 54057 0 2 3 2 1 0 0 1 3 3 2 0 0 2 2 2 0 0 0 1 0 0 0 0 0 1 2 3 2 0 3 8 8 1 2 8 1 3 0 3 5 2 4 1
18 48975 0 2 3 2 1 0 0 1 3 3 2 0 0 2 2 2 0 0 0 1 0 0 0 0 0 1 2 4 2 0 2 7 8 2 2 7 1 3 1 3 4 3 4 0
18 63993 0 2 3 2 1 0 0 1 3 3 2 0 0 2 3 2 0 0 1 1 0 0 0 0 0 1 2 3 3 1 2 5 7 3 3 7 2 2 1 2 3 3 4 0
18 54765 0 2 3 2 1 0 0 1 3 3 2 0 0 2 3 3 0 0 0 2 0 0 1 0 0 1 2 3 2 0 2 6 8 2 1 6 1 4 1 3 5 2 3 0
18 54063 0 2 3 2 1 0 0 1 3 3 2 0 0 2 3 3 0 0 0 2 0 0 1 0 0 1 2 3 2 0 2 7 8 2 1 6 1 4 0 3 5 2 3 1
18 26229 0 2 3 2 1 0 0 1 3 3 3 0 0 1 2 4 0 0 0 3 0 0 1 0 0 1 3 3 2 1 2 5 5 3 1 5 2 2 1 4 4 3 4 1
18 78360 0 2 3 2 1 0 0 1 3 3 3 0 0 1 2 4 1 0 0 1 1 0 0 0 0 1 3 2 2 0 3 5 8 2 2 7 2 3 1 2 4 2 3 0
18 78146 0 2 3 2 1 0 0 1 3 3 3 0 0 2 3 4 1 0 0 1 1 0 0 0 0 1 2 2 2 0 2 6 8 2 2 7 2 3 0 2 4 2 3 1
18 78365 0 2 3 2 1 0 0 1 3 3 3 0 0 2 3 5 1 0 0 2 1 0 1 1 0 1 2 2 2 0 2 4 8 3 1 5 1 3 1 2 4 2 3 0
18 78151 0 2 3 2 1 0 0 1 3 3 3 0 0 2 4 5 1 0 0 2 1 0 1 1 0 1 2 2 2 0 1 5 8 3 1 5 1 3 0 2 4 2 3 1
18 71335 0 2 3 2 1 0 0 1 3 3 3 1 0 1 2 2 1 0 1 1 0 0 0 0 0 1 3 2 2 1 3 5 6 3 3 8 2 3 1 2 3 2 3 0
18 71340 0 2 3 2 1 0 0 1 3 3 3 1 0 2 3 3 1 0 1 2 1 0 0 0 0 1 2 2 2 1 2 4 6 3 2 7 3 2 1 2 3 2 3 0
18 80703 0 2 3 2 1 0 0 1 3 3 4 1 0 1 1 4 2 0 0 1 1 0 0 0 0 1 3 2 1 0 3 5 7 3 2 7 3 2 1 2 3 2 3 0
18 80708 0 2 3 2 1 0 0 1 3 3 4 1 0 2 2 5 2 0 0 2 2 0 0 1 0 1 2 2 1 0 2 4 7 3 1 6 2 2 1 2 3 2 3 0
18 26061 0 2 3 2 1 0 0 1 3 4 3 0 0 0 2 4 0 0 1 3 0 0 1 0 0 1 3 4 3 1 1 3 6 3 1 6 2 3 1 3 4 2 3 1
18 74088 0 2 3 2 1 0 0 1 3 4 3 0 0 0 2 4 1 0 0 2 2 0 0 1 0 1 3 3 3 1 2 4 6 3 2 5 2 1 1 2 3 3 4 0
18 44949 0 2 3 2 1 0 0 1 3 4 3 0 0 1 3 3 0 0 2 3 1 0 1 1 0 1 2 3 4 1 1 3 7 3 1 5 1 3 0 2 4 2 3 1
18 71110 0 2 3 2 1 0 0 1 3 4 3 1 0 1 2 2 1 0 1 1 0 0 0 0 0 1 2 3 2 1 2 6 6 3 3 8 2 3 0 2 3 2 3 1
18 45138 0 2 3 2 1 0 0 1 3 4 3 1 0 1 2 2 1 0 1 2 0 0 1 0 0 1 2 3 2 1 2 6 5 3 2 6 2 3 0 3 4 2 3 1
18 71115 0 2 3 2 1 0 0 1 3 4 3 1 0 1 3 3 1 0 1 2 1 0 0 0 0 1 2 3 2 1 1 5 6 3 2 7 3 2 0 2 3 2 3 1
18 61932 0 2 3 2 1 0 0 1 3 4 3 1 0 1 3 3 2 0 1 2 1 0 1 0 0 1 2 3 2 0 1 5 6 3 1 5 3 2 0 3 4 2 3 1
18 82529 0 2 3 2 1 0 0 1 3 4 4 1 0 0 1 4 2 0 0 2 2 0 0 1 0 1 3 3 2 1 2 4 5 4 2 5 3 0 1 2 2 3 4 0
18 45150 0 2 3 2 1 0 0 1 3 4 4 1 0 1 2 4 1 0 0 3 1 0 1 0 0 1 2 2 1 1 2 6 5 3 1 5 3 2 0 3 4 2 3 1
18 80548 0 2 3 2 1 0 0 1 3 4 4 1 0 1 2 4 2 0 0 1 1 0 0 0 0 1 2 2 1 0 2 6 7 3 2 7 3 2 0 2 3 2 3 1
18 80553 0 2 3 2 1 0 0 1 3 4 4 1 0 1 3 5 2 0 0 2 2 0 0 1 0 1 2 2 1 0 1 5 7 3 1 6 2 2 0 2 3 2 3 1
18 61944 0 2 3 2 1 0 0 1 3 4 4 1 0 1 3 5 2 0 0 3 2 0 1 1 0 1 2 2 1 0 1 5 6 3 0 4 2 2 0 3 4 2 3 1
18 44985 0 2 3 2 1 0 0 1 3 5 4 0 0 0 2 5 1 0 1 3 1 0 1 1 0 1 2 3 3 1 1 3 6 4 1 5 2 2 0 2 3 2 3 1
18 30201 0 2 3 2 1 0 0 1 4 3 2 0 0 1 1 1 0 0 0 0 0 0 0 0 0 0 3 4 2 0 3 8 8 1 3 7 1 2 1 3 5 3 5 1
18 31312 0 2 3 2 1 0 0 1 4 3 2 0 0 1 1 1 0 0 0 0 0 0 0 0 0 0 3 4 2 0 3 9 8 1 3 7 1 2 0 3 5 3 5 0
18 37336 0 2 3 2 1 0 0 1 4 3 2 0 0 1 2 2 0 0 0 1 0 0 0 0 0 0 3 3 2 0 3 8 8 2 2 7 1 3 0 3 4 3 4 0
18 30207 0 2 3 2 1 0 0 1 4 3 2 0 0 1 2 2 0 0 0 1 0 0 0 0 0 0 3 4 2 0 2 7 8 1 2 8 1 3 1 3 5 2 4 1
18 30221 0 2 3 2 1 0 0 1 4 3 2 0 0 2 2 1 0 0 1 0 0 0 0 0 0 0 2 3 3 1 3 6 7 2 4 7 1 3 1 2 4 3 4 1
18 31332 0 2 3 2 1 0 0 1 4 3 2 0 0 2 2 1 0 0 1 0 0 0 0 0 0 0 2 4 3 1 2 7 7 2 4 7 1 3 0 2 4 3 4 0
18 36597 0 2 3 2 1 0 0 1 4 3 2 0 0 2 2 2 0 0 0 1 0 0 0 0 0 0 2 3 2 0 3 7 8 2 2 7 1 3 1 3 4 3 4 1
18 31318 0 2 3 2 1 0 0 1 4 3 2 0 0 2 2 2 0 0 0 1 0 0 0 0 0 0 2 4 2 0 2 8 8 1 2 8 1 3 0 3 5 2 4 0
18 37355 0 2 3 2 1 0 0 1 4 3 2 0 0 2 3 2 0 0 1 1 0 0 0 0 0 0 2 3 3 1 2 6 7 3 3 7 2 2 0 2 3 3 4 0
18 26852 0 2 3 2 1 0 0 1 4 3 2 0 0 2 3 2 0 0 2 2 0 0 1 0 0 0 2 4 3 1 1 5 5 2 3 5 1 3 0 3 5 3 4 0
18 36603 0 2 3 2 1 0 0 1 4 3 2 0 0 2 3 3 0 0 0 2 0 0 1 0 0 0 2 3 2 0 2 6 8 2 1 6 1 4 1 3 5 2 3 1
18 37342 0 2 3 2 1 0 0 1 4 3 2 0 0 2 3 3 0 0 0 2 0 0 1 0 0 0 2 3 2 0 2 7 8 2 1 6 1 4 0 3 5 2 3 0
18 36616 0 2 3 2 1 0 0 1 4 3 2 0 0 3 3 2 0 0 1 1 0 0 0 0 0 0 1 2 3 1 3 5 7 3 3 7 2 2 1 2 3 3 4 1
18 30235 0 2 3 2 1 0 0 1 4 3 3 1 0 2 3 2 1 0 1 1 0 0 0 0 0 0 2 2 2 1 2 5 6 3 3 8 2 3 1 2 3 2 3 1
18 36630 0 2 3 2 1 0 0 1 4 3 3 1 0 3 4 3 1 0 1 2 1 0 0 0 0 0 1 1 2 1 2 4 6 3 2 7 3 2 1 2 3 2 3 1
18 48987 0 2 3 2 1 0 0 1 4 4 2 0 0 1 2 2 0 0 0 0 0 0 0 0 0 0 2 4 2 0 2 8 10 2 3 8 2 2 0 1 4 2 4 0
18 47913 0 2 3 2 1 0 0 1 4 4 2 0 0 1 2 2 0 0 0 0 0 0 0 0 0 0 2 4 2 0 2 8 10 2 3 8 2 2 0 1 4 2 4 1
18 64005 0 2 3 2 1 0 0 1 4 4 2 0 0 1 3 2 0 0 1 1 0 0 0 0 0 0 2 3 3 1 2 6 8 3 3 8 2 3 0 1 3 2 3 0
18 63327 0 2 3 2 1 0 0 1 4 4 2 0 0 1 3 2 0 0 1 1 0 0 0 0 0 0 2 4 3 1 1 6 8 3 3 8 2 3 0 1 3 2 3 1
18 54777 0 2 3 2 1 0 0 1 4 4 2 0 0 1 3 3 0 0 0 1 0 0 0 0 0 0 2 3 2 0 2 7 10 3 2 8 2 3 0 1 3 2 3 0
18 47919 0 2 3 2 1 0 0 1 4 4 2 0 0 1 3 3 0 0 0 1 0 0 0 0 0 0 2 4 2 0 1 7 10 3 2 8 2 3 0 1 3 2 3 1
18 27909 0 2 3 2 1 0 0 1 4 4 2 0 0 1 3 3 0 0 1 3 1 0 1 1 0 0 2 4 3 1 1 4 6 3 1 4 1 2 1 3 4 3 4 1
18 63332 0 2 3 2 1 0 0 1 4 4 2 0 0 1 4 3 0 0 1 2 0 0 0 0 0 0 2 4 3 1 0 5 8 4 2 8 3 2 0 1 2 2 3 1
18 47932 0 2 3 2 1 0 0 1 4 4 2 0 0 2 3 2 0 0 1 1 0 0 0 0 0 0 1 3 3 1 2 6 8 3 3 8 2 3 0 1 3 2 3 1
18 49006 0 2 3 2 1 0 0 1 4 4 2 0 0 2 3 2 0 0 1 1 0 0 0 0 0 0 1 4 3 1 1 6 8 3 3 8 2 3 0 1 3 2 3 0
18 54075 0 2 3 2 1 0 0 1 4 4 2 0 0 2 3 3 0 0 0 1 0 0 0 0 0 0 1 3 2 0 2 7 10 3 2 8 2 3 0 1 3 2 3 1
18 48993 0 2 3 2 1 0 0 1 4 4 2 0 0 2 3 3 0 0 0 1 0 0 0 0 0 0 1 4 2 0 1 7 10 3 2 8 2 3 0 1 3 2 3 0
18 64022 0 2 3 2 1 0 0 1 4 4 2 0 0 2 4 2 0 0 2 2 0 0 1 0 0 0 1 3 4 2 1 4 6 4 3 6 2 4 0 1 3 2 2 0
18 63344 0 2 3 2 1 0 0 1 4 4 2 0 0 2 4 2 0 0 2 2 0 0 1 0 0 0 1 3 4 2 1 4 6 4 3 6 2 4 0 1 3 2 2 1
18 54795 0 2 3 2 1 0 0 1 4 4 2 0 0 2 4 3 0 0 1 2 0 0 0 0 0 0 1 3 3 1 1 5 8 4 2 8 3 2 0 1 2 2 3 0
18 29023 0 2 3 2 1 0 0 1 4 4 2 0 0 2 4 3 0 0 2 3 1 0 1 1 0 0 1 4 3 1 0 4 6 3 2 4 1 2 0 2 4 3 4 0
18 54783 0 2 3 2 1 0 0 1 4 4 2 0 0 2 4 4 0 0 0 2 0 0 1 0 0 0 1 3 2 0 1 6 10 4 1 6 2 4 0 1 3 2 2 0
18 54081 0 2 3 2 1 0 0 1 4 4 2 0 0 2 4 4 0 0 0 2 0 0 1 0 0 0 1 3 2 0 1 6 10 4 1 6 2 4 0 1 3 2 2 1
18 54093 0 2 3 2 1 0 0 1 4 4 2 0 0 3 4 3 0 0 1 2 0 0 0 0 0 0 0 2 3 1 2 5 8 4 2 8 3 2 0 1 2 2 3 1
18 30259 0 2 3 2 1 0 0 1 4 4 3 0 0 1 2 4 1 0 0 1 1 0 0 0 0 0 2 3 2 0 2 5 8 2 2 7 2 3 1 2 4 2 3 1
18 26868 0 2 3 2 1 0 0 1 4 4 3 0 0 1 3 4 0 0 1 3 0 0 1 0 0 0 2 3 2 1 1 5 5 3 2 5 2 2 0 3 4 3 4 0
18 27921 0 2 3 2 1 0 0 1 4 4 3 0 0 1 3 5 1 0 0 3 1 0 1 1 0 0 2 3 2 1 1 4 5 4 1 4 2 1 1 3 3 3 4 1
18 78376 0 2 3 2 1 0 0 1 4 4 3 0 0 1 3 5 2 0 0 1 1 0 0 0 0 0 2 2 2 0 2 5 8 4 2 7 3 3 0 1 2 2 2 0
18 31370 0 2 3 2 1 0 0 1 4 4 3 0 0 2 3 4 1 0 0 1 1 0 0 0 0 0 1 3 2 0 1 6 8 2 2 7 2 3 0 2 4 2 3 0
18 36654 0 2 3 2 1 0 0 1 4 4 3 0 0 2 3 5 1 0 0 2 1 0 1 1 0 0 1 2 2 0 2 4 8 3 1 5 1 3 1 2 4 2 3 1
18 37393 0 2 3 2 1 0 0 1 4 4 3 0 0 2 4 5 1 0 0 2 1 0 1 1 0 0 1 2 2 0 1 5 8 3 1 5 1 3 0 2 4 2 3 0
18 78162 0 2 3 2 1 0 0 1 4 4 3 0 0 2 4 5 2 0 0 1 1 0 0 0 0 0 1 2 2 0 1 5 8 4 2 7 3 3 0 1 2 2 2 1
18 78392 0 2 3 2 1 0 0 1 4 4 3 0 0 2 4 5 2 0 1 2 2 0 0 0 0 0 1 2 3 1 1 3 6 4 2 6 4 2 0 1 2 2 2 0
18 78381 0 2 3 2 1 0 0 1 4 4 3 0 0 2 4 6 2 0 0 2 1 0 1 1 0 0 1 2 2 0 1 4 8 5 1 5 2 3 0 1 2 2 2 0
18 78167 0 2 3 2 1 0 0 1 4 4 3 0 0 2 5 6 2 0 0 2 1 0 1 1 0 0 1 2 2 0 0 4 8 5 1 5 2 3 0 1 2 2 2 1
18 78178 0 2 3 2 1 0 0 1 4 4 3 0 0 3 5 5 2 0 1 2 2 0 0 0 0 0 0 1 3 1 1 3 6 4 2 6 4 2 0 1 2 2 2 1
18 27717 0 2 3 2 1 0 0 1 4 4 3 1 0 1 3 2 1 0 2 2 0 0 1 0 0 0 2 3 3 1 1 3 6 4 2 6 2 4 1 2 3 2 2 1
18 71351 0 2 3 2 1 0 0 1 4 4 3 1 0 1 3 3 1 0 1 2 1 0 0 0 0 0 2 2 2 1 2 5 7 4 2 7 3 3 0 1 2 2 2 0
18 31346 0 2 3 2 1 0 0 1 4 4 3 1 0 2 3 2 1 0 1 1 0 0 0 0 0 0 1 3 2 1 1 6 6 3 3 8 2 3 0 2 3 2 3 0
18 28711 0 2 3 2 1 0 0 1 4 4 3 1 0 2 3 2 1 0 2 2 0 0 1 0 0 0 1 3 2 1 1 5 5 3 3 6 2 3 0 2 4 2 3 0
18 37369 0 2 3 2 1 0 0 1 4 4 3 1 0 2 4 3 1 0 1 2 1 0 0 0 0 0 1 2 2 1 1 5 6 3 2 7 3 2 0 2 3 2 3 0
18 47945 0 2 3 2 1 0 0 1 4 4 3 1 0 2 4 3 1 0 1 2 1 0 0 0 0 0 1 2 2 1 1 5 7 4 2 7 3 3 0 1 2 2 2 1
18 71367 0 2 3 2 1 0 0 1 4 4 3 1 0 2 4 3 1 0 2 3 1 0 1 1 0 0 1 2 3 2 1 3 5 5 2 5 2 3 0 1 2 2 2 0
18 35660 0 2 3 2 1 0 0 1 4 4 3 1 0 2 4 3 2 0 2 2 1 0 1 0 0 0 1 2 2 0 1 4 6 3 2 5 3 2 0 2 4 2 3 0
18 35037 0 2 3 2 1 0 0 1 4 4 3 1 0 2 4 3 2 0 2 2 1 0 1 0 0 0 1 2 3 1 1 2 5 4 2 5 3 3 1 2 3 2 2 1
18 71356 0 2 3 2 1 0 0 1 4 4 3 1 0 2 4 4 1 0 1 3 2 0 0 0 0 0 1 2 2 1 1 4 7 4 1 6 4 2 0 1 2 2 2 0
18 63356 0 2 3 2 1 0 0 1 4 4 3 1 0 2 5 3 1 0 2 3 1 0 1 1 0 0 1 2 3 2 0 3 5 5 2 5 2 3 0 1 2 2 2 1
18 54106 0 2 3 2 1 0 0 1 4 4 3 1 0 3 5 4 1 0 1 3 2 0 0 0 0 0 0 1 2 1 1 4 7 4 1 6 4 2 0 1 2 2 2 1
18 30271 0 2 3 2 1 0 0 1 4 4 4 1 0 1 2 4 2 0 0 1 1 0 0 0 0 0 2 2 1 0 2 5 7 3 2 7 3 2 1 2 3 2 3 1
18 80719 0 2 3 2 1 0 0 1 4 4 4 1 0 1 2 5 3 0 0 1 2 0 0 0 0 0 2 2 1 0 2 5 7 4 2 6 4 2 0 1 2 2 2 0
18 36666 0 2 3 2 1 0 0 1 4 4 4 1 0 2 3 5 2 0 0 2 2 0 0 1 0 0 1 1 1 0 2 4 7 3 1 6 2 2 1 2 3 2 3 1
18 80735 0 2 3 2 1 0 0 1 4 4 4 1 0 2 3 5 3 0 1 2 3 0 0 1 0 0 1 2 2 1 1 3 5 4 2 5 3 2 0 1 2 2 2 0
18 80724 0 2 3 2 1 0 0 1 4 4 4 1 0 2 3 6 3 0 0 2 3 0 0 1 0 0 1 2 1 0 1 4 7 4 1 5 3 2 0 1 2 2 2 0
18 78189 0 2 3 2 1 0 0 1 4 4 4 1 0 3 6 6 3 0 1 3 4 1 0 0 0 0 0 0 2 1 0 2 5 4 1 4 3 2 0 1 2 2 2 1
18 47969 0 2 3 2 1 0 0 1 4 5 3 0 0 1 3 5 2 0 0 1 1 0 0 0 0 0 1 3 2 0 1 5 8 4 2 7 3 3 0 1 2 2 2 1
18 29035 0 2 3 2 1 0 0 1 4 5 3 0 0 1 4 5 1 0 1 3 1 0 1 1 0 0 1 3 2 1 0 4 5 4 2 4 2 1 0 2 3 3 4 0
18 63368 0 2 3 2 1 0 0 1 4 5 3 0 0 1 4 5 2 0 1 2 2 0 0 0 0 0 1 3 3 1 0 3 6 4 2 6 4 2 0 1 2 2 2 1
18 49043 0 2 3 2 1 0 0 1 4 5 3 0 0 2 4 5 2 0 0 1 1 0 0 0 0 0 0 3 2 0 0 5 8 4 2 7 3 3 0 1 2 2 2 0
18 54130 0 2 3 2 1 0 0 1 4 5 3 0 0 2 4 6 2 0 0 2 1 0 1 1 0 0 0 2 2 0 1 4 8 5 1 5 2 3 0 1 2 2 2 1
18 64046 0 2 3 2 1 0 0 1 4 5 3 0 0 2 5 5 2 0 1 2 2 0 0 0 0 0 0 2 3 1 0 3 6 4 2 6 4 2 0 1 2 2 2 0
18 54832 0 2 3 2 1 0 0 1 4 5 3 0 0 2 5 6 2 0 0 2 1 0 1 1 0 0 0 2 2 0 0 4 8 5 1 5 2 3 0 1 2 2 2 0
18 71126 0 2 3 2 1 0 0 1 4 5 3 1 0 1 3 3 1 0 1 2 1 0 0 0 0 0 1 3 2 1 1 5 7 4 2 7 3 3 0 1 2 2 2 1
18 46217 0 2 3 2 1 0 0 1 4 5 3 1 0 1 3 3 1 0 1 3 1 0 1 1 0 0 1 3 2 1 1 5 6 4 1 5 2 2 0 2 3 2 3 1
18 71131 0 2 3 2 1 0 0 1 4 5 3 1 0 1 4 4 1 0 1 3 2 0 0 0 0 0 1 3 2 1 0 4 7 4 1 6 4 2 0 1 2 2 2 1
18 62614 0 2 3 2 1 0 0 1 4 5 3 1 0 1 4 4 2 0 1 3 2 0 1 1 0 0 1 3 2 0 0 4 7 4 0 4 3 1 0 2 3 2 3 1
18 49019 0 2 3 2 1 0 0 1 4 5 3 1 0 2 4 3 1 0 1 2 1 0 0 0 0 0 0 3 2 1 0 5 7 4 2 7 3 3 0 1 2 2 2 0
18 71142 0 2 3 2 1 0 0 1 4 5 3 1 0 2 4 3 1 0 2 3 1 0 1 1 0 0 0 2 3 2 1 3 5 5 2 5 2 3 0 1 2 2 2 1
18 46831 0 2 3 2 1 0 0 1 4 5 3 1 0 2 4 3 1 0 2 3 1 0 1 1 0 0 0 3 2 1 0 4 6 4 2 5 2 2 0 1 3 2 3 0
18 64034 0 2 3 2 1 0 0 1 4 5 3 1 0 2 5 3 1 0 2 3 1 0 1 1 0 0 0 2 3 2 0 3 5 5 2 5 2 3 0 1 2 2 2 0
18 54808 0 2 3 2 1 0 0 1 4 5 3 1 0 2 5 4 1 0 1 3 2 0 0 0 0 0 0 2 2 1 0 4 7 4 1 6 4 2 0 1 2 2 2 0
18 53179 0 2 3 2 1 0 0 1 4 5 3 1 0 2 5 4 2 0 2 3 2 0 1 1 0 0 0 2 2 0 0 3 7 4 1 4 3 1 0 1 3 2 3 0
18 27753 0 2 3 2 1 0 0 1 4 5 4 1 0 0 2 4 1 0 1 3 1 0 1 0 0 0 2 3 2 1 1 3 6 4 1 5 3 3 1 2 3 2 2 1
18 74089 0 2 3 2 1 0 0 1 4 5 4 1 0 0 2 4 2 0 0 2 2 0 0 1 0 0 2 2 2 1 2 5 6 4 2 6 3 1 0 1 2 2 3 0
18 46028 0 2 3 2 1 0 0 1 4 5 4 1 0 1 3 3 1 0 2 3 1 0 1 1 0 0 1 2 3 1 1 3 7 5 1 5 2 3 0 1 2 2 2 1
18 28747 0 2 3 2 1 0 0 1 4 5 4 1 0 1 3 4 1 0 1 3 1 0 1 0 0 0 1 2 1 1 1 5 5 3 2 5 3 2 0 2 4 2 3 0
18 31382 0 2 3 2 1 0 0 1 4 5 4 1 0 1 3 4 2 0 0 1 1 0 0 0 0 0 1 2 1 0 1 6 7 3 2 7 3 2 0 2 3 2 3 0
18 46229 0 2 3 2 1 0 0 1 4 5 4 1 0 1 3 5 2 0 0 3 2 0 1 1 0 0 1 2 1 1 1 5 5 4 1 4 3 1 0 2 3 2 3 1
18 35073 0 2 3 2 1 0 0 1 4 5 4 1 0 1 3 5 2 0 1 3 2 0 1 1 0 0 1 2 2 1 1 2 5 4 1 4 2 3 1 2 3 2 2 1
18 47981 0 2 3 2 1 0 0 1 4 5 4 1 0 1 3 5 3 0 0 1 2 0 0 0 0 0 1 2 1 0 1 5 7 4 2 6 4 2 0 1 2 2 2 1
18 74094 0 2 3 2 1 0 0 1 4 5 4 1 0 1 3 5 3 0 0 2 3 0 0 1 0 0 1 2 2 0 1 4 7 4 1 5 4 0 0 1 2 2 3 0
18 37405 0 2 3 2 1 0 0 1 4 5 4 1 0 1 4 5 2 0 0 2 2 0 0 1 0 0 1 1 1 0 1 5 7 3 1 6 2 2 0 2 3 2 3 0
18 35696 0 2 3 2 1 0 0 1 4 5 4 1 0 1 4 5 2 0 1 3 2 0 1 1 0 0 1 1 1 0 1 4 6 3 1 4 2 2 0 2 4 2 3 0
18 63380 0 2 3 2 1 0 0 1 4 5 4 1 0 1 4 5 3 0 1 2 3 0 0 1 0 0 1 2 2 1 0 3 5 4 2 5 3 2 0 1 2 2 2 1
18 80569 0 2 3 2 1 0 0 1 4 5 4 1 0 1 4 6 3 0 0 2 3 0 0 1 0 0 1 2 1 0 0 4 7 4 1 5 3 2 0 1 2 2 2 1
18 62626 0 2 3 2 1 0 0 1 4 5 4 1 0 1 4 6 3 0 0 3 3 0 1 2 0 0 1 2 1 0 0 4 6 4 0 3 2 1 0 2 3 2 3 1
18 52590 0 2 3 2 1 0 0 1 4 5 4 1 0 2 4 4 2 0 2 3 2 0 1 1 0 0 0 1 3 1 1 2 6 5 1 4 3 2 0 1 2 2 2 1
18 80580 0 2 3 2 1 0 0 1 4 5 4 1 0 2 4 5 3 0 1 2 3 0 0 1 0 0 0 1 2 1 1 3 5 4 2 5 3 2 0 1 2 2 2 1
18 54142 0 2 3 2 1 0 0 1 4 5 4 1 0 2 4 6 3 0 0 2 3 0 0 1 0 0 0 1 1 0 1 4 7 4 1 5 3 2 0 1 2 2 2 1
18 71378 0 2 3 2 1 0 0 1 4 5 4 1 0 2 5 6 3 0 1 3 4 1 0 0 0 0 0 1 2 1 0 2 5 4 1 4 3 2 0 1 2 2 2 0
18 82530 0 2 3 2 1 0 0 1 4 5 5 2 0 0 1 4 3 0 0 2 3 0 0 1 0 0 2 2 1 1 2 5 5 4 2 5 4 0 0 1 2 2 3 0
18 82535 0 2 3 2 1 0 0 1 4 5 5 2 0 1 2 5 4 0 0 2 4 0 0 2 0 0 1 2 1 0 1 4 6 4 1 4 3 0 0 1 2 2 3 0
18 46847 0 2 3 2 1 0 0 1 4 6 4 1 0 1 4 5 2 0 1 3 2 0 1 1 0 0 0 2 1 1 0 4 5 4 2 4 3 1 0 1 3 2 3 0
18 49055 0 2 3 2 1 0 0 1 4 6 4 1 0 1 4 5 3 0 0 1 2 0 0 0 0 0 0 2 1 0 0 5 7 4 2 6 4 2 0 1 2 2 2 0
18 71153 0 2 3 2 1 0 0 1 4 6 4 1 0 1 4 6 3 0 1 3 4 1 0 0 0 0 0 2 2 1 0 2 5 4 1 4 3 2 0 1 2 2 2 1
18 64058 0 2 3 2 1 0 0 1 4 6 4 1 0 1 5 5 3 0 1 2 3 0 0 1 0 0 0 1 2 1 0 3 5 4 2 5 3 2 0 1 2 2 2 0
18 54844 0 2 3 2 1 0 0 1 4 6 4 1 0 1 5 6 3 0 0 2 3 0 0 1 0 0 0 1 1 0 0 4 7 4 1 5 3 2 0 1 2 2 2 0
18 53215 0 2 3 2 1 0 0 1 4 6 4 1 0 1 5 6 3 0 1 3 3 0 1 2 0 0 0 1 1 0 0 3 6 4 1 3 2 1 0 1 3 2 3 0
18 46064 0 2 3 2 1 0 0 1 4 6 5 1 0 0 2 5 2 0 1 3 2 0 1 1 0 0 1 2 2 1 1 3 6 5 1 4 3 2 0 1 2 2 2 1
18 52626 0 2 3 2 1 0 0 1 4 6 5 1 0 1 3 6 3 0 1 3 3 0 1 2 0 0 0 1 2 1 1 2 5 5 1 3 2 2 0 1 2 2 2 1
18 74022 0 2 3 2 2 1 0 1 3 2 2 2 0 1 2 1 1 0 1 2 0 0 1 0 0 1 3 2 2 2 3 5 4 4 3 6 2 4 1 2 3 2 2 0
18 74027 0 2 3 2 2 1 0 1 3 2 2 2 0 2 3 2 2 0 1 2 1 0 1 0 0 1 2 2 2 1 2 4 5 4 2 5 3 3 1 2 3 2 2 0
18 82487 0 2 3 2 2 1 0 1 3 2 3 2 0 1 1 3 2 0 0 2 1 0 1 0 0 1 3 2 1 1 3 5 5 4 2 5 3 3 1 2 3 2 2 0
18 82492 0 2 3 2 2 1 0 1 3 2 3 2 0 2 2 4 3 0 0 2 2 0 1 1 0 1 2 2 1 0 2 4 6 4 1 4 2 3 1 2 3 2 2 0
18 30245 0 2 3 2 2 1 0 1 4 2 2 2 0 2 3 1 1 0 2 2 0 0 1 0 0 0 2 2 2 2 2 4 4 4 3 6 2 4 1 2 3 2 2 1
18 36640 0 2 3 2 2 1 0 1 4 2 2 2 0 3 4 2 2 0 2 2 1 0 1 0 0 0 1 1 2 1 2 3 5 4 2 5 3 3 1 2 3 2 2 1
18 74038 0 2 3 2 2 1 0 1 4 3 2 2 0 1 3 2 1 0 1 3 1 0 1 1 0 0 2 2 2 2 2 5 5 5 2 5 2 3 0 1 2 2 2 0
18 47955 0 2 3 2 2 1 0 1 4 3 2 2 0 2 4 2 1 0 2 3 1 0 1 1 0 0 1 2 2 2 1 4 5 5 2 5 2 3 0 1 2 2 2 1
18 74043 0 2 3 2 2 1 0 1 4 3 2 2 0 2 4 3 2 0 1 3 2 0 1 1 0 0 1 2 2 1 1 4 6 5 1 4 3 2 0 1 2 2 2 0
18 54116 0 2 3 2 2 1 0 1 4 3 2 2 0 3 5 3 2 0 2 3 2 0 1 1 0 0 0 1 2 1 1 3 6 5 1 4 3 2 0 1 2 2 2 1
18 30281 0 2 3 2 2 1 0 1 4 3 3 2 0 1 2 3 2 0 1 2 1 0 1 0 0 0 2 2 1 1 2 4 5 4 2 5 3 3 1 2 3 2 2 1
18 82503 0 2 3 2 2 1 0 1 4 3 3 2 0 1 2 4 3 0 0 2 2 0 1 1 0 0 2 2 1 1 2 5 5 5 2 4 3 2 0 1 2 2 2 0
18 36676 0 2 3 2 2 1 0 1 4 3 3 2 0 2 3 4 3 0 1 2 2 0 1 1 0 0 1 1 1 0 2 3 6 4 1 4 2 3 1 2 3 2 2 1
18 82508 0 2 3 2 2 1 0 1 4 3 3 2 0 2 3 5 4 0 0 2 3 0 1 2 0 0 1 2 1 0 1 4 6 5 1 3 2 2 0 1 2 2 2 0
18 47991 0 2 3 2 2 1 0 1 4 4 3 2 0 1 3 4 3 0 1 2 2 0 1 1 0 0 1 2 1 1 1 4 5 5 2 4 3 2 0 1 2 2 2 1
18 54152 0 2 3 2 2 1 0 1 4 4 3 2 0 2 4 5 4 0 1 2 3 0 1 2 0 0 0 1 1 0 1 3 6 5 1 3 2 2 0 1 2 2 2 1
18 91737 0 2 3 3 1 0 0 1 2 4 2 0 0 0 1 1 0 0 0 0 0 0 0 0 0 1 3 5 3 0 2 7 9 2 2 7 2 1 1 3 4 3 5 0
18 88991 0 2 3 3 1 0 0 1 2 4 2 0 0 0 1 1 0 0 0 0 0 0 0 0 0 1 3 5 3 0 2 8 9 2 3 7 2 1 0 2 4 3 5 1
18 95526 0 2 3 3 1 0 0 1 2 4 2 0 0 0 2 1 0 0 1 0 0 0 0 0 0 1 3 4 4 1 2 5 8 3 3 7 2 2 1 2 3 3 4 0
18 88996 0 2 3 3 1 0 0 1 2 4 2 0 0 0 2 1 0 0 1 0 0 0 0 0 0 1 3 5 4 1 1 6 8 3 4 7 2 2 0 1 3 3 4 1
18 95411 0 2 3 3 1 0 0 1 2 4 2 0 0 0 2 2 0 0 0 1 0 0 0 0 0 1 3 4 3 0 2 6 9 2 1 8 2 2 1 3 4 2 4 0
18 90961 0 2 3 3 1 0 0 1 2 4 2 0 0 0 2 2 0 0 0 1 0 0 0 0 0 1 3 5 3 1 1 7 7 3 3 7 2 2 0 2 3 3 4 1
18 26219 0 2 3 3 1 0 0 1 2 4 2 0 0 0 2 2 0 0 1 2 0 0 1 0 0 1 3 5 4 1 1 4 6 2 2 6 1 4 1 3 5 2 3 1
18 100226 0 2 3 3 1 0 0 1 2 4 2 0 0 0 3 2 0 0 1 1 0 0 0 0 0 1 3 5 4 2 0 5 6 4 4 7 3 1 0 1 2 3 4 1
18 89007 0 2 3 3 1 0 0 1 2 4 2 0 0 1 2 2 0 0 0 1 0 0 0 0 0 1 2 4 3 0 2 7 9 2 2 8 2 2 0 2 4 2 4 1
18 91740 0 2 3 3 1 0 0 1 2 4 2 0 0 1 2 2 0 0 0 1 0 0 0 0 0 1 2 5 3 1 1 6 7 3 2 7 2 2 1 3 3 3 4 0
18 95541 0 2 3 3 1 0 0 1 2 4 2 0 0 1 3 2 0 0 1 1 0 0 0 0 0 1 2 4 4 2 1 4 6 4 3 7 3 1 1 2 2 3 4 0
18 95415 0 2 3 3 1 0 0 1 2 4 2 0 0 1 3 3 0 0 0 2 0 0 1 0 0 1 2 4 3 1 1 5 7 3 1 6 2 3 1 3 4 2 3 0
18 94894 0 2 3 3 1 0 0 1 2 4 2 0 0 1 3 3 0 0 0 2 0 0 1 0 0 1 2 4 3 1 1 6 7 3 2 6 2 3 0 2 4 2 3 1
18 26231 0 2 3 3 1 0 0 1 2 4 3 0 0 0 2 4 0 0 0 3 0 0 1 0 0 1 3 4 3 1 1 4 6 3 1 6 2 3 1 3 4 2 3 1
18 106231 0 2 3 3 1 0 0 1 2 4 3 0 0 0 2 4 1 0 0 1 1 0 0 0 0 1 3 3 3 0 2 4 9 3 1 7 3 2 1 2 3 2 3 0
18 89018 0 2 3 3 1 0 0 1 2 4 3 0 0 1 3 4 1 0 0 1 1 0 0 0 0 1 2 3 3 0 1 5 9 3 2 7 3 2 0 1 3 2 3 1
18 106244 0 2 3 3 1 0 0 1 2 4 3 0 0 1 3 5 1 0 0 2 1 0 1 1 0 1 2 3 3 1 1 3 7 4 1 5 2 2 1 2 3 2 3 0
18 100246 0 2 3 3 1 0 0 1 2 4 3 0 0 1 4 5 1 0 0 2 1 0 1 1 0 1 2 3 3 1 0 4 7 4 2 5 2 2 0 1 3 2 3 1
18 106188 0 2 3 3 1 0 0 1 2 4 3 1 0 0 2 2 1 0 1 1 0 0 0 0 0 1 3 3 3 1 2 4 7 4 2 8 3 2 1 2 2 2 3 0
18 106192 0 2 3 3 1 0 0 1 2 4 3 1 0 1 3 3 1 0 1 2 1 0 0 0 0 1 2 3 3 2 1 3 5 4 2 7 4 1 1 2 2 2 3 0
18 112662 0 2 3 3 1 0 0 1 2 4 4 1 0 0 1 4 2 0 0 1 1 0 0 0 0 1 3 3 2 0 2 4 8 4 1 7 4 1 1 2 2 2 3 0
18 112665 0 2 3 3 1 0 0 1 2 4 4 1 0 1 2 5 2 0 0 2 2 0 0 1 0 1 2 3 2 1 1 3 6 4 1 6 3 1 1 2 2 2 3 0
18 89040 0 2 3 3 1 0 0 1 2 5 3 1 0 0 2 2 1 0 1 1 0 0 0 0 0 1 2 4 3 1 1 5 7 4 3 8 3 2 0 1 2 2 3 1
18 45140 0 2 3 3 1 0 0 1 2 5 3 1 0 0 2 2 1 0 1 2 0 0 1 0 0 1 2 4 3 1 1 5 6 4 2 6 2 4 0 2 3 2 2 1
18 100256 0 2 3 3 1 0 0 1 2 5 3 1 0 0 3 3 1 0 1 2 1 0 0 0 0 1 2 4 3 2 0 4 5 4 3 7 4 1 0 1 2 2 3 1
18 61934 0 2 3 3 1 0 0 1 2 5 3 1 0 0 3 3 2 0 1 2 1 0 1 0 0 1 2 4 3 1 0 4 5 4 2 5 3 3 0 2 3 2 2 1
18 45152 0 2 3 3 1 0 0 1 2 5 4 1 0 0 2 4 1 0 0 3 1 0 1 0 0 1 2 3 2 1 1 5 6 4 1 5 3 3 0 2 3 2 2 1
18 89050 0 2 3 3 1 0 0 1 2 5 4 1 0 0 2 4 2 0 0 1 1 0 0 0 0 1 2 3 2 0 1 5 8 4 2 7 4 1 0 1 2 2 3 1
18 100266 0 2 3 3 1 0 0 1 2 5 4 1 0 0 3 5 2 0 0 2 2 0 0 1 0 1 2 3 2 1 0 4 6 4 2 6 3 1 0 1 2 2 3 1
18 61946 0 2 3 3 1 0 0 1 2 5 4 1 0 0 3 5 2 0 0 3 2 0 1 1 0 1 2 3 2 1 0 4 5 4 1 4 2 3 0 2 3 2 2 1
18 91746 0 2 3 3 1 0 0 1 3 5 3 0 0 0 1 2 0 0 0 0 0 0 0 0 0 0 2 4 3 0 2 7 11 3 2 8 3 1 0 1 3 2 4 0
18 89849 0 2 3 3 1 0 0 1 3 5 3 0 0 0 1 2 0 0 0 0 0 0 0 0 0 0 2 4 3 0 2 7 11 3 3 8 3 1 0 0 3 2 4 1
18 95527 0 2 3 3 1 0 0 1 3 5 3 0 0 0 2 2 0 0 1 1 0 0 0 0 0 0 2 3 4 1 2 5 9 4 2 8 3 2 0 1 2 2 3 0
18 89854 0 2 3 3 1 0 0 1 3 5 3 0 0 0 2 2 0 0 1 1 0 0 0 0 0 0 2 4 4 1 1 5 9 4 3 8 3 2 0 0 2 2 3 1
18 95426 0 2 3 3 1 0 0 1 3 5 3 0 0 0 2 3 0 0 0 1 0 0 0 0 0 0 2 3 3 0 2 6 11 4 1 8 3 2 0 1 2 2 3 0
18 90976 0 2 3 3 1 0 0 1 3 5 3 0 0 0 2 3 0 0 0 1 0 0 0 0 0 0 2 4 3 1 1 6 9 4 3 8 3 2 0 0 2 2 3 1
18 27911 0 2 3 3 1 0 0 1 3 5 3 0 0 0 2 3 0 0 1 3 1 0 1 1 0 0 2 4 4 1 1 3 7 3 1 5 1 3 1 2 4 2 3 1
18 100729 0 2 3 3 1 0 0 1 3 5 3 0 0 0 3 3 0 0 1 2 0 0 0 0 0 0 2 4 4 2 0 4 7 5 3 8 4 1 0 0 1 2 3 1
18 89865 0 2 3 3 1 0 0 1 3 5 3 0 0 1 2 3 0 0 0 1 0 0 0 0 0 0 1 3 3 0 2 6 11 4 2 8 3 2 0 0 2 2 3 1
18 90987 0 2 3 3 1 0 0 1 3 5 3 0 0 1 2 3 0 0 0 1 0 0 0 0 0 0 1 3 3 1 2 6 9 4 3 8 3 2 0 0 2 2 3 1
18 91749 0 2 3 3 1 0 0 1 3 5 3 0 0 1 2 3 0 0 0 1 0 0 0 0 0 0 1 4 3 1 1 6 9 4 2 8 3 2 0 1 2 2 3 0
18 95542 0 2 3 3 1 0 0 1 3 5 3 0 0 1 3 3 0 0 1 2 0 0 0 0 0 0 1 3 4 2 1 4 7 5 2 8 4 1 0 1 1 2 3 0
18 95531 0 2 3 3 1 0 0 1 3 5 3 0 0 1 3 3 0 0 1 2 0 0 1 0 0 0 1 3 4 2 1 4 7 5 2 6 3 3 0 1 2 2 2 0
18 94282 0 2 3 3 1 0 0 1 3 5 3 0 0 1 3 3 0 0 1 2 0 0 1 0 0 0 1 3 4 2 1 4 7 5 3 6 3 3 0 0 2 2 2 1
18 95441 0 2 3 3 1 0 0 1 3 5 3 0 0 1 3 4 0 0 0 2 0 0 0 0 0 0 1 3 3 1 1 5 9 5 1 8 4 1 0 1 1 2 3 0
18 95430 0 2 3 3 1 0 0 1 3 5 3 0 0 1 3 4 0 0 0 2 0 0 1 0 0 0 1 3 3 1 1 5 9 5 1 6 3 3 0 1 2 2 2 0
18 94909 0 2 3 3 1 0 0 1 3 5 3 0 0 1 3 4 0 0 0 2 0 0 1 0 0 0 1 3 3 1 1 5 9 5 2 6 3 3 0 0 2 2 2 1
18 31667 0 2 3 3 1 0 0 1 3 5 3 0 0 1 3 4 1 0 1 2 2 0 0 1 0 0 1 4 3 1 0 4 6 3 2 5 2 1 0 2 3 3 4 0
18 94293 0 2 3 3 1 0 0 1 3 5 3 0 0 2 3 4 0 0 0 2 0 0 0 0 0 0 0 2 3 1 2 5 9 5 2 8 4 1 0 0 1 2 3 1
18 27923 0 2 3 3 1 0 0 1 3 5 4 0 0 0 2 5 1 0 0 3 1 0 1 1 0 0 2 3 3 1 1 3 6 4 1 5 2 2 1 2 3 2 3 1
18 106232 0 2 3 3 1 0 0 1 3 5 4 0 0 0 2 5 2 0 0 1 1 0 0 0 0 0 2 2 3 0 2 4 9 5 1 7 4 2 0 1 1 2 2 0
18 89876 0 2 3 3 1 0 0 1 3 5 4 0 0 1 3 5 2 0 0 1 1 0 0 0 0 0 1 2 3 0 1 4 9 5 2 7 4 2 0 0 1 2 2 1
18 106245 0 2 3 3 1 0 0 1 3 5 4 0 0 1 3 6 2 0 0 2 1 0 1 1 0 0 1 2 3 1 1 3 7 6 1 5 3 2 0 1 1 2 2 0
18 106236 0 2 3 3 1 0 0 1 3 5 4 0 0 1 3 6 2 0 0 2 2 0 0 0 0 0 1 2 3 1 1 3 7 5 1 6 5 1 0 1 1 2 2 0
18 100749 0 2 3 3 1 0 0 1 3 5 4 0 0 1 4 6 2 0 0 2 1 0 1 1 0 0 1 2 3 1 0 3 7 6 2 5 3 2 0 0 1 2 2 1
18 94304 0 2 3 3 1 0 0 1 3 5 4 0 0 2 4 6 2 0 0 2 2 0 0 0 0 0 0 1 3 1 1 3 7 5 2 6 5 1 0 0 1 2 2 1
18 106201 0 2 3 3 1 0 0 1 3 5 4 1 0 0 2 3 1 0 1 2 1 0 0 0 0 0 2 2 3 1 2 4 8 5 1 7 4 2 0 1 1 2 2 0
18 106214 0 2 3 3 1 0 0 1 3 5 4 1 0 1 3 4 1 0 1 3 1 0 1 1 0 0 1 2 3 2 1 3 6 6 1 5 3 2 0 1 1 2 2 0
18 106205 0 2 3 3 1 0 0 1 3 5 4 1 0 1 3 4 1 0 1 3 2 0 0 0 0 0 1 2 3 2 1 3 6 5 1 6 5 1 0 1 1 2 2 0
18 90998 0 2 3 3 1 0 0 1 3 5 4 1 0 1 3 4 2 0 0 1 1 0 0 0 0 0 1 2 2 1 1 5 7 5 3 7 4 2 0 0 1 2 2 1
18 101405 0 2 3 3 1 0 0 1 3 5 4 1 0 1 4 4 2 0 1 2 1 0 1 1 0 0 1 2 3 2 0 3 5 6 3 5 3 2 0 0 1 2 2 1
18 94930 0 2 3 3 1 0 0 1 3 5 4 1 0 2 4 5 2 0 0 2 2 0 0 0 0 0 0 1 2 1 1 4 7 5 2 6 5 1 0 0 1 2 2 1
18 112671 0 2 3 3 1 0 0 1 3 5 5 1 0 0 1 5 3 0 0 1 2 0 0 0 0 0 2 2 2 0 2 4 8 5 1 6 5 1 0 1 1 2 2 0
18 112674 0 2 3 3 1 0 0 1 3 5 5 1 0 1 2 6 3 0 0 2 3 0 0 1 0 0 1 2 2 1 1 3 6 5 1 5 4 1 0 1 1 2 2 0
18 111097 0 2 3 3 1 0 0 1 3 5 5 1 0 2 5 7 4 0 0 2 4 1 0 0 0 0 0 0 2 1 0 2 5 5 2 4 4 1 0 0 1 2 2 1
18 89898 0 2 3 3 1 0 0 1 3 6 4 1 0 0 2 3 1 0 1 2 1 0 0 0 0 0 1 3 3 1 1 4 8 5 2 7 4 2 0 0 1 2 2 1
18 46219 0 2 3 3 1 0 0 1 3 6 4 1 0 0 2 3 1 0 1 3 1 0 1 1 0 0 1 3 3 1 1 4 7 5 1 5 2 3 0 1 2 2 2 1
18 91020 0 2 3 3 1 0 0 1 3 6 4 1 0 0 2 4 2 0 0 1 1 0 0 0 0 0 1 3 2 1 1 5 7 5 3 7 4 2 0 0 1 2 2 1
18 100759 0 2 3 3 1 0 0 1 3 6 4 1 0 0 3 4 1 0 1 3 2 0 0 0 0 0 1 3 3 2 0 3 6 5 2 6 5 1 0 0 1 2 2 1
18 101415 0 2 3 3 1 0 0 1 3 6 4 1 0 0 3 4 2 0 1 2 2 0 0 0 0 0 1 3 3 2 0 3 5 5 3 6 5 1 0 0 1 2 2 1
18 31679 0 2 3 3 1 0 0 1 3 6 4 1 0 0 3 4 2 0 1 2 2 0 0 1 0 0 1 3 2 1 0 4 5 4 2 5 3 0 0 2 2 3 4 0
18 62616 0 2 3 3 1 0 0 1 3 6 4 1 0 0 3 4 2 0 1 3 2 0 1 1 0 0 1 3 3 1 0 3 6 5 1 4 3 2 0 1 2 2 2 1
18 94326 0 2 3 3 1 0 0 1 3 6 4 1 0 1 3 4 1 0 1 3 1 0 1 1 0 0 0 2 3 2 1 3 6 6 2 5 3 2 0 0 1 2 2 1
18 91759 0 2 3 3 1 0 0 1 3 6 4 1 0 1 3 4 2 0 0 1 1 0 0 0 0 0 0 3 2 1 0 5 7 5 2 7 4 2 0 1 1 2 2 0
18 49334 0 2 3 3 1 0 0 1 3 6 4 1 0 1 3 4 2 0 1 2 2 0 0 1 0 0 0 3 2 1 0 4 6 4 2 6 3 1 0 1 2 2 3 0
18 94952 0 2 3 3 1 0 0 1 3 6 4 1 0 1 3 5 2 0 0 2 1 0 1 1 0 0 0 2 2 1 1 4 7 6 2 5 3 2 0 0 1 2 2 1
18 95574 0 2 3 3 1 0 0 1 3 6 4 1 0 1 4 4 2 0 1 2 1 0 1 1 0 0 0 2 3 2 0 3 5 6 2 5 3 2 0 1 1 2 2 0
18 95552 0 2 3 3 1 0 0 1 3 6 4 1 0 1 4 4 2 0 1 2 2 0 0 0 0 0 0 2 3 2 0 3 5 5 2 6 5 1 0 1 1 2 2 0
18 95473 0 2 3 3 1 0 0 1 3 6 4 1 0 1 4 5 2 0 0 2 1 0 1 1 0 0 0 2 2 1 0 4 7 6 1 5 3 2 0 1 1 2 2 0
18 95451 0 2 3 3 1 0 0 1 3 6 4 1 0 1 4 5 2 0 0 2 2 0 0 0 0 0 0 2 2 1 0 4 7 5 1 6 5 1 0 1 1 2 2 0
18 64235 0 2 3 3 1 0 0 1 3 6 4 1 0 1 4 5 3 0 1 2 3 0 0 1 0 0 0 2 2 0 0 3 7 4 1 5 4 0 0 1 2 2 3 0
18 46231 0 2 3 3 1 0 0 1 3 6 5 1 0 0 2 5 2 0 0 3 2 0 1 1 0 0 1 2 2 1 1 4 6 5 1 4 3 2 0 1 2 2 2 1
18 89908 0 2 3 3 1 0 0 1 3 6 5 1 0 0 2 5 3 0 0 1 2 0 0 0 0 0 1 2 2 0 1 4 8 5 2 6 5 1 0 0 1 2 2 1
18 100769 0 2 3 3 1 0 0 1 3 6 5 1 0 0 3 6 3 0 0 2 3 0 0 1 0 0 1 2 2 1 0 3 6 5 2 5 4 1 0 0 1 2 2 1
18 62628 0 2 3 3 1 0 0 1 3 6 5 1 0 0 3 6 3 0 0 3 3 0 1 2 0 0 1 2 2 1 0 3 5 5 1 3 2 2 0 1 2 2 2 1
18 94336 0 2 3 3 1 0 0 1 3 6 5 1 0 1 3 6 3 0 0 2 3 0 0 1 0 0 0 1 2 1 1 3 6 5 2 5 4 1 0 0 1 2 2 1
18 106254 0 2 3 3 1 0 0 1 3 6 5 1 0 1 4 7 4 0 0 2 4 1 0 0 0 0 0 1 2 1 0 2 5 5 1 4 4 1 0 1 1 2 2 0
18 91030 0 2 3 3 1 0 0 1 3 6 5 2 0 0 2 4 4 0 0 0 2 0 0 0 0 0 1 2 1 0 1 5 7 5 3 6 5 1 0 0 1 2 2 1
18 101425 0 2 3 3 1 0 0 1 3 6 5 2 0 0 3 4 4 0 1 1 3 0 0 1 0 0 1 2 2 1 0 3 5 5 3 5 4 1 0 0 1 2 2 1
18 94962 0 2 3 3 1 0 0 1 3 6 5 2 0 1 3 5 4 0 0 1 3 0 0 1 0 0 0 1 1 0 1 4 7 5 2 5 4 1 0 0 1 2 2 1
18 106223 0 2 3 3 1 0 0 1 3 6 5 2 0 1 4 5 3 0 1 3 4 1 0 0 0 0 0 1 2 2 0 2 4 5 1 4 4 1 0 1 1 2 2 0
18 49346 0 2 3 3 1 0 0 1 3 7 5 2 0 0 3 4 3 0 1 2 3 0 0 1 0 0 0 2 1 1 0 4 5 4 2 5 4 0 0 1 2 2 3 0
18 91775 0 2 3 3 1 0 0 1 3 7 5 2 0 0 3 4 4 0 0 0 2 0 0 0 0 0 0 2 1 0 0 5 7 5 2 6 5 1 0 1 1 2 2 0
18 105882 0 2 3 3 1 0 0 1 3 7 5 2 0 0 3 5 3 0 1 3 4 1 0 0 0 0 0 2 2 2 0 2 4 5 2 4 4 1 0 0 1 2 2 1
18 95584 0 2 3 3 1 0 0 1 3 7 5 2 0 0 4 4 4 0 1 1 3 0 0 1 0 0 0 1 2 1 0 3 5 5 2 5 4 1 0 1 1 2 2 0
18 95483 0 2 3 3 1 0 0 1 3 7 5 2 0 0 4 5 4 0 0 1 3 0 0 1 0 0 0 1 1 0 0 4 7 5 1 5 4 1 0 1 1 2 2 0
18 64247 0 2 3 3 1 0 0 1 3 7 5 2 0 0 4 5 4 0 1 2 4 0 0 2 0 0 0 1 1 0 0 3 6 4 1 4 3 0 0 1 2 2 3 0
17 8 0 2 3 3 2 0 0 0 2 3 4 0 0 0 0 2 0 0 0 0 0 0 0 0 0 0 2 5 5 2 0 4 7 4 2 6 2 4 0 2 3 0 1 0
17 21 0 2 3 3 2 0 0 0 2 3 4 0 0 0 1 3 0 0 0 1 0 0 0 0 0 0 2 4 4 2 0 4 7 5 1 6 3 3 0 2 2 0 1 0
17 85 0 2 3 3 2 0 0 0 2 3 4 0 0 0 1 3 0 0 1 2 0 0 1 0 0 0 2 4 5 3 0 2 5 6 1 4 3 4 0 2 2 0 0 0
17 174 0 2 3 3 2 0 0 0 2 3 4 0 0 0 2 4 0 0 0 2 0 0 0 0 0 0 2 3 3 2 0 4 7 6 0 6 4 2 0 2 1 0 1 0
17 308 0 2 3 3 2 0 0 0 2 3 4 0 0 0 2 6 2 0 0 2 2 0 0 0 0 0 2 3 3 2 0 2 5 6 0 4 5 2 0 2 1 0 0 0
17 269 0 2 3 3 2 0 0 0 2 3 5 1 0 0 1 3 1 0 1 3 1 0 1 1 0 0 2 3 4 3 0 2 4 7 0 3 3 3 0 2 1 0 0 0
17 359 0 2 3 3 2 0 0 0 2 3 5 1 0 0 1 5 3 0 0 2 3 0 0 1 0 0 2 3 3 2 0 2 4 6 0 3 4 2 0 2 1 0 0 0
17 813 0 2 3 3 2 0 0 0 2 3 6 2 0 0 0 4 4 0 0 2 4 0 0 2 0 0 2 3 3 2 0 2 3 6 0 2 3 2 0 2 1 0 0 0
17 3947 0 2 3 3 2 0 0 0 2 5 5 2 0 0 0 2 2 0 0 0 0 0 0 0 0 0 0 4 3 2 0 4 5 6 2 6 3 4 0 2 1 0 0 0
17 3960 0 2 3 3 2 0 0 0 2 5 5 2 0 0 1 3 2 0 0 1 1 0 0 0 0 0 0 3 2 2 0 4 5 6 1 5 4 3 0 2 1 0 0 0
17 4024 0 2 3 3 2 0 0 0 2 5 5 2 0 0 1 3 2 0 1 2 1 0 1 1 0 0 0 3 3 3 0 2 3 7 1 3 3 3 0 2 1 0 0 0
17 4113 0 2 3 3 2 0 0 0 2 5 5 2 0 0 2 4 2 0 0 2 2 0 0 0 0 0 0 2 1 2 0 4 5 6 0 4 5 2 0 2 1 0 0 0
17 4208 0 2 3 3 2 0 0 0 2 5 5 2 0 0 2 6 4 0 0 2 4 1 0 0 0 0 0 2 1 2 0 2 3 6 0 2 4 2 0 2 1 0 0 0
18 26241 0 2 3 3 2 0 0 1 2 3 4 0 0 0 1 4 0 0 1 4 0 0 2 0 0 1 3 4 4 2 1 2 4 4 1 4 2 4 1 3 4 2 2 1
18 108020 0 2 3 3 2 0 0 1 2 3 4 0 0 0 1 4 1 0 0 2 2 0 0 1 0 1 3 3 4 1 2 3 7 3 1 6 2 2 1 2 3 2 3 0
18 89027 0 2 3 3 2 0 0 1 2 3 4 0 0 1 2 4 1 0 1 2 2 0 0 1 0 1 2 3 4 1 1 3 7 3 2 6 2 2 0 1 3 2 3 1
18 113793 0 2 3 3 2 0 0 1 2 3 5 1 0 0 0 4 2 0 0 2 2 0 0 1 0 1 3 3 3 1 2 3 6 4 1 6 3 1 1 2 2 2 3 0
18 45162 0 2 3 3 2 0 0 1 2 4 5 1 0 0 1 4 1 0 1 4 1 0 2 1 0 1 2 3 3 2 1 3 4 5 1 3 2 3 0 2 3 2 2 1
18 89059 0 2 3 3 2 0 0 1 2 4 5 1 0 0 1 4 2 0 1 2 2 0 0 1 0 1 2 3 3 1 1 3 6 4 2 6 3 1 0 1 2 2 3 1
18 27933 0 2 3 3 2 0 0 1 3 4 5 1 0 0 1 4 1 0 1 4 1 0 2 1 0 0 2 3 3 2 1 2 4 5 1 3 2 3 1 2 3 2 2 1
18 108021 0 2 3 3 2 0 0 1 3 4 5 1 0 0 1 4 2 0 0 2 2 0 0 1 0 0 2 2 3 1 2 4 7 5 1 6 3 2 0 1 1 2 2 0
18 89885 0 2 3 3 2 0 0 1 3 4 5 1 0 1 2 4 2 0 1 2 2 0 0 1 0 0 1 2 3 1 1 3 7 5 2 6 3 2 0 0 1 2 2 1
18 108025 0 2 3 3 2 0 0 1 3 4 5 1 0 1 2 5 3 0 0 2 3 0 0 1 0 0 1 2 3 1 1 3 6 5 1 5 4 1 0 1 1 2 2 0
18 94313 0 2 3 3 2 0 0 1 3 4 5 1 0 2 3 5 3 0 1 2 3 0 0 1 0 0 0 1 3 1 1 2 6 5 2 5 4 1 0 0 1 2 2 1
18 113794 0 2 3 3 2 0 0 1 3 4 6 2 0 0 0 4 3 0 0 2 3 0 0 1 0 0 2 2 2 1 2 4 6 5 1 5 4 1 0 1 1 2 2 0
18 113798 0 2 3 3 2 0 0 1 3 4 6 2 0 1 1 5 4 0 0 2 4 0 0 2 0 0 1 2 2 1 1 3 5 5 1 4 3 1 0 1 1 2 2 0
18 46241 0 2 3 3 2 0 0 1 3 5 6 2 0 0 1 4 2 0 1 4 2 0 2 2 0 0 1 2 2 2 1 3 4 6 1 2 2 2 0 1 2 2 2 1
18 89917 0 2 3 3 2 0 0 1 3 5 6 2 0 0 1 4 3 0 1 2 3 0 0 1 0 0 1 2 2 1 1 3 6 5 2 5 4 1 0 0 1 2 2 1
18 94345 0 2 3 3 2 0 0 1 3 5 6 2 0 1 2 5 4 0 1 2 4 0 0 2 0 0 0 1 2 1 1 2 5 5 2 4 3 1 0 0 1 2 2 1
18 107960 0 2 3 3 2 1 0 1 2 3 2 2 0 0 2 1 1 0 1 2 0 0 1 0 0 1 3 3 3 2 2 4 5 5 2 6 3 3 1 2 2 2 2 0
18 73712 0 2 3 3 2 1 0 1 2 3 2 2 0 1 2 1 1 0 1 2 0 0 1 0 0 1 2 3 2 2 2 6 4 4 3 6 2 4 0 2 3 2 2 1
18 73717 0 2 3 3 2 1 0 1 2 3 2 2 0 1 3 2 2 0 1 2 1 0 1 0 0 1 2 3 2 1 1 5 5 4 2 5 3 3 0 2 3 2 2 1
18 107964 0 2 3 3 2 1 0 1 2 3 2 2 0 1 3 2 2 0 1 2 1 0 1 0 0 1 2 3 3 2 1 3 4 5 2 5 4 2 1 2 2 2 2 0
18 113757 0 2 3 3 2 1 0 1 2 3 3 2 0 0 1 3 2 0 0 2 1 0 1 0 0 1 3 3 2 1 2 4 6 5 1 5 4 2 1 2 2 2 2 0
18 82332 0 2 3 3 2 1 0 1 2 3 3 2 0 1 2 3 2 0 0 2 1 0 1 0 0 1 2 2 1 1 2 6 5 4 2 5 3 3 0 2 3 2 2 1
18 113761 0 2 3 3 2 1 0 1 2 3 3 2 0 1 2 4 3 0 0 2 2 0 1 1 0 1 2 3 2 1 1 3 5 5 1 4 3 2 1 2 2 2 2 0
18 82337 0 2 3 3 2 1 0 1 2 3 3 2 0 1 3 4 3 0 0 2 2 0 1 1 0 1 2 2 1 0 1 5 6 4 1 4 2 3 0 2 3 2 2 1
18 31356 0 2 3 3 2 1 0 1 3 3 2 2 0 2 3 1 1 0 2 2 0 0 1 0 0 0 1 3 2 2 1 5 4 4 3 6 2 4 0 2 3 2 2 0
18 37379 0 2 3 3 2 1 0 1 3 3 2 2 0 2 4 2 2 0 2 2 1 0 1 0 0 0 1 2 2 1 1 4 5 4 2 5 3 3 0 2 3 2 2 0
18 73728 0 2 3 3 2 1 0 1 3 4 2 2 0 1 3 2 1 0 1 3 1 0 1 1 0 0 1 3 2 2 1 5 5 5 2 5 2 3 0 1 2 2 2 1
18 73733 0 2 3 3 2 1 0 1 3 4 2 2 0 1 4 3 2 0 1 3 2 0 1 1 0 0 1 3 2 1 0 4 6 5 1 4 3 2 0 1 2 2 2 1
18 49029 0 2 3 3 2 1 0 1 3 4 2 2 0 2 4 2 1 0 2 3 1 0 1 1 0 0 0 3 2 2 0 4 5 5 2 5 2 3 0 1 2 2 2 0
18 54818 0 2 3 3 2 1 0 1 3 4 2 2 0 2 5 3 2 0 2 3 2 0 1 1 0 0 0 2 2 1 0 3 6 5 1 4 3 2 0 1 2 2 2 0
18 107973 0 2 3 3 2 1 0 1 3 4 3 2 0 0 2 2 1 0 1 3 1 0 1 1 0 0 2 2 3 2 2 4 6 6 1 5 3 2 0 1 1 2 2 0
18 31392 0 2 3 3 2 1 0 1 3 4 3 2 0 1 3 3 2 0 1 2 1 0 1 0 0 0 1 2 1 1 1 5 5 4 2 5 3 3 0 2 3 2 2 0
18 91007 0 2 3 3 2 1 0 1 3 4 3 2 0 1 3 3 2 0 1 2 2 0 0 1 0 0 1 2 2 2 1 4 5 5 3 6 3 2 0 0 1 2 2 1
18 107977 0 2 3 3 2 1 0 1 3 4 3 2 0 1 3 3 2 0 1 3 2 0 1 1 0 0 1 2 3 2 1 3 5 6 1 4 4 1 0 1 1 2 2 0
18 82348 0 2 3 3 2 1 0 1 3 4 3 2 0 1 3 4 3 0 0 2 2 0 1 1 0 0 1 2 1 1 1 5 5 5 2 4 3 2 0 1 2 2 2 1
18 37415 0 2 3 3 2 1 0 1 3 4 3 2 0 1 4 4 3 0 1 2 2 0 1 1 0 0 1 1 1 0 1 4 6 4 1 4 2 3 0 2 3 2 2 0
18 82353 0 2 3 3 2 1 0 1 3 4 3 2 0 1 4 5 4 0 0 2 3 0 1 2 0 0 1 2 1 0 0 4 6 5 1 3 2 2 0 1 2 2 2 1
18 94939 0 2 3 3 2 1 0 1 3 4 3 2 0 2 4 4 3 0 1 2 3 0 0 1 0 0 0 1 2 1 1 3 6 5 2 5 4 1 0 0 1 2 2 1
18 113770 0 2 3 3 2 1 0 1 3 4 4 2 0 0 1 4 3 0 0 2 2 0 1 1 0 0 2 2 2 1 2 4 6 6 1 4 4 1 0 1 1 2 2 0
18 113774 0 2 3 3 2 1 0 1 3 4 4 2 0 1 2 5 4 0 0 2 3 0 1 2 0 0 1 2 2 1 1 3 5 6 1 3 3 1 0 1 1 2 2 0
18 49065 0 2 3 3 2 1 0 1 3 5 3 2 0 1 4 4 3 0 1 2 2 0 1 1 0 0 0 2 1 1 0 4 5 5 2 4 3 2 0 1 2 2 2 0
18 54854 0 2 3 3 2 1 0 1 3 5 3 2 0 1 5 5 4 0 1 2 3 0 1 2 0 0 0 1 1 0 0 3 6 5 1 3 2 2 0 1 2 2 2 0
18 91039 0 2 3 3 2 1 0 1 3 5 4 3 0 0 2 3 4 0 1 1 3 0 0 1 0 0 1 2 1 1 1 4 5 5 3 5 4 1 0 0 1 2 2 1
18 94971 0 2 3 3 2 1 0 1 3 5 4 3 0 1 3 4 5 0 1 1 4 0 0 2 0 0 0 1 1 0 1 3 6 5 2 4 3 1 0 0 1 2 2 1
18 138632 0 2 3 3 3 1 0 1 2 2 4 2 0 0 0 3 2 0 0 3 2 0 1 1 0 1 3 3 3 2 2 3 4 5 1 4 3 2 1 2 2 2 2 0
18 138635 0 2 3 3 3 1 0 1 3 3 5 3 0 0 0 3 3 0 0 3 3 0 1 2 0 0 2 2 2 2 2 4 4 6 1 3 3 1 0 1 1 2 2 0
18 74052 0 2 3 3 3 2 1 1 3 3 2 2 2 2 5 3 0 1 3 6 2 0 3 4 2 0 0 1 2 2 0 1 2 2 1 2 0 2 0 1 2 2 2 0
18 73742 0 2 3 3 3 2 1 1 3 3 2 2 2 2 5 3 0 1 3 6 2 0 3 4 2 0 0 1 2 2 0 1 2 2 1 2 0 2 0 1 2 2 2 1
18 82517 0 2 3 3 3 2 1 1 3 3 3 2 2 2 4 5 2 2 2 5 3 1 2 3 1 0 0 1 1 1 0 1 2 2 1 2 0 2 0 1 2 2 2 0
18 82362 0 2 3 3 3 2 1 1 3 3 3 2 2 2 5 5 2 2 2 5 3 1 2 3 1 0 0 0 1 1 0 1 2 2 1 2 0 2 0 1 2 2 2 1
18 73754 0 2 3 3 3 2 1 1 3 4 3 2 2 1 4 5 2 2 2 5 3 1 2 3 1 0 0 1 1 1 0 1 2 2 1 2 0 2 0 1 2 2 2 1
18 74064 0 2 3 3 3 2 1 1 3 4 3 2 2 1 5 5 2 2 2 5 3 1 2 3 1 0 0 0 1 1 0 1 2 2 1 2 0 2 0 1 2 2 2 0
17 5585 0 2 3 4 2 1 0 0 1 5 4 3 0 0 1 2 3 0 0 0 1 0 0 0 0 0 0 3 2 2 0 4 4 6 2 5 4 3 0 2 1 0 0 0
17 5741 0 2 3 4 2 1 0 0 1 5 4 3 0 0 2 3 3 0 0 1 2 0 0 1 0 0 0 2 1 2 0 4 4 6 1 4 3 3 0 2 1 0 0 0
17 5598 0 2 3 4 2 1 0 0 1 5 4 3 0 0 2 3 4 0 0 0 2 0 0 0 0 0 0 2 1 1 0 4 5 6 1 4 5 2 0 2 1 0 0 0
17 5663 0 2 3 4 2 1 0 0 1 5 4 3 0 0 2 3 4 0 1 1 3 0 0 1 0 0 0 2 2 2 0 2 3 6 1 3 4 2 0 2 1 0 0 0
17 5754 0 2 3 4 2 1 0 0 1 5 4 3 0 0 3 4 4 0 0 1 3 0 0 1 0 0 0 1 0 1 0 4 5 6 0 3 4 2 0 2 1 0 0 0
18 89198 0 2 3 4 2 1 0 1 1 4 2 2 0 0 2 1 1 0 1 2 0 0 1 0 0 1 2 4 3 2 1 5 5 5 3 6 3 3 0 1 2 2 2 1
18 100351 0 2 3 4 2 1 0 1 1 4 2 2 0 0 3 2 2 0 1 2 1 0 1 0 0 1 2 4 3 2 0 4 4 5 3 5 4 2 0 1 2 2 2 1
18 89208 0 2 3 4 2 1 0 1 1 4 3 2 0 0 2 3 2 0 0 2 1 0 1 0 0 1 2 3 2 1 1 5 6 5 2 5 4 2 0 1 2 2 2 1
18 100361 0 2 3 4 2 1 0 1 1 4 3 2 0 0 3 4 3 0 0 2 2 0 1 1 0 1 2 3 2 1 0 4 5 5 2 4 3 2 0 1 2 2 2 1
18 90056 0 2 3 4 2 1 0 1 2 5 3 2 0 0 2 2 1 0 1 3 1 0 1 1 0 0 1 3 3 2 1 4 6 6 2 5 3 2 0 0 1 2 2 1
18 100854 0 2 3 4 2 1 0 1 2 5 3 2 0 0 3 3 2 0 1 3 2 0 1 1 0 0 1 3 3 2 0 3 5 6 2 4 4 1 0 0 1 2 2 1
18 91764 0 2 3 4 2 1 0 1 2 5 3 2 0 1 3 3 2 0 1 2 2 0 0 1 0 0 0 3 2 2 0 4 5 5 2 6 3 2 0 1 1 2 2 0
18 95460 0 2 3 4 2 1 0 1 2 5 3 2 0 1 4 4 3 0 1 2 3 0 0 1 0 0 0 2 2 1 0 3 6 5 1 5 4 1 0 1 1 2 2 0
18 90066 0 2 3 4 2 1 0 1 2 5 4 2 0 0 2 4 3 0 0 2 2 0 1 1 0 0 1 2 2 1 1 4 6 6 2 4 4 1 0 0 1 2 2 1
18 100864 0 2 3 4 2 1 0 1 2 5 4 2 0 0 3 5 4 0 0 2 3 0 1 2 0 0 1 2 2 1 0 3 5 6 2 3 3 1 0 0 1 2 2 1
18 91780 0 2 3 4 2 1 0 1 2 6 4 3 0 0 3 3 4 0 1 1 3 0 0 1 0 0 0 2 1 1 0 4 5 5 2 5 4 1 0 1 1 2 2 0
18 95492 0 2 3 4 2 1 0 1 2 6 4 3 0 0 4 4 5 0 1 1 4 0 0 2 0 0 0 1 1 0 0 3 6 5 1 4 3 1 0 1 1 2 2 0
17 7452 0 2 3 4 3 1 0 0 1 4 4 3 0 0 1 1 3 0 0 0 1 0 0 0 0 0 0 3 3 2 0 4 4 6 2 5 4 3 0 2 1 0 0 0
17 7530 0 2 3 4 3 1 0 0 1 4 4 3 0 0 2 2 3 0 0 1 2 0 0 1 0 0 0 2 2 2 0 4 4 6 1 4 3 3 0 2 1 0 0 0
17 7465 0 2 3 4 3 1 0 0 1 4 4 3 0 0 2 2 4 0 0 0 2 0 0 0 0 0 0 2 2 1 0 4 5 6 1 4 5 2 0 2 1 0 0 0
17 7491 0 2 3 4 3 1 0 0 1 4 4 3 0 0 2 2 4 0 1 1 3 0 0 1 0 0 0 2 3 2 0 2 3 6 1 3 4 2 0 2 1 0 0 0
17 7543 0 2 3 4 3 1 0 0 1 4 4 3 0 0 3 3 4 0 0 1 3 0 0 1 0 0 0 1 1 1 0 4 5 6 0 3 4 2 0 2 1 0 0 0
18 89217 0 2 3 4 3 1 0 1 1 3 4 2 0 0 1 3 2 0 1 3 2 0 1 1 0 1 2 3 3 2 1 3 4 5 2 4 3 2 0 1 2 2 2 1
18 90075 0 2 3 4 3 1 0 1 2 4 5 3 0 0 1 3 3 0 1 3 3 0 1 2 0 0 1 2 2 2 1 3 4 6 2 3 3 1 0 0 1 2 2 1
17 5819 0 2 3 4 3 2 1 0 1 4 4 3 2 0 2 3 2 1 1 3 3 0 2 4 2 0 0 1 1 2 0 2 2 3 0 1 1 2 0 2 1 0 0 0
17 5871 0 2 3 4 3 2 1 0 1 4 4 3 2 0 2 5 4 2 0 2 4 1 1 3 1 0 0 1 0 1 0 2 2 3 0 1 1 2 0 2 1 0 0 0
18 107984 0 2 3 4 3 2 1 1 2 4 3 2 2 1 4 4 1 1 2 5 3 0 2 4 2 0 0 1 2 2 0 1 2 2 1 3 1 1 0 1 1 2 2 0
18 107741 0 2 3 4 3 2 1 1 2 4 3 2 2 1 4 4 1 1 2 5 3 0 2 4 2 0 0 1 2 2 0 1 2 2 2 3 1 1 0 0 1 2 2 1
18 113781 0 2 3 4 3 2 1 1 2 4 4 2 2 1 3 6 3 2 1 4 4 1 1 3 1 0 0 1 1 1 0 1 2 2 1 3 1 1 0 1 1 2 2 0
18 113669 0 2 3 4 3 2 1 1 2 4 4 2 2 1 4 6 3 2 1 4 4 1 1 3 1 0 0 0 1 1 0 1 2 2 2 3 1 1 0 0 1 2 2 1
18 107753 0 2 3 4 3 2 1 1 2 5 4 3 2 0 3 4 3 2 2 4 4 1 1 3 1 0 0 1 1 1 0 1 2 2 2 3 1 1 0 0 1 2 2 1
18 107996 0 2 3 4 3 2 1 1 2 5 4 3 2 0 4 4 3 2 2 4 4 1 1 3 1 0 0 0 1 1 0 1 2 2 1 3 1 1 0 1 1 2 2 0
17 7608 0 2 3 4 4 2 1 0 1 3 4 3 2 0 2 2 2 1 1 3 3 0 2 4 2 0 0 1 2 2 0 2 2 3 0 1 1 2 0 2 1 0 0 0
17 7660 0 2 3 4 4 2 1 0 1 3 4 3 2 0 2 4 4 2 0 2 4 1 1 3 1 0 0 1 1 1 0 2 2 3 0 1 1 2 0 2 1 0 0 0
17 13801 0 2 3 5 3 2 0 0 0 4 3 4 0 0 2 1 4 0 0 0 2 0 0 0 0 0 0 2 2 2 0 4 3 6 2 4 5 2 0 2 1 0 0 0
17 13814 0 2 3 5 3 2 0 0 0 4 3 4 0 0 3 2 5 0 0 0 3 0 0 1 0 0 0 1 1 1 0 4 4 6 1 3 4 2 0 2 1 0 0 0
17 13889 0 2 3 5 3 2 0 0 0 4 3 4 0 0 4 3 6 0 0 0 4 0 0 2 0 0 0 0 0 0 0 4 5 6 0 2 3 2 0 2 1 0 0 0
17 13951 0 2 3 5 4 3 1 0 0 3 3 4 2 0 3 2 4 2 1 2 4 1 1 3 1 0 0 0 1 1 0 2 2 3 0 1 1 2 0 2 1 0 0 0
17 14704 0 2 3 5 5 4 2 0 0 2 3 4 4 0 2 3 4 6 0 2 2 3 2 2 0 0 0 0 0 0 0 2 1 2 0 0 0 2 0 2 1 0 0 0
18 30317 0 2 4 2 0 0 0 0 4 4 0 0 0 0 2 0 0 0 0 0 0 0 0 0 0 0 4 6 2 0 2 8 6 2 2 4 2 0 2 6 4 6 5 2
18 26885 0 2 4 2 0 0 0 0 4 4 0 0 0 0 2 0 0 0 0 0 0 0 0 0 0 0 4 6 2 0 2 10 6 0 4 6 0 2 0 4 6 4 6 0
18 30337 0 2 4 2 0 0 0 0 4 4 0 0 0 1 3 0 0 0 1 0 0 0 0 0 0 0 3 5 3 1 2 6 5 3 3 4 2 1 2 5 3 6 4 2
18 26887 0 2 4 2 0 0 0 0 4 4 0 0 0 1 3 0 0 0 1 0 0 0 0 0 0 0 3 6 3 0 1 8 7 0 4 7 0 3 0 3 6 3 5 0
18 36731 0 2 4 2 0 0 0 0 4 4 0 0 0 2 4 0 0 0 2 0 0 0 0 0 0 0 2 4 4 2 2 4 4 4 4 4 3 0 2 4 2 6 4 2
18 30319 0 2 4 2 0 0 0 0 4 5 1 0 0 0 2 1 0 0 0 0 0 0 0 0 0 0 3 5 2 0 2 8 8 2 2 6 2 0 1 4 4 4 6 1
18 28787 0 2 4 2 0 0 0 0 4 5 1 0 0 0 2 1 0 0 0 0 0 0 0 0 0 0 3 5 2 0 2 9 8 1 4 7 1 2 0 2 5 3 5 0
18 35735 0 2 4 2 0 0 0 0 4 5 1 0 0 0 3 2 0 0 0 1 0 0 0 0 0 0 3 4 2 1 2 8 6 2 4 7 1 3 0 2 4 3 4 0
18 30325 0 2 4 2 0 0 0 0 4 5 1 0 0 0 3 2 0 0 0 1 0 0 0 0 0 0 3 5 2 0 1 7 8 2 1 7 2 1 1 4 4 3 5 1
18 30339 0 2 4 2 0 0 0 0 4 5 1 0 0 1 3 1 0 0 1 0 0 0 0 0 0 0 2 4 3 1 2 6 7 3 3 6 2 1 1 3 3 4 5 1
18 28807 0 2 4 2 0 0 0 0 4 5 1 0 0 1 3 1 0 0 1 0 0 0 0 0 0 0 2 5 3 0 1 7 9 2 4 7 1 3 0 1 4 3 4 0
18 36713 0 2 4 2 0 0 0 0 4 5 1 0 0 1 3 1 0 0 1 1 0 0 0 0 0 0 2 4 3 1 2 6 6 3 2 6 2 1 1 4 3 4 5 1
18 28793 0 2 4 2 0 0 0 0 4 5 1 0 0 1 3 1 0 0 1 1 0 0 0 0 0 0 2 5 3 0 1 7 8 1 3 8 1 3 0 2 5 2 4 0
18 35755 0 2 4 2 0 0 0 0 4 5 1 0 0 1 4 2 0 0 1 1 0 0 0 0 0 0 2 4 3 1 1 6 7 3 4 7 2 2 0 1 3 3 4 0
18 26893 0 2 4 2 0 0 0 0 4 5 1 0 0 1 4 2 0 0 1 1 0 0 0 0 0 0 2 5 3 0 0 6 8 1 3 8 1 3 0 2 5 2 4 0
18 36719 0 2 4 2 0 0 0 0 4 5 1 0 0 1 4 2 0 0 1 2 0 0 1 0 0 0 2 4 3 1 1 5 6 3 1 5 2 2 1 4 4 3 4 1
18 35741 0 2 4 2 0 0 0 0 4 5 1 0 0 1 4 2 0 0 1 2 0 0 1 0 0 0 2 4 3 1 1 6 6 2 3 6 1 4 0 2 5 2 3 0
18 36733 0 2 4 2 0 0 0 0 4 5 1 0 0 2 4 1 0 0 2 1 0 0 0 0 0 0 1 3 4 2 2 4 5 4 3 6 3 0 1 3 2 4 5 1
18 30353 0 2 4 2 0 0 0 0 4 5 2 1 0 1 4 2 1 0 1 1 0 0 0 0 0 0 2 3 2 1 1 5 6 4 2 7 3 1 1 3 2 3 4 1
18 36747 0 2 4 2 0 0 0 0 4 5 2 1 0 2 5 2 1 0 2 2 1 0 0 0 0 0 1 2 3 2 1 3 4 4 2 6 4 0 1 3 2 3 4 1
18 48028 0 2 4 2 0 0 0 0 4 6 2 0 0 0 2 2 0 0 0 0 0 0 0 0 0 0 2 4 2 0 2 8 10 2 2 8 3 0 0 2 4 2 5 1
18 46864 0 2 4 2 0 0 0 0 4 6 2 0 0 0 2 2 0 0 0 0 0 0 0 0 0 0 2 4 2 0 2 8 10 2 4 8 2 2 0 0 4 2 4 0
18 53253 0 2 4 2 0 0 0 0 4 6 2 0 0 0 3 3 0 0 0 1 0 0 0 0 0 0 2 3 2 1 2 7 8 3 4 8 2 3 0 0 3 2 3 0
18 48034 0 2 4 2 0 0 0 0 4 6 2 0 0 0 3 3 0 0 0 1 0 0 0 0 0 0 2 4 2 0 1 7 10 3 1 8 3 1 0 2 3 2 4 1
18 30377 0 2 4 2 0 0 0 0 4 6 2 0 0 0 3 4 1 0 0 1 1 0 0 0 0 0 2 4 2 0 1 5 8 3 1 6 3 1 1 3 3 3 4 1
18 26905 0 2 4 2 0 0 0 0 4 6 2 0 0 0 4 4 0 0 0 2 0 0 0 0 0 0 2 4 2 0 0 6 8 2 2 8 2 2 0 2 4 2 4 0
18 63408 0 2 4 2 0 0 0 0 4 6 2 0 0 0 4 4 0 0 0 2 0 0 0 0 0 0 2 4 2 0 0 6 10 4 0 8 4 0 0 2 2 2 4 1
18 48047 0 2 4 2 0 0 0 0 4 6 2 0 0 1 3 2 0 0 1 1 0 0 0 0 0 0 1 3 3 1 2 6 8 3 2 8 3 1 0 2 3 2 4 1
18 46866 0 2 4 2 0 0 0 0 4 6 2 0 0 1 3 2 0 0 1 1 0 0 0 0 0 0 1 4 3 0 1 6 10 3 3 8 2 3 0 0 3 2 3 0
18 53272 0 2 4 2 0 0 0 0 4 6 2 0 0 1 4 3 0 0 1 2 0 0 0 0 0 0 1 3 3 1 1 5 8 4 3 8 3 2 0 0 2 2 3 0
18 54194 0 2 4 2 0 0 0 0 4 6 2 0 0 1 4 3 0 0 1 2 0 0 1 0 0 0 1 3 3 1 1 5 8 4 1 6 3 2 0 2 3 2 3 1
18 53259 0 2 4 2 0 0 0 0 4 6 2 0 0 1 4 3 0 0 1 2 0 0 1 0 0 0 1 3 3 1 1 5 8 4 3 6 2 4 0 0 3 2 2 0
18 28845 0 2 4 2 0 0 0 0 4 6 2 0 0 1 4 3 0 0 1 2 1 0 0 0 0 0 1 4 3 0 0 5 9 2 2 7 2 3 0 1 4 2 3 0
18 28821 0 2 4 2 0 0 0 0 4 6 2 0 0 1 4 3 1 0 1 1 0 0 0 0 0 0 1 4 3 0 0 5 8 3 3 8 2 3 0 1 3 2 3 0
18 36771 0 2 4 2 0 0 0 0 4 6 2 0 0 1 4 4 1 0 1 2 1 0 1 1 0 0 1 3 3 1 1 3 6 4 1 4 2 1 1 3 3 3 4 1
18 35793 0 2 4 2 0 0 0 0 4 6 2 0 0 1 5 4 0 0 1 3 1 0 1 1 0 0 1 3 3 1 0 4 7 3 2 5 1 3 0 1 4 2 3 0
18 35769 0 2 4 2 0 0 0 0 4 6 2 0 0 1 5 4 1 0 1 2 1 0 0 0 0 0 1 3 3 1 0 4 6 3 3 7 3 2 0 1 3 2 3 0
18 54207 0 2 4 2 0 0 0 0 4 6 2 0 0 2 4 2 0 0 2 2 0 0 0 0 0 0 0 2 4 2 2 4 6 4 2 8 4 0 0 2 2 2 4 1
18 70858 0 2 4 2 0 0 0 0 4 6 3 1 0 0 3 4 2 0 0 1 1 0 0 0 0 0 2 2 1 1 2 6 6 4 4 7 3 3 0 0 2 2 2 0
18 30389 0 2 4 2 0 0 0 0 4 6 3 1 0 0 3 4 2 0 0 1 1 0 0 0 0 0 2 3 1 0 1 5 7 4 1 6 4 0 1 3 2 3 4 1
18 48060 0 2 4 2 0 0 0 0 4 6 3 1 0 1 4 3 1 0 1 2 1 0 0 0 0 0 1 2 2 1 1 5 7 4 1 7 4 1 0 2 2 2 3 1
18 70874 0 2 4 2 0 0 0 0 4 6 3 1 0 1 4 4 2 0 1 2 1 0 1 1 0 0 1 2 2 1 1 4 6 5 3 5 2 3 0 0 2 2 2 0
18 70863 0 2 4 2 0 0 0 0 4 6 3 1 0 1 4 4 2 0 1 2 2 0 0 0 0 0 1 2 2 1 1 4 6 4 3 6 4 2 0 0 2 2 2 0
18 36783 0 2 4 2 0 0 0 0 4 6 3 1 0 1 4 4 2 0 1 2 2 0 0 1 0 0 1 2 2 1 1 3 5 4 1 5 3 0 1 3 2 3 4 1
18 63432 0 2 4 2 0 0 0 0 4 6 3 1 0 1 5 4 1 0 1 3 1 0 1 1 0 0 1 2 2 1 0 4 7 5 0 5 3 1 0 2 2 2 3 1
18 54220 0 2 4 2 0 0 0 0 4 6 3 1 0 2 5 3 1 0 2 3 2 0 0 0 0 0 0 1 3 2 1 3 5 4 1 6 5 0 0 2 2 2 3 1
18 80422 0 2 4 2 0 0 0 0 4 6 4 2 0 0 2 4 4 0 0 0 2 0 0 0 0 0 2 2 0 0 2 6 6 4 4 6 4 2 0 0 2 2 2 0
18 80424 0 2 4 2 0 0 0 0 4 6 4 2 0 1 3 4 4 0 1 1 3 0 0 1 0 0 1 2 1 0 1 4 6 4 3 5 3 2 0 0 2 2 2 0
18 78227 0 2 4 2 0 0 0 0 4 6 4 2 0 2 6 4 2 0 2 4 4 1 0 0 0 0 0 0 2 2 0 2 4 4 0 4 4 0 0 2 2 2 3 1
18 48084 0 2 4 2 0 0 0 0 4 7 3 0 0 0 3 5 2 0 0 1 1 0 0 0 0 0 1 3 2 0 1 5 8 4 1 7 4 1 0 2 2 2 3 1
18 28857 0 2 4 2 0 0 0 0 4 7 3 0 0 0 4 5 1 0 0 2 1 0 0 0 0 0 1 3 2 0 0 5 8 3 2 7 3 2 0 1 3 2 3 0
18 63444 0 2 4 2 0 0 0 0 4 7 3 0 0 0 4 6 2 0 0 2 2 0 0 0 0 0 1 3 2 0 0 4 8 4 0 6 5 0 0 2 2 2 3 1
18 35805 0 2 4 2 0 0 0 0 4 7 3 0 0 0 5 6 1 0 0 3 2 0 0 1 0 0 1 2 2 1 0 4 6 3 2 6 2 2 0 1 3 2 3 0
18 46872 0 2 4 2 0 0 0 0 4 7 3 0 0 1 4 4 1 0 1 2 1 0 0 0 0 0 0 3 3 0 0 4 9 4 2 7 3 3 0 0 2 2 2 0
18 54244 0 2 4 2 0 0 0 0 4 7 3 0 0 1 4 5 2 0 1 2 1 0 1 1 0 0 0 2 3 1 1 3 6 5 1 5 3 1 0 2 2 2 3 1
18 53309 0 2 4 2 0 0 0 0 4 7 3 0 0 1 5 5 1 0 1 3 1 0 1 1 0 0 0 2 3 1 0 3 7 5 2 5 2 3 0 0 2 2 2 0
18 53285 0 2 4 2 0 0 0 0 4 7 3 0 0 1 5 5 1 0 1 3 2 0 0 0 0 0 0 2 3 1 0 3 7 4 2 6 4 2 0 0 2 2 2 0
18 48096 0 2 4 2 0 0 0 0 4 7 4 1 0 0 3 5 3 0 0 1 2 0 0 0 0 0 1 2 1 0 1 5 7 4 1 6 5 0 0 2 2 2 3 1
18 63456 0 2 4 2 0 0 0 0 4 7 4 1 0 0 4 6 3 0 0 2 3 0 0 1 0 0 1 2 1 0 0 4 7 4 0 5 4 0 0 2 2 2 3 1
18 54256 0 2 4 2 0 0 0 0 4 7 4 1 0 1 4 5 3 0 1 2 3 0 0 1 0 0 0 1 2 1 1 3 5 4 1 5 4 0 0 2 2 2 3 1
18 70886 0 2 4 2 0 0 0 0 4 7 4 1 0 1 5 6 3 0 1 3 4 1 0 0 0 0 0 1 2 1 0 2 5 4 2 4 3 2 0 0 2 2 2 0
18 46884 0 2 4 2 0 0 0 0 4 8 4 0 0 0 4 6 2 0 0 2 2 0 0 0 0 0 0 2 2 0 0 4 8 4 2 6 4 2 0 0 2 2 2 0
18 71191 0 2 4 2 0 0 0 0 4 8 4 0 0 0 4 8 4 0 0 2 4 1 0 0 0 0 0 2 2 0 0 2 6 4 0 4 4 0 0 2 2 2 3 1
18 53321 0 2 4 2 0 0 0 0 4 8 4 0 0 0 5 7 2 0 0 3 3 0 0 1 0 0 0 1 2 1 0 3 6 4 2 5 3 2 0 0 2 2 2 0
18 30321 0 2 4 3 1 0 0 0 3 4 2 0 0 0 1 1 0 0 0 0 0 0 0 0 0 0 3 5 3 0 2 7 9 2 2 7 2 1 1 3 4 3 5 1
18 31431 0 2 4 3 1 0 0 0 3 4 2 0 0 0 1 1 0 0 0 0 0 0 0 0 0 0 3 5 3 0 2 8 9 2 3 7 2 1 0 2 4 3 5 0
18 37454 0 2 4 3 1 0 0 0 3 4 2 0 0 0 2 2 0 0 0 1 0 0 0 0 0 0 3 4 3 1 2 7 7 3 3 7 2 2 0 2 3 3 4 0
18 30327 0 2 4 3 1 0 0 0 3 4 2 0 0 0 2 2 0 0 0 1 0 0 0 0 0 0 3 5 3 0 1 6 9 2 1 8 2 2 1 3 4 2 4 1
18 30341 0 2 4 3 1 0 0 0 3 4 2 0 0 1 2 1 0 0 1 0 0 0 0 0 0 0 2 4 4 1 2 5 8 3 3 7 2 2 1 2 3 3 4 1
18 31451 0 2 4 3 1 0 0 0 3 4 2 0 0 1 2 1 0 0 1 0 0 0 0 0 0 0 2 5 4 1 1 6 8 3 4 7 2 2 0 1 3 3 4 0
18 36715 0 2 4 3 1 0 0 0 3 4 2 0 0 1 2 2 0 0 0 1 0 0 0 0 0 0 2 4 3 1 2 6 7 3 2 7 2 2 1 3 3 3 4 1
18 31437 0 2 4 3 1 0 0 0 3 4 2 0 0 1 2 2 0 0 0 1 0 0 0 0 0 0 2 5 3 0 1 7 9 2 2 8 2 2 0 2 4 2 4 0
18 37473 0 2 4 3 1 0 0 0 3 4 2 0 0 1 3 2 0 0 1 1 0 0 0 0 0 0 2 4 4 2 1 5 6 4 4 7 3 1 0 1 2 3 4 0
18 26897 0 2 4 3 1 0 0 0 3 4 2 0 0 1 3 2 0 0 2 2 0 0 1 0 0 0 2 5 4 1 0 4 6 2 3 6 1 4 0 2 5 2 3 0
18 36721 0 2 4 3 1 0 0 0 3 4 2 0 0 1 3 3 0 0 0 2 0 0 1 0 0 0 2 4 3 1 1 5 7 3 1 6 2 3 1 3 4 2 3 1
18 37460 0 2 4 3 1 0 0 0 3 4 2 0 0 1 3 3 0 0 0 2 0 0 1 0 0 0 2 4 3 1 1 6 7 3 2 6 2 3 0 2 4 2 3 0
18 36735 0 2 4 3 1 0 0 0 3 4 2 0 0 2 3 2 0 0 1 1 0 0 0 0 0 0 1 3 4 2 2 4 6 4 3 7 3 1 1 2 2 3 4 1
18 30355 0 2 4 3 1 0 0 0 3 4 3 1 0 1 3 2 1 0 1 1 0 0 0 0 0 0 2 3 3 1 1 4 7 4 2 8 3 2 1 2 2 2 3 1
18 36749 0 2 4 3 1 0 0 0 3 4 3 1 0 2 4 3 1 0 1 2 1 0 0 0 0 0 1 2 3 2 1 3 5 4 2 7 4 1 1 2 2 2 3 1
18 48030 0 2 4 3 1 0 0 0 3 5 3 0 0 0 1 2 0 0 0 0 0 0 0 0 0 0 2 4 3 0 2 7 11 3 2 8 3 1 0 1 3 2 4 1
18 49103 0 2 4 3 1 0 0 0 3 5 3 0 0 0 1 2 0 0 0 0 0 0 0 0 0 0 2 4 3 0 2 7 11 3 3 8 3 1 0 0 3 2 4 0
18 54892 0 2 4 3 1 0 0 0 3 5 3 0 0 0 2 3 0 0 0 1 0 0 0 0 0 0 2 3 3 1 2 6 9 4 3 8 3 2 0 0 2 2 3 0
18 48036 0 2 4 3 1 0 0 0 3 5 3 0 0 0 2 3 0 0 0 1 0 0 0 0 0 0 2 4 3 0 1 6 11 4 1 8 3 2 0 1 2 2 3 1
18 63404 0 2 4 3 1 0 0 0 3 5 3 0 0 0 2 3 0 0 0 1 0 0 0 0 0 0 2 4 3 1 1 6 9 4 2 8 3 2 0 1 2 2 3 1
18 30379 0 2 4 3 1 0 0 0 3 5 3 0 0 0 2 4 1 0 0 1 1 0 0 0 0 0 2 4 3 0 1 4 9 3 1 7 3 2 1 2 3 2 3 1
18 30557 0 2 4 3 1 0 0 0 3 5 3 0 0 0 2 4 1 0 0 2 2 0 0 1 0 0 2 4 3 1 1 4 6 3 1 5 2 1 1 3 3 3 4 1
18 63410 0 2 4 3 1 0 0 0 3 5 3 0 0 0 3 4 0 0 0 2 0 0 0 0 0 0 2 4 3 1 0 5 9 5 1 8 4 1 0 1 1 2 3 1
18 26909 0 2 4 3 1 0 0 0 3 5 3 0 0 0 3 4 0 0 1 3 0 0 1 0 0 0 2 4 3 1 0 4 6 3 2 6 2 3 0 2 4 2 3 0
18 48049 0 2 4 3 1 0 0 0 3 5 3 0 0 1 2 2 0 0 1 1 0 0 0 0 0 0 1 3 4 1 2 5 9 4 2 8 3 2 0 1 2 2 3 1
18 49122 0 2 4 3 1 0 0 0 3 5 3 0 0 1 2 2 0 0 1 1 0 0 0 0 0 0 1 4 4 1 1 5 9 4 3 8 3 2 0 0 2 2 3 0
18 54190 0 2 4 3 1 0 0 0 3 5 3 0 0 1 2 3 0 0 0 1 0 0 0 0 0 0 1 3 3 1 2 6 9 4 2 8 3 2 0 1 2 2 3 1
18 49109 0 2 4 3 1 0 0 0 3 5 3 0 0 1 2 3 0 0 0 1 0 0 0 0 0 0 1 4 3 0 1 6 11 4 2 8 3 2 0 0 2 2 3 0
18 54910 0 2 4 3 1 0 0 0 3 5 3 0 0 1 3 3 0 0 1 2 0 0 0 0 0 0 1 3 4 2 1 4 7 5 3 8 4 1 0 0 1 2 3 0
18 63422 0 2 4 3 1 0 0 0 3 5 3 0 0 1 3 3 0 0 1 2 0 0 1 0 0 0 1 3 4 2 1 4 7 5 2 6 3 3 0 1 2 2 2 1
18 64099 0 2 4 3 1 0 0 0 3 5 3 0 0 1 3 3 0 0 1 2 0 0 1 0 0 0 1 3 4 2 1 4 7 5 3 6 3 3 0 0 2 2 2 0
18 29025 0 2 4 3 1 0 0 0 3 5 3 0 0 1 3 3 0 0 2 3 1 0 1 1 0 0 1 4 4 1 0 3 7 3 2 5 1 3 0 1 4 2 3 0
18 64087 0 2 4 3 1 0 0 0 3 5 3 0 0 1 3 4 0 0 0 2 0 0 0 0 0 0 1 3 3 1 1 5 9 5 2 8 4 1 0 0 1 2 3 0
18 54196 0 2 4 3 1 0 0 0 3 5 3 0 0 1 3 4 0 0 0 2 0 0 1 0 0 0 1 3 3 1 1 5 9 5 1 6 3 3 0 1 2 2 2 1
18 54898 0 2 4 3 1 0 0 0 3 5 3 0 0 1 3 4 0 0 0 2 0 0 1 0 0 0 1 3 3 1 1 5 9 5 2 6 3 3 0 0 2 2 2 0
18 31489 0 2 4 3 1 0 0 0 3 5 3 0 0 1 3 4 1 0 0 1 1 0 0 0 0 0 1 4 3 0 0 5 9 3 2 7 3 2 0 1 3 2 3 0
18 36773 0 2 4 3 1 0 0 0 3 5 3 0 0 1 3 5 1 0 0 2 1 0 1 1 0 0 1 3 3 1 1 3 7 4 1 5 2 2 1 2 3 2 3 1
18 37511 0 2 4 3 1 0 0 0 3 5 3 0 0 1 4 5 1 0 0 2 1 0 1 1 0 0 1 3 3 1 0 4 7 4 2 5 2 2 0 1 3 2 3 0
18 54209 0 2 4 3 1 0 0 0 3 5 3 0 0 2 3 3 0 0 1 2 0 0 0 0 0 0 0 2 4 2 2 4 7 5 2 8 4 1 0 1 1 2 3 1
18 31465 0 2 4 3 1 0 0 0 3 5 3 1 0 1 3 2 1 0 1 1 0 0 0 0 0 0 1 4 3 1 0 5 7 4 3 8 3 2 0 1 2 2 3 0
18 28831 0 2 4 3 1 0 0 0 3 5 3 1 0 1 3 2 1 0 2 2 0 0 1 0 0 0 1 4 3 1 0 4 6 4 3 6 2 4 0 1 3 2 2 0
18 37487 0 2 4 3 1 0 0 0 3 5 3 1 0 1 4 3 1 0 1 2 1 0 0 0 0 0 1 3 3 2 0 4 5 4 3 7 4 1 0 1 2 2 3 0
18 35779 0 2 4 3 1 0 0 0 3 5 3 1 0 1 4 3 2 0 2 2 1 0 1 0 0 0 1 3 3 1 0 3 5 4 3 5 3 3 0 1 3 2 2 0
18 71390 0 2 4 3 1 0 0 0 3 5 4 1 0 0 2 4 2 0 0 1 1 0 0 0 0 0 2 2 2 1 2 5 7 5 3 7 4 2 0 0 1 2 2 0
18 30391 0 2 4 3 1 0 0 0 3 5 4 1 0 0 2 4 2 0 0 1 1 0 0 0 0 0 2 3 2 0 1 4 8 4 1 7 4 1 1 2 2 2 3 1
18 30569 0 2 4 3 1 0 0 0 3 5 4 1 0 0 2 4 2 0 0 2 2 0 0 1 0 0 2 3 2 1 1 4 5 4 1 5 3 0 1 3 2 3 4 1
18 48062 0 2 4 3 1 0 0 0 3 5 4 1 0 1 3 3 1 0 1 2 1 0 0 0 0 0 1 2 3 1 1 4 8 5 1 7 4 2 0 1 1 2 2 1
18 78201 0 2 4 3 1 0 0 0 3 5 4 1 0 1 3 4 2 0 0 1 1 0 0 0 0 0 1 2 2 1 1 5 7 5 2 7 4 2 0 1 1 2 2 1
18 71406 0 2 4 3 1 0 0 0 3 5 4 1 0 1 3 4 2 0 1 2 1 0 1 1 0 0 1 2 3 2 1 3 5 6 3 5 3 2 0 0 1 2 2 0
18 78431 0 2 4 3 1 0 0 0 3 5 4 1 0 1 3 4 2 0 1 2 2 0 0 0 0 0 1 2 3 2 1 3 5 5 3 6 5 1 0 0 1 2 2 0
18 78420 0 2 4 3 1 0 0 0 3 5 4 1 0 1 3 5 2 0 0 2 1 0 1 1 0 0 1 2 2 1 1 4 7 6 2 5 3 2 0 0 1 2 2 0
18 71395 0 2 4 3 1 0 0 0 3 5 4 1 0 1 3 5 2 0 0 2 2 0 0 0 0 0 1 2 2 1 1 4 7 5 2 6 5 1 0 0 1 2 2 0
18 36785 0 2 4 3 1 0 0 0 3 5 4 1 0 1 3 5 2 0 0 2 2 0 0 1 0 0 1 2 2 1 1 3 6 4 1 6 3 1 1 2 2 2 3 1
18 63434 0 2 4 3 1 0 0 0 3 5 4 1 0 1 4 4 1 0 1 3 1 0 1 1 0 0 1 2 3 2 0 3 6 6 1 5 3 2 0 1 1 2 2 1
18 78206 0 2 4 3 1 0 0 0 3 5 4 1 0 1 4 5 2 0 0 2 1 0 1 1 0 0 1 2 2 1 0 4 7 6 1 5 3 2 0 1 1 2 2 1
18 54222 0 2 4 3 1 0 0 0 3 5 4 1 0 2 4 4 1 0 1 3 2 0 0 0 0 0 0 1 3 2 1 3 6 5 1 6 5 1 0 1 1 2 2 1
18 78217 0 2 4 3 1 0 0 0 3 5 4 1 0 2 4 4 2 0 1 2 2 0 0 0 0 0 0 1 3 2 1 3 5 5 2 6 5 1 0 1 1 2 2 1
18 80747 0 2 4 3 1 0 0 0 3 5 5 2 0 0 1 4 4 0 0 0 2 0 0 0 0 0 2 2 1 0 2 5 7 5 3 6 5 1 0 0 1 2 2 0
18 80763 0 2 4 3 1 0 0 0 3 5 5 2 0 1 2 4 4 0 1 1 3 0 0 1 0 0 1 2 2 1 1 3 5 5 3 5 4 1 0 0 1 2 2 0
18 80752 0 2 4 3 1 0 0 0 3 5 5 2 0 1 2 5 4 0 0 1 3 0 0 1 0 0 1 2 1 0 1 4 7 5 2 5 4 1 0 0 1 2 2 0
18 78229 0 2 4 3 1 0 0 0 3 5 5 2 0 2 5 5 3 0 1 3 4 1 0 0 0 0 0 0 2 2 0 2 4 5 1 4 4 1 0 1 1 2 2 1
18 48086 0 2 4 3 1 0 0 0 3 6 4 0 0 0 2 5 2 0 0 1 1 0 0 0 0 0 1 3 3 0 1 4 9 5 1 7 4 2 0 1 1 2 2 1
18 29037 0 2 4 3 1 0 0 0 3 6 4 0 0 0 3 5 1 0 1 3 1 0 1 1 0 0 1 3 3 1 0 3 6 4 2 5 2 2 0 1 3 2 3 0
18 63446 0 2 4 3 1 0 0 0 3 6 4 0 0 0 3 6 2 0 0 2 2 0 0 0 0 0 1 3 3 1 0 3 7 5 1 6 5 1 0 1 1 2 2 1
18 49159 0 2 4 3 1 0 0 0 3 6 4 0 0 1 3 5 2 0 0 1 1 0 0 0 0 0 0 3 3 0 0 4 9 5 2 7 4 2 0 0 1 2 2 0
18 54246 0 2 4 3 1 0 0 0 3 6 4 0 0 1 3 6 2 0 0 2 1 0 1 1 0 0 0 2 3 1 1 3 7 6 1 5 3 2 0 1 1 2 2 1
18 54947 0 2 4 3 1 0 0 0 3 6 4 0 0 1 4 6 2 0 0 2 1 0 1 1 0 0 0 2 3 1 0 3 7 6 2 5 3 2 0 0 1 2 2 0
18 64123 0 2 4 3 1 0 0 0 3 6 4 0 0 1 4 6 2 0 0 2 2 0 0 0 0 0 0 2 3 1 0 3 7 5 2 6 5 1 0 0 1 2 2 0
18 71165 0 2 4 3 1 0 0 0 3 6 4 1 0 0 2 4 2 0 0 1 1 0 0 0 0 0 1 3 2 1 1 5 7 5 2 7 4 2 0 1 1 2 2 1
18 48261 0 2 4 3 1 0 0 0 3 6 4 1 0 0 2 4 2 0 0 2 2 0 0 1 0 0 1 3 2 1 1 5 6 4 1 6 3 1 0 2 2 2 3 1
18 28867 0 2 4 3 1 0 0 0 3 6 4 1 0 0 3 4 1 0 1 3 1 0 1 0 0 0 1 3 2 1 0 4 6 4 2 5 3 3 0 1 3 2 2 0
18 31501 0 2 4 3 1 0 0 0 3 6 4 1 0 0 3 4 2 0 0 1 1 0 0 0 0 0 1 3 2 0 0 5 8 4 2 7 4 1 0 1 2 2 3 0
18 71170 0 2 4 3 1 0 0 0 3 6 4 1 0 0 3 5 2 0 0 2 2 0 0 0 0 0 1 3 2 1 0 4 7 5 1 6 5 1 0 1 1 2 2 1
18 63558 0 2 4 3 1 0 0 0 3 6 4 1 0 0 3 5 3 0 0 2 3 0 0 1 0 0 1 3 2 0 0 4 7 4 0 5 4 0 0 2 2 2 3 1
18 37523 0 2 4 3 1 0 0 0 3 6 4 1 0 0 4 5 2 0 0 2 2 0 0 1 0 0 1 2 2 1 0 4 6 4 2 6 3 1 0 1 2 2 3 0
18 35815 0 2 4 3 1 0 0 0 3 6 4 1 0 0 4 5 2 0 1 3 2 0 1 1 0 0 1 2 2 1 0 3 5 4 2 4 2 3 0 1 3 2 2 0
18 49135 0 2 4 3 1 0 0 0 3 6 4 1 0 1 3 3 1 0 1 2 1 0 0 0 0 0 0 3 3 1 0 4 8 5 2 7 4 2 0 0 1 2 2 0
18 46876 0 2 4 3 1 0 0 0 3 6 4 1 0 1 3 3 1 0 2 3 1 0 1 1 0 0 0 3 3 1 0 3 7 5 2 5 2 3 0 0 2 2 2 0
18 71181 0 2 4 3 1 0 0 0 3 6 4 1 0 1 3 4 2 0 1 2 1 0 1 1 0 0 0 2 3 2 1 3 5 6 2 5 3 2 0 1 1 2 2 1
18 64111 0 2 4 3 1 0 0 0 3 6 4 1 0 1 4 4 1 0 1 3 1 0 1 1 0 0 0 2 3 2 0 3 6 6 2 5 3 2 0 0 1 2 2 0
18 54923 0 2 4 3 1 0 0 0 3 6 4 1 0 1 4 4 1 0 1 3 2 0 0 0 0 0 0 2 3 2 0 3 6 5 2 6 5 1 0 0 1 2 2 0
18 53295 0 2 4 3 1 0 0 0 3 6 4 1 0 1 4 4 2 0 2 3 2 0 1 1 0 0 0 2 3 1 0 2 6 5 2 4 3 2 0 0 2 2 2 0
18 48098 0 2 4 3 1 0 0 0 3 6 5 1 0 0 2 5 3 0 0 1 2 0 0 0 0 0 1 2 2 0 1 4 8 5 1 6 5 1 0 1 1 2 2 1
18 63458 0 2 4 3 1 0 0 0 3 6 5 1 0 0 3 6 3 0 0 2 3 0 0 1 0 0 1 2 2 1 0 3 6 5 1 5 4 1 0 1 1 2 2 1
18 54258 0 2 4 3 1 0 0 0 3 6 5 1 0 1 3 6 3 0 0 2 3 0 0 1 0 0 0 1 2 1 1 3 6 5 1 5 4 1 0 1 1 2 2 1
18 71417 0 2 4 3 1 0 0 0 3 6 5 1 0 1 4 7 4 0 0 2 4 1 0 0 0 0 0 1 2 1 0 2 5 5 2 4 4 1 0 0 1 2 2 0
18 48273 0 2 4 3 1 0 0 0 3 6 5 2 0 0 2 4 3 0 0 2 3 0 0 1 0 0 1 2 1 1 1 5 5 4 1 5 4 0 0 2 2 2 3 1
18 80592 0 2 4 3 1 0 0 0 3 6 5 2 0 0 2 4 4 0 0 0 2 0 0 0 0 0 1 2 1 0 1 5 7 5 2 6 5 1 0 1 1 2 2 1
18 80597 0 2 4 3 1 0 0 0 3 6 5 2 0 0 3 5 4 0 0 1 3 0 0 1 0 0 1 2 1 0 0 4 7 5 1 5 4 1 0 1 1 2 2 1
18 63570 0 2 4 3 1 0 0 0 3 6 5 2 0 0 3 5 4 0 0 2 4 0 0 2 0 0 1 2 1 0 0 4 6 4 0 4 3 0 0 2 2 2 3 1
18 80608 0 2 4 3 1 0 0 0 3 6 5 2 0 1 3 4 4 0 1 1 3 0 0 1 0 0 0 1 2 1 1 3 5 5 2 5 4 1 0 1 1 2 2 1
18 78442 0 2 4 3 1 0 0 0 3 6 5 2 0 1 4 5 3 0 1 3 4 1 0 0 0 0 0 1 2 2 0 2 4 5 2 4 4 1 0 0 1 2 2 0
18 46888 0 2 4 3 1 0 0 0 3 7 5 1 0 0 3 5 2 0 1 3 2 0 1 1 0 0 0 2 2 1 0 3 6 5 2 4 3 2 0 0 2 2 2 0
18 49171 0 2 4 3 1 0 0 0 3 7 5 1 0 0 3 5 3 0 0 1 2 0 0 0 0 0 0 2 2 0 0 4 8 5 2 6 5 1 0 0 1 2 2 0
18 71193 0 2 4 3 1 0 0 0 3 7 5 1 0 0 3 7 4 0 0 2 4 1 0 0 0 0 0 2 2 1 0 2 5 5 1 4 4 1 0 1 1 2 2 1
18 54959 0 2 4 3 1 0 0 0 3 7 5 1 0 0 4 6 3 0 0 2 3 0 0 1 0 0 0 1 2 1 0 3 6 5 2 5 4 1 0 0 1 2 2 0
18 53331 0 2 4 3 1 0 0 0 3 7 5 1 0 0 4 6 3 0 1 3 3 0 1 2 0 0 0 1 2 1 0 2 5 5 2 3 2 2 0 0 2 2 2 0
18 30365 0 2 4 3 2 1 0 0 3 3 2 2 0 1 3 1 1 0 2 2 0 0 1 0 0 0 2 3 3 2 1 3 5 5 2 6 3 3 1 2 2 2 2 1
18 36759 0 2 4 3 2 1 0 0 3 3 2 2 0 2 4 2 2 0 2 2 1 0 1 0 0 0 1 2 3 2 1 2 4 5 2 5 4 2 1 2 2 2 2 1
18 74090 0 2 4 3 2 1 0 0 3 4 3 2 0 0 2 3 2 0 0 2 2 0 0 1 0 0 2 2 2 2 2 5 5 5 3 6 3 2 0 0 1 2 2 0
18 30401 0 2 4 3 2 1 0 0 3 4 3 2 0 0 2 3 2 0 1 2 1 0 1 0 0 0 2 3 2 1 1 3 6 5 1 5 4 2 1 2 2 2 2 1
18 48072 0 2 4 3 2 1 0 0 3 4 3 2 0 1 3 2 1 0 2 3 1 0 1 1 0 0 1 2 3 2 1 3 6 6 1 5 3 2 0 1 1 2 2 1
18 74095 0 2 4 3 2 1 0 0 3 4 3 2 0 1 3 4 3 0 0 2 3 0 0 1 0 0 1 2 2 1 1 4 6 5 2 5 4 1 0 0 1 2 2 0
18 36795 0 2 4 3 2 1 0 0 3 4 3 2 0 1 3 4 3 0 1 2 2 0 1 1 0 0 1 2 2 1 1 2 5 5 1 4 3 2 1 2 2 2 2 1
18 54232 0 2 4 3 2 1 0 0 3 4 3 2 0 2 4 3 2 0 2 3 2 0 1 1 0 0 0 1 3 2 1 2 5 6 1 4 4 1 0 1 1 2 2 1
18 82531 0 2 4 3 2 1 0 0 3 4 4 3 0 0 1 3 4 0 0 1 3 0 0 1 0 0 2 2 1 1 2 5 5 5 3 5 4 1 0 0 1 2 2 0
18 82536 0 2 4 3 2 1 0 0 3 4 4 3 0 1 2 4 5 0 0 1 4 0 0 2 0 0 1 2 1 0 1 4 6 5 2 4 3 1 0 0 1 2 2 0
18 48108 0 2 4 3 2 1 0 0 3 5 4 2 0 0 2 4 3 0 1 2 2 0 1 1 0 0 1 2 2 1 1 3 6 6 1 4 4 1 0 1 1 2 2 1
18 54268 0 2 4 3 2 1 0 0 3 5 4 2 0 1 3 5 4 0 1 2 3 0 1 2 0 0 0 1 2 1 1 2 5 6 1 3 3 1 0 1 1 2 2 1
18 91797 0 2 4 4 2 0 0 0 2 4 4 0 0 0 0 2 0 0 0 0 0 0 0 0 0 0 2 4 4 0 2 6 12 4 2 8 4 0 0 0 2 2 4 0
18 91075 0 2 4 4 2 0 0 0 2 4 4 0 0 0 0 2 0 0 0 0 0 0 0 0 0 0 2 4 4 0 2 6 12 4 2 8 4 0 0 0 2 2 4 1
18 3 0 2 4 4 2 0 0 0 2 4 4 0 0 0 0 2 0 0 0 0 0 0 0 0 0 0 2 6 6 2 0 4 8 4 2 6 2 4 0 2 4 0 1 0
18 95528 0 2 4 4 2 0 0 0 2 4 4 0 0 0 1 3 0 0 0 1 0 0 0 0 0 0 2 3 4 1 2 5 10 5 2 8 4 1 0 0 1 2 3 0
18 91080 0 2 4 4 2 0 0 0 2 4 4 0 0 0 1 3 0 0 0 1 0 0 0 0 0 0 2 4 4 1 1 5 10 5 2 8 4 1 0 0 1 2 3 1
18 16 0 2 4 4 2 0 0 0 2 4 4 0 0 0 1 3 0 0 0 1 0 0 0 0 0 0 2 5 5 2 0 4 8 5 1 6 3 3 0 2 3 0 1 0
18 80 0 2 4 4 2 0 0 0 2 4 4 0 0 0 1 3 0 0 1 2 0 0 1 0 0 0 2 5 6 3 0 2 6 6 1 4 3 4 0 2 3 0 0 0
18 30559 0 2 4 4 2 0 0 0 2 4 4 0 0 0 1 4 1 0 0 2 2 0 0 1 0 0 2 4 4 1 1 3 7 3 1 6 2 2 1 2 3 2 3 1
18 169 0 2 4 4 2 0 0 0 2 4 4 0 0 0 2 4 0 0 0 2 0 0 0 0 0 0 2 4 4 2 0 4 8 6 0 6 4 2 0 2 2 0 1 0
18 101450 0 2 4 4 2 0 0 0 2 4 4 0 0 0 2 4 0 0 0 2 0 0 0 0 0 0 2 4 4 2 0 4 8 6 2 8 5 0 0 0 0 2 3 1
18 26950 0 2 4 4 2 0 0 0 2 4 4 0 0 0 2 4 0 0 2 4 0 0 2 0 0 0 2 4 4 2 0 2 4 4 2 4 2 4 0 2 4 2 2 0
18 303 0 2 4 4 2 0 0 0 2 4 4 0 0 0 2 6 2 0 0 2 2 0 0 0 0 0 2 4 4 2 0 2 6 6 0 4 5 2 0 2 2 0 0 0
18 91091 0 2 4 4 2 0 0 0 2 4 4 0 0 1 1 3 0 0 0 1 0 0 0 0 0 0 1 3 4 1 2 5 10 5 2 8 4 1 0 0 1 2 3 1
18 91799 0 2 4 4 2 0 0 0 2 4 4 0 0 1 1 3 0 0 0 1 0 0 0 0 0 0 1 4 4 1 1 5 10 5 2 8 4 1 0 0 1 2 3 0
18 95543 0 2 4 4 2 0 0 0 2 4 4 0 0 1 2 4 0 0 0 2 0 0 0 0 0 0 1 3 4 2 1 4 8 6 2 8 5 0 0 0 0 2 3 0
18 95532 0 2 4 4 2 0 0 0 2 4 4 0 0 1 2 4 0 0 0 2 0 0 1 0 0 0 1 3 4 2 1 4 8 6 2 6 4 2 0 0 1 2 2 0
18 95011 0 2 4 4 2 0 0 0 2 4 4 0 0 1 2 4 0 0 0 2 0 0 1 0 0 0 1 3 4 2 1 4 8 6 2 6 4 2 0 0 1 2 2 1
18 31669 0 2 4 4 2 0 0 0 2 4 4 0 0 1 2 4 1 0 1 2 2 0 0 1 0 0 1 4 4 1 0 3 7 3 2 6 2 2 0 1 3 2 3 0
18 95022 0 2 4 4 2 0 0 0 2 4 4 0 0 2 2 4 0 0 0 2 0 0 0 0 0 0 0 2 4 2 2 4 8 6 2 8 5 0 0 0 0 2 3 1
18 264 0 2 4 4 2 0 0 0 2 4 5 1 0 0 1 3 1 0 1 3 1 0 1 1 0 0 2 4 5 3 0 2 5 7 0 3 3 3 0 2 2 0 0 0
18 106233 0 2 4 4 2 0 0 0 2 4 5 1 0 0 1 4 2 0 0 1 1 0 0 0 0 0 2 2 3 1 2 4 8 6 2 7 5 1 0 0 0 2 2 0
18 30571 0 2 4 4 2 0 0 0 2 4 5 1 0 0 1 4 2 0 0 2 2 0 0 1 0 0 2 3 3 1 1 3 6 4 1 6 3 1 1 2 2 2 3 1
18 354 0 2 4 4 2 0 0 0 2 4 5 1 0 0 1 5 3 0 0 2 3 0 0 1 0 0 2 4 4 2 0 2 5 6 0 3 4 2 0 2 2 0 0 0
18 91102 0 2 4 4 2 0 0 0 2 4 5 1 0 1 2 4 2 0 0 1 1 0 0 0 0 0 1 2 3 1 1 4 8 6 2 7 5 1 0 0 0 2 2 1
18 106246 0 2 4 4 2 0 0 0 2 4 5 1 0 1 2 5 2 0 0 2 1 0 1 1 0 0 1 2 3 2 1 3 6 7 2 5 4 1 0 0 0 2 2 0
18 106237 0 2 4 4 2 0 0 0 2 4 5 1 0 1 2 5 2 0 0 2 2 0 0 0 0 0 1 2 3 2 1 3 6 6 2 6 6 0 0 0 0 2 2 0
18 101470 0 2 4 4 2 0 0 0 2 4 5 1 0 1 3 5 2 0 0 2 1 0 1 1 0 0 1 2 3 2 0 3 6 7 2 5 4 1 0 0 0 2 2 1
18 95033 0 2 4 4 2 0 0 0 2 4 5 1 0 2 3 5 2 0 0 2 2 0 0 0 0 0 0 1 3 2 1 3 6 6 2 6 6 0 0 0 0 2 2 1
18 112683 0 2 4 4 2 0 0 0 2 4 6 2 0 0 0 4 4 0 0 0 2 0 0 0 0 0 2 2 2 0 2 4 8 6 2 6 6 0 0 0 0 2 2 0
18 808 0 2 4 4 2 0 0 0 2 4 6 2 0 0 0 4 4 0 0 2 4 0 0 2 0 0 2 4 4 2 0 2 4 6 0 2 3 2 0 2 2 0 0 0
18 112685 0 2 4 4 2 0 0 0 2 4 6 2 0 1 1 5 4 0 0 1 3 0 0 1 0 0 1 2 2 1 1 3 6 6 2 5 5 0 0 0 0 2 2 0
18 111307 0 2 4 4 2 0 0 0 2 4 6 2 0 2 4 6 4 0 0 2 4 1 0 0 0 0 0 0 2 2 0 2 4 6 2 4 5 0 0 0 0 2 2 1
18 91124 0 2 4 4 2 0 0 0 2 5 5 1 0 0 1 4 2 0 0 1 1 0 0 0 0 0 1 3 3 1 1 4 8 6 2 7 5 1 0 0 0 2 2 1
18 48263 0 2 4 4 2 0 0 0 2 5 5 1 0 0 1 4 2 0 0 2 2 0 0 1 0 0 1 3 3 1 1 4 7 5 1 6 3 2 0 1 1 2 2 1
18 29047 0 2 4 4 2 0 0 0 2 5 5 1 0 0 2 4 1 0 2 4 1 0 2 1 0 0 1 3 3 2 0 2 4 5 2 3 2 3 0 1 3 2 2 0
18 31681 0 2 4 4 2 0 0 0 2 5 5 1 0 0 2 4 2 0 1 2 2 0 0 1 0 0 1 3 3 1 0 3 6 4 2 6 3 1 0 1 2 2 3 0
18 101480 0 2 4 4 2 0 0 0 2 5 5 1 0 0 2 5 2 0 0 2 2 0 0 0 0 0 1 3 3 2 0 3 6 6 2 6 6 0 0 0 0 2 2 1
18 63560 0 2 4 4 2 0 0 0 2 5 5 1 0 0 2 5 3 0 0 2 3 0 0 1 0 0 1 3 3 1 0 3 6 5 1 5 4 1 0 1 1 2 2 1
18 91805 0 2 4 4 2 0 0 0 2 5 5 1 0 1 2 4 2 0 0 1 1 0 0 0 0 0 0 3 3 1 0 4 8 6 2 7 5 1 0 0 0 2 2 0
18 49336 0 2 4 4 2 0 0 0 2 5 5 1 0 1 2 4 2 0 1 2 2 0 0 1 0 0 0 3 3 1 0 3 7 5 2 6 3 2 0 0 1 2 2 0
18 95055 0 2 4 4 2 0 0 0 2 5 5 1 0 1 2 5 2 0 0 2 1 0 1 1 0 0 0 2 3 2 1 3 6 7 2 5 4 1 0 0 0 2 2 1
18 95575 0 2 4 4 2 0 0 0 2 5 5 1 0 1 3 5 2 0 0 2 1 0 1 1 0 0 0 2 3 2 0 3 6 7 2 5 4 1 0 0 0 2 2 0
18 95553 0 2 4 4 2 0 0 0 2 5 5 1 0 1 3 5 2 0 0 2 2 0 0 0 0 0 0 2 3 2 0 3 6 6 2 6 6 0 0 0 0 2 2 0
18 64237 0 2 4 4 2 0 0 0 2 5 5 1 0 1 3 5 3 0 1 2 3 0 0 1 0 0 0 2 3 1 0 2 6 5 2 5 4 1 0 0 1 2 2 0
18 48275 0 2 4 4 2 0 0 0 2 5 6 2 0 0 1 4 3 0 0 2 3 0 0 1 0 0 1 2 2 1 1 4 6 5 1 5 4 1 0 1 1 2 2 1
18 91134 0 2 4 4 2 0 0 0 2 5 6 2 0 0 1 4 4 0 0 0 2 0 0 0 0 0 1 2 2 0 1 4 8 6 2 6 6 0 0 0 0 2 2 1
18 101490 0 2 4 4 2 0 0 0 2 5 6 2 0 0 2 5 4 0 0 1 3 0 0 1 0 0 1 2 2 1 0 3 6 6 2 5 5 0 0 0 0 2 2 1
18 63572 0 2 4 4 2 0 0 0 2 5 6 2 0 0 2 5 4 0 0 2 4 0 0 2 0 0 1 2 2 1 0 3 5 5 1 4 3 1 0 1 1 2 2 1
18 95065 0 2 4 4 2 0 0 0 2 5 6 2 0 1 2 5 4 0 0 1 3 0 0 1 0 0 0 1 2 1 1 3 6 6 2 5 5 0 0 0 0 2 2 1
18 106255 0 2 4 4 2 0 0 0 2 5 6 2 0 1 3 6 4 0 0 2 4 1 0 0 0 0 0 1 2 2 0 2 4 6 2 4 5 0 0 0 0 2 2 0
18 3942 0 2 4 4 2 0 0 0 2 6 6 2 0 0 0 2 2 0 0 0 0 0 0 0 0 0 0 4 4 2 0 4 6 6 2 6 3 4 0 2 2 0 0 0
18 3955 0 2 4 4 2 0 0 0 2 6 6 2 0 0 1 3 2 0 0 1 1 0 0 0 0 0 0 3 3 2 0 4 6 6 1 5 4 3 0 2 2 0 0 0
18 4019 0 2 4 4 2 0 0 0 2 6 6 2 0 0 1 3 2 0 1 2 1 0 1 1 0 0 0 3 4 3 0 2 4 7 1 3 3 3 0 2 2 0 0 0
18 4108 0 2 4 4 2 0 0 0 2 6 6 2 0 0 2 4 2 0 0 2 2 0 0 0 0 0 0 2 2 2 0 4 6 6 0 4 5 2 0 2 2 0 0 0
18 46929 0 2 4 4 2 0 0 0 2 6 6 2 0 0 2 4 2 0 2 4 2 0 2 2 0 0 0 2 2 2 0 2 4 6 2 2 2 2 0 0 2 2 2 0
18 49348 0 2 4 4 2 0 0 0 2 6 6 2 0 0 2 4 3 0 1 2 3 0 0 1 0 0 0 2 2 1 0 3 6 5 2 5 4 1 0 0 1 2 2 0
18 91817 0 2 4 4 2 0 0 0 2 6 6 2 0 0 2 4 4 0 0 0 2 0 0 0 0 0 0 2 2 0 0 4 8 6 2 6 6 0 0 0 0 2 2 0
18 4203 0 2 4 4 2 0 0 0 2 6 6 2 0 0 2 6 4 0 0 2 4 1 0 0 0 0 0 2 2 2 0 2 4 6 0 2 4 2 0 2 2 0 0 0
18 106102 0 2 4 4 2 0 0 0 2 6 6 2 0 0 2 6 4 0 0 2 4 1 0 0 0 0 0 2 2 2 0 2 4 6 2 4 5 0 0 0 0 2 2 1
18 95585 0 2 4 4 2 0 0 0 2 6 6 2 0 0 3 5 4 0 0 1 3 0 0 1 0 0 0 1 2 1 0 3 6 6 2 5 5 0 0 0 0 2 2 0
18 64249 0 2 4 4 2 0 0 0 2 6 6 2 0 0 3 5 4 0 1 2 4 0 0 2 0 0 0 1 2 1 0 2 5 5 2 4 3 1 0 0 1 2 2 0
18 31475 0 2 4 4 2 1 0 0 2 4 2 2 0 1 3 1 1 0 2 2 0 0 1 0 0 0 1 4 3 2 0 4 5 5 3 6 3 3 0 1 2 2 2 0
18 37497 0 2 4 4 2 1 0 0 2 4 2 2 0 1 4 2 2 0 2 2 1 0 1 0 0 0 1 3 3 2 0 3 4 5 3 5 4 2 0 1 2 2 2 0
18 73780 0 2 4 4 2 1 0 0 2 5 3 2 0 0 2 3 2 0 0 2 2 0 0 1 0 0 1 3 2 2 1 5 5 5 2 6 3 2 0 1 1 2 2 1
18 31511 0 2 4 4 2 1 0 0 2 5 3 2 0 0 3 3 2 0 1 2 1 0 1 0 0 0 1 3 2 1 0 4 6 5 2 5 4 2 0 1 2 2 2 0
18 73785 0 2 4 4 2 1 0 0 2 5 3 2 0 0 3 4 3 0 0 2 3 0 0 1 0 0 1 3 2 1 0 4 6 5 1 5 4 1 0 1 1 2 2 1
18 37533 0 2 4 4 2 1 0 0 2 5 3 2 0 0 4 4 3 0 1 2 2 0 1 1 0 0 1 2 2 1 0 3 5 5 2 4 3 2 0 1 2 2 2 0
18 49145 0 2 4 4 2 1 0 0 2 5 3 2 0 1 3 2 1 0 2 3 1 0 1 1 0 0 0 3 3 2 0 3 6 6 2 5 3 2 0 0 1 2 2 0
18 54933 0 2 4 4 2 1 0 0 2 5 3 2 0 1 4 3 2 0 2 3 2 0 1 1 0 0 0 2 3 2 0 2 5 6 2 4 4 1 0 0 1 2 2 0
18 82376 0 2 4 4 2 1 0 0 2 5 4 3 0 0 2 3 4 0 0 1 3 0 0 1 0 0 1 2 1 1 1 5 5 5 2 5 4 1 0 1 1 2 2 1
18 82381 0 2 4 4 2 1 0 0 2 5 4 3 0 0 3 4 5 0 0 1 4 0 0 2 0 0 1 2 1 0 0 4 6 5 1 4 3 1 0 1 1 2 2 1
18 49181 0 2 4 4 2 1 0 0 2 6 4 2 0 0 3 4 3 0 1 2 2 0 1 1 0 0 0 2 2 1 0 3 6 6 2 4 4 1 0 0 1 2 2 0
18 54969 0 2 4 4 2 1 0 0 2 6 4 2 0 0 4 5 4 0 1 2 3 0 1 2 0 0 0 1 2 1 0 2 5 6 2 3 3 1 0 0 1 2 2 0
18 108022 0 2 4 4 3 1 0 0 2 3 4 2 0 0 1 3 2 0 0 2 2 0 0 1 0 0 2 2 3 2 2 4 6 6 2 6 4 1 0 0 0 2 2 0
18 30581 0 2 4 4 3 1 0 0 2 3 4 2 0 0 1 3 2 0 1 3 2 0 1 1 0 0 2 3 3 2 1 2 4 5 1 4 3 2 1 2 2 2 2 1
18 91111 0 2 4 4 3 1 0 0 2 3 4 2 0 1 2 3 2 0 1 2 2 0 0 1 0 0 1 2 3 2 1 3 6 6 2 6 4 1 0 0 0 2 2 1
18 108026 0 2 4 4 3 1 0 0 2 3 4 2 0 1 2 4 3 0 0 2 3 0 0 1 0 0 1 2 3 2 1 3 5 6 2 5 5 0 0 0 0 2 2 0
18 95042 0 2 4 4 3 1 0 0 2 3 4 2 0 2 3 4 3 0 1 2 3 0 0 1 0 0 0 1 3 2 1 2 5 6 2 5 5 0 0 0 0 2 2 1
18 113795 0 2 4 4 3 1 0 0 2 3 5 3 0 0 0 3 4 0 0 1 3 0 0 1 0 0 2 2 2 1 2 4 6 6 2 5 5 0 0 0 0 2 2 0
18 113799 0 2 4 4 3 1 0 0 2 3 5 3 0 1 1 4 5 0 0 1 4 0 0 2 0 0 1 2 2 1 1 3 5 6 2 4 4 0 0 0 0 2 2 0
18 48285 0 2 4 4 3 1 0 0 2 4 5 3 0 0 1 3 3 0 1 3 3 0 1 2 0 0 1 2 2 2 1 3 4 6 1 3 3 1 0 1 1 2 2 1
18 91143 0 2 4 4 3 1 0 0 2 4 5 3 0 0 1 3 4 0 1 1 3 0 0 1 0 0 1 2 2 1 1 3 6 6 2 5 5 0 0 0 0 2 2 1
18 95074 0 2 4 4 3 1 0 0 2 4 5 3 0 1 2 4 5 0 1 1 4 0 0 2 0 0 0 1 2 1 1 2 5 6 2 4 4 0 0 0 0 2 2 1
18 73794 0 2 4 4 3 2 1 0 2 4 3 2 2 1 4 4 1 1 2 5 3 0 2 4 2 0 0 1 2 2 0 1 2 2 1 3 1 1 0 1 1 2 2 1
18 74104 0 2 4 4 3 2 1 0 2 4 3 2 2 1 4 4 1 1 2 5 3 0 2 4 2 0 0 1 2 2 0 1 2 2 2 3 1 1 0 0 1 2 2 0
18 82545 0 2 4 4 3 2 1 0 2 4 4 3 2 1 3 4 3 2 2 4 4 1 1 3 1 0 0 1 1 1 0 1 2 2 2 3 1 1 0 0 1 2 2 0
18 82390 0 2 4 4 3 2 1 0 2 4 4 3 2 1 4 4 3 2 2 4 4 1 1 3 1 0 0 0 1 1 0 1 2 2 1 3 1 1 0 1 1 2 2 1
18 73806 0 2 4 4 3 2 1 0 2 5 4 2 2 0 3 6 3 2 1 4 4 1 1 3 1 0 0 1 1 1 0 1 2 2 1 3 1 1 0 1 1 2 2 1
18 74116 0 2 4 4 3 2 1 0 2 5 4 2 2 0 4 6 3 2 1 4 4 1 1 3 1 0 0 0 1 1 0 1 2 2 2 3 1 1 0 0 1 2 2 0
18 138637 0 2 4 4 4 2 0 0 2 2 4 4 0 0 0 2 4 0 0 2 4 0 0 2 0 0 2 2 2 2 2 4 4 6 2 4 4 0 0 0 0 2 2 0
18 91282 0 2 4 5 3 1 0 0 1 4 4 2 0 0 1 3 2 0 0 2 2 0 0 1 0 0 1 3 3 2 1 4 6 6 2 6 4 1 0 0 0 2 2 1
18 31691 0 2 4 5 3 1 0 0 1 4 4 2 0 0 2 3 2 0 2 3 2 0 1 1 0 0 1 3 3 2 0 2 4 5 2 4 3 2 0 1 2 2 2 0
18 101575 0 2 4 5 3 1 0 0 1 4 4 2 0 0 2 4 3 0 0 2 3 0 0 1 0 0 1 3 3 2 0 3 5 6 2 5 5 0 0 0 0 2 2 1
18 91809 0 2 4 5 3 1 0 0 1 4 4 2 0 1 2 3 2 0 1 2 2 0 0 1 0 0 0 3 3 2 0 3 6 6 2 6 4 1 0 0 0 2 2 0
18 95562 0 2 4 5 3 1 0 0 1 4 4 2 0 1 3 4 3 0 1 2 3 0 0 1 0 0 0 2 3 2 0 2 5 6 2 5 5 0 0 0 0 2 2 0
18 91292 0 2 4 5 3 1 0 0 1 4 5 3 0 0 1 3 4 0 0 1 3 0 0 1 0 0 1 2 2 1 1 4 6 6 2 5 5 0 0 0 0 2 2 1
18 101585 0 2 4 5 3 1 0 0 1 4 5 3 0 0 2 4 5 0 0 1 4 0 0 2 0 0 1 2 2 1 0 3 5 6 2 4 4 0 0 0 0 2 2 1
18 5580 0 2 4 5 3 1 0 0 1 5 5 3 0 0 1 2 3 0 0 0 1 0 0 0 0 0 0 3 3 2 0 4 5 6 2 5 4 3 0 2 2 0 0 0
18 5736 0 2 4 5 3 1 0 0 1 5 5 3 0 0 2 3 3 0 0 1 2 0 0 1 0 0 0 2 2 2 0 4 5 6 1 4 3 3 0 2 2 0 0 0
18 49358 0 2 4 5 3 1 0 0 1 5 5 3 0 0 2 3 3 0 2 3 3 0 1 2 0 0 0 2 2 2 0 2 4 6 2 3 3 1 0 0 1 2 2 0
18 5593 0 2 4 5 3 1 0 0 1 5 5 3 0 0 2 3 4 0 0 0 2 0 0 0 0 0 0 2 2 1 0 4 6 6 1 4 5 2 0 2 2 0 0 0
18 91821 0 2 4 5 3 1 0 0 1 5 5 3 0 0 2 3 4 0 1 1 3 0 0 1 0 0 0 2 2 1 0 3 6 6 2 5 5 0 0 0 0 2 2 0
18 5658 0 2 4 5 3 1 0 0 1 5 5 3 0 0 2 3 4 0 1 1 3 0 0 1 0 0 0 2 3 2 0 2 4 6 1 3 4 2 0 2 2 0 0 0
18 5749 0 2 4 5 3 1 0 0 1 5 5 3 0 0 3 4 4 0 0 1 3 0 0 1 0 0 0 1 1 1 0 4 6 6 0 3 4 2 0 2 2 0 0 0
18 95594 0 2 4 5 3 1 0 0 1 5 5 3 0 0 3 4 5 0 1 1 4 0 0 2 0 0 0 1 2 1 0 2 5 6 2 4 4 0 0 0 0 2 2 0
18 91301 0 2 4 5 4 2 0 0 1 3 4 4 0 0 1 2 4 0 1 2 4 0 0 2 0 0 1 2 2 2 1 3 4 6 2 4 4 0 0 0 0 2 2 1
18 108033 0 2 4 5 4 2 1 0 1 3 4 2 2 1 3 5 2 1 1 4 4 0 1 4 2 0 0 1 2 2 0 1 2 2 2 4 2 0 0 0 0 2 2 0
18 107790 0 2 4 5 4 2 1 0 1 3 4 2 2 1 3 5 2 1 1 4 4 0 1 4 2 0 0 1 2 2 0 1 2 2 2 4 2 0 0 0 0 2 2 1
18 113806 0 2 4 5 4 2 1 0 1 3 5 3 2 1 2 5 4 2 1 3 5 1 0 3 1 0 0 1 1 1 0 1 2 2 2 4 2 0 0 0 0 2 2 0
18 113694 0 2 4 5 4 2 1 0 1 3 5 3 2 1 3 5 4 2 1 3 5 1 0 3 1 0 0 0 1 1 0 1 2 2 2 4 2 0 0 0 0 2 2 1
18 5814 0 2 4 5 4 2 1 0 1 4 5 3 2 0 2 3 2 1 1 3 3 0 2 4 2 0 0 1 2 2 0 2 3 3 0 1 1 2 0 2 2 0 0 0
18 5866 0 2 4 5 4 2 1 0 1 4 5 3 2 0 2 5 4 2 0 2 4 1 1 3 1 0 0 1 1 1 0 2 3 3 0 1 1 2 0 2 2 0 0 0
18 107802 0 2 4 5 4 2 1 0 1 4 5 3 2 0 2 5 4 2 1 3 5 1 0 3 1 0 0 1 1 1 0 1 2 2 2 4 2 0 0 0 0 2 2 1
18 108045 0 2 4 5 4 2 1 0 1 4 5 3 2 0 3 5 4 2 1 3 5 1 0 3 1 0 0 0 1 1 0 1 2 2 2 4 2 0 0 0 0 2 2 0
18 13796 0 2 4 6 4 2 0 0 0 4 4 4 0 0 2 2 4 0 0 0 2 0 0 0 0 0 0 2 2 2 0 4 4 6 2 4 5 2 0 2 2 0 0 0
18 91862 0 2 4 6 4 2 0 0 0 4 4 4 0 0 2 2 4 0 2 2 4 0 0 2 0 0 0 2 2 2 0 2 4 6 2 4 4 0 0 0 0 2 2 0
18 13809 0 2 4 6 4 2 0 0 0 4 4 4 0 0 3 3 5 0 0 0 3 0 0 1 0 0 0 1 1 1 0 4 5 6 1 3 4 2 0 2 2 0 0 0
18 13884 0 2 4 6 4 2 0 0 0 4 4 4 0 0 4 4 6 0 0 0 4 0 0 2 0 0 0 0 0 0 0 4 6 6 0 2 3 2 0 2 2 0 0 0
18 13946 0 2 4 6 5 3 1 0 0 3 4 4 2 0 3 3 4 2 1 2 4 1 1 3 1 0 0 0 1 1 0 2 3 3 0 1 1 2 0 2 2 0 0 0
18 14699 0 2 4 6 6 4 2 0 0 2 4 4 4 0 2 4 4 6 0 2 2 3 2 2 0 0 0 0 0 0 0 2 2 2 0 0 0 2 0 2 2 0 0 0
18 138640 0 2 4 6 6 4 2 0 0 2 4 4 4 0 2 4 4 6 2 4 4 4 0 0 0 0 0 0 0 0 0 0 0 0 2 4 2 0 0 0 0 2 2 0
18 138503 0 2 4 6 6 4 2 0 0 2 4 4 4 0 2 4 4 6 2 4 4 4 0 0 0 0 0 0 0 0 0 0 0 0 2 4 2 0 0 0 0 2 2 1
14 151635 1 0 2 0 2 0 0 0 2 0 4 0 0 0 0 2 0 0 0 0 0 0 0 0 0 0 2 0 4 0 2 2 8 4 2 4 4 0 0 0 2 0 2 0
14 151637 1 0 2 0 2 0 0 0 2 0 4 0 0 0 0 3 0 0 0 1 0 0 0 0 0 0 2 1 3 1 1 2 6 5 2 4 4 1 0 0 1 0 1 0
14 152429 1 0 2 0 2 0 0 0 2 0 4 0 0 0 0 4 0 0 0 2 0 0 1 0 0 0 2 2 2 2 0 2 4 6 2 2 4 2 0 0 1 0 0 0
14 151641 1 0 2 0 2 0 0 0 2 0 4 0 0 1 0 3 0 0 0 1 0 0 0 0 0 0 1 0 3 1 2 2 6 5 2 4 4 1 0 0 1 0 1 0
14 152433 1 0 2 0 2 0 0 0 2 0 4 0 0 1 0 4 0 0 0 2 0 0 0 0 0 0 1 1 2 2 1 2 4 6 2 4 5 0 0 0 0 0 1 0
14 153631 1 0 2 0 2 0 0 0 2 0 4 0 0 2 0 4 0 0 0 2 0 0 1 0 0 0 0 0 2 2 2 2 4 6 2 2 4 2 0 0 1 0 0 0
14 151645 1 0 2 0 2 0 0 0 2 0 4 1 0 1 1 3 2 0 0 1 1 0 0 0 0 0 1 0 2 1 1 2 4 6 2 3 5 1 0 0 0 0 0 0
14 152437 1 0 2 0 2 0 0 0 2 0 4 1 0 1 1 4 2 0 0 2 2 0 0 0 0 0 1 1 1 2 0 2 2 6 2 2 6 0 0 0 0 0 0 0
14 153633 1 0 2 0 2 0 0 0 2 0 4 1 0 2 1 4 2 0 0 2 1 0 1 1 0 0 0 0 1 2 1 2 2 7 2 1 4 1 0 0 0 0 0 0
14 151655 1 0 2 0 2 0 0 0 2 1 4 1 0 0 0 3 2 0 0 1 1 0 0 0 0 0 1 1 2 1 1 2 4 6 2 3 5 1 0 0 0 0 0 0
14 152447 1 0 2 0 2 0 0 0 2 1 4 1 0 0 0 4 2 0 0 2 1 0 1 1 0 0 1 2 1 2 0 2 2 7 2 1 4 1 0 0 0 0 0 0
14 153637 1 0 2 0 2 0 0 0 2 1 4 1 0 1 0 4 2 0 0 2 2 0 0 0 0 0 0 1 1 2 1 2 2 6 2 2 6 0 0 0 0 0 0 0
14 151659 1 0 2 0 2 0 0 0 2 1 4 2 0 0 1 2 4 0 0 0 2 0 0 0 0 0 1 0 2 0 1 2 4 6 2 2 6 0 0 0 0 0 0 0
14 152451 1 0 2 0 2 0 0 0 2 1 4 2 0 0 1 3 4 0 0 1 3 0 0 1 0 0 1 1 1 1 0 2 2 6 2 1 5 0 0 0 0 0 0 0
14 153641 1 0 2 0 2 0 0 0 2 1 4 2 0 1 1 3 4 0 0 1 3 0 0 1 0 0 0 0 1 1 1 2 2 6 2 1 5 0 0 0 0 0 0 0
14 154446 1 0 2 0 2 0 0 0 2 1 4 2 0 1 1 4 4 0 0 2 4 1 0 0 0 0 0 1 0 2 0 2 0 6 2 0 5 0 0 0 0 0 0 0
14 151649 1 0 2 0 2 1 0 0 2 0 3 2 0 1 1 2 2 0 1 1 2 0 0 1 0 0 1 0 2 2 1 1 3 6 2 2 4 1 0 0 0 0 0 0
14 152441 1 0 2 0 2 1 0 0 2 0 3 2 0 1 1 3 3 0 1 1 3 0 0 1 0 0 1 1 1 2 0 1 2 6 2 1 5 0 0 0 0 0 0 0
14 151663 1 0 2 0 2 1 0 0 2 1 3 3 0 0 1 1 4 0 1 0 3 0 0 1 0 0 1 0 2 1 1 1 3 6 2 1 5 0 0 0 0 0 0 0
14 152455 1 0 2 0 2 1 0 0 2 1 3 3 0 0 1 2 5 0 1 0 4 0 0 2 0 0 1 1 1 1 0 1 2 6 2 0 4 0 0 0 0 0 0 0
14 154627 1 0 2 0 2 2 1 0 2 0 2 2 2 2 2 3 2 1 2 2 4 0 1 4 2 0 0 0 0 2 0 0 0 2 2 0 2 0 0 0 0 0 0 0
14 154633 1 0 2 0 2 2 1 0 2 1 2 3 2 1 2 2 4 2 2 1 5 1 0 3 1 0 0 0 0 1 0 0 0 2 2 0 2 0 0 0 0 0 0 0
14 151679 1 0 2 1 2 1 0 0 1 1 3 2 0 0 0 2 2 0 0 1 2 0 0 1 0 0 1 1 2 2 1 2 3 6 2 2 4 1 0 0 0 0 0 0
14 153649 1 0 2 1 2 1 0 0 1 1 3 2 0 1 0 3 3 0 0 1 3 0 0 1 0 0 0 1 1 2 1 2 2 6 2 1 5 0 0 0 0 0 0 0
14 151683 1 0 2 1 2 1 0 0 1 1 3 3 0 0 1 1 4 0 0 0 3 0 0 1 0 0 1 0 2 1 1 2 3 6 2 1 5 0 0 0 0 0 0 0
14 153653 1 0 2 1 2 1 0 0 1 1 3 3 0 1 1 2 5 0 0 0 4 0 0 2 0 0 0 0 1 1 1 2 2 6 2 0 4 0 0 0 0 0 0 0
14 151687 1 0 2 1 2 2 0 0 1 1 2 4 0 0 1 0 4 0 1 0 4 0 0 2 0 0 1 0 2 2 1 1 2 6 2 0 4 0 0 0 0 0 0 0
14 156167 1 0 2 2 2 2 1 0 0 2 2 2 2 0 0 3 2 1 0 2 4 0 1 4 2 0 0 2 0 2 0 2 0 2 2 0 2 0 0 0 0 0 0 0
14 156169 1 0 2 2 2 2 1 0 0 2 2 3 2 0 1 2 4 2 0 1 5 1 0 3 1 0 0 1 0 1 0 2 0 2 2 0 2 0 0 0 0 0 0 0
14 156464 1 0 2 2 2 4 2 0 0 2 0 4 4 0 2 0 4 6 2 0 4 4 0 0 0 0 0 0 0 0 0 0 0 0 2 0 2 0 0 0 0 0 0 0
15 151636 1 0 3 0 2 0 0 0 3 0 4 0 0 0 0 2 0 0 0 0 0 0 0 0 0 0 3 0 4 0 3 3 8 4 3 4 4 0 0 0 2 0 2 1
15 151638 1 0 3 0 2 0 0 0 3 0 4 0 0 0 0 3 0 0 0 1 0 0 0 0 0 0 3 1 3 1 2 3 6 5 3 4 4 1 0 0 1 0 1 1
15 151642 1 0 3 0 2 0 0 0 3 0 4 0 0 1 0 3 0 0 0 1 0 0 0 0 0 0 2 0 3 1 3 3 6 5 3 4 4 1 0 0 1 0 1 1
15 152211 1 0 3 0 2 0 0 0 3 0 4 0 0 1 0 3 0 0 0 1 0 0 0 0 0 0 2 1 3 1 2 3 6 5 3 4 4 1 0 0 1 0 1 1
15 152782 1 0 3 0 2 0 0 0 3 0 4 0 0 1 0 4 0 0 0 2 0 0 0 0 0 0 2 2 2 2 1 3 4 6 3 4 5 0 0 0 0 0 1 1
15 152430 1 0 3 0 2 0 0 0 3 0 4 0 0 1 0 4 0 0 0 2 0 0 1 0 0 0 2 2 2 2 1 3 4 6 3 2 4 2 0 0 1 0 0 1
15 152434 1 0 3 0 2 0 0 0 3 0 4 0 0 2 0 4 0 0 0 2 0 0 0 0 0 0 1 1 2 2 2 3 4 6 3 4 5 0 0 0 0 0 1 1
15 152822 1 0 3 0 2 0 0 0 3 0 4 0 0 2 0 4 0 0 0 2 0 0 1 0 0 0 1 1 2 2 2 3 4 6 3 2 4 2 0 0 1 0 0 1
15 151646 1 0 3 0 2 0 0 0 3 0 4 1 0 1 1 3 2 0 0 1 1 0 0 0 0 0 2 0 2 1 2 3 4 6 3 3 5 1 0 0 0 0 0 1
15 153634 1 0 3 0 2 0 0 0 3 0 4 1 0 2 1 4 2 0 0 2 1 0 1 1 0 0 1 1 1 2 1 3 2 7 3 1 4 1 0 0 0 0 0 1
15 152438 1 0 3 0 2 0 0 0 3 0 4 1 0 2 1 4 2 0 0 2 2 0 0 0 0 0 1 1 1 2 1 3 2 6 3 2 6 0 0 0 0 0 0 1
15 151656 1 0 3 0 2 0 0 0 3 1 4 1 0 0 0 3 2 0 0 1 1 0 0 0 0 0 2 1 2 1 2 3 4 6 3 3 5 1 0 0 0 0 0 1
15 152448 1 0 3 0 2 0 0 0 3 1 4 1 0 1 0 4 2 0 0 2 1 0 1 1 0 0 1 2 1 2 1 3 2 7 3 1 4 1 0 0 0 0 0 1
15 153638 1 0 3 0 2 0 0 0 3 1 4 1 0 1 0 4 2 0 0 2 2 0 0 0 0 0 1 2 1 2 1 3 2 6 3 2 6 0 0 0 0 0 0 1
15 152217 1 0 3 0 2 0 0 0 3 1 4 1 0 1 1 3 2 0 0 1 1 0 0 0 0 0 1 1 2 1 1 3 4 6 3 3 5 1 0 0 0 0 0 1
15 152796 1 0 3 0 2 0 0 0 3 1 4 1 0 1 1 4 2 0 0 2 1 0 1 1 0 0 1 2 1 2 0 3 2 7 3 1 4 1 0 0 0 0 0 1
15 152786 1 0 3 0 2 0 0 0 3 1 4 1 0 1 1 4 2 0 0 2 2 0 0 0 0 0 1 2 1 2 0 3 2 6 3 2 6 0 0 0 0 0 0 1
15 152839 1 0 3 0 2 0 0 0 3 1 4 1 0 2 1 4 2 0 0 2 1 0 1 1 0 0 0 1 1 2 1 3 2 7 3 1 4 1 0 0 0 0 0 1
15 152829 1 0 3 0 2 0 0 0 3 1 4 1 0 2 1 4 2 0 0 2 2 0 0 0 0 0 0 1 1 2 1 3 2 6 3 2 6 0 0 0 0 0 0 1
15 151660 1 0 3 0 2 0 0 0 3 1 4 2 0 0 1 2 4 0 0 0 2 0 0 0 0 0 2 0 2 0 2 3 4 6 3 2 6 0 0 0 0 0 0 1
15 152452 1 0 3 0 2 0 0 0 3 1 4 2 0 1 1 3 4 0 0 1 3 0 0 1 0 0 1 1 1 1 1 3 2 6 3 1 5 0 0 0 0 0 0 1
15 154516 1 0 3 0 2 0 0 0 3 1 4 2 0 2 2 4 4 0 0 2 4 1 0 0 0 0 0 1 0 2 0 3 0 6 3 0 5 0 0 0 0 0 0 1
15 152229 1 0 3 0 2 0 0 0 3 2 4 2 0 0 2 2 4 0 0 0 2 0 0 0 0 0 1 0 2 0 1 3 4 6 3 2 6 0 0 0 0 0 0 1
15 152800 1 0 3 0 2 0 0 0 3 2 4 2 0 0 2 3 4 0 0 1 3 0 0 1 0 0 1 1 1 1 0 3 2 6 3 1 5 0 0 0 0 0 0 1
15 154447 1 0 3 0 2 0 0 0 3 2 4 2 0 1 1 4 4 0 0 2 4 1 0 0 0 0 0 2 0 2 0 3 0 6 3 0 5 0 0 0 0 0 0 1
15 152843 1 0 3 0 2 0 0 0 3 2 4 2 0 1 2 3 4 0 0 1 3 0 0 1 0 0 0 0 1 1 1 3 2 6 3 1 5 0 0 0 0 0 0 1
15 151650 1 0 3 0 2 1 0 0 3 0 3 2 0 1 1 2 2 0 1 1 2 0 0 1 0 0 2 0 2 2 2 2 3 6 3 2 4 1 0 0 0 0 0 1
15 152442 1 0 3 0 2 1 0 0 3 0 3 2 0 2 1 3 3 0 1 1 3 0 0 1 0 0 1 1 1 2 1 2 2 6 3 1 5 0 0 0 0 0 0 1
15 151664 1 0 3 0 2 1 0 0 3 1 3 3 0 0 1 1 4 0 1 0 3 0 0 1 0 0 2 0 2 1 2 2 3 6 3 1 5 0 0 0 0 0 0 1
15 152456 1 0 3 0 2 1 0 0 3 1 3 3 0 1 1 2 5 0 1 0 4 0 0 2 0 0 1 1 1 1 1 2 2 6 3 0 4 0 0 0 0 0 0 1
15 151680 1 0 3 1 2 1 0 0 2 1 3 2 0 0 0 2 2 0 0 1 2 0 0 1 0 0 2 1 2 2 2 3 3 6 3 2 4 1 0 0 0 0 0 1
15 153650 1 0 3 1 2 1 0 0 2 1 3 2 0 1 0 3 3 0 0 1 3 0 0 1 0 0 1 2 1 2 1 3 2 6 3 1 5 0 0 0 0 0 0 1
15 152221 1 0 3 1 2 1 0 0 2 1 3 2 0 1 1 2 2 0 1 1 2 0 0 1 0 0 1 1 2 2 1 2 3 6 3 2 4 1 0 0 0 0 0 1
15 152790 1 0 3 1 2 1 0 0 2 1 3 2 0 1 1 3 3 0 1 1 3 0 0 1 0 0 1 2 1 2 0 2 2 6 3 1 5 0 0 0 0 0 0 1
15 152833 1 0 3 1 2 1 0 0 2 1 3 2 0 2 1 3 3 0 1 1 3 0 0 1 0 0 0 1 1 2 1 2 2 6 3 1 5 0 0 0 0 0 0 1
15 151684 1 0 3 1 2 1 0 0 2 1 3 3 0 0 1 1 4 0 0 0 3 0 0 1 0 0 2 0 2 1 2 3 3 6 3 1 5 0 0 0 0 0 0 1
15 153654 1 0 3 1 2 1 0 0 2 1 3 3 0 1 1 2 5 0 0 0 4 0 0 2 0 0 1 1 1 1 1 3 2 6 3 0 4 0 0 0 0 0 0 1
15 152233 1 0 3 1 2 1 0 0 2 2 3 3 0 0 2 1 4 0 1 0 3 0 0 1 0 0 1 0 2 1 1 2 3 6 3 1 5 0 0 0 0 0 0 1
15 152804 1 0 3 1 2 1 0 0 2 2 3 3 0 0 2 2 5 0 1 0 4 0 0 2 0 0 1 1 1 1 0 2 2 6 3 0 4 0 0 0 0 0 0 1
15 152847 1 0 3 1 2 1 0 0 2 2 3 3 0 1 2 2 5 0 1 0 4 0 0 2 0 0 0 0 1 1 1 2 2 6 3 0 4 0 0 0 0 0 0 1
15 151688 1 0 3 1 2 2 0 0 2 1 2 4 0 0 1 0 4 0 1 0 4 0 0 2 0 0 2 0 2 2 2 2 2 6 3 0 4 0 0 0 0 0 0 1
15 154628 1 0 3 1 2 2 1 0 2 1 2 2 2 2 2 3 2 1 2 2 4 0 1 4 2 0 0 1 0 2 0 1 0 2 3 0 2 0 0 0 0 0 0 1
15 154634 1 0 3 1 2 2 1 0 2 2 2 3 2 1 2 2 4 2 2 1 5 1 0 3 1 0 0 1 0 1 0 1 0 2 3 0 2 0 0 0 0 0 0 1
15 154803 1 0 3 1 2 2 1 0 2 2 2 3 2 1 3 2 4 2 2 1 5 1 0 3 1 0 0 0 0 1 0 1 0 2 3 0 2 0 0 0 0 0 0 1
15 152252 1 0 3 2 2 2 0 0 1 2 2 4 0 0 2 0 4 0 2 0 4 0 0 2 0 0 1 0 2 2 1 1 2 6 3 0 4 0 0 0 0 0 0 1
15 154819 1 0 3 2 2 2 1 0 1 2 2 2 2 1 1 3 2 1 1 2 4 0 1 4 2 0 0 2 0 2 0 2 0 2 3 0 2 0 0 0 0 0 0 1
15 155623 1 0 3 2 2 2 1 0 1 2 2 3 2 1 2 2 4 2 1 1 5 1 0 3 1 0 0 1 0 1 0 2 0 2 3 0 2 0 0 0 0 0 0 1
15 154825 1 0 3 2 2 2 1 0 1 3 2 3 2 0 2 2 4 2 1 1 5 1 0 3 1 0 0 1 0 1 0 2 0 2 3 0 2 0 0 0 0 0 0 1
15 156465 1 0 3 3 2 4 2 0 0 3 0 4 4 0 3 0 4 6 3 0 4 4 0 0 0 0 0 0 0 0 0 0 0 0 3 0 2 0 0 0 0 0 0 1
16 29203 1 1 1 2 0 0 0 1 1 4 0 0 0 0 2 0 0 0 0 0 0 0 0 0 0 1 2 4 2 0 2 7 4 2 3 2 2 0 1 5 4 5 4 1
16 35970 1 1 1 2 0 0 0 1 1 4 0 0 0 0 3 0 0 0 1 0 0 0 0 0 0 1 2 4 2 1 1 6 3 3 4 2 2 1 1 4 3 5 3 1
16 29223 1 1 1 2 0 0 0 1 1 4 0 0 0 1 3 0 0 0 1 0 0 0 0 0 0 1 1 3 2 1 2 6 3 3 4 2 2 1 1 4 3 5 3 1
16 35989 1 1 1 2 0 0 0 1 1 4 0 0 0 1 4 0 0 0 2 0 0 0 0 0 0 1 1 3 2 2 1 5 2 4 5 2 3 0 1 3 2 5 3 1
16 29205 1 1 1 2 0 0 0 1 1 4 1 0 0 0 2 1 0 0 0 0 0 0 0 0 0 1 2 3 2 0 2 7 6 2 3 4 2 0 0 3 4 3 5 0
16 29211 1 1 1 2 0 0 0 1 1 4 1 0 0 0 2 2 0 0 0 1 0 0 0 0 0 1 2 4 2 0 1 6 6 2 2 5 2 1 0 3 4 2 4 0
16 35971 1 1 1 2 0 0 0 1 1 4 1 0 0 0 3 1 0 0 1 1 0 0 0 0 0 1 2 3 2 1 1 6 4 3 3 4 2 1 0 3 3 3 4 0
16 35977 1 1 1 2 0 0 0 1 1 4 1 0 0 0 3 2 0 0 1 2 0 0 1 0 0 1 2 4 2 1 0 5 4 3 2 3 2 2 0 3 4 2 3 0
16 29225 1 1 1 2 0 0 0 1 1 4 1 0 0 1 3 1 0 0 1 0 0 0 0 0 0 1 1 2 2 1 2 6 5 3 4 4 2 1 0 2 3 3 4 0
16 35991 1 1 1 2 0 0 0 1 1 4 1 0 0 1 4 1 0 0 2 1 0 0 0 0 0 1 1 2 2 2 1 5 3 4 4 4 3 0 0 2 2 3 4 0
16 29239 1 1 1 2 0 0 0 1 1 4 1 1 0 1 4 2 1 0 1 1 0 0 0 0 0 1 1 2 1 1 1 5 4 4 3 5 3 1 0 2 2 2 3 0
16 36005 1 1 1 2 0 0 0 1 1 4 1 1 0 1 5 2 1 0 2 2 1 0 0 0 0 1 1 2 1 2 0 4 2 4 3 4 4 0 0 2 2 2 3 0
16 29263 1 1 1 2 0 0 0 1 1 5 2 0 0 0 2 3 1 0 0 1 1 0 0 0 0 1 1 3 2 0 1 5 6 3 2 4 3 1 0 2 3 2 3 0
16 36029 1 1 1 2 0 0 0 1 1 5 2 0 0 0 3 3 1 0 1 2 1 0 1 1 0 1 1 3 2 1 0 4 4 4 2 2 2 1 0 2 3 2 3 0
16 29275 1 1 1 2 0 0 0 1 1 5 2 1 0 0 3 3 2 0 0 1 1 0 0 0 0 1 1 2 1 0 1 5 5 4 2 4 4 0 0 2 2 2 3 0
16 36041 1 1 1 2 0 0 0 1 1 5 2 1 0 0 4 3 2 0 1 2 2 0 0 1 0 1 1 2 1 1 0 4 3 4 2 3 3 0 0 2 2 2 3 0
16 46950 1 1 1 2 0 0 0 1 2 4 1 0 0 0 2 1 0 0 0 0 0 0 0 0 0 0 2 3 2 0 2 6 6 2 3 4 2 0 1 3 4 3 5 0
16 53483 1 1 1 2 0 0 0 1 2 4 1 0 0 0 3 1 0 0 1 0 0 0 0 0 0 0 2 3 2 1 1 5 5 3 4 4 2 1 1 2 3 3 4 0
16 62721 1 1 1 2 0 0 0 1 2 4 1 0 0 1 2 2 0 0 0 1 0 0 0 0 0 0 1 3 2 0 2 5 6 2 2 5 2 1 1 3 4 2 4 0
16 46969 1 1 1 2 0 0 0 1 2 4 1 0 0 1 3 1 0 0 1 1 0 0 0 0 0 0 1 2 2 1 2 5 4 3 3 4 2 1 1 3 3 3 4 0
16 53501 1 1 1 2 0 0 0 1 2 4 1 0 0 1 4 1 0 0 2 1 0 0 0 0 0 0 1 2 2 2 1 4 3 4 4 4 3 0 1 2 2 3 4 0
16 62739 1 1 1 2 0 0 0 1 2 4 1 0 0 2 3 2 0 0 1 2 0 0 1 0 0 0 0 2 2 1 2 4 4 3 2 3 2 2 1 3 4 2 3 0
16 46951 1 1 1 2 0 0 0 1 2 4 2 0 0 0 2 2 0 0 0 0 0 0 0 0 0 0 2 2 2 0 2 6 8 2 3 6 3 0 0 1 4 1 4 0
16 46957 1 1 1 2 0 0 0 1 2 4 2 0 0 0 2 3 0 0 0 1 0 0 0 0 0 0 2 3 2 0 1 5 8 3 2 6 3 1 0 1 3 1 3 0
16 53484 1 1 1 2 0 0 0 1 2 4 2 0 0 0 3 2 0 0 1 1 0 0 0 0 0 0 2 2 2 1 1 5 6 3 3 6 3 1 0 1 3 1 3 0
16 53489 1 1 1 2 0 0 0 1 2 4 2 0 0 0 3 3 0 0 1 2 0 0 1 0 0 0 2 3 2 1 0 4 6 4 2 4 3 2 0 1 3 1 2 0
16 62722 1 1 1 2 0 0 0 1 2 4 2 0 0 1 2 3 0 0 0 1 0 0 0 0 0 0 1 2 2 0 2 5 8 3 2 6 3 1 0 1 3 1 3 0
16 62727 1 1 1 2 0 0 0 1 2 4 2 0 0 1 2 4 0 0 0 2 0 0 0 0 0 0 1 3 2 0 1 4 8 4 1 6 4 0 0 1 2 1 3 0
16 46970 1 1 1 2 0 0 0 1 2 4 2 0 0 1 3 2 0 0 1 1 0 0 0 0 0 0 1 1 2 1 2 5 6 3 3 6 3 1 0 1 3 1 3 0
16 70936 1 1 1 2 0 0 0 1 2 4 2 0 0 1 3 3 1 0 0 1 1 0 0 0 0 0 1 2 2 0 1 4 6 3 2 4 3 1 1 2 3 2 3 0
16 53502 1 1 1 2 0 0 0 1 2 4 2 0 0 1 4 2 0 0 2 2 0 0 0 0 0 0 1 1 2 2 1 4 4 4 3 6 4 0 0 1 2 1 3 0
16 62740 1 1 1 2 0 0 0 1 2 4 2 0 0 2 3 3 0 0 1 2 0 0 1 0 0 0 0 1 2 1 2 4 6 4 2 4 3 2 0 1 3 1 2 0
16 70952 1 1 1 2 0 0 0 1 2 4 2 0 0 2 4 3 1 0 1 2 1 0 1 1 0 0 0 1 2 1 1 3 4 4 2 2 2 1 1 2 3 2 3 0
16 46983 1 1 1 2 0 0 0 1 2 4 2 1 0 1 4 3 1 0 1 2 1 0 0 0 0 0 1 1 1 1 1 4 5 4 2 5 4 1 0 1 2 1 2 0
16 53515 1 1 1 2 0 0 0 1 2 4 2 1 0 1 5 3 1 0 2 3 2 0 0 0 0 0 1 1 1 2 0 3 3 4 2 4 5 0 0 1 2 1 2 0
16 62751 1 1 1 2 0 0 0 1 2 4 2 1 0 2 4 4 1 0 1 3 1 0 1 1 0 0 0 1 1 1 1 3 5 5 1 3 3 1 0 1 2 1 2 0
16 70937 1 1 1 2 0 0 0 1 2 4 3 0 0 1 3 4 2 0 0 1 1 0 0 0 0 0 1 1 2 0 1 4 6 4 2 5 4 1 0 1 2 1 2 0
16 70942 1 1 1 2 0 0 0 1 2 4 3 0 0 1 3 5 2 0 0 2 2 0 0 0 0 0 1 2 2 0 0 3 6 4 1 4 5 0 0 1 2 1 2 0
16 70953 1 1 1 2 0 0 0 1 2 4 3 0 0 2 4 4 2 0 1 2 1 0 1 1 0 0 0 0 2 1 1 3 4 5 2 3 3 1 0 1 2 1 2 0
16 77983 1 1 1 2 0 0 0 1 2 5 1 1 0 0 3 2 1 0 1 1 0 0 0 0 0 0 1 3 1 1 1 4 4 4 3 5 3 1 1 2 2 2 3 0
16 77999 1 1 1 2 0 0 0 1 2 5 1 1 0 1 4 2 1 0 2 2 1 0 0 0 0 0 0 2 1 2 1 3 2 4 3 4 4 0 1 2 2 2 3 0
16 77984 1 1 1 2 0 0 0 1 2 5 2 1 0 0 3 3 1 0 1 2 1 0 0 0 0 0 1 2 1 1 1 4 5 4 2 5 4 1 0 1 2 1 2 0
16 80433 1 1 1 2 0 0 0 1 2 5 2 1 0 0 3 3 2 0 0 1 1 0 0 0 0 0 1 2 1 0 1 4 5 4 2 4 4 0 1 2 2 2 3 0
16 77989 1 1 1 2 0 0 0 1 2 5 2 1 0 0 3 4 1 0 1 3 1 0 1 1 0 0 1 3 1 1 0 3 5 5 1 3 3 1 0 1 2 1 2 0
16 78000 1 1 1 2 0 0 0 1 2 5 2 1 0 1 4 3 1 0 2 3 2 0 0 0 0 0 0 1 1 2 1 3 3 4 2 4 5 0 0 1 2 1 2 0
16 80449 1 1 1 2 0 0 0 1 2 5 2 1 0 1 4 3 2 0 1 2 2 0 0 1 0 0 0 1 1 1 1 3 3 4 2 3 3 0 1 2 2 2 3 0
16 78011 1 1 1 2 0 0 0 1 2 5 2 2 0 1 5 4 2 0 2 4 4 1 0 0 0 0 0 1 0 2 0 2 2 4 1 2 4 0 0 1 2 1 2 0
16 47007 1 1 1 2 0 0 0 1 2 5 3 0 0 0 2 4 2 0 0 1 1 0 0 0 0 0 1 2 2 0 1 4 6 4 2 5 4 1 0 1 2 1 2 0
16 53539 1 1 1 2 0 0 0 1 2 5 3 0 0 0 3 4 2 0 1 2 1 0 1 1 0 0 1 2 2 1 0 3 4 5 2 3 3 1 0 1 2 1 2 0
16 62763 1 1 1 2 0 0 0 1 2 5 3 0 0 1 2 5 2 0 0 2 2 0 0 0 0 0 0 2 2 0 1 3 6 4 1 4 5 0 0 1 2 1 2 0
16 47019 1 1 1 2 0 0 0 1 2 5 3 1 0 0 3 4 3 0 0 1 2 0 0 0 0 0 1 1 1 0 1 4 5 4 2 4 5 0 0 1 2 1 2 0
16 80439 1 1 1 2 0 0 0 1 2 5 3 1 0 0 3 5 3 0 0 2 3 0 0 1 0 0 1 2 1 0 0 3 5 4 1 3 4 0 0 1 2 1 2 0
16 53551 1 1 1 2 0 0 0 1 2 5 3 1 0 0 4 4 3 0 1 2 3 0 0 1 0 0 1 1 1 1 0 3 3 4 2 3 4 0 0 1 2 1 2 0
16 62775 1 1 1 2 0 0 0 1 2 5 3 1 0 1 3 5 3 0 0 2 3 0 0 1 0 0 0 1 1 0 1 3 5 4 1 3 4 0 0 1 2 1 2 0
16 80450 1 1 1 2 0 0 0 1 2 5 3 1 0 1 4 4 3 0 1 2 3 0 0 1 0 0 0 0 1 1 1 3 3 4 2 3 4 0 0 1 2 1 2 0
16 70964 1 1 1 2 0 0 0 1 2 5 4 0 0 1 3 6 4 0 0 2 4 1 0 0 0 0 0 1 2 0 0 2 4 4 1 2 4 0 0 1 2 1 2 0
16 29207 1 1 1 2 1 0 0 1 1 3 2 0 0 0 1 1 0 0 0 0 0 0 0 0 0 1 2 3 3 0 2 6 7 2 3 5 2 1 0 2 4 2 4 0
16 29213 1 1 1 2 1 0 0 1 1 3 2 0 0 0 1 2 0 0 0 1 0 0 0 0 0 1 2 4 3 0 1 5 7 2 2 6 2 2 0 2 4 1 3 0
16 35973 1 1 1 2 1 0 0 1 1 3 2 0 0 0 2 2 0 0 0 1 0 0 0 0 0 1 2 3 2 1 1 6 5 3 3 5 2 2 0 2 3 2 3 0
16 35979 1 1 1 2 1 0 0 1 1 3 2 0 0 0 2 3 0 0 0 2 0 0 1 0 0 1 2 4 2 1 0 5 5 3 2 4 2 3 0 2 4 1 2 0
16 29227 1 1 1 2 1 0 0 1 1 3 2 0 0 1 2 1 0 0 1 0 0 0 0 0 0 1 1 2 3 1 2 5 6 3 4 5 2 2 0 1 3 2 3 0
16 35993 1 1 1 2 1 0 0 1 1 3 2 0 0 1 3 2 0 0 1 1 0 0 0 0 0 1 1 2 2 2 1 5 4 4 4 5 3 1 0 1 2 2 3 0
16 29241 1 1 1 2 1 0 0 1 1 3 2 1 0 1 3 2 1 0 1 1 0 0 0 0 0 1 1 2 2 1 1 4 5 4 3 6 3 2 0 1 2 1 2 0
16 36007 1 1 1 2 1 0 0 1 1 3 2 1 0 1 4 3 1 0 1 2 1 0 0 0 0 1 1 2 1 2 0 4 3 4 3 5 4 1 0 1 2 1 2 0
16 29265 1 1 1 2 1 0 0 1 1 4 3 0 0 0 1 3 1 0 0 1 1 0 0 0 0 1 1 3 3 0 1 4 7 3 2 5 3 2 0 1 3 1 2 0
16 36031 1 1 1 2 1 0 0 1 1 4 3 0 0 0 2 4 1 0 0 2 1 0 1 1 0 1 1 3 2 1 0 4 5 4 2 3 2 2 0 1 3 1 2 0
16 29277 1 1 1 2 1 0 0 1 1 4 3 1 0 0 2 3 2 0 0 1 1 0 0 0 0 1 1 2 2 0 1 4 6 4 2 5 4 1 0 1 2 1 2 0
16 36043 1 1 1 2 1 0 0 1 1 4 3 1 0 0 3 4 2 0 0 2 2 0 0 1 0 1 1 2 1 1 0 4 4 4 2 4 3 1 0 1 2 1 2 0
16 46953 1 1 1 2 1 0 0 1 2 3 3 0 0 0 1 2 0 0 0 0 0 0 0 0 0 0 2 2 3 0 2 5 9 3 3 6 3 1 0 0 3 1 3 0
16 46959 1 1 1 2 1 0 0 1 2 3 3 0 0 0 1 3 0 0 0 1 0 0 0 0 0 0 2 3 3 0 1 4 9 4 2 6 3 2 0 0 2 1 2 0
16 53485 1 1 1 2 1 0 0 1 2 3 3 0 0 0 2 3 0 0 0 1 0 0 0 0 0 0 2 2 2 1 1 5 7 4 3 6 3 2 0 0 2 1 2 0
16 53491 1 1 1 2 1 0 0 1 2 3 3 0 0 0 2 4 0 0 0 2 0 0 1 0 0 0 2 3 2 1 0 4 7 5 2 4 3 3 0 0 2 1 1 0
16 62723 1 1 1 2 1 0 0 1 2 3 3 0 0 1 1 3 0 0 0 1 0 0 0 0 0 0 1 2 3 1 2 4 7 4 3 6 3 2 0 0 2 1 2 0
16 62729 1 1 1 2 1 0 0 1 2 3 3 0 0 1 1 4 0 0 0 2 0 0 0 0 0 0 1 3 3 1 1 3 7 5 2 6 4 1 0 0 1 1 2 0
16 46972 1 1 1 2 1 0 0 1 2 3 3 0 0 1 2 2 0 0 1 1 0 0 0 0 0 0 1 1 3 1 2 4 7 4 3 6 3 2 0 0 2 1 2 0
16 73465 1 1 1 2 1 0 0 1 2 3 3 0 0 1 2 3 1 0 1 1 2 0 0 1 0 0 1 2 3 1 1 2 5 3 2 3 2 1 1 2 3 2 3 0
16 53504 1 1 1 2 1 0 0 1 2 3 3 0 0 1 3 3 0 0 1 2 0 0 0 0 0 0 1 1 2 2 1 4 5 5 3 6 4 1 0 0 1 1 2 0
16 62741 1 1 1 2 1 0 0 1 2 3 3 0 0 2 2 3 0 0 1 2 0 0 1 0 0 0 0 1 3 2 2 3 5 5 3 4 3 3 0 0 2 1 1 0
16 46985 1 1 1 2 1 0 0 1 2 3 3 1 0 1 3 3 1 0 1 2 1 0 0 0 0 0 1 1 2 1 1 3 6 5 2 5 4 2 0 0 1 1 1 0
16 53517 1 1 1 2 1 0 0 1 2 3 3 1 0 1 4 4 1 0 1 3 2 0 0 0 0 0 1 1 1 2 0 3 4 5 2 4 5 1 0 0 1 1 1 0
16 62753 1 1 1 2 1 0 0 1 2 3 3 1 0 2 3 4 1 0 1 3 1 0 1 1 0 0 0 1 2 2 1 2 4 6 2 3 3 2 0 0 1 1 1 0
16 70938 1 1 1 2 1 0 0 1 2 3 4 1 0 1 2 3 2 0 0 1 1 0 0 0 0 0 1 1 2 1 1 4 5 5 3 5 4 2 0 0 1 1 1 0
16 73466 1 1 1 2 1 0 0 1 2 3 4 1 0 1 2 3 2 0 1 1 2 0 0 1 0 0 1 1 2 1 1 3 5 4 2 4 3 1 0 1 2 1 2 0
16 70943 1 1 1 2 1 0 0 1 2 3 4 1 0 1 2 4 2 0 0 2 2 0 0 0 0 0 1 2 2 1 0 3 5 5 2 4 5 1 0 0 1 1 1 0
16 73471 1 1 1 2 1 0 0 1 2 3 4 1 0 1 2 4 3 0 1 1 3 0 0 1 0 0 1 2 2 0 0 2 6 4 1 3 4 0 0 1 2 1 2 0
16 70954 1 1 1 2 1 0 0 1 2 3 4 1 0 2 3 3 2 0 1 2 1 0 1 1 0 0 0 0 2 2 1 3 3 6 3 3 3 2 0 0 1 1 1 0
16 82217 1 1 1 2 1 0 0 1 2 4 3 1 0 0 2 3 2 0 1 1 2 0 0 1 0 0 1 2 2 1 1 2 4 4 2 3 3 0 1 2 2 2 3 0
16 77985 1 1 1 2 1 0 0 1 2 4 3 1 0 0 2 4 2 0 0 1 1 0 0 0 0 0 1 2 1 1 1 4 5 5 3 5 4 2 0 0 1 1 1 0
16 77990 1 1 1 2 1 0 0 1 2 4 3 1 0 0 2 5 2 0 0 2 1 0 1 1 0 0 1 3 1 1 0 3 5 6 2 3 3 2 0 0 1 1 1 0
16 78001 1 1 1 2 1 0 0 1 2 4 3 1 0 1 3 4 2 0 1 2 2 0 0 0 0 0 0 1 1 2 1 3 3 5 3 4 5 1 0 0 1 1 1 0
16 78013 1 1 1 2 1 0 0 1 2 4 3 2 0 1 4 5 3 0 1 3 4 1 0 0 0 0 0 1 0 2 0 2 2 5 2 2 4 1 0 0 1 1 1 0
16 47009 1 1 1 2 1 0 0 1 2 4 4 0 0 0 1 4 2 0 0 1 1 0 0 0 0 0 1 2 3 0 1 3 7 5 2 5 4 2 0 0 1 1 1 0
16 53541 1 1 1 2 1 0 0 1 2 4 4 0 0 0 2 5 2 0 0 2 1 0 1 1 0 0 1 2 2 1 0 3 5 6 2 3 3 2 0 0 1 1 1 0
16 62765 1 1 1 2 1 0 0 1 2 4 4 0 0 1 1 5 2 0 0 2 2 0 0 0 0 0 0 2 3 1 1 2 5 5 2 4 5 1 0 0 1 1 1 0
16 47021 1 1 1 2 1 0 0 1 2 4 4 1 0 0 2 4 3 0 0 1 2 0 0 0 0 0 1 1 2 0 1 3 6 5 2 4 5 1 0 0 1 1 1 0
16 53553 1 1 1 2 1 0 0 1 2 4 4 1 0 0 3 5 3 0 0 2 3 0 0 1 0 0 1 1 1 1 0 3 4 5 2 3 4 1 0 0 1 1 1 0
16 62777 1 1 1 2 1 0 0 1 2 4 4 1 0 1 2 5 3 0 0 2 3 0 0 1 0 0 0 1 2 1 1 2 4 5 2 3 4 1 0 0 1 1 1 0
16 82218 1 1 1 2 1 0 0 1 2 4 4 2 0 0 2 3 3 0 1 1 3 0 0 1 0 0 1 1 1 1 1 3 4 4 2 3 4 0 0 1 2 1 2 0
16 80435 1 1 1 2 1 0 0 1 2 4 4 2 0 0 2 3 4 0 0 0 2 0 0 0 0 0 1 1 1 0 1 4 5 5 3 4 5 1 0 0 1 1 1 0
16 80440 1 1 1 2 1 0 0 1 2 4 4 2 0 0 2 4 4 0 0 1 3 0 0 1 0 0 1 2 1 0 0 3 5 5 2 3 4 1 0 0 1 1 1 0
16 82223 1 1 1 2 1 0 0 1 2 4 4 2 0 0 2 4 4 0 1 1 4 0 0 2 0 0 1 2 1 0 0 2 5 4 1 2 3 0 0 1 2 1 2 0
16 80451 1 1 1 2 1 0 0 1 2 4 4 2 0 1 3 3 4 0 1 1 3 0 0 1 0 0 0 0 1 1 1 3 3 5 3 3 4 1 0 0 1 1 1 0
16 70966 1 1 1 2 1 0 0 1 2 4 5 1 0 1 2 5 4 0 0 2 4 1 0 0 0 0 0 1 2 1 0 2 3 5 2 2 4 1 0 0 1 1 1 0
16 29251 1 1 1 2 1 1 0 1 1 3 1 2 0 1 3 1 1 0 2 2 0 0 1 0 0 1 1 2 2 2 1 3 3 5 3 4 3 3 0 1 2 1 1 0
16 36017 1 1 1 2 1 1 0 1 1 3 1 2 0 1 4 2 2 0 2 2 1 0 1 0 0 1 1 2 1 2 0 3 2 5 3 3 4 2 0 1 2 1 1 0
16 29287 1 1 1 2 1 1 0 1 1 4 2 2 0 0 2 2 2 0 1 2 1 0 1 0 0 1 1 2 2 1 1 3 4 5 2 3 4 2 0 1 2 1 1 0
16 36053 1 1 1 2 1 1 0 1 1 4 2 2 0 0 3 3 3 0 1 2 2 0 1 1 0 1 1 2 1 1 0 3 3 5 2 2 3 2 0 1 2 1 1 0
16 46995 1 1 1 2 1 1 0 1 2 3 2 2 0 1 3 2 1 0 2 3 1 0 1 1 0 0 1 1 2 2 1 2 4 6 2 3 3 2 0 0 1 1 1 0
16 53527 1 1 1 2 1 1 0 1 2 3 2 2 0 1 4 3 2 0 2 3 2 0 1 1 0 0 1 1 1 2 0 2 3 6 2 2 4 1 0 0 1 1 1 0
16 47031 1 1 1 2 1 1 0 1 2 4 3 2 0 0 2 3 3 0 1 2 2 0 1 1 0 0 1 1 2 1 1 2 4 6 2 2 4 1 0 0 1 1 1 0
16 53563 1 1 1 2 1 1 0 1 2 4 3 2 0 0 3 4 4 0 1 2 3 0 1 2 0 0 1 1 1 1 0 2 3 6 2 1 3 1 0 0 1 1 1 0
16 73467 1 1 1 2 2 1 0 1 2 2 3 2 0 1 2 2 2 0 1 1 2 0 0 1 0 0 1 1 2 2 1 3 4 5 3 4 3 2 0 0 1 1 1 0
16 73472 1 1 1 2 2 1 0 1 2 2 3 2 0 1 2 3 3 0 1 1 3 0 0 1 0 0 1 2 2 1 0 2 5 5 2 3 4 1 0 0 1 1 1 0
16 82219 1 1 1 2 2 1 0 1 2 3 3 3 0 0 2 2 4 0 1 0 3 0 0 1 0 0 1 1 1 1 1 3 4 5 3 3 4 1 0 0 1 1 1 0
16 82224 1 1 1 2 2 1 0 1 2 3 3 3 0 0 2 3 5 0 1 0 4 0 0 2 0 0 1 2 1 0 0 2 5 5 2 2 3 1 0 0 1 1 1 0
16 73481 1 1 1 2 2 2 1 1 2 2 2 2 2 2 4 3 1 1 3 4 3 0 2 4 2 0 0 0 1 2 0 0 1 2 2 1 1 1 0 0 1 1 1 0
16 82233 1 1 1 2 2 2 1 1 2 3 2 3 2 1 4 3 3 2 3 3 4 1 1 3 1 0 0 0 0 1 0 0 1 2 2 1 1 1 0 0 1 1 1 0
16 73493 1 1 1 2 2 2 1 1 2 3 3 2 2 1 3 4 3 2 2 3 4 1 1 3 1 0 0 0 1 1 0 0 1 2 2 1 1 1 0 0 1 1 1 0
16 29323 1 1 1 3 1 0 0 1 0 4 3 0 0 0 1 3 1 0 0 1 2 0 0 1 0 1 1 3 3 1 1 4 5 3 2 3 2 1 0 2 3 2 3 0
16 29335 1 1 1 3 1 0 0 1 0 4 3 1 0 0 2 3 2 0 0 1 2 0 0 1 0 1 1 2 2 1 1 4 4 4 2 3 3 0 0 2 2 2 3 0
16 47067 1 1 1 3 1 0 0 1 1 4 4 1 0 0 1 3 2 0 0 1 2 0 0 1 0 0 1 2 2 1 1 4 5 4 2 4 3 1 0 1 2 1 2 0
16 62799 1 1 1 3 1 0 0 1 1 4 4 1 0 1 1 4 3 0 0 1 3 0 0 1 0 0 0 2 2 0 1 3 6 4 1 3 4 0 0 1 2 1 2 0
16 47079 1 1 1 3 1 0 0 1 1 4 4 2 0 0 2 3 3 0 0 1 3 0 0 1 0 0 1 1 1 1 1 4 4 4 2 3 4 0 0 1 2 1 2 0
16 62811 1 1 1 3 1 0 0 1 1 4 4 2 0 1 2 4 4 0 0 1 4 0 0 2 0 0 0 1 1 0 1 3 5 4 1 2 3 0 0 1 2 1 2 0
16 29325 1 1 1 3 2 0 0 1 0 3 4 0 0 0 0 3 1 0 0 1 2 0 0 1 0 1 1 3 4 1 1 3 6 3 2 4 2 2 0 1 3 1 2 0
16 29337 1 1 1 3 2 0 0 1 0 3 4 1 0 0 1 3 2 0 0 1 2 0 0 1 0 1 1 2 3 1 1 3 5 4 2 4 3 1 0 1 2 1 2 0
16 47069 1 1 1 3 2 0 0 1 1 3 5 1 0 0 0 3 2 0 0 1 2 0 0 1 0 0 1 2 3 1 1 3 6 5 2 4 3 2 0 0 1 1 1 0
16 62801 1 1 1 3 2 0 0 1 1 3 5 1 0 1 0 4 3 0 0 1 3 0 0 1 0 0 0 2 3 1 1 2 5 5 2 3 4 1 0 0 1 1 1 0
16 47081 1 1 1 3 2 0 0 1 1 3 5 2 0 0 1 3 3 0 0 1 3 0 0 1 0 0 1 1 2 1 1 3 5 5 2 3 4 1 0 0 1 1 1 0
16 62813 1 1 1 3 2 0 0 1 1 3 5 2 0 1 1 4 4 0 0 1 4 0 0 2 0 0 0 1 2 1 1 2 4 5 2 2 3 1 0 0 1 1 1 0
16 29347 1 1 1 3 2 1 0 1 0 3 3 2 0 0 1 2 2 0 1 2 2 0 1 1 0 1 1 2 3 2 1 2 3 5 2 2 3 2 0 1 2 1 1 0
16 47091 1 1 1 3 2 1 0 1 1 3 4 3 0 0 1 2 3 0 1 2 3 0 1 2 0 0 1 1 2 2 1 2 3 6 2 1 3 1 0 0 1 1 1 0
17 29204 1 1 2 2 0 0 0 1 2 4 0 0 0 0 2 0 0 0 0 0 0 0 0 0 0 1 3 4 2 0 3 7 4 2 3 2 2 0 2 6 4 6 4 2
17 29224 1 1 2 2 0 0 0 1 2 4 0 0 0 1 3 0 0 0 1 0 0 0 0 0 0 1 2 3 2 1 3 6 3 3 4 2 2 1 2 5 3 6 3 2
17 34293 1 1 2 2 0 0 0 1 2 4 0 0 0 1 3 0 0 0 1 0 0 0 0 0 0 1 2 4 2 1 2 6 3 3 4 2 2 1 2 5 3 6 3 2
17 35990 1 1 2 2 0 0 0 1 2 4 0 0 0 2 4 0 0 0 2 0 0 0 0 0 0 1 1 3 2 2 2 5 2 4 5 2 3 0 2 4 2 6 3 2
17 29206 1 1 2 2 0 0 0 1 2 4 1 0 0 0 2 1 0 0 0 0 0 0 0 0 0 1 3 3 2 0 3 7 6 2 3 4 2 0 1 4 4 4 5 1
17 29212 1 1 2 2 0 0 0 1 2 4 1 0 0 0 2 2 0 0 0 1 0 0 0 0 0 1 3 4 2 0 2 6 6 2 2 5 2 1 1 4 4 3 4 1
17 29226 1 1 2 2 0 0 0 1 2 4 1 0 0 1 3 1 0 0 1 0 0 0 0 0 0 1 2 2 2 1 3 6 5 3 4 4 2 1 1 3 3 4 4 1
17 35972 1 1 2 2 0 0 0 1 2 4 1 0 0 1 3 1 0 0 1 1 0 0 0 0 0 1 2 3 2 1 2 6 4 3 3 4 2 1 1 4 3 4 4 1
17 35978 1 1 2 2 0 0 0 1 2 4 1 0 0 1 3 2 0 0 1 2 0 0 1 0 0 1 2 4 2 1 1 5 4 3 2 3 2 2 1 4 4 3 3 1
17 35992 1 1 2 2 0 0 0 1 2 4 1 0 0 2 4 1 0 0 2 1 0 0 0 0 0 1 1 2 2 2 2 5 3 4 4 4 3 0 1 3 2 4 4 1
17 29240 1 1 2 2 0 0 0 1 2 4 1 1 0 1 4 2 1 0 1 1 0 0 0 0 0 1 2 2 1 1 2 5 4 4 3 5 3 1 1 3 2 3 3 1
17 36006 1 1 2 2 0 0 0 1 2 4 1 1 0 2 5 2 1 0 2 2 1 0 0 0 0 1 1 2 1 2 1 4 2 4 3 4 4 0 1 3 2 3 3 1
17 29264 1 1 2 2 0 0 0 1 2 5 2 0 0 0 2 3 1 0 0 1 1 0 0 0 0 1 2 3 2 0 2 5 6 3 2 4 3 1 1 3 3 3 3 1
17 36030 1 1 2 2 0 0 0 1 2 5 2 0 0 1 3 3 1 0 1 2 1 0 1 1 0 1 1 3 2 1 1 4 4 4 2 2 2 1 1 3 3 3 3 1
17 29276 1 1 2 2 0 0 0 1 2 5 2 1 0 0 3 3 2 0 0 1 1 0 0 0 0 1 2 2 1 0 2 5 5 4 2 4 4 0 1 3 2 3 3 1
17 36042 1 1 2 2 0 0 0 1 2 5 2 1 0 1 4 3 2 0 1 2 2 0 0 1 0 1 1 2 1 1 1 4 3 4 2 3 3 0 1 3 2 3 3 1
17 34275 1 1 2 2 0 0 0 1 3 4 1 0 0 0 2 1 0 0 0 0 0 0 0 0 0 0 3 3 2 0 3 7 6 2 3 4 2 0 1 4 4 4 5 1
17 34281 1 1 2 2 0 0 0 1 3 4 1 0 0 1 2 2 0 0 0 1 0 0 0 0 0 0 2 4 2 0 2 6 6 2 2 5 2 1 1 4 4 3 4 1
17 34295 1 1 2 2 0 0 0 1 3 4 1 0 0 1 3 1 0 0 1 0 0 0 0 0 0 0 2 3 2 1 2 6 5 3 4 4 2 1 1 3 3 4 4 1
17 39281 1 1 2 2 0 0 0 1 3 4 1 0 0 1 3 1 0 0 1 1 0 0 0 0 0 0 2 2 2 1 3 6 4 3 3 4 2 1 1 4 3 4 4 1
17 39287 1 1 2 2 0 0 0 1 3 4 1 0 0 2 3 2 0 0 1 2 0 0 1 0 0 0 1 3 2 1 2 5 4 3 2 3 2 2 1 4 4 3 3 1
17 39300 1 1 2 2 0 0 0 1 3 4 1 0 0 2 4 1 0 0 2 1 0 0 0 0 0 0 1 2 2 2 2 5 3 4 4 4 3 0 1 3 2 4 4 1
17 46952 1 1 2 2 0 0 0 1 3 4 2 0 0 0 2 2 0 0 0 0 0 0 0 0 0 0 3 2 2 0 3 7 8 2 3 6 3 0 0 2 4 2 4 1
17 46958 1 1 2 2 0 0 0 1 3 4 2 0 0 0 2 3 0 0 0 1 0 0 0 0 0 0 3 3 2 0 2 6 8 3 2 6 3 1 0 2 3 2 3 1
17 51870 1 1 2 2 0 0 0 1 3 4 2 0 0 1 2 3 0 0 0 1 0 0 0 0 0 0 2 3 2 0 2 6 8 3 2 6 3 1 0 2 3 2 3 1
17 62728 1 1 2 2 0 0 0 1 3 4 2 0 0 1 2 4 0 0 0 2 0 0 0 0 0 0 2 4 2 0 1 5 8 4 1 6 4 0 0 2 2 2 3 1
17 46971 1 1 2 2 0 0 0 1 3 4 2 0 0 1 3 2 0 0 1 1 0 0 0 0 0 0 2 1 2 1 3 6 6 3 3 6 3 1 0 2 3 2 3 1
17 51883 1 1 2 2 0 0 0 1 3 4 2 0 0 1 3 2 0 0 1 1 0 0 0 0 0 0 2 2 2 1 2 6 6 3 3 6 3 1 0 2 3 2 3 1
17 53490 1 1 2 2 0 0 0 1 3 4 2 0 0 1 3 3 0 0 1 2 0 0 1 0 0 0 2 3 2 1 1 5 6 4 2 4 3 2 0 2 3 2 2 1
17 56642 1 1 2 2 0 0 0 1 3 4 2 0 0 2 3 3 0 0 1 2 0 0 1 0 0 0 1 2 2 1 2 5 6 4 2 4 3 2 0 2 3 2 2 1
17 53503 1 1 2 2 0 0 0 1 3 4 2 0 0 2 4 2 0 0 2 2 0 0 0 0 0 0 1 1 2 2 2 5 4 4 3 6 4 0 0 2 2 2 3 1
17 46984 1 1 2 2 0 0 0 1 3 4 2 1 0 1 4 3 1 0 1 2 1 0 0 0 0 0 2 1 1 1 2 5 5 4 2 5 4 1 0 2 2 2 2 1
17 62752 1 1 2 2 0 0 0 1 3 4 2 1 0 2 4 4 1 0 1 3 1 0 1 1 0 0 1 2 1 1 1 4 5 5 1 3 3 1 0 2 2 2 2 1
17 53516 1 1 2 2 0 0 0 1 3 4 2 1 0 2 5 3 1 0 2 3 2 0 0 0 0 0 1 1 1 2 1 4 3 4 2 4 5 0 0 2 2 2 2 1
17 34309 1 1 2 2 0 0 0 1 3 5 1 1 0 1 4 2 1 0 1 1 0 0 0 0 0 0 1 3 1 1 1 5 4 4 3 5 3 1 1 3 2 3 3 1
17 39314 1 1 2 2 0 0 0 1 3 5 1 1 0 2 5 2 1 0 2 2 1 0 0 0 0 0 0 2 1 2 1 4 2 4 3 4 4 0 1 3 2 3 3 1
17 34333 1 1 2 2 0 0 0 1 3 5 2 0 0 1 3 3 1 0 0 1 1 0 0 0 0 0 1 3 2 0 1 5 6 3 2 4 3 1 1 3 3 3 3 1
17 39338 1 1 2 2 0 0 0 1 3 5 2 0 0 2 4 3 1 0 1 2 1 0 1 1 0 0 0 2 2 1 1 4 4 4 2 2 2 1 1 3 3 3 3 1
17 51896 1 1 2 2 0 0 0 1 3 5 2 1 0 1 4 3 1 0 1 2 1 0 0 0 0 0 1 2 1 1 1 5 5 4 2 5 4 1 0 2 2 2 2 1
17 65855 1 1 2 2 0 0 0 1 3 5 2 1 0 1 4 4 1 0 1 3 1 0 1 1 0 0 1 3 1 1 0 4 5 5 1 3 3 1 0 2 2 2 2 1
17 56667 1 1 2 2 0 0 0 1 3 5 2 1 0 2 5 3 1 0 2 3 2 0 0 0 0 0 0 1 1 2 1 4 3 4 2 4 5 0 0 2 2 2 2 1
17 78012 1 1 2 2 0 0 0 1 3 5 2 2 0 2 6 4 2 0 2 4 4 1 0 0 0 0 0 1 0 2 0 3 2 4 1 2 4 0 0 2 2 2 2 1
17 47008 1 1 2 2 0 0 0 1 3 5 3 0 0 0 2 4 2 0 0 1 1 0 0 0 0 0 2 2 2 0 2 5 6 4 2 5 4 1 0 2 2 2 2 1
17 62764 1 1 2 2 0 0 0 1 3 5 3 0 0 1 2 5 2 0 0 2 2 0 0 0 0 0 1 3 2 0 1 4 6 4 1 4 5 0 0 2 2 2 2 1
17 51920 1 1 2 2 0 0 0 1 3 5 3 0 0 1 3 4 2 0 0 1 1 0 0 0 0 0 1 2 2 0 1 5 6 4 2 5 4 1 0 2 2 2 2 1
17 53540 1 1 2 2 0 0 0 1 3 5 3 0 0 1 3 4 2 0 1 2 1 0 1 1 0 0 1 2 2 1 1 4 4 5 2 3 3 1 0 2 2 2 2 1
17 65867 1 1 2 2 0 0 0 1 3 5 3 0 0 1 3 5 2 0 0 2 2 0 0 0 0 0 1 3 2 0 0 4 6 4 1 4 5 0 0 2 2 2 2 1
17 56691 1 1 2 2 0 0 0 1 3 5 3 0 0 2 4 4 2 0 1 2 1 0 1 1 0 0 0 1 2 1 1 4 4 5 2 3 3 1 0 2 2 2 2 1
17 47020 1 1 2 2 0 0 0 1 3 5 3 1 0 0 3 4 3 0 0 1 2 0 0 0 0 0 2 1 1 0 2 5 5 4 2 4 5 0 0 2 2 2 2 1
17 62776 1 1 2 2 0 0 0 1 3 5 3 1 0 1 3 5 3 0 0 2 3 0 0 1 0 0 1 2 1 0 1 4 5 4 1 3 4 0 0 2 2 2 2 1
17 53552 1 1 2 2 0 0 0 1 3 5 3 1 0 1 4 4 3 0 1 2 3 0 0 1 0 0 1 1 1 1 1 4 3 4 2 3 4 0 0 2 2 2 2 1
17 34345 1 1 2 2 0 0 0 1 3 6 2 1 0 0 4 3 2 0 0 1 1 0 0 0 0 0 1 2 1 0 1 5 5 4 2 4 4 0 1 3 2 3 3 1
17 39350 1 1 2 2 0 0 0 1 3 6 2 1 0 1 5 3 2 0 1 2 2 0 0 1 0 0 0 1 1 1 1 4 3 4 2 3 3 0 1 3 2 3 3 1
17 51932 1 1 2 2 0 0 0 1 3 6 3 1 0 0 4 4 3 0 0 1 2 0 0 0 0 0 1 1 1 0 1 5 5 4 2 4 5 0 0 2 2 2 2 1
17 65879 1 1 2 2 0 0 0 1 3 6 3 1 0 0 4 5 3 0 0 2 3 0 0 1 0 0 1 2 1 0 0 4 5 4 1 3 4 0 0 2 2 2 2 1
17 56703 1 1 2 2 0 0 0 1 3 6 3 1 0 1 5 4 3 0 1 2 3 0 0 1 0 0 0 0 1 1 1 4 3 4 2 3 4 0 0 2 2 2 2 1
17 70965 1 1 2 2 0 0 0 1 3 6 4 0 0 1 3 6 4 0 0 2 4 1 0 0 0 0 0 2 2 0 0 3 4 4 1 2 4 0 0 2 2 2 2 1
16 90216 1 1 2 2 1 0 0 0 2 3 2 0 0 0 1 1 0 0 0 0 0 0 0 0 0 0 2 3 3 0 2 5 7 2 2 5 2 1 1 3 4 2 4 0
16 94481 1 1 2 2 1 0 0 0 2 3 2 0 0 0 2 1 0 0 1 0 0 0 0 0 0 0 2 3 3 1 1 4 6 3 3 5 2 2 1 2 3 2 3 0
16 100942 1 1 2 2 1 0 0 0 2 3 2 0 0 1 1 2 0 0 0 1 0 0 0 0 0 0 1 3 3 0 2 4 7 2 1 6 2 2 1 3 4 1 3 0
16 90232 1 1 2 2 1 0 0 0 2 3 2 0 0 1 2 2 0 0 0 1 0 0 0 0 0 0 1 2 2 1 2 5 5 3 2 5 2 2 1 3 3 2 3 0
16 94496 1 1 2 2 1 0 0 0 2 3 2 0 0 1 3 2 0 0 1 1 0 0 0 0 0 0 1 2 2 2 1 4 4 4 3 5 3 1 1 2 2 2 3 0
16 100957 1 1 2 2 1 0 0 0 2 3 2 0 0 2 2 3 0 0 0 2 0 0 1 0 0 0 0 2 2 1 2 4 5 3 1 4 2 3 1 3 4 1 2 0
16 90217 1 1 2 2 1 0 0 0 2 3 3 0 0 0 1 2 0 0 0 0 0 0 0 0 0 0 2 2 3 0 2 5 9 3 2 6 3 1 0 1 3 1 3 0
16 90222 1 1 2 2 1 0 0 0 2 3 3 0 0 0 1 3 0 0 0 1 0 0 0 0 0 0 2 3 3 1 1 4 7 4 2 6 3 2 0 1 2 1 2 0
16 94482 1 1 2 2 1 0 0 0 2 3 3 0 0 0 2 2 0 0 1 1 0 0 0 0 0 0 2 2 3 1 1 4 7 4 2 6 3 2 0 1 2 1 2 0
16 94486 1 1 2 2 1 0 0 0 2 3 3 0 0 0 2 3 0 0 1 2 0 0 1 0 0 0 2 3 3 2 0 3 5 5 2 4 3 3 0 1 2 1 1 0
16 100943 1 1 2 2 1 0 0 0 2 3 3 0 0 1 1 3 0 0 0 1 0 0 0 0 0 0 1 2 3 0 2 4 9 4 1 6 3 2 0 1 2 1 2 0
16 100947 1 1 2 2 1 0 0 0 2 3 3 0 0 1 1 4 0 0 0 2 0 0 0 0 0 0 1 3 3 1 1 3 7 5 1 6 4 1 0 1 1 1 2 0
16 90233 1 1 2 2 1 0 0 0 2 3 3 0 0 1 2 3 0 0 0 1 0 0 0 0 0 0 1 1 2 1 2 5 7 4 2 6 3 2 0 1 2 1 2 0
16 105923 1 1 2 2 1 0 0 0 2 3 3 0 0 1 2 3 1 0 0 1 1 0 0 0 0 0 1 2 3 0 1 3 7 3 1 5 3 2 1 2 3 1 2 0
16 94497 1 1 2 2 1 0 0 0 2 3 3 0 0 1 3 3 0 0 1 2 0 0 0 0 0 0 1 1 2 2 1 4 5 5 2 6 4 1 0 1 1 1 2 0
16 100958 1 1 2 2 1 0 0 0 2 3 3 0 0 2 2 4 0 0 0 2 0 0 1 0 0 0 0 1 2 1 2 4 7 5 1 4 3 3 0 1 2 1 1 0
16 105936 1 1 2 2 1 0 0 0 2 3 3 0 0 2 3 4 1 0 0 2 1 0 1 1 0 0 0 1 2 1 1 3 5 4 1 3 2 2 1 2 3 1 2 0
16 90244 1 1 2 2 1 0 0 0 2 3 3 1 0 1 3 4 2 0 0 1 1 0 0 0 0 0 1 1 1 1 1 4 5 5 2 5 4 2 0 1 1 1 1 0
16 94508 1 1 2 2 1 0 0 0 2 3 3 1 0 1 4 4 2 0 1 2 2 0 0 0 0 0 1 1 1 2 0 3 3 5 2 4 5 1 0 1 1 1 1 0
16 100967 1 1 2 2 1 0 0 0 2 3 3 1 0 2 3 5 2 0 0 2 1 0 1 1 0 0 0 1 1 1 1 3 5 6 1 3 3 2 0 1 1 1 1 0
16 105924 1 1 2 2 1 0 0 0 2 3 4 0 0 1 2 4 2 0 0 1 1 0 0 0 0 0 1 1 3 0 1 3 7 5 1 5 4 2 0 1 1 1 1 0
16 105928 1 1 2 2 1 0 0 0 2 3 4 0 0 1 2 5 2 0 0 2 2 0 0 0 0 0 1 2 3 1 0 2 5 5 1 4 5 1 0 1 1 1 1 0
16 105937 1 1 2 2 1 0 0 0 2 3 4 0 0 2 3 5 2 0 0 2 1 0 1 1 0 0 0 0 2 1 1 3 5 6 1 3 3 2 0 1 1 1 1 0
16 111138 1 1 2 2 1 0 0 0 2 4 2 1 0 0 2 2 1 0 1 1 0 0 0 0 0 0 1 3 2 1 1 3 5 4 2 6 3 2 1 2 2 1 2 0
16 111151 1 1 2 2 1 0 0 0 2 4 2 1 0 1 3 3 1 0 1 2 1 0 0 0 0 0 0 2 1 2 1 3 3 4 2 5 4 1 1 2 2 1 2 0
16 111139 1 1 2 2 1 0 0 0 2 4 3 1 0 0 2 3 1 0 1 2 1 0 0 0 0 0 1 2 2 1 1 3 6 5 1 5 4 2 0 1 1 1 1 0
16 112488 1 1 2 2 1 0 0 0 2 4 3 1 0 0 2 3 2 0 0 1 1 0 0 0 0 0 1 2 2 0 1 3 6 4 1 5 4 1 1 2 2 1 2 0
16 111143 1 1 2 2 1 0 0 0 2 4 3 1 0 0 2 4 1 0 1 3 1 0 1 1 0 0 1 3 2 2 0 2 4 6 1 3 3 2 0 1 1 1 1 0
16 111152 1 1 2 2 1 0 0 0 2 4 3 1 0 1 3 4 1 0 1 3 2 0 0 0 0 0 0 1 1 2 1 3 4 5 1 4 5 1 0 1 1 1 1 0
16 112501 1 1 2 2 1 0 0 0 2 4 3 1 0 1 3 4 2 0 0 2 2 0 0 1 0 0 0 1 1 1 1 3 4 4 1 4 3 1 1 2 2 1 2 0
16 111161 1 1 2 2 1 0 0 0 2 4 3 2 0 1 4 5 3 0 1 3 4 1 0 0 0 0 0 1 0 2 0 2 2 5 1 2 4 1 0 1 1 1 1 0
16 90266 1 1 2 2 1 0 0 0 2 4 4 1 0 0 1 3 2 0 0 1 1 0 0 0 0 0 1 2 2 1 1 4 5 5 2 5 4 2 0 1 1 1 1 0
16 94530 1 1 2 2 1 0 0 0 2 4 4 1 0 0 2 3 2 0 1 2 1 0 1 1 0 0 1 2 2 2 0 3 3 6 2 3 3 2 0 1 1 1 1 0
16 112489 1 1 2 2 1 0 0 0 2 4 4 1 0 0 2 4 3 0 0 1 2 0 0 0 0 0 1 1 2 0 1 3 6 5 1 4 5 1 0 1 1 1 1 0
16 112493 1 1 2 2 1 0 0 0 2 4 4 1 0 0 2 5 3 0 0 2 3 0 0 1 0 0 1 2 2 1 0 2 4 5 1 3 4 1 0 1 1 1 1 0
16 100977 1 1 2 2 1 0 0 0 2 4 4 1 0 1 1 4 2 0 0 2 2 0 0 0 0 0 0 2 2 1 1 3 5 5 1 4 5 1 0 1 1 1 1 0
16 112502 1 1 2 2 1 0 0 0 2 4 4 1 0 1 3 5 3 0 0 2 3 0 0 1 0 0 0 0 1 1 1 3 4 5 1 3 4 1 0 1 1 1 1 0
16 90276 1 1 2 2 1 0 0 0 2 4 4 2 0 0 2 3 4 0 0 0 2 0 0 0 0 0 1 1 1 0 1 4 5 5 2 4 5 1 0 1 1 1 1 0
16 94540 1 1 2 2 1 0 0 0 2 4 4 2 0 0 3 3 4 0 1 1 3 0 0 1 0 0 1 1 1 1 0 3 3 5 2 3 4 1 0 1 1 1 1 0
16 100987 1 1 2 2 1 0 0 0 2 4 4 2 0 1 2 4 4 0 0 1 3 0 0 1 0 0 0 1 1 0 1 3 5 5 1 3 4 1 0 1 1 1 1 0
16 105946 1 1 2 2 1 0 0 0 2 4 5 1 0 1 2 5 4 0 0 2 4 1 0 0 0 0 0 1 2 1 0 2 3 5 1 2 4 1 0 1 1 1 1 0
17 29208 1 1 2 2 1 0 0 1 2 3 2 0 0 0 1 1 0 0 0 0 0 0 0 0 0 1 3 3 3 0 3 6 7 2 3 5 2 1 1 3 4 3 4 1
17 29214 1 1 2 2 1 0 0 1 2 3 2 0 0 0 1 2 0 0 0 1 0 0 0 0 0 1 3 4 3 0 2 5 7 2 2 6 2 2 1 3 4 2 3 1
17 29228 1 1 2 2 1 0 0 1 2 3 2 0 0 1 2 1 0 0 1 0 0 0 0 0 0 1 2 2 3 1 3 5 6 3 4 5 2 2 1 2 3 3 3 1
17 35974 1 1 2 2 1 0 0 1 2 3 2 0 0 1 2 2 0 0 0 1 0 0 0 0 0 1 2 3 2 1 2 6 5 3 3 5 2 2 1 3 3 3 3 1
17 35980 1 1 2 2 1 0 0 1 2 3 2 0 0 1 2 3 0 0 0 2 0 0 1 0 0 1 2 4 2 1 1 5 5 3 2 4 2 3 1 3 4 2 2 1
17 35994 1 1 2 2 1 0 0 1 2 3 2 0 0 2 3 2 0 0 1 1 0 0 0 0 0 1 1 2 2 2 2 5 4 4 4 5 3 1 1 2 2 3 3 1
17 29242 1 1 2 2 1 0 0 1 2 3 2 1 0 1 3 2 1 0 1 1 0 0 0 0 0 1 2 2 2 1 2 4 5 4 3 6 3 2 1 2 2 2 2 1
17 36008 1 1 2 2 1 0 0 1 2 3 2 1 0 2 4 3 1 0 1 2 1 0 0 0 0 1 1 2 1 2 1 4 3 4 3 5 4 1 1 2 2 2 2 1
17 29266 1 1 2 2 1 0 0 1 2 4 3 0 0 0 1 3 1 0 0 1 1 0 0 0 0 1 2 3 3 0 2 4 7 3 2 5 3 2 1 2 3 2 2 1
17 36032 1 1 2 2 1 0 0 1 2 4 3 0 0 1 2 4 1 0 0 2 1 0 1 1 0 1 1 3 2 1 1 4 5 4 2 3 2 2 1 2 3 2 2 1
17 29278 1 1 2 2 1 0 0 1 2 4 3 1 0 0 2 3 2 0 0 1 1 0 0 0 0 1 2 2 2 0 2 4 6 4 2 5 4 1 1 2 2 2 2 1
17 36044 1 1 2 2 1 0 0 1 2 4 3 1 0 1 3 4 2 0 0 2 2 0 0 1 0 1 1 2 1 1 1 4 4 4 2 4 3 1 1 2 2 2 2 1
17 46954 1 1 2 2 1 0 0 1 3 3 3 0 0 0 1 2 0 0 0 0 0 0 0 0 0 0 3 2 3 0 3 6 9 3 3 6 3 1 0 1 3 2 3 1
17 46960 1 1 2 2 1 0 0 1 3 3 3 0 0 0 1 3 0 0 0 1 0 0 0 0 0 0 3 3 3 0 2 5 9 4 2 6 3 2 0 1 2 2 2 1
17 62724 1 1 2 2 1 0 0 1 3 3 3 0 0 1 1 3 0 0 0 1 0 0 0 0 0 0 2 3 3 1 2 5 7 4 3 6 3 2 0 1 2 2 2 1
17 62730 1 1 2 2 1 0 0 1 3 3 3 0 0 1 1 4 0 0 0 2 0 0 0 0 0 0 2 4 3 1 1 4 7 5 2 6 4 1 0 1 1 2 2 1
17 46973 1 1 2 2 1 0 0 1 3 3 3 0 0 1 2 2 0 0 1 1 0 0 0 0 0 0 2 1 3 1 3 5 7 4 3 6 3 2 0 1 2 2 2 1
17 53486 1 1 2 2 1 0 0 1 3 3 3 0 0 1 2 3 0 0 0 1 0 0 0 0 0 0 2 2 2 1 2 6 7 4 3 6 3 2 0 1 2 2 2 1
17 53492 1 1 2 2 1 0 0 1 3 3 3 0 0 1 2 4 0 0 0 2 0 0 1 0 0 0 2 3 2 1 1 5 7 5 2 4 3 3 0 1 2 2 1 1
17 62742 1 1 2 2 1 0 0 1 3 3 3 0 0 2 2 3 0 0 1 2 0 0 1 0 0 0 1 2 3 2 2 4 5 5 3 4 3 3 0 1 2 2 1 1
17 53505 1 1 2 2 1 0 0 1 3 3 3 0 0 2 3 3 0 0 1 2 0 0 0 0 0 0 1 1 2 2 2 5 5 5 3 6 4 1 0 1 1 2 2 1
17 46986 1 1 2 2 1 0 0 1 3 3 3 1 0 1 3 3 1 0 1 2 1 0 0 0 0 0 2 1 2 1 2 4 6 5 2 5 4 2 0 1 1 2 1 1
17 62754 1 1 2 2 1 0 0 1 3 3 3 1 0 2 3 4 1 0 1 3 1 0 1 1 0 0 1 2 2 2 1 3 4 6 2 3 3 2 0 1 1 2 1 1
17 53518 1 1 2 2 1 0 0 1 3 3 3 1 0 2 4 4 1 0 1 3 2 0 0 0 0 0 1 1 1 2 1 4 4 5 2 4 5 1 0 1 1 2 1 1
17 77986 1 1 2 2 1 0 0 1 3 4 3 1 0 1 3 4 2 0 0 1 1 0 0 0 0 0 1 2 1 1 1 5 5 5 3 5 4 2 0 1 1 2 1 1
17 77991 1 1 2 2 1 0 0 1 3 4 3 1 0 1 3 5 2 0 0 2 1 0 1 1 0 0 1 3 1 1 0 4 5 6 2 3 3 2 0 1 1 2 1 1
17 78002 1 1 2 2 1 0 0 1 3 4 3 1 0 2 4 4 2 0 1 2 2 0 0 0 0 0 0 1 1 2 1 4 3 5 3 4 5 1 0 1 1 2 1 1
17 78014 1 1 2 2 1 0 0 1 3 4 3 2 0 2 5 5 3 0 1 3 4 1 0 0 0 0 0 1 0 2 0 3 2 5 2 2 4 1 0 1 1 2 1 1
17 47010 1 1 2 2 1 0 0 1 3 4 4 0 0 0 1 4 2 0 0 1 1 0 0 0 0 0 2 2 3 0 2 4 7 5 2 5 4 2 0 1 1 2 1 1
17 62766 1 1 2 2 1 0 0 1 3 4 4 0 0 1 1 5 2 0 0 2 2 0 0 0 0 0 1 3 3 1 1 3 5 5 2 4 5 1 0 1 1 2 1 1
17 53542 1 1 2 2 1 0 0 1 3 4 4 0 0 1 2 5 2 0 0 2 1 0 1 1 0 0 1 2 2 1 1 4 5 6 2 3 3 2 0 1 1 2 1 1
17 47022 1 1 2 2 1 0 0 1 3 4 4 1 0 0 2 4 3 0 0 1 2 0 0 0 0 0 2 1 2 0 2 4 6 5 2 4 5 1 0 1 1 2 1 1
17 70939 1 1 2 2 1 0 0 1 3 4 4 1 0 1 2 3 2 0 0 1 1 0 0 0 0 0 1 2 2 1 1 5 5 5 3 5 4 2 0 1 1 2 1 1
17 70944 1 1 2 2 1 0 0 1 3 4 4 1 0 1 2 4 2 0 0 2 2 0 0 0 0 0 1 3 2 1 0 4 5 5 2 4 5 1 0 1 1 2 1 1
17 62778 1 1 2 2 1 0 0 1 3 4 4 1 0 1 2 5 3 0 0 2 3 0 0 1 0 0 1 2 2 1 1 3 4 5 2 3 4 1 0 1 1 2 1 1
17 53554 1 1 2 2 1 0 0 1 3 4 4 1 0 1 3 5 3 0 0 2 3 0 0 1 0 0 1 1 1 1 1 4 4 5 2 3 4 1 0 1 1 2 1 1
17 70955 1 1 2 2 1 0 0 1 3 4 4 1 0 2 3 3 2 0 1 2 1 0 1 1 0 0 0 1 2 2 1 4 3 6 3 3 3 2 0 1 1 2 1 1
17 80436 1 1 2 2 1 0 0 1 3 5 4 2 0 0 3 3 4 0 0 0 2 0 0 0 0 0 1 1 1 0 1 5 5 5 3 4 5 1 0 1 1 2 1 1
17 80441 1 1 2 2 1 0 0 1 3 5 4 2 0 0 3 4 4 0 0 1 3 0 0 1 0 0 1 2 1 0 0 4 5 5 2 3 4 1 0 1 1 2 1 1
17 80452 1 1 2 2 1 0 0 1 3 5 4 2 0 1 4 3 4 0 1 1 3 0 0 1 0 0 0 0 1 1 1 4 3 5 3 3 4 1 0 1 1 2 1 1
17 70967 1 1 2 2 1 0 0 1 3 5 5 1 0 1 2 5 4 0 0 2 4 1 0 0 0 0 0 2 2 1 0 3 3 5 2 2 4 1 0 1 1 2 1 1
17 29252 1 1 2 2 1 1 0 1 2 3 1 2 0 1 3 1 1 0 2 2 0 0 1 0 0 1 2 2 2 2 2 3 3 5 3 4 3 3 1 2 2 2 1 1
17 36018 1 1 2 2 1 1 0 1 2 3 1 2 0 2 4 2 2 0 2 2 1 0 1 0 0 1 1 2 1 2 1 3 2 5 3 3 4 2 1 2 2 2 1 1
17 29288 1 1 2 2 1 1 0 1 2 4 2 2 0 0 2 2 2 0 1 2 1 0 1 0 0 1 2 2 2 1 2 3 4 5 2 3 4 2 1 2 2 2 1 1
17 36054 1 1 2 2 1 1 0 1 2 4 2 2 0 1 3 3 3 0 1 2 2 0 1 1 0 1 1 2 1 1 1 3 3 5 2 2 3 2 1 2 2 2 1 1
17 46996 1 1 2 2 1 1 0 1 3 3 2 2 0 1 3 2 1 0 2 3 1 0 1 1 0 0 2 1 2 2 2 3 4 6 2 3 3 2 0 1 1 2 1 1
17 53528 1 1 2 2 1 1 0 1 3 3 2 2 0 2 4 3 2 0 2 3 2 0 1 1 0 0 1 1 1 2 1 3 3 6 2 2 4 1 0 1 1 2 1 1
17 47032 1 1 2 2 1 1 0 1 3 4 3 2 0 0 2 3 3 0 1 2 2 0 1 1 0 0 2 1 2 1 2 3 4 6 2 2 4 1 0 1 1 2 1 1
17 53564 1 1 2 2 1 1 0 1 3 4 3 2 0 1 3 4 4 0 1 2 3 0 1 2 0 0 1 1 1 1 1 3 3 6 2 1 3 1 0 1 1 2 1 1
16 90218 1 1 2 2 2 0 0 0 2 2 4 0 0 0 0 2 0 0 0 0 0 0 0 0 0 0 2 2 4 0 2 4 10 4 2 6 4 0 0 0 2 1 3 0
16 90223 1 1 2 2 2 0 0 0 2 2 4 0 0 0 0 3 0 0 0 1 0 0 0 0 0 0 2 3 4 1 1 3 8 5 2 6 4 1 0 0 1 1 2 0
16 94483 1 1 2 2 2 0 0 0 2 2 4 0 0 0 1 3 0 0 0 1 0 0 0 0 0 0 2 2 3 1 1 4 8 5 2 6 4 1 0 0 1 1 2 0
16 94487 1 1 2 2 2 0 0 0 2 2 4 0 0 0 1 4 0 0 0 2 0 0 1 0 0 0 2 3 3 2 0 3 6 6 2 4 4 2 0 0 1 1 1 0
16 100944 1 1 2 2 2 0 0 0 2 2 4 0 0 1 0 3 0 0 0 1 0 0 0 0 0 0 1 2 4 1 2 3 8 5 2 6 4 1 0 0 1 1 2 0
16 100948 1 1 2 2 2 0 0 0 2 2 4 0 0 1 0 4 0 0 0 2 0 0 0 0 0 0 1 3 4 2 1 2 6 6 2 6 5 0 0 0 0 1 2 0
16 90234 1 1 2 2 2 0 0 0 2 2 4 0 0 1 1 3 0 0 0 1 0 0 0 0 0 0 1 1 3 1 2 4 8 5 2 6 4 1 0 0 1 1 2 0
16 107531 1 1 2 2 2 0 0 0 2 2 4 0 0 1 1 3 1 0 1 1 2 0 0 1 0 0 1 2 4 1 1 1 6 3 1 4 2 2 1 2 3 1 2 0
16 94498 1 1 2 2 2 0 0 0 2 2 4 0 0 1 2 4 0 0 0 2 0 0 0 0 0 0 1 1 2 2 1 4 6 6 2 6 5 0 0 0 0 1 2 0
16 100959 1 1 2 2 2 0 0 0 2 2 4 0 0 2 1 4 0 0 0 2 0 0 1 0 0 0 0 1 3 2 2 3 6 6 2 4 4 2 0 0 1 1 1 0
16 90245 1 1 2 2 2 0 0 0 2 2 4 1 0 1 2 4 2 0 0 1 1 0 0 0 0 0 1 1 2 1 1 3 6 6 2 5 5 1 0 0 0 1 1 0
16 94509 1 1 2 2 2 0 0 0 2 2 4 1 0 1 3 5 2 0 0 2 2 0 0 0 0 0 1 1 1 2 0 3 4 6 2 4 6 0 0 0 0 1 1 0
16 100968 1 1 2 2 2 0 0 0 2 2 4 1 0 2 2 5 2 0 0 2 1 0 1 1 0 0 0 1 2 2 1 2 4 7 2 3 4 1 0 0 0 1 1 0
16 105925 1 1 2 2 2 0 0 0 2 2 5 1 0 1 1 3 2 0 0 1 1 0 0 0 0 0 1 1 3 1 1 3 6 6 2 5 5 1 0 0 0 1 1 0
16 107532 1 1 2 2 2 0 0 0 2 2 5 1 0 1 1 3 2 0 1 1 2 0 0 1 0 0 1 1 3 1 1 2 6 5 1 4 3 2 0 1 1 1 1 0
16 105929 1 1 2 2 2 0 0 0 2 2 5 1 0 1 1 4 2 0 0 2 2 0 0 0 0 0 1 2 3 2 0 2 4 6 2 4 6 0 0 0 0 1 1 0
16 107536 1 1 2 2 2 0 0 0 2 2 5 1 0 1 1 4 3 0 1 1 3 0 0 1 0 0 1 2 3 1 0 1 5 5 1 3 4 1 0 1 1 1 1 0
16 105938 1 1 2 2 2 0 0 0 2 2 5 1 0 2 2 4 2 0 0 2 1 0 1 1 0 0 0 0 2 2 1 3 4 7 2 3 4 1 0 0 0 1 1 0
16 113567 1 1 2 2 2 0 0 0 2 3 4 1 0 0 1 3 2 0 1 1 2 0 0 1 0 0 1 2 3 1 1 1 5 4 1 4 3 1 1 2 2 1 2 0
16 111140 1 1 2 2 2 0 0 0 2 3 4 1 0 0 1 4 2 0 0 1 1 0 0 0 0 0 1 2 2 1 1 3 6 6 2 5 5 1 0 0 0 1 1 0
16 111144 1 1 2 2 2 0 0 0 2 3 4 1 0 0 1 5 2 0 0 2 1 0 1 1 0 0 1 3 2 2 0 2 4 7 2 3 4 1 0 0 0 1 1 0
16 111153 1 1 2 2 2 0 0 0 2 3 4 1 0 1 2 5 2 0 0 2 2 0 0 0 0 0 0 1 1 2 1 3 4 6 2 4 6 0 0 0 0 1 1 0
16 111162 1 1 2 2 2 0 0 0 2 3 4 2 0 1 3 6 4 0 0 2 4 1 0 0 0 0 0 1 0 2 0 2 2 6 2 2 5 0 0 0 0 1 1 0
16 90267 1 1 2 2 2 0 0 0 2 3 5 1 0 0 0 3 2 0 0 1 1 0 0 0 0 0 1 2 3 1 1 3 6 6 2 5 5 1 0 0 0 1 1 0
16 94531 1 1 2 2 2 0 0 0 2 3 5 1 0 0 1 4 2 0 0 2 1 0 1 1 0 0 1 2 2 2 0 3 4 7 2 3 4 1 0 0 0 1 1 0
16 100978 1 1 2 2 2 0 0 0 2 3 5 1 0 1 0 4 2 0 0 2 2 0 0 0 0 0 0 2 3 2 1 2 4 6 2 4 6 0 0 0 0 1 1 0
16 113568 1 1 2 2 2 0 0 0 2 3 5 2 0 0 1 3 3 0 1 1 3 0 0 1 0 0 1 1 2 1 1 2 5 5 1 3 4 1 0 1 1 1 1 0
16 90277 1 1 2 2 2 0 0 0 2 3 5 2 0 0 1 3 4 0 0 0 2 0 0 0 0 0 1 1 2 0 1 3 6 6 2 4 6 0 0 0 0 1 1 0
16 112494 1 1 2 2 2 0 0 0 2 3 5 2 0 0 1 4 4 0 0 1 3 0 0 1 0 0 1 2 2 1 0 2 4 6 2 3 5 0 0 0 0 1 1 0
16 113572 1 1 2 2 2 0 0 0 2 3 5 2 0 0 1 4 4 0 1 1 4 0 0 2 0 0 1 2 2 1 0 1 4 5 1 2 3 1 0 1 1 1 1 0
16 94541 1 1 2 2 2 0 0 0 2 3 5 2 0 0 2 4 4 0 0 1 3 0 0 1 0 0 1 1 1 1 0 3 4 6 2 3 5 0 0 0 0 1 1 0
16 100988 1 1 2 2 2 0 0 0 2 3 5 2 0 1 1 4 4 0 0 1 3 0 0 1 0 0 0 1 2 1 1 2 4 6 2 3 5 0 0 0 0 1 1 0
16 112503 1 1 2 2 2 0 0 0 2 3 5 2 0 1 2 4 4 0 0 1 3 0 0 1 0 0 0 0 1 1 1 3 4 6 2 3 5 0 0 0 0 1 1 0
16 105947 1 1 2 2 2 0 0 0 2 3 6 2 0 1 1 4 4 0 0 2 4 1 0 0 0 0 0 1 2 2 0 2 2 6 2 2 5 0 0 0 0 1 1 0
16 90254 1 1 2 2 2 1 0 0 2 2 3 2 0 1 2 3 2 0 1 2 2 0 0 1 0 0 1 1 2 2 1 2 4 6 2 4 4 1 0 0 0 1 1 0
16 94518 1 1 2 2 2 1 0 0 2 2 3 2 0 1 3 4 3 0 1 2 3 0 0 1 0 0 1 1 1 2 0 2 3 6 2 3 5 0 0 0 0 1 1 0
16 90286 1 1 2 2 2 1 0 0 2 3 4 3 0 0 1 2 4 0 1 1 3 0 0 1 0 0 1 1 2 1 1 2 4 6 2 3 5 0 0 0 0 1 1 0
16 94550 1 1 2 2 2 1 0 0 2 3 4 3 0 0 2 3 5 0 1 1 4 0 0 2 0 0 1 1 1 1 0 2 3 6 2 2 4 0 0 0 0 1 1 0
16 107533 1 1 2 2 3 1 0 0 2 1 4 2 0 1 1 2 2 0 1 1 2 0 0 1 0 0 1 1 3 2 1 2 5 6 2 4 4 1 0 0 0 1 1 0
16 107537 1 1 2 2 3 1 0 0 2 1 4 2 0 1 1 3 3 0 1 1 3 0 0 1 0 0 1 2 3 2 0 1 4 6 2 3 5 0 0 0 0 1 1 0
16 113569 1 1 2 2 3 1 0 0 2 2 4 3 0 0 1 2 4 0 1 0 3 0 0 1 0 0 1 1 2 1 1 2 5 6 2 3 5 0 0 0 0 1 1 0
16 113573 1 1 2 2 3 1 0 0 2 2 4 3 0 0 1 3 5 0 1 0 4 0 0 2 0 0 1 2 2 1 0 1 4 6 2 2 4 0 0 0 0 1 1 0
16 107544 1 1 2 2 3 2 1 0 2 1 3 2 2 2 3 4 2 1 2 3 4 0 1 4 2 0 0 0 1 2 0 0 1 2 2 2 2 0 0 0 0 1 1 0
16 113580 1 1 2 2 3 2 1 0 2 2 3 3 2 1 3 4 4 2 2 2 5 1 0 3 1 0 0 0 0 1 0 0 1 2 2 2 2 0 0 0 0 1 1 0
16 107556 1 1 2 2 3 2 1 0 2 2 4 3 2 1 2 3 4 2 2 2 5 1 0 3 1 0 0 0 1 1 0 0 1 2 2 2 2 0 0 0 0 1 1 0
17 29324 1 1 2 3 1 0 0 1 1 4 3 0 0 0 1 3 1 0 0 1 2 0 0 1 0 1 2 3 3 1 2 4 5 3 2 3 2 1 1 3 3 3 3 1
17 29336 1 1 2 3 1 0 0 1 1 4 3 1 0 0 2 3 2 0 0 1 2 0 0 1 0 1 2 2 2 1 2 4 4 4 2 3 3 0 1 3 2 3 3 1
17 34393 1 1 2 3 1 0 0 1 2 4 3 0 0 1 2 3 1 0 1 1 2 0 0 1 0 0 1 3 3 1 1 3 5 3 2 3 2 1 1 3 3 3 3 1
17 47068 1 1 2 3 1 0 0 1 2 4 4 1 0 0 1 3 2 0 0 1 2 0 0 1 0 0 2 2 2 1 2 5 5 4 2 4 3 1 0 2 2 2 2 1
17 62800 1 1 2 3 1 0 0 1 2 4 4 1 0 1 1 4 3 0 0 1 3 0 0 1 0 0 1 3 2 0 1 4 6 4 1 3 4 0 0 2 2 2 2 1
17 51980 1 1 2 3 1 0 0 1 2 4 4 1 0 1 2 3 2 0 1 1 2 0 0 1 0 0 1 2 2 1 1 4 5 4 2 4 3 1 0 2 2 2 2 1
17 65903 1 1 2 3 1 0 0 1 2 4 4 1 0 1 2 4 3 0 1 1 3 0 0 1 0 0 1 3 2 0 0 3 6 4 1 3 4 0 0 2 2 2 2 1
17 47080 1 1 2 3 1 0 0 1 2 4 4 2 0 0 2 3 3 0 0 1 3 0 0 1 0 0 2 1 1 1 2 5 4 4 2 3 4 0 0 2 2 2 2 1
17 62812 1 1 2 3 1 0 0 1 2 4 4 2 0 1 2 4 4 0 0 1 4 0 0 2 0 0 1 2 1 0 1 4 5 4 1 2 3 0 0 2 2 2 2 1
17 34405 1 1 2 3 1 0 0 1 2 5 3 1 0 0 3 3 2 0 1 1 2 0 0 1 0 0 1 2 2 1 1 3 4 4 2 3 3 0 1 3 2 3 3 1
17 51992 1 1 2 3 1 0 0 1 2 5 4 2 0 0 3 3 3 0 1 1 3 0 0 1 0 0 1 1 1 1 1 4 4 4 2 3 4 0 0 2 2 2 2 1
17 65915 1 1 2 3 1 0 0 1 2 5 4 2 0 0 3 4 4 0 1 1 4 0 0 2 0 0 1 2 1 0 0 3 5 4 1 2 3 0 0 2 2 2 2 1
16 136697 1 1 2 3 1 1 0 0 1 4 1 2 0 0 2 1 1 0 1 2 0 0 1 0 0 0 1 3 2 2 1 3 3 5 2 4 3 3 1 2 2 1 1 0
16 136701 1 1 2 3 1 1 0 0 1 4 1 2 0 1 3 2 2 0 1 2 1 0 1 0 0 0 0 2 1 2 1 3 2 5 2 3 4 2 1 2 2 1 1 0
16 136698 1 1 2 3 1 1 0 0 1 4 2 2 0 0 2 2 1 0 1 3 1 0 1 1 0 0 1 2 2 2 1 3 4 6 1 3 3 2 0 1 1 1 1 0
16 137804 1 1 2 3 1 1 0 0 1 4 2 2 0 0 2 2 2 0 0 2 1 0 1 0 0 0 1 2 2 1 1 3 4 5 1 3 4 2 1 2 2 1 1 0
16 136702 1 1 2 3 1 1 0 0 1 4 2 2 0 1 3 3 2 0 1 3 2 0 1 1 0 0 0 1 1 2 1 3 3 6 1 2 4 1 0 1 1 1 1 0
16 137808 1 1 2 3 1 1 0 0 1 4 2 2 0 1 3 3 3 0 0 2 2 0 1 1 0 0 0 1 1 1 1 3 3 5 1 2 3 2 1 2 2 1 1 0
16 137805 1 1 2 3 1 1 0 0 1 4 3 2 0 0 2 3 3 0 0 2 2 0 1 1 0 0 1 1 2 1 1 3 4 6 1 2 4 1 0 1 1 1 1 0
16 137809 1 1 2 3 1 1 0 0 1 4 3 2 0 1 3 4 4 0 0 2 3 0 1 2 0 0 0 0 1 1 1 3 3 6 1 1 3 1 0 1 1 1 1 0
17 29326 1 1 2 3 2 0 0 1 1 3 4 0 0 0 0 3 1 0 0 1 2 0 0 1 0 1 2 3 4 1 2 3 6 3 2 4 2 2 1 2 3 2 2 1
17 29338 1 1 2 3 2 0 0 1 1 3 4 1 0 0 1 3 2 0 0 1 2 0 0 1 0 1 2 2 3 1 2 3 5 4 2 4 3 1 1 2 2 2 2 1
17 47070 1 1 2 3 2 0 0 1 2 3 5 1 0 0 0 3 2 0 0 1 2 0 0 1 0 0 2 2 3 1 2 4 6 5 2 4 3 2 0 1 1 2 1 1
17 62802 1 1 2 3 2 0 0 1 2 3 5 1 0 1 0 4 3 0 0 1 3 0 0 1 0 0 1 3 3 1 1 3 5 5 2 3 4 1 0 1 1 2 1 1
17 47082 1 1 2 3 2 0 0 1 2 3 5 2 0 0 1 3 3 0 0 1 3 0 0 1 0 0 2 1 2 1 2 4 5 5 2 3 4 1 0 1 1 2 1 1
17 62814 1 1 2 3 2 0 0 1 2 3 5 2 0 1 1 4 4 0 0 1 4 0 0 2 0 0 1 2 2 1 1 3 4 5 2 2 3 1 0 1 1 2 1 1
16 90320 1 1 2 3 2 1 0 0 1 3 3 2 0 0 1 2 2 0 0 1 2 0 0 1 0 0 1 2 2 2 1 4 4 5 2 4 3 2 0 1 1 1 1 0
16 138334 1 1 2 3 2 1 0 0 1 3 3 2 0 0 1 2 2 0 1 2 2 0 1 1 0 0 1 2 3 2 1 1 3 5 1 2 3 2 1 2 2 1 1 0
16 136699 1 1 2 3 2 1 0 0 1 3 3 2 0 0 1 3 2 0 0 2 2 0 0 1 0 0 1 2 2 2 1 3 4 6 2 4 4 1 0 0 0 1 1 0
16 101007 1 1 2 3 2 1 0 0 1 3 3 2 0 1 1 3 3 0 0 1 3 0 0 1 0 0 0 2 2 1 1 3 5 5 1 3 4 1 0 1 1 1 1 0
16 136703 1 1 2 3 2 1 0 0 1 3 3 2 0 1 2 4 3 0 0 2 3 0 0 1 0 0 0 1 1 2 1 3 3 6 2 3 5 0 0 0 0 1 1 0
16 90330 1 1 2 3 2 1 0 0 1 3 3 3 0 0 2 2 4 0 0 0 3 0 0 1 0 0 1 1 1 1 1 4 4 5 2 3 4 1 0 1 1 1 1 0
16 101017 1 1 2 3 2 1 0 0 1 3 3 3 0 1 2 3 5 0 0 0 4 0 0 2 0 0 0 1 1 0 1 3 5 5 1 2 3 1 0 1 1 1 1 0
16 138335 1 1 2 3 2 1 0 0 1 3 4 3 0 0 1 2 3 0 1 2 3 0 1 2 0 0 1 1 2 2 1 2 3 6 1 1 3 1 0 1 1 1 1 0
16 137806 1 1 2 3 2 1 0 0 1 3 4 3 0 0 1 2 4 0 0 1 3 0 0 1 0 0 1 1 2 1 1 3 4 6 2 3 5 0 0 0 0 1 1 0
16 137810 1 1 2 3 2 1 0 0 1 3 4 3 0 1 2 3 5 0 0 1 4 0 0 2 0 0 0 0 1 1 1 3 3 6 2 2 4 0 0 0 0 1 1 0
17 29348 1 1 2 3 2 1 0 1 1 3 3 2 0 0 1 2 2 0 1 2 2 0 1 1 0 1 2 2 3 2 2 2 3 5 2 2 3 2 1 2 2 2 1 1
17 73468 1 1 2 3 2 1 0 1 2 3 3 2 0 1 2 2 2 0 1 1 2 0 0 1 0 0 1 2 2 2 1 4 4 5 3 4 3 2 0 1 1 2 1 1
17 73473 1 1 2 3 2 1 0 1 2 3 3 2 0 1 2 3 3 0 1 1 3 0 0 1 0 0 1 3 2 1 0 3 5 5 2 3 4 1 0 1 1 2 1 1
17 47092 1 1 2 3 2 1 0 1 2 3 4 3 0 0 1 2 3 0 1 2 3 0 1 2 0 0 2 1 2 2 2 3 3 6 2 1 3 1 0 1 1 2 1 1
17 82220 1 1 2 3 2 1 0 1 2 4 3 3 0 0 3 2 4 0 1 0 3 0 0 1 0 0 1 1 1 1 1 4 4 5 3 3 4 1 0 1 1 2 1 1
17 82225 1 1 2 3 2 1 0 1 2 4 3 3 0 0 3 3 5 0 1 0 4 0 0 2 0 0 1 2 1 0 0 3 5 5 2 2 3 1 0 1 1 2 1 1
17 73482 1 1 2 3 2 2 1 1 2 3 2 2 2 2 4 3 1 1 3 4 3 0 2 4 2 0 0 1 1 2 0 1 1 2 2 1 1 1 0 1 1 2 1 1
17 82234 1 1 2 3 2 2 1 1 2 4 2 3 2 1 5 3 3 2 3 3 4 1 1 3 1 0 0 0 0 1 0 1 1 2 2 1 1 1 0 1 1 2 1 1
17 73494 1 1 2 3 2 2 1 1 2 4 3 2 2 1 3 4 3 2 2 3 4 1 1 3 1 0 0 1 1 1 0 1 1 2 2 1 1 1 0 1 1 2 1 1
16 90321 1 1 2 3 3 1 0 0 1 2 4 2 0 0 0 2 2 0 0 1 2 0 0 1 0 0 1 2 3 2 1 3 5 6 2 4 4 1 0 0 0 1 1 0
16 101008 1 1 2 3 3 1 0 0 1 2 4 2 0 1 0 3 3 0 0 1 3 0 0 1 0 0 0 2 3 2 1 2 4 6 2 3 5 0 0 0 0 1 1 0
16 90331 1 1 2 3 3 1 0 0 1 2 4 3 0 0 1 2 4 0 0 0 3 0 0 1 0 0 1 1 2 1 1 3 5 6 2 3 5 0 0 0 0 1 1 0
16 101018 1 1 2 3 3 1 0 0 1 2 4 3 0 1 1 3 5 0 0 0 4 0 0 2 0 0 0 1 2 1 1 2 4 6 2 2 4 0 0 0 0 1 1 0
16 90340 1 1 2 3 3 2 0 0 1 2 3 4 0 0 1 1 4 0 1 1 4 0 0 2 0 0 1 1 2 2 1 2 3 6 2 2 4 0 0 0 0 1 1 0
16 136709 1 1 2 4 2 2 1 0 0 4 2 2 2 0 2 3 1 1 1 4 3 0 2 4 2 0 0 2 1 2 0 2 1 2 1 1 1 1 0 1 1 1 1 0
16 136715 1 1 2 4 2 2 1 0 0 4 2 3 2 0 3 3 3 2 1 3 4 1 1 3 1 0 0 1 0 1 0 2 1 2 1 1 1 1 0 1 1 1 1 0
16 137816 1 1 2 4 2 2 1 0 0 4 3 2 2 0 2 4 3 2 0 3 4 1 1 3 1 0 0 1 1 1 0 2 1 2 1 1 1 1 0 1 1 1 1 0
16 136710 1 1 2 4 3 2 1 0 0 3 3 2 2 0 1 4 2 1 0 3 4 0 1 4 2 0 0 2 1 2 0 2 1 2 2 2 2 0 0 0 0 1 1 0
16 136716 1 1 2 4 3 2 1 0 0 3 3 3 2 0 2 4 4 2 0 2 5 1 0 3 1 0 0 1 0 1 0 2 1 2 2 2 2 0 0 0 0 1 1 0
16 137817 1 1 2 4 3 2 1 0 0 3 4 3 2 0 1 3 4 2 0 2 5 1 0 3 1 0 0 1 1 1 0 2 1 2 2 2 2 0 0 0 0 1 1 0
16 138338 1 1 2 4 4 4 2 0 0 2 2 4 4 0 2 2 4 6 2 2 4 4 0 0 0 0 0 0 0 0 0 0 0 0 2 2 2 0 0 0 0 1 1 0
17 34277 1 1 3 2 1 0 0 0 3 3 2 0 0 0 1 1 0 0 0 0 0 0 0 0 0 0 3 3 3 0 3 6 7 2 3 5 2 1 1 3 4 3 4 1
17 34283 1 1 3 2 1 0 0 0 3 3 2 0 0 1 1 2 0 0 0 1 0 0 0 0 0 0 2 4 3 0 2 5 7 2 2 6 2 2 1 3 4 2 3 1
17 34297 1 1 3 2 1 0 0 0 3 3 2 0 0 1 2 1 0 0 1 0 0 0 0 0 0 0 2 3 3 1 2 5 6 3 4 5 2 2 1 2 3 3 3 1
17 39283 1 1 3 2 1 0 0 0 3 3 2 0 0 1 2 2 0 0 0 1 0 0 0 0 0 0 2 2 2 1 3 6 5 3 3 5 2 2 1 3 3 3 3 1
17 39289 1 1 3 2 1 0 0 0 3 3 2 0 0 2 2 3 0 0 0 2 0 0 1 0 0 0 1 3 2 1 2 5 5 3 2 4 2 3 1 3 4 2 2 1
17 39302 1 1 3 2 1 0 0 0 3 3 2 0 0 2 3 2 0 0 1 1 0 0 0 0 0 0 1 2 2 2 2 5 4 4 4 5 3 1 1 2 2 3 3 1
17 51866 1 1 3 2 1 0 0 0 3 3 3 0 0 0 1 2 0 0 0 0 0 0 0 0 0 0 3 2 3 0 3 6 9 3 3 6 3 1 0 1 3 2 3 1
17 65828 1 1 3 2 1 0 0 0 3 3 3 0 0 0 1 3 0 0 0 1 0 0 0 0 0 0 3 3 3 1 2 5 7 4 3 6 3 2 0 1 2 2 2 1
17 51872 1 1 3 2 1 0 0 0 3 3 3 0 0 1 1 3 0 0 0 1 0 0 0 0 0 0 2 3 3 0 2 5 9 4 2 6 3 2 0 1 2 2 2 1
17 65833 1 1 3 2 1 0 0 0 3 3 3 0 0 1 1 4 0 0 0 2 0 0 0 0 0 0 2 4 3 1 1 4 7 5 2 6 4 1 0 1 1 2 2 1
17 51885 1 1 3 2 1 0 0 0 3 3 3 0 0 1 2 2 0 0 1 1 0 0 0 0 0 0 2 2 3 1 2 5 7 4 3 6 3 2 0 1 2 2 2 1
17 56638 1 1 3 2 1 0 0 0 3 3 3 0 0 1 2 3 0 0 0 1 0 0 0 0 0 0 2 1 2 1 3 6 7 4 3 6 3 2 0 1 2 2 2 1
17 65845 1 1 3 2 1 0 0 0 3 3 3 0 0 1 2 3 0 0 1 2 0 0 1 0 0 0 2 3 3 2 1 4 5 5 3 4 3 3 0 1 2 2 1 1
17 56644 1 1 3 2 1 0 0 0 3 3 3 0 0 2 2 4 0 0 0 2 0 0 1 0 0 0 1 2 2 1 2 5 7 5 2 4 3 3 0 1 2 2 1 1
17 56656 1 1 3 2 1 0 0 0 3 3 3 0 0 2 3 3 0 0 1 2 0 0 0 0 0 0 1 1 2 2 2 5 5 5 3 6 4 1 0 1 1 2 2 1
17 78960 1 1 3 2 1 0 0 0 3 3 3 1 0 1 3 4 2 0 0 1 1 0 0 0 0 0 2 1 1 1 2 5 5 5 3 5 4 2 0 1 1 2 1 1
17 78965 1 1 3 2 1 0 0 0 3 3 3 1 0 2 3 5 2 0 0 2 1 0 1 1 0 0 1 2 1 1 1 4 5 6 2 3 3 2 0 1 1 2 1 1
17 78976 1 1 3 2 1 0 0 0 3 3 3 1 0 2 4 4 2 0 1 2 2 0 0 0 0 0 1 1 1 2 1 4 3 5 3 4 5 1 0 1 1 2 1 1
17 34311 1 1 3 2 1 0 0 0 3 4 2 1 0 1 3 2 1 0 1 1 0 0 0 0 0 0 1 3 2 1 1 4 5 4 3 6 3 2 1 2 2 2 2 1
17 39316 1 1 3 2 1 0 0 0 3 4 2 1 0 2 4 3 1 0 1 2 1 0 0 0 0 0 0 2 1 2 1 4 3 4 3 5 4 1 1 2 2 2 2 1
17 34335 1 1 3 2 1 0 0 0 3 4 3 0 0 1 2 3 1 0 0 1 1 0 0 0 0 0 1 3 3 0 1 4 7 3 2 5 3 2 1 2 3 2 2 1
17 39340 1 1 3 2 1 0 0 0 3 4 3 0 0 2 3 4 1 0 0 2 1 0 1 1 0 0 0 2 2 1 1 4 5 4 2 3 2 2 1 2 3 2 2 1
17 51898 1 1 3 2 1 0 0 0 3 4 3 1 0 1 3 3 1 0 1 2 1 0 0 0 0 0 1 2 2 1 1 4 6 5 2 5 4 2 0 1 1 2 1 1
17 65857 1 1 3 2 1 0 0 0 3 4 3 1 0 1 3 4 1 0 1 3 1 0 1 1 0 0 1 3 2 2 0 3 4 6 2 3 3 2 0 1 1 2 1 1
17 56669 1 1 3 2 1 0 0 0 3 4 3 1 0 2 4 4 1 0 1 3 2 0 0 0 0 0 0 1 1 2 1 4 4 5 2 4 5 1 0 1 1 2 1 1
17 78987 1 1 3 2 1 0 0 0 3 4 3 2 0 2 5 5 3 0 1 3 4 1 0 0 0 0 0 1 0 2 0 3 2 5 2 2 4 1 0 1 1 2 1 1
17 51922 1 1 3 2 1 0 0 0 3 4 4 0 0 1 2 4 2 0 0 1 1 0 0 0 0 0 1 2 3 0 1 4 7 5 2 5 4 2 0 1 1 2 1 1
17 65869 1 1 3 2 1 0 0 0 3 4 4 0 0 1 2 5 2 0 0 2 2 0 0 0 0 0 1 3 3 1 0 3 5 5 2 4 5 1 0 1 1 2 1 1
17 56693 1 1 3 2 1 0 0 0 3 4 4 0 0 2 3 5 2 0 0 2 1 0 1 1 0 0 0 1 2 1 1 4 5 6 2 3 3 2 0 1 1 2 1 1
17 71957 1 1 3 2 1 0 0 0 3 4 4 1 0 0 1 3 2 0 0 1 1 0 0 0 0 0 2 2 2 1 2 5 5 5 3 5 4 2 0 1 1 2 1 1
17 71962 1 1 3 2 1 0 0 0 3 4 4 1 0 1 1 4 2 0 0 2 2 0 0 0 0 0 1 3 2 1 1 4 5 5 2 4 5 1 0 1 1 2 1 1
17 71973 1 1 3 2 1 0 0 0 3 4 4 1 0 1 2 3 2 0 1 2 1 0 1 1 0 0 1 2 2 2 1 4 3 6 3 3 3 2 0 1 1 2 1 1
17 81144 1 1 3 2 1 0 0 0 3 4 4 2 0 0 2 3 4 0 0 0 2 0 0 0 0 0 2 1 1 0 2 5 5 5 3 4 5 1 0 1 1 2 1 1
17 81149 1 1 3 2 1 0 0 0 3 4 4 2 0 1 2 4 4 0 0 1 3 0 0 1 0 0 1 2 1 0 1 4 5 5 2 3 4 1 0 1 1 2 1 1
17 81160 1 1 3 2 1 0 0 0 3 4 4 2 0 1 3 3 4 0 1 1 3 0 0 1 0 0 1 1 1 1 1 4 3 5 3 3 4 1 0 1 1 2 1 1
17 34347 1 1 3 2 1 0 0 0 3 5 3 1 0 0 3 3 2 0 0 1 1 0 0 0 0 0 1 2 2 0 1 4 6 4 2 5 4 1 1 2 2 2 2 1
17 39352 1 1 3 2 1 0 0 0 3 5 3 1 0 1 4 4 2 0 0 2 2 0 0 1 0 0 0 1 1 1 1 4 4 4 2 4 3 1 1 2 2 2 2 1
17 51934 1 1 3 2 1 0 0 0 3 5 4 1 0 0 3 4 3 0 0 1 2 0 0 0 0 0 1 1 2 0 1 4 6 5 2 4 5 1 0 1 1 2 1 1
17 65881 1 1 3 2 1 0 0 0 3 5 4 1 0 0 3 5 3 0 0 2 3 0 0 1 0 0 1 2 2 1 0 3 4 5 2 3 4 1 0 1 1 2 1 1
17 56705 1 1 3 2 1 0 0 0 3 5 4 1 0 1 4 5 3 0 0 2 3 0 0 1 0 0 0 0 1 1 1 4 4 5 2 3 4 1 0 1 1 2 1 1
17 71984 1 1 3 2 1 0 0 0 3 5 5 1 0 1 2 5 4 0 0 2 4 1 0 0 0 0 0 2 2 1 0 3 3 5 2 2 4 1 0 1 1 2 1 1
17 90219 1 1 3 2 2 0 0 0 3 2 4 0 0 0 0 2 0 0 0 0 0 0 0 0 0 0 3 2 4 0 3 5 10 4 3 6 4 0 0 0 2 2 3 1
17 90224 1 1 3 2 2 0 0 0 3 2 4 0 0 0 0 3 0 0 0 1 0 0 0 0 0 0 3 3 4 1 2 4 8 5 3 6 4 1 0 0 1 2 2 1
17 93779 1 1 3 2 2 0 0 0 3 2 4 0 0 1 0 3 0 0 0 1 0 0 0 0 0 0 2 3 4 1 2 4 8 5 3 6 4 1 0 0 1 2 2 1
17 100949 1 1 3 2 2 0 0 0 3 2 4 0 0 1 0 4 0 0 0 2 0 0 0 0 0 0 2 4 4 2 1 3 6 6 3 6 5 0 0 0 0 2 2 1
17 90235 1 1 3 2 2 0 0 0 3 2 4 0 0 1 1 3 0 0 0 1 0 0 0 0 0 0 2 1 3 1 3 5 8 5 3 6 4 1 0 0 1 2 2 1
17 93790 1 1 3 2 2 0 0 0 3 2 4 0 0 1 1 3 0 0 0 1 0 0 0 0 0 0 2 2 3 1 2 5 8 5 3 6 4 1 0 0 1 2 2 1
17 94488 1 1 3 2 2 0 0 0 3 2 4 0 0 1 1 4 0 0 0 2 0 0 1 0 0 0 2 3 3 2 1 4 6 6 3 4 4 2 0 0 1 2 1 1
17 96877 1 1 3 2 2 0 0 0 3 2 4 0 0 2 1 4 0 0 0 2 0 0 1 0 0 0 1 2 3 2 2 4 6 6 3 4 4 2 0 0 1 2 1 1
17 94499 1 1 3 2 2 0 0 0 3 2 4 0 0 2 2 4 0 0 0 2 0 0 0 0 0 0 1 1 2 2 2 5 6 6 3 6 5 0 0 0 0 2 2 1
17 90246 1 1 3 2 2 0 0 0 3 2 4 1 0 1 2 4 2 0 0 1 1 0 0 0 0 0 2 1 2 1 2 4 6 6 3 5 5 1 0 0 0 2 1 1
17 100969 1 1 3 2 2 0 0 0 3 2 4 1 0 2 2 5 2 0 0 2 1 0 1 1 0 0 1 2 2 2 1 3 4 7 3 3 4 1 0 0 0 2 1 1
17 94510 1 1 3 2 2 0 0 0 3 2 4 1 0 2 3 5 2 0 0 2 2 0 0 0 0 0 1 1 1 2 1 4 4 6 3 4 6 0 0 0 0 2 1 1
17 93801 1 1 3 2 2 0 0 0 3 3 4 1 0 1 2 4 2 0 0 1 1 0 0 0 0 0 1 2 2 1 1 4 6 6 3 5 5 1 0 0 0 2 1 1
17 102795 1 1 3 2 2 0 0 0 3 3 4 1 0 1 2 5 2 0 0 2 1 0 1 1 0 0 1 3 2 2 0 3 4 7 3 3 4 1 0 0 0 2 1 1
17 96898 1 1 3 2 2 0 0 0 3 3 4 1 0 2 3 5 2 0 0 2 2 0 0 0 0 0 0 1 1 2 1 4 4 6 3 4 6 0 0 0 0 2 1 1
17 111163 1 1 3 2 2 0 0 0 3 3 4 2 0 2 4 6 4 0 0 2 4 1 0 0 0 0 0 1 0 2 0 3 2 6 3 2 5 0 0 0 0 2 1 1
17 90268 1 1 3 2 2 0 0 0 3 3 5 1 0 0 0 3 2 0 0 1 1 0 0 0 0 0 2 2 3 1 2 4 6 6 3 5 5 1 0 0 0 2 1 1
17 100979 1 1 3 2 2 0 0 0 3 3 5 1 0 1 0 4 2 0 0 2 2 0 0 0 0 0 1 3 3 2 1 3 4 6 3 4 6 0 0 0 0 2 1 1
17 93823 1 1 3 2 2 0 0 0 3 3 5 1 0 1 1 3 2 0 0 1 1 0 0 0 0 0 1 2 3 1 1 4 6 6 3 5 5 1 0 0 0 2 1 1
17 94532 1 1 3 2 2 0 0 0 3 3 5 1 0 1 1 4 2 0 0 2 1 0 1 1 0 0 1 2 2 2 1 4 4 7 3 3 4 1 0 0 0 2 1 1
17 102805 1 1 3 2 2 0 0 0 3 3 5 1 0 1 1 4 2 0 0 2 2 0 0 0 0 0 1 3 3 2 0 3 4 6 3 4 6 0 0 0 0 2 1 1
17 96920 1 1 3 2 2 0 0 0 3 3 5 1 0 2 2 4 2 0 0 2 1 0 1 1 0 0 0 1 2 2 1 4 4 7 3 3 4 1 0 0 0 2 1 1
17 90278 1 1 3 2 2 0 0 0 3 3 5 2 0 0 1 3 4 0 0 0 2 0 0 0 0 0 2 1 2 0 2 4 6 6 3 4 6 0 0 0 0 2 1 1
17 100989 1 1 3 2 2 0 0 0 3 3 5 2 0 1 1 4 4 0 0 1 3 0 0 1 0 0 1 2 2 1 1 3 4 6 3 3 5 0 0 0 0 2 1 1
17 94542 1 1 3 2 2 0 0 0 3 3 5 2 0 1 2 4 4 0 0 1 3 0 0 1 0 0 1 1 1 1 1 4 4 6 3 3 5 0 0 0 0 2 1 1
17 93833 1 1 3 2 2 0 0 0 3 4 5 2 0 0 2 3 4 0 0 0 2 0 0 0 0 0 1 1 2 0 1 4 6 6 3 4 6 0 0 0 0 2 1 1
17 102815 1 1 3 2 2 0 0 0 3 4 5 2 0 0 2 4 4 0 0 1 3 0 0 1 0 0 1 2 2 1 0 3 4 6 3 3 5 0 0 0 0 2 1 1
17 96930 1 1 3 2 2 0 0 0 3 4 5 2 0 1 3 4 4 0 0 1 3 0 0 1 0 0 0 0 1 1 1 4 4 6 3 3 5 0 0 0 0 2 1 1
17 105948 1 1 3 2 2 0 0 0 3 4 6 2 0 1 1 4 4 0 0 2 4 1 0 0 0 0 0 2 2 2 0 3 2 6 3 2 5 0 0 0 0 2 1 1
17 90255 1 1 3 2 2 1 0 0 3 2 3 2 0 1 2 3 2 0 1 2 2 0 0 1 0 0 2 1 2 2 2 3 4 6 3 4 4 1 0 0 0 2 1 1
17 94519 1 1 3 2 2 1 0 0 3 2 3 2 0 2 3 4 3 0 1 2 3 0 0 1 0 0 1 1 1 2 1 3 3 6 3 3 5 0 0 0 0 2 1 1
17 90287 1 1 3 2 2 1 0 0 3 3 4 3 0 0 1 2 4 0 1 1 3 0 0 1 0 0 2 1 2 1 2 3 4 6 3 3 5 0 0 0 0 2 1 1
17 94551 1 1 3 2 2 1 0 0 3 3 4 3 0 1 2 3 5 0 1 1 4 0 0 2 0 0 1 1 1 1 1 3 3 6 3 2 4 0 0 0 0 2 1 1
17 34321 1 1 3 3 1 1 0 0 2 4 1 2 0 1 3 1 1 0 2 2 0 0 1 0 0 0 1 3 2 2 1 3 3 5 3 4 3 3 1 2 2 2 1 1
17 39326 1 1 3 3 1 1 0 0 2 4 1 2 0 2 4 2 2 0 2 2 1 0 1 0 0 0 0 2 1 2 1 3 2 5 3 3 4 2 1 2 2 2 1 1
17 51908 1 1 3 3 1 1 0 0 2 4 2 2 0 1 3 2 1 0 2 3 1 0 1 1 0 0 1 2 2 2 1 3 4 6 2 3 3 2 0 1 1 2 1 1
17 56679 1 1 3 3 1 1 0 0 2 4 2 2 0 2 4 3 2 0 2 3 2 0 1 1 0 0 0 1 1 2 1 3 3 6 2 2 4 1 0 1 1 2 1 1
17 34357 1 1 3 3 1 1 0 0 2 5 2 2 0 0 3 2 2 0 1 2 1 0 1 0 0 0 1 2 2 1 1 3 4 5 2 3 4 2 1 2 2 2 1 1
17 39362 1 1 3 3 1 1 0 0 2 5 2 2 0 1 4 3 3 0 1 2 2 0 1 1 0 0 0 1 1 1 1 3 3 5 2 2 3 2 1 2 2 2 1 1
17 51944 1 1 3 3 1 1 0 0 2 5 3 2 0 0 3 3 3 0 1 2 2 0 1 1 0 0 1 1 2 1 1 3 4 6 2 2 4 1 0 1 1 2 1 1
17 56715 1 1 3 3 1 1 0 0 2 5 3 2 0 1 4 4 4 0 1 2 3 0 1 2 0 0 0 0 1 1 1 3 3 6 2 1 3 1 0 1 1 2 1 1
17 34395 1 1 3 3 2 0 0 0 2 3 4 0 0 1 1 3 1 0 1 1 2 0 0 1 0 0 1 3 4 1 1 2 6 3 2 4 2 2 1 2 3 2 2 1
17 51982 1 1 3 3 2 0 0 0 2 3 5 1 0 1 1 3 2 0 1 1 2 0 0 1 0 0 1 2 3 1 1 3 6 5 2 4 3 2 0 1 1 2 1 1
17 65905 1 1 3 3 2 0 0 0 2 3 5 1 0 1 1 4 3 0 1 1 3 0 0 1 0 0 1 3 3 1 0 2 5 5 2 3 4 1 0 1 1 2 1 1
17 34407 1 1 3 3 2 0 0 0 2 4 4 1 0 0 2 3 2 0 1 1 2 0 0 1 0 0 1 2 3 1 1 2 5 4 2 4 3 1 1 2 2 2 2 1
17 51994 1 1 3 3 2 0 0 0 2 4 5 2 0 0 2 3 3 0 1 1 3 0 0 1 0 0 1 1 2 1 1 3 5 5 2 3 4 1 0 1 1 2 1 1
17 65917 1 1 3 3 2 0 0 0 2 4 5 2 0 0 2 4 4 0 1 1 4 0 0 2 0 0 1 2 2 1 0 2 4 5 2 2 3 1 0 1 1 2 1 1
17 74866 1 1 3 3 2 1 0 0 2 3 3 2 0 0 1 2 2 0 0 1 2 0 0 1 0 0 2 2 2 2 2 5 4 5 3 4 3 2 0 1 1 2 1 1
17 74871 1 1 3 3 2 1 0 0 2 3 3 2 0 1 1 3 3 0 0 1 3 0 0 1 0 0 1 3 2 1 1 4 5 5 2 3 4 1 0 1 1 2 1 1
17 93810 1 1 3 3 2 1 0 0 2 3 3 2 0 1 2 3 2 0 1 2 2 0 0 1 0 0 1 2 2 2 1 3 4 6 3 4 4 1 0 0 0 2 1 1
17 96907 1 1 3 3 2 1 0 0 2 3 3 2 0 2 3 4 3 0 1 2 3 0 0 1 0 0 0 1 1 2 1 3 3 6 3 3 5 0 0 0 0 2 1 1
17 82928 1 1 3 3 2 1 0 0 2 3 3 3 0 0 2 2 4 0 0 0 3 0 0 1 0 0 2 1 1 1 2 5 4 5 3 3 4 1 0 1 1 2 1 1
17 82933 1 1 3 3 2 1 0 0 2 3 3 3 0 1 2 3 5 0 0 0 4 0 0 2 0 0 1 2 1 0 1 4 5 5 2 2 3 1 0 1 1 2 1 1
17 93842 1 1 3 3 2 1 0 0 2 4 4 3 0 0 2 2 4 0 1 1 3 0 0 1 0 0 1 1 2 1 1 3 4 6 3 3 5 0 0 0 0 2 1 1
17 96939 1 1 3 3 2 1 0 0 2 4 4 3 0 1 3 3 5 0 1 1 4 0 0 2 0 0 0 0 1 1 1 3 3 6 3 2 4 0 0 0 0 2 1 1
17 90322 1 1 3 3 3 1 0 0 2 2 4 2 0 0 0 2 2 0 0 1 2 0 0 1 0 0 2 2 3 2 2 4 5 6 3 4 4 1 0 0 0 2 1 1
17 101009 1 1 3 3 3 1 0 0 2 2 4 2 0 1 0 3 3 0 0 1 3 0 0 1 0 0 1 3 3 2 1 3 4 6 3 3 5 0 0 0 0 2 1 1
17 93877 1 1 3 3 3 1 0 0 2 2 4 2 0 1 1 2 2 0 1 1 2 0 0 1 0 0 1 2 3 2 1 3 5 6 3 4 4 1 0 0 0 2 1 1
17 102835 1 1 3 3 3 1 0 0 2 2 4 2 0 1 1 3 3 0 1 1 3 0 0 1 0 0 1 3 3 2 0 2 4 6 3 3 5 0 0 0 0 2 1 1
17 90332 1 1 3 3 3 1 0 0 2 2 4 3 0 0 1 2 4 0 0 0 3 0 0 1 0 0 2 1 2 1 2 4 5 6 3 3 5 0 0 0 0 2 1 1
17 101019 1 1 3 3 3 1 0 0 2 2 4 3 0 1 1 3 5 0 0 0 4 0 0 2 0 0 1 2 2 1 1 3 4 6 3 2 4 0 0 0 0 2 1 1
17 93887 1 1 3 3 3 1 0 0 2 3 4 3 0 0 2 2 4 0 1 0 3 0 0 1 0 0 1 1 2 1 1 3 5 6 3 3 5 0 0 0 0 2 1 1
17 102845 1 1 3 3 3 1 0 0 2 3 4 3 0 0 2 3 5 0 1 0 4 0 0 2 0 0 1 2 2 1 0 2 4 6 3 2 4 0 0 0 0 2 1 1
17 90341 1 1 3 3 3 2 0 0 2 2 3 4 0 0 1 1 4 0 1 1 4 0 0 2 0 0 2 1 2 2 2 3 3 6 3 2 4 0 0 0 0 2 1 1
17 107545 1 1 3 3 3 2 1 0 2 2 3 2 2 2 3 4 2 1 2 3 4 0 1 4 2 0 0 1 1 2 0 1 1 2 3 2 2 0 0 0 0 2 1 1
17 113581 1 1 3 3 3 2 1 0 2 3 3 3 2 1 4 4 4 2 2 2 5 1 0 3 1 0 0 0 0 1 0 1 1 2 3 2 2 0 0 0 0 2 1 1
17 107557 1 1 3 3 3 2 1 0 2 3 4 3 2 1 2 3 4 2 2 2 5 1 0 3 1 0 0 1 1 1 0 1 1 2 3 2 2 0 0 0 0 2 1 1
17 34417 1 1 3 4 2 1 0 0 1 4 3 2 0 0 2 2 2 0 2 2 2 0 1 1 0 0 1 2 3 2 1 1 3 5 2 2 3 2 1 2 2 2 1 1
17 52004 1 1 3 4 2 1 0 0 1 4 4 3 0 0 2 2 3 0 2 2 3 0 1 2 0 0 1 1 2 2 1 2 3 6 2 1 3 1 0 1 1 2 1 1
17 74880 1 1 3 4 2 2 1 0 1 4 2 2 2 1 3 3 1 1 2 4 3 0 2 4 2 0 0 2 1 2 0 2 1 2 2 1 1 1 0 1 1 2 1 1
17 82942 1 1 3 4 2 2 1 0 1 4 2 3 2 1 4 3 3 2 2 3 4 1 1 3 1 0 0 1 0 1 0 2 1 2 2 1 1 1 0 1 1 2 1 1
17 74892 1 1 3 4 2 2 1 0 1 5 3 2 2 0 3 4 3 2 1 3 4 1 1 3 1 0 0 1 1 1 0 2 1 2 2 1 1 1 0 1 1 2 1 1
17 93896 1 1 3 4 3 2 0 0 1 3 3 4 0 0 2 1 4 0 2 1 4 0 0 2 0 0 1 1 2 2 1 2 3 6 3 2 4 0 0 0 0 2 1 1
17 108666 1 1 3 4 3 2 1 0 1 3 3 2 2 1 2 4 2 1 1 3 4 0 1 4 2 0 0 2 1 2 0 2 1 2 3 2 2 0 0 0 0 2 1 1
17 114108 1 1 3 4 3 2 1 0 1 3 3 3 2 1 3 4 4 2 1 2 5 1 0 3 1 0 0 1 0 1 0 2 1 2 3 2 2 0 0 0 0 2 1 1
17 108678 1 1 3 4 3 2 1 0 1 4 4 3 2 0 2 3 4 2 1 2 5 1 0 3 1 0 0 1 1 1 0 2 1 2 3 2 2 0 0 0 0 2 1 1
17 138339 1 1 3 5 4 4 2 0 0 3 2 4 4 0 3 2 4 6 3 2 4 4 0 0 0 0 0 0 0 0 0 0 0 0 3 2 2 0 0 0 0 2 1 1
17 34063 1 2 1 2 0 0 0 2 1 4 0 0 0 0 2 0 0 0 0 0 0 0 0 0 0 2 3 4 2 0 3 8 4 2 4 2 2 0 1 5 4 5 4 2
17 39160 1 2 1 2 0 0 0 2 1 4 0 0 0 0 3 0 0 0 1 0 0 0 0 0 0 2 3 4 2 1 2 7 3 3 5 2 2 1 1 4 3 5 3 2
17 34083 1 2 1 2 0 0 0 2 1 4 0 0 0 1 3 0 0 0 1 0 0 0 0 0 0 2 2 4 2 1 2 7 3 3 5 2 2 1 1 4 3 5 3 2
17 39179 1 2 1 2 0 0 0 2 1 4 0 0 0 1 4 0 0 0 2 0 0 0 0 0 0 2 2 4 2 2 1 6 2 4 6 2 3 0 1 3 2 5 3 2
17 51656 1 2 1 2 0 0 0 2 2 4 1 0 0 0 2 1 0 0 0 0 0 0 0 0 0 1 3 3 2 0 3 7 6 2 4 4 2 0 1 3 4 3 5 1
17 34065 1 2 1 2 0 0 0 2 2 4 1 0 0 0 2 1 0 0 0 0 0 0 0 0 0 1 3 3 2 0 3 8 6 2 4 4 2 0 0 3 4 3 5 1
17 56519 1 2 1 2 0 0 0 2 2 4 1 0 0 0 3 1 0 0 1 0 0 0 0 0 0 1 3 3 2 1 2 6 5 3 5 4 2 1 1 2 3 3 4 1
17 39161 1 2 1 2 0 0 0 2 2 4 1 0 0 0 3 1 0 0 1 1 0 0 0 0 0 1 3 3 2 1 2 7 4 3 4 4 2 1 0 3 3 3 4 1
17 65693 1 2 1 2 0 0 0 2 2 4 1 0 0 1 2 2 0 0 0 1 0 0 0 0 0 1 2 3 2 0 3 6 6 2 3 5 2 1 1 3 4 2 4 1
17 34071 1 2 1 2 0 0 0 2 2 4 1 0 0 1 2 2 0 0 0 1 0 0 0 0 0 1 2 4 2 0 2 7 6 2 3 5 2 1 0 3 4 2 4 1
17 34085 1 2 1 2 0 0 0 2 2 4 1 0 0 1 3 1 0 0 1 0 0 0 0 0 0 1 2 3 2 1 2 7 5 3 5 4 2 1 0 2 3 3 4 1
17 51675 1 2 1 2 0 0 0 2 2 4 1 0 0 1 3 1 0 0 1 1 0 0 0 0 0 1 2 3 2 1 2 6 4 3 4 4 2 1 1 3 3 3 4 1
17 39167 1 2 1 2 0 0 0 2 2 4 1 0 0 1 3 2 0 0 1 2 0 0 1 0 0 1 2 4 2 1 1 6 4 3 3 3 2 2 0 3 4 2 3 1
17 56537 1 2 1 2 0 0 0 2 2 4 1 0 0 1 4 1 0 0 2 1 0 0 0 0 0 1 2 3 2 2 1 5 3 4 5 4 3 0 1 2 2 3 4 1
17 39181 1 2 1 2 0 0 0 2 2 4 1 0 0 1 4 1 0 0 2 1 0 0 0 0 0 1 2 3 2 2 1 6 3 4 5 4 3 0 0 2 2 3 4 1
17 65711 1 2 1 2 0 0 0 2 2 4 1 0 0 2 3 2 0 0 1 2 0 0 1 0 0 1 1 3 2 1 2 5 4 3 3 3 2 2 1 3 4 2 3 1
17 71914 1 2 1 2 0 0 0 2 2 4 2 0 0 1 3 3 1 0 0 1 1 0 0 0 0 1 2 2 2 0 2 5 6 3 3 4 3 1 1 2 3 2 3 1
17 71930 1 2 1 2 0 0 0 2 2 4 2 0 0 2 4 3 1 0 1 2 1 0 1 1 0 1 1 2 2 1 1 4 4 4 3 2 2 1 1 2 3 2 3 1
17 78917 1 2 1 2 0 0 0 2 2 5 1 1 0 0 3 2 1 0 1 1 0 0 0 0 0 1 2 3 1 1 2 5 4 4 4 5 3 1 1 2 2 2 3 1
17 34099 1 2 1 2 0 0 0 2 2 5 1 1 0 1 4 2 1 0 1 1 0 0 0 0 0 1 1 3 1 1 1 6 4 4 4 5 3 1 0 2 2 2 3 1
17 78933 1 2 1 2 0 0 0 2 2 5 1 1 0 1 4 2 1 0 2 2 1 0 0 0 0 1 1 3 1 2 1 4 2 4 4 4 4 0 1 2 2 2 3 1
17 39195 1 2 1 2 0 0 0 2 2 5 1 1 0 1 5 2 1 0 2 2 1 0 0 0 0 1 1 3 1 2 0 5 2 4 4 4 4 0 0 2 2 2 3 1
17 34123 1 2 1 2 0 0 0 2 2 5 2 0 0 1 3 3 1 0 0 1 1 0 0 0 0 1 1 3 2 0 1 6 6 3 3 4 3 1 0 2 3 2 3 1
17 39219 1 2 1 2 0 0 0 2 2 5 2 0 0 1 4 3 1 0 1 2 1 0 1 1 0 1 1 3 2 1 0 5 4 4 3 2 2 1 0 2 3 2 3 1
17 81113 1 2 1 2 0 0 0 2 2 5 2 1 0 0 3 3 2 0 0 1 1 0 0 0 0 1 2 2 1 0 2 5 5 4 3 4 4 0 1 2 2 2 3 1
17 81129 1 2 1 2 0 0 0 2 2 5 2 1 0 1 4 3 2 0 1 2 2 0 0 1 0 1 1 2 1 1 1 4 3 4 3 3 3 0 1 2 2 2 3 1
17 34135 1 2 1 2 0 0 0 2 2 6 2 1 0 0 4 3 2 0 0 1 1 0 0 0 0 1 1 2 1 0 1 6 5 4 3 4 4 0 0 2 2 2 3 1
17 39231 1 2 1 2 0 0 0 2 2 6 2 1 0 0 5 3 2 0 1 2 2 0 0 1 0 1 1 2 1 1 0 5 3 4 3 3 3 0 0 2 2 2 3 1
17 51657 1 2 1 2 0 0 0 2 3 4 2 0 0 0 2 2 0 0 0 0 0 0 0 0 0 0 3 2 2 0 3 7 8 2 4 6 3 0 0 1 4 1 4 1
17 56520 1 2 1 2 0 0 0 2 3 4 2 0 0 0 3 2 0 0 1 1 0 0 0 0 0 0 3 2 2 1 2 6 6 3 4 6 3 1 0 1 3 1 3 1
17 65694 1 2 1 2 0 0 0 2 3 4 2 0 0 1 2 3 0 0 0 1 0 0 0 0 0 0 2 2 2 0 3 6 8 3 3 6 3 1 0 1 3 1 3 1
17 51663 1 2 1 2 0 0 0 2 3 4 2 0 0 1 2 3 0 0 0 1 0 0 0 0 0 0 2 3 2 0 2 6 8 3 3 6 3 1 0 1 3 1 3 1
17 51676 1 2 1 2 0 0 0 2 3 4 2 0 0 1 3 2 0 0 1 1 0 0 0 0 0 0 2 2 2 1 2 6 6 3 4 6 3 1 0 1 3 1 3 1
17 56525 1 2 1 2 0 0 0 2 3 4 2 0 0 1 3 3 0 0 1 2 0 0 1 0 0 0 2 3 2 1 1 5 6 4 3 4 3 2 0 1 3 1 2 1
17 56538 1 2 1 2 0 0 0 2 3 4 2 0 0 1 4 2 0 0 2 2 0 0 0 0 0 0 2 2 2 2 1 5 4 4 4 6 4 0 0 1 2 1 3 1
17 65699 1 2 1 2 0 0 0 2 3 4 2 0 0 2 2 4 0 0 0 2 0 0 0 0 0 0 1 3 2 0 2 5 8 4 2 6 4 0 0 1 2 1 3 1
17 65712 1 2 1 2 0 0 0 2 3 4 2 0 0 2 3 3 0 0 1 2 0 0 1 0 0 0 1 2 2 1 2 5 6 4 3 4 3 2 0 1 3 1 2 1
17 71915 1 2 1 2 0 0 0 2 3 4 3 0 0 1 3 4 2 0 0 1 1 0 0 0 0 0 2 1 2 0 2 5 6 4 3 5 4 1 0 1 2 1 2 1
17 71920 1 2 1 2 0 0 0 2 3 4 3 0 0 2 3 5 2 0 0 2 2 0 0 0 0 0 1 2 2 0 1 4 6 4 2 4 5 0 0 1 2 1 2 1
17 71931 1 2 1 2 0 0 0 2 3 4 3 0 0 2 4 4 2 0 1 2 1 0 1 1 0 0 1 1 2 1 1 4 4 5 3 3 3 1 0 1 2 1 2 1
17 78918 1 2 1 2 0 0 0 2 3 5 2 1 0 0 3 3 1 0 1 2 1 0 0 0 0 0 2 2 1 1 2 5 5 4 3 5 4 1 0 1 2 1 2 1
17 78923 1 2 1 2 0 0 0 2 3 5 2 1 0 1 3 4 1 0 1 3 1 0 1 1 0 0 1 3 1 1 1 4 5 5 2 3 3 1 0 1 2 1 2 1
17 51689 1 2 1 2 0 0 0 2 3 5 2 1 0 1 4 3 1 0 1 2 1 0 0 0 0 0 1 2 1 1 1 5 5 4 3 5 4 1 0 1 2 1 2 1
17 78934 1 2 1 2 0 0 0 2 3 5 2 1 0 1 4 3 1 0 2 3 2 0 0 0 0 0 1 2 1 2 1 4 3 4 3 4 5 0 0 1 2 1 2 1
17 56551 1 2 1 2 0 0 0 2 3 5 2 1 0 1 5 3 1 0 2 3 2 0 0 0 0 0 1 2 1 2 0 4 3 4 3 4 5 0 0 1 2 1 2 1
17 65723 1 2 1 2 0 0 0 2 3 5 2 1 0 2 4 4 1 0 1 3 1 0 1 1 0 0 0 2 1 1 1 4 5 5 2 3 3 1 0 1 2 1 2 1
17 51713 1 2 1 2 0 0 0 2 3 5 3 0 0 1 3 4 2 0 0 1 1 0 0 0 0 0 1 2 2 0 1 5 6 4 3 5 4 1 0 1 2 1 2 1
17 56575 1 2 1 2 0 0 0 2 3 5 3 0 0 1 4 4 2 0 1 2 1 0 1 1 0 0 1 2 2 1 0 4 4 5 3 3 3 1 0 1 2 1 2 1
17 65735 1 2 1 2 0 0 0 2 3 5 3 0 0 2 3 5 2 0 0 2 2 0 0 0 0 0 0 2 2 0 1 4 6 4 2 4 5 0 0 1 2 1 2 1
17 81114 1 2 1 2 0 0 0 2 3 5 3 1 0 0 3 4 3 0 0 1 2 0 0 0 0 0 2 1 1 0 2 5 5 4 3 4 5 0 0 1 2 1 2 1
17 81119 1 2 1 2 0 0 0 2 3 5 3 1 0 1 3 5 3 0 0 2 3 0 0 1 0 0 1 2 1 0 1 4 5 4 2 3 4 0 0 1 2 1 2 1
17 81130 1 2 1 2 0 0 0 2 3 5 3 1 0 1 4 4 3 0 1 2 3 0 0 1 0 0 1 1 1 1 1 4 3 4 3 3 4 0 0 1 2 1 2 1
17 71942 1 2 1 2 0 0 0 2 3 5 4 0 0 2 4 6 4 0 0 2 4 1 0 0 0 0 0 1 2 0 0 3 4 4 2 2 4 0 0 1 2 1 2 1
17 78945 1 2 1 2 0 0 0 2 3 6 2 2 0 1 5 4 2 0 2 4 4 1 0 0 0 0 0 2 0 2 0 3 2 4 2 2 4 0 0 1 2 1 2 1
17 51725 1 2 1 2 0 0 0 2 3 6 3 1 0 0 4 4 3 0 0 1 2 0 0 0 0 0 1 1 1 0 1 5 5 4 3 4 5 0 0 1 2 1 2 1
17 56587 1 2 1 2 0 0 0 2 3 6 3 1 0 0 5 4 3 0 1 2 3 0 0 1 0 0 1 1 1 1 0 4 3 4 3 3 4 0 0 1 2 1 2 1
17 65747 1 2 1 2 0 0 0 2 3 6 3 1 0 1 4 5 3 0 0 2 3 0 0 1 0 0 0 1 1 0 1 4 5 4 2 3 4 0 0 1 2 1 2 1
17 74811 1 2 1 2 1 0 0 2 2 3 3 0 0 1 2 3 1 0 1 1 2 0 0 1 0 1 2 2 3 1 2 3 5 3 3 3 2 1 1 2 3 2 3 1
17 82897 1 2 1 2 1 0 0 2 2 4 3 1 0 0 2 3 2 0 1 1 2 0 0 1 0 1 2 2 2 1 2 3 4 4 3 3 3 0 1 2 2 2 3 1
17 74812 1 2 1 2 1 0 0 2 3 3 4 1 0 1 2 3 2 0 1 1 2 0 0 1 0 0 2 1 2 1 2 4 5 4 3 4 3 1 0 1 2 1 2 1
17 74817 1 2 1 2 1 0 0 2 3 3 4 1 0 2 2 4 3 0 1 1 3 0 0 1 0 0 1 2 2 0 1 3 6 4 2 3 4 0 0 1 2 1 2 1
17 82898 1 2 1 2 1 0 0 2 3 4 4 2 0 0 2 3 3 0 1 1 3 0 0 1 0 0 2 1 1 1 2 4 4 4 3 3 4 0 0 1 2 1 2 1
17 82903 1 2 1 2 1 0 0 2 3 4 4 2 0 1 2 4 4 0 1 1 4 0 0 2 0 0 1 2 1 0 1 3 5 4 2 2 3 0 0 1 2 1 2 1
17 34183 1 2 1 3 1 0 0 2 1 4 3 0 0 1 2 3 1 0 1 1 2 0 0 1 0 1 1 3 3 1 1 4 5 3 3 3 2 1 0 2 3 2 3 1
17 34195 1 2 1 3 1 0 0 2 1 5 3 1 0 0 3 3 2 0 1 1 2 0 0 1 0 1 1 2 2 1 1 4 4 4 3 3 3 0 0 2 2 2 3 1
17 51773 1 2 1 3 1 0 0 2 2 4 4 1 0 1 2 3 2 0 1 1 2 0 0 1 0 0 1 2 2 1 1 4 5 4 3 4 3 1 0 1 2 1 2 1
17 65771 1 2 1 3 1 0 0 2 2 4 4 1 0 2 2 4 3 0 1 1 3 0 0 1 0 0 0 2 2 0 1 3 6 4 2 3 4 0 0 1 2 1 2 1
17 51785 1 2 1 3 1 0 0 2 2 5 4 2 0 0 3 3 3 0 1 1 3 0 0 1 0 0 1 1 1 1 1 4 4 4 3 3 4 0 0 1 2 1 2 1
17 65783 1 2 1 3 1 0 0 2 2 5 4 2 0 1 3 4 4 0 1 1 4 0 0 2 0 0 0 1 1 0 1 3 5 4 2 2 3 0 0 1 2 1 2 1
18 25276 1 2 2 0 0 0 0 2 4 0 0 0 0 2 0 0 0 0 0 0 0 0 0 0 0 2 6 4 0 0 6 8 0 0 4 0 0 0 4 10 6 10 6 2
18 25278 1 2 2 0 0 0 0 2 4 1 0 0 0 2 1 0 0 0 0 0 0 0 0 0 0 2 5 4 0 0 5 10 2 0 4 2 0 0 2 8 6 8 7 1
18 25284 1 2 2 0 0 0 0 2 4 1 0 0 0 2 2 0 0 0 1 0 0 0 0 0 0 2 5 4 1 0 4 8 3 0 4 3 0 1 2 7 6 7 6 1
18 26971 1 2 2 0 0 0 0 2 4 2 0 0 0 2 2 1 0 0 0 0 0 0 0 0 0 2 4 4 0 0 4 10 4 0 4 4 0 0 1 6 6 6 8 0
18 26977 1 2 2 0 0 0 0 2 4 2 0 0 0 2 3 1 0 0 1 1 0 0 0 0 0 2 4 4 1 0 3 8 4 0 3 5 0 1 1 6 6 5 7 0
18 34482 1 2 2 0 0 0 0 2 4 2 0 0 0 2 4 1 0 0 2 2 0 0 1 0 0 2 4 4 2 0 2 6 4 0 2 4 0 2 1 6 7 4 6 0
18 25296 1 2 2 0 0 0 0 2 5 1 0 0 0 2 1 0 0 0 0 0 0 0 0 0 0 1 5 4 0 0 5 9 2 0 4 2 0 0 3 8 6 8 7 1
18 25316 1 2 2 0 0 0 0 2 5 1 0 0 0 3 2 0 0 0 1 0 0 0 0 0 0 1 4 3 1 0 5 7 3 0 4 3 0 1 3 7 6 7 6 1
18 25298 1 2 2 0 0 0 0 2 5 2 0 0 0 2 2 0 0 0 0 0 0 0 0 0 0 1 4 4 0 0 4 11 4 0 4 4 0 0 1 6 6 6 8 0
18 26989 1 2 2 0 0 0 0 2 5 2 0 0 0 2 2 0 0 0 0 0 0 0 0 0 0 1 4 4 0 0 4 11 4 0 4 4 1 0 1 6 6 6 6 1
18 25304 1 2 2 0 0 0 0 2 5 2 0 0 0 2 3 0 0 0 1 0 0 0 0 0 0 1 4 4 1 0 3 9 5 0 4 5 0 1 1 5 6 5 7 0
18 34494 1 2 2 0 0 0 0 2 5 2 0 0 0 2 3 0 0 0 1 0 0 0 0 0 0 1 4 4 1 0 3 9 5 1 4 4 1 1 1 5 5 6 5 1
18 25318 1 2 2 0 0 0 0 2 5 2 0 0 0 3 3 0 0 0 1 0 0 0 0 0 0 1 3 3 1 0 4 9 5 0 4 5 0 1 1 5 6 5 7 0
18 27009 1 2 2 0 0 0 0 2 5 2 0 0 0 3 3 0 0 0 1 0 0 0 0 0 0 1 3 3 1 0 4 9 5 1 4 4 1 1 1 5 5 6 5 1
18 34513 1 2 2 0 0 0 0 2 5 2 0 0 0 3 4 0 0 0 2 0 0 0 0 0 0 1 3 3 2 0 3 7 6 2 4 4 2 0 1 4 4 6 5 1
18 25332 1 2 2 0 0 0 0 2 5 2 1 0 0 3 4 2 0 0 1 1 0 0 0 0 0 1 3 2 1 0 3 7 6 1 3 6 1 1 1 4 5 4 6 0
18 26991 1 2 2 0 0 0 0 2 5 3 0 0 0 2 3 1 0 0 0 0 0 0 0 0 0 1 3 4 0 0 3 11 6 0 4 6 1 0 0 4 6 4 7 0
18 26997 1 2 2 0 0 0 0 2 5 3 0 0 0 2 4 1 0 0 1 1 0 0 0 0 0 1 3 4 1 0 2 9 6 0 3 7 1 1 0 4 6 3 6 0
18 34495 1 2 2 0 0 0 0 2 5 3 0 0 0 2 4 1 0 0 1 1 0 0 0 0 0 1 3 4 1 0 2 9 6 1 3 6 1 1 0 4 5 4 6 0
18 34501 1 2 2 0 0 0 0 2 5 3 0 0 0 2 5 1 0 0 2 2 0 0 1 0 0 1 3 4 2 0 1 7 6 1 2 5 1 2 0 4 6 3 5 0
18 27011 1 2 2 0 0 0 0 2 5 3 0 0 0 3 4 1 0 0 1 0 0 0 0 0 0 1 2 3 1 0 3 9 7 1 4 6 1 1 0 3 5 4 6 0
18 34515 1 2 2 0 0 0 0 2 5 3 0 0 0 3 5 1 0 0 2 1 0 0 0 0 0 1 2 3 2 0 2 7 7 2 3 6 2 0 0 3 4 4 6 0
18 25356 1 2 2 0 0 0 0 2 5 3 1 0 0 2 3 2 0 0 1 1 0 0 0 0 0 1 3 3 1 0 3 7 6 1 3 6 1 1 1 4 5 4 6 0
18 27025 1 2 2 0 0 0 0 2 5 3 1 0 0 3 5 3 1 0 1 1 0 0 0 0 0 1 2 2 1 0 2 7 6 2 3 7 2 1 0 3 4 3 5 0
18 34529 1 2 2 0 0 0 0 2 5 3 1 0 0 3 6 3 1 0 2 2 1 0 0 0 0 1 2 2 2 0 1 5 6 2 2 6 3 0 0 3 4 3 5 0
18 25368 1 2 2 0 0 0 0 2 5 3 2 0 0 2 3 4 0 0 0 2 0 0 0 0 0 1 3 2 0 0 3 7 6 2 2 6 2 0 1 4 4 4 6 0
18 27049 1 2 2 0 0 0 0 2 5 4 1 0 0 2 4 3 0 0 1 2 1 0 0 0 0 1 2 3 1 0 2 7 7 1 2 6 2 1 0 3 5 3 5 0
18 34553 1 2 2 0 0 0 0 2 5 4 1 0 0 2 5 3 0 0 2 3 1 0 1 1 0 1 2 3 2 0 1 5 7 2 1 4 1 1 0 3 5 3 5 0
18 27061 1 2 2 0 0 0 0 2 5 4 2 0 0 2 4 5 1 0 0 2 1 0 0 0 0 1 2 2 0 0 2 7 6 2 2 6 3 0 0 3 4 3 5 0
18 34565 1 2 2 0 0 0 0 2 5 4 2 0 0 2 5 5 1 0 1 3 2 0 0 1 0 1 2 2 1 0 1 5 6 2 1 5 2 0 0 3 4 3 5 0
18 44236 1 2 2 0 0 0 0 2 6 2 0 0 0 2 2 1 0 0 0 0 0 0 0 0 0 0 4 4 0 0 4 8 4 0 4 4 0 0 3 6 6 6 8 0
18 44255 1 2 2 0 0 0 0 2 6 2 0 0 0 3 3 1 0 0 1 1 0 0 0 0 0 0 3 3 1 0 4 6 4 0 3 5 0 1 3 6 6 5 7 0
18 61355 1 2 2 0 0 0 0 2 6 2 0 0 0 4 4 1 0 0 2 2 0 0 1 0 0 0 2 2 2 0 4 4 4 0 2 4 0 2 3 6 7 4 6 0
18 44237 1 2 2 0 0 0 0 2 6 3 0 0 0 2 3 1 0 0 0 0 0 0 0 0 0 0 3 4 0 0 3 10 6 0 4 6 1 0 1 4 6 4 7 0
18 44243 1 2 2 0 0 0 0 2 6 3 0 0 0 2 4 1 0 0 1 0 0 0 0 0 0 0 3 4 1 0 2 8 7 1 4 6 1 1 1 3 5 4 6 0
18 44256 1 2 2 0 0 0 0 2 6 3 0 0 0 3 4 1 0 0 1 1 0 0 0 0 0 0 2 3 1 0 3 8 6 0 3 7 1 1 1 4 6 3 6 0
18 45335 1 2 2 0 0 0 0 2 6 3 0 0 0 3 4 1 0 0 1 1 0 0 0 0 0 0 2 3 1 0 3 8 6 1 3 6 1 1 1 4 5 4 6 0
18 52081 1 2 2 0 0 0 0 2 6 3 0 0 0 3 5 1 0 0 2 1 0 0 0 0 0 0 2 3 2 0 2 6 7 2 3 6 2 0 1 3 4 4 6 0
18 61356 1 2 2 0 0 0 0 2 6 3 0 0 0 4 5 1 0 0 2 2 0 0 1 0 0 0 1 2 2 0 3 6 6 1 2 5 1 2 1 4 6 3 5 0
18 44269 1 2 2 0 0 0 0 2 6 3 1 0 0 3 5 3 0 0 1 2 1 0 0 0 0 0 2 2 1 0 2 6 7 1 2 6 2 1 1 3 5 3 5 0
18 61367 1 2 2 0 0 0 0 2 6 3 1 0 0 4 6 3 0 0 2 3 1 0 1 1 0 0 1 1 2 0 2 4 7 2 1 4 1 1 1 3 5 3 5 0
18 45317 1 2 2 0 0 0 0 2 6 4 0 0 0 2 4 2 0 0 0 0 0 0 0 0 0 0 2 4 0 0 2 10 8 0 4 8 2 0 0 2 6 2 6 0
18 45323 1 2 2 0 0 0 0 2 6 4 0 0 0 2 5 2 0 0 1 1 0 0 0 0 0 0 2 4 1 0 1 8 8 1 3 8 2 1 0 2 5 2 5 0
18 52069 1 2 2 0 0 0 0 2 6 4 0 0 0 2 6 2 0 0 2 2 0 0 1 0 0 0 2 4 2 0 0 6 8 2 2 6 2 2 0 2 5 2 4 0
18 45336 1 2 2 0 0 0 0 2 6 4 0 0 0 3 5 2 0 0 1 1 0 0 0 0 0 0 1 3 1 0 2 8 8 1 3 8 2 1 0 2 5 2 5 0
18 52082 1 2 2 0 0 0 0 2 6 4 0 0 0 3 6 2 0 0 2 2 0 0 0 0 0 0 1 3 2 0 1 6 8 2 2 8 3 0 0 2 4 2 5 0
18 62039 1 2 2 0 0 0 0 2 6 4 0 0 0 4 6 2 0 0 2 2 0 0 1 0 0 0 0 2 2 0 2 6 8 2 2 6 2 2 0 2 5 2 4 0
18 44293 1 2 2 0 0 0 0 2 6 4 1 0 0 2 4 3 1 0 1 1 0 0 0 0 0 0 2 3 1 0 2 6 6 2 3 7 2 1 1 3 4 3 5 0
18 61379 1 2 2 0 0 0 0 2 6 4 1 0 0 3 5 3 1 0 2 2 1 0 0 0 0 0 1 2 2 0 2 4 6 2 2 6 3 0 1 3 4 3 5 0
18 45349 1 2 2 0 0 0 0 2 6 4 1 0 0 3 6 4 1 0 1 2 1 0 0 0 0 0 1 2 1 0 1 6 7 2 2 7 3 1 0 2 4 2 4 0
18 52095 1 2 2 0 0 0 0 2 6 4 1 0 0 3 7 4 1 0 2 3 2 0 0 0 0 0 1 2 2 0 0 4 7 2 1 6 4 0 0 2 4 2 4 0
18 62050 1 2 2 0 0 0 0 2 6 4 1 0 0 4 7 4 1 0 2 3 1 0 1 1 0 0 0 1 2 0 1 4 7 3 1 5 2 1 0 2 4 2 4 0
18 44305 1 2 2 0 0 0 0 2 6 4 2 0 0 2 4 5 1 0 0 2 1 0 0 0 0 0 2 2 0 0 2 6 6 2 2 6 3 0 1 3 4 3 5 0
18 61391 1 2 2 0 0 0 0 2 6 4 2 0 0 3 5 5 1 0 1 3 2 0 0 1 0 0 1 1 1 0 2 4 6 2 1 5 2 0 1 3 4 3 5 0
18 45373 1 2 2 0 0 0 0 2 6 5 1 0 0 2 5 4 1 0 1 2 1 0 0 0 0 0 1 3 1 0 1 6 7 2 2 7 3 1 0 2 4 2 4 0
18 52119 1 2 2 0 0 0 0 2 6 5 1 0 0 2 6 4 1 0 2 3 1 0 1 1 0 0 1 3 2 0 0 4 7 3 1 5 2 1 0 2 4 2 4 0
18 62062 1 2 2 0 0 0 0 2 6 5 1 0 0 3 6 4 1 0 2 3 2 0 0 0 0 0 0 2 2 0 1 4 7 2 1 6 4 0 0 2 4 2 4 0
18 45385 1 2 2 0 0 0 0 2 6 5 2 0 0 2 5 6 2 0 0 2 2 0 0 0 0 0 1 2 0 0 1 6 6 2 2 6 4 0 0 2 4 2 4 0
18 52131 1 2 2 0 0 0 0 2 6 5 2 0 0 2 6 6 2 0 1 3 3 0 0 1 0 0 1 2 1 0 0 4 6 2 1 5 3 0 0 2 4 2 4 0
18 62074 1 2 2 0 0 0 0 2 6 5 2 0 0 3 6 6 2 0 1 3 3 0 0 1 0 0 0 1 1 0 1 4 6 2 1 5 3 0 0 2 4 2 4 0
18 70481 1 2 2 0 0 0 0 2 6 5 2 0 0 3 7 6 2 0 2 4 4 1 0 0 0 0 0 1 2 0 0 2 6 2 0 4 3 0 0 2 4 2 4 0
18 25280 1 2 2 1 0 0 0 2 3 2 0 0 0 1 1 0 0 0 0 0 0 0 0 0 0 2 5 5 1 0 4 9 3 0 4 3 0 1 2 7 6 7 6 1
18 25286 1 2 2 1 0 0 0 2 3 2 0 0 0 1 2 0 0 0 1 0 0 0 0 0 0 2 5 5 2 0 3 7 4 0 4 4 0 2 2 6 6 6 5 1
18 26973 1 2 2 1 0 0 0 2 3 3 1 0 0 1 1 1 0 0 0 0 0 0 0 0 0 2 4 4 1 0 4 9 5 0 4 5 0 1 1 5 6 5 7 0
18 26979 1 2 2 1 0 0 0 2 3 3 1 0 0 1 2 1 0 0 1 1 0 0 0 0 0 2 4 4 2 0 3 7 5 0 3 6 0 2 1 5 6 4 6 0
18 29627 1 2 2 1 0 0 0 2 3 3 1 0 0 1 2 2 0 0 0 1 0 0 0 0 0 2 4 4 1 0 3 8 5 0 3 6 0 2 1 5 6 4 6 0
18 34484 1 2 2 1 0 0 0 2 3 3 1 0 0 1 3 2 0 0 1 2 0 0 1 0 0 2 4 4 2 0 2 6 5 0 2 5 0 3 1 5 7 3 5 0
18 25300 1 2 2 1 0 0 0 2 4 3 0 0 0 1 2 0 0 0 0 0 0 0 0 0 0 1 4 5 1 0 3 10 5 0 4 5 0 1 1 5 6 5 7 0
18 29639 1 2 2 1 0 0 0 2 4 3 0 0 0 1 2 0 0 0 0 0 0 0 0 0 0 1 4 5 1 0 3 10 5 1 4 4 1 1 1 5 5 6 5 1
18 25306 1 2 2 1 0 0 0 2 4 3 0 0 0 1 3 0 0 0 1 0 0 0 0 0 0 1 4 5 2 0 2 8 6 0 4 6 0 2 1 4 6 4 6 0
18 36218 1 2 2 1 0 0 0 2 4 3 0 0 0 1 3 0 0 0 1 0 0 0 0 0 0 1 4 5 2 0 2 8 6 2 4 4 1 2 1 4 4 6 4 1
18 25320 1 2 2 1 0 0 0 2 4 3 0 0 0 2 3 0 0 0 1 0 0 0 0 0 0 1 3 4 2 0 3 8 6 0 4 6 0 2 1 4 6 4 6 0
18 29658 1 2 2 1 0 0 0 2 4 3 0 0 0 2 3 0 0 0 1 0 0 0 0 0 0 1 3 4 2 1 3 8 4 2 5 4 1 2 1 4 4 6 4 1
18 36237 1 2 2 1 0 0 0 2 4 3 0 0 0 2 4 0 0 0 2 0 0 0 0 0 0 1 3 4 3 1 2 6 5 3 5 4 2 1 1 3 3 6 4 1
18 25334 1 2 2 1 0 0 0 2 4 3 1 0 0 2 4 2 0 0 1 1 0 0 0 0 0 1 3 3 2 0 2 6 7 1 3 7 1 2 1 3 5 3 5 0
18 26993 1 2 2 1 0 0 0 2 4 4 1 0 0 1 2 1 0 0 0 0 0 0 0 0 0 1 3 4 1 0 3 10 7 0 4 7 1 1 0 3 6 3 6 0
18 29640 1 2 2 1 0 0 0 2 4 4 1 0 0 1 2 1 0 0 0 0 0 0 0 0 0 1 3 4 1 0 3 10 7 1 4 6 1 1 0 3 5 4 6 0
18 26999 1 2 2 1 0 0 0 2 4 4 1 0 0 1 3 1 0 0 1 1 0 0 0 0 0 1 3 4 2 0 2 8 7 0 3 8 1 2 0 3 6 2 5 0
18 36219 1 2 2 1 0 0 0 2 4 4 1 0 0 1 3 1 0 0 1 1 0 0 0 0 0 1 3 4 2 0 2 8 7 2 3 6 1 2 0 3 4 4 5 0
18 29646 1 2 2 1 0 0 0 2 4 4 1 0 0 1 3 2 0 0 0 1 0 0 0 0 0 1 3 4 1 0 2 9 7 1 3 7 1 2 0 3 5 3 5 0
18 25358 1 2 2 1 0 0 0 2 4 4 1 0 0 1 3 2 0 0 1 1 0 0 0 0 0 1 3 4 2 0 2 6 7 1 3 7 1 2 1 3 5 3 5 0
18 34503 1 2 2 1 0 0 0 2 4 4 1 0 0 1 4 2 0 0 1 2 0 0 1 0 0 1 3 4 2 0 1 7 7 1 2 6 1 3 0 3 6 2 4 0
18 36225 1 2 2 1 0 0 0 2 4 4 1 0 0 1 4 2 0 0 1 2 0 0 1 0 0 1 3 4 2 0 1 7 7 2 2 5 1 3 0 3 5 3 4 0
18 27013 1 2 2 1 0 0 0 2 4 4 1 0 0 2 3 1 0 0 1 0 0 0 0 0 0 1 2 3 2 0 3 8 8 1 4 7 1 2 0 2 5 3 5 0
18 29660 1 2 2 1 0 0 0 2 4 4 1 0 0 2 3 1 0 0 1 0 0 0 0 0 0 1 2 3 2 1 3 8 6 2 5 6 1 2 0 2 4 4 5 0
18 36238 1 2 2 1 0 0 0 2 4 4 1 0 0 2 4 1 0 0 2 1 0 0 0 0 0 1 2 3 3 1 2 6 6 3 4 6 2 1 0 2 3 4 5 0
18 34517 1 2 2 1 0 0 0 2 4 4 1 0 0 2 4 2 0 0 1 1 0 0 0 0 0 1 2 3 2 0 2 7 8 2 3 7 2 1 0 2 4 3 5 0
18 25370 1 2 2 1 0 0 0 2 4 4 2 0 0 1 3 4 0 0 0 2 0 0 0 0 0 1 3 3 1 0 2 6 7 2 2 7 2 1 1 3 4 3 5 0
18 27027 1 2 2 1 0 0 0 2 4 4 2 0 0 2 4 3 1 0 1 1 0 0 0 0 0 1 2 2 2 0 2 6 7 2 3 8 2 2 0 2 4 2 4 0
18 34531 1 2 2 1 0 0 0 2 4 4 2 0 0 2 5 4 1 0 1 2 1 0 0 0 0 1 2 2 2 0 1 5 7 2 2 7 3 1 0 2 4 2 4 0
18 29674 1 2 2 1 0 0 0 2 4 4 2 1 0 2 4 2 1 0 1 1 0 0 0 0 0 1 2 2 1 1 2 7 5 3 4 7 2 2 0 2 3 3 4 0
18 36252 1 2 2 1 0 0 0 2 4 4 2 1 0 2 5 2 1 0 2 2 1 0 0 0 0 1 2 2 2 1 1 5 5 3 3 6 3 1 0 2 3 3 4 0
18 27051 1 2 2 1 0 0 0 2 4 5 2 0 0 1 3 3 0 0 1 2 1 0 0 0 0 1 2 3 2 0 2 6 8 1 2 7 2 2 0 2 5 2 4 0
18 29698 1 2 2 1 0 0 0 2 4 5 2 0 0 1 3 4 1 0 0 1 1 0 0 0 0 1 2 3 1 0 2 7 7 2 3 6 2 2 0 2 4 3 4 0
18 34555 1 2 2 1 0 0 0 2 4 5 2 0 0 1 4 4 0 0 1 3 1 0 1 1 0 1 2 3 2 0 1 5 8 2 1 5 1 2 0 2 5 2 4 0
18 36276 1 2 2 1 0 0 0 2 4 5 2 0 0 1 4 4 1 0 1 2 1 0 1 1 0 1 2 3 2 0 1 5 7 3 2 4 1 2 0 2 4 3 4 0
18 27063 1 2 2 1 0 0 0 2 4 5 3 0 0 1 3 5 1 0 0 2 1 0 0 0 0 1 2 2 1 0 2 6 7 2 2 7 3 1 0 2 4 2 4 0
18 34567 1 2 2 1 0 0 0 2 4 5 3 0 0 1 4 6 1 0 0 3 2 0 0 1 0 1 2 2 1 0 1 5 7 2 1 6 2 1 0 2 4 2 4 0
18 29710 1 2 2 1 0 0 0 2 4 5 3 1 0 1 3 4 2 0 0 1 1 0 0 0 0 1 2 2 0 0 2 7 6 3 3 6 3 1 0 2 3 3 4 0
18 36288 1 2 2 1 0 0 0 2 4 5 3 1 0 1 4 4 2 0 1 2 2 0 0 1 0 1 2 2 1 0 1 5 6 3 2 5 2 1 0 2 3 3 4 0
18 44239 1 2 2 1 0 0 0 2 5 4 0 0 0 1 3 1 0 0 0 0 0 0 0 0 0 0 3 5 1 0 2 9 7 1 4 6 1 1 1 3 5 4 6 0
18 44245 1 2 2 1 0 0 0 2 5 4 0 0 0 1 4 1 0 0 1 0 0 0 0 0 0 0 3 5 2 0 1 7 8 2 4 6 1 2 1 2 4 4 5 0
18 44258 1 2 2 1 0 0 0 2 5 4 0 0 0 2 4 1 0 0 1 1 0 0 0 0 0 0 2 4 2 0 2 7 7 1 3 7 1 2 1 3 5 3 5 0
18 47380 1 2 2 1 0 0 0 2 5 4 0 0 0 2 4 1 0 0 1 1 0 0 0 0 0 0 2 4 2 1 2 7 5 2 4 6 1 2 1 3 4 4 5 0
18 53725 1 2 2 1 0 0 0 2 5 4 0 0 0 2 5 1 0 0 2 1 0 0 0 0 0 0 2 4 3 1 1 5 6 3 4 6 2 1 1 2 3 4 5 0
18 61357 1 2 2 1 0 0 0 2 5 4 0 0 0 3 5 1 0 0 2 2 0 0 1 0 0 0 1 3 3 1 2 5 5 2 3 5 1 3 1 3 5 3 4 0
18 44271 1 2 2 1 0 0 0 2 5 4 1 0 0 2 5 3 0 0 1 2 1 0 0 0 0 0 2 3 2 0 1 5 8 2 2 6 2 2 1 2 4 3 4 0
18 61369 1 2 2 1 0 0 0 2 5 4 1 0 0 3 6 3 0 0 2 3 1 0 1 1 0 0 1 2 3 1 1 3 6 3 2 4 1 2 1 2 4 3 4 0
18 45319 1 2 2 1 0 0 0 2 5 5 1 0 0 1 3 2 0 0 0 0 0 0 0 0 0 0 2 4 1 0 2 9 9 1 4 8 2 1 0 1 5 2 5 0
18 45325 1 2 2 1 0 0 0 2 5 5 1 0 0 1 4 2 0 0 1 1 0 0 0 0 0 0 2 4 2 0 1 7 9 2 3 8 2 2 0 1 4 2 4 0
18 47368 1 2 2 1 0 0 0 2 5 5 1 0 0 1 4 3 0 0 0 1 0 0 0 0 0 0 2 4 1 0 1 8 9 2 3 8 2 2 0 1 4 2 4 0
18 44295 1 2 2 1 0 0 0 2 5 5 1 0 0 1 4 3 1 0 1 1 0 0 0 0 0 0 2 4 2 0 1 5 7 3 3 7 2 2 1 2 3 3 4 0
18 52071 1 2 2 1 0 0 0 2 5 5 1 0 0 1 5 3 0 0 1 2 0 0 1 0 0 0 2 4 2 0 0 6 9 3 2 6 2 3 0 1 4 2 3 0
18 45338 1 2 2 1 0 0 0 2 5 5 1 0 0 2 4 2 0 0 1 1 0 0 0 0 0 0 1 3 2 0 2 7 9 2 3 8 2 2 0 1 4 2 4 0
18 47381 1 2 2 1 0 0 0 2 5 5 1 0 0 2 4 2 0 0 1 1 0 0 0 0 0 0 1 3 2 1 2 7 7 2 4 8 2 2 0 1 4 2 4 0
18 53726 1 2 2 1 0 0 0 2 5 5 1 0 0 2 5 2 0 0 2 2 0 0 0 0 0 0 1 3 3 1 1 5 7 3 3 8 3 1 0 1 3 2 4 0
18 52084 1 2 2 1 0 0 0 2 5 5 1 0 0 2 5 3 0 0 1 2 0 0 0 0 0 0 1 3 2 0 1 6 9 3 2 8 3 1 0 1 3 2 4 0
18 61381 1 2 2 1 0 0 0 2 5 5 1 0 0 2 5 3 1 0 2 2 1 0 0 0 0 0 1 3 3 1 1 3 5 3 3 6 3 1 1 2 3 3 4 0
18 62040 1 2 2 1 0 0 0 2 5 5 1 0 0 3 5 2 0 0 2 2 0 0 1 0 0 0 0 2 3 1 2 5 7 3 3 6 2 3 0 1 4 2 3 0
18 44307 1 2 2 1 0 0 0 2 5 5 2 0 0 1 4 5 1 0 0 2 1 0 0 0 0 0 2 3 1 0 1 5 7 3 2 6 3 1 1 2 3 3 4 0
18 45351 1 2 2 1 0 0 0 2 5 5 2 0 0 2 5 4 1 0 1 2 1 0 0 0 0 0 1 2 2 0 1 5 8 3 2 7 3 2 0 1 3 2 3 0
18 61393 1 2 2 1 0 0 0 2 5 5 2 0 0 2 5 5 1 0 1 3 2 0 0 1 0 0 1 2 2 1 1 3 5 3 2 5 2 1 1 2 3 3 4 0
18 52097 1 2 2 1 0 0 0 2 5 5 2 0 0 2 6 5 1 0 1 3 2 0 0 0 0 0 1 2 2 0 0 4 8 3 1 6 4 1 0 1 3 2 3 0
18 62052 1 2 2 1 0 0 0 2 5 5 2 0 0 3 6 4 1 0 2 3 1 0 1 1 0 0 0 1 3 1 1 3 6 4 2 5 2 2 0 1 3 2 3 0
18 47394 1 2 2 1 0 0 0 2 5 5 2 1 0 2 5 3 1 0 1 2 1 0 0 0 0 0 1 2 1 1 1 6 6 3 3 7 3 2 0 1 3 2 3 0
18 53738 1 2 2 1 0 0 0 2 5 5 2 1 0 2 6 3 1 0 2 3 2 0 0 0 0 0 1 2 2 1 0 4 6 3 2 6 4 1 0 1 3 2 3 0
18 62995 1 2 2 1 0 0 0 2 5 5 2 1 0 3 6 3 1 0 2 3 1 0 1 1 0 0 0 1 2 1 1 4 6 4 2 5 2 2 0 1 3 2 3 0
18 45375 1 2 2 1 0 0 0 2 5 6 2 0 0 1 4 4 1 0 1 2 1 0 0 0 0 0 1 3 2 0 1 5 8 3 2 7 3 2 0 1 3 2 3 0
18 47418 1 2 2 1 0 0 0 2 5 6 2 0 0 1 4 5 2 0 0 1 1 0 0 0 0 0 1 3 1 0 1 6 7 3 3 7 3 2 0 1 3 2 3 0
18 52121 1 2 2 1 0 0 0 2 5 6 2 0 0 1 5 5 1 0 1 3 1 0 1 1 0 0 1 3 2 0 0 4 8 4 1 5 2 2 0 1 3 2 3 0
18 53762 1 2 2 1 0 0 0 2 5 6 2 0 0 1 5 5 2 0 1 2 1 0 1 1 0 0 1 3 2 0 0 4 7 4 2 5 2 2 0 1 3 2 3 0
18 62064 1 2 2 1 0 0 0 2 5 6 2 0 0 2 5 4 1 0 2 3 2 0 0 0 0 0 0 2 3 1 1 3 6 3 2 6 4 1 0 1 3 2 3 0
18 63007 1 2 2 1 0 0 0 2 5 6 2 0 0 2 5 5 2 0 1 2 2 0 0 0 0 0 0 2 2 0 1 4 7 3 2 6 4 1 0 1 3 2 3 0
18 45387 1 2 2 1 0 0 0 2 5 6 3 0 0 1 4 6 2 0 0 2 2 0 0 0 0 0 1 2 1 0 1 5 7 3 2 6 4 1 0 1 3 2 3 0
18 52133 1 2 2 1 0 0 0 2 5 6 3 0 0 1 5 7 2 0 0 3 3 0 0 1 0 0 1 2 1 0 0 4 7 3 1 5 3 1 0 1 3 2 3 0
18 62076 1 2 2 1 0 0 0 2 5 6 3 0 0 2 5 6 2 0 1 3 3 0 0 1 0 0 0 1 2 1 1 3 5 3 2 5 3 1 0 1 3 2 3 0
18 71016 1 2 2 1 0 0 0 2 5 6 3 0 0 2 6 7 3 0 1 3 4 1 0 0 0 0 0 1 2 0 0 2 6 3 1 4 3 1 0 1 3 2 3 0
18 47430 1 2 2 1 0 0 0 2 5 6 3 1 0 1 4 5 3 0 0 1 2 0 0 0 0 0 1 2 0 0 1 6 6 3 3 6 4 1 0 1 3 2 3 0
18 53774 1 2 2 1 0 0 0 2 5 6 3 1 0 1 5 5 3 0 1 2 3 0 0 1 0 0 1 2 1 0 0 4 6 3 2 5 3 1 0 1 3 2 3 0
18 63019 1 2 2 1 0 0 0 2 5 6 3 1 0 2 5 5 3 0 1 2 3 0 0 1 0 0 0 1 1 0 1 4 6 3 2 5 3 1 0 1 3 2 3 0
18 70483 1 2 2 1 0 0 0 2 5 6 3 1 0 2 6 5 2 0 2 4 4 1 0 0 0 0 0 1 2 1 0 2 5 3 1 4 3 1 0 1 3 2 3 0
18 25344 1 2 2 1 1 0 0 2 4 2 2 0 0 2 3 2 0 0 2 2 0 0 1 0 0 1 3 3 3 1 2 4 5 2 3 5 1 3 1 3 5 3 4 0
18 25380 1 2 2 1 1 0 0 2 4 3 3 0 0 1 2 4 0 0 1 3 0 0 1 0 0 1 3 3 2 1 2 4 5 3 2 5 2 2 1 3 4 3 4 0
18 27037 1 2 2 1 1 0 0 2 4 3 3 1 0 2 3 2 1 0 2 2 0 0 1 0 0 1 2 2 2 1 2 5 5 3 3 6 2 3 0 2 4 2 3 0
18 34541 1 2 2 1 1 0 0 2 4 3 3 1 0 2 4 3 2 0 2 2 1 0 1 0 0 1 2 2 2 0 1 4 6 3 2 5 3 2 0 2 4 2 3 0
18 27073 1 2 2 1 1 0 0 2 4 4 4 1 0 1 2 4 1 0 1 3 1 0 1 0 0 1 2 2 1 1 2 5 5 3 2 5 3 2 0 2 4 2 3 0
18 34577 1 2 2 1 1 0 0 2 4 4 4 1 0 1 3 5 2 0 1 3 2 0 1 1 0 1 2 2 1 0 1 4 6 3 1 4 2 2 0 2 4 2 3 0
18 44281 1 2 2 1 1 0 0 2 5 3 2 0 0 2 4 3 0 0 2 3 1 0 1 1 0 0 2 3 3 1 1 3 6 3 2 4 1 2 1 2 4 3 4 0
18 44317 1 2 2 1 1 0 0 2 5 4 3 0 0 1 3 5 1 0 1 3 1 0 1 1 0 0 2 3 2 1 1 3 5 4 2 4 2 1 1 2 3 3 4 0
18 45361 1 2 2 1 1 0 0 2 5 4 3 1 0 2 4 3 1 0 2 3 1 0 1 1 0 0 1 2 2 1 1 4 6 4 2 5 2 2 0 1 3 2 3 0
18 52107 1 2 2 1 1 0 0 2 5 4 3 1 0 2 5 4 2 0 2 3 2 0 1 1 0 0 1 2 2 0 0 3 7 4 1 4 3 1 0 1 3 2 3 0
18 45397 1 2 2 1 1 0 0 2 5 5 4 1 0 1 3 5 2 0 1 3 2 0 1 1 0 0 1 2 1 1 1 4 5 4 2 4 3 1 0 1 3 2 3 0
18 52143 1 2 2 1 1 0 0 2 5 5 4 1 0 1 4 6 3 0 1 3 3 0 1 2 0 0 1 2 1 0 0 3 6 4 1 3 2 1 0 1 3 2 3 0
17 93587 1 2 2 2 1 0 0 1 2 3 2 0 0 0 1 1 0 0 0 0 0 0 0 0 0 1 3 3 3 0 3 6 7 2 3 5 2 1 1 3 4 2 4 1
17 34067 1 2 2 2 1 0 0 1 2 3 2 0 0 0 1 1 0 0 0 0 0 0 0 0 0 1 3 3 3 0 3 7 7 2 4 5 2 1 0 2 4 2 4 1
17 96767 1 2 2 2 1 0 0 1 2 3 2 0 0 0 2 1 0 0 1 0 0 0 0 0 0 1 3 3 3 1 2 5 6 3 4 5 2 2 1 2 3 2 3 1
17 39163 1 2 2 2 1 0 0 1 2 3 2 0 0 0 2 2 0 0 0 1 0 0 0 0 0 1 3 3 2 1 2 7 5 3 4 5 2 2 0 2 3 2 3 1
17 102659 1 2 2 2 1 0 0 1 2 3 2 0 0 1 1 2 0 0 0 1 0 0 0 0 0 1 2 3 3 0 3 5 7 2 2 6 2 2 1 3 4 1 3 1
17 34073 1 2 2 2 1 0 0 1 2 3 2 0 0 1 1 2 0 0 0 1 0 0 0 0 0 1 2 4 3 0 2 6 7 2 3 6 2 2 0 2 4 1 3 1
17 34087 1 2 2 2 1 0 0 1 2 3 2 0 0 1 2 1 0 0 1 0 0 0 0 0 0 1 2 3 3 1 2 6 6 3 5 5 2 2 0 1 3 2 3 1
17 93603 1 2 2 2 1 0 0 1 2 3 2 0 0 1 2 2 0 0 0 1 0 0 0 0 0 1 2 3 2 1 2 6 5 3 3 5 2 2 1 3 3 2 3 1
17 39169 1 2 2 2 1 0 0 1 2 3 2 0 0 1 2 3 0 0 0 2 0 0 1 0 0 1 2 4 2 1 1 6 5 3 3 4 2 3 0 2 4 1 2 1
17 96782 1 2 2 2 1 0 0 1 2 3 2 0 0 1 3 2 0 0 1 1 0 0 0 0 0 1 2 3 2 2 1 5 4 4 4 5 3 1 1 2 2 2 3 1
17 39183 1 2 2 2 1 0 0 1 2 3 2 0 0 1 3 2 0 0 1 1 0 0 0 0 0 1 2 3 2 2 1 6 4 4 5 5 3 1 0 1 2 2 3 1
17 102674 1 2 2 2 1 0 0 1 2 3 2 0 0 2 2 3 0 0 0 2 0 0 1 0 0 1 1 3 2 1 2 5 5 3 2 4 2 3 1 3 4 1 2 1
17 106599 1 2 2 2 1 0 0 1 2 3 3 0 0 1 2 3 1 0 0 1 1 0 0 0 0 1 2 2 3 0 2 4 7 3 2 5 3 2 1 2 3 1 2 1
17 106612 1 2 2 2 1 0 0 1 2 3 3 0 0 2 3 4 1 0 0 2 1 0 1 1 0 1 1 2 2 1 1 4 5 4 2 3 2 2 1 2 3 1 2 1
17 111633 1 2 2 2 1 0 0 1 2 4 2 1 0 0 2 2 1 0 1 1 0 0 0 0 0 1 2 3 2 1 2 4 5 4 3 6 3 2 1 2 2 1 2 1
17 34101 1 2 2 2 1 0 0 1 2 4 2 1 0 1 3 2 1 0 1 1 0 0 0 0 0 1 1 3 2 1 1 5 5 4 4 6 3 2 0 1 2 1 2 1
17 111646 1 2 2 2 1 0 0 1 2 4 2 1 0 1 3 3 1 0 1 2 1 0 0 0 0 1 1 3 1 2 1 4 3 4 3 5 4 1 1 2 2 1 2 1
17 39197 1 2 2 2 1 0 0 1 2 4 2 1 0 1 4 3 1 0 1 2 1 0 0 0 0 1 1 3 1 2 0 5 3 4 4 5 4 1 0 1 2 1 2 1
17 34125 1 2 2 2 1 0 0 1 2 4 3 0 0 1 2 3 1 0 0 1 1 0 0 0 0 1 1 3 3 0 1 5 7 3 3 5 3 2 0 1 3 1 2 1
17 39221 1 2 2 2 1 0 0 1 2 4 3 0 0 1 3 4 1 0 0 2 1 0 1 1 0 1 1 3 2 1 0 5 5 4 3 3 2 2 0 1 3 1 2 1
17 112904 1 2 2 2 1 0 0 1 2 4 3 1 0 0 2 3 2 0 0 1 1 0 0 0 0 1 2 2 2 0 2 4 6 4 2 5 4 1 1 2 2 1 2 1
17 112917 1 2 2 2 1 0 0 1 2 4 3 1 0 1 3 4 2 0 0 2 2 0 0 1 0 1 1 2 1 1 1 4 4 4 2 4 3 1 1 2 2 1 2 1
17 34137 1 2 2 2 1 0 0 1 2 5 3 1 0 0 3 3 2 0 0 1 1 0 0 0 0 1 1 2 2 0 1 5 6 4 3 5 4 1 0 1 2 1 2 1
17 39233 1 2 2 2 1 0 0 1 2 5 3 1 0 0 4 4 2 0 0 2 2 0 0 1 0 1 1 2 1 1 0 5 4 4 3 4 3 1 0 1 2 1 2 1
17 93588 1 2 2 2 1 0 0 1 3 3 3 0 0 0 1 2 0 0 0 0 0 0 0 0 0 0 3 2 3 0 3 6 9 3 3 6 3 1 0 1 3 1 3 1
17 51659 1 2 2 2 1 0 0 1 3 3 3 0 0 0 1 2 0 0 0 0 0 0 0 0 0 0 3 2 3 0 3 6 9 3 4 6 3 1 0 0 3 1 3 1
17 96768 1 2 2 2 1 0 0 1 3 3 3 0 0 0 2 2 0 0 1 1 0 0 0 0 0 0 3 2 3 1 2 5 7 4 3 6 3 2 0 1 2 1 2 1
17 56521 1 2 2 2 1 0 0 1 3 3 3 0 0 0 2 3 0 0 0 1 0 0 0 0 0 0 3 2 2 1 2 6 7 4 4 6 3 2 0 0 2 1 2 1
17 102660 1 2 2 2 1 0 0 1 3 3 3 0 0 1 1 3 0 0 0 1 0 0 0 0 0 0 2 2 3 0 3 5 9 4 2 6 3 2 0 1 2 1 2 1
17 65695 1 2 2 2 1 0 0 1 3 3 3 0 0 1 1 3 0 0 0 1 0 0 0 0 0 0 2 2 3 1 3 5 7 4 4 6 3 2 0 0 2 1 2 1
17 51665 1 2 2 2 1 0 0 1 3 3 3 0 0 1 1 3 0 0 0 1 0 0 0 0 0 0 2 3 3 0 2 5 9 4 3 6 3 2 0 0 2 1 2 1
17 93593 1 2 2 2 1 0 0 1 3 3 3 0 0 1 1 3 0 0 0 1 0 0 0 0 0 0 2 3 3 1 2 5 7 4 3 6 3 2 0 1 2 1 2 1
17 51678 1 2 2 2 1 0 0 1 3 3 3 0 0 1 2 2 0 0 1 1 0 0 0 0 0 0 2 2 3 1 2 5 7 4 4 6 3 2 0 0 2 1 2 1
17 93604 1 2 2 2 1 0 0 1 3 3 3 0 0 1 2 3 0 0 0 1 0 0 0 0 0 0 2 2 2 1 2 6 7 4 3 6 3 2 0 1 2 1 2 1
17 96772 1 2 2 2 1 0 0 1 3 3 3 0 0 1 2 3 0 0 1 2 0 0 1 0 0 0 2 3 3 2 1 4 5 5 3 4 3 3 0 1 2 1 1 1
17 56527 1 2 2 2 1 0 0 1 3 3 3 0 0 1 2 4 0 0 0 2 0 0 1 0 0 0 2 3 2 1 1 5 7 5 3 4 3 3 0 0 2 1 1 1
17 96783 1 2 2 2 1 0 0 1 3 3 3 0 0 1 3 3 0 0 1 2 0 0 0 0 0 0 2 2 2 2 1 5 5 5 3 6 4 1 0 1 1 1 2 1
17 56540 1 2 2 2 1 0 0 1 3 3 3 0 0 1 3 3 0 0 1 2 0 0 0 0 0 0 2 2 2 2 1 5 5 5 4 6 4 1 0 0 1 1 2 1
17 102664 1 2 2 2 1 0 0 1 3 3 3 0 0 2 1 4 0 0 0 2 0 0 0 0 0 0 1 3 3 1 2 4 7 5 2 6 4 1 0 1 1 1 2 1
17 65701 1 2 2 2 1 0 0 1 3 3 3 0 0 2 1 4 0 0 0 2 0 0 0 0 0 0 1 3 3 1 2 4 7 5 3 6 4 1 0 0 1 1 2 1
17 65713 1 2 2 2 1 0 0 1 3 3 3 0 0 2 2 3 0 0 1 2 0 0 1 0 0 0 1 2 3 2 2 4 5 5 4 4 3 3 0 0 2 1 1 1
17 102675 1 2 2 2 1 0 0 1 3 3 3 0 0 2 2 4 0 0 0 2 0 0 1 0 0 0 1 2 2 1 2 5 7 5 2 4 3 3 0 1 2 1 1 1
17 106600 1 2 2 2 1 0 0 1 3 3 4 0 0 1 2 4 2 0 0 1 1 0 0 0 0 0 2 1 3 0 2 4 7 5 2 5 4 2 0 1 1 1 1 1
17 106604 1 2 2 2 1 0 0 1 3 3 4 0 0 2 2 5 2 0 0 2 2 0 0 0 0 0 1 2 3 1 1 3 5 5 2 4 5 1 0 1 1 1 1 1
17 106613 1 2 2 2 1 0 0 1 3 3 4 0 0 2 3 5 2 0 0 2 1 0 1 1 0 0 1 1 2 1 1 4 5 6 2 3 3 2 0 1 1 1 1 1
17 71916 1 2 2 2 1 0 0 1 3 3 4 1 0 1 2 3 2 0 0 1 1 0 0 0 0 0 2 1 2 1 2 5 5 5 4 5 4 2 0 0 1 1 1 1
17 71921 1 2 2 2 1 0 0 1 3 3 4 1 0 2 2 4 2 0 0 2 2 0 0 0 0 0 1 2 2 1 1 4 5 5 3 4 5 1 0 0 1 1 1 1
17 71932 1 2 2 2 1 0 0 1 3 3 4 1 0 2 3 3 2 0 1 2 1 0 1 1 0 0 1 1 2 2 1 4 3 6 4 3 3 2 0 0 1 1 1 1
17 111634 1 2 2 2 1 0 0 1 3 4 3 1 0 0 2 3 1 0 1 2 1 0 0 0 0 0 2 2 2 1 2 4 6 5 2 5 4 2 0 1 1 1 1 1
17 78919 1 2 2 2 1 0 0 1 3 4 3 1 0 0 2 4 2 0 0 1 1 0 0 0 0 0 2 2 1 1 2 5 5 5 4 5 4 2 0 0 1 1 1 1
17 111638 1 2 2 2 1 0 0 1 3 4 3 1 0 1 2 4 1 0 1 3 1 0 1 1 0 0 1 3 2 2 1 3 4 6 2 3 3 2 0 1 1 1 1 1
17 78924 1 2 2 2 1 0 0 1 3 4 3 1 0 1 2 5 2 0 0 2 1 0 1 1 0 0 1 3 1 1 1 4 5 6 3 3 3 2 0 0 1 1 1 1
17 51691 1 2 2 2 1 0 0 1 3 4 3 1 0 1 3 3 1 0 1 2 1 0 0 0 0 0 1 2 2 1 1 4 6 5 3 5 4 2 0 0 1 1 1 1
17 111647 1 2 2 2 1 0 0 1 3 4 3 1 0 1 3 4 1 0 1 3 2 0 0 0 0 0 1 2 1 2 1 4 4 5 2 4 5 1 0 1 1 1 1 1
17 93615 1 2 2 2 1 0 0 1 3 4 3 1 0 1 3 4 2 0 0 1 1 0 0 0 0 0 1 2 1 1 1 5 5 5 3 5 4 2 0 1 1 1 1 1
17 78935 1 2 2 2 1 0 0 1 3 4 3 1 0 1 3 4 2 0 1 2 2 0 0 0 0 0 1 2 1 2 1 4 3 5 4 4 5 1 0 0 1 1 1 1
17 56553 1 2 2 2 1 0 0 1 3 4 3 1 0 1 4 4 1 0 1 3 2 0 0 0 0 0 1 2 1 2 0 4 4 5 3 4 5 1 0 0 1 1 1 1
17 96794 1 2 2 2 1 0 0 1 3 4 3 1 0 1 4 4 2 0 1 2 2 0 0 0 0 0 1 2 1 2 0 4 3 5 3 4 5 1 0 1 1 1 1 1
17 65725 1 2 2 2 1 0 0 1 3 4 3 1 0 2 3 4 1 0 1 3 1 0 1 1 0 0 0 2 2 2 1 3 4 6 3 3 3 2 0 0 1 1 1 1
17 102684 1 2 2 2 1 0 0 1 3 4 3 1 0 2 3 5 2 0 0 2 1 0 1 1 0 0 0 2 1 1 1 4 5 6 2 3 3 2 0 1 1 1 1 1
17 51715 1 2 2 2 1 0 0 1 3 4 4 0 0 1 2 4 2 0 0 1 1 0 0 0 0 0 1 2 3 0 1 4 7 5 3 5 4 2 0 0 1 1 1 1
17 56577 1 2 2 2 1 0 0 1 3 4 4 0 0 1 3 5 2 0 0 2 1 0 1 1 0 0 1 2 2 1 0 4 5 6 3 3 3 2 0 0 1 1 1 1
17 65737 1 2 2 2 1 0 0 1 3 4 4 0 0 2 2 5 2 0 0 2 2 0 0 0 0 0 0 2 3 1 1 3 5 5 3 4 5 1 0 0 1 1 1 1
17 112905 1 2 2 2 1 0 0 1 3 4 4 1 0 0 2 4 3 0 0 1 2 0 0 0 0 0 2 1 2 0 2 4 6 5 2 4 5 1 0 1 1 1 1 1
17 93637 1 2 2 2 1 0 0 1 3 4 4 1 0 1 2 3 2 0 0 1 1 0 0 0 0 0 1 2 2 1 1 5 5 5 3 5 4 2 0 1 1 1 1 1
17 112909 1 2 2 2 1 0 0 1 3 4 4 1 0 1 2 5 3 0 0 2 3 0 0 1 0 0 1 2 2 1 1 3 4 5 2 3 4 1 0 1 1 1 1 1
17 96816 1 2 2 2 1 0 0 1 3 4 4 1 0 1 3 3 2 0 1 2 1 0 1 1 0 0 1 2 2 2 0 4 3 6 3 3 3 2 0 1 1 1 1 1
17 112918 1 2 2 2 1 0 0 1 3 4 4 1 0 1 3 5 3 0 0 2 3 0 0 1 0 0 1 1 1 1 1 4 4 5 2 3 4 1 0 1 1 1 1 1
17 102694 1 2 2 2 1 0 0 1 3 4 4 1 0 2 2 4 2 0 0 2 2 0 0 0 0 0 0 2 2 1 1 4 5 5 2 4 5 1 0 1 1 1 1 1
17 81115 1 2 2 2 1 0 0 1 3 4 4 2 0 0 2 3 4 0 0 0 2 0 0 0 0 0 2 1 1 0 2 5 5 5 4 4 5 1 0 0 1 1 1 1
17 81120 1 2 2 2 1 0 0 1 3 4 4 2 0 1 2 4 4 0 0 1 3 0 0 1 0 0 1 2 1 0 1 4 5 5 3 3 4 1 0 0 1 1 1 1
17 81131 1 2 2 2 1 0 0 1 3 4 4 2 0 1 3 3 4 0 1 1 3 0 0 1 0 0 1 1 1 1 1 4 3 5 4 3 4 1 0 0 1 1 1 1
17 106622 1 2 2 2 1 0 0 1 3 4 5 1 0 2 3 5 4 0 0 2 4 1 0 0 0 0 0 1 2 1 0 3 3 5 2 2 4 1 0 1 1 1 1 1
17 71944 1 2 2 2 1 0 0 1 3 4 5 1 0 2 3 5 4 0 0 2 4 1 0 0 0 0 0 1 2 1 0 3 3 5 3 2 4 1 0 0 1 1 1 1
17 111656 1 2 2 2 1 0 0 1 3 5 3 2 0 1 4 5 3 0 1 3 4 1 0 0 0 0 0 2 0 2 0 3 2 5 2 2 4 1 0 1 1 1 1 1
17 78947 1 2 2 2 1 0 0 1 3 5 3 2 0 1 4 5 3 0 1 3 4 1 0 0 0 0 0 2 0 2 0 3 2 5 3 2 4 1 0 0 1 1 1 1
17 51727 1 2 2 2 1 0 0 1 3 5 4 1 0 0 3 4 3 0 0 1 2 0 0 0 0 0 1 1 2 0 1 4 6 5 3 4 5 1 0 0 1 1 1 1
17 56589 1 2 2 2 1 0 0 1 3 5 4 1 0 0 4 5 3 0 0 2 3 0 0 1 0 0 1 1 1 1 0 4 4 5 3 3 4 1 0 0 1 1 1 1
17 65749 1 2 2 2 1 0 0 1 3 5 4 1 0 1 3 5 3 0 0 2 3 0 0 1 0 0 0 1 2 1 1 3 4 5 3 3 4 1 0 0 1 1 1 1
17 93647 1 2 2 2 1 0 0 1 3 5 4 2 0 0 3 3 4 0 0 0 2 0 0 0 0 0 1 1 1 0 1 5 5 5 3 4 5 1 0 1 1 1 1 1
17 96826 1 2 2 2 1 0 0 1 3 5 4 2 0 0 4 3 4 0 1 1 3 0 0 1 0 0 1 1 1 1 0 4 3 5 3 3 4 1 0 1 1 1 1 1
17 102704 1 2 2 2 1 0 0 1 3 5 4 2 0 1 3 4 4 0 0 1 3 0 0 1 0 0 0 1 1 0 1 4 5 5 2 3 4 1 0 1 1 1 1 1
18 29623 1 2 2 2 1 0 0 2 2 2 2 0 0 1 0 1 0 0 0 0 0 0 0 0 0 2 4 4 2 0 4 8 6 0 4 6 0 2 1 4 6 4 6 0
18 29629 1 2 2 2 1 0 0 2 2 2 2 0 0 1 1 2 0 0 0 1 0 0 0 0 0 2 4 4 2 0 3 7 6 0 3 7 0 3 1 4 6 3 5 0
18 36208 1 2 2 2 1 0 0 2 2 2 2 0 0 1 2 3 0 0 0 2 0 0 1 0 0 2 4 4 2 0 2 6 6 0 2 6 0 4 1 4 7 2 4 0
18 29642 1 2 2 2 1 0 0 2 3 3 2 0 0 1 1 1 0 0 0 0 0 0 0 0 0 1 3 4 2 0 3 9 8 1 4 7 1 2 0 2 5 3 5 0
18 29648 1 2 2 2 1 0 0 2 3 3 2 0 0 1 2 2 0 0 0 1 0 0 0 0 0 1 3 4 2 0 2 8 8 1 3 8 1 3 0 2 5 2 4 0
18 36221 1 2 2 2 1 0 0 2 3 3 2 0 0 1 2 2 0 0 0 1 0 0 0 0 0 1 3 4 2 0 2 8 8 2 3 7 1 3 0 2 4 3 4 0
18 36227 1 2 2 2 1 0 0 2 3 3 2 0 0 1 3 3 0 0 0 2 0 0 1 0 0 1 3 4 2 0 1 7 8 2 2 6 1 4 0 2 5 2 3 0
18 29662 1 2 2 2 1 0 0 2 3 3 2 0 0 2 2 1 0 0 1 0 0 0 0 0 0 1 2 3 3 1 3 7 7 2 5 7 1 3 0 1 4 3 4 0
18 36240 1 2 2 2 1 0 0 2 3 3 2 0 0 2 3 2 0 0 1 1 0 0 0 0 0 1 2 3 3 1 2 6 7 3 4 7 2 2 0 1 3 3 4 0
18 29676 1 2 2 2 1 0 0 2 3 3 3 1 0 2 3 2 1 0 1 1 0 0 0 0 0 1 2 2 2 1 2 6 6 3 4 8 2 3 0 1 3 2 3 0
18 36254 1 2 2 2 1 0 0 2 3 3 3 1 0 2 4 3 1 0 1 2 1 0 0 0 0 1 2 2 2 1 1 5 6 3 3 7 3 2 0 1 3 2 3 0
18 29700 1 2 2 2 1 0 0 2 3 4 3 0 0 1 2 4 1 0 0 1 1 0 0 0 0 1 2 3 2 0 2 6 8 2 3 7 2 3 0 1 4 2 3 0
18 36278 1 2 2 2 1 0 0 2 3 4 3 0 0 1 3 5 1 0 0 2 1 0 1 1 0 1 2 3 2 0 1 5 8 3 2 5 1 3 0 1 4 2 3 0
18 29712 1 2 2 2 1 0 0 2 3 4 4 1 0 1 2 4 2 0 0 1 1 0 0 0 0 1 2 2 1 0 2 6 7 3 3 7 3 2 0 1 3 2 3 0
18 36290 1 2 2 2 1 0 0 2 3 4 4 1 0 1 3 5 2 0 0 2 2 0 0 1 0 1 2 2 1 0 1 5 7 3 2 6 2 2 0 1 3 2 3 0
18 47364 1 2 2 2 1 0 0 2 4 4 2 0 0 1 2 2 0 0 0 0 0 0 0 0 0 0 2 4 2 0 2 8 10 2 4 8 2 2 0 0 4 2 4 0
18 47370 1 2 2 2 1 0 0 2 4 4 2 0 0 1 3 3 0 0 0 1 0 0 0 0 0 0 2 4 2 0 1 7 10 3 3 8 2 3 0 0 3 2 3 0
18 53715 1 2 2 2 1 0 0 2 4 4 2 0 0 1 4 4 0 0 0 2 0 0 1 0 0 0 2 4 2 0 0 6 10 4 2 6 2 4 0 0 3 2 2 0
18 47383 1 2 2 2 1 0 0 2 4 4 2 0 0 2 3 2 0 0 1 1 0 0 0 0 0 0 1 3 3 1 2 6 8 3 4 8 2 3 0 0 3 2 3 0
18 53727 1 2 2 2 1 0 0 2 4 4 2 0 0 2 4 3 0 0 1 2 0 0 0 0 0 0 1 3 3 1 1 5 8 4 3 8 3 2 0 0 2 2 3 0
18 62985 1 2 2 2 1 0 0 2 4 4 2 0 0 3 4 2 0 0 2 2 0 0 1 0 0 0 0 2 4 2 2 4 6 4 4 6 2 4 0 0 3 2 2 0
18 47396 1 2 2 2 1 0 0 2 4 4 3 1 0 2 4 3 1 0 1 2 1 0 0 0 0 0 1 2 2 1 1 5 7 4 3 7 3 3 0 0 2 2 2 0
18 53740 1 2 2 2 1 0 0 2 4 4 3 1 0 2 5 4 1 0 1 3 2 0 0 0 0 0 1 2 2 1 0 4 7 4 2 6 4 2 0 0 2 2 2 0
18 62997 1 2 2 2 1 0 0 2 4 4 3 1 0 3 5 3 1 0 2 3 1 0 1 1 0 0 0 1 3 2 1 3 5 5 3 5 2 3 0 0 2 2 2 0
18 47420 1 2 2 2 1 0 0 2 4 5 3 0 0 1 3 5 2 0 0 1 1 0 0 0 0 0 1 3 2 0 1 5 8 4 3 7 3 3 0 0 2 2 2 0
18 53764 1 2 2 2 1 0 0 2 4 5 3 0 0 1 4 6 2 0 0 2 1 0 1 1 0 0 1 3 2 0 0 4 8 5 2 5 2 3 0 0 2 2 2 0
18 63009 1 2 2 2 1 0 0 2 4 5 3 0 0 2 4 5 2 0 1 2 2 0 0 0 0 0 0 2 3 1 1 3 6 4 3 6 4 2 0 0 2 2 2 0
18 47432 1 2 2 2 1 0 0 2 4 5 4 1 0 1 3 5 3 0 0 1 2 0 0 0 0 0 1 2 1 0 1 5 7 4 3 6 4 2 0 0 2 2 2 0
18 53776 1 2 2 2 1 0 0 2 4 5 4 1 0 1 4 6 3 0 0 2 3 0 0 1 0 0 1 2 1 0 0 4 7 4 2 5 3 2 0 0 2 2 2 0
18 63021 1 2 2 2 1 0 0 2 4 5 4 1 0 2 4 5 3 0 1 2 3 0 0 1 0 0 0 1 2 1 1 3 5 4 3 5 3 2 0 0 2 2 2 0
18 71017 1 2 2 2 1 0 0 2 4 5 4 1 0 2 5 6 3 0 1 3 4 1 0 0 0 0 0 1 2 1 0 2 5 4 2 4 3 2 0 0 2 2 2 0
17 108603 1 2 2 2 2 0 0 1 2 2 4 0 0 1 1 3 1 0 1 1 2 0 0 1 0 1 2 2 4 1 2 2 6 3 2 4 2 2 1 2 3 1 2 1
17 114069 1 2 2 2 2 0 0 1 2 3 4 1 0 0 1 3 2 0 1 1 2 0 0 1 0 1 2 2 3 1 2 2 5 4 2 4 3 1 1 2 2 1 2 1
17 108604 1 2 2 2 2 0 0 1 3 2 5 1 0 1 1 3 2 0 1 1 2 0 0 1 0 0 2 1 3 1 2 3 6 5 2 4 3 2 0 1 1 1 1 1
17 108608 1 2 2 2 2 0 0 1 3 2 5 1 0 2 1 4 3 0 1 1 3 0 0 1 0 0 1 2 3 1 1 2 5 5 2 3 4 1 0 1 1 1 1 1
17 114070 1 2 2 2 2 0 0 1 3 3 5 2 0 0 1 3 3 0 1 1 3 0 0 1 0 0 2 1 2 1 2 3 5 5 2 3 4 1 0 1 1 1 1 1
17 114074 1 2 2 2 2 0 0 1 3 3 5 2 0 1 1 4 4 0 1 1 4 0 0 2 0 0 1 2 2 1 1 2 4 5 2 2 3 1 0 1 1 1 1 1
17 74813 1 2 2 2 2 1 0 1 3 2 3 2 0 1 2 2 2 0 1 1 2 0 0 1 0 0 2 1 2 2 2 4 4 5 4 4 3 2 0 0 1 1 1 1
17 74818 1 2 2 2 2 1 0 1 3 2 3 2 0 2 2 3 3 0 1 1 3 0 0 1 0 0 1 2 2 1 1 3 5 5 3 3 4 1 0 0 1 1 1 1
17 82899 1 2 2 2 2 1 0 1 3 3 3 3 0 0 2 2 4 0 1 0 3 0 0 1 0 0 2 1 1 1 2 4 4 5 4 3 4 1 0 0 1 1 1 1
17 82904 1 2 2 2 2 1 0 1 3 3 3 3 0 1 2 3 5 0 1 0 4 0 0 2 0 0 1 2 1 0 1 3 5 5 3 2 3 1 0 0 1 1 1 1
18 29686 1 2 2 2 2 1 0 2 3 2 2 2 0 2 3 1 1 0 2 2 0 0 1 0 0 1 2 2 2 2 2 5 4 4 4 6 2 4 0 1 3 2 2 0
18 36264 1 2 2 2 2 1 0 2 3 2 2 2 0 2 4 2 2 0 2 2 1 0 1 0 0 1 2 2 2 1 1 4 5 4 3 5 3 3 0 1 3 2 2 0
18 29722 1 2 2 2 2 1 0 2 3 3 3 2 0 1 2 3 2 0 1 2 1 0 1 0 0 1 2 2 1 1 2 5 5 4 3 5 3 3 0 1 3 2 2 0
18 36300 1 2 2 2 2 1 0 2 3 3 3 2 0 1 3 4 3 0 1 2 2 0 1 1 0 1 2 2 1 0 1 4 6 4 2 4 2 3 0 1 3 2 2 0
18 47406 1 2 2 2 2 1 0 2 4 3 2 2 0 2 4 2 1 0 2 3 1 0 1 1 0 0 1 2 2 2 1 4 5 5 3 5 2 3 0 0 2 2 2 0
18 53750 1 2 2 2 2 1 0 2 4 3 2 2 0 2 5 3 2 0 2 3 2 0 1 1 0 0 1 2 2 1 0 3 6 5 2 4 3 2 0 0 2 2 2 0
18 47442 1 2 2 2 2 1 0 2 4 4 3 2 0 1 3 4 3 0 1 2 2 0 1 1 0 0 1 2 1 1 1 4 5 5 3 4 3 2 0 0 2 2 2 0
18 53786 1 2 2 2 2 1 0 2 4 4 3 2 0 1 4 5 4 0 1 2 3 0 1 2 0 0 1 2 1 0 0 3 6 5 2 3 2 2 0 0 2 2 2 0
18 73569 1 2 2 2 3 2 1 2 4 2 2 2 2 3 6 3 0 1 4 6 2 0 3 4 2 0 0 0 2 2 0 0 2 2 2 2 0 2 0 0 2 2 2 0
18 73581 1 2 2 2 3 2 1 2 4 3 3 2 2 2 5 5 2 2 3 5 3 1 2 3 1 0 0 0 1 1 0 0 2 2 2 2 0 2 0 0 2 2 2 0
17 137068 1 2 2 3 1 1 0 1 1 4 1 2 0 0 2 1 1 0 1 2 0 0 1 0 0 1 2 3 2 2 2 4 3 5 3 4 3 3 1 2 2 1 1 1
17 34111 1 2 2 3 1 1 0 1 1 4 1 2 0 1 3 1 1 0 2 2 0 0 1 0 0 1 1 3 2 2 1 4 3 5 4 4 3 3 0 1 2 1 1 1
17 137072 1 2 2 3 1 1 0 1 1 4 1 2 0 1 3 2 2 0 1 2 1 0 1 0 0 1 1 3 1 2 1 4 2 5 3 3 4 2 1 2 2 1 1 1
17 39207 1 2 2 3 1 1 0 1 1 4 1 2 0 1 4 2 2 0 2 2 1 0 1 0 0 1 1 3 1 2 0 4 2 5 4 3 4 2 0 1 2 1 1 1
17 137986 1 2 2 3 1 1 0 1 1 4 2 2 0 0 2 2 2 0 0 2 1 0 1 0 0 1 2 2 2 1 2 4 4 5 2 3 4 2 1 2 2 1 1 1
17 137990 1 2 2 3 1 1 0 1 1 4 2 2 0 1 3 3 3 0 0 2 2 0 1 1 0 1 1 2 1 1 1 4 3 5 2 2 3 2 1 2 2 1 1 1
17 34147 1 2 2 3 1 1 0 1 1 5 2 2 0 0 3 2 2 0 1 2 1 0 1 0 0 1 1 2 2 1 1 4 4 5 3 3 4 2 0 1 2 1 1 1
17 39243 1 2 2 3 1 1 0 1 1 5 2 2 0 0 4 3 3 0 1 2 2 0 1 1 0 1 1 2 1 1 0 4 3 5 3 2 3 2 0 1 2 1 1 1
17 137069 1 2 2 3 1 1 0 1 2 4 2 2 0 0 2 2 1 0 1 3 1 0 1 1 0 0 2 2 2 2 2 4 4 6 2 3 3 2 0 1 1 1 1 1
17 51701 1 2 2 3 1 1 0 1 2 4 2 2 0 1 3 2 1 0 2 3 1 0 1 1 0 0 1 2 2 2 1 3 4 6 3 3 3 2 0 0 1 1 1 1
17 137073 1 2 2 3 1 1 0 1 2 4 2 2 0 1 3 3 2 0 1 3 2 0 1 1 0 0 1 2 1 2 1 4 3 6 2 2 4 1 0 1 1 1 1 1
17 56563 1 2 2 3 1 1 0 1 2 4 2 2 0 1 4 3 2 0 2 3 2 0 1 1 0 0 1 2 1 2 0 3 3 6 3 2 4 1 0 0 1 1 1 1
17 137987 1 2 2 3 1 1 0 1 2 4 3 2 0 0 2 3 3 0 0 2 2 0 1 1 0 0 2 1 2 1 2 4 4 6 2 2 4 1 0 1 1 1 1 1
17 137991 1 2 2 3 1 1 0 1 2 4 3 2 0 1 3 4 4 0 0 2 3 0 1 2 0 0 1 1 1 1 1 4 3 6 2 1 3 1 0 1 1 1 1 1
17 51737 1 2 2 3 1 1 0 1 2 5 3 2 0 0 3 3 3 0 1 2 2 0 1 1 0 0 1 1 2 1 1 3 4 6 3 2 4 1 0 0 1 1 1 1
17 56599 1 2 2 3 1 1 0 1 2 5 3 2 0 0 4 4 4 0 1 2 3 0 1 2 0 0 1 1 1 1 0 3 3 6 3 1 3 1 0 0 1 1 1 1
17 34185 1 2 2 3 2 0 0 1 1 3 4 0 0 1 1 3 1 0 1 1 2 0 0 1 0 1 1 3 4 1 1 3 6 3 3 4 2 2 0 1 3 1 2 1
17 34197 1 2 2 3 2 0 0 1 1 4 4 1 0 0 2 3 2 0 1 1 2 0 0 1 0 1 1 2 3 1 1 3 5 4 3 4 3 1 0 1 2 1 2 1
17 51775 1 2 2 3 2 0 0 1 2 3 5 1 0 1 1 3 2 0 1 1 2 0 0 1 0 0 1 2 3 1 1 3 6 5 3 4 3 2 0 0 1 1 1 1
17 65773 1 2 2 3 2 0 0 1 2 3 5 1 0 2 1 4 3 0 1 1 3 0 0 1 0 0 0 2 3 1 1 2 5 5 3 3 4 1 0 0 1 1 1 1
17 51787 1 2 2 3 2 0 0 1 2 4 5 2 0 0 2 3 3 0 1 1 3 0 0 1 0 0 1 1 2 1 1 3 5 5 3 3 4 1 0 0 1 1 1 1
17 65785 1 2 2 3 2 0 0 1 2 4 5 2 0 1 2 4 4 0 1 1 4 0 0 2 0 0 0 1 2 1 1 2 4 5 3 2 3 1 0 0 1 1 1 1
17 138973 1 2 2 3 2 1 0 1 1 3 3 2 0 0 1 2 2 0 1 2 2 0 1 1 0 1 2 2 3 2 2 2 3 5 2 2 3 2 1 2 2 1 1 1
17 93691 1 2 2 3 2 1 0 1 2 3 3 2 0 1 2 2 2 0 1 1 2 0 0 1 0 0 1 2 2 2 1 4 4 5 3 4 3 2 0 1 1 1 1 1
17 102724 1 2 2 3 2 1 0 1 2 3 3 2 0 2 2 3 3 0 1 1 3 0 0 1 0 0 0 2 2 1 1 3 5 5 2 3 4 1 0 1 1 1 1 1
17 138974 1 2 2 3 2 1 0 1 2 3 4 3 0 0 1 2 3 0 1 2 3 0 1 2 0 0 2 1 2 2 2 3 3 6 2 1 3 1 0 1 1 1 1 1
17 93701 1 2 2 3 2 1 0 1 2 4 3 3 0 0 3 2 4 0 1 0 3 0 0 1 0 0 1 1 1 1 1 4 4 5 3 3 4 1 0 1 1 1 1 1
17 102734 1 2 2 3 2 1 0 1 2 4 3 3 0 1 3 3 5 0 1 0 4 0 0 2 0 0 0 1 1 0 1 3 5 5 2 2 3 1 0 1 1 1 1 1
17 74827 1 2 2 3 2 2 1 1 2 3 2 2 2 2 4 3 1 1 3 4 3 0 2 4 2 0 0 1 1 2 0 1 1 2 3 1 1 1 0 0 1 1 1 1
17 82913 1 2 2 3 2 2 1 1 2 4 2 3 2 1 4 3 3 2 3 3 4 1 1 3 1 0 0 1 0 1 0 1 1 2 3 1 1 1 0 0 1 1 1 1
17 74839 1 2 2 3 2 2 1 1 2 4 3 2 2 1 4 4 3 2 2 3 4 1 1 3 1 0 0 0 1 1 0 1 1 2 3 1 1 1 0 0 1 1 1 1
17 34207 1 2 2 4 2 1 0 1 0 4 3 2 0 0 2 2 2 0 2 2 2 0 1 1 0 1 1 2 3 2 1 2 3 5 3 2 3 2 0 1 2 1 1 1
17 51797 1 2 2 4 2 1 0 1 1 4 4 3 0 0 2 2 3 0 2 2 3 0 1 2 0 0 1 1 2 2 1 2 3 6 3 1 3 1 0 0 1 1 1 1
17 137080 1 2 2 4 2 2 1 1 1 4 2 2 2 1 3 3 1 1 2 4 3 0 2 4 2 0 0 2 1 2 0 2 1 2 2 1 1 1 0 1 1 1 1 1
17 137998 1 2 2 4 2 2 1 1 1 4 3 2 2 1 3 4 3 2 1 3 4 1 1 3 1 0 0 1 1 1 0 2 1 2 2 1 1 1 0 1 1 1 1 1
17 137086 1 2 2 4 2 2 1 1 1 5 2 3 2 0 4 3 3 2 2 3 4 1 1 3 1 0 0 1 0 1 0 2 1 2 2 1 1 1 0 1 1 1 1 1
18 25416 1 2 3 1 0 0 0 1 4 2 0 0 0 1 1 0 0 0 0 0 0 0 0 0 0 1 5 5 1 0 4 8 3 0 3 3 0 1 3 8 6 7 6 1
18 25436 1 2 3 1 0 0 0 1 4 2 0 0 0 2 2 0 0 0 1 0 0 0 0 0 0 1 4 4 2 0 4 6 4 0 3 4 0 2 3 7 6 6 5 1
18 25418 1 2 3 1 0 0 0 1 4 3 0 0 0 1 2 0 0 0 0 0 0 0 0 0 0 1 4 5 1 0 3 10 5 0 3 5 0 1 1 6 6 5 7 0
18 27109 1 2 3 1 0 0 0 1 4 3 0 0 0 1 2 0 0 0 0 0 0 0 0 0 0 1 4 5 1 0 3 10 5 1 3 4 1 1 1 6 5 6 5 1
18 25424 1 2 3 1 0 0 0 1 4 3 0 0 0 1 3 0 0 0 1 0 0 0 0 0 0 1 4 5 2 0 2 8 6 0 3 6 0 2 1 5 6 4 6 0
18 34613 1 2 3 1 0 0 0 1 4 3 0 0 0 1 3 0 0 0 1 0 0 0 0 0 0 1 4 5 2 1 2 8 4 2 4 4 1 2 1 5 4 6 4 1
18 25438 1 2 3 1 0 0 0 1 4 3 0 0 0 2 3 0 0 0 1 0 0 0 0 0 0 1 3 4 2 0 3 8 6 0 3 6 0 2 1 5 6 4 6 0
18 27129 1 2 3 1 0 0 0 1 4 3 0 0 0 2 3 0 0 0 1 0 0 0 0 0 0 1 3 4 2 0 3 8 6 2 3 4 1 2 1 5 4 6 4 1
18 34632 1 2 3 1 0 0 0 1 4 3 0 0 0 2 4 0 0 0 2 0 0 0 0 0 0 1 3 4 3 1 2 6 5 3 4 4 2 1 1 4 3 6 4 1
18 25452 1 2 3 1 0 0 0 1 4 3 1 0 0 2 4 2 0 0 1 1 0 0 0 0 0 1 3 3 2 0 2 6 7 1 2 7 1 2 1 4 5 3 5 0
18 27111 1 2 3 1 0 0 0 1 4 4 0 0 0 1 3 1 0 0 0 0 0 0 0 0 0 1 3 5 1 0 2 10 7 1 3 6 1 1 0 4 5 4 6 0
18 27117 1 2 3 1 0 0 0 1 4 4 0 0 0 1 4 1 0 0 1 1 0 0 0 0 0 1 3 5 2 0 1 8 7 1 2 7 1 2 0 4 5 3 5 0
18 34614 1 2 3 1 0 0 0 1 4 4 0 0 0 1 4 1 0 0 1 1 0 0 0 0 0 1 3 5 2 1 1 8 5 2 3 6 1 2 0 4 4 4 5 0
18 34620 1 2 3 1 0 0 0 1 4 4 0 0 0 1 5 1 0 0 2 2 0 0 1 0 0 1 3 5 3 1 0 6 5 2 2 5 1 3 0 4 5 3 4 0
18 27131 1 2 3 1 0 0 0 1 4 4 0 0 0 2 4 1 0 0 1 0 0 0 0 0 0 1 2 4 2 0 2 8 8 2 3 6 1 2 0 3 4 4 5 0
18 34634 1 2 3 1 0 0 0 1 4 4 0 0 0 2 5 1 0 0 2 1 0 0 0 0 0 1 2 4 3 1 1 6 6 3 3 6 2 1 0 3 3 4 5 0
18 25476 1 2 3 1 0 0 0 1 4 4 1 0 0 1 3 2 0 0 1 1 0 0 0 0 0 1 3 4 2 0 2 6 7 1 2 7 1 2 1 4 5 3 5 0
18 27145 1 2 3 1 0 0 0 1 4 4 1 0 0 2 5 3 1 0 1 1 0 0 0 0 0 1 2 3 2 0 1 6 7 3 2 7 2 2 0 3 3 3 4 0
18 34648 1 2 3 1 0 0 0 1 4 4 1 0 0 2 6 3 1 0 2 2 1 0 0 0 0 1 2 3 3 1 0 4 5 3 2 6 3 1 0 3 3 3 4 0
18 25488 1 2 3 1 0 0 0 1 4 4 2 0 0 1 3 4 0 0 0 2 0 0 0 0 0 1 3 3 1 0 2 6 7 2 1 7 2 1 1 4 4 3 5 0
18 27169 1 2 3 1 0 0 0 1 4 5 1 0 0 1 4 3 0 0 1 2 1 0 0 0 0 1 2 4 2 0 1 6 8 2 1 6 2 2 0 3 4 3 4 0
18 34672 1 2 3 1 0 0 0 1 4 5 1 0 0 1 5 3 0 0 2 3 1 0 1 1 0 1 2 4 3 1 0 4 6 3 1 4 1 2 0 3 4 3 4 0
18 27181 1 2 3 1 0 0 0 1 4 5 2 0 0 1 4 5 1 0 0 2 1 0 0 0 0 1 2 3 1 0 1 6 7 3 1 6 3 1 0 3 3 3 4 0
18 34684 1 2 3 1 0 0 0 1 4 5 2 0 0 1 5 5 1 0 1 3 2 0 0 1 0 1 2 3 2 1 0 4 5 3 1 5 2 1 0 3 3 3 4 0
18 44353 1 2 3 1 0 0 0 1 5 3 1 0 0 1 1 1 0 0 0 0 0 0 0 0 0 0 4 4 1 0 4 7 5 0 3 5 0 1 3 6 6 5 7 0
18 44372 1 2 3 1 0 0 0 1 5 3 1 0 0 2 2 1 0 0 1 1 0 0 0 0 0 0 3 3 2 0 4 5 5 0 2 6 0 2 3 6 6 4 6 0
18 61415 1 2 3 1 0 0 0 1 5 3 1 0 0 2 2 2 0 0 0 1 0 0 0 0 0 0 3 3 1 0 4 6 5 0 2 6 0 2 3 6 6 4 6 0
18 61433 1 2 3 1 0 0 0 1 5 3 1 0 0 3 3 2 0 0 1 2 0 0 1 0 0 0 2 2 2 0 4 4 5 0 1 5 0 3 3 6 7 3 5 0
18 44354 1 2 3 1 0 0 0 1 5 4 1 0 0 1 2 1 0 0 0 0 0 0 0 0 0 0 3 4 1 0 3 9 7 0 3 7 1 1 1 4 6 3 6 0
18 45433 1 2 3 1 0 0 0 1 5 4 1 0 0 1 2 1 0 0 0 0 0 0 0 0 0 0 3 4 1 0 3 9 7 1 3 6 1 1 1 4 5 4 6 0
18 44360 1 2 3 1 0 0 0 1 5 4 1 0 0 1 3 1 0 0 1 0 0 0 0 0 0 0 3 4 2 0 2 7 8 1 3 7 1 2 1 3 5 3 5 0
18 52179 1 2 3 1 0 0 0 1 5 4 1 0 0 1 3 1 0 0 1 0 0 0 0 0 0 0 3 4 2 1 2 7 6 2 4 6 1 2 1 3 4 4 5 0
18 44373 1 2 3 1 0 0 0 1 5 4 1 0 0 2 3 1 0 0 1 1 0 0 0 0 0 0 2 3 2 0 3 7 7 0 2 8 1 2 1 4 6 2 5 0
18 45452 1 2 3 1 0 0 0 1 5 4 1 0 0 2 3 1 0 0 1 1 0 0 0 0 0 0 2 3 2 0 3 7 7 2 2 6 1 2 1 4 4 4 5 0
18 61416 1 2 3 1 0 0 0 1 5 4 1 0 0 2 3 2 0 0 0 1 0 0 0 0 0 0 2 3 1 0 3 8 7 1 2 7 1 2 1 4 5 3 5 0
18 52197 1 2 3 1 0 0 0 1 5 4 1 0 0 2 4 1 0 0 2 1 0 0 0 0 0 0 2 3 3 1 2 5 6 3 3 6 2 1 1 3 3 4 5 0
18 61421 1 2 3 1 0 0 0 1 5 4 1 0 0 2 4 2 0 0 1 1 0 0 0 0 0 0 2 3 2 0 2 6 8 2 2 7 2 1 1 3 4 3 5 0
18 61434 1 2 3 1 0 0 0 1 5 4 1 0 0 3 4 2 0 0 1 2 0 0 1 0 0 0 1 2 2 0 3 6 7 1 1 6 1 3 1 4 6 2 4 0
18 62116 1 2 3 1 0 0 0 1 5 4 1 0 0 3 4 2 0 0 1 2 0 0 1 0 0 0 1 2 2 0 3 6 7 2 1 5 1 3 1 4 5 3 4 0
18 44386 1 2 3 1 0 0 0 1 5 4 2 0 0 2 4 3 0 0 1 2 1 0 0 0 0 0 2 2 2 0 2 5 8 1 1 7 2 2 1 3 5 2 4 0
18 70493 1 2 3 1 0 0 0 1 5 4 2 0 0 2 4 4 1 0 0 1 1 0 0 0 0 0 2 2 1 0 2 6 7 2 2 6 2 2 1 3 4 3 4 0
18 61445 1 2 3 1 0 0 0 1 5 4 2 0 0 3 5 4 0 0 1 3 1 0 1 1 0 0 1 1 2 0 2 4 8 2 0 5 1 2 1 3 5 2 4 0
18 70509 1 2 3 1 0 0 0 1 5 4 2 0 0 3 5 4 1 0 1 2 1 0 1 1 0 0 1 1 2 0 2 4 7 3 1 4 1 2 1 3 4 3 4 0
18 45434 1 2 3 1 0 0 0 1 5 5 1 0 0 1 3 2 0 0 0 0 0 0 0 0 0 0 2 4 1 0 2 9 9 1 3 8 2 1 0 2 5 2 5 0
18 45440 1 2 3 1 0 0 0 1 5 5 1 0 0 1 4 2 0 0 1 1 0 0 0 0 0 0 2 4 2 0 1 7 9 2 2 8 2 2 0 2 4 2 4 0
18 52180 1 2 3 1 0 0 0 1 5 5 1 0 0 1 4 2 0 0 1 1 0 0 0 0 0 0 2 4 2 1 1 7 7 2 3 8 2 2 0 2 4 2 4 0
18 52185 1 2 3 1 0 0 0 1 5 5 1 0 0 1 5 2 0 0 2 2 0 0 1 0 0 0 2 4 3 1 0 5 7 3 2 6 2 3 0 2 4 2 3 0
18 45453 1 2 3 1 0 0 0 1 5 5 1 0 0 2 4 2 0 0 1 1 0 0 0 0 0 0 1 3 2 0 2 7 9 2 2 8 2 2 0 2 4 2 4 0
18 62099 1 2 3 1 0 0 0 1 5 5 1 0 0 2 4 3 0 0 0 1 0 0 0 0 0 0 1 3 1 0 2 8 9 2 2 8 2 2 0 2 4 2 4 0
18 52198 1 2 3 1 0 0 0 1 5 5 1 0 0 2 5 2 0 0 2 2 0 0 0 0 0 0 1 3 3 1 1 5 7 3 2 8 3 1 0 2 3 2 4 0
18 62104 1 2 3 1 0 0 0 1 5 5 1 0 0 2 5 3 0 0 1 2 0 0 0 0 0 0 1 3 2 0 1 6 9 3 1 8 3 1 0 2 3 2 4 0
18 62117 1 2 3 1 0 0 0 1 5 5 1 0 0 3 5 3 0 0 1 2 0 0 1 0 0 0 0 2 2 0 2 6 9 3 1 6 2 3 0 2 4 2 3 0
18 44410 1 2 3 1 0 0 0 1 5 5 2 0 0 1 3 3 1 0 1 1 0 0 0 0 0 0 2 3 2 0 2 5 7 2 2 8 2 2 1 3 4 2 4 0
18 61457 1 2 3 1 0 0 0 1 5 5 2 0 0 2 4 4 1 0 1 2 1 0 0 0 0 0 1 2 2 0 2 4 7 2 1 7 3 1 1 3 4 2 4 0
18 45466 1 2 3 1 0 0 0 1 5 5 2 0 0 2 5 4 1 0 1 2 1 0 0 0 0 0 1 2 2 0 1 5 8 3 1 7 3 2 0 2 3 2 3 0
18 70494 1 2 3 1 0 0 0 1 5 5 2 0 0 2 5 5 2 0 0 1 1 0 0 0 0 0 1 2 1 0 1 6 7 3 2 7 3 2 0 2 3 2 3 0
18 52211 1 2 3 1 0 0 0 1 5 5 2 0 0 2 6 4 1 0 2 3 2 0 0 0 0 0 1 2 3 1 0 3 6 3 1 6 4 1 0 2 3 2 3 0
18 70499 1 2 3 1 0 0 0 1 5 5 2 0 0 2 6 5 2 0 1 2 2 0 0 0 0 0 1 2 2 0 0 4 7 3 1 6 4 1 0 2 3 2 3 0
18 62128 1 2 3 1 0 0 0 1 5 5 2 0 0 3 6 5 1 0 1 3 1 0 1 1 0 0 0 1 2 0 1 4 8 4 0 5 2 2 0 2 3 2 3 0
18 70510 1 2 3 1 0 0 0 1 5 5 2 0 0 3 6 5 2 0 1 2 1 0 1 1 0 0 0 1 2 0 1 4 7 4 1 5 2 2 0 2 3 2 3 0
18 77767 1 2 3 1 0 0 0 1 5 5 2 1 0 1 3 2 1 0 1 1 0 0 0 0 0 0 2 3 1 1 2 6 5 3 3 7 2 2 1 3 3 3 4 0
18 77783 1 2 3 1 0 0 0 1 5 5 2 1 0 2 4 2 1 0 2 2 1 0 0 0 0 0 1 2 2 1 2 4 5 3 2 6 3 1 1 3 3 3 4 0
18 44422 1 2 3 1 0 0 0 1 5 5 3 0 0 1 3 5 1 0 0 2 1 0 0 0 0 0 2 2 1 0 2 5 7 2 1 7 3 1 1 3 4 2 4 0
18 61469 1 2 3 1 0 0 0 1 5 5 3 0 0 2 4 6 1 0 0 3 2 0 0 1 0 0 1 1 1 0 2 4 7 2 0 6 2 1 1 3 4 2 4 0
18 80196 1 2 3 1 0 0 0 1 5 5 3 1 0 1 3 4 2 0 0 1 1 0 0 0 0 0 2 2 0 0 2 6 6 3 2 6 3 1 1 3 3 3 4 0
18 80212 1 2 3 1 0 0 0 1 5 5 3 1 0 2 4 4 2 0 1 2 2 0 0 1 0 0 1 1 1 0 2 4 6 3 1 5 2 1 1 3 3 3 4 0
18 45490 1 2 3 1 0 0 0 1 5 6 2 0 0 1 4 4 1 0 1 2 1 0 0 0 0 0 1 3 2 0 1 5 8 3 1 7 3 2 0 2 3 2 3 0
18 52235 1 2 3 1 0 0 0 1 5 6 2 0 0 1 5 4 1 0 2 3 1 0 1 1 0 0 1 3 3 1 0 3 6 4 1 5 2 2 0 2 3 2 3 0
18 62140 1 2 3 1 0 0 0 1 5 6 2 0 0 2 5 5 1 0 1 3 2 0 0 0 0 0 0 2 2 0 1 4 8 3 0 6 4 1 0 2 3 2 3 0
18 77768 1 2 3 1 0 0 0 1 5 6 2 1 0 1 4 3 1 0 1 2 1 0 0 0 0 0 1 3 1 1 1 6 6 3 2 7 3 2 0 2 3 2 3 0
18 77773 1 2 3 1 0 0 0 1 5 6 2 1 0 1 5 3 1 0 2 3 1 0 1 1 0 0 1 3 2 1 0 4 6 4 1 5 2 2 0 2 3 2 3 0
18 77784 1 2 3 1 0 0 0 1 5 6 2 1 0 2 5 3 1 0 2 3 2 0 0 0 0 0 0 2 2 1 1 4 6 3 1 6 4 1 0 2 3 2 3 0
18 45502 1 2 3 1 0 0 0 1 5 6 3 0 0 1 4 6 2 0 0 2 2 0 0 0 0 0 1 2 1 0 1 5 7 3 1 6 4 1 0 2 3 2 3 0
18 52247 1 2 3 1 0 0 0 1 5 6 3 0 0 1 5 6 2 0 1 3 3 0 0 1 0 0 1 2 2 1 0 3 5 3 1 5 3 1 0 2 3 2 3 0
18 62152 1 2 3 1 0 0 0 1 5 6 3 0 0 2 5 7 2 0 0 3 3 0 0 1 0 0 0 1 1 0 1 4 7 3 0 5 3 1 0 2 3 2 3 0
18 70521 1 2 3 1 0 0 0 1 5 6 3 0 0 2 6 7 3 0 1 3 4 1 0 0 0 0 0 1 2 0 0 2 6 3 0 4 3 1 0 2 3 2 3 0
18 80197 1 2 3 1 0 0 0 1 5 6 3 1 0 1 4 5 3 0 0 1 2 0 0 0 0 0 1 2 0 0 1 6 6 3 2 6 4 1 0 2 3 2 3 0
18 80202 1 2 3 1 0 0 0 1 5 6 3 1 0 1 5 5 3 0 1 2 3 0 0 1 0 0 1 2 1 0 0 4 6 3 1 5 3 1 0 2 3 2 3 0
18 80213 1 2 3 1 0 0 0 1 5 6 3 1 0 2 5 5 3 0 1 2 3 0 0 1 0 0 0 1 1 0 1 4 6 3 1 5 3 1 0 2 3 2 3 0
18 77795 1 2 3 1 0 0 0 1 5 6 3 1 0 2 6 5 2 0 2 4 4 1 0 0 0 0 0 1 2 1 0 2 5 3 0 4 3 1 0 2 3 2 3 0
18 25420 1 2 3 2 0 0 0 1 3 4 0 0 0 0 2 0 0 0 0 0 0 0 0 0 0 1 4 6 2 0 2 9 6 0 3 6 0 2 1 5 6 4 6 0
18 29758 1 2 3 2 0 0 0 1 3 4 0 0 0 0 2 0 0 0 0 0 0 0 0 0 0 1 4 6 2 0 2 9 6 2 3 4 2 0 1 5 4 6 5 1
18 25426 1 2 3 2 0 0 0 1 3 4 0 0 0 0 3 0 0 0 1 0 0 0 0 0 0 1 4 6 3 0 1 7 7 0 3 7 0 3 1 4 6 3 5 0
18 36336 1 2 3 2 0 0 0 1 3 4 0 0 0 0 3 0 0 0 1 0 0 0 0 0 0 1 4 6 3 1 1 7 5 3 4 4 2 1 1 4 3 6 4 1
18 25440 1 2 3 2 0 0 0 1 3 4 0 0 0 1 3 0 0 0 1 0 0 0 0 0 0 1 3 5 3 0 2 7 7 0 3 7 0 3 1 4 6 3 5 0
18 29778 1 2 3 2 0 0 0 1 3 4 0 0 0 1 3 0 0 0 1 0 0 0 0 0 0 1 3 5 3 1 2 7 5 3 4 4 2 1 1 4 3 6 4 1
18 36355 1 2 3 2 0 0 0 1 3 4 0 0 0 1 4 0 0 0 2 0 0 0 0 0 0 1 3 5 4 2 1 5 4 4 5 4 3 0 1 3 2 6 4 1
18 25454 1 2 3 2 0 0 0 1 3 4 1 0 0 1 4 2 0 0 1 1 0 0 0 0 0 1 3 4 3 0 1 5 8 1 2 8 1 3 1 3 5 2 4 0
18 27113 1 2 3 2 0 0 0 1 3 5 1 0 0 0 2 1 0 0 0 0 0 0 0 0 0 1 3 5 2 0 2 9 8 1 3 7 1 2 0 3 5 3 5 0
18 29760 1 2 3 2 0 0 0 1 3 5 1 0 0 0 2 1 0 0 0 0 0 0 0 0 0 1 3 5 2 0 2 9 8 2 3 6 2 0 0 3 4 4 6 0
18 27119 1 2 3 2 0 0 0 1 3 5 1 0 0 0 3 1 0 0 1 1 0 0 0 0 0 1 3 5 3 0 1 7 8 1 2 8 1 3 0 3 5 2 4 0
18 36337 1 2 3 2 0 0 0 1 3 5 1 0 0 0 3 1 0 0 1 1 0 0 0 0 0 1 3 5 3 1 1 7 6 3 3 6 2 1 0 3 3 4 5 0
18 29766 1 2 3 2 0 0 0 1 3 5 1 0 0 0 3 2 0 0 0 1 0 0 0 0 0 1 3 5 2 0 1 8 8 2 2 7 2 1 0 3 4 3 5 0
18 34616 1 2 3 2 0 0 0 1 3 5 1 0 0 0 3 2 0 0 0 1 0 0 0 0 0 1 3 5 2 1 1 8 6 2 3 7 1 3 0 3 4 3 4 0
18 25478 1 2 3 2 0 0 0 1 3 5 1 0 0 0 3 2 0 0 1 1 0 0 0 0 0 1 3 5 3 0 1 5 8 1 2 8 1 3 1 3 5 2 4 0
18 34622 1 2 3 2 0 0 0 1 3 5 1 0 0 0 4 2 0 0 1 2 0 0 1 0 0 1 3 5 3 1 0 6 6 2 2 6 1 4 0 3 5 2 3 0
18 36343 1 2 3 2 0 0 0 1 3 5 1 0 0 0 4 2 0 0 1 2 0 0 1 0 0 1 3 5 3 1 0 6 6 3 2 5 2 2 0 3 4 3 4 0
18 27133 1 2 3 2 0 0 0 1 3 5 1 0 0 1 3 1 0 0 1 0 0 0 0 0 0 1 2 4 3 0 2 7 9 2 3 7 1 3 0 2 4 3 4 0
18 29780 1 2 3 2 0 0 0 1 3 5 1 0 0 1 3 1 0 0 1 0 0 0 0 0 0 1 2 4 3 1 2 7 7 3 4 6 2 1 0 2 3 4 5 0
18 36357 1 2 3 2 0 0 0 1 3 5 1 0 0 1 4 1 0 0 2 1 0 0 0 0 0 1 2 4 4 2 1 5 5 4 4 6 3 0 0 2 2 4 5 0
18 34636 1 2 3 2 0 0 0 1 3 5 1 0 0 1 4 2 0 0 1 1 0 0 0 0 0 1 2 4 3 1 1 6 7 3 3 7 2 2 0 2 3 3 4 0
18 25490 1 2 3 2 0 0 0 1 3 5 2 0 0 0 3 4 0 0 0 2 0 0 0 0 0 1 3 4 2 0 1 5 8 2 1 8 2 2 1 3 4 2 4 0
18 27147 1 2 3 2 0 0 0 1 3 5 2 0 0 1 4 3 1 0 1 1 0 0 0 0 0 1 2 3 3 0 1 5 8 3 2 8 2 3 0 2 3 2 3 0
18 34650 1 2 3 2 0 0 0 1 3 5 2 0 0 1 5 4 1 0 1 2 1 0 0 0 0 1 2 3 3 1 0 4 6 3 2 7 3 2 0 2 3 2 3 0
18 29794 1 2 3 2 0 0 0 1 3 5 2 1 0 1 4 2 1 0 1 1 0 0 0 0 0 1 2 3 2 1 1 6 6 4 3 7 3 1 0 2 2 3 4 0
18 36371 1 2 3 2 0 0 0 1 3 5 2 1 0 1 5 2 1 0 2 2 1 0 0 0 0 1 2 3 3 2 0 4 4 4 3 6 4 0 0 2 2 3 4 0
18 27171 1 2 3 2 0 0 0 1 3 6 2 0 0 0 3 3 0 0 1 2 1 0 0 0 0 1 2 4 3 0 1 5 9 2 1 7 2 3 0 2 4 2 3 0
18 29818 1 2 3 2 0 0 0 1 3 6 2 0 0 0 3 4 1 0 0 1 1 0 0 0 0 1 2 4 2 0 1 6 8 3 2 6 3 1 0 2 3 3 4 0
18 34674 1 2 3 2 0 0 0 1 3 6 2 0 0 0 4 4 0 0 1 3 1 0 1 1 0 1 2 4 3 1 0 4 7 3 1 5 1 3 0 2 4 2 3 0
18 36395 1 2 3 2 0 0 0 1 3 6 2 0 0 0 4 4 1 0 1 2 1 0 1 1 0 1 2 4 3 1 0 4 6 4 2 4 2 1 0 2 3 3 4 0
18 27183 1 2 3 2 0 0 0 1 3 6 3 0 0 0 3 5 1 0 0 2 1 0 0 0 0 1 2 3 2 0 1 5 8 3 1 7 3 2 0 2 3 2 3 0
18 34686 1 2 3 2 0 0 0 1 3 6 3 0 0 0 4 6 1 0 0 3 2 0 0 1 0 1 2 3 2 1 0 4 6 3 1 6 2 2 0 2 3 2 3 0
18 29830 1 2 3 2 0 0 0 1 3 6 3 1 0 0 3 4 2 0 0 1 1 0 0 0 0 1 2 3 1 0 1 6 7 4 2 6 4 0 0 2 2 3 4 0
18 36407 1 2 3 2 0 0 0 1 3 6 3 1 0 0 4 4 2 0 1 2 2 0 0 1 0 1 2 3 2 1 0 4 5 4 2 5 3 0 0 2 2 3 4 0
18 44356 1 2 3 2 0 0 0 1 4 5 1 0 0 0 2 1 0 0 0 0 0 0 0 0 0 0 3 5 2 0 2 8 8 1 3 7 1 2 1 3 5 3 5 0
18 47478 1 2 3 2 0 0 0 1 4 5 1 0 0 0 2 1 0 0 0 0 0 0 0 0 0 0 3 5 2 0 2 8 8 2 3 6 2 0 1 3 4 4 6 0
18 44362 1 2 3 2 0 0 0 1 4 5 1 0 0 0 3 1 0 0 1 0 0 0 0 0 0 0 3 5 3 0 1 6 9 2 3 7 1 3 1 2 4 3 4 0
18 53822 1 2 3 2 0 0 0 1 4 5 1 0 0 0 3 1 0 0 1 0 0 0 0 0 0 0 3 5 3 1 1 6 7 3 4 6 2 1 1 2 3 4 5 0
18 44375 1 2 3 2 0 0 0 1 4 5 1 0 0 1 3 1 0 0 1 1 0 0 0 0 0 0 2 4 3 0 2 6 8 1 2 8 1 3 1 3 5 2 4 0
18 47497 1 2 3 2 0 0 0 1 4 5 1 0 0 1 3 1 0 0 1 1 0 0 0 0 0 0 2 4 3 1 2 6 6 3 3 6 2 1 1 3 3 4 5 0
18 63043 1 2 3 2 0 0 0 1 4 5 1 0 0 1 3 2 0 0 0 1 0 0 0 0 0 0 2 4 2 0 2 7 8 2 2 7 2 1 1 3 4 3 5 0
18 61417 1 2 3 2 0 0 0 1 4 5 1 0 0 1 3 2 0 0 0 1 0 0 0 0 0 0 2 4 2 1 2 7 6 2 3 7 1 3 1 3 4 3 4 0
18 53840 1 2 3 2 0 0 0 1 4 5 1 0 0 1 4 1 0 0 2 1 0 0 0 0 0 0 2 4 4 2 1 4 5 4 4 6 3 0 1 2 2 4 5 0
18 61423 1 2 3 2 0 0 0 1 4 5 1 0 0 1 4 2 0 0 1 1 0 0 0 0 0 0 2 4 3 1 1 5 7 3 3 7 2 2 1 2 3 3 4 0
18 61435 1 2 3 2 0 0 0 1 4 5 1 0 0 2 4 2 0 0 1 2 0 0 1 0 0 0 1 3 3 1 2 5 6 2 2 6 1 4 1 3 5 2 3 0
18 63061 1 2 3 2 0 0 0 1 4 5 1 0 0 2 4 2 0 0 1 2 0 0 1 0 0 0 1 3 3 1 2 5 6 3 2 5 2 2 1 3 4 3 4 0
18 44388 1 2 3 2 0 0 0 1 4 5 2 0 0 1 4 3 0 0 1 2 1 0 0 0 0 0 2 3 3 0 1 4 9 2 1 7 2 3 1 2 4 2 3 0
18 71027 1 2 3 2 0 0 0 1 4 5 2 0 0 1 4 4 1 0 0 1 1 0 0 0 0 0 2 3 2 0 1 5 8 3 2 6 3 1 1 2 3 3 4 0
18 61447 1 2 3 2 0 0 0 1 4 5 2 0 0 2 5 4 0 0 1 3 1 0 1 1 0 0 1 2 3 1 1 3 7 3 1 5 1 3 1 2 4 2 3 0
18 71043 1 2 3 2 0 0 0 1 4 5 2 0 0 2 5 4 1 0 1 2 1 0 1 1 0 0 1 2 3 1 1 3 6 4 2 4 2 1 1 2 3 3 4 0
18 45436 1 2 3 2 0 0 0 1 4 6 2 0 0 0 2 2 0 0 0 0 0 0 0 0 0 0 2 4 2 0 2 8 10 2 3 8 2 2 0 1 4 2 4 0
18 47479 1 2 3 2 0 0 0 1 4 6 2 0 0 0 2 2 0 0 0 0 0 0 0 0 0 0 2 4 2 0 2 8 10 2 3 8 3 0 0 1 4 2 5 0
18 45442 1 2 3 2 0 0 0 1 4 6 2 0 0 0 3 2 0 0 1 1 0 0 0 0 0 0 2 4 3 0 1 6 10 3 2 8 2 3 0 1 3 2 3 0
18 53823 1 2 3 2 0 0 0 1 4 6 2 0 0 0 3 2 0 0 1 1 0 0 0 0 0 0 2 4 3 1 1 6 8 3 3 8 3 1 0 1 3 2 4 0
18 47485 1 2 3 2 0 0 0 1 4 6 2 0 0 0 3 3 0 0 0 1 0 0 0 0 0 0 2 4 2 0 1 7 10 3 2 8 3 1 0 1 3 2 4 0
18 52181 1 2 3 2 0 0 0 1 4 6 2 0 0 0 3 3 0 0 0 1 0 0 0 0 0 0 2 4 2 1 1 7 8 3 3 8 2 3 0 1 3 2 3 0
18 44412 1 2 3 2 0 0 0 1 4 6 2 0 0 0 3 3 1 0 1 1 0 0 0 0 0 0 2 4 3 0 1 4 8 3 2 8 2 3 1 2 3 2 3 0
18 52187 1 2 3 2 0 0 0 1 4 6 2 0 0 0 4 3 0 0 1 2 0 0 1 0 0 0 2 4 3 1 0 5 8 4 2 6 2 4 0 1 3 2 2 0
18 53828 1 2 3 2 0 0 0 1 4 6 2 0 0 0 4 3 0 0 1 2 0 0 1 0 0 0 2 4 3 1 0 5 8 4 2 6 3 2 0 1 3 2 3 0
18 45455 1 2 3 2 0 0 0 1 4 6 2 0 0 1 3 2 0 0 1 1 0 0 0 0 0 0 1 3 3 0 2 6 10 3 2 8 2 3 0 1 3 2 3 0
18 47498 1 2 3 2 0 0 0 1 4 6 2 0 0 1 3 2 0 0 1 1 0 0 0 0 0 0 1 3 3 1 2 6 8 3 3 8 3 1 0 1 3 2 4 0
18 63044 1 2 3 2 0 0 0 1 4 6 2 0 0 1 3 3 0 0 0 1 0 0 0 0 0 0 1 3 2 0 2 7 10 3 2 8 3 1 0 1 3 2 4 0
18 62100 1 2 3 2 0 0 0 1 4 6 2 0 0 1 3 3 0 0 0 1 0 0 0 0 0 0 1 3 2 1 2 7 8 3 3 8 2 3 0 1 3 2 3 0
18 53841 1 2 3 2 0 0 0 1 4 6 2 0 0 1 4 2 0 0 2 2 0 0 0 0 0 0 1 3 4 2 1 4 6 4 3 8 4 0 0 1 2 2 4 0
18 52200 1 2 3 2 0 0 0 1 4 6 2 0 0 1 4 3 0 0 1 2 0 0 0 0 0 0 1 3 3 1 1 5 8 4 2 8 3 2 0 1 2 2 3 0
18 63049 1 2 3 2 0 0 0 1 4 6 2 0 0 1 4 4 0 0 0 2 0 0 0 0 0 0 1 3 2 0 1 6 10 4 1 8 4 0 0 1 2 2 4 0
18 61459 1 2 3 2 0 0 0 1 4 6 2 0 0 1 4 4 1 0 1 2 1 0 0 0 0 0 1 3 3 1 1 3 6 3 2 7 3 2 1 2 3 2 3 0
18 62118 1 2 3 2 0 0 0 1 4 6 2 0 0 2 4 3 0 0 1 2 0 0 1 0 0 0 0 2 3 1 2 5 8 4 2 6 2 4 0 1 3 2 2 0
18 63062 1 2 3 2 0 0 0 1 4 6 2 0 0 2 4 3 0 0 1 2 0 0 1 0 0 0 0 2 3 1 2 5 8 4 2 6 3 2 0 1 3 2 3 0
18 78063 1 2 3 2 0 0 0 1 4 6 2 1 0 0 3 2 1 0 1 1 0 0 0 0 0 0 2 4 2 1 1 5 6 4 3 7 3 1 1 2 2 3 4 0
18 78079 1 2 3 2 0 0 0 1 4 6 2 1 0 1 4 2 1 0 2 2 1 0 0 0 0 0 1 3 3 2 1 3 4 4 3 6 4 0 1 2 2 3 4 0
18 44424 1 2 3 2 0 0 0 1 4 6 3 0 0 0 3 5 1 0 0 2 1 0 0 0 0 0 2 3 2 0 1 4 8 3 1 7 3 2 1 2 3 2 3 0
18 45468 1 2 3 2 0 0 0 1 4 6 3 0 0 1 4 4 1 0 1 2 1 0 0 0 0 0 1 2 3 0 1 4 9 4 1 7 3 3 0 1 2 2 2 0
18 71028 1 2 3 2 0 0 0 1 4 6 3 0 0 1 4 5 2 0 0 1 1 0 0 0 0 0 1 2 2 0 1 5 8 4 2 7 4 1 0 1 2 2 3 0
18 61471 1 2 3 2 0 0 0 1 4 6 3 0 0 1 4 6 1 0 0 3 2 0 0 1 0 0 1 2 2 1 1 3 6 3 1 6 2 2 1 2 3 2 3 0
18 52213 1 2 3 2 0 0 0 1 4 6 3 0 0 1 5 5 1 0 1 3 2 0 0 0 0 0 1 2 3 1 0 3 7 4 1 6 4 2 0 1 2 2 2 0
18 71033 1 2 3 2 0 0 0 1 4 6 3 0 0 1 5 6 2 0 0 2 2 0 0 0 0 0 1 2 2 0 0 4 8 4 1 6 5 0 0 1 2 2 3 0
18 62130 1 2 3 2 0 0 0 1 4 6 3 0 0 2 5 5 1 0 1 3 1 0 1 1 0 0 0 1 3 1 1 3 7 5 1 5 2 3 0 1 2 2 2 0
18 71044 1 2 3 2 0 0 0 1 4 6 3 0 0 2 5 5 2 0 1 2 1 0 1 1 0 0 0 1 3 1 1 3 6 5 2 5 3 1 0 1 2 2 3 0
18 80489 1 2 3 2 0 0 0 1 4 6 3 1 0 0 3 4 2 0 0 1 1 0 0 0 0 0 2 3 1 0 1 5 7 4 2 6 4 0 1 2 2 3 4 0
18 47511 1 2 3 2 0 0 0 1 4 6 3 1 0 1 4 3 1 0 1 2 1 0 0 0 0 0 1 2 2 1 1 5 7 4 2 7 4 1 0 1 2 2 3 0
18 70495 1 2 3 2 0 0 0 1 4 6 3 1 0 1 4 4 2 0 0 1 1 0 0 0 0 0 1 2 1 1 1 6 6 4 3 7 3 3 0 1 2 2 2 0
18 80505 1 2 3 2 0 0 0 1 4 6 3 1 0 1 4 4 2 0 1 2 2 0 0 1 0 0 1 2 2 1 1 3 5 4 2 5 3 0 1 2 2 3 4 0
18 53854 1 2 3 2 0 0 0 1 4 6 3 1 0 1 5 3 1 0 2 3 2 0 0 0 0 0 1 2 3 2 0 3 5 4 2 6 5 0 0 1 2 2 3 0
18 70500 1 2 3 2 0 0 0 1 4 6 3 1 0 1 5 4 2 0 1 2 2 0 0 0 0 0 1 2 2 1 0 4 6 4 2 6 4 2 0 1 2 2 2 0
18 63073 1 2 3 2 0 0 0 1 4 6 3 1 0 2 5 4 1 0 1 3 1 0 1 1 0 0 0 1 2 1 1 4 7 5 1 5 3 1 0 1 2 2 3 0
18 70511 1 2 3 2 0 0 0 1 4 6 3 1 0 2 5 4 2 0 1 2 1 0 1 1 0 0 0 1 2 1 1 4 6 5 2 5 2 3 0 1 2 2 2 0
18 45492 1 2 3 2 0 0 0 1 4 7 3 0 0 0 3 4 1 0 1 2 1 0 0 0 0 0 1 3 3 0 1 4 9 4 1 7 3 3 0 1 2 2 2 0
18 47535 1 2 3 2 0 0 0 1 4 7 3 0 0 0 3 5 2 0 0 1 1 0 0 0 0 0 1 3 2 0 1 5 8 4 2 7 4 1 0 1 2 2 3 0
18 52237 1 2 3 2 0 0 0 1 4 7 3 0 0 0 4 5 1 0 1 3 1 0 1 1 0 0 1 3 3 1 0 3 7 5 1 5 2 3 0 1 2 2 2 0
18 53878 1 2 3 2 0 0 0 1 4 7 3 0 0 0 4 5 2 0 1 2 1 0 1 1 0 0 1 3 3 1 0 3 6 5 2 5 3 1 0 1 2 2 3 0
18 62142 1 2 3 2 0 0 0 1 4 7 3 0 0 1 4 5 1 0 1 3 2 0 0 0 0 0 0 2 3 1 1 3 7 4 1 6 4 2 0 1 2 2 2 0
18 63085 1 2 3 2 0 0 0 1 4 7 3 0 0 1 4 6 2 0 0 2 2 0 0 0 0 0 0 2 2 0 1 4 8 4 1 6 5 0 0 1 2 2 3 0
18 78064 1 2 3 2 0 0 0 1 4 7 3 1 0 0 3 3 1 0 1 2 1 0 0 0 0 0 1 3 2 1 1 5 7 4 2 7 4 1 0 1 2 2 3 0
18 77769 1 2 3 2 0 0 0 1 4 7 3 1 0 0 3 4 2 0 0 1 1 0 0 0 0 0 1 3 1 1 1 6 6 4 3 7 3 3 0 1 2 2 2 0
18 78069 1 2 3 2 0 0 0 1 4 7 3 1 0 0 4 4 1 0 1 3 1 0 1 1 0 0 1 3 2 1 0 4 7 5 1 5 3 1 0 1 2 2 3 0
18 77774 1 2 3 2 0 0 0 1 4 7 3 1 0 0 4 4 2 0 1 2 1 0 1 1 0 0 1 3 2 1 0 4 6 5 2 5 2 3 0 1 2 2 2 0
18 78080 1 2 3 2 0 0 0 1 4 7 3 1 0 1 4 3 1 0 2 3 2 0 0 0 0 0 0 2 3 2 1 3 5 4 2 6 5 0 0 1 2 2 3 0
18 77785 1 2 3 2 0 0 0 1 4 7 3 1 0 1 4 4 2 0 1 2 2 0 0 0 0 0 0 2 2 1 1 4 6 4 2 6 4 2 0 1 2 2 2 0
18 45504 1 2 3 2 0 0 0 1 4 7 4 0 0 0 3 6 2 0 0 2 2 0 0 0 0 0 1 2 2 0 1 4 8 4 1 6 4 2 0 1 2 2 2 0
18 52249 1 2 3 2 0 0 0 1 4 7 4 0 0 0 4 7 2 0 0 3 3 0 0 1 0 0 1 2 2 1 0 3 6 4 1 5 3 2 0 1 2 2 2 0
18 62154 1 2 3 2 0 0 0 1 4 7 4 0 0 1 4 7 2 0 0 3 3 0 0 1 0 0 0 1 2 1 1 3 6 4 1 5 3 2 0 1 2 2 2 0
18 71055 1 2 3 2 0 0 0 1 4 7 4 0 0 1 5 8 4 0 0 2 4 1 0 0 0 0 0 1 2 0 0 2 6 4 1 4 4 0 0 1 2 2 3 0
18 47547 1 2 3 2 0 0 0 1 4 7 4 1 0 0 3 5 3 0 0 1 2 0 0 0 0 0 1 2 1 0 1 5 7 4 2 6 5 0 0 1 2 2 3 0
18 53890 1 2 3 2 0 0 0 1 4 7 4 1 0 0 4 5 3 0 1 2 3 0 0 1 0 0 1 2 2 1 0 3 5 4 2 5 4 0 0 1 2 2 3 0
18 80495 1 2 3 2 0 0 0 1 4 7 4 1 0 0 4 6 3 0 0 2 3 0 0 1 0 0 1 2 1 0 0 4 7 4 1 5 4 0 0 1 2 2 3 0
18 80506 1 2 3 2 0 0 0 1 4 7 4 1 0 1 4 5 3 0 1 2 3 0 0 1 0 0 0 1 2 1 1 3 5 4 2 5 4 0 0 1 2 2 3 0
18 63097 1 2 3 2 0 0 0 1 4 7 4 1 0 1 4 6 3 0 0 2 3 0 0 1 0 0 0 1 1 0 1 4 7 4 1 5 4 0 0 1 2 2 3 0
18 70523 1 2 3 2 0 0 0 1 4 7 4 1 0 1 5 6 3 0 1 3 4 1 0 0 0 0 0 1 2 1 0 2 5 4 1 4 3 2 0 1 2 2 2 0
18 80198 1 2 3 2 0 0 0 1 4 7 4 2 0 0 3 4 4 0 0 0 2 0 0 0 0 0 1 2 0 0 1 6 6 4 3 6 4 2 0 1 2 2 2 0
18 80203 1 2 3 2 0 0 0 1 4 7 4 2 0 0 4 4 4 0 1 1 3 0 0 1 0 0 1 2 1 0 0 4 6 4 2 5 3 2 0 1 2 2 2 0
18 80214 1 2 3 2 0 0 0 1 4 7 4 2 0 1 4 4 4 0 1 1 3 0 0 1 0 0 0 1 1 0 1 4 6 4 2 5 3 2 0 1 2 2 2 0
18 78091 1 2 3 2 0 0 0 1 4 7 4 2 0 1 5 4 2 0 2 4 4 1 0 0 0 0 0 1 2 2 0 2 4 4 1 4 4 0 0 1 2 2 3 0
18 25656 1 2 3 2 1 0 0 1 3 3 2 0 0 1 2 2 0 0 1 2 0 0 1 0 0 1 3 4 3 1 2 5 5 2 2 5 1 3 1 4 5 3 4 0
18 25464 1 2 3 2 1 0 0 1 3 3 2 0 0 1 3 2 0 0 2 2 0 0 1 0 0 1 3 4 4 1 1 3 6 2 2 6 1 4 1 3 5 2 3 0
18 25668 1 2 3 2 1 0 0 1 3 3 3 0 0 1 2 4 0 0 0 3 0 0 1 0 0 1 3 3 2 1 2 5 5 3 1 5 2 2 1 4 4 3 4 0
18 27349 1 2 3 2 1 0 0 1 3 4 2 0 0 1 3 3 0 0 1 3 1 0 1 1 0 1 2 4 3 1 1 5 6 3 1 4 1 2 0 3 4 3 4 0
18 25500 1 2 3 2 1 0 0 1 3 4 3 0 0 0 2 4 0 0 1 3 0 0 1 0 0 1 3 4 3 1 1 3 6 3 1 6 2 3 1 3 4 2 3 0
18 27361 1 2 3 2 1 0 0 1 3 4 3 0 0 1 3 5 1 0 0 3 1 0 1 1 0 1 2 3 2 1 1 5 5 4 1 4 2 1 0 3 3 3 4 0
18 27157 1 2 3 2 1 0 0 1 3 4 3 1 0 1 3 2 1 0 2 2 0 0 1 0 0 1 2 3 3 1 1 4 6 4 2 6 2 4 0 2 3 2 2 0
18 34660 1 2 3 2 1 0 0 1 3 4 3 1 0 1 4 3 2 0 2 2 1 0 1 0 0 1 2 3 3 1 0 3 5 4 2 5 3 3 0 2 3 2 2 0
18 27193 1 2 3 2 1 0 0 1 3 5 4 1 0 0 2 4 1 0 1 3 1 0 1 0 0 1 2 3 2 1 1 4 6 4 1 5 3 3 0 2 3 2 2 0
18 34696 1 2 3 2 1 0 0 1 3 5 4 1 0 0 3 5 2 0 1 3 2 0 1 1 0 1 2 3 2 1 0 3 5 4 1 4 2 3 0 2 3 2 2 0
18 44398 1 2 3 2 1 0 0 1 4 4 3 0 0 1 3 3 0 0 2 3 1 0 1 1 0 0 2 3 4 1 1 2 7 3 1 5 1 3 1 2 4 2 3 0
18 73605 1 2 3 2 1 0 0 1 4 4 3 0 0 1 3 4 1 0 1 2 2 0 0 1 0 0 2 3 3 1 1 3 6 3 2 5 2 1 1 2 3 3 4 0
18 44587 1 2 3 2 1 0 0 1 4 4 3 1 0 1 2 2 1 0 1 2 0 0 1 0 0 0 2 3 2 1 2 5 5 3 2 6 2 3 1 3 4 2 3 0
18 61571 1 2 3 2 1 0 0 1 4 4 3 1 0 2 3 3 2 0 1 2 1 0 1 0 0 0 1 2 2 0 2 4 6 3 1 5 3 2 1 3 4 2 3 0
18 44599 1 2 3 2 1 0 0 1 4 4 4 1 0 1 2 4 1 0 0 3 1 0 1 0 0 0 2 2 1 1 2 5 5 3 1 5 3 2 1 3 4 2 3 0
18 61583 1 2 3 2 1 0 0 1 4 4 4 1 0 2 3 5 2 0 0 3 2 0 1 1 0 0 1 1 1 0 2 4 6 3 0 4 2 2 1 3 4 2 3 0
18 45667 1 2 3 2 1 0 0 1 4 5 3 1 0 1 3 3 1 0 1 3 1 0 1 1 0 0 1 3 2 1 1 5 6 4 1 5 2 2 0 2 3 2 3 0
18 62254 1 2 3 2 1 0 0 1 4 5 3 1 0 2 4 4 2 0 1 3 2 0 1 1 0 0 0 2 2 0 1 4 7 4 0 4 3 1 0 2 3 2 3 0
18 44434 1 2 3 2 1 0 0 1 4 5 4 0 0 0 2 5 1 0 1 3 1 0 1 1 0 0 2 3 3 1 1 2 6 4 1 5 2 2 1 2 3 2 3 0
18 82273 1 2 3 2 1 0 0 1 4 5 4 1 0 0 2 4 2 0 1 2 2 0 0 1 0 0 2 3 2 1 1 3 5 4 2 5 3 0 1 2 2 3 4 0
18 45478 1 2 3 2 1 0 0 1 4 5 4 1 0 1 3 3 1 0 2 3 1 0 1 1 0 0 1 2 3 1 1 3 7 5 1 5 2 3 0 1 2 2 2 0
18 73606 1 2 3 2 1 0 0 1 4 5 4 1 0 1 3 4 2 0 1 2 2 0 0 1 0 0 1 2 2 1 1 4 6 4 2 6 3 1 0 1 2 2 3 0
18 45679 1 2 3 2 1 0 0 1 4 5 4 1 0 1 3 5 2 0 0 3 2 0 1 1 0 0 1 2 1 1 1 5 5 4 1 4 3 1 0 2 3 2 3 0
18 52223 1 2 3 2 1 0 0 1 4 5 4 1 0 1 4 4 2 0 2 3 2 0 1 1 0 0 1 2 3 1 0 2 6 5 1 4 3 2 0 1 2 2 2 0
18 73611 1 2 3 2 1 0 0 1 4 5 4 1 0 1 4 5 3 0 1 2 3 0 0 1 0 0 1 2 2 0 0 3 7 4 1 5 4 0 0 1 2 2 3 0
18 62266 1 2 3 2 1 0 0 1 4 5 4 1 0 2 4 6 3 0 0 3 3 0 1 2 0 0 0 1 1 0 1 4 6 4 0 3 2 1 0 2 3 2 3 0
18 45514 1 2 3 2 1 0 0 1 4 6 5 1 0 0 2 5 2 0 1 3 2 0 1 1 0 0 1 2 2 1 1 3 6 5 1 4 3 2 0 1 2 2 2 0
18 52259 1 2 3 2 1 0 0 1 4 6 5 1 0 0 3 6 3 0 1 3 3 0 1 2 0 0 1 2 2 1 0 2 5 5 1 3 2 2 0 1 2 2 2 0
18 82274 1 2 3 2 1 0 0 1 4 6 5 2 0 0 2 4 3 0 1 2 3 0 0 1 0 0 1 2 1 1 1 4 5 4 2 5 4 0 0 1 2 2 3 0
18 82279 1 2 3 2 1 0 0 1 4 6 5 2 0 0 3 5 4 0 1 2 4 0 0 2 0 0 1 2 1 0 0 3 6 4 1 4 3 0 0 1 2 2 3 0
17 93589 1 2 3 2 2 0 0 0 3 2 4 0 0 0 0 2 0 0 0 0 0 0 0 0 0 0 3 2 4 0 3 5 10 4 3 6 4 0 0 0 2 1 3 1
17 96769 1 2 3 2 2 0 0 0 3 2 4 0 0 0 1 3 0 0 0 1 0 0 0 0 0 0 3 2 3 1 2 5 8 5 3 6 4 1 0 0 1 1 2 1
17 102661 1 2 3 2 2 0 0 0 3 2 4 0 0 1 0 3 0 0 0 1 0 0 0 0 0 0 2 2 4 1 3 4 8 5 3 6 4 1 0 0 1 1 2 1
17 93594 1 2 3 2 2 0 0 0 3 2 4 0 0 1 0 3 0 0 0 1 0 0 0 0 0 0 2 3 4 1 2 4 8 5 3 6 4 1 0 0 1 1 2 1
17 93605 1 2 3 2 2 0 0 0 3 2 4 0 0 1 1 3 0 0 0 1 0 0 0 0 0 0 2 2 3 1 2 5 8 5 3 6 4 1 0 0 1 1 2 1
17 96773 1 2 3 2 2 0 0 0 3 2 4 0 0 1 1 4 0 0 0 2 0 0 1 0 0 0 2 3 3 2 1 4 6 6 3 4 4 2 0 0 1 1 1 1
17 96784 1 2 3 2 2 0 0 0 3 2 4 0 0 1 2 4 0 0 0 2 0 0 0 0 0 0 2 2 2 2 1 5 6 6 3 6 5 0 0 0 0 1 2 1
17 102665 1 2 3 2 2 0 0 0 3 2 4 0 0 2 0 4 0 0 0 2 0 0 0 0 0 0 1 3 4 2 2 3 6 6 3 6 5 0 0 0 0 1 2 1
17 102676 1 2 3 2 2 0 0 0 3 2 4 0 0 2 1 4 0 0 0 2 0 0 1 0 0 0 1 2 3 2 2 4 6 6 3 4 4 2 0 0 1 1 1 1
17 106601 1 2 3 2 2 0 0 0 3 2 5 1 0 1 1 3 2 0 0 1 1 0 0 0 0 0 2 1 3 1 2 4 6 6 3 5 5 1 0 0 0 1 1 1
17 106605 1 2 3 2 2 0 0 0 3 2 5 1 0 2 1 4 2 0 0 2 2 0 0 0 0 0 1 2 3 2 1 3 4 6 3 4 6 0 0 0 0 1 1 1
17 106614 1 2 3 2 2 0 0 0 3 2 5 1 0 2 2 4 2 0 0 2 1 0 1 1 0 0 1 1 2 2 1 4 4 7 3 3 4 1 0 0 0 1 1 1
17 111635 1 2 3 2 2 0 0 0 3 3 4 1 0 0 1 4 2 0 0 1 1 0 0 0 0 0 2 2 2 1 2 4 6 6 3 5 5 1 0 0 0 1 1 1
17 111639 1 2 3 2 2 0 0 0 3 3 4 1 0 1 1 5 2 0 0 2 1 0 1 1 0 0 1 3 2 2 1 3 4 7 3 3 4 1 0 0 0 1 1 1
17 93616 1 2 3 2 2 0 0 0 3 3 4 1 0 1 2 4 2 0 0 1 1 0 0 0 0 0 1 2 2 1 1 4 6 6 3 5 5 1 0 0 0 1 1 1
17 111648 1 2 3 2 2 0 0 0 3 3 4 1 0 1 2 5 2 0 0 2 2 0 0 0 0 0 1 2 1 2 1 4 4 6 3 4 6 0 0 0 0 1 1 1
17 96795 1 2 3 2 2 0 0 0 3 3 4 1 0 1 3 5 2 0 0 2 2 0 0 0 0 0 1 2 1 2 0 4 4 6 3 4 6 0 0 0 0 1 1 1
17 102685 1 2 3 2 2 0 0 0 3 3 4 1 0 2 2 5 2 0 0 2 1 0 1 1 0 0 0 2 2 2 1 3 4 7 3 3 4 1 0 0 0 1 1 1
17 93638 1 2 3 2 2 0 0 0 3 3 5 1 0 1 1 3 2 0 0 1 1 0 0 0 0 0 1 2 3 1 1 4 6 6 3 5 5 1 0 0 0 1 1 1
17 96817 1 2 3 2 2 0 0 0 3 3 5 1 0 1 2 4 2 0 0 2 1 0 1 1 0 0 1 2 2 2 0 4 4 7 3 3 4 1 0 0 0 1 1 1
17 102695 1 2 3 2 2 0 0 0 3 3 5 1 0 2 1 4 2 0 0 2 2 0 0 0 0 0 0 2 3 2 1 3 4 6 3 4 6 0 0 0 0 1 1 1
17 112906 1 2 3 2 2 0 0 0 3 3 5 2 0 0 1 3 4 0 0 0 2 0 0 0 0 0 2 1 2 0 2 4 6 6 3 4 6 0 0 0 0 1 1 1
17 112910 1 2 3 2 2 0 0 0 3 3 5 2 0 1 1 4 4 0 0 1 3 0 0 1 0 0 1 2 2 1 1 3 4 6 3 3 5 0 0 0 0 1 1 1
17 112919 1 2 3 2 2 0 0 0 3 3 5 2 0 1 2 4 4 0 0 1 3 0 0 1 0 0 1 1 1 1 1 4 4 6 3 3 5 0 0 0 0 1 1 1
17 106623 1 2 3 2 2 0 0 0 3 3 6 2 0 2 2 4 4 0 0 2 4 1 0 0 0 0 0 1 2 2 0 3 2 6 3 2 5 0 0 0 0 1 1 1
17 111657 1 2 3 2 2 0 0 0 3 4 4 2 0 1 3 6 4 0 0 2 4 1 0 0 0 0 0 2 0 2 0 3 2 6 3 2 5 0 0 0 0 1 1 1
17 93648 1 2 3 2 2 0 0 0 3 4 5 2 0 0 2 3 4 0 0 0 2 0 0 0 0 0 1 1 2 0 1 4 6 6 3 4 6 0 0 0 0 1 1 1
17 96827 1 2 3 2 2 0 0 0 3 4 5 2 0 0 3 4 4 0 0 1 3 0 0 1 0 0 1 1 1 1 0 4 4 6 3 3 5 0 0 0 0 1 1 1
17 102705 1 2 3 2 2 0 0 0 3 4 5 2 0 1 2 4 4 0 0 1 3 0 0 1 0 0 0 1 2 1 1 3 4 6 3 3 5 0 0 0 0 1 1 1
17 108605 1 2 3 2 3 1 0 0 3 1 4 2 0 1 1 2 2 0 1 1 2 0 0 1 0 0 2 1 3 2 2 3 5 6 3 4 4 1 0 0 0 1 1 1
17 108609 1 2 3 2 3 1 0 0 3 1 4 2 0 2 1 3 3 0 1 1 3 0 0 1 0 0 1 2 3 2 1 2 4 6 3 3 5 0 0 0 0 1 1 1
17 114071 1 2 3 2 3 1 0 0 3 2 4 3 0 0 1 2 4 0 1 0 3 0 0 1 0 0 2 1 2 1 2 3 5 6 3 3 5 0 0 0 0 1 1 1
17 114075 1 2 3 2 3 1 0 0 3 2 4 3 0 1 1 3 5 0 1 0 4 0 0 2 0 0 1 2 2 1 1 2 4 6 3 2 4 0 0 0 0 1 1 1
18 29762 1 2 3 3 1 0 0 1 2 4 2 0 0 0 1 1 0 0 0 0 0 0 0 0 0 1 3 5 3 0 2 8 9 2 3 7 2 1 0 2 4 3 5 0
18 29768 1 2 3 3 1 0 0 1 2 4 2 0 0 0 2 2 0 0 0 1 0 0 0 0 0 1 3 5 3 0 1 7 9 2 2 8 2 2 0 2 4 2 4 0
18 36339 1 2 3 3 1 0 0 1 2 4 2 0 0 0 2 2 0 0 0 1 0 0 0 0 0 1 3 5 3 1 1 7 7 3 3 7 2 2 0 2 3 3 4 0
18 25658 1 2 3 3 1 0 0 1 2 4 2 0 0 0 2 2 0 0 1 2 0 0 1 0 0 1 3 5 4 1 1 4 6 2 2 6 1 4 1 3 5 2 3 0
18 36345 1 2 3 3 1 0 0 1 2 4 2 0 0 0 3 3 0 0 0 2 0 0 1 0 0 1 3 5 3 1 0 6 7 3 2 6 2 3 0 2 4 2 3 0
18 29782 1 2 3 3 1 0 0 1 2 4 2 0 0 1 2 1 0 0 1 0 0 0 0 0 0 1 2 4 4 1 2 6 8 3 4 7 2 2 0 1 3 3 4 0
18 36359 1 2 3 3 1 0 0 1 2 4 2 0 0 1 3 2 0 0 1 1 0 0 0 0 0 1 2 4 4 2 1 5 6 4 4 7 3 1 0 1 2 3 4 0
18 25670 1 2 3 3 1 0 0 1 2 4 3 0 0 0 2 4 0 0 0 3 0 0 1 0 0 1 3 4 3 1 1 4 6 3 1 6 2 3 1 3 4 2 3 0
18 29796 1 2 3 3 1 0 0 1 2 4 3 1 0 1 3 2 1 0 1 1 0 0 0 0 0 1 2 3 3 1 1 5 7 4 3 8 3 2 0 1 2 2 3 0
18 36373 1 2 3 3 1 0 0 1 2 4 3 1 0 1 4 3 1 0 1 2 1 0 0 0 0 1 2 3 3 2 0 4 5 4 3 7 4 1 0 1 2 2 3 0
18 27351 1 2 3 3 1 0 0 1 2 5 3 0 0 0 2 3 0 0 1 3 1 0 1 1 0 1 2 4 4 1 1 4 7 3 1 5 1 3 0 2 4 2 3 0
18 29820 1 2 3 3 1 0 0 1 2 5 3 0 0 0 2 4 1 0 0 1 1 0 0 0 0 1 2 4 3 0 1 5 9 3 2 7 3 2 0 1 3 2 3 0
18 29998 1 2 3 3 1 0 0 1 2 5 3 0 0 0 2 4 1 0 0 2 2 0 0 1 0 1 2 4 3 1 1 5 6 3 2 5 2 1 0 2 3 3 4 0
18 36397 1 2 3 3 1 0 0 1 2 5 3 0 0 0 3 5 1 0 0 2 1 0 1 1 0 1 2 4 3 1 0 4 7 4 2 5 2 2 0 1 3 2 3 0
18 27363 1 2 3 3 1 0 0 1 2 5 4 0 0 0 2 5 1 0 0 3 1 0 1 1 0 1 2 3 3 1 1 4 6 4 1 5 2 2 0 2 3 2 3 0
18 29832 1 2 3 3 1 0 0 1 2 5 4 1 0 0 2 4 2 0 0 1 1 0 0 0 0 1 2 3 2 0 1 5 8 4 2 7 4 1 0 1 2 2 3 0
18 30010 1 2 3 3 1 0 0 1 2 5 4 1 0 0 2 4 2 0 0 2 2 0 0 1 0 1 2 3 2 1 1 5 5 4 2 5 3 0 0 2 2 3 4 0
18 36409 1 2 3 3 1 0 0 1 2 5 4 1 0 0 3 5 2 0 0 2 2 0 0 1 0 1 2 3 2 1 0 4 6 4 2 6 3 1 0 1 2 2 3 0
18 47481 1 2 3 3 1 0 0 1 3 5 3 0 0 0 1 2 0 0 0 0 0 0 0 0 0 0 2 4 3 0 2 7 11 3 3 8 3 1 0 0 3 2 4 0
18 47487 1 2 3 3 1 0 0 1 3 5 3 0 0 0 2 3 0 0 0 1 0 0 0 0 0 0 2 4 3 0 1 6 11 4 2 8 3 2 0 0 2 2 3 0
18 53824 1 2 3 3 1 0 0 1 3 5 3 0 0 0 2 3 0 0 0 1 0 0 0 0 0 0 2 4 3 1 1 6 9 4 3 8 3 2 0 0 2 2 3 0
18 53830 1 2 3 3 1 0 0 1 3 5 3 0 0 0 3 4 0 0 0 2 0 0 1 0 0 0 2 4 3 1 0 5 9 5 2 6 3 3 0 0 2 2 2 0
18 47500 1 2 3 3 1 0 0 1 3 5 3 0 0 1 2 2 0 0 1 1 0 0 0 0 0 0 1 3 4 1 2 5 9 4 3 8 3 2 0 0 2 2 3 0
18 63045 1 2 3 3 1 0 0 1 3 5 3 0 0 1 2 3 0 0 0 1 0 0 0 0 0 0 1 3 3 1 2 6 9 4 3 8 3 2 0 0 2 2 3 0
18 53843 1 2 3 3 1 0 0 1 3 5 3 0 0 1 3 3 0 0 1 2 0 0 0 0 0 0 1 3 4 2 1 4 7 5 3 8 4 1 0 0 1 2 3 0
18 63051 1 2 3 3 1 0 0 1 3 5 3 0 0 1 3 4 0 0 0 2 0 0 0 0 0 0 1 3 3 1 1 5 9 5 2 8 4 1 0 0 1 2 3 0
18 63063 1 2 3 3 1 0 0 1 3 5 3 0 0 2 3 3 0 0 1 2 0 0 1 0 0 0 0 2 4 2 2 4 7 5 3 6 3 3 0 0 2 2 2 0
18 44589 1 2 3 3 1 0 0 1 3 5 3 1 0 0 2 2 1 0 1 2 0 0 1 0 0 0 2 4 3 1 1 4 6 4 2 6 2 4 1 2 3 2 2 0
18 61573 1 2 3 3 1 0 0 1 3 5 3 1 0 1 3 3 2 0 1 2 1 0 1 0 0 0 1 3 3 1 1 3 5 4 2 5 3 3 1 2 3 2 2 0
18 44601 1 2 3 3 1 0 0 1 3 5 4 1 0 0 2 4 1 0 0 3 1 0 1 0 0 0 2 3 2 1 1 4 6 4 1 5 3 3 1 2 3 2 2 0
18 47513 1 2 3 3 1 0 0 1 3 5 4 1 0 1 3 3 1 0 1 2 1 0 0 0 0 0 1 2 3 1 1 4 8 5 2 7 4 2 0 0 1 2 2 0
18 71029 1 2 3 3 1 0 0 1 3 5 4 1 0 1 3 4 2 0 0 1 1 0 0 0 0 0 1 2 2 1 1 5 7 5 3 7 4 2 0 0 1 2 2 0
18 61585 1 2 3 3 1 0 0 1 3 5 4 1 0 1 3 5 2 0 0 3 2 0 1 1 0 0 1 2 2 1 1 3 5 4 1 4 2 3 1 2 3 2 2 0
18 53856 1 2 3 3 1 0 0 1 3 5 4 1 0 1 4 4 1 0 1 3 2 0 0 0 0 0 1 2 3 2 0 3 6 5 2 6 5 1 0 0 1 2 2 0
18 71034 1 2 3 3 1 0 0 1 3 5 4 1 0 1 4 5 2 0 0 2 2 0 0 0 0 0 1 2 2 1 0 4 7 5 2 6 5 1 0 0 1 2 2 0
18 63075 1 2 3 3 1 0 0 1 3 5 4 1 0 2 4 4 1 0 1 3 1 0 1 1 0 0 0 1 3 2 1 3 6 6 2 5 3 2 0 0 1 2 2 0
18 71045 1 2 3 3 1 0 0 1 3 5 4 1 0 2 4 4 2 0 1 2 1 0 1 1 0 0 0 1 3 2 1 3 5 6 3 5 3 2 0 0 1 2 2 0
18 47537 1 2 3 3 1 0 0 1 3 6 4 0 0 0 2 5 2 0 0 1 1 0 0 0 0 0 1 3 3 0 1 4 9 5 2 7 4 2 0 0 1 2 2 0
18 53880 1 2 3 3 1 0 0 1 3 6 4 0 0 0 3 6 2 0 0 2 1 0 1 1 0 0 1 3 3 1 0 3 7 6 2 5 3 2 0 0 1 2 2 0
18 63087 1 2 3 3 1 0 0 1 3 6 4 0 0 1 3 6 2 0 0 2 2 0 0 0 0 0 0 2 3 1 1 3 7 5 2 6 5 1 0 0 1 2 2 0
18 45669 1 2 3 3 1 0 0 1 3 6 4 1 0 0 2 3 1 0 1 3 1 0 1 1 0 0 1 3 3 1 1 4 7 5 1 5 2 3 0 1 2 2 2 0
18 78065 1 2 3 3 1 0 0 1 3 6 4 1 0 0 2 4 2 0 0 1 1 0 0 0 0 0 1 3 2 1 1 5 7 5 3 7 4 2 0 0 1 2 2 0
18 47712 1 2 3 3 1 0 0 1 3 6 4 1 0 0 2 4 2 0 0 2 2 0 0 1 0 0 1 3 2 1 1 5 6 4 2 6 3 1 0 1 2 2 3 0
18 78070 1 2 3 3 1 0 0 1 3 6 4 1 0 0 3 5 2 0 0 2 1 0 1 1 0 0 1 3 2 1 0 4 7 6 2 5 3 2 0 0 1 2 2 0
18 78081 1 2 3 3 1 0 0 1 3 6 4 1 0 1 3 4 2 0 1 2 2 0 0 0 0 0 0 2 3 2 1 3 5 5 3 6 5 1 0 0 1 2 2 0
18 62256 1 2 3 3 1 0 0 1 3 6 4 1 0 1 3 4 2 0 1 3 2 0 1 1 0 0 0 2 3 1 1 3 6 5 1 4 3 2 0 1 2 2 2 0
18 63199 1 2 3 3 1 0 0 1 3 6 4 1 0 1 3 5 3 0 0 2 3 0 0 1 0 0 0 2 2 0 1 4 7 4 1 5 4 0 0 1 2 2 3 0
18 45681 1 2 3 3 1 0 0 1 3 6 5 1 0 0 2 5 2 0 0 3 2 0 1 1 0 0 1 2 2 1 1 4 6 5 1 4 3 2 0 1 2 2 2 0
18 47549 1 2 3 3 1 0 0 1 3 6 5 1 0 0 2 5 3 0 0 1 2 0 0 0 0 0 1 2 2 0 1 4 8 5 2 6 5 1 0 0 1 2 2 0
18 53892 1 2 3 3 1 0 0 1 3 6 5 1 0 0 3 6 3 0 0 2 3 0 0 1 0 0 1 2 2 1 0 3 6 5 2 5 4 1 0 0 1 2 2 0
18 63099 1 2 3 3 1 0 0 1 3 6 5 1 0 1 3 6 3 0 0 2 3 0 0 1 0 0 0 1 2 1 1 3 6 5 2 5 4 1 0 0 1 2 2 0
18 62268 1 2 3 3 1 0 0 1 3 6 5 1 0 1 3 6 3 0 0 3 3 0 1 2 0 0 0 1 2 1 1 3 5 5 1 3 2 2 0 1 2 2 2 0
18 71057 1 2 3 3 1 0 0 1 3 6 5 1 0 1 4 7 4 0 0 2 4 1 0 0 0 0 0 1 2 1 0 2 5 5 2 4 4 1 0 0 1 2 2 0
18 47724 1 2 3 3 1 0 0 1 3 6 5 2 0 0 2 4 3 0 0 2 3 0 0 1 0 0 1 2 1 1 1 5 5 4 2 5 4 0 0 1 2 2 3 0
18 80491 1 2 3 3 1 0 0 1 3 6 5 2 0 0 2 4 4 0 0 0 2 0 0 0 0 0 1 2 1 0 1 5 7 5 3 6 5 1 0 0 1 2 2 0
18 80496 1 2 3 3 1 0 0 1 3 6 5 2 0 0 3 5 4 0 0 1 3 0 0 1 0 0 1 2 1 0 0 4 7 5 2 5 4 1 0 0 1 2 2 0
18 80507 1 2 3 3 1 0 0 1 3 6 5 2 0 1 3 4 4 0 1 1 3 0 0 1 0 0 0 1 2 1 1 3 5 5 3 5 4 1 0 0 1 2 2 0
18 63211 1 2 3 3 1 0 0 1 3 6 5 2 0 1 3 5 4 0 0 2 4 0 0 2 0 0 0 1 1 0 1 4 6 4 1 4 3 0 0 1 2 2 3 0
18 78093 1 2 3 3 1 0 0 1 3 6 5 2 0 1 4 5 3 0 1 3 4 1 0 0 0 0 0 1 2 2 0 2 4 5 2 4 4 1 0 0 1 2 2 0
18 25680 1 2 3 3 2 0 0 1 2 3 4 0 0 0 1 4 0 0 1 4 0 0 2 0 0 1 3 4 4 2 1 2 4 4 1 4 2 4 1 3 4 2 2 0
18 27373 1 2 3 3 2 0 0 1 2 4 5 1 0 0 1 4 1 0 1 4 1 0 2 1 0 1 2 3 3 2 1 3 4 5 1 3 2 3 0 2 3 2 2 0
18 44611 1 2 3 3 2 0 0 1 3 4 5 1 0 0 1 4 1 0 1 4 1 0 2 1 0 0 2 3 3 2 1 2 4 5 1 3 2 3 1 2 3 2 2 0
18 45691 1 2 3 3 2 0 0 1 3 5 6 2 0 0 1 4 2 0 1 4 2 0 2 2 0 0 1 2 2 2 1 3 4 6 1 2 2 2 0 1 2 2 2 0
17 137070 1 2 3 3 2 1 0 0 2 3 3 2 0 0 1 3 2 0 0 2 2 0 0 1 0 0 2 2 2 2 2 4 4 6 3 4 4 1 0 0 0 1 1 1
17 93625 1 2 3 3 2 1 0 0 2 3 3 2 0 1 2 3 2 0 1 2 2 0 0 1 0 0 1 2 2 2 1 3 4 6 3 4 4 1 0 0 0 1 1 1
17 137074 1 2 3 3 2 1 0 0 2 3 3 2 0 1 2 4 3 0 0 2 3 0 0 1 0 0 1 2 1 2 1 4 3 6 3 3 5 0 0 0 0 1 1 1
17 96804 1 2 3 3 2 1 0 0 2 3 3 2 0 1 3 4 3 0 1 2 3 0 0 1 0 0 1 2 1 2 0 3 3 6 3 3 5 0 0 0 0 1 1 1
17 137988 1 2 3 3 2 1 0 0 2 3 4 3 0 0 1 2 4 0 0 1 3 0 0 1 0 0 2 1 2 1 2 4 4 6 3 3 5 0 0 0 0 1 1 1
17 137992 1 2 3 3 2 1 0 0 2 3 4 3 0 1 2 3 5 0 0 1 4 0 0 2 0 0 1 1 1 1 1 4 3 6 3 2 4 0 0 0 0 1 1 1
17 93657 1 2 3 3 2 1 0 0 2 4 4 3 0 0 2 2 4 0 1 1 3 0 0 1 0 0 1 1 2 1 1 3 4 6 3 3 5 0 0 0 0 1 1 1
17 96836 1 2 3 3 2 1 0 0 2 4 4 3 0 0 3 3 5 0 1 1 4 0 0 2 0 0 1 1 1 1 0 3 3 6 3 2 4 0 0 0 0 1 1 1
18 29806 1 2 3 3 2 1 0 1 2 3 2 2 0 1 3 1 1 0 2 2 0 0 1 0 0 1 2 3 3 2 1 4 5 5 3 6 3 3 0 1 2 2 2 0
18 36383 1 2 3 3 2 1 0 1 2 3 2 2 0 1 4 2 2 0 2 2 1 0 1 0 0 1 2 3 3 2 0 3 4 5 3 5 4 2 0 1 2 2 2 0
18 29842 1 2 3 3 2 1 0 1 2 4 3 2 0 0 2 3 2 0 1 2 1 0 1 0 0 1 2 3 2 1 1 4 6 5 2 5 4 2 0 1 2 2 2 0
18 36419 1 2 3 3 2 1 0 1 2 4 3 2 0 0 3 4 3 0 1 2 2 0 1 1 0 1 2 3 2 1 0 3 5 5 2 4 3 2 0 1 2 2 2 0
18 47523 1 2 3 3 2 1 0 1 3 4 3 2 0 1 3 2 1 0 2 3 1 0 1 1 0 0 1 2 3 2 1 3 6 6 2 5 3 2 0 0 1 2 2 0
18 73607 1 2 3 3 2 1 0 1 3 4 3 2 0 1 3 3 2 0 1 2 2 0 0 1 0 0 1 2 2 2 1 4 5 5 3 6 3 2 0 0 1 2 2 0
18 53866 1 2 3 3 2 1 0 1 3 4 3 2 0 1 4 3 2 0 2 3 2 0 1 1 0 0 1 2 3 2 0 2 5 6 2 4 4 1 0 0 1 2 2 0
18 73612 1 2 3 3 2 1 0 1 3 4 3 2 0 1 4 4 3 0 1 2 3 0 0 1 0 0 1 2 2 1 0 3 6 5 2 5 4 1 0 0 1 2 2 0
18 47559 1 2 3 3 2 1 0 1 3 5 4 2 0 0 2 4 3 0 1 2 2 0 1 1 0 0 1 2 2 1 1 3 6 6 2 4 4 1 0 0 1 2 2 0
18 53902 1 2 3 3 2 1 0 1 3 5 4 2 0 0 3 5 4 0 1 2 3 0 1 2 0 0 1 2 2 1 0 2 5 6 2 3 3 1 0 0 1 2 2 0
18 82275 1 2 3 3 2 1 0 1 3 5 4 3 0 0 2 3 4 0 1 1 3 0 0 1 0 0 1 2 1 1 1 4 5 5 3 5 4 1 0 0 1 2 2 0
18 82280 1 2 3 3 2 1 0 1 3 5 4 3 0 0 3 4 5 0 1 1 4 0 0 2 0 0 1 2 1 0 0 3 6 5 2 4 3 1 0 0 1 2 2 0
17 93692 1 2 3 3 3 1 0 0 2 2 4 2 0 1 1 2 2 0 1 1 2 0 0 1 0 0 1 2 3 2 1 3 5 6 3 4 4 1 0 0 0 1 1 1
17 102725 1 2 3 3 3 1 0 0 2 2 4 2 0 2 1 3 3 0 1 1 3 0 0 1 0 0 0 2 3 2 1 2 4 6 3 3 5 0 0 0 0 1 1 1
17 93702 1 2 3 3 3 1 0 0 2 3 4 3 0 0 2 2 4 0 1 0 3 0 0 1 0 0 1 1 2 1 1 3 5 6 3 3 5 0 0 0 0 1 1 1
17 102735 1 2 3 3 3 1 0 0 2 3 4 3 0 1 2 3 5 0 1 0 4 0 0 2 0 0 0 1 2 1 1 2 4 6 3 2 4 0 0 0 0 1 1 1
17 138975 1 2 3 3 3 2 0 0 2 2 3 4 0 0 1 1 4 0 1 1 4 0 0 2 0 0 2 1 2 2 2 3 3 6 3 2 4 0 0 0 0 1 1 1
17 108616 1 2 3 3 3 2 1 0 2 2 3 2 2 2 3 4 2 1 2 3 4 0 1 4 2 0 0 1 1 2 0 1 1 2 3 2 2 0 0 0 0 1 1 1
17 114082 1 2 3 3 3 2 1 0 2 3 3 3 2 1 3 4 4 2 2 2 5 1 0 3 1 0 0 1 0 1 0 1 1 2 3 2 2 0 0 0 0 1 1 1
17 108628 1 2 3 3 3 2 1 0 2 3 4 3 2 1 3 3 4 2 2 2 5 1 0 3 1 0 0 0 1 1 0 1 1 2 3 2 2 0 0 0 0 1 1 1
18 73621 1 2 3 3 3 2 1 1 3 3 3 2 2 2 5 4 1 1 3 5 3 0 2 4 2 0 0 0 2 2 0 0 2 2 2 3 1 1 0 0 1 2 2 0
18 73633 1 2 3 3 3 2 1 1 3 4 4 2 2 1 4 6 3 2 2 4 4 1 1 3 1 0 0 0 1 1 0 0 2 2 2 3 1 1 0 0 1 2 2 0
18 82289 1 2 3 3 3 2 1 1 3 4 4 3 2 1 4 4 3 2 3 4 4 1 1 3 1 0 0 0 1 1 0 0 2 2 2 3 1 1 0 0 1 2 2 0
18 30000 1 2 3 4 2 0 0 1 1 4 4 0 0 0 1 4 1 0 0 2 2 0 0 1 0 1 2 4 4 1 1 4 7 3 2 6 2 2 0 1 3 2 3 0
18 30012 1 2 3 4 2 0 0 1 1 4 5 1 0 0 1 4 2 0 0 2 2 0 0 1 0 1 2 3 3 1 1 4 6 4 2 6 3 1 0 1 2 2 3 0
18 47714 1 2 3 4 2 0 0 1 2 5 5 1 0 0 1 4 2 0 0 2 2 0 0 1 0 0 1 3 3 1 1 4 7 5 2 6 3 2 0 0 1 2 2 0
18 63201 1 2 3 4 2 0 0 1 2 5 5 1 0 1 2 5 3 0 0 2 3 0 0 1 0 0 0 2 3 1 1 3 6 5 2 5 4 1 0 0 1 2 2 0
18 47726 1 2 3 4 2 0 0 1 2 5 6 2 0 0 1 4 3 0 0 2 3 0 0 1 0 0 1 2 2 1 1 4 6 5 2 5 4 1 0 0 1 2 2 0
18 63213 1 2 3 4 2 0 0 1 2 5 6 2 0 1 2 5 4 0 0 2 4 0 0 2 0 0 0 1 2 1 1 3 5 5 2 4 3 1 0 0 1 2 2 0
18 30022 1 2 3 4 3 1 0 1 1 3 4 2 0 0 1 3 2 0 1 3 2 0 1 1 0 1 2 3 3 2 1 3 4 5 2 4 3 2 0 1 2 2 2 0
18 47736 1 2 3 4 3 1 0 1 2 4 5 3 0 0 1 3 3 0 1 3 3 0 1 2 0 0 1 2 2 2 1 3 4 6 2 3 3 1 0 0 1 2 2 0
17 93711 1 2 3 4 3 2 0 0 1 3 3 4 0 0 2 1 4 0 2 1 4 0 0 2 0 0 1 1 2 2 1 2 3 6 3 2 4 0 0 0 0 1 1 1
17 137081 1 2 3 4 3 2 1 0 1 3 3 2 2 1 2 4 2 1 1 3 4 0 1 4 2 0 0 2 1 2 0 2 1 2 3 2 2 0 0 0 0 1 1 1
17 137999 1 2 3 4 3 2 1 0 1 3 4 3 2 1 2 3 4 2 1 2 5 1 0 3 1 0 0 1 1 1 0 2 1 2 3 2 2 0 0 0 0 1 1 1
17 137087 1 2 3 4 3 2 1 0 1 4 3 3 2 0 3 4 4 2 1 2 5 1 0 3 1 0 0 1 0 1 0 2 1 2 3 2 2 0 0 0 0 1 1 1
17 138977 1 2 3 5 4 4 2 0 0 3 2 4 4 0 3 2 4 6 3 2 4 4 0 0 0 0 0 0 0 0 0 0 0 0 3 2 2 0 0 0 0 1 1 1
18 88498 1 2 4 2 1 0 0 0 4 2 2 0 0 1 0 1 0 0 0 0 0 0 0 0 0 0 4 4 2 0 4 6 6 0 2 6 0 2 3 6 6 4 6 0
18 88514 1 2 4 2 1 0 0 0 4 2 2 0 0 2 1 2 0 0 0 1 0 0 0 0 0 0 3 3 2 0 4 5 6 0 1 7 0 3 3 6 6 3 5 0
18 99934 1 2 4 2 1 0 0 0 4 2 2 0 0 3 2 3 0 0 0 2 0 0 1 0 0 0 2 2 2 0 4 4 6 0 0 6 0 4 3 6 7 2 4 0
18 88499 1 2 4 2 1 0 0 0 4 3 2 0 0 1 1 1 0 0 0 0 0 0 0 0 0 0 3 4 2 0 3 8 8 1 2 7 1 2 1 4 5 3 5 0
18 88504 1 2 4 2 1 0 0 0 4 3 2 0 0 1 2 1 0 0 1 0 0 0 0 0 0 0 3 4 3 1 2 6 7 2 3 7 1 3 1 3 4 3 4 0
18 88515 1 2 4 2 1 0 0 0 4 3 2 0 0 2 2 2 0 0 0 1 0 0 0 0 0 0 2 3 2 0 3 7 8 1 1 8 1 3 1 4 5 2 4 0
18 89373 1 2 4 2 1 0 0 0 4 3 2 0 0 2 2 2 0 0 0 1 0 0 0 0 0 0 2 3 2 0 3 7 8 2 1 7 1 3 1 4 4 3 4 0
18 93966 1 2 4 2 1 0 0 0 4 3 2 0 0 2 3 2 0 0 1 1 0 0 0 0 0 0 2 3 3 1 2 5 7 3 2 7 2 2 1 3 3 3 4 0
18 99935 1 2 4 2 1 0 0 0 4 3 2 0 0 3 3 3 0 0 0 2 0 0 1 0 0 0 1 2 2 0 3 6 8 2 0 6 1 4 1 4 5 2 3 0
18 88526 1 2 4 2 1 0 0 0 4 3 3 0 0 2 3 4 1 0 0 1 1 0 0 0 0 0 2 2 2 0 2 5 8 2 1 7 2 3 1 3 4 2 3 0
18 99944 1 2 4 2 1 0 0 0 4 3 3 0 0 3 4 5 1 0 0 2 1 0 1 1 0 0 1 1 2 0 2 4 8 3 0 5 1 3 1 3 4 2 3 0
18 89358 1 2 4 2 1 0 0 0 4 4 2 0 0 1 2 2 0 0 0 0 0 0 0 0 0 0 2 4 2 0 2 8 10 2 2 8 2 2 0 2 4 2 4 0
18 89363 1 2 4 2 1 0 0 0 4 4 2 0 0 1 3 2 0 0 1 1 0 0 0 0 0 0 2 4 3 1 1 6 8 3 2 8 2 3 0 2 3 2 3 0
18 93956 1 2 4 2 1 0 0 0 4 4 2 0 0 1 4 2 0 0 2 2 0 0 1 0 0 0 2 4 4 2 0 4 6 4 2 6 2 4 0 2 3 2 2 0
18 89374 1 2 4 2 1 0 0 0 4 4 2 0 0 2 3 3 0 0 0 1 0 0 0 0 0 0 1 3 2 0 2 7 10 3 1 8 2 3 0 2 3 2 3 0
18 93967 1 2 4 2 1 0 0 0 4 4 2 0 0 2 4 3 0 0 1 2 0 0 0 0 0 0 1 3 3 1 1 5 8 4 1 8 3 2 0 2 2 2 3 0
18 100439 1 2 4 2 1 0 0 0 4 4 2 0 0 3 4 4 0 0 0 2 0 0 1 0 0 0 0 2 2 0 2 6 10 4 0 6 2 4 0 2 3 2 2 0
18 89385 1 2 4 2 1 0 0 0 4 4 3 0 0 2 4 5 2 0 0 1 1 0 0 0 0 0 1 2 2 0 1 5 8 4 1 7 3 3 0 2 2 2 2 0
18 93978 1 2 4 2 1 0 0 0 4 4 3 0 0 2 5 5 2 0 1 2 2 0 0 0 0 0 1 2 3 1 0 3 6 4 1 6 4 2 0 2 2 2 2 0
18 100448 1 2 4 2 1 0 0 0 4 4 3 0 0 3 5 6 2 0 0 2 1 0 1 1 0 0 0 1 2 0 1 4 8 5 0 5 2 3 0 2 2 2 2 0
18 88548 1 2 4 2 1 0 0 0 4 4 3 1 0 1 2 2 1 0 1 1 0 0 0 0 0 0 2 3 2 1 2 5 6 3 2 8 2 3 1 3 3 2 3 0
18 99954 1 2 4 2 1 0 0 0 4 4 3 1 0 2 3 3 1 0 1 2 1 0 0 0 0 0 1 2 2 1 2 4 6 3 1 7 3 2 1 3 3 2 3 0
18 88558 1 2 4 2 1 0 0 0 4 4 4 1 0 1 2 4 2 0 0 1 1 0 0 0 0 0 2 2 1 0 2 5 7 3 1 7 3 2 1 3 3 2 3 0
18 99964 1 2 4 2 1 0 0 0 4 4 4 1 0 2 3 5 2 0 0 2 2 0 0 1 0 0 1 1 1 0 2 4 7 3 0 6 2 2 1 3 3 2 3 0
18 89407 1 2 4 2 1 0 0 0 4 5 3 1 0 1 3 3 1 0 1 2 1 0 0 0 0 0 1 3 2 1 1 5 7 4 1 7 3 3 0 2 2 2 2 0
18 94000 1 2 4 2 1 0 0 0 4 5 3 1 0 1 4 3 1 0 2 3 1 0 1 1 0 0 1 3 3 2 0 3 5 5 1 5 2 3 0 2 2 2 2 0
18 100458 1 2 4 2 1 0 0 0 4 5 3 1 0 2 4 4 1 0 1 3 2 0 0 0 0 0 0 2 2 1 1 4 7 4 0 6 4 2 0 2 2 2 2 0
18 89417 1 2 4 2 1 0 0 0 4 5 4 1 0 1 3 5 3 0 0 1 2 0 0 0 0 0 1 2 1 0 1 5 7 4 1 6 4 2 0 2 2 2 2 0
18 94010 1 2 4 2 1 0 0 0 4 5 4 1 0 1 4 5 3 0 1 2 3 0 0 1 0 0 1 2 2 1 0 3 5 4 1 5 3 2 0 2 2 2 2 0
18 100468 1 2 4 2 1 0 0 0 4 5 4 1 0 2 4 6 3 0 0 2 3 0 0 1 0 0 0 1 1 0 1 4 7 4 0 5 3 2 0 2 2 2 2 0
18 105768 1 2 4 2 1 0 0 0 4 5 4 1 0 2 5 6 3 0 1 3 4 1 0 0 0 0 0 1 2 1 0 2 5 4 0 4 3 2 0 2 2 2 2 0
18 88500 1 2 4 3 1 0 0 0 3 4 2 0 0 0 1 1 0 0 0 0 0 0 0 0 0 0 3 5 3 0 2 7 9 2 2 7 2 1 1 3 4 3 5 0
18 88505 1 2 4 3 1 0 0 0 3 4 2 0 0 0 2 1 0 0 1 0 0 0 0 0 0 0 3 5 4 1 1 5 8 3 3 7 2 2 1 2 3 3 4 0
18 88516 1 2 4 3 1 0 0 0 3 4 2 0 0 1 2 2 0 0 0 1 0 0 0 0 0 0 2 4 3 0 2 6 9 2 1 8 2 2 1 3 4 2 4 0
18 90600 1 2 4 3 1 0 0 0 3 4 2 0 0 1 2 2 0 0 0 1 0 0 0 0 0 0 2 4 3 1 2 6 7 3 2 7 2 2 1 3 3 3 4 0
18 94696 1 2 4 3 1 0 0 0 3 4 2 0 0 1 3 2 0 0 1 1 0 0 0 0 0 0 2 4 4 2 1 4 6 4 3 7 3 1 1 2 2 3 4 0
18 99936 1 2 4 3 1 0 0 0 3 4 2 0 0 2 3 3 0 0 0 2 0 0 1 0 0 0 1 3 3 1 2 5 7 3 1 6 2 3 1 3 4 2 3 0
18 88527 1 2 4 3 1 0 0 0 3 4 3 0 0 1 3 4 1 0 0 1 1 0 0 0 0 0 2 3 3 0 1 4 9 3 1 7 3 2 1 2 3 2 3 0
18 99945 1 2 4 3 1 0 0 0 3 4 3 0 0 2 4 5 1 0 0 2 1 0 1 1 0 0 1 2 3 1 1 3 7 4 1 5 2 2 1 2 3 2 3 0
18 89359 1 2 4 3 1 0 0 0 3 5 3 0 0 0 1 2 0 0 0 0 0 0 0 0 0 0 2 4 3 0 2 7 11 3 2 8 3 1 0 1 3 2 4 0
18 89364 1 2 4 3 1 0 0 0 3 5 3 0 0 0 2 2 0 0 1 1 0 0 0 0 0 0 2 4 4 1 1 5 9 4 2 8 3 2 0 1 2 2 3 0
18 90590 1 2 4 3 1 0 0 0 3 5 3 0 0 0 2 3 0 0 0 1 0 0 0 0 0 0 2 4 3 1 1 6 9 4 2 8 3 2 0 1 2 2 3 0
18 93957 1 2 4 3 1 0 0 0 3 5 3 0 0 0 3 3 0 0 1 2 0 0 1 0 0 0 2 4 4 2 0 4 7 5 2 6 3 3 0 1 2 2 2 0
18 89375 1 2 4 3 1 0 0 0 3 5 3 0 0 1 2 3 0 0 0 1 0 0 0 0 0 0 1 3 3 0 2 6 11 4 1 8 3 2 0 1 2 2 3 0
18 90601 1 2 4 3 1 0 0 0 3 5 3 0 0 1 2 3 0 0 0 1 0 0 0 0 0 0 1 3 3 1 2 6 9 4 2 8 3 2 0 1 2 2 3 0
18 94697 1 2 4 3 1 0 0 0 3 5 3 0 0 1 3 3 0 0 1 2 0 0 0 0 0 0 1 3 4 2 1 4 7 5 2 8 4 1 0 1 1 2 3 0
18 93968 1 2 4 3 1 0 0 0 3 5 3 0 0 1 3 4 0 0 0 2 0 0 0 0 0 0 1 3 3 1 1 5 9 5 1 8 4 1 0 1 1 2 3 0
18 100440 1 2 4 3 1 0 0 0 3 5 3 0 0 2 3 4 0 0 0 2 0 0 1 0 0 0 0 2 3 1 2 5 9 5 1 6 3 3 0 1 2 2 2 0
18 88549 1 2 4 3 1 0 0 0 3 5 3 1 0 0 2 2 1 0 1 1 0 0 0 0 0 0 2 4 3 1 1 4 7 4 2 8 3 2 1 2 2 2 3 0
18 99955 1 2 4 3 1 0 0 0 3 5 3 1 0 1 3 3 1 0 1 2 1 0 0 0 0 0 1 3 3 2 1 3 5 4 2 7 4 1 1 2 2 2 3 0
18 89386 1 2 4 3 1 0 0 0 3 5 4 0 0 1 3 5 2 0 0 1 1 0 0 0 0 0 1 2 3 0 1 4 9 5 1 7 4 2 0 1 1 2 2 0
18 93979 1 2 4 3 1 0 0 0 3 5 4 0 0 1 4 6 2 0 0 2 2 0 0 0 0 0 1 2 3 1 0 3 7 5 1 6 5 1 0 1 1 2 2 0
18 100449 1 2 4 3 1 0 0 0 3 5 4 0 0 2 4 6 2 0 0 2 1 0 1 1 0 0 0 1 3 1 1 3 7 6 1 5 3 2 0 1 1 2 2 0
18 88559 1 2 4 3 1 0 0 0 3 5 4 1 0 0 2 4 2 0 0 1 1 0 0 0 0 0 2 3 2 0 1 4 8 4 1 7 4 1 1 2 2 2 3 0
18 90612 1 2 4 3 1 0 0 0 3 5 4 1 0 1 3 4 2 0 0 1 1 0 0 0 0 0 1 2 2 1 1 5 7 5 2 7 4 2 0 1 1 2 2 0
18 99965 1 2 4 3 1 0 0 0 3 5 4 1 0 1 3 5 2 0 0 2 2 0 0 1 0 0 1 2 2 1 1 3 6 4 1 6 3 1 1 2 2 2 3 0
18 94708 1 2 4 3 1 0 0 0 3 5 4 1 0 1 4 4 2 0 1 2 2 0 0 0 0 0 1 2 3 2 0 3 5 5 2 6 5 1 0 1 1 2 2 0
18 101170 1 2 4 3 1 0 0 0 3 5 4 1 0 2 4 5 2 0 0 2 1 0 1 1 0 0 0 1 2 1 1 4 7 6 1 5 3 2 0 1 1 2 2 0
18 89408 1 2 4 3 1 0 0 0 3 6 4 1 0 0 2 3 1 0 1 2 1 0 0 0 0 0 1 3 3 1 1 4 8 5 1 7 4 2 0 1 1 2 2 0
18 90634 1 2 4 3 1 0 0 0 3 6 4 1 0 0 2 4 2 0 0 1 1 0 0 0 0 0 1 3 2 1 1 5 7 5 2 7 4 2 0 1 1 2 2 0
18 94001 1 2 4 3 1 0 0 0 3 6 4 1 0 0 3 4 1 0 1 3 1 0 1 1 0 0 1 3 3 2 0 3 6 6 1 5 3 2 0 1 1 2 2 0
18 94730 1 2 4 3 1 0 0 0 3 6 4 1 0 0 3 4 2 0 1 2 1 0 1 1 0 0 1 3 3 2 0 3 5 6 2 5 3 2 0 1 1 2 2 0
18 100459 1 2 4 3 1 0 0 0 3 6 4 1 0 1 3 4 1 0 1 3 2 0 0 0 0 0 0 2 3 2 1 3 6 5 1 6 5 1 0 1 1 2 2 0
18 101180 1 2 4 3 1 0 0 0 3 6 4 1 0 1 3 5 2 0 0 2 2 0 0 0 0 0 0 2 2 1 1 4 7 5 1 6 5 1 0 1 1 2 2 0
18 89418 1 2 4 3 1 0 0 0 3 6 5 1 0 0 2 5 3 0 0 1 2 0 0 0 0 0 1 2 2 0 1 4 8 5 1 6 5 1 0 1 1 2 2 0
18 94011 1 2 4 3 1 0 0 0 3 6 5 1 0 0 3 6 3 0 0 2 3 0 0 1 0 0 1 2 2 1 0 3 6 5 1 5 4 1 0 1 1 2 2 0
18 100469 1 2 4 3 1 0 0 0 3 6 5 1 0 1 3 6 3 0 0 2 3 0 0 1 0 0 0 1 2 1 1 3 6 5 1 5 4 1 0 1 1 2 2 0
18 105989 1 2 4 3 1 0 0 0 3 6 5 1 0 1 4 7 4 0 0 2 4 1 0 0 0 0 0 1 2 1 0 2 5 5 1 4 4 1 0 1 1 2 2 0
18 90644 1 2 4 3 1 0 0 0 3 6 5 2 0 0 2 4 4 0 0 0 2 0 0 0 0 0 1 2 1 0 1 5 7 5 2 6 5 1 0 1 1 2 2 0
18 94740 1 2 4 3 1 0 0 0 3 6 5 2 0 0 3 4 4 0 1 1 3 0 0 1 0 0 1 2 2 1 0 3 5 5 2 5 4 1 0 1 1 2 2 0
18 101190 1 2 4 3 1 0 0 0 3 6 5 2 0 1 3 5 4 0 0 1 3 0 0 1 0 0 0 1 1 0 1 4 7 5 1 5 4 1 0 1 1 2 2 0
18 105769 1 2 4 3 1 0 0 0 3 6 5 2 0 1 4 5 3 0 1 3 4 1 0 0 0 0 0 1 2 2 0 2 4 5 1 4 4 1 0 1 1 2 2 0
18 88536 1 2 4 3 2 0 0 0 3 3 4 0 0 1 2 4 1 0 1 2 2 0 0 1 0 0 2 3 4 1 1 2 7 3 1 6 2 2 1 2 3 2 3 0
18 88568 1 2 4 3 2 0 0 0 3 4 5 1 0 0 1 4 2 0 1 2 2 0 0 1 0 0 2 3 3 1 1 2 6 4 1 6 3 1 1 2 2 2 3 0
18 89395 1 2 4 3 2 0 0 0 3 4 5 1 0 1 2 4 2 0 1 2 2 0 0 1 0 0 1 2 3 1 1 3 7 5 1 6 3 2 0 1 1 2 2 0
18 93988 1 2 4 3 2 0 0 0 3 4 5 1 0 1 3 5 3 0 1 2 3 0 0 1 0 0 1 2 3 1 0 2 6 5 1 5 4 1 0 1 1 2 2 0
18 89427 1 2 4 3 2 0 0 0 3 5 6 2 0 0 1 4 3 0 1 2 3 0 0 1 0 0 1 2 2 1 1 3 6 5 1 5 4 1 0 1 1 2 2 0
18 94020 1 2 4 3 2 0 0 0 3 5 6 2 0 0 2 5 4 0 1 2 4 0 0 2 0 0 1 2 2 1 0 2 5 5 1 4 3 1 0 1 1 2 2 0
18 88706 1 2 4 3 2 1 0 0 3 3 2 2 0 1 2 1 1 0 1 2 0 0 1 0 0 0 2 3 2 2 2 5 4 4 2 6 2 4 1 3 3 2 2 0
18 100049 1 2 4 3 2 1 0 0 3 3 2 2 0 2 3 2 2 0 1 2 1 0 1 0 0 0 1 2 2 1 2 4 5 4 1 5 3 3 1 3 3 2 2 0
18 88716 1 2 4 3 2 1 0 0 3 3 3 2 0 1 2 3 2 0 0 2 1 0 1 0 0 0 2 2 1 1 2 5 5 4 1 5 3 3 1 3 3 2 2 0
18 100059 1 2 4 3 2 1 0 0 3 3 3 2 0 2 3 4 3 0 0 2 2 0 1 1 0 0 1 1 1 0 2 4 6 4 0 4 2 3 1 3 3 2 2 0
18 89565 1 2 4 3 2 1 0 0 3 4 2 2 0 1 3 2 1 0 1 3 1 0 1 1 0 0 1 3 2 2 1 5 5 5 1 5 2 3 0 2 2 2 2 0
18 100553 1 2 4 3 2 1 0 0 3 4 2 2 0 2 4 3 2 0 1 3 2 0 1 1 0 0 0 2 2 1 1 4 6 5 0 4 3 2 0 2 2 2 2 0
18 89575 1 2 4 3 2 1 0 0 3 4 3 2 0 1 3 4 3 0 0 2 2 0 1 1 0 0 1 2 1 1 1 5 5 5 1 4 3 2 0 2 2 2 2 0
18 100563 1 2 4 3 2 1 0 0 3 4 3 2 0 2 4 5 4 0 0 2 3 0 1 2 0 0 0 1 1 0 1 4 6 5 0 3 2 2 0 2 2 2 2 0
18 90586 1 2 4 4 2 0 0 0 2 4 4 0 0 0 0 2 0 0 0 0 0 0 0 0 0 0 2 4 4 0 2 6 12 4 2 8 4 0 0 0 2 2 4 0
18 90591 1 2 4 4 2 0 0 0 2 4 4 0 0 0 1 3 0 0 0 1 0 0 0 0 0 0 2 4 4 1 1 5 10 5 2 8 4 1 0 0 1 2 3 0
18 94687 1 2 4 4 2 0 0 0 2 4 4 0 0 0 2 4 0 0 0 2 0 0 1 0 0 0 2 4 4 2 0 4 8 6 2 6 4 2 0 0 1 2 2 0
18 90602 1 2 4 4 2 0 0 0 2 4 4 0 0 1 1 3 0 0 0 1 0 0 0 0 0 0 1 3 4 1 2 5 10 5 2 8 4 1 0 0 1 2 3 0
18 94698 1 2 4 4 2 0 0 0 2 4 4 0 0 1 2 4 0 0 0 2 0 0 0 0 0 0 1 3 4 2 1 4 8 6 2 8 5 0 0 0 0 2 3 0
18 101162 1 2 4 4 2 0 0 0 2 4 4 0 0 2 2 4 0 0 0 2 0 0 1 0 0 0 0 2 4 2 2 4 8 6 2 6 4 2 0 0 1 2 2 0
18 90613 1 2 4 4 2 0 0 0 2 4 5 1 0 1 2 4 2 0 0 1 1 0 0 0 0 0 1 2 3 1 1 4 8 6 2 7 5 1 0 0 0 2 2 0
18 94709 1 2 4 4 2 0 0 0 2 4 5 1 0 1 3 5 2 0 0 2 2 0 0 0 0 0 1 2 3 2 0 3 6 6 2 6 6 0 0 0 0 2 2 0
18 101171 1 2 4 4 2 0 0 0 2 4 5 1 0 2 3 5 2 0 0 2 1 0 1 1 0 0 0 1 3 2 1 3 6 7 2 5 4 1 0 0 0 2 2 0
18 90635 1 2 4 4 2 0 0 0 2 5 5 1 0 0 1 4 2 0 0 1 1 0 0 0 0 0 1 3 3 1 1 4 8 6 2 7 5 1 0 0 0 2 2 0
18 94731 1 2 4 4 2 0 0 0 2 5 5 1 0 0 2 5 2 0 0 2 1 0 1 1 0 0 1 3 3 2 0 3 6 7 2 5 4 1 0 0 0 2 2 0
18 101181 1 2 4 4 2 0 0 0 2 5 5 1 0 1 2 5 2 0 0 2 2 0 0 0 0 0 0 2 3 2 1 3 6 6 2 6 6 0 0 0 0 2 2 0
18 90645 1 2 4 4 2 0 0 0 2 5 6 2 0 0 1 4 4 0 0 0 2 0 0 0 0 0 1 2 2 0 1 4 8 6 2 6 6 0 0 0 0 2 2 0
18 94741 1 2 4 4 2 0 0 0 2 5 6 2 0 0 2 5 4 0 0 1 3 0 0 1 0 0 1 2 2 1 0 3 6 6 2 5 5 0 0 0 0 2 2 0
18 101191 1 2 4 4 2 0 0 0 2 5 6 2 0 1 2 5 4 0 0 1 3 0 0 1 0 0 0 1 2 1 1 3 6 6 2 5 5 0 0 0 0 2 2 0
18 105990 1 2 4 4 2 0 0 0 2 5 6 2 0 1 3 6 4 0 0 2 4 1 0 0 0 0 0 1 2 2 0 2 4 6 2 4 5 0 0 0 0 2 2 0
18 88707 1 2 4 4 2 1 0 0 2 4 2 2 0 0 2 1 1 0 1 2 0 0 1 0 0 0 2 4 3 2 1 4 5 5 2 6 3 3 1 2 2 2 2 0
18 100050 1 2 4 4 2 1 0 0 2 4 2 2 0 1 3 2 2 0 1 2 1 0 1 0 0 0 1 3 3 2 1 3 4 5 2 5 4 2 1 2 2 2 2 0
18 88717 1 2 4 4 2 1 0 0 2 4 3 2 0 0 2 3 2 0 0 2 1 0 1 0 0 0 2 3 2 1 1 4 6 5 1 5 4 2 1 2 2 2 2 0
18 100060 1 2 4 4 2 1 0 0 2 4 3 2 0 1 3 4 3 0 0 2 2 0 1 1 0 0 1 2 2 1 1 3 5 5 1 4 3 2 1 2 2 2 2 0
18 89566 1 2 4 4 2 1 0 0 2 5 3 2 0 0 2 2 1 0 1 3 1 0 1 1 0 0 1 3 3 2 1 4 6 6 1 5 3 2 0 1 1 2 2 0
18 90792 1 2 4 4 2 1 0 0 2 5 3 2 0 0 2 3 2 0 0 2 2 0 0 1 0 0 1 3 2 2 1 5 5 5 2 6 3 2 0 1 1 2 2 0
18 100554 1 2 4 4 2 1 0 0 2 5 3 2 0 1 3 3 2 0 1 3 2 0 1 1 0 0 0 2 3 2 1 3 5 6 1 4 4 1 0 1 1 2 2 0
18 101275 1 2 4 4 2 1 0 0 2 5 3 2 0 1 3 4 3 0 0 2 3 0 0 1 0 0 0 2 2 1 1 4 6 5 1 5 4 1 0 1 1 2 2 0
18 89576 1 2 4 4 2 1 0 0 2 5 4 2 0 0 2 4 3 0 0 2 2 0 1 1 0 0 1 2 2 1 1 4 6 6 1 4 4 1 0 1 1 2 2 0
18 100564 1 2 4 4 2 1 0 0 2 5 4 2 0 1 3 5 4 0 0 2 3 0 1 2 0 0 0 1 2 1 1 3 5 6 1 3 3 1 0 1 1 2 2 0
18 90802 1 2 4 4 2 1 0 0 2 5 4 3 0 0 2 3 4 0 0 1 3 0 0 1 0 0 1 2 1 1 1 5 5 5 2 5 4 1 0 1 1 2 2 0
18 101285 1 2 4 4 2 1 0 0 2 5 4 3 0 1 3 4 5 0 0 1 4 0 0 2 0 0 0 1 1 0 1 4 6 5 1 4 3 1 0 1 1 2 2 0
18 88726 1 2 4 4 3 1 0 0 2 3 4 2 0 0 1 3 2 0 1 3 2 0 1 1 0 0 2 3 3 2 1 2 4 5 1 4 3 2 1 2 2 2 2 0
18 90622 1 2 4 4 3 1 0 0 2 3 4 2 0 1 2 3 2 0 1 2 2 0 0 1 0 0 1 2 3 2 1 3 6 6 2 6 4 1 0 0 0 2 2 0
18 94718 1 2 4 4 3 1 0 0 2 3 4 2 0 1 3 4 3 0 1 2 3 0 0 1 0 0 1 2 3 2 0 2 5 6 2 5 5 0 0 0 0 2 2 0
18 89585 1 2 4 4 3 1 0 0 2 4 5 3 0 0 1 3 3 0 1 3 3 0 1 2 0 0 1 2 2 2 1 3 4 6 1 3 3 1 0 1 1 2 2 0
18 90654 1 2 4 4 3 1 0 0 2 4 5 3 0 0 1 3 4 0 1 1 3 0 0 1 0 0 1 2 2 1 1 3 6 6 2 5 5 0 0 0 0 2 2 0
18 94750 1 2 4 4 3 1 0 0 2 4 5 3 0 0 2 4 5 0 1 1 4 0 0 2 0 0 1 2 2 1 0 2 5 6 2 4 4 0 0 0 0 2 2 0
18 136549 1 2 4 4 3 2 1 0 2 4 2 2 2 1 4 3 0 1 2 6 2 0 3 4 2 0 0 2 2 2 0 2 2 2 0 2 0 2 0 2 2 2 2 0
18 136555 1 2 4 4 3 2 1 0 2 4 3 2 2 1 4 5 2 2 1 5 3 1 2 3 1 0 0 1 1 1 0 2 2 2 0 2 0 2 0 2 2 2 2 0
18 107629 1 2 4 4 4 2 1 0 2 2 4 2 2 2 4 5 2 1 2 4 4 0 1 4 2 0 0 0 2 2 0 0 2 2 2 4 2 0 0 0 0 2 2 0
18 107641 1 2 4 4 4 2 1 0 2 3 5 3 2 1 3 5 4 2 2 3 5 1 0 3 1 0 0 0 1 1 0 0 2 2 2 4 2 0 0 0 0 2 2 0
18 90793 1 2 4 5 3 1 0 0 1 4 4 2 0 0 1 3 2 0 0 2 2 0 0 1 0 0 1 3 3 2 1 4 6 6 2 6 4 1 0 0 0 2 2 0
18 101276 1 2 4 5 3 1 0 0 1 4 4 2 0 1 2 4 3 0 0 2 3 0 0 1 0 0 0 2 3 2 1 3 5 6 2 5 5 0 0 0 0 2 2 0
18 90803 1 2 4 5 3 1 0 0 1 4 5 3 0 0 1 3 4 0 0 1 3 0 0 1 0 0 1 2 2 1 1 4 6 6 2 5 5 0 0 0 0 2 2 0
18 101286 1 2 4 5 3 1 0 0 1 4 5 3 0 1 2 4 5 0 0 1 4 0 0 2 0 0 0 1 2 1 1 3 5 6 2 4 4 0 0 0 0 2 2 0
18 136550 1 2 4 5 3 2 1 0 1 5 3 2 2 0 3 4 1 1 1 5 3 0 2 4 2 0 0 2 2 2 0 2 2 2 1 3 1 1 0 1 1 2 2 0
18 136556 1 2 4 5 3 2 1 0 1 5 4 2 2 0 3 6 3 2 0 4 4 1 1 3 1 0 0 1 1 1 0 2 2 2 1 3 1 1 0 1 1 2 2 0
18 136780 1 2 4 5 3 2 1 0 1 5 4 3 2 0 3 4 3 2 1 4 4 1 1 3 1 0 0 1 1 1 0 2 2 2 1 3 1 1 0 1 1 2 2 0
18 90812 1 2 4 5 4 2 0 0 1 3 4 4 0 0 1 2 4 0 1 2 4 0 0 2 0 0 1 2 2 2 1 3 4 6 2 4 4 0 0 0 0 2 2 0
18 136775 1 2 4 6 4 2 1 0 0 4 4 2 2 0 2 5 2 1 0 4 4 0 1 4 2 0 0 2 2 2 0 2 2 2 2 4 2 0 0 0 0 2 2 0
18 136781 1 2 4 6 4 2 1 0 0 4 5 3 2 0 2 5 4 2 0 3 5 1 0 3 1 0 0 1 1 1 0 2 2 2 2 4 2 0 0 0 0 2 2 0
18 138414 1 2 4 6 6 4 2 0 0 2 4 4 4 0 2 4 4 6 2 4 4 4 0 0 0 0 0 0 0 0 0 0 0 0 2 4 2 0 0 0 0 2 2 0
19 25277 1 3 2 0 0 0 0 3 4 0 0 0 0 2 0 0 0 0 0 0 0 0 0 0 0 3 7 4 0 0 7 8 0 0 4 0 0 0 5 11 6 11 6 3
19 25279 1 3 2 0 0 0 0 3 4 1 0 0 0 2 1 0 0 0 0 0 0 0 0 0 0 3 6 4 0 0 6 10 2 0 4 2 0 0 3 9 6 9 7 2
19 25285 1 3 2 0 0 0 0 3 4 1 0 0 0 2 2 0 0 0 1 0 0 0 0 0 0 3 6 4 1 0 5 8 3 0 4 3 0 1 3 8 6 8 6 2
19 25297 1 3 2 0 0 0 0 3 5 1 0 0 0 2 1 0 0 0 0 0 0 0 0 0 0 2 6 4 0 0 6 9 2 0 4 2 0 0 4 9 6 9 7 2
19 26397 1 3 2 0 0 0 0 3 5 1 0 0 0 2 1 0 0 0 0 0 0 0 0 0 0 2 6 4 0 0 6 10 2 0 4 2 0 0 3 9 6 9 7 2
19 25317 1 3 2 0 0 0 0 3 5 1 0 0 0 3 2 0 0 0 1 0 0 0 0 0 0 2 5 3 1 0 6 7 3 0 4 3 0 1 4 8 6 8 6 2
19 26403 1 3 2 0 0 0 0 3 5 1 0 0 0 3 2 0 0 0 1 0 0 0 0 0 0 2 5 4 1 0 5 8 3 0 4 3 0 1 3 8 6 8 6 2
19 25299 1 3 2 0 0 0 0 3 5 2 0 0 0 2 2 0 0 0 0 0 0 0 0 0 0 2 5 4 0 0 5 11 4 0 4 4 0 0 2 7 6 7 8 1
19 28105 1 3 2 0 0 0 0 3 5 2 0 0 0 2 2 0 0 0 0 0 0 0 0 0 0 2 5 4 0 0 5 12 4 0 4 4 1 0 1 7 6 7 6 2
19 26972 1 3 2 0 0 0 0 3 5 2 0 0 0 2 2 1 0 0 0 0 0 0 0 0 0 2 5 4 0 0 5 10 4 0 4 4 0 0 2 7 6 7 8 1
19 25305 1 3 2 0 0 0 0 3 5 2 0 0 0 2 3 0 0 0 1 0 0 0 0 0 0 2 5 4 1 0 4 9 5 0 4 5 0 1 2 6 6 6 7 1
19 35238 1 3 2 0 0 0 0 3 5 2 0 0 0 2 3 0 0 0 1 0 0 0 0 0 0 2 5 4 1 0 4 10 5 1 4 4 1 1 1 6 5 7 5 2
19 26978 1 3 2 0 0 0 0 3 5 2 0 0 0 2 3 1 0 0 1 1 0 0 0 0 0 2 5 4 1 0 4 8 4 0 3 5 0 1 2 7 6 6 7 1
19 25319 1 3 2 0 0 0 0 3 5 2 0 0 0 3 3 0 0 0 1 0 0 0 0 0 0 2 4 3 1 0 5 9 5 0 4 5 0 1 2 6 6 6 7 1
19 28125 1 3 2 0 0 0 0 3 5 2 0 0 0 3 3 0 0 0 1 0 0 0 0 0 0 2 4 4 1 0 4 10 5 1 4 4 1 1 1 6 5 7 5 2
19 28093 1 3 2 0 0 0 0 3 5 2 0 0 0 3 3 1 0 0 1 1 0 0 0 0 0 2 4 4 1 0 4 8 4 0 3 5 0 1 2 7 6 6 7 1
19 35257 1 3 2 0 0 0 0 3 5 2 0 0 0 3 4 0 0 0 2 0 0 0 0 0 0 2 4 4 2 0 3 8 6 2 4 4 2 0 1 5 4 7 5 2
19 34483 1 3 2 0 0 0 0 3 5 2 0 0 0 3 4 1 0 0 2 2 0 0 1 0 0 2 4 4 2 0 3 6 4 0 2 4 0 2 2 7 7 5 6 1
19 25333 1 3 2 0 0 0 0 3 5 2 1 0 0 3 4 2 0 0 1 1 0 0 0 0 0 2 4 2 1 0 4 7 6 1 3 6 1 1 2 5 5 5 6 1
19 25357 1 3 2 0 0 0 0 3 5 3 1 0 0 2 3 2 0 0 1 1 0 0 0 0 0 2 4 3 1 0 4 7 6 1 3 6 1 1 2 5 5 5 6 1
19 25369 1 3 2 0 0 0 0 3 5 3 2 0 0 2 3 4 0 0 0 2 0 0 0 0 0 2 4 2 0 0 4 7 6 2 2 6 2 0 2 5 4 5 6 1
19 26990 1 3 2 0 0 0 0 3 6 2 0 0 0 2 2 0 0 0 0 0 0 0 0 0 0 1 5 4 0 0 5 11 4 0 4 4 1 0 2 7 6 7 6 2
19 26416 1 3 2 0 0 0 0 3 6 2 0 0 0 2 2 0 0 0 0 0 0 0 0 0 0 1 5 4 0 0 5 12 4 0 4 4 0 0 1 7 6 7 8 1
19 28647 1 3 2 0 0 0 0 3 6 2 0 0 0 2 2 1 0 0 0 0 0 0 0 0 0 1 5 4 0 0 5 9 4 0 4 4 0 0 3 7 6 7 8 1
19 27010 1 3 2 0 0 0 0 3 6 2 0 0 0 3 3 0 0 0 1 0 0 0 0 0 0 1 4 3 1 0 5 9 5 1 4 4 1 1 2 6 5 7 5 2
19 28684 1 3 2 0 0 0 0 3 6 2 0 0 0 3 3 0 0 0 1 0 0 0 0 0 0 1 4 4 1 0 4 9 5 1 4 4 1 1 2 6 5 7 5 2
19 26422 1 3 2 0 0 0 0 3 6 2 0 0 0 3 3 0 0 0 1 0 0 0 0 0 0 1 4 4 1 0 4 10 5 0 4 5 0 1 1 6 6 6 7 1
19 35597 1 3 2 0 0 0 0 3 6 2 0 0 0 3 3 1 0 0 1 1 0 0 0 0 0 1 4 3 1 0 5 7 4 0 3 5 0 1 3 7 6 6 7 1
19 28653 1 3 2 0 0 0 0 3 6 2 0 0 0 3 3 1 0 0 1 1 0 0 0 0 0 1 4 4 1 0 4 7 4 0 3 5 0 1 3 7 6 6 7 1
19 34514 1 3 2 0 0 0 0 3 6 2 0 0 0 4 4 0 0 0 2 0 0 0 0 0 0 1 3 3 2 0 4 7 6 2 4 4 2 0 2 5 4 7 5 2
19 35603 1 3 2 0 0 0 0 3 6 2 0 0 0 4 4 1 0 0 2 2 0 0 1 0 0 1 3 3 2 0 4 5 4 0 2 4 0 2 3 7 7 5 6 1
19 26992 1 3 2 0 0 0 0 3 6 3 0 0 0 2 3 1 0 0 0 0 0 0 0 0 0 1 4 4 0 0 4 11 6 0 4 6 1 0 1 5 6 5 7 1
19 28107 1 3 2 0 0 0 0 3 6 3 0 0 0 2 3 1 0 0 0 0 0 0 0 0 0 1 4 4 0 0 4 12 6 0 4 6 1 0 0 5 6 5 7 1
19 44244 1 3 2 0 0 0 0 3 6 3 0 0 0 2 4 1 0 0 1 0 0 0 0 0 0 1 4 4 1 0 3 9 7 1 4 6 1 1 1 4 5 5 6 1
19 26998 1 3 2 0 0 0 0 3 6 3 0 0 0 2 4 1 0 0 1 1 0 0 0 0 0 1 4 4 1 0 3 9 6 0 3 7 1 1 1 5 6 4 6 1
19 35239 1 3 2 0 0 0 0 3 6 3 0 0 0 2 4 1 0 0 1 1 0 0 0 0 0 1 4 4 1 0 3 10 6 1 3 6 1 1 0 5 5 5 6 1
19 27012 1 3 2 0 0 0 0 3 6 3 0 0 0 3 4 1 0 0 1 0 0 0 0 0 0 1 3 3 1 0 4 9 7 1 4 6 1 1 1 4 5 5 6 1
19 28127 1 3 2 0 0 0 0 3 6 3 0 0 0 3 4 1 0 0 1 0 0 0 0 0 0 1 3 4 1 0 3 10 7 1 4 6 1 1 0 4 5 5 6 1
19 44257 1 3 2 0 0 0 0 3 6 3 0 0 0 3 4 1 0 0 1 1 0 0 0 0 0 1 3 3 1 0 4 9 6 0 3 7 1 1 1 5 6 4 6 1
19 34496 1 3 2 0 0 0 0 3 6 3 0 0 0 3 4 1 0 0 1 1 0 0 0 0 0 1 3 4 1 0 3 9 6 1 3 6 1 1 1 5 5 5 6 1
19 28113 1 3 2 0 0 0 0 3 6 3 0 0 0 3 4 1 0 0 1 1 0 0 0 0 0 1 3 4 1 0 3 10 6 0 3 7 1 1 0 5 6 4 6 1
19 52788 1 3 2 0 0 0 0 3 6 3 0 0 0 3 5 1 0 0 2 1 0 0 0 0 0 1 3 4 2 0 2 7 7 2 3 6 2 0 1 4 4 5 6 1
19 35259 1 3 2 0 0 0 0 3 6 3 0 0 0 3 5 1 0 0 2 1 0 0 0 0 0 1 3 4 2 0 2 8 7 2 3 6 2 0 0 4 4 5 6 1
19 34502 1 3 2 0 0 0 0 3 6 3 0 0 0 3 5 1 0 0 2 2 0 0 1 0 0 1 3 4 2 0 2 7 6 1 2 5 1 2 1 5 6 4 5 1
19 35245 1 3 2 0 0 0 0 3 6 3 0 0 0 3 5 1 0 0 2 2 0 0 1 0 0 1 3 4 2 0 2 8 6 1 2 5 1 2 0 5 6 4 5 1
19 34516 1 3 2 0 0 0 0 3 6 3 0 0 0 4 5 1 0 0 2 1 0 0 0 0 0 1 2 3 2 0 3 7 7 2 3 6 2 0 1 4 4 5 6 1
19 53125 1 3 2 0 0 0 0 3 6 3 0 0 0 4 5 1 0 0 2 2 0 0 1 0 0 1 2 3 2 0 3 7 6 1 2 5 1 2 1 5 6 4 5 1
19 26446 1 3 2 0 0 0 0 3 6 3 1 0 0 3 4 2 0 0 1 1 0 0 0 0 0 1 3 3 1 0 3 8 6 1 3 6 1 1 1 5 5 5 6 1
19 44270 1 3 2 0 0 0 0 3 6 3 1 0 0 3 5 3 0 0 1 2 1 0 0 0 0 1 3 2 1 0 3 7 7 1 2 6 2 1 1 4 5 4 5 1
19 27026 1 3 2 0 0 0 0 3 6 3 1 0 0 3 5 3 1 0 1 1 0 0 0 0 0 1 3 2 1 0 3 7 6 2 3 7 2 1 1 4 4 4 5 1
19 61368 1 3 2 0 0 0 0 3 6 3 1 0 0 4 6 3 0 0 2 3 1 0 1 1 0 1 2 2 2 0 2 5 7 2 1 4 1 1 1 4 5 4 5 1
19 34530 1 3 2 0 0 0 0 3 6 3 1 0 0 4 6 3 1 0 2 2 1 0 0 0 0 1 2 2 2 0 2 5 6 2 2 6 3 0 1 4 4 4 5 1
19 27050 1 3 2 0 0 0 0 3 6 4 1 0 0 2 4 3 0 0 1 2 1 0 0 0 0 1 3 3 1 0 3 7 7 1 2 6 2 1 1 4 5 4 5 1
19 44294 1 3 2 0 0 0 0 3 6 4 1 0 0 2 4 3 1 0 1 1 0 0 0 0 0 1 3 3 1 0 3 7 6 2 3 7 2 1 1 4 4 4 5 1
19 28165 1 3 2 0 0 0 0 3 6 4 1 0 0 3 5 3 0 0 1 2 1 0 0 0 0 1 2 3 1 0 2 8 7 1 2 6 2 1 0 4 5 4 5 1
19 34554 1 3 2 0 0 0 0 3 6 4 1 0 0 3 5 3 0 0 2 3 1 0 1 1 0 1 2 3 2 0 2 5 7 2 1 4 1 1 1 4 5 4 5 1
19 28141 1 3 2 0 0 0 0 3 6 4 1 0 0 3 5 3 1 0 1 1 0 0 0 0 0 1 2 3 1 0 2 8 6 2 3 7 2 1 0 4 4 4 5 1
19 61380 1 3 2 0 0 0 0 3 6 4 1 0 0 3 5 3 1 0 2 2 1 0 0 0 0 1 2 3 2 0 2 5 6 2 2 6 3 0 1 4 4 4 5 1
19 35297 1 3 2 0 0 0 0 3 6 4 1 0 0 3 6 3 0 0 2 3 1 0 1 1 0 1 2 3 2 0 1 6 7 2 1 4 1 1 0 4 5 4 5 1
19 35273 1 3 2 0 0 0 0 3 6 4 1 0 0 3 6 3 1 0 2 2 1 0 0 0 0 1 2 3 2 0 1 6 6 2 2 6 3 0 0 4 4 4 5 1
19 26480 1 3 2 0 0 0 0 3 6 4 2 0 0 2 4 4 0 0 0 2 0 0 0 0 0 1 3 2 0 0 3 8 6 2 2 6 2 0 1 5 4 5 6 1
19 27062 1 3 2 0 0 0 0 3 6 4 2 0 0 2 4 5 1 0 0 2 1 0 0 0 0 1 3 2 0 0 3 7 6 2 2 6 3 0 1 4 4 4 5 1
19 34566 1 3 2 0 0 0 0 3 6 4 2 0 0 3 5 5 1 0 1 3 2 0 0 1 0 1 2 2 1 0 2 5 6 2 1 5 2 0 1 4 4 4 5 1
19 28177 1 3 2 0 0 0 0 3 6 5 2 0 0 2 5 5 1 0 0 2 1 0 0 0 0 1 2 2 0 0 2 8 6 2 2 6 3 0 0 4 4 4 5 1
19 35309 1 3 2 0 0 0 0 3 6 5 2 0 0 2 6 5 1 0 1 3 2 0 0 1 0 1 2 2 1 0 1 6 6 2 1 5 2 0 0 4 4 4 5 1
19 28666 1 3 2 0 0 0 0 3 7 3 0 0 0 2 3 1 0 0 0 0 0 0 0 0 0 0 4 4 0 0 4 11 6 0 4 6 1 0 1 5 6 5 7 1
19 28686 1 3 2 0 0 0 0 3 7 3 0 0 0 3 4 1 0 0 1 0 0 0 0 0 0 0 3 4 1 0 3 9 7 1 4 6 1 1 1 4 5 5 6 1
19 35616 1 3 2 0 0 0 0 3 7 3 0 0 0 3 4 1 0 0 1 1 0 0 0 0 0 0 3 3 1 0 4 9 6 1 3 6 1 1 1 5 5 5 6 1
19 28672 1 3 2 0 0 0 0 3 7 3 0 0 0 3 4 1 0 0 1 1 0 0 0 0 0 0 3 4 1 0 3 9 6 0 3 7 1 1 1 5 6 4 6 1
19 35635 1 3 2 0 0 0 0 3 7 3 0 0 0 4 5 1 0 0 2 1 0 0 0 0 0 0 2 3 2 0 3 7 7 2 3 6 2 0 1 4 4 5 6 1
19 35622 1 3 2 0 0 0 0 3 7 3 0 0 0 4 5 1 0 0 2 2 0 0 1 0 0 0 2 3 2 0 3 7 6 1 2 5 1 2 1 5 6 4 5 1
19 45318 1 3 2 0 0 0 0 3 7 4 0 0 0 2 4 2 0 0 0 0 0 0 0 0 0 0 3 4 0 0 3 11 8 0 4 8 2 0 0 3 6 3 6 1
19 45324 1 3 2 0 0 0 0 3 7 4 0 0 0 2 5 2 0 0 1 1 0 0 0 0 0 0 3 4 1 0 2 9 8 1 3 8 2 1 0 3 5 3 5 1
19 45337 1 3 2 0 0 0 0 3 7 4 0 0 0 3 5 2 0 0 1 1 0 0 0 0 0 0 2 3 1 0 3 9 8 1 3 8 2 1 0 3 5 3 5 1
19 46401 1 3 2 0 0 0 0 3 7 4 0 0 0 3 5 2 0 0 1 1 0 0 0 0 0 0 2 4 1 0 2 9 8 1 3 8 2 1 0 3 5 3 5 1
19 52789 1 3 2 0 0 0 0 3 7 4 0 0 0 3 6 2 0 0 2 2 0 0 0 0 0 0 2 4 2 0 1 7 8 2 2 8 3 0 0 3 4 3 5 1
19 52070 1 3 2 0 0 0 0 3 7 4 0 0 0 3 6 2 0 0 2 2 0 0 1 0 0 0 2 4 2 0 1 7 8 2 2 6 2 2 0 3 5 3 4 1
19 52083 1 3 2 0 0 0 0 3 7 4 0 0 0 4 6 2 0 0 2 2 0 0 0 0 0 0 1 3 2 0 2 7 8 2 2 8 3 0 0 3 4 3 5 1
19 53143 1 3 2 0 0 0 0 3 7 4 0 0 0 4 6 2 0 0 2 2 0 0 1 0 0 0 1 3 2 0 2 7 8 2 2 6 2 2 0 3 5 3 4 1
19 28724 1 3 2 0 0 0 0 3 7 4 1 0 0 3 5 3 0 0 1 2 1 0 0 0 0 0 2 3 1 0 2 7 7 1 2 6 2 1 1 4 5 4 5 1
19 28700 1 3 2 0 0 0 0 3 7 4 1 0 0 3 5 3 1 0 1 1 0 0 0 0 0 0 2 3 1 0 2 7 6 2 3 7 2 1 1 4 4 4 5 1
19 45350 1 3 2 0 0 0 0 3 7 4 1 0 0 3 6 4 1 0 1 2 1 0 0 0 0 0 2 2 1 0 2 7 7 2 2 7 3 1 0 3 4 3 4 1
19 35673 1 3 2 0 0 0 0 3 7 4 1 0 0 4 6 3 0 0 2 3 1 0 1 1 0 0 1 2 2 0 2 5 7 2 1 4 1 1 1 4 5 4 5 1
19 35649 1 3 2 0 0 0 0 3 7 4 1 0 0 4 6 3 1 0 2 2 1 0 0 0 0 0 1 2 2 0 2 5 6 2 2 6 3 0 1 4 4 4 5 1
19 62051 1 3 2 0 0 0 0 3 7 4 1 0 0 4 7 4 1 0 2 3 1 0 1 1 0 0 1 2 2 0 1 5 7 3 1 5 2 1 0 3 4 3 4 1
19 52096 1 3 2 0 0 0 0 3 7 4 1 0 0 4 7 4 1 0 2 3 2 0 0 0 0 0 1 2 2 0 1 5 7 2 1 6 4 0 0 3 4 3 4 1
19 45374 1 3 2 0 0 0 0 3 7 5 1 0 0 2 5 4 1 0 1 2 1 0 0 0 0 0 2 3 1 0 2 7 7 2 2 7 3 1 0 3 4 3 4 1
19 46425 1 3 2 0 0 0 0 3 7 5 1 0 0 3 6 4 1 0 1 2 1 0 0 0 0 0 1 3 1 0 1 7 7 2 2 7 3 1 0 3 4 3 4 1
19 52120 1 3 2 0 0 0 0 3 7 5 1 0 0 3 6 4 1 0 2 3 1 0 1 1 0 0 1 3 2 0 1 5 7 3 1 5 2 1 0 3 4 3 4 1
19 62063 1 3 2 0 0 0 0 3 7 5 1 0 0 3 6 4 1 0 2 3 2 0 0 0 0 0 1 3 2 0 1 5 7 2 1 6 4 0 0 3 4 3 4 1
19 52826 1 3 2 0 0 0 0 3 7 5 1 0 0 3 7 4 1 0 2 3 1 0 1 1 0 0 1 3 2 0 0 5 7 3 1 5 2 1 0 3 4 3 4 1
19 52802 1 3 2 0 0 0 0 3 7 5 1 0 0 3 7 4 1 0 2 3 2 0 0 0 0 0 1 3 2 0 0 5 7 2 1 6 4 0 0 3 4 3 4 1
19 53192 1 3 2 0 0 0 0 3 7 5 1 0 0 4 7 4 1 0 2 3 1 0 1 1 0 0 0 2 2 0 1 5 7 3 1 5 2 1 0 3 4 3 4 1
19 53168 1 3 2 0 0 0 0 3 7 5 1 0 0 4 7 4 1 0 2 3 2 0 0 0 0 0 0 2 2 0 1 5 7 2 1 6 4 0 0 3 4 3 4 1
19 28736 1 3 2 0 0 0 0 3 7 5 2 0 0 2 5 5 1 0 0 2 1 0 0 0 0 0 2 2 0 0 2 7 6 2 2 6 3 0 1 4 4 4 5 1
19 45386 1 3 2 0 0 0 0 3 7 5 2 0 0 2 5 6 2 0 0 2 2 0 0 0 0 0 2 2 0 0 2 7 6 2 2 6 4 0 0 3 4 3 4 1
19 35685 1 3 2 0 0 0 0 3 7 5 2 0 0 3 6 5 1 0 1 3 2 0 0 1 0 0 1 1 1 0 2 5 6 2 1 5 2 0 1 4 4 4 5 1
19 52132 1 3 2 0 0 0 0 3 7 5 2 0 0 3 6 6 2 0 1 3 3 0 0 1 0 0 1 2 1 0 1 5 6 2 1 5 3 0 0 3 4 3 4 1
19 70709 1 3 2 0 0 0 0 3 7 5 2 0 0 4 8 6 2 0 2 4 4 1 0 0 0 0 0 1 2 0 0 3 6 2 0 4 3 0 0 3 4 3 4 1
19 46459 1 3 2 0 0 0 0 3 7 6 2 0 0 2 6 6 2 0 0 2 2 0 0 0 0 0 1 2 0 0 1 7 6 2 2 6 4 0 0 3 4 3 4 1
19 52838 1 3 2 0 0 0 0 3 7 6 2 0 0 2 7 6 2 0 1 3 3 0 0 1 0 0 1 2 1 0 0 5 6 2 1 5 3 0 0 3 4 3 4 1
19 53204 1 3 2 0 0 0 0 3 7 6 2 0 0 3 7 6 2 0 1 3 3 0 0 1 0 0 0 1 1 0 1 5 6 2 1 5 3 0 0 3 4 3 4 1
19 70482 1 3 2 0 0 0 0 3 7 6 2 0 0 3 7 6 2 0 2 4 4 1 0 0 0 0 0 2 2 0 0 3 6 2 0 4 3 0 0 3 4 3 4 1
19 25281 1 3 2 1 0 0 0 3 3 2 0 0 0 1 1 0 0 0 0 0 0 0 0 0 0 3 6 5 1 0 5 9 3 0 4 3 0 1 3 8 6 8 6 2
19 25287 1 3 2 1 0 0 0 3 3 2 0 0 0 1 2 0 0 0 1 0 0 0 0 0 0 3 6 5 2 0 4 7 4 0 4 4 0 2 3 7 6 7 5 2
19 25301 1 3 2 1 0 0 0 3 4 3 0 0 0 1 2 0 0 0 0 0 0 0 0 0 0 2 5 5 1 0 4 10 5 0 4 5 0 1 2 6 6 6 7 1
19 30751 1 3 2 1 0 0 0 3 4 3 0 0 0 1 2 0 0 0 0 0 0 0 0 0 0 2 5 5 1 0 4 11 5 1 4 4 1 1 1 6 5 7 5 2
19 25307 1 3 2 1 0 0 0 3 4 3 0 0 0 1 3 0 0 0 1 0 0 0 0 0 0 2 5 5 2 0 3 8 6 0 4 6 0 2 2 5 6 5 6 1
19 36958 1 3 2 1 0 0 0 3 4 3 0 0 0 1 3 0 0 0 1 0 0 0 0 0 0 2 5 5 2 0 3 9 6 2 4 4 1 2 1 5 4 7 4 2
19 25321 1 3 2 1 0 0 0 3 4 3 0 0 0 2 3 0 0 0 1 0 0 0 0 0 0 2 4 4 2 0 4 8 6 0 4 6 0 2 2 5 6 5 6 1
19 30770 1 3 2 1 0 0 0 3 4 3 0 0 0 2 3 0 0 0 1 0 0 0 0 0 0 2 4 5 2 1 3 9 4 2 5 4 1 2 1 5 4 7 4 2
19 36977 1 3 2 1 0 0 0 3 4 3 0 0 0 2 4 0 0 0 2 0 0 0 0 0 0 2 4 5 3 1 2 7 5 3 5 4 2 1 1 4 3 7 4 2
19 26974 1 3 2 1 0 0 0 3 4 3 1 0 0 1 1 1 0 0 0 0 0 0 0 0 0 2 5 4 1 0 5 9 5 0 4 5 0 1 2 6 6 6 7 1
19 26980 1 3 2 1 0 0 0 3 4 3 1 0 0 1 2 1 0 0 1 1 0 0 0 0 0 2 5 4 2 0 4 7 5 0 3 6 0 2 2 6 6 5 6 1
19 30739 1 3 2 1 0 0 0 3 4 3 1 0 0 2 2 2 0 0 0 1 0 0 0 0 0 2 4 4 1 0 4 8 5 0 3 6 0 2 2 6 6 5 6 1
19 34485 1 3 2 1 0 0 0 3 4 3 1 0 0 2 3 2 0 0 1 2 0 0 1 0 0 2 4 4 2 0 3 6 5 0 2 5 0 3 2 6 7 4 5 1
19 25335 1 3 2 1 0 0 0 3 4 3 1 0 0 2 4 2 0 0 1 1 0 0 0 0 0 2 4 3 2 0 3 6 7 1 3 7 1 2 2 4 5 4 5 1
19 25359 1 3 2 1 0 0 0 3 4 4 1 0 0 1 3 2 0 0 1 1 0 0 0 0 0 2 4 4 2 0 3 6 7 1 3 7 1 2 2 4 5 4 5 1
19 25371 1 3 2 1 0 0 0 3 4 4 2 0 0 1 3 4 0 0 0 2 0 0 0 0 0 2 4 3 1 0 3 6 7 2 2 7 2 1 2 4 4 4 5 1
19 44240 1 3 2 1 0 0 0 3 5 4 0 0 0 1 3 1 0 0 0 0 0 0 0 0 0 1 4 5 1 0 3 10 7 1 4 6 1 1 1 4 5 5 6 1
19 44246 1 3 2 1 0 0 0 3 5 4 0 0 0 1 4 1 0 0 1 0 0 0 0 0 0 1 4 5 2 0 2 8 8 2 4 6 1 2 1 3 4 5 5 1
19 44259 1 3 2 1 0 0 0 3 5 4 0 0 0 2 4 1 0 0 1 1 0 0 0 0 0 1 3 4 2 0 3 8 7 1 3 7 1 2 1 4 5 4 5 1
19 48455 1 3 2 1 0 0 0 3 5 4 0 0 0 2 4 1 0 0 1 1 0 0 0 0 0 1 3 5 2 1 2 8 5 2 4 6 1 2 1 4 4 5 5 1
19 54428 1 3 2 1 0 0 0 3 5 4 0 0 0 2 5 1 0 0 2 1 0 0 0 0 0 1 3 5 3 1 1 6 6 3 4 6 2 1 1 3 3 5 5 1
19 61358 1 3 2 1 0 0 0 3 5 4 0 0 0 3 5 1 0 0 2 2 0 0 1 0 0 1 2 4 3 1 2 6 5 2 3 5 1 3 1 4 5 4 4 1
19 26994 1 3 2 1 0 0 0 3 5 4 1 0 0 1 2 1 0 0 0 0 0 0 0 0 0 1 4 4 1 0 4 10 7 0 4 7 1 1 1 4 6 4 6 1
19 30752 1 3 2 1 0 0 0 3 5 4 1 0 0 1 2 1 0 0 0 0 0 0 0 0 0 1 4 4 1 0 4 11 7 1 4 6 1 1 0 4 5 5 6 1
19 27000 1 3 2 1 0 0 0 3 5 4 1 0 0 1 3 1 0 0 1 1 0 0 0 0 0 1 4 4 2 0 3 8 7 0 3 8 1 2 1 4 6 3 5 1
19 36959 1 3 2 1 0 0 0 3 5 4 1 0 0 1 3 1 0 0 1 1 0 0 0 0 0 1 4 4 2 0 3 9 7 2 3 6 1 2 0 4 4 5 5 1
19 27014 1 3 2 1 0 0 0 3 5 4 1 0 0 2 3 1 0 0 1 0 0 0 0 0 0 1 3 3 2 0 4 8 8 1 4 7 1 2 1 3 5 4 5 1
19 30772 1 3 2 1 0 0 0 3 5 4 1 0 0 2 3 1 0 0 1 0 0 0 0 0 0 1 3 4 2 1 3 9 6 2 5 6 1 2 0 3 4 5 5 1
19 34498 1 3 2 1 0 0 0 3 5 4 1 0 0 2 3 2 0 0 0 1 0 0 0 0 0 1 3 4 1 0 3 9 7 1 3 7 1 2 1 4 5 4 5 1
19 30758 1 3 2 1 0 0 0 3 5 4 1 0 0 2 3 2 0 0 0 1 0 0 0 0 0 1 3 4 1 0 3 10 7 1 3 7 1 2 0 4 5 4 5 1
19 36978 1 3 2 1 0 0 0 3 5 4 1 0 0 2 4 1 0 0 2 1 0 0 0 0 0 1 3 4 3 1 2 7 6 3 4 6 2 1 0 3 3 5 5 1
19 34504 1 3 2 1 0 0 0 3 5 4 1 0 0 2 4 2 0 0 1 2 0 0 1 0 0 1 3 4 2 0 2 7 7 1 2 6 1 3 1 4 6 3 4 1
19 36965 1 3 2 1 0 0 0 3 5 4 1 0 0 2 4 2 0 0 1 2 0 0 1 0 0 1 3 4 2 0 2 8 7 2 2 5 1 3 0 4 5 4 4 1
19 44272 1 3 2 1 0 0 0 3 5 4 1 0 0 2 5 3 0 0 1 2 1 0 0 0 0 1 3 3 2 0 2 6 8 2 2 6 2 2 1 3 4 4 4 1
19 34518 1 3 2 1 0 0 0 3 5 4 1 0 0 3 4 2 0 0 1 1 0 0 0 0 0 1 2 3 2 0 3 7 8 2 3 7 2 1 1 3 4 4 5 1
19 61370 1 3 2 1 0 0 0 3 5 4 1 0 0 3 6 3 0 0 2 3 1 0 1 1 0 1 2 3 3 1 1 4 6 3 2 4 1 2 1 3 4 4 4 1
19 27028 1 3 2 1 0 0 0 3 5 4 2 0 0 2 4 3 1 0 1 1 0 0 0 0 0 1 3 2 2 0 3 6 7 2 3 8 2 2 1 3 4 3 4 1
19 34532 1 3 2 1 0 0 0 3 5 4 2 0 0 3 5 4 1 0 1 2 1 0 0 0 0 1 2 2 2 0 2 5 7 2 2 7 3 1 1 3 4 3 4 1
19 44296 1 3 2 1 0 0 0 3 5 5 1 0 0 1 4 3 1 0 1 1 0 0 0 0 0 1 3 4 2 0 2 6 7 3 3 7 2 2 1 3 3 4 4 1
19 61382 1 3 2 1 0 0 0 3 5 5 1 0 0 2 5 3 1 0 2 2 1 0 0 0 0 1 2 4 3 1 1 4 5 3 3 6 3 1 1 3 3 4 4 1
19 27052 1 3 2 1 0 0 0 3 5 5 2 0 0 1 3 3 0 0 1 2 1 0 0 0 0 1 3 3 2 0 3 6 8 1 2 7 2 2 1 3 5 3 4 1
19 44308 1 3 2 1 0 0 0 3 5 5 2 0 0 1 4 5 1 0 0 2 1 0 0 0 0 1 3 3 1 0 2 6 7 3 2 6 3 1 1 3 3 4 4 1
19 34556 1 3 2 1 0 0 0 3 5 5 2 0 0 2 4 4 0 0 1 3 1 0 1 1 0 1 2 3 2 0 2 5 8 2 1 5 1 2 1 3 5 3 4 1
19 30810 1 3 2 1 0 0 0 3 5 5 2 0 0 2 4 4 1 0 0 1 1 0 0 0 0 1 2 3 1 0 2 8 7 2 3 6 2 2 0 3 4 4 4 1
19 37016 1 3 2 1 0 0 0 3 5 5 2 0 0 2 5 4 1 0 1 2 1 0 1 1 0 1 2 3 2 0 1 6 7 3 2 4 1 2 0 3 4 4 4 1
19 61394 1 3 2 1 0 0 0 3 5 5 2 0 0 2 5 5 1 0 1 3 2 0 0 1 0 1 2 3 2 1 1 4 5 3 2 5 2 1 1 3 3 4 4 1
19 30786 1 3 2 1 0 0 0 3 5 5 2 1 0 2 4 2 1 0 1 1 0 0 0 0 0 1 2 3 1 1 2 8 5 3 4 7 2 2 0 3 3 4 4 1
19 36992 1 3 2 1 0 0 0 3 5 5 2 1 0 2 5 2 1 0 2 2 1 0 0 0 0 1 2 3 2 1 1 6 5 3 3 6 3 1 0 3 3 4 4 1
19 27064 1 3 2 1 0 0 0 3 5 5 3 0 0 1 3 5 1 0 0 2 1 0 0 0 0 1 3 2 1 0 3 6 7 2 2 7 3 1 1 3 4 3 4 1
19 34568 1 3 2 1 0 0 0 3 5 5 3 0 0 2 4 6 1 0 0 3 2 0 0 1 0 1 2 2 1 0 2 5 7 2 1 6 2 1 1 3 4 3 4 1
19 30822 1 3 2 1 0 0 0 3 5 6 3 1 0 1 4 4 2 0 0 1 1 0 0 0 0 1 2 2 0 0 2 8 6 3 3 6 3 1 0 3 3 4 4 1
19 37028 1 3 2 1 0 0 0 3 5 6 3 1 0 1 5 4 2 0 1 2 2 0 0 1 0 1 2 2 1 0 1 6 6 3 2 5 2 1 0 3 3 4 4 1
19 45320 1 3 2 1 0 0 0 3 6 5 1 0 0 1 3 2 0 0 0 0 0 0 0 0 0 0 3 4 1 0 3 10 9 1 4 8 2 1 0 2 5 3 5 1
19 45326 1 3 2 1 0 0 0 3 6 5 1 0 0 1 4 2 0 0 1 1 0 0 0 0 0 0 3 4 2 0 2 8 9 2 3 8 2 2 0 2 4 3 4 1
19 45339 1 3 2 1 0 0 0 3 6 5 1 0 0 2 4 2 0 0 1 1 0 0 0 0 0 0 2 3 2 0 3 8 9 2 3 8 2 2 0 2 4 3 4 1
19 48456 1 3 2 1 0 0 0 3 6 5 1 0 0 2 4 2 0 0 1 1 0 0 0 0 0 0 2 4 2 1 2 8 7 2 4 8 2 2 0 2 4 3 4 1
19 48443 1 3 2 1 0 0 0 3 6 5 1 0 0 2 4 3 0 0 0 1 0 0 0 0 0 0 2 4 1 0 2 9 9 2 3 8 2 2 0 2 4 3 4 1
19 54429 1 3 2 1 0 0 0 3 6 5 1 0 0 2 5 2 0 0 2 2 0 0 0 0 0 0 2 4 3 1 1 6 7 3 3 8 3 1 0 2 3 3 4 1
19 52072 1 3 2 1 0 0 0 3 6 5 1 0 0 2 5 3 0 0 1 2 0 0 1 0 0 0 2 4 2 0 1 7 9 3 2 6 2 3 0 2 4 3 3 1
19 62041 1 3 2 1 0 0 0 3 6 5 1 0 0 3 5 2 0 0 2 2 0 0 1 0 0 0 1 3 3 1 2 6 7 3 3 6 2 3 0 2 4 3 3 1
19 52085 1 3 2 1 0 0 0 3 6 5 1 0 0 3 5 3 0 0 1 2 0 0 0 0 0 0 1 3 2 0 2 7 9 3 2 8 3 1 0 2 3 3 4 1
19 45352 1 3 2 1 0 0 0 3 6 5 2 0 0 2 5 4 1 0 1 2 1 0 0 0 0 0 2 2 2 0 2 6 8 3 2 7 3 2 0 2 3 3 3 1
19 62053 1 3 2 1 0 0 0 3 6 5 2 0 0 3 6 4 1 0 2 3 1 0 1 1 0 0 1 2 3 1 1 4 6 4 2 5 2 2 0 2 3 3 3 1
19 52098 1 3 2 1 0 0 0 3 6 5 2 0 0 3 6 5 1 0 1 3 2 0 0 0 0 0 1 2 2 0 1 5 8 3 1 6 4 1 0 2 3 3 3 1
19 45376 1 3 2 1 0 0 0 3 6 6 2 0 0 1 4 4 1 0 1 2 1 0 0 0 0 0 2 3 2 0 2 6 8 3 2 7 3 2 0 2 3 3 3 1
19 62065 1 3 2 1 0 0 0 3 6 6 2 0 0 2 5 4 1 0 2 3 2 0 0 0 0 0 1 3 3 1 1 4 6 3 2 6 4 1 0 2 3 3 3 1
19 52122 1 3 2 1 0 0 0 3 6 6 2 0 0 2 5 5 1 0 1 3 1 0 1 1 0 0 1 3 2 0 1 5 8 4 1 5 2 2 0 2 3 3 3 1
19 48493 1 3 2 1 0 0 0 3 6 6 2 0 0 2 5 5 2 0 0 1 1 0 0 0 0 0 1 3 1 0 1 7 7 3 3 7 3 2 0 2 3 3 3 1
19 54465 1 3 2 1 0 0 0 3 6 6 2 0 0 2 6 5 2 0 1 2 1 0 1 1 0 0 1 3 2 0 0 5 7 4 2 5 2 2 0 2 3 3 3 1
19 63686 1 3 2 1 0 0 0 3 6 6 2 0 0 3 6 5 2 0 1 2 2 0 0 0 0 0 0 2 2 0 1 5 7 3 2 6 4 1 0 2 3 3 3 1
19 48469 1 3 2 1 0 0 0 3 6 6 2 1 0 2 5 3 1 0 1 2 1 0 0 0 0 0 1 3 1 1 1 7 6 3 3 7 3 2 0 2 3 3 3 1
19 54441 1 3 2 1 0 0 0 3 6 6 2 1 0 2 6 3 1 0 2 3 2 0 0 0 0 0 1 3 2 1 0 5 6 3 2 6 4 1 0 2 3 3 3 1
19 63674 1 3 2 1 0 0 0 3 6 6 2 1 0 3 6 3 1 0 2 3 1 0 1 1 0 0 0 2 2 1 1 5 6 4 2 5 2 2 0 2 3 3 3 1
19 45388 1 3 2 1 0 0 0 3 6 6 3 0 0 1 4 6 2 0 0 2 2 0 0 0 0 0 2 2 1 0 2 6 7 3 2 6 4 1 0 2 3 3 3 1
19 62077 1 3 2 1 0 0 0 3 6 6 3 0 0 2 5 6 2 0 1 3 3 0 0 1 0 0 1 2 2 1 1 4 5 3 2 5 3 1 0 2 3 3 3 1
19 52134 1 3 2 1 0 0 0 3 6 6 3 0 0 2 5 7 2 0 0 3 3 0 0 1 0 0 1 2 1 0 1 5 7 3 1 5 3 1 0 2 3 3 3 1
19 71242 1 3 2 1 0 0 0 3 6 6 3 0 0 3 7 7 3 0 1 3 4 1 0 0 0 0 0 1 2 0 0 3 6 3 1 4 3 1 0 2 3 3 3 1
19 48505 1 3 2 1 0 0 0 3 6 7 3 1 0 1 5 5 3 0 0 1 2 0 0 0 0 0 1 2 0 0 1 7 6 3 3 6 4 1 0 2 3 3 3 1
19 54477 1 3 2 1 0 0 0 3 6 7 3 1 0 1 6 5 3 0 1 2 3 0 0 1 0 0 1 2 1 0 0 5 6 3 2 5 3 1 0 2 3 3 3 1
19 70484 1 3 2 1 0 0 0 3 6 7 3 1 0 2 6 5 2 0 2 4 4 1 0 0 0 0 0 2 2 1 0 3 5 3 1 4 3 1 0 2 3 3 3 1
19 63698 1 3 2 1 0 0 0 3 6 7 3 1 0 2 6 5 3 0 1 2 3 0 0 1 0 0 0 1 1 0 1 5 6 3 2 5 3 1 0 2 3 3 3 1
19 25345 1 3 2 1 1 0 0 3 4 2 2 0 0 2 3 2 0 0 2 2 0 0 1 0 0 2 4 3 3 1 3 4 5 2 3 5 1 3 2 4 5 4 4 1
19 25381 1 3 2 1 1 0 0 3 4 3 3 0 0 1 2 4 0 0 1 3 0 0 1 0 0 2 4 3 2 1 3 4 5 3 2 5 2 2 2 4 4 4 4 1
19 44282 1 3 2 1 1 0 0 3 5 3 2 0 0 2 4 3 0 0 2 3 1 0 1 1 0 1 3 3 3 1 2 4 6 3 2 4 1 2 1 3 4 4 4 1
19 27038 1 3 2 1 1 0 0 3 5 3 3 1 0 2 3 2 1 0 2 2 0 0 1 0 0 1 3 2 2 1 3 5 5 3 3 6 2 3 1 3 4 3 3 1
19 34542 1 3 2 1 1 0 0 3 5 3 3 1 0 3 4 3 2 0 2 2 1 0 1 0 0 1 2 2 2 0 2 4 6 3 2 5 3 2 1 3 4 3 3 1
19 44318 1 3 2 1 1 0 0 3 5 4 3 0 0 1 3 5 1 0 1 3 1 0 1 1 0 1 3 3 2 1 2 4 5 4 2 4 2 1 1 3 3 4 4 1
19 27074 1 3 2 1 1 0 0 3 5 4 4 1 0 1 2 4 1 0 1 3 1 0 1 0 0 1 3 2 1 1 3 5 5 3 2 5 3 2 1 3 4 3 3 1
19 34578 1 3 2 1 1 0 0 3 5 4 4 1 0 2 3 5 2 0 1 3 2 0 1 1 0 1 2 2 1 0 2 4 6 3 1 4 2 2 1 3 4 3 3 1
19 45362 1 3 2 1 1 0 0 3 6 4 3 1 0 2 4 3 1 0 2 3 1 0 1 1 0 0 2 2 2 1 2 5 6 4 2 5 2 2 0 2 3 3 3 1
19 52108 1 3 2 1 1 0 0 3 6 4 3 1 0 3 5 4 2 0 2 3 2 0 1 1 0 0 1 2 2 0 1 4 7 4 1 4 3 1 0 2 3 3 3 1
19 45398 1 3 2 1 1 0 0 3 6 5 4 1 0 1 3 5 2 0 1 3 2 0 1 1 0 0 2 2 1 1 2 5 5 4 2 4 3 1 0 2 3 3 3 1
19 52144 1 3 2 1 1 0 0 3 6 5 4 1 0 2 4 6 3 0 1 3 3 0 1 2 0 0 1 2 1 0 1 4 6 4 1 3 2 1 0 2 3 3 3 1
19 25417 1 3 3 1 0 0 0 2 4 2 0 0 0 1 1 0 0 0 0 0 0 0 0 0 0 2 6 5 1 0 5 8 3 0 3 3 0 1 4 9 6 8 6 2
19 26399 1 3 3 1 0 0 0 2 4 2 0 0 0 1 1 0 0 0 0 0 0 0 0 0 0 2 6 5 1 0 5 9 3 0 4 3 0 1 3 8 6 8 6 2
19 25437 1 3 3 1 0 0 0 2 4 2 0 0 0 2 2 0 0 0 1 0 0 0 0 0 0 2 5 4 2 0 5 6 4 0 3 4 0 2 4 8 6 7 5 2
19 26405 1 3 3 1 0 0 0 2 4 2 0 0 0 2 2 0 0 0 1 0 0 0 0 0 0 2 5 5 2 0 4 7 4 0 4 4 0 2 3 7 6 7 5 2
19 25419 1 3 3 1 0 0 0 2 4 3 0 0 0 1 2 0 0 0 0 0 0 0 0 0 0 2 5 5 1 0 4 10 5 0 3 5 0 1 2 7 6 6 7 1
19 28225 1 3 3 1 0 0 0 2 4 3 0 0 0 1 2 0 0 0 0 0 0 0 0 0 0 2 5 5 1 0 4 11 5 1 4 4 1 1 1 6 5 7 5 2
19 25425 1 3 3 1 0 0 0 2 4 3 0 0 0 1 3 0 0 0 1 0 0 0 0 0 0 2 5 5 2 0 3 8 6 0 3 6 0 2 2 6 6 5 6 1
19 35357 1 3 3 1 0 0 0 2 4 3 0 0 0 1 3 0 0 0 1 0 0 0 0 0 0 2 5 5 2 1 3 9 4 2 5 4 1 2 1 5 4 7 4 2
19 25439 1 3 3 1 0 0 0 2 4 3 0 0 0 2 3 0 0 0 1 0 0 0 0 0 0 2 4 4 2 0 4 8 6 0 3 6 0 2 2 6 6 5 6 1
19 28245 1 3 3 1 0 0 0 2 4 3 0 0 0 2 3 0 0 0 1 0 0 0 0 0 0 2 4 5 2 0 3 9 6 2 4 4 1 2 1 5 4 7 4 2
19 35376 1 3 3 1 0 0 0 2 4 3 0 0 0 2 4 0 0 0 2 0 0 0 0 0 0 2 4 5 3 1 2 7 5 3 5 4 2 1 1 4 3 7 4 2
19 28089 1 3 3 1 0 0 0 2 4 3 1 0 0 1 1 1 0 0 0 0 0 0 0 0 0 2 5 4 1 0 5 9 5 0 4 5 0 1 2 6 6 6 7 1
19 29628 1 3 3 1 0 0 0 2 4 3 1 0 0 1 2 2 0 0 0 1 0 0 0 0 0 2 5 4 1 0 4 8 5 0 3 6 0 2 2 6 6 5 6 1
19 28095 1 3 3 1 0 0 0 2 4 3 1 0 0 2 2 1 0 0 1 1 0 0 0 0 0 2 4 4 2 0 4 7 5 0 3 6 0 2 2 6 6 5 6 1
19 35228 1 3 3 1 0 0 0 2 4 3 1 0 0 2 3 2 0 0 1 2 0 0 1 0 0 2 4 4 2 0 3 6 5 0 2 5 0 3 2 6 7 4 5 1
19 25453 1 3 3 1 0 0 0 2 4 3 1 0 0 2 4 2 0 0 1 1 0 0 0 0 0 2 4 3 2 0 3 6 7 1 2 7 1 2 2 5 5 4 5 1
19 25477 1 3 3 1 0 0 0 2 4 4 1 0 0 1 3 2 0 0 1 1 0 0 0 0 0 2 4 4 2 0 3 6 7 1 2 7 1 2 2 5 5 4 5 1
19 25489 1 3 3 1 0 0 0 2 4 4 2 0 0 1 3 4 0 0 0 2 0 0 0 0 0 2 4 3 1 0 3 6 7 2 1 7 2 1 2 5 4 4 5 1
19 27110 1 3 3 1 0 0 0 2 5 3 0 0 0 1 2 0 0 0 0 0 0 0 0 0 0 1 5 5 1 0 4 10 5 1 3 4 1 1 2 7 5 7 5 2
19 28784 1 3 3 1 0 0 0 2 5 3 0 0 0 1 2 0 0 0 0 0 0 0 0 0 0 1 5 5 1 0 4 10 5 1 4 4 1 1 2 6 5 7 5 2
19 26418 1 3 3 1 0 0 0 2 5 3 0 0 0 1 2 0 0 0 0 0 0 0 0 0 0 1 5 5 1 0 4 11 5 0 4 5 0 1 1 6 6 6 7 1
19 27130 1 3 3 1 0 0 0 2 5 3 0 0 0 2 3 0 0 0 1 0 0 0 0 0 0 1 4 4 2 0 4 8 6 2 3 4 1 2 2 6 4 7 4 2
19 29659 1 3 3 1 0 0 0 2 5 3 0 0 0 2 3 0 0 0 1 0 0 0 0 0 0 1 4 4 2 1 4 8 4 2 5 4 1 2 2 5 4 7 4 2
19 28804 1 3 3 1 0 0 0 2 5 3 0 0 0 2 3 0 0 0 1 0 0 0 0 0 0 1 4 5 2 0 3 8 6 2 4 4 1 2 2 5 4 7 4 2
19 26424 1 3 3 1 0 0 0 2 5 3 0 0 0 2 3 0 0 0 1 0 0 0 0 0 0 1 4 5 2 0 3 9 6 0 4 6 0 2 1 5 6 5 6 1
19 31329 1 3 3 1 0 0 0 2 5 3 0 0 0 2 3 0 0 0 1 0 0 0 0 0 0 1 4 5 2 1 3 8 4 2 4 4 1 2 2 6 4 7 4 2
19 34633 1 3 3 1 0 0 0 2 5 3 0 0 0 3 4 0 0 0 2 0 0 0 0 0 0 1 3 4 3 1 3 6 5 3 4 4 2 1 2 5 3 7 4 2
19 35752 1 3 3 1 0 0 0 2 5 3 0 0 0 3 4 0 0 0 2 0 0 0 0 0 0 1 3 4 3 1 3 6 5 3 5 4 2 1 2 4 3 7 4 2
19 31292 1 3 3 1 0 0 0 2 5 3 1 0 0 1 1 1 0 0 0 0 0 0 0 0 0 1 5 4 1 0 5 8 5 0 3 5 0 1 3 7 6 6 7 1
19 28649 1 3 3 1 0 0 0 2 5 3 1 0 0 1 1 1 0 0 0 0 0 0 0 0 0 1 5 4 1 0 5 8 5 0 4 5 0 1 3 6 6 6 7 1
19 37316 1 3 3 1 0 0 0 2 5 3 1 0 0 2 2 1 0 0 1 1 0 0 0 0 0 1 4 3 2 0 5 6 5 0 2 6 0 2 3 7 6 5 6 1
19 28655 1 3 3 1 0 0 0 2 5 3 1 0 0 2 2 1 0 0 1 1 0 0 0 0 0 1 4 4 2 0 4 6 5 0 3 6 0 2 3 6 6 5 6 1
19 35599 1 3 3 1 0 0 0 2 5 3 1 0 0 2 2 2 0 0 0 1 0 0 0 0 0 1 4 3 1 0 5 7 5 0 3 6 0 2 3 6 6 5 6 1
19 31298 1 3 3 1 0 0 0 2 5 3 1 0 0 2 2 2 0 0 0 1 0 0 0 0 0 1 4 4 1 0 4 7 5 0 2 6 0 2 3 7 6 5 6 1
19 37322 1 3 3 1 0 0 0 2 5 3 1 0 0 3 3 2 0 0 1 2 0 0 1 0 0 1 3 3 2 0 4 5 5 0 1 5 0 3 3 7 7 4 5 1
19 35605 1 3 3 1 0 0 0 2 5 3 1 0 0 3 3 2 0 0 1 2 0 0 1 0 0 1 3 3 2 0 4 5 5 0 2 5 0 3 3 6 7 4 5 1
19 27112 1 3 3 1 0 0 0 2 5 4 0 0 0 1 3 1 0 0 0 0 0 0 0 0 0 1 4 5 1 0 3 10 7 1 3 6 1 1 1 5 5 5 6 1
19 28227 1 3 3 1 0 0 0 2 5 4 0 0 0 1 3 1 0 0 0 0 0 0 0 0 0 1 4 5 1 0 3 11 7 1 4 6 1 1 0 4 5 5 6 1
19 27118 1 3 3 1 0 0 0 2 5 4 0 0 0 1 4 1 0 0 1 1 0 0 0 0 0 1 4 5 2 0 2 8 7 1 2 7 1 2 1 5 5 4 5 1
19 35358 1 3 3 1 0 0 0 2 5 4 0 0 0 1 4 1 0 0 1 1 0 0 0 0 0 1 4 5 2 1 2 9 5 2 4 6 1 2 0 4 4 5 5 1
19 27132 1 3 3 1 0 0 0 2 5 4 0 0 0 2 4 1 0 0 1 0 0 0 0 0 0 1 3 4 2 0 3 8 8 2 3 6 1 2 1 4 4 5 5 1
19 28247 1 3 3 1 0 0 0 2 5 4 0 0 0 2 4 1 0 0 1 0 0 0 0 0 0 1 3 5 2 0 2 9 8 2 4 6 1 2 0 3 4 5 5 1
19 28233 1 3 3 1 0 0 0 2 5 4 0 0 0 2 4 1 0 0 1 1 0 0 0 0 0 1 3 5 2 0 2 9 7 1 3 7 1 2 0 4 5 4 5 1
19 34615 1 3 3 1 0 0 0 2 5 4 0 0 0 2 4 1 0 0 1 1 0 0 0 0 0 1 3 5 2 1 2 8 5 2 3 6 1 2 1 5 4 5 5 1
19 35378 1 3 3 1 0 0 0 2 5 4 0 0 0 2 5 1 0 0 2 1 0 0 0 0 0 1 3 5 3 1 1 7 6 3 4 6 2 1 0 3 3 5 5 1
19 34621 1 3 3 1 0 0 0 2 5 4 0 0 0 2 5 1 0 0 2 2 0 0 1 0 0 1 3 5 3 1 1 6 5 2 2 5 1 3 1 5 5 4 4 1
19 35364 1 3 3 1 0 0 0 2 5 4 0 0 0 2 5 1 0 0 2 2 0 0 1 0 0 1 3 5 3 1 1 7 5 2 3 5 1 3 0 4 5 4 4 1
19 34635 1 3 3 1 0 0 0 2 5 4 0 0 0 3 5 1 0 0 2 1 0 0 0 0 0 1 2 4 3 1 2 6 6 3 3 6 2 1 1 4 3 5 5 1
19 44355 1 3 3 1 0 0 0 2 5 4 1 0 0 1 2 1 0 0 0 0 0 0 0 0 0 1 4 4 1 0 4 10 7 0 3 7 1 1 1 5 6 4 6 1
19 29641 1 3 3 1 0 0 0 2 5 4 1 0 0 1 2 1 0 0 0 0 0 0 0 0 0 1 4 4 1 0 4 10 7 1 4 6 1 1 1 4 5 5 6 1
19 28109 1 3 3 1 0 0 0 2 5 4 1 0 0 1 2 1 0 0 0 0 0 0 0 0 0 1 4 4 1 0 4 11 7 0 4 7 1 1 0 4 6 4 6 1
19 44361 1 3 3 1 0 0 0 2 5 4 1 0 0 1 3 1 0 0 1 0 0 0 0 0 0 1 4 4 2 0 3 8 8 1 3 7 1 2 1 4 5 4 5 1
19 52886 1 3 3 1 0 0 0 2 5 4 1 0 0 1 3 1 0 0 1 0 0 0 0 0 0 1 4 4 2 1 3 8 6 2 5 6 1 2 1 3 4 5 5 1
19 29647 1 3 3 1 0 0 0 2 5 4 1 0 0 1 3 2 0 0 0 1 0 0 0 0 0 1 4 4 1 0 3 9 7 1 3 7 1 2 1 4 5 4 5 1
19 35241 1 3 3 1 0 0 0 2 5 4 1 0 0 1 3 2 0 0 0 1 0 0 0 0 0 1 4 4 1 0 3 10 7 1 3 7 1 2 0 4 5 4 5 1
19 29661 1 3 3 1 0 0 0 2 5 4 1 0 0 2 3 1 0 0 1 0 0 0 0 0 0 1 3 3 2 1 4 8 6 2 5 6 1 2 1 3 4 5 5 1
19 28129 1 3 3 1 0 0 0 2 5 4 1 0 0 2 3 1 0 0 1 0 0 0 0 0 0 1 3 4 2 0 3 9 8 1 4 7 1 2 0 3 5 4 5 1
19 44374 1 3 3 1 0 0 0 2 5 4 1 0 0 2 3 1 0 0 1 1 0 0 0 0 0 1 3 3 2 0 4 8 7 0 2 8 1 2 1 5 6 3 5 1
19 36220 1 3 3 1 0 0 0 2 5 4 1 0 0 2 3 1 0 0 1 1 0 0 0 0 0 1 3 4 2 0 3 8 7 2 3 6 1 2 1 4 4 5 5 1
19 28115 1 3 3 1 0 0 0 2 5 4 1 0 0 2 3 1 0 0 1 1 0 0 0 0 0 1 3 4 2 0 3 9 7 0 3 8 1 2 0 4 6 3 5 1
19 53121 1 3 3 1 0 0 0 2 5 4 1 0 0 2 3 2 0 0 0 1 0 0 0 0 0 1 3 3 1 0 4 9 7 1 3 7 1 2 1 4 5 4 5 1
19 48974 1 3 3 1 0 0 0 2 5 4 1 0 0 2 3 2 0 0 0 1 0 0 0 0 0 1 3 4 1 0 3 9 7 1 2 7 1 2 1 5 5 4 5 1
19 52904 1 3 3 1 0 0 0 2 5 4 1 0 0 2 4 1 0 0 2 1 0 0 0 0 0 1 3 4 3 1 2 6 6 3 4 6 2 1 1 3 3 5 5 1
19 26448 1 3 3 1 0 0 0 2 5 4 1 0 0 2 4 2 0 0 1 1 0 0 0 0 0 1 3 4 2 0 2 7 7 1 3 7 1 2 1 4 5 4 5 1
19 61422 1 3 3 1 0 0 0 2 5 4 1 0 0 2 4 2 0 0 1 1 0 0 0 0 0 1 3 4 2 0 2 7 8 2 2 7 2 1 1 4 4 4 5 1
19 35261 1 3 3 1 0 0 0 2 5 4 1 0 0 2 4 2 0 0 1 1 0 0 0 0 0 1 3 4 2 0 2 8 8 2 3 7 2 1 0 3 4 4 5 1
19 36226 1 3 3 1 0 0 0 2 5 4 1 0 0 2 4 2 0 0 1 2 0 0 1 0 0 1 3 4 2 0 2 7 7 2 2 5 1 3 1 4 5 4 4 1
19 35247 1 3 3 1 0 0 0 2 5 4 1 0 0 2 4 2 0 0 1 2 0 0 1 0 0 1 3 4 2 0 2 8 7 1 2 6 1 3 0 4 6 3 4 1
19 27146 1 3 3 1 0 0 0 2 5 4 1 0 0 2 5 3 1 0 1 1 0 0 0 0 0 1 3 3 2 0 2 6 7 3 2 7 2 2 1 4 3 4 4 1
19 36239 1 3 3 1 0 0 0 2 5 4 1 0 0 3 4 1 0 0 2 1 0 0 0 0 0 1 2 3 3 1 3 6 6 3 4 6 2 1 1 3 3 5 5 1
19 54764 1 3 3 1 0 0 0 2 5 4 1 0 0 3 4 2 0 0 1 2 0 0 1 0 0 1 2 3 2 0 3 7 7 1 1 6 1 3 1 5 6 3 4 1
19 53127 1 3 3 1 0 0 0 2 5 4 1 0 0 3 4 2 0 0 1 2 0 0 1 0 0 1 2 3 2 0 3 7 7 2 2 5 1 3 1 4 5 4 4 1
19 34649 1 3 3 1 0 0 0 2 5 4 1 0 0 3 6 3 1 0 2 2 1 0 0 0 0 1 2 3 3 1 1 4 5 3 2 6 3 1 1 4 3 4 4 1
19 44387 1 3 3 1 0 0 0 2 5 4 2 0 0 2 4 3 0 0 1 2 1 0 0 0 0 1 3 2 2 0 3 6 8 1 1 7 2 2 1 4 5 3 4 1
19 70721 1 3 3 1 0 0 0 2 5 4 2 0 0 2 4 4 1 0 0 1 1 0 0 0 0 1 3 2 1 0 3 7 7 2 3 6 2 2 1 3 4 4 4 1
19 61446 1 3 3 1 0 0 0 2 5 4 2 0 0 3 5 4 0 0 1 3 1 0 1 1 0 1 2 2 2 0 2 5 8 2 0 5 1 2 1 4 5 3 4 1
19 70737 1 3 3 1 0 0 0 2 5 4 2 0 0 3 5 4 1 0 1 2 1 0 1 1 0 1 2 2 2 0 2 5 7 3 2 4 1 2 1 3 4 4 4 1
19 29675 1 3 3 1 0 0 0 2 5 4 2 1 0 2 4 2 1 0 1 1 0 0 0 0 0 1 3 2 1 1 3 7 5 3 4 7 2 2 1 3 3 4 4 1
19 36253 1 3 3 1 0 0 0 2 5 4 2 1 0 3 5 2 1 0 2 2 1 0 0 0 0 1 2 2 2 1 2 5 5 3 3 6 3 1 1 3 3 4 4 1
19 27170 1 3 3 1 0 0 0 2 5 5 1 0 0 1 4 3 0 0 1 2 1 0 0 0 0 1 3 4 2 0 2 6 8 2 1 6 2 2 1 4 4 4 4 1
19 28285 1 3 3 1 0 0 0 2 5 5 1 0 0 2 5 3 0 0 1 2 1 0 0 0 0 1 2 4 2 0 1 7 8 2 2 6 2 2 0 3 4 4 4 1
19 34673 1 3 3 1 0 0 0 2 5 5 1 0 0 2 5 3 0 0 2 3 1 0 1 1 0 1 2 4 3 1 1 4 6 3 1 4 1 2 1 4 4 4 4 1
19 28261 1 3 3 1 0 0 0 2 5 5 1 0 0 2 5 3 1 0 1 1 0 0 0 0 0 1 2 4 2 0 1 7 7 3 3 7 2 2 0 3 3 4 4 1
19 35416 1 3 3 1 0 0 0 2 5 5 1 0 0 2 6 3 0 0 2 3 1 0 1 1 0 1 2 4 3 1 0 5 6 3 2 4 1 2 0 3 4 4 4 1
19 35392 1 3 3 1 0 0 0 2 5 5 1 0 0 2 6 3 1 0 2 2 1 0 0 0 0 1 2 4 3 1 0 5 5 3 3 6 3 1 0 3 3 4 4 1
19 44411 1 3 3 1 0 0 0 2 5 5 2 0 0 1 3 3 1 0 1 1 0 0 0 0 0 1 3 3 2 0 3 6 7 2 2 8 2 2 1 4 4 3 4 1
19 29699 1 3 3 1 0 0 0 2 5 5 2 0 0 1 3 4 1 0 0 1 1 0 0 0 0 1 3 3 1 0 3 7 7 2 3 6 2 2 1 3 4 4 4 1
19 26482 1 3 3 1 0 0 0 2 5 5 2 0 0 1 4 4 0 0 0 2 0 0 0 0 0 1 3 3 1 0 2 7 7 2 2 7 2 1 1 4 4 4 5 1
19 27182 1 3 3 1 0 0 0 2 5 5 2 0 0 1 4 5 1 0 0 2 1 0 0 0 0 1 3 3 1 0 2 6 7 3 1 6 3 1 1 4 3 4 4 1
19 28167 1 3 3 1 0 0 0 2 5 5 2 0 0 2 4 3 0 0 1 2 1 0 0 0 0 1 2 3 2 0 2 7 8 1 2 7 2 2 0 3 5 3 4 1
19 28143 1 3 3 1 0 0 0 2 5 5 2 0 0 2 4 3 1 0 1 1 0 0 0 0 0 1 2 3 2 0 2 7 7 2 3 8 2 2 0 3 4 3 4 1
19 61458 1 3 3 1 0 0 0 2 5 5 2 0 0 2 4 4 1 0 1 2 1 0 0 0 0 1 2 3 2 0 2 5 7 2 1 7 3 1 1 4 4 3 4 1
19 36277 1 3 3 1 0 0 0 2 5 5 2 0 0 2 4 4 1 0 1 2 1 0 1 1 0 1 2 3 2 0 2 5 7 3 2 4 1 2 1 3 4 4 4 1
19 35299 1 3 3 1 0 0 0 2 5 5 2 0 0 2 5 4 0 0 1 3 1 0 1 1 0 1 2 3 2 0 1 6 8 2 1 5 1 2 0 3 5 3 4 1
19 35275 1 3 3 1 0 0 0 2 5 5 2 0 0 2 5 4 1 0 1 2 1 0 0 0 0 1 2 3 2 0 1 6 7 2 2 7 3 1 0 3 4 3 4 1
19 34685 1 3 3 1 0 0 0 2 5 5 2 0 0 2 5 5 1 0 1 3 2 0 0 1 0 1 2 3 2 1 1 4 5 3 1 5 2 1 1 4 3 4 4 1
19 70804 1 3 3 1 0 0 0 2 5 5 2 1 0 1 3 2 1 0 1 1 0 0 0 0 0 1 3 3 1 1 3 7 5 3 4 7 2 2 1 3 3 4 4 1
19 70809 1 3 3 1 0 0 0 2 5 5 2 1 0 2 4 2 1 0 2 2 1 0 0 0 0 1 2 3 2 1 2 5 5 3 3 6 3 1 1 3 3 4 4 1
19 44423 1 3 3 1 0 0 0 2 5 5 3 0 0 1 3 5 1 0 0 2 1 0 0 0 0 1 3 2 1 0 3 6 7 2 1 7 3 1 1 4 4 3 4 1
19 61470 1 3 3 1 0 0 0 2 5 5 3 0 0 2 4 6 1 0 0 3 2 0 0 1 0 1 2 2 1 0 2 5 7 2 0 6 2 1 1 4 4 3 4 1
19 29711 1 3 3 1 0 0 0 2 5 5 3 1 0 1 3 4 2 0 0 1 1 0 0 0 0 1 3 2 0 0 3 7 6 3 3 6 3 1 1 3 3 4 4 1
19 36289 1 3 3 1 0 0 0 2 5 5 3 1 0 2 4 4 2 0 1 2 2 0 0 1 0 1 2 2 1 0 2 5 6 3 2 5 2 1 1 3 3 4 4 1
19 28297 1 3 3 1 0 0 0 2 5 6 2 0 0 1 5 5 1 0 0 2 1 0 0 0 0 1 2 3 1 0 1 7 7 3 2 6 3 1 0 3 3 4 4 1
19 35428 1 3 3 1 0 0 0 2 5 6 2 0 0 1 6 5 1 0 1 3 2 0 0 1 0 1 2 3 2 1 0 5 5 3 2 5 2 1 0 3 3 4 4 1
19 28179 1 3 3 1 0 0 0 2 5 6 3 0 0 1 4 5 1 0 0 2 1 0 0 0 0 1 2 2 1 0 2 7 7 2 2 7 3 1 0 3 4 3 4 1
19 35311 1 3 3 1 0 0 0 2 5 6 3 0 0 1 5 6 1 0 0 3 2 0 0 1 0 1 2 2 1 0 1 6 7 2 1 6 2 1 0 3 4 3 4 1
19 28786 1 3 3 1 0 0 0 2 6 4 0 0 0 1 3 1 0 0 0 0 0 0 0 0 0 0 4 5 1 0 3 10 7 1 4 6 1 1 1 4 5 5 6 1
19 28806 1 3 3 1 0 0 0 2 6 4 0 0 0 2 4 1 0 0 1 0 0 0 0 0 0 0 3 5 2 0 2 8 8 2 4 6 1 2 1 3 4 5 5 1
19 35734 1 3 3 1 0 0 0 2 6 4 0 0 0 2 4 1 0 0 1 1 0 0 0 0 0 0 3 4 2 1 3 8 5 2 4 6 1 2 1 4 4 5 5 1
19 28792 1 3 3 1 0 0 0 2 6 4 0 0 0 2 4 1 0 0 1 1 0 0 0 0 0 0 3 5 2 0 2 8 7 1 3 7 1 2 1 4 5 4 5 1
19 35754 1 3 3 1 0 0 0 2 6 4 0 0 0 3 5 1 0 0 2 1 0 0 0 0 0 0 2 4 3 1 2 6 6 3 4 6 2 1 1 3 3 5 5 1
19 35740 1 3 3 1 0 0 0 2 6 4 0 0 0 3 5 1 0 0 2 2 0 0 1 0 0 0 2 4 3 1 2 6 5 2 3 5 1 3 1 4 5 4 4 1
19 28668 1 3 3 1 0 0 0 2 6 4 1 0 0 1 2 1 0 0 0 0 0 0 0 0 0 0 4 4 1 0 4 10 7 0 4 7 1 1 1 4 6 4 6 1
19 31311 1 3 3 1 0 0 0 2 6 4 1 0 0 1 2 1 0 0 0 0 0 0 0 0 0 0 4 4 1 0 4 10 7 1 3 6 1 1 1 5 5 5 6 1
19 28688 1 3 3 1 0 0 0 2 6 4 1 0 0 2 3 1 0 0 1 0 0 0 0 0 0 0 3 4 2 0 3 8 8 1 4 7 1 2 1 3 5 4 5 1
19 31331 1 3 3 1 0 0 0 2 6 4 1 0 0 2 3 1 0 0 1 0 0 0 0 0 0 0 3 4 2 1 3 8 6 2 4 6 1 2 1 4 4 5 5 1
19 37335 1 3 3 1 0 0 0 2 6 4 1 0 0 2 3 1 0 0 1 1 0 0 0 0 0 0 3 3 2 0 4 8 7 2 2 6 1 2 1 5 4 5 5 1
19 28674 1 3 3 1 0 0 0 2 6 4 1 0 0 2 3 1 0 0 1 1 0 0 0 0 0 0 3 4 2 0 3 8 7 0 3 8 1 2 1 4 6 3 5 1
19 35618 1 3 3 1 0 0 0 2 6 4 1 0 0 2 3 2 0 0 0 1 0 0 0 0 0 0 3 3 1 0 4 9 7 1 3 7 1 2 1 4 5 4 5 1
19 31317 1 3 3 1 0 0 0 2 6 4 1 0 0 2 3 2 0 0 0 1 0 0 0 0 0 0 3 4 1 0 3 9 7 1 2 7 1 2 1 5 5 4 5 1
19 37354 1 3 3 1 0 0 0 2 6 4 1 0 0 3 4 1 0 0 2 1 0 0 0 0 0 0 2 3 3 1 3 6 6 3 3 6 2 1 1 4 3 5 5 1
19 35637 1 3 3 1 0 0 0 2 6 4 1 0 0 3 4 2 0 0 1 1 0 0 0 0 0 0 2 3 2 0 3 7 8 2 3 7 2 1 1 3 4 4 5 1
19 35624 1 3 3 1 0 0 0 2 6 4 1 0 0 3 4 2 0 0 1 2 0 0 1 0 0 0 2 3 2 0 3 7 7 1 2 6 1 3 1 4 6 3 4 1
19 37341 1 3 3 1 0 0 0 2 6 4 1 0 0 3 4 2 0 0 1 2 0 0 1 0 0 0 2 3 2 0 3 7 7 2 1 5 1 3 1 5 5 4 4 1
19 45435 1 3 3 1 0 0 0 2 6 5 1 0 0 1 3 2 0 0 0 0 0 0 0 0 0 0 3 4 1 0 3 10 9 1 3 8 2 1 0 3 5 3 5 1
19 46397 1 3 3 1 0 0 0 2 6 5 1 0 0 1 3 2 0 0 0 0 0 0 0 0 0 0 3 4 1 0 3 10 9 1 4 8 2 1 0 2 5 3 5 1
19 45441 1 3 3 1 0 0 0 2 6 5 1 0 0 1 4 2 0 0 1 1 0 0 0 0 0 0 3 4 2 0 2 8 9 2 2 8 2 2 0 3 4 3 4 1
19 52887 1 3 3 1 0 0 0 2 6 5 1 0 0 1 4 2 0 0 1 1 0 0 0 0 0 0 3 4 2 1 2 8 7 2 4 8 2 2 0 2 4 3 4 1
19 47369 1 3 3 1 0 0 0 2 6 5 1 0 0 1 4 3 0 0 0 1 0 0 0 0 0 0 3 4 1 0 2 9 9 2 3 8 2 2 0 2 4 3 4 1
19 45454 1 3 3 1 0 0 0 2 6 5 1 0 0 2 4 2 0 0 1 1 0 0 0 0 0 0 2 3 2 0 3 8 9 2 2 8 2 2 0 3 4 3 4 1
19 47382 1 3 3 1 0 0 0 2 6 5 1 0 0 2 4 2 0 0 1 1 0 0 0 0 0 0 2 3 2 1 3 8 7 2 4 8 2 2 0 2 4 3 4 1
19 46403 1 3 3 1 0 0 0 2 6 5 1 0 0 2 4 2 0 0 1 1 0 0 0 0 0 0 2 4 2 0 2 8 9 2 3 8 2 2 0 2 4 3 4 1
19 49005 1 3 3 1 0 0 0 2 6 5 1 0 0 2 4 2 0 0 1 1 0 0 0 0 0 0 2 4 2 1 2 8 7 2 3 8 2 2 0 3 4 3 4 1
19 53139 1 3 3 1 0 0 0 2 6 5 1 0 0 2 4 3 0 0 0 1 0 0 0 0 0 0 2 3 1 0 3 9 9 2 3 8 2 2 0 2 4 3 4 1
19 48992 1 3 3 1 0 0 0 2 6 5 1 0 0 2 4 3 0 0 0 1 0 0 0 0 0 0 2 4 1 0 2 9 9 2 2 8 2 2 0 3 4 3 4 1
19 52905 1 3 3 1 0 0 0 2 6 5 1 0 0 2 5 2 0 0 2 2 0 0 0 0 0 0 2 4 3 1 1 6 7 3 3 8 3 1 0 2 3 3 4 1
19 52186 1 3 3 1 0 0 0 2 6 5 1 0 0 2 5 2 0 0 2 2 0 0 1 0 0 0 2 4 3 1 1 6 7 3 2 6 2 3 0 3 4 3 3 1
19 52892 1 3 3 1 0 0 0 2 6 5 1 0 0 2 5 2 0 0 2 2 0 0 1 0 0 0 2 4 3 1 1 6 7 3 3 6 2 3 0 2 4 3 3 1
19 62105 1 3 3 1 0 0 0 2 6 5 1 0 0 2 5 3 0 0 1 2 0 0 0 0 0 0 2 4 2 0 1 7 9 3 1 8 3 1 0 3 3 3 4 1
19 52791 1 3 3 1 0 0 0 2 6 5 1 0 0 2 5 3 0 0 1 2 0 0 0 0 0 0 2 4 2 0 1 7 9 3 2 8 3 1 0 2 3 3 4 1
19 52778 1 3 3 1 0 0 0 2 6 5 1 0 0 2 5 3 0 0 1 2 0 0 1 0 0 0 2 4 2 0 1 7 9 3 2 6 2 3 0 2 4 3 3 1
19 28844 1 3 3 1 0 0 0 2 6 5 1 0 0 2 5 3 0 0 1 2 1 0 0 0 0 0 2 4 2 0 1 6 8 2 2 6 2 2 1 3 4 4 4 1
19 28820 1 3 3 1 0 0 0 2 6 5 1 0 0 2 5 3 1 0 1 1 0 0 0 0 0 0 2 4 2 0 1 6 7 3 3 7 2 2 1 3 3 4 4 1
19 52199 1 3 3 1 0 0 0 2 6 5 1 0 0 3 5 2 0 0 2 2 0 0 0 0 0 0 1 3 3 1 2 6 7 3 2 8 3 1 0 3 3 3 4 1
19 53271 1 3 3 1 0 0 0 2 6 5 1 0 0 3 5 2 0 0 2 2 0 0 0 0 0 0 1 3 3 1 2 6 7 3 3 8 3 1 0 2 3 3 4 1
19 53258 1 3 3 1 0 0 0 2 6 5 1 0 0 3 5 2 0 0 2 2 0 0 1 0 0 0 1 3 3 1 2 6 7 3 3 6 2 3 0 2 4 3 3 1
19 53157 1 3 3 1 0 0 0 2 6 5 1 0 0 3 5 3 0 0 1 2 0 0 0 0 0 0 1 3 2 0 2 7 9 3 2 8 3 1 0 2 3 3 4 1
19 54782 1 3 3 1 0 0 0 2 6 5 1 0 0 3 5 3 0 0 1 2 0 0 1 0 0 0 1 3 2 0 2 7 9 3 1 6 2 3 0 3 4 3 3 1
19 53145 1 3 3 1 0 0 0 2 6 5 1 0 0 3 5 3 0 0 1 2 0 0 1 0 0 0 1 3 2 0 2 7 9 3 2 6 2 3 0 2 4 3 3 1
19 35792 1 3 3 1 0 0 0 2 6 5 1 0 0 3 6 3 0 0 2 3 1 0 1 1 0 0 1 3 3 1 1 4 6 3 2 4 1 2 1 3 4 4 4 1
19 35768 1 3 3 1 0 0 0 2 6 5 1 0 0 3 6 3 1 0 2 2 1 0 0 0 0 0 1 3 3 1 1 4 5 3 3 6 3 1 1 3 3 4 4 1
19 28726 1 3 3 1 0 0 0 2 6 5 2 0 0 2 4 3 0 0 1 2 1 0 0 0 0 0 2 3 2 0 2 6 8 1 2 7 2 2 1 3 5 3 4 1
19 28702 1 3 3 1 0 0 0 2 6 5 2 0 0 2 4 3 1 0 1 1 0 0 0 0 0 0 2 3 2 0 2 6 7 2 3 8 2 2 1 3 4 3 4 1
19 31369 1 3 3 1 0 0 0 2 6 5 2 0 0 2 4 4 1 0 0 1 1 0 0 0 0 0 2 3 1 0 2 7 7 2 2 6 2 2 1 4 4 4 4 1
19 45467 1 3 3 1 0 0 0 2 6 5 2 0 0 2 5 4 1 0 1 2 1 0 0 0 0 0 2 2 2 0 2 6 8 3 1 7 3 2 0 3 3 3 3 1
19 70722 1 3 3 1 0 0 0 2 6 5 2 0 0 2 5 5 2 0 0 1 1 0 0 0 0 0 2 2 1 0 2 7 7 3 3 7 3 2 0 2 3 3 3 1
19 35675 1 3 3 1 0 0 0 2 6 5 2 0 0 3 5 4 0 0 1 3 1 0 1 1 0 0 1 2 2 0 2 5 8 2 1 5 1 2 1 3 5 3 4 1
19 35651 1 3 3 1 0 0 0 2 6 5 2 0 0 3 5 4 1 0 1 2 1 0 0 0 0 0 1 2 2 0 2 5 7 2 2 7 3 1 1 3 4 3 4 1
19 37392 1 3 3 1 0 0 0 2 6 5 2 0 0 3 5 4 1 0 1 2 1 0 1 1 0 0 1 2 2 0 2 5 7 3 1 4 1 2 1 4 4 4 4 1
19 52212 1 3 3 1 0 0 0 2 6 5 2 0 0 3 6 4 1 0 2 3 2 0 0 0 0 0 1 2 3 1 1 4 6 3 1 6 4 1 0 3 3 3 3 1
19 62129 1 3 3 1 0 0 0 2 6 5 2 0 0 3 6 5 1 0 1 3 1 0 1 1 0 0 1 2 2 0 1 5 8 4 0 5 2 2 0 3 3 3 3 1
19 70738 1 3 3 1 0 0 0 2 6 5 2 0 0 3 6 5 2 0 1 2 1 0 1 1 0 0 1 2 2 0 1 5 7 4 2 5 2 2 0 2 3 3 3 1
19 70727 1 3 3 1 0 0 0 2 6 5 2 0 0 3 6 5 2 0 1 2 2 0 0 0 0 0 1 2 2 0 1 5 7 3 2 6 4 1 0 2 3 3 3 1
19 31345 1 3 3 1 0 0 0 2 6 5 2 1 0 2 4 2 1 0 1 1 0 0 0 0 0 0 2 3 1 1 2 7 5 3 3 7 2 2 1 4 3 4 4 1
19 47395 1 3 3 1 0 0 0 2 6 5 2 1 0 2 5 3 1 0 1 2 1 0 0 0 0 0 2 2 1 1 2 7 6 3 3 7 3 2 0 2 3 3 3 1
19 37368 1 3 3 1 0 0 0 2 6 5 2 1 0 3 5 2 1 0 2 2 1 0 0 0 0 0 1 2 2 1 2 5 5 3 2 6 3 1 1 4 3 4 4 1
19 62996 1 3 3 1 0 0 0 2 6 5 2 1 0 3 6 3 1 0 2 3 1 0 1 1 0 0 1 2 2 1 1 5 6 4 2 5 2 2 0 2 3 3 3 1
19 53739 1 3 3 1 0 0 0 2 6 5 2 1 0 3 6 3 1 0 2 3 2 0 0 0 0 0 1 2 2 1 1 5 6 3 2 6 4 1 0 2 3 3 3 1
19 45491 1 3 3 1 0 0 0 2 6 6 2 0 0 1 4 4 1 0 1 2 1 0 0 0 0 0 2 3 2 0 2 6 8 3 1 7 3 2 0 3 3 3 3 1
19 47419 1 3 3 1 0 0 0 2 6 6 2 0 0 1 4 5 2 0 0 1 1 0 0 0 0 0 2 3 1 0 2 7 7 3 3 7 3 2 0 2 3 3 3 1
19 28856 1 3 3 1 0 0 0 2 6 6 2 0 0 1 5 5 1 0 0 2 1 0 0 0 0 0 2 3 1 0 1 6 7 3 2 6 3 1 1 3 3 4 4 1
19 46427 1 3 3 1 0 0 0 2 6 6 2 0 0 2 5 4 1 0 1 2 1 0 0 0 0 0 1 3 2 0 1 6 8 3 2 7 3 2 0 2 3 3 3 1
19 52236 1 3 3 1 0 0 0 2 6 6 2 0 0 2 5 4 1 0 2 3 1 0 1 1 0 0 1 3 3 1 1 4 6 4 1 5 2 2 0 3 3 3 3 1
19 62141 1 3 3 1 0 0 0 2 6 6 2 0 0 2 5 5 1 0 1 3 2 0 0 0 0 0 1 3 2 0 1 5 8 3 0 6 4 1 0 3 3 3 3 1
19 49042 1 3 3 1 0 0 0 2 6 6 2 0 0 2 5 5 2 0 0 1 1 0 0 0 0 0 1 3 1 0 1 7 7 3 2 7 3 2 0 3 3 3 3 1
19 53763 1 3 3 1 0 0 0 2 6 6 2 0 0 2 5 5 2 0 1 2 1 0 1 1 0 0 1 3 2 0 1 5 7 4 2 5 2 2 0 2 3 3 3 1
19 63008 1 3 3 1 0 0 0 2 6 6 2 0 0 2 5 5 2 0 1 2 2 0 0 0 0 0 1 3 2 0 1 5 7 3 2 6 4 1 0 2 3 3 3 1
19 52942 1 3 3 1 0 0 0 2 6 6 2 0 0 2 6 4 1 0 2 3 1 0 1 1 0 0 1 3 3 1 0 4 6 4 2 5 2 2 0 2 3 3 3 1
19 52918 1 3 3 1 0 0 0 2 6 6 2 0 0 2 6 4 1 0 2 3 2 0 0 0 0 0 1 3 3 1 0 4 6 3 2 6 4 1 0 2 3 3 3 1
19 52828 1 3 3 1 0 0 0 2 6 6 2 0 0 2 6 5 1 0 1 3 1 0 1 1 0 0 1 3 2 0 0 5 8 4 1 5 2 2 0 2 3 3 3 1
19 52804 1 3 3 1 0 0 0 2 6 6 2 0 0 2 6 5 1 0 1 3 2 0 0 0 0 0 1 3 2 0 0 5 8 3 1 6 4 1 0 2 3 3 3 1
19 35804 1 3 3 1 0 0 0 2 6 6 2 0 0 2 6 5 1 0 1 3 2 0 0 1 0 0 1 2 2 1 1 4 5 3 2 5 2 1 1 3 3 4 4 1
19 64045 1 3 3 1 0 0 0 2 6 6 2 0 0 2 6 5 2 0 1 2 2 0 0 0 0 0 1 3 2 0 0 5 7 3 1 6 4 1 0 3 3 3 3 1
19 53308 1 3 3 1 0 0 0 2 6 6 2 0 0 3 6 4 1 0 2 3 1 0 1 1 0 0 0 2 3 1 1 4 6 4 2 5 2 2 0 2 3 3 3 1
19 53284 1 3 3 1 0 0 0 2 6 6 2 0 0 3 6 4 1 0 2 3 2 0 0 0 0 0 0 2 3 1 1 4 6 3 2 6 4 1 0 2 3 3 3 1
19 53194 1 3 3 1 0 0 0 2 6 6 2 0 0 3 6 5 1 0 1 3 1 0 1 1 0 0 0 2 2 0 1 5 8 4 1 5 2 2 0 2 3 3 3 1
19 53170 1 3 3 1 0 0 0 2 6 6 2 0 0 3 6 5 1 0 1 3 2 0 0 0 0 0 0 2 2 0 1 5 8 3 1 6 4 1 0 2 3 3 3 1
19 54831 1 3 3 1 0 0 0 2 6 6 2 0 0 3 6 5 2 0 1 2 1 0 1 1 0 0 0 2 2 0 1 5 7 4 1 5 2 2 0 3 3 3 3 1
19 70820 1 3 3 1 0 0 0 2 6 6 2 1 0 1 4 3 1 0 1 2 1 0 0 0 0 0 2 3 1 1 2 7 6 3 3 7 3 2 0 2 3 3 3 1
19 49018 1 3 3 1 0 0 0 2 6 6 2 1 0 2 5 3 1 0 1 2 1 0 0 0 0 0 1 3 1 1 1 7 6 3 2 7 3 2 0 3 3 3 3 1
19 70836 1 3 3 1 0 0 0 2 6 6 2 1 0 2 5 3 1 0 2 3 1 0 1 1 0 0 1 3 2 1 1 5 6 4 2 5 2 2 0 2 3 3 3 1
19 70825 1 3 3 1 0 0 0 2 6 6 2 1 0 2 5 3 1 0 2 3 2 0 0 0 0 0 1 3 2 1 1 5 6 3 2 6 4 1 0 2 3 3 3 1
19 64033 1 3 3 1 0 0 0 2 6 6 2 1 0 2 6 3 1 0 2 3 1 0 1 1 0 0 1 3 2 1 0 5 6 4 1 5 2 2 0 3 3 3 3 1
19 54807 1 3 3 1 0 0 0 2 6 6 2 1 0 3 6 3 1 0 2 3 2 0 0 0 0 0 0 2 2 1 1 5 6 3 1 6 4 1 0 3 3 3 3 1
19 28738 1 3 3 1 0 0 0 2 6 6 3 0 0 1 4 5 1 0 0 2 1 0 0 0 0 0 2 2 1 0 2 6 7 2 2 7 3 1 1 3 4 3 4 1
19 45503 1 3 3 1 0 0 0 2 6 6 3 0 0 1 4 6 2 0 0 2 2 0 0 0 0 0 2 2 1 0 2 6 7 3 1 6 4 1 0 3 3 3 3 1
19 35687 1 3 3 1 0 0 0 2 6 6 3 0 0 2 5 6 1 0 0 3 2 0 0 1 0 0 1 1 1 0 2 5 7 2 1 6 2 1 1 3 4 3 4 1
19 52248 1 3 3 1 0 0 0 2 6 6 3 0 0 2 5 6 2 0 1 3 3 0 0 1 0 0 1 2 2 1 1 4 5 3 1 5 3 1 0 3 3 3 3 1
19 62153 1 3 3 1 0 0 0 2 6 6 3 0 0 2 5 7 2 0 0 3 3 0 0 1 0 0 1 2 1 0 1 5 7 3 0 5 3 1 0 3 3 3 3 1
19 70749 1 3 3 1 0 0 0 2 6 6 3 0 0 3 7 7 3 0 1 3 4 1 0 0 0 0 0 1 2 0 0 3 6 3 1 4 3 1 0 2 3 3 3 1
19 31381 1 3 3 1 0 0 0 2 6 6 3 1 0 1 4 4 2 0 0 1 1 0 0 0 0 0 2 2 0 0 2 7 6 3 2 6 3 1 1 4 3 4 4 1
19 47431 1 3 3 1 0 0 0 2 6 6 3 1 0 1 4 5 3 0 0 1 2 0 0 0 0 0 2 2 0 0 2 7 6 3 3 6 4 1 0 2 3 3 3 1
19 37404 1 3 3 1 0 0 0 2 6 6 3 1 0 2 5 4 2 0 1 2 2 0 0 1 0 0 1 1 1 0 2 5 6 3 1 5 2 1 1 4 3 4 4 1
19 53775 1 3 3 1 0 0 0 2 6 6 3 1 0 2 5 5 3 0 1 2 3 0 0 1 0 0 1 2 1 0 1 5 6 3 2 5 3 1 0 2 3 3 3 1
19 77796 1 3 3 1 0 0 0 2 6 6 3 1 0 3 7 5 2 0 2 4 4 1 0 0 0 0 0 1 2 1 0 3 5 3 0 4 3 1 0 3 3 3 3 1
19 70711 1 3 3 1 0 0 0 2 6 6 3 1 0 3 7 5 2 0 2 4 4 1 0 0 0 0 0 1 2 1 0 3 5 3 1 4 3 1 0 2 3 3 3 1
19 46461 1 3 3 1 0 0 0 2 6 7 3 0 0 1 5 6 2 0 0 2 2 0 0 0 0 0 1 2 1 0 1 6 7 3 2 6 4 1 0 2 3 3 3 1
19 52954 1 3 3 1 0 0 0 2 6 7 3 0 0 1 6 6 2 0 1 3 3 0 0 1 0 0 1 2 2 1 0 4 5 3 2 5 3 1 0 2 3 3 3 1
19 52840 1 3 3 1 0 0 0 2 6 7 3 0 0 1 6 7 2 0 0 3 3 0 0 1 0 0 1 2 1 0 0 5 7 3 1 5 3 1 0 2 3 3 3 1
19 53320 1 3 3 1 0 0 0 2 6 7 3 0 0 2 6 6 2 0 1 3 3 0 0 1 0 0 0 1 2 1 1 4 5 3 2 5 3 1 0 2 3 3 3 1
19 53206 1 3 3 1 0 0 0 2 6 7 3 0 0 2 6 7 2 0 0 3 3 0 0 1 0 0 0 1 1 0 1 5 7 3 1 5 3 1 0 2 3 3 3 1
19 70522 1 3 3 1 0 0 0 2 6 7 3 0 0 2 6 7 3 0 1 3 4 1 0 0 0 0 0 2 2 0 0 3 6 3 0 4 3 1 0 3 3 3 3 1
19 70885 1 3 3 1 0 0 0 2 6 7 3 0 0 2 6 7 3 0 1 3 4 1 0 0 0 0 0 2 2 0 0 3 6 3 1 4 3 1 0 2 3 3 3 1
19 49054 1 3 3 1 0 0 0 2 6 7 3 1 0 1 5 5 3 0 0 1 2 0 0 0 0 0 1 2 0 0 1 7 6 3 2 6 4 1 0 3 3 3 3 1
19 64057 1 3 3 1 0 0 0 2 6 7 3 1 0 1 6 5 3 0 1 2 3 0 0 1 0 0 1 2 1 0 0 5 6 3 1 5 3 1 0 3 3 3 3 1
19 70847 1 3 3 1 0 0 0 2 6 7 3 1 0 2 6 5 2 0 2 4 4 1 0 0 0 0 0 2 2 1 0 3 5 3 1 4 3 1 0 2 3 3 3 1
19 54843 1 3 3 1 0 0 0 2 6 7 3 1 0 2 6 5 3 0 1 2 3 0 0 1 0 0 0 1 1 0 1 5 6 3 1 5 3 1 0 3 3 3 3 1
19 25421 1 3 3 2 0 0 0 2 3 4 0 0 0 0 2 0 0 0 0 0 0 0 0 0 0 2 5 6 2 0 3 9 6 0 3 6 0 2 2 6 6 5 6 1
19 30870 1 3 3 2 0 0 0 2 3 4 0 0 0 0 2 0 0 0 0 0 0 0 0 0 0 2 5 6 2 0 3 10 6 2 4 4 2 0 1 5 4 7 5 2
19 25427 1 3 3 2 0 0 0 2 3 4 0 0 0 0 3 0 0 0 1 0 0 0 0 0 0 2 5 6 3 0 2 7 7 0 3 7 0 3 2 5 6 4 5 1
19 37076 1 3 3 2 0 0 0 2 3 4 0 0 0 0 3 0 0 0 1 0 0 0 0 0 0 2 5 6 3 1 2 8 5 3 5 4 2 1 1 4 3 7 4 2
19 25441 1 3 3 2 0 0 0 2 3 4 0 0 0 1 3 0 0 0 1 0 0 0 0 0 0 2 4 5 3 0 3 7 7 0 3 7 0 3 2 5 6 4 5 1
19 30890 1 3 3 2 0 0 0 2 3 4 0 0 0 1 3 0 0 0 1 0 0 0 0 0 0 2 4 6 3 1 2 8 5 3 5 4 2 1 1 4 3 7 4 2
19 37095 1 3 3 2 0 0 0 2 3 4 0 0 0 1 4 0 0 0 2 0 0 0 0 0 0 2 4 6 4 2 1 6 4 4 6 4 3 0 1 3 2 7 4 2
19 25455 1 3 3 2 0 0 0 2 3 4 1 0 0 1 4 2 0 0 1 1 0 0 0 0 0 2 4 4 3 0 2 5 8 1 2 8 1 3 2 4 5 3 4 1
19 25479 1 3 3 2 0 0 0 2 3 5 1 0 0 0 3 2 0 0 1 1 0 0 0 0 0 2 4 5 3 0 2 5 8 1 2 8 1 3 2 4 5 3 4 1
19 25491 1 3 3 2 0 0 0 2 3 5 2 0 0 0 3 4 0 0 0 2 0 0 0 0 0 2 4 4 2 0 2 5 8 2 1 8 2 2 2 4 4 3 4 1
19 27114 1 3 3 2 0 0 0 2 4 5 1 0 0 0 2 1 0 0 0 0 0 0 0 0 0 1 4 5 2 0 3 9 8 1 3 7 1 2 1 4 5 4 5 1
19 48553 1 3 3 2 0 0 0 2 4 5 1 0 0 0 2 1 0 0 0 0 0 0 0 0 0 1 4 5 2 0 3 9 8 2 4 6 2 0 1 3 4 5 6 1
19 30872 1 3 3 2 0 0 0 2 4 5 1 0 0 0 2 1 0 0 0 0 0 0 0 0 0 1 4 5 2 0 3 10 8 2 4 6 2 0 0 3 4 5 6 1
19 44363 1 3 3 2 0 0 0 2 4 5 1 0 0 0 3 1 0 0 1 0 0 0 0 0 0 1 4 5 3 0 2 7 9 2 3 7 1 3 1 3 4 4 4 1
19 54525 1 3 3 2 0 0 0 2 4 5 1 0 0 0 3 1 0 0 1 0 0 0 0 0 0 1 4 5 3 1 2 7 7 3 5 6 2 1 1 2 3 5 5 1
19 27120 1 3 3 2 0 0 0 2 4 5 1 0 0 0 3 1 0 0 1 1 0 0 0 0 0 1 4 5 3 0 2 7 8 1 2 8 1 3 1 4 5 3 4 1
19 37077 1 3 3 2 0 0 0 2 4 5 1 0 0 0 3 1 0 0 1 1 0 0 0 0 0 1 4 5 3 1 2 8 6 3 4 6 2 1 0 3 3 5 5 1
19 27134 1 3 3 2 0 0 0 2 4 5 1 0 0 1 3 1 0 0 1 0 0 0 0 0 0 1 3 4 3 0 3 7 9 2 3 7 1 3 1 3 4 4 4 1
19 30892 1 3 3 2 0 0 0 2 4 5 1 0 0 1 3 1 0 0 1 0 0 0 0 0 0 1 3 5 3 1 2 8 7 3 5 6 2 1 0 2 3 5 5 1
19 44376 1 3 3 2 0 0 0 2 4 5 1 0 0 1 3 1 0 0 1 1 0 0 0 0 0 1 3 4 3 0 3 7 8 1 2 8 1 3 1 4 5 3 4 1
19 48572 1 3 3 2 0 0 0 2 4 5 1 0 0 1 3 1 0 0 1 1 0 0 0 0 0 1 3 5 3 1 2 7 6 3 4 6 2 1 1 3 3 5 5 1
19 63722 1 3 3 2 0 0 0 2 4 5 1 0 0 1 3 2 0 0 0 1 0 0 0 0 0 1 3 4 2 0 3 8 8 2 3 7 2 1 1 3 4 4 5 1
19 30878 1 3 3 2 0 0 0 2 4 5 1 0 0 1 3 2 0 0 0 1 0 0 0 0 0 1 3 5 2 0 2 9 8 2 3 7 2 1 0 3 4 4 5 1
19 34617 1 3 3 2 0 0 0 2 4 5 1 0 0 1 3 2 0 0 0 1 0 0 0 0 0 1 3 5 2 1 2 8 6 2 3 7 1 3 1 4 4 4 4 1
19 54543 1 3 3 2 0 0 0 2 4 5 1 0 0 1 4 1 0 0 2 1 0 0 0 0 0 1 3 5 4 2 1 5 5 4 5 6 3 0 1 2 2 5 5 1
19 37097 1 3 3 2 0 0 0 2 4 5 1 0 0 1 4 1 0 0 2 1 0 0 0 0 0 1 3 5 4 2 1 6 5 4 5 6 3 0 0 2 2 5 5 1
19 61424 1 3 3 2 0 0 0 2 4 5 1 0 0 1 4 2 0 0 1 1 0 0 0 0 0 1 3 5 3 1 1 6 7 3 3 7 2 2 1 3 3 4 4 1
19 34623 1 3 3 2 0 0 0 2 4 5 1 0 0 1 4 2 0 0 1 2 0 0 1 0 0 1 3 5 3 1 1 6 6 2 2 6 1 4 1 4 5 3 3 1
19 37083 1 3 3 2 0 0 0 2 4 5 1 0 0 1 4 2 0 0 1 2 0 0 1 0 0 1 3 5 3 1 1 7 6 3 3 5 2 2 0 3 4 4 4 1
19 34637 1 3 3 2 0 0 0 2 4 5 1 0 0 2 4 2 0 0 1 1 0 0 0 0 0 1 2 4 3 1 2 6 7 3 3 7 2 2 1 3 3 4 4 1
19 61436 1 3 3 2 0 0 0 2 4 5 1 0 0 2 4 2 0 0 1 2 0 0 1 0 0 1 2 4 3 1 2 6 6 2 2 6 1 4 1 4 5 3 3 1
19 63740 1 3 3 2 0 0 0 2 4 5 1 0 0 2 4 2 0 0 1 2 0 0 1 0 0 1 2 4 3 1 2 6 6 3 3 5 2 2 1 3 4 4 4 1
19 44389 1 3 3 2 0 0 0 2 4 5 2 0 0 1 4 3 0 0 1 2 1 0 0 0 0 1 3 3 3 0 2 5 9 2 1 7 2 3 1 3 4 3 3 1
19 27148 1 3 3 2 0 0 0 2 4 5 2 0 0 1 4 3 1 0 1 1 0 0 0 0 0 1 3 3 3 0 2 5 8 3 2 8 2 3 1 3 3 3 3 1
19 71253 1 3 3 2 0 0 0 2 4 5 2 0 0 1 4 4 1 0 0 1 1 0 0 0 0 1 3 3 2 0 2 6 8 3 3 6 3 1 1 2 3 4 4 1
19 61448 1 3 3 2 0 0 0 2 4 5 2 0 0 2 5 4 0 0 1 3 1 0 1 1 0 1 2 3 3 1 1 4 7 3 1 5 1 3 1 3 4 3 3 1
19 34651 1 3 3 2 0 0 0 2 4 5 2 0 0 2 5 4 1 0 1 2 1 0 0 0 0 1 2 3 3 1 1 4 6 3 2 7 3 2 1 3 3 3 3 1
19 71269 1 3 3 2 0 0 0 2 4 5 2 0 0 2 5 4 1 0 1 2 1 0 1 1 0 1 2 3 3 1 1 4 6 4 3 4 2 1 1 2 3 4 4 1
19 27172 1 3 3 2 0 0 0 2 4 6 2 0 0 0 3 3 0 0 1 2 1 0 0 0 0 1 3 4 3 0 2 5 9 2 1 7 2 3 1 3 4 3 3 1
19 44413 1 3 3 2 0 0 0 2 4 6 2 0 0 0 3 3 1 0 1 1 0 0 0 0 0 1 3 4 3 0 2 5 8 3 2 8 2 3 1 3 3 3 3 1
19 34675 1 3 3 2 0 0 0 2 4 6 2 0 0 1 4 4 0 0 1 3 1 0 1 1 0 1 2 4 3 1 1 4 7 3 1 5 1 3 1 3 4 3 3 1
19 30930 1 3 3 2 0 0 0 2 4 6 2 0 0 1 4 4 1 0 0 1 1 0 0 0 0 1 2 4 2 0 1 7 8 3 3 6 3 1 0 2 3 4 4 1
19 61460 1 3 3 2 0 0 0 2 4 6 2 0 0 1 4 4 1 0 1 2 1 0 0 0 0 1 2 4 3 1 1 4 6 3 2 7 3 2 1 3 3 3 3 1
19 37135 1 3 3 2 0 0 0 2 4 6 2 0 0 1 5 4 1 0 1 2 1 0 1 1 0 1 2 4 3 1 0 5 6 4 3 4 2 1 0 2 3 4 4 1
19 78278 1 3 3 2 0 0 0 2 4 6 2 1 0 0 3 2 1 0 1 1 0 0 0 0 0 1 3 4 2 1 2 6 6 4 4 7 3 1 1 2 2 4 4 1
19 30906 1 3 3 2 0 0 0 2 4 6 2 1 0 1 4 2 1 0 1 1 0 0 0 0 0 1 2 4 2 1 1 7 6 4 4 7 3 1 0 2 2 4 4 1
19 78294 1 3 3 2 0 0 0 2 4 6 2 1 0 1 4 2 1 0 2 2 1 0 0 0 0 1 2 4 3 2 1 4 4 4 4 6 4 0 1 2 2 4 4 1
19 37111 1 3 3 2 0 0 0 2 4 6 2 1 0 1 5 2 1 0 2 2 1 0 0 0 0 1 2 4 3 2 0 5 4 4 4 6 4 0 0 2 2 4 4 1
19 27184 1 3 3 2 0 0 0 2 4 6 3 0 0 0 3 5 1 0 0 2 1 0 0 0 0 1 3 3 2 0 2 5 8 3 1 7 3 2 1 3 3 3 3 1
19 34687 1 3 3 2 0 0 0 2 4 6 3 0 0 1 4 6 1 0 0 3 2 0 0 1 0 1 2 3 2 1 1 4 6 3 1 6 2 2 1 3 3 3 3 1
19 80645 1 3 3 2 0 0 0 2 4 6 3 1 0 0 3 4 2 0 0 1 1 0 0 0 0 1 3 3 1 0 2 6 7 4 3 6 4 0 1 2 2 4 4 1
19 80661 1 3 3 2 0 0 0 2 4 6 3 1 0 1 4 4 2 0 1 2 2 0 0 1 0 1 2 3 2 1 1 4 5 4 3 5 3 0 1 2 2 4 4 1
19 30942 1 3 3 2 0 0 0 2 4 7 3 1 0 0 4 4 2 0 0 1 1 0 0 0 0 1 2 3 1 0 1 7 7 4 3 6 4 0 0 2 2 4 4 1
19 37147 1 3 3 2 0 0 0 2 4 7 3 1 0 0 5 4 2 0 1 2 2 0 0 1 0 1 2 3 2 1 0 5 5 4 3 5 3 0 0 2 2 4 4 1
19 45437 1 3 3 2 0 0 0 2 5 6 2 0 0 0 2 2 0 0 0 0 0 0 0 0 0 0 3 4 2 0 3 9 10 2 3 8 2 2 0 2 4 3 4 1
19 48554 1 3 3 2 0 0 0 2 5 6 2 0 0 0 2 2 0 0 0 0 0 0 0 0 0 0 3 4 2 0 3 9 10 2 4 8 3 0 0 1 4 3 5 1
19 45443 1 3 3 2 0 0 0 2 5 6 2 0 0 0 3 2 0 0 1 1 0 0 0 0 0 0 3 4 3 0 2 7 10 3 2 8 2 3 0 2 3 3 3 1
19 54526 1 3 3 2 0 0 0 2 5 6 2 0 0 0 3 2 0 0 1 1 0 0 0 0 0 0 3 4 3 1 2 7 8 3 4 8 3 1 0 1 3 3 4 1
19 45456 1 3 3 2 0 0 0 2 5 6 2 0 0 1 3 2 0 0 1 1 0 0 0 0 0 0 2 3 3 0 3 7 10 3 2 8 2 3 0 2 3 3 3 1
19 48573 1 3 3 2 0 0 0 2 5 6 2 0 0 1 3 2 0 0 1 1 0 0 0 0 0 0 2 4 3 1 2 7 8 3 4 8 3 1 0 1 3 3 4 1
19 63723 1 3 3 2 0 0 0 2 5 6 2 0 0 1 3 3 0 0 0 1 0 0 0 0 0 0 2 3 2 0 3 8 10 3 3 8 3 1 0 1 3 3 4 1
19 48560 1 3 3 2 0 0 0 2 5 6 2 0 0 1 3 3 0 0 0 1 0 0 0 0 0 0 2 4 2 0 2 8 10 3 3 8 3 1 0 1 3 3 4 1
19 52182 1 3 3 2 0 0 0 2 5 6 2 0 0 1 3 3 0 0 0 1 0 0 0 0 0 0 2 4 2 1 2 8 8 3 3 8 2 3 0 2 3 3 3 1
19 54544 1 3 3 2 0 0 0 2 5 6 2 0 0 1 4 2 0 0 2 2 0 0 0 0 0 0 2 4 4 2 1 5 6 4 4 8 4 0 0 1 2 3 4 1
19 62107 1 3 3 2 0 0 0 2 5 6 2 0 0 1 4 3 0 0 1 2 0 0 0 0 0 0 2 4 3 1 1 6 8 4 2 8 3 2 0 2 2 3 3 1
19 52188 1 3 3 2 0 0 0 2 5 6 2 0 0 1 4 3 0 0 1 2 0 0 1 0 0 0 2 4 3 1 1 6 8 4 2 6 2 4 0 2 3 3 2 1
19 54531 1 3 3 2 0 0 0 2 5 6 2 0 0 1 4 3 0 0 1 2 0 0 1 0 0 0 2 4 3 1 1 6 8 4 3 6 3 2 0 1 3 3 3 1
19 52201 1 3 3 2 0 0 0 2 5 6 2 0 0 2 4 3 0 0 1 2 0 0 0 0 0 0 1 3 3 1 2 6 8 4 2 8 3 2 0 2 2 3 3 1
19 62119 1 3 3 2 0 0 0 2 5 6 2 0 0 2 4 3 0 0 1 2 0 0 1 0 0 0 1 3 3 1 2 6 8 4 2 6 2 4 0 2 3 3 2 1
19 63741 1 3 3 2 0 0 0 2 5 6 2 0 0 2 4 3 0 0 1 2 0 0 1 0 0 0 1 3 3 1 2 6 8 4 3 6 3 2 0 1 3 3 3 1
19 63728 1 3 3 2 0 0 0 2 5 6 2 0 0 2 4 4 0 0 0 2 0 0 0 0 0 0 1 3 2 0 2 7 10 4 2 8 4 0 0 1 2 3 4 1
19 45469 1 3 3 2 0 0 0 2 5 6 3 0 0 1 4 4 1 0 1 2 1 0 0 0 0 0 2 2 3 0 2 5 9 4 1 7 3 3 0 2 2 3 2 1
19 71254 1 3 3 2 0 0 0 2 5 6 3 0 0 1 4 5 2 0 0 1 1 0 0 0 0 0 2 2 2 0 2 6 8 4 3 7 4 1 0 1 2 3 3 1
19 62131 1 3 3 2 0 0 0 2 5 6 3 0 0 2 5 5 1 0 1 3 1 0 1 1 0 0 1 2 3 1 1 4 7 5 1 5 2 3 0 2 2 3 2 1
19 52214 1 3 3 2 0 0 0 2 5 6 3 0 0 2 5 5 1 0 1 3 2 0 0 0 0 0 1 2 3 1 1 4 7 4 1 6 4 2 0 2 2 3 2 1
19 71270 1 3 3 2 0 0 0 2 5 6 3 0 0 2 5 5 2 0 1 2 1 0 1 1 0 0 1 2 3 1 1 4 6 5 3 5 3 1 0 1 2 3 3 1
19 71259 1 3 3 2 0 0 0 2 5 6 3 0 0 2 5 6 2 0 0 2 2 0 0 0 0 0 1 2 2 0 1 5 8 4 2 6 5 0 0 1 2 3 3 1
19 45493 1 3 3 2 0 0 0 2 5 7 3 0 0 0 3 4 1 0 1 2 1 0 0 0 0 0 2 3 3 0 2 5 9 4 1 7 3 3 0 2 2 3 2 1
19 52238 1 3 3 2 0 0 0 2 5 7 3 0 0 1 4 5 1 0 1 3 1 0 1 1 0 0 1 3 3 1 1 4 7 5 1 5 2 3 0 2 2 3 2 1
19 62143 1 3 3 2 0 0 0 2 5 7 3 0 0 1 4 5 1 0 1 3 2 0 0 0 0 0 1 3 3 1 1 4 7 4 1 6 4 2 0 2 2 3 2 1
19 48610 1 3 3 2 0 0 0 2 5 7 3 0 0 1 4 5 2 0 0 1 1 0 0 0 0 0 1 3 2 0 1 6 8 4 3 7 4 1 0 1 2 3 3 1
19 54581 1 3 3 2 0 0 0 2 5 7 3 0 0 1 5 5 2 0 1 2 1 0 1 1 0 0 1 3 3 1 0 4 6 5 3 5 3 1 0 1 2 3 3 1
19 63764 1 3 3 2 0 0 0 2 5 7 3 0 0 2 5 6 2 0 0 2 2 0 0 0 0 0 0 2 2 0 1 5 8 4 2 6 5 0 0 1 2 3 3 1
19 78279 1 3 3 2 0 0 0 2 5 7 3 1 0 0 3 3 1 0 1 2 1 0 0 0 0 0 2 3 2 1 2 6 7 4 3 7 4 1 0 1 2 3 3 1
19 48586 1 3 3 2 0 0 0 2 5 7 3 1 0 1 4 3 1 0 1 2 1 0 0 0 0 0 1 3 2 1 1 6 7 4 3 7 4 1 0 1 2 3 3 1
19 78295 1 3 3 2 0 0 0 2 5 7 3 1 0 1 4 3 1 0 2 3 2 0 0 0 0 0 1 3 3 2 1 4 5 4 3 6 5 0 0 1 2 3 3 1
19 78284 1 3 3 2 0 0 0 2 5 7 3 1 0 1 4 4 1 0 1 3 1 0 1 1 0 0 1 3 2 1 1 5 7 5 2 5 3 1 0 1 2 3 3 1
19 70496 1 3 3 2 0 0 0 2 5 7 3 1 0 1 4 4 2 0 0 1 1 0 0 0 0 0 1 3 1 1 1 7 6 4 3 7 3 3 0 2 2 3 2 1
19 54557 1 3 3 2 0 0 0 2 5 7 3 1 0 1 5 3 1 0 2 3 2 0 0 0 0 0 1 3 3 2 0 4 5 4 3 6 5 0 0 1 2 3 3 1
19 77775 1 3 3 2 0 0 0 2 5 7 3 1 0 1 5 4 2 0 1 2 1 0 1 1 0 0 1 3 2 1 0 5 6 5 2 5 2 3 0 2 2 3 2 1
19 70501 1 3 3 2 0 0 0 2 5 7 3 1 0 1 5 4 2 0 1 2 2 0 0 0 0 0 1 3 2 1 0 5 6 4 2 6 4 2 0 2 2 3 2 1
19 63752 1 3 3 2 0 0 0 2 5 7 3 1 0 2 5 4 1 0 1 3 1 0 1 1 0 0 0 2 2 1 1 5 7 5 2 5 3 1 0 1 2 3 3 1
19 70512 1 3 3 2 0 0 0 2 5 7 3 1 0 2 5 4 2 0 1 2 1 0 1 1 0 0 0 2 2 1 1 5 6 5 2 5 2 3 0 2 2 3 2 1
19 77786 1 3 3 2 0 0 0 2 5 7 3 1 0 2 5 4 2 0 1 2 2 0 0 0 0 0 0 2 2 1 1 5 6 4 2 6 4 2 0 2 2 3 2 1
19 45505 1 3 3 2 0 0 0 2 5 7 4 0 0 0 3 6 2 0 0 2 2 0 0 0 0 0 2 2 2 0 2 5 8 4 1 6 4 2 0 2 2 3 2 1
19 52250 1 3 3 2 0 0 0 2 5 7 4 0 0 1 4 7 2 0 0 3 3 0 0 1 0 0 1 2 2 1 1 4 6 4 1 5 3 2 0 2 2 3 2 1
19 71281 1 3 3 2 0 0 0 2 5 7 4 0 0 2 6 8 4 0 0 2 4 1 0 0 0 0 0 1 2 0 0 3 6 4 2 4 4 0 0 1 2 3 3 1
19 80646 1 3 3 2 0 0 0 2 5 7 4 1 0 0 3 5 3 0 0 1 2 0 0 0 0 0 2 2 1 0 2 6 7 4 3 6 5 0 0 1 2 3 3 1
19 80662 1 3 3 2 0 0 0 2 5 7 4 1 0 1 4 5 3 0 1 2 3 0 0 1 0 0 1 2 2 1 1 4 5 4 3 5 4 0 0 1 2 3 3 1
19 80651 1 3 3 2 0 0 0 2 5 7 4 1 0 1 4 6 3 0 0 2 3 0 0 1 0 0 1 2 1 0 1 5 7 4 2 5 4 0 0 1 2 3 3 1
19 77798 1 3 3 2 0 0 0 2 5 7 4 1 0 2 6 6 3 0 1 3 4 1 0 0 0 0 0 1 2 1 0 3 5 4 1 4 3 2 0 2 2 3 2 1
19 48622 1 3 3 2 0 0 0 2 5 8 4 1 0 0 4 5 3 0 0 1 2 0 0 0 0 0 1 2 1 0 1 6 7 4 3 6 5 0 0 1 2 3 3 1
19 54593 1 3 3 2 0 0 0 2 5 8 4 1 0 0 5 5 3 0 1 2 3 0 0 1 0 0 1 2 2 1 0 4 5 4 3 5 4 0 0 1 2 3 3 1
19 63776 1 3 3 2 0 0 0 2 5 8 4 1 0 1 5 6 3 0 0 2 3 0 0 1 0 0 0 1 1 0 1 5 7 4 2 5 4 0 0 1 2 3 3 1
19 70524 1 3 3 2 0 0 0 2 5 8 4 1 0 1 5 6 3 0 1 3 4 1 0 0 0 0 0 2 2 1 0 3 5 4 1 4 3 2 0 2 2 3 2 1
19 80199 1 3 3 2 0 0 0 2 5 8 4 2 0 0 4 4 4 0 0 0 2 0 0 0 0 0 1 2 0 0 1 7 6 4 3 6 4 2 0 2 2 3 2 1
19 80204 1 3 3 2 0 0 0 2 5 8 4 2 0 0 5 4 4 0 1 1 3 0 0 1 0 0 1 2 1 0 0 5 6 4 2 5 3 2 0 2 2 3 2 1
19 78306 1 3 3 2 0 0 0 2 5 8 4 2 0 1 5 4 2 0 2 4 4 1 0 0 0 0 0 2 2 2 0 3 4 4 2 4 4 0 0 1 2 3 3 1
19 80215 1 3 3 2 0 0 0 2 5 8 4 2 0 1 5 4 4 0 1 1 3 0 0 1 0 0 0 1 1 0 1 5 6 4 2 5 3 2 0 2 2 3 2 1
19 29624 1 3 3 2 1 0 0 2 3 2 2 0 0 1 0 1 0 0 0 0 0 0 0 0 0 2 5 4 2 0 5 8 6 0 4 6 0 2 2 5 6 5 6 1
19 29630 1 3 3 2 1 0 0 2 3 2 2 0 0 1 1 2 0 0 0 1 0 0 0 0 0 2 5 4 2 0 4 7 6 0 3 7 0 3 2 5 6 4 5 1
19 30741 1 3 3 2 1 0 0 2 3 2 2 0 0 2 1 2 0 0 0 1 0 0 0 0 0 2 4 4 2 0 4 7 6 0 3 7 0 3 2 5 6 4 5 1
19 36209 1 3 3 2 1 0 0 2 3 2 2 0 0 2 2 3 0 0 0 2 0 0 1 0 0 2 4 4 2 0 3 6 6 0 2 6 0 4 2 5 7 3 4 1
19 25657 1 3 3 2 1 0 0 2 3 3 2 0 0 1 2 2 0 0 1 2 0 0 1 0 0 2 4 4 3 1 3 5 5 2 2 5 1 3 2 5 5 4 4 1
19 25465 1 3 3 2 1 0 0 2 3 3 2 0 0 1 3 2 0 0 2 2 0 0 1 0 0 2 4 4 4 1 2 3 6 2 2 6 1 4 2 4 5 3 3 1
19 25669 1 3 3 2 1 0 0 2 3 3 3 0 0 1 2 4 0 0 0 3 0 0 1 0 0 2 4 3 2 1 3 5 5 3 1 5 2 2 2 5 4 4 4 1
19 25501 1 3 3 2 1 0 0 2 3 4 3 0 0 0 2 4 0 0 1 3 0 0 1 0 0 2 4 4 3 1 2 3 6 3 1 6 2 3 2 4 4 3 3 1
19 29643 1 3 3 2 1 0 0 2 4 3 2 0 0 1 1 1 0 0 0 0 0 0 0 0 0 1 4 4 2 0 4 9 8 1 4 7 1 2 1 3 5 4 5 1
19 30754 1 3 3 2 1 0 0 2 4 3 2 0 0 1 1 1 0 0 0 0 0 0 0 0 0 1 4 4 2 0 4 10 8 1 4 7 1 2 0 3 5 4 5 1
19 29649 1 3 3 2 1 0 0 2 4 3 2 0 0 1 2 2 0 0 0 1 0 0 0 0 0 1 4 4 2 0 3 8 8 1 3 8 1 3 1 3 5 3 4 1
19 36961 1 3 3 2 1 0 0 2 4 3 2 0 0 1 2 2 0 0 0 1 0 0 0 0 0 1 4 4 2 0 3 9 8 2 3 7 1 3 0 3 4 4 4 1
19 29663 1 3 3 2 1 0 0 2 4 3 2 0 0 2 2 1 0 0 1 0 0 0 0 0 0 1 3 3 3 1 4 7 7 2 5 7 1 3 1 2 4 4 4 1
19 30774 1 3 3 2 1 0 0 2 4 3 2 0 0 2 2 1 0 0 1 0 0 0 0 0 0 1 3 4 3 1 3 8 7 2 5 7 1 3 0 2 4 4 4 1
19 36222 1 3 3 2 1 0 0 2 4 3 2 0 0 2 2 2 0 0 0 1 0 0 0 0 0 1 3 4 2 0 3 8 8 2 3 7 1 3 1 3 4 4 4 1
19 30760 1 3 3 2 1 0 0 2 4 3 2 0 0 2 2 2 0 0 0 1 0 0 0 0 0 1 3 4 2 0 3 9 8 1 3 8 1 3 0 3 5 3 4 1
19 36980 1 3 3 2 1 0 0 2 4 3 2 0 0 2 3 2 0 0 1 1 0 0 0 0 0 1 3 4 3 1 2 7 7 3 4 7 2 2 0 2 3 4 4 1
19 26458 1 3 3 2 1 0 0 2 4 3 2 0 0 2 3 2 0 0 2 2 0 0 1 0 0 1 3 4 3 1 2 5 5 2 3 5 1 3 1 4 5 4 4 1
19 36228 1 3 3 2 1 0 0 2 4 3 2 0 0 2 3 3 0 0 0 2 0 0 1 0 0 1 3 4 2 0 2 7 8 2 2 6 1 4 1 3 5 3 3 1
19 36967 1 3 3 2 1 0 0 2 4 3 2 0 0 2 3 3 0 0 0 2 0 0 1 0 0 1 3 4 2 0 2 8 8 2 2 6 1 4 0 3 5 3 3 1
19 36241 1 3 3 2 1 0 0 2 4 3 2 0 0 3 3 2 0 0 1 1 0 0 0 0 0 1 2 3 3 1 3 6 7 3 4 7 2 2 1 2 3 4 4 1
19 29677 1 3 3 2 1 0 0 2 4 3 3 1 0 2 3 2 1 0 1 1 0 0 0 0 0 1 3 2 2 1 3 6 6 3 4 8 2 3 1 2 3 3 3 1
19 36255 1 3 3 2 1 0 0 2 4 3 3 1 0 3 4 3 1 0 1 2 1 0 0 0 0 1 2 2 2 1 2 5 6 3 3 7 3 2 1 2 3 3 3 1
19 27350 1 3 3 2 1 0 0 2 4 4 2 0 0 1 3 3 0 0 1 3 1 0 1 1 0 1 3 4 3 1 2 5 6 3 1 4 1 2 1 4 4 4 4 1
19 28465 1 3 3 2 1 0 0 2 4 4 2 0 0 2 4 3 0 0 2 3 1 0 1 1 0 1 2 4 3 1 1 5 6 3 2 4 1 2 0 3 4 4 4 1
19 29701 1 3 3 2 1 0 0 2 4 4 3 0 0 1 2 4 1 0 0 1 1 0 0 0 0 1 3 3 2 0 3 6 8 2 3 7 2 3 1 2 4 3 3 1
19 44399 1 3 3 2 1 0 0 2 4 4 3 0 0 1 3 3 0 0 2 3 1 0 1 1 0 1 3 3 4 1 2 3 7 3 1 5 1 3 1 3 4 3 3 1
19 26492 1 3 3 2 1 0 0 2 4 4 3 0 0 1 3 4 0 0 1 3 0 0 1 0 0 1 3 3 2 1 2 5 5 3 2 5 2 2 1 4 4 4 4 1
19 73916 1 3 3 2 1 0 0 2 4 4 3 0 0 1 3 4 1 0 1 2 2 0 0 1 0 1 3 3 3 1 2 4 6 3 3 5 2 1 1 2 3 4 4 1
19 27362 1 3 3 2 1 0 0 2 4 4 3 0 0 1 3 5 1 0 0 3 1 0 1 1 0 1 3 3 2 1 2 5 5 4 1 4 2 1 1 4 3 4 4 1
19 30812 1 3 3 2 1 0 0 2 4 4 3 0 0 2 3 4 1 0 0 1 1 0 0 0 0 1 2 3 2 0 2 7 8 2 3 7 2 3 0 2 4 3 3 1
19 36279 1 3 3 2 1 0 0 2 4 4 3 0 0 2 3 5 1 0 0 2 1 0 1 1 0 1 2 3 2 0 2 5 8 3 2 5 1 3 1 2 4 3 3 1
19 37018 1 3 3 2 1 0 0 2 4 4 3 0 0 2 4 5 1 0 0 2 1 0 1 1 0 1 2 3 2 0 1 6 8 3 2 5 1 3 0 2 4 3 3 1
19 44588 1 3 3 2 1 0 0 2 4 4 3 1 0 1 2 2 1 0 1 2 0 0 1 0 0 1 3 3 2 1 3 6 5 3 2 6 2 3 1 4 4 3 3 1
19 27158 1 3 3 2 1 0 0 2 4 4 3 1 0 1 3 2 1 0 2 2 0 0 1 0 0 1 3 3 3 1 2 4 6 4 2 6 2 4 1 3 3 3 2 1
19 30788 1 3 3 2 1 0 0 2 4 4 3 1 0 2 3 2 1 0 1 1 0 0 0 0 0 1 2 3 2 1 2 7 6 3 4 8 2 3 0 2 3 3 3 1
19 28153 1 3 3 2 1 0 0 2 4 4 3 1 0 2 3 2 1 0 2 2 0 0 1 0 0 1 2 3 2 1 2 6 5 3 3 6 2 3 0 3 4 3 3 1
19 61572 1 3 3 2 1 0 0 2 4 4 3 1 0 2 3 3 2 0 1 2 1 0 1 0 0 1 2 3 2 0 2 5 6 3 1 5 3 2 1 4 4 3 3 1
19 36994 1 3 3 2 1 0 0 2 4 4 3 1 0 2 4 3 1 0 1 2 1 0 0 0 0 1 2 3 2 1 1 6 6 3 3 7 3 2 0 2 3 3 3 1
19 35285 1 3 3 2 1 0 0 2 4 4 3 1 0 2 4 3 2 0 2 2 1 0 1 0 0 1 2 3 2 0 1 5 6 3 2 5 3 2 0 3 4 3 3 1
19 34661 1 3 3 2 1 0 0 2 4 4 3 1 0 2 4 3 2 0 2 2 1 0 1 0 0 1 2 3 3 1 1 3 5 4 2 5 3 3 1 3 3 3 2 1
19 44600 1 3 3 2 1 0 0 2 4 4 4 1 0 1 2 4 1 0 0 3 1 0 1 0 0 1 3 2 1 1 3 6 5 3 1 5 3 2 1 4 4 3 3 1
19 29713 1 3 3 2 1 0 0 2 4 4 4 1 0 1 2 4 2 0 0 1 1 0 0 0 0 1 3 2 1 0 3 6 7 3 3 7 3 2 1 2 3 3 3 1
19 36291 1 3 3 2 1 0 0 2 4 4 4 1 0 2 3 5 2 0 0 2 2 0 0 1 0 1 2 2 1 0 2 5 7 3 2 6 2 2 1 2 3 3 3 1
19 61584 1 3 3 2 1 0 0 2 4 4 4 1 0 2 3 5 2 0 0 3 2 0 1 1 0 1 2 2 1 0 2 5 6 3 0 4 2 2 1 4 4 3 3 1
19 28477 1 3 3 2 1 0 0 2 4 5 3 0 0 1 4 5 1 0 1 3 1 0 1 1 0 1 2 3 2 1 1 5 5 4 2 4 2 1 0 3 3 4 4 1
19 44435 1 3 3 2 1 0 0 2 4 5 4 0 0 0 2 5 1 0 1 3 1 0 1 1 0 1 3 3 3 1 2 3 6 4 1 5 2 2 1 3 3 3 3 1
19 27194 1 3 3 2 1 0 0 2 4 5 4 1 0 0 2 4 1 0 1 3 1 0 1 0 0 1 3 3 2 1 2 4 6 4 1 5 3 3 1 3 3 3 2 1
19 82429 1 3 3 2 1 0 0 2 4 5 4 1 0 0 2 4 2 0 1 2 2 0 0 1 0 1 3 3 2 1 2 4 5 4 3 5 3 0 1 2 2 4 4 1
19 28189 1 3 3 2 1 0 0 2 4 5 4 1 0 1 3 4 1 0 1 3 1 0 1 0 0 1 2 2 1 1 2 6 5 3 2 5 3 2 0 3 4 3 3 1
19 30824 1 3 3 2 1 0 0 2 4 5 4 1 0 1 3 4 2 0 0 1 1 0 0 0 0 1 2 2 1 0 2 7 7 3 3 7 3 2 0 2 3 3 3 1
19 34697 1 3 3 2 1 0 0 2 4 5 4 1 0 1 3 5 2 0 1 3 2 0 1 1 0 1 2 3 2 1 1 3 5 4 1 4 2 3 1 3 3 3 2 1
19 37030 1 3 3 2 1 0 0 2 4 5 4 1 0 1 4 5 2 0 0 2 2 0 0 1 0 1 2 2 1 0 1 6 7 3 2 6 2 2 0 2 3 3 3 1
19 35321 1 3 3 2 1 0 0 2 4 5 4 1 0 1 4 5 2 0 1 3 2 0 1 1 0 1 2 2 1 0 1 5 6 3 1 4 2 2 0 3 4 3 3 1
19 47365 1 3 3 2 1 0 0 2 5 4 2 0 0 1 2 2 0 0 0 0 0 0 0 0 0 0 3 4 2 0 3 9 10 2 4 8 2 2 0 1 4 3 4 1
19 47371 1 3 3 2 1 0 0 2 5 4 2 0 0 1 3 3 0 0 0 1 0 0 0 0 0 0 3 4 2 0 2 8 10 3 3 8 2 3 0 1 3 3 3 1
19 47384 1 3 3 2 1 0 0 2 5 4 2 0 0 2 3 2 0 0 1 1 0 0 0 0 0 0 2 3 3 1 3 7 8 3 4 8 2 3 0 1 3 3 3 1
19 48458 1 3 3 2 1 0 0 2 5 4 2 0 0 2 3 2 0 0 1 1 0 0 0 0 0 0 2 4 3 1 2 7 8 3 4 8 2 3 0 1 3 3 3 1
19 48445 1 3 3 2 1 0 0 2 5 4 2 0 0 2 3 3 0 0 0 1 0 0 0 0 0 0 2 4 2 0 2 8 10 3 3 8 2 3 0 1 3 3 3 1
19 54430 1 3 3 2 1 0 0 2 5 4 2 0 0 2 4 3 0 0 1 2 0 0 0 0 0 0 2 4 3 1 1 6 8 4 3 8 3 2 0 1 2 3 3 1
19 29024 1 3 3 2 1 0 0 2 5 4 2 0 0 2 4 3 0 0 2 3 1 0 1 1 0 0 2 4 3 1 1 4 6 3 2 4 1 2 1 3 4 4 4 1
19 53716 1 3 3 2 1 0 0 2 5 4 2 0 0 2 4 4 0 0 0 2 0 0 1 0 0 0 2 4 2 0 1 7 10 4 2 6 2 4 0 1 3 3 2 1
19 62986 1 3 3 2 1 0 0 2 5 4 2 0 0 3 4 2 0 0 2 2 0 0 1 0 0 0 1 3 4 2 2 5 6 4 4 6 2 4 0 1 3 3 2 1
19 53728 1 3 3 2 1 0 0 2 5 4 2 0 0 3 4 3 0 0 1 2 0 0 0 0 0 0 1 3 3 1 2 6 8 4 3 8 3 2 0 1 2 3 3 1
19 28712 1 3 3 2 1 0 0 2 5 4 3 1 0 2 3 2 1 0 2 2 0 0 1 0 0 0 2 3 2 1 2 5 5 3 3 6 2 3 1 3 4 3 3 1
19 47397 1 3 3 2 1 0 0 2 5 4 3 1 0 2 4 3 1 0 1 2 1 0 0 0 0 0 2 2 2 1 2 6 7 4 3 7 3 3 0 1 2 3 2 1
19 35661 1 3 3 2 1 0 0 2 5 4 3 1 0 3 4 3 2 0 2 2 1 0 1 0 0 0 1 2 2 0 2 4 6 3 2 5 3 2 1 3 4 3 3 1
19 62998 1 3 3 2 1 0 0 2 5 4 3 1 0 3 5 3 1 0 2 3 1 0 1 1 0 0 1 2 3 2 1 4 5 5 3 5 2 3 0 1 2 3 2 1
19 53741 1 3 3 2 1 0 0 2 5 4 3 1 0 3 5 4 1 0 1 3 2 0 0 0 0 0 1 2 2 1 1 5 7 4 2 6 4 2 0 1 2 3 2 1
19 47421 1 3 3 2 1 0 0 2 5 5 3 0 0 1 3 5 2 0 0 1 1 0 0 0 0 0 2 3 2 0 2 6 8 4 3 7 3 3 0 1 2 3 2 1
19 29036 1 3 3 2 1 0 0 2 5 5 3 0 0 1 4 5 1 0 1 3 1 0 1 1 0 0 2 3 2 1 1 4 5 4 2 4 2 1 1 3 3 4 4 1
19 48495 1 3 3 2 1 0 0 2 5 5 3 0 0 2 4 5 2 0 0 1 1 0 0 0 0 0 1 3 2 0 1 6 8 4 3 7 3 3 0 1 2 3 2 1
19 63010 1 3 3 2 1 0 0 2 5 5 3 0 0 2 4 5 2 0 1 2 2 0 0 0 0 0 1 3 3 1 1 4 6 4 3 6 4 2 0 1 2 3 2 1
19 53765 1 3 3 2 1 0 0 2 5 5 3 0 0 2 4 6 2 0 0 2 1 0 1 1 0 0 1 3 2 0 1 5 8 5 2 5 2 3 0 1 2 3 2 1
19 54467 1 3 3 2 1 0 0 2 5 5 3 0 0 2 5 6 2 0 0 2 1 0 1 1 0 0 1 3 2 0 0 5 8 5 2 5 2 3 0 1 2 3 2 1
19 63688 1 3 3 2 1 0 0 2 5 5 3 0 0 3 5 5 2 0 1 2 2 0 0 0 0 0 0 2 3 1 1 4 6 4 3 6 4 2 0 1 2 3 2 1
19 45668 1 3 3 2 1 0 0 2 5 5 3 1 0 1 3 3 1 0 1 3 1 0 1 1 0 0 2 3 2 1 2 6 6 4 1 5 2 2 0 3 3 3 3 1
19 48471 1 3 3 2 1 0 0 2 5 5 3 1 0 2 4 3 1 0 1 2 1 0 0 0 0 0 1 3 2 1 1 6 7 4 3 7 3 3 0 1 2 3 2 1
19 46437 1 3 3 2 1 0 0 2 5 5 3 1 0 2 4 3 1 0 2 3 1 0 1 1 0 0 1 3 2 1 1 5 6 4 2 5 2 2 0 2 3 3 3 1
19 62255 1 3 3 2 1 0 0 2 5 5 3 1 0 2 4 4 2 0 1 3 2 0 1 1 0 0 1 3 2 0 1 5 7 4 0 4 3 1 0 3 3 3 3 1
19 54443 1 3 3 2 1 0 0 2 5 5 3 1 0 2 5 4 1 0 1 3 2 0 0 0 0 0 1 3 2 1 0 5 7 4 2 6 4 2 0 1 2 3 2 1
19 52814 1 3 3 2 1 0 0 2 5 5 3 1 0 2 5 4 2 0 2 3 2 0 1 1 0 0 1 3 2 0 0 4 7 4 1 4 3 1 0 2 3 3 3 1
19 63676 1 3 3 2 1 0 0 2 5 5 3 1 0 3 5 3 1 0 2 3 1 0 1 1 0 0 0 2 3 2 1 4 5 5 3 5 2 3 0 1 2 3 2 1
19 53180 1 3 3 2 1 0 0 2 5 5 3 1 0 3 5 4 2 0 2 3 2 0 1 1 0 0 0 2 2 0 1 4 7 4 1 4 3 1 0 2 3 3 3 1
19 45479 1 3 3 2 1 0 0 2 5 5 4 1 0 1 3 3 1 0 2 3 1 0 1 1 0 0 2 2 3 1 2 4 7 5 1 5 2 3 0 2 2 3 2 1
19 28748 1 3 3 2 1 0 0 2 5 5 4 1 0 1 3 4 1 0 1 3 1 0 1 0 0 0 2 2 1 1 2 5 5 3 2 5 3 2 1 3 4 3 3 1
19 73917 1 3 3 2 1 0 0 2 5 5 4 1 0 1 3 4 2 0 1 2 2 0 0 1 0 0 2 2 2 1 2 5 6 4 3 6 3 1 0 1 2 3 3 1
19 45680 1 3 3 2 1 0 0 2 5 5 4 1 0 1 3 5 2 0 0 3 2 0 1 1 0 0 2 2 1 1 2 6 5 4 1 4 3 1 0 3 3 3 3 1
19 47433 1 3 3 2 1 0 0 2 5 5 4 1 0 1 3 5 3 0 0 1 2 0 0 0 0 0 2 2 1 0 2 6 7 4 3 6 4 2 0 1 2 3 2 1
19 52224 1 3 3 2 1 0 0 2 5 5 4 1 0 2 4 4 2 0 2 3 2 0 1 1 0 0 1 2 3 1 1 3 6 5 1 4 3 2 0 2 2 3 2 1
19 35697 1 3 3 2 1 0 0 2 5 5 4 1 0 2 4 5 2 0 1 3 2 0 1 1 0 0 1 1 1 0 2 4 6 3 1 4 2 2 1 3 4 3 3 1
19 73922 1 3 3 2 1 0 0 2 5 5 4 1 0 2 4 5 3 0 1 2 3 0 0 1 0 0 1 2 2 0 1 4 7 4 2 5 4 0 0 1 2 3 3 1
19 63022 1 3 3 2 1 0 0 2 5 5 4 1 0 2 4 5 3 0 1 2 3 0 0 1 0 0 1 2 2 1 1 4 5 4 3 5 3 2 0 1 2 3 2 1
19 53777 1 3 3 2 1 0 0 2 5 5 4 1 0 2 4 6 3 0 0 2 3 0 0 1 0 0 1 2 1 0 1 5 7 4 2 5 3 2 0 1 2 3 2 1
19 62267 1 3 3 2 1 0 0 2 5 5 4 1 0 2 4 6 3 0 0 3 3 0 1 2 0 0 1 2 1 0 1 5 6 4 0 3 2 1 0 3 3 3 3 1
19 71243 1 3 3 2 1 0 0 2 5 5 4 1 0 3 6 6 3 0 1 3 4 1 0 0 0 0 0 1 2 1 0 3 5 4 2 4 3 2 0 1 2 3 2 1
19 46471 1 3 3 2 1 0 0 2 5 6 4 1 0 1 4 5 2 0 1 3 2 0 1 1 0 0 1 2 1 1 1 5 5 4 2 4 3 1 0 2 3 3 3 1
19 48507 1 3 3 2 1 0 0 2 5 6 4 1 0 1 4 5 3 0 0 1 2 0 0 0 0 0 1 2 1 0 1 6 7 4 3 6 4 2 0 1 2 3 2 1
19 54479 1 3 3 2 1 0 0 2 5 6 4 1 0 1 5 6 3 0 0 2 3 0 0 1 0 0 1 2 1 0 0 5 7 4 2 5 3 2 0 1 2 3 2 1
19 52850 1 3 3 2 1 0 0 2 5 6 4 1 0 1 5 6 3 0 1 3 3 0 1 2 0 0 1 2 1 0 0 4 6 4 1 3 2 1 0 2 3 3 3 1
19 63700 1 3 3 2 1 0 0 2 5 6 4 1 0 2 5 5 3 0 1 2 3 0 0 1 0 0 0 1 2 1 1 4 5 4 3 5 3 2 0 1 2 3 2 1
19 53216 1 3 3 2 1 0 0 2 5 6 4 1 0 2 5 6 3 0 1 3 3 0 1 2 0 0 0 1 1 0 1 4 6 4 1 3 2 1 0 2 3 3 3 1
19 71018 1 3 3 2 1 0 0 2 5 6 4 1 0 2 5 6 3 0 1 3 4 1 0 0 0 0 0 2 2 1 0 3 5 4 2 4 3 2 0 1 2 3 2 1
19 45515 1 3 3 2 1 0 0 2 5 6 5 1 0 0 2 5 2 0 1 3 2 0 1 1 0 0 2 2 2 1 2 4 6 5 1 4 3 2 0 2 2 3 2 1
19 52260 1 3 3 2 1 0 0 2 5 6 5 1 0 1 3 6 3 0 1 3 3 0 1 2 0 0 1 2 2 1 1 3 5 5 1 3 2 2 0 2 2 3 2 1
19 82430 1 3 3 2 1 0 0 2 5 6 5 2 0 0 2 4 3 0 1 2 3 0 0 1 0 0 2 2 1 1 2 5 5 4 3 5 4 0 0 1 2 3 3 1
19 82435 1 3 3 2 1 0 0 2 5 6 5 2 0 1 3 5 4 0 1 2 4 0 0 2 0 0 1 2 1 0 1 4 6 4 2 4 3 0 0 1 2 3 3 1
19 29687 1 3 3 2 2 1 0 2 4 2 2 2 0 2 3 1 1 0 2 2 0 0 1 0 0 1 3 2 2 2 3 5 4 4 4 6 2 4 1 2 3 3 2 1
19 36265 1 3 3 2 2 1 0 2 4 2 2 2 0 3 4 2 2 0 2 2 1 0 1 0 0 1 2 2 2 1 2 4 5 4 3 5 3 3 1 2 3 3 2 1
19 29723 1 3 3 2 2 1 0 2 4 3 3 2 0 1 2 3 2 0 1 2 1 0 1 0 0 1 3 2 1 1 3 5 5 4 3 5 3 3 1 2 3 3 2 1
19 36301 1 3 3 2 2 1 0 2 4 3 3 2 0 2 3 4 3 0 1 2 2 0 1 1 0 1 2 2 1 0 2 4 6 4 2 4 2 3 1 2 3 3 2 1
19 47407 1 3 3 2 2 1 0 2 5 3 2 2 0 2 4 2 1 0 2 3 1 0 1 1 0 0 2 2 2 2 2 5 5 5 3 5 2 3 0 1 2 3 2 1
19 53751 1 3 3 2 2 1 0 2 5 3 2 2 0 3 5 3 2 0 2 3 2 0 1 1 0 0 1 2 2 1 1 4 6 5 2 4 3 2 0 1 2 3 2 1
19 47443 1 3 3 2 2 1 0 2 5 4 3 2 0 1 3 4 3 0 1 2 2 0 1 1 0 0 2 2 1 1 2 5 5 5 3 4 3 2 0 1 2 3 2 1
19 53787 1 3 3 2 2 1 0 2 5 4 3 2 0 2 4 5 4 0 1 2 3 0 1 2 0 0 1 2 1 0 1 4 6 5 2 3 2 2 0 1 2 3 2 1
19 25659 1 3 3 3 1 0 0 2 2 4 2 0 0 0 2 2 0 0 1 2 0 0 1 0 0 2 4 5 4 1 2 4 6 2 2 6 1 4 2 4 5 3 3 1
19 25671 1 3 3 3 1 0 0 2 2 4 3 0 0 0 2 4 0 0 0 3 0 0 1 0 0 2 4 4 3 1 2 4 6 3 1 6 2 3 2 4 4 3 3 1
19 27352 1 3 3 3 1 0 0 2 3 5 3 0 0 0 2 3 0 0 1 3 1 0 1 1 0 1 3 4 4 1 2 4 7 3 1 5 1 3 1 3 4 3 3 1
19 31110 1 3 3 3 1 0 0 2 3 5 3 0 0 1 3 4 1 0 1 2 2 0 0 1 0 1 2 4 3 1 1 5 6 3 3 5 2 1 0 2 3 4 4 1
19 44590 1 3 3 3 1 0 0 2 3 5 3 1 0 0 2 2 1 0 1 2 0 0 1 0 0 1 3 4 3 1 2 5 6 4 2 6 2 4 1 3 3 3 2 1
19 61574 1 3 3 3 1 0 0 2 3 5 3 1 0 1 3 3 2 0 1 2 1 0 1 0 0 1 2 4 3 1 1 4 5 4 2 5 3 3 1 3 3 3 2 1
19 27364 1 3 3 3 1 0 0 2 3 5 4 0 0 0 2 5 1 0 0 3 1 0 1 1 0 1 3 3 3 1 2 4 6 4 1 5 2 2 1 3 3 3 3 1
19 44602 1 3 3 3 1 0 0 2 3 5 4 1 0 0 2 4 1 0 0 3 1 0 1 0 0 1 3 3 2 1 2 5 6 4 1 5 3 3 1 3 3 3 2 1
19 61586 1 3 3 3 1 0 0 2 3 5 4 1 0 1 3 5 2 0 0 3 2 0 1 1 0 1 2 3 2 1 1 4 5 4 1 4 2 3 1 3 3 3 2 1
19 31122 1 3 3 3 1 0 0 2 3 6 4 1 0 0 3 4 2 0 1 2 2 0 0 1 0 1 2 3 2 1 1 5 5 4 3 5 3 0 0 2 2 4 4 1
19 45670 1 3 3 3 1 0 0 2 4 6 4 1 0 0 2 3 1 0 1 3 1 0 1 1 0 0 2 3 3 1 2 5 7 5 1 5 2 3 0 2 2 3 2 1
19 48787 1 3 3 3 1 0 0 2 4 6 4 1 0 1 3 4 2 0 1 2 2 0 0 1 0 0 1 3 2 1 1 5 6 4 3 6 3 1 0 1 2 3 3 1
19 62257 1 3 3 3 1 0 0 2 4 6 4 1 0 1 3 4 2 0 1 3 2 0 1 1 0 0 1 3 3 1 1 4 6 5 1 4 3 2 0 2 2 3 2 1
19 63878 1 3 3 3 1 0 0 2 4 6 4 1 0 2 4 5 3 0 1 2 3 0 0 1 0 0 0 2 2 0 1 4 7 4 2 5 4 0 0 1 2 3 3 1
19 45682 1 3 3 3 1 0 0 2 4 6 5 1 0 0 2 5 2 0 0 3 2 0 1 1 0 0 2 2 2 1 2 5 6 5 1 4 3 2 0 2 2 3 2 1
19 62269 1 3 3 3 1 0 0 2 4 6 5 1 0 1 3 6 3 0 0 3 3 0 1 2 0 0 1 2 2 1 1 4 5 5 1 3 2 2 0 2 2 3 2 1
19 48799 1 3 3 3 1 0 0 2 4 7 5 2 0 0 3 4 3 0 1 2 3 0 0 1 0 0 1 2 1 1 1 5 5 4 3 5 4 0 0 1 2 3 3 1
19 63890 1 3 3 3 1 0 0 2 4 7 5 2 0 1 4 5 4 0 1 2 4 0 0 2 0 0 0 1 1 0 1 4 6 4 2 4 3 0 0 1 2 3 3 1
19 25681 1 3 3 3 2 0 0 2 2 3 4 0 0 0 1 4 0 0 1 4 0 0 2 0 0 2 4 4 4 2 2 2 4 4 1 4 2 4 2 4 4 3 2 1
19 27374 1 3 3 3 2 0 0 2 3 4 5 1 0 0 1 4 1 0 1 4 1 0 2 1 0 1 3 3 3 2 2 3 4 5 1 3 2 3 1 3 3 3 2 1
19 45692 1 3 3 3 2 0 0 2 4 5 6 2 0 0 1 4 2 0 1 4 2 0 2 2 0 0 2 2 2 2 2 4 4 6 1 2 2 2 0 2 2 3 2 1
19 30798 1 3 3 3 2 1 0 2 3 3 2 2 0 2 3 1 1 0 2 2 0 0 1 0 0 1 2 3 2 2 2 6 4 4 4 6 2 4 0 2 3 3 2 1
19 37004 1 3 3 3 2 1 0 2 3 3 2 2 0 2 4 2 2 0 2 2 1 0 1 0 0 1 2 3 2 1 1 5 5 4 3 5 3 3 0 2 3 3 2 1
19 30834 1 3 3 3 2 1 0 2 3 4 3 2 0 1 3 3 2 0 1 2 1 0 1 0 0 1 2 2 1 1 2 6 5 4 3 5 3 3 0 2 3 3 2 1
19 37040 1 3 3 3 2 1 0 2 3 4 3 2 0 1 4 4 3 0 1 2 2 0 1 1 0 1 2 2 1 0 1 5 6 4 2 4 2 3 0 2 3 3 2 1
19 48481 1 3 3 3 2 1 0 2 4 4 2 2 0 2 4 2 1 0 2 3 1 0 1 1 0 0 1 3 2 2 1 5 5 5 3 5 2 3 0 1 2 3 2 1
19 54453 1 3 3 3 2 1 0 2 4 4 2 2 0 2 5 3 2 0 2 3 2 0 1 1 0 0 1 3 2 1 0 4 6 5 2 4 3 2 0 1 2 3 2 1
19 48517 1 3 3 3 2 1 0 2 4 5 3 2 0 1 4 4 3 0 1 2 2 0 1 1 0 0 1 2 1 1 1 5 5 5 3 4 3 2 0 1 2 3 2 1
19 54489 1 3 3 3 2 1 0 2 4 5 3 2 0 1 5 5 4 0 1 2 3 0 1 2 0 0 1 2 1 0 0 4 6 5 2 3 2 2 0 1 2 3 2 1
19 73570 1 3 3 3 3 2 1 2 4 3 2 2 2 3 6 3 0 1 4 6 2 0 3 4 2 0 0 1 2 2 0 1 2 2 2 2 0 2 0 1 2 3 2 1
19 73582 1 3 3 3 3 2 1 2 4 4 3 2 2 2 5 5 2 2 3 5 3 1 2 3 1 0 0 1 1 1 0 1 2 2 2 2 0 2 0 1 2 3 2 1
19 73892 1 3 3 3 3 2 1 2 4 4 3 2 2 2 6 5 2 2 3 5 3 1 2 3 1 0 0 0 1 1 0 1 2 2 2 2 0 2 0 1 2 3 2 1
19 29759 1 3 4 2 0 0 0 1 4 4 0 0 0 0 2 0 0 0 0 0 0 0 0 0 0 1 5 6 2 0 3 9 6 2 3 4 2 0 2 6 4 7 5 2
19 26529 1 3 4 2 0 0 0 1 4 4 0 0 0 0 2 0 0 0 0 0 0 0 0 0 0 1 5 6 2 0 3 10 6 0 4 6 0 2 1 5 6 5 6 1
19 29779 1 3 4 2 0 0 0 1 4 4 0 0 0 1 3 0 0 0 1 0 0 0 0 0 0 1 4 5 3 1 3 7 5 3 4 4 2 1 2 5 3 7 4 2
19 26534 1 3 4 2 0 0 0 1 4 4 0 0 0 1 3 0 0 0 1 0 0 0 0 0 0 1 4 6 3 0 2 8 7 0 4 7 0 3 1 4 6 4 5 1
19 31448 1 3 4 2 0 0 0 1 4 4 0 0 0 1 3 0 0 0 1 0 0 0 0 0 0 1 4 6 3 1 2 7 5 3 4 4 2 1 2 5 3 7 4 2
19 36356 1 3 4 2 0 0 0 1 4 4 0 0 0 2 4 0 0 0 2 0 0 0 0 0 0 1 3 5 4 2 2 5 4 4 5 4 3 0 2 4 2 7 4 2
19 29761 1 3 4 2 0 0 0 1 4 5 1 0 0 0 2 1 0 0 0 0 0 0 0 0 0 1 4 5 2 0 3 9 8 2 3 6 2 0 1 4 4 5 6 1
19 28229 1 3 4 2 0 0 0 1 4 5 1 0 0 0 2 1 0 0 0 0 0 0 0 0 0 1 4 5 2 0 3 10 8 1 4 7 1 2 0 3 5 4 5 1
19 29767 1 3 4 2 0 0 0 1 4 5 1 0 0 0 3 2 0 0 0 1 0 0 0 0 0 1 4 5 2 0 2 8 8 2 2 7 2 1 1 4 4 4 5 1
19 35360 1 3 4 2 0 0 0 1 4 5 1 0 0 0 3 2 0 0 0 1 0 0 0 0 0 1 4 5 2 1 2 9 6 2 4 7 1 3 0 3 4 4 4 1
19 29781 1 3 4 2 0 0 0 1 4 5 1 0 0 1 3 1 0 0 1 0 0 0 0 0 0 1 3 4 3 1 3 7 7 3 4 6 2 1 1 3 3 5 5 1
19 28249 1 3 4 2 0 0 0 1 4 5 1 0 0 1 3 1 0 0 1 0 0 0 0 0 0 1 3 5 3 0 2 8 9 2 4 7 1 3 0 2 4 4 4 1
19 28235 1 3 4 2 0 0 0 1 4 5 1 0 0 1 3 1 0 0 1 1 0 0 0 0 0 1 3 5 3 0 2 8 8 1 3 8 1 3 0 3 5 3 4 1
19 36338 1 3 4 2 0 0 0 1 4 5 1 0 0 1 3 1 0 0 1 1 0 0 0 0 0 1 3 5 3 1 2 7 6 3 3 6 2 1 1 4 3 5 5 1
19 26554 1 3 4 2 0 0 0 1 4 5 1 0 0 1 4 2 0 0 1 1 0 0 0 0 0 1 3 5 3 0 1 6 8 1 3 8 1 3 1 3 5 3 4 1
19 35380 1 3 4 2 0 0 0 1 4 5 1 0 0 1 4 2 0 0 1 1 0 0 0 0 0 1 3 5 3 1 1 7 7 3 4 7 2 2 0 2 3 4 4 1
19 36344 1 3 4 2 0 0 0 1 4 5 1 0 0 1 4 2 0 0 1 2 0 0 1 0 0 1 3 5 3 1 1 6 6 3 2 5 2 2 1 4 4 4 4 1
19 35366 1 3 4 2 0 0 0 1 4 5 1 0 0 1 4 2 0 0 1 2 0 0 1 0 0 1 3 5 3 1 1 7 6 2 3 6 1 4 0 3 5 3 3 1
19 36358 1 3 4 2 0 0 0 1 4 5 1 0 0 2 4 1 0 0 2 1 0 0 0 0 0 1 2 4 4 2 2 5 5 4 4 6 3 0 1 3 2 5 5 1
19 29795 1 3 4 2 0 0 0 1 4 5 2 1 0 1 4 2 1 0 1 1 0 0 0 0 0 1 3 3 2 1 2 6 6 4 3 7 3 1 1 3 2 4 4 1
19 36372 1 3 4 2 0 0 0 1 4 5 2 1 0 2 5 2 1 0 2 2 1 0 0 0 0 1 2 3 3 2 1 4 4 4 3 6 4 0 1 3 2 4 4 1
19 29819 1 3 4 2 0 0 0 1 4 6 2 0 0 0 3 4 1 0 0 1 1 0 0 0 0 1 3 4 2 0 2 6 8 3 2 6 3 1 1 3 3 4 4 1
19 26584 1 3 4 2 0 0 0 1 4 6 2 0 0 0 4 4 0 0 0 2 0 0 0 0 0 1 3 4 2 0 1 6 8 2 2 8 2 2 1 3 4 3 4 1
19 28287 1 3 4 2 0 0 0 1 4 6 2 0 0 1 4 3 0 0 1 2 1 0 0 0 0 1 2 4 3 0 1 6 9 2 2 7 2 3 0 2 4 3 3 1
19 28263 1 3 4 2 0 0 0 1 4 6 2 0 0 1 4 3 1 0 1 1 0 0 0 0 0 1 2 4 3 0 1 6 8 3 3 8 2 3 0 2 3 3 3 1
19 36396 1 3 4 2 0 0 0 1 4 6 2 0 0 1 4 4 1 0 1 2 1 0 1 1 0 1 2 4 3 1 1 4 6 4 2 4 2 1 1 3 3 4 4 1
19 35418 1 3 4 2 0 0 0 1 4 6 2 0 0 1 5 4 0 0 1 3 1 0 1 1 0 1 2 4 3 1 0 5 7 3 2 5 1 3 0 2 4 3 3 1
19 35394 1 3 4 2 0 0 0 1 4 6 2 0 0 1 5 4 1 0 1 2 1 0 0 0 0 1 2 4 3 1 0 5 6 3 3 7 3 2 0 2 3 3 3 1
19 29831 1 3 4 2 0 0 0 1 4 6 3 1 0 0 3 4 2 0 0 1 1 0 0 0 0 1 3 3 1 0 2 6 7 4 2 6 4 0 1 3 2 4 4 1
19 36408 1 3 4 2 0 0 0 1 4 6 3 1 0 1 4 4 2 0 1 2 2 0 0 1 0 1 2 3 2 1 1 4 5 4 2 5 3 0 1 3 2 4 4 1
19 28299 1 3 4 2 0 0 0 1 4 7 3 0 0 0 4 5 1 0 0 2 1 0 0 0 0 1 2 3 2 0 1 6 8 3 2 7 3 2 0 2 3 3 3 1
19 35430 1 3 4 2 0 0 0 1 4 7 3 0 0 0 5 6 1 0 0 3 2 0 0 1 0 1 2 3 2 1 0 5 6 3 2 6 2 2 0 2 3 3 3 1
19 28788 1 3 4 2 0 0 0 1 5 5 1 0 0 0 2 1 0 0 0 0 0 0 0 0 0 0 4 5 2 0 3 9 8 1 4 7 1 2 1 3 5 4 5 1
19 31430 1 3 4 2 0 0 0 1 5 5 1 0 0 0 2 1 0 0 0 0 0 0 0 0 0 0 4 5 2 0 3 9 8 2 3 6 2 0 1 4 4 5 6 1
19 28808 1 3 4 2 0 0 0 1 5 5 1 0 0 1 3 1 0 0 1 0 0 0 0 0 0 0 3 5 3 0 2 7 9 2 4 7 1 3 1 2 4 4 4 1
19 31450 1 3 4 2 0 0 0 1 5 5 1 0 0 1 3 1 0 0 1 0 0 0 0 0 0 0 3 5 3 1 2 7 7 3 4 6 2 1 1 3 3 5 5 1
19 37453 1 3 4 2 0 0 0 1 5 5 1 0 0 1 3 1 0 0 1 1 0 0 0 0 0 0 3 4 3 1 3 7 6 3 3 6 2 1 1 4 3 5 5 1
19 28794 1 3 4 2 0 0 0 1 5 5 1 0 0 1 3 1 0 0 1 1 0 0 0 0 0 0 3 5 3 0 2 7 8 1 3 8 1 3 1 3 5 3 4 1
19 35736 1 3 4 2 0 0 0 1 5 5 1 0 0 1 3 2 0 0 0 1 0 0 0 0 0 0 3 4 2 1 3 8 6 2 4 7 1 3 1 3 4 4 4 1
19 31436 1 3 4 2 0 0 0 1 5 5 1 0 0 1 3 2 0 0 0 1 0 0 0 0 0 0 3 5 2 0 2 8 8 2 2 7 2 1 1 4 4 4 5 1
19 37472 1 3 4 2 0 0 0 1 5 5 1 0 0 2 4 1 0 0 2 1 0 0 0 0 0 0 2 4 4 2 2 5 5 4 4 6 3 0 1 3 2 5 5 1
19 35756 1 3 4 2 0 0 0 1 5 5 1 0 0 2 4 2 0 0 1 1 0 0 0 0 0 0 2 4 3 1 2 6 7 3 4 7 2 2 1 2 3 4 4 1
19 35742 1 3 4 2 0 0 0 1 5 5 1 0 0 2 4 2 0 0 1 2 0 0 1 0 0 0 2 4 3 1 2 6 6 2 3 6 1 4 1 3 5 3 3 1
19 37459 1 3 4 2 0 0 0 1 5 5 1 0 0 2 4 2 0 0 1 2 0 0 1 0 0 0 2 4 3 1 2 6 6 3 2 5 2 2 1 4 4 4 4 1
19 47480 1 3 4 2 0 0 0 1 5 6 2 0 0 0 2 2 0 0 0 0 0 0 0 0 0 0 3 4 2 0 3 9 10 2 3 8 3 0 0 2 4 3 5 1
19 46508 1 3 4 2 0 0 0 1 5 6 2 0 0 0 2 2 0 0 0 0 0 0 0 0 0 0 3 4 2 0 3 9 10 2 4 8 2 2 0 1 4 3 4 1
19 47486 1 3 4 2 0 0 0 1 5 6 2 0 0 0 3 3 0 0 0 1 0 0 0 0 0 0 3 4 2 0 2 8 10 3 2 8 3 1 0 2 3 3 4 1
19 52888 1 3 4 2 0 0 0 1 5 6 2 0 0 0 3 3 0 0 0 1 0 0 0 0 0 0 3 4 2 1 2 8 8 3 4 8 2 3 0 1 3 3 3 1
19 47499 1 3 4 2 0 0 0 1 5 6 2 0 0 1 3 2 0 0 1 1 0 0 0 0 0 0 2 3 3 1 3 7 8 3 3 8 3 1 0 2 3 3 4 1
19 46513 1 3 4 2 0 0 0 1 5 6 2 0 0 1 3 2 0 0 1 1 0 0 0 0 0 0 2 4 3 0 2 7 10 3 3 8 2 3 0 1 3 3 3 1
19 49121 1 3 4 2 0 0 0 1 5 6 2 0 0 1 3 2 0 0 1 1 0 0 0 0 0 0 2 4 3 1 2 7 8 3 3 8 3 1 0 2 3 3 4 1
19 53254 1 3 4 2 0 0 0 1 5 6 2 0 0 1 3 3 0 0 0 1 0 0 0 0 0 0 2 3 2 1 3 8 8 3 4 8 2 3 0 1 3 3 3 1
19 49108 1 3 4 2 0 0 0 1 5 6 2 0 0 1 3 3 0 0 0 1 0 0 0 0 0 0 2 4 2 0 2 8 10 3 2 8 3 1 0 2 3 3 4 1
19 52907 1 3 4 2 0 0 0 1 5 6 2 0 0 1 4 3 0 0 1 2 0 0 0 0 0 0 2 4 3 1 1 6 8 4 3 8 3 2 0 1 2 3 3 1
19 53829 1 3 4 2 0 0 0 1 5 6 2 0 0 1 4 3 0 0 1 2 0 0 1 0 0 0 2 4 3 1 1 6 8 4 2 6 3 2 0 2 3 3 3 1
19 52894 1 3 4 2 0 0 0 1 5 6 2 0 0 1 4 3 0 0 1 2 0 0 1 0 0 0 2 4 3 1 1 6 8 4 3 6 2 4 0 1 3 3 2 1
19 28846 1 3 4 2 0 0 0 1 5 6 2 0 0 1 4 3 0 0 1 2 1 0 0 0 0 0 2 4 3 0 1 5 9 2 2 7 2 3 1 2 4 3 3 1
19 28822 1 3 4 2 0 0 0 1 5 6 2 0 0 1 4 3 1 0 1 1 0 0 0 0 0 0 2 4 3 0 1 5 8 3 3 8 2 3 1 2 3 3 3 1
19 63050 1 3 4 2 0 0 0 1 5 6 2 0 0 1 4 4 0 0 0 2 0 0 0 0 0 0 2 4 2 0 1 7 10 4 1 8 4 0 0 2 2 3 4 1
19 31488 1 3 4 2 0 0 0 1 5 6 2 0 0 1 4 4 1 0 0 1 1 0 0 0 0 0 2 4 2 0 1 6 8 3 2 6 3 1 1 3 3 4 4 1
19 53842 1 3 4 2 0 0 0 1 5 6 2 0 0 2 4 2 0 0 2 2 0 0 0 0 0 0 1 3 4 2 2 5 6 4 3 8 4 0 0 2 2 3 4 1
19 53273 1 3 4 2 0 0 0 1 5 6 2 0 0 2 4 3 0 0 1 2 0 0 0 0 0 0 1 3 3 1 2 6 8 4 3 8 3 2 0 1 2 3 3 1
19 54897 1 3 4 2 0 0 0 1 5 6 2 0 0 2 4 3 0 0 1 2 0 0 1 0 0 0 1 3 3 1 2 6 8 4 2 6 3 2 0 2 3 3 3 1
19 53260 1 3 4 2 0 0 0 1 5 6 2 0 0 2 4 3 0 0 1 2 0 0 1 0 0 0 1 3 3 1 2 6 8 4 3 6 2 4 0 1 3 3 2 1
19 35794 1 3 4 2 0 0 0 1 5 6 2 0 0 2 5 4 0 0 1 3 1 0 1 1 0 0 1 3 3 1 1 4 7 3 2 5 1 3 1 2 4 3 3 1
19 35770 1 3 4 2 0 0 0 1 5 6 2 0 0 2 5 4 1 0 1 2 1 0 0 0 0 0 1 3 3 1 1 4 6 3 3 7 3 2 1 2 3 3 3 1
19 37510 1 3 4 2 0 0 0 1 5 6 2 0 0 2 5 4 1 0 1 2 1 0 1 1 0 0 1 3 3 1 1 4 6 4 2 4 2 1 1 3 3 4 4 1
19 31464 1 3 4 2 0 0 0 1 5 6 2 1 0 1 4 2 1 0 1 1 0 0 0 0 0 0 2 4 2 1 1 6 6 4 3 7 3 1 1 3 2 4 4 1
19 37486 1 3 4 2 0 0 0 1 5 6 2 1 0 2 5 2 1 0 2 2 1 0 0 0 0 0 1 3 3 2 1 4 4 4 3 6 4 0 1 3 2 4 4 1
19 47512 1 3 4 2 0 0 0 1 5 6 3 1 0 1 4 3 1 0 1 2 1 0 0 0 0 0 2 2 2 1 2 6 7 4 2 7 4 1 0 2 2 3 3 1
19 70723 1 3 4 2 0 0 0 1 5 6 3 1 0 1 4 4 2 0 0 1 1 0 0 0 0 0 2 2 1 1 2 7 6 4 4 7 3 3 0 1 2 3 2 1
19 53855 1 3 4 2 0 0 0 1 5 6 3 1 0 2 5 3 1 0 2 3 2 0 0 0 0 0 1 2 3 2 1 4 5 4 2 6 5 0 0 2 2 3 3 1
19 63074 1 3 4 2 0 0 0 1 5 6 3 1 0 2 5 4 1 0 1 3 1 0 1 1 0 0 1 2 2 1 1 5 7 5 1 5 3 1 0 2 2 3 3 1
19 70739 1 3 4 2 0 0 0 1 5 6 3 1 0 2 5 4 2 0 1 2 1 0 1 1 0 0 1 2 2 1 1 5 6 5 3 5 2 3 0 1 2 3 2 1
19 70728 1 3 4 2 0 0 0 1 5 6 3 1 0 2 5 4 2 0 1 2 2 0 0 0 0 0 1 2 2 1 1 5 6 4 3 6 4 2 0 1 2 3 2 1
19 47536 1 3 4 2 0 0 0 1 5 7 3 0 0 0 3 5 2 0 0 1 1 0 0 0 0 0 2 3 2 0 2 6 8 4 2 7 4 1 0 2 2 3 3 1
19 28858 1 3 4 2 0 0 0 1 5 7 3 0 0 0 4 5 1 0 0 2 1 0 0 0 0 0 2 3 2 0 1 5 8 3 2 7 3 2 1 2 3 3 3 1
19 46533 1 3 4 2 0 0 0 1 5 7 3 0 0 1 4 4 1 0 1 2 1 0 0 0 0 0 1 3 3 0 1 5 9 4 2 7 3 3 0 1 2 3 2 1
19 49158 1 3 4 2 0 0 0 1 5 7 3 0 0 1 4 5 2 0 0 1 1 0 0 0 0 0 1 3 2 0 1 6 8 4 2 7 4 1 0 2 2 3 3 1
19 53879 1 3 4 2 0 0 0 1 5 7 3 0 0 1 4 5 2 0 1 2 1 0 1 1 0 0 1 3 3 1 1 4 6 5 2 5 3 1 0 2 2 3 3 1
19 63086 1 3 4 2 0 0 0 1 5 7 3 0 0 1 4 6 2 0 0 2 2 0 0 0 0 0 1 3 2 0 1 5 8 4 1 6 5 0 0 2 2 3 3 1
19 52944 1 3 4 2 0 0 0 1 5 7 3 0 0 1 5 5 1 0 1 3 1 0 1 1 0 0 1 3 3 1 0 4 7 5 2 5 2 3 0 1 2 3 2 1
19 52920 1 3 4 2 0 0 0 1 5 7 3 0 0 1 5 5 1 0 1 3 2 0 0 0 0 0 1 3 3 1 0 4 7 4 2 6 4 2 0 1 2 3 2 1
19 35806 1 3 4 2 0 0 0 1 5 7 3 0 0 1 5 6 1 0 0 3 2 0 0 1 0 0 1 2 2 1 1 4 6 3 2 6 2 2 1 2 3 3 3 1
19 64122 1 3 4 2 0 0 0 1 5 7 3 0 0 1 5 6 2 0 0 2 2 0 0 0 0 0 1 3 2 0 0 5 8 4 1 6 5 0 0 2 2 3 3 1
19 53310 1 3 4 2 0 0 0 1 5 7 3 0 0 2 5 5 1 0 1 3 1 0 1 1 0 0 0 2 3 1 1 4 7 5 2 5 2 3 0 1 2 3 2 1
19 53286 1 3 4 2 0 0 0 1 5 7 3 0 0 2 5 5 1 0 1 3 2 0 0 0 0 0 0 2 3 1 1 4 7 4 2 6 4 2 0 1 2 3 2 1
19 54946 1 3 4 2 0 0 0 1 5 7 3 0 0 2 5 5 2 0 1 2 1 0 1 1 0 0 0 2 3 1 1 4 6 5 2 5 3 1 0 2 2 3 3 1
19 70859 1 3 4 2 0 0 0 1 5 7 3 1 0 0 3 4 2 0 0 1 1 0 0 0 0 0 2 3 1 1 2 7 6 4 4 7 3 3 0 1 2 3 2 1
19 31500 1 3 4 2 0 0 0 1 5 7 3 1 0 0 4 4 2 0 0 1 1 0 0 0 0 0 2 3 1 0 1 6 7 4 2 6 4 0 1 3 2 4 4 1
19 49134 1 3 4 2 0 0 0 1 5 7 3 1 0 1 4 3 1 0 1 2 1 0 0 0 0 0 1 3 2 1 1 6 7 4 2 7 4 1 0 2 2 3 3 1
19 70875 1 3 4 2 0 0 0 1 5 7 3 1 0 1 4 4 2 0 1 2 1 0 1 1 0 0 1 3 2 1 1 5 6 5 3 5 2 3 0 1 2 3 2 1
19 70864 1 3 4 2 0 0 0 1 5 7 3 1 0 1 4 4 2 0 1 2 2 0 0 0 0 0 1 3 2 1 1 5 6 4 3 6 4 2 0 1 2 3 2 1
19 64110 1 3 4 2 0 0 0 1 5 7 3 1 0 1 5 4 1 0 1 3 1 0 1 1 0 0 1 3 2 1 0 5 7 5 1 5 3 1 0 2 2 3 3 1
19 37522 1 3 4 2 0 0 0 1 5 7 3 1 0 1 5 4 2 0 1 2 2 0 0 1 0 0 1 2 2 1 1 4 5 4 2 5 3 0 1 3 2 4 4 1
19 54922 1 3 4 2 0 0 0 1 5 7 3 1 0 2 5 3 1 0 2 3 2 0 0 0 0 0 0 2 3 2 1 4 5 4 2 6 5 0 0 2 2 3 3 1
19 47548 1 3 4 2 0 0 0 1 5 7 4 1 0 0 3 5 3 0 0 1 2 0 0 0 0 0 2 2 1 0 2 6 7 4 2 6 5 0 0 2 2 3 3 1
19 53891 1 3 4 2 0 0 0 1 5 7 4 1 0 1 4 5 3 0 1 2 3 0 0 1 0 0 1 2 2 1 1 4 5 4 2 5 4 0 0 2 2 3 3 1
19 63098 1 3 4 2 0 0 0 1 5 7 4 1 0 1 4 6 3 0 0 2 3 0 0 1 0 0 1 2 1 0 1 5 7 4 1 5 4 0 0 2 2 3 3 1
19 70751 1 3 4 2 0 0 0 1 5 7 4 1 0 2 6 6 3 0 1 3 4 1 0 0 0 0 0 1 2 1 0 3 5 4 2 4 3 2 0 1 2 3 2 1
19 80354 1 3 4 2 0 0 0 1 5 7 4 2 0 0 3 4 4 0 0 0 2 0 0 0 0 0 2 2 0 0 2 7 6 4 4 6 4 2 0 1 2 3 2 1
19 80359 1 3 4 2 0 0 0 1 5 7 4 2 0 1 4 4 4 0 1 1 3 0 0 1 0 0 1 2 1 0 1 5 6 4 3 5 3 2 0 1 2 3 2 1
19 78092 1 3 4 2 0 0 0 1 5 7 4 2 0 2 6 4 2 0 2 4 4 1 0 0 0 0 0 1 2 2 0 3 4 4 1 4 4 0 0 2 2 3 3 1
19 46563 1 3 4 2 0 0 0 1 5 8 4 0 0 0 4 6 2 0 0 2 2 0 0 0 0 0 1 2 2 0 1 5 8 4 2 6 4 2 0 1 2 3 2 1
19 52956 1 3 4 2 0 0 0 1 5 8 4 0 0 0 5 7 2 0 0 3 3 0 0 1 0 0 1 2 2 1 0 4 6 4 2 5 3 2 0 1 2 3 2 1
19 53322 1 3 4 2 0 0 0 1 5 8 4 0 0 1 5 7 2 0 0 3 3 0 0 1 0 0 0 1 2 1 1 4 6 4 2 5 3 2 0 1 2 3 2 1
19 71056 1 3 4 2 0 0 0 1 5 8 4 0 0 1 5 8 4 0 0 2 4 1 0 0 0 0 0 2 2 0 0 3 6 4 1 4 4 0 0 2 2 3 3 1
19 49170 1 3 4 2 0 0 0 1 5 8 4 1 0 0 4 5 3 0 0 1 2 0 0 0 0 0 1 2 1 0 1 6 7 4 2 6 5 0 0 2 2 3 3 1
19 64134 1 3 4 2 0 0 0 1 5 8 4 1 0 0 5 6 3 0 0 2 3 0 0 1 0 0 1 2 1 0 0 5 7 4 1 5 4 0 0 2 2 3 3 1
19 54958 1 3 4 2 0 0 0 1 5 8 4 1 0 1 5 5 3 0 1 2 3 0 0 1 0 0 0 1 2 1 1 4 5 4 2 5 4 0 0 2 2 3 3 1
19 70887 1 3 4 2 0 0 0 1 5 8 4 1 0 1 5 6 3 0 1 3 4 1 0 0 0 0 0 2 2 1 0 3 5 4 2 4 3 2 0 1 2 3 2 1
19 31294 1 3 4 2 1 0 0 1 4 2 2 0 0 1 0 1 0 0 0 0 0 0 0 0 0 1 5 4 2 0 5 7 6 0 3 6 0 2 3 6 6 5 6 1
19 37318 1 3 4 2 1 0 0 1 4 2 2 0 0 2 1 2 0 0 0 1 0 0 0 0 0 1 4 3 2 0 5 6 6 0 2 7 0 3 3 6 6 4 5 1
19 31300 1 3 4 2 1 0 0 1 4 2 2 0 0 2 1 2 0 0 0 1 0 0 0 0 0 1 4 4 2 0 4 6 6 0 2 7 0 3 3 6 6 4 5 1
19 37324 1 3 4 2 1 0 0 1 4 2 2 0 0 3 2 3 0 0 0 2 0 0 1 0 0 1 3 3 2 0 4 5 6 0 1 6 0 4 3 6 7 3 4 1
19 48970 1 3 4 2 1 0 0 1 4 3 2 0 0 1 1 1 0 0 0 0 0 0 0 0 0 1 4 4 2 0 4 9 8 1 3 7 1 2 1 4 5 4 5 1
19 63989 1 3 4 2 1 0 0 1 4 3 2 0 0 1 2 1 0 0 1 0 0 0 0 0 0 1 4 4 3 1 3 7 7 2 4 7 1 3 1 3 4 4 4 1
19 54760 1 3 4 2 1 0 0 1 4 3 2 0 0 2 2 2 0 0 0 1 0 0 0 0 0 1 3 3 2 0 4 8 8 1 2 8 1 3 1 4 5 3 4 1
19 48976 1 3 4 2 1 0 0 1 4 3 2 0 0 2 2 2 0 0 0 1 0 0 0 0 0 1 3 4 2 0 3 8 8 2 2 7 1 3 1 4 4 4 4 1
19 63994 1 3 4 2 1 0 0 1 4 3 2 0 0 2 3 2 0 0 1 1 0 0 0 0 0 1 3 4 3 1 2 6 7 3 3 7 2 2 1 3 3 4 4 1
19 54766 1 3 4 2 1 0 0 1 4 3 2 0 0 3 3 3 0 0 0 2 0 0 1 0 0 1 2 3 2 0 3 7 8 2 1 6 1 4 1 4 5 3 3 1
19 78361 1 3 4 2 1 0 0 1 4 3 3 0 0 2 3 4 1 0 0 1 1 0 0 0 0 1 3 2 2 0 3 6 8 2 2 7 2 3 1 3 4 3 3 1
19 78366 1 3 4 2 1 0 0 1 4 3 3 0 0 3 4 5 1 0 0 2 1 0 1 1 0 1 2 2 2 0 2 5 8 3 1 5 1 3 1 3 4 3 3 1
19 71336 1 3 4 2 1 0 0 1 4 4 3 1 0 1 2 2 1 0 1 1 0 0 0 0 0 1 3 3 2 1 3 6 6 3 3 8 2 3 1 3 3 3 3 1
19 71341 1 3 4 2 1 0 0 1 4 4 3 1 0 2 3 3 1 0 1 2 1 0 0 0 0 1 2 3 2 1 2 5 6 3 2 7 3 2 1 3 3 3 3 1
19 80704 1 3 4 2 1 0 0 1 4 4 4 1 0 1 2 4 2 0 0 1 1 0 0 0 0 1 3 2 1 0 3 6 7 3 2 7 3 2 1 3 3 3 3 1
19 80709 1 3 4 2 1 0 0 1 4 4 4 1 0 2 3 5 2 0 0 2 2 0 0 1 0 1 2 2 1 0 2 5 7 3 1 6 2 2 1 3 3 3 3 1
19 31313 1 3 4 2 1 0 0 1 5 3 2 0 0 1 1 1 0 0 0 0 0 0 0 0 0 0 4 4 2 0 4 9 8 1 3 7 1 2 1 4 5 4 5 1
19 31333 1 3 4 2 1 0 0 1 5 3 2 0 0 2 2 1 0 0 1 0 0 0 0 0 0 0 3 4 3 1 3 7 7 2 4 7 1 3 1 3 4 4 4 1
19 37337 1 3 4 2 1 0 0 1 5 3 2 0 0 2 2 2 0 0 0 1 0 0 0 0 0 0 3 3 2 0 4 8 8 2 2 7 1 3 1 4 4 4 4 1
19 31319 1 3 4 2 1 0 0 1 5 3 2 0 0 2 2 2 0 0 0 1 0 0 0 0 0 0 3 4 2 0 3 8 8 1 2 8 1 3 1 4 5 3 4 1
19 37356 1 3 4 2 1 0 0 1 5 3 2 0 0 3 3 2 0 0 1 1 0 0 0 0 0 0 2 3 3 1 3 6 7 3 3 7 2 2 1 3 3 4 4 1
19 37343 1 3 4 2 1 0 0 1 5 3 2 0 0 3 3 3 0 0 0 2 0 0 1 0 0 0 2 3 2 0 3 7 8 2 1 6 1 4 1 4 5 3 3 1
19 48988 1 3 4 2 1 0 0 1 5 4 2 0 0 1 2 2 0 0 0 0 0 0 0 0 0 0 3 4 2 0 3 9 10 2 3 8 2 2 0 2 4 3 4 1
19 64006 1 3 4 2 1 0 0 1 5 4 2 0 0 1 3 2 0 0 1 1 0 0 0 0 0 0 3 4 3 1 2 7 8 3 3 8 2 3 0 2 3 3 3 1
19 49007 1 3 4 2 1 0 0 1 5 4 2 0 0 2 3 2 0 0 1 1 0 0 0 0 0 0 2 4 3 1 2 7 8 3 3 8 2 3 0 2 3 3 3 1
19 54778 1 3 4 2 1 0 0 1 5 4 2 0 0 2 3 3 0 0 0 1 0 0 0 0 0 0 2 3 2 0 3 8 10 3 2 8 2 3 0 2 3 3 3 1
19 48994 1 3 4 2 1 0 0 1 5 4 2 0 0 2 3 3 0 0 0 1 0 0 0 0 0 0 2 4 2 0 2 8 10 3 2 8 2 3 0 2 3 3 3 1
19 64023 1 3 4 2 1 0 0 1 5 4 2 0 0 2 4 2 0 0 2 2 0 0 1 0 0 0 2 4 4 2 1 5 6 4 3 6 2 4 0 2 3 3 2 1
19 64011 1 3 4 2 1 0 0 1 5 4 2 0 0 2 4 3 0 0 1 2 0 0 0 0 0 0 2 4 3 1 1 6 8 4 2 8 3 2 0 2 2 3 3 1
19 54796 1 3 4 2 1 0 0 1 5 4 2 0 0 3 4 3 0 0 1 2 0 0 0 0 0 0 1 3 3 1 2 6 8 4 2 8 3 2 0 2 2 3 3 1
19 54784 1 3 4 2 1 0 0 1 5 4 2 0 0 3 4 4 0 0 0 2 0 0 1 0 0 0 1 3 2 0 2 7 10 4 1 6 2 4 0 2 3 3 2 1
19 31371 1 3 4 2 1 0 0 1 5 4 3 0 0 2 3 4 1 0 0 1 1 0 0 0 0 0 2 3 2 0 2 6 8 2 2 7 2 3 1 3 4 3 3 1
19 78377 1 3 4 2 1 0 0 1 5 4 3 0 0 2 4 5 2 0 0 1 1 0 0 0 0 0 2 2 2 0 2 6 8 4 2 7 3 3 0 2 2 3 2 1
19 37394 1 3 4 2 1 0 0 1 5 4 3 0 0 3 4 5 1 0 0 2 1 0 1 1 0 0 1 2 2 0 2 5 8 3 1 5 1 3 1 3 4 3 3 1
19 78393 1 3 4 2 1 0 0 1 5 4 3 0 0 3 5 5 2 0 1 2 2 0 0 0 0 0 1 2 3 1 1 4 6 4 2 6 4 2 0 2 2 3 2 1
19 78382 1 3 4 2 1 0 0 1 5 4 3 0 0 3 5 6 2 0 0 2 1 0 1 1 0 0 1 2 2 0 1 5 8 5 1 5 2 3 0 2 2 3 2 1
19 31347 1 3 4 2 1 0 0 1 5 4 3 1 0 2 3 2 1 0 1 1 0 0 0 0 0 0 2 3 2 1 2 6 6 3 3 8 2 3 1 3 3 3 3 1
19 37370 1 3 4 2 1 0 0 1 5 4 3 1 0 3 4 3 1 0 1 2 1 0 0 0 0 0 1 2 2 1 2 5 6 3 2 7 3 2 1 3 3 3 3 1
19 49044 1 3 4 2 1 0 0 1 5 5 3 0 0 2 4 5 2 0 0 1 1 0 0 0 0 0 1 3 2 0 1 6 8 4 2 7 3 3 0 2 2 3 2 1
19 64047 1 3 4 2 1 0 0 1 5 5 3 0 0 2 5 5 2 0 1 2 2 0 0 0 0 0 1 3 3 1 0 4 6 4 2 6 4 2 0 2 2 3 2 1
19 54833 1 3 4 2 1 0 0 1 5 5 3 0 0 3 5 6 2 0 0 2 1 0 1 1 0 0 0 2 2 0 1 5 8 5 1 5 2 3 0 2 2 3 2 1
19 71352 1 3 4 2 1 0 0 1 5 5 3 1 0 1 3 3 1 0 1 2 1 0 0 0 0 0 2 3 2 1 2 6 7 4 2 7 3 3 0 2 2 3 2 1
19 49020 1 3 4 2 1 0 0 1 5 5 3 1 0 2 4 3 1 0 1 2 1 0 0 0 0 0 1 3 2 1 1 6 7 4 2 7 3 3 0 2 2 3 2 1
19 71368 1 3 4 2 1 0 0 1 5 5 3 1 0 2 4 3 1 0 2 3 1 0 1 1 0 0 1 3 3 2 1 4 5 5 2 5 2 3 0 2 2 3 2 1
19 71357 1 3 4 2 1 0 0 1 5 5 3 1 0 2 4 4 1 0 1 3 2 0 0 0 0 0 1 3 2 1 1 5 7 4 1 6 4 2 0 2 2 3 2 1
19 64035 1 3 4 2 1 0 0 1 5 5 3 1 0 2 5 3 1 0 2 3 1 0 1 1 0 0 1 3 3 2 0 4 5 5 2 5 2 3 0 2 2 3 2 1
19 54809 1 3 4 2 1 0 0 1 5 5 3 1 0 3 5 4 1 0 1 3 2 0 0 0 0 0 0 2 2 1 1 5 7 4 1 6 4 2 0 2 2 3 2 1
19 31383 1 3 4 2 1 0 0 1 5 5 4 1 0 1 3 4 2 0 0 1 1 0 0 0 0 0 2 2 1 0 2 6 7 3 2 7 3 2 1 3 3 3 3 1
19 80720 1 3 4 2 1 0 0 1 5 5 4 1 0 1 3 5 3 0 0 1 2 0 0 0 0 0 2 2 1 0 2 6 7 4 2 6 4 2 0 2 2 3 2 1
19 37406 1 3 4 2 1 0 0 1 5 5 4 1 0 2 4 5 2 0 0 2 2 0 0 1 0 0 1 1 1 0 2 5 7 3 1 6 2 2 1 3 3 3 3 1
19 80736 1 3 4 2 1 0 0 1 5 5 4 1 0 2 4 5 3 0 1 2 3 0 0 1 0 0 1 2 2 1 1 4 5 4 2 5 3 2 0 2 2 3 2 1
19 80725 1 3 4 2 1 0 0 1 5 5 4 1 0 2 4 6 3 0 0 2 3 0 0 1 0 0 1 2 1 0 1 5 7 4 1 5 3 2 0 2 2 3 2 1
19 78404 1 3 4 2 1 0 0 1 5 5 4 1 0 3 6 6 3 0 1 3 4 1 0 0 0 0 0 1 2 1 0 3 5 4 1 4 3 2 0 2 2 3 2 1
19 49056 1 3 4 2 1 0 0 1 5 6 4 1 0 1 4 5 3 0 0 1 2 0 0 0 0 0 1 2 1 0 1 6 7 4 2 6 4 2 0 2 2 3 2 1
19 64059 1 3 4 2 1 0 0 1 5 6 4 1 0 1 5 5 3 0 1 2 3 0 0 1 0 0 1 2 2 1 0 4 5 4 2 5 3 2 0 2 2 3 2 1
19 54845 1 3 4 2 1 0 0 1 5 6 4 1 0 2 5 6 3 0 0 2 3 0 0 1 0 0 0 1 1 0 1 5 7 4 1 5 3 2 0 2 2 3 2 1
19 71379 1 3 4 2 1 0 0 1 5 6 4 1 0 2 5 6 3 0 1 3 4 1 0 0 0 0 0 2 2 1 0 3 5 4 1 4 3 2 0 2 2 3 2 1
19 29763 1 3 4 3 1 0 0 1 3 4 2 0 0 0 1 1 0 0 0 0 0 0 0 0 0 1 4 5 3 0 3 8 9 2 3 7 2 1 1 3 4 4 5 1
19 30874 1 3 4 3 1 0 0 1 3 4 2 0 0 0 1 1 0 0 0 0 0 0 0 0 0 1 4 5 3 0 3 9 9 2 4 7 2 1 0 2 4 4 5 1
19 88506 1 3 4 3 1 0 0 1 3 4 2 0 0 0 2 1 0 0 1 0 0 0 0 0 0 1 4 5 4 1 2 6 8 3 4 7 2 2 1 2 3 4 4 1
19 29769 1 3 4 3 1 0 0 1 3 4 2 0 0 0 2 2 0 0 0 1 0 0 0 0 0 1 4 5 3 0 2 7 9 2 2 8 2 2 1 3 4 3 4 1
19 37079 1 3 4 3 1 0 0 1 3 4 2 0 0 0 2 2 0 0 0 1 0 0 0 0 0 1 4 5 3 1 2 8 7 3 4 7 2 2 0 2 3 4 4 1
19 29783 1 3 4 3 1 0 0 1 3 4 2 0 0 1 2 1 0 0 1 0 0 0 0 0 0 1 3 4 4 1 3 6 8 3 4 7 2 2 1 2 3 4 4 1
19 30894 1 3 4 3 1 0 0 1 3 4 2 0 0 1 2 1 0 0 1 0 0 0 0 0 0 1 3 5 4 1 2 7 8 3 5 7 2 2 0 1 3 4 4 1
19 88517 1 3 4 3 1 0 0 1 3 4 2 0 0 1 2 2 0 0 0 1 0 0 0 0 0 1 3 4 3 0 3 7 9 2 2 8 2 2 1 3 4 3 4 1
19 30880 1 3 4 3 1 0 0 1 3 4 2 0 0 1 2 2 0 0 0 1 0 0 0 0 0 1 3 5 3 0 2 8 9 2 3 8 2 2 0 2 4 3 4 1
19 36340 1 3 4 3 1 0 0 1 3 4 2 0 0 1 2 2 0 0 0 1 0 0 0 0 0 1 3 5 3 1 2 7 7 3 3 7 2 2 1 3 3 4 4 1
19 95218 1 3 4 3 1 0 0 1 3 4 2 0 0 1 3 2 0 0 1 1 0 0 0 0 0 1 3 5 4 2 1 5 6 4 4 7 3 1 1 2 2 4 4 1
19 37099 1 3 4 3 1 0 0 1 3 4 2 0 0 1 3 2 0 0 1 1 0 0 0 0 0 1 3 5 4 2 1 6 6 4 5 7 3 1 0 1 2 4 4 1
19 26563 1 3 4 3 1 0 0 1 3 4 2 0 0 1 3 2 0 0 2 2 0 0 1 0 0 1 3 5 4 1 1 4 6 2 3 6 1 4 1 3 5 3 3 1
19 36346 1 3 4 3 1 0 0 1 3 4 2 0 0 1 3 3 0 0 0 2 0 0 1 0 0 1 3 5 3 1 1 6 7 3 2 6 2 3 1 3 4 3 3 1
19 37085 1 3 4 3 1 0 0 1 3 4 2 0 0 1 3 3 0 0 0 2 0 0 1 0 0 1 3 5 3 1 1 7 7 3 3 6 2 3 0 2 4 3 3 1
19 36360 1 3 4 3 1 0 0 1 3 4 2 0 0 2 3 2 0 0 1 1 0 0 0 0 0 1 2 4 4 2 2 5 6 4 4 7 3 1 1 2 2 4 4 1
19 95416 1 3 4 3 1 0 0 1 3 4 2 0 0 2 3 3 0 0 0 2 0 0 1 0 0 1 2 4 3 1 2 6 7 3 2 6 2 3 1 3 4 3 3 1
19 88528 1 3 4 3 1 0 0 1 3 4 3 0 0 1 3 4 1 0 0 1 1 0 0 0 0 1 3 3 3 0 2 5 9 3 2 7 3 2 1 2 3 3 3 1
19 99946 1 3 4 3 1 0 0 1 3 4 3 0 0 2 4 5 1 0 0 2 1 0 1 1 0 1 2 3 3 1 1 4 7 4 2 5 2 2 1 2 3 3 3 1
19 29797 1 3 4 3 1 0 0 1 3 4 3 1 0 1 3 2 1 0 1 1 0 0 0 0 0 1 3 3 3 1 2 5 7 4 3 8 3 2 1 2 2 3 3 1
19 36374 1 3 4 3 1 0 0 1 3 4 3 1 0 2 4 3 1 0 1 2 1 0 0 0 0 1 2 3 3 2 1 4 5 4 3 7 4 1 1 2 2 3 3 1
19 29821 1 3 4 3 1 0 0 1 3 5 3 0 0 0 2 4 1 0 0 1 1 0 0 0 0 1 3 4 3 0 2 5 9 3 2 7 3 2 1 2 3 3 3 1
19 29999 1 3 4 3 1 0 0 1 3 5 3 0 0 0 2 4 1 0 0 2 2 0 0 1 0 1 3 4 3 1 2 5 6 3 2 5 2 1 1 3 3 4 4 1
19 26593 1 3 4 3 1 0 0 1 3 5 3 0 0 0 3 4 0 0 1 3 0 0 1 0 0 1 3 4 3 1 1 4 6 3 2 6 2 3 1 3 4 3 3 1
19 28467 1 3 4 3 1 0 0 1 3 5 3 0 0 1 3 3 0 0 2 3 1 0 1 1 0 1 2 4 4 1 1 4 7 3 2 5 1 3 0 2 4 3 3 1
19 30932 1 3 4 3 1 0 0 1 3 5 3 0 0 1 3 4 1 0 0 1 1 0 0 0 0 1 2 4 3 0 1 6 9 3 3 7 3 2 0 1 3 3 3 1
19 36398 1 3 4 3 1 0 0 1 3 5 3 0 0 1 3 5 1 0 0 2 1 0 1 1 0 1 2 4 3 1 1 4 7 4 2 5 2 2 1 2 3 3 3 1
19 37137 1 3 4 3 1 0 0 1 3 5 3 0 0 1 4 5 1 0 0 2 1 0 1 1 0 1 2 4 3 1 0 5 7 4 3 5 2 2 0 1 3 3 3 1
19 88550 1 3 4 3 1 0 0 1 3 5 3 1 0 0 2 2 1 0 1 1 0 0 0 0 0 1 3 4 3 1 2 5 7 4 3 8 3 2 1 2 2 3 3 1
19 30908 1 3 4 3 1 0 0 1 3 5 3 1 0 1 3 2 1 0 1 1 0 0 0 0 0 1 2 4 3 1 1 6 7 4 4 8 3 2 0 1 2 3 3 1
19 28273 1 3 4 3 1 0 0 1 3 5 3 1 0 1 3 2 1 0 2 2 0 0 1 0 0 1 2 4 3 1 1 5 6 4 3 6 2 4 0 2 3 3 2 1
19 99956 1 3 4 3 1 0 0 1 3 5 3 1 0 1 3 3 1 0 1 2 1 0 0 0 0 1 2 4 3 2 1 4 5 4 3 7 4 1 1 2 2 3 3 1
19 37113 1 3 4 3 1 0 0 1 3 5 3 1 0 1 4 3 1 0 1 2 1 0 0 0 0 1 2 4 3 2 0 5 5 4 4 7 4 1 0 1 2 3 3 1
19 35404 1 3 4 3 1 0 0 1 3 5 3 1 0 1 4 3 2 0 2 2 1 0 1 0 0 1 2 4 3 1 0 4 5 4 3 5 3 3 0 2 3 3 2 1
19 29833 1 3 4 3 1 0 0 1 3 5 4 1 0 0 2 4 2 0 0 1 1 0 0 0 0 1 3 3 2 0 2 5 8 4 2 7 4 1 1 2 2 3 3 1
19 30011 1 3 4 3 1 0 0 1 3 5 4 1 0 0 2 4 2 0 0 2 2 0 0 1 0 1 3 3 2 1 2 5 5 4 2 5 3 0 1 3 2 4 4 1
19 36410 1 3 4 3 1 0 0 1 3 5 4 1 0 1 3 5 2 0 0 2 2 0 0 1 0 1 2 3 2 1 1 4 6 4 2 6 3 1 1 2 2 3 3 1
19 28479 1 3 4 3 1 0 0 1 3 6 4 0 0 0 3 5 1 0 1 3 1 0 1 1 0 1 2 3 3 1 1 4 6 4 2 5 2 2 0 2 3 3 3 1
19 28309 1 3 4 3 1 0 0 1 3 6 4 1 0 0 3 4 1 0 1 3 1 0 1 0 0 1 2 3 2 1 1 5 6 4 2 5 3 3 0 2 3 3 2 1
19 30944 1 3 4 3 1 0 0 1 3 6 4 1 0 0 3 4 2 0 0 1 1 0 0 0 0 1 2 3 2 0 1 6 8 4 3 7 4 1 0 1 2 3 3 1
19 37149 1 3 4 3 1 0 0 1 3 6 4 1 0 0 4 5 2 0 0 2 2 0 0 1 0 1 2 3 2 1 0 5 6 4 3 6 3 1 0 1 2 3 3 1
19 35440 1 3 4 3 1 0 0 1 3 6 4 1 0 0 4 5 2 0 1 3 2 0 1 1 0 1 2 3 2 1 0 4 5 4 2 4 2 3 0 2 3 3 2 1
19 47482 1 3 4 3 1 0 0 1 4 5 3 0 0 0 1 2 0 0 0 0 0 0 0 0 0 0 3 4 3 0 3 8 11 3 3 8 3 1 0 1 3 3 4 1
19 48556 1 3 4 3 1 0 0 1 4 5 3 0 0 0 1 2 0 0 0 0 0 0 0 0 0 0 3 4 3 0 3 8 11 3 4 8 3 1 0 0 3 3 4 1
19 89365 1 3 4 3 1 0 0 1 4 5 3 0 0 0 2 2 0 0 1 1 0 0 0 0 0 0 3 4 4 1 2 6 9 4 3 8 3 2 0 1 2 3 3 1
19 47488 1 3 4 3 1 0 0 1 4 5 3 0 0 0 2 3 0 0 0 1 0 0 0 0 0 0 3 4 3 0 2 7 11 4 2 8 3 2 0 1 2 3 3 1
19 54527 1 3 4 3 1 0 0 1 4 5 3 0 0 0 2 3 0 0 0 1 0 0 0 0 0 0 3 4 3 1 2 7 9 4 4 8 3 2 0 0 2 3 3 1
19 47501 1 3 4 3 1 0 0 1 4 5 3 0 0 1 2 2 0 0 1 1 0 0 0 0 0 0 2 3 4 1 3 6 9 4 3 8 3 2 0 1 2 3 3 1
19 48575 1 3 4 3 1 0 0 1 4 5 3 0 0 1 2 2 0 0 1 1 0 0 0 0 0 0 2 4 4 1 2 6 9 4 4 8 3 2 0 0 2 3 3 1
19 89376 1 3 4 3 1 0 0 1 4 5 3 0 0 1 2 3 0 0 0 1 0 0 0 0 0 0 2 3 3 0 3 7 11 4 2 8 3 2 0 1 2 3 3 1
19 63724 1 3 4 3 1 0 0 1 4 5 3 0 0 1 2 3 0 0 0 1 0 0 0 0 0 0 2 3 3 1 3 7 9 4 4 8 3 2 0 0 2 3 3 1
19 48562 1 3 4 3 1 0 0 1 4 5 3 0 0 1 2 3 0 0 0 1 0 0 0 0 0 0 2 4 3 0 2 7 11 4 3 8 3 2 0 0 2 3 3 1
19 53825 1 3 4 3 1 0 0 1 4 5 3 0 0 1 2 3 0 0 0 1 0 0 0 0 0 0 2 4 3 1 2 7 9 4 3 8 3 2 0 1 2 3 3 1
19 95219 1 3 4 3 1 0 0 1 4 5 3 0 0 1 3 3 0 0 1 2 0 0 0 0 0 0 2 4 4 2 1 5 7 5 3 8 4 1 0 1 1 3 3 1
19 54546 1 3 4 3 1 0 0 1 4 5 3 0 0 1 3 3 0 0 1 2 0 0 0 0 0 0 2 4 4 2 1 5 7 5 4 8 4 1 0 0 1 3 3 1
19 93958 1 3 4 3 1 0 0 1 4 5 3 0 0 1 3 3 0 0 1 2 0 0 1 0 0 0 2 4 4 2 1 5 7 5 3 6 3 3 0 1 2 3 2 1
19 29026 1 3 4 3 1 0 0 1 4 5 3 0 0 1 3 3 0 0 2 3 1 0 1 1 0 0 2 4 4 1 1 3 7 3 2 5 1 3 1 2 4 3 3 1
19 63052 1 3 4 3 1 0 0 1 4 5 3 0 0 1 3 4 0 0 0 2 0 0 0 0 0 0 2 4 3 1 1 6 9 5 2 8 4 1 0 1 1 3 3 1
19 53831 1 3 4 3 1 0 0 1 4 5 3 0 0 1 3 4 0 0 0 2 0 0 1 0 0 0 2 4 3 1 1 6 9 5 2 6 3 3 0 1 2 3 2 1
19 54533 1 3 4 3 1 0 0 1 4 5 3 0 0 1 3 4 0 0 0 2 0 0 1 0 0 0 2 4 3 1 1 6 9 5 3 6 3 3 0 0 2 3 2 1
19 31668 1 3 4 3 1 0 0 1 4 5 3 0 0 1 3 4 1 0 1 2 2 0 0 1 0 0 2 4 3 1 1 4 6 3 2 5 2 1 1 3 3 4 4 1
19 53844 1 3 4 3 1 0 0 1 4 5 3 0 0 2 3 3 0 0 1 2 0 0 0 0 0 0 1 3 4 2 2 5 7 5 3 8 4 1 0 1 1 3 3 1
19 63064 1 3 4 3 1 0 0 1 4 5 3 0 0 2 3 3 0 0 1 2 0 0 1 0 0 0 1 3 4 2 2 5 7 5 3 6 3 3 0 1 2 3 2 1
19 63742 1 3 4 3 1 0 0 1 4 5 3 0 0 2 3 3 0 0 1 2 0 0 1 0 0 0 1 3 4 2 2 5 7 5 4 6 3 3 0 0 2 3 2 1
19 93969 1 3 4 3 1 0 0 1 4 5 3 0 0 2 3 4 0 0 0 2 0 0 0 0 0 0 1 3 3 1 2 6 9 5 2 8 4 1 0 1 1 3 3 1
19 63730 1 3 4 3 1 0 0 1 4 5 3 0 0 2 3 4 0 0 0 2 0 0 0 0 0 0 1 3 3 1 2 6 9 5 3 8 4 1 0 0 1 3 3 1
19 95431 1 3 4 3 1 0 0 1 4 5 3 0 0 2 3 4 0 0 0 2 0 0 1 0 0 0 1 3 3 1 2 6 9 5 2 6 3 3 0 1 2 3 2 1
19 28832 1 3 4 3 1 0 0 1 4 5 3 1 0 1 3 2 1 0 2 2 0 0 1 0 0 0 2 4 3 1 1 4 6 4 3 6 2 4 1 2 3 3 2 1
19 35780 1 3 4 3 1 0 0 1 4 5 3 1 0 2 4 3 2 0 2 2 1 0 1 0 0 0 1 3 3 1 1 3 5 4 3 5 3 3 1 2 3 3 2 1
19 89387 1 3 4 3 1 0 0 1 4 5 4 0 0 1 3 5 2 0 0 1 1 0 0 0 0 0 2 2 3 0 2 5 9 5 2 7 4 2 0 1 1 3 2 1
19 100450 1 3 4 3 1 0 0 1 4 5 4 0 0 2 4 6 2 0 0 2 1 0 1 1 0 0 1 2 3 1 1 4 7 6 2 5 3 2 0 1 1 3 2 1
19 93980 1 3 4 3 1 0 0 1 4 5 4 0 0 2 4 6 2 0 0 2 2 0 0 0 0 0 1 2 3 1 1 4 7 5 2 6 5 1 0 1 1 3 2 1
19 47514 1 3 4 3 1 0 0 1 4 5 4 1 0 1 3 3 1 0 1 2 1 0 0 0 0 0 2 2 3 1 2 5 8 5 2 7 4 2 0 1 1 3 2 1
19 71255 1 3 4 3 1 0 0 1 4 5 4 1 0 1 3 4 2 0 0 1 1 0 0 0 0 0 2 2 2 1 2 6 7 5 4 7 4 2 0 0 1 3 2 1
19 63076 1 3 4 3 1 0 0 1 4 5 4 1 0 2 4 4 1 0 1 3 1 0 1 1 0 0 1 2 3 2 1 4 6 6 2 5 3 2 0 1 1 3 2 1
19 53857 1 3 4 3 1 0 0 1 4 5 4 1 0 2 4 4 1 0 1 3 2 0 0 0 0 0 1 2 3 2 1 4 6 5 2 6 5 1 0 1 1 3 2 1
19 71271 1 3 4 3 1 0 0 1 4 5 4 1 0 2 4 4 2 0 1 2 1 0 1 1 0 0 1 2 3 2 1 4 5 6 4 5 3 2 0 0 1 3 2 1
19 71260 1 3 4 3 1 0 0 1 4 5 4 1 0 2 4 5 2 0 0 2 2 0 0 0 0 0 1 2 2 1 1 5 7 5 3 6 5 1 0 0 1 3 2 1
19 47538 1 3 4 3 1 0 0 1 4 6 4 0 0 0 2 5 2 0 0 1 1 0 0 0 0 0 2 3 3 0 2 5 9 5 2 7 4 2 0 1 1 3 2 1
19 29038 1 3 4 3 1 0 0 1 4 6 4 0 0 0 3 5 1 0 1 3 1 0 1 1 0 0 2 3 3 1 1 3 6 4 2 5 2 2 1 2 3 3 3 1
19 48612 1 3 4 3 1 0 0 1 4 6 4 0 0 1 3 5 2 0 0 1 1 0 0 0 0 0 1 3 3 0 1 5 9 5 3 7 4 2 0 0 1 3 2 1
19 53881 1 3 4 3 1 0 0 1 4 6 4 0 0 1 3 6 2 0 0 2 1 0 1 1 0 0 1 3 3 1 1 4 7 6 2 5 3 2 0 1 1 3 2 1
19 63088 1 3 4 3 1 0 0 1 4 6 4 0 0 1 3 6 2 0 0 2 2 0 0 0 0 0 1 3 3 1 1 4 7 5 2 6 5 1 0 1 1 3 2 1
19 54583 1 3 4 3 1 0 0 1 4 6 4 0 0 1 4 6 2 0 0 2 1 0 1 1 0 0 1 3 3 1 0 4 7 6 3 5 3 2 0 0 1 3 2 1
19 63766 1 3 4 3 1 0 0 1 4 6 4 0 0 2 4 6 2 0 0 2 2 0 0 0 0 0 0 2 3 1 1 4 7 5 3 6 5 1 0 0 1 3 2 1
19 89409 1 3 4 3 1 0 0 1 4 6 4 1 0 0 2 3 1 0 1 2 1 0 0 0 0 0 2 3 3 1 2 5 8 5 2 7 4 2 0 1 1 3 2 1
19 78280 1 3 4 3 1 0 0 1 4 6 4 1 0 0 2 4 2 0 0 1 1 0 0 0 0 0 2 3 2 1 2 6 7 5 4 7 4 2 0 0 1 3 2 1
19 47713 1 3 4 3 1 0 0 1 4 6 4 1 0 0 2 4 2 0 0 2 2 0 0 1 0 0 2 3 2 1 2 6 6 4 2 6 3 1 0 2 2 3 3 1
19 28868 1 3 4 3 1 0 0 1 4 6 4 1 0 0 3 4 1 0 1 3 1 0 1 0 0 0 2 3 2 1 1 4 6 4 2 5 3 3 1 2 3 3 2 1
19 31680 1 3 4 3 1 0 0 1 4 6 4 1 0 0 3 4 2 0 1 2 2 0 0 1 0 0 2 3 2 1 1 4 5 4 2 5 3 0 1 3 2 4 4 1
19 48588 1 3 4 3 1 0 0 1 4 6 4 1 0 1 3 3 1 0 1 2 1 0 0 0 0 0 1 3 3 1 1 5 8 5 3 7 4 2 0 0 1 3 2 1
19 46542 1 3 4 3 1 0 0 1 4 6 4 1 0 1 3 3 1 0 2 3 1 0 1 1 0 0 1 3 3 1 1 4 7 5 2 5 2 3 0 1 2 3 2 1
19 94002 1 3 4 3 1 0 0 1 4 6 4 1 0 1 3 4 1 0 1 3 1 0 1 1 0 0 1 3 3 2 1 4 6 6 2 5 3 2 0 1 1 3 2 1
19 100460 1 3 4 3 1 0 0 1 4 6 4 1 0 1 3 4 1 0 1 3 2 0 0 0 0 0 1 3 3 2 1 4 6 5 2 6 5 1 0 1 1 3 2 1
19 71030 1 3 4 3 1 0 0 1 4 6 4 1 0 1 3 4 2 0 0 1 1 0 0 0 0 0 1 3 2 1 1 6 7 5 3 7 4 2 0 1 1 3 2 1
19 78296 1 3 4 3 1 0 0 1 4 6 4 1 0 1 3 4 2 0 1 2 2 0 0 0 0 0 1 3 3 2 1 4 5 5 4 6 5 1 0 0 1 3 2 1
19 49335 1 3 4 3 1 0 0 1 4 6 4 1 0 1 3 4 2 0 1 2 2 0 0 1 0 0 1 3 2 1 1 5 6 4 2 6 3 1 0 2 2 3 3 1
19 78285 1 3 4 3 1 0 0 1 4 6 4 1 0 1 3 5 2 0 0 2 1 0 1 1 0 0 1 3 2 1 1 5 7 6 3 5 3 2 0 0 1 3 2 1
19 63200 1 3 4 3 1 0 0 1 4 6 4 1 0 1 3 5 3 0 0 2 3 0 0 1 0 0 1 3 2 0 1 5 7 4 1 5 4 0 0 2 2 3 3 1
19 54559 1 3 4 3 1 0 0 1 4 6 4 1 0 1 4 4 1 0 1 3 2 0 0 0 0 0 1 3 3 2 0 4 6 5 3 6 5 1 0 0 1 3 2 1
19 95252 1 3 4 3 1 0 0 1 4 6 4 1 0 1 4 4 2 0 1 2 1 0 1 1 0 0 1 3 3 2 0 4 5 6 3 5 3 2 0 1 1 3 2 1
19 95230 1 3 4 3 1 0 0 1 4 6 4 1 0 1 4 4 2 0 1 2 2 0 0 0 0 0 1 3 3 2 0 4 5 5 3 6 5 1 0 1 1 3 2 1
19 52930 1 3 4 3 1 0 0 1 4 6 4 1 0 1 4 4 2 0 2 3 2 0 1 1 0 0 1 3 3 1 0 3 6 5 2 4 3 2 0 1 2 3 2 1
19 78071 1 3 4 3 1 0 0 1 4 6 4 1 0 1 4 5 2 0 0 2 1 0 1 1 0 0 1 3 2 1 0 5 7 6 2 5 3 2 0 1 1 3 2 1
19 71035 1 3 4 3 1 0 0 1 4 6 4 1 0 1 4 5 2 0 0 2 2 0 0 0 0 0 1 3 2 1 0 5 7 5 2 6 5 1 0 1 1 3 2 1
19 35816 1 3 4 3 1 0 0 1 4 6 4 1 0 1 4 5 2 0 1 3 2 0 1 1 0 0 1 2 2 1 1 3 5 4 2 4 2 3 1 2 3 3 2 1
19 64236 1 3 4 3 1 0 0 1 4 6 4 1 0 1 4 5 3 0 1 2 3 0 0 1 0 0 1 3 2 0 0 4 7 4 1 5 4 0 0 2 2 3 3 1
19 63754 1 3 4 3 1 0 0 1 4 6 4 1 0 2 4 4 1 0 1 3 1 0 1 1 0 0 0 2 3 2 1 4 6 6 3 5 3 2 0 0 1 3 2 1
19 71046 1 3 4 3 1 0 0 1 4 6 4 1 0 2 4 4 2 0 1 2 1 0 1 1 0 0 0 2 3 2 1 4 5 6 3 5 3 2 0 1 1 3 2 1
19 78082 1 3 4 3 1 0 0 1 4 6 4 1 0 2 4 4 2 0 1 2 2 0 0 0 0 0 0 2 3 2 1 4 5 5 3 6 5 1 0 1 1 3 2 1
19 53296 1 3 4 3 1 0 0 1 4 6 4 1 0 2 4 4 2 0 2 3 2 0 1 1 0 0 0 2 3 1 1 3 6 5 2 4 3 2 0 1 2 3 2 1
19 95474 1 3 4 3 1 0 0 1 4 6 4 1 0 2 4 5 2 0 0 2 1 0 1 1 0 0 0 2 2 1 1 5 7 6 2 5 3 2 0 1 1 3 2 1
19 95452 1 3 4 3 1 0 0 1 4 6 4 1 0 2 4 5 2 0 0 2 2 0 0 0 0 0 0 2 2 1 1 5 7 5 2 6 5 1 0 1 1 3 2 1
19 47550 1 3 4 3 1 0 0 1 4 6 5 1 0 0 2 5 3 0 0 1 2 0 0 0 0 0 2 2 2 0 2 5 8 5 2 6 5 1 0 1 1 3 2 1
19 53893 1 3 4 3 1 0 0 1 4 6 5 1 0 1 3 6 3 0 0 2 3 0 0 1 0 0 1 2 2 1 1 4 6 5 2 5 4 1 0 1 1 3 2 1
19 106143 1 3 4 3 1 0 0 1 4 6 5 1 0 2 5 7 4 0 0 2 4 1 0 0 0 0 0 1 2 1 0 3 5 5 2 4 4 1 0 1 1 3 2 1
19 71283 1 3 4 3 1 0 0 1 4 6 5 1 0 2 5 7 4 0 0 2 4 1 0 0 0 0 0 1 2 1 0 3 5 5 3 4 4 1 0 0 1 3 2 1
19 47725 1 3 4 3 1 0 0 1 4 6 5 2 0 0 2 4 3 0 0 2 3 0 0 1 0 0 2 2 1 1 2 6 5 4 2 5 4 0 0 2 2 3 3 1
19 80647 1 3 4 3 1 0 0 1 4 6 5 2 0 0 2 4 4 0 0 0 2 0 0 0 0 0 2 2 1 0 2 6 7 5 4 6 5 1 0 0 1 3 2 1
19 80663 1 3 4 3 1 0 0 1 4 6 5 2 0 1 3 4 4 0 1 1 3 0 0 1 0 0 1 2 2 1 1 4 5 5 4 5 4 1 0 0 1 3 2 1
19 80652 1 3 4 3 1 0 0 1 4 6 5 2 0 1 3 5 4 0 0 1 3 0 0 1 0 0 1 2 1 0 1 5 7 5 3 5 4 1 0 0 1 3 2 1
19 63212 1 3 4 3 1 0 0 1 4 6 5 2 0 1 3 5 4 0 0 2 4 0 0 2 0 0 1 2 1 0 1 5 6 4 1 4 3 0 0 2 2 3 3 1
19 78094 1 3 4 3 1 0 0 1 4 6 5 2 0 2 5 5 3 0 1 3 4 1 0 0 0 0 0 1 2 2 0 3 4 5 2 4 4 1 0 1 1 3 2 1
19 46572 1 3 4 3 1 0 0 1 4 7 5 1 0 0 3 5 2 0 1 3 2 0 1 1 0 0 1 2 2 1 1 4 6 5 2 4 3 2 0 1 2 3 2 1
19 48624 1 3 4 3 1 0 0 1 4 7 5 1 0 0 3 5 3 0 0 1 2 0 0 0 0 0 1 2 2 0 1 5 8 5 3 6 5 1 0 0 1 3 2 1
19 54595 1 3 4 3 1 0 0 1 4 7 5 1 0 0 4 6 3 0 0 2 3 0 0 1 0 0 1 2 2 1 0 4 6 5 3 5 4 1 0 0 1 3 2 1
19 52966 1 3 4 3 1 0 0 1 4 7 5 1 0 0 4 6 3 0 1 3 3 0 1 2 0 0 1 2 2 1 0 3 5 5 2 3 2 2 0 1 2 3 2 1
19 63778 1 3 4 3 1 0 0 1 4 7 5 1 0 1 4 6 3 0 0 2 3 0 0 1 0 0 0 1 2 1 1 4 6 5 3 5 4 1 0 0 1 3 2 1
19 53332 1 3 4 3 1 0 0 1 4 7 5 1 0 1 4 6 3 0 1 3 3 0 1 2 0 0 0 1 2 1 1 3 5 5 2 3 2 2 0 1 2 3 2 1
19 71058 1 3 4 3 1 0 0 1 4 7 5 1 0 1 4 7 4 0 0 2 4 1 0 0 0 0 0 2 2 1 0 3 5 5 2 4 4 1 0 1 1 3 2 1
19 49347 1 3 4 3 1 0 0 1 4 7 5 2 0 0 3 4 3 0 1 2 3 0 0 1 0 0 1 2 1 1 1 5 5 4 2 5 4 0 0 2 2 3 3 1
19 80492 1 3 4 3 1 0 0 1 4 7 5 2 0 0 3 4 4 0 0 0 2 0 0 0 0 0 1 2 1 0 1 6 7 5 3 6 5 1 0 1 1 3 2 1
19 95262 1 3 4 3 1 0 0 1 4 7 5 2 0 0 4 4 4 0 1 1 3 0 0 1 0 0 1 2 2 1 0 4 5 5 3 5 4 1 0 1 1 3 2 1
19 80497 1 3 4 3 1 0 0 1 4 7 5 2 0 0 4 5 4 0 0 1 3 0 0 1 0 0 1 2 1 0 0 5 7 5 2 5 4 1 0 1 1 3 2 1
19 64248 1 3 4 3 1 0 0 1 4 7 5 2 0 0 4 5 4 0 1 2 4 0 0 2 0 0 1 2 1 0 0 4 6 4 1 4 3 0 0 2 2 3 3 1
19 80508 1 3 4 3 1 0 0 1 4 7 5 2 0 1 4 4 4 0 1 1 3 0 0 1 0 0 0 1 2 1 1 4 5 5 3 5 4 1 0 1 1 3 2 1
19 105770 1 3 4 3 1 0 0 1 4 7 5 2 0 1 4 5 3 0 1 3 4 1 0 0 0 0 0 2 2 2 0 3 4 5 2 4 4 1 0 1 1 3 2 1
19 78308 1 3 4 3 1 0 0 1 4 7 5 2 0 1 4 5 3 0 1 3 4 1 0 0 0 0 0 2 2 2 0 3 4 5 3 4 4 1 0 0 1 3 2 1
19 95484 1 3 4 3 1 0 0 1 4 7 5 2 0 1 4 5 4 0 0 1 3 0 0 1 0 0 0 1 1 0 1 5 7 5 2 5 4 1 0 1 1 3 2 1
19 88537 1 3 4 3 2 0 0 1 3 3 4 0 0 1 2 4 1 0 1 2 2 0 0 1 0 1 3 3 4 1 2 3 7 3 2 6 2 2 1 2 3 3 3 1
19 88569 1 3 4 3 2 0 0 1 3 4 5 1 0 0 1 4 2 0 1 2 2 0 0 1 0 1 3 3 3 1 2 3 6 4 2 6 3 1 1 2 2 3 3 1
19 89396 1 3 4 3 2 0 0 1 4 4 5 1 0 1 2 4 2 0 1 2 2 0 0 1 0 0 2 2 3 1 2 4 7 5 2 6 3 2 0 1 1 3 2 1
19 93989 1 3 4 3 2 0 0 1 4 4 5 1 0 2 3 5 3 0 1 2 3 0 0 1 0 0 1 2 3 1 1 3 6 5 2 5 4 1 0 1 1 3 2 1
19 89428 1 3 4 3 2 0 0 1 4 5 6 2 0 0 1 4 3 0 1 2 3 0 0 1 0 0 2 2 2 1 2 4 6 5 2 5 4 1 0 1 1 3 2 1
19 94021 1 3 4 3 2 0 0 1 4 5 6 2 0 1 2 5 4 0 1 2 4 0 0 2 0 0 1 2 2 1 1 3 5 5 2 4 3 1 0 1 1 3 2 1
19 74023 1 3 4 3 2 1 0 1 3 3 2 2 0 1 2 1 1 0 1 2 0 0 1 0 0 1 3 3 2 2 3 6 4 4 3 6 2 4 1 3 3 3 2 1
19 29807 1 3 4 3 2 1 0 1 3 3 2 2 0 1 3 1 1 0 2 2 0 0 1 0 0 1 3 3 3 2 2 4 5 5 3 6 3 3 1 2 2 3 2 1
19 74028 1 3 4 3 2 1 0 1 3 3 2 2 0 2 3 2 2 0 1 2 1 0 1 0 0 1 2 3 2 1 2 5 5 4 2 5 3 3 1 3 3 3 2 1
19 36384 1 3 4 3 2 1 0 1 3 3 2 2 0 2 4 2 2 0 2 2 1 0 1 0 0 1 2 3 3 2 1 3 4 5 3 5 4 2 1 2 2 3 2 1
19 82488 1 3 4 3 2 1 0 1 3 3 3 2 0 1 2 3 2 0 0 2 1 0 1 0 0 1 3 2 1 1 3 6 5 4 2 5 3 3 1 3 3 3 2 1
19 82493 1 3 4 3 2 1 0 1 3 3 3 2 0 2 3 4 3 0 0 2 2 0 1 1 0 1 2 2 1 0 2 5 6 4 1 4 2 3 1 3 3 3 2 1
19 29843 1 3 4 3 2 1 0 1 3 4 3 2 0 0 2 3 2 0 1 2 1 0 1 0 0 1 3 3 2 1 2 4 6 5 2 5 4 2 1 2 2 3 2 1
19 36420 1 3 4 3 2 1 0 1 3 4 3 2 0 1 3 4 3 0 1 2 2 0 1 1 0 1 2 3 2 1 1 3 5 5 2 4 3 2 1 2 2 3 2 1
19 31357 1 3 4 3 2 1 0 1 4 3 2 2 0 2 3 1 1 0 2 2 0 0 1 0 0 0 2 3 2 2 2 5 4 4 3 6 2 4 1 3 3 3 2 1
19 37380 1 3 4 3 2 1 0 1 4 3 2 2 0 3 4 2 2 0 2 2 1 0 1 0 0 0 1 2 2 1 2 4 5 4 2 5 3 3 1 3 3 3 2 1
19 74039 1 3 4 3 2 1 0 1 4 4 2 2 0 1 3 2 1 0 1 3 1 0 1 1 0 0 2 3 2 2 2 6 5 5 2 5 2 3 0 2 2 3 2 1
19 49030 1 3 4 3 2 1 0 1 4 4 2 2 0 2 4 2 1 0 2 3 1 0 1 1 0 0 1 3 2 2 1 5 5 5 2 5 2 3 0 2 2 3 2 1
19 74044 1 3 4 3 2 1 0 1 4 4 2 2 0 2 4 3 2 0 1 3 2 0 1 1 0 0 1 3 2 1 1 5 6 5 1 4 3 2 0 2 2 3 2 1
19 54819 1 3 4 3 2 1 0 1 4 4 2 2 0 3 5 3 2 0 2 3 2 0 1 1 0 0 0 2 2 1 1 4 6 5 1 4 3 2 0 2 2 3 2 1
19 47524 1 3 4 3 2 1 0 1 4 4 3 2 0 1 3 2 1 0 2 3 1 0 1 1 0 0 2 2 3 2 2 4 6 6 2 5 3 2 0 1 1 3 2 1
19 31393 1 3 4 3 2 1 0 1 4 4 3 2 0 1 3 3 2 0 1 2 1 0 1 0 0 0 2 2 1 1 2 5 5 4 2 5 3 3 1 3 3 3 2 1
19 73918 1 3 4 3 2 1 0 1 4 4 3 2 0 1 3 3 2 0 1 2 2 0 0 1 0 0 2 2 2 2 2 5 5 5 4 6 3 2 0 0 1 3 2 1
19 82504 1 3 4 3 2 1 0 1 4 4 3 2 0 1 3 4 3 0 0 2 2 0 1 1 0 0 2 2 1 1 2 6 5 5 2 4 3 2 0 2 2 3 2 1
19 53867 1 3 4 3 2 1 0 1 4 4 3 2 0 2 4 3 2 0 2 3 2 0 1 1 0 0 1 2 3 2 1 3 5 6 2 4 4 1 0 1 1 3 2 1
19 37416 1 3 4 3 2 1 0 1 4 4 3 2 0 2 4 4 3 0 1 2 2 0 1 1 0 0 1 1 1 0 2 4 6 4 1 4 2 3 1 3 3 3 2 1
19 73923 1 3 4 3 2 1 0 1 4 4 3 2 0 2 4 4 3 0 1 2 3 0 0 1 0 0 1 2 2 1 1 4 6 5 3 5 4 1 0 0 1 3 2 1
19 82509 1 3 4 3 2 1 0 1 4 4 3 2 0 2 4 5 4 0 0 2 3 0 1 2 0 0 1 2 1 0 1 5 6 5 1 3 2 2 0 2 2 3 2 1
19 49066 1 3 4 3 2 1 0 1 4 5 3 2 0 1 4 4 3 0 1 2 2 0 1 1 0 0 1 2 1 1 1 5 5 5 2 4 3 2 0 2 2 3 2 1
19 54855 1 3 4 3 2 1 0 1 4 5 3 2 0 2 5 5 4 0 1 2 3 0 1 2 0 0 0 1 1 0 1 4 6 5 1 3 2 2 0 2 2 3 2 1
19 47560 1 3 4 3 2 1 0 1 4 5 4 2 0 0 2 4 3 0 1 2 2 0 1 1 0 0 2 2 2 1 2 4 6 6 2 4 4 1 0 1 1 3 2 1
19 53903 1 3 4 3 2 1 0 1 4 5 4 2 0 1 3 5 4 0 1 2 3 0 1 2 0 0 1 2 2 1 1 3 5 6 2 3 3 1 0 1 1 3 2 1
19 82431 1 3 4 3 2 1 0 1 4 5 4 3 0 0 2 3 4 0 1 1 3 0 0 1 0 0 2 2 1 1 2 5 5 5 4 5 4 1 0 0 1 3 2 1
19 82436 1 3 4 3 2 1 0 1 4 5 4 3 0 1 3 4 5 0 1 1 4 0 0 2 0 0 1 2 1 0 1 4 6 5 3 4 3 1 0 0 1 3 2 1
19 30001 1 3 4 4 2 0 0 1 2 4 4 0 0 0 1 4 1 0 0 2 2 0 0 1 0 1 3 4 4 1 2 4 7 3 2 6 2 2 1 2 3 3 3 1
19 26724 1 3 4 4 2 0 0 1 2 4 4 0 0 0 2 4 0 0 2 4 0 0 2 0 0 1 3 4 4 2 1 2 4 4 2 4 2 4 1 3 4 3 2 1
19 31112 1 3 4 4 2 0 0 1 2 4 4 0 0 1 2 4 1 0 1 2 2 0 0 1 0 1 2 4 4 1 1 4 7 3 3 6 2 2 0 1 3 3 3 1
19 30013 1 3 4 4 2 0 0 1 2 4 5 1 0 0 1 4 2 0 0 2 2 0 0 1 0 1 3 3 3 1 2 4 6 4 2 6 3 1 1 2 2 3 3 1
19 28489 1 3 4 4 2 0 0 1 2 5 5 1 0 0 2 4 1 0 2 4 1 0 2 1 0 1 2 3 3 2 1 3 4 5 2 3 2 3 0 2 3 3 2 1
19 31124 1 3 4 4 2 0 0 1 2 5 5 1 0 0 2 4 2 0 1 2 2 0 0 1 0 1 2 3 3 1 1 4 6 4 3 6 3 1 0 1 2 3 3 1
19 47715 1 3 4 4 2 0 0 1 3 5 5 1 0 0 1 4 2 0 0 2 2 0 0 1 0 0 2 3 3 1 2 5 7 5 2 6 3 2 0 1 1 3 2 1
19 29048 1 3 4 4 2 0 0 1 3 5 5 1 0 0 2 4 1 0 2 4 1 0 2 1 0 0 2 3 3 2 1 2 4 5 2 3 2 3 1 2 3 3 2 1
19 48789 1 3 4 4 2 0 0 1 3 5 5 1 0 1 2 4 2 0 1 2 2 0 0 1 0 0 1 3 3 1 1 4 7 5 3 6 3 2 0 0 1 3 2 1
19 63202 1 3 4 4 2 0 0 1 3 5 5 1 0 1 2 5 3 0 0 2 3 0 0 1 0 0 1 3 3 1 1 4 6 5 2 5 4 1 0 1 1 3 2 1
19 63880 1 3 4 4 2 0 0 1 3 5 5 1 0 2 3 5 3 0 1 2 3 0 0 1 0 0 0 2 3 1 1 3 6 5 3 5 4 1 0 0 1 3 2 1
19 47727 1 3 4 4 2 0 0 1 3 5 6 2 0 0 1 4 3 0 0 2 3 0 0 1 0 0 2 2 2 1 2 5 6 5 2 5 4 1 0 1 1 3 2 1
19 63214 1 3 4 4 2 0 0 1 3 5 6 2 0 1 2 5 4 0 0 2 4 0 0 2 0 0 1 2 2 1 1 4 5 5 2 4 3 1 0 1 1 3 2 1
19 46703 1 3 4 4 2 0 0 1 3 6 6 2 0 0 2 4 2 0 2 4 2 0 2 2 0 0 1 2 2 2 1 3 4 6 2 2 2 2 0 1 2 3 2 1
19 48801 1 3 4 4 2 0 0 1 3 6 6 2 0 0 2 4 3 0 1 2 3 0 0 1 0 0 1 2 2 1 1 4 6 5 3 5 4 1 0 0 1 3 2 1
19 63892 1 3 4 4 2 0 0 1 3 6 6 2 0 1 3 5 4 0 1 2 4 0 0 2 0 0 0 1 2 1 1 3 5 5 3 4 3 1 0 0 1 3 2 1
19 88708 1 3 4 4 2 1 0 1 2 4 2 2 0 0 2 1 1 0 1 2 0 0 1 0 0 1 3 4 3 2 2 5 5 5 3 6 3 3 1 2 2 3 2 1
19 30918 1 3 4 4 2 1 0 1 2 4 2 2 0 1 3 1 1 0 2 2 0 0 1 0 0 1 2 4 3 2 1 5 5 5 4 6 3 3 0 1 2 3 2 1
19 100051 1 3 4 4 2 1 0 1 2 4 2 2 0 1 3 2 2 0 1 2 1 0 1 0 0 1 2 4 3 2 1 4 4 5 3 5 4 2 1 2 2 3 2 1
19 37123 1 3 4 4 2 1 0 1 2 4 2 2 0 1 4 2 2 0 2 2 1 0 1 0 0 1 2 4 3 2 0 4 4 5 4 5 4 2 0 1 2 3 2 1
19 88718 1 3 4 4 2 1 0 1 2 4 3 2 0 0 2 3 2 0 0 2 1 0 1 0 0 1 3 3 2 1 2 5 6 5 2 5 4 2 1 2 2 3 2 1
19 100061 1 3 4 4 2 1 0 1 2 4 3 2 0 1 3 4 3 0 0 2 2 0 1 1 0 1 2 3 2 1 1 4 5 5 2 4 3 2 1 2 2 3 2 1
19 30954 1 3 4 4 2 1 0 1 2 5 3 2 0 0 3 3 2 0 1 2 1 0 1 0 0 1 2 3 2 1 1 5 6 5 3 5 4 2 0 1 2 3 2 1
19 37159 1 3 4 4 2 1 0 1 2 5 3 2 0 0 4 4 3 0 1 2 2 0 1 1 0 1 2 3 2 1 0 4 5 5 3 4 3 2 0 1 2 3 2 1
19 89567 1 3 4 4 2 1 0 1 3 5 3 2 0 0 2 2 1 0 1 3 1 0 1 1 0 0 2 3 3 2 2 5 6 6 2 5 3 2 0 1 1 3 2 1
19 48598 1 3 4 4 2 1 0 1 3 5 3 2 0 1 3 2 1 0 2 3 1 0 1 1 0 0 1 3 3 2 1 4 6 6 3 5 3 2 0 0 1 3 2 1
19 73608 1 3 4 4 2 1 0 1 3 5 3 2 0 1 3 3 2 0 1 2 2 0 0 1 0 0 1 3 2 2 1 5 5 5 3 6 3 2 0 1 1 3 2 1
19 100555 1 3 4 4 2 1 0 1 3 5 3 2 0 1 3 3 2 0 1 3 2 0 1 1 0 0 1 3 3 2 1 4 5 6 2 4 4 1 0 1 1 3 2 1
19 54569 1 3 4 4 2 1 0 1 3 5 3 2 0 1 4 3 2 0 2 3 2 0 1 1 0 0 1 3 3 2 0 3 5 6 3 4 4 1 0 0 1 3 2 1
19 73613 1 3 4 4 2 1 0 1 3 5 3 2 0 1 4 4 3 0 1 2 3 0 0 1 0 0 1 3 2 1 0 4 6 5 2 5 4 1 0 1 1 3 2 1
19 95461 1 3 4 4 2 1 0 1 3 5 3 2 0 2 4 4 3 0 1 2 3 0 0 1 0 0 0 2 2 1 1 4 6 5 2 5 4 1 0 1 1 3 2 1
19 89577 1 3 4 4 2 1 0 1 3 5 4 2 0 0 2 4 3 0 0 2 2 0 1 1 0 0 2 2 2 1 2 5 6 6 2 4 4 1 0 1 1 3 2 1
19 100565 1 3 4 4 2 1 0 1 3 5 4 2 0 1 3 5 4 0 0 2 3 0 1 2 0 0 1 2 2 1 1 4 5 6 2 3 3 1 0 1 1 3 2 1
19 48634 1 3 4 4 2 1 0 1 3 6 4 2 0 0 3 4 3 0 1 2 2 0 1 1 0 0 1 2 2 1 1 4 6 6 3 4 4 1 0 0 1 3 2 1
19 54605 1 3 4 4 2 1 0 1 3 6 4 2 0 0 4 5 4 0 1 2 3 0 1 2 0 0 1 2 2 1 0 3 5 6 3 3 3 1 0 0 1 3 2 1
19 82276 1 3 4 4 2 1 0 1 3 6 4 3 0 0 3 3 4 0 1 1 3 0 0 1 0 0 1 2 1 1 1 5 5 5 3 5 4 1 0 1 1 3 2 1
19 82281 1 3 4 4 2 1 0 1 3 6 4 3 0 0 4 4 5 0 1 1 4 0 0 2 0 0 1 2 1 0 0 4 6 5 2 4 3 1 0 1 1 3 2 1
19 95493 1 3 4 4 2 1 0 1 3 6 4 3 0 1 4 4 5 0 1 1 4 0 0 2 0 0 0 1 1 0 1 4 6 5 2 4 3 1 0 1 1 3 2 1
19 30023 1 3 4 4 3 1 0 1 2 3 4 2 0 0 1 3 2 0 1 3 2 0 1 1 0 1 3 3 3 2 2 3 4 5 2 4 3 2 1 2 2 3 2 1
19 47737 1 3 4 4 3 1 0 1 3 4 5 3 0 0 1 3 3 0 1 3 3 0 1 2 0 0 2 2 2 2 2 4 4 6 2 3 3 1 0 1 1 3 2 1
19 74053 1 3 4 4 3 2 1 1 3 4 2 2 2 2 5 3 0 1 3 6 2 0 3 4 2 0 0 2 2 2 0 2 2 2 1 2 0 2 0 2 2 3 2 1
19 73622 1 3 4 4 3 2 1 1 3 4 3 2 2 2 5 4 1 1 3 5 3 0 2 4 2 0 0 1 2 2 0 1 2 2 2 3 1 1 0 1 1 3 2 1
19 73932 1 3 4 4 3 2 1 1 3 4 3 2 2 2 5 4 1 1 3 5 3 0 2 4 2 0 0 1 2 2 0 1 2 2 3 3 1 1 0 0 1 3 2 1
19 82518 1 3 4 4 3 2 1 1 3 4 3 2 2 2 5 5 2 2 2 5 3 1 2 3 1 0 0 1 1 1 0 2 2 2 1 2 0 2 0 2 2 3 2 1
19 74065 1 3 4 4 3 2 1 1 3 5 3 2 2 1 5 5 2 2 2 5 3 1 2 3 1 0 0 1 1 1 0 2 2 2 1 2 0 2 0 2 2 3 2 1
19 73634 1 3 4 4 3 2 1 1 3 5 4 2 2 1 4 6 3 2 2 4 4 1 1 3 1 0 0 1 1 1 0 1 2 2 2 3 1 1 0 1 1 3 2 1
19 73944 1 3 4 4 3 2 1 1 3 5 4 2 2 1 5 6 3 2 2 4 4 1 1 3 1 0 0 0 1 1 0 1 2 2 3 3 1 1 0 0 1 3 2 1
19 82445 1 3 4 4 3 2 1 1 3 5 4 3 2 1 4 4 3 2 3 4 4 1 1 3 1 0 0 1 1 1 0 1 2 2 3 3 1 1 0 0 1 3 2 1
19 82290 1 3 4 4 3 2 1 1 3 5 4 3 2 1 5 4 3 2 3 4 4 1 1 3 1 0 0 0 1 1 0 1 2 2 2 3 1 1 0 1 1 3 2 1
19 31134 1 3 4 5 3 1 0 1 1 4 4 2 0 0 2 3 2 0 2 3 2 0 1 1 0 1 2 3 3 2 1 3 4 5 3 4 3 2 0 1 2 3 2 1
19 48811 1 3 4 5 3 1 0 1 2 5 5 3 0 0 2 3 3 0 2 3 3 0 1 2 0 0 1 2 2 2 1 3 4 6 3 3 3 1 0 0 1 3 2 1
19 107985 1 3 4 5 3 2 1 1 2 5 3 2 2 1 4 4 1 1 2 5 3 0 2 4 2 0 0 2 2 2 0 2 2 2 2 3 1 1 0 1 1 3 2 1
19 113782 1 3 4 5 3 2 1 1 2 5 4 2 2 1 4 6 3 2 1 4 4 1 1 3 1 0 0 1 1 1 0 2 2 2 2 3 1 1 0 1 1 3 2 1
19 107997 1 3 4 5 3 2 1 1 2 6 4 3 2 0 4 4 3 2 2 4 4 1 1 3 1 0 0 1 1 1 0 2 2 2 2 3 1 1 0 1 1 3 2 1
19 31432 1 3 5 3 1 0 0 0 4 4 2 0 0 0 1 1 0 0 0 0 0 0 0 0 0 0 4 5 3 0 3 8 9 2 3 7 2 1 1 3 4 4 5 1
19 31452 1 3 5 3 1 0 0 0 4 4 2 0 0 1 2 1 0 0 1 0 0 0 0 0 0 0 3 5 4 1 2 6 8 3 4 7 2 2 1 2 3 4 4 1
19 37455 1 3 5 3 1 0 0 0 4 4 2 0 0 1 2 2 0 0 0 1 0 0 0 0 0 0 3 4 3 1 3 7 7 3 3 7 2 2 1 3 3 4 4 1
19 31438 1 3 5 3 1 0 0 0 4 4 2 0 0 1 2 2 0 0 0 1 0 0 0 0 0 0 3 5 3 0 2 7 9 2 2 8 2 2 1 3 4 3 4 1
19 37474 1 3 5 3 1 0 0 0 4 4 2 0 0 2 3 2 0 0 1 1 0 0 0 0 0 0 2 4 4 2 2 5 6 4 4 7 3 1 1 2 2 4 4 1
19 37461 1 3 5 3 1 0 0 0 4 4 2 0 0 2 3 3 0 0 0 2 0 0 1 0 0 0 2 4 3 1 2 6 7 3 2 6 2 3 1 3 4 3 3 1
19 49104 1 3 5 3 1 0 0 0 4 5 3 0 0 0 1 2 0 0 0 0 0 0 0 0 0 0 3 4 3 0 3 8 11 3 3 8 3 1 0 1 3 3 4 1
19 64083 1 3 5 3 1 0 0 0 4 5 3 0 0 0 2 3 0 0 0 1 0 0 0 0 0 0 3 4 3 1 2 7 9 4 3 8 3 2 0 1 2 3 3 1
19 49123 1 3 5 3 1 0 0 0 4 5 3 0 0 1 2 2 0 0 1 1 0 0 0 0 0 0 2 4 4 1 2 6 9 4 3 8 3 2 0 1 2 3 3 1
19 54893 1 3 5 3 1 0 0 0 4 5 3 0 0 1 2 3 0 0 0 1 0 0 0 0 0 0 2 3 3 1 3 7 9 4 3 8 3 2 0 1 2 3 3 1
19 49110 1 3 5 3 1 0 0 0 4 5 3 0 0 1 2 3 0 0 0 1 0 0 0 0 0 0 2 4 3 0 2 7 11 4 2 8 3 2 0 1 2 3 3 1
19 64100 1 3 5 3 1 0 0 0 4 5 3 0 0 1 3 3 0 0 1 2 0 0 1 0 0 0 2 4 4 2 1 5 7 5 3 6 3 3 0 1 2 3 2 1
19 64088 1 3 5 3 1 0 0 0 4 5 3 0 0 1 3 4 0 0 0 2 0 0 0 0 0 0 2 4 3 1 1 6 9 5 2 8 4 1 0 1 1 3 3 1
19 31490 1 3 5 3 1 0 0 0 4 5 3 0 0 1 3 4 1 0 0 1 1 0 0 0 0 0 2 4 3 0 1 5 9 3 2 7 3 2 1 2 3 3 3 1
19 54911 1 3 5 3 1 0 0 0 4 5 3 0 0 2 3 3 0 0 1 2 0 0 0 0 0 0 1 3 4 2 2 5 7 5 3 8 4 1 0 1 1 3 3 1
19 54899 1 3 5 3 1 0 0 0 4 5 3 0 0 2 3 4 0 0 0 2 0 0 1 0 0 0 1 3 3 1 2 6 9 5 2 6 3 3 0 1 2 3 2 1
19 37512 1 3 5 3 1 0 0 0 4 5 3 0 0 2 4 5 1 0 0 2 1 0 1 1 0 0 1 3 3 1 1 4 7 4 2 5 2 2 1 2 3 3 3 1
19 31466 1 3 5 3 1 0 0 0 4 5 3 1 0 1 3 2 1 0 1 1 0 0 0 0 0 0 2 4 3 1 1 5 7 4 3 8 3 2 1 2 2 3 3 1
19 37488 1 3 5 3 1 0 0 0 4 5 3 1 0 2 4 3 1 0 1 2 1 0 0 0 0 0 1 3 3 2 1 4 5 4 3 7 4 1 1 2 2 3 3 1
19 78416 1 3 5 3 1 0 0 0 4 5 4 1 0 1 3 4 2 0 0 1 1 0 0 0 0 0 2 2 2 1 2 6 7 5 3 7 4 2 0 1 1 3 2 1
19 78432 1 3 5 3 1 0 0 0 4 5 4 1 0 2 4 4 2 0 1 2 2 0 0 0 0 0 1 2 3 2 1 4 5 5 3 6 5 1 0 1 1 3 2 1
19 78421 1 3 5 3 1 0 0 0 4 5 4 1 0 2 4 5 2 0 0 2 1 0 1 1 0 0 1 2 2 1 1 5 7 6 2 5 3 2 0 1 1 3 2 1
19 49160 1 3 5 3 1 0 0 0 4 6 4 0 0 1 3 5 2 0 0 1 1 0 0 0 0 0 1 3 3 0 1 5 9 5 2 7 4 2 0 1 1 3 2 1
19 64124 1 3 5 3 1 0 0 0 4 6 4 0 0 1 4 6 2 0 0 2 2 0 0 0 0 0 1 3 3 1 0 4 7 5 2 6 5 1 0 1 1 3 2 1
19 54948 1 3 5 3 1 0 0 0 4 6 4 0 0 2 4 6 2 0 0 2 1 0 1 1 0 0 0 2 3 1 1 4 7 6 2 5 3 2 0 1 1 3 2 1
19 71391 1 3 5 3 1 0 0 0 4 6 4 1 0 0 2 4 2 0 0 1 1 0 0 0 0 0 2 3 2 1 2 6 7 5 3 7 4 2 0 1 1 3 2 1
19 31502 1 3 5 3 1 0 0 0 4 6 4 1 0 0 3 4 2 0 0 1 1 0 0 0 0 0 2 3 2 0 1 5 8 4 2 7 4 1 1 2 2 3 3 1
19 49136 1 3 5 3 1 0 0 0 4 6 4 1 0 1 3 3 1 0 1 2 1 0 0 0 0 0 1 3 3 1 1 5 8 5 2 7 4 2 0 1 1 3 2 1
19 71407 1 3 5 3 1 0 0 0 4 6 4 1 0 1 3 4 2 0 1 2 1 0 1 1 0 0 1 3 3 2 1 4 5 6 3 5 3 2 0 1 1 3 2 1
19 71396 1 3 5 3 1 0 0 0 4 6 4 1 0 1 3 5 2 0 0 2 2 0 0 0 0 0 1 3 2 1 1 5 7 5 2 6 5 1 0 1 1 3 2 1
19 64112 1 3 5 3 1 0 0 0 4 6 4 1 0 1 4 4 1 0 1 3 1 0 1 1 0 0 1 3 3 2 0 4 6 6 2 5 3 2 0 1 1 3 2 1
19 37524 1 3 5 3 1 0 0 0 4 6 4 1 0 1 4 5 2 0 0 2 2 0 0 1 0 0 1 2 2 1 1 4 6 4 2 6 3 1 1 2 2 3 3 1
19 54924 1 3 5 3 1 0 0 0 4 6 4 1 0 2 4 4 1 0 1 3 2 0 0 0 0 0 0 2 3 2 1 4 6 5 2 6 5 1 0 1 1 3 2 1
19 80748 1 3 5 3 1 0 0 0 4 6 5 2 0 0 2 4 4 0 0 0 2 0 0 0 0 0 2 2 1 0 2 6 7 5 3 6 5 1 0 1 1 3 2 1
19 80764 1 3 5 3 1 0 0 0 4 6 5 2 0 1 3 4 4 0 1 1 3 0 0 1 0 0 1 2 2 1 1 4 5 5 3 5 4 1 0 1 1 3 2 1
19 80753 1 3 5 3 1 0 0 0 4 6 5 2 0 1 3 5 4 0 0 1 3 0 0 1 0 0 1 2 1 0 1 5 7 5 2 5 4 1 0 1 1 3 2 1
19 78443 1 3 5 3 1 0 0 0 4 6 5 2 0 2 5 5 3 0 1 3 4 1 0 0 0 0 0 1 2 2 0 3 4 5 2 4 4 1 0 1 1 3 2 1
19 49172 1 3 5 3 1 0 0 0 4 7 5 1 0 0 3 5 3 0 0 1 2 0 0 0 0 0 1 2 2 0 1 5 8 5 2 6 5 1 0 1 1 3 2 1
19 64136 1 3 5 3 1 0 0 0 4 7 5 1 0 0 4 6 3 0 0 2 3 0 0 1 0 0 1 2 2 1 0 4 6 5 2 5 4 1 0 1 1 3 2 1
19 54960 1 3 5 3 1 0 0 0 4 7 5 1 0 1 4 6 3 0 0 2 3 0 0 1 0 0 0 1 2 1 1 4 6 5 2 5 4 1 0 1 1 3 2 1
19 71418 1 3 5 3 1 0 0 0 4 7 5 1 0 1 4 7 4 0 0 2 4 1 0 0 0 0 0 2 2 1 0 3 5 5 2 4 4 1 0 1 1 3 2 1
19 90587 1 3 5 4 2 0 0 0 3 4 4 0 0 0 0 2 0 0 0 0 0 0 0 0 0 0 3 4 4 0 3 7 12 4 3 8 4 0 0 0 2 3 4 1
19 90592 1 3 5 4 2 0 0 0 3 4 4 0 0 0 1 3 0 0 0 1 0 0 0 0 0 0 3 4 4 1 2 6 10 5 3 8 4 1 0 0 1 3 3 1
19 90603 1 3 5 4 2 0 0 0 3 4 4 0 0 1 1 3 0 0 0 1 0 0 0 0 0 0 2 3 4 1 3 6 10 5 3 8 4 1 0 0 1 3 3 1
19 91446 1 3 5 4 2 0 0 0 3 4 4 0 0 1 1 3 0 0 0 1 0 0 0 0 0 0 2 4 4 1 2 6 10 5 3 8 4 1 0 0 1 3 3 1
19 95220 1 3 5 4 2 0 0 0 3 4 4 0 0 1 2 4 0 0 0 2 0 0 0 0 0 0 2 4 4 2 1 5 8 6 3 8 5 0 0 0 0 3 3 1
19 94688 1 3 5 4 2 0 0 0 3 4 4 0 0 1 2 4 0 0 0 2 0 0 1 0 0 0 2 4 4 2 1 5 8 6 3 6 4 2 0 0 1 3 2 1
19 31670 1 3 5 4 2 0 0 0 3 4 4 0 0 1 2 4 1 0 1 2 2 0 0 1 0 0 2 4 4 1 1 3 7 3 2 6 2 2 1 2 3 3 3 1
19 94699 1 3 5 4 2 0 0 0 3 4 4 0 0 2 2 4 0 0 0 2 0 0 0 0 0 0 1 3 4 2 2 5 8 6 3 8 5 0 0 0 0 3 3 1
19 95533 1 3 5 4 2 0 0 0 3 4 4 0 0 2 2 4 0 0 0 2 0 0 1 0 0 0 1 3 4 2 2 5 8 6 3 6 4 2 0 0 1 3 2 1
19 90614 1 3 5 4 2 0 0 0 3 4 5 1 0 1 2 4 2 0 0 1 1 0 0 0 0 0 2 2 3 1 2 5 8 6 3 7 5 1 0 0 0 3 2 1
19 101172 1 3 5 4 2 0 0 0 3 4 5 1 0 2 3 5 2 0 0 2 1 0 1 1 0 0 1 2 3 2 1 4 6 7 3 5 4 1 0 0 0 3 2 1
19 94710 1 3 5 4 2 0 0 0 3 4 5 1 0 2 3 5 2 0 0 2 2 0 0 0 0 0 1 2 3 2 1 4 6 6 3 6 6 0 0 0 0 3 2 1
19 90636 1 3 5 4 2 0 0 0 3 5 5 1 0 0 1 4 2 0 0 1 1 0 0 0 0 0 2 3 3 1 2 5 8 6 3 7 5 1 0 0 0 3 2 1
19 31682 1 3 5 4 2 0 0 0 3 5 5 1 0 0 2 4 2 0 1 2 2 0 0 1 0 0 2 3 3 1 1 3 6 4 2 6 3 1 1 2 2 3 3 1
19 91466 1 3 5 4 2 0 0 0 3 5 5 1 0 1 2 4 2 0 0 1 1 0 0 0 0 0 1 3 3 1 1 5 8 6 3 7 5 1 0 0 0 3 2 1
19 49337 1 3 5 4 2 0 0 0 3 5 5 1 0 1 2 4 2 0 1 2 2 0 0 1 0 0 1 3 3 1 1 4 7 5 2 6 3 2 0 1 1 3 2 1
19 94732 1 3 5 4 2 0 0 0 3 5 5 1 0 1 2 5 2 0 0 2 1 0 1 1 0 0 1 3 3 2 1 4 6 7 3 5 4 1 0 0 0 3 2 1
19 101182 1 3 5 4 2 0 0 0 3 5 5 1 0 1 2 5 2 0 0 2 2 0 0 0 0 0 1 3 3 2 1 4 6 6 3 6 6 0 0 0 0 3 2 1
19 95253 1 3 5 4 2 0 0 0 3 5 5 1 0 1 3 5 2 0 0 2 1 0 1 1 0 0 1 3 3 2 0 4 6 7 3 5 4 1 0 0 0 3 2 1
19 95231 1 3 5 4 2 0 0 0 3 5 5 1 0 1 3 5 2 0 0 2 2 0 0 0 0 0 1 3 3 2 0 4 6 6 3 6 6 0 0 0 0 3 2 1
19 64238 1 3 5 4 2 0 0 0 3 5 5 1 0 1 3 5 3 0 1 2 3 0 0 1 0 0 1 3 3 1 0 3 6 5 2 5 4 1 0 1 1 3 2 1
19 95576 1 3 5 4 2 0 0 0 3 5 5 1 0 2 3 5 2 0 0 2 1 0 1 1 0 0 0 2 3 2 1 4 6 7 3 5 4 1 0 0 0 3 2 1
19 95554 1 3 5 4 2 0 0 0 3 5 5 1 0 2 3 5 2 0 0 2 2 0 0 0 0 0 0 2 3 2 1 4 6 6 3 6 6 0 0 0 0 3 2 1
19 90646 1 3 5 4 2 0 0 0 3 5 6 2 0 0 1 4 4 0 0 0 2 0 0 0 0 0 2 2 2 0 2 5 8 6 3 6 6 0 0 0 0 3 2 1
19 94742 1 3 5 4 2 0 0 0 3 5 6 2 0 1 2 5 4 0 0 1 3 0 0 1 0 0 1 2 2 1 1 4 6 6 3 5 5 0 0 0 0 3 2 1
19 106144 1 3 5 4 2 0 0 0 3 5 6 2 0 2 4 6 4 0 0 2 4 1 0 0 0 0 0 1 2 2 0 3 4 6 3 4 5 0 0 0 0 3 2 1
19 49349 1 3 5 4 2 0 0 0 3 6 6 2 0 0 2 4 3 0 1 2 3 0 0 1 0 0 1 2 2 1 1 4 6 5 2 5 4 1 0 1 1 3 2 1
19 91496 1 3 5 4 2 0 0 0 3 6 6 2 0 0 2 4 4 0 0 0 2 0 0 0 0 0 1 2 2 0 1 5 8 6 3 6 6 0 0 0 0 3 2 1
19 95263 1 3 5 4 2 0 0 0 3 6 6 2 0 0 3 5 4 0 0 1 3 0 0 1 0 0 1 2 2 1 0 4 6 6 3 5 5 0 0 0 0 3 2 1
19 64250 1 3 5 4 2 0 0 0 3 6 6 2 0 0 3 5 4 0 1 2 4 0 0 2 0 0 1 2 2 1 0 3 5 5 2 4 3 1 0 1 1 3 2 1
19 95586 1 3 5 4 2 0 0 0 3 6 6 2 0 1 3 5 4 0 0 1 3 0 0 1 0 0 0 1 2 1 1 4 6 6 3 5 5 0 0 0 0 3 2 1
19 105991 1 3 5 4 2 0 0 0 3 6 6 2 0 1 3 6 4 0 0 2 4 1 0 0 0 0 0 2 2 2 0 3 4 6 3 4 5 0 0 0 0 3 2 1
19 31476 1 3 5 4 2 1 0 0 3 4 2 2 0 1 3 1 1 0 2 2 0 0 1 0 0 0 2 4 3 2 1 4 5 5 3 6 3 3 1 2 2 3 2 1
19 37498 1 3 5 4 2 1 0 0 3 4 2 2 0 2 4 2 2 0 2 2 1 0 1 0 0 0 1 3 3 2 1 3 4 5 3 5 4 2 1 2 2 3 2 1
19 74091 1 3 5 4 2 1 0 0 3 5 3 2 0 0 2 3 2 0 0 2 2 0 0 1 0 0 2 3 2 2 2 6 5 5 3 6 3 2 0 1 1 3 2 1
19 31512 1 3 5 4 2 1 0 0 3 5 3 2 0 0 3 3 2 0 1 2 1 0 1 0 0 0 2 3 2 1 1 4 6 5 2 5 4 2 1 2 2 3 2 1
19 49146 1 3 5 4 2 1 0 0 3 5 3 2 0 1 3 2 1 0 2 3 1 0 1 1 0 0 1 3 3 2 1 4 6 6 2 5 3 2 0 1 1 3 2 1
19 74096 1 3 5 4 2 1 0 0 3 5 3 2 0 1 3 4 3 0 0 2 3 0 0 1 0 0 1 3 2 1 1 5 6 5 2 5 4 1 0 1 1 3 2 1
19 37534 1 3 5 4 2 1 0 0 3 5 3 2 0 1 4 4 3 0 1 2 2 0 1 1 0 0 1 2 2 1 1 3 5 5 2 4 3 2 1 2 2 3 2 1
19 54934 1 3 5 4 2 1 0 0 3 5 3 2 0 2 4 3 2 0 2 3 2 0 1 1 0 0 0 2 3 2 1 3 5 6 2 4 4 1 0 1 1 3 2 1
19 82532 1 3 5 4 2 1 0 0 3 5 4 3 0 0 2 3 4 0 0 1 3 0 0 1 0 0 2 2 1 1 2 6 5 5 3 5 4 1 0 1 1 3 2 1
19 82537 1 3 5 4 2 1 0 0 3 5 4 3 0 1 3 4 5 0 0 1 4 0 0 2 0 0 1 2 1 0 1 5 6 5 2 4 3 1 0 1 1 3 2 1
19 49182 1 3 5 4 2 1 0 0 3 6 4 2 0 0 3 4 3 0 1 2 2 0 1 1 0 0 1 2 2 1 1 4 6 6 2 4 4 1 0 1 1 3 2 1
19 54970 1 3 5 4 2 1 0 0 3 6 4 2 0 1 4 5 4 0 1 2 3 0 1 2 0 0 0 1 2 1 1 3 5 6 2 3 3 1 0 1 1 3 2 1
19 90623 1 3 5 4 3 1 0 0 3 3 4 2 0 1 2 3 2 0 1 2 2 0 0 1 0 0 2 2 3 2 2 4 6 6 3 6 4 1 0 0 0 3 2 1
19 94719 1 3 5 4 3 1 0 0 3 3 4 2 0 2 3 4 3 0 1 2 3 0 0 1 0 0 1 2 3 2 1 3 5 6 3 5 5 0 0 0 0 3 2 1
19 90655 1 3 5 4 3 1 0 0 3 4 5 3 0 0 1 3 4 0 1 1 3 0 0 1 0 0 2 2 2 1 2 4 6 6 3 5 5 0 0 0 0 3 2 1
19 94751 1 3 5 4 3 1 0 0 3 4 5 3 0 1 2 4 5 0 1 1 4 0 0 2 0 0 1 2 2 1 1 3 5 6 3 4 4 0 0 0 0 3 2 1
19 90794 1 3 5 5 3 1 0 0 2 4 4 2 0 0 1 3 2 0 0 2 2 0 0 1 0 0 2 3 3 2 2 5 6 6 3 6 4 1 0 0 0 3 2 1
19 31692 1 3 5 5 3 1 0 0 2 4 4 2 0 0 2 3 2 0 2 3 2 0 1 1 0 0 2 3 3 2 1 2 4 5 2 4 3 2 1 2 2 3 2 1
19 91475 1 3 5 5 3 1 0 0 2 4 4 2 0 1 2 3 2 0 1 2 2 0 0 1 0 0 1 3 3 2 1 4 6 6 3 6 4 1 0 0 0 3 2 1
19 101277 1 3 5 5 3 1 0 0 2 4 4 2 0 1 2 4 3 0 0 2 3 0 0 1 0 0 1 3 3 2 1 4 5 6 3 5 5 0 0 0 0 3 2 1
19 95240 1 3 5 5 3 1 0 0 2 4 4 2 0 1 3 4 3 0 1 2 3 0 0 1 0 0 1 3 3 2 0 3 5 6 3 5 5 0 0 0 0 3 2 1
19 95563 1 3 5 5 3 1 0 0 2 4 4 2 0 2 3 4 3 0 1 2 3 0 0 1 0 0 0 2 3 2 1 3 5 6 3 5 5 0 0 0 0 3 2 1
19 90804 1 3 5 5 3 1 0 0 2 4 5 3 0 0 1 3 4 0 0 1 3 0 0 1 0 0 2 2 2 1 2 5 6 6 3 5 5 0 0 0 0 3 2 1
19 101287 1 3 5 5 3 1 0 0 2 4 5 3 0 1 2 4 5 0 0 1 4 0 0 2 0 0 1 2 2 1 1 4 5 6 3 4 4 0 0 0 0 3 2 1
19 49359 1 3 5 5 3 1 0 0 2 5 5 3 0 0 2 3 3 0 2 3 3 0 1 2 0 0 1 2 2 2 1 3 4 6 2 3 3 1 0 1 1 3 2 1
19 91505 1 3 5 5 3 1 0 0 2 5 5 3 0 0 2 3 4 0 1 1 3 0 0 1 0 0 1 2 2 1 1 4 6 6 3 5 5 0 0 0 0 3 2 1
19 95272 1 3 5 5 3 1 0 0 2 5 5 3 0 0 3 4 5 0 1 1 4 0 0 2 0 0 1 2 2 1 0 3 5 6 3 4 4 0 0 0 0 3 2 1
19 95595 1 3 5 5 3 1 0 0 2 5 5 3 0 1 3 4 5 0 1 1 4 0 0 2 0 0 0 1 2 1 1 3 5 6 3 4 4 0 0 0 0 3 2 1
19 74105 1 3 5 5 3 2 1 0 2 5 3 2 2 1 4 4 1 1 2 5 3 0 2 4 2 0 0 2 2 2 0 2 2 2 2 3 1 1 0 1 1 3 2 1
19 82546 1 3 5 5 3 2 1 0 2 5 4 3 2 1 4 4 3 2 2 4 4 1 1 3 1 0 0 1 1 1 0 2 2 2 2 3 1 1 0 1 1 3 2 1
19 74117 1 3 5 5 3 2 1 0 2 6 4 2 2 0 4 6 3 2 1 4 4 1 1 3 1 0 0 1 1 1 0 2 2 2 2 3 1 1 0 1 1 3 2 1
19 90813 1 3 5 5 4 2 0 0 2 3 4 4 0 0 1 2 4 0 1 2 4 0 0 2 0 0 2 2 2 2 2 4 4 6 3 4 4 0 0 0 0 3 2 1
19 107630 1 3 5 5 4 2 1 0 2 3 4 2 2 2 4 5 2 1 2 4 4 0 1 4 2 0 0 1 2 2 0 1 2 2 3 4 2 0 0 0 0 3 2 1
19 107642 1 3 5 5 4 2 1 0 2 4 5 3 2 1 3 5 4 2 2 3 5 1 0 3 1 0 0 1 1 1 0 1 2 2 3 4 2 0 0 0 0 3 2 1
19 107885 1 3 5 5 4 2 1 0 2 4 5 3 2 1 4 5 4 2 2 3 5 1 0 3 1 0 0 0 1 1 0 1 2 2 3 4 2 0 0 0 0 3 2 1
19 91636 1 3 5 6 4 2 0 0 1 4 4 4 0 0 2 2 4 0 2 2 4 0 0 2 0 0 1 2 2 2 1 3 4 6 3 4 4 0 0 0 0 3 2 1
19 108034 1 3 5 6 4 2 1 0 1 4 4 2 2 1 3 5 2 1 1 4 4 0 1 4 2 0 0 2 2 2 0 2 2 2 3 4 2 0 0 0 0 3 2 1
19 113807 1 3 5 6 4 2 1 0 1 4 5 3 2 1 3 5 4 2 1 3 5 1 0 3 1 0 0 1 1 1 0 2 2 2 3 4 2 0 0 0 0 3 2 1
19 108046 1 3 5 6 4 2 1 0 1 5 5 3 2 0 3 5 4 2 1 3 5 1 0 3 1 0 0 1 1 1 0 2 2 2 3 4 2 0 0 0 0 3 2 1
19 138415 1 3 5 7 6 4 2 0 0 3 4 4 4 0 3 4 4 6 3 4 4 4 0 0 0 0 0 0 0 0 0 0 0 0 3 4 2 0 0 0 0 3 2 1
16 152210 2 0 4 0 2 0 0 0 4 0 4 0 0 0 0 2 0 0 0 0 0 0 0 0 0 0 4 0 4 0 4 4 8 4 4 4 4 0 0 0 2 0 2 2
16 152212 2 0 4 0 2 0 0 0 4 0 4 0 0 1 0 3 0 0 0 1 0 0 0 0 0 0 3 1 3 1 3 4 6 5 4 4 4 1 0 0 1 0 1 2
16 152783 2 0 4 0 2 0 0 0 4 0 4 0 0 2 0 4 0 0 0 2 0 0 0 0 0 0 2 2 2 2 2 4 4 6 4 4 5 0 0 0 0 0 1 2
16 152779 2 0 4 0 2 0 0 0 4 0 4 0 0 2 0 4 0 0 0 2 0 0 1 0 0 0 2 2 2 2 2 4 4 6 4 2 4 2 0 0 1 0 0 2
16 152218 2 0 4 0 2 0 0 0 4 1 4 1 0 1 1 3 2 0 0 1 1 0 0 0 0 0 2 1 2 1 2 4 4 6 4 3 5 1 0 0 0 0 0 2
16 152797 2 0 4 0 2 0 0 0 4 1 4 1 0 2 1 4 2 0 0 2 1 0 1 1 0 0 1 2 1 2 1 4 2 7 4 1 4 1 0 0 0 0 0 2
16 152787 2 0 4 0 2 0 0 0 4 1 4 1 0 2 1 4 2 0 0 2 2 0 0 0 0 0 1 2 1 2 1 4 2 6 4 2 6 0 0 0 0 0 0 2
16 152230 2 0 4 0 2 0 0 0 4 2 4 2 0 0 2 2 4 0 0 0 2 0 0 0 0 0 2 0 2 0 2 4 4 6 4 2 6 0 0 0 0 0 0 2
16 152801 2 0 4 0 2 0 0 0 4 2 4 2 0 1 2 3 4 0 0 1 3 0 0 1 0 0 1 1 1 1 1 4 2 6 4 1 5 0 0 0 0 0 0 2
16 154517 2 0 4 0 2 0 0 0 4 2 4 2 0 2 2 4 4 0 0 2 4 1 0 0 0 0 0 2 0 2 0 4 0 6 4 0 5 0 0 0 0 0 0 2
16 152222 2 0 4 1 2 1 0 0 3 1 3 2 0 1 1 2 2 0 1 1 2 0 0 1 0 0 2 1 2 2 2 3 3 6 4 2 4 1 0 0 0 0 0 2
16 152791 2 0 4 1 2 1 0 0 3 1 3 2 0 2 1 3 3 0 1 1 3 0 0 1 0 0 1 2 1 2 1 3 2 6 4 1 5 0 0 0 0 0 0 2
16 152234 2 0 4 1 2 1 0 0 3 2 3 3 0 0 2 1 4 0 1 0 3 0 0 1 0 0 2 0 2 1 2 3 3 6 4 1 5 0 0 0 0 0 0 2
16 152805 2 0 4 1 2 1 0 0 3 2 3 3 0 1 2 2 5 0 1 0 4 0 0 2 0 0 1 1 1 1 1 3 2 6 4 0 4 0 0 0 0 0 0 2
16 152253 2 0 4 2 2 2 0 0 2 2 2 4 0 0 2 0 4 0 2 0 4 0 0 2 0 0 2 0 2 2 2 2 2 6 4 0 4 0 0 0 0 0 0 2
16 154798 2 0 4 2 2 2 1 0 2 2 2 2 2 2 2 3 2 1 2 2 4 0 1 4 2 0 0 2 0 2 0 2 0 2 4 0 2 0 0 0 0 0 0 2
16 154804 2 0 4 2 2 2 1 0 2 3 2 3 2 1 3 2 4 2 2 1 5 1 0 3 1 0 0 1 0 1 0 2 0 2 4 0 2 0 0 0 0 0 0 2
16 156580 2 0 4 4 2 4 2 0 0 4 0 4 4 0 4 0 4 6 4 0 4 4 0 0 0 0 0 0 0 0 0 0 0 0 4 0 2 0 0 0 0 0 0 2
18 34064 2 2 2 2 0 0 0 2 2 4 0 0 0 0 2 0 0 0 0 0 0 0 0 0 0 2 4 4 2 0 4 8 4 2 4 2 2 0 2 6 4 6 4 3
18 34084 2 2 2 2 0 0 0 2 2 4 0 0 0 1 3 0 0 0 1 0 0 0 0 0 0 2 3 4 2 1 3 7 3 3 5 2 2 1 2 5 3 6 3 3
18 39180 2 2 2 2 0 0 0 2 2 4 0 0 0 2 4 0 0 0 2 0 0 0 0 0 0 2 2 4 2 2 2 6 2 4 6 2 3 0 2 4 2 6 3 3
18 34066 2 2 2 2 0 0 0 2 3 4 1 0 0 0 2 1 0 0 0 0 0 0 0 0 0 1 4 3 2 0 4 8 6 2 4 4 2 0 1 4 4 4 5 2
18 34072 2 2 2 2 0 0 0 2 3 4 1 0 0 1 2 2 0 0 0 1 0 0 0 0 0 1 3 4 2 0 3 7 6 2 3 5 2 1 1 4 4 3 4 2
18 34086 2 2 2 2 0 0 0 2 3 4 1 0 0 1 3 1 0 0 1 0 0 0 0 0 0 1 3 3 2 1 3 7 5 3 5 4 2 1 1 3 3 4 4 2
18 39162 2 2 2 2 0 0 0 2 3 4 1 0 0 1 3 1 0 0 1 1 0 0 0 0 0 1 3 3 2 1 3 7 4 3 4 4 2 1 1 4 3 4 4 2
18 39168 2 2 2 2 0 0 0 2 3 4 1 0 0 2 3 2 0 0 1 2 0 0 1 0 0 1 2 4 2 1 2 6 4 3 3 3 2 2 1 4 4 3 3 2
18 39182 2 2 2 2 0 0 0 2 3 4 1 0 0 2 4 1 0 0 2 1 0 0 0 0 0 1 2 3 2 2 2 6 3 4 5 4 3 0 1 3 2 4 4 2
18 34100 2 2 2 2 0 0 0 2 3 5 1 1 0 1 4 2 1 0 1 1 0 0 0 0 0 1 2 3 1 1 2 6 4 4 4 5 3 1 1 3 2 3 3 2
18 39196 2 2 2 2 0 0 0 2 3 5 1 1 0 2 5 2 1 0 2 2 1 0 0 0 0 1 1 3 1 2 1 5 2 4 4 4 4 0 1 3 2 3 3 2
18 34124 2 2 2 2 0 0 0 2 3 5 2 0 0 1 3 3 1 0 0 1 1 0 0 0 0 1 2 3 2 0 2 6 6 3 3 4 3 1 1 3 3 3 3 2
18 39220 2 2 2 2 0 0 0 2 3 5 2 0 0 2 4 3 1 0 1 2 1 0 1 1 0 1 1 3 2 1 1 5 4 4 3 2 2 1 1 3 3 3 3 2
18 34136 2 2 2 2 0 0 0 2 3 6 2 1 0 0 4 3 2 0 0 1 1 0 0 0 0 1 2 2 1 0 2 6 5 4 3 4 4 0 1 3 2 3 3 2
18 39232 2 2 2 2 0 0 0 2 3 6 2 1 0 1 5 3 2 0 1 2 2 0 0 1 0 1 1 2 1 1 1 5 3 4 3 3 3 0 1 3 2 3 3 2
18 51658 2 2 2 2 0 0 0 2 4 4 2 0 0 0 2 2 0 0 0 0 0 0 0 0 0 0 4 2 2 0 4 8 8 2 4 6 3 0 0 2 4 2 4 2
18 51664 2 2 2 2 0 0 0 2 4 4 2 0 0 1 2 3 0 0 0 1 0 0 0 0 0 0 3 3 2 0 3 7 8 3 3 6 3 1 0 2 3 2 3 2
18 51677 2 2 2 2 0 0 0 2 4 4 2 0 0 1 3 2 0 0 1 1 0 0 0 0 0 0 3 2 2 1 3 7 6 3 4 6 3 1 0 2 3 2 3 2
18 65700 2 2 2 2 0 0 0 2 4 4 2 0 0 2 2 4 0 0 0 2 0 0 0 0 0 0 2 4 2 0 2 6 8 4 2 6 4 0 0 2 2 2 3 2
18 56526 2 2 2 2 0 0 0 2 4 4 2 0 0 2 3 3 0 0 1 2 0 0 1 0 0 0 2 3 2 1 2 6 6 4 3 4 3 2 0 2 3 2 2 2
18 56539 2 2 2 2 0 0 0 2 4 4 2 0 0 2 4 2 0 0 2 2 0 0 0 0 0 0 2 2 2 2 2 6 4 4 4 6 4 0 0 2 2 2 3 2
18 51690 2 2 2 2 0 0 0 2 4 5 2 1 0 1 4 3 1 0 1 2 1 0 0 0 0 0 2 2 1 1 2 6 5 4 3 5 4 1 0 2 2 2 2 2
18 65724 2 2 2 2 0 0 0 2 4 5 2 1 0 2 4 4 1 0 1 3 1 0 1 1 0 0 1 3 1 1 1 5 5 5 2 3 3 1 0 2 2 2 2 2
18 56552 2 2 2 2 0 0 0 2 4 5 2 1 0 2 5 3 1 0 2 3 2 0 0 0 0 0 1 2 1 2 1 5 3 4 3 4 5 0 0 2 2 2 2 2
18 51714 2 2 2 2 0 0 0 2 4 5 3 0 0 1 3 4 2 0 0 1 1 0 0 0 0 0 2 2 2 0 2 6 6 4 3 5 4 1 0 2 2 2 2 2
18 65736 2 2 2 2 0 0 0 2 4 5 3 0 0 2 3 5 2 0 0 2 2 0 0 0 0 0 1 3 2 0 1 5 6 4 2 4 5 0 0 2 2 2 2 2
18 56576 2 2 2 2 0 0 0 2 4 5 3 0 0 2 4 4 2 0 1 2 1 0 1 1 0 0 1 2 2 1 1 5 4 5 3 3 3 1 0 2 2 2 2 2
18 78946 2 2 2 2 0 0 0 2 4 6 2 2 0 2 6 4 2 0 2 4 4 1 0 0 0 0 0 2 0 2 0 4 2 4 2 2 4 0 0 2 2 2 2 2
18 51726 2 2 2 2 0 0 0 2 4 6 3 1 0 0 4 4 3 0 0 1 2 0 0 0 0 0 2 1 1 0 2 6 5 4 3 4 5 0 0 2 2 2 2 2
18 65748 2 2 2 2 0 0 0 2 4 6 3 1 0 1 4 5 3 0 0 2 3 0 0 1 0 0 1 2 1 0 1 5 5 4 2 3 4 0 0 2 2 2 2 2
18 56588 2 2 2 2 0 0 0 2 4 6 3 1 0 1 5 4 3 0 1 2 3 0 0 1 0 0 1 1 1 1 1 5 3 4 3 3 4 0 0 2 2 2 2 2
18 71943 2 2 2 2 0 0 0 2 4 6 4 0 0 2 4 6 4 0 0 2 4 1 0 0 0 0 0 2 2 0 0 4 4 4 2 2 4 0 0 2 2 2 2 2
18 34184 2 2 2 3 1 0 0 2 2 4 3 0 0 1 2 3 1 0 1 1 2 0 0 1 0 1 2 3 3 1 2 4 5 3 3 3 2 1 1 3 3 3 3 2
18 34196 2 2 2 3 1 0 0 2 2 5 3 1 0 0 3 3 2 0 1 1 2 0 0 1 0 1 2 2 2 1 2 4 4 4 3 3 3 0 1 3 2 3 3 2
18 51774 2 2 2 3 1 0 0 2 3 4 4 1 0 1 2 3 2 0 1 1 2 0 0 1 0 0 2 2 2 1 2 5 5 4 3 4 3 1 0 2 2 2 2 2
18 65772 2 2 2 3 1 0 0 2 3 4 4 1 0 2 2 4 3 0 1 1 3 0 0 1 0 0 1 3 2 0 1 4 6 4 2 3 4 0 0 2 2 2 2 2
18 51786 2 2 2 3 1 0 0 2 3 5 4 2 0 0 3 3 3 0 1 1 3 0 0 1 0 0 2 1 1 1 2 5 4 4 3 3 4 0 0 2 2 2 2 2
18 65784 2 2 2 3 1 0 0 2 3 5 4 2 0 1 3 4 4 0 1 1 4 0 0 2 0 0 1 2 1 0 1 4 5 4 2 2 3 0 0 2 2 2 2 2
18 34068 2 2 3 2 1 0 0 1 3 3 2 0 0 0 1 1 0 0 0 0 0 0 0 0 0 1 4 3 3 0 4 7 7 2 4 5 2 1 1 3 4 3 4 2
18 34074 2 2 3 2 1 0 0 1 3 3 2 0 0 1 1 2 0 0 0 1 0 0 0 0 0 1 3 4 3 0 3 6 7 2 3 6 2 2 1 3 4 2 3 2
18 34088 2 2 3 2 1 0 0 1 3 3 2 0 0 1 2 1 0 0 1 0 0 0 0 0 0 1 3 3 3 1 3 6 6 3 5 5 2 2 1 2 3 3 3 2
18 39164 2 2 3 2 1 0 0 1 3 3 2 0 0 1 2 2 0 0 0 1 0 0 0 0 0 1 3 3 2 1 3 7 5 3 4 5 2 2 1 3 3 3 3 2
18 39170 2 2 3 2 1 0 0 1 3 3 2 0 0 2 2 3 0 0 0 2 0 0 1 0 0 1 2 4 2 1 2 6 5 3 3 4 2 3 1 3 4 2 2 2
18 39184 2 2 3 2 1 0 0 1 3 3 2 0 0 2 3 2 0 0 1 1 0 0 0 0 0 1 2 3 2 2 2 6 4 4 5 5 3 1 1 2 2 3 3 2
18 34102 2 2 3 2 1 0 0 1 3 4 2 1 0 1 3 2 1 0 1 1 0 0 0 0 0 1 2 3 2 1 2 5 5 4 4 6 3 2 1 2 2 2 2 2
18 39198 2 2 3 2 1 0 0 1 3 4 2 1 0 2 4 3 1 0 1 2 1 0 0 0 0 1 1 3 1 2 1 5 3 4 4 5 4 1 1 2 2 2 2 2
18 34126 2 2 3 2 1 0 0 1 3 4 3 0 0 1 2 3 1 0 0 1 1 0 0 0 0 1 2 3 3 0 2 5 7 3 3 5 3 2 1 2 3 2 2 2
18 39222 2 2 3 2 1 0 0 1 3 4 3 0 0 2 3 4 1 0 0 2 1 0 1 1 0 1 1 3 2 1 1 5 5 4 3 3 2 2 1 2 3 2 2 2
18 34138 2 2 3 2 1 0 0 1 3 5 3 1 0 0 3 3 2 0 0 1 1 0 0 0 0 1 2 2 2 0 2 5 6 4 3 5 4 1 1 2 2 2 2 2
18 39234 2 2 3 2 1 0 0 1 3 5 3 1 0 1 4 4 2 0 0 2 2 0 0 1 0 1 1 2 1 1 1 5 4 4 3 4 3 1 1 2 2 2 2 2
18 51660 2 2 3 2 1 0 0 1 4 3 3 0 0 0 1 2 0 0 0 0 0 0 0 0 0 0 4 2 3 0 4 7 9 3 4 6 3 1 0 1 3 2 3 2
18 51666 2 2 3 2 1 0 0 1 4 3 3 0 0 1 1 3 0 0 0 1 0 0 0 0 0 0 3 3 3 0 3 6 9 4 3 6 3 2 0 1 2 2 2 2
18 65696 2 2 3 2 1 0 0 1 4 3 3 0 0 1 1 3 0 0 0 1 0 0 0 0 0 0 3 3 3 1 3 6 7 4 4 6 3 2 0 1 2 2 2 2
18 51679 2 2 3 2 1 0 0 1 4 3 3 0 0 1 2 2 0 0 1 1 0 0 0 0 0 0 3 2 3 1 3 6 7 4 4 6 3 2 0 1 2 2 2 2
18 56522 2 2 3 2 1 0 0 1 4 3 3 0 0 1 2 3 0 0 0 1 0 0 0 0 0 0 3 2 2 1 3 7 7 4 4 6 3 2 0 1 2 2 2 2
18 65702 2 2 3 2 1 0 0 1 4 3 3 0 0 2 1 4 0 0 0 2 0 0 0 0 0 0 2 4 3 1 2 5 7 5 3 6 4 1 0 1 1 2 2 2
18 65714 2 2 3 2 1 0 0 1 4 3 3 0 0 2 2 3 0 0 1 2 0 0 1 0 0 0 2 3 3 2 2 5 5 5 4 4 3 3 0 1 2 2 1 2
18 56528 2 2 3 2 1 0 0 1 4 3 3 0 0 2 2 4 0 0 0 2 0 0 1 0 0 0 2 3 2 1 2 6 7 5 3 4 3 3 0 1 2 2 1 2
18 56541 2 2 3 2 1 0 0 1 4 3 3 0 0 2 3 3 0 0 1 2 0 0 0 0 0 0 2 2 2 2 2 6 5 5 4 6 4 1 0 1 1 2 2 2
18 51692 2 2 3 2 1 0 0 1 4 4 3 1 0 1 3 3 1 0 1 2 1 0 0 0 0 0 2 2 2 1 2 5 6 5 3 5 4 2 0 1 1 2 1 2
18 78920 2 2 3 2 1 0 0 1 4 4 3 1 0 1 3 4 2 0 0 1 1 0 0 0 0 0 2 2 1 1 2 6 5 5 4 5 4 2 0 1 1 2 1 2
18 65726 2 2 3 2 1 0 0 1 4 4 3 1 0 2 3 4 1 0 1 3 1 0 1 1 0 0 1 3 2 2 1 4 4 6 3 3 3 2 0 1 1 2 1 2
18 78925 2 2 3 2 1 0 0 1 4 4 3 1 0 2 3 5 2 0 0 2 1 0 1 1 0 0 1 3 1 1 1 5 5 6 3 3 3 2 0 1 1 2 1 2
18 56554 2 2 3 2 1 0 0 1 4 4 3 1 0 2 4 4 1 0 1 3 2 0 0 0 0 0 1 2 1 2 1 5 4 5 3 4 5 1 0 1 1 2 1 2
18 78936 2 2 3 2 1 0 0 1 4 4 3 1 0 2 4 4 2 0 1 2 2 0 0 0 0 0 1 2 1 2 1 5 3 5 4 4 5 1 0 1 1 2 1 2
18 51716 2 2 3 2 1 0 0 1 4 4 4 0 0 1 2 4 2 0 0 1 1 0 0 0 0 0 2 2 3 0 2 5 7 5 3 5 4 2 0 1 1 2 1 2
18 65738 2 2 3 2 1 0 0 1 4 4 4 0 0 2 2 5 2 0 0 2 2 0 0 0 0 0 1 3 3 1 1 4 5 5 3 4 5 1 0 1 1 2 1 2
18 56578 2 2 3 2 1 0 0 1 4 4 4 0 0 2 3 5 2 0 0 2 1 0 1 1 0 0 1 2 2 1 1 5 5 6 3 3 3 2 0 1 1 2 1 2
18 71917 2 2 3 2 1 0 0 1 4 4 4 1 0 1 2 3 2 0 0 1 1 0 0 0 0 0 2 2 2 1 2 6 5 5 4 5 4 2 0 1 1 2 1 2
18 71922 2 2 3 2 1 0 0 1 4 4 4 1 0 2 2 4 2 0 0 2 2 0 0 0 0 0 1 3 2 1 1 5 5 5 3 4 5 1 0 1 1 2 1 2
18 71933 2 2 3 2 1 0 0 1 4 4 4 1 0 2 3 3 2 0 1 2 1 0 1 1 0 0 1 2 2 2 1 5 3 6 4 3 3 2 0 1 1 2 1 2
18 78948 2 2 3 2 1 0 0 1 4 5 3 2 0 2 5 5 3 0 1 3 4 1 0 0 0 0 0 2 0 2 0 4 2 5 3 2 4 1 0 1 1 2 1 2
18 51728 2 2 3 2 1 0 0 1 4 5 4 1 0 0 3 4 3 0 0 1 2 0 0 0 0 0 2 1 2 0 2 5 6 5 3 4 5 1 0 1 1 2 1 2
18 65750 2 2 3 2 1 0 0 1 4 5 4 1 0 1 3 5 3 0 0 2 3 0 0 1 0 0 1 2 2 1 1 4 4 5 3 3 4 1 0 1 1 2 1 2
18 56590 2 2 3 2 1 0 0 1 4 5 4 1 0 1 4 5 3 0 0 2 3 0 0 1 0 0 1 1 1 1 1 5 4 5 3 3 4 1 0 1 1 2 1 2
18 81116 2 2 3 2 1 0 0 1 4 5 4 2 0 0 3 3 4 0 0 0 2 0 0 0 0 0 2 1 1 0 2 6 5 5 4 4 5 1 0 1 1 2 1 2
18 81121 2 2 3 2 1 0 0 1 4 5 4 2 0 1 3 4 4 0 0 1 3 0 0 1 0 0 1 2 1 0 1 5 5 5 3 3 4 1 0 1 1 2 1 2
18 81132 2 2 3 2 1 0 0 1 4 5 4 2 0 1 4 3 4 0 1 1 3 0 0 1 0 0 1 1 1 1 1 5 3 5 4 3 4 1 0 1 1 2 1 2
18 71945 2 2 3 2 1 0 0 1 4 5 5 1 0 2 3 5 4 0 0 2 4 1 0 0 0 0 0 2 2 1 0 4 3 5 3 2 4 1 0 1 1 2 1 2
18 34112 2 2 3 3 1 1 0 1 2 4 1 2 0 1 3 1 1 0 2 2 0 0 1 0 0 1 2 3 2 2 2 4 3 5 4 4 3 3 1 2 2 2 1 2
18 39208 2 2 3 3 1 1 0 1 2 4 1 2 0 2 4 2 2 0 2 2 1 0 1 0 0 1 1 3 1 2 1 4 2 5 4 3 4 2 1 2 2 2 1 2
18 34148 2 2 3 3 1 1 0 1 2 5 2 2 0 0 3 2 2 0 1 2 1 0 1 0 0 1 2 2 2 1 2 4 4 5 3 3 4 2 1 2 2 2 1 2
18 39244 2 2 3 3 1 1 0 1 2 5 2 2 0 1 4 3 3 0 1 2 2 0 1 1 0 1 1 2 1 1 1 4 3 5 3 2 3 2 1 2 2 2 1 2
18 51702 2 2 3 3 1 1 0 1 3 4 2 2 0 1 3 2 1 0 2 3 1 0 1 1 0 0 2 2 2 2 2 4 4 6 3 3 3 2 0 1 1 2 1 2
18 56564 2 2 3 3 1 1 0 1 3 4 2 2 0 2 4 3 2 0 2 3 2 0 1 1 0 0 1 2 1 2 1 4 3 6 3 2 4 1 0 1 1 2 1 2
18 51738 2 2 3 3 1 1 0 1 3 5 3 2 0 0 3 3 3 0 1 2 2 0 1 1 0 0 2 1 2 1 2 4 4 6 3 2 4 1 0 1 1 2 1 2
18 56600 2 2 3 3 1 1 0 1 3 5 3 2 0 1 4 4 4 0 1 2 3 0 1 2 0 0 1 1 1 1 1 4 3 6 3 1 3 1 0 1 1 2 1 2
18 34186 2 2 3 3 2 0 0 1 2 3 4 0 0 1 1 3 1 0 1 1 2 0 0 1 0 1 2 3 4 1 2 3 6 3 3 4 2 2 1 2 3 2 2 2
18 34198 2 2 3 3 2 0 0 1 2 4 4 1 0 0 2 3 2 0 1 1 2 0 0 1 0 1 2 2 3 1 2 3 5 4 3 4 3 1 1 2 2 2 2 2
18 51776 2 2 3 3 2 0 0 1 3 3 5 1 0 1 1 3 2 0 1 1 2 0 0 1 0 0 2 2 3 1 2 4 6 5 3 4 3 2 0 1 1 2 1 2
18 65774 2 2 3 3 2 0 0 1 3 3 5 1 0 2 1 4 3 0 1 1 3 0 0 1 0 0 1 3 3 1 1 3 5 5 3 3 4 1 0 1 1 2 1 2
18 51788 2 2 3 3 2 0 0 1 3 4 5 2 0 0 2 3 3 0 1 1 3 0 0 1 0 0 2 1 2 1 2 4 5 5 3 3 4 1 0 1 1 2 1 2
18 65786 2 2 3 3 2 0 0 1 3 4 5 2 0 1 2 4 4 0 1 1 4 0 0 2 0 0 1 2 2 1 1 3 4 5 3 2 3 1 0 1 1 2 1 2
18 74814 2 2 3 3 2 1 0 1 3 3 3 2 0 1 2 2 2 0 1 1 2 0 0 1 0 0 2 2 2 2 2 5 4 5 4 4 3 2 0 1 1 2 1 2
18 74819 2 2 3 3 2 1 0 1 3 3 3 2 0 2 2 3 3 0 1 1 3 0 0 1 0 0 1 3 2 1 1 4 5 5 3 3 4 1 0 1 1 2 1 2
18 82900 2 2 3 3 2 1 0 1 3 4 3 3 0 0 3 2 4 0 1 0 3 0 0 1 0 0 2 1 1 1 2 5 4 5 4 3 4 1 0 1 1 2 1 2
18 82905 2 2 3 3 2 1 0 1 3 4 3 3 0 1 3 3 5 0 1 0 4 0 0 2 0 0 1 2 1 0 1 4 5 5 3 2 3 1 0 1 1 2 1 2
18 34208 2 2 3 4 2 1 0 1 1 4 3 2 0 0 2 2 2 0 2 2 2 0 1 1 0 1 2 2 3 2 2 2 3 5 3 2 3 2 1 2 2 2 1 2
18 51798 2 2 3 4 2 1 0 1 2 4 4 3 0 0 2 2 3 0 2 2 3 0 1 2 0 0 2 1 2 2 2 3 3 6 3 1 3 1 0 1 1 2 1 2
18 74828 2 2 3 4 2 2 1 1 2 4 2 2 2 2 4 3 1 1 3 4 3 0 2 4 2 0 0 2 1 2 0 2 1 2 3 1 1 1 0 1 1 2 1 2
18 82914 2 2 3 4 2 2 1 1 2 5 2 3 2 1 5 3 3 2 3 3 4 1 1 3 1 0 0 1 0 1 0 2 1 2 3 1 1 1 0 1 1 2 1 2
18 74840 2 2 3 4 2 2 1 1 2 5 3 2 2 1 4 4 3 2 2 3 4 1 1 3 1 0 0 1 1 1 0 2 1 2 3 1 1 1 0 1 1 2 1 2
18 93590 2 2 4 2 2 0 0 0 4 2 4 0 0 0 0 2 0 0 0 0 0 0 0 0 0 0 4 2 4 0 4 6 10 4 4 6 4 0 0 0 2 2 3 2
18 93595 2 2 4 2 2 0 0 0 4 2 4 0 0 1 0 3 0 0 0 1 0 0 0 0 0 0 3 3 4 1 3 5 8 5 4 6 4 1 0 0 1 2 2 2
18 93606 2 2 4 2 2 0 0 0 4 2 4 0 0 1 1 3 0 0 0 1 0 0 0 0 0 0 3 2 3 1 3 6 8 5 4 6 4 1 0 0 1 2 2 2
18 102666 2 2 4 2 2 0 0 0 4 2 4 0 0 2 0 4 0 0 0 2 0 0 0 0 0 0 2 4 4 2 2 4 6 6 4 6 5 0 0 0 0 2 2 2
18 96774 2 2 4 2 2 0 0 0 4 2 4 0 0 2 1 4 0 0 0 2 0 0 1 0 0 0 2 3 3 2 2 5 6 6 4 4 4 2 0 0 1 2 1 2
18 96785 2 2 4 2 2 0 0 0 4 2 4 0 0 2 2 4 0 0 0 2 0 0 0 0 0 0 2 2 2 2 2 6 6 6 4 6 5 0 0 0 0 2 2 2
18 93617 2 2 4 2 2 0 0 0 4 3 4 1 0 1 2 4 2 0 0 1 1 0 0 0 0 0 2 2 2 1 2 5 6 6 4 5 5 1 0 0 0 2 1 2
18 102686 2 2 4 2 2 0 0 0 4 3 4 1 0 2 2 5 2 0 0 2 1 0 1 1 0 0 1 3 2 2 1 4 4 7 4 3 4 1 0 0 0 2 1 2
18 96796 2 2 4 2 2 0 0 0 4 3 4 1 0 2 3 5 2 0 0 2 2 0 0 0 0 0 1 2 1 2 1 5 4 6 4 4 6 0 0 0 0 2 1 2
18 93639 2 2 4 2 2 0 0 0 4 3 5 1 0 1 1 3 2 0 0 1 1 0 0 0 0 0 2 2 3 1 2 5 6 6 4 5 5 1 0 0 0 2 1 2
18 102696 2 2 4 2 2 0 0 0 4 3 5 1 0 2 1 4 2 0 0 2 2 0 0 0 0 0 1 3 3 2 1 4 4 6 4 4 6 0 0 0 0 2 1 2
18 96818 2 2 4 2 2 0 0 0 4 3 5 1 0 2 2 4 2 0 0 2 1 0 1 1 0 0 1 2 2 2 1 5 4 7 4 3 4 1 0 0 0 2 1 2
18 111658 2 2 4 2 2 0 0 0 4 4 4 2 0 2 4 6 4 0 0 2 4 1 0 0 0 0 0 2 0 2 0 4 2 6 4 2 5 0 0 0 0 2 1 2
18 93649 2 2 4 2 2 0 0 0 4 4 5 2 0 0 2 3 4 0 0 0 2 0 0 0 0 0 2 1 2 0 2 5 6 6 4 4 6 0 0 0 0 2 1 2
18 102706 2 2 4 2 2 0 0 0 4 4 5 2 0 1 2 4 4 0 0 1 3 0 0 1 0 0 1 2 2 1 1 4 4 6 4 3 5 0 0 0 0 2 1 2
18 96828 2 2 4 2 2 0 0 0 4 4 5 2 0 1 3 4 4 0 0 1 3 0 0 1 0 0 1 1 1 1 1 5 4 6 4 3 5 0 0 0 0 2 1 2
18 106624 2 2 4 2 2 0 0 0 4 4 6 2 0 2 2 4 4 0 0 2 4 1 0 0 0 0 0 2 2 2 0 4 2 6 4 2 5 0 0 0 0 2 1 2
18 93626 2 2 4 3 2 1 0 0 3 3 3 2 0 1 2 3 2 0 1 2 2 0 0 1 0 0 2 2 2 2 2 4 4 6 4 4 4 1 0 0 0 2 1 2
18 96805 2 2 4 3 2 1 0 0 3 3 3 2 0 2 3 4 3 0 1 2 3 0 0 1 0 0 1 2 1 2 1 4 3 6 4 3 5 0 0 0 0 2 1 2
18 93658 2 2 4 3 2 1 0 0 3 4 4 3 0 0 2 2 4 0 1 1 3 0 0 1 0 0 2 1 2 1 2 4 4 6 4 3 5 0 0 0 0 2 1 2
18 96837 2 2 4 3 2 1 0 0 3 4 4 3 0 1 3 3 5 0 1 1 4 0 0 2 0 0 1 1 1 1 1 4 3 6 4 2 4 0 0 0 0 2 1 2
18 93693 2 2 4 3 3 1 0 0 3 2 4 2 0 1 1 2 2 0 1 1 2 0 0 1 0 0 2 2 3 2 2 4 5 6 4 4 4 1 0 0 0 2 1 2
18 102726 2 2 4 3 3 1 0 0 3 2 4 2 0 2 1 3 3 0 1 1 3 0 0 1 0 0 1 3 3 2 1 3 4 6 4 3 5 0 0 0 0 2 1 2
18 93703 2 2 4 3 3 1 0 0 3 3 4 3 0 0 2 2 4 0 1 0 3 0 0 1 0 0 2 1 2 1 2 4 5 6 4 3 5 0 0 0 0 2 1 2
18 102736 2 2 4 3 3 1 0 0 3 3 4 3 0 1 2 3 5 0 1 0 4 0 0 2 0 0 1 2 2 1 1 3 4 6 4 2 4 0 0 0 0 2 1 2
18 93712 2 2 4 4 3 2 0 0 2 3 3 4 0 0 2 1 4 0 2 1 4 0 0 2 0 0 2 1 2 2 2 3 3 6 4 2 4 0 0 0 0 2 1 2
18 108617 2 2 4 4 3 2 1 0 2 3 3 2 2 2 3 4 2 1 2 3 4 0 1 4 2 0 0 2 1 2 0 2 1 2 4 2 2 0 0 0 0 2 1 2
18 114083 2 2 4 4 3 2 1 0 2 4 3 3 2 1 4 4 4 2 2 2 5 1 0 3 1 0 0 1 0 1 0 2 1 2 4 2 2 0 0 0 0 2 1 2
18 108629 2 2 4 4 3 2 1 0 2 4 4 3 2 1 3 3 4 2 2 2 5 1 0 3 1 0 0 1 1 1 0 2 1 2 4 2 2 0 0 0 0 2 1 2
18 138978 2 2 4 6 4 4 2 0 0 4 2 4 4 0 4 2 4 6 4 2 4 4 0 0 0 0 0 0 0 0 0 0 0 0 4 2 2 0 0 0 0 2 1 2
20 26396 2 4 2 0 0 0 0 4 4 0 0 0 0 2 0 0 0 0 0 0 0 0 0 0 0 4 8 4 0 0 8 8 0 0 4 0 0 0 6 12 6 12 6 4
20 26398 2 4 2 0 0 0 0 4 5 1 0 0 0 2 1 0 0 0 0 0 0 0 0 0 0 3 7 4 0 0 7 10 2 0 4 2 0 0 4 10 6 10 7 3
20 26404 2 4 2 0 0 0 0 4 5 1 0 0 0 3 2 0 0 0 1 0 0 0 0 0 0 3 6 4 1 0 6 8 3 0 4 3 0 1 4 9 6 9 6 3
20 26417 2 4 2 0 0 0 0 4 6 2 0 0 0 2 2 0 0 0 0 0 0 0 0 0 0 2 6 4 0 0 6 12 4 0 4 4 0 0 2 8 6 8 8 2
20 28106 2 4 2 0 0 0 0 4 6 2 0 0 0 2 2 0 0 0 0 0 0 0 0 0 0 2 6 4 0 0 6 12 4 0 4 4 1 0 2 8 6 8 6 3
20 28088 2 4 2 0 0 0 0 4 6 2 0 0 0 2 2 1 0 0 0 0 0 0 0 0 0 2 6 4 0 0 6 10 4 0 4 4 0 0 3 8 6 8 8 2
20 26423 2 4 2 0 0 0 0 4 6 2 0 0 0 3 3 0 0 0 1 0 0 0 0 0 0 2 5 4 1 0 5 10 5 0 4 5 0 1 2 7 6 7 7 2
20 28126 2 4 2 0 0 0 0 4 6 2 0 0 0 3 3 0 0 0 1 0 0 0 0 0 0 2 5 4 1 0 5 10 5 1 4 4 1 1 2 7 5 8 5 3
20 28094 2 4 2 0 0 0 0 4 6 2 0 0 0 3 3 1 0 0 1 1 0 0 0 0 0 2 5 4 1 0 5 8 4 0 3 5 0 1 3 8 6 7 7 2
20 35258 2 4 2 0 0 0 0 4 6 2 0 0 0 4 4 0 0 0 2 0 0 0 0 0 0 2 4 4 2 0 4 8 6 2 4 4 2 0 2 6 4 8 5 3
20 35227 2 4 2 0 0 0 0 4 6 2 0 0 0 4 4 1 0 0 2 2 0 0 1 0 0 2 4 4 2 0 4 6 4 0 2 4 0 2 3 8 7 6 6 2
20 26447 2 4 2 0 0 0 0 4 6 3 1 0 0 3 4 2 0 0 1 1 0 0 0 0 0 2 4 3 1 0 4 8 6 1 3 6 1 1 2 6 5 6 6 2
20 26481 2 4 2 0 0 0 0 4 6 4 2 0 0 2 4 4 0 0 0 2 0 0 0 0 0 2 4 2 0 0 4 8 6 2 2 6 2 0 2 6 4 6 6 2
20 28108 2 4 2 0 0 0 0 4 7 3 0 0 0 2 3 1 0 0 0 0 0 0 0 0 0 1 5 4 0 0 5 12 6 0 4 6 1 0 1 6 6 6 7 2
20 28128 2 4 2 0 0 0 0 4 7 3 0 0 0 3 4 1 0 0 1 0 0 0 0 0 0 1 4 4 1 0 4 10 7 1 4 6 1 1 1 5 5 6 6 2
20 28114 2 4 2 0 0 0 0 4 7 3 0 0 0 3 4 1 0 0 1 1 0 0 0 0 0 1 4 4 1 0 4 10 6 0 3 7 1 1 1 6 6 5 6 2
20 35240 2 4 2 0 0 0 0 4 7 3 0 0 0 3 4 1 0 0 1 1 0 0 0 0 0 1 4 4 1 0 4 10 6 1 3 6 1 1 1 6 5 6 6 2
20 35260 2 4 2 0 0 0 0 4 7 3 0 0 0 4 5 1 0 0 2 1 0 0 0 0 0 1 3 4 2 0 3 8 7 2 3 6 2 0 1 5 4 6 6 2
20 35246 2 4 2 0 0 0 0 4 7 3 0 0 0 4 5 1 0 0 2 2 0 0 1 0 0 1 3 4 2 0 3 8 6 1 2 5 1 2 1 6 6 5 5 2
20 28166 2 4 2 0 0 0 0 4 7 4 1 0 0 3 5 3 0 0 1 2 1 0 0 0 0 1 3 3 1 0 3 8 7 1 2 6 2 1 1 5 5 5 5 2
20 28142 2 4 2 0 0 0 0 4 7 4 1 0 0 3 5 3 1 0 1 1 0 0 0 0 0 1 3 3 1 0 3 8 6 2 3 7 2 1 1 5 4 5 5 2
20 35298 2 4 2 0 0 0 0 4 7 4 1 0 0 4 6 3 0 0 2 3 1 0 1 1 0 1 2 3 2 0 2 6 7 2 1 4 1 1 1 5 5 5 5 2
20 35274 2 4 2 0 0 0 0 4 7 4 1 0 0 4 6 3 1 0 2 2 1 0 0 0 0 1 2 3 2 0 2 6 6 2 2 6 3 0 1 5 4 5 5 2
20 28178 2 4 2 0 0 0 0 4 7 5 2 0 0 2 5 5 1 0 0 2 1 0 0 0 0 1 3 2 0 0 3 8 6 2 2 6 3 0 1 5 4 5 5 2
20 35310 2 4 2 0 0 0 0 4 7 5 2 0 0 3 6 5 1 0 1 3 2 0 0 1 0 1 2 2 1 0 2 6 6 2 1 5 2 0 1 5 4 5 5 2
20 46396 2 4 2 0 0 0 0 4 8 4 0 0 0 2 4 2 0 0 0 0 0 0 0 0 0 0 4 4 0 0 4 12 8 0 4 8 2 0 0 4 6 4 6 2
20 46402 2 4 2 0 0 0 0 4 8 4 0 0 0 3 5 2 0 0 1 1 0 0 0 0 0 0 3 4 1 0 3 10 8 1 3 8 2 1 0 4 5 4 5 2
20 52790 2 4 2 0 0 0 0 4 8 4 0 0 0 4 6 2 0 0 2 2 0 0 0 0 0 0 2 4 2 0 2 8 8 2 2 8 3 0 0 4 4 4 5 2
20 52777 2 4 2 0 0 0 0 4 8 4 0 0 0 4 6 2 0 0 2 2 0 0 1 0 0 0 2 4 2 0 2 8 8 2 2 6 2 2 0 4 5 4 4 2
20 46426 2 4 2 0 0 0 0 4 8 5 1 0 0 3 6 4 1 0 1 2 1 0 0 0 0 0 2 3 1 0 2 8 7 2 2 7 3 1 0 4 4 4 4 2
20 52827 2 4 2 0 0 0 0 4 8 5 1 0 0 4 7 4 1 0 2 3 1 0 1 1 0 0 1 3 2 0 1 6 7 3 1 5 2 1 0 4 4 4 4 2
20 52803 2 4 2 0 0 0 0 4 8 5 1 0 0 4 7 4 1 0 2 3 2 0 0 0 0 0 1 3 2 0 1 6 7 2 1 6 4 0 0 4 4 4 4 2
20 46460 2 4 2 0 0 0 0 4 8 6 2 0 0 2 6 6 2 0 0 2 2 0 0 0 0 0 2 2 0 0 2 8 6 2 2 6 4 0 0 4 4 4 4 2
20 52839 2 4 2 0 0 0 0 4 8 6 2 0 0 3 7 6 2 0 1 3 3 0 0 1 0 0 1 2 1 0 1 6 6 2 1 5 3 0 0 4 4 4 4 2
20 70710 2 4 2 0 0 0 0 4 8 6 2 0 0 4 8 6 2 0 2 4 4 1 0 0 0 0 0 2 2 0 0 4 6 2 0 4 3 0 0 4 4 4 4 2
20 26400 2 4 3 1 0 0 0 3 4 2 0 0 0 1 1 0 0 0 0 0 0 0 0 0 0 3 7 5 1 0 6 9 3 0 4 3 0 1 4 9 6 9 6 3
20 26406 2 4 3 1 0 0 0 3 4 2 0 0 0 2 2 0 0 0 1 0 0 0 0 0 0 3 6 5 2 0 5 7 4 0 4 4 0 2 4 8 6 8 5 3
20 26419 2 4 3 1 0 0 0 3 5 3 0 0 0 1 2 0 0 0 0 0 0 0 0 0 0 2 6 5 1 0 5 11 5 0 4 5 0 1 2 7 6 7 7 2
20 28226 2 4 3 1 0 0 0 3 5 3 0 0 0 1 2 0 0 0 0 0 0 0 0 0 0 2 6 5 1 0 5 11 5 1 4 4 1 1 2 7 5 8 5 3
20 26425 2 4 3 1 0 0 0 3 5 3 0 0 0 2 3 0 0 0 1 0 0 0 0 0 0 2 5 5 2 0 4 9 6 0 4 6 0 2 2 6 6 6 6 2
20 28246 2 4 3 1 0 0 0 3 5 3 0 0 0 2 3 0 0 0 1 0 0 0 0 0 0 2 5 5 2 0 4 9 6 2 4 4 1 2 2 6 4 8 4 3
20 30771 2 4 3 1 0 0 0 3 5 3 0 0 0 2 3 0 0 0 1 0 0 0 0 0 0 2 5 5 2 1 4 9 4 2 5 4 1 2 2 6 4 8 4 3
20 35377 2 4 3 1 0 0 0 3 5 3 0 0 0 3 4 0 0 0 2 0 0 0 0 0 0 2 4 5 3 1 3 7 5 3 5 4 2 1 2 5 3 8 4 3
20 28090 2 4 3 1 0 0 0 3 5 3 1 0 0 1 1 1 0 0 0 0 0 0 0 0 0 2 6 4 1 0 6 9 5 0 4 5 0 1 3 7 6 7 7 2
20 28096 2 4 3 1 0 0 0 3 5 3 1 0 0 2 2 1 0 0 1 1 0 0 0 0 0 2 5 4 2 0 5 7 5 0 3 6 0 2 3 7 6 6 6 2
20 30740 2 4 3 1 0 0 0 3 5 3 1 0 0 2 2 2 0 0 0 1 0 0 0 0 0 2 5 4 1 0 5 8 5 0 3 6 0 2 3 7 6 6 6 2
20 35229 2 4 3 1 0 0 0 3 5 3 1 0 0 3 3 2 0 0 1 2 0 0 1 0 0 2 4 4 2 0 4 6 5 0 2 5 0 3 3 7 7 5 5 2
20 26449 2 4 3 1 0 0 0 3 5 4 1 0 0 2 4 2 0 0 1 1 0 0 0 0 0 2 4 4 2 0 3 7 7 1 3 7 1 2 2 5 5 5 5 2
20 26483 2 4 3 1 0 0 0 3 5 5 2 0 0 1 4 4 0 0 0 2 0 0 0 0 0 2 4 3 1 0 3 7 7 2 2 7 2 1 2 5 4 5 5 2
20 28228 2 4 3 1 0 0 0 3 6 4 0 0 0 1 3 1 0 0 0 0 0 0 0 0 0 1 5 5 1 0 4 11 7 1 4 6 1 1 1 5 5 6 6 2
20 28248 2 4 3 1 0 0 0 3 6 4 0 0 0 2 4 1 0 0 1 0 0 0 0 0 0 1 4 5 2 0 3 9 8 2 4 6 1 2 1 4 4 6 5 2
20 28234 2 4 3 1 0 0 0 3 6 4 0 0 0 2 4 1 0 0 1 1 0 0 0 0 0 1 4 5 2 0 3 9 7 1 3 7 1 2 1 5 5 5 5 2
20 35359 2 4 3 1 0 0 0 3 6 4 0 0 0 2 4 1 0 0 1 1 0 0 0 0 0 1 4 5 2 1 3 9 5 2 4 6 1 2 1 5 4 6 5 2
20 35379 2 4 3 1 0 0 0 3 6 4 0 0 0 3 5 1 0 0 2 1 0 0 0 0 0 1 3 5 3 1 2 7 6 3 4 6 2 1 1 4 3 6 5 2
20 35365 2 4 3 1 0 0 0 3 6 4 0 0 0 3 5 1 0 0 2 2 0 0 1 0 0 1 3 5 3 1 2 7 5 2 3 5 1 3 1 5 5 5 4 2
20 28110 2 4 3 1 0 0 0 3 6 4 1 0 0 1 2 1 0 0 0 0 0 0 0 0 0 1 5 4 1 0 5 11 7 0 4 7 1 1 1 5 6 5 6 2
20 30753 2 4 3 1 0 0 0 3 6 4 1 0 0 1 2 1 0 0 0 0 0 0 0 0 0 1 5 4 1 0 5 11 7 1 4 6 1 1 1 5 5 6 6 2
20 28130 2 4 3 1 0 0 0 3 6 4 1 0 0 2 3 1 0 0 1 0 0 0 0 0 0 1 4 4 2 0 4 9 8 1 4 7 1 2 1 4 5 5 5 2
20 30773 2 4 3 1 0 0 0 3 6 4 1 0 0 2 3 1 0 0 1 0 0 0 0 0 0 1 4 4 2 1 4 9 6 2 5 6 1 2 1 4 4 6 5 2
20 28116 2 4 3 1 0 0 0 3 6 4 1 0 0 2 3 1 0 0 1 1 0 0 0 0 0 1 4 4 2 0 4 9 7 0 3 8 1 2 1 5 6 4 5 2
20 36960 2 4 3 1 0 0 0 3 6 4 1 0 0 2 3 1 0 0 1 1 0 0 0 0 0 1 4 4 2 0 4 9 7 2 3 6 1 2 1 5 4 6 5 2
20 30759 2 4 3 1 0 0 0 3 6 4 1 0 0 2 3 2 0 0 0 1 0 0 0 0 0 1 4 4 1 0 4 10 7 1 3 7 1 2 1 5 5 5 5 2
20 36979 2 4 3 1 0 0 0 3 6 4 1 0 0 3 4 1 0 0 2 1 0 0 0 0 0 1 3 4 3 1 3 7 6 3 4 6 2 1 1 4 3 6 5 2
20 35262 2 4 3 1 0 0 0 3 6 4 1 0 0 3 4 2 0 0 1 1 0 0 0 0 0 1 3 4 2 0 3 8 8 2 3 7 2 1 1 4 4 5 5 2
20 35248 2 4 3 1 0 0 0 3 6 4 1 0 0 3 4 2 0 0 1 2 0 0 1 0 0 1 3 4 2 0 3 8 7 1 2 6 1 3 1 5 6 4 4 2
20 36966 2 4 3 1 0 0 0 3 6 4 1 0 0 3 4 2 0 0 1 2 0 0 1 0 0 1 3 4 2 0 3 8 7 2 2 5 1 3 1 5 5 5 4 2
20 28286 2 4 3 1 0 0 0 3 6 5 1 0 0 2 5 3 0 0 1 2 1 0 0 0 0 1 3 4 2 0 2 7 8 2 2 6 2 2 1 4 4 5 4 2
20 28262 2 4 3 1 0 0 0 3 6 5 1 0 0 2 5 3 1 0 1 1 0 0 0 0 0 1 3 4 2 0 2 7 7 3 3 7 2 2 1 4 3 5 4 2
20 35417 2 4 3 1 0 0 0 3 6 5 1 0 0 3 6 3 0 0 2 3 1 0 1 1 0 1 2 4 3 1 1 5 6 3 2 4 1 2 1 4 4 5 4 2
20 35393 2 4 3 1 0 0 0 3 6 5 1 0 0 3 6 3 1 0 2 2 1 0 0 0 0 1 2 4 3 1 1 5 5 3 3 6 3 1 1 4 3 5 4 2
20 28168 2 4 3 1 0 0 0 3 6 5 2 0 0 2 4 3 0 0 1 2 1 0 0 0 0 1 3 3 2 0 3 7 8 1 2 7 2 2 1 4 5 4 4 2
20 28144 2 4 3 1 0 0 0 3 6 5 2 0 0 2 4 3 1 0 1 1 0 0 0 0 0 1 3 3 2 0 3 7 7 2 3 8 2 2 1 4 4 4 4 2
20 30811 2 4 3 1 0 0 0 3 6 5 2 0 0 2 4 4 1 0 0 1 1 0 0 0 0 1 3 3 1 0 3 8 7 2 3 6 2 2 1 4 4 5 4 2
20 35300 2 4 3 1 0 0 0 3 6 5 2 0 0 3 5 4 0 0 1 3 1 0 1 1 0 1 2 3 2 0 2 6 8 2 1 5 1 2 1 4 5 4 4 2
20 35276 2 4 3 1 0 0 0 3 6 5 2 0 0 3 5 4 1 0 1 2 1 0 0 0 0 1 2 3 2 0 2 6 7 2 2 7 3 1 1 4 4 4 4 2
20 37017 2 4 3 1 0 0 0 3 6 5 2 0 0 3 5 4 1 0 1 2 1 0 1 1 0 1 2 3 2 0 2 6 7 3 2 4 1 2 1 4 4 5 4 2
20 30787 2 4 3 1 0 0 0 3 6 5 2 1 0 2 4 2 1 0 1 1 0 0 0 0 0 1 3 3 1 1 3 8 5 3 4 7 2 2 1 4 3 5 4 2
20 36993 2 4 3 1 0 0 0 3 6 5 2 1 0 3 5 2 1 0 2 2 1 0 0 0 0 1 2 3 2 1 2 6 5 3 3 6 3 1 1 4 3 5 4 2
20 28298 2 4 3 1 0 0 0 3 6 6 2 0 0 1 5 5 1 0 0 2 1 0 0 0 0 1 3 3 1 0 2 7 7 3 2 6 3 1 1 4 3 5 4 2
20 35429 2 4 3 1 0 0 0 3 6 6 2 0 0 2 6 5 1 0 1 3 2 0 0 1 0 1 2 3 2 1 1 5 5 3 2 5 2 1 1 4 3 5 4 2
20 28180 2 4 3 1 0 0 0 3 6 6 3 0 0 1 4 5 1 0 0 2 1 0 0 0 0 1 3 2 1 0 3 7 7 2 2 7 3 1 1 4 4 4 4 2
20 35312 2 4 3 1 0 0 0 3 6 6 3 0 0 2 5 6 1 0 0 3 2 0 0 1 0 1 2 2 1 0 2 6 7 2 1 6 2 1 1 4 4 4 4 2
20 30823 2 4 3 1 0 0 0 3 6 6 3 1 0 1 4 4 2 0 0 1 1 0 0 0 0 1 3 2 0 0 3 8 6 3 3 6 3 1 1 4 3 5 4 2
20 37029 2 4 3 1 0 0 0 3 6 6 3 1 0 2 5 4 2 0 1 2 2 0 0 1 0 1 2 2 1 0 2 6 6 3 2 5 2 1 1 4 3 5 4 2
20 46398 2 4 3 1 0 0 0 3 7 5 1 0 0 1 3 2 0 0 0 0 0 0 0 0 0 0 4 4 1 0 4 11 9 1 4 8 2 1 0 3 5 4 5 2
20 46404 2 4 3 1 0 0 0 3 7 5 1 0 0 2 4 2 0 0 1 1 0 0 0 0 0 0 3 4 2 0 3 9 9 2 3 8 2 2 0 3 4 4 4 2
20 48457 2 4 3 1 0 0 0 3 7 5 1 0 0 2 4 2 0 0 1 1 0 0 0 0 0 0 3 4 2 1 3 9 7 2 4 8 2 2 0 3 4 4 4 2
20 48444 2 4 3 1 0 0 0 3 7 5 1 0 0 2 4 3 0 0 0 1 0 0 0 0 0 0 3 4 1 0 3 10 9 2 3 8 2 2 0 3 4 4 4 2
20 52906 2 4 3 1 0 0 0 3 7 5 1 0 0 3 5 2 0 0 2 2 0 0 0 0 0 0 2 4 3 1 2 7 7 3 3 8 3 1 0 3 3 4 4 2
20 52893 2 4 3 1 0 0 0 3 7 5 1 0 0 3 5 2 0 0 2 2 0 0 1 0 0 0 2 4 3 1 2 7 7 3 3 6 2 3 0 3 4 4 3 2
20 52792 2 4 3 1 0 0 0 3 7 5 1 0 0 3 5 3 0 0 1 2 0 0 0 0 0 0 2 4 2 0 2 8 9 3 2 8 3 1 0 3 3 4 4 2
20 52779 2 4 3 1 0 0 0 3 7 5 1 0 0 3 5 3 0 0 1 2 0 0 1 0 0 0 2 4 2 0 2 8 9 3 2 6 2 3 0 3 4 4 3 2
20 46428 2 4 3 1 0 0 0 3 7 6 2 0 0 2 5 4 1 0 1 2 1 0 0 0 0 0 2 3 2 0 2 7 8 3 2 7 3 2 0 3 3 4 3 2
20 48494 2 4 3 1 0 0 0 3 7 6 2 0 0 2 5 5 2 0 0 1 1 0 0 0 0 0 2 3 1 0 2 8 7 3 3 7 3 2 0 3 3 4 3 2
20 52943 2 4 3 1 0 0 0 3 7 6 2 0 0 3 6 4 1 0 2 3 1 0 1 1 0 0 1 3 3 1 1 5 6 4 2 5 2 2 0 3 3 4 3 2
20 52919 2 4 3 1 0 0 0 3 7 6 2 0 0 3 6 4 1 0 2 3 2 0 0 0 0 0 1 3 3 1 1 5 6 3 2 6 4 1 0 3 3 4 3 2
20 52829 2 4 3 1 0 0 0 3 7 6 2 0 0 3 6 5 1 0 1 3 1 0 1 1 0 0 1 3 2 0 1 6 8 4 1 5 2 2 0 3 3 4 3 2
20 52805 2 4 3 1 0 0 0 3 7 6 2 0 0 3 6 5 1 0 1 3 2 0 0 0 0 0 1 3 2 0 1 6 8 3 1 6 4 1 0 3 3 4 3 2
20 54466 2 4 3 1 0 0 0 3 7 6 2 0 0 3 6 5 2 0 1 2 1 0 1 1 0 0 1 3 2 0 1 6 7 4 2 5 2 2 0 3 3 4 3 2
20 63687 2 4 3 1 0 0 0 3 7 6 2 0 0 3 6 5 2 0 1 2 2 0 0 0 0 0 1 3 2 0 1 6 7 3 2 6 4 1 0 3 3 4 3 2
20 48470 2 4 3 1 0 0 0 3 7 6 2 1 0 2 5 3 1 0 1 2 1 0 0 0 0 0 2 3 1 1 2 8 6 3 3 7 3 2 0 3 3 4 3 2
20 63675 2 4 3 1 0 0 0 3 7 6 2 1 0 3 6 3 1 0 2 3 1 0 1 1 0 0 1 3 2 1 1 6 6 4 2 5 2 2 0 3 3 4 3 2
20 54442 2 4 3 1 0 0 0 3 7 6 2 1 0 3 6 3 1 0 2 3 2 0 0 0 0 0 1 3 2 1 1 6 6 3 2 6 4 1 0 3 3 4 3 2
20 46462 2 4 3 1 0 0 0 3 7 7 3 0 0 1 5 6 2 0 0 2 2 0 0 0 0 0 2 2 1 0 2 7 7 3 2 6 4 1 0 3 3 4 3 2
20 52955 2 4 3 1 0 0 0 3 7 7 3 0 0 2 6 6 2 0 1 3 3 0 0 1 0 0 1 2 2 1 1 5 5 3 2 5 3 1 0 3 3 4 3 2
20 52841 2 4 3 1 0 0 0 3 7 7 3 0 0 2 6 7 2 0 0 3 3 0 0 1 0 0 1 2 1 0 1 6 7 3 1 5 3 1 0 3 3 4 3 2
20 70750 2 4 3 1 0 0 0 3 7 7 3 0 0 3 7 7 3 0 1 3 4 1 0 0 0 0 0 2 2 0 0 4 6 3 1 4 3 1 0 3 3 4 3 2
20 48506 2 4 3 1 0 0 0 3 7 7 3 1 0 1 5 5 3 0 0 1 2 0 0 0 0 0 2 2 0 0 2 8 6 3 3 6 4 1 0 3 3 4 3 2
20 54478 2 4 3 1 0 0 0 3 7 7 3 1 0 2 6 5 3 0 1 2 3 0 0 1 0 0 1 2 1 0 1 6 6 3 2 5 3 1 0 3 3 4 3 2
20 70712 2 4 3 1 0 0 0 3 7 7 3 1 0 3 7 5 2 0 2 4 4 1 0 0 0 0 0 2 2 1 0 4 5 3 1 4 3 1 0 3 3 4 3 2
20 26459 2 4 3 2 1 0 0 3 4 3 2 0 0 2 3 2 0 0 2 2 0 0 1 0 0 2 4 4 3 1 3 5 5 2 3 5 1 3 2 5 5 5 4 2
20 26493 2 4 3 2 1 0 0 3 4 4 3 0 0 1 3 4 0 0 1 3 0 0 1 0 0 2 4 3 2 1 3 5 5 3 2 5 2 2 2 5 4 5 4 2
20 28466 2 4 3 2 1 0 0 3 5 4 2 0 0 2 4 3 0 0 2 3 1 0 1 1 0 1 3 4 3 1 2 5 6 3 2 4 1 2 1 4 4 5 4 2
20 28154 2 4 3 2 1 0 0 3 5 4 3 1 0 2 3 2 1 0 2 2 0 0 1 0 0 1 3 3 2 1 3 6 5 3 3 6 2 3 1 4 4 4 3 2
20 35286 2 4 3 2 1 0 0 3 5 4 3 1 0 3 4 3 2 0 2 2 1 0 1 0 0 1 2 3 2 0 2 5 6 3 2 5 3 2 1 4 4 4 3 2
20 28478 2 4 3 2 1 0 0 3 5 5 3 0 0 1 4 5 1 0 1 3 1 0 1 1 0 1 3 3 2 1 2 5 5 4 2 4 2 1 1 4 3 5 4 2
20 28190 2 4 3 2 1 0 0 3 5 5 4 1 0 1 3 4 1 0 1 3 1 0 1 0 0 1 3 2 1 1 3 6 5 3 2 5 3 2 1 4 4 4 3 2
20 35322 2 4 3 2 1 0 0 3 5 5 4 1 0 2 4 5 2 0 1 3 2 0 1 1 0 1 2 2 1 0 2 5 6 3 1 4 2 2 1 4 4 4 3 2
20 46438 2 4 3 2 1 0 0 3 6 5 3 1 0 2 4 3 1 0 2 3 1 0 1 1 0 0 2 3 2 1 2 6 6 4 2 5 2 2 0 3 3 4 3 2
20 52815 2 4 3 2 1 0 0 3 6 5 3 1 0 3 5 4 2 0 2 3 2 0 1 1 0 0 1 3 2 0 1 5 7 4 1 4 3 1 0 3 3 4 3 2
20 46472 2 4 3 2 1 0 0 3 6 6 4 1 0 1 4 5 2 0 1 3 2 0 1 1 0 0 2 2 1 1 2 6 5 4 2 4 3 1 0 3 3 4 3 2
20 52851 2 4 3 2 1 0 0 3 6 6 4 1 0 2 5 6 3 0 1 3 3 0 1 2 0 0 1 2 1 0 1 5 6 4 1 3 2 1 0 3 3 4 3 2
20 26530 2 4 4 2 0 0 0 2 4 4 0 0 0 0 2 0 0 0 0 0 0 0 0 0 0 2 6 6 2 0 4 10 6 0 4 6 0 2 2 6 6 6 6 2
20 30871 2 4 4 2 0 0 0 2 4 4 0 0 0 0 2 0 0 0 0 0 0 0 0 0 0 2 6 6 2 0 4 10 6 2 4 4 2 0 2 6 4 8 5 3
20 26535 2 4 4 2 0 0 0 2 4 4 0 0 0 1 3 0 0 0 1 0 0 0 0 0 0 2 5 6 3 0 3 8 7 0 4 7 0 3 2 5 6 5 5 2
20 30891 2 4 4 2 0 0 0 2 4 4 0 0 0 1 3 0 0 0 1 0 0 0 0 0 0 2 5 6 3 1 3 8 5 3 5 4 2 1 2 5 3 8 4 3
20 37096 2 4 4 2 0 0 0 2 4 4 0 0 0 2 4 0 0 0 2 0 0 0 0 0 0 2 4 6 4 2 2 6 4 4 6 4 3 0 2 4 2 8 4 3
20 26555 2 4 4 2 0 0 0 2 4 5 1 0 0 1 4 2 0 0 1 1 0 0 0 0 0 2 4 5 3 0 2 6 8 1 3 8 1 3 2 4 5 4 4 2
20 26585 2 4 4 2 0 0 0 2 4 6 2 0 0 0 4 4 0 0 0 2 0 0 0 0 0 2 4 4 2 0 2 6 8 2 2 8 2 2 2 4 4 4 4 2
20 28230 2 4 4 2 0 0 0 2 5 5 1 0 0 0 2 1 0 0 0 0 0 0 0 0 0 1 5 5 2 0 4 10 8 1 4 7 1 2 1 4 5 5 5 2
20 30873 2 4 4 2 0 0 0 2 5 5 1 0 0 0 2 1 0 0 0 0 0 0 0 0 0 1 5 5 2 0 4 10 8 2 4 6 2 0 1 4 4 6 6 2
20 28250 2 4 4 2 0 0 0 2 5 5 1 0 0 1 3 1 0 0 1 0 0 0 0 0 0 1 4 5 3 0 3 8 9 2 4 7 1 3 1 3 4 5 4 2
20 30893 2 4 4 2 0 0 0 2 5 5 1 0 0 1 3 1 0 0 1 0 0 0 0 0 0 1 4 5 3 1 3 8 7 3 5 6 2 1 1 3 3 6 5 2
20 28236 2 4 4 2 0 0 0 2 5 5 1 0 0 1 3 1 0 0 1 1 0 0 0 0 0 1 4 5 3 0 3 8 8 1 3 8 1 3 1 4 5 4 4 2
20 37078 2 4 4 2 0 0 0 2 5 5 1 0 0 1 3 1 0 0 1 1 0 0 0 0 0 1 4 5 3 1 3 8 6 3 4 6 2 1 1 4 3 6 5 2
20 30879 2 4 4 2 0 0 0 2 5 5 1 0 0 1 3 2 0 0 0 1 0 0 0 0 0 1 4 5 2 0 3 9 8 2 3 7 2 1 1 4 4 5 5 2
20 35361 2 4 4 2 0 0 0 2 5 5 1 0 0 1 3 2 0 0 0 1 0 0 0 0 0 1 4 5 2 1 3 9 6 2 4 7 1 3 1 4 4 5 4 2
20 37098 2 4 4 2 0 0 0 2 5 5 1 0 0 2 4 1 0 0 2 1 0 0 0 0 0 1 3 5 4 2 2 6 5 4 5 6 3 0 1 3 2 6 5 2
20 35381 2 4 4 2 0 0 0 2 5 5 1 0 0 2 4 2 0 0 1 1 0 0 0 0 0 1 3 5 3 1 2 7 7 3 4 7 2 2 1 3 3 5 4 2
20 35367 2 4 4 2 0 0 0 2 5 5 1 0 0 2 4 2 0 0 1 2 0 0 1 0 0 1 3 5 3 1 2 7 6 2 3 6 1 4 1 4 5 4 3 2
20 37084 2 4 4 2 0 0 0 2 5 5 1 0 0 2 4 2 0 0 1 2 0 0 1 0 0 1 3 5 3 1 2 7 6 3 3 5 2 2 1 4 4 5 4 2
20 28288 2 4 4 2 0 0 0 2 5 6 2 0 0 1 4 3 0 0 1 2 1 0 0 0 0 1 3 4 3 0 2 6 9 2 2 7 2 3 1 3 4 4 3 2
20 28264 2 4 4 2 0 0 0 2 5 6 2 0 0 1 4 3 1 0 1 1 0 0 0 0 0 1 3 4 3 0 2 6 8 3 3 8 2 3 1 3 3 4 3 2
20 30931 2 4 4 2 0 0 0 2 5 6 2 0 0 1 4 4 1 0 0 1 1 0 0 0 0 1 3 4 2 0 2 7 8 3 3 6 3 1 1 3 3 5 4 2
20 35419 2 4 4 2 0 0 0 2 5 6 2 0 0 2 5 4 0 0 1 3 1 0 1 1 0 1 2 4 3 1 1 5 7 3 2 5 1 3 1 3 4 4 3 2
20 35395 2 4 4 2 0 0 0 2 5 6 2 0 0 2 5 4 1 0 1 2 1 0 0 0 0 1 2 4 3 1 1 5 6 3 3 7 3 2 1 3 3 4 3 2
20 37136 2 4 4 2 0 0 0 2 5 6 2 0 0 2 5 4 1 0 1 2 1 0 1 1 0 1 2 4 3 1 1 5 6 4 3 4 2 1 1 3 3 5 4 2
20 30907 2 4 4 2 0 0 0 2 5 6 2 1 0 1 4 2 1 0 1 1 0 0 0 0 0 1 3 4 2 1 2 7 6 4 4 7 3 1 1 3 2 5 4 2
20 37112 2 4 4 2 0 0 0 2 5 6 2 1 0 2 5 2 1 0 2 2 1 0 0 0 0 1 2 4 3 2 1 5 4 4 4 6 4 0 1 3 2 5 4 2
20 28300 2 4 4 2 0 0 0 2 5 7 3 0 0 0 4 5 1 0 0 2 1 0 0 0 0 1 3 3 2 0 2 6 8 3 2 7 3 2 1 3 3 4 3 2
20 35431 2 4 4 2 0 0 0 2 5 7 3 0 0 1 5 6 1 0 0 3 2 0 0 1 0 1 2 3 2 1 1 5 6 3 2 6 2 2 1 3 3 4 3 2
20 30943 2 4 4 2 0 0 0 2 5 7 3 1 0 0 4 4 2 0 0 1 1 0 0 0 0 1 3 3 1 0 2 7 7 4 3 6 4 0 1 3 2 5 4 2
20 37148 2 4 4 2 0 0 0 2 5 7 3 1 0 1 5 4 2 0 1 2 2 0 0 1 0 1 2 3 2 1 1 5 5 4 3 5 3 0 1 3 2 5 4 2
20 46509 2 4 4 2 0 0 0 2 6 6 2 0 0 0 2 2 0 0 0 0 0 0 0 0 0 0 4 4 2 0 4 10 10 2 4 8 2 2 0 2 4 4 4 2
20 48555 2 4 4 2 0 0 0 2 6 6 2 0 0 0 2 2 0 0 0 0 0 0 0 0 0 0 4 4 2 0 4 10 10 2 4 8 3 0 0 2 4 4 5 2
20 46514 2 4 4 2 0 0 0 2 6 6 2 0 0 1 3 2 0 0 1 1 0 0 0 0 0 0 3 4 3 0 3 8 10 3 3 8 2 3 0 2 3 4 3 2
20 48574 2 4 4 2 0 0 0 2 6 6 2 0 0 1 3 2 0 0 1 1 0 0 0 0 0 0 3 4 3 1 3 8 8 3 4 8 3 1 0 2 3 4 4 2
20 48561 2 4 4 2 0 0 0 2 6 6 2 0 0 1 3 3 0 0 0 1 0 0 0 0 0 0 3 4 2 0 3 9 10 3 3 8 3 1 0 2 3 4 4 2
20 52889 2 4 4 2 0 0 0 2 6 6 2 0 0 1 3 3 0 0 0 1 0 0 0 0 0 0 3 4 2 1 3 9 8 3 4 8 2 3 0 2 3 4 3 2
20 54545 2 4 4 2 0 0 0 2 6 6 2 0 0 2 4 2 0 0 2 2 0 0 0 0 0 0 2 4 4 2 2 6 6 4 4 8 4 0 0 2 2 4 4 2
20 52908 2 4 4 2 0 0 0 2 6 6 2 0 0 2 4 3 0 0 1 2 0 0 0 0 0 0 2 4 3 1 2 7 8 4 3 8 3 2 0 2 2 4 3 2
20 52895 2 4 4 2 0 0 0 2 6 6 2 0 0 2 4 3 0 0 1 2 0 0 1 0 0 0 2 4 3 1 2 7 8 4 3 6 2 4 0 2 3 4 2 2
20 54532 2 4 4 2 0 0 0 2 6 6 2 0 0 2 4 3 0 0 1 2 0 0 1 0 0 0 2 4 3 1 2 7 8 4 3 6 3 2 0 2 3 4 3 2
20 63729 2 4 4 2 0 0 0 2 6 6 2 0 0 2 4 4 0 0 0 2 0 0 0 0 0 0 2 4 2 0 2 8 10 4 2 8 4 0 0 2 2 4 4 2
20 46534 2 4 4 2 0 0 0 2 6 7 3 0 0 1 4 4 1 0 1 2 1 0 0 0 0 0 2 3 3 0 2 6 9 4 2 7 3 3 0 2 2 4 2 2
20 48611 2 4 4 2 0 0 0 2 6 7 3 0 0 1 4 5 2 0 0 1 1 0 0 0 0 0 2 3 2 0 2 7 8 4 3 7 4 1 0 2 2 4 3 2
20 52945 2 4 4 2 0 0 0 2 6 7 3 0 0 2 5 5 1 0 1 3 1 0 1 1 0 0 1 3 3 1 1 5 7 5 2 5 2 3 0 2 2 4 2 2
20 52921 2 4 4 2 0 0 0 2 6 7 3 0 0 2 5 5 1 0 1 3 2 0 0 0 0 0 1 3 3 1 1 5 7 4 2 6 4 2 0 2 2 4 2 2
20 54582 2 4 4 2 0 0 0 2 6 7 3 0 0 2 5 5 2 0 1 2 1 0 1 1 0 0 1 3 3 1 1 5 6 5 3 5 3 1 0 2 2 4 3 2
20 63765 2 4 4 2 0 0 0 2 6 7 3 0 0 2 5 6 2 0 0 2 2 0 0 0 0 0 1 3 2 0 1 6 8 4 2 6 5 0 0 2 2 4 3 2
20 48587 2 4 4 2 0 0 0 2 6 7 3 1 0 1 4 3 1 0 1 2 1 0 0 0 0 0 2 3 2 1 2 7 7 4 3 7 4 1 0 2 2 4 3 2
20 70724 2 4 4 2 0 0 0 2 6 7 3 1 0 1 4 4 2 0 0 1 1 0 0 0 0 0 2 3 1 1 2 8 6 4 4 7 3 3 0 2 2 4 2 2
20 54558 2 4 4 2 0 0 0 2 6 7 3 1 0 2 5 3 1 0 2 3 2 0 0 0 0 0 1 3 3 2 1 5 5 4 3 6 5 0 0 2 2 4 3 2
20 63753 2 4 4 2 0 0 0 2 6 7 3 1 0 2 5 4 1 0 1 3 1 0 1 1 0 0 1 3 2 1 1 6 7 5 2 5 3 1 0 2 2 4 3 2
20 70740 2 4 4 2 0 0 0 2 6 7 3 1 0 2 5 4 2 0 1 2 1 0 1 1 0 0 1 3 2 1 1 6 6 5 3 5 2 3 0 2 2 4 2 2
20 70729 2 4 4 2 0 0 0 2 6 7 3 1 0 2 5 4 2 0 1 2 2 0 0 0 0 0 1 3 2 1 1 6 6 4 3 6 4 2 0 2 2 4 2 2
20 46564 2 4 4 2 0 0 0 2 6 8 4 0 0 0 4 6 2 0 0 2 2 0 0 0 0 0 2 2 2 0 2 6 8 4 2 6 4 2 0 2 2 4 2 2
20 52957 2 4 4 2 0 0 0 2 6 8 4 0 0 1 5 7 2 0 0 3 3 0 0 1 0 0 1 2 2 1 1 5 6 4 2 5 3 2 0 2 2 4 2 2
20 71282 2 4 4 2 0 0 0 2 6 8 4 0 0 2 6 8 4 0 0 2 4 1 0 0 0 0 0 2 2 0 0 4 6 4 2 4 4 0 0 2 2 4 3 2
20 48623 2 4 4 2 0 0 0 2 6 8 4 1 0 0 4 5 3 0 0 1 2 0 0 0 0 0 2 2 1 0 2 7 7 4 3 6 5 0 0 2 2 4 3 2
20 54594 2 4 4 2 0 0 0 2 6 8 4 1 0 1 5 5 3 0 1 2 3 0 0 1 0 0 1 2 2 1 1 5 5 4 3 5 4 0 0 2 2 4 3 2
20 63777 2 4 4 2 0 0 0 2 6 8 4 1 0 1 5 6 3 0 0 2 3 0 0 1 0 0 1 2 1 0 1 6 7 4 2 5 4 0 0 2 2 4 3 2
20 70752 2 4 4 2 0 0 0 2 6 8 4 1 0 2 6 6 3 0 1 3 4 1 0 0 0 0 0 2 2 1 0 4 5 4 2 4 3 2 0 2 2 4 2 2
20 80355 2 4 4 2 0 0 0 2 6 8 4 2 0 0 4 4 4 0 0 0 2 0 0 0 0 0 2 2 0 0 2 8 6 4 4 6 4 2 0 2 2 4 2 2
20 80360 2 4 4 2 0 0 0 2 6 8 4 2 0 1 5 4 4 0 1 1 3 0 0 1 0 0 1 2 1 0 1 6 6 4 3 5 3 2 0 2 2 4 2 2
20 78307 2 4 4 2 0 0 0 2 6 8 4 2 0 2 6 4 2 0 2 4 4 1 0 0 0 0 0 2 2 2 0 4 4 4 2 4 4 0 0 2 2 4 3 2
20 30736 2 4 4 2 1 0 0 2 4 2 2 0 0 1 0 1 0 0 0 0 0 0 0 0 0 2 6 4 2 0 6 8 6 0 4 6 0 2 3 6 6 6 6 2
20 30742 2 4 4 2 1 0 0 2 4 2 2 0 0 2 1 2 0 0 0 1 0 0 0 0 0 2 5 4 2 0 5 7 6 0 3 7 0 3 3 6 6 5 5 2
20 36949 2 4 4 2 1 0 0 2 4 2 2 0 0 3 2 3 0 0 0 2 0 0 1 0 0 2 4 4 2 0 4 6 6 0 2 6 0 4 3 6 7 4 4 2
20 30755 2 4 4 2 1 0 0 2 5 3 2 0 0 1 1 1 0 0 0 0 0 0 0 0 0 1 5 4 2 0 5 10 8 1 4 7 1 2 1 4 5 5 5 2
20 30775 2 4 4 2 1 0 0 2 5 3 2 0 0 2 2 1 0 0 1 0 0 0 0 0 0 1 4 4 3 1 4 8 7 2 5 7 1 3 1 3 4 5 4 2
20 30761 2 4 4 2 1 0 0 2 5 3 2 0 0 2 2 2 0 0 0 1 0 0 0 0 0 1 4 4 2 0 4 9 8 1 3 8 1 3 1 4 5 4 4 2
20 36962 2 4 4 2 1 0 0 2 5 3 2 0 0 2 2 2 0 0 0 1 0 0 0 0 0 1 4 4 2 0 4 9 8 2 3 7 1 3 1 4 4 5 4 2
20 36981 2 4 4 2 1 0 0 2 5 3 2 0 0 3 3 2 0 0 1 1 0 0 0 0 0 1 3 4 3 1 3 7 7 3 4 7 2 2 1 3 3 5 4 2
20 36968 2 4 4 2 1 0 0 2 5 3 2 0 0 3 3 3 0 0 0 2 0 0 1 0 0 1 3 4 2 0 3 8 8 2 2 6 1 4 1 4 5 4 3 2
20 30813 2 4 4 2 1 0 0 2 5 4 3 0 0 2 3 4 1 0 0 1 1 0 0 0 0 1 3 3 2 0 3 7 8 2 3 7 2 3 1 3 4 4 3 2
20 37019 2 4 4 2 1 0 0 2 5 4 3 0 0 3 4 5 1 0 0 2 1 0 1 1 0 1 2 3 2 0 2 6 8 3 2 5 1 3 1 3 4 4 3 2
20 30789 2 4 4 2 1 0 0 2 5 4 3 1 0 2 3 2 1 0 1 1 0 0 0 0 0 1 3 3 2 1 3 7 6 3 4 8 2 3 1 3 3 4 3 2
20 36995 2 4 4 2 1 0 0 2 5 4 3 1 0 3 4 3 1 0 1 2 1 0 0 0 0 1 2 3 2 1 2 6 6 3 3 7 3 2 1 3 3 4 3 2
20 30825 2 4 4 2 1 0 0 2 5 5 4 1 0 1 3 4 2 0 0 1 1 0 0 0 0 1 3 2 1 0 3 7 7 3 3 7 3 2 1 3 3 4 3 2
20 37031 2 4 4 2 1 0 0 2 5 5 4 1 0 2 4 5 2 0 0 2 2 0 0 1 0 1 2 2 1 0 2 6 7 3 2 6 2 2 1 3 3 4 3 2
20 48440 2 4 4 2 1 0 0 2 6 4 2 0 0 1 2 2 0 0 0 0 0 0 0 0 0 0 4 4 2 0 4 10 10 2 4 8 2 2 0 2 4 4 4 2
20 48459 2 4 4 2 1 0 0 2 6 4 2 0 0 2 3 2 0 0 1 1 0 0 0 0 0 0 3 4 3 1 3 8 8 3 4 8 2 3 0 2 3 4 3 2
20 48446 2 4 4 2 1 0 0 2 6 4 2 0 0 2 3 3 0 0 0 1 0 0 0 0 0 0 3 4 2 0 3 9 10 3 3 8 2 3 0 2 3 4 3 2
20 63665 2 4 4 2 1 0 0 2 6 4 2 0 0 3 4 2 0 0 2 2 0 0 1 0 0 0 2 4 4 2 2 6 6 4 4 6 2 4 0 2 3 4 2 2
20 54431 2 4 4 2 1 0 0 2 6 4 2 0 0 3 4 3 0 0 1 2 0 0 0 0 0 0 2 4 3 1 2 7 8 4 3 8 3 2 0 2 2 4 3 2
20 54419 2 4 4 2 1 0 0 2 6 4 2 0 0 3 4 4 0 0 0 2 0 0 1 0 0 0 2 4 2 0 2 8 10 4 2 6 2 4 0 2 3 4 2 2
20 48496 2 4 4 2 1 0 0 2 6 5 3 0 0 2 4 5 2 0 0 1 1 0 0 0 0 0 2 3 2 0 2 7 8 4 3 7 3 3 0 2 2 4 2 2
20 63689 2 4 4 2 1 0 0 2 6 5 3 0 0 3 5 5 2 0 1 2 2 0 0 0 0 0 1 3 3 1 1 5 6 4 3 6 4 2 0 2 2 4 2 2
20 54468 2 4 4 2 1 0 0 2 6 5 3 0 0 3 5 6 2 0 0 2 1 0 1 1 0 0 1 3 2 0 1 6 8 5 2 5 2 3 0 2 2 4 2 2
20 48472 2 4 4 2 1 0 0 2 6 5 3 1 0 2 4 3 1 0 1 2 1 0 0 0 0 0 2 3 2 1 2 7 7 4 3 7 3 3 0 2 2 4 2 2
20 63677 2 4 4 2 1 0 0 2 6 5 3 1 0 3 5 3 1 0 2 3 1 0 1 1 0 0 1 3 3 2 1 5 5 5 3 5 2 3 0 2 2 4 2 2
20 54444 2 4 4 2 1 0 0 2 6 5 3 1 0 3 5 4 1 0 1 3 2 0 0 0 0 0 1 3 2 1 1 6 7 4 2 6 4 2 0 2 2 4 2 2
20 48508 2 4 4 2 1 0 0 2 6 6 4 1 0 1 4 5 3 0 0 1 2 0 0 0 0 0 2 2 1 0 2 7 7 4 3 6 4 2 0 2 2 4 2 2
20 63701 2 4 4 2 1 0 0 2 6 6 4 1 0 2 5 5 3 0 1 2 3 0 0 1 0 0 1 2 2 1 1 5 5 4 3 5 3 2 0 2 2 4 2 2
20 54480 2 4 4 2 1 0 0 2 6 6 4 1 0 2 5 6 3 0 0 2 3 0 0 1 0 0 1 2 1 0 1 6 7 4 2 5 3 2 0 2 2 4 2 2
20 71244 2 4 4 2 1 0 0 2 6 6 4 1 0 3 6 6 3 0 1 3 4 1 0 0 0 0 0 2 2 1 0 4 5 4 2 4 3 2 0 2 2 4 2 2
20 26564 2 4 4 3 1 0 0 2 3 4 2 0 0 1 3 2 0 0 2 2 0 0 1 0 0 2 4 5 4 1 2 4 6 2 3 6 1 4 2 4 5 4 3 2
20 26594 2 4 4 3 1 0 0 2 3 5 3 0 0 0 3 4 0 0 1 3 0 0 1 0 0 2 4 4 3 1 2 4 6 3 2 6 2 3 2 4 4 4 3 2
20 28468 2 4 4 3 1 0 0 2 4 5 3 0 0 1 3 3 0 0 2 3 1 0 1 1 0 1 3 4 4 1 2 4 7 3 2 5 1 3 1 3 4 4 3 2
20 31111 2 4 4 3 1 0 0 2 4 5 3 0 0 1 3 4 1 0 1 2 2 0 0 1 0 1 3 4 3 1 2 5 6 3 3 5 2 1 1 3 3 5 4 2
20 28274 2 4 4 3 1 0 0 2 4 5 3 1 0 1 3 2 1 0 2 2 0 0 1 0 0 1 3 4 3 1 2 5 6 4 3 6 2 4 1 3 3 4 2 2
20 35405 2 4 4 3 1 0 0 2 4 5 3 1 0 2 4 3 2 0 2 2 1 0 1 0 0 1 2 4 3 1 1 4 5 4 3 5 3 3 1 3 3 4 2 2
20 28480 2 4 4 3 1 0 0 2 4 6 4 0 0 0 3 5 1 0 1 3 1 0 1 1 0 1 3 3 3 1 2 4 6 4 2 5 2 2 1 3 3 4 3 2
20 28310 2 4 4 3 1 0 0 2 4 6 4 1 0 0 3 4 1 0 1 3 1 0 1 0 0 1 3 3 2 1 2 5 6 4 2 5 3 3 1 3 3 4 2 2
20 31123 2 4 4 3 1 0 0 2 4 6 4 1 0 0 3 4 2 0 1 2 2 0 0 1 0 1 3 3 2 1 2 5 5 4 3 5 3 0 1 3 2 5 4 2
20 35441 2 4 4 3 1 0 0 2 4 6 4 1 0 1 4 5 2 0 1 3 2 0 1 1 0 1 2 3 2 1 1 4 5 4 2 4 2 3 1 3 3 4 2 2
20 46543 2 4 4 3 1 0 0 2 5 6 4 1 0 1 3 3 1 0 2 3 1 0 1 1 0 0 2 3 3 1 2 5 7 5 2 5 2 3 0 2 2 4 2 2
20 48788 2 4 4 3 1 0 0 2 5 6 4 1 0 1 3 4 2 0 1 2 2 0 0 1 0 0 2 3 2 1 2 6 6 4 3 6 3 1 0 2 2 4 3 2
20 52931 2 4 4 3 1 0 0 2 5 6 4 1 0 2 4 4 2 0 2 3 2 0 1 1 0 0 1 3 3 1 1 4 6 5 2 4 3 2 0 2 2 4 2 2
20 63879 2 4 4 3 1 0 0 2 5 6 4 1 0 2 4 5 3 0 1 2 3 0 0 1 0 0 1 3 2 0 1 5 7 4 2 5 4 0 0 2 2 4 3 2
20 46573 2 4 4 3 1 0 0 2 5 7 5 1 0 0 3 5 2 0 1 3 2 0 1 1 0 0 2 2 2 1 2 5 6 5 2 4 3 2 0 2 2 4 2 2
20 52967 2 4 4 3 1 0 0 2 5 7 5 1 0 1 4 6 3 0 1 3 3 0 1 2 0 0 1 2 2 1 1 4 5 5 2 3 2 2 0 2 2 4 2 2
20 48800 2 4 4 3 1 0 0 2 5 7 5 2 0 0 3 4 3 0 1 2 3 0 0 1 0 0 2 2 1 1 2 6 5 4 3 5 4 0 0 2 2 4 3 2
20 63891 2 4 4 3 1 0 0 2 5 7 5 2 0 1 4 5 4 0 1 2 4 0 0 2 0 0 1 2 1 0 1 5 6 4 2 4 3 0 0 2 2 4 3 2
20 30799 2 4 4 3 2 1 0 2 4 3 2 2 0 2 3 1 1 0 2 2 0 0 1 0 0 1 3 3 2 2 3 6 4 4 4 6 2 4 1 3 3 4 2 2
20 37005 2 4 4 3 2 1 0 2 4 3 2 2 0 3 4 2 2 0 2 2 1 0 1 0 0 1 2 3 2 1 2 5 5 4 3 5 3 3 1 3 3 4 2 2
20 30835 2 4 4 3 2 1 0 2 4 4 3 2 0 1 3 3 2 0 1 2 1 0 1 0 0 1 3 2 1 1 3 6 5 4 3 5 3 3 1 3 3 4 2 2
20 37041 2 4 4 3 2 1 0 2 4 4 3 2 0 2 4 4 3 0 1 2 2 0 1 1 0 1 2 2 1 0 2 5 6 4 2 4 2 3 1 3 3 4 2 2
20 48482 2 4 4 3 2 1 0 2 5 4 2 2 0 2 4 2 1 0 2 3 1 0 1 1 0 0 2 3 2 2 2 6 5 5 3 5 2 3 0 2 2 4 2 2
20 54454 2 4 4 3 2 1 0 2 5 4 2 2 0 3 5 3 2 0 2 3 2 0 1 1 0 0 1 3 2 1 1 5 6 5 2 4 3 2 0 2 2 4 2 2
20 48518 2 4 4 3 2 1 0 2 5 5 3 2 0 1 4 4 3 0 1 2 2 0 1 1 0 0 2 2 1 1 2 6 5 5 3 4 3 2 0 2 2 4 2 2
20 54490 2 4 4 3 2 1 0 2 5 5 3 2 0 2 5 5 4 0 1 2 3 0 1 2 0 0 1 2 1 0 1 5 6 5 2 3 2 2 0 2 2 4 2 2
20 26725 2 4 4 4 2 0 0 2 2 4 4 0 0 0 2 4 0 0 2 4 0 0 2 0 0 2 4 4 4 2 2 2 4 4 2 4 2 4 2 4 4 4 2 2
20 28490 2 4 4 4 2 0 0 2 3 5 5 1 0 0 2 4 1 0 2 4 1 0 2 1 0 1 3 3 3 2 2 3 4 5 2 3 2 3 1 3 3 4 2 2
20 46704 2 4 4 4 2 0 0 2 4 6 6 2 0 0 2 4 2 0 2 4 2 0 2 2 0 0 2 2 2 2 2 4 4 6 2 2 2 2 0 2 2 4 2 2
20 73881 2 4 4 4 3 2 1 2 4 4 2 2 2 3 6 3 0 1 4 6 2 0 3 4 2 0 0 2 2 2 0 2 2 2 2 2 0 2 0 2 2 4 2 2
20 73893 2 4 4 4 3 2 1 2 4 5 3 2 2 2 6 5 2 2 3 5 3 1 2 3 1 0 0 1 1 1 0 2 2 2 2 2 0 2 0 2 2 4 2 2
20 30875 2 4 5 3 1 0 0 1 4 4 2 0 0 0 1 1 0 0 0 0 0 0 0 0 0 1 5 5 3 0 4 9 9 2 4 7 2 1 1 3 4 5 5 2
20 30895 2 4 5 3 1 0 0 1 4 4 2 0 0 1 2 1 0 0 1 0 0 0 0 0 0 1 4 5 4 1 3 7 8 3 5 7 2 2 1 2 3 5 4 2
20 30881 2 4 5 3 1 0 0 1 4 4 2 0 0 1 2 2 0 0 0 1 0 0 0 0 0 1 4 5 3 0 3 8 9 2 3 8 2 2 1 3 4 4 4 2
20 37080 2 4 5 3 1 0 0 1 4 4 2 0 0 1 2 2 0 0 0 1 0 0 0 0 0 1 4 5 3 1 3 8 7 3 4 7 2 2 1 3 3 5 4 2
20 37100 2 4 5 3 1 0 0 1 4 4 2 0 0 2 3 2 0 0 1 1 0 0 0 0 0 1 3 5 4 2 2 6 6 4 5 7 3 1 1 2 2 5 4 2
20 37086 2 4 5 3 1 0 0 1 4 4 2 0 0 2 3 3 0 0 0 2 0 0 1 0 0 1 3 5 3 1 2 7 7 3 3 6 2 3 1 3 4 4 3 2
20 30933 2 4 5 3 1 0 0 1 4 5 3 0 0 1 3 4 1 0 0 1 1 0 0 0 0 1 3 4 3 0 2 6 9 3 3 7 3 2 1 2 3 4 3 2
20 37138 2 4 5 3 1 0 0 1 4 5 3 0 0 2 4 5 1 0 0 2 1 0 1 1 0 1 2 4 3 1 1 5 7 4 3 5 2 2 1 2 3 4 3 2
20 30909 2 4 5 3 1 0 0 1 4 5 3 1 0 1 3 2 1 0 1 1 0 0 0 0 0 1 3 4 3 1 2 6 7 4 4 8 3 2 1 2 2 4 3 2
20 37114 2 4 5 3 1 0 0 1 4 5 3 1 0 2 4 3 1 0 1 2 1 0 0 0 0 1 2 4 3 2 1 5 5 4 4 7 4 1 1 2 2 4 3 2
20 30945 2 4 5 3 1 0 0 1 4 6 4 1 0 0 3 4 2 0 0 1 1 0 0 0 0 1 3 3 2 0 2 6 8 4 3 7 4 1 1 2 2 4 3 2
20 37150 2 4 5 3 1 0 0 1 4 6 4 1 0 1 4 5 2 0 0 2 2 0 0 1 0 1 2 3 2 1 1 5 6 4 3 6 3 1 1 2 2 4 3 2
20 48557 2 4 5 3 1 0 0 1 5 5 3 0 0 0 1 2 0 0 0 0 0 0 0 0 0 0 4 4 3 0 4 9 11 3 4 8 3 1 0 1 3 4 4 2
20 48576 2 4 5 3 1 0 0 1 5 5 3 0 0 1 2 2 0 0 1 1 0 0 0 0 0 0 3 4 4 1 3 7 9 4 4 8 3 2 0 1 2 4 3 2
20 48563 2 4 5 3 1 0 0 1 5 5 3 0 0 1 2 3 0 0 0 1 0 0 0 0 0 0 3 4 3 0 3 8 11 4 3 8 3 2 0 1 2 4 3 2
20 54528 2 4 5 3 1 0 0 1 5 5 3 0 0 1 2 3 0 0 0 1 0 0 0 0 0 0 3 4 3 1 3 8 9 4 4 8 3 2 0 1 2 4 3 2
20 54547 2 4 5 3 1 0 0 1 5 5 3 0 0 2 3 3 0 0 1 2 0 0 0 0 0 0 2 4 4 2 2 6 7 5 4 8 4 1 0 1 1 4 3 2
20 63743 2 4 5 3 1 0 0 1 5 5 3 0 0 2 3 3 0 0 1 2 0 0 1 0 0 0 2 4 4 2 2 6 7 5 4 6 3 3 0 1 2 4 2 2
20 63731 2 4 5 3 1 0 0 1 5 5 3 0 0 2 3 4 0 0 0 2 0 0 0 0 0 0 2 4 3 1 2 7 9 5 3 8 4 1 0 1 1 4 3 2
20 54534 2 4 5 3 1 0 0 1 5 5 3 0 0 2 3 4 0 0 0 2 0 0 1 0 0 0 2 4 3 1 2 7 9 5 3 6 3 3 0 1 2 4 2 2
20 48613 2 4 5 3 1 0 0 1 5 6 4 0 0 1 3 5 2 0 0 1 1 0 0 0 0 0 2 3 3 0 2 6 9 5 3 7 4 2 0 1 1 4 2 2
20 54584 2 4 5 3 1 0 0 1 5 6 4 0 0 2 4 6 2 0 0 2 1 0 1 1 0 0 1 3 3 1 1 5 7 6 3 5 3 2 0 1 1 4 2 2
20 63767 2 4 5 3 1 0 0 1 5 6 4 0 0 2 4 6 2 0 0 2 2 0 0 0 0 0 1 3 3 1 1 5 7 5 3 6 5 1 0 1 1 4 2 2
20 48589 2 4 5 3 1 0 0 1 5 6 4 1 0 1 3 3 1 0 1 2 1 0 0 0 0 0 2 3 3 1 2 6 8 5 3 7 4 2 0 1 1 4 2 2
20 71256 2 4 5 3 1 0 0 1 5 6 4 1 0 1 3 4 2 0 0 1 1 0 0 0 0 0 2 3 2 1 2 7 7 5 4 7 4 2 0 1 1 4 2 2
20 63755 2 4 5 3 1 0 0 1 5 6 4 1 0 2 4 4 1 0 1 3 1 0 1 1 0 0 1 3 3 2 1 5 6 6 3 5 3 2 0 1 1 4 2 2
20 54560 2 4 5 3 1 0 0 1 5 6 4 1 0 2 4 4 1 0 1 3 2 0 0 0 0 0 1 3 3 2 1 5 6 5 3 6 5 1 0 1 1 4 2 2
20 71272 2 4 5 3 1 0 0 1 5 6 4 1 0 2 4 4 2 0 1 2 1 0 1 1 0 0 1 3 3 2 1 5 5 6 4 5 3 2 0 1 1 4 2 2
20 78297 2 4 5 3 1 0 0 1 5 6 4 1 0 2 4 4 2 0 1 2 2 0 0 0 0 0 1 3 3 2 1 5 5 5 4 6 5 1 0 1 1 4 2 2
20 78286 2 4 5 3 1 0 0 1 5 6 4 1 0 2 4 5 2 0 0 2 1 0 1 1 0 0 1 3 2 1 1 6 7 6 3 5 3 2 0 1 1 4 2 2
20 71261 2 4 5 3 1 0 0 1 5 6 4 1 0 2 4 5 2 0 0 2 2 0 0 0 0 0 1 3 2 1 1 6 7 5 3 6 5 1 0 1 1 4 2 2
20 48625 2 4 5 3 1 0 0 1 5 7 5 1 0 0 3 5 3 0 0 1 2 0 0 0 0 0 2 2 2 0 2 6 8 5 3 6 5 1 0 1 1 4 2 2
20 54596 2 4 5 3 1 0 0 1 5 7 5 1 0 1 4 6 3 0 0 2 3 0 0 1 0 0 1 2 2 1 1 5 6 5 3 5 4 1 0 1 1 4 2 2
20 71284 2 4 5 3 1 0 0 1 5 7 5 1 0 2 5 7 4 0 0 2 4 1 0 0 0 0 0 2 2 1 0 4 5 5 3 4 4 1 0 1 1 4 2 2
20 80648 2 4 5 3 1 0 0 1 5 7 5 2 0 0 3 4 4 0 0 0 2 0 0 0 0 0 2 2 1 0 2 7 7 5 4 6 5 1 0 1 1 4 2 2
20 80664 2 4 5 3 1 0 0 1 5 7 5 2 0 1 4 4 4 0 1 1 3 0 0 1 0 0 1 2 2 1 1 5 5 5 4 5 4 1 0 1 1 4 2 2
20 80653 2 4 5 3 1 0 0 1 5 7 5 2 0 1 4 5 4 0 0 1 3 0 0 1 0 0 1 2 1 0 1 6 7 5 3 5 4 1 0 1 1 4 2 2
20 78309 2 4 5 3 1 0 0 1 5 7 5 2 0 2 5 5 3 0 1 3 4 1 0 0 0 0 0 2 2 2 0 4 4 5 3 4 4 1 0 1 1 4 2 2
20 31113 2 4 5 4 2 0 0 1 3 4 4 0 0 1 2 4 1 0 1 2 2 0 0 1 0 1 3 4 4 1 2 4 7 3 3 6 2 2 1 2 3 4 3 2
20 31125 2 4 5 4 2 0 0 1 3 5 5 1 0 0 2 4 2 0 1 2 2 0 0 1 0 1 3 3 3 1 2 4 6 4 3 6 3 1 1 2 2 4 3 2
20 48790 2 4 5 4 2 0 0 1 4 5 5 1 0 1 2 4 2 0 1 2 2 0 0 1 0 0 2 3 3 1 2 5 7 5 3 6 3 2 0 1 1 4 2 2
20 63881 2 4 5 4 2 0 0 1 4 5 5 1 0 2 3 5 3 0 1 2 3 0 0 1 0 0 1 3 3 1 1 4 6 5 3 5 4 1 0 1 1 4 2 2
20 48802 2 4 5 4 2 0 0 1 4 6 6 2 0 0 2 4 3 0 1 2 3 0 0 1 0 0 2 2 2 1 2 5 6 5 3 5 4 1 0 1 1 4 2 2
20 63893 2 4 5 4 2 0 0 1 4 6 6 2 0 1 3 5 4 0 1 2 4 0 0 2 0 0 1 2 2 1 1 4 5 5 3 4 3 1 0 1 1 4 2 2
20 30919 2 4 5 4 2 1 0 1 3 4 2 2 0 1 3 1 1 0 2 2 0 0 1 0 0 1 3 4 3 2 2 5 5 5 4 6 3 3 1 2 2 4 2 2
20 37124 2 4 5 4 2 1 0 1 3 4 2 2 0 2 4 2 2 0 2 2 1 0 1 0 0 1 2 4 3 2 1 4 4 5 4 5 4 2 1 2 2 4 2 2
20 30955 2 4 5 4 2 1 0 1 3 5 3 2 0 0 3 3 2 0 1 2 1 0 1 0 0 1 3 3 2 1 2 5 6 5 3 5 4 2 1 2 2 4 2 2
20 37160 2 4 5 4 2 1 0 1 3 5 3 2 0 1 4 4 3 0 1 2 2 0 1 1 0 1 2 3 2 1 1 4 5 5 3 4 3 2 1 2 2 4 2 2
20 48599 2 4 5 4 2 1 0 1 4 5 3 2 0 1 3 2 1 0 2 3 1 0 1 1 0 0 2 3 3 2 2 5 6 6 3 5 3 2 0 1 1 4 2 2
20 73919 2 4 5 4 2 1 0 1 4 5 3 2 0 1 3 3 2 0 1 2 2 0 0 1 0 0 2 3 2 2 2 6 5 5 4 6 3 2 0 1 1 4 2 2
20 54570 2 4 5 4 2 1 0 1 4 5 3 2 0 2 4 3 2 0 2 3 2 0 1 1 0 0 1 3 3 2 1 4 5 6 3 4 4 1 0 1 1 4 2 2
20 73924 2 4 5 4 2 1 0 1 4 5 3 2 0 2 4 4 3 0 1 2 3 0 0 1 0 0 1 3 2 1 1 5 6 5 3 5 4 1 0 1 1 4 2 2
20 48635 2 4 5 4 2 1 0 1 4 6 4 2 0 0 3 4 3 0 1 2 2 0 1 1 0 0 2 2 2 1 2 5 6 6 3 4 4 1 0 1 1 4 2 2
20 54606 2 4 5 4 2 1 0 1 4 6 4 2 0 1 4 5 4 0 1 2 3 0 1 2 0 0 1 2 2 1 1 4 5 6 3 3 3 1 0 1 1 4 2 2
20 82432 2 4 5 4 2 1 0 1 4 6 4 3 0 0 3 3 4 0 1 1 3 0 0 1 0 0 2 2 1 1 2 6 5 5 4 5 4 1 0 1 1 4 2 2
20 82437 2 4 5 4 2 1 0 1 4 6 4 3 0 1 4 4 5 0 1 1 4 0 0 2 0 0 1 2 1 0 1 5 6 5 3 4 3 1 0 1 1 4 2 2
20 31135 2 4 5 5 3 1 0 1 2 4 4 2 0 0 2 3 2 0 2 3 2 0 1 1 0 1 3 3 3 2 2 3 4 5 3 4 3 2 1 2 2 4 2 2
20 48812 2 4 5 5 3 1 0 1 3 5 5 3 0 0 2 3 3 0 2 3 3 0 1 2 0 0 2 2 2 2 2 4 4 6 3 3 3 1 0 1 1 4 2 2
20 73933 2 4 5 5 3 2 1 1 3 5 3 2 2 2 5 4 1 1 3 5 3 0 2 4 2 0 0 2 2 2 0 2 2 2 3 3 1 1 0 1 1 4 2 2
20 73945 2 4 5 5 3 2 1 1 3 6 4 2 2 1 5 6 3 2 2 4 4 1 1 3 1 0 0 1 1 1 0 2 2 2 3 3 1 1 0 1 1 4 2 2
20 82446 2 4 5 5 3 2 1 1 3 6 4 3 2 1 5 4 3 2 3 4 4 1 1 3 1 0 0 1 1 1 0 2 2 2 3 3 1 1 0 1 1 4 2 2
20 91442 2 4 6 4 2 0 0 0 4 4 4 0 0 0 0 2 0 0 0 0 0 0 0 0 0 0 4 4 4 0 4 8 12 4 4 8 4 0 0 0 2 4 4 2
20 91447 2 4 6 4 2 0 0 0 4 4 4 0 0 1 1 3 0 0 0 1 0 0 0 0 0 0 3 4 4 1 3 7 10 5 4 8 4 1 0 0 1 4 3 2
20 95221 2 4 6 4 2 0 0 0 4 4 4 0 0 2 2 4 0 0 0 2 0 0 0 0 0 0 2 4 4 2 2 6 8 6 4 8 5 0 0 0 0 4 3 2
20 95210 2 4 6 4 2 0 0 0 4 4 4 0 0 2 2 4 0 0 0 2 0 0 1 0 0 0 2 4 4 2 2 6 8 6 4 6 4 2 0 0 1 4 2 2
20 91467 2 4 6 4 2 0 0 0 4 5 5 1 0 1 2 4 2 0 0 1 1 0 0 0 0 0 2 3 3 1 2 6 8 6 4 7 5 1 0 0 0 4 2 2
20 95254 2 4 6 4 2 0 0 0 4 5 5 1 0 2 3 5 2 0 0 2 1 0 1 1 0 0 1 3 3 2 1 5 6 7 4 5 4 1 0 0 0 4 2 2
20 95232 2 4 6 4 2 0 0 0 4 5 5 1 0 2 3 5 2 0 0 2 2 0 0 0 0 0 1 3 3 2 1 5 6 6 4 6 6 0 0 0 0 4 2 2
20 91497 2 4 6 4 2 0 0 0 4 6 6 2 0 0 2 4 4 0 0 0 2 0 0 0 0 0 2 2 2 0 2 6 8 6 4 6 6 0 0 0 0 4 2 2
20 95264 2 4 6 4 2 0 0 0 4 6 6 2 0 1 3 5 4 0 0 1 3 0 0 1 0 0 1 2 2 1 1 5 6 6 4 5 5 0 0 0 0 4 2 2
20 106145 2 4 6 4 2 0 0 0 4 6 6 2 0 2 4 6 4 0 0 2 4 1 0 0 0 0 0 2 2 2 0 4 4 6 4 4 5 0 0 0 0 4 2 2
20 91476 2 4 6 5 3 1 0 0 3 4 4 2 0 1 2 3 2 0 1 2 2 0 0 1 0 0 2 3 3 2 2 5 6 6 4 6 4 1 0 0 0 4 2 2
20 95241 2 4 6 5 3 1 0 0 3 4 4 2 0 2 3 4 3 0 1 2 3 0 0 1 0 0 1 3 3 2 1 4 5 6 4 5 5 0 0 0 0 4 2 2
20 91506 2 4 6 5 3 1 0 0 3 5 5 3 0 0 2 3 4 0 1 1 3 0 0 1 0 0 2 2 2 1 2 5 6 6 4 5 5 0 0 0 0 4 2 2
20 95273 2 4 6 5 3 1 0 0 3 5 5 3 0 1 3 4 5 0 1 1 4 0 0 2 0 0 1 2 2 1 1 4 5 6 4 4 4 0 0 0 0 4 2 2
20 91637 2 4 6 6 4 2 0 0 2 4 4 4 0 0 2 2 4 0 2 2 4 0 0 2 0 0 2 2 2 2 2 4 4 6 4 4 4 0 0 0 0 4 2 2
20 107874 2 4 6 6 4 2 1 0 2 4 4 2 2 2 4 5 2 1 2 4 4 0 1 4 2 0 0 2 2 2 0 2 2 2 4 4 2 0 0 0 0 4 2 2
20 107886 2 4 6 6 4 2 1 0 2 5 5 3 2 1 4 5 4 2 2 3 5 1 0 3 1 0 0 1 1 1 0 2 2 2 4 4 2 0 0 0 0 4 2 2
20 138574 2 4 6 8 6 4 2 0 0 4 4 4 4 0 4 4 4 6 4 4 4 4 0 0 0 0 0 0 0 0 0 0 0 0 4 4 2 0 0 0 0 4 2 2
