rows	core	order	owner_ids	status
7,16,18,19,79,154,212,322,469,477	0,3,6,7,8	2,10,1,4,15,16,5,14,13,9	12,261,26,39,135,442,1098,1067,595,35	new
7,16,18,19,154,159,212,260,469,477	0,3,6,7,8	2,10,1,4,15,16,5,13,14,9	12,261,26,39,443,442,1098,1067,1097,35	new
7,16,18,54,166,192,263,265,617,618	1,2,3,6,10	4,7,0,8,13,15,16,5,9,11	12,537,1296,1294,962,301,383,24,26,83	new
7,16,18,79,141,154,265,322,469,477	0,3,6,7,8	2,10,1,4,15,16,5,14,9,13	12,261,26,39,135,471,1098,1067,595,537	new
7,16,19,49,196,322,348,387,480,532	0,1,2,7,8	4,3,10,6,9,5,11,13,12,14	12,35,39,75,669,994,387,826,863,703	new
7,16,35,154,159,166,192,260,663,673	0,1,4,7,8	2,3,10,6,15,12,5,11,9,16	12,261,1346,1097,1406,356,259,251,24,60	new
7,18,37,132,141,154,196,404,503,664	0,1,3,6,7	2,10,8,4,15,16,9,14,13,12	12,261,26,62,230,692,1349,307,874,219	new
7,18,37,141,154,196,265,503,663,664	0,1,3,6,7	2,10,8,4,15,16,9,14,12,13	12,261,26,62,230,1353,1349,307,874,537	new
7,18,79,141,154,196,249,503,663,664	0,1,3,6,7	2,10,4,8,15,16,9,14,12,13	12,261,26,131,230,1353,1349,307,874,521	new
7,19,54,79,166,550,560,591,627,663	0,2,4,7,10	6,3,1,8,9,16,13,15,12,11	12,30,131,1234,1346,1143,1133,1421,383,83	new
7,19,79,265,459,461,622,634,637,651	0,2,7,8,10	4,1,3,6,13,15,5,12,16,9	12,537,1390,1297,1315,1330,780,774,131,30	new
7,19,154,246,315,622,628,629,631,650	1,3,6,8,10	2,7,0,4,15,12,16,11,14,9	12,261,1307,1306,1329,1309,1300,587,513,35	new
7,19,249,258,263,265,399,426,503,678	0,2,3,7,10	6,1,4,8,9,14,16,15,12,13	12,30,1071,930,865,967,962,1404,874,521	new
7,19,249,258,263,311,399,426,454,678	0,2,3,7,10	6,4,1,8,9,14,16,15,12,13	12,30,1055,930,865,967,962,1404,877,521	new
7,35,51,54,79,233,500,515,561,678	0,2,4,7,10	6,3,1,8,16,9,15,14,5,11	12,60,131,431,870,904,1378,1185,87,83	new
7,35,51,54,141,233,377,393,628,663	0,2,4,7,10	6,3,1,8,16,15,9,13,5,11	12,60,230,431,1346,1426,760,702,87,83	new
7,35,51,132,143,149,152,155,157,569	0,2,3,7,8	4,1,10,6,12,11,5,9,14,16	12,219,417,309,355,1164,401,386,87,60	new
7,35,54,79,166,550,591,627,629,663	0,2,4,7,10	6,3,1,8,16,9,13,15,12,11	12,60,131,1234,1346,1307,1133,1421,383,83	new
7,35,54,142,228,408,434,461,505,564	0,2,3,7,10	6,1,4,8,16,13,14,9,12,11	12,60,1148,941,942,880,873,452,380,83	new
7,35,54,228,408,434,461,521,564,670	0,2,3,7,10	6,1,4,8,16,13,9,14,12,11	12,60,1148,920,942,880,873,1388,380,83	new
7,35,54,229,564,591,622,627,629,663	0,2,4,7,10	6,1,3,8,16,13,9,15,12,11	12,60,1148,1234,1346,1307,1300,1421,381,83	new
7,35,79,83,132,159,233,387,468,532	0,1,2,7,8	4,10,3,6,12,5,13,11,9,16	12,219,169,805,994,669,431,251,131,60	new
7,35,79,83,132,196,233,315,387,532	0,1,2,7,8	4,10,3,6,12,5,11,13,9,16	12,219,169,307,994,669,431,989,131,60	new
7,35,83,132,159,212,233,387,468,495	0,1,2,7,8	4,10,3,6,12,5,13,9,11,16	12,219,169,805,851,669,431,251,335,60	new
7,49,54,83,132,196,243,395,452,468	0,1,2,6,7	4,10,3,8,12,5,13,16,15,11	12,219,169,805,387,114,809,499,840,83	new
7,49,132,260,364,395,429,465,466,496	2,3,7,8,10	4,0,1,6,12,14,15,9,11,13	12,219,644,896,797,796,681,75,722,532	new
7,54,83,84,246,480,495,518,584,606	0,1,2,6,7	8,3,4,10,11,14,12,9,5,13	12,83,1178,987,985,1254,826,513,459,424	new
7,54,83,84,468,480,518,527,584,606	0,1,2,6,7	8,3,4,10,11,14,9,12,5,13	12,83,1178,978,985,1254,826,805,459,424	new
7,54,83,246,265,480,507,518,584,606	0,1,2,6,7	4,10,3,8,13,5,9,12,14,11	12,537,459,513,826,1254,985,910,1178,83	new
7,54,154,166,265,408,434,495,527,634	0,3,4,7,10	2,6,1,8,15,14,5,16,12,11	12,261,696,730,537,1390,987,978,383,83	new
7,54,229,322,408,469,477,521,564,571	0,1,4,7,10	6,2,3,8,14,15,9,13,12,11	12,703,696,1057,1208,1196,1098,1067,381,83	new
7,68,132,186,212,233,426,503,526,591	0,1,2,7,10	3,6,8,4,11,16,5,9,13,12	12,100,335,294,395,1190,934,930,874,219	new
7,68,229,322,408,469,477,505,564,571	0,1,4,7,10	3,8,2,6,11,12,13,9,15,14	12,100,381,1067,1098,1196,1208,876,696,703	new
7,79,128,132,141,154,374,422,458,591	0,1,7,8,10	2,3,6,4,15,9,13,16,5,12	12,261,471,1190,135,979,996,655,215,219	new
7,83,84,149,154,157,335,389,622,629	0,1,3,6,8	2,7,4,10,15,12,16,14,5,13	12,261,1307,1297,613,717,238,247,459,424	new
7,83,84,149,265,322,347,422,500,501	0,2,3,7,8	6,1,4,10,14,9,12,11,5,13	12,703,1071,870,871,355,996,625,459,424	new
7,83,84,149,322,347,389,500,501,634	0,2,3,7,8	6,1,4,10,14,12,9,11,5,13	12,703,1312,870,871,355,671,625,459,424	new
7,83,149,265,322,347,389,501,606,634	0,2,3,7,8	4,10,1,6,13,5,11,9,12,14	12,537,459,625,671,355,871,1274,1312,703	new
7,84,124,128,132,148,149,364,377,512	0,2,3,7,8	4,6,1,10,12,5,11,9,15,13	12,219,215,411,355,760,890,1003,419,424	new
7,84,150,154,194,196,477,500,503,532	0,1,6,7,8	2,4,3,10,15,5,12,11,14,13	12,261,271,870,874,822,307,994,402,424	new
7,84,154,159,194,196,228,229,233,532	0,1,6,7,8	2,4,3,10,15,16,12,11,14,13	12,261,251,431,434,399,307,994,402,424	new
7,126,128,131,154,260,408,500,663,673	0,1,3,8,10	6,2,4,7,13,14,11,16,5,15	12,532,1360,696,261,1346,870,215,218,213	new
7,126,142,166,249,458,527,594,622,627	1,2,3,6,10	7,4,0,8,15,12,14,9,11,13	12,213,1300,1421,1217,773,949,259,231,521	new
7,126,229,322,387,388,445,458,477,496	2,3,4,8,10	6,0,1,7,14,13,12,16,11,15	12,703,822,399,988,979,993,896,897,213	new
7,126,265,367,507,617,621,631,650,678	1,3,6,8,10	4,2,0,7,13,12,16,11,14,15	12,537,910,1289,1296,1309,1344,1404,647,213	new
7,126,265,396,399,500,507,515,535,650	0,1,3,8,10	4,2,6,7,13,12,5,16,11,15	12,537,910,904,1344,1010,870,865,868,213	new
7,126,265,396,434,446,500,507,535,650	0,1,3,8,10	4,2,6,7,13,12,16,5,11,15	12,537,910,747,1344,1010,870,880,868,213	new
7,126,322,449,521,535,617,629,637,663	0,1,3,8,10	6,4,2,7,14,11,16,5,12,15	12,703,1057,754,1346,1010,1284,1315,1307,213	new
7,132,263,265,322,399,404,434,503,678	0,2,3,7,10	4,8,1,6,12,13,15,16,9,14	12,219,874,1404,962,957,865,880,1071,703	new
7,132,263,265,322,399,404,503,507,673	0,2,3,7,10	4,8,1,6,12,13,16,15,9,14	12,219,874,1406,962,957,865,879,1071,703	new
7,141,154,322,521,535,617,629,637,663	0,1,3,8,10	2,7,4,6,15,12,5,16,11,14	12,261,1307,1315,1284,1010,1346,471,1057,703	new
7,154,159,249,265,434,454,480,495,527	0,3,6,7,10	2,4,1,8,15,16,11,5,12,13	12,261,251,949,851,1002,1071,880,877,521	new
7,154,166,249,265,434,480,495,503,527	0,3,6,7,10	2,1,4,8,15,16,11,5,12,13	12,261,259,949,851,1002,1071,880,874,521	new
7,249,263,265,322,399,416,426,503,678	0,2,3,7,10	6,1,4,8,14,9,16,15,12,13	12,703,1071,930,865,951,962,1404,874,521	new
7,249,263,311,322,399,416,426,454,678	0,2,3,7,10	6,4,1,8,14,9,16,15,12,13	12,703,1055,930,865,951,962,1404,877,521	new
16,18,19,35,126,142,167,396,628,629	0,1,3,8,10	4,2,9,5,6,12,14,15,16,7	24,26,260,1306,1387,279,684,231,60,30	new
16,18,19,35,126,142,283,459,628,629	0,1,3,8,10	4,2,9,5,6,14,12,15,16,7	24,26,1046,1306,1387,279,774,231,60,30	new
16,18,19,51,89,131,166,167,260,381	2,4,5,8,9	0,10,1,3,11,14,6,13,12,7	24,30,532,175,327,383,87,855,273,32	new
16,18,35,36,148,350,558,606,650,651	0,1,2,4,9	3,8,5,10,7,12,14,13,6,11	24,32,237,1330,1254,1141,1344,630,61,60	new
16,18,36,37,155,350,426,503,561,617	1,4,8,9,10	2,5,0,3,15,11,14,6,16,7	24,386,930,874,1185,1296,1099,151,141,32	new
16,18,36,79,155,265,350,503,561,617	1,4,8,9,10	2,0,5,3,15,11,14,6,16,7	24,386,1071,874,1185,1296,1099,151,131,32	new
16,18,37,49,79,166,212,364,417,627	0,2,8,9,10	3,1,5,4,15,13,14,16,11,6	24,383,1421,644,75,62,708,442,135,26	new
16,18,54,83,128,191,246,515,673,678	2,3,5,9,10	0,1,8,4,14,7,12,15,16,6	24,504,169,215,904,1378,1360,300,83,26	new
16,18,54,83,246,408,466,515,673,678	2,3,5,9,10	0,1,8,4,14,7,15,12,16,6	24,504,169,797,904,1378,1360,696,83,26	new
16,18,54,128,132,191,192,246,515,678	2,3,5,9,10	0,1,8,4,14,12,7,15,16,6	24,504,219,215,904,1378,356,300,83,26	new
16,18,54,132,191,234,246,399,408,673	2,3,5,9,10	0,1,8,4,14,12,13,15,16,6	24,504,219,405,687,696,1406,300,83,26	new
16,18,54,155,228,243,246,488,495,670	0,1,5,9,10	2,3,8,4,15,12,13,11,16,6	24,386,1388,839,499,504,987,380,83,26	new
16,18,54,166,229,243,246,488,495,670	0,1,5,9,10	3,2,8,4,15,12,13,11,16,6	24,383,1388,839,499,504,987,381,83,26	new
16,18,54,166,258,263,408,496,627,678	0,2,5,9,10	3,1,8,4,15,13,14,12,16,6	24,383,1421,896,530,535,1378,696,83,26	new
16,18,79,148,243,246,374,378,422,591	0,1,5,9,10	3,8,2,4,7,12,16,15,14,11	24,32,237,713,1063,514,513,659,1234,131	new
16,18,79,155,157,387,422,495,496,591	0,1,5,9,10	2,8,4,3,15,6,11,13,16,7	24,386,309,996,896,987,988,1190,135,32	new
16,18,79,155,233,243,246,376,387,501	0,1,5,9,10	2,8,4,3,15,12,13,11,16,7	24,386,1042,657,499,504,988,395,135,32	new
16,18,79,155,243,246,374,387,501,591	0,1,5,9,10	2,8,4,3,15,12,11,13,16,7	24,386,1042,655,499,504,988,1190,135,32	new
16,18,79,157,178,387,422,458,495,496	0,1,5,9,10	3,4,2,8,7,16,13,11,6,15	24,32,135,979,988,987,896,996,309,291	new
16,18,79,178,243,246,374,387,458,501	0,1,5,9,10	3,4,2,8,7,16,13,11,12,15	24,32,135,979,988,504,499,655,1042,291	new
16,18,141,142,143,167,168,199,228,315	0,1,8,9,10	3,2,5,4,7,15,6,12,13,14	24,32,452,471,314,327,306,232,434,989	new
16,18,148,283,315,395,465,488,491,594	0,1,5,9,10	3,8,2,4,7,12,13,11,6,14	24,32,237,937,809,808,844,1217,1046,989	new
16,18,178,260,265,315,335,434,500,663	0,2,5,9,10	3,4,1,8,7,13,11,16,12,15	24,32,587,793,1353,532,537,730,1078,291	new
16,19,35,142,159,167,350,396,628,629	0,1,3,8,10	4,2,9,5,12,6,14,15,16,7	24,251,260,1306,1387,630,684,231,60,30	new
16,19,35,142,283,315,459,622,628,629	0,1,3,8,10	4,2,9,5,14,6,12,15,16,7	24,989,1046,1306,1387,1297,774,231,60,30	new
16,19,49,79,152,233,374,378,461,651	0,1,3,8,9	4,2,10,5,11,16,6,13,15,7	24,131,431,241,1330,873,1063,998,114,30	new
16,19,49,322,404,452,560,570,627,629	1,2,4,8,10	0,3,9,5,16,13,6,15,14,7	24,114,1218,1143,1307,1305,759,692,703,30	new
16,19,51,79,367,381,526,561,591,678	0,2,4,8,9	5,3,1,10,7,16,13,14,12,15	24,30,131,1234,982,662,647,1404,1185,87	new
16,19,132,155,194,246,480,507,515,650	1,3,4,8,9	2,0,10,5,15,14,16,11,13,7	24,386,1002,304,910,894,1344,219,504,30	new
16,19,150,154,155,311,434,454,500,503	0,1,3,8,10	2,9,4,5,15,11,16,13,14,7	24,386,880,870,271,261,763,1065,1055,30	new
16,19,159,167,260,434,618,629,637,673	0,1,3,8,10	4,2,9,5,12,6,15,14,13,7	24,251,260,1315,1387,1285,730,1360,532,30	new
16,19,159,167,322,408,434,515,618,637	0,1,3,8,10	4,2,9,5,12,6,13,15,14,7	24,251,260,894,1382,1285,730,696,703,30	new
16,19,166,249,265,387,388,396,495,670	0,4,8,9,10	3,2,1,5,15,12,16,6,14,7	24,383,1388,987,988,897,868,1103,1071,30	new
16,35,36,49,148,364,376,422,496,512	1,3,4,8,9	0,2,5,10,16,14,12,13,6,11	24,114,1003,890,896,996,411,657,61,60	new
16,35,36,148,155,178,315,461,526,651	0,1,3,8,9	4,2,5,10,14,15,13,16,6,11	24,989,982,244,281,873,1330,237,61,60	new
16,35,37,155,378,395,446,461,465,670	0,1,5,8,9	2,3,4,10,15,12,7,13,6,11	24,386,1388,873,902,796,681,659,62,60	new
16,35,150,159,258,535,564,607,650,664	0,3,5,8,9	4,1,2,10,12,7,13,15,14,11	24,251,271,967,1329,1020,1255,1349,1148,60	new
16,35,159,258,416,535,564,650,663,664	0,3,5,8,9	4,1,2,10,12,13,7,15,14,11	24,251,951,967,1329,1020,1353,1349,1148,60	new
16,35,228,315,322,399,416,434,495,507	1,2,3,8,9	4,5,0,10,14,13,6,16,15,11	24,989,434,851,879,880,707,687,703,60	new
16,35,315,393,515,518,550,622,628,637	0,2,3,5,8	4,9,1,10,14,12,7,13,15,11	24,989,1297,1315,903,904,1426,1241,702,60	new
16,49,51,159,350,374,561,634,650,651	1,3,5,9,10	0,8,2,4,16,6,13,11,15,12	24,114,87,1185,1390,1344,630,655,1330,251	new
16,49,79,141,404,416,461,463,469,527	1,2,3,5,10	0,8,9,4,16,13,12,6,15,11	24,114,1098,471,957,951,949,800,873,131	new
16,49,89,159,469,558,560,617,622,650	1,2,3,5,10	0,8,9,4,16,13,15,7,14,12	24,114,1098,477,1143,1141,1344,1284,1297,251	new
16,49,132,159,507,617,618,622,637,650	1,3,5,8,10	0,2,9,4,16,11,15,13,14,12	24,114,438,879,1315,1294,1296,1329,1297,251	new
16,51,54,249,260,315,477,622,627,664	0,1,2,5,8	4,9,3,10,14,12,6,11,16,15	24,989,1297,1305,1349,822,532,521,83,87	new
16,51,79,131,148,149,199,381,569,663	0,1,3,5,8	4,9,2,10,11,16,14,6,13,15	24,131,314,1346,1153,238,237,273,855,87	new
16,51,126,128,148,157,159,347,367,629	0,2,3,5,8	4,9,1,10,12,7,11,6,13,15	24,251,215,411,309,625,1387,279,861,87	new
16,51,126,128,152,159,186,332,367,637	0,2,3,5,8	4,9,1,10,12,7,14,6,13,15	24,251,215,1315,1088,453,241,279,861,87	new
16,51,131,148,149,159,350,381,389,631	0,1,3,5,8	4,9,2,10,12,16,14,6,13,15	24,251,630,1348,717,238,237,273,855,87	new
16,51,131,149,150,159,381,389,622,631	0,1,3,5,8	4,9,2,10,12,14,16,6,13,15	24,251,1297,1348,717,238,239,273,855,87	new
16,51,159,167,263,393,570,571,607,664	0,3,5,8,9	4,2,1,10,12,6,13,14,11,15	24,251,260,962,1218,1196,1255,1349,702,87	new
16,51,159,167,393,560,570,571,607,627	0,3,5,8,9	4,2,1,10,12,6,14,13,11,15	24,251,260,1143,1218,1196,1255,1305,702,87	new
16,51,246,311,322,381,422,463,634,650	1,3,4,8,9	0,5,2,10,14,11,7,16,13,15	24,504,583,595,1390,1344,996,800,855,87	new
16,51,315,367,550,560,570,571,622,629	0,2,3,5,8	4,9,1,10,14,12,16,11,13,15	24,989,1297,1387,1155,1154,1158,1241,861,87	new
16,51,315,393,422,518,550,622,628,637	0,2,3,5,8	4,9,1,10,14,12,7,13,11,15	24,989,1297,1315,903,996,1426,1241,702,87	new
16,54,166,249,260,315,347,477,622,664	0,1,2,5,8	3,10,9,4,15,16,11,6,12,14	24,383,83,521,532,822,1349,736,1297,989	new
16,79,167,178,199,243,246,469,558,560	1,2,3,5,10	0,8,9,4,14,7,13,15,16,11	24,504,499,812,1141,1143,260,281,314,131	new
16,124,128,148,159,166,332,347,628,631	0,2,5,8,10	3,1,9,4,15,6,13,11,7,12	24,383,419,1348,1306,736,1088,411,215,251	new
16,128,141,142,159,178,199,246,465,466	1,2,3,4,9	0,10,5,8,14,13,16,11,12,15	24,504,796,806,448,443,452,471,470,291	new
16,150,155,311,315,376,399,408,521,618	0,1,3,8,10	2,9,5,4,15,12,13,11,7,14	24,386,1294,938,239,687,696,1057,1055,989	new
16,155,159,265,507,535,622,629,631,637	1,3,5,8,10	2,0,9,4,15,11,16,13,14,12	24,386,1071,879,1315,1307,1309,1020,1297,251	new
16,155,246,260,265,422,463,526,634,650	1,3,4,8,9	0,10,5,2,14,11,7,16,13,15	24,504,532,537,1390,1344,996,800,934,386	new
16,155,246,260,378,422,500,526,634,650	1,3,4,8,9	0,10,5,2,14,11,16,7,13,15	24,504,532,1078,1390,1344,996,998,934,386	new
16,155,246,265,311,381,422,463,634,650	1,3,4,8,9	0,5,10,2,14,11,7,16,13,15	24,504,583,537,1390,1344,996,800,855,386	new
16,155,246,311,378,381,422,500,634,650	1,3,4,8,9	0,5,10,2,14,11,16,7,13,15	24,504,583,1078,1390,1344,996,998,855,386	new
16,159,166,396,426,500,627,628,631,663	0,2,5,9,10	3,1,8,4,15,13,7,11,16,12	24,383,1421,1426,1309,1353,1078,719,684,251	new
16,159,178,229,234,396,399,446,454,466	0,2,3,9,10	4,5,1,8,12,13,7,11,14,15	24,251,427,865,868,877,902,399,806,291	new
16,166,249,260,315,347,393,454,477,609	0,1,2,5,8	3,9,10,4,15,11,16,6,12,14	24,383,877,521,532,822,702,736,1259,989	new
16,178,228,233,315,396,454,459,500,503	0,2,3,9,10	4,5,1,8,14,13,7,11,12,15	24,989,434,874,877,868,888,395,1078,291	new
18,19,35,143,283,374,376,471,550,558	0,3,6,8,10	2,9,1,5,14,15,16,12,11,7	26,1046,657,655,1241,1220,1049,417,157,35	new
18,19,36,37,283,311,378,424,426,594	0,1,3,9,10	2,8,6,5,14,11,15,12,13,7	26,1046,1217,659,62,61,715,930,583,35	new
18,19,49,54,155,228,469,526,571,591	1,2,6,9,10	5,0,3,8,7,12,15,4,11,16	26,35,75,812,1155,1234,982,386,380,83	new
18,19,54,132,181,228,387,395,535,607	0,1,2,6,10	5,9,3,8,7,12,15,4,11,16	26,35,219,1010,1266,669,681,288,380,83	new
18,19,126,131,283,311,461,500,628,631	0,1,3,8,10	2,9,6,5,14,12,16,15,13,7	26,1046,1306,1348,279,273,780,1078,583,35	new
18,19,128,148,150,154,311,408,500,503	0,1,3,8,10	2,9,6,5,15,16,11,13,14,7	26,411,215,870,271,261,696,1065,1055,35	new
18,36,37,51,54,243,395,466,468,496	2,3,5,9,10	1,6,0,8,11,7,15,14,4,16	26,141,151,514,852,797,805,809,87,83	new
18,36,37,51,128,166,395,466,468,515	1,2,6,8,9	3,0,5,10,12,7,14,13,4,11	26,259,78,681,801,806,904,215,61,62	new
18,36,37,143,148,178,199,463,495,670	0,5,8,9,10	1,6,3,2,11,7,16,12,4,15	26,141,151,470,291,785,987,1388,417,411	new
18,36,37,149,150,155,159,500,501,526	0,2,3,8,9	6,1,5,10,12,7,14,16,4,11	26,251,271,870,934,386,1042,238,61,62	new
18,36,51,54,79,243,348,466,468,496	2,3,5,9,10	6,1,0,8,11,7,15,14,4,16	26,131,151,514,852,797,805,863,87,83	new
18,36,79,128,148,199,469,496,515,558	0,1,3,5,8	2,10,9,6,15,7,13,12,16,11	26,411,151,448,894,896,1141,812,314,131	new
18,36,79,148,154,441,521,564,663,664	0,3,6,8,9	1,5,10,2,12,14,13,16,7,15	26,261,1346,1411,1208,1057,1058,131,151,411	new
18,36,79,148,199,212,523,566,571,591	0,3,6,8,9	2,10,1,5,15,7,14,12,16,11	26,411,151,470,1150,1190,1196,932,442,135	new
18,36,79,148,335,389,458,550,569,631	0,1,3,5,9	2,10,8,6,15,7,12,16,14,11	26,411,151,1164,1133,1309,671,793,773,131	new
18,36,148,315,335,389,458,512,550,569	0,1,3,5,9	2,10,8,6,15,7,12,16,11,14	26,411,151,1164,1133,890,671,793,773,989	new
18,37,49,51,131,348,446,465,515,637	0,1,5,6,8	9,2,3,10,15,12,13,4,7,11	26,218,1315,904,747,808,626,78,75,62	new
18,37,79,148,212,332,347,374,501,609	0,3,5,6,8	2,1,9,10,15,14,16,7,13,11	26,411,1042,655,135,442,1282,625,610,62	new
18,37,79,159,283,332,347,374,501,609	0,3,5,6,8	2,1,9,10,14,15,16,7,13,11	26,1046,1042,655,135,443,1282,625,610,62	new
18,37,89,126,131,154,166,390,469,471	0,3,6,8,10	1,2,5,9,11,12,16,7,4,15	26,141,477,1098,1049,672,259,261,213,218	new
18,37,89,148,263,350,374,469,488,618	0,1,3,6,9	2,8,5,10,15,14,16,4,13,11	26,411,839,812,175,535,1285,630,655,62	new
18,37,131,150,159,315,374,495,501,606	0,1,3,6,8	9,2,5,10,15,7,16,12,13,11	26,218,271,251,989,987,1254,1042,655,62	new
18,37,131,150,260,378,381,465,495,500	0,1,5,6,8	9,2,3,10,15,7,12,4,13,11	26,218,271,870,1097,808,987,662,659,62	new
18,37,131,260,348,378,381,465,500,637	0,1,5,6,8	9,2,3,10,15,12,7,4,13,11	26,218,1315,870,1097,808,626,662,659,62	new
18,37,131,332,374,429,441,521,564,637	0,3,5,6,10	1,8,2,9,11,13,14,4,12,15	26,141,748,1208,1057,1058,1063,1088,1315,218	new
18,37,142,143,148,374,376,550,628,631	0,2,5,9,10	1,6,3,8,11,15,13,7,4,12	26,141,1063,1133,1309,1426,938,237,232,231	new
18,37,142,143,148,417,550,628,631,637	0,2,5,9,10	1,6,3,8,11,13,15,7,4,12	26,141,775,1133,1309,1426,1382,237,232,231	new
18,37,142,148,152,263,564,570,591,618	0,1,3,6,9	8,5,2,10,12,14,13,4,16,11	26,231,1234,1148,1154,535,1285,237,241,62	new
18,37,142,148,155,374,376,512,550,628	0,2,5,9,10	1,6,3,8,11,15,13,4,7,12	26,141,1063,1133,890,1426,938,237,244,231	new
18,37,142,148,155,417,512,550,628,637	0,2,5,9,10	1,6,3,8,11,13,15,4,7,12	26,141,775,1133,890,1426,1382,237,244,231	new
18,37,143,148,166,422,515,566,637,650	0,2,5,9,10	1,6,8,3,11,14,15,7,4,12	26,141,1235,713,1329,904,1382,237,232,259	new
18,37,143,152,166,374,389,512,550,569	0,1,2,6,9	3,8,5,10,12,4,7,15,13,11	26,259,232,241,1153,717,1024,1241,655,62	new
18,37,143,157,166,186,221,224,332,532	0,5,6,9,10	1,2,8,3,11,16,15,7,4,12	26,141,453,994,372,359,610,247,232,259	new
18,37,148,149,212,535,558,560,606,618	0,3,5,8,9	2,1,6,10,15,13,14,7,12,11	26,411,1294,1254,1020,1220,1158,355,335,62	new
18,37,148,150,154,515,518,606,637,651	1,3,6,8,9	2,5,0,10,15,13,14,4,16,11	26,411,1374,1274,903,904,1382,239,243,62	new
18,37,148,154,155,495,496,606,628,663	1,3,5,8,9	2,6,0,10,15,4,13,14,16,11	26,411,386,1274,851,852,1306,1353,243,62	new
18,37,148,332,374,429,441,521,523,637	0,3,5,6,10	1,8,9,2,11,13,14,4,12,15	26,141,748,932,1057,1058,1063,1088,1315,411	new
18,37,152,155,166,374,389,550,569,631	0,1,2,6,9	3,8,5,10,12,7,4,15,13,11	26,259,244,241,1153,717,1348,1241,655,62	new
18,37,154,249,260,315,396,454,463,465	1,2,3,5,9	6,8,0,10,14,15,4,12,16,11	26,989,785,808,1097,1103,868,877,243,62	new
18,37,159,186,461,468,501,518,532,664	0,3,5,9,10	1,2,8,6,11,16,14,4,15,12	26,141,453,1411,994,801,985,1042,780,251	new
18,37,283,332,417,459,550,560,622,629	0,3,5,6,8	2,1,9,10,14,12,4,15,13,11	26,1046,1143,1133,775,774,1297,1387,610,62	new
18,54,68,131,224,466,468,515,532,634	0,1,5,6,10	8,2,3,9,16,7,11,13,12,15	26,83,100,415,984,805,797,904,1312,218	new
18,54,126,154,229,441,505,507,521,550	0,3,5,6,10	1,9,2,8,12,4,14,13,11,16	26,261,213,1133,1058,1057,876,910,381,83	new
18,54,131,224,228,468,515,518,532,637	0,1,5,6,10	8,3,2,9,16,11,7,13,12,15	26,83,380,415,984,805,903,904,1315,218	new
18,54,131,228,468,495,500,518,532,637	0,1,5,6,10	8,3,2,9,16,11,13,7,12,15	26,83,380,987,984,805,903,870,1315,218	new
18,54,131,229,468,495,500,518,532,634	0,1,5,6,10	8,2,3,9,16,11,13,7,12,15	26,83,381,987,984,805,903,870,1312,218	new
18,54,132,191,234,246,315,408,426,673	2,3,5,9,10	6,0,1,8,14,4,12,13,15,16	26,989,504,219,405,719,696,1406,300,83	new
18,54,154,229,441,503,507,521,550,629	0,3,5,6,10	1,9,2,8,12,14,4,13,11,16	26,261,1307,1133,1058,1057,1065,910,381,83	new
18,54,166,249,260,315,468,477,518,532	2,5,8,9,10	3,0,1,6,12,11,16,4,15,14	26,259,152,1103,1097,1067,994,801,985,989	new
18,79,126,131,149,150,283,335,458,560	0,5,8,9,10	2,1,3,6,14,12,15,7,13,11	26,1046,1143,238,239,218,213,793,773,131	new
18,79,128,141,148,150,469,496,515,558	0,1,3,5,8	2,9,10,6,15,7,13,12,16,11	26,411,271,448,894,896,1141,812,230,131	new
18,79,131,143,148,159,461,471,558,650	1,6,8,9,10	2,3,0,5,15,4,14,13,16,11	26,411,417,1049,1220,1329,218,873,443,135	new
18,79,141,143,148,157,234,374,422,521	0,1,6,8,9	2,3,10,5,15,16,12,14,13,11	26,411,405,1057,471,417,309,996,655,135	new
18,79,141,148,149,335,389,569,629,631	0,1,3,5,9	2,8,10,6,15,7,12,14,16,11	26,411,355,1164,1307,1309,671,793,230,131	new
18,79,142,143,148,157,234,422,521,566	0,1,6,8,9	2,3,10,5,15,16,12,13,14,11	26,411,405,1057,452,417,309,996,1150,135	new
18,79,142,143,157,233,315,387,488,594	0,1,5,9,10	6,2,3,8,11,16,13,7,4,12	26,131,431,989,988,1194,937,247,232,231	new
18,79,142,143,157,315,387,422,459,594	0,1,5,9,10	6,2,3,8,11,13,16,7,4,12	26,131,774,989,988,1194,713,247,232,231	new
18,79,148,150,159,376,515,518,526,637	1,3,6,8,9	2,10,0,5,15,13,14,4,16,11	26,411,938,934,903,904,1382,239,443,135	new
18,79,155,157,166,387,422,446,495,591	0,1,5,9,10	3,8,2,6,12,7,4,16,14,11	26,259,244,247,713,902,851,669,1234,131	new
18,79,157,166,178,387,422,446,458,495	0,1,5,9,10	3,2,8,6,12,7,4,16,14,11	26,259,281,247,713,902,851,669,773,131	new
18,79,157,167,178,315,422,446,458,495	0,1,5,9,10	2,3,8,6,12,7,4,16,14,11	26,260,281,247,713,902,851,587,773,131	new
18,79,167,396,449,459,521,591,617,651	0,1,3,8,10	2,6,9,5,12,15,16,7,14,11	26,260,1330,1284,774,684,754,1057,1190,135	new
18,89,131,142,150,154,186,221,228,311	0,1,2,5,10	8,3,6,9,12,11,16,4,7,15	26,231,434,583,359,294,175,243,239,218	new
18,124,159,166,243,283,350,388,461,501	0,5,6,8,10	2,1,9,3,14,15,7,13,4,12	26,1046,1042,780,251,630,499,897,211,259	new
18,124,166,224,243,283,452,465,468,532	0,1,5,6,10	2,8,9,3,14,16,15,11,4,12	26,1046,840,499,808,801,994,372,211,259	new
18,131,141,142,150,408,416,426,523,678	0,1,3,6,10	8,5,2,9,12,4,13,11,7,15	26,231,230,922,719,696,1378,951,271,218	new
18,131,142,150,260,416,564,591,673,678	0,1,3,6,10	8,5,2,9,12,14,13,11,7,15	26,231,1234,1148,532,1360,1378,951,271,218	new
18,131,148,150,155,283,381,558,560,627	0,3,5,8,10	2,1,6,9,14,12,4,16,7,15	26,1046,1143,1141,1421,662,244,237,239,218	new
18,131,148,311,315,446,454,503,622,637	0,1,3,8,10	2,9,5,6,15,12,16,13,7,14	26,411,1315,1297,273,747,763,1065,1055,989	new
18,131,166,258,263,381,390,570,594,627	1,2,5,6,10	3,0,8,9,12,14,7,16,13,15	26,259,672,662,1421,1217,1218,962,967,218	new
18,131,167,311,315,396,399,461,515,634	0,1,3,8,10	2,9,5,6,12,13,16,15,7,14	26,260,894,1390,273,780,684,687,1055,989	new
18,131,167,311,315,454,461,503,622,637	0,1,3,8,10	2,9,5,6,12,15,16,13,7,14	26,260,1315,1297,273,780,763,1065,1055,989	new
18,132,143,166,168,246,283,364,501,670	0,5,6,9,10	2,1,8,3,14,15,13,11,4,12	26,1046,1042,1388,262,644,513,438,232,259	new
18,132,166,228,246,283,364,445,501,670	0,5,6,9,10	2,1,8,3,14,15,13,4,11,12	26,1046,1042,1388,746,644,513,438,434,259	new
18,141,143,154,283,350,376,441,471,527	0,3,6,8,10	1,5,9,2,12,11,7,16,15,14	26,261,471,417,1049,949,742,630,657,1046	new
18,142,155,228,283,322,381,408,477,503	3,5,6,9,10	2,0,1,8,14,13,15,4,16,12	26,1046,855,386,380,874,822,703,696,231	new
18,142,265,283,399,426,461,501,634,670	0,3,5,6,10	2,1,9,8,14,15,7,11,13,12	26,1046,1042,780,1356,1312,1071,930,865,231	new
18,143,166,224,243,283,377,465,468,532	0,1,5,6,10	2,9,8,3,14,16,15,11,4,12	26,1046,658,499,808,801,994,372,232,259	new
18,148,149,166,246,311,387,388,441,654	0,1,5,9,10	2,8,6,3,15,7,13,11,16,12	26,411,355,1424,897,988,504,583,742,259	new
18,148,149,315,387,389,395,512,560,569	1,3,5,9,10	2,8,0,6,15,7,12,4,16,14	26,411,355,1158,1153,717,1024,809,988,989	new
18,148,155,166,229,283,387,422,495,591	0,1,5,9,10	2,6,8,3,14,11,16,4,7,12	26,1046,1234,669,851,399,713,237,244,259	new
18,148,228,315,446,454,459,503,622,637	0,1,3,8,10	2,9,5,6,15,12,16,7,13,14	26,411,1315,1297,774,747,763,1065,434,989	new
18,155,157,166,229,315,387,422,495,591	0,1,5,9,10	3,8,2,6,12,7,4,16,11,14	26,259,244,247,713,399,851,669,1234,989	new
18,157,166,178,229,315,387,422,458,495	0,1,5,9,10	3,2,8,6,12,7,4,16,11,14	26,259,281,247,713,399,851,669,773,989	new
18,166,178,260,315,335,426,434,500,663	0,1,5,8,10	3,2,9,6,12,7,15,11,16,14	26,259,281,870,880,930,1097,1346,613,989	new
18,166,224,228,243,246,283,377,468,532	0,1,5,6,10	2,9,8,3,14,16,15,4,11,12	26,1046,658,499,504,801,994,372,434,259	new
18,166,224,229,243,246,283,452,468,532	0,1,5,6,10	2,8,9,3,14,16,15,4,11,12	26,1046,840,499,504,801,994,372,399,259	new
18,166,315,422,434,454,463,500,535,650	0,2,5,9,10	3,1,8,6,12,16,7,11,15,14	26,259,763,730,1078,1020,1329,713,785,989	new
18,166,315,454,463,500,503,515,535,650	0,2,5,9,10	3,1,8,6,12,16,11,7,15,14	26,259,763,1065,1078,1020,1329,894,785,989	new
18,167,228,315,454,459,461,503,622,637	0,1,3,8,10	2,9,5,6,12,15,16,7,13,14	26,260,1315,1297,774,780,763,1065,434,989	new
19,35,36,49,364,376,422,488,496,512	0,2,3,7,8	9,4,1,10,16,5,12,11,13,15	30,60,61,657,839,996,896,890,1003,114	new
19,35,36,132,243,364,422,488,496,512	0,2,3,7,8	1,10,4,9,15,13,11,12,5,16	30,438,1003,890,896,996,839,499,61,60	new
19,35,246,311,381,465,488,491,564,570	2,3,7,8,10	4,0,1,9,14,6,15,11,13,16	30,1055,513,808,844,662,839,1154,1148,60	new
19,49,155,196,224,260,265,471,558,606	1,2,3,7,8	9,4,0,10,13,6,11,16,14,15	30,532,537,244,1274,1220,1049,372,387,114	new
19,49,186,196,233,311,350,396,617,622	1,3,7,8,9	4,2,0,10,13,11,16,6,14,15	30,583,684,630,1284,1297,431,453,387,114	new
19,49,186,196,311,350,441,609,617,622	1,3,7,8,9	4,2,0,10,13,16,11,6,14,15	30,583,742,630,1284,1297,1259,453,387,114	new
19,79,89,132,141,159,260,507,518,527	2,3,4,7,10	1,8,0,9,15,14,12,11,5,13	30,438,879,903,949,251,131,230,175,532	new
19,79,89,132,159,199,260,495,507,527	2,3,4,7,10	1,8,0,9,15,14,11,12,5,13	30,438,879,851,949,251,131,314,175,532	new
19,79,126,131,154,311,441,461,591,663	0,2,7,9,10	3,1,8,4,16,13,15,12,11,14	30,131,1234,1346,261,213,218,873,1058,1055	new
19,79,159,233,260,332,424,426,618,651	0,2,7,8,10	3,1,4,9,16,15,12,5,11,13	30,131,431,251,1330,1294,1088,725,719,532	new
19,79,159,260,424,426,459,618,629,651	0,2,7,8,10	3,1,4,9,16,12,15,5,11,13	30,131,774,251,1330,1294,1307,725,719,532	new
19,79,260,265,459,461,617,622,634,651	0,2,7,8,10	3,1,4,9,16,12,5,15,6,13	30,131,774,780,1330,1284,1297,1390,537,532	new
19,83,186,246,311,378,441,445,594,664	1,2,3,7,9	4,8,0,10,14,11,15,12,6,13	30,1055,1058,993,998,1194,1349,294,169,504	new
19,84,132,196,234,260,378,463,527,532	0,2,3,7,8	1,4,10,9,15,16,12,14,6,13	30,438,427,949,800,998,994,387,424,532	new
19,132,143,181,224,246,260,465,471,480	2,3,4,7,8	1,0,10,9,15,11,14,6,12,13	30,438,513,826,814,232,372,288,796,532	new
19,132,152,221,233,311,332,426,501,651	0,2,7,8,10	1,3,9,4,15,16,5,12,11,13	30,438,431,241,1330,1042,1088,373,719,583	new
19,132,311,396,416,434,459,618,622,629	0,2,7,9,10	1,3,8,4,15,12,6,5,16,14	30,438,1297,1387,1285,730,951,888,868,1055	new
19,152,233,260,311,417,424,429,629,663	0,2,3,8,10	4,7,1,9,14,12,6,5,11,13	30,1055,431,1346,1307,401,715,708,722,532	new
19,152,260,311,422,426,445,465,488,571	0,2,3,7,8	4,1,10,9,14,16,5,11,12,13	30,1055,930,401,1196,839,996,993,796,532	new
19,246,265,422,426,465,466,488,523,571	0,2,3,7,8	1,4,9,10,14,16,11,5,12,13	30,1071,930,932,1196,839,996,797,796,504	new
19,246,311,422,424,426,445,465,488,571	0,2,3,7,8	4,1,9,10,14,16,5,11,12,13	30,1055,930,715,1196,839,996,993,796,504	new
19,246,311,422,426,463,465,488,523,571	0,2,3,7,8	4,1,9,10,14,16,11,5,12,13	30,1055,930,932,1196,839,996,800,796,504	new
19,260,265,335,535,607,621,628,650,663	0,2,4,8,10	1,7,3,9,14,12,5,16,15,13	30,1071,1010,1344,1426,1289,1266,793,1353,532	new
35,36,49,260,389,395,422,429,465,466	3,4,8,9,11	0,2,1,5,14,12,10,16,15,6	60,532,722,75,681,796,806,713,717,61	new
35,36,51,54,381,390,452,569,627,629	0,2,4,8,9	5,1,3,11,6,14,12,13,16,15	60,61,1153,1387,1421,662,672,840,83,87	new
35,36,51,54,381,390,569,584,627,628	0,2,4,8,9	5,1,3,11,6,14,13,12,16,15	60,61,1153,1426,1421,662,672,1178,83,87	new
35,36,51,142,148,159,166,441,521,651	0,1,4,8,9	5,2,3,11,6,16,14,7,10,15	60,61,237,1374,443,1058,1057,452,383,87	new
35,36,54,142,367,390,452,569,607,627	0,2,4,8,9	3,11,1,5,16,15,13,12,14,6	60,231,83,840,672,647,1421,1266,1153,61	new
35,36,83,128,143,168,194,229,332,532	1,3,4,8,9	2,11,0,5,16,14,15,7,13,6	60,232,306,304,381,994,1088,169,215,61	new
35,36,83,128,168,194,229,332,422,564	1,3,4,8,9	2,11,0,5,14,16,15,7,13,6	60,1148,306,304,381,996,1088,169,215,61	new
35,36,126,131,142,389,399,446,607,631	0,2,4,9,11	3,8,1,5,16,12,13,14,15,6	60,231,865,902,218,213,1309,1255,717,61	new
35,36,191,194,335,378,387,532,564,594	0,3,4,9,11	2,1,8,5,14,13,16,10,15,6	60,1148,1194,998,300,304,984,988,613,61	new
35,36,196,243,322,452,477,480,495,584	2,3,4,8,9	0,1,11,5,15,14,16,12,13,6	60,703,822,307,1002,987,1178,840,499,61	new
35,37,49,51,152,422,445,570,651,670	0,1,3,8,9	4,2,5,11,6,16,13,12,7,15	60,62,241,1330,1388,746,713,1218,114,87	new
35,37,49,51,228,233,387,445,458,570	0,1,2,8,9	4,3,5,11,6,14,10,13,7,15	60,62,1154,979,993,380,395,988,114,87	new
35,37,51,155,378,395,461,463,465,670	0,1,5,8,9	4,3,2,11,6,13,7,12,10,15	60,62,659,681,796,800,873,1388,386,87	new
35,37,79,141,142,148,159,332,335,651	0,2,8,9,11	3,5,1,4,16,7,14,12,6,10	60,231,251,1330,237,610,613,471,141,131	new
35,37,89,167,350,429,441,564,622,637	1,3,5,8,11	2,0,9,4,14,12,13,10,16,6	60,1148,722,1058,1099,1300,1382,327,175,62	new
35,37,124,143,387,388,429,445,496,627	0,1,5,9,11	2,8,3,4,16,7,13,10,15,6	60,232,211,1305,988,897,896,993,722,62	new
35,49,51,157,260,332,378,422,424,429	1,3,4,8,9	0,2,5,11,14,12,6,13,7,15	60,532,722,725,996,309,1088,998,114,87	new
35,51,79,131,148,149,199,377,381,663	0,1,3,5,8	4,9,2,11,10,16,14,6,13,15	60,131,314,1346,658,238,237,273,855,87	new
35,51,79,159,233,422,441,445,469,570	0,1,3,8,9	4,2,5,11,10,16,13,7,12,15	60,131,431,251,742,746,713,1218,1098,87	new
35,51,79,159,441,445,458,459,469,570	0,1,3,8,9	4,2,5,11,10,13,16,7,12,15	60,131,774,251,742,746,773,1218,1098,87	new
35,51,157,260,332,347,378,381,424,426	1,3,4,8,9	0,5,2,11,14,12,6,7,13,15	60,532,719,725,625,309,1088,998,855,87	new
35,51,157,260,332,347,378,395,424,429	1,3,4,8,9	0,2,5,11,14,12,6,7,13,15	60,532,722,725,625,309,1088,998,809,87	new
35,68,84,124,142,212,243,376,618,670	1,5,8,9,11	3,2,0,4,16,14,6,13,7,12	60,231,1356,1285,657,499,424,419,100,335	new
35,79,124,143,332,374,422,496,628,629	0,3,5,9,11	2,8,1,4,16,7,12,14,15,10	60,232,211,896,1426,1387,610,713,1063,131	new
35,79,124,143,332,422,496,566,627,629	0,3,5,9,11	2,8,1,4,16,7,12,15,14,10	60,232,211,896,1421,1387,610,713,1235,131	new
35,79,128,142,159,212,234,315,417,527	0,1,2,9,11	3,5,8,4,16,7,6,10,14,12	60,231,251,215,405,978,989,131,775,335	new
35,79,143,168,332,422,458,496,627,629	0,3,5,9,11	2,1,8,4,16,7,12,15,14,10	60,232,262,896,1421,1387,610,713,773,131	new
35,79,243,374,388,389,395,422,446,564	3,5,8,9,11	2,0,1,4,14,13,16,7,15,10	60,1148,902,713,717,897,809,514,1063,131	new
35,89,128,141,167,350,429,441,564,637	1,3,5,8,11	2,0,9,4,14,12,13,10,6,16	60,1148,722,1058,1099,448,1382,327,175,230	new
35,128,141,167,199,374,429,441,564,637	1,3,5,8,11	2,0,9,4,14,12,13,6,10,16	60,1148,722,1058,1063,448,1382,327,314,230	new
35,128,142,150,387,389,393,399,622,627	0,2,4,9,11	1,5,8,3,15,6,10,14,12,16	60,702,717,988,1305,1297,215,271,865,231	new
35,141,199,393,469,550,570,627,631,664	0,2,3,8,11	1,9,5,4,15,13,6,7,14,16	60,702,1241,1348,1421,1411,1218,1098,470,230	new
35,141,335,389,393,550,624,627,628,631	0,3,5,9,11	1,2,8,4,15,13,7,12,14,16	60,702,1305,1302,1348,1241,1426,671,793,230	new
35,186,233,260,377,393,395,469,500,512	2,3,8,9,11	0,5,4,1,14,16,10,13,7,15	60,532,1078,395,294,812,681,890,760,702	new
35,212,260,265,426,434,466,500,507,521	1,2,8,9,11	0,5,3,4,14,7,13,6,16,12	60,532,537,910,797,870,880,930,920,335	new
36,37,79,128,199,350,424,496,515,650	1,4,6,8,9	0,3,11,2,13,14,10,16,7,15	61,215,904,852,1329,1099,470,135,141,715	new
36,37,79,159,224,234,243,441,495,496	0,1,2,8,9	4,6,3,11,5,10,15,7,14,13	61,62,131,1058,443,405,415,987,896,499	new
36,37,128,186,229,381,390,515,584,634	1,2,6,8,11	0,3,9,4,13,14,15,10,12,5	61,215,904,1312,855,845,1227,399,294,62	new
36,37,143,148,199,332,445,461,463,670	1,2,3,6,11	4,9,0,8,5,13,10,7,16,12	61,62,610,237,232,1356,993,800,873,314	new
36,37,148,350,424,469,488,564,570,571	0,1,3,6,9	4,2,11,8,5,15,10,14,12,13	61,62,725,411,839,1155,1148,1154,812,630	new
36,37,150,389,424,461,607,621,631,651	1,3,6,9,11	0,8,2,4,16,12,13,7,15,5	61,239,873,1374,1293,1255,1309,671,725,62	new
36,37,159,228,234,243,429,441,465,495	0,1,2,8,9	4,3,6,11,5,15,10,7,14,13	61,62,722,1058,443,405,380,987,808,499	new
36,37,186,196,243,335,377,395,468,532	0,1,2,6,11	4,9,3,8,5,12,13,16,7,15	61,62,294,984,307,805,809,499,658,613	new
36,37,196,243,332,335,377,465,468,532	0,1,2,6,11	4,9,3,8,5,13,12,16,7,15	61,62,610,984,307,805,808,499,658,613	new
36,37,228,234,243,246,429,441,495,527	0,1,2,8,9	4,3,6,11,5,15,10,14,7,13	61,62,722,1058,978,405,380,987,504,499	new
36,37,243,422,424,469,488,564,570,571	0,1,3,6,9	4,2,8,11,5,15,10,14,12,13	61,62,725,996,839,1155,1148,1154,812,499	new
36,37,332,558,564,569,570,571,622,637	0,3,6,8,11	1,2,9,4,14,12,7,15,13,5	61,1153,1155,1148,1154,1141,1300,1382,610,62	new
36,54,142,150,167,199,390,416,584,678	2,3,6,9,11	0,4,1,8,16,15,13,10,7,12	61,239,707,1404,1178,672,152,452,327,314	new
36,79,128,131,228,233,381,445,491,622	1,2,3,6,11	0,8,9,4,13,15,16,7,12,10	61,215,1297,273,855,854,993,380,395,135	new
36,79,131,148,283,367,377,381,393,591	1,3,6,8,11	2,0,9,4,16,7,12,5,14,10	61,237,273,855,861,702,760,555,1190,135	new
36,79,141,311,315,322,335,404,458,566	0,1,2,9,11	4,3,6,8,14,10,16,5,12,15	61,1150,979,135,587,583,595,957,471,613	new
36,79,148,154,167,441,505,521,663,664	0,1,3,6,9	2,11,8,4,16,14,7,12,13,10	61,237,327,243,1353,1349,941,920,742,135	new
36,79,148,233,234,389,422,512,550,628	0,2,3,8,11	1,6,9,4,15,13,5,7,12,10	61,717,1024,1241,1426,996,411,405,395,135	new
36,79,149,376,417,458,459,461,501,618	0,2,3,9,11	1,6,8,4,16,14,7,12,10,15	61,238,1042,1294,938,873,888,135,979,708	new
36,79,159,243,315,381,416,459,488,495	0,1,3,6,8	4,9,2,11,10,15,7,16,12,13	61,135,888,951,251,989,987,662,839,499	new
36,79,199,243,422,466,488,496,571,591	1,2,4,6,9	8,0,3,11,12,10,15,7,14,13	61,314,131,1234,1155,937,713,806,896,499	new
36,83,148,157,181,335,347,377,468,628	0,4,6,9,11	2,1,3,8,16,5,10,12,7,15	61,237,247,456,805,459,625,1426,658,613	new
36,83,332,377,424,449,468,477,521,663	0,3,4,6,11	1,9,8,2,13,14,10,5,16,15	61,658,1346,754,1057,1067,805,459,610,715	new
36,83,332,424,449,468,503,521,569,663	0,3,4,6,11	1,9,8,2,14,13,10,5,16,15	61,1153,1346,754,1057,1065,805,459,610,715	new
36,83,347,377,408,424,449,468,477,663	0,3,4,6,11	1,9,8,2,13,14,10,16,5,15	61,658,1346,754,696,1067,805,459,625,715	new
36,83,347,408,424,449,468,503,569,663	0,3,4,6,11	1,9,8,2,14,13,10,16,5,15	61,1153,1346,754,696,1065,805,459,625,715	new
36,84,128,148,181,243,501,515,560,628	1,3,4,6,8	2,0,9,11,16,10,15,12,7,13	61,237,448,894,1306,1143,1042,288,424,499	new
36,84,199,243,246,249,396,461,465,468	1,2,3,4,9	8,0,6,11,12,16,5,15,14,13	61,314,873,868,1103,170,513,805,808,499	new
36,126,199,233,364,367,377,387,629,663	0,2,4,6,11	1,9,3,8,13,14,16,15,10,12	61,658,1346,1307,213,647,644,669,431,314	new
36,128,131,199,233,378,381,387,500,637	1,2,4,6,11	0,9,3,8,13,14,16,15,10,12	61,215,870,1315,218,662,659,669,431,314	new
36,128,131,417,458,558,570,617,627,654	1,3,6,9,11	0,2,8,4,13,5,16,14,10,15	61,215,218,1296,1424,1421,1141,1154,979,708	new
36,128,132,142,166,228,495,527,566,591	1,2,3,8,11	0,6,9,4,13,7,12,15,10,14	61,215,219,380,987,978,383,452,1190,1150	new
36,128,132,148,243,364,395,468,480,495	1,3,4,8,9	2,0,6,11,16,10,5,14,15,13	61,237,448,438,1003,1002,851,805,809,499	new
36,128,148,155,265,322,348,480,500,507	1,4,6,8,11	0,9,3,2,13,14,7,12,5,16	61,215,870,879,1071,703,863,826,244,237	new
36,128,148,157,332,399,426,488,500,523	1,3,4,6,11	0,9,8,2,13,14,7,12,15,16	61,215,870,865,930,932,937,247,610,237	new
36,128,148,167,181,243,395,501,515,560	1,3,4,6,8	2,0,9,11,16,10,15,7,12,13	61,237,448,894,260,1143,1042,288,681,499	new
36,128,150,199,258,263,500,518,618,637	1,4,6,9,11	0,2,3,8,13,10,14,7,16,12	61,215,271,967,962,1294,1315,903,870,314	new
36,128,178,181,199,243,350,395,618,637	1,3,4,6,11	0,2,9,8,13,15,7,5,16,12	61,215,1315,1294,1099,514,809,456,281,314	new
36,128,178,395,465,488,500,501,569,637	3,4,8,9,11	0,2,6,1,13,15,10,12,16,14	61,215,1315,870,281,796,681,839,1042,1153	new
36,128,181,199,243,350,395,501,617,618	1,3,4,6,11	0,9,2,8,13,15,7,5,16,12	61,215,1284,1294,1099,514,809,456,871,314	new
36,128,199,258,263,332,501,515,518,618	1,4,6,9,11	0,3,2,8,13,14,10,7,16,12	61,215,904,967,962,1294,1088,903,871,314	new
36,128,199,376,378,381,387,500,637,663	1,2,4,6,11	0,9,3,8,13,14,16,10,15,12	61,215,870,1315,657,662,659,669,1346,314	new
36,128,234,347,378,424,463,527,532,664	3,4,8,9,11	0,6,1,2,13,12,16,14,5,15	61,215,405,978,785,659,984,1349,736,715	new
36,128,258,263,332,335,374,501,515,618	1,4,6,9,11	0,3,2,8,13,14,10,7,16,15	61,215,904,967,962,1294,1042,655,610,613	new
36,128,388,566,571,607,622,629,631,654	1,3,6,9,11	0,8,2,4,13,15,7,16,5,14	61,215,1297,1307,1334,670,1348,1266,1155,1150	new
36,128,424,496,515,571,591,631,650,663	1,4,6,8,9	0,3,11,2,13,14,10,16,12,15	61,215,904,852,1329,1309,1353,1190,1196,715	new
36,131,150,350,376,377,569,622,629,654	2,4,6,9,11	0,8,3,1,16,7,15,13,12,14	61,239,218,657,1424,760,1099,1300,1387,1153	new
36,131,199,243,246,258,381,399,495,500	0,1,2,4,9	8,3,6,11,12,16,5,14,7,13	61,314,870,865,967,218,662,987,504,499	new
36,131,376,417,458,459,527,558,627,654	1,3,6,9,11	2,0,8,4,13,5,14,16,10,15	61,657,218,888,1424,1421,1141,978,979,708	new
36,142,154,186,228,233,347,424,560,569	0,3,4,6,11	1,9,8,2,14,16,13,12,5,15	61,1153,1143,261,231,434,431,453,625,715	new
36,143,148,168,199,332,374,445,461,463	1,2,3,6,11	4,9,0,8,13,5,10,7,16,12	61,655,610,237,232,306,993,800,873,314	new
36,143,148,228,243,283,388,445,452,670	0,1,4,8,9	2,6,3,11,16,5,10,12,15,13	61,237,232,434,746,1388,555,759,897,499	new
36,148,155,228,243,283,395,445,452,670	0,1,4,8,9	2,3,6,11,16,5,10,12,15,13	61,237,244,434,746,1388,555,759,809,499	new
36,148,155,335,445,458,465,480,496,526	0,1,6,9,11	2,3,4,8,16,12,13,5,10,15	61,237,934,386,1002,808,896,993,979,613	new
36,148,246,335,364,395,468,488,624,631	0,4,6,9,11	2,1,3,8,16,12,10,5,13,15	61,237,937,809,805,513,644,1428,1348,613	new
36,148,263,335,560,617,618,622,628,651	1,4,6,9,11	2,3,0,8,16,14,10,7,13,15	61,237,1374,1296,1294,962,1143,1306,1297,613	new
36,148,263,335,560,617,618,628,631,637	1,4,6,9,11	2,0,3,8,16,14,10,7,13,15	61,237,1382,1296,1294,962,1143,1306,1348,613	new
36,148,417,445,458,465,480,496,526,606	0,1,6,9,11	2,3,8,4,16,12,13,5,10,15	61,237,934,1274,1002,808,896,993,979,708	new
36,149,186,212,260,335,477,569,629,663	0,3,6,9,11	1,4,2,8,16,10,5,12,13,15	61,238,442,453,1067,1097,1346,1153,1387,613	new
36,149,199,378,387,389,422,501,512,627	0,3,4,9,11	1,6,2,8,15,13,5,14,16,12	61,717,1024,1305,988,998,996,355,871,314	new
36,149,212,260,335,469,477,628,629,663	0,3,6,9,11	1,4,2,8,16,10,12,5,13,15	61,238,442,1098,1067,1097,1346,1426,1387,613	new
36,149,212,260,424,477,521,628,629,663	0,3,6,9,11	1,4,8,2,16,10,12,5,13,15	61,238,442,1057,1067,1097,1346,1426,1387,715	new
36,149,246,260,348,376,381,446,560,628	0,4,6,8,11	1,9,3,2,16,14,12,7,5,13	61,238,1143,1306,902,532,504,626,662,657	new
36,149,246,335,364,395,468,488,627,631	0,4,6,9,11	1,2,3,8,16,12,10,5,13,15	61,238,937,809,805,513,644,1421,1348,613	new
36,149,350,505,507,512,523,621,624,631	0,2,6,9,11	1,4,3,8,16,12,5,7,15,13	61,238,932,941,910,1289,1302,1024,1348,630	new
36,149,389,417,429,446,560,607,621,628	0,2,6,8,11	1,9,3,4,16,14,12,10,5,15	61,238,1143,1306,717,1255,1293,902,722,708	new
36,150,152,157,159,347,376,609,628,629	3,6,8,9,11	0,4,1,2,16,10,14,5,15,13	61,239,443,1282,625,309,401,1307,1306,657	new
36,150,152,157,159,347,377,622,628,629	3,6,8,9,11	0,4,2,1,16,10,14,5,15,13	61,239,443,1300,625,309,401,1307,1306,658	new
36,150,192,234,258,263,311,350,441,527	1,2,3,6,11	0,9,4,8,16,15,5,12,10,13	61,239,530,535,356,949,427,583,742,630	new
36,150,192,234,263,311,350,396,416,527	1,2,3,6,11	0,4,9,8,16,15,5,12,10,13	61,239,707,535,356,949,427,583,684,630	new
36,152,246,265,378,424,426,468,526,569	3,4,8,9,11	1,0,6,2,14,12,16,5,10,15	61,1153,241,982,659,513,805,1071,930,715	new
36,159,233,315,335,441,445,463,569,663	2,3,4,6,11	1,9,0,8,14,13,12,16,10,15	61,1153,1346,431,251,742,746,785,989,613	new
36,167,315,335,377,480,526,606,628,651	2,4,6,9,11	1,3,0,8,13,14,5,16,10,15	61,658,1426,327,1374,1274,1002,982,989,613	new
36,178,376,395,465,500,501,526,569,637	3,4,8,9,11	1,6,0,2,14,16,12,10,15,13	61,1153,1042,982,681,796,281,870,1315,657	new
36,196,243,332,335,374,377,465,468,532	0,1,2,6,11	4,9,3,8,13,5,12,16,7,15	61,655,610,984,307,801,808,499,658,613	new
36,196,376,417,429,477,480,521,526,564	0,1,6,8,11	2,9,3,4,13,12,7,14,5,15	61,657,982,1002,307,822,920,1148,722,708	new
36,199,283,377,469,550,566,571,628,631	0,2,3,8,11	1,9,6,4,13,15,5,7,16,14	61,658,1348,1241,1426,555,1196,1098,470,1150	new
36,221,283,332,374,426,452,526,569,607	0,2,3,6,11	1,8,9,4,14,15,10,12,5,13	61,1153,1255,759,555,934,930,359,610,655	new
36,229,243,374,388,390,422,501,569,627	0,2,4,8,9	1,6,3,11,14,16,10,5,15,13	61,1153,1042,655,996,381,1421,845,897,499	new
36,229,243,374,390,395,422,452,550,569	0,2,4,8,9	1,3,6,11,14,10,16,5,15,13	61,1153,1241,655,996,381,840,845,809,499	new
36,243,350,387,395,550,569,617,622,627	0,2,4,8,9	1,3,6,11,14,10,12,7,15,13	61,1153,1241,630,1284,1297,1305,988,809,499	new
36,243,350,390,395,569,627,629,634,650	0,2,4,8,9	1,3,6,11,14,12,10,5,15,13	61,1153,1387,630,1344,1390,1421,845,809,499	new
36,246,348,376,381,446,465,560,569,628	0,4,6,8,11	1,9,3,2,14,16,12,7,5,13	61,1153,1143,1306,902,796,504,626,662,657	new
36,260,350,389,422,441,446,477,570,664	0,3,6,9,11	1,2,4,8,15,16,12,5,10,13	61,717,713,1218,1411,1067,1097,747,742,630	new
36,260,350,422,424,429,441,477,570,664	0,3,6,9,11	2,1,4,8,15,16,12,5,10,13	61,715,713,1218,1411,1067,1097,748,742,630	new
36,389,393,424,505,521,550,566,591,628	0,2,3,8,11	1,6,9,4,15,5,13,7,10,14	61,717,702,1241,1426,725,876,1057,1190,1150	new
37,49,51,54,186,265,408,469,503,561	0,1,5,8,11	3,2,6,9,7,4,10,15,16,12	62,75,78,152,942,874,1071,1144,812,294	new
37,49,51,212,265,322,408,469,503,535	0,1,5,8,11	3,2,9,6,7,4,15,10,16,12	62,75,78,595,942,874,1071,1010,812,335	new
37,49,79,196,233,249,260,408,477,500	0,1,5,8,11	3,9,2,6,7,12,14,15,16,10	62,75,307,822,942,1103,1097,870,431,131	new
37,49,79,196,233,249,260,408,503,663	0,1,5,8,11	3,9,2,6,7,12,15,14,16,10	62,75,307,874,942,1103,1097,1346,431,131	new
37,49,79,196,416,459,503,584,673,678	0,1,5,8,11	3,9,2,6,7,12,15,4,13,10	62,75,307,874,1406,1178,1404,707,774,131	new
37,49,79,199,249,265,408,469,477,500	0,1,5,8,11	3,2,9,6,7,14,12,15,16,10	62,75,812,822,942,1103,1071,870,314,131	new
37,49,79,199,249,265,408,469,521,535	0,1,5,8,11	3,2,9,6,7,14,15,12,16,10	62,75,812,920,942,1103,1071,1010,314,131	new
37,49,79,364,367,381,387,495,591,627	0,1,5,9,11	3,8,2,6,7,13,4,16,14,10	62,75,644,647,1305,855,851,669,1234,131	new
37,49,79,367,381,387,395,458,495,627	0,1,5,9,11	3,2,8,6,7,13,4,16,14,10	62,75,681,647,1305,855,851,669,773,131	new
37,49,83,132,155,166,167,265,424,637	0,1,5,6,11	2,9,8,3,15,13,14,4,16,7	62,725,1382,327,383,386,1071,169,219,75	new
37,49,84,128,132,148,196,246,364,424	0,1,5,6,8	2,11,9,3,15,10,16,4,12,7	62,725,411,215,219,644,513,170,307,75	new
37,49,84,132,148,186,196,234,246,424	0,1,5,6,8	2,11,3,9,15,10,16,4,7,12	62,725,411,405,219,75,513,170,307,294	new
37,49,89,199,260,263,395,404,452,500	0,1,5,8,11	3,2,6,9,7,13,14,15,10,16	62,75,681,840,957,962,1097,870,314,175	new
37,49,89,246,377,465,466,496,512,569	0,1,5,6,8	3,11,2,9,7,13,12,10,14,16	62,75,513,796,797,852,1024,658,1153,175	new
37,49,128,132,186,233,243,315,387,395	0,1,2,6,11	3,8,5,9,7,16,4,15,10,12	62,75,219,215,499,681,669,587,395,294	new
37,49,148,159,166,221,228,311,424,651	0,1,6,8,9	2,11,5,3,15,10,13,16,12,7	62,725,411,1374,443,383,380,583,359,75	new
37,49,152,246,377,466,468,496,512,569	0,1,5,6,8	2,9,11,3,16,14,10,12,13,7	62,241,1153,658,1024,852,797,805,513,75	new
37,49,154,167,168,186,347,364,424,469	1,3,5,6,11	0,9,8,2,16,10,7,12,4,15	62,243,327,306,1003,114,1098,453,625,725	new
37,49,154,387,396,408,449,454,624,625	1,2,5,9,11	0,8,6,3,16,12,4,15,13,7	62,243,877,868,942,923,1303,1428,669,75	new
37,51,79,199,283,376,381,469,560,570	0,6,8,9,11	3,1,2,5,14,4,13,16,12,10	62,1154,1158,555,938,855,87,1098,470,135	new
37,54,68,79,212,228,426,503,526,591	1,2,3,8,11	5,9,0,6,10,14,13,4,7,12	62,135,1190,934,930,874,380,83,100,335	new
37,68,79,155,212,480,495,526,584,591	1,2,3,8,11	5,9,0,6,10,14,13,15,7,12	62,135,1190,934,386,1002,987,1178,100,335	new
37,68,141,196,224,243,374,404,466,468	1,2,3,8,9	5,11,0,6,13,4,14,7,15,16	62,655,499,797,801,387,372,118,692,230	new
37,68,154,196,224,243,374,404,465,468	1,2,3,8,9	0,6,11,5,16,15,7,14,4,13	62,243,692,118,372,387,801,808,499,655	new
37,79,83,141,186,332,374,378,449,625	0,2,5,6,8	3,1,11,9,13,15,16,14,7,12	62,659,1303,923,230,131,1063,1088,169,294	new
37,79,83,186,212,332,378,449,532,625	0,2,3,6,8	5,1,11,9,10,16,12,14,7,13	62,135,442,754,1427,998,994,453,459,610	new
37,79,128,132,141,233,315,377,458,663	1,2,3,9,11	5,8,0,6,10,15,4,13,14,16	62,135,979,989,431,438,448,760,1353,230	new
37,79,128,159,234,446,507,515,564,571	1,3,8,9,11	2,6,0,5,14,4,13,15,16,10	62,1155,1148,902,879,904,215,405,443,135	new
37,79,141,148,152,229,387,424,458,523	0,2,3,9,11	5,8,1,6,10,15,4,14,12,16	62,135,979,988,399,401,411,725,922,230	new
37,79,141,283,376,381,395,469,488,570	0,6,8,9,11	3,2,1,5,14,13,4,16,12,10	62,1154,839,555,938,855,809,1098,471,135	new
37,79,154,191,196,224,233,315,416,434	1,2,3,8,9	0,5,11,6,16,15,13,12,14,10	62,243,707,880,412,387,372,431,989,131	new
37,79,186,228,233,503,507,532,561,584	0,1,5,8,11	6,2,3,9,10,16,4,15,13,12	62,131,431,434,874,1185,1178,910,984,294	new
37,79,186,233,311,495,503,532,561,584	0,1,5,8,11	6,2,3,9,10,16,15,4,13,12	62,131,431,1055,874,1185,1178,987,984,294	new
37,79,246,348,367,378,381,387,458,627	0,1,5,9,11	3,2,8,6,13,4,15,16,14,10	62,659,662,1421,861,863,513,669,773,131	new
37,79,315,332,416,434,468,507,527,532	0,1,2,5,8	6,11,3,9,10,14,15,7,12,13	62,131,989,978,707,880,879,805,984,610	new
37,79,332,335,387,389,417,458,627,628	0,2,6,8,11	5,3,1,9,10,14,16,12,4,13	62,135,979,708,717,1306,1305,988,613,610	new
37,79,364,367,378,387,495,591,627,634	0,1,5,9,11	3,8,2,6,13,7,4,16,14,10	62,659,644,647,1305,1312,851,669,1234,131	new
37,79,367,378,387,395,458,495,627,634	0,1,5,9,11	3,2,8,6,13,7,4,16,14,10	62,659,681,647,1305,1312,851,669,773,131	new
37,79,376,377,424,458,459,627,628,654	0,1,3,5,9	2,11,8,6,15,13,7,12,14,10	62,725,938,760,1306,1305,1334,774,773,131	new
37,79,377,459,560,569,570,629,631,654	0,2,6,8,11	3,1,9,5,14,4,16,13,15,10	62,1154,1158,1164,1307,1309,760,1424,888,135	new
37,83,89,167,249,265,332,429,505,637	1,5,6,8,11	3,2,0,9,15,12,7,13,10,16	62,722,876,521,537,459,610,1382,327,175	new
37,83,154,167,265,332,429,503,505,637	1,5,6,8,11	0,9,2,3,16,10,13,7,12,15	62,243,327,1382,610,459,537,874,876,722	new
37,89,199,265,408,434,449,469,535,570	0,1,5,8,11	3,2,6,9,14,7,15,12,10,16	62,1154,812,923,942,880,1071,1010,314,175	new
37,89,249,378,395,404,408,452,469,561	0,1,5,8,11	3,2,6,9,13,7,14,15,12,16	62,659,681,840,957,942,1103,1144,812,175	new
37,89,332,429,469,488,501,550,625,629	0,2,5,8,11	3,1,6,9,15,13,10,7,12,16	62,722,1303,1133,1307,1088,1042,839,812,175	new
37,89,378,469,488,501,550,618,625,629	0,2,5,8,11	3,1,6,9,13,15,10,7,12,16	62,659,1303,1133,1307,1294,1042,839,812,175	new
37,124,141,143,378,390,445,491,584,634	0,1,5,9,11	3,8,2,6,13,10,14,7,4,16	62,659,746,844,845,1227,1312,211,232,230	new
37,124,141,143,388,429,445,452,496,627	0,1,5,9,11	3,8,2,6,15,10,13,7,4,16	62,722,993,896,897,759,1305,211,232,230	new
37,128,141,233,234,315,377,417,458,663	1,2,3,9,11	5,8,0,6,15,10,4,13,14,16	62,708,979,989,431,427,448,760,1353,230	new
37,128,332,335,347,350,422,466,571,629	3,5,6,8,11	2,0,1,9,14,16,10,15,4,13	62,1155,1387,625,996,797,215,630,613,610	new
37,128,374,518,558,571,594,622,627,637	1,3,6,9,11	2,8,0,5,14,10,16,15,4,13	62,1155,1217,1421,1141,985,1382,1297,215,655	new
37,131,332,335,376,424,458,463,571,629	3,5,6,8,11	2,0,1,9,14,16,7,15,10,13	62,1155,1387,613,979,800,218,657,715,610	new
37,132,148,234,332,364,512,571,607,631	1,3,5,6,11	2,8,0,9,14,16,7,12,10,13	62,1155,1266,1348,1024,1003,438,427,237,610	new
37,132,246,260,424,560,570,622,637,663	0,5,6,8,11	2,9,1,3,15,13,7,12,4,14	62,725,1382,1300,219,504,532,1353,1158,1154	new
37,141,186,228,233,503,507,532,584,678	0,1,5,8,11	6,2,3,9,16,10,4,15,13,12	62,230,431,434,874,1404,1178,910,984,294	new
37,141,186,233,311,495,503,532,584,678	0,1,5,8,11	6,2,3,9,16,10,15,4,13,12	62,230,431,1055,874,1404,1178,987,984,294	new
37,141,199,265,408,434,469,477,500,570	0,1,5,8,11	3,2,9,6,14,7,12,15,10,16	62,1154,812,822,942,880,1071,870,314,230	new
37,141,199,265,408,434,469,521,535,570	0,1,5,8,11	3,2,9,6,14,7,15,12,10,16	62,1154,812,920,942,880,1071,1010,314,230	new
37,141,199,350,377,389,393,424,569,628	0,1,3,9,11	2,8,5,6,15,13,12,7,14,16	62,725,1426,1153,717,702,760,1099,470,230	new
37,141,233,408,426,434,477,500,570,664	0,1,5,8,11	3,9,2,6,14,12,7,15,10,16	62,1154,1349,822,942,880,930,870,431,230	new
37,141,246,311,388,389,395,424,512,521	0,1,5,9,11	2,8,3,6,15,7,13,10,12,16	62,725,671,890,897,809,504,583,920,230	new
37,141,265,364,378,426,523,617,624,631	0,2,5,9,11	3,8,1,6,13,7,15,10,12,16	62,659,644,1302,1309,1296,537,719,922,230	new
37,141,332,429,469,488,501,625,628,629	0,2,5,8,11	3,1,9,6,15,13,10,7,12,16	62,722,1303,1306,1307,1088,1042,839,812,230	new
37,141,335,367,378,387,395,452,495,584	0,1,5,9,11	3,2,8,6,13,7,4,10,14,16	62,659,681,647,759,1227,851,669,793,230	new
37,141,374,404,416,422,434,449,507,515	1,2,8,9,11	5,3,0,6,13,14,4,7,12,16	62,655,996,904,910,730,951,957,923,230	new
37,141,374,404,416,434,507,515,518,521	1,2,8,9,11	5,0,3,6,13,14,4,7,12,16	62,655,903,904,910,730,951,957,920,230	new
37,141,378,422,488,523,618,628,629,670	0,2,5,8,11	3,9,1,6,13,10,15,7,12,16	62,659,713,1306,1307,1294,1388,839,922,230	new
37,141,378,469,488,501,618,625,628,629	0,2,5,8,11	3,1,9,6,13,15,10,7,12,16	62,659,1303,1306,1307,1294,1042,839,812,230	new
37,142,143,148,154,167,417,550,628,631	1,2,6,9,11	0,3,8,5,16,10,7,4,13,15	62,243,452,417,411,260,1306,1348,1241,708	new
37,142,143,148,154,283,374,550,628,631	1,2,6,9,11	0,3,8,5,16,10,7,4,15,13	62,243,452,417,411,1046,1306,1348,1241,655	new
37,142,148,154,155,167,417,512,550,628	1,2,6,9,11	0,3,8,5,16,10,4,7,13,15	62,243,452,386,411,260,1306,1024,1241,708	new
37,142,148,154,155,283,374,512,550,628	1,2,6,9,11	0,3,8,5,16,10,4,7,15,13	62,243,452,386,411,1046,1306,1024,1241,655	new
37,143,148,154,166,167,422,515,566,650	1,2,6,9,11	0,8,3,5,16,10,7,4,13,14	62,243,383,417,411,260,894,1344,996,1150	new
37,143,152,224,364,378,390,495,584,627	0,1,5,9,11	2,6,8,3,16,4,10,14,7,13	62,241,232,372,851,1227,845,1421,644,659	new
37,148,150,154,159,167,212,332,376,629	0,2,3,5,8	6,11,1,9,12,10,7,16,15,13	62,335,251,271,657,237,327,243,1387,610	new
37,148,152,181,186,228,408,434,503,618	0,1,3,6,11	2,5,8,9,16,4,13,10,7,12	62,241,237,1285,730,696,1065,380,288,294	new
37,152,186,191,196,233,311,408,503,673	0,1,5,8,11	2,6,3,9,16,10,15,4,7,12	62,241,431,1055,874,942,1406,300,307,294	new
37,152,186,570,594,607,618,629,651,663	0,2,5,8,11	3,6,1,9,14,13,7,15,10,12	62,1154,1217,1266,1346,1307,1294,1374,401,294	new
37,152,258,374,399,426,500,515,518,561	1,6,8,9,11	2,3,0,5,16,15,10,4,14,13	62,241,719,687,1078,1185,967,904,903,655	new
37,152,258,374,426,434,463,500,518,561	1,6,8,9,11	2,3,0,5,16,15,4,10,14,13	62,241,719,730,1078,1185,967,800,903,655	new
37,154,159,181,468,501,532,570,651,664	1,2,6,8,11	0,5,9,3,16,10,13,7,12,14	62,243,443,1374,871,456,805,984,1349,1154	new
37,154,332,335,441,458,521,564,663,664	2,3,5,8,11	0,6,1,9,16,14,15,12,4,13	62,243,1353,1349,1148,920,742,979,613,610	new
37,154,374,404,416,422,434,446,449,507	1,2,8,9,11	0,6,3,5,16,12,7,4,14,13	62,243,923,957,951,730,910,747,996,655	new
37,154,408,417,466,496,512,515,550,678	1,2,6,9,11	0,3,8,5,16,12,14,7,13,15	62,243,942,1404,894,806,852,1024,1241,708	new
37,186,322,347,374,393,424,446,628,634	0,2,3,6,8	5,1,11,9,13,7,10,15,14,12	62,655,677,595,1390,747,1426,725,736,294	new
37,196,243,332,335,377,417,466,468,532	0,1,2,6,11	5,8,3,9,15,4,7,16,12,13	62,708,613,658,499,797,805,307,984,610	new
37,212,246,311,387,388,389,424,512,521	0,1,5,9,11	2,8,3,6,15,7,13,10,16,12	62,725,671,890,897,988,504,583,920,335	new
37,212,265,364,378,426,523,535,624,631	0,2,5,9,11	3,8,1,6,13,7,15,10,16,12	62,659,644,1302,1309,1020,537,719,922,335	new
37,212,265,378,381,469,503,535,634,678	0,1,5,8,11	3,2,9,6,13,4,15,10,16,12	62,659,662,1390,1404,874,1071,1010,812,335	new
37,221,332,335,387,424,426,480,495,503	0,3,5,6,11	2,1,8,9,15,7,16,10,12,13	62,725,793,669,851,1002,874,930,359,610	new
37,228,260,311,374,376,429,480,495,526	0,1,6,8,11	3,9,2,5,15,16,7,12,4,13	62,722,532,583,434,851,1002,982,657,655	new
37,258,374,399,424,426,500,515,518,617	1,6,8,9,11	2,3,0,5,15,16,10,4,14,13	62,725,719,687,1078,1296,967,904,903,655	new
37,258,374,424,426,434,463,500,518,617	1,6,8,9,11	2,3,0,5,15,16,4,10,14,13	62,725,719,730,1078,1296,967,800,903,655	new
37,332,335,387,389,417,458,512,566,627	0,2,6,8,11	5,3,1,9,14,10,16,12,4,13	62,1150,979,708,717,1024,1305,988,613,610	new
37,377,378,422,512,550,560,566,569,628	0,2,6,8,11	3,9,1,5,13,10,15,16,4,14	62,659,713,1306,760,890,1133,1143,1153,1150	new
49,51,132,228,229,348,465,466,468,495	0,1,5,6,11	2,9,7,8,4,13,12,15,10,16	75,78,626,987,381,797,805,796,380,219	new
49,51,155,260,263,265,387,503,570,664	0,1,5,8,11	2,7,9,6,4,16,15,10,14,13	75,78,244,537,874,1097,962,1218,1411,669	new
49,51,196,224,228,408,503,561,673,678	0,1,6,7,11	2,8,5,9,4,14,13,3,10,12	75,78,1144,1404,942,1360,1065,380,415,307	new
49,51,196,224,234,390,404,408,584,673	0,1,7,8,11	2,6,5,9,4,13,14,3,10,12	75,78,672,1178,1406,696,692,405,415,307	new
49,51,221,393,399,446,550,621,629,654	1,6,7,9,11	2,8,0,5,4,15,13,3,16,12	75,78,677,1133,1307,1334,1293,902,865,359	new
49,51,228,429,446,465,466,496,503,561	0,1,5,6,11	2,8,9,7,4,14,12,13,10,15	75,78,1144,1065,380,796,797,852,902,722	new
49,51,348,458,480,500,526,570,591,663	0,1,6,8,11	2,9,5,7,4,13,12,3,10,14	75,78,626,1002,982,1078,1353,1190,979,1154	new
49,83,132,142,155,167,265,424,429,637	0,1,5,6,11	7,2,9,8,15,3,13,14,4,16	75,722,725,1382,327,452,386,1071,169,219	new
49,83,132,196,378,463,466,468,515,532	0,1,5,6,11	7,2,9,8,13,10,15,12,4,16	75,659,785,894,797,994,387,805,169,219	new
49,84,131,148,196,260,446,488,570,571	0,1,5,6,8	7,2,11,9,14,3,13,15,4,12	75,1154,1155,937,237,273,747,1097,170,307	new
49,84,246,378,395,408,426,429,449,625	1,5,6,8,9	7,2,0,11,15,16,12,14,3,13	75,722,719,696,754,1427,998,809,170,513	new
49,89,141,142,186,233,387,429,446,459	0,1,2,8,11	6,5,9,7,13,16,14,3,10,15	75,669,431,453,477,471,452,888,902,722	new
49,124,132,143,196,265,468,496,535,650	1,5,6,7,11	8,0,2,9,16,10,3,15,13,12	75,219,417,419,852,1329,1020,537,801,307	new
49,128,131,150,221,350,381,395,396,399	1,6,8,9,11	2,7,0,5,13,4,3,10,16,12	75,681,662,218,271,448,1099,868,865,359	new
49,131,395,422,446,463,465,488,558,622	0,1,5,7,9	2,11,6,8,13,12,10,4,16,14	75,681,796,800,937,713,902,218,1300,1141	new
49,132,143,168,265,395,468,496,535,558	1,5,6,7,11	2,9,0,8,13,12,15,3,10,16	75,681,801,537,1020,1220,852,306,417,219	new
49,132,152,233,246,376,424,465,480,526	1,2,5,7,9	8,6,0,11,16,10,4,12,14,13	75,219,395,401,715,657,982,1002,808,513	new
49,132,196,234,426,429,465,468,496,558	0,1,5,6,8	7,2,11,9,15,16,10,4,13,12	75,722,719,405,219,1141,896,808,805,307	new
49,132,228,229,348,395,465,468,495,532	0,1,5,6,11	2,9,7,8,13,4,12,15,10,16	75,681,626,987,381,994,805,796,380,219	new
49,132,243,246,283,469,477,488,503,571	0,1,5,6,9	8,7,2,11,16,12,15,14,3,13	75,219,874,1067,1098,1196,555,937,514,513	new
49,132,243,283,376,395,469,503,561,571	0,1,5,6,9	2,11,7,8,13,3,15,14,12,16	75,681,514,938,555,1196,1098,1185,874,219	new
49,132,246,260,265,364,429,465,466,496	0,1,5,6,8	7,9,2,11,15,16,4,10,12,13	75,722,532,537,219,644,896,797,796,513	new
49,132,246,265,364,426,429,466,468,496	0,1,5,6,8	7,2,9,11,15,16,4,10,12,13	75,722,719,537,219,644,896,797,805,513	new
49,132,260,469,477,488,503,507,564,571	0,5,6,9,11	2,7,1,8,14,13,3,10,12,16	75,812,839,1196,1208,1097,1067,1065,910,219	new
49,132,265,283,376,424,429,471,535,594	0,1,5,6,9	7,2,11,8,15,3,13,14,12,16	75,722,725,938,555,1194,1049,1020,537,219	new
49,141,152,199,221,243,246,376,426,501	0,1,6,8,9	5,7,2,11,12,16,14,15,3,13	75,359,930,401,471,314,871,938,514,513	new
49,141,155,181,196,228,233,469,480,495	0,5,6,7,11	2,1,8,9,14,15,16,10,3,12	75,812,230,431,434,851,1002,386,288,307	new
49,141,178,181,196,233,246,311,465,469	0,5,6,7,11	2,1,8,9,14,15,16,4,3,12	75,812,230,431,1055,513,808,291,288,307	new
49,142,249,399,429,446,469,496,515,561	0,1,5,6,11	2,8,9,7,14,4,3,13,10,15	75,812,1144,1103,452,687,904,852,902,722	new
49,149,150,196,265,311,399,488,570,571	0,1,5,6,8	7,2,11,9,14,3,13,16,15,12	75,1154,1155,937,238,239,687,1055,1071,307	new
49,149,150,196,265,322,399,469,488,571	0,1,5,6,8	2,7,11,9,14,3,13,16,15,12	75,812,1155,937,238,239,687,703,1071,307	new
49,155,157,196,228,233,469,495,535,606	0,5,6,7,11	2,8,1,9,14,16,15,10,3,12	75,812,1010,431,434,851,1274,386,309,307	new
49,155,157,221,332,387,558,560,606,663	2,7,8,9,11	5,1,0,6,12,14,3,4,16,13	75,359,610,247,244,1254,1141,1143,1346,669	new
49,155,181,196,199,228,233,469,495,606	0,5,6,7,11	2,1,8,9,14,16,15,10,3,12	75,812,314,431,434,851,1274,386,288,307	new
49,194,196,335,378,389,496,550,625,628	0,2,6,8,11	7,1,5,9,13,15,14,16,4,12	75,659,1303,671,793,1133,1306,852,304,307	new
49,194,196,335,389,429,496,625,628,629	0,2,6,8,11	7,1,5,9,15,13,14,16,4,12	75,722,1303,671,793,1307,1306,852,304,307	new
49,196,395,466,480,495,507,518,526,621	0,1,5,6,11	2,7,8,9,13,16,3,10,15,12	75,681,982,1289,910,797,903,851,1002,307	new
49,221,258,311,422,424,463,505,521,558	1,2,6,7,9	5,11,0,8,12,16,15,13,4,14	75,359,583,920,941,715,713,785,530,1141	new
49,221,332,364,426,501,512,526,628,629	0,1,6,9,11	5,7,2,8,12,16,4,3,15,13	75,359,930,934,871,610,1387,1426,890,644	new
49,221,332,395,426,500,501,512,628,629	0,1,6,9,11	2,8,7,5,13,15,3,4,16,12	75,681,890,1426,1387,610,871,870,930,359	new
49,246,260,426,463,488,505,523,527,558	1,2,6,7,9	8,5,0,11,14,10,12,15,16,13	75,1141,978,785,839,922,941,930,1097,513	new
49,246,315,378,422,458,558,561,650,678	0,1,5,7,9	8,2,6,11,14,4,12,16,10,13	75,1141,1144,1378,1329,713,998,979,587,513	new
49,246,315,378,422,463,558,561,634,650	0,1,5,7,9	8,2,6,11,14,4,16,12,10,13	75,1141,1144,1312,1329,713,998,800,587,513	new
49,246,315,378,422,469,526,561,634,650	0,1,5,7,9	2,8,6,11,14,4,16,12,10,13	75,812,1144,1312,1329,713,998,934,587,513	new
49,246,315,378,422,469,561,591,650,678	0,1,5,7,9	2,8,6,11,14,4,12,16,10,13	75,812,1144,1378,1329,713,998,1190,587,513	new
49,246,315,422,463,488,535,558,634,650	0,1,5,7,9	8,2,6,11,14,16,4,12,10,13	75,1141,1010,1312,1329,713,937,800,587,513	new
49,246,315,422,469,488,526,535,634,650	0,1,5,7,9	2,8,6,11,14,16,4,12,10,13	75,812,1010,1312,1329,713,937,934,587,513	new
49,246,378,422,445,446,495,558,561,584	0,1,5,7,9	8,2,6,11,14,4,10,16,12,13	75,1141,1144,1227,902,713,998,993,851,513	new
49,246,378,422,446,463,495,558,561,634	0,1,5,7,9	8,2,6,11,14,4,16,10,12,13	75,1141,1144,1312,902,713,998,800,851,513	new
49,246,378,422,446,469,495,526,561,634	0,1,5,7,9	2,8,6,11,14,4,16,10,12,13	75,812,1144,1312,902,713,998,934,851,513	new
49,246,422,446,463,465,488,558,622,634	0,1,5,7,9	8,6,2,11,14,16,4,10,12,13	75,1141,1300,1312,902,713,937,800,796,513	new
49,246,422,446,463,488,495,535,558,634	0,1,5,7,9	8,2,6,11,14,16,4,10,12,13	75,1141,1010,1312,902,713,937,800,851,513	new
49,246,422,446,469,488,495,526,535,634	0,1,5,7,9	2,8,6,11,14,16,4,10,12,13	75,812,1010,1312,902,713,937,934,851,513	new
49,395,422,446,459,465,488,491,558,622	0,1,5,7,9	2,11,6,8,13,12,4,10,16,14	75,681,796,854,937,713,902,888,1300,1141	new
51,54,84,148,249,283,381,422,468,532	4,5,8,9,11	6,0,1,7,10,15,3,16,14,13	78,152,1103,170,805,984,713,237,555,662	new
51,54,166,191,196,228,229,381,477,670	0,1,4,5,11	6,8,9,7,16,10,15,12,14,13	78,259,399,822,307,300,83,380,1388,662	new
51,54,229,243,374,377,395,422,550,628	0,1,5,7,9	4,11,8,6,13,3,15,12,16,10	78,681,514,760,1306,1133,1063,713,399,152	new
51,54,311,348,396,495,500,518,558,561	0,1,5,8,11	6,4,7,9,10,15,16,3,12,13	78,152,868,1055,870,1144,1141,985,987,626	new
51,54,381,396,426,495,500,518,558,561	0,1,5,8,11	6,4,9,7,10,15,16,3,12,13	78,152,868,930,870,1144,1141,985,987,662	new
51,83,128,155,348,377,468,618,628,629	1,5,6,8,11	7,0,4,9,16,14,3,10,12,13	78,244,1285,1387,1426,760,448,459,801,626	new
51,83,196,246,348,387,389,393,480,495	0,5,6,7,11	8,4,1,9,15,3,16,10,12,13	78,677,671,669,851,1002,307,169,504,626	new
51,89,166,469,512,569,624,627,629,631	0,5,7,9,11	4,1,8,6,14,12,3,15,13,16	78,812,175,1153,1387,1348,1428,1024,1305,259	new
51,89,167,367,377,452,469,500,637,663	0,5,7,9,11	4,1,6,8,14,12,16,2,10,13	78,812,175,327,1382,1078,1353,760,759,647	new
51,124,166,243,374,381,393,463,496,512	0,1,5,9,11	6,8,4,7,16,3,12,15,10,13	78,259,211,890,677,655,499,896,785,662	new
51,128,132,155,265,395,465,466,515,637	0,1,5,6,8	4,11,9,7,13,12,3,10,15,16	78,681,796,806,894,1315,215,219,537,244	new
51,128,148,155,159,243,315,395,463,466	1,6,8,9,11	4,0,5,7,13,14,2,10,3,16	78,681,499,797,800,587,443,448,237,244	new
51,128,150,154,322,395,408,465,466,496	0,1,5,7,8	4,11,6,9,13,12,3,2,10,15	78,681,796,852,797,215,239,243,942,595	new
51,128,155,234,348,426,465,466,515,637	0,1,5,6,8	7,4,11,9,16,15,10,3,12,13	78,244,719,405,215,1315,894,806,808,626	new
51,131,150,381,441,446,469,515,521,637	1,5,6,8,11	4,9,0,7,14,15,16,10,3,13	78,812,920,742,747,904,1382,239,218,662	new
51,132,178,387,395,500,507,624,631,650	0,5,7,9,11	1,8,6,4,16,14,10,15,2,13	78,281,870,879,438,1329,1309,1428,669,681	new
51,132,228,311,322,376,381,461,500,535	0,1,6,8,11	7,5,4,9,13,3,10,12,16,15	78,662,657,780,1078,1020,438,434,583,595	new
51,132,233,335,387,390,500,535,561,631	0,5,7,9,11	6,4,1,8,13,2,10,15,16,14	78,672,669,793,1309,1020,438,431,870,1144	new
51,132,234,311,322,376,381,500,501,535	0,1,6,8,11	7,5,4,9,13,3,12,10,16,15	78,662,657,1042,1078,1020,438,427,583,595	new
51,132,234,322,376,381,399,501,535,606	0,1,6,8,11	7,5,4,9,13,3,12,16,10,15	78,662,657,1042,1254,1020,438,427,865,595	new
51,141,142,154,191,192,332,378,469,629	0,5,7,8,11	4,1,9,6,14,15,10,13,2,12	78,812,230,231,261,1307,1088,998,300,356	new
51,141,143,166,469,627,628,631,650,663	0,5,7,9,11	4,1,8,6,14,15,10,2,13,16	78,812,230,232,1329,1309,1353,1306,1305,259	new
51,141,143,390,469,535,627,628,650,663	0,5,7,9,11	4,1,8,6,14,15,10,2,16,13	78,812,230,232,1329,1020,1353,1306,1305,672	new
51,141,178,192,199,233,446,491,535,650	0,5,7,8,9	1,4,11,6,16,14,3,15,13,12	78,281,314,471,395,1020,1329,902,854,356	new
51,141,233,377,390,452,469,535,622,663	0,5,7,9,11	4,1,8,6,14,15,16,2,10,13	78,812,230,431,1297,1020,1353,760,759,672	new
51,142,166,167,192,283,381,408,454,673	4,5,8,9,11	6,0,1,7,16,15,12,2,14,13	78,259,763,301,1406,942,452,327,555,662	new
51,149,155,243,348,388,389,465,501,631	0,4,5,6,8	7,1,11,9,16,14,2,10,12,13	78,244,871,355,671,1309,897,499,808,626	new
51,149,178,348,388,389,465,496,501,631	0,4,5,6,8	1,7,11,9,16,14,2,10,12,13	78,281,871,355,671,1309,897,896,808,626	new
51,150,192,243,258,263,350,395,500,617	0,5,7,8,9	4,11,1,6,13,3,15,10,14,12	78,681,514,1099,1296,1078,239,530,535,356	new
51,154,166,229,322,503,561,607,634,663	1,5,7,8,11	6,0,4,9,16,2,13,3,12,15	78,259,261,1346,1266,381,1390,1185,874,595	new
51,155,181,186,364,367,378,532,624,625	0,5,6,9,11	7,1,4,8,16,10,3,15,2,13	78,244,456,453,994,998,1427,1302,644,647	new
51,155,181,196,364,378,395,532,624,625	0,5,6,9,11	4,8,1,7,13,2,15,3,10,16	78,681,644,1302,1427,998,994,387,456,244	new
51,155,246,348,364,374,550,624,625,651	0,4,6,8,11	7,5,1,9,16,14,15,2,12,13	78,244,1374,1063,1133,1303,1302,1003,504,626	new
51,155,348,364,374,480,501,550,624,625	0,4,6,8,11	7,1,5,9,16,14,15,2,12,13	78,244,871,1063,1133,1303,1302,1003,1002,626	new
51,157,168,178,186,229,381,463,466,491	0,5,6,9,11	1,8,4,7,16,12,15,14,10,13	78,281,797,381,453,247,262,844,785,662	new
51,157,168,178,186,395,463,466,491,532	0,5,6,9,11	1,8,7,4,16,12,15,14,10,13	78,281,797,994,453,247,262,844,785,681	new
51,157,168,178,186,395,463,466,496,518	0,5,6,9,11	1,8,7,4,16,12,14,15,10,13	78,281,797,903,453,247,262,896,785,681	new
51,157,168,178,196,229,381,466,488,491	0,5,6,9,11	1,8,4,7,16,12,15,10,14,13	78,281,797,381,387,247,262,844,839,662	new
51,157,168,178,196,395,466,488,491,532	0,5,6,9,11	1,8,7,4,16,12,15,10,14,13	78,281,797,994,387,247,262,844,839,681	new
51,166,243,350,377,395,628,629,634,650	0,1,5,7,9	4,11,8,6,13,3,15,12,14,16	78,681,514,760,1306,1307,1099,1329,1312,259	new
51,178,181,186,233,311,322,477,480,503	0,4,5,6,11	1,7,8,9,16,10,13,3,12,15	78,281,456,826,1065,1055,431,453,1067,595	new
51,178,181,196,229,233,311,322,477,503	0,4,5,6,11	1,7,8,9,16,10,3,13,12,15	78,281,456,387,1065,1055,431,381,1067,595	new
51,178,378,381,429,445,500,570,663,664	0,5,6,9,11	1,8,4,7,16,14,3,10,2,13	78,281,870,1346,1411,1218,748,746,659,662	new
51,186,229,347,393,422,469,550,627,628	1,6,7,9,11	4,5,0,8,14,12,3,2,13,15	78,812,294,736,713,399,1305,1306,1133,677	new
51,186,347,367,422,469,550,594,627,628	1,6,7,9,11	4,5,0,8,14,12,3,2,15,13	78,812,294,736,713,1194,1305,1306,1133,647	new
51,199,233,377,390,452,469,535,622,631	0,5,7,9,11	4,1,8,6,14,16,15,2,10,13	78,812,314,431,1297,1020,1309,760,759,672	new
51,233,348,458,469,480,500,526,570,591	0,1,6,8,11	4,7,5,9,14,2,10,3,12,13	78,812,1154,979,1190,395,1078,982,1002,626	new
51,283,322,395,408,434,488,500,560,663	0,1,5,8,11	4,7,6,9,13,14,16,3,10,15	78,681,839,1046,1143,1346,870,880,942,595	new
51,283,348,376,446,465,469,515,571,637	0,1,5,6,8	4,7,11,9,14,3,10,15,12,13	78,812,1155,1046,657,1315,904,747,808,626	new
54,68,143,155,228,234,404,426,449,503	0,1,2,7,10	3,6,11,4,8,15,14,9,13,12	83,100,923,692,405,417,386,930,874,380	new
54,68,150,154,166,376,449,628,629,663	0,2,4,7,10	1,11,6,3,12,9,5,13,15,8	83,383,243,239,938,1426,1387,1353,923,100	new
54,68,191,194,246,260,311,364,426,673	0,4,6,7,11	2,1,10,3,16,14,5,13,12,8	83,300,1406,1097,930,583,504,1003,304,100	new
54,68,192,194,246,260,311,426,480,673	0,4,6,7,11	1,2,10,3,16,14,5,13,12,8	83,301,1406,1097,930,583,504,1002,304,100	new
54,83,84,128,229,249,422,466,515,637	1,2,4,6,7	3,0,10,11,12,16,14,9,8,13	83,381,996,904,1382,448,806,169,424,521	new
54,83,265,408,465,468,471,491,503,584	0,1,6,10,11	2,4,7,3,13,12,16,15,5,14	83,696,1065,537,459,805,808,854,1049,1178	new
54,84,148,249,283,332,381,390,468,532	0,2,3,6,7	1,4,10,11,15,5,14,12,8,13	83,845,855,1046,411,1088,994,801,424,521	new
54,84,186,191,221,224,228,265,469,535	0,1,6,7,11	2,10,3,4,16,5,14,9,8,12	83,300,170,1071,1010,812,294,359,415,380	new
54,84,243,265,408,426,452,480,495,526	0,1,4,6,11	2,7,10,3,13,12,8,5,16,15	83,696,719,982,987,826,537,424,499,840	new
54,124,126,168,224,228,396,532,564,664	0,1,2,6,11	4,3,10,7,12,8,14,5,15,13	83,380,415,984,1349,1148,306,419,279,684	new
54,126,154,228,388,408,465,496,512,631	1,3,6,7,11	2,0,10,4,13,9,5,14,16,12	83,696,261,213,897,1348,1024,852,796,380	new
54,126,192,229,233,367,459,491,496,627	2,4,6,10,11	1,0,7,3,16,15,8,14,9,12	83,301,844,896,1421,861,279,774,431,381	new
54,126,228,311,396,561,584,631,650,678	0,2,7,10,11	3,1,6,4,14,5,15,9,13,12	83,1178,1185,1378,1329,1309,213,868,1055,380	new
54,132,228,246,378,445,452,488,503,670	1,6,7,10,11	3,0,2,4,15,16,14,5,13,12	83,840,839,1388,746,659,513,438,1065,380	new
54,141,142,166,178,199,459,469,535,617	2,3,4,6,11	0,7,10,1,13,15,8,14,5,12	83,231,774,1284,1010,812,230,470,291,383	new
54,142,148,221,224,229,234,426,521,526	1,2,4,10,11	0,6,7,3,13,14,9,16,5,12	83,231,920,427,237,934,930,359,372,381	new
54,142,150,154,258,348,395,452,617,634	1,4,6,10,11	0,2,7,3,13,9,8,14,16,15	83,231,261,271,967,1296,1390,626,681,840	new
54,142,155,399,500,507,515,518,584,606	1,2,6,7,11	0,4,10,3,13,8,16,9,12,14	83,231,244,1274,870,865,894,985,910,1178	new
54,142,159,228,387,388,459,461,495,651	1,2,6,10,11	0,7,3,4,13,9,16,8,14,12	83,231,251,1330,873,888,897,988,987,380	new
54,142,166,178,395,461,465,526,591,670	2,3,7,10,11	0,6,4,1,13,15,8,9,14,12	83,231,1234,982,681,796,281,873,1388,383	new
54,142,178,228,378,395,461,465,591,670	2,3,7,10,11	0,6,1,4,13,15,8,9,14,12	83,231,1234,659,681,796,281,873,1388,380	new
54,142,191,196,265,322,348,399,468,507	1,4,6,7,11	0,10,3,2,13,14,8,12,5,16	83,231,865,879,1071,703,863,805,307,300	new
54,142,446,459,480,558,561,584,606,621	2,4,6,10,11	0,7,1,3,13,15,16,9,5,14	83,231,774,747,1289,1002,1274,1220,1185,1178	new
54,143,148,168,408,434,446,491,584,618	1,6,7,10,11	2,4,0,3,13,8,16,15,12,14	83,696,730,1285,237,232,262,844,747,1178	new
54,143,166,396,399,471,507,515,518,558	0,3,6,10,11	1,4,2,7,12,8,16,15,5,13	83,383,417,1049,1220,903,879,904,687,684	new
54,143,192,233,471,584,617,621,622,651	0,2,4,7,10	1,6,11,3,16,15,8,9,12,14	83,301,814,232,431,1297,1284,1330,1289,1178	new
54,143,228,234,390,399,426,471,503,521	0,2,3,7,10	1,6,11,4,15,16,8,9,13,12	83,845,814,232,427,920,865,930,874,380	new
54,143,233,390,459,471,584,617,621,651	0,2,4,7,10	1,6,11,3,15,16,8,9,12,14	83,845,814,232,431,774,1284,1330,1289,1178	new
54,148,166,249,376,500,526,527,561,637	0,2,3,7,10	1,6,4,11,12,16,5,8,15,13	83,383,978,982,657,237,1382,1078,1185,521	new
54,150,154,258,381,395,408,452,617,634	1,4,6,10,11	2,0,7,3,13,9,8,14,16,15	83,696,261,271,967,1296,1390,662,681,840	new
54,154,159,228,315,426,449,452,503,526	0,1,2,7,10	3,6,11,4,15,8,5,9,13,12	83,840,923,243,443,587,934,930,874,380	new
54,155,166,191,228,229,381,477,495,673	0,6,7,10,11	2,1,3,4,16,13,5,15,14,12	83,300,1360,822,399,259,244,662,987,380	new
54,155,229,350,376,381,396,468,480,532	0,1,4,6,11	3,2,10,7,12,16,5,8,9,13	83,381,994,805,826,244,662,657,630,684	new
54,166,168,350,452,469,617,618,651,670	0,2,4,7,11	1,10,6,3,12,8,14,9,16,15	83,383,306,1356,1285,1330,1284,630,812,840	new
54,166,168,396,408,441,445,454,496,673	0,4,6,7,11	1,10,3,2,12,8,16,15,14,13	83,383,306,852,993,1058,868,877,1406,696	new
54,166,396,459,627,628,631,634,650,654	2,4,6,10,11	1,3,0,7,12,14,16,8,15,13	83,383,1390,1344,1348,1421,1426,1334,774,684	new
54,186,199,228,233,348,390,468,469,532	0,3,6,10,11	1,2,7,4,15,5,16,9,8,12	83,845,863,805,994,453,1098,470,395,380	new
54,191,196,350,396,468,532,627,631,664	0,1,4,6,11	2,3,10,7,16,12,5,15,9,13	83,300,994,805,387,1411,1421,1348,630,684	new
54,228,399,408,445,458,500,550,627,634	1,3,6,10,11	2,7,0,4,13,5,16,9,14,12	83,696,687,1078,1390,1421,1133,773,746,380	new
54,229,243,374,377,390,395,422,550,569	2,4,6,10,11	1,7,0,3,15,5,8,13,16,12	83,845,809,499,658,1153,1241,655,996,381	new
54,229,364,408,422,445,446,496,650,678	1,6,7,10,11	2,4,0,3,13,15,5,16,14,12	83,696,1378,1329,713,746,644,896,747,381	new
54,229,390,395,446,459,465,480,606,617	2,4,6,10,11	1,7,0,3,15,5,16,9,14,12	83,845,809,808,1002,1274,1284,774,747,381	new
54,246,249,364,395,429,445,452,468,505	0,1,4,6,10	3,7,2,11,15,16,5,14,12,13	83,840,681,801,504,1003,993,722,876,521	new
54,265,390,395,446,459,465,480,584,617	2,4,6,10,11	1,7,0,3,15,5,16,9,12,14	83,845,809,808,1002,1071,1284,774,747,1178	new
68,89,141,152,155,199,212,526,527,584	0,1,2,7,10	6,11,4,8,16,15,13,12,9,14	100,335,230,470,477,401,386,982,978,1178	new
68,124,168,350,452,469,617,618,651,670	0,2,4,7,11	1,10,6,8,12,3,14,9,16,15	100,419,306,1356,1374,1294,1284,630,812,840	new
68,128,228,229,233,234,404,465,466,495	0,1,6,10,11	2,4,7,8,15,16,13,5,9,12	100,957,427,448,806,987,808,434,431,381	new
68,132,246,258,263,404,465,495,584,650	1,6,7,10,11	2,0,4,8,15,3,5,13,12,14	100,957,962,967,1329,438,513,808,987,1178	new
68,132,246,258,404,416,446,465,584,650	1,6,7,10,11	2,4,0,8,15,3,5,13,12,14	100,957,951,967,1329,438,513,808,747,1178	new
68,141,142,152,212,417,424,446,459,584	1,2,4,10,11	6,7,0,8,16,13,15,9,12,14	100,335,775,725,241,230,231,774,747,1178	new
68,141,148,152,224,283,387,404,627,628	0,1,6,8,10	2,11,7,4,15,9,3,5,14,12	100,957,471,401,411,1046,1306,1305,988,415	new
68,142,143,148,212,229,417,424,591,594	1,2,4,10,11	6,7,0,8,16,13,14,9,15,12	100,335,775,715,237,232,231,1234,1217,381	new
68,142,143,152,212,229,417,424,446,459	1,2,4,10,11	6,7,0,8,16,13,15,9,14,12	100,335,775,725,241,232,231,774,747,381	new
68,143,149,224,258,335,377,458,463,650	2,6,7,8,10	0,11,1,4,16,14,5,15,3,12	100,355,760,793,773,785,530,1344,417,415	new
68,149,152,335,377,424,449,625,628,629	2,4,7,8,10	0,11,1,6,16,14,5,12,13,15	100,355,760,793,1307,401,715,1306,1303,923	new
68,149,157,196,224,389,449,512,624,625	0,2,7,8,11	4,10,1,6,12,5,3,9,13,15	100,415,307,309,355,671,890,1302,1303,923	new
68,149,157,221,224,332,422,466,496,518	1,2,6,7,11	0,8,10,4,16,5,13,14,9,12	100,355,309,1088,996,896,806,985,359,415	new
68,149,166,192,224,229,377,446,491,628	1,2,6,8,10	0,11,7,4,16,14,13,9,5,12	100,355,760,1306,902,854,356,259,399,415	new
68,149,166,224,229,390,446,491,569,628	1,2,6,8,10	0,11,7,4,16,13,14,9,5,12	100,355,1164,1306,902,854,672,259,399,415	new
68,149,224,243,246,260,350,535,560,663	2,6,7,8,10	0,1,11,4,16,13,14,9,15,12	100,355,1158,1353,532,504,499,630,1010,415	new
68,149,229,422,501,507,518,584,606,634	1,2,6,7,11	0,4,10,8,16,13,3,9,12,14	100,355,871,1274,1312,399,713,985,910,1178	new
68,152,154,168,224,364,387,404,651,670	0,1,6,8,10	2,11,7,4,15,3,9,13,14,12	100,957,261,401,1374,1356,306,1003,988,415	new
68,159,166,212,408,452,505,634,664,678	0,1,4,7,11	6,10,2,8,16,9,5,14,12,15	100,335,251,259,1312,1378,696,876,1411,840	new
68,167,168,194,212,469,561,617,621,651	0,2,4,7,11	6,8,1,10,16,15,14,9,3,12	100,335,812,1144,1284,1293,1374,327,306,304	new
68,167,168,194,449,469,561,617,618,651	0,2,4,7,11	6,8,1,10,15,16,14,9,3,12	100,923,812,1144,1284,1294,1374,327,306,304	new
68,168,194,452,469,535,617,618,651,670	0,2,4,7,11	8,6,1,10,15,16,9,14,3,12	100,840,812,1010,1284,1294,1374,1356,306,304	new
68,229,263,311,350,396,399,404,507,618	1,4,6,7,11	2,0,10,8,15,3,13,5,14,12	100,957,962,1294,1099,868,1055,687,910,381	new
68,229,347,422,449,570,571,629,663,664	1,2,4,7,10	6,11,0,8,15,13,14,5,16,12	100,923,1353,1349,1154,1155,1387,625,996,381	new
68,263,376,404,500,507,515,526,584,618	1,4,6,7,11	2,0,10,8,15,3,13,16,12,14	100,957,962,1294,938,934,870,904,910,1178	new
68,265,404,441,507,521,550,558,561,584	0,1,4,7,11	2,6,10,8,15,16,9,13,12,14	100,957,920,742,1241,1220,1185,537,910,1178	new
68,441,449,503,507,521,550,558,561,584	0,1,4,7,11	6,2,10,8,15,16,9,13,12,14	100,923,920,742,1241,1220,1185,874,910,1178	new
79,83,155,181,374,458,463,466,501,526	0,5,8,10,11	1,9,2,3,15,16,7,12,6,13	131,1063,871,934,386,288,169,806,785,773	new
79,83,229,233,243,335,377,458,468,477	0,5,9,10,11	2,8,1,3,16,6,12,4,7,13	131,431,381,1067,805,459,514,760,793,773	new
79,89,124,126,199,263,459,561,634,678	1,3,5,8,11	2,0,10,9,13,7,12,15,6,16	131,774,279,419,1390,1185,1378,535,175,314	new
79,89,149,167,212,315,332,335,422,515	0,2,3,5,8	10,1,9,11,12,7,13,15,16,14	131,335,355,996,904,327,175,610,613,989	new
79,124,132,159,229,233,364,461,622,651	1,3,5,10,11	2,8,0,9,16,6,7,12,13,15	131,431,381,419,1003,438,1297,251,1330,873	new
79,124,141,143,367,441,445,496,512,627	0,1,5,9,11	3,8,2,10,15,6,13,7,4,16	131,1058,993,896,890,647,1305,211,232,230	new
79,124,159,168,229,233,416,445,458,459	1,3,5,10,11	2,9,0,8,13,4,12,16,15,14	131,774,707,443,395,399,211,262,746,773	new
79,124,167,199,263,388,459,561,634,678	1,3,5,8,11	2,10,0,9,13,7,12,15,6,16	131,774,670,419,1390,1185,1378,535,327,314	new
79,128,159,234,446,515,564,566,571,634	0,2,3,8,10	1,9,5,11,14,6,7,15,13,12	131,1235,1196,1208,747,1390,894,448,427,251	new
79,128,229,233,234,315,377,495,569,607	1,3,8,9,10	2,5,0,11,16,4,6,12,15,14	131,431,427,448,760,1164,1266,381,987,989	new
79,131,233,315,422,458,461,466,500,634	0,1,5,8,10	2,3,11,9,16,13,7,12,6,15	131,431,989,979,996,797,870,1312,218,873	new
79,132,228,233,311,469,521,535,566,570	0,3,5,10,11	1,8,9,2,14,6,4,13,12,16	131,1235,1218,1098,1057,1055,380,219,1010,431	new
79,141,159,178,199,233,387,441,463,495	0,1,2,8,9	3,11,5,10,15,7,13,4,14,16	131,1058,443,395,988,987,785,291,470,230	new
79,141,311,315,335,399,404,417,458,566	0,1,2,8,10	3,9,5,11,13,16,4,15,7,14	131,773,1235,775,793,230,692,687,1055,989	new
79,141,348,364,395,445,458,469,480,496	0,1,2,5,11	3,8,9,10,13,6,15,7,12,16	131,773,746,852,1003,1002,626,681,812,230	new
79,148,150,212,258,283,315,376,469,558	0,1,3,5,8	10,9,2,11,12,16,13,15,6,14	131,335,812,1141,530,239,237,657,1046,989	new
79,148,159,233,387,461,618,621,624,651	1,2,3,8,10	9,0,5,11,15,13,16,6,14,12	131,873,1330,411,1294,1293,1428,669,431,251	new
79,150,168,416,445,458,459,466,496,500	1,3,5,10,11	2,9,0,8,13,4,6,16,15,14	131,774,707,239,1078,806,896,262,746,773	new
79,155,181,186,374,459,463,518,618,651	0,5,8,10,11	1,9,3,2,15,12,7,16,6,13	131,1063,1374,1294,386,288,294,985,785,774	new
79,157,196,374,399,446,459,477,501,521	0,3,5,10,11	1,9,8,2,15,16,14,4,6,13	131,1063,871,247,387,1067,1057,687,747,774	new
79,159,233,364,387,461,480,526,606,651	1,2,3,8,10	9,0,5,11,15,13,7,6,14,12	131,873,1330,982,1254,826,644,669,431,251	new
79,159,387,446,458,463,488,495,527,594	0,1,5,9,10	8,2,3,11,14,16,4,7,13,12	131,773,669,851,902,1194,937,800,949,251	new
79,159,387,446,488,495,526,527,591,594	0,1,5,9,10	2,8,3,11,14,16,4,7,13,12	131,1234,669,851,902,1194,937,934,949,251	new
79,181,196,446,459,461,477,501,521,564	0,3,5,10,11	2,8,1,9,13,6,14,4,16,15	131,774,747,1208,1057,1067,387,456,871,873	new
79,186,212,228,233,503,507,532,561,634	0,1,5,8,11	2,3,9,10,16,4,15,13,6,12	131,431,434,874,1185,1390,910,984,294,335	new
79,186,212,233,311,495,503,532,561,634	0,1,5,8,11	2,3,9,10,16,15,4,13,6,12	131,431,1055,874,1185,1390,987,984,294,335	new
79,186,212,311,441,495,503,518,561,606	0,1,5,8,11	3,2,9,10,15,16,4,13,6,12	131,1058,1055,874,1185,1254,987,985,294,335	new
79,191,196,378,417,424,468,503,505,591	0,3,5,10,11	1,9,8,2,13,6,16,4,15,14	131,775,715,941,1065,805,387,412,659,1234	new
79,192,347,367,417,424,458,527,627,678	0,2,5,10,11	1,9,3,8,13,6,7,15,4,14	131,775,715,736,1305,861,1378,356,949,773	new
79,196,224,233,322,376,461,503,634,654	0,3,5,10,11	2,8,1,9,16,4,6,13,7,15	131,431,372,387,1065,703,1312,1334,938,873	new
79,199,224,228,311,521,535,564,566,570	0,3,5,10,11	1,8,2,9,14,6,13,4,12,16	131,1235,1218,1208,1057,1055,380,415,1010,314	new
79,199,234,311,315,335,404,417,566,663	0,1,2,8,10	9,3,5,11,16,13,4,15,7,14	131,314,1235,775,793,1353,692,405,1055,989	new
79,199,249,387,404,408,452,458,535,561	0,1,5,8,11	3,10,2,9,13,7,14,15,12,16	131,773,669,840,957,942,1103,1144,1010,314	new
79,212,246,348,364,395,445,458,469,496	0,1,2,5,11	3,8,9,10,13,6,15,7,16,12	131,773,746,852,1003,504,626,681,812,335	new
79,212,265,416,459,477,503,521,634,678	0,1,5,8,11	2,9,3,10,13,4,15,6,16,12	131,774,707,1404,1390,537,1065,822,920,335	new
79,212,315,387,416,417,459,627,634,678	0,1,5,9,11	2,3,8,10,13,16,7,4,14,12	131,774,989,988,1305,1312,1378,951,775,335	new
79,212,364,378,387,429,445,523,532,591	0,3,5,9,11	2,8,1,10,14,15,4,13,16,12	131,1234,659,984,988,1003,993,722,922,335	new
79,212,364,429,441,445,446,523,621,624	0,2,5,9,11	3,8,1,10,15,6,4,13,16,12	131,1058,993,1003,1428,1293,902,722,922,335	new
79,224,228,233,311,521,523,535,566,570	0,3,5,10,11	1,8,9,2,14,6,13,4,12,16	131,1235,1218,932,1057,1055,380,415,1010,431	new
79,229,233,246,395,441,468,477,512,550	0,5,9,10,11	2,8,1,3,16,6,12,4,13,15	131,431,381,1067,805,513,681,890,1133,1058	new
79,229,233,265,376,461,477,503,617,654	0,3,5,10,11	2,8,1,9,16,6,12,13,7,15	131,431,381,1067,874,1071,1284,1334,938,873	new
79,233,249,387,404,408,458,535,561,664	0,1,5,8,11	2,9,10,3,16,12,15,14,7,13	131,431,1010,1144,1103,942,957,1411,669,773	new
79,233,446,458,463,550,622,625,628,629	1,3,5,9,10	2,0,11,8,16,13,7,12,15,14	131,431,1297,1241,1427,1387,1426,747,785,773	new
79,249,454,461,488,501,561,571,591,606	0,1,5,8,11	2,10,3,9,14,6,13,16,4,15	131,1234,1155,839,1042,1254,1185,521,877,873	new
79,283,315,387,388,422,458,488,496,591	0,1,5,9,10	2,8,11,3,14,16,12,4,7,13	131,1234,669,670,852,713,937,555,587,773	new
79,315,376,422,458,466,515,526,566,637	0,2,5,9,10	1,8,11,3,14,15,4,12,7,13	131,1235,713,806,894,1382,938,934,587,773	new
79,315,389,417,566,569,591,622,628,663	0,3,5,8,11	1,10,9,2,13,7,15,6,16,14	131,775,671,1426,1300,587,1150,1153,1346,1234	new
79,322,348,404,416,422,459,488,566,670	0,3,5,10,11	1,8,9,2,14,15,6,7,4,13	131,1235,713,937,1356,863,703,692,707,774	new
79,376,422,458,466,515,526,527,566,637	0,2,5,9,10	1,8,11,3,14,15,4,7,12,13	131,1235,713,806,904,1382,938,934,949,773	new
79,377,459,560,566,569,570,607,631,654	0,3,5,9,11	1,8,10,2,14,6,7,12,15,13	131,1235,1218,1143,1153,1266,1348,658,1334,774	new
83,84,128,260,322,377,393,399,515,663	0,1,3,7,12	6,2,5,8,10,13,11,14,9,16	169,215,904,687,703,702,760,1353,532,424	new
83,84,128,265,374,378,434,463,466,500	0,2,5,7,12	6,1,3,8,13,4,11,10,9,16	169,797,800,998,1063,448,1078,730,537,424	new
83,84,128,348,376,381,395,468,518,526	0,2,5,7,12	3,1,6,8,13,9,4,10,11,16	169,805,863,855,938,448,985,982,681,424	new
83,84,132,141,233,243,335,377,424,654	0,2,6,8,12	3,1,7,5,4,16,14,9,11,10	169,170,514,760,1424,715,613,471,395,219	new
83,84,132,181,186,364,445,466,496,518	1,2,6,7,12	3,8,0,5,4,13,16,11,14,10	169,170,456,453,903,797,896,746,644,219	new
83,84,132,196,229,465,466,471,491,558	1,2,6,7,12	5,0,3,8,10,15,11,14,13,16	169,219,1141,814,844,796,797,381,387,424	new
83,84,132,196,364,395,463,466,507,532	1,2,6,7,12	5,0,3,8,10,14,9,11,13,16	169,219,644,681,785,806,879,994,387,424	new
83,84,132,265,332,503,507,535,629,631	0,2,5,6,12	1,7,3,8,14,10,4,11,9,16	169,1088,1307,1309,1020,438,879,874,537,424	new
83,84,132,265,335,347,434,503,535,663	0,2,5,6,12	7,1,3,8,14,4,11,10,9,16	169,736,793,1353,1020,438,1065,730,537,424	new
83,84,132,265,335,347,503,507,535,631	0,2,5,6,12	7,1,3,8,14,4,10,11,9,16	169,736,793,1309,1020,438,1065,910,537,424	new
83,84,132,265,507,515,627,628,631,650	0,2,6,7,12	5,1,3,8,10,15,4,11,9,16	169,219,1344,1348,1421,1426,904,910,537,424	new
83,84,132,332,468,503,507,629,631,650	0,2,5,6,12	1,7,3,8,14,10,4,9,11,16	169,1088,1307,1309,1329,438,879,874,801,424	new
83,84,132,335,347,468,503,507,631,650	0,2,5,6,12	7,1,3,8,14,4,10,9,11,16	169,736,793,1309,1329,438,1065,910,801,424	new
83,84,132,350,466,468,515,628,629,650	0,2,6,7,12	5,1,3,8,10,15,9,4,11,16	169,219,1344,630,1387,1426,904,806,801,424	new
83,84,132,377,390,393,395,622,627,628	0,2,6,8,12	3,1,7,5,4,13,9,14,15,10	169,170,809,845,1421,677,658,1426,1300,219	new
83,84,132,468,507,515,628,629,631,650	0,2,6,7,12	5,1,3,8,10,15,4,9,11,16	169,219,1344,1348,1387,1426,904,910,801,424	new
83,84,149,157,260,265,322,347,500,501	0,1,5,6,8	3,2,12,7,4,15,11,16,13,14	169,170,1097,595,537,1078,1042,238,247,736	new
83,84,155,347,426,429,465,480,625,628	0,1,3,6,12	7,2,5,8,14,10,4,13,11,16	169,736,1306,1303,722,719,244,826,796,424	new
83,84,186,221,260,426,465,466,477,480	0,1,6,7,12	2,3,5,8,13,4,11,10,9,16	169,806,808,1002,1067,453,373,719,532,424	new
83,84,229,249,446,465,466,477,503,664	0,1,5,6,12	2,3,7,8,13,4,15,11,9,16	169,806,808,747,381,1411,1067,874,521,424	new
83,84,229,265,446,463,466,477,503,664	0,1,5,6,12	2,7,3,8,13,4,15,11,9,16	169,806,785,747,381,1411,1067,874,537,424	new
83,84,260,263,347,377,404,424,628,663	0,2,3,6,12	7,1,5,8,14,15,10,4,9,16	169,736,725,1426,760,1353,692,535,532,424	new
83,84,265,463,465,469,488,496,515,561	1,2,6,7,12	3,0,5,8,15,10,9,14,11,16	169,1071,1144,812,839,785,894,852,796,424	new
83,84,446,463,466,468,477,503,594,664	0,1,5,6,12	2,7,3,8,13,4,15,9,11,16	169,806,785,747,1217,1411,1067,874,801,424	new
83,89,128,157,332,335,347,350,569,629	0,2,3,5,8	1,12,7,6,11,13,15,14,16,10	169,309,625,1387,1153,175,610,613,630,215	new
83,89,128,157,332,335,347,560,622,629	0,2,3,5,8	1,12,7,6,11,13,15,16,14,10	169,309,625,1387,1158,175,610,613,1297,215	new
83,89,148,152,157,167,249,265,426,505	2,5,7,8,12	1,6,0,3,11,10,14,13,4,15	169,309,411,260,477,401,930,941,1103,1071	new
83,89,196,243,258,263,376,381,463,477	0,5,7,8,12	3,2,1,6,11,14,9,4,10,16	169,307,822,175,535,530,785,662,657,499	new
83,89,243,260,265,283,311,376,503,560	2,5,7,8,12	3,0,1,6,15,13,14,11,10,16	169,1071,1065,1055,1097,477,1143,1046,657,499	new
83,124,142,143,196,243,408,477,480,496	0,1,5,7,12	3,8,2,6,11,15,4,14,13,16	169,307,1002,1067,696,231,232,211,896,499	new
83,124,143,148,194,265,332,378,507,526	0,2,7,8,12	1,5,6,3,14,16,9,11,13,15	169,1088,998,934,237,232,211,402,879,1071	new
83,124,143,148,229,265,332,378,488,507	0,2,7,8,12	1,5,6,3,14,16,11,9,13,15	169,1088,998,937,237,232,211,399,879,1071	new
83,124,143,229,246,283,315,466,564,594	1,3,7,8,12	5,2,0,6,16,15,4,9,11,13	169,504,989,1046,1217,1208,417,419,381,797	new
83,126,132,243,335,347,388,424,503,505	0,1,3,7,12	5,8,2,6,10,13,9,15,14,16	169,219,874,941,715,736,793,213,897,499	new
83,128,131,148,196,332,461,468,518,651	0,2,5,7,12	3,8,1,6,11,16,14,13,4,10	169,307,801,985,610,237,1374,873,218,215	new
83,128,142,150,155,157,196,399,422,532	0,2,7,8,12	3,5,1,6,11,14,16,13,9,10	169,307,984,713,247,244,231,865,271,215	new
83,128,142,152,154,249,265,500,607,663	1,2,5,7,12	3,0,8,6,15,4,14,16,13,10	169,1071,1103,452,243,241,1266,1346,870,215	new
83,128,142,196,408,477,480,515,634,670	0,1,5,7,12	3,8,2,6,11,15,4,14,13,10	169,307,1002,1067,696,231,1356,1312,904,215	new
83,128,142,196,408,477,500,503,634,670	0,1,5,7,12	3,2,8,6,11,15,4,14,13,10	169,307,874,1067,696,231,1356,1312,870,215	new
83,128,150,186,378,416,471,527,532,594	0,1,2,5,8	6,12,3,7,10,15,14,9,13,11	169,215,239,707,978,814,1217,659,984,294	new
83,128,152,186,199,332,350,501,560,569	0,2,3,5,8	1,12,7,6,14,13,15,11,16,10	169,1088,453,241,1153,1158,871,314,630,215	new
83,128,196,283,376,387,532,591,628,629	0,2,5,8,12	3,7,1,6,11,13,4,14,16,10	169,307,984,988,1190,555,1426,1387,657,215	new
83,128,196,283,387,532,594,628,629,637	0,2,5,8,12	3,7,1,6,11,13,4,16,14,10	169,307,984,988,1194,555,1426,1387,1315,215	new
83,128,196,283,532,594,622,628,637,664	0,2,5,8,12	3,7,1,6,11,13,16,4,14,10	169,307,984,1349,1194,555,1426,1300,1315,215	new
83,128,229,233,335,377,458,459,468,477	1,2,3,7,12	5,8,0,6,13,9,11,4,16,10	169,801,822,399,395,888,979,613,658,215	new
83,128,243,265,395,463,515,617,618,637	0,2,5,7,12	3,1,8,6,15,10,9,4,11,16	169,1071,1284,1285,1382,448,894,785,681,499	new
83,128,243,265,463,488,515,606,618,637	0,2,5,7,12	3,8,1,6,15,10,9,4,11,16	169,1071,1274,1285,1382,448,894,785,839,499	new
83,128,246,311,315,350,441,480,495,617	1,2,3,7,12	5,0,8,6,16,13,11,4,14,10	169,504,1002,851,587,583,742,630,1284,215	new
83,128,246,335,347,387,424,500,637,663	0,1,3,7,12	5,2,8,6,16,14,9,15,13,10	169,504,988,1353,793,736,715,1315,870,215	new
83,128,265,376,461,463,466,480,617,621	0,2,5,7,12	3,8,1,6,15,11,9,10,4,13	169,1071,1002,1289,1296,448,938,873,800,797	new
83,132,142,155,178,199,233,265,311,399	0,1,6,8,12	3,2,7,5,15,16,13,9,11,10	169,1071,1055,687,452,386,291,470,395,219	new
83,132,142,155,178,233,265,311,500,521	0,1,6,8,12	3,2,7,5,15,16,9,13,11,10	169,1071,1055,1057,452,386,291,1078,395,219	new
83,132,142,167,228,249,265,445,496,515	1,2,6,7,12	3,0,8,5,15,4,14,16,11,10	169,1071,1103,452,327,904,896,993,380,219	new
83,132,157,364,422,446,465,491,496,512	2,3,7,8,12	1,6,0,5,11,13,15,16,14,10	169,309,996,747,844,796,852,1024,644,219	new
83,132,181,186,364,445,468,496,515,518	1,2,6,7,12	3,8,0,5,13,4,16,11,14,10	169,805,456,453,903,904,896,746,644,219	new
83,132,181,224,469,505,507,523,532,535	1,2,6,7,12	5,3,0,8,10,15,9,16,13,11	169,219,1010,812,922,941,879,994,372,288	new
83,132,186,196,364,445,446,468,515,518	1,2,6,7,12	3,8,0,5,13,16,4,11,14,10	169,805,387,453,903,904,747,746,644,219	new
83,132,191,192,194,196,224,466,471,480	1,2,7,8,12	5,3,0,6,10,11,15,14,9,13	169,219,415,814,301,300,307,1002,304,797	new
83,132,196,364,378,463,468,507,515,532	1,2,6,7,12	3,8,0,5,13,16,11,9,14,10	169,805,387,994,879,894,785,659,644,219	new
83,132,243,364,465,466,488,491,496,594	2,3,7,8,12	5,0,1,6,10,14,15,13,11,16	169,219,644,896,806,808,844,1217,839,499	new
83,132,315,387,468,471,480,535,622,663	0,1,2,6,12	3,8,7,5,13,9,4,11,15,10	169,805,826,814,1010,1346,669,587,1300,219	new
83,132,364,376,377,461,463,466,624,631	1,3,6,8,12	2,7,0,5,13,4,15,16,14,10	169,806,785,780,657,658,1348,1428,644,219	new
83,141,152,157,186,233,422,466,515,663	0,1,3,8,12	6,2,5,7,13,15,9,14,10,11	169,797,894,713,247,241,230,1353,395,294	new
83,142,154,249,265,466,500,607,629,663	1,2,5,7,12	3,0,8,6,15,4,14,16,10,13	169,1071,1103,452,243,1387,1266,1346,870,797	new
83,142,181,228,335,347,389,569,591,663	0,2,3,6,12	7,1,5,8,14,4,15,9,10,11	169,736,793,671,1164,1353,1190,452,380,288	new
83,143,166,229,246,315,466,564,591,594	1,3,7,8,12	5,2,0,6,16,15,9,4,11,13	169,504,989,1234,1217,1208,417,383,381,797	new
83,143,168,178,186,229,233,246,387,466	0,1,6,8,12	5,2,3,7,16,14,9,13,10,11	169,504,988,395,417,306,291,806,399,294	new
83,148,152,154,157,167,265,426,503,505	2,5,7,8,12	1,6,0,3,11,10,14,4,13,15	169,309,411,260,261,401,930,941,1065,1071	new
83,148,155,181,347,376,389,468,625,629	1,3,6,8,12	5,0,2,7,13,4,11,9,16,14	169,801,288,386,411,938,1307,1427,717,736	new
83,149,157,181,347,424,468,569,607,654	1,3,6,8,12	5,0,2,7,13,4,9,10,15,14	169,801,288,309,355,1164,1266,1424,715,736	new
83,152,154,157,186,233,422,466,496,663	0,1,3,8,12	6,2,5,7,13,9,15,14,10,11	169,797,852,713,247,241,243,1353,395,294	new
83,155,157,466,496,606,618,622,627,637	0,3,5,7,12	1,8,2,6,11,10,15,14,9,13	169,309,386,1274,1285,1382,1297,1305,852,797	new
83,155,157,466,496,618,622,628,637,651	0,3,5,7,12	1,8,6,2,11,10,14,15,9,13	169,309,386,1330,1285,1382,1297,1306,852,806	new
83,155,181,246,311,376,381,441,461,606	0,2,6,7,12	5,3,1,8,16,9,15,14,10,11	169,504,583,742,780,657,662,1254,386,288	new
83,155,181,466,496,558,606,618,622,637	0,3,5,7,12	6,2,1,8,13,9,14,15,10,11	169,797,852,1220,1297,1382,1285,1274,386,288	new
83,155,181,466,496,618,622,637,650,651	0,3,5,7,12	2,6,1,8,13,9,15,14,10,11	169,806,852,1329,1297,1382,1285,1330,386,288	new
83,157,178,181,347,424,465,466,515,637	0,1,3,6,12	2,7,5,8,13,10,15,4,16,11	169,806,894,1382,725,736,247,281,796,288	new
83,157,178,463,466,495,515,606,618,637	0,3,5,7,12	1,8,6,2,11,4,16,10,15,13	169,309,291,785,987,1254,1294,1315,894,806	new
83,157,178,465,466,495,515,606,618,637	0,3,5,7,12	1,8,2,6,11,4,16,10,15,13	169,309,291,808,987,1254,1294,1315,894,797	new
83,157,246,364,422,446,463,466,496,512	2,3,7,8,12	1,6,0,5,11,13,15,10,14,16	169,309,996,747,785,806,852,1024,1003,504	new
83,181,224,265,469,495,505,507,523,535	1,2,6,7,12	3,5,0,8,15,10,9,16,13,11	169,1071,1010,812,922,876,879,851,372,288	new
83,181,228,315,332,335,569,591,607,663	0,2,3,6,12	1,7,5,8,14,4,9,15,10,11	169,1088,793,1266,1164,1353,1190,587,380,288	new
83,181,229,347,422,445,477,480,496,628	0,1,5,6,12	7,2,3,8,14,10,13,4,15,11	169,736,1306,852,993,996,381,1067,1002,288	new
83,181,243,335,347,377,395,422,466,518	0,1,3,7,12	2,5,6,8,13,15,9,14,16,11	169,806,985,713,736,793,760,514,681,288	new
83,181,243,335,347,377,422,465,466,515	0,1,3,7,12	2,6,5,8,13,15,9,14,16,11	169,806,894,713,736,793,760,514,796,288	new
83,181,246,348,367,387,389,393,480,495	0,1,2,6,12	5,7,3,8,16,13,4,10,15,11	169,504,626,647,677,671,669,851,1002,288	new
83,181,388,395,466,500,622,624,631,637	1,3,5,7,12	2,0,6,8,13,15,10,14,16,11	169,806,1078,1382,1300,1309,1302,670,681,288	new
83,186,229,283,463,466,488,569,607,628	0,2,5,8,12	6,1,3,7,13,4,16,14,10,11	169,797,800,937,555,1426,1153,1255,399,294	new
83,186,229,315,466,564,566,571,609,664	0,1,3,6,12	2,8,5,7,13,14,9,10,15,11	169,806,399,1349,1148,1155,1150,587,1282,294	new
83,191,196,434,446,461,468,480,532,621	0,2,6,7,12	3,8,1,5,11,15,9,16,14,13	169,307,1002,1289,747,780,730,300,994,801	new
83,192,228,265,454,465,468,503,561,678	1,2,7,8,12	3,0,6,5,15,10,14,11,4,13	169,1071,1144,1404,301,763,1065,380,796,801	new
83,196,229,347,422,445,446,477,480,628	0,1,5,6,12	3,8,2,7,11,15,4,13,10,14	169,307,1002,1067,381,996,993,902,1306,736	new
83,196,347,388,396,434,452,468,503,627	1,2,6,8,12	5,0,3,7,13,9,16,11,10,14	169,801,307,874,880,868,897,759,1305,736	new
83,196,347,388,396,452,454,468,503,664	1,2,6,8,12	5,0,3,7,13,9,16,10,11,14	169,801,307,874,877,868,897,759,1349,736	new
83,196,376,461,463,466,480,617,621,637	0,2,5,7,12	3,8,1,6,11,15,9,10,4,13	169,307,1002,1289,1296,1382,938,873,800,797	new
83,228,246,260,265,446,465,466,503,515	1,2,6,7,12	3,0,8,5,15,13,14,11,9,16	169,1071,1065,380,796,806,894,902,532,504	new
83,233,265,387,468,469,477,495,535,634	0,1,2,6,12	3,7,8,5,15,10,11,4,9,13	169,1071,1312,851,669,431,1010,812,822,801	new
83,243,260,263,283,311,376,468,503,560	2,5,7,8,12	3,0,1,6,13,15,14,11,10,16	169,805,1065,1055,1097,962,1143,1046,657,499	new
83,243,335,376,377,468,480,495,526,629	1,2,5,7,12	3,8,0,6,13,9,14,4,10,16	169,805,826,987,982,657,1387,613,658,499	new
83,246,260,263,347,376,377,404,424,663	0,2,3,6,12	5,8,1,7,16,9,4,10,15,14	169,504,532,535,692,1353,760,938,725,736	new
83,246,265,378,381,507,621,628,637,654	0,2,7,8,12	3,6,1,5,15,13,10,4,14,16	169,1071,879,1315,1306,1293,1334,855,998,504	new
83,246,311,396,459,466,518,526,617,621	0,2,7,8,12	5,3,1,6,16,9,10,4,14,13	169,504,583,684,774,1284,1293,934,903,797	new
83,249,265,332,505,523,569,571,628,637	2,5,7,8,12	1,6,0,3,14,10,16,13,4,15	169,1088,1315,1306,1164,1196,932,941,1103,1071	new
83,249,265,389,408,449,466,515,625,628	1,5,7,8,12	2,6,0,3,13,10,16,14,4,15	169,806,904,1426,671,1303,923,942,1103,1071	new
83,265,332,503,505,523,571,628,629,637	2,5,7,8,12	1,6,0,3,14,10,16,4,13,15	169,1088,1315,1306,1307,1196,932,941,1065,1071	new
83,265,348,390,468,512,617,621,624,627	0,2,6,8,12	3,1,7,5,15,10,11,4,16,13	169,1071,1284,1293,1428,1024,1305,672,626,801	new
83,265,377,395,452,468,617,627,631,654	0,2,6,8,12	3,1,7,5,15,10,14,9,4,13	169,1071,1284,1334,658,1348,1421,840,681,801	new
83,332,376,377,424,449,468,469,477,663	0,2,3,6,12	1,7,8,5,14,15,10,4,9,13	169,1088,725,938,760,1353,923,812,822,801	new
83,332,422,466,518,550,558,561,606,628	0,3,6,8,12	1,5,7,2,14,15,10,16,11,13	169,1088,996,1426,1241,1220,1185,1254,985,806	new
83,332,424,466,495,558,560,561,606,628	0,3,6,8,12	1,7,5,2,14,15,10,11,16,13	169,1088,725,1426,1158,1220,1185,1254,987,806	new
83,347,377,393,466,515,621,628,637,654	0,2,5,8,12	6,1,3,7,13,15,10,4,16,14	169,797,904,1315,1424,1289,1426,760,702,736	new
84,89,154,260,381,468,518,526,629,654	0,1,5,7,12	2,8,6,4,15,3,14,9,10,13	170,1097,477,261,1307,1334,855,934,903,805	new
84,89,260,381,468,518,560,606,629,654	0,1,5,7,12	2,8,6,4,15,3,9,14,10,13	170,1097,477,1143,1307,1334,855,1274,903,805	new
84,124,126,143,155,181,196,367,503,678	0,1,5,7,12	4,2,6,8,11,15,3,16,14,13	170,307,874,1404,647,213,211,232,244,456	new
84,124,143,152,166,186,196,477,512,627	0,1,6,8,12	4,2,5,7,11,14,9,16,13,10	170,307,822,294,401,417,383,1421,890,211	new
84,124,143,152,166,186,196,496,532,627	0,1,6,8,12	4,5,2,7,11,14,9,16,13,10	170,307,984,294,401,417,383,1421,896,211	new
84,124,143,157,166,186,196,364,532,627	0,1,6,8,12	4,5,2,7,11,14,9,13,16,10	170,307,984,294,309,417,383,1421,644,211	new
84,124,194,229,335,495,607,629,634,637	0,1,6,8,12	5,2,4,7,11,16,14,3,15,10	170,304,851,399,1255,613,1387,1315,1312,211	new
84,124,228,229,233,246,315,500,501,670	0,1,6,8,12	2,5,4,7,16,9,13,3,11,10	170,513,587,380,1388,1042,1078,395,399,211	new
84,124,246,348,376,381,388,389,424,624	1,4,6,8,12	2,0,5,7,16,11,3,9,14,10	170,513,863,855,938,725,671,670,1302,211	new
84,124,378,395,422,550,570,571,627,629	0,2,5,8,12	1,6,4,7,13,11,3,16,14,10	170,809,998,996,1154,1155,1387,1241,1305,211	new
84,124,395,422,463,550,569,570,571,627	0,2,5,8,12	1,6,4,7,13,3,11,16,14,10	170,809,800,996,1154,1155,1153,1241,1305,211	new
84,124,422,466,468,569,570,571,628,631	0,2,5,8,12	4,6,1,7,13,3,11,16,14,10	170,805,797,996,1154,1155,1153,1426,1309,211	new
84,124,422,468,532,570,571,628,629,631	0,2,5,8,12	4,6,1,7,13,11,3,16,14,10	170,805,994,996,1154,1155,1387,1426,1309,211	new
84,131,150,159,243,376,461,463,465,466	0,5,7,8,12	1,6,4,2,16,14,15,9,10,13	170,514,938,873,443,239,218,800,797,808	new
84,132,194,196,246,364,395,463,466,532	0,1,5,6,12	2,8,7,4,16,14,10,15,13,11	170,513,438,1003,809,800,797,304,984,307	new
84,142,167,168,260,381,395,408,426,670	0,5,7,8,12	1,6,4,2,13,9,16,11,14,15	170,809,855,1356,306,327,452,942,930,1097	new
84,142,178,194,221,399,465,500,526,591	1,6,7,8,12	2,0,4,5,13,3,15,16,9,11	170,808,291,1078,982,1234,231,865,359,304	new
84,142,178,196,221,399,465,501,526,591	1,6,7,8,12	2,0,5,4,13,3,15,16,9,11	170,808,291,1042,982,1234,231,865,359,307	new
84,142,194,249,332,495,518,571,591,629	1,4,6,7,12	0,8,2,5,15,14,10,9,16,11	170,1103,452,1190,1196,1307,1088,903,851,304	new
84,154,167,168,260,395,408,426,488,670	0,5,7,8,12	1,6,4,2,13,16,9,11,14,15	170,809,937,1356,306,327,243,942,930,1097	new
84,154,260,395,454,463,503,518,558,560	0,5,7,8,12	1,6,4,2,13,3,14,9,11,15	170,809,800,903,1220,1158,243,877,874,1097	new
84,154,265,395,454,463,503,527,558,560	0,5,7,8,12	1,6,2,4,13,3,14,9,11,15	170,809,800,949,1220,1158,243,877,874,1071	new
84,155,166,167,194,265,495,515,526,634	0,1,6,8,12	4,7,2,5,15,10,13,9,16,11	170,1071,1312,904,327,383,386,934,851,304	new
84,155,166,167,196,260,426,477,628,663	0,1,6,8,12	2,5,7,4,15,10,13,9,16,11	170,1097,1346,1426,327,383,386,930,822,307	new
84,155,166,181,265,311,441,550,627,631	0,1,5,7,12	4,2,6,8,15,16,9,3,14,13	170,1071,1055,1058,1133,1309,1305,259,244,456	new
84,155,168,178,260,381,395,434,500,670	0,5,7,8,12	1,6,4,2,13,9,16,11,10,15	170,809,855,1356,306,291,386,880,870,1097	new
84,155,181,246,311,374,376,381,441,606	0,1,5,7,12	2,4,6,8,16,15,9,10,14,13	170,513,1055,1058,1063,938,855,1274,244,456	new
84,157,178,194,347,422,424,465,466,496	0,1,4,6,12	2,7,8,5,13,10,15,3,16,11	170,808,896,996,725,736,247,281,797,304	new
84,166,178,181,265,311,350,441,627,631	0,1,5,7,12	4,2,6,8,15,16,9,14,3,13	170,1071,1055,1058,1099,1309,1305,259,281,456	new
84,166,178,181,265,376,461,500,627,654	0,1,5,7,12	4,2,6,8,15,10,9,14,3,13	170,1071,870,873,938,1334,1305,259,281,456	new
84,181,186,260,378,518,526,560,570,663	1,4,6,7,12	2,5,0,8,15,10,3,11,16,13	170,1097,1346,1143,1218,998,934,903,453,456	new
84,181,196,228,395,445,463,468,477,503	0,1,5,6,12	4,7,2,8,11,16,15,10,14,13	170,307,822,1065,805,809,800,993,434,456	new
84,181,246,311,350,376,381,396,501,526	0,1,5,7,12	2,4,6,8,16,15,14,9,10,13	170,513,1055,868,1099,938,855,934,871,456	new
84,181,246,311,350,376,381,441,501,606	0,1,5,7,12	2,4,6,8,16,15,9,14,10,13	170,513,1055,1058,1099,938,855,1274,871,456	new
84,181,246,348,367,387,389,480,495,512	1,5,6,7,12	2,0,4,8,16,11,3,14,9,13	170,513,863,861,1024,717,988,987,826,456	new
84,194,364,459,463,465,496,512,627,654	0,4,6,8,12	2,7,1,5,13,3,15,10,16,11	170,808,785,774,1334,1305,1003,1024,852,304	new
84,229,243,260,315,429,458,466,495,570	0,4,5,6,12	1,8,7,2,16,11,13,9,14,15	170,514,806,399,851,587,773,1218,748,1097	new
84,243,246,260,378,422,446,466,468,507	0,4,5,6,12	1,8,7,2,16,11,9,10,13,15	170,514,806,879,805,513,659,996,747,1097	new
84,246,265,480,535,607,621,622,629,663	0,1,6,8,12	2,7,5,4,16,11,14,3,10,15	170,513,826,1293,1255,1353,1387,1300,1010,1071	new
84,246,265,495,607,621,622,629,634,663	0,1,6,8,12	2,5,7,4,16,11,14,3,10,15	170,513,851,1293,1255,1353,1387,1300,1312,1071	new
84,246,348,387,389,395,468,480,495,512	1,5,6,7,12	2,0,8,4,16,11,3,14,9,13	170,513,863,809,1024,717,988,987,826,805	new
84,265,367,395,622,627,628,634,663,664	0,2,6,8,12	1,5,7,4,13,9,14,3,10,15	170,809,861,1421,1411,1346,1426,1300,1312,1071	new
84,265,390,395,535,622,627,628,663,664	0,2,6,8,12	1,7,5,4,13,9,14,3,10,15	170,809,845,1421,1411,1346,1426,1300,1010,1071	new
89,124,126,154,159,166,228,260,311,622	0,2,7,9,12	1,6,3,4,10,11,15,13,8,16	175,243,443,1300,213,211,259,434,583,532	new
89,128,141,143,148,167,350,429,441,564	2,4,6,9,12	1,0,3,7,11,14,13,15,5,10	175,327,237,448,1099,1058,722,1148,232,230	new
89,128,150,154,196,468,477,507,515,532	2,3,7,9,12	1,6,0,4,10,5,14,15,8,13	175,243,239,215,904,879,805,984,307,822	new
89,131,150,199,367,381,500,558,560,627	0,2,4,9,12	1,6,3,7,15,8,13,14,16,11	175,1158,1220,1305,647,662,218,271,870,314	new
89,141,142,154,429,446,454,505,569,628	0,2,6,9,12	3,1,4,7,15,11,16,8,5,10	175,1153,1426,747,748,941,763,261,231,230	new
89,141,142,166,429,446,454,505,560,628	0,2,6,9,12	1,3,4,7,15,11,16,8,5,10	175,1158,1426,747,748,941,763,259,231,230	new
89,141,142,228,429,441,503,505,550,560	0,2,6,9,12	1,3,4,7,15,8,16,11,5,10	175,1158,1241,742,748,941,1065,434,231,230	new
89,141,229,335,422,424,477,629,637,664	0,1,3,6,12	4,2,9,7,13,14,5,8,15,10	175,822,1349,399,713,715,1315,1307,793,230	new
89,141,233,246,260,332,335,495,500,526	1,3,6,7,12	0,2,9,4,14,5,15,13,8,16	175,610,613,471,395,1078,982,987,504,532	new
89,141,260,332,335,387,389,424,637,663	0,1,3,6,12	4,2,9,7,16,14,8,5,15,10	175,532,1353,988,717,715,1315,1088,793,230	new
89,141,332,335,422,424,477,532,637,664	0,1,3,6,12	4,2,9,7,13,14,8,5,15,10	175,822,1349,984,713,715,1315,1088,793,230	new
89,148,260,332,335,429,469,488,550,625	1,3,6,9,12	4,0,2,7,16,10,14,11,8,13	175,532,722,1303,1133,793,1088,411,839,812	new
89,148,263,416,422,466,468,477,526,527	0,2,3,7,12	1,6,9,4,16,10,11,5,8,13	175,535,707,978,982,411,996,797,801,822	new
89,149,159,167,212,315,332,335,422,628	4,6,7,9,12	0,2,3,1,14,5,13,16,15,11	175,610,613,989,251,335,355,996,1426,327	new
89,149,159,167,212,332,335,389,622,628	4,6,7,9,12	0,2,3,1,14,5,16,13,15,11	175,610,613,1297,251,335,355,671,1426,327	new
89,152,157,168,332,426,429,445,521,564	1,2,6,7,9	0,12,4,3,14,15,5,13,16,10	175,610,247,262,746,748,1208,1057,719,241	new
89,152,157,196,229,246,260,387,477,480	0,1,6,7,12	3,2,9,4,10,5,11,14,8,16	175,241,247,387,826,822,399,988,504,532	new
89,152,191,477,518,532,606,621,634,673	0,2,6,7,12	3,9,1,4,10,14,11,5,16,13	175,241,1289,1390,1254,985,984,412,1360,822	new
89,154,332,335,441,458,505,521,663,664	3,4,6,9,12	0,2,7,1,14,5,13,16,15,10	175,610,613,979,742,920,941,1349,1353,243	new
89,154,416,422,466,468,477,488,526,527	0,2,3,7,12	1,6,9,4,10,16,11,5,8,13	175,243,707,978,982,839,996,797,801,822	new
89,159,167,178,186,461,466,468,532,664	2,3,7,9,12	0,4,6,1,13,15,8,14,10,11	175,294,1349,984,805,797,281,873,443,327	new
89,159,167,186,196,461,463,466,468,532	2,3,7,9,12	0,4,6,1,13,8,15,14,10,11	175,294,307,984,805,797,800,873,443,327	new
89,159,186,233,311,441,500,503,560,663	2,3,4,9,12	0,6,7,1,13,11,16,5,10,15	175,294,395,443,1058,1055,1065,1078,1353,1158	new
89,167,388,395,469,500,512,535,631,637	0,2,4,6,12	1,3,9,7,11,14,5,10,8,13	175,327,1382,1078,1020,1309,897,890,681,812	new
89,186,199,233,311,396,408,449,477,664	1,2,6,9,12	0,4,3,7,13,15,8,16,10,11	175,294,1349,822,942,923,868,1055,431,314	new
89,186,212,404,426,521,523,569,609,663	1,2,4,9,12	0,6,7,3,13,16,10,5,11,15	175,294,1282,442,932,930,920,957,1346,1153	new
89,194,463,469,488,495,532,569,607,664	0,1,4,6,12	3,9,2,7,15,10,11,5,8,13	175,1153,1266,1411,994,402,987,785,839,812	new
89,196,258,263,468,477,507,532,617,634	2,3,7,9,12	1,6,0,4,16,5,14,15,8,13	175,535,530,1284,1312,879,805,984,307,822	new
89,199,260,335,347,422,449,452,488,663	0,1,3,6,9	4,2,12,7,16,14,10,5,15,11	175,532,1353,923,840,839,996,625,613,314	new
89,233,246,260,332,350,374,387,465,535	1,2,3,7,12	0,6,9,4,14,10,5,13,11,16	175,610,655,630,1010,431,669,513,796,532	new
89,246,258,260,378,422,465,515,558,560	0,2,3,7,12	1,6,9,4,15,8,5,13,11,16	175,1158,1220,967,904,996,659,513,796,532	new
89,249,332,378,395,408,449,452,469,561	1,2,6,9,12	0,4,3,7,14,10,8,15,16,13	175,610,659,681,840,923,942,1103,1144,812	new
89,258,263,468,477,507,532,617,621,664	2,3,7,9,12	1,6,0,4,16,5,14,8,15,13	175,535,530,1284,1293,879,805,984,1349,822	new
89,260,378,395,422,465,496,515,558,560	0,2,3,7,12	1,6,9,4,15,8,13,5,11,16	175,1158,1220,852,904,996,659,681,796,532	new
89,260,500,558,560,606,617,618,627,634	0,2,7,9,12	1,6,3,4,15,8,13,5,14,16	175,1158,1220,1305,1312,1274,1285,1296,1078,532	new
89,332,350,378,469,488,501,550,618,625	1,3,6,9,12	0,4,2,7,14,10,16,11,8,13	175,610,659,1303,1133,1099,1294,1042,839,812	new
89,332,469,570,571,594,627,629,637,664	1,4,6,9,12	0,3,2,7,14,16,10,5,15,13	175,610,1382,1307,1305,1349,1154,1217,1155,812	new
124,126,131,181,194,196,461,501,532,670	0,4,5,10,12	1,6,8,2,3,7,13,16,15,11	211,213,218,873,1388,1042,288,307,994,402	new
124,126,154,159,228,229,260,263,311,622	0,2,5,10,12	1,6,8,4,3,14,13,16,9,11	211,213,1300,443,243,535,532,583,434,399	new
124,126,155,157,422,466,496,606,617,651	0,5,8,10,12	1,6,4,2,3,15,11,16,7,13	211,213,1296,1374,1274,386,309,996,797,896	new
124,126,159,166,178,181,194,196,532,622	0,4,5,10,12	1,6,8,2,3,14,13,16,15,11	211,213,1300,443,383,291,288,307,994,402	new
124,126,178,181,364,395,396,426,500,512	0,5,6,10,12	1,8,4,2,3,13,11,15,14,16	211,213,868,930,870,281,456,809,1024,644	new
124,126,196,221,224,466,468,518,550,558	0,4,5,10,12	1,2,6,8,3,14,9,15,16,11	211,213,1133,1141,985,806,801,307,359,372	new
124,128,148,155,166,265,311,350,441,631	0,2,5,10,12	1,8,6,4,14,3,15,11,16,9	211,1309,1099,448,237,244,537,583,742,259	new
124,131,258,376,424,496,523,570,627,664	0,1,5,6,8	2,12,10,4,13,3,15,9,11,14	211,896,530,273,938,725,922,1154,1349,1305	new
124,131,376,424,446,496,570,571,594,627	0,1,5,6,8	2,10,12,4,13,15,3,9,11,14	211,896,747,273,938,725,1155,1154,1194,1305	new
124,131,376,424,463,496,523,570,594,627	0,1,5,6,8	2,10,12,4,13,3,15,9,11,14	211,896,785,273,938,725,922,1154,1194,1305	new
124,131,376,424,496,570,571,627,650,664	0,1,5,6,8	2,12,10,4,13,15,3,9,11,14	211,896,1344,273,938,725,1155,1154,1349,1305	new
124,141,143,196,229,468,469,477,532,664	0,1,2,6,12	4,10,5,8,11,14,7,13,3,9	211,399,1349,984,801,307,822,812,230,232	new
124,142,143,332,364,376,378,422,461,637	0,1,5,10,12	2,6,4,8,16,7,13,15,3,9	211,644,659,996,1088,1315,657,780,231,232	new
124,143,148,152,157,229,332,501,569,651	0,5,6,10,12	4,1,2,8,11,3,14,15,7,9	211,399,401,1164,871,1374,237,610,247,232	new
124,143,364,378,461,463,488,501,515,650	0,4,5,10,12	2,6,1,8,16,7,13,15,14,9	211,644,659,839,1042,780,785,894,1329,232	new
124,143,387,466,468,471,503,532,561,627	0,1,2,6,12	4,5,10,8,14,11,7,16,13,9	211,1305,988,984,806,805,1065,1144,814,232	new
124,148,166,167,181,224,243,465,480,488	0,1,5,6,10	4,2,12,8,9,3,15,14,16,11	211,259,260,411,839,499,808,1002,288,372	new
124,148,166,178,388,396,441,461,501,651	0,5,6,10,12	1,8,2,4,13,3,14,15,7,9	211,897,868,1058,873,1374,237,871,281,259	new
124,148,335,388,424,550,627,629,631,637	0,2,5,8,10	1,12,6,4,13,15,7,3,16,14	211,897,1348,1387,1382,237,715,613,1241,1305	new
124,148,422,496,606,628,631,634,637,651	0,4,5,10,12	1,6,8,2,14,16,7,3,15,13	211,1309,1426,1382,1390,1254,1330,411,996,896	new
124,154,166,224,367,387,404,408,627,678	0,2,6,10,12	4,1,5,8,9,3,13,7,15,11	211,259,261,957,942,1404,647,1421,669,372	new
124,155,159,166,181,194,196,532,622,631	0,4,5,10,12	1,6,8,2,14,3,13,16,15,11	211,1309,1300,443,383,386,288,307,994,402	new
124,155,166,181,194,224,228,265,495,535	0,1,5,6,12	2,10,8,4,11,13,14,16,7,9	211,402,987,380,288,372,1020,537,244,259	new
124,155,168,399,416,417,426,512,550,670	0,1,4,8,10	2,6,12,5,9,15,3,11,16,13	211,262,1388,386,930,865,951,775,1133,890	new
124,155,186,229,388,452,518,526,606,634	0,2,5,6,12	1,10,8,4,13,16,11,14,7,15	211,897,759,399,294,985,982,386,1274,1312	new
124,155,229,381,388,452,495,526,532,627	0,2,5,6,12	1,10,8,4,13,16,11,7,15,14	211,897,759,399,984,987,982,386,855,1305	new
124,155,229,381,388,452,518,526,532,634	0,2,5,6,12	1,10,8,4,13,16,11,7,14,15	211,897,759,399,984,985,982,386,855,1312	new
124,155,367,381,500,501,503,512,561,634	0,1,2,6,12	4,8,10,5,15,14,7,9,16,13	211,1312,855,386,1042,1078,1065,1144,647,890	new
124,157,159,166,168,388,422,459,515,634	0,4,5,10,12	1,6,8,2,13,3,14,16,7,9	211,897,888,443,383,1390,894,713,247,262	new
124,157,181,224,488,512,571,594,624,627	1,2,4,6,10	5,0,12,8,14,13,15,7,16,11	211,1302,1024,1305,1194,1196,839,309,288,372	new
124,159,166,191,194,388,396,507,532,634	0,4,5,10,12	1,8,6,2,13,3,14,16,7,11	211,897,868,443,383,1390,910,984,412,402	new
124,159,166,194,196,388,459,507,532,634	0,4,5,10,12	1,6,8,2,13,3,14,16,7,11	211,897,888,443,383,1390,910,984,387,402	new
124,166,167,181,224,243,283,465,468,488	0,1,5,6,10	4,2,12,8,9,3,14,15,16,11	211,259,260,1046,839,499,808,801,288,372	new
124,166,192,322,350,377,441,521,631,673	2,5,6,8,12	1,10,0,4,14,16,7,15,13,9	211,1309,760,1099,1058,1057,703,1360,356,259	new
124,166,315,335,441,521,564,566,570,631	0,2,5,8,12	1,10,6,4,14,3,13,11,16,9	211,1309,793,587,1150,1154,1148,920,742,259	new
124,166,388,395,422,441,463,488,521,523	0,2,5,8,12	1,10,6,4,13,7,3,11,16,9	211,897,809,800,996,839,922,920,742,259	new
124,167,229,364,367,374,393,422,628,651	0,5,6,8,10	2,1,12,4,16,3,14,15,13,11	211,644,647,677,655,1330,260,1306,713,399	new
124,168,224,364,512,518,532,564,566,571	0,1,6,10,12	5,4,2,8,13,14,9,3,15,11	211,890,1003,306,1148,1155,1150,903,994,372	new
124,181,364,388,395,396,426,500,501,512	0,5,6,10,12	1,8,4,2,13,3,11,15,14,16	211,897,868,930,870,871,456,809,1024,644	new
124,194,228,315,348,395,495,503,507,512	0,1,6,8,12	2,4,10,5,11,15,7,16,3,13	211,402,879,874,434,989,987,626,681,890	new
124,194,228,315,395,468,495,503,507,512	0,1,6,8,12	2,4,10,5,11,15,16,7,3,13	211,402,879,1065,434,989,987,801,681,890	new
124,224,234,446,496,527,558,564,570,584	0,1,4,5,10	2,12,6,8,13,16,7,14,9,11	211,896,1141,1154,1148,902,1227,949,427,372	new
124,228,229,315,381,395,495,503,507,512	0,1,6,8,12	4,2,10,5,11,15,7,16,3,13	211,399,879,874,434,989,987,662,681,890	new
124,229,364,374,393,422,512,628,637,651	0,5,6,8,10	2,1,12,4,16,14,3,15,13,11	211,644,890,677,655,1330,1315,1306,713,399	new
124,246,364,387,388,491,495,564,591,624	0,4,6,8,12	1,5,10,2,13,14,3,11,7,16	211,897,1428,669,1234,1148,854,851,513,644	new
124,246,364,387,465,491,512,564,591,624	0,4,6,8,12	2,10,1,5,16,7,11,3,14,13	211,644,513,796,854,1148,1234,669,1428,890	new
124,283,364,387,480,488,526,594,624,631	0,4,6,8,12	1,5,10,2,14,13,3,9,11,16	211,1309,1428,669,1217,1046,937,934,826,644	new
124,364,376,381,395,468,480,501,606,627	0,5,6,10,12	2,1,8,4,16,7,11,3,15,14	211,644,681,801,1002,1274,871,938,855,1305	new
124,364,387,388,480,488,526,571,594,624	0,4,6,8,12	1,5,10,2,13,14,3,9,11,16	211,897,1428,669,1217,1155,937,934,826,644	new
124,367,500,512,515,535,561,631,637,678	0,2,4,6,12	1,8,10,5,14,11,7,9,16,13	211,1309,1020,1078,1382,904,1378,1144,647,890	new
124,367,500,512,515,561,617,631,634,637	0,2,4,6,12	1,8,10,5,14,7,11,9,16,13	211,1309,1296,1078,1382,904,1312,1144,647,890	new
124,388,452,507,515,584,621,624,634,637	0,2,4,6,12	1,10,8,5,13,16,9,11,7,14	211,897,759,1227,1312,904,1382,910,1289,1302	new
124,393,500,512,515,561,631,637,663,678	0,2,4,6,12	1,10,8,5,14,11,7,9,16,13	211,1309,1353,1078,1382,904,1378,1144,677,890	new
126,131,141,376,424,459,523,591,617,631	2,4,5,10,12	3,8,0,6,14,7,9,1,16,13	213,1309,1296,218,657,715,932,471,1190,888	new
126,131,148,350,376,378,381,458,459,570	0,2,3,5,12	6,10,4,8,13,11,16,7,15,14	213,888,979,1154,659,662,218,411,938,1099	new
126,131,150,154,258,446,515,550,628,663	0,3,8,10,12	2,4,5,6,14,1,11,15,13,7	213,1133,1306,1353,243,239,530,894,902,218	new
126,131,335,377,381,390,627,628,650,654	0,2,4,8,12	6,5,3,10,7,15,13,9,16,14	213,218,1329,1306,1305,672,662,1424,760,793	new
126,131,377,381,390,496,627,631,650,654	0,2,4,8,12	3,10,5,6,14,16,9,13,15,7	213,1309,760,1424,662,672,1305,852,1329,218	new
126,132,154,396,404,408,446,454,507,622	2,3,5,10,12	6,0,4,8,14,9,15,1,16,13	213,1300,219,910,747,763,261,957,942,868	new
126,132,159,234,396,426,441,446,507,622	2,3,5,10,12	6,0,4,8,14,9,15,1,11,13	213,1300,219,910,747,742,251,427,930,868	new
126,132,243,246,347,388,424,503,505,629	0,5,6,8,12	3,2,10,4,13,7,11,15,1,14	213,897,499,504,219,874,941,715,736,1307	new
126,132,246,387,388,424,426,503,628,629	0,5,6,8,12	3,10,2,4,13,11,7,15,1,14	213,897,988,504,219,874,930,715,1306,1307	new
126,132,246,388,395,424,503,505,628,629	0,5,6,8,12	3,10,2,4,13,7,11,15,1,14	213,897,809,504,219,874,941,715,1306,1307	new
126,141,154,167,199,263,404,617,650,678	0,3,8,10,12	4,2,5,6,9,1,11,14,7,15	213,261,260,470,230,692,535,1378,1329,1296	new
126,142,152,155,249,429,505,550,564,625	0,3,6,10,12	2,5,8,4,14,1,13,9,7,11	213,1133,1303,722,1148,941,1103,452,386,401	new
126,142,154,249,265,468,500,518,631,663	0,2,5,6,12	3,10,8,4,14,11,7,16,1,9	213,1309,1353,1078,985,801,537,521,231,261	new
126,142,154,367,376,381,461,618,637,670	0,3,5,10,12	2,6,8,4,16,7,13,15,1,9	213,647,662,1388,1294,1315,657,780,231,261	new
126,143,152,212,234,417,424,521,631,650	0,2,3,8,10	4,12,6,5,11,13,9,16,7,15	213,401,715,775,335,920,427,232,1329,1309	new
126,148,154,167,249,396,422,466,503,507	0,3,5,6,10	4,2,12,8,9,1,15,11,16,13	213,261,260,411,996,797,879,1065,1103,868	new
126,148,155,194,224,387,388,480,618,629	0,2,5,6,12	3,10,8,4,13,11,1,15,7,14	213,897,988,415,304,1002,386,411,1294,1307	new
126,148,155,194,350,387,388,480,532,618	0,2,5,6,12	3,10,4,8,13,11,1,15,7,14	213,897,988,984,304,1002,386,411,1294,1099	new
126,148,229,376,388,452,495,526,532,629	0,2,5,6,12	3,10,8,4,13,16,11,7,15,14	213,897,759,399,984,987,982,411,938,1307	new
126,148,350,376,388,452,495,526,532,664	0,2,5,6,12	3,10,4,8,13,16,11,7,15,14	213,897,759,1349,984,987,982,411,938,1099	new
126,149,152,212,335,377,424,449,625,628	0,2,5,6,8	4,12,3,10,11,13,15,9,16,14	213,401,715,1306,1303,923,335,355,760,793	new
126,149,152,212,377,424,449,625,629,631	0,2,5,6,8	3,10,12,4,14,16,9,15,13,11	213,1309,760,355,335,923,1303,1387,715,401	new
126,149,388,424,505,523,622,631,637,654	0,2,3,8,10	5,12,4,6,15,11,13,16,7,14	213,1309,897,1424,355,922,941,715,1315,1300	new
126,150,152,229,258,434,461,507,558,622	0,5,8,10,12	4,3,2,6,11,1,15,7,9,14	213,401,399,879,880,873,239,530,1141,1300	new
126,150,159,367,390,399,446,584,617,651	0,3,8,10,12	2,5,4,6,16,7,13,1,11,15	213,647,672,1178,747,687,239,443,1374,1296	new
126,152,224,234,426,523,535,564,571,617	0,2,3,8,10	4,12,5,6,11,14,7,16,9,15	213,401,1196,1208,932,930,427,372,1020,1296	new
126,152,234,347,404,426,607,622,631,664	0,3,4,8,10	5,2,12,6,15,9,1,11,16,14	213,1309,1255,401,930,427,957,1411,625,1300	new
126,152,441,449,454,459,521,526,527,591	2,3,5,10,12	4,8,0,6,11,15,1,9,16,13	213,401,934,949,742,763,754,1057,1190,888	new
126,154,159,348,367,376,461,618,637,670	0,3,5,10,12	2,8,6,4,16,7,13,15,1,9	213,647,626,1388,1294,1315,657,780,251,261	new
126,154,196,388,408,422,466,468,477,496	0,5,6,10,12	3,2,8,4,13,1,15,11,16,9	213,897,896,996,797,805,387,1067,696,261	new
126,154,258,416,446,459,515,550,628,663	0,3,8,10,12	2,4,5,6,14,1,11,15,7,13	213,1133,1306,1353,243,707,530,894,902,888	new
126,154,335,378,396,441,445,449,625,663	0,2,6,8,12	4,5,3,10,9,16,7,15,11,14	213,261,754,684,742,746,659,1303,1353,793	new
126,154,364,388,395,429,445,449,512,523	0,2,6,8,12	3,10,5,4,13,7,15,11,16,9	213,897,809,1024,644,746,748,932,754,261	new
126,155,181,224,350,469,477,532,617,618	0,3,4,5,10	6,2,12,8,15,1,9,16,11,14	213,1296,1294,386,288,372,994,1067,1098,1099	new
126,186,350,367,387,390,532,609,622,650	0,4,6,10,12	2,5,3,8,16,7,1,11,9,14	213,647,672,669,994,453,1259,1297,1329,1099	new
126,192,396,454,515,629,631,637,663,678	0,2,4,6,12	3,10,5,8,14,11,9,16,7,13	213,1309,1353,1387,1315,904,1378,356,877,868	new
126,229,249,283,396,503,507,560,594,629	0,3,5,6,10	4,2,12,8,14,9,1,11,16,13	213,1307,1143,1046,1217,381,910,1065,1103,868	new
126,229,249,283,396,505,507,550,560,594	0,3,5,6,10	2,4,12,8,14,9,1,11,16,13	213,1133,1143,1046,1217,381,910,941,1103,868	new
126,229,377,388,452,569,629,631,634,637	0,2,4,6,12	3,10,8,5,13,16,11,9,14,15	213,897,759,399,1312,1315,1307,1164,760,1309	new
126,229,377,393,396,426,429,446,452,550	0,3,5,6,10	2,12,4,8,14,16,1,9,11,13	213,1133,677,658,840,381,747,748,930,868	new
126,243,246,311,396,466,518,526,617,621	0,4,5,10,12	6,3,2,8,15,16,7,9,11,13	213,1296,1289,982,985,806,514,513,1055,868	new
126,246,367,388,395,480,495,621,624,631	0,4,6,8,12	2,3,10,5,16,7,1,11,13,15	213,647,681,513,851,1002,1289,1302,670,1309	new
126,260,335,387,446,458,463,607,631,663	0,4,6,8,12	5,2,3,10,15,9,16,7,11,14	213,1309,1255,988,979,800,902,532,1353,793	new
126,265,350,466,495,507,518,535,606,617	0,4,5,10,12	6,2,3,8,15,9,16,7,11,14	213,1296,1254,987,985,806,910,537,1020,1099	new
126,332,335,347,367,390,424,495,518,584	0,3,6,8,12	2,5,4,10,16,7,13,1,15,14	213,647,672,1178,987,985,610,625,725,793	new
126,347,388,477,496,503,622,650,664,678	0,4,5,8,10	3,2,12,6,13,1,15,11,16,14	213,897,896,1344,1404,874,1067,1411,625,1300	new
126,364,376,422,459,461,488,496,512,550	0,4,5,10,12	2,3,8,6,14,16,1,9,7,13	213,1133,890,1003,852,713,937,938,873,888	new
126,367,377,393,396,426,429,446,452,594	0,3,5,6,10	2,12,4,8,16,14,1,9,11,13	213,647,677,658,840,1217,747,748,930,868	new
126,367,399,416,505,507,631,663,664,678	0,5,6,8,12	2,4,10,3,16,13,15,1,11,14	213,647,1404,707,687,910,941,1349,1353,1309	new
126,388,389,422,441,458,518,527,622,637	0,2,5,8,10	3,12,4,6,13,11,1,9,15,14	213,897,717,713,773,1058,978,985,1382,1300	new
128,131,149,150,350,389,515,625,629,637	3,5,8,10,12	2,0,1,7,13,15,11,6,14,16	215,904,1382,273,271,355,671,1303,1387,630	new
128,131,150,159,388,389,422,441,446,459	0,2,5,8,10	7,3,1,12,9,16,4,14,6,15	215,251,742,747,996,671,670,774,273,239	new
128,131,150,350,381,387,390,469,477,664	0,2,5,8,12	1,3,10,7,9,4,13,6,11,16	215,271,273,855,845,988,1349,822,812,630	new
128,131,150,381,390,449,452,491,500,663	1,2,3,5,10	8,0,7,12,13,16,9,14,6,15	215,870,1346,754,759,845,844,662,218,239	new
128,131,152,159,233,381,390,550,569,627	0,3,8,10,12	1,2,5,7,4,16,6,15,14,9	215,218,662,672,1305,1241,1153,241,431,251	new
128,131,159,387,395,441,463,505,521,664	0,2,5,8,12	1,10,3,7,4,13,6,11,16,9	215,218,800,809,988,1349,941,920,742,251	new
128,131,381,495,496,518,622,627,631,637	0,5,8,10,12	3,1,2,7,13,15,9,4,16,14	215,903,1315,218,662,987,896,1421,1348,1297	new
128,131,461,500,501,518,550,569,622,637	0,2,7,10,12	1,5,8,3,14,9,11,15,4,13	215,1315,870,873,218,1300,1133,1164,871,903	new
128,132,143,148,159,518,558,566,570,651	0,1,5,8,10	3,12,2,7,13,16,4,6,15,9	215,903,1150,1154,1141,219,417,411,1330,251	new
128,132,148,150,152,364,461,621,624,651	1,2,3,8,10	5,0,7,12,6,14,16,13,11,15	215,219,644,1428,1293,401,411,1330,873,239	new
128,132,149,377,452,488,558,560,637,654	3,7,8,10,12	1,2,0,5,14,16,13,4,15,6	215,1315,1424,760,759,937,238,1143,1141,219	new
128,132,224,471,560,570,594,617,629,631	1,2,7,10,12	5,3,0,8,6,11,15,4,16,14	215,219,415,814,1217,1154,1158,1387,1348,1284	new
128,132,233,234,335,376,426,526,622,663	0,2,3,10,12	1,8,7,5,16,11,9,4,15,6	215,657,982,719,405,395,1353,793,1300,219	new
128,132,246,311,315,350,396,480,495,617	1,2,3,7,12	5,10,0,8,6,16,13,11,4,14	215,219,504,1002,851,587,583,684,630,1284	new
128,132,246,335,347,387,500,628,637,663	0,1,3,7,12	5,10,2,8,6,16,14,9,15,13	215,219,504,988,1353,793,736,1306,1315,870	new
128,132,246,348,364,390,515,627,634,637	1,3,7,8,12	2,0,10,5,13,15,11,14,16,6	215,904,1382,1390,626,672,1305,1003,504,219	new
128,132,350,376,461,500,535,618,637,651	0,2,7,10,12	5,3,1,8,6,15,9,14,4,13	215,219,1010,630,657,1315,1294,1374,873,870	new
128,132,350,376,500,501,618,637,650,651	0,2,7,10,12	5,1,3,8,6,15,9,14,4,13	215,219,1344,630,657,1315,1294,1374,871,870	new
128,132,350,500,606,618,629,637,650,651	0,2,7,10,12	5,1,3,8,6,15,9,4,14,13	215,219,1344,630,1387,1315,1294,1374,1274,870	new
128,132,364,381,390,466,515,624,627,634	1,3,7,8,12	5,0,2,10,6,14,16,11,15,13	215,219,644,1302,1305,672,662,1390,894,797	new
128,141,142,150,154,155,199,265,461,500	0,1,2,7,10	8,5,3,12,13,14,9,16,4,15	215,870,1071,386,452,873,314,230,243,239	new
128,141,143,148,167,199,374,429,441,564	2,5,8,10,12	1,0,7,3,11,14,13,4,9,16	215,411,260,470,471,417,1208,748,742,655	new
128,141,143,192,350,469,491,515,564,678	0,1,3,5,8	2,12,10,7,13,14,4,9,11,16	215,904,1378,356,854,1148,232,230,812,630	new
128,142,148,283,399,408,446,459,591,622	2,3,5,10,12	1,0,8,7,11,16,13,15,9,14	215,411,1046,1234,231,696,687,747,774,1297	new
128,142,283,376,396,399,446,459,591,622	2,3,5,10,12	1,0,8,7,16,11,13,15,9,14	215,657,1046,1234,231,684,687,747,774,1297	new
128,142,283,377,396,399,416,459,617,670	2,3,5,10,12	0,1,7,8,16,11,15,13,9,14	215,658,1046,1356,231,684,687,707,774,1284	new
128,143,148,159,374,558,566,570,650,651	0,1,5,8,10	3,12,2,7,16,13,4,6,15,9	215,655,1150,1154,1141,1344,417,411,1330,251	new
128,143,148,166,167,224,243,465,471,480	2,3,7,8,12	1,0,5,10,11,14,4,6,13,16	215,411,260,259,232,372,1049,1002,808,499	new
128,148,150,155,159,167,258,515,561,606	0,2,5,7,10	1,8,3,12,11,6,14,4,9,15	215,411,386,1254,1185,967,904,327,443,239	new
128,148,155,466,495,526,606,617,621,651	0,2,5,7,12	1,8,3,10,11,6,14,15,9,13	215,411,386,1254,982,1330,1284,1293,851,797	new
128,148,155,495,501,518,526,617,621,651	0,2,5,7,12	1,8,10,3,11,6,14,15,9,13	215,411,386,1042,982,1330,1284,1293,851,903	new
128,148,166,167,224,228,243,246,471,480	2,3,7,8,12	1,0,5,10,11,14,4,13,6,16	215,411,260,259,434,372,1049,1002,504,499	new
128,148,234,249,260,311,376,399,408,515	0,3,7,8,10	1,12,5,2,16,15,9,14,11,13	215,657,237,427,583,532,521,696,687,904	new
128,148,258,263,332,335,377,515,617,628	0,2,5,7,10	1,3,12,8,11,13,9,4,15,14	215,411,1088,793,760,1426,904,535,530,1284	new
128,148,263,335,424,515,617,618,628,631	0,2,5,7,10	1,12,3,8,11,13,9,15,4,14	215,411,725,793,1309,1426,904,535,1285,1284	new
128,148,332,347,377,378,393,452,594,622	0,2,5,8,12	1,3,10,7,11,13,4,16,6,14	215,411,1088,998,1194,759,760,702,736,1297	new
128,148,332,374,378,422,518,618,637,651	0,5,7,10,12	1,8,2,3,14,6,15,9,4,16	215,1315,1294,1374,237,610,985,713,659,655	new
128,148,332,374,378,463,518,617,618,651	0,5,7,10,12	3,2,1,8,16,4,9,15,6,14	215,655,659,785,985,610,237,1374,1294,1284	new
128,148,335,350,458,550,558,570,618,629	0,2,5,8,10	1,3,12,7,11,15,13,9,14,16	215,411,1294,1307,1133,1141,1154,979,613,630	new
128,148,350,376,441,458,558,560,570,629	0,2,5,8,10	1,12,3,7,11,15,13,14,9,16	215,411,938,1307,1143,1141,1154,979,742,630	new
128,148,364,367,374,378,422,515,550,637	0,1,5,10,12	2,8,7,3,13,15,4,6,14,16	215,904,1315,411,996,998,1003,861,1241,655	new
128,148,364,374,378,422,500,512,550,637	0,1,5,10,12	3,7,2,8,16,14,6,4,15,13	215,655,1241,1024,1003,998,996,411,1315,870	new
128,148,377,378,387,393,422,452,550,622	0,2,5,8,12	1,10,3,7,11,13,4,6,16,14	215,411,996,998,988,759,760,702,1241,1297	new
128,148,377,378,393,422,452,594,622,627	0,2,5,8,12	1,10,3,7,11,13,4,16,6,14	215,411,996,998,1194,759,760,702,1305,1297	new
128,149,150,159,233,387,495,501,618,621	1,2,3,8,10	7,5,0,12,9,14,6,13,16,15	215,251,431,669,851,1293,1294,1042,238,239	new
128,150,154,166,560,570,594,627,629,637	0,2,5,8,10	1,7,3,12,14,16,13,9,4,15	215,1315,1387,1158,1154,1217,1421,383,243,239	new
128,150,154,192,263,311,315,350,396,527	0,1,2,5,10	7,8,3,12,16,9,11,14,4,15	215,630,684,583,587,949,356,535,243,239	new
128,150,154,376,377,500,526,560,628,663	0,2,5,7,10	1,8,3,12,16,11,9,13,4,15	215,657,982,1078,1353,760,1426,1158,243,239	new
128,150,243,395,488,570,627,634,637,664	0,2,3,7,8	10,5,1,12,16,14,11,6,13,15	215,499,809,937,1218,1411,1421,1390,1382,239	new
128,150,258,260,263,378,446,463,515,594	0,1,5,7,10	2,3,8,12,13,9,16,4,14,15	215,904,800,998,1194,902,532,535,530,239	new
128,150,258,263,395,452,463,515,584,673	0,1,5,7,10	2,3,8,12,13,9,11,4,14,15	215,904,800,809,759,1227,1360,535,530,239	new
128,150,258,335,350,374,377,617,618,651	0,3,5,8,10	1,2,12,7,9,13,15,6,14,16	215,271,967,1296,1294,1330,655,658,613,630	new
128,150,260,377,465,495,500,501,569,670	2,3,7,8,10	0,12,5,1,16,13,15,6,14,9	215,658,1153,1042,1388,987,808,1097,870,271	new
128,150,265,461,463,466,468,480,617,621	0,5,7,10,12	1,3,2,8,9,16,4,11,6,14	215,271,780,785,806,801,537,826,1293,1284	new
128,150,315,458,466,495,500,515,518,527	0,3,7,8,12	1,5,10,2,9,14,15,16,6,13	215,271,870,903,587,979,978,987,806,904	new
128,150,315,458,466,500,515,518,526,527	0,3,7,8,12	1,5,10,2,9,14,16,15,6,13	215,271,870,934,587,979,978,985,806,904	new
128,150,393,550,561,606,622,628,637,651	0,3,5,8,10	7,2,1,12,14,6,4,16,13,15	215,1297,1306,1133,677,1144,1274,1374,1382,239	new
128,150,458,495,496,500,515,518,527,566	0,3,7,8,12	1,5,10,2,9,14,15,6,16,13	215,271,870,903,1150,979,978,987,896,904	new
128,152,233,376,381,390,569,607,622,627	0,3,8,10,12	1,2,5,7,16,4,6,15,9,14	215,657,662,672,1305,1255,1153,241,431,1297	new
128,155,159,166,376,461,526,634,637,654	0,3,5,10,12	1,2,8,7,14,16,4,13,15,9	215,1315,1424,1390,383,386,982,657,780,251	new
128,155,234,376,381,422,426,445,495,628	2,3,7,8,10	1,0,12,5,16,14,15,6,13,11	215,657,1306,713,746,987,662,244,719,405	new
128,155,234,381,422,426,445,628,637,670	2,3,7,8,10	1,0,12,5,14,16,15,6,13,11	215,1315,1306,713,746,1388,662,244,719,405	new
128,159,167,234,311,350,396,454,503,637	2,3,5,10,12	1,0,8,7,14,11,4,15,9,16	215,1315,260,251,427,583,1065,763,684,630	new
128,159,212,233,374,429,441,500,505,521	1,2,5,10,12	3,7,0,8,16,9,4,15,11,13	215,655,742,748,941,920,335,251,431,870	new
128,159,212,234,463,466,488,515,523,571	0,1,3,8,12	2,10,7,5,13,6,4,9,15,11	215,904,806,785,839,1196,932,442,443,405	new
128,159,228,233,311,441,461,622,628,637	2,3,5,10,12	1,0,8,7,14,16,4,11,15,9	215,1315,1306,1297,431,434,583,742,780,251	new
128,159,233,234,311,376,441,461,622,628	2,3,5,10,12	1,0,8,7,16,14,4,11,15,9	215,657,1306,1297,431,427,583,742,780,251	new
128,159,233,388,389,466,496,515,607,663	0,2,3,8,12	7,5,1,10,9,14,6,4,15,13	215,251,431,1346,1266,671,670,852,904,797	new
128,167,199,367,377,395,452,469,500,637	1,3,5,7,12	0,10,2,8,16,11,6,4,15,13	215,658,840,861,809,1098,470,260,1315,870	new
128,167,446,515,558,560,561,584,622,637	0,3,8,10,12	2,5,1,7,13,16,6,11,15,14	215,904,747,1178,1185,1220,1158,327,1382,1297	new
128,199,243,350,466,488,496,569,571,663	0,1,3,5,8	7,12,2,10,16,11,14,6,9,13	215,630,314,1346,1153,1155,937,514,852,797	new
128,199,350,378,381,387,500,637,654,663	0,1,3,5,10	7,12,2,8,16,11,14,9,15,13	215,630,314,1346,669,659,662,1424,1315,870	new
128,212,233,350,429,441,500,505,521,609	1,2,5,10,12	7,3,0,8,16,9,4,15,11,13	215,630,742,748,941,920,335,1259,431,870	new
128,228,229,233,234,404,445,495,518,664	0,1,7,8,12	3,10,2,5,13,9,16,6,14,11	215,903,851,993,380,395,399,1349,692,405	new
128,228,229,233,234,404,452,465,495,518	0,1,7,8,12	3,10,2,5,13,9,6,16,14,11	215,903,851,796,380,395,399,759,692,405	new
128,228,233,378,422,465,466,591,617,650	1,2,3,7,12	8,0,5,10,14,15,9,11,4,13	215,1284,1344,996,998,1190,395,380,796,797	new
128,228,311,376,441,446,495,526,622,628	0,3,5,10,12	1,8,2,7,16,11,4,13,6,14	215,657,982,987,380,1055,1058,902,1306,1297	new
128,234,311,315,458,558,570,622,628,637	2,3,7,10,12	1,0,8,5,14,16,4,15,13,11	215,1315,1306,1297,1220,1218,773,989,1055,405	new
128,234,347,376,378,424,526,527,532,664	2,3,7,8,10	1,12,0,5,16,14,4,13,15,11	215,657,715,736,1349,984,659,982,978,405	new
128,243,258,416,417,459,496,550,622,637	0,3,5,8,12	1,7,2,10,14,4,6,15,13,16	215,1315,1300,1133,775,774,707,530,896,499	new
128,243,388,389,390,465,491,622,628,637	0,2,3,8,12	7,1,5,10,14,15,6,4,13,16	215,1297,1382,1426,671,670,672,854,808,499	new
128,243,395,466,507,518,526,634,637,654	0,5,7,10,12	1,2,8,3,14,16,4,11,9,13	215,1315,1424,1390,910,806,514,809,934,903	new
128,243,466,488,507,518,526,621,637,654	0,5,7,10,12	1,2,8,3,14,16,11,4,9,13	215,1315,1424,1289,910,806,514,937,934,903	new
128,260,263,322,350,404,429,441,515,637	2,5,8,10,12	1,0,3,7,14,15,11,4,9,16	215,1315,894,962,957,595,1097,748,742,630	new
128,260,348,377,465,500,501,569,637,670	2,3,7,8,10	0,12,5,1,16,13,15,6,9,14	215,658,1153,1042,1388,626,808,1097,870,1315	new
128,265,350,463,466,468,495,535,606,617	0,1,5,10,12	7,2,3,8,16,11,15,6,13,14	215,630,1010,1071,805,797,800,851,1274,1284	new
128,311,315,376,458,500,527,558,627,628	2,3,7,10,12	1,0,5,8,16,14,4,15,11,13	215,657,1306,1305,1220,949,773,989,1055,870	new
128,311,377,441,458,496,500,527,558,628	2,3,7,10,12	0,1,5,8,16,14,15,4,11,13	215,658,1306,852,1220,949,773,1058,1055,870	new
128,315,335,377,466,495,518,591,607,663	1,5,7,10,12	0,8,2,3,16,4,15,14,6,13	215,658,613,1255,1353,1190,587,851,797,903	new
128,315,335,377,466,515,518,591,629,663	1,5,7,10,12	0,8,3,2,16,4,14,15,6,13	215,658,613,1387,1353,1190,587,903,797,904	new
128,335,347,350,388,389,518,622,631,637	0,2,5,8,10	3,1,12,7,13,15,6,4,14,16	215,903,1315,1297,1348,670,671,625,613,630	new
128,350,396,449,466,469,500,515,535,617	1,3,5,7,12	2,10,0,8,13,6,15,11,4,14	215,904,806,1078,1020,1098,754,684,630,1284	new
128,350,434,500,501,617,618,650,651,678	0,3,5,10,12	7,2,1,8,16,13,6,15,11,14	215,630,1344,1404,880,870,871,1285,1330,1284	new
128,374,396,441,461,465,466,496,512,550	0,2,7,8,12	3,1,5,10,16,9,6,15,4,13	215,655,780,684,742,1241,1024,852,796,797	new
128,377,466,515,518,566,591,629,631,663	1,5,7,10,12	0,8,3,2,16,14,4,15,6,13	215,658,1348,1387,1353,1190,1150,903,797,904	new
131,132,234,249,396,399,461,500,561,650	0,2,3,7,10	5,12,4,8,15,9,16,14,1,13	218,1329,438,427,865,868,1103,1144,870,873	new
131,141,142,150,167,199,408,500,503,637	2,3,5,10,12	4,0,7,8,14,11,13,16,15,9	218,1315,260,470,230,231,696,1065,1078,239	new
131,141,142,150,311,396,500,628,637,663	2,3,5,10,12	4,0,7,8,14,16,13,11,15,9	218,1315,1306,1353,230,231,684,583,1078,239	new
131,141,142,446,449,454,461,507,515,637	2,3,5,10,12	4,0,7,8,14,15,9,1,16,13	218,1315,894,910,747,763,754,471,452,873	new
131,141,335,376,388,424,459,591,631,650	0,2,3,8,10	4,12,7,5,16,14,1,11,6,15	218,657,715,613,471,1190,888,897,1309,1329	new
131,142,446,449,454,459,515,521,637,650	2,3,5,10,12	4,0,8,7,14,15,1,9,16,13	218,1315,894,1344,747,763,754,1057,452,888	new
131,142,446,449,454,461,515,521,634,637	2,3,5,10,12	4,0,7,8,14,15,1,9,16,13	218,1315,894,1390,747,763,754,1057,452,873	new
131,143,148,150,155,224,376,480,495,618	0,2,7,10,12	4,5,3,8,11,6,1,14,13,9	218,411,417,415,987,1002,386,1294,938,239	new
131,143,148,155,224,376,461,495,526,618	0,2,7,10,12	4,5,3,8,11,6,1,14,9,13	218,411,417,415,987,982,386,1294,938,873	new
131,148,149,224,234,463,466,495,634,654	0,2,7,8,12	5,3,4,10,14,16,11,9,1,13	218,1312,1334,238,237,427,372,851,797,800	new
131,148,150,234,367,381,399,622,627,637	0,3,8,10,12	2,7,5,4,16,6,15,1,13,9	218,662,647,1305,1297,1382,237,427,865,271	new
131,148,150,234,381,390,416,622,627,637	0,3,8,10,12	2,5,7,4,16,6,15,1,13,9	218,662,672,1305,1297,1382,237,427,951,271	new
131,148,155,381,463,526,606,617,651,654	0,2,5,7,12	4,8,3,10,11,6,14,15,9,13	218,411,386,1254,982,1330,1284,1334,855,800	new
131,148,166,381,454,461,500,526,634,651	0,3,5,10,12	2,8,7,4,16,14,13,6,15,11	218,662,1390,383,877,873,870,934,1374,411	new
131,148,166,381,454,461,501,526,651,670	0,3,5,10,12	2,8,7,4,16,13,14,6,15,11	218,662,1388,383,877,873,871,934,1374,411	new
131,148,178,181,265,463,480,500,501,507	0,2,5,7,12	4,3,8,10,11,16,9,6,1,13	218,411,1042,1078,910,537,826,456,281,800	new
131,148,258,263,526,560,621,628,629,631	0,3,5,7,12	4,8,2,10,11,16,14,9,1,15	218,411,982,1289,1426,1309,1307,1143,962,967	new
131,148,258,263,550,560,621,628,631,651	0,3,5,7,12	4,8,2,10,11,14,16,9,1,15	218,411,1330,1289,1426,1309,1133,1143,962,967	new
131,148,350,376,381,396,458,459,488,570	0,5,7,8,10	2,3,12,4,16,13,1,9,15,11	218,662,839,1154,979,888,868,1099,938,411	new
131,149,150,350,376,377,569,622,628,629	3,5,7,10,12	4,0,2,8,16,14,13,15,1,9	218,657,1306,760,1099,1300,1387,1153,238,239	new
131,149,258,332,374,376,422,501,550,558	0,2,7,8,12	4,3,5,10,16,11,14,6,9,15	218,657,1042,238,713,610,655,1241,1220,967	new
131,150,152,159,233,381,390,550,627,629	0,3,8,10,12	2,5,7,4,16,6,15,14,1,9	218,662,672,1305,1241,1387,241,431,251,271	new
131,150,152,233,367,381,500,622,627,629	0,3,8,10,12	2,7,5,4,16,6,15,1,14,9	218,662,647,1305,1297,1387,241,431,870,271	new
131,150,159,350,381,387,395,469,477,664	0,4,7,10,12	2,3,5,8,16,6,1,13,11,9	218,662,681,669,1411,1067,1098,1099,443,239	new
131,150,159,381,390,500,584,617,634,651	0,3,8,10,12	2,5,4,7,16,6,13,1,11,15	218,662,672,1178,1390,1078,239,443,1374,1296	new
131,150,159,387,395,441,463,477,521,664	0,2,5,8,12	4,7,3,10,9,1,16,11,6,13	218,271,251,742,920,822,1349,988,809,800	new
131,150,258,500,515,550,622,628,650,663	0,3,8,10,12	5,4,2,7,15,13,11,1,6,14	218,1329,894,530,239,1078,1353,1306,1133,1300	new
131,150,348,367,550,618,622,629,637,670	0,2,5,10,12	7,4,3,8,14,16,1,6,15,9	218,1300,1387,1241,861,863,1356,1285,1382,239	new
131,150,350,376,381,387,390,469,477,532	0,4,7,10,12	2,5,3,8,16,6,1,11,13,9	218,662,672,669,994,1067,1098,1099,938,239	new
131,150,381,461,480,495,500,503,622,637	0,3,5,10,12	2,8,4,7,16,11,6,13,15,14	218,662,987,1002,874,870,873,239,1382,1300	new
131,155,228,381,461,465,468,491,503,651	0,4,5,7,12	2,10,3,8,16,11,6,1,14,13	218,662,844,796,805,1065,434,244,1374,873	new
131,155,350,376,461,500,526,606,631,650	0,2,7,10,12	5,3,4,8,15,6,9,14,1,13	218,1329,1348,630,657,982,386,1274,870,873	new
131,157,178,387,395,422,446,465,622,627	3,4,8,10,12	5,0,2,7,13,15,9,11,16,14	218,902,713,247,281,796,681,669,1421,1300	new
131,168,194,196,348,376,480,634,651,670	0,2,7,8,12	4,3,10,5,16,15,11,13,1,14	218,657,1330,1388,262,402,387,826,863,1312	new
131,178,199,315,458,461,463,500,566,637	2,3,7,10,12	4,5,0,8,14,9,11,15,1,13	218,1315,870,281,800,979,989,1235,314,873	new
131,186,350,376,381,387,390,461,469,532	0,4,7,10,12	2,5,3,8,16,6,1,11,9,13	218,662,672,669,994,453,1098,1099,938,873	new
131,199,233,315,458,461,463,466,500,634	2,3,7,10,12	5,4,0,8,14,9,15,11,1,13	218,1312,870,797,800,979,989,431,314,873	new
131,228,265,311,426,445,446,477,503,617	2,3,4,8,12	5,10,0,7,13,11,1,14,9,15	218,902,993,380,1055,719,1067,874,537,1296	new
131,243,283,367,381,452,463,488,496,571	0,3,4,8,12	2,7,5,10,16,6,9,1,15,13	218,662,647,759,555,1196,937,514,852,800	new
131,243,367,381,452,463,465,488,571,594	0,3,4,8,12	2,7,5,10,16,6,9,15,1,13	218,662,647,759,1194,1196,937,514,796,800	new
131,258,263,512,550,560,621,628,637,651	0,3,5,7,12	4,8,2,10,14,11,16,9,1,15	218,1315,1330,1289,1426,890,1133,1143,962,967	new
131,283,381,463,465,491,594,606,607,617	0,3,4,8,12	7,2,5,10,15,9,6,16,1,13	218,1296,1254,1255,1194,555,662,844,796,800	new
131,332,381,501,558,569,606,607,627,637	0,3,5,7,12	2,8,10,4,16,15,9,11,6,14	218,662,1254,1141,1421,1266,1153,1042,1088,1315	new
131,350,376,461,480,500,526,606,622,650	0,2,7,10,12	5,3,4,8,15,9,6,14,1,13	218,1329,1297,630,657,982,1002,1274,870,873	new
131,350,463,496,512,622,624,625,629,650	0,2,4,8,12	7,3,5,10,14,9,11,6,15,13	218,1300,1344,630,1387,1427,1302,1024,852,800	new
131,374,381,518,550,558,606,627,631,637	0,3,5,7,12	2,8,10,4,16,15,9,11,13,14	218,662,1254,1141,1421,1348,1241,655,903,1315	new
131,376,378,387,393,463,532,550,629,664	0,2,5,8,12	4,7,3,10,16,14,1,6,11,13	218,657,1387,1241,702,1349,984,988,998,800	new
131,378,387,393,463,477,532,550,629,637	0,2,5,8,12	4,7,3,10,14,16,1,6,11,13	218,1315,1387,1241,702,822,984,988,998,800	new
131,378,387,393,463,477,550,622,637,664	0,2,5,8,12	4,7,3,10,14,1,16,6,11,13	218,1315,1297,1241,702,822,1349,988,998,800	new
131,378,393,463,477,594,622,627,637,664	0,2,5,8,12	4,7,3,10,14,1,6,16,11,13	218,1315,1297,1305,702,822,1349,1194,998,800	new
131,408,446,454,459,521,591,617,637,650	2,3,5,10,12	4,8,0,7,14,1,15,9,16,13	218,1315,1284,1344,747,763,696,1057,1190,888	new
132,141,143,265,335,512,535,550,624,631	0,2,6,8,10	1,7,3,12,11,9,14,4,15,13	219,417,471,613,1241,1024,1302,1309,1020,537	new
132,141,199,228,429,445,466,468,500,523	1,3,6,7,12	8,0,2,10,11,14,4,15,5,13	219,380,746,748,932,471,470,1078,806,801	new
132,142,224,229,468,495,505,507,521,670	0,1,6,8,12	3,7,2,10,11,5,15,9,16,13	219,415,399,879,876,1057,452,1388,987,801	new
132,142,228,229,233,468,495,505,507,521	0,1,6,8,12	7,3,2,10,11,5,15,9,16,13	219,395,399,879,876,1057,452,380,987,801	new
132,142,265,408,426,526,591,622,637,651	0,1,3,8,10	7,2,6,12,15,5,9,14,11,13	219,1300,1315,1330,982,1234,231,696,719,537	new
132,143,155,178,221,224,234,466,515,650	0,2,7,8,12	1,6,10,3,15,14,13,16,9,11	219,1344,904,797,281,244,232,427,359,415	new
132,143,168,322,364,404,452,622,627,634	0,2,6,8,12	1,10,3,7,11,4,13,16,5,15	219,417,306,1003,1305,759,692,703,1312,1300	new
132,148,155,178,221,224,234,466,515,650	0,2,7,8,12	1,6,10,3,15,13,14,16,9,11	219,1344,894,797,281,244,237,427,359,415	new
132,148,364,376,395,468,488,624,629,631	1,3,6,8,12	0,2,7,10,14,16,11,9,4,13	219,644,1302,1309,1307,938,411,839,681,801	new
132,149,212,469,500,503,558,606,607,654	1,2,7,10,12	0,3,6,8,15,9,16,14,5,13	219,1141,812,335,355,1424,1266,1274,870,874	new
132,152,246,265,378,389,424,426,526,569	0,2,3,7,8	10,1,6,12,16,14,9,5,11,13	219,504,998,934,401,1164,671,725,719,537	new
132,154,265,408,500,503,617,622,637,663	0,1,3,8,10	7,2,6,12,15,5,16,11,14,13	219,1300,1315,1284,870,1346,261,696,1065,537	new
132,155,228,246,311,441,461,526,606,651	0,2,6,7,12	8,1,3,10,11,5,14,15,9,16	219,380,386,1254,982,1330,780,742,583,504	new
132,155,246,395,526,535,606,617,634,637	0,2,7,8,12	3,1,6,10,15,5,13,9,14,16	219,1010,1284,1315,1312,1274,244,934,809,504	new
132,157,181,233,422,468,535,628,629,631	1,3,6,8,12	7,2,0,10,11,16,14,9,4,13	219,395,1020,1309,1307,1426,996,309,288,801	new
132,157,196,233,422,468,535,628,631,654	1,3,6,8,12	7,2,0,10,11,16,14,4,9,13	219,395,1020,1309,1334,1426,996,309,307,801	new
132,157,265,332,347,364,512,627,634,637	2,3,7,8,10	0,6,1,12,14,16,4,5,15,13	219,644,1024,1305,736,247,610,1382,1390,537	new
132,159,233,265,311,396,500,617,622,637	0,1,3,8,10	7,2,6,12,15,5,16,11,9,13	219,1300,1315,1284,870,431,251,684,583,537	new
132,191,194,224,378,466,500,515,526,650	0,2,7,8,12	1,6,10,3,15,14,13,5,4,11	219,1344,904,797,870,934,998,300,304,415	new
132,194,228,246,465,466,468,495,503,507	0,1,6,7,12	2,3,8,10,13,14,5,4,11,16	219,910,304,851,434,1065,805,797,796,504	new
132,194,228,315,378,387,445,496,507,532	0,1,6,10,12	2,3,7,8,13,14,5,4,15,11	219,910,304,852,993,998,994,669,587,380	new
132,194,233,315,378,387,445,495,507,532	0,1,6,10,12	2,3,8,7,13,14,5,4,15,11	219,910,304,851,993,998,994,669,587,395	new
132,194,246,364,367,381,465,468,495,507	1,2,6,7,12	0,3,8,10,14,5,9,13,11,16	219,644,647,662,987,402,879,805,796,504	new
132,194,246,364,381,395,465,468,495,532	1,2,6,7,12	0,3,8,10,14,9,5,13,11,16	219,644,681,662,987,402,994,805,796,504	new
132,196,224,229,422,468,507,515,532,637	1,2,6,7,12	3,8,0,10,11,4,16,14,9,13	219,415,381,996,904,1382,910,984,307,801	new
132,196,228,229,446,468,503,507,515,637	1,2,6,7,12	8,3,0,10,11,4,14,16,9,13	219,380,381,747,904,1382,910,874,307,801	new
132,196,378,422,477,503,518,526,532,650	0,2,6,7,12	1,10,3,8,15,14,11,5,16,13	219,1344,996,659,982,985,984,387,1067,874	new
132,196,408,434,468,503,584,622,634,673	1,2,6,8,12	7,3,0,10,15,5,11,16,9,13	219,1300,1312,1227,1360,942,880,874,307,801	new
132,199,228,311,322,348,376,381,461,535	0,1,7,10,12	3,2,6,8,15,9,5,14,13,11	219,1010,314,873,938,855,863,703,1055,380	new
132,199,233,260,311,465,488,491,501,535	0,1,6,10,12	3,2,8,7,15,9,5,14,13,11	219,1010,314,871,937,854,796,532,583,395	new
132,199,233,265,335,535,606,617,622,651	1,3,6,8,10	7,2,0,12,11,9,14,16,15,13	219,395,470,793,1300,1010,1284,1330,1254,537	new
132,199,234,311,322,348,376,381,501,535	0,1,7,10,12	3,2,8,6,15,9,5,14,13,11	219,1010,314,871,938,855,863,703,1055,405	new
132,224,378,408,454,461,463,503,532,673	0,2,6,7,12	3,10,1,8,11,14,15,16,9,13	219,415,984,659,785,780,763,1360,942,874	new
132,224,422,424,445,465,480,495,622,629	0,1,6,10,12	3,8,2,7,11,14,5,13,4,15	219,415,987,826,796,993,996,725,1307,1300	new
132,224,466,468,505,507,532,558,564,570	1,2,6,7,12	0,8,10,3,15,9,16,13,14,11	219,1141,1154,1148,941,910,797,801,984,415	new
132,228,243,377,465,496,507,515,627,631	0,1,3,7,12	2,6,10,8,13,5,9,14,16,11	219,910,904,852,1305,1309,760,514,796,380	new
132,228,246,311,315,322,335,347,393,458	0,1,3,7,12	8,6,2,10,11,13,14,9,15,16	219,380,1055,703,702,736,793,773,989,504	new
132,228,408,465,468,503,535,561,673,678	1,2,7,8,12	3,0,6,10,15,5,14,11,4,13	219,1010,1144,1404,1406,696,1065,380,796,801	new
132,228,422,445,465,480,495,622,628,629	0,1,6,10,12	7,2,3,8,15,4,13,5,14,11	219,1300,1307,1426,996,993,796,826,987,380	new
132,229,377,388,389,390,452,507,622,628	0,6,8,10,12	2,3,1,7,13,16,4,9,14,15	219,910,381,840,845,897,717,658,1426,1300	new
132,229,377,388,389,390,507,627,628,650	0,6,8,10,12	1,7,3,2,15,14,9,4,16,13	219,1344,1426,658,717,897,845,1421,381,910	new
132,229,488,507,558,570,571,629,663,664	1,6,7,10,12	0,8,3,2,15,9,14,4,16,13	219,1141,1154,839,1196,1307,1346,1411,381,910	new
132,233,335,350,367,387,390,500,535,561	0,6,8,10,12	3,1,2,7,15,9,4,16,13,11	219,1010,630,613,988,845,861,1185,1078,395	new
132,234,311,350,374,376,441,535,618,637	0,2,7,10,12	3,1,8,6,15,9,5,4,13,11	219,1010,630,1285,1382,938,1063,1058,1055,405	new
132,234,311,350,376,441,535,617,618,637	0,2,7,10,12	3,1,8,6,15,5,9,4,13,11	219,1010,1284,1285,1382,938,1099,1058,1055,405	new
132,234,396,426,441,446,459,507,527,622	0,1,3,8,10	2,6,12,7,13,16,9,4,11,15	219,910,747,742,949,427,930,868,888,1300	new
132,243,246,364,446,465,466,488,496,594	2,3,7,8,12	0,1,6,10,14,15,13,11,5,16	219,644,896,806,808,747,1217,839,499,504	new
132,246,260,378,422,429,465,466,507,650	0,6,7,8,12	1,10,3,2,15,14,11,4,5,13	219,1344,996,659,722,532,504,808,797,910	new
132,246,260,424,523,558,560,570,628,663	1,3,6,7,12	0,2,8,10,15,4,11,14,9,16	219,1141,1143,1218,932,715,1306,1353,532,504	new
132,246,260,465,466,471,491,503,507,558	1,2,6,7,12	0,3,8,10,15,11,14,13,9,16	219,1141,814,844,796,806,910,1065,532,504	new
132,246,265,315,458,503,550,627,629,634	0,1,3,7,12	8,6,2,10,13,14,5,9,15,16	219,874,1071,1312,1305,1307,1133,773,989,504	new
132,246,315,335,458,500,503,627,629,634	0,1,3,7,12	8,6,2,10,13,5,14,9,15,16	219,874,870,1312,1305,1307,793,773,989,504	new
132,246,315,459,465,468,558,566,570,591	1,2,3,7,12	0,8,6,10,15,9,4,11,16,13	219,1141,1154,1150,1190,888,587,513,808,801	new
132,258,260,265,347,422,515,558,564,664	2,3,7,8,10	0,1,6,12,15,5,14,16,4,13	219,1141,530,894,713,736,1349,1148,532,537	new
132,265,364,422,426,488,496,515,523,571	2,3,7,8,10	0,1,6,12,14,15,5,16,11,13	219,644,896,894,713,937,1155,922,719,537	new
132,315,350,422,463,488,507,515,622,650	0,7,8,10,12	1,3,6,2,15,9,4,16,5,13	219,1344,630,1297,989,785,839,996,904,910	new
132,364,424,512,535,571,607,617,627,637	2,7,8,10,12	0,6,1,3,14,16,4,13,5,15	219,644,1024,1305,1255,1196,715,1315,1284,1010	new
141,142,154,228,429,441,503,505,550,560	0,2,6,9,12	1,10,3,4,7,15,8,16,11,5	230,243,1158,1241,742,748,941,874,434,231	new
141,142,155,374,393,452,469,618,627,651	0,2,6,9,12	4,3,1,10,5,7,15,14,8,13	230,231,244,1285,1330,655,677,1421,840,812	new
141,142,167,199,283,335,488,501,560,629	0,1,3,6,9	4,2,12,10,5,8,14,13,15,11	230,231,260,1046,937,871,1158,1387,613,314	new
141,142,186,212,228,503,507,515,518,678	1,2,6,9,12	0,10,3,4,13,7,14,16,11,5	230,335,294,985,910,894,1404,874,434,231	new
141,142,186,233,378,387,429,446,459,469	1,2,3,9,12	4,6,0,10,5,14,15,11,7,13	230,231,774,747,748,998,988,395,294,812	new
141,142,233,234,311,399,404,449,461,500	0,2,9,10,12	1,4,6,3,13,8,7,16,5,11	230,923,957,865,231,780,1078,583,427,431	new
141,142,347,408,424,454,469,505,558,622	0,2,6,9,12	4,1,3,10,5,16,8,11,14,13	230,231,696,763,941,715,625,1300,1141,812	new
141,142,347,408,424,469,503,505,558,627	0,2,6,9,12	4,1,3,10,5,16,11,8,14,13	230,231,696,1065,941,715,625,1421,1141,812	new
141,143,155,157,186,212,234,526,527,609	1,2,4,9,10	0,12,6,3,13,15,16,14,11,5	230,335,1259,453,247,244,934,949,427,232	new
141,143,155,374,393,452,469,618,651,664	0,2,6,9,12	3,4,1,10,5,7,15,14,8,13	230,232,244,1285,1330,655,677,1411,840,812	new
141,143,157,166,181,192,199,422,471,566	1,2,9,10,12	3,4,0,6,5,8,13,14,7,15	230,232,259,356,1049,288,309,996,1150,470	new
141,143,186,196,228,335,347,465,468,609	0,1,6,10,12	3,4,2,9,5,11,13,7,16,15	230,232,434,808,805,387,453,1259,736,793	new
141,143,186,212,228,503,507,515,532,678	1,2,6,9,12	0,10,4,3,13,7,14,16,11,5	230,335,294,984,910,894,1404,874,434,232	new
141,152,181,186,335,466,468,515,622,637	0,1,6,10,12	3,2,4,9,7,11,5,13,8,15	230,241,453,456,805,806,904,1382,1300,793	new
141,152,199,350,374,389,393,424,569,628	1,2,4,10,12	3,0,9,6,7,16,14,13,8,15	230,241,725,1426,1153,717,702,1063,1099,470	new
141,152,335,367,395,452,458,526,527,584	1,2,6,10,12	3,4,0,9,7,14,8,5,11,15	230,241,982,681,647,759,1227,949,773,793	new
141,152,390,449,452,507,515,621,627,628	0,2,4,6,12	1,10,9,3,13,8,16,11,14,7	230,923,840,672,1305,1306,894,910,1289,241	new
141,152,390,452,469,515,621,627,628,634	0,2,4,6,12	3,9,1,10,7,14,11,16,8,13	230,241,1289,1390,894,1306,1305,672,840,812	new
141,152,446,496,500,515,564,591,607,663	0,1,6,10,12	3,9,2,4,7,15,8,5,13,14	230,241,1266,1346,870,904,852,902,1148,1234	new
141,181,186,233,335,466,468,515,622,637	0,1,6,10,12	3,2,4,9,11,7,5,13,8,15	230,431,453,456,805,797,904,1382,1300,793	new
141,186,212,228,233,503,507,532,634,678	1,2,6,9,12	0,10,4,3,13,7,14,16,5,11	230,335,294,984,910,1390,1404,874,434,431	new
141,186,212,233,311,495,503,532,634,678	1,2,6,9,12	0,10,4,3,13,7,14,5,16,11	230,335,294,984,987,1390,1404,874,1055,431	new
141,186,228,233,335,347,465,468,532,609	0,1,6,10,12	3,4,2,9,11,5,13,7,16,15	230,431,434,808,805,994,453,1259,736,793	new
141,186,233,260,395,446,463,469,477,664	0,1,4,6,12	3,2,9,10,11,7,15,5,8,13	230,431,453,1411,1067,1097,747,785,681,812	new
141,196,246,315,335,465,468,469,471,480	0,1,2,6,12	9,4,3,10,15,11,16,7,5,13	230,793,587,513,808,801,387,826,814,812	new
141,196,265,322,335,469,477,535,622,634	0,1,2,6,12	9,4,3,10,15,8,5,16,11,13	230,793,1300,1312,703,822,307,1071,1010,812	new
141,196,315,335,468,469,480,495,503,561	0,1,2,6,12	9,4,3,10,15,11,5,7,16,13	230,793,587,851,1002,801,387,1065,1144,812	new
141,199,243,388,395,396,449,466,496,500	0,2,4,6,12	1,9,3,10,13,5,8,7,16,11	230,923,868,897,809,514,852,797,870,314	new
141,199,260,469,471,477,491,523,564,663	0,1,6,9,12	2,4,3,10,13,14,5,16,15,11	230,922,1148,854,1049,1098,1067,1097,1346,314	new
141,199,322,348,378,395,408,434,500,591	1,2,6,9,12	4,0,3,10,14,7,8,5,16,11	230,1234,659,681,626,595,942,880,870,314	new
141,199,322,348,395,408,434,461,526,591	1,2,6,9,12	4,3,0,10,14,7,8,5,16,11	230,1234,982,681,626,595,942,880,873,314	new
141,199,335,347,376,424,488,564,591,670	0,1,3,6,9	4,2,12,10,14,13,8,5,15,11	230,1234,1148,1356,937,938,725,625,613,314	new
141,199,374,377,441,446,500,515,591,663	0,2,6,9,12	4,1,3,10,14,8,15,7,16,11	230,1234,1346,658,655,742,747,904,870,314	new
141,199,377,501,512,550,560,566,569,591	0,1,3,9,12	4,10,2,6,14,11,16,7,5,15	230,1234,1235,1164,760,890,1133,1143,1042,470	new
141,199,389,417,459,463,501,518,628,663	0,4,6,9,12	1,3,2,10,15,14,8,7,16,11	230,1353,1306,717,708,888,800,903,871,314	new
141,199,417,424,459,463,501,526,628,663	0,4,6,9,12	1,3,2,10,15,14,7,8,16,11	230,1353,1306,715,708,888,800,934,871,314	new
141,199,422,458,495,501,527,606,628,663	0,4,6,9,12	1,3,2,10,15,14,5,13,16,11	230,1353,1306,713,773,949,851,1274,871,314	new
141,229,233,260,446,463,469,477,488,664	0,1,4,6,12	3,9,2,10,11,7,15,5,8,13	230,431,381,1411,1067,1097,747,785,839,812	new
141,233,246,311,395,429,446,463,468,523	0,1,6,10,12	2,9,4,3,13,14,5,15,16,11	230,922,722,902,800,809,805,513,1055,431	new
141,233,260,387,463,465,469,477,488,664	0,1,4,6,12	3,9,2,10,11,15,7,5,8,13	230,431,669,1411,1067,1097,808,785,839,812	new
141,233,260,469,471,477,523,564,594,663	0,1,6,9,12	2,4,10,3,13,14,5,16,15,11	230,922,1148,1194,1049,1098,1067,1097,1346,431	new
141,233,399,404,446,459,496,521,627,664	1,2,6,10,12	3,0,9,4,11,14,7,16,5,13	230,431,774,747,896,1421,1411,957,865,920	new
141,249,260,558,561,564,591,627,631,663	0,3,6,10,12	1,9,2,4,15,8,16,11,13,14	230,1353,1309,1305,1220,1185,521,532,1148,1234	new
141,322,348,378,381,469,561,591,673,678	1,2,6,9,12	4,0,3,10,14,7,5,8,16,13	230,1234,659,662,626,595,1406,1404,1144,812	new
141,335,466,491,496,500,564,591,607,663	0,1,6,10,12	4,2,3,9,14,13,5,8,7,15	230,1234,1148,854,852,797,870,1346,1266,793	new
141,374,377,441,454,469,561,591,663,678	0,2,6,9,12	4,1,3,10,14,8,15,7,16,13	230,1234,1346,658,655,742,763,1378,1144,812	new
142,143,168,196,224,311,364,387,503,521	0,1,6,10,12	3,2,9,5,4,8,16,7,11,13	231,232,262,644,669,372,387,1065,583,920	new
142,143,186,224,229,233,399,515,532,634	0,1,6,10,12	3,5,2,9,4,11,7,16,8,13	231,232,431,453,994,372,381,1390,894,865	new
142,143,347,408,424,449,471,523,558,622	0,2,6,9,12	1,5,10,3,16,8,11,14,13,4	231,696,754,932,715,625,1300,1141,814,232	new
142,143,347,408,424,471,521,523,558,627	0,2,6,9,12	1,5,10,3,16,11,8,14,13,4	231,696,1057,932,715,625,1421,1141,814,232	new
142,148,167,249,332,396,399,468,503,518	0,3,5,6,10	2,12,1,9,8,15,11,16,4,13	231,260,411,1088,903,805,1065,1103,868,865	new
142,152,155,249,429,505,523,550,625,629	0,2,6,9,12	3,5,1,10,7,4,15,8,11,16	231,244,241,1387,1241,1427,748,932,876,521	new
142,152,155,408,429,505,523,550,569,625	0,2,6,9,12	1,10,5,3,16,11,8,15,4,7	231,696,876,932,748,1427,1241,1153,241,244	new
142,154,155,374,466,496,518,558,560,651	0,5,9,10,12	1,2,6,3,8,14,4,16,15,7	231,261,1143,1141,896,806,985,1063,1374,244	new
142,154,181,186,228,347,389,424,569,663	0,6,9,10,12	1,5,2,3,8,14,15,4,7,11	231,261,1346,1153,717,715,625,453,456,434	new
142,154,249,265,466,468,500,629,631,663	0,2,5,6,12	1,9,3,10,8,14,4,11,7,16	231,261,1307,1309,1353,1078,806,801,537,521	new
142,154,249,265,503,622,627,631,634,663	0,2,6,9,12	1,5,3,10,8,14,4,13,11,16	231,261,1346,1348,1421,1300,1312,1071,874,521	new
142,154,374,496,515,518,558,560,651,670	0,5,9,10,12	1,2,6,3,8,14,4,16,7,15	231,261,1143,1141,896,894,985,1063,1374,1356	new
142,154,399,446,454,500,606,628,637,651	0,2,5,10,12	1,3,6,9,8,16,4,14,7,13	231,261,763,747,1426,1382,1374,1274,870,865	new
142,154,424,454,469,505,521,558,622,637	0,2,6,9,12	1,3,10,5,8,16,11,14,4,13	231,261,763,941,715,1315,1300,1141,812,920	new
142,155,167,347,426,477,628,629,637,664	0,1,6,10,12	2,9,5,3,8,15,4,13,16,7	231,260,1315,1307,1426,625,1411,1067,719,244	new
142,155,167,348,434,466,468,500,606,651	0,5,9,10,12	2,6,1,3,8,15,4,11,16,7	231,260,1330,1254,626,801,806,1078,730,244	new
142,159,181,186,212,224,315,387,521,609	1,2,3,9,10	5,0,12,6,13,4,15,16,14,8	231,920,335,1259,453,456,415,988,989,251	new
142,159,212,228,233,311,315,459,495,521	1,2,3,9,10	5,0,12,6,13,4,11,15,8,14	231,920,335,251,431,1055,380,987,989,774	new
142,159,396,441,449,461,521,622,625,629	0,2,9,10,12	5,1,3,6,13,4,15,7,8,16	231,920,923,1303,1307,1297,251,780,742,684	new
142,166,168,196,311,364,387,503,521,532	0,1,6,10,12	3,2,9,5,8,4,16,7,11,13	231,259,262,644,669,994,387,1065,583,920	new
142,166,192,422,503,507,515,566,591,673	1,2,6,9,12	3,0,10,5,8,13,16,7,11,14	231,259,356,1406,874,879,894,713,1235,1234	new
142,166,229,233,315,387,399,500,527,591	1,2,3,10,12	5,0,6,9,14,8,15,11,7,13	231,1234,669,381,383,978,989,431,870,865	new
142,167,228,258,311,466,500,515,558,560	0,5,9,10,12	2,1,6,3,8,14,4,7,16,11	231,260,1143,1141,530,894,806,1078,583,434	new
142,167,260,348,395,408,465,651,670,673	0,5,9,10,12	1,3,6,2,16,13,11,4,15,8	231,696,1360,532,796,681,626,1388,1330,260	new
142,167,260,381,395,408,465,503,651,670	0,5,9,10,12	1,3,6,2,16,11,13,4,15,8	231,696,1065,532,796,681,662,1388,1330,260	new
142,178,196,221,283,399,465,468,501,591	0,1,2,6,12	5,3,10,9,14,15,7,16,11,13	231,1234,1046,1042,291,808,805,307,359,865	new
142,178,265,322,404,461,466,503,507,521	0,2,3,9,10	5,1,12,6,13,8,7,14,4,15	231,920,957,595,874,1071,879,806,291,780	new
142,186,212,221,224,315,387,459,521,609	1,2,3,9,10	5,0,12,6,13,4,15,16,8,14	231,920,335,1259,453,373,415,988,989,774	new
142,186,212,228,503,515,518,521,637,678	1,2,6,9,12	3,10,0,5,11,16,14,7,4,13	231,434,874,1404,894,1382,985,294,335,920	new
142,186,228,229,233,387,399,515,532,634	0,1,6,10,12	3,5,2,9,11,4,7,16,8,13	231,434,431,453,994,669,381,1390,894,865	new
142,186,233,378,429,446,459,469,521,591	1,2,3,9,12	5,10,0,6,13,4,7,11,15,14	231,920,812,294,395,1190,998,748,747,774	new
142,191,192,399,408,488,491,566,571,591	0,2,3,6,12	5,10,1,9,14,11,15,7,16,13	231,1234,1235,1196,839,844,301,412,942,865	new
142,191,258,378,399,416,434,459,463,515	0,1,3,5,10	6,12,2,9,14,15,11,4,8,13	231,774,785,659,412,880,707,530,894,865	new
142,228,311,315,378,399,408,422,463,591	2,3,9,10,12	1,6,0,5,16,4,11,15,7,14	231,696,687,1055,380,587,800,996,659,1234	new
142,228,311,315,378,408,422,426,518,591	2,3,9,10,12	1,6,0,5,16,11,4,15,7,14	231,696,719,1055,380,587,903,996,659,1234	new
142,228,387,389,395,468,503,569,571,591	0,6,9,10,12	3,1,2,5,11,16,4,8,15,14	231,434,1065,805,809,988,717,1153,1155,1234	new
142,228,404,503,507,521,627,637,654,664	0,2,6,9,12	3,10,1,5,11,16,4,14,8,13	231,434,874,879,1315,1424,1421,1411,957,920	new
142,258,399,408,416,417,459,622,650,678	0,2,5,6,10	1,3,12,9,16,14,7,8,15,13	231,696,1378,951,775,774,1297,1329,967,865	new
142,322,378,488,521,624,625,627,634,670	0,1,6,10,12	3,2,9,5,15,14,4,8,16,13	231,1356,937,998,1427,1428,1421,1390,595,920	new
142,399,408,503,558,560,561,569,571,591	0,3,6,10,12	5,2,1,9,14,15,8,11,16,13	231,1234,1155,1153,1158,1220,1185,874,942,865	new
142,399,426,503,550,558,561,569,571,591	0,3,6,10,12	5,2,1,9,14,15,8,16,11,13	231,1234,1155,1153,1241,1220,1185,874,930,865	new
142,408,424,454,469,505,521,558,622,629	0,2,6,9,12	1,3,10,5,16,8,11,14,4,13	231,696,763,941,715,1387,1300,1141,812,920	new
142,408,424,469,503,505,521,558,627,629	0,2,6,9,12	1,3,10,5,16,11,8,14,4,13	231,696,1065,941,715,1387,1421,1141,812,920	new
143,148,155,221,224,228,311,501,518,637	0,4,5,10,12	6,1,2,9,7,15,16,13,3,11	232,237,1382,985,1042,386,380,1055,373,372	new
143,148,166,167,181,224,243,376,465,480	0,1,5,6,10	4,2,12,9,8,3,15,14,16,11	232,259,260,411,657,499,808,1002,288,372	new
143,152,154,166,229,283,381,627,628,629	0,2,6,10,12	4,1,9,5,8,3,14,15,11,7	232,259,261,1307,1426,555,662,1421,381,241	new
143,152,155,168,229,381,463,466,491,670	0,1,5,6,12	2,10,9,4,8,13,3,7,14,15	232,262,844,785,806,399,401,386,855,1356	new
143,152,155,168,229,422,463,491,606,670	0,1,5,6,12	2,10,9,4,8,13,3,14,7,15	232,262,844,785,713,399,401,386,1274,1356	new
143,152,155,422,424,463,471,491,526,606	0,1,5,6,12	4,9,2,10,7,15,14,3,8,13	232,244,1274,934,401,715,713,785,844,814	new
143,152,166,167,196,229,265,515,532,634	0,1,6,10,12	4,2,9,5,8,3,13,16,11,7	232,259,260,894,1390,537,387,994,381,241	new
143,152,388,390,424,495,512,584,628,670	1,2,6,10,12	4,9,0,5,15,11,8,14,16,7	232,1356,851,1227,845,897,890,1426,725,241	new
143,152,388,390,424,496,584,628,634,670	1,2,6,10,12	4,9,0,5,15,8,11,14,16,7	232,1356,1312,1227,845,897,896,1426,725,241	new
143,152,390,452,471,515,621,627,628,634	0,2,4,6,12	5,9,1,10,7,14,11,16,8,13	232,241,1289,1390,894,1306,1305,759,845,814	new
143,155,178,221,224,228,234,466,515,650	0,4,5,10,12	1,6,2,9,14,15,16,13,3,11	232,1329,894,806,291,386,380,405,373,372	new
143,155,194,224,229,422,495,518,606,607	0,1,5,6,12	4,10,2,9,7,14,3,13,8,11	232,244,1254,1255,399,713,985,987,402,372	new
143,157,186,477,500,503,622,634,637,670	0,1,6,10,12	2,5,9,4,7,11,13,3,8,15	232,247,453,1067,1065,1078,1382,1300,1312,1356	new
143,157,311,315,441,445,458,488,594,670	0,1,5,9,10	2,6,12,4,7,13,16,8,11,15	232,247,937,1194,979,989,1055,1058,993,1356	new
143,157,332,335,378,381,458,471,535,634	0,4,6,9,12	2,1,5,10,7,15,8,16,11,13	232,247,610,613,979,998,855,1312,1010,814	new
143,166,167,181,224,243,283,376,465,468	0,1,5,6,10	4,2,12,9,8,3,14,15,16,11	232,259,260,1046,657,499,808,801,288,372	new
143,166,228,234,311,390,426,471,503,521	2,4,5,9,12	6,0,1,10,11,15,3,14,8,13	232,427,920,583,930,874,380,383,845,814	new
143,192,224,434,454,500,518,532,650,678	0,5,6,10,12	1,4,2,9,14,16,13,3,15,11	232,1329,1378,356,877,880,870,903,994,372	new
143,224,229,260,335,477,564,607,663,664	1,4,6,10,12	0,2,5,9,15,16,14,13,7,11	232,1148,1349,1255,613,1346,1097,1067,381,372	new
143,224,315,374,417,422,471,495,609,650	0,4,5,6,12	1,2,9,10,14,15,3,8,11,13	232,1329,713,1063,775,1259,989,987,415,814	new
143,224,426,468,471,477,488,495,526,670	0,1,5,6,12	4,2,9,10,15,14,7,8,11,13	232,1356,937,934,930,822,801,987,415,814	new
143,229,233,260,335,387,477,564,663,664	1,4,6,10,12	0,2,9,5,15,16,14,13,7,11	232,1148,1349,988,613,1346,1097,1067,381,431	new
143,234,263,399,434,446,454,515,564,618	2,4,5,9,12	0,1,10,6,15,14,8,7,16,11	232,1148,902,877,880,1294,962,894,865,427	new
143,332,347,350,374,471,535,618,622,670	0,2,6,9,12	4,1,5,10,15,7,8,14,11,13	232,1356,1285,630,655,610,625,1300,1010,814	new
148,149,181,221,311,449,501,521,569,663	1,4,5,7,12	2,0,10,9,3,15,14,11,6,13	237,238,1153,1346,754,1057,1055,373,456,871	new
148,149,224,229,234,466,496,634,650,654	0,1,5,10,12	2,4,9,7,3,14,13,8,6,11	237,238,1334,1312,1329,852,806,399,372,427	new
148,149,229,233,446,523,535,564,606,651	0,1,7,10,12	2,5,9,4,3,13,16,8,6,15	237,238,932,1208,747,381,431,1010,1274,1374	new
148,149,234,322,399,469,477,571,607,654	0,1,5,9,12	2,4,10,7,3,14,6,15,16,11	237,238,1334,1255,1196,1098,1067,595,865,427	new
148,149,234,399,469,477,503,571,629,654	0,1,5,9,12	2,4,10,7,3,14,15,6,16,11	237,238,1334,1307,1196,1098,1067,874,865,427	new
148,149,234,399,471,480,503,594,627,654	0,1,5,9,12	2,4,10,7,3,14,13,6,16,11	237,238,1334,1305,1194,1049,1002,874,865,427	new
148,149,283,315,387,449,452,560,625,629	0,1,5,7,9	2,10,4,12,3,15,14,11,8,13	237,238,1143,1307,1303,923,840,669,587,555	new
148,150,154,167,258,454,461,628,650,651	0,5,7,9,12	1,10,2,4,3,16,14,11,8,15	237,239,530,1344,1426,327,243,877,873,1374	new
148,150,155,159,166,376,461,634,637,654	0,2,5,10,12	1,9,7,4,13,3,14,15,8,6	237,938,873,443,239,1382,1334,1312,259,244	new
148,150,159,234,376,381,390,627,637,654	0,2,4,9,12	1,10,5,7,15,13,8,16,14,11	237,1382,1334,1305,672,662,657,271,251,427	new
148,150,234,367,376,381,399,627,629,637	0,2,4,9,12	1,5,10,7,15,13,8,14,16,11	237,1382,1307,1305,647,662,657,271,865,427	new
148,150,234,376,381,390,416,627,629,637	0,2,4,9,12	1,5,10,7,15,13,8,16,14,11	237,1382,1307,1305,672,662,657,271,951,427	new
148,150,260,283,465,488,495,500,571,670	2,4,5,9,10	1,7,0,12,3,15,6,14,16,13	237,239,1078,532,796,851,1356,937,1196,555	new
148,152,154,167,332,374,408,515,651,678	0,2,7,10,12	5,1,4,9,6,3,13,15,8,16	237,241,243,942,1404,894,260,1330,655,610	new
148,154,155,376,454,468,480,503,505,629	1,2,5,7,12	0,9,10,4,14,16,15,8,13,6	237,657,1387,243,877,876,1065,805,826,244	new
148,155,157,186,471,480,495,501,518,584	0,1,4,7,12	2,5,10,9,6,11,16,8,14,13	237,247,453,903,851,1227,814,826,244,871	new
148,155,196,350,376,387,388,396,480,532	1,2,5,7,12	0,9,10,4,14,3,11,16,13,6	237,657,630,684,670,669,994,387,826,244	new
148,155,221,224,234,500,501,535,617,637	0,1,5,10,12	4,2,9,7,6,15,8,3,16,11	237,244,871,870,1315,1284,1010,415,359,427	new
148,155,233,446,459,488,523,535,564,606	0,1,7,10,12	2,5,9,4,13,3,16,8,15,6	237,937,932,1208,747,774,431,1010,1274,244	new
148,155,234,376,422,426,445,495,606,628	2,4,5,9,10	1,12,0,7,13,15,14,6,16,11	237,938,1426,996,993,851,1274,386,930,427	new
148,155,234,422,426,445,606,628,637,670	2,4,5,9,10	1,12,0,7,15,13,14,6,16,11	237,1382,1426,996,993,1356,1274,386,930,427	new
148,155,246,364,389,424,465,480,624,631	1,5,7,9,12	0,2,10,4,16,3,14,8,13,6	237,715,717,1348,1428,1003,504,796,826,244	new
148,155,258,424,515,606,617,622,628,637	2,5,7,10,12	0,1,9,4,16,14,3,8,15,6	237,715,1315,1297,1306,894,530,1284,1274,244	new
148,155,258,424,515,617,618,622,628,629	2,5,7,10,12	0,9,1,4,16,14,3,8,15,6	237,715,1387,1297,1306,894,530,1284,1285,244	new
148,155,260,265,377,393,469,488,561,663	0,1,7,9,12	2,5,10,4,13,11,14,3,16,6	237,937,1098,1185,702,760,1353,532,537,244	new
148,155,265,315,422,458,480,495,503,618	0,1,4,7,12	2,5,10,9,16,8,6,11,13,14	237,713,773,587,851,1002,874,537,244,1285	new
148,157,159,166,168,364,367,376,627,651	0,4,5,10,12	1,9,7,2,13,14,3,16,8,6	237,938,1374,443,383,1421,647,644,262,247	new
148,157,159,166,168,364,376,461,512,627	0,4,5,10,12	1,9,7,2,13,3,14,16,8,6	237,938,873,443,383,1421,890,644,262,247	new
148,157,159,243,246,332,350,387,532,651	0,4,9,10,12	2,1,7,5,6,15,16,8,11,14	237,247,610,984,988,504,499,630,251,1330	new
148,157,159,249,260,347,396,651,663,664	1,4,9,10,12	2,0,7,5,6,16,15,8,11,14	237,247,736,1349,1353,532,521,684,251,1330	new
148,157,167,178,229,246,378,422,495,526	0,1,5,9,10	4,2,7,12,13,16,11,6,3,15	237,934,998,504,987,381,996,309,291,327	new
148,157,196,399,408,477,503,507,526,621	0,1,5,7,12	2,9,10,4,6,11,14,8,15,13	237,247,387,1065,822,942,865,879,1293,934	new
148,157,283,332,347,376,560,622,629,637	2,4,5,7,10	0,1,9,12,14,16,3,8,15,13	237,657,1315,1297,736,247,610,1387,1158,555	new
148,159,166,186,228,233,424,469,571,651	1,2,4,9,10	0,12,7,5,16,13,3,15,11,14	237,715,1196,1098,453,431,434,259,251,1330	new
148,159,167,168,212,364,395,469,501,651	0,2,4,5,10	9,1,7,12,13,14,3,11,6,15	237,871,1374,443,442,1098,809,1003,306,327	new
148,159,167,234,350,374,378,387,628,663	0,2,4,9,10	7,5,1,12,11,14,8,16,13,15	237,427,251,630,655,659,669,1346,1426,327	new
148,159,234,283,350,512,550,624,625,628	0,2,4,9,10	7,5,1,12,11,14,8,6,15,13	237,427,251,630,1241,1024,1428,1427,1426,555	new
148,159,234,315,347,387,389,422,463,622	0,4,9,10,12	2,1,5,7,16,8,15,6,14,11	237,713,785,989,988,717,736,1297,251,427	new
148,159,234,374,378,387,441,628,637,663	0,2,4,9,10	1,12,5,7,15,13,16,8,14,11	237,1382,1426,1346,669,659,655,742,251,427	new
148,159,234,376,441,512,550,624,625,628	0,2,4,9,10	1,12,5,7,13,15,6,8,14,11	237,938,1426,1427,1428,1024,1241,742,251,427	new
148,159,234,441,471,488,521,527,594,651	0,1,4,9,10	2,12,7,5,13,16,3,8,11,14	237,937,1194,1049,949,427,920,742,251,1330	new
148,159,364,367,376,422,441,445,550,651	0,4,5,10,12	1,9,7,2,13,14,3,6,8,16	237,938,1374,443,1058,1133,647,644,746,713	new
148,159,364,376,422,441,445,461,512,550	0,4,5,10,12	1,9,7,2,13,3,14,6,8,16	237,938,873,443,1058,1133,890,644,746,713	new
148,166,167,181,224,228,243,246,376,480	0,4,5,9,10	1,2,7,12,13,11,6,16,8,15	237,938,514,513,826,456,415,380,383,327	new
148,166,167,181,224,229,243,246,480,488	0,4,5,9,10	2,1,7,12,13,11,6,16,8,15	237,937,514,513,826,456,415,381,383,327	new
148,166,376,381,441,461,500,526,634,651	0,2,7,9,12	1,10,4,5,13,8,15,16,6,14	237,938,855,1312,259,742,780,1078,982,1330	new
148,166,376,381,441,461,501,526,651,670	0,2,7,9,12	1,10,4,5,13,8,16,15,6,14	237,938,855,1356,259,742,780,1042,982,1330	new
148,167,186,332,347,424,560,622,629,637	2,4,5,7,10	0,1,9,12,16,14,3,8,13,15	237,715,1315,1297,736,294,610,1387,1158,327	new
148,167,234,265,422,426,445,606,628,670	2,4,5,9,10	7,0,1,12,11,16,6,14,13,15	237,427,930,1071,1274,1356,993,996,1426,327	new
148,167,258,263,332,335,377,617,628,637	2,5,7,10,12	1,4,0,9,15,11,14,8,3,16	237,1382,1296,967,962,260,1306,658,613,610	new
148,167,263,335,424,617,618,622,628,651	2,5,7,10,12	0,9,1,4,16,3,14,8,11,15	237,715,613,1297,1306,260,962,1294,1296,1374	new
148,167,263,335,424,617,618,628,631,637	2,5,7,10,12	0,9,4,1,16,3,14,8,11,15	237,715,613,1348,1306,260,962,1294,1296,1382	new
148,167,393,417,424,477,550,560,663,664	1,2,4,7,10	0,5,9,12,16,3,14,8,13,15	237,715,708,1241,702,822,1349,1353,1158,327	new
148,191,408,424,426,434,584,621,651,673	1,2,5,9,12	0,7,10,4,16,11,6,8,13,15	237,715,930,880,942,412,1360,1227,1293,1374	new
148,196,221,234,381,395,463,468,495,526	0,1,5,10,12	4,2,9,7,13,14,6,15,16,11	237,934,855,851,800,809,805,307,359,427	new
148,228,311,376,426,445,496,526,628,629	1,2,7,10,12	0,9,5,4,14,16,6,11,3,13	237,657,1387,1426,896,993,434,1055,930,934	new
148,228,311,424,426,445,496,526,628,629	1,2,7,10,12	0,9,5,4,16,14,6,11,3,13	237,715,1387,1426,896,746,434,1055,930,934	new
148,234,265,283,422,426,445,495,606,628	2,4,5,9,10	7,0,1,12,11,16,6,14,15,13	237,427,930,1071,1274,851,993,996,1426,555	new
148,234,311,315,558,566,570,622,628,637	0,2,5,9,10	1,12,4,7,15,13,8,14,16,11	237,1382,1426,1300,1141,1154,1150,587,583,427	new
148,234,311,449,500,503,521,617,651,663	0,2,9,10,12	5,1,4,7,14,8,3,6,16,11	237,1330,1284,870,1346,754,1057,1065,583,427	new
148,234,374,378,387,441,527,629,637,663	0,2,4,9,10	1,5,12,7,15,13,16,8,14,11	237,1382,1307,1346,669,659,655,742,949,427	new
148,234,376,441,512,527,550,624,625,629	0,2,4,9,10	1,5,12,7,13,15,6,8,14,11	237,938,1307,1427,1428,1024,1241,742,949,427	new
148,234,377,404,426,515,526,628,637,663	0,2,9,10,12	1,7,5,4,15,14,6,8,3,13	237,1382,894,1306,658,1346,957,427,930,934	new
148,246,265,378,422,480,495,503,606,651	0,1,4,7,12	2,9,10,5,16,8,6,11,13,14	237,713,659,513,851,1002,874,537,1254,1330	new
148,246,315,395,422,469,526,535,634,650	0,1,5,7,9	2,10,12,4,16,14,11,6,8,13	237,713,1329,1312,1010,812,681,513,587,934	new
148,246,332,378,480,495,503,561,606,651	0,1,4,7,12	5,10,2,9,14,13,11,6,8,16	237,1330,1254,1185,874,1002,851,513,659,610	new
148,246,395,422,446,469,495,526,535,634	0,1,5,7,9	2,12,10,4,16,14,11,6,8,13	237,713,902,1312,1010,812,681,513,851,934	new
148,260,283,348,465,488,500,571,637,670	2,4,5,9,10	1,7,0,12,15,3,6,14,16,13	237,1382,1078,532,796,863,1356,937,1196,555	new
148,260,335,424,429,469,477,488,550,625	1,4,7,10,12	0,9,5,2,16,3,14,6,11,13	237,715,613,1241,1427,748,1097,1067,1098,937	new
148,283,315,387,388,422,458,459,496,591	0,1,5,9,10	2,7,4,12,16,14,3,11,8,13	237,713,852,670,669,1234,774,773,587,555	new
148,283,387,446,461,495,570,571,594,651	1,2,5,9,10	4,7,0,12,15,3,14,8,16,13	237,1374,780,747,987,988,1194,1218,1196,555	new
148,315,417,422,458,466,515,526,566,637	0,2,5,9,10	1,7,12,4,15,14,3,11,8,13	237,1382,894,806,713,1235,775,773,587,934	new
148,332,335,350,376,458,527,550,558,629	2,4,7,10,12	1,5,0,9,13,11,15,3,14,16	237,938,1099,793,773,949,1220,1241,1387,610	new
148,332,364,367,374,378,515,518,550,637	0,4,5,10,12	1,7,2,9,15,14,3,6,8,16	237,1382,894,985,1063,1133,647,644,659,610	new
148,332,364,374,378,500,512,518,550,637	0,4,5,10,12	1,7,2,9,15,3,14,6,8,16	237,1382,1078,985,1063,1133,890,644,659,610	new
148,332,374,376,377,422,424,622,628,637	1,5,7,10,12	0,2,4,9,14,3,15,13,8,16	237,657,658,1426,1300,1382,725,996,655,610	new
148,332,422,463,488,515,518,621,634,651	0,2,5,7,12	4,10,1,9,15,13,8,3,11,16	237,1374,1293,1312,904,996,839,785,985,610	new
148,350,376,422,424,463,488,631,650,654	1,5,7,10,12	0,9,4,2,14,3,15,16,8,13	237,657,630,1344,1309,1334,725,996,800,937	new
148,350,376,424,441,458,527,558,560,629	2,4,7,10,12	0,9,5,1,16,14,15,3,11,13	237,715,1387,1158,1220,949,773,1058,1099,938	new
148,376,377,422,424,501,518,628,631,654	1,5,7,10,12	0,2,4,9,14,3,15,16,8,13	237,657,658,1426,1309,1334,725,996,903,871	new
148,376,377,501,515,518,628,631,637,654	1,5,7,10,12	0,2,4,9,14,16,15,3,8,13	237,657,1306,760,1309,1334,1382,904,903,871	new
148,376,463,515,526,629,631,637,654,663	1,5,7,10,12	0,9,2,4,14,16,15,3,8,13	237,657,1387,1353,1309,1334,1382,904,800,934	new
148,376,515,518,526,628,631,637,654,663	1,5,7,10,12	0,2,9,4,14,16,15,3,8,13	237,657,1306,1353,1309,1334,1382,904,903,934	new
148,389,422,446,564,570,594,607,621,651	1,4,7,10,12	2,0,9,5,16,3,15,11,6,14	237,713,717,1255,1194,1218,1208,747,1289,1330	new
148,396,422,441,445,461,496,501,512,550	0,4,5,10,12	2,7,1,9,16,8,14,6,3,13	237,713,746,896,890,1133,1058,868,873,871	new
148,417,422,458,466,515,526,527,566,637	0,2,5,9,10	1,12,7,4,15,14,3,11,8,13	237,1382,904,806,713,1235,775,773,949,934	new
148,422,466,495,496,526,558,560,606,628	0,5,7,9,12	2,1,10,4,16,11,3,14,8,13	237,713,806,896,1426,1158,1220,1274,851,934	new
148,422,466,496,526,617,621,622,628,629	0,5,7,9,12	2,1,10,4,16,11,3,14,15,13	237,713,806,896,1426,1387,1297,1284,1293,934	new
148,422,466,496,550,617,621,622,628,651	0,5,7,9,12	2,1,10,4,16,11,3,14,13,15	237,713,806,896,1426,1241,1297,1284,1293,1374	new
148,422,569,607,618,621,628,631,637,650	0,5,7,9,12	1,4,10,2,15,6,11,3,14,16	237,1382,1285,1289,1266,1153,1426,1309,1329,713	new
148,434,500,501,558,560,606,618,629,637	0,2,5,10,12	1,7,4,9,15,3,16,8,14,13	237,1382,1078,730,1285,1387,1158,1220,1274,871	new
149,150,159,283,315,458,461,501,550,560	0,3,7,9,12	1,5,4,10,2,11,14,8,16,15	238,239,443,873,871,555,587,773,1133,1143	new
149,150,228,233,377,393,395,465,500,512	3,4,9,10,12	0,5,7,1,14,8,16,11,15,2	238,658,677,890,681,796,380,395,1078,239	new
149,150,258,387,488,495,501,507,515,594	0,4,5,9,12	1,10,3,7,2,16,11,6,13,15	238,239,530,894,879,851,669,1217,839,1042	new
149,159,212,283,378,422,441,526,550,628	0,4,7,10,12	3,9,1,5,16,8,15,13,2,11	238,713,659,982,1046,1306,1133,1058,443,442	new
149,181,212,228,233,469,471,535,631,654	0,1,7,9,12	4,10,3,5,14,16,6,8,13,11	238,1334,1309,1020,395,380,288,1049,1098,442	new
149,181,221,399,449,488,501,521,569,663	1,4,5,7,12	0,10,9,3,15,14,11,6,2,13	238,1153,1346,754,1057,687,373,456,871,937	new
149,186,212,229,446,560,569,607,628,663	1,4,7,10,12	0,9,3,5,15,16,14,2,6,11	238,1153,1255,1353,1158,1426,747,381,453,442	new
149,199,260,311,315,322,335,501,634,654	0,1,3,10,12	4,9,5,7,14,13,11,6,2,15	238,1334,1312,703,532,583,587,793,470,1042	new
149,199,335,378,389,422,501,512,594,627	0,1,4,10,12	3,9,5,7,16,8,13,6,2,15	238,713,659,1217,1421,890,671,793,470,1042	new
149,212,265,501,503,521,617,622,634,651	0,1,3,10,12	5,9,4,7,11,13,6,16,8,15	238,442,1057,1065,537,1390,1297,1284,1330,1042	new
149,228,229,311,422,441,459,463,527,654	0,1,5,9,10	3,12,7,4,16,11,8,15,2,14	238,713,399,434,1055,1058,978,785,774,1334	new
149,229,263,387,389,560,584,625,663,678	1,3,5,7,12	0,4,9,10,16,13,2,11,8,15	238,717,1427,1346,669,381,1178,1404,962,1143	new
149,229,374,377,378,389,422,560,607,628	1,3,7,9,12	0,5,4,10,14,2,6,11,13,15	238,658,655,659,713,399,1255,717,1306,1143	new
149,229,377,378,477,505,523,594,625,663	1,3,7,9,12	0,10,4,5,14,15,11,2,6,13	238,658,1346,1427,998,1194,399,822,941,932	new
149,229,378,422,477,505,523,569,625,663	1,3,7,9,12	0,10,4,5,15,14,11,2,6,13	238,1153,1346,1427,998,713,399,822,941,932	new
149,246,260,335,374,377,387,422,429,441	1,5,7,9,12	0,10,4,3,14,6,13,8,15,16	238,658,613,988,504,532,722,1058,1063,713	new
149,246,322,348,378,422,449,521,569,663	1,4,5,7,12	0,10,9,3,15,14,11,6,8,16	238,1153,1346,754,1057,703,863,513,659,713	new
149,260,322,348,377,500,501,606,628,637	4,5,9,10,12	0,3,1,7,14,16,2,11,8,15	238,658,1306,1315,870,1097,595,626,1254,1042	new
149,260,322,501,521,523,629,637,651,663	0,1,3,10,12	5,9,4,7,13,11,14,6,8,15	238,932,1057,703,532,1353,1387,1315,1330,1042	new
149,260,335,389,446,469,477,488,550,628	1,4,7,10,12	0,9,5,3,16,2,14,6,11,13	238,717,613,1241,1426,747,1097,1067,1098,937	new
149,260,335,389,446,469,477,523,628,629	1,4,7,10,12	0,9,3,5,16,2,14,6,11,13	238,717,613,1387,1426,747,1097,1067,1098,932	new
149,260,389,424,446,477,521,523,628,629	1,4,7,10,12	0,3,9,5,16,2,14,6,11,13	238,717,715,1387,1426,747,1097,1067,1057,932	new
149,265,501,503,521,523,535,617,622,651	0,1,3,10,12	5,9,4,7,13,11,6,16,8,15	238,932,1057,1065,537,1020,1297,1284,1330,1042	new
149,283,315,387,422,466,515,518,560,591	0,4,5,9,12	3,1,7,10,16,14,11,6,13,15	238,713,894,797,903,587,669,1234,1046,1143	new
149,283,315,422,458,466,501,515,518,591	0,4,5,9,12	3,1,10,7,16,11,14,6,13,15	238,713,806,904,903,587,773,1234,1046,1042	new
149,283,377,512,523,560,571,627,631,663	1,4,9,10,12	0,7,3,5,14,16,6,8,15,13	238,658,1024,1305,1309,1353,1158,555,1196,932	new
149,315,387,422,501,515,518,526,591,650	0,4,5,9,12	3,10,1,7,16,14,11,6,13,15	238,713,1329,904,903,587,669,1234,982,1042	new
149,332,381,488,501,558,606,627,634,637	0,1,5,10,12	3,4,9,7,13,14,2,8,6,15	238,937,855,1274,1220,1305,1312,1315,1088,1042	new
149,377,387,389,501,512,624,637,651,654	1,3,5,10,12	0,9,4,7,16,11,14,6,8,15	238,717,988,1302,890,760,1424,1315,1330,1042	new
149,388,452,535,569,607,627,634,650,654	1,3,5,9,10	0,12,7,4,15,13,11,6,16,14	238,1153,1266,1010,1344,1390,1421,840,670,1334	new
149,388,505,507,523,569,621,624,628,631	1,3,7,10,12	0,4,9,5,15,14,16,8,6,13	238,1153,1426,1309,670,1302,1289,910,876,932	new
149,422,461,463,560,606,617,622,628,651	0,5,7,9,12	3,1,4,10,16,8,2,14,13,15	238,713,785,780,1374,1274,1284,1297,1306,1143	new
149,422,461,463,560,606,617,622,629,670	0,5,7,9,12	3,1,4,10,16,8,2,13,14,15	238,713,785,780,1356,1274,1284,1297,1307,1143	new
149,446,566,569,591,594,628,631,654,663	1,3,7,9,12	0,5,10,4,15,2,11,6,16,14	238,1153,1150,1190,1194,902,1306,1353,1309,1334	new
150,154,191,196,258,408,468,495,561,584	2,3,7,9,12	5,4,0,10,6,13,14,8,15,16	239,243,942,412,387,805,851,1227,1144,530	new
150,154,258,335,347,408,505,558,622,664	0,3,7,9,12	5,4,2,10,6,13,1,14,15,16	239,243,942,941,1349,736,793,1300,1141,530	new
150,154,258,377,393,408,496,505,628,664	0,3,7,9,12	5,4,2,10,6,13,1,14,11,16	239,243,942,941,1349,702,760,1426,896,530	new
150,155,263,265,416,461,466,507,515,651	0,2,4,7,12	5,10,3,9,16,6,11,1,14,13	239,707,535,904,797,910,537,244,1374,873	new
150,159,376,395,461,465,466,488,500,651	0,2,3,7,12	5,10,4,9,11,14,16,8,1,13	239,443,1374,938,937,809,808,797,870,873	new
150,166,258,376,446,454,463,496,526,627	0,5,7,9,12	3,4,2,10,13,1,8,15,11,16	239,938,934,800,902,877,383,1421,896,530	new
150,196,461,463,466,468,480,617,621,637	0,2,5,7,12	3,4,10,9,15,11,6,1,8,13	239,1382,1296,1289,1002,307,805,797,800,873	new
150,196,461,463,466,480,532,618,621,637	0,2,5,7,12	3,4,10,9,15,6,11,1,8,13	239,1382,1285,1289,1002,307,994,797,800,873	new
150,228,258,376,465,468,496,503,651,670	0,4,5,7,12	3,9,2,10,13,14,1,6,11,16	239,938,1374,1356,434,1065,805,808,896,530	new
150,228,258,461,466,468,496,503,651,670	0,4,5,7,12	9,3,2,10,13,14,1,6,11,16	239,873,1374,1356,434,1065,805,797,896,530	new
150,258,315,422,445,458,495,496,515,637	0,4,5,9,12	3,7,2,10,15,14,6,13,11,16	239,1382,894,713,773,587,851,993,896,530	new
150,258,315,422,458,495,496,500,515,518	0,4,5,9,12	7,2,3,10,15,14,6,13,11,16	239,1078,985,713,773,587,851,852,894,530	new
150,258,315,458,463,466,495,496,500,515	0,4,5,9,12	7,3,2,10,15,14,13,6,11,16	239,1078,894,785,773,587,851,797,896,530	new
150,258,315,458,463,466,495,500,515,518	0,4,5,9,12	7,2,3,10,15,14,13,6,11,16	239,1078,985,785,773,587,851,797,894,530	new
150,258,315,458,463,466,500,515,518,526	0,4,5,9,12	7,2,3,10,15,13,14,6,11,16	239,1078,982,785,773,587,903,797,894,530	new
150,260,283,376,381,465,488,495,500,571	2,4,5,9,10	3,12,0,7,13,1,16,14,6,15	239,938,555,1196,937,855,851,796,532,1078	new
150,260,376,377,465,495,500,501,569,606	2,4,5,9,10	3,12,0,7,13,11,16,14,6,15	239,938,760,1164,871,1274,851,796,532,1078	new
150,265,283,376,378,468,488,500,532,571	2,4,5,9,10	3,12,0,7,13,1,16,14,8,15	239,938,555,1196,937,998,994,801,537,1078	new
150,335,387,461,564,594,629,637,663,670	0,4,7,10,12	3,5,2,9,15,6,8,1,16,13	239,1382,1387,613,1346,669,1217,1208,1388,873	new
150,335,387,461,564,622,637,663,664,670	0,4,7,10,12	3,5,2,9,15,8,6,1,16,13	239,1382,1297,613,1346,669,1411,1208,1388,873	new
150,364,374,378,399,422,461,496,515,651	0,4,5,10,12	7,3,2,9,16,14,1,6,15,13	239,687,904,852,1003,998,996,655,1330,873	new
152,154,233,260,311,322,417,424,429,663	2,4,9,10,12	0,6,7,1,16,8,5,11,15,3	241,725,775,748,1097,595,583,395,1353,243	new
152,155,157,168,178,229,381,463,466,491	0,1,4,6,12	2,7,10,9,5,8,13,3,16,11	241,247,262,844,785,662,244,281,797,381	new
152,155,178,229,465,466,477,505,507,532	0,1,6,7,12	4,2,10,9,5,8,13,3,14,11	241,244,281,796,806,984,822,941,910,381	new
152,155,181,335,465,466,500,607,629,637	0,1,6,10,12	4,2,7,9,5,11,13,8,3,15	241,244,456,808,806,1078,1382,1307,793,1266	new
152,155,186,228,311,426,495,526,532,606	0,1,6,7,12	2,9,10,4,11,16,8,15,5,14	241,453,994,851,434,1055,930,386,1254,982	new
152,155,186,364,378,381,501,518,621,624	0,1,4,6,12	2,10,7,9,11,16,3,13,8,14	241,453,903,871,244,662,659,644,1302,1289	new
152,155,194,224,229,422,463,480,495,496	1,2,6,7,12	4,10,0,9,5,13,14,3,16,11	241,244,826,987,415,304,852,800,996,381	new
152,155,463,496,526,558,560,618,621,629	0,2,4,7,12	1,10,6,9,15,3,8,13,5,14	241,1387,1158,1220,852,800,934,244,1285,1289	new
152,157,159,243,246,332,350,495,532,651	0,4,9,10,12	2,1,7,6,5,15,16,8,11,14	241,247,610,984,987,504,499,630,251,1330	new
152,157,167,168,246,260,495,500,515,621	0,1,6,10,12	2,7,4,9,5,8,3,13,11,14	241,247,262,260,894,1078,532,504,987,1289	new
152,157,181,335,465,466,500,607,622,637	0,1,6,10,12	2,4,7,9,5,11,13,8,3,15	241,247,456,808,806,1078,1382,1300,793,1266	new
152,157,196,246,260,387,426,477,503,664	0,1,6,7,12	2,9,10,4,5,11,14,8,3,16	241,247,387,1065,822,1349,988,504,532,719	new
152,157,332,374,417,422,424,625,628,629	2,4,7,9,10	0,6,12,1,16,8,14,5,13,15	241,725,775,1063,1088,309,996,1426,1427,1387	new
152,159,233,374,378,387,441,625,629,663	0,2,4,9,10	1,12,6,7,15,13,16,8,14,11	241,1387,1427,1346,669,659,655,742,251,431	new
152,166,178,233,388,390,500,512,629,631	0,2,4,6,12	1,9,10,7,15,8,13,3,16,11	241,1387,1348,1024,670,672,259,281,870,431	new
152,166,526,606,617,618,622,627,629,670	0,2,7,9,12	1,6,10,4,15,8,13,16,5,14	241,1387,1297,1305,259,1356,1285,1296,1254,982	new
152,181,186,335,465,466,515,607,622,637	0,1,6,10,12	2,4,7,9,11,5,13,8,3,15	241,453,456,808,806,894,1382,1300,793,1266	new
152,186,196,246,260,387,426,477,503,532	0,1,6,7,12	2,9,10,4,11,13,14,8,3,16	241,453,1067,874,307,984,988,504,532,719	new
152,186,196,347,424,468,477,518,526,532	1,2,6,7,12	0,9,10,4,16,5,13,8,11,14	241,725,625,453,1067,387,805,984,985,982	new
152,186,212,469,558,606,609,629,634,637	0,4,9,10,12	1,6,7,2,15,5,8,3,14,11	241,1387,1382,1390,1254,1141,812,335,1259,453	new
152,186,332,395,469,501,512,569,627,629	0,1,7,9,12	2,6,4,10,11,13,5,3,14,15	241,453,1098,809,1024,1305,1307,1088,1042,1153	new
152,194,196,229,507,526,571,591,629,637	0,1,6,10,12	4,7,2,9,14,3,15,8,5,11	241,982,1234,1155,1387,1315,879,402,387,381	new
152,196,229,260,387,426,477,480,532,663	0,1,6,7,12	4,10,2,9,16,3,14,8,13,11	241,719,532,1353,988,984,307,1002,1067,381	new
152,196,229,429,441,503,521,532,625,629	0,4,6,7,10	1,12,2,9,15,13,14,5,16,11	241,1387,1427,748,742,920,874,307,994,381	new
152,229,311,374,422,426,441,477,628,629	0,4,6,10,12	1,7,2,9,15,14,5,3,13,11	241,1387,1306,713,1063,1058,1055,719,1067,381	new
152,233,315,387,404,416,424,505,527,664	1,2,6,10,12	0,4,9,7,16,13,5,3,15,11	241,725,876,1411,957,951,949,587,669,431	new
152,233,376,377,387,388,424,627,628,654	1,2,4,6,10	0,12,9,7,16,14,8,13,15,11	241,725,938,760,1306,1305,1334,670,669,431	new
152,233,387,404,416,426,458,505,527,664	1,2,6,10,12	4,0,9,7,16,13,5,3,15,11	241,719,876,1411,957,951,949,773,669,431	new
152,233,404,416,426,458,477,527,591,664	1,2,6,10,12	4,9,0,7,16,13,5,3,15,11	241,719,1067,1411,957,951,949,773,1234,431	new
152,234,404,426,515,631,637,650,651,663	0,2,7,9,10	4,12,1,6,16,11,13,5,15,14	241,719,405,692,1353,1309,1344,904,1315,1330	new
152,260,265,445,458,465,566,569,617,621	0,4,6,7,12	9,1,2,10,14,5,11,8,16,15	241,1289,1296,537,532,796,993,979,1150,1153	new
152,332,399,426,500,501,569,607,628,637	0,2,7,10,12	4,1,6,9,16,11,5,8,13,15	241,719,687,1078,1042,1088,1315,1306,1164,1266	new
152,404,426,515,521,631,637,650,651,663	0,2,7,9,10	4,12,1,6,16,13,11,5,15,14	241,719,1057,692,1353,1309,1329,904,1315,1330	new
152,422,461,463,594,624,625,627,629,651	0,2,4,9,10	1,7,12,6,15,13,8,5,16,14	241,1387,1303,1428,1421,1217,996,800,873,1330	new
152,426,441,500,521,526,527,569,607,663	0,1,2,7,10	4,12,6,9,14,11,3,8,13,15	241,982,978,1058,1057,719,1078,1353,1164,1266	new
152,426,500,606,617,618,622,627,629,634	0,2,7,9,12	1,6,10,4,15,8,13,5,14,16	241,1387,1297,1305,1312,1274,1285,1296,1078,719	new
152,463,496,526,558,560,569,618,621,651	0,2,4,7,12	9,6,1,10,14,5,13,8,3,15	241,1289,1285,1374,934,800,852,1220,1158,1153	new
152,500,526,617,618,622,627,629,634,670	0,2,7,9,12	1,6,10,4,15,8,13,5,16,14	241,1387,1297,1305,1312,1356,1285,1296,1078,982	new
154,155,159,315,449,452,480,495,526,584	2,3,4,9,12	6,0,10,7,11,15,14,16,8,13	243,443,587,934,386,1002,987,1178,840,923	new
154,155,387,389,416,434,495,526,569,629	0,2,4,7,9	3,10,12,6,15,1,13,8,14,16	243,1387,1153,717,988,987,982,386,880,707	new
154,159,243,350,381,387,395,404,452,495	0,4,9,10,12	6,3,2,7,11,13,5,15,8,16	243,443,1099,514,681,662,987,988,759,692	new
154,159,243,350,387,465,491,495,607,663	0,4,9,10,12	6,3,2,7,11,13,5,16,8,15	243,443,1099,514,796,844,987,988,1255,1353	new
154,159,243,408,463,466,468,477,488,527	0,2,3,7,12	4,10,9,6,13,1,8,5,16,11	243,942,822,801,797,499,839,785,978,443	new
154,159,376,395,454,465,468,488,503,651	0,2,3,7,12	6,10,4,9,11,14,16,8,1,13	243,443,1374,938,937,809,808,801,874,877	new
154,159,416,417,446,454,459,584,609,673	0,3,7,10,12	6,2,4,9,11,15,1,8,16,13	243,443,1282,708,707,774,747,1178,1406,877	new
154,166,167,192,283,381,390,408,454,673	2,3,6,7,9	4,12,0,10,13,14,5,16,15,11	243,942,1406,301,763,259,672,662,555,327	new
154,166,260,263,446,454,561,634,663,678	2,4,6,9,12	7,0,3,10,15,5,14,8,13,16	243,1353,532,902,877,383,1390,1185,1378,535	new
154,167,178,181,408,463,480,496,503,515	0,2,6,7,12	4,9,3,10,13,1,14,15,16,11	243,942,874,1002,288,291,785,896,904,327	new
154,167,178,181,446,454,463,480,503,515	0,2,6,7,12	9,4,3,10,13,1,14,15,16,11	243,877,874,1002,288,291,785,747,904,327	new
154,167,260,395,408,465,488,503,651,670	0,2,3,7,12	4,9,6,10,13,1,16,8,14,11	243,942,874,1097,808,809,937,1356,1374,327	new
154,167,260,395,454,465,488,501,503,651	0,2,3,7,12	9,4,6,10,13,1,16,8,14,11	243,877,874,1097,808,809,937,871,1374,327	new
154,167,283,367,416,564,571,627,664,678	3,4,7,9,12	6,2,0,10,16,14,8,1,15,11	243,707,1404,647,1421,1411,1208,1196,555,327	new
154,167,376,377,618,625,628,629,637,651	0,2,4,7,9	3,12,6,10,15,13,5,16,14,11	243,1387,1427,1426,658,657,1315,1294,1374,327	new
154,167,377,388,396,449,452,515,628,637	0,2,4,6,12	7,9,3,10,13,5,8,16,14,11	243,923,868,897,759,760,1306,894,1382,327	new
154,178,228,315,322,408,463,500,503,663	0,2,3,9,10	4,12,6,7,13,8,14,1,5,15	243,942,595,874,434,989,785,291,1078,1353	new
154,191,196,258,408,416,468,507,561,584	2,3,7,9,12	4,0,10,6,13,14,8,15,5,16	243,942,412,387,805,879,1227,1144,530,707	new
154,194,364,367,404,452,532,627,629,664	0,4,6,10,12	3,9,2,7,15,11,1,5,8,16	243,1387,1421,1411,994,402,644,647,759,692	new
154,196,454,468,477,480,560,621,628,673	0,2,6,7,12	9,4,3,10,13,16,1,5,11,15	243,877,1406,1067,387,801,1002,1289,1426,1158	new
154,196,454,468,477,495,503,560,621,628	0,2,6,7,12	9,4,3,10,13,1,16,5,11,15	243,877,874,1067,387,801,987,1289,1426,1158	new
154,228,311,315,322,408,463,466,500,663	0,2,3,9,10	4,12,6,7,13,8,1,14,5,15	243,942,595,583,434,989,785,806,1078,1353	new
154,249,265,408,503,535,622,627,631,663	0,3,6,10,12	4,2,9,7,13,11,1,16,8,15	243,942,1103,1065,537,1020,1297,1305,1309,1353	new
154,258,263,347,408,424,505,622,629,650	0,3,7,9,12	4,2,6,10,13,1,15,14,5,16	243,942,941,715,736,1307,1300,1344,530,535	new
154,258,347,408,416,505,558,622,629,664	0,3,7,9,12	4,2,10,6,13,1,14,15,5,16	243,942,941,1349,736,1307,1300,1141,530,707	new
154,265,408,503,505,535,558,627,631,663	0,3,6,10,12	4,2,9,7,13,1,11,16,8,15	243,942,941,1065,537,1020,1220,1305,1309,1353	new
154,404,408,434,507,515,622,627,637,664	0,3,6,10,12	4,9,2,7,13,5,1,8,15,16	243,942,880,879,894,1315,1297,1305,1349,692	new
154,434,446,454,507,569,607,628,629,663	0,3,6,10,12	7,2,4,9,15,8,14,1,5,13	243,1353,1255,1153,1387,1306,902,879,880,877	new
155,157,186,426,477,500,622,634,637,670	0,1,6,10,12	2,5,9,7,4,11,13,3,8,15	244,247,453,1067,719,1078,1382,1300,1312,1356	new
155,157,194,347,364,480,495,624,628,631	1,5,7,9,12	2,0,6,10,4,16,14,3,8,13	244,247,736,1306,1348,1428,1003,304,851,826	new
155,157,194,347,364,495,526,622,624,631	1,5,7,9,12	2,0,10,6,4,16,14,3,8,13	244,247,736,1297,1348,1428,1003,304,851,934	new
155,157,196,224,233,381,469,477,495,535	1,5,6,7,12	0,10,9,2,14,13,3,15,11,4	244,662,987,415,395,1020,1098,1067,387,247	new
155,157,196,246,311,387,426,503,505,664	0,1,6,7,12	2,9,10,5,4,11,14,3,8,16	244,247,387,1065,941,1349,988,504,583,719	new
155,157,196,399,408,503,507,526,621,673	0,1,5,7,12	2,9,10,6,4,11,14,8,15,13	244,247,387,1065,1360,942,865,879,1293,934	new
155,157,422,466,496,606,627,629,637,651	0,5,7,9,12	2,6,1,10,4,16,11,3,15,14	244,247,713,806,896,1421,1387,1315,1330,1254	new
155,159,212,449,495,496,606,628,651,663	1,2,5,7,9	6,12,0,10,15,8,16,11,13,14	244,1374,443,442,754,1346,1426,896,987,1254	new
155,159,376,461,526,622,634,637,654,670	0,2,5,10,12	6,1,9,7,13,4,3,14,8,15	244,934,938,873,443,1300,1382,1334,1312,1356	new
155,166,167,347,424,426,477,629,637,664	0,1,6,10,12	5,9,2,7,16,13,4,15,3,8	244,719,1067,1411,625,725,1307,1315,260,259	new
155,166,181,186,424,426,477,622,634,637	0,1,6,10,12	2,5,9,7,11,4,13,3,15,8	244,456,453,1067,719,725,1382,1300,1312,259	new
155,167,178,347,393,424,426,477,629,637	0,1,6,10,12	2,7,9,5,8,3,15,4,13,16	244,281,260,1315,1307,725,625,677,1067,719	new
155,167,315,335,377,389,526,606,628,651	0,2,5,7,9	6,12,1,10,13,8,11,3,15,14	244,934,587,793,671,760,1306,260,1330,1254	new
155,167,315,387,389,526,569,618,628,651	0,2,5,7,9	1,10,12,6,15,14,3,11,8,13	244,1285,1330,260,1306,1164,671,669,587,934	new
155,178,246,311,426,465,466,526,618,651	0,5,6,7,12	1,10,9,2,15,14,11,4,13,8	244,1285,1330,982,719,583,504,808,797,281	new
155,178,258,265,463,507,550,558,628,637	0,5,7,9,12	2,6,1,10,8,13,3,14,11,16	244,281,800,967,1220,1241,1426,1382,910,537	new
155,178,258,265,463,507,627,631,634,650	0,5,7,9,12	2,6,1,10,8,13,3,15,11,16	244,281,800,967,1329,1348,1421,1390,910,537	new
155,178,260,348,395,434,461,465,670,673	0,5,9,10,12	1,7,6,2,16,13,11,4,15,8	244,730,1360,532,796,681,626,1388,873,281	new
155,178,260,381,395,434,461,465,503,670	0,5,9,10,12	1,7,6,2,16,11,13,4,15,8	244,730,1065,532,796,681,662,1388,873,281	new
155,178,374,389,393,422,446,461,518,526	0,1,7,9,12	2,6,10,5,8,15,13,3,11,14	244,281,873,902,713,717,702,1063,985,982	new
155,178,381,429,445,463,500,560,570,663	1,6,7,10,12	0,5,9,2,14,11,3,4,15,8	244,662,785,746,748,1218,1143,1346,870,281	new
155,178,434,463,496,507,550,558,628,637	0,5,7,9,12	1,10,6,2,16,11,14,3,13,8	244,730,910,1382,1426,1241,1220,852,800,281	new
155,178,434,463,496,507,627,631,634,650	0,5,7,9,12	1,10,6,2,16,11,15,3,13,8	244,730,910,1390,1421,1348,1329,852,800,281	new
155,178,434,465,496,500,550,558,628,637	0,5,7,9,12	1,6,10,2,16,11,14,3,13,8	244,730,1078,1382,1426,1241,1220,852,796,281	new
155,178,434,465,496,500,627,631,634,650	0,5,7,9,12	1,6,10,2,16,11,15,3,13,8	244,730,1078,1390,1421,1348,1329,852,796,281	new
155,181,186,378,445,463,480,496,518,526	1,2,6,7,12	5,0,9,10,14,3,11,16,4,13	244,982,659,746,852,800,903,453,456,826	new
155,181,196,199,224,233,381,469,477,495	1,5,6,7,12	0,10,9,2,14,13,3,15,4,11	244,662,987,415,395,470,1098,1067,387,456	new
155,181,196,224,350,469,477,617,618,622	0,5,6,7,10	1,9,12,2,15,8,13,4,16,11	244,1285,1284,1297,630,812,822,307,415,456	new
155,181,221,374,417,459,463,518,618,651	0,6,7,9,12	1,10,5,2,15,14,8,4,16,11	244,1285,1330,655,708,888,800,903,373,456	new
155,181,243,381,395,434,446,461,465,495	0,5,9,10,12	1,6,7,2,16,8,4,15,13,11	244,730,780,747,987,662,681,499,808,456	new
155,191,265,422,434,503,532,606,617,650	0,2,6,7,12	9,1,5,10,15,8,3,14,13,16	244,1274,1284,1344,996,994,300,730,1065,537	new
155,191,378,422,434,480,503,606,617,650	0,2,6,7,12	9,1,5,10,15,8,3,14,16,13	244,1274,1284,1344,996,998,300,730,1065,826	new
155,194,224,228,229,422,463,495,606,607	0,1,5,6,12	7,9,2,10,11,4,8,13,3,14	244,434,372,402,987,785,713,399,1255,1254	new
155,194,265,315,422,458,488,495,507,670	0,5,6,9,12	7,2,1,10,15,14,4,13,11,16	244,1356,937,713,773,587,851,304,910,537	new
155,194,315,434,458,488,495,507,570,670	0,5,6,9,12	1,10,2,7,16,11,13,4,14,15	244,730,910,304,851,587,773,1218,937,1356	new
155,221,426,446,471,518,527,594,621,651	0,1,7,9,12	5,2,10,6,16,11,4,8,13,15	244,719,373,903,949,1049,1194,902,1293,1374	new
155,224,228,364,381,387,395,458,550,627	1,2,6,10,12	0,5,9,7,14,8,3,15,4,11	244,662,681,644,1421,1133,773,669,372,434	new
155,228,233,364,367,381,387,458,550,627	1,2,6,10,12	0,9,5,7,14,8,3,15,4,11	244,662,647,644,1421,1133,773,669,431,434	new
155,228,243,381,395,434,461,463,465,495	0,5,9,10,12	1,6,2,7,16,8,4,15,13,11	244,730,780,785,987,662,681,499,808,434	new
155,228,283,311,500,501,526,566,569,571	0,1,6,9,12	2,10,5,7,15,3,8,4,16,11	244,871,1164,1235,1196,555,934,870,1055,434	new
155,228,311,332,335,452,469,501,521,607	0,6,9,10,12	2,1,5,7,15,4,8,3,16,11	244,871,610,613,1255,759,1098,1057,1055,434	new
155,228,376,459,461,495,526,617,621,651	0,2,5,10,12	6,1,9,7,13,4,3,8,15,11	244,934,938,873,888,1296,1374,1293,851,434	new
155,229,381,388,452,468,480,532,631,654	1,2,5,7,12	0,6,9,10,14,16,3,11,8,13	244,662,1424,1348,670,840,381,994,805,826	new
155,229,381,388,452,480,495,532,627,631	1,2,5,7,12	0,9,6,10,14,16,3,11,8,13	244,662,1421,1348,670,840,381,994,851,826	new
155,243,377,381,395,469,558,569,571,606	1,2,6,7,10	0,5,12,9,14,8,4,16,13,15	244,662,681,514,760,1164,1196,1098,1220,1274	new
155,243,377,395,526,558,569,570,571,606	1,2,6,7,10	5,0,12,9,14,8,4,16,13,15	244,982,681,514,760,1164,1196,1218,1220,1274	new
155,249,374,393,396,426,461,561,606,670	2,6,7,9,12	5,1,0,10,16,8,13,4,15,14	244,719,684,521,1185,702,1063,873,1388,1254	new
155,265,322,399,416,434,461,480,501,526	0,1,7,10,12	2,6,9,5,15,8,11,3,13,14	244,871,873,880,707,687,703,1071,1002,982	new
155,265,381,393,507,550,561,618,629,634	2,6,7,9,12	0,10,5,1,14,16,13,8,4,15	244,662,1390,910,537,1185,702,1241,1387,1285	new
155,265,422,446,477,480,495,501,503,518	0,1,5,6,12	2,9,7,10,15,13,4,8,11,16	244,871,903,996,747,987,826,822,874,537	new
155,265,466,468,471,480,500,507,561,606	1,2,6,7,12	9,0,5,10,15,8,11,13,14,16	244,1274,1144,814,826,805,797,910,1078,537	new
155,265,466,468,471,480,507,535,606,634	1,2,6,7,12	9,5,0,10,15,8,11,13,14,16	244,1274,1010,814,826,805,797,910,1390,537	new
155,265,507,526,606,618,629,631,634,650	0,2,7,10,12	1,5,9,6,15,4,8,3,14,13	244,1285,1387,1348,1329,1312,879,1071,1274,934	new
155,367,377,424,426,512,606,634,654,678	1,2,6,10,12	5,0,7,9,16,4,14,13,8,15	244,719,725,1334,658,1024,861,1378,1312,1274	new
155,367,377,424,426,512,628,634,670,678	1,2,6,10,12	5,0,9,7,16,4,14,13,8,15	244,719,725,1426,658,1024,861,1378,1312,1356	new
155,376,381,459,461,526,622,637,654,670	0,2,5,10,12	6,1,9,7,13,4,3,8,14,15	244,934,938,873,888,1300,1382,1334,855,1356	new
155,426,466,468,480,500,503,515,561,606	1,2,6,7,12	5,10,0,9,16,14,11,13,8,15	244,719,1078,894,797,805,826,1065,1144,1274	new
157,168,186,347,390,424,491,550,627,629	0,4,6,9,12	5,1,10,7,11,15,14,2,13,8	247,453,625,725,1307,1133,1421,845,844,262	new
157,178,228,229,233,265,347,500,503,622	1,5,6,7,12	0,10,9,4,16,14,13,2,15,8	247,736,1297,431,381,380,1065,1071,870,281	new
157,178,246,387,422,446,465,622,627,634	0,1,5,7,9	4,10,12,6,8,13,2,11,14,16	247,281,796,513,669,1421,1300,1312,902,713	new
157,178,347,466,515,622,628,631,637,663	1,5,7,10,12	0,6,9,4,16,14,15,3,13,8	247,736,1306,1353,1309,1300,1382,904,797,281	new
157,181,376,381,422,463,480,606,637,651	0,5,7,10,12	4,9,1,6,11,14,2,3,8,16	247,456,826,1254,1330,1315,657,662,785,713	new
157,186,229,283,422,463,488,550,627,628	0,4,7,10,12	5,9,1,6,11,2,15,13,8,16	247,453,381,1421,1133,1306,1046,839,785,713	new
157,196,224,335,347,377,387,458,550,628	1,4,6,10,12	0,5,7,9,16,8,3,15,2,11	247,736,793,760,1306,1133,773,669,372,387	new
157,196,408,434,477,488,503,507,526,621	0,1,5,7,12	6,4,10,9,13,2,15,8,14,11	247,937,934,1293,879,880,942,822,1065,387	new
157,199,221,224,315,332,335,463,488,535	0,5,7,9,10	1,12,4,6,15,16,11,2,8,13	247,610,359,372,1020,470,793,587,800,937	new
157,283,315,332,335,422,501,535,622,663	1,5,7,10,12	4,0,9,6,15,14,13,3,2,16	247,871,555,587,1300,1010,1346,613,610,713	new
157,283,332,347,374,441,458,488,501,594	1,6,9,10,12	0,5,7,4,16,11,3,2,14,15	247,736,1088,1063,1058,773,1217,1046,937,871	new
157,283,332,347,374,458,501,550,594,670	1,6,9,10,12	0,5,7,4,16,11,3,14,2,15	247,736,1088,1063,1133,773,1217,1046,1356,871	new
157,283,381,389,488,501,550,569,625,627	0,1,5,7,9	4,10,12,6,15,3,11,14,2,13	247,871,1164,671,1303,1133,1421,662,555,937	new
157,315,335,422,424,501,518,535,622,631	1,5,7,10,12	4,9,0,6,15,13,14,3,2,16	247,871,903,587,1300,1010,1348,613,715,713	new
157,315,335,422,424,501,526,535,622,663	1,5,7,10,12	4,9,0,6,15,14,13,3,2,16	247,871,934,587,1300,1010,1346,613,715,713	new
157,347,364,501,535,558,606,624,625,629	1,6,7,10,12	0,5,9,4,16,14,3,8,2,15	247,736,1307,1427,1302,644,1141,1010,1274,871	new
157,347,424,501,518,535,622,629,631,637	1,5,7,10,12	0,6,9,4,16,2,14,3,13,15	247,736,715,1387,1348,1010,1300,1315,903,871	new
159,166,168,229,233,416,445,458,459,591	2,3,8,10,12	1,9,0,5,13,4,16,11,15,14	251,951,888,1190,979,993,306,383,381,431	new
159,166,178,260,315,335,399,426,500,663	0,1,5,8,10	3,2,9,12,6,7,15,11,16,14	251,259,281,870,865,930,1097,1346,613,989	new
159,166,191,194,224,350,378,488,535,670	0,1,5,10,12	3,8,2,9,6,15,14,4,11,16	251,259,1356,937,998,300,304,415,1010,630	new
159,166,212,449,452,503,505,634,664,678	1,2,5,8,12	3,9,0,10,6,15,13,7,16,11	251,259,1312,1378,1065,876,1411,840,923,335	new
159,166,367,390,416,459,550,571,591,629	2,5,8,10,12	1,9,0,3,13,4,16,7,14,6	251,951,888,1190,1196,1307,1133,647,672,259	new
159,166,376,395,454,465,468,503,526,651	0,5,9,10,12	2,8,1,3,15,13,4,11,16,6	251,1330,657,982,681,796,805,1065,763,259	new
159,167,234,258,263,399,515,560,569,628	0,3,8,10,12	2,9,1,5,6,14,11,15,7,13	251,260,1306,1164,1158,535,530,894,865,427	new
159,167,234,311,350,377,396,461,500,628	0,1,3,8,10	2,9,12,5,6,14,16,15,7,13	251,260,1306,658,630,684,780,1078,583,427	new
159,167,258,263,399,416,515,560,628,663	0,3,8,10,12	1,5,9,2,13,7,15,11,14,6	251,951,865,894,530,535,1158,1353,1306,260	new
159,181,186,229,233,390,471,518,527,627	1,2,8,10,12	3,9,0,5,13,7,11,6,15,14	251,949,903,453,456,814,845,1421,381,431	new
159,181,212,224,233,399,408,468,503,521	1,2,8,9,12	5,0,3,10,14,13,7,6,16,11	251,431,372,288,801,874,865,942,920,335	new
159,196,221,234,417,429,459,570,594,664	1,2,3,9,12	5,0,10,8,13,7,6,15,11,14	251,427,359,307,1349,1194,1218,748,775,774	new
159,199,315,335,480,495,535,606,622,651	3,5,8,10,12	2,1,0,9,15,4,16,11,13,14	251,1330,1254,826,851,587,793,470,1020,1297	new
159,212,234,283,381,399,446,469,495,571	0,2,3,8,12	5,1,9,10,13,7,4,14,16,11	251,427,865,902,851,855,1046,1155,812,335	new
159,212,246,463,465,466,469,471,480,527	0,1,5,8,12	3,2,9,10,13,7,6,4,16,11	251,949,800,797,808,513,826,814,812,335	new
159,212,404,503,505,521,561,622,634,664	1,2,5,8,12	9,0,3,10,14,15,13,7,16,11	251,1297,1390,1185,874,876,1411,957,920,335	new
159,229,233,249,378,396,446,454,532,594	1,2,3,9,12	5,0,10,8,14,15,7,11,6,16	251,431,381,994,998,1194,902,877,521,684	new
159,229,315,387,458,463,488,495,527,594	0,1,5,9,10	3,2,8,12,13,7,4,16,11,14	251,949,800,937,1194,399,851,669,773,989	new
159,229,315,387,488,495,526,527,591,594	0,1,5,9,10	3,8,2,12,13,7,4,16,11,14	251,949,934,937,1194,399,851,669,1234,989	new
159,243,335,377,488,495,527,622,629,670	0,2,5,8,12	3,10,1,9,13,7,16,4,6,14	251,949,851,1356,937,514,760,793,1307,1297	new
159,243,376,395,441,461,466,500,526,651	0,5,9,10,12	2,8,1,3,15,13,4,11,7,16	251,1330,657,982,681,514,806,1078,780,742	new
159,246,376,395,441,454,468,503,526,651	0,5,9,10,12	2,8,1,3,15,13,4,11,6,16	251,1330,657,982,681,513,805,1065,763,742	new
159,260,311,315,441,515,518,631,650,663	0,2,5,9,10	3,8,1,12,16,11,13,7,15,14	251,742,583,532,1353,1309,1344,894,985,989	new
159,311,315,396,500,518,558,631,650,663	0,2,5,9,10	8,3,1,12,16,11,7,13,15,14	251,684,583,1078,1353,1309,1344,1141,985,989	new
159,315,350,376,387,390,627,634,650,651	1,3,5,9,10	2,8,0,12,15,13,11,6,16,14	251,1330,657,630,1344,1390,1421,845,988,989	new
159,315,396,426,500,527,558,631,650,663	0,2,5,9,10	8,1,3,12,16,11,7,13,15,14	251,684,719,1078,1353,1309,1344,1141,978,989	new
159,350,364,367,376,422,445,488,550,651	0,1,5,10,12	2,8,3,9,15,13,4,6,14,16	251,1330,657,839,996,993,1003,861,1241,630	new
159,350,364,376,422,445,461,488,512,550	0,1,5,10,12	8,2,3,9,15,13,4,6,14,16	251,780,657,839,996,993,1003,1024,1241,630	new
159,350,374,441,454,461,500,518,650,678	0,3,5,10,12	8,1,2,9,15,4,14,6,13,16	251,780,1078,985,1063,1058,877,1404,1344,630	new
159,376,461,526,622,629,634,651,654,670	0,3,5,10,12	8,2,1,9,15,13,4,7,16,14	251,780,657,982,1330,1388,1390,1424,1387,1297	new
159,388,389,396,416,628,629,631,650,678	0,3,5,9,12	1,10,2,8,13,15,7,11,14,16	251,951,1378,1329,1348,1387,1426,671,670,684	new
159,388,389,416,459,627,628,631,650,678	0,3,5,9,12	1,10,2,8,13,15,7,11,16,14	251,951,1378,1329,1348,1421,1426,671,670,774	new
166,167,178,181,446,454,461,480,503,515	0,5,6,10,12	1,8,9,2,16,11,15,14,13,3	259,763,1065,826,456,281,873,902,894,260	new
166,167,181,224,228,243,246,283,376,468	0,1,5,6,10	2,12,9,8,3,14,15,16,4,11	259,260,1046,657,499,504,801,288,372,434	new
166,167,181,224,229,243,246,283,468,488	0,1,5,6,10	2,12,8,9,3,14,15,16,4,11	259,260,1046,839,499,504,801,288,372,399	new
166,167,228,265,311,466,468,518,558,560	0,5,9,10,12	2,1,6,8,3,14,4,15,16,11	259,260,1143,1141,985,806,801,537,583,434	new
166,167,260,395,454,465,501,503,526,651	0,5,9,10,12	1,8,6,2,16,11,13,4,15,3	259,763,1065,532,796,681,982,1042,1330,260	new
166,168,364,387,390,496,607,621,624,627	1,6,8,10,12	0,5,9,2,14,3,7,16,13,4	259,672,669,644,1302,1289,1266,1421,896,262	new
166,168,364,390,395,496,621,624,627,654	1,6,8,10,12	0,5,9,2,14,7,3,16,13,4	259,672,681,644,1302,1289,1424,1421,896,262	new
166,168,387,408,454,491,505,594,663,664	0,5,6,9,12	1,8,10,2,16,3,11,15,13,4	259,763,696,876,1411,1346,669,1217,844,262	new
166,168,454,491,503,505,591,594,663,664	0,5,6,9,12	1,8,10,2,16,11,3,15,13,4	259,763,1065,876,1411,1346,1234,1217,844,262	new
166,178,229,258,446,461,469,477,515,558	0,1,5,8,12	2,6,10,9,7,15,13,3,16,11	259,281,873,902,894,530,1141,812,822,399	new
166,178,229,258,446,463,469,477,515,561	0,1,5,8,12	2,6,10,9,7,13,15,3,16,11	259,281,800,902,894,530,1144,812,822,399	new
166,181,186,228,424,477,505,622,634,637	0,1,6,10,12	8,2,5,9,11,7,4,13,3,15	259,434,456,453,1067,876,725,1382,1300,1312	new
166,191,196,265,434,454,500,518,634,637	0,5,6,10,12	1,8,2,9,16,7,13,11,3,15	259,763,730,300,307,1071,870,903,1315,1312	new
166,191,196,265,454,518,606,634,637,673	0,5,6,10,12	1,8,2,9,16,13,7,11,3,15	259,763,1360,300,307,1071,1274,903,1315,1312	new
166,192,229,263,283,491,526,527,560,594	0,1,2,5,10	6,8,12,9,13,7,4,15,14,11	259,949,934,555,1158,535,356,854,1194,399	new
166,192,376,454,461,500,515,561,628,678	2,5,8,10,12	0,9,6,1,13,15,14,3,7,16	259,356,1378,1185,1078,894,1306,657,780,763	new
166,192,408,441,461,503,507,621,651,673	2,5,8,9,12	0,10,1,6,13,15,3,14,7,16	259,356,1360,696,1065,879,1293,1374,780,742	new
166,192,441,452,469,503,507,521,584,678	1,2,5,8,12	0,9,10,6,13,15,7,3,11,16	259,356,1378,1065,910,1178,840,812,920,742	new
166,228,393,463,477,496,503,527,550,628	0,1,5,9,12	6,2,10,8,13,7,3,15,16,11	259,949,800,852,1306,1133,677,1067,874,434	new
166,229,243,374,377,388,390,422,501,569	1,2,6,8,10	0,5,12,9,14,4,7,16,13,11	259,672,670,514,760,1164,871,1063,713,399	new
166,229,376,387,441,461,526,532,591,651	0,2,5,8,12	6,1,10,9,16,7,14,4,13,11	259,742,780,1374,938,934,1190,988,984,399	new
166,229,404,434,441,452,507,521,634,678	1,2,5,8,12	6,10,0,9,16,11,7,3,13,15	259,742,920,957,840,381,910,730,1378,1312	new
166,229,441,449,452,503,507,521,634,678	1,2,5,8,12	6,10,0,9,16,11,3,7,13,15	259,742,920,923,840,381,910,1065,1378,1312	new
166,229,441,461,488,526,591,663,664,670	0,2,5,8,12	6,1,10,9,16,7,13,4,14,11	259,742,780,1356,937,934,1190,1353,1349,399	new
166,243,350,377,390,395,569,629,634,650	1,2,6,8,10	0,5,12,9,14,7,4,16,13,15	259,672,681,514,760,1164,1307,1099,1329,1312	new
166,315,335,347,441,461,463,488,627,670	0,2,5,8,12	6,1,10,9,16,7,13,4,3,14	259,742,780,1356,937,800,587,793,736,1305	new
166,315,335,441,458,521,564,570,627,631	0,2,5,8,12	6,10,1,9,16,11,13,3,4,14	259,742,920,1148,1154,979,587,793,1309,1305	new
166,315,335,441,458,521,564,594,627,629	0,2,5,8,12	6,10,1,9,16,11,13,4,3,14	259,742,920,1148,1194,979,587,793,1307,1305	new
166,378,387,390,395,422,495,512,628,670	1,2,6,10,12	0,5,9,8,14,7,16,4,11,15	259,672,681,890,1426,996,659,669,851,1356	new
166,378,441,461,488,591,627,663,664,670	0,2,5,8,12	6,1,10,9,16,7,13,4,11,14	259,742,780,1356,937,998,1190,1353,1349,1305	new
167,168,283,377,446,500,501,564,569,634	0,1,5,6,8	3,10,9,12,4,15,13,11,16,14	260,262,1208,747,1390,1078,1042,1153,658,1046	new
167,178,246,335,387,465,468,560,629,663	0,5,6,8,12	1,9,10,3,14,2,4,11,13,7	260,1143,1307,793,1353,988,504,801,796,281	new
167,192,263,388,390,452,535,622,631,637	0,6,8,10,12	1,3,5,9,13,16,4,7,2,15	260,962,301,845,840,670,1348,1010,1300,1315	new
167,199,350,374,389,417,422,446,459,515	1,3,6,10,12	5,0,8,9,11,16,4,15,14,13	260,470,1099,1063,713,717,708,888,902,894	new
167,199,350,374,417,422,424,446,459,628	1,3,6,10,12	5,0,8,9,11,16,4,15,13,14	260,470,1099,1063,713,715,708,888,902,1306	new
167,199,388,395,469,500,512,617,631,637	0,6,8,10,12	5,1,3,9,11,16,4,2,7,15	260,470,1098,809,1024,670,1348,1284,870,1315	new
167,246,260,263,374,461,465,466,518,651	0,5,9,10,12	1,8,3,6,13,11,4,16,7,15	260,962,1097,513,796,806,985,1063,873,1330	new
167,263,283,367,393,416,564,571,664,678	0,3,5,8,9	1,6,10,12,13,2,15,4,11,14	260,962,951,1378,861,702,1349,1148,1155,1046	new
167,335,367,389,496,512,515,560,627,663	0,6,8,10,12	1,5,3,9,14,2,11,16,4,13	260,1143,1346,613,717,1024,861,1421,896,894	new
167,377,387,501,512,569,607,624,628,651	1,3,5,10,12	6,8,0,9,15,4,7,16,11,14	260,1330,1042,1153,1255,988,1302,890,760,1306	new
168,178,194,258,446,461,471,480,515,558	0,1,5,8,12	4,6,10,9,7,15,13,3,16,11	262,281,873,902,894,530,1141,814,826,402	new
168,178,194,258,446,463,471,480,515,561	0,1,5,8,12	4,6,10,9,7,13,15,3,16,11	262,281,800,902,894,530,1144,814,826,402	new
168,194,246,258,378,463,495,561,606,670	0,4,5,8,12	6,1,10,9,15,3,2,7,13,11	262,1388,1254,1185,967,800,998,504,987,402	new
168,315,422,445,458,465,466,564,591,594	0,4,5,9,12	6,1,8,10,16,11,14,3,13,15	262,746,808,797,996,979,989,1234,1217,1208	new
168,374,422,434,445,461,465,466,496,507	0,4,5,10,12	6,1,8,9,16,11,14,7,15,13	262,746,808,797,910,730,780,655,996,896	new
178,181,199,228,335,404,503,521,607,664	0,6,9,10,12	5,1,7,8,15,4,3,16,2,11	281,314,613,1255,1349,692,1057,1065,434,456	new
178,181,228,233,335,387,424,466,507,637	0,1,6,10,12	8,7,5,9,11,2,4,15,3,13	281,456,434,431,669,793,725,1382,910,797	new
178,196,221,283,399,465,468,501,521,591	1,5,6,7,12	8,0,9,10,15,14,4,11,2,13	281,871,555,1190,1057,687,373,387,805,796	new
178,199,246,260,446,466,469,495,571,594	1,6,7,10,12	5,0,8,9,15,2,4,11,14,13	281,314,812,1155,1217,747,1097,513,851,797	new
178,243,376,466,488,501,617,634,637,670	0,5,7,10,12	8,6,1,9,15,14,3,16,4,13	281,871,938,1382,1296,1390,1388,839,499,797	new
178,246,311,465,466,500,501,526,618,651	0,5,6,7,12	8,1,10,9,15,2,14,11,4,13	281,871,1285,1330,982,1078,583,504,808,797	new
178,311,315,322,408,449,463,500,503,663	0,1,7,8,10	6,12,5,9,13,2,3,14,4,15	281,800,587,583,1065,703,696,754,1346,870	new
181,186,260,378,463,465,518,560,570,663	0,1,3,6,12	5,11,2,7,16,9,14,4,13,8	288,796,532,1353,1158,1154,659,785,985,294	new
181,196,221,260,378,399,429,445,446,503	0,1,5,6,12	3,2,11,7,8,15,4,14,10,13	288,307,874,1097,748,998,993,902,865,359	new
181,196,228,429,445,468,477,503,505,523	1,2,6,7,12	3,11,0,5,8,13,15,9,16,10	288,307,805,1065,822,941,922,722,993,380	new
181,199,228,335,404,452,501,503,521,607	0,2,3,6,12	1,7,11,5,14,4,8,9,13,10	288,1042,470,793,1266,840,957,920,874,380	new
181,221,374,377,388,396,399,468,518,631	0,2,5,6,12	3,1,11,7,16,14,8,4,10,13	288,801,985,1063,760,1309,897,868,865,359	new
181,228,311,332,335,449,452,501,521,607	0,2,3,6,12	1,11,7,5,14,8,4,9,13,10	288,1042,1088,793,1266,840,923,920,583,380	new
181,228,311,350,441,468,495,631,634,650	0,2,7,11,12	3,1,6,5,16,15,9,4,13,10	288,801,987,1390,1344,1309,1099,1058,1055,380	new
181,228,311,441,468,507,550,631,634,650	0,2,7,11,12	3,1,6,5,16,9,15,4,13,10	288,801,910,1390,1344,1309,1133,1058,1055,380	new
181,228,389,393,422,466,468,503,507,561	0,6,7,11,12	3,1,2,5,16,9,4,15,13,10	288,801,910,797,996,671,677,1144,1065,380	new
181,228,395,404,416,434,446,452,461,495	1,2,7,11,12	5,3,0,6,10,14,4,9,8,16	288,380,987,747,780,730,951,957,840,681	new
181,228,408,434,461,480,503,526,651,673	0,2,6,7,12	3,1,11,5,15,14,9,16,13,10	288,1002,982,1330,780,730,696,1406,874,380	new
181,228,408,454,461,477,501,503,526,651	0,2,6,7,12	1,3,11,5,14,15,9,16,13,10	288,1042,982,1330,780,763,696,1067,874,380	new
181,265,468,471,480,503,507,584,617,621	1,2,5,7,12	0,6,11,3,15,8,13,14,9,16	288,1049,1178,910,874,1002,1289,1296,537,801	new
181,364,388,395,396,426,496,501,512,526	0,5,7,11,12	1,3,2,6,14,15,4,13,9,16	288,1042,982,719,684,670,852,1003,890,681	new
181,364,395,445,461,463,480,496,501,606	0,1,5,7,12	3,11,2,6,15,10,9,8,13,16	288,1002,1274,871,873,800,993,896,644,681	new
186,196,212,408,434,477,503,521,532,609	1,2,8,11,12	3,0,6,5,13,7,14,4,9,15	294,984,387,1067,1065,730,696,1057,442,1282	new
186,196,224,228,229,233,315,503,518,532	0,5,6,11,12	2,1,8,3,13,4,15,16,9,10	294,985,989,431,372,994,387,1065,434,399	new
186,196,228,229,315,480,495,518,532,621	0,5,6,11,12	2,1,8,3,13,4,16,9,15,7	294,985,989,434,851,994,381,1289,1002,307	new
186,196,229,233,315,387,468,507,518,532	0,5,6,11,12	2,1,8,3,13,4,15,9,16,7	294,985,989,431,669,994,381,910,801,307	new
186,196,422,480,488,491,501,518,594,606	0,1,5,6,12	2,11,8,3,13,14,9,10,15,7	294,985,713,1194,854,937,871,1274,1002,307	new
186,199,233,311,396,449,469,477,521,664	0,1,5,8,11	3,2,12,6,14,7,15,9,10,16	294,1349,822,920,923,868,1055,431,314,812	new
186,212,332,422,429,441,449,454,570,609	0,1,2,8,11	5,6,3,12,15,9,4,14,10,13	294,1282,442,754,763,742,748,1218,713,610	new
186,221,399,446,469,477,488,491,503,521	0,1,5,6,12	3,2,11,8,16,15,9,14,10,13	294,822,1065,1057,1098,937,854,902,865,359	new
186,228,233,311,408,465,466,477,515,678	1,2,6,11,12	3,0,8,5,16,9,14,7,13,10	294,822,942,1404,894,806,808,434,583,395	new
186,229,243,258,388,396,399,466,469,515	0,1,5,8,12	3,2,11,6,10,13,15,14,7,16	294,399,806,904,967,865,868,897,499,812	new
186,233,350,367,387,390,532,550,622,650	0,2,6,8,12	3,1,11,5,13,4,9,7,15,10	294,984,988,845,861,1241,630,1344,1300,395	new
186,233,377,459,569,629,631,654,663,664	0,2,6,8,11	3,1,12,5,14,4,16,13,15,10	294,1349,1353,1164,1307,1309,760,1424,888,395	new
186,243,332,350,374,377,465,468,477,631	0,1,2,6,11	3,8,5,12,16,7,15,4,9,13	294,822,801,808,499,658,1348,630,655,610	new
186,243,332,374,377,466,468,477,550,631	0,1,2,6,11	3,8,5,12,16,7,4,15,9,13	294,822,801,797,499,658,1348,1241,655,610	new
186,263,396,404,408,459,518,558,560,609	0,1,3,8,11	2,6,12,5,13,16,14,4,10,15	294,985,1141,1143,962,957,942,868,888,1282	new
186,347,424,452,469,617,627,628,637,654	1,3,5,8,12	6,0,2,11,16,7,13,10,15,14	294,812,840,1421,1426,1382,1296,1424,715,736	new
186,374,378,389,422,518,550,569,609,622	1,3,6,8,12	2,0,11,5,13,14,9,4,10,15	294,985,1063,998,996,671,1164,1133,1300,1282	new
186,377,387,390,532,609,622,627,628,631	0,2,6,8,12	3,1,11,5,13,4,9,14,10,15	294,984,988,845,1421,1348,658,1426,1300,1282	new
186,404,417,424,469,505,521,535,609,663	0,1,3,8,11	5,12,2,6,15,9,4,14,10,16	294,1282,708,715,941,920,957,1346,1010,812	new
191,192,194,224,228,322,367,393,503,678	0,1,7,11,12	2,8,4,5,9,14,13,3,10,6	300,356,1378,861,702,703,1065,380,415,304	new
191,192,196,224,228,322,393,503,561,678	0,1,7,11,12	2,8,5,4,9,14,13,3,10,6	300,356,1378,1185,702,703,1065,380,415,307	new
191,192,332,378,396,408,429,441,518,527	1,4,7,11,12	0,8,5,2,14,3,10,6,16,9	300,696,684,742,748,998,1088,903,949,356	new
191,192,378,461,463,515,634,650,670,678	0,4,5,7,12	1,11,8,2,13,3,10,16,14,9	300,998,800,873,1388,1390,894,1329,1378,356	new
191,192,434,446,454,617,618,628,634,637	0,1,5,7,12	2,4,11,8,9,15,13,3,10,14	300,356,877,902,1306,1315,1312,1284,1285,730	new
191,194,221,228,263,311,445,463,515,673	0,1,7,8,12	2,11,4,5,15,3,13,16,9,6	300,1406,962,894,785,746,380,583,359,304	new
191,194,224,378,466,515,518,526,535,650	0,2,7,8,12	1,11,4,5,13,14,3,15,10,6	300,998,934,903,797,904,1344,1010,415,304	new
191,194,243,408,466,488,505,523,564,571	1,2,4,7,11	0,12,8,5,14,13,10,15,16,6	300,696,876,922,1148,1155,839,499,797,304	new
191,196,224,378,466,495,515,526,535,650	0,2,7,8,12	1,11,5,4,13,14,3,15,10,6	300,998,934,851,797,904,1344,1010,415,307	new
191,196,263,393,512,617,618,631,664,673	0,1,5,8,12	2,11,7,4,15,3,10,16,14,6	300,1406,962,1294,1284,1348,1024,702,1349,307	new
191,196,311,315,378,408,503,526,532,673	0,1,5,8,11	2,12,7,4,15,10,16,9,13,6	300,1406,942,874,1055,989,982,659,984,307	new
191,196,350,396,434,468,477,631,663,664	1,2,5,7,12	4,11,0,8,6,13,16,10,3,14	300,307,805,1067,1411,1346,1348,630,684,730	new
191,196,378,459,463,477,518,532,591,673	0,4,5,11,12	1,7,8,2,13,14,9,16,6,15	300,998,1190,888,800,903,994,387,1067,1406	new
192,194,221,229,387,399,408,454,458,527	0,4,5,11,12	7,1,3,8,13,2,6,16,15,14	301,978,979,988,399,402,373,687,696,763	new
192,194,221,229,408,426,454,458,527,594	0,4,5,11,12	7,1,3,8,13,2,16,6,15,14	301,978,979,1194,399,402,373,719,696,763	new
192,199,335,387,446,461,471,584,594,678	3,5,8,11,12	4,0,1,7,15,2,13,10,14,16	301,1404,1178,747,780,470,793,669,1217,814	new
192,224,228,332,374,454,461,503,532,673	0,5,7,11,12	3,4,1,8,15,6,16,13,2,14	301,1406,874,380,415,984,610,655,780,763	new
192,228,315,429,445,454,495,505,634,678	1,3,7,11,12	4,0,5,8,15,13,2,10,6,14	301,1404,1390,987,989,434,746,748,941,763	new
192,228,332,374,441,454,495,503,532,673	0,5,7,11,12	3,4,1,8,15,6,16,2,13,14	301,1406,874,380,987,984,610,655,742,763	new
192,229,315,387,422,446,491,518,584,673	0,4,5,11,12	1,8,7,3,16,14,9,6,13,15	301,844,747,996,903,587,669,381,1178,1406	new
192,229,315,387,422,463,477,491,594,673	0,4,5,11,12	1,7,8,3,16,14,9,13,6,15	301,844,1217,996,800,587,669,381,1067,1406	new
192,229,387,422,424,454,495,505,634,678	1,3,7,11,12	4,0,5,8,15,13,2,9,6,14	301,1404,1390,987,988,399,713,715,941,763	new
192,229,387,454,458,507,515,518,527,678	0,4,5,11,12	7,1,3,8,13,2,6,16,9,14	301,978,979,988,399,879,903,904,1378,763	new
192,229,390,395,446,454,465,466,584,673	0,4,5,11,12	3,7,1,8,15,13,9,10,16,14	301,1406,1178,672,681,796,797,381,747,763	new
192,258,364,399,471,480,496,512,515,678	0,1,5,8,12	4,11,3,7,15,13,14,10,6,16	301,1404,894,865,967,852,1024,644,826,814	new
192,263,388,396,454,515,629,631,637,663	1,3,5,7,12	8,0,4,11,14,2,16,10,13,15	301,763,684,670,1348,1346,1307,1382,894,962	new
192,390,395,446,454,466,468,507,527,584	0,4,5,11,12	7,3,1,8,13,15,9,10,16,14	301,978,1178,672,681,801,797,910,747,763	new
192,408,441,461,505,507,527,621,651,673	1,4,5,8,11	3,12,0,7,15,10,16,6,14,13	301,1406,942,941,910,1289,1330,873,1058,978	new
192,434,446,454,500,515,617,618,637,678	0,5,7,11,12	4,3,1,8,15,10,2,9,16,14	301,1404,880,1294,1296,1078,1382,904,747,763	new
192,434,446,454,500,617,618,628,637,673	0,5,7,11,12	3,4,1,8,15,10,2,9,16,14	301,1406,880,1294,1296,1078,1382,1426,747,763	new
192,491,503,507,569,571,594,607,621,673	0,5,8,11,12	1,7,4,3,16,14,2,10,6,15	301,844,1217,1155,1153,1255,1293,879,874,1406	new
194,196,229,364,367,377,393,627,634,654	0,2,6,8,12	1,11,7,4,13,9,14,15,10,5	304,1003,861,1421,677,658,1334,1312,399,307	new
194,196,229,364,367,452,627,629,663,664	0,2,6,8,12	1,11,7,4,13,9,3,14,10,5	304,1003,861,840,1411,1346,1307,1305,399,307	new
194,196,364,367,404,452,627,629,663,664	0,2,6,8,12	1,11,7,4,13,9,3,10,14,5	304,1003,861,840,957,1346,1307,1305,1349,307	new
194,196,446,469,477,480,496,515,571,594	0,6,7,11,12	1,8,4,2,16,9,15,3,14,13	304,852,904,747,1217,1155,812,822,307,1002	new
194,224,422,424,445,480,495,535,622,629	0,1,6,8,12	2,7,11,4,13,5,14,3,15,10	304,1002,987,746,713,715,1387,1300,1010,415	new
194,228,246,315,348,395,496,503,507,512	0,4,6,11,12	1,7,2,8,16,10,9,13,5,14	304,852,1024,809,863,513,587,380,1065,910	new
194,228,246,315,395,468,496,503,507,512	0,4,6,11,12	1,7,2,8,16,10,9,5,13,14	304,852,1024,809,805,513,587,380,874,910	new
194,347,387,422,495,515,532,627,634,664	0,1,6,8,12	2,11,7,4,16,10,13,3,5,14	304,851,669,1421,1390,894,713,736,1349,984	new
196,221,265,332,495,496,507,515,606,618	0,2,7,8,12	5,1,6,11,9,14,4,3,13,15	307,359,610,1285,1274,851,852,904,879,1071	new
196,221,265,332,507,617,618,621,628,637	0,2,7,8,12	5,1,6,11,9,14,4,10,13,15	307,359,610,1285,1284,1293,1306,1315,879,1071	new
196,221,311,399,426,446,477,503,526,621	1,6,7,11,12	2,8,0,5,14,4,13,3,16,9	307,822,1065,1055,930,934,1293,902,865,359	new
196,224,387,390,404,408,452,468,477,673	1,2,6,8,12	5,7,0,11,10,14,15,9,16,13	307,415,988,845,840,957,942,1406,1067,805	new
196,224,388,390,452,477,535,631,650,664	0,2,6,8,12	5,11,1,7,10,15,3,4,13,16	307,415,1010,1344,1309,670,672,759,1349,822	new
196,229,387,390,404,408,452,468,477,503	1,2,6,8,12	7,5,0,11,10,14,15,9,16,13	307,399,988,845,840,957,942,874,1067,805	new
196,229,395,463,466,468,480,495,526,621	0,1,5,6,11	2,12,7,8,13,9,16,3,10,15	307,801,681,982,1289,381,797,800,851,1002	new
196,229,465,466,469,477,480,495,571,607	0,1,5,6,11	2,12,7,8,14,9,3,16,10,15	307,822,812,1155,1266,381,797,796,851,1002	new
196,243,332,335,374,377,417,466,468,532	0,6,7,8,12	2,11,1,5,13,10,4,15,9,14	307,801,797,499,658,613,708,655,610,984	new
196,258,260,263,468,477,500,507,532,617	1,2,6,8,11	5,0,12,7,14,13,4,3,15,16	307,984,805,879,870,1284,530,535,532,822	new
196,263,468,507,515,569,607,618,629,664	0,2,5,8,12	7,1,6,11,14,10,16,3,15,13	307,1349,1255,1153,1387,1285,535,904,879,805	new
196,265,315,378,458,532,622,634,637,654	0,2,5,8,12	6,1,7,11,13,4,3,14,10,15	307,994,998,979,587,1300,1382,1334,1312,1071	new
196,265,322,393,422,503,532,561,617,650	2,6,7,8,12	5,1,0,11,14,16,4,9,13,15	307,984,713,1329,1296,1185,702,703,1065,1071	new
196,265,332,399,500,501,507,515,532,637	0,2,7,8,12	5,1,6,11,14,9,3,10,13,15	307,984,610,871,870,865,894,1315,879,1071	new
196,265,378,422,445,477,480,495,507,532	0,5,7,11,12	2,8,1,6,14,10,4,16,3,13	307,822,826,537,910,987,746,659,996,994	new
196,265,387,434,468,532,535,650,663,678	1,2,5,7,12	8,0,6,11,16,13,3,10,14,15	307,801,994,669,1346,1010,1344,1404,880,1071	new
196,265,463,466,468,469,488,515,532,535	0,1,5,6,12	7,2,11,8,13,10,15,14,9,16	307,984,806,904,800,937,1098,1020,537,801	new
196,265,463,471,477,480,491,500,503,526	0,1,5,6,12	7,8,2,11,16,9,13,14,10,15	307,822,874,1002,1049,854,800,934,870,1071	new
196,265,466,503,515,532,535,607,621,628	1,6,7,11,12	2,0,8,5,15,13,3,9,16,14	307,874,537,1020,1255,1293,1306,894,806,984	new
196,283,315,422,424,468,488,495,532,571	0,6,8,11,12	2,7,1,5,13,4,3,9,16,14	307,801,987,989,1046,937,1196,715,713,984	new
196,283,378,381,477,503,505,521,532,591	0,2,6,11,12	5,1,8,7,14,15,10,3,9,16	307,984,659,662,555,1190,1057,876,874,822	new
196,332,468,496,507,515,532,558,606,618	0,2,7,8,12	5,1,6,11,14,9,4,3,15,13	307,984,610,1285,1274,1220,852,904,879,805	new
196,332,468,507,532,617,618,622,628,637	0,2,7,8,12	5,1,6,11,14,9,4,10,15,13	307,984,610,1285,1284,1297,1306,1315,879,805	new
196,364,429,480,570,571,607,624,625,664	0,2,5,6,11	7,1,12,8,14,10,3,9,13,15	307,1349,1255,1196,1218,748,1427,1302,1003,1002	new
196,387,390,408,449,452,468,477,503,664	1,2,6,8,12	7,5,0,11,14,10,15,9,16,13	307,1349,988,845,840,923,942,874,1067,805	new
196,387,390,408,449,452,468,477,532,673	1,2,6,8,12	5,7,0,11,14,10,15,9,16,13	307,984,988,845,840,923,942,1406,1067,805	new
196,429,480,523,571,594,621,624,625,664	0,2,5,6,11	7,12,1,8,14,10,3,13,9,15	307,1349,1194,1196,932,748,1427,1302,1289,1002	new
196,463,466,468,469,477,488,503,518,561	0,1,5,6,12	2,11,8,7,13,10,15,14,9,16	307,801,797,903,800,937,1098,1185,874,822	new
196,466,468,469,488,500,503,526,532,561	1,6,7,11,12	2,0,8,5,15,3,4,16,13,14	307,874,1185,1098,937,934,870,797,801,984	new
199,221,224,311,322,376,501,535,634,654	1,4,6,11,12	2,0,9,3,16,8,14,7,5,13	314,871,938,1334,1312,703,1055,373,415,1010	new
199,224,228,311,322,376,381,461,535,634	1,4,6,11,12	0,2,9,3,16,8,7,14,5,13	314,873,938,855,1312,703,1055,380,415,1010	new
199,224,229,463,488,495,532,535,566,571	0,2,6,11,12	3,9,1,4,13,5,16,7,15,14	314,1010,415,399,984,987,785,839,1196,1235	new
199,224,233,260,265,446,488,491,501,535	0,4,6,11,12	2,1,9,3,16,8,7,14,5,10	314,871,937,854,902,532,537,1020,372,431	new
199,224,233,260,311,446,488,491,501,535	0,4,6,11,12	2,1,9,3,16,8,7,14,5,13	314,871,937,854,902,532,583,395,415,1010	new
199,224,234,311,322,376,381,501,535,634	1,4,6,11,12	2,0,9,3,16,8,7,14,5,13	314,871,938,855,1312,703,1055,405,415,1010	new
199,229,233,260,265,376,461,477,617,654	1,4,6,11,12	0,2,9,3,16,8,14,13,7,10	314,873,938,1334,1284,1071,1097,1067,381,431	new
199,233,350,364,367,377,387,550,629,663	0,2,4,6,11	3,9,1,12,10,15,16,14,8,13	314,431,669,644,647,1133,1307,1346,658,630	new
199,283,335,377,424,500,507,518,526,628	0,4,6,9,11	3,1,2,12,16,5,14,13,8,15	314,870,879,903,934,555,760,1306,715,613	new
199,283,335,377,500,501,507,518,628,629	0,4,6,9,11	3,1,2,12,16,5,14,8,13,15	314,870,879,903,871,555,760,1306,1387,613	new
199,376,396,424,426,461,469,501,558,606	1,2,4,9,12	0,6,3,11,16,5,10,7,14,13	314,873,868,930,715,657,1042,1254,1141,812	new
199,387,424,466,469,495,500,571,628,663	0,1,4,6,12	3,9,2,11,16,7,8,10,15,13	314,870,797,851,669,1346,1426,725,1155,812	new
199,408,449,452,458,535,561,566,594,678	1,2,6,9,12	3,11,0,4,13,16,8,15,10,14	314,1010,1144,1404,942,923,840,1217,773,1235	new
199,449,452,454,535,561,566,570,594,678	1,2,6,9,12	3,11,0,4,13,16,8,10,15,14	314,1010,1144,1404,877,923,840,1217,1218,1235	new
212,388,452,521,564,594,609,622,629,631	0,2,5,8,12	3,1,9,11,16,13,4,6,10,14	335,920,1148,1194,759,897,1309,1307,1297,1259	new
212,388,452,523,564,594,609,622,627,631	0,2,5,8,12	1,3,9,11,16,13,4,6,10,14	335,922,1148,1194,759,897,1309,1305,1297,1259	new
212,417,424,434,441,454,521,618,637,651	0,2,5,9,12	3,11,1,8,16,10,6,7,15,14	335,920,742,763,730,1285,1330,1315,715,775	new
221,224,229,258,265,399,434,617,618,634	2,7,8,9,12	0,1,11,6,16,4,14,5,15,13	359,865,967,1296,1294,880,1071,1312,399,372	new
221,224,229,283,311,315,381,463,466,515	0,1,6,8,12	9,7,2,11,10,5,13,3,4,16	359,415,399,806,894,785,662,555,587,583	new
221,224,332,347,387,388,535,622,627,631	0,2,6,8,12	1,7,11,9,14,13,4,3,15,10	359,610,625,1421,669,670,1309,1300,1010,415	new
221,234,246,260,263,378,416,429,532,570	2,7,8,11,12	6,0,1,9,16,4,5,13,15,14	359,427,951,962,1218,748,1097,513,659,984	new
221,234,246,332,378,404,446,452,465,594	2,7,8,11,12	1,9,0,6,14,15,13,3,5,16	359,610,659,513,808,747,1217,840,957,427	new
221,311,322,367,387,390,408,532,673,678	1,2,6,8,12	9,7,0,11,14,10,15,13,5,16	359,984,988,845,861,1378,696,1406,595,583	new
224,228,387,404,416,434,445,446,461,664	0,1,6,10,11	4,12,2,5,9,13,3,8,7,15	372,434,746,747,780,730,951,957,1411,669	new
224,228,387,404,416,434,446,452,461,465	0,1,6,10,11	4,2,12,5,9,13,3,8,7,15	372,434,808,747,780,730,951,957,840,669	new
224,228,404,416,434,441,445,461,532,664	0,1,6,10,11	2,5,12,4,15,7,8,3,13,9	372,994,1411,957,951,730,780,742,746,434	new
224,229,378,389,422,458,532,550,607,631	1,4,6,10,12	2,11,0,5,15,14,13,8,16,7	372,994,998,979,1241,1348,1266,671,996,381	new
224,229,422,445,471,488,526,594,651,670	1,2,6,10,11	5,0,4,12,7,16,3,13,8,14	372,381,996,993,1356,1374,934,937,1194,1049	new
224,233,260,265,488,491,500,501,535,564	0,4,6,11,12	1,2,10,5,14,7,8,3,16,9	372,1020,537,532,1148,854,937,871,870,431	new
224,233,260,311,488,491,500,501,535,564	0,2,6,11,12	1,10,4,5,14,7,3,15,16,9	372,1020,1078,1042,839,844,1208,1097,1055,431	new
224,233,260,488,491,500,501,535,564,606	0,2,6,11,12	1,4,10,5,14,7,3,15,16,9	372,1020,1254,1042,839,844,1208,1097,870,431	new
224,233,265,378,426,429,445,500,526,535	0,4,6,11,12	1,2,10,5,14,7,15,8,16,9	372,1020,537,719,722,993,998,934,870,431	new
224,233,265,387,458,471,500,507,527,532	0,1,5,10,11	2,4,6,12,15,8,16,3,9,14	372,994,879,1071,870,431,669,773,949,1049	new
224,233,265,458,468,471,500,527,532,591	0,1,5,10,11	2,4,6,12,15,16,8,3,9,14	372,994,805,1071,870,431,1234,773,949,1049	new
224,233,311,378,426,429,445,500,526,535	0,2,6,11,12	1,10,4,5,14,7,15,8,16,9	372,1020,1078,982,659,746,748,930,1055,431	new
224,233,378,426,429,445,500,526,535,606	0,2,6,11,12	1,4,10,5,14,7,15,8,16,9	372,1020,1254,982,659,746,748,930,870,431	new
224,234,311,350,376,441,461,535,618,637	0,2,5,10,12	1,11,4,6,14,3,7,8,16,9	372,1020,1099,1294,1315,657,780,742,583,427	new
224,234,311,396,434,535,618,631,637,654	0,2,5,10,12	1,11,4,6,14,8,15,3,16,9	372,1020,1309,1334,1382,1285,730,684,583,427	new
224,332,347,388,452,532,535,622,627,631	0,4,6,10,12	1,5,11,2,14,9,8,16,3,15	372,1020,1297,1348,897,759,1305,736,1088,994	new
228,229,246,387,408,446,454,465,477,664	1,2,7,11,12	3,0,6,10,4,14,8,5,13,16	380,381,747,763,696,1067,1411,669,513,796	new
228,229,311,387,399,446,496,512,532,624	0,1,6,10,12	3,2,11,7,4,16,8,14,5,13	380,381,994,669,1428,1024,852,902,865,583	new
228,229,322,408,503,622,634,650,673,678	0,2,6,10,12	3,1,7,11,4,14,9,5,16,13	380,381,1390,1297,1329,1378,1360,942,595,874	new
228,229,378,387,488,491,503,505,532,564	0,1,6,10,12	3,7,2,11,4,15,5,14,9,13	380,381,669,994,998,937,854,1148,941,874	new
228,229,378,488,491,503,521,532,564,664	0,1,6,10,12	3,2,7,11,4,15,5,14,9,13	380,381,1411,994,998,937,854,1148,920,874	new
228,229,387,395,446,454,465,477,503,664	1,2,7,11,12	3,0,6,10,4,14,8,13,5,16	380,381,747,763,1065,1067,1411,669,681,796	new
228,233,260,364,387,465,503,558,561,624	0,1,2,6,12	7,3,11,10,8,14,4,13,9,16	380,395,988,1302,644,1141,1144,1065,532,796	new
228,233,378,387,422,503,507,518,624,625	0,1,6,10,12	2,11,3,7,13,5,15,4,14,8	380,1065,879,903,996,998,1427,1302,988,395	new
228,243,335,377,465,503,507,628,629,637	0,1,3,7,12	10,6,2,11,16,14,9,15,5,13	380,796,514,760,793,1307,1306,1315,879,874	new
228,243,376,465,503,561,617,628,629,631	0,3,7,11,12	2,1,6,10,13,15,5,9,14,16	380,1065,1144,1284,1348,1387,1426,938,514,796	new
228,246,311,364,367,429,445,449,452,523	1,2,6,10,12	0,11,3,7,16,9,15,8,14,13	380,993,722,922,923,840,861,1003,504,583	new
228,258,311,388,396,466,495,515,631,650	0,2,7,11,12	3,10,1,6,14,16,4,15,9,13	380,987,806,894,530,1344,1309,897,868,1055	new
228,283,311,315,417,422,424,426,566,594	0,2,3,10,11	6,12,1,7,13,8,5,9,14,15	380,1055,719,725,775,1235,713,1194,555,587	new
228,311,347,364,424,426,445,624,628,631	1,3,7,10,12	0,2,11,6,16,5,14,15,9,13	380,993,1003,1428,1309,1426,625,715,930,1055	new
228,335,424,445,458,503,505,569,607,629	1,3,7,10,12	0,6,11,2,16,4,5,15,9,13	380,993,979,613,1255,1153,1387,715,941,1065	new
228,347,364,424,426,445,503,624,628,631	1,3,7,10,12	0,2,6,11,16,5,14,15,9,13	380,993,1003,1302,1309,1426,625,715,930,874	new
228,378,387,424,426,445,503,569,607,629	1,3,7,10,12	0,2,6,11,16,4,5,15,9,13	380,993,998,988,1255,1153,1387,715,930,874	new
228,387,424,445,458,503,505,569,607,629	1,3,7,10,12	0,6,2,11,16,4,5,15,9,13	380,993,979,988,1255,1153,1387,715,941,874	new
228,416,417,495,496,503,609,622,650,678	2,6,7,10,12	3,0,1,11,14,16,4,5,15,13	380,987,896,1344,1300,1282,708,707,1404,874	new
229,233,243,246,260,315,458,466,564,570	0,1,2,6,11	7,4,12,10,9,14,8,5,15,16	381,431,989,979,1154,1148,532,504,499,797	new
229,234,265,387,399,441,458,500,507,521	1,2,4,11,12	7,0,6,10,15,3,8,9,13,14	381,669,773,1058,1057,405,687,1078,537,910	new
229,243,350,395,422,441,454,463,584,673	1,4,6,7,11	0,10,2,12,16,3,5,15,13,14	381,996,800,809,514,1099,1058,877,1406,1178	new
229,243,381,395,422,446,452,463,584,634	2,6,7,11,12	0,10,4,1,16,3,9,13,15,14	381,996,800,902,1227,759,514,681,662,1390	new
229,246,446,465,495,515,607,629,637,663	0,1,6,10,12	4,7,2,11,14,13,5,3,8,15	381,987,504,796,902,894,1315,1307,1346,1266	new
229,260,322,335,387,446,622,634,650,663	2,4,6,10,12	0,1,11,7,14,16,5,9,3,15	381,747,1344,1300,1312,703,532,1353,793,669	new
229,260,322,335,446,535,607,634,650,663	2,4,6,10,12	0,1,7,11,14,16,5,9,3,15	381,747,1344,1010,1312,703,532,1353,793,1266	new
229,260,335,387,446,628,629,631,654,663	1,4,6,10,12	0,2,11,7,14,13,16,8,3,15	381,747,1097,1346,1348,1424,1306,1307,793,669	new
229,265,390,465,466,477,491,503,507,584	0,1,6,10,11	2,4,7,12,13,3,16,5,15,14	381,1067,1065,537,910,797,808,854,672,1178	new
229,265,446,466,468,477,515,535,594,607	0,6,7,11,12	2,4,1,10,13,5,3,15,9,16	381,1067,805,1071,1010,1266,1217,747,904,797	new
229,283,315,387,389,424,466,488,495,571	0,1,4,6,12	7,11,2,10,15,13,3,9,8,16	381,669,671,725,1155,839,555,587,851,797	new
229,283,389,424,466,488,495,526,571,607	0,1,4,6,12	10,2,7,11,16,8,9,3,13,15	381,797,851,934,555,839,1155,725,671,1266	new
229,335,387,404,416,417,452,495,496,627	1,2,6,10,12	4,0,11,7,14,16,5,13,3,15	381,987,896,1421,840,957,951,775,793,669	new
229,335,387,468,477,495,496,622,628,629	0,1,6,10,12	2,4,11,7,13,5,14,8,3,15	381,1067,805,851,852,1306,1387,1300,793,669	new
229,335,388,452,507,607,622,627,631,637	0,2,4,6,12	10,1,7,11,14,9,13,8,3,15	381,910,1382,1300,1421,840,670,1309,793,1266	new
229,335,465,468,477,496,607,622,628,629	0,1,6,10,12	2,4,7,11,13,5,14,8,3,15	381,1067,805,796,852,1306,1387,1300,793,1266	new
229,335,465,480,495,496,515,607,629,637	0,1,6,10,12	4,2,7,11,14,5,13,8,3,15	381,987,826,796,852,894,1382,1307,793,1266	new
229,350,377,469,503,521,584,607,663,678	0,4,6,7,10	11,2,1,12,15,8,13,5,16,14	381,1266,1346,658,630,812,920,874,1404,1178	new
229,376,389,570,594,607,621,628,651,664	1,4,7,10,12	2,0,6,11,15,3,16,5,9,14	381,1411,1218,1194,1255,717,1306,657,1330,1289	new
229,377,388,390,452,466,500,631,634,654	0,2,4,6,11	10,7,1,12,16,9,13,8,3,15	381,797,870,1312,1334,658,1348,897,845,840	new
229,377,388,390,466,500,617,627,631,654	0,2,4,6,11	1,12,7,10,15,3,8,13,9,16	381,1421,845,897,1348,658,1334,1284,870,797	new
229,377,388,446,452,512,569,607,631,650	2,4,6,10,11	0,1,7,12,14,16,8,5,13,15	381,747,1344,1348,1266,1153,658,1024,670,840	new
229,377,388,452,535,569,607,634,650,654	2,4,6,10,11	1,0,7,12,14,16,5,8,13,15	381,1390,1344,1010,1266,1153,658,1334,670,840	new
229,381,452,488,491,495,526,564,570,571	1,2,6,7,10	4,11,0,12,14,9,5,13,16,15	381,987,982,662,844,1208,1218,1196,839,840	new
229,387,388,424,495,512,564,571,628,670	0,2,6,10,11	4,1,12,7,14,3,8,5,13,15	381,987,1388,1208,1196,715,1306,1024,670,669	new
229,387,388,424,496,564,571,628,634,670	0,2,6,10,11	1,4,12,7,14,3,8,5,13,15	381,1390,1388,1208,1196,715,1306,852,670,669	new
229,387,390,404,452,468,477,503,521,532	0,4,6,10,11	2,1,12,7,16,5,13,3,14,15	381,994,801,822,1065,1057,692,759,672,669	new
229,389,424,477,505,607,622,631,634,654	0,4,6,10,12	1,7,11,2,14,9,8,15,3,13	381,1390,1297,1348,717,1255,1334,725,876,1067	new
229,389,466,496,550,607,625,627,628,654	0,2,4,6,12	10,1,7,11,16,8,14,9,13,15	381,797,852,1306,1424,1421,1133,1303,671,1266	new
229,395,452,507,512,622,628,631,637,654	0,2,4,6,11	10,1,7,12,14,9,13,8,16,15	381,910,1382,1300,1426,1334,1309,890,681,840	new
229,399,416,458,459,477,503,550,607,631	0,4,6,7,12	2,10,1,11,13,14,16,9,8,15	381,1067,874,865,951,888,979,1241,1348,1266	new
229,422,424,512,570,621,624,631,654,664	1,4,6,10,12	2,0,7,11,15,3,16,13,8,14	381,1411,1218,713,715,1424,1348,1024,1302,1289	new
233,243,311,350,441,446,452,584,622,629	0,1,3,6,10	8,12,2,11,13,9,5,16,14,15	395,583,742,747,1178,840,499,630,1387,1300	new
233,243,315,376,387,395,458,459,526,651	1,2,6,10,11	3,0,8,12,14,13,16,4,9,15	395,988,809,499,657,1330,982,989,979,888	new
233,246,315,387,389,422,446,465,500,518	0,6,8,11,12	2,10,1,3,13,5,4,7,16,14	395,1078,985,989,504,796,902,713,717,988	new
233,249,260,388,395,459,468,477,500,505	0,3,6,10,11	2,8,1,12,13,14,16,5,4,15	395,1078,532,521,876,1067,805,809,897,888	new
233,249,260,388,395,459,468,503,505,663	0,3,6,10,11	2,8,1,12,14,13,16,5,4,15	395,1353,532,521,876,1065,805,809,897,888	new
233,265,374,377,441,454,503,535,622,631	0,3,6,10,12	2,8,1,11,16,13,5,14,4,15	395,1020,537,874,877,1058,1063,760,1309,1300	new
233,311,374,393,396,399,441,535,550,558	0,3,6,10,12	2,1,11,8,16,15,14,4,5,13	395,1020,1220,1241,702,1063,1058,868,865,583	new
233,311,374,393,396,426,441,535,550,622	0,3,6,10,12	2,11,1,8,16,15,14,4,5,13	395,1020,1297,1241,702,1063,1058,868,930,583	new
233,315,322,348,381,463,535,561,673,678	0,3,6,10,11	2,1,12,8,16,13,4,7,5,15	395,1020,1185,1378,1360,703,863,855,800,587	new
233,315,335,374,377,441,454,535,561,678	0,3,6,10,12	2,1,11,8,16,13,5,14,4,15	395,1020,1185,1404,877,1058,1063,760,793,587	new
233,315,468,477,480,495,507,607,621,663	0,1,6,11,12	2,10,3,8,14,16,4,7,5,15	395,1353,1255,1293,879,805,1067,1002,851,587	new
233,315,477,480,495,503,507,535,607,621	0,1,6,11,12	2,10,3,8,16,14,4,7,5,15	395,1020,1255,1293,879,1065,1067,1002,851,587	new
233,335,374,377,441,454,503,535,561,622	0,3,6,10,12	2,1,8,11,16,13,5,14,4,15	395,1020,1185,874,877,1058,1063,760,793,1300	new
233,350,364,367,377,387,535,550,560,663	1,6,8,10,12	2,0,11,3,16,9,4,15,13,14	395,1020,1099,760,1353,1158,1241,861,1003,988	new
233,376,377,387,388,459,569,607,631,654	2,6,8,10,11	3,0,1,12,14,16,4,5,13,15	395,988,897,1348,1266,1153,658,657,1424,888	new
233,377,387,388,569,606,607,617,622,654	1,2,6,8,10	3,0,12,11,14,16,4,7,13,15	395,988,897,1424,760,1164,1255,1254,1296,1300	new
233,387,395,452,500,507,512,584,607,631	0,6,8,10,12	2,11,1,3,13,7,16,4,5,14	395,1078,910,1178,840,681,890,1309,1255,988	new
234,311,315,335,449,512,521,624,625,631	1,3,7,10,11	8,0,2,12,13,15,9,5,16,14	405,1055,989,613,1348,1024,1428,1427,754,1057	new
234,404,426,515,526,628,631,637,651,663	1,3,8,10,11	2,7,0,12,14,6,16,5,15,13	405,692,1353,1309,1426,904,1315,1330,982,719	new
243,246,260,263,374,515,558,606,650,651	0,1,3,8,13	4,2,9,6,11,16,12,5,10,7	499,655,1330,1254,1141,1344,904,535,532,504	new
243,246,283,377,465,480,526,571,607,654	0,2,4,8,13	1,3,9,6,11,16,5,14,12,7	499,658,1334,1255,1196,555,934,826,796,504	new
243,246,311,315,393,452,558,561,622,627	0,2,8,9,13	1,3,4,6,12,14,15,5,10,7	499,840,1421,677,1144,1141,1300,587,583,504	new
243,246,311,376,503,561,606,607,628,629	0,3,8,9,13	2,1,4,6,11,15,5,14,10,7	499,657,1306,1307,1255,1254,1185,874,583,504	new
243,246,315,367,452,488,571,594,622,627	0,1,4,9,13	2,8,3,6,12,15,5,11,16,7	499,839,1155,1217,840,861,1305,1297,989,504	new
243,246,463,465,488,496,571,594,628,629	0,2,4,8,13	3,1,9,6,14,11,16,5,12,7	499,896,1426,1307,1196,1194,937,800,796,504	new
243,283,377,488,496,500,515,561,663,678	1,4,6,8,9	2,13,0,3,12,16,10,15,11,14	499,839,555,760,1353,1078,1185,1378,904,896	new
243,315,374,387,395,458,459,526,591,651	0,1,8,9,13	4,2,3,6,11,16,5,10,7,15	499,655,1330,982,989,979,888,1190,988,809	new
243,332,335,350,374,377,465,468,477,532	2,3,4,8,13	1,9,0,6,11,5,15,10,7,14	499,658,613,630,655,610,984,822,801,808	new
243,332,335,374,377,466,468,477,532,550	2,3,4,8,13	0,6,9,1,14,7,10,15,5,11	499,797,801,822,984,610,655,1241,613,658	new
243,348,376,381,395,463,466,606,617,637	1,3,6,8,13	0,2,4,9,14,5,10,11,16,12	499,797,800,855,938,1382,1296,1254,626,681	new
243,350,374,396,461,465,466,496,512,550	1,3,8,9,13	0,6,2,4,14,5,16,7,10,11	499,797,796,852,1024,1241,630,684,780,655	new
243,350,387,388,395,468,532,617,618,631	1,3,4,9,13	6,0,2,8,15,14,7,5,16,11	499,809,805,994,669,670,1309,1296,1285,630	new
243,350,387,389,465,468,532,617,618,631	1,3,4,9,13	6,0,2,8,14,15,7,5,16,11	499,808,805,994,669,671,1309,1296,1285,630	new
243,350,387,395,463,466,550,569,607,663	1,3,6,9,13	0,2,4,8,14,5,7,12,15,11	499,797,800,809,988,1353,1255,1153,1241,630	new
243,350,388,389,465,466,496,625,628,629	1,3,4,9,13	0,6,2,8,14,5,16,7,15,11	499,797,796,852,670,671,1426,1427,1387,630	new
243,350,388,389,465,491,496,622,628,629	1,3,4,9,13	6,2,0,8,14,5,16,7,15,11	499,808,854,852,670,671,1426,1307,1297,630	new
243,350,395,526,558,570,571,591,606,617	0,1,4,9,13	6,2,3,8,15,10,7,12,16,11	499,809,934,1190,1196,1218,1220,1274,1284,630	new
243,364,395,446,469,471,584,624,628,631	0,2,4,9,13	6,1,3,8,15,7,11,16,5,12	499,809,1003,1302,1348,1306,902,1227,814,812	new
243,367,374,388,389,393,452,561,606,607	0,2,8,9,13	3,6,1,4,15,12,14,5,7,11	499,897,759,647,1144,1274,1266,671,677,655	new
243,374,389,390,465,491,550,569,627,628	0,1,3,9,13	4,8,2,6,11,15,12,7,5,14	499,655,1241,1153,717,1306,1305,672,854,808	new
243,376,466,496,526,618,621,622,628,629	1,4,6,8,13	0,3,9,2,14,10,16,15,12,11	499,797,852,1306,1297,1387,1285,1289,982,657	new
243,377,452,469,503,521,584,607,663,678	0,2,3,6,13	1,9,4,8,11,14,15,7,10,12	499,658,1346,1266,840,1178,1404,874,920,812	new
243,387,388,395,463,465,488,571,607,624	0,2,4,8,13	3,1,6,9,15,10,16,5,7,12	499,897,1428,669,1266,1155,937,800,796,681	new
243,387,388,452,471,535,584,627,631,663	2,4,6,8,13	1,0,9,3,12,16,7,14,10,15	499,840,1178,1049,1020,1353,988,1305,1309,897	new
243,388,395,465,488,491,571,607,624,627	0,2,4,8,13	3,1,6,9,15,10,5,16,7,12	499,897,1428,1421,1266,1155,937,854,796,681	new
243,395,466,468,495,518,606,617,621,651	1,3,6,8,13	0,2,4,9,14,15,10,16,7,12	499,797,903,1274,1284,1330,1289,987,801,681	new
243,395,466,468,500,507,518,617,621,651	1,3,6,8,13	0,2,4,9,14,15,16,10,7,12	499,797,903,870,1284,1330,1289,910,801,681	new
243,395,466,496,526,618,621,622,637,650	1,4,6,8,13	0,3,2,9,14,10,16,15,11,12	499,797,852,1329,1297,1382,1285,1289,982,681	new
243,446,465,469,480,561,584,621,628,654	0,2,4,9,13	6,1,3,8,14,7,11,5,16,12	499,808,1002,1289,1424,1306,902,1227,1144,812	new
243,466,488,496,526,618,621,622,628,637	1,4,6,8,13	0,3,9,2,14,10,16,15,11,12	499,797,852,1306,1297,1382,1285,1289,982,839	new
246,260,265,315,465,566,569,629,634,654	1,2,4,8,13	3,0,9,7,16,10,6,15,11,14	504,989,1235,1164,1307,1334,1312,1071,1097,808	new
246,260,335,374,377,387,389,422,441,446	0,2,4,7,13	3,8,1,9,15,16,5,11,12,10	504,988,613,658,717,713,1063,1058,902,532	new
246,260,335,374,387,389,422,446,461,631	0,2,4,7,13	3,8,1,9,15,16,11,5,12,10	504,988,613,1348,717,713,1063,873,902,532	new
246,260,364,426,463,488,521,523,527,558	0,2,3,7,8	1,13,4,9,15,12,16,14,11,10	504,1003,1220,949,800,937,932,1057,719,532	new
246,260,399,422,426,465,488,491,500,518	0,1,3,8,13	7,2,4,9,14,5,6,12,11,10	504,808,854,937,713,985,1078,687,719,532	new
246,265,315,458,468,503,550,629,634,654	1,2,4,8,13	0,9,7,3,14,11,15,6,10,16	504,801,874,1071,1312,1334,1307,1133,773,989	new
246,311,348,364,367,378,441,458,561,634	0,1,7,9,13	4,2,3,8,10,16,5,12,11,14	504,583,742,979,998,1003,861,1185,1390,626	new
246,311,348,364,367,387,441,458,561,606	0,1,7,9,13	4,2,3,8,10,16,5,11,12,14	504,583,742,979,988,1003,861,1185,1254,626	new
246,311,350,395,441,468,495,621,622,628	1,3,8,9,13	4,2,0,7,10,16,11,5,14,15	504,583,742,630,1297,1306,1293,851,805,809	new
246,311,395,441,468,507,550,621,622,628	1,3,8,9,13	4,2,0,7,10,16,5,11,14,15	504,583,742,1241,1297,1306,1293,879,805,809	new
246,315,335,458,468,500,503,629,634,654	1,2,4,8,13	0,9,7,3,14,11,6,15,10,16	504,801,874,870,1312,1334,1307,793,773,989	new
246,315,378,389,417,422,495,518,606,609	1,4,7,9,13	2,0,8,3,15,16,5,6,12,14	504,998,996,671,775,1259,989,985,1254,987	new
246,315,378,417,422,424,495,526,606,609	1,4,7,9,13	2,0,8,3,15,16,6,5,12,14	504,998,996,725,775,1259,989,982,1254,987	new
246,315,387,389,422,465,496,500,518,663	2,4,7,8,13	3,0,1,9,16,14,6,10,15,12	504,989,985,1078,1353,988,717,713,852,796	new
246,378,446,461,495,526,570,571,591,651	0,1,4,8,9	2,13,7,3,15,12,6,16,11,14	504,998,1218,1196,1190,934,1374,780,747,987	new
246,388,389,446,459,463,465,495,625,628	0,2,4,8,13	3,7,1,9,14,11,6,10,5,12	504,987,747,1426,1427,717,897,888,800,796	new
246,459,463,465,495,496,512,624,631,654	0,2,4,8,13	3,7,1,9,14,6,15,10,5,12	504,987,896,890,1302,1348,1424,888,800,796	new
249,260,367,374,377,446,452,463,518,561	0,2,3,7,13	4,10,1,6,15,11,14,5,12,8	521,1185,861,840,658,655,903,800,902,532	new
249,260,374,377,422,452,463,465,561,584	0,2,3,7,13	4,1,10,6,15,14,11,5,12,8	521,1185,1178,840,658,655,996,800,796,532	new
249,263,404,408,449,454,515,618,637,678	0,3,6,10,13	1,7,4,2,12,9,8,5,15,11	521,877,923,957,962,1294,1315,904,1378,696	new
249,265,396,449,454,505,507,521,584,678	0,3,6,10,13	4,2,1,7,8,12,16,5,14,11	521,537,910,1178,1404,877,876,1057,754,684	new
249,332,350,396,501,503,507,532,560,629	0,1,3,6,13	4,2,10,7,12,8,14,15,9,11	521,874,910,984,610,871,1158,1387,630,684	new
249,332,350,396,501,505,507,532,550,560	0,1,3,6,13	2,4,10,7,12,8,14,15,9,11	521,876,910,984,610,871,1158,1241,630,684	new
258,263,378,445,463,465,491,594,618,670	0,3,4,8,13	6,1,5,10,7,15,16,9,14,12	530,535,1285,1356,993,796,844,1217,659,785	new
258,283,381,452,463,465,491,606,607,617	0,4,5,8,13	1,6,3,10,15,16,2,9,7,12	530,1284,1274,1266,840,1046,855,854,808,785	new
258,364,367,381,399,463,491,512,515,558	0,1,5,6,10	3,13,4,8,16,12,14,2,15,11	530,1141,644,1024,861,855,854,800,904,687	new
258,399,500,515,550,617,622,628,650,663	1,3,5,10,13	4,6,0,8,12,14,15,7,16,11	530,894,1329,1296,1300,1133,1306,1353,1078,687	new
258,468,495,503,515,561,621,628,651,670	0,3,5,6,10	1,8,13,4,16,11,15,7,14,12	530,1144,1065,805,851,1356,1374,1293,1306,894	new
260,265,315,463,465,566,569,607,617,654	0,2,3,8,13	4,7,1,10,6,15,11,14,5,12	532,537,1296,1424,1266,1153,1150,587,800,796	new
260,265,315,465,495,566,569,617,629,654	0,2,3,8,13	4,7,1,10,6,15,11,5,14,12	532,537,1296,1424,1387,1153,1150,587,851,796	new
260,265,322,335,446,535,607,621,650,663	0,2,4,8,10	3,7,1,13,15,16,5,12,9,14	532,1353,793,1266,1289,747,1344,1010,1071,703	new
260,265,434,446,461,584,618,621,670,678	0,3,7,10,13	1,8,2,4,12,5,16,15,11,6	532,902,873,1388,1294,1293,1227,1378,730,537	new
260,265,458,463,465,566,569,607,617,621	0,2,3,8,13	4,7,1,10,6,15,14,11,5,12	532,537,1296,1289,1266,1153,1150,979,800,796	new
260,283,348,376,381,465,488,500,571,637	0,2,3,7,8	4,1,13,10,15,5,11,16,14,12	532,1078,1382,938,555,1196,937,855,863,796	new
260,283,395,465,495,496,526,564,628,670	0,3,4,8,13	1,2,7,10,16,15,9,11,6,12	532,1148,1356,851,852,1306,1046,982,681,796	new
260,311,377,396,459,463,466,515,628,663	0,1,8,10,13	3,7,2,4,15,12,6,5,11,9	532,1353,760,1426,904,806,785,774,684,583	new
260,311,404,449,521,550,560,627,663,664	0,2,7,10,13	3,8,1,4,15,5,6,11,16,9	532,1353,1158,1241,1305,1349,692,923,920,583	new
260,315,395,465,526,558,564,606,622,670	0,3,4,8,13	1,2,7,10,16,15,5,11,6,12	532,1148,1356,1274,1220,1297,989,982,681,796	new
260,348,376,377,465,500,501,569,606,637	0,2,3,7,8	4,1,13,10,15,5,11,9,14,12	532,1078,1382,938,760,1164,871,1274,863,796	new
260,416,429,441,458,459,471,480,503,527	2,3,7,10,13	1,8,0,4,11,12,15,5,6,14	532,722,1058,773,774,707,978,814,826,1065	new
260,426,446,477,535,607,627,628,634,664	0,2,7,8,13	1,3,10,4,12,15,9,5,14,11	532,902,1306,1305,1312,1010,1266,1411,1067,719	new
265,283,311,315,367,374,377,550,634,678	0,2,7,10,13	1,8,3,6,15,12,11,4,5,9	537,1390,1404,647,1133,1063,760,555,587,583	new
265,311,350,376,396,426,535,550,622,628	0,2,7,10,13	3,1,8,6,15,5,4,9,12,11	537,1020,1297,1241,1426,938,1099,868,1055,719	new
265,311,350,377,396,503,535,622,628,629	0,2,7,10,13	3,1,6,8,15,5,4,9,11,12	537,1020,1297,1387,1426,760,1099,868,1055,874	new
265,315,458,468,495,503,550,617,629,654	0,2,3,8,13	6,10,1,7,14,12,4,5,11,15	537,1065,805,851,587,979,1241,1387,1424,1296	new
265,315,458,468,503,518,550,617,631,654	0,2,3,8,13	6,10,1,7,14,12,5,4,11,15	537,1065,805,903,587,979,1241,1348,1424,1296	new
265,322,426,465,477,480,491,495,503,526	2,3,7,8,13	1,10,0,6,9,14,16,12,15,11	537,595,1067,1065,826,796,844,987,982,719	new
265,350,388,434,452,459,469,503,617,618	0,2,3,6,10	7,13,1,8,15,11,4,14,5,12	537,1296,888,897,759,1098,1099,1294,880,874	new
265,350,466,468,495,518,535,606,617,622	0,1,6,8,13	3,7,2,10,15,16,4,11,5,12	537,1020,1099,1300,1296,1254,987,985,806,801	new
265,367,395,468,607,622,627,628,634,663	0,2,6,8,13	1,3,7,10,15,5,11,16,4,12	537,1390,1297,1306,1353,1255,1305,647,681,801	new
265,376,434,503,507,535,550,558,618,628	0,2,7,10,13	3,8,1,6,15,5,4,9,12,14	537,1020,1220,1241,1426,938,1294,880,879,1065	new
265,378,422,463,468,477,480,495,507,532	1,3,7,8,13	0,6,10,2,14,4,9,15,16,12	537,826,822,801,994,996,659,785,987,910	new
265,378,422,468,477,495,503,507,526,532	1,3,7,8,13	2,10,0,6,12,16,15,9,4,14	537,910,987,982,659,996,994,801,822,1065	new
265,388,390,426,477,491,594,617,631,664	0,1,2,8,13	6,10,3,7,11,14,5,9,4,15	537,719,1067,1411,1217,844,845,897,1309,1296	new
265,390,395,468,480,495,503,507,584,606	2,3,6,8,13	0,1,7,10,15,14,9,16,4,12	537,1254,987,1002,874,910,1178,672,681,801	new
265,390,395,468,535,607,622,627,628,663	0,2,6,8,13	3,1,7,10,15,5,11,16,4,12	537,1020,1297,1306,1353,1255,1305,672,681,801	new
265,395,422,468,488,500,515,606,617,651	1,3,6,8,13	0,2,7,10,15,16,14,9,4,12	537,1254,1330,1284,870,904,996,839,681,801	new
265,422,445,468,471,477,480,491,532,561	1,2,6,7,13	8,3,0,10,15,14,11,5,16,12	537,1185,1049,854,993,996,994,1067,1002,801	new
265,446,466,477,503,515,532,535,607,621	1,2,6,7,13	3,0,10,8,15,4,11,14,9,12	537,1020,1255,1293,902,894,806,984,822,874	new
283,315,388,395,429,446,459,488,624,625	1,5,7,9,13	0,10,2,4,14,3,16,12,15,8	555,839,681,670,1302,1303,722,902,888,587	new
283,315,417,424,459,566,569,571,591,628	2,5,7,10,13	1,0,9,4,15,12,11,3,16,8	555,1426,725,775,774,1234,1155,1153,1150,587	new
283,315,422,424,468,477,488,495,523,532	1,2,5,7,13	0,9,10,4,14,11,16,6,12,8	555,839,922,725,996,994,1067,805,851,587	new
283,347,422,449,452,488,518,526,625,629	1,5,7,10,13	0,2,9,4,14,3,11,16,8,12	555,839,840,923,1303,1387,625,996,903,934	new
283,347,422,449,463,469,488,526,625,629	1,5,7,10,13	0,9,2,4,14,3,11,16,8,12	555,839,812,923,1303,1387,625,996,800,934	new
283,374,378,387,461,491,495,526,594,651	0,1,5,9,10	2,7,13,4,16,14,11,3,15,12	555,1194,854,851,669,659,655,780,1374,934	new
283,374,381,393,422,515,627,628,629,637	0,2,5,7,13	1,9,4,10,15,8,12,3,11,14	555,1426,1387,1315,904,996,655,677,1421,662	new
283,377,381,512,526,550,624,625,627,628	0,5,7,9,13	1,10,2,4,15,16,11,3,14,12	555,1426,658,1024,1428,1427,1241,1305,855,934	new
283,378,387,446,461,495,526,570,571,651	1,2,5,9,10	0,7,13,4,16,8,14,3,15,12	555,1196,1218,998,988,987,747,780,1374,934	new
283,381,388,488,496,571,627,629,631,663	1,5,7,9,13	2,0,4,10,12,15,3,6,11,14	555,937,1155,1387,1353,1309,897,896,1421,662	new
283,381,422,452,468,495,532,569,607,628	1,4,7,9,13	2,0,5,10,11,16,15,3,8,14	555,759,1255,1153,1426,996,994,801,987,662	new
283,387,459,550,591,622,624,625,628,654	0,5,7,9,13	1,10,2,4,15,12,14,3,11,16	555,1426,1334,774,1297,1241,1427,1302,988,1190	new
283,387,550,594,617,622,624,625,628,654	0,5,7,9,13	1,10,4,2,15,12,14,3,11,16	555,1426,1334,1284,1297,1241,1427,1302,988,1194	new
283,389,452,501,535,550,606,607,622,628	1,5,7,10,13	2,0,4,9,11,16,15,3,14,12	555,759,1255,717,1306,1133,1300,1010,1274,871	new
283,399,404,452,503,535,561,607,627,628	0,4,5,10,13	1,7,9,2,15,8,16,6,3,11	555,1426,1421,1266,1010,1144,1065,687,692,759	new
283,422,424,458,469,488,558,594,622,637	1,5,7,10,13	0,9,4,2,14,3,15,12,8,16	555,839,812,1141,1300,1382,725,996,979,1194	new
283,422,449,463,488,523,526,625,628,629	1,5,7,10,13	0,9,2,4,14,11,3,16,8,12	555,839,922,923,1303,1387,1426,996,800,934	new
283,422,458,488,558,570,594,622,628,637	1,5,7,10,13	0,9,4,2,14,15,3,12,8,16	555,839,1154,1141,1300,1382,1426,996,979,1194	new
311,315,335,426,449,512,521,550,624,625	0,2,9,10,13	3,1,7,8,5,11,15,4,6,12	583,587,793,1133,890,1302,1303,923,920,930	new
311,315,350,377,441,446,452,584,622,629	0,7,8,10,13	2,9,1,3,16,12,6,4,15,5	583,742,747,1178,840,658,630,1387,1300,587	new
311,315,350,396,426,434,477,535,622,673	0,2,7,9,13	3,1,10,8,5,15,14,16,6,12	583,587,1300,1010,630,684,730,1360,822,930	new
311,315,364,378,381,495,500,624,627,634	0,2,7,8,13	3,10,1,9,5,12,4,11,6,15	583,587,851,855,998,1003,1428,1421,1390,1078	new
311,315,390,452,503,507,584,591,663,664	0,2,7,10,13	3,8,1,9,5,16,11,6,15,14	583,587,1190,1353,1349,759,672,1178,910,1065	new
311,315,396,459,500,518,558,622,631,663	0,1,8,10,13	2,7,3,9,11,5,16,6,4,15	583,684,774,989,985,1141,1300,1309,1353,1078	new
311,315,408,426,449,458,512,550,624,625	0,2,9,10,13	3,7,1,8,5,11,15,4,6,12	583,587,773,1133,890,1302,1303,923,942,930	new
311,335,396,459,463,500,518,558,622,663	0,1,8,10,13	2,7,3,9,11,5,6,16,4,15	583,684,774,785,985,1141,1300,793,1353,1078	new
311,350,374,393,396,399,500,535,550,558	0,2,7,10,13	1,8,3,9,12,11,4,5,6,15	583,865,868,1099,1063,702,1241,1220,1020,1078	new
311,350,374,393,396,426,500,535,550,622	0,2,7,10,13	8,1,3,9,12,11,4,5,6,15	583,930,868,1099,1063,702,1241,1297,1020,1078	new
311,377,396,459,463,466,496,500,628,663	0,1,8,10,13	2,7,3,9,11,5,6,12,4,15	583,684,774,785,806,896,1426,760,1353,1078	new
311,393,404,449,500,521,550,560,663,664	0,2,7,10,13	1,8,3,9,16,11,6,5,4,15	583,920,923,692,1349,702,1241,1158,1353,1078	new
315,332,335,350,374,501,518,550,558,629	0,2,5,8,10	1,13,7,9,11,15,3,16,14,12	587,793,1099,1063,871,610,1387,1241,1220,903	new
315,332,335,350,376,501,527,550,558,629	0,2,5,8,10	1,13,9,7,11,15,3,16,14,12	587,793,1099,938,871,610,1387,1241,1220,949	new
315,335,424,458,527,535,558,617,618,637	1,5,8,10,13	2,0,9,7,16,11,15,3,14,12	587,979,613,715,1315,1294,1296,1020,1220,949	new
315,335,458,468,495,500,503,617,629,654	1,5,7,8,13	2,0,9,10,16,11,3,15,6,12	587,979,613,1387,1424,1296,1078,1065,805,851	new
315,335,458,468,500,503,518,617,631,654	1,5,7,8,13	2,0,10,9,16,11,3,15,6,12	587,979,613,1348,1424,1296,1078,1065,805,903	new
315,335,458,518,558,561,617,618,622,637	1,5,8,10,13	2,0,7,9,16,11,3,15,14,12	587,979,613,1297,1315,1294,1296,1185,1220,903	new
315,335,458,527,558,561,617,618,629,637	1,5,8,10,13	2,0,9,7,16,11,3,15,14,12	587,979,613,1387,1315,1294,1296,1185,1220,949	new
315,347,399,404,422,446,459,521,591,664	0,1,7,9,13	2,10,5,8,15,12,3,14,6,16	587,888,902,713,736,1349,692,687,1057,1190	new
315,350,417,424,458,527,535,558,618,637	1,5,8,10,13	2,0,9,7,16,15,11,3,14,12	587,979,708,715,1315,1294,1099,1020,1220,949	new
315,350,417,424,459,527,535,558,629,637	1,5,8,10,13	2,0,9,7,15,16,11,3,14,12	587,888,708,715,1315,1307,1099,1020,1220,949	new
315,350,417,424,527,558,609,629,637,650	1,5,8,10,13	0,2,9,7,15,16,11,3,14,12	587,1282,708,715,1315,1307,1099,1329,1220,949	new
315,396,426,459,500,527,558,622,631,663	0,1,5,8,10	2,13,9,7,15,11,16,3,14,12	587,888,868,930,870,1346,1348,1297,1220,949	new
315,422,463,561,617,622,627,631,650,678	0,5,8,10,13	1,7,9,2,15,4,6,3,16,12	587,1300,1421,1348,1284,1144,1404,1344,996,800	new
315,446,459,550,591,622,625,629,650,663	0,5,7,9,13	2,10,1,8,15,12,3,14,11,16	587,888,902,1329,1297,1241,1427,1387,1353,1190	new
315,463,466,515,561,606,607,622,627,678	0,5,8,10,13	1,7,9,2,15,4,16,3,6,12	587,1300,1421,1266,1274,1144,1404,894,797,800	new
315,463,515,535,561,622,627,631,650,678	0,5,8,10,13	1,7,9,2,15,4,6,16,3,12	587,1300,1421,1348,1010,1144,1404,1344,904,800	new
322,347,393,441,446,463,515,521,622,650	0,3,7,8,13	6,2,9,10,16,1,12,15,5,11	595,920,742,747,785,894,1344,1300,625,677	new
322,348,381,404,416,422,459,488,566,591	2,3,8,10,13	0,9,6,7,15,11,16,4,5,12	595,626,662,839,996,1150,1190,888,951,957	new
322,393,441,446,496,515,521,622,627,650	0,3,7,8,13	6,2,9,10,16,1,12,5,15,11	595,920,742,747,896,894,1344,1300,1421,677	new
322,434,501,503,535,558,560,618,634,651	0,2,7,10,13	6,8,3,9,14,12,4,5,1,15	595,874,880,1294,1374,871,1158,1220,1020,1390	new
332,347,388,389,393,417,422,512,566,624	0,2,8,11,13	1,5,6,3,7,9,15,4,16,10	610,625,677,890,1302,670,671,775,1235,713	new
332,374,376,377,422,424,618,628,629,637	2,6,8,11,13	0,1,3,5,15,10,4,16,14,9	610,1285,657,658,1426,1387,1382,725,996,655	new
332,374,422,566,569,621,624,625,628,629	0,2,6,8,11	3,1,13,5,10,15,12,4,14,9	610,713,1306,1293,1428,1303,1387,1153,1150,655	new
332,424,446,454,501,505,518,535,558,634	2,3,6,11,13	0,5,8,1,14,9,15,4,16,10	610,871,903,1220,1020,1390,747,763,941,715	new
335,347,389,422,518,558,561,606,627,631	0,2,5,8,13	3,11,6,4,10,15,9,14,12,7	613,717,1348,1421,1141,1144,1274,903,996,625	new
335,348,377,390,452,471,550,558,594,606	0,3,4,8,13	5,11,2,6,9,12,14,10,16,15	613,658,840,1217,814,845,863,1274,1220,1241	new
335,367,389,550,561,569,607,628,634,650	0,2,4,5,8	3,13,11,6,16,14,10,12,9,15	613,1255,1164,671,1426,1344,1390,1185,861,1241	new
335,377,387,388,446,459,496,622,627,628	0,4,6,8,13	3,11,2,5,12,10,1,16,15,9	613,988,897,896,1421,1300,888,902,1306,658	new
335,389,495,501,518,560,569,606,607,629	2,6,8,11,13	3,0,5,4,10,16,7,1,14,15	613,717,1153,1158,871,903,851,1274,1266,1387	new
335,396,426,459,463,500,527,558,622,663	3,4,8,11,13	2,6,0,5,15,16,12,10,1,14	613,1297,1220,949,800,888,868,930,870,1346	new
335,422,458,518,558,561,606,617,618,622	0,3,5,8,13	2,11,4,6,15,10,9,14,7,12	613,1297,1284,1294,1254,1185,1220,903,996,979	new
335,424,458,463,527,535,558,606,618,637	0,3,5,8,13	4,2,11,6,10,15,9,14,7,12	613,715,1315,1294,1254,1020,1220,949,800,979	new
335,424,469,471,505,507,521,584,591,663	0,3,6,11,13	4,8,2,5,10,16,15,7,12,14	613,715,941,879,1227,814,812,920,1234,1346	new
335,449,458,463,469,518,535,606,607,663	0,2,5,8,13	3,4,11,6,16,15,9,14,7,12	613,1255,1353,923,812,1010,1274,903,800,979	new
335,458,463,518,558,561,606,618,622,637	0,3,5,8,13	2,4,11,6,15,10,9,14,7,12	613,1297,1315,1294,1254,1185,1220,903,800,979	new
335,458,463,527,558,561,606,618,629,637	0,3,5,8,13	4,2,11,6,15,10,9,14,7,12	613,1387,1315,1294,1254,1185,1220,949,800,979	new
335,465,466,480,495,515,607,621,629,637	0,5,6,11,13	3,8,2,4,16,9,12,1,10,15	613,1255,1293,851,1002,808,797,904,1315,1387	new
347,374,388,417,422,424,459,512,624,628	0,2,8,11,13	6,5,3,7,15,9,4,16,1,10	625,1426,890,1302,670,774,775,1063,713,715	new
347,388,417,422,424,459,512,566,624,627	0,2,8,11,13	5,6,3,7,15,9,4,16,1,10	625,1421,890,1302,670,774,775,1235,713,715	new
347,389,390,422,424,466,495,584,627,631	0,2,5,8,13	6,11,3,7,12,1,9,15,4,10	625,996,797,851,1227,845,1421,1348,717,715	new
347,424,434,505,507,550,618,625,627,629	0,3,6,11,13	5,2,8,7,15,9,4,1,16,10	625,1421,1133,1303,1387,1285,730,910,941,715	new
348,381,395,480,495,512,518,606,627,631	1,6,7,11,13	4,8,0,5,9,15,3,2,16,12	626,681,890,1309,1305,855,851,903,1274,1002	new
350,374,393,434,503,507,618,622,627,634	0,3,6,11,13	2,9,1,4,16,10,5,15,7,8	630,1285,730,1065,879,1312,1300,1421,677,655	new
350,374,396,454,471,501,558,560,584,673	0,3,6,11,13	4,2,1,9,8,12,15,7,16,10	630,655,1042,1143,1141,814,1227,1360,763,684	new
350,376,388,390,496,617,622,627,628,650	0,4,9,11,13	2,1,6,3,8,15,5,12,7,16	630,657,1306,1305,672,670,852,1329,1297,1284	new
350,376,434,500,550,558,606,618,637,651	1,3,6,11,13	2,9,0,4,16,10,5,8,14,15	630,1285,730,1078,1382,938,1374,1274,1220,1241	new
350,376,434,507,558,606,618,622,637,651	1,3,6,11,13	0,4,9,2,15,14,8,5,10,16	630,1297,1220,1274,1374,938,1382,910,730,1285	new
350,377,388,390,496,558,617,622,627,628	0,4,9,11,13	1,2,6,3,8,15,5,12,7,16	630,658,1306,1305,672,670,852,1220,1297,1284	new
350,377,393,469,561,617,622,627,628,634	1,2,4,6,13	0,9,3,11,15,8,14,10,16,12	630,1297,1284,1312,1305,1306,658,677,1144,812	new
350,377,469,477,503,584,607,621,663,678	0,2,3,6,13	1,9,4,11,8,14,15,10,7,12	630,658,1346,1266,1289,1178,1404,874,822,812	new
350,396,422,445,461,488,496,501,512,550	1,2,6,11,13	4,3,0,9,15,7,14,5,16,10	630,1241,1024,852,993,996,839,1042,780,684	new
350,434,500,606,617,618,622,650,651,678	1,4,6,11,13	0,9,2,3,15,8,12,16,7,14	630,1297,1284,1330,1285,1274,870,880,1404,1344	new
350,446,461,465,468,469,477,532,617,651	1,2,6,9,13	3,0,4,11,16,10,8,14,7,12	630,1284,1330,873,902,796,801,984,822,812	new
364,387,388,480,488,496,526,571,607,624	1,5,7,9,13	0,2,6,11,14,3,15,4,10,12	644,896,897,1428,669,1266,1155,937,934,826	new
364,388,446,496,512,621,624,625,629,654	1,5,7,9,13	0,11,6,2,14,16,12,3,10,15	644,896,747,1289,1302,1427,1387,1424,897,890	new
364,395,468,480,488,569,571,607,624,631	0,2,5,7,13	6,1,9,11,15,10,16,4,8,12	644,1428,1309,1255,1153,1155,937,809,805,826	new
367,426,449,452,521,526,561,617,621,627	1,4,5,9,11	7,6,0,13,15,12,2,10,16,14	647,1421,840,923,920,930,934,1293,1284,1144	new
374,376,387,422,424,495,526,550,569,663	0,6,9,11,13	3,1,2,8,14,16,4,5,12,15	655,996,725,938,934,851,669,1346,1153,1241	new
374,377,388,422,570,607,621,624,631,664	0,2,6,8,11	1,9,13,3,4,15,10,12,5,14	655,658,1348,897,1428,1293,1255,1349,1154,996	new
376,381,459,461,526,622,629,651,654,670	1,3,8,11,13	4,6,0,9,10,5,16,7,15,12	657,780,774,1297,1387,1424,662,1388,1330,982	new
376,387,389,570,594,607,621,628,651,664	0,3,6,9,11	1,13,8,4,15,2,10,14,5,16	657,1306,717,988,1194,1218,1411,1266,1289,1330	new
376,395,446,465,495,496,526,564,628,670	0,3,4,8,13	1,6,11,9,15,16,10,7,2,12	657,1306,852,851,1356,1148,902,796,681,982	new
376,434,500,501,550,558,606,618,629,637	1,3,8,11,13	0,6,9,4,15,10,14,5,16,12	657,1315,870,880,1294,1307,1133,1141,1254,1042	new
376,434,501,507,558,606,618,622,629,637	1,3,8,11,13	0,6,9,4,15,14,10,5,16,12	657,1315,879,880,1294,1307,1300,1141,1254,1042	new
376,471,488,527,584,594,621,624,625,629	0,3,4,9,13	8,6,1,11,15,7,5,10,14,12	657,1387,1427,1302,1289,1178,978,814,1217,839	new
377,387,389,501,512,569,624,628,637,651	2,4,9,11,13	3,0,8,6,14,16,5,10,7,15	658,1426,1382,1374,871,1164,671,669,1428,1024	new
377,388,390,452,496,558,617,622,628,650	0,4,6,8,13	2,9,3,11,15,16,1,10,5,12	658,1306,1329,1296,1300,1141,896,897,845,840	new
378,381,387,441,461,550,627,663,664,670	1,5,8,11,13	2,9,0,6,4,14,3,12,16,7	659,662,1388,873,1058,1133,1421,1411,1346,669	new
378,381,441,458,461,471,480,495,500,561	0,1,5,8,11	2,9,13,6,4,12,16,3,15,10	659,662,987,826,814,1144,870,873,1058,773	new
378,422,424,429,446,512,621,624,628,629	0,2,6,8,11	5,1,9,13,14,16,4,12,10,15	659,996,725,1307,1306,1024,1428,1293,902,722	new
378,422,466,469,477,496,503,532,561,570	0,1,5,6,11	9,8,2,13,10,15,12,4,7,14	659,713,852,797,994,1067,1065,1144,812,1154	new
378,422,466,477,503,515,532,558,561,570	0,1,5,6,11	9,2,8,13,10,15,12,4,7,14	659,713,894,797,994,1067,1065,1144,1141,1154	new
378,422,469,477,488,495,496,503,532,561	0,1,5,6,11	2,13,8,9,14,7,4,12,15,10	659,839,812,1144,1065,1067,994,851,852,713	new
381,422,466,488,515,622,627,634,637,654	1,6,9,11,13	4,5,0,8,14,2,7,16,3,15	662,839,996,797,904,1312,1334,1382,1300,1421	new
387,388,422,424,496,564,571,627,634,670	0,1,7,9,13	2,11,5,8,3,12,15,10,4,14	669,670,852,713,715,1196,1208,1388,1390,1421	new
387,390,449,452,468,477,503,521,532,664	0,1,7,11,13	2,8,5,9,4,10,3,12,6,14	669,672,759,754,1057,1065,822,801,994,1411	new
387,424,466,469,495,500,535,571,629,663	1,2,5,7,13	0,8,9,11,16,4,14,10,3,12	669,1346,1307,725,1155,812,1010,870,797,851	new
388,389,446,452,512,569,594,607,631,650	0,1,9,11,13	3,7,5,8,14,2,4,6,15,12	670,840,1217,747,1344,1348,1266,1153,717,1024	new
388,390,466,507,515,584,621,624,631,634	1,7,9,11,13	0,8,5,3,16,12,6,2,14,4	670,1348,1428,1293,879,806,894,1390,1178,672	new
388,422,445,488,496,571,625,628,629,631	0,5,7,8,13	1,9,3,11,15,2,4,10,16,12	670,1309,1426,1427,1387,1155,839,996,993,852	new
388,466,496,515,558,561,606,627,631,678	0,3,5,8,13	1,7,9,11,15,4,16,10,6,12	670,1309,1305,1220,1274,1144,1404,894,806,852	new
389,393,424,426,521,550,566,569,591,628	0,3,8,9,11	5,2,7,13,6,15,4,1,10,14	671,677,1133,1306,715,930,920,1234,1235,1164	new
389,452,488,501,535,550,558,606,607,628	0,5,8,11,13	3,2,7,9,14,1,6,16,4,15	671,1266,840,839,1042,1254,1020,1220,1241,1426	new
389,452,488,535,558,560,606,607,628,670	0,5,8,11,13	3,2,7,9,14,1,6,4,16,15	671,1266,840,839,1388,1254,1020,1220,1158,1426	new
393,446,515,518,550,558,561,621,629,654	3,8,9,11,13	0,6,7,2,16,4,14,1,5,15	677,1144,1141,985,894,902,1293,1334,1307,1133	new
395,488,500,512,515,526,631,650,651,670	1,5,6,11,13	7,9,0,8,14,4,16,10,3,15	681,839,1388,1330,982,1078,894,1329,1309,890	new
396,404,441,446,449,469,521,535,628,663	0,3,6,11,13	1,10,2,4,14,7,12,15,5,9	684,754,957,920,812,1010,1346,1426,747,742	new
396,408,459,505,622,627,631,654,663,664	1,4,6,10,13	0,3,11,2,15,8,14,16,12,7	684,774,1334,1305,1297,1348,1346,1411,876,696	new
416,459,469,477,503,571,584,591,673,678	0,1,5,8,11	3,10,13,4,15,12,7,6,14,9	707,1404,1178,1406,874,822,812,1155,1234,774	new
422,424,429,446,512,570,621,624,627,629	0,2,8,11,13	1,10,5,6,3,15,7,9,4,14	713,715,1387,1421,890,1302,1289,747,748,1218	new
422,424,446,512,564,570,621,624,627,654	0,2,8,11,13	1,5,10,6,3,15,7,9,4,14	713,715,1424,1421,890,1302,1289,747,1208,1218	new
422,458,488,515,558,570,571,594,622,637	0,5,8,11,13	2,1,10,6,15,3,4,16,14,9	713,894,1315,1297,1220,1218,937,1155,1217,773	new
422,466,488,496,526,617,621,628,629,637	1,6,8,10,13	0,5,11,2,14,3,16,15,4,12	713,937,934,1293,1284,1315,1387,1426,896,806	new
434,449,454,507,569,607,621,628,629,663	1,3,7,10,13	8,6,0,11,9,4,15,5,16,12	730,763,754,1346,1266,1164,1307,1426,1289,910	new
446,461,465,468,469,477,532,535,617,651	0,1,6,10,13	3,9,11,5,12,16,7,2,15,8	747,808,801,994,1067,1098,1020,1296,1374,780	new
452,488,518,532,571,594,607,637,654,664	1,4,7,9,13	0,10,5,11,16,14,2,8,15,12	759,1255,1334,1382,985,984,1349,1194,1196,937	new
461,463,465,468,469,477,532,561,617,651	0,1,6,10,13	3,8,9,11,5,12,16,7,2,15	780,785,808,801,994,1067,1098,1185,1296,1374	new
466,468,469,477,488,503,518,526,532,561	0,1,7,12,13	3,8,2,5,10,9,4,11,14,6	797,903,934,937,1098,1185,874,822,984,801	new
466,477,503,507,515,532,535,561,607,621	1,7,8,12,13	2,5,0,3,10,6,16,4,14,11	797,904,910,1289,1266,1010,1144,1065,1067,994	new
