{
  "certificate_sha256": "05552624784b67253b9f7d07b3e37c63cb25254d9b80872835952c38ba9605c1",
  "class": "general owner-simple alternating C8 with prescribed adjacent context/router cuts",
  "counters": {
    "all_fixed_side_runs_at_least_three": 21,
    "collar_q1_simple": 51,
    "fixed_side_residence_failure": 27,
    "full_q1_exact_simple_both_phases": 48,
    "internal_q2_zero_current": 21,
    "johnson_direct_orientations": 9,
    "non_johnson_direct_orientations": 3,
    "owner_simple_path_pairs": 51,
    "q1_exact_path_pairs": 441
  },
  "orientation_reports": [
    {
      "context_orientation": [
        "00100100110110111110000",
        "10000100110110111110000"
      ],
      "direct_johnson": false,
      "router_orientation": [
        "00100110110010111110000",
        "10100100110010111110000"
      ],
      "witness_index": 15
    },
    {
      "context_orientation": [
        "00100100110110111110000",
        "10000100110110111110000"
      ],
      "direct_johnson": true,
      "left_paths": 16988,
      "owner_simple_path_pairs": 0,
      "q1_exact_path_pairs": 0,
      "right_paths": 16840,
      "router_orientation": [
        "10100100110010111110000",
        "00100110110010111110000"
      ],
      "witness_index": 15
    },
    {
      "context_orientation": [
        "10000100110110111110000",
        "00100100110110111110000"
      ],
      "direct_johnson": true,
      "left_paths": 16840,
      "owner_simple_path_pairs": 0,
      "q1_exact_path_pairs": 0,
      "right_paths": 16988,
      "router_orientation": [
        "00100110110010111110000",
        "10100100110010111110000"
      ],
      "witness_index": 15
    },
    {
      "context_orientation": [
        "10000100110110111110000",
        "00100100110110111110000"
      ],
      "direct_johnson": true,
      "left_paths": 16988,
      "owner_simple_path_pairs": 17,
      "q1_exact_path_pairs": 147,
      "right_paths": 16988,
      "router_orientation": [
        "10100100110010111110000",
        "00100110110010111110000"
      ],
      "witness_index": 15
    },
    {
      "context_orientation": [
        "00100100110110111110000",
        "10000100110110111110000"
      ],
      "direct_johnson": false,
      "router_orientation": [
        "00100110110110111100000",
        "10100100110110111100000"
      ],
      "witness_index": 16
    },
    {
      "context_orientation": [
        "00100100110110111110000",
        "10000100110110111110000"
      ],
      "direct_johnson": true,
      "left_paths": 16988,
      "owner_simple_path_pairs": 0,
      "q1_exact_path_pairs": 0,
      "right_paths": 16840,
      "router_orientation": [
        "10100100110110111100000",
        "00100110110110111100000"
      ],
      "witness_index": 16
    },
    {
      "context_orientation": [
        "10000100110110111110000",
        "00100100110110111110000"
      ],
      "direct_johnson": true,
      "left_paths": 16840,
      "owner_simple_path_pairs": 0,
      "q1_exact_path_pairs": 0,
      "right_paths": 16988,
      "router_orientation": [
        "00100110110110111100000",
        "10100100110110111100000"
      ],
      "witness_index": 16
    },
    {
      "context_orientation": [
        "10000100110110111110000",
        "00100100110110111110000"
      ],
      "direct_johnson": true,
      "left_paths": 16988,
      "owner_simple_path_pairs": 17,
      "q1_exact_path_pairs": 147,
      "right_paths": 16988,
      "router_orientation": [
        "10100100110110111100000",
        "00100110110110111100000"
      ],
      "witness_index": 16
    },
    {
      "context_orientation": [
        "00100100110110111110000",
        "10000100110110111110000"
      ],
      "direct_johnson": true,
      "left_paths": 16988,
      "owner_simple_path_pairs": 0,
      "q1_exact_path_pairs": 0,
      "right_paths": 16840,
      "router_orientation": [
        "10100000110110111110000",
        "00100010110110111110000"
      ],
      "witness_index": 17
    },
    {
      "context_orientation": [
        "00100100110110111110000",
        "10000100110110111110000"
      ],
      "direct_johnson": false,
      "router_orientation": [
        "00100010110110111110000",
        "10100000110110111110000"
      ],
      "witness_index": 17
    },
    {
      "context_orientation": [
        "10000100110110111110000",
        "00100100110110111110000"
      ],
      "direct_johnson": true,
      "left_paths": 16988,
      "owner_simple_path_pairs": 17,
      "q1_exact_path_pairs": 147,
      "right_paths": 16988,
      "router_orientation": [
        "10100000110110111110000",
        "00100010110110111110000"
      ],
      "witness_index": 17
    },
    {
      "context_orientation": [
        "10000100110110111110000",
        "00100100110110111110000"
      ],
      "direct_johnson": true,
      "left_paths": 16840,
      "owner_simple_path_pairs": 0,
      "q1_exact_path_pairs": 0,
      "right_paths": 16988,
      "router_orientation": [
        "00100010110110111110000",
        "10100000110110111110000"
      ],
      "witness_index": 17
    }
  ],
  "q1_witnesses_sha256": "18f59d809934a4283b6a71a6ee1311586c42f54955d09820332959b6e9f17b35",
  "selection_sha256": "94deb656dac1d8955b20d851e92600156d703842d6de169d4b6bea356fa3ec32",
  "solutions": [
    {
      "after_edges": [
        [
          [
            "01010010110011101110000",
            "11010010110010101110000"
          ],
          [
            "00100110110010111110000",
            "10100110110010011110000"
          ],
          [
            "00100110110011101110000",
            "00110010110011101110000"
          ],
          [
            "11000100110010111110000",
            "11010000110010111110000"
          ],
          [
            "00110010110011101110000",
            "01010010110011101110000"
          ],
          [
            "01010010110010111110000",
            "11010000110010111110000"
          ],
          [
            "10100100110011101110000",
            "11000100110011101110000"
          ],
          [
            "00110000110011111110000",
            "01010000110011111110000"
          ],
          [
            "00110010110010111110000",
            "01010010110010111110000"
          ],
          [
            "00100110110101101110000",
            "10100110110100101110000"
          ],
          [
            "01010000110011111110000",
            "11010000110011101110000"
          ],
          [
            "11000100110011101110000",
            "11010000110011101110000"
          ],
          [
            "00100100110011111110000",
            "00110000110011111110000"
          ],
          [
            "10100100110010111110000",
            "11000100110010111110000"
          ],
          [
            "10100100110011011110000",
            "10100100110011101110000"
          ],
          [
            "00000110110110111110000",
            "10000100110110111110000"
          ],
          [
            "10100110110001101110000",
            "10100110110010101110000"
          ],
          [
            "00100110110010111110000",
            "00110010110010111110000"
          ],
          [
            "00100110110011101110000",
            "00100110110110101110000"
          ],
          [
            "00100100110011111110000",
            "00100100110111101110000"
          ],
          [
            "00100100110110111110000",
            "10100100110010111110000"
          ],
          [
            "11000110110010101110000",
            "11010010110010101110000"
          ],
          [
            "00100110110110011110000",
            "10000110110110011110000"
          ],
          [
            "00100100110111011110000",
            "10100100110111001110000"
          ],
          [
            "10100110110010101110000",
            "11000110110010101110000"
          ]
        ],
        [
          [
            "00100110110010111110000",
            "10100110110010011110000"
          ],
          [
            "01010000110011111110000",
            "11010000110010111110000"
          ],
          [
            "00100110110011101110000",
            "00110010110011101110000"
          ],
          [
            "11000100110010111110000",
            "11010000110010111110000"
          ],
          [
            "00110010110011101110000",
            "01010010110011101110000"
          ],
          [
            "10100100110011101110000",
            "11000100110011101110000"
          ],
          [
            "00110000110011111110000",
            "01010000110011111110000"
          ],
          [
            "00110010110010111110000",
            "01010010110010111110000"
          ],
          [
            "01010010110010111110000",
            "11010010110010101110000"
          ],
          [
            "01010010110011101110000",
            "11010000110011101110000"
          ],
          [
            "00100110110101101110000",
            "10100110110100101110000"
          ],
          [
            "11000100110011101110000",
            "11010000110011101110000"
          ],
          [
            "00100100110011111110000",
            "00110000110011111110000"
          ],
          [
            "10100100110010111110000",
            "11000100110010111110000"
          ],
          [
            "10100100110011011110000",
            "10100100110011101110000"
          ],
          [
            "00000110110110111110000",
            "10000100110110111110000"
          ],
          [
            "10100110110001101110000",
            "10100110110010101110000"
          ],
          [
            "00100110110010111110000",
            "00110010110010111110000"
          ],
          [
            "00100110110011101110000",
            "00100110110110101110000"
          ],
          [
            "00100100110011111110000",
            "00100100110111101110000"
          ],
          [
            "00100100110110111110000",
            "10100100110010111110000"
          ],
          [
            "11000110110010101110000",
            "11010010110010101110000"
          ],
          [
            "00100110110110011110000",
            "10000110110110011110000"
          ],
          [
            "00100100110111011110000",
            "10100100110111001110000"
          ],
          [
            "10100110110010101110000",
            "11000110110010101110000"
          ]
        ]
      ],
      "all_auxiliary_edges": [
        [
          "00100110110110011110000",
          "10100110110010011110000"
        ],
        [
          "00000110110110111110000",
          "10000110110110011110000"
        ],
        [
          "10100110110001101110000",
          "10100110110100101110000"
        ],
        [
          "10100100110011011110000",
          "10100100110111001110000"
        ]
      ],
      "before_edges": [
        [
          [
            "00100100110110111110000",
            "10000100110110111110000"
          ],
          [
            "01010010110011101110000",
            "11010010110010101110000"
          ],
          [
            "00100110110010111110000",
            "10100100110010111110000"
          ],
          [
            "00100110110011101110000",
            "00110010110011101110000"
          ],
          [
            "11000100110010111110000",
            "11010000110010111110000"
          ],
          [
            "00110010110011101110000",
            "01010010110011101110000"
          ],
          [
            "01010010110010111110000",
            "11010000110010111110000"
          ],
          [
            "10100100110011101110000",
            "11000100110011101110000"
          ],
          [
            "00110000110011111110000",
            "01010000110011111110000"
          ],
          [
            "00100110110110011110000",
            "10100110110010011110000"
          ],
          [
            "00110010110010111110000",
            "01010010110010111110000"
          ],
          [
            "00000110110110111110000",
            "10000110110110011110000"
          ],
          [
            "00100110110011101110000",
            "10100110110010101110000"
          ],
          [
            "01010000110011111110000",
            "11010000110011101110000"
          ],
          [
            "11000100110011101110000",
            "11010000110011101110000"
          ],
          [
            "00100100110011111110000",
            "00110000110011111110000"
          ],
          [
            "10100100110010111110000",
            "11000100110010111110000"
          ],
          [
            "10100110110001101110000",
            "10100110110100101110000"
          ],
          [
            "00100100110011111110000",
            "10100100110011101110000"
          ],
          [
            "00100110110010111110000",
            "00110010110010111110000"
          ],
          [
            "10100100110011011110000",
            "10100100110111001110000"
          ],
          [
            "11000110110010101110000",
            "11010010110010101110000"
          ],
          [
            "00100100110111011110000",
            "00100100110111101110000"
          ],
          [
            "10100110110010101110000",
            "11000110110010101110000"
          ],
          [
            "00100110110101101110000",
            "00100110110110101110000"
          ]
        ],
        [
          [
            "00100100110110111110000",
            "10000100110110111110000"
          ],
          [
            "00100110110010111110000",
            "10100100110010111110000"
          ],
          [
            "01010000110011111110000",
            "11010000110010111110000"
          ],
          [
            "00100110110011101110000",
            "00110010110011101110000"
          ],
          [
            "11000100110010111110000",
            "11010000110010111110000"
          ],
          [
            "00110010110011101110000",
            "01010010110011101110000"
          ],
          [
            "10100100110011101110000",
            "11000100110011101110000"
          ],
          [
            "00110000110011111110000",
            "01010000110011111110000"
          ],
          [
            "00100110110110011110000",
            "10100110110010011110000"
          ],
          [
            "01010010110010111110000",
            "11010010110010101110000"
          ],
          [
            "00110010110010111110000",
            "01010010110010111110000"
          ],
          [
            "01010010110011101110000",
            "11010000110011101110000"
          ],
          [
            "00000110110110111110000",
            "10000110110110011110000"
          ],
          [
            "00100110110011101110000",
            "10100110110010101110000"
          ],
          [
            "11000100110011101110000",
            "11010000110011101110000"
          ],
          [
            "10100110110001101110000",
            "10100110110100101110000"
          ],
          [
            "00100100110011111110000",
            "00110000110011111110000"
          ],
          [
            "10100100110010111110000",
            "11000100110010111110000"
          ],
          [
            "00100100110011111110000",
            "10100100110011101110000"
          ],
          [
            "00100110110010111110000",
            "00110010110010111110000"
          ],
          [
            "10100100110011011110000",
            "10100100110111001110000"
          ],
          [
            "11000110110010101110000",
            "11010010110010101110000"
          ],
          [
            "00100100110111011110000",
            "00100100110111101110000"
          ],
          [
            "10100110110010101110000",
            "11000110110010101110000"
          ],
          [
            "00100110110101101110000",
            "00100110110110101110000"
          ]
        ]
      ],
      "c8_auxiliary_edges": [
        [
          "00100110110110011110000",
          "10100110110010011110000"
        ],
        [
          "00000110110110111110000",
          "10000110110110011110000"
        ]
      ],
      "c8_new": [
        [
          "00100100110110111110000",
          "10100100110010111110000"
        ],
        [
          "00100110110010111110000",
          "10100110110010011110000"
        ],
        [
          "00100110110110011110000",
          "10000110110110011110000"
        ],
        [
          "00000110110110111110000",
          "10000100110110111110000"
        ]
      ],
      "c8_old": [
        [
          "00100100110110111110000",
          "10000100110110111110000"
        ],
        [
          "00100110110010111110000",
          "10100100110010111110000"
        ],
        [
          "00100110110110011110000",
          "10100110110010011110000"
        ],
        [
          "00000110110110111110000",
          "10000110110110011110000"
        ]
      ],
      "context_orientation": [
        "10000100110110111110000",
        "00100100110110111110000"
      ],
      "fixed_path_reports": [
        [
          {
            "cut_index": 0,
            "endpoint": "10100110110010011110000",
            "join_neighbor": "00100110110010111110000",
            "join_support": "10000000000000100000000",
            "lower_q2_equal": false,
            "one": "00110010110010111110000",
            "q2": [
              [
                "00100010110010011110000",
                "10110110110010111110000"
              ],
              [
                "00000010110010111110000",
                "01110110110010111110000"
              ]
            ],
            "repeated": "00000000000000000000000",
            "resident": true,
            "resolved": true,
            "supports": [
              "10000000000000100000000",
              "00010100000000000000000",
              "01100000000000000000000"
            ],
            "two": "01010010110010111110000",
            "union_size": 6,
            "upper_q2_equal": false
          },
          {
            "cut_index": 0,
            "endpoint": "00100110110110011110000",
            "join_neighbor": "10000110110110011110000",
            "join_support": "10100000000000000000000",
            "resolved": false
          },
          {
            "cut_index": 1,
            "endpoint": "10000110110110011110000",
            "join_neighbor": "00100110110110011110000",
            "join_support": "10100000000000000000000",
            "resolved": false
          },
          {
            "cut_index": 1,
            "endpoint": "00000110110110111110000",
            "join_neighbor": "10000100110110111110000",
            "join_support": "10000010000000000000000",
            "lower_q2_equal": false,
            "one": "11000100110100111110000",
            "q2": [
              [
                "00000100110100111110000",
                "11000110110110111110000"
              ],
              [
                "10000100110000111110000",
                "11000100111110111110000"
              ]
            ],
            "repeated": "00000000000000000000000",
            "resident": true,
            "resolved": true,
            "supports": [
              "10000010000000000000000",
              "01000000000010000000000",
              "00000000001100000000000"
            ],
            "two": "11000100111000111110000",
            "union_size": 6,
            "upper_q2_equal": false
          },
          {
            "cut_index": 2,
            "endpoint": "10100110110001101110000",
            "join_neighbor": "10100110110010101110000",
            "join_support": "00000000000011000000000",
            "lower_q2_equal": false,
            "one": "11000110110010101110000",
            "q2": [
              [
                "10000110110000101110000",
                "11100110110011101110000"
              ],
              [
                "10000010110010101110000",
                "11110110110010101110000"
              ]
            ],
            "repeated": "00000000000000000000000",
            "resident": true,
            "resolved": true,
            "supports": [
              "00000000000011000000000",
              "01100000000000000000000",
              "00010100000000000000000"
            ],
            "two": "11010010110010101110000",
            "union_size": 6,
            "upper_q2_equal": false
          },
          {
            "cut_index": 2,
            "endpoint": "10100110110100101110000",
            "join_neighbor": "00100110110101101110000",
            "join_support": "10000000000001000000000",
            "lower_q2_equal": false,
            "one": "00100110110101011110000",
            "q2": [
              [
                "00100110110100001110000",
                "10100110110101111110000"
              ],
              [
                "00100110110101001010000",
                "00100110110101111110010"
              ]
            ],
            "repeated": "00000000000000000000000",
            "resident": true,
            "resolved": true,
            "supports": [
              "10000000000001000000000",
              "00000000000000110000000",
              "00000000000000000100010"
            ],
            "two": "00100110110101011010010",
            "union_size": 6,
            "upper_q2_equal": false
          },
          {
            "cut_index": 3,
            "endpoint": "10100100110011011110000",
            "join_neighbor": "10100100110011101110000",
            "join_support": "00000000000000110000000",
            "lower_q2_equal": false,
            "one": "11000100110011101110000",
            "q2": [
              [
                "10000100110011001110000",
                "11100100110011111110000"
              ],
              [
                "10000000110011101110000",
                "11110100110011101110000"
              ]
            ],
            "repeated": "00000000000000000000000",
            "resident": true,
            "resolved": true,
            "supports": [
              "00000000000000110000000",
              "01100000000000000000000",
              "00010100000000000000000"
            ],
            "two": "11010000110011101110000",
            "union_size": 6,
            "upper_q2_equal": false
          },
          {
            "cut_index": 3,
            "endpoint": "10100100110111001110000",
            "join_neighbor": "00100100110111011110000",
            "join_support": "10000000000000010000000",
            "lower_q2_equal": false,
            "one": "00100100110111011010010",
            "q2": [
              [
                "00100100110111001010000",
                "10100100110111011110010"
              ],
              [
                "00100100110111011000000",
                "00100100110111011111010"
              ]
            ],
            "repeated": "00000000000000000000000",
            "resident": true,
            "resolved": true,
            "supports": [
              "10000000000000010000000",
              "00000000000000000100010",
              "00000000000000000011000"
            ],
            "two": "00100100110111011001010",
            "union_size": 6,
            "upper_q2_equal": false
          }
        ],
        [
          {
            "cut_index": 0,
            "endpoint": "10100110110010011110000",
            "join_neighbor": "00100110110010111110000",
            "join_support": "10000000000000100000000",
            "lower_q2_equal": false,
            "one": "00110010110010111110000",
            "q2": [
              [
                "00100010110010011110000",
                "10110110110010111110000"
              ],
              [
                "00000010110010111110000",
                "01110110110010111110000"
              ]
            ],
            "repeated": "00000000000000000000000",
            "resident": true,
            "resolved": true,
            "supports": [
              "10000000000000100000000",
              "00010100000000000000000",
              "01100000000000000000000"
            ],
            "two": "01010010110010111110000",
            "union_size": 6,
            "upper_q2_equal": false
          },
          {
            "cut_index": 0,
            "endpoint": "00100110110110011110000",
            "join_neighbor": "10000110110110011110000",
            "join_support": "10100000000000000000000",
            "resolved": false
          },
          {
            "cut_index": 1,
            "endpoint": "10000110110110011110000",
            "join_neighbor": "00100110110110011110000",
            "join_support": "10100000000000000000000",
            "resolved": false
          },
          {
            "cut_index": 1,
            "endpoint": "00000110110110111110000",
            "join_neighbor": "10000100110110111110000",
            "join_support": "10000010000000000000000",
            "lower_q2_equal": false,
            "one": "11000100110100111110000",
            "q2": [
              [
                "00000100110100111110000",
                "11000110110110111110000"
              ],
              [
                "10000100110000111110000",
                "11000100111110111110000"
              ]
            ],
            "repeated": "00000000000000000000000",
            "resident": true,
            "resolved": true,
            "supports": [
              "10000010000000000000000",
              "01000000000010000000000",
              "00000000001100000000000"
            ],
            "two": "11000100111000111110000",
            "union_size": 6,
            "upper_q2_equal": false
          },
          {
            "cut_index": 2,
            "endpoint": "10100110110001101110000",
            "join_neighbor": "10100110110010101110000",
            "join_support": "00000000000011000000000",
            "lower_q2_equal": false,
            "one": "11000110110010101110000",
            "q2": [
              [
                "10000110110000101110000",
                "11100110110011101110000"
              ],
              [
                "10000010110010101110000",
                "11110110110010101110000"
              ]
            ],
            "repeated": "00000000000000000000000",
            "resident": true,
            "resolved": true,
            "supports": [
              "00000000000011000000000",
              "01100000000000000000000",
              "00010100000000000000000"
            ],
            "two": "11010010110010101110000",
            "union_size": 6,
            "upper_q2_equal": false
          },
          {
            "cut_index": 2,
            "endpoint": "10100110110100101110000",
            "join_neighbor": "00100110110101101110000",
            "join_support": "10000000000001000000000",
            "lower_q2_equal": false,
            "one": "00100110110101011110000",
            "q2": [
              [
                "00100110110100001110000",
                "10100110110101111110000"
              ],
              [
                "00100110110101001010000",
                "00100110110101111110010"
              ]
            ],
            "repeated": "00000000000000000000000",
            "resident": true,
            "resolved": true,
            "supports": [
              "10000000000001000000000",
              "00000000000000110000000",
              "00000000000000000100010"
            ],
            "two": "00100110110101011010010",
            "union_size": 6,
            "upper_q2_equal": false
          },
          {
            "cut_index": 3,
            "endpoint": "10100100110011011110000",
            "join_neighbor": "10100100110011101110000",
            "join_support": "00000000000000110000000",
            "lower_q2_equal": false,
            "one": "11000100110011101110000",
            "q2": [
              [
                "10000100110011001110000",
                "11100100110011111110000"
              ],
              [
                "10000000110011101110000",
                "11110100110011101110000"
              ]
            ],
            "repeated": "00000000000000000000000",
            "resident": true,
            "resolved": true,
            "supports": [
              "00000000000000110000000",
              "01100000000000000000000",
              "00010100000000000000000"
            ],
            "two": "11010000110011101110000",
            "union_size": 6,
            "upper_q2_equal": false
          },
          {
            "cut_index": 3,
            "endpoint": "10100100110111001110000",
            "join_neighbor": "00100100110111011110000",
            "join_support": "10000000000000010000000",
            "lower_q2_equal": false,
            "one": "00100100110111011010010",
            "q2": [
              [
                "00100100110111001010000",
                "10100100110111011110010"
              ],
              [
                "00100100110111011000000",
                "00100100110111011111010"
              ]
            ],
            "repeated": "00000000000000000000000",
            "resident": true,
            "resolved": true,
            "supports": [
              "10000000000000010000000",
              "00000000000000000100010",
              "00000000000000000011000"
            ],
            "two": "00100100110111011001010",
            "union_size": 6,
            "upper_q2_equal": false
          }
        ]
      ],
      "internal_q2_count": [
        30,
        30
      ],
      "internal_q2_lower_delta": {},
      "internal_q2_upper_delta": {},
      "other_roles": [
        {
          "active": 6,
          "auxiliary_edge": [
            "10100110110001101110000",
            "10100110110100101110000"
          ],
          "collar": {
            "a": [
              "00100110110110101110000",
              "10100110110100101110000",
              "10100110110010101110000"
            ],
            "active": [
              11,
              0,
              12
            ],
            "b": [
              "00100110110101101110000",
              "10100110110001101110000",
              "00100110110011101110000"
            ],
            "core": "00100110110000101110000",
            "new": [
              [
                "00100110110011101110000",
                "00100110110110101110000"
              ],
              [
                "00100110110101101110000",
                "10100110110100101110000"
              ],
              [
                "10100110110001101110000",
                "10100110110010101110000"
              ]
            ],
            "old": [
              [
                "00100110110101101110000",
                "00100110110110101110000"
              ],
              [
                "10100110110001101110000",
                "10100110110100101110000"
              ],
              [
                "00100110110011101110000",
                "10100110110010101110000"
              ]
            ],
            "seam_y": 13
          },
          "h": "00100100110010101110000",
          "next_active": 13,
          "p": "00100110110011101110000",
          "q": "10100110110010101110000",
          "router_edge": [
            "00100110110011101110000",
            "10100110110010101110000"
          ],
          "z": 0
        },
        {
          "active": 13,
          "auxiliary_edge": [
            "10100100110011011110000",
            "10100100110111001110000"
          ],
          "collar": {
            "a": [
              "00100100110111101110000",
              "10100100110111001110000",
              "10100100110011101110000"
            ],
            "active": [
              11,
              0,
              14
            ],
            "b": [
              "00100100110111011110000",
              "10100100110011011110000",
              "00100100110011111110000"
            ],
            "core": "00100100110011001110000",
            "new": [
              [
                "00100100110011111110000",
                "00100100110111101110000"
              ],
              [
                "00100100110111011110000",
                "10100100110111001110000"
              ],
              [
                "10100100110011011110000",
                "10100100110011101110000"
              ]
            ],
            "old": [
              [
                "00100100110111011110000",
                "00100100110111101110000"
              ],
              [
                "10100100110011011110000",
                "10100100110111001110000"
              ],
              [
                "00100100110011111110000",
                "10100100110011101110000"
              ]
            ],
            "seam_y": 15
          },
          "h": "00100100110010101110000",
          "next_active": 15,
          "p": "00100100110011111110000",
          "q": "10100100110011101110000",
          "router_edge": [
            "00100100110011111110000",
            "10100100110011101110000"
          ],
          "z": 0
        }
      ],
      "router_cuts": [
        [
          "00100110110010111110000",
          "10100100110010111110000"
        ],
        [
          "00100100110011111110000",
          "10100100110011101110000"
        ],
        [
          "00100110110011101110000",
          "10100110110010101110000"
        ]
      ],
      "router_cycles": [
        [
          "11010010110010101110000",
          "01010010110011101110000",
          "00110010110011101110000",
          "00100110110011101110000",
          "10100110110010101110000",
          "11000110110010101110000"
        ],
        [
          "11010000110011101110000",
          "01010000110011111110000",
          "00110000110011111110000",
          "00100100110011111110000",
          "10100100110011101110000",
          "11000100110011101110000"
        ],
        [
          "11010000110010111110000",
          "01010010110010111110000",
          "00110010110010111110000",
          "00100110110010111110000",
          "10100100110010111110000",
          "11000100110010111110000"
        ]
      ],
      "router_orientation": [
        "10100100110010111110000",
        "00100110110010111110000"
      ],
      "token_permutation": [
        2,
        1,
        0
      ],
      "token_zero_port": 2,
      "witness_index": 15
    },
    {
      "after_edges": [
        [
          [
            "01010010110011101110000",
            "11010010110010101110000"
          ],
          [
            "00100110110011101110000",
            "00110010110011101110000"
          ],
          [
            "11000100110010111110000",
            "11010000110010111110000"
          ],
          [
            "00110010110011101110000",
            "01010010110011101110000"
          ],
          [
            "01010010110010111110000",
            "11010000110010111110000"
          ],
          [
            "10100100110011101110000",
            "11000100110011101110000"
          ],
          [
            "00110000110011111110000",
            "01010000110011111110000"
          ],
          [
            "00100110110110111010000",
            "10000110110110111010000"
          ],
          [
            "00110010110010111110000",
            "01010010110010111110000"
          ],
          [
            "00100110110101101110000",
            "10100110110100101110000"
          ],
          [
            "01010000110011111110000",
            "11010000110011101110000"
          ],
          [
            "11000100110011101110000",
            "11010000110011101110000"
          ],
          [
            "00100100110011111110000",
            "00110000110011111110000"
          ],
          [
            "10100100110010111110000",
            "11000100110010111110000"
          ],
          [
            "10100100110011011110000",
            "10100100110011101110000"
          ],
          [
            "00100110110010111110000",
            "10100110110010111010000"
          ],
          [
            "00000110110110111110000",
            "10000100110110111110000"
          ],
          [
            "10100110110001101110000",
            "10100110110010101110000"
          ],
          [
            "00100110110010111110000",
            "00110010110010111110000"
          ],
          [
            "00100110110011101110000",
            "00100110110110101110000"
          ],
          [
            "00100100110011111110000",
            "00100100110111101110000"
          ],
          [
            "00100100110110111110000",
            "10100100110010111110000"
          ],
          [
            "11000110110010101110000",
            "11010010110010101110000"
          ],
          [
            "00100100110111011110000",
            "10100100110111001110000"
          ],
          [
            "10100110110010101110000",
            "11000110110010101110000"
          ]
        ],
        [
          [
            "01010000110011111110000",
            "11010000110010111110000"
          ],
          [
            "00100110110011101110000",
            "00110010110011101110000"
          ],
          [
            "11000100110010111110000",
            "11010000110010111110000"
          ],
          [
            "00110010110011101110000",
            "01010010110011101110000"
          ],
          [
            "10100100110011101110000",
            "11000100110011101110000"
          ],
          [
            "00110000110011111110000",
            "01010000110011111110000"
          ],
          [
            "00100110110110111010000",
            "10000110110110111010000"
          ],
          [
            "00110010110010111110000",
            "01010010110010111110000"
          ],
          [
            "01010010110010111110000",
            "11010010110010101110000"
          ],
          [
            "01010010110011101110000",
            "11010000110011101110000"
          ],
          [
            "00100110110101101110000",
            "10100110110100101110000"
          ],
          [
            "11000100110011101110000",
            "11010000110011101110000"
          ],
          [
            "00100100110011111110000",
            "00110000110011111110000"
          ],
          [
            "10100100110010111110000",
            "11000100110010111110000"
          ],
          [
            "10100100110011011110000",
            "10100100110011101110000"
          ],
          [
            "00100110110010111110000",
            "10100110110010111010000"
          ],
          [
            "00000110110110111110000",
            "10000100110110111110000"
          ],
          [
            "10100110110001101110000",
            "10100110110010101110000"
          ],
          [
            "00100110110010111110000",
            "00110010110010111110000"
          ],
          [
            "00100110110011101110000",
            "00100110110110101110000"
          ],
          [
            "00100100110011111110000",
            "00100100110111101110000"
          ],
          [
            "00100100110110111110000",
            "10100100110010111110000"
          ],
          [
            "11000110110010101110000",
            "11010010110010101110000"
          ],
          [
            "00100100110111011110000",
            "10100100110111001110000"
          ],
          [
            "10100110110010101110000",
            "11000110110010101110000"
          ]
        ]
      ],
      "all_auxiliary_edges": [
        [
          "00100110110110111010000",
          "10100110110010111010000"
        ],
        [
          "00000110110110111110000",
          "10000110110110111010000"
        ],
        [
          "10100110110001101110000",
          "10100110110100101110000"
        ],
        [
          "10100100110011011110000",
          "10100100110111001110000"
        ]
      ],
      "before_edges": [
        [
          [
            "00100100110110111110000",
            "10000100110110111110000"
          ],
          [
            "01010010110011101110000",
            "11010010110010101110000"
          ],
          [
            "00100110110010111110000",
            "10100100110010111110000"
          ],
          [
            "00100110110011101110000",
            "00110010110011101110000"
          ],
          [
            "11000100110010111110000",
            "11010000110010111110000"
          ],
          [
            "00110010110011101110000",
            "01010010110011101110000"
          ],
          [
            "01010010110010111110000",
            "11010000110010111110000"
          ],
          [
            "10100100110011101110000",
            "11000100110011101110000"
          ],
          [
            "00110000110011111110000",
            "01010000110011111110000"
          ],
          [
            "00110010110010111110000",
            "01010010110010111110000"
          ],
          [
            "00100110110011101110000",
            "10100110110010101110000"
          ],
          [
            "01010000110011111110000",
            "11010000110011101110000"
          ],
          [
            "11000100110011101110000",
            "11010000110011101110000"
          ],
          [
            "00100100110011111110000",
            "00110000110011111110000"
          ],
          [
            "10100100110010111110000",
            "11000100110010111110000"
          ],
          [
            "10100110110001101110000",
            "10100110110100101110000"
          ],
          [
            "00100110110110111010000",
            "10100110110010111010000"
          ],
          [
            "00100100110011111110000",
            "10100100110011101110000"
          ],
          [
            "00100110110010111110000",
            "00110010110010111110000"
          ],
          [
            "10100100110011011110000",
            "10100100110111001110000"
          ],
          [
            "11000110110010101110000",
            "11010010110010101110000"
          ],
          [
            "00100100110111011110000",
            "00100100110111101110000"
          ],
          [
            "10100110110010101110000",
            "11000110110010101110000"
          ],
          [
            "00000110110110111110000",
            "10000110110110111010000"
          ],
          [
            "00100110110101101110000",
            "00100110110110101110000"
          ]
        ],
        [
          [
            "00100100110110111110000",
            "10000100110110111110000"
          ],
          [
            "00100110110010111110000",
            "10100100110010111110000"
          ],
          [
            "01010000110011111110000",
            "11010000110010111110000"
          ],
          [
            "00100110110011101110000",
            "00110010110011101110000"
          ],
          [
            "11000100110010111110000",
            "11010000110010111110000"
          ],
          [
            "00110010110011101110000",
            "01010010110011101110000"
          ],
          [
            "10100100110011101110000",
            "11000100110011101110000"
          ],
          [
            "00110000110011111110000",
            "01010000110011111110000"
          ],
          [
            "01010010110010111110000",
            "11010010110010101110000"
          ],
          [
            "00110010110010111110000",
            "01010010110010111110000"
          ],
          [
            "01010010110011101110000",
            "11010000110011101110000"
          ],
          [
            "00100110110011101110000",
            "10100110110010101110000"
          ],
          [
            "11000100110011101110000",
            "11010000110011101110000"
          ],
          [
            "10100110110001101110000",
            "10100110110100101110000"
          ],
          [
            "00100100110011111110000",
            "00110000110011111110000"
          ],
          [
            "10100100110010111110000",
            "11000100110010111110000"
          ],
          [
            "00100110110110111010000",
            "10100110110010111010000"
          ],
          [
            "00100100110011111110000",
            "10100100110011101110000"
          ],
          [
            "00100110110010111110000",
            "00110010110010111110000"
          ],
          [
            "10100100110011011110000",
            "10100100110111001110000"
          ],
          [
            "11000110110010101110000",
            "11010010110010101110000"
          ],
          [
            "00100100110111011110000",
            "00100100110111101110000"
          ],
          [
            "10100110110010101110000",
            "11000110110010101110000"
          ],
          [
            "00000110110110111110000",
            "10000110110110111010000"
          ],
          [
            "00100110110101101110000",
            "00100110110110101110000"
          ]
        ]
      ],
      "c8_auxiliary_edges": [
        [
          "00100110110110111010000",
          "10100110110010111010000"
        ],
        [
          "00000110110110111110000",
          "10000110110110111010000"
        ]
      ],
      "c8_new": [
        [
          "00100100110110111110000",
          "10100100110010111110000"
        ],
        [
          "00100110110010111110000",
          "10100110110010111010000"
        ],
        [
          "00100110110110111010000",
          "10000110110110111010000"
        ],
        [
          "00000110110110111110000",
          "10000100110110111110000"
        ]
      ],
      "c8_old": [
        [
          "00100100110110111110000",
          "10000100110110111110000"
        ],
        [
          "00100110110010111110000",
          "10100100110010111110000"
        ],
        [
          "00100110110110111010000",
          "10100110110010111010000"
        ],
        [
          "00000110110110111110000",
          "10000110110110111010000"
        ]
      ],
      "context_orientation": [
        "10000100110110111110000",
        "00100100110110111110000"
      ],
      "fixed_path_reports": [
        [
          {
            "cut_index": 0,
            "endpoint": "10100110110010111010000",
            "join_neighbor": "00100110110010111110000",
            "join_support": "10000000000000000100000",
            "lower_q2_equal": false,
            "one": "00110010110010111110000",
            "q2": [
              [
                "00100010110010111010000",
                "10110110110010111110000"
              ],
              [
                "00000010110010111110000",
                "01110110110010111110000"
              ]
            ],
            "repeated": "00000000000000000000000",
            "resident": true,
            "resolved": true,
            "supports": [
              "10000000000000000100000",
              "00010100000000000000000",
              "01100000000000000000000"
            ],
            "two": "01010010110010111110000",
            "union_size": 6,
            "upper_q2_equal": false
          },
          {
            "cut_index": 0,
            "endpoint": "00100110110110111010000",
            "join_neighbor": "10000110110110111010000",
            "join_support": "10100000000000000000000",
            "resolved": false
          },
          {
            "cut_index": 1,
            "endpoint": "00000110110110111110000",
            "join_neighbor": "10000100110110111110000",
            "join_support": "10000010000000000000000",
            "lower_q2_equal": false,
            "one": "11000100110100111110000",
            "q2": [
              [
                "00000100110100111110000",
                "11000110110110111110000"
              ],
              [
                "10000100110000111110000",
                "11000100111110111110000"
              ]
            ],
            "repeated": "00000000000000000000000",
            "resident": true,
            "resolved": true,
            "supports": [
              "10000010000000000000000",
              "01000000000010000000000",
              "00000000001100000000000"
            ],
            "two": "11000100111000111110000",
            "union_size": 6,
            "upper_q2_equal": false
          },
          {
            "cut_index": 1,
            "endpoint": "10000110110110111010000",
            "join_neighbor": "00100110110110111010000",
            "join_support": "10100000000000000000000",
            "resolved": false
          },
          {
            "cut_index": 2,
            "endpoint": "10100110110001101110000",
            "join_neighbor": "10100110110010101110000",
            "join_support": "00000000000011000000000",
            "lower_q2_equal": false,
            "one": "11000110110010101110000",
            "q2": [
              [
                "10000110110000101110000",
                "11100110110011101110000"
              ],
              [
                "10000010110010101110000",
                "11110110110010101110000"
              ]
            ],
            "repeated": "00000000000000000000000",
            "resident": true,
            "resolved": true,
            "supports": [
              "00000000000011000000000",
              "01100000000000000000000",
              "00010100000000000000000"
            ],
            "two": "11010010110010101110000",
            "union_size": 6,
            "upper_q2_equal": false
          },
          {
            "cut_index": 2,
            "endpoint": "10100110110100101110000",
            "join_neighbor": "00100110110101101110000",
            "join_support": "10000000000001000000000",
            "lower_q2_equal": false,
            "one": "00100110110101011110000",
            "q2": [
              [
                "00100110110100001110000",
                "10100110110101111110000"
              ],
              [
                "00100110110101001010000",
                "00100110110101111110010"
              ]
            ],
            "repeated": "00000000000000000000000",
            "resident": true,
            "resolved": true,
            "supports": [
              "10000000000001000000000",
              "00000000000000110000000",
              "00000000000000000100010"
            ],
            "two": "00100110110101011010010",
            "union_size": 6,
            "upper_q2_equal": false
          },
          {
            "cut_index": 3,
            "endpoint": "10100100110011011110000",
            "join_neighbor": "10100100110011101110000",
            "join_support": "00000000000000110000000",
            "lower_q2_equal": false,
            "one": "11000100110011101110000",
            "q2": [
              [
                "10000100110011001110000",
                "11100100110011111110000"
              ],
              [
                "10000000110011101110000",
                "11110100110011101110000"
              ]
            ],
            "repeated": "00000000000000000000000",
            "resident": true,
            "resolved": true,
            "supports": [
              "00000000000000110000000",
              "01100000000000000000000",
              "00010100000000000000000"
            ],
            "two": "11010000110011101110000",
            "union_size": 6,
            "upper_q2_equal": false
          },
          {
            "cut_index": 3,
            "endpoint": "10100100110111001110000",
            "join_neighbor": "00100100110111011110000",
            "join_support": "10000000000000010000000",
            "lower_q2_equal": false,
            "one": "00100100110111011010010",
            "q2": [
              [
                "00100100110111001010000",
                "10100100110111011110010"
              ],
              [
                "00100100110111011000000",
                "00100100110111011111010"
              ]
            ],
            "repeated": "00000000000000000000000",
            "resident": true,
            "resolved": true,
            "supports": [
              "10000000000000010000000",
              "00000000000000000100010",
              "00000000000000000011000"
            ],
            "two": "00100100110111011001010",
            "union_size": 6,
            "upper_q2_equal": false
          }
        ],
        [
          {
            "cut_index": 0,
            "endpoint": "10100110110010111010000",
            "join_neighbor": "00100110110010111110000",
            "join_support": "10000000000000000100000",
            "lower_q2_equal": false,
            "one": "00110010110010111110000",
            "q2": [
              [
                "00100010110010111010000",
                "10110110110010111110000"
              ],
              [
                "00000010110010111110000",
                "01110110110010111110000"
              ]
            ],
            "repeated": "00000000000000000000000",
            "resident": true,
            "resolved": true,
            "supports": [
              "10000000000000000100000",
              "00010100000000000000000",
              "01100000000000000000000"
            ],
            "two": "01010010110010111110000",
            "union_size": 6,
            "upper_q2_equal": false
          },
          {
            "cut_index": 0,
            "endpoint": "00100110110110111010000",
            "join_neighbor": "10000110110110111010000",
            "join_support": "10100000000000000000000",
            "resolved": false
          },
          {
            "cut_index": 1,
            "endpoint": "00000110110110111110000",
            "join_neighbor": "10000100110110111110000",
            "join_support": "10000010000000000000000",
            "lower_q2_equal": false,
            "one": "11000100110100111110000",
            "q2": [
              [
                "00000100110100111110000",
                "11000110110110111110000"
              ],
              [
                "10000100110000111110000",
                "11000100111110111110000"
              ]
            ],
            "repeated": "00000000000000000000000",
            "resident": true,
            "resolved": true,
            "supports": [
              "10000010000000000000000",
              "01000000000010000000000",
              "00000000001100000000000"
            ],
            "two": "11000100111000111110000",
            "union_size": 6,
            "upper_q2_equal": false
          },
          {
            "cut_index": 1,
            "endpoint": "10000110110110111010000",
            "join_neighbor": "00100110110110111010000",
            "join_support": "10100000000000000000000",
            "resolved": false
          },
          {
            "cut_index": 2,
            "endpoint": "10100110110001101110000",
            "join_neighbor": "10100110110010101110000",
            "join_support": "00000000000011000000000",
            "lower_q2_equal": false,
            "one": "11000110110010101110000",
            "q2": [
              [
                "10000110110000101110000",
                "11100110110011101110000"
              ],
              [
                "10000010110010101110000",
                "11110110110010101110000"
              ]
            ],
            "repeated": "00000000000000000000000",
            "resident": true,
            "resolved": true,
            "supports": [
              "00000000000011000000000",
              "01100000000000000000000",
              "00010100000000000000000"
            ],
            "two": "11010010110010101110000",
            "union_size": 6,
            "upper_q2_equal": false
          },
          {
            "cut_index": 2,
            "endpoint": "10100110110100101110000",
            "join_neighbor": "00100110110101101110000",
            "join_support": "10000000000001000000000",
            "lower_q2_equal": false,
            "one": "00100110110101011110000",
            "q2": [
              [
                "00100110110100001110000",
                "10100110110101111110000"
              ],
              [
                "00100110110101001010000",
                "00100110110101111110010"
              ]
            ],
            "repeated": "00000000000000000000000",
            "resident": true,
            "resolved": true,
            "supports": [
              "10000000000001000000000",
              "00000000000000110000000",
              "00000000000000000100010"
            ],
            "two": "00100110110101011010010",
            "union_size": 6,
            "upper_q2_equal": false
          },
          {
            "cut_index": 3,
            "endpoint": "10100100110011011110000",
            "join_neighbor": "10100100110011101110000",
            "join_support": "00000000000000110000000",
            "lower_q2_equal": false,
            "one": "11000100110011101110000",
            "q2": [
              [
                "10000100110011001110000",
                "11100100110011111110000"
              ],
              [
                "10000000110011101110000",
                "11110100110011101110000"
              ]
            ],
            "repeated": "00000000000000000000000",
            "resident": true,
            "resolved": true,
            "supports": [
              "00000000000000110000000",
              "01100000000000000000000",
              "00010100000000000000000"
            ],
            "two": "11010000110011101110000",
            "union_size": 6,
            "upper_q2_equal": false
          },
          {
            "cut_index": 3,
            "endpoint": "10100100110111001110000",
            "join_neighbor": "00100100110111011110000",
            "join_support": "10000000000000010000000",
            "lower_q2_equal": false,
            "one": "00100100110111011010010",
            "q2": [
              [
                "00100100110111001010000",
                "10100100110111011110010"
              ],
              [
                "00100100110111011000000",
                "00100100110111011111010"
              ]
            ],
            "repeated": "00000000000000000000000",
            "resident": true,
            "resolved": true,
            "supports": [
              "10000000000000010000000",
              "00000000000000000100010",
              "00000000000000000011000"
            ],
            "two": "00100100110111011001010",
            "union_size": 6,
            "upper_q2_equal": false
          }
        ]
      ],
      "internal_q2_count": [
        30,
        30
      ],
      "internal_q2_lower_delta": {},
      "internal_q2_upper_delta": {},
      "other_roles": [
        {
          "active": 6,
          "auxiliary_edge": [
            "10100110110001101110000",
            "10100110110100101110000"
          ],
          "collar": {
            "a": [
              "00100110110110101110000",
              "10100110110100101110000",
              "10100110110010101110000"
            ],
            "active": [
              11,
              0,
              12
            ],
            "b": [
              "00100110110101101110000",
              "10100110110001101110000",
              "00100110110011101110000"
            ],
            "core": "00100110110000101110000",
            "new": [
              [
                "00100110110011101110000",
                "00100110110110101110000"
              ],
              [
                "00100110110101101110000",
                "10100110110100101110000"
              ],
              [
                "10100110110001101110000",
                "10100110110010101110000"
              ]
            ],
            "old": [
              [
                "00100110110101101110000",
                "00100110110110101110000"
              ],
              [
                "10100110110001101110000",
                "10100110110100101110000"
              ],
              [
                "00100110110011101110000",
                "10100110110010101110000"
              ]
            ],
            "seam_y": 13
          },
          "h": "00100100110010101110000",
          "next_active": 13,
          "p": "00100110110011101110000",
          "q": "10100110110010101110000",
          "router_edge": [
            "00100110110011101110000",
            "10100110110010101110000"
          ],
          "z": 0
        },
        {
          "active": 13,
          "auxiliary_edge": [
            "10100100110011011110000",
            "10100100110111001110000"
          ],
          "collar": {
            "a": [
              "00100100110111101110000",
              "10100100110111001110000",
              "10100100110011101110000"
            ],
            "active": [
              11,
              0,
              14
            ],
            "b": [
              "00100100110111011110000",
              "10100100110011011110000",
              "00100100110011111110000"
            ],
            "core": "00100100110011001110000",
            "new": [
              [
                "00100100110011111110000",
                "00100100110111101110000"
              ],
              [
                "00100100110111011110000",
                "10100100110111001110000"
              ],
              [
                "10100100110011011110000",
                "10100100110011101110000"
              ]
            ],
            "old": [
              [
                "00100100110111011110000",
                "00100100110111101110000"
              ],
              [
                "10100100110011011110000",
                "10100100110111001110000"
              ],
              [
                "00100100110011111110000",
                "10100100110011101110000"
              ]
            ],
            "seam_y": 15
          },
          "h": "00100100110010101110000",
          "next_active": 15,
          "p": "00100100110011111110000",
          "q": "10100100110011101110000",
          "router_edge": [
            "00100100110011111110000",
            "10100100110011101110000"
          ],
          "z": 0
        }
      ],
      "router_cuts": [
        [
          "00100110110010111110000",
          "10100100110010111110000"
        ],
        [
          "00100100110011111110000",
          "10100100110011101110000"
        ],
        [
          "00100110110011101110000",
          "10100110110010101110000"
        ]
      ],
      "router_cycles": [
        [
          "11010010110010101110000",
          "01010010110011101110000",
          "00110010110011101110000",
          "00100110110011101110000",
          "10100110110010101110000",
          "11000110110010101110000"
        ],
        [
          "11010000110011101110000",
          "01010000110011111110000",
          "00110000110011111110000",
          "00100100110011111110000",
          "10100100110011101110000",
          "11000100110011101110000"
        ],
        [
          "11010000110010111110000",
          "01010010110010111110000",
          "00110010110010111110000",
          "00100110110010111110000",
          "10100100110010111110000",
          "11000100110010111110000"
        ]
      ],
      "router_orientation": [
        "10100100110010111110000",
        "00100110110010111110000"
      ],
      "token_permutation": [
        2,
        1,
        0
      ],
      "token_zero_port": 2,
      "witness_index": 15
    },
    {
      "after_edges": [
        [
          [
            "01010010110011101110000",
            "11010010110010101110000"
          ],
          [
            "00100110110010111110000",
            "10100110100010111110000"
          ],
          [
            "00100110110011101110000",
            "00110010110011101110000"
          ],
          [
            "11000100110010111110000",
            "11010000110010111110000"
          ],
          [
            "00110010110011101110000",
            "01010010110011101110000"
          ],
          [
            "01010010110010111110000",
            "11010000110010111110000"
          ],
          [
            "10100100110011101110000",
            "11000100110011101110000"
          ],
          [
            "00110000110011111110000",
            "01010000110011111110000"
          ],
          [
            "00110010110010111110000",
            "01010010110010111110000"
          ],
          [
            "00100110110101101110000",
            "10100110110100101110000"
          ],
          [
            "01010000110011111110000",
            "11010000110011101110000"
          ],
          [
            "11000100110011101110000",
            "11010000110011101110000"
          ],
          [
            "00100100110011111110000",
            "00110000110011111110000"
          ],
          [
            "10100100110010111110000",
            "11000100110010111110000"
          ],
          [
            "10100100110011011110000",
            "10100100110011101110000"
          ],
          [
            "00000110110110111110000",
            "10000100110110111110000"
          ],
          [
            "10100110110001101110000",
            "10100110110010101110000"
          ],
          [
            "00100110110010111110000",
            "00110010110010111110000"
          ],
          [
            "00100110110011101110000",
            "00100110110110101110000"
          ],
          [
            "00100100110011111110000",
            "00100100110111101110000"
          ],
          [
            "00100100110110111110000",
            "10100100110010111110000"
          ],
          [
            "11000110110010101110000",
            "11010010110010101110000"
          ],
          [
            "00100100110111011110000",
            "10100100110111001110000"
          ],
          [
            "10100110110010101110000",
            "11000110110010101110000"
          ],
          [
            "00100110100110111110000",
            "10000110100110111110000"
          ]
        ],
        [
          [
            "01010000110011111110000",
            "11010000110010111110000"
          ],
          [
            "00100110110010111110000",
            "10100110100010111110000"
          ],
          [
            "00100110110011101110000",
            "00110010110011101110000"
          ],
          [
            "11000100110010111110000",
            "11010000110010111110000"
          ],
          [
            "00110010110011101110000",
            "01010010110011101110000"
          ],
          [
            "10100100110011101110000",
            "11000100110011101110000"
          ],
          [
            "00110000110011111110000",
            "01010000110011111110000"
          ],
          [
            "00110010110010111110000",
            "01010010110010111110000"
          ],
          [
            "01010010110010111110000",
            "11010010110010101110000"
          ],
          [
            "01010010110011101110000",
            "11010000110011101110000"
          ],
          [
            "00100110110101101110000",
            "10100110110100101110000"
          ],
          [
            "11000100110011101110000",
            "11010000110011101110000"
          ],
          [
            "00100100110011111110000",
            "00110000110011111110000"
          ],
          [
            "10100100110010111110000",
            "11000100110010111110000"
          ],
          [
            "10100100110011011110000",
            "10100100110011101110000"
          ],
          [
            "00000110110110111110000",
            "10000100110110111110000"
          ],
          [
            "10100110110001101110000",
            "10100110110010101110000"
          ],
          [
            "00100110110010111110000",
            "00110010110010111110000"
          ],
          [
            "00100110110011101110000",
            "00100110110110101110000"
          ],
          [
            "00100100110011111110000",
            "00100100110111101110000"
          ],
          [
            "00100100110110111110000",
            "10100100110010111110000"
          ],
          [
            "11000110110010101110000",
            "11010010110010101110000"
          ],
          [
            "00100100110111011110000",
            "10100100110111001110000"
          ],
          [
            "10100110110010101110000",
            "11000110110010101110000"
          ],
          [
            "00100110100110111110000",
            "10000110100110111110000"
          ]
        ]
      ],
      "all_auxiliary_edges": [
        [
          "00100110100110111110000",
          "10100110100010111110000"
        ],
        [
          "00000110110110111110000",
          "10000110100110111110000"
        ],
        [
          "10100110110001101110000",
          "10100110110100101110000"
        ],
        [
          "10100100110011011110000",
          "10100100110111001110000"
        ]
      ],
      "before_edges": [
        [
          [
            "00100100110110111110000",
            "10000100110110111110000"
          ],
          [
            "01010010110011101110000",
            "11010010110010101110000"
          ],
          [
            "00100110110010111110000",
            "10100100110010111110000"
          ],
          [
            "00100110110011101110000",
            "00110010110011101110000"
          ],
          [
            "00100110100110111110000",
            "10100110100010111110000"
          ],
          [
            "11000100110010111110000",
            "11010000110010111110000"
          ],
          [
            "00110010110011101110000",
            "01010010110011101110000"
          ],
          [
            "01010010110010111110000",
            "11010000110010111110000"
          ],
          [
            "10100100110011101110000",
            "11000100110011101110000"
          ],
          [
            "00110000110011111110000",
            "01010000110011111110000"
          ],
          [
            "00110010110010111110000",
            "01010010110010111110000"
          ],
          [
            "00100110110011101110000",
            "10100110110010101110000"
          ],
          [
            "01010000110011111110000",
            "11010000110011101110000"
          ],
          [
            "11000100110011101110000",
            "11010000110011101110000"
          ],
          [
            "00100100110011111110000",
            "00110000110011111110000"
          ],
          [
            "10100100110010111110000",
            "11000100110010111110000"
          ],
          [
            "10100110110001101110000",
            "10100110110100101110000"
          ],
          [
            "00100100110011111110000",
            "10100100110011101110000"
          ],
          [
            "00100110110010111110000",
            "00110010110010111110000"
          ],
          [
            "00000110110110111110000",
            "10000110100110111110000"
          ],
          [
            "10100100110011011110000",
            "10100100110111001110000"
          ],
          [
            "11000110110010101110000",
            "11010010110010101110000"
          ],
          [
            "00100100110111011110000",
            "00100100110111101110000"
          ],
          [
            "10100110110010101110000",
            "11000110110010101110000"
          ],
          [
            "00100110110101101110000",
            "00100110110110101110000"
          ]
        ],
        [
          [
            "00100100110110111110000",
            "10000100110110111110000"
          ],
          [
            "00100110110010111110000",
            "10100100110010111110000"
          ],
          [
            "01010000110011111110000",
            "11010000110010111110000"
          ],
          [
            "00100110110011101110000",
            "00110010110011101110000"
          ],
          [
            "00100110100110111110000",
            "10100110100010111110000"
          ],
          [
            "11000100110010111110000",
            "11010000110010111110000"
          ],
          [
            "00110010110011101110000",
            "01010010110011101110000"
          ],
          [
            "10100100110011101110000",
            "11000100110011101110000"
          ],
          [
            "00110000110011111110000",
            "01010000110011111110000"
          ],
          [
            "01010010110010111110000",
            "11010010110010101110000"
          ],
          [
            "00110010110010111110000",
            "01010010110010111110000"
          ],
          [
            "01010010110011101110000",
            "11010000110011101110000"
          ],
          [
            "00100110110011101110000",
            "10100110110010101110000"
          ],
          [
            "11000100110011101110000",
            "11010000110011101110000"
          ],
          [
            "10100110110001101110000",
            "10100110110100101110000"
          ],
          [
            "00100100110011111110000",
            "00110000110011111110000"
          ],
          [
            "10100100110010111110000",
            "11000100110010111110000"
          ],
          [
            "00100100110011111110000",
            "10100100110011101110000"
          ],
          [
            "00100110110010111110000",
            "00110010110010111110000"
          ],
          [
            "00000110110110111110000",
            "10000110100110111110000"
          ],
          [
            "10100100110011011110000",
            "10100100110111001110000"
          ],
          [
            "11000110110010101110000",
            "11010010110010101110000"
          ],
          [
            "00100100110111011110000",
            "00100100110111101110000"
          ],
          [
            "10100110110010101110000",
            "11000110110010101110000"
          ],
          [
            "00100110110101101110000",
            "00100110110110101110000"
          ]
        ]
      ],
      "c8_auxiliary_edges": [
        [
          "00100110100110111110000",
          "10100110100010111110000"
        ],
        [
          "00000110110110111110000",
          "10000110100110111110000"
        ]
      ],
      "c8_new": [
        [
          "00100100110110111110000",
          "10100100110010111110000"
        ],
        [
          "00100110110010111110000",
          "10100110100010111110000"
        ],
        [
          "00100110100110111110000",
          "10000110100110111110000"
        ],
        [
          "00000110110110111110000",
          "10000100110110111110000"
        ]
      ],
      "c8_old": [
        [
          "00100100110110111110000",
          "10000100110110111110000"
        ],
        [
          "00100110110010111110000",
          "10100100110010111110000"
        ],
        [
          "00100110100110111110000",
          "10100110100010111110000"
        ],
        [
          "00000110110110111110000",
          "10000110100110111110000"
        ]
      ],
      "context_orientation": [
        "10000100110110111110000",
        "00100100110110111110000"
      ],
      "fixed_path_reports": [
        [
          {
            "cut_index": 0,
            "endpoint": "10100110100010111110000",
            "join_neighbor": "00100110110010111110000",
            "join_support": "10000000010000000000000",
            "lower_q2_equal": false,
            "one": "00110010110010111110000",
            "q2": [
              [
                "00100010100010111110000",
                "10110110110010111110000"
              ],
              [
                "00000010110010111110000",
                "01110110110010111110000"
              ]
            ],
            "repeated": "00000000000000000000000",
            "resident": true,
            "resolved": true,
            "supports": [
              "10000000010000000000000",
              "00010100000000000000000",
              "01100000000000000000000"
            ],
            "two": "01010010110010111110000",
            "union_size": 6,
            "upper_q2_equal": false
          },
          {
            "cut_index": 0,
            "endpoint": "00100110100110111110000",
            "join_neighbor": "10000110100110111110000",
            "join_support": "10100000000000000000000",
            "resolved": false
          },
          {
            "cut_index": 1,
            "endpoint": "10000110100110111110000",
            "join_neighbor": "00100110100110111110000",
            "join_support": "10100000000000000000000",
            "resolved": false
          },
          {
            "cut_index": 1,
            "endpoint": "00000110110110111110000",
            "join_neighbor": "10000100110110111110000",
            "join_support": "10000010000000000000000",
            "lower_q2_equal": false,
            "one": "11000100110100111110000",
            "q2": [
              [
                "00000100110100111110000",
                "11000110110110111110000"
              ],
              [
                "10000100110000111110000",
                "11000100111110111110000"
              ]
            ],
            "repeated": "00000000000000000000000",
            "resident": true,
            "resolved": true,
            "supports": [
              "10000010000000000000000",
              "01000000000010000000000",
              "00000000001100000000000"
            ],
            "two": "11000100111000111110000",
            "union_size": 6,
            "upper_q2_equal": false
          },
          {
            "cut_index": 2,
            "endpoint": "10100110110001101110000",
            "join_neighbor": "10100110110010101110000",
            "join_support": "00000000000011000000000",
            "lower_q2_equal": false,
            "one": "11000110110010101110000",
            "q2": [
              [
                "10000110110000101110000",
                "11100110110011101110000"
              ],
              [
                "10000010110010101110000",
                "11110110110010101110000"
              ]
            ],
            "repeated": "00000000000000000000000",
            "resident": true,
            "resolved": true,
            "supports": [
              "00000000000011000000000",
              "01100000000000000000000",
              "00010100000000000000000"
            ],
            "two": "11010010110010101110000",
            "union_size": 6,
            "upper_q2_equal": false
          },
          {
            "cut_index": 2,
            "endpoint": "10100110110100101110000",
            "join_neighbor": "00100110110101101110000",
            "join_support": "10000000000001000000000",
            "lower_q2_equal": false,
            "one": "00100110110101011110000",
            "q2": [
              [
                "00100110110100001110000",
                "10100110110101111110000"
              ],
              [
                "00100110110101001010000",
                "00100110110101111110010"
              ]
            ],
            "repeated": "00000000000000000000000",
            "resident": true,
            "resolved": true,
            "supports": [
              "10000000000001000000000",
              "00000000000000110000000",
              "00000000000000000100010"
            ],
            "two": "00100110110101011010010",
            "union_size": 6,
            "upper_q2_equal": false
          },
          {
            "cut_index": 3,
            "endpoint": "10100100110011011110000",
            "join_neighbor": "10100100110011101110000",
            "join_support": "00000000000000110000000",
            "lower_q2_equal": false,
            "one": "11000100110011101110000",
            "q2": [
              [
                "10000100110011001110000",
                "11100100110011111110000"
              ],
              [
                "10000000110011101110000",
                "11110100110011101110000"
              ]
            ],
            "repeated": "00000000000000000000000",
            "resident": true,
            "resolved": true,
            "supports": [
              "00000000000000110000000",
              "01100000000000000000000",
              "00010100000000000000000"
            ],
            "two": "11010000110011101110000",
            "union_size": 6,
            "upper_q2_equal": false
          },
          {
            "cut_index": 3,
            "endpoint": "10100100110111001110000",
            "join_neighbor": "00100100110111011110000",
            "join_support": "10000000000000010000000",
            "lower_q2_equal": false,
            "one": "00100100110111011010010",
            "q2": [
              [
                "00100100110111001010000",
                "10100100110111011110010"
              ],
              [
                "00100100110111011000000",
                "00100100110111011111010"
              ]
            ],
            "repeated": "00000000000000000000000",
            "resident": true,
            "resolved": true,
            "supports": [
              "10000000000000010000000",
              "00000000000000000100010",
              "00000000000000000011000"
            ],
            "two": "00100100110111011001010",
            "union_size": 6,
            "upper_q2_equal": false
          }
        ],
        [
          {
            "cut_index": 0,
            "endpoint": "10100110100010111110000",
            "join_neighbor": "00100110110010111110000",
            "join_support": "10000000010000000000000",
            "lower_q2_equal": false,
            "one": "00110010110010111110000",
            "q2": [
              [
                "00100010100010111110000",
                "10110110110010111110000"
              ],
              [
                "00000010110010111110000",
                "01110110110010111110000"
              ]
            ],
            "repeated": "00000000000000000000000",
            "resident": true,
            "resolved": true,
            "supports": [
              "10000000010000000000000",
              "00010100000000000000000",
              "01100000000000000000000"
            ],
            "two": "01010010110010111110000",
            "union_size": 6,
            "upper_q2_equal": false
          },
          {
            "cut_index": 0,
            "endpoint": "00100110100110111110000",
            "join_neighbor": "10000110100110111110000",
            "join_support": "10100000000000000000000",
            "resolved": false
          },
          {
            "cut_index": 1,
            "endpoint": "10000110100110111110000",
            "join_neighbor": "00100110100110111110000",
            "join_support": "10100000000000000000000",
            "resolved": false
          },
          {
            "cut_index": 1,
            "endpoint": "00000110110110111110000",
            "join_neighbor": "10000100110110111110000",
            "join_support": "10000010000000000000000",
            "lower_q2_equal": false,
            "one": "11000100110100111110000",
            "q2": [
              [
                "00000100110100111110000",
                "11000110110110111110000"
              ],
              [
                "10000100110000111110000",
                "11000100111110111110000"
              ]
            ],
            "repeated": "00000000000000000000000",
            "resident": true,
            "resolved": true,
            "supports": [
              "10000010000000000000000",
              "01000000000010000000000",
              "00000000001100000000000"
            ],
            "two": "11000100111000111110000",
            "union_size": 6,
            "upper_q2_equal": false
          },
          {
            "cut_index": 2,
            "endpoint": "10100110110001101110000",
            "join_neighbor": "10100110110010101110000",
            "join_support": "00000000000011000000000",
            "lower_q2_equal": false,
            "one": "11000110110010101110000",
            "q2": [
              [
                "10000110110000101110000",
                "11100110110011101110000"
              ],
              [
                "10000010110010101110000",
                "11110110110010101110000"
              ]
            ],
            "repeated": "00000000000000000000000",
            "resident": true,
            "resolved": true,
            "supports": [
              "00000000000011000000000",
              "01100000000000000000000",
              "00010100000000000000000"
            ],
            "two": "11010010110010101110000",
            "union_size": 6,
            "upper_q2_equal": false
          },
          {
            "cut_index": 2,
            "endpoint": "10100110110100101110000",
            "join_neighbor": "00100110110101101110000",
            "join_support": "10000000000001000000000",
            "lower_q2_equal": false,
            "one": "00100110110101011110000",
            "q2": [
              [
                "00100110110100001110000",
                "10100110110101111110000"
              ],
              [
                "00100110110101001010000",
                "00100110110101111110010"
              ]
            ],
            "repeated": "00000000000000000000000",
            "resident": true,
            "resolved": true,
            "supports": [
              "10000000000001000000000",
              "00000000000000110000000",
              "00000000000000000100010"
            ],
            "two": "00100110110101011010010",
            "union_size": 6,
            "upper_q2_equal": false
          },
          {
            "cut_index": 3,
            "endpoint": "10100100110011011110000",
            "join_neighbor": "10100100110011101110000",
            "join_support": "00000000000000110000000",
            "lower_q2_equal": false,
            "one": "11000100110011101110000",
            "q2": [
              [
                "10000100110011001110000",
                "11100100110011111110000"
              ],
              [
                "10000000110011101110000",
                "11110100110011101110000"
              ]
            ],
            "repeated": "00000000000000000000000",
            "resident": true,
            "resolved": true,
            "supports": [
              "00000000000000110000000",
              "01100000000000000000000",
              "00010100000000000000000"
            ],
            "two": "11010000110011101110000",
            "union_size": 6,
            "upper_q2_equal": false
          },
          {
            "cut_index": 3,
            "endpoint": "10100100110111001110000",
            "join_neighbor": "00100100110111011110000",
            "join_support": "10000000000000010000000",
            "lower_q2_equal": false,
            "one": "00100100110111011010010",
            "q2": [
              [
                "00100100110111001010000",
                "10100100110111011110010"
              ],
              [
                "00100100110111011000000",
                "00100100110111011111010"
              ]
            ],
            "repeated": "00000000000000000000000",
            "resident": true,
            "resolved": true,
            "supports": [
              "10000000000000010000000",
              "00000000000000000100010",
              "00000000000000000011000"
            ],
            "two": "00100100110111011001010",
            "union_size": 6,
            "upper_q2_equal": false
          }
        ]
      ],
      "internal_q2_count": [
        30,
        30
      ],
      "internal_q2_lower_delta": {},
      "internal_q2_upper_delta": {},
      "other_roles": [
        {
          "active": 6,
          "auxiliary_edge": [
            "10100110110001101110000",
            "10100110110100101110000"
          ],
          "collar": {
            "a": [
              "00100110110110101110000",
              "10100110110100101110000",
              "10100110110010101110000"
            ],
            "active": [
              11,
              0,
              12
            ],
            "b": [
              "00100110110101101110000",
              "10100110110001101110000",
              "00100110110011101110000"
            ],
            "core": "00100110110000101110000",
            "new": [
              [
                "00100110110011101110000",
                "00100110110110101110000"
              ],
              [
                "00100110110101101110000",
                "10100110110100101110000"
              ],
              [
                "10100110110001101110000",
                "10100110110010101110000"
              ]
            ],
            "old": [
              [
                "00100110110101101110000",
                "00100110110110101110000"
              ],
              [
                "10100110110001101110000",
                "10100110110100101110000"
              ],
              [
                "00100110110011101110000",
                "10100110110010101110000"
              ]
            ],
            "seam_y": 13
          },
          "h": "00100100110010101110000",
          "next_active": 13,
          "p": "00100110110011101110000",
          "q": "10100110110010101110000",
          "router_edge": [
            "00100110110011101110000",
            "10100110110010101110000"
          ],
          "z": 0
        },
        {
          "active": 13,
          "auxiliary_edge": [
            "10100100110011011110000",
            "10100100110111001110000"
          ],
          "collar": {
            "a": [
              "00100100110111101110000",
              "10100100110111001110000",
              "10100100110011101110000"
            ],
            "active": [
              11,
              0,
              14
            ],
            "b": [
              "00100100110111011110000",
              "10100100110011011110000",
              "00100100110011111110000"
            ],
            "core": "00100100110011001110000",
            "new": [
              [
                "00100100110011111110000",
                "00100100110111101110000"
              ],
              [
                "00100100110111011110000",
                "10100100110111001110000"
              ],
              [
                "10100100110011011110000",
                "10100100110011101110000"
              ]
            ],
            "old": [
              [
                "00100100110111011110000",
                "00100100110111101110000"
              ],
              [
                "10100100110011011110000",
                "10100100110111001110000"
              ],
              [
                "00100100110011111110000",
                "10100100110011101110000"
              ]
            ],
            "seam_y": 15
          },
          "h": "00100100110010101110000",
          "next_active": 15,
          "p": "00100100110011111110000",
          "q": "10100100110011101110000",
          "router_edge": [
            "00100100110011111110000",
            "10100100110011101110000"
          ],
          "z": 0
        }
      ],
      "router_cuts": [
        [
          "00100110110010111110000",
          "10100100110010111110000"
        ],
        [
          "00100100110011111110000",
          "10100100110011101110000"
        ],
        [
          "00100110110011101110000",
          "10100110110010101110000"
        ]
      ],
      "router_cycles": [
        [
          "11010010110010101110000",
          "01010010110011101110000",
          "00110010110011101110000",
          "00100110110011101110000",
          "10100110110010101110000",
          "11000110110010101110000"
        ],
        [
          "11010000110011101110000",
          "01010000110011111110000",
          "00110000110011111110000",
          "00100100110011111110000",
          "10100100110011101110000",
          "11000100110011101110000"
        ],
        [
          "11010000110010111110000",
          "01010010110010111110000",
          "00110010110010111110000",
          "00100110110010111110000",
          "10100100110010111110000",
          "11000100110010111110000"
        ]
      ],
      "router_orientation": [
        "10100100110010111110000",
        "00100110110010111110000"
      ],
      "token_permutation": [
        2,
        1,
        0
      ],
      "token_zero_port": 2,
      "witness_index": 15
    },
    {
      "after_edges": [
        [
          [
            "01010010110011101110000",
            "11010010110010101110000"
          ],
          [
            "00100110110011101110000",
            "00110010110011101110000"
          ],
          [
            "11000100110010111110000",
            "11010000110010111110000"
          ],
          [
            "00110010110011101110000",
            "01010010110011101110000"
          ],
          [
            "01010010110010111110000",
            "11010000110010111110000"
          ],
          [
            "10100100110011101110000",
            "11000100110011101110000"
          ],
          [
            "00110000110011111110000",
            "01010000110011111110000"
          ],
          [
            "00110010110010111110000",
            "01010010110010111110000"
          ],
          [
            "00100110110101101110000",
            "10100110110100101110000"
          ],
          [
            "01010000110011111110000",
            "11010000110011101110000"
          ],
          [
            "11000100110011101110000",
            "11010000110011101110000"
          ],
          [
            "00100100110011111110000",
            "00110000110011111110000"
          ],
          [
            "10100100110010111110000",
            "11000100110010111110000"
          ],
          [
            "10100100110011011110000",
            "10100100110011101110000"
          ],
          [
            "00100110110110110110000",
            "10000110110110110110000"
          ],
          [
            "00100110110010111110000",
            "10100110110010110110000"
          ],
          [
            "00000110110110111110000",
            "10000100110110111110000"
          ],
          [
            "10100110110001101110000",
            "10100110110010101110000"
          ],
          [
            "00100110110010111110000",
            "00110010110010111110000"
          ],
          [
            "00100110110011101110000",
            "00100110110110101110000"
          ],
          [
            "00100100110011111110000",
            "00100100110111101110000"
          ],
          [
            "00100100110110111110000",
            "10100100110010111110000"
          ],
          [
            "11000110110010101110000",
            "11010010110010101110000"
          ],
          [
            "00100100110111011110000",
            "10100100110111001110000"
          ],
          [
            "10100110110010101110000",
            "11000110110010101110000"
          ]
        ],
        [
          [
            "01010000110011111110000",
            "11010000110010111110000"
          ],
          [
            "00100110110011101110000",
            "00110010110011101110000"
          ],
          [
            "11000100110010111110000",
            "11010000110010111110000"
          ],
          [
            "00110010110011101110000",
            "01010010110011101110000"
          ],
          [
            "10100100110011101110000",
            "11000100110011101110000"
          ],
          [
            "00110000110011111110000",
            "01010000110011111110000"
          ],
          [
            "00110010110010111110000",
            "01010010110010111110000"
          ],
          [
            "01010010110010111110000",
            "11010010110010101110000"
          ],
          [
            "01010010110011101110000",
            "11010000110011101110000"
          ],
          [
            "00100110110101101110000",
            "10100110110100101110000"
          ],
          [
            "11000100110011101110000",
            "11010000110011101110000"
          ],
          [
            "00100100110011111110000",
            "00110000110011111110000"
          ],
          [
            "10100100110010111110000",
            "11000100110010111110000"
          ],
          [
            "10100100110011011110000",
            "10100100110011101110000"
          ],
          [
            "00100110110110110110000",
            "10000110110110110110000"
          ],
          [
            "00100110110010111110000",
            "10100110110010110110000"
          ],
          [
            "00000110110110111110000",
            "10000100110110111110000"
          ],
          [
            "10100110110001101110000",
            "10100110110010101110000"
          ],
          [
            "00100110110010111110000",
            "00110010110010111110000"
          ],
          [
            "00100110110011101110000",
            "00100110110110101110000"
          ],
          [
            "00100100110011111110000",
            "00100100110111101110000"
          ],
          [
            "00100100110110111110000",
            "10100100110010111110000"
          ],
          [
            "11000110110010101110000",
            "11010010110010101110000"
          ],
          [
            "00100100110111011110000",
            "10100100110111001110000"
          ],
          [
            "10100110110010101110000",
            "11000110110010101110000"
          ]
        ]
      ],
      "all_auxiliary_edges": [
        [
          "00100110110110110110000",
          "10100110110010110110000"
        ],
        [
          "00000110110110111110000",
          "10000110110110110110000"
        ],
        [
          "10100110110001101110000",
          "10100110110100101110000"
        ],
        [
          "10100100110011011110000",
          "10100100110111001110000"
        ]
      ],
      "before_edges": [
        [
          [
            "00100100110110111110000",
            "10000100110110111110000"
          ],
          [
            "01010010110011101110000",
            "11010010110010101110000"
          ],
          [
            "00100110110010111110000",
            "10100100110010111110000"
          ],
          [
            "00100110110011101110000",
            "00110010110011101110000"
          ],
          [
            "11000100110010111110000",
            "11010000110010111110000"
          ],
          [
            "00110010110011101110000",
            "01010010110011101110000"
          ],
          [
            "01010010110010111110000",
            "11010000110010111110000"
          ],
          [
            "10100100110011101110000",
            "11000100110011101110000"
          ],
          [
            "00110000110011111110000",
            "01010000110011111110000"
          ],
          [
            "00110010110010111110000",
            "01010010110010111110000"
          ],
          [
            "00100110110011101110000",
            "10100110110010101110000"
          ],
          [
            "01010000110011111110000",
            "11010000110011101110000"
          ],
          [
            "11000100110011101110000",
            "11010000110011101110000"
          ],
          [
            "00100100110011111110000",
            "00110000110011111110000"
          ],
          [
            "10100100110010111110000",
            "11000100110010111110000"
          ],
          [
            "10100110110001101110000",
            "10100110110100101110000"
          ],
          [
            "00100100110011111110000",
            "10100100110011101110000"
          ],
          [
            "00100110110010111110000",
            "00110010110010111110000"
          ],
          [
            "10100100110011011110000",
            "10100100110111001110000"
          ],
          [
            "11000110110010101110000",
            "11010010110010101110000"
          ],
          [
            "00100100110111011110000",
            "00100100110111101110000"
          ],
          [
            "00000110110110111110000",
            "10000110110110110110000"
          ],
          [
            "10100110110010101110000",
            "11000110110010101110000"
          ],
          [
            "00100110110101101110000",
            "00100110110110101110000"
          ],
          [
            "00100110110110110110000",
            "10100110110010110110000"
          ]
        ],
        [
          [
            "00100100110110111110000",
            "10000100110110111110000"
          ],
          [
            "00100110110010111110000",
            "10100100110010111110000"
          ],
          [
            "01010000110011111110000",
            "11010000110010111110000"
          ],
          [
            "00100110110011101110000",
            "00110010110011101110000"
          ],
          [
            "11000100110010111110000",
            "11010000110010111110000"
          ],
          [
            "00110010110011101110000",
            "01010010110011101110000"
          ],
          [
            "10100100110011101110000",
            "11000100110011101110000"
          ],
          [
            "00110000110011111110000",
            "01010000110011111110000"
          ],
          [
            "01010010110010111110000",
            "11010010110010101110000"
          ],
          [
            "00110010110010111110000",
            "01010010110010111110000"
          ],
          [
            "01010010110011101110000",
            "11010000110011101110000"
          ],
          [
            "00100110110011101110000",
            "10100110110010101110000"
          ],
          [
            "11000100110011101110000",
            "11010000110011101110000"
          ],
          [
            "10100110110001101110000",
            "10100110110100101110000"
          ],
          [
            "00100100110011111110000",
            "00110000110011111110000"
          ],
          [
            "10100100110010111110000",
            "11000100110010111110000"
          ],
          [
            "00100100110011111110000",
            "10100100110011101110000"
          ],
          [
            "00100110110010111110000",
            "00110010110010111110000"
          ],
          [
            "10100100110011011110000",
            "10100100110111001110000"
          ],
          [
            "11000110110010101110000",
            "11010010110010101110000"
          ],
          [
            "00100100110111011110000",
            "00100100110111101110000"
          ],
          [
            "00000110110110111110000",
            "10000110110110110110000"
          ],
          [
            "10100110110010101110000",
            "11000110110010101110000"
          ],
          [
            "00100110110101101110000",
            "00100110110110101110000"
          ],
          [
            "00100110110110110110000",
            "10100110110010110110000"
          ]
        ]
      ],
      "c8_auxiliary_edges": [
        [
          "00100110110110110110000",
          "10100110110010110110000"
        ],
        [
          "00000110110110111110000",
          "10000110110110110110000"
        ]
      ],
      "c8_new": [
        [
          "00100100110110111110000",
          "10100100110010111110000"
        ],
        [
          "00100110110010111110000",
          "10100110110010110110000"
        ],
        [
          "00100110110110110110000",
          "10000110110110110110000"
        ],
        [
          "00000110110110111110000",
          "10000100110110111110000"
        ]
      ],
      "c8_old": [
        [
          "00100100110110111110000",
          "10000100110110111110000"
        ],
        [
          "00100110110010111110000",
          "10100100110010111110000"
        ],
        [
          "00100110110110110110000",
          "10100110110010110110000"
        ],
        [
          "00000110110110111110000",
          "10000110110110110110000"
        ]
      ],
      "context_orientation": [
        "10000100110110111110000",
        "00100100110110111110000"
      ],
      "fixed_path_reports": [
        [
          {
            "cut_index": 0,
            "endpoint": "10100110110010110110000",
            "join_neighbor": "00100110110010111110000",
            "join_support": "10000000000000001000000",
            "lower_q2_equal": false,
            "one": "00110010110010111110000",
            "q2": [
              [
                "00100010110010110110000",
                "10110110110010111110000"
              ],
              [
                "00000010110010111110000",
                "01110110110010111110000"
              ]
            ],
            "repeated": "00000000000000000000000",
            "resident": true,
            "resolved": true,
            "supports": [
              "10000000000000001000000",
              "00010100000000000000000",
              "01100000000000000000000"
            ],
            "two": "01010010110010111110000",
            "union_size": 6,
            "upper_q2_equal": false
          },
          {
            "cut_index": 0,
            "endpoint": "00100110110110110110000",
            "join_neighbor": "10000110110110110110000",
            "join_support": "10100000000000000000000",
            "resolved": false
          },
          {
            "cut_index": 1,
            "endpoint": "00000110110110111110000",
            "join_neighbor": "10000100110110111110000",
            "join_support": "10000010000000000000000",
            "lower_q2_equal": false,
            "one": "11000100110100111110000",
            "q2": [
              [
                "00000100110100111110000",
                "11000110110110111110000"
              ],
              [
                "10000100110000111110000",
                "11000100111110111110000"
              ]
            ],
            "repeated": "00000000000000000000000",
            "resident": true,
            "resolved": true,
            "supports": [
              "10000010000000000000000",
              "01000000000010000000000",
              "00000000001100000000000"
            ],
            "two": "11000100111000111110000",
            "union_size": 6,
            "upper_q2_equal": false
          },
          {
            "cut_index": 1,
            "endpoint": "10000110110110110110000",
            "join_neighbor": "00100110110110110110000",
            "join_support": "10100000000000000000000",
            "resolved": false
          },
          {
            "cut_index": 2,
            "endpoint": "10100110110001101110000",
            "join_neighbor": "10100110110010101110000",
            "join_support": "00000000000011000000000",
            "lower_q2_equal": false,
            "one": "11000110110010101110000",
            "q2": [
              [
                "10000110110000101110000",
                "11100110110011101110000"
              ],
              [
                "10000010110010101110000",
                "11110110110010101110000"
              ]
            ],
            "repeated": "00000000000000000000000",
            "resident": true,
            "resolved": true,
            "supports": [
              "00000000000011000000000",
              "01100000000000000000000",
              "00010100000000000000000"
            ],
            "two": "11010010110010101110000",
            "union_size": 6,
            "upper_q2_equal": false
          },
          {
            "cut_index": 2,
            "endpoint": "10100110110100101110000",
            "join_neighbor": "00100110110101101110000",
            "join_support": "10000000000001000000000",
            "lower_q2_equal": false,
            "one": "00100110110101011110000",
            "q2": [
              [
                "00100110110100001110000",
                "10100110110101111110000"
              ],
              [
                "00100110110101001010000",
                "00100110110101111110010"
              ]
            ],
            "repeated": "00000000000000000000000",
            "resident": true,
            "resolved": true,
            "supports": [
              "10000000000001000000000",
              "00000000000000110000000",
              "00000000000000000100010"
            ],
            "two": "00100110110101011010010",
            "union_size": 6,
            "upper_q2_equal": false
          },
          {
            "cut_index": 3,
            "endpoint": "10100100110011011110000",
            "join_neighbor": "10100100110011101110000",
            "join_support": "00000000000000110000000",
            "lower_q2_equal": false,
            "one": "11000100110011101110000",
            "q2": [
              [
                "10000100110011001110000",
                "11100100110011111110000"
              ],
              [
                "10000000110011101110000",
                "11110100110011101110000"
              ]
            ],
            "repeated": "00000000000000000000000",
            "resident": true,
            "resolved": true,
            "supports": [
              "00000000000000110000000",
              "01100000000000000000000",
              "00010100000000000000000"
            ],
            "two": "11010000110011101110000",
            "union_size": 6,
            "upper_q2_equal": false
          },
          {
            "cut_index": 3,
            "endpoint": "10100100110111001110000",
            "join_neighbor": "00100100110111011110000",
            "join_support": "10000000000000010000000",
            "lower_q2_equal": false,
            "one": "00100100110111011010010",
            "q2": [
              [
                "00100100110111001010000",
                "10100100110111011110010"
              ],
              [
                "00100100110111011000000",
                "00100100110111011111010"
              ]
            ],
            "repeated": "00000000000000000000000",
            "resident": true,
            "resolved": true,
            "supports": [
              "10000000000000010000000",
              "00000000000000000100010",
              "00000000000000000011000"
            ],
            "two": "00100100110111011001010",
            "union_size": 6,
            "upper_q2_equal": false
          }
        ],
        [
          {
            "cut_index": 0,
            "endpoint": "10100110110010110110000",
            "join_neighbor": "00100110110010111110000",
            "join_support": "10000000000000001000000",
            "lower_q2_equal": false,
            "one": "00110010110010111110000",
            "q2": [
              [
                "00100010110010110110000",
                "10110110110010111110000"
              ],
              [
                "00000010110010111110000",
                "01110110110010111110000"
              ]
            ],
            "repeated": "00000000000000000000000",
            "resident": true,
            "resolved": true,
            "supports": [
              "10000000000000001000000",
              "00010100000000000000000",
              "01100000000000000000000"
            ],
            "two": "01010010110010111110000",
            "union_size": 6,
            "upper_q2_equal": false
          },
          {
            "cut_index": 0,
            "endpoint": "00100110110110110110000",
            "join_neighbor": "10000110110110110110000",
            "join_support": "10100000000000000000000",
            "resolved": false
          },
          {
            "cut_index": 1,
            "endpoint": "00000110110110111110000",
            "join_neighbor": "10000100110110111110000",
            "join_support": "10000010000000000000000",
            "lower_q2_equal": false,
            "one": "11000100110100111110000",
            "q2": [
              [
                "00000100110100111110000",
                "11000110110110111110000"
              ],
              [
                "10000100110000111110000",
                "11000100111110111110000"
              ]
            ],
            "repeated": "00000000000000000000000",
            "resident": true,
            "resolved": true,
            "supports": [
              "10000010000000000000000",
              "01000000000010000000000",
              "00000000001100000000000"
            ],
            "two": "11000100111000111110000",
            "union_size": 6,
            "upper_q2_equal": false
          },
          {
            "cut_index": 1,
            "endpoint": "10000110110110110110000",
            "join_neighbor": "00100110110110110110000",
            "join_support": "10100000000000000000000",
            "resolved": false
          },
          {
            "cut_index": 2,
            "endpoint": "10100110110001101110000",
            "join_neighbor": "10100110110010101110000",
            "join_support": "00000000000011000000000",
            "lower_q2_equal": false,
            "one": "11000110110010101110000",
            "q2": [
              [
                "10000110110000101110000",
                "11100110110011101110000"
              ],
              [
                "10000010110010101110000",
                "11110110110010101110000"
              ]
            ],
            "repeated": "00000000000000000000000",
            "resident": true,
            "resolved": true,
            "supports": [
              "00000000000011000000000",
              "01100000000000000000000",
              "00010100000000000000000"
            ],
            "two": "11010010110010101110000",
            "union_size": 6,
            "upper_q2_equal": false
          },
          {
            "cut_index": 2,
            "endpoint": "10100110110100101110000",
            "join_neighbor": "00100110110101101110000",
            "join_support": "10000000000001000000000",
            "lower_q2_equal": false,
            "one": "00100110110101011110000",
            "q2": [
              [
                "00100110110100001110000",
                "10100110110101111110000"
              ],
              [
                "00100110110101001010000",
                "00100110110101111110010"
              ]
            ],
            "repeated": "00000000000000000000000",
            "resident": true,
            "resolved": true,
            "supports": [
              "10000000000001000000000",
              "00000000000000110000000",
              "00000000000000000100010"
            ],
            "two": "00100110110101011010010",
            "union_size": 6,
            "upper_q2_equal": false
          },
          {
            "cut_index": 3,
            "endpoint": "10100100110011011110000",
            "join_neighbor": "10100100110011101110000",
            "join_support": "00000000000000110000000",
            "lower_q2_equal": false,
            "one": "11000100110011101110000",
            "q2": [
              [
                "10000100110011001110000",
                "11100100110011111110000"
              ],
              [
                "10000000110011101110000",
                "11110100110011101110000"
              ]
            ],
            "repeated": "00000000000000000000000",
            "resident": true,
            "resolved": true,
            "supports": [
              "00000000000000110000000",
              "01100000000000000000000",
              "00010100000000000000000"
            ],
            "two": "11010000110011101110000",
            "union_size": 6,
            "upper_q2_equal": false
          },
          {
            "cut_index": 3,
            "endpoint": "10100100110111001110000",
            "join_neighbor": "00100100110111011110000",
            "join_support": "10000000000000010000000",
            "lower_q2_equal": false,
            "one": "00100100110111011010010",
            "q2": [
              [
                "00100100110111001010000",
                "10100100110111011110010"
              ],
              [
                "00100100110111011000000",
                "00100100110111011111010"
              ]
            ],
            "repeated": "00000000000000000000000",
            "resident": true,
            "resolved": true,
            "supports": [
              "10000000000000010000000",
              "00000000000000000100010",
              "00000000000000000011000"
            ],
            "two": "00100100110111011001010",
            "union_size": 6,
            "upper_q2_equal": false
          }
        ]
      ],
      "internal_q2_count": [
        30,
        30
      ],
      "internal_q2_lower_delta": {},
      "internal_q2_upper_delta": {},
      "other_roles": [
        {
          "active": 6,
          "auxiliary_edge": [
            "10100110110001101110000",
            "10100110110100101110000"
          ],
          "collar": {
            "a": [
              "00100110110110101110000",
              "10100110110100101110000",
              "10100110110010101110000"
            ],
            "active": [
              11,
              0,
              12
            ],
            "b": [
              "00100110110101101110000",
              "10100110110001101110000",
              "00100110110011101110000"
            ],
            "core": "00100110110000101110000",
            "new": [
              [
                "00100110110011101110000",
                "00100110110110101110000"
              ],
              [
                "00100110110101101110000",
                "10100110110100101110000"
              ],
              [
                "10100110110001101110000",
                "10100110110010101110000"
              ]
            ],
            "old": [
              [
                "00100110110101101110000",
                "00100110110110101110000"
              ],
              [
                "10100110110001101110000",
                "10100110110100101110000"
              ],
              [
                "00100110110011101110000",
                "10100110110010101110000"
              ]
            ],
            "seam_y": 13
          },
          "h": "00100100110010101110000",
          "next_active": 13,
          "p": "00100110110011101110000",
          "q": "10100110110010101110000",
          "router_edge": [
            "00100110110011101110000",
            "10100110110010101110000"
          ],
          "z": 0
        },
        {
          "active": 13,
          "auxiliary_edge": [
            "10100100110011011110000",
            "10100100110111001110000"
          ],
          "collar": {
            "a": [
              "00100100110111101110000",
              "10100100110111001110000",
              "10100100110011101110000"
            ],
            "active": [
              11,
              0,
              14
            ],
            "b": [
              "00100100110111011110000",
              "10100100110011011110000",
              "00100100110011111110000"
            ],
            "core": "00100100110011001110000",
            "new": [
              [
                "00100100110011111110000",
                "00100100110111101110000"
              ],
              [
                "00100100110111011110000",
                "10100100110111001110000"
              ],
              [
                "10100100110011011110000",
                "10100100110011101110000"
              ]
            ],
            "old": [
              [
                "00100100110111011110000",
                "00100100110111101110000"
              ],
              [
                "10100100110011011110000",
                "10100100110111001110000"
              ],
              [
                "00100100110011111110000",
                "10100100110011101110000"
              ]
            ],
            "seam_y": 15
          },
          "h": "00100100110010101110000",
          "next_active": 15,
          "p": "00100100110011111110000",
          "q": "10100100110011101110000",
          "router_edge": [
            "00100100110011111110000",
            "10100100110011101110000"
          ],
          "z": 0
        }
      ],
      "router_cuts": [
        [
          "00100110110010111110000",
          "10100100110010111110000"
        ],
        [
          "00100100110011111110000",
          "10100100110011101110000"
        ],
        [
          "00100110110011101110000",
          "10100110110010101110000"
        ]
      ],
      "router_cycles": [
        [
          "11010010110010101110000",
          "01010010110011101110000",
          "00110010110011101110000",
          "00100110110011101110000",
          "10100110110010101110000",
          "11000110110010101110000"
        ],
        [
          "11010000110011101110000",
          "01010000110011111110000",
          "00110000110011111110000",
          "00100100110011111110000",
          "10100100110011101110000",
          "11000100110011101110000"
        ],
        [
          "11010000110010111110000",
          "01010010110010111110000",
          "00110010110010111110000",
          "00100110110010111110000",
          "10100100110010111110000",
          "11000100110010111110000"
        ]
      ],
      "router_orientation": [
        "10100100110010111110000",
        "00100110110010111110000"
      ],
      "token_permutation": [
        2,
        1,
        0
      ],
      "token_zero_port": 2,
      "witness_index": 15
    },
    {
      "after_edges": [
        [
          [
            "01010010110011101110000",
            "11010010110010101110000"
          ],
          [
            "00100110110011101110000",
            "00110010110011101110000"
          ],
          [
            "11000100110010111110000",
            "11010000110010111110000"
          ],
          [
            "00110010110011101110000",
            "01010010110011101110000"
          ],
          [
            "01010010110010111110000",
            "11010000110010111110000"
          ],
          [
            "10100100110011101110000",
            "11000100110011101110000"
          ],
          [
            "00110000110011111110000",
            "01010000110011111110000"
          ],
          [
            "00110010110010111110000",
            "01010010110010111110000"
          ],
          [
            "00100110110101101110000",
            "10100110110100101110000"
          ],
          [
            "01010000110011111110000",
            "11010000110011101110000"
          ],
          [
            "11000100110011101110000",
            "11010000110011101110000"
          ],
          [
            "00100100110011111110000",
            "00110000110011111110000"
          ],
          [
            "10100100110010111110000",
            "11000100110010111110000"
          ],
          [
            "10100100110011011110000",
            "10100100110011101110000"
          ],
          [
            "00100110110010111110000",
            "10100110110010111100000"
          ],
          [
            "00000110110110111110000",
            "10000100110110111110000"
          ],
          [
            "10100110110001101110000",
            "10100110110010101110000"
          ],
          [
            "00100110110010111110000",
            "00110010110010111110000"
          ],
          [
            "00100110110011101110000",
            "00100110110110101110000"
          ],
          [
            "00100100110011111110000",
            "00100100110111101110000"
          ],
          [
            "00100100110110111110000",
            "10100100110010111110000"
          ],
          [
            "11000110110010101110000",
            "11010010110010101110000"
          ],
          [
            "00100100110111011110000",
            "10100100110111001110000"
          ],
          [
            "10100110110010101110000",
            "11000110110010101110000"
          ],
          [
            "00100110110110111100000",
            "10000110110110111100000"
          ]
        ],
        [
          [
            "01010000110011111110000",
            "11010000110010111110000"
          ],
          [
            "00100110110011101110000",
            "00110010110011101110000"
          ],
          [
            "11000100110010111110000",
            "11010000110010111110000"
          ],
          [
            "00110010110011101110000",
            "01010010110011101110000"
          ],
          [
            "10100100110011101110000",
            "11000100110011101110000"
          ],
          [
            "00110000110011111110000",
            "01010000110011111110000"
          ],
          [
            "00110010110010111110000",
            "01010010110010111110000"
          ],
          [
            "01010010110010111110000",
            "11010010110010101110000"
          ],
          [
            "01010010110011101110000",
            "11010000110011101110000"
          ],
          [
            "00100110110101101110000",
            "10100110110100101110000"
          ],
          [
            "11000100110011101110000",
            "11010000110011101110000"
          ],
          [
            "00100100110011111110000",
            "00110000110011111110000"
          ],
          [
            "10100100110010111110000",
            "11000100110010111110000"
          ],
          [
            "10100100110011011110000",
            "10100100110011101110000"
          ],
          [
            "00100110110010111110000",
            "10100110110010111100000"
          ],
          [
            "00000110110110111110000",
            "10000100110110111110000"
          ],
          [
            "10100110110001101110000",
            "10100110110010101110000"
          ],
          [
            "00100110110010111110000",
            "00110010110010111110000"
          ],
          [
            "00100110110011101110000",
            "00100110110110101110000"
          ],
          [
            "00100100110011111110000",
            "00100100110111101110000"
          ],
          [
            "00100100110110111110000",
            "10100100110010111110000"
          ],
          [
            "11000110110010101110000",
            "11010010110010101110000"
          ],
          [
            "00100100110111011110000",
            "10100100110111001110000"
          ],
          [
            "10100110110010101110000",
            "11000110110010101110000"
          ],
          [
            "00100110110110111100000",
            "10000110110110111100000"
          ]
        ]
      ],
      "all_auxiliary_edges": [
        [
          "00100110110110111100000",
          "10100110110010111100000"
        ],
        [
          "00000110110110111110000",
          "10000110110110111100000"
        ],
        [
          "10100110110001101110000",
          "10100110110100101110000"
        ],
        [
          "10100100110011011110000",
          "10100100110111001110000"
        ]
      ],
      "before_edges": [
        [
          [
            "00100100110110111110000",
            "10000100110110111110000"
          ],
          [
            "01010010110011101110000",
            "11010010110010101110000"
          ],
          [
            "00100110110010111110000",
            "10100100110010111110000"
          ],
          [
            "00100110110011101110000",
            "00110010110011101110000"
          ],
          [
            "11000100110010111110000",
            "11010000110010111110000"
          ],
          [
            "00110010110011101110000",
            "01010010110011101110000"
          ],
          [
            "00000110110110111110000",
            "10000110110110111100000"
          ],
          [
            "01010010110010111110000",
            "11010000110010111110000"
          ],
          [
            "10100100110011101110000",
            "11000100110011101110000"
          ],
          [
            "00110000110011111110000",
            "01010000110011111110000"
          ],
          [
            "00110010110010111110000",
            "01010010110010111110000"
          ],
          [
            "00100110110011101110000",
            "10100110110010101110000"
          ],
          [
            "01010000110011111110000",
            "11010000110011101110000"
          ],
          [
            "11000100110011101110000",
            "11010000110011101110000"
          ],
          [
            "00100100110011111110000",
            "00110000110011111110000"
          ],
          [
            "10100100110010111110000",
            "11000100110010111110000"
          ],
          [
            "10100110110001101110000",
            "10100110110100101110000"
          ],
          [
            "00100100110011111110000",
            "10100100110011101110000"
          ],
          [
            "00100110110010111110000",
            "00110010110010111110000"
          ],
          [
            "00100110110110111100000",
            "10100110110010111100000"
          ],
          [
            "10100100110011011110000",
            "10100100110111001110000"
          ],
          [
            "11000110110010101110000",
            "11010010110010101110000"
          ],
          [
            "00100100110111011110000",
            "00100100110111101110000"
          ],
          [
            "10100110110010101110000",
            "11000110110010101110000"
          ],
          [
            "00100110110101101110000",
            "00100110110110101110000"
          ]
        ],
        [
          [
            "00100100110110111110000",
            "10000100110110111110000"
          ],
          [
            "00100110110010111110000",
            "10100100110010111110000"
          ],
          [
            "01010000110011111110000",
            "11010000110010111110000"
          ],
          [
            "00100110110011101110000",
            "00110010110011101110000"
          ],
          [
            "11000100110010111110000",
            "11010000110010111110000"
          ],
          [
            "00110010110011101110000",
            "01010010110011101110000"
          ],
          [
            "00000110110110111110000",
            "10000110110110111100000"
          ],
          [
            "10100100110011101110000",
            "11000100110011101110000"
          ],
          [
            "00110000110011111110000",
            "01010000110011111110000"
          ],
          [
            "01010010110010111110000",
            "11010010110010101110000"
          ],
          [
            "00110010110010111110000",
            "01010010110010111110000"
          ],
          [
            "01010010110011101110000",
            "11010000110011101110000"
          ],
          [
            "00100110110011101110000",
            "10100110110010101110000"
          ],
          [
            "11000100110011101110000",
            "11010000110011101110000"
          ],
          [
            "10100110110001101110000",
            "10100110110100101110000"
          ],
          [
            "00100100110011111110000",
            "00110000110011111110000"
          ],
          [
            "10100100110010111110000",
            "11000100110010111110000"
          ],
          [
            "00100100110011111110000",
            "10100100110011101110000"
          ],
          [
            "00100110110010111110000",
            "00110010110010111110000"
          ],
          [
            "00100110110110111100000",
            "10100110110010111100000"
          ],
          [
            "10100100110011011110000",
            "10100100110111001110000"
          ],
          [
            "11000110110010101110000",
            "11010010110010101110000"
          ],
          [
            "00100100110111011110000",
            "00100100110111101110000"
          ],
          [
            "10100110110010101110000",
            "11000110110010101110000"
          ],
          [
            "00100110110101101110000",
            "00100110110110101110000"
          ]
        ]
      ],
      "c8_auxiliary_edges": [
        [
          "00100110110110111100000",
          "10100110110010111100000"
        ],
        [
          "00000110110110111110000",
          "10000110110110111100000"
        ]
      ],
      "c8_new": [
        [
          "00100100110110111110000",
          "10100100110010111110000"
        ],
        [
          "00100110110010111110000",
          "10100110110010111100000"
        ],
        [
          "00100110110110111100000",
          "10000110110110111100000"
        ],
        [
          "00000110110110111110000",
          "10000100110110111110000"
        ]
      ],
      "c8_old": [
        [
          "00100100110110111110000",
          "10000100110110111110000"
        ],
        [
          "00100110110010111110000",
          "10100100110010111110000"
        ],
        [
          "00100110110110111100000",
          "10100110110010111100000"
        ],
        [
          "00000110110110111110000",
          "10000110110110111100000"
        ]
      ],
      "context_orientation": [
        "10000100110110111110000",
        "00100100110110111110000"
      ],
      "fixed_path_reports": [
        [
          {
            "cut_index": 0,
            "endpoint": "00100110110110111100000",
            "join_neighbor": "10000110110110111100000",
            "join_support": "10100000000000000000000",
            "resolved": false
          },
          {
            "cut_index": 0,
            "endpoint": "10100110110010111100000",
            "join_neighbor": "00100110110010111110000",
            "join_support": "10000000000000000010000",
            "lower_q2_equal": false,
            "one": "00110010110010111110000",
            "q2": [
              [
                "00100010110010111100000",
                "10110110110010111110000"
              ],
              [
                "00000010110010111110000",
                "01110110110010111110000"
              ]
            ],
            "repeated": "00000000000000000000000",
            "resident": true,
            "resolved": true,
            "supports": [
              "10000000000000000010000",
              "00010100000000000000000",
              "01100000000000000000000"
            ],
            "two": "01010010110010111110000",
            "union_size": 6,
            "upper_q2_equal": false
          },
          {
            "cut_index": 1,
            "endpoint": "10000110110110111100000",
            "join_neighbor": "00100110110110111100000",
            "join_support": "10100000000000000000000",
            "resolved": false
          },
          {
            "cut_index": 1,
            "endpoint": "00000110110110111110000",
            "join_neighbor": "10000100110110111110000",
            "join_support": "10000010000000000000000",
            "lower_q2_equal": false,
            "one": "11000100110100111110000",
            "q2": [
              [
                "00000100110100111110000",
                "11000110110110111110000"
              ],
              [
                "10000100110000111110000",
                "11000100111110111110000"
              ]
            ],
            "repeated": "00000000000000000000000",
            "resident": true,
            "resolved": true,
            "supports": [
              "10000010000000000000000",
              "01000000000010000000000",
              "00000000001100000000000"
            ],
            "two": "11000100111000111110000",
            "union_size": 6,
            "upper_q2_equal": false
          },
          {
            "cut_index": 2,
            "endpoint": "10100110110001101110000",
            "join_neighbor": "10100110110010101110000",
            "join_support": "00000000000011000000000",
            "lower_q2_equal": false,
            "one": "11000110110010101110000",
            "q2": [
              [
                "10000110110000101110000",
                "11100110110011101110000"
              ],
              [
                "10000010110010101110000",
                "11110110110010101110000"
              ]
            ],
            "repeated": "00000000000000000000000",
            "resident": true,
            "resolved": true,
            "supports": [
              "00000000000011000000000",
              "01100000000000000000000",
              "00010100000000000000000"
            ],
            "two": "11010010110010101110000",
            "union_size": 6,
            "upper_q2_equal": false
          },
          {
            "cut_index": 2,
            "endpoint": "10100110110100101110000",
            "join_neighbor": "00100110110101101110000",
            "join_support": "10000000000001000000000",
            "lower_q2_equal": false,
            "one": "00100110110101011110000",
            "q2": [
              [
                "00100110110100001110000",
                "10100110110101111110000"
              ],
              [
                "00100110110101001010000",
                "00100110110101111110010"
              ]
            ],
            "repeated": "00000000000000000000000",
            "resident": true,
            "resolved": true,
            "supports": [
              "10000000000001000000000",
              "00000000000000110000000",
              "00000000000000000100010"
            ],
            "two": "00100110110101011010010",
            "union_size": 6,
            "upper_q2_equal": false
          },
          {
            "cut_index": 3,
            "endpoint": "10100100110011011110000",
            "join_neighbor": "10100100110011101110000",
            "join_support": "00000000000000110000000",
            "lower_q2_equal": false,
            "one": "11000100110011101110000",
            "q2": [
              [
                "10000100110011001110000",
                "11100100110011111110000"
              ],
              [
                "10000000110011101110000",
                "11110100110011101110000"
              ]
            ],
            "repeated": "00000000000000000000000",
            "resident": true,
            "resolved": true,
            "supports": [
              "00000000000000110000000",
              "01100000000000000000000",
              "00010100000000000000000"
            ],
            "two": "11010000110011101110000",
            "union_size": 6,
            "upper_q2_equal": false
          },
          {
            "cut_index": 3,
            "endpoint": "10100100110111001110000",
            "join_neighbor": "00100100110111011110000",
            "join_support": "10000000000000010000000",
            "lower_q2_equal": false,
            "one": "00100100110111011010010",
            "q2": [
              [
                "00100100110111001010000",
                "10100100110111011110010"
              ],
              [
                "00100100110111011000000",
                "00100100110111011111010"
              ]
            ],
            "repeated": "00000000000000000000000",
            "resident": true,
            "resolved": true,
            "supports": [
              "10000000000000010000000",
              "00000000000000000100010",
              "00000000000000000011000"
            ],
            "two": "00100100110111011001010",
            "union_size": 6,
            "upper_q2_equal": false
          }
        ],
        [
          {
            "cut_index": 0,
            "endpoint": "00100110110110111100000",
            "join_neighbor": "10000110110110111100000",
            "join_support": "10100000000000000000000",
            "resolved": false
          },
          {
            "cut_index": 0,
            "endpoint": "10100110110010111100000",
            "join_neighbor": "00100110110010111110000",
            "join_support": "10000000000000000010000",
            "lower_q2_equal": false,
            "one": "00110010110010111110000",
            "q2": [
              [
                "00100010110010111100000",
                "10110110110010111110000"
              ],
              [
                "00000010110010111110000",
                "01110110110010111110000"
              ]
            ],
            "repeated": "00000000000000000000000",
            "resident": true,
            "resolved": true,
            "supports": [
              "10000000000000000010000",
              "00010100000000000000000",
              "01100000000000000000000"
            ],
            "two": "01010010110010111110000",
            "union_size": 6,
            "upper_q2_equal": false
          },
          {
            "cut_index": 1,
            "endpoint": "10000110110110111100000",
            "join_neighbor": "00100110110110111100000",
            "join_support": "10100000000000000000000",
            "resolved": false
          },
          {
            "cut_index": 1,
            "endpoint": "00000110110110111110000",
            "join_neighbor": "10000100110110111110000",
            "join_support": "10000010000000000000000",
            "lower_q2_equal": false,
            "one": "11000100110100111110000",
            "q2": [
              [
                "00000100110100111110000",
                "11000110110110111110000"
              ],
              [
                "10000100110000111110000",
                "11000100111110111110000"
              ]
            ],
            "repeated": "00000000000000000000000",
            "resident": true,
            "resolved": true,
            "supports": [
              "10000010000000000000000",
              "01000000000010000000000",
              "00000000001100000000000"
            ],
            "two": "11000100111000111110000",
            "union_size": 6,
            "upper_q2_equal": false
          },
          {
            "cut_index": 2,
            "endpoint": "10100110110001101110000",
            "join_neighbor": "10100110110010101110000",
            "join_support": "00000000000011000000000",
            "lower_q2_equal": false,
            "one": "11000110110010101110000",
            "q2": [
              [
                "10000110110000101110000",
                "11100110110011101110000"
              ],
              [
                "10000010110010101110000",
                "11110110110010101110000"
              ]
            ],
            "repeated": "00000000000000000000000",
            "resident": true,
            "resolved": true,
            "supports": [
              "00000000000011000000000",
              "01100000000000000000000",
              "00010100000000000000000"
            ],
            "two": "11010010110010101110000",
            "union_size": 6,
            "upper_q2_equal": false
          },
          {
            "cut_index": 2,
            "endpoint": "10100110110100101110000",
            "join_neighbor": "00100110110101101110000",
            "join_support": "10000000000001000000000",
            "lower_q2_equal": false,
            "one": "00100110110101011110000",
            "q2": [
              [
                "00100110110100001110000",
                "10100110110101111110000"
              ],
              [
                "00100110110101001010000",
                "00100110110101111110010"
              ]
            ],
            "repeated": "00000000000000000000000",
            "resident": true,
            "resolved": true,
            "supports": [
              "10000000000001000000000",
              "00000000000000110000000",
              "00000000000000000100010"
            ],
            "two": "00100110110101011010010",
            "union_size": 6,
            "upper_q2_equal": false
          },
          {
            "cut_index": 3,
            "endpoint": "10100100110011011110000",
            "join_neighbor": "10100100110011101110000",
            "join_support": "00000000000000110000000",
            "lower_q2_equal": false,
            "one": "11000100110011101110000",
            "q2": [
              [
                "10000100110011001110000",
                "11100100110011111110000"
              ],
              [
                "10000000110011101110000",
                "11110100110011101110000"
              ]
            ],
            "repeated": "00000000000000000000000",
            "resident": true,
            "resolved": true,
            "supports": [
              "00000000000000110000000",
              "01100000000000000000000",
              "00010100000000000000000"
            ],
            "two": "11010000110011101110000",
            "union_size": 6,
            "upper_q2_equal": false
          },
          {
            "cut_index": 3,
            "endpoint": "10100100110111001110000",
            "join_neighbor": "00100100110111011110000",
            "join_support": "10000000000000010000000",
            "lower_q2_equal": false,
            "one": "00100100110111011010010",
            "q2": [
              [
                "00100100110111001010000",
                "10100100110111011110010"
              ],
              [
                "00100100110111011000000",
                "00100100110111011111010"
              ]
            ],
            "repeated": "00000000000000000000000",
            "resident": true,
            "resolved": true,
            "supports": [
              "10000000000000010000000",
              "00000000000000000100010",
              "00000000000000000011000"
            ],
            "two": "00100100110111011001010",
            "union_size": 6,
            "upper_q2_equal": false
          }
        ]
      ],
      "internal_q2_count": [
        30,
        30
      ],
      "internal_q2_lower_delta": {},
      "internal_q2_upper_delta": {},
      "other_roles": [
        {
          "active": 6,
          "auxiliary_edge": [
            "10100110110001101110000",
            "10100110110100101110000"
          ],
          "collar": {
            "a": [
              "00100110110110101110000",
              "10100110110100101110000",
              "10100110110010101110000"
            ],
            "active": [
              11,
              0,
              12
            ],
            "b": [
              "00100110110101101110000",
              "10100110110001101110000",
              "00100110110011101110000"
            ],
            "core": "00100110110000101110000",
            "new": [
              [
                "00100110110011101110000",
                "00100110110110101110000"
              ],
              [
                "00100110110101101110000",
                "10100110110100101110000"
              ],
              [
                "10100110110001101110000",
                "10100110110010101110000"
              ]
            ],
            "old": [
              [
                "00100110110101101110000",
                "00100110110110101110000"
              ],
              [
                "10100110110001101110000",
                "10100110110100101110000"
              ],
              [
                "00100110110011101110000",
                "10100110110010101110000"
              ]
            ],
            "seam_y": 13
          },
          "h": "00100100110010101110000",
          "next_active": 13,
          "p": "00100110110011101110000",
          "q": "10100110110010101110000",
          "router_edge": [
            "00100110110011101110000",
            "10100110110010101110000"
          ],
          "z": 0
        },
        {
          "active": 13,
          "auxiliary_edge": [
            "10100100110011011110000",
            "10100100110111001110000"
          ],
          "collar": {
            "a": [
              "00100100110111101110000",
              "10100100110111001110000",
              "10100100110011101110000"
            ],
            "active": [
              11,
              0,
              14
            ],
            "b": [
              "00100100110111011110000",
              "10100100110011011110000",
              "00100100110011111110000"
            ],
            "core": "00100100110011001110000",
            "new": [
              [
                "00100100110011111110000",
                "00100100110111101110000"
              ],
              [
                "00100100110111011110000",
                "10100100110111001110000"
              ],
              [
                "10100100110011011110000",
                "10100100110011101110000"
              ]
            ],
            "old": [
              [
                "00100100110111011110000",
                "00100100110111101110000"
              ],
              [
                "10100100110011011110000",
                "10100100110111001110000"
              ],
              [
                "00100100110011111110000",
                "10100100110011101110000"
              ]
            ],
            "seam_y": 15
          },
          "h": "00100100110010101110000",
          "next_active": 15,
          "p": "00100100110011111110000",
          "q": "10100100110011101110000",
          "router_edge": [
            "00100100110011111110000",
            "10100100110011101110000"
          ],
          "z": 0
        }
      ],
      "router_cuts": [
        [
          "00100110110010111110000",
          "10100100110010111110000"
        ],
        [
          "00100100110011111110000",
          "10100100110011101110000"
        ],
        [
          "00100110110011101110000",
          "10100110110010101110000"
        ]
      ],
      "router_cycles": [
        [
          "11010010110010101110000",
          "01010010110011101110000",
          "00110010110011101110000",
          "00100110110011101110000",
          "10100110110010101110000",
          "11000110110010101110000"
        ],
        [
          "11010000110011101110000",
          "01010000110011111110000",
          "00110000110011111110000",
          "00100100110011111110000",
          "10100100110011101110000",
          "11000100110011101110000"
        ],
        [
          "11010000110010111110000",
          "01010010110010111110000",
          "00110010110010111110000",
          "00100110110010111110000",
          "10100100110010111110000",
          "11000100110010111110000"
        ]
      ],
      "router_orientation": [
        "10100100110010111110000",
        "00100110110010111110000"
      ],
      "token_permutation": [
        2,
        1,
        0
      ],
      "token_zero_port": 2,
      "witness_index": 15
    },
    {
      "after_edges": [
        [
          [
            "00100110110010111110000",
            "10100110010010111110000"
          ],
          [
            "01010010110011101110000",
            "11010010110010101110000"
          ],
          [
            "00100110110011101110000",
            "00110010110011101110000"
          ],
          [
            "11000100110010111110000",
            "11010000110010111110000"
          ],
          [
            "00110010110011101110000",
            "01010010110011101110000"
          ],
          [
            "01010010110010111110000",
            "11010000110010111110000"
          ],
          [
            "10100100110011101110000",
            "11000100110011101110000"
          ],
          [
            "00110000110011111110000",
            "01010000110011111110000"
          ],
          [
            "00100110010110111110000",
            "10000110010110111110000"
          ],
          [
            "00110010110010111110000",
            "01010010110010111110000"
          ],
          [
            "00100110110101101110000",
            "10100110110100101110000"
          ],
          [
            "01010000110011111110000",
            "11010000110011101110000"
          ],
          [
            "11000100110011101110000",
            "11010000110011101110000"
          ],
          [
            "00100100110011111110000",
            "00110000110011111110000"
          ],
          [
            "10100100110010111110000",
            "11000100110010111110000"
          ],
          [
            "10100100110011011110000",
            "10100100110011101110000"
          ],
          [
            "00000110110110111110000",
            "10000100110110111110000"
          ],
          [
            "10100110110001101110000",
            "10100110110010101110000"
          ],
          [
            "00100110110010111110000",
            "00110010110010111110000"
          ],
          [
            "00100110110011101110000",
            "00100110110110101110000"
          ],
          [
            "00100100110011111110000",
            "00100100110111101110000"
          ],
          [
            "00100100110110111110000",
            "10100100110010111110000"
          ],
          [
            "11000110110010101110000",
            "11010010110010101110000"
          ],
          [
            "00100100110111011110000",
            "10100100110111001110000"
          ],
          [
            "10100110110010101110000",
            "11000110110010101110000"
          ]
        ],
        [
          [
            "00100110110010111110000",
            "10100110010010111110000"
          ],
          [
            "01010000110011111110000",
            "11010000110010111110000"
          ],
          [
            "00100110110011101110000",
            "00110010110011101110000"
          ],
          [
            "11000100110010111110000",
            "11010000110010111110000"
          ],
          [
            "00110010110011101110000",
            "01010010110011101110000"
          ],
          [
            "10100100110011101110000",
            "11000100110011101110000"
          ],
          [
            "00110000110011111110000",
            "01010000110011111110000"
          ],
          [
            "00100110010110111110000",
            "10000110010110111110000"
          ],
          [
            "00110010110010111110000",
            "01010010110010111110000"
          ],
          [
            "01010010110010111110000",
            "11010010110010101110000"
          ],
          [
            "01010010110011101110000",
            "11010000110011101110000"
          ],
          [
            "00100110110101101110000",
            "10100110110100101110000"
          ],
          [
            "11000100110011101110000",
            "11010000110011101110000"
          ],
          [
            "00100100110011111110000",
            "00110000110011111110000"
          ],
          [
            "10100100110010111110000",
            "11000100110010111110000"
          ],
          [
            "10100100110011011110000",
            "10100100110011101110000"
          ],
          [
            "00000110110110111110000",
            "10000100110110111110000"
          ],
          [
            "10100110110001101110000",
            "10100110110010101110000"
          ],
          [
            "00100110110010111110000",
            "00110010110010111110000"
          ],
          [
            "00100110110011101110000",
            "00100110110110101110000"
          ],
          [
            "00100100110011111110000",
            "00100100110111101110000"
          ],
          [
            "00100100110110111110000",
            "10100100110010111110000"
          ],
          [
            "11000110110010101110000",
            "11010010110010101110000"
          ],
          [
            "00100100110111011110000",
            "10100100110111001110000"
          ],
          [
            "10100110110010101110000",
            "11000110110010101110000"
          ]
        ]
      ],
      "all_auxiliary_edges": [
        [
          "00100110010110111110000",
          "10100110010010111110000"
        ],
        [
          "00000110110110111110000",
          "10000110010110111110000"
        ],
        [
          "10100110110001101110000",
          "10100110110100101110000"
        ],
        [
          "10100100110011011110000",
          "10100100110111001110000"
        ]
      ],
      "before_edges": [
        [
          [
            "00100110010110111110000",
            "10100110010010111110000"
          ],
          [
            "00100100110110111110000",
            "10000100110110111110000"
          ],
          [
            "01010010110011101110000",
            "11010010110010101110000"
          ],
          [
            "00100110110010111110000",
            "10100100110010111110000"
          ],
          [
            "00100110110011101110000",
            "00110010110011101110000"
          ],
          [
            "00000110110110111110000",
            "10000110010110111110000"
          ],
          [
            "11000100110010111110000",
            "11010000110010111110000"
          ],
          [
            "00110010110011101110000",
            "01010010110011101110000"
          ],
          [
            "01010010110010111110000",
            "11010000110010111110000"
          ],
          [
            "10100100110011101110000",
            "11000100110011101110000"
          ],
          [
            "00110000110011111110000",
            "01010000110011111110000"
          ],
          [
            "00110010110010111110000",
            "01010010110010111110000"
          ],
          [
            "00100110110011101110000",
            "10100110110010101110000"
          ],
          [
            "01010000110011111110000",
            "11010000110011101110000"
          ],
          [
            "11000100110011101110000",
            "11010000110011101110000"
          ],
          [
            "00100100110011111110000",
            "00110000110011111110000"
          ],
          [
            "10100100110010111110000",
            "11000100110010111110000"
          ],
          [
            "10100110110001101110000",
            "10100110110100101110000"
          ],
          [
            "00100100110011111110000",
            "10100100110011101110000"
          ],
          [
            "00100110110010111110000",
            "00110010110010111110000"
          ],
          [
            "10100100110011011110000",
            "10100100110111001110000"
          ],
          [
            "11000110110010101110000",
            "11010010110010101110000"
          ],
          [
            "00100100110111011110000",
            "00100100110111101110000"
          ],
          [
            "10100110110010101110000",
            "11000110110010101110000"
          ],
          [
            "00100110110101101110000",
            "00100110110110101110000"
          ]
        ],
        [
          [
            "00100110010110111110000",
            "10100110010010111110000"
          ],
          [
            "00100100110110111110000",
            "10000100110110111110000"
          ],
          [
            "00100110110010111110000",
            "10100100110010111110000"
          ],
          [
            "01010000110011111110000",
            "11010000110010111110000"
          ],
          [
            "00100110110011101110000",
            "00110010110011101110000"
          ],
          [
            "00000110110110111110000",
            "10000110010110111110000"
          ],
          [
            "11000100110010111110000",
            "11010000110010111110000"
          ],
          [
            "00110010110011101110000",
            "01010010110011101110000"
          ],
          [
            "10100100110011101110000",
            "11000100110011101110000"
          ],
          [
            "00110000110011111110000",
            "01010000110011111110000"
          ],
          [
            "01010010110010111110000",
            "11010010110010101110000"
          ],
          [
            "00110010110010111110000",
            "01010010110010111110000"
          ],
          [
            "01010010110011101110000",
            "11010000110011101110000"
          ],
          [
            "00100110110011101110000",
            "10100110110010101110000"
          ],
          [
            "11000100110011101110000",
            "11010000110011101110000"
          ],
          [
            "10100110110001101110000",
            "10100110110100101110000"
          ],
          [
            "00100100110011111110000",
            "00110000110011111110000"
          ],
          [
            "10100100110010111110000",
            "11000100110010111110000"
          ],
          [
            "00100100110011111110000",
            "10100100110011101110000"
          ],
          [
            "00100110110010111110000",
            "00110010110010111110000"
          ],
          [
            "10100100110011011110000",
            "10100100110111001110000"
          ],
          [
            "11000110110010101110000",
            "11010010110010101110000"
          ],
          [
            "00100100110111011110000",
            "00100100110111101110000"
          ],
          [
            "10100110110010101110000",
            "11000110110010101110000"
          ],
          [
            "00100110110101101110000",
            "00100110110110101110000"
          ]
        ]
      ],
      "c8_auxiliary_edges": [
        [
          "00100110010110111110000",
          "10100110010010111110000"
        ],
        [
          "00000110110110111110000",
          "10000110010110111110000"
        ]
      ],
      "c8_new": [
        [
          "00100100110110111110000",
          "10100100110010111110000"
        ],
        [
          "00100110110010111110000",
          "10100110010010111110000"
        ],
        [
          "00100110010110111110000",
          "10000110010110111110000"
        ],
        [
          "00000110110110111110000",
          "10000100110110111110000"
        ]
      ],
      "c8_old": [
        [
          "00100100110110111110000",
          "10000100110110111110000"
        ],
        [
          "00100110110010111110000",
          "10100100110010111110000"
        ],
        [
          "00100110010110111110000",
          "10100110010010111110000"
        ],
        [
          "00000110110110111110000",
          "10000110010110111110000"
        ]
      ],
      "context_orientation": [
        "10000100110110111110000",
        "00100100110110111110000"
      ],
      "fixed_path_reports": [
        [
          {
            "cut_index": 0,
            "endpoint": "00100110010110111110000",
            "join_neighbor": "10000110010110111110000",
            "join_support": "10100000000000000000000",
            "resolved": false
          },
          {
            "cut_index": 0,
            "endpoint": "10100110010010111110000",
            "join_neighbor": "00100110110010111110000",
            "join_support": "10000000100000000000000",
            "lower_q2_equal": false,
            "one": "00110010110010111110000",
            "q2": [
              [
                "00100010010010111110000",
                "10110110110010111110000"
              ],
              [
                "00000010110010111110000",
                "01110110110010111110000"
              ]
            ],
            "repeated": "00000000000000000000000",
            "resident": true,
            "resolved": true,
            "supports": [
              "10000000100000000000000",
              "00010100000000000000000",
              "01100000000000000000000"
            ],
            "two": "01010010110010111110000",
            "union_size": 6,
            "upper_q2_equal": false
          },
          {
            "cut_index": 1,
            "endpoint": "10000110010110111110000",
            "join_neighbor": "00100110010110111110000",
            "join_support": "10100000000000000000000",
            "resolved": false
          },
          {
            "cut_index": 1,
            "endpoint": "00000110110110111110000",
            "join_neighbor": "10000100110110111110000",
            "join_support": "10000010000000000000000",
            "lower_q2_equal": false,
            "one": "11000100110100111110000",
            "q2": [
              [
                "00000100110100111110000",
                "11000110110110111110000"
              ],
              [
                "10000100110000111110000",
                "11000100111110111110000"
              ]
            ],
            "repeated": "00000000000000000000000",
            "resident": true,
            "resolved": true,
            "supports": [
              "10000010000000000000000",
              "01000000000010000000000",
              "00000000001100000000000"
            ],
            "two": "11000100111000111110000",
            "union_size": 6,
            "upper_q2_equal": false
          },
          {
            "cut_index": 2,
            "endpoint": "10100110110001101110000",
            "join_neighbor": "10100110110010101110000",
            "join_support": "00000000000011000000000",
            "lower_q2_equal": false,
            "one": "11000110110010101110000",
            "q2": [
              [
                "10000110110000101110000",
                "11100110110011101110000"
              ],
              [
                "10000010110010101110000",
                "11110110110010101110000"
              ]
            ],
            "repeated": "00000000000000000000000",
            "resident": true,
            "resolved": true,
            "supports": [
              "00000000000011000000000",
              "01100000000000000000000",
              "00010100000000000000000"
            ],
            "two": "11010010110010101110000",
            "union_size": 6,
            "upper_q2_equal": false
          },
          {
            "cut_index": 2,
            "endpoint": "10100110110100101110000",
            "join_neighbor": "00100110110101101110000",
            "join_support": "10000000000001000000000",
            "lower_q2_equal": false,
            "one": "00100110110101011110000",
            "q2": [
              [
                "00100110110100001110000",
                "10100110110101111110000"
              ],
              [
                "00100110110101001010000",
                "00100110110101111110010"
              ]
            ],
            "repeated": "00000000000000000000000",
            "resident": true,
            "resolved": true,
            "supports": [
              "10000000000001000000000",
              "00000000000000110000000",
              "00000000000000000100010"
            ],
            "two": "00100110110101011010010",
            "union_size": 6,
            "upper_q2_equal": false
          },
          {
            "cut_index": 3,
            "endpoint": "10100100110011011110000",
            "join_neighbor": "10100100110011101110000",
            "join_support": "00000000000000110000000",
            "lower_q2_equal": false,
            "one": "11000100110011101110000",
            "q2": [
              [
                "10000100110011001110000",
                "11100100110011111110000"
              ],
              [
                "10000000110011101110000",
                "11110100110011101110000"
              ]
            ],
            "repeated": "00000000000000000000000",
            "resident": true,
            "resolved": true,
            "supports": [
              "00000000000000110000000",
              "01100000000000000000000",
              "00010100000000000000000"
            ],
            "two": "11010000110011101110000",
            "union_size": 6,
            "upper_q2_equal": false
          },
          {
            "cut_index": 3,
            "endpoint": "10100100110111001110000",
            "join_neighbor": "00100100110111011110000",
            "join_support": "10000000000000010000000",
            "lower_q2_equal": false,
            "one": "00100100110111011010010",
            "q2": [
              [
                "00100100110111001010000",
                "10100100110111011110010"
              ],
              [
                "00100100110111011000000",
                "00100100110111011111010"
              ]
            ],
            "repeated": "00000000000000000000000",
            "resident": true,
            "resolved": true,
            "supports": [
              "10000000000000010000000",
              "00000000000000000100010",
              "00000000000000000011000"
            ],
            "two": "00100100110111011001010",
            "union_size": 6,
            "upper_q2_equal": false
          }
        ],
        [
          {
            "cut_index": 0,
            "endpoint": "00100110010110111110000",
            "join_neighbor": "10000110010110111110000",
            "join_support": "10100000000000000000000",
            "resolved": false
          },
          {
            "cut_index": 0,
            "endpoint": "10100110010010111110000",
            "join_neighbor": "00100110110010111110000",
            "join_support": "10000000100000000000000",
            "lower_q2_equal": false,
            "one": "00110010110010111110000",
            "q2": [
              [
                "00100010010010111110000",
                "10110110110010111110000"
              ],
              [
                "00000010110010111110000",
                "01110110110010111110000"
              ]
            ],
            "repeated": "00000000000000000000000",
            "resident": true,
            "resolved": true,
            "supports": [
              "10000000100000000000000",
              "00010100000000000000000",
              "01100000000000000000000"
            ],
            "two": "01010010110010111110000",
            "union_size": 6,
            "upper_q2_equal": false
          },
          {
            "cut_index": 1,
            "endpoint": "10000110010110111110000",
            "join_neighbor": "00100110010110111110000",
            "join_support": "10100000000000000000000",
            "resolved": false
          },
          {
            "cut_index": 1,
            "endpoint": "00000110110110111110000",
            "join_neighbor": "10000100110110111110000",
            "join_support": "10000010000000000000000",
            "lower_q2_equal": false,
            "one": "11000100110100111110000",
            "q2": [
              [
                "00000100110100111110000",
                "11000110110110111110000"
              ],
              [
                "10000100110000111110000",
                "11000100111110111110000"
              ]
            ],
            "repeated": "00000000000000000000000",
            "resident": true,
            "resolved": true,
            "supports": [
              "10000010000000000000000",
              "01000000000010000000000",
              "00000000001100000000000"
            ],
            "two": "11000100111000111110000",
            "union_size": 6,
            "upper_q2_equal": false
          },
          {
            "cut_index": 2,
            "endpoint": "10100110110001101110000",
            "join_neighbor": "10100110110010101110000",
            "join_support": "00000000000011000000000",
            "lower_q2_equal": false,
            "one": "11000110110010101110000",
            "q2": [
              [
                "10000110110000101110000",
                "11100110110011101110000"
              ],
              [
                "10000010110010101110000",
                "11110110110010101110000"
              ]
            ],
            "repeated": "00000000000000000000000",
            "resident": true,
            "resolved": true,
            "supports": [
              "00000000000011000000000",
              "01100000000000000000000",
              "00010100000000000000000"
            ],
            "two": "11010010110010101110000",
            "union_size": 6,
            "upper_q2_equal": false
          },
          {
            "cut_index": 2,
            "endpoint": "10100110110100101110000",
            "join_neighbor": "00100110110101101110000",
            "join_support": "10000000000001000000000",
            "lower_q2_equal": false,
            "one": "00100110110101011110000",
            "q2": [
              [
                "00100110110100001110000",
                "10100110110101111110000"
              ],
              [
                "00100110110101001010000",
                "00100110110101111110010"
              ]
            ],
            "repeated": "00000000000000000000000",
            "resident": true,
            "resolved": true,
            "supports": [
              "10000000000001000000000",
              "00000000000000110000000",
              "00000000000000000100010"
            ],
            "two": "00100110110101011010010",
            "union_size": 6,
            "upper_q2_equal": false
          },
          {
            "cut_index": 3,
            "endpoint": "10100100110011011110000",
            "join_neighbor": "10100100110011101110000",
            "join_support": "00000000000000110000000",
            "lower_q2_equal": false,
            "one": "11000100110011101110000",
            "q2": [
              [
                "10000100110011001110000",
                "11100100110011111110000"
              ],
              [
                "10000000110011101110000",
                "11110100110011101110000"
              ]
            ],
            "repeated": "00000000000000000000000",
            "resident": true,
            "resolved": true,
            "supports": [
              "00000000000000110000000",
              "01100000000000000000000",
              "00010100000000000000000"
            ],
            "two": "11010000110011101110000",
            "union_size": 6,
            "upper_q2_equal": false
          },
          {
            "cut_index": 3,
            "endpoint": "10100100110111001110000",
            "join_neighbor": "00100100110111011110000",
            "join_support": "10000000000000010000000",
            "lower_q2_equal": false,
            "one": "00100100110111011010010",
            "q2": [
              [
                "00100100110111001010000",
                "10100100110111011110010"
              ],
              [
                "00100100110111011000000",
                "00100100110111011111010"
              ]
            ],
            "repeated": "00000000000000000000000",
            "resident": true,
            "resolved": true,
            "supports": [
              "10000000000000010000000",
              "00000000000000000100010",
              "00000000000000000011000"
            ],
            "two": "00100100110111011001010",
            "union_size": 6,
            "upper_q2_equal": false
          }
        ]
      ],
      "internal_q2_count": [
        30,
        30
      ],
      "internal_q2_lower_delta": {},
      "internal_q2_upper_delta": {},
      "other_roles": [
        {
          "active": 6,
          "auxiliary_edge": [
            "10100110110001101110000",
            "10100110110100101110000"
          ],
          "collar": {
            "a": [
              "00100110110110101110000",
              "10100110110100101110000",
              "10100110110010101110000"
            ],
            "active": [
              11,
              0,
              12
            ],
            "b": [
              "00100110110101101110000",
              "10100110110001101110000",
              "00100110110011101110000"
            ],
            "core": "00100110110000101110000",
            "new": [
              [
                "00100110110011101110000",
                "00100110110110101110000"
              ],
              [
                "00100110110101101110000",
                "10100110110100101110000"
              ],
              [
                "10100110110001101110000",
                "10100110110010101110000"
              ]
            ],
            "old": [
              [
                "00100110110101101110000",
                "00100110110110101110000"
              ],
              [
                "10100110110001101110000",
                "10100110110100101110000"
              ],
              [
                "00100110110011101110000",
                "10100110110010101110000"
              ]
            ],
            "seam_y": 13
          },
          "h": "00100100110010101110000",
          "next_active": 13,
          "p": "00100110110011101110000",
          "q": "10100110110010101110000",
          "router_edge": [
            "00100110110011101110000",
            "10100110110010101110000"
          ],
          "z": 0
        },
        {
          "active": 13,
          "auxiliary_edge": [
            "10100100110011011110000",
            "10100100110111001110000"
          ],
          "collar": {
            "a": [
              "00100100110111101110000",
              "10100100110111001110000",
              "10100100110011101110000"
            ],
            "active": [
              11,
              0,
              14
            ],
            "b": [
              "00100100110111011110000",
              "10100100110011011110000",
              "00100100110011111110000"
            ],
            "core": "00100100110011001110000",
            "new": [
              [
                "00100100110011111110000",
                "00100100110111101110000"
              ],
              [
                "00100100110111011110000",
                "10100100110111001110000"
              ],
              [
                "10100100110011011110000",
                "10100100110011101110000"
              ]
            ],
            "old": [
              [
                "00100100110111011110000",
                "00100100110111101110000"
              ],
              [
                "10100100110011011110000",
                "10100100110111001110000"
              ],
              [
                "00100100110011111110000",
                "10100100110011101110000"
              ]
            ],
            "seam_y": 15
          },
          "h": "00100100110010101110000",
          "next_active": 15,
          "p": "00100100110011111110000",
          "q": "10100100110011101110000",
          "router_edge": [
            "00100100110011111110000",
            "10100100110011101110000"
          ],
          "z": 0
        }
      ],
      "router_cuts": [
        [
          "00100110110010111110000",
          "10100100110010111110000"
        ],
        [
          "00100100110011111110000",
          "10100100110011101110000"
        ],
        [
          "00100110110011101110000",
          "10100110110010101110000"
        ]
      ],
      "router_cycles": [
        [
          "11010010110010101110000",
          "01010010110011101110000",
          "00110010110011101110000",
          "00100110110011101110000",
          "10100110110010101110000",
          "11000110110010101110000"
        ],
        [
          "11010000110011101110000",
          "01010000110011111110000",
          "00110000110011111110000",
          "00100100110011111110000",
          "10100100110011101110000",
          "11000100110011101110000"
        ],
        [
          "11010000110010111110000",
          "01010010110010111110000",
          "00110010110010111110000",
          "00100110110010111110000",
          "10100100110010111110000",
          "11000100110010111110000"
        ]
      ],
      "router_orientation": [
        "10100100110010111110000",
        "00100110110010111110000"
      ],
      "token_permutation": [
        2,
        1,
        0
      ],
      "token_zero_port": 2,
      "witness_index": 15
    },
    {
      "after_edges": [
        [
          [
            "01010010110011101110000",
            "11010010110010101110000"
          ],
          [
            "00100110110011101110000",
            "00110010110011101110000"
          ],
          [
            "11000100110010111110000",
            "11010000110010111110000"
          ],
          [
            "00110010110011101110000",
            "01010010110011101110000"
          ],
          [
            "01010010110010111110000",
            "11010000110010111110000"
          ],
          [
            "10100100110011101110000",
            "11000100110011101110000"
          ],
          [
            "00110000110011111110000",
            "01010000110011111110000"
          ],
          [
            "00110010110010111110000",
            "01010010110010111110000"
          ],
          [
            "00100110110101101110000",
            "10100110110100101110000"
          ],
          [
            "01010000110011111110000",
            "11010000110011101110000"
          ],
          [
            "11000100110011101110000",
            "11010000110011101110000"
          ],
          [
            "00100100110011111110000",
            "00110000110011111110000"
          ],
          [
            "10100100110010111110000",
            "11000100110010111110000"
          ],
          [
            "10100100110011011110000",
            "10100100110011101110000"
          ],
          [
            "00000110110110111110000",
            "10000100110110111110000"
          ],
          [
            "10100110110001101110000",
            "10100110110010101110000"
          ],
          [
            "00100110110010111110000",
            "00110010110010111110000"
          ],
          [
            "00100110110011101110000",
            "00100110110110101110000"
          ],
          [
            "00100100110011111110000",
            "00100100110111101110000"
          ],
          [
            "00100110110100111110000",
            "10000110110100111110000"
          ],
          [
            "00100100110110111110000",
            "10100100110010111110000"
          ],
          [
            "11000110110010101110000",
            "11010010110010101110000"
          ],
          [
            "00100100110111011110000",
            "10100100110111001110000"
          ],
          [
            "10100110110010101110000",
            "11000110110010101110000"
          ],
          [
            "00100110110010111110000",
            "10100110110000111110000"
          ]
        ],
        [
          [
            "01010000110011111110000",
            "11010000110010111110000"
          ],
          [
            "00100110110011101110000",
            "00110010110011101110000"
          ],
          [
            "11000100110010111110000",
            "11010000110010111110000"
          ],
          [
            "00110010110011101110000",
            "01010010110011101110000"
          ],
          [
            "10100100110011101110000",
            "11000100110011101110000"
          ],
          [
            "00110000110011111110000",
            "01010000110011111110000"
          ],
          [
            "00110010110010111110000",
            "01010010110010111110000"
          ],
          [
            "01010010110010111110000",
            "11010010110010101110000"
          ],
          [
            "01010010110011101110000",
            "11010000110011101110000"
          ],
          [
            "00100110110101101110000",
            "10100110110100101110000"
          ],
          [
            "11000100110011101110000",
            "11010000110011101110000"
          ],
          [
            "00100100110011111110000",
            "00110000110011111110000"
          ],
          [
            "10100100110010111110000",
            "11000100110010111110000"
          ],
          [
            "10100100110011011110000",
            "10100100110011101110000"
          ],
          [
            "00000110110110111110000",
            "10000100110110111110000"
          ],
          [
            "10100110110001101110000",
            "10100110110010101110000"
          ],
          [
            "00100110110010111110000",
            "00110010110010111110000"
          ],
          [
            "00100110110011101110000",
            "00100110110110101110000"
          ],
          [
            "00100100110011111110000",
            "00100100110111101110000"
          ],
          [
            "00100110110100111110000",
            "10000110110100111110000"
          ],
          [
            "00100100110110111110000",
            "10100100110010111110000"
          ],
          [
            "11000110110010101110000",
            "11010010110010101110000"
          ],
          [
            "00100100110111011110000",
            "10100100110111001110000"
          ],
          [
            "10100110110010101110000",
            "11000110110010101110000"
          ],
          [
            "00100110110010111110000",
            "10100110110000111110000"
          ]
        ]
      ],
      "all_auxiliary_edges": [
        [
          "00100110110100111110000",
          "10100110110000111110000"
        ],
        [
          "00000110110110111110000",
          "10000110110100111110000"
        ],
        [
          "10100110110001101110000",
          "10100110110100101110000"
        ],
        [
          "10100100110011011110000",
          "10100100110111001110000"
        ]
      ],
      "before_edges": [
        [
          [
            "00100100110110111110000",
            "10000100110110111110000"
          ],
          [
            "01010010110011101110000",
            "11010010110010101110000"
          ],
          [
            "00100110110010111110000",
            "10100100110010111110000"
          ],
          [
            "00100110110011101110000",
            "00110010110011101110000"
          ],
          [
            "11000100110010111110000",
            "11010000110010111110000"
          ],
          [
            "00110010110011101110000",
            "01010010110011101110000"
          ],
          [
            "01010010110010111110000",
            "11010000110010111110000"
          ],
          [
            "10100100110011101110000",
            "11000100110011101110000"
          ],
          [
            "00100110110100111110000",
            "10100110110000111110000"
          ],
          [
            "00110000110011111110000",
            "01010000110011111110000"
          ],
          [
            "00110010110010111110000",
            "01010010110010111110000"
          ],
          [
            "00100110110011101110000",
            "10100110110010101110000"
          ],
          [
            "01010000110011111110000",
            "11010000110011101110000"
          ],
          [
            "11000100110011101110000",
            "11010000110011101110000"
          ],
          [
            "00100100110011111110000",
            "00110000110011111110000"
          ],
          [
            "10100100110010111110000",
            "11000100110010111110000"
          ],
          [
            "10100110110001101110000",
            "10100110110100101110000"
          ],
          [
            "00100100110011111110000",
            "10100100110011101110000"
          ],
          [
            "00100110110010111110000",
            "00110010110010111110000"
          ],
          [
            "10100100110011011110000",
            "10100100110111001110000"
          ],
          [
            "11000110110010101110000",
            "11010010110010101110000"
          ],
          [
            "00100100110111011110000",
            "00100100110111101110000"
          ],
          [
            "10100110110010101110000",
            "11000110110010101110000"
          ],
          [
            "00000110110110111110000",
            "10000110110100111110000"
          ],
          [
            "00100110110101101110000",
            "00100110110110101110000"
          ]
        ],
        [
          [
            "00100100110110111110000",
            "10000100110110111110000"
          ],
          [
            "00100110110010111110000",
            "10100100110010111110000"
          ],
          [
            "01010000110011111110000",
            "11010000110010111110000"
          ],
          [
            "00100110110011101110000",
            "00110010110011101110000"
          ],
          [
            "11000100110010111110000",
            "11010000110010111110000"
          ],
          [
            "00110010110011101110000",
            "01010010110011101110000"
          ],
          [
            "10100100110011101110000",
            "11000100110011101110000"
          ],
          [
            "00100110110100111110000",
            "10100110110000111110000"
          ],
          [
            "00110000110011111110000",
            "01010000110011111110000"
          ],
          [
            "01010010110010111110000",
            "11010010110010101110000"
          ],
          [
            "00110010110010111110000",
            "01010010110010111110000"
          ],
          [
            "01010010110011101110000",
            "11010000110011101110000"
          ],
          [
            "00100110110011101110000",
            "10100110110010101110000"
          ],
          [
            "11000100110011101110000",
            "11010000110011101110000"
          ],
          [
            "10100110110001101110000",
            "10100110110100101110000"
          ],
          [
            "00100100110011111110000",
            "00110000110011111110000"
          ],
          [
            "10100100110010111110000",
            "11000100110010111110000"
          ],
          [
            "00100100110011111110000",
            "10100100110011101110000"
          ],
          [
            "00100110110010111110000",
            "00110010110010111110000"
          ],
          [
            "10100100110011011110000",
            "10100100110111001110000"
          ],
          [
            "11000110110010101110000",
            "11010010110010101110000"
          ],
          [
            "00100100110111011110000",
            "00100100110111101110000"
          ],
          [
            "10100110110010101110000",
            "11000110110010101110000"
          ],
          [
            "00000110110110111110000",
            "10000110110100111110000"
          ],
          [
            "00100110110101101110000",
            "00100110110110101110000"
          ]
        ]
      ],
      "c8_auxiliary_edges": [
        [
          "00100110110100111110000",
          "10100110110000111110000"
        ],
        [
          "00000110110110111110000",
          "10000110110100111110000"
        ]
      ],
      "c8_new": [
        [
          "00100100110110111110000",
          "10100100110010111110000"
        ],
        [
          "00100110110010111110000",
          "10100110110000111110000"
        ],
        [
          "00100110110100111110000",
          "10000110110100111110000"
        ],
        [
          "00000110110110111110000",
          "10000100110110111110000"
        ]
      ],
      "c8_old": [
        [
          "00100100110110111110000",
          "10000100110110111110000"
        ],
        [
          "00100110110010111110000",
          "10100100110010111110000"
        ],
        [
          "00100110110100111110000",
          "10100110110000111110000"
        ],
        [
          "00000110110110111110000",
          "10000110110100111110000"
        ]
      ],
      "context_orientation": [
        "10000100110110111110000",
        "00100100110110111110000"
      ],
      "fixed_path_reports": [
        [
          {
            "cut_index": 0,
            "endpoint": "00100110110100111110000",
            "join_neighbor": "10000110110100111110000",
            "join_support": "10100000000000000000000",
            "resolved": false
          },
          {
            "cut_index": 0,
            "endpoint": "10100110110000111110000",
            "join_neighbor": "00100110110010111110000",
            "join_support": "10000000000010000000000",
            "lower_q2_equal": false,
            "one": "00110010110010111110000",
            "q2": [
              [
                "00100010110000111110000",
                "10110110110010111110000"
              ],
              [
                "00000010110010111110000",
                "01110110110010111110000"
              ]
            ],
            "repeated": "00000000000000000000000",
            "resident": true,
            "resolved": true,
            "supports": [
              "10000000000010000000000",
              "00010100000000000000000",
              "01100000000000000000000"
            ],
            "two": "01010010110010111110000",
            "union_size": 6,
            "upper_q2_equal": false
          },
          {
            "cut_index": 1,
            "endpoint": "00000110110110111110000",
            "join_neighbor": "10000100110110111110000",
            "join_support": "10000010000000000000000",
            "lower_q2_equal": false,
            "one": "11000100110100111110000",
            "q2": [
              [
                "00000100110100111110000",
                "11000110110110111110000"
              ],
              [
                "10000100110000111110000",
                "11000100111110111110000"
              ]
            ],
            "repeated": "00000000000000000000000",
            "resident": true,
            "resolved": true,
            "supports": [
              "10000010000000000000000",
              "01000000000010000000000",
              "00000000001100000000000"
            ],
            "two": "11000100111000111110000",
            "union_size": 6,
            "upper_q2_equal": false
          },
          {
            "cut_index": 1,
            "endpoint": "10000110110100111110000",
            "join_neighbor": "00100110110100111110000",
            "join_support": "10100000000000000000000",
            "resolved": false
          },
          {
            "cut_index": 2,
            "endpoint": "10100110110001101110000",
            "join_neighbor": "10100110110010101110000",
            "join_support": "00000000000011000000000",
            "lower_q2_equal": false,
            "one": "11000110110010101110000",
            "q2": [
              [
                "10000110110000101110000",
                "11100110110011101110000"
              ],
              [
                "10000010110010101110000",
                "11110110110010101110000"
              ]
            ],
            "repeated": "00000000000000000000000",
            "resident": true,
            "resolved": true,
            "supports": [
              "00000000000011000000000",
              "01100000000000000000000",
              "00010100000000000000000"
            ],
            "two": "11010010110010101110000",
            "union_size": 6,
            "upper_q2_equal": false
          },
          {
            "cut_index": 2,
            "endpoint": "10100110110100101110000",
            "join_neighbor": "00100110110101101110000",
            "join_support": "10000000000001000000000",
            "lower_q2_equal": false,
            "one": "00100110110101011110000",
            "q2": [
              [
                "00100110110100001110000",
                "10100110110101111110000"
              ],
              [
                "00100110110101001010000",
                "00100110110101111110010"
              ]
            ],
            "repeated": "00000000000000000000000",
            "resident": true,
            "resolved": true,
            "supports": [
              "10000000000001000000000",
              "00000000000000110000000",
              "00000000000000000100010"
            ],
            "two": "00100110110101011010010",
            "union_size": 6,
            "upper_q2_equal": false
          },
          {
            "cut_index": 3,
            "endpoint": "10100100110011011110000",
            "join_neighbor": "10100100110011101110000",
            "join_support": "00000000000000110000000",
            "lower_q2_equal": false,
            "one": "11000100110011101110000",
            "q2": [
              [
                "10000100110011001110000",
                "11100100110011111110000"
              ],
              [
                "10000000110011101110000",
                "11110100110011101110000"
              ]
            ],
            "repeated": "00000000000000000000000",
            "resident": true,
            "resolved": true,
            "supports": [
              "00000000000000110000000",
              "01100000000000000000000",
              "00010100000000000000000"
            ],
            "two": "11010000110011101110000",
            "union_size": 6,
            "upper_q2_equal": false
          },
          {
            "cut_index": 3,
            "endpoint": "10100100110111001110000",
            "join_neighbor": "00100100110111011110000",
            "join_support": "10000000000000010000000",
            "lower_q2_equal": false,
            "one": "00100100110111011010010",
            "q2": [
              [
                "00100100110111001010000",
                "10100100110111011110010"
              ],
              [
                "00100100110111011000000",
                "00100100110111011111010"
              ]
            ],
            "repeated": "00000000000000000000000",
            "resident": true,
            "resolved": true,
            "supports": [
              "10000000000000010000000",
              "00000000000000000100010",
              "00000000000000000011000"
            ],
            "two": "00100100110111011001010",
            "union_size": 6,
            "upper_q2_equal": false
          }
        ],
        [
          {
            "cut_index": 0,
            "endpoint": "00100110110100111110000",
            "join_neighbor": "10000110110100111110000",
            "join_support": "10100000000000000000000",
            "resolved": false
          },
          {
            "cut_index": 0,
            "endpoint": "10100110110000111110000",
            "join_neighbor": "00100110110010111110000",
            "join_support": "10000000000010000000000",
            "lower_q2_equal": false,
            "one": "00110010110010111110000",
            "q2": [
              [
                "00100010110000111110000",
                "10110110110010111110000"
              ],
              [
                "00000010110010111110000",
                "01110110110010111110000"
              ]
            ],
            "repeated": "00000000000000000000000",
            "resident": true,
            "resolved": true,
            "supports": [
              "10000000000010000000000",
              "00010100000000000000000",
              "01100000000000000000000"
            ],
            "two": "01010010110010111110000",
            "union_size": 6,
            "upper_q2_equal": false
          },
          {
            "cut_index": 1,
            "endpoint": "00000110110110111110000",
            "join_neighbor": "10000100110110111110000",
            "join_support": "10000010000000000000000",
            "lower_q2_equal": false,
            "one": "11000100110100111110000",
            "q2": [
              [
                "00000100110100111110000",
                "11000110110110111110000"
              ],
              [
                "10000100110000111110000",
                "11000100111110111110000"
              ]
            ],
            "repeated": "00000000000000000000000",
            "resident": true,
            "resolved": true,
            "supports": [
              "10000010000000000000000",
              "01000000000010000000000",
              "00000000001100000000000"
            ],
            "two": "11000100111000111110000",
            "union_size": 6,
            "upper_q2_equal": false
          },
          {
            "cut_index": 1,
            "endpoint": "10000110110100111110000",
            "join_neighbor": "00100110110100111110000",
            "join_support": "10100000000000000000000",
            "resolved": false
          },
          {
            "cut_index": 2,
            "endpoint": "10100110110001101110000",
            "join_neighbor": "10100110110010101110000",
            "join_support": "00000000000011000000000",
            "lower_q2_equal": false,
            "one": "11000110110010101110000",
            "q2": [
              [
                "10000110110000101110000",
                "11100110110011101110000"
              ],
              [
                "10000010110010101110000",
                "11110110110010101110000"
              ]
            ],
            "repeated": "00000000000000000000000",
            "resident": true,
            "resolved": true,
            "supports": [
              "00000000000011000000000",
              "01100000000000000000000",
              "00010100000000000000000"
            ],
            "two": "11010010110010101110000",
            "union_size": 6,
            "upper_q2_equal": false
          },
          {
            "cut_index": 2,
            "endpoint": "10100110110100101110000",
            "join_neighbor": "00100110110101101110000",
            "join_support": "10000000000001000000000",
            "lower_q2_equal": false,
            "one": "00100110110101011110000",
            "q2": [
              [
                "00100110110100001110000",
                "10100110110101111110000"
              ],
              [
                "00100110110101001010000",
                "00100110110101111110010"
              ]
            ],
            "repeated": "00000000000000000000000",
            "resident": true,
            "resolved": true,
            "supports": [
              "10000000000001000000000",
              "00000000000000110000000",
              "00000000000000000100010"
            ],
            "two": "00100110110101011010010",
            "union_size": 6,
            "upper_q2_equal": false
          },
          {
            "cut_index": 3,
            "endpoint": "10100100110011011110000",
            "join_neighbor": "10100100110011101110000",
            "join_support": "00000000000000110000000",
            "lower_q2_equal": false,
            "one": "11000100110011101110000",
            "q2": [
              [
                "10000100110011001110000",
                "11100100110011111110000"
              ],
              [
                "10000000110011101110000",
                "11110100110011101110000"
              ]
            ],
            "repeated": "00000000000000000000000",
            "resident": true,
            "resolved": true,
            "supports": [
              "00000000000000110000000",
              "01100000000000000000000",
              "00010100000000000000000"
            ],
            "two": "11010000110011101110000",
            "union_size": 6,
            "upper_q2_equal": false
          },
          {
            "cut_index": 3,
            "endpoint": "10100100110111001110000",
            "join_neighbor": "00100100110111011110000",
            "join_support": "10000000000000010000000",
            "lower_q2_equal": false,
            "one": "00100100110111011010010",
            "q2": [
              [
                "00100100110111001010000",
                "10100100110111011110010"
              ],
              [
                "00100100110111011000000",
                "00100100110111011111010"
              ]
            ],
            "repeated": "00000000000000000000000",
            "resident": true,
            "resolved": true,
            "supports": [
              "10000000000000010000000",
              "00000000000000000100010",
              "00000000000000000011000"
            ],
            "two": "00100100110111011001010",
            "union_size": 6,
            "upper_q2_equal": false
          }
        ]
      ],
      "internal_q2_count": [
        30,
        30
      ],
      "internal_q2_lower_delta": {},
      "internal_q2_upper_delta": {},
      "other_roles": [
        {
          "active": 6,
          "auxiliary_edge": [
            "10100110110001101110000",
            "10100110110100101110000"
          ],
          "collar": {
            "a": [
              "00100110110110101110000",
              "10100110110100101110000",
              "10100110110010101110000"
            ],
            "active": [
              11,
              0,
              12
            ],
            "b": [
              "00100110110101101110000",
              "10100110110001101110000",
              "00100110110011101110000"
            ],
            "core": "00100110110000101110000",
            "new": [
              [
                "00100110110011101110000",
                "00100110110110101110000"
              ],
              [
                "00100110110101101110000",
                "10100110110100101110000"
              ],
              [
                "10100110110001101110000",
                "10100110110010101110000"
              ]
            ],
            "old": [
              [
                "00100110110101101110000",
                "00100110110110101110000"
              ],
              [
                "10100110110001101110000",
                "10100110110100101110000"
              ],
              [
                "00100110110011101110000",
                "10100110110010101110000"
              ]
            ],
            "seam_y": 13
          },
          "h": "00100100110010101110000",
          "next_active": 13,
          "p": "00100110110011101110000",
          "q": "10100110110010101110000",
          "router_edge": [
            "00100110110011101110000",
            "10100110110010101110000"
          ],
          "z": 0
        },
        {
          "active": 13,
          "auxiliary_edge": [
            "10100100110011011110000",
            "10100100110111001110000"
          ],
          "collar": {
            "a": [
              "00100100110111101110000",
              "10100100110111001110000",
              "10100100110011101110000"
            ],
            "active": [
              11,
              0,
              14
            ],
            "b": [
              "00100100110111011110000",
              "10100100110011011110000",
              "00100100110011111110000"
            ],
            "core": "00100100110011001110000",
            "new": [
              [
                "00100100110011111110000",
                "00100100110111101110000"
              ],
              [
                "00100100110111011110000",
                "10100100110111001110000"
              ],
              [
                "10100100110011011110000",
                "10100100110011101110000"
              ]
            ],
            "old": [
              [
                "00100100110111011110000",
                "00100100110111101110000"
              ],
              [
                "10100100110011011110000",
                "10100100110111001110000"
              ],
              [
                "00100100110011111110000",
                "10100100110011101110000"
              ]
            ],
            "seam_y": 15
          },
          "h": "00100100110010101110000",
          "next_active": 15,
          "p": "00100100110011111110000",
          "q": "10100100110011101110000",
          "router_edge": [
            "00100100110011111110000",
            "10100100110011101110000"
          ],
          "z": 0
        }
      ],
      "router_cuts": [
        [
          "00100110110010111110000",
          "10100100110010111110000"
        ],
        [
          "00100100110011111110000",
          "10100100110011101110000"
        ],
        [
          "00100110110011101110000",
          "10100110110010101110000"
        ]
      ],
      "router_cycles": [
        [
          "11010010110010101110000",
          "01010010110011101110000",
          "00110010110011101110000",
          "00100110110011101110000",
          "10100110110010101110000",
          "11000110110010101110000"
        ],
        [
          "11010000110011101110000",
          "01010000110011111110000",
          "00110000110011111110000",
          "00100100110011111110000",
          "10100100110011101110000",
          "11000100110011101110000"
        ],
        [
          "11010000110010111110000",
          "01010010110010111110000",
          "00110010110010111110000",
          "00100110110010111110000",
          "10100100110010111110000",
          "11000100110010111110000"
        ]
      ],
      "router_orientation": [
        "10100100110010111110000",
        "00100110110010111110000"
      ],
      "token_permutation": [
        2,
        1,
        0
      ],
      "token_zero_port": 2,
      "witness_index": 15
    },
    {
      "after_edges": [
        [
          [
            "00100110110110111100000",
            "00110010110110111100000"
          ],
          [
            "11000100110111101100000",
            "11010000110111101100000"
          ],
          [
            "00110000110111111100000",
            "01010000110111111100000"
          ],
          [
            "11000100110110111100000",
            "11010000110110111100000"
          ],
          [
            "00110010110111101100000",
            "01010010110111101100000"
          ],
          [
            "01010000110111111100000",
            "11010000110111101100000"
          ],
          [
            "00100110110110101110000",
            "00100110110111101100000"
          ],
          [
            "00100110110101101110000",
            "10100110110100101110000"
          ],
          [
            "00110010110110111100000",
            "01010010110110111100000"
          ],
          [
            "10100100110111011100000",
            "10100100110111101100000"
          ],
          [
            "00100100110110111110000",
            "10100100110110111100000"
          ],
          [
            "10100100110110111100000",
            "11000100110110111100000"
          ],
          [
            "00100110110110110110000",
            "10000110110110110110000"
          ],
          [
            "00100110110111101100000",
            "00110010110111101100000"
          ],
          [
            "01010010110111101100000",
            "11010010110110101100000"
          ],
          [
            "00000110110110111110000",
            "10000100110110111110000"
          ],
          [
            "10100110110110101100000",
            "11000110110110101100000"
          ],
          [
            "00100100110111101110000",
            "00100100110111111100000"
          ],
          [
            "00100100110111111100000",
            "00110000110111111100000"
          ],
          [
            "00100100110111011110000",
            "10100100110111001110000"
          ],
          [
            "11000110110110101100000",
            "11010010110110101100000"
          ],
          [
            "10100110110101101100000",
            "10100110110110101100000"
          ],
          [
            "00100110110110111100000",
            "10100110110110110100000"
          ],
          [
            "10100100110111101100000",
            "11000100110111101100000"
          ],
          [
            "01010010110110111100000",
            "11010000110110111100000"
          ]
        ],
        [
          [
            "00100110110110111100000",
            "00110010110110111100000"
          ],
          [
            "11000100110111101100000",
            "11010000110111101100000"
          ],
          [
            "01010010110111101100000",
            "11010000110111101100000"
          ],
          [
            "00110000110111111100000",
            "01010000110111111100000"
          ],
          [
            "11000100110110111100000",
            "11010000110110111100000"
          ],
          [
            "00110010110111101100000",
            "01010010110111101100000"
          ],
          [
            "00100110110110101110000",
            "00100110110111101100000"
          ],
          [
            "00100110110101101110000",
            "10100110110100101110000"
          ],
          [
            "00110010110110111100000",
            "01010010110110111100000"
          ],
          [
            "10100100110111011100000",
            "10100100110111101100000"
          ],
          [
            "01010010110110111100000",
            "11010010110110101100000"
          ],
          [
            "00100100110110111110000",
            "10100100110110111100000"
          ],
          [
            "10100100110110111100000",
            "11000100110110111100000"
          ],
          [
            "00100110110110110110000",
            "10000110110110110110000"
          ],
          [
            "00100110110111101100000",
            "00110010110111101100000"
          ],
          [
            "00000110110110111110000",
            "10000100110110111110000"
          ],
          [
            "01010000110111111100000",
            "11010000110110111100000"
          ],
          [
            "10100110110110101100000",
            "11000110110110101100000"
          ],
          [
            "00100100110111101110000",
            "00100100110111111100000"
          ],
          [
            "00100100110111011110000",
            "10100100110111001110000"
          ],
          [
            "11000110110110101100000",
            "11010010110110101100000"
          ],
          [
            "10100110110101101100000",
            "10100110110110101100000"
          ],
          [
            "00100110110110111100000",
            "10100110110110110100000"
          ],
          [
            "10100100110111101100000",
            "11000100110111101100000"
          ],
          [
            "00100100110111111100000",
            "00110000110111111100000"
          ]
        ]
      ],
      "all_auxiliary_edges": [
        [
          "00100110110110110110000",
          "10100110110110110100000"
        ],
        [
          "00000110110110111110000",
          "10000110110110110110000"
        ],
        [
          "10100110110100101110000",
          "10100110110101101100000"
        ],
        [
          "10100100110111001110000",
          "10100100110111011100000"
        ]
      ],
      "before_edges": [
        [
          [
            "00100100110110111110000",
            "10000100110110111110000"
          ],
          [
            "00100110110110111100000",
            "00110010110110111100000"
          ],
          [
            "11000100110111101100000",
            "11010000110111101100000"
          ],
          [
            "00110000110111111100000",
            "01010000110111111100000"
          ],
          [
            "11000100110110111100000",
            "11010000110110111100000"
          ],
          [
            "00100100110111111100000",
            "10100100110111101100000"
          ],
          [
            "10100110110100101110000",
            "10100110110101101100000"
          ],
          [
            "00110010110111101100000",
            "01010010110111101100000"
          ],
          [
            "01010000110111111100000",
            "11010000110111101100000"
          ],
          [
            "00100110110110110110000",
            "10100110110110110100000"
          ],
          [
            "00100110110111101100000",
            "10100110110110101100000"
          ],
          [
            "00110010110110111100000",
            "01010010110110111100000"
          ],
          [
            "00100110110110111100000",
            "10100100110110111100000"
          ],
          [
            "10100100110110111100000",
            "11000100110110111100000"
          ],
          [
            "00100110110111101100000",
            "00110010110111101100000"
          ],
          [
            "01010010110111101100000",
            "11010010110110101100000"
          ],
          [
            "10100110110110101100000",
            "11000110110110101100000"
          ],
          [
            "00100100110111111100000",
            "00110000110111111100000"
          ],
          [
            "00100100110111011110000",
            "00100100110111101110000"
          ],
          [
            "11000110110110101100000",
            "11010010110110101100000"
          ],
          [
            "00000110110110111110000",
            "10000110110110110110000"
          ],
          [
            "10100100110111101100000",
            "11000100110111101100000"
          ],
          [
            "00100110110101101110000",
            "00100110110110101110000"
          ],
          [
            "10100100110111001110000",
            "10100100110111011100000"
          ],
          [
            "01010010110110111100000",
            "11010000110110111100000"
          ]
        ],
        [
          [
            "00100100110110111110000",
            "10000100110110111110000"
          ],
          [
            "00100110110110111100000",
            "00110010110110111100000"
          ],
          [
            "11000100110111101100000",
            "11010000110111101100000"
          ],
          [
            "01010010110111101100000",
            "11010000110111101100000"
          ],
          [
            "00110000110111111100000",
            "01010000110111111100000"
          ],
          [
            "11000100110110111100000",
            "11010000110110111100000"
          ],
          [
            "00100100110111111100000",
            "10100100110111101100000"
          ],
          [
            "10100110110100101110000",
            "10100110110101101100000"
          ],
          [
            "00110010110111101100000",
            "01010010110111101100000"
          ],
          [
            "00100110110110110110000",
            "10100110110110110100000"
          ],
          [
            "00100110110111101100000",
            "10100110110110101100000"
          ],
          [
            "00110010110110111100000",
            "01010010110110111100000"
          ],
          [
            "00100110110110111100000",
            "10100100110110111100000"
          ],
          [
            "01010010110110111100000",
            "11010010110110101100000"
          ],
          [
            "10100100110110111100000",
            "11000100110110111100000"
          ],
          [
            "00100110110111101100000",
            "00110010110111101100000"
          ],
          [
            "01010000110111111100000",
            "11010000110110111100000"
          ],
          [
            "10100110110110101100000",
            "11000110110110101100000"
          ],
          [
            "00100100110111011110000",
            "00100100110111101110000"
          ],
          [
            "11000110110110101100000",
            "11010010110110101100000"
          ],
          [
            "00000110110110111110000",
            "10000110110110110110000"
          ],
          [
            "10100100110111101100000",
            "11000100110111101100000"
          ],
          [
            "00100110110101101110000",
            "00100110110110101110000"
          ],
          [
            "10100100110111001110000",
            "10100100110111011100000"
          ],
          [
            "00100100110111111100000",
            "00110000110111111100000"
          ]
        ]
      ],
      "c8_auxiliary_edges": [
        [
          "00100110110110110110000",
          "10100110110110110100000"
        ],
        [
          "00000110110110111110000",
          "10000110110110110110000"
        ]
      ],
      "c8_new": [
        [
          "00100100110110111110000",
          "10100100110110111100000"
        ],
        [
          "00100110110110111100000",
          "10100110110110110100000"
        ],
        [
          "00100110110110110110000",
          "10000110110110110110000"
        ],
        [
          "00000110110110111110000",
          "10000100110110111110000"
        ]
      ],
      "c8_old": [
        [
          "00100100110110111110000",
          "10000100110110111110000"
        ],
        [
          "00100110110110111100000",
          "10100100110110111100000"
        ],
        [
          "00100110110110110110000",
          "10100110110110110100000"
        ],
        [
          "00000110110110111110000",
          "10000110110110110110000"
        ]
      ],
      "context_orientation": [
        "10000100110110111110000",
        "00100100110110111110000"
      ],
      "fixed_path_reports": [
        [
          {
            "cut_index": 0,
            "endpoint": "00100110110110110110000",
            "join_neighbor": "10000110110110110110000",
            "join_support": "10100000000000000000000",
            "resolved": false
          },
          {
            "cut_index": 0,
            "endpoint": "10100110110110110100000",
            "join_neighbor": "00100110110110111100000",
            "join_support": "10000000000000001000000",
            "lower_q2_equal": false,
            "one": "00110010110110111100000",
            "q2": [
              [
                "00100010110110110100000",
                "10110110110110111100000"
              ],
              [
                "00000010110110111100000",
                "01110110110110111100000"
              ]
            ],
            "repeated": "00000000000000000000000",
            "resident": true,
            "resolved": true,
            "supports": [
              "10000000000000001000000",
              "00010100000000000000000",
              "01100000000000000000000"
            ],
            "two": "01010010110110111100000",
            "union_size": 6,
            "upper_q2_equal": false
          },
          {
            "cut_index": 1,
            "endpoint": "00000110110110111110000",
            "join_neighbor": "10000100110110111110000",
            "join_support": "10000010000000000000000",
            "lower_q2_equal": false,
            "one": "11000100110100111110000",
            "q2": [
              [
                "00000100110100111110000",
                "11000110110110111110000"
              ],
              [
                "10000100110000111110000",
                "11000100111110111110000"
              ]
            ],
            "repeated": "00000000000000000000000",
            "resident": true,
            "resolved": true,
            "supports": [
              "10000010000000000000000",
              "01000000000010000000000",
              "00000000001100000000000"
            ],
            "two": "11000100111000111110000",
            "union_size": 6,
            "upper_q2_equal": false
          },
          {
            "cut_index": 1,
            "endpoint": "10000110110110110110000",
            "join_neighbor": "00100110110110110110000",
            "join_support": "10100000000000000000000",
            "resolved": false
          },
          {
            "cut_index": 2,
            "endpoint": "10100110110101101100000",
            "join_neighbor": "10100110110110101100000",
            "join_support": "00000000000011000000000",
            "lower_q2_equal": false,
            "one": "11000110110110101100000",
            "q2": [
              [
                "10000110110100101100000",
                "11100110110111101100000"
              ],
              [
                "10000010110110101100000",
                "11110110110110101100000"
              ]
            ],
            "repeated": "00000000000000000000000",
            "resident": true,
            "resolved": true,
            "supports": [
              "00000000000011000000000",
              "01100000000000000000000",
              "00010100000000000000000"
            ],
            "two": "11010010110110101100000",
            "union_size": 6,
            "upper_q2_equal": false
          },
          {
            "cut_index": 2,
            "endpoint": "10100110110100101110000",
            "join_neighbor": "00100110110101101110000",
            "join_support": "10000000000001000000000",
            "lower_q2_equal": false,
            "one": "00100110110101011110000",
            "q2": [
              [
                "00100110110100001110000",
                "10100110110101111110000"
              ],
              [
                "00100110110101001010000",
                "00100110110101111110010"
              ]
            ],
            "repeated": "00000000000000000000000",
            "resident": true,
            "resolved": true,
            "supports": [
              "10000000000001000000000",
              "00000000000000110000000",
              "00000000000000000100010"
            ],
            "two": "00100110110101011010010",
            "union_size": 6,
            "upper_q2_equal": false
          },
          {
            "cut_index": 3,
            "endpoint": "10100100110111011100000",
            "join_neighbor": "10100100110111101100000",
            "join_support": "00000000000000110000000",
            "lower_q2_equal": false,
            "one": "11000100110111101100000",
            "q2": [
              [
                "10000100110111001100000",
                "11100100110111111100000"
              ],
              [
                "10000000110111101100000",
                "11110100110111101100000"
              ]
            ],
            "repeated": "00000000000000000000000",
            "resident": true,
            "resolved": true,
            "supports": [
              "00000000000000110000000",
              "01100000000000000000000",
              "00010100000000000000000"
            ],
            "two": "11010000110111101100000",
            "union_size": 6,
            "upper_q2_equal": false
          },
          {
            "cut_index": 3,
            "endpoint": "10100100110111001110000",
            "join_neighbor": "00100100110111011110000",
            "join_support": "10000000000000010000000",
            "lower_q2_equal": false,
            "one": "00100100110111011010010",
            "q2": [
              [
                "00100100110111001010000",
                "10100100110111011110010"
              ],
              [
                "00100100110111011000000",
                "00100100110111011111010"
              ]
            ],
            "repeated": "00000000000000000000000",
            "resident": true,
            "resolved": true,
            "supports": [
              "10000000000000010000000",
              "00000000000000000100010",
              "00000000000000000011000"
            ],
            "two": "00100100110111011001010",
            "union_size": 6,
            "upper_q2_equal": false
          }
        ],
        [
          {
            "cut_index": 0,
            "endpoint": "00100110110110110110000",
            "join_neighbor": "10000110110110110110000",
            "join_support": "10100000000000000000000",
            "resolved": false
          },
          {
            "cut_index": 0,
            "endpoint": "10100110110110110100000",
            "join_neighbor": "00100110110110111100000",
            "join_support": "10000000000000001000000",
            "lower_q2_equal": false,
            "one": "00110010110110111100000",
            "q2": [
              [
                "00100010110110110100000",
                "10110110110110111100000"
              ],
              [
                "00000010110110111100000",
                "01110110110110111100000"
              ]
            ],
            "repeated": "00000000000000000000000",
            "resident": true,
            "resolved": true,
            "supports": [
              "10000000000000001000000",
              "00010100000000000000000",
              "01100000000000000000000"
            ],
            "two": "01010010110110111100000",
            "union_size": 6,
            "upper_q2_equal": false
          },
          {
            "cut_index": 1,
            "endpoint": "00000110110110111110000",
            "join_neighbor": "10000100110110111110000",
            "join_support": "10000010000000000000000",
            "lower_q2_equal": false,
            "one": "11000100110100111110000",
            "q2": [
              [
                "00000100110100111110000",
                "11000110110110111110000"
              ],
              [
                "10000100110000111110000",
                "11000100111110111110000"
              ]
            ],
            "repeated": "00000000000000000000000",
            "resident": true,
            "resolved": true,
            "supports": [
              "10000010000000000000000",
              "01000000000010000000000",
              "00000000001100000000000"
            ],
            "two": "11000100111000111110000",
            "union_size": 6,
            "upper_q2_equal": false
          },
          {
            "cut_index": 1,
            "endpoint": "10000110110110110110000",
            "join_neighbor": "00100110110110110110000",
            "join_support": "10100000000000000000000",
            "resolved": false
          },
          {
            "cut_index": 2,
            "endpoint": "10100110110101101100000",
            "join_neighbor": "10100110110110101100000",
            "join_support": "00000000000011000000000",
            "lower_q2_equal": false,
            "one": "11000110110110101100000",
            "q2": [
              [
                "10000110110100101100000",
                "11100110110111101100000"
              ],
              [
                "10000010110110101100000",
                "11110110110110101100000"
              ]
            ],
            "repeated": "00000000000000000000000",
            "resident": true,
            "resolved": true,
            "supports": [
              "00000000000011000000000",
              "01100000000000000000000",
              "00010100000000000000000"
            ],
            "two": "11010010110110101100000",
            "union_size": 6,
            "upper_q2_equal": false
          },
          {
            "cut_index": 2,
            "endpoint": "10100110110100101110000",
            "join_neighbor": "00100110110101101110000",
            "join_support": "10000000000001000000000",
            "lower_q2_equal": false,
            "one": "00100110110101011110000",
            "q2": [
              [
                "00100110110100001110000",
                "10100110110101111110000"
              ],
              [
                "00100110110101001010000",
                "00100110110101111110010"
              ]
            ],
            "repeated": "00000000000000000000000",
            "resident": true,
            "resolved": true,
            "supports": [
              "10000000000001000000000",
              "00000000000000110000000",
              "00000000000000000100010"
            ],
            "two": "00100110110101011010010",
            "union_size": 6,
            "upper_q2_equal": false
          },
          {
            "cut_index": 3,
            "endpoint": "10100100110111011100000",
            "join_neighbor": "10100100110111101100000",
            "join_support": "00000000000000110000000",
            "lower_q2_equal": false,
            "one": "11000100110111101100000",
            "q2": [
              [
                "10000100110111001100000",
                "11100100110111111100000"
              ],
              [
                "10000000110111101100000",
                "11110100110111101100000"
              ]
            ],
            "repeated": "00000000000000000000000",
            "resident": true,
            "resolved": true,
            "supports": [
              "00000000000000110000000",
              "01100000000000000000000",
              "00010100000000000000000"
            ],
            "two": "11010000110111101100000",
            "union_size": 6,
            "upper_q2_equal": false
          },
          {
            "cut_index": 3,
            "endpoint": "10100100110111001110000",
            "join_neighbor": "00100100110111011110000",
            "join_support": "10000000000000010000000",
            "lower_q2_equal": false,
            "one": "00100100110111011010010",
            "q2": [
              [
                "00100100110111001010000",
                "10100100110111011110010"
              ],
              [
                "00100100110111011000000",
                "00100100110111011111010"
              ]
            ],
            "repeated": "00000000000000000000000",
            "resident": true,
            "resolved": true,
            "supports": [
              "10000000000000010000000",
              "00000000000000000100010",
              "00000000000000000011000"
            ],
            "two": "00100100110111011001010",
            "union_size": 6,
            "upper_q2_equal": false
          }
        ]
      ],
      "internal_q2_count": [
        30,
        30
      ],
      "internal_q2_lower_delta": {},
      "internal_q2_upper_delta": {},
      "other_roles": [
        {
          "active": 6,
          "auxiliary_edge": [
            "10100110110100101110000",
            "10100110110101101100000"
          ],
          "collar": {
            "a": [
              "00100110110110101110000",
              "10100110110100101110000",
              "10100110110110101100000"
            ],
            "active": [
              18,
              0,
              12
            ],
            "b": [
              "00100110110101101110000",
              "10100110110101101100000",
              "00100110110111101100000"
            ],
            "core": "00100110110100101100000",
            "new": [
              [
                "00100110110110101110000",
                "00100110110111101100000"
              ],
              [
                "00100110110101101110000",
                "10100110110100101110000"
              ],
              [
                "10100110110101101100000",
                "10100110110110101100000"
              ]
            ],
            "old": [
              [
                "00100110110101101110000",
                "00100110110110101110000"
              ],
              [
                "10100110110100101110000",
                "10100110110101101100000"
              ],
              [
                "00100110110111101100000",
                "10100110110110101100000"
              ]
            ],
            "seam_y": 13
          },
          "h": "00100100110110101100000",
          "next_active": 13,
          "p": "00100110110111101100000",
          "q": "10100110110110101100000",
          "router_edge": [
            "00100110110111101100000",
            "10100110110110101100000"
          ],
          "z": 0
        },
        {
          "active": 13,
          "auxiliary_edge": [
            "10100100110111001110000",
            "10100100110111011100000"
          ],
          "collar": {
            "a": [
              "00100100110111101110000",
              "10100100110111001110000",
              "10100100110111101100000"
            ],
            "active": [
              18,
              0,
              14
            ],
            "b": [
              "00100100110111011110000",
              "10100100110111011100000",
              "00100100110111111100000"
            ],
            "core": "00100100110111001100000",
            "new": [
              [
                "00100100110111101110000",
                "00100100110111111100000"
              ],
              [
                "00100100110111011110000",
                "10100100110111001110000"
              ],
              [
                "10100100110111011100000",
                "10100100110111101100000"
              ]
            ],
            "old": [
              [
                "00100100110111011110000",
                "00100100110111101110000"
              ],
              [
                "10100100110111001110000",
                "10100100110111011100000"
              ],
              [
                "00100100110111111100000",
                "10100100110111101100000"
              ]
            ],
            "seam_y": 15
          },
          "h": "00100100110110101100000",
          "next_active": 15,
          "p": "00100100110111111100000",
          "q": "10100100110111101100000",
          "router_edge": [
            "00100100110111111100000",
            "10100100110111101100000"
          ],
          "z": 0
        }
      ],
      "router_cuts": [
        [
          "00100110110111101100000",
          "10100110110110101100000"
        ],
        [
          "00100100110111111100000",
          "10100100110111101100000"
        ],
        [
          "00100110110110111100000",
          "10100100110110111100000"
        ]
      ],
      "router_cycles": [
        [
          "11010010110110101100000",
          "01010010110111101100000",
          "00110010110111101100000",
          "00100110110111101100000",
          "10100110110110101100000",
          "11000110110110101100000"
        ],
        [
          "11010000110111101100000",
          "01010000110111111100000",
          "00110000110111111100000",
          "00100100110111111100000",
          "10100100110111101100000",
          "11000100110111101100000"
        ],
        [
          "11010000110110111100000",
          "01010010110110111100000",
          "00110010110110111100000",
          "00100110110110111100000",
          "10100100110110111100000",
          "11000100110110111100000"
        ]
      ],
      "router_orientation": [
        "10100100110110111100000",
        "00100110110110111100000"
      ],
      "token_permutation": [
        2,
        1,
        0
      ],
      "token_zero_port": 2,
      "witness_index": 16
    },
    {
      "after_edges": [
        [
          [
            "00100110110110111100000",
            "00110010110110111100000"
          ],
          [
            "11000100110111101100000",
            "11010000110111101100000"
          ],
          [
            "00110000110111111100000",
            "01010000110111111100000"
          ],
          [
            "00100110110110111100000",
            "10100110110110011100000"
          ],
          [
            "11000100110110111100000",
            "11010000110110111100000"
          ],
          [
            "00110010110111101100000",
            "01010010110111101100000"
          ],
          [
            "01010000110111111100000",
            "11010000110111101100000"
          ],
          [
            "00100110110110101110000",
            "00100110110111101100000"
          ],
          [
            "00100110110101101110000",
            "10100110110100101110000"
          ],
          [
            "00110010110110111100000",
            "01010010110110111100000"
          ],
          [
            "10100100110111011100000",
            "10100100110111101100000"
          ],
          [
            "00100100110110111110000",
            "10100100110110111100000"
          ],
          [
            "10100100110110111100000",
            "11000100110110111100000"
          ],
          [
            "00100110110111101100000",
            "00110010110111101100000"
          ],
          [
            "01010010110111101100000",
            "11010010110110101100000"
          ],
          [
            "00000110110110111110000",
            "10000100110110111110000"
          ],
          [
            "10100110110110101100000",
            "11000110110110101100000"
          ],
          [
            "00100100110111101110000",
            "00100100110111111100000"
          ],
          [
            "00100100110111111100000",
            "00110000110111111100000"
          ],
          [
            "00100110110110011110000",
            "10000110110110011110000"
          ],
          [
            "00100100110111011110000",
            "10100100110111001110000"
          ],
          [
            "11000110110110101100000",
            "11010010110110101100000"
          ],
          [
            "10100110110101101100000",
            "10100110110110101100000"
          ],
          [
            "10100100110111101100000",
            "11000100110111101100000"
          ],
          [
            "01010010110110111100000",
            "11010000110110111100000"
          ]
        ],
        [
          [
            "00100110110110111100000",
            "00110010110110111100000"
          ],
          [
            "11000100110111101100000",
            "11010000110111101100000"
          ],
          [
            "01010010110111101100000",
            "11010000110111101100000"
          ],
          [
            "00110000110111111100000",
            "01010000110111111100000"
          ],
          [
            "00100110110110111100000",
            "10100110110110011100000"
          ],
          [
            "11000100110110111100000",
            "11010000110110111100000"
          ],
          [
            "00110010110111101100000",
            "01010010110111101100000"
          ],
          [
            "00100110110110101110000",
            "00100110110111101100000"
          ],
          [
            "00100110110101101110000",
            "10100110110100101110000"
          ],
          [
            "00110010110110111100000",
            "01010010110110111100000"
          ],
          [
            "10100100110111011100000",
            "10100100110111101100000"
          ],
          [
            "01010010110110111100000",
            "11010010110110101100000"
          ],
          [
            "00100100110110111110000",
            "10100100110110111100000"
          ],
          [
            "10100100110110111100000",
            "11000100110110111100000"
          ],
          [
            "00100110110111101100000",
            "00110010110111101100000"
          ],
          [
            "00000110110110111110000",
            "10000100110110111110000"
          ],
          [
            "01010000110111111100000",
            "11010000110110111100000"
          ],
          [
            "10100110110110101100000",
            "11000110110110101100000"
          ],
          [
            "00100100110111101110000",
            "00100100110111111100000"
          ],
          [
            "00100110110110011110000",
            "10000110110110011110000"
          ],
          [
            "00100100110111011110000",
            "10100100110111001110000"
          ],
          [
            "11000110110110101100000",
            "11010010110110101100000"
          ],
          [
            "10100110110101101100000",
            "10100110110110101100000"
          ],
          [
            "10100100110111101100000",
            "11000100110111101100000"
          ],
          [
            "00100100110111111100000",
            "00110000110111111100000"
          ]
        ]
      ],
      "all_auxiliary_edges": [
        [
          "00100110110110011110000",
          "10100110110110011100000"
        ],
        [
          "00000110110110111110000",
          "10000110110110011110000"
        ],
        [
          "10100110110100101110000",
          "10100110110101101100000"
        ],
        [
          "10100100110111001110000",
          "10100100110111011100000"
        ]
      ],
      "before_edges": [
        [
          [
            "00100100110110111110000",
            "10000100110110111110000"
          ],
          [
            "00100110110110111100000",
            "00110010110110111100000"
          ],
          [
            "11000100110111101100000",
            "11010000110111101100000"
          ],
          [
            "00110000110111111100000",
            "01010000110111111100000"
          ],
          [
            "11000100110110111100000",
            "11010000110110111100000"
          ],
          [
            "00100100110111111100000",
            "10100100110111101100000"
          ],
          [
            "10100110110100101110000",
            "10100110110101101100000"
          ],
          [
            "00110010110111101100000",
            "01010010110111101100000"
          ],
          [
            "01010000110111111100000",
            "11010000110111101100000"
          ],
          [
            "00100110110111101100000",
            "10100110110110101100000"
          ],
          [
            "00110010110110111100000",
            "01010010110110111100000"
          ],
          [
            "00000110110110111110000",
            "10000110110110011110000"
          ],
          [
            "00100110110110111100000",
            "10100100110110111100000"
          ],
          [
            "10100100110110111100000",
            "11000100110110111100000"
          ],
          [
            "00100110110110011110000",
            "10100110110110011100000"
          ],
          [
            "00100110110111101100000",
            "00110010110111101100000"
          ],
          [
            "01010010110111101100000",
            "11010010110110101100000"
          ],
          [
            "10100110110110101100000",
            "11000110110110101100000"
          ],
          [
            "00100100110111111100000",
            "00110000110111111100000"
          ],
          [
            "00100100110111011110000",
            "00100100110111101110000"
          ],
          [
            "11000110110110101100000",
            "11010010110110101100000"
          ],
          [
            "10100100110111101100000",
            "11000100110111101100000"
          ],
          [
            "00100110110101101110000",
            "00100110110110101110000"
          ],
          [
            "10100100110111001110000",
            "10100100110111011100000"
          ],
          [
            "01010010110110111100000",
            "11010000110110111100000"
          ]
        ],
        [
          [
            "00100100110110111110000",
            "10000100110110111110000"
          ],
          [
            "00100110110110111100000",
            "00110010110110111100000"
          ],
          [
            "11000100110111101100000",
            "11010000110111101100000"
          ],
          [
            "01010010110111101100000",
            "11010000110111101100000"
          ],
          [
            "00110000110111111100000",
            "01010000110111111100000"
          ],
          [
            "11000100110110111100000",
            "11010000110110111100000"
          ],
          [
            "00100100110111111100000",
            "10100100110111101100000"
          ],
          [
            "10100110110100101110000",
            "10100110110101101100000"
          ],
          [
            "00110010110111101100000",
            "01010010110111101100000"
          ],
          [
            "00100110110111101100000",
            "10100110110110101100000"
          ],
          [
            "00110010110110111100000",
            "01010010110110111100000"
          ],
          [
            "00000110110110111110000",
            "10000110110110011110000"
          ],
          [
            "00100110110110111100000",
            "10100100110110111100000"
          ],
          [
            "01010010110110111100000",
            "11010010110110101100000"
          ],
          [
            "10100100110110111100000",
            "11000100110110111100000"
          ],
          [
            "00100110110110011110000",
            "10100110110110011100000"
          ],
          [
            "00100110110111101100000",
            "00110010110111101100000"
          ],
          [
            "01010000110111111100000",
            "11010000110110111100000"
          ],
          [
            "10100110110110101100000",
            "11000110110110101100000"
          ],
          [
            "00100100110111011110000",
            "00100100110111101110000"
          ],
          [
            "11000110110110101100000",
            "11010010110110101100000"
          ],
          [
            "10100100110111101100000",
            "11000100110111101100000"
          ],
          [
            "00100110110101101110000",
            "00100110110110101110000"
          ],
          [
            "10100100110111001110000",
            "10100100110111011100000"
          ],
          [
            "00100100110111111100000",
            "00110000110111111100000"
          ]
        ]
      ],
      "c8_auxiliary_edges": [
        [
          "00100110110110011110000",
          "10100110110110011100000"
        ],
        [
          "00000110110110111110000",
          "10000110110110011110000"
        ]
      ],
      "c8_new": [
        [
          "00100100110110111110000",
          "10100100110110111100000"
        ],
        [
          "00100110110110111100000",
          "10100110110110011100000"
        ],
        [
          "00100110110110011110000",
          "10000110110110011110000"
        ],
        [
          "00000110110110111110000",
          "10000100110110111110000"
        ]
      ],
      "c8_old": [
        [
          "00100100110110111110000",
          "10000100110110111110000"
        ],
        [
          "00100110110110111100000",
          "10100100110110111100000"
        ],
        [
          "00100110110110011110000",
          "10100110110110011100000"
        ],
        [
          "00000110110110111110000",
          "10000110110110011110000"
        ]
      ],
      "context_orientation": [
        "10000100110110111110000",
        "00100100110110111110000"
      ],
      "fixed_path_reports": [
        [
          {
            "cut_index": 0,
            "endpoint": "10100110110110011100000",
            "join_neighbor": "00100110110110111100000",
            "join_support": "10000000000000100000000",
            "lower_q2_equal": false,
            "one": "00110010110110111100000",
            "q2": [
              [
                "00100010110110011100000",
                "10110110110110111100000"
              ],
              [
                "00000010110110111100000",
                "01110110110110111100000"
              ]
            ],
            "repeated": "00000000000000000000000",
            "resident": true,
            "resolved": true,
            "supports": [
              "10000000000000100000000",
              "00010100000000000000000",
              "01100000000000000000000"
            ],
            "two": "01010010110110111100000",
            "union_size": 6,
            "upper_q2_equal": false
          },
          {
            "cut_index": 0,
            "endpoint": "00100110110110011110000",
            "join_neighbor": "10000110110110011110000",
            "join_support": "10100000000000000000000",
            "resolved": false
          },
          {
            "cut_index": 1,
            "endpoint": "10000110110110011110000",
            "join_neighbor": "00100110110110011110000",
            "join_support": "10100000000000000000000",
            "resolved": false
          },
          {
            "cut_index": 1,
            "endpoint": "00000110110110111110000",
            "join_neighbor": "10000100110110111110000",
            "join_support": "10000010000000000000000",
            "lower_q2_equal": false,
            "one": "11000100110100111110000",
            "q2": [
              [
                "00000100110100111110000",
                "11000110110110111110000"
              ],
              [
                "10000100110000111110000",
                "11000100111110111110000"
              ]
            ],
            "repeated": "00000000000000000000000",
            "resident": true,
            "resolved": true,
            "supports": [
              "10000010000000000000000",
              "01000000000010000000000",
              "00000000001100000000000"
            ],
            "two": "11000100111000111110000",
            "union_size": 6,
            "upper_q2_equal": false
          },
          {
            "cut_index": 2,
            "endpoint": "10100110110101101100000",
            "join_neighbor": "10100110110110101100000",
            "join_support": "00000000000011000000000",
            "lower_q2_equal": false,
            "one": "11000110110110101100000",
            "q2": [
              [
                "10000110110100101100000",
                "11100110110111101100000"
              ],
              [
                "10000010110110101100000",
                "11110110110110101100000"
              ]
            ],
            "repeated": "00000000000000000000000",
            "resident": true,
            "resolved": true,
            "supports": [
              "00000000000011000000000",
              "01100000000000000000000",
              "00010100000000000000000"
            ],
            "two": "11010010110110101100000",
            "union_size": 6,
            "upper_q2_equal": false
          },
          {
            "cut_index": 2,
            "endpoint": "10100110110100101110000",
            "join_neighbor": "00100110110101101110000",
            "join_support": "10000000000001000000000",
            "lower_q2_equal": false,
            "one": "00100110110101011110000",
            "q2": [
              [
                "00100110110100001110000",
                "10100110110101111110000"
              ],
              [
                "00100110110101001010000",
                "00100110110101111110010"
              ]
            ],
            "repeated": "00000000000000000000000",
            "resident": true,
            "resolved": true,
            "supports": [
              "10000000000001000000000",
              "00000000000000110000000",
              "00000000000000000100010"
            ],
            "two": "00100110110101011010010",
            "union_size": 6,
            "upper_q2_equal": false
          },
          {
            "cut_index": 3,
            "endpoint": "10100100110111011100000",
            "join_neighbor": "10100100110111101100000",
            "join_support": "00000000000000110000000",
            "lower_q2_equal": false,
            "one": "11000100110111101100000",
            "q2": [
              [
                "10000100110111001100000",
                "11100100110111111100000"
              ],
              [
                "10000000110111101100000",
                "11110100110111101100000"
              ]
            ],
            "repeated": "00000000000000000000000",
            "resident": true,
            "resolved": true,
            "supports": [
              "00000000000000110000000",
              "01100000000000000000000",
              "00010100000000000000000"
            ],
            "two": "11010000110111101100000",
            "union_size": 6,
            "upper_q2_equal": false
          },
          {
            "cut_index": 3,
            "endpoint": "10100100110111001110000",
            "join_neighbor": "00100100110111011110000",
            "join_support": "10000000000000010000000",
            "lower_q2_equal": false,
            "one": "00100100110111011010010",
            "q2": [
              [
                "00100100110111001010000",
                "10100100110111011110010"
              ],
              [
                "00100100110111011000000",
                "00100100110111011111010"
              ]
            ],
            "repeated": "00000000000000000000000",
            "resident": true,
            "resolved": true,
            "supports": [
              "10000000000000010000000",
              "00000000000000000100010",
              "00000000000000000011000"
            ],
            "two": "00100100110111011001010",
            "union_size": 6,
            "upper_q2_equal": false
          }
        ],
        [
          {
            "cut_index": 0,
            "endpoint": "10100110110110011100000",
            "join_neighbor": "00100110110110111100000",
            "join_support": "10000000000000100000000",
            "lower_q2_equal": false,
            "one": "00110010110110111100000",
            "q2": [
              [
                "00100010110110011100000",
                "10110110110110111100000"
              ],
              [
                "00000010110110111100000",
                "01110110110110111100000"
              ]
            ],
            "repeated": "00000000000000000000000",
            "resident": true,
            "resolved": true,
            "supports": [
              "10000000000000100000000",
              "00010100000000000000000",
              "01100000000000000000000"
            ],
            "two": "01010010110110111100000",
            "union_size": 6,
            "upper_q2_equal": false
          },
          {
            "cut_index": 0,
            "endpoint": "00100110110110011110000",
            "join_neighbor": "10000110110110011110000",
            "join_support": "10100000000000000000000",
            "resolved": false
          },
          {
            "cut_index": 1,
            "endpoint": "10000110110110011110000",
            "join_neighbor": "00100110110110011110000",
            "join_support": "10100000000000000000000",
            "resolved": false
          },
          {
            "cut_index": 1,
            "endpoint": "00000110110110111110000",
            "join_neighbor": "10000100110110111110000",
            "join_support": "10000010000000000000000",
            "lower_q2_equal": false,
            "one": "11000100110100111110000",
            "q2": [
              [
                "00000100110100111110000",
                "11000110110110111110000"
              ],
              [
                "10000100110000111110000",
                "11000100111110111110000"
              ]
            ],
            "repeated": "00000000000000000000000",
            "resident": true,
            "resolved": true,
            "supports": [
              "10000010000000000000000",
              "01000000000010000000000",
              "00000000001100000000000"
            ],
            "two": "11000100111000111110000",
            "union_size": 6,
            "upper_q2_equal": false
          },
          {
            "cut_index": 2,
            "endpoint": "10100110110101101100000",
            "join_neighbor": "10100110110110101100000",
            "join_support": "00000000000011000000000",
            "lower_q2_equal": false,
            "one": "11000110110110101100000",
            "q2": [
              [
                "10000110110100101100000",
                "11100110110111101100000"
              ],
              [
                "10000010110110101100000",
                "11110110110110101100000"
              ]
            ],
            "repeated": "00000000000000000000000",
            "resident": true,
            "resolved": true,
            "supports": [
              "00000000000011000000000",
              "01100000000000000000000",
              "00010100000000000000000"
            ],
            "two": "11010010110110101100000",
            "union_size": 6,
            "upper_q2_equal": false
          },
          {
            "cut_index": 2,
            "endpoint": "10100110110100101110000",
            "join_neighbor": "00100110110101101110000",
            "join_support": "10000000000001000000000",
            "lower_q2_equal": false,
            "one": "00100110110101011110000",
            "q2": [
              [
                "00100110110100001110000",
                "10100110110101111110000"
              ],
              [
                "00100110110101001010000",
                "00100110110101111110010"
              ]
            ],
            "repeated": "00000000000000000000000",
            "resident": true,
            "resolved": true,
            "supports": [
              "10000000000001000000000",
              "00000000000000110000000",
              "00000000000000000100010"
            ],
            "two": "00100110110101011010010",
            "union_size": 6,
            "upper_q2_equal": false
          },
          {
            "cut_index": 3,
            "endpoint": "10100100110111011100000",
            "join_neighbor": "10100100110111101100000",
            "join_support": "00000000000000110000000",
            "lower_q2_equal": false,
            "one": "11000100110111101100000",
            "q2": [
              [
                "10000100110111001100000",
                "11100100110111111100000"
              ],
              [
                "10000000110111101100000",
                "11110100110111101100000"
              ]
            ],
            "repeated": "00000000000000000000000",
            "resident": true,
            "resolved": true,
            "supports": [
              "00000000000000110000000",
              "01100000000000000000000",
              "00010100000000000000000"
            ],
            "two": "11010000110111101100000",
            "union_size": 6,
            "upper_q2_equal": false
          },
          {
            "cut_index": 3,
            "endpoint": "10100100110111001110000",
            "join_neighbor": "00100100110111011110000",
            "join_support": "10000000000000010000000",
            "lower_q2_equal": false,
            "one": "00100100110111011010010",
            "q2": [
              [
                "00100100110111001010000",
                "10100100110111011110010"
              ],
              [
                "00100100110111011000000",
                "00100100110111011111010"
              ]
            ],
            "repeated": "00000000000000000000000",
            "resident": true,
            "resolved": true,
            "supports": [
              "10000000000000010000000",
              "00000000000000000100010",
              "00000000000000000011000"
            ],
            "two": "00100100110111011001010",
            "union_size": 6,
            "upper_q2_equal": false
          }
        ]
      ],
      "internal_q2_count": [
        30,
        30
      ],
      "internal_q2_lower_delta": {},
      "internal_q2_upper_delta": {},
      "other_roles": [
        {
          "active": 6,
          "auxiliary_edge": [
            "10100110110100101110000",
            "10100110110101101100000"
          ],
          "collar": {
            "a": [
              "00100110110110101110000",
              "10100110110100101110000",
              "10100110110110101100000"
            ],
            "active": [
              18,
              0,
              12
            ],
            "b": [
              "00100110110101101110000",
              "10100110110101101100000",
              "00100110110111101100000"
            ],
            "core": "00100110110100101100000",
            "new": [
              [
                "00100110110110101110000",
                "00100110110111101100000"
              ],
              [
                "00100110110101101110000",
                "10100110110100101110000"
              ],
              [
                "10100110110101101100000",
                "10100110110110101100000"
              ]
            ],
            "old": [
              [
                "00100110110101101110000",
                "00100110110110101110000"
              ],
              [
                "10100110110100101110000",
                "10100110110101101100000"
              ],
              [
                "00100110110111101100000",
                "10100110110110101100000"
              ]
            ],
            "seam_y": 13
          },
          "h": "00100100110110101100000",
          "next_active": 13,
          "p": "00100110110111101100000",
          "q": "10100110110110101100000",
          "router_edge": [
            "00100110110111101100000",
            "10100110110110101100000"
          ],
          "z": 0
        },
        {
          "active": 13,
          "auxiliary_edge": [
            "10100100110111001110000",
            "10100100110111011100000"
          ],
          "collar": {
            "a": [
              "00100100110111101110000",
              "10100100110111001110000",
              "10100100110111101100000"
            ],
            "active": [
              18,
              0,
              14
            ],
            "b": [
              "00100100110111011110000",
              "10100100110111011100000",
              "00100100110111111100000"
            ],
            "core": "00100100110111001100000",
            "new": [
              [
                "00100100110111101110000",
                "00100100110111111100000"
              ],
              [
                "00100100110111011110000",
                "10100100110111001110000"
              ],
              [
                "10100100110111011100000",
                "10100100110111101100000"
              ]
            ],
            "old": [
              [
                "00100100110111011110000",
                "00100100110111101110000"
              ],
              [
                "10100100110111001110000",
                "10100100110111011100000"
              ],
              [
                "00100100110111111100000",
                "10100100110111101100000"
              ]
            ],
            "seam_y": 15
          },
          "h": "00100100110110101100000",
          "next_active": 15,
          "p": "00100100110111111100000",
          "q": "10100100110111101100000",
          "router_edge": [
            "00100100110111111100000",
            "10100100110111101100000"
          ],
          "z": 0
        }
      ],
      "router_cuts": [
        [
          "00100110110111101100000",
          "10100110110110101100000"
        ],
        [
          "00100100110111111100000",
          "10100100110111101100000"
        ],
        [
          "00100110110110111100000",
          "10100100110110111100000"
        ]
      ],
      "router_cycles": [
        [
          "11010010110110101100000",
          "01010010110111101100000",
          "00110010110111101100000",
          "00100110110111101100000",
          "10100110110110101100000",
          "11000110110110101100000"
        ],
        [
          "11010000110111101100000",
          "01010000110111111100000",
          "00110000110111111100000",
          "00100100110111111100000",
          "10100100110111101100000",
          "11000100110111101100000"
        ],
        [
          "11010000110110111100000",
          "01010010110110111100000",
          "00110010110110111100000",
          "00100110110110111100000",
          "10100100110110111100000",
          "11000100110110111100000"
        ]
      ],
      "router_orientation": [
        "10100100110110111100000",
        "00100110110110111100000"
      ],
      "token_permutation": [
        2,
        1,
        0
      ],
      "token_zero_port": 2,
      "witness_index": 16
    },
    {
      "after_edges": [
        [
          [
            "00100110110110111100000",
            "00110010110110111100000"
          ],
          [
            "11000100110111101100000",
            "11010000110111101100000"
          ],
          [
            "00110000110111111100000",
            "01010000110111111100000"
          ],
          [
            "11000100110110111100000",
            "11010000110110111100000"
          ],
          [
            "00110010110111101100000",
            "01010010110111101100000"
          ],
          [
            "01010000110111111100000",
            "11010000110111101100000"
          ],
          [
            "00100110010110111110000",
            "10000110010110111110000"
          ],
          [
            "00100110110110101110000",
            "00100110110111101100000"
          ],
          [
            "00100110110101101110000",
            "10100110110100101110000"
          ],
          [
            "00110010110110111100000",
            "01010010110110111100000"
          ],
          [
            "10100100110111011100000",
            "10100100110111101100000"
          ],
          [
            "00100100110110111110000",
            "10100100110110111100000"
          ],
          [
            "10100100110110111100000",
            "11000100110110111100000"
          ],
          [
            "00100110110111101100000",
            "00110010110111101100000"
          ],
          [
            "01010010110111101100000",
            "11010010110110101100000"
          ],
          [
            "00000110110110111110000",
            "10000100110110111110000"
          ],
          [
            "10100110110110101100000",
            "11000110110110101100000"
          ],
          [
            "00100100110111101110000",
            "00100100110111111100000"
          ],
          [
            "00100100110111111100000",
            "00110000110111111100000"
          ],
          [
            "00100100110111011110000",
            "10100100110111001110000"
          ],
          [
            "11000110110110101100000",
            "11010010110110101100000"
          ],
          [
            "10100110110101101100000",
            "10100110110110101100000"
          ],
          [
            "00100110110110111100000",
            "10100110010110111100000"
          ],
          [
            "10100100110111101100000",
            "11000100110111101100000"
          ],
          [
            "01010010110110111100000",
            "11010000110110111100000"
          ]
        ],
        [
          [
            "00100110110110111100000",
            "00110010110110111100000"
          ],
          [
            "11000100110111101100000",
            "11010000110111101100000"
          ],
          [
            "01010010110111101100000",
            "11010000110111101100000"
          ],
          [
            "00110000110111111100000",
            "01010000110111111100000"
          ],
          [
            "11000100110110111100000",
            "11010000110110111100000"
          ],
          [
            "00110010110111101100000",
            "01010010110111101100000"
          ],
          [
            "00100110010110111110000",
            "10000110010110111110000"
          ],
          [
            "00100110110110101110000",
            "00100110110111101100000"
          ],
          [
            "00100110110101101110000",
            "10100110110100101110000"
          ],
          [
            "00110010110110111100000",
            "01010010110110111100000"
          ],
          [
            "10100100110111011100000",
            "10100100110111101100000"
          ],
          [
            "01010010110110111100000",
            "11010010110110101100000"
          ],
          [
            "00100100110110111110000",
            "10100100110110111100000"
          ],
          [
            "10100100110110111100000",
            "11000100110110111100000"
          ],
          [
            "00100110110111101100000",
            "00110010110111101100000"
          ],
          [
            "00000110110110111110000",
            "10000100110110111110000"
          ],
          [
            "01010000110111111100000",
            "11010000110110111100000"
          ],
          [
            "10100110110110101100000",
            "11000110110110101100000"
          ],
          [
            "00100100110111101110000",
            "00100100110111111100000"
          ],
          [
            "00100100110111011110000",
            "10100100110111001110000"
          ],
          [
            "11000110110110101100000",
            "11010010110110101100000"
          ],
          [
            "10100110110101101100000",
            "10100110110110101100000"
          ],
          [
            "00100110110110111100000",
            "10100110010110111100000"
          ],
          [
            "10100100110111101100000",
            "11000100110111101100000"
          ],
          [
            "00100100110111111100000",
            "00110000110111111100000"
          ]
        ]
      ],
      "all_auxiliary_edges": [
        [
          "00100110010110111110000",
          "10100110010110111100000"
        ],
        [
          "00000110110110111110000",
          "10000110010110111110000"
        ],
        [
          "10100110110100101110000",
          "10100110110101101100000"
        ],
        [
          "10100100110111001110000",
          "10100100110111011100000"
        ]
      ],
      "before_edges": [
        [
          [
            "00100100110110111110000",
            "10000100110110111110000"
          ],
          [
            "00100110110110111100000",
            "00110010110110111100000"
          ],
          [
            "11000100110111101100000",
            "11010000110111101100000"
          ],
          [
            "00110000110111111100000",
            "01010000110111111100000"
          ],
          [
            "11000100110110111100000",
            "11010000110110111100000"
          ],
          [
            "00100100110111111100000",
            "10100100110111101100000"
          ],
          [
            "10100110110100101110000",
            "10100110110101101100000"
          ],
          [
            "00110010110111101100000",
            "01010010110111101100000"
          ],
          [
            "01010000110111111100000",
            "11010000110111101100000"
          ],
          [
            "00000110110110111110000",
            "10000110010110111110000"
          ],
          [
            "00100110110111101100000",
            "10100110110110101100000"
          ],
          [
            "00110010110110111100000",
            "01010010110110111100000"
          ],
          [
            "00100110110110111100000",
            "10100100110110111100000"
          ],
          [
            "10100100110110111100000",
            "11000100110110111100000"
          ],
          [
            "00100110010110111110000",
            "10100110010110111100000"
          ],
          [
            "00100110110111101100000",
            "00110010110111101100000"
          ],
          [
            "01010010110111101100000",
            "11010010110110101100000"
          ],
          [
            "10100110110110101100000",
            "11000110110110101100000"
          ],
          [
            "00100100110111111100000",
            "00110000110111111100000"
          ],
          [
            "00100100110111011110000",
            "00100100110111101110000"
          ],
          [
            "11000110110110101100000",
            "11010010110110101100000"
          ],
          [
            "10100100110111101100000",
            "11000100110111101100000"
          ],
          [
            "00100110110101101110000",
            "00100110110110101110000"
          ],
          [
            "10100100110111001110000",
            "10100100110111011100000"
          ],
          [
            "01010010110110111100000",
            "11010000110110111100000"
          ]
        ],
        [
          [
            "00100100110110111110000",
            "10000100110110111110000"
          ],
          [
            "00100110110110111100000",
            "00110010110110111100000"
          ],
          [
            "11000100110111101100000",
            "11010000110111101100000"
          ],
          [
            "01010010110111101100000",
            "11010000110111101100000"
          ],
          [
            "00110000110111111100000",
            "01010000110111111100000"
          ],
          [
            "11000100110110111100000",
            "11010000110110111100000"
          ],
          [
            "00100100110111111100000",
            "10100100110111101100000"
          ],
          [
            "10100110110100101110000",
            "10100110110101101100000"
          ],
          [
            "00110010110111101100000",
            "01010010110111101100000"
          ],
          [
            "00000110110110111110000",
            "10000110010110111110000"
          ],
          [
            "00100110110111101100000",
            "10100110110110101100000"
          ],
          [
            "00110010110110111100000",
            "01010010110110111100000"
          ],
          [
            "00100110110110111100000",
            "10100100110110111100000"
          ],
          [
            "01010010110110111100000",
            "11010010110110101100000"
          ],
          [
            "10100100110110111100000",
            "11000100110110111100000"
          ],
          [
            "00100110010110111110000",
            "10100110010110111100000"
          ],
          [
            "00100110110111101100000",
            "00110010110111101100000"
          ],
          [
            "01010000110111111100000",
            "11010000110110111100000"
          ],
          [
            "10100110110110101100000",
            "11000110110110101100000"
          ],
          [
            "00100100110111011110000",
            "00100100110111101110000"
          ],
          [
            "11000110110110101100000",
            "11010010110110101100000"
          ],
          [
            "10100100110111101100000",
            "11000100110111101100000"
          ],
          [
            "00100110110101101110000",
            "00100110110110101110000"
          ],
          [
            "10100100110111001110000",
            "10100100110111011100000"
          ],
          [
            "00100100110111111100000",
            "00110000110111111100000"
          ]
        ]
      ],
      "c8_auxiliary_edges": [
        [
          "00100110010110111110000",
          "10100110010110111100000"
        ],
        [
          "00000110110110111110000",
          "10000110010110111110000"
        ]
      ],
      "c8_new": [
        [
          "00100100110110111110000",
          "10100100110110111100000"
        ],
        [
          "00100110110110111100000",
          "10100110010110111100000"
        ],
        [
          "00100110010110111110000",
          "10000110010110111110000"
        ],
        [
          "00000110110110111110000",
          "10000100110110111110000"
        ]
      ],
      "c8_old": [
        [
          "00100100110110111110000",
          "10000100110110111110000"
        ],
        [
          "00100110110110111100000",
          "10100100110110111100000"
        ],
        [
          "00100110010110111110000",
          "10100110010110111100000"
        ],
        [
          "00000110110110111110000",
          "10000110010110111110000"
        ]
      ],
      "context_orientation": [
        "10000100110110111110000",
        "00100100110110111110000"
      ],
      "fixed_path_reports": [
        [
          {
            "cut_index": 0,
            "endpoint": "00100110010110111110000",
            "join_neighbor": "10000110010110111110000",
            "join_support": "10100000000000000000000",
            "resolved": false
          },
          {
            "cut_index": 0,
            "endpoint": "10100110010110111100000",
            "join_neighbor": "00100110110110111100000",
            "join_support": "10000000100000000000000",
            "lower_q2_equal": false,
            "one": "00110010110110111100000",
            "q2": [
              [
                "00100010010110111100000",
                "10110110110110111100000"
              ],
              [
                "00000010110110111100000",
                "01110110110110111100000"
              ]
            ],
            "repeated": "00000000000000000000000",
            "resident": true,
            "resolved": true,
            "supports": [
              "10000000100000000000000",
              "00010100000000000000000",
              "01100000000000000000000"
            ],
            "two": "01010010110110111100000",
            "union_size": 6,
            "upper_q2_equal": false
          },
          {
            "cut_index": 1,
            "endpoint": "10000110010110111110000",
            "join_neighbor": "00100110010110111110000",
            "join_support": "10100000000000000000000",
            "resolved": false
          },
          {
            "cut_index": 1,
            "endpoint": "00000110110110111110000",
            "join_neighbor": "10000100110110111110000",
            "join_support": "10000010000000000000000",
            "lower_q2_equal": false,
            "one": "11000100110100111110000",
            "q2": [
              [
                "00000100110100111110000",
                "11000110110110111110000"
              ],
              [
                "10000100110000111110000",
                "11000100111110111110000"
              ]
            ],
            "repeated": "00000000000000000000000",
            "resident": true,
            "resolved": true,
            "supports": [
              "10000010000000000000000",
              "01000000000010000000000",
              "00000000001100000000000"
            ],
            "two": "11000100111000111110000",
            "union_size": 6,
            "upper_q2_equal": false
          },
          {
            "cut_index": 2,
            "endpoint": "10100110110101101100000",
            "join_neighbor": "10100110110110101100000",
            "join_support": "00000000000011000000000",
            "lower_q2_equal": false,
            "one": "11000110110110101100000",
            "q2": [
              [
                "10000110110100101100000",
                "11100110110111101100000"
              ],
              [
                "10000010110110101100000",
                "11110110110110101100000"
              ]
            ],
            "repeated": "00000000000000000000000",
            "resident": true,
            "resolved": true,
            "supports": [
              "00000000000011000000000",
              "01100000000000000000000",
              "00010100000000000000000"
            ],
            "two": "11010010110110101100000",
            "union_size": 6,
            "upper_q2_equal": false
          },
          {
            "cut_index": 2,
            "endpoint": "10100110110100101110000",
            "join_neighbor": "00100110110101101110000",
            "join_support": "10000000000001000000000",
            "lower_q2_equal": false,
            "one": "00100110110101011110000",
            "q2": [
              [
                "00100110110100001110000",
                "10100110110101111110000"
              ],
              [
                "00100110110101001010000",
                "00100110110101111110010"
              ]
            ],
            "repeated": "00000000000000000000000",
            "resident": true,
            "resolved": true,
            "supports": [
              "10000000000001000000000",
              "00000000000000110000000",
              "00000000000000000100010"
            ],
            "two": "00100110110101011010010",
            "union_size": 6,
            "upper_q2_equal": false
          },
          {
            "cut_index": 3,
            "endpoint": "10100100110111011100000",
            "join_neighbor": "10100100110111101100000",
            "join_support": "00000000000000110000000",
            "lower_q2_equal": false,
            "one": "11000100110111101100000",
            "q2": [
              [
                "10000100110111001100000",
                "11100100110111111100000"
              ],
              [
                "10000000110111101100000",
                "11110100110111101100000"
              ]
            ],
            "repeated": "00000000000000000000000",
            "resident": true,
            "resolved": true,
            "supports": [
              "00000000000000110000000",
              "01100000000000000000000",
              "00010100000000000000000"
            ],
            "two": "11010000110111101100000",
            "union_size": 6,
            "upper_q2_equal": false
          },
          {
            "cut_index": 3,
            "endpoint": "10100100110111001110000",
            "join_neighbor": "00100100110111011110000",
            "join_support": "10000000000000010000000",
            "lower_q2_equal": false,
            "one": "00100100110111011010010",
            "q2": [
              [
                "00100100110111001010000",
                "10100100110111011110010"
              ],
              [
                "00100100110111011000000",
                "00100100110111011111010"
              ]
            ],
            "repeated": "00000000000000000000000",
            "resident": true,
            "resolved": true,
            "supports": [
              "10000000000000010000000",
              "00000000000000000100010",
              "00000000000000000011000"
            ],
            "two": "00100100110111011001010",
            "union_size": 6,
            "upper_q2_equal": false
          }
        ],
        [
          {
            "cut_index": 0,
            "endpoint": "00100110010110111110000",
            "join_neighbor": "10000110010110111110000",
            "join_support": "10100000000000000000000",
            "resolved": false
          },
          {
            "cut_index": 0,
            "endpoint": "10100110010110111100000",
            "join_neighbor": "00100110110110111100000",
            "join_support": "10000000100000000000000",
            "lower_q2_equal": false,
            "one": "00110010110110111100000",
            "q2": [
              [
                "00100010010110111100000",
                "10110110110110111100000"
              ],
              [
                "00000010110110111100000",
                "01110110110110111100000"
              ]
            ],
            "repeated": "00000000000000000000000",
            "resident": true,
            "resolved": true,
            "supports": [
              "10000000100000000000000",
              "00010100000000000000000",
              "01100000000000000000000"
            ],
            "two": "01010010110110111100000",
            "union_size": 6,
            "upper_q2_equal": false
          },
          {
            "cut_index": 1,
            "endpoint": "10000110010110111110000",
            "join_neighbor": "00100110010110111110000",
            "join_support": "10100000000000000000000",
            "resolved": false
          },
          {
            "cut_index": 1,
            "endpoint": "00000110110110111110000",
            "join_neighbor": "10000100110110111110000",
            "join_support": "10000010000000000000000",
            "lower_q2_equal": false,
            "one": "11000100110100111110000",
            "q2": [
              [
                "00000100110100111110000",
                "11000110110110111110000"
              ],
              [
                "10000100110000111110000",
                "11000100111110111110000"
              ]
            ],
            "repeated": "00000000000000000000000",
            "resident": true,
            "resolved": true,
            "supports": [
              "10000010000000000000000",
              "01000000000010000000000",
              "00000000001100000000000"
            ],
            "two": "11000100111000111110000",
            "union_size": 6,
            "upper_q2_equal": false
          },
          {
            "cut_index": 2,
            "endpoint": "10100110110101101100000",
            "join_neighbor": "10100110110110101100000",
            "join_support": "00000000000011000000000",
            "lower_q2_equal": false,
            "one": "11000110110110101100000",
            "q2": [
              [
                "10000110110100101100000",
                "11100110110111101100000"
              ],
              [
                "10000010110110101100000",
                "11110110110110101100000"
              ]
            ],
            "repeated": "00000000000000000000000",
            "resident": true,
            "resolved": true,
            "supports": [
              "00000000000011000000000",
              "01100000000000000000000",
              "00010100000000000000000"
            ],
            "two": "11010010110110101100000",
            "union_size": 6,
            "upper_q2_equal": false
          },
          {
            "cut_index": 2,
            "endpoint": "10100110110100101110000",
            "join_neighbor": "00100110110101101110000",
            "join_support": "10000000000001000000000",
            "lower_q2_equal": false,
            "one": "00100110110101011110000",
            "q2": [
              [
                "00100110110100001110000",
                "10100110110101111110000"
              ],
              [
                "00100110110101001010000",
                "00100110110101111110010"
              ]
            ],
            "repeated": "00000000000000000000000",
            "resident": true,
            "resolved": true,
            "supports": [
              "10000000000001000000000",
              "00000000000000110000000",
              "00000000000000000100010"
            ],
            "two": "00100110110101011010010",
            "union_size": 6,
            "upper_q2_equal": false
          },
          {
            "cut_index": 3,
            "endpoint": "10100100110111011100000",
            "join_neighbor": "10100100110111101100000",
            "join_support": "00000000000000110000000",
            "lower_q2_equal": false,
            "one": "11000100110111101100000",
            "q2": [
              [
                "10000100110111001100000",
                "11100100110111111100000"
              ],
              [
                "10000000110111101100000",
                "11110100110111101100000"
              ]
            ],
            "repeated": "00000000000000000000000",
            "resident": true,
            "resolved": true,
            "supports": [
              "00000000000000110000000",
              "01100000000000000000000",
              "00010100000000000000000"
            ],
            "two": "11010000110111101100000",
            "union_size": 6,
            "upper_q2_equal": false
          },
          {
            "cut_index": 3,
            "endpoint": "10100100110111001110000",
            "join_neighbor": "00100100110111011110000",
            "join_support": "10000000000000010000000",
            "lower_q2_equal": false,
            "one": "00100100110111011010010",
            "q2": [
              [
                "00100100110111001010000",
                "10100100110111011110010"
              ],
              [
                "00100100110111011000000",
                "00100100110111011111010"
              ]
            ],
            "repeated": "00000000000000000000000",
            "resident": true,
            "resolved": true,
            "supports": [
              "10000000000000010000000",
              "00000000000000000100010",
              "00000000000000000011000"
            ],
            "two": "00100100110111011001010",
            "union_size": 6,
            "upper_q2_equal": false
          }
        ]
      ],
      "internal_q2_count": [
        30,
        30
      ],
      "internal_q2_lower_delta": {},
      "internal_q2_upper_delta": {},
      "other_roles": [
        {
          "active": 6,
          "auxiliary_edge": [
            "10100110110100101110000",
            "10100110110101101100000"
          ],
          "collar": {
            "a": [
              "00100110110110101110000",
              "10100110110100101110000",
              "10100110110110101100000"
            ],
            "active": [
              18,
              0,
              12
            ],
            "b": [
              "00100110110101101110000",
              "10100110110101101100000",
              "00100110110111101100000"
            ],
            "core": "00100110110100101100000",
            "new": [
              [
                "00100110110110101110000",
                "00100110110111101100000"
              ],
              [
                "00100110110101101110000",
                "10100110110100101110000"
              ],
              [
                "10100110110101101100000",
                "10100110110110101100000"
              ]
            ],
            "old": [
              [
                "00100110110101101110000",
                "00100110110110101110000"
              ],
              [
                "10100110110100101110000",
                "10100110110101101100000"
              ],
              [
                "00100110110111101100000",
                "10100110110110101100000"
              ]
            ],
            "seam_y": 13
          },
          "h": "00100100110110101100000",
          "next_active": 13,
          "p": "00100110110111101100000",
          "q": "10100110110110101100000",
          "router_edge": [
            "00100110110111101100000",
            "10100110110110101100000"
          ],
          "z": 0
        },
        {
          "active": 13,
          "auxiliary_edge": [
            "10100100110111001110000",
            "10100100110111011100000"
          ],
          "collar": {
            "a": [
              "00100100110111101110000",
              "10100100110111001110000",
              "10100100110111101100000"
            ],
            "active": [
              18,
              0,
              14
            ],
            "b": [
              "00100100110111011110000",
              "10100100110111011100000",
              "00100100110111111100000"
            ],
            "core": "00100100110111001100000",
            "new": [
              [
                "00100100110111101110000",
                "00100100110111111100000"
              ],
              [
                "00100100110111011110000",
                "10100100110111001110000"
              ],
              [
                "10100100110111011100000",
                "10100100110111101100000"
              ]
            ],
            "old": [
              [
                "00100100110111011110000",
                "00100100110111101110000"
              ],
              [
                "10100100110111001110000",
                "10100100110111011100000"
              ],
              [
                "00100100110111111100000",
                "10100100110111101100000"
              ]
            ],
            "seam_y": 15
          },
          "h": "00100100110110101100000",
          "next_active": 15,
          "p": "00100100110111111100000",
          "q": "10100100110111101100000",
          "router_edge": [
            "00100100110111111100000",
            "10100100110111101100000"
          ],
          "z": 0
        }
      ],
      "router_cuts": [
        [
          "00100110110111101100000",
          "10100110110110101100000"
        ],
        [
          "00100100110111111100000",
          "10100100110111101100000"
        ],
        [
          "00100110110110111100000",
          "10100100110110111100000"
        ]
      ],
      "router_cycles": [
        [
          "11010010110110101100000",
          "01010010110111101100000",
          "00110010110111101100000",
          "00100110110111101100000",
          "10100110110110101100000",
          "11000110110110101100000"
        ],
        [
          "11010000110111101100000",
          "01010000110111111100000",
          "00110000110111111100000",
          "00100100110111111100000",
          "10100100110111101100000",
          "11000100110111101100000"
        ],
        [
          "11010000110110111100000",
          "01010010110110111100000",
          "00110010110110111100000",
          "00100110110110111100000",
          "10100100110110111100000",
          "11000100110110111100000"
        ]
      ],
      "router_orientation": [
        "10100100110110111100000",
        "00100110110110111100000"
      ],
      "token_permutation": [
        2,
        1,
        0
      ],
      "token_zero_port": 2,
      "witness_index": 16
    },
    {
      "after_edges": [
        [
          [
            "00100110110110111100000",
            "00110010110110111100000"
          ],
          [
            "11000100110111101100000",
            "11010000110111101100000"
          ],
          [
            "00110000110111111100000",
            "01010000110111111100000"
          ],
          [
            "11000100110110111100000",
            "11010000110110111100000"
          ],
          [
            "00110010110111101100000",
            "01010010110111101100000"
          ],
          [
            "01010000110111111100000",
            "11010000110111101100000"
          ],
          [
            "00100110110110101110000",
            "00100110110111101100000"
          ],
          [
            "00100110110101101110000",
            "10100110110100101110000"
          ],
          [
            "00110010110110111100000",
            "01010010110110111100000"
          ],
          [
            "10100100110111011100000",
            "10100100110111101100000"
          ],
          [
            "00100110110010111110000",
            "10000110110010111110000"
          ],
          [
            "00100100110110111110000",
            "10100100110110111100000"
          ],
          [
            "10100100110110111100000",
            "11000100110110111100000"
          ],
          [
            "00100110110111101100000",
            "00110010110111101100000"
          ],
          [
            "01010010110111101100000",
            "11010010110110101100000"
          ],
          [
            "00000110110110111110000",
            "10000100110110111110000"
          ],
          [
            "10100110110110101100000",
            "11000110110110101100000"
          ],
          [
            "00100100110111101110000",
            "00100100110111111100000"
          ],
          [
            "00100110110110111100000",
            "10100110110010111100000"
          ],
          [
            "00100100110111111100000",
            "00110000110111111100000"
          ],
          [
            "00100100110111011110000",
            "10100100110111001110000"
          ],
          [
            "11000110110110101100000",
            "11010010110110101100000"
          ],
          [
            "10100110110101101100000",
            "10100110110110101100000"
          ],
          [
            "10100100110111101100000",
            "11000100110111101100000"
          ],
          [
            "01010010110110111100000",
            "11010000110110111100000"
          ]
        ],
        [
          [
            "00100110110110111100000",
            "00110010110110111100000"
          ],
          [
            "11000100110111101100000",
            "11010000110111101100000"
          ],
          [
            "01010010110111101100000",
            "11010000110111101100000"
          ],
          [
            "00110000110111111100000",
            "01010000110111111100000"
          ],
          [
            "11000100110110111100000",
            "11010000110110111100000"
          ],
          [
            "00110010110111101100000",
            "01010010110111101100000"
          ],
          [
            "00100110110110101110000",
            "00100110110111101100000"
          ],
          [
            "00100110110101101110000",
            "10100110110100101110000"
          ],
          [
            "00110010110110111100000",
            "01010010110110111100000"
          ],
          [
            "10100100110111011100000",
            "10100100110111101100000"
          ],
          [
            "00100110110010111110000",
            "10000110110010111110000"
          ],
          [
            "01010010110110111100000",
            "11010010110110101100000"
          ],
          [
            "00100100110110111110000",
            "10100100110110111100000"
          ],
          [
            "10100100110110111100000",
            "11000100110110111100000"
          ],
          [
            "00100110110111101100000",
            "00110010110111101100000"
          ],
          [
            "00000110110110111110000",
            "10000100110110111110000"
          ],
          [
            "01010000110111111100000",
            "11010000110110111100000"
          ],
          [
            "10100110110110101100000",
            "11000110110110101100000"
          ],
          [
            "00100100110111101110000",
            "00100100110111111100000"
          ],
          [
            "00100110110110111100000",
            "10100110110010111100000"
          ],
          [
            "00100100110111011110000",
            "10100100110111001110000"
          ],
          [
            "11000110110110101100000",
            "11010010110110101100000"
          ],
          [
            "10100110110101101100000",
            "10100110110110101100000"
          ],
          [
            "10100100110111101100000",
            "11000100110111101100000"
          ],
          [
            "00100100110111111100000",
            "00110000110111111100000"
          ]
        ]
      ],
      "all_auxiliary_edges": [
        [
          "00100110110010111110000",
          "10100110110010111100000"
        ],
        [
          "00000110110110111110000",
          "10000110110010111110000"
        ],
        [
          "10100110110100101110000",
          "10100110110101101100000"
        ],
        [
          "10100100110111001110000",
          "10100100110111011100000"
        ]
      ],
      "before_edges": [
        [
          [
            "00100100110110111110000",
            "10000100110110111110000"
          ],
          [
            "00100110110110111100000",
            "00110010110110111100000"
          ],
          [
            "11000100110111101100000",
            "11010000110111101100000"
          ],
          [
            "00110000110111111100000",
            "01010000110111111100000"
          ],
          [
            "11000100110110111100000",
            "11010000110110111100000"
          ],
          [
            "00100100110111111100000",
            "10100100110111101100000"
          ],
          [
            "10100110110100101110000",
            "10100110110101101100000"
          ],
          [
            "00110010110111101100000",
            "01010010110111101100000"
          ],
          [
            "01010000110111111100000",
            "11010000110111101100000"
          ],
          [
            "00100110110111101100000",
            "10100110110110101100000"
          ],
          [
            "00110010110110111100000",
            "01010010110110111100000"
          ],
          [
            "00100110110110111100000",
            "10100100110110111100000"
          ],
          [
            "00000110110110111110000",
            "10000110110010111110000"
          ],
          [
            "10100100110110111100000",
            "11000100110110111100000"
          ],
          [
            "00100110110010111110000",
            "10100110110010111100000"
          ],
          [
            "00100110110111101100000",
            "00110010110111101100000"
          ],
          [
            "01010010110111101100000",
            "11010010110110101100000"
          ],
          [
            "10100110110110101100000",
            "11000110110110101100000"
          ],
          [
            "00100100110111111100000",
            "00110000110111111100000"
          ],
          [
            "00100100110111011110000",
            "00100100110111101110000"
          ],
          [
            "11000110110110101100000",
            "11010010110110101100000"
          ],
          [
            "10100100110111101100000",
            "11000100110111101100000"
          ],
          [
            "00100110110101101110000",
            "00100110110110101110000"
          ],
          [
            "10100100110111001110000",
            "10100100110111011100000"
          ],
          [
            "01010010110110111100000",
            "11010000110110111100000"
          ]
        ],
        [
          [
            "00100100110110111110000",
            "10000100110110111110000"
          ],
          [
            "00100110110110111100000",
            "00110010110110111100000"
          ],
          [
            "11000100110111101100000",
            "11010000110111101100000"
          ],
          [
            "01010010110111101100000",
            "11010000110111101100000"
          ],
          [
            "00110000110111111100000",
            "01010000110111111100000"
          ],
          [
            "11000100110110111100000",
            "11010000110110111100000"
          ],
          [
            "00100100110111111100000",
            "10100100110111101100000"
          ],
          [
            "10100110110100101110000",
            "10100110110101101100000"
          ],
          [
            "00110010110111101100000",
            "01010010110111101100000"
          ],
          [
            "00100110110111101100000",
            "10100110110110101100000"
          ],
          [
            "00110010110110111100000",
            "01010010110110111100000"
          ],
          [
            "00100110110110111100000",
            "10100100110110111100000"
          ],
          [
            "00000110110110111110000",
            "10000110110010111110000"
          ],
          [
            "01010010110110111100000",
            "11010010110110101100000"
          ],
          [
            "10100100110110111100000",
            "11000100110110111100000"
          ],
          [
            "00100110110010111110000",
            "10100110110010111100000"
          ],
          [
            "00100110110111101100000",
            "00110010110111101100000"
          ],
          [
            "01010000110111111100000",
            "11010000110110111100000"
          ],
          [
            "10100110110110101100000",
            "11000110110110101100000"
          ],
          [
            "00100100110111011110000",
            "00100100110111101110000"
          ],
          [
            "11000110110110101100000",
            "11010010110110101100000"
          ],
          [
            "10100100110111101100000",
            "11000100110111101100000"
          ],
          [
            "00100110110101101110000",
            "00100110110110101110000"
          ],
          [
            "10100100110111001110000",
            "10100100110111011100000"
          ],
          [
            "00100100110111111100000",
            "00110000110111111100000"
          ]
        ]
      ],
      "c8_auxiliary_edges": [
        [
          "00100110110010111110000",
          "10100110110010111100000"
        ],
        [
          "00000110110110111110000",
          "10000110110010111110000"
        ]
      ],
      "c8_new": [
        [
          "00100100110110111110000",
          "10100100110110111100000"
        ],
        [
          "00100110110110111100000",
          "10100110110010111100000"
        ],
        [
          "00100110110010111110000",
          "10000110110010111110000"
        ],
        [
          "00000110110110111110000",
          "10000100110110111110000"
        ]
      ],
      "c8_old": [
        [
          "00100100110110111110000",
          "10000100110110111110000"
        ],
        [
          "00100110110110111100000",
          "10100100110110111100000"
        ],
        [
          "00100110110010111110000",
          "10100110110010111100000"
        ],
        [
          "00000110110110111110000",
          "10000110110010111110000"
        ]
      ],
      "context_orientation": [
        "10000100110110111110000",
        "00100100110110111110000"
      ],
      "fixed_path_reports": [
        [
          {
            "cut_index": 0,
            "endpoint": "00100110110010111110000",
            "join_neighbor": "10000110110010111110000",
            "join_support": "10100000000000000000000",
            "resolved": false
          },
          {
            "cut_index": 0,
            "endpoint": "10100110110010111100000",
            "join_neighbor": "00100110110110111100000",
            "join_support": "10000000000100000000000",
            "lower_q2_equal": false,
            "one": "00110010110110111100000",
            "q2": [
              [
                "00100010110010111100000",
                "10110110110110111100000"
              ],
              [
                "00000010110110111100000",
                "01110110110110111100000"
              ]
            ],
            "repeated": "00000000000000000000000",
            "resident": true,
            "resolved": true,
            "supports": [
              "10000000000100000000000",
              "00010100000000000000000",
              "01100000000000000000000"
            ],
            "two": "01010010110110111100000",
            "union_size": 6,
            "upper_q2_equal": false
          },
          {
            "cut_index": 1,
            "endpoint": "00000110110110111110000",
            "join_neighbor": "10000100110110111110000",
            "join_support": "10000010000000000000000",
            "lower_q2_equal": false,
            "one": "11000100110100111110000",
            "q2": [
              [
                "00000100110100111110000",
                "11000110110110111110000"
              ],
              [
                "10000100110000111110000",
                "11000100111110111110000"
              ]
            ],
            "repeated": "00000000000000000000000",
            "resident": true,
            "resolved": true,
            "supports": [
              "10000010000000000000000",
              "01000000000010000000000",
              "00000000001100000000000"
            ],
            "two": "11000100111000111110000",
            "union_size": 6,
            "upper_q2_equal": false
          },
          {
            "cut_index": 1,
            "endpoint": "10000110110010111110000",
            "join_neighbor": "00100110110010111110000",
            "join_support": "10100000000000000000000",
            "resolved": false
          },
          {
            "cut_index": 2,
            "endpoint": "10100110110101101100000",
            "join_neighbor": "10100110110110101100000",
            "join_support": "00000000000011000000000",
            "lower_q2_equal": false,
            "one": "11000110110110101100000",
            "q2": [
              [
                "10000110110100101100000",
                "11100110110111101100000"
              ],
              [
                "10000010110110101100000",
                "11110110110110101100000"
              ]
            ],
            "repeated": "00000000000000000000000",
            "resident": true,
            "resolved": true,
            "supports": [
              "00000000000011000000000",
              "01100000000000000000000",
              "00010100000000000000000"
            ],
            "two": "11010010110110101100000",
            "union_size": 6,
            "upper_q2_equal": false
          },
          {
            "cut_index": 2,
            "endpoint": "10100110110100101110000",
            "join_neighbor": "00100110110101101110000",
            "join_support": "10000000000001000000000",
            "lower_q2_equal": false,
            "one": "00100110110101011110000",
            "q2": [
              [
                "00100110110100001110000",
                "10100110110101111110000"
              ],
              [
                "00100110110101001010000",
                "00100110110101111110010"
              ]
            ],
            "repeated": "00000000000000000000000",
            "resident": true,
            "resolved": true,
            "supports": [
              "10000000000001000000000",
              "00000000000000110000000",
              "00000000000000000100010"
            ],
            "two": "00100110110101011010010",
            "union_size": 6,
            "upper_q2_equal": false
          },
          {
            "cut_index": 3,
            "endpoint": "10100100110111011100000",
            "join_neighbor": "10100100110111101100000",
            "join_support": "00000000000000110000000",
            "lower_q2_equal": false,
            "one": "11000100110111101100000",
            "q2": [
              [
                "10000100110111001100000",
                "11100100110111111100000"
              ],
              [
                "10000000110111101100000",
                "11110100110111101100000"
              ]
            ],
            "repeated": "00000000000000000000000",
            "resident": true,
            "resolved": true,
            "supports": [
              "00000000000000110000000",
              "01100000000000000000000",
              "00010100000000000000000"
            ],
            "two": "11010000110111101100000",
            "union_size": 6,
            "upper_q2_equal": false
          },
          {
            "cut_index": 3,
            "endpoint": "10100100110111001110000",
            "join_neighbor": "00100100110111011110000",
            "join_support": "10000000000000010000000",
            "lower_q2_equal": false,
            "one": "00100100110111011010010",
            "q2": [
              [
                "00100100110111001010000",
                "10100100110111011110010"
              ],
              [
                "00100100110111011000000",
                "00100100110111011111010"
              ]
            ],
            "repeated": "00000000000000000000000",
            "resident": true,
            "resolved": true,
            "supports": [
              "10000000000000010000000",
              "00000000000000000100010",
              "00000000000000000011000"
            ],
            "two": "00100100110111011001010",
            "union_size": 6,
            "upper_q2_equal": false
          }
        ],
        [
          {
            "cut_index": 0,
            "endpoint": "00100110110010111110000",
            "join_neighbor": "10000110110010111110000",
            "join_support": "10100000000000000000000",
            "resolved": false
          },
          {
            "cut_index": 0,
            "endpoint": "10100110110010111100000",
            "join_neighbor": "00100110110110111100000",
            "join_support": "10000000000100000000000",
            "lower_q2_equal": false,
            "one": "00110010110110111100000",
            "q2": [
              [
                "00100010110010111100000",
                "10110110110110111100000"
              ],
              [
                "00000010110110111100000",
                "01110110110110111100000"
              ]
            ],
            "repeated": "00000000000000000000000",
            "resident": true,
            "resolved": true,
            "supports": [
              "10000000000100000000000",
              "00010100000000000000000",
              "01100000000000000000000"
            ],
            "two": "01010010110110111100000",
            "union_size": 6,
            "upper_q2_equal": false
          },
          {
            "cut_index": 1,
            "endpoint": "00000110110110111110000",
            "join_neighbor": "10000100110110111110000",
            "join_support": "10000010000000000000000",
            "lower_q2_equal": false,
            "one": "11000100110100111110000",
            "q2": [
              [
                "00000100110100111110000",
                "11000110110110111110000"
              ],
              [
                "10000100110000111110000",
                "11000100111110111110000"
              ]
            ],
            "repeated": "00000000000000000000000",
            "resident": true,
            "resolved": true,
            "supports": [
              "10000010000000000000000",
              "01000000000010000000000",
              "00000000001100000000000"
            ],
            "two": "11000100111000111110000",
            "union_size": 6,
            "upper_q2_equal": false
          },
          {
            "cut_index": 1,
            "endpoint": "10000110110010111110000",
            "join_neighbor": "00100110110010111110000",
            "join_support": "10100000000000000000000",
            "resolved": false
          },
          {
            "cut_index": 2,
            "endpoint": "10100110110101101100000",
            "join_neighbor": "10100110110110101100000",
            "join_support": "00000000000011000000000",
            "lower_q2_equal": false,
            "one": "11000110110110101100000",
            "q2": [
              [
                "10000110110100101100000",
                "11100110110111101100000"
              ],
              [
                "10000010110110101100000",
                "11110110110110101100000"
              ]
            ],
            "repeated": "00000000000000000000000",
            "resident": true,
            "resolved": true,
            "supports": [
              "00000000000011000000000",
              "01100000000000000000000",
              "00010100000000000000000"
            ],
            "two": "11010010110110101100000",
            "union_size": 6,
            "upper_q2_equal": false
          },
          {
            "cut_index": 2,
            "endpoint": "10100110110100101110000",
            "join_neighbor": "00100110110101101110000",
            "join_support": "10000000000001000000000",
            "lower_q2_equal": false,
            "one": "00100110110101011110000",
            "q2": [
              [
                "00100110110100001110000",
                "10100110110101111110000"
              ],
              [
                "00100110110101001010000",
                "00100110110101111110010"
              ]
            ],
            "repeated": "00000000000000000000000",
            "resident": true,
            "resolved": true,
            "supports": [
              "10000000000001000000000",
              "00000000000000110000000",
              "00000000000000000100010"
            ],
            "two": "00100110110101011010010",
            "union_size": 6,
            "upper_q2_equal": false
          },
          {
            "cut_index": 3,
            "endpoint": "10100100110111011100000",
            "join_neighbor": "10100100110111101100000",
            "join_support": "00000000000000110000000",
            "lower_q2_equal": false,
            "one": "11000100110111101100000",
            "q2": [
              [
                "10000100110111001100000",
                "11100100110111111100000"
              ],
              [
                "10000000110111101100000",
                "11110100110111101100000"
              ]
            ],
            "repeated": "00000000000000000000000",
            "resident": true,
            "resolved": true,
            "supports": [
              "00000000000000110000000",
              "01100000000000000000000",
              "00010100000000000000000"
            ],
            "two": "11010000110111101100000",
            "union_size": 6,
            "upper_q2_equal": false
          },
          {
            "cut_index": 3,
            "endpoint": "10100100110111001110000",
            "join_neighbor": "00100100110111011110000",
            "join_support": "10000000000000010000000",
            "lower_q2_equal": false,
            "one": "00100100110111011010010",
            "q2": [
              [
                "00100100110111001010000",
                "10100100110111011110010"
              ],
              [
                "00100100110111011000000",
                "00100100110111011111010"
              ]
            ],
            "repeated": "00000000000000000000000",
            "resident": true,
            "resolved": true,
            "supports": [
              "10000000000000010000000",
              "00000000000000000100010",
              "00000000000000000011000"
            ],
            "two": "00100100110111011001010",
            "union_size": 6,
            "upper_q2_equal": false
          }
        ]
      ],
      "internal_q2_count": [
        30,
        30
      ],
      "internal_q2_lower_delta": {},
      "internal_q2_upper_delta": {},
      "other_roles": [
        {
          "active": 6,
          "auxiliary_edge": [
            "10100110110100101110000",
            "10100110110101101100000"
          ],
          "collar": {
            "a": [
              "00100110110110101110000",
              "10100110110100101110000",
              "10100110110110101100000"
            ],
            "active": [
              18,
              0,
              12
            ],
            "b": [
              "00100110110101101110000",
              "10100110110101101100000",
              "00100110110111101100000"
            ],
            "core": "00100110110100101100000",
            "new": [
              [
                "00100110110110101110000",
                "00100110110111101100000"
              ],
              [
                "00100110110101101110000",
                "10100110110100101110000"
              ],
              [
                "10100110110101101100000",
                "10100110110110101100000"
              ]
            ],
            "old": [
              [
                "00100110110101101110000",
                "00100110110110101110000"
              ],
              [
                "10100110110100101110000",
                "10100110110101101100000"
              ],
              [
                "00100110110111101100000",
                "10100110110110101100000"
              ]
            ],
            "seam_y": 13
          },
          "h": "00100100110110101100000",
          "next_active": 13,
          "p": "00100110110111101100000",
          "q": "10100110110110101100000",
          "router_edge": [
            "00100110110111101100000",
            "10100110110110101100000"
          ],
          "z": 0
        },
        {
          "active": 13,
          "auxiliary_edge": [
            "10100100110111001110000",
            "10100100110111011100000"
          ],
          "collar": {
            "a": [
              "00100100110111101110000",
              "10100100110111001110000",
              "10100100110111101100000"
            ],
            "active": [
              18,
              0,
              14
            ],
            "b": [
              "00100100110111011110000",
              "10100100110111011100000",
              "00100100110111111100000"
            ],
            "core": "00100100110111001100000",
            "new": [
              [
                "00100100110111101110000",
                "00100100110111111100000"
              ],
              [
                "00100100110111011110000",
                "10100100110111001110000"
              ],
              [
                "10100100110111011100000",
                "10100100110111101100000"
              ]
            ],
            "old": [
              [
                "00100100110111011110000",
                "00100100110111101110000"
              ],
              [
                "10100100110111001110000",
                "10100100110111011100000"
              ],
              [
                "00100100110111111100000",
                "10100100110111101100000"
              ]
            ],
            "seam_y": 15
          },
          "h": "00100100110110101100000",
          "next_active": 15,
          "p": "00100100110111111100000",
          "q": "10100100110111101100000",
          "router_edge": [
            "00100100110111111100000",
            "10100100110111101100000"
          ],
          "z": 0
        }
      ],
      "router_cuts": [
        [
          "00100110110111101100000",
          "10100110110110101100000"
        ],
        [
          "00100100110111111100000",
          "10100100110111101100000"
        ],
        [
          "00100110110110111100000",
          "10100100110110111100000"
        ]
      ],
      "router_cycles": [
        [
          "11010010110110101100000",
          "01010010110111101100000",
          "00110010110111101100000",
          "00100110110111101100000",
          "10100110110110101100000",
          "11000110110110101100000"
        ],
        [
          "11010000110111101100000",
          "01010000110111111100000",
          "00110000110111111100000",
          "00100100110111111100000",
          "10100100110111101100000",
          "11000100110111101100000"
        ],
        [
          "11010000110110111100000",
          "01010010110110111100000",
          "00110010110110111100000",
          "00100110110110111100000",
          "10100100110110111100000",
          "11000100110110111100000"
        ]
      ],
      "router_orientation": [
        "10100100110110111100000",
        "00100110110110111100000"
      ],
      "token_permutation": [
        2,
        1,
        0
      ],
      "token_zero_port": 2,
      "witness_index": 16
    },
    {
      "after_edges": [
        [
          [
            "00100110110110111100000",
            "00110010110110111100000"
          ],
          [
            "11000100110111101100000",
            "11010000110111101100000"
          ],
          [
            "00110000110111111100000",
            "01010000110111111100000"
          ],
          [
            "11000100110110111100000",
            "11010000110110111100000"
          ],
          [
            "00110010110111101100000",
            "01010010110111101100000"
          ],
          [
            "01010000110111111100000",
            "11010000110111101100000"
          ],
          [
            "00100110110110101110000",
            "00100110110111101100000"
          ],
          [
            "00100110110101101110000",
            "10100110110100101110000"
          ],
          [
            "00110010110110111100000",
            "01010010110110111100000"
          ],
          [
            "10100100110111011100000",
            "10100100110111101100000"
          ],
          [
            "00100100110110111110000",
            "10100100110110111100000"
          ],
          [
            "10100100110110111100000",
            "11000100110110111100000"
          ],
          [
            "00100110110111101100000",
            "00110010110111101100000"
          ],
          [
            "01010010110111101100000",
            "11010010110110101100000"
          ],
          [
            "00000110110110111110000",
            "10000100110110111110000"
          ],
          [
            "00100110110100111110000",
            "10000110110100111110000"
          ],
          [
            "10100110110110101100000",
            "11000110110110101100000"
          ],
          [
            "00100100110111101110000",
            "00100100110111111100000"
          ],
          [
            "00100100110111111100000",
            "00110000110111111100000"
          ],
          [
            "00100100110111011110000",
            "10100100110111001110000"
          ],
          [
            "11000110110110101100000",
            "11010010110110101100000"
          ],
          [
            "10100110110101101100000",
            "10100110110110101100000"
          ],
          [
            "00100110110110111100000",
            "10100110110100111100000"
          ],
          [
            "10100100110111101100000",
            "11000100110111101100000"
          ],
          [
            "01010010110110111100000",
            "11010000110110111100000"
          ]
        ],
        [
          [
            "00100110110110111100000",
            "00110010110110111100000"
          ],
          [
            "11000100110111101100000",
            "11010000110111101100000"
          ],
          [
            "01010010110111101100000",
            "11010000110111101100000"
          ],
          [
            "00110000110111111100000",
            "01010000110111111100000"
          ],
          [
            "11000100110110111100000",
            "11010000110110111100000"
          ],
          [
            "00110010110111101100000",
            "01010010110111101100000"
          ],
          [
            "00100110110110101110000",
            "00100110110111101100000"
          ],
          [
            "00100110110101101110000",
            "10100110110100101110000"
          ],
          [
            "00110010110110111100000",
            "01010010110110111100000"
          ],
          [
            "10100100110111011100000",
            "10100100110111101100000"
          ],
          [
            "01010010110110111100000",
            "11010010110110101100000"
          ],
          [
            "00100100110110111110000",
            "10100100110110111100000"
          ],
          [
            "10100100110110111100000",
            "11000100110110111100000"
          ],
          [
            "00100110110111101100000",
            "00110010110111101100000"
          ],
          [
            "00000110110110111110000",
            "10000100110110111110000"
          ],
          [
            "01010000110111111100000",
            "11010000110110111100000"
          ],
          [
            "10100110110110101100000",
            "11000110110110101100000"
          ],
          [
            "00100100110111101110000",
            "00100100110111111100000"
          ],
          [
            "00100110110100111110000",
            "10000110110100111110000"
          ],
          [
            "00100100110111011110000",
            "10100100110111001110000"
          ],
          [
            "11000110110110101100000",
            "11010010110110101100000"
          ],
          [
            "10100110110101101100000",
            "10100110110110101100000"
          ],
          [
            "00100110110110111100000",
            "10100110110100111100000"
          ],
          [
            "10100100110111101100000",
            "11000100110111101100000"
          ],
          [
            "00100100110111111100000",
            "00110000110111111100000"
          ]
        ]
      ],
      "all_auxiliary_edges": [
        [
          "00100110110100111110000",
          "10100110110100111100000"
        ],
        [
          "00000110110110111110000",
          "10000110110100111110000"
        ],
        [
          "10100110110100101110000",
          "10100110110101101100000"
        ],
        [
          "10100100110111001110000",
          "10100100110111011100000"
        ]
      ],
      "before_edges": [
        [
          [
            "00100100110110111110000",
            "10000100110110111110000"
          ],
          [
            "00100110110110111100000",
            "00110010110110111100000"
          ],
          [
            "00100110110100111110000",
            "10100110110100111100000"
          ],
          [
            "11000100110111101100000",
            "11010000110111101100000"
          ],
          [
            "00110000110111111100000",
            "01010000110111111100000"
          ],
          [
            "11000100110110111100000",
            "11010000110110111100000"
          ],
          [
            "00100100110111111100000",
            "10100100110111101100000"
          ],
          [
            "10100110110100101110000",
            "10100110110101101100000"
          ],
          [
            "00110010110111101100000",
            "01010010110111101100000"
          ],
          [
            "01010000110111111100000",
            "11010000110111101100000"
          ],
          [
            "00100110110111101100000",
            "10100110110110101100000"
          ],
          [
            "00110010110110111100000",
            "01010010110110111100000"
          ],
          [
            "00100110110110111100000",
            "10100100110110111100000"
          ],
          [
            "10100100110110111100000",
            "11000100110110111100000"
          ],
          [
            "00100110110111101100000",
            "00110010110111101100000"
          ],
          [
            "01010010110111101100000",
            "11010010110110101100000"
          ],
          [
            "10100110110110101100000",
            "11000110110110101100000"
          ],
          [
            "00100100110111111100000",
            "00110000110111111100000"
          ],
          [
            "00100100110111011110000",
            "00100100110111101110000"
          ],
          [
            "11000110110110101100000",
            "11010010110110101100000"
          ],
          [
            "10100100110111101100000",
            "11000100110111101100000"
          ],
          [
            "00000110110110111110000",
            "10000110110100111110000"
          ],
          [
            "00100110110101101110000",
            "00100110110110101110000"
          ],
          [
            "10100100110111001110000",
            "10100100110111011100000"
          ],
          [
            "01010010110110111100000",
            "11010000110110111100000"
          ]
        ],
        [
          [
            "00100100110110111110000",
            "10000100110110111110000"
          ],
          [
            "00100110110110111100000",
            "00110010110110111100000"
          ],
          [
            "00100110110100111110000",
            "10100110110100111100000"
          ],
          [
            "11000100110111101100000",
            "11010000110111101100000"
          ],
          [
            "01010010110111101100000",
            "11010000110111101100000"
          ],
          [
            "00110000110111111100000",
            "01010000110111111100000"
          ],
          [
            "11000100110110111100000",
            "11010000110110111100000"
          ],
          [
            "00100100110111111100000",
            "10100100110111101100000"
          ],
          [
            "10100110110100101110000",
            "10100110110101101100000"
          ],
          [
            "00110010110111101100000",
            "01010010110111101100000"
          ],
          [
            "00100110110111101100000",
            "10100110110110101100000"
          ],
          [
            "00110010110110111100000",
            "01010010110110111100000"
          ],
          [
            "00100110110110111100000",
            "10100100110110111100000"
          ],
          [
            "01010010110110111100000",
            "11010010110110101100000"
          ],
          [
            "10100100110110111100000",
            "11000100110110111100000"
          ],
          [
            "00100110110111101100000",
            "00110010110111101100000"
          ],
          [
            "01010000110111111100000",
            "11010000110110111100000"
          ],
          [
            "10100110110110101100000",
            "11000110110110101100000"
          ],
          [
            "00100100110111011110000",
            "00100100110111101110000"
          ],
          [
            "11000110110110101100000",
            "11010010110110101100000"
          ],
          [
            "10100100110111101100000",
            "11000100110111101100000"
          ],
          [
            "00000110110110111110000",
            "10000110110100111110000"
          ],
          [
            "00100110110101101110000",
            "00100110110110101110000"
          ],
          [
            "10100100110111001110000",
            "10100100110111011100000"
          ],
          [
            "00100100110111111100000",
            "00110000110111111100000"
          ]
        ]
      ],
      "c8_auxiliary_edges": [
        [
          "00100110110100111110000",
          "10100110110100111100000"
        ],
        [
          "00000110110110111110000",
          "10000110110100111110000"
        ]
      ],
      "c8_new": [
        [
          "00100100110110111110000",
          "10100100110110111100000"
        ],
        [
          "00100110110110111100000",
          "10100110110100111100000"
        ],
        [
          "00100110110100111110000",
          "10000110110100111110000"
        ],
        [
          "00000110110110111110000",
          "10000100110110111110000"
        ]
      ],
      "c8_old": [
        [
          "00100100110110111110000",
          "10000100110110111110000"
        ],
        [
          "00100110110110111100000",
          "10100100110110111100000"
        ],
        [
          "00100110110100111110000",
          "10100110110100111100000"
        ],
        [
          "00000110110110111110000",
          "10000110110100111110000"
        ]
      ],
      "context_orientation": [
        "10000100110110111110000",
        "00100100110110111110000"
      ],
      "fixed_path_reports": [
        [
          {
            "cut_index": 0,
            "endpoint": "00100110110100111110000",
            "join_neighbor": "10000110110100111110000",
            "join_support": "10100000000000000000000",
            "resolved": false
          },
          {
            "cut_index": 0,
            "endpoint": "10100110110100111100000",
            "join_neighbor": "00100110110110111100000",
            "join_support": "10000000000010000000000",
            "lower_q2_equal": false,
            "one": "00110010110110111100000",
            "q2": [
              [
                "00100010110100111100000",
                "10110110110110111100000"
              ],
              [
                "00000010110110111100000",
                "01110110110110111100000"
              ]
            ],
            "repeated": "00000000000000000000000",
            "resident": true,
            "resolved": true,
            "supports": [
              "10000000000010000000000",
              "00010100000000000000000",
              "01100000000000000000000"
            ],
            "two": "01010010110110111100000",
            "union_size": 6,
            "upper_q2_equal": false
          },
          {
            "cut_index": 1,
            "endpoint": "00000110110110111110000",
            "join_neighbor": "10000100110110111110000",
            "join_support": "10000010000000000000000",
            "lower_q2_equal": false,
            "one": "11000100110100111110000",
            "q2": [
              [
                "00000100110100111110000",
                "11000110110110111110000"
              ],
              [
                "10000100110000111110000",
                "11000100111110111110000"
              ]
            ],
            "repeated": "00000000000000000000000",
            "resident": true,
            "resolved": true,
            "supports": [
              "10000010000000000000000",
              "01000000000010000000000",
              "00000000001100000000000"
            ],
            "two": "11000100111000111110000",
            "union_size": 6,
            "upper_q2_equal": false
          },
          {
            "cut_index": 1,
            "endpoint": "10000110110100111110000",
            "join_neighbor": "00100110110100111110000",
            "join_support": "10100000000000000000000",
            "resolved": false
          },
          {
            "cut_index": 2,
            "endpoint": "10100110110101101100000",
            "join_neighbor": "10100110110110101100000",
            "join_support": "00000000000011000000000",
            "lower_q2_equal": false,
            "one": "11000110110110101100000",
            "q2": [
              [
                "10000110110100101100000",
                "11100110110111101100000"
              ],
              [
                "10000010110110101100000",
                "11110110110110101100000"
              ]
            ],
            "repeated": "00000000000000000000000",
            "resident": true,
            "resolved": true,
            "supports": [
              "00000000000011000000000",
              "01100000000000000000000",
              "00010100000000000000000"
            ],
            "two": "11010010110110101100000",
            "union_size": 6,
            "upper_q2_equal": false
          },
          {
            "cut_index": 2,
            "endpoint": "10100110110100101110000",
            "join_neighbor": "00100110110101101110000",
            "join_support": "10000000000001000000000",
            "lower_q2_equal": false,
            "one": "00100110110101011110000",
            "q2": [
              [
                "00100110110100001110000",
                "10100110110101111110000"
              ],
              [
                "00100110110101001010000",
                "00100110110101111110010"
              ]
            ],
            "repeated": "00000000000000000000000",
            "resident": true,
            "resolved": true,
            "supports": [
              "10000000000001000000000",
              "00000000000000110000000",
              "00000000000000000100010"
            ],
            "two": "00100110110101011010010",
            "union_size": 6,
            "upper_q2_equal": false
          },
          {
            "cut_index": 3,
            "endpoint": "10100100110111011100000",
            "join_neighbor": "10100100110111101100000",
            "join_support": "00000000000000110000000",
            "lower_q2_equal": false,
            "one": "11000100110111101100000",
            "q2": [
              [
                "10000100110111001100000",
                "11100100110111111100000"
              ],
              [
                "10000000110111101100000",
                "11110100110111101100000"
              ]
            ],
            "repeated": "00000000000000000000000",
            "resident": true,
            "resolved": true,
            "supports": [
              "00000000000000110000000",
              "01100000000000000000000",
              "00010100000000000000000"
            ],
            "two": "11010000110111101100000",
            "union_size": 6,
            "upper_q2_equal": false
          },
          {
            "cut_index": 3,
            "endpoint": "10100100110111001110000",
            "join_neighbor": "00100100110111011110000",
            "join_support": "10000000000000010000000",
            "lower_q2_equal": false,
            "one": "00100100110111011010010",
            "q2": [
              [
                "00100100110111001010000",
                "10100100110111011110010"
              ],
              [
                "00100100110111011000000",
                "00100100110111011111010"
              ]
            ],
            "repeated": "00000000000000000000000",
            "resident": true,
            "resolved": true,
            "supports": [
              "10000000000000010000000",
              "00000000000000000100010",
              "00000000000000000011000"
            ],
            "two": "00100100110111011001010",
            "union_size": 6,
            "upper_q2_equal": false
          }
        ],
        [
          {
            "cut_index": 0,
            "endpoint": "00100110110100111110000",
            "join_neighbor": "10000110110100111110000",
            "join_support": "10100000000000000000000",
            "resolved": false
          },
          {
            "cut_index": 0,
            "endpoint": "10100110110100111100000",
            "join_neighbor": "00100110110110111100000",
            "join_support": "10000000000010000000000",
            "lower_q2_equal": false,
            "one": "00110010110110111100000",
            "q2": [
              [
                "00100010110100111100000",
                "10110110110110111100000"
              ],
              [
                "00000010110110111100000",
                "01110110110110111100000"
              ]
            ],
            "repeated": "00000000000000000000000",
            "resident": true,
            "resolved": true,
            "supports": [
              "10000000000010000000000",
              "00010100000000000000000",
              "01100000000000000000000"
            ],
            "two": "01010010110110111100000",
            "union_size": 6,
            "upper_q2_equal": false
          },
          {
            "cut_index": 1,
            "endpoint": "00000110110110111110000",
            "join_neighbor": "10000100110110111110000",
            "join_support": "10000010000000000000000",
            "lower_q2_equal": false,
            "one": "11000100110100111110000",
            "q2": [
              [
                "00000100110100111110000",
                "11000110110110111110000"
              ],
              [
                "10000100110000111110000",
                "11000100111110111110000"
              ]
            ],
            "repeated": "00000000000000000000000",
            "resident": true,
            "resolved": true,
            "supports": [
              "10000010000000000000000",
              "01000000000010000000000",
              "00000000001100000000000"
            ],
            "two": "11000100111000111110000",
            "union_size": 6,
            "upper_q2_equal": false
          },
          {
            "cut_index": 1,
            "endpoint": "10000110110100111110000",
            "join_neighbor": "00100110110100111110000",
            "join_support": "10100000000000000000000",
            "resolved": false
          },
          {
            "cut_index": 2,
            "endpoint": "10100110110101101100000",
            "join_neighbor": "10100110110110101100000",
            "join_support": "00000000000011000000000",
            "lower_q2_equal": false,
            "one": "11000110110110101100000",
            "q2": [
              [
                "10000110110100101100000",
                "11100110110111101100000"
              ],
              [
                "10000010110110101100000",
                "11110110110110101100000"
              ]
            ],
            "repeated": "00000000000000000000000",
            "resident": true,
            "resolved": true,
            "supports": [
              "00000000000011000000000",
              "01100000000000000000000",
              "00010100000000000000000"
            ],
            "two": "11010010110110101100000",
            "union_size": 6,
            "upper_q2_equal": false
          },
          {
            "cut_index": 2,
            "endpoint": "10100110110100101110000",
            "join_neighbor": "00100110110101101110000",
            "join_support": "10000000000001000000000",
            "lower_q2_equal": false,
            "one": "00100110110101011110000",
            "q2": [
              [
                "00100110110100001110000",
                "10100110110101111110000"
              ],
              [
                "00100110110101001010000",
                "00100110110101111110010"
              ]
            ],
            "repeated": "00000000000000000000000",
            "resident": true,
            "resolved": true,
            "supports": [
              "10000000000001000000000",
              "00000000000000110000000",
              "00000000000000000100010"
            ],
            "two": "00100110110101011010010",
            "union_size": 6,
            "upper_q2_equal": false
          },
          {
            "cut_index": 3,
            "endpoint": "10100100110111011100000",
            "join_neighbor": "10100100110111101100000",
            "join_support": "00000000000000110000000",
            "lower_q2_equal": false,
            "one": "11000100110111101100000",
            "q2": [
              [
                "10000100110111001100000",
                "11100100110111111100000"
              ],
              [
                "10000000110111101100000",
                "11110100110111101100000"
              ]
            ],
            "repeated": "00000000000000000000000",
            "resident": true,
            "resolved": true,
            "supports": [
              "00000000000000110000000",
              "01100000000000000000000",
              "00010100000000000000000"
            ],
            "two": "11010000110111101100000",
            "union_size": 6,
            "upper_q2_equal": false
          },
          {
            "cut_index": 3,
            "endpoint": "10100100110111001110000",
            "join_neighbor": "00100100110111011110000",
            "join_support": "10000000000000010000000",
            "lower_q2_equal": false,
            "one": "00100100110111011010010",
            "q2": [
              [
                "00100100110111001010000",
                "10100100110111011110010"
              ],
              [
                "00100100110111011000000",
                "00100100110111011111010"
              ]
            ],
            "repeated": "00000000000000000000000",
            "resident": true,
            "resolved": true,
            "supports": [
              "10000000000000010000000",
              "00000000000000000100010",
              "00000000000000000011000"
            ],
            "two": "00100100110111011001010",
            "union_size": 6,
            "upper_q2_equal": false
          }
        ]
      ],
      "internal_q2_count": [
        30,
        30
      ],
      "internal_q2_lower_delta": {},
      "internal_q2_upper_delta": {},
      "other_roles": [
        {
          "active": 6,
          "auxiliary_edge": [
            "10100110110100101110000",
            "10100110110101101100000"
          ],
          "collar": {
            "a": [
              "00100110110110101110000",
              "10100110110100101110000",
              "10100110110110101100000"
            ],
            "active": [
              18,
              0,
              12
            ],
            "b": [
              "00100110110101101110000",
              "10100110110101101100000",
              "00100110110111101100000"
            ],
            "core": "00100110110100101100000",
            "new": [
              [
                "00100110110110101110000",
                "00100110110111101100000"
              ],
              [
                "00100110110101101110000",
                "10100110110100101110000"
              ],
              [
                "10100110110101101100000",
                "10100110110110101100000"
              ]
            ],
            "old": [
              [
                "00100110110101101110000",
                "00100110110110101110000"
              ],
              [
                "10100110110100101110000",
                "10100110110101101100000"
              ],
              [
                "00100110110111101100000",
                "10100110110110101100000"
              ]
            ],
            "seam_y": 13
          },
          "h": "00100100110110101100000",
          "next_active": 13,
          "p": "00100110110111101100000",
          "q": "10100110110110101100000",
          "router_edge": [
            "00100110110111101100000",
            "10100110110110101100000"
          ],
          "z": 0
        },
        {
          "active": 13,
          "auxiliary_edge": [
            "10100100110111001110000",
            "10100100110111011100000"
          ],
          "collar": {
            "a": [
              "00100100110111101110000",
              "10100100110111001110000",
              "10100100110111101100000"
            ],
            "active": [
              18,
              0,
              14
            ],
            "b": [
              "00100100110111011110000",
              "10100100110111011100000",
              "00100100110111111100000"
            ],
            "core": "00100100110111001100000",
            "new": [
              [
                "00100100110111101110000",
                "00100100110111111100000"
              ],
              [
                "00100100110111011110000",
                "10100100110111001110000"
              ],
              [
                "10100100110111011100000",
                "10100100110111101100000"
              ]
            ],
            "old": [
              [
                "00100100110111011110000",
                "00100100110111101110000"
              ],
              [
                "10100100110111001110000",
                "10100100110111011100000"
              ],
              [
                "00100100110111111100000",
                "10100100110111101100000"
              ]
            ],
            "seam_y": 15
          },
          "h": "00100100110110101100000",
          "next_active": 15,
          "p": "00100100110111111100000",
          "q": "10100100110111101100000",
          "router_edge": [
            "00100100110111111100000",
            "10100100110111101100000"
          ],
          "z": 0
        }
      ],
      "router_cuts": [
        [
          "00100110110111101100000",
          "10100110110110101100000"
        ],
        [
          "00100100110111111100000",
          "10100100110111101100000"
        ],
        [
          "00100110110110111100000",
          "10100100110110111100000"
        ]
      ],
      "router_cycles": [
        [
          "11010010110110101100000",
          "01010010110111101100000",
          "00110010110111101100000",
          "00100110110111101100000",
          "10100110110110101100000",
          "11000110110110101100000"
        ],
        [
          "11010000110111101100000",
          "01010000110111111100000",
          "00110000110111111100000",
          "00100100110111111100000",
          "10100100110111101100000",
          "11000100110111101100000"
        ],
        [
          "11010000110110111100000",
          "01010010110110111100000",
          "00110010110110111100000",
          "00100110110110111100000",
          "10100100110110111100000",
          "11000100110110111100000"
        ]
      ],
      "router_orientation": [
        "10100100110110111100000",
        "00100110110110111100000"
      ],
      "token_permutation": [
        2,
        1,
        0
      ],
      "token_zero_port": 2,
      "witness_index": 16
    },
    {
      "after_edges": [
        [
          [
            "00100110110110111100000",
            "00110010110110111100000"
          ],
          [
            "11000100110111101100000",
            "11010000110111101100000"
          ],
          [
            "00110000110111111100000",
            "01010000110111111100000"
          ],
          [
            "11000100110110111100000",
            "11010000110110111100000"
          ],
          [
            "00110010110111101100000",
            "01010010110111101100000"
          ],
          [
            "01010000110111111100000",
            "11010000110111101100000"
          ],
          [
            "00100110110110111100000",
            "10100110100110111100000"
          ],
          [
            "00100110110110101110000",
            "00100110110111101100000"
          ],
          [
            "00100110110101101110000",
            "10100110110100101110000"
          ],
          [
            "00110010110110111100000",
            "01010010110110111100000"
          ],
          [
            "10100100110111011100000",
            "10100100110111101100000"
          ],
          [
            "00100100110110111110000",
            "10100100110110111100000"
          ],
          [
            "10100100110110111100000",
            "11000100110110111100000"
          ],
          [
            "00100110110111101100000",
            "00110010110111101100000"
          ],
          [
            "01010010110111101100000",
            "11010010110110101100000"
          ],
          [
            "00000110110110111110000",
            "10000100110110111110000"
          ],
          [
            "10100110110110101100000",
            "11000110110110101100000"
          ],
          [
            "00100100110111101110000",
            "00100100110111111100000"
          ],
          [
            "00100100110111111100000",
            "00110000110111111100000"
          ],
          [
            "00100100110111011110000",
            "10100100110111001110000"
          ],
          [
            "11000110110110101100000",
            "11010010110110101100000"
          ],
          [
            "10100110110101101100000",
            "10100110110110101100000"
          ],
          [
            "10100100110111101100000",
            "11000100110111101100000"
          ],
          [
            "00100110100110111110000",
            "10000110100110111110000"
          ],
          [
            "01010010110110111100000",
            "11010000110110111100000"
          ]
        ],
        [
          [
            "00100110110110111100000",
            "00110010110110111100000"
          ],
          [
            "11000100110111101100000",
            "11010000110111101100000"
          ],
          [
            "01010010110111101100000",
            "11010000110111101100000"
          ],
          [
            "00110000110111111100000",
            "01010000110111111100000"
          ],
          [
            "11000100110110111100000",
            "11010000110110111100000"
          ],
          [
            "00110010110111101100000",
            "01010010110111101100000"
          ],
          [
            "00100110110110111100000",
            "10100110100110111100000"
          ],
          [
            "00100110110110101110000",
            "00100110110111101100000"
          ],
          [
            "00100110110101101110000",
            "10100110110100101110000"
          ],
          [
            "00110010110110111100000",
            "01010010110110111100000"
          ],
          [
            "10100100110111011100000",
            "10100100110111101100000"
          ],
          [
            "01010010110110111100000",
            "11010010110110101100000"
          ],
          [
            "00100100110110111110000",
            "10100100110110111100000"
          ],
          [
            "10100100110110111100000",
            "11000100110110111100000"
          ],
          [
            "00100110110111101100000",
            "00110010110111101100000"
          ],
          [
            "00000110110110111110000",
            "10000100110110111110000"
          ],
          [
            "01010000110111111100000",
            "11010000110110111100000"
          ],
          [
            "10100110110110101100000",
            "11000110110110101100000"
          ],
          [
            "00100100110111101110000",
            "00100100110111111100000"
          ],
          [
            "00100100110111011110000",
            "10100100110111001110000"
          ],
          [
            "11000110110110101100000",
            "11010010110110101100000"
          ],
          [
            "10100110110101101100000",
            "10100110110110101100000"
          ],
          [
            "10100100110111101100000",
            "11000100110111101100000"
          ],
          [
            "00100110100110111110000",
            "10000110100110111110000"
          ],
          [
            "00100100110111111100000",
            "00110000110111111100000"
          ]
        ]
      ],
      "all_auxiliary_edges": [
        [
          "00100110100110111110000",
          "10100110100110111100000"
        ],
        [
          "00000110110110111110000",
          "10000110100110111110000"
        ],
        [
          "10100110110100101110000",
          "10100110110101101100000"
        ],
        [
          "10100100110111001110000",
          "10100100110111011100000"
        ]
      ],
      "before_edges": [
        [
          [
            "00100100110110111110000",
            "10000100110110111110000"
          ],
          [
            "00100110110110111100000",
            "00110010110110111100000"
          ],
          [
            "11000100110111101100000",
            "11010000110111101100000"
          ],
          [
            "00110000110111111100000",
            "01010000110111111100000"
          ],
          [
            "11000100110110111100000",
            "11010000110110111100000"
          ],
          [
            "00100100110111111100000",
            "10100100110111101100000"
          ],
          [
            "10100110110100101110000",
            "10100110110101101100000"
          ],
          [
            "00110010110111101100000",
            "01010010110111101100000"
          ],
          [
            "01010000110111111100000",
            "11010000110111101100000"
          ],
          [
            "00100110110111101100000",
            "10100110110110101100000"
          ],
          [
            "00110010110110111100000",
            "01010010110110111100000"
          ],
          [
            "00100110100110111110000",
            "10100110100110111100000"
          ],
          [
            "00100110110110111100000",
            "10100100110110111100000"
          ],
          [
            "10100100110110111100000",
            "11000100110110111100000"
          ],
          [
            "00100110110111101100000",
            "00110010110111101100000"
          ],
          [
            "01010010110111101100000",
            "11010010110110101100000"
          ],
          [
            "00000110110110111110000",
            "10000110100110111110000"
          ],
          [
            "10100110110110101100000",
            "11000110110110101100000"
          ],
          [
            "00100100110111111100000",
            "00110000110111111100000"
          ],
          [
            "00100100110111011110000",
            "00100100110111101110000"
          ],
          [
            "11000110110110101100000",
            "11010010110110101100000"
          ],
          [
            "10100100110111101100000",
            "11000100110111101100000"
          ],
          [
            "00100110110101101110000",
            "00100110110110101110000"
          ],
          [
            "10100100110111001110000",
            "10100100110111011100000"
          ],
          [
            "01010010110110111100000",
            "11010000110110111100000"
          ]
        ],
        [
          [
            "00100100110110111110000",
            "10000100110110111110000"
          ],
          [
            "00100110110110111100000",
            "00110010110110111100000"
          ],
          [
            "11000100110111101100000",
            "11010000110111101100000"
          ],
          [
            "01010010110111101100000",
            "11010000110111101100000"
          ],
          [
            "00110000110111111100000",
            "01010000110111111100000"
          ],
          [
            "11000100110110111100000",
            "11010000110110111100000"
          ],
          [
            "00100100110111111100000",
            "10100100110111101100000"
          ],
          [
            "10100110110100101110000",
            "10100110110101101100000"
          ],
          [
            "00110010110111101100000",
            "01010010110111101100000"
          ],
          [
            "00100110110111101100000",
            "10100110110110101100000"
          ],
          [
            "00110010110110111100000",
            "01010010110110111100000"
          ],
          [
            "00100110100110111110000",
            "10100110100110111100000"
          ],
          [
            "00100110110110111100000",
            "10100100110110111100000"
          ],
          [
            "01010010110110111100000",
            "11010010110110101100000"
          ],
          [
            "10100100110110111100000",
            "11000100110110111100000"
          ],
          [
            "00100110110111101100000",
            "00110010110111101100000"
          ],
          [
            "01010000110111111100000",
            "11010000110110111100000"
          ],
          [
            "10100110110110101100000",
            "11000110110110101100000"
          ],
          [
            "00000110110110111110000",
            "10000110100110111110000"
          ],
          [
            "00100100110111011110000",
            "00100100110111101110000"
          ],
          [
            "11000110110110101100000",
            "11010010110110101100000"
          ],
          [
            "10100100110111101100000",
            "11000100110111101100000"
          ],
          [
            "00100110110101101110000",
            "00100110110110101110000"
          ],
          [
            "10100100110111001110000",
            "10100100110111011100000"
          ],
          [
            "00100100110111111100000",
            "00110000110111111100000"
          ]
        ]
      ],
      "c8_auxiliary_edges": [
        [
          "00100110100110111110000",
          "10100110100110111100000"
        ],
        [
          "00000110110110111110000",
          "10000110100110111110000"
        ]
      ],
      "c8_new": [
        [
          "00100100110110111110000",
          "10100100110110111100000"
        ],
        [
          "00100110110110111100000",
          "10100110100110111100000"
        ],
        [
          "00100110100110111110000",
          "10000110100110111110000"
        ],
        [
          "00000110110110111110000",
          "10000100110110111110000"
        ]
      ],
      "c8_old": [
        [
          "00100100110110111110000",
          "10000100110110111110000"
        ],
        [
          "00100110110110111100000",
          "10100100110110111100000"
        ],
        [
          "00100110100110111110000",
          "10100110100110111100000"
        ],
        [
          "00000110110110111110000",
          "10000110100110111110000"
        ]
      ],
      "context_orientation": [
        "10000100110110111110000",
        "00100100110110111110000"
      ],
      "fixed_path_reports": [
        [
          {
            "cut_index": 0,
            "endpoint": "10100110100110111100000",
            "join_neighbor": "00100110110110111100000",
            "join_support": "10000000010000000000000",
            "lower_q2_equal": false,
            "one": "00110010110110111100000",
            "q2": [
              [
                "00100010100110111100000",
                "10110110110110111100000"
              ],
              [
                "00000010110110111100000",
                "01110110110110111100000"
              ]
            ],
            "repeated": "00000000000000000000000",
            "resident": true,
            "resolved": true,
            "supports": [
              "10000000010000000000000",
              "00010100000000000000000",
              "01100000000000000000000"
            ],
            "two": "01010010110110111100000",
            "union_size": 6,
            "upper_q2_equal": false
          },
          {
            "cut_index": 0,
            "endpoint": "00100110100110111110000",
            "join_neighbor": "10000110100110111110000",
            "join_support": "10100000000000000000000",
            "resolved": false
          },
          {
            "cut_index": 1,
            "endpoint": "10000110100110111110000",
            "join_neighbor": "00100110100110111110000",
            "join_support": "10100000000000000000000",
            "resolved": false
          },
          {
            "cut_index": 1,
            "endpoint": "00000110110110111110000",
            "join_neighbor": "10000100110110111110000",
            "join_support": "10000010000000000000000",
            "lower_q2_equal": false,
            "one": "11000100110100111110000",
            "q2": [
              [
                "00000100110100111110000",
                "11000110110110111110000"
              ],
              [
                "10000100110000111110000",
                "11000100111110111110000"
              ]
            ],
            "repeated": "00000000000000000000000",
            "resident": true,
            "resolved": true,
            "supports": [
              "10000010000000000000000",
              "01000000000010000000000",
              "00000000001100000000000"
            ],
            "two": "11000100111000111110000",
            "union_size": 6,
            "upper_q2_equal": false
          },
          {
            "cut_index": 2,
            "endpoint": "10100110110101101100000",
            "join_neighbor": "10100110110110101100000",
            "join_support": "00000000000011000000000",
            "lower_q2_equal": false,
            "one": "11000110110110101100000",
            "q2": [
              [
                "10000110110100101100000",
                "11100110110111101100000"
              ],
              [
                "10000010110110101100000",
                "11110110110110101100000"
              ]
            ],
            "repeated": "00000000000000000000000",
            "resident": true,
            "resolved": true,
            "supports": [
              "00000000000011000000000",
              "01100000000000000000000",
              "00010100000000000000000"
            ],
            "two": "11010010110110101100000",
            "union_size": 6,
            "upper_q2_equal": false
          },
          {
            "cut_index": 2,
            "endpoint": "10100110110100101110000",
            "join_neighbor": "00100110110101101110000",
            "join_support": "10000000000001000000000",
            "lower_q2_equal": false,
            "one": "00100110110101011110000",
            "q2": [
              [
                "00100110110100001110000",
                "10100110110101111110000"
              ],
              [
                "00100110110101001010000",
                "00100110110101111110010"
              ]
            ],
            "repeated": "00000000000000000000000",
            "resident": true,
            "resolved": true,
            "supports": [
              "10000000000001000000000",
              "00000000000000110000000",
              "00000000000000000100010"
            ],
            "two": "00100110110101011010010",
            "union_size": 6,
            "upper_q2_equal": false
          },
          {
            "cut_index": 3,
            "endpoint": "10100100110111011100000",
            "join_neighbor": "10100100110111101100000",
            "join_support": "00000000000000110000000",
            "lower_q2_equal": false,
            "one": "11000100110111101100000",
            "q2": [
              [
                "10000100110111001100000",
                "11100100110111111100000"
              ],
              [
                "10000000110111101100000",
                "11110100110111101100000"
              ]
            ],
            "repeated": "00000000000000000000000",
            "resident": true,
            "resolved": true,
            "supports": [
              "00000000000000110000000",
              "01100000000000000000000",
              "00010100000000000000000"
            ],
            "two": "11010000110111101100000",
            "union_size": 6,
            "upper_q2_equal": false
          },
          {
            "cut_index": 3,
            "endpoint": "10100100110111001110000",
            "join_neighbor": "00100100110111011110000",
            "join_support": "10000000000000010000000",
            "lower_q2_equal": false,
            "one": "00100100110111011010010",
            "q2": [
              [
                "00100100110111001010000",
                "10100100110111011110010"
              ],
              [
                "00100100110111011000000",
                "00100100110111011111010"
              ]
            ],
            "repeated": "00000000000000000000000",
            "resident": true,
            "resolved": true,
            "supports": [
              "10000000000000010000000",
              "00000000000000000100010",
              "00000000000000000011000"
            ],
            "two": "00100100110111011001010",
            "union_size": 6,
            "upper_q2_equal": false
          }
        ],
        [
          {
            "cut_index": 0,
            "endpoint": "10100110100110111100000",
            "join_neighbor": "00100110110110111100000",
            "join_support": "10000000010000000000000",
            "lower_q2_equal": false,
            "one": "00110010110110111100000",
            "q2": [
              [
                "00100010100110111100000",
                "10110110110110111100000"
              ],
              [
                "00000010110110111100000",
                "01110110110110111100000"
              ]
            ],
            "repeated": "00000000000000000000000",
            "resident": true,
            "resolved": true,
            "supports": [
              "10000000010000000000000",
              "00010100000000000000000",
              "01100000000000000000000"
            ],
            "two": "01010010110110111100000",
            "union_size": 6,
            "upper_q2_equal": false
          },
          {
            "cut_index": 0,
            "endpoint": "00100110100110111110000",
            "join_neighbor": "10000110100110111110000",
            "join_support": "10100000000000000000000",
            "resolved": false
          },
          {
            "cut_index": 1,
            "endpoint": "10000110100110111110000",
            "join_neighbor": "00100110100110111110000",
            "join_support": "10100000000000000000000",
            "resolved": false
          },
          {
            "cut_index": 1,
            "endpoint": "00000110110110111110000",
            "join_neighbor": "10000100110110111110000",
            "join_support": "10000010000000000000000",
            "lower_q2_equal": false,
            "one": "11000100110100111110000",
            "q2": [
              [
                "00000100110100111110000",
                "11000110110110111110000"
              ],
              [
                "10000100110000111110000",
                "11000100111110111110000"
              ]
            ],
            "repeated": "00000000000000000000000",
            "resident": true,
            "resolved": true,
            "supports": [
              "10000010000000000000000",
              "01000000000010000000000",
              "00000000001100000000000"
            ],
            "two": "11000100111000111110000",
            "union_size": 6,
            "upper_q2_equal": false
          },
          {
            "cut_index": 2,
            "endpoint": "10100110110101101100000",
            "join_neighbor": "10100110110110101100000",
            "join_support": "00000000000011000000000",
            "lower_q2_equal": false,
            "one": "11000110110110101100000",
            "q2": [
              [
                "10000110110100101100000",
                "11100110110111101100000"
              ],
              [
                "10000010110110101100000",
                "11110110110110101100000"
              ]
            ],
            "repeated": "00000000000000000000000",
            "resident": true,
            "resolved": true,
            "supports": [
              "00000000000011000000000",
              "01100000000000000000000",
              "00010100000000000000000"
            ],
            "two": "11010010110110101100000",
            "union_size": 6,
            "upper_q2_equal": false
          },
          {
            "cut_index": 2,
            "endpoint": "10100110110100101110000",
            "join_neighbor": "00100110110101101110000",
            "join_support": "10000000000001000000000",
            "lower_q2_equal": false,
            "one": "00100110110101011110000",
            "q2": [
              [
                "00100110110100001110000",
                "10100110110101111110000"
              ],
              [
                "00100110110101001010000",
                "00100110110101111110010"
              ]
            ],
            "repeated": "00000000000000000000000",
            "resident": true,
            "resolved": true,
            "supports": [
              "10000000000001000000000",
              "00000000000000110000000",
              "00000000000000000100010"
            ],
            "two": "00100110110101011010010",
            "union_size": 6,
            "upper_q2_equal": false
          },
          {
            "cut_index": 3,
            "endpoint": "10100100110111011100000",
            "join_neighbor": "10100100110111101100000",
            "join_support": "00000000000000110000000",
            "lower_q2_equal": false,
            "one": "11000100110111101100000",
            "q2": [
              [
                "10000100110111001100000",
                "11100100110111111100000"
              ],
              [
                "10000000110111101100000",
                "11110100110111101100000"
              ]
            ],
            "repeated": "00000000000000000000000",
            "resident": true,
            "resolved": true,
            "supports": [
              "00000000000000110000000",
              "01100000000000000000000",
              "00010100000000000000000"
            ],
            "two": "11010000110111101100000",
            "union_size": 6,
            "upper_q2_equal": false
          },
          {
            "cut_index": 3,
            "endpoint": "10100100110111001110000",
            "join_neighbor": "00100100110111011110000",
            "join_support": "10000000000000010000000",
            "lower_q2_equal": false,
            "one": "00100100110111011010010",
            "q2": [
              [
                "00100100110111001010000",
                "10100100110111011110010"
              ],
              [
                "00100100110111011000000",
                "00100100110111011111010"
              ]
            ],
            "repeated": "00000000000000000000000",
            "resident": true,
            "resolved": true,
            "supports": [
              "10000000000000010000000",
              "00000000000000000100010",
              "00000000000000000011000"
            ],
            "two": "00100100110111011001010",
            "union_size": 6,
            "upper_q2_equal": false
          }
        ]
      ],
      "internal_q2_count": [
        30,
        30
      ],
      "internal_q2_lower_delta": {},
      "internal_q2_upper_delta": {},
      "other_roles": [
        {
          "active": 6,
          "auxiliary_edge": [
            "10100110110100101110000",
            "10100110110101101100000"
          ],
          "collar": {
            "a": [
              "00100110110110101110000",
              "10100110110100101110000",
              "10100110110110101100000"
            ],
            "active": [
              18,
              0,
              12
            ],
            "b": [
              "00100110110101101110000",
              "10100110110101101100000",
              "00100110110111101100000"
            ],
            "core": "00100110110100101100000",
            "new": [
              [
                "00100110110110101110000",
                "00100110110111101100000"
              ],
              [
                "00100110110101101110000",
                "10100110110100101110000"
              ],
              [
                "10100110110101101100000",
                "10100110110110101100000"
              ]
            ],
            "old": [
              [
                "00100110110101101110000",
                "00100110110110101110000"
              ],
              [
                "10100110110100101110000",
                "10100110110101101100000"
              ],
              [
                "00100110110111101100000",
                "10100110110110101100000"
              ]
            ],
            "seam_y": 13
          },
          "h": "00100100110110101100000",
          "next_active": 13,
          "p": "00100110110111101100000",
          "q": "10100110110110101100000",
          "router_edge": [
            "00100110110111101100000",
            "10100110110110101100000"
          ],
          "z": 0
        },
        {
          "active": 13,
          "auxiliary_edge": [
            "10100100110111001110000",
            "10100100110111011100000"
          ],
          "collar": {
            "a": [
              "00100100110111101110000",
              "10100100110111001110000",
              "10100100110111101100000"
            ],
            "active": [
              18,
              0,
              14
            ],
            "b": [
              "00100100110111011110000",
              "10100100110111011100000",
              "00100100110111111100000"
            ],
            "core": "00100100110111001100000",
            "new": [
              [
                "00100100110111101110000",
                "00100100110111111100000"
              ],
              [
                "00100100110111011110000",
                "10100100110111001110000"
              ],
              [
                "10100100110111011100000",
                "10100100110111101100000"
              ]
            ],
            "old": [
              [
                "00100100110111011110000",
                "00100100110111101110000"
              ],
              [
                "10100100110111001110000",
                "10100100110111011100000"
              ],
              [
                "00100100110111111100000",
                "10100100110111101100000"
              ]
            ],
            "seam_y": 15
          },
          "h": "00100100110110101100000",
          "next_active": 15,
          "p": "00100100110111111100000",
          "q": "10100100110111101100000",
          "router_edge": [
            "00100100110111111100000",
            "10100100110111101100000"
          ],
          "z": 0
        }
      ],
      "router_cuts": [
        [
          "00100110110111101100000",
          "10100110110110101100000"
        ],
        [
          "00100100110111111100000",
          "10100100110111101100000"
        ],
        [
          "00100110110110111100000",
          "10100100110110111100000"
        ]
      ],
      "router_cycles": [
        [
          "11010010110110101100000",
          "01010010110111101100000",
          "00110010110111101100000",
          "00100110110111101100000",
          "10100110110110101100000",
          "11000110110110101100000"
        ],
        [
          "11010000110111101100000",
          "01010000110111111100000",
          "00110000110111111100000",
          "00100100110111111100000",
          "10100100110111101100000",
          "11000100110111101100000"
        ],
        [
          "11010000110110111100000",
          "01010010110110111100000",
          "00110010110110111100000",
          "00100110110110111100000",
          "10100100110110111100000",
          "11000100110110111100000"
        ]
      ],
      "router_orientation": [
        "10100100110110111100000",
        "00100110110110111100000"
      ],
      "token_permutation": [
        2,
        1,
        0
      ],
      "token_zero_port": 2,
      "witness_index": 16
    },
    {
      "after_edges": [
        [
          [
            "00100110110110111100000",
            "00110010110110111100000"
          ],
          [
            "11000100110111101100000",
            "11010000110111101100000"
          ],
          [
            "00110000110111111100000",
            "01010000110111111100000"
          ],
          [
            "11000100110110111100000",
            "11010000110110111100000"
          ],
          [
            "00110010110111101100000",
            "01010010110111101100000"
          ],
          [
            "01010000110111111100000",
            "11010000110111101100000"
          ],
          [
            "00100110110110101110000",
            "00100110110111101100000"
          ],
          [
            "00100110110110111010000",
            "10000110110110111010000"
          ],
          [
            "00100110110101101110000",
            "10100110110100101110000"
          ],
          [
            "00110010110110111100000",
            "01010010110110111100000"
          ],
          [
            "10100100110111011100000",
            "10100100110111101100000"
          ],
          [
            "00100110110110111100000",
            "10100110110110111000000"
          ],
          [
            "00100100110110111110000",
            "10100100110110111100000"
          ],
          [
            "10100100110110111100000",
            "11000100110110111100000"
          ],
          [
            "00100110110111101100000",
            "00110010110111101100000"
          ],
          [
            "01010010110111101100000",
            "11010010110110101100000"
          ],
          [
            "00000110110110111110000",
            "10000100110110111110000"
          ],
          [
            "10100110110110101100000",
            "11000110110110101100000"
          ],
          [
            "00100100110111101110000",
            "00100100110111111100000"
          ],
          [
            "00100100110111111100000",
            "00110000110111111100000"
          ],
          [
            "00100100110111011110000",
            "10100100110111001110000"
          ],
          [
            "11000110110110101100000",
            "11010010110110101100000"
          ],
          [
            "10100110110101101100000",
            "10100110110110101100000"
          ],
          [
            "10100100110111101100000",
            "11000100110111101100000"
          ],
          [
            "01010010110110111100000",
            "11010000110110111100000"
          ]
        ],
        [
          [
            "00100110110110111100000",
            "00110010110110111100000"
          ],
          [
            "11000100110111101100000",
            "11010000110111101100000"
          ],
          [
            "01010010110111101100000",
            "11010000110111101100000"
          ],
          [
            "00110000110111111100000",
            "01010000110111111100000"
          ],
          [
            "11000100110110111100000",
            "11010000110110111100000"
          ],
          [
            "00110010110111101100000",
            "01010010110111101100000"
          ],
          [
            "00100110110110101110000",
            "00100110110111101100000"
          ],
          [
            "00100110110110111010000",
            "10000110110110111010000"
          ],
          [
            "00100110110101101110000",
            "10100110110100101110000"
          ],
          [
            "00110010110110111100000",
            "01010010110110111100000"
          ],
          [
            "10100100110111011100000",
            "10100100110111101100000"
          ],
          [
            "00100110110110111100000",
            "10100110110110111000000"
          ],
          [
            "01010010110110111100000",
            "11010010110110101100000"
          ],
          [
            "00100100110110111110000",
            "10100100110110111100000"
          ],
          [
            "10100100110110111100000",
            "11000100110110111100000"
          ],
          [
            "00100110110111101100000",
            "00110010110111101100000"
          ],
          [
            "00000110110110111110000",
            "10000100110110111110000"
          ],
          [
            "01010000110111111100000",
            "11010000110110111100000"
          ],
          [
            "10100110110110101100000",
            "11000110110110101100000"
          ],
          [
            "00100100110111101110000",
            "00100100110111111100000"
          ],
          [
            "00100100110111011110000",
            "10100100110111001110000"
          ],
          [
            "11000110110110101100000",
            "11010010110110101100000"
          ],
          [
            "10100110110101101100000",
            "10100110110110101100000"
          ],
          [
            "10100100110111101100000",
            "11000100110111101100000"
          ],
          [
            "00100100110111111100000",
            "00110000110111111100000"
          ]
        ]
      ],
      "all_auxiliary_edges": [
        [
          "00100110110110111010000",
          "10100110110110111000000"
        ],
        [
          "00000110110110111110000",
          "10000110110110111010000"
        ],
        [
          "10100110110100101110000",
          "10100110110101101100000"
        ],
        [
          "10100100110111001110000",
          "10100100110111011100000"
        ]
      ],
      "before_edges": [
        [
          [
            "00100100110110111110000",
            "10000100110110111110000"
          ],
          [
            "00100110110110111100000",
            "00110010110110111100000"
          ],
          [
            "11000100110111101100000",
            "11010000110111101100000"
          ],
          [
            "00110000110111111100000",
            "01010000110111111100000"
          ],
          [
            "11000100110110111100000",
            "11010000110110111100000"
          ],
          [
            "00100100110111111100000",
            "10100100110111101100000"
          ],
          [
            "10100110110100101110000",
            "10100110110101101100000"
          ],
          [
            "00110010110111101100000",
            "01010010110111101100000"
          ],
          [
            "01010000110111111100000",
            "11010000110111101100000"
          ],
          [
            "00100110110110111010000",
            "10100110110110111000000"
          ],
          [
            "00100110110111101100000",
            "10100110110110101100000"
          ],
          [
            "00110010110110111100000",
            "01010010110110111100000"
          ],
          [
            "00100110110110111100000",
            "10100100110110111100000"
          ],
          [
            "10100100110110111100000",
            "11000100110110111100000"
          ],
          [
            "00100110110111101100000",
            "00110010110111101100000"
          ],
          [
            "01010010110111101100000",
            "11010010110110101100000"
          ],
          [
            "10100110110110101100000",
            "11000110110110101100000"
          ],
          [
            "00100100110111111100000",
            "00110000110111111100000"
          ],
          [
            "00100100110111011110000",
            "00100100110111101110000"
          ],
          [
            "11000110110110101100000",
            "11010010110110101100000"
          ],
          [
            "00000110110110111110000",
            "10000110110110111010000"
          ],
          [
            "10100100110111101100000",
            "11000100110111101100000"
          ],
          [
            "00100110110101101110000",
            "00100110110110101110000"
          ],
          [
            "10100100110111001110000",
            "10100100110111011100000"
          ],
          [
            "01010010110110111100000",
            "11010000110110111100000"
          ]
        ],
        [
          [
            "00100100110110111110000",
            "10000100110110111110000"
          ],
          [
            "00100110110110111100000",
            "00110010110110111100000"
          ],
          [
            "11000100110111101100000",
            "11010000110111101100000"
          ],
          [
            "01010010110111101100000",
            "11010000110111101100000"
          ],
          [
            "00110000110111111100000",
            "01010000110111111100000"
          ],
          [
            "11000100110110111100000",
            "11010000110110111100000"
          ],
          [
            "00100100110111111100000",
            "10100100110111101100000"
          ],
          [
            "10100110110100101110000",
            "10100110110101101100000"
          ],
          [
            "00110010110111101100000",
            "01010010110111101100000"
          ],
          [
            "00100110110110111010000",
            "10100110110110111000000"
          ],
          [
            "00100110110111101100000",
            "10100110110110101100000"
          ],
          [
            "00110010110110111100000",
            "01010010110110111100000"
          ],
          [
            "00100110110110111100000",
            "10100100110110111100000"
          ],
          [
            "01010010110110111100000",
            "11010010110110101100000"
          ],
          [
            "10100100110110111100000",
            "11000100110110111100000"
          ],
          [
            "00100110110111101100000",
            "00110010110111101100000"
          ],
          [
            "01010000110111111100000",
            "11010000110110111100000"
          ],
          [
            "10100110110110101100000",
            "11000110110110101100000"
          ],
          [
            "00100100110111011110000",
            "00100100110111101110000"
          ],
          [
            "11000110110110101100000",
            "11010010110110101100000"
          ],
          [
            "00000110110110111110000",
            "10000110110110111010000"
          ],
          [
            "10100100110111101100000",
            "11000100110111101100000"
          ],
          [
            "00100110110101101110000",
            "00100110110110101110000"
          ],
          [
            "10100100110111001110000",
            "10100100110111011100000"
          ],
          [
            "00100100110111111100000",
            "00110000110111111100000"
          ]
        ]
      ],
      "c8_auxiliary_edges": [
        [
          "00100110110110111010000",
          "10100110110110111000000"
        ],
        [
          "00000110110110111110000",
          "10000110110110111010000"
        ]
      ],
      "c8_new": [
        [
          "00100100110110111110000",
          "10100100110110111100000"
        ],
        [
          "00100110110110111100000",
          "10100110110110111000000"
        ],
        [
          "00100110110110111010000",
          "10000110110110111010000"
        ],
        [
          "00000110110110111110000",
          "10000100110110111110000"
        ]
      ],
      "c8_old": [
        [
          "00100100110110111110000",
          "10000100110110111110000"
        ],
        [
          "00100110110110111100000",
          "10100100110110111100000"
        ],
        [
          "00100110110110111010000",
          "10100110110110111000000"
        ],
        [
          "00000110110110111110000",
          "10000110110110111010000"
        ]
      ],
      "context_orientation": [
        "10000100110110111110000",
        "00100100110110111110000"
      ],
      "fixed_path_reports": [
        [
          {
            "cut_index": 0,
            "endpoint": "00100110110110111010000",
            "join_neighbor": "10000110110110111010000",
            "join_support": "10100000000000000000000",
            "resolved": false
          },
          {
            "cut_index": 0,
            "endpoint": "10100110110110111000000",
            "join_neighbor": "00100110110110111100000",
            "join_support": "10000000000000000100000",
            "lower_q2_equal": false,
            "one": "00110010110110111100000",
            "q2": [
              [
                "00100010110110111000000",
                "10110110110110111100000"
              ],
              [
                "00000010110110111100000",
                "01110110110110111100000"
              ]
            ],
            "repeated": "00000000000000000000000",
            "resident": true,
            "resolved": true,
            "supports": [
              "10000000000000000100000",
              "00010100000000000000000",
              "01100000000000000000000"
            ],
            "two": "01010010110110111100000",
            "union_size": 6,
            "upper_q2_equal": false
          },
          {
            "cut_index": 1,
            "endpoint": "00000110110110111110000",
            "join_neighbor": "10000100110110111110000",
            "join_support": "10000010000000000000000",
            "lower_q2_equal": false,
            "one": "11000100110100111110000",
            "q2": [
              [
                "00000100110100111110000",
                "11000110110110111110000"
              ],
              [
                "10000100110000111110000",
                "11000100111110111110000"
              ]
            ],
            "repeated": "00000000000000000000000",
            "resident": true,
            "resolved": true,
            "supports": [
              "10000010000000000000000",
              "01000000000010000000000",
              "00000000001100000000000"
            ],
            "two": "11000100111000111110000",
            "union_size": 6,
            "upper_q2_equal": false
          },
          {
            "cut_index": 1,
            "endpoint": "10000110110110111010000",
            "join_neighbor": "00100110110110111010000",
            "join_support": "10100000000000000000000",
            "resolved": false
          },
          {
            "cut_index": 2,
            "endpoint": "10100110110101101100000",
            "join_neighbor": "10100110110110101100000",
            "join_support": "00000000000011000000000",
            "lower_q2_equal": false,
            "one": "11000110110110101100000",
            "q2": [
              [
                "10000110110100101100000",
                "11100110110111101100000"
              ],
              [
                "10000010110110101100000",
                "11110110110110101100000"
              ]
            ],
            "repeated": "00000000000000000000000",
            "resident": true,
            "resolved": true,
            "supports": [
              "00000000000011000000000",
              "01100000000000000000000",
              "00010100000000000000000"
            ],
            "two": "11010010110110101100000",
            "union_size": 6,
            "upper_q2_equal": false
          },
          {
            "cut_index": 2,
            "endpoint": "10100110110100101110000",
            "join_neighbor": "00100110110101101110000",
            "join_support": "10000000000001000000000",
            "lower_q2_equal": false,
            "one": "00100110110101011110000",
            "q2": [
              [
                "00100110110100001110000",
                "10100110110101111110000"
              ],
              [
                "00100110110101001010000",
                "00100110110101111110010"
              ]
            ],
            "repeated": "00000000000000000000000",
            "resident": true,
            "resolved": true,
            "supports": [
              "10000000000001000000000",
              "00000000000000110000000",
              "00000000000000000100010"
            ],
            "two": "00100110110101011010010",
            "union_size": 6,
            "upper_q2_equal": false
          },
          {
            "cut_index": 3,
            "endpoint": "10100100110111011100000",
            "join_neighbor": "10100100110111101100000",
            "join_support": "00000000000000110000000",
            "lower_q2_equal": false,
            "one": "11000100110111101100000",
            "q2": [
              [
                "10000100110111001100000",
                "11100100110111111100000"
              ],
              [
                "10000000110111101100000",
                "11110100110111101100000"
              ]
            ],
            "repeated": "00000000000000000000000",
            "resident": true,
            "resolved": true,
            "supports": [
              "00000000000000110000000",
              "01100000000000000000000",
              "00010100000000000000000"
            ],
            "two": "11010000110111101100000",
            "union_size": 6,
            "upper_q2_equal": false
          },
          {
            "cut_index": 3,
            "endpoint": "10100100110111001110000",
            "join_neighbor": "00100100110111011110000",
            "join_support": "10000000000000010000000",
            "lower_q2_equal": false,
            "one": "00100100110111011010010",
            "q2": [
              [
                "00100100110111001010000",
                "10100100110111011110010"
              ],
              [
                "00100100110111011000000",
                "00100100110111011111010"
              ]
            ],
            "repeated": "00000000000000000000000",
            "resident": true,
            "resolved": true,
            "supports": [
              "10000000000000010000000",
              "00000000000000000100010",
              "00000000000000000011000"
            ],
            "two": "00100100110111011001010",
            "union_size": 6,
            "upper_q2_equal": false
          }
        ],
        [
          {
            "cut_index": 0,
            "endpoint": "00100110110110111010000",
            "join_neighbor": "10000110110110111010000",
            "join_support": "10100000000000000000000",
            "resolved": false
          },
          {
            "cut_index": 0,
            "endpoint": "10100110110110111000000",
            "join_neighbor": "00100110110110111100000",
            "join_support": "10000000000000000100000",
            "lower_q2_equal": false,
            "one": "00110010110110111100000",
            "q2": [
              [
                "00100010110110111000000",
                "10110110110110111100000"
              ],
              [
                "00000010110110111100000",
                "01110110110110111100000"
              ]
            ],
            "repeated": "00000000000000000000000",
            "resident": true,
            "resolved": true,
            "supports": [
              "10000000000000000100000",
              "00010100000000000000000",
              "01100000000000000000000"
            ],
            "two": "01010010110110111100000",
            "union_size": 6,
            "upper_q2_equal": false
          },
          {
            "cut_index": 1,
            "endpoint": "00000110110110111110000",
            "join_neighbor": "10000100110110111110000",
            "join_support": "10000010000000000000000",
            "lower_q2_equal": false,
            "one": "11000100110100111110000",
            "q2": [
              [
                "00000100110100111110000",
                "11000110110110111110000"
              ],
              [
                "10000100110000111110000",
                "11000100111110111110000"
              ]
            ],
            "repeated": "00000000000000000000000",
            "resident": true,
            "resolved": true,
            "supports": [
              "10000010000000000000000",
              "01000000000010000000000",
              "00000000001100000000000"
            ],
            "two": "11000100111000111110000",
            "union_size": 6,
            "upper_q2_equal": false
          },
          {
            "cut_index": 1,
            "endpoint": "10000110110110111010000",
            "join_neighbor": "00100110110110111010000",
            "join_support": "10100000000000000000000",
            "resolved": false
          },
          {
            "cut_index": 2,
            "endpoint": "10100110110101101100000",
            "join_neighbor": "10100110110110101100000",
            "join_support": "00000000000011000000000",
            "lower_q2_equal": false,
            "one": "11000110110110101100000",
            "q2": [
              [
                "10000110110100101100000",
                "11100110110111101100000"
              ],
              [
                "10000010110110101100000",
                "11110110110110101100000"
              ]
            ],
            "repeated": "00000000000000000000000",
            "resident": true,
            "resolved": true,
            "supports": [
              "00000000000011000000000",
              "01100000000000000000000",
              "00010100000000000000000"
            ],
            "two": "11010010110110101100000",
            "union_size": 6,
            "upper_q2_equal": false
          },
          {
            "cut_index": 2,
            "endpoint": "10100110110100101110000",
            "join_neighbor": "00100110110101101110000",
            "join_support": "10000000000001000000000",
            "lower_q2_equal": false,
            "one": "00100110110101011110000",
            "q2": [
              [
                "00100110110100001110000",
                "10100110110101111110000"
              ],
              [
                "00100110110101001010000",
                "00100110110101111110010"
              ]
            ],
            "repeated": "00000000000000000000000",
            "resident": true,
            "resolved": true,
            "supports": [
              "10000000000001000000000",
              "00000000000000110000000",
              "00000000000000000100010"
            ],
            "two": "00100110110101011010010",
            "union_size": 6,
            "upper_q2_equal": false
          },
          {
            "cut_index": 3,
            "endpoint": "10100100110111011100000",
            "join_neighbor": "10100100110111101100000",
            "join_support": "00000000000000110000000",
            "lower_q2_equal": false,
            "one": "11000100110111101100000",
            "q2": [
              [
                "10000100110111001100000",
                "11100100110111111100000"
              ],
              [
                "10000000110111101100000",
                "11110100110111101100000"
              ]
            ],
            "repeated": "00000000000000000000000",
            "resident": true,
            "resolved": true,
            "supports": [
              "00000000000000110000000",
              "01100000000000000000000",
              "00010100000000000000000"
            ],
            "two": "11010000110111101100000",
            "union_size": 6,
            "upper_q2_equal": false
          },
          {
            "cut_index": 3,
            "endpoint": "10100100110111001110000",
            "join_neighbor": "00100100110111011110000",
            "join_support": "10000000000000010000000",
            "lower_q2_equal": false,
            "one": "00100100110111011010010",
            "q2": [
              [
                "00100100110111001010000",
                "10100100110111011110010"
              ],
              [
                "00100100110111011000000",
                "00100100110111011111010"
              ]
            ],
            "repeated": "00000000000000000000000",
            "resident": true,
            "resolved": true,
            "supports": [
              "10000000000000010000000",
              "00000000000000000100010",
              "00000000000000000011000"
            ],
            "two": "00100100110111011001010",
            "union_size": 6,
            "upper_q2_equal": false
          }
        ]
      ],
      "internal_q2_count": [
        30,
        30
      ],
      "internal_q2_lower_delta": {},
      "internal_q2_upper_delta": {},
      "other_roles": [
        {
          "active": 6,
          "auxiliary_edge": [
            "10100110110100101110000",
            "10100110110101101100000"
          ],
          "collar": {
            "a": [
              "00100110110110101110000",
              "10100110110100101110000",
              "10100110110110101100000"
            ],
            "active": [
              18,
              0,
              12
            ],
            "b": [
              "00100110110101101110000",
              "10100110110101101100000",
              "00100110110111101100000"
            ],
            "core": "00100110110100101100000",
            "new": [
              [
                "00100110110110101110000",
                "00100110110111101100000"
              ],
              [
                "00100110110101101110000",
                "10100110110100101110000"
              ],
              [
                "10100110110101101100000",
                "10100110110110101100000"
              ]
            ],
            "old": [
              [
                "00100110110101101110000",
                "00100110110110101110000"
              ],
              [
                "10100110110100101110000",
                "10100110110101101100000"
              ],
              [
                "00100110110111101100000",
                "10100110110110101100000"
              ]
            ],
            "seam_y": 13
          },
          "h": "00100100110110101100000",
          "next_active": 13,
          "p": "00100110110111101100000",
          "q": "10100110110110101100000",
          "router_edge": [
            "00100110110111101100000",
            "10100110110110101100000"
          ],
          "z": 0
        },
        {
          "active": 13,
          "auxiliary_edge": [
            "10100100110111001110000",
            "10100100110111011100000"
          ],
          "collar": {
            "a": [
              "00100100110111101110000",
              "10100100110111001110000",
              "10100100110111101100000"
            ],
            "active": [
              18,
              0,
              14
            ],
            "b": [
              "00100100110111011110000",
              "10100100110111011100000",
              "00100100110111111100000"
            ],
            "core": "00100100110111001100000",
            "new": [
              [
                "00100100110111101110000",
                "00100100110111111100000"
              ],
              [
                "00100100110111011110000",
                "10100100110111001110000"
              ],
              [
                "10100100110111011100000",
                "10100100110111101100000"
              ]
            ],
            "old": [
              [
                "00100100110111011110000",
                "00100100110111101110000"
              ],
              [
                "10100100110111001110000",
                "10100100110111011100000"
              ],
              [
                "00100100110111111100000",
                "10100100110111101100000"
              ]
            ],
            "seam_y": 15
          },
          "h": "00100100110110101100000",
          "next_active": 15,
          "p": "00100100110111111100000",
          "q": "10100100110111101100000",
          "router_edge": [
            "00100100110111111100000",
            "10100100110111101100000"
          ],
          "z": 0
        }
      ],
      "router_cuts": [
        [
          "00100110110111101100000",
          "10100110110110101100000"
        ],
        [
          "00100100110111111100000",
          "10100100110111101100000"
        ],
        [
          "00100110110110111100000",
          "10100100110110111100000"
        ]
      ],
      "router_cycles": [
        [
          "11010010110110101100000",
          "01010010110111101100000",
          "00110010110111101100000",
          "00100110110111101100000",
          "10100110110110101100000",
          "11000110110110101100000"
        ],
        [
          "11010000110111101100000",
          "01010000110111111100000",
          "00110000110111111100000",
          "00100100110111111100000",
          "10100100110111101100000",
          "11000100110111101100000"
        ],
        [
          "11010000110110111100000",
          "01010010110110111100000",
          "00110010110110111100000",
          "00100110110110111100000",
          "10100100110110111100000",
          "11000100110110111100000"
        ]
      ],
      "router_orientation": [
        "10100100110110111100000",
        "00100110110110111100000"
      ],
      "token_permutation": [
        2,
        1,
        0
      ],
      "token_zero_port": 2,
      "witness_index": 16
    },
    {
      "after_edges": [
        [
          [
            "10100010110110101110000",
            "11000010110110101110000"
          ],
          [
            "11000010110110101110000",
            "11010010010110101110000"
          ],
          [
            "01010010010111101110000",
            "11010010010110101110000"
          ],
          [
            "10100000110110111110000",
            "11000000110110111110000"
          ],
          [
            "00110010010110111110000",
            "01010010010110111110000"
          ],
          [
            "00100010110111101110000",
            "00110010010111101110000"
          ],
          [
            "00100010110111101110000",
            "00100110110110101110000"
          ],
          [
            "10100010110101101110000",
            "10100010110110101110000"
          ],
          [
            "10100000110111011110000",
            "10100000110111101110000"
          ],
          [
            "01010010010110111110000",
            "11010000010110111110000"
          ],
          [
            "00100110110101101110000",
            "10100110110100101110000"
          ],
          [
            "11000000110111101110000",
            "11010000010111101110000"
          ],
          [
            "01010000010111111110000",
            "11010000010111101110000"
          ],
          [
            "00000110110110111110000",
            "10000100110110111110000"
          ],
          [
            "00100100110110111110000",
            "10100000110110111110000"
          ],
          [
            "00110010010111101110000",
            "01010010010111101110000"
          ],
          [
            "10100000110111101110000",
            "11000000110111101110000"
          ],
          [
            "11000000110110111110000",
            "11010000010110111110000"
          ],
          [
            "00100100110111011110000",
            "10100100110111001110000"
          ],
          [
            "00100010110110111110000",
            "00110010010110111110000"
          ],
          [
            "00100010110110111110000",
            "10100010100110111110000"
          ],
          [
            "00110000010111111110000",
            "01010000010111111110000"
          ],
          [
            "00100000110111111110000",
            "00110000010111111110000"
          ],
          [
            "00100110100110111110000",
            "10000110100110111110000"
          ],
          [
            "00100000110111111110000",
            "00100100110111101110000"
          ]
        ],
        [
          [
            "10100010110110101110000",
            "11000010110110101110000"
          ],
          [
            "11000010110110101110000",
            "11010010010110101110000"
          ],
          [
            "10100000110110111110000",
            "11000000110110111110000"
          ],
          [
            "00110010010110111110000",
            "01010010010110111110000"
          ],
          [
            "00100010110111101110000",
            "00110010010111101110000"
          ],
          [
            "00100010110111101110000",
            "00100110110110101110000"
          ],
          [
            "10100010110101101110000",
            "10100010110110101110000"
          ],
          [
            "10100000110111011110000",
            "10100000110111101110000"
          ],
          [
            "00100110110101101110000",
            "10100110110100101110000"
          ],
          [
            "11000000110111101110000",
            "11010000010111101110000"
          ],
          [
            "00000110110110111110000",
            "10000100110110111110000"
          ],
          [
            "00100100110110111110000",
            "10100000110110111110000"
          ],
          [
            "00110010010111101110000",
            "01010010010111101110000"
          ],
          [
            "10100000110111101110000",
            "11000000110111101110000"
          ],
          [
            "01010010010110111110000",
            "11010010010110101110000"
          ],
          [
            "01010010010111101110000",
            "11010000010111101110000"
          ],
          [
            "01010000010111111110000",
            "11010000010110111110000"
          ],
          [
            "11000000110110111110000",
            "11010000010110111110000"
          ],
          [
            "00100100110111011110000",
            "10100100110111001110000"
          ],
          [
            "00100010110110111110000",
            "00110010010110111110000"
          ],
          [
            "00100010110110111110000",
            "10100010100110111110000"
          ],
          [
            "00110000010111111110000",
            "01010000010111111110000"
          ],
          [
            "00100000110111111110000",
            "00110000010111111110000"
          ],
          [
            "00100110100110111110000",
            "10000110100110111110000"
          ],
          [
            "00100000110111111110000",
            "00100100110111101110000"
          ]
        ]
      ],
      "all_auxiliary_edges": [
        [
          "00100110100110111110000",
          "10100010100110111110000"
        ],
        [
          "00000110110110111110000",
          "10000110100110111110000"
        ],
        [
          "10100010110101101110000",
          "10100110110100101110000"
        ],
        [
          "10100000110111011110000",
          "10100100110111001110000"
        ]
      ],
      "before_edges": [
        [
          [
            "10100010110110101110000",
            "11000010110110101110000"
          ],
          [
            "11000010110110101110000",
            "11010010010110101110000"
          ],
          [
            "00100100110110111110000",
            "10000100110110111110000"
          ],
          [
            "01010010010111101110000",
            "11010010010110101110000"
          ],
          [
            "10100000110110111110000",
            "11000000110110111110000"
          ],
          [
            "00110010010110111110000",
            "01010010010110111110000"
          ],
          [
            "00100010110111101110000",
            "00110010010111101110000"
          ],
          [
            "10100000110111011110000",
            "10100100110111001110000"
          ],
          [
            "01010010010110111110000",
            "11010000010110111110000"
          ],
          [
            "00100110100110111110000",
            "10100010100110111110000"
          ],
          [
            "00100000110111111110000",
            "10100000110111101110000"
          ],
          [
            "10100010110101101110000",
            "10100110110100101110000"
          ],
          [
            "11000000110111101110000",
            "11010000010111101110000"
          ],
          [
            "00100010110111101110000",
            "10100010110110101110000"
          ],
          [
            "00100110110101101110000",
            "00100110110110101110000"
          ],
          [
            "01010000010111111110000",
            "11010000010111101110000"
          ],
          [
            "00110010010111101110000",
            "01010010010111101110000"
          ],
          [
            "10100000110111101110000",
            "11000000110111101110000"
          ],
          [
            "00000110110110111110000",
            "10000110100110111110000"
          ],
          [
            "00100100110111011110000",
            "00100100110111101110000"
          ],
          [
            "11000000110110111110000",
            "11010000010110111110000"
          ],
          [
            "00100010110110111110000",
            "00110010010110111110000"
          ],
          [
            "00100010110110111110000",
            "10100000110110111110000"
          ],
          [
            "00110000010111111110000",
            "01010000010111111110000"
          ],
          [
            "00100000110111111110000",
            "00110000010111111110000"
          ]
        ],
        [
          [
            "10100010110110101110000",
            "11000010110110101110000"
          ],
          [
            "11000010110110101110000",
            "11010010010110101110000"
          ],
          [
            "00100100110110111110000",
            "10000100110110111110000"
          ],
          [
            "10100000110110111110000",
            "11000000110110111110000"
          ],
          [
            "00110010010110111110000",
            "01010010010110111110000"
          ],
          [
            "00100010110111101110000",
            "00110010010111101110000"
          ],
          [
            "10100000110111011110000",
            "10100100110111001110000"
          ],
          [
            "00100110100110111110000",
            "10100010100110111110000"
          ],
          [
            "00100000110111111110000",
            "10100000110111101110000"
          ],
          [
            "10100010110101101110000",
            "10100110110100101110000"
          ],
          [
            "11000000110111101110000",
            "11010000010111101110000"
          ],
          [
            "00100010110111101110000",
            "10100010110110101110000"
          ],
          [
            "00100110110101101110000",
            "00100110110110101110000"
          ],
          [
            "00110010010111101110000",
            "01010010010111101110000"
          ],
          [
            "10100000110111101110000",
            "11000000110111101110000"
          ],
          [
            "00000110110110111110000",
            "10000110100110111110000"
          ],
          [
            "01010010010110111110000",
            "11010010010110101110000"
          ],
          [
            "01010010010111101110000",
            "11010000010111101110000"
          ],
          [
            "01010000010111111110000",
            "11010000010110111110000"
          ],
          [
            "11000000110110111110000",
            "11010000010110111110000"
          ],
          [
            "00100100110111011110000",
            "00100100110111101110000"
          ],
          [
            "00100010110110111110000",
            "00110010010110111110000"
          ],
          [
            "00100010110110111110000",
            "10100000110110111110000"
          ],
          [
            "00110000010111111110000",
            "01010000010111111110000"
          ],
          [
            "00100000110111111110000",
            "00110000010111111110000"
          ]
        ]
      ],
      "c8_auxiliary_edges": [
        [
          "00100110100110111110000",
          "10100010100110111110000"
        ],
        [
          "00000110110110111110000",
          "10000110100110111110000"
        ]
      ],
      "c8_new": [
        [
          "00100100110110111110000",
          "10100000110110111110000"
        ],
        [
          "00100010110110111110000",
          "10100010100110111110000"
        ],
        [
          "00100110100110111110000",
          "10000110100110111110000"
        ],
        [
          "00000110110110111110000",
          "10000100110110111110000"
        ]
      ],
      "c8_old": [
        [
          "00100100110110111110000",
          "10000100110110111110000"
        ],
        [
          "00100010110110111110000",
          "10100000110110111110000"
        ],
        [
          "00100110100110111110000",
          "10100010100110111110000"
        ],
        [
          "00000110110110111110000",
          "10000110100110111110000"
        ]
      ],
      "context_orientation": [
        "10000100110110111110000",
        "00100100110110111110000"
      ],
      "fixed_path_reports": [
        [
          {
            "cut_index": 0,
            "endpoint": "00100110100110111110000",
            "join_neighbor": "10000110100110111110000",
            "join_support": "10100000000000000000000",
            "resolved": false
          },
          {
            "cut_index": 0,
            "endpoint": "10100010100110111110000",
            "join_neighbor": "00100010110110111110000",
            "join_support": "10000000010000000000000",
            "lower_q2_equal": false,
            "one": "00110010010110111110000",
            "q2": [
              [
                "00100010000110111110000",
                "10110010110110111110000"
              ],
              [
                "00000010010110111110000",
                "01110010110110111110000"
              ]
            ],
            "repeated": "00000000000000000000000",
            "resident": true,
            "resolved": true,
            "supports": [
              "10000000010000000000000",
              "00010000100000000000000",
              "01100000000000000000000"
            ],
            "two": "01010010010110111110000",
            "union_size": 6,
            "upper_q2_equal": false
          },
          {
            "cut_index": 1,
            "endpoint": "10000110100110111110000",
            "join_neighbor": "00100110100110111110000",
            "join_support": "10100000000000000000000",
            "resolved": false
          },
          {
            "cut_index": 1,
            "endpoint": "00000110110110111110000",
            "join_neighbor": "10000100110110111110000",
            "join_support": "10000010000000000000000",
            "lower_q2_equal": false,
            "one": "11000100110100111110000",
            "q2": [
              [
                "00000100110100111110000",
                "11000110110110111110000"
              ],
              [
                "10000100110000111110000",
                "11000100111110111110000"
              ]
            ],
            "repeated": "00000000000000000000000",
            "resident": true,
            "resolved": true,
            "supports": [
              "10000010000000000000000",
              "01000000000010000000000",
              "00000000001100000000000"
            ],
            "two": "11000100111000111110000",
            "union_size": 6,
            "upper_q2_equal": false
          },
          {
            "cut_index": 2,
            "endpoint": "10100010110101101110000",
            "join_neighbor": "10100010110110101110000",
            "join_support": "00000000000011000000000",
            "lower_q2_equal": false,
            "one": "11000010110110101110000",
            "q2": [
              [
                "10000010110100101110000",
                "11100010110111101110000"
              ],
              [
                "10000010010110101110000",
                "11110010110110101110000"
              ]
            ],
            "repeated": "00000000000000000000000",
            "resident": true,
            "resolved": true,
            "supports": [
              "00000000000011000000000",
              "01100000000000000000000",
              "00010000100000000000000"
            ],
            "two": "11010010010110101110000",
            "union_size": 6,
            "upper_q2_equal": false
          },
          {
            "cut_index": 2,
            "endpoint": "10100110110100101110000",
            "join_neighbor": "00100110110101101110000",
            "join_support": "10000000000001000000000",
            "lower_q2_equal": false,
            "one": "00100110110101011110000",
            "q2": [
              [
                "00100110110100001110000",
                "10100110110101111110000"
              ],
              [
                "00100110110101001010000",
                "00100110110101111110010"
              ]
            ],
            "repeated": "00000000000000000000000",
            "resident": true,
            "resolved": true,
            "supports": [
              "10000000000001000000000",
              "00000000000000110000000",
              "00000000000000000100010"
            ],
            "two": "00100110110101011010010",
            "union_size": 6,
            "upper_q2_equal": false
          },
          {
            "cut_index": 3,
            "endpoint": "10100000110111011110000",
            "join_neighbor": "10100000110111101110000",
            "join_support": "00000000000000110000000",
            "lower_q2_equal": false,
            "one": "11000000110111101110000",
            "q2": [
              [
                "10000000110111001110000",
                "11100000110111111110000"
              ],
              [
                "10000000010111101110000",
                "11110000110111101110000"
              ]
            ],
            "repeated": "00000000000000000000000",
            "resident": true,
            "resolved": true,
            "supports": [
              "00000000000000110000000",
              "01100000000000000000000",
              "00010000100000000000000"
            ],
            "two": "11010000010111101110000",
            "union_size": 6,
            "upper_q2_equal": false
          },
          {
            "cut_index": 3,
            "endpoint": "10100100110111001110000",
            "join_neighbor": "00100100110111011110000",
            "join_support": "10000000000000010000000",
            "lower_q2_equal": false,
            "one": "00100100110111011010010",
            "q2": [
              [
                "00100100110111001010000",
                "10100100110111011110010"
              ],
              [
                "00100100110111011000000",
                "00100100110111011111010"
              ]
            ],
            "repeated": "00000000000000000000000",
            "resident": true,
            "resolved": true,
            "supports": [
              "10000000000000010000000",
              "00000000000000000100010",
              "00000000000000000011000"
            ],
            "two": "00100100110111011001010",
            "union_size": 6,
            "upper_q2_equal": false
          }
        ],
        [
          {
            "cut_index": 0,
            "endpoint": "00100110100110111110000",
            "join_neighbor": "10000110100110111110000",
            "join_support": "10100000000000000000000",
            "resolved": false
          },
          {
            "cut_index": 0,
            "endpoint": "10100010100110111110000",
            "join_neighbor": "00100010110110111110000",
            "join_support": "10000000010000000000000",
            "lower_q2_equal": false,
            "one": "00110010010110111110000",
            "q2": [
              [
                "00100010000110111110000",
                "10110010110110111110000"
              ],
              [
                "00000010010110111110000",
                "01110010110110111110000"
              ]
            ],
            "repeated": "00000000000000000000000",
            "resident": true,
            "resolved": true,
            "supports": [
              "10000000010000000000000",
              "00010000100000000000000",
              "01100000000000000000000"
            ],
            "two": "01010010010110111110000",
            "union_size": 6,
            "upper_q2_equal": false
          },
          {
            "cut_index": 1,
            "endpoint": "10000110100110111110000",
            "join_neighbor": "00100110100110111110000",
            "join_support": "10100000000000000000000",
            "resolved": false
          },
          {
            "cut_index": 1,
            "endpoint": "00000110110110111110000",
            "join_neighbor": "10000100110110111110000",
            "join_support": "10000010000000000000000",
            "lower_q2_equal": false,
            "one": "11000100110100111110000",
            "q2": [
              [
                "00000100110100111110000",
                "11000110110110111110000"
              ],
              [
                "10000100110000111110000",
                "11000100111110111110000"
              ]
            ],
            "repeated": "00000000000000000000000",
            "resident": true,
            "resolved": true,
            "supports": [
              "10000010000000000000000",
              "01000000000010000000000",
              "00000000001100000000000"
            ],
            "two": "11000100111000111110000",
            "union_size": 6,
            "upper_q2_equal": false
          },
          {
            "cut_index": 2,
            "endpoint": "10100010110101101110000",
            "join_neighbor": "10100010110110101110000",
            "join_support": "00000000000011000000000",
            "lower_q2_equal": false,
            "one": "11000010110110101110000",
            "q2": [
              [
                "10000010110100101110000",
                "11100010110111101110000"
              ],
              [
                "10000010010110101110000",
                "11110010110110101110000"
              ]
            ],
            "repeated": "00000000000000000000000",
            "resident": true,
            "resolved": true,
            "supports": [
              "00000000000011000000000",
              "01100000000000000000000",
              "00010000100000000000000"
            ],
            "two": "11010010010110101110000",
            "union_size": 6,
            "upper_q2_equal": false
          },
          {
            "cut_index": 2,
            "endpoint": "10100110110100101110000",
            "join_neighbor": "00100110110101101110000",
            "join_support": "10000000000001000000000",
            "lower_q2_equal": false,
            "one": "00100110110101011110000",
            "q2": [
              [
                "00100110110100001110000",
                "10100110110101111110000"
              ],
              [
                "00100110110101001010000",
                "00100110110101111110010"
              ]
            ],
            "repeated": "00000000000000000000000",
            "resident": true,
            "resolved": true,
            "supports": [
              "10000000000001000000000",
              "00000000000000110000000",
              "00000000000000000100010"
            ],
            "two": "00100110110101011010010",
            "union_size": 6,
            "upper_q2_equal": false
          },
          {
            "cut_index": 3,
            "endpoint": "10100000110111011110000",
            "join_neighbor": "10100000110111101110000",
            "join_support": "00000000000000110000000",
            "lower_q2_equal": false,
            "one": "11000000110111101110000",
            "q2": [
              [
                "10000000110111001110000",
                "11100000110111111110000"
              ],
              [
                "10000000010111101110000",
                "11110000110111101110000"
              ]
            ],
            "repeated": "00000000000000000000000",
            "resident": true,
            "resolved": true,
            "supports": [
              "00000000000000110000000",
              "01100000000000000000000",
              "00010000100000000000000"
            ],
            "two": "11010000010111101110000",
            "union_size": 6,
            "upper_q2_equal": false
          },
          {
            "cut_index": 3,
            "endpoint": "10100100110111001110000",
            "join_neighbor": "00100100110111011110000",
            "join_support": "10000000000000010000000",
            "lower_q2_equal": false,
            "one": "00100100110111011010010",
            "q2": [
              [
                "00100100110111001010000",
                "10100100110111011110010"
              ],
              [
                "00100100110111011000000",
                "00100100110111011111010"
              ]
            ],
            "repeated": "00000000000000000000000",
            "resident": true,
            "resolved": true,
            "supports": [
              "10000000000000010000000",
              "00000000000000000100010",
              "00000000000000000011000"
            ],
            "two": "00100100110111011001010",
            "union_size": 6,
            "upper_q2_equal": false
          }
        ]
      ],
      "internal_q2_count": [
        30,
        30
      ],
      "internal_q2_lower_delta": {},
      "internal_q2_upper_delta": {},
      "other_roles": [
        {
          "active": 6,
          "auxiliary_edge": [
            "10100010110101101110000",
            "10100110110100101110000"
          ],
          "collar": {
            "a": [
              "00100110110110101110000",
              "10100110110100101110000",
              "10100010110110101110000"
            ],
            "active": [
              5,
              0,
              12
            ],
            "b": [
              "00100110110101101110000",
              "10100010110101101110000",
              "00100010110111101110000"
            ],
            "core": "00100010110100101110000",
            "new": [
              [
                "00100010110111101110000",
                "00100110110110101110000"
              ],
              [
                "00100110110101101110000",
                "10100110110100101110000"
              ],
              [
                "10100010110101101110000",
                "10100010110110101110000"
              ]
            ],
            "old": [
              [
                "00100110110101101110000",
                "00100110110110101110000"
              ],
              [
                "10100010110101101110000",
                "10100110110100101110000"
              ],
              [
                "00100010110111101110000",
                "10100010110110101110000"
              ]
            ],
            "seam_y": 13
          },
          "h": "00100000110110101110000",
          "next_active": 13,
          "p": "00100010110111101110000",
          "q": "10100010110110101110000",
          "router_edge": [
            "00100010110111101110000",
            "10100010110110101110000"
          ],
          "z": 0
        },
        {
          "active": 13,
          "auxiliary_edge": [
            "10100000110111011110000",
            "10100100110111001110000"
          ],
          "collar": {
            "a": [
              "00100100110111101110000",
              "10100100110111001110000",
              "10100000110111101110000"
            ],
            "active": [
              5,
              0,
              14
            ],
            "b": [
              "00100100110111011110000",
              "10100000110111011110000",
              "00100000110111111110000"
            ],
            "core": "00100000110111001110000",
            "new": [
              [
                "00100000110111111110000",
                "00100100110111101110000"
              ],
              [
                "00100100110111011110000",
                "10100100110111001110000"
              ],
              [
                "10100000110111011110000",
                "10100000110111101110000"
              ]
            ],
            "old": [
              [
                "00100100110111011110000",
                "00100100110111101110000"
              ],
              [
                "10100000110111011110000",
                "10100100110111001110000"
              ],
              [
                "00100000110111111110000",
                "10100000110111101110000"
              ]
            ],
            "seam_y": 15
          },
          "h": "00100000110110101110000",
          "next_active": 15,
          "p": "00100000110111111110000",
          "q": "10100000110111101110000",
          "router_edge": [
            "00100000110111111110000",
            "10100000110111101110000"
          ],
          "z": 0
        }
      ],
      "router_cuts": [
        [
          "00100010110111101110000",
          "10100010110110101110000"
        ],
        [
          "00100000110111111110000",
          "10100000110111101110000"
        ],
        [
          "00100010110110111110000",
          "10100000110110111110000"
        ]
      ],
      "router_cycles": [
        [
          "11010010010110101110000",
          "01010010010111101110000",
          "00110010010111101110000",
          "00100010110111101110000",
          "10100010110110101110000",
          "11000010110110101110000"
        ],
        [
          "11010000010111101110000",
          "01010000010111111110000",
          "00110000010111111110000",
          "00100000110111111110000",
          "10100000110111101110000",
          "11000000110111101110000"
        ],
        [
          "11010000010110111110000",
          "01010010010110111110000",
          "00110010010110111110000",
          "00100010110110111110000",
          "10100000110110111110000",
          "11000000110110111110000"
        ]
      ],
      "router_orientation": [
        "10100000110110111110000",
        "00100010110110111110000"
      ],
      "token_permutation": [
        2,
        1,
        0
      ],
      "token_zero_port": 2,
      "witness_index": 17
    },
    {
      "after_edges": [
        [
          [
            "10100010110110101110000",
            "11000010110110101110000"
          ],
          [
            "11000010110110101110000",
            "11010010010110101110000"
          ],
          [
            "01010010010111101110000",
            "11010010010110101110000"
          ],
          [
            "10100000110110111110000",
            "11000000110110111110000"
          ],
          [
            "00110010010110111110000",
            "01010010010110111110000"
          ],
          [
            "00100010110111101110000",
            "00110010010111101110000"
          ],
          [
            "00100010110111101110000",
            "00100110110110101110000"
          ],
          [
            "10100010110101101110000",
            "10100010110110101110000"
          ],
          [
            "10100000110111011110000",
            "10100000110111101110000"
          ],
          [
            "01010010010110111110000",
            "11010000010110111110000"
          ],
          [
            "00100110110110111010000",
            "10000110110110111010000"
          ],
          [
            "00100110110101101110000",
            "10100110110100101110000"
          ],
          [
            "11000000110111101110000",
            "11010000010111101110000"
          ],
          [
            "01010000010111111110000",
            "11010000010111101110000"
          ],
          [
            "00000110110110111110000",
            "10000100110110111110000"
          ],
          [
            "00100100110110111110000",
            "10100000110110111110000"
          ],
          [
            "00110010010111101110000",
            "01010010010111101110000"
          ],
          [
            "10100000110111101110000",
            "11000000110111101110000"
          ],
          [
            "00100010110110111110000",
            "10100010110110111010000"
          ],
          [
            "11000000110110111110000",
            "11010000010110111110000"
          ],
          [
            "00100100110111011110000",
            "10100100110111001110000"
          ],
          [
            "00100010110110111110000",
            "00110010010110111110000"
          ],
          [
            "00110000010111111110000",
            "01010000010111111110000"
          ],
          [
            "00100000110111111110000",
            "00110000010111111110000"
          ],
          [
            "00100000110111111110000",
            "00100100110111101110000"
          ]
        ],
        [
          [
            "10100010110110101110000",
            "11000010110110101110000"
          ],
          [
            "11000010110110101110000",
            "11010010010110101110000"
          ],
          [
            "10100000110110111110000",
            "11000000110110111110000"
          ],
          [
            "00110010010110111110000",
            "01010010010110111110000"
          ],
          [
            "00100010110111101110000",
            "00110010010111101110000"
          ],
          [
            "00100010110111101110000",
            "00100110110110101110000"
          ],
          [
            "10100010110101101110000",
            "10100010110110101110000"
          ],
          [
            "10100000110111011110000",
            "10100000110111101110000"
          ],
          [
            "00100110110110111010000",
            "10000110110110111010000"
          ],
          [
            "00100110110101101110000",
            "10100110110100101110000"
          ],
          [
            "11000000110111101110000",
            "11010000010111101110000"
          ],
          [
            "00000110110110111110000",
            "10000100110110111110000"
          ],
          [
            "00100100110110111110000",
            "10100000110110111110000"
          ],
          [
            "00110010010111101110000",
            "01010010010111101110000"
          ],
          [
            "10100000110111101110000",
            "11000000110111101110000"
          ],
          [
            "00100010110110111110000",
            "10100010110110111010000"
          ],
          [
            "01010010010110111110000",
            "11010010010110101110000"
          ],
          [
            "01010010010111101110000",
            "11010000010111101110000"
          ],
          [
            "01010000010111111110000",
            "11010000010110111110000"
          ],
          [
            "11000000110110111110000",
            "11010000010110111110000"
          ],
          [
            "00100100110111011110000",
            "10100100110111001110000"
          ],
          [
            "00100010110110111110000",
            "00110010010110111110000"
          ],
          [
            "00110000010111111110000",
            "01010000010111111110000"
          ],
          [
            "00100000110111111110000",
            "00110000010111111110000"
          ],
          [
            "00100000110111111110000",
            "00100100110111101110000"
          ]
        ]
      ],
      "all_auxiliary_edges": [
        [
          "00100110110110111010000",
          "10100010110110111010000"
        ],
        [
          "00000110110110111110000",
          "10000110110110111010000"
        ],
        [
          "10100010110101101110000",
          "10100110110100101110000"
        ],
        [
          "10100000110111011110000",
          "10100100110111001110000"
        ]
      ],
      "before_edges": [
        [
          [
            "10100010110110101110000",
            "11000010110110101110000"
          ],
          [
            "11000010110110101110000",
            "11010010010110101110000"
          ],
          [
            "00000110110110111110000",
            "10000110110110111010000"
          ],
          [
            "01010010010111101110000",
            "11010010010110101110000"
          ],
          [
            "00100100110110111110000",
            "10000100110110111110000"
          ],
          [
            "10100000110110111110000",
            "11000000110110111110000"
          ],
          [
            "00110010010110111110000",
            "01010010010110111110000"
          ],
          [
            "00100010110111101110000",
            "00110010010111101110000"
          ],
          [
            "10100000110111011110000",
            "10100100110111001110000"
          ],
          [
            "01010010010110111110000",
            "11010000010110111110000"
          ],
          [
            "00100000110111111110000",
            "10100000110111101110000"
          ],
          [
            "00100110110110111010000",
            "10100010110110111010000"
          ],
          [
            "10100010110101101110000",
            "10100110110100101110000"
          ],
          [
            "11000000110111101110000",
            "11010000010111101110000"
          ],
          [
            "00100010110111101110000",
            "10100010110110101110000"
          ],
          [
            "00100110110101101110000",
            "00100110110110101110000"
          ],
          [
            "01010000010111111110000",
            "11010000010111101110000"
          ],
          [
            "00110010010111101110000",
            "01010010010111101110000"
          ],
          [
            "10100000110111101110000",
            "11000000110111101110000"
          ],
          [
            "00100100110111011110000",
            "00100100110111101110000"
          ],
          [
            "11000000110110111110000",
            "11010000010110111110000"
          ],
          [
            "00100010110110111110000",
            "00110010010110111110000"
          ],
          [
            "00100010110110111110000",
            "10100000110110111110000"
          ],
          [
            "00110000010111111110000",
            "01010000010111111110000"
          ],
          [
            "00100000110111111110000",
            "00110000010111111110000"
          ]
        ],
        [
          [
            "10100010110110101110000",
            "11000010110110101110000"
          ],
          [
            "11000010110110101110000",
            "11010010010110101110000"
          ],
          [
            "00000110110110111110000",
            "10000110110110111010000"
          ],
          [
            "00100100110110111110000",
            "10000100110110111110000"
          ],
          [
            "10100000110110111110000",
            "11000000110110111110000"
          ],
          [
            "00110010010110111110000",
            "01010010010110111110000"
          ],
          [
            "00100010110111101110000",
            "00110010010111101110000"
          ],
          [
            "10100000110111011110000",
            "10100100110111001110000"
          ],
          [
            "00100000110111111110000",
            "10100000110111101110000"
          ],
          [
            "00100110110110111010000",
            "10100010110110111010000"
          ],
          [
            "10100010110101101110000",
            "10100110110100101110000"
          ],
          [
            "11000000110111101110000",
            "11010000010111101110000"
          ],
          [
            "00100010110111101110000",
            "10100010110110101110000"
          ],
          [
            "00100110110101101110000",
            "00100110110110101110000"
          ],
          [
            "00110010010111101110000",
            "01010010010111101110000"
          ],
          [
            "10100000110111101110000",
            "11000000110111101110000"
          ],
          [
            "01010010010110111110000",
            "11010010010110101110000"
          ],
          [
            "01010010010111101110000",
            "11010000010111101110000"
          ],
          [
            "01010000010111111110000",
            "11010000010110111110000"
          ],
          [
            "11000000110110111110000",
            "11010000010110111110000"
          ],
          [
            "00100100110111011110000",
            "00100100110111101110000"
          ],
          [
            "00100010110110111110000",
            "00110010010110111110000"
          ],
          [
            "00100010110110111110000",
            "10100000110110111110000"
          ],
          [
            "00110000010111111110000",
            "01010000010111111110000"
          ],
          [
            "00100000110111111110000",
            "00110000010111111110000"
          ]
        ]
      ],
      "c8_auxiliary_edges": [
        [
          "00100110110110111010000",
          "10100010110110111010000"
        ],
        [
          "00000110110110111110000",
          "10000110110110111010000"
        ]
      ],
      "c8_new": [
        [
          "00100100110110111110000",
          "10100000110110111110000"
        ],
        [
          "00100010110110111110000",
          "10100010110110111010000"
        ],
        [
          "00100110110110111010000",
          "10000110110110111010000"
        ],
        [
          "00000110110110111110000",
          "10000100110110111110000"
        ]
      ],
      "c8_old": [
        [
          "00100100110110111110000",
          "10000100110110111110000"
        ],
        [
          "00100010110110111110000",
          "10100000110110111110000"
        ],
        [
          "00100110110110111010000",
          "10100010110110111010000"
        ],
        [
          "00000110110110111110000",
          "10000110110110111010000"
        ]
      ],
      "context_orientation": [
        "10000100110110111110000",
        "00100100110110111110000"
      ],
      "fixed_path_reports": [
        [
          {
            "cut_index": 0,
            "endpoint": "00100110110110111010000",
            "join_neighbor": "10000110110110111010000",
            "join_support": "10100000000000000000000",
            "resolved": false
          },
          {
            "cut_index": 0,
            "endpoint": "10100010110110111010000",
            "join_neighbor": "00100010110110111110000",
            "join_support": "10000000000000000100000",
            "lower_q2_equal": false,
            "one": "00110010010110111110000",
            "q2": [
              [
                "00100010010110111010000",
                "10110010110110111110000"
              ],
              [
                "00000010010110111110000",
                "01110010110110111110000"
              ]
            ],
            "repeated": "00000000000000000000000",
            "resident": true,
            "resolved": true,
            "supports": [
              "10000000000000000100000",
              "00010000100000000000000",
              "01100000000000000000000"
            ],
            "two": "01010010010110111110000",
            "union_size": 6,
            "upper_q2_equal": false
          },
          {
            "cut_index": 1,
            "endpoint": "00000110110110111110000",
            "join_neighbor": "10000100110110111110000",
            "join_support": "10000010000000000000000",
            "lower_q2_equal": false,
            "one": "11000100110100111110000",
            "q2": [
              [
                "00000100110100111110000",
                "11000110110110111110000"
              ],
              [
                "10000100110000111110000",
                "11000100111110111110000"
              ]
            ],
            "repeated": "00000000000000000000000",
            "resident": true,
            "resolved": true,
            "supports": [
              "10000010000000000000000",
              "01000000000010000000000",
              "00000000001100000000000"
            ],
            "two": "11000100111000111110000",
            "union_size": 6,
            "upper_q2_equal": false
          },
          {
            "cut_index": 1,
            "endpoint": "10000110110110111010000",
            "join_neighbor": "00100110110110111010000",
            "join_support": "10100000000000000000000",
            "resolved": false
          },
          {
            "cut_index": 2,
            "endpoint": "10100010110101101110000",
            "join_neighbor": "10100010110110101110000",
            "join_support": "00000000000011000000000",
            "lower_q2_equal": false,
            "one": "11000010110110101110000",
            "q2": [
              [
                "10000010110100101110000",
                "11100010110111101110000"
              ],
              [
                "10000010010110101110000",
                "11110010110110101110000"
              ]
            ],
            "repeated": "00000000000000000000000",
            "resident": true,
            "resolved": true,
            "supports": [
              "00000000000011000000000",
              "01100000000000000000000",
              "00010000100000000000000"
            ],
            "two": "11010010010110101110000",
            "union_size": 6,
            "upper_q2_equal": false
          },
          {
            "cut_index": 2,
            "endpoint": "10100110110100101110000",
            "join_neighbor": "00100110110101101110000",
            "join_support": "10000000000001000000000",
            "lower_q2_equal": false,
            "one": "00100110110101011110000",
            "q2": [
              [
                "00100110110100001110000",
                "10100110110101111110000"
              ],
              [
                "00100110110101001010000",
                "00100110110101111110010"
              ]
            ],
            "repeated": "00000000000000000000000",
            "resident": true,
            "resolved": true,
            "supports": [
              "10000000000001000000000",
              "00000000000000110000000",
              "00000000000000000100010"
            ],
            "two": "00100110110101011010010",
            "union_size": 6,
            "upper_q2_equal": false
          },
          {
            "cut_index": 3,
            "endpoint": "10100000110111011110000",
            "join_neighbor": "10100000110111101110000",
            "join_support": "00000000000000110000000",
            "lower_q2_equal": false,
            "one": "11000000110111101110000",
            "q2": [
              [
                "10000000110111001110000",
                "11100000110111111110000"
              ],
              [
                "10000000010111101110000",
                "11110000110111101110000"
              ]
            ],
            "repeated": "00000000000000000000000",
            "resident": true,
            "resolved": true,
            "supports": [
              "00000000000000110000000",
              "01100000000000000000000",
              "00010000100000000000000"
            ],
            "two": "11010000010111101110000",
            "union_size": 6,
            "upper_q2_equal": false
          },
          {
            "cut_index": 3,
            "endpoint": "10100100110111001110000",
            "join_neighbor": "00100100110111011110000",
            "join_support": "10000000000000010000000",
            "lower_q2_equal": false,
            "one": "00100100110111011010010",
            "q2": [
              [
                "00100100110111001010000",
                "10100100110111011110010"
              ],
              [
                "00100100110111011000000",
                "00100100110111011111010"
              ]
            ],
            "repeated": "00000000000000000000000",
            "resident": true,
            "resolved": true,
            "supports": [
              "10000000000000010000000",
              "00000000000000000100010",
              "00000000000000000011000"
            ],
            "two": "00100100110111011001010",
            "union_size": 6,
            "upper_q2_equal": false
          }
        ],
        [
          {
            "cut_index": 0,
            "endpoint": "00100110110110111010000",
            "join_neighbor": "10000110110110111010000",
            "join_support": "10100000000000000000000",
            "resolved": false
          },
          {
            "cut_index": 0,
            "endpoint": "10100010110110111010000",
            "join_neighbor": "00100010110110111110000",
            "join_support": "10000000000000000100000",
            "lower_q2_equal": false,
            "one": "00110010010110111110000",
            "q2": [
              [
                "00100010010110111010000",
                "10110010110110111110000"
              ],
              [
                "00000010010110111110000",
                "01110010110110111110000"
              ]
            ],
            "repeated": "00000000000000000000000",
            "resident": true,
            "resolved": true,
            "supports": [
              "10000000000000000100000",
              "00010000100000000000000",
              "01100000000000000000000"
            ],
            "two": "01010010010110111110000",
            "union_size": 6,
            "upper_q2_equal": false
          },
          {
            "cut_index": 1,
            "endpoint": "00000110110110111110000",
            "join_neighbor": "10000100110110111110000",
            "join_support": "10000010000000000000000",
            "lower_q2_equal": false,
            "one": "11000100110100111110000",
            "q2": [
              [
                "00000100110100111110000",
                "11000110110110111110000"
              ],
              [
                "10000100110000111110000",
                "11000100111110111110000"
              ]
            ],
            "repeated": "00000000000000000000000",
            "resident": true,
            "resolved": true,
            "supports": [
              "10000010000000000000000",
              "01000000000010000000000",
              "00000000001100000000000"
            ],
            "two": "11000100111000111110000",
            "union_size": 6,
            "upper_q2_equal": false
          },
          {
            "cut_index": 1,
            "endpoint": "10000110110110111010000",
            "join_neighbor": "00100110110110111010000",
            "join_support": "10100000000000000000000",
            "resolved": false
          },
          {
            "cut_index": 2,
            "endpoint": "10100010110101101110000",
            "join_neighbor": "10100010110110101110000",
            "join_support": "00000000000011000000000",
            "lower_q2_equal": false,
            "one": "11000010110110101110000",
            "q2": [
              [
                "10000010110100101110000",
                "11100010110111101110000"
              ],
              [
                "10000010010110101110000",
                "11110010110110101110000"
              ]
            ],
            "repeated": "00000000000000000000000",
            "resident": true,
            "resolved": true,
            "supports": [
              "00000000000011000000000",
              "01100000000000000000000",
              "00010000100000000000000"
            ],
            "two": "11010010010110101110000",
            "union_size": 6,
            "upper_q2_equal": false
          },
          {
            "cut_index": 2,
            "endpoint": "10100110110100101110000",
            "join_neighbor": "00100110110101101110000",
            "join_support": "10000000000001000000000",
            "lower_q2_equal": false,
            "one": "00100110110101011110000",
            "q2": [
              [
                "00100110110100001110000",
                "10100110110101111110000"
              ],
              [
                "00100110110101001010000",
                "00100110110101111110010"
              ]
            ],
            "repeated": "00000000000000000000000",
            "resident": true,
            "resolved": true,
            "supports": [
              "10000000000001000000000",
              "00000000000000110000000",
              "00000000000000000100010"
            ],
            "two": "00100110110101011010010",
            "union_size": 6,
            "upper_q2_equal": false
          },
          {
            "cut_index": 3,
            "endpoint": "10100000110111011110000",
            "join_neighbor": "10100000110111101110000",
            "join_support": "00000000000000110000000",
            "lower_q2_equal": false,
            "one": "11000000110111101110000",
            "q2": [
              [
                "10000000110111001110000",
                "11100000110111111110000"
              ],
              [
                "10000000010111101110000",
                "11110000110111101110000"
              ]
            ],
            "repeated": "00000000000000000000000",
            "resident": true,
            "resolved": true,
            "supports": [
              "00000000000000110000000",
              "01100000000000000000000",
              "00010000100000000000000"
            ],
            "two": "11010000010111101110000",
            "union_size": 6,
            "upper_q2_equal": false
          },
          {
            "cut_index": 3,
            "endpoint": "10100100110111001110000",
            "join_neighbor": "00100100110111011110000",
            "join_support": "10000000000000010000000",
            "lower_q2_equal": false,
            "one": "00100100110111011010010",
            "q2": [
              [
                "00100100110111001010000",
                "10100100110111011110010"
              ],
              [
                "00100100110111011000000",
                "00100100110111011111010"
              ]
            ],
            "repeated": "00000000000000000000000",
            "resident": true,
            "resolved": true,
            "supports": [
              "10000000000000010000000",
              "00000000000000000100010",
              "00000000000000000011000"
            ],
            "two": "00100100110111011001010",
            "union_size": 6,
            "upper_q2_equal": false
          }
        ]
      ],
      "internal_q2_count": [
        30,
        30
      ],
      "internal_q2_lower_delta": {},
      "internal_q2_upper_delta": {},
      "other_roles": [
        {
          "active": 6,
          "auxiliary_edge": [
            "10100010110101101110000",
            "10100110110100101110000"
          ],
          "collar": {
            "a": [
              "00100110110110101110000",
              "10100110110100101110000",
              "10100010110110101110000"
            ],
            "active": [
              5,
              0,
              12
            ],
            "b": [
              "00100110110101101110000",
              "10100010110101101110000",
              "00100010110111101110000"
            ],
            "core": "00100010110100101110000",
            "new": [
              [
                "00100010110111101110000",
                "00100110110110101110000"
              ],
              [
                "00100110110101101110000",
                "10100110110100101110000"
              ],
              [
                "10100010110101101110000",
                "10100010110110101110000"
              ]
            ],
            "old": [
              [
                "00100110110101101110000",
                "00100110110110101110000"
              ],
              [
                "10100010110101101110000",
                "10100110110100101110000"
              ],
              [
                "00100010110111101110000",
                "10100010110110101110000"
              ]
            ],
            "seam_y": 13
          },
          "h": "00100000110110101110000",
          "next_active": 13,
          "p": "00100010110111101110000",
          "q": "10100010110110101110000",
          "router_edge": [
            "00100010110111101110000",
            "10100010110110101110000"
          ],
          "z": 0
        },
        {
          "active": 13,
          "auxiliary_edge": [
            "10100000110111011110000",
            "10100100110111001110000"
          ],
          "collar": {
            "a": [
              "00100100110111101110000",
              "10100100110111001110000",
              "10100000110111101110000"
            ],
            "active": [
              5,
              0,
              14
            ],
            "b": [
              "00100100110111011110000",
              "10100000110111011110000",
              "00100000110111111110000"
            ],
            "core": "00100000110111001110000",
            "new": [
              [
                "00100000110111111110000",
                "00100100110111101110000"
              ],
              [
                "00100100110111011110000",
                "10100100110111001110000"
              ],
              [
                "10100000110111011110000",
                "10100000110111101110000"
              ]
            ],
            "old": [
              [
                "00100100110111011110000",
                "00100100110111101110000"
              ],
              [
                "10100000110111011110000",
                "10100100110111001110000"
              ],
              [
                "00100000110111111110000",
                "10100000110111101110000"
              ]
            ],
            "seam_y": 15
          },
          "h": "00100000110110101110000",
          "next_active": 15,
          "p": "00100000110111111110000",
          "q": "10100000110111101110000",
          "router_edge": [
            "00100000110111111110000",
            "10100000110111101110000"
          ],
          "z": 0
        }
      ],
      "router_cuts": [
        [
          "00100010110111101110000",
          "10100010110110101110000"
        ],
        [
          "00100000110111111110000",
          "10100000110111101110000"
        ],
        [
          "00100010110110111110000",
          "10100000110110111110000"
        ]
      ],
      "router_cycles": [
        [
          "11010010010110101110000",
          "01010010010111101110000",
          "00110010010111101110000",
          "00100010110111101110000",
          "10100010110110101110000",
          "11000010110110101110000"
        ],
        [
          "11010000010111101110000",
          "01010000010111111110000",
          "00110000010111111110000",
          "00100000110111111110000",
          "10100000110111101110000",
          "11000000110111101110000"
        ],
        [
          "11010000010110111110000",
          "01010010010110111110000",
          "00110010010110111110000",
          "00100010110110111110000",
          "10100000110110111110000",
          "11000000110110111110000"
        ]
      ],
      "router_orientation": [
        "10100000110110111110000",
        "00100010110110111110000"
      ],
      "token_permutation": [
        2,
        1,
        0
      ],
      "token_zero_port": 2,
      "witness_index": 17
    },
    {
      "after_edges": [
        [
          [
            "10100010110110101110000",
            "11000010110110101110000"
          ],
          [
            "11000010110110101110000",
            "11010010010110101110000"
          ],
          [
            "01010010010111101110000",
            "11010010010110101110000"
          ],
          [
            "10100000110110111110000",
            "11000000110110111110000"
          ],
          [
            "00110010010110111110000",
            "01010010010110111110000"
          ],
          [
            "00100010110111101110000",
            "00110010010111101110000"
          ],
          [
            "00100010110111101110000",
            "00100110110110101110000"
          ],
          [
            "10100010110101101110000",
            "10100010110110101110000"
          ],
          [
            "10100000110111011110000",
            "10100000110111101110000"
          ],
          [
            "01010010010110111110000",
            "11010000010110111110000"
          ],
          [
            "00100110110101101110000",
            "10100110110100101110000"
          ],
          [
            "11000000110111101110000",
            "11010000010111101110000"
          ],
          [
            "01010000010111111110000",
            "11010000010111101110000"
          ],
          [
            "00000110110110111110000",
            "10000100110110111110000"
          ],
          [
            "00100100110110111110000",
            "10100000110110111110000"
          ],
          [
            "00110010010111101110000",
            "01010010010111101110000"
          ],
          [
            "10100000110111101110000",
            "11000000110111101110000"
          ],
          [
            "00100110110100111110000",
            "10000110110100111110000"
          ],
          [
            "00100010110110111110000",
            "10100010110100111110000"
          ],
          [
            "11000000110110111110000",
            "11010000010110111110000"
          ],
          [
            "00100100110111011110000",
            "10100100110111001110000"
          ],
          [
            "00100010110110111110000",
            "00110010010110111110000"
          ],
          [
            "00110000010111111110000",
            "01010000010111111110000"
          ],
          [
            "00100000110111111110000",
            "00110000010111111110000"
          ],
          [
            "00100000110111111110000",
            "00100100110111101110000"
          ]
        ],
        [
          [
            "10100010110110101110000",
            "11000010110110101110000"
          ],
          [
            "11000010110110101110000",
            "11010010010110101110000"
          ],
          [
            "10100000110110111110000",
            "11000000110110111110000"
          ],
          [
            "00110010010110111110000",
            "01010010010110111110000"
          ],
          [
            "00100010110111101110000",
            "00110010010111101110000"
          ],
          [
            "00100010110111101110000",
            "00100110110110101110000"
          ],
          [
            "10100010110101101110000",
            "10100010110110101110000"
          ],
          [
            "10100000110111011110000",
            "10100000110111101110000"
          ],
          [
            "00100110110101101110000",
            "10100110110100101110000"
          ],
          [
            "11000000110111101110000",
            "11010000010111101110000"
          ],
          [
            "00000110110110111110000",
            "10000100110110111110000"
          ],
          [
            "00100100110110111110000",
            "10100000110110111110000"
          ],
          [
            "00110010010111101110000",
            "01010010010111101110000"
          ],
          [
            "10100000110111101110000",
            "11000000110111101110000"
          ],
          [
            "00100110110100111110000",
            "10000110110100111110000"
          ],
          [
            "01010010010110111110000",
            "11010010010110101110000"
          ],
          [
            "01010010010111101110000",
            "11010000010111101110000"
          ],
          [
            "01010000010111111110000",
            "11010000010110111110000"
          ],
          [
            "11000000110110111110000",
            "11010000010110111110000"
          ],
          [
            "00100100110111011110000",
            "10100100110111001110000"
          ],
          [
            "00100010110110111110000",
            "00110010010110111110000"
          ],
          [
            "00100010110110111110000",
            "10100010110100111110000"
          ],
          [
            "00110000010111111110000",
            "01010000010111111110000"
          ],
          [
            "00100000110111111110000",
            "00110000010111111110000"
          ],
          [
            "00100000110111111110000",
            "00100100110111101110000"
          ]
        ]
      ],
      "all_auxiliary_edges": [
        [
          "00100110110100111110000",
          "10100010110100111110000"
        ],
        [
          "00000110110110111110000",
          "10000110110100111110000"
        ],
        [
          "10100010110101101110000",
          "10100110110100101110000"
        ],
        [
          "10100000110111011110000",
          "10100100110111001110000"
        ]
      ],
      "before_edges": [
        [
          [
            "10100010110110101110000",
            "11000010110110101110000"
          ],
          [
            "11000010110110101110000",
            "11010010010110101110000"
          ],
          [
            "00100100110110111110000",
            "10000100110110111110000"
          ],
          [
            "01010010010111101110000",
            "11010010010110101110000"
          ],
          [
            "10100000110110111110000",
            "11000000110110111110000"
          ],
          [
            "00110010010110111110000",
            "01010010010110111110000"
          ],
          [
            "00100010110111101110000",
            "00110010010111101110000"
          ],
          [
            "10100000110111011110000",
            "10100100110111001110000"
          ],
          [
            "01010010010110111110000",
            "11010000010110111110000"
          ],
          [
            "00100000110111111110000",
            "10100000110111101110000"
          ],
          [
            "10100010110101101110000",
            "10100110110100101110000"
          ],
          [
            "11000000110111101110000",
            "11010000010111101110000"
          ],
          [
            "00100010110111101110000",
            "10100010110110101110000"
          ],
          [
            "00100110110101101110000",
            "00100110110110101110000"
          ],
          [
            "01010000010111111110000",
            "11010000010111101110000"
          ],
          [
            "00110010010111101110000",
            "01010010010111101110000"
          ],
          [
            "10100000110111101110000",
            "11000000110111101110000"
          ],
          [
            "00100100110111011110000",
            "00100100110111101110000"
          ],
          [
            "11000000110110111110000",
            "11010000010110111110000"
          ],
          [
            "00100110110100111110000",
            "10100010110100111110000"
          ],
          [
            "00100010110110111110000",
            "00110010010110111110000"
          ],
          [
            "00100010110110111110000",
            "10100000110110111110000"
          ],
          [
            "00110000010111111110000",
            "01010000010111111110000"
          ],
          [
            "00000110110110111110000",
            "10000110110100111110000"
          ],
          [
            "00100000110111111110000",
            "00110000010111111110000"
          ]
        ],
        [
          [
            "10100010110110101110000",
            "11000010110110101110000"
          ],
          [
            "11000010110110101110000",
            "11010010010110101110000"
          ],
          [
            "00100100110110111110000",
            "10000100110110111110000"
          ],
          [
            "10100000110110111110000",
            "11000000110110111110000"
          ],
          [
            "00110010010110111110000",
            "01010010010110111110000"
          ],
          [
            "00100010110111101110000",
            "00110010010111101110000"
          ],
          [
            "10100000110111011110000",
            "10100100110111001110000"
          ],
          [
            "00100000110111111110000",
            "10100000110111101110000"
          ],
          [
            "10100010110101101110000",
            "10100110110100101110000"
          ],
          [
            "11000000110111101110000",
            "11010000010111101110000"
          ],
          [
            "00100010110111101110000",
            "10100010110110101110000"
          ],
          [
            "00100110110101101110000",
            "00100110110110101110000"
          ],
          [
            "00110010010111101110000",
            "01010010010111101110000"
          ],
          [
            "10100000110111101110000",
            "11000000110111101110000"
          ],
          [
            "01010010010110111110000",
            "11010010010110101110000"
          ],
          [
            "01010010010111101110000",
            "11010000010111101110000"
          ],
          [
            "01010000010111111110000",
            "11010000010110111110000"
          ],
          [
            "11000000110110111110000",
            "11010000010110111110000"
          ],
          [
            "00100100110111011110000",
            "00100100110111101110000"
          ],
          [
            "00100010110110111110000",
            "00110010010110111110000"
          ],
          [
            "00100010110110111110000",
            "10100000110110111110000"
          ],
          [
            "00100110110100111110000",
            "10100010110100111110000"
          ],
          [
            "00110000010111111110000",
            "01010000010111111110000"
          ],
          [
            "00000110110110111110000",
            "10000110110100111110000"
          ],
          [
            "00100000110111111110000",
            "00110000010111111110000"
          ]
        ]
      ],
      "c8_auxiliary_edges": [
        [
          "00100110110100111110000",
          "10100010110100111110000"
        ],
        [
          "00000110110110111110000",
          "10000110110100111110000"
        ]
      ],
      "c8_new": [
        [
          "00100100110110111110000",
          "10100000110110111110000"
        ],
        [
          "00100010110110111110000",
          "10100010110100111110000"
        ],
        [
          "00100110110100111110000",
          "10000110110100111110000"
        ],
        [
          "00000110110110111110000",
          "10000100110110111110000"
        ]
      ],
      "c8_old": [
        [
          "00100100110110111110000",
          "10000100110110111110000"
        ],
        [
          "00100010110110111110000",
          "10100000110110111110000"
        ],
        [
          "00100110110100111110000",
          "10100010110100111110000"
        ],
        [
          "00000110110110111110000",
          "10000110110100111110000"
        ]
      ],
      "context_orientation": [
        "10000100110110111110000",
        "00100100110110111110000"
      ],
      "fixed_path_reports": [
        [
          {
            "cut_index": 0,
            "endpoint": "00100110110100111110000",
            "join_neighbor": "10000110110100111110000",
            "join_support": "10100000000000000000000",
            "resolved": false
          },
          {
            "cut_index": 0,
            "endpoint": "10100010110100111110000",
            "join_neighbor": "00100010110110111110000",
            "join_support": "10000000000010000000000",
            "lower_q2_equal": false,
            "one": "00110010010110111110000",
            "q2": [
              [
                "00100010010100111110000",
                "10110010110110111110000"
              ],
              [
                "00000010010110111110000",
                "01110010110110111110000"
              ]
            ],
            "repeated": "00000000000000000000000",
            "resident": true,
            "resolved": true,
            "supports": [
              "10000000000010000000000",
              "00010000100000000000000",
              "01100000000000000000000"
            ],
            "two": "01010010010110111110000",
            "union_size": 6,
            "upper_q2_equal": false
          },
          {
            "cut_index": 1,
            "endpoint": "00000110110110111110000",
            "join_neighbor": "10000100110110111110000",
            "join_support": "10000010000000000000000",
            "lower_q2_equal": false,
            "one": "11000100110100111110000",
            "q2": [
              [
                "00000100110100111110000",
                "11000110110110111110000"
              ],
              [
                "10000100110000111110000",
                "11000100111110111110000"
              ]
            ],
            "repeated": "00000000000000000000000",
            "resident": true,
            "resolved": true,
            "supports": [
              "10000010000000000000000",
              "01000000000010000000000",
              "00000000001100000000000"
            ],
            "two": "11000100111000111110000",
            "union_size": 6,
            "upper_q2_equal": false
          },
          {
            "cut_index": 1,
            "endpoint": "10000110110100111110000",
            "join_neighbor": "00100110110100111110000",
            "join_support": "10100000000000000000000",
            "resolved": false
          },
          {
            "cut_index": 2,
            "endpoint": "10100010110101101110000",
            "join_neighbor": "10100010110110101110000",
            "join_support": "00000000000011000000000",
            "lower_q2_equal": false,
            "one": "11000010110110101110000",
            "q2": [
              [
                "10000010110100101110000",
                "11100010110111101110000"
              ],
              [
                "10000010010110101110000",
                "11110010110110101110000"
              ]
            ],
            "repeated": "00000000000000000000000",
            "resident": true,
            "resolved": true,
            "supports": [
              "00000000000011000000000",
              "01100000000000000000000",
              "00010000100000000000000"
            ],
            "two": "11010010010110101110000",
            "union_size": 6,
            "upper_q2_equal": false
          },
          {
            "cut_index": 2,
            "endpoint": "10100110110100101110000",
            "join_neighbor": "00100110110101101110000",
            "join_support": "10000000000001000000000",
            "lower_q2_equal": false,
            "one": "00100110110101011110000",
            "q2": [
              [
                "00100110110100001110000",
                "10100110110101111110000"
              ],
              [
                "00100110110101001010000",
                "00100110110101111110010"
              ]
            ],
            "repeated": "00000000000000000000000",
            "resident": true,
            "resolved": true,
            "supports": [
              "10000000000001000000000",
              "00000000000000110000000",
              "00000000000000000100010"
            ],
            "two": "00100110110101011010010",
            "union_size": 6,
            "upper_q2_equal": false
          },
          {
            "cut_index": 3,
            "endpoint": "10100000110111011110000",
            "join_neighbor": "10100000110111101110000",
            "join_support": "00000000000000110000000",
            "lower_q2_equal": false,
            "one": "11000000110111101110000",
            "q2": [
              [
                "10000000110111001110000",
                "11100000110111111110000"
              ],
              [
                "10000000010111101110000",
                "11110000110111101110000"
              ]
            ],
            "repeated": "00000000000000000000000",
            "resident": true,
            "resolved": true,
            "supports": [
              "00000000000000110000000",
              "01100000000000000000000",
              "00010000100000000000000"
            ],
            "two": "11010000010111101110000",
            "union_size": 6,
            "upper_q2_equal": false
          },
          {
            "cut_index": 3,
            "endpoint": "10100100110111001110000",
            "join_neighbor": "00100100110111011110000",
            "join_support": "10000000000000010000000",
            "lower_q2_equal": false,
            "one": "00100100110111011010010",
            "q2": [
              [
                "00100100110111001010000",
                "10100100110111011110010"
              ],
              [
                "00100100110111011000000",
                "00100100110111011111010"
              ]
            ],
            "repeated": "00000000000000000000000",
            "resident": true,
            "resolved": true,
            "supports": [
              "10000000000000010000000",
              "00000000000000000100010",
              "00000000000000000011000"
            ],
            "two": "00100100110111011001010",
            "union_size": 6,
            "upper_q2_equal": false
          }
        ],
        [
          {
            "cut_index": 0,
            "endpoint": "00100110110100111110000",
            "join_neighbor": "10000110110100111110000",
            "join_support": "10100000000000000000000",
            "resolved": false
          },
          {
            "cut_index": 0,
            "endpoint": "10100010110100111110000",
            "join_neighbor": "00100010110110111110000",
            "join_support": "10000000000010000000000",
            "lower_q2_equal": false,
            "one": "00110010010110111110000",
            "q2": [
              [
                "00100010010100111110000",
                "10110010110110111110000"
              ],
              [
                "00000010010110111110000",
                "01110010110110111110000"
              ]
            ],
            "repeated": "00000000000000000000000",
            "resident": true,
            "resolved": true,
            "supports": [
              "10000000000010000000000",
              "00010000100000000000000",
              "01100000000000000000000"
            ],
            "two": "01010010010110111110000",
            "union_size": 6,
            "upper_q2_equal": false
          },
          {
            "cut_index": 1,
            "endpoint": "00000110110110111110000",
            "join_neighbor": "10000100110110111110000",
            "join_support": "10000010000000000000000",
            "lower_q2_equal": false,
            "one": "11000100110100111110000",
            "q2": [
              [
                "00000100110100111110000",
                "11000110110110111110000"
              ],
              [
                "10000100110000111110000",
                "11000100111110111110000"
              ]
            ],
            "repeated": "00000000000000000000000",
            "resident": true,
            "resolved": true,
            "supports": [
              "10000010000000000000000",
              "01000000000010000000000",
              "00000000001100000000000"
            ],
            "two": "11000100111000111110000",
            "union_size": 6,
            "upper_q2_equal": false
          },
          {
            "cut_index": 1,
            "endpoint": "10000110110100111110000",
            "join_neighbor": "00100110110100111110000",
            "join_support": "10100000000000000000000",
            "resolved": false
          },
          {
            "cut_index": 2,
            "endpoint": "10100010110101101110000",
            "join_neighbor": "10100010110110101110000",
            "join_support": "00000000000011000000000",
            "lower_q2_equal": false,
            "one": "11000010110110101110000",
            "q2": [
              [
                "10000010110100101110000",
                "11100010110111101110000"
              ],
              [
                "10000010010110101110000",
                "11110010110110101110000"
              ]
            ],
            "repeated": "00000000000000000000000",
            "resident": true,
            "resolved": true,
            "supports": [
              "00000000000011000000000",
              "01100000000000000000000",
              "00010000100000000000000"
            ],
            "two": "11010010010110101110000",
            "union_size": 6,
            "upper_q2_equal": false
          },
          {
            "cut_index": 2,
            "endpoint": "10100110110100101110000",
            "join_neighbor": "00100110110101101110000",
            "join_support": "10000000000001000000000",
            "lower_q2_equal": false,
            "one": "00100110110101011110000",
            "q2": [
              [
                "00100110110100001110000",
                "10100110110101111110000"
              ],
              [
                "00100110110101001010000",
                "00100110110101111110010"
              ]
            ],
            "repeated": "00000000000000000000000",
            "resident": true,
            "resolved": true,
            "supports": [
              "10000000000001000000000",
              "00000000000000110000000",
              "00000000000000000100010"
            ],
            "two": "00100110110101011010010",
            "union_size": 6,
            "upper_q2_equal": false
          },
          {
            "cut_index": 3,
            "endpoint": "10100000110111011110000",
            "join_neighbor": "10100000110111101110000",
            "join_support": "00000000000000110000000",
            "lower_q2_equal": false,
            "one": "11000000110111101110000",
            "q2": [
              [
                "10000000110111001110000",
                "11100000110111111110000"
              ],
              [
                "10000000010111101110000",
                "11110000110111101110000"
              ]
            ],
            "repeated": "00000000000000000000000",
            "resident": true,
            "resolved": true,
            "supports": [
              "00000000000000110000000",
              "01100000000000000000000",
              "00010000100000000000000"
            ],
            "two": "11010000010111101110000",
            "union_size": 6,
            "upper_q2_equal": false
          },
          {
            "cut_index": 3,
            "endpoint": "10100100110111001110000",
            "join_neighbor": "00100100110111011110000",
            "join_support": "10000000000000010000000",
            "lower_q2_equal": false,
            "one": "00100100110111011010010",
            "q2": [
              [
                "00100100110111001010000",
                "10100100110111011110010"
              ],
              [
                "00100100110111011000000",
                "00100100110111011111010"
              ]
            ],
            "repeated": "00000000000000000000000",
            "resident": true,
            "resolved": true,
            "supports": [
              "10000000000000010000000",
              "00000000000000000100010",
              "00000000000000000011000"
            ],
            "two": "00100100110111011001010",
            "union_size": 6,
            "upper_q2_equal": false
          }
        ]
      ],
      "internal_q2_count": [
        30,
        30
      ],
      "internal_q2_lower_delta": {},
      "internal_q2_upper_delta": {},
      "other_roles": [
        {
          "active": 6,
          "auxiliary_edge": [
            "10100010110101101110000",
            "10100110110100101110000"
          ],
          "collar": {
            "a": [
              "00100110110110101110000",
              "10100110110100101110000",
              "10100010110110101110000"
            ],
            "active": [
              5,
              0,
              12
            ],
            "b": [
              "00100110110101101110000",
              "10100010110101101110000",
              "00100010110111101110000"
            ],
            "core": "00100010110100101110000",
            "new": [
              [
                "00100010110111101110000",
                "00100110110110101110000"
              ],
              [
                "00100110110101101110000",
                "10100110110100101110000"
              ],
              [
                "10100010110101101110000",
                "10100010110110101110000"
              ]
            ],
            "old": [
              [
                "00100110110101101110000",
                "00100110110110101110000"
              ],
              [
                "10100010110101101110000",
                "10100110110100101110000"
              ],
              [
                "00100010110111101110000",
                "10100010110110101110000"
              ]
            ],
            "seam_y": 13
          },
          "h": "00100000110110101110000",
          "next_active": 13,
          "p": "00100010110111101110000",
          "q": "10100010110110101110000",
          "router_edge": [
            "00100010110111101110000",
            "10100010110110101110000"
          ],
          "z": 0
        },
        {
          "active": 13,
          "auxiliary_edge": [
            "10100000110111011110000",
            "10100100110111001110000"
          ],
          "collar": {
            "a": [
              "00100100110111101110000",
              "10100100110111001110000",
              "10100000110111101110000"
            ],
            "active": [
              5,
              0,
              14
            ],
            "b": [
              "00100100110111011110000",
              "10100000110111011110000",
              "00100000110111111110000"
            ],
            "core": "00100000110111001110000",
            "new": [
              [
                "00100000110111111110000",
                "00100100110111101110000"
              ],
              [
                "00100100110111011110000",
                "10100100110111001110000"
              ],
              [
                "10100000110111011110000",
                "10100000110111101110000"
              ]
            ],
            "old": [
              [
                "00100100110111011110000",
                "00100100110111101110000"
              ],
              [
                "10100000110111011110000",
                "10100100110111001110000"
              ],
              [
                "00100000110111111110000",
                "10100000110111101110000"
              ]
            ],
            "seam_y": 15
          },
          "h": "00100000110110101110000",
          "next_active": 15,
          "p": "00100000110111111110000",
          "q": "10100000110111101110000",
          "router_edge": [
            "00100000110111111110000",
            "10100000110111101110000"
          ],
          "z": 0
        }
      ],
      "router_cuts": [
        [
          "00100010110111101110000",
          "10100010110110101110000"
        ],
        [
          "00100000110111111110000",
          "10100000110111101110000"
        ],
        [
          "00100010110110111110000",
          "10100000110110111110000"
        ]
      ],
      "router_cycles": [
        [
          "11010010010110101110000",
          "01010010010111101110000",
          "00110010010111101110000",
          "00100010110111101110000",
          "10100010110110101110000",
          "11000010110110101110000"
        ],
        [
          "11010000010111101110000",
          "01010000010111111110000",
          "00110000010111111110000",
          "00100000110111111110000",
          "10100000110111101110000",
          "11000000110111101110000"
        ],
        [
          "11010000010110111110000",
          "01010010010110111110000",
          "00110010010110111110000",
          "00100010110110111110000",
          "10100000110110111110000",
          "11000000110110111110000"
        ]
      ],
      "router_orientation": [
        "10100000110110111110000",
        "00100010110110111110000"
      ],
      "token_permutation": [
        2,
        1,
        0
      ],
      "token_zero_port": 2,
      "witness_index": 17
    },
    {
      "after_edges": [
        [
          [
            "10100010110110101110000",
            "11000010110110101110000"
          ],
          [
            "11000010110110101110000",
            "11010010010110101110000"
          ],
          [
            "01010010010111101110000",
            "11010010010110101110000"
          ],
          [
            "10100000110110111110000",
            "11000000110110111110000"
          ],
          [
            "00110010010110111110000",
            "01010010010110111110000"
          ],
          [
            "00100010110111101110000",
            "00110010010111101110000"
          ],
          [
            "00100010110111101110000",
            "00100110110110101110000"
          ],
          [
            "10100010110101101110000",
            "10100010110110101110000"
          ],
          [
            "10100000110111011110000",
            "10100000110111101110000"
          ],
          [
            "01010010010110111110000",
            "11010000010110111110000"
          ],
          [
            "00100110110101101110000",
            "10100110110100101110000"
          ],
          [
            "11000000110111101110000",
            "11010000010111101110000"
          ],
          [
            "00100010110110111110000",
            "10100010110110110110000"
          ],
          [
            "01010000010111111110000",
            "11010000010111101110000"
          ],
          [
            "00100110110110110110000",
            "10000110110110110110000"
          ],
          [
            "00000110110110111110000",
            "10000100110110111110000"
          ],
          [
            "00100100110110111110000",
            "10100000110110111110000"
          ],
          [
            "00110010010111101110000",
            "01010010010111101110000"
          ],
          [
            "10100000110111101110000",
            "11000000110111101110000"
          ],
          [
            "11000000110110111110000",
            "11010000010110111110000"
          ],
          [
            "00100100110111011110000",
            "10100100110111001110000"
          ],
          [
            "00100010110110111110000",
            "00110010010110111110000"
          ],
          [
            "00110000010111111110000",
            "01010000010111111110000"
          ],
          [
            "00100000110111111110000",
            "00110000010111111110000"
          ],
          [
            "00100000110111111110000",
            "00100100110111101110000"
          ]
        ],
        [
          [
            "10100010110110101110000",
            "11000010110110101110000"
          ],
          [
            "11000010110110101110000",
            "11010010010110101110000"
          ],
          [
            "10100000110110111110000",
            "11000000110110111110000"
          ],
          [
            "00110010010110111110000",
            "01010010010110111110000"
          ],
          [
            "00100010110111101110000",
            "00110010010111101110000"
          ],
          [
            "00100010110111101110000",
            "00100110110110101110000"
          ],
          [
            "10100010110101101110000",
            "10100010110110101110000"
          ],
          [
            "10100000110111011110000",
            "10100000110111101110000"
          ],
          [
            "00100110110101101110000",
            "10100110110100101110000"
          ],
          [
            "11000000110111101110000",
            "11010000010111101110000"
          ],
          [
            "00100010110110111110000",
            "10100010110110110110000"
          ],
          [
            "00100110110110110110000",
            "10000110110110110110000"
          ],
          [
            "00000110110110111110000",
            "10000100110110111110000"
          ],
          [
            "00100100110110111110000",
            "10100000110110111110000"
          ],
          [
            "00110010010111101110000",
            "01010010010111101110000"
          ],
          [
            "10100000110111101110000",
            "11000000110111101110000"
          ],
          [
            "01010010010110111110000",
            "11010010010110101110000"
          ],
          [
            "01010010010111101110000",
            "11010000010111101110000"
          ],
          [
            "01010000010111111110000",
            "11010000010110111110000"
          ],
          [
            "11000000110110111110000",
            "11010000010110111110000"
          ],
          [
            "00100100110111011110000",
            "10100100110111001110000"
          ],
          [
            "00100010110110111110000",
            "00110010010110111110000"
          ],
          [
            "00110000010111111110000",
            "01010000010111111110000"
          ],
          [
            "00100000110111111110000",
            "00110000010111111110000"
          ],
          [
            "00100000110111111110000",
            "00100100110111101110000"
          ]
        ]
      ],
      "all_auxiliary_edges": [
        [
          "00100110110110110110000",
          "10100010110110110110000"
        ],
        [
          "00000110110110111110000",
          "10000110110110110110000"
        ],
        [
          "10100010110101101110000",
          "10100110110100101110000"
        ],
        [
          "10100000110111011110000",
          "10100100110111001110000"
        ]
      ],
      "before_edges": [
        [
          [
            "10100010110110101110000",
            "11000010110110101110000"
          ],
          [
            "11000010110110101110000",
            "11010010010110101110000"
          ],
          [
            "00100100110110111110000",
            "10000100110110111110000"
          ],
          [
            "01010010010111101110000",
            "11010010010110101110000"
          ],
          [
            "10100000110110111110000",
            "11000000110110111110000"
          ],
          [
            "00110010010110111110000",
            "01010010010110111110000"
          ],
          [
            "00100010110111101110000",
            "00110010010111101110000"
          ],
          [
            "10100000110111011110000",
            "10100100110111001110000"
          ],
          [
            "00100110110110110110000",
            "10100010110110110110000"
          ],
          [
            "01010010010110111110000",
            "11010000010110111110000"
          ],
          [
            "00100000110111111110000",
            "10100000110111101110000"
          ],
          [
            "10100010110101101110000",
            "10100110110100101110000"
          ],
          [
            "11000000110111101110000",
            "11010000010111101110000"
          ],
          [
            "00100010110111101110000",
            "10100010110110101110000"
          ],
          [
            "00100110110101101110000",
            "00100110110110101110000"
          ],
          [
            "01010000010111111110000",
            "11010000010111101110000"
          ],
          [
            "00110010010111101110000",
            "01010010010111101110000"
          ],
          [
            "10100000110111101110000",
            "11000000110111101110000"
          ],
          [
            "00100100110111011110000",
            "00100100110111101110000"
          ],
          [
            "11000000110110111110000",
            "11010000010110111110000"
          ],
          [
            "00000110110110111110000",
            "10000110110110110110000"
          ],
          [
            "00100010110110111110000",
            "00110010010110111110000"
          ],
          [
            "00100010110110111110000",
            "10100000110110111110000"
          ],
          [
            "00110000010111111110000",
            "01010000010111111110000"
          ],
          [
            "00100000110111111110000",
            "00110000010111111110000"
          ]
        ],
        [
          [
            "10100010110110101110000",
            "11000010110110101110000"
          ],
          [
            "11000010110110101110000",
            "11010010010110101110000"
          ],
          [
            "00100100110110111110000",
            "10000100110110111110000"
          ],
          [
            "10100000110110111110000",
            "11000000110110111110000"
          ],
          [
            "00110010010110111110000",
            "01010010010110111110000"
          ],
          [
            "00100010110111101110000",
            "00110010010111101110000"
          ],
          [
            "10100000110111011110000",
            "10100100110111001110000"
          ],
          [
            "00100110110110110110000",
            "10100010110110110110000"
          ],
          [
            "00100000110111111110000",
            "10100000110111101110000"
          ],
          [
            "10100010110101101110000",
            "10100110110100101110000"
          ],
          [
            "11000000110111101110000",
            "11010000010111101110000"
          ],
          [
            "00100010110111101110000",
            "10100010110110101110000"
          ],
          [
            "00100110110101101110000",
            "00100110110110101110000"
          ],
          [
            "00110010010111101110000",
            "01010010010111101110000"
          ],
          [
            "10100000110111101110000",
            "11000000110111101110000"
          ],
          [
            "01010010010110111110000",
            "11010010010110101110000"
          ],
          [
            "01010010010111101110000",
            "11010000010111101110000"
          ],
          [
            "01010000010111111110000",
            "11010000010110111110000"
          ],
          [
            "11000000110110111110000",
            "11010000010110111110000"
          ],
          [
            "00100100110111011110000",
            "00100100110111101110000"
          ],
          [
            "00100010110110111110000",
            "00110010010110111110000"
          ],
          [
            "00100010110110111110000",
            "10100000110110111110000"
          ],
          [
            "00000110110110111110000",
            "10000110110110110110000"
          ],
          [
            "00110000010111111110000",
            "01010000010111111110000"
          ],
          [
            "00100000110111111110000",
            "00110000010111111110000"
          ]
        ]
      ],
      "c8_auxiliary_edges": [
        [
          "00100110110110110110000",
          "10100010110110110110000"
        ],
        [
          "00000110110110111110000",
          "10000110110110110110000"
        ]
      ],
      "c8_new": [
        [
          "00100100110110111110000",
          "10100000110110111110000"
        ],
        [
          "00100010110110111110000",
          "10100010110110110110000"
        ],
        [
          "00100110110110110110000",
          "10000110110110110110000"
        ],
        [
          "00000110110110111110000",
          "10000100110110111110000"
        ]
      ],
      "c8_old": [
        [
          "00100100110110111110000",
          "10000100110110111110000"
        ],
        [
          "00100010110110111110000",
          "10100000110110111110000"
        ],
        [
          "00100110110110110110000",
          "10100010110110110110000"
        ],
        [
          "00000110110110111110000",
          "10000110110110110110000"
        ]
      ],
      "context_orientation": [
        "10000100110110111110000",
        "00100100110110111110000"
      ],
      "fixed_path_reports": [
        [
          {
            "cut_index": 0,
            "endpoint": "00100110110110110110000",
            "join_neighbor": "10000110110110110110000",
            "join_support": "10100000000000000000000",
            "resolved": false
          },
          {
            "cut_index": 0,
            "endpoint": "10100010110110110110000",
            "join_neighbor": "00100010110110111110000",
            "join_support": "10000000000000001000000",
            "lower_q2_equal": false,
            "one": "00110010010110111110000",
            "q2": [
              [
                "00100010010110110110000",
                "10110010110110111110000"
              ],
              [
                "00000010010110111110000",
                "01110010110110111110000"
              ]
            ],
            "repeated": "00000000000000000000000",
            "resident": true,
            "resolved": true,
            "supports": [
              "10000000000000001000000",
              "00010000100000000000000",
              "01100000000000000000000"
            ],
            "two": "01010010010110111110000",
            "union_size": 6,
            "upper_q2_equal": false
          },
          {
            "cut_index": 1,
            "endpoint": "00000110110110111110000",
            "join_neighbor": "10000100110110111110000",
            "join_support": "10000010000000000000000",
            "lower_q2_equal": false,
            "one": "11000100110100111110000",
            "q2": [
              [
                "00000100110100111110000",
                "11000110110110111110000"
              ],
              [
                "10000100110000111110000",
                "11000100111110111110000"
              ]
            ],
            "repeated": "00000000000000000000000",
            "resident": true,
            "resolved": true,
            "supports": [
              "10000010000000000000000",
              "01000000000010000000000",
              "00000000001100000000000"
            ],
            "two": "11000100111000111110000",
            "union_size": 6,
            "upper_q2_equal": false
          },
          {
            "cut_index": 1,
            "endpoint": "10000110110110110110000",
            "join_neighbor": "00100110110110110110000",
            "join_support": "10100000000000000000000",
            "resolved": false
          },
          {
            "cut_index": 2,
            "endpoint": "10100010110101101110000",
            "join_neighbor": "10100010110110101110000",
            "join_support": "00000000000011000000000",
            "lower_q2_equal": false,
            "one": "11000010110110101110000",
            "q2": [
              [
                "10000010110100101110000",
                "11100010110111101110000"
              ],
              [
                "10000010010110101110000",
                "11110010110110101110000"
              ]
            ],
            "repeated": "00000000000000000000000",
            "resident": true,
            "resolved": true,
            "supports": [
              "00000000000011000000000",
              "01100000000000000000000",
              "00010000100000000000000"
            ],
            "two": "11010010010110101110000",
            "union_size": 6,
            "upper_q2_equal": false
          },
          {
            "cut_index": 2,
            "endpoint": "10100110110100101110000",
            "join_neighbor": "00100110110101101110000",
            "join_support": "10000000000001000000000",
            "lower_q2_equal": false,
            "one": "00100110110101011110000",
            "q2": [
              [
                "00100110110100001110000",
                "10100110110101111110000"
              ],
              [
                "00100110110101001010000",
                "00100110110101111110010"
              ]
            ],
            "repeated": "00000000000000000000000",
            "resident": true,
            "resolved": true,
            "supports": [
              "10000000000001000000000",
              "00000000000000110000000",
              "00000000000000000100010"
            ],
            "two": "00100110110101011010010",
            "union_size": 6,
            "upper_q2_equal": false
          },
          {
            "cut_index": 3,
            "endpoint": "10100000110111011110000",
            "join_neighbor": "10100000110111101110000",
            "join_support": "00000000000000110000000",
            "lower_q2_equal": false,
            "one": "11000000110111101110000",
            "q2": [
              [
                "10000000110111001110000",
                "11100000110111111110000"
              ],
              [
                "10000000010111101110000",
                "11110000110111101110000"
              ]
            ],
            "repeated": "00000000000000000000000",
            "resident": true,
            "resolved": true,
            "supports": [
              "00000000000000110000000",
              "01100000000000000000000",
              "00010000100000000000000"
            ],
            "two": "11010000010111101110000",
            "union_size": 6,
            "upper_q2_equal": false
          },
          {
            "cut_index": 3,
            "endpoint": "10100100110111001110000",
            "join_neighbor": "00100100110111011110000",
            "join_support": "10000000000000010000000",
            "lower_q2_equal": false,
            "one": "00100100110111011010010",
            "q2": [
              [
                "00100100110111001010000",
                "10100100110111011110010"
              ],
              [
                "00100100110111011000000",
                "00100100110111011111010"
              ]
            ],
            "repeated": "00000000000000000000000",
            "resident": true,
            "resolved": true,
            "supports": [
              "10000000000000010000000",
              "00000000000000000100010",
              "00000000000000000011000"
            ],
            "two": "00100100110111011001010",
            "union_size": 6,
            "upper_q2_equal": false
          }
        ],
        [
          {
            "cut_index": 0,
            "endpoint": "00100110110110110110000",
            "join_neighbor": "10000110110110110110000",
            "join_support": "10100000000000000000000",
            "resolved": false
          },
          {
            "cut_index": 0,
            "endpoint": "10100010110110110110000",
            "join_neighbor": "00100010110110111110000",
            "join_support": "10000000000000001000000",
            "lower_q2_equal": false,
            "one": "00110010010110111110000",
            "q2": [
              [
                "00100010010110110110000",
                "10110010110110111110000"
              ],
              [
                "00000010010110111110000",
                "01110010110110111110000"
              ]
            ],
            "repeated": "00000000000000000000000",
            "resident": true,
            "resolved": true,
            "supports": [
              "10000000000000001000000",
              "00010000100000000000000",
              "01100000000000000000000"
            ],
            "two": "01010010010110111110000",
            "union_size": 6,
            "upper_q2_equal": false
          },
          {
            "cut_index": 1,
            "endpoint": "00000110110110111110000",
            "join_neighbor": "10000100110110111110000",
            "join_support": "10000010000000000000000",
            "lower_q2_equal": false,
            "one": "11000100110100111110000",
            "q2": [
              [
                "00000100110100111110000",
                "11000110110110111110000"
              ],
              [
                "10000100110000111110000",
                "11000100111110111110000"
              ]
            ],
            "repeated": "00000000000000000000000",
            "resident": true,
            "resolved": true,
            "supports": [
              "10000010000000000000000",
              "01000000000010000000000",
              "00000000001100000000000"
            ],
            "two": "11000100111000111110000",
            "union_size": 6,
            "upper_q2_equal": false
          },
          {
            "cut_index": 1,
            "endpoint": "10000110110110110110000",
            "join_neighbor": "00100110110110110110000",
            "join_support": "10100000000000000000000",
            "resolved": false
          },
          {
            "cut_index": 2,
            "endpoint": "10100010110101101110000",
            "join_neighbor": "10100010110110101110000",
            "join_support": "00000000000011000000000",
            "lower_q2_equal": false,
            "one": "11000010110110101110000",
            "q2": [
              [
                "10000010110100101110000",
                "11100010110111101110000"
              ],
              [
                "10000010010110101110000",
                "11110010110110101110000"
              ]
            ],
            "repeated": "00000000000000000000000",
            "resident": true,
            "resolved": true,
            "supports": [
              "00000000000011000000000",
              "01100000000000000000000",
              "00010000100000000000000"
            ],
            "two": "11010010010110101110000",
            "union_size": 6,
            "upper_q2_equal": false
          },
          {
            "cut_index": 2,
            "endpoint": "10100110110100101110000",
            "join_neighbor": "00100110110101101110000",
            "join_support": "10000000000001000000000",
            "lower_q2_equal": false,
            "one": "00100110110101011110000",
            "q2": [
              [
                "00100110110100001110000",
                "10100110110101111110000"
              ],
              [
                "00100110110101001010000",
                "00100110110101111110010"
              ]
            ],
            "repeated": "00000000000000000000000",
            "resident": true,
            "resolved": true,
            "supports": [
              "10000000000001000000000",
              "00000000000000110000000",
              "00000000000000000100010"
            ],
            "two": "00100110110101011010010",
            "union_size": 6,
            "upper_q2_equal": false
          },
          {
            "cut_index": 3,
            "endpoint": "10100000110111011110000",
            "join_neighbor": "10100000110111101110000",
            "join_support": "00000000000000110000000",
            "lower_q2_equal": false,
            "one": "11000000110111101110000",
            "q2": [
              [
                "10000000110111001110000",
                "11100000110111111110000"
              ],
              [
                "10000000010111101110000",
                "11110000110111101110000"
              ]
            ],
            "repeated": "00000000000000000000000",
            "resident": true,
            "resolved": true,
            "supports": [
              "00000000000000110000000",
              "01100000000000000000000",
              "00010000100000000000000"
            ],
            "two": "11010000010111101110000",
            "union_size": 6,
            "upper_q2_equal": false
          },
          {
            "cut_index": 3,
            "endpoint": "10100100110111001110000",
            "join_neighbor": "00100100110111011110000",
            "join_support": "10000000000000010000000",
            "lower_q2_equal": false,
            "one": "00100100110111011010010",
            "q2": [
              [
                "00100100110111001010000",
                "10100100110111011110010"
              ],
              [
                "00100100110111011000000",
                "00100100110111011111010"
              ]
            ],
            "repeated": "00000000000000000000000",
            "resident": true,
            "resolved": true,
            "supports": [
              "10000000000000010000000",
              "00000000000000000100010",
              "00000000000000000011000"
            ],
            "two": "00100100110111011001010",
            "union_size": 6,
            "upper_q2_equal": false
          }
        ]
      ],
      "internal_q2_count": [
        30,
        30
      ],
      "internal_q2_lower_delta": {},
      "internal_q2_upper_delta": {},
      "other_roles": [
        {
          "active": 6,
          "auxiliary_edge": [
            "10100010110101101110000",
            "10100110110100101110000"
          ],
          "collar": {
            "a": [
              "00100110110110101110000",
              "10100110110100101110000",
              "10100010110110101110000"
            ],
            "active": [
              5,
              0,
              12
            ],
            "b": [
              "00100110110101101110000",
              "10100010110101101110000",
              "00100010110111101110000"
            ],
            "core": "00100010110100101110000",
            "new": [
              [
                "00100010110111101110000",
                "00100110110110101110000"
              ],
              [
                "00100110110101101110000",
                "10100110110100101110000"
              ],
              [
                "10100010110101101110000",
                "10100010110110101110000"
              ]
            ],
            "old": [
              [
                "00100110110101101110000",
                "00100110110110101110000"
              ],
              [
                "10100010110101101110000",
                "10100110110100101110000"
              ],
              [
                "00100010110111101110000",
                "10100010110110101110000"
              ]
            ],
            "seam_y": 13
          },
          "h": "00100000110110101110000",
          "next_active": 13,
          "p": "00100010110111101110000",
          "q": "10100010110110101110000",
          "router_edge": [
            "00100010110111101110000",
            "10100010110110101110000"
          ],
          "z": 0
        },
        {
          "active": 13,
          "auxiliary_edge": [
            "10100000110111011110000",
            "10100100110111001110000"
          ],
          "collar": {
            "a": [
              "00100100110111101110000",
              "10100100110111001110000",
              "10100000110111101110000"
            ],
            "active": [
              5,
              0,
              14
            ],
            "b": [
              "00100100110111011110000",
              "10100000110111011110000",
              "00100000110111111110000"
            ],
            "core": "00100000110111001110000",
            "new": [
              [
                "00100000110111111110000",
                "00100100110111101110000"
              ],
              [
                "00100100110111011110000",
                "10100100110111001110000"
              ],
              [
                "10100000110111011110000",
                "10100000110111101110000"
              ]
            ],
            "old": [
              [
                "00100100110111011110000",
                "00100100110111101110000"
              ],
              [
                "10100000110111011110000",
                "10100100110111001110000"
              ],
              [
                "00100000110111111110000",
                "10100000110111101110000"
              ]
            ],
            "seam_y": 15
          },
          "h": "00100000110110101110000",
          "next_active": 15,
          "p": "00100000110111111110000",
          "q": "10100000110111101110000",
          "router_edge": [
            "00100000110111111110000",
            "10100000110111101110000"
          ],
          "z": 0
        }
      ],
      "router_cuts": [
        [
          "00100010110111101110000",
          "10100010110110101110000"
        ],
        [
          "00100000110111111110000",
          "10100000110111101110000"
        ],
        [
          "00100010110110111110000",
          "10100000110110111110000"
        ]
      ],
      "router_cycles": [
        [
          "11010010010110101110000",
          "01010010010111101110000",
          "00110010010111101110000",
          "00100010110111101110000",
          "10100010110110101110000",
          "11000010110110101110000"
        ],
        [
          "11010000010111101110000",
          "01010000010111111110000",
          "00110000010111111110000",
          "00100000110111111110000",
          "10100000110111101110000",
          "11000000110111101110000"
        ],
        [
          "11010000010110111110000",
          "01010010010110111110000",
          "00110010010110111110000",
          "00100010110110111110000",
          "10100000110110111110000",
          "11000000110110111110000"
        ]
      ],
      "router_orientation": [
        "10100000110110111110000",
        "00100010110110111110000"
      ],
      "token_permutation": [
        2,
        1,
        0
      ],
      "token_zero_port": 2,
      "witness_index": 17
    },
    {
      "after_edges": [
        [
          [
            "10100010110110101110000",
            "11000010110110101110000"
          ],
          [
            "11000010110110101110000",
            "11010010010110101110000"
          ],
          [
            "00100010110110111110000",
            "10100010110110111100000"
          ],
          [
            "01010010010111101110000",
            "11010010010110101110000"
          ],
          [
            "10100000110110111110000",
            "11000000110110111110000"
          ],
          [
            "00110010010110111110000",
            "01010010010110111110000"
          ],
          [
            "00100010110111101110000",
            "00110010010111101110000"
          ],
          [
            "00100010110111101110000",
            "00100110110110101110000"
          ],
          [
            "10100010110101101110000",
            "10100010110110101110000"
          ],
          [
            "10100000110111011110000",
            "10100000110111101110000"
          ],
          [
            "01010010010110111110000",
            "11010000010110111110000"
          ],
          [
            "00100110110101101110000",
            "10100110110100101110000"
          ],
          [
            "11000000110111101110000",
            "11010000010111101110000"
          ],
          [
            "01010000010111111110000",
            "11010000010111101110000"
          ],
          [
            "00000110110110111110000",
            "10000100110110111110000"
          ],
          [
            "00100100110110111110000",
            "10100000110110111110000"
          ],
          [
            "00110010010111101110000",
            "01010010010111101110000"
          ],
          [
            "10100000110111101110000",
            "11000000110111101110000"
          ],
          [
            "11000000110110111110000",
            "11010000010110111110000"
          ],
          [
            "00100100110111011110000",
            "10100100110111001110000"
          ],
          [
            "00100010110110111110000",
            "00110010010110111110000"
          ],
          [
            "00100110110110111100000",
            "10000110110110111100000"
          ],
          [
            "00110000010111111110000",
            "01010000010111111110000"
          ],
          [
            "00100000110111111110000",
            "00110000010111111110000"
          ],
          [
            "00100000110111111110000",
            "00100100110111101110000"
          ]
        ],
        [
          [
            "10100010110110101110000",
            "11000010110110101110000"
          ],
          [
            "11000010110110101110000",
            "11010010010110101110000"
          ],
          [
            "00100010110110111110000",
            "10100010110110111100000"
          ],
          [
            "10100000110110111110000",
            "11000000110110111110000"
          ],
          [
            "00110010010110111110000",
            "01010010010110111110000"
          ],
          [
            "00100010110111101110000",
            "00110010010111101110000"
          ],
          [
            "00100010110111101110000",
            "00100110110110101110000"
          ],
          [
            "10100010110101101110000",
            "10100010110110101110000"
          ],
          [
            "10100000110111011110000",
            "10100000110111101110000"
          ],
          [
            "00100110110101101110000",
            "10100110110100101110000"
          ],
          [
            "11000000110111101110000",
            "11010000010111101110000"
          ],
          [
            "00000110110110111110000",
            "10000100110110111110000"
          ],
          [
            "00100100110110111110000",
            "10100000110110111110000"
          ],
          [
            "00110010010111101110000",
            "01010010010111101110000"
          ],
          [
            "10100000110111101110000",
            "11000000110111101110000"
          ],
          [
            "01010010010110111110000",
            "11010010010110101110000"
          ],
          [
            "01010010010111101110000",
            "11010000010111101110000"
          ],
          [
            "01010000010111111110000",
            "11010000010110111110000"
          ],
          [
            "11000000110110111110000",
            "11010000010110111110000"
          ],
          [
            "00100100110111011110000",
            "10100100110111001110000"
          ],
          [
            "00100010110110111110000",
            "00110010010110111110000"
          ],
          [
            "00100110110110111100000",
            "10000110110110111100000"
          ],
          [
            "00110000010111111110000",
            "01010000010111111110000"
          ],
          [
            "00100000110111111110000",
            "00110000010111111110000"
          ],
          [
            "00100000110111111110000",
            "00100100110111101110000"
          ]
        ]
      ],
      "all_auxiliary_edges": [
        [
          "00100110110110111100000",
          "10100010110110111100000"
        ],
        [
          "00000110110110111110000",
          "10000110110110111100000"
        ],
        [
          "10100010110101101110000",
          "10100110110100101110000"
        ],
        [
          "10100000110111011110000",
          "10100100110111001110000"
        ]
      ],
      "before_edges": [
        [
          [
            "10100010110110101110000",
            "11000010110110101110000"
          ],
          [
            "11000010110110101110000",
            "11010010010110101110000"
          ],
          [
            "00100100110110111110000",
            "10000100110110111110000"
          ],
          [
            "01010010010111101110000",
            "11010010010110101110000"
          ],
          [
            "10100000110110111110000",
            "11000000110110111110000"
          ],
          [
            "00110010010110111110000",
            "01010010010110111110000"
          ],
          [
            "00100010110111101110000",
            "00110010010111101110000"
          ],
          [
            "10100000110111011110000",
            "10100100110111001110000"
          ],
          [
            "00000110110110111110000",
            "10000110110110111100000"
          ],
          [
            "01010010010110111110000",
            "11010000010110111110000"
          ],
          [
            "00100000110111111110000",
            "10100000110111101110000"
          ],
          [
            "00100110110110111100000",
            "10100010110110111100000"
          ],
          [
            "10100010110101101110000",
            "10100110110100101110000"
          ],
          [
            "11000000110111101110000",
            "11010000010111101110000"
          ],
          [
            "00100010110111101110000",
            "10100010110110101110000"
          ],
          [
            "00100110110101101110000",
            "00100110110110101110000"
          ],
          [
            "01010000010111111110000",
            "11010000010111101110000"
          ],
          [
            "00110010010111101110000",
            "01010010010111101110000"
          ],
          [
            "10100000110111101110000",
            "11000000110111101110000"
          ],
          [
            "00100100110111011110000",
            "00100100110111101110000"
          ],
          [
            "11000000110110111110000",
            "11010000010110111110000"
          ],
          [
            "00100010110110111110000",
            "00110010010110111110000"
          ],
          [
            "00100010110110111110000",
            "10100000110110111110000"
          ],
          [
            "00110000010111111110000",
            "01010000010111111110000"
          ],
          [
            "00100000110111111110000",
            "00110000010111111110000"
          ]
        ],
        [
          [
            "10100010110110101110000",
            "11000010110110101110000"
          ],
          [
            "11000010110110101110000",
            "11010010010110101110000"
          ],
          [
            "00100100110110111110000",
            "10000100110110111110000"
          ],
          [
            "10100000110110111110000",
            "11000000110110111110000"
          ],
          [
            "00110010010110111110000",
            "01010010010110111110000"
          ],
          [
            "00100010110111101110000",
            "00110010010111101110000"
          ],
          [
            "10100000110111011110000",
            "10100100110111001110000"
          ],
          [
            "00000110110110111110000",
            "10000110110110111100000"
          ],
          [
            "00100000110111111110000",
            "10100000110111101110000"
          ],
          [
            "00100110110110111100000",
            "10100010110110111100000"
          ],
          [
            "10100010110101101110000",
            "10100110110100101110000"
          ],
          [
            "11000000110111101110000",
            "11010000010111101110000"
          ],
          [
            "00100010110111101110000",
            "10100010110110101110000"
          ],
          [
            "00100110110101101110000",
            "00100110110110101110000"
          ],
          [
            "00110010010111101110000",
            "01010010010111101110000"
          ],
          [
            "10100000110111101110000",
            "11000000110111101110000"
          ],
          [
            "01010010010110111110000",
            "11010010010110101110000"
          ],
          [
            "01010010010111101110000",
            "11010000010111101110000"
          ],
          [
            "01010000010111111110000",
            "11010000010110111110000"
          ],
          [
            "11000000110110111110000",
            "11010000010110111110000"
          ],
          [
            "00100100110111011110000",
            "00100100110111101110000"
          ],
          [
            "00100010110110111110000",
            "00110010010110111110000"
          ],
          [
            "00100010110110111110000",
            "10100000110110111110000"
          ],
          [
            "00110000010111111110000",
            "01010000010111111110000"
          ],
          [
            "00100000110111111110000",
            "00110000010111111110000"
          ]
        ]
      ],
      "c8_auxiliary_edges": [
        [
          "00100110110110111100000",
          "10100010110110111100000"
        ],
        [
          "00000110110110111110000",
          "10000110110110111100000"
        ]
      ],
      "c8_new": [
        [
          "00100100110110111110000",
          "10100000110110111110000"
        ],
        [
          "00100010110110111110000",
          "10100010110110111100000"
        ],
        [
          "00100110110110111100000",
          "10000110110110111100000"
        ],
        [
          "00000110110110111110000",
          "10000100110110111110000"
        ]
      ],
      "c8_old": [
        [
          "00100100110110111110000",
          "10000100110110111110000"
        ],
        [
          "00100010110110111110000",
          "10100000110110111110000"
        ],
        [
          "00100110110110111100000",
          "10100010110110111100000"
        ],
        [
          "00000110110110111110000",
          "10000110110110111100000"
        ]
      ],
      "context_orientation": [
        "10000100110110111110000",
        "00100100110110111110000"
      ],
      "fixed_path_reports": [
        [
          {
            "cut_index": 0,
            "endpoint": "10100010110110111100000",
            "join_neighbor": "00100010110110111110000",
            "join_support": "10000000000000000010000",
            "lower_q2_equal": false,
            "one": "00110010010110111110000",
            "q2": [
              [
                "00100010010110111100000",
                "10110010110110111110000"
              ],
              [
                "00000010010110111110000",
                "01110010110110111110000"
              ]
            ],
            "repeated": "00000000000000000000000",
            "resident": true,
            "resolved": true,
            "supports": [
              "10000000000000000010000",
              "00010000100000000000000",
              "01100000000000000000000"
            ],
            "two": "01010010010110111110000",
            "union_size": 6,
            "upper_q2_equal": false
          },
          {
            "cut_index": 0,
            "endpoint": "00100110110110111100000",
            "join_neighbor": "10000110110110111100000",
            "join_support": "10100000000000000000000",
            "resolved": false
          },
          {
            "cut_index": 1,
            "endpoint": "10000110110110111100000",
            "join_neighbor": "00100110110110111100000",
            "join_support": "10100000000000000000000",
            "resolved": false
          },
          {
            "cut_index": 1,
            "endpoint": "00000110110110111110000",
            "join_neighbor": "10000100110110111110000",
            "join_support": "10000010000000000000000",
            "lower_q2_equal": false,
            "one": "11000100110100111110000",
            "q2": [
              [
                "00000100110100111110000",
                "11000110110110111110000"
              ],
              [
                "10000100110000111110000",
                "11000100111110111110000"
              ]
            ],
            "repeated": "00000000000000000000000",
            "resident": true,
            "resolved": true,
            "supports": [
              "10000010000000000000000",
              "01000000000010000000000",
              "00000000001100000000000"
            ],
            "two": "11000100111000111110000",
            "union_size": 6,
            "upper_q2_equal": false
          },
          {
            "cut_index": 2,
            "endpoint": "10100010110101101110000",
            "join_neighbor": "10100010110110101110000",
            "join_support": "00000000000011000000000",
            "lower_q2_equal": false,
            "one": "11000010110110101110000",
            "q2": [
              [
                "10000010110100101110000",
                "11100010110111101110000"
              ],
              [
                "10000010010110101110000",
                "11110010110110101110000"
              ]
            ],
            "repeated": "00000000000000000000000",
            "resident": true,
            "resolved": true,
            "supports": [
              "00000000000011000000000",
              "01100000000000000000000",
              "00010000100000000000000"
            ],
            "two": "11010010010110101110000",
            "union_size": 6,
            "upper_q2_equal": false
          },
          {
            "cut_index": 2,
            "endpoint": "10100110110100101110000",
            "join_neighbor": "00100110110101101110000",
            "join_support": "10000000000001000000000",
            "lower_q2_equal": false,
            "one": "00100110110101011110000",
            "q2": [
              [
                "00100110110100001110000",
                "10100110110101111110000"
              ],
              [
                "00100110110101001010000",
                "00100110110101111110010"
              ]
            ],
            "repeated": "00000000000000000000000",
            "resident": true,
            "resolved": true,
            "supports": [
              "10000000000001000000000",
              "00000000000000110000000",
              "00000000000000000100010"
            ],
            "two": "00100110110101011010010",
            "union_size": 6,
            "upper_q2_equal": false
          },
          {
            "cut_index": 3,
            "endpoint": "10100000110111011110000",
            "join_neighbor": "10100000110111101110000",
            "join_support": "00000000000000110000000",
            "lower_q2_equal": false,
            "one": "11000000110111101110000",
            "q2": [
              [
                "10000000110111001110000",
                "11100000110111111110000"
              ],
              [
                "10000000010111101110000",
                "11110000110111101110000"
              ]
            ],
            "repeated": "00000000000000000000000",
            "resident": true,
            "resolved": true,
            "supports": [
              "00000000000000110000000",
              "01100000000000000000000",
              "00010000100000000000000"
            ],
            "two": "11010000010111101110000",
            "union_size": 6,
            "upper_q2_equal": false
          },
          {
            "cut_index": 3,
            "endpoint": "10100100110111001110000",
            "join_neighbor": "00100100110111011110000",
            "join_support": "10000000000000010000000",
            "lower_q2_equal": false,
            "one": "00100100110111011010010",
            "q2": [
              [
                "00100100110111001010000",
                "10100100110111011110010"
              ],
              [
                "00100100110111011000000",
                "00100100110111011111010"
              ]
            ],
            "repeated": "00000000000000000000000",
            "resident": true,
            "resolved": true,
            "supports": [
              "10000000000000010000000",
              "00000000000000000100010",
              "00000000000000000011000"
            ],
            "two": "00100100110111011001010",
            "union_size": 6,
            "upper_q2_equal": false
          }
        ],
        [
          {
            "cut_index": 0,
            "endpoint": "10100010110110111100000",
            "join_neighbor": "00100010110110111110000",
            "join_support": "10000000000000000010000",
            "lower_q2_equal": false,
            "one": "00110010010110111110000",
            "q2": [
              [
                "00100010010110111100000",
                "10110010110110111110000"
              ],
              [
                "00000010010110111110000",
                "01110010110110111110000"
              ]
            ],
            "repeated": "00000000000000000000000",
            "resident": true,
            "resolved": true,
            "supports": [
              "10000000000000000010000",
              "00010000100000000000000",
              "01100000000000000000000"
            ],
            "two": "01010010010110111110000",
            "union_size": 6,
            "upper_q2_equal": false
          },
          {
            "cut_index": 0,
            "endpoint": "00100110110110111100000",
            "join_neighbor": "10000110110110111100000",
            "join_support": "10100000000000000000000",
            "resolved": false
          },
          {
            "cut_index": 1,
            "endpoint": "10000110110110111100000",
            "join_neighbor": "00100110110110111100000",
            "join_support": "10100000000000000000000",
            "resolved": false
          },
          {
            "cut_index": 1,
            "endpoint": "00000110110110111110000",
            "join_neighbor": "10000100110110111110000",
            "join_support": "10000010000000000000000",
            "lower_q2_equal": false,
            "one": "11000100110100111110000",
            "q2": [
              [
                "00000100110100111110000",
                "11000110110110111110000"
              ],
              [
                "10000100110000111110000",
                "11000100111110111110000"
              ]
            ],
            "repeated": "00000000000000000000000",
            "resident": true,
            "resolved": true,
            "supports": [
              "10000010000000000000000",
              "01000000000010000000000",
              "00000000001100000000000"
            ],
            "two": "11000100111000111110000",
            "union_size": 6,
            "upper_q2_equal": false
          },
          {
            "cut_index": 2,
            "endpoint": "10100010110101101110000",
            "join_neighbor": "10100010110110101110000",
            "join_support": "00000000000011000000000",
            "lower_q2_equal": false,
            "one": "11000010110110101110000",
            "q2": [
              [
                "10000010110100101110000",
                "11100010110111101110000"
              ],
              [
                "10000010010110101110000",
                "11110010110110101110000"
              ]
            ],
            "repeated": "00000000000000000000000",
            "resident": true,
            "resolved": true,
            "supports": [
              "00000000000011000000000",
              "01100000000000000000000",
              "00010000100000000000000"
            ],
            "two": "11010010010110101110000",
            "union_size": 6,
            "upper_q2_equal": false
          },
          {
            "cut_index": 2,
            "endpoint": "10100110110100101110000",
            "join_neighbor": "00100110110101101110000",
            "join_support": "10000000000001000000000",
            "lower_q2_equal": false,
            "one": "00100110110101011110000",
            "q2": [
              [
                "00100110110100001110000",
                "10100110110101111110000"
              ],
              [
                "00100110110101001010000",
                "00100110110101111110010"
              ]
            ],
            "repeated": "00000000000000000000000",
            "resident": true,
            "resolved": true,
            "supports": [
              "10000000000001000000000",
              "00000000000000110000000",
              "00000000000000000100010"
            ],
            "two": "00100110110101011010010",
            "union_size": 6,
            "upper_q2_equal": false
          },
          {
            "cut_index": 3,
            "endpoint": "10100000110111011110000",
            "join_neighbor": "10100000110111101110000",
            "join_support": "00000000000000110000000",
            "lower_q2_equal": false,
            "one": "11000000110111101110000",
            "q2": [
              [
                "10000000110111001110000",
                "11100000110111111110000"
              ],
              [
                "10000000010111101110000",
                "11110000110111101110000"
              ]
            ],
            "repeated": "00000000000000000000000",
            "resident": true,
            "resolved": true,
            "supports": [
              "00000000000000110000000",
              "01100000000000000000000",
              "00010000100000000000000"
            ],
            "two": "11010000010111101110000",
            "union_size": 6,
            "upper_q2_equal": false
          },
          {
            "cut_index": 3,
            "endpoint": "10100100110111001110000",
            "join_neighbor": "00100100110111011110000",
            "join_support": "10000000000000010000000",
            "lower_q2_equal": false,
            "one": "00100100110111011010010",
            "q2": [
              [
                "00100100110111001010000",
                "10100100110111011110010"
              ],
              [
                "00100100110111011000000",
                "00100100110111011111010"
              ]
            ],
            "repeated": "00000000000000000000000",
            "resident": true,
            "resolved": true,
            "supports": [
              "10000000000000010000000",
              "00000000000000000100010",
              "00000000000000000011000"
            ],
            "two": "00100100110111011001010",
            "union_size": 6,
            "upper_q2_equal": false
          }
        ]
      ],
      "internal_q2_count": [
        30,
        30
      ],
      "internal_q2_lower_delta": {},
      "internal_q2_upper_delta": {},
      "other_roles": [
        {
          "active": 6,
          "auxiliary_edge": [
            "10100010110101101110000",
            "10100110110100101110000"
          ],
          "collar": {
            "a": [
              "00100110110110101110000",
              "10100110110100101110000",
              "10100010110110101110000"
            ],
            "active": [
              5,
              0,
              12
            ],
            "b": [
              "00100110110101101110000",
              "10100010110101101110000",
              "00100010110111101110000"
            ],
            "core": "00100010110100101110000",
            "new": [
              [
                "00100010110111101110000",
                "00100110110110101110000"
              ],
              [
                "00100110110101101110000",
                "10100110110100101110000"
              ],
              [
                "10100010110101101110000",
                "10100010110110101110000"
              ]
            ],
            "old": [
              [
                "00100110110101101110000",
                "00100110110110101110000"
              ],
              [
                "10100010110101101110000",
                "10100110110100101110000"
              ],
              [
                "00100010110111101110000",
                "10100010110110101110000"
              ]
            ],
            "seam_y": 13
          },
          "h": "00100000110110101110000",
          "next_active": 13,
          "p": "00100010110111101110000",
          "q": "10100010110110101110000",
          "router_edge": [
            "00100010110111101110000",
            "10100010110110101110000"
          ],
          "z": 0
        },
        {
          "active": 13,
          "auxiliary_edge": [
            "10100000110111011110000",
            "10100100110111001110000"
          ],
          "collar": {
            "a": [
              "00100100110111101110000",
              "10100100110111001110000",
              "10100000110111101110000"
            ],
            "active": [
              5,
              0,
              14
            ],
            "b": [
              "00100100110111011110000",
              "10100000110111011110000",
              "00100000110111111110000"
            ],
            "core": "00100000110111001110000",
            "new": [
              [
                "00100000110111111110000",
                "00100100110111101110000"
              ],
              [
                "00100100110111011110000",
                "10100100110111001110000"
              ],
              [
                "10100000110111011110000",
                "10100000110111101110000"
              ]
            ],
            "old": [
              [
                "00100100110111011110000",
                "00100100110111101110000"
              ],
              [
                "10100000110111011110000",
                "10100100110111001110000"
              ],
              [
                "00100000110111111110000",
                "10100000110111101110000"
              ]
            ],
            "seam_y": 15
          },
          "h": "00100000110110101110000",
          "next_active": 15,
          "p": "00100000110111111110000",
          "q": "10100000110111101110000",
          "router_edge": [
            "00100000110111111110000",
            "10100000110111101110000"
          ],
          "z": 0
        }
      ],
      "router_cuts": [
        [
          "00100010110111101110000",
          "10100010110110101110000"
        ],
        [
          "00100000110111111110000",
          "10100000110111101110000"
        ],
        [
          "00100010110110111110000",
          "10100000110110111110000"
        ]
      ],
      "router_cycles": [
        [
          "11010010010110101110000",
          "01010010010111101110000",
          "00110010010111101110000",
          "00100010110111101110000",
          "10100010110110101110000",
          "11000010110110101110000"
        ],
        [
          "11010000010111101110000",
          "01010000010111111110000",
          "00110000010111111110000",
          "00100000110111111110000",
          "10100000110111101110000",
          "11000000110111101110000"
        ],
        [
          "11010000010110111110000",
          "01010010010110111110000",
          "00110010010110111110000",
          "00100010110110111110000",
          "10100000110110111110000",
          "11000000110110111110000"
        ]
      ],
      "router_orientation": [
        "10100000110110111110000",
        "00100010110110111110000"
      ],
      "token_permutation": [
        2,
        1,
        0
      ],
      "token_zero_port": 2,
      "witness_index": 17
    },
    {
      "after_edges": [
        [
          [
            "10100010110110101110000",
            "11000010110110101110000"
          ],
          [
            "11000010110110101110000",
            "11010010010110101110000"
          ],
          [
            "01010010010111101110000",
            "11010010010110101110000"
          ],
          [
            "10100000110110111110000",
            "11000000110110111110000"
          ],
          [
            "00110010010110111110000",
            "01010010010110111110000"
          ],
          [
            "00100010110110111110000",
            "10100010110010111110000"
          ],
          [
            "00100010110111101110000",
            "00110010010111101110000"
          ],
          [
            "00100010110111101110000",
            "00100110110110101110000"
          ],
          [
            "10100010110101101110000",
            "10100010110110101110000"
          ],
          [
            "10100000110111011110000",
            "10100000110111101110000"
          ],
          [
            "01010010010110111110000",
            "11010000010110111110000"
          ],
          [
            "00100110110101101110000",
            "10100110110100101110000"
          ],
          [
            "00100110110010111110000",
            "10000110110010111110000"
          ],
          [
            "11000000110111101110000",
            "11010000010111101110000"
          ],
          [
            "01010000010111111110000",
            "11010000010111101110000"
          ],
          [
            "00000110110110111110000",
            "10000100110110111110000"
          ],
          [
            "00100100110110111110000",
            "10100000110110111110000"
          ],
          [
            "00110010010111101110000",
            "01010010010111101110000"
          ],
          [
            "10100000110111101110000",
            "11000000110111101110000"
          ],
          [
            "11000000110110111110000",
            "11010000010110111110000"
          ],
          [
            "00100100110111011110000",
            "10100100110111001110000"
          ],
          [
            "00100010110110111110000",
            "00110010010110111110000"
          ],
          [
            "00110000010111111110000",
            "01010000010111111110000"
          ],
          [
            "00100000110111111110000",
            "00110000010111111110000"
          ],
          [
            "00100000110111111110000",
            "00100100110111101110000"
          ]
        ],
        [
          [
            "10100010110110101110000",
            "11000010110110101110000"
          ],
          [
            "11000010110110101110000",
            "11010010010110101110000"
          ],
          [
            "10100000110110111110000",
            "11000000110110111110000"
          ],
          [
            "00110010010110111110000",
            "01010010010110111110000"
          ],
          [
            "00100010110110111110000",
            "10100010110010111110000"
          ],
          [
            "00100010110111101110000",
            "00110010010111101110000"
          ],
          [
            "00100010110111101110000",
            "00100110110110101110000"
          ],
          [
            "10100010110101101110000",
            "10100010110110101110000"
          ],
          [
            "10100000110111011110000",
            "10100000110111101110000"
          ],
          [
            "00100110110101101110000",
            "10100110110100101110000"
          ],
          [
            "00100110110010111110000",
            "10000110110010111110000"
          ],
          [
            "11000000110111101110000",
            "11010000010111101110000"
          ],
          [
            "00000110110110111110000",
            "10000100110110111110000"
          ],
          [
            "00100100110110111110000",
            "10100000110110111110000"
          ],
          [
            "00110010010111101110000",
            "01010010010111101110000"
          ],
          [
            "10100000110111101110000",
            "11000000110111101110000"
          ],
          [
            "01010010010110111110000",
            "11010010010110101110000"
          ],
          [
            "01010010010111101110000",
            "11010000010111101110000"
          ],
          [
            "01010000010111111110000",
            "11010000010110111110000"
          ],
          [
            "11000000110110111110000",
            "11010000010110111110000"
          ],
          [
            "00100100110111011110000",
            "10100100110111001110000"
          ],
          [
            "00100010110110111110000",
            "00110010010110111110000"
          ],
          [
            "00110000010111111110000",
            "01010000010111111110000"
          ],
          [
            "00100000110111111110000",
            "00110000010111111110000"
          ],
          [
            "00100000110111111110000",
            "00100100110111101110000"
          ]
        ]
      ],
      "all_auxiliary_edges": [
        [
          "00100110110010111110000",
          "10100010110010111110000"
        ],
        [
          "00000110110110111110000",
          "10000110110010111110000"
        ],
        [
          "10100010110101101110000",
          "10100110110100101110000"
        ],
        [
          "10100000110111011110000",
          "10100100110111001110000"
        ]
      ],
      "before_edges": [
        [
          [
            "10100010110110101110000",
            "11000010110110101110000"
          ],
          [
            "11000010110110101110000",
            "11010010010110101110000"
          ],
          [
            "00100100110110111110000",
            "10000100110110111110000"
          ],
          [
            "01010010010111101110000",
            "11010010010110101110000"
          ],
          [
            "10100000110110111110000",
            "11000000110110111110000"
          ],
          [
            "00110010010110111110000",
            "01010010010110111110000"
          ],
          [
            "00100110110010111110000",
            "10100010110010111110000"
          ],
          [
            "00100010110111101110000",
            "00110010010111101110000"
          ],
          [
            "10100000110111011110000",
            "10100100110111001110000"
          ],
          [
            "01010010010110111110000",
            "11010000010110111110000"
          ],
          [
            "00100000110111111110000",
            "10100000110111101110000"
          ],
          [
            "10100010110101101110000",
            "10100110110100101110000"
          ],
          [
            "11000000110111101110000",
            "11010000010111101110000"
          ],
          [
            "00100010110111101110000",
            "10100010110110101110000"
          ],
          [
            "00000110110110111110000",
            "10000110110010111110000"
          ],
          [
            "00100110110101101110000",
            "00100110110110101110000"
          ],
          [
            "01010000010111111110000",
            "11010000010111101110000"
          ],
          [
            "00110010010111101110000",
            "01010010010111101110000"
          ],
          [
            "10100000110111101110000",
            "11000000110111101110000"
          ],
          [
            "00100100110111011110000",
            "00100100110111101110000"
          ],
          [
            "11000000110110111110000",
            "11010000010110111110000"
          ],
          [
            "00100010110110111110000",
            "00110010010110111110000"
          ],
          [
            "00100010110110111110000",
            "10100000110110111110000"
          ],
          [
            "00110000010111111110000",
            "01010000010111111110000"
          ],
          [
            "00100000110111111110000",
            "00110000010111111110000"
          ]
        ],
        [
          [
            "10100010110110101110000",
            "11000010110110101110000"
          ],
          [
            "11000010110110101110000",
            "11010010010110101110000"
          ],
          [
            "00100100110110111110000",
            "10000100110110111110000"
          ],
          [
            "10100000110110111110000",
            "11000000110110111110000"
          ],
          [
            "00110010010110111110000",
            "01010010010110111110000"
          ],
          [
            "00100110110010111110000",
            "10100010110010111110000"
          ],
          [
            "00100010110111101110000",
            "00110010010111101110000"
          ],
          [
            "10100000110111011110000",
            "10100100110111001110000"
          ],
          [
            "00100000110111111110000",
            "10100000110111101110000"
          ],
          [
            "10100010110101101110000",
            "10100110110100101110000"
          ],
          [
            "11000000110111101110000",
            "11010000010111101110000"
          ],
          [
            "00100010110111101110000",
            "10100010110110101110000"
          ],
          [
            "00000110110110111110000",
            "10000110110010111110000"
          ],
          [
            "00100110110101101110000",
            "00100110110110101110000"
          ],
          [
            "00110010010111101110000",
            "01010010010111101110000"
          ],
          [
            "10100000110111101110000",
            "11000000110111101110000"
          ],
          [
            "01010010010110111110000",
            "11010010010110101110000"
          ],
          [
            "01010010010111101110000",
            "11010000010111101110000"
          ],
          [
            "01010000010111111110000",
            "11010000010110111110000"
          ],
          [
            "11000000110110111110000",
            "11010000010110111110000"
          ],
          [
            "00100100110111011110000",
            "00100100110111101110000"
          ],
          [
            "00100010110110111110000",
            "00110010010110111110000"
          ],
          [
            "00100010110110111110000",
            "10100000110110111110000"
          ],
          [
            "00110000010111111110000",
            "01010000010111111110000"
          ],
          [
            "00100000110111111110000",
            "00110000010111111110000"
          ]
        ]
      ],
      "c8_auxiliary_edges": [
        [
          "00100110110010111110000",
          "10100010110010111110000"
        ],
        [
          "00000110110110111110000",
          "10000110110010111110000"
        ]
      ],
      "c8_new": [
        [
          "00100100110110111110000",
          "10100000110110111110000"
        ],
        [
          "00100010110110111110000",
          "10100010110010111110000"
        ],
        [
          "00100110110010111110000",
          "10000110110010111110000"
        ],
        [
          "00000110110110111110000",
          "10000100110110111110000"
        ]
      ],
      "c8_old": [
        [
          "00100100110110111110000",
          "10000100110110111110000"
        ],
        [
          "00100010110110111110000",
          "10100000110110111110000"
        ],
        [
          "00100110110010111110000",
          "10100010110010111110000"
        ],
        [
          "00000110110110111110000",
          "10000110110010111110000"
        ]
      ],
      "context_orientation": [
        "10000100110110111110000",
        "00100100110110111110000"
      ],
      "fixed_path_reports": [
        [
          {
            "cut_index": 0,
            "endpoint": "00100110110010111110000",
            "join_neighbor": "10000110110010111110000",
            "join_support": "10100000000000000000000",
            "resolved": false
          },
          {
            "cut_index": 0,
            "endpoint": "10100010110010111110000",
            "join_neighbor": "00100010110110111110000",
            "join_support": "10000000000100000000000",
            "lower_q2_equal": false,
            "one": "00110010010110111110000",
            "q2": [
              [
                "00100010010010111110000",
                "10110010110110111110000"
              ],
              [
                "00000010010110111110000",
                "01110010110110111110000"
              ]
            ],
            "repeated": "00000000000000000000000",
            "resident": true,
            "resolved": true,
            "supports": [
              "10000000000100000000000",
              "00010000100000000000000",
              "01100000000000000000000"
            ],
            "two": "01010010010110111110000",
            "union_size": 6,
            "upper_q2_equal": false
          },
          {
            "cut_index": 1,
            "endpoint": "00000110110110111110000",
            "join_neighbor": "10000100110110111110000",
            "join_support": "10000010000000000000000",
            "lower_q2_equal": false,
            "one": "11000100110100111110000",
            "q2": [
              [
                "00000100110100111110000",
                "11000110110110111110000"
              ],
              [
                "10000100110000111110000",
                "11000100111110111110000"
              ]
            ],
            "repeated": "00000000000000000000000",
            "resident": true,
            "resolved": true,
            "supports": [
              "10000010000000000000000",
              "01000000000010000000000",
              "00000000001100000000000"
            ],
            "two": "11000100111000111110000",
            "union_size": 6,
            "upper_q2_equal": false
          },
          {
            "cut_index": 1,
            "endpoint": "10000110110010111110000",
            "join_neighbor": "00100110110010111110000",
            "join_support": "10100000000000000000000",
            "resolved": false
          },
          {
            "cut_index": 2,
            "endpoint": "10100010110101101110000",
            "join_neighbor": "10100010110110101110000",
            "join_support": "00000000000011000000000",
            "lower_q2_equal": false,
            "one": "11000010110110101110000",
            "q2": [
              [
                "10000010110100101110000",
                "11100010110111101110000"
              ],
              [
                "10000010010110101110000",
                "11110010110110101110000"
              ]
            ],
            "repeated": "00000000000000000000000",
            "resident": true,
            "resolved": true,
            "supports": [
              "00000000000011000000000",
              "01100000000000000000000",
              "00010000100000000000000"
            ],
            "two": "11010010010110101110000",
            "union_size": 6,
            "upper_q2_equal": false
          },
          {
            "cut_index": 2,
            "endpoint": "10100110110100101110000",
            "join_neighbor": "00100110110101101110000",
            "join_support": "10000000000001000000000",
            "lower_q2_equal": false,
            "one": "00100110110101011110000",
            "q2": [
              [
                "00100110110100001110000",
                "10100110110101111110000"
              ],
              [
                "00100110110101001010000",
                "00100110110101111110010"
              ]
            ],
            "repeated": "00000000000000000000000",
            "resident": true,
            "resolved": true,
            "supports": [
              "10000000000001000000000",
              "00000000000000110000000",
              "00000000000000000100010"
            ],
            "two": "00100110110101011010010",
            "union_size": 6,
            "upper_q2_equal": false
          },
          {
            "cut_index": 3,
            "endpoint": "10100000110111011110000",
            "join_neighbor": "10100000110111101110000",
            "join_support": "00000000000000110000000",
            "lower_q2_equal": false,
            "one": "11000000110111101110000",
            "q2": [
              [
                "10000000110111001110000",
                "11100000110111111110000"
              ],
              [
                "10000000010111101110000",
                "11110000110111101110000"
              ]
            ],
            "repeated": "00000000000000000000000",
            "resident": true,
            "resolved": true,
            "supports": [
              "00000000000000110000000",
              "01100000000000000000000",
              "00010000100000000000000"
            ],
            "two": "11010000010111101110000",
            "union_size": 6,
            "upper_q2_equal": false
          },
          {
            "cut_index": 3,
            "endpoint": "10100100110111001110000",
            "join_neighbor": "00100100110111011110000",
            "join_support": "10000000000000010000000",
            "lower_q2_equal": false,
            "one": "00100100110111011010010",
            "q2": [
              [
                "00100100110111001010000",
                "10100100110111011110010"
              ],
              [
                "00100100110111011000000",
                "00100100110111011111010"
              ]
            ],
            "repeated": "00000000000000000000000",
            "resident": true,
            "resolved": true,
            "supports": [
              "10000000000000010000000",
              "00000000000000000100010",
              "00000000000000000011000"
            ],
            "two": "00100100110111011001010",
            "union_size": 6,
            "upper_q2_equal": false
          }
        ],
        [
          {
            "cut_index": 0,
            "endpoint": "00100110110010111110000",
            "join_neighbor": "10000110110010111110000",
            "join_support": "10100000000000000000000",
            "resolved": false
          },
          {
            "cut_index": 0,
            "endpoint": "10100010110010111110000",
            "join_neighbor": "00100010110110111110000",
            "join_support": "10000000000100000000000",
            "lower_q2_equal": false,
            "one": "00110010010110111110000",
            "q2": [
              [
                "00100010010010111110000",
                "10110010110110111110000"
              ],
              [
                "00000010010110111110000",
                "01110010110110111110000"
              ]
            ],
            "repeated": "00000000000000000000000",
            "resident": true,
            "resolved": true,
            "supports": [
              "10000000000100000000000",
              "00010000100000000000000",
              "01100000000000000000000"
            ],
            "two": "01010010010110111110000",
            "union_size": 6,
            "upper_q2_equal": false
          },
          {
            "cut_index": 1,
            "endpoint": "00000110110110111110000",
            "join_neighbor": "10000100110110111110000",
            "join_support": "10000010000000000000000",
            "lower_q2_equal": false,
            "one": "11000100110100111110000",
            "q2": [
              [
                "00000100110100111110000",
                "11000110110110111110000"
              ],
              [
                "10000100110000111110000",
                "11000100111110111110000"
              ]
            ],
            "repeated": "00000000000000000000000",
            "resident": true,
            "resolved": true,
            "supports": [
              "10000010000000000000000",
              "01000000000010000000000",
              "00000000001100000000000"
            ],
            "two": "11000100111000111110000",
            "union_size": 6,
            "upper_q2_equal": false
          },
          {
            "cut_index": 1,
            "endpoint": "10000110110010111110000",
            "join_neighbor": "00100110110010111110000",
            "join_support": "10100000000000000000000",
            "resolved": false
          },
          {
            "cut_index": 2,
            "endpoint": "10100010110101101110000",
            "join_neighbor": "10100010110110101110000",
            "join_support": "00000000000011000000000",
            "lower_q2_equal": false,
            "one": "11000010110110101110000",
            "q2": [
              [
                "10000010110100101110000",
                "11100010110111101110000"
              ],
              [
                "10000010010110101110000",
                "11110010110110101110000"
              ]
            ],
            "repeated": "00000000000000000000000",
            "resident": true,
            "resolved": true,
            "supports": [
              "00000000000011000000000",
              "01100000000000000000000",
              "00010000100000000000000"
            ],
            "two": "11010010010110101110000",
            "union_size": 6,
            "upper_q2_equal": false
          },
          {
            "cut_index": 2,
            "endpoint": "10100110110100101110000",
            "join_neighbor": "00100110110101101110000",
            "join_support": "10000000000001000000000",
            "lower_q2_equal": false,
            "one": "00100110110101011110000",
            "q2": [
              [
                "00100110110100001110000",
                "10100110110101111110000"
              ],
              [
                "00100110110101001010000",
                "00100110110101111110010"
              ]
            ],
            "repeated": "00000000000000000000000",
            "resident": true,
            "resolved": true,
            "supports": [
              "10000000000001000000000",
              "00000000000000110000000",
              "00000000000000000100010"
            ],
            "two": "00100110110101011010010",
            "union_size": 6,
            "upper_q2_equal": false
          },
          {
            "cut_index": 3,
            "endpoint": "10100000110111011110000",
            "join_neighbor": "10100000110111101110000",
            "join_support": "00000000000000110000000",
            "lower_q2_equal": false,
            "one": "11000000110111101110000",
            "q2": [
              [
                "10000000110111001110000",
                "11100000110111111110000"
              ],
              [
                "10000000010111101110000",
                "11110000110111101110000"
              ]
            ],
            "repeated": "00000000000000000000000",
            "resident": true,
            "resolved": true,
            "supports": [
              "00000000000000110000000",
              "01100000000000000000000",
              "00010000100000000000000"
            ],
            "two": "11010000010111101110000",
            "union_size": 6,
            "upper_q2_equal": false
          },
          {
            "cut_index": 3,
            "endpoint": "10100100110111001110000",
            "join_neighbor": "00100100110111011110000",
            "join_support": "10000000000000010000000",
            "lower_q2_equal": false,
            "one": "00100100110111011010010",
            "q2": [
              [
                "00100100110111001010000",
                "10100100110111011110010"
              ],
              [
                "00100100110111011000000",
                "00100100110111011111010"
              ]
            ],
            "repeated": "00000000000000000000000",
            "resident": true,
            "resolved": true,
            "supports": [
              "10000000000000010000000",
              "00000000000000000100010",
              "00000000000000000011000"
            ],
            "two": "00100100110111011001010",
            "union_size": 6,
            "upper_q2_equal": false
          }
        ]
      ],
      "internal_q2_count": [
        30,
        30
      ],
      "internal_q2_lower_delta": {},
      "internal_q2_upper_delta": {},
      "other_roles": [
        {
          "active": 6,
          "auxiliary_edge": [
            "10100010110101101110000",
            "10100110110100101110000"
          ],
          "collar": {
            "a": [
              "00100110110110101110000",
              "10100110110100101110000",
              "10100010110110101110000"
            ],
            "active": [
              5,
              0,
              12
            ],
            "b": [
              "00100110110101101110000",
              "10100010110101101110000",
              "00100010110111101110000"
            ],
            "core": "00100010110100101110000",
            "new": [
              [
                "00100010110111101110000",
                "00100110110110101110000"
              ],
              [
                "00100110110101101110000",
                "10100110110100101110000"
              ],
              [
                "10100010110101101110000",
                "10100010110110101110000"
              ]
            ],
            "old": [
              [
                "00100110110101101110000",
                "00100110110110101110000"
              ],
              [
                "10100010110101101110000",
                "10100110110100101110000"
              ],
              [
                "00100010110111101110000",
                "10100010110110101110000"
              ]
            ],
            "seam_y": 13
          },
          "h": "00100000110110101110000",
          "next_active": 13,
          "p": "00100010110111101110000",
          "q": "10100010110110101110000",
          "router_edge": [
            "00100010110111101110000",
            "10100010110110101110000"
          ],
          "z": 0
        },
        {
          "active": 13,
          "auxiliary_edge": [
            "10100000110111011110000",
            "10100100110111001110000"
          ],
          "collar": {
            "a": [
              "00100100110111101110000",
              "10100100110111001110000",
              "10100000110111101110000"
            ],
            "active": [
              5,
              0,
              14
            ],
            "b": [
              "00100100110111011110000",
              "10100000110111011110000",
              "00100000110111111110000"
            ],
            "core": "00100000110111001110000",
            "new": [
              [
                "00100000110111111110000",
                "00100100110111101110000"
              ],
              [
                "00100100110111011110000",
                "10100100110111001110000"
              ],
              [
                "10100000110111011110000",
                "10100000110111101110000"
              ]
            ],
            "old": [
              [
                "00100100110111011110000",
                "00100100110111101110000"
              ],
              [
                "10100000110111011110000",
                "10100100110111001110000"
              ],
              [
                "00100000110111111110000",
                "10100000110111101110000"
              ]
            ],
            "seam_y": 15
          },
          "h": "00100000110110101110000",
          "next_active": 15,
          "p": "00100000110111111110000",
          "q": "10100000110111101110000",
          "router_edge": [
            "00100000110111111110000",
            "10100000110111101110000"
          ],
          "z": 0
        }
      ],
      "router_cuts": [
        [
          "00100010110111101110000",
          "10100010110110101110000"
        ],
        [
          "00100000110111111110000",
          "10100000110111101110000"
        ],
        [
          "00100010110110111110000",
          "10100000110110111110000"
        ]
      ],
      "router_cycles": [
        [
          "11010010010110101110000",
          "01010010010111101110000",
          "00110010010111101110000",
          "00100010110111101110000",
          "10100010110110101110000",
          "11000010110110101110000"
        ],
        [
          "11010000010111101110000",
          "01010000010111111110000",
          "00110000010111111110000",
          "00100000110111111110000",
          "10100000110111101110000",
          "11000000110111101110000"
        ],
        [
          "11010000010110111110000",
          "01010010010110111110000",
          "00110010010110111110000",
          "00100010110110111110000",
          "10100000110110111110000",
          "11000000110110111110000"
        ]
      ],
      "router_orientation": [
        "10100000110110111110000",
        "00100010110110111110000"
      ],
      "token_permutation": [
        2,
        1,
        0
      ],
      "token_zero_port": 2,
      "witness_index": 17
    },
    {
      "after_edges": [
        [
          [
            "10100010110110101110000",
            "11000010110110101110000"
          ],
          [
            "11000010110110101110000",
            "11010010010110101110000"
          ],
          [
            "01010010010111101110000",
            "11010010010110101110000"
          ],
          [
            "10100000110110111110000",
            "11000000110110111110000"
          ],
          [
            "00110010010110111110000",
            "01010010010110111110000"
          ],
          [
            "00100010110111101110000",
            "00110010010111101110000"
          ],
          [
            "00100010110111101110000",
            "00100110110110101110000"
          ],
          [
            "10100010110101101110000",
            "10100010110110101110000"
          ],
          [
            "10100000110111011110000",
            "10100000110111101110000"
          ],
          [
            "01010010010110111110000",
            "11010000010110111110000"
          ],
          [
            "00100110110101101110000",
            "10100110110100101110000"
          ],
          [
            "11000000110111101110000",
            "11010000010111101110000"
          ],
          [
            "00100010110110111110000",
            "10100010110110011110000"
          ],
          [
            "01010000010111111110000",
            "11010000010111101110000"
          ],
          [
            "00000110110110111110000",
            "10000100110110111110000"
          ],
          [
            "00100100110110111110000",
            "10100000110110111110000"
          ],
          [
            "00110010010111101110000",
            "01010010010111101110000"
          ],
          [
            "10100000110111101110000",
            "11000000110111101110000"
          ],
          [
            "00100110110110011110000",
            "10000110110110011110000"
          ],
          [
            "11000000110110111110000",
            "11010000010110111110000"
          ],
          [
            "00100100110111011110000",
            "10100100110111001110000"
          ],
          [
            "00100010110110111110000",
            "00110010010110111110000"
          ],
          [
            "00110000010111111110000",
            "01010000010111111110000"
          ],
          [
            "00100000110111111110000",
            "00110000010111111110000"
          ],
          [
            "00100000110111111110000",
            "00100100110111101110000"
          ]
        ],
        [
          [
            "10100010110110101110000",
            "11000010110110101110000"
          ],
          [
            "11000010110110101110000",
            "11010010010110101110000"
          ],
          [
            "10100000110110111110000",
            "11000000110110111110000"
          ],
          [
            "00110010010110111110000",
            "01010010010110111110000"
          ],
          [
            "00100010110111101110000",
            "00110010010111101110000"
          ],
          [
            "00100010110111101110000",
            "00100110110110101110000"
          ],
          [
            "10100010110101101110000",
            "10100010110110101110000"
          ],
          [
            "10100000110111011110000",
            "10100000110111101110000"
          ],
          [
            "00100110110101101110000",
            "10100110110100101110000"
          ],
          [
            "11000000110111101110000",
            "11010000010111101110000"
          ],
          [
            "00100010110110111110000",
            "10100010110110011110000"
          ],
          [
            "00000110110110111110000",
            "10000100110110111110000"
          ],
          [
            "00100100110110111110000",
            "10100000110110111110000"
          ],
          [
            "00110010010111101110000",
            "01010010010111101110000"
          ],
          [
            "10100000110111101110000",
            "11000000110111101110000"
          ],
          [
            "01010010010110111110000",
            "11010010010110101110000"
          ],
          [
            "01010010010111101110000",
            "11010000010111101110000"
          ],
          [
            "01010000010111111110000",
            "11010000010110111110000"
          ],
          [
            "11000000110110111110000",
            "11010000010110111110000"
          ],
          [
            "00100100110111011110000",
            "10100100110111001110000"
          ],
          [
            "00100010110110111110000",
            "00110010010110111110000"
          ],
          [
            "00100110110110011110000",
            "10000110110110011110000"
          ],
          [
            "00110000010111111110000",
            "01010000010111111110000"
          ],
          [
            "00100000110111111110000",
            "00110000010111111110000"
          ],
          [
            "00100000110111111110000",
            "00100100110111101110000"
          ]
        ]
      ],
      "all_auxiliary_edges": [
        [
          "00100110110110011110000",
          "10100010110110011110000"
        ],
        [
          "00000110110110111110000",
          "10000110110110011110000"
        ],
        [
          "10100010110101101110000",
          "10100110110100101110000"
        ],
        [
          "10100000110111011110000",
          "10100100110111001110000"
        ]
      ],
      "before_edges": [
        [
          [
            "10100010110110101110000",
            "11000010110110101110000"
          ],
          [
            "11000010110110101110000",
            "11010010010110101110000"
          ],
          [
            "00100100110110111110000",
            "10000100110110111110000"
          ],
          [
            "01010010010111101110000",
            "11010010010110101110000"
          ],
          [
            "10100000110110111110000",
            "11000000110110111110000"
          ],
          [
            "00110010010110111110000",
            "01010010010110111110000"
          ],
          [
            "00100010110111101110000",
            "00110010010111101110000"
          ],
          [
            "10100000110111011110000",
            "10100100110111001110000"
          ],
          [
            "01010010010110111110000",
            "11010000010110111110000"
          ],
          [
            "00100000110111111110000",
            "10100000110111101110000"
          ],
          [
            "10100010110101101110000",
            "10100110110100101110000"
          ],
          [
            "00000110110110111110000",
            "10000110110110011110000"
          ],
          [
            "11000000110111101110000",
            "11010000010111101110000"
          ],
          [
            "00100010110111101110000",
            "10100010110110101110000"
          ],
          [
            "00100110110101101110000",
            "00100110110110101110000"
          ],
          [
            "01010000010111111110000",
            "11010000010111101110000"
          ],
          [
            "00110010010111101110000",
            "01010010010111101110000"
          ],
          [
            "10100000110111101110000",
            "11000000110111101110000"
          ],
          [
            "00100110110110011110000",
            "10100010110110011110000"
          ],
          [
            "00100100110111011110000",
            "00100100110111101110000"
          ],
          [
            "11000000110110111110000",
            "11010000010110111110000"
          ],
          [
            "00100010110110111110000",
            "00110010010110111110000"
          ],
          [
            "00100010110110111110000",
            "10100000110110111110000"
          ],
          [
            "00110000010111111110000",
            "01010000010111111110000"
          ],
          [
            "00100000110111111110000",
            "00110000010111111110000"
          ]
        ],
        [
          [
            "10100010110110101110000",
            "11000010110110101110000"
          ],
          [
            "11000010110110101110000",
            "11010010010110101110000"
          ],
          [
            "00100100110110111110000",
            "10000100110110111110000"
          ],
          [
            "10100000110110111110000",
            "11000000110110111110000"
          ],
          [
            "00110010010110111110000",
            "01010010010110111110000"
          ],
          [
            "00100010110111101110000",
            "00110010010111101110000"
          ],
          [
            "10100000110111011110000",
            "10100100110111001110000"
          ],
          [
            "00100000110111111110000",
            "10100000110111101110000"
          ],
          [
            "10100010110101101110000",
            "10100110110100101110000"
          ],
          [
            "00000110110110111110000",
            "10000110110110011110000"
          ],
          [
            "11000000110111101110000",
            "11010000010111101110000"
          ],
          [
            "00100010110111101110000",
            "10100010110110101110000"
          ],
          [
            "00100110110101101110000",
            "00100110110110101110000"
          ],
          [
            "00110010010111101110000",
            "01010010010111101110000"
          ],
          [
            "10100000110111101110000",
            "11000000110111101110000"
          ],
          [
            "00100110110110011110000",
            "10100010110110011110000"
          ],
          [
            "01010010010110111110000",
            "11010010010110101110000"
          ],
          [
            "01010010010111101110000",
            "11010000010111101110000"
          ],
          [
            "01010000010111111110000",
            "11010000010110111110000"
          ],
          [
            "11000000110110111110000",
            "11010000010110111110000"
          ],
          [
            "00100100110111011110000",
            "00100100110111101110000"
          ],
          [
            "00100010110110111110000",
            "00110010010110111110000"
          ],
          [
            "00100010110110111110000",
            "10100000110110111110000"
          ],
          [
            "00110000010111111110000",
            "01010000010111111110000"
          ],
          [
            "00100000110111111110000",
            "00110000010111111110000"
          ]
        ]
      ],
      "c8_auxiliary_edges": [
        [
          "00100110110110011110000",
          "10100010110110011110000"
        ],
        [
          "00000110110110111110000",
          "10000110110110011110000"
        ]
      ],
      "c8_new": [
        [
          "00100100110110111110000",
          "10100000110110111110000"
        ],
        [
          "00100010110110111110000",
          "10100010110110011110000"
        ],
        [
          "00100110110110011110000",
          "10000110110110011110000"
        ],
        [
          "00000110110110111110000",
          "10000100110110111110000"
        ]
      ],
      "c8_old": [
        [
          "00100100110110111110000",
          "10000100110110111110000"
        ],
        [
          "00100010110110111110000",
          "10100000110110111110000"
        ],
        [
          "00100110110110011110000",
          "10100010110110011110000"
        ],
        [
          "00000110110110111110000",
          "10000110110110011110000"
        ]
      ],
      "context_orientation": [
        "10000100110110111110000",
        "00100100110110111110000"
      ],
      "fixed_path_reports": [
        [
          {
            "cut_index": 0,
            "endpoint": "10100010110110011110000",
            "join_neighbor": "00100010110110111110000",
            "join_support": "10000000000000100000000",
            "lower_q2_equal": false,
            "one": "00110010010110111110000",
            "q2": [
              [
                "00100010010110011110000",
                "10110010110110111110000"
              ],
              [
                "00000010010110111110000",
                "01110010110110111110000"
              ]
            ],
            "repeated": "00000000000000000000000",
            "resident": true,
            "resolved": true,
            "supports": [
              "10000000000000100000000",
              "00010000100000000000000",
              "01100000000000000000000"
            ],
            "two": "01010010010110111110000",
            "union_size": 6,
            "upper_q2_equal": false
          },
          {
            "cut_index": 0,
            "endpoint": "00100110110110011110000",
            "join_neighbor": "10000110110110011110000",
            "join_support": "10100000000000000000000",
            "resolved": false
          },
          {
            "cut_index": 1,
            "endpoint": "10000110110110011110000",
            "join_neighbor": "00100110110110011110000",
            "join_support": "10100000000000000000000",
            "resolved": false
          },
          {
            "cut_index": 1,
            "endpoint": "00000110110110111110000",
            "join_neighbor": "10000100110110111110000",
            "join_support": "10000010000000000000000",
            "lower_q2_equal": false,
            "one": "11000100110100111110000",
            "q2": [
              [
                "00000100110100111110000",
                "11000110110110111110000"
              ],
              [
                "10000100110000111110000",
                "11000100111110111110000"
              ]
            ],
            "repeated": "00000000000000000000000",
            "resident": true,
            "resolved": true,
            "supports": [
              "10000010000000000000000",
              "01000000000010000000000",
              "00000000001100000000000"
            ],
            "two": "11000100111000111110000",
            "union_size": 6,
            "upper_q2_equal": false
          },
          {
            "cut_index": 2,
            "endpoint": "10100010110101101110000",
            "join_neighbor": "10100010110110101110000",
            "join_support": "00000000000011000000000",
            "lower_q2_equal": false,
            "one": "11000010110110101110000",
            "q2": [
              [
                "10000010110100101110000",
                "11100010110111101110000"
              ],
              [
                "10000010010110101110000",
                "11110010110110101110000"
              ]
            ],
            "repeated": "00000000000000000000000",
            "resident": true,
            "resolved": true,
            "supports": [
              "00000000000011000000000",
              "01100000000000000000000",
              "00010000100000000000000"
            ],
            "two": "11010010010110101110000",
            "union_size": 6,
            "upper_q2_equal": false
          },
          {
            "cut_index": 2,
            "endpoint": "10100110110100101110000",
            "join_neighbor": "00100110110101101110000",
            "join_support": "10000000000001000000000",
            "lower_q2_equal": false,
            "one": "00100110110101011110000",
            "q2": [
              [
                "00100110110100001110000",
                "10100110110101111110000"
              ],
              [
                "00100110110101001010000",
                "00100110110101111110010"
              ]
            ],
            "repeated": "00000000000000000000000",
            "resident": true,
            "resolved": true,
            "supports": [
              "10000000000001000000000",
              "00000000000000110000000",
              "00000000000000000100010"
            ],
            "two": "00100110110101011010010",
            "union_size": 6,
            "upper_q2_equal": false
          },
          {
            "cut_index": 3,
            "endpoint": "10100000110111011110000",
            "join_neighbor": "10100000110111101110000",
            "join_support": "00000000000000110000000",
            "lower_q2_equal": false,
            "one": "11000000110111101110000",
            "q2": [
              [
                "10000000110111001110000",
                "11100000110111111110000"
              ],
              [
                "10000000010111101110000",
                "11110000110111101110000"
              ]
            ],
            "repeated": "00000000000000000000000",
            "resident": true,
            "resolved": true,
            "supports": [
              "00000000000000110000000",
              "01100000000000000000000",
              "00010000100000000000000"
            ],
            "two": "11010000010111101110000",
            "union_size": 6,
            "upper_q2_equal": false
          },
          {
            "cut_index": 3,
            "endpoint": "10100100110111001110000",
            "join_neighbor": "00100100110111011110000",
            "join_support": "10000000000000010000000",
            "lower_q2_equal": false,
            "one": "00100100110111011010010",
            "q2": [
              [
                "00100100110111001010000",
                "10100100110111011110010"
              ],
              [
                "00100100110111011000000",
                "00100100110111011111010"
              ]
            ],
            "repeated": "00000000000000000000000",
            "resident": true,
            "resolved": true,
            "supports": [
              "10000000000000010000000",
              "00000000000000000100010",
              "00000000000000000011000"
            ],
            "two": "00100100110111011001010",
            "union_size": 6,
            "upper_q2_equal": false
          }
        ],
        [
          {
            "cut_index": 0,
            "endpoint": "10100010110110011110000",
            "join_neighbor": "00100010110110111110000",
            "join_support": "10000000000000100000000",
            "lower_q2_equal": false,
            "one": "00110010010110111110000",
            "q2": [
              [
                "00100010010110011110000",
                "10110010110110111110000"
              ],
              [
                "00000010010110111110000",
                "01110010110110111110000"
              ]
            ],
            "repeated": "00000000000000000000000",
            "resident": true,
            "resolved": true,
            "supports": [
              "10000000000000100000000",
              "00010000100000000000000",
              "01100000000000000000000"
            ],
            "two": "01010010010110111110000",
            "union_size": 6,
            "upper_q2_equal": false
          },
          {
            "cut_index": 0,
            "endpoint": "00100110110110011110000",
            "join_neighbor": "10000110110110011110000",
            "join_support": "10100000000000000000000",
            "resolved": false
          },
          {
            "cut_index": 1,
            "endpoint": "10000110110110011110000",
            "join_neighbor": "00100110110110011110000",
            "join_support": "10100000000000000000000",
            "resolved": false
          },
          {
            "cut_index": 1,
            "endpoint": "00000110110110111110000",
            "join_neighbor": "10000100110110111110000",
            "join_support": "10000010000000000000000",
            "lower_q2_equal": false,
            "one": "11000100110100111110000",
            "q2": [
              [
                "00000100110100111110000",
                "11000110110110111110000"
              ],
              [
                "10000100110000111110000",
                "11000100111110111110000"
              ]
            ],
            "repeated": "00000000000000000000000",
            "resident": true,
            "resolved": true,
            "supports": [
              "10000010000000000000000",
              "01000000000010000000000",
              "00000000001100000000000"
            ],
            "two": "11000100111000111110000",
            "union_size": 6,
            "upper_q2_equal": false
          },
          {
            "cut_index": 2,
            "endpoint": "10100010110101101110000",
            "join_neighbor": "10100010110110101110000",
            "join_support": "00000000000011000000000",
            "lower_q2_equal": false,
            "one": "11000010110110101110000",
            "q2": [
              [
                "10000010110100101110000",
                "11100010110111101110000"
              ],
              [
                "10000010010110101110000",
                "11110010110110101110000"
              ]
            ],
            "repeated": "00000000000000000000000",
            "resident": true,
            "resolved": true,
            "supports": [
              "00000000000011000000000",
              "01100000000000000000000",
              "00010000100000000000000"
            ],
            "two": "11010010010110101110000",
            "union_size": 6,
            "upper_q2_equal": false
          },
          {
            "cut_index": 2,
            "endpoint": "10100110110100101110000",
            "join_neighbor": "00100110110101101110000",
            "join_support": "10000000000001000000000",
            "lower_q2_equal": false,
            "one": "00100110110101011110000",
            "q2": [
              [
                "00100110110100001110000",
                "10100110110101111110000"
              ],
              [
                "00100110110101001010000",
                "00100110110101111110010"
              ]
            ],
            "repeated": "00000000000000000000000",
            "resident": true,
            "resolved": true,
            "supports": [
              "10000000000001000000000",
              "00000000000000110000000",
              "00000000000000000100010"
            ],
            "two": "00100110110101011010010",
            "union_size": 6,
            "upper_q2_equal": false
          },
          {
            "cut_index": 3,
            "endpoint": "10100000110111011110000",
            "join_neighbor": "10100000110111101110000",
            "join_support": "00000000000000110000000",
            "lower_q2_equal": false,
            "one": "11000000110111101110000",
            "q2": [
              [
                "10000000110111001110000",
                "11100000110111111110000"
              ],
              [
                "10000000010111101110000",
                "11110000110111101110000"
              ]
            ],
            "repeated": "00000000000000000000000",
            "resident": true,
            "resolved": true,
            "supports": [
              "00000000000000110000000",
              "01100000000000000000000",
              "00010000100000000000000"
            ],
            "two": "11010000010111101110000",
            "union_size": 6,
            "upper_q2_equal": false
          },
          {
            "cut_index": 3,
            "endpoint": "10100100110111001110000",
            "join_neighbor": "00100100110111011110000",
            "join_support": "10000000000000010000000",
            "lower_q2_equal": false,
            "one": "00100100110111011010010",
            "q2": [
              [
                "00100100110111001010000",
                "10100100110111011110010"
              ],
              [
                "00100100110111011000000",
                "00100100110111011111010"
              ]
            ],
            "repeated": "00000000000000000000000",
            "resident": true,
            "resolved": true,
            "supports": [
              "10000000000000010000000",
              "00000000000000000100010",
              "00000000000000000011000"
            ],
            "two": "00100100110111011001010",
            "union_size": 6,
            "upper_q2_equal": false
          }
        ]
      ],
      "internal_q2_count": [
        30,
        30
      ],
      "internal_q2_lower_delta": {},
      "internal_q2_upper_delta": {},
      "other_roles": [
        {
          "active": 6,
          "auxiliary_edge": [
            "10100010110101101110000",
            "10100110110100101110000"
          ],
          "collar": {
            "a": [
              "00100110110110101110000",
              "10100110110100101110000",
              "10100010110110101110000"
            ],
            "active": [
              5,
              0,
              12
            ],
            "b": [
              "00100110110101101110000",
              "10100010110101101110000",
              "00100010110111101110000"
            ],
            "core": "00100010110100101110000",
            "new": [
              [
                "00100010110111101110000",
                "00100110110110101110000"
              ],
              [
                "00100110110101101110000",
                "10100110110100101110000"
              ],
              [
                "10100010110101101110000",
                "10100010110110101110000"
              ]
            ],
            "old": [
              [
                "00100110110101101110000",
                "00100110110110101110000"
              ],
              [
                "10100010110101101110000",
                "10100110110100101110000"
              ],
              [
                "00100010110111101110000",
                "10100010110110101110000"
              ]
            ],
            "seam_y": 13
          },
          "h": "00100000110110101110000",
          "next_active": 13,
          "p": "00100010110111101110000",
          "q": "10100010110110101110000",
          "router_edge": [
            "00100010110111101110000",
            "10100010110110101110000"
          ],
          "z": 0
        },
        {
          "active": 13,
          "auxiliary_edge": [
            "10100000110111011110000",
            "10100100110111001110000"
          ],
          "collar": {
            "a": [
              "00100100110111101110000",
              "10100100110111001110000",
              "10100000110111101110000"
            ],
            "active": [
              5,
              0,
              14
            ],
            "b": [
              "00100100110111011110000",
              "10100000110111011110000",
              "00100000110111111110000"
            ],
            "core": "00100000110111001110000",
            "new": [
              [
                "00100000110111111110000",
                "00100100110111101110000"
              ],
              [
                "00100100110111011110000",
                "10100100110111001110000"
              ],
              [
                "10100000110111011110000",
                "10100000110111101110000"
              ]
            ],
            "old": [
              [
                "00100100110111011110000",
                "00100100110111101110000"
              ],
              [
                "10100000110111011110000",
                "10100100110111001110000"
              ],
              [
                "00100000110111111110000",
                "10100000110111101110000"
              ]
            ],
            "seam_y": 15
          },
          "h": "00100000110110101110000",
          "next_active": 15,
          "p": "00100000110111111110000",
          "q": "10100000110111101110000",
          "router_edge": [
            "00100000110111111110000",
            "10100000110111101110000"
          ],
          "z": 0
        }
      ],
      "router_cuts": [
        [
          "00100010110111101110000",
          "10100010110110101110000"
        ],
        [
          "00100000110111111110000",
          "10100000110111101110000"
        ],
        [
          "00100010110110111110000",
          "10100000110110111110000"
        ]
      ],
      "router_cycles": [
        [
          "11010010010110101110000",
          "01010010010111101110000",
          "00110010010111101110000",
          "00100010110111101110000",
          "10100010110110101110000",
          "11000010110110101110000"
        ],
        [
          "11010000010111101110000",
          "01010000010111111110000",
          "00110000010111111110000",
          "00100000110111111110000",
          "10100000110111101110000",
          "11000000110111101110000"
        ],
        [
          "11010000010110111110000",
          "01010010010110111110000",
          "00110010010110111110000",
          "00100010110110111110000",
          "10100000110110111110000",
          "11000000110110111110000"
        ]
      ],
      "router_orientation": [
        "10100000110110111110000",
        "00100010110110111110000"
      ],
      "token_permutation": [
        2,
        1,
        0
      ],
      "token_zero_port": 2,
      "witness_index": 17
    }
  ],
  "source_witnesses": 21,
  "status": "PASS",
  "witness_range": [
    15,
    18
  ]
}
