{
  "certificate_sha256": "05552624784b67253b9f7d07b3e37c63cb25254d9b80872835952c38ba9605c1",
  "context_edges": [
    [
      "00100100110110111110000",
      "10000100110110111110000"
    ],
    [
      "00100100110111101110000",
      "00100100110111011110000"
    ],
    [
      "00100110110110101110000",
      "00100110110101101110000"
    ]
  ],
  "counters": {
    "canonical_router_cut_triples": 69,
    "collar_owner_simple": 21,
    "collar_q1_simple": 21,
    "common_hz_triples": 22416,
    "full_router_q1_simple": 21
  },
  "exposures": [
    1,
    1,
    2
  ],
  "factor_words": [
    "1010010011011011111000",
    "0010010011011111111000",
    "0010011011011110111000"
  ],
  "flat_sha256": "2b7bc68cb4559696c0dcf6bc0f7464c8dbe0d7d398dfab2b0996282a7f419dcc",
  "router_roles_per_token": [
    8800,
    8800,
    8800
  ],
  "seam_collars_per_token": [
    220,
    220,
    220
  ],
  "selection_sha256": "94deb656dac1d8955b20d851e92600156d703842d6de169d4b6bea356fa3ec32",
  "status": "PASS",
  "witness": {
    "active": [
      15,
      6,
      13
    ],
    "after_edges": [
      [
        "01010010110110110110000",
        "11010000110110110110000"
      ],
      [
        "00110010110110110110000",
        "01010010110110110110000"
      ],
      [
        "00100110110110110110000",
        "00110010110110110110000"
      ],
      [
        "10100100110110110110000",
        "11000100110110110110000"
      ],
      [
        "11000100110110110110000",
        "11010000110110110110000"
      ],
      [
        "01010010110111100110000",
        "11010010110110100110000"
      ],
      [
        "00110010110111100110000",
        "01010010110111100110000"
      ],
      [
        "00100110110111100110000",
        "00110010110111100110000"
      ],
      [
        "10100110110110100110000",
        "11000110110110100110000"
      ],
      [
        "11000110110110100110000",
        "11010010110110100110000"
      ],
      [
        "01010000110111110110000",
        "11010000110111100110000"
      ],
      [
        "00110000110111110110000",
        "01010000110111110110000"
      ],
      [
        "00100100110111110110000",
        "00110000110111110110000"
      ],
      [
        "10100100110111100110000",
        "11000100110111100110000"
      ],
      [
        "11000100110111100110000",
        "11010000110111100110000"
      ],
      [
        "00100100110110111110000",
        "10100100110110110110000"
      ],
      [
        "00000110110110111110000",
        "10000100110110111110000"
      ],
      [
        "00100110110110110110000",
        "10000110110110110110000"
      ],
      [
        "00100110110110101110000",
        "00100110110111100110000"
      ],
      [
        "00100110110101101110000",
        "10100110110100101110000"
      ],
      [
        "10100110110101100110000",
        "10100110110110100110000"
      ],
      [
        "00100100110111101110000",
        "00100100110111110110000"
      ],
      [
        "00100100110111011110000",
        "10100100110111001110000"
      ],
      [
        "10100100110111010110000",
        "10100100110111100110000"
      ]
    ],
    "before_edges": [
      [
        "01010010110110110110000",
        "11010000110110110110000"
      ],
      [
        "00110010110110110110000",
        "01010010110110110110000"
      ],
      [
        "00100110110110110110000",
        "00110010110110110110000"
      ],
      [
        "00100110110110110110000",
        "10100100110110110110000"
      ],
      [
        "10100100110110110110000",
        "11000100110110110110000"
      ],
      [
        "11000100110110110110000",
        "11010000110110110110000"
      ],
      [
        "01010010110111100110000",
        "11010010110110100110000"
      ],
      [
        "00110010110111100110000",
        "01010010110111100110000"
      ],
      [
        "00100110110111100110000",
        "00110010110111100110000"
      ],
      [
        "00100110110111100110000",
        "10100110110110100110000"
      ],
      [
        "10100110110110100110000",
        "11000110110110100110000"
      ],
      [
        "11000110110110100110000",
        "11010010110110100110000"
      ],
      [
        "01010000110111110110000",
        "11010000110111100110000"
      ],
      [
        "00110000110111110110000",
        "01010000110111110110000"
      ],
      [
        "00100100110111110110000",
        "00110000110111110110000"
      ],
      [
        "00100100110111110110000",
        "10100100110111100110000"
      ],
      [
        "10100100110111100110000",
        "11000100110111100110000"
      ],
      [
        "11000100110111100110000",
        "11010000110111100110000"
      ],
      [
        "00100100110110111110000",
        "10000100110110111110000"
      ],
      [
        "00100110110101101110000",
        "00100110110110101110000"
      ],
      [
        "00100100110111011110000",
        "00100100110111101110000"
      ],
      [
        "00000110110110111110000",
        "10000110110110110110000"
      ],
      [
        "10100110110100101110000",
        "10100110110101100110000"
      ],
      [
        "10100100110111001110000",
        "10100100110111010110000"
      ]
    ],
    "h": "00100100110110100110000",
    "k": "01010000110110100110000",
    "new_collar_edges": [
      [
        "00100100110110111110000",
        "10100100110110110110000"
      ],
      [
        "00000110110110111110000",
        "10000100110110111110000"
      ],
      [
        "00100110110110110110000",
        "10000110110110110110000"
      ],
      [
        "00100110110110101110000",
        "00100110110111100110000"
      ],
      [
        "00100110110101101110000",
        "10100110110100101110000"
      ],
      [
        "10100110110101100110000",
        "10100110110110100110000"
      ],
      [
        "00100100110111101110000",
        "00100100110111110110000"
      ],
      [
        "00100100110111011110000",
        "10100100110111001110000"
      ],
      [
        "10100100110111010110000",
        "10100100110111100110000"
      ]
    ],
    "old_collar_edges": [
      [
        "00100100110110111110000",
        "10000100110110111110000"
      ],
      [
        "00000110110110111110000",
        "10000110110110110110000"
      ],
      [
        "00100110110110110110000",
        "10100100110110110110000"
      ],
      [
        "00100110110101101110000",
        "00100110110110101110000"
      ],
      [
        "10100110110100101110000",
        "10100110110101100110000"
      ],
      [
        "00100110110111100110000",
        "10100110110110100110000"
      ],
      [
        "00100100110111011110000",
        "00100100110111101110000"
      ],
      [
        "10100100110111001110000",
        "10100100110111010110000"
      ],
      [
        "00100100110111110110000",
        "10100100110111100110000"
      ]
    ],
    "roles": [
      {
        "active": 15,
        "auxiliary_edge": [
          "00000110110110111110000",
          "10000110110110110110000"
        ],
        "collar": {
          "a": [
            "00100100110110111110000",
            "00000110110110111110000",
            "00100110110110110110000"
          ],
          "active": [
            16,
            6,
            2
          ],
          "b": [
            "10000100110110111110000",
            "10000110110110110110000",
            "10100100110110110110000"
          ],
          "core": "00000100110110110110000",
          "new": [
            [
              "00100100110110111110000",
              "10100100110110110110000"
            ],
            [
              "00000110110110111110000",
              "10000100110110111110000"
            ],
            [
              "00100110110110110110000",
              "10000110110110110110000"
            ]
          ],
          "old": [
            [
              "00100100110110111110000",
              "10000100110110111110000"
            ],
            [
              "00000110110110111110000",
              "10000110110110110110000"
            ],
            [
              "00100110110110110110000",
              "10100100110110110110000"
            ]
          ],
          "seam_y": 0
        },
        "h": "00100100110110100110000",
        "next_active": 6,
        "p": "00100110110110110110000",
        "q": "10100100110110110110000",
        "router_edge": [
          "00100110110110110110000",
          "10100100110110110110000"
        ],
        "z": 0
      },
      {
        "active": 6,
        "auxiliary_edge": [
          "10100110110100101110000",
          "10100110110101100110000"
        ],
        "collar": {
          "a": [
            "00100110110110101110000",
            "10100110110100101110000",
            "10100110110110100110000"
          ],
          "active": [
            16,
            0,
            12
          ],
          "b": [
            "00100110110101101110000",
            "10100110110101100110000",
            "00100110110111100110000"
          ],
          "core": "00100110110100100110000",
          "new": [
            [
              "00100110110110101110000",
              "00100110110111100110000"
            ],
            [
              "00100110110101101110000",
              "10100110110100101110000"
            ],
            [
              "10100110110101100110000",
              "10100110110110100110000"
            ]
          ],
          "old": [
            [
              "00100110110101101110000",
              "00100110110110101110000"
            ],
            [
              "10100110110100101110000",
              "10100110110101100110000"
            ],
            [
              "00100110110111100110000",
              "10100110110110100110000"
            ]
          ],
          "seam_y": 13
        },
        "h": "00100100110110100110000",
        "next_active": 13,
        "p": "00100110110111100110000",
        "q": "10100110110110100110000",
        "router_edge": [
          "00100110110111100110000",
          "10100110110110100110000"
        ],
        "z": 0
      },
      {
        "active": 13,
        "auxiliary_edge": [
          "10100100110111001110000",
          "10100100110111010110000"
        ],
        "collar": {
          "a": [
            "00100100110111101110000",
            "10100100110111001110000",
            "10100100110111100110000"
          ],
          "active": [
            16,
            0,
            14
          ],
          "b": [
            "00100100110111011110000",
            "10100100110111010110000",
            "00100100110111110110000"
          ],
          "core": "00100100110111000110000",
          "new": [
            [
              "00100100110111101110000",
              "00100100110111110110000"
            ],
            [
              "00100100110111011110000",
              "10100100110111001110000"
            ],
            [
              "10100100110111010110000",
              "10100100110111100110000"
            ]
          ],
          "old": [
            [
              "00100100110111011110000",
              "00100100110111101110000"
            ],
            [
              "10100100110111001110000",
              "10100100110111010110000"
            ],
            [
              "00100100110111110110000",
              "10100100110111100110000"
            ]
          ],
          "seam_y": 15
        },
        "h": "00100100110110100110000",
        "next_active": 15,
        "p": "00100100110111110110000",
        "q": "10100100110111100110000",
        "router_edge": [
          "00100100110111110110000",
          "10100100110111100110000"
        ],
        "z": 0
      }
    ],
    "router_cycles": [
      [
        "11010000110110110110000",
        "01010010110110110110000",
        "00110010110110110110000",
        "00100110110110110110000",
        "10100100110110110110000",
        "11000100110110110110000"
      ],
      [
        "11010010110110100110000",
        "01010010110111100110000",
        "00110010110111100110000",
        "00100110110111100110000",
        "10100110110110100110000",
        "11000110110110100110000"
      ],
      [
        "11010000110111100110000",
        "01010000110111110110000",
        "00110000110111110110000",
        "00100100110111110110000",
        "10100100110111100110000",
        "11000100110111100110000"
      ]
    ],
    "token_permutation": [
      0,
      2,
      1
    ],
    "x1": 1,
    "x2": 3,
    "y1": 2,
    "y2": 5,
    "z": 0
  },
  "witnesses": [
    {
      "active": [
        15,
        6,
        13
      ],
      "after_edges": [
        [
          "01010010110110110110000",
          "11010000110110110110000"
        ],
        [
          "00110010110110110110000",
          "01010010110110110110000"
        ],
        [
          "00100110110110110110000",
          "00110010110110110110000"
        ],
        [
          "10100100110110110110000",
          "11000100110110110110000"
        ],
        [
          "11000100110110110110000",
          "11010000110110110110000"
        ],
        [
          "01010010110111100110000",
          "11010010110110100110000"
        ],
        [
          "00110010110111100110000",
          "01010010110111100110000"
        ],
        [
          "00100110110111100110000",
          "00110010110111100110000"
        ],
        [
          "10100110110110100110000",
          "11000110110110100110000"
        ],
        [
          "11000110110110100110000",
          "11010010110110100110000"
        ],
        [
          "01010000110111110110000",
          "11010000110111100110000"
        ],
        [
          "00110000110111110110000",
          "01010000110111110110000"
        ],
        [
          "00100100110111110110000",
          "00110000110111110110000"
        ],
        [
          "10100100110111100110000",
          "11000100110111100110000"
        ],
        [
          "11000100110111100110000",
          "11010000110111100110000"
        ],
        [
          "00100100110110111110000",
          "10100100110110110110000"
        ],
        [
          "00000110110110111110000",
          "10000100110110111110000"
        ],
        [
          "00100110110110110110000",
          "10000110110110110110000"
        ],
        [
          "00100110110110101110000",
          "00100110110111100110000"
        ],
        [
          "00100110110101101110000",
          "10100110110100101110000"
        ],
        [
          "10100110110101100110000",
          "10100110110110100110000"
        ],
        [
          "00100100110111101110000",
          "00100100110111110110000"
        ],
        [
          "00100100110111011110000",
          "10100100110111001110000"
        ],
        [
          "10100100110111010110000",
          "10100100110111100110000"
        ]
      ],
      "before_edges": [
        [
          "01010010110110110110000",
          "11010000110110110110000"
        ],
        [
          "00110010110110110110000",
          "01010010110110110110000"
        ],
        [
          "00100110110110110110000",
          "00110010110110110110000"
        ],
        [
          "00100110110110110110000",
          "10100100110110110110000"
        ],
        [
          "10100100110110110110000",
          "11000100110110110110000"
        ],
        [
          "11000100110110110110000",
          "11010000110110110110000"
        ],
        [
          "01010010110111100110000",
          "11010010110110100110000"
        ],
        [
          "00110010110111100110000",
          "01010010110111100110000"
        ],
        [
          "00100110110111100110000",
          "00110010110111100110000"
        ],
        [
          "00100110110111100110000",
          "10100110110110100110000"
        ],
        [
          "10100110110110100110000",
          "11000110110110100110000"
        ],
        [
          "11000110110110100110000",
          "11010010110110100110000"
        ],
        [
          "01010000110111110110000",
          "11010000110111100110000"
        ],
        [
          "00110000110111110110000",
          "01010000110111110110000"
        ],
        [
          "00100100110111110110000",
          "00110000110111110110000"
        ],
        [
          "00100100110111110110000",
          "10100100110111100110000"
        ],
        [
          "10100100110111100110000",
          "11000100110111100110000"
        ],
        [
          "11000100110111100110000",
          "11010000110111100110000"
        ],
        [
          "00100100110110111110000",
          "10000100110110111110000"
        ],
        [
          "00100110110101101110000",
          "00100110110110101110000"
        ],
        [
          "00100100110111011110000",
          "00100100110111101110000"
        ],
        [
          "00000110110110111110000",
          "10000110110110110110000"
        ],
        [
          "10100110110100101110000",
          "10100110110101100110000"
        ],
        [
          "10100100110111001110000",
          "10100100110111010110000"
        ]
      ],
      "h": "00100100110110100110000",
      "k": "01010000110110100110000",
      "new_collar_edges": [
        [
          "00100100110110111110000",
          "10100100110110110110000"
        ],
        [
          "00000110110110111110000",
          "10000100110110111110000"
        ],
        [
          "00100110110110110110000",
          "10000110110110110110000"
        ],
        [
          "00100110110110101110000",
          "00100110110111100110000"
        ],
        [
          "00100110110101101110000",
          "10100110110100101110000"
        ],
        [
          "10100110110101100110000",
          "10100110110110100110000"
        ],
        [
          "00100100110111101110000",
          "00100100110111110110000"
        ],
        [
          "00100100110111011110000",
          "10100100110111001110000"
        ],
        [
          "10100100110111010110000",
          "10100100110111100110000"
        ]
      ],
      "old_collar_edges": [
        [
          "00100100110110111110000",
          "10000100110110111110000"
        ],
        [
          "00000110110110111110000",
          "10000110110110110110000"
        ],
        [
          "00100110110110110110000",
          "10100100110110110110000"
        ],
        [
          "00100110110101101110000",
          "00100110110110101110000"
        ],
        [
          "10100110110100101110000",
          "10100110110101100110000"
        ],
        [
          "00100110110111100110000",
          "10100110110110100110000"
        ],
        [
          "00100100110111011110000",
          "00100100110111101110000"
        ],
        [
          "10100100110111001110000",
          "10100100110111010110000"
        ],
        [
          "00100100110111110110000",
          "10100100110111100110000"
        ]
      ],
      "roles": [
        {
          "active": 15,
          "auxiliary_edge": [
            "00000110110110111110000",
            "10000110110110110110000"
          ],
          "collar": {
            "a": [
              "00100100110110111110000",
              "00000110110110111110000",
              "00100110110110110110000"
            ],
            "active": [
              16,
              6,
              2
            ],
            "b": [
              "10000100110110111110000",
              "10000110110110110110000",
              "10100100110110110110000"
            ],
            "core": "00000100110110110110000",
            "new": [
              [
                "00100100110110111110000",
                "10100100110110110110000"
              ],
              [
                "00000110110110111110000",
                "10000100110110111110000"
              ],
              [
                "00100110110110110110000",
                "10000110110110110110000"
              ]
            ],
            "old": [
              [
                "00100100110110111110000",
                "10000100110110111110000"
              ],
              [
                "00000110110110111110000",
                "10000110110110110110000"
              ],
              [
                "00100110110110110110000",
                "10100100110110110110000"
              ]
            ],
            "seam_y": 0
          },
          "h": "00100100110110100110000",
          "next_active": 6,
          "p": "00100110110110110110000",
          "q": "10100100110110110110000",
          "router_edge": [
            "00100110110110110110000",
            "10100100110110110110000"
          ],
          "z": 0
        },
        {
          "active": 6,
          "auxiliary_edge": [
            "10100110110100101110000",
            "10100110110101100110000"
          ],
          "collar": {
            "a": [
              "00100110110110101110000",
              "10100110110100101110000",
              "10100110110110100110000"
            ],
            "active": [
              16,
              0,
              12
            ],
            "b": [
              "00100110110101101110000",
              "10100110110101100110000",
              "00100110110111100110000"
            ],
            "core": "00100110110100100110000",
            "new": [
              [
                "00100110110110101110000",
                "00100110110111100110000"
              ],
              [
                "00100110110101101110000",
                "10100110110100101110000"
              ],
              [
                "10100110110101100110000",
                "10100110110110100110000"
              ]
            ],
            "old": [
              [
                "00100110110101101110000",
                "00100110110110101110000"
              ],
              [
                "10100110110100101110000",
                "10100110110101100110000"
              ],
              [
                "00100110110111100110000",
                "10100110110110100110000"
              ]
            ],
            "seam_y": 13
          },
          "h": "00100100110110100110000",
          "next_active": 13,
          "p": "00100110110111100110000",
          "q": "10100110110110100110000",
          "router_edge": [
            "00100110110111100110000",
            "10100110110110100110000"
          ],
          "z": 0
        },
        {
          "active": 13,
          "auxiliary_edge": [
            "10100100110111001110000",
            "10100100110111010110000"
          ],
          "collar": {
            "a": [
              "00100100110111101110000",
              "10100100110111001110000",
              "10100100110111100110000"
            ],
            "active": [
              16,
              0,
              14
            ],
            "b": [
              "00100100110111011110000",
              "10100100110111010110000",
              "00100100110111110110000"
            ],
            "core": "00100100110111000110000",
            "new": [
              [
                "00100100110111101110000",
                "00100100110111110110000"
              ],
              [
                "00100100110111011110000",
                "10100100110111001110000"
              ],
              [
                "10100100110111010110000",
                "10100100110111100110000"
              ]
            ],
            "old": [
              [
                "00100100110111011110000",
                "00100100110111101110000"
              ],
              [
                "10100100110111001110000",
                "10100100110111010110000"
              ],
              [
                "00100100110111110110000",
                "10100100110111100110000"
              ]
            ],
            "seam_y": 15
          },
          "h": "00100100110110100110000",
          "next_active": 15,
          "p": "00100100110111110110000",
          "q": "10100100110111100110000",
          "router_edge": [
            "00100100110111110110000",
            "10100100110111100110000"
          ],
          "z": 0
        }
      ],
      "router_cycles": [
        [
          "11010000110110110110000",
          "01010010110110110110000",
          "00110010110110110110000",
          "00100110110110110110000",
          "10100100110110110110000",
          "11000100110110110110000"
        ],
        [
          "11010010110110100110000",
          "01010010110111100110000",
          "00110010110111100110000",
          "00100110110111100110000",
          "10100110110110100110000",
          "11000110110110100110000"
        ],
        [
          "11010000110111100110000",
          "01010000110111110110000",
          "00110000110111110110000",
          "00100100110111110110000",
          "10100100110111100110000",
          "11000100110111100110000"
        ]
      ],
      "token_permutation": [
        0,
        2,
        1
      ],
      "x1": 1,
      "x2": 3,
      "y1": 2,
      "y2": 5,
      "z": 0
    },
    {
      "active": [
        15,
        6,
        13
      ],
      "after_edges": [
        [
          "01010010110010111110000",
          "11010000110010111110000"
        ],
        [
          "00110010110010111110000",
          "01010010110010111110000"
        ],
        [
          "00100110110010111110000",
          "00110010110010111110000"
        ],
        [
          "10100100110010111110000",
          "11000100110010111110000"
        ],
        [
          "11000100110010111110000",
          "11010000110010111110000"
        ],
        [
          "01010010110011101110000",
          "11010010110010101110000"
        ],
        [
          "00110010110011101110000",
          "01010010110011101110000"
        ],
        [
          "00100110110011101110000",
          "00110010110011101110000"
        ],
        [
          "10100110110010101110000",
          "11000110110010101110000"
        ],
        [
          "11000110110010101110000",
          "11010010110010101110000"
        ],
        [
          "01010000110011111110000",
          "11010000110011101110000"
        ],
        [
          "00110000110011111110000",
          "01010000110011111110000"
        ],
        [
          "00100100110011111110000",
          "00110000110011111110000"
        ],
        [
          "10100100110011101110000",
          "11000100110011101110000"
        ],
        [
          "11000100110011101110000",
          "11010000110011101110000"
        ],
        [
          "00100100110110111110000",
          "10100100110010111110000"
        ],
        [
          "00000110110110111110000",
          "10000100110110111110000"
        ],
        [
          "00100110110010111110000",
          "10000110110010111110000"
        ],
        [
          "00100110110011101110000",
          "00100110110110101110000"
        ],
        [
          "00100110110101101110000",
          "10100110110100101110000"
        ],
        [
          "10100110110001101110000",
          "10100110110010101110000"
        ],
        [
          "00100100110011111110000",
          "00100100110111101110000"
        ],
        [
          "00100100110111011110000",
          "10100100110111001110000"
        ],
        [
          "10100100110011011110000",
          "10100100110011101110000"
        ]
      ],
      "before_edges": [
        [
          "01010010110010111110000",
          "11010000110010111110000"
        ],
        [
          "00110010110010111110000",
          "01010010110010111110000"
        ],
        [
          "00100110110010111110000",
          "00110010110010111110000"
        ],
        [
          "00100110110010111110000",
          "10100100110010111110000"
        ],
        [
          "10100100110010111110000",
          "11000100110010111110000"
        ],
        [
          "11000100110010111110000",
          "11010000110010111110000"
        ],
        [
          "01010010110011101110000",
          "11010010110010101110000"
        ],
        [
          "00110010110011101110000",
          "01010010110011101110000"
        ],
        [
          "00100110110011101110000",
          "00110010110011101110000"
        ],
        [
          "00100110110011101110000",
          "10100110110010101110000"
        ],
        [
          "10100110110010101110000",
          "11000110110010101110000"
        ],
        [
          "11000110110010101110000",
          "11010010110010101110000"
        ],
        [
          "01010000110011111110000",
          "11010000110011101110000"
        ],
        [
          "00110000110011111110000",
          "01010000110011111110000"
        ],
        [
          "00100100110011111110000",
          "00110000110011111110000"
        ],
        [
          "00100100110011111110000",
          "10100100110011101110000"
        ],
        [
          "10100100110011101110000",
          "11000100110011101110000"
        ],
        [
          "11000100110011101110000",
          "11010000110011101110000"
        ],
        [
          "00100100110110111110000",
          "10000100110110111110000"
        ],
        [
          "00100110110101101110000",
          "00100110110110101110000"
        ],
        [
          "00100100110111011110000",
          "00100100110111101110000"
        ],
        [
          "00000110110110111110000",
          "10000110110010111110000"
        ],
        [
          "10100110110001101110000",
          "10100110110100101110000"
        ],
        [
          "10100100110011011110000",
          "10100100110111001110000"
        ]
      ],
      "h": "00100100110010101110000",
      "k": "01010000110010101110000",
      "new_collar_edges": [
        [
          "00100100110110111110000",
          "10100100110010111110000"
        ],
        [
          "00000110110110111110000",
          "10000100110110111110000"
        ],
        [
          "00100110110010111110000",
          "10000110110010111110000"
        ],
        [
          "00100110110011101110000",
          "00100110110110101110000"
        ],
        [
          "00100110110101101110000",
          "10100110110100101110000"
        ],
        [
          "10100110110001101110000",
          "10100110110010101110000"
        ],
        [
          "00100100110011111110000",
          "00100100110111101110000"
        ],
        [
          "00100100110111011110000",
          "10100100110111001110000"
        ],
        [
          "10100100110011011110000",
          "10100100110011101110000"
        ]
      ],
      "old_collar_edges": [
        [
          "00100100110110111110000",
          "10000100110110111110000"
        ],
        [
          "00000110110110111110000",
          "10000110110010111110000"
        ],
        [
          "00100110110010111110000",
          "10100100110010111110000"
        ],
        [
          "00100110110101101110000",
          "00100110110110101110000"
        ],
        [
          "10100110110001101110000",
          "10100110110100101110000"
        ],
        [
          "00100110110011101110000",
          "10100110110010101110000"
        ],
        [
          "00100100110111011110000",
          "00100100110111101110000"
        ],
        [
          "10100100110011011110000",
          "10100100110111001110000"
        ],
        [
          "00100100110011111110000",
          "10100100110011101110000"
        ]
      ],
      "roles": [
        {
          "active": 15,
          "auxiliary_edge": [
            "00000110110110111110000",
            "10000110110010111110000"
          ],
          "collar": {
            "a": [
              "00100100110110111110000",
              "00000110110110111110000",
              "00100110110010111110000"
            ],
            "active": [
              11,
              6,
              2
            ],
            "b": [
              "10000100110110111110000",
              "10000110110010111110000",
              "10100100110010111110000"
            ],
            "core": "00000100110010111110000",
            "new": [
              [
                "00100100110110111110000",
                "10100100110010111110000"
              ],
              [
                "00000110110110111110000",
                "10000100110110111110000"
              ],
              [
                "00100110110010111110000",
                "10000110110010111110000"
              ]
            ],
            "old": [
              [
                "00100100110110111110000",
                "10000100110110111110000"
              ],
              [
                "00000110110110111110000",
                "10000110110010111110000"
              ],
              [
                "00100110110010111110000",
                "10100100110010111110000"
              ]
            ],
            "seam_y": 0
          },
          "h": "00100100110010101110000",
          "next_active": 6,
          "p": "00100110110010111110000",
          "q": "10100100110010111110000",
          "router_edge": [
            "00100110110010111110000",
            "10100100110010111110000"
          ],
          "z": 0
        },
        {
          "active": 6,
          "auxiliary_edge": [
            "10100110110001101110000",
            "10100110110100101110000"
          ],
          "collar": {
            "a": [
              "00100110110110101110000",
              "10100110110100101110000",
              "10100110110010101110000"
            ],
            "active": [
              11,
              0,
              12
            ],
            "b": [
              "00100110110101101110000",
              "10100110110001101110000",
              "00100110110011101110000"
            ],
            "core": "00100110110000101110000",
            "new": [
              [
                "00100110110011101110000",
                "00100110110110101110000"
              ],
              [
                "00100110110101101110000",
                "10100110110100101110000"
              ],
              [
                "10100110110001101110000",
                "10100110110010101110000"
              ]
            ],
            "old": [
              [
                "00100110110101101110000",
                "00100110110110101110000"
              ],
              [
                "10100110110001101110000",
                "10100110110100101110000"
              ],
              [
                "00100110110011101110000",
                "10100110110010101110000"
              ]
            ],
            "seam_y": 13
          },
          "h": "00100100110010101110000",
          "next_active": 13,
          "p": "00100110110011101110000",
          "q": "10100110110010101110000",
          "router_edge": [
            "00100110110011101110000",
            "10100110110010101110000"
          ],
          "z": 0
        },
        {
          "active": 13,
          "auxiliary_edge": [
            "10100100110011011110000",
            "10100100110111001110000"
          ],
          "collar": {
            "a": [
              "00100100110111101110000",
              "10100100110111001110000",
              "10100100110011101110000"
            ],
            "active": [
              11,
              0,
              14
            ],
            "b": [
              "00100100110111011110000",
              "10100100110011011110000",
              "00100100110011111110000"
            ],
            "core": "00100100110011001110000",
            "new": [
              [
                "00100100110011111110000",
                "00100100110111101110000"
              ],
              [
                "00100100110111011110000",
                "10100100110111001110000"
              ],
              [
                "10100100110011011110000",
                "10100100110011101110000"
              ]
            ],
            "old": [
              [
                "00100100110111011110000",
                "00100100110111101110000"
              ],
              [
                "10100100110011011110000",
                "10100100110111001110000"
              ],
              [
                "00100100110011111110000",
                "10100100110011101110000"
              ]
            ],
            "seam_y": 15
          },
          "h": "00100100110010101110000",
          "next_active": 15,
          "p": "00100100110011111110000",
          "q": "10100100110011101110000",
          "router_edge": [
            "00100100110011111110000",
            "10100100110011101110000"
          ],
          "z": 0
        }
      ],
      "router_cycles": [
        [
          "11010000110010111110000",
          "01010010110010111110000",
          "00110010110010111110000",
          "00100110110010111110000",
          "10100100110010111110000",
          "11000100110010111110000"
        ],
        [
          "11010010110010101110000",
          "01010010110011101110000",
          "00110010110011101110000",
          "00100110110011101110000",
          "10100110110010101110000",
          "11000110110010101110000"
        ],
        [
          "11010000110011101110000",
          "01010000110011111110000",
          "00110000110011111110000",
          "00100100110011111110000",
          "10100100110011101110000",
          "11000100110011101110000"
        ]
      ],
      "token_permutation": [
        0,
        2,
        1
      ],
      "x1": 1,
      "x2": 3,
      "y1": 2,
      "y2": 5,
      "z": 0
    },
    {
      "active": [
        15,
        6,
        13
      ],
      "after_edges": [
        [
          "01010010110110111100000",
          "11010000110110111100000"
        ],
        [
          "00110010110110111100000",
          "01010010110110111100000"
        ],
        [
          "00100110110110111100000",
          "00110010110110111100000"
        ],
        [
          "10100100110110111100000",
          "11000100110110111100000"
        ],
        [
          "11000100110110111100000",
          "11010000110110111100000"
        ],
        [
          "01010010110111101100000",
          "11010010110110101100000"
        ],
        [
          "00110010110111101100000",
          "01010010110111101100000"
        ],
        [
          "00100110110111101100000",
          "00110010110111101100000"
        ],
        [
          "10100110110110101100000",
          "11000110110110101100000"
        ],
        [
          "11000110110110101100000",
          "11010010110110101100000"
        ],
        [
          "01010000110111111100000",
          "11010000110111101100000"
        ],
        [
          "00110000110111111100000",
          "01010000110111111100000"
        ],
        [
          "00100100110111111100000",
          "00110000110111111100000"
        ],
        [
          "10100100110111101100000",
          "11000100110111101100000"
        ],
        [
          "11000100110111101100000",
          "11010000110111101100000"
        ],
        [
          "00100100110110111110000",
          "10100100110110111100000"
        ],
        [
          "00000110110110111110000",
          "10000100110110111110000"
        ],
        [
          "00100110110110111100000",
          "10000110110110111100000"
        ],
        [
          "00100110110110101110000",
          "00100110110111101100000"
        ],
        [
          "00100110110101101110000",
          "10100110110100101110000"
        ],
        [
          "10100110110101101100000",
          "10100110110110101100000"
        ],
        [
          "00100100110111101110000",
          "00100100110111111100000"
        ],
        [
          "00100100110111011110000",
          "10100100110111001110000"
        ],
        [
          "10100100110111011100000",
          "10100100110111101100000"
        ]
      ],
      "before_edges": [
        [
          "01010010110110111100000",
          "11010000110110111100000"
        ],
        [
          "00110010110110111100000",
          "01010010110110111100000"
        ],
        [
          "00100110110110111100000",
          "00110010110110111100000"
        ],
        [
          "00100110110110111100000",
          "10100100110110111100000"
        ],
        [
          "10100100110110111100000",
          "11000100110110111100000"
        ],
        [
          "11000100110110111100000",
          "11010000110110111100000"
        ],
        [
          "01010010110111101100000",
          "11010010110110101100000"
        ],
        [
          "00110010110111101100000",
          "01010010110111101100000"
        ],
        [
          "00100110110111101100000",
          "00110010110111101100000"
        ],
        [
          "00100110110111101100000",
          "10100110110110101100000"
        ],
        [
          "10100110110110101100000",
          "11000110110110101100000"
        ],
        [
          "11000110110110101100000",
          "11010010110110101100000"
        ],
        [
          "01010000110111111100000",
          "11010000110111101100000"
        ],
        [
          "00110000110111111100000",
          "01010000110111111100000"
        ],
        [
          "00100100110111111100000",
          "00110000110111111100000"
        ],
        [
          "00100100110111111100000",
          "10100100110111101100000"
        ],
        [
          "10100100110111101100000",
          "11000100110111101100000"
        ],
        [
          "11000100110111101100000",
          "11010000110111101100000"
        ],
        [
          "00100100110110111110000",
          "10000100110110111110000"
        ],
        [
          "00100110110101101110000",
          "00100110110110101110000"
        ],
        [
          "00100100110111011110000",
          "00100100110111101110000"
        ],
        [
          "00000110110110111110000",
          "10000110110110111100000"
        ],
        [
          "10100110110100101110000",
          "10100110110101101100000"
        ],
        [
          "10100100110111001110000",
          "10100100110111011100000"
        ]
      ],
      "h": "00100100110110101100000",
      "k": "01010000110110101100000",
      "new_collar_edges": [
        [
          "00100100110110111110000",
          "10100100110110111100000"
        ],
        [
          "00000110110110111110000",
          "10000100110110111110000"
        ],
        [
          "00100110110110111100000",
          "10000110110110111100000"
        ],
        [
          "00100110110110101110000",
          "00100110110111101100000"
        ],
        [
          "00100110110101101110000",
          "10100110110100101110000"
        ],
        [
          "10100110110101101100000",
          "10100110110110101100000"
        ],
        [
          "00100100110111101110000",
          "00100100110111111100000"
        ],
        [
          "00100100110111011110000",
          "10100100110111001110000"
        ],
        [
          "10100100110111011100000",
          "10100100110111101100000"
        ]
      ],
      "old_collar_edges": [
        [
          "00100100110110111110000",
          "10000100110110111110000"
        ],
        [
          "00000110110110111110000",
          "10000110110110111100000"
        ],
        [
          "00100110110110111100000",
          "10100100110110111100000"
        ],
        [
          "00100110110101101110000",
          "00100110110110101110000"
        ],
        [
          "10100110110100101110000",
          "10100110110101101100000"
        ],
        [
          "00100110110111101100000",
          "10100110110110101100000"
        ],
        [
          "00100100110111011110000",
          "00100100110111101110000"
        ],
        [
          "10100100110111001110000",
          "10100100110111011100000"
        ],
        [
          "00100100110111111100000",
          "10100100110111101100000"
        ]
      ],
      "roles": [
        {
          "active": 15,
          "auxiliary_edge": [
            "00000110110110111110000",
            "10000110110110111100000"
          ],
          "collar": {
            "a": [
              "00100100110110111110000",
              "00000110110110111110000",
              "00100110110110111100000"
            ],
            "active": [
              18,
              6,
              2
            ],
            "b": [
              "10000100110110111110000",
              "10000110110110111100000",
              "10100100110110111100000"
            ],
            "core": "00000100110110111100000",
            "new": [
              [
                "00100100110110111110000",
                "10100100110110111100000"
              ],
              [
                "00000110110110111110000",
                "10000100110110111110000"
              ],
              [
                "00100110110110111100000",
                "10000110110110111100000"
              ]
            ],
            "old": [
              [
                "00100100110110111110000",
                "10000100110110111110000"
              ],
              [
                "00000110110110111110000",
                "10000110110110111100000"
              ],
              [
                "00100110110110111100000",
                "10100100110110111100000"
              ]
            ],
            "seam_y": 0
          },
          "h": "00100100110110101100000",
          "next_active": 6,
          "p": "00100110110110111100000",
          "q": "10100100110110111100000",
          "router_edge": [
            "00100110110110111100000",
            "10100100110110111100000"
          ],
          "z": 0
        },
        {
          "active": 6,
          "auxiliary_edge": [
            "10100110110100101110000",
            "10100110110101101100000"
          ],
          "collar": {
            "a": [
              "00100110110110101110000",
              "10100110110100101110000",
              "10100110110110101100000"
            ],
            "active": [
              18,
              0,
              12
            ],
            "b": [
              "00100110110101101110000",
              "10100110110101101100000",
              "00100110110111101100000"
            ],
            "core": "00100110110100101100000",
            "new": [
              [
                "00100110110110101110000",
                "00100110110111101100000"
              ],
              [
                "00100110110101101110000",
                "10100110110100101110000"
              ],
              [
                "10100110110101101100000",
                "10100110110110101100000"
              ]
            ],
            "old": [
              [
                "00100110110101101110000",
                "00100110110110101110000"
              ],
              [
                "10100110110100101110000",
                "10100110110101101100000"
              ],
              [
                "00100110110111101100000",
                "10100110110110101100000"
              ]
            ],
            "seam_y": 13
          },
          "h": "00100100110110101100000",
          "next_active": 13,
          "p": "00100110110111101100000",
          "q": "10100110110110101100000",
          "router_edge": [
            "00100110110111101100000",
            "10100110110110101100000"
          ],
          "z": 0
        },
        {
          "active": 13,
          "auxiliary_edge": [
            "10100100110111001110000",
            "10100100110111011100000"
          ],
          "collar": {
            "a": [
              "00100100110111101110000",
              "10100100110111001110000",
              "10100100110111101100000"
            ],
            "active": [
              18,
              0,
              14
            ],
            "b": [
              "00100100110111011110000",
              "10100100110111011100000",
              "00100100110111111100000"
            ],
            "core": "00100100110111001100000",
            "new": [
              [
                "00100100110111101110000",
                "00100100110111111100000"
              ],
              [
                "00100100110111011110000",
                "10100100110111001110000"
              ],
              [
                "10100100110111011100000",
                "10100100110111101100000"
              ]
            ],
            "old": [
              [
                "00100100110111011110000",
                "00100100110111101110000"
              ],
              [
                "10100100110111001110000",
                "10100100110111011100000"
              ],
              [
                "00100100110111111100000",
                "10100100110111101100000"
              ]
            ],
            "seam_y": 15
          },
          "h": "00100100110110101100000",
          "next_active": 15,
          "p": "00100100110111111100000",
          "q": "10100100110111101100000",
          "router_edge": [
            "00100100110111111100000",
            "10100100110111101100000"
          ],
          "z": 0
        }
      ],
      "router_cycles": [
        [
          "11010000110110111100000",
          "01010010110110111100000",
          "00110010110110111100000",
          "00100110110110111100000",
          "10100100110110111100000",
          "11000100110110111100000"
        ],
        [
          "11010010110110101100000",
          "01010010110111101100000",
          "00110010110111101100000",
          "00100110110111101100000",
          "10100110110110101100000",
          "11000110110110101100000"
        ],
        [
          "11010000110111101100000",
          "01010000110111111100000",
          "00110000110111111100000",
          "00100100110111111100000",
          "10100100110111101100000",
          "11000100110111101100000"
        ]
      ],
      "token_permutation": [
        0,
        2,
        1
      ],
      "x1": 1,
      "x2": 3,
      "y1": 2,
      "y2": 5,
      "z": 0
    },
    {
      "active": [
        15,
        6,
        13
      ],
      "after_edges": [
        [
          "01010010010110111110000",
          "11010000010110111110000"
        ],
        [
          "00110010010110111110000",
          "01010010010110111110000"
        ],
        [
          "00100010110110111110000",
          "00110010010110111110000"
        ],
        [
          "10100000110110111110000",
          "11000000110110111110000"
        ],
        [
          "11000000110110111110000",
          "11010000010110111110000"
        ],
        [
          "01010010010111101110000",
          "11010010010110101110000"
        ],
        [
          "00110010010111101110000",
          "01010010010111101110000"
        ],
        [
          "00100010110111101110000",
          "00110010010111101110000"
        ],
        [
          "10100010110110101110000",
          "11000010110110101110000"
        ],
        [
          "11000010110110101110000",
          "11010010010110101110000"
        ],
        [
          "01010000010111111110000",
          "11010000010111101110000"
        ],
        [
          "00110000010111111110000",
          "01010000010111111110000"
        ],
        [
          "00100000110111111110000",
          "00110000010111111110000"
        ],
        [
          "10100000110111101110000",
          "11000000110111101110000"
        ],
        [
          "11000000110111101110000",
          "11010000010111101110000"
        ],
        [
          "00100100110110111110000",
          "10100000110110111110000"
        ],
        [
          "00000110110110111110000",
          "10000100110110111110000"
        ],
        [
          "00100010110110111110000",
          "10000010110110111110000"
        ],
        [
          "00100010110111101110000",
          "00100110110110101110000"
        ],
        [
          "00100110110101101110000",
          "10100110110100101110000"
        ],
        [
          "10100010110101101110000",
          "10100010110110101110000"
        ],
        [
          "00100000110111111110000",
          "00100100110111101110000"
        ],
        [
          "00100100110111011110000",
          "10100100110111001110000"
        ],
        [
          "10100000110111011110000",
          "10100000110111101110000"
        ]
      ],
      "before_edges": [
        [
          "01010010010110111110000",
          "11010000010110111110000"
        ],
        [
          "00110010010110111110000",
          "01010010010110111110000"
        ],
        [
          "00100010110110111110000",
          "00110010010110111110000"
        ],
        [
          "00100010110110111110000",
          "10100000110110111110000"
        ],
        [
          "10100000110110111110000",
          "11000000110110111110000"
        ],
        [
          "11000000110110111110000",
          "11010000010110111110000"
        ],
        [
          "01010010010111101110000",
          "11010010010110101110000"
        ],
        [
          "00110010010111101110000",
          "01010010010111101110000"
        ],
        [
          "00100010110111101110000",
          "00110010010111101110000"
        ],
        [
          "00100010110111101110000",
          "10100010110110101110000"
        ],
        [
          "10100010110110101110000",
          "11000010110110101110000"
        ],
        [
          "11000010110110101110000",
          "11010010010110101110000"
        ],
        [
          "01010000010111111110000",
          "11010000010111101110000"
        ],
        [
          "00110000010111111110000",
          "01010000010111111110000"
        ],
        [
          "00100000110111111110000",
          "00110000010111111110000"
        ],
        [
          "00100000110111111110000",
          "10100000110111101110000"
        ],
        [
          "10100000110111101110000",
          "11000000110111101110000"
        ],
        [
          "11000000110111101110000",
          "11010000010111101110000"
        ],
        [
          "00100100110110111110000",
          "10000100110110111110000"
        ],
        [
          "00100110110101101110000",
          "00100110110110101110000"
        ],
        [
          "00100100110111011110000",
          "00100100110111101110000"
        ],
        [
          "00000110110110111110000",
          "10000010110110111110000"
        ],
        [
          "10100010110101101110000",
          "10100110110100101110000"
        ],
        [
          "10100000110111011110000",
          "10100100110111001110000"
        ]
      ],
      "h": "00100000110110101110000",
      "k": "01010000010110101110000",
      "new_collar_edges": [
        [
          "00100100110110111110000",
          "10100000110110111110000"
        ],
        [
          "00000110110110111110000",
          "10000100110110111110000"
        ],
        [
          "00100010110110111110000",
          "10000010110110111110000"
        ],
        [
          "00100010110111101110000",
          "00100110110110101110000"
        ],
        [
          "00100110110101101110000",
          "10100110110100101110000"
        ],
        [
          "10100010110101101110000",
          "10100010110110101110000"
        ],
        [
          "00100000110111111110000",
          "00100100110111101110000"
        ],
        [
          "00100100110111011110000",
          "10100100110111001110000"
        ],
        [
          "10100000110111011110000",
          "10100000110111101110000"
        ]
      ],
      "old_collar_edges": [
        [
          "00100100110110111110000",
          "10000100110110111110000"
        ],
        [
          "00000110110110111110000",
          "10000010110110111110000"
        ],
        [
          "00100010110110111110000",
          "10100000110110111110000"
        ],
        [
          "00100110110101101110000",
          "00100110110110101110000"
        ],
        [
          "10100010110101101110000",
          "10100110110100101110000"
        ],
        [
          "00100010110111101110000",
          "10100010110110101110000"
        ],
        [
          "00100100110111011110000",
          "00100100110111101110000"
        ],
        [
          "10100000110111011110000",
          "10100100110111001110000"
        ],
        [
          "00100000110111111110000",
          "10100000110111101110000"
        ]
      ],
      "roles": [
        {
          "active": 15,
          "auxiliary_edge": [
            "00000110110110111110000",
            "10000010110110111110000"
          ],
          "collar": {
            "a": [
              "00100100110110111110000",
              "00000110110110111110000",
              "00100010110110111110000"
            ],
            "active": [
              5,
              6,
              2
            ],
            "b": [
              "10000100110110111110000",
              "10000010110110111110000",
              "10100000110110111110000"
            ],
            "core": "00000000110110111110000",
            "new": [
              [
                "00100100110110111110000",
                "10100000110110111110000"
              ],
              [
                "00000110110110111110000",
                "10000100110110111110000"
              ],
              [
                "00100010110110111110000",
                "10000010110110111110000"
              ]
            ],
            "old": [
              [
                "00100100110110111110000",
                "10000100110110111110000"
              ],
              [
                "00000110110110111110000",
                "10000010110110111110000"
              ],
              [
                "00100010110110111110000",
                "10100000110110111110000"
              ]
            ],
            "seam_y": 0
          },
          "h": "00100000110110101110000",
          "next_active": 6,
          "p": "00100010110110111110000",
          "q": "10100000110110111110000",
          "router_edge": [
            "00100010110110111110000",
            "10100000110110111110000"
          ],
          "z": 0
        },
        {
          "active": 6,
          "auxiliary_edge": [
            "10100010110101101110000",
            "10100110110100101110000"
          ],
          "collar": {
            "a": [
              "00100110110110101110000",
              "10100110110100101110000",
              "10100010110110101110000"
            ],
            "active": [
              5,
              0,
              12
            ],
            "b": [
              "00100110110101101110000",
              "10100010110101101110000",
              "00100010110111101110000"
            ],
            "core": "00100010110100101110000",
            "new": [
              [
                "00100010110111101110000",
                "00100110110110101110000"
              ],
              [
                "00100110110101101110000",
                "10100110110100101110000"
              ],
              [
                "10100010110101101110000",
                "10100010110110101110000"
              ]
            ],
            "old": [
              [
                "00100110110101101110000",
                "00100110110110101110000"
              ],
              [
                "10100010110101101110000",
                "10100110110100101110000"
              ],
              [
                "00100010110111101110000",
                "10100010110110101110000"
              ]
            ],
            "seam_y": 13
          },
          "h": "00100000110110101110000",
          "next_active": 13,
          "p": "00100010110111101110000",
          "q": "10100010110110101110000",
          "router_edge": [
            "00100010110111101110000",
            "10100010110110101110000"
          ],
          "z": 0
        },
        {
          "active": 13,
          "auxiliary_edge": [
            "10100000110111011110000",
            "10100100110111001110000"
          ],
          "collar": {
            "a": [
              "00100100110111101110000",
              "10100100110111001110000",
              "10100000110111101110000"
            ],
            "active": [
              5,
              0,
              14
            ],
            "b": [
              "00100100110111011110000",
              "10100000110111011110000",
              "00100000110111111110000"
            ],
            "core": "00100000110111001110000",
            "new": [
              [
                "00100000110111111110000",
                "00100100110111101110000"
              ],
              [
                "00100100110111011110000",
                "10100100110111001110000"
              ],
              [
                "10100000110111011110000",
                "10100000110111101110000"
              ]
            ],
            "old": [
              [
                "00100100110111011110000",
                "00100100110111101110000"
              ],
              [
                "10100000110111011110000",
                "10100100110111001110000"
              ],
              [
                "00100000110111111110000",
                "10100000110111101110000"
              ]
            ],
            "seam_y": 15
          },
          "h": "00100000110110101110000",
          "next_active": 15,
          "p": "00100000110111111110000",
          "q": "10100000110111101110000",
          "router_edge": [
            "00100000110111111110000",
            "10100000110111101110000"
          ],
          "z": 0
        }
      ],
      "router_cycles": [
        [
          "11010000010110111110000",
          "01010010010110111110000",
          "00110010010110111110000",
          "00100010110110111110000",
          "10100000110110111110000",
          "11000000110110111110000"
        ],
        [
          "11010010010110101110000",
          "01010010010111101110000",
          "00110010010111101110000",
          "00100010110111101110000",
          "10100010110110101110000",
          "11000010110110101110000"
        ],
        [
          "11010000010111101110000",
          "01010000010111111110000",
          "00110000010111111110000",
          "00100000110111111110000",
          "10100000110111101110000",
          "11000000110111101110000"
        ]
      ],
      "token_permutation": [
        0,
        2,
        1
      ],
      "x1": 1,
      "x2": 3,
      "y1": 2,
      "y2": 8,
      "z": 0
    },
    {
      "active": [
        15,
        6,
        13
      ],
      "after_edges": [
        [
          "01010010100110111110000",
          "11010000100110111110000"
        ],
        [
          "00110010100110111110000",
          "01010010100110111110000"
        ],
        [
          "00100110100110111110000",
          "00110010100110111110000"
        ],
        [
          "10100100100110111110000",
          "11000100100110111110000"
        ],
        [
          "11000100100110111110000",
          "11010000100110111110000"
        ],
        [
          "01010010100111101110000",
          "11010010100110101110000"
        ],
        [
          "00110010100111101110000",
          "01010010100111101110000"
        ],
        [
          "00100110100111101110000",
          "00110010100111101110000"
        ],
        [
          "10100110100110101110000",
          "11000110100110101110000"
        ],
        [
          "11000110100110101110000",
          "11010010100110101110000"
        ],
        [
          "01010000100111111110000",
          "11010000100111101110000"
        ],
        [
          "00110000100111111110000",
          "01010000100111111110000"
        ],
        [
          "00100100100111111110000",
          "00110000100111111110000"
        ],
        [
          "10100100100111101110000",
          "11000100100111101110000"
        ],
        [
          "11000100100111101110000",
          "11010000100111101110000"
        ],
        [
          "00100100110110111110000",
          "10100100100110111110000"
        ],
        [
          "00000110110110111110000",
          "10000100110110111110000"
        ],
        [
          "00100110100110111110000",
          "10000110100110111110000"
        ],
        [
          "00100110100111101110000",
          "00100110110110101110000"
        ],
        [
          "00100110110101101110000",
          "10100110110100101110000"
        ],
        [
          "10100110100101101110000",
          "10100110100110101110000"
        ],
        [
          "00100100100111111110000",
          "00100100110111101110000"
        ],
        [
          "00100100110111011110000",
          "10100100110111001110000"
        ],
        [
          "10100100100111011110000",
          "10100100100111101110000"
        ]
      ],
      "before_edges": [
        [
          "01010010100110111110000",
          "11010000100110111110000"
        ],
        [
          "00110010100110111110000",
          "01010010100110111110000"
        ],
        [
          "00100110100110111110000",
          "00110010100110111110000"
        ],
        [
          "00100110100110111110000",
          "10100100100110111110000"
        ],
        [
          "10100100100110111110000",
          "11000100100110111110000"
        ],
        [
          "11000100100110111110000",
          "11010000100110111110000"
        ],
        [
          "01010010100111101110000",
          "11010010100110101110000"
        ],
        [
          "00110010100111101110000",
          "01010010100111101110000"
        ],
        [
          "00100110100111101110000",
          "00110010100111101110000"
        ],
        [
          "00100110100111101110000",
          "10100110100110101110000"
        ],
        [
          "10100110100110101110000",
          "11000110100110101110000"
        ],
        [
          "11000110100110101110000",
          "11010010100110101110000"
        ],
        [
          "01010000100111111110000",
          "11010000100111101110000"
        ],
        [
          "00110000100111111110000",
          "01010000100111111110000"
        ],
        [
          "00100100100111111110000",
          "00110000100111111110000"
        ],
        [
          "00100100100111111110000",
          "10100100100111101110000"
        ],
        [
          "10100100100111101110000",
          "11000100100111101110000"
        ],
        [
          "11000100100111101110000",
          "11010000100111101110000"
        ],
        [
          "00100100110110111110000",
          "10000100110110111110000"
        ],
        [
          "00100110110101101110000",
          "00100110110110101110000"
        ],
        [
          "00100100110111011110000",
          "00100100110111101110000"
        ],
        [
          "00000110110110111110000",
          "10000110100110111110000"
        ],
        [
          "10100110100101101110000",
          "10100110110100101110000"
        ],
        [
          "10100100100111011110000",
          "10100100110111001110000"
        ]
      ],
      "h": "00100100100110101110000",
      "k": "01010000100110101110000",
      "new_collar_edges": [
        [
          "00100100110110111110000",
          "10100100100110111110000"
        ],
        [
          "00000110110110111110000",
          "10000100110110111110000"
        ],
        [
          "00100110100110111110000",
          "10000110100110111110000"
        ],
        [
          "00100110100111101110000",
          "00100110110110101110000"
        ],
        [
          "00100110110101101110000",
          "10100110110100101110000"
        ],
        [
          "10100110100101101110000",
          "10100110100110101110000"
        ],
        [
          "00100100100111111110000",
          "00100100110111101110000"
        ],
        [
          "00100100110111011110000",
          "10100100110111001110000"
        ],
        [
          "10100100100111011110000",
          "10100100100111101110000"
        ]
      ],
      "old_collar_edges": [
        [
          "00100100110110111110000",
          "10000100110110111110000"
        ],
        [
          "00000110110110111110000",
          "10000110100110111110000"
        ],
        [
          "00100110100110111110000",
          "10100100100110111110000"
        ],
        [
          "00100110110101101110000",
          "00100110110110101110000"
        ],
        [
          "10100110100101101110000",
          "10100110110100101110000"
        ],
        [
          "00100110100111101110000",
          "10100110100110101110000"
        ],
        [
          "00100100110111011110000",
          "00100100110111101110000"
        ],
        [
          "10100100100111011110000",
          "10100100110111001110000"
        ],
        [
          "00100100100111111110000",
          "10100100100111101110000"
        ]
      ],
      "roles": [
        {
          "active": 15,
          "auxiliary_edge": [
            "00000110110110111110000",
            "10000110100110111110000"
          ],
          "collar": {
            "a": [
              "00100100110110111110000",
              "00000110110110111110000",
              "00100110100110111110000"
            ],
            "active": [
              9,
              6,
              2
            ],
            "b": [
              "10000100110110111110000",
              "10000110100110111110000",
              "10100100100110111110000"
            ],
            "core": "00000100100110111110000",
            "new": [
              [
                "00100100110110111110000",
                "10100100100110111110000"
              ],
              [
                "00000110110110111110000",
                "10000100110110111110000"
              ],
              [
                "00100110100110111110000",
                "10000110100110111110000"
              ]
            ],
            "old": [
              [
                "00100100110110111110000",
                "10000100110110111110000"
              ],
              [
                "00000110110110111110000",
                "10000110100110111110000"
              ],
              [
                "00100110100110111110000",
                "10100100100110111110000"
              ]
            ],
            "seam_y": 0
          },
          "h": "00100100100110101110000",
          "next_active": 6,
          "p": "00100110100110111110000",
          "q": "10100100100110111110000",
          "router_edge": [
            "00100110100110111110000",
            "10100100100110111110000"
          ],
          "z": 0
        },
        {
          "active": 6,
          "auxiliary_edge": [
            "10100110100101101110000",
            "10100110110100101110000"
          ],
          "collar": {
            "a": [
              "00100110110110101110000",
              "10100110110100101110000",
              "10100110100110101110000"
            ],
            "active": [
              9,
              0,
              12
            ],
            "b": [
              "00100110110101101110000",
              "10100110100101101110000",
              "00100110100111101110000"
            ],
            "core": "00100110100100101110000",
            "new": [
              [
                "00100110100111101110000",
                "00100110110110101110000"
              ],
              [
                "00100110110101101110000",
                "10100110110100101110000"
              ],
              [
                "10100110100101101110000",
                "10100110100110101110000"
              ]
            ],
            "old": [
              [
                "00100110110101101110000",
                "00100110110110101110000"
              ],
              [
                "10100110100101101110000",
                "10100110110100101110000"
              ],
              [
                "00100110100111101110000",
                "10100110100110101110000"
              ]
            ],
            "seam_y": 13
          },
          "h": "00100100100110101110000",
          "next_active": 13,
          "p": "00100110100111101110000",
          "q": "10100110100110101110000",
          "router_edge": [
            "00100110100111101110000",
            "10100110100110101110000"
          ],
          "z": 0
        },
        {
          "active": 13,
          "auxiliary_edge": [
            "10100100100111011110000",
            "10100100110111001110000"
          ],
          "collar": {
            "a": [
              "00100100110111101110000",
              "10100100110111001110000",
              "10100100100111101110000"
            ],
            "active": [
              9,
              0,
              14
            ],
            "b": [
              "00100100110111011110000",
              "10100100100111011110000",
              "00100100100111111110000"
            ],
            "core": "00100100100111001110000",
            "new": [
              [
                "00100100100111111110000",
                "00100100110111101110000"
              ],
              [
                "00100100110111011110000",
                "10100100110111001110000"
              ],
              [
                "10100100100111011110000",
                "10100100100111101110000"
              ]
            ],
            "old": [
              [
                "00100100110111011110000",
                "00100100110111101110000"
              ],
              [
                "10100100100111011110000",
                "10100100110111001110000"
              ],
              [
                "00100100100111111110000",
                "10100100100111101110000"
              ]
            ],
            "seam_y": 15
          },
          "h": "00100100100110101110000",
          "next_active": 15,
          "p": "00100100100111111110000",
          "q": "10100100100111101110000",
          "router_edge": [
            "00100100100111111110000",
            "10100100100111101110000"
          ],
          "z": 0
        }
      ],
      "router_cycles": [
        [
          "11010000100110111110000",
          "01010010100110111110000",
          "00110010100110111110000",
          "00100110100110111110000",
          "10100100100110111110000",
          "11000100100110111110000"
        ],
        [
          "11010010100110101110000",
          "01010010100111101110000",
          "00110010100111101110000",
          "00100110100111101110000",
          "10100110100110101110000",
          "11000110100110101110000"
        ],
        [
          "11010000100111101110000",
          "01010000100111111110000",
          "00110000100111111110000",
          "00100100100111111110000",
          "10100100100111101110000",
          "11000100100111101110000"
        ]
      ],
      "token_permutation": [
        0,
        2,
        1
      ],
      "x1": 1,
      "x2": 3,
      "y1": 2,
      "y2": 5,
      "z": 0
    },
    {
      "active": [
        15,
        6,
        13
      ],
      "after_edges": [
        [
          "01010010110110111010000",
          "11010000110110111010000"
        ],
        [
          "00110010110110111010000",
          "01010010110110111010000"
        ],
        [
          "00100110110110111010000",
          "00110010110110111010000"
        ],
        [
          "10100100110110111010000",
          "11000100110110111010000"
        ],
        [
          "11000100110110111010000",
          "11010000110110111010000"
        ],
        [
          "01010010110111101010000",
          "11010010110110101010000"
        ],
        [
          "00110010110111101010000",
          "01010010110111101010000"
        ],
        [
          "00100110110111101010000",
          "00110010110111101010000"
        ],
        [
          "10100110110110101010000",
          "11000110110110101010000"
        ],
        [
          "11000110110110101010000",
          "11010010110110101010000"
        ],
        [
          "01010000110111111010000",
          "11010000110111101010000"
        ],
        [
          "00110000110111111010000",
          "01010000110111111010000"
        ],
        [
          "00100100110111111010000",
          "00110000110111111010000"
        ],
        [
          "10100100110111101010000",
          "11000100110111101010000"
        ],
        [
          "11000100110111101010000",
          "11010000110111101010000"
        ],
        [
          "00100100110110111110000",
          "10100100110110111010000"
        ],
        [
          "00000110110110111110000",
          "10000100110110111110000"
        ],
        [
          "00100110110110111010000",
          "10000110110110111010000"
        ],
        [
          "00100110110110101110000",
          "00100110110111101010000"
        ],
        [
          "00100110110101101110000",
          "10100110110100101110000"
        ],
        [
          "10100110110101101010000",
          "10100110110110101010000"
        ],
        [
          "00100100110111101110000",
          "00100100110111111010000"
        ],
        [
          "00100100110111011110000",
          "10100100110111001110000"
        ],
        [
          "10100100110111011010000",
          "10100100110111101010000"
        ]
      ],
      "before_edges": [
        [
          "01010010110110111010000",
          "11010000110110111010000"
        ],
        [
          "00110010110110111010000",
          "01010010110110111010000"
        ],
        [
          "00100110110110111010000",
          "00110010110110111010000"
        ],
        [
          "00100110110110111010000",
          "10100100110110111010000"
        ],
        [
          "10100100110110111010000",
          "11000100110110111010000"
        ],
        [
          "11000100110110111010000",
          "11010000110110111010000"
        ],
        [
          "01010010110111101010000",
          "11010010110110101010000"
        ],
        [
          "00110010110111101010000",
          "01010010110111101010000"
        ],
        [
          "00100110110111101010000",
          "00110010110111101010000"
        ],
        [
          "00100110110111101010000",
          "10100110110110101010000"
        ],
        [
          "10100110110110101010000",
          "11000110110110101010000"
        ],
        [
          "11000110110110101010000",
          "11010010110110101010000"
        ],
        [
          "01010000110111111010000",
          "11010000110111101010000"
        ],
        [
          "00110000110111111010000",
          "01010000110111111010000"
        ],
        [
          "00100100110111111010000",
          "00110000110111111010000"
        ],
        [
          "00100100110111111010000",
          "10100100110111101010000"
        ],
        [
          "10100100110111101010000",
          "11000100110111101010000"
        ],
        [
          "11000100110111101010000",
          "11010000110111101010000"
        ],
        [
          "00100100110110111110000",
          "10000100110110111110000"
        ],
        [
          "00100110110101101110000",
          "00100110110110101110000"
        ],
        [
          "00100100110111011110000",
          "00100100110111101110000"
        ],
        [
          "00000110110110111110000",
          "10000110110110111010000"
        ],
        [
          "10100110110100101110000",
          "10100110110101101010000"
        ],
        [
          "10100100110111001110000",
          "10100100110111011010000"
        ]
      ],
      "h": "00100100110110101010000",
      "k": "01010000110110101010000",
      "new_collar_edges": [
        [
          "00100100110110111110000",
          "10100100110110111010000"
        ],
        [
          "00000110110110111110000",
          "10000100110110111110000"
        ],
        [
          "00100110110110111010000",
          "10000110110110111010000"
        ],
        [
          "00100110110110101110000",
          "00100110110111101010000"
        ],
        [
          "00100110110101101110000",
          "10100110110100101110000"
        ],
        [
          "10100110110101101010000",
          "10100110110110101010000"
        ],
        [
          "00100100110111101110000",
          "00100100110111111010000"
        ],
        [
          "00100100110111011110000",
          "10100100110111001110000"
        ],
        [
          "10100100110111011010000",
          "10100100110111101010000"
        ]
      ],
      "old_collar_edges": [
        [
          "00100100110110111110000",
          "10000100110110111110000"
        ],
        [
          "00000110110110111110000",
          "10000110110110111010000"
        ],
        [
          "00100110110110111010000",
          "10100100110110111010000"
        ],
        [
          "00100110110101101110000",
          "00100110110110101110000"
        ],
        [
          "10100110110100101110000",
          "10100110110101101010000"
        ],
        [
          "00100110110111101010000",
          "10100110110110101010000"
        ],
        [
          "00100100110111011110000",
          "00100100110111101110000"
        ],
        [
          "10100100110111001110000",
          "10100100110111011010000"
        ],
        [
          "00100100110111111010000",
          "10100100110111101010000"
        ]
      ],
      "roles": [
        {
          "active": 15,
          "auxiliary_edge": [
            "00000110110110111110000",
            "10000110110110111010000"
          ],
          "collar": {
            "a": [
              "00100100110110111110000",
              "00000110110110111110000",
              "00100110110110111010000"
            ],
            "active": [
              17,
              6,
              2
            ],
            "b": [
              "10000100110110111110000",
              "10000110110110111010000",
              "10100100110110111010000"
            ],
            "core": "00000100110110111010000",
            "new": [
              [
                "00100100110110111110000",
                "10100100110110111010000"
              ],
              [
                "00000110110110111110000",
                "10000100110110111110000"
              ],
              [
                "00100110110110111010000",
                "10000110110110111010000"
              ]
            ],
            "old": [
              [
                "00100100110110111110000",
                "10000100110110111110000"
              ],
              [
                "00000110110110111110000",
                "10000110110110111010000"
              ],
              [
                "00100110110110111010000",
                "10100100110110111010000"
              ]
            ],
            "seam_y": 0
          },
          "h": "00100100110110101010000",
          "next_active": 6,
          "p": "00100110110110111010000",
          "q": "10100100110110111010000",
          "router_edge": [
            "00100110110110111010000",
            "10100100110110111010000"
          ],
          "z": 0
        },
        {
          "active": 6,
          "auxiliary_edge": [
            "10100110110100101110000",
            "10100110110101101010000"
          ],
          "collar": {
            "a": [
              "00100110110110101110000",
              "10100110110100101110000",
              "10100110110110101010000"
            ],
            "active": [
              17,
              0,
              12
            ],
            "b": [
              "00100110110101101110000",
              "10100110110101101010000",
              "00100110110111101010000"
            ],
            "core": "00100110110100101010000",
            "new": [
              [
                "00100110110110101110000",
                "00100110110111101010000"
              ],
              [
                "00100110110101101110000",
                "10100110110100101110000"
              ],
              [
                "10100110110101101010000",
                "10100110110110101010000"
              ]
            ],
            "old": [
              [
                "00100110110101101110000",
                "00100110110110101110000"
              ],
              [
                "10100110110100101110000",
                "10100110110101101010000"
              ],
              [
                "00100110110111101010000",
                "10100110110110101010000"
              ]
            ],
            "seam_y": 13
          },
          "h": "00100100110110101010000",
          "next_active": 13,
          "p": "00100110110111101010000",
          "q": "10100110110110101010000",
          "router_edge": [
            "00100110110111101010000",
            "10100110110110101010000"
          ],
          "z": 0
        },
        {
          "active": 13,
          "auxiliary_edge": [
            "10100100110111001110000",
            "10100100110111011010000"
          ],
          "collar": {
            "a": [
              "00100100110111101110000",
              "10100100110111001110000",
              "10100100110111101010000"
            ],
            "active": [
              17,
              0,
              14
            ],
            "b": [
              "00100100110111011110000",
              "10100100110111011010000",
              "00100100110111111010000"
            ],
            "core": "00100100110111001010000",
            "new": [
              [
                "00100100110111101110000",
                "00100100110111111010000"
              ],
              [
                "00100100110111011110000",
                "10100100110111001110000"
              ],
              [
                "10100100110111011010000",
                "10100100110111101010000"
              ]
            ],
            "old": [
              [
                "00100100110111011110000",
                "00100100110111101110000"
              ],
              [
                "10100100110111001110000",
                "10100100110111011010000"
              ],
              [
                "00100100110111111010000",
                "10100100110111101010000"
              ]
            ],
            "seam_y": 15
          },
          "h": "00100100110110101010000",
          "next_active": 15,
          "p": "00100100110111111010000",
          "q": "10100100110111101010000",
          "router_edge": [
            "00100100110111111010000",
            "10100100110111101010000"
          ],
          "z": 0
        }
      ],
      "router_cycles": [
        [
          "11010000110110111010000",
          "01010010110110111010000",
          "00110010110110111010000",
          "00100110110110111010000",
          "10100100110110111010000",
          "11000100110110111010000"
        ],
        [
          "11010010110110101010000",
          "01010010110111101010000",
          "00110010110111101010000",
          "00100110110111101010000",
          "10100110110110101010000",
          "11000110110110101010000"
        ],
        [
          "11010000110111101010000",
          "01010000110111111010000",
          "00110000110111111010000",
          "00100100110111111010000",
          "10100100110111101010000",
          "11000100110111101010000"
        ]
      ],
      "token_permutation": [
        0,
        2,
        1
      ],
      "x1": 1,
      "x2": 3,
      "y1": 2,
      "y2": 5,
      "z": 0
    },
    {
      "active": [
        15,
        6,
        13
      ],
      "after_edges": [
        [
          "01010010010110111110000",
          "11010000010110111110000"
        ],
        [
          "00110010010110111110000",
          "01010010010110111110000"
        ],
        [
          "00100110010110111110000",
          "00110010010110111110000"
        ],
        [
          "10100100010110111110000",
          "11000100010110111110000"
        ],
        [
          "11000100010110111110000",
          "11010000010110111110000"
        ],
        [
          "01010010010111101110000",
          "11010010010110101110000"
        ],
        [
          "00110010010111101110000",
          "01010010010111101110000"
        ],
        [
          "00100110010111101110000",
          "00110010010111101110000"
        ],
        [
          "10100110010110101110000",
          "11000110010110101110000"
        ],
        [
          "11000110010110101110000",
          "11010010010110101110000"
        ],
        [
          "01010000010111111110000",
          "11010000010111101110000"
        ],
        [
          "00110000010111111110000",
          "01010000010111111110000"
        ],
        [
          "00100100010111111110000",
          "00110000010111111110000"
        ],
        [
          "10100100010111101110000",
          "11000100010111101110000"
        ],
        [
          "11000100010111101110000",
          "11010000010111101110000"
        ],
        [
          "00100100110110111110000",
          "10100100010110111110000"
        ],
        [
          "00000110110110111110000",
          "10000100110110111110000"
        ],
        [
          "00100110010110111110000",
          "10000110010110111110000"
        ],
        [
          "00100110010111101110000",
          "00100110110110101110000"
        ],
        [
          "00100110110101101110000",
          "10100110110100101110000"
        ],
        [
          "10100110010101101110000",
          "10100110010110101110000"
        ],
        [
          "00100100010111111110000",
          "00100100110111101110000"
        ],
        [
          "00100100110111011110000",
          "10100100110111001110000"
        ],
        [
          "10100100010111011110000",
          "10100100010111101110000"
        ]
      ],
      "before_edges": [
        [
          "01010010010110111110000",
          "11010000010110111110000"
        ],
        [
          "00110010010110111110000",
          "01010010010110111110000"
        ],
        [
          "00100110010110111110000",
          "00110010010110111110000"
        ],
        [
          "00100110010110111110000",
          "10100100010110111110000"
        ],
        [
          "10100100010110111110000",
          "11000100010110111110000"
        ],
        [
          "11000100010110111110000",
          "11010000010110111110000"
        ],
        [
          "01010010010111101110000",
          "11010010010110101110000"
        ],
        [
          "00110010010111101110000",
          "01010010010111101110000"
        ],
        [
          "00100110010111101110000",
          "00110010010111101110000"
        ],
        [
          "00100110010111101110000",
          "10100110010110101110000"
        ],
        [
          "10100110010110101110000",
          "11000110010110101110000"
        ],
        [
          "11000110010110101110000",
          "11010010010110101110000"
        ],
        [
          "01010000010111111110000",
          "11010000010111101110000"
        ],
        [
          "00110000010111111110000",
          "01010000010111111110000"
        ],
        [
          "00100100010111111110000",
          "00110000010111111110000"
        ],
        [
          "00100100010111111110000",
          "10100100010111101110000"
        ],
        [
          "10100100010111101110000",
          "11000100010111101110000"
        ],
        [
          "11000100010111101110000",
          "11010000010111101110000"
        ],
        [
          "00100100110110111110000",
          "10000100110110111110000"
        ],
        [
          "00100110110101101110000",
          "00100110110110101110000"
        ],
        [
          "00100100110111011110000",
          "00100100110111101110000"
        ],
        [
          "00000110110110111110000",
          "10000110010110111110000"
        ],
        [
          "10100110010101101110000",
          "10100110110100101110000"
        ],
        [
          "10100100010111011110000",
          "10100100110111001110000"
        ]
      ],
      "h": "00100100010110101110000",
      "k": "01010000010110101110000",
      "new_collar_edges": [
        [
          "00100100110110111110000",
          "10100100010110111110000"
        ],
        [
          "00000110110110111110000",
          "10000100110110111110000"
        ],
        [
          "00100110010110111110000",
          "10000110010110111110000"
        ],
        [
          "00100110010111101110000",
          "00100110110110101110000"
        ],
        [
          "00100110110101101110000",
          "10100110110100101110000"
        ],
        [
          "10100110010101101110000",
          "10100110010110101110000"
        ],
        [
          "00100100010111111110000",
          "00100100110111101110000"
        ],
        [
          "00100100110111011110000",
          "10100100110111001110000"
        ],
        [
          "10100100010111011110000",
          "10100100010111101110000"
        ]
      ],
      "old_collar_edges": [
        [
          "00100100110110111110000",
          "10000100110110111110000"
        ],
        [
          "00000110110110111110000",
          "10000110010110111110000"
        ],
        [
          "00100110010110111110000",
          "10100100010110111110000"
        ],
        [
          "00100110110101101110000",
          "00100110110110101110000"
        ],
        [
          "10100110010101101110000",
          "10100110110100101110000"
        ],
        [
          "00100110010111101110000",
          "10100110010110101110000"
        ],
        [
          "00100100110111011110000",
          "00100100110111101110000"
        ],
        [
          "10100100010111011110000",
          "10100100110111001110000"
        ],
        [
          "00100100010111111110000",
          "10100100010111101110000"
        ]
      ],
      "roles": [
        {
          "active": 15,
          "auxiliary_edge": [
            "00000110110110111110000",
            "10000110010110111110000"
          ],
          "collar": {
            "a": [
              "00100100110110111110000",
              "00000110110110111110000",
              "00100110010110111110000"
            ],
            "active": [
              8,
              6,
              2
            ],
            "b": [
              "10000100110110111110000",
              "10000110010110111110000",
              "10100100010110111110000"
            ],
            "core": "00000100010110111110000",
            "new": [
              [
                "00100100110110111110000",
                "10100100010110111110000"
              ],
              [
                "00000110110110111110000",
                "10000100110110111110000"
              ],
              [
                "00100110010110111110000",
                "10000110010110111110000"
              ]
            ],
            "old": [
              [
                "00100100110110111110000",
                "10000100110110111110000"
              ],
              [
                "00000110110110111110000",
                "10000110010110111110000"
              ],
              [
                "00100110010110111110000",
                "10100100010110111110000"
              ]
            ],
            "seam_y": 0
          },
          "h": "00100100010110101110000",
          "next_active": 6,
          "p": "00100110010110111110000",
          "q": "10100100010110111110000",
          "router_edge": [
            "00100110010110111110000",
            "10100100010110111110000"
          ],
          "z": 0
        },
        {
          "active": 6,
          "auxiliary_edge": [
            "10100110010101101110000",
            "10100110110100101110000"
          ],
          "collar": {
            "a": [
              "00100110110110101110000",
              "10100110110100101110000",
              "10100110010110101110000"
            ],
            "active": [
              8,
              0,
              12
            ],
            "b": [
              "00100110110101101110000",
              "10100110010101101110000",
              "00100110010111101110000"
            ],
            "core": "00100110010100101110000",
            "new": [
              [
                "00100110010111101110000",
                "00100110110110101110000"
              ],
              [
                "00100110110101101110000",
                "10100110110100101110000"
              ],
              [
                "10100110010101101110000",
                "10100110010110101110000"
              ]
            ],
            "old": [
              [
                "00100110110101101110000",
                "00100110110110101110000"
              ],
              [
                "10100110010101101110000",
                "10100110110100101110000"
              ],
              [
                "00100110010111101110000",
                "10100110010110101110000"
              ]
            ],
            "seam_y": 13
          },
          "h": "00100100010110101110000",
          "next_active": 13,
          "p": "00100110010111101110000",
          "q": "10100110010110101110000",
          "router_edge": [
            "00100110010111101110000",
            "10100110010110101110000"
          ],
          "z": 0
        },
        {
          "active": 13,
          "auxiliary_edge": [
            "10100100010111011110000",
            "10100100110111001110000"
          ],
          "collar": {
            "a": [
              "00100100110111101110000",
              "10100100110111001110000",
              "10100100010111101110000"
            ],
            "active": [
              8,
              0,
              14
            ],
            "b": [
              "00100100110111011110000",
              "10100100010111011110000",
              "00100100010111111110000"
            ],
            "core": "00100100010111001110000",
            "new": [
              [
                "00100100010111111110000",
                "00100100110111101110000"
              ],
              [
                "00100100110111011110000",
                "10100100110111001110000"
              ],
              [
                "10100100010111011110000",
                "10100100010111101110000"
              ]
            ],
            "old": [
              [
                "00100100110111011110000",
                "00100100110111101110000"
              ],
              [
                "10100100010111011110000",
                "10100100110111001110000"
              ],
              [
                "00100100010111111110000",
                "10100100010111101110000"
              ]
            ],
            "seam_y": 15
          },
          "h": "00100100010110101110000",
          "next_active": 15,
          "p": "00100100010111111110000",
          "q": "10100100010111101110000",
          "router_edge": [
            "00100100010111111110000",
            "10100100010111101110000"
          ],
          "z": 0
        }
      ],
      "router_cycles": [
        [
          "11010000010110111110000",
          "01010010010110111110000",
          "00110010010110111110000",
          "00100110010110111110000",
          "10100100010110111110000",
          "11000100010110111110000"
        ],
        [
          "11010010010110101110000",
          "01010010010111101110000",
          "00110010010111101110000",
          "00100110010111101110000",
          "10100110010110101110000",
          "11000110010110101110000"
        ],
        [
          "11010000010111101110000",
          "01010000010111111110000",
          "00110000010111111110000",
          "00100100010111111110000",
          "10100100010111101110000",
          "11000100010111101110000"
        ]
      ],
      "token_permutation": [
        0,
        2,
        1
      ],
      "x1": 1,
      "x2": 3,
      "y1": 2,
      "y2": 5,
      "z": 0
    },
    {
      "active": [
        13,
        15,
        6
      ],
      "after_edges": [
        [
          "01010000110111110110000",
          "11010000110111100110000"
        ],
        [
          "00110000110111110110000",
          "01010000110111110110000"
        ],
        [
          "00100100110111110110000",
          "00110000110111110110000"
        ],
        [
          "10100100110111100110000",
          "11000100110111100110000"
        ],
        [
          "11000100110111100110000",
          "11010000110111100110000"
        ],
        [
          "01010010110110110110000",
          "11010000110110110110000"
        ],
        [
          "00110010110110110110000",
          "01010010110110110110000"
        ],
        [
          "00100110110110110110000",
          "00110010110110110110000"
        ],
        [
          "10100100110110110110000",
          "11000100110110110110000"
        ],
        [
          "11000100110110110110000",
          "11010000110110110110000"
        ],
        [
          "01010010110111100110000",
          "11010010110110100110000"
        ],
        [
          "00110010110111100110000",
          "01010010110111100110000"
        ],
        [
          "00100110110111100110000",
          "00110010110111100110000"
        ],
        [
          "10100110110110100110000",
          "11000110110110100110000"
        ],
        [
          "11000110110110100110000",
          "11010010110110100110000"
        ],
        [
          "00100100110111101110000",
          "00100100110111110110000"
        ],
        [
          "00100100110111011110000",
          "10100100110111001110000"
        ],
        [
          "10100100110111010110000",
          "10100100110111100110000"
        ],
        [
          "00100100110110111110000",
          "10100100110110110110000"
        ],
        [
          "00000110110110111110000",
          "10000100110110111110000"
        ],
        [
          "00100110110110110110000",
          "10000110110110110110000"
        ],
        [
          "00100110110110101110000",
          "00100110110111100110000"
        ],
        [
          "00100110110101101110000",
          "10100110110100101110000"
        ],
        [
          "10100110110101100110000",
          "10100110110110100110000"
        ]
      ],
      "before_edges": [
        [
          "01010000110111110110000",
          "11010000110111100110000"
        ],
        [
          "00110000110111110110000",
          "01010000110111110110000"
        ],
        [
          "00100100110111110110000",
          "00110000110111110110000"
        ],
        [
          "00100100110111110110000",
          "10100100110111100110000"
        ],
        [
          "10100100110111100110000",
          "11000100110111100110000"
        ],
        [
          "11000100110111100110000",
          "11010000110111100110000"
        ],
        [
          "01010010110110110110000",
          "11010000110110110110000"
        ],
        [
          "00110010110110110110000",
          "01010010110110110110000"
        ],
        [
          "00100110110110110110000",
          "00110010110110110110000"
        ],
        [
          "00100110110110110110000",
          "10100100110110110110000"
        ],
        [
          "10100100110110110110000",
          "11000100110110110110000"
        ],
        [
          "11000100110110110110000",
          "11010000110110110110000"
        ],
        [
          "01010010110111100110000",
          "11010010110110100110000"
        ],
        [
          "00110010110111100110000",
          "01010010110111100110000"
        ],
        [
          "00100110110111100110000",
          "00110010110111100110000"
        ],
        [
          "00100110110111100110000",
          "10100110110110100110000"
        ],
        [
          "10100110110110100110000",
          "11000110110110100110000"
        ],
        [
          "11000110110110100110000",
          "11010010110110100110000"
        ],
        [
          "00100100110111011110000",
          "00100100110111101110000"
        ],
        [
          "00100100110110111110000",
          "10000100110110111110000"
        ],
        [
          "00100110110101101110000",
          "00100110110110101110000"
        ],
        [
          "10100100110111001110000",
          "10100100110111010110000"
        ],
        [
          "00000110110110111110000",
          "10000110110110110110000"
        ],
        [
          "10100110110100101110000",
          "10100110110101100110000"
        ]
      ],
      "h": "00100100110110100110000",
      "k": "01010000110110100110000",
      "new_collar_edges": [
        [
          "00100100110111101110000",
          "00100100110111110110000"
        ],
        [
          "00100100110111011110000",
          "10100100110111001110000"
        ],
        [
          "10100100110111010110000",
          "10100100110111100110000"
        ],
        [
          "00100100110110111110000",
          "10100100110110110110000"
        ],
        [
          "00000110110110111110000",
          "10000100110110111110000"
        ],
        [
          "00100110110110110110000",
          "10000110110110110110000"
        ],
        [
          "00100110110110101110000",
          "00100110110111100110000"
        ],
        [
          "00100110110101101110000",
          "10100110110100101110000"
        ],
        [
          "10100110110101100110000",
          "10100110110110100110000"
        ]
      ],
      "old_collar_edges": [
        [
          "00100100110111011110000",
          "00100100110111101110000"
        ],
        [
          "10100100110111001110000",
          "10100100110111010110000"
        ],
        [
          "00100100110111110110000",
          "10100100110111100110000"
        ],
        [
          "00100100110110111110000",
          "10000100110110111110000"
        ],
        [
          "00000110110110111110000",
          "10000110110110110110000"
        ],
        [
          "00100110110110110110000",
          "10100100110110110110000"
        ],
        [
          "00100110110101101110000",
          "00100110110110101110000"
        ],
        [
          "10100110110100101110000",
          "10100110110101100110000"
        ],
        [
          "00100110110111100110000",
          "10100110110110100110000"
        ]
      ],
      "roles": [
        {
          "active": 13,
          "auxiliary_edge": [
            "10100100110111001110000",
            "10100100110111010110000"
          ],
          "collar": {
            "a": [
              "00100100110111101110000",
              "10100100110111001110000",
              "10100100110111100110000"
            ],
            "active": [
              16,
              0,
              14
            ],
            "b": [
              "00100100110111011110000",
              "10100100110111010110000",
              "00100100110111110110000"
            ],
            "core": "00100100110111000110000",
            "new": [
              [
                "00100100110111101110000",
                "00100100110111110110000"
              ],
              [
                "00100100110111011110000",
                "10100100110111001110000"
              ],
              [
                "10100100110111010110000",
                "10100100110111100110000"
              ]
            ],
            "old": [
              [
                "00100100110111011110000",
                "00100100110111101110000"
              ],
              [
                "10100100110111001110000",
                "10100100110111010110000"
              ],
              [
                "00100100110111110110000",
                "10100100110111100110000"
              ]
            ],
            "seam_y": 15
          },
          "h": "00100100110110100110000",
          "next_active": 15,
          "p": "00100100110111110110000",
          "q": "10100100110111100110000",
          "router_edge": [
            "00100100110111110110000",
            "10100100110111100110000"
          ],
          "z": 0
        },
        {
          "active": 15,
          "auxiliary_edge": [
            "00000110110110111110000",
            "10000110110110110110000"
          ],
          "collar": {
            "a": [
              "00100100110110111110000",
              "00000110110110111110000",
              "00100110110110110110000"
            ],
            "active": [
              16,
              6,
              2
            ],
            "b": [
              "10000100110110111110000",
              "10000110110110110110000",
              "10100100110110110110000"
            ],
            "core": "00000100110110110110000",
            "new": [
              [
                "00100100110110111110000",
                "10100100110110110110000"
              ],
              [
                "00000110110110111110000",
                "10000100110110111110000"
              ],
              [
                "00100110110110110110000",
                "10000110110110110110000"
              ]
            ],
            "old": [
              [
                "00100100110110111110000",
                "10000100110110111110000"
              ],
              [
                "00000110110110111110000",
                "10000110110110110110000"
              ],
              [
                "00100110110110110110000",
                "10100100110110110110000"
              ]
            ],
            "seam_y": 0
          },
          "h": "00100100110110100110000",
          "next_active": 6,
          "p": "00100110110110110110000",
          "q": "10100100110110110110000",
          "router_edge": [
            "00100110110110110110000",
            "10100100110110110110000"
          ],
          "z": 0
        },
        {
          "active": 6,
          "auxiliary_edge": [
            "10100110110100101110000",
            "10100110110101100110000"
          ],
          "collar": {
            "a": [
              "00100110110110101110000",
              "10100110110100101110000",
              "10100110110110100110000"
            ],
            "active": [
              16,
              0,
              12
            ],
            "b": [
              "00100110110101101110000",
              "10100110110101100110000",
              "00100110110111100110000"
            ],
            "core": "00100110110100100110000",
            "new": [
              [
                "00100110110110101110000",
                "00100110110111100110000"
              ],
              [
                "00100110110101101110000",
                "10100110110100101110000"
              ],
              [
                "10100110110101100110000",
                "10100110110110100110000"
              ]
            ],
            "old": [
              [
                "00100110110101101110000",
                "00100110110110101110000"
              ],
              [
                "10100110110100101110000",
                "10100110110101100110000"
              ],
              [
                "00100110110111100110000",
                "10100110110110100110000"
              ]
            ],
            "seam_y": 13
          },
          "h": "00100100110110100110000",
          "next_active": 13,
          "p": "00100110110111100110000",
          "q": "10100110110110100110000",
          "router_edge": [
            "00100110110111100110000",
            "10100110110110100110000"
          ],
          "z": 0
        }
      ],
      "router_cycles": [
        [
          "11010000110111100110000",
          "01010000110111110110000",
          "00110000110111110110000",
          "00100100110111110110000",
          "10100100110111100110000",
          "11000100110111100110000"
        ],
        [
          "11010000110110110110000",
          "01010010110110110110000",
          "00110010110110110110000",
          "00100110110110110110000",
          "10100100110110110110000",
          "11000100110110110110000"
        ],
        [
          "11010010110110100110000",
          "01010010110111100110000",
          "00110010110111100110000",
          "00100110110111100110000",
          "10100110110110100110000",
          "11000110110110100110000"
        ]
      ],
      "token_permutation": [
        1,
        0,
        2
      ],
      "x1": 1,
      "x2": 3,
      "y1": 2,
      "y2": 5,
      "z": 0
    },
    {
      "active": [
        13,
        15,
        6
      ],
      "after_edges": [
        [
          "01010000110011111110000",
          "11010000110011101110000"
        ],
        [
          "00110000110011111110000",
          "01010000110011111110000"
        ],
        [
          "00100100110011111110000",
          "00110000110011111110000"
        ],
        [
          "10100100110011101110000",
          "11000100110011101110000"
        ],
        [
          "11000100110011101110000",
          "11010000110011101110000"
        ],
        [
          "01010010110010111110000",
          "11010000110010111110000"
        ],
        [
          "00110010110010111110000",
          "01010010110010111110000"
        ],
        [
          "00100110110010111110000",
          "00110010110010111110000"
        ],
        [
          "10100100110010111110000",
          "11000100110010111110000"
        ],
        [
          "11000100110010111110000",
          "11010000110010111110000"
        ],
        [
          "01010010110011101110000",
          "11010010110010101110000"
        ],
        [
          "00110010110011101110000",
          "01010010110011101110000"
        ],
        [
          "00100110110011101110000",
          "00110010110011101110000"
        ],
        [
          "10100110110010101110000",
          "11000110110010101110000"
        ],
        [
          "11000110110010101110000",
          "11010010110010101110000"
        ],
        [
          "00100100110011111110000",
          "00100100110111101110000"
        ],
        [
          "00100100110111011110000",
          "10100100110111001110000"
        ],
        [
          "10100100110011011110000",
          "10100100110011101110000"
        ],
        [
          "00100100110110111110000",
          "10100100110010111110000"
        ],
        [
          "00000110110110111110000",
          "10000100110110111110000"
        ],
        [
          "00100110110010111110000",
          "10000110110010111110000"
        ],
        [
          "00100110110011101110000",
          "00100110110110101110000"
        ],
        [
          "00100110110101101110000",
          "10100110110100101110000"
        ],
        [
          "10100110110001101110000",
          "10100110110010101110000"
        ]
      ],
      "before_edges": [
        [
          "01010000110011111110000",
          "11010000110011101110000"
        ],
        [
          "00110000110011111110000",
          "01010000110011111110000"
        ],
        [
          "00100100110011111110000",
          "00110000110011111110000"
        ],
        [
          "00100100110011111110000",
          "10100100110011101110000"
        ],
        [
          "10100100110011101110000",
          "11000100110011101110000"
        ],
        [
          "11000100110011101110000",
          "11010000110011101110000"
        ],
        [
          "01010010110010111110000",
          "11010000110010111110000"
        ],
        [
          "00110010110010111110000",
          "01010010110010111110000"
        ],
        [
          "00100110110010111110000",
          "00110010110010111110000"
        ],
        [
          "00100110110010111110000",
          "10100100110010111110000"
        ],
        [
          "10100100110010111110000",
          "11000100110010111110000"
        ],
        [
          "11000100110010111110000",
          "11010000110010111110000"
        ],
        [
          "01010010110011101110000",
          "11010010110010101110000"
        ],
        [
          "00110010110011101110000",
          "01010010110011101110000"
        ],
        [
          "00100110110011101110000",
          "00110010110011101110000"
        ],
        [
          "00100110110011101110000",
          "10100110110010101110000"
        ],
        [
          "10100110110010101110000",
          "11000110110010101110000"
        ],
        [
          "11000110110010101110000",
          "11010010110010101110000"
        ],
        [
          "00100100110111011110000",
          "00100100110111101110000"
        ],
        [
          "00100100110110111110000",
          "10000100110110111110000"
        ],
        [
          "00100110110101101110000",
          "00100110110110101110000"
        ],
        [
          "10100100110011011110000",
          "10100100110111001110000"
        ],
        [
          "00000110110110111110000",
          "10000110110010111110000"
        ],
        [
          "10100110110001101110000",
          "10100110110100101110000"
        ]
      ],
      "h": "00100100110010101110000",
      "k": "01010000110010101110000",
      "new_collar_edges": [
        [
          "00100100110011111110000",
          "00100100110111101110000"
        ],
        [
          "00100100110111011110000",
          "10100100110111001110000"
        ],
        [
          "10100100110011011110000",
          "10100100110011101110000"
        ],
        [
          "00100100110110111110000",
          "10100100110010111110000"
        ],
        [
          "00000110110110111110000",
          "10000100110110111110000"
        ],
        [
          "00100110110010111110000",
          "10000110110010111110000"
        ],
        [
          "00100110110011101110000",
          "00100110110110101110000"
        ],
        [
          "00100110110101101110000",
          "10100110110100101110000"
        ],
        [
          "10100110110001101110000",
          "10100110110010101110000"
        ]
      ],
      "old_collar_edges": [
        [
          "00100100110111011110000",
          "00100100110111101110000"
        ],
        [
          "10100100110011011110000",
          "10100100110111001110000"
        ],
        [
          "00100100110011111110000",
          "10100100110011101110000"
        ],
        [
          "00100100110110111110000",
          "10000100110110111110000"
        ],
        [
          "00000110110110111110000",
          "10000110110010111110000"
        ],
        [
          "00100110110010111110000",
          "10100100110010111110000"
        ],
        [
          "00100110110101101110000",
          "00100110110110101110000"
        ],
        [
          "10100110110001101110000",
          "10100110110100101110000"
        ],
        [
          "00100110110011101110000",
          "10100110110010101110000"
        ]
      ],
      "roles": [
        {
          "active": 13,
          "auxiliary_edge": [
            "10100100110011011110000",
            "10100100110111001110000"
          ],
          "collar": {
            "a": [
              "00100100110111101110000",
              "10100100110111001110000",
              "10100100110011101110000"
            ],
            "active": [
              11,
              0,
              14
            ],
            "b": [
              "00100100110111011110000",
              "10100100110011011110000",
              "00100100110011111110000"
            ],
            "core": "00100100110011001110000",
            "new": [
              [
                "00100100110011111110000",
                "00100100110111101110000"
              ],
              [
                "00100100110111011110000",
                "10100100110111001110000"
              ],
              [
                "10100100110011011110000",
                "10100100110011101110000"
              ]
            ],
            "old": [
              [
                "00100100110111011110000",
                "00100100110111101110000"
              ],
              [
                "10100100110011011110000",
                "10100100110111001110000"
              ],
              [
                "00100100110011111110000",
                "10100100110011101110000"
              ]
            ],
            "seam_y": 15
          },
          "h": "00100100110010101110000",
          "next_active": 15,
          "p": "00100100110011111110000",
          "q": "10100100110011101110000",
          "router_edge": [
            "00100100110011111110000",
            "10100100110011101110000"
          ],
          "z": 0
        },
        {
          "active": 15,
          "auxiliary_edge": [
            "00000110110110111110000",
            "10000110110010111110000"
          ],
          "collar": {
            "a": [
              "00100100110110111110000",
              "00000110110110111110000",
              "00100110110010111110000"
            ],
            "active": [
              11,
              6,
              2
            ],
            "b": [
              "10000100110110111110000",
              "10000110110010111110000",
              "10100100110010111110000"
            ],
            "core": "00000100110010111110000",
            "new": [
              [
                "00100100110110111110000",
                "10100100110010111110000"
              ],
              [
                "00000110110110111110000",
                "10000100110110111110000"
              ],
              [
                "00100110110010111110000",
                "10000110110010111110000"
              ]
            ],
            "old": [
              [
                "00100100110110111110000",
                "10000100110110111110000"
              ],
              [
                "00000110110110111110000",
                "10000110110010111110000"
              ],
              [
                "00100110110010111110000",
                "10100100110010111110000"
              ]
            ],
            "seam_y": 0
          },
          "h": "00100100110010101110000",
          "next_active": 6,
          "p": "00100110110010111110000",
          "q": "10100100110010111110000",
          "router_edge": [
            "00100110110010111110000",
            "10100100110010111110000"
          ],
          "z": 0
        },
        {
          "active": 6,
          "auxiliary_edge": [
            "10100110110001101110000",
            "10100110110100101110000"
          ],
          "collar": {
            "a": [
              "00100110110110101110000",
              "10100110110100101110000",
              "10100110110010101110000"
            ],
            "active": [
              11,
              0,
              12
            ],
            "b": [
              "00100110110101101110000",
              "10100110110001101110000",
              "00100110110011101110000"
            ],
            "core": "00100110110000101110000",
            "new": [
              [
                "00100110110011101110000",
                "00100110110110101110000"
              ],
              [
                "00100110110101101110000",
                "10100110110100101110000"
              ],
              [
                "10100110110001101110000",
                "10100110110010101110000"
              ]
            ],
            "old": [
              [
                "00100110110101101110000",
                "00100110110110101110000"
              ],
              [
                "10100110110001101110000",
                "10100110110100101110000"
              ],
              [
                "00100110110011101110000",
                "10100110110010101110000"
              ]
            ],
            "seam_y": 13
          },
          "h": "00100100110010101110000",
          "next_active": 13,
          "p": "00100110110011101110000",
          "q": "10100110110010101110000",
          "router_edge": [
            "00100110110011101110000",
            "10100110110010101110000"
          ],
          "z": 0
        }
      ],
      "router_cycles": [
        [
          "11010000110011101110000",
          "01010000110011111110000",
          "00110000110011111110000",
          "00100100110011111110000",
          "10100100110011101110000",
          "11000100110011101110000"
        ],
        [
          "11010000110010111110000",
          "01010010110010111110000",
          "00110010110010111110000",
          "00100110110010111110000",
          "10100100110010111110000",
          "11000100110010111110000"
        ],
        [
          "11010010110010101110000",
          "01010010110011101110000",
          "00110010110011101110000",
          "00100110110011101110000",
          "10100110110010101110000",
          "11000110110010101110000"
        ]
      ],
      "token_permutation": [
        1,
        0,
        2
      ],
      "x1": 1,
      "x2": 3,
      "y1": 2,
      "y2": 5,
      "z": 0
    },
    {
      "active": [
        13,
        15,
        6
      ],
      "after_edges": [
        [
          "01010000110111111100000",
          "11010000110111101100000"
        ],
        [
          "00110000110111111100000",
          "01010000110111111100000"
        ],
        [
          "00100100110111111100000",
          "00110000110111111100000"
        ],
        [
          "10100100110111101100000",
          "11000100110111101100000"
        ],
        [
          "11000100110111101100000",
          "11010000110111101100000"
        ],
        [
          "01010010110110111100000",
          "11010000110110111100000"
        ],
        [
          "00110010110110111100000",
          "01010010110110111100000"
        ],
        [
          "00100110110110111100000",
          "00110010110110111100000"
        ],
        [
          "10100100110110111100000",
          "11000100110110111100000"
        ],
        [
          "11000100110110111100000",
          "11010000110110111100000"
        ],
        [
          "01010010110111101100000",
          "11010010110110101100000"
        ],
        [
          "00110010110111101100000",
          "01010010110111101100000"
        ],
        [
          "00100110110111101100000",
          "00110010110111101100000"
        ],
        [
          "10100110110110101100000",
          "11000110110110101100000"
        ],
        [
          "11000110110110101100000",
          "11010010110110101100000"
        ],
        [
          "00100100110111101110000",
          "00100100110111111100000"
        ],
        [
          "00100100110111011110000",
          "10100100110111001110000"
        ],
        [
          "10100100110111011100000",
          "10100100110111101100000"
        ],
        [
          "00100100110110111110000",
          "10100100110110111100000"
        ],
        [
          "00000110110110111110000",
          "10000100110110111110000"
        ],
        [
          "00100110110110111100000",
          "10000110110110111100000"
        ],
        [
          "00100110110110101110000",
          "00100110110111101100000"
        ],
        [
          "00100110110101101110000",
          "10100110110100101110000"
        ],
        [
          "10100110110101101100000",
          "10100110110110101100000"
        ]
      ],
      "before_edges": [
        [
          "01010000110111111100000",
          "11010000110111101100000"
        ],
        [
          "00110000110111111100000",
          "01010000110111111100000"
        ],
        [
          "00100100110111111100000",
          "00110000110111111100000"
        ],
        [
          "00100100110111111100000",
          "10100100110111101100000"
        ],
        [
          "10100100110111101100000",
          "11000100110111101100000"
        ],
        [
          "11000100110111101100000",
          "11010000110111101100000"
        ],
        [
          "01010010110110111100000",
          "11010000110110111100000"
        ],
        [
          "00110010110110111100000",
          "01010010110110111100000"
        ],
        [
          "00100110110110111100000",
          "00110010110110111100000"
        ],
        [
          "00100110110110111100000",
          "10100100110110111100000"
        ],
        [
          "10100100110110111100000",
          "11000100110110111100000"
        ],
        [
          "11000100110110111100000",
          "11010000110110111100000"
        ],
        [
          "01010010110111101100000",
          "11010010110110101100000"
        ],
        [
          "00110010110111101100000",
          "01010010110111101100000"
        ],
        [
          "00100110110111101100000",
          "00110010110111101100000"
        ],
        [
          "00100110110111101100000",
          "10100110110110101100000"
        ],
        [
          "10100110110110101100000",
          "11000110110110101100000"
        ],
        [
          "11000110110110101100000",
          "11010010110110101100000"
        ],
        [
          "00100100110111011110000",
          "00100100110111101110000"
        ],
        [
          "00100100110110111110000",
          "10000100110110111110000"
        ],
        [
          "00100110110101101110000",
          "00100110110110101110000"
        ],
        [
          "10100100110111001110000",
          "10100100110111011100000"
        ],
        [
          "00000110110110111110000",
          "10000110110110111100000"
        ],
        [
          "10100110110100101110000",
          "10100110110101101100000"
        ]
      ],
      "h": "00100100110110101100000",
      "k": "01010000110110101100000",
      "new_collar_edges": [
        [
          "00100100110111101110000",
          "00100100110111111100000"
        ],
        [
          "00100100110111011110000",
          "10100100110111001110000"
        ],
        [
          "10100100110111011100000",
          "10100100110111101100000"
        ],
        [
          "00100100110110111110000",
          "10100100110110111100000"
        ],
        [
          "00000110110110111110000",
          "10000100110110111110000"
        ],
        [
          "00100110110110111100000",
          "10000110110110111100000"
        ],
        [
          "00100110110110101110000",
          "00100110110111101100000"
        ],
        [
          "00100110110101101110000",
          "10100110110100101110000"
        ],
        [
          "10100110110101101100000",
          "10100110110110101100000"
        ]
      ],
      "old_collar_edges": [
        [
          "00100100110111011110000",
          "00100100110111101110000"
        ],
        [
          "10100100110111001110000",
          "10100100110111011100000"
        ],
        [
          "00100100110111111100000",
          "10100100110111101100000"
        ],
        [
          "00100100110110111110000",
          "10000100110110111110000"
        ],
        [
          "00000110110110111110000",
          "10000110110110111100000"
        ],
        [
          "00100110110110111100000",
          "10100100110110111100000"
        ],
        [
          "00100110110101101110000",
          "00100110110110101110000"
        ],
        [
          "10100110110100101110000",
          "10100110110101101100000"
        ],
        [
          "00100110110111101100000",
          "10100110110110101100000"
        ]
      ],
      "roles": [
        {
          "active": 13,
          "auxiliary_edge": [
            "10100100110111001110000",
            "10100100110111011100000"
          ],
          "collar": {
            "a": [
              "00100100110111101110000",
              "10100100110111001110000",
              "10100100110111101100000"
            ],
            "active": [
              18,
              0,
              14
            ],
            "b": [
              "00100100110111011110000",
              "10100100110111011100000",
              "00100100110111111100000"
            ],
            "core": "00100100110111001100000",
            "new": [
              [
                "00100100110111101110000",
                "00100100110111111100000"
              ],
              [
                "00100100110111011110000",
                "10100100110111001110000"
              ],
              [
                "10100100110111011100000",
                "10100100110111101100000"
              ]
            ],
            "old": [
              [
                "00100100110111011110000",
                "00100100110111101110000"
              ],
              [
                "10100100110111001110000",
                "10100100110111011100000"
              ],
              [
                "00100100110111111100000",
                "10100100110111101100000"
              ]
            ],
            "seam_y": 15
          },
          "h": "00100100110110101100000",
          "next_active": 15,
          "p": "00100100110111111100000",
          "q": "10100100110111101100000",
          "router_edge": [
            "00100100110111111100000",
            "10100100110111101100000"
          ],
          "z": 0
        },
        {
          "active": 15,
          "auxiliary_edge": [
            "00000110110110111110000",
            "10000110110110111100000"
          ],
          "collar": {
            "a": [
              "00100100110110111110000",
              "00000110110110111110000",
              "00100110110110111100000"
            ],
            "active": [
              18,
              6,
              2
            ],
            "b": [
              "10000100110110111110000",
              "10000110110110111100000",
              "10100100110110111100000"
            ],
            "core": "00000100110110111100000",
            "new": [
              [
                "00100100110110111110000",
                "10100100110110111100000"
              ],
              [
                "00000110110110111110000",
                "10000100110110111110000"
              ],
              [
                "00100110110110111100000",
                "10000110110110111100000"
              ]
            ],
            "old": [
              [
                "00100100110110111110000",
                "10000100110110111110000"
              ],
              [
                "00000110110110111110000",
                "10000110110110111100000"
              ],
              [
                "00100110110110111100000",
                "10100100110110111100000"
              ]
            ],
            "seam_y": 0
          },
          "h": "00100100110110101100000",
          "next_active": 6,
          "p": "00100110110110111100000",
          "q": "10100100110110111100000",
          "router_edge": [
            "00100110110110111100000",
            "10100100110110111100000"
          ],
          "z": 0
        },
        {
          "active": 6,
          "auxiliary_edge": [
            "10100110110100101110000",
            "10100110110101101100000"
          ],
          "collar": {
            "a": [
              "00100110110110101110000",
              "10100110110100101110000",
              "10100110110110101100000"
            ],
            "active": [
              18,
              0,
              12
            ],
            "b": [
              "00100110110101101110000",
              "10100110110101101100000",
              "00100110110111101100000"
            ],
            "core": "00100110110100101100000",
            "new": [
              [
                "00100110110110101110000",
                "00100110110111101100000"
              ],
              [
                "00100110110101101110000",
                "10100110110100101110000"
              ],
              [
                "10100110110101101100000",
                "10100110110110101100000"
              ]
            ],
            "old": [
              [
                "00100110110101101110000",
                "00100110110110101110000"
              ],
              [
                "10100110110100101110000",
                "10100110110101101100000"
              ],
              [
                "00100110110111101100000",
                "10100110110110101100000"
              ]
            ],
            "seam_y": 13
          },
          "h": "00100100110110101100000",
          "next_active": 13,
          "p": "00100110110111101100000",
          "q": "10100110110110101100000",
          "router_edge": [
            "00100110110111101100000",
            "10100110110110101100000"
          ],
          "z": 0
        }
      ],
      "router_cycles": [
        [
          "11010000110111101100000",
          "01010000110111111100000",
          "00110000110111111100000",
          "00100100110111111100000",
          "10100100110111101100000",
          "11000100110111101100000"
        ],
        [
          "11010000110110111100000",
          "01010010110110111100000",
          "00110010110110111100000",
          "00100110110110111100000",
          "10100100110110111100000",
          "11000100110110111100000"
        ],
        [
          "11010010110110101100000",
          "01010010110111101100000",
          "00110010110111101100000",
          "00100110110111101100000",
          "10100110110110101100000",
          "11000110110110101100000"
        ]
      ],
      "token_permutation": [
        1,
        0,
        2
      ],
      "x1": 1,
      "x2": 3,
      "y1": 2,
      "y2": 5,
      "z": 0
    },
    {
      "active": [
        13,
        15,
        6
      ],
      "after_edges": [
        [
          "01010000010111111110000",
          "11010000010111101110000"
        ],
        [
          "00110000010111111110000",
          "01010000010111111110000"
        ],
        [
          "00100000110111111110000",
          "00110000010111111110000"
        ],
        [
          "10100000110111101110000",
          "11000000110111101110000"
        ],
        [
          "11000000110111101110000",
          "11010000010111101110000"
        ],
        [
          "01010010010110111110000",
          "11010000010110111110000"
        ],
        [
          "00110010010110111110000",
          "01010010010110111110000"
        ],
        [
          "00100010110110111110000",
          "00110010010110111110000"
        ],
        [
          "10100000110110111110000",
          "11000000110110111110000"
        ],
        [
          "11000000110110111110000",
          "11010000010110111110000"
        ],
        [
          "01010010010111101110000",
          "11010010010110101110000"
        ],
        [
          "00110010010111101110000",
          "01010010010111101110000"
        ],
        [
          "00100010110111101110000",
          "00110010010111101110000"
        ],
        [
          "10100010110110101110000",
          "11000010110110101110000"
        ],
        [
          "11000010110110101110000",
          "11010010010110101110000"
        ],
        [
          "00100000110111111110000",
          "00100100110111101110000"
        ],
        [
          "00100100110111011110000",
          "10100100110111001110000"
        ],
        [
          "10100000110111011110000",
          "10100000110111101110000"
        ],
        [
          "00100100110110111110000",
          "10100000110110111110000"
        ],
        [
          "00000110110110111110000",
          "10000100110110111110000"
        ],
        [
          "00100010110110111110000",
          "10000010110110111110000"
        ],
        [
          "00100010110111101110000",
          "00100110110110101110000"
        ],
        [
          "00100110110101101110000",
          "10100110110100101110000"
        ],
        [
          "10100010110101101110000",
          "10100010110110101110000"
        ]
      ],
      "before_edges": [
        [
          "01010000010111111110000",
          "11010000010111101110000"
        ],
        [
          "00110000010111111110000",
          "01010000010111111110000"
        ],
        [
          "00100000110111111110000",
          "00110000010111111110000"
        ],
        [
          "00100000110111111110000",
          "10100000110111101110000"
        ],
        [
          "10100000110111101110000",
          "11000000110111101110000"
        ],
        [
          "11000000110111101110000",
          "11010000010111101110000"
        ],
        [
          "01010010010110111110000",
          "11010000010110111110000"
        ],
        [
          "00110010010110111110000",
          "01010010010110111110000"
        ],
        [
          "00100010110110111110000",
          "00110010010110111110000"
        ],
        [
          "00100010110110111110000",
          "10100000110110111110000"
        ],
        [
          "10100000110110111110000",
          "11000000110110111110000"
        ],
        [
          "11000000110110111110000",
          "11010000010110111110000"
        ],
        [
          "01010010010111101110000",
          "11010010010110101110000"
        ],
        [
          "00110010010111101110000",
          "01010010010111101110000"
        ],
        [
          "00100010110111101110000",
          "00110010010111101110000"
        ],
        [
          "00100010110111101110000",
          "10100010110110101110000"
        ],
        [
          "10100010110110101110000",
          "11000010110110101110000"
        ],
        [
          "11000010110110101110000",
          "11010010010110101110000"
        ],
        [
          "00100100110111011110000",
          "00100100110111101110000"
        ],
        [
          "00100100110110111110000",
          "10000100110110111110000"
        ],
        [
          "00100110110101101110000",
          "00100110110110101110000"
        ],
        [
          "10100000110111011110000",
          "10100100110111001110000"
        ],
        [
          "00000110110110111110000",
          "10000010110110111110000"
        ],
        [
          "10100010110101101110000",
          "10100110110100101110000"
        ]
      ],
      "h": "00100000110110101110000",
      "k": "01010000010110101110000",
      "new_collar_edges": [
        [
          "00100000110111111110000",
          "00100100110111101110000"
        ],
        [
          "00100100110111011110000",
          "10100100110111001110000"
        ],
        [
          "10100000110111011110000",
          "10100000110111101110000"
        ],
        [
          "00100100110110111110000",
          "10100000110110111110000"
        ],
        [
          "00000110110110111110000",
          "10000100110110111110000"
        ],
        [
          "00100010110110111110000",
          "10000010110110111110000"
        ],
        [
          "00100010110111101110000",
          "00100110110110101110000"
        ],
        [
          "00100110110101101110000",
          "10100110110100101110000"
        ],
        [
          "10100010110101101110000",
          "10100010110110101110000"
        ]
      ],
      "old_collar_edges": [
        [
          "00100100110111011110000",
          "00100100110111101110000"
        ],
        [
          "10100000110111011110000",
          "10100100110111001110000"
        ],
        [
          "00100000110111111110000",
          "10100000110111101110000"
        ],
        [
          "00100100110110111110000",
          "10000100110110111110000"
        ],
        [
          "00000110110110111110000",
          "10000010110110111110000"
        ],
        [
          "00100010110110111110000",
          "10100000110110111110000"
        ],
        [
          "00100110110101101110000",
          "00100110110110101110000"
        ],
        [
          "10100010110101101110000",
          "10100110110100101110000"
        ],
        [
          "00100010110111101110000",
          "10100010110110101110000"
        ]
      ],
      "roles": [
        {
          "active": 13,
          "auxiliary_edge": [
            "10100000110111011110000",
            "10100100110111001110000"
          ],
          "collar": {
            "a": [
              "00100100110111101110000",
              "10100100110111001110000",
              "10100000110111101110000"
            ],
            "active": [
              5,
              0,
              14
            ],
            "b": [
              "00100100110111011110000",
              "10100000110111011110000",
              "00100000110111111110000"
            ],
            "core": "00100000110111001110000",
            "new": [
              [
                "00100000110111111110000",
                "00100100110111101110000"
              ],
              [
                "00100100110111011110000",
                "10100100110111001110000"
              ],
              [
                "10100000110111011110000",
                "10100000110111101110000"
              ]
            ],
            "old": [
              [
                "00100100110111011110000",
                "00100100110111101110000"
              ],
              [
                "10100000110111011110000",
                "10100100110111001110000"
              ],
              [
                "00100000110111111110000",
                "10100000110111101110000"
              ]
            ],
            "seam_y": 15
          },
          "h": "00100000110110101110000",
          "next_active": 15,
          "p": "00100000110111111110000",
          "q": "10100000110111101110000",
          "router_edge": [
            "00100000110111111110000",
            "10100000110111101110000"
          ],
          "z": 0
        },
        {
          "active": 15,
          "auxiliary_edge": [
            "00000110110110111110000",
            "10000010110110111110000"
          ],
          "collar": {
            "a": [
              "00100100110110111110000",
              "00000110110110111110000",
              "00100010110110111110000"
            ],
            "active": [
              5,
              6,
              2
            ],
            "b": [
              "10000100110110111110000",
              "10000010110110111110000",
              "10100000110110111110000"
            ],
            "core": "00000000110110111110000",
            "new": [
              [
                "00100100110110111110000",
                "10100000110110111110000"
              ],
              [
                "00000110110110111110000",
                "10000100110110111110000"
              ],
              [
                "00100010110110111110000",
                "10000010110110111110000"
              ]
            ],
            "old": [
              [
                "00100100110110111110000",
                "10000100110110111110000"
              ],
              [
                "00000110110110111110000",
                "10000010110110111110000"
              ],
              [
                "00100010110110111110000",
                "10100000110110111110000"
              ]
            ],
            "seam_y": 0
          },
          "h": "00100000110110101110000",
          "next_active": 6,
          "p": "00100010110110111110000",
          "q": "10100000110110111110000",
          "router_edge": [
            "00100010110110111110000",
            "10100000110110111110000"
          ],
          "z": 0
        },
        {
          "active": 6,
          "auxiliary_edge": [
            "10100010110101101110000",
            "10100110110100101110000"
          ],
          "collar": {
            "a": [
              "00100110110110101110000",
              "10100110110100101110000",
              "10100010110110101110000"
            ],
            "active": [
              5,
              0,
              12
            ],
            "b": [
              "00100110110101101110000",
              "10100010110101101110000",
              "00100010110111101110000"
            ],
            "core": "00100010110100101110000",
            "new": [
              [
                "00100010110111101110000",
                "00100110110110101110000"
              ],
              [
                "00100110110101101110000",
                "10100110110100101110000"
              ],
              [
                "10100010110101101110000",
                "10100010110110101110000"
              ]
            ],
            "old": [
              [
                "00100110110101101110000",
                "00100110110110101110000"
              ],
              [
                "10100010110101101110000",
                "10100110110100101110000"
              ],
              [
                "00100010110111101110000",
                "10100010110110101110000"
              ]
            ],
            "seam_y": 13
          },
          "h": "00100000110110101110000",
          "next_active": 13,
          "p": "00100010110111101110000",
          "q": "10100010110110101110000",
          "router_edge": [
            "00100010110111101110000",
            "10100010110110101110000"
          ],
          "z": 0
        }
      ],
      "router_cycles": [
        [
          "11010000010111101110000",
          "01010000010111111110000",
          "00110000010111111110000",
          "00100000110111111110000",
          "10100000110111101110000",
          "11000000110111101110000"
        ],
        [
          "11010000010110111110000",
          "01010010010110111110000",
          "00110010010110111110000",
          "00100010110110111110000",
          "10100000110110111110000",
          "11000000110110111110000"
        ],
        [
          "11010010010110101110000",
          "01010010010111101110000",
          "00110010010111101110000",
          "00100010110111101110000",
          "10100010110110101110000",
          "11000010110110101110000"
        ]
      ],
      "token_permutation": [
        1,
        0,
        2
      ],
      "x1": 1,
      "x2": 3,
      "y1": 2,
      "y2": 8,
      "z": 0
    },
    {
      "active": [
        13,
        15,
        6
      ],
      "after_edges": [
        [
          "01010000100111111110000",
          "11010000100111101110000"
        ],
        [
          "00110000100111111110000",
          "01010000100111111110000"
        ],
        [
          "00100100100111111110000",
          "00110000100111111110000"
        ],
        [
          "10100100100111101110000",
          "11000100100111101110000"
        ],
        [
          "11000100100111101110000",
          "11010000100111101110000"
        ],
        [
          "01010010100110111110000",
          "11010000100110111110000"
        ],
        [
          "00110010100110111110000",
          "01010010100110111110000"
        ],
        [
          "00100110100110111110000",
          "00110010100110111110000"
        ],
        [
          "10100100100110111110000",
          "11000100100110111110000"
        ],
        [
          "11000100100110111110000",
          "11010000100110111110000"
        ],
        [
          "01010010100111101110000",
          "11010010100110101110000"
        ],
        [
          "00110010100111101110000",
          "01010010100111101110000"
        ],
        [
          "00100110100111101110000",
          "00110010100111101110000"
        ],
        [
          "10100110100110101110000",
          "11000110100110101110000"
        ],
        [
          "11000110100110101110000",
          "11010010100110101110000"
        ],
        [
          "00100100100111111110000",
          "00100100110111101110000"
        ],
        [
          "00100100110111011110000",
          "10100100110111001110000"
        ],
        [
          "10100100100111011110000",
          "10100100100111101110000"
        ],
        [
          "00100100110110111110000",
          "10100100100110111110000"
        ],
        [
          "00000110110110111110000",
          "10000100110110111110000"
        ],
        [
          "00100110100110111110000",
          "10000110100110111110000"
        ],
        [
          "00100110100111101110000",
          "00100110110110101110000"
        ],
        [
          "00100110110101101110000",
          "10100110110100101110000"
        ],
        [
          "10100110100101101110000",
          "10100110100110101110000"
        ]
      ],
      "before_edges": [
        [
          "01010000100111111110000",
          "11010000100111101110000"
        ],
        [
          "00110000100111111110000",
          "01010000100111111110000"
        ],
        [
          "00100100100111111110000",
          "00110000100111111110000"
        ],
        [
          "00100100100111111110000",
          "10100100100111101110000"
        ],
        [
          "10100100100111101110000",
          "11000100100111101110000"
        ],
        [
          "11000100100111101110000",
          "11010000100111101110000"
        ],
        [
          "01010010100110111110000",
          "11010000100110111110000"
        ],
        [
          "00110010100110111110000",
          "01010010100110111110000"
        ],
        [
          "00100110100110111110000",
          "00110010100110111110000"
        ],
        [
          "00100110100110111110000",
          "10100100100110111110000"
        ],
        [
          "10100100100110111110000",
          "11000100100110111110000"
        ],
        [
          "11000100100110111110000",
          "11010000100110111110000"
        ],
        [
          "01010010100111101110000",
          "11010010100110101110000"
        ],
        [
          "00110010100111101110000",
          "01010010100111101110000"
        ],
        [
          "00100110100111101110000",
          "00110010100111101110000"
        ],
        [
          "00100110100111101110000",
          "10100110100110101110000"
        ],
        [
          "10100110100110101110000",
          "11000110100110101110000"
        ],
        [
          "11000110100110101110000",
          "11010010100110101110000"
        ],
        [
          "00100100110111011110000",
          "00100100110111101110000"
        ],
        [
          "00100100110110111110000",
          "10000100110110111110000"
        ],
        [
          "00100110110101101110000",
          "00100110110110101110000"
        ],
        [
          "10100100100111011110000",
          "10100100110111001110000"
        ],
        [
          "00000110110110111110000",
          "10000110100110111110000"
        ],
        [
          "10100110100101101110000",
          "10100110110100101110000"
        ]
      ],
      "h": "00100100100110101110000",
      "k": "01010000100110101110000",
      "new_collar_edges": [
        [
          "00100100100111111110000",
          "00100100110111101110000"
        ],
        [
          "00100100110111011110000",
          "10100100110111001110000"
        ],
        [
          "10100100100111011110000",
          "10100100100111101110000"
        ],
        [
          "00100100110110111110000",
          "10100100100110111110000"
        ],
        [
          "00000110110110111110000",
          "10000100110110111110000"
        ],
        [
          "00100110100110111110000",
          "10000110100110111110000"
        ],
        [
          "00100110100111101110000",
          "00100110110110101110000"
        ],
        [
          "00100110110101101110000",
          "10100110110100101110000"
        ],
        [
          "10100110100101101110000",
          "10100110100110101110000"
        ]
      ],
      "old_collar_edges": [
        [
          "00100100110111011110000",
          "00100100110111101110000"
        ],
        [
          "10100100100111011110000",
          "10100100110111001110000"
        ],
        [
          "00100100100111111110000",
          "10100100100111101110000"
        ],
        [
          "00100100110110111110000",
          "10000100110110111110000"
        ],
        [
          "00000110110110111110000",
          "10000110100110111110000"
        ],
        [
          "00100110100110111110000",
          "10100100100110111110000"
        ],
        [
          "00100110110101101110000",
          "00100110110110101110000"
        ],
        [
          "10100110100101101110000",
          "10100110110100101110000"
        ],
        [
          "00100110100111101110000",
          "10100110100110101110000"
        ]
      ],
      "roles": [
        {
          "active": 13,
          "auxiliary_edge": [
            "10100100100111011110000",
            "10100100110111001110000"
          ],
          "collar": {
            "a": [
              "00100100110111101110000",
              "10100100110111001110000",
              "10100100100111101110000"
            ],
            "active": [
              9,
              0,
              14
            ],
            "b": [
              "00100100110111011110000",
              "10100100100111011110000",
              "00100100100111111110000"
            ],
            "core": "00100100100111001110000",
            "new": [
              [
                "00100100100111111110000",
                "00100100110111101110000"
              ],
              [
                "00100100110111011110000",
                "10100100110111001110000"
              ],
              [
                "10100100100111011110000",
                "10100100100111101110000"
              ]
            ],
            "old": [
              [
                "00100100110111011110000",
                "00100100110111101110000"
              ],
              [
                "10100100100111011110000",
                "10100100110111001110000"
              ],
              [
                "00100100100111111110000",
                "10100100100111101110000"
              ]
            ],
            "seam_y": 15
          },
          "h": "00100100100110101110000",
          "next_active": 15,
          "p": "00100100100111111110000",
          "q": "10100100100111101110000",
          "router_edge": [
            "00100100100111111110000",
            "10100100100111101110000"
          ],
          "z": 0
        },
        {
          "active": 15,
          "auxiliary_edge": [
            "00000110110110111110000",
            "10000110100110111110000"
          ],
          "collar": {
            "a": [
              "00100100110110111110000",
              "00000110110110111110000",
              "00100110100110111110000"
            ],
            "active": [
              9,
              6,
              2
            ],
            "b": [
              "10000100110110111110000",
              "10000110100110111110000",
              "10100100100110111110000"
            ],
            "core": "00000100100110111110000",
            "new": [
              [
                "00100100110110111110000",
                "10100100100110111110000"
              ],
              [
                "00000110110110111110000",
                "10000100110110111110000"
              ],
              [
                "00100110100110111110000",
                "10000110100110111110000"
              ]
            ],
            "old": [
              [
                "00100100110110111110000",
                "10000100110110111110000"
              ],
              [
                "00000110110110111110000",
                "10000110100110111110000"
              ],
              [
                "00100110100110111110000",
                "10100100100110111110000"
              ]
            ],
            "seam_y": 0
          },
          "h": "00100100100110101110000",
          "next_active": 6,
          "p": "00100110100110111110000",
          "q": "10100100100110111110000",
          "router_edge": [
            "00100110100110111110000",
            "10100100100110111110000"
          ],
          "z": 0
        },
        {
          "active": 6,
          "auxiliary_edge": [
            "10100110100101101110000",
            "10100110110100101110000"
          ],
          "collar": {
            "a": [
              "00100110110110101110000",
              "10100110110100101110000",
              "10100110100110101110000"
            ],
            "active": [
              9,
              0,
              12
            ],
            "b": [
              "00100110110101101110000",
              "10100110100101101110000",
              "00100110100111101110000"
            ],
            "core": "00100110100100101110000",
            "new": [
              [
                "00100110100111101110000",
                "00100110110110101110000"
              ],
              [
                "00100110110101101110000",
                "10100110110100101110000"
              ],
              [
                "10100110100101101110000",
                "10100110100110101110000"
              ]
            ],
            "old": [
              [
                "00100110110101101110000",
                "00100110110110101110000"
              ],
              [
                "10100110100101101110000",
                "10100110110100101110000"
              ],
              [
                "00100110100111101110000",
                "10100110100110101110000"
              ]
            ],
            "seam_y": 13
          },
          "h": "00100100100110101110000",
          "next_active": 13,
          "p": "00100110100111101110000",
          "q": "10100110100110101110000",
          "router_edge": [
            "00100110100111101110000",
            "10100110100110101110000"
          ],
          "z": 0
        }
      ],
      "router_cycles": [
        [
          "11010000100111101110000",
          "01010000100111111110000",
          "00110000100111111110000",
          "00100100100111111110000",
          "10100100100111101110000",
          "11000100100111101110000"
        ],
        [
          "11010000100110111110000",
          "01010010100110111110000",
          "00110010100110111110000",
          "00100110100110111110000",
          "10100100100110111110000",
          "11000100100110111110000"
        ],
        [
          "11010010100110101110000",
          "01010010100111101110000",
          "00110010100111101110000",
          "00100110100111101110000",
          "10100110100110101110000",
          "11000110100110101110000"
        ]
      ],
      "token_permutation": [
        1,
        0,
        2
      ],
      "x1": 1,
      "x2": 3,
      "y1": 2,
      "y2": 5,
      "z": 0
    },
    {
      "active": [
        13,
        15,
        6
      ],
      "after_edges": [
        [
          "01010000110111111010000",
          "11010000110111101010000"
        ],
        [
          "00110000110111111010000",
          "01010000110111111010000"
        ],
        [
          "00100100110111111010000",
          "00110000110111111010000"
        ],
        [
          "10100100110111101010000",
          "11000100110111101010000"
        ],
        [
          "11000100110111101010000",
          "11010000110111101010000"
        ],
        [
          "01010010110110111010000",
          "11010000110110111010000"
        ],
        [
          "00110010110110111010000",
          "01010010110110111010000"
        ],
        [
          "00100110110110111010000",
          "00110010110110111010000"
        ],
        [
          "10100100110110111010000",
          "11000100110110111010000"
        ],
        [
          "11000100110110111010000",
          "11010000110110111010000"
        ],
        [
          "01010010110111101010000",
          "11010010110110101010000"
        ],
        [
          "00110010110111101010000",
          "01010010110111101010000"
        ],
        [
          "00100110110111101010000",
          "00110010110111101010000"
        ],
        [
          "10100110110110101010000",
          "11000110110110101010000"
        ],
        [
          "11000110110110101010000",
          "11010010110110101010000"
        ],
        [
          "00100100110111101110000",
          "00100100110111111010000"
        ],
        [
          "00100100110111011110000",
          "10100100110111001110000"
        ],
        [
          "10100100110111011010000",
          "10100100110111101010000"
        ],
        [
          "00100100110110111110000",
          "10100100110110111010000"
        ],
        [
          "00000110110110111110000",
          "10000100110110111110000"
        ],
        [
          "00100110110110111010000",
          "10000110110110111010000"
        ],
        [
          "00100110110110101110000",
          "00100110110111101010000"
        ],
        [
          "00100110110101101110000",
          "10100110110100101110000"
        ],
        [
          "10100110110101101010000",
          "10100110110110101010000"
        ]
      ],
      "before_edges": [
        [
          "01010000110111111010000",
          "11010000110111101010000"
        ],
        [
          "00110000110111111010000",
          "01010000110111111010000"
        ],
        [
          "00100100110111111010000",
          "00110000110111111010000"
        ],
        [
          "00100100110111111010000",
          "10100100110111101010000"
        ],
        [
          "10100100110111101010000",
          "11000100110111101010000"
        ],
        [
          "11000100110111101010000",
          "11010000110111101010000"
        ],
        [
          "01010010110110111010000",
          "11010000110110111010000"
        ],
        [
          "00110010110110111010000",
          "01010010110110111010000"
        ],
        [
          "00100110110110111010000",
          "00110010110110111010000"
        ],
        [
          "00100110110110111010000",
          "10100100110110111010000"
        ],
        [
          "10100100110110111010000",
          "11000100110110111010000"
        ],
        [
          "11000100110110111010000",
          "11010000110110111010000"
        ],
        [
          "01010010110111101010000",
          "11010010110110101010000"
        ],
        [
          "00110010110111101010000",
          "01010010110111101010000"
        ],
        [
          "00100110110111101010000",
          "00110010110111101010000"
        ],
        [
          "00100110110111101010000",
          "10100110110110101010000"
        ],
        [
          "10100110110110101010000",
          "11000110110110101010000"
        ],
        [
          "11000110110110101010000",
          "11010010110110101010000"
        ],
        [
          "00100100110111011110000",
          "00100100110111101110000"
        ],
        [
          "00100100110110111110000",
          "10000100110110111110000"
        ],
        [
          "00100110110101101110000",
          "00100110110110101110000"
        ],
        [
          "10100100110111001110000",
          "10100100110111011010000"
        ],
        [
          "00000110110110111110000",
          "10000110110110111010000"
        ],
        [
          "10100110110100101110000",
          "10100110110101101010000"
        ]
      ],
      "h": "00100100110110101010000",
      "k": "01010000110110101010000",
      "new_collar_edges": [
        [
          "00100100110111101110000",
          "00100100110111111010000"
        ],
        [
          "00100100110111011110000",
          "10100100110111001110000"
        ],
        [
          "10100100110111011010000",
          "10100100110111101010000"
        ],
        [
          "00100100110110111110000",
          "10100100110110111010000"
        ],
        [
          "00000110110110111110000",
          "10000100110110111110000"
        ],
        [
          "00100110110110111010000",
          "10000110110110111010000"
        ],
        [
          "00100110110110101110000",
          "00100110110111101010000"
        ],
        [
          "00100110110101101110000",
          "10100110110100101110000"
        ],
        [
          "10100110110101101010000",
          "10100110110110101010000"
        ]
      ],
      "old_collar_edges": [
        [
          "00100100110111011110000",
          "00100100110111101110000"
        ],
        [
          "10100100110111001110000",
          "10100100110111011010000"
        ],
        [
          "00100100110111111010000",
          "10100100110111101010000"
        ],
        [
          "00100100110110111110000",
          "10000100110110111110000"
        ],
        [
          "00000110110110111110000",
          "10000110110110111010000"
        ],
        [
          "00100110110110111010000",
          "10100100110110111010000"
        ],
        [
          "00100110110101101110000",
          "00100110110110101110000"
        ],
        [
          "10100110110100101110000",
          "10100110110101101010000"
        ],
        [
          "00100110110111101010000",
          "10100110110110101010000"
        ]
      ],
      "roles": [
        {
          "active": 13,
          "auxiliary_edge": [
            "10100100110111001110000",
            "10100100110111011010000"
          ],
          "collar": {
            "a": [
              "00100100110111101110000",
              "10100100110111001110000",
              "10100100110111101010000"
            ],
            "active": [
              17,
              0,
              14
            ],
            "b": [
              "00100100110111011110000",
              "10100100110111011010000",
              "00100100110111111010000"
            ],
            "core": "00100100110111001010000",
            "new": [
              [
                "00100100110111101110000",
                "00100100110111111010000"
              ],
              [
                "00100100110111011110000",
                "10100100110111001110000"
              ],
              [
                "10100100110111011010000",
                "10100100110111101010000"
              ]
            ],
            "old": [
              [
                "00100100110111011110000",
                "00100100110111101110000"
              ],
              [
                "10100100110111001110000",
                "10100100110111011010000"
              ],
              [
                "00100100110111111010000",
                "10100100110111101010000"
              ]
            ],
            "seam_y": 15
          },
          "h": "00100100110110101010000",
          "next_active": 15,
          "p": "00100100110111111010000",
          "q": "10100100110111101010000",
          "router_edge": [
            "00100100110111111010000",
            "10100100110111101010000"
          ],
          "z": 0
        },
        {
          "active": 15,
          "auxiliary_edge": [
            "00000110110110111110000",
            "10000110110110111010000"
          ],
          "collar": {
            "a": [
              "00100100110110111110000",
              "00000110110110111110000",
              "00100110110110111010000"
            ],
            "active": [
              17,
              6,
              2
            ],
            "b": [
              "10000100110110111110000",
              "10000110110110111010000",
              "10100100110110111010000"
            ],
            "core": "00000100110110111010000",
            "new": [
              [
                "00100100110110111110000",
                "10100100110110111010000"
              ],
              [
                "00000110110110111110000",
                "10000100110110111110000"
              ],
              [
                "00100110110110111010000",
                "10000110110110111010000"
              ]
            ],
            "old": [
              [
                "00100100110110111110000",
                "10000100110110111110000"
              ],
              [
                "00000110110110111110000",
                "10000110110110111010000"
              ],
              [
                "00100110110110111010000",
                "10100100110110111010000"
              ]
            ],
            "seam_y": 0
          },
          "h": "00100100110110101010000",
          "next_active": 6,
          "p": "00100110110110111010000",
          "q": "10100100110110111010000",
          "router_edge": [
            "00100110110110111010000",
            "10100100110110111010000"
          ],
          "z": 0
        },
        {
          "active": 6,
          "auxiliary_edge": [
            "10100110110100101110000",
            "10100110110101101010000"
          ],
          "collar": {
            "a": [
              "00100110110110101110000",
              "10100110110100101110000",
              "10100110110110101010000"
            ],
            "active": [
              17,
              0,
              12
            ],
            "b": [
              "00100110110101101110000",
              "10100110110101101010000",
              "00100110110111101010000"
            ],
            "core": "00100110110100101010000",
            "new": [
              [
                "00100110110110101110000",
                "00100110110111101010000"
              ],
              [
                "00100110110101101110000",
                "10100110110100101110000"
              ],
              [
                "10100110110101101010000",
                "10100110110110101010000"
              ]
            ],
            "old": [
              [
                "00100110110101101110000",
                "00100110110110101110000"
              ],
              [
                "10100110110100101110000",
                "10100110110101101010000"
              ],
              [
                "00100110110111101010000",
                "10100110110110101010000"
              ]
            ],
            "seam_y": 13
          },
          "h": "00100100110110101010000",
          "next_active": 13,
          "p": "00100110110111101010000",
          "q": "10100110110110101010000",
          "router_edge": [
            "00100110110111101010000",
            "10100110110110101010000"
          ],
          "z": 0
        }
      ],
      "router_cycles": [
        [
          "11010000110111101010000",
          "01010000110111111010000",
          "00110000110111111010000",
          "00100100110111111010000",
          "10100100110111101010000",
          "11000100110111101010000"
        ],
        [
          "11010000110110111010000",
          "01010010110110111010000",
          "00110010110110111010000",
          "00100110110110111010000",
          "10100100110110111010000",
          "11000100110110111010000"
        ],
        [
          "11010010110110101010000",
          "01010010110111101010000",
          "00110010110111101010000",
          "00100110110111101010000",
          "10100110110110101010000",
          "11000110110110101010000"
        ]
      ],
      "token_permutation": [
        1,
        0,
        2
      ],
      "x1": 1,
      "x2": 3,
      "y1": 2,
      "y2": 5,
      "z": 0
    },
    {
      "active": [
        13,
        15,
        6
      ],
      "after_edges": [
        [
          "01010000010111111110000",
          "11010000010111101110000"
        ],
        [
          "00110000010111111110000",
          "01010000010111111110000"
        ],
        [
          "00100100010111111110000",
          "00110000010111111110000"
        ],
        [
          "10100100010111101110000",
          "11000100010111101110000"
        ],
        [
          "11000100010111101110000",
          "11010000010111101110000"
        ],
        [
          "01010010010110111110000",
          "11010000010110111110000"
        ],
        [
          "00110010010110111110000",
          "01010010010110111110000"
        ],
        [
          "00100110010110111110000",
          "00110010010110111110000"
        ],
        [
          "10100100010110111110000",
          "11000100010110111110000"
        ],
        [
          "11000100010110111110000",
          "11010000010110111110000"
        ],
        [
          "01010010010111101110000",
          "11010010010110101110000"
        ],
        [
          "00110010010111101110000",
          "01010010010111101110000"
        ],
        [
          "00100110010111101110000",
          "00110010010111101110000"
        ],
        [
          "10100110010110101110000",
          "11000110010110101110000"
        ],
        [
          "11000110010110101110000",
          "11010010010110101110000"
        ],
        [
          "00100100010111111110000",
          "00100100110111101110000"
        ],
        [
          "00100100110111011110000",
          "10100100110111001110000"
        ],
        [
          "10100100010111011110000",
          "10100100010111101110000"
        ],
        [
          "00100100110110111110000",
          "10100100010110111110000"
        ],
        [
          "00000110110110111110000",
          "10000100110110111110000"
        ],
        [
          "00100110010110111110000",
          "10000110010110111110000"
        ],
        [
          "00100110010111101110000",
          "00100110110110101110000"
        ],
        [
          "00100110110101101110000",
          "10100110110100101110000"
        ],
        [
          "10100110010101101110000",
          "10100110010110101110000"
        ]
      ],
      "before_edges": [
        [
          "01010000010111111110000",
          "11010000010111101110000"
        ],
        [
          "00110000010111111110000",
          "01010000010111111110000"
        ],
        [
          "00100100010111111110000",
          "00110000010111111110000"
        ],
        [
          "00100100010111111110000",
          "10100100010111101110000"
        ],
        [
          "10100100010111101110000",
          "11000100010111101110000"
        ],
        [
          "11000100010111101110000",
          "11010000010111101110000"
        ],
        [
          "01010010010110111110000",
          "11010000010110111110000"
        ],
        [
          "00110010010110111110000",
          "01010010010110111110000"
        ],
        [
          "00100110010110111110000",
          "00110010010110111110000"
        ],
        [
          "00100110010110111110000",
          "10100100010110111110000"
        ],
        [
          "10100100010110111110000",
          "11000100010110111110000"
        ],
        [
          "11000100010110111110000",
          "11010000010110111110000"
        ],
        [
          "01010010010111101110000",
          "11010010010110101110000"
        ],
        [
          "00110010010111101110000",
          "01010010010111101110000"
        ],
        [
          "00100110010111101110000",
          "00110010010111101110000"
        ],
        [
          "00100110010111101110000",
          "10100110010110101110000"
        ],
        [
          "10100110010110101110000",
          "11000110010110101110000"
        ],
        [
          "11000110010110101110000",
          "11010010010110101110000"
        ],
        [
          "00100100110111011110000",
          "00100100110111101110000"
        ],
        [
          "00100100110110111110000",
          "10000100110110111110000"
        ],
        [
          "00100110110101101110000",
          "00100110110110101110000"
        ],
        [
          "10100100010111011110000",
          "10100100110111001110000"
        ],
        [
          "00000110110110111110000",
          "10000110010110111110000"
        ],
        [
          "10100110010101101110000",
          "10100110110100101110000"
        ]
      ],
      "h": "00100100010110101110000",
      "k": "01010000010110101110000",
      "new_collar_edges": [
        [
          "00100100010111111110000",
          "00100100110111101110000"
        ],
        [
          "00100100110111011110000",
          "10100100110111001110000"
        ],
        [
          "10100100010111011110000",
          "10100100010111101110000"
        ],
        [
          "00100100110110111110000",
          "10100100010110111110000"
        ],
        [
          "00000110110110111110000",
          "10000100110110111110000"
        ],
        [
          "00100110010110111110000",
          "10000110010110111110000"
        ],
        [
          "00100110010111101110000",
          "00100110110110101110000"
        ],
        [
          "00100110110101101110000",
          "10100110110100101110000"
        ],
        [
          "10100110010101101110000",
          "10100110010110101110000"
        ]
      ],
      "old_collar_edges": [
        [
          "00100100110111011110000",
          "00100100110111101110000"
        ],
        [
          "10100100010111011110000",
          "10100100110111001110000"
        ],
        [
          "00100100010111111110000",
          "10100100010111101110000"
        ],
        [
          "00100100110110111110000",
          "10000100110110111110000"
        ],
        [
          "00000110110110111110000",
          "10000110010110111110000"
        ],
        [
          "00100110010110111110000",
          "10100100010110111110000"
        ],
        [
          "00100110110101101110000",
          "00100110110110101110000"
        ],
        [
          "10100110010101101110000",
          "10100110110100101110000"
        ],
        [
          "00100110010111101110000",
          "10100110010110101110000"
        ]
      ],
      "roles": [
        {
          "active": 13,
          "auxiliary_edge": [
            "10100100010111011110000",
            "10100100110111001110000"
          ],
          "collar": {
            "a": [
              "00100100110111101110000",
              "10100100110111001110000",
              "10100100010111101110000"
            ],
            "active": [
              8,
              0,
              14
            ],
            "b": [
              "00100100110111011110000",
              "10100100010111011110000",
              "00100100010111111110000"
            ],
            "core": "00100100010111001110000",
            "new": [
              [
                "00100100010111111110000",
                "00100100110111101110000"
              ],
              [
                "00100100110111011110000",
                "10100100110111001110000"
              ],
              [
                "10100100010111011110000",
                "10100100010111101110000"
              ]
            ],
            "old": [
              [
                "00100100110111011110000",
                "00100100110111101110000"
              ],
              [
                "10100100010111011110000",
                "10100100110111001110000"
              ],
              [
                "00100100010111111110000",
                "10100100010111101110000"
              ]
            ],
            "seam_y": 15
          },
          "h": "00100100010110101110000",
          "next_active": 15,
          "p": "00100100010111111110000",
          "q": "10100100010111101110000",
          "router_edge": [
            "00100100010111111110000",
            "10100100010111101110000"
          ],
          "z": 0
        },
        {
          "active": 15,
          "auxiliary_edge": [
            "00000110110110111110000",
            "10000110010110111110000"
          ],
          "collar": {
            "a": [
              "00100100110110111110000",
              "00000110110110111110000",
              "00100110010110111110000"
            ],
            "active": [
              8,
              6,
              2
            ],
            "b": [
              "10000100110110111110000",
              "10000110010110111110000",
              "10100100010110111110000"
            ],
            "core": "00000100010110111110000",
            "new": [
              [
                "00100100110110111110000",
                "10100100010110111110000"
              ],
              [
                "00000110110110111110000",
                "10000100110110111110000"
              ],
              [
                "00100110010110111110000",
                "10000110010110111110000"
              ]
            ],
            "old": [
              [
                "00100100110110111110000",
                "10000100110110111110000"
              ],
              [
                "00000110110110111110000",
                "10000110010110111110000"
              ],
              [
                "00100110010110111110000",
                "10100100010110111110000"
              ]
            ],
            "seam_y": 0
          },
          "h": "00100100010110101110000",
          "next_active": 6,
          "p": "00100110010110111110000",
          "q": "10100100010110111110000",
          "router_edge": [
            "00100110010110111110000",
            "10100100010110111110000"
          ],
          "z": 0
        },
        {
          "active": 6,
          "auxiliary_edge": [
            "10100110010101101110000",
            "10100110110100101110000"
          ],
          "collar": {
            "a": [
              "00100110110110101110000",
              "10100110110100101110000",
              "10100110010110101110000"
            ],
            "active": [
              8,
              0,
              12
            ],
            "b": [
              "00100110110101101110000",
              "10100110010101101110000",
              "00100110010111101110000"
            ],
            "core": "00100110010100101110000",
            "new": [
              [
                "00100110010111101110000",
                "00100110110110101110000"
              ],
              [
                "00100110110101101110000",
                "10100110110100101110000"
              ],
              [
                "10100110010101101110000",
                "10100110010110101110000"
              ]
            ],
            "old": [
              [
                "00100110110101101110000",
                "00100110110110101110000"
              ],
              [
                "10100110010101101110000",
                "10100110110100101110000"
              ],
              [
                "00100110010111101110000",
                "10100110010110101110000"
              ]
            ],
            "seam_y": 13
          },
          "h": "00100100010110101110000",
          "next_active": 13,
          "p": "00100110010111101110000",
          "q": "10100110010110101110000",
          "router_edge": [
            "00100110010111101110000",
            "10100110010110101110000"
          ],
          "z": 0
        }
      ],
      "router_cycles": [
        [
          "11010000010111101110000",
          "01010000010111111110000",
          "00110000010111111110000",
          "00100100010111111110000",
          "10100100010111101110000",
          "11000100010111101110000"
        ],
        [
          "11010000010110111110000",
          "01010010010110111110000",
          "00110010010110111110000",
          "00100110010110111110000",
          "10100100010110111110000",
          "11000100010110111110000"
        ],
        [
          "11010010010110101110000",
          "01010010010111101110000",
          "00110010010111101110000",
          "00100110010111101110000",
          "10100110010110101110000",
          "11000110010110101110000"
        ]
      ],
      "token_permutation": [
        1,
        0,
        2
      ],
      "x1": 1,
      "x2": 3,
      "y1": 2,
      "y2": 5,
      "z": 0
    },
    {
      "active": [
        6,
        13,
        15
      ],
      "after_edges": [
        [
          "01010010110111100110000",
          "11010010110110100110000"
        ],
        [
          "00110010110111100110000",
          "01010010110111100110000"
        ],
        [
          "00100110110111100110000",
          "00110010110111100110000"
        ],
        [
          "10100110110110100110000",
          "11000110110110100110000"
        ],
        [
          "11000110110110100110000",
          "11010010110110100110000"
        ],
        [
          "01010000110111110110000",
          "11010000110111100110000"
        ],
        [
          "00110000110111110110000",
          "01010000110111110110000"
        ],
        [
          "00100100110111110110000",
          "00110000110111110110000"
        ],
        [
          "10100100110111100110000",
          "11000100110111100110000"
        ],
        [
          "11000100110111100110000",
          "11010000110111100110000"
        ],
        [
          "01010010110110110110000",
          "11010000110110110110000"
        ],
        [
          "00110010110110110110000",
          "01010010110110110110000"
        ],
        [
          "00100110110110110110000",
          "00110010110110110110000"
        ],
        [
          "10100100110110110110000",
          "11000100110110110110000"
        ],
        [
          "11000100110110110110000",
          "11010000110110110110000"
        ],
        [
          "00100110110110101110000",
          "00100110110111100110000"
        ],
        [
          "00100110110101101110000",
          "10100110110100101110000"
        ],
        [
          "10100110110101100110000",
          "10100110110110100110000"
        ],
        [
          "00100100110111101110000",
          "00100100110111110110000"
        ],
        [
          "00100100110111011110000",
          "10100100110111001110000"
        ],
        [
          "10100100110111010110000",
          "10100100110111100110000"
        ],
        [
          "00100100110110111110000",
          "10100100110110110110000"
        ],
        [
          "00000110110110111110000",
          "10000100110110111110000"
        ],
        [
          "00100110110110110110000",
          "10000110110110110110000"
        ]
      ],
      "before_edges": [
        [
          "01010010110111100110000",
          "11010010110110100110000"
        ],
        [
          "00110010110111100110000",
          "01010010110111100110000"
        ],
        [
          "00100110110111100110000",
          "00110010110111100110000"
        ],
        [
          "00100110110111100110000",
          "10100110110110100110000"
        ],
        [
          "10100110110110100110000",
          "11000110110110100110000"
        ],
        [
          "11000110110110100110000",
          "11010010110110100110000"
        ],
        [
          "01010000110111110110000",
          "11010000110111100110000"
        ],
        [
          "00110000110111110110000",
          "01010000110111110110000"
        ],
        [
          "00100100110111110110000",
          "00110000110111110110000"
        ],
        [
          "00100100110111110110000",
          "10100100110111100110000"
        ],
        [
          "10100100110111100110000",
          "11000100110111100110000"
        ],
        [
          "11000100110111100110000",
          "11010000110111100110000"
        ],
        [
          "01010010110110110110000",
          "11010000110110110110000"
        ],
        [
          "00110010110110110110000",
          "01010010110110110110000"
        ],
        [
          "00100110110110110110000",
          "00110010110110110110000"
        ],
        [
          "00100110110110110110000",
          "10100100110110110110000"
        ],
        [
          "10100100110110110110000",
          "11000100110110110110000"
        ],
        [
          "11000100110110110110000",
          "11010000110110110110000"
        ],
        [
          "00100110110101101110000",
          "00100110110110101110000"
        ],
        [
          "00100100110111011110000",
          "00100100110111101110000"
        ],
        [
          "00100100110110111110000",
          "10000100110110111110000"
        ],
        [
          "10100110110100101110000",
          "10100110110101100110000"
        ],
        [
          "10100100110111001110000",
          "10100100110111010110000"
        ],
        [
          "00000110110110111110000",
          "10000110110110110110000"
        ]
      ],
      "h": "00100100110110100110000",
      "k": "01010000110110100110000",
      "new_collar_edges": [
        [
          "00100110110110101110000",
          "00100110110111100110000"
        ],
        [
          "00100110110101101110000",
          "10100110110100101110000"
        ],
        [
          "10100110110101100110000",
          "10100110110110100110000"
        ],
        [
          "00100100110111101110000",
          "00100100110111110110000"
        ],
        [
          "00100100110111011110000",
          "10100100110111001110000"
        ],
        [
          "10100100110111010110000",
          "10100100110111100110000"
        ],
        [
          "00100100110110111110000",
          "10100100110110110110000"
        ],
        [
          "00000110110110111110000",
          "10000100110110111110000"
        ],
        [
          "00100110110110110110000",
          "10000110110110110110000"
        ]
      ],
      "old_collar_edges": [
        [
          "00100110110101101110000",
          "00100110110110101110000"
        ],
        [
          "10100110110100101110000",
          "10100110110101100110000"
        ],
        [
          "00100110110111100110000",
          "10100110110110100110000"
        ],
        [
          "00100100110111011110000",
          "00100100110111101110000"
        ],
        [
          "10100100110111001110000",
          "10100100110111010110000"
        ],
        [
          "00100100110111110110000",
          "10100100110111100110000"
        ],
        [
          "00100100110110111110000",
          "10000100110110111110000"
        ],
        [
          "00000110110110111110000",
          "10000110110110110110000"
        ],
        [
          "00100110110110110110000",
          "10100100110110110110000"
        ]
      ],
      "roles": [
        {
          "active": 6,
          "auxiliary_edge": [
            "10100110110100101110000",
            "10100110110101100110000"
          ],
          "collar": {
            "a": [
              "00100110110110101110000",
              "10100110110100101110000",
              "10100110110110100110000"
            ],
            "active": [
              16,
              0,
              12
            ],
            "b": [
              "00100110110101101110000",
              "10100110110101100110000",
              "00100110110111100110000"
            ],
            "core": "00100110110100100110000",
            "new": [
              [
                "00100110110110101110000",
                "00100110110111100110000"
              ],
              [
                "00100110110101101110000",
                "10100110110100101110000"
              ],
              [
                "10100110110101100110000",
                "10100110110110100110000"
              ]
            ],
            "old": [
              [
                "00100110110101101110000",
                "00100110110110101110000"
              ],
              [
                "10100110110100101110000",
                "10100110110101100110000"
              ],
              [
                "00100110110111100110000",
                "10100110110110100110000"
              ]
            ],
            "seam_y": 13
          },
          "h": "00100100110110100110000",
          "next_active": 13,
          "p": "00100110110111100110000",
          "q": "10100110110110100110000",
          "router_edge": [
            "00100110110111100110000",
            "10100110110110100110000"
          ],
          "z": 0
        },
        {
          "active": 13,
          "auxiliary_edge": [
            "10100100110111001110000",
            "10100100110111010110000"
          ],
          "collar": {
            "a": [
              "00100100110111101110000",
              "10100100110111001110000",
              "10100100110111100110000"
            ],
            "active": [
              16,
              0,
              14
            ],
            "b": [
              "00100100110111011110000",
              "10100100110111010110000",
              "00100100110111110110000"
            ],
            "core": "00100100110111000110000",
            "new": [
              [
                "00100100110111101110000",
                "00100100110111110110000"
              ],
              [
                "00100100110111011110000",
                "10100100110111001110000"
              ],
              [
                "10100100110111010110000",
                "10100100110111100110000"
              ]
            ],
            "old": [
              [
                "00100100110111011110000",
                "00100100110111101110000"
              ],
              [
                "10100100110111001110000",
                "10100100110111010110000"
              ],
              [
                "00100100110111110110000",
                "10100100110111100110000"
              ]
            ],
            "seam_y": 15
          },
          "h": "00100100110110100110000",
          "next_active": 15,
          "p": "00100100110111110110000",
          "q": "10100100110111100110000",
          "router_edge": [
            "00100100110111110110000",
            "10100100110111100110000"
          ],
          "z": 0
        },
        {
          "active": 15,
          "auxiliary_edge": [
            "00000110110110111110000",
            "10000110110110110110000"
          ],
          "collar": {
            "a": [
              "00100100110110111110000",
              "00000110110110111110000",
              "00100110110110110110000"
            ],
            "active": [
              16,
              6,
              2
            ],
            "b": [
              "10000100110110111110000",
              "10000110110110110110000",
              "10100100110110110110000"
            ],
            "core": "00000100110110110110000",
            "new": [
              [
                "00100100110110111110000",
                "10100100110110110110000"
              ],
              [
                "00000110110110111110000",
                "10000100110110111110000"
              ],
              [
                "00100110110110110110000",
                "10000110110110110110000"
              ]
            ],
            "old": [
              [
                "00100100110110111110000",
                "10000100110110111110000"
              ],
              [
                "00000110110110111110000",
                "10000110110110110110000"
              ],
              [
                "00100110110110110110000",
                "10100100110110110110000"
              ]
            ],
            "seam_y": 0
          },
          "h": "00100100110110100110000",
          "next_active": 6,
          "p": "00100110110110110110000",
          "q": "10100100110110110110000",
          "router_edge": [
            "00100110110110110110000",
            "10100100110110110110000"
          ],
          "z": 0
        }
      ],
      "router_cycles": [
        [
          "11010010110110100110000",
          "01010010110111100110000",
          "00110010110111100110000",
          "00100110110111100110000",
          "10100110110110100110000",
          "11000110110110100110000"
        ],
        [
          "11010000110111100110000",
          "01010000110111110110000",
          "00110000110111110110000",
          "00100100110111110110000",
          "10100100110111100110000",
          "11000100110111100110000"
        ],
        [
          "11010000110110110110000",
          "01010010110110110110000",
          "00110010110110110110000",
          "00100110110110110110000",
          "10100100110110110110000",
          "11000100110110110110000"
        ]
      ],
      "token_permutation": [
        2,
        1,
        0
      ],
      "x1": 1,
      "x2": 3,
      "y1": 2,
      "y2": 5,
      "z": 0
    },
    {
      "active": [
        6,
        13,
        15
      ],
      "after_edges": [
        [
          "01010010110011101110000",
          "11010010110010101110000"
        ],
        [
          "00110010110011101110000",
          "01010010110011101110000"
        ],
        [
          "00100110110011101110000",
          "00110010110011101110000"
        ],
        [
          "10100110110010101110000",
          "11000110110010101110000"
        ],
        [
          "11000110110010101110000",
          "11010010110010101110000"
        ],
        [
          "01010000110011111110000",
          "11010000110011101110000"
        ],
        [
          "00110000110011111110000",
          "01010000110011111110000"
        ],
        [
          "00100100110011111110000",
          "00110000110011111110000"
        ],
        [
          "10100100110011101110000",
          "11000100110011101110000"
        ],
        [
          "11000100110011101110000",
          "11010000110011101110000"
        ],
        [
          "01010010110010111110000",
          "11010000110010111110000"
        ],
        [
          "00110010110010111110000",
          "01010010110010111110000"
        ],
        [
          "00100110110010111110000",
          "00110010110010111110000"
        ],
        [
          "10100100110010111110000",
          "11000100110010111110000"
        ],
        [
          "11000100110010111110000",
          "11010000110010111110000"
        ],
        [
          "00100110110011101110000",
          "00100110110110101110000"
        ],
        [
          "00100110110101101110000",
          "10100110110100101110000"
        ],
        [
          "10100110110001101110000",
          "10100110110010101110000"
        ],
        [
          "00100100110011111110000",
          "00100100110111101110000"
        ],
        [
          "00100100110111011110000",
          "10100100110111001110000"
        ],
        [
          "10100100110011011110000",
          "10100100110011101110000"
        ],
        [
          "00100100110110111110000",
          "10100100110010111110000"
        ],
        [
          "00000110110110111110000",
          "10000100110110111110000"
        ],
        [
          "00100110110010111110000",
          "10000110110010111110000"
        ]
      ],
      "before_edges": [
        [
          "01010010110011101110000",
          "11010010110010101110000"
        ],
        [
          "00110010110011101110000",
          "01010010110011101110000"
        ],
        [
          "00100110110011101110000",
          "00110010110011101110000"
        ],
        [
          "00100110110011101110000",
          "10100110110010101110000"
        ],
        [
          "10100110110010101110000",
          "11000110110010101110000"
        ],
        [
          "11000110110010101110000",
          "11010010110010101110000"
        ],
        [
          "01010000110011111110000",
          "11010000110011101110000"
        ],
        [
          "00110000110011111110000",
          "01010000110011111110000"
        ],
        [
          "00100100110011111110000",
          "00110000110011111110000"
        ],
        [
          "00100100110011111110000",
          "10100100110011101110000"
        ],
        [
          "10100100110011101110000",
          "11000100110011101110000"
        ],
        [
          "11000100110011101110000",
          "11010000110011101110000"
        ],
        [
          "01010010110010111110000",
          "11010000110010111110000"
        ],
        [
          "00110010110010111110000",
          "01010010110010111110000"
        ],
        [
          "00100110110010111110000",
          "00110010110010111110000"
        ],
        [
          "00100110110010111110000",
          "10100100110010111110000"
        ],
        [
          "10100100110010111110000",
          "11000100110010111110000"
        ],
        [
          "11000100110010111110000",
          "11010000110010111110000"
        ],
        [
          "00100110110101101110000",
          "00100110110110101110000"
        ],
        [
          "00100100110111011110000",
          "00100100110111101110000"
        ],
        [
          "00100100110110111110000",
          "10000100110110111110000"
        ],
        [
          "10100110110001101110000",
          "10100110110100101110000"
        ],
        [
          "10100100110011011110000",
          "10100100110111001110000"
        ],
        [
          "00000110110110111110000",
          "10000110110010111110000"
        ]
      ],
      "h": "00100100110010101110000",
      "k": "01010000110010101110000",
      "new_collar_edges": [
        [
          "00100110110011101110000",
          "00100110110110101110000"
        ],
        [
          "00100110110101101110000",
          "10100110110100101110000"
        ],
        [
          "10100110110001101110000",
          "10100110110010101110000"
        ],
        [
          "00100100110011111110000",
          "00100100110111101110000"
        ],
        [
          "00100100110111011110000",
          "10100100110111001110000"
        ],
        [
          "10100100110011011110000",
          "10100100110011101110000"
        ],
        [
          "00100100110110111110000",
          "10100100110010111110000"
        ],
        [
          "00000110110110111110000",
          "10000100110110111110000"
        ],
        [
          "00100110110010111110000",
          "10000110110010111110000"
        ]
      ],
      "old_collar_edges": [
        [
          "00100110110101101110000",
          "00100110110110101110000"
        ],
        [
          "10100110110001101110000",
          "10100110110100101110000"
        ],
        [
          "00100110110011101110000",
          "10100110110010101110000"
        ],
        [
          "00100100110111011110000",
          "00100100110111101110000"
        ],
        [
          "10100100110011011110000",
          "10100100110111001110000"
        ],
        [
          "00100100110011111110000",
          "10100100110011101110000"
        ],
        [
          "00100100110110111110000",
          "10000100110110111110000"
        ],
        [
          "00000110110110111110000",
          "10000110110010111110000"
        ],
        [
          "00100110110010111110000",
          "10100100110010111110000"
        ]
      ],
      "roles": [
        {
          "active": 6,
          "auxiliary_edge": [
            "10100110110001101110000",
            "10100110110100101110000"
          ],
          "collar": {
            "a": [
              "00100110110110101110000",
              "10100110110100101110000",
              "10100110110010101110000"
            ],
            "active": [
              11,
              0,
              12
            ],
            "b": [
              "00100110110101101110000",
              "10100110110001101110000",
              "00100110110011101110000"
            ],
            "core": "00100110110000101110000",
            "new": [
              [
                "00100110110011101110000",
                "00100110110110101110000"
              ],
              [
                "00100110110101101110000",
                "10100110110100101110000"
              ],
              [
                "10100110110001101110000",
                "10100110110010101110000"
              ]
            ],
            "old": [
              [
                "00100110110101101110000",
                "00100110110110101110000"
              ],
              [
                "10100110110001101110000",
                "10100110110100101110000"
              ],
              [
                "00100110110011101110000",
                "10100110110010101110000"
              ]
            ],
            "seam_y": 13
          },
          "h": "00100100110010101110000",
          "next_active": 13,
          "p": "00100110110011101110000",
          "q": "10100110110010101110000",
          "router_edge": [
            "00100110110011101110000",
            "10100110110010101110000"
          ],
          "z": 0
        },
        {
          "active": 13,
          "auxiliary_edge": [
            "10100100110011011110000",
            "10100100110111001110000"
          ],
          "collar": {
            "a": [
              "00100100110111101110000",
              "10100100110111001110000",
              "10100100110011101110000"
            ],
            "active": [
              11,
              0,
              14
            ],
            "b": [
              "00100100110111011110000",
              "10100100110011011110000",
              "00100100110011111110000"
            ],
            "core": "00100100110011001110000",
            "new": [
              [
                "00100100110011111110000",
                "00100100110111101110000"
              ],
              [
                "00100100110111011110000",
                "10100100110111001110000"
              ],
              [
                "10100100110011011110000",
                "10100100110011101110000"
              ]
            ],
            "old": [
              [
                "00100100110111011110000",
                "00100100110111101110000"
              ],
              [
                "10100100110011011110000",
                "10100100110111001110000"
              ],
              [
                "00100100110011111110000",
                "10100100110011101110000"
              ]
            ],
            "seam_y": 15
          },
          "h": "00100100110010101110000",
          "next_active": 15,
          "p": "00100100110011111110000",
          "q": "10100100110011101110000",
          "router_edge": [
            "00100100110011111110000",
            "10100100110011101110000"
          ],
          "z": 0
        },
        {
          "active": 15,
          "auxiliary_edge": [
            "00000110110110111110000",
            "10000110110010111110000"
          ],
          "collar": {
            "a": [
              "00100100110110111110000",
              "00000110110110111110000",
              "00100110110010111110000"
            ],
            "active": [
              11,
              6,
              2
            ],
            "b": [
              "10000100110110111110000",
              "10000110110010111110000",
              "10100100110010111110000"
            ],
            "core": "00000100110010111110000",
            "new": [
              [
                "00100100110110111110000",
                "10100100110010111110000"
              ],
              [
                "00000110110110111110000",
                "10000100110110111110000"
              ],
              [
                "00100110110010111110000",
                "10000110110010111110000"
              ]
            ],
            "old": [
              [
                "00100100110110111110000",
                "10000100110110111110000"
              ],
              [
                "00000110110110111110000",
                "10000110110010111110000"
              ],
              [
                "00100110110010111110000",
                "10100100110010111110000"
              ]
            ],
            "seam_y": 0
          },
          "h": "00100100110010101110000",
          "next_active": 6,
          "p": "00100110110010111110000",
          "q": "10100100110010111110000",
          "router_edge": [
            "00100110110010111110000",
            "10100100110010111110000"
          ],
          "z": 0
        }
      ],
      "router_cycles": [
        [
          "11010010110010101110000",
          "01010010110011101110000",
          "00110010110011101110000",
          "00100110110011101110000",
          "10100110110010101110000",
          "11000110110010101110000"
        ],
        [
          "11010000110011101110000",
          "01010000110011111110000",
          "00110000110011111110000",
          "00100100110011111110000",
          "10100100110011101110000",
          "11000100110011101110000"
        ],
        [
          "11010000110010111110000",
          "01010010110010111110000",
          "00110010110010111110000",
          "00100110110010111110000",
          "10100100110010111110000",
          "11000100110010111110000"
        ]
      ],
      "token_permutation": [
        2,
        1,
        0
      ],
      "x1": 1,
      "x2": 3,
      "y1": 2,
      "y2": 5,
      "z": 0
    },
    {
      "active": [
        6,
        13,
        15
      ],
      "after_edges": [
        [
          "01010010110111101100000",
          "11010010110110101100000"
        ],
        [
          "00110010110111101100000",
          "01010010110111101100000"
        ],
        [
          "00100110110111101100000",
          "00110010110111101100000"
        ],
        [
          "10100110110110101100000",
          "11000110110110101100000"
        ],
        [
          "11000110110110101100000",
          "11010010110110101100000"
        ],
        [
          "01010000110111111100000",
          "11010000110111101100000"
        ],
        [
          "00110000110111111100000",
          "01010000110111111100000"
        ],
        [
          "00100100110111111100000",
          "00110000110111111100000"
        ],
        [
          "10100100110111101100000",
          "11000100110111101100000"
        ],
        [
          "11000100110111101100000",
          "11010000110111101100000"
        ],
        [
          "01010010110110111100000",
          "11010000110110111100000"
        ],
        [
          "00110010110110111100000",
          "01010010110110111100000"
        ],
        [
          "00100110110110111100000",
          "00110010110110111100000"
        ],
        [
          "10100100110110111100000",
          "11000100110110111100000"
        ],
        [
          "11000100110110111100000",
          "11010000110110111100000"
        ],
        [
          "00100110110110101110000",
          "00100110110111101100000"
        ],
        [
          "00100110110101101110000",
          "10100110110100101110000"
        ],
        [
          "10100110110101101100000",
          "10100110110110101100000"
        ],
        [
          "00100100110111101110000",
          "00100100110111111100000"
        ],
        [
          "00100100110111011110000",
          "10100100110111001110000"
        ],
        [
          "10100100110111011100000",
          "10100100110111101100000"
        ],
        [
          "00100100110110111110000",
          "10100100110110111100000"
        ],
        [
          "00000110110110111110000",
          "10000100110110111110000"
        ],
        [
          "00100110110110111100000",
          "10000110110110111100000"
        ]
      ],
      "before_edges": [
        [
          "01010010110111101100000",
          "11010010110110101100000"
        ],
        [
          "00110010110111101100000",
          "01010010110111101100000"
        ],
        [
          "00100110110111101100000",
          "00110010110111101100000"
        ],
        [
          "00100110110111101100000",
          "10100110110110101100000"
        ],
        [
          "10100110110110101100000",
          "11000110110110101100000"
        ],
        [
          "11000110110110101100000",
          "11010010110110101100000"
        ],
        [
          "01010000110111111100000",
          "11010000110111101100000"
        ],
        [
          "00110000110111111100000",
          "01010000110111111100000"
        ],
        [
          "00100100110111111100000",
          "00110000110111111100000"
        ],
        [
          "00100100110111111100000",
          "10100100110111101100000"
        ],
        [
          "10100100110111101100000",
          "11000100110111101100000"
        ],
        [
          "11000100110111101100000",
          "11010000110111101100000"
        ],
        [
          "01010010110110111100000",
          "11010000110110111100000"
        ],
        [
          "00110010110110111100000",
          "01010010110110111100000"
        ],
        [
          "00100110110110111100000",
          "00110010110110111100000"
        ],
        [
          "00100110110110111100000",
          "10100100110110111100000"
        ],
        [
          "10100100110110111100000",
          "11000100110110111100000"
        ],
        [
          "11000100110110111100000",
          "11010000110110111100000"
        ],
        [
          "00100110110101101110000",
          "00100110110110101110000"
        ],
        [
          "00100100110111011110000",
          "00100100110111101110000"
        ],
        [
          "00100100110110111110000",
          "10000100110110111110000"
        ],
        [
          "10100110110100101110000",
          "10100110110101101100000"
        ],
        [
          "10100100110111001110000",
          "10100100110111011100000"
        ],
        [
          "00000110110110111110000",
          "10000110110110111100000"
        ]
      ],
      "h": "00100100110110101100000",
      "k": "01010000110110101100000",
      "new_collar_edges": [
        [
          "00100110110110101110000",
          "00100110110111101100000"
        ],
        [
          "00100110110101101110000",
          "10100110110100101110000"
        ],
        [
          "10100110110101101100000",
          "10100110110110101100000"
        ],
        [
          "00100100110111101110000",
          "00100100110111111100000"
        ],
        [
          "00100100110111011110000",
          "10100100110111001110000"
        ],
        [
          "10100100110111011100000",
          "10100100110111101100000"
        ],
        [
          "00100100110110111110000",
          "10100100110110111100000"
        ],
        [
          "00000110110110111110000",
          "10000100110110111110000"
        ],
        [
          "00100110110110111100000",
          "10000110110110111100000"
        ]
      ],
      "old_collar_edges": [
        [
          "00100110110101101110000",
          "00100110110110101110000"
        ],
        [
          "10100110110100101110000",
          "10100110110101101100000"
        ],
        [
          "00100110110111101100000",
          "10100110110110101100000"
        ],
        [
          "00100100110111011110000",
          "00100100110111101110000"
        ],
        [
          "10100100110111001110000",
          "10100100110111011100000"
        ],
        [
          "00100100110111111100000",
          "10100100110111101100000"
        ],
        [
          "00100100110110111110000",
          "10000100110110111110000"
        ],
        [
          "00000110110110111110000",
          "10000110110110111100000"
        ],
        [
          "00100110110110111100000",
          "10100100110110111100000"
        ]
      ],
      "roles": [
        {
          "active": 6,
          "auxiliary_edge": [
            "10100110110100101110000",
            "10100110110101101100000"
          ],
          "collar": {
            "a": [
              "00100110110110101110000",
              "10100110110100101110000",
              "10100110110110101100000"
            ],
            "active": [
              18,
              0,
              12
            ],
            "b": [
              "00100110110101101110000",
              "10100110110101101100000",
              "00100110110111101100000"
            ],
            "core": "00100110110100101100000",
            "new": [
              [
                "00100110110110101110000",
                "00100110110111101100000"
              ],
              [
                "00100110110101101110000",
                "10100110110100101110000"
              ],
              [
                "10100110110101101100000",
                "10100110110110101100000"
              ]
            ],
            "old": [
              [
                "00100110110101101110000",
                "00100110110110101110000"
              ],
              [
                "10100110110100101110000",
                "10100110110101101100000"
              ],
              [
                "00100110110111101100000",
                "10100110110110101100000"
              ]
            ],
            "seam_y": 13
          },
          "h": "00100100110110101100000",
          "next_active": 13,
          "p": "00100110110111101100000",
          "q": "10100110110110101100000",
          "router_edge": [
            "00100110110111101100000",
            "10100110110110101100000"
          ],
          "z": 0
        },
        {
          "active": 13,
          "auxiliary_edge": [
            "10100100110111001110000",
            "10100100110111011100000"
          ],
          "collar": {
            "a": [
              "00100100110111101110000",
              "10100100110111001110000",
              "10100100110111101100000"
            ],
            "active": [
              18,
              0,
              14
            ],
            "b": [
              "00100100110111011110000",
              "10100100110111011100000",
              "00100100110111111100000"
            ],
            "core": "00100100110111001100000",
            "new": [
              [
                "00100100110111101110000",
                "00100100110111111100000"
              ],
              [
                "00100100110111011110000",
                "10100100110111001110000"
              ],
              [
                "10100100110111011100000",
                "10100100110111101100000"
              ]
            ],
            "old": [
              [
                "00100100110111011110000",
                "00100100110111101110000"
              ],
              [
                "10100100110111001110000",
                "10100100110111011100000"
              ],
              [
                "00100100110111111100000",
                "10100100110111101100000"
              ]
            ],
            "seam_y": 15
          },
          "h": "00100100110110101100000",
          "next_active": 15,
          "p": "00100100110111111100000",
          "q": "10100100110111101100000",
          "router_edge": [
            "00100100110111111100000",
            "10100100110111101100000"
          ],
          "z": 0
        },
        {
          "active": 15,
          "auxiliary_edge": [
            "00000110110110111110000",
            "10000110110110111100000"
          ],
          "collar": {
            "a": [
              "00100100110110111110000",
              "00000110110110111110000",
              "00100110110110111100000"
            ],
            "active": [
              18,
              6,
              2
            ],
            "b": [
              "10000100110110111110000",
              "10000110110110111100000",
              "10100100110110111100000"
            ],
            "core": "00000100110110111100000",
            "new": [
              [
                "00100100110110111110000",
                "10100100110110111100000"
              ],
              [
                "00000110110110111110000",
                "10000100110110111110000"
              ],
              [
                "00100110110110111100000",
                "10000110110110111100000"
              ]
            ],
            "old": [
              [
                "00100100110110111110000",
                "10000100110110111110000"
              ],
              [
                "00000110110110111110000",
                "10000110110110111100000"
              ],
              [
                "00100110110110111100000",
                "10100100110110111100000"
              ]
            ],
            "seam_y": 0
          },
          "h": "00100100110110101100000",
          "next_active": 6,
          "p": "00100110110110111100000",
          "q": "10100100110110111100000",
          "router_edge": [
            "00100110110110111100000",
            "10100100110110111100000"
          ],
          "z": 0
        }
      ],
      "router_cycles": [
        [
          "11010010110110101100000",
          "01010010110111101100000",
          "00110010110111101100000",
          "00100110110111101100000",
          "10100110110110101100000",
          "11000110110110101100000"
        ],
        [
          "11010000110111101100000",
          "01010000110111111100000",
          "00110000110111111100000",
          "00100100110111111100000",
          "10100100110111101100000",
          "11000100110111101100000"
        ],
        [
          "11010000110110111100000",
          "01010010110110111100000",
          "00110010110110111100000",
          "00100110110110111100000",
          "10100100110110111100000",
          "11000100110110111100000"
        ]
      ],
      "token_permutation": [
        2,
        1,
        0
      ],
      "x1": 1,
      "x2": 3,
      "y1": 2,
      "y2": 5,
      "z": 0
    },
    {
      "active": [
        6,
        13,
        15
      ],
      "after_edges": [
        [
          "01010010010111101110000",
          "11010010010110101110000"
        ],
        [
          "00110010010111101110000",
          "01010010010111101110000"
        ],
        [
          "00100010110111101110000",
          "00110010010111101110000"
        ],
        [
          "10100010110110101110000",
          "11000010110110101110000"
        ],
        [
          "11000010110110101110000",
          "11010010010110101110000"
        ],
        [
          "01010000010111111110000",
          "11010000010111101110000"
        ],
        [
          "00110000010111111110000",
          "01010000010111111110000"
        ],
        [
          "00100000110111111110000",
          "00110000010111111110000"
        ],
        [
          "10100000110111101110000",
          "11000000110111101110000"
        ],
        [
          "11000000110111101110000",
          "11010000010111101110000"
        ],
        [
          "01010010010110111110000",
          "11010000010110111110000"
        ],
        [
          "00110010010110111110000",
          "01010010010110111110000"
        ],
        [
          "00100010110110111110000",
          "00110010010110111110000"
        ],
        [
          "10100000110110111110000",
          "11000000110110111110000"
        ],
        [
          "11000000110110111110000",
          "11010000010110111110000"
        ],
        [
          "00100010110111101110000",
          "00100110110110101110000"
        ],
        [
          "00100110110101101110000",
          "10100110110100101110000"
        ],
        [
          "10100010110101101110000",
          "10100010110110101110000"
        ],
        [
          "00100000110111111110000",
          "00100100110111101110000"
        ],
        [
          "00100100110111011110000",
          "10100100110111001110000"
        ],
        [
          "10100000110111011110000",
          "10100000110111101110000"
        ],
        [
          "00100100110110111110000",
          "10100000110110111110000"
        ],
        [
          "00000110110110111110000",
          "10000100110110111110000"
        ],
        [
          "00100010110110111110000",
          "10000010110110111110000"
        ]
      ],
      "before_edges": [
        [
          "01010010010111101110000",
          "11010010010110101110000"
        ],
        [
          "00110010010111101110000",
          "01010010010111101110000"
        ],
        [
          "00100010110111101110000",
          "00110010010111101110000"
        ],
        [
          "00100010110111101110000",
          "10100010110110101110000"
        ],
        [
          "10100010110110101110000",
          "11000010110110101110000"
        ],
        [
          "11000010110110101110000",
          "11010010010110101110000"
        ],
        [
          "01010000010111111110000",
          "11010000010111101110000"
        ],
        [
          "00110000010111111110000",
          "01010000010111111110000"
        ],
        [
          "00100000110111111110000",
          "00110000010111111110000"
        ],
        [
          "00100000110111111110000",
          "10100000110111101110000"
        ],
        [
          "10100000110111101110000",
          "11000000110111101110000"
        ],
        [
          "11000000110111101110000",
          "11010000010111101110000"
        ],
        [
          "01010010010110111110000",
          "11010000010110111110000"
        ],
        [
          "00110010010110111110000",
          "01010010010110111110000"
        ],
        [
          "00100010110110111110000",
          "00110010010110111110000"
        ],
        [
          "00100010110110111110000",
          "10100000110110111110000"
        ],
        [
          "10100000110110111110000",
          "11000000110110111110000"
        ],
        [
          "11000000110110111110000",
          "11010000010110111110000"
        ],
        [
          "00100110110101101110000",
          "00100110110110101110000"
        ],
        [
          "00100100110111011110000",
          "00100100110111101110000"
        ],
        [
          "00100100110110111110000",
          "10000100110110111110000"
        ],
        [
          "10100010110101101110000",
          "10100110110100101110000"
        ],
        [
          "10100000110111011110000",
          "10100100110111001110000"
        ],
        [
          "00000110110110111110000",
          "10000010110110111110000"
        ]
      ],
      "h": "00100000110110101110000",
      "k": "01010000010110101110000",
      "new_collar_edges": [
        [
          "00100010110111101110000",
          "00100110110110101110000"
        ],
        [
          "00100110110101101110000",
          "10100110110100101110000"
        ],
        [
          "10100010110101101110000",
          "10100010110110101110000"
        ],
        [
          "00100000110111111110000",
          "00100100110111101110000"
        ],
        [
          "00100100110111011110000",
          "10100100110111001110000"
        ],
        [
          "10100000110111011110000",
          "10100000110111101110000"
        ],
        [
          "00100100110110111110000",
          "10100000110110111110000"
        ],
        [
          "00000110110110111110000",
          "10000100110110111110000"
        ],
        [
          "00100010110110111110000",
          "10000010110110111110000"
        ]
      ],
      "old_collar_edges": [
        [
          "00100110110101101110000",
          "00100110110110101110000"
        ],
        [
          "10100010110101101110000",
          "10100110110100101110000"
        ],
        [
          "00100010110111101110000",
          "10100010110110101110000"
        ],
        [
          "00100100110111011110000",
          "00100100110111101110000"
        ],
        [
          "10100000110111011110000",
          "10100100110111001110000"
        ],
        [
          "00100000110111111110000",
          "10100000110111101110000"
        ],
        [
          "00100100110110111110000",
          "10000100110110111110000"
        ],
        [
          "00000110110110111110000",
          "10000010110110111110000"
        ],
        [
          "00100010110110111110000",
          "10100000110110111110000"
        ]
      ],
      "roles": [
        {
          "active": 6,
          "auxiliary_edge": [
            "10100010110101101110000",
            "10100110110100101110000"
          ],
          "collar": {
            "a": [
              "00100110110110101110000",
              "10100110110100101110000",
              "10100010110110101110000"
            ],
            "active": [
              5,
              0,
              12
            ],
            "b": [
              "00100110110101101110000",
              "10100010110101101110000",
              "00100010110111101110000"
            ],
            "core": "00100010110100101110000",
            "new": [
              [
                "00100010110111101110000",
                "00100110110110101110000"
              ],
              [
                "00100110110101101110000",
                "10100110110100101110000"
              ],
              [
                "10100010110101101110000",
                "10100010110110101110000"
              ]
            ],
            "old": [
              [
                "00100110110101101110000",
                "00100110110110101110000"
              ],
              [
                "10100010110101101110000",
                "10100110110100101110000"
              ],
              [
                "00100010110111101110000",
                "10100010110110101110000"
              ]
            ],
            "seam_y": 13
          },
          "h": "00100000110110101110000",
          "next_active": 13,
          "p": "00100010110111101110000",
          "q": "10100010110110101110000",
          "router_edge": [
            "00100010110111101110000",
            "10100010110110101110000"
          ],
          "z": 0
        },
        {
          "active": 13,
          "auxiliary_edge": [
            "10100000110111011110000",
            "10100100110111001110000"
          ],
          "collar": {
            "a": [
              "00100100110111101110000",
              "10100100110111001110000",
              "10100000110111101110000"
            ],
            "active": [
              5,
              0,
              14
            ],
            "b": [
              "00100100110111011110000",
              "10100000110111011110000",
              "00100000110111111110000"
            ],
            "core": "00100000110111001110000",
            "new": [
              [
                "00100000110111111110000",
                "00100100110111101110000"
              ],
              [
                "00100100110111011110000",
                "10100100110111001110000"
              ],
              [
                "10100000110111011110000",
                "10100000110111101110000"
              ]
            ],
            "old": [
              [
                "00100100110111011110000",
                "00100100110111101110000"
              ],
              [
                "10100000110111011110000",
                "10100100110111001110000"
              ],
              [
                "00100000110111111110000",
                "10100000110111101110000"
              ]
            ],
            "seam_y": 15
          },
          "h": "00100000110110101110000",
          "next_active": 15,
          "p": "00100000110111111110000",
          "q": "10100000110111101110000",
          "router_edge": [
            "00100000110111111110000",
            "10100000110111101110000"
          ],
          "z": 0
        },
        {
          "active": 15,
          "auxiliary_edge": [
            "00000110110110111110000",
            "10000010110110111110000"
          ],
          "collar": {
            "a": [
              "00100100110110111110000",
              "00000110110110111110000",
              "00100010110110111110000"
            ],
            "active": [
              5,
              6,
              2
            ],
            "b": [
              "10000100110110111110000",
              "10000010110110111110000",
              "10100000110110111110000"
            ],
            "core": "00000000110110111110000",
            "new": [
              [
                "00100100110110111110000",
                "10100000110110111110000"
              ],
              [
                "00000110110110111110000",
                "10000100110110111110000"
              ],
              [
                "00100010110110111110000",
                "10000010110110111110000"
              ]
            ],
            "old": [
              [
                "00100100110110111110000",
                "10000100110110111110000"
              ],
              [
                "00000110110110111110000",
                "10000010110110111110000"
              ],
              [
                "00100010110110111110000",
                "10100000110110111110000"
              ]
            ],
            "seam_y": 0
          },
          "h": "00100000110110101110000",
          "next_active": 6,
          "p": "00100010110110111110000",
          "q": "10100000110110111110000",
          "router_edge": [
            "00100010110110111110000",
            "10100000110110111110000"
          ],
          "z": 0
        }
      ],
      "router_cycles": [
        [
          "11010010010110101110000",
          "01010010010111101110000",
          "00110010010111101110000",
          "00100010110111101110000",
          "10100010110110101110000",
          "11000010110110101110000"
        ],
        [
          "11010000010111101110000",
          "01010000010111111110000",
          "00110000010111111110000",
          "00100000110111111110000",
          "10100000110111101110000",
          "11000000110111101110000"
        ],
        [
          "11010000010110111110000",
          "01010010010110111110000",
          "00110010010110111110000",
          "00100010110110111110000",
          "10100000110110111110000",
          "11000000110110111110000"
        ]
      ],
      "token_permutation": [
        2,
        1,
        0
      ],
      "x1": 1,
      "x2": 3,
      "y1": 2,
      "y2": 8,
      "z": 0
    },
    {
      "active": [
        6,
        13,
        15
      ],
      "after_edges": [
        [
          "01010010100111101110000",
          "11010010100110101110000"
        ],
        [
          "00110010100111101110000",
          "01010010100111101110000"
        ],
        [
          "00100110100111101110000",
          "00110010100111101110000"
        ],
        [
          "10100110100110101110000",
          "11000110100110101110000"
        ],
        [
          "11000110100110101110000",
          "11010010100110101110000"
        ],
        [
          "01010000100111111110000",
          "11010000100111101110000"
        ],
        [
          "00110000100111111110000",
          "01010000100111111110000"
        ],
        [
          "00100100100111111110000",
          "00110000100111111110000"
        ],
        [
          "10100100100111101110000",
          "11000100100111101110000"
        ],
        [
          "11000100100111101110000",
          "11010000100111101110000"
        ],
        [
          "01010010100110111110000",
          "11010000100110111110000"
        ],
        [
          "00110010100110111110000",
          "01010010100110111110000"
        ],
        [
          "00100110100110111110000",
          "00110010100110111110000"
        ],
        [
          "10100100100110111110000",
          "11000100100110111110000"
        ],
        [
          "11000100100110111110000",
          "11010000100110111110000"
        ],
        [
          "00100110100111101110000",
          "00100110110110101110000"
        ],
        [
          "00100110110101101110000",
          "10100110110100101110000"
        ],
        [
          "10100110100101101110000",
          "10100110100110101110000"
        ],
        [
          "00100100100111111110000",
          "00100100110111101110000"
        ],
        [
          "00100100110111011110000",
          "10100100110111001110000"
        ],
        [
          "10100100100111011110000",
          "10100100100111101110000"
        ],
        [
          "00100100110110111110000",
          "10100100100110111110000"
        ],
        [
          "00000110110110111110000",
          "10000100110110111110000"
        ],
        [
          "00100110100110111110000",
          "10000110100110111110000"
        ]
      ],
      "before_edges": [
        [
          "01010010100111101110000",
          "11010010100110101110000"
        ],
        [
          "00110010100111101110000",
          "01010010100111101110000"
        ],
        [
          "00100110100111101110000",
          "00110010100111101110000"
        ],
        [
          "00100110100111101110000",
          "10100110100110101110000"
        ],
        [
          "10100110100110101110000",
          "11000110100110101110000"
        ],
        [
          "11000110100110101110000",
          "11010010100110101110000"
        ],
        [
          "01010000100111111110000",
          "11010000100111101110000"
        ],
        [
          "00110000100111111110000",
          "01010000100111111110000"
        ],
        [
          "00100100100111111110000",
          "00110000100111111110000"
        ],
        [
          "00100100100111111110000",
          "10100100100111101110000"
        ],
        [
          "10100100100111101110000",
          "11000100100111101110000"
        ],
        [
          "11000100100111101110000",
          "11010000100111101110000"
        ],
        [
          "01010010100110111110000",
          "11010000100110111110000"
        ],
        [
          "00110010100110111110000",
          "01010010100110111110000"
        ],
        [
          "00100110100110111110000",
          "00110010100110111110000"
        ],
        [
          "00100110100110111110000",
          "10100100100110111110000"
        ],
        [
          "10100100100110111110000",
          "11000100100110111110000"
        ],
        [
          "11000100100110111110000",
          "11010000100110111110000"
        ],
        [
          "00100110110101101110000",
          "00100110110110101110000"
        ],
        [
          "00100100110111011110000",
          "00100100110111101110000"
        ],
        [
          "00100100110110111110000",
          "10000100110110111110000"
        ],
        [
          "10100110100101101110000",
          "10100110110100101110000"
        ],
        [
          "10100100100111011110000",
          "10100100110111001110000"
        ],
        [
          "00000110110110111110000",
          "10000110100110111110000"
        ]
      ],
      "h": "00100100100110101110000",
      "k": "01010000100110101110000",
      "new_collar_edges": [
        [
          "00100110100111101110000",
          "00100110110110101110000"
        ],
        [
          "00100110110101101110000",
          "10100110110100101110000"
        ],
        [
          "10100110100101101110000",
          "10100110100110101110000"
        ],
        [
          "00100100100111111110000",
          "00100100110111101110000"
        ],
        [
          "00100100110111011110000",
          "10100100110111001110000"
        ],
        [
          "10100100100111011110000",
          "10100100100111101110000"
        ],
        [
          "00100100110110111110000",
          "10100100100110111110000"
        ],
        [
          "00000110110110111110000",
          "10000100110110111110000"
        ],
        [
          "00100110100110111110000",
          "10000110100110111110000"
        ]
      ],
      "old_collar_edges": [
        [
          "00100110110101101110000",
          "00100110110110101110000"
        ],
        [
          "10100110100101101110000",
          "10100110110100101110000"
        ],
        [
          "00100110100111101110000",
          "10100110100110101110000"
        ],
        [
          "00100100110111011110000",
          "00100100110111101110000"
        ],
        [
          "10100100100111011110000",
          "10100100110111001110000"
        ],
        [
          "00100100100111111110000",
          "10100100100111101110000"
        ],
        [
          "00100100110110111110000",
          "10000100110110111110000"
        ],
        [
          "00000110110110111110000",
          "10000110100110111110000"
        ],
        [
          "00100110100110111110000",
          "10100100100110111110000"
        ]
      ],
      "roles": [
        {
          "active": 6,
          "auxiliary_edge": [
            "10100110100101101110000",
            "10100110110100101110000"
          ],
          "collar": {
            "a": [
              "00100110110110101110000",
              "10100110110100101110000",
              "10100110100110101110000"
            ],
            "active": [
              9,
              0,
              12
            ],
            "b": [
              "00100110110101101110000",
              "10100110100101101110000",
              "00100110100111101110000"
            ],
            "core": "00100110100100101110000",
            "new": [
              [
                "00100110100111101110000",
                "00100110110110101110000"
              ],
              [
                "00100110110101101110000",
                "10100110110100101110000"
              ],
              [
                "10100110100101101110000",
                "10100110100110101110000"
              ]
            ],
            "old": [
              [
                "00100110110101101110000",
                "00100110110110101110000"
              ],
              [
                "10100110100101101110000",
                "10100110110100101110000"
              ],
              [
                "00100110100111101110000",
                "10100110100110101110000"
              ]
            ],
            "seam_y": 13
          },
          "h": "00100100100110101110000",
          "next_active": 13,
          "p": "00100110100111101110000",
          "q": "10100110100110101110000",
          "router_edge": [
            "00100110100111101110000",
            "10100110100110101110000"
          ],
          "z": 0
        },
        {
          "active": 13,
          "auxiliary_edge": [
            "10100100100111011110000",
            "10100100110111001110000"
          ],
          "collar": {
            "a": [
              "00100100110111101110000",
              "10100100110111001110000",
              "10100100100111101110000"
            ],
            "active": [
              9,
              0,
              14
            ],
            "b": [
              "00100100110111011110000",
              "10100100100111011110000",
              "00100100100111111110000"
            ],
            "core": "00100100100111001110000",
            "new": [
              [
                "00100100100111111110000",
                "00100100110111101110000"
              ],
              [
                "00100100110111011110000",
                "10100100110111001110000"
              ],
              [
                "10100100100111011110000",
                "10100100100111101110000"
              ]
            ],
            "old": [
              [
                "00100100110111011110000",
                "00100100110111101110000"
              ],
              [
                "10100100100111011110000",
                "10100100110111001110000"
              ],
              [
                "00100100100111111110000",
                "10100100100111101110000"
              ]
            ],
            "seam_y": 15
          },
          "h": "00100100100110101110000",
          "next_active": 15,
          "p": "00100100100111111110000",
          "q": "10100100100111101110000",
          "router_edge": [
            "00100100100111111110000",
            "10100100100111101110000"
          ],
          "z": 0
        },
        {
          "active": 15,
          "auxiliary_edge": [
            "00000110110110111110000",
            "10000110100110111110000"
          ],
          "collar": {
            "a": [
              "00100100110110111110000",
              "00000110110110111110000",
              "00100110100110111110000"
            ],
            "active": [
              9,
              6,
              2
            ],
            "b": [
              "10000100110110111110000",
              "10000110100110111110000",
              "10100100100110111110000"
            ],
            "core": "00000100100110111110000",
            "new": [
              [
                "00100100110110111110000",
                "10100100100110111110000"
              ],
              [
                "00000110110110111110000",
                "10000100110110111110000"
              ],
              [
                "00100110100110111110000",
                "10000110100110111110000"
              ]
            ],
            "old": [
              [
                "00100100110110111110000",
                "10000100110110111110000"
              ],
              [
                "00000110110110111110000",
                "10000110100110111110000"
              ],
              [
                "00100110100110111110000",
                "10100100100110111110000"
              ]
            ],
            "seam_y": 0
          },
          "h": "00100100100110101110000",
          "next_active": 6,
          "p": "00100110100110111110000",
          "q": "10100100100110111110000",
          "router_edge": [
            "00100110100110111110000",
            "10100100100110111110000"
          ],
          "z": 0
        }
      ],
      "router_cycles": [
        [
          "11010010100110101110000",
          "01010010100111101110000",
          "00110010100111101110000",
          "00100110100111101110000",
          "10100110100110101110000",
          "11000110100110101110000"
        ],
        [
          "11010000100111101110000",
          "01010000100111111110000",
          "00110000100111111110000",
          "00100100100111111110000",
          "10100100100111101110000",
          "11000100100111101110000"
        ],
        [
          "11010000100110111110000",
          "01010010100110111110000",
          "00110010100110111110000",
          "00100110100110111110000",
          "10100100100110111110000",
          "11000100100110111110000"
        ]
      ],
      "token_permutation": [
        2,
        1,
        0
      ],
      "x1": 1,
      "x2": 3,
      "y1": 2,
      "y2": 5,
      "z": 0
    },
    {
      "active": [
        6,
        13,
        15
      ],
      "after_edges": [
        [
          "01010010110111101010000",
          "11010010110110101010000"
        ],
        [
          "00110010110111101010000",
          "01010010110111101010000"
        ],
        [
          "00100110110111101010000",
          "00110010110111101010000"
        ],
        [
          "10100110110110101010000",
          "11000110110110101010000"
        ],
        [
          "11000110110110101010000",
          "11010010110110101010000"
        ],
        [
          "01010000110111111010000",
          "11010000110111101010000"
        ],
        [
          "00110000110111111010000",
          "01010000110111111010000"
        ],
        [
          "00100100110111111010000",
          "00110000110111111010000"
        ],
        [
          "10100100110111101010000",
          "11000100110111101010000"
        ],
        [
          "11000100110111101010000",
          "11010000110111101010000"
        ],
        [
          "01010010110110111010000",
          "11010000110110111010000"
        ],
        [
          "00110010110110111010000",
          "01010010110110111010000"
        ],
        [
          "00100110110110111010000",
          "00110010110110111010000"
        ],
        [
          "10100100110110111010000",
          "11000100110110111010000"
        ],
        [
          "11000100110110111010000",
          "11010000110110111010000"
        ],
        [
          "00100110110110101110000",
          "00100110110111101010000"
        ],
        [
          "00100110110101101110000",
          "10100110110100101110000"
        ],
        [
          "10100110110101101010000",
          "10100110110110101010000"
        ],
        [
          "00100100110111101110000",
          "00100100110111111010000"
        ],
        [
          "00100100110111011110000",
          "10100100110111001110000"
        ],
        [
          "10100100110111011010000",
          "10100100110111101010000"
        ],
        [
          "00100100110110111110000",
          "10100100110110111010000"
        ],
        [
          "00000110110110111110000",
          "10000100110110111110000"
        ],
        [
          "00100110110110111010000",
          "10000110110110111010000"
        ]
      ],
      "before_edges": [
        [
          "01010010110111101010000",
          "11010010110110101010000"
        ],
        [
          "00110010110111101010000",
          "01010010110111101010000"
        ],
        [
          "00100110110111101010000",
          "00110010110111101010000"
        ],
        [
          "00100110110111101010000",
          "10100110110110101010000"
        ],
        [
          "10100110110110101010000",
          "11000110110110101010000"
        ],
        [
          "11000110110110101010000",
          "11010010110110101010000"
        ],
        [
          "01010000110111111010000",
          "11010000110111101010000"
        ],
        [
          "00110000110111111010000",
          "01010000110111111010000"
        ],
        [
          "00100100110111111010000",
          "00110000110111111010000"
        ],
        [
          "00100100110111111010000",
          "10100100110111101010000"
        ],
        [
          "10100100110111101010000",
          "11000100110111101010000"
        ],
        [
          "11000100110111101010000",
          "11010000110111101010000"
        ],
        [
          "01010010110110111010000",
          "11010000110110111010000"
        ],
        [
          "00110010110110111010000",
          "01010010110110111010000"
        ],
        [
          "00100110110110111010000",
          "00110010110110111010000"
        ],
        [
          "00100110110110111010000",
          "10100100110110111010000"
        ],
        [
          "10100100110110111010000",
          "11000100110110111010000"
        ],
        [
          "11000100110110111010000",
          "11010000110110111010000"
        ],
        [
          "00100110110101101110000",
          "00100110110110101110000"
        ],
        [
          "00100100110111011110000",
          "00100100110111101110000"
        ],
        [
          "00100100110110111110000",
          "10000100110110111110000"
        ],
        [
          "10100110110100101110000",
          "10100110110101101010000"
        ],
        [
          "10100100110111001110000",
          "10100100110111011010000"
        ],
        [
          "00000110110110111110000",
          "10000110110110111010000"
        ]
      ],
      "h": "00100100110110101010000",
      "k": "01010000110110101010000",
      "new_collar_edges": [
        [
          "00100110110110101110000",
          "00100110110111101010000"
        ],
        [
          "00100110110101101110000",
          "10100110110100101110000"
        ],
        [
          "10100110110101101010000",
          "10100110110110101010000"
        ],
        [
          "00100100110111101110000",
          "00100100110111111010000"
        ],
        [
          "00100100110111011110000",
          "10100100110111001110000"
        ],
        [
          "10100100110111011010000",
          "10100100110111101010000"
        ],
        [
          "00100100110110111110000",
          "10100100110110111010000"
        ],
        [
          "00000110110110111110000",
          "10000100110110111110000"
        ],
        [
          "00100110110110111010000",
          "10000110110110111010000"
        ]
      ],
      "old_collar_edges": [
        [
          "00100110110101101110000",
          "00100110110110101110000"
        ],
        [
          "10100110110100101110000",
          "10100110110101101010000"
        ],
        [
          "00100110110111101010000",
          "10100110110110101010000"
        ],
        [
          "00100100110111011110000",
          "00100100110111101110000"
        ],
        [
          "10100100110111001110000",
          "10100100110111011010000"
        ],
        [
          "00100100110111111010000",
          "10100100110111101010000"
        ],
        [
          "00100100110110111110000",
          "10000100110110111110000"
        ],
        [
          "00000110110110111110000",
          "10000110110110111010000"
        ],
        [
          "00100110110110111010000",
          "10100100110110111010000"
        ]
      ],
      "roles": [
        {
          "active": 6,
          "auxiliary_edge": [
            "10100110110100101110000",
            "10100110110101101010000"
          ],
          "collar": {
            "a": [
              "00100110110110101110000",
              "10100110110100101110000",
              "10100110110110101010000"
            ],
            "active": [
              17,
              0,
              12
            ],
            "b": [
              "00100110110101101110000",
              "10100110110101101010000",
              "00100110110111101010000"
            ],
            "core": "00100110110100101010000",
            "new": [
              [
                "00100110110110101110000",
                "00100110110111101010000"
              ],
              [
                "00100110110101101110000",
                "10100110110100101110000"
              ],
              [
                "10100110110101101010000",
                "10100110110110101010000"
              ]
            ],
            "old": [
              [
                "00100110110101101110000",
                "00100110110110101110000"
              ],
              [
                "10100110110100101110000",
                "10100110110101101010000"
              ],
              [
                "00100110110111101010000",
                "10100110110110101010000"
              ]
            ],
            "seam_y": 13
          },
          "h": "00100100110110101010000",
          "next_active": 13,
          "p": "00100110110111101010000",
          "q": "10100110110110101010000",
          "router_edge": [
            "00100110110111101010000",
            "10100110110110101010000"
          ],
          "z": 0
        },
        {
          "active": 13,
          "auxiliary_edge": [
            "10100100110111001110000",
            "10100100110111011010000"
          ],
          "collar": {
            "a": [
              "00100100110111101110000",
              "10100100110111001110000",
              "10100100110111101010000"
            ],
            "active": [
              17,
              0,
              14
            ],
            "b": [
              "00100100110111011110000",
              "10100100110111011010000",
              "00100100110111111010000"
            ],
            "core": "00100100110111001010000",
            "new": [
              [
                "00100100110111101110000",
                "00100100110111111010000"
              ],
              [
                "00100100110111011110000",
                "10100100110111001110000"
              ],
              [
                "10100100110111011010000",
                "10100100110111101010000"
              ]
            ],
            "old": [
              [
                "00100100110111011110000",
                "00100100110111101110000"
              ],
              [
                "10100100110111001110000",
                "10100100110111011010000"
              ],
              [
                "00100100110111111010000",
                "10100100110111101010000"
              ]
            ],
            "seam_y": 15
          },
          "h": "00100100110110101010000",
          "next_active": 15,
          "p": "00100100110111111010000",
          "q": "10100100110111101010000",
          "router_edge": [
            "00100100110111111010000",
            "10100100110111101010000"
          ],
          "z": 0
        },
        {
          "active": 15,
          "auxiliary_edge": [
            "00000110110110111110000",
            "10000110110110111010000"
          ],
          "collar": {
            "a": [
              "00100100110110111110000",
              "00000110110110111110000",
              "00100110110110111010000"
            ],
            "active": [
              17,
              6,
              2
            ],
            "b": [
              "10000100110110111110000",
              "10000110110110111010000",
              "10100100110110111010000"
            ],
            "core": "00000100110110111010000",
            "new": [
              [
                "00100100110110111110000",
                "10100100110110111010000"
              ],
              [
                "00000110110110111110000",
                "10000100110110111110000"
              ],
              [
                "00100110110110111010000",
                "10000110110110111010000"
              ]
            ],
            "old": [
              [
                "00100100110110111110000",
                "10000100110110111110000"
              ],
              [
                "00000110110110111110000",
                "10000110110110111010000"
              ],
              [
                "00100110110110111010000",
                "10100100110110111010000"
              ]
            ],
            "seam_y": 0
          },
          "h": "00100100110110101010000",
          "next_active": 6,
          "p": "00100110110110111010000",
          "q": "10100100110110111010000",
          "router_edge": [
            "00100110110110111010000",
            "10100100110110111010000"
          ],
          "z": 0
        }
      ],
      "router_cycles": [
        [
          "11010010110110101010000",
          "01010010110111101010000",
          "00110010110111101010000",
          "00100110110111101010000",
          "10100110110110101010000",
          "11000110110110101010000"
        ],
        [
          "11010000110111101010000",
          "01010000110111111010000",
          "00110000110111111010000",
          "00100100110111111010000",
          "10100100110111101010000",
          "11000100110111101010000"
        ],
        [
          "11010000110110111010000",
          "01010010110110111010000",
          "00110010110110111010000",
          "00100110110110111010000",
          "10100100110110111010000",
          "11000100110110111010000"
        ]
      ],
      "token_permutation": [
        2,
        1,
        0
      ],
      "x1": 1,
      "x2": 3,
      "y1": 2,
      "y2": 5,
      "z": 0
    },
    {
      "active": [
        6,
        13,
        15
      ],
      "after_edges": [
        [
          "01010010010111101110000",
          "11010010010110101110000"
        ],
        [
          "00110010010111101110000",
          "01010010010111101110000"
        ],
        [
          "00100110010111101110000",
          "00110010010111101110000"
        ],
        [
          "10100110010110101110000",
          "11000110010110101110000"
        ],
        [
          "11000110010110101110000",
          "11010010010110101110000"
        ],
        [
          "01010000010111111110000",
          "11010000010111101110000"
        ],
        [
          "00110000010111111110000",
          "01010000010111111110000"
        ],
        [
          "00100100010111111110000",
          "00110000010111111110000"
        ],
        [
          "10100100010111101110000",
          "11000100010111101110000"
        ],
        [
          "11000100010111101110000",
          "11010000010111101110000"
        ],
        [
          "01010010010110111110000",
          "11010000010110111110000"
        ],
        [
          "00110010010110111110000",
          "01010010010110111110000"
        ],
        [
          "00100110010110111110000",
          "00110010010110111110000"
        ],
        [
          "10100100010110111110000",
          "11000100010110111110000"
        ],
        [
          "11000100010110111110000",
          "11010000010110111110000"
        ],
        [
          "00100110010111101110000",
          "00100110110110101110000"
        ],
        [
          "00100110110101101110000",
          "10100110110100101110000"
        ],
        [
          "10100110010101101110000",
          "10100110010110101110000"
        ],
        [
          "00100100010111111110000",
          "00100100110111101110000"
        ],
        [
          "00100100110111011110000",
          "10100100110111001110000"
        ],
        [
          "10100100010111011110000",
          "10100100010111101110000"
        ],
        [
          "00100100110110111110000",
          "10100100010110111110000"
        ],
        [
          "00000110110110111110000",
          "10000100110110111110000"
        ],
        [
          "00100110010110111110000",
          "10000110010110111110000"
        ]
      ],
      "before_edges": [
        [
          "01010010010111101110000",
          "11010010010110101110000"
        ],
        [
          "00110010010111101110000",
          "01010010010111101110000"
        ],
        [
          "00100110010111101110000",
          "00110010010111101110000"
        ],
        [
          "00100110010111101110000",
          "10100110010110101110000"
        ],
        [
          "10100110010110101110000",
          "11000110010110101110000"
        ],
        [
          "11000110010110101110000",
          "11010010010110101110000"
        ],
        [
          "01010000010111111110000",
          "11010000010111101110000"
        ],
        [
          "00110000010111111110000",
          "01010000010111111110000"
        ],
        [
          "00100100010111111110000",
          "00110000010111111110000"
        ],
        [
          "00100100010111111110000",
          "10100100010111101110000"
        ],
        [
          "10100100010111101110000",
          "11000100010111101110000"
        ],
        [
          "11000100010111101110000",
          "11010000010111101110000"
        ],
        [
          "01010010010110111110000",
          "11010000010110111110000"
        ],
        [
          "00110010010110111110000",
          "01010010010110111110000"
        ],
        [
          "00100110010110111110000",
          "00110010010110111110000"
        ],
        [
          "00100110010110111110000",
          "10100100010110111110000"
        ],
        [
          "10100100010110111110000",
          "11000100010110111110000"
        ],
        [
          "11000100010110111110000",
          "11010000010110111110000"
        ],
        [
          "00100110110101101110000",
          "00100110110110101110000"
        ],
        [
          "00100100110111011110000",
          "00100100110111101110000"
        ],
        [
          "00100100110110111110000",
          "10000100110110111110000"
        ],
        [
          "10100110010101101110000",
          "10100110110100101110000"
        ],
        [
          "10100100010111011110000",
          "10100100110111001110000"
        ],
        [
          "00000110110110111110000",
          "10000110010110111110000"
        ]
      ],
      "h": "00100100010110101110000",
      "k": "01010000010110101110000",
      "new_collar_edges": [
        [
          "00100110010111101110000",
          "00100110110110101110000"
        ],
        [
          "00100110110101101110000",
          "10100110110100101110000"
        ],
        [
          "10100110010101101110000",
          "10100110010110101110000"
        ],
        [
          "00100100010111111110000",
          "00100100110111101110000"
        ],
        [
          "00100100110111011110000",
          "10100100110111001110000"
        ],
        [
          "10100100010111011110000",
          "10100100010111101110000"
        ],
        [
          "00100100110110111110000",
          "10100100010110111110000"
        ],
        [
          "00000110110110111110000",
          "10000100110110111110000"
        ],
        [
          "00100110010110111110000",
          "10000110010110111110000"
        ]
      ],
      "old_collar_edges": [
        [
          "00100110110101101110000",
          "00100110110110101110000"
        ],
        [
          "10100110010101101110000",
          "10100110110100101110000"
        ],
        [
          "00100110010111101110000",
          "10100110010110101110000"
        ],
        [
          "00100100110111011110000",
          "00100100110111101110000"
        ],
        [
          "10100100010111011110000",
          "10100100110111001110000"
        ],
        [
          "00100100010111111110000",
          "10100100010111101110000"
        ],
        [
          "00100100110110111110000",
          "10000100110110111110000"
        ],
        [
          "00000110110110111110000",
          "10000110010110111110000"
        ],
        [
          "00100110010110111110000",
          "10100100010110111110000"
        ]
      ],
      "roles": [
        {
          "active": 6,
          "auxiliary_edge": [
            "10100110010101101110000",
            "10100110110100101110000"
          ],
          "collar": {
            "a": [
              "00100110110110101110000",
              "10100110110100101110000",
              "10100110010110101110000"
            ],
            "active": [
              8,
              0,
              12
            ],
            "b": [
              "00100110110101101110000",
              "10100110010101101110000",
              "00100110010111101110000"
            ],
            "core": "00100110010100101110000",
            "new": [
              [
                "00100110010111101110000",
                "00100110110110101110000"
              ],
              [
                "00100110110101101110000",
                "10100110110100101110000"
              ],
              [
                "10100110010101101110000",
                "10100110010110101110000"
              ]
            ],
            "old": [
              [
                "00100110110101101110000",
                "00100110110110101110000"
              ],
              [
                "10100110010101101110000",
                "10100110110100101110000"
              ],
              [
                "00100110010111101110000",
                "10100110010110101110000"
              ]
            ],
            "seam_y": 13
          },
          "h": "00100100010110101110000",
          "next_active": 13,
          "p": "00100110010111101110000",
          "q": "10100110010110101110000",
          "router_edge": [
            "00100110010111101110000",
            "10100110010110101110000"
          ],
          "z": 0
        },
        {
          "active": 13,
          "auxiliary_edge": [
            "10100100010111011110000",
            "10100100110111001110000"
          ],
          "collar": {
            "a": [
              "00100100110111101110000",
              "10100100110111001110000",
              "10100100010111101110000"
            ],
            "active": [
              8,
              0,
              14
            ],
            "b": [
              "00100100110111011110000",
              "10100100010111011110000",
              "00100100010111111110000"
            ],
            "core": "00100100010111001110000",
            "new": [
              [
                "00100100010111111110000",
                "00100100110111101110000"
              ],
              [
                "00100100110111011110000",
                "10100100110111001110000"
              ],
              [
                "10100100010111011110000",
                "10100100010111101110000"
              ]
            ],
            "old": [
              [
                "00100100110111011110000",
                "00100100110111101110000"
              ],
              [
                "10100100010111011110000",
                "10100100110111001110000"
              ],
              [
                "00100100010111111110000",
                "10100100010111101110000"
              ]
            ],
            "seam_y": 15
          },
          "h": "00100100010110101110000",
          "next_active": 15,
          "p": "00100100010111111110000",
          "q": "10100100010111101110000",
          "router_edge": [
            "00100100010111111110000",
            "10100100010111101110000"
          ],
          "z": 0
        },
        {
          "active": 15,
          "auxiliary_edge": [
            "00000110110110111110000",
            "10000110010110111110000"
          ],
          "collar": {
            "a": [
              "00100100110110111110000",
              "00000110110110111110000",
              "00100110010110111110000"
            ],
            "active": [
              8,
              6,
              2
            ],
            "b": [
              "10000100110110111110000",
              "10000110010110111110000",
              "10100100010110111110000"
            ],
            "core": "00000100010110111110000",
            "new": [
              [
                "00100100110110111110000",
                "10100100010110111110000"
              ],
              [
                "00000110110110111110000",
                "10000100110110111110000"
              ],
              [
                "00100110010110111110000",
                "10000110010110111110000"
              ]
            ],
            "old": [
              [
                "00100100110110111110000",
                "10000100110110111110000"
              ],
              [
                "00000110110110111110000",
                "10000110010110111110000"
              ],
              [
                "00100110010110111110000",
                "10100100010110111110000"
              ]
            ],
            "seam_y": 0
          },
          "h": "00100100010110101110000",
          "next_active": 6,
          "p": "00100110010110111110000",
          "q": "10100100010110111110000",
          "router_edge": [
            "00100110010110111110000",
            "10100100010110111110000"
          ],
          "z": 0
        }
      ],
      "router_cycles": [
        [
          "11010010010110101110000",
          "01010010010111101110000",
          "00110010010111101110000",
          "00100110010111101110000",
          "10100110010110101110000",
          "11000110010110101110000"
        ],
        [
          "11010000010111101110000",
          "01010000010111111110000",
          "00110000010111111110000",
          "00100100010111111110000",
          "10100100010111101110000",
          "11000100010111101110000"
        ],
        [
          "11010000010110111110000",
          "01010010010110111110000",
          "00110010010110111110000",
          "00100110010110111110000",
          "10100100010110111110000",
          "11000100010110111110000"
        ]
      ],
      "token_permutation": [
        2,
        1,
        0
      ],
      "x1": 1,
      "x2": 3,
      "y1": 2,
      "y2": 5,
      "z": 0
    }
  ]
}
